route,origin,dest,distance_mi,scheduled_flights,carriers,on_time_pct,avg_arr_delay_min,p90_arr_delay_min,cancellation_rate_pct
LNK-ORD,LNK,ORD,466.0,1585,1,75.23,17.83,71.0,3.344
HLN-DEN,HLN,DEN,594.0,814,1,82.21,6.38,55.0,0.491
SFO-OMA,SFO,OMA,1433.0,369,2,71.43,10.51,60.4,0.813
ASE-DEN,ASE,DEN,125.0,2725,1,76.26,13.9,86.0,4.991
DEN-BOI,DEN,BOI,649.0,3037,4,76.85,7.18,39.0,0.099
ASE-LAX,ASE,LAX,737.0,1235,1,72.58,20.07,96.6,6.802
LAX-BOI,LAX,BOI,674.0,1375,2,89.43,-7.27,16.9,0.073
DRO-DEN,DRO,DEN,251.0,2187,2,82.59,3.53,41.0,1.097
XWA-DEN,XWA,DEN,582.0,1371,1,76.64,14.11,68.0,1.313
DEN-BZN,DEN,BZN,524.0,2721,3,78.89,5.82,39.2,0.294
SHV-IAH,SHV,IAH,192.0,1201,1,76.6,13.23,48.3,0.999
ORD-ICT,ORD,ICT,588.0,2189,5,66.96,18.44,79.6,2.65
DEN-FAT,DEN,FAT,844.0,1452,3,80.98,3.04,32.0,0.069
ORD-BIL,ORD,BIL,1060.0,316,2,88.5,-4.86,16.0,0.316
ILM-ORD,ILM,ORD,760.0,542,4,79.55,9.65,44.6,2.214
FCA-DEN,FCA,DEN,752.0,1010,2,84.78,1.81,31.0,0.99
PSP-DEN,PSP,DEN,776.0,2027,4,82.26,4.08,35.0,0.789
DEN-GJT,DEN,GJT,212.0,2256,2,79.76,6.48,44.0,1.152
CAK-ORD,CAK,ORD,344.0,2026,3,73.3,20.62,104.0,5.38
PHX-BOI,PHX,BOI,735.0,2015,5,80.54,4.33,34.0,0.347
MKE-ORD,MKE,ORD,67.0,5268,4,68.47,21.94,91.0,4.48
SBP-PHX,SBP,PHX,509.0,1258,3,81.93,16.76,36.0,0.954
AEX-DFW,AEX,DFW,285.0,1045,2,83.23,4.3,34.0,3.923
FSD-ORD,FSD,ORD,462.0,1801,5,68.89,20.97,91.0,3.776
PHX-OKC,PHX,OKC,833.0,1837,4,76.21,8.85,46.0,0.925
DFW-SHV,DFW,SHV,190.0,2125,3,75.84,11.72,60.0,3.718
MSN-ORD,MSN,ORD,108.0,4103,5,72.65,17.33,69.0,3.875
ORD-MSN,ORD,MSN,108.0,4103,5,72.0,16.12,67.0,3.778
FNT-ORD,FNT,ORD,223.0,1918,1,66.67,33.05,112.0,4.223
ORD-MHK,ORD,MHK,501.0,572,2,67.88,26.35,88.0,4.021
ORD-FNT,ORD,FNT,223.0,1918,1,64.94,29.24,108.7,4.327
DFW-SBN,DFW,SBN,846.0,984,2,73.83,13.53,70.8,1.829
BOI-PHX,BOI,PHX,735.0,2014,5,83.61,3.12,31.0,0.397
ORD-BTV,ORD,BTV,763.0,1248,4,69.76,17.59,66.0,2.003
TVC-ORD,TVC,ORD,224.0,2768,5,71.37,21.96,88.0,5.166
ORD-STL,ORD,STL,258.0,3090,5,72.07,14.25,65.0,2.945
LEX-ORD,LEX,ORD,323.0,1710,3,73.4,18.33,78.0,3.158
STL-ORD,STL,ORD,258.0,3090,5,72.64,19.04,70.0,3.56
BTV-ORD,BTV,ORD,763.0,1248,4,68.06,24.69,68.0,1.923
LAX-AUS,LAX,AUS,1242.0,4077,6,77.9,6.7,43.0,0.662
CRP-DFW,CRP,DFW,355.0,2512,3,81.39,8.59,43.0,2.906
ORD-CMH,ORD,CMH,296.0,4933,6,74.62,11.43,63.0,2.777
MCI-ORD,MCI,ORD,403.0,4197,6,75.73,16.74,67.0,2.859
CLE-ORD,CLE,ORD,316.0,4867,5,75.39,12.63,56.0,3.472
ORD-CLE,ORD,CLE,316.0,4867,5,71.25,16.05,71.0,3.103
ORD-SGF,ORD,SGF,438.0,1466,2,76.01,6.77,57.4,2.865
LAX-DEN,LAX,DEN,862.0,7708,5,81.95,2.87,36.0,0.454
CLT-BHM,CLT,BHM,350.0,1757,4,82.34,2.98,38.0,1.594
LAX-OKC,LAX,OKC,1187.0,929,2,86.7,-0.02,22.4,0.861
DFW-DRO,DFW,DRO,674.0,1373,2,76.92,6.99,55.2,2.258
SPI-ORD,SPI,ORD,174.0,707,2,81.41,5.98,57.0,3.395
CLL-DFW,CLL,DFW,164.0,1213,2,85.2,4.3,32.5,2.968
DFW-FLG,DFW,FLG,853.0,435,2,74.7,16.88,69.0,3.448
SFO-PHX,SFO,PHX,651.0,4690,5,73.9,12.81,54.0,0.768
ORD-DTW,ORD,DTW,235.0,5953,7,71.81,16.71,75.0,3.242
GRK-DFW,GRK,DFW,134.0,1907,2,81.07,6.9,43.4,4.51
ELP-ORD,ELP,ORD,1236.0,727,5,83.83,1.55,28.0,1.788
ORD-PWM,ORD,PWM,900.0,1494,4,74.62,9.8,52.0,2.61
DFW-ACT,DFW,ACT,90.0,1073,2,80.7,6.18,38.0,3.914
SEA-PHX,SEA,PHX,1107.0,7225,7,78.74,5.1,36.0,0.706
PHX-DRO,PHX,DRO,352.0,991,1,79.94,9.98,48.4,0.404
RST-ORD,RST,ORD,268.0,1057,2,66.8,25.5,92.5,4.73
ROW-DFW,ROW,DFW,435.0,827,2,83.62,8.19,40.0,2.418
ORD-LEX,ORD,LEX,323.0,1709,3,70.75,20.05,73.0,3.218
PHX-ONT,PHX,ONT,325.0,3027,4,77.16,7.43,43.0,0.496
BOI-SEA,BOI,SEA,399.0,3761,2,85.23,-2.49,26.0,0.372
GEG-SEA,GEG,SEA,224.0,5024,3,85.97,-0.1,23.0,1.035
SEA-GEG,SEA,GEG,224.0,5062,3,83.13,1.25,30.0,0.968
SAN-MRY,SAN,MRY,375.0,540,1,79.26,1.19,30.0,4.074
GEG-PDX,GEG,PDX,279.0,1028,2,86.06,1.12,24.0,0.875
SEA-EUG,SEA,EUG,234.0,1930,2,84.77,0.93,25.0,1.295
JAC-SFO,JAC,SFO,737.0,343,2,58.46,24.59,80.8,1.458
PSP-SFO,PSP,SFO,421.0,2566,4,63.24,19.35,75.0,0.857
SFO-RDM,SFO,RDM,462.0,1304,2,76.8,7.75,50.0,0.997
SAN-STS,SAN,STS,508.0,1014,2,78.27,0.61,41.0,3.452
SBA-SEA,SBA,SEA,908.0,363,2,79.17,2.59,38.2,0.826
SEA-FAT,SEA,FAT,748.0,925,2,83.19,1.74,29.0,0.865
EUG-PDX,EUG,PDX,105.0,579,1,90.72,-1.91,13.0,1.382
PDX-RNO,PDX,RNO,444.0,310,2,91.91,-4.07,9.2,0.0
SEA-SMF,SEA,SMF,605.0,4381,3,82.04,1.74,29.0,0.365
PDX-SMF,PDX,SMF,479.0,1966,3,82.18,3.69,33.0,0.254
BUR-SFO,BUR,SFO,326.0,3066,3,62.19,18.4,82.0,1.207
SFO-PSP,SFO,PSP,421.0,2547,4,75.71,10.98,61.0,1.021
SLC-PDX,SLC,PDX,630.0,2375,4,88.59,-3.08,18.0,1.137
PDX-SJC,PDX,SJC,569.0,1672,3,82.05,3.67,32.0,0.239
PDX-STS,PDX,STS,489.0,640,2,84.32,1.01,28.6,0.469
SEA-SBA,SEA,SBA,908.0,363,2,82.17,3.96,29.0,0.826
STS-SEA,STS,SEA,618.0,463,2,76.59,4.6,39.0,1.296
BOI-SJC,BOI,SJC,523.0,658,2,85.84,0.04,23.0,0.152
PSP-PDX,PSP,PDX,873.0,737,2,94.34,-8.98,7.0,1.764
SJC-SAN,SJC,SAN,417.0,4986,4,70.69,10.86,46.0,1.003
SEA-RDM,SEA,RDM,228.0,1907,2,84.87,-1.66,23.1,1.678
SEA-OAK,SEA,OAK,672.0,1895,3,74.02,7.81,42.0,0.686
SEA-RNO,SEA,RNO,564.0,902,2,78.7,3.98,35.0,0.998
BOI-LAX,BOI,LAX,674.0,1373,2,92.85,-5.73,11.0,0.218
PSC-SLC,PSC,SLC,521.0,1178,2,93.79,-5.24,5.0,0.17
LAS-SNA,LAS,SNA,226.0,4150,4,81.86,2.31,31.0,0.651
PHX-LAX,PHX,LAX,370.0,7606,7,82.08,3.45,33.0,0.631
SLC-SUN,SLC,SUN,222.0,1078,1,93.22,-8.26,6.9,0.742
RDM-SLC,RDM,SLC,525.0,729,1,91.27,-1.06,12.0,0.823
SJC-SLC,SJC,SLC,584.0,1801,3,92.08,-7.34,9.0,0.444
DTW-ATW,DTW,ATW,296.0,1069,2,76.22,13.39,84.4,1.403
MSP-AUS,MSP,AUS,1042.0,1675,3,79.19,1.6,40.8,0.716
SDF-DTW,SDF,DTW,306.0,1128,4,82.92,10.82,45.0,0.887
LWS-SLC,LWS,SLC,461.0,365,1,92.88,-2.78,6.0,0.0
GEG-LAX,GEG,LAX,945.0,878,3,90.84,-3.99,13.0,0.569
CVG-MSP,CVG,MSP,596.0,827,2,86.46,1.2,23.0,0.846
PSP-SLC,PSP,SLC,541.0,1078,2,92.92,-5.96,7.0,0.371
ATL-SBN,ATL,SBN,566.0,1029,2,73.98,21.28,86.0,1.944
SBN-ATL,SBN,ATL,566.0,1029,2,76.42,19.4,70.0,2.138
XNA-SLC,XNA,SLC,1004.0,362,1,89.44,-2.13,16.0,0.552
SNA-LAS,SNA,LAS,226.0,4146,4,83.14,2.41,33.0,0.603
SFO-SEA,SFO,SEA,679.0,6797,5,73.18,7.72,49.0,1.059
ATL-ABY,ATL,ABY,145.0,307,1,79.07,14.83,59.0,1.954
SLC-AUS,SLC,AUS,1086.0,1784,3,82.63,1.62,31.0,0.673
DTW-MSN,DTW,MSN,311.0,903,2,74.58,13.27,68.0,0.886
MEM-MSP,MEM,MSP,700.0,900,2,86.5,1.41,24.0,1.111
MSP-MEM,MSP,MEM,700.0,900,2,82.15,0.96,31.0,1.0
SJC-LAS,SJC,LAS,386.0,3750,5,80.54,4.96,38.0,0.453
DTW-LAN,DTW,LAN,74.0,858,1,74.38,18.86,81.0,0.816
JAC-SLC,JAC,SLC,205.0,1217,2,87.38,-0.87,22.0,0.986
SHV-ATL,SHV,ATL,552.0,1517,1,82.8,10.57,55.0,2.703
COS-SLC,COS,SLC,411.0,721,1,93.32,-8.7,7.2,0.139
PIH-SLC,PIH,SLC,149.0,448,1,93.96,-8.91,4.0,0.223
SEA-BZN,SEA,BZN,543.0,1574,3,82.43,2.29,30.0,0.445
DTW-CHS,DTW,CHS,667.0,571,4,77.18,9.78,52.0,1.576
DTW-OMA,DTW,OMA,650.0,1145,2,75.37,14.41,71.0,0.611
LGA-BNA,LGA,BNA,764.0,3781,5,71.59,10.61,63.0,4.84
DTW-MBS,DTW,MBS,98.0,1055,1,78.43,12.1,65.0,1.043
MBS-DTW,MBS,DTW,98.0,1055,1,80.94,9.98,60.7,0.948
GSP-DTW,GSP,DTW,508.0,550,2,87.29,-1.07,22.6,2.727
SAV-DTW,SAV,DTW,705.0,595,2,79.69,13.69,47.0,1.345
DTW-ELM,DTW,ELM,331.0,925,1,76.91,14.47,63.7,1.189
ECP-AUS,ECP,AUS,710.0,623,3,78.49,8.5,48.8,0.0
AUS-JAX,AUS,JAX,953.0,650,2,81.75,4.63,40.0,0.769
JAX-AUS,JAX,AUS,953.0,650,2,77.19,12.65,47.0,1.231
MSP-GRR,MSP,GRR,408.0,1248,2,79.89,5.23,45.4,1.042
IAD-DTW,IAD,DTW,383.0,1133,4,77.62,14.41,65.0,1.236
GRR-DTW,GRR,DTW,120.0,1591,3,79.12,12.25,72.0,0.88
SNA-SEA,SNA,SEA,978.0,3956,3,85.52,-2.6,24.0,1.036
FCA-SLC,FCA,SLC,532.0,1111,2,90.81,-0.53,12.0,0.9
SLC-SBA,SLC,SBA,615.0,1060,2,92.73,-7.14,10.0,0.755
SBN-DTW,SBN,DTW,157.0,711,1,79.63,17.9,85.0,1.125
LAS-SMF,LAS,SMF,397.0,4123,4,78.51,4.6,40.0,0.485
SBN-MSP,SBN,MSP,411.0,365,1,83.84,12.96,48.0,1.37
ATL-TRI,ATL,TRI,227.0,520,2,81.32,9.95,43.7,0.962
DTW-MDW,DTW,MDW,228.0,1256,2,75.57,9.47,36.5,1.194
MCI-MSP,MCI,MSP,393.0,1053,2,82.26,5.27,38.4,1.425
AUS-SLC,AUS,SLC,1086.0,1785,3,82.04,5.75,38.0,0.728
MSP-STL,MSP,STL,448.0,1936,3,80.29,3.96,36.8,0.878
ABY-ATL,ABY,ATL,145.0,308,1,82.45,4.28,64.7,1.948
LEX-DTW,LEX,DTW,296.0,788,2,83.8,9.18,51.3,1.142
TUL-SLC,TUL,SLC,926.0,403,1,92.25,-6.81,8.0,0.744
SLC-BOI,SLC,BOI,290.0,1741,2,86.73,-1.15,20.0,0.804
AUS-BNA,AUS,BNA,756.0,3001,2,75.63,10.43,48.0,0.633
DTW-GRB,DTW,GRB,287.0,875,2,72.37,18.34,92.5,2.057
MEM-DTW,MEM,DTW,610.0,1010,4,82.76,8.4,49.9,1.683
OKC-LGA,OKC,LGA,1341.0,775,2,80.35,9.97,45.0,4.645
CIU-DTW,CIU,DTW,285.0,363,1,83.82,3.16,49.2,6.336
ABR-MSP,ABR,MSP,257.0,754,1,89.22,3.73,18.0,1.459
DTW-APN,DTW,APN,198.0,631,1,82.3,3.55,47.8,4.437
SLC-SGU,SLC,SGU,272.0,1717,1,91.88,-5.18,10.0,0.175
SLC-EKO,SLC,EKO,200.0,578,1,93.02,-3.2,7.0,0.692
XWA-MSP,XWA,MSP,553.0,1039,1,80.02,13.45,75.0,1.732
MSP-IMT,MSP,IMT,257.0,363,1,77.23,10.68,82.4,3.857
DTW-CIU,DTW,CIU,285.0,363,1,72.4,21.95,88.4,6.612
IMT-MSP,IMT,MSP,257.0,363,1,73.5,26.1,129.0,3.306
MQT-DTW,MQT,DTW,349.0,364,1,79.53,16.88,99.0,6.044
MOT-DEN,MOT,DEN,604.0,1108,1,79.06,11.81,52.2,1.264
BIS-DEN,BIS,DEN,516.0,1466,1,79.7,9.92,58.3,0.614
DEN-COS,DEN,COS,73.0,5008,3,76.54,8.55,53.0,1.158
ASE-SFO,ASE,SFO,848.0,376,1,61.76,26.75,115.0,5.585
DEN-CPR,DEN,CPR,230.0,2600,1,77.68,10.54,53.0,0.846
SFO-BFL,SFO,BFL,238.0,581,1,69.62,19.05,64.5,0.688
IAH-MAF,IAH,MAF,429.0,778,2,80.21,3.66,44.4,0.386
DEN-GUC,DEN,GUC,152.0,994,1,80.87,8.28,43.8,0.704
BHM-DEN,BHM,DEN,1083.0,1218,3,83.11,1.88,35.0,0.164
DEN-RDD,DEN,RDD,932.0,332,1,76.67,6.87,30.2,0.0
DEN-MAF,DEN,MAF,563.0,1504,2,78.01,6.73,49.0,0.864
BNA-IAH,BNA,IAH,657.0,1409,3,83.09,1.89,31.0,0.781
ORD-ATW,ORD,ATW,160.0,2429,2,70.87,17.28,71.4,4.817
IAH-STL,IAH,STL,667.0,420,2,75.42,10.12,46.6,0.714
GSO-ORD,GSO,ORD,589.0,1563,3,78.39,7.26,47.0,3.455
IAH-BNA,IAH,BNA,657.0,1408,3,72.9,11.94,51.0,0.568
ORD-ROA,ORD,ROA,530.0,883,2,69.64,13.8,56.0,4.077
IAH-OKC,IAH,OKC,395.0,1285,2,79.64,9.2,51.4,1.167
DFW-GTR,DFW,GTR,491.0,367,1,80.0,7.34,50.6,2.997
GTR-DFW,GTR,DFW,491.0,367,1,73.24,22.54,86.0,2.997
DFW-GRI,DFW,GRI,562.0,707,1,74.96,18.16,77.0,2.687
TUL-DFW,TUL,DFW,237.0,2784,4,78.96,11.74,53.0,3.376
PHX-FLG,PHX,FLG,119.0,1201,1,77.73,15.26,52.0,2.748
PHX-ABQ,PHX,ABQ,328.0,3298,4,78.47,6.03,40.0,0.394
CLT-SHV,CLT,SHV,764.0,753,2,71.78,35.31,93.7,2.922
CVG-ORD,CVG,ORD,264.0,4655,6,71.36,18.5,70.0,3.502
DEN-RIW,DEN,RIW,296.0,728,1,81.83,8.79,37.0,0.687
LBL-DEN,LBL,DEN,280.0,627,1,80.13,13.1,59.7,1.914
DEN-CYS,DEN,CYS,90.0,730,1,77.95,15.41,56.0,0.822
JST-ORD,JST,ORD,487.0,362,1,67.95,48.1,179.4,6.354
DEN-BFF,DEN,BFF,150.0,626,1,80.39,5.58,46.4,1.278
DEN-LAR,DEN,LAR,113.0,628,1,77.69,12.84,62.7,1.433
DEC-ORD,DEC,ORD,156.0,627,1,66.89,25.64,83.9,5.423
ORD-LAF,ORD,LAF,119.0,567,1,68.39,28.66,82.0,4.056
SHR-DEN,SHR,DEN,359.0,766,1,81.04,9.75,51.4,0.914
LBF-DEN,LBF,DEN,227.0,626,1,76.58,16.5,66.8,0.958
PIB-IAH,PIB,IAH,372.0,627,1,80.68,9.89,55.0,0.957
DEN-GCC,DEN,GCC,313.0,726,1,79.97,8.84,48.0,0.826
IAH-SLN,IAH,SLN,621.0,326,1,76.8,17.87,68.8,0.613
BFF-DEN,BFF,DEN,150.0,626,1,79.42,17.45,65.4,1.278
JMS-DEN,JMS,DEN,573.0,627,1,78.14,12.94,63.0,2.073
DEN-DIK,DEN,DIK,488.0,685,1,77.21,14.58,66.8,1.752
FOD-ORD,FOD,ORD,324.0,571,1,74.16,22.53,87.3,5.429
DEN-SUX,DEN,SUX,466.0,518,1,84.06,3.11,33.3,1.351
DEN-SLN,DEN,SLN,383.0,365,1,71.82,16.65,71.4,0.0
LAX-SGU,LAX,SGU,349.0,310,1,86.04,3.97,22.0,0.0
SUX-DEN,SUX,DEN,466.0,518,1,69.9,21.91,83.6,2.51
SFO-SBA,SFO,SBA,262.0,1639,2,79.42,5.88,40.0,1.22
ORD-CRW,ORD,CRW,416.0,948,1,61.83,26.77,96.0,3.376
DEN-IDA,DEN,IDA,458.0,1698,3,81.89,5.57,44.0,0.471
ORD-PIA,ORD,PIA,130.0,2283,2,70.85,13.19,62.0,4.555
MBS-ORD,MBS,ORD,222.0,1006,1,67.52,28.24,109.0,3.181
TUL-ORD,TUL,ORD,585.0,2130,5,78.17,9.29,51.0,2.535
ASE-IAH,ASE,IAH,913.0,626,1,74.28,16.04,97.0,4.633
JAX-ORD,JAX,ORD,864.0,2116,6,77.8,11.54,55.0,2.032
IAH-ICT,IAH,ICT,542.0,561,2,79.5,6.15,37.0,0.891
ROA-ORD,ROA,ORD,530.0,882,2,75.53,16.8,70.0,3.175
OMA-ORD,OMA,ORD,416.0,3063,6,75.52,14.32,58.0,3.036
SFO-MFR,SFO,MFR,329.0,1029,2,78.99,7.93,40.2,1.069
SLC-LAX,SLC,LAX,590.0,4191,6,86.46,-3.05,21.9,0.453
ORD-MEM,ORD,MEM,491.0,2504,5,72.65,11.37,59.0,3.355
MFR-SFO,MFR,SFO,329.0,1031,2,66.83,18.09,61.9,0.776
ORD-MLI,ORD,MLI,139.0,2264,3,69.56,16.47,73.9,5.124
MDT-ORD,MDT,ORD,594.0,2131,5,75.37,14.46,60.0,3.144
RDD-SFO,RDD,SFO,199.0,878,1,70.53,26.56,100.0,1.822
ORD-GEG,ORD,GEG,1498.0,714,3,65.09,19.63,72.0,1.541
ABQ-DEN,ABQ,DEN,349.0,3200,3,83.02,3.41,33.7,0.594
BGR-ORD,BGR,ORD,978.0,697,5,78.1,15.46,57.6,1.722
DEN-SUN,DEN,SUN,557.0,630,1,81.35,5.24,44.9,0.0
SBA-SFO,SBA,SFO,262.0,1640,2,62.51,21.51,75.0,1.159
ORD-JAX,ORD,JAX,864.0,2116,6,73.87,12.66,63.0,1.371
BIL-ORD,BIL,ORD,1060.0,317,2,80.71,13.1,35.0,0.315
DEN-PIA,DEN,PIA,793.0,432,2,66.67,16.93,66.5,1.157
SFO-EUG,SFO,EUG,451.0,994,2,75.73,9.85,59.4,0.503
TYS-DEN,TYS,DEN,1162.0,1001,5,84.69,-0.13,39.0,0.5
FCA-ORD,FCA,ORD,1352.0,532,4,69.62,21.33,70.0,0.94
LAX-SLC,LAX,SLC,590.0,4189,6,87.55,-0.55,23.0,0.477
DEN-HOB,DEN,HOB,501.0,364,1,75.84,17.15,87.5,1.648
MCI-DEN,MCI,DEN,533.0,4327,4,77.45,8.55,42.0,0.508
IAH-LFT,IAH,LFT,201.0,313,1,76.87,22.86,61.4,1.917
OMA-DEN,OMA,DEN,472.0,3307,4,76.37,8.47,49.0,0.423
MSP-SFO,MSP,SFO,1589.0,1914,3,68.81,10.54,58.0,0.679
EUG-SFO,EUG,SFO,451.0,994,2,67.99,18.18,73.0,1.006
ORD-BZN,ORD,BZN,1185.0,1268,4,69.06,15.25,69.0,0.789
ORD-BWI,ORD,BWI,622.0,2691,8,72.55,12.55,60.0,2.601
SAF-PHX,SAF,PHX,370.0,516,1,76.47,10.51,54.0,0.581
HOU-DFW,HOU,DFW,247.0,2001,3,77.64,14.24,60.0,4.148
PHX-BUR,PHX,BUR,369.0,3147,4,79.91,6.02,41.0,0.699
SAT-SFO,SAT,SFO,1482.0,434,2,86.05,2.78,30.0,0.461
GEG-DEN,GEG,DEN,836.0,2052,4,84.18,2.0,30.5,0.292
IAH-PIT,IAH,PIT,1117.0,774,2,82.49,3.4,34.0,0.129
PIT-IAH,PIT,IAH,1117.0,774,2,84.61,-2.54,28.8,0.129
ABE-ORD,ABE,ORD,654.0,453,2,72.69,27.39,100.9,3.974
MSP-CMH,MSP,CMH,626.0,851,2,79.93,7.3,52.9,0.823
FSD-MSP,FSD,MSP,196.0,1346,2,84.27,4.91,36.2,1.189
PHX-BFL,PHX,BFL,425.0,1305,3,80.03,9.48,47.4,1.762
BFL-PHX,BFL,PHX,425.0,1306,3,83.23,5.35,53.8,1.761
ABQ-HOU,ABQ,HOU,759.0,970,1,83.63,1.99,25.0,0.206
ATL-MDW,ATL,MDW,591.0,3526,3,76.26,10.71,47.0,2.014
ATL-PHX,ATL,PHX,1587.0,3732,4,75.54,8.67,47.0,0.723
ATL-TPA,ATL,TPA,406.0,6141,4,73.74,12.16,55.0,1.27
AUS-CMH,AUS,CMH,1073.0,414,5,81.07,7.25,27.9,0.483
AUS-DEN,AUS,DEN,775.0,5416,4,79.05,4.43,42.0,0.646
AUS-HOU,AUS,HOU,148.0,1349,1,68.88,10.48,49.0,0.297
AUS-HRL,AUS,HRL,273.0,708,1,73.37,10.71,54.5,0.282
AUS-OAK,AUS,OAK,1497.0,359,1,61.56,14.51,48.2,0.0
AUS-PIT,AUS,PIT,1210.0,321,2,69.78,15.4,55.0,0.0
BDL-MDW,BDL,MDW,776.0,824,1,80.94,6.58,36.0,1.578
BHM-MDW,BHM,MDW,570.0,457,1,86.16,0.93,22.3,1.094
BNA-ATL,BNA,ATL,214.0,4265,2,83.47,0.82,32.0,1.758
BNA-CHS,BNA,CHS,439.0,987,1,73.82,9.57,39.0,0.507
BNA-CLE,BNA,CLE,448.0,1041,3,73.48,10.2,48.0,0.672
BNA-CLT,BNA,CLT,328.0,3487,6,78.5,9.49,44.0,1.778
BNA-CVG,BNA,CVG,230.0,521,1,77.22,6.2,37.3,0.576
BNA-DTW,BNA,DTW,456.0,2421,4,78.89,6.07,36.0,1.363
BNA-ECP,BNA,ECP,401.0,1088,1,75.49,7.05,41.0,0.551
BNA-HOU,BNA,HOU,670.0,1820,1,76.23,2.45,39.0,0.659
BNA-JAN,BNA,JAN,327.0,366,1,68.77,8.6,44.0,0.273
BNA-LAS,BNA,LAS,1587.0,2021,6,76.78,5.37,40.8,0.792
BNA-MEM,BNA,MEM,200.0,515,1,71.15,9.8,46.8,0.388
BNA-MIA,BNA,MIA,806.0,2537,5,75.04,11.85,51.0,1.261
BNA-OKC,BNA,OKC,616.0,527,1,74.81,5.4,35.1,0.949
BNA-PNS,BNA,PNS,391.0,957,1,77.82,4.04,36.0,0.836
BNA-SAN,BNA,SAN,1751.0,1065,1,74.02,4.15,41.0,0.751
BOS-AUS,BOS,AUS,1698.0,1673,3,72.1,10.58,64.0,2.212
BOS-BWI,BOS,BWI,369.0,3513,3,78.92,4.91,46.0,2.676
BUF-BNA,BUF,BNA,633.0,370,1,78.2,6.79,27.4,0.811
BUF-DEN,BUF,DEN,1359.0,586,3,74.87,8.14,41.0,0.171
BUR-ABQ,BUR,ABQ,672.0,327,1,84.0,0.08,28.2,0.612
BUR-DAL,BUR,DAL,1243.0,394,1,83.64,1.72,26.0,1.015
BUR-LAS,BUR,LAS,223.0,4167,3,80.96,4.03,39.0,1.632
BUR-MDW,BUR,MDW,1740.0,322,1,87.74,-3.35,19.0,0.621
BWI-AUS,BWI,AUS,1342.0,1260,1,77.5,2.06,33.0,1.587
BWI-BDL,BWI,BDL,283.0,1747,1,82.16,3.1,29.0,2.118
BWI-BHM,BWI,BHM,682.0,336,1,81.33,2.33,25.9,0.893
BWI-DTW,BWI,DTW,409.0,2251,4,82.03,4.39,36.0,1.866
BWI-FLL,BWI,FLL,925.0,3135,4,75.44,7.46,46.0,2.52
BWI-MSY,BWI,MSY,998.0,1157,3,77.91,4.16,37.0,1.296
BWI-PBI,BWI,PBI,883.0,1233,1,78.45,4.63,42.0,1.46
BWI-PHX,BWI,PHX,1999.0,1234,1,77.17,2.74,38.0,0.891
BWI-RDU,BWI,RDU,256.0,1792,2,81.05,3.6,33.4,2.511
BWI-RIC,BWI,RIC,120.0,729,1,77.73,6.57,41.1,2.058
BWI-SAN,BWI,SAN,2295.0,1159,1,75.55,4.88,41.4,1.294
BWI-SDF,BWI,SDF,495.0,890,1,80.48,4.06,37.0,2.135
BWI-TPA,BWI,TPA,842.0,2673,3,79.43,3.88,38.0,1.796
CHS-BWI,CHS,BWI,472.0,1233,2,82.2,2.34,27.0,1.541
CHS-DAL,CHS,DAL,977.0,365,1,79.39,6.05,39.0,0.822
CHS-DEN,CHS,DEN,1449.0,643,2,69.35,14.01,63.8,0.622
CLE-BWI,CLE,BWI,314.0,970,1,85.24,-2.64,23.0,1.237
CLE-LAS,CLE,LAS,1824.0,991,4,77.03,9.46,51.0,1.413
CLT-BWI,CLT,BWI,361.0,2958,6,77.38,9.33,43.0,1.657
CLT-STL,CLT,STL,575.0,1834,3,79.78,6.69,45.0,1.527
CMH-BWI,CMH,BWI,337.0,1048,1,87.54,-1.3,22.4,1.622
CMH-FLL,CMH,FLL,973.0,764,3,78.14,7.0,44.0,3.01
COS-LAS,COS,LAS,604.0,861,1,80.23,3.49,36.0,0.0
DAL-AMA,DAL,AMA,323.0,1263,1,75.14,7.0,46.0,0.95
DAL-BNA,DAL,BNA,623.0,2433,1,71.48,12.74,54.0,1.439
DAL-CHS,DAL,CHS,977.0,365,1,68.33,15.09,58.1,0.822
DAL-CMH,DAL,CMH,919.0,537,1,71.08,14.02,53.0,1.304
DAL-DEN,DAL,DEN,651.0,2985,1,69.79,13.15,58.0,1.374
DAL-ELP,DAL,ELP,562.0,1769,1,73.5,9.71,51.0,0.961
DAL-HOU,DAL,HOU,239.0,4053,1,74.87,6.96,46.0,1.949
DAL-LAS,DAL,LAS,1067.0,2857,1,74.34,8.03,45.0,1.19
DAL-LBB,DAL,LBB,293.0,1506,1,77.07,5.44,44.0,1.262
DAL-MCI,DAL,MCI,461.0,2055,1,75.1,8.97,44.0,1.411
DAL-MDW,DAL,MDW,793.0,2179,1,69.79,13.47,52.9,2.019
DAL-MSY,DAL,MSY,437.0,2289,1,75.78,8.03,46.0,1.136
DAL-OAK,DAL,OAK,1468.0,417,1,61.74,17.74,68.4,0.959
DAL-ONT,DAL,ONT,1200.0,399,1,68.02,15.19,55.8,1.253
DAL-SMF,DAL,SMF,1442.0,660,1,70.43,10.24,48.0,0.606
DAL-SNA,DAL,SNA,1216.0,364,1,71.94,9.7,49.1,0.824
DCA-AUS,DCA,AUS,1315.0,364,1,54.42,23.28,75.7,0.549
DCA-DAL,DCA,DAL,1184.0,1733,1,72.46,11.47,60.0,1.789
DCA-FLL,DCA,FLL,899.0,2307,3,67.88,15.97,73.0,2.254
DCA-MCO,DCA,MCO,759.0,4579,5,74.89,13.14,64.0,2.49
DCA-MDW,DCA,MDW,601.0,2099,1,77.19,8.57,45.0,2.668
DEN-CMH,DEN,CMH,1154.0,1769,3,73.9,10.03,48.0,0.735
DEN-CVG,DEN,CVG,1069.0,1502,4,78.78,4.96,40.0,0.866
DEN-HOU,DEN,HOU,883.0,2361,1,74.9,6.33,45.4,0.381
DEN-MDW,DEN,MDW,895.0,2225,2,74.67,9.53,47.0,1.618
DEN-MEM,DEN,MEM,872.0,1364,4,76.85,8.66,45.0,0.806
DEN-OAK,DEN,OAK,957.0,1605,1,66.02,14.08,55.6,0.623
DEN-ORD,DEN,ORD,888.0,6131,5,72.14,17.68,63.0,1.125
DEN-PHX,DEN,PHX,602.0,8973,6,76.04,9.48,48.0,0.78
DEN-SDF,DEN,SDF,1024.0,1096,2,78.03,7.67,42.3,0.73
DEN-TPA,DEN,TPA,1506.0,3087,3,77.83,6.79,43.0,0.389
DTW-STL,DTW,STL,440.0,1894,4,76.96,6.54,46.5,1.056
ECP-STL,ECP,STL,634.0,315,1,77.14,6.13,43.6,0.0
ELP-AUS,ELP,AUS,528.0,1036,1,80.68,5.34,34.0,0.386
ELP-SAN,ELP,SAN,636.0,361,1,79.55,4.74,37.4,0.554
FLL-HOU,FLL,HOU,957.0,811,1,70.79,9.78,50.0,0.863
FLL-MCI,FLL,MCI,1242.0,551,2,74.54,7.36,42.0,1.452
FLL-MDW,FLL,MDW,1167.0,1124,1,71.01,12.25,52.0,1.335
FLL-TPA,FLL,TPA,197.0,1423,3,73.28,12.48,69.9,2.038
GRR-BWI,GRR,BWI,528.0,440,1,80.97,3.48,30.0,0.909
HNL-SMF,HNL,SMF,2462.0,730,3,77.66,11.88,41.0,0.274
HOU-BNA,HOU,BNA,670.0,1826,1,77.61,6.97,36.0,0.602
HOU-BWI,HOU,BWI,1246.0,1479,1,74.54,8.28,41.0,1.42
HOU-IND,HOU,IND,861.0,492,1,73.62,9.31,43.2,0.61
HOU-LGA,HOU,LGA,1428.0,1358,1,63.98,20.12,77.9,2.577
HOU-MDW,HOU,MDW,937.0,1840,1,71.9,11.65,47.0,1.141
HOU-OMA,HOU,OMA,804.0,379,1,88.1,-1.48,18.0,0.264
HOU-PNS,HOU,PNS,488.0,349,1,71.55,11.27,41.3,0.0
HOU-RDU,HOU,RDU,1050.0,354,1,71.02,10.78,42.8,0.565
HOU-SAT,HOU,SAT,192.0,1330,1,78.09,5.31,37.0,0.075
ICT-STL,ICT,STL,392.0,403,1,90.98,-7.83,13.0,0.993
IND-BNA,IND,BNA,249.0,525,1,80.08,5.8,33.0,0.381
IND-HOU,IND,HOU,861.0,493,1,86.09,-3.48,20.2,0.406
IND-MCI,IND,MCI,451.0,350,1,86.49,1.8,18.3,0.571
IND-TPA,IND,TPA,837.0,948,3,77.85,6.97,42.2,0.738
ITO-HNL,ITO,HNL,216.0,6290,3,83.42,4.07,24.0,1.049
JAX-BWI,JAX,BWI,663.0,1385,1,80.79,4.59,31.0,1.083
KOA-LAS,KOA,LAS,2718.0,365,1,95.33,-18.81,-0.3,0.274
LAS-AMA,LAS,AMA,759.0,364,1,88.33,-3.97,16.0,1.099
LAS-AUS,LAS,AUS,1090.0,2877,5,73.82,9.94,48.0,0.452
LAS-BUF,LAS,BUF,1986.0,302,1,71.57,8.37,43.0,0.662
LAS-CLE,LAS,CLE,1824.0,993,4,74.01,6.21,41.0,1.208
LAS-CMH,LAS,CMH,1771.0,896,2,74.41,8.88,44.8,0.781
LAS-DEN,LAS,DEN,628.0,7102,3,77.04,6.59,49.0,0.774
LAS-ICT,LAS,ICT,986.0,473,2,73.4,6.26,37.0,0.211
LAS-LIH,LAS,LIH,2817.0,365,1,85.6,-6.75,21.0,0.0
LAS-OKC,LAS,OKC,986.0,1226,3,76.34,6.78,38.0,0.816
LAS-OMA,LAS,OMA,1099.0,1127,2,77.27,6.28,39.9,0.266
LAS-ONT,LAS,ONT,197.0,2476,2,75.82,6.24,45.0,0.727
LAS-PSP,LAS,PSP,173.0,744,1,72.86,8.96,43.0,0.941
LAS-RDU,LAS,RDU,2026.0,611,3,81.43,1.68,29.0,1.146
LAS-SBA,LAS,SBA,289.0,885,1,77.92,3.51,34.7,1.017
LAS-SDF,LAS,SDF,1624.0,399,3,70.13,11.83,60.6,1.003
LAS-SEA,LAS,SEA,867.0,5619,6,82.38,1.47,31.0,0.925
LAX-BWI,LAX,BWI,2329.0,1687,3,81.94,-0.48,28.0,0.889
LAX-MCI,LAX,MCI,1363.0,1323,4,82.68,1.68,31.0,0.605
LBB-AUS,LBB,AUS,341.0,326,1,94.41,-8.69,1.8,0.613
LGA-ATL,LGA,ATL,762.0,8411,6,76.46,8.2,56.0,4.102
LGA-DAL,LGA,DAL,1381.0,1537,1,73.15,10.19,56.0,3.643
LGA-DEN,LGA,DEN,1620.0,4667,4,71.42,11.72,58.5,3.043
LGA-MCI,LGA,MCI,1107.0,1822,4,68.96,15.09,78.0,4.665
LGA-MSY,LGA,MSY,1183.0,1420,5,71.91,12.58,66.0,4.085
LGB-AUS,LGB,AUS,1226.0,428,1,81.5,4.51,26.4,0.0
LGB-DAL,LGB,DAL,1232.0,509,1,84.77,2.12,25.0,0.786
LGB-HOU,LGB,HOU,1374.0,461,1,78.34,3.53,31.4,0.217
LGB-PHX,LGB,PHX,355.0,1519,1,81.02,4.22,33.9,0.329
LIH-LAS,LIH,LAS,2817.0,365,1,97.78,-18.86,-2.0,0.274
MCI-FLL,MCI,FLL,1242.0,551,2,74.16,7.95,40.3,1.996
MCI-HOU,MCI,HOU,666.0,1001,1,82.77,-0.32,32.0,0.3
MCI-MCO,MCI,MCO,1072.0,1554,3,78.13,7.21,41.0,1.094
MCI-MKE,MCI,MKE,436.0,349,1,75.22,8.09,37.2,0.573
MCI-TPA,MCI,TPA,1048.0,672,2,77.84,5.99,38.3,0.298
MCO-AUS,MCO,AUS,994.0,2833,4,76.92,7.67,48.0,1.13
MCO-BNA,MCO,BNA,616.0,3506,4,73.66,10.7,50.0,1.825
MCO-CMH,MCO,CMH,802.0,2150,4,72.21,10.89,54.5,1.488
MCO-MCI,MCO,MCI,1072.0,1558,3,71.93,11.72,52.0,1.54
MCO-MDW,MCO,MDW,990.0,2760,2,70.31,14.23,53.0,1.775
MCO-MHT,MCO,MHT,1142.0,837,2,78.34,6.18,40.0,0.597
MCO-ORD,MCO,ORD,1005.0,6276,5,71.08,15.93,65.0,1.832
MCO-PHL,MCO,PHL,862.0,5330,4,71.99,17.1,72.0,2.326
MCO-RIC,MCO,RIC,667.0,1187,4,68.04,17.41,70.0,2.106
MCO-STL,MCO,STL,882.0,2497,3,76.43,8.64,51.0,0.721
MDW-BHM,MDW,BHM,570.0,458,1,77.04,5.15,37.0,1.092
MDW-BNA,MDW,BNA,395.0,1869,1,79.59,5.34,39.0,1.445
MDW-BUR,MDW,BUR,1740.0,322,1,80.31,3.44,34.2,0.621
MDW-CHS,MDW,CHS,745.0,367,1,74.31,9.13,44.9,1.362
MDW-CLT,MDW,CLT,584.0,719,1,74.19,8.65,44.0,1.391
MDW-JAX,MDW,JAX,848.0,416,1,72.82,9.08,45.6,0.962
MDW-MCI,MDW,MCI,404.0,2102,1,78.71,6.1,37.0,1.38
MDW-MCO,MDW,MCO,990.0,2756,2,75.98,8.26,44.0,1.488
MDW-MEM,MDW,MEM,480.0,670,1,79.94,4.98,44.0,1.493
MDW-MHT,MDW,MHT,838.0,522,1,74.03,10.71,43.5,0.958
MDW-MSY,MDW,MSY,825.0,1013,1,75.65,5.34,44.3,1.481
MDW-PDX,MDW,PDX,1751.0,683,1,61.63,17.86,59.0,1.025
MDW-PHL,MDW,PHL,668.0,1522,2,76.24,9.43,41.0,1.708
MDW-RDU,MDW,RDU,632.0,960,1,80.83,5.51,32.2,2.083
MDW-SAN,MDW,SAN,1728.0,1092,1,72.23,8.48,42.8,1.374
MEM-HOU,MEM,HOU,484.0,831,1,77.58,3.74,36.0,0.722
MEM-LAS,MEM,LAS,1416.0,584,4,81.41,2.59,33.0,0.514
MEM-PHX,MEM,PHX,1264.0,486,6,86.25,2.3,22.0,1.029
MHT-MCO,MHT,MCO,1142.0,837,2,78.59,5.32,43.9,0.956
MIA-DAL,MIA,DAL,1109.0,419,1,69.42,11.22,52.9,0.716
MIA-DEN,MIA,DEN,1709.0,2469,4,76.66,6.52,45.9,0.486
MIA-MCI,MIA,MCI,1251.0,844,4,72.65,9.23,53.1,1.303
MIA-STL,MIA,STL,1068.0,1167,4,73.96,8.46,59.0,0.686
MKE-RSW,MKE,RSW,1183.0,379,1,79.95,4.66,43.0,0.792
MKE-TPA,MKE,TPA,1075.0,471,2,82.07,2.13,30.8,1.486
MSY-ATL,MSY,ATL,425.0,4028,5,82.46,4.22,34.0,1.539
MSY-DCA,MSY,DCA,969.0,1948,4,70.53,18.81,73.0,2.977
MSY-STL,MSY,STL,604.0,732,1,81.84,2.07,32.8,0.41
MYR-MDW,MYR,MDW,738.0,332,1,84.97,0.84,25.0,1.807
OAK-DEN,OAK,DEN,957.0,1602,1,72.37,9.97,43.2,0.312
OAK-HNL,OAK,HNL,2409.0,729,3,79.67,4.36,32.0,0.823
OAK-HOU,OAK,HOU,1642.0,376,1,77.03,6.65,30.0,0.532
OAK-LIH,OAK,LIH,2456.0,659,3,82.21,2.88,29.0,0.759
OAK-PSP,OAK,PSP,418.0,472,2,76.02,5.4,36.4,0.847
OGG-HNL,OGG,HNL,101.0,10075,3,84.62,3.25,23.0,1.042
OGG-OAK,OGG,OAK,2348.0,722,3,85.79,-0.34,21.0,0.416
OKC-AUS,OKC,AUS,358.0,318,1,82.33,3.22,28.4,0.314
OKC-BNA,OKC,BNA,616.0,527,1,79.35,6.98,31.8,0.569
OKC-LAS,OKC,LAS,986.0,1224,3,81.17,2.6,34.0,0.654
OMA-BNA,OMA,BNA,612.0,401,1,75.38,8.76,43.6,0.499
OMA-DCA,OMA,DCA,1012.0,645,2,80.32,2.97,38.0,1.55
OMA-HOU,OMA,HOU,804.0,378,1,79.79,1.26,35.5,0.529
ONT-HOU,ONT,HOU,1345.0,362,1,65.19,13.71,38.9,0.0
ONT-OAK,ONT,OAK,362.0,1471,1,86.48,-2.38,24.0,0.408
ORD-DAL,ORD,DAL,798.0,450,1,74.03,12.65,59.4,1.333
ORF-DEN,ORF,DEN,1553.0,636,2,75.12,8.55,44.0,0.786
ORF-MCO,ORF,MCO,655.0,801,3,76.74,9.37,52.0,2.622
ORF-MDW,ORF,MDW,704.0,577,1,75.94,8.77,40.0,1.733
PDX-OAK,PDX,OAK,543.0,1287,3,77.78,6.6,37.0,0.699
PHL-BNA,PHL,BNA,675.0,2846,6,75.06,10.07,56.0,2.53
PHL-MCO,PHL,MCO,862.0,5334,4,72.45,14.32,68.1,2.475
PHX-BWI,PHX,BWI,1999.0,1236,1,79.61,3.86,29.0,0.89
PHX-CLE,PHX,CLE,1737.0,989,3,72.52,11.77,53.0,0.708
PHX-CMH,PHX,CMH,1670.0,1147,2,71.44,12.55,58.0,0.959
PHX-DEN,PHX,DEN,602.0,8944,6,77.31,8.93,46.0,0.648
PHX-HNL,PHX,HNL,2917.0,1317,4,80.21,3.12,31.0,0.152
PHX-OMA,PHX,OMA,1037.0,2005,5,76.77,7.23,41.0,0.449
PHX-RDU,PHX,RDU,1891.0,834,2,72.17,12.83,44.0,1.079
PHX-STL,PHX,STL,1262.0,2316,5,76.59,7.55,40.0,0.345
PIT-BNA,PIT,BNA,462.0,1099,2,82.58,1.48,30.0,0.728
PIT-DEN,PIT,DEN,1290.0,1659,3,81.83,2.53,36.5,0.723
PIT-MCO,PIT,MCO,834.0,2223,4,79.58,4.78,43.0,1.215
PNS-BNA,PNS,BNA,391.0,958,1,78.83,6.69,32.0,0.418
PVD-TPA,PVD,TPA,1136.0,467,2,80.87,3.8,36.1,0.857
RDU-BWI,RDU,BWI,256.0,1791,2,85.96,-0.5,23.0,2.233
RDU-DEN,RDU,DEN,1436.0,1745,3,81.34,4.07,36.0,0.86
RDU-MCO,RDU,MCO,534.0,2704,4,77.81,10.77,53.1,1.738
RDU-STL,RDU,STL,668.0,655,1,81.32,2.4,30.0,0.305
RIC-BWI,RIC,BWI,120.0,729,1,75.8,9.66,40.0,1.646
RNO-PHX,RNO,PHX,601.0,2444,5,85.34,3.87,26.0,0.614
SAN-MSY,SAN,MSY,1600.0,342,1,71.6,11.26,43.3,0.877
SAT-BNA,SAT,BNA,822.0,952,2,77.75,7.52,36.0,0.525
SAT-LAS,SAT,LAS,1069.0,2040,3,79.82,3.71,38.0,0.49
SAT-PHX,SAT,PHX,843.0,2509,4,81.63,5.45,36.0,0.438
SAT-TPA,SAT,TPA,972.0,374,2,78.28,5.74,34.0,0.267
SAV-DEN,SAV,DEN,1414.0,373,3,70.54,10.9,58.2,0.536
SAV-MDW,SAV,MDW,758.0,389,2,79.43,5.59,37.7,0.514
SDF-BWI,SDF,BWI,495.0,891,1,86.8,-0.13,23.0,1.908
SDF-LAS,SDF,LAS,1624.0,399,3,85.03,3.65,33.2,0.752
SDF-MCO,SDF,MCO,719.0,856,3,81.01,3.49,37.9,1.869
SEA-MDW,SEA,MDW,1733.0,678,1,81.4,0.34,29.9,0.442
SEA-STL,SEA,STL,1709.0,883,2,83.03,-2.2,27.0,0.34
SJC-OGG,SJC,OGG,2355.0,471,3,92.32,-4.29,10.0,0.212
SJC-SNA,SJC,SNA,342.0,2730,2,86.48,-1.87,24.0,0.806
SJU-BWI,SJU,BWI,1565.0,1162,3,79.31,7.2,32.0,2.496
SJU-MCO,SJU,MCO,1188.0,6073,4,77.95,10.77,46.0,1.136
SLC-LAS,SLC,LAS,368.0,3744,5,78.17,6.29,42.0,0.694
SMF-DAL,SMF,DAL,1442.0,660,1,73.93,8.72,37.9,0.606
SMF-GEG,SMF,GEG,649.0,607,1,77.43,5.94,37.0,0.0
SMF-KOA,SMF,KOA,2435.0,521,3,88.22,-4.77,17.3,0.192
SMF-OGG,SMF,OGG,2403.0,481,3,86.89,1.97,17.0,1.247
SMF-PHX,SMF,PHX,647.0,3630,4,81.22,5.43,34.0,0.551
SMF-SBA,SMF,SBA,310.0,366,1,89.47,-5.29,16.0,0.82
SMF-SLC,SMF,SLC,532.0,2160,3,87.43,-1.61,23.0,0.833
SNA-AUS,SNA,AUS,1209.0,352,1,78.41,8.03,35.0,0.0
STL-AUS,STL,AUS,721.0,972,1,75.9,6.22,39.0,0.412
STL-BOS,STL,BOS,1047.0,1611,3,69.66,14.54,65.0,1.676
STL-CLE,STL,CLE,487.0,698,1,82.23,5.58,29.9,0.287
STL-CLT,STL,CLT,575.0,1835,3,83.83,4.32,35.0,1.417
STL-LAS,STL,LAS,1371.0,2094,2,75.87,8.53,47.0,0.621
STL-MCI,STL,MCI,237.0,1020,1,75.61,7.78,40.4,0.294
STL-MCO,STL,MCO,882.0,2520,3,77.97,6.56,44.0,0.913
STL-SMF,STL,SMF,1679.0,331,1,79.46,5.37,29.0,0.0
STL-SRQ,STL,SRQ,903.0,349,1,72.67,11.61,43.0,0.573
TPA-BHM,TPA,BHM,459.0,425,1,79.72,4.76,32.7,0.235
TPA-FLL,TPA,FLL,197.0,1421,3,73.13,11.5,60.8,2.956
TPA-IND,TPA,IND,837.0,948,3,80.81,6.29,44.3,0.949
TUL-HOU,TUL,HOU,453.0,602,1,86.41,-0.85,26.0,0.831
TUS-LAS,TUS,LAS,364.0,1336,2,84.55,1.38,30.8,0.225
DTW-MCO,DTW,MCO,957.0,3645,4,75.54,10.93,53.0,0.988
FLL-BUF,FLL,BUF,1166.0,555,2,64.63,17.15,75.3,2.523
FLL-RDU,FLL,RDU,680.0,1353,5,67.42,18.6,70.1,2.069
GRR-MCO,GRR,MCO,1024.0,395,3,77.55,4.54,54.9,0.759
MCO-GRR,MCO,GRR,1024.0,396,3,80.41,3.72,37.8,0.505
PDX-BNA,PDX,BNA,1973.0,318,2,77.92,3.06,34.6,0.0
PDX-MCI,PDX,MCI,1482.0,347,2,82.32,2.07,26.0,0.288
RDU-FLL,RDU,FLL,680.0,1353,5,77.47,8.59,51.0,2.365
RSW-MCO,RSW,MCO,133.0,608,1,84.5,-0.08,27.1,1.151
SDF-BNA,SDF,BNA,151.0,505,1,78.8,6.07,33.1,0.99
SRQ-MCO,SRQ,MCO,104.0,607,1,87.71,-1.9,21.0,0.824
PBI-MCO,PBI,MCO,141.0,607,1,85.24,-2.1,29.0,0.659
BNA-SDF,BNA,SDF,151.0,506,1,71.23,12.94,55.7,0.395
SLC-MCO,SLC,MCO,1931.0,1506,4,82.82,1.76,29.7,0.73
SEA-ANC,SEA,ANC,1448.0,6657,3,76.22,5.35,38.0,0.796
ATL-SAN,ATL,SAN,1892.0,2379,2,79.28,2.44,32.0,0.588
DTW-SEA,DTW,SEA,1927.0,2064,2,73.25,7.73,43.0,0.727
JAX-JFK,JAX,JFK,829.0,1188,3,75.22,13.11,67.0,4.63
ATL-PBI,ATL,PBI,545.0,3791,2,75.8,8.28,43.0,1.504
CVG-SEA,CVG,SEA,1965.0,793,2,76.18,5.74,38.0,1.009
RDU-DTW,RDU,DTW,501.0,1499,3,87.88,-1.54,23.0,1.468
ORD-BOS,ORD,BOS,867.0,7755,6,67.84,18.32,82.0,3.017
JAN-ATL,JAN,ATL,340.0,1956,1,89.08,-4.78,17.0,1.585
ATL-BOS,ATL,BOS,946.0,4977,4,73.96,10.13,54.0,2.07
LGA-DTW,LGA,DTW,502.0,3935,3,78.48,7.16,56.0,4.879
ATL-JAX,ATL,JAX,269.0,4045,2,75.92,9.12,46.0,1.533
ATL-ABQ,ATL,ABQ,1269.0,997,1,84.4,-0.65,27.0,1.505
CHS-LGA,CHS,LGA,641.0,1471,2,75.85,16.34,71.0,5.71
JFK-TPA,JFK,TPA,1005.0,2301,3,76.9,6.1,56.3,3.564
DTW-AUS,DTW,AUS,1149.0,1320,2,80.63,0.76,33.0,1.439
ATL-PNS,ATL,PNS,272.0,2812,1,82.95,4.9,32.0,1.849
PNS-ATL,PNS,ATL,272.0,2812,1,88.88,-2.56,18.0,1.956
PWM-ATL,PWM,ATL,1027.0,642,1,81.46,7.48,32.0,1.09
BOS-DTW,BOS,DTW,632.0,2583,4,77.24,8.07,55.0,2.4
ORD-LGA,ORD,LGA,733.0,11611,6,67.36,19.65,84.0,5.064
RDU-BOS,RDU,BOS,612.0,2827,4,79.18,4.93,55.3,2.794
AUS-DTW,AUS,DTW,1149.0,1321,2,87.6,2.03,21.0,1.438
DTW-DFW,DTW,DFW,986.0,3493,5,75.32,8.69,58.0,2.348
FAI-SEA,FAI,SEA,1533.0,2290,2,82.12,1.94,26.0,1.004
SEA-FAI,SEA,FAI,1533.0,2291,2,78.16,3.24,33.0,0.786
JFK-DTW,JFK,DTW,509.0,1220,2,76.56,6.0,60.0,3.77
ATL-BHM,ATL,BHM,134.0,3334,1,83.68,2.95,34.0,1.77
ATL-MYR,ATL,MYR,317.0,1513,1,81.51,3.33,32.0,1.983
SDF-ATL,SDF,ATL,321.0,2717,1,89.81,-7.11,16.0,1.583
TPA-LGA,TPA,LGA,1010.0,2796,5,73.86,16.91,70.2,3.112
DTW-MCI,DTW,MCI,629.0,1343,4,81.3,3.03,43.5,1.191
AVL-ATL,AVL,ATL,164.0,2018,1,85.92,-2.2,29.0,1.437
ATL-PVD,ATL,PVD,903.0,1134,1,77.5,9.05,41.9,2.557
TPA-MSP,TPA,MSP,1306.0,1177,1,82.06,4.85,31.0,0.935
LGA-CMH,LGA,CMH,479.0,3047,3,77.91,6.77,56.0,4.628
IND-MSP,IND,MSP,503.0,1247,2,83.52,2.35,34.0,0.722
ATL-STT,ATL,STT,1599.0,719,1,76.3,7.27,31.2,1.113
ALB-ATL,ALB,ATL,853.0,1044,1,83.84,3.55,31.0,2.299
ATL-ALB,ATL,ALB,853.0,1044,1,78.73,9.7,43.0,2.203
SJU-DTW,SJU,DTW,1930.0,357,2,82.47,-0.67,34.0,1.681
MIA-JFK,MIA,JFK,1089.0,4530,3,71.87,14.1,66.0,2.826
DAB-ATL,DAB,ATL,366.0,1455,1,88.01,-0.56,21.5,1.856
ATL-CLT,ATL,CLT,226.0,4380,4,80.13,7.41,44.0,1.735
MYR-LGA,MYR,LGA,563.0,667,3,76.29,9.51,64.0,3.898
BOS-TPA,BOS,TPA,1185.0,2791,4,75.02,8.13,61.0,2.795
ATL-MEM,ATL,MEM,332.0,3421,3,81.38,5.21,39.0,1.842
MSP-BDL,MSP,BDL,1050.0,833,1,80.74,3.21,41.2,2.161
BOS-MCI,BOS,MCI,1256.0,646,3,78.31,3.19,47.4,2.322
DCA-DTW,DCA,DTW,405.0,2976,5,76.17,10.28,60.9,3.663
DTW-DCA,DTW,DCA,405.0,2975,5,68.73,16.63,66.2,3.866
MCO-JFK,MCO,JFK,944.0,4856,3,74.79,12.64,67.2,3.233
SLC-CLT,SLC,CLT,1727.0,922,2,84.3,-1.12,23.0,1.085
SLC-TPA,SLC,TPA,1888.0,368,2,85.56,-2.02,20.8,0.272
ATL-DSM,ATL,DSM,743.0,1251,1,84.74,0.71,29.0,2.398
SLC-MSY,SLC,MSY,1429.0,455,1,87.39,-3.85,18.0,0.44
MSP-LAX,MSP,LAX,1535.0,2133,1,82.0,0.49,31.0,0.938
MSP-CHS,MSP,CHS,1087.0,318,1,84.94,0.5,33.0,1.572
IAD-ATL,IAD,ATL,534.0,3989,4,78.68,8.0,52.0,2.131
ICT-ATL,ICT,ATL,782.0,1150,1,87.38,-6.25,22.0,1.391
LAX-BOS,LAX,BOS,2611.0,4761,4,77.5,8.8,53.0,1.701
SAN-MSP,SAN,MSP,1532.0,1303,1,88.71,-1.13,18.0,0.767
DCA-MSP,DCA,MSP,931.0,2600,5,75.77,12.54,59.0,2.923
MSP-DCA,MSP,DCA,931.0,2600,5,74.4,11.79,55.0,3.038
PHL-DTW,PHL,DTW,453.0,2953,7,80.15,7.28,53.0,3.319
SLC-MCI,SLC,MCI,920.0,1009,1,85.63,-1.49,30.0,0.991
ILM-ATL,ILM,ATL,377.0,1149,1,87.22,-4.42,24.6,1.044
CAE-ATL,CAE,ATL,192.0,1815,2,86.72,-0.81,28.0,1.598
ATL-GNV,ATL,GNV,300.0,1591,1,84.87,0.57,27.1,1.886
ATL-DAY,ATL,DAY,432.0,1402,1,85.21,-0.09,27.0,1.926
DAY-ATL,DAY,ATL,432.0,1402,1,89.35,-7.95,18.0,1.997
ATL-XNA,ATL,XNA,589.0,1098,2,78.66,15.66,53.0,1.913
XNA-ATL,XNA,ATL,589.0,1099,2,82.68,8.79,40.7,1.82
RIC-ATL,RIC,ATL,481.0,2674,2,88.51,-2.41,22.0,2.094
PIT-SLC,PIT,SLC,1660.0,363,1,74.86,1.92,32.0,1.102
SFO-ATL,SFO,ATL,2139.0,3349,3,80.37,4.6,39.0,0.866
SEA-MSY,SEA,MSY,2086.0,627,2,80.87,-0.52,28.0,0.319
MSP-SEA,MSP,SEA,1399.0,2685,2,81.36,2.56,30.0,0.968
CMH-SEA,CMH,SEA,2016.0,464,5,71.9,8.87,43.2,1.078
SEA-CMH,SEA,CMH,2016.0,464,5,80.43,-0.27,31.0,0.431
ATL-BTR,ATL,BTR,448.0,1080,2,83.38,1.33,33.8,1.944
ATL-FLL,ATL,FLL,581.0,7265,5,70.76,14.4,64.0,2.299
LGA-SRQ,LGA,SRQ,1047.0,547,2,81.32,1.53,46.4,5.667
OMA-ATL,OMA,ATL,821.0,1788,2,86.99,-2.26,21.0,1.622
DTW-MYR,DTW,MYR,636.0,394,3,86.34,-0.88,25.0,1.269
MYR-DTW,MYR,DTW,636.0,394,3,86.3,-1.34,26.0,1.523
ORD-ATL,ORD,ATL,606.0,6442,9,75.33,11.18,57.0,2.328
MSN-ATL,MSN,ATL,707.0,1029,1,90.22,-10.07,13.0,2.138
ATL-COS,ATL,COS,1184.0,589,1,79.97,4.77,39.0,1.528
COS-ATL,COS,ATL,1184.0,589,1,89.18,-4.49,19.4,1.868
FLL-DTW,FLL,DTW,1127.0,2704,4,72.93,13.38,67.0,2.034
MSP-MCO,MSP,MCO,1310.0,1941,3,75.35,11.73,56.4,1.443
MIA-ATL,MIA,ATL,594.0,6261,6,73.56,13.55,62.0,1.581
RSW-DTW,RSW,DTW,1084.0,1802,3,74.53,14.22,56.0,2.053
BOS-CVG,BOS,CVG,752.0,2000,3,80.45,2.11,40.0,2.95
JFK-AUS,JFK,AUS,1521.0,2191,2,81.81,2.06,41.5,3.104
FSD-ATL,FSD,ATL,954.0,365,1,86.87,1.44,20.0,0.822
DTW-TPA,DTW,TPA,983.0,2328,4,79.16,5.84,42.0,1.847
DFW-MSP,DFW,MSP,852.0,3293,5,73.3,14.05,63.1,2.308
SLC-IAH,SLC,IAH,1195.0,1949,3,85.53,1.74,25.0,0.77
CHS-BOS,CHS,BOS,818.0,1141,3,70.9,17.76,73.0,2.629
DTW-IAH,DTW,IAH,1075.0,2105,5,79.24,2.74,38.0,0.998
BOS-LGA,BOS,LGA,184.0,7342,2,77.22,8.07,63.0,5.789
SLC-CLE,SLC,CLE,1565.0,363,1,81.67,9.42,48.0,0.275
SEA-JNU,SEA,JNU,909.0,1588,2,79.21,2.83,36.0,1.134
DTW-PDX,DTW,PDX,1953.0,379,1,69.97,14.72,46.0,1.055
DTW-SAN,DTW,SAN,1956.0,1290,2,75.35,9.27,45.0,0.93
BOS-FLL,BOS,FLL,1237.0,3359,3,67.01,16.26,77.0,3.572
SLC-CMH,SLC,CMH,1528.0,363,1,79.44,9.79,48.1,0.551
SLC-DTW,SLC,DTW,1481.0,1552,2,88.64,-3.82,18.0,0.129
SLC-ORD,SLC,ORD,1250.0,3205,5,75.96,12.76,61.0,1.498
MEM-SLC,MEM,SLC,1262.0,365,1,89.47,2.84,17.0,1.096
DEN-JFK,DEN,JFK,1626.0,1560,3,82.37,1.99,39.8,3.141
MIA-LGA,MIA,LGA,1096.0,5990,5,67.72,18.79,78.0,3.94
BOS-DFW,BOS,DFW,1562.0,3706,4,77.03,6.36,60.8,3.211
CHA-ATL,CHA,ATL,106.0,1336,2,85.34,0.03,33.0,2.395
DFW-BOS,DFW,BOS,1562.0,3710,4,66.99,18.13,79.0,3.208
JAX-MSP,JAX,MSP,1173.0,347,1,79.36,4.53,38.1,0.865
LGA-PBI,LGA,PBI,1035.0,3208,4,70.35,13.84,71.0,4.271
JAX-BOS,JAX,BOS,1011.0,1613,3,74.6,12.08,64.6,2.294
BOS-SAN,BOS,SAN,2588.0,1849,4,76.74,1.96,43.0,1.622
MCO-SYR,MCO,SYR,1053.0,701,2,79.02,4.64,42.0,1.141
BOS-LAX,BOS,LAX,2611.0,4758,4,75.06,10.29,53.0,1.702
BOS-BUF,BOS,BUF,395.0,1295,3,75.48,6.85,61.0,3.012
MCO-BQN,MCO,BQN,1129.0,1004,2,74.36,11.97,60.6,1.494
BOS-LAS,BOS,LAS,2381.0,1609,2,75.51,5.55,50.7,1.243
LAS-BOS,LAS,BOS,2381.0,1610,2,75.43,9.37,64.0,1.366
JFK-ORD,JFK,ORD,740.0,2074,5,72.39,14.79,83.0,5.593
IAH-BOS,IAH,BOS,1597.0,2019,2,71.58,14.97,72.0,1.486
BNA-JFK,BNA,JFK,765.0,1439,2,77.66,6.23,47.0,4.1
BOS-RIC,BOS,RIC,473.0,1694,2,76.87,4.52,57.0,3.188
JFK-PVD,JFK,PVD,144.0,365,1,67.33,10.99,62.8,3.562
SAN-JFK,SAN,JFK,2446.0,2415,3,83.54,1.46,31.6,2.857
JFK-PIT,JFK,PIT,340.0,1764,2,75.57,7.41,62.4,4.875
PVD-FLL,PVD,FLL,1188.0,538,2,68.82,14.43,69.0,1.673
FLL-LAX,FLL,LAX,2343.0,2297,3,76.49,6.1,47.0,1.045
JFK-BUF,JFK,BUF,301.0,1218,1,74.24,13.59,71.0,5.172
RSW-HPN,RSW,HPN,1102.0,598,1,81.14,4.07,45.0,1.338
JFK-CHS,JFK,CHS,636.0,787,3,75.44,8.32,59.0,5.718
MCO-HPN,MCO,HPN,972.0,1185,1,69.61,15.31,68.9,2.11
DCA-SJU,DCA,SJU,1554.0,364,1,73.37,10.85,59.0,1.648
SJU-DCA,SJU,DCA,1554.0,364,1,71.07,19.33,88.0,1.923
DCA-BOS,DCA,BOS,399.0,9090,5,71.16,15.05,76.0,3.927
SJU-BDL,SJU,BDL,1666.0,966,2,69.82,14.91,60.0,2.277
SYR-JFK,SYR,JFK,209.0,510,2,80.91,5.87,40.0,5.49
ORF-BOS,ORF,BOS,468.0,474,3,79.7,12.89,59.3,1.266
SJU-EWR,SJU,EWR,1608.0,2084,4,75.02,13.53,57.0,3.119
EWR-RSW,EWR,RSW,1068.0,1985,2,79.28,3.37,44.0,2.015
FLL-ORH,FLL,ORH,1211.0,319,1,73.16,8.8,55.6,1.567
BOS-RSW,BOS,RSW,1249.0,2193,3,70.76,11.42,64.0,2.69
PBI-DCA,PBI,DCA,857.0,1806,5,70.05,20.5,79.8,1.993
SJU-HPN,SJU,HPN,1624.0,359,1,70.5,20.63,73.0,4.178
JFK-SLC,JFK,SLC,1990.0,1928,2,78.5,2.42,41.0,2.127
JFK-MSY,JFK,MSY,1182.0,1142,3,80.63,1.47,44.7,5.079
PHX-JFK,PHX,JFK,2153.0,3033,3,79.97,3.69,42.0,3.099
MSY-JFK,MSY,JFK,1182.0,1142,3,79.13,5.07,46.3,5.166
BQN-MCO,BQN,MCO,1129.0,1005,2,78.65,7.62,53.0,2.189
SEA-JFK,SEA,JFK,2422.0,2906,3,77.43,4.94,39.0,2.925
SFO-FLL,SFO,FLL,2584.0,1250,2,80.42,5.03,33.0,0.16
MSY-BOS,MSY,BOS,1367.0,853,4,62.87,23.5,93.0,2.11
STT-SJU,STT,SJU,68.0,548,2,71.27,16.53,78.0,2.19
PVD-SJU,PVD,SJU,1636.0,300,1,82.31,-1.46,33.0,1.667
JFK-BQN,JFK,BQN,1576.0,469,1,63.58,17.48,72.8,2.345
TPA-HPN,TPA,HPN,1032.0,364,1,76.77,6.78,53.4,1.648
BOS-STT,BOS,STT,1693.0,318,2,73.84,14.24,77.4,4.403
PHX-FLL,PHX,FLL,1972.0,572,4,65.78,17.04,61.2,0.874
SJU-STX,SJU,STX,94.0,317,2,74.52,7.17,50.0,0.946
STX-SJU,STX,SJU,94.0,317,2,75.48,5.91,41.0,0.946
HNL-ATL,HNL,ATL,4502.0,383,1,79.42,5.74,33.0,0.783
HNL-MSP,HNL,MSP,3972.0,365,1,85.0,0.61,28.1,0.822
MCO-SEA,MCO,SEA,2554.0,1822,2,76.63,5.2,43.4,0.988
SFO-DTW,SFO,DTW,2079.0,1794,2,78.88,3.28,42.0,0.669
SEA-FLL,SEA,FLL,2717.0,826,2,77.94,1.75,33.5,0.726
SEA-OGG,SEA,OGG,2639.0,1809,3,79.21,-0.18,33.0,0.442
SEA-HNL,SEA,HNL,2677.0,2933,3,65.78,17.55,54.0,0.921
HNL-SLC,HNL,SLC,2994.0,856,3,82.22,3.76,29.0,1.519
ATL-RNO,ATL,RNO,1993.0,308,1,70.53,12.05,58.6,0.974
RNO-ATL,RNO,ATL,1993.0,308,1,76.64,17.65,65.2,1.299
LAX-DTW,LAX,DTW,1979.0,2451,3,82.55,3.46,35.0,1.061
ATL-SEA,ATL,SEA,2182.0,3278,2,76.78,5.63,37.0,0.61
PDX-JFK,PDX,JFK,2454.0,914,2,86.89,-5.17,20.0,1.969
DFW-JFK,DFW,JFK,1391.0,1979,3,75.72,8.57,53.0,3.183
RDU-LAX,RDU,LAX,2239.0,791,2,82.12,3.46,35.6,0.759
DFW-SEA,DFW,SEA,1660.0,5228,4,70.56,13.51,55.0,1.989
ATL-PDX,ATL,PDX,2172.0,1552,4,79.04,5.02,34.0,0.902
BUR-ATL,BUR,ATL,1941.0,364,1,76.09,15.71,54.8,4.396
KOA-SEA,KOA,SEA,2688.0,1422,2,87.13,-6.0,19.0,2.18
MIA-SEA,MIA,SEA,2724.0,1212,3,66.72,14.85,60.0,1.073
LAX-RDU,LAX,RDU,2239.0,790,2,77.52,15.39,53.0,0.633
OMA-PHL,OMA,PHL,1089.0,330,3,80.37,4.86,47.0,2.727
PHL-MEM,PHL,MEM,875.0,759,2,79.29,4.9,51.0,2.899
DFW-BTR,DFW,BTR,383.0,2082,3,78.18,11.04,60.0,3.41
DCA-BHM,DCA,BHM,653.0,1046,3,70.25,13.97,81.6,4.493
DFW-ICT,DFW,ICT,328.0,2427,4,75.45,11.47,54.9,3.255
ICT-DFW,ICT,DFW,328.0,2430,4,78.97,11.36,53.0,3.086
GPT-CLT,GPT,CLT,577.0,615,1,84.34,3.13,38.0,3.252
CLT-SAV,CLT,SAV,213.0,2052,3,75.87,9.16,60.0,1.511
DCA-SYR,DCA,SYR,298.0,1029,4,67.82,17.67,71.2,4.665
SAV-CLT,SAV,CLT,213.0,2048,3,85.83,-0.48,29.0,1.66
DAB-CLT,DAB,CLT,416.0,1398,2,84.08,1.76,37.4,2.933
DCA-CAE,DCA,CAE,408.0,1091,3,67.12,16.67,76.7,5.225
PHL-OMA,PHL,OMA,1089.0,330,3,73.99,7.92,77.6,2.121
BTV-CLT,BTV,CLT,761.0,644,2,79.74,9.74,40.4,2.484
MSN-PHL,MSN,PHL,764.0,450,3,82.98,3.31,46.8,5.778
SRQ-CLT,SRQ,CLT,547.0,1397,3,85.27,1.33,30.0,1.575
DAY-CLT,DAY,CLT,370.0,1369,1,82.42,5.25,38.3,1.388
DAY-DFW,DAY,DFW,861.0,1356,2,79.92,4.58,52.6,2.212
IND-PHL,IND,PHL,588.0,1559,3,80.68,9.11,44.0,3.528
DCA-MEM,DCA,MEM,762.0,1126,4,71.74,11.34,67.0,4.618
SYR-DCA,SYR,DCA,298.0,1029,4,66.46,23.04,76.6,5.053
PHL-BDL,PHL,BDL,195.0,572,3,70.25,18.71,64.3,2.273
MSP-PHL,MSP,PHL,981.0,2050,5,79.81,9.0,50.0,3.659
PHL-MSP,PHL,MSP,981.0,2051,5,78.87,11.35,58.0,4.047
CLT-GSP,CLT,GSP,75.0,1504,3,71.2,15.79,67.9,2.061
DFW-DAY,DFW,DAY,861.0,1354,1,74.94,12.45,73.4,2.437
DCA-TUL,DCA,TUL,1050.0,400,3,67.45,11.99,65.7,3.75
TUL-DCA,TUL,DCA,1050.0,400,3,72.85,16.93,70.8,6.25
BDL-PHL,BDL,PHL,195.0,571,3,81.51,8.01,38.4,2.277
DFW-PIA,DFW,PIA,672.0,1056,2,76.18,12.13,60.5,3.693
DFW-ECP,DFW,ECP,685.0,1289,3,74.76,9.82,55.0,2.87
TYS-DFW,TYS,DFW,772.0,1738,4,77.03,11.31,54.0,3.797
CLT-RDU,CLT,RDU,130.0,3045,3,77.71,8.63,48.0,1.609
CVG-CLT,CVG,CLT,335.0,1785,3,80.69,11.55,49.8,2.073
SDF-CLT,SDF,CLT,335.0,1757,3,82.49,7.39,39.0,2.106
ABE-CLT,ABE,CLT,481.0,856,1,84.41,5.82,57.0,3.738
DCA-MYR,DCA,MYR,372.0,754,4,76.36,8.1,50.0,4.642
DFW-MOB,DFW,MOB,539.0,1155,2,80.6,4.77,42.0,4.069
MOB-DFW,MOB,DFW,539.0,1155,2,82.37,5.68,39.0,3.81
VPS-CLT,VPS,CLT,460.0,1203,2,79.95,14.87,60.8,2.743
DCA-CHS,DCA,CHS,444.0,1751,4,69.78,17.15,73.0,3.37
LFT-DFW,LFT,DFW,351.0,1666,3,73.6,21.78,83.8,3.601
CLT-DAY,CLT,DAY,370.0,1368,1,73.63,14.77,79.0,1.316
MYR-DFW,MYR,DFW,1048.0,506,3,71.37,30.72,96.4,2.174
BHM-PHL,BHM,PHL,772.0,561,2,82.26,7.18,43.0,3.209
CLE-PHL,CLE,PHL,363.0,1001,4,78.21,10.69,60.2,5.095
CLT-CMH,CLT,CMH,347.0,2047,4,77.18,8.34,47.0,1.759
DCA-SDF,DCA,SDF,474.0,1031,4,75.15,7.86,57.0,5.141
CLT-LFT,CLT,LFT,729.0,365,1,70.7,13.71,64.2,1.918
MSY-PHL,MSY,PHL,1089.0,1131,4,80.05,15.48,54.0,2.829
JAX-PHL,JAX,PHL,742.0,1564,4,79.5,9.37,62.0,3.005
CLT-CHS,CLT,CHS,168.0,2500,3,75.98,10.75,56.0,1.68
DFW-MKE,DFW,MKE,853.0,1083,3,67.66,21.62,81.0,3.693
DCA-HPN,DCA,HPN,234.0,1359,1,62.77,26.24,95.0,6.402
ALB-CLT,ALB,CLT,646.0,1111,2,82.63,8.76,32.0,1.35
CLT-ALB,CLT,ALB,646.0,1111,2,78.54,8.33,49.0,1.35
CLT-SBN,CLT,SBN,534.0,1026,1,76.77,5.3,48.1,2.924
OKC-CLT,OKC,CLT,940.0,811,3,84.09,8.52,33.0,1.85
DCA-ORF,DCA,ORF,142.0,1041,3,63.55,20.5,90.0,4.323
AVL-CLT,AVL,CLT,91.0,812,3,83.9,4.28,38.2,2.833
IAH-PHL,IAH,PHL,1325.0,1848,6,78.73,14.87,54.1,2.002
DFW-OKC,DFW,OKC,175.0,3169,4,72.48,13.82,67.0,2.808
DCA-PNS,DCA,PNS,816.0,1074,3,67.77,19.16,80.7,3.911
CLT-MCI,CLT,MCI,808.0,1190,3,75.99,8.3,53.0,2.017
CLT-TYS,CLT,TYS,176.0,892,4,69.32,18.4,74.4,2.578
CAE-DFW,CAE,DFW,922.0,985,2,81.43,0.75,40.8,2.64
DCA-CHA,DCA,CHA,523.0,300,3,65.12,24.51,106.0,6.0
MYR-CLT,MYR,CLT,157.0,2258,3,84.19,2.97,38.0,1.86
PHL-PWM,PHL,PWM,364.0,675,3,76.96,10.38,59.0,3.259
DCA-ROC,DCA,ROC,296.0,1032,3,68.69,17.98,77.0,5.426
ROC-DCA,ROC,DCA,296.0,1033,3,67.28,28.87,91.9,5.615
MSN-CLT,MSN,CLT,708.0,1013,2,84.26,1.6,41.0,1.876
PHL-CMH,PHL,CMH,407.0,1435,3,79.84,4.27,46.0,3.066
DCA-DSM,DCA,DSM,897.0,702,3,72.92,10.59,61.0,5.698
SRQ-DCA,SRQ,DCA,851.0,465,3,74.95,14.17,57.8,1.935
GRR-PHL,GRR,PHL,573.0,356,3,82.32,2.46,50.6,2.809
ATW-CLT,ATW,CLT,742.0,394,2,81.79,-0.58,36.2,3.807
LIT-CLT,LIT,CLT,640.0,1236,4,84.72,4.22,28.0,2.508
PHL-SRQ,PHL,SRQ,957.0,462,4,82.96,2.95,33.5,3.247
TYS-PHL,TYS,PHL,555.0,342,2,82.58,3.69,51.6,2.632
DCA-PWM,DCA,PWM,482.0,1159,3,68.73,14.39,60.0,3.451
PHL-XNA,PHL,XNA,1067.0,479,3,73.03,10.86,71.0,4.175
MSP-RAP,MSP,RAP,490.0,538,1,81.12,8.6,36.0,0.558
RAP-MSP,RAP,MSP,490.0,537,1,85.77,2.25,32.0,0.559
DTW-GSO,DTW,GSO,460.0,368,2,69.38,27.77,91.0,3.261
DTW-ORF,DTW,ORF,529.0,694,3,75.73,9.31,53.7,1.009
ORF-DTW,ORF,DTW,529.0,694,3,79.85,11.11,57.0,1.297
COU-DEN,COU,DEN,671.0,309,1,88.49,0.45,17.7,1.294
IAH-MFE,IAH,MFE,316.0,689,2,77.86,11.03,57.8,0.726
MFE-DFW,MFE,DFW,469.0,2417,3,79.16,15.83,60.0,3.02
VCT-IAH,VCT,IAH,123.0,592,1,77.8,33.29,139.0,1.689
DFW-MLI,DFW,MLI,691.0,1010,3,83.49,2.38,34.0,2.574
MLI-DFW,MLI,DFW,691.0,1008,3,83.5,5.0,46.0,2.778
DTW-MDT,DTW,MDT,371.0,314,1,74.68,25.75,100.6,1.911
ONT-SFO,ONT,SFO,363.0,1309,3,62.17,19.3,68.0,0.84
DFW-COU,DFW,COU,490.0,1245,3,82.5,1.94,30.0,2.731
SEA-BUR,SEA,BUR,937.0,1622,2,80.15,0.92,31.0,2.219
DEN-MFR,DEN,MFR,964.0,730,2,77.24,7.6,37.0,0.137
BUF-ORD,BUF,ORD,474.0,2199,5,74.69,16.87,66.5,3.183
ORD-DCA,ORD,DCA,612.0,7042,5,69.86,17.5,73.0,3.025
ABQ-DFW,ABQ,DFW,569.0,2278,3,79.38,10.94,57.0,2.853
GTF-DEN,GTF,DEN,623.0,728,2,85.69,0.32,32.2,0.962
HNL-GUM,HNL,GUM,3801.0,365,1,81.62,1.43,28.0,1.644
GUM-SPN,GUM,SPN,129.0,365,1,90.14,-3.23,14.0,2.74
SPN-GUM,SPN,GUM,129.0,365,1,85.63,3.43,24.0,2.74
IAH-CLT,IAH,CLT,912.0,2326,4,80.73,11.06,46.3,1.892
PHX-IAH,PHX,IAH,1009.0,2957,5,81.17,8.01,37.0,0.812
MSY-IAH,MSY,IAH,305.0,2929,4,82.82,2.97,30.4,0.376
ANC-ORD,ANC,ORD,2846.0,786,3,78.5,2.7,36.0,1.527
RSW-ORD,RSW,ORD,1120.0,3231,5,77.01,9.34,53.0,1.609
EWR-BOS,EWR,BOS,200.0,3866,2,72.0,12.41,70.0,3.725
SFO-ORD,SFO,ORD,1846.0,5617,3,75.99,10.22,54.0,1.193
DEN-EWR,DEN,EWR,1605.0,3360,1,78.27,7.59,51.0,1.518
EWR-DEN,EWR,DEN,1605.0,3365,1,78.73,6.86,48.0,1.308
EWR-CHS,EWR,CHS,628.0,1342,3,79.78,4.52,49.0,3.13
IAH-RDU,IAH,RDU,1042.0,924,3,82.75,5.06,41.0,1.19
IAH-SAN,IAH,SAN,1303.0,1696,1,81.45,0.64,34.0,0.236
EWR-RDU,EWR,RDU,416.0,1986,3,76.0,9.16,62.0,3.273
RDU-ORD,RDU,ORD,646.0,3654,7,74.62,17.01,65.0,2.901
IAD-MCO,IAD,MCO,758.0,2177,2,81.08,3.64,40.0,1.056
EWR-IAH,EWR,IAH,1400.0,3766,2,80.37,1.82,42.0,1.912
PBI-IAH,PBI,IAH,956.0,491,1,81.57,3.31,65.0,1.222
ORD-PHL,ORD,PHL,678.0,5008,4,71.88,18.47,77.0,3.175
PHX-EWR,PHX,EWR,2133.0,2480,2,79.66,6.34,45.0,2.056
SFO-IAD,SFO,IAD,2418.0,2730,2,83.76,-0.95,30.2,0.696
SFO-DCA,SFO,DCA,2442.0,1090,2,79.43,-1.0,41.0,0.642
EWR-LAS,EWR,LAS,2227.0,2931,3,80.88,0.88,43.0,1.774
IND-IAH,IND,IAH,844.0,641,1,83.28,4.35,33.7,0.78
PBI-IAD,PBI,IAD,859.0,333,2,83.84,0.54,31.0,1.201
AUS-IAD,AUS,IAD,1297.0,1042,3,89.72,2.55,15.0,0.96
IAH-LAS,IAH,LAS,1222.0,3430,3,82.46,1.35,36.0,0.875
IAH-JAX,IAH,JAX,816.0,691,2,76.78,6.31,47.0,0.289
SMF-IAD,SMF,IAD,2357.0,365,1,96.09,-15.79,2.0,1.644
IAD-CLE,IAD,CLE,287.0,1050,2,84.76,4.36,31.4,1.048
DEN-DFW,DEN,DFW,641.0,6036,5,75.51,12.95,59.0,1.988
MSN-EWR,MSN,EWR,799.0,435,2,87.8,-0.52,23.3,3.908
ORD-PDX,ORD,PDX,1739.0,2805,3,69.03,14.68,60.0,0.82
CMH-IAH,CMH,IAH,986.0,522,2,78.25,8.41,50.0,1.149
IAH-DFW,IAH,DFW,224.0,5804,5,75.31,17.35,70.0,2.498
EWR-CLT,EWR,CLT,529.0,3708,4,80.66,6.43,49.0,3.668
IAD-LAS,IAD,LAS,2065.0,1077,2,85.9,-3.82,29.0,0.464
CLE-SFO,CLE,SFO,2161.0,579,1,86.87,-1.42,25.2,0.0
ORD-SMF,ORD,SMF,1781.0,1342,2,67.55,14.99,67.2,1.565
EWR-ORF,EWR,ORF,284.0,822,2,80.21,0.47,41.3,5.231
BNA-IAD,BNA,IAD,542.0,1008,4,78.99,13.1,44.2,1.19
SJU-ORD,SJU,ORD,2072.0,1394,4,78.6,4.33,38.0,2.367
IAH-CMH,IAH,CMH,986.0,522,2,77.37,9.01,46.2,0.958
IAD-SAN,IAD,SAN,2253.0,1402,2,84.39,-4.19,26.0,0.571
CHS-EWR,CHS,EWR,628.0,1341,3,79.15,10.97,62.1,3.579
IAD-SJU,IAD,SJU,1572.0,707,2,75.78,11.88,43.0,0.566
ORD-SJU,ORD,SJU,2072.0,1398,4,73.73,10.34,51.0,2.289
OGG-SFO,OGG,SFO,2338.0,1702,3,90.39,-5.94,14.0,0.764
SFO-OGG,SFO,OGG,2338.0,1702,3,88.0,-7.19,19.0,0.353
IAH-BWI,IAH,BWI,1235.0,1311,4,76.36,9.07,49.0,1.449
IAH-CLE,IAH,CLE,1091.0,825,1,84.79,-0.48,28.0,0.242
MSY-IAD,MSY,IAD,955.0,631,3,91.87,-4.32,9.0,0.634
MIA-IAH,MIA,IAH,964.0,3713,6,77.74,6.31,51.0,1.158
EWR-EYW,EWR,EYW,1196.0,460,2,82.48,1.61,36.0,1.957
EWR-SAN,EWR,SAN,2425.0,1560,2,80.16,-0.68,38.0,2.115
PDX-EWR,PDX,EWR,2434.0,899,2,83.83,-2.63,35.0,1.891
LAX-CLE,LAX,CLE,2052.0,759,2,91.26,-9.62,11.0,0.264
OGG-DEN,OGG,DEN,3302.0,385,1,90.96,-8.82,10.0,1.558
KOA-DEN,KOA,DEN,3329.0,370,1,91.18,-10.99,12.6,1.351
ORF-ORD,ORF,ORD,717.0,1899,6,77.02,6.62,45.0,2.528
CMH-IAD,CMH,IAD,299.0,979,2,85.15,3.11,24.0,0.919
EWR-MSN,EWR,MSN,799.0,435,2,75.06,9.35,73.0,4.828
DFW-ORD,DFW,ORD,802.0,7001,7,68.27,20.03,81.0,2.957
IAH-ONT,IAH,ONT,1334.0,561,2,78.18,3.4,43.6,0.178
EYW-EWR,EYW,EWR,1196.0,460,2,69.82,23.58,75.7,2.391
SFO-HNL,SFO,HNL,2398.0,2466,3,80.93,2.66,30.0,0.811
PIT-IAD,PIT,IAD,182.0,1225,2,88.5,-3.58,19.0,1.306
DEN-SJU,DEN,SJU,2733.0,333,1,82.98,1.5,26.2,0.3
ORD-CHS,ORD,CHS,760.0,2106,6,76.48,6.28,48.0,2.042
IAD-RSW,IAD,RSW,891.0,468,1,87.28,1.77,25.0,0.641
ORD-PBI,ORD,PBI,1144.0,1329,2,70.04,15.88,78.6,1.505
MYR-EWR,MYR,EWR,550.0,975,3,79.98,4.88,53.7,6.974
SNA-IAH,SNA,IAH,1346.0,1092,1,87.79,0.94,17.2,0.0
DEN-DAY,DEN,DAY,1085.0,365,2,73.2,10.87,59.9,0.548
DAY-DEN,DAY,DEN,1085.0,365,2,91.16,-2.65,11.0,0.822
DCA-SFO,DCA,SFO,2442.0,1090,2,73.56,7.14,54.0,0.826
SEA-EWR,SEA,EWR,2402.0,2264,2,82.44,-2.89,37.0,1.943
PIT-SFO,PIT,SFO,2254.0,555,1,80.91,3.44,44.1,0.541
CLT-IAH,CLT,IAH,912.0,2327,4,78.21,6.0,50.0,1.805
EWR-BQN,EWR,BQN,1585.0,365,1,73.52,5.14,39.0,1.918
ORD-ANC,ORD,ANC,2846.0,785,3,72.94,8.66,50.0,0.764
PSP-ORD,PSP,ORD,1651.0,787,2,75.1,15.86,66.2,2.541
ORF-IAD,ORF,IAD,158.0,689,2,90.21,-4.9,13.0,2.177
DFW-CVG,DFW,CVG,812.0,1707,5,69.11,17.08,67.7,2.929
SAN-SEA,SAN,SEA,1050.0,4593,4,81.02,1.84,33.1,1.502
DEN-SRQ,DEN,SRQ,1531.0,314,2,80.13,6.71,46.8,0.637
SRQ-DEN,SRQ,DEN,1531.0,314,2,81.47,7.79,58.6,0.318
DTW-LGA,DTW,LGA,502.0,3936,3,75.31,10.53,59.0,5.132
GSO-MIA,GSO,MIA,710.0,520,3,84.36,0.14,28.0,2.308
MIA-GSO,MIA,GSO,710.0,519,3,79.68,2.76,42.0,2.119
LGA-CLE,LGA,CLE,419.0,1793,2,73.92,9.39,63.0,5.41
JAX-MIA,JAX,MIA,335.0,1492,3,80.88,7.13,41.0,0.67
MIA-IND,MIA,IND,1020.0,934,6,72.55,11.23,64.0,1.285
ORF-LGA,ORF,LGA,296.0,1288,1,75.56,12.78,65.0,5.668
LGA-RDU,LGA,RDU,431.0,2598,4,72.92,10.84,63.2,5.235
SDF-BOS,SDF,BOS,829.0,708,3,71.49,10.74,72.0,2.119
ROA-LGA,ROA,LGA,405.0,347,1,57.89,31.74,117.0,6.052
DCA-LGA,DCA,LGA,214.0,4832,3,66.8,18.99,79.0,5.877
IND-LGA,IND,LGA,660.0,2521,2,81.65,2.28,37.0,4.165
MIA-PIT,MIA,PIT,1013.0,711,4,72.68,8.2,52.0,1.688
EYW-PHL,EYW,PHL,1122.0,493,2,66.24,36.08,115.0,3.245
MIA-GSP,MIA,GSP,637.0,727,2,79.78,1.03,35.0,1.238
MIA-CHS,MIA,CHS,489.0,1006,3,68.55,19.28,69.8,1.193
MSY-MIA,MSY,MIA,674.0,1522,5,79.61,9.31,43.0,1.248
GRR-LGA,GRR,LGA,618.0,940,1,81.21,2.47,42.0,4.787
RDU-PIT,RDU,PIT,328.0,718,2,83.03,1.69,41.0,1.532
MEM-LGA,MEM,LGA,963.0,1064,1,79.2,6.56,61.6,4.699
LGA-PWM,LGA,PWM,269.0,1183,3,78.16,3.13,53.0,5.156
BHM-MIA,BHM,MIA,661.0,651,3,85.6,0.58,29.0,0.614
CLT-BOS,CLT,BOS,728.0,4017,4,76.6,7.08,55.0,2.365
BOS-CLT,BOS,CLT,728.0,4019,4,82.92,0.65,41.0,2.613
SDF-LGA,SDF,LGA,659.0,1037,3,83.64,-1.98,35.0,4.147
JFK-CLT,JFK,CLT,542.0,2001,2,80.97,6.72,48.2,2.849
MYR-BOS,MYR,BOS,738.0,439,4,69.65,14.79,84.0,3.189
BOS-MYR,BOS,MYR,738.0,439,4,73.8,8.91,60.5,5.239
LGA-GRR,LGA,GRR,618.0,940,1,78.99,2.96,53.0,5.319
DCA-LEX,DCA,LEX,414.0,304,1,76.11,13.01,78.0,3.289
IAD-PWM,IAD,PWM,493.0,787,2,88.47,-3.12,17.9,1.906
CMH-EWR,CMH,EWR,463.0,2063,2,82.57,0.18,37.7,4.023
IAD-LGA,IAD,LGA,228.0,999,1,73.95,10.3,57.8,6.507
LGA-IAD,LGA,IAD,228.0,999,1,76.82,8.83,61.9,6.607
EWR-IND,EWR,IND,645.0,2221,3,81.84,2.45,44.0,3.917
SDF-EWR,SDF,EWR,642.0,992,3,86.86,-3.42,23.0,4.335
EWR-ROC,EWR,ROC,246.0,646,2,87.31,-5.42,23.0,5.882
PWM-IAD,PWM,IAD,493.0,686,2,86.53,-0.29,24.0,2.332
MCI-EWR,MCI,EWR,1092.0,489,2,83.73,3.6,52.0,2.863
BTV-IAD,BTV,IAD,441.0,313,2,88.39,1.19,17.4,0.958
CLE-CLT,CLE,CLT,430.0,1790,4,80.24,9.19,50.0,2.291
SGF-DFW,SGF,DFW,364.0,3089,3,80.96,6.62,40.0,2.331
LIT-DCA,LIT,DCA,888.0,364,2,92.8,-8.73,10.0,0.824
CLT-BDL,CLT,BDL,644.0,1677,2,74.33,10.46,55.5,2.147
LIT-PHX,LIT,PHX,1136.0,306,2,85.57,-1.86,21.6,0.327
PHL-SJU,PHL,SJU,1576.0,1932,4,63.16,22.42,79.9,3.261
DFW-LAS,DFW,LAS,1055.0,5132,3,69.05,15.49,69.0,2.553
PHL-MIA,PHL,MIA,1013.0,3247,3,77.37,7.01,50.0,2.402
TPA-CVG,TPA,CVG,773.0,731,2,76.41,12.56,72.0,0.684
ONT-DFW,ONT,DFW,1188.0,2297,2,79.33,11.14,41.0,2.699
DFW-BWI,DFW,BWI,1217.0,1336,4,69.63,14.34,64.0,2.769
DFW-MCO,DFW,MCO,985.0,4902,4,63.66,20.77,84.0,2.713
CLT-MCO,CLT,MCO,468.0,4739,3,71.39,15.29,68.0,1.962
DTW-MIA,DTW,MIA,1145.0,1777,6,80.46,4.07,38.0,1.351
PHL-AUS,PHL,AUS,1431.0,1164,3,76.16,8.8,59.0,1.632
DFW-MIA,DFW,MIA,1121.0,4822,3,68.32,17.47,68.0,2.53
SJU-MIA,SJU,MIA,1045.0,2643,3,78.22,11.16,53.8,0.984
DFW-CLT,DFW,CLT,935.0,3868,3,73.88,10.75,54.0,2.508
DFW-CLE,DFW,CLE,1021.0,1619,4,65.7,18.01,73.0,2.409
MIA-CLT,MIA,CLT,650.0,3722,3,78.5,6.77,47.0,1.531
DFW-PHL,DFW,PHL,1303.0,3470,2,70.17,15.78,67.9,3.285
PHX-PAE,PHX,PAE,1133.0,582,2,88.17,-4.95,17.0,0.859
DFW-FLL,DFW,FLL,1119.0,3050,4,69.45,17.25,69.0,3.311
CVG-LAS,CVG,LAS,1678.0,676,3,80.63,8.23,38.0,1.331
PHL-LAS,PHL,LAS,2177.0,1484,3,76.2,7.3,52.0,1.55
SJU-CLT,SJU,CLT,1475.0,1081,2,85.38,-0.25,32.0,1.665
CLT-SJU,CLT,SJU,1475.0,1081,2,76.79,5.71,43.0,1.48
BRW-ANC,BRW,ANC,725.0,360,1,75.79,8.4,43.8,3.611
WRG-PSG,WRG,PSG,31.0,362,1,84.5,-0.04,26.8,3.867
YAK-JNU,YAK,JNU,199.0,362,1,88.51,-7.32,20.3,3.039
KTN-JNU,KTN,JNU,234.0,362,1,85.71,-4.81,29.3,3.039
ANC-SCC,ANC,SCC,626.0,513,1,88.51,-3.79,20.0,2.144
ADQ-ANC,ADQ,ANC,253.0,866,1,82.43,2.68,36.0,4.042
ANC-ADQ,ANC,ADQ,253.0,866,1,85.21,-1.78,27.0,4.619
ANC-FAI,ANC,FAI,261.0,1417,1,88.67,-4.29,18.8,0.917
PHX-ANC,PHX,ANC,2552.0,435,2,76.18,3.47,40.7,0.0
ANC-PHX,ANC,PHX,2552.0,435,2,86.41,-2.69,24.0,0.0
PDX-KOA,PDX,KOA,2607.0,365,1,85.95,-4.02,21.0,0.0
SEA-OMA,SEA,OMA,1368.0,510,1,82.87,-0.98,28.0,0.0
SEA-CHS,SEA,CHS,2415.0,347,1,87.25,-6.71,21.6,0.288
SAT-SEA,SAT,SEA,1774.0,558,1,78.58,2.69,36.0,1.254
SEA-IND,SEA,IND,1866.0,565,1,77.2,0.8,33.0,1.239
IND-SEA,IND,SEA,1866.0,564,1,74.82,5.8,37.5,1.418
AUS-PDX,AUS,PDX,1715.0,607,1,87.5,-4.09,19.0,0.824
DFW-GRR,DFW,GRR,931.0,987,3,65.72,19.63,77.0,3.343
GRR-DFW,GRR,DFW,931.0,988,3,69.44,28.78,75.2,3.34
DCA-DFW,DCA,DFW,1192.0,3301,1,78.33,6.61,46.0,3.09
STX-MIA,STX,MIA,1139.0,680,1,79.94,12.35,44.8,0.735
MIA-RIC,MIA,RIC,826.0,586,3,70.63,18.31,66.8,1.706
BUF-DFW,BUF,DFW,1212.0,578,2,73.69,10.31,54.8,2.941
TPA-MIA,TPA,MIA,204.0,2935,3,77.88,14.71,56.0,1.09
PHX-KOA,PHX,KOA,2860.0,384,1,82.51,2.16,37.2,0.26
CLT-AUS,CLT,AUS,1032.0,1657,1,72.4,11.96,64.0,1.69
EGE-DFW,EGE,DFW,721.0,874,1,67.61,33.97,112.0,2.632
MTJ-DFW,MTJ,DFW,722.0,579,3,78.39,18.49,69.0,2.418
MEM-MIA,MEM,MIA,859.0,559,3,79.16,13.59,50.4,1.61
MIA-MEM,MIA,MEM,859.0,559,3,61.09,23.39,77.2,1.431
CLT-LAX,CLT,LAX,2125.0,2270,1,79.08,1.82,37.0,0.969
RSW-DCA,RSW,DCA,892.0,832,3,72.05,19.6,75.0,2.524
CLT-ONT,CLT,ONT,2078.0,327,1,77.09,4.37,50.2,1.223
CLT-LAS,CLT,LAS,1916.0,2087,3,79.05,3.19,43.0,1.006
PDX-CLT,PDX,CLT,2282.0,440,1,91.24,-9.2,12.7,1.364
AUS-CLT,AUS,CLT,1032.0,1656,1,79.17,15.72,54.0,1.872
PHX-PHL,PHX,PHL,2076.0,2324,1,85.18,-1.41,27.0,1.549
MDT-CLT,MDT,CLT,413.0,744,2,82.21,6.8,39.0,2.554
PIT-DFW,PIT,DFW,1067.0,1508,2,81.01,6.6,50.0,1.857
PSP-DFW,PSP,DFW,1126.0,997,1,80.0,14.85,40.6,3.21
CLT-RSW,CLT,RSW,600.0,1777,1,78.43,5.83,43.0,1.463
DFW-SJC,DFW,SJC,1438.0,1100,2,71.92,12.43,63.0,1.909
SJC-DFW,SJC,DFW,1438.0,1102,2,81.1,7.51,39.4,2.087
SMF-DFW,SMF,DFW,1431.0,1631,1,80.61,8.02,39.0,2.575
DFW-BOI,DFW,BOI,1272.0,802,1,62.93,22.48,78.0,2.993
BFL-DFW,BFL,DFW,1271.0,310,1,85.81,9.76,27.0,3.871
FAT-DFW,FAT,DFW,1313.0,1362,1,79.97,10.74,43.0,3.01
JFK-SNA,JFK,SNA,2454.0,462,2,84.19,-2.4,31.0,2.381
JFK-STT,JFK,STT,1623.0,544,2,79.17,8.18,48.0,2.574
LAX-CMH,LAX,CMH,1995.0,463,4,82.89,4.45,43.0,1.296
PHL-SAN,PHL,SAN,2370.0,1046,1,79.45,3.8,42.0,1.434
STT-JFK,STT,JFK,1623.0,544,2,78.75,11.61,46.8,3.309
ANC-DFW,ANC,DFW,3043.0,394,1,73.45,28.04,70.2,0.254
GEG-DFW,GEG,DFW,1477.0,559,1,78.62,7.4,40.0,1.789
SYR-CLT,SYR,CLT,603.0,1094,2,80.58,8.03,37.0,1.554
BUR-DFW,BUR,DFW,1231.0,728,1,81.66,2.29,44.0,2.885
MIA-SDF,MIA,SDF,910.0,430,3,65.18,20.77,73.0,1.163
SBP-DFW,SBP,DFW,1360.0,361,2,67.24,27.06,95.0,1.662
MKE-SLC,MKE,SLC,1247.0,363,2,83.29,4.62,31.0,0.826
ROA-ATL,ROA,ATL,357.0,432,2,87.23,0.39,22.0,2.083
SLC-MSP,SLC,MSP,991.0,1589,1,86.98,-1.72,18.0,0.315
ATL-SMF,ATL,SMF,2092.0,1010,1,82.15,3.05,31.4,1.188
MSY-SLC,MSY,SLC,1429.0,455,1,91.35,-2.79,12.0,0.22
SMF-ATL,SMF,ATL,2092.0,1010,1,92.84,-6.29,8.0,1.386
ATL-GEG,ATL,GEG,1969.0,538,1,80.6,1.73,33.0,1.115
DTW-SAT,DTW,SAT,1214.0,944,2,80.62,0.61,35.0,0.742
ATL-HNL,ATL,HNL,4502.0,383,1,78.1,1.14,29.2,0.522
ATL-BOI,ATL,BOI,1838.0,545,1,81.56,3.61,29.8,1.284
DTW-PBI,DTW,PBI,1086.0,475,1,81.02,4.38,32.4,1.263
PIE-AVL,PIE,AVL,519.0,508,1,75.7,10.34,54.9,0.591
GRR-SFB,GRR,SFB,1001.0,400,1,71.97,15.63,63.5,0.75
FLL-TYS,FLL,TYS,709.0,481,1,60.63,30.82,96.0,0.832
AZA-PVU,AZA,PVU,477.0,706,1,79.77,12.64,43.9,0.425
VPS-CVG,VPS,CVG,600.0,416,1,75.06,14.15,62.8,0.481
TYS-SFB,TYS,SFB,511.0,639,1,68.94,19.32,77.0,0.626
LAS-BLI,LAS,BLI,954.0,434,1,86.45,1.19,23.0,1.152
SFB-GRR,SFB,GRR,1001.0,400,1,72.04,16.8,64.6,0.75
PIE-EYW,PIE,EYW,238.0,313,1,82.14,-1.4,40.6,0.639
LAS-MFE,LAS,MFE,1210.0,426,1,89.62,-2.16,15.0,0.469
SFB-CVG,SFB,CVG,735.0,351,1,64.86,24.13,91.0,0.285
PIE-CVG,PIE,CVG,776.0,351,1,72.7,16.04,64.9,0.57
SNA-PVU,SNA,PVU,565.0,407,1,70.94,37.03,75.5,0.246
PIE-GRR,PIE,GRR,1044.0,381,1,75.66,7.35,43.3,0.262
MQT-ORD,MQT,ORD,303.0,744,1,72.8,24.98,97.0,4.973
BMI-ORD,BMI,ORD,116.0,879,1,82.57,7.34,47.2,3.413
LSE-ORD,LSE,ORD,215.0,1051,1,82.0,2.93,48.3,4.662
XNA-ORD,XNA,ORD,522.0,1842,5,77.13,10.11,59.0,2.063
ORD-EVV,ORD,EVV,272.0,699,3,74.4,12.05,60.3,4.292
DFW-RAP,DFW,RAP,835.0,1006,2,80.34,2.41,33.0,1.69
RAP-DFW,RAP,DFW,835.0,1006,2,83.32,3.34,39.6,1.889
DFW-FAR,DFW,FAR,967.0,1086,1,84.27,-1.25,24.0,1.75
ORD-BMI,ORD,BMI,116.0,879,1,77.75,5.77,63.2,3.641
TXK-DFW,TXK,DFW,181.0,723,1,84.98,3.32,36.0,3.043
DCA-XNA,DCA,XNA,963.0,365,1,77.23,12.93,63.4,4.932
TLH-MIA,TLH,MIA,402.0,1191,3,80.74,8.07,37.0,0.42
DFW-GGG,DFW,GGG,140.0,718,1,82.61,6.89,36.0,2.925
DFW-TXK,DFW,TXK,181.0,723,1,82.43,5.17,33.1,3.181
MIA-SRQ,MIA,SRQ,178.0,333,2,84.68,4.35,28.0,0.0
DFW-GNV,DFW,GNV,900.0,703,2,84.97,0.63,35.0,1.28
ACY-PBI,ACY,PBI,936.0,326,1,82.35,0.61,37.5,5.521
SLC-RDU,SLC,RDU,1824.0,383,1,88.3,-3.48,20.5,1.305
ACK-JFK,ACK,JFK,199.0,301,2,72.26,12.01,79.7,8.97
MVY-LGA,MVY,LGA,175.0,321,1,79.94,5.56,41.0,3.738
ROC-BOS,ROC,BOS,343.0,384,2,83.65,0.1,45.0,2.865
BGR-EWR,BGR,EWR,393.0,482,1,69.87,13.0,63.0,4.979
EWR-GSP,EWR,GSP,594.0,776,1,85.71,-4.15,29.6,5.284
EWR-BGR,EWR,BGR,393.0,483,1,83.7,3.69,33.1,4.762
PIT-ORD,PIT,ORD,413.0,4003,5,78.82,10.82,53.0,2.198
SFO-BUR,SFO,BUR,326.0,3062,3,76.1,7.6,54.0,1.078
DEN-RAP,DEN,RAP,301.0,2867,2,78.06,8.46,50.0,0.977
TUS-DEN,TUS,DEN,639.0,2740,4,83.38,4.04,34.0,0.547
DEN-DSM,DEN,DSM,589.0,2331,4,80.42,4.78,40.7,0.515
ATW-ORD,ATW,ORD,160.0,2430,2,71.08,15.85,82.0,4.733
BZN-DEN,BZN,DEN,524.0,2722,3,77.42,5.08,46.0,0.404
OTH-SFO,OTH,SFO,412.0,316,1,62.74,28.47,74.1,0.633
DEN-FSD,DEN,FSD,483.0,1819,3,82.38,5.33,37.0,0.88
STL-DEN,STL,DEN,770.0,3676,4,75.53,10.36,53.0,0.272
DEN-MOT,DEN,MOT,604.0,1108,1,75.07,12.48,58.0,1.083
DEN-DRO,DEN,DRO,251.0,2187,2,80.68,5.41,40.0,0.914
IAH-SHV,IAH,SHV,192.0,1202,1,74.75,15.65,52.0,1.082
EUG-DEN,EUG,DEN,996.0,1267,3,79.81,6.99,45.0,0.395
ORD-TVC,ORD,TVC,224.0,2770,5,67.97,23.73,84.0,4.801
MHK-ORD,MHK,ORD,501.0,575,2,77.22,11.96,75.8,3.652
SHV-DFW,SHV,DFW,190.0,2125,3,76.4,17.96,68.9,3.718
SBN-DFW,SBN,DFW,846.0,984,2,73.61,17.7,79.4,2.337
DFW-STL,DFW,STL,550.0,2382,5,68.36,21.17,81.0,3.065
STL-DFW,STL,DFW,550.0,2381,5,75.16,19.03,75.0,3.276
TUS-LAX,TUS,LAX,451.0,2589,2,86.38,0.25,26.0,0.425
PHX-FAT,PHX,FAT,493.0,1475,3,79.67,8.41,45.0,0.475
BNA-ORD,BNA,ORD,409.0,5029,9,71.56,19.93,77.0,2.923
PHX-PSP,PHX,PSP,261.0,1444,3,78.07,10.17,56.0,0.97
PDX-LAX,PDX,LAX,833.0,4345,4,86.79,-0.27,21.0,0.69
SDF-DFW,SDF,DFW,733.0,2002,5,74.82,18.49,64.0,3.497
DFW-AEX,DFW,AEX,285.0,1045,2,84.13,0.57,32.0,3.828
LAX-TUS,LAX,TUS,451.0,2600,2,79.64,7.49,48.0,0.385
LAX-TUL,LAX,TUL,1283.0,375,2,91.18,-1.5,12.0,0.267
ORD-RST,ORD,RST,268.0,1057,2,65.17,26.55,85.9,4.825
TUL-LAX,TUL,LAX,1283.0,376,2,86.93,1.93,20.0,0.266
JAC-LAX,JAC,LAX,784.0,679,2,78.8,7.35,51.0,1.62
DFW-CRP,DFW,CRP,355.0,2512,3,80.34,5.58,40.0,2.787
ASE-DFW,ASE,DFW,701.0,1185,1,66.7,25.89,106.2,7.173
ORD-MCI,ORD,MCI,403.0,4197,6,72.1,14.39,64.0,2.597
OKC-ORD,OKC,ORD,693.0,2616,4,75.12,14.66,71.0,3.02
SPS-DFW,SPS,DFW,113.0,729,2,83.71,6.67,37.5,3.155
ORD-SPI,ORD,SPI,174.0,708,2,75.26,11.56,61.6,3.249
PHX-ELP,PHX,ELP,347.0,2488,4,76.66,9.02,44.0,0.643
MAF-DFW,MAF,DFW,309.0,2921,3,82.9,8.46,45.0,3.081
DFW-CLL,DFW,CLL,164.0,1213,2,85.58,-1.66,26.9,3.133
DSM-ORD,DSM,ORD,299.0,3411,6,73.94,17.54,66.0,4.134
SAF-DFW,SAF,DFW,551.0,1762,2,79.05,7.11,52.0,2.838
PSP-PHX,PSP,PHX,261.0,1444,3,80.14,12.26,57.0,0.9
ORD-ELP,ORD,ELP,1236.0,724,5,72.34,8.68,59.0,2.21
LAX-SMF,LAX,SMF,373.0,5640,5,84.69,1.22,28.0,0.39
DFW-ASE,DFW,ASE,701.0,1187,1,68.47,15.34,82.9,4.465
SEA-LAX,SEA,LAX,954.0,7454,6,82.67,2.02,28.0,0.845
DFW-LBB,DFW,LBB,282.0,2622,4,79.64,8.64,51.0,2.67
LBB-DFW,LBB,DFW,282.0,2622,4,82.54,7.3,44.0,2.555
PHX-SBP,PHX,SBP,509.0,1259,3,84.05,3.45,31.0,0.794
DTW-ORD,DTW,ORD,235.0,5956,8,72.57,17.52,71.4,3.24
PHX-SLC,PHX,SLC,507.0,5773,6,83.04,2.4,31.0,0.502
IDA-DFW,IDA,DFW,1095.0,529,1,74.17,16.78,73.0,1.701
LAX-JAC,LAX,JAC,784.0,679,2,81.02,1.85,32.7,0.884
DFW-ROW,DFW,ROW,435.0,827,2,80.79,2.32,40.0,2.297
SAT-LAX,SAT,LAX,1211.0,1846,4,86.48,1.01,25.0,0.433
ONT-PHX,ONT,PHX,325.0,3027,4,82.48,5.64,32.0,0.628
STS-SAN,STS,SAN,508.0,1009,2,74.92,9.88,47.4,2.973
STS-BUR,STS,BUR,387.0,671,2,81.57,-0.01,33.0,2.534
GEG-SFO,GEG,SFO,733.0,896,2,73.29,12.47,64.0,0.335
SBP-SAN,SBP,SAN,263.0,467,1,78.65,9.56,43.6,3.854
BUR-BOI,BUR,BOI,656.0,429,2,84.94,-5.52,27.6,0.466
PSP-SEA,PSP,SEA,987.0,1649,3,87.28,-4.19,20.0,1.213
SEA-BLI,SEA,BLI,93.0,1216,1,85.02,0.99,27.0,2.303
AUS-SAN,AUS,SAN,1164.0,2561,3,74.29,7.22,48.0,1.171
SEA-SLC,SEA,SLC,689.0,4124,4,83.58,0.14,27.5,0.849
BLI-SEA,BLI,SEA,93.0,1217,1,83.19,2.56,28.1,2.136
SAN-BOI,SAN,BOI,749.0,1031,3,79.26,3.21,42.0,0.388
SEA-TUS,SEA,TUS,1215.0,1065,3,82.74,1.02,26.0,0.469
TUS-SEA,TUS,SEA,1215.0,1065,3,86.11,-1.02,21.0,0.657
SMF-SAN,SMF,SAN,480.0,5180,3,71.99,10.96,44.0,0.985
LAX-STS,LAX,STS,399.0,728,2,88.9,-5.22,18.0,2.335
BOI-LAS,BOI,LAS,519.0,1363,5,81.1,3.56,35.0,0.22
SEA-STS,SEA,STS,618.0,428,2,84.1,-0.61,28.0,2.103
RNO-SEA,RNO,SEA,564.0,904,2,76.48,5.39,38.8,1.106
EUG-SAN,EUG,SAN,850.0,474,3,77.04,4.0,38.0,0.844
SAN-SLC,SAN,SLC,626.0,3011,4,84.39,1.35,29.0,0.697
MDW-DTW,MDW,DTW,228.0,1254,2,76.7,6.95,39.9,1.675
SLC-LGB,SLC,LGB,588.0,1567,3,87.31,-2.75,21.0,0.383
SLC-FAT,SLC,FAT,501.0,1366,1,93.81,-5.77,7.0,0.512
OKC-MSP,OKC,MSP,694.0,372,2,87.77,0.66,18.0,0.806
SBA-SLC,SBA,SLC,615.0,1060,2,95.05,-10.24,3.0,0.943
SLC-RDM,SLC,RDM,525.0,729,1,93.74,-3.69,8.0,0.412
AUS-MAF,AUS,MAF,294.0,600,2,79.03,7.24,41.5,0.5
SEA-SJC,SEA,SJC,696.0,4384,5,81.28,1.99,32.0,0.57
SJC-SEA,SJC,SEA,696.0,4381,5,83.41,-1.68,29.0,0.616
DTW-SDF,DTW,SDF,306.0,1128,4,78.53,10.85,54.8,1.241
DTW-MKE,DTW,MKE,237.0,1498,4,76.34,12.72,66.0,1.335
SLC-LWS,SLC,LWS,461.0,365,1,93.13,-7.98,7.0,0.0
BNA-AUS,BNA,AUS,756.0,3028,2,80.35,2.69,39.0,0.495
SLC-OMA,SLC,OMA,840.0,755,1,89.76,-3.36,15.0,0.132
AZO-DTW,AZO,DTW,113.0,1027,1,77.29,18.69,99.0,2.24
OMA-DTW,OMA,DTW,650.0,1145,2,81.48,5.65,49.7,0.699
ABQ-SLC,ABQ,SLC,493.0,1154,1,93.59,-7.57,6.7,0.0
RNO-SLC,RNO,SLC,422.0,1198,2,90.71,-2.69,13.0,0.167
SLC-OKC,SLC,OKC,866.0,720,1,89.5,-2.89,15.0,0.556
SJC-LAX,SJC,LAX,308.0,4476,6,85.84,-2.55,23.0,0.849
SUN-SLC,SUN,SLC,222.0,1078,1,94.19,-7.78,2.3,0.742
AUS-MEM,AUS,MEM,559.0,365,1,78.61,8.45,63.3,1.37
MSP-GFK,MSP,GFK,284.0,1078,1,83.57,5.14,32.2,1.484
SLC-BZN,SLC,BZN,347.0,1162,2,88.16,-1.79,18.2,0.516
DLH-MSP,DLH,MSP,144.0,1206,2,82.35,6.37,50.6,2.653
MSP-DLH,MSP,DLH,144.0,1207,2,80.48,9.25,54.8,2.651
RIC-DTW,RIC,DTW,455.0,650,4,86.16,-0.3,31.0,0.923
SLC-JAC,SLC,JAC,205.0,1219,2,87.51,0.18,21.0,0.82
STL-SLC,STL,SLC,1156.0,990,3,87.33,3.77,22.2,0.909
SLC-GEG,SLC,GEG,546.0,1671,2,86.23,1.62,27.0,0.479
ALB-DTW,ALB,DTW,489.0,1095,2,83.1,8.42,44.4,1.553
SLC-RNO,SLC,RNO,422.0,1198,2,87.95,-1.2,21.6,0.167
LGB-SLC,LGB,SLC,588.0,1567,3,89.27,-2.41,16.0,0.447
LAX-SAN,LAX,SAN,109.0,2447,2,85.35,2.44,26.0,0.94
DTW-GSP,DTW,GSP,508.0,551,2,75.75,12.86,59.0,2.541
DTW-SAV,DTW,SAV,705.0,595,2,78.36,6.26,46.4,1.176
ELM-DTW,ELM,DTW,331.0,925,1,83.77,5.05,46.9,1.405
SEA-MFR,SEA,MFR,352.0,1274,1,87.66,0.19,20.0,1.02
GRR-MSP,GRR,MSP,408.0,1248,2,80.42,4.98,48.0,1.202
MSP-OKC,MSP,OKC,694.0,370,1,77.69,8.35,51.6,1.081
SLC-FCA,SLC,FCA,532.0,1111,2,90.08,-1.23,14.0,0.72
DTW-ROC,DTW,ROC,296.0,483,2,75.8,20.12,90.0,2.277
ROC-DTW,ROC,DTW,296.0,482,2,78.72,17.55,71.2,2.49
MSO-SLC,MSO,SLC,436.0,1059,2,91.4,-4.88,9.0,0.944
SLC-MSO,SLC,MSO,436.0,1059,2,88.91,-0.28,17.0,0.944
MSP-SBN,MSP,SBN,411.0,365,1,76.04,15.05,72.2,1.37
MSP-SDF,MSP,SDF,604.0,526,1,82.24,0.26,39.6,1.141
SDF-MSP,SDF,MSP,604.0,527,1,81.57,6.41,36.0,1.139
IDA-SLC,IDA,SLC,189.0,1193,2,91.84,-1.37,10.0,0.419
ATW-DTW,ATW,DTW,296.0,1069,2,79.32,10.97,78.4,1.403
MKE-DTW,MKE,DTW,237.0,1498,4,79.58,12.91,69.8,1.402
DTW-FWA,DTW,FWA,128.0,679,1,73.44,19.64,88.7,0.589
SGF-ATL,SGF,ATL,563.0,591,2,82.62,7.61,40.0,1.184
MSY-AUS,MSY,AUS,445.0,1999,3,77.81,6.35,42.0,0.4
LGA-OKC,LGA,OKC,1341.0,774,2,72.59,11.83,69.0,5.943
IND-AUS,IND,AUS,919.0,1272,3,84.91,-0.15,26.0,0.236
ONT-SEA,ONT,SEA,956.0,2505,4,86.35,-1.28,22.0,1.078
DTW-MEM,DTW,MEM,610.0,1012,4,77.42,11.27,68.6,1.68
DTW-PIT,DTW,PIT,201.0,984,3,78.48,10.4,60.0,0.711
SGU-SLC,SGU,SLC,272.0,1719,1,93.59,-8.65,6.0,0.175
EKO-SLC,EKO,SLC,200.0,578,1,95.64,-14.99,-5.0,0.692
MSP-XWA,MSP,XWA,553.0,1039,1,77.22,15.36,50.0,1.54
BRD-MSP,BRD,MSP,114.0,631,1,85.99,-2.57,34.0,1.585
DEN-FAR,DEN,FAR,627.0,1422,3,79.22,8.02,51.2,0.844
HSV-DEN,HSV,DEN,1048.0,728,1,84.55,0.58,31.0,0.137
CRW-ORD,CRW,ORD,416.0,948,1,64.93,29.01,96.0,4.008
ORD-FWA,ORD,FWA,157.0,2765,3,64.4,22.99,88.9,4.557
CPR-DEN,CPR,DEN,230.0,2600,1,82.98,2.82,41.0,0.769
AUS-IAH,AUS,IAH,140.0,2695,2,75.93,9.31,34.8,1.15
DEN-BIS,DEN,BIS,516.0,1466,1,76.27,13.06,64.7,0.614
DEN-MTJ,DEN,MTJ,197.0,1416,3,75.53,9.63,49.0,0.071
LIT-DEN,LIT,DEN,771.0,1572,4,80.17,5.84,48.0,0.636
MLI-DEN,MLI,DEN,751.0,366,1,82.97,4.14,41.5,0.273
DEN-AVL,DEN,AVL,1248.0,427,3,86.46,3.58,23.0,0.937
MRY-DEN,MRY,DEN,959.0,728,2,93.21,-9.52,5.0,0.275
GEG-ORD,GEG,ORD,1498.0,714,3,65.04,20.93,69.2,1.541
PSC-DEN,PSC,DEN,853.0,728,2,89.43,-5.69,15.0,0.549
BFL-SFO,BFL,SFO,238.0,583,1,74.44,9.93,43.2,0.686
AVL-DEN,AVL,DEN,1248.0,426,3,79.95,8.7,55.2,1.174
BIL-DEN,BIL,DEN,455.0,1778,2,82.21,1.78,39.0,0.731
BOI-SFO,BOI,SFO,522.0,1716,2,68.49,17.23,71.0,0.466
ORD-GRB,ORD,GRB,173.0,2698,3,70.54,16.8,73.8,4.448
LEX-DEN,LEX,DEN,1086.0,365,2,85.32,2.49,26.0,0.822
AMA-DEN,AMA,DEN,359.0,685,1,78.14,8.87,61.3,2.044
DEN-EUG,DEN,EUG,996.0,1268,3,73.36,9.69,43.0,0.237
IAH-LIT,IAH,LIT,374.0,651,1,77.28,9.72,52.4,0.461
DEN-ATW,DEN,ATW,883.0,411,3,69.7,10.53,62.0,0.73
GRB-ORD,GRB,ORD,173.0,2698,3,72.52,16.08,72.8,4.448
FAT-DEN,FAT,DEN,844.0,1449,3,87.83,-2.11,21.5,0.0
RNO-SFO,RNO,SFO,192.0,1928,2,61.87,18.63,69.0,1.4
ORD-CAK,ORD,CAK,344.0,2028,3,65.13,27.83,100.0,5.572
MAF-IAH,MAF,IAH,429.0,777,2,82.25,6.92,29.0,0.515
MAF-DEN,MAF,DEN,563.0,1506,2,83.19,5.95,37.4,0.863
GRI-DFW,GRI,DFW,562.0,707,1,74.89,20.92,98.0,2.829
DFW-MHK,DFW,MHK,431.0,1088,2,82.21,3.11,35.4,2.482
LAX-XNA,LAX,XNA,1371.0,442,2,88.21,-3.4,23.0,0.226
ORD-CVG,ORD,CVG,264.0,4672,6,73.36,13.37,66.0,3.232
ORD-RIC,ORD,RIC,642.0,2223,4,71.67,15.1,60.0,2.924
PHX-SJC,PHX,SJC,621.0,2987,4,78.28,5.81,38.0,0.502
LAX-IAH,LAX,IAH,1379.0,5216,5,84.85,1.19,27.0,0.498
PHX-PSC,PHX,PSC,962.0,693,1,85.26,1.23,29.9,0.144
STS-PHX,STS,PHX,699.0,693,3,76.92,10.73,40.2,0.433
DFW-TUL,DFW,TUL,237.0,2781,4,72.7,14.31,61.0,3.128
DFW-SAT,DFW,SAT,247.0,4376,4,67.03,21.5,80.0,3.154
LAX-STL,LAX,STL,1592.0,1027,2,76.25,7.72,38.2,0.584
DDC-DEN,DDC,DEN,292.0,627,1,75.69,23.55,86.0,1.276
ORD-SUX,ORD,SUX,436.0,365,1,61.7,36.97,90.7,4.932
DEN-ATY,DEN,ATY,519.0,362,1,85.0,0.01,34.1,0.276
IAD-MGW,IAD,MGW,140.0,362,1,73.65,46.57,125.2,6.077
ORD-MCW,ORD,MCW,288.0,627,1,71.72,13.28,69.0,6.22
BTM-DEN,BTM,DEN,578.0,365,1,80.44,8.15,44.8,0.274
EAU-ORD,EAU,ORD,269.0,626,1,72.01,27.55,91.8,4.952
DEN-RKS,DEN,RKS,260.0,728,1,78.16,11.65,47.0,0.549
EAR-DEN,EAR,DEN,305.0,626,1,86.29,3.68,27.1,0.639
JST-IAD,JST,IAD,119.0,330,1,73.98,39.08,239.2,3.333
IAD-JST,IAD,JST,119.0,330,1,76.11,35.08,126.2,3.636
DEN-DVL,DEN,DVL,638.0,627,1,85.95,-2.86,28.0,1.914
DEN-SGU,DEN,SGU,517.0,1074,1,80.39,6.0,40.5,0.279
LAX-PRC,LAX,PRC,346.0,364,1,84.17,18.63,41.0,0.275
PRC-LAX,PRC,LAX,346.0,364,1,84.02,6.17,28.0,0.275
JLN-DEN,JLN,DEN,582.0,327,1,71.38,20.23,79.3,0.612
DEN-PIR,DEN,PIR,385.0,661,1,81.61,8.35,51.4,1.664
ORD-JLN,ORD,JLN,484.0,365,1,69.32,22.51,81.7,2.74
SLN-DEN,SLN,DEN,383.0,365,1,84.93,8.97,50.6,0.0
SLN-ORD,SLN,ORD,559.0,362,1,82.52,6.4,42.8,3.315
PRC-DEN,PRC,DEN,558.0,608,1,83.69,11.82,41.0,0.658
DEN-AMA,DEN,AMA,359.0,684,1,76.3,7.76,59.0,1.754
DEN-XNA,DEN,XNA,616.0,1314,3,82.02,3.46,35.0,0.533
SBP-DEN,SBP,DEN,931.0,724,2,81.88,14.06,50.9,0.552
SAF-DEN,SAF,DEN,303.0,1653,1,79.55,7.59,48.3,1.089
SFO-RDD,SFO,RDD,199.0,877,1,72.63,31.82,81.2,1.938
ATW-DEN,ATW,DEN,883.0,411,3,81.57,5.65,46.0,0.973
SDF-ORD,SDF,ORD,286.0,2796,6,79.64,5.79,46.0,2.861
DEN-MCI,DEN,MCI,533.0,4321,4,76.72,8.49,48.0,0.347
LAX-SUN,LAX,SUN,696.0,328,1,87.16,-2.51,29.4,0.0
IAH-TUL,IAH,TUL,429.0,1087,2,82.27,4.75,37.0,0.368
MSY-ORD,MSY,ORD,837.0,2401,7,78.46,10.85,47.0,2.541
ORD-GSO,ORD,GSO,589.0,1564,3,77.92,5.3,46.0,3.005
BWI-ORD,BWI,ORD,622.0,2689,8,75.98,13.73,54.0,2.417
DEN-LBB,DEN,LBB,456.0,982,2,72.38,18.15,68.8,1.426
ORD-PVD,ORD,PVD,849.0,1686,5,69.67,15.76,71.0,3.44
SFO-TUS,SFO,TUS,751.0,945,2,78.11,7.27,46.0,0.317
MEM-IAH,MEM,IAH,468.0,1086,2,80.07,5.7,39.0,1.105
ORD-MDT,ORD,MDT,594.0,2131,5,73.57,12.15,59.0,3.285
STL-IAH,STL,IAH,667.0,423,2,80.62,-0.64,31.0,1.182
FSD-DEN,FSD,DEN,483.0,1820,3,80.42,6.57,45.0,1.319
SFO-ASE,SFO,ASE,848.0,378,1,69.14,31.68,93.6,2.381
SFO-MSP,SFO,MSP,1589.0,1913,3,80.03,2.11,37.0,0.68
JAC-DEN,JAC,DEN,406.0,1631,2,79.0,5.82,47.0,1.41
RAP-DEN,RAP,DEN,301.0,2867,2,80.08,4.69,40.0,1.116
DEN-PSP,DEN,PSP,776.0,2026,4,76.9,6.39,44.0,0.444
DEN-LNK,DEN,LNK,423.0,1588,1,76.9,11.76,61.0,0.756
ACV-DEN,ACV,DEN,1026.0,370,1,76.58,18.25,91.0,1.351
XNA-DEN,XNA,DEN,616.0,1313,3,80.78,6.49,44.0,0.762
SFO-RNO,SFO,RNO,192.0,1928,2,73.83,11.57,55.0,1.089
TUS-ORD,TUS,ORD,1437.0,1040,4,76.56,11.94,60.0,1.442
ORD-SDF,ORD,SDF,286.0,2793,6,76.39,8.01,55.0,3.58
LAX-BZN,LAX,BZN,902.0,542,2,89.09,-3.87,20.0,0.0
BZN-ORD,BZN,ORD,1185.0,1267,4,73.49,14.83,68.0,1.105
DEN-CID,DEN,CID,692.0,1128,3,80.25,7.43,43.0,0.621
BUR-PHX,BUR,PHX,369.0,3119,4,83.17,4.45,36.0,0.994
PHX-ICT,PHX,ICT,870.0,769,3,77.87,6.13,38.0,0.91
IAH-PNS,IAH,PNS,489.0,565,3,74.19,11.89,67.0,0.708
PNS-IAH,PNS,IAH,489.0,565,3,83.51,7.31,48.3,1.239
DEN-MSP,DEN,MSP,680.0,5845,5,78.45,5.36,41.0,0.582
CHA-ORD,CHA,ORD,501.0,954,3,71.51,13.72,62.0,4.088
MSP-ORD,MSP,ORD,334.0,6344,8,70.58,16.97,69.0,2.759
ORD-CHA,ORD,CHA,501.0,956,3,69.54,15.45,71.5,5.021
ORD-MSP,ORD,MSP,334.0,6344,8,70.22,17.75,67.0,2.569
PSP-LAX,PSP,LAX,110.0,483,1,85.24,1.75,22.0,0.414
ORD-ROC,ORD,ROC,528.0,2336,4,74.2,10.26,54.0,2.44
ABQ-ORD,ABQ,ORD,1118.0,1146,5,78.42,9.74,56.0,1.571
PDX-ONT,PDX,ONT,838.0,566,3,83.81,1.67,24.0,0.53
STS-LAS,STS,LAS,454.0,346,2,80.52,6.51,49.4,0.578
ABQ-AUS,ABQ,AUS,619.0,830,1,78.6,5.42,43.0,0.241
ABQ-BWI,ABQ,BWI,1670.0,400,1,84.44,0.72,22.0,1.0
ABQ-LAS,ABQ,LAS,486.0,1719,2,82.56,2.45,32.0,0.291
ABQ-SAN,ABQ,SAN,628.0,684,1,79.82,3.19,37.0,0.439
ALB-MCO,ALB,MCO,1073.0,1040,2,78.36,4.67,39.0,0.962
ALB-MDW,ALB,MDW,717.0,728,1,81.37,3.98,32.7,1.511
ATL-BNA,ATL,BNA,214.0,4268,2,80.41,6.3,39.0,1.687
ATL-DEN,ATL,DEN,1199.0,5595,4,78.23,6.28,42.5,1.09
ATL-HOU,ATL,HOU,696.0,2879,2,80.52,3.79,34.7,1.32
ATL-MCI,ATL,MCI,692.0,3272,5,82.81,5.18,34.0,1.161
ATL-MSY,ATL,MSY,425.0,4025,5,81.16,4.49,36.0,1.491
ATL-STL,ATL,STL,484.0,3685,3,82.03,3.62,34.0,1.52
AUS-BOS,AUS,BOS,1698.0,1673,3,65.13,23.11,81.0,2.451
AUS-BUR,AUS,BUR,1241.0,346,1,65.99,12.91,50.1,0.289
AUS-BWI,AUS,BWI,1342.0,1287,1,76.84,5.76,37.0,1.554
AUS-LGB,AUS,LGB,1226.0,428,1,68.22,9.26,42.3,0.0
AUS-MCI,AUS,MCI,650.0,981,2,74.69,11.45,50.0,0.408
AUS-OKC,AUS,OKC,358.0,318,1,77.6,6.13,38.4,0.0
AUS-PHX,AUS,PHX,872.0,3388,5,78.91,9.11,45.0,0.767
AUS-RDU,AUS,RDU,1162.0,521,1,73.55,9.18,45.0,0.576
AUS-SMF,AUS,SMF,1481.0,385,1,72.4,10.58,43.0,0.26
AUS-STL,AUS,STL,721.0,973,1,77.53,6.0,34.0,0.103
AUS-TPA,AUS,TPA,928.0,1532,3,75.66,8.7,47.2,0.587
BDL-BNA,BDL,BNA,852.0,390,2,84.97,-0.63,22.0,1.026
BDL-DEN,BDL,DEN,1671.0,890,2,83.87,0.69,27.0,1.011
BDL-TPA,BDL,TPA,1111.0,682,2,75.45,6.51,42.0,1.613
BHM-BNA,BHM,BNA,177.0,515,1,74.71,8.45,39.0,0.971
BHM-BWI,BHM,BWI,682.0,337,1,81.38,5.76,33.8,1.187
BNA-ALB,BNA,ALB,825.0,436,2,82.3,-1.41,29.6,0.229
BNA-BDL,BNA,BDL,852.0,391,2,79.79,2.56,28.5,1.023
BNA-BOS,BNA,BOS,942.0,2935,6,68.7,15.13,65.0,2.044
BNA-BUF,BNA,BUF,633.0,370,1,75.41,7.58,36.0,0.811
BNA-GSP,BNA,GSP,265.0,668,1,70.69,12.88,54.0,0.749
BNA-MCO,BNA,MCO,616.0,3510,4,74.25,8.6,49.0,1.567
BNA-MSP,BNA,MSP,695.0,1745,2,82.05,0.91,29.0,1.605
BNA-ONT,BNA,ONT,1751.0,336,1,68.96,8.98,41.6,0.298
BNA-RDU,BNA,RDU,442.0,2214,2,75.96,8.18,40.4,1.852
BOI-OAK,BOI,OAK,512.0,554,1,83.94,1.12,26.0,0.0
BOS-MDW,BOS,MDW,861.0,1361,1,72.21,11.06,57.0,1.91
BOS-STL,BOS,STL,1047.0,1612,3,76.19,6.36,50.0,1.551
BUF-LAS,BUF,LAS,1986.0,302,1,81.94,-1.3,28.0,0.662
BUR-AUS,BUR,AUS,1241.0,346,1,80.81,3.48,32.7,0.0
BUR-BNA,BUR,BNA,1791.0,329,1,81.54,5.58,34.6,0.912
BUR-SMF,BUR,SMF,358.0,2609,1,86.36,-3.21,25.0,1.648
BWI-ALB,BWI,ALB,288.0,1760,1,81.43,3.01,30.0,1.705
BWI-CMH,BWI,CMH,337.0,1056,1,79.67,6.32,42.3,1.515
BWI-DEN,BWI,DEN,1491.0,2814,3,77.12,5.54,38.0,1.173
BWI-GSP,BWI,GSP,426.0,720,1,81.66,4.62,38.2,1.528
BWI-IND,BWI,IND,516.0,1219,1,77.49,6.48,37.0,1.231
BWI-MDW,BWI,MDW,611.0,1838,2,76.02,8.7,47.6,2.176
BWI-MHT,BWI,MHT,377.0,1744,1,84.16,1.09,29.0,1.089
BWI-MSP,BWI,MSP,936.0,1409,2,79.8,5.78,35.0,1.845
BWI-MYR,BWI,MYR,399.0,1038,1,80.18,4.68,39.7,1.349
BWI-PVD,BWI,PVD,327.0,1867,1,80.33,3.21,31.0,2.089
BWI-PWM,BWI,PWM,452.0,1342,1,80.8,2.79,30.0,1.416
BWI-SFO,BWI,SFO,2457.0,1054,2,69.64,8.47,52.0,0.854
BWI-SJU,BWI,SJU,1565.0,1162,3,66.93,18.71,62.0,2.41
BZN-LAS,BZN,LAS,701.0,598,2,83.22,2.03,35.0,0.334
CHS-BNA,CHS,BNA,439.0,986,1,78.02,5.79,36.0,0.609
CLE-BNA,CLE,BNA,448.0,1040,3,84.37,0.11,25.0,0.769
CLE-DEN,CLE,DEN,1201.0,1839,3,82.29,2.21,36.0,0.544
CLE-PHX,CLE,PHX,1737.0,988,3,76.84,5.52,36.0,0.81
CLT-DEN,CLT,DEN,1337.0,2790,5,77.6,4.75,46.6,1.254
CLT-MDW,CLT,MDW,584.0,719,1,76.47,8.88,42.0,1.947
CMH-DCA,CMH,DCA,323.0,2051,4,69.72,14.0,61.0,3.023
CMH-DEN,CMH,DEN,1154.0,1769,3,80.07,6.41,34.0,0.622
CMH-MCO,CMH,MCO,802.0,2148,4,78.07,8.41,49.0,1.49
CMH-MIA,CMH,MIA,990.0,1154,4,83.55,0.31,28.0,0.347
CMH-PHX,CMH,PHX,1670.0,1148,2,82.3,7.49,35.0,1.22
CMH-RSW,CMH,RSW,930.0,652,1,80.13,6.83,38.0,1.534
CMH-TPA,CMH,TPA,829.0,901,1,83.91,0.23,28.0,1.11
COS-DAL,COS,DAL,602.0,799,1,81.77,3.94,36.1,0.876
CVG-BNA,CVG,BNA,230.0,521,1,80.12,4.43,32.0,0.576
DAL-ABQ,DAL,ABQ,580.0,1626,1,77.09,7.12,42.0,1.353
DAL-BWI,DAL,BWI,1209.0,1814,1,74.6,10.6,42.0,1.929
DAL-CLT,DAL,CLT,926.0,377,1,59.14,21.51,67.8,1.061
DAL-FLL,DAL,FLL,1108.0,548,1,60.93,18.33,62.1,1.277
DAL-HRL,DAL,HRL,458.0,378,1,69.41,12.74,48.0,0.529
DAL-JAX,DAL,JAX,906.0,350,1,59.6,19.38,63.0,0.286
DAL-LGA,DAL,LGA,1381.0,1536,1,60.96,23.17,78.1,3.06
DAL-ORD,DAL,ORD,798.0,450,1,74.89,9.34,48.9,0.889
DAL-RDU,DAL,RDU,1052.0,421,1,63.53,16.2,56.0,1.663
DAL-SDF,DAL,SDF,725.0,350,1,74.57,9.82,45.5,1.143
DAL-SJC,DAL,SJC,1450.0,427,1,66.35,13.0,53.0,1.639
DAL-SLC,DAL,SLC,999.0,674,1,71.62,10.05,46.5,1.039
DAL-STL,DAL,STL,546.0,1939,1,76.35,8.7,47.0,1.392
DAL-TUL,DAL,TUL,237.0,1049,1,77.94,5.59,43.3,0.953
DCA-ATL,DCA,ATL,547.0,6801,6,78.33,7.15,52.0,3.323
DCA-CMH,DCA,CMH,323.0,2052,4,77.84,7.6,46.0,3.119
DCA-HOU,DCA,HOU,1218.0,1053,1,76.69,5.56,47.0,1.804
DCA-STL,DCA,STL,719.0,2414,5,73.49,11.28,56.0,2.444
DCA-TPA,DCA,TPA,814.0,2243,3,74.15,11.16,63.0,2.452
DEN-ATL,DEN,ATL,1199.0,5602,4,79.38,3.29,41.0,0.91
DEN-BNA,DEN,BNA,1013.0,3641,3,75.19,8.48,47.0,0.577
DEN-BOS,DEN,BOS,1754.0,3872,4,70.88,12.63,68.0,1.369
DEN-BUF,DEN,BUF,1359.0,587,3,67.69,15.27,68.0,0.17
DEN-BUR,DEN,BUR,850.0,2173,4,73.78,8.43,49.0,0.276
DEN-DTW,DEN,DTW,1123.0,3094,5,77.99,5.94,45.1,0.356
DEN-FLL,DEN,FLL,1703.0,1606,3,76.54,7.22,42.0,0.436
DEN-GRR,DEN,GRR,1015.0,1235,4,76.24,7.84,41.0,0.162
DEN-LGA,DEN,LGA,1620.0,4667,4,71.89,11.92,62.0,2.764
DEN-LGB,DEN,LGB,854.0,1005,1,73.35,8.76,44.0,0.597
DEN-PDX,DEN,PDX,991.0,4285,5,74.91,8.64,44.0,0.233
DEN-PHL,DEN,PHL,1558.0,3030,4,73.55,12.35,54.1,1.155
DEN-SEA,DEN,SEA,1024.0,6317,6,74.65,8.14,45.0,0.633
DEN-SMF,DEN,SMF,909.0,3850,4,73.83,9.24,47.0,0.286
DSM-LAS,DSM,LAS,1216.0,595,2,80.94,9.86,40.8,0.168
DSM-STL,DSM,STL,259.0,403,1,89.25,-5.08,16.0,0.744
DTW-BNA,DTW,BNA,456.0,2420,4,78.95,4.8,38.0,1.405
ELP-LAS,ELP,LAS,584.0,1330,2,80.83,5.43,38.0,0.602
FAT-LAS,FAT,LAS,259.0,1714,2,82.18,3.97,34.5,0.408
FLL-AUS,FLL,AUS,1105.0,1166,3,60.39,20.24,80.0,2.659
FLL-BNA,FLL,BNA,793.0,2147,4,69.68,12.28,59.0,1.956
FLL-DCA,FLL,DCA,899.0,2307,3,67.54,18.13,72.0,1.907
FLL-IND,FLL,IND,1005.0,1020,4,65.2,19.3,77.0,2.059
FLL-MSY,FLL,MSY,673.0,1411,3,64.93,16.35,72.2,2.126
FLL-SJU,FLL,SJU,1046.0,2338,4,66.58,16.7,60.0,1.625
GRR-DEN,GRR,DEN,1015.0,1234,4,77.6,9.85,42.0,0.324
GRR-MDW,GRR,MDW,137.0,931,1,77.77,3.83,30.0,0.43
GSP-BNA,GSP,BNA,265.0,667,1,83.41,-0.14,23.8,0.45
GSP-BWI,GSP,BWI,426.0,719,1,90.1,-2.86,14.0,1.53
HNL-LAX,HNL,LAX,2556.0,5514,6,80.99,5.66,32.0,0.526
HNL-LGB,HNL,LGB,2569.0,730,3,82.37,0.7,27.0,0.274
HNL-LIH,HNL,LIH,102.0,7722,3,84.61,4.38,22.0,1.334
HNL-OAK,HNL,OAK,2409.0,729,3,82.28,2.01,29.0,0.0
HNL-SJC,HNL,SJC,2417.0,809,3,82.75,2.88,25.0,0.0
HOU-ABQ,HOU,ABQ,759.0,978,1,79.73,3.22,36.0,0.511
HOU-ATL,HOU,ATL,696.0,2882,2,79.74,7.01,39.0,1.249
HOU-AUS,HOU,AUS,148.0,1362,1,74.94,7.06,39.0,0.367
HOU-BHM,HOU,BHM,570.0,448,1,76.01,7.97,39.0,0.446
HOU-DAL,HOU,DAL,239.0,4046,1,81.0,3.48,38.0,2.2
HOU-JAN,HOU,JAN,359.0,729,1,79.48,3.58,30.0,0.412
HOU-LAX,HOU,LAX,1390.0,1195,1,74.2,6.49,39.0,0.084
HOU-LGB,HOU,LGB,1374.0,461,1,85.81,-0.61,21.0,0.434
HOU-MCI,HOU,MCI,666.0,1002,1,76.38,7.17,39.6,0.299
HOU-MEM,HOU,MEM,484.0,830,1,74.08,8.86,38.0,1.325
HOU-PHX,HOU,PHX,1020.0,2098,1,76.89,5.74,38.0,0.477
HOU-TPA,HOU,TPA,781.0,1012,1,74.35,9.45,44.5,0.395
HOU-TUL,HOU,TUL,453.0,602,1,77.39,5.4,35.2,0.664
HRL-DAL,HRL,DAL,458.0,378,1,84.22,1.94,27.7,0.794
ICT-LAS,ICT,LAS,986.0,473,2,76.91,7.64,48.8,0.211
IND-BWI,IND,BWI,516.0,1216,1,85.86,0.13,22.0,1.398
IND-DAL,IND,DAL,755.0,675,1,79.37,3.12,43.0,1.185
IND-FLL,IND,FLL,1005.0,1018,4,78.09,7.7,43.6,1.965
JAN-BNA,JAN,BNA,327.0,366,1,83.47,2.45,23.0,0.546
JAX-MDW,JAX,MDW,848.0,416,1,79.95,4.93,33.2,1.442
KOA-HNL,KOA,HNL,163.0,7236,3,84.83,3.78,23.0,1.202
LAS-ATL,LAS,ATL,1747.0,4771,4,84.56,1.95,28.0,0.859
LAS-BUR,LAS,BUR,223.0,4129,3,79.39,4.15,40.0,1.332
LAS-DCA,LAS,DCA,2089.0,728,2,75.28,5.08,43.0,0.962
LAS-EUG,LAS,EUG,700.0,473,2,85.81,-1.45,21.0,0.0
LAS-KOA,LAS,KOA,2718.0,365,1,85.4,-6.06,22.0,0.0
LAS-MDW,LAS,MDW,1521.0,2300,2,75.97,5.56,38.0,0.696
LAS-MKE,LAS,MKE,1524.0,1049,3,74.21,6.2,39.0,0.763
LAS-MSY,LAS,MSY,1500.0,837,3,73.2,8.7,42.0,0.478
LAS-OGG,LAS,OGG,2695.0,735,3,84.07,2.6,25.0,0.68
LAS-ORD,LAS,ORD,1514.0,5237,5,76.71,9.75,50.0,1.298
LAS-SAT,LAS,SAT,1069.0,2024,3,74.71,8.8,42.0,0.296
LAS-TPA,LAS,TPA,1984.0,1031,3,68.82,14.33,47.0,0.873
LAS-TUS,LAS,TUS,364.0,1336,2,76.15,6.24,42.2,0.524
LAX-MDW,LAX,MDW,1751.0,1298,1,77.42,4.53,32.0,0.616
LBB-DAL,LBB,DAL,293.0,1506,1,84.32,1.28,29.0,1.062
LBB-LAS,LBB,LAS,775.0,365,1,79.44,3.55,43.2,1.096
LGA-HOU,LGA,HOU,1428.0,1359,1,72.46,8.31,53.0,3.311
LGB-DEN,LGB,DEN,854.0,1007,1,82.12,3.84,39.0,0.099
LGB-LAS,LGB,LAS,231.0,2117,1,81.01,2.74,35.0,0.472
LGB-SMF,LGB,SMF,387.0,1869,1,87.64,-4.41,21.0,0.375
LIH-OAK,LIH,OAK,2456.0,660,3,88.82,-4.97,17.0,0.303
LIT-DAL,LIT,DAL,296.0,1038,1,83.43,2.38,30.5,0.963
LIT-LAS,LIT,LAS,1294.0,360,1,84.68,1.47,26.2,0.278
MCI-DAL,MCI,DAL,461.0,2032,1,80.73,4.03,37.0,1.083
MCI-DCA,MCI,DCA,949.0,1927,5,74.92,11.61,50.0,3.269
MCO-IND,MCO,IND,829.0,2429,4,74.28,11.42,50.0,1.317
MCO-LAS,MCO,LAS,2039.0,1927,5,80.27,-0.04,37.0,0.156
MCO-MEM,MCO,MEM,684.0,738,3,71.84,13.65,64.0,2.304
MCO-OKC,MCO,OKC,1069.0,327,2,72.67,10.83,54.0,1.223
MCO-PIT,MCO,PIT,834.0,2219,4,75.25,8.56,49.0,1.307
MCO-SMF,MCO,SMF,2408.0,323,1,72.27,9.33,38.0,0.619
MDW-ATL,MDW,ATL,591.0,3527,3,79.46,3.38,39.9,2.07
MDW-DCA,MDW,DCA,601.0,2100,1,69.69,11.61,54.0,1.857
MDW-HOU,MDW,HOU,937.0,1857,1,74.24,6.44,41.9,1.239
MDW-LAX,MDW,LAX,1751.0,1298,1,69.32,11.2,50.0,0.924
MDW-LGA,MDW,LGA,725.0,2385,1,68.83,14.1,57.0,4.235
MDW-MYR,MDW,MYR,738.0,333,1,76.22,7.55,43.0,1.502
MDW-OAK,MDW,OAK,1844.0,505,1,64.06,16.2,53.0,1.386
MDW-OMA,MDW,OMA,423.0,1326,1,75.42,8.23,43.0,1.131
MDW-PHX,MDW,PHX,1444.0,2738,2,75.68,7.6,42.6,1.644
MDW-ROC,MDW,ROC,523.0,496,1,66.53,16.1,60.7,2.016
MDW-SAT,MDW,SAT,1036.0,661,1,77.3,5.09,38.9,1.21
MDW-SEA,MDW,SEA,1733.0,678,1,63.54,16.09,56.0,0.59
MDW-SMF,MDW,SMF,1790.0,675,1,68.86,14.46,55.3,0.889
MEM-MDW,MEM,MDW,480.0,670,1,83.69,3.94,29.5,1.791
MIA-BNA,MIA,BNA,806.0,2536,5,70.4,13.9,58.0,1.183
MIA-MDW,MIA,MDW,1182.0,503,2,68.37,16.47,63.0,1.59
MKE-DCA,MKE,DCA,634.0,1346,3,74.15,17.2,58.0,3.418
MKE-MCO,MKE,MCO,1066.0,1420,3,77.63,7.04,40.0,1.197
MSY-DAL,MSY,DAL,437.0,2287,1,77.03,7.77,45.0,1.137
MSY-LGA,MSY,LGA,1183.0,1420,5,71.35,17.89,71.0,3.732
MSY-MDW,MSY,MDW,825.0,1014,1,74.92,10.18,43.0,1.183
MSY-PHX,MSY,PHX,1301.0,934,4,78.69,8.71,39.0,0.428
MSY-SAT,MSY,SAT,495.0,346,1,76.81,7.18,39.2,0.289
OAK-ABQ,OAK,ABQ,889.0,353,1,77.05,5.99,33.0,0.0
OAK-LAS,OAK,LAS,407.0,3293,2,77.36,8.01,41.0,0.607
OAK-PDX,OAK,PDX,543.0,1305,3,80.38,4.03,37.0,0.383
OAK-PHX,OAK,PHX,646.0,1901,2,77.7,8.28,41.9,0.263
OGG-KOA,OGG,KOA,84.0,1460,3,80.37,6.8,28.0,0.137
OGG-LAS,OGG,LAS,2695.0,735,3,89.27,-7.41,15.0,0.544
OGG-LIH,OGG,LIH,202.0,1460,3,75.02,9.27,32.0,0.0
OGG-SJC,OGG,SJC,2355.0,471,3,76.87,9.75,35.4,0.425
OKC-STL,OKC,STL,462.0,411,2,90.15,-3.56,13.0,1.217
OMA-PHX,OMA,PHX,1037.0,2006,5,81.84,4.32,35.0,0.499
ONT-MDW,ONT,MDW,1706.0,360,1,90.2,-3.21,14.0,0.278
ONT-SMF,ONT,SMF,390.0,2114,1,85.62,-1.58,23.0,0.284
ORD-AUS,ORD,AUS,977.0,3174,6,72.86,12.13,63.5,2.016
ORD-PHX,ORD,PHX,1440.0,5586,4,73.09,13.6,61.0,1.772
ORF-BNA,ORF,BNA,585.0,423,1,78.62,5.19,30.0,0.473
PBI-BNA,PBI,BNA,757.0,365,1,69.15,10.87,50.6,0.274
PHL-DAL,PHL,DAL,1295.0,324,1,56.65,24.19,79.0,1.852
PHL-DEN,PHL,DEN,1558.0,3033,4,74.61,9.86,52.0,1.253
PHL-MDW,PHL,MDW,668.0,1524,2,74.76,13.86,50.0,1.706
PHL-STL,PHL,STL,814.0,1606,4,77.82,8.16,49.3,1.619
PHX-LGB,PHX,LGB,355.0,1520,1,79.56,3.99,33.0,0.526
PHX-MCI,PHX,MCI,1044.0,2472,5,76.07,8.44,37.2,0.607
PHX-MCO,PHX,MCO,1849.0,1852,3,74.74,9.26,39.0,0.702
PHX-MEM,PHX,MEM,1264.0,486,6,73.9,7.31,38.0,1.235
PHX-MKE,PHX,MKE,1460.0,1452,3,72.0,10.81,48.0,0.895
PHX-PDX,PHX,PDX,1010.0,3748,6,77.83,5.78,38.0,0.4
PHX-PIT,PHX,PIT,1814.0,809,3,75.03,10.73,54.0,0.618
PHX-SAT,PHX,SAT,843.0,2522,4,77.27,8.69,43.0,0.397
PHX-TPA,PHX,TPA,1788.0,1217,2,70.36,12.6,51.0,0.411
PIT-AUS,PIT,AUS,1210.0,321,2,81.5,1.55,28.2,0.312
PIT-BWI,PIT,BWI,210.0,1075,1,86.0,-1.39,24.4,1.395
PIT-HOU,PIT,HOU,1131.0,316,1,77.07,3.16,32.7,0.316
PIT-PHX,PIT,PHX,1814.0,808,3,77.22,9.34,39.0,0.619
PNS-DAL,PNS,DAL,592.0,490,1,83.71,2.63,31.0,0.408
PSP-SMF,PSP,SMF,439.0,522,1,83.37,0.14,29.0,0.575
PVD-DCA,PVD,DCA,356.0,2424,5,72.29,13.9,56.0,4.373
RDU-BNA,RDU,BNA,442.0,2214,2,80.7,4.58,35.0,1.355
RDU-DAL,RDU,DAL,1052.0,422,1,74.58,7.57,41.0,1.185
RIC-MCO,RIC,MCO,667.0,1188,4,71.43,17.83,74.6,2.02
RIC-MDW,RIC,MDW,629.0,413,1,76.6,8.93,47.5,0.969
RNO-DEN,RNO,DEN,804.0,2469,4,87.22,0.39,22.0,0.365
RNO-LAS,RNO,LAS,345.0,4101,3,82.11,1.84,34.0,0.829
RSW-BNA,RSW,BNA,722.0,806,1,78.7,6.81,38.6,0.744
RSW-IND,RSW,IND,945.0,807,2,76.96,9.47,47.0,0.496
RSW-MKE,RSW,MKE,1183.0,379,1,75.4,9.57,49.7,1.055
RSW-PIT,RSW,PIT,966.0,483,1,72.08,16.62,56.0,0.414
RSW-STL,RSW,STL,979.0,1008,1,81.1,5.44,36.0,0.794
SAN-ABQ,SAN,ABQ,628.0,686,1,76.95,6.0,45.0,0.729
SAN-BNA,SAN,BNA,1751.0,1092,1,74.1,6.38,40.0,0.916
SAN-DEN,SAN,DEN,853.0,6033,5,79.28,3.61,42.0,0.928
SAN-ELP,SAN,ELP,636.0,361,1,72.07,11.71,50.6,0.554
SAN-HNL,SAN,HNL,2614.0,1773,3,72.7,10.58,46.0,1.523
SAN-SAT,SAN,SAT,1129.0,610,1,69.87,12.03,55.0,0.656
SAT-HOU,SAT,HOU,192.0,1347,1,75.11,6.0,40.0,0.297
SAV-BWI,SAV,BWI,548.0,994,1,82.38,3.37,36.0,1.509
SAV-DAL,SAV,DAL,915.0,328,1,70.81,11.11,39.0,0.305
SBA-OAK,SBA,OAK,263.0,300,1,90.97,-8.42,13.0,0.333
SDF-DEN,SDF,DEN,1024.0,1097,2,83.53,1.26,29.0,1.003
SDF-TPA,SDF,TPA,727.0,406,1,82.83,1.67,25.0,1.97
SEA-LAS,SEA,LAS,867.0,5621,6,78.11,5.67,38.0,0.836
SFO-BWI,SFO,BWI,2457.0,1053,2,80.96,-0.42,33.6,0.57
SJC-BUR,SJC,BUR,296.0,2166,2,85.0,-0.05,25.0,1.2
SJC-HOU,SJC,HOU,1621.0,365,1,90.08,-2.61,14.0,0.274
SJC-LGB,SJC,LGB,324.0,1239,1,85.37,-0.43,24.0,0.161
SLC-DAL,SLC,DAL,999.0,674,1,78.13,6.23,38.8,1.187
SLC-HOU,SLC,HOU,1214.0,408,1,83.66,-1.08,26.7,0.245
SLC-SMF,SLC,SMF,532.0,2160,3,85.61,0.21,29.0,0.88
SMF-BWI,SMF,BWI,2395.0,364,1,84.44,-0.17,19.0,0.824
SMF-MDW,SMF,MDW,1790.0,677,1,85.84,-0.69,20.0,0.295
SMF-ONT,SMF,ONT,390.0,2115,1,84.36,1.42,27.0,0.378
SMF-PSP,SMF,PSP,439.0,523,1,87.69,1.56,19.1,0.191
SMF-SNA,SMF,SNA,404.0,2310,1,84.39,0.3,24.0,0.346
SMF-STL,SMF,STL,1679.0,331,1,79.7,4.86,27.1,0.0
SNA-SJC,SNA,SJC,342.0,2676,1,86.52,-3.04,23.0,0.747
SNA-SMF,SNA,SMF,404.0,2311,1,86.49,-0.45,22.0,0.952
SRQ-BNA,SRQ,BNA,648.0,686,2,79.36,8.84,35.8,0.437
STL-BWI,STL,BWI,738.0,1279,1,80.27,3.85,35.0,1.329
STL-HOU,STL,HOU,687.0,1539,1,78.5,3.02,36.1,0.325
STL-ICT,STL,ICT,392.0,403,1,81.2,3.98,39.0,0.993
STL-LIT,STL,LIT,296.0,403,1,85.43,1.45,25.3,1.241
STL-MSY,STL,MSY,604.0,733,1,83.58,1.47,30.0,0.136
STL-OMA,STL,OMA,342.0,825,1,77.43,6.9,46.7,0.121
STL-RDU,STL,RDU,668.0,655,1,80.89,5.39,35.7,0.153
STL-RSW,STL,RSW,979.0,1007,1,79.26,5.93,32.0,0.497
STL-SEA,STL,SEA,1709.0,884,2,79.06,2.57,30.0,0.905
STL-TUL,STL,TUL,351.0,403,1,82.21,3.19,36.4,0.993
TPA-ATL,TPA,ATL,406.0,6138,4,79.94,5.64,45.0,1.385
TPA-BUF,TPA,BUF,1053.0,731,2,80.69,6.19,39.2,1.231
TPA-CMH,TPA,CMH,829.0,902,1,80.5,3.61,34.0,1.22
TPA-HOU,TPA,HOU,781.0,1032,1,79.49,2.84,37.0,0.484
TPA-MDW,TPA,MDW,997.0,1569,2,75.44,10.2,41.0,2.103
TPA-MKE,TPA,MKE,1075.0,472,2,72.63,10.43,47.0,1.483
TPA-PHX,TPA,PHX,1788.0,1218,2,80.5,6.6,36.1,0.411
TPA-PIT,TPA,PIT,873.0,818,2,76.3,8.44,50.0,0.733
TPA-PVD,TPA,PVD,1136.0,467,2,69.7,15.29,59.9,0.857
TPA-SAT,TPA,SAT,972.0,374,2,77.75,2.54,36.8,0.267
TPA-SDF,TPA,SDF,727.0,405,1,85.61,-0.38,24.8,0.494
TUL-LAS,TUL,LAS,1076.0,742,2,81.71,3.08,33.0,0.539
TUL-MDW,TUL,MDW,583.0,451,1,84.98,4.26,29.5,0.887
BNA-PDX,BNA,PDX,1973.0,318,2,72.24,5.34,37.4,0.314
BUF-FLL,BUF,FLL,1166.0,553,2,75.46,9.59,54.9,2.351
CLE-MCO,CLE,MCO,895.0,2115,4,79.19,10.08,53.0,0.946
IND-SRQ,IND,SRQ,876.0,351,2,76.29,12.06,54.7,0.285
KOA-LAX,KOA,LAX,2504.0,1607,5,86.99,-2.18,22.7,1.245
MCI-PDX,MCI,PDX,1482.0,347,2,86.63,-2.46,20.0,0.576
AUS-SFO,AUS,SFO,1504.0,2805,5,73.54,9.59,58.0,0.606
MCO-PBI,MCO,PBI,141.0,607,1,69.87,10.44,55.7,0.494
MCO-RSW,MCO,RSW,133.0,608,1,60.93,16.01,54.7,0.658
MCO-SRQ,MCO,SRQ,104.0,607,1,72.97,10.31,58.8,0.494
SRQ-PIT,SRQ,PIT,912.0,340,2,74.33,10.13,48.8,1.471
TPA-ISP,TPA,ISP,1034.0,442,3,75.06,9.82,54.2,2.715
SBA-PHX,SBA,PHX,455.0,1431,4,85.34,6.37,28.0,1.118
TUS-ATL,TUS,ATL,1541.0,809,1,91.92,-2.42,10.0,1.978
SEA-MSP,SEA,MSP,1399.0,2684,2,86.37,-1.86,20.6,0.82
PHX-DTW,PHX,DTW,1671.0,2397,5,80.32,7.29,39.0,0.793
DFW-ATL,DFW,ATL,731.0,6690,6,75.23,10.59,59.0,2.601
LGA-ORD,LGA,ORD,733.0,11611,6,68.01,20.1,85.0,5.254
DTW-ATL,DTW,ATL,594.0,4857,3,78.92,8.15,44.0,0.803
ATL-CLE,ATL,CLE,554.0,3410,2,79.53,6.64,40.0,2.141
ELP-ATL,ELP,ATL,1282.0,724,1,88.19,3.33,19.8,2.072
ATL-DTW,ATL,DTW,594.0,4848,3,77.26,9.14,48.0,0.825
LGA-CHS,LGA,CHS,641.0,1471,2,73.74,8.13,63.0,5.031
TPA-JFK,TPA,JFK,1005.0,2298,3,79.33,6.25,54.5,3.568
ATL-BDL,ATL,BDL,859.0,2318,2,79.46,7.24,41.0,2.071
IAH-DTW,IAH,DTW,1075.0,2114,5,78.61,8.15,40.6,1.135
IAH-MSP,IAH,MSP,1034.0,1900,3,79.31,9.25,48.0,1.0
ORF-ATL,ORF,ATL,516.0,2941,2,85.21,2.15,31.0,1.564
CLT-MSP,CLT,MSP,930.0,2448,2,82.34,4.66,35.0,1.471
ATL-SRQ,ATL,SRQ,444.0,2294,1,81.08,5.71,36.0,1.744
IAH-JFK,IAH,JFK,1417.0,413,2,68.05,29.55,86.6,5.327
JFK-IAH,JFK,IAH,1417.0,413,2,74.68,5.62,53.0,3.632
FLL-LGA,FLL,LGA,1076.0,4690,4,65.8,19.68,78.3,4.435
BDL-ATL,BDL,ATL,859.0,2318,2,84.29,0.52,30.0,2.071
BHM-ATL,BHM,ATL,134.0,3334,1,87.48,-2.27,23.0,1.8
ATL-GPT,ATL,GPT,352.0,1317,1,83.44,3.11,34.9,1.595
ATL-EWR,ATL,EWR,746.0,6265,5,72.58,14.57,66.3,3.543
EWR-ATL,EWR,ATL,746.0,6271,5,77.69,8.29,57.0,3.604
ATL-CVG,ATL,CVG,373.0,3016,2,82.04,4.62,36.0,1.326
CVG-ATL,CVG,ATL,373.0,3020,2,86.08,-0.86,26.0,1.291
LGA-TPA,LGA,TPA,1010.0,2795,5,71.34,13.78,73.0,3.005
CMH-LGA,CMH,LGA,479.0,3048,3,79.69,5.97,52.0,4.167
ATL-SJU,ATL,SJU,1547.0,2099,3,70.94,13.96,51.3,1.334
STT-ATL,STT,ATL,1599.0,719,1,82.87,1.99,38.8,2.225
LEX-ATL,LEX,ATL,304.0,2054,1,87.66,-5.98,24.0,1.899
DTW-FLL,DTW,FLL,1127.0,2690,4,71.9,12.98,64.0,2.193
FLL-MSP,FLL,MSP,1487.0,709,1,81.64,6.39,42.8,1.551
ATL-TYS,ATL,TYS,152.0,1717,1,82.97,2.5,33.0,1.747
TLH-ATL,TLH,ATL,223.0,2003,2,86.22,0.87,28.0,1.697
LGA-MYR,LGA,MYR,563.0,667,3,77.22,9.94,59.0,3.598
LGA-BOS,LGA,BOS,184.0,7343,2,73.69,8.75,65.0,5.393
MCI-BOS,MCI,BOS,1256.0,646,3,72.77,15.31,76.0,2.786
OKC-ATL,OKC,ATL,761.0,1820,3,86.52,-2.37,25.0,2.692
MIA-SLC,MIA,SLC,2088.0,796,2,76.71,7.38,46.0,0.628
PHL-SLC,PHL,SLC,1927.0,818,2,78.25,10.13,39.0,2.078
ATL-ROC,ATL,ROC,749.0,1041,1,77.39,7.61,42.0,2.305
ROC-ATL,ROC,ATL,749.0,1041,1,80.04,5.01,42.0,2.402
ATL-BUF,ATL,BUF,712.0,1521,3,77.23,9.39,47.0,2.038
ATL-GRR,ATL,GRR,640.0,1426,2,83.4,4.67,30.0,1.473
GRR-ATL,GRR,ATL,640.0,1425,2,86.52,-2.8,24.0,1.404
CLT-SLC,CLT,SLC,1727.0,921,2,82.18,3.31,33.0,1.086
MSP-SNA,MSP,SNA,1522.0,577,1,68.92,13.86,51.0,1.386
BOS-MCO,BOS,MCO,1121.0,4620,6,70.55,14.28,71.0,2.987
MSP-SMF,MSP,SMF,1517.0,591,1,82.65,2.69,32.3,0.508
LGA-IAH,LGA,IAH,1416.0,4031,4,76.68,6.09,56.8,2.803
ATL-IAH,ATL,IAH,689.0,4926,5,76.47,7.77,50.0,1.847
ATL-SYR,ATL,SYR,794.0,1108,2,80.7,5.25,38.0,2.166
MIA-MSP,MIA,MSP,1501.0,1128,2,72.17,14.76,58.7,0.887
LIT-ATL,LIT,ATL,453.0,2294,1,89.17,-3.86,19.0,2.005
SAV-ATL,SAV,ATL,215.0,3037,1,87.92,-1.64,22.0,1.712
MSP-BOS,MSP,BOS,1124.0,1849,1,77.24,4.79,47.0,1.19
DTW-JFK,DTW,JFK,509.0,1222,2,82.54,2.93,38.7,3.601
ATL-SLC,ATL,SLC,1590.0,2964,2,82.91,3.01,34.0,0.472
BTR-ATL,BTR,ATL,448.0,1080,2,85.96,3.39,34.7,2.13
RSW-ATL,RSW,ATL,515.0,2816,2,85.75,1.59,28.0,1.705
PHL-ATL,PHL,ATL,666.0,5750,6,78.87,3.41,48.0,3.009
SJC-ATL,SJC,ATL,2116.0,901,1,92.66,-10.81,6.0,1.443
SLC-SNA,SLC,SNA,588.0,1855,3,83.76,2.1,27.0,0.701
ATL-ORD,ATL,ORD,606.0,6440,9,70.69,18.33,65.0,2.391
ATL-TLH,ATL,TLH,223.0,2003,2,83.75,3.55,33.0,1.697
DFW-LGA,DFW,LGA,1389.0,6705,4,66.27,20.05,80.0,4.862
AGS-ATL,AGS,ATL,143.0,636,2,84.47,1.32,28.3,2.673
RSW-BOS,RSW,BOS,1249.0,2194,3,70.36,17.51,73.0,2.826
DTW-RSW,DTW,RSW,1084.0,1802,3,74.49,11.07,51.0,1.998
BZN-MSP,BZN,MSP,874.0,805,1,90.23,-4.59,13.3,0.745
CVG-BOS,CVG,BOS,752.0,1999,3,80.41,2.14,54.6,3.152
ATL-MIA,ATL,MIA,594.0,6268,6,71.4,15.13,62.8,1.563
ATL-EYW,ATL,EYW,646.0,1460,1,82.95,4.54,35.6,1.438
CVG-LGA,CVG,LGA,585.0,316,3,79.74,13.25,73.0,2.848
GSO-LGA,GSO,LGA,461.0,1775,2,76.56,9.21,61.7,6.197
LGA-GSO,LGA,GSO,461.0,1773,2,75.81,5.37,61.7,5.584
ATL-IAD,ATL,IAD,534.0,3992,4,76.91,12.81,58.0,2.029
IND-SLC,IND,SLC,1355.0,364,1,88.86,-5.43,17.0,1.374
BOS-PBI,BOS,PBI,1197.0,2153,3,65.48,17.67,79.0,3.437
SAN-DTW,SAN,DTW,1956.0,1290,2,85.27,-1.18,22.0,1.008
SNA-MSP,SNA,MSP,1522.0,577,1,81.77,3.41,34.6,1.906
LAX-MSP,LAX,MSP,1535.0,2135,1,86.85,-2.82,22.0,0.89
ATL-SNA,ATL,SNA,1919.0,1033,1,75.89,6.9,36.5,0.871
SNA-ATL,SNA,ATL,1919.0,1033,1,80.67,9.63,38.0,1.065
JFK-MSP,JFK,MSP,1029.0,719,1,81.65,7.27,55.4,1.669
SAV-LGA,SAV,LGA,722.0,579,2,80.66,9.0,51.3,4.663
SLC-CVG,SLC,CVG,1450.0,821,1,88.71,-3.52,18.0,0.365
LGA-RSW,LGA,RSW,1080.0,897,2,74.33,11.84,62.0,4.459
JFK-RSW,JFK,RSW,1074.0,1281,2,78.64,4.91,43.0,4.45
ATL-ROA,ATL,ROA,357.0,432,2,78.67,8.95,41.9,1.852
MSP-JAX,MSP,JAX,1173.0,347,1,84.59,-2.11,24.0,0.576
BOS-JFK,BOS,JFK,187.0,5672,3,75.32,8.24,59.0,4.76
SAN-BOS,SAN,BOS,2588.0,1849,4,77.09,8.14,54.0,1.622
BOS-SFO,BOS,SFO,2704.0,4735,5,71.54,9.26,60.0,1.499
CLE-BOS,CLE,BOS,563.0,1650,3,78.98,4.9,56.0,2.848
BOS-CLE,BOS,CLE,563.0,1650,3,77.48,5.63,54.0,2.667
BOS-SRQ,BOS,SRQ,1220.0,685,4,72.1,11.72,59.8,3.066
BDL-JFK,BDL,JFK,106.0,365,1,90.91,-5.65,11.9,3.562
LAX-FLL,LAX,FLL,2343.0,2298,3,73.81,9.02,50.0,1.349
BUF-BOS,BUF,BOS,395.0,1295,3,76.37,7.86,59.0,2.934
BOS-ORD,BOS,ORD,867.0,7750,6,73.03,14.2,72.0,3.045
JFK-DCA,JFK,DCA,213.0,2520,2,67.23,14.98,71.0,5.397
BDL-FLL,BDL,FLL,1173.0,721,2,69.47,13.23,62.0,2.497
PVD-JFK,PVD,JFK,144.0,365,1,96.3,-13.93,4.0,3.562
FLL-CHS,FLL,CHS,470.0,506,2,71.02,14.21,76.0,2.767
RIC-FLL,RIC,FLL,806.0,808,2,73.29,14.18,62.6,3.837
FLL-RIC,FLL,RIC,806.0,809,2,64.49,18.27,77.1,3.214
JFK-BNA,JFK,BNA,765.0,1435,2,75.18,7.82,57.0,4.46
FLL-PVD,FLL,PVD,1188.0,538,2,69.01,12.97,59.0,2.045
PIT-JFK,PIT,JFK,340.0,1764,2,86.69,0.53,25.0,4.082
CHS-JFK,CHS,JFK,636.0,785,3,74.56,11.69,62.6,5.732
PIT-BOS,PIT,BOS,496.0,2155,2,79.21,4.45,49.0,3.248
JFK-FLL,JFK,FLL,1069.0,3897,2,72.47,9.2,61.1,4.183
JFK-RDU,JFK,RDU,427.0,2344,2,75.16,9.74,59.0,5.589
HPN-TPA,HPN,TPA,1032.0,364,1,87.47,-3.27,22.0,1.374
JFK-SYR,JFK,SYR,209.0,511,2,71.9,10.84,64.7,5.284
MCO-EWR,MCO,EWR,937.0,6532,4,74.44,13.91,70.0,3.108
FLL-BQN,FLL,BQN,982.0,379,1,61.96,23.13,80.0,2.111
EWR-PBI,EWR,PBI,1024.0,3609,3,77.1,4.67,47.0,2.632
HPN-MCO,HPN,MCO,972.0,1185,1,74.74,10.58,63.7,2.447
ALB-FLL,ALB,FLL,1204.0,589,3,69.62,16.42,59.5,1.698
FLL-ALB,FLL,ALB,1204.0,590,3,62.31,16.95,71.0,1.525
BOS-JAX,BOS,JAX,1011.0,1610,3,75.26,7.24,57.7,2.671
JFK-PHX,JFK,PHX,2153.0,3034,3,77.62,4.26,46.0,3.131
SAV-JFK,SAV,JFK,717.0,631,2,77.46,13.4,73.2,4.596
BOS-SAV,BOS,SAV,901.0,1044,4,80.59,1.35,37.0,2.107
FLL-SFO,FLL,SFO,2584.0,1245,2,78.77,1.98,39.0,0.241
BOS-MSY,BOS,MSY,1367.0,855,4,76.73,7.69,46.3,1.754
BOS-SEA,BOS,SEA,2496.0,2504,3,72.41,6.38,44.0,1.278
FLL-BDL,FLL,BDL,1173.0,722,2,67.05,16.26,73.0,2.078
LAS-FLL,LAS,FLL,2173.0,1038,4,75.15,10.34,50.7,2.216
DTW-SNA,DTW,SNA,1960.0,345,2,69.88,11.4,48.9,0.58
SLC-HNL,SLC,HNL,2994.0,858,3,75.83,10.95,40.0,1.865
SEA-KOA,SEA,KOA,2688.0,1421,2,74.34,3.74,41.0,1.196
RDU-SEA,RDU,SEA,2354.0,918,2,77.28,3.09,38.6,1.525
SEA-TPA,SEA,TPA,2520.0,975,2,79.92,0.79,34.0,0.513
CVG-LAX,CVG,LAX,1900.0,354,2,82.81,1.93,30.2,1.412
OGG-SLC,OGG,SLC,2935.0,303,1,85.96,-0.99,19.6,5.941
SLC-OGG,SLC,OGG,2935.0,303,1,82.88,1.5,29.9,3.63
LAX-DFW,LAX,DFW,1235.0,6225,4,74.22,15.55,56.0,2.394
MIA-LAX,MIA,LAX,2342.0,3250,2,75.36,6.69,48.0,0.677
ATL-BUR,ATL,BUR,1941.0,364,1,75.64,9.08,39.0,3.297
SEA-RDU,SEA,RDU,2354.0,918,2,79.91,0.33,30.0,0.98
JFK-DFW,JFK,DFW,1391.0,1984,3,76.27,8.25,59.0,3.175
RDU-MSP,RDU,MSP,980.0,1228,2,84.05,2.88,35.0,1.303
SAT-DTW,SAT,DTW,1214.0,944,2,90.59,-4.43,13.0,0.742
DAY-PHL,DAY,PHL,477.0,356,1,90.49,-7.05,13.4,2.247
MEM-PHL,MEM,PHL,875.0,758,2,80.66,4.41,44.7,4.09
PIA-DFW,PIA,DFW,672.0,1055,2,78.41,8.65,60.6,3.697
GSP-CLT,GSP,CLT,75.0,1504,3,83.63,6.17,37.0,2.46
DSM-PHL,DSM,PHL,973.0,350,3,79.4,13.61,55.6,4.0
DCA-CVG,DCA,CVG,411.0,1019,3,66.77,22.01,85.0,3.533
PHL-CVG,PHL,CVG,507.0,1256,3,77.41,11.56,70.8,3.264
CLT-CAK,CLT,CAK,394.0,1415,1,71.56,13.34,67.0,1.696
CLT-SRQ,CLT,SRQ,547.0,1398,3,77.32,8.18,48.0,1.645
DAY-DCA,DAY,DCA,391.0,964,1,71.4,23.12,88.8,3.631
DCA-DAY,DCA,DAY,391.0,961,1,64.51,22.88,96.4,3.434
DFW-TLH,DFW,TLH,767.0,1078,2,74.23,13.89,76.5,3.34
BGR-PHL,BGR,PHL,473.0,490,3,78.71,25.1,65.0,2.245
PHL-BGR,PHL,BGR,473.0,491,3,74.69,11.29,56.6,2.24
PHL-IND,PHL,IND,588.0,1559,3,76.23,7.13,53.0,3.849
GSP-PHL,GSP,PHL,515.0,441,2,88.66,-3.25,19.8,2.041
ECP-DFW,ECP,DFW,685.0,1290,3,77.13,11.64,61.0,3.178
DCA-ILM,DCA,ILM,320.0,880,3,72.95,10.98,58.3,5.795
XNA-CLT,XNA,CLT,754.0,1462,3,85.88,4.12,28.0,1.984
RDU-CLT,RDU,CLT,130.0,3045,3,82.17,6.03,35.0,1.642
BGR-DCA,BGR,DCA,590.0,1117,4,69.69,25.04,79.2,5.819
HSV-DCA,HSV,DCA,613.0,1320,3,71.9,19.3,69.4,3.788
TYS-DCA,TYS,DCA,437.0,1021,3,70.5,28.64,97.6,4.114
AVL-DCA,AVL,DCA,384.0,522,3,61.89,21.93,70.3,6.13
DCA-AVL,DCA,AVL,384.0,522,3,67.47,12.84,59.0,4.023
DCA-CRW,DCA,CRW,249.0,340,1,64.26,26.12,96.4,9.706
CLT-VPS,CLT,VPS,460.0,1203,2,75.0,8.91,58.0,2.411
MKE-CLT,MKE,CLT,651.0,959,2,79.51,14.68,42.9,1.668
CHS-DCA,CHS,DCA,444.0,1751,4,72.48,23.19,78.3,4.512
AVP-CLT,AVP,CLT,509.0,980,3,85.89,-4.81,26.4,2.245
BNA-DFW,BNA,DFW,631.0,3534,5,75.61,13.45,54.0,3.311
DCA-BDL,DCA,BDL,313.0,1707,4,68.75,15.86,71.0,5.272
DFW-BNA,DFW,BNA,631.0,3536,5,67.03,19.76,72.0,3.054
DFW-DSM,DFW,DSM,624.0,1436,4,66.4,25.11,92.7,3.552
DSM-CLT,DSM,CLT,815.0,809,2,82.91,8.96,48.0,2.967
PHL-MKE,PHL,MKE,690.0,503,3,75.16,12.82,71.0,5.964
IAD-CLT,IAD,CLT,322.0,1988,4,83.45,2.88,35.0,2.616
LEX-PHL,LEX,PHL,520.0,399,1,81.04,2.58,59.0,3.509
CMH-CLT,CMH,CLT,347.0,2046,4,84.41,1.21,31.0,1.857
CLT-PVD,CLT,PVD,684.0,1460,2,79.3,6.03,45.0,2.26
PVD-CLT,PVD,CLT,684.0,1461,2,81.74,5.57,41.0,2.533
HSV-CLT,HSV,CLT,333.0,406,2,86.85,1.11,27.0,0.739
GSO-DCA,GSO,DCA,248.0,796,3,70.52,19.4,88.0,5.025
CLE-DCA,CLE,DCA,310.0,1611,4,64.84,28.26,88.0,7.076
PHL-BHM,PHL,BHM,772.0,559,2,75.65,12.98,63.9,2.862
CLT-BTR,CLT,BTR,675.0,764,3,74.77,8.82,60.0,1.309
AGS-DFW,AGS,DFW,874.0,665,3,75.43,15.09,73.2,3.759
CMH-PHL,CMH,PHL,407.0,1432,3,81.29,5.11,40.0,3.142
CLT-ILM,CLT,ILM,185.0,1822,3,78.11,7.72,48.5,1.921
CHS-CLT,CHS,CLT,168.0,2498,3,83.31,6.5,38.0,1.801
AGS-DCA,AGS,DCA,468.0,349,2,82.82,11.17,42.0,6.304
CLT-SGF,CLT,SGF,708.0,1192,2,81.24,0.37,32.0,2.013
ECP-CLT,ECP,CLT,437.0,1118,3,84.22,1.65,35.5,1.878
PHL-PIT,PHL,PIT,268.0,1210,4,76.78,8.32,59.0,2.397
CLT-JAN,CLT,JAN,562.0,328,1,66.77,16.1,64.5,3.049
MCI-CLT,MCI,CLT,808.0,1194,3,81.72,5.67,35.0,2.261
PHL-DCA,PHL,DCA,120.0,789,2,58.17,28.56,94.8,4.309
LFT-CLT,LFT,CLT,729.0,365,1,89.69,2.68,17.0,1.644
DFW-CAE,DFW,CAE,922.0,985,2,80.96,2.22,36.0,2.64
HRL-DFW,HRL,DFW,461.0,1483,2,86.0,5.61,34.0,2.832
BTV-PHL,BTV,PHL,335.0,1117,3,76.64,10.6,64.1,4.118
PHL-BTV,PHL,BTV,335.0,1116,3,75.98,11.93,60.0,3.763
BHM-DFW,BHM,DFW,597.0,2199,4,79.05,12.33,58.7,2.819
DFW-CID,DFW,CID,685.0,1172,3,74.14,12.97,66.4,2.56
PWM-PHL,PWM,PHL,364.0,676,3,79.72,10.77,35.0,3.402
DCA-IND,DCA,IND,500.0,2023,4,77.44,5.89,52.0,3.411
IND-DCA,IND,DCA,500.0,2022,4,74.69,9.93,48.0,3.808
CLT-HSV,CLT,HSV,333.0,407,2,80.45,9.71,45.0,0.737
DCA-RDU,DCA,RDU,227.0,2010,4,67.73,17.71,75.6,4.577
CLT-DAB,CLT,DAB,416.0,1399,2,79.93,3.22,39.0,2.931
CLT-GSO,CLT,GSO,84.0,1191,3,78.01,7.19,48.0,1.511
DCA-JAX,DCA,JAX,634.0,1462,3,73.42,11.39,61.0,2.531
DFW-PNS,DFW,PNS,604.0,1723,4,66.77,20.69,82.0,3.308
JAX-DCA,JAX,DCA,634.0,1464,3,72.48,17.48,65.0,2.322
PHL-GSP,PHL,GSP,515.0,441,1,71.19,15.85,101.0,2.948
DCA-AGS,DCA,AGS,468.0,348,2,59.38,27.73,101.0,7.471
DCA-VPS,DCA,VPS,789.0,369,3,76.49,1.5,39.8,3.794
VPS-DCA,VPS,DCA,789.0,370,3,69.69,16.06,67.0,3.784
CLT-ROC,CLT,ROC,573.0,994,3,73.54,12.96,63.0,1.61
GSP-DFW,GSP,DFW,862.0,1177,3,75.59,14.34,64.0,2.889
CHA-DCA,CHA,DCA,523.0,301,3,85.03,12.75,29.4,1.993
PHL-SDF,PHL,SDF,577.0,608,3,81.46,1.41,44.6,2.796
ICT-DCA,ICT,DCA,1110.0,313,3,67.82,31.02,94.6,7.348
CLT-GPT,CLT,GPT,577.0,619,1,78.44,7.12,47.8,2.423
LAW-DFW,LAW,DFW,140.0,1072,3,75.54,14.55,77.1,5.69
SRQ-PHL,SRQ,PHL,957.0,462,4,78.83,7.29,49.0,3.68
DFW-MGM,DFW,MGM,622.0,1058,3,74.37,14.76,73.0,5.293
DFW-MEM,DFW,MEM,431.0,2351,4,67.73,18.18,67.0,2.85
MKE-DFW,MKE,DFW,853.0,1084,3,74.06,20.7,62.0,3.598
CID-MSP,CID,MSP,220.0,399,1,77.81,10.72,61.9,1.754
GSO-DTW,GSO,DTW,460.0,367,1,77.18,21.96,62.2,3.27
COU-ORD,COU,ORD,315.0,1976,2,73.73,16.62,68.5,3.694
IAH-VCT,IAH,VCT,123.0,592,1,74.35,46.79,101.4,1.689
SYR-ORD,SYR,ORD,607.0,2194,5,74.14,12.82,62.0,3.191
DFW-FSD,DFW,FSD,737.0,1086,3,66.16,25.75,97.2,3.223
DTW-CMH,DTW,CMH,155.0,1459,3,82.38,8.54,41.0,0.822
TUS-PDX,TUS,PDX,1119.0,365,2,93.15,-10.61,7.0,0.0
DFW-GJT,DFW,GJT,772.0,1018,2,81.75,1.37,31.0,1.473
DSM-LAX,DSM,LAX,1447.0,303,1,71.19,27.65,62.7,0.33
MDT-DTW,MDT,DTW,371.0,314,1,79.22,17.08,96.0,1.911
DFW-ELP,DFW,ELP,551.0,2572,4,68.04,18.31,75.0,2.955
PHX-SMX,PHX,SMX,494.0,405,1,84.85,2.09,38.0,1.235
IDA-SEA,IDA,SEA,566.0,366,1,83.84,0.4,25.0,0.273
DCA-ORD,DCA,ORD,612.0,7048,5,74.89,13.29,61.0,3.419
AVP-ORD,AVP,ORD,632.0,843,2,76.56,10.03,61.0,2.372
ORD-BUF,ORD,BUF,474.0,2198,5,71.05,16.19,72.7,3.094
BZN-SFO,BZN,SFO,807.0,378,2,70.37,17.0,83.9,0.0
MFR-DEN,MFR,DEN,964.0,728,2,82.48,5.96,42.0,0.275
AZO-ORD,AZO,ORD,122.0,964,2,79.52,4.94,48.0,4.668
IAH-ABQ,IAH,ABQ,744.0,473,2,79.1,3.52,34.2,0.846
HNL-ORD,HNL,ORD,4243.0,540,2,85.07,-2.74,29.0,0.741
SFO-TPA,SFO,TPA,2393.0,700,1,84.65,-0.27,23.0,0.143
SFO-IAH,SFO,IAH,1635.0,3598,1,84.33,0.31,25.0,0.278
ORD-IAD,ORD,IAD,588.0,2082,1,75.93,12.6,49.0,0.768
ORD-SFO,ORD,SFO,1846.0,5616,3,67.56,17.42,72.0,1.3
ORD-SAN,ORD,SAN,1723.0,3870,4,71.78,10.75,58.0,1.24
IAH-RSW,IAH,RSW,861.0,874,1,84.58,-1.09,27.0,0.114
DFW-IAH,DFW,IAH,224.0,5805,5,69.32,19.38,75.6,2.601
EWR-JAX,EWR,JAX,820.0,1377,2,81.94,3.2,39.0,2.397
IAH-LGA,IAH,LGA,1416.0,4024,4,72.6,14.96,71.0,2.883
EWR-SAV,EWR,SAV,708.0,1112,3,80.78,3.57,49.0,3.058
ORD-PNS,ORD,PNS,794.0,727,5,79.66,4.46,41.0,1.788
LAX-IAD,LAX,IAD,2288.0,2474,3,87.48,-5.06,20.0,0.566
SFO-PHL,SFO,PHL,2522.0,2044,2,85.25,-0.22,24.7,1.37
IAH-MCO,IAH,MCO,854.0,3628,3,81.92,3.87,43.0,0.937
ORD-IAH,ORD,IAH,925.0,6114,8,76.09,7.2,56.0,1.488
ORD-RDU,ORD,RDU,646.0,3656,7,73.63,14.36,61.7,2.462
TPA-ORD,TPA,ORD,1012.0,3200,7,73.59,15.94,59.0,1.563
BUF-EWR,BUF,EWR,282.0,482,2,87.75,-3.4,20.0,4.979
SRQ-EWR,SRQ,EWR,1034.0,929,2,85.02,3.08,31.0,2.906
IAH-MSY,IAH,MSY,305.0,2930,4,83.51,2.05,35.0,0.171
MSP-IAH,MSP,IAH,1034.0,1900,3,81.2,1.01,37.0,0.947
RDU-IAD,RDU,IAD,225.0,1301,2,86.38,0.76,22.0,1.23
JAX-IAH,JAX,IAH,816.0,693,2,87.66,-2.75,22.2,0.433
CVG-IAH,CVG,IAH,871.0,691,3,82.65,0.0,33.0,0.724
IAH-DEN,IAH,DEN,861.0,4715,2,81.96,2.47,37.2,0.382
MIA-SFO,MIA,SFO,2585.0,1746,2,69.98,10.9,64.9,0.63
RDU-IAH,RDU,IAH,1042.0,924,3,85.32,-0.18,30.0,1.19
MSY-SFO,MSY,SFO,1911.0,524,2,76.15,6.11,55.2,0.573
EWR-PHX,EWR,PHX,2133.0,2478,2,80.07,3.82,42.0,2.179
TPA-IAH,TPA,IAH,787.0,1582,3,85.37,-0.33,31.0,0.506
SEA-IAH,SEA,IAH,1874.0,2090,2,82.32,1.18,31.0,0.431
RNO-ORD,RNO,ORD,1671.0,363,1,79.26,5.94,37.9,2.204
IAH-DCA,IAH,DCA,1208.0,3279,3,75.02,10.28,55.0,2.013
DCA-IAH,DCA,IAH,1208.0,3277,3,80.94,0.83,47.0,2.075
MSY-EWR,MSY,EWR,1167.0,1228,4,85.16,-0.46,34.8,2.362
SNA-EWR,SNA,EWR,2433.0,1091,1,79.58,14.95,59.0,2.016
ORD-SRQ,ORD,SRQ,1050.0,998,4,77.56,6.78,57.0,1.202
ORD-RSW,ORD,RSW,1120.0,3238,5,76.04,7.59,57.0,1.606
IAD-PIT,IAD,PIT,182.0,1227,2,84.83,3.45,29.5,1.548
ORF-EWR,ORF,EWR,284.0,822,2,82.01,3.02,34.0,5.231
EWR-SEA,EWR,SEA,2402.0,2263,2,73.57,7.74,51.1,2.209
SJU-IAD,SJU,IAD,1572.0,706,2,87.16,-2.25,23.0,0.708
ORD-DFW,ORD,DFW,802.0,6997,7,70.46,17.2,79.0,2.873
DSM-IAH,DSM,IAH,802.0,346,2,89.41,-3.54,15.0,1.445
JAX-IAD,JAX,IAD,631.0,777,3,88.57,-3.41,18.0,0.901
IAH-MCI,IAH,MCI,643.0,486,2,76.65,6.65,37.0,0.412
BWI-IAH,BWI,IAH,1235.0,1310,4,79.33,4.93,46.9,1.985
IAD-CHS,IAD,CHS,442.0,760,2,86.82,2.37,21.0,1.053
SAN-EWR,SAN,EWR,2425.0,1560,2,82.31,2.21,36.0,2.179
JAX-EWR,JAX,EWR,820.0,1377,2,78.88,11.63,57.0,2.542
RDU-SFO,RDU,SFO,2400.0,886,1,78.56,4.23,46.0,0.451
EWR-MYR,EWR,MYR,550.0,972,3,79.74,3.91,47.0,4.527
DEN-KOA,DEN,KOA,3329.0,370,1,84.43,0.52,30.5,0.811
DEN-OGG,DEN,OGG,3302.0,385,1,85.08,-3.67,25.0,0.779
KOA-SFO,KOA,SFO,2368.0,1150,2,83.98,-0.85,27.5,0.957
IAD-BOS,IAD,BOS,412.0,1514,2,77.44,8.1,50.5,2.51
STL-EWR,STL,EWR,872.0,1075,2,81.19,5.15,49.0,4.651
SJU-IAH,SJU,IAH,2007.0,930,2,87.65,-8.58,20.8,0.538
PDX-IAH,PDX,IAH,1825.0,1227,2,85.23,-0.75,24.0,0.489
ORD-ORF,ORD,ORF,717.0,1897,6,72.55,10.9,62.0,2.794
IAH-PDX,IAH,PDX,1825.0,1227,2,80.77,3.47,39.0,0.489
SJU-DEN,SJU,DEN,2733.0,333,1,87.2,-4.34,21.3,0.3
EWR-SNA,EWR,SNA,2433.0,1091,1,85.55,-7.13,26.2,1.65
BQN-EWR,BQN,EWR,1585.0,365,1,80.57,-1.25,29.2,2.74
LIH-SFO,LIH,SFO,2446.0,898,2,85.94,-3.57,24.2,1.002
IAD-MIA,IAD,MIA,922.0,625,2,83.2,0.16,30.2,0.8
ORD-RNO,ORD,RNO,1671.0,363,1,63.59,24.58,94.4,1.653
IAD-CMH,IAD,CMH,299.0,980,2,83.4,2.89,30.1,0.918
ORD-SJC,ORD,SJC,1829.0,301,2,68.58,15.19,78.0,1.661
DCA-DEN,DCA,DEN,1476.0,1346,2,79.08,6.7,47.0,0.817
EWR-SAT,EWR,SAT,1569.0,575,1,86.77,-7.69,20.4,1.217
IND-SFO,IND,SFO,1943.0,524,1,74.52,12.16,66.9,0.382
EWR-PDX,EWR,PDX,2434.0,899,2,76.76,3.88,46.0,1.78
SJC-ORD,SJC,ORD,1829.0,301,2,91.16,-10.46,12.0,1.661
DEN-ANC,DEN,ANC,2405.0,795,3,76.39,4.68,38.0,0.0
LAX-TPA,LAX,TPA,2158.0,1192,3,79.3,4.93,29.0,1.007
IAH-HNL,IAH,HNL,3904.0,365,1,78.51,3.14,32.8,0.548
RSW-CLE,RSW,CLE,1025.0,934,3,78.56,8.52,46.0,1.392
CLE-FLL,CLE,FLL,1062.0,1238,5,81.18,4.26,41.5,2.181
JAC-ORD,JAC,ORD,1162.0,820,2,70.0,25.94,100.3,2.195
BZN-EWR,BZN,EWR,1882.0,375,1,75.84,13.4,66.5,2.4
EWR-BZN,EWR,BZN,1882.0,375,1,83.79,-0.86,31.7,2.4
GCK-DFW,GCK,DFW,404.0,726,2,82.53,7.06,48.0,2.342
TYR-DFW,TYR,DFW,102.0,1077,2,78.7,9.36,48.8,3.993
DFW-GCK,DFW,GCK,404.0,726,2,75.46,9.98,57.6,2.342
DFW-TYR,DFW,TYR,102.0,1077,2,78.83,9.42,46.0,4.271
MCI-DFW,MCI,DFW,460.0,2525,4,76.73,12.73,56.0,2.891
PHX-EUG,PHX,EUG,952.0,625,3,80.48,5.03,45.0,0.0
EWR-PIT,EWR,PIT,319.0,1808,3,81.63,2.18,38.0,4.425
PIT-EWR,PIT,EWR,319.0,1808,3,86.61,-5.14,23.0,4.148
BUR-PDX,BUR,PDX,817.0,996,3,90.66,-5.27,12.6,0.904
MIA-JAX,MIA,JAX,335.0,1494,3,73.57,11.43,52.0,0.669
TYS-MIA,TYS,MIA,724.0,487,3,81.99,8.6,34.8,0.616
GSP-LGA,GSP,LGA,610.0,927,1,75.26,13.38,72.0,5.394
LGA-GSP,LGA,GSP,610.0,926,1,75.95,5.79,58.0,6.156
CMH-JFK,CMH,JFK,483.0,1601,1,84.1,-0.01,31.0,3.935
JFK-CMH,JFK,CMH,483.0,1600,1,79.3,5.33,43.9,4.688
MSN-LGA,MSN,LGA,812.0,914,2,85.53,-1.85,30.0,5.361
AVL-LGA,AVL,LGA,599.0,445,1,72.36,14.7,67.5,6.292
CHS-MIA,CHS,MIA,489.0,1007,3,79.62,12.24,47.0,1.192
MIA-BOS,MIA,BOS,1258.0,3381,6,69.94,14.8,67.4,2.218
TUL-LGA,TUL,LGA,1231.0,625,1,78.29,9.53,71.4,5.6
DCA-MIA,DCA,MIA,919.0,3955,4,76.58,6.9,54.0,1.896
CHO-LGA,CHO,LGA,305.0,352,1,67.99,17.45,85.6,6.818
LGA-CHO,LGA,CHO,305.0,352,1,75.82,6.01,48.2,4.83
IND-BOS,IND,BOS,818.0,2022,4,79.01,3.67,53.0,2.671
LGA-MEM,LGA,MEM,963.0,1067,1,75.2,6.41,67.0,5.53
BOS-SDF,BOS,SDF,829.0,708,3,85.06,-3.11,27.5,1.554
CLT-JFK,CLT,JFK,542.0,2004,2,71.25,15.15,68.0,2.794
LGA-CLT,LGA,CLT,544.0,4257,4,76.79,10.21,59.5,4.158
LEX-DCA,LEX,DCA,414.0,304,1,88.93,-2.11,20.3,1.645
GRR-EWR,GRR,EWR,605.0,863,3,79.27,4.33,52.1,4.171
EWR-CMH,EWR,CMH,463.0,2062,2,83.9,1.0,39.0,4.656
IAD-CVG,IAD,CVG,388.0,534,2,80.77,6.68,44.0,2.434
EWR-MCI,EWR,MCI,1092.0,490,2,78.57,7.2,59.0,2.653
IAD-BTV,IAD,BTV,441.0,500,2,85.92,1.17,24.0,1.6
DCA-JAN,DCA,JAN,860.0,302,2,64.13,24.17,105.5,8.609
CAK-DCA,CAK,DCA,274.0,324,1,53.49,40.22,125.0,6.79
AVL-DFW,AVL,DFW,848.0,721,3,71.31,22.01,72.8,2.358
GPT-DFW,GPT,DFW,500.0,1074,2,84.06,3.5,31.0,3.259
CLT-OMA,CLT,OMA,913.0,1003,2,78.86,6.3,55.0,1.595
DFW-SGF,DFW,SGF,364.0,3091,3,81.49,4.49,38.0,2.2
DCA-CID,DCA,CID,801.0,362,4,76.27,6.84,45.0,1.934
FWA-DFW,FWA,DFW,859.0,1031,3,79.25,10.21,52.8,3.104
TUL-CLT,TUL,CLT,842.0,689,2,85.4,5.33,39.0,1.306
CLT-PIT,CLT,PIT,366.0,1957,2,76.85,7.93,52.0,1.686
PIT-CLT,PIT,CLT,366.0,1958,2,83.75,3.62,36.1,1.788
BDL-CLT,BDL,CLT,644.0,1677,2,82.42,3.73,38.3,2.147
PHX-CVG,PHX,CVG,1569.0,608,3,78.28,4.37,38.0,0.822
IND-LAX,IND,LAX,1814.0,862,5,83.76,3.48,29.5,0.696
SJU-PHL,SJU,PHL,1576.0,1934,4,70.98,14.93,58.0,3.413
CVG-TPA,CVG,TPA,773.0,729,2,82.27,3.75,40.7,0.686
RSW-CVG,RSW,CVG,879.0,672,2,80.79,8.31,47.0,1.339
TPA-DFW,TPA,DFW,929.0,2907,4,75.36,13.49,62.1,3.268
PHL-CLT,PHL,CLT,449.0,3521,4,80.33,3.64,50.0,2.641
BWI-DFW,BWI,DFW,1217.0,1338,4,73.16,15.32,63.8,2.915
MCO-DFW,MCO,DFW,985.0,4903,4,73.66,13.07,67.6,2.713
RSW-PHL,RSW,PHL,993.0,1330,2,72.85,23.81,74.0,3.083
MIA-DFW,MIA,DFW,1121.0,4818,3,73.71,12.82,62.0,2.574
DFW-ONT,DFW,ONT,1188.0,2296,2,70.51,13.4,61.0,2.57
CLE-DFW,CLE,DFW,1021.0,1621,4,75.86,12.17,58.5,2.468
LAS-PAE,LAS,PAE,894.0,450,2,87.73,-6.84,18.0,1.333
PHL-DFW,PHL,DFW,1303.0,3473,2,77.82,7.84,50.0,3.369
CVG-FLL,CVG,FLL,932.0,988,3,76.23,10.19,49.0,0.911
DFW-IND,DFW,IND,761.0,2047,5,68.83,16.66,68.0,2.687
DFW-SJU,DFW,SJU,2165.0,984,3,68.97,16.91,68.0,2.947
MIA-LAS,MIA,LAS,2174.0,1419,4,72.66,8.4,57.0,0.846
LAS-MIA,LAS,MIA,2174.0,1413,4,82.36,3.36,38.0,0.778
BDL-MIA,BDL,MIA,1194.0,429,2,90.31,-1.63,12.8,1.399
CHS-DFW,CHS,DFW,987.0,1227,4,80.57,7.96,46.2,2.282
DCA-SEA,DCA,SEA,2329.0,1092,2,74.42,7.63,47.0,1.465
SAN-DCA,SAN,DCA,2276.0,364,1,69.75,5.36,62.4,1.099
JNU-KTN,JNU,KTN,234.0,361,1,84.81,-1.25,35.4,1.662
CDV-ANC,CDV,ANC,160.0,362,1,84.38,-1.18,31.8,2.762
JNU-YAK,JNU,YAK,199.0,361,1,84.88,-2.93,27.1,1.108
YAK-CDV,YAK,CDV,213.0,362,1,88.3,-6.55,18.9,4.144
SIT-KTN,SIT,KTN,183.0,364,1,85.8,-1.97,25.9,1.374
JNU-SIT,JNU,SIT,95.0,725,1,84.42,-4.07,32.0,2.069
PSG-JNU,PSG,JNU,123.0,362,1,86.59,-3.22,25.8,4.696
ANC-CDV,ANC,CDV,160.0,361,1,84.03,0.76,31.4,0.0
SIT-JNU,SIT,JNU,95.0,725,1,84.91,-1.96,28.0,3.724
HNL-ANC,HNL,ANC,2777.0,440,1,72.37,6.73,55.0,0.455
ANC-HNL,ANC,HNL,2777.0,440,1,80.18,0.95,37.2,0.227
ANC-OTZ,ANC,OTZ,549.0,361,1,86.09,-1.32,22.6,3.878
ANC-PDX,ANC,PDX,1542.0,1209,1,90.49,-4.18,14.0,0.0
SEA-CLE,SEA,CLE,2021.0,455,1,77.43,2.56,31.9,0.659
CLE-SEA,CLE,SEA,2021.0,456,1,62.95,14.85,57.0,1.754
HNL-ONT,HNL,ONT,2603.0,423,2,76.54,8.18,44.0,0.236
MCO-PDX,MCO,PDX,2535.0,390,1,72.09,6.44,49.8,0.513
DFW-PDX,DFW,PDX,1616.0,2380,2,65.79,17.58,66.0,2.395
OMA-SEA,OMA,SEA,1368.0,510,1,86.81,-1.36,19.3,0.196
SEA-MKE,SEA,MKE,1694.0,509,1,85.57,-5.43,20.0,0.196
SEA-PHL,SEA,PHL,2379.0,1388,3,82.27,0.15,29.2,1.513
OKC-SEA,OKC,SEA,1519.0,425,1,87.0,-2.25,18.0,0.471
SEA-OKC,SEA,OKC,1519.0,425,1,87.03,-4.38,18.7,0.235
SEA-PIT,SEA,PIT,2125.0,470,1,77.9,1.8,38.0,0.638
PDX-MIA,PDX,MIA,2700.0,342,2,84.02,-1.21,24.3,0.877
CHS-SEA,CHS,SEA,2415.0,347,1,73.91,6.2,33.0,0.576
PDX-AUS,PDX,AUS,1715.0,607,1,84.93,0.6,22.7,0.494
SAN-GEG,SAN,GEG,1027.0,419,2,82.93,-3.0,28.0,0.716
SNA-PDX,SNA,PDX,859.0,1550,1,93.21,-8.11,8.0,1.161
SEA-SAN,SEA,SAN,1050.0,4595,4,76.21,4.81,37.0,1.001
DFW-OGG,DFW,OGG,3710.0,500,1,67.01,39.7,128.0,1.2
DFW-CMH,DFW,CMH,926.0,1728,4,70.64,14.25,60.0,2.199
MIA-STX,MIA,STX,1139.0,681,1,77.4,3.2,45.4,0.441
ORD-EGE,ORD,EGE,1007.0,413,2,57.36,32.23,110.7,3.632
MIA-PHX,MIA,PHX,1972.0,1834,1,78.32,4.52,42.8,0.818
DFW-BUF,DFW,BUF,1212.0,578,2,59.71,26.73,91.0,2.941
LIH-PHX,LIH,PHX,2979.0,384,1,92.67,-0.5,8.0,0.26
DFW-BDL,DFW,BDL,1471.0,681,1,65.49,18.35,70.8,3.377
PHL-LAX,PHL,LAX,2402.0,2406,3,78.31,5.37,38.6,1.372
CLT-PBI,CLT,PBI,590.0,1829,1,77.81,6.1,47.0,1.476
PHX-CLT,PHX,CLT,1773.0,2881,1,87.95,-2.59,19.0,1.076
JAC-DFW,JAC,DFW,1047.0,749,1,69.49,45.25,110.0,2.403
PBI-CLT,PBI,CLT,590.0,1830,1,83.9,5.36,36.0,1.475
DFW-ORF,DFW,ORF,1212.0,979,3,63.61,18.71,75.0,2.758
RIC-DFW,RIC,DFW,1158.0,1078,2,71.72,18.61,63.8,2.412
PHL-PHX,PHL,PHX,2076.0,2320,1,80.17,3.89,39.0,1.638
LAS-CLT,LAS,CLT,1916.0,2088,3,88.39,-3.23,20.2,0.958
CLT-SAN,CLT,SAN,2077.0,1396,1,77.98,1.48,40.0,0.931
LAX-CLT,LAX,CLT,2125.0,2272,1,83.2,2.95,29.0,1.056
DFW-PIT,DFW,PIT,1067.0,1509,2,72.32,12.92,58.6,1.59
RSW-CLT,RSW,CLT,600.0,1776,1,84.42,3.75,34.0,1.52
DFW-SMF,DFW,SMF,1431.0,1631,1,67.07,18.91,76.0,2.452
GRR-CLT,GRR,CLT,583.0,1023,2,80.5,9.61,49.0,1.173
CLT-IND,CLT,IND,427.0,1958,3,76.55,9.28,56.0,1.583
IND-CLT,IND,CLT,427.0,1958,3,82.7,10.58,37.6,1.583
CLT-JAX,CLT,JAX,328.0,1939,2,76.92,8.84,47.0,1.135
MIA-SAT,MIA,SAT,1143.0,483,2,69.39,13.08,58.4,0.828
DFW-MYR,DFW,MYR,1048.0,507,3,67.41,21.25,88.5,1.775
BOI-DFW,BOI,DFW,1272.0,802,1,81.1,11.56,41.4,3.117
DFW-PBI,DFW,PBI,1102.0,1145,1,65.86,17.53,69.1,2.795
MSN-PHX,MSN,PHX,1396.0,592,2,80.03,13.58,45.5,1.014
SNA-JFK,SNA,JFK,2454.0,462,2,75.63,15.83,75.2,2.814
MIA-SAV,MIA,SAV,440.0,789,3,80.8,3.52,42.5,1.521
CLT-SEA,CLT,SEA,2279.0,1296,1,69.6,11.25,60.8,1.003
DFW-BFL,DFW,BFL,1271.0,311,1,53.38,59.03,144.5,3.859
DFW-MDT,DFW,MDT,1231.0,365,1,56.5,40.58,116.0,3.014
GSO-DFW,GSO,DFW,999.0,926,2,77.98,9.75,51.2,2.916
DFW-SNA,DFW,SNA,1205.0,2936,2,77.96,4.97,42.0,2.793
DFW-ANC,DFW,ANC,3043.0,394,1,62.76,29.83,81.0,0.254
CLT-SYR,CLT,SYR,603.0,1094,2,74.42,12.01,51.2,1.188
ILM-DFW,ILM,DFW,1106.0,708,2,79.97,4.19,55.2,3.249
BZN-DFW,BZN,DFW,1163.0,713,1,74.39,21.43,62.0,2.104
STT-MIA,STT,MIA,1107.0,941,1,81.88,6.96,39.0,1.063
SAT-DCA,SAT,DCA,1380.0,351,1,89.77,4.63,14.9,2.279
SYR-DFW,SYR,DFW,1336.0,327,1,80.51,13.17,29.8,3.364
SMF-CLT,SMF,CLT,2244.0,429,1,88.12,-1.73,21.0,1.865
HNL-PDX,HNL,PDX,2603.0,911,2,76.89,11.84,38.0,1.207
JFK-HNL,JFK,HNL,4983.0,666,3,68.99,13.57,50.6,2.703
KOA-LIH,KOA,LIH,263.0,365,2,93.37,0.37,8.0,0.548
SLC-BOS,SLC,BOS,2105.0,1256,2,82.1,1.24,34.2,1.99
ORF-FLL,ORF,FLL,781.0,419,3,69.85,11.88,69.3,5.012
FLL-ORF,FLL,ORF,781.0,419,3,71.75,10.32,56.0,4.535
ATW-ATL,ATW,ATL,765.0,366,1,82.63,8.22,38.0,2.186
MSP-MSY,MSP,MSY,1040.0,440,1,86.74,-2.34,24.0,2.273
MCI-SLC,MCI,SLC,920.0,1009,1,87.15,-2.87,22.0,0.991
GEG-MSP,GEG,MSP,1175.0,782,1,91.23,-2.77,10.6,0.767
GRB-ATL,GRB,ATL,774.0,366,1,88.24,-0.0,19.2,1.913
SAT-MSP,SAT,MSP,1097.0,893,1,85.45,-0.68,22.0,1.232
MSO-MSP,MSO,MSP,1013.0,489,1,90.97,-2.94,13.0,0.409
ONT-ATL,ONT,ATL,1900.0,937,1,89.34,-0.8,16.0,1.814
MSP-PSP,MSP,PSP,1454.0,314,1,82.74,-2.46,25.4,1.592
DCA-SLC,DCA,SLC,1851.0,364,1,74.72,10.27,37.3,1.099
PBI-DTW,PBI,DTW,1086.0,475,1,76.28,11.55,45.0,1.263
MSP-GEG,MSP,GEG,1175.0,782,1,82.32,1.48,31.0,0.767
SLC-MEM,SLC,MEM,1262.0,365,1,84.21,1.78,28.0,0.822
CID-ATL,CID,ATL,694.0,367,1,87.15,-0.07,23.0,2.18
MSP-SAV,MSP,SAV,1092.0,329,1,82.77,0.53,24.6,0.912
MSP-MSO,MSP,MSO,1013.0,489,1,78.81,7.15,42.5,0.409
ATL-FSD,ATL,FSD,954.0,365,1,77.84,7.44,39.0,0.822
SLC-MKE,SLC,MKE,1247.0,363,2,79.67,9.65,47.4,0.826
ATL-CID,ATL,CID,694.0,367,1,75.63,13.11,45.4,1.635
BHM-DTW,BHM,DTW,625.0,312,3,78.18,19.62,72.8,1.603
TYS-PIE,TYS,PIE,550.0,522,1,73.93,17.12,57.0,0.575
SFB-ABE,SFB,ABE,882.0,642,1,75.9,17.66,50.4,0.312
GRR-PGD,GRR,PGD,1118.0,349,1,82.47,1.06,33.3,0.0
FAR-AZA,FAR,AZA,1220.0,372,1,79.84,3.33,32.8,0.0
CVG-VPS,CVG,VPS,600.0,416,1,77.24,9.62,55.0,0.481
CVG-SFB,CVG,SFB,735.0,351,1,69.34,19.12,71.2,0.285
ABE-SFB,ABE,SFB,882.0,643,1,78.37,18.38,46.9,0.467
PIE-TYS,PIE,TYS,550.0,522,1,75.0,15.11,54.0,0.575
GRR-PIE,GRR,PIE,1044.0,381,1,76.66,4.01,35.0,0.262
CVG-PIE,CVG,PIE,776.0,351,1,75.51,16.92,52.8,0.57
AVL-PIE,AVL,PIE,519.0,508,1,73.6,14.81,54.0,0.787
SFB-TYS,SFB,TYS,511.0,639,1,64.4,21.32,80.8,0.626
FNT-SFB,FNT,SFB,988.0,322,1,77.57,12.74,54.0,0.311
MFE-LAS,MFE,LAS,1210.0,426,1,83.02,7.27,39.1,0.469
FLL-AVL,FLL,AVL,661.0,659,1,59.1,30.08,88.0,1.062
SFB-FNT,SFB,FNT,988.0,322,1,74.14,15.56,63.0,0.311
FLL-ACY,FLL,ACY,977.0,546,2,70.49,11.74,68.0,5.311
DFW-MLU,DFW,MLU,293.0,1135,2,84.23,1.65,29.4,2.907
GNV-MIA,GNV,MIA,294.0,384,1,90.36,1.14,10.4,0.0
BMI-DFW,BMI,DFW,690.0,727,1,89.17,-8.28,18.0,1.513
ORD-XNA,ORD,XNA,522.0,1840,5,76.31,5.14,53.0,2.228
FAR-DFW,FAR,DFW,967.0,1086,1,85.17,-2.06,30.0,1.934
ORD-CWA,ORD,CWA,213.0,1004,2,75.91,7.49,49.0,4.084
LAN-ORD,LAN,ORD,179.0,748,1,81.68,6.29,47.5,2.941
CMI-ORD,CMI,ORD,135.0,1066,1,75.88,11.81,68.0,3.565
MIA-TLH,MIA,TLH,402.0,1191,3,82.9,3.63,28.0,0.252
CLT-HHH,CLT,HHH,206.0,1164,1,85.53,1.52,23.0,1.46
FSM-DFW,FSM,DFW,227.0,1194,1,84.7,4.92,32.0,2.764
ORD-HPN,ORD,HPN,738.0,1530,1,77.58,6.57,46.0,3.856
DFW-LRD,DFW,LRD,396.0,1541,3,83.67,-0.64,28.0,3.245
LRD-DFW,LRD,DFW,396.0,1541,3,84.88,4.1,30.0,3.18
ORD-CMI,ORD,CMI,135.0,1066,1,72.61,9.37,63.0,3.659
GGG-DFW,GGG,DFW,140.0,718,1,84.48,2.95,29.0,2.925
TRI-DFW,TRI,DFW,868.0,705,2,83.82,3.86,47.0,2.979
ORD-VPS,ORD,VPS,796.0,318,2,79.43,1.3,40.0,0.629
STT-MCO,STT,MCO,1246.0,393,2,73.4,7.61,51.5,2.29
MCO-STT,MCO,STT,1246.0,392,2,76.68,9.2,38.5,1.276
TPA-ACY,TPA,ACY,914.0,305,1,71.23,19.86,67.9,3.607
DEN-ROW,DEN,ROW,452.0,330,1,74.39,8.85,50.3,0.606
OAJ-ATL,OAJ,ATL,399.0,620,1,79.8,13.4,60.4,3.065
BTV-DTW,BTV,DTW,537.0,338,2,69.6,23.73,98.2,2.367
MSP-JFK,MSP,JFK,1029.0,719,1,82.91,1.95,39.0,1.53
MHT-ORD,MHT,ORD,843.0,602,2,83.48,-2.43,29.4,2.159
JFK-ACK,JFK,ACK,199.0,301,2,82.01,-3.05,41.0,6.977
EWR-BTV,EWR,BTV,266.0,404,2,87.79,-2.17,20.0,2.228
SFO-ABQ,SFO,ABQ,896.0,714,2,82.68,2.31,35.1,0.42
SAV-ORD,SAV,ORD,773.0,1566,5,76.89,13.04,46.0,1.724
LAX-SBA,LAX,SBA,89.0,687,1,88.18,1.98,21.2,1.019
SBP-LAX,SBP,LAX,155.0,634,1,88.13,0.73,17.9,0.315
DEN-EGE,DEN,EGE,120.0,1171,2,79.74,7.13,39.6,0.427
ORD-LNK,ORD,LNK,466.0,1586,1,62.84,28.01,99.8,3.405
MSO-DEN,MSO,DEN,679.0,1204,3,81.06,8.47,39.0,0.498
IDA-DEN,IDA,DEN,458.0,1699,3,80.88,5.6,47.2,0.53
SFO-SNA,SFO,SNA,372.0,4716,4,79.06,5.46,43.0,1.293
ORD-RAP,ORD,RAP,780.0,692,3,78.52,3.53,36.0,2.168
LAX-PHX,LAX,PHX,370.0,7629,7,80.59,6.22,39.8,0.734
SMF-SFO,SMF,SFO,86.0,1356,2,63.47,19.8,63.0,1.696
LIT-IAH,LIT,IAH,374.0,653,2,71.89,13.58,63.0,0.306
SLC-SFO,SLC,SFO,599.0,3454,4,65.85,14.98,66.7,1.013
DEN-BHM,DEN,BHM,1083.0,1218,3,73.7,7.69,50.0,0.411
LBB-DEN,LBB,DEN,456.0,985,2,76.42,15.21,64.8,1.421
ORD-AVL,ORD,AVL,536.0,1476,4,74.77,8.09,51.0,2.371
TUL-IAH,TUL,IAH,429.0,1087,2,83.87,3.51,33.2,0.46
DFW-BPT,DFW,BPT,270.0,722,2,78.85,18.07,58.6,3.324
ORD-FSD,ORD,FSD,462.0,1799,5,64.28,24.81,85.0,3.502
DFW-SAF,DFW,SAF,551.0,1764,2,76.94,8.53,48.0,2.494
FAT-PHX,FAT,PHX,493.0,1475,3,80.96,11.0,47.6,0.61
GRR-ORD,GRR,ORD,137.0,4032,6,68.93,21.72,75.0,2.951
COS-ORD,COS,ORD,911.0,1001,2,75.41,20.31,79.0,2.098
ICT-ORD,ICT,ORD,588.0,2192,5,73.95,14.32,64.7,3.558
TUS-PHX,TUS,PHX,109.0,3465,4,83.46,5.23,38.0,0.519
DFW-PVU,DFW,PVU,958.0,727,2,75.35,9.35,59.0,1.926
ORD-GRR,ORD,GRR,137.0,4029,6,70.34,17.34,70.7,3.078
ORD-BNA,ORD,BNA,409.0,5026,9,70.02,18.04,79.0,2.547
DRO-PHX,DRO,PHX,352.0,992,1,77.59,7.72,41.0,0.403
BPT-DFW,BPT,DFW,270.0,722,2,82.12,9.38,55.0,3.047
ORD-OKC,ORD,OKC,693.0,2617,4,70.12,16.75,87.0,3.172
MFR-PHX,MFR,PHX,855.0,753,2,85.43,3.52,25.0,0.664
CMH-ORD,CMH,ORD,296.0,4930,6,76.09,13.29,55.9,2.738
DSM-PHX,DSM,PHX,1149.0,1064,5,80.21,15.96,43.5,1.504
PHX-TUS,PHX,TUS,109.0,3463,4,81.41,7.9,42.0,0.578
OKC-PHX,OKC,PHX,833.0,1837,3,80.56,7.4,40.0,1.034
LAX-SEA,LAX,SEA,954.0,7450,6,85.33,-2.78,25.0,0.886
IAH-LAX,IAH,LAX,1379.0,5220,6,83.9,-0.63,29.0,0.498
SGF-ORD,SGF,ORD,438.0,1469,2,71.83,15.39,71.0,3.199
OKC-LAX,OKC,LAX,1187.0,930,2,86.82,-2.58,22.0,1.075
CHA-DFW,CHA,DFW,695.0,1608,4,77.32,11.41,67.6,3.358
ORD-DSM,ORD,DSM,299.0,3413,6,71.32,15.47,68.0,3.75
DFW-SPS,DFW,SPS,113.0,729,2,84.64,3.81,34.6,3.292
RAP-ORD,RAP,ORD,780.0,692,3,72.89,17.14,59.2,1.734
LAX-PDX,LAX,PDX,833.0,4347,4,86.33,-2.52,26.0,0.667
ORD-LIT,ORD,LIT,552.0,1459,4,75.37,8.38,57.0,2.742
ORD-ASE,ORD,ASE,1013.0,1134,1,60.8,31.72,108.5,2.998
PHX-SFO,PHX,SFO,651.0,4692,6,65.77,17.06,70.0,0.575
GJT-PHX,GJT,PHX,438.0,983,2,82.99,7.38,37.0,0.509
ACT-DFW,ACT,DFW,90.0,1073,2,83.82,4.74,35.0,4.101
PHX-LBB,PHX,LBB,588.0,366,4,77.41,16.29,42.0,0.273
ASE-ORD,ASE,ORD,1013.0,1133,1,63.78,29.21,128.2,5.825
ELP-PHX,ELP,PHX,347.0,2506,4,81.28,5.73,36.0,0.758
DFW-IDA,DFW,IDA,1095.0,528,1,77.12,11.16,62.1,1.515
AUS-LAX,AUS,LAX,1242.0,4091,6,82.34,1.92,34.0,0.709
ICT-PHX,ICT,PHX,870.0,766,3,84.49,0.45,28.0,0.653
LAX-OMA,LAX,OMA,1330.0,590,4,84.42,-2.55,31.7,0.678
OMA-LAX,OMA,LAX,1330.0,587,3,87.99,-0.59,17.0,0.511
SEA-BOI,SEA,BOI,399.0,3881,2,85.81,-1.65,22.0,0.232
SNA-STS,SNA,STS,433.0,745,1,81.25,1.13,40.5,0.671
SFO-GEG,SFO,GEG,733.0,890,2,75.65,9.11,52.0,0.562
PDX-SEA,PDX,SEA,129.0,4942,3,85.37,-0.09,23.0,0.688
SAN-AUS,SAN,AUS,1164.0,2577,3,71.89,9.95,49.4,0.97
LAX-PSC,LAX,PSC,851.0,360,2,86.03,-3.34,35.5,0.556
SFO-SAN,SFO,SAN,447.0,6621,5,64.86,17.45,68.0,1.223
RNO-PDX,RNO,PDX,444.0,307,2,92.51,-4.81,5.4,0.0
FAT-SAN,FAT,SAN,314.0,1774,2,74.66,8.76,44.0,1.409
EUG-LAX,EUG,LAX,748.0,401,3,87.72,1.6,20.2,0.499
RDM-SFO,RDM,SFO,462.0,1304,2,64.9,19.95,79.0,0.92
PDX-PSP,PDX,PSP,873.0,738,2,83.82,2.1,24.0,1.22
SLC-SEA,SLC,SEA,689.0,4125,4,80.14,2.69,32.0,0.897
SAN-SJC,SAN,SJC,417.0,4958,4,76.45,4.63,41.0,0.847
SEA-PSP,SEA,PSP,987.0,1653,3,83.28,0.23,26.0,0.968
SLC-SAN,SLC,SAN,626.0,3008,5,82.37,2.31,29.8,0.831
SAN-FAT,SAN,FAT,314.0,1774,2,78.4,1.25,38.0,2.086
LAX-LAS,LAX,LAS,236.0,8239,8,76.61,8.18,47.0,0.753
STS-SNA,STS,SNA,433.0,745,1,79.97,9.07,46.4,0.805
BUR-STS,BUR,STS,387.0,671,2,84.28,-3.73,27.0,2.235
SJC-BOI,SJC,BOI,523.0,676,2,83.21,-0.63,32.8,0.296
LAS-LAX,LAS,LAX,236.0,8249,8,78.75,5.39,38.0,0.715
BOI-BUR,BOI,BUR,656.0,430,2,85.55,-1.7,24.4,0.233
RNO-LAX,RNO,LAX,390.0,2478,3,87.51,-1.91,21.0,0.484
LAX-RNO,LAX,RNO,390.0,2478,3,88.64,-3.77,18.0,0.444
OAK-SEA,OAK,SEA,672.0,1879,3,77.63,5.11,38.0,0.798
SAN-EUG,SAN,EUG,850.0,474,3,78.68,1.51,34.0,1.055
BOI-SLC,BOI,SLC,290.0,1740,2,91.34,-4.59,12.0,0.977
OMA-MSP,OMA,MSP,282.0,1456,1,81.14,8.21,50.0,0.893
MFE-AUS,MFE,AUS,279.0,1032,1,86.56,1.07,28.0,0.484
SLC-COS,SLC,COS,411.0,721,1,92.05,-5.23,11.0,0.139
ATW-MSP,ATW,MSP,236.0,919,1,73.89,19.98,86.2,1.85
MSP-IAD,MSP,IAD,907.0,982,4,81.72,3.71,36.8,1.629
AUS-MSP,AUS,MSP,1042.0,1675,3,77.19,10.97,46.0,0.836
PVD-DTW,PVD,DTW,615.0,820,2,77.29,14.63,70.0,2.439
MOT-MSP,MOT,MSP,449.0,1316,1,81.66,8.28,44.4,1.976
GTF-SLC,GTF,SLC,463.0,1071,1,92.47,-7.82,7.0,0.747
TWF-SLC,TWF,SLC,175.0,831,1,95.41,-8.16,1.4,0.481
GRB-MSP,GRB,MSP,252.0,867,2,82.22,4.46,51.2,1.384
SLC-TUL,SLC,TUL,926.0,403,1,88.13,-2.02,19.5,0.744
BUR-SLC,BUR,SLC,574.0,1473,3,90.84,-4.89,12.0,0.475
SLC-MFR,SLC,MFR,575.0,729,1,90.98,-2.28,13.0,0.137
GFK-MSP,GFK,MSP,284.0,1077,1,85.49,-1.88,27.0,1.486
LAS-SJC,LAS,SJC,386.0,3779,5,78.58,3.49,40.0,0.291
DTW-CLE,DTW,CLE,95.0,1066,3,74.03,15.71,70.6,0.469
CLE-DTW,CLE,DTW,95.0,1065,3,79.15,13.75,67.2,0.376
BZN-SEA,BZN,SEA,543.0,1573,3,84.49,0.35,29.0,0.572
CHS-DTW,CHS,DTW,667.0,573,4,83.81,5.66,46.9,1.396
DTW-ALB,DTW,ALB,489.0,1095,2,76.83,13.73,69.0,1.279
SLC-TUS,SLC,TUS,600.0,1112,2,91.79,-5.24,11.0,0.18
SLC-EUG,SLC,EUG,618.0,769,1,93.24,-3.85,10.0,0.0
FWA-MSP,FWA,MSP,488.0,330,1,80.0,17.27,85.4,0.909
SLC-ABQ,SLC,ABQ,493.0,1154,1,91.84,-5.42,10.0,0.0
MSP-FWA,MSP,FWA,488.0,330,1,78.15,16.55,59.0,0.909
MSN-MSP,MSN,MSP,228.0,1134,2,83.3,3.43,38.0,1.058
MSP-MSN,MSP,MSN,228.0,1134,2,81.03,6.0,41.0,0.97
ONT-SLC,ONT,SLC,558.0,1239,3,91.61,-5.67,10.0,0.888
AUS-ECP,AUS,ECP,710.0,623,3,74.47,8.3,44.0,0.0
FAT-SLC,FAT,SLC,501.0,1366,1,94.55,-8.08,3.0,0.512
BIL-SLC,BIL,SLC,387.0,1074,2,91.64,-5.59,9.0,0.559
DTW-GRR,DTW,GRR,120.0,1590,3,74.48,18.74,81.6,0.881
SLC-GTF,SLC,GTF,463.0,1071,1,93.4,-7.43,6.0,0.747
DTW-SBN,DTW,SBN,157.0,712,2,70.92,22.79,109.4,0.983
BNA-LGA,BNA,LGA,764.0,3781,5,71.76,12.94,63.0,3.597
SMF-LAS,SMF,LAS,397.0,4114,4,79.92,5.57,38.0,0.559
SEA-LWS,SEA,LWS,262.0,364,1,91.46,-6.44,11.0,0.275
PIT-LGA,PIT,LGA,335.0,3012,2,80.91,5.86,49.5,4.814
MSP-RST,MSP,RST,76.0,308,1,84.54,7.19,30.0,1.299
RST-MSP,RST,MSP,76.0,308,1,82.57,5.59,35.7,1.299
FWA-DTW,FWA,DTW,128.0,680,1,79.88,14.46,60.5,0.588
DTW-TVC,DTW,TVC,207.0,1058,2,75.22,12.74,62.0,2.174
DTW-IND,DTW,IND,231.0,1016,3,79.46,10.28,60.8,1.181
IND-DTW,IND,DTW,231.0,1014,3,80.42,8.35,54.0,1.282
PIT-DTW,PIT,DTW,201.0,985,3,79.75,12.24,61.8,1.218
HIB-MSP,HIB,MSP,174.0,630,1,84.86,2.26,52.0,1.429
MSP-HIB,MSP,HIB,174.0,630,1,83.82,2.79,50.6,1.587
MSP-RHI,MSP,RHI,190.0,724,1,87.06,-1.77,26.0,2.348
SLC-GJT,SLC,GJT,217.0,583,1,94.84,-12.04,3.0,0.0
DTW-ESC,DTW,ESC,306.0,365,1,82.88,15.11,30.0,7.397
INL-MSP,INL,MSP,255.0,663,1,85.25,0.31,36.0,1.81
MSP-INL,MSP,INL,255.0,663,1,81.85,6.4,56.2,1.81
MSP-ABR,MSP,ABR,257.0,754,1,87.3,1.54,23.0,1.459
MSP-BRD,MSP,BRD,114.0,632,1,86.01,0.88,33.0,1.582
DTW-IMT,DTW,IMT,344.0,365,1,71.02,30.45,130.3,2.74
RHI-MSP,RHI,MSP,190.0,724,1,88.1,-2.91,21.0,2.486
MSP-ATY,MSP,ATY,193.0,365,1,87.99,5.97,21.0,1.644
CDC-SLC,CDC,SLC,221.0,629,1,93.92,-7.52,8.0,0.477
BTM-SLC,BTM,SLC,357.0,361,1,95.24,-13.18,-2.0,0.554
MQT-MSP,MQT,MSP,300.0,324,1,70.3,26.79,104.0,6.481
MSP-MQT,MSP,MQT,300.0,324,1,70.03,23.36,115.0,4.63
DTW-PLN,DTW,PLN,243.0,659,1,78.83,9.26,56.9,13.961
ABQ-SFO,ABQ,SFO,896.0,713,2,76.93,6.99,45.0,0.14
FAR-DEN,FAR,DEN,627.0,1419,3,72.66,14.65,72.0,1.057
SBA-LAX,SBA,LAX,89.0,687,1,88.95,-0.61,17.2,1.019
IAH-BTR,IAH,BTR,253.0,438,2,80.0,5.96,44.6,0.685
DEN-BFL,DEN,BFL,845.0,730,2,78.45,8.58,36.0,0.137
DLH-ORD,DLH,ORD,397.0,1223,2,68.81,26.41,87.7,4.497
IAH-AUS,IAH,AUS,140.0,2696,2,79.62,6.96,42.0,0.742
DEN-LEX,DEN,LEX,1086.0,365,2,72.1,9.09,57.0,0.822
TUS-SFO,TUS,SFO,751.0,945,2,69.3,13.84,67.3,0.423
SFO-ACV,SFO,ACV,250.0,1294,1,73.96,16.5,66.0,2.705
BDL-ORD,BDL,ORD,783.0,2365,5,75.59,13.25,49.0,2.791
OKC-DEN,OKC,DEN,495.0,3139,4,79.87,4.27,37.0,0.765
LAX-SBP,LAX,SBP,155.0,635,1,87.26,0.53,20.0,0.315
FWA-ORD,FWA,ORD,157.0,2763,3,67.64,27.08,105.1,4.669
SFO-SLC,SFO,SLC,599.0,3453,4,76.67,8.47,49.0,1.014
DFW-SGU,DFW,SGU,976.0,703,1,75.76,11.3,60.6,0.427
PHX-MAF,PHX,MAF,581.0,365,1,70.56,28.85,92.0,0.822
SHV-CLT,SHV,CLT,764.0,753,2,78.66,15.68,54.0,2.789
SJC-PHX,SJC,PHX,621.0,3019,4,81.35,5.33,35.0,0.762
RIC-ORD,RIC,ORD,642.0,2216,4,78.08,8.77,52.0,3.881
YUM-PHX,YUM,PHX,160.0,1327,2,85.11,5.72,34.0,1.206
SJT-DFW,SJT,DFW,229.0,1077,1,81.15,10.55,49.0,4.085
PHX-STS,PHX,STS,699.0,693,3,81.08,1.94,27.0,0.289
DFW-SWO,DFW,SWO,225.0,729,2,77.06,13.72,62.0,4.39
DFW-LCH,DFW,LCH,295.0,1044,2,83.4,4.5,39.0,2.586
LIT-DFW,LIT,DFW,304.0,2665,4,74.69,16.97,59.0,2.439
DFW-MAF,DFW,MAF,309.0,2923,3,80.84,5.27,43.0,2.84
CID-PHX,CID,PHX,1252.0,771,3,82.87,8.99,36.0,1.297
ORD-HSV,ORD,HSV,510.0,1101,2,66.13,26.32,98.4,3.724
DEN-JLN,DEN,JLN,582.0,327,1,79.69,15.98,65.1,0.612
JLN-ORD,JLN,ORD,484.0,365,1,79.83,19.96,83.7,3.288
ORD-FOD,ORD,FOD,324.0,571,1,74.07,10.78,66.1,4.553
ORD-JST,ORD,JST,487.0,362,1,63.86,59.73,134.6,5.801
DEN-COD,DEN,COD,391.0,933,1,80.91,4.45,41.5,0.75
LAR-DEN,LAR,DEN,113.0,627,1,70.87,15.78,79.0,1.435
COD-DEN,COD,DEN,391.0,933,1,71.55,18.29,74.7,0.965
DEN-HYS,DEN,HYS,298.0,627,1,79.05,22.51,55.0,2.073
FMN-DEN,FMN,DEN,289.0,365,1,83.79,13.56,27.0,0.0
DEN-PRC,DEN,PRC,558.0,608,1,83.31,5.49,44.2,0.822
DEN-EAR,DEN,EAR,305.0,626,1,80.23,10.19,38.0,0.479
GCC-DEN,GCC,DEN,313.0,726,1,82.89,8.95,32.0,0.689
DVL-DEN,DVL,DEN,638.0,627,1,75.0,17.76,75.9,2.233
MEI-IAH,MEI,IAH,422.0,627,1,83.71,2.53,43.1,1.116
SLN-IAH,SLN,IAH,621.0,326,1,81.17,11.02,59.8,0.613
SUX-ORD,SUX,ORD,436.0,365,1,78.43,13.2,49.4,1.644
RIW-DEN,RIW,DEN,296.0,728,1,82.94,13.24,66.0,0.275
DEN-SHR,DEN,SHR,359.0,766,1,81.03,11.86,49.0,0.653
HYS-DEN,HYS,DEN,298.0,627,1,80.23,15.47,73.8,2.392
DEN-FMN,DEN,FMN,289.0,365,1,82.69,9.69,44.1,0.0
ORD-DEC,ORD,DEC,156.0,627,1,69.57,19.28,89.6,4.306
PIR-DEN,PIR,DEN,385.0,660,1,80.72,10.26,54.0,1.818
LAF-ORD,LAF,ORD,119.0,566,1,75.14,26.72,102.8,3.004
ORD-EAU,ORD,EAU,269.0,626,1,68.54,25.5,92.3,5.272
MGW-ORD,MGW,ORD,449.0,330,1,63.49,41.87,180.4,7.576
ORD-MGW,ORD,MGW,449.0,330,1,68.0,31.54,98.0,6.061
DAY-ORD,DAY,ORD,240.0,1781,5,72.62,18.31,89.0,4.941
ORD-ILM,ORD,ILM,760.0,542,4,83.33,0.16,35.0,1.476
ORD-FCA,ORD,FCA,1352.0,532,4,74.81,8.82,44.0,1.504
IAH-MEM,IAH,MEM,468.0,1088,2,79.74,6.47,38.5,1.103
LFT-IAH,LFT,IAH,201.0,314,1,83.44,3.65,33.9,1.592
ORD-DLH,ORD,DLH,397.0,1223,2,64.95,22.25,78.7,4.415
MCI-SFO,MCI,SFO,1499.0,365,2,72.22,11.96,86.1,0.822
SFO-SBP,SFO,SBP,191.0,1144,2,74.31,18.85,57.0,1.136
IND-ORD,IND,ORD,177.0,5255,5,77.14,10.91,50.7,3.292
LAX-RDM,LAX,RDM,726.0,452,1,90.18,-3.77,14.0,0.664
ORD-IND,ORD,IND,177.0,5262,5,74.92,12.66,58.0,3.877
DEN-HDN,DEN,HDN,141.0,1426,3,73.82,12.86,56.0,0.351
SCE-ORD,SCE,ORD,528.0,550,2,74.39,18.14,85.2,2.0
CHO-ORD,CHO,ORD,566.0,1215,1,69.38,30.36,111.0,4.362
PVD-ORD,PVD,ORD,849.0,1686,5,74.95,15.81,60.0,4.211
OKC-IAH,OKC,IAH,395.0,1285,2,84.17,2.13,26.1,1.012
PIA-DEN,PIA,DEN,793.0,432,2,72.88,11.76,60.7,1.62
DEN-OMA,DEN,OMA,472.0,3308,4,76.98,7.84,46.0,0.272
SFO-MRY,SFO,MRY,77.0,732,1,75.45,13.16,63.0,0.41
MKE-DEN,MKE,DEN,896.0,2322,4,78.92,5.45,41.0,0.388
DEN-ABQ,DEN,ABQ,349.0,3201,3,78.39,6.34,44.0,0.406
DEN-ACV,DEN,ACV,1026.0,369,1,79.89,6.24,47.0,0.542
SFO-OTH,SFO,OTH,412.0,316,1,71.84,11.42,53.0,0.633
ORD-OMA,ORD,OMA,416.0,3060,6,70.34,13.42,62.0,2.451
RDM-LAX,RDM,LAX,726.0,454,1,77.78,7.1,36.1,0.661
HDN-DEN,HDN,DEN,141.0,1425,3,79.52,0.77,44.0,0.491
ORD-CHO,ORD,CHO,566.0,1215,1,66.81,22.96,90.0,4.198
PSC-SFO,PSC,SFO,620.0,596,1,70.99,13.81,54.8,0.168
ORD-TUS,ORD,TUS,1437.0,1042,4,69.93,15.28,71.0,1.631
EGE-DEN,EGE,DEN,120.0,1171,2,78.59,5.59,42.0,0.512
CID-DEN,CID,DEN,692.0,1127,3,78.98,12.2,50.0,1.065
ORD-SAV,ORD,SAV,773.0,1564,5,77.6,8.57,47.0,1.854
ORD-TYS,ORD,TYS,475.0,2188,5,67.28,26.25,90.0,3.748
DEN-JAC,DEN,JAC,406.0,1632,2,82.68,3.08,35.0,1.225
GSP-ORD,GSP,ORD,577.0,1813,6,76.53,7.44,51.0,3.971
SFO-MCI,SFO,MCI,1499.0,365,2,68.87,11.27,60.0,0.274
RDD-DEN,RDD,DEN,932.0,331,1,80.49,3.89,47.3,0.0
DEN-SHV,DEN,SHV,792.0,436,1,77.78,7.29,58.9,0.917
DFW-HOU,DFW,HOU,247.0,2001,3,76.05,9.45,54.0,3.748
AUS-DFW,AUS,DFW,190.0,4706,5,74.02,22.52,77.0,3.591
DFW-AUS,DFW,AUS,190.0,4705,4,67.95,18.84,74.0,3.337
DFW-JAN,DFW,JAN,408.0,1909,3,75.42,12.09,60.4,2.933
BUF-DTW,BUF,DTW,241.0,1207,3,80.86,9.99,53.0,1.74
LAX-PSP,LAX,PSP,110.0,484,1,90.0,-0.43,14.1,0.62
MSN-DEN,MSN,DEN,826.0,1099,3,81.4,6.13,40.0,0.728
ORD-SAT,ORD,SAT,1041.0,1977,5,74.08,8.8,62.0,1.973
SAT-ORD,SAT,ORD,1041.0,1979,5,76.8,9.09,49.0,2.324
MSP-DEN,MSP,DEN,680.0,5821,5,78.35,7.02,42.0,0.687
ROC-ORD,ROC,ORD,528.0,2355,4,75.52,13.5,63.5,2.42
ONT-PDX,ONT,PDX,838.0,565,3,90.2,-6.32,14.0,0.708
LAS-STS,LAS,STS,454.0,346,2,78.49,1.15,38.0,0.0
ATL-MOB,ATL,MOB,302.0,905,2,79.23,9.21,57.0,1.989
MOB-ATL,MOB,ATL,302.0,905,2,83.26,1.05,44.0,2.099
MKE-MSP,MKE,MSP,297.0,1559,2,81.8,6.54,42.7,0.962
MSP-MKE,MSP,MKE,297.0,1559,2,80.7,5.64,42.2,0.898
MSP-FSD,MSP,FSD,196.0,1347,2,77.76,8.96,49.0,1.114
ABQ-DAL,ABQ,DAL,580.0,1628,1,82.32,2.49,32.0,1.474
ALB-BWI,ALB,BWI,288.0,1764,1,88.77,-2.62,17.0,1.474
ATL-BWI,ATL,BWI,577.0,5404,4,75.59,10.85,50.0,2.073
ATL-CMH,ATL,CMH,447.0,3155,3,80.18,5.42,36.0,1.458
ATL-LAS,ATL,LAS,1747.0,4773,4,75.84,7.98,47.0,0.817
ATL-PIT,ATL,PIT,526.0,2754,2,83.75,3.17,30.0,1.997
AUS-DCA,AUS,DCA,1315.0,364,1,65.83,14.4,48.2,0.824
AUS-ELP,AUS,ELP,528.0,1042,1,74.16,8.26,43.4,0.288
AUS-FLL,AUS,FLL,1105.0,1167,3,67.31,15.77,59.3,2.228
AUS-MCO,AUS,MCO,994.0,2832,4,72.13,12.93,55.0,1.377
AUS-MDW,AUS,MDW,972.0,1349,1,76.71,9.18,42.0,1.038
AUS-MIA,AUS,MIA,1103.0,2192,6,78.69,6.3,43.0,1.141
AUS-ONT,AUS,ONT,1196.0,335,1,74.47,7.82,39.4,0.597
AUS-SNA,AUS,SNA,1209.0,352,1,69.32,8.72,47.0,0.0
BDL-MCO,BDL,MCO,1050.0,1895,4,73.77,12.18,58.0,2.005
BHM-LAS,BHM,LAS,1618.0,359,1,85.79,-1.67,21.4,0.0
BNA-BUR,BNA,BUR,1791.0,329,1,72.62,7.83,51.6,1.216
BNA-BWI,BNA,BWI,587.0,1813,2,77.18,5.34,40.0,1.82
BNA-CMH,BNA,CMH,338.0,1035,1,78.29,6.57,42.0,0.58
BNA-DEN,BNA,DEN,1013.0,3645,3,75.12,8.79,47.1,0.631
BNA-MCI,BNA,MCI,491.0,1380,2,75.48,6.55,41.0,0.725
BNA-MSY,BNA,MSY,471.0,1489,2,78.27,4.5,37.0,0.739
BNA-PBI,BNA,PBI,757.0,365,1,68.32,13.41,47.8,0.274
BNA-PHX,BNA,PHX,1449.0,2363,3,78.14,6.93,38.0,0.931
BNA-PIT,BNA,PIT,462.0,1102,2,72.99,8.6,40.0,0.544
BNA-PVD,BNA,PVD,906.0,380,1,80.64,1.53,28.8,0.789
BNA-SAT,BNA,SAT,822.0,940,2,78.8,1.33,32.7,0.638
BNA-SFO,BNA,SFO,1969.0,1158,2,69.26,12.9,59.0,0.691
BNA-SLC,BNA,SLC,1404.0,1206,2,84.04,2.02,29.0,0.663
BNA-STL,BNA,STL,272.0,1286,1,79.43,2.82,38.0,0.933
BNA-TPA,BNA,TPA,612.0,2479,3,74.07,8.86,41.0,0.928
BNA-VPS,BNA,VPS,389.0,818,1,82.04,-0.2,34.6,0.244
BOS-BNA,BOS,BNA,942.0,2934,6,70.34,12.34,64.0,2.113
BUF-MCO,BUF,MCO,1011.0,1792,3,75.78,9.75,46.0,1.451
BUF-MDW,BUF,MDW,468.0,824,1,76.82,8.86,42.0,1.335
BUF-TPA,BUF,TPA,1053.0,732,2,79.89,5.34,40.5,0.546
BUR-OAK,BUR,OAK,325.0,2735,1,85.49,-2.17,27.0,0.951
BWI-ABQ,BWI,ABQ,1670.0,402,1,76.38,4.4,34.3,0.746
BWI-BNA,BWI,BNA,587.0,1812,2,80.38,3.41,33.7,1.876
BWI-BOS,BWI,BOS,369.0,3517,3,75.0,8.39,55.0,2.786
BWI-BUF,BWI,BUF,281.0,1748,1,77.38,6.97,36.0,1.888
BWI-CHS,BWI,CHS,472.0,1234,2,80.2,3.6,35.0,1.621
BWI-DAL,BWI,DAL,1209.0,1803,1,76.4,5.12,41.4,1.553
BWI-HOU,BWI,HOU,1246.0,1468,1,76.09,5.06,42.4,1.362
BWI-JAX,BWI,JAX,663.0,1401,1,76.4,6.44,37.4,1.57
BWI-LAS,BWI,LAS,2106.0,1789,2,79.58,2.47,34.0,0.783
BWI-LAX,BWI,LAX,2329.0,1701,3,73.94,6.66,41.0,1.293
BWI-MCO,BWI,MCO,787.0,4682,3,75.55,9.47,50.0,2.243
BWI-MKE,BWI,MKE,641.0,830,1,76.2,6.0,44.0,2.048
BWI-ORF,BWI,ORF,159.0,1549,1,78.98,3.48,36.0,1.42
BWI-ROC,BWI,ROC,277.0,1104,1,75.62,8.21,38.0,1.359
BWI-RSW,BWI,RSW,919.0,1411,1,75.51,8.01,39.0,1.914
BWI-SRQ,BWI,SRQ,880.0,1250,1,80.59,2.71,36.0,1.52
CLE-STL,CLE,STL,487.0,698,1,82.93,0.36,29.4,0.143
CLT-DAL,CLT,DAL,926.0,377,1,80.76,0.21,29.0,1.592
CMH-BNA,CMH,BNA,338.0,1040,1,83.83,-0.4,27.0,0.673
CMH-DAL,CMH,DAL,919.0,535,1,79.54,2.56,33.8,1.495
CMH-STL,CMH,STL,409.0,673,1,84.56,1.46,32.0,0.743
COS-PHX,COS,PHX,551.0,1001,1,81.64,2.42,31.0,0.1
CRP-HOU,CRP,HOU,187.0,976,1,86.45,-4.26,24.0,0.205
CVG-MCO,CVG,MCO,757.0,1795,4,79.77,6.48,45.0,1.17
DAL-ATL,DAL,ATL,721.0,3350,2,78.41,8.44,45.0,2.0
DAL-ECP,DAL,ECP,674.0,691,1,70.16,13.32,61.0,0.289
DAL-IND,DAL,IND,755.0,675,1,73.87,11.46,52.0,1.333
DAL-LAX,DAL,LAX,1246.0,1470,1,68.82,12.12,50.8,1.02
DAL-MAF,DAL,MAF,319.0,1352,1,78.48,4.4,43.0,1.036
DAL-MCO,DAL,MCO,973.0,2638,1,70.22,13.08,51.0,1.63
DAL-MEM,DAL,MEM,423.0,457,1,74.0,10.82,42.1,1.532
DAL-MIA,DAL,MIA,1109.0,417,1,70.44,15.67,74.0,2.158
DAL-MKE,DAL,MKE,850.0,401,1,70.45,10.74,50.0,1.247
DAL-OMA,DAL,OMA,586.0,433,1,70.63,11.75,47.0,0.924
DAL-PIT,DAL,PIT,1060.0,366,1,70.52,15.65,50.6,0.82
DAL-SAN,DAL,SAN,1182.0,1577,1,73.84,7.83,46.0,1.268
DAL-SAV,DAL,SAV,915.0,328,1,62.65,18.88,62.1,0.61
DAL-TPA,DAL,TPA,917.0,1286,1,70.42,12.8,52.0,1.011
DCA-BNA,DCA,BNA,562.0,4354,5,76.42,7.61,51.0,2.71
DCA-MSY,DCA,MSY,969.0,1947,4,73.4,8.88,54.0,2.979
DCA-OKC,DCA,OKC,1158.0,691,5,66.27,16.97,71.0,3.184
DCA-PVD,DCA,PVD,356.0,2423,5,73.12,10.58,55.7,4.457
DEN-AUS,DEN,AUS,775.0,5394,4,76.65,6.89,45.0,0.538
DEN-BWI,DEN,BWI,1491.0,2815,3,77.5,5.16,39.0,1.03
DEN-CHS,DEN,CHS,1449.0,642,2,77.0,5.81,30.0,0.312
DEN-ELP,DEN,ELP,563.0,1865,3,75.35,8.35,49.0,0.322
DEN-IND,DEN,IND,976.0,2497,3,76.68,7.53,41.0,0.4
DEN-JAX,DEN,JAX,1446.0,1020,2,76.55,6.75,43.0,0.0
DEN-MCO,DEN,MCO,1547.0,4542,3,77.77,4.96,40.0,0.661
DEN-MIA,DEN,MIA,1709.0,2468,4,74.42,10.0,49.8,0.527
DEN-MSY,DEN,MSY,1062.0,2277,3,78.02,4.49,41.0,0.571
DEN-ONT,DEN,ONT,819.0,2642,3,74.91,8.77,48.2,0.076
DEN-RDU,DEN,RDU,1436.0,1742,3,75.99,7.62,41.7,0.804
DEN-RIC,DEN,RIC,1481.0,791,3,71.23,11.76,47.8,0.759
DEN-RSW,DEN,RSW,1607.0,1153,3,80.14,3.23,42.0,0.173
DEN-SAT,DEN,SAT,794.0,3043,4,77.43,6.92,44.0,0.263
DEN-SAV,DEN,SAV,1414.0,373,3,81.5,1.06,21.0,0.0
DEN-SBA,DEN,SBA,916.0,1073,2,73.45,9.72,49.0,0.28
DEN-SFO,DEN,SFO,967.0,5465,3,64.59,15.61,69.0,0.311
DEN-SNA,DEN,SNA,846.0,3685,3,80.93,2.13,31.0,0.271
DTW-BWI,DTW,BWI,409.0,2252,4,81.07,3.96,32.0,1.421
DTW-DEN,DTW,DEN,1123.0,3095,5,80.16,4.16,40.0,0.355
DTW-LAS,DTW,LAS,1749.0,2792,4,75.25,7.7,48.0,0.501
ECP-DAL,ECP,DAL,674.0,692,1,80.09,3.19,38.6,0.867
ELP-DAL,ELP,DAL,562.0,1770,1,80.1,5.59,34.2,1.073
ELP-SAT,ELP,SAT,496.0,747,1,83.18,2.33,28.8,0.134
EUG-LAS,EUG,LAS,700.0,473,2,71.13,23.93,55.0,0.211
EUG-SMF,EUG,SMF,384.0,365,1,92.56,-6.41,9.8,0.0
FLL-BWI,FLL,BWI,925.0,3118,4,72.19,11.67,52.1,2.854
FLL-DAL,FLL,DAL,1108.0,547,1,71.94,8.8,43.0,1.828
FLL-MCO,FLL,MCO,177.0,1448,3,78.0,6.78,50.0,1.381
GEG-LAS,GEG,LAS,806.0,855,2,82.65,0.26,27.8,0.234
GEG-OAK,GEG,OAK,723.0,381,1,90.29,-6.29,14.0,0.0
GEG-PHX,GEG,PHX,1020.0,1258,4,83.68,5.99,28.0,0.397
GRR-LAS,GRR,LAS,1642.0,385,2,74.93,5.13,43.0,0.0
HNL-ITO,HNL,ITO,216.0,6294,3,84.57,4.7,22.0,0.985
HNL-KOA,HNL,KOA,163.0,7234,3,85.93,3.92,19.0,1.106
HNL-OGG,HNL,OGG,101.0,10072,3,84.86,4.04,22.0,0.884
HOU-CRP,HOU,CRP,187.0,976,1,77.23,5.58,42.0,0.102
HOU-DCA,HOU,DCA,1218.0,1052,1,69.95,12.3,51.0,1.711
HOU-DEN,HOU,DEN,883.0,2380,1,77.75,5.7,41.7,0.336
HOU-ELP,HOU,ELP,677.0,1045,1,77.52,4.54,37.0,0.287
HOU-FLL,HOU,FLL,957.0,809,1,66.04,14.76,51.0,0.371
HOU-MAF,HOU,MAF,441.0,1358,1,82.15,1.95,32.0,0.515
HOU-MCO,HOU,MCO,849.0,2054,1,77.42,7.19,37.0,0.779
HOU-ONT,HOU,ONT,1345.0,362,1,77.99,7.16,35.4,0.276
HOU-SMF,HOU,SMF,1624.0,364,1,79.12,3.63,37.7,0.0
HRL-HOU,HRL,HOU,277.0,1181,1,80.29,4.8,34.4,0.254
IAD-DEN,IAD,DEN,1452.0,3465,2,83.02,1.88,29.0,0.548
IND-RSW,IND,RSW,945.0,808,2,79.02,5.84,37.5,0.866
ISP-BWI,ISP,BWI,220.0,1235,1,84.75,2.85,26.0,1.538
ISP-MCO,ISP,MCO,971.0,1424,3,73.45,11.72,60.0,1.966
ISP-PBI,ISP,PBI,1052.0,1221,3,72.25,13.65,50.2,2.129
JAX-BNA,JAX,BNA,483.0,1112,2,81.13,5.44,33.0,0.809
JAX-DAL,JAX,DAL,906.0,350,1,68.22,15.33,50.8,1.429
KOA-SMF,KOA,SMF,2435.0,521,3,89.44,-4.1,15.0,0.0
LAS-ABQ,LAS,ABQ,486.0,1716,2,76.98,6.39,43.0,0.466
LAS-BNA,LAS,BNA,1587.0,2051,6,77.97,4.67,33.0,0.829
LAS-BWI,LAS,BWI,2106.0,1782,2,78.91,2.86,33.0,0.842
LAS-COS,LAS,COS,604.0,861,1,75.73,7.27,45.4,0.232
LAS-DAL,LAS,DAL,1067.0,2842,1,71.23,10.7,49.0,1.548
LAS-DSM,LAS,DSM,1216.0,595,2,78.78,7.25,35.0,0.336
LAS-GEG,LAS,GEG,806.0,855,2,75.88,5.7,37.1,0.585
LAS-IND,LAS,IND,1590.0,1349,4,73.68,9.88,50.0,0.371
LAS-LBB,LAS,LBB,775.0,366,1,86.74,-0.5,19.0,1.093
LAS-LIT,LAS,LIT,1294.0,360,1,72.07,6.41,33.3,0.556
LAS-MAF,LAS,MAF,795.0,365,1,82.32,2.83,30.9,0.548
LAS-MEM,LAS,MEM,1416.0,582,4,77.3,5.96,36.0,0.515
LAS-OAK,LAS,OAK,407.0,3258,2,72.82,9.39,48.0,0.399
LAS-PHX,LAS,PHX,255.0,6018,5,77.95,6.71,45.0,1.03
LAS-PIT,LAS,PIT,1910.0,717,2,75.6,5.98,40.0,0.418
LAS-RNO,LAS,RNO,345.0,4102,3,79.41,3.91,39.0,0.804
LAS-STL,LAS,STL,1371.0,2101,2,78.61,4.6,43.0,0.381
LAS-TUL,LAS,TUL,1076.0,742,2,76.74,6.93,42.0,1.078
LAX-DAL,LAX,DAL,1246.0,1471,1,65.04,13.15,47.0,0.748
LAX-MSY,LAX,MSY,1671.0,1459,3,78.2,8.14,38.6,0.617
LGA-MDW,LGA,MDW,725.0,2385,1,72.55,11.87,56.0,4.864
LGB-HNL,LGB,HNL,2569.0,730,3,89.56,-6.39,16.0,0.274
LGB-OAK,LGB,OAK,353.0,1597,1,88.94,-6.76,17.0,0.376
LIH-HNL,LIH,HNL,102.0,7725,3,84.38,3.22,24.0,1.515
LIT-STL,LIT,STL,296.0,403,1,87.47,-3.24,19.2,0.993
MAF-HOU,MAF,HOU,441.0,1357,1,84.88,0.25,28.0,0.59
MAF-LAS,MAF,LAS,795.0,365,1,80.94,2.14,39.9,0.822
MCI-BWI,MCI,BWI,966.0,882,1,82.97,1.64,26.8,1.814
MCI-LAS,MCI,LAS,1139.0,2008,4,81.04,2.33,33.0,0.498
MCI-LGA,MCI,LGA,1107.0,1822,4,76.75,10.7,56.0,4.501
MCI-MIA,MCI,MIA,1251.0,844,4,83.96,0.98,27.2,1.422
MCI-SAN,MCI,SAN,1334.0,385,1,75.26,6.35,36.7,0.26
MCO-ALB,MCO,ALB,1073.0,1042,2,69.84,14.92,64.0,0.96
MCO-ATL,MCO,ATL,404.0,8202,4,75.18,11.25,62.0,1.512
MCO-BDL,MCO,BDL,1050.0,1893,4,73.0,14.16,58.3,2.06
MCO-BHM,MCO,BHM,479.0,849,1,70.19,14.75,62.8,0.589
MCO-FLL,MCO,FLL,177.0,1452,3,70.53,11.66,58.0,1.309
MCO-HOU,MCO,HOU,849.0,2041,1,76.34,6.65,44.0,0.882
MCO-MKE,MCO,MKE,1066.0,1420,3,70.67,11.12,53.0,1.197
MCO-MSY,MCO,MSY,551.0,2272,3,74.52,9.69,54.6,1.056
MCO-ROC,MCO,ROC,1033.0,503,3,68.15,12.58,54.0,1.193
MCO-SAN,MCO,SAN,2149.0,1093,2,76.3,2.71,45.0,0.823
MDW-ABQ,MDW,ABQ,1121.0,449,1,79.37,4.18,32.5,0.445
MDW-AUS,MDW,AUS,972.0,1357,1,77.31,3.92,37.0,0.958
MDW-BDL,MDW,BDL,776.0,823,1,76.61,9.43,41.3,1.58
MDW-CLE,MDW,CLE,307.0,1109,1,80.64,4.69,37.0,1.443
MDW-CVG,MDW,CVG,249.0,538,1,73.81,8.38,50.0,2.045
MDW-DEN,MDW,DEN,895.0,2271,2,74.36,9.45,51.0,1.321
MDW-LAS,MDW,LAS,1521.0,2273,2,76.68,6.16,41.0,0.836
MDW-ORF,MDW,ORF,704.0,578,1,74.52,10.27,45.4,0.865
MDW-RSW,MDW,RSW,1105.0,1162,1,75.59,8.16,41.6,1.549
MDW-SAV,MDW,SAV,758.0,389,2,77.4,5.82,35.6,0.771
MDW-SDF,MDW,SDF,271.0,978,1,83.16,1.11,30.0,1.534
MDW-SJC,MDW,SJC,1838.0,519,1,68.69,11.22,49.0,1.541
MDW-SLC,MDW,SLC,1259.0,619,1,69.97,8.15,44.0,1.939
MDW-TUL,MDW,TUL,583.0,451,1,76.7,9.26,48.0,1.552
MEM-DAL,MEM,DAL,423.0,457,1,78.84,7.02,38.0,1.094
MEM-MCO,MEM,MCO,684.0,739,3,77.65,6.54,41.0,2.842
MHT-BWI,MHT,BWI,377.0,1746,1,88.68,-1.05,19.0,0.745
MHT-MDW,MHT,MDW,838.0,523,1,87.6,-2.38,19.5,0.956
MIA-BWI,MIA,BWI,946.0,2286,5,72.91,10.09,51.5,2.012
MIA-CMH,MIA,CMH,990.0,1152,4,77.93,1.88,43.0,0.434
MKE-DAL,MKE,DAL,850.0,400,1,80.96,1.46,34.0,0.0
MKE-LAS,MKE,LAS,1524.0,1049,3,81.87,1.0,32.4,1.049
MKE-PHX,MKE,PHX,1460.0,1453,3,78.91,8.93,36.4,0.895
MKE-STL,MKE,STL,317.0,684,1,88.76,-3.98,17.0,0.877
MSP-BWI,MSP,BWI,936.0,1409,2,81.54,2.9,37.0,1.561
MSP-PHX,MSP,PHX,1276.0,3019,5,80.28,5.75,37.0,0.894
MSY-DEN,MSY,DEN,1062.0,2277,3,80.12,3.8,37.0,0.395
MSY-LAS,MSY,LAS,1500.0,847,3,78.58,5.81,40.0,0.118
MSY-LAX,MSY,LAX,1671.0,1457,3,79.17,5.44,40.6,0.48
MSY-MCO,MSY,MCO,551.0,2243,3,77.51,7.63,46.0,1.204
MYR-BWI,MYR,BWI,399.0,1038,1,84.15,1.32,29.9,1.252
OAK-BUR,OAK,BUR,325.0,2734,1,81.97,3.04,36.0,0.914
OAK-DAL,OAK,DAL,1468.0,417,1,76.89,8.65,36.0,0.959
OAK-GEG,OAK,GEG,723.0,381,1,73.49,5.67,40.0,0.0
OAK-LAX,OAK,LAX,337.0,2082,1,79.29,4.06,37.0,0.72
OAK-MDW,OAK,MDW,1844.0,505,1,84.6,-0.33,22.1,0.198
OAK-OGG,OAK,OGG,2348.0,725,3,86.31,-3.27,21.5,1.103
OAK-ONT,OAK,ONT,362.0,1471,1,81.76,2.09,31.0,0.408
OAK-SBA,OAK,SBA,263.0,300,1,85.23,-1.16,25.0,0.667
OAK-SNA,OAK,SNA,371.0,2354,3,85.49,-1.15,23.0,0.722
OKC-DCA,OKC,DCA,1158.0,691,5,73.51,13.62,59.8,4.342
OKC-MDW,OKC,MDW,691.0,560,1,84.31,2.04,25.3,1.429
OMA-DAL,OMA,DAL,586.0,432,1,78.92,5.51,46.4,0.926
OMA-LAS,OMA,LAS,1099.0,1127,2,83.04,3.26,37.0,0.532
OMA-MCO,OMA,MCO,1211.0,378,2,82.09,0.68,26.7,1.058
OMA-MDW,OMA,MDW,423.0,1327,1,81.18,3.16,29.0,1.356
OMA-STL,OMA,STL,342.0,826,1,88.78,-4.31,18.1,0.484
ONT-AUS,ONT,AUS,1196.0,337,2,74.33,8.53,31.6,0.297
ONT-DAL,ONT,DAL,1200.0,399,1,74.23,10.71,38.8,1.504
ONT-DEN,ONT,DEN,819.0,2643,3,81.04,5.71,34.4,0.341
ONT-LAS,ONT,LAS,197.0,2476,2,77.05,7.21,45.0,0.929
ORD-LAS,ORD,LAS,1514.0,5241,5,74.0,10.92,58.0,1.393
ORF-BWI,ORF,BWI,159.0,1549,1,84.69,1.84,23.0,1.679
PBI-BWI,PBI,BWI,883.0,1233,1,81.35,4.77,36.9,1.379
PDX-MDW,PDX,MDW,1751.0,684,1,89.64,-3.48,15.0,0.731
PDX-PHX,PDX,PHX,1010.0,3750,6,79.34,9.11,34.0,0.427
PHX-BNA,PHX,BNA,1449.0,2367,3,73.05,10.33,43.0,0.591
PHX-DAL,PHX,DAL,879.0,2889,1,76.04,8.01,44.0,1.523
PHX-GEG,PHX,GEG,1020.0,1257,4,74.84,8.31,46.0,0.239
PHX-IAD,PHX,IAD,1956.0,1037,2,85.64,-1.79,22.7,0.675
PHX-IND,PHX,IND,1489.0,1529,3,73.34,10.2,49.0,0.523
PHX-MDW,PHX,MDW,1444.0,2757,2,71.72,11.28,45.0,1.124
PHX-MSP,PHX,MSP,1276.0,3020,5,83.24,3.2,33.0,0.861
PHX-MSY,PHX,MSY,1301.0,932,4,71.71,12.81,51.0,0.536
PHX-OGG,PHX,OGG,2844.0,856,2,83.76,-5.13,25.0,0.234
PHX-ORD,PHX,ORD,1440.0,5587,4,76.25,10.6,49.0,1.647
PHX-RNO,PHX,RNO,601.0,2444,5,80.05,6.1,37.0,0.573
PHX-SAN,PHX,SAN,304.0,6002,5,71.71,11.67,51.0,1.3
PHX-SDF,PHX,SDF,1506.0,372,2,73.37,8.71,38.0,0.538
PHX-SMF,PHX,SMF,647.0,3622,4,80.2,4.23,35.0,0.414
PHX-TUL,PHX,TUL,935.0,1255,3,73.66,13.18,53.2,0.319
PIT-DAL,PIT,DAL,1060.0,365,1,81.28,0.33,32.3,0.548
PIT-LAS,PIT,LAS,1910.0,719,2,83.26,0.09,28.4,0.139
PIT-RSW,PIT,RSW,966.0,483,1,78.6,5.05,28.9,0.828
PIT-STL,PIT,STL,554.0,499,1,81.33,1.09,35.3,0.2
PVD-BNA,PVD,BNA,906.0,380,1,82.04,3.79,31.0,1.316
PVD-BWI,PVD,BWI,327.0,1870,1,86.71,-0.0,20.3,2.032
PWM-BWI,PWM,BWI,452.0,1342,1,82.87,4.65,24.0,0.894
RDU-ATL,RDU,ATL,356.0,4630,3,87.05,1.01,24.0,1.555
RDU-LAS,RDU,LAS,2026.0,613,3,82.24,-1.49,29.0,0.816
RDU-PHX,RDU,PHX,1891.0,834,2,81.29,1.02,27.8,1.079
RDU-TPA,RDU,TPA,587.0,1290,3,82.41,1.72,34.9,2.171
RIC-DEN,RIC,DEN,1481.0,791,3,71.34,12.32,58.0,0.885
RNO-LGB,RNO,LGB,402.0,694,1,81.95,2.09,35.4,1.009
ROC-BWI,ROC,BWI,277.0,1105,1,82.64,4.36,31.2,1.176
ROC-MCO,ROC,MCO,1033.0,504,3,63.95,20.86,77.0,1.19
ROC-MDW,ROC,MDW,523.0,496,1,78.03,5.14,40.0,1.613
RSW-CMH,RSW,CMH,930.0,651,1,74.33,10.0,49.0,1.382
RSW-DEN,RSW,DEN,1607.0,1153,3,82.95,-0.34,35.0,0.347
SAN-DAL,SAN,DAL,1182.0,1571,1,68.06,11.6,47.0,1.655
SAN-MCI,SAN,MCI,1334.0,385,1,71.05,11.64,48.0,0.779
SAN-MDW,SAN,MDW,1728.0,1093,1,77.63,4.73,34.8,1.006
SAN-PHX,SAN,PHX,304.0,5976,5,74.47,11.04,49.0,1.556
SAN-RNO,SAN,RNO,488.0,1207,3,75.21,4.61,44.5,1.574
SAT-BWI,SAT,BWI,1407.0,732,1,81.17,4.39,32.0,1.776
SAT-DEN,SAT,DEN,794.0,3040,4,81.84,4.27,37.0,0.428
SAT-ELP,SAT,ELP,496.0,747,1,79.84,3.78,34.7,0.134
SAT-MSY,SAT,MSY,495.0,346,1,83.48,0.99,24.0,0.289
SBA-DEN,SBA,DEN,916.0,1073,2,84.29,1.84,30.0,0.652
SBA-LAS,SBA,LAS,289.0,885,1,86.93,-1.33,22.1,0.565
SBA-SMF,SBA,SMF,310.0,365,1,82.92,-1.63,26.8,0.548
SDF-DAL,SDF,DAL,725.0,350,1,83.87,-1.72,28.0,0.571
SDF-MDW,SDF,MDW,271.0,977,1,85.04,0.81,30.0,1.74
SDF-PHX,SDF,PHX,1506.0,372,2,82.51,-1.29,27.5,1.075
SEA-BNA,SEA,BNA,1978.0,1476,3,79.14,1.11,36.0,0.881
SEA-DEN,SEA,DEN,1024.0,6325,6,78.49,4.1,38.0,0.743
SFO-BNA,SFO,BNA,1969.0,1158,2,73.0,9.59,46.0,0.432
SFO-MDW,SFO,MDW,1855.0,485,1,72.84,6.55,37.6,1.237
SJC-DAL,SJC,DAL,1450.0,427,1,84.29,2.08,26.1,0.937
SJC-DEN,SJC,DEN,948.0,2564,3,80.97,2.75,35.0,0.39
SJC-HNL,SJC,HNL,2417.0,808,3,82.65,-0.44,26.4,0.0
SJC-ONT,SJC,ONT,333.0,1317,1,82.5,0.98,27.0,0.152
SJU-FLL,SJU,FLL,1046.0,2336,4,74.72,12.79,59.0,1.455
SJU-TPA,SJU,TPA,1237.0,1519,4,76.11,11.46,52.0,1.712
SLC-BNA,SLC,BNA,1404.0,1206,2,85.64,-0.47,23.0,0.58
SLC-BWI,SLC,BWI,1865.0,769,2,81.37,0.82,26.0,1.3
SMF-AUS,SMF,AUS,1481.0,385,1,78.91,5.46,27.7,0.26
SMF-BNA,SMF,BNA,1917.0,345,1,88.92,-0.52,16.0,0.29
SMF-BOI,SMF,BOI,437.0,860,1,80.7,3.0,29.0,0.0
SMF-DEN,SMF,DEN,909.0,3845,3,83.33,2.71,29.0,0.338
SMF-HOU,SMF,HOU,1624.0,364,1,75.21,8.33,28.0,0.549
SRQ-MDW,SRQ,MDW,1035.0,520,1,72.82,11.79,45.7,1.538
STL-ATL,STL,ATL,484.0,3684,3,84.87,-0.28,28.2,1.737
STL-DAL,STL,DAL,546.0,1952,1,75.88,8.5,48.0,1.486
STL-DCA,STL,DCA,719.0,2416,5,73.47,12.32,55.0,2.608
STL-DTW,STL,DTW,440.0,1894,4,81.34,6.34,44.0,1.162
STL-ECP,STL,ECP,634.0,315,1,75.32,7.56,35.8,0.317
STL-FLL,STL,FLL,1057.0,828,3,74.33,9.73,40.0,0.483
STL-MKE,STL,MKE,317.0,685,1,82.35,3.73,32.0,0.73
STL-OKC,STL,OKC,462.0,412,2,82.31,1.28,24.4,1.214
STL-PHL,STL,PHL,814.0,1602,4,80.13,8.11,44.0,1.436
STL-SAT,STL,SAT,786.0,548,1,80.81,0.74,32.9,0.182
TPA-AUS,TPA,AUS,928.0,1544,3,79.74,3.82,39.0,0.648
TPA-BDL,TPA,BDL,1111.0,682,2,72.84,12.82,52.0,1.613
TPA-BNA,TPA,BNA,612.0,2476,3,75.18,9.38,44.0,0.969
TPA-BWI,TPA,BWI,842.0,2651,3,81.69,2.96,33.0,1.66
TPA-DCA,TPA,DCA,814.0,2244,3,74.94,11.44,52.0,2.317
TPA-LAS,TPA,LAS,1984.0,1042,3,80.12,3.49,33.0,1.056
TPA-MCI,TPA,MCI,1048.0,661,2,78.02,7.15,38.0,0.605
TPA-MSY,TPA,MSY,487.0,1063,3,79.39,5.66,39.8,0.847
TPA-SJU,TPA,SJU,1237.0,1519,4,73.01,17.17,65.0,1.646
VPS-DAL,VPS,DAL,630.0,445,1,83.71,2.25,41.9,0.449
CLE-TPA,CLE,TPA,927.0,1027,3,79.45,4.54,50.9,1.266
LAX-KOA,LAX,KOA,2504.0,1607,5,82.06,0.71,30.0,0.747
LAX-LIH,LAX,LIH,2615.0,1578,6,83.22,-1.76,26.0,0.444
MCI-SEA,MCI,SEA,1490.0,1131,3,85.0,1.02,25.0,1.061
MCO-DTW,MCO,DTW,957.0,3638,4,73.2,12.94,62.0,1.209
PDX-SAN,PDX,SAN,933.0,1771,3,77.04,5.36,29.0,0.791
SAN-TPA,SAN,TPA,2087.0,642,2,80.72,4.24,35.3,0.467
MCO-LAX,MCO,LAX,2218.0,3556,5,81.11,3.34,38.0,0.619
MCO-MIA,MCO,MIA,192.0,3765,3,74.39,12.58,58.0,0.983
MDW-IND,MDW,IND,162.0,732,1,83.1,-0.31,33.9,1.366
PHX-SBA,PHX,SBA,455.0,1431,4,81.84,6.59,37.0,0.978
TPA-CLE,TPA,CLE,927.0,1029,3,78.35,7.4,61.0,1.069
BOS-ATL,BOS,ATL,946.0,4973,4,77.89,6.13,49.0,2.152
SAN-ATL,SAN,ATL,1892.0,2378,2,85.78,1.69,22.0,0.673
ATL-SJC,ATL,SJC,2116.0,901,1,86.04,-1.26,23.3,1.332
LAX-JFK,LAX,JFK,2475.0,10284,4,79.02,7.24,50.0,2.499
ATL-TUS,ATL,TUS,1541.0,809,1,82.37,3.71,30.0,1.854
JFK-JAX,JFK,JAX,829.0,1187,3,75.27,8.84,61.0,4.212
PBI-ATL,PBI,ATL,545.0,3791,2,82.61,2.44,35.5,1.583
BDL-DTW,BDL,DTW,549.0,1269,2,88.8,-3.2,19.0,2.128
BTV-ATL,BTV,ATL,961.0,391,1,85.19,1.56,24.0,2.302
ATL-LAX,ATL,LAX,1947.0,4945,4,78.09,5.83,42.0,0.849
ABQ-ATL,ABQ,ATL,1269.0,997,1,89.65,-3.14,16.0,1.805
AUS-SEA,AUS,SEA,1770.0,2067,3,82.29,1.86,30.0,0.919
LGA-FLL,LGA,FLL,1076.0,4692,4,68.81,15.14,75.2,4.305
DFW-SLC,DFW,SLC,989.0,3869,4,70.01,16.17,68.0,2.404
MCO-MSP,MCO,MSP,1310.0,1943,3,78.09,12.53,57.0,1.287
ATL-MDT,ATL,MDT,620.0,1002,1,81.22,5.22,38.0,2.196
IAH-ATL,IAH,ATL,689.0,4919,5,77.14,8.12,48.0,1.992
DTW-PHX,DTW,PHX,1671.0,2396,5,76.55,11.09,51.0,0.668
TPA-BOS,TPA,BOS,1185.0,2794,4,75.1,10.77,66.0,2.827
GPT-ATL,GPT,ATL,352.0,1317,1,87.31,0.51,26.9,1.595
ATL-AVL,ATL,AVL,164.0,2018,1,84.84,2.13,31.0,1.14
ATL-GSO,ATL,GSO,306.0,2754,1,83.83,2.45,34.5,1.997
GSO-ATL,GSO,ATL,306.0,2754,1,88.96,-5.33,18.0,2.142
MSP-TPA,MSP,TPA,1306.0,1177,1,80.64,4.2,36.9,1.02
SJU-JFK,SJU,JFK,1598.0,3596,3,78.32,7.61,50.0,3.17
JFK-SJU,JFK,SJU,1598.0,3590,3,70.14,14.17,71.0,3.036
SJU-ATL,SJU,ATL,1547.0,2095,3,81.39,5.09,41.0,1.384
PWM-DTW,PWM,DTW,668.0,613,3,79.7,7.61,50.0,0.979
ATL-LEX,ATL,LEX,304.0,2055,2,84.83,1.26,30.0,1.898
DTW-SJU,DTW,SJU,1930.0,358,2,75.92,6.69,35.8,0.838
DTW-CLT,DTW,CLT,500.0,3510,5,83.66,1.8,35.0,1.738
TYS-ATL,TYS,ATL,152.0,1719,2,87.83,-5.85,21.0,1.862
ATL-OKC,ATL,OKC,761.0,1821,3,81.93,2.31,35.0,2.636
MSP-SJC,MSP,SJC,1575.0,510,1,72.96,10.47,54.8,1.176
SJC-MSP,SJC,MSP,1575.0,510,1,91.47,-5.65,11.0,1.176
MSP-SLC,MSP,SLC,991.0,1598,1,85.41,0.25,24.1,0.438
SLC-MIA,SLC,MIA,2088.0,796,2,84.81,1.21,29.0,0.628
JAX-LGA,JAX,LGA,834.0,628,2,83.33,8.51,48.1,4.14
BOS-RDU,BOS,RDU,612.0,2828,4,75.55,7.94,66.0,2.687
DSM-ATL,DSM,ATL,743.0,1252,1,89.29,-6.26,17.4,2.396
SYR-DTW,SYR,DTW,374.0,691,3,82.26,2.16,39.9,1.158
SFO-JFK,SFO,JFK,2586.0,6769,4,79.81,4.06,43.0,2.216
BOI-MSP,BOI,MSP,1142.0,783,1,87.15,-0.88,19.3,0.511
DTW-BDL,DTW,BDL,549.0,1267,2,85.0,0.36,30.1,1.973
MIA-RDU,MIA,RDU,700.0,2356,5,70.71,15.13,75.0,1.655
DTW-JAX,DTW,JAX,813.0,637,1,84.57,-1.09,26.9,2.355
JAX-DTW,JAX,DTW,813.0,637,1,86.98,-1.56,25.9,2.355
ATL-MKE,ATL,MKE,669.0,2264,2,82.28,3.1,31.0,1.943
MKE-ATL,MKE,ATL,669.0,2264,2,88.55,-5.09,20.0,2.032
GSP-ATL,GSP,ATL,153.0,2819,1,90.18,-5.04,14.0,1.632
ATL-HSV,ATL,HSV,151.0,2236,2,83.97,2.57,33.1,1.878
ATL-DAB,ATL,DAB,366.0,1455,1,86.84,1.03,27.0,1.787
ATL-MLB,ATL,MLB,443.0,1449,1,83.76,2.06,31.0,1.311
MLB-ATL,MLB,ATL,443.0,1449,1,87.38,-2.25,25.0,1.449
ATL-VPS,ATL,VPS,250.0,2393,1,84.06,1.89,31.0,1.713
SRQ-ATL,SRQ,ATL,444.0,2294,1,87.82,-0.5,23.0,1.874
ATL-RIC,ATL,RIC,481.0,2674,2,81.48,5.3,33.7,1.982
MSP-DTW,MSP,DTW,528.0,1918,2,82.0,3.54,32.0,0.574
SEA-ATL,SEA,ATL,2182.0,3277,2,83.52,2.3,30.0,0.58
LAX-ATL,LAX,ATL,1947.0,4938,4,78.55,7.75,40.0,0.932
MSY-SEA,MSY,SEA,2086.0,626,2,71.77,9.3,48.1,0.799
ATL-RSW,ATL,RSW,515.0,2817,2,77.15,7.77,44.0,1.633
BOS-MSP,BOS,MSP,1124.0,1853,1,82.96,2.6,31.0,1.349
HPN-ATL,HPN,ATL,781.0,717,1,82.17,6.45,34.1,3.068
SYR-ATL,SYR,ATL,794.0,1108,2,83.97,0.09,33.2,2.256
MSP-BIL,MSP,BIL,748.0,365,1,80.06,2.5,34.0,0.822
JFK-SAT,JFK,SAT,1587.0,362,1,88.44,-3.85,17.5,4.144
SAT-JFK,SAT,JFK,1587.0,362,1,81.98,8.93,49.1,4.42
TUL-ATL,TUL,ATL,674.0,1576,1,87.95,-2.86,23.0,2.411
AUS-JFK,AUS,JFK,1521.0,2191,2,80.78,7.65,49.0,3.058
MDT-ATL,MDT,ATL,620.0,1002,1,85.88,-3.15,26.0,2.395
PDX-ATL,PDX,ATL,2172.0,1551,3,88.53,-4.5,18.0,0.967
ATL-PWM,ATL,PWM,1027.0,642,1,75.43,8.49,41.0,1.09
CMH-SLC,CMH,SLC,1528.0,363,1,90.03,-3.97,14.0,0.551
PDX-MSP,PDX,MSP,1426.0,1543,2,91.91,-7.65,10.0,0.583
PDX-DTW,PDX,DTW,1953.0,379,1,78.4,15.22,32.0,1.055
FLL-BOS,FLL,BOS,1237.0,3347,3,66.94,19.1,81.0,3.466
MSP-RSW,MSP,RSW,1416.0,1211,1,77.85,6.79,41.9,1.239
ORD-SLC,ORD,SLC,1250.0,3204,5,69.83,18.95,69.0,1.404
LGA-SAV,LGA,SAV,722.0,578,2,72.5,9.32,55.4,5.017
LGA-MIA,LGA,MIA,1096.0,5986,5,70.39,15.85,74.0,4.026
RSW-LGA,RSW,LGA,1080.0,897,2,70.72,18.53,89.4,4.682
SEA-DTW,SEA,DTW,1927.0,2060,2,85.45,-0.44,24.0,0.777
ATL-CHA,ATL,CHA,106.0,1335,2,82.43,3.29,38.0,2.322
HPN-FLL,HPN,FLL,1097.0,880,1,71.75,14.09,70.8,2.386
SFO-BOS,SFO,BOS,2704.0,4733,5,75.95,7.76,57.0,1.669
MCO-BOS,MCO,BOS,1121.0,4625,6,71.06,14.18,72.3,3.049
SYR-MCO,SYR,MCO,1053.0,700,2,73.29,11.41,66.0,1.286
JFK-BDL,JFK,BDL,106.0,365,1,63.17,16.13,71.0,3.288
FLL-EWR,FLL,EWR,1065.0,4716,3,70.94,14.43,76.0,3.393
JFK-SAV,JFK,SAV,717.0,632,2,76.74,7.53,50.8,4.43
MCO-PSE,MCO,PSE,1178.0,617,2,83.47,3.17,33.0,0.81
FLL-HPN,FLL,HPN,1097.0,880,1,74.08,9.42,57.6,2.159
JFK-LAX,JFK,LAX,2475.0,10281,4,77.23,5.31,51.0,2.402
BOS-SYR,BOS,SYR,265.0,474,2,68.9,12.91,74.4,2.11
BOS-DCA,BOS,DCA,399.0,9092,5,73.63,11.11,63.0,3.784
BOS-SJU,BOS,SJU,1674.0,1770,4,67.35,18.37,75.0,2.938
SJU-BOS,SJU,BOS,1674.0,1961,4,71.04,13.32,67.0,3.111
EWR-TPA,EWR,TPA,997.0,2575,2,81.32,1.93,40.0,2.019
TPA-EWR,TPA,EWR,997.0,2578,2,77.58,8.98,58.0,1.901
EWR-MCO,EWR,MCO,937.0,6533,4,77.48,7.64,56.0,3.015
SJU-STT,SJU,STT,68.0,357,2,70.34,17.83,63.7,0.56
HPN-PBI,HPN,PBI,1056.0,1667,1,73.61,12.47,67.0,2.819
BOS-PHL,BOS,PHL,280.0,4981,4,76.52,10.3,61.0,3.052
JFK-ROC,JFK,ROC,264.0,606,1,70.14,12.55,82.5,4.785
BDL-PBI,BDL,PBI,1133.0,516,1,71.09,12.67,65.0,1.938
HPN-RSW,HPN,RSW,1102.0,597,1,82.38,0.9,40.2,2.345
ROC-JFK,ROC,JFK,264.0,606,1,83.68,1.41,35.5,4.785
PBI-PVD,PBI,PVD,1148.0,427,2,76.81,11.0,53.7,2.81
ILM-BOS,ILM,BOS,672.0,433,3,62.59,23.18,81.4,1.617
BOS-ILM,BOS,ILM,672.0,433,3,81.67,0.84,31.0,0.462
BOS-PHX,BOS,PHX,2300.0,2017,3,77.37,6.17,43.0,1.636
LAX-EWR,LAX,EWR,2454.0,4843,4,79.72,2.18,44.0,1.982
EWR-SJU,EWR,SJU,1608.0,2085,4,70.54,16.05,67.0,2.974
FLL-PHL,FLL,PHL,993.0,3508,4,72.54,16.48,70.4,3.25
BOS-IAH,BOS,IAH,1597.0,2021,2,81.0,-0.93,37.7,1.682
DCA-PBI,DCA,PBI,857.0,1805,5,73.85,10.5,58.0,1.939
HPN-SJU,HPN,SJU,1624.0,360,1,75.87,12.35,42.4,4.167
JFK-SRQ,JFK,SRQ,1041.0,534,3,79.41,3.26,42.3,4.12
SRQ-JFK,SRQ,JFK,1041.0,533,3,73.78,14.71,76.0,3.94
PQI-BOS,PQI,BOS,332.0,365,1,90.99,-5.51,13.0,2.74
PBI-EWR,PBI,EWR,1024.0,3608,3,75.33,12.83,71.0,2.91
PWM-JFK,PWM,JFK,273.0,398,2,80.47,6.98,54.2,4.774
SEA-BOS,SEA,BOS,2496.0,2502,3,75.09,6.67,46.0,1.319
ISP-FLL,ISP,FLL,1092.0,405,3,68.94,17.31,71.5,1.728
FLL-LAS,FLL,LAS,2173.0,1038,4,76.25,3.5,44.2,1.734
FLL-PHX,FLL,PHX,1972.0,570,4,72.52,10.95,58.0,0.702
SNA-DTW,SNA,DTW,1960.0,345,2,63.85,20.57,70.0,0.58
MSP-HNL,MSP,HNL,3972.0,365,1,82.6,4.7,31.9,0.822
CLE-MSP,CLE,MSP,622.0,644,2,85.4,-0.06,27.4,0.932
FLL-SEA,FLL,SEA,2717.0,826,2,71.18,8.2,46.0,1.211
SEA-LIH,SEA,LIH,2700.0,1094,2,73.1,5.49,44.0,0.731
DTW-SFO,DTW,SFO,2079.0,1796,2,66.97,16.3,61.0,0.724
LAX-DCA,LAX,DCA,2311.0,1454,3,80.3,3.33,41.0,1.376
ATL-BZN,ATL,BZN,1640.0,429,1,80.91,4.3,29.0,1.399
BZN-ATL,BZN,ATL,1640.0,429,1,85.75,0.33,28.0,1.399
IAD-SLC,IAD,SLC,1827.0,714,2,82.79,8.59,34.0,1.401
BOS-SLC,BOS,SLC,2105.0,1256,2,75.47,8.96,42.0,1.752
BHM-DCA,BHM,DCA,653.0,1043,2,75.83,19.25,61.0,4.698
DCA-TLH,DCA,TLH,716.0,365,1,63.1,25.97,117.5,7.123
BUF-DCA,BUF,DCA,296.0,1134,4,65.74,31.39,95.8,4.938
BTR-DFW,BTR,DFW,383.0,2081,3,79.06,15.73,70.0,3.556
PHL-RDU,PHL,RDU,337.0,2602,4,74.8,11.25,66.0,2.69
ORF-PHL,ORF,PHL,212.0,830,2,77.75,16.1,70.6,2.53
CVG-PHL,CVG,PHL,507.0,1258,3,80.51,10.38,59.5,3.18
DCA-PIT,DCA,PIT,204.0,1431,4,74.51,8.75,52.8,3.983
CLT-BTV,CLT,BTV,761.0,645,2,75.68,13.2,50.8,2.791
CLT-IAD,CLT,IAD,322.0,1990,4,80.13,5.23,45.0,2.563
TLH-DFW,TLH,DFW,767.0,1079,2,77.22,15.77,83.4,4.171
DCA-GSO,DCA,GSO,248.0,795,3,74.31,9.58,68.2,4.403
DFW-TYS,DFW,TYS,772.0,1739,4,71.68,14.06,69.0,3.393
CLT-XNA,CLT,XNA,754.0,1461,3,81.45,4.5,38.0,1.848
DCA-BTV,DCA,BTV,437.0,1144,4,68.17,17.7,71.0,4.72
CLT-SDF,CLT,SDF,335.0,1757,3,76.53,11.46,55.0,2.163
SAV-DCA,SAV,DCA,519.0,1105,4,78.0,13.97,60.1,4.434
CRW-DCA,CRW,DCA,249.0,341,1,78.14,12.96,64.0,8.798
CLT-ABE,CLT,ABE,481.0,856,1,76.61,6.86,57.2,3.388
CLT-MKE,CLT,MKE,651.0,959,2,74.92,10.52,47.0,1.46
TLH-DCA,TLH,DCA,716.0,365,1,82.47,5.38,35.0,4.384
PHL-DAY,PHL,DAY,477.0,359,1,72.86,10.52,71.4,5.571
PHL-IAH,PHL,IAH,1325.0,1847,6,80.91,2.35,42.0,1.895
DCA-SAV,DCA,SAV,519.0,1105,4,69.21,17.16,95.2,4.706
CRW-CLT,CRW,CLT,221.0,1142,1,79.04,6.45,45.9,3.415
CLT-HPN,CLT,HPN,564.0,1338,1,73.66,12.42,69.0,2.915
DCA-BGR,DCA,BGR,590.0,1116,4,68.4,16.07,71.0,6.631
PHL-SAV,PHL,SAV,630.0,984,4,75.6,10.06,70.0,2.846
CLT-PIA,CLT,PIA,607.0,717,1,75.11,11.59,53.0,3.208
PIA-CLT,PIA,CLT,607.0,718,1,77.94,10.64,65.4,3.9
RDU-PHL,RDU,PHL,337.0,2604,4,74.05,15.34,66.8,3.379
MKE-PHL,MKE,PHL,690.0,502,3,79.92,8.45,59.6,5.777
SDF-DCA,SDF,DCA,474.0,1029,4,78.86,9.59,45.7,4.179
DCA-TYS,DCA,TYS,437.0,1021,3,67.79,23.98,94.0,3.722
LEX-CLT,LEX,CLT,281.0,1380,1,83.49,1.39,44.0,1.957
BTV-DCA,BTV,DCA,437.0,1143,4,65.66,30.1,91.4,4.287
DCA-BUF,DCA,BUF,296.0,1134,4,64.29,23.03,79.0,4.85
PHL-JAX,PHL,JAX,742.0,1564,4,76.25,8.94,61.0,2.366
JAN-CLT,JAN,CLT,562.0,327,1,84.91,4.91,37.3,2.752
BTR-DCA,BTR,DCA,985.0,308,2,85.32,6.77,31.8,4.545
SBN-CLT,SBN,CLT,534.0,1026,1,79.62,8.99,52.0,3.119
CLT-MSN,CLT,MSN,708.0,1012,2,77.91,7.08,48.5,1.186
CLT-OKC,CLT,OKC,940.0,811,3,78.84,4.31,45.7,1.726
ORF-DCA,ORF,DCA,142.0,1040,3,66.1,30.11,98.5,3.269
MEM-CLT,MEM,CLT,511.0,1742,2,82.92,3.15,37.0,2.067
DCA-PHL,DCA,PHL,120.0,790,2,64.11,21.0,87.6,2.658
MHT-CLT,MHT,CLT,738.0,918,1,79.07,10.07,49.4,3.813
GSO-CLT,GSO,CLT,84.0,1191,3,84.5,-0.06,28.0,1.427
BTR-CLT,BTR,CLT,675.0,766,3,80.4,11.01,51.1,2.089
PNS-DCA,PNS,DCA,816.0,1073,3,71.92,27.95,76.9,4.567
CLT-PWM,CLT,PWM,813.0,708,2,75.9,12.27,56.2,1.271
DSM-DCA,DSM,DCA,897.0,702,3,77.88,10.98,56.1,5.271
DCA-CAK,DCA,CAK,274.0,324,1,57.88,38.06,143.0,4.012
CLT-MYR,CLT,MYR,157.0,2257,3,77.16,9.06,52.0,1.861
DFW-BHM,DFW,BHM,597.0,2199,4,74.4,15.6,65.8,2.819
JAN-DCA,JAN,DCA,860.0,301,2,89.86,0.41,15.0,4.651
PWM-DCA,PWM,DCA,482.0,1159,3,74.59,19.77,64.0,3.71
CLT-PNS,CLT,PNS,488.0,1886,3,76.1,9.71,57.0,1.856
DCA-CLT,DCA,CLT,331.0,2673,2,78.58,13.18,59.5,2.694
DCA-SRQ,DCA,SRQ,851.0,465,3,79.82,5.04,43.0,1.935
SDF-PHL,SDF,PHL,577.0,608,3,84.87,-1.19,35.0,1.974
PHL-MSY,PHL,MSY,1089.0,1133,4,77.5,7.09,56.0,2.295
SGF-CLT,SGF,CLT,708.0,1192,2,86.28,-0.45,25.5,2.013
PVD-PHL,PVD,PHL,237.0,702,3,81.83,19.92,46.5,5.128
PHL-DSM,PHL,DSM,973.0,349,3,75.0,10.41,78.5,3.725
DFW-GSP,DFW,GSP,862.0,1175,3,72.14,13.64,66.3,2.638
CLT-ATW,CLT,ATW,742.0,394,2,76.78,7.26,51.2,3.299
DCA-ICT,DCA,ICT,1110.0,312,3,63.21,20.97,84.2,4.167
CLT-LIT,CLT,LIT,640.0,1238,4,81.35,4.99,37.0,2.746
MEM-DFW,MEM,DFW,431.0,2353,4,74.64,15.64,61.0,3.06
RIC-LGA,RIC,LGA,291.0,2278,2,73.33,13.31,73.0,5.707
LGA-RIC,LGA,RIC,291.0,2276,2,75.74,6.48,54.0,6.283
ALB-ORD,ALB,ORD,723.0,2321,4,78.1,8.77,47.0,2.714
CAE-ORD,CAE,ORD,666.0,513,2,76.99,19.71,52.0,4.094
DFW-MFE,DFW,MFE,469.0,2418,3,70.14,18.76,71.7,2.895
ORD-COU,ORD,COU,315.0,1976,2,71.37,15.05,70.0,3.745
ORD-ALB,ORD,ALB,723.0,2322,4,75.88,7.8,53.0,2.627
ORD-BHM,ORD,BHM,584.0,1116,4,78.26,3.95,47.6,1.882
FSD-DFW,FSD,DFW,737.0,1085,3,74.78,17.23,66.0,3.318
CMH-DTW,CMH,DTW,155.0,1462,3,86.01,2.63,30.0,0.752
DFW-PHX,DFW,PHX,868.0,5230,5,72.39,13.45,62.0,2.505
PDX-TUS,PDX,TUS,1119.0,365,2,83.79,1.47,23.0,0.0
GJT-DFW,GJT,DFW,772.0,1017,2,82.65,1.85,37.0,1.278
LAX-DSM,LAX,DSM,1447.0,300,1,86.87,-4.24,24.0,0.0
AMA-DFW,AMA,DFW,312.0,2364,3,85.24,3.4,30.0,2.242
DFW-AMA,DFW,AMA,312.0,2365,3,81.25,6.4,42.0,2.156
SFO-ONT,SFO,ONT,363.0,1310,3,76.43,10.44,41.0,0.916
SFO-BZN,SFO,BZN,807.0,378,2,72.99,8.35,53.0,0.0
PHX-DFW,PHX,DFW,868.0,5225,5,79.99,6.95,41.0,2.507
ORD-AZO,ORD,AZO,122.0,964,2,75.03,10.31,54.4,4.564
GUM-HNL,GUM,HNL,3801.0,365,1,88.42,-0.29,18.0,2.74
SFO-CLE,SFO,CLE,2161.0,578,1,84.72,-2.13,27.5,0.0
ORD-LAX,ORD,LAX,1744.0,7023,5,72.99,12.54,60.0,1.438
DEN-IAH,DEN,IAH,861.0,4715,2,79.47,4.23,39.5,0.276
PHL-ORD,PHL,ORD,678.0,5002,4,73.3,17.64,72.0,3.399
DFW-DEN,DFW,DEN,641.0,6032,5,70.04,15.5,66.0,2.089
CLE-EWR,CLE,EWR,404.0,2162,2,80.44,8.44,47.0,3.562
ORD-CLT,ORD,CLT,599.0,4393,6,74.07,12.45,60.7,2.39
IAH-ORD,IAH,ORD,925.0,6119,8,75.25,12.98,57.0,1.585
IAH-EWR,IAH,EWR,1400.0,3769,2,74.77,10.13,57.0,1.804
ORD-FLL,ORD,FLL,1182.0,3464,6,72.14,14.17,64.3,2.136
SAT-IAH,SAT,IAH,191.0,2405,2,82.0,4.17,30.0,0.582
IAD-ORD,IAD,ORD,588.0,2085,1,75.38,12.16,46.0,1.007
IAH-MIA,IAH,MIA,964.0,3712,6,78.17,10.48,49.0,1.131
EWR-MSY,EWR,MSY,1167.0,1227,4,79.92,1.55,40.4,2.2
IAH-SEA,IAH,SEA,1874.0,2090,2,78.99,3.84,36.1,0.383
EWR-ORD,EWR,ORD,719.0,6066,5,71.74,16.42,71.0,3.627
IAD-SMF,IAD,SMF,2357.0,365,1,81.39,-0.03,34.0,1.37
DEN-DCA,DEN,DCA,1476.0,1347,2,81.18,1.8,45.0,0.594
EWR-CLE,EWR,CLE,404.0,2163,2,80.35,6.11,47.0,3.282
BOS-EWR,BOS,EWR,200.0,3866,2,75.49,10.2,62.0,4.087
DEN-SYR,DEN,SYR,1492.0,476,1,77.38,7.22,39.8,0.42
IAD-AUS,IAD,AUS,1297.0,1042,3,84.85,-1.93,26.1,0.96
EWR-SFO,EWR,SFO,2565.0,4373,2,69.47,18.56,81.0,2.31
LIH-DEN,LIH,DEN,3414.0,379,1,96.45,-21.01,-3.0,2.639
DEN-LIH,DEN,LIH,3414.0,379,1,84.18,-0.91,24.0,1.319
IAD-TPA,IAD,TPA,811.0,1304,2,83.42,-0.04,32.0,0.844
IAD-BNA,IAD,BNA,542.0,1009,4,81.88,6.39,35.2,0.793
IAH-FLL,IAH,FLL,966.0,2821,4,79.16,5.39,44.0,1.241
IAH-TPA,IAH,TPA,787.0,1579,3,82.14,2.61,35.3,0.507
SAN-IAH,SAN,IAH,1303.0,1696,1,84.4,2.58,29.0,0.354
SEA-IAD,SEA,IAD,2305.0,1853,3,83.42,-1.71,29.0,0.648
EWR-IAD,EWR,IAD,212.0,1534,2,75.2,10.21,55.0,2.673
FLL-IAD,FLL,IAD,901.0,782,2,83.57,3.9,30.8,1.023
TPA-IAD,TPA,IAD,811.0,1305,2,85.13,0.08,30.0,1.073
CLT-ORD,CLT,ORD,599.0,4386,5,73.19,13.19,64.3,2.964
CLT-EWR,CLT,EWR,529.0,3711,4,75.37,10.66,64.0,4.096
SAN-IAD,SAN,IAD,2253.0,1402,2,88.22,-4.86,20.0,0.713
SFO-DFW,SFO,DFW,1464.0,4180,4,72.87,15.32,59.0,2.368
ORD-TPA,ORD,TPA,1012.0,3203,7,73.4,13.96,62.0,1.499
BDL-IAD,BDL,IAD,325.0,1077,2,85.1,2.72,22.0,2.136
MCO-IAD,MCO,IAD,758.0,2178,2,82.34,4.92,41.0,1.102
ORD-PSP,ORD,PSP,1651.0,787,3,69.53,16.21,61.0,2.287
RDM-DEN,RDM,DEN,898.0,727,1,85.31,2.49,25.0,0.825
IAD-PBI,IAD,PBI,859.0,334,2,81.4,5.43,37.6,1.198
IAH-SAT,IAH,SAT,191.0,2406,2,82.59,2.47,31.0,0.416
ANC-DEN,ANC,DEN,2405.0,795,3,82.19,2.99,34.0,1.006
SMF-IAH,SMF,IAH,1609.0,677,1,90.36,-0.72,12.0,0.148
ONT-IAH,ONT,IAH,1334.0,561,2,85.23,4.79,28.6,1.07
CHS-IAD,CHS,IAD,442.0,758,2,84.91,4.57,38.2,1.055
IAD-SAT,IAD,SAT,1362.0,641,1,86.03,1.0,26.0,0.624
IAD-FLL,IAD,FLL,901.0,781,2,80.85,4.28,42.8,0.768
IAH-DSM,IAH,DSM,802.0,346,2,76.61,7.7,43.9,0.867
SFO-MIA,SFO,MIA,2585.0,1746,2,76.39,7.55,39.0,0.515
EWR-BNA,EWR,BNA,748.0,1876,3,75.03,7.97,54.0,3.038
IAH-IND,IAH,IND,844.0,640,1,80.22,4.88,38.0,0.313
IAH-OMA,IAH,OMA,781.0,825,2,75.7,10.62,48.0,0.121
PHL-SFO,PHL,SFO,2522.0,2047,2,72.58,11.46,63.0,1.319
EWR-BUF,EWR,BUF,282.0,481,2,80.96,1.94,45.0,4.99
ORD-SNA,ORD,SNA,1726.0,2189,2,75.24,5.9,43.0,1.096
MCI-IAH,MCI,IAH,643.0,486,2,86.34,0.16,23.4,0.617
SYR-DEN,SYR,DEN,1492.0,476,1,74.04,11.73,45.2,1.05
STT-IAD,STT,IAD,1606.0,336,1,81.9,-1.27,37.0,1.786
IAD-STT,IAD,STT,1606.0,336,1,87.95,-7.41,19.0,1.19
OMA-IAH,OMA,IAH,781.0,824,2,86.92,-2.83,24.0,0.607
DFW-SFO,DFW,SFO,1464.0,4179,4,60.9,21.59,77.0,2.393
RSW-IAD,RSW,IAD,891.0,467,1,89.39,-5.87,15.0,1.071
IAH-PBI,IAH,PBI,956.0,492,1,79.42,4.89,45.0,1.016
IAH-SJU,IAH,SJU,2007.0,928,2,82.77,-1.24,26.0,0.539
IAD-JAX,IAD,JAX,631.0,778,3,83.51,1.03,33.0,0.9
CLE-LAX,CLE,LAX,2052.0,760,2,84.41,-1.88,23.4,0.263
PBI-ORD,PBI,ORD,1144.0,1328,2,68.01,24.84,86.7,1.732
EWR-PWM,EWR,PWM,284.0,980,2,83.32,-0.21,39.0,3.878
SFO-PIT,SFO,PIT,2254.0,555,1,88.81,-6.5,17.0,0.18
HNL-IAH,HNL,IAH,3904.0,365,1,81.77,2.31,24.9,0.274
ORD-JAC,ORD,JAC,1162.0,819,2,69.63,21.52,66.0,1.221
DFW-OMA,DFW,OMA,583.0,1565,4,67.87,18.15,67.0,2.812
OMA-DFW,OMA,DFW,583.0,1564,4,77.29,15.15,55.5,2.941
DFW-MCI,DFW,MCI,460.0,2528,4,69.89,17.49,69.0,2.848
RDM-PHX,RDM,PHX,893.0,840,3,91.48,-4.71,10.8,0.595
EWR-GRR,EWR,GRR,605.0,863,3,83.86,-2.5,28.0,4.287
JFK-CVG,JFK,CVG,589.0,682,2,82.62,-0.01,29.0,3.812
ORF-JFK,ORF,JFK,290.0,731,1,81.23,3.41,37.8,6.703
CVG-JFK,CVG,JFK,589.0,681,1,86.62,-1.47,27.0,4.258
LGA-TUL,LGA,TUL,1231.0,625,1,74.62,4.31,60.0,5.76
LGA-ORF,LGA,ORF,296.0,1289,1,75.89,4.42,49.0,6.284
IND-MIA,IND,MIA,1020.0,931,6,80.13,9.82,38.5,1.182
CLE-MIA,CLE,MIA,1080.0,872,4,79.88,8.85,49.0,1.147
JFK-ORF,JFK,ORF,290.0,731,1,84.2,-0.17,34.0,4.788
EYW-MIA,EYW,MIA,126.0,1250,3,80.88,6.5,38.0,0.4
MIA-EYW,MIA,EYW,126.0,1250,3,86.21,-1.7,23.0,0.4
LGA-DCA,LGA,DCA,214.0,4829,3,67.21,12.4,64.0,5.363
EYW-DCA,EYW,DCA,1023.0,590,3,75.75,6.12,44.0,2.542
CHS-PHL,CHS,PHL,550.0,1089,4,79.68,9.26,49.0,1.928
CLE-JFK,CLE,JFK,425.0,676,2,83.18,4.0,43.9,5.03
LGA-MSN,LGA,MSN,812.0,914,2,72.38,10.77,75.6,6.018
ILM-LGA,ILM,LGA,500.0,1027,1,77.32,9.41,64.0,6.426
LGA-ILM,LGA,ILM,500.0,1027,1,74.87,6.9,60.0,6.621
LGA-IND,LGA,IND,660.0,2521,2,76.96,4.82,59.0,5.038
BOS-MIA,BOS,MIA,1258.0,3384,5,78.47,4.3,47.0,2.128
LGA-CAE,LGA,CAE,617.0,617,1,74.87,6.12,69.0,5.673
JFK-IND,JFK,IND,665.0,1000,1,77.67,6.72,60.0,4.6
LGA-XNA,LGA,XNA,1147.0,896,1,76.64,3.5,56.2,5.022
XNA-LGA,XNA,LGA,1147.0,897,1,77.67,10.11,65.9,5.128
MIA-MSY,MIA,MSY,674.0,1525,5,73.34,10.29,53.0,1.115
PWM-LGA,PWM,LGA,269.0,1183,3,81.99,8.0,42.4,4.48
IND-JFK,IND,JFK,665.0,1002,1,83.44,3.11,33.5,3.094
LGA-LIT,LGA,LIT,1085.0,312,1,67.12,8.7,80.8,6.41
LIT-LGA,LIT,LGA,1085.0,312,1,85.91,3.78,29.5,4.487
LGA-EYW,LGA,EYW,1207.0,359,2,77.45,0.09,36.6,5.292
DCA-HHH,DCA,HHH,501.0,330,2,86.38,-5.06,23.0,1.212
MIA-BHM,MIA,BHM,661.0,650,3,83.1,0.73,27.6,0.615
LGA-MKE,LGA,MKE,738.0,841,1,82.65,-3.35,43.7,6.421
EWR-DTW,EWR,DTW,488.0,3723,4,79.93,5.24,52.0,4.889
EWR-MKE,EWR,MKE,725.0,851,1,83.48,-0.7,28.6,4.935
MKE-EWR,MKE,EWR,725.0,850,1,78.26,6.36,52.6,4.941
ORD-EYW,ORD,EYW,1251.0,775,3,80.66,-0.27,43.1,1.419
EWR-MEM,EWR,MEM,946.0,484,2,78.91,0.74,48.1,4.959
MEM-EWR,MEM,EWR,946.0,483,2,80.56,2.18,52.0,3.727
BTV-EWR,BTV,EWR,266.0,592,2,81.61,-1.36,39.0,3.209
DFW-AVL,DFW,AVL,848.0,720,3,71.24,16.56,66.2,2.361
DFW-GPT,DFW,GPT,500.0,1070,2,81.46,8.03,50.1,3.551
DCA-LIT,DCA,LIT,888.0,364,2,70.54,9.24,58.8,2.198
DFW-FWA,DFW,FWA,859.0,1031,3,79.16,7.01,42.0,2.716
PDX-BUR,PDX,BUR,817.0,995,3,86.18,0.59,21.0,0.905
MIA-PHL,MIA,PHL,1013.0,3249,3,75.46,11.31,59.0,2.77
CLT-PHL,CLT,PHL,449.0,3520,4,77.73,8.86,53.0,2.727
SAN-DFW,SAN,DFW,1171.0,3668,3,76.98,11.1,53.0,2.644
LAS-DFW,LAS,DFW,1055.0,5139,3,80.37,8.48,47.0,2.627
TTN-MCO,TTN,MCO,896.0,540,1,82.66,5.95,37.2,3.704
RDU-MIA,RDU,MIA,700.0,2359,5,76.98,13.47,65.0,1.738
RDU-DFW,RDU,DFW,1061.0,2263,5,78.37,10.79,48.0,2.696
PBI-PHL,PBI,PHL,951.0,1553,3,77.42,16.77,63.2,2.189
PHL-PBI,PHL,PBI,951.0,1554,3,74.45,9.04,64.0,2.445
TPA-CLT,TPA,CLT,507.0,3105,3,83.63,2.16,31.0,1.546
PAE-LAS,PAE,LAS,894.0,452,2,90.56,-5.29,12.0,1.327
SEA-DFW,SEA,DFW,1660.0,5229,4,78.17,7.45,40.0,1.893
MIA-CVG,MIA,CVG,948.0,983,5,78.52,3.28,38.0,0.916
CVG-MIA,CVG,MIA,948.0,983,5,81.05,4.41,39.0,0.814
FLL-CVG,FLL,CVG,932.0,988,3,70.93,19.26,74.4,0.911
FLL-DFW,FLL,DFW,1119.0,3055,4,71.55,16.5,72.9,3.077
CLT-FLL,CLT,FLL,632.0,3020,4,75.56,7.47,54.0,2.682
FLL-CLT,FLL,CLT,632.0,3022,4,77.74,9.05,55.0,2.581
MIA-BDL,MIA,BDL,1194.0,428,2,71.02,8.04,52.0,1.402
DCA-LAX,DCA,LAX,2311.0,1454,3,75.88,8.19,45.0,1.719
DCA-PDX,DCA,PDX,2350.0,363,1,71.59,10.42,57.2,0.551
DCA-SAN,DCA,SAN,2276.0,364,1,71.27,8.82,48.4,1.648
ANC-BET,ANC,BET,399.0,723,1,82.86,2.23,32.1,3.043
ANC-BRW,ANC,BRW,725.0,359,1,74.93,10.06,47.4,2.507
JNU-PSG,JNU,PSG,123.0,362,1,80.46,5.02,31.6,1.381
PSG-WRG,PSG,WRG,31.0,362,1,85.76,-2.79,29.7,4.144
KTN-WRG,KTN,WRG,82.0,361,1,80.69,2.73,35.0,1.939
CDV-YAK,CDV,YAK,213.0,362,1,87.43,-9.8,23.0,1.105
FAI-ANC,FAI,ANC,261.0,1416,1,85.87,-1.44,23.0,1.059
OTZ-ANC,OTZ,ANC,549.0,361,1,84.15,-0.88,30.4,3.878
PDX-ANC,PDX,ANC,1542.0,1209,1,83.1,0.2,26.0,0.0
SAN-OGG,SAN,OGG,2540.0,876,2,84.01,-4.13,25.0,0.571
KOA-PDX,KOA,PDX,2607.0,365,1,80.82,-0.88,32.0,0.0
KOA-SAN,KOA,SAN,2556.0,364,1,74.58,4.75,45.0,0.549
SAN-KOA,SAN,KOA,2556.0,364,1,81.51,-0.46,29.8,0.275
PDX-MCO,PDX,MCO,2535.0,391,1,82.64,-2.8,25.0,0.256
BOS-PDX,BOS,PDX,2537.0,671,2,77.66,1.87,41.3,1.937
SEA-AUS,SEA,AUS,1770.0,2068,3,79.24,3.77,36.0,0.87
PDX-OGG,PDX,OGG,2561.0,728,1,89.53,-9.78,15.0,0.137
PHL-SEA,PHL,SEA,2379.0,1388,3,70.1,7.3,50.0,1.801
PDX-DFW,PDX,DFW,1616.0,2380,2,81.21,7.65,37.6,2.521
PIT-SEA,PIT,SEA,2125.0,470,1,73.76,5.26,46.6,1.064
SEA-SAT,SEA,SAT,1774.0,558,1,75.72,2.97,36.8,0.896
OGG-PDX,OGG,PDX,2561.0,728,1,84.79,-3.59,23.0,0.412
MSO-SEA,MSO,SEA,389.0,646,2,82.34,1.98,24.1,0.929
SEA-MSO,SEA,MSO,389.0,626,2,83.55,-1.29,26.0,0.799
DFW-HNL,DFW,HNL,3784.0,671,1,68.64,18.53,75.2,0.894
HNL-DFW,HNL,DFW,3784.0,671,1,79.88,7.97,32.0,1.639
EYW-DFW,EYW,DFW,1089.0,332,1,70.13,25.27,101.3,2.711
PHX-MSN,PHX,MSN,1396.0,592,2,80.72,9.66,53.0,0.845
DFW-RNO,DFW,RNO,1345.0,1264,1,70.66,14.37,59.0,3.085
RNO-DFW,RNO,DFW,1345.0,1264,1,80.28,13.26,44.8,3.165
DFW-DCA,DFW,DCA,1192.0,3299,1,73.08,9.81,52.0,3.031
PHX-MIA,PHX,MIA,1972.0,1832,1,78.37,5.11,37.0,0.873
MIA-TPA,MIA,TPA,204.0,2937,3,71.07,17.08,72.0,1.021
PHX-LIH,PHX,LIH,2979.0,384,1,82.59,-2.73,26.0,0.0
BDL-DFW,BDL,DFW,1471.0,681,1,76.34,9.26,53.6,3.524
LAX-PIT,LAX,PIT,2136.0,425,2,83.25,2.18,30.7,0.235
PIT-LAX,PIT,LAX,2136.0,425,2,79.91,13.46,39.8,0.471
EGE-ORD,EGE,ORD,1007.0,411,2,69.92,21.64,91.6,4.136
ILM-MIA,ILM,MIA,601.0,456,3,86.74,-1.25,21.6,1.754
SAV-MIA,SAV,MIA,440.0,789,3,85.84,2.66,27.0,1.521
CMH-DFW,CMH,DFW,926.0,1728,4,79.98,10.4,46.3,2.257
CLT-BUF,CLT,BUF,546.0,1165,2,72.69,12.78,57.5,1.631
ONT-CLT,ONT,CLT,2078.0,327,1,86.65,-0.97,19.0,1.223
DCA-SAT,DCA,SAT,1380.0,350,1,56.43,28.08,118.5,2.0
SAN-CLT,SAN,CLT,2077.0,1396,1,82.69,6.44,28.0,1.074
SAT-CLT,SAT,CLT,1095.0,1378,1,87.0,7.49,25.0,1.742
MSP-CLT,MSP,CLT,930.0,2448,2,81.24,2.71,38.0,1.471
CLT-MSY,CLT,MSY,650.0,1711,5,78.6,8.53,50.0,1.227
SAV-DFW,SAV,DFW,925.0,1027,3,76.71,15.94,56.0,2.726
SBA-DFW,SBA,DFW,1316.0,364,2,75.0,31.27,55.6,1.648
DFW-VPS,DFW,VPS,641.0,1343,3,66.87,20.18,81.0,3.053
CLT-GRR,CLT,GRR,583.0,1024,2,75.5,11.11,56.3,1.074
JAX-CLT,JAX,CLT,328.0,1939,2,80.89,5.64,43.0,1.083
CLT-MDT,CLT,MDT,413.0,744,2,76.35,9.36,58.0,2.823
CLT-PHX,CLT,PHX,1773.0,2883,1,80.04,3.08,39.0,1.041
MSY-CLT,MSY,CLT,650.0,1712,5,82.18,8.88,38.0,1.285
DFW-FAT,DFW,FAT,1313.0,1362,1,63.67,20.52,72.0,2.717
SEA-CLT,SEA,CLT,2279.0,1296,1,87.93,-0.54,20.5,1.235
CLT-PDX,CLT,PDX,2282.0,441,1,66.21,14.04,67.0,1.361
DFW-EGE,DFW,EGE,721.0,874,1,63.71,30.86,99.5,2.403
DFW-RSW,DFW,RSW,1017.0,1339,2,66.46,20.01,75.0,2.838
VPS-DFW,VPS,DFW,641.0,1343,3,72.25,23.75,81.0,3.127
DFW-MSN,DFW,MSN,821.0,1093,2,61.82,30.25,107.5,2.013
SNA-DFW,SNA,DFW,1205.0,2936,2,80.36,10.34,43.0,3.134
EYW-CLT,EYW,CLT,736.0,1259,2,82.12,5.7,37.0,2.621
MIA-ORF,MIA,ORF,802.0,638,3,73.17,9.99,47.2,1.097
ORF-MIA,ORF,MIA,802.0,638,3,83.15,4.77,41.2,1.097
MSN-DFW,MSN,DFW,821.0,1093,2,73.87,22.18,77.0,2.104
XNA-PHX,XNA,PHX,1023.0,828,3,87.76,-2.86,19.0,0.362
MIA-STT,MIA,STT,1107.0,941,1,77.31,4.24,41.1,0.744
CLT-STT,CLT,STT,1520.0,610,1,82.08,5.05,29.4,1.475
DCA-PHX,DCA,PHX,1979.0,1086,1,82.74,6.98,37.0,1.473
DFW-SRQ,DFW,SRQ,945.0,373,3,65.29,21.55,79.6,2.681
PHX-JAX,PHX,JAX,1785.0,323,1,73.44,11.62,50.1,0.619
CLT-SMF,CLT,SMF,2244.0,429,1,80.05,3.64,35.0,1.632
PDX-HNL,PDX,HNL,2603.0,908,2,61.3,19.02,44.0,1.432
BOI-SNA,BOI,SNA,688.0,359,2,80.95,7.54,39.0,0.557
OGG-LGB,OGG,LGB,2498.0,370,3,85.95,-0.65,18.8,0.27
MSP-RDU,MSP,RDU,980.0,1228,2,82.18,0.34,32.0,1.14
MSP-LGA,MSP,LGA,1020.0,1846,2,79.97,4.07,39.9,2.925
MSP-SAT,MSP,SAT,1097.0,893,1,76.16,7.64,48.0,1.008
DTW-MSY,DTW,MSY,926.0,811,3,84.98,-0.57,26.2,1.48
MSY-DTW,MSY,DTW,926.0,810,3,83.12,6.57,31.0,1.605
FCA-MSP,FCA,MSP,1025.0,466,2,83.73,1.02,33.0,1.073
DTW-LAX,DTW,LAX,1979.0,2449,3,77.36,4.7,41.6,0.898
ATL-ONT,ATL,ONT,1900.0,937,1,75.33,7.09,47.1,1.708
FLL-SLC,FLL,SLC,2084.0,376,2,74.87,14.55,48.1,0.532
SLC-DCA,SLC,DCA,1851.0,364,1,84.31,-3.07,23.0,0.824
RDU-SLC,RDU,SLC,1824.0,383,1,84.08,1.02,22.4,1.305
MSP-FCA,MSP,FCA,1025.0,466,2,80.48,2.15,37.0,0.429
DTW-BHM,DTW,BHM,625.0,312,3,71.9,15.83,70.5,1.603
AVL-FLL,AVL,FLL,661.0,659,1,61.85,29.55,79.0,1.062
EYW-PIE,EYW,PIE,238.0,313,1,80.84,-0.59,42.3,0.639
FNT-PGD,FNT,PGD,1111.0,336,1,78.68,2.49,42.8,0.298
LAS-SCK,LAS,SCK,359.0,398,1,82.99,4.67,33.0,0.251
VPS-BLV,VPS,BLV,587.0,394,1,72.7,15.16,56.9,0.254
FSD-AZA,FSD,AZA,1072.0,371,1,74.53,12.66,45.4,0.539
PGD-GRR,PGD,GRR,1118.0,349,1,72.25,7.59,41.0,0.0
SCK-LAS,SCK,LAS,359.0,398,1,67.25,36.75,81.4,0.251
PVU-AZA,PVU,AZA,477.0,707,1,87.5,9.4,22.0,0.424
TYS-FLL,TYS,FLL,709.0,481,1,53.7,35.86,103.8,0.832
PGD-CVG,PGD,CVG,850.0,349,1,72.7,11.51,56.3,0.287
ACY-FLL,ACY,FLL,977.0,550,2,66.15,31.5,77.0,5.818
CVG-SRQ,CVG,SRQ,812.0,309,1,74.76,11.31,57.2,0.0
SYR-FLL,SYR,FLL,1197.0,300,2,49.48,43.78,115.0,2.667
MIA-GNV,MIA,GNV,294.0,384,1,77.81,8.59,41.8,0.0
EVV-ORD,EVV,ORD,272.0,699,3,80.39,4.18,42.3,4.435
ORD-LSE,ORD,LSE,215.0,1051,1,75.8,7.02,49.0,4.567
ORD-LAN,ORD,LAN,179.0,748,1,74.93,9.69,56.0,2.941
HPN-ORD,HPN,ORD,738.0,1530,1,79.15,7.54,55.8,4.118
PHX-CLD,PHX,CLD,306.0,868,1,83.49,3.16,35.0,1.267
MIA-PNS,MIA,PNS,530.0,1210,2,82.87,1.14,28.0,0.826
SRQ-MIA,SRQ,MIA,178.0,332,2,93.67,-0.01,1.9,0.0
DFW-ATW,DFW,ATW,908.0,425,1,79.9,3.59,40.0,1.412
BIS-DFW,BIS,DFW,977.0,727,1,82.02,2.48,34.8,1.1
XNA-DCA,XNA,DCA,963.0,365,1,91.99,-12.59,9.0,0.822
VPS-ORD,VPS,ORD,796.0,318,2,75.4,14.61,63.0,0.314
DFW-CMI,DFW,CMI,692.0,719,1,84.74,1.95,32.0,1.808
ACY-MCO,ACY,MCO,852.0,517,1,81.02,6.06,46.1,5.029
PBI-ACY,PBI,ACY,936.0,326,1,80.52,3.99,43.0,5.215
ROW-DEN,ROW,DEN,452.0,330,1,66.15,27.08,86.8,0.909
PSC-MSP,PSC,MSP,1254.0,365,2,91.76,-2.43,10.0,0.274
ORD-MHT,ORD,MHT,843.0,602,2,83.53,-4.1,28.2,1.993
ACK-LGA,ACK,LGA,202.0,412,2,76.49,13.66,70.8,5.825
BOS-ROC,BOS,ROC,343.0,385,2,78.76,2.77,45.9,3.117
DEN-SGF,DEN,SGF,637.0,1300,1,79.63,5.97,45.5,0.692
SGF-DEN,SGF,DEN,637.0,1301,1,80.26,7.89,50.0,0.615
SHV-DEN,SHV,DEN,792.0,436,1,77.73,8.14,43.0,0.917
SNA-SFO,SNA,SFO,372.0,4777,4,67.8,13.64,66.0,1.591
TUL-DEN,TUL,DEN,541.0,2450,4,80.69,5.18,36.0,0.939
IAH-ASE,IAH,ASE,913.0,624,1,74.91,9.62,81.0,2.724
TYS-ORD,TYS,ORD,475.0,2188,5,69.71,24.05,85.0,4.068
OMA-SFO,OMA,SFO,1433.0,369,2,85.79,-1.8,21.5,0.813
ORD-FAR,ORD,FAR,557.0,2052,2,70.3,15.81,68.0,3.216
SFO-PSC,SFO,PSC,620.0,594,1,80.88,11.8,43.0,0.168
ICT-IAH,ICT,IAH,542.0,561,2,85.12,3.43,36.0,1.248
DEN-XWA,DEN,XWA,582.0,1370,1,77.97,12.59,51.0,1.241
DEN-MSO,DEN,MSO,679.0,1204,3,81.99,3.87,31.0,0.332
SBP-SFO,SBP,SFO,191.0,1145,2,59.73,23.82,88.1,1.223
SFO-FAT,SFO,FAT,158.0,1250,1,74.88,17.13,64.0,1.52
FAT-SFO,FAT,SFO,158.0,1250,1,65.04,23.28,76.8,1.28
PHX-GJT,PHX,GJT,438.0,982,2,81.08,6.64,35.3,0.305
ORD-MKE,ORD,MKE,67.0,5268,4,64.84,26.33,99.0,4.86
LAX-SFO,LAX,SFO,337.0,11235,7,62.21,16.58,68.0,0.837
SFO-LAX,SFO,LAX,337.0,11235,8,72.75,10.49,53.0,0.854
SMF-LAX,SMF,LAX,373.0,5643,5,85.47,0.98,25.0,0.443
DFW-COS,DFW,COS,592.0,1933,3,70.91,14.61,60.0,2.69
DEN-LAX,DEN,LAX,862.0,7708,5,79.13,5.09,39.0,0.454
DFW-SDF,DFW,SDF,733.0,2001,5,71.07,17.9,73.8,3.398
LCH-DFW,LCH,DFW,295.0,1044,2,82.71,7.43,40.8,2.874
DRO-DFW,DRO,DFW,674.0,1371,2,80.44,5.21,51.2,2.407
PHX-MFR,PHX,MFR,855.0,753,2,82.57,3.29,35.0,0.398
ABQ-PHX,ABQ,PHX,328.0,3307,4,81.9,4.69,33.3,0.484
SLC-PHX,SLC,PHX,507.0,5775,6,83.91,2.34,30.0,0.537
DFW-HSV,DFW,HSV,603.0,2065,4,75.96,13.36,66.0,2.906
HSV-DFW,HSV,DFW,603.0,2064,4,77.64,14.7,55.0,3.149
ABQ-LAX,ABQ,LAX,677.0,2218,2,88.06,-1.19,22.0,0.451
BHM-CLT,BHM,CLT,350.0,1758,4,83.8,3.91,39.3,1.65
XNA-LAX,XNA,LAX,1371.0,441,2,85.65,1.57,27.0,0.227
PSC-PHX,PSC,PHX,962.0,693,1,89.28,-3.38,17.0,0.0
COS-DFW,COS,DFW,592.0,1933,3,78.05,16.01,59.0,2.535
ELP-LAX,ELP,LAX,715.0,1279,2,83.57,5.79,35.9,0.391
LAX-ELP,LAX,ELP,715.0,1283,2,80.0,7.92,43.0,0.312
FLG-DFW,FLG,DFW,853.0,435,2,68.51,35.6,99.5,2.989
LIT-ORD,LIT,ORD,552.0,1457,3,69.79,17.15,75.4,3.089
LAX-ABQ,LAX,ABQ,677.0,2219,2,85.65,-0.05,24.2,0.27
PWM-ORD,PWM,ORD,900.0,1494,4,78.29,9.76,42.0,3.481
FLG-PHX,FLG,PHX,119.0,1202,1,81.16,13.12,60.0,2.745
YUM-DFW,YUM,DFW,1022.0,365,2,92.39,-4.89,8.6,1.37
ORD-COS,ORD,COS,911.0,1001,2,71.63,13.95,65.0,2.298
PHX-DSM,PHX,DSM,1149.0,1067,5,76.79,5.28,39.0,1.5
STL-LAX,STL,LAX,1592.0,1027,2,73.41,11.77,43.0,0.292
PVU-DFW,PVU,DFW,958.0,728,2,82.84,6.26,41.2,1.923
LAX-SAT,LAX,SAT,1211.0,1846,4,81.62,4.36,33.0,0.433
DFW-CHA,DFW,CHA,695.0,1610,4,72.2,17.3,75.0,2.981
DFW-YUM,DFW,YUM,1022.0,365,2,76.34,4.69,47.0,2.466
PHX-SEA,PHX,SEA,1107.0,7226,7,82.4,0.76,30.0,0.65
LBB-PHX,LBB,PHX,588.0,365,3,93.66,-4.28,1.0,0.274
PSC-SEA,PSC,SEA,172.0,1727,2,88.43,-0.55,19.0,0.869
SMF-SEA,SMF,SEA,605.0,4390,3,82.68,-0.57,27.0,0.319
SMF-PDX,SMF,PDX,479.0,1954,3,83.24,1.84,27.0,0.358
PDX-GEG,PDX,GEG,279.0,1030,2,86.09,0.8,21.0,0.874
LAS-BOI,LAS,BOI,519.0,1362,5,73.09,9.14,46.0,0.147
SEA-PDX,SEA,PDX,129.0,4812,3,83.14,1.91,27.0,0.665
FAT-SEA,FAT,SEA,748.0,926,2,81.9,1.43,29.0,0.864
BOI-PDX,BOI,PDX,344.0,1084,2,91.37,-3.44,12.0,0.554
EUG-SEA,EUG,SEA,234.0,1933,2,88.24,-2.26,18.0,1.397
SAN-SMF,SAN,SMF,480.0,5174,3,75.99,4.81,38.0,0.85
PDX-FAT,PDX,FAT,626.0,588,2,84.44,4.7,31.0,0.34
SAN-SFO,SAN,SFO,447.0,6660,5,62.49,17.08,72.0,1.291
PDX-BOI,PDX,BOI,344.0,908,2,86.35,0.65,22.0,0.771
PDX-SLC,PDX,SLC,630.0,2374,4,89.21,-2.39,17.0,1.095
GEG-BOI,GEG,BOI,287.0,336,1,89.85,-4.53,14.6,0.298
PSC-LAX,PSC,LAX,851.0,359,2,88.17,-3.91,18.2,0.836
PDX-EUG,PDX,EUG,105.0,582,1,90.61,-1.56,13.0,1.203
LAS-SAN,LAS,SAN,258.0,5631,5,65.12,15.38,57.0,0.977
SAN-LAS,SAN,LAS,258.0,5612,4,75.0,7.47,50.0,1.354
SEA-PSC,SEA,PSC,172.0,1726,2,83.53,2.85,26.5,1.043
LAX-EUG,LAX,EUG,748.0,400,3,92.75,-9.19,8.1,0.0
MRY-SAN,MRY,SAN,375.0,540,1,78.2,8.47,38.0,2.963
SAN-SBP,SAN,SBP,263.0,467,1,81.18,1.1,40.0,4.711
RDM-SEA,RDM,SEA,228.0,1908,2,85.26,-0.94,24.0,1.782
SJC-PDX,SJC,PDX,569.0,1653,3,85.77,-2.06,26.0,0.0
STS-PDX,STS,PDX,489.0,609,2,90.97,-5.44,11.6,1.642
BOI-SAN,BOI,SAN,749.0,1028,3,80.75,3.87,29.3,0.584
STS-LAX,STS,LAX,399.0,726,2,84.99,3.39,27.5,2.755
SFO-JAC,SFO,JAC,737.0,338,2,78.92,5.23,44.0,1.183
FAT-PDX,FAT,PDX,626.0,586,2,90.36,-2.83,14.0,0.683
MSP-OMA,MSP,OMA,282.0,1456,1,74.44,16.31,71.1,0.962
SLC-PSC,SLC,PSC,521.0,1178,2,89.43,-1.52,16.0,0.17
MSP-ATW,MSP,ATW,236.0,917,1,78.48,12.98,61.4,1.745
SLC-HLN,SLC,HLN,402.0,725,1,95.71,-11.59,1.0,0.276
MSP-MDW,MSP,MDW,349.0,2396,2,78.34,6.08,38.0,1.669
SLC-SJC,SLC,SJC,584.0,1803,3,87.03,-1.06,21.0,0.388
FWA-ATL,FWA,ATL,508.0,523,1,81.78,6.38,45.0,3.059
ATL-FWA,ATL,FWA,508.0,522,1,82.57,9.85,41.6,3.257
LAX-GEG,LAX,GEG,945.0,877,3,89.92,-5.44,14.8,0.342
DTW-PVD,DTW,PVD,615.0,821,2,76.38,12.7,64.1,2.436
MSP-CVG,MSP,CVG,596.0,827,2,79.42,3.74,36.0,0.726
DTW-AZO,DTW,AZO,113.0,1027,1,75.35,20.28,98.8,2.142
SLC-PSP,SLC,PSP,541.0,1078,2,91.99,-5.72,10.7,0.371
SLC-XNA,SLC,XNA,1004.0,362,1,84.44,1.58,25.1,0.552
MSP-MOT,MSP,MOT,449.0,1316,1,79.42,10.26,46.6,1.9
LAX-SJC,LAX,SJC,308.0,4473,6,86.24,-2.91,25.0,0.872
SEA-SFO,SEA,SFO,679.0,6791,5,62.11,17.45,66.0,1.104
FAR-MSP,FAR,MSP,223.0,1276,2,86.45,-0.27,22.0,0.549
MSP-FAR,MSP,FAR,223.0,1276,2,82.64,3.48,29.4,0.627
EUG-SLC,EUG,SLC,618.0,769,1,92.72,-6.31,8.0,0.0
MSP-GRB,MSP,GRB,252.0,869,2,79.91,8.66,59.5,1.496
MEM-AUS,MEM,AUS,559.0,365,1,90.86,0.91,12.0,1.096
SLC-BUR,SLC,BUR,574.0,1473,3,87.38,0.39,22.0,0.407
MFR-SLC,MFR,SLC,575.0,729,1,89.82,-2.7,15.0,0.274
MSN-DTW,MSN,DTW,311.0,902,2,82.21,9.59,49.7,0.776
BZN-SLC,BZN,SLC,347.0,1162,2,89.88,-1.41,15.0,0.516
IAD-MSP,IAD,MSP,907.0,983,4,85.17,2.74,30.7,1.526
LAN-DTW,LAN,DTW,74.0,858,1,75.18,24.51,95.1,0.816
ICT-MSP,ICT,MSP,545.0,401,1,83.5,8.76,33.3,0.249
MSP-ICT,MSP,ICT,545.0,401,1,79.65,7.58,38.3,0.249
DTW-RIC,DTW,RIC,455.0,649,4,83.49,4.52,41.9,0.77
SLC-STL,SLC,STL,1156.0,990,3,84.51,-0.04,32.0,0.606
ATL-SHV,ATL,SHV,552.0,1517,1,75.17,20.87,84.7,2.637
SLC-PIH,SLC,PIH,149.0,448,1,92.83,-4.38,11.0,0.223
LAX-ASE,LAX,ASE,737.0,1234,1,77.46,10.59,75.2,2.431
GEG-SLC,GEG,SLC,546.0,1671,2,90.53,-5.08,14.0,0.658
TUS-SLC,TUS,SLC,600.0,1112,2,93.04,-10.25,3.0,0.27
AUS-IND,AUS,IND,919.0,1272,3,77.71,8.6,44.0,0.472
SAN-LAX,SAN,LAX,109.0,2447,2,88.74,-1.57,17.0,0.94
LWS-SEA,LWS,SEA,262.0,364,1,90.0,-3.22,14.1,0.275
SLC-ONT,SLC,ONT,558.0,1239,3,89.24,-2.18,16.0,0.969
MFR-SEA,MFR,SEA,352.0,1275,1,90.21,-5.12,13.4,1.255
SLC-BIL,SLC,BIL,387.0,1074,2,87.83,-1.84,20.0,0.466
DTW-IAD,DTW,IAD,383.0,1153,4,75.37,14.41,68.0,1.041
MDW-MSP,MDW,MSP,349.0,2368,2,76.97,7.61,42.0,1.816
SEA-SNA,SEA,SNA,978.0,3958,3,84.64,-0.86,25.0,0.808
SLC-OAK,SLC,OAK,588.0,1643,2,90.24,-3.33,14.0,0.183
PIT-MSP,PIT,MSP,726.0,640,2,82.08,8.85,41.5,0.469
TRI-ATL,TRI,ATL,227.0,520,2,82.88,5.88,62.0,1.154
SLC-TWF,SLC,TWF,175.0,831,1,92.87,-4.82,7.0,0.481
MSP-MCI,MSP,MCI,393.0,1053,2,79.27,9.42,48.0,1.425
MSP-PIT,MSP,PIT,726.0,639,2,79.37,8.03,45.6,0.313
OMA-SLC,OMA,SLC,840.0,756,1,91.09,-4.84,13.0,0.132
STL-LGA,STL,LGA,888.0,2624,3,74.9,8.93,53.1,3.582
HLN-SLC,HLN,SLC,402.0,725,1,95.3,-9.24,3.0,0.276
LGA-STL,LGA,STL,888.0,2623,3,76.7,6.78,53.0,4.156
SLC-IDA,SLC,IDA,189.0,1193,2,89.04,-0.4,17.0,0.419
OAK-SLC,OAK,SLC,588.0,1643,2,88.47,-3.21,19.0,0.122
LGA-PIT,LGA,PIT,335.0,3013,2,79.52,4.4,50.5,4.779
STL-MSP,STL,MSP,448.0,1936,3,80.4,6.74,41.0,0.93
ATL-SGF,ATL,SGF,563.0,591,2,79.55,6.46,49.0,1.184
BIS-MSP,BIS,MSP,386.0,1032,2,84.2,1.46,37.0,0.678
MSP-BIS,MSP,BIS,386.0,1032,2,81.98,3.32,37.0,0.872
MAF-AUS,MAF,AUS,294.0,601,2,85.28,0.44,26.3,0.499
AUS-MSY,AUS,MSY,445.0,1970,3,77.08,6.24,43.2,0.355
OKC-SLC,OKC,SLC,866.0,720,1,92.46,-4.72,9.0,0.556
TVC-DTW,TVC,DTW,207.0,1058,2,75.99,14.51,66.8,2.268
ATL-ASE,ATL,ASE,1304.0,450,1,72.86,15.22,70.1,1.556
DTW-LEX,DTW,LEX,296.0,786,2,78.6,13.5,60.0,1.527
SEA-ONT,SEA,ONT,956.0,2504,4,82.65,0.85,27.0,1.038
AUS-MFE,AUS,MFE,279.0,1032,1,83.74,5.15,37.8,0.388
GRB-DTW,GRB,DTW,287.0,875,2,81.31,8.05,66.0,1.943
ASE-ATL,ASE,ATL,1304.0,450,1,74.83,17.13,90.0,3.556
GJT-SLC,GJT,SLC,217.0,583,1,94.85,-10.54,3.0,0.0
MSP-CIU,MSP,CIU,434.0,348,1,79.75,8.6,49.5,4.023
ESC-DTW,ESC,DTW,306.0,365,1,86.01,10.35,30.5,7.945
CIU-MSP,CIU,MSP,434.0,348,1,79.2,19.82,113.4,6.034
APN-DTW,APN,DTW,198.0,631,1,83.0,6.75,54.4,4.913
BJI-MSP,BJI,MSP,199.0,728,1,85.12,1.55,34.0,1.099
MSP-BJI,MSP,BJI,199.0,728,1,84.52,8.77,43.4,1.236
IMT-DTW,IMT,DTW,344.0,365,1,77.14,13.07,78.5,4.11
DTW-MQT,DTW,MQT,349.0,364,1,78.18,23.65,69.4,7.418
ATY-MSP,ATY,MSP,193.0,364,1,92.46,-1.04,9.3,1.648
SLC-CDC,SLC,CDC,221.0,629,1,94.4,-9.93,6.0,0.477
SLC-BTM,SLC,BTM,357.0,361,1,95.52,-11.05,5.0,0.554
PLN-DTW,PLN,DTW,243.0,659,1,82.72,4.67,54.6,13.961
COS-DEN,COS,DEN,73.0,5008,3,80.55,3.33,40.1,1.118
ACV-LAX,ACV,LAX,577.0,423,1,88.76,1.99,18.0,1.182
GJT-DEN,GJT,DEN,212.0,2256,2,78.39,6.68,46.0,1.197
ORD-SBN,ORD,SBN,84.0,2737,3,63.85,25.82,96.0,4.457
BTR-IAH,BTR,IAH,253.0,438,2,76.73,8.24,50.0,0.913
CRP-IAH,CRP,IAH,201.0,540,1,78.28,12.06,44.0,1.111
LNK-DEN,LNK,DEN,423.0,1588,1,80.06,8.54,58.0,0.882
MLI-ORD,MLI,ORD,139.0,2264,3,72.61,19.1,78.0,5.08
AVL-ORD,AVL,ORD,536.0,1473,4,74.03,11.61,62.0,2.851
DEN-SLC,DEN,SLC,391.0,7733,5,78.77,5.61,41.0,0.375
ACV-SFO,ACV,SFO,250.0,1292,1,59.55,27.45,82.0,2.941
DEN-FCA,DEN,FCA,752.0,1010,2,82.22,4.8,33.0,0.495
DEN-LIT,DEN,LIT,771.0,1573,4,81.69,4.99,37.0,0.572
CID-ORD,CID,ORD,196.0,2755,6,72.94,17.77,67.0,3.993
IAH-CRP,IAH,CRP,201.0,539,1,81.39,8.39,59.0,1.299
DEN-SAF,DEN,SAF,303.0,1653,1,82.45,4.74,40.6,0.968
DEN-ASE,DEN,ASE,125.0,2724,1,74.55,16.51,69.5,5.14
BFL-DEN,BFL,DEN,845.0,728,2,86.72,0.02,28.0,0.275
DEN-HLN,DEN,HLN,594.0,814,1,79.95,6.83,45.0,0.614
ORD-DAY,ORD,DAY,240.0,1784,5,66.51,33.41,108.0,4.933
SLC-DEN,SLC,DEN,391.0,7728,5,79.05,4.16,39.0,0.492
DEN-BIL,DEN,BIL,455.0,1778,2,80.56,5.12,36.2,0.619
DEN-OKC,DEN,OKC,495.0,3135,4,78.02,6.33,41.0,0.574
MRY-SFO,MRY,SFO,77.0,733,1,63.51,16.57,62.2,0.546
ICT-DEN,ICT,DEN,420.0,2207,3,78.98,6.74,42.0,0.544
DEN-ICT,DEN,ICT,420.0,2211,3,78.19,6.48,43.0,0.633
LAX-MRY,LAX,MRY,266.0,856,2,89.75,-3.23,15.2,0.584
LAX-ACV,LAX,ACV,577.0,422,1,87.59,-5.68,19.0,0.948
DEN-SBP,DEN,SBP,931.0,724,2,78.57,10.41,39.0,0.414
FAR-ORD,FAR,ORD,557.0,2054,2,73.51,18.27,77.0,3.019
DEN-TYS,DEN,TYS,1162.0,1001,5,79.84,2.46,38.0,0.4
BOI-DEN,BOI,DEN,649.0,3033,4,81.61,5.72,36.0,0.132
PDX-SFO,PDX,SFO,550.0,3494,4,69.35,12.4,53.0,0.401
GUC-DEN,GUC,DEN,152.0,994,1,82.91,1.85,44.8,0.805
DEN-TUS,DEN,TUS,639.0,2729,4,77.33,6.27,43.0,0.293
DSM-DEN,DSM,DEN,589.0,2330,4,83.4,3.74,35.8,0.601
MRY-LAX,MRY,LAX,266.0,853,2,87.5,-1.73,19.0,0.586
SBN-ORD,SBN,ORD,84.0,2738,3,65.97,26.52,99.4,3.944
PIA-ORD,PIA,ORD,130.0,2284,2,70.7,17.33,74.0,4.685
DEN-MKE,DEN,MKE,896.0,2319,4,76.61,8.48,45.0,0.388
SGU-PHX,SGU,PHX,262.0,891,1,83.22,4.84,36.0,0.112
PHX-SGU,PHX,SGU,262.0,890,1,83.63,5.25,33.0,0.112
SGU-DFW,SGU,DFW,976.0,704,1,80.17,8.35,51.5,0.426
MHK-DFW,MHK,DFW,431.0,1086,2,85.55,-0.66,30.4,2.302
PHX-YUM,PHX,YUM,160.0,1327,2,84.2,4.53,35.0,1.206
SWO-DFW,SWO,DFW,225.0,729,2,82.6,10.3,54.0,3.567
DFW-EVV,DFW,EVV,642.0,967,3,80.34,6.42,41.0,2.896
EVV-DFW,EVV,DFW,642.0,967,3,83.24,4.07,37.0,3.102
MAF-PHX,MAF,PHX,581.0,367,2,86.26,11.58,40.1,0.817
FSD-PHX,FSD,PHX,1081.0,652,3,81.76,3.58,30.0,0.613
PHX-FSD,PHX,FSD,1081.0,655,2,79.82,2.25,32.2,0.611
DFW-SJT,DFW,SJT,229.0,1077,1,80.17,8.58,43.2,4.085
DFW-LIT,DFW,LIT,304.0,2664,4,77.22,8.96,50.8,2.252
PHX-CID,PHX,CID,1252.0,772,3,77.53,5.14,41.0,1.166
MRY-PHX,MRY,PHX,598.0,1374,3,82.66,10.33,36.0,1.164
PHX-MRY,PHX,MRY,598.0,1373,3,80.01,6.41,42.0,0.947
HSV-ORD,HSV,ORD,510.0,1100,2,68.77,25.26,89.0,3.0
SAT-DFW,SAT,DFW,247.0,4375,4,77.91,15.51,63.0,3.177
CMX-ORD,CMX,ORD,360.0,792,1,67.8,35.15,127.0,7.071
DEN-DDC,DEN,DDC,292.0,627,1,80.33,8.46,58.0,0.957
CYS-DEN,CYS,DEN,90.0,730,1,84.86,3.15,32.1,1.096
DEN-BTM,DEN,BTM,578.0,365,1,72.73,22.37,62.4,0.274
DEN-LBF,DEN,LBF,227.0,627,1,74.27,13.98,62.0,0.797
IAH-PIB,IAH,PIB,372.0,627,1,73.38,13.32,69.5,0.957
SGU-DEN,SGU,DEN,517.0,1075,1,79.91,10.64,49.0,0.0
IAH-MEI,IAH,MEI,422.0,627,1,75.04,18.31,73.0,0.957
MCW-ORD,MCW,ORD,288.0,627,1,68.74,24.81,85.8,7.337
DEN-JMS,DEN,JMS,573.0,627,1,86.07,-2.07,26.1,1.276
SGU-LAX,SGU,LAX,349.0,310,1,86.69,-2.69,19.3,0.323
MGW-IAD,MGW,IAD,140.0,362,1,81.69,36.62,170.7,4.972
RKS-DEN,RKS,DEN,260.0,728,1,81.83,20.6,72.0,0.275
DIK-DEN,DIK,DEN,488.0,685,1,77.84,14.82,59.0,1.752
ORD-SLN,ORD,SLN,559.0,362,1,59.03,38.2,143.2,3.591
DEN-LBL,DEN,LBL,280.0,627,1,82.95,1.02,35.0,1.914
ORD-CMX,ORD,CMX,360.0,792,1,68.91,33.48,98.0,6.566
ATY-DEN,ATY,DEN,519.0,363,1,74.72,21.95,59.0,0.275
SFO-SMF,SFO,SMF,86.0,1355,2,77.85,11.28,44.0,1.624
FAT-LAX,FAT,LAX,209.0,982,2,85.47,3.24,22.0,0.509
SUN-DEN,SUN,DEN,557.0,630,1,84.98,3.46,43.5,0.0
ORD-BOI,ORD,BOI,1437.0,1108,4,70.05,13.96,71.0,1.534
DEN-PSC,DEN,PSC,853.0,729,2,75.76,11.07,62.0,0.137
LAX-FAT,LAX,FAT,209.0,979,2,85.73,1.34,26.7,0.511
DEN-TUL,DEN,TUL,541.0,2452,4,77.39,6.67,41.3,0.856
ORD-CID,ORD,CID,196.0,2755,6,68.58,21.83,83.0,3.666
SUN-LAX,SUN,LAX,696.0,328,1,90.21,-2.36,14.0,0.305
ORD-MBS,ORD,MBS,222.0,1006,1,65.46,25.07,101.1,3.38
DEN-HSV,DEN,HSV,1048.0,728,1,80.88,4.09,39.0,0.137
MEM-ORD,MEM,ORD,491.0,2509,5,75.94,10.62,57.0,3.707
ORD-MSY,ORD,MSY,837.0,2403,7,75.17,8.66,63.0,2.289
BOI-ORD,BOI,ORD,1437.0,1111,4,75.3,12.95,59.2,1.17
LAX-RDD,LAX,RDD,501.0,334,1,92.51,-7.1,7.7,0.0
ORD-SCE,ORD,SCE,528.0,550,2,69.85,14.97,70.7,2.0
DEN-MRY,DEN,MRY,959.0,726,2,81.02,2.77,41.0,0.275
HOB-DEN,HOB,DEN,501.0,364,1,81.01,15.02,62.5,1.374
ORD-BDL,ORD,BDL,783.0,2366,5,75.46,9.77,54.0,2.494
DEN-MLI,DEN,MLI,751.0,366,1,70.41,16.47,73.2,0.0
DEN-MSN,DEN,MSN,826.0,1101,3,80.71,4.4,37.7,0.454
RDD-LAX,RDD,LAX,501.0,334,1,85.33,2.9,20.0,0.0
SFO-BOI,SFO,BOI,522.0,1713,2,75.85,8.2,49.5,0.292
ORD-GSP,ORD,GSP,577.0,1815,6,74.08,10.78,58.0,3.967
MTJ-DEN,MTJ,DEN,197.0,1415,3,80.93,4.85,39.6,0.495
BZN-LAX,BZN,LAX,902.0,543,2,88.21,-5.58,20.8,0.0
DEN-STL,DEN,STL,770.0,3695,4,78.04,5.94,46.0,0.46
SFO-SAT,SFO,SAT,1482.0,434,2,77.39,10.07,48.2,0.23
ORD-TUL,ORD,TUL,585.0,2129,5,74.3,9.43,55.1,2.536
SFO-PDX,SFO,PDX,550.0,3493,4,79.63,4.37,37.0,0.344
JAN-DFW,JAN,DFW,408.0,1910,3,77.69,13.79,60.0,3.194
PHX-SAF,PHX,SAF,370.0,514,1,80.43,13.22,60.0,0.584
DTW-BUF,DTW,BUF,241.0,1207,3,78.16,14.26,67.0,1.657
ORD-PIT,ORD,PIT,413.0,4000,5,74.85,12.34,61.0,2.25
ORD-ECP,ORD,ECP,810.0,619,5,81.67,0.46,36.0,1.292
ECP-ORD,ECP,ORD,810.0,619,5,77.13,8.5,49.2,2.585
DEN-GEG,DEN,GEG,836.0,2051,4,76.76,7.35,40.0,0.293
ORD-MYR,ORD,MYR,753.0,495,6,80.04,3.3,33.0,0.606
MYR-ORD,MYR,ORD,753.0,494,6,76.72,7.78,46.0,1.215
ORD-ABQ,ORD,ABQ,1118.0,1148,5,72.24,10.0,67.0,1.394
ORD-ABE,ORD,ABE,654.0,454,2,68.65,17.54,84.8,3.744
CMH-MSP,CMH,MSP,626.0,850,2,86.21,1.65,29.0,0.941
DFW-GRK,DFW,GRK,134.0,1908,2,78.64,7.92,46.0,4.35
ABQ-BUR,ABQ,BUR,672.0,327,1,79.63,5.4,35.7,0.612
ABQ-MDW,ABQ,MDW,1121.0,449,1,89.64,-3.68,15.0,1.114
ABQ-OAK,ABQ,OAK,889.0,353,1,87.22,-3.49,18.0,0.0
ALB-BNA,ALB,BNA,825.0,436,2,81.16,2.53,34.0,0.917
ALB-DEN,ALB,DEN,1610.0,318,2,74.36,9.09,52.9,0.943
AMA-DAL,AMA,DAL,323.0,1263,1,86.31,-0.57,26.0,0.871
AMA-LAS,AMA,LAS,759.0,364,1,80.06,2.93,47.0,0.824
ATL-AUS,ATL,AUS,813.0,4524,4,80.55,1.87,38.0,1.304
ATL-DAL,ATL,DAL,721.0,3350,2,80.89,3.33,40.0,1.821
ATL-DCA,ATL,DCA,547.0,6800,6,69.77,15.85,61.0,3.176
ATL-IND,ATL,IND,432.0,3163,4,82.68,3.41,32.0,1.328
ATL-LGA,ATL,LGA,762.0,8413,6,73.07,13.82,64.0,4.053
ATL-MCO,ATL,MCO,404.0,8208,4,70.55,17.75,67.0,1.462
ATL-RDU,ATL,RDU,356.0,4629,3,79.91,6.76,40.0,1.491
ATL-SAT,ATL,SAT,874.0,3000,3,81.3,2.51,36.0,1.633
AUS-ABQ,AUS,ABQ,619.0,830,1,75.24,7.55,46.0,0.241
AUS-ATL,AUS,ATL,813.0,4523,4,81.85,3.65,36.0,1.304
AUS-DAL,AUS,DAL,189.0,2336,1,77.52,6.73,44.0,1.584
AUS-LAS,AUS,LAS,1090.0,2878,5,73.26,9.62,48.0,0.452
AUS-LBB,AUS,LBB,341.0,326,1,69.57,12.73,57.0,0.92
AUS-ORD,AUS,ORD,977.0,3171,6,72.69,18.3,67.0,2.302
AUS-SJC,AUS,SJC,1476.0,1119,1,73.81,5.87,43.0,0.268
AUS-TUL,AUS,TUL,426.0,310,1,66.67,13.59,48.2,0.323
BDL-BWI,BDL,BWI,283.0,1749,1,82.98,3.08,25.0,1.944
BHM-DAL,BHM,DAL,587.0,981,1,79.61,3.99,36.0,0.917
BHM-HOU,BHM,HOU,570.0,447,1,84.49,-0.35,26.0,0.224
BHM-MCO,BHM,MCO,479.0,848,1,79.19,7.8,35.0,0.472
BHM-TPA,BHM,TPA,459.0,425,1,75.18,7.0,42.6,0.471
BNA-BHM,BNA,BHM,177.0,516,1,76.61,6.39,33.8,0.581
BNA-DAL,BNA,DAL,623.0,2447,1,76.51,6.72,47.0,1.144
BNA-DCA,BNA,DCA,562.0,4356,5,72.29,11.03,53.0,2.87
BNA-FLL,BNA,FLL,793.0,2128,4,74.52,9.49,52.5,2.256
BNA-IND,BNA,IND,249.0,524,1,78.35,6.62,35.0,0.382
BNA-JAX,BNA,JAX,483.0,1096,2,74.26,8.66,40.0,0.547
BNA-LAX,BNA,LAX,1798.0,2329,4,76.33,5.91,38.0,0.816
BNA-LGB,BNA,LGB,1785.0,365,1,69.42,8.77,49.6,0.274
BNA-MDW,BNA,MDW,395.0,1893,1,74.92,6.48,44.0,1.215
BNA-MKE,BNA,MKE,475.0,969,1,72.94,9.62,44.0,0.929
BNA-MYR,BNA,MYR,471.0,635,1,78.45,6.37,38.0,0.63
BNA-OMA,BNA,OMA,612.0,401,1,69.35,10.01,43.6,0.748
BNA-ORF,BNA,ORF,585.0,423,1,82.45,3.36,24.0,1.182
BNA-PHL,BNA,PHL,675.0,2846,6,74.05,12.82,55.0,2.635
BNA-RIC,BNA,RIC,527.0,467,2,74.19,7.29,36.6,0.428
BNA-RSW,BNA,RSW,722.0,807,1,72.77,7.96,46.4,0.743
BNA-SAV,BNA,SAV,417.0,903,1,75.64,7.8,44.6,0.664
BNA-SEA,BNA,SEA,1978.0,1476,3,71.7,8.18,45.0,1.22
BNA-SMF,BNA,SMF,1917.0,345,1,66.08,11.77,38.9,0.58
BNA-SRQ,BNA,SRQ,648.0,686,2,71.68,9.74,46.0,1.166
BNA-TUL,BNA,TUL,515.0,514,1,82.94,0.07,27.1,0.778
BOI-SMF,BOI,SMF,437.0,860,1,84.95,1.33,25.4,0.116
BOS-DEN,BOS,DEN,1754.0,3868,4,77.01,4.56,46.0,1.344
BUF-BWI,BUF,BWI,281.0,1750,1,86.98,-0.63,20.0,1.429
BUR-DEN,BUR,DEN,850.0,2166,4,85.2,-0.05,29.6,0.462
BUR-RNO,BUR,RNO,374.0,423,1,83.18,1.3,39.8,0.0
BUR-SJC,BUR,SJC,296.0,2161,1,86.75,-3.56,23.5,1.064
BWI-ATL,BWI,ATL,577.0,5407,4,80.63,4.05,38.0,1.96
BWI-CLE,BWI,CLE,314.0,970,1,77.36,6.4,38.0,1.649
BWI-CLT,BWI,CLT,361.0,2960,6,81.55,4.16,37.0,1.689
BWI-CVG,BWI,CVG,430.0,721,1,81.27,4.03,34.1,1.526
BWI-GRR,BWI,GRR,528.0,440,1,73.84,8.87,44.0,1.591
BWI-ISP,BWI,ISP,220.0,1236,1,78.33,6.45,35.2,1.861
BWI-MCI,BWI,MCI,966.0,879,1,77.43,6.7,40.7,1.593
BWI-MIA,BWI,MIA,946.0,2289,5,75.17,10.14,48.0,2.184
BWI-PIT,BWI,PIT,210.0,1075,1,79.11,5.7,38.0,2.047
BWI-SAT,BWI,SAT,1407.0,732,1,76.63,5.56,42.2,1.639
BWI-SAV,BWI,SAV,548.0,995,1,81.22,3.92,37.0,0.905
BWI-SEA,BWI,SEA,2335.0,719,2,70.93,8.34,46.0,0.974
BWI-SLC,BWI,SLC,1865.0,769,2,77.25,7.56,42.0,1.56
BWI-SMF,BWI,SMF,2395.0,364,1,63.71,12.66,53.0,0.824
BWI-STL,BWI,STL,738.0,1268,1,82.43,1.92,29.0,1.104
CHS-MDW,CHS,MDW,745.0,370,1,81.32,2.74,30.7,0.541
CLE-MDW,CLE,MDW,307.0,1110,1,83.29,1.45,30.6,1.081
CLT-BNA,CLT,BNA,328.0,3488,6,75.55,10.84,53.0,1.634
CMH-ATL,CMH,ATL,447.0,3155,3,85.33,0.39,28.0,1.585
CMH-AUS,CMH,AUS,1073.0,414,5,83.5,1.1,27.8,0.242
CMH-HOU,CMH,HOU,1000.0,354,1,81.02,1.43,34.8,0.282
CMH-LAS,CMH,LAS,1771.0,898,2,79.6,3.93,32.0,0.445
CMH-MDW,CMH,MDW,283.0,1239,1,81.27,4.9,33.0,1.614
CVG-BWI,CVG,BWI,430.0,720,1,84.87,2.47,25.4,1.111
CVG-DEN,CVG,DEN,1069.0,1504,4,82.59,4.79,32.9,0.931
CVG-MDW,CVG,MDW,249.0,538,1,81.4,7.27,35.0,1.115
DAL-AUS,DAL,AUS,189.0,2336,1,77.08,5.85,44.0,1.027
DAL-BHM,DAL,BHM,587.0,979,1,70.82,11.5,54.8,1.43
DAL-BUR,DAL,BUR,1243.0,396,1,71.32,10.27,51.8,1.768
DAL-COS,DAL,COS,602.0,799,1,74.08,10.19,49.0,0.876
DAL-DCA,DAL,DCA,1184.0,1732,1,66.69,16.28,66.0,1.963
DAL-LGB,DAL,LGB,1232.0,509,1,72.96,10.35,48.8,1.179
DAL-LIT,DAL,LIT,296.0,1038,1,72.36,10.48,48.0,0.674
DAL-PHL,DAL,PHL,1295.0,324,1,73.83,10.08,37.0,0.926
DAL-PHX,DAL,PHX,879.0,2873,1,74.23,7.64,47.0,2.019
DAL-PNS,DAL,PNS,592.0,490,1,70.45,11.57,47.7,0.612
DAL-SAT,DAL,SAT,247.0,2741,1,77.33,6.19,44.0,1.094
DAL-VPS,DAL,VPS,630.0,445,1,80.0,5.38,33.1,0.674
DCA-LAS,DCA,LAS,2089.0,729,2,70.06,9.1,56.6,1.235
DCA-MCI,DCA,MCI,949.0,1929,5,71.47,11.56,61.0,3.214
DCA-MKE,DCA,MKE,634.0,1347,3,77.02,8.37,47.7,4.454
DCA-OMA,DCA,OMA,1012.0,645,2,70.84,12.19,72.0,2.016
DEN-ALB,DEN,ALB,1610.0,319,2,65.19,18.56,67.5,0.627
DEN-BDL,DEN,BDL,1671.0,890,2,75.94,6.57,39.0,1.348
DEN-CLE,DEN,CLE,1201.0,1841,3,76.35,6.91,43.0,0.326
DEN-CLT,DEN,CLT,1337.0,2787,5,82.9,-0.37,31.3,1.22
DEN-DAL,DEN,DAL,651.0,2983,1,70.6,11.73,55.0,1.207
DEN-IAD,DEN,IAD,1452.0,3463,2,81.22,3.05,35.0,0.491
DEN-LAS,DEN,LAS,628.0,7133,3,75.69,8.28,51.0,0.603
DEN-ORF,DEN,ORF,1553.0,636,2,70.32,11.25,48.1,0.943
DEN-PIT,DEN,PIT,1290.0,1657,3,73.7,9.4,49.0,0.362
DEN-PNS,DEN,PNS,1179.0,629,4,75.12,5.26,37.8,0.318
DEN-RNO,DEN,RNO,804.0,2469,4,74.99,9.18,48.0,0.284
DEN-SAN,DEN,SAN,853.0,6035,5,75.38,6.27,47.0,0.663
DEN-SJC,DEN,SJC,948.0,2560,3,74.13,8.44,49.0,0.352
ECP-BNA,ECP,BNA,401.0,1078,1,79.0,7.22,36.5,0.186
ECP-HOU,ECP,HOU,570.0,365,1,77.81,4.21,42.2,0.0
ELP-DEN,ELP,DEN,563.0,1864,3,79.9,6.86,50.0,0.322
ELP-HOU,ELP,HOU,677.0,1037,1,83.71,2.51,27.0,0.482
FLL-CMH,FLL,CMH,973.0,764,3,63.6,17.29,65.2,3.01
FLL-DEN,FLL,DEN,1703.0,1607,3,82.77,3.86,35.0,0.249
FLL-PIT,FLL,PIT,994.0,1109,3,65.34,19.13,80.4,2.435
FLL-STL,FLL,STL,1057.0,828,3,77.31,4.68,37.0,0.483
GEG-SMF,GEG,SMF,649.0,607,1,86.78,-2.18,21.0,0.165
HNL-LAS,HNL,LAS,2762.0,2198,3,81.66,2.69,29.0,0.273
HNL-PHX,HNL,PHX,2917.0,1317,4,84.7,3.43,23.0,0.607
HNL-SAN,HNL,SAN,2614.0,1771,3,77.87,6.8,32.0,0.96
HOU-CMH,HOU,CMH,1000.0,355,1,76.49,9.58,36.0,0.282
HOU-ECP,HOU,ECP,570.0,357,1,68.35,10.16,49.4,0.0
HOU-HRL,HOU,HRL,277.0,1180,1,76.08,4.75,39.0,0.085
HOU-LAS,HOU,LAS,1235.0,2021,1,80.48,2.89,34.0,0.346
HOU-MSY,HOU,MSY,303.0,2297,1,83.01,1.66,29.0,0.218
HOU-OAK,HOU,OAK,1642.0,375,1,76.2,5.49,36.0,0.267
HOU-OKC,HOU,OKC,419.0,1229,1,77.16,6.29,39.0,0.814
HOU-PIT,HOU,PIT,1131.0,316,1,71.97,11.5,37.1,0.633
HOU-SAN,HOU,SAN,1313.0,962,1,76.26,4.65,36.9,0.728
HOU-SJC,HOU,SJC,1621.0,364,1,84.57,0.58,22.0,0.0
HOU-SLC,HOU,SLC,1214.0,409,1,79.85,3.06,32.0,0.489
HOU-STL,HOU,STL,687.0,1559,1,79.84,4.86,35.0,0.449
HRL-AUS,HRL,AUS,273.0,708,1,81.82,3.63,31.0,0.141
IAD-PHX,IAD,PHX,1956.0,1036,2,81.76,-0.36,31.6,0.772
IND-ATL,IND,ATL,432.0,3160,4,88.08,-4.42,20.0,1.297
IND-DEN,IND,DEN,976.0,2494,3,78.6,6.02,41.0,0.521
IND-LAS,IND,LAS,1590.0,1348,4,78.86,4.43,35.0,0.519
IND-MCO,IND,MCO,829.0,2435,4,79.19,6.87,45.0,1.273
IND-PHX,IND,PHX,1489.0,1530,3,79.39,6.17,39.2,0.327
JAN-HOU,JAN,HOU,359.0,729,1,83.49,-2.07,29.0,0.274
JAX-DEN,JAX,DEN,1446.0,1020,2,82.15,3.88,37.7,0.294
JAX-STL,JAX,STL,753.0,507,1,87.87,-1.9,21.0,0.592
KOA-OGG,KOA,OGG,84.0,1460,3,87.23,2.32,19.0,0.205
LAS-BHM,LAS,BHM,1618.0,359,1,73.67,5.51,34.0,0.279
LAS-BZN,LAS,BZN,701.0,599,2,76.94,4.66,34.0,0.334
LAS-DTW,LAS,DTW,1749.0,2789,4,81.13,3.66,34.0,0.61
LAS-ELP,LAS,ELP,584.0,1334,2,74.19,8.38,46.6,0.45
LAS-FAT,LAS,FAT,259.0,1714,2,77.57,5.8,39.0,0.642
LAS-GRR,LAS,GRR,1642.0,385,2,80.89,5.46,36.0,0.0
LAS-HNL,LAS,HNL,2762.0,2202,3,77.12,7.73,35.0,0.318
LAS-HOU,LAS,HOU,1235.0,2021,1,73.17,8.74,44.0,0.396
LAS-LGB,LAS,LGB,231.0,2117,1,77.06,4.79,36.0,0.331
LAS-MCI,LAS,MCI,1139.0,1992,4,76.36,6.0,38.0,0.653
LAS-MCO,LAS,MCO,2039.0,1959,5,74.37,7.74,44.0,0.306
LAS-MSP,LAS,MSP,1299.0,2134,3,85.35,-0.09,24.0,1.031
LAS-PDX,LAS,PDX,763.0,2956,4,78.99,4.05,38.0,0.609
LAS-SFO,LAS,SFO,414.0,6115,5,60.59,17.81,69.0,0.703
LAS-SLC,LAS,SLC,368.0,3744,5,82.75,1.51,32.0,0.721
LAX-BNA,LAX,BNA,1798.0,2320,4,80.72,4.64,31.0,0.948
LAX-HNL,LAX,HNL,2556.0,5514,6,76.69,8.79,46.0,0.417
LAX-HOU,LAX,HOU,1390.0,1194,1,71.09,9.35,41.0,0.168
LAX-OAK,LAX,OAK,337.0,2080,1,80.12,0.89,35.0,0.385
LGB-BNA,LGB,BNA,1785.0,365,1,88.74,-0.33,16.0,0.274
LGB-RNO,LGB,RNO,402.0,694,1,84.18,-0.57,33.2,0.432
LGB-SJC,LGB,SJC,324.0,1239,1,86.89,-4.08,22.0,0.242
LIH-OGG,LIH,OGG,202.0,1460,3,82.89,4.49,24.0,0.137
MAF-DAL,MAF,DAL,319.0,1353,1,88.96,-2.44,18.0,1.33
MCI-ATL,MCI,ATL,692.0,3272,4,87.22,-2.22,22.0,1.375
MCI-AUS,MCI,AUS,650.0,982,2,80.9,2.96,38.7,0.407
MCI-BNA,MCI,BNA,491.0,1374,2,81.34,5.03,31.0,0.728
MCI-IND,MCI,IND,451.0,350,1,78.0,4.95,33.1,0.0
MCI-LAX,MCI,LAX,1363.0,1313,4,82.38,0.51,31.0,0.533
MCI-MDW,MCI,MDW,404.0,2107,1,80.2,4.82,31.0,1.139
MCI-MSY,MCI,MSY,690.0,364,1,77.13,5.93,36.8,0.275
MCI-PHX,MCI,PHX,1044.0,2474,5,78.99,7.24,37.0,0.606
MCI-STL,MCI,STL,237.0,1020,1,86.0,-1.07,27.0,0.49
MCO-BUF,MCO,BUF,1011.0,1790,3,66.89,15.77,69.0,1.285
MCO-BWI,MCO,BWI,787.0,4695,3,75.66,8.03,48.0,2.066
MCO-CVG,MCO,CVG,757.0,1793,4,74.72,12.2,57.7,1.45
MCO-DAL,MCO,DAL,973.0,2633,1,73.37,10.28,50.0,1.633
MCO-DCA,MCO,DCA,759.0,4579,5,69.51,16.84,72.0,2.228
MCO-DEN,MCO,DEN,1547.0,4539,3,80.24,2.31,37.0,0.595
MCO-ISP,MCO,ISP,971.0,1423,3,75.56,7.4,46.0,1.757
MCO-OMA,MCO,OMA,1211.0,378,2,74.46,8.66,44.0,1.587
MCO-ORF,MCO,ORF,655.0,801,3,71.61,13.9,58.2,3.246
MCO-PHX,MCO,PHX,1849.0,1852,3,78.14,6.76,40.0,0.54
MCO-PVD,MCO,PVD,1072.0,1590,2,72.65,12.19,59.0,1.698
MCO-RDU,MCO,RDU,534.0,2704,4,76.71,9.23,56.0,1.701
MCO-SAT,MCO,SAT,1041.0,1086,3,75.0,7.69,50.0,1.565
MCO-SDF,MCO,SDF,719.0,856,3,74.58,9.06,48.0,2.103
MCO-SJU,MCO,SJU,1188.0,6076,4,73.06,13.12,54.0,1.103
MDW-ALB,MDW,ALB,717.0,728,1,70.69,12.68,49.1,0.962
MDW-BOS,MDW,BOS,861.0,1360,1,66.79,16.36,67.8,1.176
MDW-BUF,MDW,BUF,468.0,824,1,73.86,10.0,43.0,1.456
MDW-BWI,MDW,BWI,611.0,1857,2,79.03,6.28,36.0,2.693
MDW-CMH,MDW,CMH,283.0,1235,1,81.45,2.3,30.0,1.7
MDW-DAL,MDW,DAL,793.0,2185,1,77.35,5.46,41.0,1.968
MDW-FLL,MDW,FLL,1167.0,1123,1,73.98,9.82,44.8,1.603
MDW-GRR,MDW,GRR,137.0,931,1,75.16,9.08,47.0,0.859
MDW-MIA,MDW,MIA,1182.0,503,2,72.87,10.49,46.7,1.193
MDW-OKC,MDW,OKC,691.0,559,1,74.82,8.93,50.3,1.789
MDW-ONT,MDW,ONT,1706.0,360,1,70.22,11.64,45.0,1.111
MDW-PIT,MDW,PIT,402.0,1116,1,81.09,3.1,31.0,1.434
MDW-PVD,MDW,PVD,842.0,779,1,76.92,8.44,50.0,1.412
MDW-RIC,MDW,RIC,629.0,413,1,71.81,8.88,47.0,0.969
MDW-SFO,MDW,SFO,1855.0,485,1,48.12,26.76,75.0,1.237
MDW-SRQ,MDW,SRQ,1035.0,520,1,74.31,7.68,37.0,1.346
MDW-STL,MDW,STL,251.0,1708,1,81.96,2.05,34.0,1.288
MDW-TPA,MDW,TPA,997.0,1581,2,77.91,6.88,37.0,1.392
MEM-BNA,MEM,BNA,200.0,515,1,73.88,7.72,39.4,0.388
MEM-DEN,MEM,DEN,872.0,1364,4,78.93,7.27,40.0,0.88
MIA-AUS,MIA,AUS,1103.0,2192,5,71.8,12.44,59.0,0.958
MKE-BNA,MKE,BNA,475.0,971,1,81.52,3.66,30.0,1.339
MKE-BWI,MKE,BWI,641.0,826,1,85.12,2.41,26.0,1.211
MKE-MCI,MKE,MCI,436.0,349,1,86.71,-0.09,23.5,0.86
MSP-BNA,MSP,BNA,695.0,1747,3,81.41,1.32,29.5,1.546
MSP-LAS,MSP,LAS,1299.0,2129,3,81.68,2.68,33.9,1.127
MSY-BNA,MSY,BNA,471.0,1483,2,77.66,7.43,35.0,0.607
MSY-BWI,MSY,BWI,998.0,1157,3,80.76,5.53,34.0,1.124
MSY-FLL,MSY,FLL,673.0,1412,3,74.25,12.18,50.0,2.337
MSY-HOU,MSY,HOU,303.0,2297,1,76.17,5.94,39.0,0.609
MSY-MCI,MSY,MCI,690.0,364,1,80.17,7.34,37.0,0.275
MSY-SAN,MSY,SAN,1600.0,342,1,69.5,8.88,46.0,0.0
MSY-TPA,MSY,TPA,487.0,1063,3,77.14,7.8,45.1,1.035
MYR-BNA,MYR,BNA,471.0,635,1,83.17,3.94,28.1,0.787
OAK-AUS,OAK,AUS,1497.0,359,1,76.32,8.85,28.0,0.0
OAK-BOI,OAK,BOI,512.0,555,1,84.3,2.02,26.0,0.0
OAK-LGB,OAK,LGB,353.0,1597,1,86.18,-1.12,23.0,0.25
OAK-SAN,OAK,SAN,446.0,3214,3,65.3,15.28,55.0,0.871
OGG-PHX,OGG,PHX,2844.0,856,2,93.33,-6.17,8.7,0.234
OGG-SMF,OGG,SMF,2403.0,481,3,75.32,7.67,38.4,0.624
OKC-HOU,OKC,HOU,419.0,1230,1,82.7,1.16,31.0,0.732
OKC-MCO,OKC,MCO,1069.0,327,2,75.16,10.23,36.9,0.612
ONT-BNA,ONT,BNA,1751.0,336,1,77.41,7.35,29.9,0.595
ONT-SJC,ONT,SJC,333.0,1319,1,85.51,-0.74,27.0,0.076
ORD-DEN,ORD,DEN,888.0,6138,5,75.06,11.36,57.0,1.238
ORD-MCO,ORD,MCO,1005.0,6272,5,72.96,12.8,64.0,1.626
PBI-ISP,PBI,ISP,1052.0,1222,3,73.98,9.65,52.2,1.637
PDX-DEN,PDX,DEN,991.0,4286,5,82.53,2.34,31.0,0.373
PDX-LAS,PDX,LAS,763.0,2956,4,80.55,5.12,32.0,0.507
PHX-ATL,PHX,ATL,1587.0,3734,4,81.45,6.19,34.0,0.83
PHX-AUS,PHX,AUS,872.0,3351,5,74.86,9.61,45.0,0.716
PHX-COS,PHX,COS,551.0,1001,1,73.57,8.5,40.6,0.1
PHX-HOU,PHX,HOU,1020.0,2119,1,71.67,11.14,42.0,0.472
PHX-LAS,PHX,LAS,255.0,6014,5,78.18,7.56,44.0,1.048
PHX-OAK,PHX,OAK,646.0,1925,1,76.21,6.69,39.0,0.416
PHX-SNA,PHX,SNA,338.0,4638,3,79.02,5.4,35.0,0.474
PIT-ATL,PIT,ATL,526.0,2754,2,89.89,-6.97,15.0,2.179
PIT-FLL,PIT,FLL,994.0,1105,3,79.55,5.47,35.0,2.896
PIT-MDW,PIT,MDW,402.0,1118,1,79.6,7.18,33.3,1.073
PIT-TPA,PIT,TPA,873.0,818,2,79.44,5.55,51.0,0.122
PNS-DEN,PNS,DEN,1179.0,629,4,66.08,15.5,71.0,0.318
PNS-HOU,PNS,HOU,488.0,348,1,81.5,1.05,29.0,0.575
PSP-LAS,PSP,LAS,173.0,742,1,80.76,4.17,36.3,0.539
PSP-OAK,PSP,OAK,418.0,470,1,85.62,0.87,33.0,0.851
PVD-MCO,PVD,MCO,1072.0,1592,2,76.57,7.49,46.3,1.822
PVD-MDW,PVD,MDW,842.0,777,1,85.26,0.19,27.0,1.544
RDU-AUS,RDU,AUS,1162.0,521,1,78.76,4.99,35.3,0.576
RDU-HOU,RDU,HOU,1050.0,354,1,82.91,-0.74,26.0,0.847
RDU-MDW,RDU,MDW,632.0,961,1,78.89,5.87,35.3,1.977
RIC-BNA,RIC,BNA,527.0,467,2,76.77,7.46,36.0,0.428
RNO-BUR,RNO,BUR,374.0,423,1,82.19,3.04,48.0,0.236
RNO-SAN,RNO,SAN,488.0,1208,3,71.85,9.6,46.0,1.242
RSW-BWI,RSW,BWI,919.0,1413,2,79.72,5.95,35.0,2.194
RSW-MDW,RSW,MDW,1105.0,1161,1,74.16,11.36,49.7,1.55
SAN-BWI,SAN,BWI,2295.0,1160,1,77.99,2.68,34.0,1.552
SAN-HOU,SAN,HOU,1313.0,962,1,71.2,8.24,41.6,0.416
SAN-MCO,SAN,MCO,2149.0,1093,2,77.04,2.17,35.1,0.64
SAN-OAK,SAN,OAK,446.0,3203,3,74.33,6.19,45.0,0.968
SAN-STL,SAN,STL,1557.0,473,1,74.84,6.0,44.0,0.211
SAN-TUS,SAN,TUS,367.0,654,1,76.19,8.47,53.0,0.306
SAT-ATL,SAT,ATL,874.0,2999,3,85.87,1.45,26.2,1.701
SAT-DAL,SAT,DAL,247.0,2742,1,83.31,2.17,31.0,1.131
SAT-MCO,SAT,MCO,1041.0,1054,3,77.33,10.7,45.8,1.613
SAT-MDW,SAT,MDW,1036.0,661,1,76.84,7.42,35.0,1.059
SAT-SAN,SAT,SAN,1129.0,610,1,78.02,4.63,40.6,0.328
SAT-STL,SAT,STL,786.0,548,1,85.74,0.36,25.0,0.0
SAV-BNA,SAV,BNA,417.0,904,1,80.6,4.99,31.0,0.774
SEA-BWI,SEA,BWI,2335.0,719,2,80.22,-2.17,27.0,0.417
SFO-DEN,SFO,DEN,967.0,5461,3,75.29,7.55,49.0,0.403
SFO-LAS,SFO,LAS,414.0,6118,5,72.67,12.07,61.0,0.654
SFO-STL,SFO,STL,1735.0,760,3,64.09,16.37,71.2,0.921
SJC-AUS,SJC,AUS,1476.0,1121,1,75.04,7.86,38.7,0.268
SJC-MDW,SJC,MDW,1838.0,519,1,84.21,-0.96,21.8,0.193
SLC-MDW,SLC,MDW,1259.0,619,1,83.74,-3.1,22.2,0.646
SMF-BUR,SMF,BUR,358.0,2606,1,85.4,-0.01,25.0,1.804
SMF-EUG,SMF,EUG,384.0,365,1,82.97,0.87,29.0,0.0
SMF-HNL,SMF,HNL,2462.0,730,3,80.91,1.29,28.0,0.137
SMF-LGB,SMF,LGB,387.0,1869,1,85.88,0.78,24.0,0.321
SMF-MCO,SMF,MCO,2408.0,323,1,83.85,-1.83,21.9,0.0
SNA-DAL,SNA,DAL,1216.0,364,1,75.42,6.54,31.3,0.549
SNA-DEN,SNA,DEN,846.0,3686,3,83.54,2.24,31.0,0.407
SNA-OAK,SNA,OAK,371.0,2352,2,84.77,-1.69,26.4,0.638
SNA-PHX,SNA,PHX,338.0,4636,3,82.21,5.23,32.0,0.69
SRQ-BWI,SRQ,BWI,880.0,1250,1,84.06,2.2,31.8,1.6
SRQ-STL,SRQ,STL,903.0,349,1,83.29,4.3,33.0,0.287
STL-BNA,STL,BNA,272.0,1287,1,82.38,2.58,30.4,0.622
STL-CMH,STL,CMH,409.0,675,1,81.67,3.34,33.0,0.296
STL-DSM,STL,DSM,259.0,402,1,81.7,0.74,30.0,0.498
STL-JAX,STL,JAX,753.0,507,1,78.46,6.81,38.0,0.197
STL-MDW,STL,MDW,251.0,1704,1,80.01,3.87,34.0,1.232
STL-MIA,STL,MIA,1068.0,1170,4,82.2,1.06,31.0,0.684
STL-PHX,STL,PHX,1262.0,2315,5,74.73,13.07,50.2,0.518
STL-PIT,STL,PIT,554.0,500,1,79.36,6.52,43.0,0.0
STL-SAN,STL,SAN,1557.0,473,1,77.28,4.94,35.0,0.211
STL-SFO,STL,SFO,1735.0,761,3,60.26,23.6,89.0,0.788
STL-TPA,STL,TPA,869.0,1228,2,80.12,6.35,35.0,0.57
TPA-DAL,TPA,DAL,917.0,1294,1,76.44,7.38,43.0,1.314
TPA-DEN,TPA,DEN,1506.0,3086,3,81.17,2.8,35.0,0.389
TPA-RDU,TPA,RDU,587.0,1290,3,81.82,3.23,34.6,1.86
TPA-STL,TPA,STL,869.0,1229,2,83.47,1.37,29.0,0.57
TUL-AUS,TUL,AUS,426.0,310,1,86.73,-1.24,24.2,0.323
TUL-BNA,TUL,BNA,515.0,514,1,82.03,2.98,29.9,0.389
TUL-DAL,TUL,DAL,237.0,1049,1,87.09,-2.45,23.0,1.43
TUL-PHX,TUL,PHX,935.0,1254,3,82.84,7.57,33.4,0.478
TUL-STL,TUL,STL,351.0,403,1,92.44,-8.33,9.0,1.241
TUS-SAN,TUS,SAN,367.0,654,1,76.15,5.8,54.1,0.459
VPS-BNA,VPS,BNA,389.0,818,1,90.28,-0.69,14.0,0.611
DEN-GSP,DEN,GSP,1278.0,366,3,86.19,0.43,19.9,1.093
GSP-DEN,GSP,DEN,1278.0,366,3,81.18,1.87,40.5,1.093
ISP-TPA,ISP,TPA,1034.0,445,3,72.43,10.26,52.0,3.82
LIH-LAX,LIH,LAX,2615.0,1578,6,83.78,0.35,25.0,0.57
MCO-CLE,MCO,CLE,895.0,2112,4,77.51,8.12,53.0,1.042
MCO-SLC,MCO,SLC,1931.0,1506,4,82.49,4.09,37.0,0.598
PHL-TPA,PHL,TPA,920.0,2652,3,72.93,12.67,66.0,1.923
PIT-SRQ,PIT,SRQ,912.0,340,2,79.76,6.32,34.5,1.176
SAN-PDX,SAN,PDX,933.0,1776,3,83.84,-1.11,24.4,1.014
SEA-MCI,SEA,MCI,1490.0,1131,3,80.18,2.53,36.0,0.884
SFO-AUS,SFO,AUS,1504.0,2802,5,74.05,10.68,53.0,0.535
IND-MDW,IND,MDW,162.0,733,1,77.22,4.63,33.0,1.228
LAX-MCO,LAX,MCO,2218.0,3554,5,76.93,9.0,43.0,0.619
MIA-MCO,MIA,MCO,192.0,3765,3,72.7,14.12,65.0,0.93
SRQ-IND,SRQ,IND,876.0,351,2,71.92,13.58,69.0,0.57
TPA-PHL,TPA,PHL,920.0,2651,3,74.47,14.63,67.8,2.112
TPA-SAN,TPA,SAN,2087.0,642,2,75.24,3.1,38.3,0.467
ATL-DFW,ATL,DFW,731.0,6689,6,73.96,15.05,62.0,2.571
ANC-SEA,ANC,SEA,1448.0,6656,3,86.06,-3.16,23.0,0.871
SAT-SLC,SAT,SLC,1087.0,1009,1,86.66,-0.83,22.4,0.892
DTW-SLC,DTW,SLC,1481.0,1558,2,79.76,6.6,41.0,0.128
DFW-LAX,DFW,LAX,1235.0,6235,4,73.0,10.92,58.0,2.342
ATL-BTV,ATL,BTV,961.0,391,1,75.59,5.43,45.0,1.79
ATL-JAN,ATL,JAN,340.0,1956,1,84.68,0.76,30.0,1.431
ATL-ELP,ATL,ELP,1282.0,724,1,79.52,5.67,36.3,1.934
CVG-RSW,CVG,RSW,879.0,671,2,85.13,-1.08,26.4,0.894
EWR-SLC,EWR,SLC,1969.0,1337,2,77.81,8.64,48.0,2.094
IAD-SEA,IAD,SEA,2305.0,1851,3,77.68,4.79,39.0,1.026
LGA-MCO,LGA,MCO,950.0,5216,5,70.47,14.82,74.4,4.237
MCO-LGA,MCO,LGA,950.0,5216,5,68.11,18.5,83.0,3.93
PVD-ATL,PVD,ATL,903.0,1134,1,85.69,-1.75,29.4,2.734
MSP-ATL,MSP,ATL,907.0,3497,3,82.21,2.35,35.0,0.543
JFK-ATL,JFK,ATL,760.0,4249,3,76.48,8.31,55.0,2.589
ATL-JFK,ATL,JFK,760.0,4241,3,75.37,11.53,61.0,2.57
SLC-DFW,SLC,DFW,989.0,3866,4,78.84,9.57,45.0,2.431
ATL-ORF,ATL,ORF,516.0,2941,2,78.89,7.12,39.0,1.496
EYW-ATL,EYW,ATL,646.0,1460,1,85.53,2.38,35.0,1.712
MYR-ATL,MYR,ATL,317.0,1513,1,88.27,-4.19,21.0,1.983
EWR-MSP,EWR,MSP,1008.0,2220,4,79.59,8.11,52.0,4.279
MSP-EWR,MSP,EWR,1008.0,2220,4,78.38,5.41,54.0,4.279
MCI-DTW,MCI,DTW,629.0,1342,4,87.89,-3.65,23.0,1.267
GNV-ATL,GNV,ATL,300.0,1591,1,87.12,-1.79,27.0,1.823
MSP-IND,MSP,IND,503.0,1245,2,80.19,2.49,37.0,0.643
ATL-CHS,ATL,CHS,259.0,3221,2,83.21,4.2,31.0,1.739
CHS-ATL,CHS,ATL,259.0,3221,2,89.55,-3.37,17.0,1.801
DTW-PWM,DTW,PWM,668.0,613,3,82.51,3.88,37.0,0.816
CLT-ATL,CLT,ATL,226.0,4382,4,82.23,3.17,40.8,1.826
CLT-DTW,CLT,DTW,500.0,3509,5,82.04,4.05,40.0,1.681
FLL-JFK,FLL,JFK,1069.0,3888,2,70.37,14.46,71.0,4.192
MSP-FLL,MSP,FLL,1487.0,711,1,81.92,2.18,34.0,1.547
BDL-MSP,BDL,MSP,1050.0,832,1,83.31,1.66,32.0,2.404
JFK-PBI,JFK,PBI,1028.0,2205,2,74.59,8.49,64.0,4.444
PBI-JFK,PBI,JFK,1028.0,2206,2,74.19,14.52,74.0,4.17
JFK-MCO,JFK,MCO,944.0,4844,3,74.12,10.12,61.0,3.324
SLC-PHL,SLC,PHL,1927.0,818,2,84.59,0.56,27.3,2.078
SLC-EWR,SLC,EWR,1969.0,1337,2,80.17,5.2,39.0,2.393
ORD-SEA,ORD,SEA,1721.0,5558,4,68.25,14.31,58.0,1.475
ATL-TUL,ATL,TUL,674.0,1576,1,84.8,1.09,30.0,2.221
TPA-SLC,TPA,SLC,1888.0,368,2,89.37,-4.47,15.0,0.272
ATL-SFO,ATL,SFO,2139.0,3352,3,69.91,11.67,56.0,0.686
BUF-ATL,BUF,ATL,712.0,1520,3,80.09,4.22,40.0,2.171
SEA-ORD,SEA,ORD,1721.0,5551,4,75.59,10.17,52.0,1.297
LGA-JAX,LGA,JAX,834.0,631,2,73.28,8.57,66.6,5.547
ATL-PHL,ATL,PHL,666.0,5749,6,75.06,12.61,56.0,3.201
MEM-ATL,MEM,ATL,332.0,3422,3,86.55,-0.57,26.6,2.046
ATL-LIT,ATL,LIT,453.0,2294,1,85.27,0.84,30.0,1.962
ATL-MSP,ATL,MSP,907.0,3518,3,80.21,4.92,35.0,0.483
SMF-MSP,SMF,MSP,1517.0,591,1,92.5,-7.43,8.4,0.677
CHS-MSP,CHS,MSP,1087.0,318,1,80.51,9.9,43.6,1.572
MSP-SAN,MSP,SAN,1532.0,1303,1,78.3,2.76,36.0,0.767
ATL-ICT,ATL,ICT,782.0,1150,1,85.97,-1.1,24.0,1.304
MSP-MIA,MSP,MIA,1501.0,1129,2,82.9,-0.59,30.0,0.886
MSP-BOI,MSP,BOI,1142.0,783,1,79.9,4.65,35.0,0.511
DTW-PHL,DTW,PHL,453.0,2953,7,78.85,8.46,56.0,3.251
ATL-GSP,ATL,GSP,153.0,2818,1,83.86,1.91,31.0,1.632
ATL-CAE,ATL,CAE,192.0,1814,2,83.47,3.88,35.6,1.488
HSV-ATL,HSV,ATL,151.0,2236,2,89.18,-5.21,19.0,1.968
ATL-ILM,ATL,ILM,377.0,1149,1,84.27,0.24,34.0,0.957
JAX-ATL,JAX,ATL,269.0,4046,2,84.67,3.08,32.0,1.656
ATL-ECP,ATL,ECP,240.0,2428,1,83.74,2.51,29.0,1.936
ECP-ATL,ECP,ATL,240.0,2428,1,85.78,0.44,29.4,2.018
VPS-ATL,VPS,ATL,250.0,2393,1,84.24,1.61,32.0,2.048
ATL-SDF,ATL,SDF,321.0,2717,1,84.36,2.39,30.0,1.472
ATL-SAV,ATL,SAV,215.0,3037,1,83.23,3.16,30.0,1.548
JFK-DEN,JFK,DEN,1626.0,1560,3,72.72,8.54,59.0,2.821
SLC-PIT,SLC,PIT,1660.0,363,1,84.96,-0.62,20.2,1.102
MSP-PDX,MSP,PDX,1426.0,1543,2,82.84,1.24,28.0,0.648
SLC-ATL,SLC,ATL,1590.0,2972,2,86.65,-1.6,22.0,0.572
TPA-SEA,TPA,SEA,2520.0,975,2,75.0,6.22,38.0,0.923
FLL-ATL,FLL,ATL,581.0,7260,4,71.39,13.27,68.0,2.438
SRQ-LGA,SRQ,LGA,1047.0,547,2,74.46,28.17,76.0,5.85
SNA-SLC,SNA,SLC,588.0,1856,4,86.7,2.57,26.9,0.647
ATL-OMA,ATL,OMA,821.0,1788,2,80.42,4.82,38.0,1.566
BIL-MSP,BIL,MSP,748.0,365,1,91.97,-4.15,7.0,0.822
ATL-HPN,ATL,HPN,781.0,717,1,77.5,7.72,46.2,2.65
DTW-BOS,DTW,BOS,632.0,2580,4,74.28,10.18,64.0,2.326
ATL-AGS,ATL,AGS,143.0,636,2,80.32,13.67,42.0,2.516
MSP-BZN,MSP,BZN,874.0,805,1,79.57,2.84,36.0,0.621
SLC-SAT,SLC,SAT,1087.0,1008,1,84.58,1.92,25.0,0.794
LGA-CVG,LGA,CVG,585.0,314,3,71.38,14.9,72.1,3.185
IAH-SLC,IAH,SLC,1195.0,1949,3,83.04,4.32,34.0,0.462
BOS-CHS,BOS,CHS,818.0,1140,3,77.68,6.12,52.0,2.281
DTW-MSP,DTW,MSP,528.0,1914,2,78.54,7.87,44.0,0.679
ATL-MSN,ATL,MSN,707.0,1029,1,84.41,2.53,29.0,2.138
CVG-SLC,CVG,SLC,1450.0,822,1,85.56,3.3,24.0,0.487
DTW-RDU,DTW,RDU,501.0,1499,3,84.05,1.02,30.0,1.734
DFW-DTW,DFW,DTW,986.0,3490,5,75.5,12.05,61.0,2.063
RSW-MSP,RSW,MSP,1416.0,1211,1,80.42,6.92,48.6,1.321
SLC-IND,SLC,IND,1355.0,364,1,83.33,3.16,37.1,1.099
LGA-MSP,LGA,MSP,1020.0,1848,2,83.04,2.15,39.0,2.922
MSP-PSC,MSP,PSC,1254.0,365,2,69.15,17.7,60.6,0.274
PBI-LGA,PBI,LGA,1035.0,3208,4,68.76,18.83,79.0,4.458
CMH-LAX,CMH,LAX,1995.0,464,5,78.21,10.04,55.2,1.078
JFK-SFO,JFK,SFO,2586.0,6770,4,73.39,7.73,59.0,2.23
JFK-BOS,JFK,BOS,187.0,5676,3,73.23,11.78,73.0,4.299
JFK-LAS,JFK,LAS,2248.0,3713,4,80.34,-0.39,40.0,2.532
PSE-MCO,PSE,MCO,1178.0,617,2,90.3,-7.52,13.3,1.297
PBI-HPN,PBI,HPN,1056.0,1667,1,73.17,11.55,58.0,3.239
ORD-JFK,ORD,JFK,740.0,2073,5,73.57,14.24,73.0,4.631
LAS-JFK,LAS,JFK,2248.0,3709,4,81.73,1.94,41.1,2.669
BOS-MKE,BOS,MKE,860.0,741,3,82.71,0.38,41.4,3.104
CHS-FLL,CHS,FLL,470.0,508,2,70.53,14.01,76.9,2.953
MKE-BOS,MKE,BOS,860.0,740,3,72.07,7.54,62.0,3.108
PBI-BDL,PBI,BDL,1133.0,518,1,76.59,10.62,53.7,2.703
PHL-BOS,PHL,BOS,280.0,4978,4,75.1,10.15,69.0,3.033
RIC-BOS,RIC,BOS,473.0,1696,2,77.73,9.0,57.0,3.361
JFK-SAN,JFK,SAN,2446.0,2415,3,79.2,-0.56,39.0,2.484
DCA-JFK,DCA,JFK,213.0,2488,2,77.22,6.59,51.0,5.225
PVD-PBI,PVD,PBI,1148.0,425,2,76.03,9.89,46.0,2.824
PBI-BOS,PBI,BOS,1197.0,2152,3,65.59,20.94,86.0,3.625
RDU-JFK,RDU,JFK,427.0,2343,2,75.49,9.8,58.0,4.738
BDL-SJU,BDL,SJU,1666.0,966,2,60.77,33.78,99.3,1.967
RSW-JFK,RSW,JFK,1074.0,1279,2,77.65,7.59,55.0,4.457
EWR-LAX,EWR,LAX,2454.0,4845,4,72.2,12.92,69.0,2.25
BOS-PIT,BOS,PIT,496.0,2156,2,77.99,4.77,55.0,2.968
BOS-ORF,BOS,ORF,468.0,474,3,86.78,-2.39,22.0,1.055
BUF-JFK,BUF,JFK,301.0,1217,1,77.33,10.67,75.4,5.588
RDU-SJU,RDU,SJU,1432.0,467,3,71.33,23.54,78.0,1.927
RSW-EWR,RSW,EWR,1068.0,1986,3,79.63,6.8,58.0,1.964
BQN-FLL,BQN,FLL,982.0,378,1,70.65,19.31,76.6,1.852
ORH-FLL,ORH,FLL,1211.0,319,1,65.06,22.52,88.9,1.881
SAV-BOS,SAV,BOS,901.0,1044,4,69.6,16.85,72.0,2.874
EWR-FLL,EWR,FLL,1065.0,4721,3,75.66,8.23,57.1,3.643
BOS-PQI,BOS,PQI,332.0,365,1,65.17,16.99,86.0,2.466
PHL-FLL,PHL,FLL,993.0,3507,4,72.71,10.73,63.0,3.023
JFK-SEA,JFK,SEA,2422.0,2906,3,70.19,9.67,52.0,3.2
JFK-PWM,JFK,PWM,273.0,398,2,74.54,10.04,85.0,4.271
SRQ-BOS,SRQ,BOS,1220.0,686,4,68.72,23.14,81.2,2.915
SLC-JFK,SLC,JFK,1990.0,1931,2,82.6,-2.29,36.3,2.279
SYR-BOS,SYR,BOS,265.0,474,2,83.15,2.51,34.8,2.321
ORH-MCO,ORH,MCO,1091.0,362,1,76.49,14.03,58.2,1.381
MCO-ORH,MCO,ORH,1091.0,362,1,90.73,-2.69,13.0,1.105
PHX-BOS,PHX,BOS,2300.0,2015,3,76.58,9.69,47.4,1.787
FLL-ISP,FLL,ISP,1092.0,406,3,71.07,12.97,68.7,2.217
BQN-JFK,BQN,JFK,1576.0,469,1,80.79,4.46,34.6,2.772
SJU-RDU,SJU,RDU,1432.0,467,3,82.49,4.48,45.0,1.713
MSP-ANC,MSP,ANC,2519.0,781,2,75.35,12.45,44.0,0.384
MSP-CLE,MSP,CLE,622.0,645,2,83.44,1.0,32.1,0.775
SEA-MCO,SEA,MCO,2554.0,1820,2,81.84,0.25,29.0,0.714
LGA-DFW,LGA,DFW,1389.0,6700,4,70.95,13.19,72.0,4.94
HNL-SEA,HNL,SEA,2677.0,2937,3,75.39,10.26,43.0,0.885
LIH-SEA,LIH,SEA,2700.0,1094,2,83.8,-2.63,27.3,1.92
ANC-MSP,ANC,MSP,2519.0,781,2,83.66,9.64,29.0,0.512
OGG-SEA,OGG,SEA,2639.0,1809,3,80.2,-1.49,34.0,1.382
LAX-OGG,LAX,OGG,2485.0,2148,6,82.96,-0.63,28.0,0.466
LAX-CVG,LAX,CVG,1900.0,354,2,83.05,0.87,27.3,1.695
OGG-LAX,OGG,LAX,2485.0,2147,6,81.01,5.51,32.0,0.745
SEA-MIA,SEA,MIA,2724.0,1210,3,78.36,2.78,37.0,0.909
CLE-ATL,CLE,ATL,554.0,3410,2,84.62,-0.97,29.9,2.258
CAK-CLT,CAK,CLT,394.0,1415,1,80.61,6.21,57.9,2.12
DFW-AGS,DFW,AGS,874.0,664,3,72.08,18.72,82.0,4.367
CVG-DCA,CVG,DCA,411.0,1017,3,63.04,31.53,109.0,5.015
DFW-HRL,DFW,HRL,461.0,1483,2,84.62,1.93,28.4,2.967
PIT-DCA,PIT,DCA,204.0,1431,4,68.09,15.77,63.0,3.284
CAE-DCA,CAE,DCA,408.0,1092,3,72.44,19.22,70.7,4.762
PHL-GRR,PHL,GRR,573.0,358,3,80.12,3.43,58.8,4.469
HPN-CLT,HPN,CLT,564.0,1341,1,75.02,18.9,85.0,4.4
ALB-DCA,ALB,DCA,318.0,1185,3,67.41,23.06,82.4,5.232
PHL-MSN,PHL,MSN,764.0,452,3,77.03,6.84,48.0,4.646
GSP-DCA,GSP,DCA,396.0,1017,4,66.05,22.98,77.5,4.72
MHT-DCA,MHT,DCA,406.0,1082,1,70.33,19.88,68.3,5.545
PHL-LEX,PHL,LEX,520.0,398,1,73.25,10.6,73.6,3.015
ILM-DCA,ILM,DCA,320.0,880,3,68.1,19.12,78.0,6.591
CLT-LEX,CLT,LEX,281.0,1382,1,77.51,5.61,51.0,2.026
DCA-MHT,DCA,MHT,406.0,1082,1,67.55,15.88,67.0,6.192
CLT-MHT,CLT,MHT,738.0,918,1,77.59,7.78,54.3,3.159
DFW-XNA,DFW,XNA,280.0,3546,4,77.44,9.88,49.0,2.538
XNA-DFW,XNA,DFW,280.0,3541,4,79.14,11.61,54.0,2.655
MYR-DCA,MYR,DCA,372.0,754,4,71.27,19.52,68.4,4.907
CLT-AVP,CLT,AVP,509.0,980,3,80.75,2.74,41.5,2.143
PNS-CLT,PNS,CLT,488.0,1887,3,83.2,12.4,42.6,2.067
CID-CLT,CID,CLT,742.0,462,2,84.38,12.96,39.6,2.814
CLT-CID,CLT,CID,742.0,462,2,72.32,14.1,58.3,2.814
BDL-DCA,BDL,DCA,313.0,1708,4,68.14,17.31,77.0,5.562
DSM-DFW,DSM,DFW,624.0,1438,4,73.38,18.02,83.0,3.755
SAV-PHL,SAV,PHL,630.0,986,4,82.43,8.81,53.0,2.941
DFW-LEX,DFW,LEX,785.0,1214,4,74.94,13.55,68.0,2.554
LEX-DFW,LEX,DFW,785.0,1213,4,76.99,11.87,56.0,2.473
PHL-CLE,PHL,CLE,363.0,998,4,76.08,9.89,68.0,4.309
PIT-PHL,PIT,PHL,268.0,1207,4,79.17,9.29,54.0,1.74
DCA-ALB,DCA,ALB,318.0,1185,3,66.64,20.85,79.0,5.148
DCA-MSN,DCA,MSN,707.0,1213,4,70.61,17.42,84.0,4.946
MSN-DCA,MSN,DCA,707.0,1213,4,73.52,16.65,77.6,4.699
ILM-CLT,ILM,CLT,185.0,1820,3,88.15,0.33,24.0,2.088
DCA-BTR,DCA,BTR,985.0,308,2,71.22,17.67,92.5,9.416
CLT-CRW,CLT,CRW,221.0,1142,1,74.75,6.4,57.0,3.59
DCA-HSV,DCA,HSV,613.0,1317,3,72.06,12.83,73.0,4.1
HPN-DCA,HPN,DCA,234.0,1356,1,61.63,32.86,111.2,6.342
CLT-ECP,CLT,ECP,437.0,1119,3,77.86,8.6,50.9,1.162
DCA-GSP,DCA,GSP,396.0,1018,4,65.6,22.28,96.0,4.42
DFW-MSY,DFW,MSY,448.0,2804,5,68.16,20.36,75.4,2.996
OKC-DFW,OKC,DFW,175.0,3169,4,78.85,11.13,56.0,2.966
DFW-LAW,DFW,LAW,140.0,1072,3,73.86,22.75,74.1,5.131
DCA-GRR,DCA,GRR,524.0,730,3,63.52,25.41,97.3,5.068
MSY-DFW,MSY,DFW,448.0,2808,5,73.18,18.93,73.0,3.17
CLT-CVG,CLT,CVG,335.0,1785,3,72.85,12.59,61.0,2.073
CLT-MLB,CLT,MLB,490.0,1131,1,78.92,5.69,50.0,2.829
MLB-CLT,MLB,CLT,490.0,1131,1,81.24,8.55,46.0,2.918
PWM-CLT,PWM,CLT,813.0,708,2,82.01,6.97,41.0,1.13
PHL-ORF,PHL,ORF,212.0,829,2,73.66,16.35,86.6,2.774
CID-DFW,CID,DFW,685.0,1172,3,77.92,21.12,68.4,2.645
CLT-RIC,CLT,RIC,257.0,2469,4,76.21,9.07,49.0,1.823
RIC-CLT,RIC,CLT,257.0,2470,4,83.22,1.85,39.0,1.943
PHL-TYS,PHL,TYS,555.0,344,2,66.67,21.33,105.4,4.36
GRR-DCA,GRR,DCA,524.0,729,3,67.43,32.97,88.0,3.567
CLT-DCA,CLT,DCA,331.0,2679,2,67.61,16.98,63.5,2.352
RDU-DCA,RDU,DCA,227.0,2009,4,62.11,24.05,83.0,5.226
CLT-DSM,CLT,DSM,815.0,809,2,72.8,10.5,52.0,3.09
DCA-CLE,DCA,CLE,310.0,1610,4,66.49,20.1,83.3,6.77
PNS-DFW,PNS,DFW,604.0,1723,4,71.94,24.18,83.0,3.482
DCA-ECP,DCA,ECP,769.0,388,3,73.85,11.08,56.0,4.124
ECP-DCA,ECP,DCA,769.0,388,3,71.51,20.88,84.2,5.412
CLT-AVL,CLT,AVL,91.0,810,3,74.65,13.04,59.0,3.21
PHL-PVD,PHL,PVD,237.0,703,3,76.64,11.79,61.9,4.41
CLT-MEM,CLT,MEM,511.0,1741,2,74.97,8.8,53.0,2.125
XNA-PHL,XNA,PHL,1067.0,477,3,83.84,14.41,37.3,3.564
ROC-CLT,ROC,CLT,573.0,994,3,81.17,8.54,45.0,1.61
DFW-LFT,DFW,LFT,351.0,1666,3,74.1,16.3,64.0,3.001
MEM-DCA,MEM,DCA,762.0,1125,4,75.81,10.36,52.6,3.911
CLT-ORF,CLT,ORF,290.0,2470,4,75.17,10.74,61.0,1.538
ORF-CLT,ORF,CLT,290.0,2470,4,82.49,7.51,48.0,1.822
MGM-DFW,MGM,DFW,622.0,1058,3,74.4,25.83,93.9,5.577
TYS-CLT,TYS,CLT,176.0,894,4,79.45,14.96,63.0,2.461
MSP-CID,MSP,CID,220.0,399,1,74.17,14.41,63.0,1.754
DEN-COU,DEN,COU,671.0,310,1,83.28,12.31,52.2,1.613
MFE-IAH,MFE,IAH,316.0,689,2,80.38,15.37,39.8,0.726
ORD-CAE,ORD,CAE,666.0,514,2,69.76,13.5,64.5,3.307
MSO-ORD,MSO,ORD,1332.0,500,3,74.95,12.07,60.0,0.8
ORD-SYR,ORD,SYR,607.0,2196,5,74.91,12.34,64.9,2.687
BHM-ORD,BHM,ORD,584.0,1117,4,77.92,9.65,49.5,1.701
ORD-MSO,ORD,MSO,1332.0,499,3,79.55,2.04,35.0,0.401
DTW-SYR,DTW,SYR,374.0,691,3,76.87,9.71,54.8,1.013
ELP-DFW,ELP,DFW,551.0,2571,4,78.0,15.12,58.0,2.839
COU-DFW,COU,DFW,490.0,1244,3,82.89,7.67,32.0,2.733
SMX-PHX,SMX,PHX,494.0,405,1,84.0,4.62,58.2,1.235
SEA-IDA,SEA,IDA,566.0,367,1,80.49,4.15,37.4,0.272
DEN-GTF,DEN,GTF,623.0,728,2,77.76,8.08,54.7,0.549
ORD-AVP,ORD,AVP,632.0,843,2,73.66,10.63,56.0,2.491
ABQ-IAH,ABQ,IAH,744.0,474,2,91.68,-1.17,9.2,1.055
IAD-BDL,IAD,BDL,325.0,1077,2,86.45,0.69,21.6,1.857
FLL-IAH,FLL,IAH,966.0,2816,4,81.16,1.86,43.0,1.207
IAD-SFO,IAD,SFO,2418.0,2729,2,78.73,6.0,43.0,0.806
EWR-DFW,EWR,DFW,1372.0,3603,5,78.88,5.78,54.0,3.303
EWR-MIA,EWR,MIA,1085.0,3952,4,77.6,5.33,49.0,2.758
SAN-ORD,SAN,ORD,1723.0,3869,4,78.14,7.13,44.0,1.318
IAD-EWR,IAD,EWR,212.0,1532,2,76.19,14.71,49.0,2.611
SNA-ORD,SNA,ORD,1726.0,2189,2,76.61,8.07,48.2,1.233
PDX-ORD,PDX,ORD,1739.0,2808,3,78.97,6.2,36.0,0.997
EWR-SRQ,EWR,SRQ,1034.0,929,2,78.78,3.74,46.0,2.368
SFO-EWR,SFO,EWR,2565.0,4371,2,76.94,6.21,60.0,2.036
EWR-STL,EWR,STL,872.0,1074,2,83.53,-2.61,39.0,4.842
ORD-MIA,ORD,MIA,1197.0,4452,4,74.05,10.44,57.0,1.954
MCO-SFO,MCO,SFO,2446.0,1409,3,78.53,2.79,43.9,0.426
IAH-PHX,IAH,PHX,1009.0,2960,5,79.05,8.39,47.0,0.743
IAH-SFO,IAH,SFO,1635.0,3598,1,78.14,4.12,44.0,0.472
SFO-RDU,SFO,RDU,2400.0,887,1,90.0,-6.08,14.1,0.451
LAS-IAH,LAS,IAH,1222.0,3432,3,84.04,3.03,31.0,0.903
ORD-EWR,ORD,EWR,719.0,6071,5,69.92,18.13,82.0,3.525
LAS-EWR,LAS,EWR,2227.0,2926,3,81.81,1.69,44.0,1.777
LAX-ORD,LAX,ORD,1744.0,7025,5,76.25,11.21,56.0,1.509
MCO-IAH,MCO,IAH,854.0,3627,3,82.5,0.26,41.0,0.965
RDU-EWR,RDU,EWR,416.0,1985,3,76.07,11.99,69.0,3.073
IAH-IAD,IAH,IAD,1190.0,1871,1,81.37,5.16,37.0,0.374
CHS-ORD,CHS,ORD,760.0,2106,6,77.72,8.58,43.8,2.517
IAD-LAX,IAD,LAX,2288.0,2472,3,83.71,-1.91,27.0,0.769
EWR-AUS,EWR,AUS,1504.0,2084,3,78.83,3.35,50.0,2.975
IAD-IAH,IAD,IAH,1190.0,1873,1,84.16,-0.73,27.0,0.427
SMF-ORD,SMF,ORD,1781.0,1342,2,78.96,8.78,41.0,1.416
IAH-SMF,IAH,SMF,1609.0,676,1,79.53,1.19,39.0,0.148
SAV-EWR,SAV,EWR,708.0,1111,3,78.28,13.95,67.3,3.42
IAD-MSY,IAD,MSY,955.0,631,3,86.1,-0.29,29.5,0.634
SAT-IAD,SAT,IAD,1362.0,641,1,93.68,-3.6,7.0,0.624
SAT-EWR,SAT,EWR,1569.0,575,1,85.71,0.42,24.4,1.043
SFO-MCO,SFO,MCO,2446.0,1407,3,86.06,-5.43,23.0,0.355
RSW-IAH,RSW,IAH,861.0,875,1,88.4,-5.99,21.0,0.343
FLL-ORD,FLL,ORD,1182.0,3464,6,68.91,20.17,76.0,1.732
DFW-EWR,DFW,EWR,1372.0,3605,5,71.72,16.12,76.0,3.273
TPA-LAX,TPA,LAX,2158.0,1193,3,83.91,-1.43,27.0,0.922
IAH-CVG,IAH,CVG,871.0,691,3,75.0,9.09,51.0,0.868
BOS-IAD,BOS,IAD,412.0,1516,2,83.51,5.31,34.0,2.704
IAD-DFW,IAD,DFW,1172.0,1951,4,77.47,11.45,55.0,1.948
MIA-EWR,MIA,EWR,1085.0,3951,4,71.98,14.92,74.0,2.708
DEN-RDM,DEN,RDM,898.0,727,1,71.53,9.86,40.1,0.275
MIA-ORD,MIA,ORD,1197.0,4450,4,71.15,14.79,68.0,2.0
HNL-SFO,HNL,SFO,2398.0,2465,3,80.82,4.2,29.0,1.055
AUS-EWR,AUS,EWR,1504.0,2081,3,76.08,13.93,69.4,3.123
BNA-EWR,BNA,EWR,748.0,1877,3,75.04,11.9,66.0,2.93
PNS-ORD,PNS,ORD,794.0,727,5,78.38,13.29,68.0,2.613
SRQ-ORD,SRQ,ORD,1050.0,999,4,68.65,20.87,72.0,1.702
TPA-SFO,TPA,SFO,2393.0,699,1,81.32,2.48,35.0,0.286
PWM-EWR,PWM,EWR,284.0,1082,2,83.38,3.12,35.0,3.697
MIA-IAD,MIA,IAD,922.0,625,2,83.06,1.09,33.2,0.64
SFO-KOA,SFO,KOA,2368.0,1151,2,86.72,-4.8,19.6,0.261
IAD-RDU,IAD,RDU,225.0,1300,2,83.2,5.33,29.0,1.308
CLE-IAH,CLE,IAH,1091.0,824,1,90.77,-10.23,12.8,0.0
SFO-MSY,SFO,MSY,1911.0,524,2,83.52,2.25,43.9,0.191
CLE-IAD,CLE,IAD,287.0,1046,2,87.25,5.52,20.6,1.052
SFO-CMH,SFO,CMH,2120.0,322,1,77.29,4.43,42.2,0.621
IAH-SNA,IAH,SNA,1346.0,1092,1,87.53,-5.94,19.0,0.0
DFW-IAD,DFW,IAD,1172.0,1952,4,77.98,9.75,51.9,1.998
LAS-IAD,LAS,IAD,2065.0,1078,2,86.28,-4.96,23.0,0.557
SFO-LIH,SFO,LIH,2446.0,897,2,88.94,-8.31,17.0,0.0
SFO-IND,SFO,IND,1943.0,524,1,80.81,0.93,40.0,0.191
SLC-IAD,SLC,IAD,1827.0,712,2,86.71,-0.66,24.0,1.545
CMH-SFO,CMH,SFO,2120.0,322,1,64.06,26.05,100.2,0.621
DEN-HNL,DEN,HNL,3365.0,639,1,76.98,8.04,41.3,0.313
HNL-DEN,HNL,DEN,3365.0,639,1,86.61,-1.46,20.0,0.469
ORD-HNL,ORD,HNL,4243.0,540,2,71.75,10.41,47.0,0.185
CLE-RSW,CLE,RSW,1025.0,934,3,83.04,1.23,40.0,1.071
FLL-CLE,FLL,CLE,1062.0,1239,4,77.46,8.64,55.0,2.179
IAD-ORF,IAD,ORF,158.0,689,2,81.78,6.16,33.0,2.032
IND-IAD,IND,IAD,476.0,993,2,85.9,0.38,22.2,1.309
IAD-IND,IAD,IND,476.0,989,2,83.76,4.08,32.0,1.011
DFW-ABQ,DFW,ABQ,569.0,2275,3,67.62,17.82,66.0,2.945
CVG-DFW,CVG,DFW,812.0,1708,5,74.59,10.19,58.0,3.162
PHX-RDM,PHX,RDM,893.0,840,3,86.52,-2.76,19.0,0.357
EUG-PHX,EUG,PHX,952.0,624,3,87.44,3.06,21.0,0.0
LGA-ROA,LGA,ROA,405.0,347,1,70.69,11.9,81.0,4.323
MIA-TYS,MIA,TYS,724.0,487,3,76.81,4.66,41.8,0.616
MIA-CLE,MIA,CLE,1080.0,870,4,71.35,10.6,61.0,1.034
DCA-EYW,DCA,EYW,1023.0,590,3,81.28,-1.3,34.0,1.695
CAE-LGA,CAE,LGA,617.0,615,1,80.07,8.29,60.8,5.691
PHL-CHS,PHL,CHS,550.0,1089,4,77.09,9.53,60.0,2.204
BOS-CMH,BOS,CMH,640.0,2003,3,80.49,2.81,50.0,2.596
CMH-BOS,CMH,BOS,640.0,2005,3,82.8,-1.06,40.0,2.145
LGA-AVL,LGA,AVL,599.0,445,1,77.43,5.34,44.0,5.169
CLE-LGA,CLE,LGA,419.0,1796,2,76.46,10.44,63.0,5.401
RDU-LGA,RDU,LGA,431.0,2595,4,70.04,16.59,77.1,5.549
PIT-MIA,PIT,MIA,1013.0,712,4,80.48,5.06,38.0,1.264
PHL-EYW,PHL,EYW,1122.0,493,2,83.37,-1.21,31.0,2.84
GSP-MIA,GSP,MIA,637.0,726,2,80.2,5.68,32.0,1.24
JFK-CLE,JFK,CLE,425.0,678,2,80.0,4.41,47.1,3.982
BUF-LGA,BUF,LGA,292.0,1758,1,78.22,9.13,55.0,4.835
LGA-BUF,LGA,BUF,292.0,1758,1,75.96,6.89,58.0,5.461
MIA-DCA,MIA,DCA,919.0,3956,4,75.25,9.16,55.0,1.795
PIT-RDU,PIT,RDU,328.0,720,2,85.67,-1.58,26.0,1.111
ORD-BGR,ORD,BGR,978.0,697,5,77.27,10.37,65.7,1.722
BOS-IND,BOS,IND,818.0,2022,4,81.58,-0.41,37.0,2.423
EYW-LGA,EYW,LGA,1207.0,359,2,71.65,17.93,79.0,6.685
HHH-DCA,HHH,DCA,501.0,330,2,81.56,3.92,50.1,2.121
LGA-SDF,LGA,SDF,659.0,1036,3,80.92,-1.98,43.0,3.668
CLT-LGA,CLT,LGA,544.0,4253,4,72.43,15.06,68.0,4.115
MKE-LGA,MKE,LGA,738.0,840,1,81.79,3.64,45.4,6.786
IND-EWR,IND,EWR,645.0,2223,3,85.06,-1.12,29.0,4.049
DTW-EWR,DTW,EWR,488.0,3705,4,76.55,8.43,61.0,4.804
ROC-EWR,ROC,EWR,246.0,600,2,81.45,2.59,45.0,5.5
EWR-SDF,EWR,SDF,642.0,992,3,81.28,0.84,43.1,5.141
RIC-EWR,RIC,EWR,277.0,562,1,72.14,15.96,74.0,6.762
ILM-EWR,ILM,EWR,488.0,386,1,85.98,-5.13,22.0,3.368
EWR-RIC,EWR,RIC,277.0,485,1,85.43,-3.57,30.1,5.155
EYW-ORD,EYW,ORD,1251.0,775,3,68.51,20.45,80.8,1.548
EWR-ILM,EWR,ILM,488.0,387,1,79.78,0.86,32.5,5.426
CVG-IAD,CVG,IAD,388.0,585,2,87.3,1.15,24.0,1.709
PHL-MCI,PHL,MCI,1038.0,908,3,75.03,7.29,57.0,3.634
CLT-CLE,CLT,CLE,430.0,1790,4,74.2,11.65,58.0,2.123
MCI-PHL,MCI,PHL,1038.0,906,3,82.34,8.27,40.9,3.753
OMA-CLT,OMA,CLT,913.0,1003,2,84.38,2.66,37.0,1.496
CID-DCA,CID,DCA,801.0,363,4,74.4,9.27,49.0,6.336
CLT-TUL,CLT,TUL,842.0,690,2,76.76,7.65,53.1,1.304
CVG-PHX,CVG,PHX,1569.0,607,3,80.1,9.72,41.6,0.659
PHX-LIT,PHX,LIT,1136.0,306,2,76.97,7.14,39.0,0.654
LAX-IND,LAX,IND,1814.0,864,5,79.56,10.02,51.5,0.579
DFW-SAN,DFW,SAN,1171.0,3669,3,63.74,19.82,73.0,2.617
MCO-CLT,MCO,CLT,468.0,4739,3,78.46,8.73,53.0,1.751
PHL-RSW,PHL,RSW,993.0,1331,2,72.95,13.76,59.0,2.78
JFK-MIA,JFK,MIA,1089.0,4529,3,77.13,10.04,60.0,2.848
MIA-DTW,MIA,DTW,1145.0,1774,6,72.7,14.08,54.4,1.409
AUS-PHL,AUS,PHL,1431.0,1166,3,76.25,32.41,75.0,1.887
MCO-TTN,MCO,TTN,896.0,540,1,74.27,9.25,57.0,3.519
MIA-SJU,MIA,SJU,1045.0,2638,3,75.5,11.41,56.9,0.91
DFW-TPA,DFW,TPA,929.0,2907,4,66.9,16.99,72.0,3.165
JAX-DFW,JAX,DFW,917.0,1833,2,77.58,10.78,58.0,2.837
DFW-JAX,DFW,JAX,917.0,1834,2,63.0,22.05,78.0,2.672
CLT-DFW,CLT,DFW,935.0,3868,3,77.75,6.91,46.0,2.43
DFW-RDU,DFW,RDU,1061.0,2265,5,70.6,14.91,65.0,2.605
CLT-TPA,CLT,TPA,507.0,3106,3,76.36,8.04,48.0,1.642
CLT-MIA,CLT,MIA,650.0,3718,3,76.61,10.54,49.0,1.775
PAE-PHX,PAE,PHX,1133.0,578,2,82.75,1.93,31.3,0.865
MSP-DFW,MSP,DFW,852.0,3293,4,77.72,8.65,50.0,2.429
LAS-CVG,LAS,CVG,1678.0,675,3,83.13,1.84,31.4,1.333
DFW-TUS,DFW,TUS,813.0,2190,3,68.53,17.1,70.0,3.196
TUS-DFW,TUS,DFW,813.0,2189,3,80.31,11.71,50.3,3.518
TPA-DTW,TPA,DTW,983.0,2329,4,81.17,5.8,39.0,1.846
IND-DFW,IND,DFW,761.0,2048,5,80.04,9.79,48.0,2.734
LAS-PHL,LAS,PHL,2177.0,1488,3,81.82,0.91,34.0,1.411
SJU-DFW,SJU,DFW,2165.0,987,3,78.82,3.6,45.0,2.837
DFW-CHS,DFW,CHS,987.0,1224,4,70.4,13.89,69.0,2.288
SEA-DCA,SEA,DCA,2329.0,1092,2,82.18,-2.6,39.0,1.465
PDX-DCA,PDX,DCA,2350.0,363,1,85.56,-8.27,23.0,0.275
JFK-PDX,JFK,PDX,2454.0,914,2,73.65,7.83,49.9,2.079
BET-ANC,BET,ANC,399.0,723,1,71.04,9.56,48.0,3.043
KTN-SEA,KTN,SEA,680.0,1304,1,84.02,-0.8,30.0,2.607
ANC-JNU,ANC,JNU,571.0,1230,1,87.25,-1.61,24.0,0.325
WRG-KTN,WRG,KTN,82.0,362,1,84.93,-6.06,25.2,3.315
JNU-ANC,JNU,ANC,571.0,1230,1,83.81,0.71,37.9,2.927
SEA-KTN,SEA,KTN,680.0,1303,1,78.33,4.09,36.0,0.153
JNU-SEA,JNU,SEA,909.0,1590,2,80.73,4.42,31.0,1.761
KTN-SIT,KTN,SIT,183.0,365,1,73.18,8.58,48.4,4.658
SCC-ANC,SCC,ANC,626.0,513,1,90.2,-8.49,14.0,2.534
OME-ANC,OME,ANC,539.0,372,1,82.91,-1.22,32.4,4.032
ANC-OME,ANC,OME,539.0,371,1,78.43,3.75,36.0,3.774
LAX-ANC,LAX,ANC,2345.0,389,2,87.37,-6.65,19.0,0.0
ANC-LAX,ANC,LAX,2345.0,389,2,90.49,-7.62,14.0,0.0
OGG-SAN,OGG,SAN,2540.0,877,2,78.06,1.8,35.4,1.482
PDX-SNA,PDX,SNA,859.0,1550,1,90.8,-5.14,13.0,1.097
ABQ-SEA,ABQ,SEA,1180.0,548,2,84.01,-3.87,26.7,0.73
ONT-HNL,ONT,HNL,2603.0,423,2,86.73,-2.55,19.0,0.236
SEA-ABQ,SEA,ABQ,1180.0,548,2,79.08,0.48,35.0,0.547
PDX-BOS,PDX,BOS,2537.0,671,2,78.79,3.64,33.0,1.341
MKE-SEA,MKE,SEA,1694.0,509,1,80.24,0.1,24.5,0.393
MIA-PDX,MIA,PDX,2700.0,341,2,73.87,11.97,57.0,1.466
BUR-SEA,BUR,SEA,937.0,1617,2,83.9,-1.01,29.0,2.412
SEA-CVG,SEA,CVG,1965.0,793,2,84.65,-4.6,24.0,0.883
GEG-SAN,GEG,SAN,1027.0,419,2,88.19,-5.12,17.6,0.716
OGG-DFW,OGG,DFW,3710.0,500,1,79.06,15.21,45.4,1.8
SRQ-DFW,SRQ,DFW,945.0,373,3,61.16,30.24,102.8,2.681
RIC-MIA,RIC,MIA,826.0,585,3,80.91,8.27,45.0,2.051
KOA-PHX,KOA,PHX,2860.0,384,1,94.2,-4.01,8.0,1.042
LAX-MIA,LAX,MIA,2342.0,3255,2,78.06,5.83,38.0,0.768
DFW-ILM,DFW,ILM,1106.0,708,2,62.87,25.58,103.7,3.107
MIA-ILM,MIA,ILM,601.0,456,3,78.3,4.05,49.4,1.754
DCA-RSW,DCA,RSW,892.0,831,3,75.66,9.59,48.0,2.527
DFW-MTJ,DFW,MTJ,722.0,579,3,79.4,7.53,45.6,2.418
PHX-DCA,PHX,DCA,1979.0,1086,1,83.0,1.24,31.0,1.473
SFO-CLT,SFO,CLT,2296.0,1499,1,84.51,5.03,31.0,1.201
DFW-JAC,DFW,JAC,1047.0,749,1,62.17,28.08,93.4,2.136
ORF-DFW,ORF,DFW,1212.0,979,3,72.52,23.01,61.0,2.86
DFW-RIC,DFW,RIC,1158.0,1078,2,69.4,16.98,70.0,2.319
DFW-GEG,DFW,GEG,1477.0,559,1,61.79,25.84,77.8,1.789
SAN-PHL,SAN,PHL,2370.0,1046,1,87.94,-1.49,21.0,1.434
CLT-SAT,CLT,SAT,1095.0,1379,1,76.63,6.27,53.0,1.668
LAX-PHL,LAX,PHL,2402.0,2398,2,79.09,5.58,38.0,1.46
DFW-PSP,DFW,PSP,1126.0,997,1,70.4,12.44,60.0,3.109
DFW-SAV,DFW,SAV,925.0,1028,3,65.3,23.22,80.3,2.626
DFW-SBA,DFW,SBA,1316.0,364,2,81.84,3.79,36.3,1.374
SAT-MIA,SAT,MIA,1143.0,483,2,88.66,0.61,18.0,0.828
SAN-MIA,SAN,MIA,2267.0,649,1,84.33,11.88,24.3,1.387
PBI-DFW,PBI,DFW,1102.0,1144,1,71.73,13.91,65.0,2.885
RSW-DFW,RSW,DFW,1017.0,1341,2,76.72,14.92,61.0,2.759
DFW-EYW,DFW,EYW,1089.0,332,1,61.99,32.31,137.0,2.41
CLT-EYW,CLT,EYW,736.0,1259,2,81.73,3.18,34.6,2.303
CLT-SFO,CLT,SFO,2296.0,1500,1,65.0,12.76,60.0,1.267
DFW-GSO,DFW,GSO,999.0,927,2,66.93,19.8,81.0,2.805
SNA-CLT,SNA,CLT,2099.0,364,1,90.48,-5.51,13.0,1.374
MIA-SAN,MIA,SAN,2267.0,649,1,75.39,2.66,48.0,1.079
BUF-CLT,BUF,CLT,546.0,1165,2,78.93,11.38,49.0,1.717
DFW-SYR,DFW,SYR,1336.0,327,1,55.7,27.04,83.5,3.364
PHX-XNA,PHX,XNA,1023.0,825,3,84.41,-0.87,26.0,0.364
DFW-BZN,DFW,BZN,1163.0,712,1,70.06,13.82,58.6,1.966
STT-CLT,STT,CLT,1520.0,610,1,86.6,-2.18,28.4,1.803
CLT-SNA,CLT,SNA,2099.0,364,1,74.65,6.68,50.2,1.374
DFW-BUR,DFW,BUR,1231.0,728,1,67.23,12.48,63.0,2.747
JAX-PHX,JAX,PHX,1785.0,324,1,88.2,5.67,18.0,0.617
SDF-MIA,SDF,MIA,910.0,429,3,82.42,13.4,38.0,1.632
DFW-SBP,DFW,SBP,1360.0,360,2,76.84,4.59,58.0,1.389
MDT-DFW,MDT,DFW,1231.0,365,1,82.67,9.21,40.8,3.288
SNA-BOI,SNA,BOI,688.0,359,2,85.88,2.51,20.7,1.114
HNL-JFK,HNL,JFK,4983.0,659,3,81.52,-1.7,32.0,1.669
LGB-OGG,LGB,OGG,2498.0,370,3,92.37,-3.4,7.0,0.541
ITO-OGG,ITO,OGG,121.0,318,3,87.11,2.59,19.0,0.0
LIH-KOA,LIH,KOA,263.0,365,2,78.63,11.46,33.6,0.0
OGG-ITO,OGG,ITO,121.0,316,3,70.16,11.45,38.0,0.0
MSY-MSP,MSY,MSP,1040.0,440,1,83.45,5.86,30.2,2.5
ATL-ATW,ATL,ATW,765.0,366,1,79.21,7.5,35.0,1.913
ATL-GRB,ATL,GRB,774.0,366,1,76.84,5.84,36.7,1.913
SLC-FLL,SLC,FLL,2084.0,375,2,79.46,5.01,26.4,0.533
PSP-MSP,PSP,MSP,1454.0,314,1,81.05,-0.33,31.5,2.229
GEG-ATL,GEG,ATL,1969.0,537,1,85.47,-6.46,25.1,1.117
SAT-BOS,SAT,BOS,1764.0,356,1,60.47,26.85,102.7,2.247
BOI-ATL,BOI,ATL,1838.0,545,1,84.64,-1.49,28.7,1.468
SAV-MSP,SAV,MSP,1092.0,329,1,80.62,2.06,34.2,0.912
BOS-SAT,BOS,SAT,1764.0,356,1,77.01,7.85,65.9,2.247
AVL-SFB,AVL,SFB,465.0,516,1,74.22,22.5,81.7,0.581
BLV-VPS,BLV,VPS,587.0,394,1,66.24,30.39,90.0,0.761
SRQ-CVG,SRQ,CVG,812.0,309,1,77.52,9.19,58.2,0.0
BLI-LAS,BLI,LAS,954.0,435,1,87.88,7.91,18.4,1.379
CVG-PGD,CVG,PGD,850.0,349,1,79.48,7.12,41.0,0.287
PGD-FNT,PGD,FNT,1111.0,336,1,69.16,13.58,63.7,0.298
AZA-FAR,AZA,FAR,1220.0,372,1,86.83,-2.81,19.0,0.0
SFB-AVL,SFB,AVL,465.0,515,1,69.86,22.03,87.0,0.583
AZA-FSD,AZA,FSD,1072.0,371,1,83.15,-0.15,30.9,0.539
PVU-SNA,PVU,SNA,565.0,407,1,90.66,-4.61,13.0,0.0
MLU-DFW,MLU,DFW,293.0,1135,2,83.04,9.22,33.4,3.084
CWA-ORD,CWA,ORD,213.0,1004,2,79.23,4.51,48.0,3.984
ABI-DFW,ABI,DFW,158.0,1750,1,82.97,4.3,32.0,2.171
DFW-ABI,DFW,ABI,158.0,1750,1,81.65,5.02,36.0,2.171
PNS-MIA,PNS,MIA,530.0,1210,2,81.27,4.43,33.0,1.157
BRO-DFW,BRO,DFW,482.0,1423,2,86.42,1.54,27.0,2.46
DFW-BMI,DFW,BMI,690.0,727,1,82.66,4.07,31.0,1.513
DFW-BRO,DFW,BRO,482.0,1423,2,84.42,-0.96,26.5,2.46
CLD-PHX,CLD,PHX,306.0,868,1,87.15,0.33,28.5,1.267
DFW-FSM,DFW,FSM,227.0,1194,1,83.69,1.96,32.2,2.68
ORD-MQT,ORD,MQT,303.0,744,1,74.57,19.38,63.1,4.973
DFW-BIS,DFW,BIS,977.0,727,1,80.53,2.38,31.2,1.1
CMI-DFW,CMI,DFW,692.0,719,1,86.31,-1.96,36.0,2.086
HHH-CLT,HHH,CLT,206.0,1164,1,88.37,-3.64,19.0,1.632
BIL-DFW,BIL,DFW,1081.0,691,1,84.24,-2.52,28.2,0.579
DFW-BIL,DFW,BIL,1081.0,691,1,80.7,2.88,35.7,0.868
MSO-DFW,MSO,DFW,1320.0,435,2,82.27,10.15,30.8,1.149
ATW-DFW,ATW,DFW,908.0,426,1,89.16,-4.99,17.0,1.643
DFW-TRI,DFW,TRI,868.0,705,2,83.04,2.62,34.7,2.695
GNV-DFW,GNV,DFW,900.0,703,2,85.22,-3.12,31.1,1.422
ORD-ALO,ORD,ALO,234.0,656,2,73.48,14.2,70.5,4.116
ALO-ORD,ALO,ORD,234.0,656,2,72.38,19.39,74.2,3.659
DFW-MSO,DFW,MSO,1320.0,435,2,72.6,7.56,44.8,1.149
MCO-ACY,MCO,ACY,852.0,520,1,69.82,13.55,62.4,5.962
ACY-TPA,ACY,TPA,914.0,304,1,82.94,0.59,33.0,3.289
ATL-OAJ,ATL,OAJ,399.0,621,1,74.34,26.97,70.4,2.738
DTW-BTV,DTW,BTV,537.0,338,2,66.77,27.7,104.0,2.071
EWR-CVG,EWR,CVG,569.0,553,2,83.87,-0.37,35.0,4.702
CVG-EWR,CVG,EWR,569.0,514,2,90.24,-4.08,13.9,3.891
LGA-ACK,LGA,ACK,202.0,412,2,81.77,-2.02,33.6,3.398
LGA-MVY,LGA,MVY,175.0,321,1,90.13,-10.54,13.0,1.869
GSP-EWR,GSP,EWR,594.0,776,1,85.95,-1.06,29.1,4.639
