year_month,airport_code,airport_name,state,scheduled_departures,on_time_arrival_pct,dep_delay_rate_pct,avg_dep_delay_min,avg_taxi_out_min,cancellation_rate_pct
2025-08,BDL,Bradley International Airport,CT,2056,78.8,19.43,13.15,14.22,1.119
2025-08,DTW,Detroit Metropolitan Wayne County Airport,MI,10916,81.3,18.08,10.11,16.86,0.577
2025-08,MSY,Louis Armstrong New Orleans International Airport,LA,3739,80.22,20.31,13.71,13.07,1.097
2025-08,TPA,Tampa International Airport,FL,6171,74.63,23.76,15.45,17.05,0.697
2025-08,PIT,Pittsburgh International Airport,PA,3841,82.61,17.08,9.49,13.96,1.198
2025-08,MEM,Frederick W. Smith International Airport,TN,2191,80.58,17.8,11.94,15.06,1.552
2025-08,MIA,Miami International Airport,FL,8731,67.59,31.45,22.86,21.24,0.859
2025-08,CLE,Cleveland Hopkins International Airport,OH,3492,81.77,17.41,9.89,14.89,1.804
2025-08,MYR,Myrtle Beach International Airport,SC,1683,78.33,22.54,14.04,13.22,0.891
2025-08,LBE,Arnold Palmer Regional Airport,PA,60,70.0,28.33,8.58,11.48,0.0
2025-08,MSP,Minneapolis–Saint Paul International Airport / Wold–Chamberlain Field,MN,10305,81.47,18.58,10.27,16.49,0.466
2025-08,ACY,Atlantic City International Airport,NJ,346,81.52,18.95,11.16,11.65,0.867
2025-08,PBI,President Donald J. Trump International Airport,FL,2008,75.25,24.79,19.72,14.88,1.145
2025-08,RNO,Reno Tahoe International Airport,NV,1925,81.86,17.42,10.58,16.06,0.675
2025-08,ORF,Norfolk International Airport,VA,1816,80.73,17.76,10.32,15.49,1.377
2025-08,SNA,John Wayne Orange County International Airport,CA,3918,80.6,19.68,12.18,16.41,1.021
2025-08,OKC,OKC Will Rogers World Airport,OK,2092,79.26,18.08,9.78,15.32,1.386
2025-08,FWA,Fort Wayne International Airport,IN,541,74.81,19.73,14.76,18.25,2.588
2025-08,MHT,Manchester-Boston Regional Airport,NH,573,79.78,16.43,10.34,14.06,2.269
2025-08,IAD,Washington Dulles International Airport,VA,5201,81.0,16.8,10.2,21.3,0.788
2025-08,CRW,Yeager Airport,WV,254,75.4,18.88,20.62,20.15,1.969
2025-08,ICT,Wichita Dwight D. Eisenhower National Airport,KS,1047,76.74,19.75,13.85,14.93,2.292
2025-08,PVD,Rhode Island T. F. Green International Airport,RI,1382,81.98,17.41,11.09,13.99,1.085
2025-08,BUF,Buffalo Niagara International Airport,NY,1886,78.89,22.17,16.81,13.29,1.007
2025-08,ALB,Albany International Airport,NY,1130,79.46,19.0,14.72,13.75,1.239
2025-08,JAN,Jackson-Medgar Wiley Evers International Airport,MS,555,84.43,16.79,7.78,14.03,1.261
2025-08,TLH,Tallahassee International Airport,FL,401,79.04,17.17,8.41,16.1,1.247
2025-08,LFT,Lafayette Regional Airport,LA,245,77.92,21.9,15.47,16.9,1.224
2025-08,GSO,Piedmont Triad International Airport,NC,868,82.43,16.8,8.55,14.92,1.959
2025-08,MLI,Quad City International Airport,IL,356,77.46,19.02,15.26,15.73,2.528
2025-08,SYR,Syracuse Hancock International Airport,NY,887,80.48,17.61,9.9,15.08,2.029
2025-08,TUS,Tucson International Airport,AZ,1401,83.72,15.19,9.63,15.19,0.857
2025-08,SEA,Seattle–Tacoma International Airport,WA,15970,73.57,24.79,11.82,23.4,0.664
2025-08,PDX,Portland International Airport,OR,5685,80.93,16.4,8.33,16.65,0.668
2025-08,RAP,Rapid City Regional Airport,SD,560,69.96,22.24,16.12,21.13,1.25
2025-08,KOA,Ellison Onizuka Kona International Airport at Keāhole,HI,1343,90.72,9.26,2.3,11.97,0.298
2025-08,SBA,Santa Barbara Municipal Airport,CA,704,77.59,19.29,10.88,15.89,0.568
2025-08,COS,City of Colorado Springs Municipal Airport,CO,1237,75.51,23.25,17.66,20.56,0.889
2025-08,BOI,Boise Air Terminal/Gowen Field,ID,2025,83.34,14.9,6.2,16.68,0.247
2025-08,FAR,Hector International Airport,ND,628,76.21,20.51,15.85,16.04,0.637
2025-08,OGG,Kahului International Airport,HI,2145,89.29,9.99,3.28,10.33,0.606
2025-08,FSD,Sioux Falls Regional Airport,SD,589,71.01,24.31,26.74,16.84,1.528
2025-08,DRO,Durango La Plata County Airport,CO,409,75.62,22.41,18.53,20.51,0.733
2025-08,HDN,Yampa Valley Airport,CO,125,68.29,29.84,18.31,25.81,0.8
2025-08,SIT,Sitka Rocky Gutierrez Airport,AK,143,67.86,26.76,6.87,13.69,0.699
2025-08,CDV,Merle K (Mudhole) Smith Airport,AK,62,75.81,30.65,6.37,11.0,0.0
2025-08,WRG,Wrangell Airport,AK,62,77.05,21.31,11.11,7.31,1.613
2025-08,PAE,Seattle Paine Field International Airport,WA,81,75.64,20.51,15.92,14.4,3.704
2025-08,PQI,Presque Isle International Airport,ME,31,100.0,0.0,-7.94,6.71,0.0
2025-08,ISP,Long Island MacArthur Airport,NY,403,71.93,27.61,20.21,11.91,0.248
2025-09,DFW,Dallas Fort Worth International Airport,TX,25641,77.43,22.54,14.61,19.51,1.872
2025-09,SGF,Springfield Branson National Airport,MO,799,80.53,15.79,6.05,16.8,0.125
2025-09,MCI,Kansas City International Airport,MO,3928,81.98,16.35,7.58,16.03,0.331
2025-09,CWA,Central Wisconsin Airport,WI,85,85.88,14.12,6.72,12.38,0.0
2025-09,LIT,Bill & Hillary Clinton National Airport/Adams Field,AR,1058,85.06,14.18,7.66,14.95,0.662
2025-09,AZO,Kalamazoo/Battle Creek International Airport,MI,171,90.59,10.0,-0.06,15.27,0.585
2025-09,BIL,Billings Logan International Airport,MT,458,86.4,10.5,0.52,15.87,0.218
2025-09,ICT,Wichita Dwight D. Eisenhower National Airport,KS,956,82.26,15.7,6.76,15.45,0.732
2025-09,MLU,Monroe Regional Airport,LA,90,86.52,13.48,37.93,15.99,1.111
2025-09,TUS,Tucson International Airport,AZ,1371,84.59,14.9,8.96,15.2,1.094
2025-09,RAP,Rapid City Regional Airport,SD,496,83.81,13.36,4.82,17.44,0.403
2025-09,EYW,Key West International Airport,FL,439,86.47,13.47,5.1,14.17,0.228
2025-09,SAV,Savannah Hilton Head International Airport,GA,1553,84.42,16.87,8.41,15.22,0.773
2025-09,HHH,Hilton Head Airport,SC,220,91.67,9.63,1.23,16.37,0.909
2025-09,MEM,Frederick W. Smith International Airport,TN,2059,87.52,12.07,4.27,14.74,0.194
2025-09,MSN,Dane County Regional Truax Field,WI,1162,83.26,12.54,8.48,16.36,0.516
2025-09,AVP,Wilkes-Barre/Scranton International Airport,PA,146,89.04,9.59,-2.33,14.8,0.0
2025-09,GGG,East Texas Regional Airport,TX,60,86.44,15.25,9.08,13.37,1.667
2025-09,SPI,Abraham Lincoln Capital Airport,IL,57,83.93,19.64,11.75,11.48,1.754
2025-09,ATL,Hartsfield Jackson Atlanta International Airport,GA,25839,86.53,13.32,4.4,15.5,0.074
2025-09,ILM,Wilmington International Airport,NC,698,87.1,13.62,5.13,16.17,1.146
2025-09,GSP,Greenville-Spartanburg International Airport,SC,1148,89.12,10.51,3.02,15.41,0.523
2025-09,TPA,Tampa International Airport,FL,5502,87.1,13.28,6.45,15.29,0.218
2025-09,ALB,Albany International Airport,NY,989,86.67,12.08,5.05,12.62,0.404
2025-09,FAY,Fayetteville Regional Airport - Grannis Field,NC,57,96.49,15.79,5.79,13.47,0.0
2025-09,LRD,Laredo International Airport,TX,129,82.54,14.96,9.97,14.32,1.55
2025-09,DTW,Detroit Metropolitan Wayne County Airport,MI,10014,87.08,11.96,4.7,17.02,0.19
2025-09,GCK,Garden City Regional Airport,KS,60,87.93,13.56,3.68,12.97,1.667
2025-09,YUM,Yuma International Airport / Marine Corps Air Station Yuma,AZ,119,87.93,18.8,13.9,15.42,1.681
2025-09,MTJ,Montrose Regional Airport,CO,174,74.14,21.26,20.88,18.64,0.0
2025-09,SLC,Salt Lake City International Airport,UT,9344,88.17,11.27,3.53,17.09,0.193
2025-09,SAN,San Diego International Airport,CA,7875,81.88,20.78,12.35,22.11,1.371
2025-09,IAD,Washington Dulles International Airport,VA,4815,86.75,11.22,4.57,20.39,0.27
2025-09,PSC,Tri Cities Airport,WA,488,91.19,8.61,3.25,16.2,0.0
2025-09,SNA,John Wayne Orange County International Airport,CA,3751,84.66,16.63,7.0,16.64,0.587
2025-09,EGE,Eagle County Regional Airport,CO,158,74.84,19.23,13.87,22.38,1.266
2025-09,ONT,Ontario International Airport,CA,2177,84.79,15.14,8.69,14.55,0.505
2025-09,BZN,Bozeman Yellowstone International Airport,MT,1081,86.69,13.73,4.77,15.96,0.278
2025-09,KOA,Ellison Onizuka Kona International Airport at Keāhole,HI,1234,93.39,6.92,0.36,11.68,0.486
2025-09,LIH,Lihue Airport,HI,1228,90.74,8.51,0.68,10.25,0.489
2025-09,MFR,Rogue Valley International-Medford Airport,OR,369,86.99,10.03,0.95,17.19,0.0
2025-09,PVD,Rhode Island T. F. Green International Airport,RI,1318,83.93,13.26,6.13,14.5,0.455
2025-09,DRO,Durango La Plata County Airport,CO,346,77.35,23.62,14.52,19.69,0.867
2025-09,FAI,Fairbanks International Airport,AK,359,86.59,7.54,-2.23,14.2,0.279
2025-09,ABE,Lehigh Valley International Airport,PA,243,89.63,8.26,-0.82,14.07,0.412
2025-09,VPS,Destin-Fort Walton Beach Airport,FL,801,89.32,10.78,6.21,15.53,0.375
2025-09,OAJ,Albert J Ellis Airport,NC,30,100.0,0.0,-6.5,18.7,0.0
2025-09,DAL,Dallas Love Field,TX,5518,81.95,21.32,10.39,13.36,0.127
2025-09,MDW,Chicago Midway International Airport,IL,6459,84.05,18.14,7.5,14.9,0.062
2025-09,BET,Bethel Airport,AK,60,76.27,22.03,7.61,11.36,1.667
2025-09,SCC,Deadhorse Airport,AK,44,93.18,2.27,-15.05,10.0,0.0
2025-09,DLG,Dillingham Airport,AK,30,83.33,20.0,-1.87,10.93,0.0
2025-09,ADK,Adak Airport,AK,8,66.67,33.33,35.67,11.33,25.0
2025-09,ACK,Nantucket Memorial Airport,MA,177,69.54,25.71,12.06,19.72,1.13
2025-09,MVY,Martha's Vineyard Airport,MA,91,84.27,12.22,12.89,15.97,1.099
2025-09,HYA,Cape Cod Gateway Airport,MA,36,91.67,11.11,-0.19,13.92,0.0
2025-09,FNT,Bishop International Airport,MI,267,80.45,15.79,12.44,14.36,0.375
2025-09,MOT,Minot International Airport,ND,254,83.86,11.81,1.67,18.7,0.0
2025-09,AZA,Mesa Gateway Airport,AZ,313,89.46,10.54,-1.76,13.5,0.0
2025-09,IDA,Idaho Falls Regional Airport,ID,387,82.2,16.06,13.7,19.53,0.258
2025-09,RFD,Chicago Rockford International Airport,IL,60,80.0,15.0,3.73,12.23,0.0
2025-09,IAG,Niagara Falls International Airport,NY,26,76.92,23.08,9.85,11.23,0.0
2025-09,CKB,North Central West Virginia Airport,WV,8,75.0,25.0,19.13,10.25,0.0
2025-10,LAS,Harry Reid International Airport,NV,15597,77.09,25.98,13.79,20.06,0.314
2025-10,IAD,Washington Dulles International Airport,VA,4854,84.64,12.48,5.95,20.63,0.268
2025-10,CID,The Eastern Iowa Airport,IA,714,82.58,15.57,5.2,14.4,0.14
2025-10,CHS,Charleston International Airport,SC,2149,79.53,20.99,12.97,15.66,0.465
2025-10,AUS,Austin Bergstrom International Airport,TX,7845,76.78,23.73,12.79,15.98,0.395
2025-10,SNA,John Wayne Orange County International Airport,CA,3871,82.91,19.91,10.99,16.04,0.594
2025-10,BNA,Nashville International Airport,TN,9841,75.37,27.84,14.64,16.22,0.417
2025-10,JAC,Jackson Hole Airport,WY,413,76.96,19.42,9.65,20.03,0.242
2025-10,CVG,Cincinnati Northern Kentucky International Airport,KY,2941,81.23,14.83,6.17,16.06,0.476
2025-10,TVC,Cherry Capital Airport,MI,489,72.9,20.9,14.81,15.96,0.204
2025-10,DTW,Detroit Metropolitan Wayne County Airport,MI,10950,85.33,13.5,6.16,16.68,0.274
2025-10,SBA,Santa Barbara Municipal Airport,CA,747,82.57,17.94,8.04,16.41,0.0
2025-10,MCI,Kansas City International Airport,MO,4214,80.3,17.76,8.8,15.68,0.332
2025-10,ABQ,Albuquerque International Sunport,NM,2383,84.06,18.03,10.12,13.56,0.378
2025-10,ALB,Albany International Airport,NY,1135,81.63,15.62,6.12,13.6,0.176
2025-10,GUM,Antonio B. Won Pat International Airport,TT,62,96.72,6.56,-5.25,14.84,1.613
2025-10,SPN,Saipan International Airport,TT,31,96.67,3.33,-10.7,9.97,3.226
2025-10,ANC,Ted Stevens Anchorage International Airport,AK,1448,86.63,12.42,4.03,14.88,1.588
2025-10,SMF,Sacramento International Airport,CA,4937,81.51,19.28,8.32,14.33,0.385
2025-10,FSD,Sioux Falls Regional Airport,SD,681,76.37,15.91,11.58,17.69,0.294
2025-10,XNA,Northwest Arkansas National Airport,AR,1154,83.09,14.34,4.4,16.11,0.867
2025-10,GTF,Great Falls International Airport,MT,175,88.51,10.34,6.87,17.51,0.571
2025-10,LIH,Lihue Airport,HI,1258,89.36,8.79,2.6,10.29,0.477
2025-10,RDM,Roberts Field,OR,556,86.8,10.83,0.97,19.08,0.36
2025-10,COS,City of Colorado Springs Municipal Airport,CO,1227,83.54,16.34,6.91,20.56,0.244
2025-10,TYS,McGhee Tyson Airport,TN,1277,74.19,22.88,13.51,16.93,0.392
2025-10,OKC,OKC Will Rogers World Airport,OK,2101,82.22,16.28,7.79,15.47,0.286
2025-10,GSP,Greenville-Spartanburg International Airport,SC,1199,83.85,16.97,7.16,15.8,0.25
2025-10,SDF,Louisville Muhammad Ali International Airport,KY,2089,83.98,16.08,6.86,15.09,0.574
2025-10,TUL,Tulsa International Airport,OK,1636,81.32,17.11,7.94,15.37,0.672
2025-10,PVD,Rhode Island T. F. Green International Airport,RI,1404,81.99,17.0,11.62,14.11,0.285
2025-10,DRO,Durango La Plata County Airport,CO,355,81.25,17.05,7.54,23.57,0.845
2025-10,EYW,Key West International Airport,FL,558,84.48,15.29,6.94,13.56,0.358
2025-10,DAL,Dallas Love Field,TX,6100,75.88,27.93,15.2,13.27,0.803
2025-10,ISP,Long Island MacArthur Airport,NY,365,84.76,19.01,9.71,11.25,0.548
2025-10,ITO,Hilo International Airport,HI,541,88.13,12.06,3.43,9.88,0.37
2025-10,LBB,Lubbock Preston Smith International Airport,TX,581,84.92,13.67,5.3,15.15,0.516
2025-10,MDW,Chicago Midway International Airport,IL,6536,80.18,22.02,9.26,14.4,0.168
2025-10,MHT,Manchester-Boston Regional Airport,NH,531,84.53,18.68,5.47,12.93,0.188
2025-10,OAK,Oakland San Francisco Bay Airport,CA,2771,79.62,24.13,11.36,12.49,0.253
2025-11,LAX,Los Angeles International Airport,CA,15422,79.66,19.45,10.83,19.11,1.777
2025-11,DEN,Denver International Airport,CO,25280,84.74,16.91,7.93,18.19,1.444
2025-11,CHS,Charleston International Airport,SC,2082,80.56,19.2,12.23,16.15,2.209
2025-11,EWR,Newark Liberty International Airport,NJ,10403,73.95,21.24,14.37,27.4,4.393
2025-11,SEA,Seattle–Tacoma International Airport,WA,12616,81.88,16.52,7.18,23.7,1.688
2025-11,SFO,San Francisco International Airport,CA,12022,78.58,20.2,11.56,21.4,1.863
2025-11,ATL,Hartsfield Jackson Atlanta International Airport,GA,25888,80.32,19.36,10.09,16.83,2.453
2025-11,CLT,Charlotte Douglas International Airport,NC,14945,81.13,19.28,10.91,20.67,1.452
2025-11,MEM,Frederick W. Smith International Airport,TN,1991,79.99,19.57,10.89,14.98,1.959
2025-11,PSP,Palm Springs International Airport,CA,1413,80.59,18.26,8.91,18.08,1.557
2025-11,TUL,Tulsa International Airport,OK,1571,83.79,15.4,7.17,15.76,2.482
2025-11,CLE,Cleveland Hopkins International Airport,OH,3237,78.85,18.38,11.74,17.76,2.348
2025-11,CMH,John Glenn Columbus International Airport,OH,3641,79.89,18.32,10.84,17.08,1.813
2025-11,MYR,Myrtle Beach International Airport,SC,880,81.97,18.27,9.21,14.5,2.955
2025-11,PIT,Pittsburgh International Airport,PA,3510,84.43,15.2,7.91,14.92,1.766
2025-11,PHL,Philadelphia International Airport,PA,7499,77.83,20.26,13.36,20.02,2.0
2025-11,TVC,Cherry Capital Airport,MI,390,71.55,21.82,15.71,22.38,7.179
2025-11,RNO,Reno Tahoe International Airport,NV,1615,82.39,15.39,6.29,17.57,1.858
2025-11,TPA,Tampa International Airport,FL,6421,81.28,18.86,11.12,16.66,2.414
2025-11,COS,City of Colorado Springs Municipal Airport,CO,1112,83.11,16.98,7.0,20.87,4.137
2025-11,SLC,Salt Lake City International Airport,UT,9197,86.53,13.19,5.49,18.0,1.718
2025-11,MFE,McAllen Miller International Airport,TX,414,81.57,16.46,9.09,15.93,1.691
2025-11,DSM,Des Moines International Airport,IA,1267,81.74,17.89,17.28,17.63,5.604
2025-11,MSY,Louis Armstrong New Orleans International Airport,LA,4314,81.09,19.79,12.6,13.8,1.275
2025-11,BOI,Boise Air Terminal/Gowen Field,ID,1956,83.64,14.52,11.1,17.42,1.431
2025-11,GUM,Antonio B. Won Pat International Airport,TT,60,81.36,18.64,1.8,14.19,1.667
2025-11,MDT,Harrisburg International Airport,PA,473,81.17,16.67,7.4,15.38,2.326
2025-11,JAC,Jackson Hole Airport,WY,237,90.31,6.61,-2.91,22.41,4.219
2025-11,BUF,Buffalo Niagara International Airport,NY,1742,77.97,20.91,14.1,17.73,2.526
2025-11,SRQ,Sarasota Bradenton International Airport,FL,1478,82.64,17.74,8.31,16.09,1.624
2025-11,BHM,Birmingham-Shuttlesworth International Airport,AL,1416,83.68,16.35,7.88,15.52,1.977
2025-11,MOB,Mobile Regional Airport,AL,143,88.06,11.11,8.62,13.54,5.594
2025-11,ECP,Northwest Florida Beaches International Airport,FL,608,85.95,16.69,7.32,13.27,1.48
2025-11,STX,Henry E. Rohlsen Airport,VI,113,78.57,25.0,8.68,13.88,0.885
2025-11,DAL,Dallas Love Field,TX,5799,76.38,26.92,14.78,14.16,2.707
2025-11,GNV,Gainesville Regional Airport,FL,229,89.59,10.41,0.41,12.76,3.493
2025-11,ROA,Roanoke–Blacksburg Regional Airport,VA,151,68.75,26.9,17.48,19.52,3.974
2025-11,DAB,Daytona Beach International Airport,FL,222,90.7,13.49,5.25,14.11,3.153
2025-11,CHA,Chattanooga Metropolitan Airport (Lovell Field),TN,446,79.95,19.31,13.43,18.29,2.466
2025-11,ATW,Appleton International Airport,WI,593,77.4,17.94,10.9,22.55,5.059
2025-11,CHO,Charlottesville Albemarle Airport,VA,212,81.44,18.56,13.92,18.98,8.491
2025-11,EYW,Key West International Airport,FL,736,79.66,22.77,12.0,14.76,3.94
2025-11,MDW,Chicago Midway International Airport,IL,5620,80.57,20.6,10.26,16.33,4.964
2025-11,FAI,Fairbanks International Airport,AK,264,84.23,9.23,-2.13,21.04,1.515
2025-11,ISP,Long Island MacArthur Airport,NY,395,77.24,19.18,10.61,12.68,1.013
2025-11,TTN,Trenton Mercer Airport,NJ,64,76.56,20.31,8.03,18.34,0.0
2025-11,AZA,Mesa Gateway Airport,AZ,547,83.3,16.36,5.99,14.81,0.548
2025-11,PIE,St. Petersburg Clearwater International Airport,FL,661,77.52,20.49,6.53,14.76,0.303
2025-11,LRD,Laredo International Airport,TX,129,78.99,16.81,13.45,17.65,7.752
2025-11,GRI,Central Nebraska Regional Airport,NE,78,65.33,28.95,18.3,20.66,2.564
2025-11,SBN,South Bend International Airport,IN,675,71.63,23.66,22.0,26.02,6.074
2025-11,STC,Saint Cloud Regional Airport,MN,13,61.54,15.38,12.85,13.92,0.0
2025-11,ABE,Lehigh Valley International Airport,PA,257,83.53,15.95,3.77,14.32,0.0
2025-11,RFD,Chicago Rockford International Airport,IL,69,63.77,26.09,16.61,13.9,0.0
2025-11,BLI,Bellingham International Airport,WA,173,93.04,7.59,-2.55,15.61,8.671
2025-11,CKB,North Central West Virginia Airport,WV,9,55.56,66.67,62.22,11.22,0.0
2025-11,EVV,Evansville Regional Airport,IN,165,80.13,9.55,0.47,18.84,4.848
2025-11,FAT,Fresno Yosemite International Airport,CA,1101,83.91,12.64,5.42,18.44,2.271
2025-11,CLD,McClellan-Palomar Airport,CA,60,84.75,13.56,6.54,17.73,1.667
2025-11,LBB,Lubbock Preston Smith International Airport,TX,544,82.08,15.79,10.9,16.08,2.206
2025-11,GCK,Garden City Regional Airport,KS,59,78.18,20.0,22.71,17.69,6.78
2025-11,CWA,Central Wisconsin Airport,WI,89,78.31,14.46,8.04,18.29,6.742
2025-11,LAN,Capital Region International Airport,MI,125,75.21,23.08,28.85,22.19,6.4
2025-11,TXK,Texarkana Regional Airport (Webb Field),AR,59,92.86,7.14,-3.05,17.05,5.085
2025-11,LCH,Lake Charles Regional Airport,LA,87,77.78,13.58,7.89,20.77,6.897
2025-11,SPS,Wichita Falls Municipal Airport / Sheppard Air Force Base,TX,59,90.74,7.41,1.04,17.04,8.475
2025-12,BQN,Rafael Hernández International Airport,PR,226,73.97,26.91,17.46,13.47,1.327
2025-12,EWR,Newark Liberty International Airport,NJ,10652,70.47,27.2,19.62,25.19,2.629
2025-12,DCA,Ronald Reagan Washington National Airport,VA,11308,66.79,30.95,21.06,22.31,2.282
2025-12,TPA,Tampa International Airport,FL,6851,75.35,25.66,17.21,15.08,1.357
2025-12,PIT,Pittsburgh International Airport,PA,3474,73.19,21.92,13.22,22.07,1.497
2025-12,LGA,LaGuardia Airport,NY,11361,62.23,31.85,23.14,25.73,4.806
2025-12,DFW,Dallas Fort Worth International Airport,TX,25770,71.75,30.5,19.24,18.28,0.617
2025-12,RSW,Southwest Florida International Airport,FL,3480,74.18,25.75,18.14,16.74,1.925
2025-12,ROC,Frederick Douglass Greater Rochester International Airport,NY,808,62.58,34.48,32.55,24.91,3.094
2025-12,JAX,Jacksonville International Airport,FL,2545,78.57,22.78,14.84,14.61,1.69
2025-12,MSY,Louis Armstrong New Orleans International Airport,LA,4152,78.01,24.76,15.59,13.08,1.276
2025-12,SRQ,Sarasota Bradenton International Airport,FL,1685,76.55,23.71,17.78,15.85,1.365
2025-12,RDU,Raleigh-Durham International Airport,NC,4803,73.46,25.29,17.75,18.74,1.707
2025-12,MEM,Frederick W. Smith International Airport,TN,1956,77.7,23.77,17.05,14.9,1.483
2025-12,SNA,John Wayne Orange County International Airport,CA,3825,79.45,23.49,14.33,15.6,1.15
2025-12,MSP,Minneapolis–Saint Paul International Airport / Wold–Chamberlain Field,MN,8854,63.14,30.15,24.14,28.59,2.281
2025-12,PSP,Palm Springs International Airport,CA,1477,79.9,20.9,15.16,17.07,0.88
2025-12,SLC,Salt Lake City International Airport,UT,9740,83.76,18.39,9.02,18.45,0.842
2025-12,ICT,Wichita Dwight D. Eisenhower National Airport,KS,919,76.63,23.87,26.26,17.35,1.088
2025-12,KOA,Ellison Onizuka Kona International Airport at Keāhole,HI,1389,80.42,17.95,6.83,13.67,0.936
2025-12,SMF,Sacramento International Airport,CA,4531,79.2,22.5,11.47,14.46,0.75
2025-12,BZN,Bozeman Yellowstone International Airport,MT,941,75.03,25.86,20.07,21.34,0.956
2025-12,RNO,Reno Tahoe International Airport,NV,1695,79.49,20.36,13.45,18.63,1.77
2025-12,GSP,Greenville-Spartanburg International Airport,SC,1153,78.01,24.71,17.33,16.59,2.082
2025-12,MYR,Myrtle Beach International Airport,SC,823,75.56,25.93,19.0,14.35,2.066
2025-12,LIT,Bill & Hillary Clinton National Airport/Adams Field,AR,1088,76.72,24.39,20.1,16.18,1.287
2025-12,BIL,Billings Logan International Airport,MT,364,83.52,11.45,5.77,19.71,1.648
2025-12,SDF,Louisville Muhammad Ali International Airport,KY,1686,75.15,23.2,16.08,19.1,1.839
2025-12,ATW,Appleton International Airport,WI,617,65.51,30.91,28.39,25.08,1.945
2025-12,GEG,Spokane International Airport,WA,1476,83.55,17.23,8.87,19.16,0.542
2025-12,CHA,Chattanooga Metropolitan Airport (Lovell Field),TN,349,70.52,30.92,30.38,17.32,0.86
2025-12,MDW,Chicago Midway International Airport,IL,5738,69.66,31.9,16.92,17.64,0.453
2025-12,VPS,Destin-Fort Walton Beach Airport,FL,658,83.98,18.0,8.91,16.3,1.216
2025-12,OKC,OKC Will Rogers World Airport,OK,2023,78.59,19.71,12.18,16.23,0.692
2025-12,AGS,Augusta Regional At Bush Field,GA,222,74.19,24.88,23.75,18.63,2.252
2025-12,SAV,Savannah Hilton Head International Airport,GA,1515,80.55,20.63,15.09,16.18,1.782
2025-12,ONT,Ontario International Airport,CA,2132,82.36,20.6,11.52,14.15,0.704
2025-12,PNS,Pensacola International Airport,FL,991,75.49,25.44,29.01,14.33,2.825
2025-12,ABQ,Albuquerque International Sunport,NM,2054,83.16,19.07,10.51,14.75,0.438
2025-12,DSM,Des Moines International Airport,IA,1262,70.54,29.03,28.9,21.18,3.645
2025-12,HSV,Huntsville International Airport,AL,631,74.04,25.96,26.51,18.05,1.109
2025-12,GRB,Austin Straubel International Airport,WI,412,64.23,32.24,35.84,23.11,3.641
2025-12,ELP,El Paso International Airport,TX,1470,83.44,18.93,9.54,14.44,0.476
2025-12,FSD,Sioux Falls Regional Airport,SD,687,59.94,36.21,39.49,25.51,2.329
2025-12,LGB,Long Beach International Airport,CA,1357,82.17,21.45,9.71,12.66,1.4
2025-12,DRO,Durango La Plata County Airport,CO,376,84.76,12.03,5.93,26.35,0.532
2025-12,SAF,Santa Fe Municipal Airport,NM,339,78.04,23.08,14.43,21.64,0.295
2025-12,SHV,Shreveport Regional Airport,LA,521,77.18,23.55,22.79,17.19,0.576
2025-12,MFR,Rogue Valley International-Medford Airport,OR,407,79.85,18.86,15.11,20.56,0.983
2025-12,ACT,Waco Regional Airport,TX,91,83.52,13.19,11.4,14.86,0.0
2025-12,YUM,Yuma International Airport / Marine Corps Air Station Yuma,AZ,150,88.0,12.0,2.52,17.21,0.0
2025-12,GJT,Grand Junction Regional Airport,CO,414,86.41,12.38,3.6,20.5,0.483
2025-12,RDM,Roberts Field,OR,506,81.67,16.9,8.45,20.45,0.593
2025-12,RDD,Redding Municipal Airport,CA,166,70.7,25.48,40.08,18.36,5.422
2025-12,PIH,Pocatello Regional Airport,ID,31,96.77,3.23,-6.77,10.97,0.0
2025-12,MOT,Minot International Airport,ND,228,66.98,37.96,46.85,26.91,5.263
2025-12,DLH,Duluth International Airport,MN,172,64.42,34.97,47.93,27.74,5.233
2025-12,ABR,Aberdeen Regional Airport,SD,59,78.95,26.32,46.74,19.93,3.39
2025-12,INL,Falls International Airport,MN,53,82.69,17.31,11.37,21.12,1.887
2025-12,MQT,Marquette Sawyer Regional Airport,MI,122,64.49,33.64,46.04,24.76,12.295
2025-12,ATY,Watertown Regional Airport,SD,61,83.33,13.33,22.78,27.3,1.639
2025-12,EKO,Elko Regional Airport,NV,51,94.12,5.88,3.12,15.8,0.0
2025-12,CMX,Houghton County Memorial Airport,MI,61,55.56,33.33,69.37,29.09,11.475
2025-12,JLN,Joplin Regional Airport,MO,60,77.19,17.54,29.74,19.6,5.0
2025-12,MEI,Key Field / Meridian Regional Airport,MS,55,89.09,14.55,1.73,15.0,0.0
2025-12,BFF,Western Neb. Rgnl/William B. Heilig Airport,NE,54,83.02,18.52,9.56,17.46,0.0
2025-12,COD,Yellowstone Regional Airport,WY,62,75.41,29.51,30.34,25.34,1.613
2025-12,LBF,North Platte Regional Airport Lee Bird Field,NE,54,69.81,26.42,13.91,22.02,1.852
2025-12,MCW,Mason City Municipal Airport,IA,55,70.73,26.83,54.1,17.24,25.455
2025-12,LBL,Liberal Mid-America Regional Airport,KS,55,81.82,9.09,5.64,16.96,0.0
2025-12,MGW,Morgantown Municipal Airport Walter L. (Bill) Hart Field,WV,60,64.0,29.41,97.63,28.92,15.0
2025-12,LNK,Lincoln Airport,NE,244,67.63,29.88,40.35,24.62,1.23
2025-12,RAP,Rapid City Regional Airport,SD,330,76.9,20.0,19.94,24.71,0.0
2025-12,HOB,Lea County Regional Airport,NM,62,78.69,17.74,43.97,18.37,0.0
2025-12,MHK,Manhattan Regional Airport,KS,151,75.17,24.16,29.32,15.8,1.325
2025-12,ABY,Southwest Georgia Regional Airport,GA,36,62.86,28.57,31.4,16.71,2.778
2025-12,CLL,Easterwood Field,TX,107,86.92,10.28,5.35,14.43,0.0
2026-01,BOS,Boston Logan International Airport,MA,10298,73.59,21.8,14.44,23.92,7.497
2026-01,STL,St. Louis Lambert International Airport,MO,4682,83.13,19.2,10.49,13.69,3.46
2026-01,EYW,Key West International Airport,FL,889,74.22,26.48,24.04,14.97,5.287
2026-01,BNA,Nashville International Airport,TN,7853,84.31,18.62,8.99,16.64,7.067
2026-01,BUF,Buffalo Niagara International Airport,NY,1354,71.28,22.26,18.3,24.11,6.425
2026-01,SYR,Syracuse Hancock International Airport,NY,740,67.05,23.81,21.12,28.31,6.351
2026-01,CLL,Easterwood Field,TX,92,92.86,9.52,3.83,14.04,8.696
2026-01,TUL,Tulsa International Airport,OK,1332,86.92,11.62,8.29,16.17,6.982
2026-01,ELP,El Paso International Airport,TX,1289,85.61,14.71,6.39,15.28,2.948
2026-01,JAN,Jackson-Medgar Wiley Evers International Airport,MS,478,88.42,12.47,5.88,14.43,6.067
2026-01,TPA,Tampa International Airport,FL,6432,81.02,19.51,10.19,17.15,3.809
2026-01,LIT,Bill & Hillary Clinton National Airport/Adams Field,AR,1004,88.54,12.32,5.05,15.51,7.869
2026-01,LBB,Lubbock Preston Smith International Airport,TX,541,85.74,11.99,7.98,16.31,9.057
2026-01,GNV,Gainesville Regional Airport,FL,195,87.03,13.51,6.45,14.11,5.128
2026-01,PVD,Rhode Island T. F. Green International Airport,RI,1098,74.63,19.86,12.07,18.25,7.377
2026-01,PIA,General Wayne A. Downing Peoria International Airport,IL,440,73.33,21.38,13.25,22.28,4.318
2026-01,TXK,Texarkana Regional Airport (Webb Field),AR,62,96.08,5.88,-1.98,15.49,17.742
2026-01,BTR,Baton Rouge Metropolitan Airport,LA,360,84.8,14.59,7.25,15.84,8.611
2026-01,ATL,Hartsfield Jackson Atlanta International Airport,GA,24595,78.33,21.12,10.69,16.94,5.001
2026-01,DTW,Detroit Metropolitan Wayne County Airport,MI,9518,64.81,29.02,24.17,26.51,3.919
2026-01,RSW,Southwest Florida International Airport,FL,3454,78.55,23.01,14.15,15.9,4.111
2026-01,TVC,Cherry Capital Airport,MI,252,55.6,39.67,35.12,35.04,3.968
2026-01,BGR,Bangor International Airport,ME,147,63.49,30.16,34.98,27.01,14.286
2026-01,BTV,Patrick Leahy Burlington International Airport,VT,443,73.2,22.47,15.09,28.47,8.578
2026-01,BDL,Bradley International Airport,CT,1693,74.42,19.14,12.3,19.7,8.033
2026-01,FAT,Fresno Yosemite International Airport,CA,1022,80.39,18.15,14.27,18.24,3.523
2026-01,HNL,Daniel K. Inouye International Airport,HI,5054,79.65,18.78,10.33,17.05,1.365
2026-01,LGB,Long Beach International Airport,CA,1217,91.32,10.73,0.9,12.13,0.411
2026-01,LIH,Lihue Airport,HI,1328,80.98,17.19,7.94,11.42,0.979
2026-01,MDW,Chicago Midway International Airport,IL,4848,80.92,18.49,7.55,17.52,2.145
2026-01,OAK,Oakland San Francisco Bay Airport,CA,2408,88.39,13.1,4.47,12.12,0.457
2026-01,OGG,Kahului International Airport,HI,2169,78.59,19.44,8.72,11.55,0.876
2026-01,ONT,Ontario International Airport,CA,1892,86.5,16.29,9.07,13.52,1.691
2026-01,PWM,Portland International Jetport,ME,556,74.27,18.91,14.69,21.01,7.734
2026-01,SAN,San Diego International Airport,CA,7406,83.08,19.81,12.82,19.64,2.714
2026-02,TPA,Tampa International Airport,FL,6173,77.11,19.57,10.25,19.39,2.252
2026-02,DTW,Detroit Metropolitan Wayne County Airport,MI,9122,75.69,22.44,15.64,22.6,2.127
2026-02,BHM,Birmingham-Shuttlesworth International Airport,AL,1149,83.96,14.54,6.75,15.61,1.218
2026-02,DCA,Ronald Reagan Washington National Airport,VA,10996,71.1,29.67,18.84,23.41,4.265
2026-02,CAE,Columbia Metropolitan Airport,SC,397,80.47,17.37,10.74,17.28,4.282
2026-02,GSP,Greenville-Spartanburg International Airport,SC,1056,82.43,16.88,9.61,16.8,3.504
2026-02,MKE,General Mitchell International Airport,WI,2033,82.73,17.1,10.19,18.9,1.328
2026-02,TLH,Tallahassee International Airport,FL,351,84.53,14.33,11.56,15.91,0.57
2026-02,AGS,Augusta Regional At Bush Field,GA,112,81.73,20.0,16.03,19.29,6.25
2026-02,PNS,Pensacola International Airport,FL,933,85.03,14.52,4.78,13.95,1.822
2026-02,JAX,Jacksonville International Airport,FL,2023,82.01,16.9,9.57,15.54,2.62
2026-02,CHS,Charleston International Airport,SC,1680,81.84,17.19,9.59,17.9,3.75
2026-02,DAY,James M. Cox Dayton International Airport,OH,575,77.43,21.34,15.4,21.39,1.391
2026-02,MGM,Montgomery Regional (Dannelly Field) Airport,AL,103,70.0,31.0,35.81,18.84,2.913
2026-02,PIT,Pittsburgh International Airport,PA,2943,83.62,14.59,6.27,19.82,2.684
2026-02,MAF,Midland International Air and Space Port,TX,645,91.39,8.14,0.87,13.61,0.93
2026-02,RIC,Richmond International Airport,VA,1458,81.83,16.56,8.49,18.48,3.909
2026-02,IAD,Washington Dulles International Airport,VA,4037,83.35,14.81,8.67,21.77,1.338
2026-02,SAT,San Antonio International Airport,TX,2671,86.32,14.3,5.94,13.02,1.273
2026-02,ALB,Albany International Airport,NY,961,77.59,21.66,13.36,19.81,1.977
2026-02,ILM,Wilmington International Airport,NC,450,80.09,19.67,10.52,17.99,6.222
2026-02,ATW,Appleton International Airport,WI,617,77.52,20.0,15.34,24.62,0.324
2026-02,LEX,Blue Grass Airport,KY,576,81.23,16.96,10.0,19.5,0.694
2026-02,SDF,Louisville Muhammad Ali International Airport,KY,1594,83.29,15.84,8.55,18.22,2.572
2026-02,BUF,Buffalo Niagara International Airport,NY,1388,75.97,22.65,20.7,22.2,3.314
2026-02,ICT,Wichita Dwight D. Eisenhower National Airport,KS,818,87.95,14.15,5.07,15.35,0.611
2026-02,AVL,Asheville Regional Airport,NC,580,77.3,20.63,15.13,18.49,2.241
2026-02,SLC,Salt Lake City International Airport,UT,9167,85.54,15.9,7.94,18.7,0.993
2026-02,OAK,Oakland San Francisco Bay Airport,CA,2355,83.73,19.79,8.28,12.43,0.212
2026-02,PDX,Portland International Airport,OR,4182,86.26,13.65,5.31,15.32,0.693
2026-02,EUG,Eugene Airport,OR,612,87.4,11.78,2.22,16.62,0.163
2026-02,HDN,Yampa Valley Airport,CO,378,61.46,45.31,28.76,21.76,1.323
2026-02,GTF,Great Falls International Airport,MT,173,86.05,13.37,4.03,17.37,0.578
2026-02,ASE,Aspen-Pitkin County Airport (Sardy Field),CO,1012,65.59,38.33,37.59,23.56,11.067
2026-02,FCA,Glacier Park International Airport,MT,219,85.39,14.61,11.11,19.35,0.0
2026-02,OAJ,Albert J Ellis Airport,NC,87,77.5,22.5,20.11,20.01,8.046
2026-02,FSD,Sioux Falls Regional Airport,SD,627,86.88,14.72,8.44,19.31,0.319
2026-02,SUN,Friedman Memorial Airport,ID,306,79.87,18.15,11.84,21.75,0.98
2026-02,CIU,Chippewa County International Airport,MI,56,66.67,35.42,68.33,33.52,14.286
2026-02,APN,Alpena County Regional Airport,MI,48,75.61,26.83,45.88,21.66,14.583
2026-02,EKO,Elko Regional Airport,NV,44,97.67,2.33,-5.86,17.67,2.273
2026-02,CPR,Casper-Natrona County International Airport,WY,194,86.98,10.94,6.58,24.36,1.031
2026-02,AMA,Rick Husband Amarillo International Airport,TX,371,90.51,12.74,2.76,14.6,0.539
2026-02,PVU,Provo Municipal Airport,UT,189,91.44,12.7,5.1,20.44,0.0
2026-02,YUM,Yuma International Airport / Marine Corps Air Station Yuma,AZ,143,79.43,19.01,11.61,17.44,0.699
2026-02,CMX,Houghton County Memorial Airport,MI,56,63.46,21.15,29.1,27.81,7.143
2026-02,JLN,Joplin Regional Airport,MO,56,75.0,19.64,4.86,18.68,0.0
2026-02,DDC,Dodge City Regional Airport,KS,48,72.92,27.08,38.75,19.35,0.0
2026-02,CYS,Cheyenne Regional Jerry Olson Field,WY,56,81.48,18.52,10.04,18.35,3.571
2026-02,HYS,Hays Regional Airport,KS,48,83.33,10.42,1.38,15.27,0.0
2026-02,BFF,Western Neb. Rgnl/William B. Heilig Airport,NE,48,93.62,4.26,-6.62,17.81,2.083
2026-02,SHR,Sheridan County Airport,WY,55,83.64,16.36,5.25,26.22,0.0
2026-02,PIR,Pierre Regional Airport,SD,48,81.25,18.75,16.4,20.23,0.0
2026-02,COD,Yellowstone Regional Airport,WY,56,76.36,27.27,41.13,22.27,1.786
2026-02,ACT,Waco Regional Airport,TX,69,82.61,17.39,10.67,13.04,0.0
2026-02,GCK,Garden City Regional Airport,KS,54,79.25,18.87,11.28,17.75,1.852
2026-02,BPT,Jack Brooks Regional Airport,TX,51,81.25,16.67,5.19,14.71,5.882
2026-02,PAH,Barkley Regional Airport,KY,9,66.67,33.33,66.78,13.67,0.0
2026-02,RSW,Southwest Florida International Airport,FL,3551,73.82,22.79,12.75,18.61,2.872
2026-02,FLL,Fort Lauderdale Hollywood International Airport,FL,8251,67.3,32.1,19.81,18.65,3.951
2026-02,BOS,Boston Logan International Airport,MA,10232,74.76,23.85,15.1,23.71,8.151
2026-02,KOA,Ellison Onizuka Kona International Airport at Keāhole,HI,1277,85.14,15.55,5.3,13.03,0.783
2026-02,EYW,Key West International Airport,FL,805,67.28,33.59,21.96,15.03,3.478
2026-02,BQN,Rafael Hernández International Airport,PR,153,80.0,16.55,14.65,12.86,5.229
2026-02,GUM,Antonio B. Won Pat International Airport,TT,56,92.73,18.18,5.82,16.38,1.786
2026-03,JFK,John F. Kennedy International Airport,NY,8392,76.44,22.94,15.02,24.5,2.097
2026-03,MCO,Orlando International Airport,FL,15497,70.48,32.03,21.16,20.45,3.956
2026-03,TPA,Tampa International Airport,FL,7679,76.38,26.93,17.41,16.72,2.891
2026-03,PHX,Phoenix Sky Harbor International Airport,AZ,19277,76.81,22.6,13.61,16.78,0.918
2026-03,ORF,Norfolk International Airport,VA,1561,77.11,21.5,15.55,17.73,3.459
2026-03,ECP,Northwest Florida Beaches International Airport,FL,940,80.7,21.12,12.8,13.63,2.766
2026-03,OMA,Eppley Airfield,NE,2120,78.65,22.66,16.49,15.24,3.396
2026-03,HPN,Westchester County Airport,NY,920,76.59,23.44,17.2,16.24,4.022
2026-03,PSP,Palm Springs International Airport,CA,1826,78.32,20.07,12.24,17.72,1.205
2026-03,FAI,Fairbanks International Airport,AK,357,82.81,20.8,15.49,12.91,1.681
2026-03,SRQ,Sarasota Bradenton International Airport,FL,2122,72.89,25.61,17.39,19.04,3.393
2026-03,COS,City of Colorado Springs Municipal Airport,CO,1059,81.61,19.87,17.96,20.32,1.133
2026-03,MKE,General Mitchell International Airport,WI,2626,74.34,25.83,22.16,16.73,6.245
2026-03,GRR,Gerald R. Ford International Airport,MI,1732,72.81,23.3,23.57,18.64,3.349
2026-03,MCI,Kansas City International Airport,MO,4227,79.3,23.76,15.06,14.13,3.407
2026-03,DCA,Ronald Reagan Washington National Airport,VA,12204,70.24,31.9,23.95,22.36,4.982
2026-03,BWI,Baltimore/Washington International Thurgood Marshall Airport,MD,7802,74.56,34.53,20.87,14.76,2.576
2026-03,BHM,Birmingham-Shuttlesworth International Airport,AL,1383,78.98,23.37,16.71,15.08,3.471
2026-03,CID,The Eastern Iowa Airport,IA,801,72.91,26.06,33.74,16.09,5.618
2026-03,SAV,Savannah Hilton Head International Airport,GA,1675,78.05,22.69,17.83,16.31,3.164
2026-03,TUL,Tulsa International Airport,OK,1518,80.65,20.98,18.7,15.39,2.042
2026-03,HNL,Daniel K. Inouye International Airport,HI,5037,73.74,21.34,12.18,17.97,2.243
2026-03,BIS,Bismarck Municipal Airport,ND,293,76.31,20.49,11.9,21.16,1.706
2026-03,PIT,Pittsburgh International Airport,PA,3434,78.58,22.25,15.4,15.33,2.883
2026-03,MSO,Missoula Montana Airport,MT,376,80.05,22.91,20.03,18.46,1.33
2026-03,GPT,Gulfport Biloxi International Airport,MS,221,85.24,17.54,14.42,15.15,4.525
2026-03,XNA,Northwest Arkansas National Airport,AR,1222,79.32,20.5,15.47,17.47,2.619
2026-03,MYR,Myrtle Beach International Airport,SC,911,76.85,25.48,17.57,13.69,3.513
2026-03,FSD,Sioux Falls Regional Airport,SD,754,79.78,21.81,12.36,18.39,4.509
2026-03,ELP,El Paso International Airport,TX,1362,79.61,21.59,12.85,15.48,1.028
2026-03,MOB,Mobile Regional Airport,AL,185,84.0,18.18,12.91,16.47,4.865
2026-03,TYS,McGhee Tyson Airport,TN,1119,77.43,21.67,18.78,16.28,2.681
2026-03,IDA,Idaho Falls Regional Airport,ID,341,82.14,20.24,17.9,16.96,1.466
2026-03,ISP,Long Island MacArthur Airport,NY,413,71.14,32.75,19.24,12.38,3.874
2026-03,AZA,Mesa Gateway Airport,AZ,784,76.93,17.82,8.29,15.58,0.51
2026-03,BGR,Bangor International Airport,ME,182,62.57,31.21,34.48,24.08,4.945
2026-03,SWF,New York Stewart International Airport,NY,48,58.33,43.75,53.88,13.13,0.0
2026-03,SPI,Abraham Lincoln Capital Airport,IL,76,76.47,17.65,8.68,13.37,10.526
2026-03,LRD,Laredo International Airport,TX,133,89.15,11.63,7.61,13.52,3.008
2026-03,GFK,Grand Forks International Airport,ND,115,80.36,20.54,14.59,20.53,2.609
2026-03,EUG,Eugene Airport,OR,728,89.28,13.75,5.72,14.85,1.099
2026-03,HTS,Tri-State Airport / Milton J. Ferguson Field,WV,30,44.83,51.72,52.38,10.1,3.333
2026-03,MFE,McAllen Miller International Airport,TX,399,79.13,19.34,26.26,15.01,1.504
2026-03,GRI,Central Nebraska Regional Airport,NE,89,75.28,25.84,26.27,16.04,0.0
2026-03,EVV,Evansville Regional Airport,IN,142,76.87,21.48,25.96,19.26,4.93
2026-03,SHV,Shreveport Regional Airport,LA,466,76.87,22.86,26.18,17.97,2.361
2026-03,MLU,Monroe Regional Airport,LA,92,84.27,17.78,10.51,15.43,2.174
2026-03,AMA,Rick Husband Amarillo International Airport,TX,428,87.38,15.44,9.4,14.43,1.636
2026-03,TXK,Texarkana Regional Airport (Webb Field),AR,62,90.32,8.06,-0.16,14.97,0.0
2026-03,GJT,Grand Junction Regional Airport,CO,417,85.92,13.11,4.02,19.43,1.199
2026-03,AZO,Kalamazoo/Battle Creek International Airport,MI,180,70.76,28.07,26.18,19.39,5.0
2026-03,LAW,Lawton Fort Sill Regional Airport,OK,84,61.84,40.79,50.36,15.49,9.524
2026-03,GRK,Killeen Regional Airport / Robert Gray Army Airfield,TX,142,74.07,22.22,17.56,17.85,4.93
2026-03,RDM,Roberts Field,OR,596,87.73,12.93,4.97,17.83,1.342
2026-03,OME,Nome Airport,AK,33,87.88,9.09,2.21,5.76,0.0
2026-03,SCC,Deadhorse Airport,AK,44,83.72,23.26,2.02,9.81,2.273
2026-03,PPG,Pago Pago International Airport,TT,14,100.0,0.0,-5.86,12.64,0.0
2026-03,ITO,Hilo International Airport,HI,556,76.42,19.43,9.54,10.49,4.676
2026-03,BTV,Patrick Leahy Burlington International Airport,VT,438,74.46,17.66,16.33,24.34,4.338
2026-04,MIA,Miami International Airport,FL,9556,75.31,23.25,12.86,22.06,0.303
2026-04,MKE,General Mitchell International Airport,WI,2588,80.7,17.46,11.81,15.45,2.202
2026-04,MSP,Minneapolis–Saint Paul International Airport / Wold–Chamberlain Field,MN,9639,83.89,14.24,6.87,17.42,0.747
2026-04,ONT,Ontario International Airport,CA,2119,82.79,19.03,8.61,14.11,0.283
2026-04,PBI,President Donald J. Trump International Airport,FL,3067,71.27,24.8,17.02,19.84,0.619
2026-04,PDX,Portland International Airport,OR,5040,86.09,14.51,6.06,15.78,0.476
2026-04,PIT,Pittsburgh International Airport,PA,3531,85.27,14.46,6.59,14.13,0.51
2026-04,RNO,Reno Tahoe International Airport,NV,1631,79.72,18.41,7.27,17.54,0.429
2026-04,SAV,Savannah Hilton Head International Airport,GA,1764,83.06,18.06,8.8,16.05,0.794
2026-04,SNA,John Wayne Orange County International Airport,CA,3686,82.54,20.08,10.07,16.17,0.814
2026-04,TYS,McGhee Tyson Airport,TN,1152,84.08,14.54,6.36,15.95,1.476
2026-04,VPS,Destin-Fort Walton Beach Airport,FL,958,83.25,17.44,6.82,15.69,0.626
2026-04,ABQ,Albuquerque International Sunport,NM,1969,83.89,16.24,7.29,15.54,0.559
2026-04,ATL,Hartsfield Jackson Atlanta International Airport,GA,26607,82.08,17.03,7.24,16.41,1.003
2026-04,BDL,Bradley International Airport,CT,1946,80.78,18.67,11.08,15.4,0.925
2026-04,BHM,Birmingham-Shuttlesworth International Airport,AL,1495,84.59,15.72,7.75,15.04,0.87
2026-04,BNA,Nashville International Airport,TN,9616,77.65,24.17,12.24,16.86,0.593
2026-04,BOI,Boise Air Terminal/Gowen Field,ID,1946,84.26,14.75,7.59,17.09,0.36
2026-04,BWI,Baltimore/Washington International Thurgood Marshall Airport,MD,8041,79.87,24.28,11.49,14.88,0.336
2026-04,CLT,Charlotte Douglas International Airport,NC,15396,78.79,21.4,11.96,20.92,0.234
2026-04,CMH,John Glenn Columbus International Airport,OH,3713,84.19,15.46,7.09,14.7,0.512
2026-04,DCA,Ronald Reagan Washington National Airport,VA,11802,76.98,23.58,14.8,21.72,0.805
2026-04,DTW,Detroit Metropolitan Wayne County Airport,MI,10417,81.13,16.26,7.47,18.01,1.267
2026-04,GEG,Spokane International Airport,WA,1457,88.49,12.87,4.88,15.83,0.275
2026-04,GRR,Gerald R. Ford International Airport,MI,1710,79.03,17.76,11.93,16.46,1.871
2026-04,HDN,Yampa Valley Airport,CO,123,81.82,11.48,7.97,21.96,0.813
2026-04,HOU,William P. Hobby Airport,TX,4418,75.78,26.47,11.88,13.72,0.136
2026-04,IAD,Washington Dulles International Airport,VA,4843,87.2,10.71,4.97,21.1,0.31
2026-04,LAS,Harry Reid International Airport,NV,14672,78.76,25.82,11.62,17.47,0.395
2026-04,LGB,Long Beach International Airport,CA,1156,84.39,19.55,7.24,12.77,0.0
2026-04,MCI,Kansas City International Airport,MO,4184,81.9,19.43,10.43,13.48,0.98
2026-04,EYW,Key West International Airport,FL,816,81.67,17.77,9.96,15.12,0.0
2026-04,JFK,John F. Kennedy International Airport,NY,8254,81.63,15.96,6.84,27.46,0.242
2026-04,MSN,Dane County Regional Truax Field,WI,1245,80.3,17.76,10.8,16.01,2.329
2026-04,CID,The Eastern Iowa Airport,IA,761,75.2,21.27,19.97,14.82,3.022
2026-04,GSO,Piedmont Triad International Airport,NC,943,84.53,14.7,5.44,16.67,1.166
2026-04,XNA,Northwest Arkansas National Airport,AR,1214,85.1,13.81,8.91,16.48,0.988
2026-04,IAH,George Bush Intercontinental Airport,TX,10022,80.42,18.79,10.85,20.59,0.569
2026-04,FSD,Sioux Falls Regional Airport,SD,723,79.21,18.73,10.07,16.94,1.798
2026-04,BFL,Meadows Field,CA,229,78.6,14.85,7.17,20.82,0.0
2026-04,DAB,Daytona Beach International Airport,FL,294,85.71,17.35,8.74,15.31,0.0
2026-05,PNS,Pensacola International Airport,FL,1320,79.12,24.02,14.81,13.59,1.288
2026-05,BNA,Nashville International Airport,TN,9814,70.62,34.41,18.42,17.44,0.571
2026-05,LEX,Blue Grass Airport,KY,853,81.5,18.38,11.35,16.53,1.758
2026-05,ECP,Northwest Florida Beaches International Airport,FL,1021,77.37,24.55,12.74,13.52,1.469
2026-05,CHA,Chattanooga Metropolitan Airport (Lovell Field),TN,443,77.34,20.19,17.94,16.12,2.709
2026-05,ILM,Wilmington International Airport,NC,738,83.47,17.24,6.71,17.47,0.949
2026-05,SEA,Seattle–Tacoma International Airport,WA,14564,82.19,19.82,8.55,21.06,0.412
2026-05,LAS,Harry Reid International Airport,NV,14585,74.08,29.63,16.39,17.89,0.665
2026-05,PHX,Phoenix Sky Harbor International Airport,AZ,17337,76.99,25.23,13.34,16.05,0.3
2026-05,DEN,Denver International Airport,CO,27406,76.43,23.92,12.24,20.51,0.285
2026-05,FLL,Fort Lauderdale Hollywood International Airport,FL,6437,74.89,25.38,13.64,18.12,0.528
2026-05,CLE,Cleveland Hopkins International Airport,OH,3745,84.43,14.8,8.27,14.73,0.961
2026-05,XNA,Northwest Arkansas National Airport,AR,1319,80.88,18.05,15.85,17.78,1.289
2026-05,OMA,Eppley Airfield,NE,2223,81.76,19.32,11.17,13.99,0.585
2026-05,GRR,Gerald R. Ford International Airport,MI,1726,82.34,15.24,10.24,15.8,0.753
2026-05,ORD,Chicago O'Hare International Airport,IL,33733,76.08,23.3,15.69,27.83,1.008
2026-05,SAN,San Diego International Airport,CA,8947,76.87,25.68,12.07,20.76,0.659
2026-05,BUF,Buffalo Niagara International Airport,NY,1936,82.53,18.37,9.18,13.88,0.723
2026-05,BQN,Rafael Hernández International Airport,PR,188,83.87,18.18,4.41,12.18,0.532
2026-05,SMF,Sacramento International Airport,CA,4945,81.83,20.62,9.13,13.87,0.364
2026-05,BUR,Hollywood Burbank/Bob Hope Airport,CA,2520,78.99,22.7,10.98,18.1,1.071
2026-05,TYS,McGhee Tyson Airport,TN,1308,80.37,19.49,11.78,16.38,1.147
2026-05,LIT,Bill & Hillary Clinton National Airport/Adams Field,AR,1215,80.02,20.28,14.12,16.13,0.988
2026-05,BOI,Boise Air Terminal/Gowen Field,ID,2040,80.62,19.51,10.39,16.33,0.245
2026-05,MLI,Quad City International Airport,IL,420,78.88,17.43,14.12,18.59,1.667
2026-05,PIA,General Wayne A. Downing Peoria International Airport,IL,447,78.44,17.35,12.92,17.45,2.013
2026-05,ATW,Appleton International Airport,WI,720,84.03,15.83,11.13,16.42,0.0
2026-05,RFD,Chicago Rockford International Airport,IL,90,81.11,22.22,19.84,12.14,0.0
2026-05,PIE,St. Petersburg Clearwater International Airport,FL,790,80.58,18.23,9.73,13.91,0.0
2026-05,HTS,Tri-State Airport / Milton J. Ferguson Field,WV,32,43.75,53.13,81.97,10.19,0.0
2026-05,SGF,Springfield Branson National Airport,MO,739,78.06,23.41,14.17,16.1,2.3
2026-05,FWA,Fort Wayne International Airport,IN,543,75.56,24.39,19.19,19.22,1.105
2026-05,IAG,Niagara Falls International Airport,NY,29,65.52,27.59,8.76,13.0,0.0
2026-05,SYR,Syracuse Hancock International Airport,NY,959,85.91,12.5,8.84,14.66,1.564
2026-05,COS,City of Colorado Springs Municipal Airport,CO,1119,83.36,19.48,12.29,19.66,0.894
2026-05,TVC,Cherry Capital Airport,MI,468,82.94,14.44,8.56,14.68,0.855
2026-05,SCK,Stockton Metropolitan Airport,CA,39,53.85,46.15,27.51,12.38,0.0
2026-05,TUL,Tulsa International Airport,OK,1626,78.95,21.53,15.0,15.55,1.169
2026-05,ELM,Elmira Corning Regional Airport,NY,115,87.72,12.28,8.42,14.44,0.87
2026-05,MFR,Rogue Valley International-Medford Airport,OR,530,81.94,16.32,6.66,16.32,0.566
2026-05,MQT,Marquette Sawyer Regional Airport,MI,130,86.61,13.28,14.94,12.03,1.538
2026-05,ABI,Abilene Regional Airport,TX,244,83.75,17.08,9.9,12.61,1.639
2026-05,AMA,Rick Husband Amarillo International Airport,TX,419,81.22,20.63,10.96,13.96,1.671
2026-05,PWM,Portland International Jetport,ME,1056,85.73,13.48,4.83,15.08,0.947
2026-05,AEX,Alexandria International Airport,LA,112,78.5,16.67,12.58,17.15,3.571
2026-05,GGG,East Texas Regional Airport,TX,62,86.67,10.0,1.85,14.52,3.226
2026-05,HRL,Valley International Airport,TX,306,79.93,21.33,12.58,12.45,1.961
2026-05,GJT,Grand Junction Regional Airport,CO,449,84.08,14.35,4.81,19.92,0.668
2026-05,MLU,Monroe Regional Airport,LA,113,77.78,17.59,25.45,15.76,4.425
2026-05,LCH,Lake Charles Regional Airport,LA,93,80.9,20.22,32.37,14.65,4.301
2026-05,YUM,Yuma International Airport / Marine Corps Air Station Yuma,AZ,141,88.49,10.71,2.88,16.84,0.709
2026-05,EWN,Coastal Carolina Regional Airport,NC,17,88.24,17.65,1.41,14.65,0.0
2026-05,SWO,Stillwater Regional Airport,OK,62,83.05,15.25,32.85,16.18,4.839
2026-05,OAJ,Albert J Ellis Airport,NC,118,71.05,28.7,22.24,18.23,2.542
2026-05,HLN,Helena Regional Airport,MT,124,96.77,2.42,-0.76,17.69,0.0
2026-05,SUN,Friedman Memorial Airport,ID,135,88.81,8.89,1.39,16.53,0.0
2026-05,HIB,Range Regional Airport,MN,56,100.0,0.0,-7.93,16.43,0.0
2026-05,CIU,Chippewa County International Airport,MI,65,82.81,17.19,16.22,17.63,1.538
2026-05,SGU,St George Regional Airport,UT,416,81.88,13.94,11.54,21.8,0.0
2026-05,ESC,Delta County Airport,MI,54,90.74,9.26,9.76,14.83,0.0
2026-05,APN,Alpena County Regional Airport,MI,56,78.57,21.43,20.13,14.55,0.0
2026-05,PLN,Pellston Regional Airport of Emmet County Airport,MI,70,87.1,9.68,2.81,12.23,11.429
2026-05,DRO,Durango La Plata County Airport,CO,419,81.49,16.07,6.54,20.78,0.477
2026-05,CHO,Charlottesville Albemarle Airport,VA,152,69.13,20.67,19.6,19.78,1.316
2026-05,GTR,Golden Triangle Regional Airport,MS,31,60.71,32.14,68.57,17.18,9.677
2026-05,SHR,Sheridan County Airport,WY,76,86.49,12.0,0.41,22.56,1.316
2026-05,DEC,Decatur Airport,IL,53,63.46,21.15,48.73,19.94,1.887
2026-05,LYH,Lynchburg Regional Airport - Preston Glenn Field,VA,62,73.77,27.87,47.44,16.89,1.613
2026-05,FMN,Four Corners Regional Airport,NM,31,87.1,12.9,27.61,10.13,0.0
2026-05,PRC,Prescott Regional Airport - Ernest A. Love Field,AZ,84,86.9,10.71,-0.04,19.67,0.0
2026-05,DDC,Dodge City Regional Airport,KS,53,76.92,18.87,9.06,19.28,0.0
2026-05,PIB,Hattiesburg Laurel Regional Airport,MS,53,73.58,18.87,13.91,16.64,0.0
2026-05,HOB,Lea County Regional Airport,NM,52,74.0,27.45,22.96,16.86,1.923
2026-05,EGE,Eagle County Regional Airport,CO,135,78.2,17.91,10.54,23.26,0.741
2026-05,FLG,Flagstaff Pulliam Airport,AZ,161,71.79,31.21,28.09,20.66,2.484
2026-05,HNL,Daniel K. Inouye International Airport,HI,4953,82.71,16.15,7.27,16.61,1.131
2026-06,BWI,Baltimore/Washington International Thurgood Marshall Airport,MD,8045,70.94,34.56,19.7,15.13,1.156
2026-06,BNA,Nashville International Airport,TN,9725,65.48,38.09,21.63,16.55,0.977
2026-06,PIT,Pittsburgh International Airport,PA,3815,79.11,19.91,14.24,15.86,1.678
2026-06,CHS,Charleston International Airport,SC,2117,77.53,21.68,16.65,16.59,2.409
2026-06,ATL,Hartsfield Jackson Atlanta International Airport,GA,26961,80.1,20.65,11.55,17.33,1.38
2026-06,BZN,Bozeman Yellowstone International Airport,MT,1258,78.43,23.6,16.43,16.25,0.636
2026-06,PHL,Philadelphia International Airport,PA,9707,74.41,26.02,19.44,22.05,2.73
2026-06,SBA,Santa Barbara Municipal Airport,CA,752,77.57,21.04,14.35,17.39,0.133
2026-06,RDU,Raleigh-Durham International Airport,NC,4615,77.18,21.55,16.65,17.44,2.08
2026-06,BOI,Boise Air Terminal/Gowen Field,ID,2002,78.81,21.72,12.49,16.56,0.649
2026-06,JAX,Jacksonville International Airport,FL,2646,76.13,24.19,20.91,14.74,1.587
2026-06,MFR,Rogue Valley International-Medford Airport,OR,522,79.81,18.2,13.15,16.99,0.0
2026-06,PBI,President Donald J. Trump International Airport,FL,2154,79.09,22.32,16.99,14.57,1.811
2026-06,BUF,Buffalo Niagara International Airport,NY,1865,79.37,23.18,13.7,13.36,2.842
2026-06,JAC,Jackson Hole Airport,WY,791,74.74,27.31,22.72,17.63,1.391
2026-06,FAI,Fairbanks International Airport,AK,403,85.57,13.93,5.96,11.25,0.248
2026-06,IND,Indianapolis International Airport,IN,4249,79.87,20.39,13.08,14.2,1.883
2026-06,SDF,Louisville Muhammad Ali International Airport,KY,2012,77.4,22.99,16.4,15.49,2.087
2026-06,CID,The Eastern Iowa Airport,IA,687,77.05,19.64,20.6,14.14,2.183
2026-06,MSO,Missoula Montana Airport,MT,571,81.77,20.77,14.99,15.93,0.525
2026-06,EUG,Eugene Airport,OR,839,73.33,29.32,17.51,14.93,0.0
2026-06,SYR,Syracuse Hancock International Airport,NY,912,81.55,17.95,11.93,15.23,3.509
2026-06,ALB,Albany International Airport,NY,1096,80.19,21.64,16.23,14.21,2.19
2026-06,ABQ,Albuquerque International Sunport,NM,2163,77.98,25.14,14.73,14.75,1.063
2026-06,MEM,Frederick W. Smith International Airport,TN,2221,76.37,23.51,18.4,14.37,2.341
2026-06,AVL,Asheville Regional Airport,NC,930,76.42,21.93,16.87,15.86,2.903
2026-06,GSP,Greenville-Spartanburg International Airport,SC,1250,76.4,23.59,18.76,15.53,2.32
2026-06,GTF,Great Falls International Airport,MT,171,87.72,12.87,4.58,13.28,0.0
2026-06,AMA,Rick Husband Amarillo International Airport,TX,423,78.59,21.26,16.83,14.02,2.128
2026-06,HRL,Valley International Airport,TX,324,75.95,26.81,17.3,12.1,2.16
2026-06,LBB,Lubbock Preston Smith International Airport,TX,543,79.48,23.09,19.97,15.43,1.105
2026-07,ORD,Chicago O'Hare International Airport,IL,33010,71.43,28.16,23.14,28.87,4.181
2026-07,PHX,Phoenix Sky Harbor International Airport,AZ,16096,69.96,29.7,19.58,16.7,0.895
2026-07,BRO,Brownsville South Padre Island International Airport,TX,109,88.07,14.68,3.05,11.8,0.0
2026-07,CLT,Charlotte Douglas International Airport,NC,15548,63.84,38.37,30.35,21.94,2.232
2026-07,BWI,Baltimore/Washington International Thurgood Marshall Airport,MD,8485,69.52,39.75,25.72,16.02,4.313
2026-07,PVD,Rhode Island T. F. Green International Airport,RI,1361,73.02,27.42,24.33,16.02,6.466
2026-07,CLE,Cleveland Hopkins International Airport,OH,3736,77.29,24.43,19.35,14.94,4.229
2026-07,CWA,Central Wisconsin Airport,WI,94,87.64,11.24,-0.07,12.21,5.319
2026-07,CVG,Cincinnati Northern Kentucky International Airport,KY,3262,77.81,24.21,18.28,14.38,2.759
2026-07,ELP,El Paso International Airport,TX,1446,76.34,25.92,19.49,14.99,0.484
2026-07,EVV,Evansville Regional Airport,IN,183,85.88,18.08,6.79,14.17,3.279
2026-07,SBP,San Luis County Regional Airport,CA,357,68.75,27.12,28.37,20.32,0.84
2026-07,SGF,Springfield Branson National Airport,MO,859,77.78,23.54,15.76,15.52,2.095
2026-07,SHV,Shreveport Regional Airport,LA,633,74.76,24.84,25.08,16.41,1.422
2026-07,GPT,Gulfport Biloxi International Airport,MS,233,78.6,23.04,16.19,13.75,1.288
2026-07,GRK,Killeen Regional Airport / Robert Gray Army Airfield,TX,185,82.97,17.49,7.37,14.77,1.081
2026-07,GSP,Greenville-Spartanburg International Airport,SC,1303,73.38,28.99,21.05,15.72,3.377
2026-07,HHH,Hilton Head Airport,SC,301,78.29,21.92,29.88,15.59,2.99
2026-07,MSY,Louis Armstrong New Orleans International Airport,LA,3801,69.3,32.52,24.37,13.43,2.105
2026-07,JAN,Jackson-Medgar Wiley Evers International Airport,MS,520,78.15,22.44,17.85,15.05,2.308
2026-07,MCI,Kansas City International Airport,MO,4761,78.83,24.83,15.17,13.88,1.722
2026-07,MEM,Frederick W. Smith International Airport,TN,2259,74.14,26.84,17.18,14.63,3.01
2026-07,TRI,Tri-Cities Regional TN/VA Airport,TN,180,74.01,28.25,32.45,14.03,1.667
2026-07,MSN,Dane County Regional Truax Field,WI,1381,78.3,18.75,20.54,16.16,4.2
2026-07,MRY,Monterey Regional Airport,CA,438,74.01,23.33,17.12,19.96,1.142
2026-07,AUS,Austin Bergstrom International Airport,TX,8177,69.82,33.53,22.17,15.7,1.296
2026-07,OMA,Eppley Airfield,NE,2401,78.5,22.72,17.35,14.32,1.749
2026-07,RDM,Roberts Field,OR,596,72.8,22.52,13.12,18.47,0.168
2026-07,ROC,Frederick Douglass Greater Rochester International Airport,NY,966,73.04,29.89,20.95,14.77,5.797
2026-07,AMA,Rick Husband Amarillo International Airport,TX,437,80.46,19.77,13.63,14.1,0.458
2026-07,SYR,Syracuse Hancock International Airport,NY,985,74.08,25.89,22.03,16.1,3.147
2026-07,PBI,President Donald J. Trump International Airport,FL,2102,71.76,28.79,25.93,14.89,5.328
2026-07,FCA,Glacier Park International Airport,MT,390,76.72,20.83,20.62,18.11,1.538
2026-07,MVY,Martha's Vineyard Airport,MA,312,68.79,24.38,21.08,20.2,9.295
2026-07,BTR,Baton Rouge Metropolitan Airport,LA,361,78.81,22.47,26.51,15.08,1.385
2026-07,SPS,Wichita Falls Municipal Airport / Sheppard Air Force Base,TX,62,72.58,24.19,26.52,17.92,0.0
2026-07,MGM,Montgomery Regional (Dannelly Field) Airport,AL,178,62.5,42.6,52.34,16.51,5.056
2026-07,BUR,Hollywood Burbank/Bob Hope Airport,CA,2626,79.3,22.02,10.91,17.1,1.066
2026-07,GCK,Garden City Regional Airport,KS,61,90.16,11.48,9.72,11.62,0.0
2026-07,SLC,Salt Lake City International Airport,UT,10368,79.35,19.2,10.7,18.82,0.839
2026-07,SMF,Sacramento International Airport,CA,5071,78.77,23.51,12.59,13.82,0.947
2026-07,SPI,Abraham Lincoln Capital Airport,IL,71,78.26,18.84,19.58,12.78,2.817
2026-07,MKE,General Mitchell International Airport,WI,2759,76.5,24.88,17.72,15.14,2.972
2026-07,AGS,Augusta Regional At Bush Field,GA,118,79.49,26.5,21.28,17.8,0.847
2026-07,IAD,Washington Dulles International Airport,VA,5258,73.66,24.72,23.13,24.43,3.233
2026-07,ROA,Roanoke–Blacksburg Regional Airport,VA,222,64.45,38.21,34.42,19.02,4.505
2026-07,SFO,San Francisco International Airport,CA,13841,66.12,35.46,22.48,25.05,1.149
2026-07,PSP,Palm Springs International Airport,CA,791,77.11,22.08,12.59,18.2,0.379
2026-07,MFR,Rogue Valley International-Medford Airport,OR,519,76.41,20.97,14.85,17.27,0.771
2026-07,JAC,Jackson Hole Airport,WY,863,67.82,33.69,35.08,18.46,2.317
2026-07,SUN,Friedman Memorial Airport,ID,273,77.9,15.81,11.62,19.5,0.366
2026-07,MBS,MBS International Airport,MI,179,77.53,20.22,19.06,16.77,0.559
2026-07,COS,City of Colorado Springs Municipal Airport,CO,1189,76.61,26.1,16.84,19.89,0.421
2026-07,HIB,Range Regional Airport,MN,55,85.19,14.81,12.94,14.48,1.818
2026-07,CIU,Chippewa County International Airport,MI,85,74.36,28.21,20.51,17.77,8.235
2026-07,ABR,Aberdeen Regional Airport,SD,62,85.48,12.9,24.27,14.6,0.0
2026-07,INL,Falls International Airport,MN,61,81.97,21.31,14.2,12.39,0.0
2026-07,BJI,Bemidji Regional Airport,MN,62,85.48,12.9,14.73,10.9,0.0
2026-07,IMT,Ford Airport,MI,62,80.0,18.33,15.3,13.32,3.226
2026-07,CDC,Cedar City Regional Airport,UT,55,92.73,3.64,-5.64,17.75,0.0
2026-07,BRD,Brainerd Lakes Regional Airport,MN,55,90.91,7.27,-1.38,17.31,0.0
2026-07,FNT,Bishop International Airport,MI,229,74.09,26.13,41.51,14.64,3.057
2026-07,SAF,Santa Fe Municipal Airport,NM,407,77.53,18.41,13.77,20.32,1.229
2026-07,GRI,Central Nebraska Regional Airport,NE,76,60.53,38.16,37.41,15.84,0.0
2026-07,ACT,Waco Regional Airport,TX,92,82.61,17.39,13.28,12.74,0.0
2026-07,COD,Yellowstone Regional Airport,WY,128,71.54,25.98,13.45,24.56,0.781
2026-07,MCW,Mason City Municipal Airport,IA,54,74.0,17.65,25.92,16.92,5.556
2026-07,SHR,Sheridan County Airport,WY,62,77.59,20.0,15.45,18.88,3.226
2026-07,LAF,Purdue University Airport,IN,49,82.61,10.87,5.89,15.93,6.122
2026-07,PRC,Prescott Regional Airport - Ernest A. Love Field,AZ,85,75.0,20.24,16.52,21.37,1.176
2026-07,PAH,Barkley Regional Airport,KY,62,85.25,12.9,15.77,12.53,0.0
2026-07,JMS,Jamestown Regional Airport,ND,54,66.67,14.81,7.81,20.81,0.0
2026-07,MEI,Key Field / Meridian Regional Airport,MS,54,75.93,24.07,23.85,12.11,0.0
2026-07,RKS,Southwest Wyoming Regional Airport,WY,62,76.27,22.58,24.92,17.66,0.0
2026-07,SCE,State College Regional Airport,PA,31,93.55,6.45,-4.26,14.48,0.0
2026-07,ERI,Erie International Tom Ridge Field,PA,31,86.21,13.79,49.03,14.48,6.452
2026-07,JFK,John F. Kennedy International Airport,NY,9185,66.45,33.33,31.15,32.45,10.866
2026-07,ISP,Long Island MacArthur Airport,NY,443,72.83,31.79,26.66,12.2,2.709
2026-07,PQI,Presque Isle International Airport,ME,31,96.55,6.9,0.93,6.9,6.452
2025-08,MDW,Chicago Midway International Airport,IL,6731,77.8,26.07,14.5,14.71,0.743
2025-08,HHH,Hilton Head Airport,SC,260,79.46,22.31,22.6,17.81,0.0
2025-08,ROA,Roanoke–Blacksburg Regional Airport,VA,183,71.19,24.29,38.51,16.72,3.279
2025-08,CHO,Charlottesville Albemarle Airport,VA,98,73.4,20.0,16.42,16.92,3.061
2025-08,BFL,Meadows Field,CA,225,89.64,8.04,1.34,16.91,0.444
2025-08,PGD,Punta Gorda Airport,FL,408,83.21,17.94,6.7,13.01,0.245
2025-08,PIE,St. Petersburg Clearwater International Airport,FL,749,75.13,22.7,10.02,14.32,0.0
2025-08,FNT,Bishop International Airport,MI,299,75.95,21.23,19.1,13.75,2.341
2025-08,TRI,Tri-Cities Regional TN/VA Airport,TN,156,70.78,27.1,31.25,14.41,0.641
2025-08,CKB,North Central West Virginia Airport,WV,21,30.0,60.0,91.25,8.2,4.762
2025-08,BMI,Central Illinois Regional Airport at Bloomington-Normal,IL,204,87.5,15.35,5.14,14.74,0.98
2025-08,LRD,Laredo International Airport,TX,138,77.61,22.39,14.12,15.37,2.899
2025-08,PPG,Pago Pago International Airport,TT,12,100.0,16.67,-0.33,12.0,0.0
2025-08,BRO,Brownsville South Padre Island International Airport,TX,124,77.87,19.67,14.81,12.67,1.613
2025-08,ACT,Waco Regional Airport,TX,95,69.57,27.17,18.29,14.72,3.158
2025-08,CLL,Easterwood Field,TX,119,82.61,13.91,6.97,14.22,3.361
2025-08,AZO,Kalamazoo/Battle Creek International Airport,MI,172,80.0,16.47,9.15,16.28,1.163
2025-08,LBB,Lubbock Preston Smith International Airport,TX,577,76.54,21.82,16.8,14.61,0.693
2025-08,GRK,Killeen Regional Airport / Robert Gray Army Airfield,TX,136,72.93,23.31,16.63,15.47,2.206
2025-08,TXK,Texarkana Regional Airport (Webb Field),AR,62,80.33,16.39,9.39,16.64,1.613
2025-08,LCH,Lake Charles Regional Airport,LA,99,69.39,25.51,33.23,18.85,1.01
2025-08,DLH,Duluth International Airport,MN,197,73.71,22.68,16.32,17.72,1.523
2025-09,TTN,Trenton Mercer Airport,NJ,59,93.22,8.47,-5.98,17.56,0.0
2025-09,TWF,Joslin Field Magic Valley Regional Airport,ID,60,100.0,0.0,-8.1,10.93,0.0
2025-09,HIB,Range Regional Airport,MN,51,78.43,17.65,9.12,21.33,0.0
2025-09,SGU,St George Regional Airport,UT,369,89.01,8.7,-1.59,19.0,0.271
2025-09,ESC,Delta County Airport,MI,53,94.34,5.66,-5.94,16.21,0.0
2025-09,XWA,Williston Basin International Airport,ND,223,87.84,9.87,2.22,20.7,0.0
2025-09,IMT,Ford Airport,MI,60,86.67,11.67,6.98,17.92,0.0
2025-09,CDC,Cedar City Regional Airport,UT,53,90.57,1.89,-4.94,22.23,0.0
2025-09,LNK,Lincoln Airport,NE,262,85.38,12.21,3.26,22.1,0.0
2025-09,ACV,California Redwood Coast-Humboldt County Airport,CA,157,68.79,14.01,24.85,23.1,0.0
2025-09,ROW,Roswell Air Center Airport,NM,68,86.57,14.93,12.06,15.7,1.471
2025-09,JLN,Joplin Regional Airport,MO,60,69.49,21.67,29.7,21.9,0.0
2025-09,CYS,Cheyenne Regional Jerry Olson Field,WY,60,95.0,5.0,-3.77,17.7,0.0
2025-09,SHR,Sheridan County Airport,WY,60,84.75,13.33,23.4,18.78,0.0
2025-09,SLN,Salina Municipal Airport,KS,90,93.33,7.78,3.21,17.44,0.0
2025-09,DDC,Dodge City Regional Airport,KS,51,80.39,19.61,18.02,16.96,0.0
2025-09,EAR,Kearney Regional Airport,NE,51,88.24,9.8,14.86,14.76,0.0
2025-09,FOD,Fort Dodge Regional Airport,IA,51,90.2,7.84,-2.45,12.27,0.0
2025-10,JFK,John F. Kennedy International Airport,NY,8928,74.15,18.6,11.85,31.07,1.456
2025-10,HHH,Hilton Head Airport,SC,205,84.39,14.15,7.01,18.33,0.0
2025-10,BGR,Bangor International Airport,ME,471,78.85,17.48,10.05,16.36,0.425
2025-10,ROA,Roanoke–Blacksburg Regional Airport,VA,210,73.68,22.01,18.47,17.38,0.476
2025-10,LEX,Blue Grass Airport,KY,968,81.08,17.68,9.27,17.92,0.103
2025-10,SCE,State College Regional Airport,PA,50,76.0,22.0,15.22,16.04,0.0
2025-10,GNV,Gainesville Regional Airport,FL,270,86.67,12.96,3.17,12.82,0.0
2025-10,GPT,Gulfport Biloxi International Airport,MS,274,85.66,13.24,2.57,14.56,0.73
2025-10,TRI,Tri-Cities Regional TN/VA Airport,TN,147,78.91,19.73,15.22,12.62,0.0
2025-10,FAI,Fairbanks International Airport,AK,257,85.1,12.16,2.98,17.79,0.778
2025-10,TLH,Tallahassee International Airport,FL,384,85.64,10.97,7.31,16.1,0.26
2025-11,CRW,Yeager Airport,WV,206,75.13,18.56,12.31,24.88,5.825
2025-11,LWS,Lewiston Nez Perce County Airport,ID,60,88.33,8.33,-0.9,16.88,0.0
2025-11,ABY,Southwest Georgia Regional Airport,GA,62,94.83,5.17,0.79,14.81,6.452
2025-11,TWF,Joslin Field Magic Valley Regional Airport,ID,57,94.74,5.26,-3.68,13.4,0.0
2025-11,PIH,Pocatello Regional Airport,ID,30,96.55,3.45,-4.52,12.34,3.333
2025-11,ASE,Aspen-Pitkin County Airport (Sardy Field),CO,328,87.62,11.39,7.71,21.37,3.659
2025-11,HIB,Range Regional Airport,MN,52,78.72,21.28,22.77,18.81,9.615
2025-11,SGU,St George Regional Airport,UT,406,90.8,8.68,0.15,19.91,0.739
2025-11,INL,Falls International Airport,MN,52,83.33,16.67,9.67,16.06,7.692
2025-11,APN,Alpena County Regional Airport,MI,52,83.33,14.58,5.35,16.71,7.692
2025-11,XWA,Williston Basin International Airport,ND,197,81.05,12.11,7.55,30.42,3.553
2025-11,BRD,Brainerd Lakes Regional Airport,MN,52,85.71,12.24,3.65,14.31,5.769
2025-11,RHI,Rhinelander Oneida County Airport,WI,58,84.91,15.09,14.09,11.49,8.621
2025-11,GUC,Gunnison Crested Butte Regional Airport,CO,59,93.1,8.62,9.29,30.02,1.695
2025-11,GTR,Golden Triangle Regional Airport,MS,30,79.31,17.24,2.52,16.59,3.333
2025-11,SAF,Santa Fe Municipal Airport,NM,302,79.86,17.41,8.37,21.97,2.98
2025-11,PIB,Hattiesburg Laurel Regional Airport,MS,50,82.0,18.0,36.26,13.54,0.0
2025-11,DDC,Dodge City Regional Airport,KS,50,96.0,4.0,9.32,16.28,0.0
2025-11,CYS,Cheyenne Regional Jerry Olson Field,WY,59,94.92,3.39,-4.71,22.63,0.0
2025-11,JST,John Murtha Johnstown Cambria County Airport,PA,59,63.16,35.09,75.3,19.77,3.39
2025-11,LAF,Purdue University Airport,IN,46,79.07,16.28,20.28,19.4,6.522
2025-11,MEI,Key Field / Meridian Regional Airport,MS,50,74.0,16.0,5.72,19.16,0.0
2025-11,DVL,Devils Lake Regional Airport,ND,50,92.0,8.0,0.54,18.76,0.0
2025-11,EAU,Chippewa Valley Regional Airport,WI,50,78.26,23.4,24.62,22.89,6.0
2025-11,JMS,Jamestown Regional Airport,ND,50,96.0,4.0,-7.8,19.88,0.0
2025-11,SCE,State College Regional Airport,PA,69,73.85,22.73,20.83,18.52,4.348
2025-11,OTH,Southwest Oregon Regional Airport,OR,30,76.67,23.33,28.5,17.13,0.0
2025-11,ROW,Roswell Air Center Airport,NM,59,77.19,17.54,26.72,18.63,3.39
2025-11,KTN,Ketchikan International Airport,AK,175,84.52,14.29,-2.43,12.93,4.0
2025-11,CDV,Merle K (Mudhole) Smith Airport,AK,58,91.23,12.28,-4.61,10.53,1.724
2025-11,SIT,Sitka Rocky Gutierrez Airport,AK,89,86.36,13.64,-4.14,12.78,1.124
2025-11,PSG,Petersburg James A Johnson Airport,AK,58,92.86,7.14,-9.3,12.66,3.448
2025-11,OME,Nome Airport,AK,29,79.31,24.14,3.76,10.28,0.0
2025-12,EWN,Coastal Carolina Regional Airport,NC,11,45.45,45.45,49.45,15.09,0.0
2025-12,MGM,Montgomery Regional (Dannelly Field) Airport,AL,106,63.37,44.55,67.33,16.14,4.717
2025-12,SWO,Stillwater Regional Airport,OK,62,67.74,32.26,50.08,23.48,0.0
2025-12,PAE,Seattle Paine Field International Airport,WA,111,85.32,17.12,5.19,16.26,0.0
2025-12,YAK,Yakutat Airport,AK,60,81.63,19.61,1.67,13.47,15.0
2025-12,ADQ,Kodiak Airport,AK,61,69.23,25.0,5.42,10.29,14.754
2026-01,JAC,Jackson Hole Airport,WY,575,81.72,21.61,17.41,22.12,2.609
2026-01,MFE,McAllen Miller International Airport,TX,397,86.49,14.05,8.91,13.7,6.801
2026-01,BET,Bethel Airport,AK,60,49.06,60.38,34.23,7.79,11.667
2026-01,SCC,Deadhorse Airport,AK,42,86.11,16.67,-3.31,10.14,14.286
2026-01,CDV,Merle K (Mudhole) Smith Airport,AK,60,79.25,22.22,16.35,7.19,10.0
2026-01,ADQ,Kodiak Airport,AK,59,58.0,42.0,55.54,7.72,15.254
2026-01,OTZ,Ralph Wien Memorial Airport,AK,30,67.86,39.29,20.89,5.5,6.667
2026-01,ORH,Worcester Regional Airport,MA,63,45.0,43.33,60.57,19.0,4.762
2026-01,VRB,Vero Beach Regional Airport,FL,62,68.97,37.93,16.74,16.71,6.452
2026-02,FAI,Fairbanks International Airport,AK,332,78.79,14.85,8.3,20.3,0.602
2026-02,TTN,Trenton Mercer Airport,NJ,66,77.19,19.3,7.26,21.91,13.636
2026-02,PGD,Punta Gorda Airport,FL,710,82.62,15.74,1.97,13.06,0.704
2026-02,CKB,North Central West Virginia Airport,WV,13,53.85,46.15,55.23,12.77,0.0
2026-02,CMI,University of Illinois Willard Airport,IL,136,84.56,14.71,5.93,12.91,0.0
2026-02,LCH,Lake Charles Regional Airport,LA,70,89.86,11.59,4.7,14.41,1.429
2026-02,SPS,Wichita Falls Municipal Airport / Sheppard Air Force Base,TX,56,85.71,16.07,10.84,15.38,0.0
2026-02,ALO,Waterloo Regional Airport,IA,48,77.08,12.5,24.25,24.75,0.0
2026-02,LBE,Arnold Palmer Regional Airport,PA,28,72.0,40.0,20.92,14.12,10.714
2026-02,ORH,Worcester Regional Airport,MA,69,66.13,28.57,13.32,19.68,8.696
2026-03,AEX,Alexandria International Airport,LA,92,87.64,15.73,3.78,15.04,3.261
2026-03,MGM,Montgomery Regional (Dannelly Field) Airport,AL,110,69.15,33.33,44.81,17.99,12.727
2026-03,EWN,Coastal Carolina Regional Airport,NC,31,76.67,26.67,16.17,17.87,3.226
2026-03,ATY,Watertown Regional Airport,SD,62,91.23,5.26,0.74,17.46,8.065
2026-03,LWB,Greenbrier Valley Airport,WV,45,68.29,24.39,45.1,21.63,8.889
2026-03,DRO,Durango La Plata County Airport,CO,401,80.56,19.95,21.83,21.35,2.494
2026-03,CMX,Houghton County Memorial Airport,MI,62,60.38,26.42,38.42,23.66,14.516
2026-03,DDC,Dodge City Regional Airport,KS,53,76.0,20.0,15.36,18.46,5.66
2026-03,LBL,Liberal Mid-America Regional Airport,KS,53,84.0,16.0,4.2,12.76,5.66
2026-03,FOD,Fort Dodge Regional Airport,IA,53,68.09,27.66,82.32,15.55,11.321
2026-03,RDD,Redding Municipal Airport,CA,141,81.56,9.93,5.11,17.27,0.0
2026-03,BIH,Eastern Sierra Regional Airport,CA,74,81.16,19.72,11.04,14.56,4.054
2026-03,INL,Falls International Airport,MN,53,92.0,8.0,-0.14,9.92,5.66
2026-03,APN,Alpena County Regional Airport,MI,53,73.17,24.39,38.56,16.61,22.642
2026-03,LYH,Lynchburg Regional Airport - Preston Glenn Field,VA,16,68.75,31.25,94.06,14.75,0.0
2026-04,SPN,Saipan International Airport,TT,30,62.5,33.33,57.0,11.92,20.0
2026-05,FAI,Fairbanks International Airport,AK,357,89.61,10.11,-0.77,10.82,0.28
2026-05,BET,Bethel Airport,AK,62,87.1,24.19,7.71,6.52,0.0
2026-05,BRW,Wiley Post Will Rogers Memorial Airport,AK,31,100.0,6.9,-5.86,6.14,6.452
2026-05,JNU,Juneau International Airport,AK,397,88.3,11.17,0.53,9.09,0.756
2026-05,KTN,Ketchikan International Airport,AK,205,93.1,9.8,-1.86,7.79,0.488
2026-05,OME,Nome Airport,AK,38,97.37,2.63,-6.16,5.03,0.0
2026-06,JFK,John F. Kennedy International Airport,NY,8750,74.95,22.4,16.3,30.1,2.023
2026-06,HHH,Hilton Head Airport,SC,294,75.7,23.1,26.81,16.14,1.361
2026-06,ACK,Nantucket Memorial Airport,MA,356,74.57,23.41,13.59,20.51,2.809
2026-06,GSO,Piedmont Triad International Airport,NC,820,79.95,22.04,11.66,15.64,4.268
2026-06,HYA,Cape Cod Gateway Airport,MA,53,78.85,19.23,10.81,22.67,1.887
2025-08,ASE,Aspen-Pitkin County Airport (Sardy Field),CO,659,65.23,33.97,35.03,20.79,3.945
2025-08,OTH,Southwest Oregon Regional Airport,OR,62,74.19,19.35,4.58,17.05,0.0
2025-08,RDD,Redding Municipal Airport,CA,181,80.56,16.57,12.85,18.12,0.0
2025-08,LWS,Lewiston Nez Perce County Airport,ID,61,91.8,8.2,-2.39,13.28,0.0
2025-08,TWF,Joslin Field Magic Valley Regional Airport,ID,56,98.21,0.0,-7.45,10.16,0.0
2025-08,BGM,Greater Binghamton/Edwin A Link field,NY,31,83.87,19.35,36.13,14.65,0.0
2025-08,CIU,Chippewa County International Airport,MI,93,78.89,14.13,9.12,18.39,1.075
2025-08,WYS,Yellowstone Airport,MT,73,79.41,22.22,10.96,14.03,1.37
2025-08,EKO,Elko Regional Airport,NV,48,97.92,2.08,-10.02,11.02,0.0
2025-08,CDC,Cedar City Regional Airport,UT,52,92.31,5.77,-3.19,16.5,0.0
2025-08,ACV,California Redwood Coast-Humboldt County Airport,CA,187,77.35,17.03,20.96,17.07,2.674
2025-08,CPR,Casper-Natrona County International Airport,WY,214,68.54,26.64,25.9,23.16,0.0
2025-08,GUC,Gunnison Crested Butte Regional Airport,CO,93,67.78,31.18,23.31,27.01,0.0
2025-08,DEC,Decatur Airport,IL,53,72.55,13.73,6.08,13.73,3.774
2025-08,GCC,Northeast Wyoming Regional Airport,WY,62,73.77,19.35,17.65,21.61,0.0
2025-08,SUX,Sioux Gateway Airport / Brigadier General Bud Day Field,IA,62,53.33,43.33,34.72,17.27,3.226
2025-08,RIW,Central Wyoming Regional Airport,WY,62,81.36,9.84,6.15,17.3,1.613
2025-08,JMS,Jamestown Regional Airport,ND,53,67.31,28.85,13.06,18.63,1.887
2025-10,HPN,Westchester County Airport,NY,898,78.65,16.65,9.22,15.24,0.334
2025-10,PSE,Mercedita International Airport,PR,42,97.62,4.76,-4.79,13.31,0.0
2025-10,SHV,Shreveport Regional Airport,LA,529,80.34,17.52,17.92,18.65,0.756
2025-10,AVP,Wilkes-Barre/Scranton International Airport,PA,148,84.46,10.14,-2.72,14.91,0.0
2025-10,MLI,Quad City International Airport,IL,369,78.75,14.13,5.4,17.54,0.271
2025-10,EWN,Coastal Carolina Regional Airport,NC,52,90.38,13.46,1.25,19.75,0.0
2025-10,GFK,Grand Forks International Airport,ND,111,89.19,11.71,-4.3,17.75,0.0
2025-10,ELM,Elmira Corning Regional Airport,NY,120,90.0,10.0,0.85,15.24,0.0
2025-10,BGM,Greater Binghamton/Edwin A Link field,NY,31,96.77,3.23,-5.39,15.61,0.0
2025-10,APN,Alpena County Regional Airport,MI,53,94.34,5.66,-1.55,14.53,0.0
2025-10,BRD,Brainerd Lakes Regional Airport,MN,53,96.23,5.66,-5.13,11.62,0.0
2025-10,CDC,Cedar City Regional Airport,UT,54,94.44,3.7,-2.46,18.2,0.0
2025-10,COU,Columbia Regional Airport,MO,320,77.22,16.72,9.13,17.05,0.938
2025-10,GTR,Golden Triangle Regional Airport,MS,33,81.25,18.75,22.69,16.0,3.03
2025-10,FLG,Flagstaff Pulliam Airport,AZ,168,79.76,17.86,13.08,23.48,0.0
2025-10,PVU,Provo Municipal Airport,UT,197,87.31,11.68,8.13,19.05,0.0
2025-10,CMX,Houghton County Memorial Airport,MI,62,87.1,8.06,7.47,15.76,0.0
2025-10,CYS,Cheyenne Regional Jerry Olson Field,WY,62,79.03,11.29,0.5,25.23,0.0
2025-10,SHR,Sheridan County Airport,WY,62,88.52,4.84,2.05,22.0,0.0
2025-10,GCC,Northeast Wyoming Regional Airport,WY,62,85.48,11.29,22.9,17.5,0.0
2025-10,JLN,Joplin Regional Airport,MO,62,75.81,16.13,17.13,18.69,0.0
2025-10,MGW,Morgantown Municipal Airport Walter L. (Bill) Hart Field,WV,62,66.13,27.42,31.03,19.16,0.0
2025-10,SUX,Sioux Gateway Airport / Brigadier General Bud Day Field,IA,62,80.65,8.06,1.13,18.73,0.0
2025-10,BFF,Western Neb. Rgnl/William B. Heilig Airport,NE,53,79.25,15.09,5.94,24.28,0.0
2025-10,HYS,Hays Regional Airport,KS,54,85.19,11.11,3.48,13.81,0.0
2025-10,EAU,Chippewa Valley Regional Airport,WI,54,85.19,16.67,12.28,16.57,0.0
2025-10,OTH,Southwest Oregon Regional Airport,OR,56,76.79,26.79,56.48,15.8,0.0
2025-10,GRK,Killeen Regional Airport / Robert Gray Army Airfield,TX,172,79.76,17.86,7.5,17.9,2.326
2025-10,SPI,Abraham Lincoln Capital Airport,IL,70,88.57,10.0,-1.33,12.14,0.0
2025-10,PAE,Seattle Paine Field International Airport,WA,81,85.0,12.5,2.9,15.29,1.235
2025-10,TTN,Trenton Mercer Airport,NJ,50,81.63,16.33,8.37,17.1,2.0
2025-10,AZA,Mesa Gateway Airport,AZ,532,83.96,18.87,7.62,14.82,0.376
2025-10,RFD,Chicago Rockford International Airport,IL,83,67.47,30.12,31.34,11.3,0.0
2025-10,BLV,Scott AFB/Midamerica Airport,IL,87,72.41,24.14,15.83,11.8,0.0
2025-10,PPG,Pago Pago International Airport,TT,13,92.31,15.38,-4.23,12.92,0.0
2025-10,BRO,Brownsville South Padre Island International Airport,TX,123,89.26,9.09,0.93,11.26,1.626
2025-10,FAY,Fayetteville Regional Airport - Grannis Field,NC,36,94.44,11.11,2.47,15.06,0.0
2025-10,CWA,Central Wisconsin Airport,WI,92,71.74,22.83,8.29,12.93,0.0
2025-10,CMI,University of Illinois Willard Airport,IL,165,75.76,18.79,11.21,13.96,0.0
2025-12,GGG,East Texas Regional Airport,TX,60,77.97,20.34,12.32,15.31,1.667
2025-12,GUM,Antonio B. Won Pat International Airport,TT,62,91.94,20.97,4.37,14.23,0.0
2026-01,ABE,Lehigh Valley International Airport,PA,260,79.08,22.73,27.76,19.26,6.923
2026-01,MGM,Montgomery Regional (Dannelly Field) Airport,AL,109,77.66,23.4,57.9,17.76,13.761
2026-01,SBN,South Bend International Airport,IN,648,58.82,33.06,38.93,35.16,5.247
2026-01,FWA,Fort Wayne International Airport,IN,517,69.01,26.96,26.15,27.61,3.868
2026-01,SWO,Stillwater Regional Airport,OK,62,86.79,15.09,3.02,19.91,14.516
2026-01,LAN,Capital Region International Airport,MI,165,60.13,32.08,52.32,32.09,3.636
2026-01,TWF,Joslin Field Magic Valley Regional Airport,ID,61,93.1,5.17,7.47,13.22,4.918
2026-01,PIH,Pocatello Regional Airport,ID,31,93.55,9.68,2.9,10.19,0.0
2026-01,DLH,Duluth International Airport,MN,117,58.77,36.84,51.52,29.25,2.564
2026-01,BIS,Bismarck Municipal Airport,ND,266,75.48,22.61,19.68,29.39,1.88
2026-01,BIL,Billings Logan International Airport,MT,334,89.09,9.34,-0.64,17.5,0.599
2026-01,CIU,Chippewa County International Airport,MI,62,75.0,25.0,23.27,32.81,16.129
2026-01,ATY,Watertown Regional Airport,SD,61,81.67,16.67,27.33,29.53,1.639
2026-01,ACV,California Redwood Coast-Humboldt County Airport,CA,160,82.17,13.38,14.68,15.55,1.875
2026-01,SMX,Santa Maria Public Airport Captain G Allan Hancock Field,CA,70,81.43,20.0,15.71,14.33,0.0
2026-01,YUM,Yuma International Airport / Marine Corps Air Station Yuma,AZ,180,86.59,11.17,5.92,15.09,0.556
2026-01,PVU,Provo Municipal Airport,UT,200,83.67,15.82,19.71,20.63,2.0
2026-01,LBL,Liberal Mid-America Regional Airport,KS,53,83.02,11.32,0.79,17.62,0.0
2026-01,DDC,Dodge City Regional Airport,KS,53,72.55,21.57,7.96,21.31,3.774
2026-01,EAR,Kearney Regional Airport,NE,53,82.69,23.08,24.13,20.77,1.887
2026-01,JMS,Jamestown Regional Airport,ND,53,76.0,16.0,32.58,22.46,5.66
2026-01,LAR,Laramie Regional Airport,WY,53,79.25,18.87,7.58,20.13,0.0
2026-01,EAU,Chippewa Valley Regional Airport,WI,53,54.72,39.62,51.42,31.68,0.0
2026-01,FMN,Four Corners Regional Airport,NM,31,64.52,32.26,34.29,28.42,0.0
2026-01,LAF,Purdue University Airport,IN,49,63.83,27.66,60.53,21.87,4.082
2026-01,SHR,Sheridan County Airport,WY,62,77.05,19.67,25.64,26.13,1.613
2026-01,PIB,Hattiesburg Laurel Regional Airport,MS,53,86.0,14.0,6.2,14.08,5.66
2026-01,SUX,Sioux Gateway Airport / Brigadier General Bud Day Field,IA,88,77.65,18.6,22.74,23.3,2.273
2026-01,RIW,Central Wyoming Regional Airport,WY,63,87.1,12.7,15.11,20.19,0.0
2026-01,DIK,Dickinson Theodore Roosevelt Regional Airport,ND,61,76.27,25.42,46.03,29.41,3.279
2026-01,DVL,Devils Lake Regional Airport,ND,53,71.43,28.57,34.76,26.1,7.547
2026-01,MGW,Morgantown Municipal Airport Walter L. (Bill) Hart Field,WV,61,64.44,37.78,41.91,24.27,26.23
2026-01,LNK,Lincoln Airport,NE,242,77.22,21.76,21.48,24.75,1.24
2026-01,GUC,Gunnison Crested Butte Regional Airport,CO,149,84.17,15.83,13.72,28.22,6.711
2026-01,RAP,Rapid City Regional Airport,SD,308,84.01,14.63,11.16,24.75,4.545
2026-01,HOB,Lea County Regional Airport,NM,62,83.33,12.96,17.43,17.72,12.903
2026-01,DHN,Dothan Regional Airport,AL,22,75.0,30.0,37.45,15.75,9.091
2026-01,MHK,Manhattan Regional Airport,KS,129,83.47,14.88,21.19,16.79,6.202
2026-01,BQK,Brunswick Golden Isles Airport,GA,4,33.33,100.0,51.0,17.67,25.0
2026-01,GUM,Antonio B. Won Pat International Airport,TT,62,90.32,12.9,3.97,15.03,0.0
2026-02,BET,Bethel Airport,AK,56,62.96,42.59,25.46,7.48,3.571
2026-02,SIT,Sitka Rocky Gutierrez Airport,AK,84,82.28,16.25,-1.41,12.33,4.762
2026-02,ADQ,Kodiak Airport,AK,56,79.25,22.64,2.91,6.34,5.357
2026-02,OTZ,Ralph Wien Memorial Airport,AK,28,80.0,28.0,13.32,5.24,10.714
2026-04,MOB,Mobile Regional Airport,AL,200,83.25,16.24,7.93,15.77,1.5
2026-04,GGG,East Texas Regional Airport,TX,59,81.36,15.25,6.58,14.86,0.0
2026-04,SGF,Springfield Branson National Airport,MO,647,81.0,16.64,16.37,16.65,1.546
2026-04,GNV,Gainesville Regional Airport,FL,225,91.82,10.0,5.4,13.32,2.222
2026-04,TXK,Texarkana Regional Airport (Webb Field),AR,60,83.33,16.67,7.37,15.37,0.0
2026-04,GPT,Gulfport Biloxi International Airport,MS,252,88.89,13.49,1.7,15.01,0.0
2026-04,TRI,Tri-Cities Regional TN/VA Airport,TN,77,76.32,22.37,16.5,9.09,1.299
2026-04,HPN,Westchester County Airport,NY,888,74.26,22.58,15.91,16.1,1.239
2026-04,ALO,Waterloo Regional Airport,IA,59,80.36,17.86,22.77,15.07,5.085
2026-04,ACY,Atlantic City International Airport,NJ,219,75.12,21.5,11.37,12.05,2.283
2026-04,EVV,Evansville Regional Airport,IN,137,71.21,28.03,28.97,17.74,3.65
2026-04,CRW,Yeager Airport,WV,216,79.15,19.81,11.84,20.13,1.852
2026-04,MLB,Melbourne Orlando International Airport,FL,235,89.32,14.1,10.37,17.18,0.426
2026-04,VRB,Vero Beach Regional Airport,FL,90,70.0,27.78,14.04,20.0,0.0
2026-04,RDD,Redding Municipal Airport,CA,141,67.38,21.99,9.76,22.18,0.0
2026-04,HLN,Helena Regional Airport,MT,120,93.33,4.17,-0.67,20.31,0.0
2026-04,OAJ,Albert J Ellis Airport,NC,116,91.38,9.48,3.25,19.11,0.0
2026-04,AZO,Kalamazoo/Battle Creek International Airport,MI,160,81.58,16.99,12.99,18.41,4.375
2026-04,SUN,Friedman Memorial Airport,ID,157,86.45,14.84,11.59,15.97,1.274
2026-04,RHI,Rhinelander Oneida County Airport,WI,60,82.76,15.52,1.31,16.16,3.333
2026-04,MBS,MBS International Airport,MI,124,62.81,31.4,27.77,18.26,2.419
2026-04,FLG,Flagstaff Pulliam Airport,AZ,164,84.15,17.68,10.5,20.5,0.0
2026-04,JST,John Murtha Johnstown Cambria County Airport,PA,52,60.42,29.17,64.27,18.85,7.692
2026-04,LAR,Laramie Regional Airport,WY,52,78.43,19.61,8.96,22.76,1.923
2026-04,LYH,Lynchburg Regional Airport - Preston Glenn Field,VA,60,77.97,23.73,25.1,13.98,1.667
2026-04,DDC,Dodge City Regional Airport,KS,52,78.85,19.23,32.96,18.77,0.0
2026-04,VCT,Victoria Regional Airport,TX,52,82.0,14.0,30.22,13.52,3.846
2026-04,SLN,Salina Municipal Airport,KS,81,88.75,10.0,6.25,13.46,1.235
2026-04,DIK,Dickinson Theodore Roosevelt Regional Airport,ND,52,76.92,13.46,21.21,28.37,0.0
2026-04,EAU,Chippewa Valley Regional Airport,WI,52,63.04,34.78,65.09,20.02,11.538
2026-04,RIW,Central Wyoming Regional Airport,WY,60,80.0,20.0,31.63,16.97,0.0
2026-04,LNK,Lincoln Airport,NE,270,73.85,23.37,25.27,19.69,3.333
2026-04,CLD,McClellan-Palomar Airport,CA,180,82.02,15.08,9.22,21.09,0.556
2026-04,BIH,Eastern Sierra Regional Airport,CA,28,71.43,17.86,16.29,18.21,0.0
2026-04,OTH,Southwest Oregon Regional Airport,OR,30,35.71,50.0,26.68,25.07,6.667
2026-06,TRI,Tri-Cities Regional TN/VA Airport,TN,170,80.65,21.02,16.78,11.2,7.647
2026-06,HSV,Huntsville International Airport,AL,677,83.08,18.2,17.44,15.05,3.397
2026-06,AGS,Augusta Regional At Bush Field,GA,111,78.43,25.96,22.05,17.78,6.306
2026-06,DAB,Daytona Beach International Airport,FL,300,85.17,14.83,10.67,15.43,3.333
2026-06,ABE,Lehigh Valley International Airport,PA,361,78.8,21.31,20.68,13.3,2.493
2026-06,DLH,Duluth International Airport,MN,216,76.19,16.04,9.66,18.56,1.852
2026-06,PSM,Portsmouth International Airport at Pease,NH,33,69.7,36.36,46.91,13.73,0.0
2026-06,MLI,Quad City International Airport,IL,321,78.81,17.82,13.2,15.85,5.607
2026-06,SCK,Stockton Metropolitan Airport,CA,40,67.5,27.5,23.88,13.58,0.0
2026-06,GUF,Jack Edwards National Airport,AL,126,61.11,40.48,68.63,13.12,0.0
2026-06,IAG,Niagara Falls International Airport,NY,23,56.52,43.48,32.83,12.7,0.0
2026-06,LFT,Lafayette Regional Airport,LA,176,73.96,24.26,24.42,17.18,3.977
2026-06,CMI,University of Illinois Willard Airport,IL,145,76.26,22.3,34.81,14.53,4.138
2026-06,CLL,Easterwood Field,TX,90,78.05,26.51,26.81,11.48,7.778
2026-06,FSM,Fort Smith Regional Airport,AR,115,81.48,14.81,7.03,13.78,6.087
2026-06,GGG,East Texas Regional Airport,TX,54,84.0,20.0,22.7,11.62,7.407
2026-06,GRK,Killeen Regional Airport / Robert Gray Army Airfield,TX,180,79.29,23.67,21.7,15.7,6.111
2026-06,BET,Bethel Airport,AK,60,86.67,15.0,6.28,6.08,0.0
2026-06,CDV,Merle K (Mudhole) Smith Airport,AK,60,95.0,8.33,-3.67,5.37,0.0
2026-06,AKN,King Salmon Airport,AK,36,91.67,16.67,0.94,5.31,0.0
2026-06,GST,Gustavus Airport,AK,25,95.83,12.5,1.58,7.79,4.0
2025-08,DHN,Dothan Regional Airport,AL,8,75.0,25.0,116.0,26.63,0.0
2025-10,SIT,Sitka Rocky Gutierrez Airport,AK,96,87.91,10.99,-1.56,13.99,5.208
2025-10,DLG,Dillingham Airport,AK,3,66.67,33.33,-1.67,10.33,0.0
2025-10,ADK,Adak Airport,AK,9,100.0,11.11,-5.0,9.78,0.0
2025-12,AZA,Mesa Gateway Airport,AZ,629,80.42,22.84,11.64,14.38,0.477
2025-12,PIE,St. Petersburg Clearwater International Airport,FL,786,68.91,28.04,13.78,14.02,1.527
2025-12,SFB,Orlando Sanford International Airport,FL,968,67.92,27.4,19.09,16.13,0.826
2025-12,HTS,Tri-State Airport / Milton J. Ferguson Field,WV,36,41.67,61.11,29.72,13.61,0.0
2025-12,CKB,North Central West Virginia Airport,WV,11,45.45,54.55,39.45,9.82,0.0
2025-12,ORH,Worcester Regional Airport,MA,64,62.9,29.03,31.44,18.61,3.125
2025-12,PQI,Presque Isle International Airport,ME,31,74.19,6.45,16.97,33.35,0.0
2026-01,PGD,Punta Gorda Airport,FL,682,76.65,25.15,11.15,13.44,1.466
2026-01,TOL,Eugene F. Kranz Toledo Express Airport,OH,39,66.67,15.38,1.03,21.28,0.0
2026-01,LCK,Rickenbacker International Airport,OH,63,77.05,21.31,15.1,15.16,3.175
2026-01,SWF,New York Stewart International Airport,NY,46,68.18,25.0,3.32,20.0,4.348
2026-01,BMI,Central Illinois Regional Airport at Bloomington-Normal,IL,138,83.58,15.67,12.44,17.45,2.899
2026-01,CWA,Central Wisconsin Airport,WI,66,75.0,21.54,17.22,24.95,1.515
2026-01,LSE,La Crosse Regional Airport,WI,83,83.75,17.5,12.01,16.96,3.614
2026-04,STC,Saint Cloud Regional Airport,MN,13,61.54,46.15,10.08,12.46,0.0
2026-04,IAG,Niagara Falls International Airport,NY,44,86.36,20.45,8.39,12.7,0.0
2026-04,PSM,Portsmouth International Airport at Pease,NH,50,86.0,16.0,-1.46,17.8,0.0
2026-04,TOL,Eugene F. Kranz Toledo Express Airport,OH,51,62.75,27.45,5.65,9.92,0.0
2026-04,BET,Bethel Airport,AK,60,75.0,26.67,7.38,8.35,0.0
2026-04,SCC,Deadhorse Airport,AK,44,97.67,6.98,-8.33,8.14,2.273
2026-04,CDV,Merle K (Mudhole) Smith Airport,AK,60,88.14,13.33,-3.73,5.85,0.0
2026-06,TXK,Texarkana Regional Airport (Webb Field),AR,60,78.18,26.79,41.36,16.86,6.667
2026-06,MQT,Marquette Sawyer Regional Airport,MI,111,77.78,22.22,21.96,13.62,2.703
2026-06,MGM,Montgomery Regional (Dannelly Field) Airport,AL,176,68.32,33.13,45.06,17.2,7.386
2026-06,ROW,Roswell Air Center Airport,NM,150,69.23,27.08,20.64,17.15,4.0
2026-06,RST,Rochester International Airport,MN,131,68.5,33.07,24.93,17.5,3.053
2026-06,ACV,California Redwood Coast-Humboldt County Airport,CA,225,58.13,36.27,29.66,19.56,9.333
2026-06,OAJ,Albert J Ellis Airport,NC,92,88.89,12.22,6.67,16.26,2.174
2026-06,BGM,Greater Binghamton/Edwin A Link field,NY,30,93.33,10.0,-3.6,14.37,0.0
2026-06,CIU,Chippewa County International Airport,MI,73,84.93,15.07,8.55,17.19,0.0
2026-06,INL,Falls International Airport,MN,62,88.71,14.52,9.68,13.08,0.0
2026-06,BRD,Brainerd Lakes Regional Airport,MN,51,92.16,9.8,1.82,15.14,0.0
2026-06,ATY,Watertown Regional Airport,SD,60,88.14,8.33,-5.03,17.67,0.0
2026-06,CDC,Cedar City Regional Airport,UT,51,96.0,3.92,-2.9,16.92,0.0
2026-06,BTM,Bert Mooney Airport,MT,60,81.67,16.67,5.65,15.95,0.0
2026-06,SJT,San Angelo Regional Mathis Field,TX,90,83.13,18.82,11.72,15.18,5.556
2026-06,EAR,Kearney Regional Airport,NE,81,74.36,14.1,6.95,19.82,3.704
2026-06,SUX,Sioux Gateway Airport / Brigadier General Bud Day Field,IA,77,81.82,14.29,4.6,16.65,0.0
2026-06,CYS,Cheyenne Regional Jerry Olson Field,WY,60,83.33,16.67,10.88,21.77,0.0
2026-06,SHR,Sheridan County Airport,WY,60,72.88,11.67,5.05,19.03,0.0
2026-06,LBL,Liberal Mid-America Regional Airport,KS,51,78.43,17.65,14.47,15.39,0.0
2026-06,VCT,Victoria Regional Airport,TX,51,56.86,33.33,54.45,16.75,0.0
2026-06,COD,Yellowstone Regional Airport,WY,103,63.37,31.07,30.84,23.45,0.0
2026-06,PRC,Prescott Regional Airport - Ernest A. Love Field,AZ,81,86.25,12.35,7.01,19.27,0.0
2026-06,BFF,Western Neb. Rgnl/William B. Heilig Airport,NE,51,60.78,25.49,37.02,22.16,0.0
2026-06,JMS,Jamestown Regional Airport,ND,51,76.47,19.61,21.51,16.75,0.0
2026-06,MEI,Key Field / Meridian Regional Airport,MS,51,82.0,10.0,-0.5,13.9,1.961
2026-06,FOD,Fort Dodge Regional Airport,IA,52,54.9,34.62,25.69,14.38,0.0
2026-07,AZA,Mesa Gateway Airport,AZ,524,77.5,19.39,11.28,14.84,0.573
2026-07,PGD,Punta Gorda Airport,FL,566,75.04,21.73,9.87,12.81,0.0
2026-07,IAG,Niagara Falls International Airport,NY,31,82.76,23.33,12.23,12.17,3.226
2026-07,TOL,Eugene F. Kranz Toledo Express Airport,OH,30,68.97,20.0,1.07,9.93,0.0
2026-07,SCK,Stockton Metropolitan Airport,CA,45,80.0,22.22,6.27,11.51,0.0
2026-07,BET,Bethel Airport,AK,61,75.41,26.23,13.43,5.82,0.0
2026-07,SCC,Deadhorse Airport,AK,45,88.64,18.18,9.95,8.27,2.222
2026-07,ADQ,Kodiak Airport,AK,92,86.81,17.58,1.65,4.74,1.087
2026-07,PAE,Seattle Paine Field International Airport,WA,105,80.81,8.74,0.2,12.79,1.905
2026-07,GST,Gustavus Airport,AK,31,82.76,27.59,7.45,9.55,6.452
2025-08,EWR,Newark Liberty International Airport,NJ,10410,77.92,23.4,17.39,22.72,1.201
2025-08,BOS,Boston Logan International Airport,MA,12461,81.37,19.91,10.71,20.2,0.995
2025-08,PHL,Philadelphia International Airport,PA,9120,72.24,28.03,20.22,21.91,1.305
2025-08,LAX,Los Angeles International Airport,CA,16493,82.55,17.69,10.4,17.68,0.534
2025-08,IAH,George Bush Intercontinental Airport,TX,9889,74.14,25.27,17.58,20.91,0.87
2025-08,MKE,General Mitchell International Airport,WI,2498,78.35,21.19,14.65,14.64,1.401
2025-08,SAT,San Antonio International Airport,TX,3444,81.54,17.51,10.85,12.88,1.19
2025-08,CMH,John Glenn Columbus International Airport,OH,3758,82.09,16.14,8.5,15.9,1.41
2025-08,IND,Indianapolis International Airport,IN,3876,81.39,17.43,11.14,15.25,1.109
2025-08,RDU,Raleigh-Durham International Airport,NC,4640,78.71,21.43,14.86,16.14,1.336
2025-08,AUS,Austin Bergstrom International Airport,TX,7214,78.15,21.98,14.1,15.49,0.943
2025-08,ROC,Frederick Douglass Greater Rochester International Airport,NY,897,81.18,19.59,12.16,13.26,1.561
2025-08,CHA,Chattanooga Metropolitan Airport (Lovell Field),TN,406,75.69,23.19,18.11,15.92,1.232
2025-08,STL,St. Louis Lambert International Airport,MO,5539,79.73,22.4,13.26,12.17,0.957
2025-08,PNS,Pensacola International Airport,FL,1287,78.96,20.71,19.66,14.69,1.321
2025-08,RIC,Richmond International Airport,VA,1543,77.81,21.42,12.69,16.45,1.361
2025-08,SLC,Salt Lake City International Airport,UT,9985,84.26,14.89,6.58,17.18,0.391
2025-08,DCA,Ronald Reagan Washington National Airport,VA,12098,76.82,22.19,13.94,21.23,2.116
2025-08,SAF,Santa Fe Municipal Airport,NM,340,76.13,18.56,9.4,19.38,1.765
2025-08,TUL,Tulsa International Airport,OK,1611,82.32,15.87,9.51,14.62,1.428
2025-08,HSV,Huntsville International Airport,AL,752,75.79,22.48,16.19,16.72,2.394
2025-08,SGF,Springfield Branson National Airport,MO,911,75.97,19.76,16.65,16.87,1.098
2025-08,MSN,Dane County Regional Truax Field,WI,1138,78.11,17.97,12.26,16.55,1.23
2025-08,TVC,Cherry Capital Airport,MI,706,70.61,26.49,18.2,15.68,2.691
2025-08,HPN,Westchester County Airport,NY,877,84.13,13.89,6.14,14.52,0.684
2025-08,OMA,Eppley Airfield,NE,2116,80.41,17.73,10.92,14.56,0.851
2025-08,XNA,Northwest Arkansas National Airport,AR,1044,78.89,17.78,11.47,16.08,1.437
2025-08,PIA,General Wayne A. Downing Peoria International Airport,IL,470,70.68,24.07,20.86,16.04,2.766
2025-08,DSM,Des Moines International Airport,IA,1372,79.29,19.2,16.64,15.68,1.312
2025-08,CID,The Eastern Iowa Airport,IA,661,77.27,19.17,13.72,14.73,1.362
2025-08,SRQ,Sarasota Bradenton International Airport,FL,1037,82.37,19.38,9.5,13.24,0.964
2025-08,ILM,Wilmington International Airport,NC,716,82.19,16.36,9.84,14.96,1.816
2025-08,MGM,Montgomery Regional (Dannelly Field) Airport,AL,169,68.29,29.09,45.62,16.45,2.367
2025-08,PWM,Portland International Jetport,ME,1309,80.42,17.57,10.1,15.74,1.299
2025-08,AVP,Wilkes-Barre/Scranton International Airport,PA,130,84.92,11.9,4.96,14.73,3.077
2025-08,VPS,Destin-Fort Walton Beach Airport,FL,1103,79.85,21.38,16.27,15.99,1.179
2025-08,MLB,Melbourne Orlando International Airport,FL,237,84.62,17.8,12.97,15.56,0.422
2025-08,SFO,San Francisco International Airport,CA,12594,79.62,18.64,10.94,21.12,0.643
2025-08,ANC,Ted Stevens Anchorage International Airport,AK,2228,79.16,19.55,9.08,15.34,1.032
2025-08,FCA,Glacier Park International Airport,MT,583,76.87,21.07,14.41,16.16,0.686
2025-08,LIH,Lihue Airport,HI,1356,89.22,10.48,2.2,10.07,0.811
2025-08,HNL,Daniel K. Inouye International Airport,HI,4921,88.65,10.98,4.91,15.75,0.224
2025-08,MTJ,Montrose Regional Airport,CO,184,67.8,28.18,18.6,19.28,1.63
2025-08,ELP,El Paso International Airport,TX,1372,81.83,17.62,9.37,14.59,1.531
2025-08,GEG,Spokane International Airport,WA,1736,82.14,16.79,7.15,16.89,0.518
2025-08,MFE,McAllen Miller International Airport,TX,365,75.07,19.83,16.44,14.27,1.918
2025-08,GUM,Antonio B. Won Pat International Airport,TT,62,91.94,6.45,0.42,15.21,0.0
2025-08,JFK,John F. Kennedy International Airport,NY,9110,78.99,21.28,14.11,29.08,0.922
2025-08,JNU,Juneau International Airport,AK,515,81.39,17.39,4.6,13.17,1.748
2025-08,YAK,Yakutat Airport,AK,62,85.48,17.74,-4.58,12.35,0.0
2025-08,ORH,Worcester Regional Airport,MA,62,79.66,19.67,32.87,16.02,1.613
2025-09,FAR,Hector International Airport,ND,576,83.01,12.04,4.97,17.17,0.521
2025-09,EVV,Evansville Regional Airport,IN,165,87.73,12.2,1.57,15.32,0.606
2025-09,PIT,Pittsburgh International Airport,PA,3672,86.22,13.1,5.6,14.0,0.654
2025-09,HOU,William P. Hobby Airport,TX,4452,86.06,14.84,5.24,13.32,0.112
2025-09,CVG,Cincinnati Northern Kentucky International Airport,KY,2613,85.35,13.59,5.55,15.08,0.612
2025-09,AUS,Austin Bergstrom International Airport,TX,6889,84.17,15.56,7.75,15.39,0.392
2025-09,OMA,Eppley Airfield,NE,1955,86.1,12.76,4.08,14.33,0.563
2025-09,CMI,University of Illinois Willard Airport,IL,128,87.3,9.45,0.97,11.25,0.781
2025-09,LBB,Lubbock Preston Smith International Airport,TX,561,83.73,14.57,10.47,15.33,0.891
2025-09,HPN,Westchester County Airport,NY,837,84.44,12.73,3.22,14.97,0.478
2025-09,LFT,Lafayette Regional Airport,LA,239,84.32,15.19,5.71,15.96,0.837
2025-09,XNA,Northwest Arkansas National Airport,AR,1039,81.94,18.1,11.0,16.04,0.577
2025-09,MSP,Minneapolis–Saint Paul International Airport / Wold–Chamberlain Field,MN,9559,85.59,14.09,5.14,17.62,0.105
2025-09,MSO,Missoula Montana Airport,MT,359,83.47,13.13,7.97,15.63,0.279
2025-09,BMI,Central Illinois Regional Airport at Bloomington-Normal,IL,157,87.18,11.54,3.22,14.44,0.637
2025-09,COU,Columbia Regional Airport,MO,230,76.99,19.82,9.83,14.24,1.304
2025-09,MFE,McAllen Miller International Airport,TX,345,81.71,16.47,8.79,14.69,1.449
2025-09,BOS,Boston Logan International Airport,MA,11597,75.72,26.1,16.83,20.02,1.354
2025-09,SYR,Syracuse Hancock International Airport,NY,801,85.12,12.55,5.43,15.44,0.499
2025-09,LAN,Capital Region International Airport,MI,173,86.13,10.4,3.15,15.01,0.0
2025-09,AVL,Asheville Regional Airport,NC,912,81.77,15.64,8.86,15.96,0.439
2025-09,BFL,Meadows Field,CA,211,89.86,7.25,-0.5,17.24,1.896
2025-09,CAE,Columbia Metropolitan Airport,SC,492,89.09,13.11,5.48,15.03,0.813
2025-09,HSV,Huntsville International Airport,AL,779,83.31,16.9,8.54,15.7,0.513
2025-09,RDM,Roberts Field,OR,595,84.63,12.98,1.76,18.56,0.336
2025-09,GSO,Piedmont Triad International Airport,NC,914,89.87,9.14,5.68,15.24,0.656
2025-09,JAN,Jackson-Medgar Wiley Evers International Airport,MS,533,91.48,9.81,0.32,13.25,0.563
2025-09,MQT,Marquette Sawyer Regional Airport,MI,122,81.15,18.03,17.66,14.83,0.0
2025-09,BWI,Baltimore/Washington International Thurgood Marshall Airport,MD,7968,85.47,17.7,7.81,15.01,0.176
2025-09,TRI,Tri-Cities Regional TN/VA Airport,TN,161,84.38,17.5,7.71,12.28,0.621
2025-09,TYR,Tyler Pounds Regional Airport,TX,90,79.78,16.85,6.13,13.37,1.111
2025-09,GNV,Gainesville Regional Airport,FL,232,93.07,10.39,-0.54,11.88,0.431
2025-09,LCH,Lake Charles Regional Airport,LA,108,84.91,15.09,7.3,16.58,1.852
2025-09,SEA,Seattle–Tacoma International Airport,WA,14552,82.92,16.58,5.99,23.15,0.289
2025-09,PNS,Pensacola International Airport,FL,1091,87.85,12.14,10.86,13.2,0.367
2025-09,MSY,Louis Armstrong New Orleans International Airport,LA,3619,85.88,13.56,6.32,13.3,0.359
2025-09,SBA,Santa Barbara Municipal Airport,CA,671,82.76,17.84,7.95,15.91,0.596
2025-09,CHA,Chattanooga Metropolitan Airport (Lovell Field),TN,455,83.07,16.37,10.39,15.14,0.659
2025-09,GRK,Killeen Regional Airport / Robert Gray Army Airfield,TX,128,78.4,18.25,5.82,16.28,1.563
2025-09,BTR,Baton Rouge Metropolitan Airport,LA,354,88.03,11.36,8.2,14.74,0.565
2025-09,SJC,Mineta San Jose International Airport,CA,3777,85.51,15.46,5.06,14.23,0.503
2025-09,SAT,San Antonio International Airport,TX,3334,85.62,13.64,6.41,12.81,0.63
2025-09,FWA,Fort Wayne International Airport,IN,523,81.35,16.15,7.62,18.06,0.574
2025-09,BDL,Bradley International Airport,CT,1804,85.95,11.83,3.85,12.98,0.222
2025-09,DEN,Denver International Airport,CO,26548,79.39,19.57,9.33,19.89,0.124
2025-09,LAX,Los Angeles International Airport,CA,15262,85.78,14.49,6.2,17.58,0.282
2025-09,ALO,Waterloo Regional Airport,IA,52,80.77,15.38,6.77,18.65,0.0
2025-09,MCO,Orlando International Airport,FL,11256,84.57,15.63,6.52,18.52,0.222
2025-09,SFO,San Francisco International Airport,CA,11830,82.44,15.58,6.81,21.64,0.254
2025-09,LAS,Harry Reid International Airport,NV,14399,78.8,22.25,12.4,20.34,0.528
2025-09,RSW,Southwest Florida International Airport,FL,1847,88.16,13.45,6.28,13.04,0.162
2025-09,SRQ,Sarasota Bradenton International Airport,FL,859,91.13,10.14,0.88,12.44,0.116
2025-09,GTF,Great Falls International Airport,MT,196,90.31,9.18,1.14,14.97,0.0
2025-09,SJU,Luis Munoz Marin International Airport,PR,1965,80.75,19.49,11.92,14.21,0.0
2025-09,EUG,Eugene Airport,OR,723,86.96,12.55,3.23,16.18,0.83
2025-09,FAT,Fresno Yosemite International Airport,CA,1127,84.22,13.21,6.51,16.83,0.621
2025-09,DAY,James M. Cox Dayton International Airport,OH,639,86.57,12.09,4.9,15.24,0.313
2025-09,GEG,Spokane International Airport,WA,1587,86.4,12.37,3.76,16.43,0.189
2025-09,BQN,Rafael Hernández International Airport,PR,123,85.25,18.85,7.66,13.16,0.813
2025-09,LAW,Lawton Fort Sill Regional Airport,OK,90,86.52,10.11,4.55,15.19,1.111
2025-09,MLB,Melbourne Orlando International Airport,FL,235,92.77,9.79,1.82,15.98,0.0
2025-09,ISP,Long Island MacArthur Airport,NY,351,83.33,14.0,4.52,11.7,0.285
2025-09,ITO,Hilo International Airport,HI,522,94.43,5.57,-0.43,9.89,0.192
2025-09,LGB,Long Beach International Airport,CA,1381,89.33,12.84,4.54,12.46,0.145
2025-09,JNU,Juneau International Airport,AK,450,85.0,12.67,3.1,12.72,1.778
2025-09,BRW,Wiley Post Will Rogers Memorial Airport,AK,30,90.0,13.33,-6.17,9.8,0.0
2025-09,CDV,Merle K (Mudhole) Smith Airport,AK,60,75.86,31.03,3.67,12.88,3.333
2025-09,OME,Nome Airport,AK,30,86.67,20.0,-3.13,9.43,0.0
2025-09,PQI,Presque Isle International Airport,ME,30,96.67,3.33,-3.83,9.03,0.0
2025-09,ORH,Worcester Regional Airport,MA,32,84.38,18.75,22.34,12.53,0.0
2025-09,PSE,Mercedita International Airport,PR,48,100.0,2.08,-5.21,12.85,0.0
2025-09,PGD,Punta Gorda Airport,FL,297,87.88,14.48,0.93,11.88,0.0
2025-09,USA,Concord-Padgett Regional Airport,NC,52,67.31,28.85,29.0,13.63,0.0
2025-09,PPG,Pago Pago International Airport,TT,14,92.86,7.14,-5.29,12.71,0.0
2025-10,DEN,Denver International Airport,CO,27763,80.79,19.51,8.81,18.28,0.133
2025-10,MAF,Midland International Air and Space Port,TX,854,83.67,17.04,8.35,16.04,0.351
2025-10,SAN,San Diego International Airport,CA,8687,79.01,26.28,13.87,21.97,0.921
2025-10,SFO,San Francisco International Airport,CA,12774,80.14,19.67,10.1,21.6,0.36
2025-10,MSP,Minneapolis–Saint Paul International Airport / Wold–Chamberlain Field,MN,9657,84.65,13.46,5.22,16.49,0.217
2025-10,BUR,Hollywood Burbank/Bob Hope Airport,CA,2624,79.02,21.49,10.2,20.08,1.067
2025-10,JAX,Jacksonville International Airport,FL,2439,82.54,17.26,7.56,14.63,0.451
2025-10,GEG,Spokane International Airport,WA,1579,83.67,15.15,6.07,18.11,0.507
2025-10,OGG,Kahului International Airport,HI,2054,85.44,13.72,5.44,10.36,0.974
2025-10,ONT,Ontario International Airport,CA,2265,81.56,19.03,9.61,15.12,0.486
2025-10,SLC,Salt Lake City International Airport,UT,9841,85.7,13.2,5.02,17.32,0.112
2025-10,FAT,Fresno Yosemite International Airport,CA,1229,81.46,14.41,6.17,17.85,0.651
2025-10,TPA,Tampa International Airport,FL,6075,79.21,19.01,10.23,17.33,0.51
2025-10,EGE,Eagle County Regional Airport,CO,129,79.07,10.08,15.33,26.16,0.0
2025-10,GRR,Gerald R. Ford International Airport,MI,1782,82.04,14.42,5.54,16.17,0.393
2025-10,SRQ,Sarasota Bradenton International Airport,FL,1293,86.08,15.83,7.56,13.52,0.309
2025-10,PWM,Portland International Jetport,ME,1266,81.43,16.14,9.34,15.24,0.632
2025-10,GJT,Grand Junction Regional Airport,CO,406,79.95,13.33,4.1,21.85,0.246
2025-10,MSN,Dane County Regional Truax Field,WI,1306,81.6,13.69,7.86,16.36,0.459
2025-10,MTJ,Montrose Regional Airport,CO,153,78.29,20.39,14.63,21.72,0.654
2025-10,DAY,James M. Cox Dayton International Airport,OH,734,86.15,12.98,2.98,15.61,0.272
2025-10,ICT,Wichita Dwight D. Eisenhower National Airport,KS,974,84.0,14.02,6.83,15.11,0.411
2025-10,STT,Cyril E. King Airport,VI,223,90.54,14.35,1.54,14.09,0.0
2025-10,BHM,Birmingham-Shuttlesworth International Airport,AL,1540,84.22,14.97,4.91,15.29,0.26
2025-10,HOU,William P. Hobby Airport,TX,4887,78.05,23.95,11.35,12.75,0.225
2025-11,LIH,Lihue Airport,HI,1236,85.94,11.4,1.45,10.16,2.023
2025-11,ORD,Chicago O'Hare International Airport,IL,28703,73.3,24.47,18.26,27.78,5.592
2025-11,SAT,San Antonio International Airport,TX,3440,84.11,15.68,6.49,13.28,1.192
2025-11,SMF,Sacramento International Airport,CA,4662,81.81,18.48,7.65,14.77,1.78
2025-11,BOS,Boston Logan International Airport,MA,11385,78.04,20.22,12.63,21.08,2.758
2025-11,RAP,Rapid City Regional Airport,SD,343,83.28,13.43,6.41,20.64,2.332
2025-11,EUG,Eugene Airport,OR,695,86.05,12.32,4.87,16.09,1.871
2025-11,MSP,Minneapolis–Saint Paul International Airport / Wold–Chamberlain Field,MN,8806,82.07,15.84,8.61,19.66,2.158
2025-11,MCI,Kansas City International Airport,MO,3956,81.15,18.46,10.71,16.53,1.82
2025-11,MSN,Dane County Regional Truax Field,WI,1147,78.5,16.64,13.24,20.01,4.621
2025-11,AUS,Austin Bergstrom International Airport,TX,7346,76.04,24.96,16.03,16.55,1.048
2025-11,PDX,Portland International Airport,OR,4976,84.18,14.28,5.99,17.17,1.507
2025-11,BZN,Bozeman Yellowstone International Airport,MT,660,86.05,13.16,11.14,18.95,2.121
2025-11,CVG,Cincinnati Northern Kentucky International Airport,KY,2713,82.74,15.38,9.51,16.48,2.691
2025-11,MCO,Orlando International Airport,FL,13206,79.11,21.14,12.51,19.82,1.916
2025-11,DCA,Ronald Reagan Washington National Airport,VA,11586,72.66,26.09,16.31,21.96,3.038
2025-11,SAN,San Diego International Airport,CA,8246,77.11,25.27,13.9,22.47,2.813
2025-11,ELP,El Paso International Airport,TX,1438,82.11,18.42,8.9,15.57,1.46
2025-11,FLL,Fort Lauderdale Hollywood International Airport,FL,7609,77.63,23.15,13.88,16.93,2.418
2025-11,MFR,Rogue Valley International-Medford Airport,OR,419,81.71,15.61,7.4,19.0,2.148
2025-11,PBI,President Donald J. Trump International Airport,FL,2792,76.77,25.03,18.13,15.87,2.113
2025-11,IND,Indianapolis International Airport,IN,3904,83.05,16.11,8.66,16.73,2.843
2025-11,ORF,Norfolk International Airport,VA,1648,80.44,16.97,9.93,17.76,3.459
2025-11,SJC,Mineta San Jose International Airport,CA,3659,82.96,17.47,7.27,15.04,1.121
2025-11,CID,The Eastern Iowa Airport,IA,636,74.2,26.38,22.16,16.67,5.818
2025-11,OGG,Kahului International Airport,HI,2037,84.65,12.48,4.36,10.58,1.276
2025-11,PSC,Tri Cities Airport,WA,542,88.16,11.07,9.57,18.42,1.661
2025-11,PWM,Portland International Jetport,ME,656,82.05,18.24,8.51,16.65,3.049
2025-11,GRR,Gerald R. Ford International Airport,MI,1646,78.92,17.86,11.0,21.49,3.038
2025-11,RIC,Richmond International Airport,VA,1649,79.99,18.86,11.22,17.94,3.517
2025-11,MKE,General Mitchell International Airport,WI,2230,79.15,18.17,10.88,17.75,4.26
2025-11,ONT,Ontario International Airport,CA,2184,81.93,17.53,8.32,14.92,2.06
2025-11,PNS,Pensacola International Airport,FL,1021,81.04,19.16,14.84,15.09,2.351
2025-11,VPS,Destin-Fort Walton Beach Airport,FL,677,86.08,14.2,5.03,16.3,2.216
2025-11,PVD,Rhode Island T. F. Green International Airport,RI,1351,78.64,19.85,11.07,15.31,1.925
2025-11,TYS,McGhee Tyson Airport,TN,1048,76.45,22.41,15.5,17.56,2.481
2025-11,BIS,Bismarck Municipal Airport,ND,280,84.31,12.0,8.41,24.13,1.786
2025-11,STT,Cyril E. King Airport,VI,367,79.83,21.15,14.34,15.73,0.817
2025-11,JAN,Jackson-Medgar Wiley Evers International Airport,MS,452,81.19,18.58,20.85,14.95,3.54
2025-11,HOU,William P. Hobby Airport,TX,4551,80.15,23.3,11.62,12.89,2.197
2025-11,LEX,Blue Grass Airport,KY,695,79.38,20.59,15.02,17.93,2.878
2025-11,ILM,Wilmington International Airport,NC,558,81.7,18.93,13.5,18.34,2.509
2025-11,LIT,Bill & Hillary Clinton National Airport/Adams Field,AR,1117,82.09,16.44,8.1,16.34,3.044
2025-11,CAE,Columbia Metropolitan Airport,SC,483,81.22,17.17,16.92,17.6,4.762
2025-11,HRL,Valley International Airport,TX,359,83.14,19.14,10.99,12.99,2.507
2025-11,PSE,Mercedita International Airport,PR,56,91.07,8.93,-2.93,12.96,0.0
2025-11,PGD,Punta Gorda Airport,FL,605,85.93,14.48,0.53,11.92,0.661
2025-11,SPI,Abraham Lincoln Capital Airport,IL,68,78.13,21.88,4.92,14.5,5.882
2025-11,PIA,General Wayne A. Downing Peoria International Airport,IL,446,78.0,19.32,14.65,17.33,8.296
2025-11,SFB,Orlando Sanford International Airport,FL,773,72.27,25.42,13.61,17.23,0.259
2025-11,IAG,Niagara Falls International Airport,NY,28,67.86,25.0,20.29,13.43,0.0
2025-11,ELM,Elmira Corning Regional Airport,NY,105,78.0,25.0,12.46,17.31,4.762
2025-11,GTF,Great Falls International Airport,MT,164,89.94,8.81,-0.71,16.08,3.049
2025-11,TOL,Eugene F. Kranz Toledo Express Airport,OH,31,70.97,35.48,16.03,13.42,0.0
2025-11,SCK,Stockton Metropolitan Airport,CA,48,63.83,40.43,45.96,11.77,2.083
2025-11,BMI,Central Illinois Regional Airport at Bloomington-Normal,IL,163,83.22,13.42,6.66,16.45,8.589
2025-11,GFK,Grand Forks International Airport,ND,106,93.07,6.93,-1.87,23.24,4.717
2025-11,PPG,Pago Pago International Airport,TT,12,100.0,0.0,-7.83,12.67,0.0
2025-11,MQT,Marquette Sawyer Regional Airport,MI,119,78.07,19.3,28.19,20.78,4.202
2025-11,MAF,Midland International Air and Space Port,TX,807,84.55,13.67,7.12,15.36,2.974
2025-11,AVP,Wilkes-Barre/Scranton International Airport,PA,154,81.51,15.65,7.63,16.67,4.545
2025-11,ACT,Waco Regional Airport,TX,87,80.0,17.33,16.05,17.35,13.793
2025-11,COU,Columbia Regional Airport,MO,298,78.78,19.35,12.12,18.06,6.376
2025-11,AZO,Kalamazoo/Battle Creek International Airport,MI,171,84.97,10.46,16.72,22.9,10.526
2025-11,GRK,Killeen Regional Airport / Robert Gray Army Airfield,TX,173,82.8,14.01,6.32,17.53,9.249
2025-11,TYR,Tyler Pounds Regional Airport,TX,87,77.92,15.58,20.51,22.18,11.494
2025-11,FAY,Fayetteville Regional Airport - Grannis Field,NC,29,92.31,7.69,-6.27,19.08,10.345
2025-11,MHT,Manchester-Boston Regional Airport,NH,451,84.42,12.64,8.63,14.81,1.774
2025-12,FLL,Fort Lauderdale Hollywood International Airport,FL,8886,64.91,37.3,24.67,17.83,2.071
2025-12,JFK,John F. Kennedy International Airport,NY,8856,65.63,30.02,22.62,26.89,4.02
2025-12,BDL,Bradley International Airport,CT,1837,67.39,28.14,17.93,17.9,1.742
2025-12,STT,Cyril E. King Airport,VI,494,81.52,23.17,17.5,15.81,0.405
2025-12,AUS,Austin Bergstrom International Airport,TX,7528,77.92,25.64,15.56,15.7,0.624
2025-12,MHT,Manchester-Boston Regional Airport,NH,469,72.87,21.01,12.8,17.79,2.559
2025-12,VRB,Vero Beach Regional Airport,FL,42,48.78,53.66,44.29,19.39,2.381
2025-12,IAH,George Bush Intercontinental Airport,TX,9971,79.38,21.19,14.02,20.5,0.602
2025-12,DAB,Daytona Beach International Airport,FL,285,79.64,25.0,17.55,13.89,1.754
2025-12,MCI,Kansas City International Airport,MO,3969,74.48,26.31,19.9,17.53,1.361
2025-12,CVG,Cincinnati Northern Kentucky International Airport,KY,2710,67.7,27.4,22.48,20.86,1.697
2025-12,OGG,Kahului International Airport,HI,2217,77.02,18.64,8.22,11.83,0.767
2025-12,IAD,Washington Dulles International Airport,VA,4676,74.77,21.54,14.74,22.31,0.706
2025-12,DAL,Dallas Love Field,TX,6070,78.7,27.77,13.42,12.51,0.379
2025-12,MSN,Dane County Regional Truax Field,WI,1029,72.94,25.78,26.7,20.13,3.11
2025-12,PDX,Portland International Airport,OR,5124,79.25,21.32,10.76,17.08,0.605
2025-12,EYW,Key West International Airport,FL,866,74.3,27.27,18.8,14.79,0.924
2025-12,SBA,Santa Barbara Municipal Airport,CA,683,79.13,20.72,19.07,15.68,2.489
2025-12,SJC,Mineta San Jose International Airport,CA,3622,81.18,20.5,9.67,14.17,0.856
2025-12,GSO,Piedmont Triad International Airport,NC,806,72.03,22.96,18.54,20.38,2.73
2025-12,TUS,Tucson International Airport,AZ,1784,82.67,17.19,9.21,15.05,0.561
2025-12,ILM,Wilmington International Airport,NC,544,77.02,24.06,19.0,17.89,2.206
2025-12,JAC,Jackson Hole Airport,WY,446,70.23,31.71,44.44,28.58,3.139
2025-12,HOU,William P. Hobby Airport,TX,4633,81.98,22.87,10.05,13.13,0.41
2025-12,TLH,Tallahassee International Airport,FL,354,80.35,21.33,15.05,15.14,1.977
2025-12,BOI,Boise Air Terminal/Gowen Field,ID,2012,83.75,17.8,8.67,17.53,0.596
2025-12,CAE,Columbia Metropolitan Airport,SC,427,72.86,27.14,20.86,17.32,1.639
2025-12,TYS,McGhee Tyson Airport,TN,969,69.55,30.33,27.87,17.06,1.342
2025-12,AVL,Asheville Regional Airport,NC,715,68.43,27.31,22.65,17.98,1.678
2025-12,MDT,Harrisburg International Airport,PA,443,64.58,31.64,28.81,20.03,2.257
2025-12,HDN,Yampa Valley Airport,CO,285,75.54,32.26,28.97,23.0,2.105
2025-12,SGF,Springfield Branson National Airport,MO,656,76.43,22.6,13.25,18.47,1.524
2025-12,STX,Henry E. Rohlsen Airport,VI,133,78.95,26.32,11.11,15.26,0.0
2025-12,IDA,Idaho Falls Regional Airport,ID,400,79.35,20.05,18.37,22.26,0.25
2025-12,XNA,Northwest Arkansas National Airport,AR,1103,81.24,18.19,13.08,18.14,0.816
2025-12,OAJ,Albert J Ellis Airport,NC,17,76.47,29.41,29.0,13.41,0.0
2025-12,ASE,Aspen-Pitkin County Airport (Sardy Field),CO,803,62.26,39.43,42.33,24.73,3.985
2025-12,FLG,Flagstaff Pulliam Airport,AZ,152,85.53,14.47,10.48,21.55,0.0
2025-12,FAT,Fresno Yosemite International Airport,CA,1082,81.27,17.64,8.3,16.8,0.462
2025-12,BFL,Meadows Field,CA,282,80.22,18.64,15.83,19.25,1.064
2025-12,LWS,Lewiston Nez Perce County Airport,ID,62,85.25,14.52,24.63,18.58,0.0
2025-12,EVV,Evansville Regional Airport,IN,196,77.2,20.62,17.32,19.65,1.02
2025-12,TWF,Joslin Field Magic Valley Regional Airport,ID,59,94.92,5.08,-2.2,11.15,0.0
2025-12,FWA,Fort Wayne International Airport,IN,544,57.36,38.53,43.22,28.31,2.206
2025-12,GTF,Great Falls International Airport,MT,176,91.43,11.43,8.02,16.78,0.568
2025-12,ELM,Elmira Corning Regional Airport,NY,111,60.55,36.7,27.55,23.72,1.802
2025-12,OAK,Oakland San Francisco Bay Airport,CA,2646,76.69,27.02,12.52,12.68,0.567
2025-12,MFE,McAllen Miller International Airport,TX,387,80.57,18.91,19.89,14.5,0.258
2025-12,HIB,Range Regional Airport,MN,53,66.04,32.08,30.08,24.13,0.0
2025-12,SGU,St George Regional Airport,UT,382,89.79,7.59,0.99,20.66,0.0
2025-12,XWA,Williston Basin International Airport,ND,203,59.7,39.11,45.0,35.06,0.493
2025-12,IMT,Ford Airport,MI,62,58.93,41.07,49.3,21.52,9.677
2025-12,CDC,Cedar City Regional Airport,UT,54,96.3,5.56,-4.8,20.17,0.0
2025-12,MLI,Quad City International Airport,IL,357,66.76,27.91,36.63,21.43,3.641
2025-12,ACV,California Redwood Coast-Humboldt County Airport,CA,180,72.25,21.26,12.92,21.16,3.333
2025-12,FNT,Bishop International Airport,MI,309,62.96,30.67,38.69,25.9,2.913
2025-12,GTR,Golden Triangle Regional Airport,MS,31,80.65,16.13,6.74,19.1,0.0
2025-12,BTM,Bert Mooney Airport,MT,60,83.33,11.67,21.25,24.02,0.0
2025-12,DDC,Dodge City Regional Airport,KS,55,74.55,18.18,41.89,20.56,0.0
2025-12,EAR,Kearney Regional Airport,NE,54,85.19,12.96,10.33,20.04,0.0
2025-12,SUX,Sioux Gateway Airport / Brigadier General Bud Day Field,IA,62,49.15,32.2,36.8,28.88,4.839
2025-12,PIR,Pierre Regional Airport,SD,55,83.33,9.26,30.33,27.0,1.818
2025-12,RIW,Central Wyoming Regional Airport,WY,62,85.48,16.13,12.1,16.18,0.0
2025-12,FMN,Four Corners Regional Airport,NM,31,70.97,12.9,22.94,26.81,0.0
2025-12,PIB,Hattiesburg Laurel Regional Airport,MS,55,72.73,29.09,38.11,14.53,0.0
2025-12,SLN,Salina Municipal Airport,KS,90,59.09,37.5,51.74,23.05,2.222
2025-12,HYS,Hays Regional Airport,KS,55,78.18,16.36,11.87,17.16,0.0
2025-12,RST,Rochester International Airport,MN,99,44.44,56.67,56.87,21.57,9.091
2026-01,HSV,Huntsville International Airport,AL,572,79.55,19.51,17.03,19.07,6.818
2026-01,MIA,Miami International Airport,FL,10439,76.04,26.21,18.03,21.07,5.01
2026-01,MOB,Mobile Regional Airport,AL,180,89.29,13.69,4.74,14.04,6.667
2026-01,XNA,Northwest Arkansas National Airport,AR,1077,84.23,15.05,10.27,18.0,6.871
2026-01,CRP,Corpus Christi International Airport,TX,330,86.26,13.42,9.47,15.37,5.152
2026-01,ROW,Roswell Air Center Airport,NM,61,83.64,16.36,10.18,18.11,9.836
2026-01,MSO,Missoula Montana Airport,MT,360,84.7,12.75,11.29,21.67,1.944
2026-01,SEA,Seattle–Tacoma International Airport,WA,11927,81.61,19.93,10.24,20.33,1.912
2026-01,CVG,Cincinnati Northern Kentucky International Airport,KY,2380,80.34,17.3,11.85,17.95,6.261
2026-01,MQT,Marquette Sawyer Regional Airport,MI,97,54.44,46.67,76.23,27.09,7.216
2026-01,COS,City of Colorado Springs Municipal Airport,CO,924,82.46,17.39,10.39,22.95,2.273
2026-01,FSD,Sioux Falls Regional Airport,SD,612,80.83,18.64,16.2,23.13,1.797
2026-01,TYS,McGhee Tyson Airport,TN,921,77.39,21.76,19.25,18.73,8.686
2026-01,ICT,Wichita Dwight D. Eisenhower National Airport,KS,863,83.43,14.73,5.41,18.95,4.056
2026-01,CLD,McClellan-Palomar Airport,CA,62,87.1,14.52,3.06,14.45,0.0
2026-01,HRL,Valley International Airport,TX,322,90.06,11.54,4.08,11.15,3.106
2026-01,ABQ,Albuquerque International Sunport,NM,1759,86.96,12.68,5.75,16.13,2.274
2026-01,MLU,Monroe Regional Airport,LA,66,91.67,6.67,23.77,16.35,9.091
2026-01,ORF,Norfolk International Airport,VA,1390,81.15,16.78,12.27,17.28,7.41
2026-01,ALB,Albany International Airport,NY,910,77.23,18.13,15.42,19.84,6.044
2026-01,OKC,OKC Will Rogers World Airport,OK,1736,85.63,13.54,6.39,16.4,7.258
2026-01,RIC,Richmond International Airport,VA,1495,80.74,19.32,12.31,17.72,8.963
2026-01,RNO,Reno Tahoe International Airport,NV,1664,88.96,11.81,5.14,18.26,1.322
2026-01,CMI,University of Illinois Willard Airport,IL,149,80.0,20.69,15.65,13.37,2.685
2026-01,PHL,Philadelphia International Airport,PA,7049,75.52,22.2,16.11,21.83,7.859
2026-01,IAH,George Bush Intercontinental Airport,TX,9656,85.65,15.26,8.56,20.4,3.065
2026-01,SNA,John Wayne Orange County International Airport,CA,3611,86.48,15.14,7.29,15.47,2.132
2026-01,SDF,Louisville Muhammad Ali International Airport,KY,1578,85.33,16.01,10.39,17.63,6.971
2026-01,ACY,Atlantic City International Airport,NJ,210,70.98,26.94,21.87,12.38,8.095
2026-01,CAE,Columbia Metropolitan Airport,SC,446,79.66,19.8,20.49,18.07,8.296
2026-01,GRR,Gerald R. Ford International Airport,MI,1393,63.15,27.39,25.75,31.23,3.302
2026-01,DAL,Dallas Love Field,TX,5469,82.75,20.67,8.63,13.75,5.54
2026-01,DSM,Des Moines International Airport,IA,1122,78.62,22.16,21.94,17.77,4.278
2026-01,ECP,Northwest Florida Beaches International Airport,FL,479,89.74,10.92,4.19,13.68,4.384
2026-01,GEG,Spokane International Airport,WA,1404,85.01,14.41,8.5,20.85,1.638
2026-01,HDN,Yampa Valley Airport,CO,374,84.15,14.71,10.93,22.4,1.872
2026-01,ITO,Hilo International Airport,HI,570,79.43,19.46,7.05,10.08,1.754
2026-01,SBA,Santa Barbara Municipal Airport,CA,664,87.6,13.17,4.84,14.49,3.916
2026-01,ILM,Wilmington International Airport,NC,499,83.48,17.12,8.11,18.04,11.022
2026-02,LGA,LaGuardia Airport,NY,10307,78.53,20.73,11.08,26.14,8.218
2026-02,ORD,Chicago O'Hare International Airport,IL,25538,73.74,22.36,14.43,27.45,1.112
2026-02,LAS,Harry Reid International Airport,NV,12886,83.13,19.94,9.48,16.8,0.877
2026-02,LAX,Los Angeles International Airport,CA,13687,80.91,19.8,11.75,17.85,1.425
2026-02,ATL,Hartsfield Jackson Atlanta International Airport,GA,23024,80.32,18.31,8.29,16.42,1.49
2026-02,HOU,William P. Hobby Airport,TX,3832,84.22,18.5,7.2,12.48,0.678
2026-02,MCI,Kansas City International Airport,MO,3503,84.88,17.97,9.04,13.93,1.484
2026-02,CLT,Charlotte Douglas International Airport,NC,13192,78.67,22.58,13.88,19.92,3.426
2026-02,MHT,Manchester-Boston Regional Airport,NH,394,77.72,23.68,15.16,17.24,3.553
2026-02,SGF,Springfield Branson National Airport,MO,500,85.69,14.46,8.93,16.64,0.4
2026-02,ORF,Norfolk International Airport,VA,1329,79.76,18.4,15.36,17.96,3.913
2026-02,JAN,Jackson-Medgar Wiley Evers International Airport,MS,399,89.57,10.61,5.88,13.18,0.752
2026-02,BTR,Baton Rouge Metropolitan Airport,LA,325,82.33,17.67,8.88,16.01,2.462
2026-02,ABE,Lehigh Valley International Airport,PA,240,80.0,20.78,26.38,17.99,3.75
2026-02,MYR,Myrtle Beach International Airport,SC,722,81.25,19.51,10.68,13.33,9.141
2026-02,SAV,Savannah Hilton Head International Airport,GA,1216,82.75,16.34,9.82,16.51,3.865
2026-02,CHA,Chattanooga Metropolitan Airport (Lovell Field),TN,322,80.38,19.5,17.3,18.01,1.242
2026-02,HPN,Westchester County Airport,NY,837,70.59,30.51,21.13,17.45,8.363
2026-02,OKC,OKC Will Rogers World Airport,OK,1678,86.6,13.04,6.75,14.77,0.834
2026-02,PVD,Rhode Island T. F. Green International Airport,RI,1138,77.0,21.27,12.29,18.83,8.699
2026-02,IND,Indianapolis International Airport,IN,3457,83.27,16.63,7.27,17.11,2.574
2026-02,CLE,Cleveland Hopkins International Airport,OH,2770,81.12,19.23,12.49,19.72,2.166
2026-02,FAY,Fayetteville Regional Airport - Grannis Field,NC,23,85.0,20.0,4.65,21.85,13.043
2026-02,PIA,General Wayne A. Downing Peoria International Airport,IL,405,75.19,22.75,12.11,19.94,1.235
2026-02,LAW,Lawton Fort Sill Regional Airport,OK,78,83.1,16.9,8.86,14.65,8.974
2026-02,SWO,Stillwater Regional Airport,OK,56,90.91,9.09,-1.15,17.93,1.786
2026-02,SRQ,Sarasota Bradenton International Airport,FL,1684,80.21,16.51,7.95,16.9,2.553
2026-02,OMA,Eppley Airfield,NE,1803,86.92,14.52,5.65,15.99,0.277
2026-02,JAC,Jackson Hole Airport,WY,536,80.46,25.43,26.61,21.47,3.172
2026-02,SAN,San Diego International Airport,CA,7008,83.99,20.36,10.47,19.22,0.97
2026-02,DEN,Denver International Airport,CO,23046,82.39,19.75,11.69,18.74,0.881
2026-02,TUS,Tucson International Airport,AZ,1646,86.59,16.26,9.3,15.25,0.243
2026-02,PHX,Phoenix Sky Harbor International Airport,AZ,15656,83.36,19.31,9.09,16.39,0.709
2026-02,PSC,Tri Cities Airport,WA,476,87.69,12.47,7.22,20.17,0.63
2026-02,SFO,San Francisco International Airport,CA,10316,81.73,20.74,13.52,20.63,1.212
2026-02,LWS,Lewiston Nez Perce County Airport,ID,56,83.93,8.93,7.91,20.21,0.0
2026-02,MDT,Harrisburg International Airport,PA,454,80.32,22.35,15.35,16.77,2.423
2026-02,TRI,Tri-Cities Regional TN/VA Airport,TN,87,74.71,31.03,26.6,16.15,0.0
2026-02,MSO,Missoula Montana Airport,MT,305,87.83,12.46,7.83,19.96,0.0
2026-02,TWF,Joslin Field Magic Valley Regional Airport,ID,56,92.73,1.82,-5.15,13.44,1.786
2026-02,BIL,Billings Logan International Airport,MT,310,85.44,13.27,5.92,19.07,0.323
2026-02,HLN,Helena Regional Airport,MT,112,91.96,8.04,-1.1,22.57,0.0
2026-02,BIS,Bismarck Municipal Airport,ND,233,82.61,16.45,8.38,24.32,0.858
2026-02,COS,City of Colorado Springs Municipal Airport,CO,854,85.92,16.9,9.58,20.81,0.234
2026-02,ONT,Ontario International Airport,CA,1734,87.83,15.22,6.77,13.47,0.346
2026-02,MFE,McAllen Miller International Airport,TX,338,89.52,11.87,17.85,13.56,0.296
2026-02,ABR,Aberdeen Regional Airport,SD,56,83.64,16.36,29.09,18.13,1.786
2026-02,XWA,Williston Basin International Airport,ND,178,75.71,25.28,31.37,30.73,0.0
2026-02,IMT,Ford Airport,MI,56,68.52,31.48,35.81,16.26,3.571
2026-02,ACV,California Redwood Coast-Humboldt County Airport,CA,136,70.37,20.59,30.51,18.38,0.0
2026-02,GUC,Gunnison Crested Butte Regional Airport,CO,143,83.1,19.01,10.76,27.75,0.699
2026-02,GRK,Killeen Regional Airport / Robert Gray Army Airfield,TX,123,83.61,16.39,5.53,16.74,0.813
2026-02,SAF,Santa Fe Municipal Airport,NM,323,73.9,25.39,20.84,20.58,1.238
2026-02,MHK,Manhattan Regional Airport,KS,129,89.06,12.5,7.02,14.88,0.775
2026-02,LAR,Laramie Regional Airport,WY,48,72.92,22.92,14.81,20.79,0.0
2026-02,DEC,Decatur Airport,IL,48,79.17,20.83,27.58,18.33,0.0
2026-02,LBF,North Platte Regional Airport Lee Bird Field,NE,48,89.58,8.33,1.85,25.08,0.0
2026-02,LAF,Purdue University Airport,IN,44,77.27,20.45,20.8,22.7,0.0
2026-02,MGW,Morgantown Municipal Airport Walter L. (Bill) Hart Field,WV,56,74.55,18.18,10.67,25.11,1.786
2026-02,VCT,Victoria Regional Airport,TX,50,92.0,10.0,25.44,10.76,0.0
2026-02,PIB,Hattiesburg Laurel Regional Airport,MS,48,89.58,12.5,-0.88,12.21,0.0
2026-02,SLN,Salina Municipal Airport,KS,84,90.48,8.33,6.01,14.86,0.0
2026-02,PRC,Prescott Regional Airport - Ernest A. Love Field,AZ,84,80.72,16.67,28.08,19.93,0.0
2026-02,RKS,Southwest Wyoming Regional Airport,WY,55,87.27,16.36,15.16,23.71,0.0
2026-02,EAU,Chippewa Valley Regional Airport,WI,47,61.7,27.66,32.66,25.74,0.0
2026-02,LNK,Lincoln Airport,NE,221,80.0,19.09,20.65,23.01,0.452
2026-02,GCC,Northeast Wyoming Regional Airport,WY,56,85.71,7.14,1.3,29.04,0.0
2026-02,RAP,Rapid City Regional Airport,SD,321,87.77,11.91,3.28,21.92,0.623
2026-02,LWB,Greenbrier Valley Airport,WV,25,54.55,27.27,52.5,26.18,12.0
2026-02,SJU,Luis Munoz Marin International Airport,PR,2835,74.73,25.72,18.33,15.41,3.175
2026-02,STT,Cyril E. King Airport,VI,611,74.92,26.72,18.33,16.59,2.619
2026-02,LIH,Lihue Airport,HI,1163,82.36,17.08,6.18,10.77,2.322
2026-02,PBI,President Donald J. Trump International Airport,FL,2973,73.75,25.57,17.15,17.65,4.776
2026-02,ANC,Ted Stevens Anchorage International Airport,AK,1221,86.44,14.0,3.9,15.12,1.147
2026-03,SEA,Seattle–Tacoma International Airport,WA,12830,80.18,23.14,12.24,20.3,2.229
2026-03,BTR,Baton Rouge Metropolitan Airport,LA,376,79.04,21.51,20.25,16.22,4.787
2026-03,RDU,Raleigh-Durham International Airport,NC,4658,77.19,24.56,16.69,17.47,2.812
2026-03,ATW,Appleton International Airport,WI,797,72.17,25.42,25.6,19.26,10.163
2026-03,DEN,Denver International Airport,CO,27088,76.84,25.4,15.57,19.77,1.499
2026-03,GEG,Spokane International Airport,WA,1496,85.15,17.18,7.74,16.86,1.537
2026-03,IAD,Washington Dulles International Airport,VA,4983,79.57,20.15,16.35,21.54,1.806
2026-03,ORD,Chicago O'Hare International Airport,IL,31373,65.86,31.01,25.55,28.34,5.706
2026-03,MEM,Frederick W. Smith International Airport,TN,2053,77.1,24.91,20.45,14.01,3.604
2026-03,HSV,Huntsville International Airport,AL,716,75.88,26.79,29.27,16.33,4.609
2026-03,ALB,Albany International Airport,NY,1050,75.0,22.1,21.2,16.38,3.048
2026-03,JAX,Jacksonville International Airport,FL,2545,77.58,24.46,17.44,15.25,2.986
2026-03,PBI,President Donald J. Trump International Airport,FL,3385,69.08,31.16,22.76,18.66,3.486
2026-03,RSW,Southwest Florida International Airport,FL,4504,71.18,27.97,21.44,18.72,3.219
2026-03,SDF,Louisville Muhammad Ali International Airport,KY,2009,79.11,22.98,18.29,15.73,3.833
2026-03,MDW,Chicago Midway International Airport,IL,6508,68.68,37.6,22.68,15.48,3.888
2026-03,SJU,Luis Munoz Marin International Airport,PR,3441,75.11,29.14,18.68,15.61,2.063
2026-03,VPS,Destin-Fort Walton Beach Airport,FL,920,78.92,21.45,15.22,16.18,2.717
2026-03,FAR,Hector International Airport,ND,610,78.66,21.14,14.36,20.69,2.295
2026-03,CHA,Chattanooga Metropolitan Airport (Lovell Field),TN,438,72.2,27.67,31.08,16.92,5.936
2026-03,SAN,San Diego International Airport,CA,8547,78.22,22.06,12.66,20.86,1.03
2026-03,BDL,Bradley International Airport,CT,1877,78.43,21.05,16.41,16.38,2.824
2026-03,FCA,Glacier Park International Airport,MT,257,82.14,16.67,10.53,19.34,1.946
2026-03,PHL,Philadelphia International Airport,PA,7778,76.7,23.89,17.78,19.78,3.15
2026-03,BZN,Bozeman Yellowstone International Airport,MT,1020,77.89,22.54,19.53,19.0,1.275
2026-03,OGG,Kahului International Airport,HI,2287,73.31,22.05,13.17,12.2,3.236
2026-03,ILM,Wilmington International Airport,NC,497,78.37,21.06,15.44,17.71,5.433
2026-03,ONT,Ontario International Airport,CA,2081,82.77,15.44,6.16,14.28,1.009
2026-03,JAC,Jackson Hole Airport,WY,598,81.37,23.81,21.47,20.07,1.672
2026-03,TUS,Tucson International Airport,AZ,1923,83.58,16.6,11.39,15.58,1.3
2026-03,HDN,Yampa Valley Airport,CO,431,65.96,35.05,32.07,19.94,0.696
2026-03,ABQ,Albuquerque International Sunport,NM,2011,84.53,18.14,8.82,14.75,1.044
2026-03,PVD,Rhode Island T. F. Green International Airport,RI,1261,77.39,20.71,14.5,15.64,3.489
2026-03,ICT,Wichita Dwight D. Eisenhower National Airport,KS,954,80.63,21.69,12.94,13.92,3.354
2026-03,ROA,Roanoke–Blacksburg Regional Airport,VA,167,66.88,30.57,30.48,18.2,5.988
2026-03,DAB,Daytona Beach International Airport,FL,300,83.74,18.34,12.17,15.67,3.667
2026-03,EGE,Eagle County Regional Airport,CO,810,73.66,29.92,22.25,21.65,2.222
2026-03,MLB,Melbourne Orlando International Airport,FL,238,85.34,17.24,10.51,16.01,2.521
2026-03,TTN,Trenton Mercer Airport,NJ,92,73.03,26.97,31.83,17.58,3.261
2026-03,PSE,Mercedita International Airport,PR,42,95.0,7.5,0.03,14.1,4.762
2026-03,SFB,Orlando Sanford International Airport,FL,989,71.06,25.52,21.38,18.38,2.123
2026-03,BLV,Scott AFB/Midamerica Airport,IL,138,66.67,29.63,33.41,13.35,2.174
2026-03,PVU,Provo Municipal Airport,UT,249,88.98,12.15,3.14,18.35,0.803
2026-03,TOL,Eugene F. Kranz Toledo Express Airport,OH,72,57.75,46.48,43.03,12.07,1.389
2026-03,FWA,Fort Wayne International Airport,IN,476,67.49,27.29,35.34,20.23,6.092
2026-03,BLI,Bellingham International Airport,WA,196,87.63,9.79,14.03,16.3,1.02
2026-03,USA,Concord-Padgett Regional Airport,NC,61,50.0,44.83,24.95,15.38,4.918
2026-03,SBN,South Bend International Airport,IN,711,67.36,30.61,38.37,20.36,5.345
2026-03,FNT,Bishop International Airport,MI,397,67.1,26.82,28.72,19.95,3.275
2026-03,MFR,Rogue Valley International-Medford Airport,OR,452,88.34,12.53,6.32,16.34,1.106
2026-03,SCK,Stockton Metropolitan Airport,CA,36,80.56,16.67,6.61,13.0,0.0
2026-03,STC,Saint Cloud Regional Airport,MN,36,66.67,33.33,21.53,10.58,0.0
2026-03,SMX,Santa Maria Public Airport Captain G Allan Hancock Field,CA,71,88.41,14.49,3.91,15.3,2.817
2026-03,AVP,Wilkes-Barre/Scranton International Airport,PA,175,82.56,14.45,3.92,17.76,1.143
2026-03,BRO,Brownsville South Padre Island International Airport,TX,122,90.83,7.44,2.16,11.88,0.82
2026-03,LFT,Lafayette Regional Airport,LA,230,71.03,27.78,39.95,20.15,6.087
2026-03,LBB,Lubbock Preston Smith International Airport,TX,548,84.64,16.29,11.31,14.99,2.555
2026-03,HHH,Hilton Head Airport,SC,134,84.25,18.9,7.5,16.99,5.224
2026-03,BET,Bethel Airport,AK,62,70.97,41.94,16.42,6.53,0.0
2026-03,BRW,Wiley Post Will Rogers Memorial Airport,AK,31,96.77,9.68,1.0,6.32,0.0
2026-03,WRG,Wrangell Airport,AK,62,80.0,25.0,8.38,4.63,3.226
2026-03,ADQ,Kodiak Airport,AK,62,86.44,18.64,5.93,6.88,4.839
2026-03,LIH,Lihue Airport,HI,1331,76.07,20.91,11.06,11.39,2.63
2026-03,ORH,Worcester Regional Airport,MA,93,58.89,35.16,26.48,18.34,2.151
2026-03,VRB,Vero Beach Regional Airport,FL,93,63.22,33.33,18.79,19.49,6.452
2026-03,MHT,Manchester-Boston Regional Airport,NH,429,80.72,19.42,13.79,15.69,2.797
2026-04,MCO,Orlando International Airport,FL,14604,77.57,22.54,11.2,19.51,0.39
2026-04,MSY,Louis Armstrong New Orleans International Airport,LA,4428,80.06,19.62,9.39,15.12,0.655
2026-04,MYR,Myrtle Beach International Airport,SC,1165,83.92,16.75,8.66,13.7,0.601
2026-04,OGG,Kahului International Airport,HI,2155,81.95,17.84,6.57,10.68,0.371
2026-04,OMA,Eppley Airfield,NE,2053,82.53,15.49,8.62,14.68,1.266
2026-04,ORD,Chicago O'Hare International Airport,IL,33206,69.73,26.49,19.02,29.2,3.542
2026-04,PVD,Rhode Island T. F. Green International Airport,RI,1349,85.03,14.43,6.09,14.7,0.371
2026-04,RIC,Richmond International Airport,VA,1643,83.7,17.34,9.17,16.6,1.035
2026-04,RSW,Southwest Florida International Airport,FL,3632,81.04,18.88,11.38,16.44,0.688
2026-04,STS,Charles M. Schulz Sonoma County Airport,CA,558,84.05,13.98,5.6,17.97,0.0
2026-04,TUL,Tulsa International Airport,OK,1509,82.66,16.49,10.3,15.49,1.127
2026-04,ALB,Albany International Airport,NY,1141,85.54,14.54,5.59,14.32,1.139
2026-04,DAL,Dallas Love Field,TX,5965,71.1,32.06,15.24,13.99,0.704
2026-04,ECP,Northwest Florida Beaches International Airport,FL,923,82.56,18.55,9.29,13.4,1.3
2026-04,ELP,El Paso International Airport,TX,1303,81.61,19.44,10.67,15.0,0.921
2026-04,FLL,Fort Lauderdale Hollywood International Airport,FL,8610,69.04,29.04,17.48,19.72,1.057
2026-04,GSP,Greenville-Spartanburg International Airport,SC,1120,87.57,11.67,5.54,15.95,1.339
2026-04,ICT,Wichita Dwight D. Eisenhower National Airport,KS,993,77.15,20.41,14.0,15.91,2.316
2026-04,IND,Indianapolis International Airport,IN,4290,83.01,16.56,7.73,14.5,1.189
2026-04,JAX,Jacksonville International Airport,FL,2487,84.37,16.44,6.22,14.79,0.483
2026-04,LAX,Los Angeles International Airport,CA,15732,81.46,18.91,9.04,17.91,0.445
2026-04,LBB,Lubbock Preston Smith International Airport,TX,520,84.78,17.15,10.29,14.97,0.192
2026-04,AVL,Asheville Regional Airport,NC,785,82.15,15.5,8.87,16.57,1.401
2026-04,ROA,Roanoke–Blacksburg Regional Airport,VA,154,76.62,24.03,19.86,18.27,0.0
2026-04,EWR,Newark Liberty International Airport,NJ,10358,84.98,13.91,5.09,22.16,0.685
2026-04,EGE,Eagle County Regional Airport,CO,207,76.24,19.8,10.3,22.44,2.415
2026-04,MFE,McAllen Miller International Airport,TX,397,73.79,25.7,18.32,15.47,1.008
2026-04,JAC,Jackson Hole Airport,WY,283,82.73,18.15,12.04,20.48,0.707
2026-05,GPT,Gulfport Biloxi International Airport,MS,273,82.02,20.07,18.61,15.23,1.465
2026-05,AVL,Asheville Regional Airport,NC,806,81.7,17.04,10.62,15.44,0.993
2026-05,IAD,Washington Dulles International Airport,VA,5474,84.08,13.34,8.83,21.76,0.566
2026-05,VPS,Destin-Fort Walton Beach Airport,FL,1098,76.28,24.82,13.48,16.28,0.911
2026-05,DAY,James M. Cox Dayton International Airport,OH,674,80.21,19.0,9.1,16.9,1.632
2026-05,JAN,Jackson-Medgar Wiley Evers International Airport,MS,546,83.27,20.22,10.49,14.41,2.198
2026-05,IAH,George Bush Intercontinental Airport,TX,10105,77.11,24.54,16.18,20.79,0.455
2026-05,SRQ,Sarasota Bradenton International Airport,FL,1513,81.89,19.27,13.14,14.3,0.529
2026-05,MCI,Kansas City International Airport,MO,4354,79.46,23.32,12.77,15.03,1.102
2026-05,MSP,Minneapolis–Saint Paul International Airport / Wold–Chamberlain Field,MN,10400,83.37,16.45,9.25,16.69,0.538
2026-05,BTR,Baton Rouge Metropolitan Airport,LA,366,78.0,21.88,25.61,14.67,3.825
2026-05,GNV,Gainesville Regional Airport,FL,242,84.81,15.61,8.65,12.35,2.066
2026-05,DAB,Daytona Beach International Airport,FL,307,79.87,20.39,10.1,15.02,0.977
2026-05,CMH,John Glenn Columbus International Airport,OH,3860,83.42,16.21,7.83,14.87,1.218
2026-05,MOB,Mobile Regional Airport,AL,160,77.7,26.85,13.05,15.83,6.875
2026-05,SDF,Louisville Muhammad Ali International Airport,KY,2304,83.59,16.86,9.04,15.62,0.868
2026-05,EYW,Key West International Airport,FL,697,83.58,18.09,13.39,14.77,0.861
2026-05,DCA,Ronald Reagan Washington National Airport,VA,12158,74.78,23.65,14.0,22.11,1.448
2026-05,PHL,Philadelphia International Airport,PA,9251,80.75,19.22,11.05,20.47,1.092
2026-05,SJU,Luis Munoz Marin International Airport,PR,2875,84.67,16.87,8.14,15.75,0.209
2026-05,EWR,Newark Liberty International Airport,NJ,10300,86.4,12.79,5.74,21.59,0.932
2026-05,DSM,Des Moines International Airport,IA,1382,81.45,17.42,11.4,15.27,1.158
2026-05,ISP,Long Island MacArthur Airport,NY,393,82.61,16.28,7.58,11.9,0.0
2026-05,OKC,OKC Will Rogers World Airport,OK,2102,79.76,22.39,11.65,14.93,1.189
2026-05,FSD,Sioux Falls Regional Airport,SD,735,79.18,17.51,14.4,16.68,0.544
2026-05,ORF,Norfolk International Airport,VA,1790,82.56,17.63,11.41,15.86,0.838
2026-05,RNO,Reno Tahoe International Airport,NV,1708,79.55,20.11,10.43,17.09,0.703
2026-05,PSE,Mercedita International Airport,PR,60,95.0,3.33,-8.17,13.27,0.0
2026-05,FAR,Hector International Airport,ND,611,83.97,13.2,5.56,15.86,0.818
2026-05,GEG,Spokane International Airport,WA,1542,88.5,12.71,3.71,14.77,0.519
2026-05,MSN,Dane County Regional Truax Field,WI,1305,82.81,15.45,10.97,16.19,1.303
2026-05,BLI,Bellingham International Airport,WA,193,83.33,14.58,17.2,14.83,0.518
2026-05,ABE,Lehigh Valley International Airport,PA,294,79.66,19.31,21.82,13.85,1.361
2026-05,GUF,Jack Edwards National Airport,AL,86,59.52,47.62,48.71,13.52,2.326
2026-05,BGR,Bangor International Airport,ME,355,83.33,18.08,12.6,16.1,0.282
2026-05,SWF,New York Stewart International Airport,NY,40,77.5,25.0,20.4,11.75,0.0
2026-05,EVV,Evansville Regional Airport,IN,163,76.43,19.75,23.05,16.29,3.681
2026-05,LCK,Rickenbacker International Airport,OH,102,67.65,27.45,23.99,13.37,0.0
2026-05,SPI,Abraham Lincoln Capital Airport,IL,71,83.1,19.72,11.55,11.23,0.0
2026-05,CAK,Akron Canton Regional Airport,OH,484,80.88,16.56,11.46,18.58,1.446
2026-05,GFK,Grand Forks International Airport,ND,117,88.89,12.82,16.53,16.1,0.0
2026-05,BIS,Bismarck Municipal Airport,ND,306,84.87,14.38,4.1,16.55,0.0
2026-05,ROC,Frederick Douglass Greater Rochester International Airport,NY,930,81.74,18.02,13.86,13.96,0.968
2026-05,TRI,Tri-Cities Regional TN/VA Airport,TN,117,75.65,25.22,17.56,11.9,1.709
2026-05,CKB,North Central West Virginia Airport,WV,78,72.37,22.37,24.32,13.78,2.564
2026-05,RAP,Rapid City Regional Airport,SD,624,81.97,17.21,12.99,17.75,1.282
2026-05,GRI,Central Nebraska Regional Airport,NE,76,75.34,28.77,49.68,13.68,3.947
2026-05,GTF,Great Falls International Airport,MT,173,88.89,12.87,7.94,13.0,1.156
2026-05,OAK,Oakland San Francisco Bay Airport,CA,2683,76.13,26.14,12.15,12.84,0.634
2026-05,MAF,Midland International Air and Space Port,TX,747,80.68,19.21,15.9,15.29,1.74
2026-05,CWA,Central Wisconsin Airport,WI,93,88.04,10.87,3.84,12.75,1.075
2026-05,BRO,Brownsville South Padre Island International Airport,TX,124,88.03,15.97,6.22,12.13,4.032
2026-05,ABQ,Albuquerque International Sunport,NM,2151,82.1,20.96,11.64,15.29,0.651
2026-05,AZO,Kalamazoo/Battle Creek International Airport,MI,166,82.42,16.97,14.27,18.61,0.602
2026-05,GCK,Garden City Regional Airport,KS,62,83.33,18.03,15.34,15.38,1.613
2026-05,SBA,Santa Barbara Municipal Airport,CA,816,79.04,18.84,7.1,18.2,0.49
2026-05,FSM,Fort Smith Regional Airport,AR,102,80.81,21.21,16.47,15.29,2.941
2026-05,MHT,Manchester-Boston Regional Airport,NH,582,84.9,16.29,7.21,13.76,0.859
2026-05,LAN,Capital Region International Airport,MI,130,77.34,25.0,15.95,15.5,1.538
2026-05,TUS,Tucson International Airport,AZ,1691,80.23,19.38,12.1,16.38,0.532
2026-05,SBP,San Luis County Regional Airport,CA,424,73.81,24.17,22.63,19.63,0.472
2026-05,SPS,Wichita Falls Municipal Airport / Sheppard Air Force Base,TX,62,86.67,11.67,3.97,16.13,3.226
2026-05,MGM,Montgomery Regional (Dannelly Field) Airport,AL,178,62.29,39.43,43.05,19.04,1.685
2026-05,RST,Rochester International Airport,MN,168,85.28,11.66,9.25,16.15,2.976
2026-05,LBE,Arnold Palmer Regional Airport,PA,1,100.0,0.0,-15.0,8.0,0.0
2026-05,AGS,Augusta Regional At Bush Field,GA,94,83.91,14.77,8.92,20.06,6.383
2026-05,VRB,Vero Beach Regional Airport,FL,87,87.36,13.79,-0.76,17.28,0.0
2026-05,ACV,California Redwood Coast-Humboldt County Airport,CA,216,65.57,26.76,17.31,19.83,1.389
2026-05,DLH,Duluth International Airport,MN,257,83.59,11.33,6.64,18.45,0.389
2026-05,ABR,Aberdeen Regional Airport,SD,62,100.0,0.0,-8.79,14.47,0.0
2026-05,EKO,Elko Regional Airport,NV,49,95.92,4.08,-9.43,13.47,0.0
2026-05,XWA,Williston Basin International Airport,ND,201,89.9,9.6,5.33,20.51,1.493
2026-05,BTM,Bert Mooney Airport,MT,62,86.89,12.9,12.77,18.4,0.0
2026-05,CPR,Casper-Natrona County International Airport,WY,226,82.06,18.22,6.58,24.97,0.442
2026-05,GUC,Gunnison Crested Butte Regional Airport,CO,73,86.3,8.22,10.34,29.1,0.0
2026-05,SJT,San Angelo Regional Mathis Field,TX,93,83.91,19.54,18.67,15.66,6.452
2026-05,LBL,Liberal Mid-America Regional Airport,KS,53,84.31,13.46,6.4,13.27,1.887
2026-05,PAH,Barkley Regional Airport,KY,56,83.93,14.29,14.91,16.18,0.0
2026-05,VCT,Victoria Regional Airport,TX,53,82.69,13.46,27.48,14.83,1.887
2026-05,MEI,Key Field / Meridian Regional Airport,MS,53,71.7,24.53,25.58,18.04,0.0
2026-05,SLN,Salina Municipal Airport,KS,85,88.24,10.59,9.89,13.6,0.0
2026-05,DIK,Dickinson Theodore Roosevelt Regional Airport,ND,53,80.39,9.8,-0.82,26.37,3.774
2026-05,FOD,Fort Dodge Regional Airport,IA,56,58.93,21.43,28.21,15.88,0.0
2026-05,HYS,Hays Regional Airport,KS,53,79.59,14.29,30.27,18.96,7.547
2026-05,PIR,Pierre Regional Airport,SD,54,88.24,13.21,3.08,15.42,1.852
2026-05,EAR,Kearney Regional Airport,NE,85,72.29,20.48,14.7,18.76,2.353
2026-05,EAU,Chippewa Valley Regional Airport,WI,53,79.25,11.32,8.3,16.21,0.0
2026-05,MCW,Mason City Municipal Airport,IA,53,66.67,25.49,27.53,14.53,3.774
2026-05,LNK,Lincoln Airport,NE,283,76.62,17.5,10.53,20.64,1.06
2026-05,KOA,Ellison Onizuka Kona International Airport at Keāhole,HI,1353,85.06,12.61,2.86,11.98,0.961
2026-05,LIH,Lihue Airport,HI,1372,83.32,16.58,7.1,10.12,1.531
2026-05,OGG,Kahului International Airport,HI,2178,86.67,13.05,3.69,10.27,0.781
2026-06,ORD,Chicago O'Hare International Airport,IL,31374,71.29,26.89,20.36,28.92,3.191
2026-06,EWR,Newark Liberty International Airport,NJ,9967,78.62,18.62,13.8,24.62,1.525
2026-06,SEA,Seattle–Tacoma International Airport,WA,15402,78.14,25.69,13.08,21.66,0.48
2026-06,DEN,Denver International Airport,CO,28634,67.1,31.27,19.73,22.13,0.405
2026-06,CLE,Cleveland Hopkins International Airport,OH,3675,78.7,20.35,14.18,14.92,2.231
2026-06,MSP,Minneapolis–Saint Paul International Airport / Wold–Chamberlain Field,MN,10491,77.93,20.5,11.87,17.66,0.915
2026-06,SMF,Sacramento International Airport,CA,4900,78.03,25.74,11.83,13.92,0.51
2026-06,EGE,Eagle County Regional Airport,CO,179,79.55,25.28,29.68,18.67,0.559
2026-06,GRR,Gerald R. Ford International Airport,MI,1586,77.87,21.64,15.03,15.44,1.828
2026-06,DTW,Detroit Metropolitan Wayne County Airport,MI,9869,79.11,20.84,12.88,17.66,1.429
2026-06,LAX,Los Angeles International Airport,CA,16664,77.0,25.02,15.28,18.12,0.612
2026-06,SBP,San Luis County Regional Airport,CA,357,72.16,26.4,19.89,18.79,0.28
2026-06,FAT,Fresno Yosemite International Airport,CA,1123,76.8,23.3,14.36,16.86,0.623
2026-06,PSP,Palm Springs International Airport,CA,804,75.32,23.34,13.01,17.36,0.871
2026-06,BOS,Boston Logan International Airport,MA,12683,76.6,21.64,13.47,20.91,1.774
2026-06,RAP,Rapid City Regional Airport,SD,703,77.25,23.88,19.84,16.32,1.138
2026-06,PNS,Pensacola International Airport,FL,1307,73.77,25.91,16.16,13.86,3.137
2026-06,BDL,Bradley International Airport,CT,1868,81.48,17.77,11.12,15.71,2.088
2026-06,OGG,Kahului International Airport,HI,2204,87.15,11.48,4.76,10.56,0.363
2026-06,ELP,El Paso International Airport,TX,1394,71.89,31.09,19.08,15.32,1.004
2026-06,RSW,Southwest Florida International Airport,FL,2087,79.64,21.52,12.62,14.81,0.91
2026-06,SAT,San Antonio International Airport,TX,3393,73.54,28.59,20.96,13.65,1.65
2026-06,SJU,Luis Munoz Marin International Airport,PR,3095,83.07,18.17,10.58,15.0,0.614
2026-06,SNA,John Wayne Orange County International Airport,CA,3822,75.12,26.73,17.89,16.14,1.047
2026-06,OMA,Eppley Airfield,NE,2348,75.09,26.01,18.2,14.15,0.937
2026-06,MSY,Louis Armstrong New Orleans International Airport,LA,3709,69.98,30.67,22.2,14.1,1.105
2026-06,CLT,Charlotte Douglas International Airport,NC,15079,72.07,29.38,21.43,21.04,1.671
2026-06,TYS,McGhee Tyson Airport,TN,1328,73.7,25.89,22.0,16.45,2.259
2026-06,DAY,James M. Cox Dayton International Airport,OH,628,77.8,20.03,16.47,17.13,3.822
2026-06,LIT,Bill & Hillary Clinton National Airport/Adams Field,AR,1270,75.28,23.82,17.96,15.29,1.496
2026-06,ROC,Frederick Douglass Greater Rochester International Airport,NY,925,81.02,21.9,17.09,13.91,2.27
2026-06,MFE,McAllen Miller International Airport,TX,436,80.14,18.87,19.2,13.46,2.752
2026-06,BFL,Meadows Field,CA,257,77.47,20.47,14.07,18.57,1.167
2026-06,BTV,Patrick Leahy Burlington International Airport,VT,554,74.71,22.88,23.75,18.58,6.137
2026-06,LEX,Blue Grass Airport,KY,859,76.74,23.26,19.51,15.68,2.91
2026-06,MRY,Monterey Regional Airport,CA,405,72.47,27.39,16.34,19.58,1.728
2026-06,PSC,Tri Cities Airport,WA,499,83.73,14.83,8.36,17.01,0.0
2026-06,ECP,Northwest Florida Beaches International Airport,FL,1082,71.09,30.31,16.83,13.9,2.126
2026-06,BGR,Bangor International Airport,ME,502,77.41,19.38,15.34,18.87,4.382
2026-06,LGB,Long Beach International Airport,CA,1161,80.3,22.82,9.87,12.14,0.345
2026-06,STS,Charles M. Schulz Sonoma County Airport,CA,595,80.54,19.56,8.4,16.99,0.336
2026-06,VPS,Destin-Fort Walton Beach Airport,FL,1287,66.4,32.54,26.54,16.18,1.632
2026-07,BOS,Boston Logan International Airport,MA,13277,70.79,30.32,23.25,22.42,5.92
2026-07,DFW,Dallas Fort Worth International Airport,TX,28623,66.25,35.27,26.51,19.61,1.202
2026-07,MLI,Quad City International Airport,IL,386,81.99,18.55,15.32,16.0,3.627
2026-07,ABQ,Albuquerque International Sunport,NM,2227,77.98,23.97,16.71,14.16,0.718
2026-07,ECP,Northwest Florida Beaches International Airport,FL,1133,70.59,31.95,24.57,14.25,1.942
2026-07,CAE,Columbia Metropolitan Airport,SC,455,72.39,27.42,35.63,15.08,4.615
2026-07,TYS,McGhee Tyson Airport,TN,1352,73.64,26.66,23.32,16.42,1.775
2026-07,LIT,Bill & Hillary Clinton National Airport/Adams Field,AR,1253,79.09,21.49,13.76,15.22,1.197
2026-07,CMI,University of Illinois Willard Airport,IL,151,83.78,16.89,19.89,13.85,1.987
2026-07,COU,Columbia Regional Airport,MO,351,82.56,20.06,12.86,15.31,1.994
2026-07,CRP,Corpus Christi International Airport,TX,390,83.25,18.04,10.12,12.84,0.513
2026-07,HPN,Westchester County Airport,NY,885,69.15,27.09,35.13,19.55,8.249
2026-07,RNO,Reno Tahoe International Airport,NV,2124,76.3,23.3,12.57,16.57,0.8
2026-07,EYW,Key West International Airport,FL,599,70.66,29.83,30.06,14.79,1.503
2026-07,FSD,Sioux Falls Regional Airport,SD,711,81.58,20.23,18.81,16.74,1.969
2026-07,FWA,Fort Wayne International Airport,IN,527,78.47,21.68,19.29,18.17,2.846
2026-07,GGG,East Texas Regional Airport,TX,60,88.14,13.56,7.53,10.63,1.667
2026-07,GNV,Gainesville Regional Airport,FL,233,82.76,18.97,12.38,12.62,0.429
2026-07,GRB,Austin Straubel International Airport,WI,376,88.92,12.16,7.19,13.78,1.596
2026-07,SAT,San Antonio International Airport,TX,3471,77.28,24.39,15.51,13.37,1.008
2026-07,GSO,Piedmont Triad International Airport,NC,824,72.5,29.11,25.3,16.34,4.126
2026-07,BFL,Meadows Field,CA,263,81.68,16.73,8.21,17.23,0.0
2026-07,HRL,Valley International Airport,TX,322,75.16,27.19,22.8,11.87,0.621
2026-07,IAH,George Bush Intercontinental Airport,TX,10244,72.2,26.62,19.57,21.05,1.298
2026-07,IND,Indianapolis International Airport,IN,4405,80.88,23.02,15.34,14.36,2.951
2026-07,CAK,Akron Canton Regional Airport,OH,505,75.31,24.44,17.89,15.66,2.772
2026-07,LAN,Capital Region International Airport,MI,150,73.43,25.17,35.15,18.18,4.667
2026-07,LBB,Lubbock Preston Smith International Airport,TX,550,81.25,19.6,13.21,14.47,0.727
2026-07,MHT,Manchester-Boston Regional Airport,NH,529,76.04,25.34,25.03,15.72,3.781
2026-07,DAY,James M. Cox Dayton International Airport,OH,667,77.55,21.76,23.01,17.15,2.849
2026-07,MTJ,Montrose Regional Airport,CO,215,82.55,18.14,21.2,19.42,0.0
2026-07,ILM,Wilmington International Airport,NC,750,72.68,29.31,29.89,17.13,4.933
2026-07,MQT,Marquette Sawyer Regional Airport,MI,116,72.07,30.63,39.45,12.59,4.31
2026-07,MSP,Minneapolis–Saint Paul International Airport / Wold–Chamberlain Field,MN,10990,77.74,22.92,13.83,17.43,1.419
2026-07,MYR,Myrtle Beach International Airport,SC,1331,69.83,32.66,29.19,13.15,2.93
2026-07,BIL,Billings Logan International Airport,MT,420,81.84,15.55,13.31,16.29,0.476
2026-07,RAP,Rapid City Regional Airport,SD,727,78.2,21.33,15.78,16.77,0.688
2026-07,TVC,Cherry Capital Airport,MI,909,74.88,30.16,19.12,16.07,4.07
2026-07,ACK,Nantucket Memorial Airport,MA,546,66.95,28.3,29.14,22.14,12.637
2026-07,LCH,Lake Charles Regional Airport,LA,90,87.78,14.44,4.98,13.69,0.0
2026-07,ORF,Norfolk International Airport,VA,1978,70.43,31.41,30.12,16.57,4.398
2026-07,FAT,Fresno Yosemite International Airport,CA,1172,75.54,23.56,14.85,16.62,0.768
2026-07,VPS,Destin-Fort Walton Beach Airport,FL,1331,69.56,30.45,24.54,17.24,1.803
2026-07,RST,Rochester International Airport,MN,123,74.58,26.27,36.19,19.77,4.065
2026-07,PHL,Philadelphia International Airport,PA,10012,66.06,35.05,30.47,25.41,5.693
2026-07,BDL,Bradley International Airport,CT,1827,73.21,25.85,22.49,16.72,3.667
2026-07,BGR,Bangor International Airport,ME,530,68.65,27.81,42.53,19.52,7.736
2026-07,SBN,South Bend International Airport,IN,676,74.13,26.13,26.29,17.21,1.479
2026-07,PIT,Pittsburgh International Airport,PA,3910,77.16,24.31,17.9,15.88,3.862
2026-07,MDT,Harrisburg International Airport,PA,571,72.53,27.17,27.17,15.01,3.327
2026-07,SWO,Stillwater Regional Airport,OK,62,87.1,11.29,1.68,16.08,0.0
2026-07,VRB,Vero Beach Regional Airport,FL,92,75.31,27.16,31.99,17.72,11.957
2026-07,SAN,San Diego International Airport,CA,9345,68.05,33.89,18.84,22.43,1.295
2026-07,DEN,Denver International Airport,CO,29503,69.59,31.13,22.02,20.61,0.81
2026-07,OAK,Oakland San Francisco Bay Airport,CA,2685,74.05,29.15,13.68,12.84,0.335
2026-07,IDA,Idaho Falls Regional Airport,ID,514,76.48,23.09,17.83,17.85,0.584
2026-07,BLI,Bellingham International Airport,WA,182,79.67,8.24,5.13,15.54,0.0
2026-07,BZN,Bozeman Yellowstone International Airport,MT,1379,74.07,27.39,19.19,17.0,1.233
2026-07,GTF,Great Falls International Airport,MT,187,87.57,10.7,13.35,13.24,0.0
2026-07,MOT,Minot International Airport,ND,261,82.95,16.15,14.22,17.76,0.383
2026-07,GJT,Grand Junction Regional Airport,CO,448,79.64,20.31,13.38,20.83,0.0
2026-07,XWA,Williston Basin International Airport,ND,200,75.0,21.0,17.18,22.17,0.0
2026-07,APN,Alpena County Regional Airport,MI,55,81.82,21.82,9.78,16.65,0.0
2026-07,ATY,Watertown Regional Airport,SD,62,78.69,20.97,46.05,20.68,0.0
2026-07,EKO,Elko Regional Airport,NV,51,98.04,1.96,-11.12,11.98,0.0
2026-07,PIH,Pocatello Regional Airport,ID,61,88.52,9.84,0.8,14.9,0.0
2026-07,LNK,Lincoln Airport,NE,365,79.83,17.37,14.19,20.9,2.192
2026-07,SHD,Shenandoah Valley Regional Airport,VA,62,78.33,22.58,35.73,18.27,0.0
2026-07,PVU,Provo Municipal Airport,UT,250,85.89,14.52,8.83,18.54,0.8
2026-07,SJT,San Angelo Regional Mathis Field,TX,92,81.52,15.22,9.93,16.85,0.0
2026-07,FLG,Flagstaff Pulliam Airport,AZ,123,66.97,33.93,61.05,19.06,8.943
2026-07,JLN,Joplin Regional Airport,MO,54,84.31,17.31,23.15,14.98,3.704
2026-07,DDC,Dodge City Regional Airport,KS,54,67.31,28.85,25.58,18.0,3.704
2026-07,CYS,Cheyenne Regional Jerry Olson Field,WY,62,91.94,9.68,-0.45,20.11,0.0
2026-07,DEC,Decatur Airport,IL,54,64.0,18.0,13.6,14.36,7.407
2026-07,LBL,Liberal Mid-America Regional Airport,KS,54,74.07,22.22,7.67,14.07,0.0
2026-07,SUX,Sioux Gateway Airport / Brigadier General Bud Day Field,IA,80,79.22,24.36,11.92,19.87,2.5
2026-07,FOD,Fort Dodge Regional Airport,IA,62,51.72,32.76,38.03,21.05,6.452
2026-07,DVL,Devils Lake Regional Airport,ND,54,75.47,16.98,14.85,21.91,1.852
2026-07,PIR,Pierre Regional Airport,SD,53,75.0,22.64,28.83,18.0,0.0
2026-07,SLN,Salina Municipal Airport,KS,83,86.75,14.46,14.95,13.14,0.0
2026-07,EAU,Chippewa Valley Regional Airport,WI,54,73.08,17.31,14.69,15.42,3.704
2026-07,HOB,Lea County Regional Airport,NM,30,83.33,20.0,30.3,14.23,0.0
2026-07,RDD,Redding Municipal Airport,CA,144,72.73,24.31,16.92,19.83,0.0
2026-07,BIH,Eastern Sierra Regional Airport,CA,31,25.81,51.61,98.71,29.23,0.0
2026-07,GCC,Northeast Wyoming Regional Airport,WY,78,77.92,17.95,11.22,21.96,0.0
2026-07,LGA,LaGuardia Airport,NY,11169,69.46,31.46,27.62,28.83,9.947
2026-07,HYA,Cape Cod Gateway Airport,MA,140,67.2,27.2,21.58,18.98,10.714
2026-07,HNL,Daniel K. Inouye International Airport,HI,5112,83.26,15.75,8.28,17.46,0.763
2026-07,ANC,Ted Stevens Anchorage International Airport,AK,2513,82.76,19.56,9.54,13.04,0.716
2026-07,OGG,Kahului International Airport,HI,2326,86.41,13.27,7.67,10.67,0.559
2026-07,KOA,Ellison Onizuka Kona International Airport at Keāhole,HI,1415,87.5,12.36,3.88,11.79,0.495
2025-08,CRP,Corpus Christi International Airport,TX,356,79.83,17.05,9.63,14.89,1.124
2025-08,MRY,Monterey Regional Airport,CA,400,82.74,15.58,6.97,18.91,0.5
2025-08,TTN,Trenton Mercer Airport,NJ,102,79.59,19.39,6.1,18.8,3.922
2025-08,SFB,Orlando Sanford International Airport,FL,788,64.67,32.27,27.98,18.82,0.127
2025-08,AZA,Mesa Gateway Airport,AZ,392,85.2,14.29,5.11,13.33,0.0
2025-08,LCK,Rickenbacker International Airport,OH,118,67.52,24.58,40.47,12.77,0.0
2025-08,PVU,Provo Municipal Airport,UT,236,85.78,13.19,4.7,19.39,0.424
2025-08,SWF,New York Stewart International Airport,NY,58,79.31,20.69,4.05,13.17,0.0
2025-08,IAG,Niagara Falls International Airport,NY,38,60.53,31.58,10.95,13.11,0.0
2025-08,ATW,Appleton International Airport,WI,594,80.58,14.04,10.61,15.99,1.684
2025-08,BLV,Scott AFB/Midamerica Airport,IL,135,70.37,25.93,23.27,11.73,0.0
2025-08,IDA,Idaho Falls Regional Airport,ID,451,77.4,19.28,18.07,18.96,1.109
2025-08,HGR,Hagerstown Regional Richard A Henson Field,MD,39,60.53,41.03,54.38,8.62,0.0
2025-08,SCK,Stockton Metropolitan Airport,CA,50,77.55,26.0,41.5,10.76,0.0
2025-08,USA,Concord-Padgett Regional Airport,NC,49,42.86,46.94,62.78,15.41,0.0
2025-08,ELM,Elmira Corning Regional Airport,NY,103,82.52,16.5,5.74,14.81,0.0
2025-08,STC,Saint Cloud Regional Airport,MN,3,0.0,100.0,117.67,12.0,0.0
2025-08,SPI,Abraham Lincoln Capital Airport,IL,64,77.05,19.67,17.1,13.74,4.688
2025-08,LGB,Long Beach International Airport,CA,1414,87.66,13.72,4.03,12.24,0.0
2025-08,ITO,Hilo International Airport,HI,560,93.19,5.02,-0.76,9.96,0.357
2025-08,ABI,Abilene Regional Airport,TX,151,76.51,17.45,6.99,13.15,1.325
2025-08,CWA,Central Wisconsin Airport,WI,81,74.68,17.72,6.52,12.86,2.469
2025-08,FSM,Fort Smith Regional Airport,AR,96,88.42,11.58,5.14,15.48,1.042
2025-08,MLU,Monroe Regional Airport,LA,93,78.89,22.22,9.58,16.03,3.226
2025-08,MHK,Manhattan Regional Airport,KS,131,80.95,18.25,14.44,14.28,3.817
2025-08,GGG,East Texas Regional Airport,TX,62,85.48,9.68,7.19,12.76,0.0
2025-08,YUM,Yuma International Airport / Marine Corps Air Station Yuma,AZ,106,90.38,5.66,5.04,16.31,0.0
2025-09,LWS,Lewiston Nez Perce County Airport,ID,60,96.67,1.67,-0.02,13.63,0.0
2025-09,DLH,Duluth International Airport,MN,216,79.34,15.89,10.27,19.21,0.926
2025-09,PIH,Pocatello Regional Airport,ID,30,93.33,6.67,-3.9,12.57,0.0
2025-09,WYS,Yellowstone Airport,MT,66,93.85,6.06,6.03,14.74,0.0
2025-09,BRD,Brainerd Lakes Regional Airport,MN,53,79.25,15.09,0.47,19.81,0.0
2025-09,SAF,Santa Fe Municipal Airport,NM,330,80.86,14.77,6.14,18.17,1.515
2025-09,SWO,Stillwater Regional Airport,OK,60,87.72,12.07,-1.14,15.59,3.333
2025-09,LAR,Laramie Regional Airport,WY,51,74.51,13.73,1.86,24.25,0.0
2025-09,LAF,Purdue University Airport,IN,47,85.11,12.77,19.79,15.74,0.0
2025-09,MEI,Key Field / Meridian Regional Airport,MS,51,92.16,11.76,-1.47,12.92,0.0
2025-09,RKS,Southwest Wyoming Regional Airport,WY,60,85.0,15.0,15.03,17.18,0.0
2025-09,DIK,Dickinson Theodore Roosevelt Regional Airport,ND,57,84.21,10.53,4.93,26.77,0.0
2025-09,BIH,Eastern Sierra Regional Airport,CA,17,88.24,5.88,-5.06,18.35,0.0
2025-10,HSV,Huntsville International Airport,AL,724,80.97,16.92,5.87,15.58,0.414
2025-10,AVL,Asheville Regional Airport,NC,1023,75.86,22.08,13.92,15.97,0.391
2025-10,CHA,Chattanooga Metropolitan Airport (Lovell Field),TN,521,79.69,18.73,10.61,16.32,0.576
2025-10,GRB,Austin Straubel International Airport,WI,412,82.93,10.49,1.58,15.63,0.485
2025-10,MLB,Melbourne Orlando International Airport,FL,232,83.19,16.81,6.61,16.94,0.0
2025-11,EWN,Coastal Carolina Regional Airport,NC,17,94.12,17.65,4.88,15.82,0.0
2025-11,SUN,Friedman Memorial Airport,ID,116,96.55,2.59,-7.44,15.97,0.0
2025-11,BGM,Greater Binghamton/Edwin A Link field,NY,29,85.19,18.52,2.11,24.07,6.897
2025-11,EKO,Elko Regional Airport,NV,48,97.87,2.13,-11.17,15.85,2.083
2025-11,CDC,Cedar City Regional Airport,UT,51,97.92,2.08,-6.13,17.33,5.882
2025-11,PLN,Pellston Regional Airport of Emmet County Airport,MI,52,84.0,14.0,3.86,15.6,3.846
2025-11,ACV,California Redwood Coast-Humboldt County Airport,CA,178,69.19,18.02,10.09,23.21,3.371
2025-11,LNK,Lincoln Airport,NE,264,80.97,16.94,10.83,23.65,6.061
2025-11,BPT,Jack Brooks Regional Airport,TX,59,81.36,16.95,10.63,17.17,0.0
2025-11,JLN,Joplin Regional Airport,MO,59,82.46,10.53,9.26,17.42,3.39
2025-11,GCC,Northeast Wyoming Regional Airport,WY,60,91.67,8.33,0.87,19.98,0.0
2025-11,SLN,Salina Municipal Airport,KS,88,75.86,20.69,15.97,17.37,1.136
2025-11,RKS,Southwest Wyoming Regional Airport,WY,59,96.61,3.39,-2.24,20.88,0.0
2025-11,FOD,Fort Dodge Regional Airport,IA,50,63.83,36.17,24.21,16.15,6.0
2025-11,SHR,Sheridan County Airport,WY,64,89.06,9.38,-0.05,23.72,0.0
2025-11,RIW,Central Wyoming Regional Airport,WY,59,86.44,13.56,15.42,18.98,0.0
2025-11,HOB,Lea County Regional Airport,NM,60,86.67,10.0,25.23,17.48,0.0
2025-11,BET,Bethel Airport,AK,58,65.45,27.27,10.71,16.18,5.172
2025-11,BRW,Wiley Post Will Rogers Memorial Airport,AK,29,58.62,27.59,10.41,15.41,0.0
2025-11,WRG,Wrangell Airport,AK,58,89.09,9.09,-9.78,8.29,5.172
2025-11,ADQ,Kodiak Airport,AK,57,81.82,21.82,6.15,9.75,3.509
2025-11,OTZ,Ralph Wien Memorial Airport,AK,29,89.66,6.9,-9.52,8.72,0.0
2025-11,ADK,Adak Airport,AK,9,88.89,11.11,-9.22,15.11,0.0
2025-12,PHF,Newport News Williamsburg International Airport,VA,3,100.0,0.0,-1.0,16.0,0.0
2025-12,BRW,Wiley Post Will Rogers Memorial Airport,AK,28,48.0,64.0,50.04,14.12,10.714
2025-12,KTN,Ketchikan International Airport,AK,182,66.47,33.53,18.34,14.38,6.593
2025-12,CDV,Merle K (Mudhole) Smith Airport,AK,60,76.36,15.79,5.98,12.96,5.0
2025-12,SIT,Sitka Rocky Gutierrez Airport,AK,90,71.6,29.76,13.17,13.99,6.667
2025-12,PSG,Petersburg James A Johnson Airport,AK,60,68.0,29.41,13.69,12.73,15.0
2025-12,OME,Nome Airport,AK,28,75.0,29.17,12.71,10.83,14.286
2026-01,EGE,Eagle County Regional Airport,CO,683,71.34,30.7,27.75,24.54,3.66
2026-01,JNU,Juneau International Airport,AK,333,72.64,26.11,20.83,14.89,5.706
2026-01,PAE,Seattle Paine Field International Airport,WA,154,85.91,14.67,7.48,15.12,2.597
2026-01,YAK,Yakutat Airport,AK,60,82.69,30.36,18.98,5.13,6.667
2026-01,PQI,Presque Isle International Airport,ME,31,89.29,0.0,-2.43,32.64,9.677
2026-01,DAB,Daytona Beach International Airport,FL,302,84.95,18.28,13.05,15.14,7.616
2026-02,DAL,Dallas Love Field,TX,5163,79.67,24.6,10.14,12.62,0.872
2026-02,STX,Henry E. Rohlsen Airport,VI,149,77.78,30.56,17.2,14.97,3.356
2026-02,ISP,Long Island MacArthur Airport,NY,433,72.89,28.29,19.12,15.8,6.928
2026-02,PSE,Mercedita International Airport,PR,31,80.0,20.0,11.0,15.13,3.226
2026-02,SFB,Orlando Sanford International Airport,FL,767,71.52,23.82,17.35,18.35,0.391
2026-02,PSM,Portsmouth International Airport at Pease,NH,37,83.33,19.44,5.17,21.58,2.703
2026-02,GUF,Jack Edwards National Airport,AL,37,70.27,37.84,21.59,13.62,0.0
2026-02,IAG,Niagara Falls International Airport,NY,40,76.92,12.82,17.82,20.21,2.5
2026-02,SCK,Stockton Metropolitan Airport,CA,34,79.41,23.53,36.03,10.15,0.0
2026-02,TOL,Eugene F. Kranz Toledo Express Airport,OH,42,66.67,40.48,19.81,14.95,0.0
2026-02,USA,Concord-Padgett Regional Airport,NC,40,65.0,42.5,39.17,14.33,0.0
2026-02,PBG,Plattsburgh International Airport,NY,44,61.9,40.48,27.98,19.31,4.545
2026-02,STC,Saint Cloud Regional Airport,MN,23,91.3,8.7,0.74,11.57,0.0
2026-02,SPI,Abraham Lincoln Capital Airport,IL,65,86.15,23.08,8.98,13.43,0.0
2026-02,ABI,Abilene Regional Airport,TX,124,88.62,10.57,1.88,11.77,0.806
2026-02,AEX,Alexandria International Airport,LA,70,87.14,12.86,4.93,12.67,0.0
2026-02,CLL,Easterwood Field,TX,80,91.14,11.39,3.72,13.0,1.25
2026-03,LBE,Arnold Palmer Regional Airport,PA,31,57.14,43.33,26.03,10.17,3.226
2026-03,SWO,Stillwater Regional Airport,OK,62,82.46,13.79,19.16,19.22,6.452
2026-03,BTM,Bert Mooney Airport,MT,62,85.25,14.75,4.49,18.05,1.613
2026-03,SUN,Friedman Memorial Airport,ID,345,86.47,14.66,9.95,18.63,1.159
2026-03,DLH,Duluth International Airport,MN,209,67.02,29.32,35.85,24.54,8.612
2026-03,LNK,Lincoln Airport,NE,251,73.5,28.09,33.72,21.37,6.375
2026-03,GTR,Golden Triangle Regional Airport,MS,31,93.33,10.0,-3.37,13.33,3.226
2026-03,YUM,Yuma International Airport / Marine Corps Air Station Yuma,AZ,153,90.07,9.93,4.09,19.08,1.307
2026-03,FLG,Flagstaff Pulliam Airport,AZ,124,69.35,30.65,35.15,22.96,0.0
2026-03,JLN,Joplin Regional Airport,MO,62,71.19,32.2,34.37,16.56,4.839
2026-03,DEC,Decatur Airport,IL,53,68.89,20.0,14.44,19.78,15.094
2026-03,FMN,Four Corners Regional Airport,NM,31,90.32,6.45,6.61,10.19,0.0
2026-03,EAR,Kearney Regional Airport,NE,53,90.38,11.54,17.44,17.87,1.887
2026-03,DVL,Devils Lake Regional Airport,ND,53,82.35,21.57,24.59,23.31,3.774
2026-03,SLN,Salina Municipal Airport,KS,93,82.95,17.05,24.74,13.52,5.376
2026-03,PIB,Hattiesburg Laurel Regional Airport,MS,53,78.43,17.65,17.94,13.43,3.774
2026-03,MEI,Key Field / Meridian Regional Airport,MS,53,88.0,10.0,6.46,12.9,5.66
2026-03,RIW,Central Wyoming Regional Airport,WY,62,77.42,20.97,20.08,19.71,0.0
2026-03,SAF,Santa Fe Municipal Airport,NM,391,76.9,24.67,25.18,19.22,2.558
2026-03,HOB,Lea County Regional Airport,NM,62,77.05,19.67,46.38,15.2,1.613
2026-03,SCE,State College Regional Airport,PA,29,60.71,35.71,25.0,19.79,3.448
2026-03,GCK,Garden City Regional Airport,KS,62,86.44,15.25,17.2,16.85,4.839
2026-03,OAJ,Albert J Ellis Airport,NC,118,75.0,25.0,22.45,19.55,1.695
2026-03,TWF,Joslin Field Magic Valley Regional Airport,ID,86,96.51,1.16,-8.59,13.15,0.0
2026-03,HIB,Range Regional Airport,MN,53,88.24,9.8,4.55,15.71,3.774
2026-03,CIU,Chippewa County International Airport,MI,62,70.59,25.49,27.61,24.84,17.742
2026-03,IMT,Ford Airport,MI,62,67.92,30.19,36.19,15.17,14.516
2026-04,RAP,Rapid City Regional Airport,SD,465,76.59,15.1,11.28,22.17,1.72
2026-04,MFR,Rogue Valley International-Medford Airport,OR,472,82.59,14.86,7.15,17.62,0.212
2026-04,DRO,Durango La Plata County Airport,CO,368,85.29,15.26,2.71,20.44,0.272
2026-04,FAR,Hector International Airport,ND,608,79.32,17.57,17.09,18.6,2.632
2026-04,IDA,Idaho Falls Regional Airport,ID,340,85.55,13.57,11.88,18.47,0.294
2026-05,CDV,Merle K (Mudhole) Smith Airport,AK,62,90.0,16.13,0.87,5.98,0.0
2026-05,WRG,Wrangell Airport,AK,62,91.8,9.84,-5.26,4.34,1.613
2026-05,PAE,Seattle Paine Field International Airport,WA,76,92.11,6.58,-0.84,11.87,0.0
2026-06,CAE,Columbia Metropolitan Airport,SC,475,82.28,18.78,16.48,15.01,3.579
2026-06,CHO,Charlottesville Albemarle Airport,VA,141,84.67,15.33,12.31,17.01,2.837
2026-06,ILM,Wilmington International Airport,NC,762,80.49,19.05,12.94,17.79,2.887
2025-08,ROW,Roswell Air Center Airport,NM,93,72.83,23.91,27.37,17.35,1.075
2025-08,PIH,Pocatello Regional Airport,ID,31,93.55,6.45,-7.23,10.71,0.0
2025-08,ABR,Aberdeen Regional Airport,SD,62,91.94,8.06,16.81,11.16,0.0
2025-08,BRD,Brainerd Lakes Regional Airport,MN,53,83.02,13.21,1.87,18.3,0.0
2025-08,BJI,Bemidji Regional Airport,MN,62,85.48,8.06,1.31,16.18,0.0
2025-08,RHI,Rhinelander Oneida County Airport,WI,123,73.11,13.45,11.45,11.84,3.252
2025-08,ATY,Watertown Regional Airport,SD,61,70.49,31.15,17.3,15.43,0.0
2025-08,SWO,Stillwater Regional Airport,OK,62,88.71,9.68,0.71,15.92,0.0
2025-08,SJT,San Angelo Regional Mathis Field,TX,93,82.02,16.85,9.61,15.89,4.301
2025-08,EAU,Chippewa Valley Regional Airport,WI,54,80.39,13.46,17.9,16.92,3.704
2025-08,SHR,Sheridan County Airport,WY,62,86.67,11.29,10.73,16.95,0.0
2025-08,FMN,Four Corners Regional Airport,NM,31,87.1,9.68,16.74,15.45,0.0
2025-08,SLN,Salina Municipal Airport,KS,93,79.35,20.65,12.72,16.18,1.075
2025-08,BFF,Western Neb. Rgnl/William B. Heilig Airport,NE,54,63.46,36.54,35.33,18.77,3.704
2025-08,FOD,Fort Dodge Regional Airport,IA,53,76.47,25.49,16.51,13.2,3.774
2025-08,LAF,Purdue University Airport,IN,42,83.33,16.67,19.74,15.19,0.0
2025-08,BIH,Eastern Sierra Regional Airport,CA,31,86.67,16.67,6.2,14.67,3.226
2025-08,HOB,Lea County Regional Airport,NM,62,79.03,16.13,14.6,16.9,0.0
2025-10,BTR,Baton Rouge Metropolitan Airport,LA,420,84.65,11.75,9.5,16.89,0.714
2025-10,SGF,Springfield Branson National Airport,MO,786,77.37,19.11,12.7,17.03,0.127
2025-10,MGM,Montgomery Regional (Dannelly Field) Airport,AL,181,76.67,15.56,10.37,20.03,0.552
2025-10,ABE,Lehigh Valley International Airport,PA,281,85.36,11.03,0.11,14.15,0.0
2025-10,STS,Charles M. Schulz Sonoma County Airport,CA,404,81.95,15.5,7.41,17.27,0.99
2025-10,MOT,Minot International Airport,ND,227,90.31,7.49,-2.35,17.49,0.0
2025-10,TWF,Joslin Field Magic Valley Regional Airport,ID,61,98.36,3.28,2.41,11.56,0.0
2025-10,MBS,MBS International Airport,MI,211,81.04,15.64,8.72,16.9,0.0
2025-10,RST,Rochester International Airport,MN,96,60.42,30.21,34.64,17.3,0.0
2025-10,ASE,Aspen-Pitkin County Airport (Sardy Field),CO,447,72.4,22.37,16.62,23.05,0.0
2025-10,ABY,Southwest Georgia Regional Airport,GA,77,90.91,9.09,7.29,16.03,0.0
2025-10,HIB,Range Regional Airport,MN,53,96.23,3.77,-3.13,13.96,0.0
2025-10,CIU,Chippewa County International Airport,MI,62,90.32,9.68,1.18,18.05,0.0
2025-10,ESC,Delta County Airport,MI,54,90.74,5.56,6.76,16.76,0.0
2025-10,BFL,Meadows Field,CA,257,85.55,13.28,5.68,17.98,0.389
2025-10,LCH,Lake Charles Regional Airport,LA,113,80.18,16.96,7.32,15.54,0.885
2025-10,GRI,Central Nebraska Regional Airport,NE,83,83.75,18.75,11.15,15.18,3.614
2025-10,SJT,San Angelo Regional Mathis Field,TX,92,79.78,17.98,17.12,18.55,3.261
2025-10,MHK,Manhattan Regional Airport,KS,148,75.0,23.65,14.29,14.75,0.0
2025-10,DEC,Decatur Airport,IL,54,61.11,18.52,8.19,17.06,0.0
2025-10,SLN,Salina Municipal Airport,KS,93,83.87,15.05,5.31,18.7,0.0
2025-10,FMN,Four Corners Regional Airport,NM,31,90.32,12.9,39.74,13.58,0.0
2025-10,WYS,Yellowstone Airport,MT,15,73.33,26.67,10.27,16.07,0.0
2025-10,JMS,Jamestown Regional Airport,ND,54,77.36,12.96,8.46,22.76,0.0
2025-10,DIK,Dickinson Theodore Roosevelt Regional Airport,ND,62,83.61,14.52,7.16,26.44,0.0
2025-10,FOD,Fort Dodge Regional Airport,IA,54,90.74,9.26,-3.28,13.04,0.0
2025-10,PIR,Pierre Regional Airport,SD,70,85.71,14.29,1.2,16.97,0.0
2025-10,RDD,Redding Municipal Airport,CA,49,77.55,12.24,3.78,19.67,0.0
2025-10,SWF,New York Stewart International Airport,NY,49,73.47,16.33,3.59,14.33,0.0
2025-10,TOL,Eugene F. Kranz Toledo Express Airport,OH,27,88.89,11.11,3.96,10.33,0.0
2025-10,PIE,St. Petersburg Clearwater International Airport,FL,716,79.83,17.46,4.64,14.13,0.0
2025-10,HTS,Tri-State Airport / Milton J. Ferguson Field,WV,36,44.44,50.0,69.75,12.06,0.0
2025-10,PSM,Portsmouth International Airport at Pease,NH,40,80.0,25.0,12.8,15.18,0.0
2025-10,SCK,Stockton Metropolitan Airport,CA,54,57.41,40.74,59.76,10.83,0.0
2025-10,CKB,North Central West Virginia Airport,WV,9,22.22,100.0,200.67,9.44,0.0
2025-10,IAG,Niagara Falls International Airport,NY,35,94.12,5.71,-4.4,11.71,0.0
2025-10,STC,Saint Cloud Regional Airport,MN,9,55.56,33.33,13.33,7.78,0.0
2025-10,ACY,Atlantic City International Airport,NJ,217,86.57,15.67,5.2,11.3,0.0
2025-12,LRD,Laredo International Airport,TX,143,88.11,12.59,5.01,14.57,0.0
2025-12,ABI,Abilene Regional Airport,TX,148,81.76,18.24,8.68,13.12,0.0
2025-12,CWA,Central Wisconsin Airport,WI,88,59.26,32.1,22.93,23.37,7.955
2025-12,SPI,Abraham Lincoln Capital Airport,IL,73,69.57,26.09,25.7,14.57,5.479
2025-12,CLD,McClellan-Palomar Airport,CA,61,96.72,1.64,-2.92,14.95,0.0
2025-12,PPG,Pago Pago International Airport,TT,14,85.71,14.29,1.07,13.07,0.0
2026-01,CHA,Chattanooga Metropolitan Airport (Lovell Field),TN,339,79.61,17.1,12.15,19.74,8.555
2026-01,MLI,Quad City International Airport,IL,304,77.43,21.45,15.13,19.65,4.934
2026-01,SHV,Shreveport Regional Airport,LA,442,79.58,21.41,18.27,17.22,13.348
2026-01,MLB,Melbourne Orlando International Airport,FL,270,87.55,13.65,4.66,14.54,7.778
2026-01,FAY,Fayetteville Regional Airport - Grannis Field,NC,49,76.19,23.81,22.1,21.64,14.286
2026-01,FCA,Glacier Park International Airport,MT,258,82.45,21.14,21.22,21.88,4.651
2026-01,MFR,Rogue Valley International-Medford Airport,OR,425,76.53,19.02,18.41,21.3,3.529
2026-01,MOT,Minot International Airport,ND,158,80.13,20.51,23.06,24.97,1.266
2026-01,AZO,Kalamazoo/Battle Creek International Airport,MI,141,62.5,34.56,34.8,29.88,3.546
2026-01,ELM,Elmira Corning Regional Airport,NY,88,79.01,24.69,9.15,19.35,7.955
2026-01,SGU,St George Regional Airport,UT,387,82.6,14.55,13.98,19.55,0.517
2026-01,DRO,Durango La Plata County Airport,CO,355,87.32,14.99,8.54,24.91,2.254
2026-01,LBF,North Platte Regional Airport Lee Bird Field,NE,53,75.47,22.64,21.23,22.49,0.0
2026-01,VCT,Victoria Regional Airport,TX,53,88.0,12.0,25.72,10.58,5.66
2026-01,PIR,Pierre Regional Airport,SD,53,73.08,21.15,32.69,24.87,1.887
2026-01,COD,Yellowstone Regional Airport,WY,62,80.33,21.31,12.36,24.89,1.613
2026-01,FOD,Fort Dodge Regional Airport,IA,53,74.0,24.0,18.24,16.38,5.66
2026-01,GRK,Killeen Regional Airport / Robert Gray Army Airfield,TX,145,86.44,12.71,4.05,15.91,18.621
2026-01,GFK,Grand Forks International Airport,ND,101,72.45,25.51,13.07,27.91,2.97
2026-01,OTH,Southwest Oregon Regional Airport,OR,17,82.35,23.53,23.24,15.59,0.0
2026-01,BGM,Greater Binghamton/Edwin A Link field,NY,27,40.0,64.0,59.08,23.28,7.407
2026-01,SPN,Saipan International Airport,TT,31,87.1,16.13,-1.06,12.13,0.0
2026-02,JNU,Juneau International Airport,AK,308,79.32,17.33,2.28,14.89,2.597
2026-02,YAK,Yakutat Airport,AK,56,88.46,16.98,-2.83,5.34,5.357
2026-02,CDV,Merle K (Mudhole) Smith Airport,AK,56,87.04,18.18,-3.16,5.69,1.786
2026-02,WRG,Wrangell Airport,AK,56,84.91,16.98,0.49,4.7,5.357
2026-02,SCC,Deadhorse Airport,AK,40,87.18,15.38,-3.92,9.08,2.5
2026-02,PPG,Pago Pago International Airport,TT,12,91.67,8.33,-6.92,12.17,0.0
2026-02,ITO,Hilo International Airport,HI,516,81.36,15.73,5.5,10.25,0.194
2026-02,PQI,Presque Isle International Airport,ME,28,84.0,16.0,6.08,26.32,10.714
2026-04,CLL,Easterwood Field,TX,90,86.36,13.64,8.9,13.17,2.222
2026-04,CMI,University of Illinois Willard Airport,IL,146,80.71,16.43,7.29,12.41,4.11
2026-04,LCH,Lake Charles Regional Airport,LA,90,86.36,12.5,2.74,14.85,2.222
2026-04,COU,Columbia Regional Airport,MO,341,77.37,19.57,20.5,16.93,4.106
2026-04,ATW,Appleton International Airport,WI,809,77.0,20.08,18.79,18.5,3.956
2026-04,CWA,Central Wisconsin Airport,WI,84,75.64,25.64,19.86,13.62,7.143
2026-04,SPI,Abraham Lincoln Capital Airport,IL,68,75.38,24.62,26.66,11.34,4.412
2026-04,LBE,Arnold Palmer Regional Airport,PA,24,65.22,30.43,12.65,10.26,4.167
2026-04,AVP,Wilkes-Barre/Scranton International Airport,PA,176,85.71,17.14,14.82,15.76,0.568
2026-04,MGM,Montgomery Regional (Dannelly Field) Airport,AL,160,77.22,23.9,26.72,17.38,0.625
2026-04,LFT,Lafayette Regional Airport,LA,186,79.01,19.78,19.19,18.12,2.151
2026-04,BLI,Bellingham International Airport,WA,200,89.0,10.0,3.31,14.58,0.0
2026-04,GFK,Grand Forks International Airport,ND,120,85.71,10.92,4.76,17.29,0.833
2026-04,PIH,Pocatello Regional Airport,ID,30,83.33,13.33,1.73,11.73,0.0
2026-04,MOT,Minot International Airport,ND,196,77.55,21.43,14.32,22.94,0.0
2026-04,RST,Rochester International Airport,MN,100,77.08,20.83,16.18,17.77,4.0
2026-04,ABR,Aberdeen Regional Airport,SD,60,86.44,16.95,12.39,18.46,1.667
2026-04,INL,Falls International Airport,MN,51,85.11,12.77,5.49,13.15,7.843
2026-04,BJI,Bemidji Regional Airport,MN,60,88.14,10.17,8.59,13.12,1.667
2026-04,IMT,Ford Airport,MI,60,71.93,28.07,19.63,13.63,5.0
2026-04,EKO,Elko Regional Airport,NV,47,91.3,6.52,3.67,16.76,2.128
2026-04,PLN,Pellston Regional Airport of Emmet County Airport,MI,51,80.0,26.67,-1.2,12.93,70.588
2026-04,CPR,Casper-Natrona County International Airport,WY,209,84.39,15.12,10.45,21.59,1.914
2026-04,FNT,Bishop International Airport,MI,339,65.95,28.13,21.99,15.17,3.54
2026-04,GTR,Golden Triangle Regional Airport,MS,30,63.33,43.33,23.53,15.33,0.0
2026-04,SJT,San Angelo Regional Mathis Field,TX,90,74.71,22.99,18.67,18.01,3.333
2026-04,DEC,Decatur Airport,IL,52,72.34,12.77,-1.81,18.21,9.615
2026-04,SUX,Sioux Gateway Airport / Brigadier General Bud Day Field,IA,77,58.67,38.67,42.87,17.55,2.597
2026-04,CYS,Cheyenne Regional Jerry Olson Field,WY,60,81.67,21.67,17.52,18.63,0.0
2026-04,LAF,Purdue University Airport,IN,47,55.81,36.36,48.34,16.3,6.383
2026-04,BFF,Western Neb. Rgnl/William B. Heilig Airport,NE,51,78.43,17.65,12.49,15.82,0.0
2026-04,COD,Yellowstone Regional Airport,WY,60,76.67,26.67,17.08,24.87,0.0
2026-04,MCW,Mason City Municipal Airport,IA,52,76.09,15.22,9.28,13.67,11.538
2026-04,PRC,Prescott Regional Airport - Ernest A. Love Field,AZ,82,79.27,18.29,53.3,20.54,0.0
2026-04,GCK,Garden City Regional Airport,KS,60,87.72,18.97,4.88,16.4,3.333
2026-04,CKB,North Central West Virginia Airport,WV,46,59.09,40.0,60.76,15.09,2.174
2026-05,BGM,Greater Binghamton/Edwin A Link field,NY,25,96.0,8.0,-3.56,12.28,0.0
2026-05,ASE,Aspen-Pitkin County Airport (Sardy Field),CO,182,87.78,12.64,-0.94,20.95,0.0
2026-05,BIH,Eastern Sierra Regional Airport,CA,7,50.0,33.33,12.5,28.33,14.286
2026-06,TLH,Tallahassee International Airport,FL,399,84.68,14.47,9.89,15.4,3.008
2026-06,JNU,Juneau International Airport,AK,493,89.51,10.91,1.1,9.87,1.42
2026-06,GNV,Gainesville Regional Airport,FL,233,87.34,14.78,2.93,13.12,1.288
2026-06,MOB,Mobile Regional Airport,AL,153,80.56,17.93,15.72,15.17,5.229
2026-06,CSG,Columbus Airport,GA,6,83.33,33.33,9.67,16.17,0.0
2026-06,BLV,Scott AFB/Midamerica Airport,IL,181,59.32,36.72,35.05,12.24,2.21
2026-06,LCK,Rickenbacker International Airport,OH,150,64.67,32.0,29.6,13.54,0.0
2026-06,ACY,Atlantic City International Airport,NJ,54,22.22,72.22,98.35,14.85,0.0
2026-06,RFD,Chicago Rockford International Airport,IL,96,67.71,29.17,28.28,11.73,0.0
2026-06,HTS,Tri-State Airport / Milton J. Ferguson Field,WV,67,47.76,55.22,32.15,9.82,0.0
2026-06,CKB,North Central West Virginia Airport,WV,89,65.91,25.0,13.9,16.05,1.124
2026-06,SBN,South Bend International Airport,IN,654,77.97,19.62,15.38,16.88,3.364
2026-06,PBG,Plattsburgh International Airport,NY,25,72.0,20.0,10.76,14.72,0.0
2026-06,MOT,Minot International Airport,ND,253,81.93,17.86,4.57,17.53,0.395
2026-06,HGR,Hagerstown Regional Richard A Henson Field,MD,34,48.48,51.52,50.36,15.33,2.941
2026-06,TOL,Eugene F. Kranz Toledo Express Airport,OH,29,62.07,34.48,25.83,10.69,0.0
2026-06,LRD,Laredo International Airport,TX,158,83.33,15.75,12.24,13.55,7.595
2026-06,ABI,Abilene Regional Airport,TX,261,82.35,18.68,16.14,12.76,1.533
2026-06,ACT,Waco Regional Airport,TX,90,80.0,24.71,22.36,12.47,5.556
2026-06,GCK,Garden City Regional Airport,KS,60,81.03,23.73,13.8,13.19,1.667
2026-06,CLD,McClellan-Palomar Airport,CA,240,65.13,23.33,10.84,19.45,0.0
2026-06,CWA,Central Wisconsin Airport,WI,90,83.72,15.12,5.7,11.16,4.444
2026-06,SCC,Deadhorse Airport,AK,44,97.73,2.27,-12.07,7.7,0.0
2026-06,YAK,Yakutat Airport,AK,60,91.67,13.33,-0.45,4.03,0.0
2026-06,SIT,Sitka Rocky Gutierrez Airport,AK,150,89.66,13.1,3.96,8.86,3.333
2026-06,VRB,Vero Beach Regional Airport,FL,90,77.78,22.22,6.68,19.24,0.0
2025-08,VCT,Victoria Regional Airport,TX,7,100.0,0.0,-10.29,10.14,0.0
2025-09,VCT,Victoria Regional Airport,TX,45,77.78,17.78,21.76,17.2,0.0
2025-10,BRW,Wiley Post Will Rogers Memorial Airport,AK,31,73.33,26.67,19.27,10.67,3.226
2025-10,KTN,Ketchikan International Airport,AK,189,90.71,10.33,0.88,10.24,2.646
2025-10,MVY,Martha's Vineyard Airport,MA,26,76.92,19.23,-1.0,16.19,0.0
2025-12,ACY,Atlantic City International Airport,NJ,176,70.35,29.07,21.17,13.13,2.273
2025-12,LBE,Arnold Palmer Regional Airport,PA,27,60.87,43.48,37.17,15.87,14.815
2025-12,BLV,Scott AFB/Midamerica Airport,IL,101,74.0,21.0,17.64,13.28,0.99
2025-12,SCK,Stockton Metropolitan Airport,CA,62,70.97,27.42,43.9,9.89,0.0
2025-12,PSM,Portsmouth International Airport at Pease,NH,32,75.0,18.75,12.69,17.53,0.0
2025-12,IAG,Niagara Falls International Airport,NY,35,57.58,24.24,16.55,22.97,5.714
2026-01,SFB,Orlando Sanford International Airport,FL,767,74.97,24.97,13.34,16.34,2.868
2026-01,GUF,Jack Edwards National Airport,AL,34,81.82,21.21,25.58,13.06,2.941
2026-01,IAG,Niagara Falls International Airport,NY,30,58.62,41.38,23.83,27.66,3.333
2026-01,FSM,Fort Smith Regional Airport,AR,93,85.71,16.67,11.89,14.71,9.677
2026-01,LCH,Lake Charles Regional Airport,LA,67,83.87,16.13,8.94,15.26,7.463
2026-01,SPS,Wichita Falls Municipal Airport / Sheppard Air Force Base,TX,62,88.24,11.76,10.16,15.71,17.742
2026-04,PSE,Mercedita International Airport,PR,43,81.4,11.63,2.19,14.0,0.0
2026-04,PBG,Plattsburgh International Airport,NY,42,57.14,30.95,13.0,15.24,0.0
2026-04,SWF,New York Stewart International Airport,NY,46,60.87,39.13,19.57,13.59,0.0
2026-04,LSE,La Crosse Regional Airport,WI,97,85.56,21.98,15.19,11.46,6.186
2026-04,JNU,Juneau International Airport,AK,330,91.41,9.2,-1.41,10.46,1.212
2026-04,OTZ,Ralph Wien Memorial Airport,AK,30,86.67,20.0,12.23,5.03,0.0
2026-04,PPG,Pago Pago International Airport,TT,8,87.5,25.0,6.13,12.75,0.0
2026-04,ORH,Worcester Regional Airport,MA,110,76.15,13.64,1.84,16.07,0.0
2026-05,ORH,Worcester Regional Airport,MA,62,74.19,19.35,8.08,13.6,0.0
2026-06,MLU,Monroe Regional Airport,LA,119,81.98,20.54,7.52,14.86,5.882
2026-06,MHK,Manhattan Regional Airport,KS,124,74.79,25.0,22.74,13.79,3.226
2026-06,SPS,Wichita Falls Municipal Airport / Sheppard Air Force Base,TX,60,77.97,25.42,30.05,18.0,1.667
2026-06,AEX,Alexandria International Airport,LA,150,79.72,13.99,13.73,18.26,4.667
2026-06,CRW,Yeager Airport,WV,199,76.47,27.81,16.75,22.63,6.03
2026-06,ASE,Aspen-Pitkin County Airport (Sardy Field),CO,626,67.66,33.9,40.19,22.11,6.709
2026-06,HIB,Range Regional Airport,MN,51,90.2,9.8,16.86,14.12,0.0
2026-06,SGU,St George Regional Airport,UT,391,78.55,21.48,15.81,19.88,0.0
2026-06,ESC,Delta County Airport,MI,51,84.31,15.69,12.86,14.1,0.0
2026-06,IMT,Ford Airport,MI,60,81.67,20.0,13.0,12.22,0.0
2026-06,TWF,Joslin Field Magic Valley Regional Airport,ID,83,93.98,6.02,-2.07,13.4,0.0
2026-06,CPR,Casper-Natrona County International Airport,WY,236,80.0,26.27,16.64,21.3,0.0
2026-06,SWO,Stillwater Regional Airport,OK,60,84.75,15.25,13.56,17.07,1.667
2026-06,SAF,Santa Fe Municipal Airport,NM,390,73.94,27.89,19.69,20.92,2.564
2026-06,DDC,Dodge City Regional Airport,KS,51,64.71,31.37,42.51,18.45,0.0
2026-06,PIR,Pierre Regional Airport,SD,51,88.0,9.8,-1.78,14.24,0.0
2026-06,LYH,Lynchburg Regional Airport - Preston Glenn Field,VA,60,74.58,28.81,41.8,16.12,1.667
2026-06,LAF,Purdue University Airport,IN,43,82.93,19.51,11.73,16.71,4.651
2026-06,SLN,Salina Municipal Airport,KS,82,91.25,4.94,-2.48,14.86,1.22
2026-06,PAH,Barkley Regional Airport,KY,60,86.67,16.67,5.88,11.32,0.0
2026-06,RKS,Southwest Wyoming Regional Airport,WY,60,84.75,16.67,16.83,16.43,0.0
2026-06,DIK,Dickinson Theodore Roosevelt Regional Airport,ND,51,78.43,17.65,11.06,23.75,0.0
2026-06,DVL,Devils Lake Regional Airport,ND,51,80.39,11.76,9.9,21.55,0.0
2026-06,EAU,Chippewa Valley Regional Airport,WI,51,68.75,27.08,15.42,18.02,5.882
2026-06,RDD,Redding Municipal Airport,CA,141,66.19,30.0,28.68,20.16,0.709
2026-06,LNK,Lincoln Airport,NE,344,81.95,16.81,7.16,19.55,1.453
2026-06,LNS,Lancaster Airport,PA,47,71.11,22.22,16.04,16.44,4.255
2026-07,JNU,Juneau International Airport,AK,525,86.37,11.52,1.49,10.38,0.762
2026-07,CSG,Columbus Airport,GA,8,62.5,62.5,24.5,11.75,0.0
2026-07,GUF,Jack Edwards National Airport,AL,133,66.15,33.08,36.91,13.18,2.256
2026-07,SFB,Orlando Sanford International Airport,FL,1025,62.77,32.81,32.41,17.92,0.39
2026-07,HTS,Tri-State Airport / Milton J. Ferguson Field,WV,68,46.97,53.03,29.88,8.32,2.941
2026-07,USA,Concord-Padgett Regional Airport,NC,62,37.1,56.45,52.9,17.82,0.0
2026-07,PIE,St. Petersburg Clearwater International Airport,FL,969,72.12,26.32,17.98,15.09,0.0
2026-07,BRW,Wiley Post Will Rogers Memorial Airport,AK,31,74.19,32.26,8.65,5.71,0.0
2026-07,DLG,Dillingham Airport,AK,31,86.21,13.79,6.52,5.28,6.452
2026-07,OME,Nome Airport,AK,30,80.0,36.67,14.4,4.3,0.0
2025-08,SJU,Luis Munoz Marin International Airport,PR,2975,70.95,29.37,21.87,15.61,0.773
2025-08,CHS,Charleston International Airport,SC,2071,81.8,19.23,11.19,15.36,1.545
2025-08,BNA,Nashville International Airport,TN,9012,80.75,22.14,11.41,15.11,0.81
2025-08,ATL,Hartsfield Jackson Atlanta International Airport,GA,27353,78.36,21.99,12.55,16.53,0.852
2025-08,CLT,Charlotte Douglas International Airport,NC,15628,72.77,26.91,17.81,20.38,0.909
2025-08,ORD,Chicago O'Hare International Airport,IL,30090,73.86,27.17,20.49,25.39,2.483
2025-08,OAK,Oakland San Francisco Bay Airport,CA,2850,81.36,20.81,10.89,12.4,0.351
2025-08,CAE,Columbia Metropolitan Airport,SC,441,79.58,22.17,13.65,14.4,1.814
2025-08,BHM,Birmingham-Shuttlesworth International Airport,AL,1476,81.54,18.52,13.59,14.77,0.881
2025-08,MCI,Kansas City International Airport,MO,4113,79.68,18.72,10.07,15.86,0.924
2025-08,STX,Henry E. Rohlsen Airport,VI,128,69.84,30.71,29.2,13.25,0.781
2025-08,GRR,Gerald R. Ford International Airport,MI,1567,78.93,18.7,13.15,15.26,1.021
2025-08,ABE,Lehigh Valley International Airport,PA,272,81.85,18.08,16.48,12.96,0.368
2025-08,ECP,Northwest Florida Beaches International Airport,FL,905,79.69,21.11,13.71,12.83,0.552
2025-08,LAN,Capital Region International Airport,MI,203,80.9,19.6,12.27,14.36,1.97
2025-08,BTR,Baton Rouge Metropolitan Airport,LA,349,76.38,23.32,19.36,15.56,1.719
2025-08,GNV,Gainesville Regional Airport,FL,265,86.69,15.15,7.5,13.19,0.377
2025-08,BGR,Bangor International Airport,ME,562,71.56,23.01,22.95,17.73,1.779
2025-08,SHV,Shreveport Regional Airport,LA,546,75.87,22.79,14.77,17.37,0.366
2025-08,LIT,Bill & Hillary Clinton National Airport/Adams Field,AR,1119,75.41,21.23,12.03,16.28,1.072
2025-08,MDT,Harrisburg International Airport,PA,410,80.65,19.75,14.6,13.69,2.439
2025-08,COU,Columbia Regional Airport,MO,170,72.56,24.85,10.15,14.61,2.941
2025-08,AVL,Asheville Regional Airport,NC,973,74.19,23.6,14.6,15.33,1.131
2025-08,LAW,Lawton Fort Sill Regional Airport,OK,93,63.74,25.27,27.84,18.32,2.151
2025-08,EWN,Coastal Carolina Regional Airport,NC,51,72.55,33.33,27.25,17.39,0.0
2025-08,PSC,Tri Cities Airport,WA,559,90.43,6.29,-0.68,16.15,0.537
2025-08,PSP,Palm Springs International Airport,CA,738,81.37,17.8,11.04,17.17,0.271
2025-08,MSO,Missoula Montana Airport,MT,536,76.28,20.79,13.46,16.8,0.373
2025-08,FAI,Fairbanks International Airport,AK,438,83.64,19.59,6.65,13.0,0.913
2025-08,MFR,Rogue Valley International-Medford Airport,OR,390,90.49,9.23,6.14,15.62,0.0
2025-08,GTF,Great Falls International Airport,MT,211,86.12,12.86,5.52,14.1,0.474
2025-08,SBP,San Luis County Regional Airport,CA,420,80.39,18.23,10.89,19.19,0.714
2025-08,BQN,Rafael Hernández International Airport,PR,218,75.81,24.07,12.72,12.68,0.917
2025-08,EYW,Key West International Airport,FL,480,77.54,20.92,11.38,14.44,0.417
2025-08,PSG,Petersburg James A Johnson Airport,AK,62,81.97,22.95,11.39,10.57,1.613
2025-08,GST,Gustavus Airport,AK,31,82.76,6.9,8.48,12.97,6.452
2025-08,AKN,King Salmon Airport,AK,37,97.3,5.41,-10.57,10.32,0.0
2025-08,STS,Charles M. Schulz Sonoma County Airport,CA,435,78.24,20.09,8.4,17.39,0.46
2025-08,ADK,Adak Airport,AK,9,57.14,57.14,19.29,12.0,22.222
2025-08,PSE,Mercedita International Airport,PR,82,83.95,17.28,5.7,13.22,1.22
2025-08,MVY,Martha's Vineyard Airport,MA,387,71.32,24.61,14.91,17.3,1.292
2025-08,HYA,Cape Cod Gateway Airport,MA,140,75.71,17.86,24.04,19.22,0.0
2025-09,ORD,Chicago O'Hare International Airport,IL,28867,79.21,21.42,12.96,25.08,0.416
2025-09,DCA,Ronald Reagan Washington National Airport,VA,11822,77.87,20.25,10.62,22.73,0.821
2025-09,FSM,Fort Smith Regional Airport,AR,118,87.07,11.97,3.41,14.97,0.847
2025-09,CLE,Cleveland Hopkins International Airport,OH,3240,85.84,13.04,7.01,15.27,0.617
2025-09,MLI,Quad City International Airport,IL,352,87.18,9.12,5.61,15.77,0.284
2025-09,TUL,Tulsa International Airport,OK,1516,85.99,12.38,4.89,14.96,0.923
2025-09,CID,The Eastern Iowa Airport,IA,680,83.88,13.54,6.74,15.16,1.176
2025-09,ABQ,Albuquerque International Sunport,NM,2049,85.66,15.4,8.52,13.67,0.488
2025-09,CLL,Easterwood Field,TX,120,85.71,10.92,3.42,13.96,0.833
2025-09,CLT,Charlotte Douglas International Airport,NC,15192,84.02,17.12,8.77,20.15,0.369
2025-09,GRB,Austin Straubel International Airport,WI,291,80.28,16.61,2.56,14.83,0.687
2025-09,CRP,Corpus Christi International Airport,TX,324,86.96,12.42,2.11,14.91,0.617
2025-09,ELP,El Paso International Airport,TX,1301,84.94,17.27,9.9,14.8,0.769
2025-09,BUF,Buffalo Niagara International Airport,NY,1682,85.88,14.47,8.45,12.99,0.535
2025-09,PIA,General Wayne A. Downing Peoria International Airport,IL,425,83.69,14.62,5.22,14.91,0.235
2025-09,BIS,Bismarck Municipal Airport,ND,369,85.64,14.09,7.56,19.52,0.0
2025-09,ATW,Appleton International Airport,WI,509,83.66,12.38,1.89,16.32,0.0
2025-09,FCA,Glacier Park International Airport,MT,477,84.0,13.42,8.14,16.02,0.0
2025-09,GPT,Gulfport Biloxi International Airport,MS,287,91.9,7.72,-0.07,13.69,0.697
2025-09,BTV,Patrick Leahy Burlington International Airport,VT,565,79.54,17.76,13.02,17.21,0.354
2025-09,RIC,Richmond International Airport,VA,1488,83.37,16.22,7.62,16.5,0.538
2025-09,BRO,Brownsville South Padre Island International Airport,TX,120,79.83,19.33,5.76,11.18,0.833
2025-09,HRL,Valley International Airport,TX,314,87.22,13.74,7.15,11.27,0.318
2025-09,COS,City of Colorado Springs Municipal Airport,CO,1156,84.18,15.24,6.56,20.73,0.692
2025-09,TLH,Tallahassee International Airport,FL,358,85.67,12.08,5.3,15.06,0.559
2025-09,DSM,Des Moines International Airport,IA,1244,84.93,11.95,3.03,15.58,0.482
2025-09,RDU,Raleigh-Durham International Airport,NC,4484,84.62,14.41,8.59,16.68,0.513
2025-09,ACT,Waco Regional Airport,TX,90,80.9,16.85,11.19,14.47,1.111
2025-09,MYR,Myrtle Beach International Airport,SC,1284,86.91,14.23,5.11,13.63,0.935
2025-09,FLL,Fort Lauderdale Hollywood International Airport,FL,5663,82.8,20.98,11.82,15.65,0.424
2025-09,MDT,Harrisburg International Airport,PA,357,84.83,16.25,10.53,13.81,0.0
2025-09,PHL,Philadelphia International Airport,PA,8225,81.98,18.63,9.23,22.08,0.535
2025-09,JAC,Jackson Hole Airport,WY,669,80.36,18.65,15.08,18.21,0.598
2025-09,PDX,Portland International Airport,OR,5269,83.73,12.83,3.98,18.36,0.171
2025-09,PBI,President Donald J. Trump International Airport,FL,1818,82.18,19.17,10.11,14.57,0.44
2025-09,BOI,Boise Air Terminal/Gowen Field,ID,1924,84.42,13.15,4.64,17.14,0.416
2025-09,HNL,Daniel K. Inouye International Airport,HI,4480,91.4,8.97,3.4,15.53,0.246
2025-09,OGG,Kahului International Airport,HI,1956,91.09,8.6,0.7,10.15,0.102
2025-09,SBP,San Luis County Regional Airport,CA,358,76.77,18.64,24.62,21.06,1.117
2025-09,STT,Cyril E. King Airport,VI,162,85.63,16.67,8.52,14.94,0.0
2025-09,DAB,Daytona Beach International Airport,FL,247,93.93,6.88,-2.49,14.9,0.0
2025-09,AGS,Augusta Regional At Bush Field,GA,139,89.78,14.6,4.08,14.61,1.439
2025-09,OAK,Oakland San Francisco Bay Airport,CA,2714,82.38,21.14,8.6,12.46,0.295
2025-09,JFK,John F. Kennedy International Airport,NY,8567,81.78,15.38,8.08,29.06,0.735
2025-09,YAK,Yakutat Airport,AK,60,89.66,17.24,1.34,12.97,3.333
2025-09,AKN,King Salmon Airport,AK,30,100.0,0.0,-14.63,9.27,0.0
2025-09,STX,Henry E. Rohlsen Airport,VI,44,76.19,22.73,37.84,15.34,0.0
2025-09,PVU,Provo Municipal Airport,UT,184,89.07,9.84,3.76,18.61,0.543
2025-09,SFB,Orlando Sanford International Airport,FL,537,81.38,20.11,9.39,15.62,0.0
2025-09,SWF,New York Stewart International Airport,NY,28,75.0,14.29,5.36,14.04,0.0
2025-09,GRI,Central Nebraska Regional Airport,NE,76,89.33,12.0,8.12,14.17,1.316
2025-09,SMX,Santa Maria Public Airport Captain G Allan Hancock Field,CA,8,50.0,50.0,19.88,8.38,0.0
2025-09,GUF,Jack Edwards National Airport,AL,25,96.0,4.0,-6.56,11.36,0.0
2025-09,HTS,Tri-State Airport / Milton J. Ferguson Field,WV,22,68.18,36.36,9.09,9.45,0.0
2025-09,ROA,Roanoke–Blacksburg Regional Airport,VA,202,78.39,18.5,14.37,16.0,0.99
2025-09,PBG,Plattsburgh International Airport,NY,9,88.89,11.11,-2.44,12.89,0.0
2025-10,EWR,Newark Liberty International Airport,NJ,10578,70.98,20.24,11.68,29.74,1.012
2025-10,MCO,Orlando International Airport,FL,13245,75.64,22.54,13.59,20.64,0.551
2025-10,IAH,George Bush Intercontinental Airport,TX,10247,80.68,17.28,9.48,20.84,0.303
2025-10,FLL,Fort Lauderdale Hollywood International Airport,FL,6591,80.26,20.55,10.41,16.22,0.394
2025-10,BOS,Boston Logan International Airport,MA,12647,73.92,28.26,19.15,20.7,1.51
2025-10,ATL,Hartsfield Jackson Atlanta International Airport,GA,27556,81.6,17.58,8.15,16.16,0.203
2025-10,PHX,Phoenix Sky Harbor International Airport,AZ,16620,78.75,23.38,11.98,17.08,0.211
2025-10,BIL,Billings Logan International Airport,MT,432,87.7,9.26,4.42,16.83,0.0
2025-10,MIA,Miami International Airport,FL,8457,77.91,20.63,11.94,19.05,0.367
2025-10,BWI,Baltimore/Washington International Thurgood Marshall Airport,MD,8475,81.36,23.66,10.32,14.44,0.142
2025-10,SJC,Mineta San Jose International Airport,CA,3865,81.54,19.46,7.63,14.86,0.414
2025-10,CLT,Charlotte Douglas International Airport,NC,16273,81.21,19.39,10.63,20.43,0.234
2025-10,HNL,Daniel K. Inouye International Airport,HI,4682,87.37,12.52,6.36,16.01,0.534
2025-10,DFW,Dallas Fort Worth International Airport,TX,27182,75.03,23.82,13.64,19.97,1.196
2025-10,RAP,Rapid City Regional Airport,SD,428,81.97,11.01,3.99,18.59,0.234
2025-10,CMH,John Glenn Columbus International Airport,OH,4031,81.12,17.37,9.03,16.37,0.719
2025-10,PSP,Palm Springs International Airport,CA,1266,82.67,16.9,8.62,16.93,0.474
2025-10,MDT,Harrisburg International Airport,PA,475,79.58,18.11,10.69,14.37,0.0
2025-10,ROC,Frederick Douglass Greater Rochester International Airport,NY,802,81.33,18.27,9.96,13.65,0.374
2025-10,FCA,Glacier Park International Airport,MT,337,86.05,12.76,4.53,16.8,0.0
2025-10,KOA,Ellison Onizuka Kona International Airport at Keāhole,HI,1267,86.75,12.58,5.61,12.55,1.5
2025-10,TUS,Tucson International Airport,AZ,1598,84.85,17.51,8.49,15.43,0.313
2025-10,SAV,Savannah Hilton Head International Airport,GA,1764,82.02,17.53,9.84,16.55,0.397
2025-10,MFR,Rogue Valley International-Medford Airport,OR,424,82.51,15.13,8.71,17.31,0.236
2025-10,MKE,General Mitchell International Airport,WI,2564,79.63,18.54,11.57,15.14,0.312
2025-10,FAR,Hector International Airport,ND,537,84.36,12.1,4.18,16.28,0.0
2025-10,BQN,Rafael Hernández International Airport,PR,159,79.11,18.35,1.39,12.33,0.629
2025-10,MFE,McAllen Miller International Airport,TX,391,84.02,14.4,4.16,15.1,0.512
2025-10,CRP,Corpus Christi International Airport,TX,362,87.47,10.83,2.26,16.01,0.552
2025-10,ECP,Northwest Florida Beaches International Airport,FL,732,83.72,15.18,4.08,13.11,0.137
2025-10,JAN,Jackson-Medgar Wiley Evers International Airport,MS,529,83.27,16.35,5.59,13.64,0.567
2025-11,IAH,George Bush Intercontinental Airport,TX,10022,78.16,20.42,12.74,21.32,1.058
2025-11,LAS,Harry Reid International Airport,NV,14441,79.49,21.95,10.81,18.22,1.731
2025-11,ABQ,Albuquerque International Sunport,NM,2020,85.58,15.65,6.49,14.63,1.634
2025-11,IAD,Washington Dulles International Airport,VA,4589,81.82,15.19,9.21,21.06,1.46
2025-11,RDU,Raleigh-Durham International Airport,NC,4796,80.36,18.6,11.64,18.46,2.043
2025-11,GEG,Spokane International Airport,WA,1451,87.82,13.58,6.64,17.67,1.516
2025-11,DFW,Dallas Fort Worth International Airport,TX,25032,74.28,26.6,17.94,19.43,3.468
2025-11,JAX,Jacksonville International Airport,FL,2431,83.24,17.22,10.69,14.74,1.316
2025-11,BWI,Baltimore/Washington International Thurgood Marshall Airport,MD,7721,82.89,20.31,10.13,14.22,1.8
2025-11,SNA,John Wayne Orange County International Airport,CA,3756,80.82,20.08,11.81,16.61,1.464
2025-11,MIA,Miami International Airport,FL,9270,77.02,22.58,12.84,20.48,1.953
2025-11,OKC,OKC Will Rogers World Airport,OK,1948,81.37,17.23,8.83,15.84,1.694
2025-11,BNA,Nashville International Airport,TN,8849,79.01,24.07,13.74,16.86,1.22
2025-11,OMA,Eppley Airfield,NE,2035,81.93,17.99,11.2,16.81,1.916
2025-11,DAY,James M. Cox Dayton International Airport,OH,757,79.09,17.58,15.38,18.82,3.831
2025-11,STL,St. Louis Lambert International Airport,MO,5202,80.12,22.49,13.25,12.68,1.461
2025-11,DRO,Durango La Plata County Airport,CO,350,83.18,15.87,5.68,25.71,4.571
2025-11,BDL,Bradley International Airport,CT,1830,80.61,16.26,8.95,15.54,1.858
2025-11,FSD,Sioux Falls Regional Airport,SD,654,75.28,20.45,14.93,21.02,5.046
2025-11,KOA,Ellison Onizuka Kona International Airport at Keāhole,HI,1247,87.96,11.88,3.94,12.8,2.085
2025-11,TUS,Tucson International Airport,AZ,1753,84.58,14.57,7.4,15.64,2.51
2025-11,ALB,Albany International Airport,NY,1096,79.55,17.7,10.35,17.15,2.555
2025-11,SDF,Louisville Muhammad Ali International Airport,KY,1731,81.51,18.07,11.3,16.59,3.755
2025-11,GRB,Austin Straubel International Airport,WI,460,80.9,14.59,5.83,18.83,7.609
2025-11,HPN,Westchester County Airport,NY,877,74.59,20.12,14.79,17.42,3.079
2025-11,FAR,Hector International Airport,ND,506,78.89,18.37,13.53,21.44,3.162
2025-11,TRI,Tri-Cities Regional TN/VA Airport,TN,129,85.04,14.17,7.86,13.55,1.55
2025-11,SGF,Springfield Branson National Airport,MO,674,82.0,16.92,10.8,18.18,3.561
2025-11,IDA,Idaho Falls Regional Airport,ID,393,87.44,9.49,4.34,20.6,0.763
2025-11,PAE,Seattle Paine Field International Airport,WA,111,74.77,20.72,11.3,16.66,0.0
2025-11,PVU,Provo Municipal Airport,UT,206,88.67,11.27,9.82,18.12,0.971
2025-11,BLV,Scott AFB/Midamerica Airport,IL,78,83.12,18.18,13.71,11.87,1.282
2025-11,BGR,Bangor International Airport,ME,165,68.71,26.99,24.06,20.74,1.212
2025-11,LCK,Rickenbacker International Airport,OH,68,86.76,16.18,1.99,12.78,0.0
2025-11,USA,Concord-Padgett Regional Airport,NC,63,58.06,45.16,30.05,12.45,1.587
2025-11,MRY,Monterey Regional Airport,CA,434,80.05,15.44,15.48,18.65,2.995
2025-11,FWA,Fort Wayne International Airport,IN,562,76.35,20.11,15.59,23.3,7.117
2025-11,PSM,Portsmouth International Airport at Pease,NH,35,80.0,14.29,-3.63,14.43,0.0
2025-11,PBG,Plattsburgh International Airport,NY,27,70.37,29.63,26.7,18.3,0.0
2025-11,SWF,New York Stewart International Airport,NY,49,73.47,26.53,31.69,13.53,0.0
2025-11,HGR,Hagerstown Regional Richard A Henson Field,MD,19,68.42,31.58,14.95,7.89,0.0
2025-11,YUM,Yuma International Airport / Marine Corps Air Station Yuma,AZ,178,83.64,15.76,12.85,16.7,7.303
2025-11,ABI,Abilene Regional Airport,TX,142,83.09,17.65,7.26,14.31,4.225
2025-11,AMA,Rick Husband Amarillo International Airport,TX,431,81.69,16.87,10.21,16.35,3.712
2025-11,BRO,Brownsville South Padre Island International Airport,TX,126,85.34,12.07,5.66,12.02,7.937
2025-11,LFT,Lafayette Regional Airport,LA,218,76.06,17.84,14.3,21.23,2.294
2025-11,FSM,Fort Smith Regional Airport,AR,98,80.9,12.36,3.54,18.15,9.184
2025-11,GGG,East Texas Regional Airport,TX,59,88.89,7.41,-1.19,16.2,8.475
2025-11,HHH,Hilton Head Airport,SC,120,90.6,13.56,3.44,16.17,1.667
2025-11,ALO,Waterloo Regional Airport,IA,54,78.43,17.65,21.45,19.96,5.556
2025-11,MGM,Montgomery Regional (Dannelly Field) Airport,AL,126,75.63,24.17,30.39,20.07,4.762
2025-11,RST,Rochester International Airport,MN,89,69.51,24.39,13.67,20.43,7.865
2025-11,ACY,Atlantic City International Airport,NJ,190,84.95,15.05,3.21,11.87,2.105
2025-11,LBE,Arnold Palmer Regional Airport,PA,27,73.08,30.77,22.15,11.23,3.704
2025-12,PVD,Rhode Island T. F. Green International Airport,RI,1252,72.17,24.78,17.21,15.87,1.677
2025-12,RIC,Richmond International Airport,VA,1616,67.3,27.95,23.57,21.58,2.599
2025-12,DTW,Detroit Metropolitan Wayne County Airport,MI,9934,62.0,32.11,28.47,25.01,2.517
2025-12,ORD,Chicago O'Hare International Airport,IL,27790,61.01,35.3,31.43,30.74,2.526
2025-12,PHX,Phoenix Sky Harbor International Airport,AZ,17689,78.4,23.98,12.52,16.83,0.503
2025-12,ANC,Ted Stevens Anchorage International Airport,AK,1316,80.33,25.9,17.17,17.58,2.584
2025-12,GPT,Gulfport Biloxi International Airport,MS,246,85.11,16.6,15.64,15.59,4.472
2025-12,MIA,Miami International Airport,FL,10099,75.21,25.59,15.09,21.36,1.149
2025-12,CID,The Eastern Iowa Airport,IA,642,66.78,30.36,39.62,19.95,5.607
2025-12,BUR,Hollywood Burbank/Bob Hope Airport,CA,2623,81.21,22.43,12.98,17.28,2.097
2025-12,ORF,Norfolk International Airport,VA,1645,73.74,25.7,20.61,17.71,2.067
2025-12,MKE,General Mitchell International Airport,WI,2273,70.08,26.77,23.02,20.22,1.892
2025-12,ECP,Northwest Florida Beaches International Airport,FL,604,84.5,18.4,11.86,12.93,2.815
2025-12,BTV,Patrick Leahy Burlington International Airport,VT,394,59.16,28.2,31.87,32.97,2.792
2025-12,CMH,John Glenn Columbus International Airport,OH,3567,70.69,26.6,18.27,19.88,1.682
2025-12,PSC,Tri Cities Airport,WA,567,88.41,12.06,7.09,18.23,0.529
2025-12,FAR,Hector International Airport,ND,539,66.86,31.44,28.18,27.8,2.041
2025-12,FCA,Glacier Park International Airport,MT,285,74.91,27.92,20.22,21.65,0.702
2025-12,OMA,Eppley Airfield,NE,2067,76.33,23.84,16.12,18.22,0.968
2025-12,JAN,Jackson-Medgar Wiley Evers International Airport,MS,433,82.86,20.66,12.55,13.78,1.617
2025-12,BTR,Baton Rouge Metropolitan Airport,LA,421,76.26,24.94,20.41,15.79,0.95
2025-12,EGE,Eagle County Regional Airport,CO,457,59.69,42.86,38.0,26.33,0.438
2025-12,ROA,Roanoke–Blacksburg Regional Airport,VA,160,57.24,36.18,41.44,21.43,5.0
2025-12,BIS,Bismarck Municipal Airport,ND,366,65.64,33.98,39.49,28.98,1.913
2025-12,MLB,Melbourne Orlando International Airport,FL,251,81.05,23.79,11.75,14.26,1.195
2025-12,MTJ,Montrose Regional Airport,CO,244,80.25,22.22,16.42,21.33,0.41
2025-12,CHO,Charlottesville Albemarle Airport,VA,187,54.86,39.43,53.67,21.98,6.417
2025-12,HHH,Hilton Head Airport,SC,108,83.81,20.0,7.33,16.78,2.778
2025-12,SBN,South Bend International Airport,IN,676,56.13,35.2,45.77,30.12,2.071
2025-12,BGR,Bangor International Airport,ME,146,66.67,25.37,21.2,22.84,8.219
2025-12,AVP,Wilkes-Barre/Scranton International Airport,PA,133,67.44,24.62,17.37,21.88,2.256
2025-12,LBB,Lubbock Preston Smith International Airport,TX,564,82.42,19.72,11.94,15.63,0.177
2025-12,CRW,Yeager Airport,WV,188,61.71,36.57,35.0,31.95,6.915
2025-12,LFT,Lafayette Regional Airport,LA,216,66.51,30.23,25.07,21.67,0.463
2025-12,BRO,Brownsville South Padre Island International Airport,TX,124,89.52,12.1,11.05,12.06,0.0
2025-12,BPT,Jack Brooks Regional Airport,TX,62,72.88,30.51,39.2,17.63,4.839
2025-12,MRY,Monterey Regional Airport,CA,370,83.29,16.12,11.72,18.11,1.081
2025-12,SJT,San Angelo Regional Mathis Field,TX,91,90.0,10.99,4.47,18.73,0.0
2025-12,GCK,Garden City Regional Airport,KS,62,80.65,16.13,8.61,22.63,0.0
2025-12,MBS,MBS International Airport,MI,146,54.35,40.58,58.94,30.22,5.479
2025-12,HLN,Helena Regional Airport,MT,122,86.07,12.3,8.64,24.02,0.0
2025-12,BRD,Brainerd Lakes Regional Airport,MN,53,70.0,26.0,13.96,22.16,5.66
2025-12,RHI,Rhinelander Oneida County Airport,WI,59,85.71,14.29,7.18,13.18,5.085
2025-12,PLN,Pellston Regional Airport of Emmet County Airport,MI,53,73.81,30.95,31.83,18.74,20.755
2025-12,CPR,Casper-Natrona County International Airport,WY,217,80.93,18.98,11.99,24.84,0.461
2025-12,MAF,Midland International Air and Space Port,TX,763,89.29,11.73,5.15,14.44,0.524
2025-12,GCC,Northeast Wyoming Regional Airport,WY,62,72.13,27.87,23.92,24.85,1.613
2025-12,JST,John Murtha Johnstown Cambria County Airport,PA,60,45.1,41.18,62.24,34.65,15.0
2025-12,VCT,Victoria Regional Airport,TX,56,81.82,19.64,28.52,11.41,0.0
2025-12,DIK,Dickinson Theodore Roosevelt Regional Airport,ND,61,73.33,21.31,18.54,34.43,0.0
2025-12,FOD,Fort Dodge Regional Airport,IA,55,75.56,23.91,19.59,20.96,16.364
2025-12,PRC,Prescott Regional Airport - Ernest A. Love Field,AZ,92,84.78,11.96,5.52,19.4,0.0
2025-12,COU,Columbia Regional Airport,MO,332,67.5,27.1,29.81,20.68,3.313
2025-12,SCE,State College Regional Airport,PA,29,59.26,39.29,40.61,23.71,3.448
2025-12,BIH,Eastern Sierra Regional Airport,CA,41,63.41,31.71,26.0,20.34,0.0
2025-12,GRK,Killeen Regional Airport / Robert Gray Army Airfield,TX,180,82.68,13.33,5.82,19.12,0.0
2025-12,GFK,Grand Forks International Airport,ND,45,64.29,38.1,26.52,23.12,6.667
2025-12,BGM,Greater Binghamton/Edwin A Link field,NY,19,52.63,31.58,19.89,29.74,0.0
2026-01,MSP,Minneapolis–Saint Paul International Airport / Wold–Chamberlain Field,MN,8055,72.89,23.5,17.62,24.63,2.408
2026-01,MSY,Louis Armstrong New Orleans International Airport,LA,3901,84.9,17.33,8.34,12.77,4.127
2026-01,DFW,Dallas Fort Worth International Airport,TX,24229,75.42,26.62,18.57,18.97,9.852
2026-01,GJT,Grand Junction Regional Airport,CO,355,83.43,12.86,9.48,22.82,1.408
2026-01,CLE,Cleveland Hopkins International Airport,OH,2874,74.15,20.69,14.65,23.55,5.324
2026-01,TUS,Tucson International Airport,AZ,1738,86.03,14.83,6.69,14.91,2.244
2026-01,DCA,Ronald Reagan Washington National Airport,VA,11858,75.06,25.03,16.57,21.59,9.428
2026-01,HPN,Westchester County Airport,NY,915,70.07,28.72,20.5,18.4,7.541
2026-01,ACT,Waco Regional Airport,TX,93,89.02,10.98,7.28,13.57,11.828
2026-01,JAX,Jacksonville International Airport,FL,2156,82.64,17.44,10.73,14.97,4.499
2026-01,ATW,Appleton International Airport,WI,612,68.91,29.87,31.31,25.34,2.614
2026-01,BOI,Boise Air Terminal/Gowen Field,ID,1910,86.08,12.09,5.65,21.44,0.838
2026-01,CHS,Charleston International Airport,SC,1817,82.32,16.75,10.48,16.79,6.659
2026-01,RST,Rochester International Airport,MN,105,63.37,36.27,46.61,23.54,2.857
2026-01,COU,Columbia Regional Airport,MO,307,80.76,22.18,18.52,19.61,4.56
2026-01,CLT,Charlotte Douglas International Airport,NC,14222,80.7,20.83,12.64,19.6,10.976
2026-01,GSP,Greenville-Spartanburg International Airport,SC,1109,79.7,17.46,11.91,18.19,9.107
2026-01,MKE,General Mitchell International Airport,WI,2077,73.76,22.05,15.8,23.05,3.707
2026-01,MSN,Dane County Regional Truax Field,WI,1022,73.47,23.18,21.48,21.77,5.871
2026-01,AMA,Rick Husband Amarillo International Airport,TX,394,87.4,9.32,2.46,16.74,7.36
2026-01,AUS,Austin Bergstrom International Airport,TX,6707,82.77,18.75,11.86,16.34,4.652
2026-01,AVL,Asheville Regional Airport,NC,637,77.74,20.76,13.28,17.85,9.262
2026-01,LEX,Blue Grass Airport,KY,636,81.69,16.7,10.73,19.32,8.648
2026-01,MAF,Midland International Air and Space Port,TX,682,88.35,10.4,6.8,14.88,5.572
2026-01,AVP,Wilkes-Barre/Scranton International Airport,PA,103,80.22,13.04,8.66,20.98,10.68
2026-01,SRQ,Sarasota Bradenton International Airport,FL,1601,82.45,17.69,8.41,15.27,4.31
2026-01,BHM,Birmingham-Shuttlesworth International Airport,AL,1243,85.35,14.21,9.21,16.2,4.344
2026-01,SPI,Abraham Lincoln Capital Airport,IL,69,79.41,21.74,10.3,15.84,0.0
2026-01,FLL,Fort Lauderdale Hollywood International Airport,FL,8607,71.1,31.45,18.59,18.07,4.764
2026-01,EWR,Newark Liberty International Airport,NJ,9977,78.8,19.58,10.86,23.91,6.375
2026-01,LAS,Harry Reid International Airport,NV,13695,83.07,19.99,10.26,16.74,1.862
2026-01,SJU,Luis Munoz Marin International Airport,PR,3306,73.29,29.74,24.14,16.42,7.955
2026-01,SAV,Savannah Hilton Head International Airport,GA,1257,84.36,15.87,10.06,16.83,6.762
2026-01,BWI,Baltimore/Washington International Thurgood Marshall Airport,MD,6933,82.95,19.36,8.69,14.82,5.611
2026-01,MYR,Myrtle Beach International Airport,SC,739,83.01,17.41,10.15,13.94,9.066
2026-01,BUR,Hollywood Burbank/Bob Hope Airport,CA,2141,88.02,13.29,5.11,17.11,1.261
2026-01,HOU,William P. Hobby Airport,TX,4081,88.04,14.58,4.39,12.81,2.548
2026-01,IAD,Washington Dulles International Airport,VA,4248,83.05,16.02,11.1,20.76,5.65
2026-01,KOA,Ellison Onizuka Kona International Airport at Keāhole,HI,1424,81.88,17.33,7.94,13.22,1.124
2026-01,MTJ,Montrose Regional Airport,CO,293,83.21,16.79,8.13,21.66,4.437
2026-01,SFO,San Francisco International Airport,CA,11113,82.46,18.45,12.99,19.68,2.43
2026-01,SLC,Salt Lake City International Airport,UT,9515,85.46,15.1,7.13,20.36,1.787
2026-01,SMF,Sacramento International Airport,CA,4130,85.02,15.26,7.38,14.41,1.332
2026-01,MDT,Harrisburg International Airport,PA,485,77.95,20.67,15.9,18.92,7.216
2026-02,MIA,Miami International Airport,FL,9304,75.3,22.61,12.89,23.19,1.741
2026-02,BGR,Bangor International Airport,ME,162,75.8,24.84,25.85,24.41,3.086
2026-02,CRP,Corpus Christi International Airport,TX,280,86.96,14.49,4.47,14.98,1.429
2026-02,BTV,Patrick Leahy Burlington International Airport,VT,433,73.49,21.63,18.31,30.2,3.926
2026-02,IAH,George Bush Intercontinental Airport,TX,8976,85.58,14.62,7.18,19.63,1.058
2026-02,MSP,Minneapolis–Saint Paul International Airport / Wold–Chamberlain Field,MN,7923,80.36,18.28,10.39,21.07,1.123
2026-02,TVC,Cherry Capital Airport,MI,244,72.5,27.92,21.85,26.15,1.639
2026-02,CRW,Yeager Airport,WV,191,66.12,27.32,47.34,29.95,4.188
2026-02,MEM,Frederick W. Smith International Airport,TN,1609,85.32,14.8,7.11,14.82,1.74
2026-02,BNA,Nashville International Airport,TN,7542,81.0,22.37,10.41,16.72,1.618
2026-02,MOB,Mobile Regional Airport,AL,183,82.78,15.56,11.02,15.22,1.639
2026-02,RDU,Raleigh-Durham International Airport,NC,3954,82.1,18.41,10.87,17.75,3.692
2026-02,STL,St. Louis Lambert International Airport,MO,4484,84.87,18.67,9.05,11.92,1.316
2026-02,BDL,Bradley International Airport,CT,1688,76.26,22.12,14.3,18.78,6.813
2026-02,GPT,Gulfport Biloxi International Airport,MS,205,89.6,10.4,5.67,15.12,1.463
2026-02,FWA,Fort Wayne International Airport,IN,388,69.27,27.6,31.4,25.76,1.031
2026-02,VPS,Destin-Fort Walton Beach Airport,FL,606,79.83,17.42,13.17,17.19,1.485
2026-02,SYR,Syracuse Hancock International Airport,NY,694,71.85,24.48,18.88,26.91,2.305
2026-02,TYS,McGhee Tyson Airport,TN,816,81.17,19.03,13.41,18.08,1.471
2026-02,XNA,Northwest Arkansas National Airport,AR,1006,86.0,13.98,6.76,15.89,1.193
2026-02,DSM,Des Moines International Airport,IA,1095,82.72,18.73,17.05,16.68,1.005
2026-02,DAB,Daytona Beach International Airport,FL,283,82.35,19.12,11.6,15.82,3.887
2026-02,MSN,Dane County Regional Truax Field,WI,962,79.18,18.16,10.09,17.53,1.559
2026-02,LBB,Lubbock Preston Smith International Airport,TX,496,85.4,13.18,9.67,15.68,0.605
2026-02,CID,The Eastern Iowa Airport,IA,683,78.91,22.97,17.07,17.46,0.586
2026-02,AUS,Austin Bergstrom International Airport,TX,6471,81.92,19.68,10.34,15.78,0.989
2026-02,AVP,Wilkes-Barre/Scranton International Airport,PA,151,87.76,11.56,4.86,18.56,2.649
2026-02,SEA,Seattle–Tacoma International Airport,WA,11000,84.41,16.03,6.94,19.22,0.782
2026-02,SMF,Sacramento International Airport,CA,3935,85.32,16.66,6.79,13.98,0.254
2026-02,SJC,Mineta San Jose International Airport,CA,3088,87.03,14.5,4.46,13.41,0.583
2026-02,BOI,Boise Air Terminal/Gowen Field,ID,1781,87.73,11.35,4.48,17.59,0.112
2026-02,MRY,Monterey Regional Airport,CA,308,83.01,16.61,12.55,17.59,0.325
2026-02,PSP,Palm Springs International Airport,CA,1492,81.18,19.88,16.6,16.86,0.871
2026-02,GEG,Spokane International Airport,WA,1299,89.22,12.0,5.65,17.38,0.539
2026-02,BLI,Bellingham International Airport,WA,147,91.03,5.52,-0.46,16.19,1.361
2026-02,EGE,Eagle County Regional Airport,CO,681,73.26,30.03,27.71,23.7,2.203
2026-02,SHV,Shreveport Regional Airport,LA,406,84.42,18.05,15.01,17.19,1.724
2026-02,MDW,Chicago Midway International Airport,IL,4537,81.61,21.22,8.34,15.99,0.904
2026-02,FAR,Hector International Airport,ND,547,75.6,20.26,14.47,25.25,0.731
2026-02,RNO,Reno Tahoe International Airport,NV,1619,81.33,19.0,15.1,19.52,1.174
2026-02,IDA,Idaho Falls Regional Airport,ID,275,87.5,13.19,14.75,22.48,0.727
2026-02,SBA,Santa Barbara Municipal Airport,CA,616,86.44,16.12,10.95,15.52,0.325
2026-02,GRB,Austin Straubel International Airport,WI,347,77.97,17.92,9.94,21.98,0.288
2026-02,MBS,MBS International Airport,MI,167,77.3,19.02,13.89,27.12,2.395
2026-02,ELM,Elmira Corning Regional Airport,NY,96,76.04,27.08,17.41,19.99,0.0
2026-02,INL,Falls International Airport,MN,48,70.83,25.0,21.25,15.79,0.0
2026-02,BJI,Bemidji Regional Airport,MN,56,83.64,12.73,13.89,17.55,1.786
2026-02,BTM,Bert Mooney Airport,MT,56,91.07,7.14,-3.88,19.21,0.0
2026-02,PLN,Pellston Regional Airport of Emmet County Airport,MI,48,69.23,35.9,82.15,17.38,18.75
2026-02,BFL,Meadows Field,CA,195,84.02,19.59,10.09,17.63,0.513
2026-02,GTR,Golden Triangle Regional Airport,MS,28,85.71,14.29,13.96,15.61,0.0
2026-02,GRI,Central Nebraska Regional Airport,NE,77,76.32,22.37,6.89,18.66,1.299
2026-02,SMX,Santa Maria Public Airport Captain G Allan Hancock Field,CA,64,75.0,23.44,29.16,15.95,0.0
2026-02,DRO,Durango La Plata County Airport,CO,336,77.81,22.49,16.59,25.15,2.083
2026-02,ELP,El Paso International Airport,TX,1159,86.04,14.63,7.49,14.91,0.949
2026-02,EAR,Kearney Regional Airport,NE,48,85.42,14.58,26.13,20.81,0.0
2026-02,MEI,Key Field / Meridian Regional Airport,MS,48,91.67,8.33,-0.85,14.63,0.0
2026-02,RDD,Redding Municipal Airport,CA,133,75.94,15.79,12.3,18.59,0.0
2026-02,CHO,Charlottesville Albemarle Airport,VA,114,74.77,23.42,28.63,17.24,2.632
2026-02,MTJ,Montrose Regional Airport,CO,285,71.38,30.39,24.68,20.78,0.702
2026-02,SCE,State College Regional Airport,PA,27,92.59,22.22,6.48,21.26,0.0
2026-02,OTH,Southwest Oregon Regional Airport,OR,16,56.25,31.25,27.31,21.88,0.0
2026-02,ROW,Roswell Air Center Airport,NM,71,84.29,14.29,6.13,16.07,1.408
2026-02,TYR,Tyler Pounds Regional Airport,TX,72,74.65,23.61,15.61,16.01,0.0
2026-02,SHD,Shenandoah Valley Regional Airport,VA,51,75.51,20.41,13.47,17.98,3.922
2026-02,CWA,Central Wisconsin Airport,WI,73,83.56,16.44,14.82,18.88,0.0
2026-03,SAT,San Antonio International Airport,TX,3438,79.92,19.4,11.01,13.97,1.367
2026-03,ATL,Hartsfield Jackson Atlanta International Airport,GA,26669,74.83,24.95,15.71,16.94,3.465
2026-03,AUS,Austin Bergstrom International Airport,TX,7973,73.28,27.15,17.47,15.77,1.706
2026-03,FLL,Fort Lauderdale Hollywood International Airport,FL,9928,59.7,41.52,32.16,21.04,4.664
2026-03,RIC,Richmond International Airport,VA,1684,76.32,24.39,19.29,17.27,4.335
2026-03,MSP,Minneapolis–Saint Paul International Airport / Wold–Chamberlain Field,MN,9608,77.23,21.96,15.59,19.01,5.037
2026-03,LGA,LaGuardia Airport,NY,11660,67.91,33.14,23.42,23.2,9.734
2026-03,IAH,George Bush Intercontinental Airport,TX,10492,76.41,23.47,20.22,20.3,2.888
2026-03,LAX,Los Angeles International Airport,CA,16088,77.74,18.68,10.5,17.65,1.287
2026-03,SMF,Sacramento International Airport,CA,4630,84.23,18.09,8.28,13.34,0.907
2026-03,MSY,Louis Armstrong New Orleans International Airport,LA,4485,75.3,27.39,16.5,14.59,2.787
2026-03,SNA,John Wayne Orange County International Airport,CA,3821,83.77,16.48,7.41,15.75,1.204
2026-03,SJC,Mineta San Jose International Airport,CA,3438,85.6,15.51,6.03,13.06,0.96
2026-03,TLH,Tallahassee International Airport,FL,417,76.5,22.33,24.35,16.8,3.357
2026-03,MIA,Miami International Airport,FL,10460,69.59,31.3,22.54,24.5,2.964
2026-03,EWR,Newark Liberty International Airport,NJ,10755,77.72,23.17,14.26,22.9,2.325
2026-03,HOU,William P. Hobby Airport,TX,4578,67.46,37.34,19.33,13.62,1.42
2026-03,CMH,John Glenn Columbus International Airport,OH,4010,76.43,23.79,17.8,16.56,3.242
2026-03,JAN,Jackson-Medgar Wiley Evers International Airport,MS,394,84.33,19.27,13.29,13.57,2.538
2026-03,CLE,Cleveland Hopkins International Airport,OH,3530,76.56,22.57,18.5,16.69,3.626
2026-03,MSN,Dane County Regional Truax Field,WI,1128,75.67,21.98,15.77,17.45,6.826
2026-03,MTJ,Montrose Regional Airport,CO,366,74.79,25.91,24.5,19.53,1.913
2026-03,EYW,Key West International Airport,FL,885,74.35,26.84,22.4,16.01,3.164
2026-03,LIT,Bill & Hillary Clinton National Airport/Adams Field,AR,1105,81.12,22.43,15.04,15.46,2.353
2026-03,PSC,Tri Cities Airport,WA,507,90.26,10.34,5.21,17.19,0.789
2026-03,BUF,Buffalo Niagara International Airport,NY,1704,74.53,25.2,17.61,16.29,3.11
2026-03,SYR,Syracuse Hancock International Airport,NY,820,69.49,25.7,24.61,19.98,4.146
2026-03,DAY,James M. Cox Dayton International Airport,OH,635,78.25,21.88,21.86,17.67,4.252
2026-03,SGF,Springfield Branson National Airport,MO,597,77.65,22.53,16.66,17.16,1.843
2026-03,ANC,Ted Stevens Anchorage International Airport,AK,1423,83.91,17.93,9.66,13.0,0.843
2026-03,HRL,Valley International Airport,TX,328,80.43,17.28,6.61,14.17,1.22
2026-03,STT,Cyril E. King Airport,VI,764,72.06,32.58,17.1,17.14,1.178
2026-03,STX,Henry E. Rohlsen Airport,VI,167,71.6,31.29,19.31,14.02,2.395
2026-03,BIL,Billings Logan International Airport,MT,365,85.36,13.26,8.78,19.41,0.822
2026-03,TVC,Cherry Capital Airport,MI,294,67.32,29.13,32.6,20.7,13.605
2026-03,CRP,Corpus Christi International Airport,TX,353,80.23,18.02,13.03,16.72,2.55
2026-03,BQN,Rafael Hernández International Airport,PR,167,81.25,20.37,14.06,12.29,2.994
2026-03,PGD,Punta Gorda Airport,FL,939,74.43,26.63,22.5,12.53,2.023
2026-03,PIA,General Wayne A. Downing Peoria International Airport,IL,459,64.67,27.17,24.78,19.14,4.575
2026-03,FAT,Fresno Yosemite International Airport,CA,1012,85.59,14.81,10.31,16.08,0.593
2026-03,PSM,Portsmouth International Airport at Pease,NH,36,58.33,38.89,67.44,17.31,0.0
2026-03,RAP,Rapid City Regional Airport,SD,364,83.99,17.98,13.37,21.81,2.198
2026-03,RFD,Chicago Rockford International Airport,IL,100,69.39,29.59,31.62,13.53,2.0
2026-03,ELM,Elmira Corning Regional Airport,NY,96,66.32,26.32,32.94,19.96,1.042
2026-03,PBG,Plattsburgh International Airport,NY,44,38.64,59.09,39.82,16.8,0.0
2026-03,ABE,Lehigh Valley International Airport,PA,268,77.82,20.16,16.64,14.83,3.731
2026-03,MOT,Minot International Airport,ND,210,71.64,26.73,44.56,26.24,3.81
2026-03,TRI,Tri-Cities Regional TN/VA Airport,TN,87,87.95,18.82,4.68,11.8,2.299
2026-03,OAK,Oakland San Francisco Bay Airport,CA,2569,80.09,23.35,11.22,11.72,0.973
2026-03,HGR,Hagerstown Regional Richard A Henson Field,MD,18,61.11,44.44,43.22,14.5,0.0
2026-03,MRY,Monterey Regional Airport,CA,364,84.72,12.74,4.29,18.68,0.824
2026-03,CKB,North Central West Virginia Airport,WV,18,75.0,31.25,19.13,7.44,11.111
2026-03,CLL,Easterwood Field,TX,93,85.56,12.22,4.46,14.14,3.226
2026-03,MAF,Midland International Air and Space Port,TX,736,83.22,14.84,10.16,15.04,2.038
2026-03,RST,Rochester International Airport,MN,121,62.39,30.28,19.57,19.58,9.917
2026-03,CMI,University of Illinois Willard Airport,IL,146,79.43,19.86,11.66,13.58,3.425
2026-03,MHK,Manhattan Regional Airport,KS,155,83.33,15.23,5.47,15.06,2.581
2026-03,COU,Columbia Regional Airport,MO,322,76.22,20.52,17.15,17.55,4.658
2026-03,LCH,Lake Charles Regional Airport,LA,93,88.76,10.0,2.83,14.48,3.226
2026-03,SPS,Wichita Falls Municipal Airport / Sheppard Air Force Base,TX,62,90.16,13.11,7.59,15.66,1.613
2026-03,SBP,San Luis County Regional Airport,CA,412,81.33,14.74,12.13,18.51,1.214
2026-03,ACT,Waco Regional Airport,TX,93,90.91,11.36,3.34,12.0,5.376
2026-03,SBA,Santa Barbara Municipal Airport,CA,734,84.82,13.52,7.57,15.66,0.272
2026-03,JNU,Juneau International Airport,AK,341,68.96,21.96,13.76,17.42,1.173
2026-03,CDV,Merle K (Mudhole) Smith Airport,AK,62,83.61,18.03,4.98,5.46,1.613
2026-03,YAK,Yakutat Airport,AK,62,85.0,21.67,7.15,5.4,3.226
2026-03,SIT,Sitka Rocky Gutierrez Airport,AK,93,67.78,25.56,16.21,16.63,3.226
2026-03,PSG,Petersburg James A Johnson Airport,AK,62,78.33,15.0,2.58,12.15,3.226
2026-03,ADK,Adak Airport,AK,8,87.5,12.5,-20.38,5.88,0.0
2026-03,PQI,Presque Isle International Airport,ME,31,93.55,3.23,-5.71,18.03,0.0
2026-04,OAK,Oakland San Francisco Bay Airport,CA,2509,76.44,27.18,11.74,12.81,0.279
2026-04,OKC,OKC Will Rogers World Airport,OK,1980,83.28,15.99,9.95,14.92,1.768
2026-04,PHL,Philadelphia International Airport,PA,8692,80.81,19.45,11.08,20.14,0.679
2026-04,PSP,Palm Springs International Airport,CA,1680,79.64,18.78,9.56,18.53,0.476
2026-04,RDU,Raleigh-Durham International Airport,NC,4748,82.35,16.79,8.63,17.75,0.632
2026-04,ROC,Frederick Douglass Greater Rochester International Airport,NY,907,82.21,17.86,10.84,15.3,1.213
2026-04,SAN,San Diego International Airport,CA,8505,80.8,23.24,10.3,20.6,0.329
2026-04,SBA,Santa Barbara Municipal Airport,CA,733,79.7,18.36,11.31,18.0,0.409
2026-04,SDF,Louisville Muhammad Ali International Airport,KY,2136,81.9,15.91,9.57,16.17,1.124
2026-04,SEA,Seattle–Tacoma International Airport,WA,12864,85.57,15.43,6.15,19.56,0.171
2026-04,SJC,Mineta San Jose International Airport,CA,3423,84.23,17.94,5.56,14.07,0.497
2026-04,SJU,Luis Munoz Marin International Airport,PR,3190,78.36,19.55,11.14,15.66,0.752
2026-04,SMF,Sacramento International Airport,CA,4672,83.83,17.77,6.6,14.25,0.407
2026-04,SRQ,Sarasota Bradenton International Airport,FL,1806,81.84,17.51,8.14,16.52,0.997
2026-04,STL,St. Louis Lambert International Airport,MO,5156,80.79,20.88,10.86,12.1,0.795
2026-04,BUF,Buffalo Niagara International Airport,NY,1699,82.64,18.48,8.1,14.26,0.942
2026-04,BUR,Hollywood Burbank/Bob Hope Airport,CA,2455,82.22,18.66,6.97,18.04,0.692
2026-04,BZN,Bozeman Yellowstone International Airport,MT,717,83.61,15.66,9.98,18.83,0.279
2026-04,CHS,Charleston International Airport,SC,2167,81.45,19.06,12.34,16.77,0.738
2026-04,COS,City of Colorado Springs Municipal Airport,CO,1034,84.16,17.49,10.74,19.1,0.484
2026-04,CRP,Corpus Christi International Airport,TX,332,76.62,23.55,17.26,17.37,1.506
2026-04,CVG,Cincinnati Northern Kentucky International Airport,KY,2835,83.56,14.86,9.05,15.02,1.023
2026-04,FAT,Fresno Yosemite International Airport,CA,1030,81.38,17.45,10.53,17.18,0.388
2026-04,ISP,Long Island MacArthur Airport,NY,462,77.68,22.93,11.6,12.46,0.866
2026-04,KOA,Ellison Onizuka Kona International Airport at Keāhole,HI,1298,85.0,13.43,3.52,12.63,0.77
2026-04,LIH,Lihue Airport,HI,1292,84.59,15.4,5.04,10.61,0.464
2026-04,LIT,Bill & Hillary Clinton National Airport/Adams Field,AR,1131,80.73,17.91,11.68,16.08,0.796
2026-04,MAF,Midland International Air and Space Port,TX,730,85.22,14.34,6.39,15.07,0.685
2026-04,ILM,Wilmington International Airport,NC,587,85.96,16.21,5.15,17.49,1.193
2026-04,SYR,Syracuse Hancock International Airport,NY,926,81.4,16.52,5.81,16.35,1.296
2026-04,CAE,Columbia Metropolitan Airport,SC,433,82.16,20.14,13.13,15.3,1.386
2026-04,BTV,Patrick Leahy Burlington International Airport,VT,497,79.76,16.8,19.05,20.21,0.604
2026-04,TVC,Cherry Capital Airport,MI,316,77.05,18.69,6.8,16.62,3.481
2026-04,BGR,Bangor International Airport,ME,243,81.74,17.84,8.27,17.52,0.823
2026-04,DLH,Duluth International Airport,MN,244,70.69,21.89,25.45,20.21,4.508
2026-04,DAY,James M. Cox Dayton International Airport,OH,677,82.45,17.04,14.76,16.17,2.068
2026-04,TLH,Tallahassee International Airport,FL,406,87.22,13.03,4.77,16.37,1.724
2026-04,SBP,San Luis County Regional Airport,CA,406,75.56,19.01,15.25,19.49,0.246
2026-04,ANC,Ted Stevens Anchorage International Airport,AK,1333,93.28,9.79,1.7,12.7,0.375
2026-05,GSO,Piedmont Triad International Airport,NC,944,85.47,13.86,6.83,15.66,1.377
2026-05,CAE,Columbia Metropolitan Airport,SC,505,80.65,18.47,12.43,15.11,1.386
2026-05,TLH,Tallahassee International Airport,FL,421,79.85,16.91,13.62,15.5,1.663
2026-05,CHS,Charleston International Airport,SC,2200,80.9,18.41,12.54,16.84,0.727
2026-05,LGA,LaGuardia Airport,NY,11375,75.44,21.96,12.73,25.61,1.829
2026-05,SAV,Savannah Hilton Head International Airport,GA,1803,82.54,19.28,11.2,15.29,1.054
2026-05,BHM,Birmingham-Shuttlesworth International Airport,AL,1550,80.87,20.82,12.29,14.43,1.161
2026-05,MLB,Melbourne Orlando International Airport,FL,244,85.12,15.7,3.42,16.75,0.82
2026-05,DTW,Detroit Metropolitan Wayne County Airport,MI,10112,80.87,18.66,10.28,17.2,1.266
2026-05,MYR,Myrtle Beach International Airport,SC,1132,83.32,18.11,9.62,13.53,0.972
2026-05,JFK,John F. Kennedy International Airport,NY,8535,82.08,16.07,9.33,27.81,1.078
2026-05,BOS,Boston Logan International Airport,MA,12694,79.43,18.01,8.22,20.89,0.607
2026-05,MCO,Orlando International Airport,FL,12958,78.53,24.54,13.05,18.24,0.702
2026-05,LAX,Los Angeles International Airport,CA,16317,80.01,20.41,10.66,17.61,0.539
2026-05,AUS,Austin Bergstrom International Airport,TX,7831,75.06,28.54,17.76,16.02,0.907
2026-05,DFW,Dallas Fort Worth International Airport,TX,27419,72.74,28.92,19.25,19.91,3.337
2026-05,SFO,San Francisco International Airport,CA,13114,70.07,31.73,19.25,25.25,0.785
2026-05,TPA,Tampa International Airport,FL,6471,77.02,25.7,16.93,15.42,0.68
2026-05,JAX,Jacksonville International Airport,FL,2744,81.53,19.95,14.45,14.44,0.984
2026-05,TTN,Trenton Mercer Airport,NJ,101,83.84,19.0,4.1,17.5,0.99
2026-05,SAT,San Antonio International Airport,TX,3485,80.68,22.64,14.82,13.33,1.377
2026-05,SJC,Mineta San Jose International Airport,CA,3686,81.69,19.31,6.6,14.12,0.38
2026-05,PBI,President Donald J. Trump International Airport,FL,2545,83.14,18.65,11.69,15.62,0.982
2026-05,ELP,El Paso International Airport,TX,1357,78.7,23.49,15.45,14.92,0.884
2026-05,CID,The Eastern Iowa Airport,IA,734,82.83,16.3,12.04,14.56,0.545
2026-05,IDA,Idaho Falls Regional Airport,ID,417,83.54,17.35,14.49,17.66,0.48
2026-05,PVU,Provo Municipal Airport,UT,228,81.78,15.93,9.92,17.84,0.877
2026-05,MDT,Harrisburg International Airport,PA,560,80.77,16.39,10.83,15.05,1.964
2026-05,FNT,Bishop International Airport,MI,301,77.36,21.55,18.9,14.84,1.329
2026-05,HOU,William P. Hobby Airport,TX,4533,71.92,35.2,17.34,12.84,0.794
2026-05,ROA,Roanoke–Blacksburg Regional Airport,VA,156,74.68,25.97,23.18,20.3,1.282
2026-05,MFE,McAllen Miller International Airport,TX,422,79.32,22.09,21.72,14.41,2.37
2026-05,MRY,Monterey Regional Airport,CA,381,77.31,21.32,20.19,18.85,0.262
2026-05,LSE,La Crosse Regional Airport,WI,106,89.52,15.24,6.46,10.37,0.943
2026-05,STC,Saint Cloud Regional Airport,MN,9,77.78,44.44,23.33,6.56,0.0
2026-05,AVP,Wilkes-Barre/Scranton International Airport,PA,211,82.78,15.24,19.99,15.69,0.474
2026-05,HPN,Westchester County Airport,NY,810,79.95,19.0,11.16,16.17,1.235
2026-05,GRB,Austin Straubel International Airport,WI,433,79.77,17.21,12.72,16.71,0.693
2026-05,CMI,University of Illinois Willard Airport,IL,151,81.63,12.16,7.39,14.5,1.987
2026-05,CLD,McClellan-Palomar Airport,CA,204,76.47,24.02,13.02,18.6,0.0
2026-05,COU,Columbia Regional Airport,MO,337,81.85,16.72,18.12,16.42,2.374
2026-05,ROW,Roswell Air Center Airport,NM,133,73.64,22.48,27.85,16.66,3.008
2026-05,CRW,Yeager Airport,WV,227,77.33,18.58,11.99,23.18,0.441
2026-05,LAW,Lawton Fort Sill Regional Airport,OK,93,84.44,15.56,10.82,14.99,3.226
2026-05,STS,Charles M. Schulz Sonoma County Airport,CA,589,83.56,16.52,8.12,17.08,0.34
2026-05,LGB,Long Beach International Airport,CA,1184,84.73,18.6,5.94,12.2,0.084
2026-05,MBS,MBS International Airport,MI,161,80.0,18.01,14.35,16.28,0.0
2026-05,BJI,Bemidji Regional Airport,MN,62,90.16,4.92,-0.28,12.41,1.613
2026-05,IMT,Ford Airport,MI,62,82.26,19.35,3.71,13.23,0.0
2026-05,ATY,Watertown Regional Airport,SD,62,85.48,12.9,1.87,16.53,0.0
2026-05,SHD,Shenandoah Valley Regional Airport,VA,56,82.14,16.07,28.27,17.66,0.0
2026-05,LWB,Greenbrier Valley Airport,WV,62,77.42,16.13,10.03,18.97,0.0
2026-05,DVL,Devils Lake Regional Airport,ND,53,73.08,26.42,20.74,21.57,0.0
2026-05,CYS,Cheyenne Regional Jerry Olson Field,WY,62,85.0,14.75,8.69,18.44,1.613
2026-05,JST,John Murtha Johnstown Cambria County Airport,PA,53,83.02,13.21,12.83,14.79,0.0
2026-05,LBF,North Platte Regional Airport Lee Bird Field,NE,54,74.07,24.07,45.89,18.24,0.0
2026-05,JMS,Jamestown Regional Airport,ND,53,79.25,16.98,17.15,17.34,0.0
2026-05,LAF,Purdue University Airport,IN,49,77.55,20.41,20.96,15.59,0.0
2026-05,BFF,Western Neb. Rgnl/William B. Heilig Airport,NE,54,81.48,12.96,22.31,17.56,0.0
2026-05,RDD,Redding Municipal Airport,CA,134,73.68,22.56,16.62,19.9,0.746
2026-05,MTJ,Montrose Regional Airport,CO,146,81.12,21.38,14.17,16.33,0.685
2026-05,DAL,Dallas Love Field,TX,6141,64.34,42.22,25.14,13.98,1.694
2026-05,HDN,Yampa Valley Airport,CO,104,83.65,19.23,7.83,21.12,0.0
2026-05,ANC,Ted Stevens Anchorage International Airport,AK,1818,89.31,13.34,3.98,12.78,0.605
2026-06,LGA,LaGuardia Airport,NY,10877,75.34,23.62,16.5,25.96,4.156
2026-06,IAH,George Bush Intercontinental Airport,TX,9903,69.87,29.22,22.73,21.57,0.747
2026-06,MCO,Orlando International Airport,FL,12541,73.31,29.01,20.04,17.99,1.005
2026-06,GJT,Grand Junction Regional Airport,CO,437,78.89,21.71,14.43,20.93,0.915
2026-06,ORF,Norfolk International Airport,VA,1875,76.49,25.12,21.17,16.16,2.773
2026-06,DFW,Dallas Fort Worth International Airport,TX,27815,63.6,38.05,29.82,19.49,4.548
2026-06,FCA,Glacier Park International Airport,MT,555,78.22,24.05,19.11,16.51,0.36
2026-06,SAN,San Diego International Airport,CA,8996,71.06,33.98,17.74,21.38,1.0
2026-06,HNL,Daniel K. Inouye International Airport,HI,4899,83.73,14.39,6.2,16.98,0.694
2026-06,LAS,Harry Reid International Airport,NV,13704,70.74,36.12,20.36,17.11,0.773
2026-06,LIH,Lihue Airport,HI,1396,88.44,11.49,2.21,10.01,0.86
2026-06,SLC,Salt Lake City International Airport,UT,10084,83.3,18.34,9.04,17.48,0.476
2026-06,CMH,John Glenn Columbus International Airport,OH,3876,80.99,20.21,12.06,14.85,1.574
2026-06,ANC,Ted Stevens Anchorage International Airport,AK,2322,85.45,15.9,6.42,13.25,0.603
2026-06,EYW,Key West International Airport,FL,578,75.71,24.43,17.49,15.09,1.557
2026-06,BUR,Hollywood Burbank/Bob Hope Airport,CA,2535,76.87,23.64,11.4,17.68,1.223
2026-06,SRQ,Sarasota Bradenton International Airport,FL,1164,82.35,19.59,10.6,13.06,0.43
2026-06,COS,City of Colorado Springs Municipal Airport,CO,1160,75.8,25.5,16.94,19.53,1.638
2026-06,MYR,Myrtle Beach International Airport,SC,1319,75.47,24.86,21.68,13.17,1.82
2026-06,SJC,Mineta San Jose International Airport,CA,3816,74.33,26.94,12.2,14.12,0.577
2026-06,TUS,Tucson International Airport,AZ,1399,79.45,22.13,12.11,16.1,1.144
2026-06,OKC,OKC Will Rogers World Airport,OK,2117,77.68,23.14,17.31,14.54,1.606
2026-06,RIC,Richmond International Airport,VA,1655,79.31,22.14,16.13,16.36,2.296
2026-06,TUL,Tulsa International Airport,OK,1583,76.3,23.68,17.38,15.04,1.832
2026-06,MSN,Dane County Regional Truax Field,WI,1302,81.66,16.79,14.61,15.89,3.456
2026-06,GUM,Antonio B. Won Pat International Airport,TT,60,93.33,6.67,-0.43,15.8,0.0
2026-06,MDT,Harrisburg International Airport,PA,528,79.19,19.96,18.34,14.85,1.326
2026-06,IDA,Idaho Falls Regional Airport,ID,501,79.67,18.95,20.26,17.63,0.998
2026-06,XNA,Northwest Arkansas National Airport,AR,1344,74.52,25.63,23.06,17.58,1.86
2026-06,CRP,Corpus Christi International Airport,TX,380,75.54,26.36,17.88,13.44,3.158
2026-06,DAL,Dallas Love Field,TX,6025,56.47,49.21,28.88,13.89,1.178
2026-06,MHT,Manchester-Boston Regional Airport,NH,537,81.82,19.62,16.54,14.41,3.166
2026-07,SEA,Seattle–Tacoma International Airport,WA,16214,71.79,26.47,14.48,22.98,0.765
2026-07,DCA,Ronald Reagan Washington National Airport,VA,12115,63.21,36.16,30.72,24.8,7.974
2026-07,CHS,Charleston International Airport,SC,2172,71.6,28.69,25.85,17.75,3.867
2026-07,CID,The Eastern Iowa Airport,IA,714,77.67,21.12,19.29,14.94,2.521
2026-07,CLD,McClellan-Palomar Airport,CA,243,60.08,29.63,16.67,18.68,0.0
2026-07,BHM,Birmingham-Shuttlesworth International Airport,AL,1501,74.1,27.04,24.04,14.45,1.932
2026-07,PNS,Pensacola International Airport,FL,1358,71.18,31.1,24.89,14.05,1.988
2026-07,CMH,John Glenn Columbus International Airport,OH,4002,80.85,21.77,15.09,14.35,3.123
2026-07,ICT,Wichita Dwight D. Eisenhower National Airport,KS,1064,81.46,19.12,13.86,14.92,1.692
2026-07,TPA,Tampa International Airport,FL,6106,71.88,29.7,21.2,16.03,2.178
2026-07,DSM,Des Moines International Airport,IA,1415,75.26,24.31,23.68,15.64,2.615
2026-07,MFE,McAllen Miller International Airport,TX,445,80.77,18.33,20.2,14.17,0.674
2026-07,DTW,Detroit Metropolitan Wayne County Airport,MI,10449,73.9,28.16,19.7,17.93,2.517
2026-07,OKC,OKC Will Rogers World Airport,OK,2171,77.48,23.65,17.24,14.42,2.211
2026-07,RDU,Raleigh-Durham International Airport,NC,4787,71.88,30.68,29.21,17.59,4.053
2026-07,FAR,Hector International Airport,ND,595,82.5,17.06,11.74,16.04,1.513
2026-07,BIS,Bismarck Municipal Airport,ND,355,85.14,14.41,9.39,15.93,0.282
2026-07,FSM,Fort Smith Regional Airport,AR,117,82.91,17.95,14.64,15.91,0.0
2026-07,GRR,Gerald R. Ford International Airport,MI,1674,77.19,24.09,21.76,15.72,3.047
2026-07,HOU,William P. Hobby Airport,TX,4773,69.28,36.56,20.7,12.79,0.985
2026-07,SJC,Mineta San Jose International Airport,CA,3980,77.17,23.69,10.7,14.94,0.628
2026-07,TUL,Tulsa International Airport,OK,1613,80.86,20.09,12.19,15.09,1.55
2026-07,BUF,Buffalo Niagara International Airport,NY,1951,71.92,32.18,25.31,13.68,5.382
2026-07,LAW,Lawton Fort Sill Regional Airport,OK,92,79.12,24.18,18.6,16.22,1.087
2026-07,LEX,Blue Grass Airport,KY,925,76.79,24.14,18.35,16.58,2.811
2026-07,LRD,Laredo International Airport,TX,141,84.89,14.39,11.12,13.94,1.418
2026-07,LSE,La Crosse Regional Airport,WI,111,75.7,26.17,22.75,10.94,3.604
2026-07,ABI,Abilene Regional Airport,TX,274,83.7,17.52,14.61,10.98,0.0
2026-07,ATW,Appleton International Airport,WI,617,81.52,18.62,16.24,15.29,1.621
2026-07,SAV,Savannah Hilton Head International Airport,GA,1680,71.02,31.07,23.9,15.45,3.452
2026-07,MLU,Monroe Regional Airport,LA,123,78.69,22.95,15.03,14.61,0.813
2026-07,SBA,Santa Barbara Municipal Airport,CA,745,79.86,20.7,11.91,17.56,0.134
2026-07,ABE,Lehigh Valley International Airport,PA,391,72.7,26.11,32.53,14.64,2.046
2026-07,BTV,Patrick Leahy Burlington International Airport,VT,594,69.33,30.57,28.09,19.07,4.714
2026-07,ATL,Hartsfield Jackson Atlanta International Airport,GA,28068,66.54,33.52,24.83,19.12,2.419
2026-07,BOI,Boise Air Terminal/Gowen Field,ID,2070,78.5,20.29,9.68,17.03,0.242
2026-07,DAB,Daytona Beach International Airport,FL,306,71.86,30.51,25.82,15.29,3.595
2026-07,MLB,Melbourne Orlando International Airport,FL,241,70.26,34.76,28.4,16.25,3.32
2026-07,LAX,Los Angeles International Airport,CA,17454,73.7,25.51,15.68,18.81,1.203
2026-07,ONT,Ontario International Airport,CA,2377,77.91,22.54,15.1,13.2,0.883
2026-07,SNA,John Wayne Orange County International Airport,CA,3992,75.51,25.97,16.84,16.75,1.127
2026-07,ACV,California Redwood Coast-Humboldt County Airport,CA,235,55.36,33.48,20.73,19.95,0.851
2026-07,OAJ,Albert J Ellis Airport,NC,89,74.7,25.0,37.38,20.75,5.618
2026-07,LGB,Long Beach International Airport,CA,1196,83.61,20.37,7.44,12.0,0.669
2026-07,ASE,Aspen-Pitkin County Airport (Sardy Field),CO,759,65.8,34.33,35.46,22.83,2.899
2026-07,SGU,St George Regional Airport,UT,332,82.98,13.55,7.85,19.58,0.0
2026-07,ESC,Delta County Airport,MI,55,88.46,9.62,6.63,15.48,5.455
2026-07,RHI,Rhinelander Oneida County Airport,WI,93,79.12,17.58,9.33,15.03,2.151
2026-07,BTM,Bert Mooney Airport,MT,62,81.67,17.74,6.98,15.76,0.0
2026-07,WYS,Yellowstone Airport,MT,78,78.95,17.95,7.37,17.12,0.0
2026-07,GFK,Grand Forks International Airport,ND,115,92.17,9.57,2.07,16.44,0.0
2026-07,BPT,Jack Brooks Regional Airport,TX,64,75.0,25.0,19.8,19.59,0.0
2026-07,MGW,Morgantown Municipal Airport Walter L. (Bill) Hart Field,WV,54,62.75,25.49,54.06,19.25,5.556
2026-07,JST,John Murtha Johnstown Cambria County Airport,PA,54,73.08,26.92,38.19,16.98,3.704
2026-07,LAR,Laramie Regional Airport,WY,54,47.17,30.19,23.74,27.62,1.852
2026-07,HYS,Hays Regional Airport,KS,54,69.81,26.42,47.43,14.17,1.852
2026-07,ROW,Roswell Air Center Airport,NM,154,76.32,22.88,10.01,16.5,0.649
2026-07,VCT,Victoria Regional Airport,TX,54,72.22,22.22,42.09,14.89,0.0
2026-07,HDN,Yampa Valley Airport,CO,136,85.82,21.48,13.46,21.07,0.735
2026-07,OTH,Southwest Oregon Regional Airport,OR,62,38.33,54.84,27.66,20.74,0.0
2026-07,CKB,North Central West Virginia Airport,WV,93,63.04,31.52,33.41,15.99,1.075
2026-07,SJU,Luis Munoz Marin International Airport,PR,3326,71.52,30.81,23.95,14.94,3.277
2026-07,RSW,Southwest Florida International Airport,FL,2054,74.18,24.54,18.88,14.98,2.97
2026-07,PSE,Mercedita International Airport,PR,84,92.59,4.94,-6.2,12.88,3.571
2026-07,STT,Cyril E. King Airport,VI,448,77.23,26.91,17.97,14.35,0.446
2026-07,ORH,Worcester Regional Airport,MA,62,51.61,41.94,59.58,17.37,0.0
2026-07,BQN,Rafael Hernández International Airport,PR,226,73.36,30.09,14.82,12.47,4.425
2026-07,LIH,Lihue Airport,HI,1485,87.07,14.01,3.93,10.05,0.539
2026-07,DAL,Dallas Love Field,TX,6237,64.59,41.89,22.68,13.5,1.058
2025-08,AMA,Rick Husband Amarillo International Airport,TX,436,78.04,18.6,13.95,14.49,1.376
2025-08,GRB,Austin Straubel International Airport,WI,341,76.28,17.96,14.11,13.93,2.053
2025-08,RFD,Chicago Rockford International Airport,IL,77,81.82,19.48,16.73,11.48,0.0
2025-08,PSM,Portsmouth International Airport at Pease,NH,38,81.58,15.79,1.42,17.13,0.0
2025-08,GFK,Grand Forks International Airport,ND,82,84.15,12.2,5.33,18.28,0.0
2025-08,BLI,Bellingham International Airport,WA,201,89.0,11.5,0.83,14.61,0.498
2025-08,GCK,Garden City Regional Airport,KS,62,75.81,19.35,12.84,14.18,0.0
2025-08,CMI,University of Illinois Willard Airport,IL,146,78.87,18.18,9.33,12.38,2.055
2025-08,AEX,Alexandria International Airport,LA,93,72.94,23.53,14.14,16.42,8.602
2025-08,MQT,Marquette Sawyer Regional Airport,MI,147,80.0,14.48,3.68,13.86,1.361
2025-08,ALO,Waterloo Regional Airport,IA,55,70.37,10.91,0.55,19.71,0.0
2025-09,PAE,Seattle Paine Field International Airport,WA,24,75.0,29.17,38.42,14.38,0.0
2025-09,SUN,Friedman Memorial Airport,ID,183,90.16,7.1,0.01,17.45,0.0
2025-09,MBS,MBS International Airport,MI,206,85.29,13.73,8.04,16.55,0.971
2025-09,HLN,Helena Regional Airport,MT,150,84.56,13.33,6.03,17.49,0.0
2025-09,ABY,Southwest Georgia Regional Airport,GA,46,86.96,13.04,8.7,16.43,0.0
2025-09,ASE,Aspen-Pitkin County Airport (Sardy Field),CO,550,78.79,15.15,8.79,21.41,0.364
2025-09,INL,Falls International Airport,MN,56,87.5,7.14,-0.02,20.13,0.0
2025-09,RHI,Rhinelander Oneida County Airport,WI,95,93.68,5.26,-4.65,12.18,0.0
2025-09,EKO,Elko Regional Airport,NV,46,100.0,0.0,-12.35,10.83,0.0
2025-09,PLN,Pellston Regional Airport of Emmet County Airport,MI,98,85.57,14.43,-0.47,13.97,1.02
2025-09,CPR,Casper-Natrona County International Airport,WY,209,86.06,12.92,5.71,21.78,0.0
2025-09,SPS,Wichita Falls Municipal Airport / Sheppard Air Force Base,TX,60,85.96,12.28,7.65,18.98,5.0
2025-09,SJT,San Angelo Regional Mathis Field,TX,90,79.31,13.79,10.56,16.24,3.333
2025-09,JMS,Jamestown Regional Airport,ND,51,82.35,15.69,0.18,22.57,0.0
2025-09,CMX,Houghton County Memorial Airport,MI,80,63.75,26.25,40.91,15.1,0.0
2025-09,MGW,Morgantown Municipal Airport Walter L. (Bill) Hart Field,WV,60,78.33,21.67,44.78,17.57,0.0
2025-09,DEC,Decatur Airport,IL,51,76.47,17.65,4.67,13.53,0.0
2025-09,JST,John Murtha Johnstown Cambria County Airport,PA,60,85.0,11.67,24.55,14.28,0.0
2025-09,FMN,Four Corners Regional Airport,NM,30,76.67,36.67,17.33,14.17,0.0
2025-09,PIB,Hattiesburg Laurel Regional Airport,MS,51,92.16,9.8,0.24,12.82,0.0
2025-09,HYS,Hays Regional Airport,KS,51,86.27,11.76,3.18,16.2,0.0
2025-09,PRC,Prescott Regional Airport - Ernest A. Love Field,AZ,60,88.14,13.33,5.38,18.7,0.0
2025-09,SUX,Sioux Gateway Airport / Brigadier General Bud Day Field,IA,60,80.0,15.0,8.37,17.6,0.0
2025-09,MCW,Mason City Municipal Airport,IA,51,76.47,19.61,29.67,12.35,0.0
2025-09,LBL,Liberal Mid-America Regional Airport,KS,51,74.51,13.73,-3.2,18.75,0.0
2025-09,HOB,Lea County Regional Airport,NM,60,95.0,8.33,4.52,14.45,0.0
2025-10,GSO,Piedmont Triad International Airport,NC,1051,79.15,17.87,10.37,16.98,0.951
2025-10,CAE,Columbia Metropolitan Airport,SC,550,82.85,16.06,7.33,16.41,0.364
2025-10,ILM,Wilmington International Airport,NC,723,80.48,17.7,8.18,18.31,1.521
2025-10,IDA,Idaho Falls Regional Airport,ID,378,79.2,17.02,14.63,21.65,0.529
2025-11,OAJ,Albert J Ellis Airport,NC,29,92.31,19.23,1.27,13.46,10.345
2025-11,LAW,Lawton Fort Sill Regional Airport,OK,87,72.5,23.75,31.78,17.36,8.046
2025-11,MBS,MBS International Airport,MI,200,79.47,16.84,22.74,22.04,5.0
2025-11,DLH,Duluth International Airport,MN,191,81.25,20.9,14.19,21.72,7.33
2025-11,HLN,Helena Regional Airport,MT,127,87.9,12.1,5.77,23.19,2.362
2025-11,ESC,Delta County Airport,MI,51,83.33,10.42,2.42,21.67,5.882
2025-11,BFL,Meadows Field,CA,277,80.3,12.96,6.17,20.9,2.527
2025-11,FLG,Flagstaff Pulliam Airport,AZ,160,80.0,19.87,17.5,24.24,5.625
2025-11,MGW,Morgantown Municipal Airport Walter L. (Bill) Hart Field,WV,59,75.86,24.14,40.64,19.91,1.695
2025-11,LBF,North Platte Regional Airport Lee Bird Field,NE,51,92.0,4.0,-7.2,18.92,1.961
2025-11,FMN,Four Corners Regional Airport,NM,30,86.67,6.67,3.27,16.2,0.0
2025-11,EAR,Kearney Regional Airport,NE,51,90.2,15.69,6.08,19.25,0.0
2025-11,PIR,Pierre Regional Airport,SD,68,86.36,13.64,3.05,20.71,2.941
2025-11,SUX,Sioux Gateway Airport / Brigadier General Bud Day Field,IA,59,79.31,10.34,8.76,22.93,1.695
2025-11,COD,Yellowstone Regional Airport,WY,60,79.66,16.67,17.32,28.35,0.0
2025-11,LBL,Liberal Mid-America Regional Airport,KS,50,92.0,6.0,1.38,15.16,0.0
2025-11,HYS,Hays Regional Airport,KS,50,93.88,2.04,1.39,17.37,2.0
2025-11,YAK,Yakutat Airport,AK,58,89.47,8.62,-8.98,14.4,0.0
2025-12,LAW,Lawton Fort Sill Regional Airport,OK,91,59.77,37.93,33.92,18.09,4.396
2025-12,PSE,Mercedita International Airport,PR,84,87.8,13.41,-0.15,13.22,2.381
2025-12,WRG,Wrangell Airport,AK,60,71.15,31.58,19.53,9.75,5.0
2025-12,OTZ,Ralph Wien Memorial Airport,AK,27,88.89,11.11,20.22,8.93,0.0
2025-12,ADK,Adak Airport,AK,9,88.89,11.11,-25.33,15.22,0.0
2026-01,BFL,Meadows Field,CA,265,71.77,28.23,25.99,18.59,6.415
2026-01,KTN,Ketchikan International Airport,AK,182,74.84,23.27,11.46,11.67,12.637
2026-01,STS,Charles M. Schulz Sonoma County Airport,CA,364,80.81,15.07,5.1,18.44,5.22
2026-01,BRW,Wiley Post Will Rogers Memorial Airport,AK,30,58.62,44.83,21.93,7.17,3.333
2026-01,PSE,Mercedita International Airport,PR,59,67.27,25.45,17.0,13.67,6.78
2026-02,PIE,St. Petersburg Clearwater International Airport,FL,661,81.44,15.53,4.93,14.6,0.605
2026-02,AZA,Mesa Gateway Airport,AZ,530,86.79,12.08,0.45,14.7,0.0
2026-02,LSE,La Crosse Regional Airport,WI,87,80.46,20.69,13.78,13.43,0.0
2026-02,BRO,Brownsville South Padre Island International Airport,TX,103,93.14,5.88,-1.85,11.33,0.971
2026-02,CLD,McClellan-Palomar Airport,CA,59,92.0,8.0,5.32,15.5,15.254
2026-02,FSM,Fort Smith Regional Airport,AR,82,91.46,8.54,0.21,14.48,0.0
2026-03,ROW,Roswell Air Center Airport,NM,124,83.74,18.7,12.63,14.24,0.806
2026-03,AGS,Augusta Regional At Bush Field,GA,93,75.61,23.17,33.85,19.94,11.828
2026-03,XWA,Williston Basin International Airport,ND,208,73.87,25.0,32.88,27.46,3.846
2026-03,BRD,Brainerd Lakes Regional Airport,MN,53,92.16,9.8,-1.75,11.18,3.774
2026-03,BJI,Bemidji Regional Airport,MN,62,88.33,11.67,9.5,17.18,3.226
2026-03,SGU,St George Regional Airport,UT,430,89.72,9.56,3.98,21.54,0.233
2026-03,CDC,Cedar City Regional Airport,UT,53,94.34,1.89,7.02,17.6,0.0
2026-03,PLN,Pellston Regional Airport of Emmet County Airport,MI,53,69.77,32.56,27.23,13.88,18.868
2026-03,ASE,Aspen-Pitkin County Airport (Sardy Field),CO,1188,74.7,26.1,19.6,22.28,10.017
2026-03,CPR,Casper-Natrona County International Airport,WY,215,87.08,13.4,7.19,21.14,2.791
2026-03,ACV,California Redwood Coast-Humboldt County Airport,CA,148,78.08,13.7,7.6,14.48,1.351
2026-03,HLN,Helena Regional Airport,MT,124,92.68,8.94,1.92,20.29,0.806
2026-03,BFL,Meadows Field,CA,215,87.38,12.15,14.03,17.39,0.465
2026-03,SHD,Shenandoah Valley Regional Airport,VA,62,64.41,30.0,61.1,18.52,3.226
2026-03,SJT,San Angelo Regional Mathis Field,TX,93,80.22,23.08,25.13,16.58,2.151
2026-03,BPT,Jack Brooks Regional Airport,TX,62,78.95,15.52,12.57,21.4,6.452
2026-03,JST,John Murtha Johnstown Cambria County Airport,PA,62,57.41,35.19,77.26,23.07,12.903
2026-03,LAR,Laramie Regional Airport,WY,53,87.76,10.2,1.94,23.59,7.547
2026-03,LBF,North Platte Regional Airport Lee Bird Field,NE,53,74.51,19.61,23.22,20.53,3.774
2026-03,BFF,Western Neb. Rgnl/William B. Heilig Airport,NE,53,90.0,14.0,0.2,17.12,5.66
2026-03,PIR,Pierre Regional Airport,SD,53,75.51,16.33,14.27,21.88,7.547
2026-03,COD,Yellowstone Regional Airport,WY,62,79.66,22.03,28.31,22.46,4.839
2026-03,HYS,Hays Regional Airport,KS,53,88.0,10.0,8.12,12.08,5.66
2026-03,MBS,MBS International Airport,MI,114,55.66,41.51,48.15,24.4,7.018
2026-03,TYR,Tyler Pounds Regional Airport,TX,93,69.05,25.0,16.43,17.96,9.677
2026-03,LWS,Lewiston Nez Perce County Airport,ID,62,95.0,8.06,4.42,13.15,0.0
2026-03,ESC,Delta County Airport,MI,53,73.17,21.95,33.66,18.34,22.642
2026-03,SPN,Saipan International Airport,TT,31,77.42,19.35,24.16,12.0,0.0
2026-04,PSC,Tri Cities Airport,WA,466,85.84,13.3,9.44,17.48,0.0
2026-04,MSO,Missoula Montana Airport,MT,389,87.01,12.63,4.9,17.85,0.257
2026-04,FCA,Glacier Park International Airport,MT,212,88.15,10.9,9.48,17.39,0.472
2026-04,BQN,Rafael Hernández International Airport,PR,174,77.91,21.97,11.94,12.52,0.575
2026-04,BIL,Billings Logan International Airport,MT,335,87.16,10.45,2.87,17.89,0.0
2026-04,GJT,Grand Junction Regional Airport,CO,409,81.62,16.42,13.72,19.06,0.244
2026-05,GUM,Antonio B. Won Pat International Airport,TT,62,83.61,14.75,3.15,17.18,1.613
2026-05,SPN,Saipan International Airport,TT,31,74.19,22.58,7.65,12.29,0.0
2026-05,SCC,Deadhorse Airport,AK,42,95.24,4.76,-1.93,8.26,0.0
2026-05,PSG,Petersburg James A Johnson Airport,AK,62,91.8,9.84,-3.0,7.44,1.613
2026-05,OTZ,Ralph Wien Memorial Airport,AK,31,93.1,10.34,-0.41,4.9,6.452
2026-05,ADK,Adak Airport,AK,9,77.78,22.22,11.89,5.78,0.0
2026-05,AKN,King Salmon Airport,AK,19,89.47,10.53,-5.95,4.32,0.0
2026-06,CHA,Chattanooga Metropolitan Airport (Lovell Field),TN,424,76.54,24.63,17.38,15.28,3.302
2026-07,ITO,Hilo International Airport,HI,545,82.32,15.47,5.33,9.51,0.367
2026-07,MDW,Chicago Midway International Airport,IL,7279,69.11,41.24,23.9,14.8,2.322
2025-08,LNK,Lincoln Airport,NE,272,72.39,26.12,16.83,20.21,1.471
2025-08,XWA,Williston Basin International Airport,ND,238,77.68,20.76,22.95,21.75,0.84
2025-08,SUN,Friedman Memorial Airport,ID,249,88.21,11.69,7.54,18.29,0.402
2025-08,FLG,Flagstaff Pulliam Airport,AZ,106,83.81,14.15,11.35,17.99,0.0
2025-08,SGU,St George Regional Airport,UT,376,88.44,10.64,3.21,17.59,0.0
2025-08,INL,Falls International Airport,MN,67,85.07,11.94,4.39,16.03,0.0
2025-08,APN,Alpena County Regional Airport,MI,53,94.34,3.77,-4.4,15.26,0.0
2025-08,IMT,Ford Airport,MI,62,88.71,9.68,-1.15,12.26,0.0
2025-08,PLN,Pellston Regional Airport of Emmet County Airport,MI,126,72.8,19.2,29.35,15.59,0.794
2025-08,GTR,Golden Triangle Regional Airport,MS,31,66.67,29.03,34.0,17.13,0.0
2025-08,LBL,Liberal Mid-America Regional Airport,KS,53,58.82,25.49,27.75,14.92,3.774
2025-08,JST,John Murtha Johnstown Cambria County Airport,PA,62,75.41,17.74,24.45,17.29,0.0
2025-08,LBF,North Platte Regional Airport Lee Bird Field,NE,54,64.71,28.85,40.25,17.63,3.704
2025-08,PIB,Hattiesburg Laurel Regional Airport,MS,53,84.91,16.98,12.55,12.68,0.0
2025-08,DVL,Devils Lake Regional Airport,ND,53,57.69,32.69,16.67,25.75,1.887
2025-08,PRC,Prescott Regional Airport - Ernest A. Love Field,AZ,62,77.42,24.19,13.42,16.85,0.0
2025-08,MEI,Key Field / Meridian Regional Airport,MS,53,73.58,22.64,19.85,13.7,0.0
2025-08,MCW,Mason City Municipal Airport,IA,53,62.0,30.0,26.48,15.12,5.66
2025-08,MGW,Morgantown Municipal Airport Walter L. (Bill) Hart Field,WV,62,82.26,19.35,15.42,14.81,0.0
2025-08,RKS,Southwest Wyoming Regional Airport,WY,62,75.41,20.97,63.44,16.85,0.0
2025-10,CAK,Akron Canton Regional Airport,OH,394,80.61,12.69,5.08,19.04,0.0
2025-10,CRW,Yeager Airport,WV,260,81.92,18.46,11.33,20.74,0.0
2025-10,EVV,Evansville Regional Airport,IN,177,75.86,21.02,12.42,19.24,0.565
2025-10,ATW,Appleton International Airport,WI,621,82.07,14.19,5.4,15.78,0.161
2025-10,LAW,Lawton Fort Sill Regional Airport,OK,92,78.65,14.44,5.79,18.17,2.174
2025-10,AZO,Kalamazoo/Battle Creek International Airport,MI,179,84.36,13.97,8.79,16.61,0.0
2025-10,DLH,Duluth International Airport,MN,187,86.63,8.56,3.72,18.06,0.0
2025-10,PIH,Pocatello Regional Airport,ID,31,96.77,3.23,-8.94,12.58,0.0
2025-10,BJI,Bemidji Regional Airport,MN,62,88.71,11.29,-0.79,13.18,0.0
2025-10,IMT,Ford Airport,MI,62,72.58,25.81,23.18,13.32,0.0
2025-10,RHI,Rhinelander Oneida County Airport,WI,62,95.16,6.45,0.97,7.31,0.0
2025-10,MQT,Marquette Sawyer Regional Airport,MI,123,75.61,15.45,3.66,15.28,0.0
2025-10,PLN,Pellston Regional Airport of Emmet County Airport,MI,54,90.74,9.26,-1.52,12.57,0.0
2025-10,CPR,Casper-Natrona County International Airport,WY,216,83.26,9.26,4.86,27.66,0.0
2025-10,FNT,Bishop International Airport,MI,311,77.17,18.33,11.77,14.66,0.0
2025-10,GUC,Gunnison Crested Butte Regional Airport,CO,87,80.46,12.64,4.37,31.7,0.0
2025-10,YUM,Yuma International Airport / Marine Corps Air Station Yuma,AZ,134,87.22,12.69,9.19,15.68,0.0
2025-10,SAF,Santa Fe Municipal Airport,NM,378,79.41,16.76,7.05,20.09,0.529
2025-10,BPT,Jack Brooks Regional Airport,TX,62,80.33,11.48,-1.43,17.0,1.613
2025-10,JST,John Murtha Johnstown Cambria County Airport,PA,62,95.16,6.45,-3.73,16.84,0.0
2025-10,DVL,Devils Lake Regional Airport,ND,54,75.93,12.96,0.41,24.54,0.0
2025-10,EAR,Kearney Regional Airport,NE,53,79.25,15.09,18.3,16.96,0.0
2025-10,VCT,Victoria Regional Airport,TX,54,64.81,22.22,29.11,21.26,0.0
2025-10,DDC,Dodge City Regional Airport,KS,54,79.63,18.52,28.44,15.35,0.0
2025-10,RKS,Southwest Wyoming Regional Airport,WY,62,77.42,17.74,40.76,18.05,0.0
2025-10,PRC,Prescott Regional Airport - Ernest A. Love Field,AZ,68,86.76,11.76,2.29,19.57,0.0
2025-10,MCW,Mason City Municipal Airport,IA,54,60.38,25.93,8.76,15.57,0.0
2025-10,HOB,Lea County Regional Airport,NM,62,88.71,6.45,5.23,16.97,0.0
2025-10,JNU,Juneau International Airport,AK,376,86.81,9.81,-0.93,14.48,2.394
2025-10,PGD,Punta Gorda Airport,FL,578,87.02,14.88,1.68,11.82,0.0
2025-10,SFB,Orlando Sanford International Airport,FL,859,71.7,25.61,13.88,16.53,0.0
2025-10,LCK,Rickenbacker International Airport,OH,90,85.39,12.22,1.22,11.56,0.0
2025-10,USA,Concord-Padgett Regional Airport,NC,53,63.46,36.54,18.25,12.21,1.887
2025-10,BMI,Central Illinois Regional Airport at Bloomington-Normal,IL,145,81.25,9.66,-0.12,16.68,0.0
2025-10,HGR,Hagerstown Regional Richard A Henson Field,MD,30,70.0,30.0,19.07,9.93,0.0
2025-10,ABI,Abilene Regional Airport,TX,150,82.19,18.37,7.05,12.56,2.0
2025-10,TYR,Tyler Pounds Regional Airport,TX,93,76.09,19.57,12.68,14.63,1.075
2025-10,LBE,Arnold Palmer Regional Airport,PA,34,78.79,20.59,12.26,11.03,0.0
2025-11,ORH,Worcester Regional Airport,MA,63,74.6,15.87,5.65,15.22,0.0
2025-12,BMI,Central Illinois Regional Airport at Bloomington-Normal,IL,166,74.85,17.79,12.63,21.52,1.807
2025-12,LSE,La Crosse Regional Airport,WI,88,72.29,27.71,22.27,16.77,5.682
2025-12,CMI,University of Illinois Willard Airport,IL,159,72.67,28.67,23.31,15.23,5.66
2025-12,FSM,Fort Smith Regional Airport,AR,93,84.95,17.2,13.7,16.05,0.0
2025-12,LCH,Lake Charles Regional Airport,LA,91,80.0,21.11,29.57,15.73,1.099
2026-01,CHO,Charlottesville Albemarle Airport,VA,127,70.94,28.81,23.06,17.5,7.087
2026-01,EVV,Evansville Regional Airport,IN,140,78.63,19.08,40.79,23.15,6.429
2026-01,RDD,Redding Municipal Airport,CA,148,84.46,12.16,12.47,18.02,0.0
2026-01,GRB,Austin Straubel International Airport,WI,343,69.14,25.96,24.37,26.62,1.166
2026-01,MBS,MBS International Airport,MI,175,56.9,31.03,36.34,31.56,0.571
2026-01,GTF,Great Falls International Airport,MT,190,92.06,7.41,-2.92,16.79,0.526
2026-01,HLN,Helena Regional Airport,MT,123,95.12,4.07,-1.21,21.68,0.0
2026-01,SUN,Friedman Memorial Airport,ID,331,83.18,17.13,9.81,22.35,3.021
2026-01,HIB,Range Regional Airport,MN,53,81.13,18.87,14.53,20.64,0.0
2026-01,ABR,Aberdeen Regional Airport,SD,61,81.36,18.64,19.56,16.54,3.279
2026-01,ESC,Delta County Airport,MI,53,74.0,18.0,43.1,27.46,5.66
2026-01,APN,Alpena County Regional Airport,MI,53,75.0,26.92,29.13,24.58,1.887
2026-01,BJI,Bemidji Regional Airport,MN,61,76.67,21.67,34.9,22.58,1.639
2026-01,XWA,Williston Basin International Airport,ND,184,74.12,30.59,41.74,32.45,7.609
2026-01,RHI,Rhinelander Oneida County Airport,WI,61,84.21,15.79,21.88,14.63,6.557
2026-01,BRD,Brainerd Lakes Regional Airport,MN,53,73.58,22.64,24.92,21.17,0.0
2026-01,PLN,Pellston Regional Airport of Emmet County Airport,MI,53,71.05,31.58,19.39,18.58,28.302
2026-01,FAR,Hector International Airport,ND,578,70.92,27.47,26.56,28.64,3.633
2026-01,FNT,Bishop International Airport,MI,282,67.15,28.88,30.75,26.96,1.773
2026-01,GRI,Central Nebraska Regional Airport,NE,81,74.03,27.27,31.08,20.4,4.938
2026-01,CMX,Houghton County Memorial Airport,MI,62,53.85,36.54,53.71,35.38,16.129
2026-01,JLN,Joplin Regional Airport,MO,61,81.36,11.86,15.46,20.66,3.279
2026-01,CYS,Cheyenne Regional Jerry Olson Field,WY,62,85.25,14.75,5.13,21.15,1.613
2026-01,JST,John Murtha Johnstown Cambria County Airport,PA,61,68.52,25.45,47.98,26.65,9.836
2026-01,BTM,Bert Mooney Airport,MT,61,91.8,6.56,-2.66,20.79,0.0
2026-01,HYS,Hays Regional Airport,KS,53,76.47,19.61,42.14,18.0,3.774
2026-01,SLN,Salina Municipal Airport,KS,91,77.27,14.77,11.14,18.72,3.297
2026-01,MEI,Key Field / Meridian Regional Airport,MS,53,86.0,12.0,17.2,16.22,5.66
2026-01,BFF,Western Neb. Rgnl/William B. Heilig Airport,NE,53,88.68,9.43,13.91,20.09,0.0
2026-01,TYR,Tyler Pounds Regional Airport,TX,93,79.27,17.07,17.43,16.16,11.828
2026-01,BRO,Brownsville South Padre Island International Airport,TX,118,88.29,13.51,6.46,12.13,5.932
2026-01,LRD,Laredo International Airport,TX,131,90.98,10.66,-0.24,13.25,6.87
2026-02,KTN,Ketchikan International Airport,AK,168,83.33,19.38,-1.09,10.67,4.762
2026-02,OME,Nome Airport,AK,28,88.89,11.11,0.7,7.67,3.571
2026-02,PAE,Seattle Paine Field International Airport,WA,158,89.74,10.13,3.67,13.12,0.0
2026-04,HSV,Huntsville International Airport,AL,674,83.71,18.1,13.45,16.17,1.632
2026-04,FWA,Fort Wayne International Airport,IN,522,70.88,26.25,28.0,19.75,4.406
2026-04,BMI,Central Illinois Regional Airport at Bloomington-Normal,IL,176,82.08,17.34,12.47,14.84,1.705
2026-04,ABE,Lehigh Valley International Airport,PA,221,81.45,18.1,10.95,13.5,0.0
2026-04,SBN,South Bend International Airport,IN,682,76.47,23.87,15.66,18.07,2.346
2026-04,CAK,Akron Canton Regional Airport,OH,450,71.0,25.46,24.27,20.06,4.0
2026-04,MLI,Quad City International Airport,IL,414,76.71,20.25,16.71,17.18,4.589
2026-04,LAW,Lawton Fort Sill Regional Airport,OK,90,67.47,31.33,30.7,16.83,7.778
2026-04,LWS,Lewiston Nez Perce County Airport,ID,60,96.67,5.0,-0.58,13.15,0.0
2026-04,ELM,Elmira Corning Regional Airport,NY,111,84.68,10.81,3.48,16.21,0.0
2026-04,HIB,Range Regional Airport,MN,51,80.0,18.0,13.38,18.22,1.961
2026-04,SGU,St George Regional Airport,UT,405,85.32,13.09,8.11,22.2,0.0
2026-04,XWA,Williston Basin International Airport,ND,173,76.88,19.65,25.24,26.5,0.0
2026-04,APN,Alpena County Regional Airport,MI,51,76.0,24.0,19.66,16.4,1.961
2026-04,ATY,Watertown Regional Airport,SD,60,90.0,10.0,13.57,21.85,0.0
2026-04,TWF,Joslin Field Magic Valley Regional Airport,ID,82,93.9,6.1,-6.07,11.95,0.0
2026-04,BRD,Brainerd Lakes Regional Airport,MN,51,90.0,10.0,-0.94,17.68,1.961
2026-04,SHD,Shenandoah Valley Regional Airport,VA,52,92.31,9.62,0.25,16.44,0.0
2026-04,LWB,Greenbrier Valley Airport,WV,57,76.79,14.29,28.7,20.13,1.754
2026-04,JLN,Joplin Regional Airport,MO,52,76.47,23.08,25.77,13.38,0.0
2026-04,FMN,Four Corners Regional Airport,NM,30,90.0,6.67,10.4,15.57,0.0
2026-04,LBL,Liberal Mid-America Regional Airport,KS,52,82.35,13.73,2.1,15.47,1.923
2026-04,SHR,Sheridan County Airport,WY,78,77.33,19.48,17.42,25.53,1.282
2026-04,FOD,Fort Dodge Regional Airport,IA,52,59.57,29.79,32.91,14.3,9.615
2026-04,MEI,Key Field / Meridian Regional Airport,MS,52,88.46,7.69,-4.04,15.15,0.0
2026-04,PIR,Pierre Regional Airport,SD,51,82.0,13.73,5.04,20.47,0.0
2026-04,GCC,Northeast Wyoming Regional Airport,WY,15,60.0,20.0,67.87,25.4,0.0
2026-04,SCE,State College Regional Airport,PA,61,63.33,33.33,42.0,20.33,1.639
2026-04,PIB,Hattiesburg Laurel Regional Airport,MS,52,90.38,5.77,-6.08,14.65,0.0
2026-04,EAR,Kearney Regional Airport,NE,52,94.23,11.54,-1.23,15.08,0.0
2026-04,TYR,Tyler Pounds Regional Airport,TX,90,82.76,12.64,7.97,16.78,3.333
2026-04,LRD,Laredo International Airport,TX,148,79.05,20.95,11.01,13.27,0.0
2026-05,GCC,Northeast Wyoming Regional Airport,WY,32,90.63,9.38,-5.47,17.25,0.0
2026-06,HPN,Westchester County Airport,NY,817,78.44,19.39,14.6,16.49,3.427
2026-06,STX,Henry E. Rohlsen Airport,VI,98,86.73,16.33,2.52,13.45,0.0
2026-06,MLB,Melbourne Orlando International Airport,FL,236,79.83,18.03,20.89,16.31,1.271
2026-06,TTN,Trenton Mercer Airport,NJ,112,76.15,26.36,15.37,17.94,1.786
2026-06,SFB,Orlando Sanford International Airport,FL,1001,64.12,32.1,33.16,17.43,0.4
2026-06,PVU,Provo Municipal Airport,UT,246,81.33,18.03,15.64,18.46,0.813
2026-06,BLI,Bellingham International Airport,WA,175,81.71,15.43,10.21,15.51,0.0
2026-06,SWF,New York Stewart International Airport,NY,51,64.71,29.41,20.71,11.45,0.0
2026-06,SHV,Shreveport Regional Airport,LA,619,71.24,27.29,27.24,16.77,2.908
2026-06,LSE,La Crosse Regional Airport,WI,107,80.58,22.12,15.1,10.76,2.804
2026-06,GRI,Central Nebraska Regional Airport,NE,75,47.89,55.56,77.46,15.11,4.0
2026-06,SPI,Abraham Lincoln Capital Airport,IL,69,79.41,17.65,22.0,12.82,1.449
2026-06,SMX,Santa Maria Public Airport Captain G Allan Hancock Field,CA,8,87.5,12.5,1.63,10.0,0.0
2026-06,BRO,Brownsville South Padre Island International Airport,TX,111,85.71,13.21,5.42,13.8,4.505
2026-06,GUC,Gunnison Crested Butte Regional Airport,CO,103,80.2,17.82,19.22,22.19,1.942
2026-06,FLG,Flagstaff Pulliam Airport,AZ,120,77.06,29.09,28.98,18.69,8.333
2026-06,BRW,Wiley Post Will Rogers Memorial Airport,AK,30,82.14,17.86,7.43,5.43,6.667
2026-06,KTN,Ketchikan International Airport,AK,231,89.61,11.69,0.86,9.12,0.0
2026-06,WRG,Wrangell Airport,AK,60,98.33,1.67,-8.15,4.8,0.0
2026-06,ADQ,Kodiak Airport,AK,90,94.38,6.74,-5.65,5.74,1.111
2026-06,OME,Nome Airport,AK,30,90.0,20.0,2.0,4.63,0.0
2026-06,PAE,Seattle Paine Field International Airport,WA,60,94.92,10.0,0.3,11.92,0.0
2026-06,DLG,Dillingham Airport,AK,21,90.48,14.29,1.19,5.57,0.0
2026-06,ORH,Worcester Regional Airport,MA,60,81.03,13.33,1.97,13.6,0.0
2026-06,PQI,Presque Isle International Airport,ME,30,96.55,3.45,-1.52,8.31,3.333
2025-10,CDV,Merle K (Mudhole) Smith Airport,AK,62,91.8,9.68,-1.16,10.65,0.0
2025-10,YAK,Yakutat Airport,AK,62,91.67,8.33,-5.47,13.3,3.226
2025-10,ADQ,Kodiak Airport,AK,65,75.81,22.58,14.6,9.19,4.615
2025-12,USA,Concord-Padgett Regional Airport,NC,75,36.0,66.67,70.79,12.88,0.0
2025-12,SWF,New York Stewart International Airport,NY,53,56.86,25.49,10.24,16.71,3.774
2025-12,HGR,Hagerstown Regional Richard A Henson Field,MD,22,18.18,81.82,59.86,11.68,0.0
2025-12,TOL,Eugene F. Kranz Toledo Express Airport,OH,47,51.06,36.17,19.04,18.43,0.0
2025-12,RFD,Chicago Rockford International Airport,IL,84,61.45,37.35,23.76,16.14,1.19
2025-12,PBG,Plattsburgh International Airport,NY,51,40.82,48.98,29.59,21.55,3.922
2026-01,TTN,Trenton Mercer Airport,NJ,61,82.46,15.79,-0.02,19.77,6.557
2026-01,PIE,St. Petersburg Clearwater International Airport,FL,633,80.46,16.4,5.32,13.73,2.686
2026-01,AZA,Mesa Gateway Airport,AZ,524,82.76,16.63,8.37,14.78,0.191
2026-01,PSM,Portsmouth International Airport at Pease,NH,25,75.0,29.17,6.13,20.75,4.0
2026-01,BLV,Scott AFB/Midamerica Airport,IL,77,79.22,19.48,13.22,12.56,0.0
2026-01,SCK,Stockton Metropolitan Airport,CA,43,65.12,32.56,58.09,12.56,0.0
2026-01,ABI,Abilene Regional Airport,TX,148,85.07,12.69,5.53,13.86,9.459
2026-01,HHH,Hilton Head Airport,SC,67,86.44,13.56,15.34,14.61,11.94
2026-01,AEX,Alexandria International Airport,LA,67,88.71,9.68,1.39,17.9,7.463
2026-01,GGG,East Texas Regional Airport,TX,62,85.45,18.18,5.53,13.04,11.29
2026-04,PIE,St. Petersburg Clearwater International Airport,FL,752,82.69,16.51,2.67,14.5,0.133
2026-04,SFB,Orlando Sanford International Airport,FL,799,76.54,21.4,11.76,17.07,0.0
2026-04,AZA,Mesa Gateway Airport,AZ,543,77.45,23.94,13.8,15.09,0.0
2026-04,RFD,Chicago Rockford International Airport,IL,88,69.32,23.86,11.8,11.67,0.0
2026-04,SCK,Stockton Metropolitan Airport,CA,33,66.67,36.36,19.06,13.79,0.0
2026-04,GUF,Jack Edwards National Airport,AL,52,90.2,11.76,-3.06,13.14,1.923
2026-04,LCK,Rickenbacker International Airport,OH,74,68.92,29.73,13.26,12.78,0.0
2026-04,YAK,Yakutat Airport,AK,60,91.53,10.17,-1.36,5.15,1.667
2026-04,SIT,Sitka Rocky Gutierrez Airport,AK,90,86.67,12.22,1.92,10.42,0.0
2026-04,WRG,Wrangell Airport,AK,60,83.33,20.0,8.57,4.67,0.0
2026-04,ADQ,Kodiak Airport,AK,60,84.75,16.95,4.0,5.15,1.667
2026-04,OME,Nome Airport,AK,35,97.06,5.88,-3.97,6.15,2.857
2026-04,ADK,Adak Airport,AK,9,77.78,22.22,2.56,6.0,0.0
2026-06,LCH,Lake Charles Regional Airport,LA,88,82.14,15.48,5.98,15.42,4.545
2026-06,ALO,Waterloo Regional Airport,IA,51,68.89,31.11,39.78,21.04,11.765
2026-06,LWS,Lewiston Nez Perce County Airport,ID,60,88.33,11.67,6.07,20.7,0.0
2026-06,FAY,Fayetteville Regional Airport - Grannis Field,NC,24,77.27,31.82,18.0,18.82,8.333
2026-06,MBS,MBS International Airport,MI,167,84.15,15.76,8.75,16.62,1.198
2026-06,XWA,Williston Basin International Airport,ND,197,77.72,18.88,14.93,21.42,0.508
2026-06,BJI,Bemidji Regional Airport,MN,60,87.93,11.86,1.75,10.29,1.667
2026-06,WYS,Yellowstone Airport,MT,76,78.67,16.0,0.79,17.03,1.316
2026-06,PIH,Pocatello Regional Airport,ID,60,95.0,5.0,-8.37,13.83,0.0
2026-06,GFK,Grand Forks International Airport,ND,111,93.69,7.21,-5.31,16.48,0.0
2026-06,GTR,Golden Triangle Regional Airport,MS,30,64.29,42.86,69.68,16.57,6.667
2026-06,SHD,Shenandoah Valley Regional Airport,VA,60,85.96,17.54,24.7,14.91,5.0
2026-06,LWB,Greenbrier Valley Airport,WV,60,70.18,29.82,73.61,21.0,5.0
2026-06,BPT,Jack Brooks Regional Airport,TX,60,80.7,19.3,18.09,17.4,5.0
2026-06,JLN,Joplin Regional Airport,MO,51,76.0,13.73,7.04,16.35,0.0
2026-06,LAR,Laramie Regional Airport,WY,51,49.02,35.29,34.61,27.71,0.0
2026-06,MCW,Mason City Municipal Airport,IA,51,59.57,21.28,14.6,15.98,7.843
2026-06,RIW,Central Wyoming Regional Airport,WY,60,70.0,20.0,24.05,17.22,0.0
2026-06,CMX,Houghton County Memorial Airport,MI,64,66.13,20.97,17.39,16.47,3.125
2026-06,GCC,Northeast Wyoming Regional Airport,WY,88,84.09,12.5,7.3,22.28,0.0
2026-06,SCE,State College Regional Airport,PA,82,84.81,11.25,6.65,18.34,2.439
2026-06,FMN,Four Corners Regional Airport,NM,30,100.0,0.0,-7.13,9.77,0.0
2026-06,ERI,Erie International Tom Ridge Field,PA,26,76.92,23.08,41.19,15.38,0.0
2026-07,BLV,Scott AFB/Midamerica Airport,IL,190,62.57,32.98,47.19,12.09,1.053
2026-07,PBG,Plattsburgh International Airport,NY,34,55.88,50.0,39.68,16.32,0.0
2026-07,LCK,Rickenbacker International Airport,OH,154,70.86,31.58,26.43,12.78,1.299
2026-07,SWF,New York Stewart International Airport,NY,61,44.83,54.24,51.83,14.15,3.279
2026-07,HGR,Hagerstown Regional Richard A Henson Field,MD,35,54.29,34.29,78.49,16.26,0.0
2026-07,RFD,Chicago Rockford International Airport,IL,98,73.47,26.53,17.04,12.02,0.0
2026-07,ACY,Atlantic City International Airport,NJ,55,37.04,62.96,95.06,15.52,1.818
2026-07,YAK,Yakutat Airport,AK,62,91.94,14.52,0.87,4.76,0.0
2026-07,PSG,Petersburg James A Johnson Airport,AK,62,91.8,4.92,-1.9,7.7,1.613
2026-07,WRG,Wrangell Airport,AK,62,88.52,8.2,-3.72,5.0,1.613
2026-07,AKN,King Salmon Airport,AK,46,97.83,2.17,-3.22,5.91,0.0
2026-07,OTZ,Ralph Wien Memorial Airport,AK,30,82.76,13.79,2.07,5.17,3.333
2025-08,LGA,LaGuardia Airport,NY,11582,81.03,19.37,12.22,23.53,1.787
2025-08,DFW,Dallas Fort Worth International Airport,TX,27091,65.72,32.94,25.47,20.27,2.661
2025-08,BWI,Baltimore/Washington International Thurgood Marshall Airport,MD,8381,78.85,25.03,14.26,15.29,0.764
2025-08,FLL,Fort Lauderdale Hollywood International Airport,FL,6561,74.63,25.3,16.29,17.55,0.549
2025-08,LAS,Harry Reid International Airport,NV,14920,79.6,22.78,11.42,18.11,0.503
2025-08,SMF,Sacramento International Airport,CA,5089,82.72,17.58,7.91,14.05,0.531
2025-08,MCO,Orlando International Airport,FL,12746,67.54,31.41,24.03,21.42,0.792
2025-08,SDF,Louisville Muhammad Ali International Airport,KY,2061,83.55,16.08,10.04,15.51,1.359
2025-08,RSW,Southwest Florida International Airport,FL,2060,80.77,18.9,10.14,15.12,1.117
2025-08,SAN,San Diego International Airport,CA,8406,76.74,23.27,11.86,23.31,0.749
2025-08,SAV,Savannah Hilton Head International Airport,GA,1638,80.48,19.93,12.9,15.09,1.038
2025-08,SJC,Mineta San Jose International Airport,CA,3885,83.46,17.2,7.11,14.1,0.36
2025-08,BUR,Hollywood Burbank/Bob Hope Airport,CA,2626,84.3,16.72,7.65,17.21,0.724
2025-08,ABQ,Albuquerque International Sunport,NM,2156,84.05,15.69,8.74,14.05,0.974
2025-08,STT,Cyril E. King Airport,VI,351,78.48,24.16,21.53,15.11,6.838
2025-08,LEX,Blue Grass Airport,KY,865,78.59,20.42,14.4,16.94,1.503
2025-08,GSP,Greenville-Spartanburg International Airport,SC,1214,82.17,17.24,9.61,15.75,1.565
2025-08,CVG,Cincinnati Northern Kentucky International Airport,KY,2894,80.73,17.82,11.23,15.46,1.106
2025-08,GPT,Gulfport Biloxi International Airport,MS,297,83.22,13.31,9.25,14.41,1.347
2025-08,JAX,Jacksonville International Airport,FL,2292,76.72,24.13,18.53,14.6,1.265
2025-08,TYS,McGhee Tyson Airport,TN,1174,76.77,20.84,19.06,16.5,2.3
2025-08,CAK,Akron Canton Regional Airport,OH,377,79.19,16.4,11.52,16.24,1.326
2025-08,AGS,Augusta Regional At Bush Field,GA,141,82.86,20.0,18.92,14.77,0.709
2025-08,BTV,Patrick Leahy Burlington International Airport,VT,579,75.4,20.07,23.95,18.23,1.9
2025-08,DAY,James M. Cox Dayton International Airport,OH,643,79.14,18.73,11.69,15.27,2.022
2025-08,MOB,Mobile Regional Airport,AL,188,76.34,19.89,11.46,17.51,1.064
2025-08,DAB,Daytona Beach International Airport,FL,252,83.33,21.05,10.17,14.58,1.984
2025-08,OAJ,Albert J Ellis Airport,NC,32,93.55,9.68,8.74,18.74,3.125
2025-08,SBN,South Bend International Airport,IN,642,76.71,20.79,13.99,17.92,1.869
2025-08,HRL,Valley International Airport,TX,321,81.01,18.93,10.56,12.37,1.246
2025-08,DEN,Denver International Airport,CO,28084,70.12,29.72,20.34,20.07,0.734
2025-08,PHX,Phoenix Sky Harbor International Airport,AZ,14380,80.97,20.32,11.5,15.34,0.389
2025-08,JAC,Jackson Hole Airport,WY,767,71.83,26.46,25.26,19.69,1.434
2025-08,EGE,Eagle County Regional Airport,CO,200,65.82,28.79,24.12,21.49,1.0
2025-08,ONT,Ontario International Airport,CA,2291,82.38,18.43,10.01,14.01,0.786
2025-08,BZN,Bozeman Yellowstone International Airport,MT,1300,74.77,21.79,15.78,17.55,0.462
2025-08,RDM,Roberts Field,OR,599,83.0,15.6,7.16,16.78,0.501
2025-08,EUG,Eugene Airport,OR,735,81.54,19.02,9.33,15.0,0.544
2025-08,GJT,Grand Junction Regional Airport,CO,379,72.39,24.4,20.6,20.32,0.528
2025-08,FAT,Fresno Yosemite International Airport,CA,1215,83.22,14.34,6.6,16.41,0.741
2025-08,MAF,Midland International Air and Space Port,TX,916,79.38,18.85,13.47,15.54,0.983
2025-08,BIL,Billings Logan International Airport,MT,478,79.7,16.6,7.39,17.11,0.418
2025-08,SPN,Saipan International Airport,TT,31,90.32,6.45,-0.84,12.58,0.0
2025-08,BET,Bethel Airport,AK,62,68.85,36.07,14.44,10.3,1.613
2025-08,BRW,Wiley Post Will Rogers Memorial Airport,AK,31,60.71,32.14,29.57,11.14,9.677
2025-08,SCC,Deadhorse Airport,AK,42,83.33,16.67,-0.83,10.17,0.0
2025-08,KTN,Ketchikan International Airport,AK,236,69.1,32.19,13.84,11.18,1.271
2025-08,ADQ,Kodiak Airport,AK,93,75.82,24.18,8.87,8.79,2.151
2025-08,OTZ,Ralph Wien Memorial Airport,AK,32,70.0,30.0,10.57,10.6,6.25
2025-08,OME,Nome Airport,AK,30,50.0,46.43,18.0,8.64,6.667
2025-08,DLG,Dillingham Airport,AK,31,66.67,30.0,5.93,12.07,3.226
2025-08,ACK,Nantucket Memorial Airport,MA,481,81.68,14.95,3.74,18.87,1.247
2025-09,PHX,Phoenix Sky Harbor International Airport,AZ,13772,83.03,18.74,11.26,16.08,1.089
2025-09,MIA,Miami International Airport,FL,7573,78.6,22.32,13.12,19.93,0.357
2025-09,BHM,Birmingham-Shuttlesworth International Airport,AL,1375,88.23,11.52,4.62,14.95,0.218
2025-09,ABI,Abilene Regional Airport,TX,145,79.02,19.58,9.36,11.97,1.379
2025-09,OKC,OKC Will Rogers World Airport,OK,1946,85.14,13.03,6.38,15.65,0.617
2025-09,GRR,Gerald R. Ford International Airport,MI,1504,82.67,13.12,6.69,15.99,0.665
2025-09,MRY,Monterey Regional Airport,CA,391,86.46,9.84,7.54,19.03,1.279
2025-09,CHS,Charleston International Airport,SC,1881,84.5,14.93,6.26,15.31,0.319
2025-09,SDF,Louisville Muhammad Ali International Airport,KY,1929,87.96,12.85,7.24,15.14,0.726
2025-09,BNA,Nashville International Airport,TN,8686,85.17,17.61,8.25,15.18,0.242
2025-09,LSE,La Crosse Regional Airport,WI,83,80.72,13.25,0.87,10.57,0.0
2025-09,STL,St. Louis Lambert International Airport,MO,5321,83.85,17.25,7.48,12.28,0.338
2025-09,CMH,John Glenn Columbus International Airport,OH,3726,85.16,14.65,6.21,15.73,0.51
2025-09,MAF,Midland International Air and Space Port,TX,860,87.63,11.19,2.39,15.59,0.233
2025-09,ROC,Frederick Douglass Greater Rochester International Airport,NY,811,86.07,12.76,4.48,13.31,0.493
2025-09,GJT,Grand Junction Regional Airport,CO,389,82.77,13.18,11.84,20.49,0.514
2025-09,IAH,George Bush Intercontinental Airport,TX,9493,85.63,14.07,6.73,19.47,0.2
2025-09,AMA,Rick Husband Amarillo International Airport,TX,415,83.41,15.29,6.46,14.55,0.723
2025-09,BUR,Hollywood Burbank/Bob Hope Airport,CA,2496,85.48,14.87,6.22,19.15,0.561
2025-09,ECP,Northwest Florida Beaches International Airport,FL,713,89.84,11.55,1.94,12.08,0.421
2025-09,JAX,Jacksonville International Airport,FL,2063,84.98,14.66,7.3,14.33,0.485
2025-09,BGR,Bangor International Airport,ME,518,78.36,16.57,11.09,16.04,0.965
2025-09,TXK,Texarkana Regional Airport (Webb Field),AR,60,88.14,11.86,-1.53,16.46,1.667
2025-09,MHT,Manchester-Boston Regional Airport,NH,535,85.66,10.53,5.26,13.34,0.561
2025-09,FSD,Sioux Falls Regional Airport,SD,567,78.93,18.15,11.43,16.78,0.882
2025-09,ORF,Norfolk International Airport,VA,1734,86.62,12.27,4.51,16.0,0.346
2025-09,RST,Rochester International Airport,MN,120,85.71,12.61,3.97,19.98,0.833
2025-09,STS,Charles M. Schulz Sonoma County Airport,CA,484,80.83,18.5,11.79,16.83,0.62
2025-09,CLD,McClellan-Palomar Airport,CA,60,86.44,13.56,11.02,11.98,1.667
2025-09,TVC,Cherry Capital Airport,MI,452,77.56,19.07,16.77,15.01,0.221
2025-09,EWR,Newark Liberty International Airport,NJ,9945,82.71,16.14,9.4,23.97,1.106
2025-09,IND,Indianapolis International Airport,IN,3742,85.06,14.08,5.89,15.26,0.561
2025-09,MGM,Montgomery Regional (Dannelly Field) Airport,AL,176,81.98,12.07,5.36,17.29,1.136
2025-09,SHV,Shreveport Regional Airport,LA,556,85.79,13.09,11.33,17.71,1.079
2025-09,TYS,McGhee Tyson Airport,TN,1097,82.14,17.97,11.05,16.75,0.547
2025-09,MOB,Mobile Regional Airport,AL,168,83.13,15.66,9.24,16.1,1.19
2025-09,SMF,Sacramento International Airport,CA,4804,84.74,16.04,6.41,13.95,0.354
2025-09,RNO,Reno Tahoe International Airport,NV,1655,85.81,13.4,5.15,16.02,0.785
2025-09,LEX,Blue Grass Airport,KY,855,87.69,11.65,3.64,17.11,0.585
2025-09,ANC,Ted Stevens Anchorage International Airport,AK,1726,88.6,10.47,1.95,13.7,0.348
2025-09,LGA,LaGuardia Airport,NY,11388,82.4,15.42,8.12,24.27,0.887
2025-09,PWM,Portland International Jetport,ME,1202,85.55,11.72,6.55,15.4,0.582
2025-09,MKE,General Mitchell International Airport,WI,2315,82.98,15.38,6.86,14.97,0.562
2025-09,HDN,Yampa Valley Airport,CO,111,86.49,12.61,3.72,26.26,0.0
2025-09,PSP,Palm Springs International Airport,CA,805,83.13,14.61,5.38,17.8,0.497
2025-09,GUM,Antonio B. Won Pat International Airport,TT,60,96.61,3.33,-3.25,14.85,0.0
2025-09,SPN,Saipan International Airport,TT,30,96.67,3.33,-8.3,10.13,0.0
2025-09,SBN,South Bend International Airport,IN,661,83.87,13.05,5.93,17.44,0.303
2025-09,CRW,Yeager Airport,WV,257,83.27,12.06,5.64,20.52,0.0
2025-09,CAK,Akron Canton Regional Airport,OH,326,84.31,12.88,5.28,17.02,0.0
2025-09,EWN,Coastal Carolina Regional Airport,NC,32,93.75,6.25,-0.69,17.44,0.0
2025-09,SIT,Sitka Rocky Gutierrez Airport,AK,120,84.75,14.29,-0.43,13.67,0.833
2025-09,KTN,Ketchikan International Airport,AK,210,84.31,15.05,4.52,11.89,1.905
2025-09,WRG,Wrangell Airport,AK,60,80.0,17.86,4.95,7.34,6.667
2025-09,PSG,Petersburg James A Johnson Airport,AK,60,78.57,21.05,4.81,11.96,5.0
2025-09,ADQ,Kodiak Airport,AK,90,91.01,12.36,-5.61,9.03,1.111
2025-09,OTZ,Ralph Wien Memorial Airport,AK,30,93.33,6.67,-8.73,8.4,0.0
2025-09,PIE,St. Petersburg Clearwater International Airport,FL,501,83.37,15.77,3.41,13.96,0.0
2025-09,BLV,Scott AFB/Midamerica Airport,IL,83,81.93,21.69,1.04,11.99,0.0
2025-09,BLI,Bellingham International Airport,WA,189,85.64,9.57,2.43,16.24,0.529
2025-09,LCK,Rickenbacker International Airport,OH,71,81.69,9.86,-1.13,13.01,0.0
2025-09,SCK,Stockton Metropolitan Airport,CA,42,54.76,47.62,57.14,10.4,0.0
2025-09,PSM,Portsmouth International Airport at Pease,NH,21,85.71,9.52,-1.19,13.81,0.0
2025-09,HGR,Hagerstown Regional Richard A Henson Field,MD,18,44.44,55.56,113.39,12.44,0.0
2025-09,TOL,Eugene F. Kranz Toledo Express Airport,OH,8,62.5,37.5,24.0,12.75,0.0
2025-09,GFK,Grand Forks International Airport,ND,98,78.57,18.37,7.41,20.56,0.0
2025-09,ELM,Elmira Corning Regional Airport,NY,94,94.68,8.51,-1.29,14.53,0.0
2025-10,PIT,Pittsburgh International Airport,PA,3850,83.03,15.66,6.7,14.15,0.805
2025-10,OMA,Eppley Airfield,NE,2192,84.3,14.48,5.47,14.31,0.137
2025-10,ORD,Chicago O'Hare International Airport,IL,31096,74.66,23.22,14.3,27.31,0.225
2025-10,LGA,LaGuardia Airport,NY,12002,66.83,23.0,14.81,30.81,2.583
2025-10,PDX,Portland International Airport,OR,5493,82.05,14.77,6.18,17.49,0.637
2025-10,SYR,Syracuse Hancock International Airport,NY,899,81.12,14.08,6.8,16.42,0.445
2025-10,RDU,Raleigh-Durham International Airport,NC,4929,79.02,19.11,10.38,18.43,0.629
2025-10,SAT,San Antonio International Airport,TX,3656,83.65,15.05,7.48,13.36,0.383
2025-10,PHL,Philadelphia International Airport,PA,9306,77.46,21.42,12.91,21.84,0.441
2025-10,IND,Indianapolis International Airport,IN,4354,83.18,15.78,8.28,15.25,0.574
2025-10,LAX,Los Angeles International Airport,CA,16122,83.46,18.52,9.73,18.04,0.31
2025-10,CLE,Cleveland Hopkins International Airport,OH,3467,82.05,16.11,8.45,15.46,0.461
2025-10,BZN,Bozeman Yellowstone International Airport,MT,861,86.36,12.59,2.94,16.85,0.348
2025-10,STL,St. Louis Lambert International Airport,MO,5611,78.53,23.52,12.05,12.21,0.267
2025-10,DCA,Ronald Reagan Washington National Airport,VA,12273,76.93,21.28,10.5,21.88,0.619
2025-10,BDL,Bradley International Airport,CT,1937,81.79,16.23,9.02,14.08,0.103
2025-10,RSW,Southwest Florida International Airport,FL,2369,81.16,19.11,9.8,13.74,0.591
2025-10,BOI,Boise Air Terminal/Gowen Field,ID,2008,85.96,12.82,4.89,16.77,0.199
2025-10,SEA,Seattle–Tacoma International Airport,WA,13859,82.9,17.67,7.79,22.52,1.162
2025-10,EUG,Eugene Airport,OR,767,85.85,13.35,8.37,15.82,0.391
2025-10,MSY,Louis Armstrong New Orleans International Airport,LA,4699,78.89,20.3,9.4,13.66,0.532
2025-10,RIC,Richmond International Airport,VA,1691,78.41,21.45,12.87,17.09,1.005
2025-10,BTV,Patrick Leahy Burlington International Airport,VT,670,74.51,20.06,15.31,18.84,0.299
2025-10,PSC,Tri Cities Airport,WA,566,88.65,8.69,2.2,17.7,0.353
2025-10,RNO,Reno Tahoe International Airport,NV,1616,80.6,18.47,11.72,16.8,0.186
2025-10,BUF,Buffalo Niagara International Airport,NY,1870,82.19,18.88,9.99,13.79,0.588
2025-10,DSM,Des Moines International Airport,IA,1391,82.54,13.85,5.53,15.22,0.359
2025-10,PBI,President Donald J. Trump International Airport,FL,2268,78.12,21.71,12.88,15.78,0.882
2025-10,SJU,Luis Munoz Marin International Airport,PR,2186,79.07,20.54,12.58,14.54,0.457
2025-10,MEM,Frederick W. Smith International Airport,TN,2283,82.8,16.29,7.83,15.3,0.482
2025-10,HDN,Yampa Valley Airport,CO,109,84.4,14.68,1.21,26.63,0.0
2025-10,MSO,Missoula Montana Airport,MT,369,84.24,12.2,5.19,17.63,0.0
2025-10,ELP,El Paso International Airport,TX,1478,83.28,17.26,8.58,14.81,0.406
2025-10,PNS,Pensacola International Airport,FL,1164,84.69,14.68,11.46,13.72,0.515
2025-10,ORF,Norfolk International Airport,VA,1765,83.0,14.8,6.39,16.99,0.453
2025-10,SBP,San Luis County Regional Airport,CA,486,76.2,21.25,12.88,20.3,1.235
2025-10,SBN,South Bend International Airport,IN,741,80.0,15.68,6.96,18.36,0.135
2025-10,MYR,Myrtle Beach International Airport,SC,1202,82.18,17.66,9.77,14.63,0.582
2025-10,VPS,Destin-Fort Walton Beach Airport,FL,934,85.62,13.08,3.15,15.66,0.107
2025-10,AMA,Rick Husband Amarillo International Airport,TX,454,86.44,12.8,6.7,14.95,0.22
2025-10,HRL,Valley International Airport,TX,352,87.54,14.66,4.14,12.31,1.136
2025-10,LGB,Long Beach International Airport,CA,1397,84.84,18.23,7.29,12.71,0.286
2025-10,LIT,Bill & Hillary Clinton National Airport/Adams Field,AR,1157,82.65,15.41,7.92,15.83,0.173
2025-11,PHX,Phoenix Sky Harbor International Airport,AZ,16887,77.96,23.12,12.77,17.07,2.209
2025-11,SAV,Savannah Hilton Head International Airport,GA,1616,81.89,18.66,15.16,16.4,1.856
2025-11,HNL,Daniel K. Inouye International Airport,HI,4623,84.25,11.57,5.0,16.44,1.644
2025-11,BUR,Hollywood Burbank/Bob Hope Airport,CA,2604,80.39,20.26,12.26,19.99,1.997
2025-11,RDM,Roberts Field,OR,518,81.87,15.74,10.83,20.15,3.089
2025-11,LGA,LaGuardia Airport,NY,11577,67.85,26.08,17.46,28.97,3.628
2025-11,SJU,Luis Munoz Marin International Airport,PR,2715,81.78,19.88,13.4,14.42,1.068
2025-11,BQN,Rafael Hernández International Airport,PR,197,80.73,18.65,14.87,12.43,2.03
2025-11,BTV,Patrick Leahy Burlington International Airport,VT,368,68.78,19.28,26.31,28.38,1.359
2025-11,DTW,Detroit Metropolitan Wayne County Airport,MI,9886,78.36,18.48,11.77,20.91,2.59
2025-11,RSW,Southwest Florida International Airport,FL,2991,81.69,16.81,12.23,15.37,1.371
2025-11,MTJ,Montrose Regional Airport,CO,119,96.64,5.04,-2.59,17.45,0.0
2025-11,XNA,Northwest Arkansas National Airport,AR,1094,83.6,14.25,6.06,17.72,1.828
2025-11,SBA,Santa Barbara Municipal Airport,CA,717,79.45,18.48,9.5,17.38,2.65
2025-11,ICT,Wichita Dwight D. Eisenhower National Airport,KS,900,80.16,17.38,8.56,15.98,3.444
2025-11,ROC,Frederick Douglass Greater Rochester International Airport,NY,844,76.97,21.28,16.2,18.11,3.673
2025-11,HDN,Yampa Valley Airport,CO,89,91.01,8.99,8.35,21.0,0.0
2025-11,BIL,Billings Logan International Airport,MT,351,86.88,9.62,3.48,18.72,2.279
2025-11,SYR,Syracuse Hancock International Airport,NY,854,68.49,19.32,12.71,23.42,3.63
2025-11,SPN,Saipan International Airport,TT,30,93.33,6.67,-5.53,10.2,0.0
2025-11,ANC,Ted Stevens Anchorage International Airport,AK,1321,85.86,11.44,2.11,20.16,1.438
2025-11,EGE,Eagle County Regional Airport,CO,118,82.76,8.55,5.16,26.03,0.847
2025-11,FCA,Glacier Park International Airport,MT,208,87.68,11.82,6.44,20.67,2.404
2025-11,GSP,Greenville-Spartanburg International Airport,SC,1144,82.77,17.2,12.02,16.77,3.934
2025-11,GSO,Piedmont Triad International Airport,NC,961,81.27,17.72,9.37,18.04,4.891
2025-11,JFK,John F. Kennedy International Airport,NY,8626,75.84,19.88,12.06,26.66,2.829
2025-11,HSV,Huntsville International Airport,AL,691,77.21,21.52,16.41,17.98,3.184
2025-11,TLH,Tallahassee International Airport,FL,373,84.3,14.56,8.17,15.74,2.413
2025-11,GPT,Gulfport Biloxi International Airport,MS,249,83.13,13.58,13.05,16.05,2.41
2025-11,AVL,Asheville Regional Airport,NC,841,77.47,20.46,14.63,18.02,1.189
2025-11,MSO,Missoula Montana Airport,MT,323,88.06,7.07,-0.5,20.68,3.715
2025-11,AGS,Augusta Regional At Bush Field,GA,232,80.09,20.8,19.88,17.51,2.586
2025-11,MLB,Melbourne Orlando International Airport,FL,248,89.08,10.08,-0.79,15.29,4.032
2025-11,BTR,Baton Rouge Metropolitan Airport,LA,520,83.93,14.88,11.36,17.48,3.077
2025-11,LGB,Long Beach International Airport,CA,1323,81.22,19.51,7.77,13.42,0.454
2025-11,CRP,Corpus Christi International Airport,TX,332,82.5,10.94,5.39,16.85,3.614
2025-11,FNT,Bishop International Airport,MI,296,74.38,18.86,10.78,21.76,5.068
2025-11,GUF,Jack Edwards National Airport,AL,49,91.67,14.58,6.04,12.15,2.041
2025-11,MOT,Minot International Airport,ND,221,79.52,14.29,6.51,23.55,4.977
2025-11,CAK,Akron Canton Regional Airport,OH,366,75.93,18.62,14.96,20.52,4.645
2025-11,HTS,Tri-State Airport / Milton J. Ferguson Field,WV,31,57.14,41.38,31.55,11.1,6.452
2025-11,SMX,Santa Maria Public Airport Captain G Allan Hancock Field,CA,69,77.94,20.59,22.07,16.18,1.449
2025-11,MLI,Quad City International Airport,IL,402,76.28,18.06,10.49,18.69,7.711
2025-11,SHV,Shreveport Regional Airport,LA,516,81.05,17.94,12.93,17.44,3.876
2025-11,OAK,Oakland San Francisco Bay Airport,CA,2618,81.6,20.71,10.16,12.63,2.063
2025-11,ITO,Hilo International Airport,HI,537,87.95,10.92,3.61,9.81,1.117
2025-11,STS,Charles M. Schulz Sonoma County Airport,CA,484,77.09,19.27,7.58,18.92,3.512
2025-11,CMI,University of Illinois Willard Airport,IL,163,82.0,14.67,7.05,16.08,7.975
2025-11,GJT,Grand Junction Regional Airport,CO,404,87.27,10.39,3.51,20.04,4.703
2025-11,LSE,La Crosse Regional Airport,WI,89,85.9,12.82,4.38,13.73,12.36
2025-11,MHK,Manhattan Regional Airport,KS,146,84.78,10.87,0.67,16.19,5.479
2025-11,MLU,Monroe Regional Airport,LA,87,74.7,16.87,10.45,17.54,4.598
2025-11,CLL,Easterwood Field,TX,114,82.57,12.84,8.82,15.95,4.386
2025-11,AEX,Alexandria International Airport,LA,87,81.25,15.0,3.48,16.08,8.046
2025-11,SBP,San Luis County Regional Airport,CA,488,74.47,21.28,15.84,21.03,3.689
2025-12,HPN,Westchester County Airport,NY,905,62.27,34.83,34.62,18.22,4.199
2025-12,PBI,President Donald J. Trump International Airport,FL,3186,71.69,31.72,21.54,15.42,1.946
2025-12,BOS,Boston Logan International Airport,MA,11248,68.66,27.1,18.31,23.02,1.689
2025-12,MCO,Orlando International Airport,FL,14287,71.73,30.04,18.68,18.47,1.358
2025-12,BUF,Buffalo Niagara International Airport,NY,1649,65.23,29.96,23.27,22.13,5.458
2025-12,ALB,Albany International Airport,NY,1077,68.71,27.84,27.15,19.4,2.6
2025-12,LAX,Los Angeles International Airport,CA,16050,77.66,24.03,14.98,18.84,0.885
2025-12,SJU,Luis Munoz Marin International Airport,PR,3393,78.4,24.87,15.48,14.72,1.768
2025-12,CHS,Charleston International Airport,SC,2030,75.89,24.16,17.86,15.69,1.921
2025-12,BNA,Nashville International Airport,TN,8776,74.88,29.61,17.14,16.41,0.991
2025-12,SAN,San Diego International Airport,CA,8228,75.39,29.47,16.94,21.68,1.422
2025-12,SFO,San Francisco International Airport,CA,11975,76.35,25.31,18.57,20.86,1.069
2025-12,ISP,Long Island MacArthur Airport,NY,458,64.57,36.24,26.7,15.43,2.402
2025-12,DEN,Denver International Airport,CO,26026,74.26,27.66,17.73,19.44,0.638
2025-12,ATL,Hartsfield Jackson Atlanta International Airport,GA,25764,73.17,27.61,17.76,16.73,2.383
2025-12,PHL,Philadelphia International Airport,PA,7468,65.26,29.5,23.31,22.6,2.357
2025-12,LAS,Harry Reid International Airport,NV,14547,79.91,24.97,12.34,16.24,0.605
2025-12,HNL,Daniel K. Inouye International Airport,HI,5054,76.09,21.33,12.54,16.83,0.673
2025-12,SEA,Seattle–Tacoma International Airport,WA,13023,74.04,27.29,14.78,23.49,1.021
2025-12,CLT,Charlotte Douglas International Airport,NC,14975,73.33,27.72,17.81,20.12,0.821
2025-12,LIH,Lihue Airport,HI,1369,78.94,18.62,7.77,11.55,0.73
2025-12,CLE,Cleveland Hopkins International Airport,OH,3252,71.2,24.3,17.41,22.4,3.198
2025-12,SAT,San Antonio International Airport,TX,3588,83.74,19.26,9.48,12.35,0.725
2025-12,STL,St. Louis Lambert International Airport,MO,5359,74.02,29.96,18.89,14.24,0.896
2025-12,BHM,Birmingham-Shuttlesworth International Airport,AL,1355,81.44,22.74,15.17,14.97,1.328
2025-12,SYR,Syracuse Hancock International Airport,NY,864,59.18,30.11,30.09,29.93,3.125
2025-12,IND,Indianapolis International Airport,IN,3906,69.52,26.17,18.7,20.73,1.587
2025-12,FAI,Fairbanks International Airport,AK,287,66.43,33.93,23.28,22.05,2.439
2025-12,GRR,Gerald R. Ford International Airport,MI,1579,60.89,32.15,26.03,27.05,1.9
2025-12,PWM,Portland International Jetport,ME,546,72.8,23.6,17.39,20.4,2.198
2025-12,BWI,Baltimore/Washington International Thurgood Marshall Airport,MD,7863,70.36,32.02,16.85,16.2,1.272
2025-12,TUL,Tulsa International Airport,OK,1536,82.66,16.93,10.46,16.33,1.172
2025-12,DAY,James M. Cox Dayton International Airport,OH,659,73.95,25.23,22.81,21.81,2.58
2025-12,MSO,Missoula Montana Airport,MT,356,79.83,16.76,9.19,24.1,1.124
2025-12,TRI,Tri-Cities Regional TN/VA Airport,TN,112,83.04,19.64,12.39,16.04,0.0
2025-12,GNV,Gainesville Regional Airport,FL,202,84.0,19.0,16.36,12.8,0.99
2025-12,MOB,Mobile Regional Airport,AL,127,87.3,14.29,17.03,14.79,0.787
2025-12,HRL,Valley International Airport,TX,361,86.67,17.78,6.96,11.48,0.277
2025-12,COS,City of Colorado Springs Municipal Airport,CO,1114,77.76,23.15,15.22,21.74,0.718
2025-12,LEX,Blue Grass Airport,KY,586,65.73,29.02,23.23,21.65,2.389
2025-12,TVC,Cherry Capital Airport,MI,341,49.22,41.74,74.46,31.23,5.865
2025-12,CAK,Akron Canton Regional Airport,OH,387,61.13,35.47,40.97,28.12,3.101
2025-12,ABE,Lehigh Valley International Airport,PA,287,74.01,23.66,19.78,17.37,2.787
2025-12,PVU,Provo Municipal Airport,UT,221,85.97,14.48,10.2,19.1,0.0
2025-12,SUN,Friedman Memorial Airport,ID,265,79.61,20.78,25.97,24.02,3.774
2025-12,TYR,Tyler Pounds Regional Airport,TX,91,82.42,18.68,12.27,15.25,0.0
2025-12,SBP,San Luis County Regional Airport,CA,460,75.83,21.68,18.84,19.32,1.739
2025-12,STS,Charles M. Schulz Sonoma County Airport,CA,406,65.94,35.14,26.84,17.19,8.867
2025-12,EUG,Eugene Airport,OR,757,79.31,22.5,13.13,15.66,0.793
2025-12,BLI,Bellingham International Airport,WA,216,77.83,17.76,6.36,17.14,0.926
2025-12,AZO,Kalamazoo/Battle Creek International Airport,MI,152,64.83,28.97,31.39,26.03,4.605
2025-12,LAN,Capital Region International Airport,MI,143,59.85,32.12,35.99,26.26,4.196
2025-12,CIU,Chippewa County International Airport,MI,62,73.68,21.05,24.11,37.11,8.065
2025-12,ESC,Delta County Airport,MI,53,63.04,19.57,26.93,25.63,13.208
2025-12,APN,Alpena County Regional Airport,MI,53,63.83,31.91,34.51,21.57,11.321
2025-12,BJI,Bemidji Regional Airport,MN,62,70.49,22.95,13.26,26.57,1.613
2025-12,AMA,Rick Husband Amarillo International Airport,TX,411,88.05,10.71,12.09,15.62,0.0
2025-12,PIA,General Wayne A. Downing Peoria International Airport,IL,459,64.07,32.57,26.41,21.53,4.357
2025-12,GRI,Central Nebraska Regional Airport,NE,91,75.82,23.08,10.87,20.33,0.0
2025-12,SMX,Santa Maria Public Airport Captain G Allan Hancock Field,CA,71,81.16,17.39,25.55,16.13,2.817
2025-12,CYS,Cheyenne Regional Jerry Olson Field,WY,63,79.37,19.05,10.89,20.76,0.0
2025-12,DEC,Decatur Airport,IL,55,62.0,27.45,35.67,18.08,7.273
2025-12,RKS,Southwest Wyoming Regional Airport,WY,62,79.03,19.35,23.05,24.71,0.0
2025-12,SHR,Sheridan County Airport,WY,63,68.85,26.23,25.66,29.84,3.175
2025-12,LAF,Purdue University Airport,IN,52,64.0,24.0,32.58,23.96,3.846
2025-12,DVL,Devils Lake Regional Airport,ND,55,64.0,32.0,79.14,28.14,9.091
2025-12,JMS,Jamestown Regional Airport,ND,55,70.59,21.57,20.57,23.22,7.273
2025-12,LAR,Laramie Regional Airport,WY,55,75.93,18.52,8.44,25.39,1.818
2025-12,EAU,Chippewa Valley Regional Airport,WI,55,64.0,32.0,40.56,29.1,9.091
2025-12,GUC,Gunnison Crested Butte Regional Airport,CO,107,80.19,13.08,18.19,33.9,0.0
2025-12,OTH,Southwest Oregon Regional Airport,OR,20,75.0,20.0,15.4,19.05,0.0
2025-12,CRP,Corpus Christi International Airport,TX,304,82.78,17.55,13.92,14.61,0.658
2025-12,ROW,Roswell Air Center Airport,NM,62,88.71,12.9,1.66,17.5,0.0
2025-12,ITO,Hilo International Airport,HI,567,77.95,20.63,6.22,10.22,0.0
2026-01,ORD,Chicago O'Hare International Airport,IL,25131,67.39,29.51,22.5,29.32,3.736
2026-01,PNS,Pensacola International Airport,FL,924,83.08,18.74,16.47,15.13,5.844
2026-01,PHX,Phoenix Sky Harbor International Airport,AZ,16563,81.59,19.67,10.74,16.8,2.343
2026-01,CID,The Eastern Iowa Airport,IA,684,75.15,22.53,20.87,18.88,3.947
2026-01,PIT,Pittsburgh International Airport,PA,3099,79.16,17.2,12.13,21.47,6.034
2026-01,BZN,Bozeman Yellowstone International Airport,MT,890,84.74,15.02,6.54,18.75,1.236
2026-01,CMH,John Glenn Columbus International Airport,OH,3296,81.56,17.09,10.27,18.55,6.28
2026-01,SBP,San Luis County Regional Airport,CA,470,82.35,14.72,5.57,18.69,1.702
2026-01,GSO,Piedmont Triad International Airport,NC,784,80.28,15.8,12.09,18.47,9.566
2026-01,TRI,Tri-Cities Regional TN/VA Airport,TN,60,77.78,24.07,21.35,18.54,10.0
2026-01,OMA,Eppley Airfield,NE,1945,81.44,17.61,8.77,18.09,2.211
2026-01,TLH,Tallahassee International Airport,FL,346,86.81,14.02,9.98,15.21,5.202
2026-01,SGF,Springfield Branson National Airport,MO,571,85.63,14.71,4.92,19.27,5.954
2026-01,SJC,Mineta San Jose International Airport,CA,3099,89.35,11.72,3.07,13.43,1.194
2026-01,VPS,Destin-Fort Walton Beach Airport,FL,609,83.22,16.23,11.43,17.56,5.911
2026-01,RDU,Raleigh-Durham International Airport,NC,4163,80.99,17.79,10.72,18.03,8.167
2026-01,ALO,Waterloo Regional Airport,IA,54,61.11,29.63,40.52,23.87,0.0
2026-01,ROC,Frederick Douglass Greater Rochester International Airport,NY,754,69.52,27.6,23.28,24.05,6.764
2026-01,LGA,LaGuardia Airport,NY,11099,78.89,18.77,9.85,23.01,7.766
2026-01,MCO,Orlando International Airport,FL,13786,75.39,25.37,14.68,20.04,3.873
2026-01,IND,Indianapolis International Airport,IN,3690,79.66,19.31,12.05,18.81,4.444
2026-01,MCI,Kansas City International Airport,MO,3508,84.25,15.73,10.14,15.62,3.392
2026-01,PBI,President Donald J. Trump International Airport,FL,3108,74.69,26.93,17.79,16.72,5.502
2026-01,LAX,Los Angeles International Airport,CA,14815,81.24,19.32,12.16,17.47,2.173
2026-01,MEM,Frederick W. Smith International Airport,TN,1727,79.68,18.68,16.7,16.22,9.496
2026-01,SAT,San Antonio International Airport,TX,2921,84.79,16.03,11.18,13.33,3.697
2026-01,LBE,Arnold Palmer Regional Airport,PA,25,62.5,37.5,15.63,14.08,4.0
2026-01,STT,Cyril E. King Airport,VI,602,71.13,31.27,39.32,20.19,8.638
2026-01,STX,Henry E. Rohlsen Airport,VI,161,72.19,29.41,35.29,16.12,4.969
2026-01,CAK,Akron Canton Regional Airport,OH,352,70.28,24.69,22.64,27.31,7.955
2026-01,MHT,Manchester-Boston Regional Airport,NH,411,75.53,18.68,11.93,18.13,7.543
2026-01,DEN,Denver International Airport,CO,24484,82.33,18.73,9.69,20.13,1.691
2026-01,EUG,Eugene Airport,OR,644,85.76,12.8,8.29,19.37,1.708
2026-01,ISP,Long Island MacArthur Airport,NY,435,70.29,23.37,8.52,15.11,4.598
2026-01,PDX,Portland International Airport,OR,4537,85.64,14.89,7.41,15.59,1.411
2026-01,PSP,Palm Springs International Airport,CA,1560,83.4,17.86,15.19,15.31,5.256
2026-01,JFK,John F. Kennedy International Airport,NY,8022,73.6,23.16,14.83,24.7,7.118
2026-02,MCO,Orlando International Airport,FL,13339,72.94,26.14,15.58,20.21,2.609
2026-02,DFW,Dallas Fort Worth International Airport,TX,22019,78.87,23.42,12.76,18.05,1.313
2026-02,EWR,Newark Liberty International Airport,NJ,9244,81.84,18.58,9.74,23.31,7.875
2026-02,ECP,Northwest Florida Beaches International Airport,FL,539,85.01,15.5,4.8,14.43,1.855
2026-02,GSO,Piedmont Triad International Airport,NC,749,83.17,15.28,5.55,18.4,3.872
2026-02,CVG,Cincinnati Northern Kentucky International Airport,KY,2270,77.85,16.67,10.29,20.52,1.454
2026-02,PHL,Philadelphia International Airport,PA,6686,80.04,19.89,11.42,20.84,6.087
2026-02,GRR,Gerald R. Ford International Airport,MI,1376,77.29,20.09,13.49,22.16,1.235
2026-02,ROC,Frederick Douglass Greater Rochester International Airport,NY,792,70.59,27.28,18.52,25.09,3.283
2026-02,CAK,Akron Canton Regional Airport,OH,340,71.04,24.09,25.03,23.91,3.529
2026-02,HRL,Valley International Airport,TX,295,90.1,10.92,4.16,10.88,0.678
2026-02,PWM,Portland International Jetport,ME,521,84.3,17.21,10.4,19.32,6.334
2026-02,HSV,Huntsville International Airport,AL,568,79.96,20.89,20.9,17.67,1.408
2026-02,SBN,South Bend International Airport,IN,620,69.32,26.46,23.44,27.11,0.645
2026-02,GNV,Gainesville Regional Airport,FL,195,89.58,9.84,2.45,12.95,1.026
2026-02,MLI,Quad City International Airport,IL,275,72.59,22.51,27.16,18.8,1.455
2026-02,LIT,Bill & Hillary Clinton National Airport/Adams Field,AR,907,85.86,13.9,11.01,15.11,0.882
2026-02,CMH,John Glenn Columbus International Airport,OH,3231,82.88,17.59,9.61,18.41,2.724
2026-02,TUL,Tulsa International Airport,OK,1264,87.45,11.98,6.51,14.75,0.949
2026-02,EVV,Evansville Regional Airport,IN,124,77.05,17.21,7.2,21.84,1.613
2026-02,MLB,Melbourne Orlando International Airport,FL,223,84.09,16.36,17.75,15.25,1.345
2026-02,LFT,Lafayette Regional Airport,LA,156,82.89,17.76,8.13,17.78,2.564
2026-02,MSY,Louis Armstrong New Orleans International Airport,LA,4111,82.8,18.98,9.81,12.96,1.824
2026-02,LRD,Laredo International Airport,TX,108,91.67,8.33,9.66,13.36,0.0
2026-02,BWI,Baltimore/Washington International Thurgood Marshall Airport,MD,6552,83.09,23.02,11.32,14.72,3.587
2026-02,LAN,Capital Region International Airport,MI,155,73.38,25.32,20.97,25.03,0.645
2026-02,EWN,Coastal Carolina Regional Airport,NC,17,88.24,17.65,7.12,16.29,0.0
2026-02,VRB,Vero Beach Regional Airport,FL,73,66.18,30.43,13.45,18.38,5.479
2026-02,BZN,Bozeman Yellowstone International Airport,MT,848,83.93,18.53,9.7,18.66,0.708
2026-02,RDM,Roberts Field,OR,473,81.51,16.04,10.76,20.67,5.074
2026-02,BUR,Hollywood Burbank/Bob Hope Airport,CA,2134,86.56,15.31,7.36,17.19,2.062
2026-02,SBP,San Luis County Regional Airport,CA,372,79.46,17.3,13.01,19.4,0.538
2026-02,STS,Charles M. Schulz Sonoma County Airport,CA,323,85.0,13.44,5.22,17.72,0.929
2026-02,SNA,John Wayne Orange County International Airport,CA,3343,85.73,17.36,8.61,15.52,0.927
2026-02,MFR,Rogue Valley International-Medford Airport,OR,379,85.9,11.94,5.66,19.31,0.528
2026-02,FAT,Fresno Yosemite International Airport,CA,889,85.93,13.79,7.07,16.6,0.45
2026-02,DLH,Duluth International Airport,MN,179,80.23,17.44,13.8,23.17,3.911
2026-02,ABQ,Albuquerque International Sunport,NM,1679,87.27,13.73,5.26,14.75,0.655
2026-02,MOT,Minot International Airport,ND,184,83.06,16.39,26.05,28.0,0.543
2026-02,LGB,Long Beach International Airport,CA,1129,88.53,14.12,3.44,12.42,0.266
2026-02,GFK,Grand Forks International Airport,ND,102,83.0,11.0,1.49,22.64,1.961
2026-02,PIH,Pocatello Regional Airport,ID,28,96.43,0.0,-7.89,14.04,0.0
2026-02,AZO,Kalamazoo/Battle Creek International Airport,MI,143,70.63,25.17,27.12,22.99,0.0
2026-02,BGM,Greater Binghamton/Edwin A Link field,NY,14,64.29,35.71,20.71,24.36,0.0
2026-02,RST,Rochester International Airport,MN,113,72.57,23.89,17.42,20.24,0.0
2026-02,HIB,Range Regional Airport,MN,48,87.5,16.67,7.1,15.6,0.0
2026-02,GJT,Grand Junction Regional Airport,CO,333,84.34,13.55,5.55,23.04,0.3
2026-02,SGU,St George Regional Airport,UT,367,85.25,14.21,8.45,21.67,0.272
2026-02,ESC,Delta County Airport,MI,48,86.36,9.09,25.39,25.16,8.333
2026-02,BRD,Brainerd Lakes Regional Airport,MN,48,78.72,21.28,15.13,14.49,2.083
2026-02,RHI,Rhinelander Oneida County Airport,WI,56,80.0,20.0,24.15,16.16,1.786
2026-02,MQT,Marquette Sawyer Regional Airport,MI,101,67.71,30.21,42.56,26.68,4.95
2026-02,ATY,Watertown Regional Airport,SD,56,76.79,12.5,13.27,22.88,0.0
2026-02,CDC,Cedar City Regional Airport,UT,48,95.83,2.08,-4.75,16.15,0.0
2026-02,FNT,Bishop International Airport,MI,302,70.71,25.59,26.65,23.39,1.656
2026-02,SJT,San Angelo Regional Mathis Field,TX,74,78.08,21.92,22.89,15.33,1.351
2026-02,FLG,Flagstaff Pulliam Airport,AZ,105,68.69,29.29,31.4,25.1,5.714
2026-02,JST,John Murtha Johnstown Cambria County Airport,PA,56,60.0,34.55,74.29,28.67,1.786
2026-02,LBL,Liberal Mid-America Regional Airport,KS,48,81.4,13.95,28.53,15.91,10.417
2026-02,SUX,Sioux Gateway Airport / Brigadier General Bud Day Field,IA,83,83.13,13.25,12.45,20.89,0.0
2026-02,FMN,Four Corners Regional Airport,NM,28,75.0,7.14,3.18,18.96,0.0
2026-02,DIK,Dickinson Theodore Roosevelt Regional Airport,ND,56,83.33,14.55,6.45,31.31,1.786
2026-02,JMS,Jamestown Regional Airport,ND,48,80.43,17.39,0.15,19.22,4.167
2026-02,DVL,Devils Lake Regional Airport,ND,48,78.72,25.53,31.57,25.09,2.083
2026-02,RIW,Central Wyoming Regional Airport,WY,55,87.27,9.09,14.73,20.78,0.0
2026-02,FOD,Fort Dodge Regional Airport,IA,48,76.6,17.02,25.98,15.68,2.083
2026-02,MCW,Mason City Municipal Airport,IA,48,79.17,18.75,15.56,15.88,0.0
2026-02,HOB,Lea County Regional Airport,NM,56,85.71,10.71,14.73,15.93,0.0
2026-02,ROA,Roanoke–Blacksburg Regional Airport,VA,119,76.52,25.86,20.63,19.26,2.521
2026-02,BIH,Eastern Sierra Regional Airport,CA,65,72.88,23.73,19.9,23.05,9.231
2026-02,COU,Columbia Regional Airport,MO,267,85.61,12.03,5.25,17.26,0.375
2026-02,HNL,Daniel K. Inouye International Airport,HI,4464,81.83,17.56,9.29,16.62,0.896
2026-02,OGG,Kahului International Airport,HI,1966,79.23,20.66,8.91,11.21,0.763
2026-02,SPN,Saipan International Airport,TT,28,96.43,3.57,-0.46,11.11,0.0
2026-03,SLC,Salt Lake City International Airport,UT,10632,85.76,15.18,6.91,17.28,1.213
2026-03,BOS,Boston Logan International Airport,MA,12299,74.05,23.77,14.33,20.87,2.691
2026-03,SFO,San Francisco International Airport,CA,12171,83.97,16.56,9.29,19.89,1.019
2026-03,DTW,Detroit Metropolitan Wayne County Airport,MI,10701,71.58,26.92,21.52,18.97,4.018
2026-03,CLT,Charlotte Douglas International Airport,NC,15278,75.66,26.3,18.03,20.46,2.376
2026-03,DFW,Dallas Fort Worth International Airport,TX,26008,73.39,29.0,19.87,18.58,2.507
2026-03,LAS,Harry Reid International Airport,NV,15169,78.25,24.22,12.5,17.16,1.154
2026-03,STL,St. Louis Lambert International Airport,MO,5400,75.28,29.01,18.33,12.74,2.519
2026-03,PDX,Portland International Airport,OR,5113,86.29,15.99,8.11,15.18,0.939
2026-03,BNA,Nashville International Airport,TN,9623,75.11,30.67,18.82,16.48,2.307
2026-03,CVG,Cincinnati Northern Kentucky International Airport,KY,3105,75.43,22.33,17.74,16.06,2.802
2026-03,CHS,Charleston International Airport,SC,2199,78.95,21.56,15.36,17.14,4.229
2026-03,OKC,OKC Will Rogers World Airport,OK,2023,80.82,19.92,14.85,15.01,1.977
2026-03,CAE,Columbia Metropolitan Airport,SC,391,82.42,21.25,17.79,15.38,6.138
2026-03,ROC,Frederick Douglass Greater Rochester International Airport,NY,845,75.03,23.96,17.49,17.46,3.195
2026-03,GSO,Piedmont Triad International Airport,NC,816,79.92,19.53,17.62,16.68,5.27
2026-03,BUR,Hollywood Burbank/Bob Hope Airport,CA,2556,85.43,16.37,7.06,17.67,1.291
2026-03,IND,Indianapolis International Airport,IN,4362,76.67,23.58,17.51,16.28,2.568
2026-03,AVL,Asheville Regional Airport,NC,747,77.98,21.02,14.1,17.47,2.544
2026-03,GSP,Greenville-Spartanburg International Airport,SC,1202,77.7,22.11,16.76,16.82,3.661
2026-03,BOI,Boise Air Terminal/Gowen Field,ID,2027,86.93,14.35,6.35,15.92,0.987
2026-03,GRB,Austin Straubel International Airport,WI,490,66.06,27.44,29.48,19.8,10.0
2026-03,KOA,Ellison Onizuka Kona International Airport at Keāhole,HI,1435,77.53,19.12,11.17,13.52,3.415
2026-03,RNO,Reno Tahoe International Airport,NV,1830,83.2,17.23,8.09,16.39,0.71
2026-03,PNS,Pensacola International Airport,FL,1263,79.2,21.39,11.62,14.25,3.009
2026-03,LEX,Blue Grass Airport,KY,638,79.81,22.24,19.87,17.14,2.038
2026-03,DSM,Des Moines International Airport,IA,1371,79.23,21.63,17.85,16.27,4.23
2026-03,DAL,Dallas Love Field,TX,6221,70.27,34.18,18.02,13.49,1.286
2026-03,MDT,Harrisburg International Airport,PA,474,72.12,30.04,31.34,15.58,3.797
2026-03,GNV,Gainesville Regional Airport,FL,220,83.49,19.18,18.03,13.7,0.455
2026-03,LGB,Long Beach International Airport,CA,1200,85.02,16.72,5.14,12.6,0.333
2026-03,CHO,Charlottesville Albemarle Airport,VA,150,56.59,41.67,59.93,20.11,12.0
2026-03,PIE,St. Petersburg Clearwater International Airport,FL,906,73.31,24.27,10.92,15.23,1.766
2026-03,CAK,Akron Canton Regional Airport,OH,446,67.48,28.88,30.18,21.1,7.623
2026-03,ACY,Atlantic City International Airport,NJ,230,69.59,32.82,23.69,12.75,15.217
2026-03,LCK,Rickenbacker International Airport,OH,105,67.31,29.81,20.27,14.14,0.952
2026-03,GUF,Jack Edwards National Airport,AL,45,86.05,16.28,7.37,12.33,4.444
2026-03,MLI,Quad City International Airport,IL,345,71.7,25.86,24.94,18.43,6.957
2026-03,BMI,Central Illinois Regional Airport at Bloomington-Normal,IL,186,78.89,19.34,22.34,14.31,2.688
2026-03,GTF,Great Falls International Airport,MT,185,85.56,15.0,6.57,16.04,2.703
2026-03,IAG,Niagara Falls International Airport,NY,48,57.45,40.43,50.02,17.36,2.083
2026-03,LSE,La Crosse Regional Airport,WI,99,83.91,20.69,17.78,11.49,12.121
2026-03,MQT,Marquette Sawyer Regional Airport,MI,116,60.87,36.96,53.25,21.24,20.69
2026-03,ABI,Abilene Regional Airport,TX,195,85.57,16.49,11.04,13.88,0.513
2026-03,CLD,McClellan-Palomar Airport,CA,72,93.06,6.94,6.92,14.04,0.0
2026-03,CWA,Central Wisconsin Airport,WI,69,86.89,11.48,11.16,16.25,11.594
2026-03,FSM,Fort Smith Regional Airport,AR,93,88.89,13.04,19.38,15.03,1.075
2026-03,PWM,Portland International Jetport,ME,641,74.75,19.74,19.86,19.07,4.368
2026-03,LAN,Capital Region International Airport,MI,172,68.71,28.83,38.93,21.48,5.233
2026-03,STS,Charles M. Schulz Sonoma County Airport,CA,443,85.75,12.44,4.25,16.96,0.226
2026-03,KTN,Ketchikan International Airport,AK,186,72.53,26.78,15.37,13.78,1.613
2026-03,OTZ,Ralph Wien Memorial Airport,AK,33,84.85,15.15,1.03,4.88,0.0
2026-03,PAE,Seattle Paine Field International Airport,WA,172,86.47,13.53,2.55,13.97,1.163
2026-04,MDW,Chicago Midway International Airport,IL,6282,77.58,22.66,10.65,14.97,1.178
2026-04,MEM,Frederick W. Smith International Airport,TN,2146,82.13,18.54,11.02,13.99,0.979
2026-04,MHT,Manchester-Boston Regional Airport,NH,553,85.82,15.09,4.31,14.32,0.542
2026-04,MTJ,Montrose Regional Airport,CO,155,90.26,11.04,1.63,17.44,0.645
2026-04,ORF,Norfolk International Airport,VA,1655,84.21,15.75,9.41,16.58,1.027
2026-04,PHX,Phoenix Sky Harbor International Airport,AZ,17679,80.77,21.85,10.41,16.45,0.288
2026-04,PNS,Pensacola International Airport,FL,1282,83.11,17.92,10.6,14.0,0.78
2026-04,PWM,Portland International Jetport,ME,720,82.98,16.2,12.1,15.49,1.389
2026-04,SAT,San Antonio International Airport,TX,3384,82.58,16.94,8.08,13.5,0.739
2026-04,SFO,San Francisco International Airport,CA,12401,74.72,26.56,15.29,25.82,0.702
2026-04,SLC,Salt Lake City International Airport,UT,9877,84.37,13.88,5.48,18.3,0.385
2026-04,STT,Cyril E. King Airport,VI,611,82.78,16.97,6.85,16.86,0.655
2026-04,TPA,Tampa International Airport,FL,6952,82.29,19.34,9.96,15.15,0.489
2026-04,TUS,Tucson International Airport,AZ,1834,85.46,16.16,6.75,16.32,0.436
2026-04,AMA,Rick Husband Amarillo International Airport,TX,386,83.85,15.1,8.34,14.81,0.518
2026-04,AUS,Austin Bergstrom International Airport,TX,7647,77.5,22.65,12.43,15.98,0.588
2026-04,BOS,Boston Logan International Airport,MA,12626,79.34,20.23,9.79,19.76,0.309
2026-04,CLE,Cleveland Hopkins International Airport,OH,3498,83.75,15.68,7.72,15.06,1.001
2026-04,DEN,Denver International Airport,CO,25345,82.46,18.54,8.13,19.17,0.272
2026-04,DSM,Des Moines International Airport,IA,1307,82.61,15.07,12.35,15.21,2.525
2026-04,EUG,Eugene Airport,OR,708,84.09,16.17,9.72,16.01,0.424
2026-04,HNL,Daniel K. Inouye International Airport,HI,4809,82.84,18.2,8.04,16.95,0.603
2026-04,HRL,Valley International Airport,TX,321,83.44,17.81,7.94,13.45,0.312
2026-04,ITO,Hilo International Airport,HI,578,79.3,18.61,5.26,9.8,0.519
2026-04,JAN,Jackson-Medgar Wiley Evers International Airport,MS,499,83.5,17.3,11.84,14.6,0.401
2026-04,LGA,LaGuardia Airport,NY,11443,76.49,21.93,11.95,25.72,0.953
2026-04,AGS,Augusta Regional At Bush Field,GA,258,68.63,35.16,20.66,19.16,0.775
2026-04,CHO,Charlottesville Albemarle Airport,VA,175,63.25,28.92,26.28,20.52,5.143
2026-04,HHH,Hilton Head Airport,SC,263,82.69,19.39,10.99,17.18,0.0
2026-04,CHA,Chattanooga Metropolitan Airport (Lovell Field),TN,527,73.96,22.4,16.01,17.83,3.416
2026-04,GRB,Austin Straubel International Airport,WI,520,76.47,18.35,16.85,17.94,4.615
2026-04,DFW,Dallas Fort Worth International Airport,TX,25686,73.9,26.88,15.82,18.84,1.331
2026-04,MDT,Harrisburg International Airport,PA,537,78.79,20.83,20.55,14.27,1.676
2026-04,LEX,Blue Grass Airport,KY,786,83.94,15.65,4.42,16.94,1.654
2026-04,STX,Henry E. Rohlsen Airport,VI,123,82.79,17.21,2.93,13.98,0.813
2026-05,ATL,Hartsfield Jackson Atlanta International Airport,GA,27535,77.17,22.22,11.67,17.32,1.18
2026-05,HSV,Huntsville International Airport,AL,664,82.15,19.17,12.36,15.66,1.807
2026-05,CVG,Cincinnati Northern Kentucky International Airport,KY,3064,82.45,15.86,8.27,15.14,1.012
2026-05,CLT,Charlotte Douglas International Airport,NC,15778,77.35,23.29,13.2,21.09,0.298
2026-05,GSP,Greenville-Spartanburg International Airport,SC,1302,83.89,17.31,8.38,15.72,1.075
2026-05,MSY,Louis Armstrong New Orleans International Airport,LA,4194,73.53,29.0,18.26,14.73,0.835
2026-05,IND,Indianapolis International Airport,IN,4324,82.54,18.48,8.64,14.82,0.879
2026-05,PIT,Pittsburgh International Airport,PA,3778,84.58,15.9,7.79,15.42,0.794
2026-05,SLC,Salt Lake City International Airport,UT,10146,85.27,14.78,5.56,17.47,0.424
2026-05,RIC,Richmond International Airport,VA,1623,81.61,18.45,9.86,16.47,0.801
2026-05,BWI,Baltimore/Washington International Thurgood Marshall Airport,MD,8161,76.71,28.46,14.81,15.34,0.282
2026-05,PDX,Portland International Airport,OR,5535,83.86,15.97,7.58,16.56,0.416
2026-05,RDU,Raleigh-Durham International Airport,NC,4884,81.39,18.17,9.92,17.4,0.86
2026-05,ONT,Ontario International Airport,CA,2298,79.99,20.82,9.29,14.18,0.696
2026-05,MIA,Miami International Airport,FL,9296,75.29,24.18,14.51,20.96,0.452
2026-05,BDL,Bradley International Airport,CT,1981,84.98,13.97,6.22,14.91,0.656
2026-05,SNA,John Wayne Orange County International Airport,CA,3835,81.28,19.89,10.13,15.88,0.782
2026-05,MDW,Chicago Midway International Airport,IL,6269,74.03,31.47,15.8,14.06,0.351
2026-05,STL,St. Louis Lambert International Airport,MO,5375,77.54,26.19,16.64,12.18,0.837
2026-05,RSW,Southwest Florida International Airport,FL,2802,82.45,18.55,11.05,15.67,0.535
2026-05,MKE,General Mitchell International Airport,WI,2735,80.58,18.2,8.46,15.6,0.731
2026-05,CRP,Corpus Christi International Airport,TX,370,79.49,23.46,18.31,15.32,3.243
2026-05,MEM,Frederick W. Smith International Airport,TN,2228,79.81,22.14,15.52,14.43,1.077
2026-05,BLV,Scott AFB/Midamerica Airport,IL,140,62.59,28.78,31.79,11.78,0.714
2026-05,PGD,Punta Gorda Airport,FL,550,80.55,22.18,11.5,12.28,0.0
2026-05,FAT,Fresno Yosemite International Airport,CA,1117,80.94,18.92,14.74,16.15,0.627
2026-05,AZA,Mesa Gateway Airport,AZ,480,76.15,20.83,11.76,15.71,0.0
2026-05,SFB,Orlando Sanford International Airport,FL,842,70.8,29.37,18.49,16.31,0.119
2026-05,SBN,South Bend International Airport,IN,710,74.14,22.68,19.47,17.68,1.268
2026-05,PSP,Palm Springs International Airport,CA,1215,75.52,23.24,14.78,17.21,0.823
2026-05,PBG,Plattsburgh International Airport,NY,29,31.03,58.62,32.52,14.1,0.0
2026-05,ICT,Wichita Dwight D. Eisenhower National Airport,KS,1007,78.0,21.73,13.09,15.32,1.291
2026-05,USA,Concord-Padgett Regional Airport,NC,63,47.62,42.86,58.46,14.33,0.0
2026-05,LRD,Laredo International Airport,TX,162,84.52,16.77,13.45,13.45,4.321
2026-05,PSM,Portsmouth International Airport at Pease,NH,47,76.09,23.91,40.33,14.35,2.128
2026-05,BIL,Billings Logan International Airport,MT,383,89.74,10.7,4.24,16.72,0.0
2026-05,BZN,Bozeman Yellowstone International Airport,MT,849,82.56,17.56,7.89,16.37,0.707
2026-05,ALB,Albany International Airport,NY,1186,86.22,14.53,6.44,13.14,0.759
2026-05,TOL,Eugene F. Kranz Toledo Express Airport,OH,38,65.79,31.58,15.97,12.18,0.0
2026-05,SMX,Santa Maria Public Airport Captain G Allan Hancock Field,CA,21,76.19,19.05,13.24,11.52,0.0
2026-05,MSO,Missoula Montana Airport,MT,432,88.55,12.79,7.9,15.59,0.463
2026-05,ACY,Atlantic City International Airport,NJ,59,50.85,42.37,59.27,12.86,0.0
2026-05,PVD,Rhode Island T. F. Green International Airport,RI,1366,83.1,17.89,6.86,13.8,0.586
2026-05,MOT,Minot International Airport,ND,236,85.47,14.1,14.74,17.33,0.847
2026-05,PSC,Tri Cities Airport,WA,497,85.31,15.49,11.08,16.19,0.0
2026-05,SHV,Shreveport Regional Airport,LA,524,73.68,23.39,23.59,17.58,2.099
2026-05,BMI,Central Illinois Regional Airport at Bloomington-Normal,IL,181,87.22,12.78,7.72,15.25,0.552
2026-05,EUG,Eugene Airport,OR,807,81.59,17.25,10.03,15.22,0.124
2026-05,HGR,Hagerstown Regional Richard A Henson Field,MD,21,76.19,38.1,11.57,10.52,0.0
2026-05,FCA,Glacier Park International Airport,MT,334,82.18,15.06,5.74,16.48,0.599
2026-05,MHK,Manhattan Regional Airport,KS,155,88.0,12.67,3.93,12.39,3.226
2026-05,LFT,Lafayette Regional Airport,LA,184,77.14,26.86,32.9,17.79,4.891
2026-05,ACT,Waco Regional Airport,TX,93,90.91,13.48,3.96,12.45,4.301
2026-05,CLL,Easterwood Field,TX,93,78.89,18.89,18.97,13.89,3.226
2026-05,RDM,Roberts Field,OR,583,82.59,17.04,6.04,17.38,0.343
2026-05,LBB,Lubbock Preston Smith International Airport,TX,532,82.57,19.62,14.73,14.68,1.316
2026-05,GRK,Killeen Regional Airport / Robert Gray Army Airfield,TX,179,85.38,16.37,8.31,16.26,4.469
2026-05,HHH,Hilton Head Airport,SC,311,80.07,22.33,18.84,16.29,0.643
2026-05,BFL,Meadows Field,CA,251,87.9,9.27,3.79,18.61,1.195
2026-05,TXK,Texarkana Regional Airport (Webb Field),AR,62,83.61,9.84,2.64,15.51,1.613
2026-05,TYR,Tyler Pounds Regional Airport,TX,93,79.12,20.88,12.99,15.38,2.151
2026-05,ALO,Waterloo Regional Airport,IA,59,86.44,15.25,15.58,13.34,0.0
2026-05,STT,Cyril E. King Airport,VI,481,87.9,14.82,4.49,15.09,0.416
2026-05,BTV,Patrick Leahy Burlington International Airport,VT,549,81.7,13.63,6.48,17.9,1.093
2026-05,SCE,State College Regional Airport,PA,83,77.5,18.75,23.06,15.06,3.614
2026-05,LWS,Lewiston Nez Perce County Airport,ID,62,98.39,1.61,-5.4,14.45,0.0
2026-05,PIH,Pocatello Regional Airport,ID,54,100.0,0.0,-12.46,13.02,0.0
2026-05,JAC,Jackson Hole Airport,WY,457,83.74,18.1,10.37,17.51,0.875
2026-05,INL,Falls International Airport,MN,54,96.3,5.56,-8.39,11.41,0.0
2026-05,BRD,Brainerd Lakes Regional Airport,MN,56,98.21,1.79,-4.68,14.59,0.0
2026-05,RHI,Rhinelander Oneida County Airport,WI,68,94.12,4.41,-6.93,13.47,0.0
2026-05,CDC,Cedar City Regional Airport,UT,54,90.74,7.41,31.72,17.22,0.0
2026-05,TWF,Joslin Field Magic Valley Regional Airport,ID,85,95.29,4.71,-1.4,12.38,0.0
2026-05,BPT,Jack Brooks Regional Airport,TX,61,85.0,13.33,17.87,19.1,1.639
2026-05,CMX,Houghton County Memorial Airport,MI,62,70.49,18.03,23.2,18.25,1.613
2026-05,JLN,Joplin Regional Airport,MO,53,76.47,22.64,15.62,15.3,0.0
2026-05,MGW,Morgantown Municipal Airport Walter L. (Bill) Hart Field,WV,53,76.0,22.0,72.92,16.86,5.66
2026-05,LAR,Laramie Regional Airport,WY,53,71.15,19.23,7.73,25.83,1.887
2026-05,COD,Yellowstone Regional Airport,WY,77,68.83,35.06,46.08,22.64,0.0
2026-05,RKS,Southwest Wyoming Regional Airport,WY,62,78.69,18.03,24.08,22.26,1.613
2026-05,SUX,Sioux Gateway Airport / Brigadier General Bud Day Field,IA,80,73.08,25.64,32.81,16.14,2.5
2026-05,RIW,Central Wyoming Regional Airport,WY,62,83.33,18.03,19.44,19.69,1.613
2026-05,SAF,Santa Fe Municipal Airport,NM,390,83.64,18.32,12.32,19.4,2.051
2026-05,OTH,Southwest Oregon Regional Airport,OR,42,50.0,40.48,27.38,17.71,0.0
2026-05,ITO,Hilo International Airport,HI,568,78.19,19.68,7.68,10.2,0.704
2026-06,SFO,San Francisco International Airport,CA,13415,67.06,36.24,23.63,25.07,0.701
2026-06,PDX,Portland International Airport,OR,6024,80.27,22.0,12.68,16.12,0.614
2026-06,DCA,Ronald Reagan Washington National Airport,VA,11953,71.64,28.36,22.58,22.76,4.936
2026-06,PHX,Phoenix Sky Harbor International Airport,AZ,15685,72.37,30.52,18.65,15.61,0.434
2026-06,AUS,Austin Bergstrom International Airport,TX,7879,69.07,33.38,21.22,15.78,0.977
2026-06,IAD,Washington Dulles International Airport,VA,5053,78.09,17.1,13.9,22.8,0.93
2026-06,MIA,Miami International Airport,FL,8797,74.23,25.37,16.16,20.4,0.784
2026-06,FSD,Sioux Falls Regional Airport,SD,694,77.99,21.76,16.16,17.44,2.017
2026-06,DSM,Des Moines International Airport,IA,1356,74.96,23.77,20.0,14.45,2.876
2026-06,SAV,Savannah Hilton Head International Airport,GA,1656,79.59,22.63,16.88,15.22,1.812
2026-06,TPA,Tampa International Airport,FL,5964,77.73,24.67,15.71,14.47,0.855
2026-06,CVG,Cincinnati Northern Kentucky International Airport,KY,3129,77.7,21.66,15.55,14.42,1.566
2026-06,KOA,Ellison Onizuka Kona International Airport at Keāhole,HI,1370,89.07,10.34,2.86,12.04,0.511
2026-06,FLL,Fort Lauderdale Hollywood International Airport,FL,6077,74.31,25.95,17.16,17.17,1.135
2026-06,MCI,Kansas City International Airport,MO,4581,76.69,26.46,16.31,14.02,1.244
2026-06,STL,St. Louis Lambert International Airport,MO,5463,69.02,33.32,20.79,12.32,1.172
2026-06,DRO,Durango La Plata County Airport,CO,444,77.68,20.91,16.25,19.45,0.901
2026-06,RNO,Reno Tahoe International Airport,NV,1946,75.85,26.26,13.59,16.67,0.976
2026-06,TVC,Cherry Capital Airport,MI,732,78.94,22.97,19.09,16.17,4.235
2026-06,STT,Cyril E. King Airport,VI,434,82.46,17.55,13.48,14.12,0.23
2026-06,ONT,Ontario International Airport,CA,2304,76.68,26.39,15.01,13.46,0.998
2026-06,GEG,Spokane International Airport,WA,1668,80.3,22.16,12.39,15.34,0.42
2026-06,RDM,Roberts Field,OR,580,78.61,23.49,12.97,17.13,0.172
2026-06,BQN,Rafael Hernández International Airport,PR,213,75.24,27.36,24.38,12.17,0.469
2026-06,MTJ,Montrose Regional Airport,CO,192,78.61,27.89,44.77,18.35,1.042
2026-06,ICT,Wichita Dwight D. Eisenhower National Airport,KS,1016,72.4,28.38,23.78,16.47,2.559
2026-06,PWM,Portland International Jetport,ME,1201,81.33,18.81,19.26,15.8,2.165
2026-06,BIL,Billings Logan International Airport,MT,412,86.21,13.2,6.1,15.91,0.728
2026-06,BHM,Birmingham-Shuttlesworth International Airport,AL,1441,76.68,25.2,19.11,13.96,2.498
2026-06,ATW,Appleton International Airport,WI,592,84.17,17.87,12.47,14.82,1.689
2026-06,SPN,Saipan International Airport,TT,30,90.0,6.67,-0.1,12.87,0.0
2026-06,MKE,General Mitchell International Airport,WI,2656,79.18,20.88,11.46,15.1,2.108
2026-06,MAF,Midland International Air and Space Port,TX,751,79.86,21.34,13.86,14.88,2.663
2026-06,HDN,Yampa Valley Airport,CO,128,74.22,28.13,23.76,20.58,0.0
2026-06,FAR,Hector International Airport,ND,558,80.81,19.23,10.81,16.32,2.151
2026-06,HOU,William P. Hobby Airport,TX,4514,63.64,39.46,21.76,14.1,0.62
2026-06,ISP,Long Island MacArthur Airport,NY,415,80.0,22.09,13.59,11.66,0.723
2026-06,ITO,Hilo International Airport,HI,549,85.37,11.85,3.22,9.81,1.639
2026-06,JAN,Jackson-Medgar Wiley Evers International Airport,MS,545,76.76,24.86,17.97,14.98,3.303
2026-06,MDW,Chicago Midway International Airport,IL,6937,64.2,39.63,22.96,14.97,1.528
2026-06,OAK,Oakland San Francisco Bay Airport,CA,2597,69.67,35.11,16.82,12.63,0.424
2026-06,PVD,Rhode Island T. F. Green International Airport,RI,1315,80.09,21.33,18.07,14.51,3.042
2026-07,SDF,Louisville Muhammad Ali International Airport,KY,2015,78.11,21.8,14.31,14.91,2.581
2026-07,BNA,Nashville International Airport,TN,10098,64.16,39.94,24.82,17.22,1.842
2026-07,CHA,Chattanooga Metropolitan Airport (Lovell Field),TN,435,70.21,32.31,30.05,14.87,2.529
2026-07,MIA,Miami International Airport,FL,9204,63.59,35.0,27.74,22.52,2.075
2026-07,ALB,Albany International Airport,NY,1149,73.44,29.05,25.95,15.22,3.22
2026-07,CLL,Easterwood Field,TX,92,88.04,10.87,4.87,11.74,0.0
2026-07,JAX,Jacksonville International Airport,FL,2720,71.18,28.79,24.34,15.47,3.713
2026-07,BMI,Central Illinois Regional Airport at Bloomington-Normal,IL,144,84.17,18.71,23.01,15.37,3.472
2026-07,STS,Charles M. Schulz Sonoma County Airport,CA,629,78.84,19.65,8.53,17.11,1.272
2026-07,TLH,Tallahassee International Airport,FL,434,76.2,22.25,17.25,15.71,3.687
2026-07,PDX,Portland International Airport,OR,6304,78.02,20.7,11.7,15.89,0.92
2026-07,HSV,Huntsville International Airport,AL,732,79.04,22.69,18.61,15.75,2.459
2026-07,AVP,Wilkes-Barre/Scranton International Airport,PA,150,74.15,25.17,22.8,15.56,2.0
2026-07,XNA,Northwest Arkansas National Airport,AR,1462,77.59,20.85,18.14,17.92,2.873
2026-07,LFT,Lafayette Regional Airport,LA,175,75.72,27.17,34.49,17.97,1.143
2026-07,MAF,Midland International Air and Space Port,TX,756,80.16,20.72,14.75,14.96,0.397
2026-07,TXK,Texarkana Regional Airport (Webb Field),AR,62,80.65,24.19,14.44,15.55,0.0
2026-07,SRQ,Sarasota Bradenton International Airport,FL,1185,72.79,26.63,25.19,14.11,1.772
2026-07,MSO,Missoula Montana Airport,MT,627,80.58,19.14,13.28,16.68,0.0
2026-07,AEX,Alexandria International Airport,LA,154,84.31,13.73,4.61,17.27,0.649
2026-07,PIA,General Wayne A. Downing Peoria International Airport,IL,472,76.25,23.75,24.85,16.39,2.754
2026-07,AVL,Asheville Regional Airport,NC,1020,73.31,28.43,24.51,15.64,2.745
2026-07,STL,St. Louis Lambert International Airport,MO,5725,71.48,33.59,20.59,12.03,1.764
2026-07,TYR,Tyler Pounds Regional Airport,TX,92,85.87,16.3,11.48,12.36,0.0
2026-07,PWM,Portland International Jetport,ME,1251,75.34,26.61,24.71,16.04,5.675
2026-07,MOB,Mobile Regional Airport,AL,171,75.15,28.82,19.13,14.41,0.585
2026-07,MHK,Manhattan Regional Airport,KS,123,83.47,14.88,8.75,15.09,1.626
2026-07,YUM,Yuma International Airport / Marine Corps Air Station Yuma,AZ,122,89.26,13.22,14.32,16.55,0.82
2026-07,EUG,Eugene Airport,OR,884,76.94,20.68,13.14,15.85,0.452
2026-07,TUS,Tucson International Airport,AZ,1398,80.58,20.36,10.1,15.81,0.215
2026-07,CRW,Yeager Airport,WV,202,62.03,41.49,36.7,23.1,6.931
2026-07,RIC,Richmond International Airport,VA,1696,71.05,31.52,24.72,16.13,4.599
2026-07,GEG,Spokane International Airport,WA,1779,78.35,20.37,12.06,14.94,0.675
2026-07,PSC,Tri Cities Airport,WA,505,82.33,12.57,4.84,17.39,0.792
2026-07,DLH,Duluth International Airport,MN,244,75.98,19.21,17.86,16.92,6.148
2026-07,LAS,Harry Reid International Airport,NV,14315,69.57,33.29,20.15,18.14,1.013
2026-07,LWS,Lewiston Nez Perce County Airport,ID,62,85.48,6.45,-1.95,19.97,0.0
2026-07,BGM,Greater Binghamton/Edwin A Link field,NY,31,83.87,19.35,10.13,14.71,0.0
2026-07,ELM,Elmira Corning Regional Airport,NY,132,75.0,27.27,24.48,15.66,0.0
2026-07,HLN,Helena Regional Airport,MT,123,86.89,13.01,7.19,16.14,0.0
2026-07,AZO,Kalamazoo/Battle Creek International Airport,MI,182,79.17,22.02,14.42,19.71,7.692
2026-07,TWF,Joslin Field Magic Valley Regional Airport,ID,85,94.12,3.53,-8.51,15.49,0.0
2026-07,PLN,Pellston Regional Airport of Emmet County Airport,MI,114,79.09,17.27,8.42,17.67,3.509
2026-07,FAY,Fayetteville Regional Airport - Grannis Field,NC,27,55.56,40.74,57.78,17.93,0.0
2026-07,CPR,Casper-Natrona County International Airport,WY,240,81.25,22.92,19.51,20.25,0.0
2026-07,DRO,Durango La Plata County Airport,CO,454,78.97,19.96,17.42,18.67,0.661
2026-07,GUC,Gunnison Crested Butte Regional Airport,CO,123,77.87,21.95,17.33,20.85,0.0
2026-07,GTR,Golden Triangle Regional Airport,MS,31,45.16,54.84,51.39,20.0,0.0
2026-07,ALO,Waterloo Regional Airport,IA,54,64.0,22.0,22.08,22.48,7.407
2026-07,LWB,Greenbrier Valley Airport,WV,62,68.97,29.31,23.88,21.88,6.452
2026-07,CMX,Houghton County Memorial Airport,MI,80,68.06,18.06,7.6,19.03,10.0
2026-07,LNS,Lancaster Airport,PA,54,70.59,23.53,16.82,20.55,5.556
2026-07,LYH,Lynchburg Regional Airport - Preston Glenn Field,VA,62,72.88,33.33,49.4,16.32,3.226
2026-07,LBF,North Platte Regional Airport Lee Bird Field,NE,53,71.7,24.53,40.15,15.55,0.0
2026-07,BFF,Western Neb. Rgnl/William B. Heilig Airport,NE,53,65.38,32.69,32.63,21.69,1.887
2026-07,FMN,Four Corners Regional Airport,NM,31,86.67,9.68,11.1,11.39,0.0
2026-07,DIK,Dickinson Theodore Roosevelt Regional Airport,ND,54,64.81,24.07,20.48,25.72,0.0
2026-07,PIB,Hattiesburg Laurel Regional Airport,MS,54,73.58,24.53,11.51,14.49,1.852
2026-07,RIW,Central Wyoming Regional Airport,WY,62,81.97,17.74,34.0,14.92,0.0
2026-07,HEZ,Natchez–Adams County Airport / Hardy-Anders Field,MS,31,76.67,20.0,25.67,17.83,3.226
2026-07,CHO,Charlottesville Albemarle Airport,VA,154,78.23,19.59,32.01,18.7,3.896
2026-07,EAR,Kearney Regional Airport,NE,84,81.93,15.48,24.32,19.0,0.0
2026-07,MCO,Orlando International Airport,FL,13136,68.23,34.78,26.22,19.55,2.413
2026-07,FLL,Fort Lauderdale Hollywood International Airport,FL,7161,62.76,37.03,26.46,19.18,3.938
2026-07,EWR,Newark Liberty International Airport,NJ,10116,71.19,26.88,26.95,28.5,8.205
2026-07,STX,Henry E. Rohlsen Airport,VI,100,71.72,25.0,41.82,13.19,0.0
2025-08,DAL,Dallas Love Field,TX,5730,75.51,27.16,15.63,13.97,0.541
2025-08,GUF,Jack Edwards National Airport,AL,40,85.0,15.0,-1.18,12.75,0.0
2025-08,HOU,William P. Hobby Airport,TX,4640,78.16,23.45,12.02,13.44,0.366
2025-08,HTS,Tri-State Airport / Milton J. Ferguson Field,WV,81,69.14,27.16,27.02,10.65,0.0
2025-08,MOT,Minot International Airport,ND,260,75.49,19.77,17.18,18.96,0.769
2025-08,BIS,Bismarck Municipal Airport,ND,401,79.09,19.7,14.47,17.64,0.0
2025-08,EVV,Evansville Regional Airport,IN,178,76.16,17.92,6.16,17.09,2.809
2025-08,GRI,Central Nebraska Regional Airport,NE,80,85.0,12.5,14.21,15.65,0.0
2025-08,PBG,Plattsburgh International Airport,NY,34,55.88,29.41,10.91,19.71,0.0
2025-08,SMX,Santa Maria Public Airport Captain G Allan Hancock Field,CA,9,88.89,11.11,5.67,17.0,0.0
2025-08,TOL,Eugene F. Kranz Toledo Express Airport,OH,18,61.11,33.33,57.44,10.78,0.0
2025-08,LSE,La Crosse Regional Airport,WI,83,79.01,22.22,6.81,9.99,2.41
2025-08,RST,Rochester International Airport,MN,100,66.67,29.17,18.22,17.86,4.0
2025-08,TYR,Tyler Pounds Regional Airport,TX,93,73.91,20.65,19.03,13.51,1.075
2025-08,CLD,McClellan-Palomar Airport,CA,61,88.52,11.48,3.74,13.13,0.0
2025-08,FAY,Fayetteville Regional Airport - Grannis Field,NC,38,84.21,13.16,5.5,15.95,0.0
2025-09,ACY,Atlantic City International Airport,NJ,282,88.97,10.28,-0.99,11.35,0.0
2025-09,LBE,Arnold Palmer Regional Airport,PA,46,93.48,10.87,-4.07,10.85,0.0
2025-09,CHO,Charlottesville Albemarle Airport,VA,114,77.68,18.42,12.85,18.65,0.0
2025-09,SCE,State College Regional Airport,PA,53,73.08,22.64,10.17,15.96,0.0
2025-09,RDD,Redding Municipal Airport,CA,129,83.72,10.08,3.64,17.7,0.0
2025-09,BGM,Greater Binghamton/Edwin A Link field,NY,30,93.33,13.33,1.7,15.63,0.0
2025-09,CIU,Chippewa County International Airport,MI,88,80.68,19.32,5.3,18.06,0.0
2025-09,ABR,Aberdeen Regional Airport,SD,60,91.67,8.33,5.73,12.18,0.0
2025-09,APN,Alpena County Regional Airport,MI,53,100.0,0.0,-12.0,13.47,0.0
2025-09,BJI,Bemidji Regional Airport,MN,60,85.0,8.33,5.45,16.85,0.0
2025-09,ATY,Watertown Regional Airport,SD,60,83.33,13.33,2.98,12.98,0.0
2025-09,BTM,Bert Mooney Airport,MT,60,93.33,6.67,7.03,12.8,0.0
2025-09,GUC,Gunnison Crested Butte Regional Airport,CO,90,80.0,15.56,6.21,29.16,0.0
2025-09,GTR,Golden Triangle Regional Airport,MS,30,73.33,20.0,49.53,15.43,0.0
2025-09,MHK,Manhattan Regional Airport,KS,120,89.74,11.02,8.22,13.56,1.667
2025-09,FLG,Flagstaff Pulliam Airport,AZ,139,83.21,17.52,13.11,17.36,1.439
2025-09,AEX,Alexandria International Airport,LA,90,79.55,15.91,14.44,16.97,2.222
2025-09,BPT,Jack Brooks Regional Airport,TX,58,87.72,8.77,1.86,16.91,1.724
2025-09,COD,Yellowstone Regional Airport,WY,88,62.07,23.86,20.48,25.47,0.0
2025-09,DVL,Devils Lake Regional Airport,ND,51,74.51,25.49,21.47,18.49,0.0
2025-09,RIW,Central Wyoming Regional Airport,WY,60,98.31,1.67,-5.77,13.37,0.0
2025-09,BFF,Western Neb. Rgnl/William B. Heilig Airport,NE,51,78.43,17.65,30.73,18.08,0.0
2025-09,PIR,Pierre Regional Airport,SD,51,77.55,20.41,20.51,17.14,3.922
2025-09,GCC,Northeast Wyoming Regional Airport,WY,60,91.67,6.67,0.48,18.23,0.0
2025-09,LBF,North Platte Regional Airport Lee Bird Field,NE,51,86.27,9.8,8.57,17.39,0.0
2025-09,EAU,Chippewa Valley Regional Airport,WI,50,87.76,10.2,0.86,16.71,2.0
2025-09,OTH,Southwest Oregon Regional Airport,OR,60,91.53,10.0,8.68,16.13,0.0
2025-10,CHO,Charlottesville Albemarle Airport,VA,181,82.22,15.56,5.96,15.71,0.552
2025-10,DAB,Daytona Beach International Airport,FL,248,91.13,9.68,0.6,15.38,0.0
2025-10,MOB,Mobile Regional Airport,AL,213,86.54,10.0,-1.04,15.63,1.408
2025-10,BIS,Bismarck Municipal Airport,ND,334,85.63,15.57,7.79,16.38,0.0
2025-10,AGS,Augusta Regional At Bush Field,GA,146,80.28,17.36,7.17,17.63,1.37
2025-11,ERI,Erie International Tom Ridge Field,PA,26,80.0,23.08,10.35,14.27,0.0
2025-11,SWO,Stillwater Regional Airport,OK,59,67.86,28.57,34.11,23.55,5.085
2025-11,CIU,Chippewa County International Airport,MI,58,82.76,12.07,16.64,28.02,0.0
2025-11,ABR,Aberdeen Regional Airport,SD,73,92.86,5.71,6.76,14.36,4.11
2025-11,BJI,Bemidji Regional Airport,MN,59,91.53,10.17,3.54,16.05,0.0
2025-11,IMT,Ford Airport,MI,58,78.57,25.0,23.52,15.2,3.448
2025-11,ATY,Watertown Regional Airport,SD,60,86.67,8.33,11.88,24.77,0.0
2025-11,BTM,Bert Mooney Airport,MT,59,96.55,0.0,-12.67,18.34,1.695
2025-11,CPR,Casper-Natrona County International Airport,WY,207,91.18,5.88,-2.97,25.52,1.449
2025-11,SJT,San Angelo Regional Mathis Field,TX,87,79.01,15.85,10.78,19.43,5.747
2025-11,CMX,Houghton County Memorial Airport,MI,59,81.48,18.52,26.3,21.54,8.475
2025-11,BFF,Western Neb. Rgnl/William B. Heilig Airport,NE,51,92.0,4.0,0.64,18.62,1.961
2025-11,VCT,Victoria Regional Airport,TX,55,81.82,16.36,5.02,18.91,0.0
2025-11,DEC,Decatur Airport,IL,50,63.83,23.4,17.55,17.96,6.0
2025-11,PRC,Prescott Regional Airport - Ernest A. Love Field,AZ,88,90.91,5.68,-0.97,19.34,0.0
2025-11,DIK,Dickinson Theodore Roosevelt Regional Airport,ND,59,81.03,15.52,4.05,31.5,1.695
2025-11,LAR,Laramie Regional Airport,WY,50,89.8,8.16,2.29,20.12,2.0
2025-11,MCW,Mason City Municipal Airport,IA,50,65.96,17.02,6.43,18.94,6.0
2025-11,RDD,Redding Municipal Airport,CA,149,80.42,14.69,15.69,20.1,4.027
2025-11,SCC,Deadhorse Airport,AK,37,94.59,8.11,-11.73,12.27,0.0
2025-11,JNU,Juneau International Airport,AK,321,87.03,12.03,-3.98,15.83,1.558
2025-12,FAY,Fayetteville Regional Airport - Grannis Field,NC,17,70.59,35.29,15.0,22.35,0.0
2025-12,ERI,Erie International Tom Ridge Field,PA,13,76.92,30.77,23.54,20.23,0.0
2025-12,TTN,Trenton Mercer Airport,NJ,55,76.92,17.31,20.62,22.81,5.455
2025-12,BET,Bethel Airport,AK,60,54.55,41.82,18.58,12.49,8.333
2025-12,JNU,Juneau International Airport,AK,327,67.69,29.87,15.21,23.13,5.81
2025-12,SCC,Deadhorse Airport,AK,44,90.7,16.28,-0.58,11.6,2.273
2026-01,MRY,Monterey Regional Airport,CA,338,87.13,11.08,6.38,16.19,1.183
2026-01,ANC,Ted Stevens Anchorage International Airport,AK,1339,75.06,23.89,16.94,21.89,3.734
2026-01,SIT,Sitka Rocky Gutierrez Airport,AK,92,79.49,23.26,13.33,11.67,6.522
2026-01,FAI,Fairbanks International Airport,AK,355,77.68,18.26,6.97,17.87,2.817
2026-01,RDM,Roberts Field,OR,487,83.65,16.77,14.88,21.36,2.053
2026-01,PSC,Tri Cities Airport,WA,518,85.02,14.34,12.74,22.24,0.386
2026-01,WRG,Wrangell Airport,AK,60,79.59,29.63,16.56,5.22,10.0
2026-01,PSG,Petersburg James A Johnson Airport,AK,60,84.0,19.23,14.08,10.37,13.333
2026-01,OME,Nome Airport,AK,30,73.91,39.13,32.87,5.43,23.333
2026-01,ADK,Adak Airport,AK,9,100.0,12.5,-14.0,6.25,11.111
2026-01,PPG,Pago Pago International Airport,TT,14,84.62,15.38,-0.15,11.46,7.143
2026-01,BQN,Rafael Hernández International Airport,PR,174,75.32,27.67,12.64,13.15,8.621
2026-02,JFK,John F. Kennedy International Airport,NY,7458,75.17,23.31,15.81,25.27,8.756
2026-02,SWF,New York Stewart International Airport,NY,49,82.22,24.44,30.0,14.62,8.163
2026-02,BLV,Scott AFB/Midamerica Airport,IL,85,72.94,25.88,16.81,11.74,0.0
2026-02,LCK,Rickenbacker International Airport,OH,59,71.19,28.81,47.69,17.88,0.0
2026-02,RFD,Chicago Rockford International Airport,IL,70,72.86,31.43,25.01,12.93,0.0
2026-02,BMI,Central Illinois Regional Airport at Bloomington-Normal,IL,149,89.26,10.07,-0.3,15.78,0.0
2026-02,ACY,Atlantic City International Airport,NJ,233,75.63,26.77,18.82,12.93,15.021
2026-02,HTS,Tri-State Airport / Milton J. Ferguson Field,WV,24,58.33,50.0,63.5,13.79,0.0
2026-02,HGR,Hagerstown Regional Richard A Henson Field,MD,16,75.0,43.75,17.31,13.0,0.0
2026-02,MLU,Monroe Regional Airport,LA,66,98.46,3.08,-4.18,14.34,1.515
2026-02,TXK,Texarkana Regional Airport (Webb Field),AR,52,90.38,9.62,-0.9,15.12,0.0
2026-02,GGG,East Texas Regional Airport,TX,56,80.36,21.43,20.59,13.88,0.0
2026-02,HHH,Hilton Head Airport,SC,90,84.88,17.44,1.63,16.84,4.444
2026-03,GGG,East Texas Regional Airport,TX,62,83.87,14.52,10.34,13.31,0.0
2026-03,ALO,Waterloo Regional Airport,IA,53,69.39,30.0,50.2,19.16,5.66
2026-03,CRW,Yeager Airport,WV,193,69.49,28.65,16.97,24.1,7.772
2026-03,RHI,Rhinelander Oneida County Airport,WI,62,84.75,13.56,12.75,16.58,4.839
2026-03,EKO,Elko Regional Airport,NV,49,97.96,2.04,-12.86,13.71,0.0
2026-03,GUC,Gunnison Crested Butte Regional Airport,CO,164,86.84,13.16,12.93,24.52,7.317
2026-03,CYS,Cheyenne Regional Jerry Olson Field,WY,62,81.36,22.03,16.75,20.0,4.839
2026-03,LAF,Purdue University Airport,IN,49,65.22,25.53,39.19,18.66,4.082
2026-03,MGW,Morgantown Municipal Airport Walter L. (Bill) Hart Field,WV,62,80.7,22.81,49.07,19.23,8.065
2026-03,VCT,Victoria Regional Airport,TX,62,74.14,25.86,59.4,12.59,6.452
2026-03,DIK,Dickinson Theodore Roosevelt Regional Airport,ND,62,80.7,10.53,17.49,27.96,8.065
2026-03,PRC,Prescott Regional Airport - Ernest A. Love Field,AZ,93,86.67,11.11,3.32,20.87,3.226
2026-03,SUX,Sioux Gateway Airport / Brigadier General Bud Day Field,IA,93,77.27,18.18,12.45,18.0,5.376
2026-03,SHR,Sheridan County Airport,WY,62,79.03,19.35,21.21,26.1,0.0
2026-03,JMS,Jamestown Regional Airport,ND,53,84.62,13.46,7.31,20.58,1.887
2026-03,RKS,Southwest Wyoming Regional Airport,WY,62,77.05,22.95,31.95,24.28,1.613
2026-03,EAU,Chippewa Valley Regional Airport,WI,53,65.91,31.82,50.23,22.32,16.981
2026-03,MCW,Mason City Municipal Airport,IA,53,69.57,23.91,24.22,13.85,13.208
2026-03,GCC,Northeast Wyoming Regional Airport,WY,89,88.24,9.41,2.44,22.19,4.494
2026-03,OTH,Southwest Oregon Regional Airport,OR,19,89.47,15.79,6.79,16.58,0.0
2026-03,PAH,Barkley Regional Airport,KY,63,59.68,50.0,76.6,13.82,1.587
2026-03,PIH,Pocatello Regional Airport,ID,31,93.55,6.45,1.06,14.42,0.0
2026-03,ABR,Aberdeen Regional Airport,SD,62,88.33,13.33,7.62,15.95,3.226
2026-03,GUM,Antonio B. Won Pat International Airport,TT,62,83.87,19.35,11.02,16.31,0.0
2026-04,GTF,Great Falls International Airport,MT,167,88.62,8.38,-3.05,16.25,0.0
2026-04,RDM,Roberts Field,OR,591,84.73,14.46,3.93,18.72,0.508
2026-04,GUM,Antonio B. Won Pat International Airport,TT,60,82.0,20.0,9.22,17.02,16.667
2026-05,STX,Henry E. Rohlsen Airport,VI,103,83.5,17.48,9.09,13.61,0.0
2026-05,YAK,Yakutat Airport,AK,62,89.83,16.95,1.05,4.63,4.839
2026-05,SIT,Sitka Rocky Gutierrez Airport,AK,131,93.7,7.69,-3.54,8.94,0.763
2026-05,ADQ,Kodiak Airport,AK,81,88.89,13.58,6.72,5.69,0.0
2026-05,MVY,Martha's Vineyard Airport,MA,33,75.76,12.12,1.39,19.58,0.0
2026-05,ACK,Nantucket Memorial Airport,MA,59,71.19,22.03,8.05,20.69,0.0
2026-06,MVY,Martha's Vineyard Airport,MA,179,72.0,23.86,19.68,19.95,1.676
2026-06,ROA,Roanoke–Blacksburg Regional Airport,VA,213,71.29,28.92,26.05,20.93,4.225
2026-06,GRB,Austin Straubel International Airport,WI,399,84.36,12.31,11.08,15.18,2.256
2026-07,FAI,Fairbanks International Airport,AK,437,79.49,23.27,17.77,11.67,0.686
2026-07,GUM,Antonio B. Won Pat International Airport,TT,62,85.71,12.5,20.79,16.8,9.677
2026-07,SPN,Saipan International Airport,TT,31,64.29,32.14,10.68,13.93,9.677
2026-07,EGE,Eagle County Regional Airport,CO,201,76.88,28.64,33.97,19.12,0.995
2025-08,HLN,Helena Regional Airport,MT,155,76.16,22.22,19.32,18.39,1.29
2025-08,BPT,Jack Brooks Regional Airport,TX,62,86.89,13.11,14.41,16.33,1.613
2025-08,SPS,Wichita Falls Municipal Airport / Sheppard Air Force Base,TX,62,82.26,20.97,8.68,18.56,0.0
2025-08,MBS,MBS International Airport,MI,211,80.29,16.35,11.28,16.11,1.422
2025-08,ABY,Southwest Georgia Regional Airport,GA,87,72.09,27.91,18.33,19.07,1.149
2025-08,HIB,Range Regional Airport,MN,54,85.19,12.96,5.8,18.89,0.0
2025-08,ESC,Delta County Airport,MI,52,98.08,1.92,-8.6,13.79,0.0
2025-08,BTM,Bert Mooney Airport,MT,62,85.48,14.52,9.5,14.23,0.0
2025-08,CMX,Houghton County Memorial Airport,MI,84,72.84,18.52,12.78,16.85,3.571
2025-08,DDC,Dodge City Regional Airport,KS,53,68.63,23.08,12.29,17.23,1.887
2025-08,JLN,Joplin Regional Airport,MO,62,65.52,33.33,35.6,18.23,3.226
2025-08,CYS,Cheyenne Regional Jerry Olson Field,WY,62,80.0,19.67,19.93,21.21,1.613
2025-08,LAR,Laramie Regional Airport,WY,53,56.6,39.62,58.38,21.72,0.0
2025-08,COD,Yellowstone Regional Airport,WY,123,65.55,28.1,17.66,22.27,1.626
2025-08,EAR,Kearney Regional Airport,NE,54,86.54,12.96,10.8,19.33,0.0
2025-08,HYS,Hays Regional Airport,KS,53,68.63,25.49,33.96,12.31,3.774
2025-08,DIK,Dickinson Theodore Roosevelt Regional Airport,ND,57,70.37,19.64,34.95,25.86,1.754
2025-08,PIR,Pierre Regional Airport,SD,53,69.23,25.0,26.9,15.65,1.887
2025-08,SCE,State College Regional Airport,PA,36,72.22,16.67,17.64,14.19,0.0
2025-10,ORH,Worcester Regional Airport,MA,54,88.68,9.43,-2.21,12.08,1.852
2025-10,PQI,Presque Isle International Airport,ME,31,96.77,9.68,-0.32,12.35,0.0
2025-10,STX,Henry E. Rohlsen Airport,VI,68,69.12,35.29,34.19,13.22,0.0
2025-10,PIA,General Wayne A. Downing Peoria International Airport,IL,483,80.17,16.01,7.11,16.47,0.414
2025-10,LFT,Lafayette Regional Airport,LA,238,83.62,14.16,4.68,16.59,2.101
2025-10,FWA,Fort Wayne International Airport,IN,604,72.88,20.2,14.71,18.75,0.0
2025-10,OAJ,Albert J Ellis Airport,NC,31,96.77,3.23,-1.06,20.84,0.0
2025-10,LAN,Capital Region International Airport,MI,177,88.14,10.73,-0.13,15.37,0.0
2025-10,BLI,Bellingham International Airport,WA,202,86.5,14.0,4.06,15.44,0.99
2025-10,MRY,Monterey Regional Airport,CA,414,83.25,14.32,8.83,19.27,0.483
2025-10,LWS,Lewiston Nez Perce County Airport,ID,62,95.16,4.84,-1.82,16.65,0.0
2025-10,SUN,Friedman Memorial Airport,ID,170,90.0,7.06,-2.21,18.98,0.0
2025-10,HLN,Helena Regional Airport,MT,149,87.84,10.74,7.89,20.97,0.0
2025-10,SGU,St George Regional Airport,UT,448,87.02,11.61,2.55,19.54,0.0
2025-10,ABR,Aberdeen Regional Airport,SD,77,97.4,2.6,-2.62,9.79,0.0
2025-10,INL,Falls International Airport,MN,53,92.45,7.55,-3.98,11.02,0.0
2025-10,XWA,Williston Basin International Airport,ND,209,85.65,8.13,1.6,22.24,0.0
2025-10,ATY,Watertown Regional Airport,SD,62,87.1,12.9,31.19,14.58,0.0
2025-10,EKO,Elko Regional Airport,NV,49,100.0,0.0,-11.47,16.0,0.0
2025-10,BTM,Bert Mooney Airport,MT,62,91.94,3.23,-8.21,17.1,0.0
2025-10,LNK,Lincoln Airport,NE,272,82.29,16.18,3.28,21.1,0.0
2025-10,ACV,California Redwood Coast-Humboldt County Airport,CA,184,76.09,13.04,18.18,21.47,0.0
2025-10,AEX,Alexandria International Airport,LA,92,80.0,17.78,8.7,14.19,2.174
2025-10,SPS,Wichita Falls Municipal Airport / Sheppard Air Force Base,TX,62,80.65,16.13,21.15,20.66,0.0
2025-10,SWO,Stillwater Regional Airport,OK,62,87.1,12.9,-0.27,15.29,0.0
2025-10,LBL,Liberal Mid-America Regional Airport,KS,54,87.04,11.11,-2.11,15.37,0.0
2025-10,MEI,Key Field / Meridian Regional Airport,MS,54,92.59,3.7,-7.65,15.56,0.0
2025-10,LAF,Purdue University Airport,IN,49,85.71,16.33,16.53,17.84,0.0
2025-10,LBF,North Platte Regional Airport Lee Bird Field,NE,53,75.47,7.55,-2.94,23.13,0.0
2025-10,COD,Yellowstone Regional Airport,WY,62,75.81,14.52,27.48,25.1,0.0
2025-10,PIB,Hattiesburg Laurel Regional Airport,MS,54,83.33,16.67,11.78,13.31,0.0
2025-10,LAR,Laramie Regional Airport,WY,54,70.37,11.11,0.61,26.24,0.0
2025-10,RIW,Central Wyoming Regional Airport,WY,62,77.42,22.58,37.35,15.87,0.0
2025-10,ROW,Roswell Air Center Airport,NM,62,88.71,11.29,16.61,14.92,0.0
2025-10,ACT,Waco Regional Airport,TX,92,81.32,19.78,14.86,15.53,1.087
2025-10,BIH,Eastern Sierra Regional Airport,CA,4,50.0,25.0,16.25,11.75,0.0
2025-10,CLL,Easterwood Field,TX,125,84.55,14.63,8.91,13.65,1.6
2025-10,SMX,Santa Maria Public Airport Captain G Allan Hancock Field,CA,40,90.0,15.0,5.28,14.5,0.0
2025-10,GUF,Jack Edwards National Airport,AL,45,93.33,8.89,-6.16,10.87,0.0
2025-10,LRD,Laredo International Airport,TX,132,81.54,12.21,5.21,14.68,0.758
2025-10,PBG,Plattsburgh International Airport,NY,27,74.07,18.52,6.41,13.04,0.0
2025-10,GCK,Garden City Regional Airport,KS,62,81.97,14.52,14.02,13.69,0.0
2025-10,FSM,Fort Smith Regional Airport,AR,97,82.98,11.58,1.57,17.73,2.062
2025-10,LSE,La Crosse Regional Airport,WI,90,82.95,15.91,5.69,11.25,2.222
2025-10,GGG,East Texas Regional Airport,TX,62,85.25,14.52,16.27,13.85,0.0
2025-10,MLU,Monroe Regional Airport,LA,92,85.39,13.48,9.97,15.22,3.261
2025-10,CLD,McClellan-Palomar Airport,CA,62,86.89,12.9,3.55,14.95,0.0
2025-10,ALO,Waterloo Regional Airport,IA,61,70.49,9.84,4.26,19.56,0.0
2025-10,TXK,Texarkana Regional Airport (Webb Field),AR,62,80.0,8.2,-1.7,18.85,1.613
2025-11,PQI,Presque Isle International Airport,ME,30,100.0,0.0,-4.33,18.17,0.0
2025-12,MLU,Monroe Regional Airport,LA,91,80.22,14.29,4.41,16.05,0.0
2025-12,TXK,Texarkana Regional Airport (Webb Field),AR,60,78.33,20.0,15.58,17.77,0.0
2025-12,ALO,Waterloo Regional Airport,IA,56,58.82,35.29,24.18,23.65,8.929
2025-12,AEX,Alexandria International Airport,LA,91,78.89,22.22,9.24,16.01,1.099
2025-12,SPS,Wichita Falls Municipal Airport / Sheppard Air Force Base,TX,62,80.65,8.06,19.81,17.73,0.0
2025-12,SPN,Saipan International Airport,TT,31,93.55,9.68,1.42,10.97,0.0
2026-01,ROA,Roanoke–Blacksburg Regional Airport,VA,129,84.17,19.17,12.39,18.27,6.977
2026-01,SCE,State College Regional Airport,PA,39,73.68,18.42,1.21,25.13,2.564
2026-01,AGS,Augusta Regional At Bush Field,GA,161,84.25,15.75,7.34,16.62,9.317
2026-01,CRW,Yeager Airport,WV,273,64.41,32.49,41.69,28.02,13.187
2026-01,GPT,Gulfport Biloxi International Airport,MS,235,85.05,17.67,16.05,15.25,8.511
2026-01,DAY,James M. Cox Dayton International Airport,OH,630,77.2,22.85,23.33,21.07,7.619
2026-01,LFT,Lafayette Regional Airport,LA,259,84.12,17.09,18.08,18.74,9.653
2026-01,EWN,Coastal Carolina Regional Airport,NC,5,60.0,40.0,85.8,12.0,0.0
2026-01,LAW,Lawton Fort Sill Regional Airport,OK,93,82.05,12.82,6.51,16.22,16.129
2026-01,IDA,Idaho Falls Regional Airport,ID,327,83.13,15.34,20.42,23.1,0.306
2026-01,BLI,Bellingham International Airport,WA,163,87.18,10.26,6.19,18.86,4.294
2026-01,ASE,Aspen-Pitkin County Airport (Sardy Field),CO,1037,72.26,31.67,32.03,23.16,8.968
2026-01,LWS,Lewiston Nez Perce County Airport,ID,62,91.8,11.48,2.62,19.0,1.613
2026-01,INL,Falls International Airport,MN,53,75.47,24.53,36.51,17.25,0.0
2026-01,IMT,Ford Airport,MI,62,62.71,45.76,91.73,22.68,4.839
2026-01,CDC,Cedar City Regional Airport,UT,53,96.23,3.77,-2.74,16.19,0.0
2026-01,EKO,Elko Regional Airport,NV,49,87.5,10.42,-1.79,19.71,2.041
2026-01,CPR,Casper-Natrona County International Airport,WY,217,85.51,9.81,9.54,23.86,1.382
2026-01,GTR,Golden Triangle Regional Airport,MS,31,85.71,14.29,-2.96,15.04,9.677
2026-01,SJT,San Angelo Regional Mathis Field,TX,92,81.25,13.75,7.38,15.8,13.043
2026-01,SAF,Santa Fe Municipal Airport,NM,363,78.86,18.29,9.49,22.72,3.581
2026-01,FLG,Flagstaff Pulliam Airport,AZ,115,77.48,20.72,26.14,23.94,3.478
2026-01,BPT,Jack Brooks Regional Airport,TX,61,92.98,12.28,3.09,15.05,6.557
2026-01,MCW,Mason City Municipal Airport,IA,53,65.31,32.65,28.22,14.22,7.547
2026-01,GCC,Northeast Wyoming Regional Airport,WY,62,79.03,20.97,18.1,24.87,0.0
2026-01,RKS,Southwest Wyoming Regional Airport,WY,62,82.26,24.19,49.74,22.69,0.0
2026-01,DEC,Decatur Airport,IL,53,60.0,28.0,41.72,19.6,5.66
2026-01,PRC,Prescott Regional Airport - Ernest A. Love Field,AZ,93,82.61,14.13,10.4,18.84,1.075
2026-01,BIH,Eastern Sierra Regional Airport,CA,68,88.06,13.43,5.39,15.46,1.471
2026-01,GCK,Garden City Regional Airport,KS,62,77.59,20.69,24.64,25.47,6.452
2026-02,BRW,Wiley Post Will Rogers Memorial Airport,AK,28,81.48,37.04,39.52,5.96,3.571
2026-02,PSG,Petersburg James A Johnson Airport,AK,56,84.62,13.21,-1.23,9.66,5.357
2026-02,ADK,Adak Airport,AK,8,100.0,12.5,-21.0,6.0,0.0
2026-04,ABI,Abilene Regional Airport,TX,236,87.23,15.32,10.19,13.45,0.424
2026-04,ACT,Waco Regional Airport,TX,89,94.12,3.45,-0.91,12.62,2.247
2026-04,BRO,Brownsville South Padre Island International Airport,TX,119,82.2,13.56,10.65,12.59,0.84
2026-04,LAN,Capital Region International Airport,MI,171,79.27,22.56,27.95,17.55,4.094
2026-04,MLU,Monroe Regional Airport,LA,103,87.0,13.86,8.0,15.99,1.942
2026-04,ROW,Roswell Air Center Airport,NM,120,77.31,25.83,31.53,14.12,0.0
2026-04,PIA,General Wayne A. Downing Peoria International Airport,IL,551,72.74,22.48,22.15,17.74,4.719
2026-04,GRK,Killeen Regional Airport / Robert Gray Army Airfield,TX,164,82.91,16.35,8.47,18.52,3.049
2026-04,MQT,Marquette Sawyer Regional Airport,MI,128,76.72,22.41,24.52,18.33,9.375
2026-04,SPS,Wichita Falls Municipal Airport / Sheppard Air Force Base,TX,60,85.0,15.0,8.33,17.6,0.0
2026-04,BTR,Baton Rouge Metropolitan Airport,LA,443,80.69,18.12,20.21,15.58,1.58
2026-04,EWN,Coastal Carolina Regional Airport,NC,23,82.61,13.04,5.35,15.96,0.0
2026-04,SWO,Stillwater Regional Airport,OK,60,77.19,21.05,17.39,18.42,5.0
2026-04,SHV,Shreveport Regional Airport,LA,454,81.84,17.94,15.15,16.18,1.762
2026-04,MRY,Monterey Regional Airport,CA,443,78.51,19.91,6.47,20.54,0.226
2026-04,ASE,Aspen-Pitkin County Airport (Sardy Field),CO,481,79.05,21.2,10.96,20.45,2.911
2026-04,BIS,Bismarck Municipal Airport,ND,336,78.51,13.39,9.53,21.18,0.0
2026-04,CIU,Chippewa County International Airport,MI,56,76.0,28.0,51.78,19.68,10.714
2026-04,ESC,Delta County Airport,MI,52,90.24,7.32,8.61,17.71,21.154
2026-04,BTM,Bert Mooney Airport,MT,60,84.75,16.95,-0.47,16.34,1.667
2026-04,CDC,Cedar City Regional Airport,UT,51,90.2,3.92,-4.04,19.75,0.0
2026-04,ACV,California Redwood Coast-Humboldt County Airport,CA,194,63.16,28.42,18.25,21.84,2.062
2026-04,GUC,Gunnison Crested Butte Regional Airport,CO,77,94.81,5.19,-5.49,25.31,0.0
2026-04,GRI,Central Nebraska Regional Airport,NE,73,78.57,17.14,9.79,16.7,4.11
2026-04,SMX,Santa Maria Public Airport Captain G Allan Hancock Field,CA,69,89.86,10.14,5.48,11.25,0.0
2026-04,YUM,Yuma International Airport / Marine Corps Air Station Yuma,AZ,146,87.67,13.7,17.38,18.42,0.0
2026-04,PVU,Provo Municipal Airport,UT,225,81.61,15.7,13.91,17.99,0.889
2026-04,BPT,Jack Brooks Regional Airport,TX,60,83.05,15.25,12.53,17.49,1.667
2026-04,DVL,Devils Lake Regional Airport,ND,52,75.0,21.15,12.5,21.19,0.0
2026-04,CMX,Houghton County Memorial Airport,MI,60,66.04,30.19,73.28,18.68,11.667
2026-04,PAH,Barkley Regional Airport,KY,52,78.85,15.38,31.44,14.5,0.0
2026-04,LBF,North Platte Regional Airport Lee Bird Field,NE,51,78.43,19.61,10.02,23.71,0.0
2026-04,JMS,Jamestown Regional Airport,ND,52,82.0,14.0,5.5,17.68,3.846
2026-04,HYS,Hays Regional Airport,KS,52,88.46,11.54,19.92,14.79,0.0
2026-04,RKS,Southwest Wyoming Regional Airport,WY,60,83.33,13.33,12.65,20.47,0.0
2026-04,MGW,Morgantown Municipal Airport Walter L. (Bill) Hart Field,WV,52,82.0,16.0,9.32,18.74,3.846
2026-04,HOB,Lea County Regional Airport,NM,60,80.0,23.33,18.87,15.5,0.0
2026-04,SAF,Santa Fe Municipal Airport,NM,385,81.63,19.37,13.2,19.04,0.779
2026-04,FAI,Fairbanks International Airport,AK,319,93.4,5.03,-3.38,12.39,0.313
2026-05,FAY,Fayetteville Regional Airport - Grannis Field,NC,17,62.5,50.0,28.5,17.81,5.882
2026-05,WYS,Yellowstone Airport,MT,47,76.09,26.09,39.74,16.39,2.128
2026-06,BTR,Baton Rouge Metropolitan Airport,LA,380,79.39,23.14,16.83,15.1,4.474
2026-06,BIS,Bismarck Municipal Airport,ND,335,83.23,15.71,15.66,15.7,1.194
2026-06,SGF,Springfield Branson National Airport,MO,830,73.79,26.83,24.29,16.19,3.012
2026-06,GPT,Gulfport Biloxi International Airport,MS,234,88.24,13.0,3.25,14.31,4.701
2026-06,PSE,Mercedita International Airport,PR,61,95.0,6.56,-3.57,12.59,0.0
2026-06,PIA,General Wayne A. Downing Peoria International Airport,IL,466,75.84,24.11,20.21,16.82,3.863
2026-06,PIE,St. Petersburg Clearwater International Airport,FL,926,75.57,22.48,13.53,14.35,0.54
2026-06,PGD,Punta Gorda Airport,FL,555,72.5,27.17,22.42,12.31,0.541
2026-06,AZA,Mesa Gateway Airport,AZ,503,81.76,17.37,8.53,14.84,0.398
2026-06,CAK,Akron Canton Regional Airport,OH,499,71.67,26.25,23.37,17.03,3.808
2026-06,USA,Concord-Padgett Regional Airport,NC,60,50.85,40.0,41.85,15.07,0.0
2026-06,FWA,Fort Wayne International Airport,IN,532,78.47,20.66,15.09,18.46,3.571
2026-06,FNT,Bishop International Airport,MI,221,72.56,25.12,21.43,15.52,2.715
2026-06,EVV,Evansville Regional Airport,IN,180,78.7,25.29,20.57,15.51,5.556
2026-06,ELM,Elmira Corning Regional Airport,NY,119,78.15,23.53,20.49,16.07,0.0
2026-06,COU,Columbia Regional Airport,MO,360,79.89,20.63,19.2,16.03,3.056
2026-06,BMI,Central Illinois Regional Airport at Bloomington-Normal,IL,144,74.82,23.4,18.18,15.32,2.083
2026-06,STC,Saint Cloud Regional Airport,MN,8,100.0,0.0,-0.5,8.38,0.0
2026-06,AVP,Wilkes-Barre/Scranton International Airport,PA,146,75.0,24.29,16.76,15.49,4.11
2026-06,LAW,Lawton Fort Sill Regional Airport,OK,89,87.06,18.82,13.01,15.25,4.494
2026-06,LAN,Capital Region International Airport,MI,140,81.62,14.71,15.97,17.71,2.857
2026-06,PSG,Petersburg James A Johnson Airport,AK,60,98.33,3.33,-5.52,7.98,0.0
2026-06,OTZ,Ralph Wien Memorial Airport,AK,30,79.31,24.14,11.45,6.28,3.333
2026-06,ADK,Adak Airport,AK,8,87.5,12.5,-6.5,8.5,0.0
2025-10,BET,Bethel Airport,AK,62,74.58,27.12,11.56,11.78,4.839
2025-10,SCC,Deadhorse Airport,AK,45,83.72,9.3,-0.12,12.93,4.444
2025-10,WRG,Wrangell Airport,AK,62,90.0,10.0,-4.83,7.28,3.226
2025-10,PSG,Petersburg James A Johnson Airport,AK,62,95.0,3.33,-9.2,11.18,3.226
2025-10,OTZ,Ralph Wien Memorial Airport,AK,31,92.86,3.57,-9.25,11.43,9.677
2025-10,AKN,King Salmon Airport,AK,3,100.0,0.0,-6.33,5.0,0.0
2025-10,OME,Nome Airport,AK,31,77.42,19.35,10.35,9.39,0.0
2025-10,ACK,Nantucket Memorial Airport,MA,71,73.53,30.88,20.94,18.38,4.225
2025-10,HYA,Cape Cod Gateway Airport,MA,14,85.71,21.43,5.64,12.93,0.0
2025-12,PGD,Punta Gorda Airport,FL,817,71.6,26.08,13.26,12.05,0.49
2025-12,GUF,Jack Edwards National Airport,AL,44,68.29,31.71,53.61,13.05,6.818
2025-12,LCK,Rickenbacker International Airport,OH,81,65.43,37.04,14.62,15.96,0.0
2025-12,STC,Saint Cloud Regional Airport,MN,17,70.59,29.41,16.82,11.59,0.0
2026-01,RFD,Chicago Rockford International Airport,IL,70,68.57,35.71,39.63,12.46,0.0
2026-01,PBG,Plattsburgh International Airport,NY,39,57.89,47.37,53.89,19.79,2.564
2026-01,HTS,Tri-State Airport / Milton J. Ferguson Field,WV,27,28.0,72.0,69.64,10.36,7.407
2026-01,USA,Concord-Padgett Regional Airport,NC,52,75.51,26.53,8.88,12.39,5.769
2026-01,HGR,Hagerstown Regional Richard A Henson Field,MD,18,66.67,44.44,78.17,8.17,0.0
2026-01,STC,Saint Cloud Regional Airport,MN,17,76.47,29.41,67.88,14.06,0.0
2026-01,CKB,North Central West Virginia Airport,WV,9,44.44,55.56,50.22,23.56,0.0
2026-04,TTN,Trenton Mercer Airport,NJ,142,70.5,32.37,27.49,17.28,2.113
2026-04,USA,Concord-Padgett Regional Airport,NC,59,52.54,40.68,24.12,14.53,0.0
2026-04,PGD,Punta Gorda Airport,FL,667,82.41,19.22,5.94,12.09,0.15
2026-04,BLV,Scott AFB/Midamerica Airport,IL,100,79.0,20.0,21.01,11.05,0.0
2026-04,HGR,Hagerstown Regional Richard A Henson Field,MD,17,76.47,23.53,6.06,11.47,0.0
2026-04,HTS,Tri-State Airport / Milton J. Ferguson Field,WV,27,59.26,33.33,21.48,8.63,0.0
2026-04,MHK,Manhattan Regional Airport,KS,150,85.52,17.24,5.0,12.99,3.333
2026-04,FSM,Fort Smith Regional Airport,AR,90,82.22,13.33,7.44,15.39,0.0
2026-04,AEX,Alexandria International Airport,LA,90,88.51,12.5,3.16,17.23,2.222
2026-04,BRW,Wiley Post Will Rogers Memorial Airport,AK,30,80.0,26.67,8.0,5.6,0.0
2026-04,KTN,Ketchikan International Airport,AK,180,86.59,16.2,6.99,9.37,0.556
2026-04,PSG,Petersburg James A Johnson Airport,AK,60,85.0,16.67,5.88,8.98,0.0
2026-04,PAE,Seattle Paine Field International Airport,WA,133,93.23,6.02,-1.59,12.7,0.0
2026-04,PQI,Presque Isle International Airport,ME,30,66.67,13.33,1.43,20.2,0.0
2026-05,PQI,Presque Isle International Airport,ME,31,96.67,3.33,-5.2,8.67,3.226
2026-06,TYR,Tyler Pounds Regional Airport,TX,90,82.35,23.53,22.52,12.11,5.556
2026-06,YUM,Yuma International Airport / Marine Corps Air Station Yuma,AZ,120,82.5,15.83,3.38,15.17,0.0
2026-06,HLN,Helena Regional Airport,MT,120,83.19,9.17,3.58,16.6,0.0
2026-06,AZO,Kalamazoo/Battle Creek International Airport,MI,174,82.94,16.47,16.02,18.75,2.299
2026-06,SUN,Friedman Memorial Airport,ID,215,76.64,18.6,8.81,19.94,0.0
2026-06,ABR,Aberdeen Regional Airport,SD,60,88.14,13.33,20.48,14.23,0.0
2026-06,APN,Alpena County Regional Airport,MI,51,94.12,9.8,-5.65,12.65,0.0
2026-06,EKO,Elko Regional Airport,NV,47,89.36,10.64,6.21,12.28,0.0
2026-06,RHI,Rhinelander Oneida County Airport,WI,79,88.61,8.86,-4.7,13.94,0.0
2026-06,PLN,Pellston Regional Airport of Emmet County Airport,MI,102,81.63,16.33,3.7,14.14,3.922
2026-06,MGW,Morgantown Municipal Airport Walter L. (Bill) Hart Field,WV,51,66.67,29.17,44.31,18.31,5.882
2026-06,DEC,Decatur Airport,IL,51,59.57,19.15,7.15,18.0,7.843
2026-06,JST,John Murtha Johnstown Cambria County Airport,PA,51,77.55,20.41,42.57,17.88,3.922
2026-06,LBF,North Platte Regional Airport Lee Bird Field,NE,51,68.63,25.49,19.27,16.18,0.0
2026-06,HYS,Hays Regional Airport,KS,51,65.31,30.61,17.88,17.16,3.922
2026-06,PIB,Hattiesburg Laurel Regional Airport,MS,51,62.75,29.41,28.78,15.63,0.0
2026-06,HOB,Lea County Regional Airport,NM,30,63.33,26.67,44.2,16.0,0.0
2026-06,BIH,Eastern Sierra Regional Airport,CA,19,16.67,77.78,41.06,18.28,5.263
2026-06,OTH,Southwest Oregon Regional Airport,OR,60,38.33,65.0,49.8,18.38,0.0
2026-07,TTN,Trenton Mercer Airport,NJ,108,64.76,31.43,41.35,21.75,2.778
2026-07,PSM,Portsmouth International Airport at Pease,NH,36,63.89,33.33,20.78,17.25,0.0
2026-07,STC,Saint Cloud Regional Airport,MN,9,88.89,22.22,5.89,6.67,0.0
2026-07,SMX,Santa Maria Public Airport Captain G Allan Hancock Field,CA,9,66.67,33.33,12.56,11.78,0.0
2026-07,KTN,Ketchikan International Airport,AK,248,87.4,11.38,-0.97,9.17,0.806
2026-07,CDV,Merle K (Mudhole) Smith Airport,AK,62,95.16,9.68,-1.71,4.73,0.0
2026-07,SIT,Sitka Rocky Gutierrez Airport,AK,155,90.91,8.44,-2.12,9.34,0.645
2026-07,ADK,Adak Airport,AK,9,88.89,11.11,-7.89,7.44,0.0
