tree
version=v4
num_class=1
num_tree_per_iteration=1
label_index=0
max_feature_idx=9
objective=regression
feature_names=airport_idx dow days_to_holiday lag7 lag14 lag21 lag28 roll7_lag7 roll28_lag7 std28_lag7
feature_infos=-1:0:1:2:3:4:5:6:7:8:9 [0:6] [0:30] [187:1161] [187:1161] [187:1161] [187:1161] [370.14285714285717:1120] [374.82142857142856:1115.4285714285713] [13.91774779566323:112.8346345848865]
tree_sizes=1424 1498 1510 1475 1490 1443 1464 1478 1466 1443 1441 1459 1460 1495 1448 1523 1504 1456 1508 1480 1489 1472 1457 1448 1535 1470 1515 1461 1466 1468 1466 1440 1504 1493 1494 1466 1521 1461 1468 1450 1468 1451 1464 1489 1479 1527 1504 1530 1468 1512 1530 1503 1449 1455 1484 1518 1485 1496 1457 1489 1523 1495 1533 1521 1467 1441 1473 1480 1493 1489 1453 1544 1528 1483 1512 1513 1493 1478 1495 1443 1497 1483 1465 1470 1466 1488 1499 1478 1458 1482 1433 1496 1500 1485 1527 1469 1481 1511 1462 1448 1473 1518 1472 1458 1501 1487 1475 1499 1481 1468 1486 1466 1473 1479 1471 1498 1475 1453 1527 1470 1511 1493 1519 1458 1485 1462 1441 1508 1472 1481 1475 1477 1516 1523 1453 1485 1481 1536 1507 1487 1502 1517 1501 1468 1495 1436 1484 1487 1484 1496 1520 1488 1454 1459 1427 1501 1518 1507 1465 1519 1522 1485 1523 1540 1432 1462 1475 1475 1518 1454 1499 1477 1435 1493 1472 1485 1469 1527 1469 1502 1516 1434 1505 1446 1494 1481 1521 1479 1532 1502 1489 1499 1475 1481 1484 1488 1515 1505 1475 1473 1452 1499 1494 1516 1508 1513 1468 1484 1483 1534 1475 1459 1496 1528 1507 1452 1509 1495 1512 1479 1479 1499 1529 1484 1519 1505 1547 1517 1467 1520 1507 1467 1506 1526 1526 1517 1447 1504 1496 1463 1520 1462 1529 1510 1468 1502 1488 1472 1503 1477 1546 1534 1477 1547 1480 1525 1472 1514 1533 1583 1599 1531 1524 1514 1517 1502 1491 1524 1520 1516 1490 1484 1531 1556 1454 1485 1567 1490 1477 1487 1469 1525 1488 1504 1489 1549 1484 1473 1484 1462 1569 1466 1514 1467 1456 1519 1467 1515 1539 1538

Tree=0
num_leaves=15
num_cat=0
split_feature=2 1 1 8 2 9 2 7 4 8 9 1 4 9
split_gain=101379 252506 150752 111112 61416 95180.1 140103 31745.4 42959 33554.9 29691.1 35824.6 29184.8 21024.4
threshold=1.0000000180025095e-35 2.5000000000000004 3.5000000000000004 833.03571428571433 7.5000000000000009 97.687773747703531 4.5000000000000009 877.21428571428589 941.50000000000011 860.94642857142878 83.997069588319064 4.5000000000000009 535.50000000000011 40.774179473681173
decision_type=2 2 2 2 2 2 2 2 2 2 2 2 2 2
left_child=1 -1 3 12 5 7 -7 8 13 -9 -6 -12 -3 -2
right_child=4 2 -4 -5 10 6 -8 9 -10 -11 11 -13 -14 -15
leaf_value=2.3501661538904886 1.4288847537574709 -0.8548339250260597 0.68766614739358245 -9.2198337307149192 1.3018235403847029 2.0254887074943686 7.9118328024373437 -0.95094499361919227 4.5030232660256946 1.2883307054382998 0.9759556205601736 -1.7854221352161048 -4.6748338260823505 1.8907302884602613
leaf_weight=50 398 10.000000000000005 20 9.9999999999999982 1795 31 14.999999999999998 18 13.999999999999998 237 38 17 9.9999999999999982 647
leaf_count=50 398 10 20 10 1795 31 15 18 14 237 38 17 10 647
internal_value=1.40544 -0.162334 -2.67483 -4.9165 1.45428 1.70936 3.94495 1.63109 1.75169 1.13026 1.26676 0.122439 -2.76483 1.71483
internal_weight=3310 100 50 30 3210 1360 46 1314 1059 255 1850 55 20 1045
internal_count=3310 100 50 30 3210 1360 46 1314 1059 255 1850 55 20 1045
is_linear=0
shrinkage=1


Tree=1
num_leaves=15
num_cat=0
split_feature=3 5 3 5 6 2 3 6 3 6 9 3 6 5
split_gain=183579 197761 107668 287758 163426 85515.5 78140 75195.5 98975.9 223895 74656.9 65365 82213.7 34863.8
threshold=352.00000000000006 441.50000000000006 886.50000000000011 943.50000000000011 770.50000000000011 1.0000000180025095e-35 830.50000000000011 636.50000000000011 698.50000000000011 860.50000000000011 60.051554018771029 546.50000000000011 502.50000000000006 805.50000000000011
decision_type=2 2 2 2 2 2 2 2 2 2 2 2 2 2
left_child=1 -1 3 7 -4 10 -5 11 9 -9 -6 -2 -13 -7
right_child=2 -3 4 6 5 13 -8 8 -10 -11 -12 12 -14 -15
leaf_value=0.55792347453534596 0.037266167364945611 9.2668829831210058 -5.9337759381958417 8.4934853813864954 -0.64263332664966566 -2.6139058660934955 3.0191381197422746 0.75469244574678362 0.37689588303487609 9.430809581279755 -6.7523330897092819 -2.9594658987344924 -0.45474471869793809 -0.31992133886825225
leaf_weight=16.000000000000004 1621 10.999999999999998 13.999999999999998 11.000000000000002 10.000000000000002 17 15.999999999999998 29 578 9.9999999999999982 9.9999999999999982 37 286 644
leaf_count=16 1621 11 14 11 10 17 16 29 578 10 10 37 286 644
internal_value=-1.54189e-09 4.10602 -0.0337687 0.114616 -0.586314 -0.476381 5.24943 0.0604808 0.541394 2.97934 -3.69748 -0.0921547 -0.741663 -0.378919
internal_weight=3310 27 3283 2588 695 681 27 2561 617 39 20 1944 323 661
internal_count=3310 27 3283 2588 695 681 27 2561 617 39 20 1944 323 661
is_linear=0
shrinkage=0.05


Tree=2
num_leaves=15
num_cat=0
split_feature=3 4 3 4 6 2 6 3 6 3 9 3 2 8
split_gain=165680 178480 97170.5 170895 149452 79407.3 75272.2 86813.7 202065 71589.1 67377.8 58991.9 78672.9 42752
threshold=352.00000000000006 435.50000000000006 886.50000000000011 931.50000000000011 798.50000000000011 1.0000000180025095e-35 636.50000000000011 698.50000000000011 860.50000000000011 821.50000000000011 60.051554018771029 546.50000000000011 1.0000000180025095e-35 839.92857142857144
decision_type=2 2 2 2 2 2 2 2 2 2 2 2 2 2
left_child=1 -1 3 6 13 10 11 8 -8 -5 -6 -2 -13 -4
right_child=2 -3 4 9 5 -7 7 -9 -10 -11 -12 12 -14 -15
leaf_value=0.53002730146981769 0.03540286503222017 8.8035388252951883 -1.8044350893152026 7.314914395809172 -0.61050165615975838 -0.31381793149608983 0.71695782819698595 0.39266090366373896 8.9592689943313601 2.133609499335289 -6.4147166360914714 -4.370614329592458 -0.53848144016695787 -5.8536795724183328
leaf_weight=16.000000000000004 1621 10.999999999999998 11.000000000000002 10.000000000000002 10.000000000000002 648 29 575 9.9999999999999982 20 9.9999999999999982 13.999999999999998 309 15.999999999999998
leaf_count=16 1621 11 11 10 10 648 29 575 10 20 10 14 309 16
internal_value=4.02551e-10 3.90072 -0.0320802 0.108885 -0.556998 -0.40959 0.064884 0.547499 2.83037 3.86071 -3.51261 -0.087547 -0.70458 -4.20399
internal_weight=3310 27 3283 2588 695 668 2558 614 39 30 20 1944 323 27
internal_count=3310 27 3283 2588 695 668 2558 614 39 30 20 1944 323 27
is_linear=0
shrinkage=0.05


Tree=3
num_leaves=15
num_cat=0
split_feature=3 4 2 1 1 3 3 5 6 5 3 6 4 3
split_gain=149526 161078 88180.7 249077 161684 138968 65067.7 218660 107460 51574.4 179838 90903 48876.5 36280.4
threshold=352.00000000000006 435.50000000000006 1.0000000180025095e-35 2.5000000000000004 3.5000000000000004 501.50000000000006 886.50000000000011 943.50000000000011 805.50000000000011 649.50000000000011 698.50000000000011 837.50000000000011 943.50000000000011 548.50000000000011
decision_type=2 2 2 2 2 2 2 2 2 2 2 2 2 2
left_child=1 -1 3 -2 5 -5 7 9 -8 13 11 -11 -9 -4
right_child=2 -3 6 4 -6 -7 8 12 -10 10 -12 -13 -14 -15
leaf_value=0.50352596975862973 0.98269926746934644 8.3633619481867019 0.057449391071540706 -1.6476917290687556 -0.57494096472859391 -8.9296723190106846 -3.3464100404580437 2.4839291920264555 -0.28491027741280167 1.9035763722251755 0.32731044065479503 8.4903449940681455 6.9090769180884735 -0.5269768693113589
leaf_weight=16.000000000000004 50 10.999999999999998 1585 10.000000000000002 20 19 30 12.000000000000002 643 11.000000000000002 561 9.9999999999999982 12.999999999999998 319
leaf_count=16 50 11 1585 10 20 19 30 12 643 11 561 10 13 319
internal_value=3.3325e-10 3.70568 -0.0304762 -1.50005 -4.03346 -6.41864 0.0152171 0.132234 -0.421381 0.0854447 0.497361 5.04013 4.78501 -0.0404666
internal_weight=3310 27 3283 99 49 29 3184 2511 673 2486 582 21 25 1904
internal_count=3310 27 3283 99 49 29 3184 2511 673 2486 582 21 25 1904
is_linear=0
shrinkage=0.05


Tree=4
num_leaves=15
num_cat=0
split_feature=3 7 3 5 6 2 3 6 3 3 2 3 9 2
split_gain=134947 146523 81349.9 213988 110375 82795.3 82399.6 43732.9 83570.4 53330.1 53816.1 39954 45155.9 48875.3
threshold=352.00000000000006 419.00000000000006 901.50000000000011 943.50000000000011 796.50000000000011 1.0000000180025095e-35 830.50000000000011 636.50000000000011 623.50000000000011 589.50000000000011 1.5000000000000002 818.50000000000011 71.128816860948703 1.5000000000000002
decision_type=2 2 2 2 2 2 2 2 2 2 2 2 2 2
left_child=1 -1 3 7 -4 -6 -5 9 -9 -2 -11 -10 -13 -14
right_child=2 -3 4 6 5 -7 -8 8 11 10 -12 12 13 -15
leaf_value=0.46634243133012199 -0.018648792752695268 7.9626588301225141 -4.7872532765070597 7.659473713961515 -3.7833379659387805 -0.33950861740098026 2.3175035500810259 4.9176351594924927 0.73227879332515822 -4.4828724947842691 -0.78866759573158474 0.30287223599212121 -4.0750212864442306 -0.54852852700885546
leaf_weight=16.000000000000004 1839 10.999999999999998 14.999999999999998 10.999999999999998 18 574 21 9.9999999999999982 312 10.999999999999998 95 274 10.999999999999998 92
leaf_count=16 1839 11 15 11 18 574 21 10 312 11 95 274 11 92
internal_value=8.2913e-10 3.5204 -0.0289524 0.0895875 -0.551543 -0.44422 4.15381 0.0403988 0.379606 -0.0815065 -1.17203 0.313742 -0.0326336 -0.925144
internal_weight=3310 27 3283 2676 607 592 32 2644 699 1945 106 689 377 103
internal_count=3310 27 3283 2676 607 592 32 2644 699 1945 106 689 377 103
is_linear=0
shrinkage=0.05


Tree=5
num_leaves=15
num_cat=0
split_feature=3 4 2 4 6 6 3 5 3 6 5 2 8 6
split_gain=121790 133280 74975.7 93335.5 103573 59157.4 54666.1 180714 222699 68146.6 51418 44498.2 41093.2 34416.9
threshold=352.00000000000006 435.50000000000006 1.0000000180025095e-35 903.50000000000011 943.50000000000011 630.50000000000011 873.50000000000011 895.50000000000011 731.50000000000011 805.50000000000011 530.50000000000011 6.5000000000000009 839.92857142857144 636.50000000000011
decision_type=2 2 2 2 2 2 2 2 2 2 2 2 2 2
left_child=1 -1 3 5 -5 10 7 11 -9 12 -2 13 -8 -4
right_child=2 -3 6 4 -6 -7 9 8 -10 -11 -12 -13 -14 -15
leaf_value=0.43160652900114649 -0.30325200441406996 7.5811350388960408 0.17535784309126237 -8.012888430356977 -1.1229672670364381 2.0416749973507491 -0.69833733836079348 9.4107461071014402 1.4609999504242395 -0.2537416483263652 -3.4498007479466892 -0.11864095163751931 -4.0821392874968678 0.96476430446775852
leaf_weight=16.000000000000004 41 10.999999999999998 700 10.000000000000002 11.999999999999998 17 17 9.9999999999999982 74 702 19 1490 19 172
leaf_count=16 41 11 700 10 12 17 17 10 74 702 19 1490 19 172
internal_value=-4.22348e-10 3.34438 -0.0275048 -1.38258 -4.25475 -0.561962 0.0146286 0.128429 2.4074 -0.362546 -1.29966 0.0473814 -2.48423 0.331066
internal_weight=3310 27 3283 99 22 77 3184 2446 84 738 60 2362 36 872
internal_count=3310 27 3283 99 22 77 3184 2446 84 738 60 2362 36 872
is_linear=0
shrinkage=0.05


Tree=6
num_leaves=15
num_cat=0
split_feature=3 4 2 1 1 3 3 5 6 7 3 3 2 9
split_gain=112190 273685 66282.9 211005 147008 117452 45853.4 160729 61502.3 44354.6 87725.8 40345.7 37248.2 31704
threshold=372.50000000000006 473.50000000000006 1.0000000180025095e-35 2.5000000000000004 3.5000000000000004 501.50000000000006 873.50000000000011 943.50000000000011 805.50000000000011 768.42857142857156 698.50000000000011 837.50000000000011 9.5000000000000018 71.952649511686516
decision_type=2 2 2 2 2 2 2 2 2 2 2 2 2 2
left_child=1 -1 3 -2 5 -5 7 9 12 -4 -11 -9 -8 -10
right_child=2 -3 6 4 -6 -7 8 11 13 10 -12 -13 -14 -15
leaf_value=0.63218781816959391 0.97168312358856201 9.693393630981447 -0.042619570548514105 -1.5334794282913204 -0.34740451209247114 -8.2280553516588721 -3.357457147424038 6.6534455490112281 -0.057750199159500561 4.2573856099446621 0.37298311958434999 2.4290844440460209 0.2333122956752777 -0.85700276834624156
leaf_weight=50 50 9.9999999999999982 1906 10.000000000000002 20 19 26 10.000000000000002 541 14.999999999999998 469 12.999999999999998 9.9999999999999982 161
leaf_count=50 50 10 1906 10 20 19 26 10 541 15 469 13 10 161
internal_value=-3.09345e-11 2.14239 -0.0395518 -1.31345 -3.64522 -5.91958 0.000472375 0.105955 -0.344419 0.0659234 0.493367 4.26576 -2.36002 -0.241055
internal_weight=3310 60 3250 99 49 29 3151 2413 738 2390 484 23 36 702
internal_count=3310 60 3250 99 49 29 3151 2413 738 2390 484 23 36 702
is_linear=0
shrinkage=0.05


Tree=7
num_leaves=15
num_cat=0
split_feature=3 5 2 1 1 3 3 5 6 7 3 3 8 9
split_gain=101251 247001 59820.3 190432 132675 109117 41382.7 145058 55505.8 40030.1 79172.5 36412 36222.2 28612.9
threshold=372.50000000000006 475.50000000000006 1.0000000180025095e-35 2.5000000000000004 3.5000000000000004 724.50000000000011 873.50000000000011 943.50000000000011 805.50000000000011 768.42857142857156 698.50000000000011 837.50000000000011 831.80357142857156 71.952649511686516
decision_type=2 2 2 2 2 2 2 2 2 2 2 2 2 2
left_child=1 -1 3 -2 5 -5 7 9 12 -4 -11 -9 -8 -10
right_child=2 -3 6 4 -6 -7 8 11 13 10 -12 -13 -14 -15
leaf_value=0.60057843184471138 0.92309895663708452 9.2087239074707039 -0.040488588579872711 -3.398548178923757 -0.33003428786993028 -9.8512037277221687 0.14898205697536468 6.3207732963561991 -0.054862692448105703 4.0445163265864057 0.35433396302930109 2.307630261549583 -3.294061131000519 -0.81415263767707069
leaf_weight=50 50 9.9999999999999982 1906 19.000000000000004 20 9.9999999999999982 10.999999999999998 10.000000000000002 541 14.999999999999998 469 12.999999999999998 25 161
leaf_count=50 50 10 1906 19 20 10 11 10 541 15 469 13 25 161
internal_value=9.74597e-10 2.03527 -0.0375742 -1.24778 -3.46296 -5.6236 0.000448757 0.100657 -0.327198 0.0626272 0.468699 4.05248 -2.24202 -0.229002
internal_weight=3310 60 3250 99 49 29 3151 2413 738 2390 484 23 36 702
internal_count=3310 60 3250 99 49 29 3151 2413 738 2390 484 23 36 702
is_linear=0
shrinkage=0.05


Tree=8
num_leaves=15
num_cat=0
split_feature=3 4 3 5 2 3 2 5 2 2 1 1 2 3
split_gain=91379.1 231011 54615.3 161581 83435.2 59380.6 43454.4 33028.9 27333.1 39136.8 102057 36569.8 48990.2 50672.6
threshold=372.50000000000006 435.50000000000006 901.50000000000011 943.50000000000011 1.0000000180025095e-35 830.50000000000011 14.500000000000002 864.50000000000011 6.5000000000000009 1.5000000000000002 2.5000000000000004 3.5000000000000004 1.0000000180025095e-35 501.50000000000006
decision_type=2 2 2 2 2 2 2 2 2 2 2 2 2 2
left_child=1 -1 3 8 -4 -5 7 -6 9 10 -2 12 13 -12
right_child=2 -3 4 5 6 -7 -8 -9 -10 -11 11 -13 -14 -15
leaf_value=0.22193241690730919 0.69011696613940199 7.5572471482413155 -3.7244818775277388 6.5699005560441455 -1.8724839821761969 2.0350657227493469 0.25927767018632347 -0.48572305335585431 -0.10986379608581993 0.39499812453360328 -1.2868779706954951 -0.79632725981175012 -0.092559571067492172 -5.9470101969582698
leaf_weight=46 121 13.999999999999998 19 10.999999999999998 49 21 192 347 1595 775 10.000000000000002 84 11.999999999999998 13.999999999999998
leaf_count=46 121 14 19 11 49 21 192 347 1595 775 10 84 12 14
internal_value=-7.77303e-10 1.93351 -0.0356955 0.0625316 -0.463396 3.59392 -0.358021 -0.657317 0.0192516 0.221947 -0.334543 -1.36774 -2.70105 -4.00529
internal_weight=3310 60 3250 2643 607 32 588 396 2611 1016 241 120 36 24
internal_count=3310 60 3250 2643 607 32 588 396 2611 1016 241 120 36 24
is_linear=0
shrinkage=0.05


Tree=9
num_leaves=15
num_cat=0
split_feature=3 4 3 5 6 2 3 2 6 3 3 2 3 2
split_gain=82469.6 208487 49290.4 145827 75910.2 56799 53591 28810.2 27292.5 42069.4 36036.9 45367 51332 33310.6
threshold=372.50000000000006 435.50000000000006 901.50000000000011 943.50000000000011 796.50000000000011 1.0000000180025095e-35 830.50000000000011 14.500000000000002 636.50000000000011 589.50000000000011 818.50000000000011 8.5000000000000018 698.50000000000011 1.5000000000000002
decision_type=2 2 2 2 2 2 2 2 2 2 2 2 2 2
left_child=1 -1 3 8 -4 -6 -5 -7 9 -2 11 12 -10 -11
right_child=2 -3 4 6 5 7 -8 -9 10 13 -12 -13 -14 -15
leaf_value=0.21083580333253613 -0.022568263248171953 7.1793848582676478 -3.9529252243041997 6.2414054610512473 -3.1168854978349474 -0.51366556665355645 1.9333124030913629 0.2390947832539678 3.5523292567048759 -3.652258791706779 -0.045602440142346948 0.048482103635998149 0.91073086330214059 -0.74585279494524004
leaf_weight=46 1807 13.999999999999998 14.999999999999998 10.999999999999998 18 384 21 190 21 10.999999999999998 377 152 148 95
leaf_count=46 1807 14 15 11 18 384 21 190 21 11 377 152 148 95
internal_value=-7.66245e-10 1.83683 -0.0339107 0.0594051 -0.440226 -0.351222 3.41422 -0.264494 0.018289 -0.0793579 0.285909 0.675253 1.23898 -1.04746
internal_weight=3310 60 3250 2643 607 592 32 574 2611 1913 698 321 169 106
internal_count=3310 60 3250 2643 607 592 32 574 2611 1913 698 321 169 106
is_linear=0
shrinkage=0.05


Tree=10
num_leaves=15
num_cat=0
split_feature=3 5 2 1 1 3 3 5 6 7 3 8 3 8
split_gain=74428.8 188489 45254.9 157066 117193 93140.5 31236.9 105569 44855.1 33225.2 64932.8 30533.4 27805.8 26506.2
threshold=372.50000000000006 475.50000000000006 1.0000000180025095e-35 2.5000000000000004 3.5000000000000004 501.50000000000006 873.50000000000011 943.50000000000011 805.50000000000011 768.42857142857156 698.50000000000011 831.80357142857156 470.50000000000006 866.71428571428589
decision_type=2 2 2 2 2 2 2 2 2 2 2 2 2 2
left_child=1 -1 3 -2 5 -5 7 9 11 12 -11 -8 -4 -12
right_child=2 -3 6 4 -6 -7 8 -9 -10 10 13 -13 -14 -15
leaf_value=0.49169563856720927 0.88671606582403184 8.0114560317993178 0.20365525809818658 -1.2214057254791255 -0.1521383545547724 -7.1829862293444187 0.19009085216305474 3.4591948415922085 -0.19553282624030979 3.6637497504552208 0.56705630490256298 -2.971041325569153 -0.18909955525394292 -0.25436979003250598
leaf_weight=50 50 9.9999999999999982 731 10.000000000000002 20 19 10.999999999999998 23 702 14.999999999999998 329 25 1175 140
leaf_count=50 50 10 731 10 20 19 11 23 702 15 329 25 1175 140
internal_value=7.904e-10 1.74499 -0.0322152 -1.08483 -3.0966 -5.12727 0.000856369 0.0879186 -0.283806 0.0554753 0.425426 -2.00514 -0.038468 0.321854
internal_weight=3310 60 3250 99 49 29 3151 2413 738 2390 484 36 1906 469
internal_count=3310 60 3250 99 49 29 3151 2413 738 2390 484 36 1906 469
is_linear=0
shrinkage=0.05


Tree=11
num_leaves=15
num_cat=0
split_feature=3 4 3 5 6 3 7 6 3 6 3 9 9 6
split_gain=67172 173203 41410.6 122480 63004.4 47986.4 25328.2 22909.3 37602.9 61279.9 30947.7 39633.9 33656.5 33206.7
threshold=372.50000000000006 435.50000000000006 901.50000000000011 943.50000000000011 796.50000000000011 830.50000000000011 838.50000000000011 636.50000000000011 546.50000000000011 502.50000000000006 818.50000000000011 71.128816860948703 72.828482912098096 860.50000000000011
decision_type=2 2 2 2 2 2 2 2 2 2 2 2 2 2
left_child=1 -1 3 7 -4 -5 -6 8 -2 -10 13 -12 -13 -9
right_child=2 -3 4 5 6 -7 -8 10 9 -11 11 12 -14 -15
leaf_value=0.17570922337472439 0.027883723714430521 6.5272679737636032 -3.603224201202393 5.8047490575096825 -2.8169570925924927 1.728147342091515 -0.27907346417852186 0.39199921194379939 -2.449599610033788 -0.31248953940828783 0.26954675621903729 -3.4948027209802106 -0.56840793783574006 1.7416236157715321
leaf_weight=46 1589 13.999999999999998 14.999999999999998 10.999999999999998 9.9999999999999982 21 582 266 38 286 274 10.999999999999998 92 55
leaf_count=46 1589 14 15 11 10 21 582 266 38 286 274 11 92 55
internal_value=1.02586e-09 1.65774 -0.0306044 0.0549279 -0.403029 3.12948 -0.321943 0.0172466 -0.0722162 -0.563138 0.262436 -0.044776 -0.880936 0.623243
internal_weight=3310 60 3250 2643 607 32 592 2611 1913 324 698 377 103 321
internal_count=3310 60 3250 2643 607 32 592 2611 1913 324 698 377 103 321
is_linear=0
shrinkage=0.05


Tree=12
num_leaves=15
num_cat=0
split_feature=3 4 2 1 1 3 2 2 1 7 9 1 2 2
split_gain=60622.8 156481 40649.5 139932 105030 84416.6 30106.5 31017.8 48543.4 43362.3 22438 17796.1 153568 35141.4
threshold=372.50000000000006 473.50000000000006 1.0000000180025095e-35 2.5000000000000004 3.5000000000000004 724.50000000000011 4.5000000000000009 1.5000000000000002 3.5000000000000004 892.21428571428589 78.759512810680619 1.5000000000000002 5.5000000000000009 7.5000000000000009
decision_type=2 2 2 2 2 2 2 2 2 2 2 2 2 2
left_child=1 -1 3 -2 5 -5 7 8 10 -10 -4 12 -8 -13
right_child=2 -3 6 4 -6 -7 11 -9 9 -11 -12 13 -14 -15
leaf_value=0.43291916336119174 0.83421214488148687 7.2845199394226077 0.72630108101393587 -2.8908902092983846 -0.13808461334556341 -8.5664159679412855 -4.6207105016708381 0.44954088474137816 -0.65921323832712675 -3.6873587691358161 -1.4207813494971822 0.43517588288125586 -0.17248717366839544 -0.12000458520726942
leaf_weight=50 50 9.9999999999999982 93 19.000000000000004 20 9.9999999999999982 20 594 76 13.999999999999998 13.999999999999998 363 650 1327
leaf_count=50 50 10 93 19 20 10 20 594 76 14 14 363 650 1327
internal_value=1.56444e-09 1.57485 -0.0290742 -1.02669 -2.92557 -4.84797 0.00226944 0.269228 -0.274458 -1.13026 0.445374 -0.0872068 -0.30527 -0.000755763
internal_weight=3310 60 3250 99 49 29 3151 791 197 90 107 2360 670 1690
internal_count=3310 60 3250 99 49 29 3151 791 197 90 107 2360 670 1690
is_linear=0
shrinkage=0.05


Tree=13
num_leaves=15
num_cat=0
split_feature=3 4 3 5 2 9 6 4 8 6 3 6 2 8
split_gain=54712 143894 36884.1 115839 59716.4 74221.8 43629.8 36797.4 31106.2 25828.8 32951.1 51803 32761.3 40081.2
threshold=372.50000000000006 435.50000000000006 892.50000000000011 943.50000000000011 1.0000000180025095e-35 61.087211982397584 805.50000000000011 931.50000000000011 839.92857142857144 636.50000000000011 546.50000000000011 502.50000000000006 7.5000000000000009 834.33928571428589
decision_type=2 2 2 2 2 2 2 2 2 2 2 2 2 2
left_child=1 -1 3 9 5 -4 8 -5 -6 10 -2 -12 13 -11
right_child=2 -3 4 7 6 -7 -8 -9 -10 12 11 -13 -14 -15
leaf_value=0.14527780720559152 0.02523671353483178 5.934558493750437 -0.0037669706344604483 1.0897372451695526 -0.16373686730861658 -6.0956380428373818 -0.19354104832589125 4.8464157462120063 -3.7638644154866534 1.4435706699485178 -2.2624894778979452 -0.29756821322977756 -0.013106193287323601 0.21623183908950852
leaf_weight=46 1589 13.999999999999998 10.000000000000002 11.000000000000002 10.000000000000002 9.9999999999999982 623 15.999999999999998 14.999999999999998 111 38 286 365 166
leaf_count=46 1589 14 10 11 10 10 623 16 15 111 38 286 365 166
internal_value=-2.11672e-10 1.49611 -0.0276205 0.0580553 -0.358781 -3.0497 -0.275727 3.31592 -2.32381 0.0236278 -0.0684673 -0.528022 0.298048 0.708054
internal_weight=3310 60 3250 2582 668 20 648 27 25 2555 1913 324 642 277
internal_count=3310 60 3250 2582 668 20 648 27 25 2555 1913 324 642 277
is_linear=0
shrinkage=0.05


Tree=14
num_leaves=15
num_cat=0
split_feature=3 4 2 1 1 3 2 2 1 7 9 2 1 9
split_gain=49377.6 129905 34810.3 125027 93448.3 76474.1 26096.9 27892.1 42763.6 38802.7 21014.6 17283.1 68422.3 16386.7
threshold=372.50000000000006 473.50000000000006 1.0000000180025095e-35 2.5000000000000004 3.5000000000000004 501.50000000000006 4.5000000000000009 1.5000000000000002 3.5000000000000004 892.21428571428589 78.759512810680619 2.5000000000000004 1.5000000000000002 27.756677883306853
decision_type=2 2 2 2 2 2 2 2 2 2 2 2 2 2
left_child=1 -1 3 -2 5 -5 7 8 10 13 -4 12 -9 -10
right_child=2 -3 6 4 -6 -7 -8 11 9 -11 -12 -13 -14 -15
leaf_value=0.38085219830274586 0.80958177250623697 6.6235659694671627 0.6832396686317459 -1.0184468841552732 -0.11501845272723586 -6.4203816062525707 -0.080539529849854075 3.0041527601083122 -2.3174414685616891 -3.4864165655204227 -1.3946236597640176 0.23303222924853492 0.40948293999157265 -0.30398404123261574
leaf_weight=50 50 9.9999999999999982 93 10.000000000000002 20 19 2360 30 11.999999999999998 13.999999999999998 13.999999999999998 398 166 64
leaf_count=50 50 10 93 10 20 19 2360 30 12 14 14 398 166 64
internal_value=2.18262e-09 1.4213 -0.0262395 -0.949424 -2.74433 -4.55765 0.00276571 0.251312 -0.264252 -1.06749 0.41137 0.422299 0.806626 -0.621898
internal_weight=3310 60 3250 99 49 29 3151 791 197 90 107 594 196 76
internal_count=3310 60 3250 99 49 29 3151 791 197 90 107 594 196 76
is_linear=0
shrinkage=0.05


Tree=15
num_leaves=15
num_cat=0
split_feature=3 3 4 2 9 3 6 8 6 3 3 7 6 2
split_gain=44662 35485.9 79591 51936.8 64307.2 45644.6 39322.8 27520.4 27167.6 54442.2 34397.3 53591.5 35320.9 26204.7
threshold=324.50000000000006 892.50000000000011 929.50000000000011 1.0000000180025095e-35 61.087211982397584 821.50000000000011 805.50000000000011 839.92857142857144 636.50000000000011 623.50000000000011 470.50000000000006 526.357142857143 393.50000000000006 6.5000000000000009
decision_type=2 2 2 2 2 2 2 2 2 2 2 2 2 2
left_child=-1 2 8 4 -3 -4 7 -5 10 -10 11 -2 -12 -11
right_child=1 3 5 6 -6 -7 -8 -9 9 13 12 -13 -14 -15
leaf_value=2.8180899858474735 0.15167897439680414 -0.011696748733520505 5.3500379133224492 -0.17253237962722773 -5.682112920284272 1.2759701987559147 -0.18189945060634213 -3.5588016827901208 3.983776698112488 0.67455711650403216 -2.7225326761603359 3.6658915042877198 -0.19577632475712736 0.010392366000270659
leaf_weight=13.999999999999998 789 10.000000000000002 9.9999999999999982 10.000000000000002 9.9999999999999982 22 623 14.999999999999998 9.9999999999999982 241 13.999999999999998 10.999999999999998 1144 387
leaf_count=14 789 10 10 10 10 22 623 15 10 241 14 11 1144 387
internal_value=5.77103e-10 -0.01197 0.0707441 -0.337378 -2.8469 2.54912 -0.259924 -2.20429 0.0401941 0.323555 -0.0521369 0.199999 -0.226324 0.265271
internal_weight=3310 3296 2628 668 20 32 648 25 2596 638 1958 800 1158 628
internal_count=3310 3296 2628 668 20 32 648 25 2596 638 1958 800 1158 628
is_linear=0
shrinkage=0.05


Tree=16
num_leaves=15
num_cat=0
split_feature=3 4 3 5 6 3 2 2 9 2 4 5 7 7
split_gain=41654.3 116282 29766.7 85293.5 55633.7 47363.5 38096 23641.4 26619.8 22689.9 19967.4 30869.9 17115.1 16438.4
threshold=372.50000000000006 435.50000000000006 908.50000000000011 943.50000000000011 805.50000000000011 830.50000000000011 1.0000000180025095e-35 14.500000000000002 79.599626371562394 3.5000000000000004 949.50000000000011 943.50000000000011 965.07142857142867 900.78571428571433
decision_type=2 2 2 2 2 2 2 2 2 2 2 2 2 2
left_child=1 -1 3 12 -4 -5 -6 8 -8 -10 11 -11 13 -2
right_child=2 -3 4 5 6 -7 7 -9 9 10 -12 -13 -14 -15
leaf_value=0.091099452243550968 0.025265800582044778 5.2953529187611181 -3.2642290830612186 5.21335079155185 -2.5333314458529159 1.2512644037604332 -0.24844355826015488 0.29826389378363111 0.30265570099537192 -4.7944843053817738 -0.71894004901250208 -1.0330092334747316 1.9802321889183738 -0.72084774354619807
leaf_weight=46 2577 13.999999999999998 15.999999999999998 10.999999999999998 18 24 301 166 12.999999999999998 12.000000000000002 14.999999999999998 9.9999999999999982 10.999999999999998 76
leaf_count=46 2577 14 16 11 18 24 301 166 13 12 15 10 11 76
internal_value=-8.79889e-10 1.30543 -0.0241002 0.0442702 -0.359003 2.49649 -0.272118 -0.193391 -0.425912 -1.49427 -2.12562 -3.08472 0.0120526 0.00389202
internal_weight=3310 60 3250 2699 551 35 535 517 351 50 37 22 2664 2653
internal_count=3310 60 3250 2699 551 35 535 517 351 50 37 22 2664 2653
is_linear=0
shrinkage=0.05


Tree=17
num_leaves=15
num_cat=0
split_feature=3 4 2 1 1 3 2 2 1 9 7 6 1 2
split_gain=37593 104974 28336.7 111333 85076.8 66365.6 22543.2 25074.6 37298.1 23889.3 20502.3 17109.1 15583.6 129254
threshold=372.50000000000006 473.50000000000006 1.0000000180025095e-35 2.5000000000000004 3.5000000000000004 501.50000000000006 4.5000000000000009 1.5000000000000002 2.5000000000000004 78.759512810680619 892.21428571428589 941.50000000000011 1.5000000000000002 5.5000000000000009
decision_type=2 2 2 2 2 2 2 2 2 2 2 2 2 2
left_child=1 -1 3 -2 5 -5 7 8 9 -4 -10 -12 13 -8
right_child=2 -3 6 4 -6 -7 12 -9 10 -11 11 -13 -14 -15
leaf_value=0.30485594336688521 0.80405604594945912 5.9166442251205451 0.88188838705624628 -0.98277181625366183 -0.040812883079051974 -6.0150410501580494 -4.2373155164718623 0.39640028814593903 -0.52509389526464723 -1.3728993935244425 -3.5044893262286969 -0.70419109106063849 0.0067474162714974686 -0.15639091645331177
leaf_weight=50 50 9.9999999999999982 73 10.000000000000002 20 19 20 594 88 13.999999999999998 12.000000000000002 9.9999999999999982 1690 650
leaf_count=50 50 10 73 10 20 19 20 594 88 14 12 10 1690 650
internal_value=-8.74759e-11 1.24015 -0.0228952 -0.855828 -2.54959 -4.27978 0.00327443 0.234279 -0.254552 0.519049 -0.8664 -2.23163 -0.0741514 -0.27821
internal_weight=3310 60 3250 99 49 29 3151 791 197 87 110 22 2360 670
internal_count=3310 60 3250 99 49 29 3151 791 197 87 110 22 2360 670
is_linear=0
shrinkage=0.05


Tree=18
num_leaves=15
num_cat=1
split_feature=3 4 3 5 6 3 2 2 9 2 4 5 0 8
split_gain=33927.7 96608.3 26413.4 76949.2 47866.9 43521.5 33317 21433.6 23770.7 20483.3 17916.4 27530.8 17270 59491.2
threshold=372.50000000000006 435.50000000000006 908.50000000000011 943.50000000000011 805.50000000000011 830.50000000000011 1.0000000180025095e-35 14.500000000000002 79.599626371562394 3.5000000000000004 949.50000000000011 943.50000000000011 0 834.33928571428589
decision_type=2 2 2 2 2 2 2 2 2 2 2 2 1 2
left_child=1 -1 3 12 -4 -5 -6 8 -8 -10 11 -11 13 -2
right_child=2 -3 4 5 6 -7 7 -9 9 10 -12 -13 -14 -15
leaf_value=0.071301684479998503 1.531097616089715 4.8149215153285434 -3.0320397794246676 4.9761754100972961 -2.3712669491767886 1.1781828393538794 -0.23670532722118934 0.28512626041669442 0.29333894940523003 -4.5369981765747056 -0.68136651039123541 -0.98477699041366584 -0.030890718148228736 -0.095079572852536459
leaf_weight=46 81 13.999999999999998 15.999999999999998 10.999999999999998 18 24 301 166 12.999999999999998 12.000000000000002 14.999999999999998 9.9999999999999982 2399 184
leaf_count=46 81 14 16 11 18 24 301 166 13 12 15 10 2399 184
internal_value=-1.00346e-09 1.17815 -0.0217504 0.0426539 -0.337226 2.37184 -0.256634 -0.18301 -0.404408 -1.41398 -2.01384 -2.92235 0.0120527 0.387361
internal_weight=3310 60 3250 2699 551 35 535 517 351 50 37 22 2664 265
internal_count=3310 60 3250 2699 551 35 535 517 351 50 37 22 2664 265
cat_boundaries=0 1
cat_threshold=132
is_linear=0
shrinkage=0.05


Tree=19
num_leaves=15
num_cat=0
split_feature=3 4 2 1 1 3 2 2 9 3 9 3 1 6
split_gain=31381.8 94381.6 25244.8 103111 84332.6 53612.4 18550.9 34767.7 35144.2 33491.4 27451.5 111175 20872 18613.8
threshold=384.50000000000006 457.50000000000006 1.0000000180025095e-35 2.5000000000000004 3.5000000000000004 724.50000000000011 7.5000000000000009 12.500000000000002 83.997069588319064 899.50000000000011 97.687773747703531 787.50000000000011 3.5000000000000004 908.50000000000011
decision_type=2 2 2 2 2 2 2 2 2 2 2 2 2 2
left_child=1 -1 3 -2 5 -5 10 8 12 -10 -4 -12 -8 -13
right_child=2 -3 6 4 -6 -7 7 -9 9 -11 11 13 -14 -15
leaf_value=0.31986476077139381 0.79035343454808604 5.0126646548509601 0.096035503300656633 -2.6107017093234588 0.0095798006653785711 -7.1768011307716364 -0.032928843863192017 0.059369594277116571 -0.60741301341490317 -3.6138858839869501 6.0022434806823739 1.524400298870527 -0.61359633141333947 -0.86197563463991345
leaf_weight=100 49 11.999999999999998 1262 18.000000000000004 20 9.9999999999999982 328 1135 22 15.999999999999998 9.9999999999999982 12.999999999999998 293 22
leaf_count=100 49 12 1262 18 20 10 328 1135 22 16 10 13 293 22
internal_value=-4.66851e-06 0.822665 -0.0288161 -0.823111 -2.47019 -4.24145 -0.00397039 -0.108353 -0.397223 -1.8733 0.139306 1.3528 -0.306899 0.0243926
internal_weight=3310 112 3198 97 48 28 3101 1794 659 38 1307 45 621 35
internal_count=3310 112 3198 97 48 28 3101 1794 659 38 1307 45 621 35
is_linear=0
shrinkage=0.05


Tree=20
num_leaves=15
num_cat=0
split_feature=3 4 2 4 6 8 5 6 2 2 5 5 3 7
split_gain=28322.1 85179.4 22783.4 38929 67143.2 51151.1 33322.5 25601.1 17377.5 19936.3 25612.4 33160.9 25529.8 15977.9
threshold=384.50000000000006 457.50000000000006 1.0000000180025095e-35 903.50000000000011 943.50000000000011 564.01785714285722 530.50000000000011 447.50000000000006 4.5000000000000009 1.5000000000000002 837.50000000000011 871.50000000000011 798.50000000000011 909.21428571428589
decision_type=2 2 2 2 2 2 2 2 2 2 2 2 2 2
left_child=1 -1 3 5 -5 6 7 -2 9 10 12 -12 -4 -10
right_child=2 -3 8 4 -6 -7 -8 -9 13 -11 11 -13 -14 -15
leaf_value=0.3038715257048607 -2.2050301234625902 4.7620314160982771 -0.134168744594103 -5.6572651863098127 -0.10983649988969167 1.8544388815051034 -3.0565016574412587 0.57058229716839615 -0.12210391366596927 0.3450211645322146 -3.7775980496406554 -0.57383810334971974 1.9900218678638339 0.2722869982727531
leaf_weight=100 11.999999999999998 11.999999999999998 122 10.000000000000002 11.999999999999998 21 14.999999999999998 27 2030 587 9.9999999999999982 42 15.999999999999998 294
leaf_count=100 12 12 122 10 12 21 15 27 2030 587 10 42 16 294
internal_value=-4.43189e-06 0.781532 -0.0273753 -0.781955 -2.63139 -0.239453 -1.05374 -0.283452 -0.00377187 0.200929 -0.244239 -1.18995 0.112114 -0.0722111
internal_weight=3310 112 3198 97 22 75 54 39 3101 777 190 52 138 2324
internal_count=3310 112 3198 97 22 75 54 39 3101 777 190 52 138 2324
is_linear=0
shrinkage=0.05


Tree=21
num_leaves=15
num_cat=0
split_feature=3 5 4 6 2 3 5 3 2 9 9 2 6 3
split_gain=27316.6 80637.5 39142.4 34871.8 24753.8 24010.3 24114.4 64265.9 18398.6 19454.7 26451.1 16675.7 24340.8 36092
threshold=892.50000000000011 944.50000000000011 931.50000000000011 805.50000000000011 1.0000000180025095e-35 324.50000000000006 901.50000000000011 752.50000000000011 14.500000000000002 71.952649511686516 73.898561187359263 6.5000000000000009 570.50000000000011 472.50000000000006
decision_type=2 2 2 2 2 2 2 2 2 2 2 2 2 2
left_child=1 5 -3 -2 -5 -1 11 -8 9 -6 -11 12 13 -7
right_child=3 2 -4 4 8 6 7 -9 -10 10 -12 -13 -14 -15
leaf_value=2.1103184972490587 -2.0808092823538646 0.4753402733802794 4.513821139335632 -1.9907947596750764 -0.13034324560442875 0.38750400761058973 4.4480583949522545 0.31087548402138054 0.22094394028963638 -3.221635467355902 -0.65115729455609583 -0.093848295478721158 0.56754995681264475 -0.33168146347641114
leaf_weight=13.999999999999998 26 10.000000000000002 14.999999999999998 19 290 335 10.999999999999998 64 211 10.999999999999998 111 1553 276 364
leaf_count=14 26 10 15 19 290 335 11 64 211 11 111 1553 276 364
internal_value=-4.20975e-06 0.0722214 2.89843 -0.285663 -0.212962 0.0452229 0.034116 0.917662 -0.158743 -0.353194 -0.882922 0.00790315 0.169975 0.0129925
internal_weight=3310 2642 25 668 642 2617 2603 75 623 412 122 2528 975 699
internal_count=3310 2642 25 668 642 2617 2603 75 623 412 122 2528 975 699
is_linear=0
shrinkage=0.05


Tree=22
num_leaves=15
num_cat=0
split_feature=3 5 6 2 1 1 2 2 1 9 3 9 6 3
split_gain=25307 147959 28785.5 20283.3 83222.5 35475.3 107063 31737.8 38729 23091.5 19550 17715.9 16101.7 124884
threshold=470.50000000000006 558.50000000000011 393.50000000000006 1.5000000000000002 2.5000000000000004 3.5000000000000004 1.0000000180025095e-35 2.5000000000000004 1.5000000000000002 78.759512810680619 324.50000000000006 28.171408766288369 829.50000000000011 710.00000000000011
decision_type=2 2 2 2 2 2 2 2 2 2 2 2 2 2
left_child=1 10 -2 4 9 6 -6 8 -5 -4 -1 -7 -9 -14
right_child=2 -3 3 7 5 11 -8 12 -10 -11 -12 -13 13 -15
leaf_value=2.0048025778361729 -2.3399272965533391 5.3375767120293212 1.0328928110675075 2.6876952524163897 -5.9033414522806806 -2.3159607777262439 -0.18376057611571417 -0.17925219400750317 0.35721774460526845 -0.97215830485026045 0.11983761090529979 -0.52141046888298459 5.1665391812721886 0.028073218631290711
leaf_weight=13.999999999999998 13.999999999999998 13.999999999999998 71 21 14.999999999999998 17 18 1310 118 18 788 72 11.999999999999998 808
leaf_count=14 14 14 71 21 15 17 18 1310 118 18 788 72 12 808
internal_value=-4.00087e-06 0.241698 -0.0790852 -0.0663224 -0.535233 -1.38337 -2.78357 -0.0227173 0.709304 0.627377 0.152742 -0.86419 -0.0704877 0.10327
internal_weight=3310 816 2494 2480 211 122 33 2269 139 89 802 89 2130 820
internal_count=3310 816 2494 2480 211 122 33 2269 139 89 802 89 2130 820
is_linear=0
shrinkage=0.05


Tree=23
num_leaves=15
num_cat=0
split_feature=3 5 3 6 2 9 7 4 6 8 3 6 3 9
split_gain=24663.5 77352.8 192499 41823 27744.3 26103.1 22146.2 26567.5 25870.4 25533.9 23356.7 51216 19924.3 15696.5
threshold=873.50000000000011 901.50000000000011 724.50000000000011 741.50000000000011 13.500000000000002 71.128816860948703 908.50000000000011 958.50000000000011 845.50000000000011 829.28571428571433 1002.5000000000001 1029.5000000000002 324.50000000000006 57.75018609987702
decision_type=2 2 2 2 2 2 2 2 2 2 2 2 2 2
left_child=1 12 -3 -2 6 -4 7 8 9 -5 13 -12 -1 -8
right_child=3 2 5 4 -6 -7 10 -9 -10 -11 11 -13 -14 -15
leaf_value=1.9045624698911394 -3.4621976327896125 8.0777808475494393 2.2297648274898529 0.168769113222758 0.19712629860122707 0.11520411725397464 -0.2090217646956444 -3.1731197899038142 -0.4086099289643465 -2.5602203993002575 -2.7958506573330273 -0.078966521290017341 0.012942644817927255 0.87762005968457635
leaf_weight=13.999999999999998 9.9999999999999982 9.9999999999999982 20 11.999999999999998 271 54 65 10.999999999999998 189 30 22 82 2452 68
leaf_count=14 10 10 20 12 271 54 65 11 189 30 22 82 2452 68
internal_value=-3.80034e-06 0.0745072 1.5666 -0.250008 -0.207179 0.686707 -0.435919 -0.772368 -0.658046 -1.78051 -0.0923722 -0.653692 0.0236818 0.346555
internal_weight=3310 2550 84 760 750 74 479 242 231 42 237 104 2466 133
internal_count=3310 2550 84 760 750 74 479 242 231 42 237 104 2466 133
is_linear=0
shrinkage=0.05


Tree=24
num_leaves=15
num_cat=1
split_feature=3 5 7 6 8 8 9 4 9 3 9 6 0 3
split_gain=22418.6 68374.4 30387.4 46396.3 28825.7 34928.5 31466.4 26506.3 20489.9 68010.7 22360.1 33227.4 23098.5 14033.7
threshold=892.50000000000011 943.50000000000011 909.21428571428589 779.50000000000011 899.46428571428589 906.69642857142878 83.997069588319064 931.50000000000011 49.966039653096722 372.50000000000006 57.97000021899256 862.50000000000011 0 469.50000000000006
decision_type=2 2 2 2 2 2 2 2 2 2 2 2 1 2
left_child=1 8 3 -2 6 -6 -5 -3 13 -10 11 12 -11 -1
right_child=2 7 -4 4 5 -7 -8 -9 9 10 -12 -13 -14 -15
leaf_value=0.1143029357042062 -3.971547183990479 0.67926788980310593 0.055023051293660474 -0.21522386359379572 -3.5757532507181162 -0.15598378692354475 -2.5716805740197501 3.8676478009670974 3.9578663751482965 -0.062371353948570844 0.0026784079022750575 3.3428004550933839 0.78131087007932365 -0.18902231893338273
leaf_weight=623 9.9999999999999982 11.000000000000002 358 255 16.000000000000004 13.999999999999998 14.999999999999998 15.999999999999998 11.999999999999998 149 662 9.9999999999999982 176 983
leaf_count=623 10 11 358 255 16 14 15 16 12 149 662 10 176 983
internal_value=-3.61138e-06 0.0654271 -0.258788 -0.621189 -0.50951 -1.97986 -0.346138 2.56868 0.0395809 0.216157 0.171121 0.503984 0.416636 -0.0713563
internal_weight=3310 2642 668 310 300 30 270 27 2615 1009 997 335 325 1606
internal_count=3310 2642 668 310 300 30 270 27 2615 1009 997 335 325 1606
cat_boundaries=0 1
cat_threshold=17
is_linear=0
shrinkage=0.05


Tree=25
num_leaves=15
num_cat=0
split_feature=2 1 4 5 2 1 7 8 9 8 9 1 2 9
split_gain=17641.5 83113.6 35325.9 114562 34337.9 57397.2 21927.7 24982.6 23415.1 21666.3 17837.7 16161.3 56307.9 56082.2
threshold=1.5000000000000002 2.5000000000000004 903.50000000000011 933.50000000000011 2.5000000000000004 1.5000000000000002 578.07142857142867 834.33928571428589 57.97000021899256 924.28571428571433 78.759512810680619 2.5000000000000004 7.5000000000000009 97.687773747703531
decision_type=2 2 2 2 2 2 2 2 2 2 2 2 2 2
left_child=1 10 6 -4 5 -2 8 -8 -3 -5 -1 -6 13 -13
right_child=4 2 3 9 11 -7 7 -9 -10 -11 -12 12 -14 -15
leaf_value=0.74095378832616765 2.6859002391497295 -0.76865685702097131 -7.065531778335572 0.45776791254679355 -0.14943852108761657 0.31373415385646858 2.004999251876558 -1.1040032784144083 -3.133400515963634 -2.229627251625061 -0.94516344070434577 0.40343856777359854 -0.11908308389107043 3.0997165653109553
leaf_weight=122 30 82 9.9999999999999982 15.000000000000002 1180 170 14.000000000000002 11.999999999999998 11.999999999999998 14.999999999999998 18 540 1070 20
leaf_count=122 30 82 10 15 1180 170 14 12 12 15 18 540 1070 20
internal_value=0.000105169 -0.365528 -1.14401 -2.43083 0.036547 0.669559 -0.715073 0.570075 -1.07054 -0.88593 0.524167 -0.00850719 0.0935167 0.499734
internal_weight=3310 300 160 40 3010 200 120 26 94 30 140 2810 1630 560
internal_count=3310 300 160 40 3010 200 120 26 94 30 140 2810 1630 560
is_linear=0
shrinkage=0.05


Tree=26
num_leaves=15
num_cat=1
split_feature=3 4 6 3 5 3 7 6 8 8 9 3 0 3
split_gain=20345 83099.9 18262.2 16425 53649.3 51343.4 33493 47364.9 23807.4 29673 22532.8 15507.1 14843.9 21758.7
threshold=407.50000000000006 491.50000000000006 382.00000000000006 908.50000000000011 935.50000000000011 825.50000000000011 909.21428571428589 814.50000000000011 899.46428571428589 906.69642857142878 83.997069588319064 843.50000000000011 0 472.50000000000006
decision_type=2 2 2 2 2 2 2 2 2 2 2 2 1 2
left_child=1 -1 -2 4 12 -6 7 -5 10 -10 -9 -7 -4 -14
right_child=2 -3 3 6 5 11 -8 8 9 -11 -12 -13 13 -15
leaf_value=0.24072361661665587 -1.3533031681409249 4.694370798631148 -0.13913223435135161 -3.6657641264108514 4.6621915215795688 -0.61377842426300055 0.056614965529836442 -0.20086860688823149 -3.542557937971182 -0.22516567890460673 -2.2863750653607506 1.4881174003636397 0.89298938523574045 0.057716536085725315
leaf_weight=219 26 10.999999999999998 1083 12.999999999999998 10.999999999999998 12.999999999999998 324 173 14.000000000000002 12.999999999999998 13.999999999999998 27 83 1286
leaf_count=219 26 11 1083 13 11 13 324 173 14 13 14 27 83 1286
internal_value=9.99118e-05 0.453724 -0.0337746 -0.0225409 0.0318634 1.63694 -0.269681 -0.735407 -0.557395 -1.94529 -0.357003 0.805001 -0.00152119 0.107572
internal_weight=3310 230 3080 3054 2503 51 551 227 214 27 187 40 2452 1369
internal_count=3310 230 3080 3054 2503 51 551 227 214 27 187 40 2452 1369
cat_boundaries=0 1
cat_threshold=594
is_linear=0
shrinkage=0.05


Tree=27
num_leaves=15
num_cat=0
split_feature=2 1 1 8 2 9 2 2 9 8 9 5 4 1
split_gain=16197 66995.3 63196.9 32275.2 17855.8 33602.7 44922.6 26596.2 30084.5 17841.9 15604.7 15602.6 23720.4 15202.1
threshold=1.0000000180025095e-35 2.5000000000000004 3.5000000000000004 833.03571428571433 7.5000000000000009 97.687773747703531 5.5000000000000009 12.500000000000002 83.997069588319064 825.89285714285722 75.556572090496886 941.50000000000011 931.50000000000011 3.5000000000000004
decision_type=2 2 2 2 2 2 2 2 2 2 2 2 2 2
left_child=1 -1 3 -3 5 10 9 8 13 -7 -2 12 -12 -6
right_child=4 2 -4 -5 7 6 -8 -9 -10 -11 11 -13 -14 -15
leaf_value=0.66759436468407518 0.1645023722300398 -2.2124953341484068 0.25635142475366596 -5.6914624214172367 -0.017756537630424254 2.3944558548927311 4.2726207348433407 0.064700504598852071 -1.6948898359741038 -0.10447890639305116 -0.44562527741546987 0.667144701126963 -2.9201165524396031 -0.50120671417624241
leaf_weight=50 1197 20.000000000000004 20 9.9999999999999982 342 9.9999999999999982 10.999999999999998 1160 38 25 81 25 10.999999999999998 310
leaf_count=50 1197 20 20 10 342 10 11 1160 38 25 81 25 11 310
internal_value=7.39008e-05 -0.626578 -1.92075 -3.37215 0.0195958 0.157134 1.48547 -0.0815135 -0.327323 0.609502 0.110632 -0.440498 -0.741488 -0.247618
internal_weight=3310 100 50 30 3210 1360 46 1850 690 35 1314 117 92 652
internal_count=3310 100 50 30 3210 1360 46 1850 690 35 1314 117 92 652
is_linear=0
shrinkage=0.05


Tree=28
num_leaves=15
num_cat=0
split_feature=3 7 5 6 2 4 3 5 2 6 3 7 3 8
split_gain=18801.2 121328 25602.7 23539.8 19967.7 27834.6 16167.9 49473.4 28209.8 25736.6 22044.4 21519.5 24562.6 21596.8
threshold=470.50000000000006 530.28571428571433 544.50000000000011 473.50000000000006 9.5000000000000018 512.50000000000011 873.50000000000011 944.50000000000011 13.500000000000002 796.50000000000011 837.50000000000011 768.42857142857156 698.50000000000011 866.71428571428589
decision_type=2 2 2 2 2 2 2 2 2 2 2 2 2 2
left_child=1 2 -1 4 5 -2 7 11 9 -8 -9 -5 -13 -14
right_child=3 -3 -4 6 -6 -7 8 10 -10 -11 -12 12 13 -15
leaf_value=0.098275813636417172 -0.64145401021973658 5.4240227352489123 2.1834939837455751 -0.097663681423417914 0.036457243266607257 -2.6298632586544213 -2.0740991917641267 4.1339189195632917 0.19477350677456362 -0.36067428699904874 1.0113552038486187 2.2949284855524699 0.45679783537530527 -0.27525429457842887
leaf_weight=790 88 10.999999999999998 14.999999999999998 1032 71 22 23 10.000000000000002 271 465 12.999999999999998 14.999999999999998 341 143
leaf_count=790 88 11 15 1032 71 22 23 10 271 465 13 15 341 143
internal_value=7.02056e-05 0.2084 0.137131 -0.0680923 -0.617218 -1.03914 -0.0251214 0.0672642 -0.214274 -0.44143 2.36899 0.0326856 0.302266 0.24051
internal_weight=3310 816 805 2494 181 110 2313 1554 759 488 23 1531 499 484
internal_count=3310 816 805 2494 181 110 2313 1554 759 488 23 1531 499 484
is_linear=0
shrinkage=0.05


Tree=29
num_leaves=15
num_cat=0
split_feature=3 4 2 1 1 2 9 2 1 9 8 7 7 3
split_gain=17465.3 71835.1 16367.3 66758.6 31959.9 60095.1 50359.4 28023.9 37748 17127.3 14773.9 11544.7 45114.9 41595.2
threshold=407.50000000000006 491.50000000000006 1.5000000000000002 2.5000000000000004 3.5000000000000004 1.0000000180025095e-35 67.408044058143716 2.5000000000000004 1.5000000000000002 78.759512810680619 924.28571428571433 909.21428571428589 900.78571428571433 864.50000000000011
decision_type=2 2 2 2 2 2 2 2 2 2 2 2 2 2
left_child=1 -1 3 9 5 6 -5 8 -4 -2 -6 12 -9 -13
right_child=2 -3 7 4 10 -7 -8 11 -10 -11 -12 13 -14 -15
leaf_value=0.22232433097207385 0.72611809861891485 4.3631201223893603 2.3675563372098485 -5.6496553166707351 -0.40212340034702998 -0.10214067704975605 -1.3039923350016276 -0.038369582889458048 0.31069022206364166 -0.94555628564622674 -2.2651390877862769 3.1273364392419656 -1.3458342823008185 0.12956805391435477
leaf_weight=219 103 10.999999999999998 26 15.000000000000002 94 20 11.999999999999998 2219 157 18 11.999999999999998 11.999999999999998 68 324
leaf_count=219 103 11 26 15 94 20 12 2219 157 18 12 12 68 324
internal_value=6.66953e-05 0.420362 -0.031319 -0.40017 -1.09423 -2.17948 -3.71825 0.00469853 0.602923 0.477439 -0.613031 -0.037038 -0.0772448 0.236631
internal_weight=3310 230 3080 274 153 47 27 2806 183 121 106 2623 2287 336
internal_count=3310 230 3080 274 153 47 27 2806 183 121 106 2623 2287 336
is_linear=0
shrinkage=0.05


Tree=30
num_leaves=15
num_cat=0
split_feature=3 5 6 4 3 5 6 3 7 3 8 4 7 5
split_gain=16090.5 110203 20961.6 15500 14188.2 44481.5 25298.8 22107.3 18753.1 22368.3 19312.4 20779 17561.3 16133.5
threshold=470.50000000000006 558.50000000000011 473.50000000000006 512.50000000000011 873.50000000000011 943.50000000000011 752.50000000000011 830.50000000000011 768.42857142857156 698.50000000000011 863.39285714285722 873.50000000000011 843.21428571428589 798.50000000000011
decision_type=2 2 2 2 2 2 2 2 2 2 2 2 2 2
left_child=1 -1 3 -2 5 8 -6 -7 -4 -10 11 12 -11 -8
right_child=2 -3 4 -5 6 7 13 -9 9 10 -12 -13 -14 -15
leaf_value=0.11601953882630203 -0.35062676991496622 4.5906895620482313 -0.091623875222623705 -1.5097763558228812 -2.6979130941629412 3.8335263555700116 -1.5002629941160031 0.83817551136016855 2.1836752669016519 0.89219656814326798 -0.22384562144831102 -0.68469105139374742 0.080129856120834564 -0.12591653171801195
leaf_weight=802 145 13.999999999999998 1032 36 9.9999999999999982 11.000000000000002 22 13.999999999999998 14.999999999999998 179 161 36 106 727
leaf_count=802 145 14 1032 36 10 11 22 14 15 179 161 36 106 727
internal_value=6.33603e-05 0.192791 -0.0629942 -0.581176 -0.0224448 0.0641 -0.199639 2.15613 0.0298942 0.282221 0.223048 0.44719 0.590165 -0.166285
internal_weight=3310 816 2494 181 2313 1554 759 25 1529 497 482 321 285 749
internal_count=3310 816 2494 181 2313 1554 759 25 1529 497 482 321 285 749
is_linear=0
shrinkage=0.05


Tree=31
num_leaves=15
num_cat=0
split_feature=3 6 2 1 1 9 2 1 2 2 6 3 2 1
split_gain=15228.5 44332.8 13010.4 58035.2 61795.4 37726.6 11605.2 16170.6 22329.7 19365 18957.9 52826.4 17628.9 14254.5
threshold=386.50000000000006 479.50000000000006 1.0000000180025095e-35 2.5000000000000004 3.5000000000000004 67.408044058143716 4.5000000000000009 1.5000000000000002 2.5000000000000004 1.5000000000000002 870.50000000000011 890.50000000000011 1.5000000000000002 2.5000000000000004
decision_type=2 2 2 2 2 2 2 2 2 2 2 2 2 2
left_child=1 -1 3 -2 5 -5 7 8 12 10 13 -12 -4 -9
right_child=2 -3 6 4 -6 -7 -8 9 -10 -11 11 -13 -14 -15
leaf_value=0.22061388252103434 0.61909780684782545 3.3052717094237991 0.63116355836391458 -4.9327209711074822 0.29566271573305131 -1.2240145047505697 -0.059334869708869101 0.77537033518155418 0.15767263443424151 0.19725838287996789 -4.5582022440433505 -0.23277112642923992 2.2360464430148048 -0.50264510281383989
leaf_weight=112 49 12.999999999999998 44 16.000000000000004 20 11.999999999999998 2314 30 130 428 9.9999999999999982 24 28 80
leaf_count=112 49 13 44 16 20 12 2314 30 130 428 10 24 28 80
internal_value=6.0192e-05 0.541418 -0.0211862 -0.591368 -1.82705 -3.34328 -0.00327571 0.164322 0.548901 0.0285097 -0.473049 -1.50496 1.25528 -0.154095
internal_weight=3310 125 3185 97 48 28 3088 774 202 572 144 34 72 110
internal_count=3310 125 3185 97 48 28 3088 774 202 572 144 34 72 110
is_linear=0
shrinkage=0.05


Tree=32
num_leaves=15
num_cat=1
split_feature=3 4 8 2 6 7 9 3 9 0 2 7 2 7
split_gain=14130.2 38933.4 34333.8 23019.6 26740.9 17580.5 15991.1 44412.4 16327.4 32694.1 32936.1 25093.3 15268.9 14782.5
threshold=892.50000000000011 929.50000000000011 898.17857142857156 14.500000000000002 814.50000000000011 837.07142857142867 49.966039653096722 372.50000000000006 59.135957919766504 0 4.5000000000000009 554.07142857142867 4.5000000000000009 528.14285714285722
decision_type=2 2 2 2 2 2 2 2 2 1 2 2 2 2
left_child=1 6 12 4 -2 -6 -1 -8 9 10 11 13 -3 -9
right_child=3 2 -4 -5 5 -7 7 8 -10 -11 -12 -13 -14 -15
leaf_value=-0.067104605954089111 -2.0317762094239398 -0.5212097565333047 4.2146711134910584 0.22065562745772824 -2.289838024161079 -0.26481658203001518 3.2108522127072017 2.0233928872006275 -0.009478641756732702 0.042845137524943989 0.46223377215126193 3.1642668659870443 2.1242129468917845 -0.42596854648806837
leaf_weight=1606 24 12.000000000000002 9.9999999999999982 215 10.999999999999998 418 11.999999999999998 14.000000000000002 611 247 83 26 9.9999999999999982 10.999999999999998
leaf_count=1606 24 12 10 215 11 418 12 14 611 247 83 26 10 11
internal_value=5.7182e-05 0.0520032 1.78545 -0.205394 -0.407603 -0.31674 0.0307503 0.187279 0.150704 0.407584 1.00193 2.07672 0.681255 0.945674
internal_weight=3310 2642 32 668 453 429 2610 1004 992 381 134 51 22 25
internal_count=3310 2642 32 668 453 429 2610 1004 992 381 134 51 22 25
cat_boundaries=0 1
cat_threshold=388
is_linear=0
shrinkage=0.05


Tree=33
num_leaves=15
num_cat=0
split_feature=3 7 4 6 2 4 3 5 3 7 6 8 8 9
split_gain=13870.9 101162 19258.4 18735.6 17874.5 22218.9 11532.5 38936.2 39300.2 26306.3 34954.5 20925.1 25946.5 19213.5
threshold=470.50000000000006 530.28571428571433 541.50000000000011 473.50000000000006 9.5000000000000018 512.50000000000011 908.50000000000011 935.50000000000011 825.50000000000011 909.21428571428589 814.50000000000011 899.46428571428589 906.69642857142878 83.997069588319064
decision_type=2 2 2 2 2 2 2 2 2 2 2 2 2 2
left_child=1 2 -1 4 5 -2 7 -5 -9 10 -8 13 -13 -12
right_child=3 -3 -4 6 -6 -7 9 8 -10 -11 11 12 -14 -15
leaf_value=0.086496770363242478 -0.59226515622047538 4.9415065938776195 2.294473814070225 0.0017037984602504927 0.07008171207468275 -2.3688068598508836 -3.1498992846562315 4.050445534966209 0.67581542700529107 0.069376378686362761 -0.14757829796350588 -3.2744056020464209 -0.1723048861210163 -2.0733580921377457
leaf_weight=795 88 10.999999999999998 9.9999999999999982 1711 71 22 12.999999999999998 10.999999999999998 40 324 173 14.000000000000002 12.999999999999998 13.999999999999998
leaf_count=795 88 11 10 1711 71 22 13 11 40 324 173 14 13 14
internal_value=6.07953e-05 0.179003 0.113925 -0.0584864 -0.548383 -0.947573 -0.0201503 0.042283 1.40368 -0.219801 -0.632548 -0.479625 -1.7808 -0.291754
internal_weight=3310 816 805 2494 181 110 2313 1762 51 551 227 214 27 187
internal_count=3310 816 805 2494 181 110 2313 1762 51 551 227 214 27 187
is_linear=0
shrinkage=0.05


Tree=34
num_leaves=15
num_cat=0
split_feature=3 2 1 4 5 2 1 7 8 8 9 9 1 2
split_gain=12975.7 12193.1 52998.4 28461.7 96212.6 26156 44040.8 21060.7 22070.7 17961.9 16208.4 13669 11683.1 37315.6
threshold=324.50000000000006 1.5000000000000002 2.5000000000000004 903.50000000000011 933.50000000000011 2.5000000000000004 1.5000000000000002 578.07142857142867 834.33928571428589 924.28571428571433 57.97000021899256 78.759512810680619 2.5000000000000004 7.5000000000000009
decision_type=2 2 2 2 2 2 2 2 2 2 2 2 2 2
left_child=-1 2 11 7 -5 6 -3 10 -9 -6 -4 -2 -7 -14
right_child=1 5 3 4 9 12 -8 8 -10 -11 -12 -13 13 -15
leaf_value=1.5190358298165458 0.58832383542168942 2.342596248102685 -0.64529866663118207 -6.3366785430908203 0.54988405148188269 -0.13566826095902149 0.26468188157852962 2.0590704296316416 -0.86313105002045631 -1.897013798157374 -2.6143083651860555 -0.88767504294713351 0.40351883452611798 -0.10167124459359381
leaf_weight=13.999999999999998 122 30 81 9.9999999999999982 15.000000000000002 1174 170 14.000000000000002 11.999999999999998 14.999999999999998 11.999999999999998 18 556 1067
leaf_count=14 122 30 81 10 15 1174 170 14 12 15 12 18 556 1067
internal_value=5.77556e-05 -0.00639421 -0.310862 -0.935504 -2.08934 0.0239815 0.576369 -0.547659 0.710362 -0.673565 -0.899364 0.398553 -0.0155171 0.0713945
internal_weight=3310 3296 299 159 40 2997 200 119 26 30 93 140 2797 1623
internal_count=3310 3296 299 159 40 2997 200 119 26 30 93 140 2797 1623
is_linear=0
shrinkage=0.05


Tree=35
num_leaves=15
num_cat=1
split_feature=3 4 0 3 5 6 7 3 7 3 5 7 8 9
split_gain=12289.1 54500.4 11566.8 22134.3 46491.6 21110.7 20606.6 12121 20839.7 37939.9 19912 18518.2 30301.9 27262.7
threshold=407.50000000000006 491.50000000000006 0 511.50000000000006 558.50000000000011 479.50000000000006 530.28571428571433 915.50000000000011 966.07142857142867 1015.5000000000001 935.50000000000011 922.64285714285722 899.46428571428589 75.556572090496886
decision_type=2 2 1 2 2 2 2 2 2 2 2 2 2 2
left_child=1 -1 3 4 -2 -5 -6 10 9 11 -7 12 13 -9
right_child=2 -3 -4 5 6 7 -8 8 -10 -11 -12 -13 -14 -15
leaf_value=0.18011392939614651 0.29398035089884489 3.786858762394298 -0.12955641437037635 -1.4798681636651358 1.2680358041416513 0.064961800482585041 4.4041137212514876 0.10665144814712997 0.18550128684565426 -3.1279613847915946 1.1104662789652744 0.42359508729443474 -2.1482117979614825 -1.3254838152478139
leaf_weight=219 210 10.999999999999998 1434 24 11.000000000000002 889 9.9999999999999982 108 200 12.999999999999998 48 58 27 48
leaf_count=219 210 11 1434 24 11 889 10 108 200 13 48 58 27 48
internal_value=5.48684e-05 0.35261 -0.0262723 0.0641067 0.518292 -0.00958638 2.76141 0.0157815 -0.196258 -0.496857 0.11852 -0.35493 -0.601675 -0.334006
internal_weight=3310 230 3080 1646 231 1415 21 1391 454 254 937 241 183 156
internal_count=3310 230 3080 1646 231 1415 21 1391 454 254 937 241 183 156
cat_boundaries=0 1
cat_threshold=421
is_linear=0
shrinkage=0.05


Tree=36
num_leaves=15
num_cat=0
split_feature=3 7 6 4 2 4 2 2 3 9 9 4 9 7
split_gain=11445.6 85000.5 16344.3 16164 16019.1 18633.4 11876 10598.9 22761.2 75444.9 47030.1 21861.1 7851.84 36822.8
threshold=470.50000000000006 530.28571428571433 473.50000000000006 541.50000000000011 9.5000000000000018 512.50000000000011 3.5000000000000004 1.0000000180025095e-35 845.50000000000011 61.087211982397584 61.702038149009375 544.50000000000011 71.732117365572677 909.21428571428589
decision_type=2 2 2 2 2 2 2 2 2 2 2 2 2 2
left_child=1 3 4 -1 5 -2 -7 8 10 -10 11 -4 -9 -14
right_child=2 -3 7 -5 -6 6 -8 12 9 -11 -12 -13 13 -15
leaf_value=0.077797785842082468 -0.56324158585418693 4.5281129446896644 0.11782373380329872 2.1006249803304673 0.074769854744974995 -1.1296559532483417 -3.4627193450927738 0.046632947598301035 1.0273431082566578 -4.4705025805876808 2.719442443052928 -2.6372891346613567 -0.37910370378424402 0.94702083149039362
leaf_weight=795 88 10.999999999999998 18.000000000000004 9.9999999999999982 71 12.000000000000002 9.9999999999999982 1816 12.000000000000002 12.999999999999998 11.999999999999998 11.999999999999998 369 61
leaf_count=795 88 11 18 10 71 12 10 1816 12 13 12 12 369 61
internal_value=3.25543e-05 0.162579 -0.0531504 0.102926 -0.510716 -0.888621 -2.19014 -0.0173443 -0.637041 -1.83154 0.0739683 -0.984221 0.00114178 -0.190979
internal_weight=3310 816 2494 805 181 110 22 2313 67 25 42 30 2246 430
internal_count=3310 816 2494 805 181 110 22 2313 67 25 42 30 2246 430
is_linear=0
shrinkage=0.05


Tree=37
num_leaves=15
num_cat=0
split_feature=3 2 1 8 6 4 7 2 1 9 9 8 1 2
split_gain=10776.6 10380.7 46229.3 24729 44976.5 56206.1 38751.6 23543.1 39672.4 13853.1 12260.4 10695.7 10479.9 33241.1
threshold=324.50000000000006 1.5000000000000002 2.5000000000000004 839.17857142857156 931.50000000000011 903.50000000000011 578.07142857142867 2.5000000000000004 1.5000000000000002 57.97000021899256 78.759512810680619 522.982142857143 2.5000000000000004 7.5000000000000009
decision_type=2 2 2 2 2 2 2 2 2 2 2 2 2 2
left_child=-1 2 10 6 5 -5 9 8 -3 -4 11 -2 -9 -14
right_child=1 7 3 4 -6 -7 -8 12 -10 -11 -12 -13 13 -15
leaf_value=1.384320364679609 0.16537853831218349 2.2225922705729806 -0.60400016608383555 -0.95535985231399501 -0.46157430048499792 -6.0098834731362087 1.8250704925507308 -0.12909131433388965 0.25042321930475098 -2.4243397216002149 -0.84236544436878624 1.1173062324523926 0.3804870504339849 -0.096324931202550632
leaf_weight=13.999999999999998 72 30 81 11.000000000000002 28 10.999999999999998 15.999999999999998 1174 170 11.999999999999998 18 50 556 1067
leaf_count=14 72 30 81 11 28 11 16 1174 170 12 18 50 556 1067
internal_value=3.0926e-05 -0.00584894 -0.286778 -0.870168 -1.79084 -3.48262 -0.447844 0.0221784 0.546249 -0.838883 0.375786 0.555513 -0.0152954 0.0670192
internal_weight=3310 3296 299 159 50 22 109 2997 200 93 140 122 2797 1623
internal_count=3310 3296 299 159 50 22 109 2997 200 93 140 122 2797 1623
is_linear=0
shrinkage=0.05


Tree=38
num_leaves=15
num_cat=1
split_feature=3 4 6 0 3 7 6 2 1 3 5 7 3 7
split_gain=10237.4 46666.3 10565.8 8590.18 17848.1 42838.1 16283.9 14026.2 19443.8 10756.6 17767.8 17687.5 33996.7 15866.6
threshold=407.50000000000006 491.50000000000006 382.00000000000006 0 511.50000000000006 572.57142857142867 479.50000000000006 1.0000000180025095e-35 2.5000000000000004 915.50000000000011 935.50000000000011 966.07142857142867 1015.5000000000001 922.64285714285722
decision_type=2 2 2 1 2 2 2 2 2 2 2 2 2 2
left_child=1 -1 -2 4 5 -4 -6 8 -5 10 -8 12 13 -11
right_child=2 -3 3 7 6 -7 9 -9 -10 11 -12 -13 -14 -15
leaf_value=0.1621937603245332 -1.0276746400273764 3.4996628782965922 0.31844455962744328 -0.059842408245260076 -1.353462490439415 3.5164432382041761 0.063754108153007027 -0.079641401782551843 -2.3112634181976319 -0.55316763409092784 1.0513619390626749 0.16951738925371318 -2.9497426496102261 0.39586526556261659
leaf_weight=219 26 10.999999999999998 218 22 22 10.999999999999998 889 1373 17 183 48 200 12.999999999999998 58
leaf_count=219 26 11 218 22 22 11 889 1373 17 183 48 200 13 58
internal_value=2.93809e-05 0.321812 -0.0239998 -0.0154551 0.0622008 0.47206 -0.00378349 -0.105454 -1.04123 0.017563 0.114347 -0.182186 -0.459119 -0.32477
internal_weight=3310 230 3080 3054 1642 229 1413 1412 39 1391 937 454 254 241
internal_count=3310 230 3080 3054 1642 229 1413 1412 39 1391 937 454 254 241
cat_boundaries=0 1
cat_threshold=421
is_linear=0
shrinkage=0.05


Tree=39
num_leaves=15
num_cat=0
split_feature=2 1 8 5 7 2 1 8 9 1 2 9 2 9
split_gain=9198.83 39745.4 22771.1 67035.9 34328.2 20754.4 35740.5 15004.9 12544.1 11152.3 32965.3 37038.1 28576.9 37935.5
threshold=1.5000000000000002 2.5000000000000004 839.17857142857156 911.50000000000011 578.07142857142867 2.5000000000000004 1.5000000000000002 924.28571428571433 57.97000021899256 2.5000000000000004 7.5000000000000009 97.687773747703531 9.5000000000000018 71.381138667659584
decision_type=2 2 2 2 2 2 2 2 2 2 2 2 2 2
left_child=1 -1 4 -4 8 6 -2 -5 -3 -7 11 -11 13 -12
right_child=5 2 3 7 -6 9 -8 -9 -10 10 12 -13 -14 -15
leaf_value=0.35124915192568945 2.1095778525372348 -0.54364201925331501 -4.4836517898241679 0.4080314272642136 1.7407492592930796 -0.12575615243358793 0.23768903509658929 -1.6839634227752687 -2.2744767030080157 0.30862650802984182 -0.30424510891047807 2.4997991165518765 0.017734020269582172 -2.2237469741792388
leaf_weight=140 30 82 14.999999999999998 20 15.999999999999998 1180 170 14.999999999999998 11.999999999999998 540 117 20 920 33
leaf_count=140 30 82 15 20 16 1180 170 15 12 540 117 20 920 33
internal_value=2.79102e-05 -0.263997 -0.802337 -1.68707 -0.400185 0.0263427 0.518472 -0.488538 -0.7646 -0.00868434 0.076067 0.386883 -0.0866028 -0.726536
internal_weight=3310 300 160 50 110 3010 200 35 94 2810 1630 560 1070 150
internal_count=3310 300 160 50 110 3010 200 35 94 2810 1630 560 1070 150
is_linear=0
shrinkage=0.05


Tree=40
num_leaves=15
num_cat=1
split_feature=3 5 0 2 3 5 9 7 5 4 5 8 7 8
split_gain=9462.68 73049.3 14009 15613.6 13028.9 56339.5 24939.6 49258.1 20826.1 35933.4 18564.7 18253.5 19315.4 18139.8
threshold=470.50000000000006 558.50000000000011 0 1.0000000180025095e-35 818.50000000000011 920.50000000000011 71.381138667659584 934.07142857142867 935.50000000000011 850.50000000000011 796.50000000000011 898.17857142857156 908.50000000000011 839.92857142857144
decision_type=2 2 1 2 2 2 2 2 2 2 2 2 2 2
left_child=1 -1 3 -2 5 10 -6 8 9 -8 -4 -10 -13 -11
right_child=2 -3 4 -5 6 -7 7 -9 11 13 -12 12 -14 -15
leaf_value=0.085319476469798469 -1.9329157079969133 3.7284261703491213 0.0066656134357484147 -0.23945517996896287 0.041249788157350212 2.9135772857401108 -0.26294963096008928 0.98663477677366007 0.23258121528408748 -0.74259818304330116 0.6691497318261912 -2.4355564922094342 0.15915606021881104 -2.3580205094134601
leaf_weight=802 13.999999999999998 13.999999999999998 839 490 728 18 61 46 66 25 121 16.000000000000004 12.999999999999998 57
leaf_count=802 14 14 839 490 728 18 61 46 66 25 121 16 13 57
internal_value=2.65155e-05 0.147824 -0.0483306 -0.280922 0.0119287 0.142131 -0.113781 -0.511184 -0.800679 -1.1819 0.0901662 -0.226837 -1.27241 -1.86551
internal_weight=3310 816 2494 504 1990 978 1012 284 238 143 960 95 29 82
internal_count=3310 816 2494 504 1990 978 1012 284 238 143 960 95 29 82
cat_boundaries=0 1
cat_threshold=82
is_linear=0
shrinkage=0.05


Tree=41
num_leaves=15
num_cat=1
split_feature=3 2 1 1 3 2 0 9 2 8 7 6 7 5
split_gain=9076.78 8120.75 36681.8 48342.9 35932.4 8114.96 14887.8 16334.3 17237.7 13617.1 23079.9 20326 26309.3 17409.1
threshold=324.50000000000006 1.0000000180025095e-35 2.5000000000000004 3.5000000000000004 501.50000000000006 4.5000000000000009 0 28.322126376317161 1.5000000000000002 866.71428571428589 821.14285714285722 899.50000000000011 847.50000000000011 887.50000000000011
decision_type=2 2 2 2 2 2 1 2 2 2 2 2 2 2
left_child=-1 2 -2 4 -4 6 -3 8 -8 10 -9 12 -12 -11
right_child=1 5 3 -5 -6 -7 7 9 -10 13 11 -13 -14 -15
leaf_value=1.2704572847911291 0.50141128718853001 -0.11830143263305991 -0.30181607842445368 0.46755074747838088 -4.0046570200669143 -0.03758087197935378 -2.3021065218882129 0.36184298093170969 -0.025018463590565851 -1.3506834174905507 3.690637221336365 0.08709408030623482 1.1767970918951665 0.24321282529222069
leaf_weight=13.999999999999998 50 320 10.000000000000002 20 19 2397 10.999999999999998 251 34 21 14.999999999999998 21 34 93
leaf_count=14 50 320 10 20 19 2397 11 251 34 21 15 21 34 93
internal_value=2.519e-05 -0.00537106 -0.451364 -1.42358 -2.72782 0.0084398 0.146329 0.318577 -0.58164 0.419027 0.585739 1.38857 1.94634 -0.0503996
internal_weight=3310 3296 99 49 29 3197 800 480 45 435 321 70 49 114
internal_count=3310 3296 99 49 29 3197 800 480 45 435 321 70 49 114
cat_boundaries=0 1
cat_threshold=531
is_linear=0
shrinkage=0.05


Tree=42
num_leaves=15
num_cat=0
split_feature=3 4 6 2 4 2 3 5 2 9 2 4 7 7
split_gain=8522.55 68320.6 13404.6 13846.1 14283.5 12019 8060.01 28542.1 19160.7 19647.2 32823.6 23572 15262.9 14647.7
threshold=470.50000000000006 546.50000000000011 473.50000000000006 9.5000000000000018 512.50000000000011 3.5000000000000004 873.50000000000011 944.50000000000011 13.500000000000002 83.997069588319064 4.5000000000000009 954.50000000000011 849.71428571428589 781.357142857143
decision_type=2 2 2 2 2 2 2 2 2 2 2 2 2 2
left_child=1 -1 3 4 -2 -6 7 13 9 12 -11 -12 -8 -4
right_child=2 -3 6 -5 5 -7 8 -9 -10 10 11 -13 -14 -15
leaf_value=0.077661295396307214 -0.52672460740220484 3.4835379433631903 -0.074749247749432826 0.084065302062622263 -0.88427124992012962 -3.2313384437561035 -1.1737199472693296 1.8000511367359888 0.19010375226225801 0.18780467283158075 -3.6728339100256555 -0.66611008210615674 -0.13759884204381051 0.26408238961766362
leaf_weight=801 88 14.999999999999998 1078 71 12.000000000000002 9.9999999999999982 39 23 271 21 16.000000000000004 10.999999999999998 401 453
leaf_count=801 88 15 1078 71 12 10 39 23 271 21 16 11 401 453
internal_value=6.05916e-06 0.140269 -0.045886 -0.460264 -0.811604 -1.95112 -0.0134596 0.0517701 -0.147013 -0.334223 -1.29476 -2.44787 -0.229437 0.025506
internal_weight=3310 816 2494 181 110 22 2313 1554 759 488 48 27 440 1531
internal_count=3310 816 2494 181 110 22 2313 1554 759 488 48 27 440 1531
is_linear=0
shrinkage=0.05


Tree=43
num_leaves=15
num_cat=1
split_feature=3 4 0 2 1 1 3 5 6 6 2 3 9 9
split_gain=8128.2 38545.4 8900.72 16594.3 16821.4 37054.6 15216.5 32963.4 14128.7 14110.4 12352 8566.05 14673.3 18012.7
threshold=407.50000000000006 491.50000000000006 0 1.0000000180025095e-35 2.5000000000000004 3.5000000000000004 511.50000000000006 558.50000000000011 479.50000000000006 570.50000000000011 3.5000000000000004 915.50000000000011 48.811015089358783 59.135957919766504
decision_type=2 2 1 2 2 2 2 2 2 2 2 2 2 2
left_child=1 -1 6 4 -4 -6 7 -2 10 -9 -8 12 -10 -14
right_child=2 -3 3 -5 5 -7 8 9 11 -11 -12 -13 13 -15
leaf_value=0.1416639205187423 0.24559435018116518 3.1748681794513356 -0.091161835193634036 -0.082534808205212848 -3.9196426689624779 0.20144197121262547 0.13611010253429409 1.0874878417361864 -0.17816289575788583 3.6825777626037599 -2.1647016525268556 -0.16071013294422942 0.65392724076973252 0.068329818970882791
leaf_weight=219 210 10.999999999999998 22 1390 12 10 10.000000000000002 11.000000000000002 309 9.9999999999999982 13.999999999999998 454 187 441
leaf_count=219 210 11 22 1390 12 10 10 11 309 10 14 454 187 441
internal_value=5.75735e-06 0.28673 -0.0214055 -0.112015 -1.06879 -2.04642 0.0578631 0.434472 -0.00320962 2.32324 -1.20603 0.0175436 0.103912 0.242704
internal_weight=3310 230 3080 1434 44 22 1646 231 1415 21 24 1391 937 628
internal_count=3310 230 3080 1434 44 22 1646 231 1415 21 24 1391 937 628
cat_boundaries=0 1
cat_threshold=421
is_linear=0
shrinkage=0.05


Tree=44
num_leaves=15
num_cat=0
split_feature=2 1 3 1 3 2 1 6 8 9 6 1 2 9
split_gain=7670.78 30752.3 22239.8 46176.3 40416.5 17738.5 31608.6 11518.3 14914.5 11413.3 12985 9964.33 27334.3 31215.6
threshold=1.5000000000000002 2.5000000000000004 818.50000000000011 3.5000000000000004 645.50000000000011 2.5000000000000004 1.5000000000000002 947.50000000000011 866.71428571428589 65.945519235208351 906.50000000000011 2.5000000000000004 7.5000000000000009 97.687773747703531
decision_type=2 2 2 2 2 2 2 2 2 2 2 2 2 2
left_child=1 9 4 -4 -3 6 -2 8 -5 -1 -11 -7 13 -13
right_child=5 2 3 7 -6 11 -8 -9 -10 10 -12 12 -14 -15
leaf_value=0.55576790304116486 1.9753162709871928 -0.60899377113673836 -3.7938129484653476 -0.096336611906687408 2.7311597633361817 -0.11900759918824376 0.21495147794485092 0.77203140367161149 -2.4612739721934003 0.27176500104722523 -1.7389408826828003 0.28294837053020105 -0.076362918399178609 2.2945302534103393
leaf_weight=106 30 96 15.999999999999998 15.000000000000002 9.9999999999999982 1180 170 10.999999999999998 11.999999999999998 21 12.999999999999998 540 1070 20
leaf_count=106 30 96 16 15 10 1180 170 11 12 21 13 540 1070 20
internal_value=5.46921e-06 -0.241095 -0.71463 -1.54054 -0.293885 0.0240354 0.479006 -0.591789 -1.14742 0.300087 -0.497034 -0.00834682 0.0717634 0.354791
internal_weight=3310 300 160 54 106 3010 200 38 27 140 34 2810 1630 560
internal_count=3310 300 160 54 106 3010 200 38 27 140 34 2810 1630 560
is_linear=0
shrinkage=0.05


Tree=45
num_leaves=15
num_cat=1
split_feature=3 2 8 8 6 6 5 0 7 2 6 3 3 3
split_gain=7473.74 6699.81 20705.5 53084.7 21848.9 48478.6 34196.4 23336.8 24735.7 16402.2 9993.47 165291 16339.5 43758
threshold=324.50000000000006 1.5000000000000002 924.28571428571433 975.62500000000011 943.50000000000011 906.50000000000011 933.50000000000011 0 578.07142857142867 2.5000000000000004 829.50000000000011 698.50000000000011 879.50000000000011 940.50000000000011
decision_type=2 2 2 2 2 2 2 1 2 2 2 2 2 2
left_child=-1 2 4 -4 5 7 -7 -2 -9 -3 12 -12 -11 -14
right_child=1 9 3 -5 -6 6 -8 8 -10 10 11 -13 13 -15
leaf_value=1.1528068985257831 -0.50880837295299919 0.455055894240737 -4.0299317270517339 0.43176874610284965 2.0833586107600821 -4.5969347280263886 -0.63797762989997864 -0.013642943517743856 1.4303110072347853 -0.053686433819251672 6.2208168029785158 0.050269480317063936 -2.05146943628788 1.6351948784156278
leaf_weight=13.999999999999998 107 200 12.000000000000002 14.999999999999998 10.999999999999998 10.000000000000002 11.999999999999998 87 45 1934 10.999999999999998 811 30 10.999999999999998
leaf_count=14 107 200 12 15 11 10 12 87 45 1934 11 811 30 11
internal_value=5.19707e-06 -0.00489141 -0.230583 -1.55121 -0.0994914 -0.191489 -2.4375 0.0152572 0.444909 0.017625 -0.0136535 0.132844 -0.0746261 -1.06236
internal_weight=3310 3296 299 27 272 261 22 239 132 2997 2797 822 1975 41
internal_count=3310 3296 299 27 272 261 22 239 132 2997 2797 822 1975 41
cat_boundaries=0 1
cat_threshold=531
is_linear=0
shrinkage=0.05


Tree=46
num_leaves=15
num_cat=1
split_feature=8 3 5 3 9 2 2 9 9 4 0 8 2 5
split_gain=7231.83 6532.65 24870.9 127941 17568.8 23051.7 19283.9 15675.1 14610.8 11712.2 15124.7 22995.6 60992.3 14578
threshold=377.3035714285715 908.50000000000011 901.50000000000011 724.50000000000011 48.238864064784934 1.0000000180025095e-35 29.500000000000004 74.867943239224758 54.153089952136888 903.50000000000011 0 849.55357142857156 4.5000000000000009 878.50000000000011
decision_type=2 2 2 2 2 2 2 2 2 2 1 2 2 2
left_child=-1 2 9 -4 6 -6 -3 8 -5 10 11 12 -2 -11
right_child=1 4 3 7 5 -7 -8 -9 -10 13 -12 -13 -14 -15
leaf_value=1.1339196530569877 3.1088664708137514 0.1130850242158352 6.1285397338867185 -0.38148023846902346 -2.3965713537656348 -0.25724073410994536 1.9601179495453835 -0.32325658895930309 1.2615797327871019 -0.014632907829114368 -0.033697295960805188 -0.080429868482881126 0.24739785378109921 -2.4469997595657005
leaf_weight=13.999999999999998 25 121 9.9999999999999982 19 12.999999999999998 401 15.999999999999998 61 47 14.000000000000002 2377 108 73 10.999999999999998
leaf_count=14 25 121 10 19 13 401 16 61 47 14 2377 108 73 11
internal_value=-7.19237e-05 -0.00488864 0.0266488 0.683306 -0.162003 -0.324418 0.328797 0.254547 0.788578 -0.00784587 0.00257833 0.403219 0.977364 -1.08487
internal_weight=3310 3296 2745 137 551 414 137 127 66 2608 2583 206 98 25
internal_count=3310 3296 2745 137 551 414 137 127 66 2608 2583 206 98 25
cat_boundaries=0 1
cat_threshold=132
is_linear=0
shrinkage=0.05


Tree=47
num_leaves=15
num_cat=0
split_feature=3 7 6 2 5 2 5 6 9 8 9 3 5 9
split_gain=7177.3 56826.5 11400.2 12427.4 10226.4 10205.9 8531.66 7051.52 6964.24 11882.5 11520.7 15450.9 11352.7 6914.41
threshold=470.50000000000006 526.357142857143 473.50000000000006 9.5000000000000018 549.50000000000011 8.5000000000000018 431.50000000000006 469.50000000000006 105.01008703336356 924.28571428571433 101.81377270143601 857.50000000000011 840.50000000000011 71.381138667659584
decision_type=2 2 2 2 2 2 2 2 2 2 2 2 2 2
left_child=1 4 3 5 -1 6 -2 -8 10 12 13 -12 -10 -4
right_child=2 -3 8 -5 -6 -7 7 -9 9 -11 11 -13 -14 -15
leaf_value=0.052665216415012372 -1.7495347176279343 3.4079854965209964 0.028402054667069049 0.091358110864817266 1.4665199197255649 -2.2801841747760774 -0.23622736179748097 -1.5428615873058638 -1.0412775218486783 -1.5798157867632414 2.4690398107875473 -0.077114326678789591 0.97746457934379594 -0.20490410102059575
leaf_weight=790 13.999999999999998 12.999999999999998 1859 71 12.999999999999998 9.9999999999999982 74 11.999999999999998 13.000000000000002 19 11.000000000000002 12.999999999999998 14.999999999999998 383
leaf_count=790 14 13 1859 71 13 10 74 12 13 19 11 13 15 383
internal_value=-7.34178e-05 0.128645 -0.0421881 -0.424332 0.0755545 -0.757186 -0.604886 -0.418548 -0.0122841 -0.614705 0.000210989 1.08987 0.0401915 -0.0114535
internal_weight=3310 816 2494 181 803 110 100 86 2313 47 2266 24 28 2242
internal_count=3310 816 2494 181 803 110 100 86 2313 47 2266 24 28 2242
is_linear=0
shrinkage=0.05


Tree=48
num_leaves=15
num_cat=1
split_feature=3 4 2 2 1 3 6 9 4 1 7 0 3 5
split_gain=6668.62 31977.5 7623.9 16322.1 20129.8 23010.6 28363.2 22274.2 26406.9 14637.1 13121.4 13077.6 16440.1 25277.1
threshold=407.50000000000006 491.50000000000006 12.500000000000002 7.5000000000000009 3.5000000000000004 837.50000000000011 784.50000000000011 71.732117365572677 941.50000000000011 1.0000000180025095e-35 781.357142857143 0 511.50000000000006 587.50000000000011
decision_type=2 2 2 2 2 2 2 2 2 2 2 1 2 2
left_child=1 -1 3 11 9 6 -6 -7 -9 -5 -8 12 13 -2
right_child=2 -3 -4 4 5 7 10 8 -10 -11 -12 -13 -14 -15
leaf_value=0.12750796784548998 0.47563907496720514 2.890235168283636 0.085927981068929515 -0.80141263858973988 -0.5158065081403832 -0.51914565840905369 -0.13092897027730938 -3.495162684293954 -0.89219416946172714 0.12859782767431302 2.2072873465220133 -0.14713127449025176 0.0646907804376603 3.0021205338564787
leaf_weight=219 99 10.999999999999998 1102 50 197 44 10.000000000000002 19 20 275 14.999999999999998 622 616 10.999999999999998
leaf_count=219 99 11 1102 50 197 44 10 19 20 275 15 622 616 11
internal_value=-6.97456e-05 0.259638 -0.0194635 -0.0781801 -0.288277 -0.580027 -0.314477 -1.29029 -2.16031 -0.0144807 1.272 0.0200105 0.162991 0.728287
internal_weight=3310 230 3080 1978 630 305 222 83 39 325 25 1348 726 110
internal_count=3310 230 3080 1978 630 305 222 83 39 325 25 1348 726 110
cat_boundaries=0 1
cat_threshold=421
is_linear=0
shrinkage=0.05


Tree=49
num_leaves=15
num_cat=0
split_feature=2 1 3 7 1 2 1 1 2 9 6 4 6 8
split_gain=6540.14 26414.7 18176.4 40885.8 39654.5 14100.3 28672.6 10259.6 20484.9 10057.3 10225.2 10038.2 9730.99 11749.6
threshold=1.5000000000000002 2.5000000000000004 818.50000000000011 578.07142857142867 3.5000000000000004 2.5000000000000004 1.5000000000000002 3.5000000000000004 1.0000000180025095e-35 65.945519235208351 906.50000000000011 796.50000000000011 947.50000000000011 866.71428571428589
decision_type=2 2 2 2 2 2 2 2 2 2 2 2 2 2
left_child=1 9 3 7 -4 6 -2 8 -3 -1 11 -11 13 -6
right_child=5 2 4 -5 12 -7 -8 -9 -10 10 -12 -13 -14 -15
leaf_value=0.51886598090377622 1.8528610406319299 -2.5305982517845491 -3.4963383600115776 2.4671674828976395 -0.10682349768777687 -0.0067710830363319876 0.17624594972304564 -0.28315800902720256 0.16758343949913976 -0.82948999350721175 -1.5714788180131178 1.3593318414688111 0.72451377348466361 -2.2058943986892703
leaf_weight=106 30 17 15.999999999999998 11.999999999999998 15.000000000000002 2810 170 65 12.000000000000002 11.000000000000002 12.999999999999998 9.9999999999999982 10.999999999999998 11.999999999999998
leaf_count=106 30 17 16 12 15 2810 170 65 12 11 13 10 11 12
internal_value=-8.84834e-05 -0.222713 -0.661583 -0.281212 -1.40824 0.0221 0.427738 -0.632069 -1.41411 0.278854 -0.46942 0.212806 -0.529038 -1.03974
internal_weight=3310 300 160 106 54 3010 200 94 29 140 34 21 38 27
internal_count=3310 300 160 106 54 3010 200 94 29 140 34 21 38 27
is_linear=0
shrinkage=0.05


Tree=50
num_leaves=15
num_cat=1
split_feature=8 7 7 3 8 8 9 9 9 8 8 0 9 7
split_gain=6477.61 5500.08 44657.8 29650.8 24085.5 14058.4 11876 15452.2 11716.5 11558.8 11512.3 9369.36 15402.8 16368.8
threshold=377.3035714285715 909.21428571428589 900.78571428571433 864.50000000000011 899.46428571428589 891.42857142857144 64.774410078004124 64.003878691501399 101.81377270143601 903.482142857143 915.62500000000011 0 58.598732219494579 865.07142857142867
decision_type=2 2 2 2 2 2 2 2 2 2 2 1 2 2
left_child=-1 2 9 -3 5 -4 7 -5 -8 11 -6 12 13 -2
right_child=1 3 4 6 10 -7 8 -9 -10 -11 -12 -13 -14 -15
leaf_value=1.0731462887355261 2.2570143560568492 2.5195855223215542 -1.9297382347858869 -0.00024203312391205055 -3.0965087943606902 -0.024896117966426046 0.71810772831502723 -1.7671287669585301 -1.0055982188744979 1.4926077200816228 -1.1438601530515231 -0.034887903997972612 0.10028431312391298 0.41035338331841764
leaf_weight=13.999999999999998 18 12.999999999999998 12.999999999999998 257 18.000000000000004 38 95 12.999999999999998 10.999999999999998 12.999999999999998 12.999999999999998 2490 268 36
leaf_count=14 18 13 13 257 18 38 95 13 11 13 13 2490 268 36
internal_value=-8.40593e-05 -0.00464268 -0.0282699 0.171924 -1.17854 -0.510444 0.0907547 -0.0853144 0.539233 0.00511834 -2.27766 -0.00175839 0.247817 1.02591
internal_weight=3310 3296 2907 389 82 51 376 270 106 2825 31 2812 322 54
internal_count=3310 3296 2907 389 82 51 376 270 106 2825 31 2812 322 54
cat_boundaries=0 1
cat_threshold=129
is_linear=0
shrinkage=0.05


Tree=51
num_leaves=15
num_cat=0
split_feature=3 2 1 9 9 4 1 1 2 1 3 6 7 9
split_gain=6274.22 5577.14 23875.5 16509.8 35742.2 58372.2 16666.3 24006.3 13071.3 25764.6 9477.96 26844.9 9242.43 8899.44
threshold=324.50000000000006 1.5000000000000002 2.5000000000000004 79.103654917622293 60.910192745403656 903.50000000000011 5.5000000000000009 4.5000000000000009 2.5000000000000004 1.5000000000000002 864.50000000000011 906.50000000000011 834.28571428571433 29.395473668270473
decision_type=2 2 2 2 2 2 2 2 2 2 2 2 2 2
left_child=-1 2 10 4 6 -6 7 -4 9 -3 11 12 -2 -9
right_child=1 8 3 -5 5 -7 -8 13 -10 -11 -12 -13 -14 -15
leaf_value=1.0561618770871843 0.19431477982809051 1.7573918688297274 -0.27479792862240948 1.0099529751709528 -0.39634728949955278 -4.8471411191500158 0.67390743664332797 -3.3034811830520621 -0.011950591197668572 0.16806944349232844 1.3722659308244201 -2.2442905415188181 1.7205275362188166 -1.1940457195043563
leaf_weight=13.999999999999998 101 30 67 13.999999999999998 17.000000000000004 12.999999999999998 28 10.000000000000002 2797 170 17 10.999999999999998 10.999999999999998 9.9999999999999982
leaf_count=14 101 30 67 14 17 13 28 10 2797 170 17 11 11 10
internal_value=-8.51281e-05 -0.00457161 -0.210488 -0.62974 -0.788056 -2.32502 -0.387107 -0.728583 0.0159719 0.406468 0.265664 0.112719 0.344211 -2.24876
internal_weight=3310 3296 299 159 145 30 115 87 2997 200 140 123 112 20
internal_count=3310 3296 299 159 145 30 115 87 2997 200 140 123 112 20
is_linear=0
shrinkage=0.05


Tree=52
num_leaves=15
num_cat=1
split_feature=3 7 0 6 3 6 3 5 9 7 8 5 4 7
split_gain=5920.39 48742.9 9922.19 13035.7 10515.3 28019.9 8798.8 44413.5 17917.3 41003.6 22454 26354.1 25655.4 24907.4
threshold=470.50000000000006 526.357142857143 0 429.50000000000006 543.50000000000011 507.50000000000006 818.50000000000011 920.50000000000011 71.381138667659584 909.21428571428589 898.17857142857156 941.50000000000011 878.50000000000011 891.357142857143
decision_type=2 2 1 2 2 2 2 2 2 2 2 2 2 2
left_child=1 -1 3 -2 -5 -6 7 -4 -8 10 11 12 -10 -14
right_child=2 -3 6 4 5 -7 8 -9 9 -11 -12 -13 13 -15
leaf_value=0.067655055176705628 -1.5997378535130444 3.1539790190183203 0.073233646940692176 -0.092869946135086243 -3.2014681637287143 -0.35550511423498393 0.040471338579727976 2.5800642862915995 -0.31470208086379592 0.72093556936158509 -2.0145643897851309 0.31530110523348953 -1.2526377378449758 -3.9908181524276736
leaf_weight=803 17 12.999999999999998 960 413 9.9999999999999982 64 728 18 73 61 30 61 49 9.9999999999999982
leaf_count=803 17 13 960 413 10 64 728 18 73 61 30 61 49 10
internal_value=-8.08725e-05 0.116824 -0.0383306 -0.234081 -0.191216 -0.740095 0.0123607 0.119372 -0.0909328 -0.427772 -0.741992 -0.544183 -0.941369 -1.71674
internal_weight=3310 816 2494 504 487 74 1990 978 1012 284 223 193 132 59
internal_count=3310 816 2494 504 487 74 1990 978 1012 284 223 193 132 59
cat_boundaries=0 1
cat_threshold=82
is_linear=0
shrinkage=0.05


Tree=53
num_leaves=15
num_cat=0
split_feature=8 2 1 9 9 4 1 1 2 1 9 1 2 2
split_gain=5735.39 5099.67 21037.1 15386.1 31508 51380.5 14379.7 21999.4 11548.3 23500.1 8763.87 8742.97 22693.7 27222.4
threshold=377.3035714285715 1.5000000000000002 2.5000000000000004 79.103654917622293 60.910192745403656 903.50000000000011 5.5000000000000009 4.5000000000000009 2.5000000000000004 1.5000000000000002 65.945519235208351 2.5000000000000004 7.5000000000000009 5.5000000000000009
decision_type=2 2 2 2 2 2 2 2 2 2 2 2 2 2
left_child=-1 2 10 4 6 -6 7 -4 9 -3 -2 -10 13 -13
right_child=1 8 3 -5 5 -7 -8 -9 11 -11 -12 12 -14 -15
leaf_value=1.0097966459180627 0.46972980466363778 1.6729261330266796 -0.25215164639932269 0.98809311304773617 -0.38122008162386267 -4.5569607597130997 0.6381854101463601 -2.1386092710494995 -0.114773215036999 0.15438203891000804 -0.45281946777420884 0.081427019653194627 -0.070842919651463485 0.82882897722327875
leaf_weight=13.999999999999998 106 30 68 13.999999999999998 17.000000000000004 12.999999999999998 27 20 1175 169 34 377 1066 180
leaf_count=14 106 30 68 14 17 13 27 20 1175 169 34 377 1066 180
internal_value=-7.68271e-05 -0.00436634 -0.201271 -0.594814 -0.747646 -2.19071 -0.371196 -0.680892 0.0152781 0.383308 0.245682 -0.010897 0.064306 0.322957
internal_weight=3310 3296 299 159 145 30 115 88 2997 199 140 2798 1623 557
internal_count=3310 3296 299 159 145 30 115 88 2997 199 140 2798 1623 557
is_linear=0
shrinkage=0.05


Tree=54
num_leaves=15
num_cat=0
split_feature=3 5 5 3 6 2 9 3 6 3 9 2 9 2
split_gain=5493.03 5089.32 6777.78 26753.5 16792.1 9853.45 9031.09 5254.45 26238.8 103096 27969.4 16742.1 12448.2 17140.3
threshold=324.50000000000006 1106.5000000000002 1015.5000000000001 980.50000000000011 1018.5000000000001 29.500000000000004 50.525643078199835 873.50000000000011 860.50000000000011 698.50000000000011 70.932226653796036 1.5000000000000002 75.556572090496886 12.500000000000002
decision_type=2 2 2 2 2 2 2 2 2 2 2 2 2 2
left_child=-1 2 4 -4 7 -5 -7 8 -2 -10 -11 -12 -9 -14
right_child=1 -3 3 5 -6 6 -8 12 9 10 11 -13 13 -15
leaf_value=0.98823330998420722 -0.01664541468136459 -0.71495507812500003 2.8354180860519413 -0.052256909083752405 -1.9640134383331647 2.0362733125686638 0.0017583139194175602 -0.03152263459358403 5.1070500055948891 1.278385434061923 -1.5856915255387625 0.10807927003154508 -0.91533302835292296 0.70289458364248281
leaf_weight=13.999999999999998 2378 25 9.9999999999999982 105 10.999999999999998 12.000000000000002 9.9999999999999982 481 11.999999999999998 47 18 77 90 20
leaf_count=14 2378 25 10 105 11 12 10 481 12 47 18 77 90 20
internal_value=-7.29857e-05 -0.00427089 0.00116082 0.345402 -0.0138874 0.149338 1.11149 -0.00701854 0.024315 0.656808 0.280731 -0.212846 -0.14126 -0.62111
internal_weight=3310 3296 3271 137 3134 127 22 3123 2532 154 142 95 591 110
internal_count=3310 3296 3271 137 3134 127 22 3123 2532 154 142 95 591 110
is_linear=0
shrinkage=0.05


Tree=55
num_leaves=15
num_cat=1
split_feature=8 0 2 4 8 6 7 7 8 9 7 9 9 2
split_gain=5146.44 4950.02 9068.82 10139.1 15814 8863.91 7880 32578.9 26150.6 20930.1 13746.9 13018 15333.9 17545.9
threshold=377.3035714285715 0 1.0000000180025095e-35 534.50000000000011 564.01785714285722 447.50000000000006 891.357142857143 908.50000000000011 898.17857142857156 78.126598187673508 904.357142857143 71.128816860948703 105.01008703336356 8.5000000000000018
decision_type=2 1 2 2 2 2 2 2 2 2 2 2 2 2
left_child=-1 6 3 5 -5 -3 -2 8 9 -8 -10 -9 13 -13
right_child=1 2 -4 4 -6 -7 7 11 10 -11 -12 12 -14 -15
leaf_value=0.95655022263526923 0.16347930650248946 -1.1988463548513559 -0.035506906363821811 -2.9790246975049368 -0.33428547015556925 0.4222400461634 -0.043703634326541146 -0.0031555104017768872 -0.65203939278920497 -2.3600072535601533 -2.5815793827176097 2.6152715546744214 -0.72761658827463793 0.62508454556172754
leaf_weight=13.999999999999998 840 12.999999999999998 1912 10.000000000000002 12.999999999999998 24 86 266 14.999999999999998 10.999999999999998 24 13.999999999999998 14.999999999999998 53
leaf_count=14 840 13 1912 10 13 24 86 266 15 11 24 14 15 53
internal_value=-6.93366e-05 -0.00413265 -0.0542262 -0.659787 -1.48417 -0.147331 0.0703562 -0.0898087 -0.746008 -0.306377 -1.83945 0.166637 0.717427 1.04094
internal_weight=3310 3296 1972 60 23 37 1324 484 136 97 39 348 82 67
internal_count=3310 3296 1972 60 23 37 1324 484 136 97 39 348 82 67
cat_boundaries=0 1
cat_threshold=165
is_linear=0
shrinkage=0.05


Tree=56
num_leaves=15
num_cat=1
split_feature=3 4 6 0 3 5 3 3 2 9 5 9 3 8
split_gain=5207.49 35815.2 13227.9 5792.19 9155.65 16082.6 22046.9 11347.2 11112.6 13535.3 9185.88 8113.26 30466.8 10233.9
threshold=420.50000000000006 491.50000000000006 389.50000000000006 0 915.50000000000011 935.50000000000011 825.50000000000011 843.50000000000011 29.500000000000004 48.394992512338469 805.50000000000011 59.880480584242839 886.50000000000011 835.66071428571433
decision_type=2 2 2 1 2 2 2 2 2 2 2 2 2 2
left_child=1 -1 -2 4 5 -4 -7 -8 10 -10 -6 -5 13 -13
right_child=2 -3 3 11 8 6 7 -9 9 -11 -12 12 -14 -15
leaf_value=0.08277115027627184 -1.122248779182081 2.7623503581835678 0.11017115865812738 -0.023157306417265277 -1.6969182634353637 3.0139626546339557 -0.88157002275640317 1.0235786415912489 1.7903394654393197 0.018249427909595949 -0.16244500532142137 -0.26709654886206546 -2.3086960833933619 0.96848532373809992
leaf_weight=306 27 12.999999999999998 819 1363 9.9999999999999982 10.999999999999998 10.999999999999998 27 15.999999999999998 33 395 243 18 18
leaf_count=306 27 13 819 1363 10 11 11 27 16 33 395 243 18 18
internal_value=-6.58701e-05 0.19197 -0.0205472 -0.0105114 0.067144 0.162815 1.04271 0.472088 -0.114289 0.596891 -0.200333 -0.0729974 -0.319098 -0.181884
internal_weight=3310 319 2991 2964 1322 868 49 38 454 49 405 1642 279 261
internal_count=3310 319 2991 2964 1322 868 49 38 454 49 405 1642 279 261
cat_boundaries=0 1
cat_threshold=165
is_linear=0
shrinkage=0.05


Tree=57
num_leaves=15
num_cat=1
split_feature=3 4 2 0 2 1 3 6 6 3 6 6 7 3
split_gain=4936.43 43275.3 9096.12 12701.4 13919.5 17381.7 17706.1 24104.6 19164 11571.7 15999.1 11850.1 11124.9 10316
threshold=470.50000000000006 546.50000000000011 12.500000000000002 0 7.5000000000000009 3.5000000000000004 837.50000000000011 784.50000000000011 826.50000000000011 958.50000000000011 889.50000000000011 1018.5000000000001 791.50000000000011 528.50000000000011
decision_type=2 2 2 1 2 2 2 2 2 2 2 2 2 2
left_child=1 -1 3 13 -5 -6 7 -7 -8 10 -10 -11 -9 -2
right_child=2 -3 -4 4 5 6 8 12 9 11 -12 -13 -14 -15
leaf_value=0.056858823367960748 -0.23055902725068209 2.7675066248575848 0.090774409991724522 0.074259828753209342 0.023945235481316395 -0.61817559743436368 -2.9399443736443156 -0.034573159434578629 -1.5803170400507311 -2.6008520587285355 0.36423839969294414 -0.37879551172256476 2.0902710263218203 -0.89605900877155364
leaf_weight=801 214 14.999999999999998 912 878 220 82 12.999999999999998 11.000000000000002 17 15.000000000000002 28 9.9999999999999982 13.999999999999998 80
leaf_count=801 214 15 912 878 220 82 13 11 17 15 28 10 14 80
internal_value=-6.25767e-05 0.106687 -0.0349894 -0.10749 -0.0377701 -0.278599 -0.628914 -0.203803 -1.17695 -0.849535 -0.370371 -1.71203 1.15534 -0.398106
internal_weight=3310 816 2494 1582 1288 410 190 107 83 70 45 25 25 294
internal_count=3310 816 2494 1582 1288 410 190 107 83 70 45 25 25 294
cat_boundaries=0 1
cat_threshold=82
is_linear=0
shrinkage=0.05


Tree=58
num_leaves=15
num_cat=1
split_feature=3 9 5 1 5 0 3 5 3 8 9 3 9 7
split_gain=4617.05 75810.1 11940.9 16427.1 11079.8 6714.43 10689.4 17428.5 29411.3 15055 19327.1 16933.5 14071.2 34466.8
threshold=511.50000000000006 72.828482912098096 498.50000000000006 2.5000000000000004 558.50000000000011 0 818.50000000000011 796.50000000000011 698.50000000000011 854.17857142857156 68.220323494210504 800.50000000000011 71.381138667659584 934.07142857142867
decision_type=2 2 2 2 2 1 2 2 2 2 2 2 2 2
left_child=1 4 3 -2 -1 -4 7 -7 -9 10 11 -10 -8 -14
right_child=2 -3 5 -5 -6 6 12 8 9 -11 -12 -13 13 -15
leaf_value=0.019360487858901175 -1.5688737948735556 4.4119591939449307 -0.21653353195647784 -0.099625589481841484 1.0827943924665451 0.043580236620739232 0.037776650980135412 2.8529428311756679 2.7097934305667879 -0.18177822736176577 0.10240773034947259 0.4425198470907552 -0.62080434591662659 0.87477997256361917
leaf_weight=1209 30 9.9999999999999982 351 52 25 484 728 13.999999999999998 20 55 35 13.999999999999998 237 46
leaf_count=1209 30 10 351 52 25 484 728 14 20 55 35 14 237 46
internal_value=-5.94467e-05 0.076042 -0.0458824 -0.637155 0.0409049 -0.0214447 0.0216813 0.184906 0.680571 0.435303 0.92718 1.77621 -0.0785256 -0.377706
internal_weight=3310 1244 2066 82 1234 1984 1633 622 138 124 69 34 1011 283
internal_count=3310 1244 2066 82 1234 1984 1633 622 138 124 69 34 1011 283
cat_boundaries=0 1
cat_threshold=322
is_linear=0
shrinkage=0.05


Tree=59
num_leaves=15
num_cat=1
split_feature=5 7 7 3 6 0 3 9 6 3 5 6 2 4
split_gain=4566.1 6477.43 32214.9 21760.9 13297.4 9240.04 18806.4 18286.5 16030.7 8851.9 29438.1 22657.2 15343.5 14610.6
threshold=1106.5000000000002 909.21428571428589 900.78571428571433 864.50000000000011 956.50000000000011 0 698.50000000000011 74.867943239224758 947.50000000000011 528.50000000000011 611.50000000000011 502.50000000000006 14.500000000000002 540.50000000000011
decision_type=2 2 2 2 2 1 2 2 2 2 2 2 2 2
left_child=1 2 5 -3 -4 6 -1 -8 -9 10 -7 12 13 -11
right_child=-2 3 4 -5 -6 9 7 8 -10 11 -12 -13 -14 -15
leaf_value=2.2951193896206941 -0.67326144266128551 2.2127385556697847 -0.72041073352962304 0.12952606827339047 -2.4636788881742042 0.036479224075488897 0.46614171009204813 -0.6944512246060186 0.71454904565104738 -0.82201295010745534 2.758640809059143 -0.078513839428928964 0.69780717074871068 -2.6358689476461974
leaf_weight=10.999999999999998 25 12.999999999999998 69 351 12.999999999999998 1453 207 80 27 32 9.9999999999999982 992 9.9999999999999982 17
leaf_count=11 25 13 69 351 13 1453 207 80 27 32 10 992 10 17
internal_value=-8.91844e-05 0.00503389 -0.0197511 0.203927 -0.996783 0.00846892 0.255147 0.191809 -0.338909 -0.0243388 0.0550859 -0.13513 -1.08705 -1.45131
internal_weight=3310 3285 2921 364 82 2839 325 314 107 2514 1463 1051 59 49
internal_count=3310 3285 2921 364 82 2839 325 314 107 2514 1463 1051 59 49
cat_boundaries=0 1
cat_threshold=129
is_linear=0
shrinkage=0.05


Tree=60
num_leaves=15
num_cat=1
split_feature=8 8 3 9 8 0 3 5 3 3 2 9 5 2
split_gain=4549.32 4465.83 12986.9 9574.23 9266.95 7267.12 7527.96 14199 18452.9 9994.81 9490.85 12188.2 8054.15 7183.55
threshold=377.3035714285715 422.69642857142861 372.50000000000006 52.415702388862726 456.0535714285715 0 915.50000000000011 935.50000000000011 825.50000000000011 843.50000000000011 29.500000000000004 48.394992512338469 805.50000000000011 1.0000000180025095e-35
decision_type=2 2 2 2 2 1 2 2 2 2 2 2 2 2
left_child=-1 -2 3 -3 -4 6 7 -6 -9 -10 12 -12 -8 -7
right_child=1 2 4 -5 5 13 10 8 9 -11 11 -13 -14 -15
leaf_value=0.89932755402156295 -0.20404147896643887 0.2712500986953576 0.29895077338708304 2.3660508632659911 0.099989243812132172 -0.75190947957155185 -1.582704313993454 2.7796241370114414 -0.81628747636621657 0.97172598618048223 1.6879185736179352 0.0063258596441962515 -0.14586314506068401 -0.080510991762771905
leaf_weight=13.999999999999998 257 12.000000000000002 245 9.9999999999999982 820 41 9.9999999999999982 10.999999999999998 10.999999999999998 27 15.999999999999998 33 395 1408
leaf_count=14 257 12 245 10 820 41 10 11 11 27 16 33 395 1408
internal_value=-8.47251e-05 -0.00390504 0.01302 1.22343 0.00419361 -0.0218582 0.0627134 0.149395 0.97619 0.454143 -0.101823 0.555417 -0.181341 -0.0988264
internal_weight=3310 3296 3039 22 3017 2772 1323 869 49 38 454 49 405 1449
internal_count=3310 3296 3039 22 3017 2772 1323 869 49 38 454 49 405 1449
cat_boundaries=0 1
cat_threshold=165
is_linear=0
shrinkage=0.05


Tree=61
num_leaves=15
num_cat=1
split_feature=8 8 3 9 8 0 3 6 3 9 5 4 4 3
split_gain=4105.76 4030.41 11720.7 8640.75 8363.42 6558.58 6892.82 32053.3 44280 14952.4 12983 17039.1 19270.3 9536
threshold=377.3035714285715 422.69642857142861 372.50000000000006 52.415702388862726 456.0535714285715 0 818.50000000000011 860.50000000000011 698.50000000000011 83.997069588319064 955.50000000000011 852.50000000000011 944.50000000000011 827.50000000000011
decision_type=2 2 2 2 2 1 2 2 2 2 2 2 2 2
left_child=-1 -2 3 -3 -4 6 7 -6 -9 13 11 -11 -13 -8
right_child=1 2 4 -5 5 -7 9 8 -10 10 -12 12 -14 -15
leaf_value=0.85436117649078369 -0.19383940592205248 0.25768758008877429 0.28400323126008925 2.2477483928203585 0.077168931931196921 -0.093885110317703246 -0.99284427450461821 4.2157652941617103 0.60252130869272591 0.42839298356663102 0.18241109649340315 -3.0053248316049577 -0.5465471990903219 0.064552105899437232
leaf_weight=13.999999999999998 257 12.000000000000002 245 9.9999999999999982 494 1449 22 10.999999999999998 37 10.999999999999998 24 17 14.999999999999998 692
leaf_count=14 257 12 245 10 494 1449 22 11 37 11 24 17 15 692
internal_value=-8.04891e-05 -0.00370979 0.012369 1.16226 0.00398393 -0.0207653 0.0595777 0.197026 1.43056 -0.0350462 -0.749232 -1.26922 -1.85277 0.0319713
internal_weight=3310 3296 3039 22 3017 2772 1323 542 48 781 67 43 32 714
internal_count=3310 3296 3039 22 3017 2772 1323 542 48 781 67 43 32 714
cat_boundaries=0 1
cat_threshold=165
is_linear=0
shrinkage=0.05


Tree=62
num_leaves=15
num_cat=1
split_feature=5 7 7 3 8 8 8 8 6 9 8 5 9 0
split_gain=4072.5 5709.04 28480.6 18980.8 18471.8 11096.9 10220.4 8882.63 8788.6 7293.05 28390 7681.11 6624.99 13621.6
threshold=1106.5000000000002 909.21428571428589 900.78571428571433 862.50000000000011 899.46428571428589 915.62500000000011 891.42857142857144 903.482142857143 820.50000000000011 101.81377270143601 829.28571428571433 850.50000000000011 75.556572090496886 0
decision_type=2 2 2 2 2 2 2 2 2 2 2 2 2 1
left_child=1 2 7 -3 6 -6 -4 9 -5 12 -11 -12 13 -1
right_child=-2 3 4 8 5 -7 -8 -9 -10 10 11 -13 -14 -15
leaf_value=0.27974112898092768 -0.63583720445632941 2.1469681859016418 -1.5622547580645634 1.4546705067157746 -2.7036722660064694 -0.78657295887286849 0.061896274964276111 1.3119981774917016 0.077870094403076698 2.6055030694374675 -1.0418523937463762 0.50161734278264802 -0.30794924002334567 -0.036848197908085072
leaf_weight=391 25 11.999999999999998 12.999999999999998 11.999999999999998 18.000000000000004 12.999999999999998 38 12.999999999999998 340 12.999999999999998 13.999999999999998 19 173 2216
leaf_count=391 25 12 13 12 18 13 38 13 340 13 14 19 173 2216
internal_value=-9.06461e-05 0.00474761 -0.0185209 0.191471 -0.937181 -1.89973 -0.352103 0.0080131 0.124806 0.00201459 0.626442 -0.153188 -0.00831767 0.0115658
internal_weight=3310 3285 2921 364 82 31 51 2839 352 2826 46 33 2780 2607
internal_count=3310 3285 2921 364 82 31 51 2839 352 2826 46 33 2780 2607
cat_boundaries=0 1
cat_threshold=133
is_linear=0
shrinkage=0.05


Tree=63
num_leaves=15
num_cat=1
split_feature=3 9 6 8 5 6 6 1 0 9 9 3 7 9
split_gain=3924.59 62343.9 23470.8 10105.9 8283.89 8830.12 6216.98 5067.37 4857.36 5824.21 7669.76 6817.46 9734.21 7462.54
threshold=528.50000000000011 72.828482912098096 502.50000000000006 497.33928571428572 549.50000000000011 520.50000000000011 463.50000000000006 2.5000000000000004 0 24.563898590831165 29.134227728566433 426.50000000000006 462.9285714285715 27.673622175983166
decision_type=2 2 2 2 2 2 2 2 1 2 2 2 2 2
left_child=1 4 3 -2 8 -6 -5 -8 -1 -10 11 -11 13 -13
right_child=2 -3 -4 6 5 -7 7 -9 9 10 -12 12 -14 -15
leaf_value=0.13070913152411695 -0.042111396375629641 3.9954877710342411 -0.016139193383069614 -0.44652188149365513 -0.38842459358274939 0.98746944617393406 -1.3766375330835579 -2.7551377892494204 0.19263108655453956 0.0065809290071851328 -0.058522453628081297 -0.78845491647720312 -0.42854743597822059 -2.7201047682762147
leaf_weight=511 18 9.9999999999999982 1787 10.999999999999998 15.999999999999998 43 20.000000000000004 9.9999999999999982 179 38 602 10.000000000000002 45 9.9999999999999982
leaf_count=511 18 10 1787 11 16 43 20 10 179 38 602 10 45 10
internal_value=-4.94241e-05 0.0610868 -0.0485345 -1.02973 0.0340276 0.614346 -1.46331 -1.83614 0.00948369 -0.0613755 -0.126739 -0.525438 -0.836465 -1.75428
internal_weight=3310 1464 1846 59 1454 59 41 30 1395 884 705 103 65 20
internal_count=3310 1464 1846 59 1454 59 41 30 1395 884 705 103 65 20
cat_boundaries=0 1
cat_threshold=290
is_linear=0
shrinkage=0.05


Tree=64
num_leaves=15
num_cat=1
split_feature=2 1 1 3 8 9 2 0 9 9 9 8 1 2
split_gain=4124.98 22370.3 30547.6 55898.7 35676.6 6966.15 5544.9 12445.1 14240.4 27540.3 14379.1 11719.8 10677.5 79963.9
threshold=1.0000000180025095e-35 1.0000000180025095e-35 3.5000000000000004 795.50000000000011 514.55357142857156 51.051553302666171 4.5000000000000009 0 49.966039653096722 58.457984521192742 57.149755683149678 456.0535714285715 1.5000000000000002 5.5000000000000009
decision_type=2 2 2 2 2 2 2 1 2 2 2 2 2 2
left_child=1 5 3 4 -3 -1 7 8 11 10 -10 -2 13 -8
right_child=6 2 -4 -5 -6 -7 12 -9 9 -11 -12 -13 -14 -15
leaf_value=0.0027932204983451151 0.44650326467477364 -2.1542514577507972 0.66863085716962822 -4.7595190199938688 1.3721293412722075 1.3291151073243883 -3.3106283509731291 -0.039758737607459939 1.1532583087682724 0.24667076323224046 3.0967385133107506 -0.49938011763222295 0.037945182088296864 -0.10151848931006635
leaf_weight=22 65 16.000000000000004 20 10.999999999999998 12.999999999999998 18 20 480 46 131 11.999999999999998 66 1730 660
leaf_count=22 65 16 20 11 13 18 20 480 46 131 12 66 1730 660
internal_value=-2.72081e-05 -0.316269 -0.926874 -1.72463 -0.57346 0.599638 0.00982456 0.123883 0.359358 0.648278 1.55536 -0.0300487 -0.0280372 -0.195904
internal_weight=3310 100 60 40 29 40 3210 800 320 189 58 131 2410 680
internal_count=3310 100 60 40 29 40 3210 800 320 189 58 131 2410 680
cat_boundaries=0 1
cat_threshold=452
is_linear=0
shrinkage=0.05


Tree=65
num_leaves=15
num_cat=0
split_feature=2 1 3 5 3 2 2 1 2 1 3 1 2 9
split_gain=4058.07 16140.2 18963.7 36007.9 29902.4 19858.7 10343.6 9245.63 14440.4 9639.22 8807.09 8396.72 20365.4 21183.3
threshold=1.5000000000000002 1.5000000000000002 800.50000000000011 800.50000000000011 857.50000000000011 1.0000000180025095e-35 3.5000000000000004 1.5000000000000002 2.5000000000000004 3.5000000000000004 862.50000000000011 2.5000000000000004 7.5000000000000009 83.997069588319064
decision_type=2 2 2 2 2 2 2 2 2 2 2 2 2 2
left_child=1 -1 3 -3 -4 -6 7 8 -2 -9 -11 -8 13 -13
right_child=6 2 4 -5 5 -7 11 9 -10 10 -12 12 -14 -15
leaf_value=0.34326023461669686 1.5867038043340047 -0.34810295808129016 -3.6696941447258 2.6329851345582442 -2.2079770322640737 -0.042599790191484826 -0.12346518907407594 -0.23482899642239016 0.27556146066569326 0.15069866166386295 0.95767413176257499 0.26975488617744803 -0.057618861599938481 1.8635711084712636
leaf_weight=100 30 128 9.9999999999999982 10.999999999999998 14.999999999999998 36 1110 120 70 146 44 398 1070 22
leaf_count=100 30 128 10 11 15 36 1110 120 70 146 44 398 1070 22
internal_value=-3.18542e-05 -0.175395 -0.434723 -0.11219 -1.16968 -0.679475 0.0174462 0.250855 0.668904 0.116001 0.337577 -0.0193606 0.0581938 0.35324
internal_weight=3310 300 200 139 61 51 3010 410 100 310 190 2600 1490 420
internal_count=3310 300 200 139 61 51 3010 410 100 310 190 2600 1490 420
is_linear=0
shrinkage=0.05


Tree=66
num_leaves=15
num_cat=0
split_feature=8 2 2 9 9 3 2 1 2 2 1 2 3 3
split_gain=3740.62 3799.7 10213.8 11253.3 11241.8 58096.7 12079.9 10970 17419.5 14977.6 21394.2 42837.8 35275.5 11277.3
threshold=377.3035714285715 14.500000000000002 7.5000000000000009 83.997069588319064 97.687773747703531 787.50000000000011 1.5000000000000002 3.5000000000000004 5.5000000000000009 4.5000000000000009 2.5000000000000004 1.0000000180025095e-35 501.50000000000006 434.50000000000006
decision_type=2 2 2 2 2 2 2 2 2 2 2 2 2 2
left_child=-1 2 4 -4 7 -6 -7 9 -9 10 -2 12 -12 -11
right_child=1 -3 3 -5 5 6 -8 8 -10 13 11 -13 -14 -15
leaf_value=0.81553232456956593 0.29083639922890842 0.080249236026793375 -0.12854500744923542 -0.9081339979354216 3.9881995201110843 -1.6297795718908312 0.3947087722165244 0.047348335427529323 0.73151074126844529 0.31340315575496508 -0.050880375775423904 -0.022816408088557047 -3.7290546521544456 -0.48929517359027397
leaf_weight=13.999999999999998 342 960 837 49 10.999999999999998 9.9999999999999982 28 470 116 52 11.000000000000002 118 15.999999999999998 276
leaf_count=14 342 960 837 49 11 10 28 470 116 52 11 118 16 276
internal_value=-3.02597e-05 -0.00349442 -0.0379096 -0.17166 0.0438165 0.78825 -0.138051 0.0177799 0.18278 -0.100858 0.0750496 -0.43391 -2.23054 -0.362038
internal_weight=3310 3296 2336 886 1450 49 38 1401 586 815 487 145 27 328
internal_count=3310 3296 2336 886 1450 49 38 1401 586 815 487 145 27 328
is_linear=0
shrinkage=0.05


Tree=67
num_leaves=15
num_cat=0
split_feature=5 7 7 8 3 8 8 8 2 3 7 4 2 9
split_gain=3611.81 5195.3 25234.6 16487.3 16313.5 10114.4 9013.7 8168.56 6991.9 12405.8 16938 9671.88 7906.43 7771.52
threshold=1106.5000000000002 909.21428571428589 900.78571428571433 899.46428571428589 864.50000000000011 915.62500000000011 891.42857142857144 903.482142857143 29.500000000000004 1002.5000000000001 966.07142857142867 1002.5000000000001 4.5000000000000009 48.394992512338469
decision_type=2 2 2 2 2 2 2 2 2 2 2 2 2 2
left_child=1 2 7 6 -3 -5 -4 -1 9 11 -11 -6 -12 -10
right_child=-2 4 3 5 8 -7 -8 -9 13 10 12 -13 -14 -15
leaf_value=0.0015545849882294303 -0.59873784831911336 1.9219502581999852 -1.4661053707966438 -2.5592955542935263 0.2035093606417914 -0.72903647972987251 0.05915241621826825 1.2577800448124226 1.5971576929092408 -1.76462736075951 0.61510028128977867 1.6706019550561906 -0.36272100994858564 0.14890755516561596
leaf_weight=2826 25 12.999999999999998 12.999999999999998 18.000000000000004 176 12.999999999999998 38 12.999999999999998 15.999999999999998 18 28 11.999999999999998 79 22
leaf_count=2826 25 13 13 18 176 13 38 13 16 18 28 12 79 22
internal_value=-2.87467e-05 0.00452764 -0.0176693 -0.882395 0.182652 -1.79177 -0.329639 0.00730694 0.118233 0.0404774 -0.345564 0.297154 -0.106843 0.758697
internal_weight=3310 3285 2921 82 364 31 51 2839 351 313 125 188 107 38
internal_count=3310 3285 2921 82 364 31 51 2839 351 313 125 188 107 38
is_linear=0
shrinkage=0.05


Tree=68
num_leaves=15
num_cat=0
split_feature=3 2 2 9 3 1 9 3 9 1 2 2 1 3
split_gain=3538.9 3808.39 11110.1 14247 12113.6 11523.6 10497.3 67557.7 15915 12361.6 15091.6 14535.6 70741.9 65292.8
threshold=324.50000000000006 12.500000000000002 7.5000000000000009 83.997069588319064 899.50000000000011 3.5000000000000004 80.056279683440536 659.00000000000011 79.103654917622293 3.5000000000000004 5.5000000000000009 1.0000000180025095e-35 2.5000000000000004 501.50000000000006
decision_type=2 2 2 2 2 2 2 2 2 2 2 2 2 2
left_child=-1 2 6 5 -5 -4 8 -8 9 11 -11 12 -2 -14
right_child=1 -3 3 4 -6 -7 7 -9 -10 10 -12 -13 13 -15
leaf_value=0.79324061870574958 0.31422826346564803 0.069729786807877434 0.046483876347498114 -0.38839384168386459 -2.1965126931667327 -0.37580044975000698 4.43173770904541 0.081532104869922961 -1.5674002956598998 0.067052502820548504 0.71081293069087625 -0.042458066560376616 -0.032423520088195788 -5.4063896399277915
leaf_weight=13.999999999999998 47 1156 341 22 15.999999999999998 307 9.9999999999999982 83 15.999999999999998 452 114 709 10.000000000000002 12.999999999999998
leaf_count=14 47 1156 341 22 16 307 10 83 16 452 114 709 10 13
internal_value=-2.73113e-05 -0.00339677 -0.0428988 -0.208759 -1.14971 -0.15358 0.0353543 0.549296 0.000235606 0.0188841 0.196714 -0.110323 -0.797694 -3.06988
internal_weight=3310 3296 2140 686 38 648 1454 93 1361 1345 566 779 70 23
internal_count=3310 3296 2140 686 38 648 1454 93 1361 1345 566 779 70 23
is_linear=0
shrinkage=0.05


Tree=69
num_leaves=15
num_cat=1
split_feature=8 8 8 0 7 6 7 2 2 1 8 8 6 6
split_gain=3385.83 3702.61 9482.57 6157.84 5394.37 5160.91 5227.78 7745.11 4884.73 13135.7 13284.7 15674.4 44876.3 13086.2
threshold=377.3035714285715 429.44642857142861 456.0535714285715 0 435.9285714285715 441.50000000000006 420.35714285714295 2.5000000000000004 1.5000000000000002 1.5000000000000002 924.28571428571433 894.03571428571433 906.50000000000011 745.50000000000011
decision_type=2 2 2 1 2 2 2 2 2 2 2 2 2 2
left_child=-1 4 5 -4 -2 -3 -7 -8 9 -5 11 12 13 -11
right_child=1 2 3 8 -6 6 7 -9 -10 10 -12 -13 -14 -15
leaf_value=0.77589681254965925 -0.13013435898704784 0.045199927206461626 -0.36428708118550923 0.32423771658004863 -1.2133738711476327 -0.26361410882737907 1.7119142451882361 0.49190123788947099 0.024667308485672106 -0.44298817813603419 -1.6380230392728532 1.237934438387553 -3.2554886414454538 0.83050921765657582
leaf_weight=13.999999999999998 272 96 109 78 11.999999999999998 18 14.999999999999998 98 2433 90 21 14.999999999999998 12.999999999999998 26
leaf_count=14 272 96 109 78 12 18 15 98 2433 90 21 15 13 26
internal_value=-2.5945e-05 -0.00332173 0.0129511 -0.0123772 -0.175905 0.323697 0.527786 0.65385 0.00330588 -0.210436 -0.463191 -0.291861 -0.469745 -0.157549
internal_weight=3310 3296 3012 2785 284 227 131 113 2676 243 165 144 129 116
internal_count=3310 3296 3012 2785 284 227 131 113 2676 243 165 144 129 116
cat_boundaries=0 1
cat_threshold=64
is_linear=0
shrinkage=0.05


Tree=70
num_leaves=15
num_cat=0
split_feature=3 7 6 2 2 3 5 6 8 8 7 2 3 2
split_gain=3391.45 30602.4 6969.31 9035.39 8989.12 14361.7 5753.04 5138.98 4712.01 10967.2 10402.2 11414.7 5722.76 6803.13
threshold=470.50000000000006 526.357142857143 473.50000000000006 9.5000000000000018 4.5000000000000009 512.50000000000011 549.50000000000011 452.50000000000006 429.44642857142861 444.39285714285717 434.35714285714295 3.5000000000000004 434.50000000000006 11.500000000000002
decision_type=2 2 2 2 2 2 2 2 2 2 2 2 2 2
left_child=1 6 3 4 -2 7 8 -6 12 10 -10 -12 -1 -14
right_child=2 -3 -4 -5 5 -7 -8 -9 9 -11 11 -13 13 -15
leaf_value=0.0035719784505262569 -0.206532093564995 2.4949166156924689 -0.0056482134968904498 0.11189609448569762 -1.2392123611768087 -2.4046969481309257 1.0927268110788786 -0.0011979206612235621 0.016604128231604894 0.011077853706192034 2.2379506397247315 0.61494232269051752 -0.86042151974203684 0.12026791710938728
leaf_weight=222 61 12.999999999999998 2313 71 14.999999999999998 14.999999999999998 12.999999999999998 19 42 396 14.999999999999998 39 48 28
leaf_count=222 61 13 2313 71 15 15 13 19 42 396 15 39 48 28
internal_value=-7.96758e-05 0.0884017 -0.0290295 -0.327819 -0.611635 -1.11595 0.049442 -0.547381 0.032274 0.127309 0.606764 1.06578 -0.12463 -0.499115
internal_weight=3310 816 2494 181 110 49 803 34 790 492 96 54 298 76
internal_count=3310 816 2494 181 110 49 803 34 790 492 96 54 298 76
is_linear=0
shrinkage=0.05


Tree=71
num_leaves=15
num_cat=1
split_feature=5 7 7 8 3 8 8 6 0 3 3 6 7 7
split_gain=3246.11 4839.65 22870.8 14797.2 14478.3 9277.19 7923.45 7795.24 7380.07 11438.9 7785.02 15032.9 8794.81 7926.25
threshold=1106.5000000000002 909.21428571428589 900.78571428571433 899.46428571428589 862.50000000000011 915.62500000000011 891.42857142857144 820.50000000000011 0 698.50000000000011 892.50000000000011 796.50000000000011 842.21428571428589 785.78571428571433
decision_type=2 2 2 2 2 2 2 2 1 2 2 2 2 2
left_child=1 2 8 6 -3 -5 -4 -6 9 -1 13 -12 -13 -10
right_child=-2 4 3 5 7 -7 -8 -9 10 -11 11 12 -14 -15
leaf_value=1.8188985477794302 -0.56766604197025294 1.8840511252482732 -1.3822709099604535 -2.4369907357626488 1.3703953067461649 -0.68411494401785045 0.047770869594655541 0.073735289656118877 -0.035953783593999207 0.17852646122704363 -2.0680609956383704 -1.3273129291832448 -0.081719172319337244 0.23604579945125123
leaf_weight=10.999999999999998 25 11.999999999999998 12.999999999999998 18.000000000000004 11.999999999999998 12.999999999999998 38 340 2054 314 11.999999999999998 15.999999999999998 124 308
leaf_count=11 25 12 13 18 12 13 38 340 2054 314 12 16 124 308
internal_value=-7.56919e-05 0.00424387 -0.0171798 -0.840409 0.176163 -1.70191 -0.31675 0.11794 0.00659786 0.22706 -0.0227155 -0.369651 -0.224073 -0.000485591
internal_weight=3310 3285 2921 82 364 31 51 352 2839 325 2514 152 140 2362
internal_count=3310 3285 2921 82 364 31 51 352 2839 325 2514 152 140 2362
cat_boundaries=0 1
cat_threshold=129
is_linear=0
shrinkage=0.05


Tree=72
num_leaves=15
num_cat=1
split_feature=3 9 6 2 2 5 5 6 0 3 9 7 2 9
split_gain=3258.4 49150.1 17846.6 12261.6 12874.2 7173.94 6631.7 7449.31 4442.56 9093.96 13219.6 14818.8 15767.3 12171.3
threshold=528.50000000000011 72.828482912098096 502.50000000000006 14.500000000000002 4.5000000000000009 526.50000000000011 549.50000000000011 520.50000000000011 0 818.50000000000011 83.997069588319064 959.357142857143 4.5000000000000009 102.77016272950463
decision_type=2 2 2 2 2 2 2 2 1 2 2 2 2 2
left_child=1 6 3 4 5 -2 -1 -8 -4 -10 -11 12 -12 -14
right_child=2 -3 8 -5 -6 -7 7 -9 9 10 11 -13 13 -15
leaf_value=0.0096480544308187137 0.49660180211067184 3.5489986693859104 -0.10489712911829147 0.69572438612580312 -1.9570508095953203 -1.3166975080966949 -0.37019511088728907 0.89355110712268204 0.33151514638999574 0.035124662742331746 -0.19671300053596497 0.80827372624323923 -2.9448015366281775 -0.82016561031341562
leaf_weight=1395 12.000000000000002 9.9999999999999982 779 9.9999999999999982 27 9.9999999999999982 15.999999999999998 43 228 714 26 12.999999999999998 14.000000000000002 12.999999999999998
leaf_count=1395 12 10 779 10 27 10 16 43 228 714 26 13 14 13
internal_value=-7.19061e-05 0.0556343 -0.0442506 -0.899845 -1.22547 -0.327625 0.0316084 0.55084 -0.0160021 0.0532103 -0.0274581 -0.70449 -1.07555 -1.92183
internal_weight=3310 1464 1846 59 49 22 1454 59 1787 1008 780 66 53 27
internal_count=3310 1464 1846 59 49 22 1454 59 1787 1008 780 66 53 27
cat_boundaries=0 1
cat_threshold=314
is_linear=0
shrinkage=0.05


Tree=73
num_leaves=15
num_cat=1
split_feature=2 8 8 6 6 4 0 4 2 1 2 1 3 1
split_gain=3124.51 11876.9 36490.6 17805.9 29379.5 25059.6 15157.2 19086.3 8613.98 8077.87 12557.7 8221.31 8112.86 6840.01
threshold=1.5000000000000002 924.28571428571433 975.62500000000011 943.50000000000011 906.50000000000011 918.50000000000011 0 847.50000000000011 3.5000000000000004 1.5000000000000002 2.5000000000000004 3.5000000000000004 837.50000000000011 2.5000000000000004
decision_type=2 2 2 2 2 2 1 2 2 2 2 2 2 2
left_child=1 3 -3 4 6 -6 -1 -8 9 10 -2 -11 -13 -10
right_child=8 2 -4 -5 5 -7 7 -9 13 11 -12 12 -14 -15
leaf_value=-0.39803333641740224 1.4748933537801108 -3.2094291369120271 0.48975470304489144 1.9156976743177936 -3.7351162803173055 -0.34606960614522303 0.15789820556161238 1.90987731864055 -0.11229659745645887 -0.22179723814595489 0.2522053808931794 0.11158075567068799 0.85354801213741305 0.051660634335716438
leaf_weight=108 30 12.000000000000002 14.999999999999998 10.999999999999998 10.000000000000002 11.999999999999998 114 18 1110 120 70 140 50 1490
leaf_count=108 30 12 15 11 10 12 114 18 1110 120 70 140 50 1490
internal_value=-8.41578e-05 -0.15396 -1.15433 -0.0550222 -0.137762 -1.88655 0.0225427 0.36886 0.0152523 0.228254 0.619012 0.102203 0.306835 -0.0183365
internal_weight=3310 300 27 273 262 22 240 132 3010 410 100 310 190 2600
internal_count=3310 300 27 273 262 22 240 132 3010 410 100 310 190 2600
cat_boundaries=0 1
cat_threshold=531
is_linear=0
shrinkage=0.05


Tree=74
num_leaves=15
num_cat=1
split_feature=8 6 3 4 3 9 3 9 9 6 8 5 0 8
split_gain=3104.5 3453.64 12206.9 12168.4 9873.53 6190.59 3722.52 3685.67 7879.1 9874.8 7539.15 9014.7 4018 29432.4
threshold=377.3035714285715 403.50000000000006 380.50000000000006 435.50000000000006 426.50000000000006 41.732922942763871 380.50000000000006 105.01008703336356 101.81377270143601 903.50000000000011 924.28571428571433 840.50000000000011 0 805.64285714285722
decision_type=2 2 2 2 2 2 2 2 2 2 2 2 1 2
left_child=-1 4 3 -3 6 -6 -2 8 12 -10 11 -9 13 -4
right_child=1 2 7 -5 5 -7 -8 10 9 -11 -12 -13 -14 -15
leaf_value=0.74284717020179547 -0.36323264609364903 0.15464462888240815 2.5994265121718247 1.8885148321881016 -1.7193226107529231 -0.46455293975093154 0.15664370977144057 -0.88320032220620348 0.077639551957448316 2.1060630488395691 -1.20990291269202 0.91570084919532135 -0.022099607575126991 0.072647307348626441
leaf_weight=13.999999999999998 51 25 11.999999999999998 17 13.999999999999998 33 106 13.000000000000002 15.000000000000002 9.9999999999999982 19 14.999999999999998 2675 291
leaf_count=14 51 25 12 17 14 33 106 13 15 10 19 15 2675 291
internal_value=-0.000140076 -0.00329597 0.00985054 0.856449 -0.202556 -0.838314 -0.0122333 -0.00180754 0.00506869 0.889009 -0.441154 0.0804967 -0.0023519 0.1672
internal_weight=3310 3296 3092 42 204 47 157 3050 3003 25 47 28 2978 303
internal_count=3310 3296 3092 42 204 47 157 3050 3003 25 47 28 2978 303
cat_boundaries=0 1
cat_threshold=128
is_linear=0
shrinkage=0.05


Tree=75
num_leaves=15
num_cat=1
split_feature=3 9 6 2 2 8 9 5 6 0 9 9 3 7
split_gain=3103.55 43330.2 16034.2 11103.8 11519.2 8806.65 7033.5 5886.09 6644.89 4262.96 5123.57 6418.32 5365.28 7610.6
threshold=528.50000000000011 72.828482912098096 502.50000000000006 14.500000000000002 4.5000000000000009 513.78571428571433 49.158150832113201 549.50000000000011 520.50000000000011 0 24.563898590831165 29.134227728566433 426.50000000000006 462.9285714285715
decision_type=2 2 2 2 2 2 2 2 2 1 2 2 2 2
left_child=1 7 3 4 6 -6 -2 9 -9 -1 -11 12 -12 -14
right_child=2 -3 -4 -5 5 -7 -8 8 -10 10 11 -13 13 -15
leaf_value=0.12452331041481933 -1.2941705650091169 3.3342527209967372 -0.016476796791699135 0.66413173094391831 -1.0484433158238726 -2.865720194578171 0.50129186809062964 -0.34904094412922859 0.84452264718278214 0.18283110814723161 -0.0094708741887619616 -0.054310434525817068 -1.5689057385921479 -0.39667044762884163
leaf_weight=511 10.000000000000002 9.9999999999999982 1787 9.9999999999999982 15.000000000000002 11.999999999999998 11.999999999999998 15.999999999999998 43 179 38 602 20 45
leaf_count=511 10 10 1787 10 15 12 12 16 43 179 38 602 20 45
internal_value=-0.000136409 0.05423 -0.0432526 -0.85424 -1.16411 -1.85612 -0.314827 0.0316714 0.520844 0.0109823 -0.0554321 -0.116714 -0.481439 -0.757358
internal_weight=3310 1464 1846 59 49 27 22 1454 59 1395 884 705 103 65
internal_count=3310 1464 1846 59 49 27 22 1454 59 1395 884 705 103 65
cat_boundaries=0 1
cat_threshold=290
is_linear=0
shrinkage=0.05


Tree=76
num_leaves=15
num_cat=0
split_feature=5 5 3 3 8 7 9 9 8 9 8 9 9 3
split_gain=3020.26 4375.06 19791.1 13250.7 21151 9645.35 12673.6 12162.4 6890.18 5542.28 8461.62 6317.29 5267.64 18705.4
threshold=1106.5000000000002 1015.5000000000001 980.50000000000011 1015.5000000000001 975.62500000000011 965.07142857142867 61.387904886638701 49.612999529380048 953.07142857142878 50.768876225614996 1036.3750000000002 55.56648991764618 71.381138667659584 814.50000000000011
decision_type=2 2 2 2 2 2 2 2 2 2 2 2 2 2
left_child=1 3 -3 5 -5 8 7 -7 12 10 -4 -11 -1 -14
right_child=-2 2 9 4 -6 6 -8 -9 -10 11 -12 -13 13 -15
leaf_value=0.021309878548765246 -0.54760020184516911 2.4222980380058292 1.5497309097876917 -2.7919823668219816 0.18703261811572772 0.84392659276723847 1.1590204408822151 -1.6220817154645921 -1.014993543309324 -1.410232448577881 0.14473178803187903 -0.015023771760075591 0.18658377492413072 -0.46953804736521021
leaf_weight=2611 25 9.9999999999999982 12.999999999999998 11.000000000000002 12.999999999999998 10.000000000000002 39 9.9999999999999982 17 9.9999999999999982 61 43 202 235
leaf_count=2611 25 10 13 11 13 10 39 10 17 10 61 43 202 235
internal_value=-0.00011078 0.00405581 0.280655 -0.00798172 -1.17835 0.00100958 0.634241 -0.389078 -0.0111799 0.112022 0.391556 -0.278271 -0.00558118 -0.166251
internal_weight=3310 3285 137 3148 24 3124 59 20 3065 127 74 53 3048 437
internal_count=3310 3285 137 3148 24 3124 59 20 3065 127 74 53 3048 437
is_linear=0
shrinkage=0.05


Tree=77
num_leaves=15
num_cat=0
split_feature=2 1 3 4 3 2 6 2 1 2 1 3 4 4
split_gain=2853.51 10713.9 13668.8 28323.9 24789 14460.8 8540.56 7744.13 7384.23 11328.2 7335.02 7341.54 6528.15 12798.4
threshold=1.5000000000000002 1.5000000000000002 800.50000000000011 796.50000000000011 857.50000000000011 1.0000000180025095e-35 594.50000000000011 3.5000000000000004 1.5000000000000002 2.5000000000000004 3.5000000000000004 862.50000000000011 553.50000000000011 535.50000000000011
decision_type=2 2 2 2 2 2 2 2 2 2 2 2 2 2
left_child=1 -1 3 6 -4 -6 12 8 9 -2 -10 -12 13 -3
right_child=7 2 4 -5 5 -7 -8 -9 10 -11 11 -13 -14 -15
leaf_value=0.27541339499503376 1.403019722302755 -0.10912587928703461 -3.2586597728729245 2.2373222433030606 -1.8404164171218875 0.0073836564189857902 -1.6355174389752474 -0.01729668424754905 -0.21004366959134738 0.24172891849784983 0.11865943687224811 0.85543897107920874 0.75998155524430333 -1.7910899895888108
leaf_weight=100 30 87 9.9999999999999982 11.999999999999998 14.999999999999998 36 10.999999999999998 2600 120 70 146 44 15.999999999999998 12.999999999999998
leaf_count=100 30 87 10 12 15 36 11 2600 120 70 146 44 16 13
internal_value=-0.00010524 -0.147156 -0.358441 -0.0846132 -0.98241 -0.536087 -0.304009 0.014551 0.216512 0.590116 0.0959947 0.289282 -0.177745 -0.327781
internal_weight=3310 300 200 139 61 51 127 3010 410 100 310 190 116 100
internal_count=3310 300 200 139 61 51 127 3010 410 100 310 190 116 100
is_linear=0
shrinkage=0.05


Tree=78
num_leaves=15
num_cat=1
split_feature=3 5 0 3 6 6 9 6 2 9 7 7 2 4
split_gain=2779.35 24113.5 6210.07 6498.2 8968.15 5025.54 11494.2 4254.07 5373.92 4067.97 3537.34 8018.24 4805.8 3766.56
threshold=470.50000000000006 549.50000000000011 0 543.50000000000011 507.50000000000006 472.50000000000006 48.394992512338469 447.50000000000006 1.0000000180025095e-35 24.962125862068479 445.64285714285717 434.9285714285715 5.5000000000000009 450.50000000000006
decision_type=2 2 1 2 2 2 2 2 2 2 2 2 2 2
left_child=1 7 3 5 -5 6 -2 8 -1 -9 11 13 -13 -11
right_child=2 -3 -4 4 -6 -7 -8 9 -10 10 -12 12 -14 -15
leaf_value=-1.1383784933523697 -0.24979404883432976 1.7947330725193025 0.0046219279025824364 -2.1338300752639774 -0.38947796975927695 -0.019003495475589275 -1.9867586742747916 1.189786892235279 -0.021606021945705066 -0.18746726563534677 0.030062111207448384 1.6899677056819198 0.33234748731959951 0.67104667174188715
leaf_weight=10.999999999999998 71 20 2171 9.9999999999999982 28 203 10.999999999999998 9.9999999999999982 520 39 170 16.000000000000004 10.999999999999998 19
leaf_count=11 71 20 2171 10 28 203 11 10 520 39 170 16 11 19
internal_value=-9.99783e-05 0.0799997 -0.0263074 -0.227301 -0.848518 -0.152447 -0.482801 0.036916 -0.0447407 0.200537 0.161743 0.425106 1.13686 0.0937701
internal_weight=3310 816 2494 323 38 285 82 796 531 265 255 85 27 58
internal_count=3310 816 2494 323 38 285 82 796 531 265 255 85 27 58
cat_boundaries=0 1
cat_threshold=66
is_linear=0
shrinkage=0.05


Tree=79
num_leaves=15
num_cat=0
split_feature=8 6 3 4 3 5 3 2 2 2 1 3 6 6
split_gain=2817.33 3073.63 10289.4 10312.3 8483.08 6086.77 3268.37 3248.14 3080.9 9051.81 14604.6 13962.3 18731.8 17353.8
threshold=377.3035714285715 403.50000000000006 380.50000000000006 435.50000000000006 426.50000000000006 397.50000000000006 380.50000000000006 2.5000000000000004 12.500000000000002 7.5000000000000009 3.5000000000000004 837.50000000000011 784.50000000000011 826.50000000000011
decision_type=2 2 2 2 2 2 2 2 2 2 2 2 2 2
left_child=-1 4 3 -3 6 -6 -2 -8 9 -4 -11 12 -12 -13
right_child=1 2 8 -5 5 -7 7 -9 -10 10 11 13 -14 -15
leaf_value=0.70769596397876744 -0.34355774025122326 0.14050255107879639 0.034682677093116371 1.7366680453805363 -1.7521310264865559 -0.44719936598890597 0.75555834604634187 0.018396709122779697 0.06588869172121968 0.036283544387954933 -0.40417154072395833 -2.6767092695603005 1.0508469980955124 -0.6874761628465994
leaf_weight=13.999999999999998 51 25 1333 17 11.999999999999998 35 18 88 1092 325 192 12.999999999999998 25 70
leaf_count=14 51 25 1333 17 12 35 18 88 1092 325 192 13 25 70
internal_value=-9.42813e-05 -0.00310067 0.00930149 0.78657 -0.191079 -0.780373 -0.0146655 0.143575 -0.00140187 -0.0389306 -0.195933 -0.447501 -0.236543 -0.999043
internal_weight=3310 3296 3092 42 204 47 157 106 3050 1958 625 300 217 83
internal_count=3310 3296 3092 42 204 47 157 106 3050 1958 625 300 217 83
is_linear=0
shrinkage=0.05


Tree=80
num_leaves=15
num_cat=1
split_feature=0 3 8 9 2 9 7 5 9 9 7 7 5 3
split_gain=2742.2 33787.5 14079.5 19045 16013.3 21351.8 14923.7 14372.1 9302.81 12387.2 9771.1 9288.86 9127.55 14349.8
threshold=0 698.50000000000011 829.28571428571433 83.997069588319064 4.5000000000000009 58.457984521192742 959.357142857143 792.50000000000011 80.056279683440536 79.599626371562394 791.50000000000011 807.42857142857156 891.50000000000011 847.50000000000011
decision_type=1 2 2 2 2 2 2 2 2 2 2 2 2 2
left_child=1 -1 4 8 5 -3 12 -6 9 10 -4 -12 13 -5
right_child=-2 2 3 6 7 -7 -8 -9 -10 -11 11 -13 -14 -15
leaf_value=2.2162575509813096 -0.029877602799703917 2.8065486605962118 -1.5426801443099976 -0.73946738405661128 -0.4871446330100298 0.50860103868669082 0.72435098382142882 0.74290239801432234 0.73218856325203729 -1.6817834637381814 1.4728815815665506 0.0082806988747256716 -0.69838600292801856 -3.3564811253547671
leaf_weight=18 2317 14.999999999999998 9.9999999999999982 11.000000000000002 48 31 12.999999999999998 47 44 10.999999999999998 10.999999999999998 684 40 9.9999999999999982
leaf_count=18 2317 15 10 11 48 31 13 47 44 11 11 684 40 10
internal_value=-8.95681e-05 0.0690216 0.0300883 -0.0480363 0.492187 1.25793 -0.813754 0.121405 0.0265205 -0.0168446 0.00913318 0.0314614 -1.14155 -1.98566
internal_weight=3310 993 975 834 141 46 74 95 760 716 705 695 61 21
internal_count=3310 993 975 834 141 46 74 95 760 716 705 695 61 21
cat_boundaries=0 1
cat_threshold=133
is_linear=0
shrinkage=0.05


Tree=81
num_leaves=15
num_cat=0
split_feature=1 1 2 2 2 2 3 9 3 9 9 6 3 6
split_gain=2731.25 5454.48 26047.1 12632.8 30579.8 27375.9 20033.5 10650.3 68644.5 12809.8 8435.39 8420.31 7975.6 11016.6
threshold=5.5000000000000009 4.5000000000000009 1.5000000000000002 8.5000000000000018 11.500000000000002 7.5000000000000009 858.50000000000011 80.056279683440536 724.50000000000011 79.103654917622293 29.395473668270473 886.50000000000011 426.50000000000006 479.50000000000006
decision_type=2 2 2 2 2 2 2 2 2 2 2 2 2 2
left_child=1 7 10 5 6 11 12 9 -9 -1 -3 -4 -5 -14
right_child=-2 2 3 4 -6 -7 -8 8 -10 -11 -12 -13 13 -15
leaf_value=-0.0019816769343969378 0.11155731191581233 -2.9666177272796621 0.18318282655137449 0.28547223975712605 -0.025159358611330392 2.7605307358503346 -3.3551224803924562 4.2334988875822592 0.097513840256030104 -1.3412031127346886 -0.91291523694992061 -0.98618765473365788 -1.97767086354169 -0.28297995048410751
leaf_weight=2227 470 10.000000000000002 163 10.999999999999998 200 9.9999999999999982 9.9999999999999982 10.999999999999998 114 18 9.9999999999999982 17 22 17
leaf_count=2227 470 10 163 11 200 10 10 11 114 18 10 17 22 17
internal_value=-8.96013e-05 -0.0185664 -0.174168 -0.0956964 -0.322163 0.214205 -1.31217 0.0122912 0.461481 -0.0127193 -1.93977 0.0727423 -0.903584 -1.23896
internal_weight=3310 2840 470 450 260 190 60 2370 125 2245 20 180 50 39
internal_count=3310 2840 470 450 260 190 60 2370 125 2245 20 180 50 39
is_linear=0
shrinkage=0.05


Tree=82
num_leaves=15
num_cat=0
split_feature=5 7 7 8 9 3 9 8 9 2 3 6 1 9
split_gain=2721.45 4318.54 18072.2 13505 11955.5 15022.8 8339.32 8259.85 7764.82 7384.75 6833.55 25684.2 24372.6 6497.07
threshold=1106.5000000000002 909.21428571428589 900.78571428571433 898.17857142857156 71.128816860948703 890.50000000000011 101.81377270143601 891.42857142857144 74.302951249548059 29.500000000000004 1002.5000000000001 1035.5000000000002 4.5000000000000009 49.612999529380048
decision_type=2 2 2 2 2 2 2 2 2 2 2 2 2 2
left_child=1 2 -1 7 9 -6 -7 -4 -5 10 -3 12 -12 -11
right_child=-2 4 3 8 5 6 -8 -9 -10 13 11 -13 -14 -15
leaf_value=0.0047690960727553317 -0.51978680515289311 0.14706065392121673 -1.1897770936672505 -2.0103630998860238 2.4499213034456431 0.72181798418362941 -0.80449803959239619 0.31911465908090275 -0.57604991495609281 1.2971024462580683 -2.952887696027755 0.066300777171272793 0.1937538766860962 -0.012288769582907359
leaf_weight=2839 25 150 12.999999999999998 23 10.999999999999998 48 10.999999999999998 30 15.999999999999998 20 16.000000000000004 80 9.9999999999999982 18
leaf_count=2839 25 150 13 23 11 48 11 30 16 20 16 80 10 18
internal_value=-8.51216e-05 0.00386999 -0.0163675 -0.748156 0.16627 0.753527 0.437251 -0.137062 -1.42193 0.0264468 -0.0700996 -0.377402 -1.74264 0.676865
internal_weight=3310 3285 2921 82 364 70 59 43 39 294 256 106 26 38
internal_count=3310 3285 2921 82 364 70 59 43 39 294 256 106 26 38
is_linear=0
shrinkage=0.05


Tree=83
num_leaves=15
num_cat=1
split_feature=7 3 7 4 6 3 5 3 0 9 9 4 7 9
split_gain=2598.82 74233.5 14022.3 14050.6 14581.2 15947.1 12269.9 12048.6 11396.7 22118 10588 13848.2 9404 9031.45
threshold=785.78571428571433 698.50000000000011 827.92857142857156 871.50000000000011 818.50000000000011 790.50000000000011 826.50000000000011 589.50000000000011 0 44.690313121564522 62.032708069085452 698.50000000000011 831.07142857142878 83.997069588319064
decision_type=2 2 2 2 2 2 2 2 1 2 2 2 2 2
left_child=7 -2 3 4 -3 -6 -7 8 9 -1 11 -9 -4 -14
right_child=1 2 12 -5 5 6 -8 10 -10 -11 -12 -13 13 -15
leaf_value=-0.268567274384858 3.5535387623310086 0.20940543520264329 -1.5056268017400396 -0.38185405131233369 2.9311817397673927 -0.57081381543116139 1.3649545058608057 -0.42830922617577016 -0.038219940521160498 0.77026425458548609 -0.79379608197056728 0.72456000012320443 0.0041159562487275217 -0.57628827241973746
leaf_weight=85 14.999999999999998 64 10.999999999999998 38 11.999999999999998 10.999999999999998 32 88 1654 129 92 37 970 72
leaf_count=85 15 64 11 38 12 11 32 88 1654 129 92 37 970 72
internal_value=-8.0866e-05 0.0577193 0.0143827 0.455193 0.722485 1.31952 0.869758 -0.0340402 0.00692607 0.341678 -0.38669 -0.0870599 -0.0513411 -0.0359888
internal_weight=3310 1225 1210 157 119 55 43 2085 1868 214 217 125 1053 1042
internal_count=3310 1225 1210 157 119 55 43 2085 1868 214 217 125 1053 1042
cat_boundaries=0 1
cat_threshold=256
is_linear=0
shrinkage=0.05


Tree=84
num_leaves=15
num_cat=0
split_feature=2 1 3 5 6 5 6 2 1 2 1 7 8 1
split_gain=2642.07 9380.65 11471.6 27168.8 57630.6 22296 6914.56 6858.95 6787.35 10389.4 6422.18 6916.84 6359.86 5938.16
threshold=1.5000000000000002 1.5000000000000002 800.50000000000011 908.50000000000011 837.50000000000011 800.50000000000011 594.50000000000011 3.5000000000000004 1.5000000000000002 2.5000000000000004 3.5000000000000004 852.21428571428589 875.42857142857144 2.5000000000000004
decision_type=2 2 2 2 2 2 2 2 2 2 2 2 2 2
left_child=1 -1 5 4 -4 6 -3 8 9 -2 -10 -12 -13 -9
right_child=7 2 3 -5 -6 -7 -8 13 10 -11 11 12 -14 -15
leaf_value=0.25382312728464601 1.3407663498322169 -0.15586697418114237 0.32150120871762428 -0.031561069687207538 -4.4836190058634839 2.0717262549833819 -1.4166418770949045 -0.10349907101143513 -0.19781803702314696 0.22863609288952183 0.11115477691160754 1.6643780567248663 0.37151271316867612 0.04926735846663282
leaf_weight=100 30 116 12.000000000000002 36 12.999999999999998 10.999999999999998 11.999999999999998 1110 120 70 149 14.999999999999998 26 1490
leaf_count=100 30 116 12 36 13 11 12 1110 120 70 149 15 26 1490
internal_value=-8.25952e-05 -0.141581 -0.339283 -0.910905 -2.17716 -0.0884265 -0.274065 0.0140202 0.204089 0.562275 0.0885448 0.269406 0.844512 -0.0159522
internal_weight=3310 300 200 61 25 139 128 3010 410 100 310 190 41 2600
internal_count=3310 300 200 61 25 139 128 3010 410 100 310 190 41 2600
is_linear=0
shrinkage=0.05


Tree=85
num_leaves=15
num_cat=1
split_feature=8 8 3 4 8 7 2 0 5 8 2 3 9 5
split_gain=2552.56 2723.03 6897.22 17894.2 5985.46 6015.2 12168.5 5512.2 8826.19 8377.89 7905.73 5281.19 23276.1 11830.6
threshold=377.3035714285715 422.69642857142861 467.50000000000006 546.50000000000011 453.07142857142861 434.35714285714295 4.5000000000000009 0 431.50000000000006 526.14285714285722 1.0000000180025095e-35 554.50000000000011 51.787608066059327 516.50000000000011
decision_type=2 2 2 2 2 2 2 1 2 2 2 2 2 2
left_child=-1 -2 3 4 5 -3 -7 8 -4 10 -10 12 -9 -14
right_child=1 2 7 -5 -6 6 -8 11 9 -11 -12 -13 13 -15
leaf_value=0.67363294064998636 -0.15921931318478508 0.04244954899709294 -1.3636396340529124 1.8807167885700862 0.0089455279889014624 1.5461018578873742 0.25383521118866548 0.012819746304687457 -1.2355647357304891 -1.5663517594337464 -0.070250629837320624 -0.029030041061131464 0.60665819672685051 2.0683687781032765
leaf_weight=13.999999999999998 257 69 14.999999999999998 14.999999999999998 334 27 56 388 14.999999999999998 9.9999999999999982 490 1550 51 19
leaf_count=14 257 69 15 15 334 27 56 388 15 10 490 1550 51 19
internal_value=-7.8466e-05 -0.0029401 0.010276 0.179815 0.127318 0.387425 0.674211 -0.0231908 -0.164953 -0.133242 -0.104864 0.0149733 0.16422 1.00341
internal_weight=3310 3296 3039 501 486 152 83 2538 530 515 505 2008 458 70
internal_count=3310 3296 3039 501 486 152 83 2538 530 515 505 2008 458 70
cat_boundaries=0 1
cat_threshold=82
is_linear=0
shrinkage=0.05


Tree=86
num_leaves=15
num_cat=1
split_feature=0 8 2 8 3 3 9 5 5 4 5 3 3 6
split_gain=2541.9 26681.2 23615.4 12322.2 15939.4 10482.7 10467.1 13602.6 9301.59 9121.41 7894.08 47582.9 10101.4 14355.6
threshold=0 836.69642857142878 5.5000000000000009 843.607142857143 741.50000000000011 897.50000000000011 83.997069588319064 955.50000000000011 842.50000000000011 958.50000000000011 883.50000000000011 779.50000000000011 546.50000000000011 502.50000000000006
decision_type=1 2 2 2 2 2 2 2 2 2 2 2 2 2
left_child=1 2 5 -3 -5 -1 -6 8 -8 10 12 -12 -2 -14
right_child=9 3 -4 4 6 -7 7 -9 -10 -11 11 -13 13 -15
leaf_value=2.3798534567539509 0.024590278307530578 -1.4142085065133871 0.22984692757168124 1.8775874007831921 0.035003057188873372 0.64092819306712889 0.032744068449193781 0.34261744130741467 -1.6748446407503097 -1.4589373805306174 3.6302118825912473 0.11036317467156226 -1.1718411468797261 -0.1480667072447939
leaf_weight=26 1649 15.999999999999998 62 10.999999999999998 472 12.999999999999998 10.999999999999998 22 29 10.999999999999998 9.9999999999999982 241 36 701
leaf_count=26 1649 16 62 11 472 13 11 22 29 11 10 241 36 701
internal_value=-7.45418e-05 0.086806 0.836225 -0.0465689 -0.00641802 1.80021 -0.0452271 -0.656012 -1.20526 -0.0220393 -0.0161289 0.250596 -0.0441876 -0.198075
internal_weight=3310 662 101 561 545 39 534 62 40 2648 2637 251 2386 737
internal_count=3310 662 101 561 545 39 534 62 40 2648 2637 251 2386 737
cat_boundaries=0 1
cat_threshold=132
is_linear=0
shrinkage=0.05


Tree=87
num_leaves=15
num_cat=1
split_feature=2 8 8 6 6 5 0 4 2 1 2 1 3 9
split_gain=2592.72 8601.52 29394.4 15243.7 23574.2 26925.8 11904.8 15684 5916.87 6153.62 9441.24 5720.42 6442.65 6171.14
threshold=1.5000000000000002 924.28571428571433 975.62500000000011 943.50000000000011 906.50000000000011 933.50000000000011 0 847.50000000000011 3.5000000000000004 1.5000000000000002 2.5000000000000004 3.5000000000000004 862.50000000000011 57.97000021899256
decision_type=2 2 2 2 2 2 1 2 2 2 2 2 2 2
left_child=1 3 -3 4 6 -6 -1 -8 9 10 -2 -11 13 -13
right_child=8 2 -4 -5 5 -7 7 -9 -10 11 -12 12 -14 -15
leaf_value=-0.36101248574964073 1.2736058920621873 -2.8360541899998974 0.48402081290880838 1.7673796837980096 -3.6152753639221182 -0.10229976301391919 0.12614792062525165 1.7143187655342951 -0.013938326244824568 -0.18984908478955428 0.21343751755143914 0.2978507893303266 0.78147505771035375 -0.42025393795754229
leaf_weight=108 30 12.000000000000002 14.999999999999998 10.999999999999998 10.000000000000002 11.999999999999998 114 18 2600 120 70 104 44 42
leaf_count=108 30 12 15 11 10 12 114 18 2600 120 70 104 44 42
internal_value=-7.08161e-05 -0.140241 -0.991568 -0.0560441 -0.1326 -1.69911 0.0109964 0.318582 0.0138997 0.190433 0.531488 0.0804156 0.251109 0.0912727
internal_weight=3310 300 27 273 262 22 240 132 3010 410 100 310 190 146
internal_count=3310 300 27 273 262 22 240 132 3010 410 100 310 190 146
cat_boundaries=0 1
cat_threshold=531
is_linear=0
shrinkage=0.05


Tree=88
num_leaves=15
num_cat=0
split_feature=2 2 9 9 7 8 5 8 2 3 3 9 3 8
split_gain=2633 7435.98 9050.16 7994.48 8547.58 17632.9 10676 12187.6 12124.1 24077.8 7761.91 6821.48 31849.8 8324.26
threshold=12.500000000000002 7.5000000000000009 83.997069588319064 25.240690002276114 908.50000000000011 975.62500000000011 953.50000000000011 884.21428571428589 9.5000000000000018 858.50000000000011 899.50000000000011 97.687773747703531 787.50000000000011 829.28571428571433
decision_type=2 2 2 2 2 2 2 2 2 2 2 2 2 2
left_child=1 11 3 -3 6 -6 7 8 9 -5 -4 -1 -13 -14
right_child=-2 2 10 4 5 -7 -8 -9 -10 -11 -12 12 13 -15
leaf_value=0.010906387905113024 0.060589786258200988 0.599814045180877 -0.3088027413680472 -0.3988742324929353 1.0429479551315308 -0.54578346744660411 -1.7758553851734509 0.6732461344551397 -0.049092353005663204 -2.4138570979237559 -1.7561567306518555 2.9803114687854593 1.0845646836540916 -0.54719549693443159
leaf_weight=1411 1160 36 22 202 40 31 10.999999999999998 37 279 15.999999999999998 15.999999999999998 10.999999999999998 10.999999999999998 27
leaf_count=1411 1160 36 22 202 40 31 11 37 279 16 16 11 11 27
internal_value=-0.000121808 -0.0328778 -0.168139 -0.124422 -0.166748 0.349276 -0.233973 -0.202212 -0.267386 -0.546763 -0.918215 0.0310468 0.611007 -0.0748439
internal_weight=3310 2150 690 652 616 71 545 534 497 218 38 1460 49 38
internal_count=3310 2150 690 652 616 71 545 534 497 218 38 1460 49 38
is_linear=0
shrinkage=0.05


Tree=89
num_leaves=15
num_cat=0
split_feature=1 1 2 2 2 2 3 9 3 9 8 9 9 6
split_gain=2529.46 5463.78 21403.3 10105.9 25882.5 23278.7 16878.2 9352.26 51317.7 11105.9 9530.77 10600.6 7969.33 7305.13
threshold=5.5000000000000009 4.5000000000000009 1.5000000000000002 8.5000000000000018 11.500000000000002 7.5000000000000009 858.50000000000011 80.056279683440536 724.50000000000011 79.103654917622293 829.28571428571433 83.997069588319064 29.395473668270473 886.50000000000011
decision_type=2 2 2 2 2 2 2 2 2 2 2 2 2 2
left_child=1 7 12 5 6 13 -5 9 -9 -1 -10 -12 -3 -4
right_child=-2 2 3 4 -6 -7 -8 8 10 -11 11 -13 -14 -15
leaf_value=-0.0004518379202064672 0.10732771884114978 -2.7722014713287346 0.14710111433834386 -0.84082111009955407 -0.031809736625757069 2.5227394843101503 -3.0910376977920535 3.69531894272024 1.3410666303975243 -1.247432244817416 0.73452310999234527 -0.38885450688855988 -0.77603935956954961 -0.9420844058780109
leaf_weight=2227 470 10.000000000000002 163 50 200 9.9999999999999982 9.9999999999999982 10.999999999999998 13.999999999999998 18 30 70 9.9999999999999982 17
leaf_count=2227 470 10 163 50 200 10 10 11 14 18 30 70 10 17
internal_value=-0.000115717 -0.0178968 -0.173631 -0.102498 -0.305051 0.174681 -1.21586 0.012987 0.433915 -0.0104499 0.119218 -0.0518412 -1.77412 0.0442336
internal_weight=3310 2840 470 450 260 190 60 2370 125 2245 114 100 20 180
internal_count=3310 2840 470 450 260 190 60 2370 125 2245 114 100 20 180
is_linear=0
shrinkage=0.05


Tree=90
num_leaves=15
num_cat=0
split_feature=7 7 8 3 4 7 6 2 7 7 2 1 8 1
split_gain=2541.99 14615.6 11445.2 10980.2 24648.3 14494.3 7913.14 16013.1 7914.21 7445.21 8956.03 6913.22 6721.23 6370.45
threshold=909.21428571428589 900.78571428571433 898.17857142857156 1002.5000000000001 1015.5000000000001 966.07142857142867 996.50000000000011 16.500000000000004 1067.5000000000002 965.07142857142867 6.5000000000000009 4.5000000000000009 891.42857142857144 4.5000000000000009
decision_type=2 2 2 2 2 2 2 2 2 2 2 2 2 2
left_child=1 -1 12 4 9 -5 7 -7 -8 11 -11 -2 -3 -4
right_child=3 2 13 5 -6 6 8 -9 -10 10 -12 -13 -14 -15
leaf_value=0.0029079620624999358 0.27152180815132981 -1.0612484143330503 -1.7463226024921124 -1.5101893659681083 2.6721304202621639 -2.2583958953618999 0.47825787905479472 0.33366842774244454 -0.27553212138895805 1.8984344766690182 0.36733652469184669 -0.4989327983930707 0.29987112859884901 -0.39073035992108862
leaf_weight=2839 107 12.999999999999998 26 18 10.999999999999998 11 75 13 65 12.999999999999998 36 40 30 12.999999999999998
leaf_count=2839 107 13 26 18 11 11 75 13 65 13 36 40 30 13
internal_value=-0.000109932 -0.0161001 -0.674195 0.11996 0.369047 -0.163342 -0.0155178 -0.854361 0.128284 0.239792 0.773546 0.0618743 -0.11163 -1.29446
internal_weight=3310 2921 82 389 207 182 164 24 140 196 49 147 43 39
internal_count=3310 2921 82 389 207 182 164 24 140 196 49 147 43 39
is_linear=0
shrinkage=0.05


Tree=91
num_leaves=15
num_cat=1
split_feature=7 3 7 4 5 3 5 4 0 9 9 3 2 9
split_gain=2377.95 54944.4 11814 12009.3 10991.3 10717.7 10163.3 9970.87 9407.93 18902.8 8534.22 10736.9 8413.09 24153.3
threshold=785.78571428571433 698.50000000000011 827.92857142857156 871.50000000000011 796.50000000000011 589.50000000000011 786.50000000000011 551.50000000000011 0 46.241680175940424 62.032708069085452 606.00000000000011 1.0000000180025095e-35 61.087211982397584
decision_type=2 2 2 2 2 2 2 2 1 2 2 2 2 2
left_child=5 -2 3 4 6 8 -3 -7 9 -1 11 -9 13 -4
right_child=1 2 12 -5 -6 7 -8 10 -10 -11 -12 -13 -14 -15
leaf_value=-0.22689736151446899 3.0627190732955931 0.47643022870922347 0.71538843562205612 -0.35134081628761793 1.1303752446847577 -1.9072190180420876 -1.2789675860852006 -1.0155457304282622 -0.03496668591040606 0.72503804894344459 -0.66774727438373127 0.20674967083091642 -0.019938240939648796 -2.3415759810379573
leaf_weight=90 14.999999999999998 47 12.000000000000002 38 62 9.9999999999999982 9.9999999999999982 22 1654 124 87 98 1027 13.999999999999998
leaf_count=90 15 47 12 38 62 10 10 22 1654 124 87 98 1027 14
internal_value=-0.000104436 0.055185 0.0179016 0.422515 0.669629 -0.0325887 0.168466 -0.365192 0.00604892 0.310196 -0.290698 -0.0173378 -0.0424254 -0.930669
internal_weight=3310 1225 1210 157 119 2085 57 217 1868 214 207 120 1053 26
internal_count=3310 1225 1210 157 119 2085 57 217 1868 214 207 120 1053 26
cat_boundaries=0 1
cat_threshold=256
is_linear=0
shrinkage=0.05


Tree=92
num_leaves=15
num_cat=1
split_feature=9 0 8 3 8 9 4 7 9 9 2 4 8 3
split_gain=2366.27 2962.82 21797.6 8264.6 20307.1 19721.1 12455.2 11712.8 7427.53 15099 14721.2 11672.2 11392.4 8062.76
threshold=108.47877246714644 0 805.64285714285722 1002.5000000000001 895.21428571428589 83.997069588319064 1015.5000000000001 966.07142857142867 80.056279683440536 79.103654917622293 8.5000000000000018 911.50000000000011 834.33928571428589 857.50000000000011
decision_type=2 1 2 2 2 2 2 2 2 2 2 2 2 2
left_child=1 2 -1 4 5 -4 -6 -5 9 -3 11 12 13 -10
right_child=-2 8 3 7 6 -7 -8 -9 10 -11 -12 -13 -14 -15
leaf_value=2.2388634370019038 -0.7009508550167084 -0.017671360014188071 0.96400634050369272 -1.3250882496959286 0.57135810414329169 -1.2691421887098715 2.3047221004962921 -0.013709700974158762 2.1612401008605953 -1.3962775604426862 -0.55455678883366866 2.4282492446899417 -0.2325948296735684 0.43198896987097601
leaf_weight=11.999999999999998 11.999999999999998 2864 14.999999999999998 19 76 29 11.999999999999998 164 13.000000000000002 20 26 9.9999999999999982 24 13.999999999999998
leaf_count=12 12 2864 15 19 76 29 12 164 13 20 26 10 24 14
internal_value=-0.000104496 0.00244558 0.142956 0.0676501 0.369203 -0.507842 0.807726 -0.149864 -0.0134554 -0.0272317 0.441675 0.866298 0.560033 1.26459
internal_weight=3310 3298 327 315 132 44 88 183 2971 2884 87 61 51 27
internal_count=3310 3298 327 315 132 44 88 183 2971 2884 87 61 51 27
cat_boundaries=0 1
cat_threshold=128
is_linear=0
shrinkage=0.05


Tree=93
num_leaves=15
num_cat=0
split_feature=1 1 2 9 9 3 9 8 9 2 2 2 3 9
split_gain=2394.24 5101.78 19043.7 9407.47 7853.83 41749.7 9095.62 7569.64 8860.58 7172.21 19875.2 14984 8696.35 7052.61
threshold=5.5000000000000009 4.5000000000000009 1.5000000000000002 83.997069588319064 80.056279683440536 724.50000000000011 79.103654917622293 829.28571428571433 83.997069588319064 8.5000000000000018 7.5000000000000009 11.500000000000002 426.50000000000006 29.395473668270473
decision_type=2 2 2 2 2 2 2 2 2 2 2 2 2 2
left_child=1 4 13 9 6 -6 -1 -7 -9 10 -4 12 -11 -3
right_child=-2 2 3 -5 5 7 -8 8 -10 11 -12 -13 -14 -15
leaf_value=1.5193607548789549e-05 0.10443300277430644 -2.6164995956420891 0.057919165367881456 -1.254558673325707 3.3398759885267779 1.2032400684697289 -1.1284755451552984 0.68081992228825894 -0.34622966616281442 0.31098855242810469 2.3512501573562625 -0.021863718548366724 -1.2573138849933942 -0.73865392923355111
leaf_weight=2227 470 10.000000000000002 171 17 10.999999999999998 13.999999999999998 18 30 70 10.999999999999998 9.9999999999999982 196 45 9.9999999999999982
leaf_count=2227 470 10 171 17 11 14 18 30 70 11 10 196 45 10
internal_value=-9.92713e-05 -0.0173986 -0.167885 -0.100787 0.0124446 0.39818 -0.00903284 0.114332 -0.0381148 -0.0554893 0.184623 -0.227951 -0.949254 -1.67758
internal_weight=3310 2840 470 450 2370 125 2245 114 100 433 181 252 56 20
internal_count=3310 2840 470 450 2370 125 2245 114 100 433 181 252 56 20
is_linear=0
shrinkage=0.05


Tree=94
num_leaves=15
num_cat=1
split_feature=8 6 3 4 3 5 4 3 9 9 6 8 5 0
split_gain=2328.66 2614.53 7609.66 7429.76 7225.62 5517.93 3012.58 2913.78 2552.97 5223.04 6279.37 4174.58 7124.61 3157.73
threshold=377.3035714285715 403.50000000000006 380.50000000000006 435.50000000000006 426.50000000000006 397.50000000000006 439.50000000000006 380.50000000000006 105.01008703336356 101.81377270143601 903.50000000000011 924.28571428571433 840.50000000000011 0
decision_type=2 2 2 2 2 2 2 2 2 2 2 2 2 1
left_child=-1 4 3 -3 7 -6 -7 -2 9 13 -11 12 -10 -4
right_child=1 2 8 -5 5 6 -8 -9 11 10 -12 -13 -14 -15
leaf_value=0.64339099090014196 -0.32392469495534898 0.12865713760256767 0.14938760093939951 1.4834960576365976 -1.6453030566374462 -1.0880390611561863 -0.088795475661754608 0.13602522294265482 -0.83480929411374594 0.077808365821838366 1.6953389906883238 -0.93829331272526795 0.76442581474781035 -0.018426807118433197
leaf_weight=13.999999999999998 51 25 303 17 11.999999999999998 10.999999999999998 24 106 13.000000000000002 15.000000000000002 9.9999999999999982 19 14.999999999999998 2675
leaf_count=14 51 25 303 17 12 11 24 106 13 15 10 19 15 2675
internal_value=-9.43074e-05 -0.00282756 0.00861094 0.677044 -0.176199 -0.720067 -0.402843 -0.0133853 -0.000593721 0.00512916 0.724821 -0.366249 0.0219238 -0.000912578
internal_weight=3310 3296 3092 42 204 47 35 157 3050 3003 25 47 28 2978
internal_count=3310 3296 3092 42 204 47 35 157 3050 3003 25 47 28 2978
cat_boundaries=0 1
cat_threshold=128
is_linear=0
shrinkage=0.05


Tree=95
num_leaves=15
num_cat=0
split_feature=5 7 7 8 9 2 9 2 9 9 7 7 9 4
split_gain=2397.12 3478.22 13015.1 10723.2 10251.9 10962 7416.01 6223.21 5717.87 5680.71 5465.76 14639.5 25715.5 16316.5
threshold=1106.5000000000002 909.21428571428589 905.357142857143 898.17857142857156 71.128816860948703 8.5000000000000018 74.302951249548059 29.500000000000004 86.337632022779744 48.394992512338469 960.21428571428589 1024.6428571428576 60.051554018771029 1015.5000000000001
decision_type=2 2 2 2 2 2 2 2 2 2 2 2 2 2
left_child=1 2 -1 -4 7 -6 -5 10 -7 -9 -3 12 -12 -14
right_child=-2 4 3 6 5 8 -8 9 -10 -11 11 -13 13 -15
leaf_value=-0.00087787147250423248 -0.48782085037231449 0.16595293012639833 -0.051912366987570471 -2.4441926042238866 1.9445958639894212 0.68594330178528296 -0.72048843044501087 1.3338428638875486 -0.45494659503300988 0.095639715322547336 -2.4090179437085202 0.14403332591347107 0.64509343297585198 -1.6962365237149326
leaf_weight=2873 25 126 23 12.000000000000002 13.999999999999998 41 12.999999999999998 15.999999999999998 14.999999999999998 22 19 77 23 10.999999999999998
leaf_count=2873 25 126 23 12 14 41 13 16 15 22 19 77 23 11
internal_value=-6.98102e-05 0.00364215 -0.0145199 -0.831055 0.149388 0.693197 -1.54787 0.0199095 0.380348 0.616988 -0.0687194 -0.296171 -0.935713 -0.112396
internal_weight=3310 3285 2921 48 364 70 25 294 56 38 256 130 53 34
internal_count=3310 3285 2921 48 364 70 25 294 56 38 256 130 53 34
is_linear=0
shrinkage=0.05


Tree=96
num_leaves=15
num_cat=0
split_feature=2 2 1 3 6 2 3 5 1 6 9 1 2 9
split_gain=2269.19 6044.32 8999.83 10988.1 13546.4 18843.8 17259.9 11975.6 9975.68 9233.36 6119.74 6072.05 13622.5 9949.32
threshold=12.500000000000002 7.5000000000000009 3.5000000000000004 837.50000000000011 884.50000000000011 9.5000000000000018 958.50000000000011 824.50000000000011 1.5000000000000002 1018.5000000000001 24.244330183318826 3.5000000000000004 5.5000000000000009 80.056279683440536
decision_type=2 2 2 2 2 2 2 2 2 2 2 2 2 2
left_child=1 11 8 7 5 -5 -6 10 -3 -8 -4 13 -13 -1
right_child=-2 2 3 4 6 -7 9 -9 -10 -11 -12 12 -14 -15
leaf_value=-0.10421672744793618 0.056295019083843038 -0.30947616117407706 0.74779513009956911 -2.941539688110351 0.39636448198749175 -0.34068736296433672 -2.2185042789381049 1.1490851562470199 0.23042857798112726 -0.22924421310424803 -0.33077543753152072 0.030594384187300289 0.62498903461111099 0.59114566076885566
leaf_weight=795 1160 140 13.999999999999998 15.000000000000002 31 12.999999999999998 14.000000000000002 15.999999999999998 220 9.9999999999999982 217 490 120 55
leaf_count=795 1160 140 14 15 31 13 14 16 220 10 217 490 120 55
internal_value=-6.63195e-05 -0.0304752 -0.152424 -0.34103 -0.83875 -1.734 -0.382986 -0.17378 0.0204656 -1.38965 -0.265408 0.027158 0.147524 -0.0592227
internal_weight=3310 2150 690 330 83 28 55 247 360 24 231 1460 610 850
internal_count=3310 2150 690 330 83 28 55 247 360 24 231 1460 610 850
is_linear=0
shrinkage=0.05


Tree=97
num_leaves=15
num_cat=1
split_feature=3 9 6 2 4 2 0 8 7 9 9 9 9 2
split_gain=2219.51 25373.7 11804.2 9059.44 9999.17 8070.48 4169.81 4741.43 4892.93 5391.3 4069.87 6067.07 4814.54 5929.6
threshold=528.50000000000011 72.828482912098096 502.50000000000006 14.500000000000002 540.50000000000011 3.5000000000000004 0 571.44642857142867 549.92857142857156 57.75018609987702 24.563898590831165 29.134227728566433 27.480344038279341 11.500000000000002
decision_type=2 2 2 2 2 2 1 2 2 2 2 2 2 2
left_child=1 6 3 4 5 -2 7 8 -1 -10 -8 12 -12 -14
right_child=2 -3 -4 -5 -6 -7 10 -9 9 -11 11 -13 13 -15
leaf_value=0.12867092071193151 0.60547001470219008 2.5559137916564945 -0.013550917949248939 0.6391269555687904 -1.9922104036106785 -1.0663467693896522 0.17383364105269355 -0.84705747564633693 0.10440039508044717 1.7462431818246842 -0.12214110910599292 -0.032847552809023954 -1.1371627306772603 0.10866470365570143
leaf_weight=531 10.999999999999998 9.9999999999999982 1787 9.9999999999999982 17 21 179 11.999999999999998 10.000000000000002 9.9999999999999982 54 609 36 12.999999999999998
leaf_count=531 11 10 1787 10 17 21 179 12 10 10 54 609 36 13
internal_value=-6.30036e-05 0.0459128 -0.0365249 -0.732363 -1.01226 -0.49166 0.0286501 0.133798 0.157587 0.925322 -0.0388555 -0.0928722 -0.447775 -0.806637
internal_weight=3310 1464 1846 59 49 32 1454 563 551 20 891 712 103 49
internal_count=3310 1464 1846 59 49 32 1454 563 551 20 891 712 103 49
cat_boundaries=0 1
cat_threshold=290
is_linear=0
shrinkage=0.05


Tree=98
num_leaves=15
num_cat=1
split_feature=8 8 8 0 6 3 3 9 7 2 9 9 2 3
split_gain=2186.29 2345.13 6207.27 4839.03 3995.95 3905.43 3614.82 7248.91 6561.35 5870.56 3550.46 5945.78 3468.84 5352.08
threshold=377.3035714285715 422.69642857142861 456.0535714285715 0 441.50000000000006 442.50000000000006 479.50000000000006 45.522382774364779 439.35714285714295 6.5000000000000009 27.480344038279341 29.134227728566433 14.500000000000002 1015.5000000000001
decision_type=2 2 2 1 2 2 2 2 2 2 2 2 2 2
left_child=-1 10 4 -4 5 -3 7 8 -6 -10 -2 -12 13 -5
right_child=1 2 3 12 6 -7 -8 -9 9 -11 11 -13 -14 -15
leaf_value=0.62344490098101757 0.031706140386430846 0.19333847604512452 -0.32398055426917283 -0.014955259245693487 0.049338407227967646 -0.48954655602574348 0.098168762718085889 1.5453695476055147 1.9903011798858636 0.42631032700339955 -1.1804024597009024 -0.1975328240121873 0.091213655835786014 -0.39620167731893124
leaf_weight=13.999999999999998 133 83 109 1806 47 28 54 17 10.000000000000002 14.999999999999998 18 106 773 97
leaf_count=14 133 83 109 1806 47 28 54 17 10 15 18 106 773 97
internal_value=-5.98526e-05 -0.00270823 0.00955659 -0.0120238 0.246176 0.0210792 0.420902 0.616717 0.397452 1.05191 -0.147739 -0.340207 0.0018866 -0.0343882
internal_weight=3310 3296 3039 2785 254 111 143 89 72 25 257 124 2676 1903
internal_count=3310 3296 3039 2785 254 111 143 89 72 25 257 124 2676 1903
cat_boundaries=0 1
cat_threshold=64
is_linear=0
shrinkage=0.05


Tree=99
num_leaves=15
num_cat=0
split_feature=2 1 9 9 6 7 6 9 1 2 1 2 7 9
split_gain=2177.63 7933.26 10591.8 17911.1 13077.9 6686.44 11604.5 6453.01 11080.1 5229.78 5415.47 8098.67 5158.67 5339.07
threshold=1.5000000000000002 1.5000000000000002 57.97000021899256 62.218111337626738 906.50000000000011 801.21428571428589 798.50000000000011 28.171408766288369 4.5000000000000009 3.5000000000000004 1.5000000000000002 2.5000000000000004 434.35714285714295 38.249035966205575
decision_type=2 2 2 2 2 2 2 2 2 2 2 2 2 2
left_child=1 -1 7 -4 5 -5 -7 8 -3 10 11 -2 -9 -14
right_child=9 2 3 4 -6 6 -8 12 -10 -11 -12 -13 13 -15
leaf_value=0.23505529239773751 1.1859415027499201 0.10636182136156343 -2.4675524821648231 -0.71467306598582692 -1.5187588892484967 -0.5803971312784898 1.5385281958750316 -0.86998148441314704 -1.6929943825517382 -0.013474182606352351 0.075456624524968291 0.20404141798615455 1.0413807597756386 0.096068178092019035
leaf_weight=100 30 22 12.999999999999998 17 19 12.000000000000002 13.999999999999998 9.9999999999999982 13.999999999999998 2600 310 70 20 59
leaf_count=100 30 22 13 17 19 12 14 10 14 2600 310 70 20 59
internal_value=-0.000105801 -0.128567 -0.310378 -0.780126 -0.42631 0.0563997 0.560563 -0.0285291 -0.593388 0.0126976 0.178665 0.498611 0.199953 0.335388
internal_weight=3310 300 200 75 62 43 26 125 36 3010 410 100 89 79
internal_count=3310 300 200 75 62 43 26 125 36 3010 410 100 89 79
is_linear=0
shrinkage=0.05


Tree=100
num_leaves=15
num_cat=0
split_feature=1 1 2 9 9 3 9 8 9 4 9 2 2 2
split_gain=2117.19 4434.13 16198.4 8223.82 6302.09 36291.9 8333.38 6615.17 7595 6938.19 5923.51 5918.15 17291.6 12188.3
threshold=5.5000000000000009 4.5000000000000009 1.5000000000000002 83.997069588319064 80.056279683440536 724.50000000000011 79.103654917622293 829.28571428571433 83.997069588319064 954.50000000000011 29.395473668270473 8.5000000000000018 7.5000000000000009 11.500000000000002
decision_type=2 2 2 2 2 2 2 2 2 2 2 2 2 2
left_child=1 4 10 11 6 -6 -1 -7 -9 -10 -3 12 -4 -13
right_child=-2 2 3 -5 5 7 -8 8 9 -11 -12 13 -14 -15
leaf_value=0.00087538998743178777 0.098197933983533311 -2.4094993019103996 0.047502779252609317 -1.1735281839090235 3.0996748057278722 1.1102875226576414 -1.0792953067355686 0.61544426560401921 -0.65026069407910114 0.45163899168372157 -0.68852432012557996 -0.85963042502158471 2.1865928792953491 -0.023218372040333189
leaf_weight=2227 470 10.000000000000002 171 17 10.999999999999998 13.999999999999998 18 30 50 20 9.9999999999999982 56 9.9999999999999982 196
leaf_count=2227 470 10 171 17 11 14 18 30 50 20 10 56 10 196
internal_value=-0.00010051 -0.0163682 -0.156663 -0.0947804 0.0114539 0.356988 -0.00778522 0.092343 -0.0501693 -0.335432 -1.54901 -0.0524277 0.165685 -0.209088
internal_weight=3310 2840 470 450 2370 125 2245 114 100 70 20 433 181 252
internal_count=3310 2840 470 450 2370 125 2245 114 100 70 20 433 181 252
is_linear=0
shrinkage=0.05


Tree=101
num_leaves=15
num_cat=1
split_feature=2 1 1 3 7 9 5 3 9 5 0 2 7 3
split_gain=2111.47 11638.3 25387.1 33923.4 23258.9 5672.01 2495.75 18544.2 6706.75 9263.18 6498.69 13514.5 10761.8 7021.42
threshold=1.0000000180025095e-35 1.0000000180025095e-35 3.5000000000000004 795.50000000000011 526.357142857143 51.051553302666171 891.50000000000011 731.50000000000011 83.997069588319064 860.50000000000011 0 2.5000000000000004 867.92857142857156 554.50000000000011
decision_type=2 2 2 2 2 2 2 2 2 2 1 2 2 2
left_child=1 5 3 4 -3 -1 8 -8 10 -10 11 12 -2 -12
right_child=6 2 -4 -5 -6 -7 7 -9 9 -11 13 -13 -14 -15
leaf_value=-0.10427889817140319 2.3646880892606879 -1.5245234727859494 0.78773357689380652 -3.7582732430913235 1.4545865249633789 1.0925189481841195 2.2321046590805054 0.061687613550300641 -0.1810491627973059 -1.6118873365720114 0.028682665942939212 0.12551423674183235 0.2397302020679821 -0.16386846477126488
leaf_weight=22 13.000000000000002 19.000000000000004 20 10.999999999999998 9.9999999999999982 18 9.9999999999999982 621 46 14.999999999999998 1656 175 10.999999999999998 663
leaf_count=22 13 19 20 11 10 18 10 621 46 15 1656 175 11 663
internal_value=-9.54849e-05 -0.226352 -0.666774 -1.39403 -0.497244 0.43428 0.00695301 0.0960841 -0.0148546 -0.532895 -0.00230474 0.264799 1.39075 -0.0262543
internal_weight=3310 100 60 40 29 40 3210 631 2579 61 2518 199 24 2319
internal_count=3310 100 60 40 29 40 3210 631 2579 61 2518 199 24 2319
cat_boundaries=0 1
cat_threshold=132
is_linear=0
shrinkage=0.05


Tree=102
num_leaves=15
num_cat=0
split_feature=5 7 7 8 9 3 9 9 8 2 9 2 7 7
split_gain=2084.96 3254.05 11260.6 9549.31 9322.72 10068.1 7078.45 5914.14 5865.43 5388.24 5208.41 4890.94 4741.04 12984.2
threshold=1106.5000000000002 909.21428571428589 900.78571428571433 898.17857142857156 71.128816860948703 890.50000000000011 74.302951249548059 101.81377270143601 891.42857142857144 29.500000000000004 49.612999529380048 9.5000000000000018 960.21428571428589 1024.6428571428576
decision_type=2 2 2 2 2 2 2 2 2 2 2 2 2 2
left_child=1 2 -1 8 9 -6 11 -7 -4 12 -11 -5 -3 -14
right_child=-2 4 3 6 5 7 -8 -9 -10 10 -12 -13 13 -15
leaf_value=0.0024883803960057938 -0.45497655797004699 0.15696288688877036 -0.96508122407473051 -1.0807482925745153 2.0516733012416148 0.64364525359123947 -0.35077955219894652 -0.64171532284129751 0.30643491586049398 1.1317838630080224 -0.040582069671816295 -2.5515646028518679 -0.87573643866575002 0.14113643579185009
leaf_weight=2839 25 126 12.999999999999998 13.000000000000002 10.999999999999998 48 15.999999999999998 10.999999999999998 30 20 18 9.9999999999999982 53 77
leaf_count=2839 25 126 13 13 11 48 16 11 30 20 18 10 53 77
internal_value=-9.07097e-05 0.00337113 -0.0141959 -0.59184 0.144342 0.662922 -1.15841 0.404002 -0.0779769 0.0208707 0.576453 -1.72023 -0.0615984 -0.273435
internal_weight=3310 3285 2921 82 364 70 39 59 43 294 38 23 256 130
internal_count=3310 3285 2921 82 364 70 39 59 43 294 38 23 256 130
is_linear=0
shrinkage=0.05


Tree=103
num_leaves=15
num_cat=0
split_feature=7 8 6 8 2 9 2 2 9 2 5 6 9 5
split_gain=2078.01 9362.98 15874.1 8123.03 6625.19 19860.5 7229.78 7789.68 5441.32 7647.28 13510.5 59228.1 8166.93 7627.01
threshold=785.78571428571433 831.80357142857156 874.50000000000011 829.28571428571433 4.5000000000000009 62.218111337626738 18.500000000000004 26.500000000000004 47.945009898987202 1.5000000000000002 908.50000000000011 864.50000000000011 65.23332146115176 837.50000000000011
decision_type=2 2 2 2 2 2 2 2 2 2 2 2 2 2
left_child=3 2 4 -1 5 -2 -6 -8 -3 10 11 13 -12 -10
right_child=1 8 -4 -5 6 -7 7 -9 9 -11 12 -13 -14 -15
leaf_value=-0.020740176064557608 2.6843781840801233 0.20833148421425976 1.6936643493317423 -1.033268249630928 -0.25492070561773339 -0.094747187207556441 1.3452754825353623 -0.1709821242839098 0.81770204475947761 -0.015128847529356429 -0.67385222456034499 -4.5094243407249452 0.83466160328764671 -0.94166618856516759
leaf_weight=2065 10.000000000000002 241 21 20 71 18 18 15.999999999999998 14.000000000000002 759 17 9.9999999999999982 19 10.999999999999998
leaf_count=2065 10 241 21 20 71 18 18 16 14 759 17 10 19 11
internal_value=-8.61746e-05 0.0515988 0.416137 -0.0304527 0.214423 0.897798 0.0321893 0.631742 -0.000818457 -0.0615475 -0.55777 -1.25728 0.122308 0.04358
internal_weight=3310 1225 154 2085 133 28 105 34 1071 830 71 35 36 25
internal_count=3310 1225 154 2085 133 28 105 34 1071 830 71 35 36 25
is_linear=0
shrinkage=0.05


Tree=104
num_leaves=15
num_cat=0
split_feature=8 6 3 4 3 5 4 4 3 6 5 9 8 8
split_gain=2024.82 2112.43 6461.61 6238.38 5937.61 5193.95 2748.01 2579.03 2218.87 11941 7079.67 9583.99 7010.18 5429.2
threshold=377.3035714285715 403.50000000000006 380.50000000000006 435.50000000000006 426.50000000000006 397.50000000000006 439.50000000000006 350.00000000000006 528.50000000000011 502.50000000000006 549.50000000000011 69.864881788912342 494.1785714285715 502.23214285714295
decision_type=2 2 2 2 2 2 2 2 2 2 2 2 2 2
left_child=-1 4 3 -3 7 -6 -7 -2 10 12 -4 -12 -10 -14
right_child=1 2 8 -5 5 6 -8 -9 9 -11 11 -13 13 -15
leaf_value=0.599955672451428 -0.71531280974547073 0.12110216122865679 0.024158683060165428 1.3625720984795515 -1.5491478006045023 -0.99813192757693214 -0.043773683502028392 0.047421079290838081 0.16078656000395619 -0.013033195847126061 0.28188779900724792 1.9150317560542716 -2.1156388843059539 -0.77037502919634182
leaf_weight=13.999999999999998 11.999999999999998 25 1148 17 11.999999999999998 10.999999999999998 24 145 14.999999999999998 1787 49 10.999999999999998 9.9999999999999982 30
leaf_count=14 12 25 1148 17 12 11 24 145 15 1787 49 11 10 30
internal_value=-8.18653e-05 -0.00263057 0.00765108 0.623602 -0.158468 -0.651485 -0.343715 -0.0108771 -0.000830866 -0.0353671 0.0518311 0.581298 -0.761015 -1.10669
internal_weight=3310 3296 3092 42 204 47 35 157 3050 1842 1208 60 55 40
internal_count=3310 3296 3092 42 204 47 35 157 3050 1842 1208 60 55 40
is_linear=0
shrinkage=0.05


Tree=105
num_leaves=15
num_cat=0
split_feature=7 7 7 5 3 3 7 9 2 2 9 3 6 3
split_gain=2046.54 5420.57 12438.9 6343.38 15478.3 10321.2 9505.31 8130.72 8053.41 4330.26 3740.24 10132.8 7470.53 29854.6
threshold=1069.2857142857144 1024.6428571428576 1022.2142857142859 1015.5000000000001 1015.5000000000001 980.50000000000011 965.07142857142867 61.387904886638701 6.5000000000000009 26.500000000000004 70.725564953814398 400.50000000000006 872.50000000000011 857.50000000000011
decision_type=2 2 2 2 2 2 2 2 2 2 2 2 2 2
left_child=1 2 3 4 6 -5 10 -8 -9 -3 12 -12 -1 -14
right_child=-2 9 -4 5 -6 -7 7 8 -10 -11 11 -13 13 -15
leaf_value=-0.016030014506784616 -0.29708783448788156 0.284343600336392 -1.6824176506562667 2.0015395760536197 -1.4296451786238897 0.19618306897188489 -0.55751578122377399 2.1140880386034651 0.53829160737991344 1.4187261080741882 1.4375517439842225 -0.17093226369569647 1.9036345391273501 0.098955935698341241
leaf_weight=2286 57 53 10.999999999999998 9.9999999999999982 19 38 9.9999999999999982 11.999999999999998 25 9.9999999999999982 9.9999999999999982 469 25 275
leaf_count=2286 57 53 11 10 19 38 10 12 25 10 10 469 25 275
internal_value=-7.77727e-05 0.00512652 -0.00394385 0.00186401 -0.00688108 0.572299 0.00180547 0.707472 1.04936 0.464404 -0.00901552 -0.137352 0.014756 0.249346
internal_weight=3310 3253 3190 3179 3131 48 3112 47 37 63 3065 479 2586 300
internal_count=3310 3253 3190 3179 3131 48 3112 47 37 63 3065 479 2586 300
is_linear=0
shrinkage=0.05


Tree=106
num_leaves=15
num_cat=1
split_feature=0 3 8 9 7 2 9 9 2 3 7 5 5 5
split_gain=1927.47 10748 7683.55 10236.9 10679.3 9131.01 13228.5 10356.9 8109.23 6495.78 11033.1 7698.78 6782.11 5857.54
threshold=0 698.50000000000011 829.28571428571433 83.997069588319064 959.357142857143 6.5000000000000009 60.910192745403656 56.933626351446513 19.500000000000004 554.50000000000011 578.07142857142867 500.50000000000006 533.50000000000011 891.50000000000011
decision_type=1 2 2 2 2 2 2 2 2 2 2 2 2 2
left_child=1 -1 5 -4 13 6 7 -3 -7 10 -2 -11 -12 -5
right_child=9 2 3 4 -6 8 -8 -9 -10 11 12 -13 -14 -15
leaf_value=1.2691203355789185 0.010608858237858482 0.79880724916091317 0.033048078365329851 -1.5365009200714885 0.71812608058636007 -0.15658647207884302 0.2387894607252545 2.8834064700386741 1.3642168128490448 -1.1302387315034867 0.30704735029827457 -0.13270169901819964 2.1061901345849039 -0.50527742780745033
leaf_weight=18 1688 13.000000000000002 760 21 12.999999999999998 71 36 10.999999999999998 9.9999999999999982 20 11.000000000000002 588 9.9999999999999982 40
leaf_count=18 1688 13 760 21 13 71 36 11 10 20 11 588 10 40
internal_value=-7.3884e-05 0.057868 0.0361 -0.0216132 -0.583 0.377467 0.844973 1.75425 0.031167 -0.0250478 0.0247789 -0.165515 1.16378 -0.860289
internal_weight=3310 993 975 834 74 141 60 24 81 2317 1709 608 21 61
internal_count=3310 993 975 834 74 141 60 24 81 2317 1709 608 21 61
cat_boundaries=0 1
cat_threshold=133
is_linear=0
shrinkage=0.05


Tree=107
num_leaves=15
num_cat=0
split_feature=7 7 7 5 3 3 7 9 2 2 7 9 9 9
split_gain=1868.75 4854.35 11250.3 5690.4 13976 9282.58 8348.75 7249.24 7401.86 3908.06 3565.22 3531.21 3469.47 13469
threshold=1069.2857142857144 1024.6428571428576 1022.2142857142859 1015.5000000000001 1015.5000000000001 980.50000000000011 965.07142857142867 61.387904886638701 6.5000000000000009 26.500000000000004 965.07142857142867 37.293735900994889 60.678107023219738 50.525643078199835
decision_type=2 2 2 2 2 2 2 2 2 2 2 2 2 2
left_child=1 2 3 4 6 -5 12 -8 -9 -3 -7 -2 13 -1
right_child=11 9 -4 5 -6 10 7 8 -10 -11 -12 -13 -14 -15
leaf_value=-0.043815118716154046 -1.1370704257488251 0.26847401898846313 -1.5999491908333519 1.8975456094741823 -1.3583986770165595 -0.44867741508143288 -0.53129239916801463 2.0067311808466912 0.49602306675910945 1.3461374330520632 0.55532575328834355 -0.1023572065728776 -0.096568734182165702 0.24546204047493214
leaf_weight=1723 9.9999999999999982 53 10.999999999999998 9.9999999999999982 19 13.999999999999998 9.9999999999999982 11.999999999999998 25 9.9999999999999982 24 47 817 525
leaf_count=1723 10 53 11 10 19 14 10 12 25 10 24 47 817 525
internal_value=-7.01899e-05 0.00490291 -0.00368067 0.00184275 -0.00644001 0.542121 0.00181423 0.663158 0.985982 0.439532 0.18543 -0.283886 -0.00832709 0.0237429
internal_weight=3310 3253 3190 3179 3131 48 3112 47 37 63 38 57 3065 2248
internal_count=3310 3253 3190 3179 3131 48 3112 47 37 63 38 57 3065 2248
is_linear=0
shrinkage=0.05


Tree=108
num_leaves=15
num_cat=0
split_feature=1 1 9 3 9 9 8 9 4 8 3 9 9 8
split_gain=1848.58 4170.3 6090.89 28530.1 7390.98 6029.17 5715.27 6486.43 5468.43 4386.72 4041.08 3192.62 3147.21 2898.31
threshold=5.5000000000000009 4.5000000000000009 80.056279683440536 724.50000000000011 79.103654917622293 83.997069588319064 829.28571428571433 83.997069588319064 954.50000000000011 870.71428571428589 847.50000000000011 19.445859797047092 91.004853021172849 835.66071428571433
decision_type=2 2 2 2 2 2 2 2 2 2 2 2 2 2
left_child=1 2 4 -4 -1 11 -5 9 10 -8 13 -3 -2 -9
right_child=12 5 3 6 -6 -7 7 8 -10 -11 -12 -13 -14 -15
leaf_value=0.0009565089635223111 0.11445529099927579 -0.95804556933316309 2.7831816803325307 1.0629409004534993 -1.0163051684697471 -1.0757546046200921 1.4544772565364834 -0.88682480454444856 0.41942730993032457 0.17189456403255465 -1.1093520069122316 -0.095692241687867038 -0.64663334914616177 0.15570487052202225
leaf_weight=2227 456 10.999999999999998 10.999999999999998 13.999999999999998 18 17 10.000000000000002 10.000000000000002 20 20 20 442 13.999999999999998 20
leaf_count=2227 456 11 11 14 18 17 10 10 20 20 20 442 14 20
internal_value=-6.66803e-05 -0.0152674 0.0117143 0.35141 -0.00719971 -0.151324 0.116765 -0.0156998 -0.279323 0.599422 -0.558824 -0.116632 0.0917846 -0.191805
internal_weight=3310 2840 2370 125 2245 470 114 100 70 30 50 453 470 30
internal_count=3310 2840 2370 125 2245 470 114 100 70 30 50 453 470 30
is_linear=0
shrinkage=0.05


Tree=109
num_leaves=15
num_cat=0
split_feature=9 9 9 9 7 3 5 5 3 3 8 7 9 8
split_gain=1868.92 5571.73 3873.01 3562.14 5960.89 3658.94 2799.7 5031.82 8480.15 8408.44 15652.7 6007.49 6947.34 4685.49
threshold=24.563898590831165 28.322126376317161 17.904750583943557 27.673622175983166 487.21428571428578 426.50000000000006 1058.5000000000002 1015.5000000000001 1000.5000000000001 1015.5000000000001 975.62500000000011 965.07142857142867 60.238531944991585 953.07142857142878
decision_type=2 2 2 2 2 2 2 2 2 2 2 2 2 2
left_child=2 3 -1 -2 5 -5 7 9 -9 11 -11 13 -13 -3
right_child=1 6 -4 4 -6 -7 -8 8 -10 10 -12 12 -14 -15
leaf_value=-0.31440061156948412 -0.13930153586589114 0.0049501733143053443 0.20845653527886074 -0.5057523629069326 -0.1549065995658748 -1.7779066544312698 -0.30806658592992936 1.5168139679091317 0.17191130948873859 -2.3175148015672504 0.24520826385571409 -0.30174005760086908 0.88110308483242994 -0.82785375503932723
leaf_weight=42 143 2592 226 10.000000000000002 30 12.999999999999998 69 13.999999999999998 72 11.000000000000002 12.999999999999998 18 40 17
leaf_count=42 143 2592 226 10 30 13 69 14 72 11 13 18 40 17
internal_value=-6.3347e-05 -0.011215 0.126516 -0.26907 -0.619198 -1.2248 0.00654308 0.0143602 0.390849 0.0023282 -0.929373 0.0107125 0.514014 -0.000476299
internal_weight=3310 3042 268 196 53 23 2846 2777 86 2691 24 2667 58 2609
internal_count=3310 3042 268 196 53 23 2846 2777 86 2691 24 2667 58 2609
is_linear=0
shrinkage=0.05


Tree=110
num_leaves=15
num_cat=1
split_feature=8 8 8 0 6 3 9 7 2 3 7 2 3 9
split_gain=1868.84 1947.74 5496.55 4340.67 3402.54 3331.74 6481.43 5912.35 5391.74 3269.01 3193.13 5844.9 5616.57 4150.66
threshold=377.3035714285715 422.69642857142861 456.0535714285715 0 441.50000000000006 479.50000000000006 45.522382774364779 439.35714285714295 6.5000000000000009 442.50000000000006 477.64285714285717 9.5000000000000018 468.50000000000006 27.480344038279341
decision_type=2 2 2 1 2 2 2 2 2 2 2 2 2 2
left_child=-1 -2 4 10 9 6 7 -6 -9 -3 12 -12 -4 -13
right_child=1 2 3 -5 5 -7 -8 8 -10 -11 11 13 -14 -15
leaf_value=0.57640387799058646 -0.13468103747278568 0.18121878691017629 -0.29781044702287074 0.0015378063047850506 0.042770777389090117 0.082722675943471213 1.4586696268004531 1.89377682685852 0.39492425610621773 -0.44355308934380971 -1.252412106394768 -0.66704672296841938 -1.5978760321935019 0.29335361057685483
leaf_weight=13.999999999999998 257 83 27 2676 47 54 17 10.000000000000002 14.999999999999998 28 9.9999999999999982 14.999999999999998 11.999999999999998 45
leaf_count=14 257 83 27 2676 47 54 17 10 15 28 10 15 12 45
internal_value=-6.01779e-05 -0.00250875 0.0086687 -0.0116387 0.23133 0.392561 0.580553 0.37322 0.994465 0.0236187 -0.307095 -0.13327 -0.697831 0.0532535
internal_weight=3310 3296 3039 2785 254 143 89 72 25 111 109 70 39 60
internal_count=3310 3296 3039 2785 254 143 89 72 25 111 109 70 39 60
cat_boundaries=0 1
cat_threshold=64
is_linear=0
shrinkage=0.05


Tree=111
num_leaves=15
num_cat=1
split_feature=2 9 4 8 5 7 2 0 9 7 8 6 5 9
split_gain=1863.86 8471.35 7790.47 10049.9 10468.2 6557.66 2271.27 7831.79 7263.24 7642.72 6731.35 9523.64 9047.11 7213.66
threshold=1.0000000180025095e-35 78.759512810680619 903.50000000000011 564.01785714285722 524.50000000000011 435.9285714285715 4.5000000000000009 0 64.376900792462592 884.07142857142867 869.53571428571433 820.50000000000011 924.50000000000011 50.145330988381723
decision_type=2 2 2 2 2 2 2 1 2 2 2 2 2 2
left_child=1 2 3 4 5 -1 7 -2 10 -10 11 13 -12 -9
right_child=6 -3 -4 -5 -6 -7 -8 8 9 -11 12 -13 -14 -15
leaf_value=-0.97265615115563075 0.26650970545717317 1.1679656100273133 -1.2964138269424439 1.0180964767932892 -1.4758521465694203 0.42437046212809426 -0.017666570093408825 -0.10758070896099795 -0.5755081388432729 0.60571932569146159 -1.1826411422962944 1.0757558596134185 0.19024402980382246 0.42416542138784163
leaf_weight=11.999999999999998 320 9.9999999999999982 18 14.999999999999998 17 28 2410 203 95 15.999999999999998 24 25 24 93
leaf_count=12 320 10 18 15 17 28 2410 203 95 16 24 25 24 93
internal_value=-5.69372e-05 -0.212633 -0.366033 -0.133438 -0.436473 0.00526248 0.00656538 0.0795641 -0.0495855 -0.405241 0.0560565 0.138637 -0.496199 0.0594882
internal_weight=3310 100 90 72 57 40 3210 800 480 111 369 321 48 296
internal_count=3310 100 90 72 57 40 3210 800 480 111 369 321 48 296
cat_boundaries=0 1
cat_threshold=228
is_linear=0
shrinkage=0.05


Tree=112
num_leaves=15
num_cat=0
split_feature=3 5 4 4 2 1 2 4 6 6 2 2 4 8
split_gain=1829.16 12805.6 4790.94 6796.83 4699.67 4460.91 5954.67 2916.39 2914.83 3659.66 3837.28 3577.54 2918.31 4161.06
threshold=470.50000000000006 549.50000000000011 477.50000000000006 475.50000000000006 4.5000000000000009 4.5000000000000009 13.500000000000002 452.50000000000006 530.50000000000011 447.50000000000006 12.500000000000002 1.0000000180025095e-35 443.50000000000006 454.57142857142861
decision_type=2 2 2 2 2 2 2 2 2 2 2 2 2 2
left_child=1 8 3 4 7 6 -6 -2 9 11 12 -1 -11 -14
right_child=2 -3 -4 -5 5 -7 -8 -9 -10 10 -12 -13 13 -15
leaf_value=-0.92208990698510951 -0.47800000905990603 1.3145548832416534 -0.0046316430408095246 -1.5645306685566904 -1.1827428062756857 0.016405994892120364 0.011677865684032441 0.39257357251402497 -0.77470352162014366 0.0016323752444365931 -0.17747388035058975 -0.010894098293412334 0.83342899719989583 0.24525528425350784
leaf_weight=10.999999999999998 12.999999999999998 20 2358 9.9999999999999982 30 30 15.999999999999998 37 10.999999999999998 58 53 520 43 100
leaf_count=11 13 20 2358 10 30 30 16 37 11 58 53 520 43 100
internal_value=-1.38312e-05 0.0649669 -0.0212746 -0.309833 -0.210254 -0.457938 -0.767292 0.166224 0.0335702 0.0448963 0.20099 -0.0297701 0.300784 0.422119
internal_weight=3310 816 2494 136 126 76 46 50 796 785 254 531 201 143
internal_count=3310 816 2494 136 126 76 46 50 796 785 254 531 201 143
is_linear=0
shrinkage=0.05


Tree=113
num_leaves=15
num_cat=0
split_feature=2 9 9 8 6 6 9 4 1 1 5 6 3 2
split_gain=1760.91 6496.74 10910.6 8401.75 15287.2 17756.9 8205.03 7704.33 7443.76 13815.6 6546.26 8674.81 5054.73 4394.12
threshold=1.5000000000000002 57.97000021899256 61.387904886638701 924.28571428571433 943.50000000000011 906.50000000000011 50.145330988381723 546.50000000000011 4.5000000000000009 5.5000000000000009 814.50000000000011 858.50000000000011 518.50000000000011 2.5000000000000004
decision_type=2 2 2 2 2 2 2 2 2 2 2 2 2 2
left_child=1 6 -3 4 5 7 8 -4 -1 -10 -9 -12 -8 -2
right_child=13 2 3 -5 -6 -7 12 10 9 -11 11 -13 -14 -15
leaf_value=0.10226034130901099 0.23794419124349953 -1.5848066950545592 -0.96521392549787244 -1.5783686494827271 1.7896552467346192 -1.9709595710039141 0.13008858710527421 1.087382068445808 -1.8237295627593995 0.10723966468464247 -0.82298154129701495 0.97903237342834482 1.2993372076436094 -0.0046168069483743801
leaf_weight=114 200 17 13.999999999999998 9.9999999999999982 9.9999999999999982 12.999999999999998 18 19 15.999999999999998 22 17.000000000000004 10.999999999999998 19 2810
leaf_count=114 200 17 14 10 10 13 18 19 16 22 17 11 19 2810
internal_value=-1.31412e-05 -0.11553 -0.419148 -0.208337 -0.0452379 -0.293196 0.0627846 0.0643596 -0.0997547 -0.7058 0.371041 -0.115048 0.730514 0.0115002
internal_weight=3310 300 111 94 84 74 189 61 152 38 47 28 37 3010
internal_count=3310 300 111 94 84 74 189 61 152 38 47 28 37 3010
is_linear=0
shrinkage=0.05


Tree=114
num_leaves=15
num_cat=0
split_feature=9 9 2 9 2 9 1 5 7 7 8 2 9 2
split_gain=1794.93 4648.99 3599.13 3590.92 4398.74 3387.05 2691.98 2522.39 4902.6 9814.35 8875.97 5869.57 5327.12 8122.68
threshold=24.563898590831165 28.322126376317161 1.5000000000000002 27.480344038279341 9.5000000000000018 17.904750583943557 3.5000000000000004 1058.5000000000002 909.21428571428589 905.357142857143 898.17857142857156 10.500000000000002 71.128816860948703 8.5000000000000018
decision_type=2 2 2 2 2 2 2 2 2 2 2 2 2 2
left_child=5 2 6 -4 -5 -1 -2 8 9 -3 -11 -12 -10 -14
right_child=1 7 3 4 -6 -7 -8 -9 12 10 11 -13 13 -15
leaf_value=-0.28829164380828537 -0.26911797388033426 0.0036094576351318772 -0.0086719632469888404 -0.85458432567470222 0.040714594948550932 0.20066357177673982 -1.3520046417911848 -0.29334223227224493 0.086889113677872554 -0.023960757579492488 -0.67922995411432696 -2.2485475095835601 1.6635438582726889 0.3170307330704028
leaf_weight=42 11.000000000000002 2435 116 34 23 226 11.999999999999998 69 225 23 13.000000000000002 10.999999999999998 13.999999999999998 56
leaf_count=42 11 2435 116 34 23 226 12 69 225 23 13 11 14 56
internal_value=-1.24842e-05 -0.0109412 -0.246478 -0.168355 -0.493323 0.124036 -0.834102 0.00527993 0.0126998 -0.0102039 -0.725853 -1.3985 0.205401 0.586333
internal_weight=3310 3042 196 173 57 268 23 2846 2777 2482 47 24 295 70
internal_count=3310 3042 196 173 57 268 23 2846 2777 2482 47 24 295 70
is_linear=0
shrinkage=0.05


Tree=115
num_leaves=15
num_cat=1
split_feature=3 9 6 2 2 9 0 9 9 3 4 4 7 3
split_gain=1774.55 18307 8736.56 7452.18 8625.34 6349.29 3387.44 3543.07 4140.75 4183.92 5826.77 3446.39 2889.4 12406.2
threshold=528.50000000000011 72.828482912098096 502.50000000000006 14.500000000000002 4.5000000000000009 49.158150832113201 0 24.563898590831165 29.134227728566433 426.50000000000006 443.50000000000006 526.50000000000011 785.78571428571433 773.50000000000011
decision_type=2 2 2 2 2 2 1 2 2 2 2 2 2 2
left_child=1 6 3 4 5 -2 -1 -8 9 -9 -11 -10 -4 -14
right_child=2 -3 12 -5 -6 -7 7 8 11 10 -12 -13 13 -15
leaf_value=0.12120135310351815 -1.0806900471448895 2.1731144380569458 -0.10611098094546029 0.61264726225286725 -1.4839143339130614 0.62520931959152226 0.16404796126168533 0.038785533999141891 -0.058774974118717932 -1.6705370153893124 -0.40799078583993298 0.56517260126445601 0.54738539571715694 -0.018690268808342115
leaf_weight=563 10.000000000000002 9.9999999999999982 567 9.9999999999999982 27 11.999999999999998 179 38 586 10.999999999999998 54 23 106 1114
leaf_count=563 10 10 567 10 27 12 179 38 586 11 54 23 106 1114
internal_value=-1.18599e-05 0.0410979 -0.0326146 -0.631248 -0.885104 -0.150199 0.0264348 -0.0344197 -0.0847988 -0.377996 -0.621652 -0.0352105 -0.01285 0.0304934
internal_weight=3310 1464 1846 59 49 22 1454 891 712 103 65 609 1787 1220
internal_count=3310 1464 1846 59 49 22 1454 891 712 103 65 609 1787 1220
cat_boundaries=0 1
cat_threshold=290
is_linear=0
shrinkage=0.05


Tree=116
num_leaves=15
num_cat=2
split_feature=9 6 3 8 7 4 3 3 5 0 3 8 0 9
split_gain=1754.89 2076.23 29991.1 6614.27 8120.4 6667.09 6446.45 13576.2 12556 11220 7543.84 10426.1 7473.64 15894.1
threshold=108.47877246714644 864.50000000000011 698.50000000000011 869.53571428571433 908.50000000000011 878.50000000000011 886.50000000000011 929.50000000000011 798.50000000000011 0 589.50000000000011 857.83928571428589 1 46.241680175940424
decision_type=2 2 2 2 2 2 2 2 2 1 2 2 1 2
left_child=1 3 -3 6 5 -5 9 8 -8 -1 12 -12 13 -11
right_child=-2 2 -4 4 -6 -7 7 -9 -10 10 11 -13 -14 -15
leaf_value=0.33337096435428876 -0.60354616940021522 2.6663294792175294 0.036578401312346583 -0.43593803963969269 0.22880175543385883 -1.6481306709922277 -2.4447877016934481 0.47577946442365654 -0.51461334658993618 -0.21276963792741299 -0.42336438570955864 0.75068420161093985 -0.027709153962496205 0.66012603895318123
leaf_weight=237 11.999999999999998 10.999999999999998 754 89 43 12.999999999999998 10.999999999999998 25 36 90 190 21 1654 124
leaf_count=237 12 11 754 89 43 13 11 25 36 90 190 21 1654 124
internal_value=7.04225e-06 0.00220311 0.0743918 -0.0195988 -0.347488 -0.590433 0.000310651 -0.465615 -0.966356 0.0147954 -0.0230141 -0.306516 0.00888562 0.279939
internal_weight=3310 3298 765 2533 145 102 2388 72 47 2316 2079 211 1868 214
internal_count=3310 3298 765 2533 145 102 2388 72 47 2316 2079 211 1868 214
cat_boundaries=0 1 2
cat_threshold=140 256
is_linear=0
shrinkage=0.05


Tree=117
num_leaves=15
num_cat=0
split_feature=8 2 2 1 1 9 7 6 7 9 9 2 7 1
split_gain=1753.11 1817.11 4658.73 7959.34 8286.34 6194.05 6313.53 8585.75 7594 7560.07 7757.27 11272.3 10859.7 5713.1
threshold=377.3035714285715 12.500000000000002 7.5000000000000009 3.5000000000000004 1.5000000000000002 39.432972046020502 487.21428571428578 594.50000000000011 520.50000000000011 71.732117365572677 73.898561187359263 10.500000000000002 889.07142857142867 3.5000000000000004
decision_type=2 2 2 2 2 2 2 2 2 2 2 2 2 2
left_child=-1 2 13 4 -4 -5 -7 8 -8 -9 -11 12 -12 -2
right_child=1 -3 3 5 -6 6 7 9 -10 10 11 -13 -14 -15
leaf_value=0.55838140930448266 -0.063104593240979653 0.048059104971049739 -0.27493126415381475 0.073324020894674158 0.21757574148484632 0.019607443823318544 -0.50885012199481328 2.761862017738987e-05 -1.6338688655694327 -1.8433398897831257 -0.31700658036602863 0.51951721774207227 -2.3111010399731722 0.13807409656597716
leaf_weight=13.999999999999998 843 1160 140 78 219 58 30 71 30 12.999999999999998 18.000000000000004 18 10.999999999999998 607
leaf_count=14 843 1160 140 78 219 58 30 71 30 13 18 18 11 607
internal_value=5.28624e-05 -0.00231868 -0.0296774 -0.137033 0.0255117 -0.315485 -0.43728 -0.576021 -1.07136 -0.349148 -0.762339 -0.463339 -1.07339 0.021113
internal_weight=3310 3296 2136 686 359 327 249 191 60 131 60 47 29 1450
internal_count=3310 3296 2136 686 359 327 249 191 60 131 60 47 29 1450
is_linear=0
shrinkage=0.05


Tree=118
num_leaves=15
num_cat=1
split_feature=0 3 8 5 3 8 8 8 9 3 6 8 2 2
split_gain=1646.96 4959.85 19479.9 8686.63 11185.6 4538.97 7767.61 11970.7 9287.85 5935.44 7641.92 8822.2 12797.7 8759.31
threshold=0 892.50000000000011 846.53571428571433 883.50000000000011 798.50000000000011 869.53571428571433 839.17857142857156 833.03571428571433 59.135957919766504 589.50000000000011 617.50000000000011 546.71428571428578 13.500000000000002 4.5000000000000009
decision_type=1 2 2 2 2 2 2 2 2 2 2 2 2 2
left_child=-1 3 -3 5 -5 6 7 9 -8 -2 11 -11 13 -13
right_child=1 2 -4 4 -6 -7 8 -9 -10 10 -12 12 -14 -15
leaf_value=0.043062069504333292 0.0060947763071728051 -2.4604935812950135 -0.14383173365316981 2.1672520279884337 0.23630991101264956 -0.89196706791718805 0.26227821632018017 -1.400927722454071 1.9043725728988647 0.11916119534036387 -0.046462749854301016 -0.9700903290334868 -0.084364767074584956 -2.6942182650932902
leaf_weight=1324 1538 9.9999999999999982 98 9.9999999999999982 30 14.999999999999998 62 15.999999999999998 9.9999999999999982 23 124 17.000000000000004 20 12.999999999999998
leaf_count=1324 1538 10 98 10 30 15 62 16 10 23 124 17 20 13
internal_value=5.02182e-05 -0.0286967 -0.358337 -0.00989251 0.719045 -0.0257562 -0.0186289 -0.0395576 0.490347 -0.0270032 -0.285403 -0.691273 -1.06407 -1.71721
internal_weight=3310 1986 108 1878 40 1838 1823 1751 72 1735 197 73 50 30
internal_count=3310 1986 108 1878 40 1838 1823 1751 72 1735 197 73 50 30
cat_boundaries=0 1
cat_threshold=165
is_linear=0
shrinkage=0.05


Tree=119
num_leaves=15
num_cat=0
split_feature=1 1 2 9 9 3 9 9 2 1 1 3 2 2
split_gain=1617.64 3974.57 12372.3 6085.22 4832.01 22846.6 6682.94 4782.12 4589.43 13914 35580 41379.3 6373.95 9273.02
threshold=5.5000000000000009 4.5000000000000009 1.5000000000000002 83.997069588319064 80.056279683440536 724.50000000000011 79.103654917622293 29.395473668270473 1.0000000180025095e-35 1.0000000180025095e-35 3.5000000000000004 501.50000000000006 4.5000000000000009 8.5000000000000018
decision_type=2 2 2 2 2 2 2 2 2 2 2 2 2 2
left_child=1 4 7 -4 6 -6 8 -3 9 -1 11 -11 -10 -14
right_child=-2 2 3 -5 5 -7 -8 -9 12 10 -12 -13 13 -15
leaf_value=0.38550013084160656 0.085976860959756568 -2.1369943523406976 -0.056476524873694735 -1.020851486570695 2.4908538341522219 0.10476022417608061 -0.96422494716114471 -0.59068983793258667 0.16920114130917052 -0.15905032907338704 0.79590704210102559 -3.7017485305666926 -0.22058511801120459 0.044660028869880318
leaf_weight=38 470 10.000000000000002 433 17 10.999999999999998 114 18 9.9999999999999982 525 17 20 15.999999999999998 462 1149
leaf_count=38 470 10 433 17 11 114 18 10 525 17 20 16 462 1149
internal_value=5.42122e-05 -0.0141654 -0.146991 -0.0929085 0.0121755 0.314736 -0.00467086 -1.36384 0.00308485 -0.344667 -0.868183 -1.87672 0.0179001 -0.0314065
internal_weight=3310 2840 470 450 2370 125 2245 20 2227 91 53 33 2136 1611
internal_count=3310 2840 470 450 2370 125 2245 20 2227 91 53 33 2136 1611
is_linear=0
shrinkage=0.05


Tree=120
num_leaves=15
num_cat=1
split_feature=8 0 8 2 5 6 6 3 3 8 6 6 7 3
split_gain=1589.89 1770.07 5862.51 5194.44 8026.08 3788.59 3366.65 9475.78 9092.46 6688.04 9902.92 10095.7 7822.39 6496.92
threshold=377.3035714285715 0 509.8035714285715 1.0000000180025095e-35 539.50000000000011 447.50000000000006 757.50000000000011 818.50000000000011 589.50000000000011 839.92857142857144 917.50000000000011 872.50000000000011 826.50000000000011 827.50000000000011
decision_type=2 1 2 2 2 2 2 2 2 2 2 2 2 2
left_child=-1 2 -2 4 5 -3 8 9 -4 12 11 -11 -8 -9
right_child=1 3 6 -5 -6 -7 7 13 -10 10 -12 -13 -14 -15
leaf_value=0.53175402709415986 0.33807094279034389 -0.83860366429601396 0.04607995608570193 -0.023346117942245406 -1.6682173768679303 0.19637444118658703 0.56379101388156416 -0.81737433560192585 -0.37500807867246744 0.19858293277392913 1.6566065931320191 -1.420753093741157 2.0420443946664988 0.018550861660179083
leaf_weight=13.999999999999998 145 13.999999999999998 403 1591 11.999999999999998 24 48 24 188 77 9.9999999999999982 10.999999999999998 10.999999999999998 738
leaf_count=14 145 14 403 1591 12 24 48 24 188 77 10 11 11 738
internal_value=5.15034e-05 -0.00220694 0.0341836 -0.0388793 -0.540921 -0.184933 0.00522873 0.0650998 -0.0878702 0.41881 0.165599 -0.00383407 0.839398 -0.00777749
internal_weight=3310 3296 1655 1641 50 38 1510 919 591 157 98 88 59 762
internal_count=3310 3296 1655 1641 50 38 1510 919 591 157 98 88 59 762
cat_boundaries=0 1
cat_threshold=421
is_linear=0
shrinkage=0.05


Tree=121
num_leaves=15
num_cat=0
split_feature=7 7 7 5 3 3 7 9 2 2 7 9 7 4
split_gain=1574.56 4444.42 10283.8 4291.03 11241.3 7356.97 6424.36 5877.12 6518.95 3422.9 3262.76 3140.67 2884.55 6769.84
threshold=1069.2857142857144 1024.6428571428576 1022.2142857142859 1015.5000000000001 1015.5000000000001 980.50000000000011 965.07142857142867 61.387904886638701 6.5000000000000009 26.500000000000004 965.07142857142867 37.293735900994889 891.357142857143 941.50000000000011
decision_type=2 2 2 2 2 2 2 2 2 2 2 2 2 2
left_child=1 2 3 4 6 -5 12 -8 -9 -3 -7 -2 13 -1
right_child=11 9 -4 5 -6 10 7 8 -10 -11 -12 -13 -14 -15
leaf_value=-0.0021710813186057668 -1.0650933450460434 0.26039849230843898 -1.529760386727073 1.6775231170654299 -1.21800674780419 -0.45331296237584739 -0.4934554398059845 1.8306388571858407 0.41289131546020513 1.2689527809619905 0.50715885907411573 -0.089273983493764364 -0.15536193421827882 0.5632067366606659
leaf_weight=2715 9.9999999999999982 53 10.999999999999998 9.9999999999999982 19 13.999999999999998 9.9999999999999982 11.999999999999998 25 9.9999999999999982 24 47 296 54
leaf_count=2715 10 53 11 10 19 14 10 12 25 10 24 47 296 54
internal_value=4.89267e-05 0.00461382 -0.00359934 0.0016815 -0.00551108 0.470847 0.00189169 0.58203 0.872701 0.420486 0.153301 -0.26047 -0.00700439 0.0088547
internal_weight=3310 3253 3190 3179 3131 48 3112 47 37 63 38 57 3065 2769
internal_count=3310 3253 3190 3179 3131 48 3112 47 37 63 38 57 3065 2769
is_linear=0
shrinkage=0.05


Tree=122
num_leaves=15
num_cat=1
split_feature=9 9 3 7 5 0 8 9 8 8 9 9 9 2
split_gain=1560.09 1808.72 14894 3440.83 3368.57 2162.36 15286.7 5792.32 16174.9 14666.2 13950.1 7167.53 7314.56 6287.95
threshold=108.47877246714644 101.81377270143601 787.50000000000011 914.71428571428589 809.50000000000011 0 805.64285714285722 64.774410078004124 895.21428571428589 975.62500000000011 83.997069588319064 52.415702388862726 55.56648991764618 3.5000000000000004
decision_type=2 2 2 2 2 1 2 2 2 2 2 2 2 2
left_child=1 5 -3 4 -4 6 -1 9 10 -8 -9 -11 -13 -10
right_child=-2 2 3 -5 -6 -7 7 8 13 11 -12 12 -14 -15
leaf_value=1.8748662062610191 -0.569022802511851 1.9382909124547785 -0.63590920730070633 -0.92187104880809789 0.38697767168283465 -0.016278278228609933 -1.9841329741477969 0.80416948944330224 1.9859525251388552 0.21778683710976374 -1.0240029059598843 -1.3052932070361245 -0.081719341148671354 0.62662373539387139
leaf_weight=11.999999999999998 11.999999999999998 10.999999999999998 10.999999999999998 9.9999999999999982 30 2933 9.9999999999999982 15.999999999999998 9.9999999999999982 112 30 18 38 57
leaf_count=12 12 11 11 10 30 2933 10 16 10 112 30 18 38 57
internal_value=4.64811e-05 0.00211708 0.269626 -0.090282 0.112545 -0.00300825 0.121956 0.0538622 0.333838 -0.123875 -0.388117 -0.0131458 -0.475011 0.829509
internal_weight=3310 3298 62 51 41 3236 303 291 113 178 46 168 56 67
internal_count=3310 3298 62 51 41 3236 303 291 113 178 46 168 56 67
cat_boundaries=0 1
cat_threshold=128
is_linear=0
shrinkage=0.05


Tree=123
num_leaves=15
num_cat=0
split_feature=9 9 2 9 2 9 1 5 5 6 3 2 9 2
split_gain=1556.67 3888.66 3055.87 3111.35 3902.82 3000.4 2431.86 2391.04 3758.33 7264.5 6834.77 3680.42 3600.07 2740.18
threshold=24.563898590831165 28.322126376317161 1.5000000000000002 27.480344038279341 9.5000000000000018 17.904750583943557 3.5000000000000004 1058.5000000000002 1015.5000000000001 1018.5000000000001 1000.5000000000001 29.500000000000004 52.688097736869928 4.5000000000000009
decision_type=2 2 2 2 2 2 2 2 2 2 2 2 2 2
left_child=5 2 6 -4 -5 -1 -2 8 9 13 -10 -12 -9 -3
right_child=1 7 3 4 -6 -7 -8 12 10 -11 11 -13 -14 -15
leaf_value=-0.2725159227848053 -0.2300212269394912 0.089732513376370532 -0.0049283498962377683 -0.79634560085833073 0.046976059092127764 0.1876853821034733 -1.2592607627312342 -0.079541714374835676 1.3481464913913184 -1.280767502567985 -0.080952588705202722 0.71716802299022675 -0.91769610485609832 -0.024029220436044808
leaf_weight=42 11.000000000000002 726 116 34 23 226 11.999999999999998 52 13.999999999999998 10.999999999999998 52 20 17 1954
leaf_count=42 11 726 116 34 23 226 12 52 14 11 52 20 17 1954
internal_value=4.16962e-05 -0.0101358 -0.225553 -0.153566 -0.456058 0.115564 -0.767016 0.00469963 0.0119237 0.00152518 0.337301 0.140748 -0.286044 0.00678832
internal_weight=3310 3042 196 173 57 268 23 2846 2777 2691 86 72 69 2680
internal_count=3310 3042 196 173 57 268 23 2846 2777 2691 86 72 69 2680
is_linear=0
shrinkage=0.05


Tree=124
num_leaves=15
num_cat=2
split_feature=2 3 6 4 0 8 7 9 2 9 0 8 9 8
split_gain=1493.16 3967.33 19990.9 13839.4 3172.46 3242.49 2950.17 7306.63 5954.47 3881.33 11312.5 18842.7 8760.64 9830.59
threshold=20.500000000000004 1015.5000000000001 1029.5000000000002 1015.5000000000001 0 865.41071428571433 965.07142857142867 60.238531944991585 6.5000000000000009 60.678107023219738 1 901.25000000000011 61.387904886638701 889.25000000000011
decision_type=2 2 2 2 1 2 2 2 2 2 1 2 2 2
left_child=1 3 -3 6 5 -2 9 -8 -9 10 11 -1 13 -11
right_child=4 2 -4 -5 -6 -7 7 8 -10 12 -12 -13 -14 -15
leaf_value=0.83380158789151793 -0.022693609837077411 -1.8344772057400811 -0.015633604884955122 1.5638310905013766 0.12114158158327304 -0.61403113087018335 -0.70049385378758122 1.5811679225701551 0.25250416553268829 -1.6326046149197375 -0.016286781879643247 -0.54755999572349323 -0.079240427904892566 0.30418328247964382
leaf_weight=98 102 18 94 13.999999999999998 528 30 11.999999999999998 12.999999999999998 24 19.000000000000004 1557 33 758 9.9999999999999982
leaf_count=98 102 18 94 14 528 30 12 13 24 19 1557 33 758 10
internal_value=3.96138e-05 -0.0167198 -0.307948 -0.00386809 0.067331 -0.146026 -0.0125637 0.37162 0.719332 -0.0201698 0.0225839 0.451369 -0.11187 -0.964747
internal_weight=3310 2650 112 2538 660 132 2524 49 37 2475 1688 131 787 29
internal_count=3310 2650 112 2538 660 132 2524 49 37 2475 1688 131 787 29
cat_boundaries=0 1 2
cat_threshold=68 133
is_linear=0
shrinkage=0.05


Tree=125
num_leaves=15
num_cat=1
split_feature=3 6 6 5 9 8 8 4 7 3 6 0 9 3
split_gain=1505.26 13212.1 5092.35 3592.26 2237.2 1920.56 6953.91 4282.35 3370.4 5586.56 2638.57 2489.11 5596.62 10588.4
threshold=424.50000000000006 493.50000000000006 403.50000000000006 393.50000000000006 38.858811976403835 430.01785714285717 453.07142857142861 441.50000000000006 428.4285714285715 469.50000000000006 437.50000000000006 0 47.140020709773076 857.50000000000011
decision_type=2 2 2 2 2 2 2 2 2 2 2 1 2 2
left_child=1 -1 3 -2 -5 7 8 -4 -7 -10 -9 12 -8 -14
right_child=2 -3 5 4 -6 6 11 10 9 -11 -12 -13 13 -15
leaf_value=0.02647136899021765 -1.1866069410528455 1.417553002635638 0.011389685352643331 -0.89165503978729255 -0.020420063925640927 -0.34901403085543564 0.052632005923752036 -0.25666716113686561 0.84529510361827764 0.056860271631143038 -1.1039248943328859 0.025087758581506598 -0.082096639936789881 -0.67896272303679828
leaf_weight=330 13.999999999999998 18 75 9.9999999999999982 28 12.999999999999998 445 20 53 39 17 1752 405 91
leaf_count=330 14 18 75 10 28 13 445 20 53 39 17 1752 405 91
internal_value=5.34717e-05 0.0984239 -0.0115039 -0.501939 -0.249692 -0.0027401 0.00538675 -0.205766 0.404581 0.511067 -0.645948 -0.0101778 -0.0753034 -0.191602
internal_weight=3310 348 2962 52 38 2910 2798 112 105 92 37 2693 941 496
internal_count=3310 348 2962 52 38 2910 2798 112 105 92 37 2693 941 496
cat_boundaries=0 1
cat_threshold=90
is_linear=0
shrinkage=0.05


Tree=126
num_leaves=15
num_cat=0
split_feature=7 3 7 6 3 9 4 3 4 2 9 2 9 8
split_gain=1521.4 26451.3 8814.44 9270.87 7633.68 8650.85 8618.65 7285.99 6362.41 6336.38 6189.27 8639.97 6535.24 15824.6
threshold=785.78571428571433 698.50000000000011 827.92857142857156 832.50000000000011 589.50000000000011 62.032708069085452 698.50000000000011 790.50000000000011 856.50000000000011 7.5000000000000009 47.945009898987202 1.0000000180025095e-35 55.56648991764618 869.53571428571433
decision_type=2 2 2 2 2 2 2 2 2 2 2 2 2 2
left_child=4 -2 3 8 -1 6 -6 -5 -3 -8 -4 -12 13 -13
right_child=1 2 10 7 5 -7 9 -9 -10 -11 11 12 -14 -15
leaf_value=0.0066794637641687518 2.1310386721293133 0.25886436830290033 0.18702818195232512 1.755283465385437 -0.30500318248417568 -0.67461416235436567 1.0027025942449217 0.52324705305819719 -0.75018701524961573 -0.4706602275371552 -1.1539022131970054 0.096341812395557919 0.0034695127012007105 -0.84111208135173432
leaf_weight=1868 14.999999999999998 61 244 14.999999999999998 88 92 27 60 21 9.9999999999999982 19 97 609 84
leaf_count=1868 15 61 244 15 88 92 27 60 21 10 19 97 609 84
internal_value=5.45879e-05 0.0442791 0.0184102 0.367904 -0.0259286 -0.306629 -0.0357913 0.769654 0.00044877 0.604496 -0.0336986 -0.100271 -0.0749308 -0.33872
internal_weight=3310 1225 1210 157 2085 217 125 75 82 37 1053 809 790 181
internal_count=3310 1225 1210 157 2085 217 125 75 82 37 1053 809 790 181
is_linear=0
shrinkage=0.05


Tree=127
num_leaves=15
num_cat=0
split_feature=1 1 2 9 2 2 2 5 3 7 3 9 9 3
split_gain=1515.62 3573.19 10879.1 5452.38 4194.87 13529.6 9080 6736.3 6311.55 5471.54 6668.63 4165.6 3872.16 18177.4
threshold=5.5000000000000009 4.5000000000000009 1.5000000000000002 83.997069588319064 8.5000000000000018 7.5000000000000009 11.500000000000002 899.50000000000011 426.50000000000006 857.21428571428589 491.50000000000006 29.395473668270473 80.056279683440536 724.50000000000011
decision_type=2 2 2 2 2 2 2 2 2 2 2 2 2 2
left_child=1 12 11 4 5 7 8 -4 -6 10 -10 -3 -1 -14
right_child=-2 2 3 -5 6 -7 -8 -9 9 -11 -12 -13 13 -15
leaf_value=-0.003817209000408832 0.083220924154875142 -2.0023105621337884 0.10285179318501528 -0.96730573598076308 0.32578607770529661 1.9167789352685212 -0.025919032693669505 -1.2345620879530907 -0.59328741312026978 -0.1452735043489016 -2.0397034799351412 -0.5591190719604493 2.2231613701040094 0.094817293526833518
leaf_weight=2245 470 10.000000000000002 161 17 10.999999999999998 9.9999999999999982 196 9.9999999999999982 14.999999999999998 12.999999999999998 17 9.9999999999999982 10.999999999999998 114
leaf_count=2245 470 10 161 17 11 10 196 10 15 13 17 10 11 114
internal_value=5.18582e-05 -0.013712 -0.139652 -0.0889382 -0.0544527 0.129178 -0.186346 0.0246405 -0.747842 -1.01029 -1.3617 -1.28071 0.0112634 0.282112
internal_weight=3310 2840 470 450 433 181 252 171 56 45 32 20 2370 125
internal_count=3310 2840 470 450 433 181 252 171 56 45 32 20 2370 125
is_linear=0
shrinkage=0.05


Tree=128
num_leaves=15
num_cat=1
split_feature=9 6 3 8 7 4 3 3 5 0 7 7 9 3
split_gain=1500.12 1689.29 21399.6 5321.96 6917.78 5607.62 5051.23 11387 10660.3 9043.51 6469.43 16658.5 18621.9 5751.6
threshold=108.47877246714644 864.50000000000011 698.50000000000011 869.53571428571433 905.92857142857156 878.50000000000011 886.50000000000011 929.50000000000011 798.50000000000011 0 843.21428571428589 821.14285714285722 55.999704346072924 554.50000000000011
decision_type=2 2 2 2 2 2 2 2 2 1 2 2 2 2
left_child=1 3 -3 6 5 -5 9 8 -8 10 11 -1 -13 -11
right_child=-2 2 -4 4 -6 -7 7 -9 -10 13 -12 12 -14 -15
leaf_value=0.160570641808332 -0.55797524154186251 2.256627720052546 0.035253805046332652 -0.40929836209000253 0.16433892214298251 -1.5270427412711658 -2.2330201712521638 0.44999929693341256 -0.45451037276329265 0.017810968651198533 0.0085918586092567691 0.18122870864225615 2.2764715159932774 -0.19938938246476354
leaf_weight=93 11.999999999999998 10.999999999999998 754 82 50 12.999999999999998 10.999999999999998 25 36 1708 101 19 24 371
leaf_count=93 12 11 754 82 50 13 11 25 36 1708 101 19 24 371
internal_value=4.92646e-05 0.00207968 0.0671951 -0.0175861 -0.311704 -0.562253 0.000272852 -0.412161 -0.870757 0.0130946 0.299107 0.536851 1.35067 -0.0208484
internal_weight=3310 3298 765 2533 145 95 2388 72 47 2316 237 136 43 2079
internal_count=3310 3298 765 2533 145 95 2388 72 47 2316 237 136 43 2079
cat_boundaries=0 1
cat_threshold=140
is_linear=0
shrinkage=0.05


Tree=129
num_leaves=15
num_cat=1
split_feature=8 4 3 4 2 3 6 4 3 9 7 0 8 9
split_gain=1463.77 1723.77 1952.39 6614.12 2273.37 3850.66 31584.4 16157.3 6081 4925.98 12266.8 11066.3 10171 10114.9
threshold=377.3035714285715 350.00000000000006 386.50000000000006 431.50000000000006 12.500000000000002 1015.5000000000001 1029.5000000000002 997.50000000000011 973.50000000000011 60.678107023219738 925.14285714285722 0 465.75000000000006 61.387904886638701
decision_type=2 2 2 2 2 2 2 2 2 2 2 1 2 2
left_child=-1 -2 3 -3 5 7 -7 9 -9 11 13 12 -4 -11
right_child=1 2 4 -5 -6 6 -8 8 -10 10 -12 -13 -14 -15
leaf_value=0.51022567919322426 -0.42431886556247878 0.026567785008702167 1.4695776969194414 1.0573683346572675 0.051096027267338806 -2.6362281643427337 0.033366539408763253 2.1701206661760799 0.61625014526002553 -1.2584068153392185 0.73178997032998794 -0.083852373962113716 0.18353181461692236 -0.16645835737313552
leaf_weight=13.999999999999998 24 86 15.999999999999998 19 1123 12.999999999999998 75 10.000000000000002 17 22 37 872 393 589
leaf_count=14 24 86 16 19 1123 13 75 10 17 22 37 872 393 589
internal_value=4.68023e-05 -0.00212022 0.000976592 0.213094 -0.00605602 -0.0374561 -0.361005 -0.0228997 1.19176 -0.0399011 -0.152242 0.016927 0.228261 -0.205776
internal_weight=3310 3296 3272 105 3167 2044 88 1956 27 1929 648 1281 409 611
internal_count=3310 3296 3272 105 3167 2044 88 1956 27 1929 648 1281 409 611
cat_boundaries=0 1
cat_threshold=397
is_linear=0
shrinkage=0.05


Tree=130
num_leaves=15
num_cat=0
split_feature=7 7 7 5 3 3 7 9 2 8 7 9 6 3
split_gain=1369.48 4942.46 8293.2 3260.78 8492.79 4956.64 4857.31 4389.11 5101.59 3945.2 2955.94 2754.31 7206.29 30164.3
threshold=1067.5000000000002 1024.6428571428576 1022.2142857142859 1015.5000000000001 1015.5000000000001 980.50000000000011 965.07142857142867 61.387904886638701 6.5000000000000009 953.07142857142878 965.07142857142867 70.725564953814398 872.50000000000011 857.50000000000011
decision_type=2 2 2 2 2 2 2 2 2 2 2 2 2 2
left_child=1 2 3 4 6 -5 9 -8 -9 11 -7 12 -1 -14
right_child=-2 -3 -4 5 -6 10 7 8 -10 -11 -12 -13 13 -15
leaf_value=-0.011069738524497224 -0.22203636166146576 0.48822539953085092 -1.3737099387428977 1.4009889057278633 -1.0586137592792511 -0.42749965478266988 -0.42325654089450837 1.6047785023848218 0.35058948564529424 -0.76559871093315246 0.48669708197315531 -0.11240682758508545 1.951470884680748 0.10004847864655667
leaf_weight=2285 68 52 10.999999999999998 9.9999999999999982 19 13.999999999999998 9.9999999999999982 11.999999999999998 25 17 24 475 24 264
leaf_count=2285 68 52 11 10 19 14 10 12 25 17 24 475 24 264
internal_value=3.17948e-05 0.00468961 -0.00319248 0.0015498 -0.00472016 0.410534 0.00171428 0.50616 0.757353 -0.0060211 0.149888 -0.00178461 0.0186373 0.254334
internal_weight=3310 3242 3190 3179 3131 48 3112 47 37 3065 38 3048 2573 288
internal_count=3310 3242 3190 3179 3131 48 3112 47 37 3065 38 3048 2573 288
is_linear=0
shrinkage=0.05


Tree=131
num_leaves=15
num_cat=0
split_feature=5 5 6 3 9 2 9 7 9 9 8 2 9 8
split_gain=1353.59 3489.49 6031.95 4363.21 3484.75 2750.41 1998.36 1982.36 6917.07 11931.1 5730.76 2944.3 2451.63 6201.65
threshold=1058.5000000000002 1015.5000000000001 1018.5000000000001 1000.5000000000001 52.688097736869928 29.500000000000004 64.156033894825597 965.07142857142867 60.238531944991585 52.959590335376994 953.07142857142878 6.5000000000000009 101.81377270143601 829.28571428571433
decision_type=2 2 2 2 2 2 2 2 2 2 2 2 2 2
left_child=1 2 7 -3 -2 6 -5 10 9 -9 12 -10 -1 -14
right_child=4 3 -4 5 -6 -7 -8 8 11 -11 -12 -13 13 -15
leaf_value=-0.0069433238762030064 -0.024028488594973297 1.1248467243143492 -1.1726212263107301 -0.2383170299438967 -0.83968962831970517 0.66315369233489041 0.40691550008745658 0.46663361437180462 1.2379261519227711 -1.6466986406933177 -0.8954238123363919 0.36856373297050599 1.2375850634915491 0.032606203820970327
leaf_weight=2986 57 13.999999999999998 10.999999999999998 36 17 20 18 17.000000000000004 13.999999999999998 10.999999999999998 18 32 13.999999999999998 45
leaf_count=2986 57 14 11 36 17 20 18 17 14 11 18 32 14 45
internal_value=3.02058e-05 0.00486537 -0.00381565 0.315409 -0.21141 0.162272 -0.0232395 0.000282808 0.256001 -0.363604 -0.00589518 0.633152 -0.000636879 0.318533
internal_weight=3310 3236 3148 88 74 74 54 3137 74 28 3063 46 3045 59
internal_count=3310 3236 3148 88 74 74 54 3137 74 28 3063 46 3045 59
is_linear=0
shrinkage=0.05


Tree=132
num_leaves=15
num_cat=0
split_feature=1 1 2 9 9 2 2 2 5 3 7 3 9 3
split_gain=1352.04 3196.97 9935.56 4775.51 3754.28 3599.24 11359.1 8057.4 6093.45 5628.15 4994.4 5938.14 3204.35 15214.1
threshold=5.5000000000000009 4.5000000000000009 1.5000000000000002 83.997069588319064 29.395473668270473 8.5000000000000018 7.5000000000000009 11.500000000000002 899.50000000000011 426.50000000000006 857.21428571428589 491.50000000000006 80.056279683440536 724.50000000000011
decision_type=2 2 2 2 2 2 2 2 2 2 2 2 2 2
left_child=1 12 4 5 -3 6 8 9 -4 -7 11 -11 -1 -14
right_child=-2 2 3 -5 -6 7 -8 -9 -10 10 -12 -13 13 -15
leaf_value=-0.0030658070216233323 0.078581307354838925 -1.9075973892211906 0.097336376338086519 -0.90567250462139359 -0.53751038074493407 0.31137515709481461 1.7566900950670243 -0.022405786705868586 -1.1746626063436272 -0.56092753728230793 -0.12385581273298998 -1.9258254711680554 2.0328399281610143 0.085691436131795251
leaf_weight=2245 470 10.000000000000002 161 17 9.9999999999999982 10.999999999999998 9.9999999999999982 196 9.9999999999999982 14.999999999999998 12.999999999999998 17 10.999999999999998 114
leaf_count=2245 470 10 161 17 10 11 10 196 10 15 13 17 11 114
internal_value=2.86957e-05 -0.0129712 -0.132097 -0.0836322 -1.22255 -0.0513581 0.118737 -0.17353 0.0229505 -0.702463 -0.95029 -1.28603 0.0106529 0.257041
internal_weight=3310 2840 470 450 20 433 181 252 171 56 45 32 2370 125
internal_count=3310 2840 470 450 20 433 181 252 171 56 45 32 2370 125
is_linear=0
shrinkage=0.05


Tree=133
num_leaves=15
num_cat=1
split_feature=9 0 8 9 3 4 9 9 8 8 9 9 6 4
split_gain=1414.01 1466.72 4938.77 3661.35 10575 20270.1 7229.8 12694.1 6288.08 10742.7 11989.8 4247.21 4299.05 7537.96
threshold=108.47877246714644 0 509.8035714285715 47.140020709773076 858.50000000000011 867.50000000000011 60.910192745403656 101.81377270143601 864.50000000000011 835.66071428571433 59.135957919766504 49.522134321879783 501.50000000000006 481.50000000000006
decision_type=2 1 2 2 2 2 2 2 2 2 2 2 2 2
left_child=1 2 -1 -3 5 8 -6 -8 9 11 -11 12 13 -5
right_child=-2 3 -4 4 6 -7 7 -9 -10 10 -12 -13 -14 -15
leaf_value=0.31410163431332028 -0.54174561202526095 0.027489792497696217 0.008569826288420861 -0.19196049152489972 -0.35684424489445521 1.9069747590101682 -2.3463048441069461 -0.013849762678146364 -1.1005353899796804 -0.05705269941916831 2.1858674569563434 -0.0384223583546765 -0.010022174657844916 -1.3356639921665192
leaf_weight=145 11.999999999999998 1013 1506 34 64 12.999999999999998 14.000000000000002 9.9999999999999982 14.999999999999998 13.000000000000002 10.999999999999998 394 41 25
leaf_count=145 12 1013 1506 34 64 13 14 10 15 13 11 394 41 25
internal_value=2.7261e-05 0.00199854 0.0351902 -0.0312974 -0.125721 -0.0437401 -0.634373 -1.37445 -0.0913185 -0.0620941 0.970952 -0.112283 -0.403292 -0.676581
internal_weight=3310 3298 1651 1647 634 546 88 24 533 518 24 494 100 59
internal_count=3310 3298 1651 1647 634 546 88 24 533 518 24 494 100 59
cat_boundaries=0 1
cat_threshold=421
is_linear=0
shrinkage=0.05


Tree=134
num_leaves=15
num_cat=0
split_feature=9 9 9 7 3 9 2 7 1 1 3 3 2 5
split_gain=1321.69 3226.19 2926 4474.3 2960.11 2510.69 2887.56 2341.32 4013.05 4577.01 2222.78 3531.36 2102.36 2040.73
threshold=24.244330183318826 28.322126376317161 27.673622175983166 487.21428571428578 426.50000000000006 17.904750583943557 1.5000000000000002 500.07142857142861 4.5000000000000009 5.5000000000000009 496.50000000000006 426.50000000000006 29.500000000000004 1058.5000000000002
decision_type=2 2 2 2 2 2 2 2 2 2 2 2 2 2
left_child=5 2 7 4 -4 10 -7 -2 12 -10 11 -1 -9 -3
right_child=1 13 3 -5 -6 6 -8 8 9 -11 -12 -13 -14 -15
leaf_value=0.018643937259912487 0.10404053248274021 0.011495660122303686 -0.3976080328971146 -0.11742277765025695 -1.5418448228102466 0.87313099333218158 0.13022349652595555 0.14368915825318068 -1.5767497561194679 -0.13437032401561735 0.15627434928166239 -1.221631763198159 -0.52259773399530196 -0.26378028471616732
leaf_weight=12.000000000000002 78 2777 10.000000000000002 30 12.999999999999998 13.999999999999998 199 39 11 11 19 10.999999999999998 17 69
leaf_count=12 78 2777 10 30 13 14 199 39 11 11 19 11 17 69
internal_value=2.58969e-05 -0.00910232 -0.198709 -0.519674 -1.04435 0.109385 0.179053 -0.0896631 -0.283367 -0.85556 -0.243929 -0.574531 -0.0585765 0.00482172
internal_weight=3310 3055 209 53 23 255 213 156 78 22 42 23 56 2846
internal_count=3310 3055 209 53 23 255 213 156 78 22 42 23 56 2846
is_linear=0
shrinkage=0.05


Tree=135
num_leaves=15
num_cat=1
split_feature=8 8 8 0 7 7 9 9 7 2 3 6 3 3
split_gain=1304.04 1575.55 4307.8 3732.8 2688.81 5622.69 4444 3336 2679.92 5832.99 6813.35 3709.02 4045.57 2536.41
threshold=377.3035714285715 422.69642857142861 453.07142857142861 0 477.64285714285717 471.07142857142861 46.241680175940424 27.480344038279341 420.35714285714295 4.5000000000000009 428.50000000000006 447.50000000000006 479.50000000000006 467.50000000000006
decision_type=2 2 2 1 2 2 2 2 2 2 2 2 2 2
left_child=-1 -2 8 4 5 -4 7 -6 -3 10 -10 -12 -13 -11
right_child=1 2 3 -5 6 -7 -8 -9 9 13 11 12 -14 -15
leaf_value=0.48156277452196394 -0.12089614255230599 -0.19502780170840842 -0.23023304415160212 0.0045032419686247584 -0.61087782859802253 -1.4816324912584746 -1.0946321260929108 0.24337582742252076 1.6724335287298477 0.21405510339329298 -0.38817585598338739 1.1868004249201882 0.11124415502828711 -0.38687255219979721
leaf_weight=13.999999999999998 257 31 29 2724 14.999999999999998 12.999999999999998 9.9999999999999982 48 13.999999999999998 87 10.999999999999998 18 17 22
leaf_count=14 257 31 29 2724 15 13 10 48 14 87 11 18 17 22
internal_value=2.46022e-05 -0.00202077 0.0080322 -0.00776808 -0.274923 -0.617571 -0.115445 0.0399821 0.232317 0.310706 0.706628 0.412687 0.664387 0.092767
internal_weight=3310 3296 3039 2839 115 42 73 63 200 169 60 46 35 109
internal_count=3310 3296 3039 2839 115 42 73 63 200 169 60 46 35 109
cat_boundaries=0 1
cat_threshold=64
is_linear=0
shrinkage=0.05


Tree=136
num_leaves=15
num_cat=1
split_feature=2 3 6 4 0 8 2 4 5 6 5 8 6 7
split_gain=1345.61 3021.57 15714.8 10174.1 2808.9 2880.81 2679.38 2415.3 4861.78 4340.45 3455.36 8497.2 6455.46 5943.22
threshold=20.500000000000004 1015.5000000000001 1029.5000000000002 1015.5000000000001 0 865.41071428571433 2.5000000000000004 991.50000000000011 964.50000000000011 974.50000000000011 935.50000000000011 859.91071428571433 939.50000000000011 887.64285714285722
decision_type=2 2 2 2 1 2 2 2 2 2 2 2 2 2
left_child=1 3 -3 7 5 -2 -4 8 10 -10 -1 -12 13 -13
right_child=4 2 6 -5 -6 -7 -8 -9 9 -11 11 12 -14 -15
leaf_value=-0.023892009987537037 -0.020583207613112883 -1.6234937323464287 0.60175061424573262 1.3394967606557269 0.11452652564372688 -0.57796613444884615 -0.1271902149448855 0.44155139260250947 -1.0855840617418291 -0.015351973846554757 1.3963146124567305 -1.5130147528648377 0.30414721976381309 -0.070750278115272527
leaf_weight=2306 102 18 14.999999999999998 13.999999999999998 528 30 79 29 20 18 13.999999999999998 9.9999999999999982 102 25
leaf_count=2306 102 18 15 14 528 30 79 29 20 18 14 10 102 25
internal_value=2.40527e-05 -0.0158857 -0.270042 -0.00467003 0.0639042 -0.136891 -0.0108699 -0.0121258 -0.017399 -0.578632 -0.00871895 0.222997 0.103096 -0.482826
internal_weight=3310 2650 112 2538 660 132 94 2524 2495 38 2457 151 137 35
internal_count=3310 2650 112 2538 660 132 94 2524 2495 38 2457 151 137 35
cat_boundaries=0 1
cat_threshold=68
is_linear=0
shrinkage=0.05


Tree=137
num_leaves=15
num_cat=1
split_feature=3 9 5 1 8 9 3 7 3 7 9 0 2 5
split_gain=1313.1 11202.6 6705.47 9711.65 5474.61 3646.85 3810.38 3384.9 8506.08 6905.09 7976.96 7296.25 12333.9 5858.75
threshold=540.50000000000011 72.828482912098096 500.50000000000006 1.5000000000000002 516.357142857143 25.641807059735321 904.50000000000011 785.78571428571433 784.50000000000011 807.42857142857156 47.945009898987202 0 1.5000000000000002 887.50000000000011
decision_type=2 2 2 2 2 2 2 2 2 2 2 1 2 2
left_child=1 -1 3 -2 -5 6 -4 13 -9 -10 -11 12 -12 -7
right_child=2 -3 5 4 -6 7 -8 8 9 10 11 -13 -14 -15
leaf_value=0.021730131167400257 -1.9454633842815054 1.6229141083630649 -1.2579540461301801 -0.90651832719643888 0.60380830566088362 -0.087842103632547977 0.0020696017891168594 0.42552626866788146 0.5712988998816938 0.22624383286235081 -2.1591071796417238 -0.039561872318256322 -0.33141938435651053 -1.0338170794879689
leaf_weight=1578 10.999999999999998 10.999999999999998 12.000000000000002 12.000000000000002 11.999999999999998 440 11.999999999999998 126 49 226 9.9999999999999982 674 120 17
leaf_count=1578 11 11 12 12 12 440 12 126 49 226 10 674 120 17
internal_value=4.01508e-05 0.0328145 -0.0302204 -0.715218 -0.151355 -0.0160004 -0.627942 -0.0071637 0.0367795 -0.00861628 -0.0362045 -0.109977 -0.438296 -0.123032
internal_weight=3310 1589 1721 35 24 1686 24 1662 1205 1079 1030 804 130 457
internal_count=3310 1589 1721 35 24 1686 24 1662 1205 1079 1030 804 130 457
cat_boundaries=0 1
cat_threshold=8
is_linear=0
shrinkage=0.05


Tree=138
num_leaves=15
num_cat=0
split_feature=1 1 2 9 2 2 2 5 3 9 6 9 3 5
split_gain=1279.28 2950.78 8586.32 4359.55 3200.12 10028.2 7114.28 5454.12 4978.2 4417.49 5466.21 3168.16 2851.6 3508.75
threshold=5.5000000000000009 4.5000000000000009 1.5000000000000002 83.997069588319064 8.5000000000000018 7.5000000000000009 11.500000000000002 899.50000000000011 426.50000000000006 61.387904886638701 479.50000000000006 29.395473668270473 413.50000000000006 737.00000000000011
decision_type=2 2 2 2 2 2 2 2 2 2 2 2 2 2
left_child=1 -1 11 4 5 7 8 12 -6 10 -10 -3 -4 -14
right_child=-2 2 3 -5 6 -7 -8 -9 9 -11 -12 -13 13 -15
leaf_value=0.01008312172922974 0.076442018454458485 -1.7700756931304928 -0.38989959691579523 -0.86743020165492501 0.2901198537512259 1.6482273650169372 -0.024364356026861211 -1.1138284659385682 -1.0972351911891665 -1.5970558396975201 0.28044058009982109 -0.51147416114807132 0.35324144120658602 -0.19737238174393065
leaf_weight=2370 470 10.000000000000002 26 17 10.999999999999998 9.9999999999999982 196 9.9999999999999982 18.000000000000004 14.999999999999998 11.999999999999998 9.9999999999999982 93 42
leaf_count=2370 470 10 26 17 11 10 196 10 18 15 12 10 93 42
internal_value=3.21659e-05 -0.0126131 -0.12706 -0.0820062 -0.0511697 0.109218 -0.166369 0.0192172 -0.663383 -0.896462 -0.546165 -1.14077 0.0895927 0.181939
internal_weight=3310 2840 470 450 433 181 252 171 56 45 30 20 161 135
internal_count=3310 2840 470 450 433 181 252 171 56 45 30 20 161 135
is_linear=0
shrinkage=0.05


Tree=139
num_leaves=15
num_cat=0
split_feature=9 9 9 7 3 9 2 7 1 2 5 7 4 9
split_gain=1228.6 3154.62 2464.78 3978.6 2652.99 2129.24 2512.77 2060.63 3808.56 2267.29 1970.17 3660.18 9192.82 5523.04
threshold=24.563898590831165 28.322126376317161 27.673622175983166 487.21428571428578 426.50000000000006 17.904750583943557 1.5000000000000002 500.07142857142861 4.5000000000000009 29.500000000000004 1058.5000000000002 909.21428571428589 958.50000000000011 74.644020222023357
decision_type=2 2 2 2 2 2 2 2 2 2 2 2 2 2
left_child=5 2 7 4 -4 -1 -7 -2 9 -9 11 12 -3 -14
right_child=1 10 3 -5 -6 6 -8 8 -10 -11 -12 -13 13 -15
leaf_value=-0.22426154538989068 0.09604517079784837 0.00082504643373478785 -0.37676592648029317 -0.11496544818083446 -1.4600197773713333 0.78871514419714606 0.11896331438715282 0.13962865456154472 -0.89092844685441586 -0.58635034600893654 -0.25956599900256033 0.17741201849977914 -1.8730278003215783 -0.35603508313496907
leaf_weight=42 71 2457 10.000000000000002 30 12.999999999999998 14.999999999999998 211 38 19 14.999999999999998 69 295 10.000000000000002 14.999999999999998
leaf_count=42 71 2457 10 30 13 15 211 38 19 15 69 295 10 15
internal_value=3.05584e-05 -0.00901113 -0.203034 -0.494281 -0.98904 0.10266 0.163416 -0.0950895 -0.28357 -0.0658371 0.00435096 0.0109085 -0.00888141 -0.962832
internal_weight=3310 3042 196 53 23 268 226 143 72 53 2846 2777 2482 25
internal_count=3310 3042 196 53 23 268 226 143 72 53 2846 2777 2482 25
is_linear=0
shrinkage=0.05


Tree=140
num_leaves=15
num_cat=0
split_feature=9 7 3 7 6 7 4 3 5 8 4 4 9 9
split_gain=1218.94 1352.45 20706.2 7537.13 8354.73 7174.57 6953.99 7192.46 8770.34 6488.95 5588.19 5565.96 3963.74 5429.74
threshold=108.47877246714644 785.78571428571433 698.50000000000011 827.92857142857156 832.50000000000011 831.07142857142878 871.50000000000011 790.50000000000011 826.50000000000011 829.28571428571433 856.50000000000011 840.50000000000011 47.945009898987202 55.56648991764618
decision_type=2 2 2 2 2 2 2 2 2 2 2 2 2 2
left_child=1 9 -3 4 10 -5 7 -6 -9 -1 -4 -10 -7 -14
right_child=-2 2 3 5 6 12 -8 8 11 -11 -12 -13 13 -15
leaf_value=-0.013882029650804191 -0.50298724745710688 2.0286006267254169 0.22918390925973653 -1.3584241747856141 2.1968748276883905 0.16351523986467942 0.032293902027110265 -0.52764479875564574 1.7714965822065574 -0.91885445758700368 -0.75475197544223382 0.36504788895448054 -0.30580725114527951 0.0047243725677921641
leaf_weight=2065 11.999999999999998 12.999999999999998 60 9.9999999999999982 10.999999999999998 244 24 9.9999999999999982 17.000000000000004 20 19 11.999999999999998 183 610
leaf_count=2065 12 13 60 10 11 244 24 10 17 20 19 12 183 610
internal_value=2.90303e-05 0.00185929 0.0438379 0.0223363 0.350137 -0.0255658 0.731895 1.0677 0.74922 -0.0225628 -0.0074589 1.18952 -0.0127128 -0.0669368
internal_weight=3310 3298 1213 1200 153 1047 74 50 39 2085 79 29 1037 793
internal_count=3310 3298 1213 1200 153 1047 74 50 39 2085 79 29 1037 793
is_linear=0
shrinkage=0.05


Tree=141
num_leaves=15
num_cat=1
split_feature=2 3 5 4 9 7 2 8 7 9 3 0 9 8
split_gain=1208.62 2935.02 14648.8 8931.53 3915.49 8795.39 2616.72 5190.7 11951.2 5374.04 6002.51 4415.21 2828.46 3351.16
threshold=20.500000000000004 1015.5000000000001 1018.5000000000001 1015.5000000000001 64.156033894825597 1024.6428571428576 26.500000000000004 849.55357142857156 578.07142857142867 50.525643078199835 827.50000000000011 0 27.345126218710185 865.41071428571433
decision_type=2 2 2 2 2 2 2 2 2 2 2 1 2 2
left_child=1 3 -3 -1 5 -4 7 8 -2 -10 -11 12 -8 -14
right_child=6 2 4 -5 -6 -7 11 -9 9 10 -12 -13 13 -15
leaf_value=-0.010982366486282855 0.10114548417976965 -1.9982493097131906 -1.5231561801650308 1.2554152331181936 0.69923525367464334 -0.010451723076403142 -0.73809083650509522 -0.20858609879819245 0.23983461206609552 2.1986112085978187 0.61714176535606391 0.097550598690478593 -0.0098494786367890382 -0.68318637803844784
leaf_weight=2524 102 10.999999999999998 10.999999999999998 13.999999999999998 13.999999999999998 76 24 52 10.999999999999998 15.000000000000002 9.9999999999999982 329 94 23
leaf_count=2524 102 11 11 14 14 76 24 52 11 15 10 329 94 23
internal_value=2.7579e-05 -0.0150506 -0.26554 -0.00399672 -0.0768293 -0.201713 0.0605689 0.217153 0.377577 1.1608 1.56602 -0.0027312 -0.227505 -0.142215
internal_weight=3310 2650 112 2538 101 87 660 190 138 36 25 470 141 117
internal_count=3310 2650 112 2538 101 87 660 190 138 36 25 470 141 117
cat_boundaries=0 1
cat_threshold=324
is_linear=0
shrinkage=0.05


Tree=142
num_leaves=15
num_cat=0
split_feature=1 1 2 9 2 2 2 5 3 7 9 9 3 8
split_gain=1206.38 2736.27 7661.44 4136.42 2877.99 8661.54 6352.59 5038.97 4479.62 4253.36 5566.97 2810.72 2576.97 3510.09
threshold=5.5000000000000009 4.5000000000000009 1.5000000000000002 83.997069588319064 8.5000000000000018 7.5000000000000009 11.500000000000002 899.50000000000011 426.50000000000006 857.21428571428589 58.598732219494579 29.395473668270473 413.50000000000006 864.50000000000011
decision_type=2 2 2 2 2 2 2 2 2 2 2 2 2 2
left_child=1 -1 11 4 5 7 8 12 -6 10 -10 -3 -4 -14
right_child=-2 2 3 -5 6 -7 -8 -9 9 -11 -12 -13 13 -15
leaf_value=0.0096169242432158266 0.074241730199056735 -1.6727508115768428 -0.36956888825202794 -0.84494946721722097 0.27574184807864105 1.5325464892387393 -0.024911772303891425 -1.0704636293649674 -0.71506087861277845 -0.087189391484627357 -2.1378588616847991 -0.48727102756500246 0.30739198372752036 -0.31339715986416261
leaf_weight=2370 470 10.000000000000002 26 17 10.999999999999998 9.9999999999999982 196 9.9999999999999982 22 12.999999999999998 9.9999999999999982 9.9999999999999982 106 29
leaf_count=2370 470 10 26 17 11 10 196 10 22 13 10 10 106 29
internal_value=4.09358e-05 -0.0122388 -0.122447 -0.0798889 -0.0498519 0.102249 -0.159099 0.0186059 -0.628754 -0.849853 -1.15969 -1.08001 0.0862499 0.174037
internal_weight=3310 2840 470 450 433 181 252 171 56 45 32 20 161 135
internal_count=3310 2840 470 450 433 181 252 171 56 45 32 20 161 135
is_linear=0
shrinkage=0.05


Tree=143
num_leaves=15
num_cat=0
split_feature=2 1 1 9 6 5 4 8 6 5 8 7 2 5
split_gain=1186.86 8644.24 23434.5 19446.3 4679.79 1598.41 4144.7 3064.79 5926.03 8834.93 5041.83 9336.59 5323.32 4151.92
threshold=1.0000000180025095e-35 3.5000000000000004 2.5000000000000004 67.408044058143716 548.50000000000011 1058.5000000000002 997.50000000000011 868.05357142857156 814.50000000000011 847.50000000000011 875.42857142857144 886.14285714285722 4.5000000000000009 829.50000000000011
decision_type=2 2 2 2 2 2 2 2 2 2 2 2 2 2
left_child=1 2 4 -4 -1 6 7 8 9 13 11 12 -9 -2
right_child=5 -3 3 -5 -6 -7 -8 10 -10 -11 -12 -13 -14 -15
leaf_value=-0.22288420358300209 -0.0047664876216003908 0.76015114933252337 -2.5462100426355994 0.052285238355398181 0.74456546282768254 -0.22927682777394504 0.30133647596053148 -1.7409698852470943 0.20968257387124606 -0.94414059638977044 -0.053006732209622515 0.3670009902119637 -0.56020643502473833 0.80369829200208187
leaf_weight=25 2128 20 18.000000000000004 11.999999999999998 25 71 118 13.999999999999998 359 25 429 20 30 15.999999999999998
leaf_count=25 2128 20 18 12 25 71 118 14 359 25 429 20 30 16
internal_value=3.88889e-05 -0.169593 -0.402029 -1.50681 0.260841 0.00532337 0.0106297 -0.000725264 0.0215145 -0.00962998 -0.114766 -0.528746 -0.935904 0.00126683
internal_weight=3310 100 80 30 50 3210 3139 3021 2528 2169 493 64 44 2144
internal_count=3310 100 80 30 50 3210 3139 3021 2528 2169 493 64 44 2144
is_linear=0
shrinkage=0.05


Tree=144
num_leaves=15
num_cat=1
split_feature=3 7 6 2 4 2 8 0 9 2 2 7 7 9
split_gain=1246.55 11637.8 5766.24 5379.69 6674.1 5701.63 3079.33 2971.6 2645.08 4676.94 7681.52 7143.56 4032.48 5066.3
threshold=528.50000000000011 578.07142857142867 502.50000000000006 14.500000000000002 540.50000000000011 3.5000000000000004 568.482142857143 0 51.051553302666171 11.500000000000002 1.5000000000000002 486.07142857142861 515.21428571428589 47.945009898987202
decision_type=2 2 2 2 2 2 2 1 2 2 2 2 2 2
left_child=1 6 3 4 5 -2 7 8 12 10 -10 -12 13 -1
right_child=2 -3 -4 -5 -6 -7 -8 -9 9 -11 11 -13 -14 -15
leaf_value=0.24938181405078691 0.61817325326529415 1.469174057671002 -0.01123136145620522 0.54324270248413087 -1.5299178572262035 -0.78702820411750252 -0.77699238558610284 -0.028932112203756584 -0.56285047233104712 -0.11609048528803721 1.7250205218791963 0.47932261170410534 -0.18481597216943135 -0.27403889759568434
leaf_weight=265 10.999999999999998 13.999999999999998 1787 9.9999999999999982 17 21 11.999999999999998 895 11.999999999999998 36 15.999999999999998 41 117 56
leaf_count=265 11 14 1787 10 17 21 12 895 12 36 16 41 117 56
internal_value=3.69446e-05 0.0344922 -0.0272884 -0.513625 -0.729312 -0.30399 0.0206401 0.0272963 0.118328 0.345896 0.586933 0.828992 0.0664761 0.158069
internal_weight=3310 1464 1846 59 49 32 1450 1438 543 105 69 57 438 321
internal_count=3310 1464 1846 59 49 32 1450 1438 543 105 69 57 438 321
cat_boundaries=0 1
cat_threshold=290
is_linear=0
shrinkage=0.05


Tree=145
num_leaves=15
num_cat=0
split_feature=8 4 3 4 8 2 2 9 7 3 7 4 5 3
split_gain=1184.87 1498.43 1538.41 5127.42 1777.14 2015.6 1664.6 3425.74 7986.42 11453.3 16770.3 9363.81 10415.4 14398.1
threshold=377.3035714285715 350.00000000000006 386.50000000000006 431.50000000000006 455.01785714285717 5.5000000000000009 12.500000000000002 60.678107023219738 908.50000000000011 1015.5000000000001 966.07142857142867 958.50000000000011 935.50000000000011 908.50000000000011
decision_type=2 2 2 2 2 2 2 2 2 2 2 2 2 2
left_child=-1 -2 3 4 5 -3 7 -4 11 -10 -11 12 13 -9
right_child=1 2 6 -5 -6 -7 -8 8 9 10 -12 -13 -14 -15
leaf_value=0.45903936709676474 -0.39555522600809734 0.60685414804352655 0.013964155920407569 0.93261572593136843 -0.3626391998746179 -0.017234904804955358 0.043630552856696946 -0.1493472590487066 0.61289031745658984 -2.2081402325630179 0.51539022418168878 -1.3141683187749651 0.3811121839337433 -1.036193128952793
leaf_weight=13.999999999999998 24 18 1356 19 22 46 1123 446 72 10.000000000000002 12.999999999999998 18 78 51
leaf_count=14 24 18 1356 19 22 46 1123 446 72 10 13 18 78 51
internal_value=3.07264e-05 -0.00191895 0.000968361 0.189259 0.0250291 0.15829 -0.00527431 -0.0321433 -0.123018 0.302598 -0.668753 -0.191202 -0.156049 -0.240352
internal_weight=3310 3296 3272 105 86 64 3167 2044 688 95 23 593 575 497
internal_count=3310 3296 3272 105 86 64 3167 2044 688 95 23 593 575 497
is_linear=0
shrinkage=0.05


Tree=146
num_leaves=15
num_cat=1
split_feature=0 8 2 5 9 9 3 6 6 3 3 2 6 4
split_gain=1169.8 4302.9 4289.92 6841.92 3377.41 3207.06 12750.8 10849.7 5956.88 5371.6 5144.96 7302.75 11728.7 6333.95
threshold=0 509.8035714285715 1.0000000180025095e-35 539.50000000000011 52.006448002969464 48.811015089358783 589.50000000000011 535.50000000000011 477.50000000000006 614.00000000000011 1009.5000000000001 12.500000000000002 1029.5000000000002 1015.5000000000001
decision_type=1 2 2 2 2 2 2 2 2 2 2 2 2 2
left_child=1 4 3 -2 -1 8 -7 -8 -3 -9 13 12 -12 -11
right_child=2 5 -4 -5 -6 6 7 9 -10 10 11 -13 -14 -15
leaf_value=0.16935680215086402 -0.15719278670455283 -0.78465123514334367 -0.015576462883624102 -1.5266912266612054 0.77263569862678139 0.57376858563917998 -1.2206631587611305 -0.95287821633475167 -0.056727724586707655 0.057047020953269224 -1.9445729716618858 0.065334518935317956 -0.11398581252211618 1.3232255649566651
leaf_weight=116 38 30 1605 11.999999999999998 29 106 18 13.999999999999998 445 803 14.999999999999998 48 21 9.9999999999999982
leaf_count=116 38 30 1605 12 29 106 18 14 445 803 15 48 21 10
internal_value=2.91898e-05 0.0296639 -0.0296059 -0.485872 0.290013 0.00486002 0.0542242 -0.00505647 -0.102702 0.0189621 0.0341302 -0.338408 -0.87673 0.0726212
internal_weight=3310 1655 1655 50 145 1510 1035 929 475 911 897 84 36 813
internal_count=3310 1655 1655 50 145 1510 1035 929 475 911 897 84 36 813
cat_boundaries=0 1
cat_threshold=421
is_linear=0
shrinkage=0.05


Tree=147
num_leaves=15
num_cat=0
split_feature=7 3 5 7 5 6 7 9 9 9 7 2 2 6
split_gain=1130.52 15858.3 17822.9 6391.82 5857.96 5611.99 4363.49 4047.97 4802.75 12561.2 8353.91 7761.72 7197.65 5726.07
threshold=785.78571428571433 731.50000000000011 885.50000000000011 812.14285714285722 887.50000000000011 935.50000000000011 827.92857142857156 47.945009898987202 55.56648991764618 57.318766704473155 881.92857142857156 7.5000000000000009 1.0000000180025095e-35 945.50000000000011
decision_type=2 2 2 2 2 2 2 2 2 2 2 2 2 2
left_child=4 2 6 5 -1 -3 -2 -5 10 11 -9 -10 -11 -12
right_child=1 3 -4 7 -6 -7 -8 8 9 12 13 -13 -14 -15
leaf_value=-0.014771593228477119 -0.42672748655080767 0.27155010793102935 2.8970693683624269 0.15775553094295663 -0.94673032374943011 1.4830139886249196 1.0503456401824953 -0.0018607429485945474 1.7382429494522509 -1.0439103384812674 -1.0359146203132388 0.15508551796277364 -0.029912730691609126 -0.19117606231144499
leaf_weight=2068 10.000000000000005 73 9.9999999999999982 244 17 10.999999999999998 9.9999999999999982 105 16.000000000000004 18 47 14.999999999999998 631 35
leaf_count=2068 10 73 10 244 17 11 10 105 16 18 47 15 631 35
internal_value=2.7731e-05 0.0381501 1.17356 0.00964601 -0.0223703 0.430194 0.311809 -0.0221506 -0.0727816 -0.0110693 -0.29719 0.972199 -0.0580359 -0.675355
internal_weight=3310 1225 30 1195 2085 84 20 1111 867 680 187 31 649 82
internal_count=3310 1225 30 1195 2085 84 20 1111 867 680 187 31 649 82
is_linear=0
shrinkage=0.05


Tree=148
num_leaves=15
num_cat=1
split_feature=8 8 8 0 5 2 7 3 3 7 3 2 8 6
split_gain=1076.81 1396.87 3901.63 3145.81 2697.9 2592.06 6083.75 6266.58 3604.02 2571.84 5182.95 3990.28 2679.91 2104.79
threshold=377.3035714285715 422.69642857142861 453.07142857142861 0 486.50000000000006 4.5000000000000009 434.35714285714295 477.50000000000006 465.50000000000006 477.64285714285717 468.50000000000006 8.5000000000000018 503.51785714285717 437.50000000000006
decision_type=2 2 2 1 2 2 2 2 2 2 2 2 2 2
left_child=-1 13 4 9 5 6 -3 -8 -7 10 -4 -11 -13 -2
right_child=1 2 3 -5 -6 8 7 -9 -10 11 -12 12 -14 -15
leaf_value=0.43760480114391875 -0.06076909995810912 -0.19501728132880969 -0.23506707439819974 0.0038636945956305722 0.86600704193115241 0.13417918802746995 1.1947410231006557 0.075664134983989328 -0.66105024043251492 -0.97289975014599883 -1.4645770609378816 0.22975475792297903 -0.57777117765866792 -0.50011403724070524
leaf_weight=13.999999999999998 226 29 30 2724 14.999999999999998 88 29 22 17 10.999999999999998 11.999999999999998 49 12.999999999999998 31
leaf_count=14 226 29 30 2724 15 88 29 22 17 11 12 49 13 31
internal_value=2.63443e-05 -0.0018323 0.00763346 -0.0074035 0.221083 0.168792 0.383207 0.712002 0.00542776 -0.252655 -0.586356 -0.0952731 0.0604348 -0.113764
internal_weight=3310 3296 3039 2839 200 185 80 51 105 115 42 73 62 257
internal_count=3310 3296 3039 2839 200 185 80 51 105 115 42 73 62 257
cat_boundaries=0 1
cat_threshold=64
is_linear=0
shrinkage=0.05


Tree=149
num_leaves=15
num_cat=0
split_feature=9 9 3 7 9 7 3 9 1 5 7 5 7 8
split_gain=1089.29 2784.76 2310.62 4619.67 2790.45 3472.43 2336.14 1929.79 2448.56 1688.12 3178.81 7804.86 5153.09 6481.15
threshold=24.563898590831165 28.322126376317161 953.50000000000011 621.57142857142867 27.673622175983166 487.21428571428578 426.50000000000006 19.239411503522174 4.5000000000000009 1058.5000000000002 909.21428571428589 966.50000000000011 891.357142857143 860.94642857142878
decision_type=2 2 2 2 2 2 2 2 2 2 2 2 2 2
left_child=7 2 3 4 -2 6 -6 8 -1 10 11 12 -3 -14
right_child=1 9 -4 -5 5 -7 -8 -9 -10 -11 -12 -13 13 -15
leaf_value=0.044993506486599263 -0.032630924332486697 0.015353423365573445 0.54961149692535405 -1.1794503793120386 -0.35535999178886402 -0.11332734512786072 -1.3718706662838276 0.17643828689687502 -0.63161299096213452 -0.2402301275238827 0.16530501194677111 -1.402348887063563 -1.4585880799727007 -0.19608823864472294
leaf_weight=52 121 2327 9.9999999999999982 11.999999999999998 10.000000000000002 30 12.999999999999998 198 18 69 295 9.9999999999999982 10.999999999999998 134
leaf_count=52 121 2327 10 12 10 30 13 198 18 69 295 10 11 134
internal_value=2.56112e-05 -0.00848805 -0.190783 -0.230589 -0.16515 -0.467693 -0.92991 0.096662 -0.128991 0.00406632 0.0101363 -0.00830635 -0.00266702 -0.291864
internal_weight=3310 3042 196 186 174 53 23 268 70 2846 2777 2482 2472 145
internal_count=3310 3042 196 186 174 53 23 268 70 2846 2777 2482 2472 145
is_linear=0
shrinkage=0.05


Tree=150
num_leaves=15
num_cat=0
split_feature=5 8 5 9 9 8 9 9 6 5 7 2 3 7
split_gain=1096.42 5591.83 5382.69 2501.02 7139.19 3781.2 4211.33 4075.49 3450.41 4819.06 2698.65 2590.89 2481.25 6027.32
threshold=935.50000000000011 859.91071428571433 933.50000000000011 73.898561187359263 71.732117365572677 872.607142857143 105.01008703336356 81.785461184754453 931.50000000000011 941.50000000000011 877.21428571428589 29.500000000000004 1002.5000000000001 966.07142857142867
decision_type=2 2 2 2 2 2 2 2 2 2 2 2 2 2
left_child=2 -2 -1 4 8 -5 7 10 -3 -10 -7 12 -11 -14
right_child=1 3 -4 5 -6 6 -8 -9 9 11 -12 -13 13 -15
leaf_value=-0.0066061851149537779 0.99280862212181098 -0.56519802134969965 -1.1147571367296307 -0.61301912611181086 -1.1347014401640212 -0.36401690027930522 -0.42197160018341884 1.2914620557001659 1.0523024996121726 0.16393095613767705 0.50596778982497281 0.43909314560393498 -1.2979537763378837 -0.072852138410443842
leaf_weight=2888 15.999999999999998 23 10.999999999999998 10.999999999999998 13.999999999999998 10.999999999999998 13.999999999999998 13.999999999999998 11.999999999999998 90 47 33 10.999999999999998 115
leaf_count=2888 16 23 11 11 14 11 14 14 12 90 47 33 11 115
internal_value=2.43295e-05 0.0764514 -0.010811 0.0393331 -0.0324476 0.259855 0.371502 0.525788 0.0218889 0.0736245 0.340971 0.0264593 -0.036582 -0.179805
internal_weight=3310 411 2899 395 298 97 86 72 284 261 58 249 216 126
internal_count=3310 411 2899 395 298 97 86 72 284 261 58 249 216 126
is_linear=0
shrinkage=0.05


Tree=151
num_leaves=15
num_cat=0
split_feature=1 2 1 8 8 2 2 7 5 4 1 2 9 4
split_gain=1090.48 5196.3 17402.5 16093.5 14075.2 3963.8 5075.37 3089.19 7144.24 3956.56 2653.12 4551.9 9585.54 11931.5
threshold=1.0000000180025095e-35 1.0000000180025095e-35 3.5000000000000004 839.17857142857156 514.55357142857156 5.5000000000000009 13.500000000000002 885.07142857142867 554.50000000000011 574.50000000000011 2.5000000000000004 2.5000000000000004 77.268830068254616 792.50000000000011
decision_type=2 2 2 2 2 2 2 2 2 2 2 2 2 2
left_child=5 2 3 4 -2 -1 7 8 -7 -10 11 12 -3 -14
right_child=1 10 -4 -5 -6 6 -8 -9 9 -11 -12 -13 13 -15
leaf_value=0.29350013096417699 -1.3884228289127347 0.31917733220190841 0.73222511738538743 -2.6061222965518636 0.87687963744004582 -0.023230085511442643 0.15499422241674943 0.23483059536665679 -1.5929012278715771 -0.55467765942598002 0.032916534034079063 -0.12292512416424489 0.39598852545022956 -1.7903880201853237
leaf_weight=140 16.000000000000004 145 20 11.999999999999998 11.999999999999998 71 180 28 11.999999999999998 39 1850 760 12.000000000000002 12.999999999999998
leaf_count=140 16 145 20 12 12 71 180 28 12 39 1850 760 12 13
internal_value=2.31134e-05 -0.0116518 -0.47202 -1.07414 -0.417579 0.0705695 -0.0240072 -0.238809 -0.347513 -0.798966 -0.00171582 -0.0706081 0.16328 -0.740927
internal_weight=3310 2840 60 40 28 470 330 150 122 51 2780 930 170 25
internal_count=3310 2840 60 40 28 470 330 150 122 51 2780 930 170 25
is_linear=0
shrinkage=0.05


Tree=152
num_leaves=15
num_cat=1
split_feature=7 3 5 7 3 9 5 0 9 3 2 9 6 3
split_gain=1078.46 14403.6 15797.7 5751.12 5519.06 6981.54 7271.37 5156.89 12475.6 8436.41 5654.77 5190.62 5078.49 4798.89
threshold=785.78571428571433 731.50000000000011 885.50000000000011 812.14285714285722 589.50000000000011 62.032708069085452 784.50000000000011 0 46.241680175940424 518.50000000000011 6.5000000000000009 63.492026489893654 913.50000000000011 540.50000000000011
decision_type=2 2 2 2 2 2 2 1 2 2 2 2 2 2
left_child=4 2 -2 12 7 6 -6 8 -1 11 -11 -10 -3 -9
right_child=1 3 -4 -5 5 -7 -8 13 9 10 -12 -13 -14 -15
leaf_value=-0.2062724263800515 0.30802137762308118 0.22773856683971661 2.7419744586944583 -0.02006988697236825 -0.18365770619717384 -0.59111021596776403 0.85655841171741498 0.008525675103046625 0.50940426602841371 1.7592217278480531 0.57023318171501158 -0.39828916333970571 1.2428332940737408 -0.24324368305948624
leaf_weight=90 20.000000000000004 69 9.9999999999999982 1111 105 92 20 1436 63 20 20 21 14.999999999999998 218
leaf_count=90 20 69 10 1111 105 92 20 1436 63 20 20 21 15 218
internal_value=2.19577e-05 0.0372563 1.11934 0.0100911 -0.0218543 -0.26053 -0.0172231 0.00587191 0.23104 0.567077 1.16473 0.282481 0.409005 -0.0245098
internal_weight=3310 1225 30 1195 2085 217 125 1868 214 124 40 84 84 1654
internal_count=3310 1225 30 1195 2085 217 125 1868 214 124 40 84 84 1654
cat_boundaries=0 1
cat_threshold=256
is_linear=0
shrinkage=0.05


Tree=153
num_leaves=15
num_cat=1
split_feature=0 2 3 1 8 9 9 3 4 5 7 3 3 9
split_gain=1058.09 3724.8 6282.45 5364.62 3669.13 2753.01 2744.43 10251 9003.3 4804.17 6395.83 4780.29 4693.4 5163.36
threshold=0 1.0000000180025095e-35 434.50000000000006 2.5000000000000004 509.8035714285715 52.006448002969464 48.811015089358783 589.50000000000011 551.50000000000011 535.50000000000011 570.50000000000011 614.00000000000011 915.50000000000011 70.42155264556304
decision_type=1 2 2 2 2 2 2 2 2 2 2 2 2 2
left_child=4 2 -2 -4 5 -1 -6 9 -9 -8 -11 -10 13 -13
right_child=1 -3 3 -5 6 -7 7 8 11 10 -12 12 -14 -15
leaf_value=0.1596891802538925 0.54403692384560898 -0.015094449061441971 -0.17419168102113824 -1.362359327705283 -0.094196238086411838 0.70435429975904273 0.22769885965943581 -1.4241441347382287 -0.76997952022050553 0.59009648544447768 2.0239036369323733 0.25614340822570603 -0.11264796500397518 -0.052333708909961085
leaf_weight=116 11.999999999999998 1605 19 19 475 29 61 10.999999999999998 19 35 9.9999999999999982 312 347 240
leaf_count=116 12 1605 19 19 475 29 61 11 19 35 10 312 347 240
internal_value=2.086e-05 -0.0281637 -0.453321 -0.768276 0.0282052 0.268622 0.00530559 0.0509707 -0.00218233 0.516812 0.90872 0.0148564 0.0314436 0.122023
internal_weight=3310 1655 50 38 1655 145 1510 1035 929 106 45 918 899 552
internal_count=3310 1655 50 38 1655 145 1510 1035 929 106 45 918 899 552
cat_boundaries=0 1
cat_threshold=421
is_linear=0
shrinkage=0.05


Tree=154
num_leaves=15
num_cat=0
split_feature=1 1 2 9 8 5 8 2 2 2 2 2 3 6
split_gain=1059.86 2637.1 6649.52 3768.41 2532.04 13164 2621.56 2513.34 12931.2 4608.23 2498.42 3735.35 3257.86 5574.91
threshold=5.5000000000000009 4.5000000000000009 1.5000000000000002 83.997069588319064 906.69642857142878 824.50000000000011 951.16071428571445 7.5000000000000009 5.5000000000000009 8.5000000000000018 8.5000000000000018 11.500000000000002 426.50000000000006 479.50000000000006
decision_type=2 2 2 2 2 2 2 2 2 2 2 2 2 2
left_child=1 -1 -3 4 5 10 -6 8 -2 -9 -4 12 -12 -14
right_child=7 2 3 -5 6 -7 -8 9 -10 -11 11 -13 13 -15
leaf_value=0.0099659497334173876 -0.028209565673644344 -1.0117707335948944 0.12721687672118986 -0.81026955422233149 0.98486275889656771 -1.4107695824570126 0.078327119555966607 -0.52526780515909199 0.90027417594194414 0.056199262580611621 0.24519084211100234 -0.023133657398250174 -1.2546044783158736 -0.049054283604902382
leaf_weight=2370 150 20 155 17 10.999999999999998 18 29 40 50 230 10.999999999999998 170 22 17
leaf_count=2370 150 20 155 17 11 18 29 40 50 230 11 170 22 17
internal_value=1.98164e-05 -0.0114901 -0.119683 -0.0800349 -0.0513651 -0.0899391 0.327624 0.0695689 0.203911 -0.029944 -0.0265393 -0.134867 -0.514762 -0.729108
internal_weight=3310 2840 470 450 433 393 40 470 200 270 375 220 50 39
internal_count=3310 2840 470 450 433 393 40 470 200 270 375 220 50 39
is_linear=0
shrinkage=0.05


Tree=155
num_leaves=15
num_cat=0
split_feature=7 3 7 4 5 5 9 7 6 3 4 7 2 7
split_gain=1018.43 15967.3 5456.05 6479.99 6901.85 6710.5 5134.37 4730.21 6144.68 4621.93 4893.76 3978.99 3934.76 3569.91
threshold=791.50000000000011 698.50000000000011 827.92857142857156 840.50000000000011 796.50000000000011 805.50000000000011 73.898561187359263 834.28571428571433 842.50000000000011 554.50000000000011 520.50000000000011 835.64285714285722 1.5000000000000002 544.14285714285722
decision_type=2 2 2 2 2 2 2 2 2 2 2 2 2 2
left_child=9 -2 3 4 -3 -5 -6 8 -4 13 -11 -9 -7 -1
right_child=1 2 7 5 6 12 -8 11 -10 10 -12 -13 -14 -15
leaf_value=-0.00066202374422804754 1.7794408358060398 0.19726283385728796 0.16806587696075437 -1.272948467731476 1.7807061374187469 0.98108704306862582 0.57902336802333598 0.93950071985071359 -1.5101216276486715 -0.88348582024159639 -0.13176393867407227 -0.016568238418115593 -0.089657025798582118 0.35907481525921159
leaf_weight=1636 12.999999999999998 48 10.000000000000002 9.9999999999999982 15.999999999999998 10.999999999999998 20 10.999999999999998 11.999999999999998 23 369 1020 39 72
leaf_count=1636 13 48 10 10 16 11 20 11 12 23 369 1020 39 72
internal_value=1.88259e-05 0.0365563 0.0176277 0.306293 0.589766 -0.0905692 1.1131 -0.021848 -0.747309 -0.0210337 -0.17587 -0.0063677 0.145907 0.0145025
internal_weight=3310 1210 1197 144 84 60 36 1053 22 2100 392 1031 50 1708
internal_count=3310 1210 1197 144 84 60 36 1053 22 2100 392 1031 50 1708
is_linear=0
shrinkage=0.05


Tree=156
num_leaves=15
num_cat=0
split_feature=1 1 9 9 3 8 3 7 9 7 6 8 8 6
split_gain=1007.83 1920.93 4312.69 2654.24 7611.88 2361.65 1449.92 9539.4 4826.81 4779.85 4334.81 5559.11 2333.42 2572.37
threshold=1.0000000180025095e-35 2.5000000000000004 105.01008703336356 101.81377270143601 821.50000000000011 924.28571428571433 908.50000000000011 929.92857142857144 71.732117365572677 934.07142857142867 945.50000000000011 956.25000000000011 898.17857142857156 757.50000000000011
decision_type=2 2 2 2 2 2 2 2 2 2 2 2 2 2
left_child=-1 2 6 -3 -5 -6 9 -8 10 12 11 -9 13 -2
right_child=1 3 -4 4 5 -7 7 8 -10 -11 -12 -13 -14 -15
leaf_value=0.067838093469196822 -0.089275742931771152 0.0088326853021790854 -0.88354098796844482 1.6148908209800721 0.36721517741680149 -0.52003697877128918 -1.6259554407813335 -0.0070269967615604377 0.82649751076331501 1.000136662613262 0.047150123764930128 -1.674226068854332 -0.61210055583053169 0.11449866161445539
leaf_weight=470 598 1858 15.999999999999998 9.9999999999999982 20 11.999999999999998 10.999999999999998 10.000000000000002 12.999999999999998 10.999999999999998 44 9.9999999999999982 18 209
leaf_count=470 598 1858 16 10 20 12 11 10 13 11 44 10 18 209
internal_value=1.78844e-05 -0.0112059 -0.0696687 0.0177178 0.41078 0.0344956 -0.0555757 -0.248625 -0.0518631 -0.0352548 -0.23028 -0.840627 -0.04906 -0.0365015
internal_weight=3310 2840 940 1900 42 32 924 88 77 836 64 20 825 807
internal_count=3310 2840 940 1900 42 32 924 88 77 836 64 20 825 807
is_linear=0
shrinkage=0.05


Tree=157
num_leaves=15
num_cat=1
split_feature=9 9 3 3 9 2 9 2 3 3 8 2 0 1
split_gain=1015.78 2419.65 2091.91 3752.54 2526.36 2832.03 1753.19 2317.6 1762.9 2927.49 1555.07 1519.18 8998.67 7440.35
threshold=24.563898590831165 28.322126376317161 953.50000000000011 598.50000000000011 27.673622175983166 9.5000000000000018 17.904750583943557 1.5000000000000002 496.50000000000006 426.50000000000006 509.8035714285715 4.5000000000000009 0 1.5000000000000002
decision_type=2 2 2 2 2 2 2 2 2 2 2 2 1 2
left_child=6 2 3 4 -2 10 8 -8 9 -1 -6 12 -3 -14
right_child=1 11 -4 -5 5 -7 7 -9 -10 -11 -12 -13 13 -15
leaf_value=0.042342462514837573 -0.029183310368829526 -0.16043740092908843 0.52635300636291504 -1.0352749627370101 -0.9853511733668191 0.040387541839950969 0.74898911307255434 0.10577399148120242 0.15309109578007146 -1.0869197791950269 -0.27183748216678699 -0.01871016733956777 0.51377531772941576 0.075476615729459226
leaf_weight=12.000000000000002 121 279 9.9999999999999982 12.999999999999998 21 19 14.999999999999998 211 19 10.999999999999998 11.999999999999998 2078 133 356
leaf_count=12 121 279 10 13 21 19 15 211 19 11 12 2078 133 356
internal_value=1.69914e-05 -0.00820435 -0.178129 -0.216004 -0.154441 -0.445905 0.0933353 0.148465 -0.203316 -0.497739 -0.725892 0.00349812 0.0635877 0.190785
internal_weight=3310 3042 196 186 173 52 268 226 42 23 33 2846 768 489
internal_count=3310 3042 196 186 173 52 268 226 42 23 33 2846 768 489
cat_boundaries=0 1
cat_threshold=531
is_linear=0
shrinkage=0.05


Tree=158
num_leaves=15
num_cat=1
split_feature=8 4 3 4 8 8 5 7 0 7 7 7 8 9
split_gain=1010.53 1346.02 1289.3 4432.3 1583.96 1502.7 3276.6 3224.3 3151.15 5423.97 4539.56 3123.47 4579.89 3102.36
threshold=377.3035714285715 350.00000000000006 386.50000000000006 435.50000000000006 455.01785714285717 430.01785714285717 441.50000000000006 448.00000000000006 0 477.64285714285717 489.21428571428578 428.4285714285715 447.73214285714295 46.773707003537574
decision_type=2 2 2 2 2 2 2 2 1 2 2 2 2 2
left_child=-1 -2 3 4 -3 6 -4 11 9 -9 -11 -7 -13 -12
right_child=1 2 5 -5 -6 7 -8 8 -10 10 13 12 -14 -15
leaf_value=0.42388897027288169 -0.37489017130186164 0.14965650694874619 -0.040975622473483159 0.88749053875605266 -0.34117651994932785 -0.26005697198536087 -0.53227413391194689 -0.82783661466091873 0.0054648707198836927 0.79813734086660248 -0.069477365345314707 0.65272624740997953 -0.073624389399500459 -0.99073210629549902
leaf_weight=13.999999999999998 24 65 197 18 22 23 41 32 2702 12.999999999999998 54 60 34 10.999999999999998
leaf_count=14 24 65 197 18 22 23 41 32 2702 13 54 60 34 11
internal_value=-8.09333e-06 -0.00180863 0.000927912 0.173301 0.0255378 -0.00478702 -0.125611 0.00503071 -0.00567002 -0.256373 -0.0547955 0.262214 0.390004 -0.225382
internal_weight=3310 3296 3272 105 87 3167 238 2929 2812 110 78 117 94 65
internal_count=3310 3296 3272 105 87 3167 238 2929 2812 110 78 117 94 65
cat_boundaries=0 1
cat_threshold=64
is_linear=0
shrinkage=0.05


Tree=159
num_leaves=15
num_cat=1
split_feature=1 1 5 7 9 7 3 0 9 4 7 4 9 9
split_gain=986.516 2434.68 3940.74 12040.8 3747.77 9697.89 3046.22 2322.17 4326.99 3227.61 6889.12 5541.03 2941.15 2193.61
threshold=5.5000000000000009 4.5000000000000009 826.50000000000011 965.07142857142867 71.732117365572677 929.92857142857144 947.50000000000011 0 49.016376173644588 546.50000000000011 791.50000000000011 469.50000000000006 78.126598187673508 80.056279683440536
decision_type=2 2 2 2 2 2 2 1 2 2 2 2 2 2
left_child=1 13 7 4 5 -4 -5 8 -3 11 -11 -10 -9 -1
right_child=-2 2 3 6 -6 -7 -8 12 9 10 -12 -13 -14 -15
leaf_value=-0.0018459332961369233 0.067092473405274619 -0.82424409162998202 0.41825967416675242 0.9156818176309266 -1.6048709126079785 -1.7331442725658417 -0.13816935792565346 -0.0035777135540645912 -0.061489497926437632 -1.5694583213329316 -0.10920220372222721 1.22172025680542 0.76772019542180581 0.21336335941366855
leaf_weight=2245 470 25 11.000000000000002 12.000000000000002 17 9.9999999999999982 15.999999999999998 251 53 9.9999999999999982 42 9.9999999999999982 12.999999999999998 125
leaf_count=2245 470 25 11 12 17 10 16 251 53 10 42 10 13 125
internal_value=-6.86405e-06 -0.0111113 -0.115069 -0.473272 -1.05298 -0.606218 0.313481 -0.0565509 -0.212859 -0.0984593 -0.390021 0.142195 0.0331473 0.00950477
internal_weight=3310 2840 470 66 38 21 28 404 140 115 52 63 264 2370
internal_count=3310 2840 470 66 38 21 28 404 140 115 52 63 264 2370
cat_boundaries=0 1
cat_threshold=273
is_linear=0
shrinkage=0.05


Tree=160
num_leaves=15
num_cat=0
split_feature=3 4 4 4 2 1 2 4 3 1 6 1 6 4
split_gain=980.567 6223.71 4343.45 4937.59 3840.72 3636.78 4843.6 2796.14 2616.69 2476.09 2023.8 2968.93 2339.37 3242.77
threshold=470.50000000000006 546.50000000000011 477.50000000000006 475.50000000000006 4.5000000000000009 4.5000000000000009 13.500000000000002 452.50000000000006 487.50000000000006 1.5000000000000002 447.50000000000006 2.5000000000000004 454.50000000000006 456.50000000000006
decision_type=2 2 2 2 2 2 2 2 2 2 2 2 2 2
left_child=1 10 3 4 7 6 9 -2 -9 -6 -1 -12 13 -13
right_child=2 -3 -4 -5 5 -7 -8 8 -10 -11 11 12 -14 -15
leaf_value=-0.027998295384450429 -0.49591455551294183 1.0566383107503254 0.00027358277398299827 -1.3597335760854186 -0.68614460966166313 -0.0010674487675229709 -0.0061325427144765859 0.96343222657839456 0.065203942060470574 -1.6028253802886376 -0.04248608746184189 0.2122486939343313 0.20760055681069695 1.4313748598098757
leaf_weight=531 12.999999999999998 14.999999999999998 2358 9.9999999999999982 17.000000000000004 30 15.999999999999998 11.999999999999998 25 12.999999999999998 122 12.000000000000002 126 9.9999999999999982
leaf_count=531 13 15 2358 10 17 30 16 12 25 13 122 12 126 10
internal_value=-6.52077e-06 0.0475706 -0.015573 -0.290326 -0.205452 -0.42936 -0.708681 0.134888 0.356521 -1.08337 0.0286742 0.14013 0.290665 0.766397
internal_weight=3310 816 2494 136 126 76 46 50 37 30 801 270 148 22
internal_count=3310 816 2494 136 126 76 46 50 37 30 801 270 148 22
is_linear=0
shrinkage=0.05


Tree=161
num_leaves=15
num_cat=1
split_feature=2 3 6 4 2 8 8 1 8 8 6 8 0 2
split_gain=962.109 2272.85 11675.3 6549.91 2246.78 4695.35 10055.1 4473.9 3672.13 4142.79 2978.26 3094.16 2463.88 2120.65
threshold=20.500000000000004 1015.5000000000001 1029.5000000000002 1009.5000000000001 26.500000000000004 849.55357142857156 564.01785714285722 2.5000000000000004 1004.1428571428572 1036.3750000000002 461.50000000000006 464.33928571428572 0 2.5000000000000004
decision_type=2 2 2 2 2 2 2 2 2 2 2 2 1 2
left_child=1 3 -3 -1 5 6 10 -8 12 -10 11 -2 -6 -4
right_child=4 2 13 -5 8 -7 7 -9 9 -11 -12 -13 -14 -15
leaf_value=-0.010327744242897386 0.11055466297336601 -1.4004895183775161 0.53451811631520596 0.97441481351852421 -0.20477328399776029 -0.20581245167324178 1.6932744778692723 0.57154222518205644 1.1589439620929103 -0.0369863631327947 -0.097150639589153126 1.0835090923767825 0.042151071113804658 -0.11398070988162785
leaf_weight=2521 22 18 14.999999999999998 17 141 52 15.999999999999998 20 14.000000000000002 14.999999999999998 67 12.999999999999998 300 79
leaf_count=2521 22 18 15 17 141 52 16 20 14 15 67 13 300 79
internal_value=-6.19465e-06 -0.0134591 -0.233889 -0.00373175 0.0540094 0.199104 0.351681 1.07009 -0.00464577 0.540359 0.0981248 0.471938 -0.0404851 -0.0104969
internal_weight=3310 2650 112 2538 660 190 138 36 470 29 102 35 441 94
internal_count=3310 2650 112 2538 660 190 138 36 470 29 102 35 441 94
cat_boundaries=0 1
cat_threshold=268
is_linear=0
shrinkage=0.05


Tree=162
num_leaves=15
num_cat=0
split_feature=7 4 9 9 9 2 7 4 5 6 7 5 6 6
split_gain=970.29 7234.96 4552.46 4418.2 7724.12 6895.75 4507.46 8754.9 6170.4 3895.77 3771.4 4186.26 5352.54 10864
threshold=909.21428571428589 958.50000000000011 74.644020222023357 64.774410078004124 64.003878691501399 9.5000000000000018 926.50000000000011 908.50000000000011 899.50000000000011 924.50000000000011 907.00000000000011 935.50000000000011 894.50000000000011 931.50000000000011
decision_type=2 2 2 2 2 2 2 2 2 2 2 2 2 2
left_child=1 10 -3 4 6 9 -2 8 -8 -5 11 -1 -13 -14
right_child=3 2 -4 5 -6 -7 7 -9 -10 -11 -12 12 13 -15
leaf_value=-0.010583418916674345 0.57039976456964558 -1.6832059442996972 -0.30594178040822351 1.5935188165077798 -1.2245244487546958 0.067589047102209851 -0.2805558950773307 0.051453383738978536 -1.9067350647784771 0.51881183261672659 -0.76812124326825149 1.4034671187400818 -1.374443879723549 0.3590312211318536
leaf_weight=2766 33 10.000000000000002 14.999999999999998 12.999999999999998 12.999999999999998 78 14.000000000000002 204 9.9999999999999982 24 15.999999999999998 9.9999999999999982 9.9999999999999982 94
leaf_count=2766 33 10 15 13 13 78 14 204 10 24 16 10 10 94
internal_value=-3.04501e-05 -0.00990952 -0.856847 0.0741514 -0.0350156 0.334254 0.024232 -0.0548186 -0.958131 0.896412 -0.00259824 0.00165466 0.298589 0.192351
internal_weight=3310 2921 25 389 274 115 261 228 24 37 2896 2880 114 104
internal_count=3310 2921 25 389 274 115 261 228 24 37 2896 2880 114 104
is_linear=0
shrinkage=0.05


Tree=163
num_leaves=15
num_cat=0
split_feature=5 6 6 3 5 4 2 5 6 9 2 9 6 5
split_gain=953.261 1487.93 4232.75 3051.32 2242.82 4165.96 4615.29 4596.35 4527.15 2768.76 2231.5 2085.71 1910 2723.61
threshold=1106.5000000000002 1029.5000000000002 1018.5000000000001 1027.5000000000002 1024.5000000000002 991.50000000000011 9.5000000000000018 969.00000000000011 974.50000000000011 60.051554018771029 29.500000000000004 64.156033894825597 963.50000000000011 935.50000000000011
decision_type=2 2 2 2 2 2 2 2 2 2 2 2 2 2
left_child=1 2 4 -4 5 7 9 12 -9 -7 11 -3 13 -1
right_child=-2 10 3 -5 -6 6 -8 8 -10 -11 -12 -13 -14 -15
leaf_value=-0.0072862567259733071 -0.30761002731323245 0.0019997243704627968 -1.3465171384811399 -0.11134148307144642 -0.65463302364716169 0.43151965818621885 0.082438001668962993 -1.5103968891501423 -0.069930581562221053 1.5533597209236838 0.82867420421292393 0.64513429383436849 -0.463591415096413 0.20280488137544297
leaf_weight=2879 25 79 10.000000000000002 9.9999999999999982 12.999999999999998 11.000000000000002 38 10.000000000000002 11.999999999999998 10.999999999999998 11.999999999999998 14.999999999999998 22 163
leaf_count=2879 25 79 10 10 13 11 38 10 12 11 12 15 22 163
internal_value=-2.89276e-05 0.00231187 -0.00383284 -0.728929 0.000757836 0.00346606 0.416105 -0.00455674 -0.724688 0.99244 0.186595 0.104628 0.00061392 0.00397109
internal_weight=3310 3285 3179 20 3159 3146 60 3086 22 22 106 94 3064 3042
internal_count=3310 3285 3179 20 3159 3146 60 3086 22 22 106 94 3064 3042
is_linear=0
shrinkage=0.05


Tree=164
num_leaves=15
num_cat=0
split_feature=3 7 7 3 8 2 6 7 6 2 6 3 2 8
split_gain=985.761 4934.64 4130.89 12005.6 7071.31 8300.29 19587.4 10170.7 7733.04 7162.08 8276.23 7010.99 6778.37 9976.25
threshold=892.50000000000011 838.50000000000011 791.50000000000011 698.50000000000011 866.71428571428589 4.5000000000000009 899.50000000000011 812.14285714285722 919.50000000000011 1.5000000000000002 894.50000000000011 784.50000000000011 9.5000000000000018 849.55357142857156
decision_type=2 2 2 2 2 2 2 2 2 2 2 2 2 2
left_child=2 -2 -1 -4 5 6 7 -5 11 -6 -11 -7 13 -13
right_child=1 -3 3 4 9 8 -8 -9 -10 10 -12 12 -14 -15
leaf_value=-0.018069746070234118 -0.80860625037125178 -0.029809377920886549 1.6378910504854642 -0.35796466588974002 -1.0674764707684516 0.53224774668259289 -0.77121003535058774 1.3832008212518234 1.3387951850891113 -0.26201004272650097 0.51979629603472166 -1.2802063059348328 0.06427587840870834 0.18502562464702699
leaf_weight=2100 21 647 12.999999999999998 9.9999999999999982 19 56 18 52 11.999999999999998 121 47 26 147 21
leaf_count=2100 21 647 13 10 19 56 18 52 12 121 47 26 147 21
internal_value=-2.74817e-05 -0.0542925 0.0136928 0.136758 0.0998683 0.235044 0.680813 1.10237 0.0989318 -0.147352 -0.0432904 0.0394184 -0.102842 -0.625528
internal_weight=3310 668 2642 542 529 342 80 62 262 187 168 250 194 47
internal_count=3310 668 2642 542 529 342 80 62 262 187 168 250 194 47
is_linear=0
shrinkage=0.05


Tree=165
num_leaves=15
num_cat=0
split_feature=3 7 6 2 2 9 9 7 5 7 1 5 9 8
split_gain=1005.59 9397.81 3333.68 5525.77 7245.27 8926.61 5941.17 3694.05 2845.26 3686.45 3172.96 2457.12 2342.19 7629.45
threshold=511.50000000000006 572.57142857142867 502.50000000000006 9.5000000000000018 4.5000000000000009 39.635825116924003 54.503840221836548 500.07142857142861 549.50000000000011 521.78571428571433 2.5000000000000004 519.50000000000011 83.997069588319064 829.28571428571433
decision_type=2 2 2 2 2 2 2 2 2 2 2 2 2 2
left_child=1 8 3 4 6 -6 7 -2 -1 10 -10 -5 -4 -14
right_child=2 -3 12 11 5 -7 -8 -9 9 -11 -12 -13 13 -15
leaf_value=0.0069621668322464138 -0.94928290055078612 1.4279664655526481 0.0081741956673142945 -0.085116218353964782 0.1559421699155461 -1.5532783392667771 0.87082129915555329 0.065261836898954304 0.174250468528933 -0.44152160167694093 1.1130679024590386 0.80697656411391039 0.7630422606187709 -0.37948933352644626
leaf_weight=1186 17 11.999999999999998 1829 19 10.999999999999998 25 11.999999999999998 19 18 9.9999999999999982 18 12.999999999999998 17 104
leaf_count=1186 17 12 1829 19 11 25 12 19 18 10 18 13 17 104
internal_value=-2.61065e-05 0.0354897 -0.0214113 -0.28182 -0.494816 -1.03102 -0.0926662 -0.413829 0.0219267 0.40775 0.643659 0.277296 -0.00592029 -0.218968
internal_weight=3310 1244 2066 116 84 36 48 36 1232 46 36 32 1950 121
internal_count=3310 1244 2066 116 84 36 48 36 1232 46 36 32 1950 121
is_linear=0
shrinkage=0.05


Tree=166
num_leaves=15
num_cat=0
split_feature=9 9 2 9 2 9 1 1 2 8 8 3 9 8
split_gain=952.853 2073.39 1840.65 1948.25 2676.55 1620.87 2003.75 1540.45 1513.19 2858.58 1485.39 2953.45 1637.19 1487.78
threshold=24.563898590831165 28.322126376317161 1.5000000000000002 27.480344038279341 9.5000000000000018 19.239411503522174 4.5000000000000009 3.5000000000000004 29.500000000000004 503.51785714285717 430.01785714285717 489.50000000000006 22.451915975783592 496.87500000000006
decision_type=2 2 2 2 2 2 2 2 2 2 2 2 2 2
left_child=5 2 7 8 -5 6 -1 -2 -4 -10 -7 12 -12 -13
right_child=1 -3 3 4 -6 10 -8 -9 9 -11 11 13 -14 -15
leaf_value=0.040942703330746066 -0.1581236833875829 0.0028453837652057177 0.10285704960371111 -0.63058346124256359 0.067796657007673511 0.022306265344377608 -0.57113002952602177 -0.97728831140945349 0.17734566881106448 -0.89282438407341636 0.93538112349130886 0.57543825422014505 0.16379786998033524 -0.0008374028656232571
leaf_weight=52 11.000000000000002 2846 91 34 23 96 18 11.999999999999998 13.000000000000002 11.999999999999998 22 13.999999999999998 9.9999999999999982 56
leaf_count=52 11 2846 91 34 23 96 18 12 13 12 22 14 10 56
internal_value=-2.48018e-05 -0.00798744 -0.165284 -0.109416 -0.348781 0.090357 -0.116447 -0.585514 0.00820338 -0.336336 0.16347 0.296329 0.694261 0.114418
internal_weight=3310 3042 196 173 57 268 70 23 116 25 198 102 32 70
internal_count=3310 3042 196 173 57 268 70 23 116 25 198 102 32 70
is_linear=0
shrinkage=0.05


Tree=167
num_leaves=15
num_cat=0
split_feature=8 6 8 9 2 9 6 2 7 8 7 9 8 8
split_gain=944.838 1218.79 1467.44 4234.77 5155.19 6996.77 3238.15 2441.46 2231.81 3226.94 2158.02 2911.75 2315.9 4081.79
threshold=377.3035714285715 403.50000000000006 459.98214285714295 43.339666674662837 7.5000000000000009 46.241680175940424 487.50000000000006 4.5000000000000009 438.07142857142861 442.41071428571439 482.78571428571433 63.492026489893654 492.35714285714295 487.10714285714295
decision_type=2 2 2 2 2 2 2 2 2 2 2 2 2 2
left_child=-1 -2 3 6 5 -5 8 -7 -3 -10 11 12 13 -4
right_child=1 2 10 4 -6 7 -8 -9 9 -11 -12 -13 -14 -15
leaf_value=0.40986364781856538 -0.12013575064073152 -0.057188916413810867 -0.21962055362477573 1.8528092438524422 0.074833463011703016 0.099639542983925869 -0.89314052164554603 0.93710664383002706 0.75399463202642369 0.023171081410890276 0.0075916315275876599 0.36120304946716014 0.11162269009011133 -1.2568792572245002
leaf_weight=13.999999999999998 204 211 184 10.999999999999998 71 23 9.9999999999999982 13.999999999999998 23 44 2416 26 49 9.9999999999999982
leaf_count=14 204 211 184 11 71 23 10 14 23 44 2416 26 49 10
internal_value=-2.35607e-05 -0.00176459 0.00604515 0.094517 0.345423 0.745669 -0.00915577 0.416519 0.0226422 0.274051 -0.00736566 -0.141703 -0.195512 -0.273087
internal_weight=3310 3296 3092 407 119 48 288 37 278 67 2685 269 243 194
internal_count=3310 3296 3092 407 119 48 288 37 278 67 2685 269 243 194
is_linear=0
shrinkage=0.05


Tree=168
num_leaves=15
num_cat=0
split_feature=3 9 6 2 6 8 6 5 8 8 3 6 2 9
split_gain=970.619 6180.48 6159.64 12115.7 7358.33 6901.75 7475.67 4638.53 3140.13 4356.68 4412.44 2685.65 2619.93 2500.96
threshold=540.50000000000011 72.828482912098096 533.50000000000011 12.500000000000002 463.50000000000006 518.62500000000011 502.50000000000006 532.50000000000011 568.482142857143 549.19642857142867 502.50000000000006 557.50000000000011 8.5000000000000018 25.641807059735321
decision_type=2 2 2 2 2 2 2 2 2 2 2 2 2 2
left_child=1 8 3 4 -2 6 -6 -8 9 11 -11 -1 -10 -4
right_child=2 -3 13 -5 5 -7 7 -9 12 10 -12 -13 -14 -15
leaf_value=0.0047043745311487724 0.44744548201560974 1.2092269377274949 -0.50915989866480238 0.35990647518021218 -1.4414492249488831 -1.7995986130676773 -0.71538749201731233 0.77251139640808109 -1.1731438255310056 1.3182508889299172 0.094554320213330156 0.39263803621997007 -0.05492065277966586 0.0050689025184372299
leaf_weight=1481 9.9999999999999982 10.999999999999998 24 34 15.999999999999998 19 11.000000000000002 9.9999999999999982 10.000000000000002 13.000000000000002 17 46 10.999999999999998 1597
leaf_count=1481 10 11 24 34 16 19 11 10 10 13 17 46 11 1597
internal_value=-2.23839e-05 0.0281555 -0.0260391 -0.406884 -0.801898 -1.02499 -0.627225 -0.00686421 0.0199225 0.0281138 0.624823 0.0163907 -0.587408 -0.0025446
internal_weight=3310 1589 1721 100 66 56 37 21 1578 1557 30 1527 21 1621
internal_count=3310 1589 1721 100 66 56 37 21 1578 1557 30 1527 21 1621
is_linear=0
shrinkage=0.05


Tree=169
num_leaves=15
num_cat=1
split_feature=9 7 5 9 0 7 2 7 5 7 9 9 7 8
split_gain=906.445 5745.26 5733.09 8100.73 8018.45 7900.86 7534.17 7015.06 10599.1 7785.27 7840.98 6570.45 6074.29 5018.78
threshold=70.725564953814398 909.21428571428589 837.50000000000011 72.09905612075012 0 879.42857142857144 1.5000000000000002 891.357142857143 939.50000000000011 884.07142857142867 80.056279683440536 74.644020222023357 863.357142857143 836.69642857142878
decision_type=2 2 2 2 1 2 2 2 2 2 2 2 2 2
left_child=-1 2 4 -4 -2 6 -6 9 -9 10 12 -10 -5 -12
right_child=1 -3 3 7 5 -7 -8 8 11 -11 13 -13 -14 -15
leaf_value=0.011403370242588484 0.32450646392107013 0.32208684824227568 -1.5701965278635424 -0.41595980180634395 -1.7900270128250122 0.58293990187701727 -0.32539573572349689 -1.5393117868381998 -1.1835534968159416 0.67830077985237391 0.59563036666762448 0.28284665876626969 -1.7266777358271861 -0.24310500359251386
leaf_weight=2780 115 83 11.999999999999998 45 9.9999999999999982 21 72 23 10.999999999999998 29 31 25 10.999999999999998 42
leaf_count=2780 115 83 12 45 10 21 72 23 11 29 31 25 11 42
internal_value=-2.12638e-05 -0.0599467 -0.130884 -0.305595 0.0526435 -0.257407 -0.504009 -0.235663 -0.700883 -0.0619417 -0.228353 -0.16522 -0.673422 0.11307
internal_weight=3310 530 447 229 218 103 82 217 59 158 129 36 56 73
internal_count=3310 530 447 229 218 103 82 217 59 158 129 36 56 73
cat_boundaries=0 1
cat_threshold=148
is_linear=0
shrinkage=0.05


Tree=170
num_leaves=15
num_cat=0
split_feature=7 7 7 4 3 4 3 6 3 2 5 3 9 9
split_gain=890.474 3594.46 6009.32 2083.88 6426.05 3767.07 2966.65 2891.51 3682.37 2786.05 2902.56 2706.24 2316.44 5462.02
threshold=1067.5000000000002 1024.6428571428576 1022.2142857142859 1018.5000000000001 1015.5000000000001 997.50000000000011 1018.5000000000001 960.50000000000011 862.50000000000011 6.5000000000000009 975.00000000000011 1036.5000000000002 50.525643078199835 60.678107023219738
decision_type=2 2 2 2 2 2 2 2 2 2 2 2 2 2
left_child=1 2 3 4 5 7 -5 12 -9 -10 -11 -8 -1 -14
right_child=-2 -3 -4 6 -6 -7 11 8 9 10 -12 -13 13 -15
leaf_value=-0.03380962812216546 -0.17903951436935184 0.41614236765756057 -1.1695754322138698 1.0164372861385347 -0.94553974568843846 0.66932204351538704 -0.53620056672529726 -1.2179291960969569 0.18389216000559155 -1.2095102477073665 -0.12361599238356576 0.45924966699547237 0.17990651748317538 -0.02842101325125744
leaf_weight=1722 68 52 10.999999999999998 11.999999999999998 18 21 11.000000000000002 9.9999999999999982 27 10.000000000000002 15.999999999999998 18 522 792
leaf_count=1722 68 52 11 12 18 21 11 10 27 10 16 18 522 792
internal_value=2.88179e-05 0.00378472 -0.00293709 0.00109972 -0.00352758 0.00190711 0.355257 -0.00261555 -0.337891 -0.171847 -0.541268 0.0816651 0.00434176 0.0543392
internal_weight=3310 3242 3190 3179 3138 3120 41 3099 63 53 26 29 3036 1314
internal_count=3310 3242 3190 3179 3138 3120 41 3099 63 53 26 29 3036 1314
is_linear=0
shrinkage=0.05


Tree=171
num_leaves=15
num_cat=0
split_feature=9 9 4 4 9 7 4 9 1 5 7 4 5 7
split_gain=896.178 1808.47 1721.35 4696.66 2111.23 2517.55 1770.57 1446.51 1798.85 1347.96 2505.55 8208.83 3439.64 5443.11
threshold=24.563898590831165 28.322126376317161 950.50000000000011 610.50000000000011 27.673622175983166 487.21428571428578 431.50000000000006 19.239411503522174 4.5000000000000009 1058.5000000000002 908.50000000000011 958.50000000000011 935.50000000000011 905.357142857143
decision_type=2 2 2 2 2 2 2 2 2 2 2 2 2 2
left_child=7 2 3 4 -2 6 -6 8 -1 10 11 12 13 -3
right_child=1 9 -4 -5 5 -7 -8 -9 -10 -11 -12 -13 -14 -15
leaf_value=0.041440671983246621 -0.018687969815632529 -0.0067762816479429999 0.40134337704915268 -1.2476594671607018 -0.37027180443207414 -0.089807218518750426 -1.2484924749894577 0.15674864035429001 -0.53849341855384414 -0.21587847061995147 0.14280768980582556 -0.99321259338231327 0.26412056616993035 -0.85652892487613785
leaf_weight=52 121 2314 12.999999999999998 9.9999999999999982 12.000000000000002 29 10.999999999999998 198 18 69 306 21 117 19
leaf_count=52 121 2314 13 10 12 29 11 198 18 69 306 21 117 19
internal_value=2.73764e-05 -0.00769482 -0.154599 -0.194092 -0.133193 -0.399636 -0.79029 0.0876801 -0.107685 0.00242228 0.00784639 -0.00886674 -0.000429493 -0.0136967
internal_weight=3310 3042 196 183 173 52 23 268 70 2846 2777 2471 2450 2333
internal_count=3310 3042 196 183 173 52 23 268 70 2846 2777 2471 2450 2333
is_linear=0
shrinkage=0.05


Tree=172
num_leaves=15
num_cat=0
split_feature=3 7 7 3 8 8 2 6 7 6 8 2 6 3
split_gain=950.775 4481.58 3858.65 10438.8 6346.14 6054.06 7590.81 17193.4 9172.19 7081.23 6673.45 6242.99 7680.95 6234.85
threshold=892.50000000000011 838.50000000000011 791.50000000000011 698.50000000000011 829.28571428571433 866.71428571428589 4.5000000000000009 899.50000000000011 812.14285714285722 919.50000000000011 851.62500000000011 1.5000000000000002 894.50000000000011 784.50000000000011
decision_type=2 2 2 2 2 2 2 2 2 2 2 2 2 2
left_child=2 -2 4 -4 -1 6 7 8 -5 13 -10 -7 -13 -8
right_child=1 -3 3 5 -6 11 9 -9 10 -11 -12 12 -14 -15
leaf_value=-0.0076568490952303838 -0.77212011998607999 -0.029935177981888036 1.5321984731234037 -0.34243089437484742 -0.80906829237937927 -0.98976484144988819 0.50075398631660006 -0.71098779526849587 1.8354653149311031 1.2794138212998709 0.69924545455724008 -0.24425673904436188 0.50890872104370855 -0.098151409413819168
leaf_weight=2075 21 647 12.999999999999998 9.9999999999999982 25 19 56 18 28 11.999999999999998 24 121 47 194
leaf_count=2075 21 647 13 10 25 19 56 18 28 12 24 121 47 194
internal_value=2.60081e-05 -0.0532673 0.0135006 0.132442 -0.0171975 0.098043 0.223119 0.64941 1.04436 0.0929535 1.31106 -0.130705 -0.0335497 0.0360034
internal_weight=3310 668 2642 542 2100 529 342 80 62 262 52 187 168 250
internal_count=3310 668 2642 542 2100 529 342 80 62 262 52 187 168 250
is_linear=0
shrinkage=0.05


Tree=173
num_leaves=15
num_cat=0
split_feature=3 7 6 6 9 8 5 6 9 7 7 9 8 5
split_gain=900.4 6421.82 3996.44 4391.37 2961.77 2750.91 3423.15 5821.53 3888.36 4165.81 2863.2 2085.94 6578.43 4596.49
threshold=528.50000000000011 578.07142857142867 502.50000000000006 492.50000000000006 49.158150832113201 568.482142857143 549.50000000000011 520.50000000000011 54.503840221836548 495.78571428571433 549.92857142857156 83.997069588319064 829.28571428571433 955.50000000000011
decision_type=2 2 2 2 2 2 2 2 2 2 2 2 2 2
left_child=1 5 3 4 -2 6 10 -8 9 -9 -1 -4 -13 -14
right_child=2 -3 11 -5 -6 -7 7 8 -10 -11 -12 12 13 -15
leaf_value=0.0030682445544486948 -0.5980197015930625 1.0950409110103336 0.004727199736597981 -1.0083444087278275 0.28975615359487988 -0.73488049904505415 -0.42124457240104674 -0.41576466321945182 1.4438705627734845 0.88514354806393392 0.74861249533983376 0.70158543025746067 -0.54632686708546896 0.23155969512462615
leaf_weight=1371 17 13.999999999999998 1666 21 21 11.999999999999998 14.999999999999998 10.000000000000002 12.999999999999998 15.999999999999998 12.999999999999998 17 79 25
leaf_count=1371 17 14 1666 21 21 12 15 10 13 16 13 17 79 25
internal_value=2.4707e-05 0.0293079 -0.0231988 -0.428079 -0.107407 0.0190181 0.0253093 0.415857 0.73782 0.384794 0.0100712 -0.0098312 -0.21028 -0.359335
internal_weight=3310 1464 1846 59 38 1450 1438 54 39 26 1384 1787 121 104
internal_count=3310 1464 1846 59 38 1450 1438 54 39 26 1384 1787 121 104
is_linear=0
shrinkage=0.05


Tree=174
num_leaves=15
num_cat=0
split_feature=1 2 1 3 7 2 2 7 5 4 6 6 1 2
split_gain=898.717 4554.5 15976.7 19625.6 13020.7 3031.94 3948.32 2798.33 6616.23 2768.25 2034.49 2174.1 1987.43 3735.56
threshold=1.0000000180025095e-35 1.0000000180025095e-35 3.5000000000000004 795.50000000000011 526.357142857143 5.5000000000000009 13.500000000000002 885.07142857142867 549.50000000000011 574.50000000000011 498.50000000000006 475.50000000000006 2.5000000000000004 4.5000000000000009
decision_type=2 2 2 2 2 2 2 2 2 2 2 2 2 2
left_child=5 2 3 4 -2 -1 7 8 10 -10 11 -7 13 -3
right_child=1 12 -4 -5 -6 6 -8 -9 9 -11 -12 -13 -14 -15
leaf_value=0.25904025721762863 -1.1050245391695122 0.12465133099018465 0.71228350430727005 -2.8167746477506377 1.1239744472503663 -0.0077619079885811642 0.13923210963813795 0.24268510831253873 -1.3348122407283103 -0.5151890164766556 0.32070207603896661 -0.86271572411060338 0.028701138256067363 -0.11501845177555273
leaf_weight=140 19.000000000000004 210 20 10.999999999999998 9.9999999999999982 29 180 28 13.999999999999998 39 30 9.9999999999999982 1850 720
leaf_count=140 19 210 20 11 10 29 180 28 14 39 30 10 1850 720
internal_value=2.34721e-05 -0.0105753 -0.441576 -1.01851 -0.336404 0.0640674 -0.0186484 -0.208105 -0.311565 -0.731693 0.0111422 -0.226981 -0.00127317 -0.0608995
internal_weight=3310 2840 60 40 29 470 330 150 122 53 69 39 2780 930
internal_count=3310 2840 60 40 29 470 330 150 122 53 69 39 2780 930
is_linear=0
shrinkage=0.05


Tree=175
num_leaves=15
num_cat=1
split_feature=3 5 8 3 8 6 9 8 9 8 9 0 3 3
split_gain=922.291 4991.87 6621.69 8579.79 6352.16 6016.77 3541.04 7576.67 11066.6 5418.86 5800 7540.47 6311.23 10785.7
threshold=908.50000000000011 867.50000000000011 839.92857142857144 945.50000000000011 849.55357142857156 857.50000000000011 50.525643078199835 873.78571428571433 44.380270628234705 945.91071428571433 60.678107023219738 0 745.50000000000011 598.50000000000011
decision_type=2 2 2 2 2 2 2 2 2 2 2 1 2 2
left_child=6 2 -2 5 -3 -4 7 -1 -9 10 11 12 13 -8
right_child=1 4 3 -5 -6 -7 9 8 -10 -11 -12 -13 -14 -15
leaf_value=-0.019381580961868969 0.32653100259209933 -1.2501315450668335 -2.3100744628906242 0.049604079921386747 0.023266485264281184 -0.79486022246511367 0.7716349178975499 -0.15652667858770913 -2.1774452257156374 0.76835995391011247 -0.035919779900751722 0.073235315366772843 1.7915483951568605 -0.44815956956396508
leaf_weight=1635 19 9.9999999999999982 10.000000000000002 19 474 19 74 21.000000000000004 9.9999999999999982 28 616 341 9.9999999999999982 24
leaf_count=1635 19 10 10 19 474 19 74 21 10 28 616 341 10 24
internal_value=2.22982e-05 -0.0590372 -0.46353 -0.776263 -0.00304339 -1.31735 0.0118171 -0.0340639 -0.808436 0.0817509 0.0636992 0.20037 0.544582 0.47291
internal_weight=3310 551 67 48 484 29 2759 1666 31 1093 1065 449 108 98
internal_count=3310 551 67 48 484 29 2759 1666 31 1093 1065 449 108 98
cat_boundaries=0 1
cat_threshold=384
is_linear=0
shrinkage=0.05


Tree=176
num_leaves=15
num_cat=0
split_feature=3 6 8 9 8 9 8 7 7 4 7 5 3 5
split_gain=893.117 4295.03 2167.03 3353.78 3762.6 5003.08 3081.62 2935.67 3552.63 2612.56 2151.19 3916.68 2726.41 2473.95
threshold=407.50000000000006 477.50000000000006 430.01785714285717 27.480344038279341 398.66071428571439 29.715023532008868 453.07142857142861 449.50000000000006 428.4285714285715 477.50000000000006 463.64285714285717 486.50000000000006 468.50000000000006 470.50000000000006
decision_type=2 2 2 2 2 2 2 2 2 2 2 2 2 2
left_child=1 -1 3 -2 -5 -6 7 8 -4 -10 11 12 -8 -14
right_child=2 -3 6 4 5 -7 10 -9 9 -11 -12 -13 13 -15
leaf_value=0.034034242109338725 0.0056188759719521773 0.85988761782646184 -0.27934084713459012 0.18143256777211239 -1.6465836191177368 -0.41496272842756454 -0.26043495339900258 -0.11347333733972752 0.71425134853592942 -0.098715249697367349 0.003333648595231475 0.047486701861805758 -1.5085097217559811 -0.42188655761155219
leaf_weight=213 108 17 14.999999999999998 19 9.9999999999999982 47 50 38 56 11.999999999999998 2623 81 10.000000000000002 10.999999999999998
leaf_count=213 108 17 15 19 10 47 50 38 56 12 2623 81 10 11
internal_value=3.22463e-05 0.0950756 -0.00706515 -0.173451 -0.427919 -0.631037 0.00350635 0.250507 0.417149 0.570787 -0.00726379 -0.190139 -0.461234 -0.939326
internal_weight=3310 230 3080 184 76 57 2896 121 83 68 2775 152 71 21
internal_count=3310 230 3080 184 76 57 2896 121 83 68 2775 152 71 21
is_linear=0
shrinkage=0.05


Tree=177
num_leaves=15
num_cat=1
split_feature=8 6 3 5 3 2 3 3 9 2 0 2 5 9
split_gain=858.629 1107.55 2940.54 4269.72 2542.04 4086.3 3269.48 2043.99 1646.65 1580.11 1062.15 3038.32 7616.7 3073.71
threshold=377.3035714285715 403.50000000000006 426.50000000000006 397.50000000000006 380.50000000000006 7.5000000000000009 367.00000000000006 380.50000000000006 42.677314506569765 2.5000000000000004 0 1.0000000180025095e-35 539.50000000000011 47.140020709773076
decision_type=2 2 2 2 2 2 2 2 2 2 1 2 2 2
left_child=-1 2 7 -4 5 6 -3 -2 -5 -9 11 12 -6 -13
right_child=1 4 3 8 10 -7 -8 9 -10 -11 -12 13 -14 -15
leaf_value=0.39077111397470748 -0.27069680629407661 0.22955706630434305 -1.275308362642924 -0.72463320378214124 0.026935260404240005 -0.26952471772829695 1.3307304547383236 0.54137501981523306 0.034529841884970665 0.027226310794834386 0.023571092899727152 0.057447340554031348 -1.5844627666202458 -0.10773359675911945
leaf_weight=13.999999999999998 51 14.000000000000002 11.999999999999998 9.9999999999999982 22 14.999999999999998 12.999999999999998 18 25 88 1890 575 10.999999999999998 552
leaf_count=14 51 14 12 10 22 15 13 18 25 88 1890 575 11 552
internal_value=3.06342e-05 -0.00162906 -0.114469 -0.461421 0.00581574 0.392153 0.759752 -0.0106043 -0.182374 0.114535 0.000495684 -0.0369857 -0.510197 -0.0234576
internal_weight=3310 3296 204 47 3092 42 27 157 35 106 3050 1160 33 1127
internal_count=3310 3296 204 47 3092 42 27 157 35 106 3050 1160 33 1127
cat_boundaries=0 1
cat_threshold=90
is_linear=0
shrinkage=0.05


Tree=178
num_leaves=15
num_cat=0
split_feature=3 7 9 8 9 7 9 8 6 5 9 9 2 6
split_gain=843.664 5129.73 3334.97 3703.88 3300.79 7001.6 5872.06 4852.88 5647.91 5336.05 7984.69 6782.94 6498.95 4946.91
threshold=908.50000000000011 849.71428571428589 48.238864064784934 1051.8750000000002 50.525643078199835 870.42857142857156 45.045880444656717 945.91071428571433 963.50000000000011 901.50000000000011 74.867943239224758 78.126598187673508 14.500000000000002 927.50000000000011
decision_type=2 2 2 2 2 2 2 2 2 2 2 2 2 2
left_child=4 -2 3 -3 5 -1 -7 8 9 -6 12 -12 13 -11
right_child=1 2 -4 -5 7 6 -8 -9 -10 10 11 -13 -14 -15
leaf_value=-0.017968208009904167 -0.86372622000543697 0.42837199323287573 -0.10134833165656634 -0.092711792566115045 0.040590854746567484 -0.10331399664282799 -1.3991153947570745 0.72859673298163607 -0.87057396778836849 2.3107932066917409 -0.99209040397157278 0.34579665190643738 -0.011400179971348156 0.89316118732094774
leaf_weight=1631 19 73 395 64 955 18 17 28 15.999999999999998 10.000000000000002 11.999999999999998 45 10.999999999999998 15.999999999999998
leaf_count=1631 19 73 395 64 955 18 17 28 16 10 12 45 11 16
internal_value=3.26633e-05 -0.0564533 -0.0276222 0.184946 0.0113135 -0.0329837 -0.732703 0.0788332 0.0617502 0.0759706 0.435414 0.0641362 1.00738 1.4384
internal_weight=3310 551 532 137 2759 1666 35 1093 1065 1049 94 57 37 26
internal_count=3310 551 532 137 2759 1666 35 1093 1065 1049 94 57 37 26
is_linear=0
shrinkage=0.05


Tree=179
num_leaves=15
num_cat=0
split_feature=1 2 1 3 9 2 2 7 5 4 9 6 4 9
split_gain=823.92 3949.33 14332 17382 13530.5 2687.18 3559.9 2521.46 6011.48 3243.9 2177.7 1792.69 1780.39 2063.19
threshold=1.0000000180025095e-35 1.0000000180025095e-35 3.5000000000000004 795.50000000000011 60.910192745403656 5.5000000000000009 13.500000000000002 885.07142857142867 554.50000000000011 574.50000000000011 79.599626371562394 956.50000000000011 498.50000000000006 42.482286633176834
decision_type=2 2 2 2 2 2 2 2 2 2 2 2 2 2
left_child=5 2 3 4 -2 10 7 8 12 -10 -1 -9 13 -7
right_child=1 -3 -4 -5 -6 6 -8 11 9 -11 -12 -13 -14 -15
leaf_value=0.1873208291655363 -1.0994844330768834 -0.0014549970299402495 0.68139130711555485 -2.650248355215246 1.1727289044857026 0.083708743378520023 0.1333944575721398 0.66124416131239661 -1.4276289900143944 -0.48754716439124862 0.92021609544754035 -0.14095798412958779 0.27151973600866219 -0.66250036582350735
leaf_weight=129 19.000000000000004 2780 20 10.999999999999998 9.9999999999999982 22 180 13.000000000000002 11.999999999999998 39 10.999999999999998 14.999999999999998 33 15.999999999999998
leaf_count=129 19 2780 20 11 10 22 180 13 12 39 11 15 33 16
internal_value=3.10298e-05 -0.0101172 -0.411464 -0.957891 -0.315963 0.061352 -0.0165192 -0.196416 -0.294624 -0.708743 0.244905 0.231493 0.00284138 -0.230485
internal_weight=3310 2840 60 40 29 470 330 150 122 51 140 28 71 38
internal_count=3310 2840 60 40 29 470 330 150 122 51 140 28 71 38
is_linear=0
shrinkage=0.05


Tree=180
num_leaves=15
num_cat=0
split_feature=3 5 4 4 5 2 6 4 2 6 7 2 8 6
split_gain=831.449 4556.67 3843.74 4481.17 4100.32 3700.1 2996.82 2508.6 4310.41 5573.85 3034.22 2444.69 2227.35 2197.79
threshold=470.50000000000006 549.50000000000011 477.50000000000006 475.50000000000006 431.50000000000006 2.5000000000000004 530.50000000000011 453.50000000000006 4.5000000000000009 457.50000000000006 488.64285714285717 1.0000000180025095e-35 473.21428571428578 490.50000000000006
decision_type=2 2 2 2 2 2 2 2 2 2 2 2 2 2
left_child=1 6 3 4 -2 -6 7 11 9 -9 12 -1 -11 -10
right_child=2 -3 -4 -5 5 -7 -8 8 13 10 -12 -13 -14 -15
leaf_value=-0.69382934134740104 -1.114158609238538 0.7892416143417359 0.00060258078089882837 -1.2915517461299897 0.44856016958753275 -0.24934967206074643 -0.79445185363292703 1.5802989569577306 -0.058206663355563903 0.45307452030041634 1.0700862216949465 -0.00040629032677962676 -0.3985658590282713 0.38626723990247058
leaf_weight=12.999999999999998 10.999999999999998 20 2358 9.9999999999999982 24 91 10.999999999999998 10.999999999999998 112 17.000000000000004 9.9999999999999982 571 13.999999999999998 37
leaf_count=13 11 20 2358 10 24 91 11 11 112 17 10 571 14 37
internal_value=2.94783e-05 0.0438399 -0.0143046 -0.272769 -0.191914 -0.103699 0.0251112 0.0365955 0.188951 0.580894 0.312761 -0.0158421 0.0684627 0.0521661
internal_weight=3310 816 2494 136 126 115 796 785 201 52 41 584 31 149
internal_count=3310 816 2494 136 126 115 796 785 201 52 41 584 31 149
is_linear=0
shrinkage=0.05


Tree=181
num_leaves=15
num_cat=0
split_feature=3 7 7 3 8 8 2 6 7 6 9 3 2 6
split_gain=805.668 3616.53 3604.48 8591.22 5664.22 5376.65 6893.95 15108.6 7754.64 6711.4 6542.29 6033.8 5301.69 6379.54
threshold=892.50000000000011 838.50000000000011 791.50000000000011 698.50000000000011 829.28571428571433 866.71428571428589 4.5000000000000009 908.50000000000011 812.14285714285722 872.50000000000011 77.268830068254616 795.50000000000011 1.5000000000000002 894.50000000000011
decision_type=2 2 2 2 2 2 2 2 2 2 2 2 2 2
left_child=2 -2 4 -4 -1 6 7 8 -5 11 -10 -8 -7 -14
right_child=1 -3 3 5 -6 12 9 -9 10 -11 -12 -13 13 -15
leaf_value=-0.0082245447187998654 -0.69478918612003326 -0.028070546382350112 1.3972431549659143 -0.29983851850032806 -0.76535505604743959 -0.91103996532528031 0.34497911868170955 -0.70245920875493217 1.502496372943833 0.61762231554912062 0.13271278468045322 -0.21954430966756086 -0.22188532360452268 0.46451543823201602
leaf_weight=2075 21 647 12.999999999999998 9.9999999999999982 25 19 71 17 42 49 10.999999999999998 142 121 47
leaf_count=2075 21 647 13 10 25 19 71 17 42 49 11 142 121 47
internal_value=2.80047e-05 -0.0490303 0.0124318 0.127389 -0.017238 0.0961825 0.214053 0.620306 0.977243 0.0900066 1.2182 -0.0313698 -0.119389 -0.0298565
internal_weight=3310 668 2642 542 2100 529 342 80 63 262 53 213 187 168
internal_count=3310 668 2642 542 2100 529 342 80 63 262 53 213 187 168
is_linear=0
shrinkage=0.05


Tree=182
num_leaves=15
num_cat=1
split_feature=2 3 6 9 4 2 2 1 2 1 2 8 8 0
split_gain=807.469 2060.09 8247.69 17123.1 5464.91 2155.45 1934.15 4109.56 5988.27 12101.9 3167.83 3015.17 3333.65 2135.11
threshold=20.500000000000004 1009.5000000000001 1029.5000000000002 65.23332146115176 1015.5000000000001 1.5000000000000002 26.500000000000004 3.5000000000000004 23.500000000000004 1.0000000180025095e-35 24.500000000000004 1004.1428571428572 1036.3750000000002 0
decision_type=2 2 2 2 2 2 2 2 2 2 2 2 2 1
left_child=1 4 3 -3 -1 -4 7 8 9 -2 -9 13 -13 -8
right_child=6 2 5 -5 -6 -7 11 10 -10 -11 -12 12 -14 -15
leaf_value=-0.0077697641048963921 0.15142977113525075 -2.6176575827598563 0.67729324340820318 0.18378454645474751 1.0617856244246164 -0.097366561893035067 -0.19032755944668162 -0.2701943354184429 0.045670394200327188 1.7392676615715026 0.45642178177833559 1.0438401182847361 -0.028961941599845886 0.039523447241874475
leaf_weight=2518 30 10.000000000000002 9.9999999999999982 11.999999999999998 11.999999999999998 88 141 60 60 20 20 14.000000000000002 14.999999999999998 300
leaf_count=2518 30 10 10 12 12 88 141 60 60 20 20 14 15 300
internal_value=2.66044e-05 -0.0122979 -0.214721 -1.0896 -0.00269677 -0.0183196 0.0495112 0.184133 0.382441 0.786565 -0.0885403 -0.00491034 0.488943 -0.0373859
internal_weight=3310 2650 120 22 2530 98 660 190 110 50 80 470 29 441
internal_count=3310 2650 120 22 2530 98 660 190 110 50 80 470 29 441
cat_boundaries=0 1
cat_threshold=268
is_linear=0
shrinkage=0.05


Tree=183
num_leaves=15
num_cat=0
split_feature=1 1 2 2 2 3 2 6 6 3 3 8 7 4
split_gain=816.519 2508.23 4689.13 2435.18 7611.52 8759.48 5715.19 3752.58 3048.24 8519.69 2262.58 2578.24 14974.5 7019.79
threshold=5.5000000000000009 4.5000000000000009 1.5000000000000002 8.5000000000000018 11.500000000000002 858.50000000000011 7.5000000000000009 886.50000000000011 479.50000000000006 473.50000000000006 413.50000000000006 864.50000000000011 821.14285714285722 484.50000000000006
decision_type=2 2 2 2 2 2 2 2 2 2 2 2 2 2
left_child=1 -1 -3 6 5 8 7 10 9 -5 -4 12 13 -12
right_child=-2 2 3 4 -6 -7 -8 -9 -10 -11 11 -13 -14 -15
leaf_value=0.01082519546506793 0.061047406476040546 -0.86474905252456669 -0.36478049101737831 -0.15596495858677056 -0.033575659940252078 -2.0265597295761109 1.2171837663650513 -0.71781071810161379 0.13843221979982712 -1.9041002035140993 0.33648801774463877 -0.27459999939491014 1.9216351235906286 -0.58594571600357692
leaf_weight=2370 470 20 26 23 200 9.9999999999999982 9.9999999999999982 17 17 9.9999999999999982 66 29 11.999999999999998 30
leaf_count=2370 470 20 26 23 200 10 10 17 17 10 66 29 12 30
internal_value=2.49471e-06 -0.0101 -0.115616 -0.0823217 -0.181752 -0.675674 0.0537412 -0.0108945 -0.405497 -0.685703 0.0628329 0.143986 0.256384 0.0482275
internal_weight=3310 2840 470 450 260 60 190 180 50 33 163 137 108 96
internal_count=3310 2840 470 450 260 60 190 180 50 33 163 137 108 96
is_linear=0
shrinkage=0.05


Tree=184
num_leaves=15
num_cat=2
split_feature=0 2 9 4 7 8 7 8 9 2 4 8 8 0
split_gain=790.088 2657.97 7046.78 23213.5 2401.5 2005.64 1944.55 3720.35 8478.77 5904.93 4584.94 3823.89 8591.96 4866.59
threshold=0 1.0000000180025095e-35 61.387904886638701 549.50000000000011 435.9285714285715 473.21428571428578 514.64285714285722 525.14285714285722 39.432972046020502 4.5000000000000009 556.50000000000011 839.92857142857144 843.607142857143 1
decision_type=1 2 2 2 2 2 2 2 2 2 2 2 2 1
left_child=6 2 3 4 -2 -6 -1 8 -8 -10 -11 13 -13 -9
right_child=1 -3 -4 -5 5 -7 7 11 9 10 -12 12 -14 -15
leaf_value=0.21604775538866036 -0.64318015575408938 -0.0097989739410614032 0.86391087651252763 -2.7447539937496188 0.69087548156579315 -0.16424050405621529 0.12302357420115405 0.45020666309024976 -0.0221858000826268 -0.66228395278255148 -1.828180903941393 -1.0938791240255037 0.011017299478139987 0.01733793339159103
leaf_weight=127 11.999999999999998 1926 9.9999999999999982 9.9999999999999982 12.000000000000002 15.999999999999998 71 105 21 24 12.999999999999998 18 782 163
leaf_count=127 12 1926 10 10 12 16 71 105 21 24 13 18 782 163
internal_value=2.36974e-06 -0.0199082 -0.347732 -0.590061 -0.0513876 0.202238 0.0297936 0.0102812 -0.243352 -0.691846 -1.07192 0.0409166 -0.0138429 0.204378
internal_weight=3310 1986 60 50 40 28 1324 1197 129 58 37 1068 800 268
internal_count=3310 1986 60 50 40 28 1324 1197 129 58 37 1068 800 268
cat_boundaries=0 1 2
cat_threshold=165 132
is_linear=0
shrinkage=0.05


Tree=185
num_leaves=15
num_cat=0
split_feature=3 6 8 9 7 9 8 3 7 9 2 4 8 7
split_gain=789.635 3635.36 1903.49 2914.77 3369.14 4160.35 2791.78 2582.16 3232.83 2513.43 2458.48 2956.37 2049.01 1983.98
threshold=407.50000000000006 477.50000000000006 430.01785714285717 27.480344038279341 416.50000000000006 35.190965606191348 453.07142857142861 477.50000000000006 428.4285714285715 40.774179473681173 4.5000000000000009 450.50000000000006 442.91071428571439 451.57142857142861
decision_type=2 2 2 2 2 2 2 2 2 2 2 2 2 2
left_child=1 -1 3 -2 9 -6 7 8 -4 -5 11 -10 -12 -8
right_child=2 -3 6 4 5 -7 13 -9 10 -11 12 -13 -14 -15
leaf_value=0.033282213129033227 0.004397533782671585 0.79307182369863294 -0.26581071813901269 -0.31698547585142978 -1.3794527019773213 -0.35533019648317032 -0.29378812030210333 -0.096515605999873244 0.39980376958847036 0.67167322278022779 0.60995180536610194 1.5590297568928113 -0.078748689260747698 -0.00071284874083576467
leaf_weight=213 108 17 14.999999999999998 18.000000000000004 13.999999999999998 34 59 39 11.000000000000002 9.9999999999999982 27 10.999999999999998 18 2716
leaf_count=213 108 17 15 18 14 34 59 39 11 10 27 11 18 2716
internal_value=7.28763e-05 0.0894406 -0.00660069 -0.162542 -0.399771 -0.654033 0.00330716 0.238406 0.397698 0.0361069 0.546245 0.979417 0.334472 -0.006944
internal_weight=3310 230 3080 184 76 48 2896 121 82 28 67 22 45 2775
internal_count=3310 230 3080 184 76 48 2896 121 82 28 67 22 45 2775
is_linear=0
shrinkage=0.05


Tree=186
num_leaves=15
num_cat=1
split_feature=8 0 8 6 3 8 5 7 2 5 4 2 6 6
split_gain=796.195 1059.09 3229.29 2312.48 5507.65 3139.14 2158.49 1993.4 4671.7 2314.96 1967.27 2266.87 2051.67 1867.26
threshold=377.3035714285715 0 502.23214285714295 447.50000000000006 477.50000000000006 454.01785714285717 496.50000000000006 420.35714285714295 2.5000000000000004 472.50000000000006 450.50000000000006 12.500000000000002 364.50000000000006 375.50000000000006
decision_type=2 1 2 2 2 2 2 2 2 2 2 2 2 2
left_child=-1 2 3 4 10 7 -7 -5 -9 -10 12 -12 -2 -14
right_child=1 -3 -4 5 -6 6 -8 8 9 -11 11 -13 13 -15
leaf_value=0.37633543567998068 -0.63098268386508738 0.012619608929457155 -0.65437931648709569 -0.29217013012279164 -0.96063496972385209 -0.29903576576375757 0.050099141792678104 1.4308690679073335 0.03387894346991456 0.70982314069804398 -0.92792435671601958 0.031238995221528138 0.51360200392082334 -0.044630701532389259
leaf_weight=13.999999999999998 13.999999999999998 2642 22 10.999999999999998 19 58 187 9.9999999999999982 38 19 14.000000000000002 10.999999999999998 15.999999999999998 235
leaf_count=14 14 2642 22 11 19 58 187 10 38 19 14 11 16 235
internal_value=6.92329e-05 -0.00152899 -0.0579921 -0.0381494 -0.135934 0.0553973 -0.0325532 0.331652 0.434071 0.259194 -0.0819022 -0.505892 -0.0419032 -0.00904615
internal_weight=3310 3296 654 632 309 323 245 78 67 57 290 25 265 251
internal_count=3310 3296 654 632 309 323 245 78 67 57 290 25 265 251
cat_boundaries=0 1
cat_threshold=80
is_linear=0
shrinkage=0.05


Tree=187
num_leaves=15
num_cat=1
split_feature=3 5 9 0 6 6 9 2 4 8 8 6 2 2
split_gain=775.934 4537.79 7722.03 3806.91 6581.73 3461.12 3264.86 3086.45 2963.06 2064.59 1800.9 2839.36 7610.66 13777.1
threshold=528.50000000000011 549.50000000000011 69.864881788912342 0 502.50000000000006 520.50000000000011 70.42155264556304 12.500000000000002 509.50000000000006 495.5535714285715 504.23214285714295 533.50000000000011 12.500000000000002 4.5000000000000009
decision_type=2 2 2 1 2 2 2 2 2 2 2 2 2 2
left_child=1 -1 5 4 -2 -3 7 9 -7 -6 -5 12 13 -12
right_child=3 2 -4 10 6 8 -8 -9 -10 -11 11 -13 -14 -15
leaf_value=0.0084304799037968874 -1.3101938443524499 -0.68365378499031071 1.4768926228795733 0.37748121093102405 -1.2340678143501282 -0.38902205139398577 0.27811650808359828 -0.024813974791384759 0.60480260896186033 -0.42661783385433649 0.13575995945930483 0.0074540369461369368 0.31533044836213514 -1.5413879574276508
leaf_weight=1400 13.999999999999998 9.9999999999999982 13.999999999999998 31 9.9999999999999982 9.9999999999999982 31 47 30 38 25 1595 31 24
leaf_count=1400 14 10 14 31 10 10 31 47 30 38 25 1595 31 24
internal_value=6.76774e-05 0.0272517 0.438966 -0.021491 -0.26293 0.148346 -0.167435 -0.312825 0.356346 -0.594837 -0.000135759 -0.0071253 -0.297801 -0.6857
internal_weight=3310 1464 64 1846 140 50 126 95 40 48 1706 1675 80 49
internal_count=3310 1464 64 1846 140 50 126 95 40 48 1706 1675 80 49
cat_boundaries=0 1
cat_threshold=18
is_linear=0
shrinkage=0.05


Tree=188
num_leaves=15
num_cat=0
split_feature=5 9 7 3 4 5 3 7 6 3 9 6 3 4
split_gain=771.033 2302 1814.22 8109.02 4125.49 2746.76 2169.41 2174.47 2381.71 2014.16 1876.63 5488.57 15604.8 7257.87
threshold=1058.5000000000002 52.688097736869928 966.07142857142867 1015.5000000000001 1015.5000000000001 911.50000000000011 980.50000000000011 971.64285714285722 945.50000000000011 945.50000000000011 70.725564953814398 872.50000000000011 857.50000000000011 867.50000000000011
decision_type=2 2 2 2 2 2 2 2 2 2 2 2 2 2
left_child=2 -2 3 4 10 9 -7 -8 -9 -4 11 -1 13 -13
right_child=1 -3 5 -5 -6 6 7 8 -10 -11 -12 12 -14 -15
leaf_value=-0.012308451871176627 -0.0072186259846938293 -0.6701628508813241 0.14306175962090489 -1.2502772175348724 0.92639583150545757 0.83683940937121715 0.89228134155273442 -0.57430962297049437 0.21037241080077368 -0.86047253123018896 -0.093088077974053593 0.52338323990503932 0.10671365349454449 2.2286105357683623
leaf_weight=2286 57 17 10.000000000000002 12.999999999999998 11.999999999999998 14.999999999999998 9.9999999999999982 10.999999999999998 80 9.9999999999999982 482 12.000000000000002 282 12.999999999999998
leaf_count=2286 57 17 10 13 12 15 10 11 80 10 482 12 282 13
internal_value=6.42935e-05 -0.159517 0.00371355 -0.00412795 0.00111985 0.182454 0.275757 0.192428 0.115521 -0.358705 -0.00249099 0.0143497 0.212853 1.4101
internal_weight=3310 74 3236 3100 3087 136 116 101 91 20 3075 2593 307 25
internal_count=3310 74 3236 3100 3087 136 116 101 91 20 3075 2593 307 25
is_linear=0
shrinkage=0.05


Tree=189
num_leaves=15
num_cat=1
split_feature=3 5 8 7 8 3 8 4 9 0 2 3 8 2
split_gain=805.28 8706.12 5580.52 11901.5 6243.31 7511.39 4504.21 4263.99 3590.4 4456.03 5851.75 13766 7410.67 10214.1
threshold=818.50000000000011 796.50000000000011 836.69642857142878 812.14285714285722 898.17857142857156 731.50000000000011 847.87500000000011 821.50000000000011 47.945009898987202 0 9.5000000000000018 910.50000000000011 835.66071428571433 3.5000000000000004
decision_type=2 2 2 2 2 2 2 2 2 1 2 2 2 2
left_child=1 -1 3 7 5 -4 -7 -3 -2 10 11 12 13 -10
right_child=8 2 4 -5 -6 6 -8 -9 9 -11 -12 -13 -14 -15
leaf_value=-0.0084552228704408219 0.13803288500247288 0.76281928649315478 -1.2349700169129807 1.9841660435001058 1.3009319543838502 1.1548147070407868 -0.0057224640074898213 -0.23828988571961723 0.13085460186004635 -0.033832421381103657 -0.072440679297980037 -2.1914021345285271 0.36204208668321369 -2.1290257930755616
leaf_weight=2157 227 26 10.999999999999998 14.999999999999998 9.9999999999999982 9.9999999999999982 51 18 10.000000000000002 666 66 12.999999999999998 20 9.9999999999999982
leaf_count=2157 227 26 11 15 10 10 51 18 10 666 66 13 20 10
internal_value=6.10799e-05 0.0164272 0.397075 0.767908 0.130255 -0.0323385 0.18453 0.353275 -0.0371022 -0.0877464 -0.356668 -0.777908 -0.318522 -0.999086
internal_weight=3310 2298 141 59 82 72 61 44 1012 785 119 53 40 20
internal_count=3310 2298 141 59 82 72 61 44 1012 785 119 53 40 20
cat_boundaries=0 1
cat_threshold=8
is_linear=0
shrinkage=0.05


Tree=190
num_leaves=15
num_cat=0
split_feature=1 2 1 3 9 2 9 9 2 2 3 5 9 5
split_gain=769.004 3304.6 12898.2 14700.3 11225.6 2284.72 2958.5 2011.7 1993.15 7852.74 3261.85 4165.63 3356.56 1920.47
threshold=1.0000000180025095e-35 1.0000000180025095e-35 3.5000000000000004 795.50000000000011 60.910192745403656 5.5000000000000009 81.069353086829793 79.599626371562394 9.5000000000000018 7.5000000000000009 927.50000000000011 546.50000000000011 48.709849817058803 502.50000000000006
decision_type=2 2 2 2 2 2 2 2 2 2 2 2 2 2
left_child=5 2 3 4 -2 7 8 -1 9 10 11 13 -13 -7
right_child=1 -3 -4 -5 -6 6 -8 -9 -10 -11 -12 12 -14 -15
leaf_value=0.17319940066961356 -1.0185886659120258 -0.0018276167952618061 0.65987019751220943 -2.451597161726518 1.0510616278648377 -0.10711937182479435 -0.78318366010983786 0.87760745612057767 0.1063432614545205 -1.4926721858978274 0.5863471157020993 0.11016386921207111 -0.92140138006728634 0.55962961003598244
leaf_weight=129 19.000000000000004 2780 20 10.999999999999998 9.9999999999999982 27 11.999999999999998 10.999999999999998 210 9.9999999999999982 18 11.999999999999998 23 18
leaf_count=129 19 2780 20 11 10 27 12 11 210 10 18 12 23 18
internal_value=5.2915e-05 -0.00975124 -0.376879 -0.895253 -0.304916 0.059295 -0.0125083 0.228546 0.0165738 -0.157978 -0.0217848 -0.158614 -0.567722 0.15958
internal_weight=3310 2840 60 40 29 470 330 140 318 108 98 80 35 45
internal_count=3310 2840 60 40 29 470 330 140 318 108 98 80 35 45
is_linear=0
shrinkage=0.05


Tree=191
num_leaves=15
num_cat=1
split_feature=5 9 7 7 9 4 5 9 9 4 5 5 5 0
split_gain=755.904 2018.65 1614.3 3913.3 18366.9 5359.57 2451.8 4355.14 2262.93 5423.39 4773.7 9163.53 5499.91 8420.53
threshold=1058.5000000000002 52.688097736869928 966.07142857142867 960.21428571428589 64.774410078004124 1015.5000000000001 929.50000000000011 63.492026489893654 70.725564953814398 958.50000000000011 935.50000000000011 931.50000000000011 842.50000000000011 0
decision_type=2 2 2 2 2 2 2 2 2 2 2 2 2 1
left_child=2 -2 3 5 -5 8 7 -4 -1 10 11 12 13 -10
right_child=1 -3 6 4 -6 -7 -8 -9 9 -11 -12 -13 -14 -15
leaf_value=0.015234420058832219 -0.015340005815551991 -0.63614429612370105 -1.0812947517633436 -2.2645044537633647 0.58572578109227702 0.97719304050718037 0.28036435783012875 0.22011490116516749 0.32752502736926992 -0.66805115326856956 0.28880466505245544 -1.5527435416525062 -0.36835787236963496 -0.25046113906580897
leaf_weight=2581 57 17 10.000000000000002 10.000000000000002 12.999999999999998 13.999999999999998 108 18 121 39 83 10.999999999999998 116 112
leaf_count=2581 57 17 10 10 13 14 108 18 121 39 83 11 116 112
internal_value=5.02686e-05 -0.157957 0.00366354 -0.00373331 -0.653505 0.00112361 0.172268 -0.244674 -0.00333769 -0.102787 -0.0530234 -0.131834 -0.0870487 0.0530022
internal_weight=3310 74 3236 3100 23 3077 136 28 3063 482 443 360 349 233
internal_count=3310 74 3236 3100 23 3077 136 28 3063 482 443 360 349 233
cat_boundaries=0 1
cat_threshold=148
is_linear=0
shrinkage=0.05


Tree=192
num_leaves=15
num_cat=0
split_feature=8 4 3 4 8 2 3 6 9 8 9 8 6 9
split_gain=719.888 976.852 957.894 3021.63 2527.52 2624.8 2350.5 3486.16 2042.23 1717.18 2729.34 3086.56 4218.85 8455.09
threshold=377.3035714285715 350.00000000000006 407.50000000000006 491.50000000000006 455.01785714285717 7.5000000000000009 384.50000000000006 429.50000000000006 51.550790831784788 430.01785714285717 27.480344038279341 398.66071428571439 447.50000000000006 42.037705089474208
decision_type=2 2 2 2 2 2 2 2 2 2 2 2 2 2
left_child=-1 -2 3 4 5 6 7 -3 -6 10 -4 -12 13 -13
right_child=1 2 9 -5 8 -7 -8 -9 -10 -11 11 12 -14 -15
leaf_value=0.35784101826804027 -0.31928805684049927 0.325613174173567 0.0030139951971014621 0.91166699691252284 -0.62741695406536269 -0.031088238623407149 0.14100559689104558 1.4899705868959428 0.041422507345676429 0.0032185526439511346 0.21804382354021073 -1.7495800837874413 0.012849962767213584 -0.20750531226396562
leaf_weight=13.999999999999998 24 18.000000000000004 108 10.999999999999998 21 81 39 9.9999999999999982 25 2887 15.999999999999998 15.999999999999998 20 20
leaf_count=14 24 18 108 11 21 81 39 10 25 2887 16 16 20 20
internal_value=5.93971e-05 -0.00146031 0.000870948 0.105512 0.0598022 0.160418 0.39194 0.741455 -0.263917 -0.00612332 -0.155957 -0.394412 -0.5694 -0.892872
internal_weight=3310 3296 3272 205 194 148 67 28 46 3067 180 72 56 36
internal_count=3310 3296 3272 205 194 148 67 28 46 3067 180 72 56 36
is_linear=0
shrinkage=0.05


Tree=193
num_leaves=15
num_cat=2
split_feature=3 7 0 2 7 2 8 0 8 2 8 5 7 3
split_gain=717.133 6122.6 2755.96 6002.82 14163.2 4165.24 3454.43 3102.16 5671.75 4396.95 9572.59 6466.16 4374.03 2775.02
threshold=511.50000000000006 549.92857142857156 0 12.500000000000002 585.357142857143 1.0000000180025095e-35 611.00000000000011 1 566.62500000000011 6.5000000000000009 549.19642857142867 593.50000000000011 528.14285714285722 818.50000000000011
decision_type=2 2 1 2 2 2 2 1 2 2 2 2 2 2
left_child=1 -1 3 4 5 -2 -5 8 9 10 -7 -11 -9 -4
right_child=2 -3 13 6 -6 7 -8 12 -10 11 -12 -13 -14 -15
leaf_value=0.015165357635276081 -1.044057012455804 0.85675632845271721 0.10616287484171463 0.14528163219350676 -2.1186638796329498 0.15958110556006433 -0.50243966436904408 -0.25291644342755543 -0.57704674581001547 0.18528091672695046 1.7697287524739904 -1.2660631775856019 -1.3378035942465067 -0.033699303798804529
leaf_weight=1222 13.999999999999998 22 546 196 9.9999999999999982 40 23 131 29 33 11.999999999999998 9.9999999999999982 9.9999999999999982 1012
leaf_count=1222 14 22 546 196 10 40 23 131 29 33 12 10 10 1012
internal_value=5.64269e-05 0.0300488 -0.0180029 -0.117867 -0.269807 -0.20354 0.0772561 -0.159135 0.0323826 0.221828 0.531154 -0.152241 -0.308014 0.0152176
internal_weight=3310 1244 2066 508 289 279 219 265 124 95 52 43 141 1558
internal_count=3310 1244 2066 508 289 279 219 265 124 95 52 43 141 1558
cat_boundaries=0 1 2
cat_threshold=338 256
is_linear=0
shrinkage=0.05


Tree=194
num_leaves=15
num_cat=0
split_feature=1 2 1 9 3 2 9 1 9 2 2 9 9 9
split_gain=743.805 2843.13 11669.4 13361.2 32581.6 2034.98 2643.3 1831.76 4098.03 4703.56 7660.99 6324.25 9685.73 3119.2
threshold=1.0000000180025095e-35 1.0000000180025095e-35 3.5000000000000004 75.556572090496886 501.50000000000006 5.5000000000000009 81.069353086829793 2.5000000000000004 105.01008703336356 2.5000000000000004 6.5000000000000009 59.135957919766504 70.42155264556304 65.945519235208351
decision_type=2 2 2 2 2 2 2 2 2 2 2 2 2 2
left_child=5 2 3 4 -2 -1 -7 8 9 13 11 -11 -13 -3
right_child=1 7 -4 -5 -6 6 -8 -9 -10 10 -12 12 -14 -15
leaf_value=0.21804966112798346 0.070149406089502209 0.31814787018895152 0.63600919656455523 0.73960553169250487 -3.2550710347982554 0.018040905556635661 -0.73791367212931325 0.026537493371580907 -0.85276771858334544 -0.20265726723463826 -0.005448576344137355 -1.6408184807239607 -0.22749656460903311 -0.20448093988202715
leaf_weight=140 17.000000000000004 125 20 9.9999999999999982 12.999999999999998 318 11.999999999999998 1850 15.999999999999998 141 562 22 27 37
leaf_count=140 17 125 20 10 13 318 12 1850 16 141 562 22 27 37
internal_value=5.36048e-05 -0.00958858 -0.350119 -0.843183 -1.37078 0.058317 -0.00944835 -0.002239 -0.0594826 -0.0455957 -0.0982409 -0.372711 -0.862049 0.198782
internal_weight=3310 2840 60 40 30 470 330 2780 930 914 752 190 49 162
internal_count=3310 2840 60 40 30 470 330 2780 930 914 752 190 49 162
is_linear=0
shrinkage=0.05


Tree=195
num_leaves=15
num_cat=0
split_feature=5 9 7 3 4 7 6 3 6 3 6 3 7 8
split_gain=689.221 1811.05 1505.99 6491.97 3331.23 2346.4 5894.57 2507.55 1620.43 3699.39 1876.15 6086.43 13476.1 5336.64
threshold=1058.5000000000002 52.688097736869928 966.07142857142867 1015.5000000000001 1015.5000000000001 971.64285714285722 927.50000000000011 997.50000000000011 960.50000000000011 862.50000000000011 872.50000000000011 784.50000000000011 812.14285714285722 843.607142857143
decision_type=2 2 2 2 2 2 2 2 2 2 2 2 2 2
left_child=2 -2 3 4 8 -4 -7 -8 10 -10 -1 12 -12 -13
right_child=1 -3 5 -5 -6 6 7 -9 9 -11 11 13 -14 -15
leaf_value=-0.013603130596394531 -0.015741425935636488 -0.60375772416591644 0.6266887437390245 -1.1186408042907716 0.83250221212704989 -0.75697194205390084 0.90543344914913182 0.13217118338468564 -1.1338140121102334 -0.088347083611244506 -0.055755562845029319 -0.38176802863036435 2.0845016678174337 0.1198689154517211
leaf_weight=2551 57 17 23 12.999999999999998 11.999999999999998 18 11.999999999999998 83 9.9999999999999982 55 19.000000000000004 62 11.999999999999998 366
leaf_count=2551 57 17 23 13 12 18 12 83 10 55 19 62 12 366
internal_value=5.09254e-05 -0.150826 0.00350115 -0.00364324 0.00105224 0.166351 0.0726541 0.229846 -0.00219244 -0.249188 0.00314136 0.0962028 0.772731 0.0472019
internal_weight=3310 74 3236 3100 3087 136 113 95 3075 65 3010 459 31 428
internal_count=3310 74 3236 3100 3087 136 113 95 3075 65 3010 459 31 428
is_linear=0
shrinkage=0.05


Tree=196
num_leaves=15
num_cat=0
split_feature=1 2 1 3 9 2 2 8 3 7 9 9 9 1
split_gain=685.582 2588.21 10559.3 12627 10077.1 1841.81 2499.5 2213.39 4609.12 2862.54 3158.71 1891.71 1778.97 1632.9
threshold=1.0000000180025095e-35 1.0000000180025095e-35 3.5000000000000004 795.50000000000011 60.910192745403656 5.5000000000000009 13.500000000000002 884.21428571428589 548.50000000000011 533.07142857142867 47.55856098574597 71.128816860948703 79.599626371562394 2.5000000000000004
decision_type=2 2 2 2 2 2 2 2 2 2 2 2 2 2
left_child=5 2 3 4 -2 12 7 8 -7 -10 -11 -9 -1 -3
right_child=1 13 -4 -5 -6 6 -8 11 9 10 -12 -13 -14 -15
leaf_value=0.15590105408499408 -0.932194221176599 -0.056243328530509132 0.60393858585506688 -2.245562119917436 1.0287220453843475 0.047984193416778002 0.11713306131255297 0.59739388895686707 -1.2527251422405243 0.31320119798183443 -0.62350496359997332 -0.27925216887146237 0.81831228299574432 0.024973180163481802
leaf_weight=129 19.000000000000004 930 20 10.999999999999998 9.9999999999999982 64 180 16.000000000000004 11.999999999999998 11.999999999999998 36 9.9999999999999982 10.999999999999998 1850
leaf_count=129 19 930 20 11 10 64 180 16 12 12 36 10 11 1850
internal_value=4.83781e-05 -0.00920873 -0.334115 -0.803141 -0.256016 0.0559849 -0.00848408 -0.159225 -0.247173 -0.562008 -0.389328 0.260222 0.207948 -0.00219637
internal_weight=3310 2840 60 40 29 470 330 150 124 60 48 26 140 2780
internal_count=3310 2840 60 40 29 470 330 150 124 60 48 26 140 2780
is_linear=0
shrinkage=0.05


Tree=197
num_leaves=15
num_cat=1
split_feature=3 7 9 8 9 8 9 0 3 3 8 8 8 6
split_gain=699.913 3894.35 2958.81 6334.78 9047.47 3892.93 4739.06 6865.64 4953.89 9038.56 10854.5 3918.22 6607.29 3682.92
threshold=908.50000000000011 849.71428571428589 50.525643078199835 873.78571428571433 44.380270628234705 945.91071428571433 60.678107023219738 0 745.50000000000011 598.50000000000011 546.71428571428578 525.14285714285722 455.01785714285717 963.50000000000011
decision_type=2 2 2 2 2 2 2 1 2 2 2 2 2 2
left_child=2 -2 3 -1 -5 6 7 8 9 10 11 12 -4 -8
right_child=1 -3 5 4 -6 -7 13 -9 -10 -11 -12 -13 -14 -15
leaf_value=-0.018193631239480337 -0.75478468349105432 -0.026282410796808736 -0.10773646336581028 -0.15024453552351111 -1.9775229984521865 0.65620847642421731 -0.011136549793339024 0.06174311429299309 1.6181022167205812 -0.39333846347096069 2.035050628735469 -0.071340388480735858 1.2590596893181405 -0.77977251634001732
leaf_weight=1635 19 532 13.999999999999998 21.000000000000004 9.9999999999999982 28 600 341 9.9999999999999982 24 12.999999999999998 23 24 15.999999999999998
leaf_count=1635 19 532 14 21 10 28 600 341 10 24 13 23 24 16
internal_value=4.59598e-05 -0.0514032 0.0103209 -0.0316188 -0.739689 0.0742472 0.0589468 0.182487 0.510719 0.449835 0.723297 0.443743 0.755503 -0.0311011
internal_weight=3310 551 2759 1666 31 1093 1065 449 108 98 74 61 38 616
internal_count=3310 551 2759 1666 31 1093 1065 449 108 98 74 61 38 616
cat_boundaries=0 1
cat_threshold=384
is_linear=0
shrinkage=0.05


Tree=198
num_leaves=15
num_cat=1
split_feature=5 3 9 9 2 6 3 1 3 7 7 7 9 0
split_gain=693.265 9892.92 11096.4 9039.84 5436.47 7919.37 3711.72 3873.61 3630.3 3455.3 5696.92 3375.44 3183.1 4707.98
threshold=796.50000000000011 800.50000000000011 73.675549711399867 54.503840221836548 6.5000000000000009 862.50000000000011 773.50000000000011 3.5000000000000004 845.50000000000011 781.357142857143 807.42857142857156 889.07142857142867 47.945009898987202 0
decision_type=2 2 2 2 2 2 2 2 2 2 2 2 2 1
left_child=8 2 3 -2 6 -6 7 -4 -1 -3 -11 -10 -12 -14
right_child=1 9 4 -5 5 -7 -8 -9 11 10 12 -13 13 -15
leaf_value=-0.0070087157578378832 0.16541130244731905 -0.59445171737670899 -0.078342944383621216 1.8857227883346024 -0.025613495707511896 1.7909041106700898 0.36352525393168134 -1.387284836769104 -0.73067500134930019 0.6093750304819362 0.13734363441612443 0.28463359204205602 -0.36891203585769172 -0.018329432975236922
leaf_weight=2175 11.999999999999998 25 13 21 15.000000000000002 9.9999999999999982 14.999999999999998 10 32 37 232 10.999999999999998 105 597
leaf_count=2175 12 25 13 21 15 10 15 10 32 37 232 11 105 597
internal_value=5.29892e-05 0.0326648 0.517412 1.26015 0.128356 0.700994 -0.24838 -0.647448 -0.016003 -0.0140578 0.000885427 -0.470945 -0.0232196 -0.0762833
internal_weight=3310 1092 96 33 63 25 38 23 2218 996 971 43 934 702
internal_count=3310 1092 96 33 63 25 38 23 2218 996 971 43 934 702
cat_boundaries=0 1
cat_threshold=8
is_linear=0
shrinkage=0.05


Tree=199
num_leaves=15
num_cat=0
split_feature=5 9 7 7 8 8 6 9 9 1 8 6 6 6
split_gain=687.676 1573.92 1328.38 6681.84 7079.01 2989.31 2470.22 2191.6 3873.97 5011.57 4716.78 3955.01 4080.45 3835.87
threshold=1058.5000000000002 52.688097736869928 908.50000000000011 905.357142857143 898.17857142857156 915.62500000000011 820.50000000000011 101.81377270143601 83.997069588319064 4.5000000000000009 899.46428571428589 931.50000000000011 963.50000000000011 927.50000000000011
decision_type=2 2 2 2 2 2 2 2 2 2 2 2 2 2
left_child=2 -2 3 5 -5 7 -4 8 10 -10 11 13 -13 -1
right_child=1 -3 6 4 -6 -7 -8 -9 9 -11 -12 12 -14 -15
leaf_value=-0.0038157199857825324 -0.024785077539190913 -0.57295551203629547 0.65228889553170466 0.01687830715543694 -1.3854027125570509 0.82385139270389285 0.064854699076310571 0.33663323382113841 -0.16966768338762483 -1.4677139830589294 -0.78578232777746104 0.40951817425513515 -0.47542109171549485 -0.93946083066138353
leaf_weight=2632 57 17 19 18 18 10.999999999999998 308 47 29 9.9999999999999982 19 99 14.999999999999998 10.999999999999998
leaf_count=2632 57 17 19 18 18 11 308 47 29 10 19 99 15 11
internal_value=-8.15617e-06 -0.150716 0.00343819 -0.00730242 -0.684262 0.00118019 0.098987 -0.00198171 -0.00763532 -0.5025 -0.00068297 0.00472758 0.293079 -0.00770982
internal_weight=3310 74 3236 2909 36 2873 327 2862 2815 39 2776 2757 114 2643
internal_count=3310 74 3236 2909 36 2873 327 2862 2815 39 2776 2757 114 2643
is_linear=0
shrinkage=0.05


Tree=200
num_leaves=15
num_cat=0
split_feature=1 1 2 9 9 2 2 2 9 3 8 9 1 3
split_gain=695.927 2472.76 4156.35 2642.73 2298.96 1777.26 10456.4 3925.45 2271.87 3769.13 3391.41 1706.07 6969.07 5578.36
threshold=5.5000000000000009 4.5000000000000009 1.5000000000000002 29.395473668270473 83.997069588319064 7.5000000000000009 5.5000000000000009 8.5000000000000018 59.719266725274956 943.50000000000011 833.03571428571433 80.056279683440536 2.5000000000000004 809.50000000000011
decision_type=2 2 2 2 2 2 2 2 2 2 2 2 2 2
left_child=1 11 3 -3 -4 6 -2 -7 -9 10 -10 -1 -13 -14
right_child=5 2 4 -5 -6 7 -8 8 9 -11 -12 12 13 -15
leaf_value=0.0014321017149293419 -0.039410717720786734 -1.3941462469100949 -0.060362848572381382 -0.244640793800354 -0.65311558737474329 -0.48449081838130947 0.79550910848379142 -0.040131455438200674 0.33816430207628473 -0.1802771308661803 1.4216534519195558 -0.12387124851141891 1.6333793965252963 0.36532904120934445
leaf_weight=2245 150 10.000000000000002 433 9.9999999999999982 17 40 50 171 26 23 9.9999999999999982 73 10.999999999999998 41
leaf_count=2245 150 10 433 10 17 40 50 171 26 23 10 73 11 41
internal_value=-7.74896e-06 -0.00933444 -0.114102 -0.819394 -0.0827557 0.0563493 0.169319 -0.0273321 0.0521737 0.319702 0.639134 0.0114422 0.191225 0.63357
internal_weight=3310 2840 470 20 450 470 200 270 230 59 36 2370 125 52
internal_count=3310 2840 470 20 450 470 200 270 230 59 36 2370 125 52
is_linear=0
shrinkage=0.05


Tree=201
num_leaves=15
num_cat=0
split_feature=3 4 4 5 2 5 1 3 6 3 4 5 7 9
split_gain=701.337 3326.98 3937.39 3642.69 3168.65 2998.34 4822.8 2932.05 2042.28 2046.67 1924.12 1858.74 7230.82 1768.68
threshold=470.50000000000006 477.50000000000006 475.50000000000006 431.50000000000006 2.5000000000000004 491.50000000000006 1.5000000000000002 424.50000000000006 495.50000000000006 485.50000000000006 481.50000000000006 456.50000000000006 497.35714285714295 72.09905612075012
decision_type=2 2 2 2 2 2 2 2 2 2 2 2 2 2
left_child=5 2 3 -2 -5 13 -7 -8 -6 -10 -3 12 -12 -1
right_child=1 10 -4 4 8 6 7 -9 9 -11 11 -13 -14 -15
leaf_value=0.018413972079029516 -1.047102483429692 0.45578283641649331 -1.2086071419715883 0.41636363814274474 -0.028915976409642205 -0.45487930143717681 1.1271570058663687 0.33365876353704016 -1.0841170400381088 -0.27500643310723483 -1.2422922645828554 0.0016368308069628899 0.23928504526615144 -0.57003475519327018
leaf_weight=720 10.999999999999998 23 9.9999999999999982 24 53 15.999999999999998 14.999999999999998 52 10.999999999999998 27 13.999999999999998 2301 20 12.999999999999998
leaf_count=720 11 23 10 24 53 16 15 52 11 27 14 2301 20 13
internal_value=-7.36167e-06 -0.0131722 -0.253636 -0.177845 -0.0946981 0.0402294 0.325055 0.511308 -0.229484 -0.509223 0.000696761 -0.00378589 -0.370776 0.00797764
internal_weight=3310 2494 136 126 115 816 83 67 91 38 2358 2335 34 733
internal_count=3310 2494 136 126 115 816 83 67 91 38 2358 2335 34 733
is_linear=0
shrinkage=0.05


Tree=202
num_leaves=15
num_cat=0
split_feature=3 5 8 2 8 3 8 8 8 8 3 5 6 2
split_gain=671.97 3570.1 5372.65 7462.13 4360.4 4253.76 4047.8 2605.64 3019.12 6217.31 3196.89 4211.07 3171.4 2586.9
threshold=908.50000000000011 867.50000000000011 839.92857142857144 6.5000000000000009 854.17857142857156 943.50000000000011 868.05357142857156 875.42857142857144 898.17857142857156 906.69642857142878 949.50000000000011 920.50000000000011 927.50000000000011 7.5000000000000009
decision_type=2 2 2 2 2 2 2 2 2 2 2 2 2 2
left_child=-1 2 -2 -4 -3 -5 -6 -8 -9 13 12 -12 -11 -10
right_child=1 4 3 5 6 -7 7 8 9 10 11 -13 -14 -15
leaf_value=0.010060723594625473 0.31916479358547617 -0.87261740224702022 -1.4443891167640688 -0.84138562862689659 0.58478439668814342 0.37626784425228837 -0.60462225394116509 0.24807250751989277 -0.36195095009528666 0.033821580037474631 -1.0690435656905175 -0.022839400930850334 0.99558582703272502 -1.403781322999434
leaf_weight=2759 19 13.999999999999998 19 13.000000000000002 30 15.999999999999998 18 101 13.000000000000002 20 9.9999999999999982 252 14.999999999999998 10.999999999999998
leaf_count=2759 19 14 19 13 30 16 18 101 13 20 10 252 15 11
internal_value=-6.99246e-06 -0.0504187 -0.392492 -0.67419 -0.00306548 -0.169577 0.0228361 -0.0154786 0.00965076 -0.0653667 -0.00281396 -0.0627709 0.446006 -0.839457
internal_weight=3310 551 67 48 484 29 470 440 422 321 297 262 35 24
internal_count=3310 551 67 48 484 29 470 440 422 321 297 262 35 24
is_linear=0
shrinkage=0.05


Tree=203
num_leaves=15
num_cat=1
split_feature=8 0 8 6 3 3 7 2 7 3 7 3 7 5
split_gain=665.353 921.921 2789.5 1940.26 6278.74 3057.81 1760.51 6608.03 5020.89 5328.32 2992.2 7270.79 4416.31 3470.3
threshold=377.3035714285715 0 502.23214285714295 443.50000000000006 479.50000000000006 416.50000000000006 514.64285714285722 1.0000000180025095e-35 497.35714285714295 457.50000000000006 544.14285714285722 502.50000000000006 528.14285714285722 519.50000000000011
decision_type=2 1 2 2 2 2 2 2 2 2 2 2 2 2
left_child=-1 2 3 4 -2 -5 7 -3 -9 -10 12 13 -8 -12
right_child=1 6 -4 5 -6 -7 10 8 9 -11 11 -13 -14 -15
leaf_value=0.34395619322146692 -0.082112059763755352 -0.75709672232522918 -0.60844184951010083 0.82963472530245785 -1.249986572066943 0.016971175941077579 -0.046029399279684115 0.019150272293806753 1.3813112513585526 0.25071033506578949 0.32695666659962042 0.0031028350575984 -0.4649398464215807 1.6139215087890628
leaf_weight=13.999999999999998 281 23 22 11.999999999999998 11.999999999999998 327 260 509 10.999999999999998 198 11.000000000000002 1537 83 9.9999999999999982
leaf_count=14 281 23 22 12 12 327 260 509 11 198 11 1537 83 10
internal_value=-6.64395e-06 -0.00146765 -0.0541474 -0.0357091 -0.129943 0.045738 0.0117332 0.0771516 0.103875 0.310216 -0.0137048 0.0157284 -0.147398 0.939797
internal_weight=3310 3296 654 632 293 339 2642 741 718 209 1901 1558 343 21
internal_count=3310 3296 654 632 293 339 2642 741 718 209 1901 1558 343 21
cat_boundaries=0 1
cat_threshold=80
is_linear=0
shrinkage=0.05


Tree=204
num_leaves=15
num_cat=1
split_feature=1 2 1 4 4 8 2 9 9 0 6 5 2 9
split_gain=652.933 2348.01 9644.11 11637.2 8894.08 5050.94 1595.29 2236.22 1649.2 1546.59 2089.39 2441.31 2055.5 2274.46
threshold=1.0000000180025095e-35 1.0000000180025095e-35 3.5000000000000004 885.50000000000011 553.50000000000011 486.28571428571433 5.5000000000000009 81.069353086829793 42.329863533581111 0 913.50000000000011 1042.5000000000002 13.500000000000002 62.032708069085452
decision_type=2 2 2 2 2 2 2 2 2 1 2 2 2 2
left_child=6 2 3 4 5 -2 8 9 -1 10 -8 -12 13 -11
right_child=1 -3 -4 -5 -6 -7 7 -9 -10 12 11 -13 -14 -15
leaf_value=-0.023859678194770275 -0.088530705273151336 -0.0023612780836385697 0.57797755628824232 -2.2438924932479858 0.94315753579139716 -1.6777032122015954 0.026513242901324535 -0.67544606924057016 0.32995283142931164 -0.10321199086029083 0.76070310151576992 -0.084052740381314217 0.073648470660878554 -0.69253989126194604
leaf_weight=53 10.000000000000005 2780 20 9.9999999999999982 9.9999999999999982 9.9999999999999982 86 11.999999999999998 87 64 25 12.999999999999998 108 22
leaf_count=53 10 2780 20 10 10 10 86 12 87 64 25 13 108 22
internal_value=-6.31104e-06 -0.00904031 -0.318502 -0.766742 -0.274359 -0.883117 0.0545821 -0.00541737 0.19601 0.0198667 0.150784 0.471708 -0.0680755 -0.25397
internal_weight=3310 2840 60 40 30 20 470 330 140 318 124 38 194 86
internal_count=3310 2840 60 40 30 20 470 330 140 318 124 38 194 86
cat_boundaries=0 1
cat_threshold=643
is_linear=0
shrinkage=0.05


Tree=205
num_leaves=15
num_cat=1
split_feature=5 0 8 7 2 1 3 3 4 2 8 7 9 3
split_gain=632.76 826.18 8072.54 11836.2 8901.28 6189.34 5129.51 5112.52 4765.96 4033.91 13711.5 6422.37 11704.9 10841.4
threshold=1106.5000000000002 0 836.69642857142878 834.28571428571433 4.5000000000000009 2.5000000000000004 761.50000000000011 897.50000000000011 958.50000000000011 4.5000000000000009 862.08928571428589 908.50000000000011 75.286564311082756 903.50000000000011
decision_type=2 1 2 2 2 2 2 2 2 2 2 2 2 2
left_child=1 2 4 5 7 -4 -5 -1 -3 10 -8 12 -11 -14
right_child=-2 8 3 6 -6 -7 9 -9 -10 11 -12 -13 13 -15
leaf_value=1.6047499792916433 -0.25060151481628418 -0.0061514308719740739 -0.16364520041441372 1.1504351544380189 0.12904811884040265 -1.7251273077726363 1.6762690448760986 0.34308070288254666 -1.0490753342482178 -0.097134093688800938 0.055149590685963638 0.094069235515281124 -0.41211922874576168 -2.2859840759864221
leaf_weight=21 25 2637 11.000000000000002 9.9999999999999982 67 14.999999999999998 14.999999999999998 12.999999999999998 10.999999999999998 120 100 233 19 12.999999999999998
leaf_count=21 25 2637 11 10 67 15 15 13 11 120 100 233 19 13
internal_value=-5.99557e-06 0.00190112 0.05256 -0.02388 0.463426 -1.0645 0.0291712 1.12235 -0.0104444 0.00674595 0.2666 -0.0708728 -0.323712 -1.17338
internal_weight=3310 3285 637 536 101 26 510 34 2648 500 115 385 152 32
internal_count=3310 3285 637 536 101 26 510 34 2648 500 115 385 152 32
cat_boundaries=0 1
cat_threshold=132
is_linear=0
shrinkage=0.05


Tree=206
num_leaves=15
num_cat=0
split_feature=9 9 2 1 9 1 9 2 2 8 7 3 7 8
split_gain=636.037 1562.24 1549.81 1549.38 1307.24 1320.38 1297.16 1950.29 1179.6 2342.41 1179.16 2338.03 1275.39 1078.72
threshold=24.563898590831165 28.322126376317161 1.5000000000000002 3.5000000000000004 19.239411503522174 4.5000000000000009 27.480344038279341 10.500000000000002 29.500000000000004 503.51785714285717 439.35714285714295 489.50000000000006 498.64285714285717 380.8035714285715
decision_type=2 2 2 2 2 2 2 2 2 2 2 2 2 2
left_child=4 2 3 -2 5 -1 8 -8 -4 -10 -6 -12 -13 -3
right_child=1 13 6 -5 10 -7 7 -9 9 -11 11 12 -14 -15
leaf_value=0.015877757350412702 -0.10002551187168465 0.39999193479033079 0.087760761378916335 -0.92156033913294477 0.014988212702200585 -0.48097817227244377 -0.51897717931440901 0.081797841064293275 0.16498673306061667 -0.80375698308149968 0.62056925216869963 0.54588086880170383 -0.0029402132276772409 0.0005056787518104266
leaf_weight=52 11.000000000000002 17 91 11.999999999999998 97 18 35 22 13.000000000000002 11.999999999999998 31 12.999999999999998 57 2829
leaf_count=52 11 17 91 12 97 18 35 22 13 12 31 13 57 2829
internal_value=-5.69592e-06 -0.00651126 -0.143049 -0.528652 0.0738373 -0.111885 -0.0917843 -0.287099 0.00418942 -0.30001 0.139497 0.259074 0.0989837 0.00289193
internal_weight=3310 3042 196 23 268 70 173 57 116 25 198 101 70 2846
internal_count=3310 3042 196 23 268 70 173 57 116 25 198 101 70 2846
is_linear=0
shrinkage=0.05


Tree=207
num_leaves=15
num_cat=0
split_feature=1 1 2 5 8 6 2 2 3 7 3 8 7 8
split_gain=605.742 2284.61 3588.19 1916.68 5875.86 2676.33 1637.65 3347.91 3077.16 7705.58 2389.82 3099.26 11987.1 6455.01
threshold=5.5000000000000009 4.5000000000000009 1.5000000000000002 873.50000000000011 898.17857142857156 864.50000000000011 8.5000000000000018 11.500000000000002 491.50000000000006 857.21428571428589 413.50000000000006 864.50000000000011 821.14285714285722 571.44642857142867
decision_type=2 2 2 2 2 2 2 2 2 2 2 2 2 2
left_child=1 -1 -3 5 -5 6 10 8 -8 -10 -4 12 13 -12
right_child=-2 2 3 4 -6 -7 7 -9 9 -11 11 -13 -14 -15
leaf_value=0.011263813995893747 0.052573330117231032 -0.76472486615180968 -0.34873972430204353 -1.3946506782011552 -0.055070985411293807 0.72255318354476583 -0.098922993758550071 -0.047880959430678272 -1.439309146216041 0.27541760087013245 0.25302033518872608 -0.35558410453796391 1.8261680799451743 -0.90865075545651575
leaf_weight=2370 470 20 30 10.999999999999998 32 10.999999999999998 26 179 19.000000000000004 9.9999999999999982 82 25 10.999999999999998 13.999999999999998
leaf_count=2370 470 20 30 11 32 11 26 179 19 10 82 25 11 14
internal_value=-5.41174e-06 -0.00870682 -0.10941 -0.0802847 -0.397754 -0.0467437 -0.0681131 -0.152715 -0.493904 -0.848024 0.0540902 0.145642 0.262751 0.08361
internal_weight=3310 2840 470 450 43 407 396 234 55 29 162 132 107 96
internal_count=3310 2840 470 450 43 407 396 234 55 29 162 132 107 96
is_linear=0
shrinkage=0.05


Tree=208
num_leaves=15
num_cat=0
split_feature=3 4 6 5 5 6 1 7 2 2 5 7 9 1
split_gain=631.153 4421.18 1873.49 2413.87 1448.21 1222.5 1337.34 1387.69 3163.4 1561.51 1475.07 1205.12 1004.6 1310.19
threshold=420.50000000000006 491.50000000000006 403.50000000000006 439.50000000000006 469.50000000000006 364.50000000000006 4.5000000000000009 419.00000000000006 2.5000000000000004 6.5000000000000009 431.50000000000006 460.71428571428572 42.677314506569765 2.5000000000000004
decision_type=2 2 2 2 2 2 2 2 2 2 2 2 2 2
left_child=1 4 3 12 5 -1 7 9 -9 -7 11 -10 -2 -14
right_child=2 -3 -4 -5 -6 6 -8 8 10 -11 -12 -13 13 -15
leaf_value=-0.25409584378202754 -0.75756398137462766 0.96994348168373112 -0.001820527217746744 0.29013438090108912 -0.56331117238849404 -0.28921448338244643 -0.071579738649661134 0.8911506717403731 -0.064155226449171696 0.17238829414237222 0.68789842562241998 0.43691016882658007 -0.67000221490859968 0.12076938971877099
leaf_weight=30 19 12.999999999999998 2938 12.999999999999998 9.9999999999999982 28 92 18 48 53 10.999999999999998 15.999999999999998 10.000000000000002 10.999999999999998
leaf_count=30 19 13 2938 13 10 28 92 18 48 53 11 16 10 11
internal_value=-5.14006e-06 0.0668502 -0.00713549 -0.301765 0.0284835 0.0484766 0.0826013 0.164122 0.2959 0.0128219 0.15304 0.0611111 -0.494132 -0.255789
internal_weight=3310 319 2991 53 306 296 266 174 93 81 75 64 40 21
internal_count=3310 319 2991 53 306 296 266 174 93 81 75 64 40 21
is_linear=0
shrinkage=0.05


Tree=209
num_leaves=15
num_cat=0
split_feature=8 4 3 6 3 8 9 7 8 6 9 8 9 7
split_gain=608.952 825.583 765.451 1983.53 4335.03 1511.33 2381.39 2732.44 3270.04 4421.2 2820.21 2366.29 2163.93 2144.85
threshold=377.3035714285715 350.00000000000006 407.50000000000006 454.50000000000006 367.00000000000006 430.01785714285717 27.480344038279341 416.50000000000006 418.78571428571433 447.50000000000006 42.037705089474208 453.07142857142861 40.774179473681173 449.50000000000006
decision_type=2 2 2 2 2 2 2 2 2 2 2 2 2 2
left_child=-1 -2 3 -3 -5 6 -4 12 -9 10 -10 13 -8 -7
right_child=1 2 5 4 -6 11 7 8 9 -11 -12 -13 -14 -15
leaf_value=0.32905665103878295 -0.29358749414483704 0.037647313439385016 0.0024146074084220111 -0.27370645567774765 1.0893300810030528 0.36175639773438495 -0.32629819745818767 0.20876661658287052 -1.814986645091663 -0.10973093328731401 -0.70660848518212638 -0.0061745658880350413 0.62324830532073983 -0.095983842256906871
leaf_weight=13.999999999999998 24 181 108 10.000000000000002 13.999999999999998 83 15.000000000000002 9.9999999999999982 11.000000000000002 13.999999999999998 11.999999999999998 2767 9.9999999999999982 37
leaf_count=14 24 181 108 10 14 83 15 10 11 14 12 2767 10 37
internal_value=-4.88384e-06 -0.0014026 0.000740569 0.0942816 0.521398 -0.00551176 -0.146077 -0.368815 -0.593462 -0.810281 -1.2367 0.00325229 0.0535204 0.22062
internal_weight=3310 3296 3272 205 24 3067 180 72 47 37 23 2887 25 120
internal_count=3310 3296 3272 205 24 3067 180 72 47 37 23 2887 25 120
is_linear=0
shrinkage=0.05


Tree=210
num_leaves=15
num_cat=1
split_feature=0 8 3 6 5 9 2 8 9 9 8 7 8 2
split_gain=610.818 6257.79 2182.07 4448.92 4255.17 2300.04 2215.99 2649.2 1757.37 3459.61 6160.27 2753.48 5166.91 2603.36
threshold=0 526.14285714285722 528.50000000000011 502.50000000000006 549.50000000000011 72.246212201572959 7.5000000000000009 495.94642857142861 47.140020709773076 41.054703842786431 498.44642857142861 492.14285714285717 489.51785714285717 5.5000000000000009
decision_type=1 2 2 2 2 2 2 2 2 2 2 2 2 2
left_child=1 2 4 -4 8 6 7 -5 9 -1 13 -10 -13 -11
right_child=-2 -3 3 5 -6 -7 -8 -9 11 10 -12 12 -14 -15
leaf_value=-0.019694693740158475 0.014054435908455813 -1.2774158895015717 -0.98617642521858218 -1.2018001698702574 0.75030923168125918 0.43974105601801594 -0.033186620748356772 -0.23887711326777936 -0.036114573135027583 0.61178744227989856 1.2045805680565538 -1.0864595581042138 -0.025667193249381822 0.0037149937450885774
leaf_weight=374 2317 9.9999999999999982 15.999999999999998 9.9999999999999982 19 17 76 25 284 23 15.999999999999998 19 29 75
leaf_count=374 2317 10 16 10 19 17 76 25 284 23 16 19 29 75
internal_value=-4.63998e-06 -0.0326222 -0.0202908 -0.200107 0.0105715 -0.101848 -0.184794 -0.513998 -0.00656879 0.0538058 0.294939 -0.0953121 -0.445564 0.146426
internal_weight=3310 993 983 144 839 128 111 35 820 488 114 332 48 98
internal_count=3310 993 983 144 839 128 111 35 820 488 114 332 48 98
cat_boundaries=0 1
cat_threshold=82
is_linear=0
shrinkage=0.05


Tree=211
num_leaves=15
num_cat=0
split_feature=3 5 8 7 8 2 8 8 2 3 5 5 4 4
split_gain=613.28 3117.34 4520.85 6809.68 3644.47 3285.8 2594.41 5494.81 3387.08 2901.42 3811.32 2710.6 2565.76 4411.5
threshold=908.50000000000011 867.50000000000011 839.92857142857144 907.00000000000011 849.55357142857156 6.5000000000000009 898.17857142857156 906.69642857142878 1.5000000000000002 949.50000000000011 920.50000000000011 929.50000000000011 950.50000000000011 911.50000000000011
decision_type=2 2 2 2 2 2 2 2 2 2 2 2 2 2
left_child=-1 2 -2 5 -3 -4 8 -8 -6 11 -11 -9 13 -10
right_child=1 4 3 -5 6 -7 7 9 12 10 -12 -13 -14 -15
leaf_value=0.0096157259966031944 0.285000076399822 -0.94852644562721256 -1.5343738954733397 0.17799597750691809 1.0750723505020143 -0.49998760585274016 -0.79246772527694709 -0.0059806703279415771 0.53061599671840676 -1.0203774017840626 -0.025068487350215458 0.87441099952248968 0.52580728444961777 -0.17798953970394485
leaf_weight=2759 19 9.9999999999999982 17.000000000000004 17 9.9999999999999982 13.999999999999998 24 18 30 9.9999999999999982 252 17 31 82
leaf_count=2759 19 10 17 17 10 14 24 18 30 10 252 17 31 82
internal_value=-2.28472e-06 -0.0481622 -0.36781 -0.626214 -0.00391343 -1.06723 0.0160151 -0.0647443 0.185452 -0.00593838 -0.0630574 0.421638 0.12324 0.0118155
internal_weight=3310 551 67 48 484 31 474 321 153 297 262 35 143 112
internal_count=3310 551 67 48 484 31 474 321 153 297 262 35 143 112
is_linear=0
shrinkage=0.05


Tree=212
num_leaves=15
num_cat=0
split_feature=5 3 9 9 2 6 7 7 3 3 7 4 1 1
split_gain=606.195 8734.79 9825.3 8023.3 4358.4 6281.12 3136.63 4904.73 3080.63 3057.51 3178.14 3005.07 3115.41 2823.64
threshold=796.50000000000011 800.50000000000011 73.675549711399867 54.503840221836548 6.5000000000000009 862.50000000000011 781.357142857143 807.42857142857156 773.50000000000011 845.50000000000011 889.07142857142867 850.50000000000011 3.5000000000000004 3.5000000000000004
decision_type=2 2 2 2 2 2 2 2 2 2 2 2 2 2
left_child=9 2 3 -2 8 -6 -3 11 13 -1 -11 12 -8 -4
right_child=1 6 4 -5 5 -7 7 -9 -10 10 -12 -13 -14 -15
leaf_value=-0.0067617906763100593 0.15353614787260694 -0.56639221036434184 -0.095103119371029041 1.7742381697609311 -0.014488636652628579 1.6032666647434235 1.4806599890192347 -0.021538507099945411 0.34003214935461679 -0.68455302952788777 0.30063590190627359 0.019716396331787109 0.28571371316909788 -1.2126532888412473
leaf_weight=2175 11.999999999999998 25 13 21 15.000000000000002 9.9999999999999982 12.000000000000002 934 14.999999999999998 32 10.999999999999998 14.999999999999998 9.9999999999999982 10
leaf_count=2175 12 25 13 21 15 10 12 934 15 32 11 15 10 10
internal_value=-2.17023e-06 0.0304931 0.485983 1.18489 0.119888 0.632613 -0.0134096 0.000827845 -0.217431 -0.015016 -0.432528 0.565427 0.937503 -0.580994
internal_weight=3310 1092 96 33 63 25 996 971 38 2218 43 37 22 23
internal_count=3310 1092 96 33 63 25 996 971 38 2218 43 37 22 23
is_linear=0
shrinkage=0.05


Tree=213
num_leaves=15
num_cat=0
split_feature=2 9 8 6 8 7 6 7 9 5 6 4 5 9
split_gain=595.627 3837.13 7627.48 17230.7 9040.6 7994.51 4441.79 5604.75 4363.07 4143.36 2741.54 8250.93 5313.95 4319.4
threshold=1.5000000000000002 57.97000021899256 870.71428571428589 906.50000000000011 924.28571428571433 812.14285714285722 594.50000000000011 488.64285714285717 55.56648991764618 837.50000000000011 439.50000000000006 454.50000000000006 470.50000000000006 26.261820029472123
decision_type=2 2 2 2 2 2 2 2 2 2 2 2 2 2
left_child=1 8 3 5 -4 6 7 -3 10 -7 -1 -12 -13 -14
right_child=-2 2 4 -5 -6 9 -8 -9 -10 -11 11 12 13 -15
leaf_value=0.38999887359769725 0.006694018060520935 -0.92552898206881096 0.79400228674595175 -2.2463198946072507 -0.91595993908968854 1.2978393340110774 -1.3263340544700624 0.54705510834852855 1.0862454980335314 -0.14149342298507692 -1.2405052483081818 0.86119269272860355 -0.87716801484425866 0.035832034067103738
leaf_weight=38 3010 14.000000000000002 26 12.999999999999998 10.999999999999998 10.000000000000002 14.999999999999998 11.999999999999998 9.9999999999999982 9.9999999999999982 13.999999999999998 17 14.999999999999998 95
leaf_count=38 3010 14 26 13 11 10 15 12 10 10 14 17 15 95
internal_value=-2.06127e-06 -0.0671861 -0.300522 -0.593601 0.285635 -0.241382 -0.641165 -0.245875 0.0698526 0.578173 0.0130709 -0.0885126 0.0384787 -0.088668
internal_weight=3310 300 111 74 37 61 41 26 189 20 179 141 127 110
internal_count=3310 300 111 74 37 61 41 26 189 20 179 141 127 110
is_linear=0
shrinkage=0.05


Tree=214
num_leaves=15
num_cat=0
split_feature=5 4 7 3 4 9 9 8 7 3 6 3 2 6
split_gain=590.267 1620.07 1252.22 5742.18 2626.62 2343.2 8733.23 1598.77 2089.91 1408.76 2250.32 2501.45 1870.78 1634.25
threshold=1058.5000000000002 1058.5000000000002 966.07142857142867 1015.5000000000001 1015.5000000000001 60.051554018771029 53.441655601485756 1046.5535714285718 1022.2142857142859 997.50000000000011 960.50000000000011 862.50000000000011 7.5000000000000009 872.50000000000011
decision_type=2 2 2 2 2 2 2 2 2 2 2 2 2 2
left_child=2 -2 3 4 9 6 7 8 -4 10 13 -12 -13 -1
right_child=1 -3 5 -5 -6 -7 -8 -9 -10 -11 11 12 -14 -15
leaf_value=-0.013656077066267387 -0.69950903315435764 -0.041871841769251565 0.12305354422756605 -1.0519586856548604 0.73939111232757571 0.38181643405104759 -1.1145717787742615 -0.081818039839466422 0.89578747908274348 0.53890245581666629 -1.0332205778360366 0.09750643010650363 -0.5452921176917459 0.08883889726498688
leaf_weight=2547 10.999999999999998 63 21 12.999999999999998 11.999999999999998 61 14.999999999999998 24 14.999999999999998 11.999999999999998 9.9999999999999982 28 19 459
leaf_count=2547 11 63 21 13 12 61 15 24 15 12 10 28 19 459
internal_value=-1.95965e-06 -0.139629 0.00319099 -0.00332371 0.00109231 0.151688 -0.0354836 0.234288 0.445026 -0.00178885 -0.00390713 -0.315133 -0.162348 0.00199435
internal_weight=3310 74 3236 3100 3087 136 75 60 36 3075 3063 57 47 3006
internal_count=3310 74 3236 3100 3087 136 75 60 36 3075 3063 57 47 3006
is_linear=0
shrinkage=0.05


Tree=215
num_leaves=15
num_cat=0
split_feature=3 7 9 8 9 9 8 8 8 9 9 2 8 8
split_gain=573.068 2941.94 2490.47 5721.03 8027.48 3262.14 4460.89 3471.14 6237.73 6996.94 5379.03 4847.6 3114.54 5434.33
threshold=908.50000000000011 847.50000000000011 50.525643078199835 873.78571428571433 44.380270628234705 57.97000021899256 949.91071428571433 521.482142857143 524.55357142857156 55.794205268527399 51.550790831784788 2.5000000000000004 465.75000000000006 458.0535714285715
decision_type=2 2 2 2 2 2 2 2 2 2 2 2 2 2
left_child=2 -2 3 -1 -5 7 -7 12 -9 10 -10 -11 13 -4
right_child=1 -3 5 4 -6 6 -8 8 9 11 -12 -13 -14 -15
leaf_value=-0.016423758857809462 -0.69408198840477897 -0.02594196593061034 0.056238786450454173 -0.14685265049338339 -1.8680504024028779 -0.011566432295456062 0.68117457379897439 1.57228173494339 0.89580598036448178 1.722900442481041 -0.13400014924203479 0.51056770373215066 -0.17458090239587953 1.0528579730321379
leaf_weight=1635 17 534 70 21.000000000000004 9.9999999999999982 733 24 9.9999999999999982 14.999999999999998 9.9999999999999982 82 47 85 17
leaf_count=1635 17 534 70 21 10 733 24 10 15 10 82 47 85 17
internal_value=-1.8607e-06 -0.0465561 0.00929549 -0.029182 -0.702078 0.0679446 0.0103963 0.1976 0.36218 0.283602 0.0252482 0.723258 0.040674 0.25098
internal_weight=3310 551 2759 1666 31 1093 757 336 164 154 97 57 172 87
internal_count=3310 551 2759 1666 31 1093 757 336 164 154 97 57 172 87
is_linear=0
shrinkage=0.05


Tree=216
num_leaves=15
num_cat=0
split_feature=1 1 2 9 9 5 8 8 4 4 7 5 3 9
split_gain=582.971 2036.42 3321.69 2164.54 1867.77 5524.39 3197.52 5878.43 4033.7 2388.38 2920.15 1982.32 1620.05 1489.6
threshold=5.5000000000000009 4.5000000000000009 1.5000000000000002 29.395473668270473 57.97000021899256 878.50000000000011 843.607142857143 864.50000000000011 821.50000000000011 546.50000000000011 781.357142857143 719.00000000000011 773.50000000000011 54.503840221836548
decision_type=2 2 2 2 2 2 2 2 2 2 2 2 2 2
left_child=1 -1 3 -3 13 6 9 -8 12 -6 -11 -12 -9 -4
right_child=-2 2 4 -5 5 -7 7 8 -10 10 11 -13 -14 -15
leaf_value=0.010316607453015473 0.051579221484667453 -1.2542846333980557 -0.041389821791695605 -0.21396270275115967 -0.021462777432273417 -0.97264678307941976 1.2836218142509461 -0.088067299723625189 0.65392405220440464 -1.2847059813412756 0.23818245679140082 -0.67064471105734513 -0.82292667031288147 0.32978955946241817
leaf_weight=2370 470 10.000000000000002 273 9.9999999999999982 34 21 9.9999999999999982 20 13.999999999999998 10.999999999999998 10.000000000000002 14.999999999999998 11.999999999999998 30
leaf_count=2370 470 10 273 10 34 21 10 20 14 11 10 15 12 30
internal_value=-1.76861e-06 -0.00853806 -0.103614 -0.734124 -0.0755911 -0.221838 -0.0967036 0.184905 -0.0539463 -0.321991 -0.605823 -0.307114 -0.36364 -0.00463939
internal_weight=3310 2840 470 20 450 147 126 56 46 70 36 25 32 303
internal_count=3310 2840 470 20 450 147 126 56 46 70 36 25 32 303
is_linear=0
shrinkage=0.05


Tree=217
num_leaves=15
num_cat=0
split_feature=9 9 3 7 9 2 9 2 3 3 8 7 7 3
split_gain=594.847 1267.48 1292.05 3499.04 1354.7 1526.7 1128.83 1842.42 1308.83 2179.48 953.911 1311.76 1420.08 1186.66
threshold=24.563898590831165 28.322126376317161 953.50000000000011 621.57142857142867 27.673622175983166 9.5000000000000018 17.904750583943557 1.5000000000000002 496.50000000000006 426.50000000000006 380.8035714285715 401.21428571428578 382.9285714285715 470.50000000000006
decision_type=2 2 2 2 2 2 2 2 2 2 2 2 2 2
left_child=6 2 3 4 -2 -6 8 -8 9 -1 -3 12 -12 -13
right_child=1 10 -4 -5 5 -7 7 -9 -10 -11 11 13 -14 -15
leaf_value=0.045686540069679406 -0.0097583494310782976 0.37559755391934341 0.42437657207250601 -0.9848383193835617 -0.52180679413405329 0.031814066171646116 0.65108105222384138 0.077583457846238657 0.14046746994319714 -0.9286817661740564 -0.10914898259299143 0.071783360118526179 -0.76043881719762629 -0.011488619812781264
leaf_weight=12.000000000000002 121 17 9.9999999999999982 11.999999999999998 33 20 14.999999999999998 211 19 10.999999999999998 35 528 10.999999999999998 2255
leaf_count=12 121 17 10 12 33 20 15 211 19 11 35 528 11 2255
internal_value=-1.67897e-06 -0.00629307 -0.129278 -0.159044 -0.102093 -0.312893 0.0714102 0.115647 -0.166628 -0.420316 0.0021767 -6.72552e-05 -0.264892 0.00431002
internal_weight=3310 3042 196 186 174 53 268 226 42 23 2846 2829 46 2783
internal_count=3310 3042 196 186 174 53 268 226 42 23 2846 2829 46 2783
is_linear=0
shrinkage=0.05


Tree=218
num_leaves=15
num_cat=1
split_feature=0 2 3 7 3 1 7 8 9 2 4 8 8 3
split_gain=584.122 1958.55 6470.95 4569.22 2732.76 2098.52 1652.68 3193.94 7462.62 4892.5 4037.94 2675.34 5699.62 5881.3
threshold=0 1.0000000180025095e-35 546.50000000000011 487.9285714285715 434.50000000000006 1.0000000180025095e-35 514.64285714285722 525.14285714285722 39.432972046020502 4.5000000000000009 556.50000000000011 839.92857142857144 843.607142857143 724.50000000000011
decision_type=1 2 2 2 2 2 2 2 2 2 2 2 2 2
left_child=6 2 3 4 -2 -6 -1 8 -8 -10 -11 -9 -13 -14
right_child=1 -3 -4 -5 5 -7 7 11 9 10 -12 12 13 -15
leaf_value=0.19730804355477727 0.34029275287281374 -0.0084436814956685442 -1.1243528555421267 0.856374591588974 -0.12870163381099697 -1.1530352789163592 0.11632712464517272 0.17272297457440883 -0.038600889912673408 -0.60969031080603608 -1.7038321715134843 -0.88946708308325884 1.1584205443208868 -0.0059369899208105417
leaf_weight=127 11.000000000000002 1926 17 11.999999999999998 10.000000000000002 9.9999999999999982 71 268 21 24 12.999999999999998 18 10.999999999999998 771
leaf_count=127 11 1926 17 12 10 10 71 268 21 24 13 18 11 771
internal_value=-1.59619e-06 -0.0171213 -0.298528 0.0279615 -0.292714 -0.640868 0.0256139 0.00761134 -0.227394 -0.648155 -0.994119 0.0359968 -0.0098065 0.0104414
internal_weight=3310 1986 60 43 31 20 1324 1197 129 58 37 1068 800 782
internal_count=3310 1986 60 43 31 20 1324 1197 129 58 37 1068 800 782
cat_boundaries=0 1
cat_threshold=165
is_linear=0
shrinkage=0.05


Tree=219
num_leaves=15
num_cat=1
split_feature=5 3 9 9 2 6 7 7 9 0 2 3 9 9
split_gain=600.767 8072.93 8758.33 7076.4 3647.93 5437.8 2847.71 4455.81 2845.01 4045.84 6014.11 8620.36 3859.64 3377.73
threshold=796.50000000000011 800.50000000000011 73.675549711399867 54.503840221836548 6.5000000000000009 862.50000000000011 781.357142857143 807.42857142857156 47.945009898987202 0 9.5000000000000018 910.50000000000011 48.811015089358783 83.997069588319064
decision_type=2 2 2 2 2 2 2 2 2 1 2 2 2 2
left_child=-1 2 3 -2 -4 -6 -3 -8 -9 10 11 -10 -11 -14
right_child=1 6 4 -5 5 -7 7 8 9 12 -12 -13 13 -15
leaf_value=-0.014948012445228974 0.15953404903411866 -0.5387493755817413 -0.18599969531152105 1.6815975245975314 -0.01041496415932973 1.4948263585567476 0.53985754050113055 0.13219483279912123 -0.39049428887665272 -0.99038299471139912 -0.052128202201737486 -1.9619181712468465 0.038811572111400787 -0.37277811391787097
leaf_weight=2218 11.999999999999998 25 38 21 15.000000000000002 9.9999999999999982 37 232 32 9.9999999999999982 61 11.999999999999998 532 55
leaf_count=2218 12 25 38 21 15 10 37 232 32 10 61 12 532 55
internal_value=-1.51479e-06 0.0303568 0.46825 1.12812 0.122604 0.591682 -0.0118497 0.00171617 -0.0196021 -0.0697686 -0.341032 -0.819064 -0.0160772 0.000246951
internal_weight=3310 1092 96 33 63 25 996 971 934 702 105 44 597 587
internal_count=3310 1092 96 33 63 25 996 971 934 702 105 44 597 587
cat_boundaries=0 1
cat_threshold=8
is_linear=0
shrinkage=0.05


Tree=220
num_leaves=15
num_cat=0
split_feature=1 2 1 3 8 1 2 2 2 2 3 6 3 6
split_gain=583.485 1981.04 8552.01 10500.9 8475.29 1643.32 2332.35 18090.8 3998 5838.3 5162.53 8410.46 4504.87 8345.62
threshold=1.0000000180025095e-35 1.0000000180025095e-35 3.5000000000000004 795.50000000000011 514.55357142857156 2.5000000000000004 21.500000000000004 24.500000000000004 4.5000000000000009 6.5000000000000009 477.50000000000006 500.50000000000006 886.50000000000011 899.50000000000011
decision_type=2 2 2 2 2 2 2 2 2 2 2 2 2 2
left_child=-1 2 3 4 -2 6 8 -8 -3 10 -10 -12 -13 -14
right_child=1 5 -4 -5 -6 -7 7 -9 9 -11 11 12 13 -15
leaf_value=0.051602285743710841 -0.98642639853060232 0.089700825166489404 0.55140246514230973 -2.0302881804379549 0.73233084082603461 0.02484960704695786 1.5227777230739594 -0.072218232496525162 -0.046992376020008872 -0.065447060877684135 -1.5388225099870139 -0.14309182906998139 -1.9807815605943848 -0.07410780029992263
leaf_weight=470 16.000000000000004 210 20 10.999999999999998 12.999999999999998 1850 20 160 55 390 21 51 11.000000000000002 11.999999999999998
leaf_count=470 16 210 20 11 13 1850 20 160 55 390 21 51 11 12
internal_value=-1.43971e-06 -0.00854149 -0.292794 -0.714892 -0.215949 -0.00240655 -0.0566258 0.105004 -0.0954168 -0.167407 -0.432503 -0.655693 -0.405075 -0.985995
internal_weight=3310 2840 60 40 29 2780 930 180 750 540 150 95 74 23
internal_count=3310 2840 60 40 29 2780 930 180 750 540 150 95 74 23
is_linear=0
shrinkage=0.05


Tree=221
num_leaves=15
num_cat=0
split_feature=5 2 2 7 3 4 9 9 8 7 8 7 8 7
split_gain=589.303 1497.52 3094.43 1104.32 5094.47 2250.48 2105.62 7785.97 1458.87 1863.53 1283.82 5048.81 4801.86 7361.55
threshold=1058.5000000000002 8.5000000000000018 12.500000000000002 966.07142857142867 1015.5000000000001 1015.5000000000001 60.051554018771029 53.441655601485756 1046.5535714285718 1022.2142857142859 898.17857142857156 922.64285714285722 906.69642857142878 903.07142857142867
decision_type=2 2 2 2 2 2 2 2 2 2 2 2 2 2
left_child=3 -2 -3 4 5 10 7 8 9 -5 11 -1 13 -12
right_child=1 2 -4 6 -6 -7 -8 -9 -10 -11 12 -13 -14 -15
leaf_value=0.0024742851886658916 0.12539297211314401 -1.053937025774609 -0.081809857033658784 0.11720467092735427 -0.99065268773298998 0.684624989827474 0.36079143686372728 -1.053674360116323 -0.082025438919663435 0.84688817818959561 0.30573209673166279 1.075707388736985 0.024428266796928187 -1.0148420498255761
leaf_weight=2887 31 10.999999999999998 32 21 12.999999999999998 11.999999999999998 61 14.999999999999998 24 14.999999999999998 15.999999999999998 10.999999999999998 130 31
leaf_count=2887 31 11 32 21 13 12 61 15 24 15 16 11 130 31
internal_value=-1.36733e-06 -0.139514 -0.330494 0.00318897 -0.00292892 0.00123059 0.142641 -0.0347881 0.219934 0.421239 -0.00143632 0.00654798 -0.132162 -0.565285
internal_weight=3310 74 43 3236 3100 3087 136 75 60 36 3075 2898 177 47
internal_count=3310 74 43 3236 3100 3087 136 75 60 36 3075 2898 177 47
is_linear=0
shrinkage=0.05


Tree=222
num_leaves=15
num_cat=0
split_feature=5 8 7 4 7 4 7 6 6 9 9 9 2 2
split_gain=553.719 3573.02 4624.34 5604.68 4302.38 8098.83 5259.23 11446.9 5051.06 3440.84 3311.29 2496.3 4758.46 3597.68
threshold=796.50000000000011 829.28571428571433 791.50000000000011 833.50000000000011 827.92857142857156 808.50000000000011 837.07142857142867 842.50000000000011 862.50000000000011 80.64690152377932 74.302951249548059 62.218111337626738 6.5000000000000009 3.5000000000000004
decision_type=2 2 2 2 2 2 2 2 2 2 2 2 2 2
left_child=-1 9 3 -3 5 -4 7 -6 -7 11 -10 12 -2 -13
right_child=1 2 4 -5 6 8 -8 -9 10 -11 -12 13 -14 -15
leaf_value=-0.014350618008426345 1.1212379904354319 -1.4468240778893229 1.5379534276632163 0.15592764168977738 0.58471737861633277 -0.70781434476375582 0.0097965869954152202 -1.5992086187998455 1.1581811498511918 1.0290530481508799 0.016057050625483196 -0.77247500236217803 0.086091154813766488 0.19445275694534586
leaf_weight=2218 17 12.000000000000002 12.999999999999998 9.9999999999999982 10.000000000000002 12.999999999999998 880 14.999999999999998 11.000000000000002 13.999999999999998 14.999999999999998 12.999999999999998 32 37
leaf_count=2218 17 12 13 10 10 13 880 15 11 14 15 13 32 37
internal_value=-1.30008e-06 0.0291441 -0.00158316 -0.718301 0.0148931 0.457166 -0.0105193 -0.725638 0.0969042 0.295356 0.499263 0.191601 0.445224 -0.0569485
internal_weight=3310 1092 979 22 957 52 905 25 39 113 26 99 49 50
internal_count=3310 1092 979 22 957 52 905 25 39 113 26 99 49 50
is_linear=0
shrinkage=0.05


Tree=223
num_leaves=15
num_cat=0
split_feature=3 6 6 5 5 9 7 8 6 8 8 7 7 9
split_gain=548.733 3535.86 3917.9 5218.84 5550.88 2310.35 2247.55 3451.97 2137.8 2123.23 3804.77 3241.35 3412.59 2986.21
threshold=540.50000000000011 533.50000000000011 463.50000000000006 500.50000000000006 546.50000000000011 60.051554018771029 581.42857142857156 571.44642857142867 492.50000000000006 489.51785714285717 483.98214285714295 492.14285714285717 485.21428571428578 46.773707003537574
decision_type=2 2 2 2 2 2 2 2 2 2 2 2 2 2
left_child=6 2 -2 8 5 -5 7 9 -4 10 11 12 -1 -13
right_child=1 -3 3 4 -6 -7 -8 -9 -10 -11 -12 13 -14 -15
leaf_value=0.0054604488666018837 0.58210419524799695 -0.001762358006492101 -0.6123677468299864 -0.10549072274938226 -0.93950540015571993 0.7442050325870514 0.65190851730959753 -0.91044077038764959 -1.6462427735328675 0.095654754849619564 -0.32473811322333002 0.024051605540767518 0.46282108164944707 -0.86365770846605305
leaf_weight=792 10.999999999999998 1621 10.000000000000002 40 19 9.9999999999999982 13.999999999999998 9.9999999999999982 9.9999999999999982 597 95 18 43 20
leaf_count=792 11 1621 10 40 19 10 14 10 10 597 95 18 43 20
internal_value=-1.23456e-06 -0.019563 -0.308111 -0.418138 -0.212003 0.0644484 0.0211855 0.0155791 -1.12931 0.0214962 -0.02424 0.0084602 0.0290132 -0.443164
internal_weight=3310 1721 100 89 69 50 1589 1575 20 1565 968 873 835 38
internal_count=3310 1721 100 89 69 50 1589 1575 20 1565 968 873 835 38
is_linear=0
shrinkage=0.05


Tree=224
num_leaves=15
num_cat=0
split_feature=3 9 9 7 7 4 4 6 2 6 7 2 4 8
split_gain=546.159 1701.33 1063.21 897.38 4515.8 2148.33 1145.58 1594.28 14386.4 2648.19 1053.26 4460.36 3739.36 2856.92
threshold=1079.5000000000002 37.293735900994889 52.688097736869928 1024.6428571428576 1022.2142857142859 1009.5000000000001 1039.5000000000002 1018.5000000000001 3.5000000000000004 1007.5000000000001 965.07142857142867 4.5000000000000009 911.50000000000011 953.07142857142878
decision_type=2 2 2 2 2 2 2 2 2 2 2 2 2 2
left_child=3 -2 -3 4 6 -5 7 9 -9 10 13 -12 -13 -1
right_child=1 2 -4 5 -6 -7 -8 8 -10 -11 11 12 -14 -15
leaf_value=0.000290679631915181 -0.61010902245839438 0.2567253249032157 -0.27518228798666422 0.85915168792009355 -1.0125673516230149 0.065625277534127238 0.43817978382110595 -1.9110355710983271 0.41165972113609312 0.74500933463374786 1.1719149541854859 -0.79972017895091663 0.2384827663894834 -0.64969632345087391
leaf_weight=3042 14.999999999999998 21 17 9.9999999999999982 10.999999999999998 58 14.999999999999998 10.000000000000002 20 11.999999999999998 9.9999999999999982 10.999999999999998 41 17
leaf_count=3042 15 21 17 10 11 58 15 10 20 12 10 11 41 17
internal_value=-1.17277e-06 -0.159217 0.0187667 0.00258969 -0.00124276 0.18232 0.00225773 0.000190446 -0.362572 0.00366407 0.000813659 0.204839 0.0188629 -0.00332154
internal_weight=3310 53 38 3257 3189 68 3178 3163 30 3133 3121 62 52 3059
internal_count=3310 53 38 3257 3189 68 3178 3163 30 3133 3121 62 52 3059
is_linear=0
shrinkage=0.05


Tree=225
num_leaves=15
num_cat=0
split_feature=1 2 1 9 3 1 9 2 2 9 9 9 3 3
split_gain=546.724 1744.54 7667.84 11020.8 26918.6 1465.76 3723.43 3411.9 5500.64 4868.26 7748.12 2424.27 6540.44 6188.6
threshold=1.0000000180025095e-35 1.0000000180025095e-35 3.5000000000000004 75.556572090496886 501.50000000000006 2.5000000000000004 105.01008703336356 2.5000000000000004 6.5000000000000009 59.135957919766504 70.42155264556304 65.945519235208351 724.50000000000011 821.50000000000011
decision_type=2 2 2 2 2 2 2 2 2 2 2 2 2 2
left_child=-1 2 3 4 -2 6 7 11 9 -9 -11 -3 -13 -14
right_child=1 5 -4 -5 -6 -7 -8 8 -10 10 -12 12 13 -15
leaf_value=0.049950589929964956 0.15587089412352617 0.27288786480426791 0.52435288965702065 0.76280161023139958 -2.8665914645561807 0.023230866145443271 -0.80987656861543655 -0.16869070299286792 -0.0066899024981680565 -1.4437520937655461 -0.17967697900754434 -1.0911059400210015 1.1042982223754125 -0.50149822557965917
leaf_weight=470 17.000000000000004 125 20 9.9999999999999982 12.999999999999998 1850 15.999999999999998 141 562 22 27 12.999999999999998 12.000000000000002 11.999999999999998
leaf_count=470 17 125 20 10 13 1850 16 141 562 22 27 13 12 12
internal_value=-1.11432e-06 -0.00826777 -0.275013 -0.674697 -1.15386 -0.00251067 -0.0537169 -0.04048 -0.0853177 -0.317891 -0.747221 0.167656 -0.187859 0.3014
internal_weight=3310 2840 60 40 30 2780 930 914 752 190 49 162 37 24
internal_count=3310 2840 60 40 30 2780 930 914 752 190 49 162 37 24
is_linear=0
shrinkage=0.05


Tree=226
num_leaves=15
num_cat=1
split_feature=8 0 9 3 8 8 9 6 3 7 9 7 9 2
split_gain=526.72 778.055 2425.17 4531.81 1767.48 2954.61 2067.42 1585.73 5056.52 2098.86 1887 1713.27 1541.58 8000.85
threshold=377.3035714285715 0 69.864881788912342 544.50000000000011 457.08928571428572 429.44642857142861 34.166668521298284 429.50000000000006 452.50000000000006 473.28571428571439 49.522134321879783 489.21428571428578 37.293735900994889 23.500000000000004
decision_type=2 1 2 2 2 2 2 2 2 2 2 2 2 2
left_child=-1 2 3 4 5 -2 -7 8 9 10 -6 -11 13 -9
right_child=1 -3 -4 -5 7 6 -8 12 -10 11 -12 -13 -14 -15
leaf_value=0.30603717671973363 -0.15229190352295216 0.010825925547431883 0.27714751369964619 -0.9089808711782098 -0.96338976671298315 0.83769135691902863 0.12720436939868976 -1.5905068469047547 -1.390980064868927 0.46576616964302953 -0.10893635324069434 -0.27803742100795109 -0.0097317274961922634 -0.026952232983377247
leaf_weight=13.999999999999998 120 2642 52 15.999999999999998 12.000000000000002 10.999999999999998 148 9.9999999999999982 9.9999999999999982 16.000000000000004 13.999999999999998 14.999999999999998 185 45
leaf_count=14 120 2642 52 16 12 11 148 10 10 16 14 15 185 45
internal_value=-1.0583e-06 -0.00130098 -0.0496964 -0.0787542 -0.0560859 0.035003 0.176358 -0.138867 -0.353939 -0.172002 -0.503299 0.105861 -0.0788262 -0.311235
internal_weight=3310 3296 654 602 586 279 159 307 67 57 26 31 240 55
internal_count=3310 3296 654 602 586 279 159 307 67 57 26 31 240 55
cat_boundaries=0 1
cat_threshold=80
is_linear=0
shrinkage=0.05


Tree=227
num_leaves=15
num_cat=1
split_feature=5 0 8 7 2 1 4 7 2 5 7 9 3 4
split_gain=533.401 640.45 6077.44 8654.58 7225.72 4883.03 4086.89 3798.81 9677.5 3752.15 3517.15 10933.1 5739.17 13589.3
threshold=1106.5000000000002 0 839.92857142857144 834.28571428571433 2.5000000000000004 2.5000000000000004 958.50000000000011 844.50000000000011 5.5000000000000009 786.50000000000011 908.50000000000011 75.286564311082756 847.50000000000011 939.50000000000011
decision_type=2 1 2 2 2 2 2 2 2 2 2 2 2 2
left_child=1 2 4 5 -1 -4 -3 8 -5 -6 11 -9 -13 -14
right_child=-2 6 3 7 9 -7 -8 10 -10 -11 -12 12 13 -15
leaf_value=1.2498025035858156 -0.23008030462265017 -0.0051410150913762517 -0.14137085337530478 1.5441272991044181 -0.29337392603909529 -1.5491174663816181 -0.97091219777410687 0.023131259260163274 -0.15299064971151807 0.42017510260680119 0.085578026674892352 -0.22391259744763375 -2.6028721650441482 -0.10718847990036012
leaf_weight=20 25 2637 11.000000000000002 13.999999999999998 27 13.999999999999998 10.999999999999998 126 21 58 308 15.999999999999998 12.000000000000002 9.9999999999999982
leaf_count=20 25 2637 11 14 27 14 11 126 21 58 308 16 12 10
internal_value=6.2979e-07 0.00175163 0.0463539 -0.0215303 0.394715 -0.929709 -0.00911847 0.0232517 0.525857 0.193518 -0.0140178 -0.201063 -0.944446 -1.46847
internal_weight=3310 3285 637 532 105 25 2648 507 35 85 472 164 38 22
internal_count=3310 3285 637 532 105 25 2648 507 35 85 472 164 38 22
cat_boundaries=0 1
cat_threshold=132
is_linear=0
shrinkage=0.05


Tree=228
num_leaves=15
num_cat=0
split_feature=3 8 8 8 6 2 7 8 1 2 7 4 2 8
split_gain=536.569 3101.5 3641.6 2929.38 2453.01 6497.62 3826.84 2437.59 1464.23 1223.2 1195.71 4881.21 2035.69 2586.17
threshold=1002.5000000000001 956.25000000000011 975.62500000000011 953.07142857142878 996.50000000000011 14.500000000000002 966.07142857142867 1051.8750000000002 3.5000000000000004 3.5000000000000004 908.50000000000011 958.50000000000011 12.500000000000002 894.03571428571433
decision_type=2 2 2 2 2 2 2 2 2 2 2 2 2 2
left_child=1 3 -3 10 5 -2 -6 9 -4 -8 11 -1 13 -12
right_child=4 2 8 -5 6 -7 7 -9 -10 -11 12 -13 -14 -15
leaf_value=-0.00033616964288499788 -1.390440152088801 0.91934435442090034 -0.41489065065979941 -0.81576911373571925 -0.73959859721362597 0.17052361542979877 0.81710925877094276 -0.10934817956951566 0.33448594817891719 0.21328146580893259 0.7397750319346138 -0.78415880352258682 -0.088341571372889338 0.13465000608886935
leaf_weight=2887 12 20 11.000000000000002 10.999999999999998 15.999999999999998 15 9.9999999999999982 78 15.999999999999998 52 23 20 63 76
leaf_count=2887 12 20 11 11 16 15 10 78 16 52 23 20 63 76
internal_value=5.9815e-07 0.00487062 0.407976 -0.00128067 -0.0832155 -0.523238 -0.00705774 0.0766612 0.0291844 0.310673 0.00163865 -0.00572883 0.133844 0.275235
internal_weight=3310 3127 47 3080 183 27 156 140 27 62 3069 2907 162 99
internal_count=3310 3127 47 3080 183 27 156 140 27 62 3069 2907 162 99
is_linear=0
shrinkage=0.05


Tree=229
num_leaves=15
num_cat=1
split_feature=2 5 6 0 8 8 3 3 1 3 6 8 3 6
split_gain=520.503 3512.35 38696.7 3719.75 3799.33 9539.65 3338.54 3204.51 5783.3 3740.51 2919.01 3490.87 2442.03 2299.56
threshold=1.5000000000000002 908.50000000000011 889.50000000000011 0 860.94642857142878 829.28571428571433 1002.5000000000001 546.50000000000011 2.5000000000000004 511.50000000000006 470.50000000000006 420.66071428571439 468.50000000000006 479.50000000000006
decision_type=2 2 2 1 2 2 2 2 2 2 2 2 2 2
left_child=1 2 3 7 5 13 -3 9 -9 10 11 -1 -12 -5
right_child=-2 6 -4 4 -6 -7 -8 8 -10 -11 12 -13 -14 -15
leaf_value=-0.64474384784698491 0.0062601451495309605 0.52372891455888748 -3.1894194549322132 0.36555633572014901 -0.76326274394989024 1.4778158136776516 -0.39583414426216712 0.081768254297120216 -1.2905357097878176 0.51912925541400912 -0.17089741446755147 0.43396933257579806 -1.2022861580053965 -0.10707520409937828
leaf_weight=11.999999999999998 3010 41 9.9999999999999982 44 9.9999999999999982 13.999999999999998 12.999999999999998 14.000000000000002 17 20 11.000000000000002 20 11.999999999999998 62
leaf_count=12 3010 41 10 44 10 14 13 14 17 20 11 20 12 62
internal_value=5.68781e-07 -0.0628038 -0.14296 -0.0138729 0.160733 0.251127 0.302353 -0.222212 -0.670786 -0.0664301 -0.279361 0.0294519 -0.709013 0.0891115
internal_weight=3310 300 246 236 130 120 54 106 31 75 55 32 23 106
internal_count=3310 300 246 236 130 120 54 106 31 75 55 32 23 106
cat_boundaries=0 1
cat_threshold=771
is_linear=0
shrinkage=0.05


Tree=230
num_leaves=15
num_cat=0
split_feature=3 4 9 2 9 2 5 7 1 1 5 3 9 2
split_gain=528.79 4180.65 8202.86 8501.53 6314.09 3843.95 3506.77 3514.25 2545.59 3693.54 1804.72 2570.87 6506.69 2421.93
threshold=864.50000000000011 858.50000000000011 71.128816860948703 12.500000000000002 77.755968385109924 5.5000000000000009 798.50000000000011 842.21428571428589 4.5000000000000009 2.5000000000000004 837.50000000000011 875.50000000000011 52.228074726109746 3.5000000000000004
decision_type=2 2 2 2 2 2 2 2 2 2 2 2 2 2
left_child=1 -1 3 -3 5 -4 7 -2 9 -6 13 12 -12 -8
right_child=6 2 4 -5 8 -7 10 -9 -10 -11 11 -13 -14 -15
leaf_value=-0.0021445075975906535 -1.181744705255215 1.4477656968832016 -1.3275503963232038 -0.0015021349577342762 0.041690704878419631 -0.00021911680698394776 0.86967941270424776 -0.11487138138005609 -0.36050441324710847 1.1537502080202102 -1.5253213541768487 -0.014028880974979369 0.065395494705686966 0.056616190893034782
leaf_weight=2409 12.999999999999998 25 12.000000000000002 17 16.000000000000004 9.9999999999999982 12.999999999999998 19 9.9999999999999982 13.999999999999998 10.000000000000002 693 18 31
leaf_count=2409 13 25 12 17 16 10 13 19 10 14 10 693 18 31
internal_value=5.40536e-07 0.0112552 0.321638 0.861157 -0.0438433 -0.724218 -0.0354861 -0.548289 0.330363 0.560652 -0.0140355 -0.0330071 -0.502718 0.296839
internal_weight=3310 2513 104 42 62 22 797 32 40 30 765 721 28 44
internal_count=3310 2513 104 42 62 22 797 32 40 30 765 721 28 44
is_linear=0
shrinkage=0.05


Tree=231
num_leaves=15
num_cat=1
split_feature=3 7 0 3 9 7 8 3 5 6 1 9 7 8
split_gain=507.504 3775.08 2159.74 2904.03 4034.68 9271.44 3369.73 4026.45 3868.94 3248.95 4146.18 3013.25 3077.44 3009.16
threshold=511.50000000000006 549.92857142857156 0 589.50000000000011 53.670104154995748 508.9285714285715 546.71428571428578 606.00000000000011 544.50000000000011 502.50000000000006 3.5000000000000004 58.177376503477568 549.92857142857156 489.07142857142861
decision_type=2 2 1 2 2 2 2 2 2 2 2 2 2 2
left_child=1 -1 3 4 9 13 -5 -8 -9 10 -2 -7 -13 -6
right_child=2 -3 -4 6 5 11 7 8 -10 -11 -12 12 -14 -15
leaf_value=0.013544424044718256 -1.1696875004207388 0.67438403015786952 0.014208209074674917 0.20403396928062045 0.11887586408239954 1.4004324853420258 -1.089038830548525 -1.2019292235374452 -0.14326783250721672 -0.085330852785306735 -0.13002986569296232 1.0504617370091951 -0.017882353067398073 -0.43664406828190155
leaf_weight=1222 17 22 1558 24 68 13.999999999999998 20 9.9999999999999982 63 205 22 13.000000000000002 13.999999999999998 38
leaf_count=1222 17 22 1558 24 68 14 20 10 63 205 22 13 14 38
internal_value=5.13253e-07 0.0252313 -0.0151917 -0.103599 -0.0402439 0.166686 -0.324181 -0.460494 -0.28829 -0.164911 -0.583214 0.805164 0.496506 -0.0802728
internal_weight=3310 1244 2066 508 391 147 117 93 73 244 39 41 27 106
internal_count=3310 1244 2066 508 391 147 117 93 73 244 39 41 27 106
cat_boundaries=0 1
cat_threshold=338
is_linear=0
shrinkage=0.05


Tree=232
num_leaves=15
num_cat=0
split_feature=1 2 1 9 3 1 9 2 2 9 9 7 5 7
split_gain=510.304 1615.73 6672.23 9608.26 29838.6 1345.6 3126.75 2941.78 4816.1 4268.64 6915.11 2589.34 2398.97 13892.5
threshold=1.0000000180025095e-35 1.0000000180025095e-35 3.5000000000000004 64.774410078004124 500.50000000000006 2.5000000000000004 105.01008703336356 2.5000000000000004 6.5000000000000009 59.135957919766504 70.42155264556304 886.14285714285722 811.50000000000011 821.14285714285722
decision_type=2 2 2 2 2 2 2 2 2 2 2 2 2 2
left_child=-1 2 3 4 -2 6 7 12 9 -9 -11 -12 13 -3
right_child=1 5 -4 -5 -6 -7 -8 8 -10 10 11 -13 -14 -15
leaf_value=0.04826188197042397 0.17261946519215898 0.0948330565764193 0.48097384810447696 0.36290326188007993 -3.353391444683075 0.022220423314619708 -0.74443395696580417 -0.15892114943117963 -0.0074373814251664965 -1.3586771490898999 -0.54002627239507772 0.47393628597259529 -0.19976523122372661 1.9554915298115123
leaf_weight=470 15.000000000000002 114 20 14.999999999999998 9.9999999999999982 1850 15.999999999999998 141 562 22 17.000000000000004 9.9999999999999982 37 10.999999999999998
leaf_count=470 15 114 20 15 10 1850 16 141 562 22 17 10 37 11
internal_value=2.63384e-06 -0.00798393 -0.264693 -0.637527 -1.23778 -0.00244344 -0.051506 -0.0393759 -0.0810102 -0.298631 -0.700653 -0.164485 0.153889 0.258571
internal_weight=3310 2840 60 40 25 2780 930 914 752 190 49 27 162 125
internal_count=3310 2840 60 40 25 2780 930 914 752 190 49 27 162 125
is_linear=0
shrinkage=0.05


Tree=233
num_leaves=15
num_cat=0
split_feature=3 5 3 2 5 9 8 8 8 7 6 3 7 2
split_gain=499.19 2557.4 3649.52 5109.61 4745.48 4417.17 2501.43 3295.53 2395.66 2655.78 2240.54 3566.75 13176.1 5633.08
threshold=908.50000000000011 867.50000000000011 940.50000000000011 3.5000000000000004 850.50000000000011 65.571675317164761 854.17857142857156 868.05357142857156 875.42857142857144 877.21428571428589 832.50000000000011 745.50000000000011 812.14285714285722 1.5000000000000002
decision_type=2 2 2 2 2 2 2 2 2 2 2 2 2 2
left_child=10 2 3 -2 -4 -5 -3 -8 -9 -10 -1 12 -12 -13
right_child=1 6 4 5 -6 -7 7 8 9 -11 11 13 -14 -15
leaf_value=-0.010413389803655367 0.22261613973162395 -0.66197637617588045 0.6260960489511489 -0.43198873675786525 -0.61699411241071567 -1.7622893571853639 0.52329710334539414 -0.58322916924953461 0.73895393212636318 -0.015685979133335557 -0.27595921040457833 -0.54028908189605263 1.8386399159064659 0.1333245403279833
leaf_weight=2339 10.999999999999998 13.999999999999998 17.000000000000004 13.000000000000002 13.999999999999998 11.999999999999998 30 18 11.999999999999998 410 17.000000000000004 34 12.999999999999998 356
leaf_count=2339 11 14 17 13 14 12 30 18 12 410 17 34 13 356
internal_value=2.5023e-06 -0.0434474 -0.332968 -0.675404 0.0647005 -1.07053 -0.00336918 0.0162489 -0.0183226 0.00577298 0.00867988 0.115011 0.640367 0.0745993
internal_weight=3310 551 67 36 31 25 484 470 440 422 2759 420 30 390
internal_count=3310 551 67 36 31 25 484 470 440 422 2759 420 30 390
is_linear=0
shrinkage=0.05


Tree=234
num_leaves=15
num_cat=0
split_feature=3 3 6 7 3 6 9 9 6 3 5 2 2 5
split_gain=495.511 1398.49 1056.26 897.271 759.357 5180.91 2053.18 1705.61 1440.19 2602.38 2130.36 964.844 849.093 3919.16
threshold=324.50000000000006 367.00000000000006 370.50000000000006 382.9285714285715 407.50000000000006 456.50000000000006 42.329863533581111 50.145330988381723 399.00000000000006 426.50000000000006 397.50000000000006 7.5000000000000009 1.5000000000000002 908.50000000000011
decision_type=2 2 2 2 2 2 2 2 2 2 2 2 2 2
left_child=-1 3 -3 -2 5 6 -4 11 9 -6 -11 -8 13 -10
right_child=1 2 4 -5 8 -7 7 -9 12 10 -12 -13 -14 -15
leaf_value=0.29683541910988942 -0.091391563075868501 0.27125252520458565 0.17970940804066646 -0.63192704426390789 0.074737239837646491 1.1041160315275194 -0.87568484111265676 0.0054451342815390004 -0.18628748283146673 -1.1648251533508298 -0.20149792805314065 -0.22738567988077799 0.0058512542275468591 0.29154346684614818
leaf_weight=13.999999999999998 17.000000000000004 36 88 13.999999999999998 25 11.999999999999998 11.000000000000002 39 209 11.000000000000002 11.999999999999998 11.999999999999998 2756 54
leaf_count=14 17 36 88 14 25 12 11 39 209 11 12 12 2756 54
internal_value=2.37759e-06 -0.00125844 0.0019151 -0.335504 -0.00108773 0.104414 0.0244375 -0.195948 -0.00666035 -0.278388 -0.66222 -0.537442 -0.00234007 -0.0881777
internal_weight=3310 3296 3265 31 3229 162 150 62 3067 48 23 23 3019 263
internal_count=3310 3296 3265 31 3229 162 150 62 3067 48 23 23 3019 263
is_linear=0
shrinkage=0.05


Tree=235
num_leaves=15
num_cat=0
split_feature=5 4 3 7 4 3 2 7 8 4 5 8 6 3
split_gain=498.327 1574.96 964.393 1728.54 867.803 1671.27 8918.63 1650.45 3230.6 2970.82 2349.01 1405.98 1283.09 2096.99
threshold=1058.5000000000002 1058.5000000000002 1085.0000000000002 1088.714285714286 1036.5000000000002 1015.5000000000001 6.5000000000000009 1024.6428571428576 997.21428571428589 997.50000000000011 1001.5000000000001 1046.5535714285718 960.50000000000011 862.50000000000011
decision_type=2 2 2 2 2 2 2 2 2 2 2 2 2 2
left_child=4 -2 -3 -4 5 7 -7 8 9 12 -11 -6 -1 -14
right_child=1 2 3 -5 11 6 -8 -9 -10 10 -12 -13 13 -15
leaf_value=0.0047374849159659759 -0.68031999089501127 0.16685210752391047 -0.76951078891754154 0.023305891792882574 0.39211593423570906 -1.5355071929368107 0.12887860261524717 0.64496701657772071 -0.8956631910800934 0.14055240580013817 1.1439063876867295 -0.12538438313418912 -0.88891725778579722 -0.09705882009630111
leaf_weight=3034 10.999999999999998 31 9.9999999999999982 22 35 10.999999999999998 30 9.9999999999999982 9.9999999999999982 14.000000000000002 9.9999999999999982 21 9.9999999999999982 51
leaf_count=3034 11 31 10 22 35 11 30 10 10 14 10 21 10 51
internal_value=2.25813e-06 -0.12829 -0.0319042 -0.224449 0.00293602 -0.000500009 -0.317664 0.00364262 0.00159301 0.00446975 0.558617 0.198053 0.000172652 -0.226872
internal_weight=3310 74 63 32 3236 3180 41 3139 3129 3119 24 56 3095 61
internal_count=3310 74 63 32 3236 3180 41 3139 3129 3119 24 56 3095 61
is_linear=0
shrinkage=0.05


Tree=236
num_leaves=15
num_cat=0
split_feature=4 6 2 6 3 3 4 8 7 2 8 8 7 6
split_gain=493.121 1056.17 2871.99 830.315 2478.53 1347.14 2289.82 3484.64 5303.87 1095.47 911.535 2368.69 2204.83 1973.64
threshold=364.50000000000006 375.50000000000006 2.5000000000000004 396.50000000000006 426.50000000000006 407.50000000000006 491.50000000000006 447.73214285714295 419.00000000000006 4.5000000000000009 430.01785714285717 454.01785714285717 452.35714285714295 429.50000000000006
decision_type=2 2 2 2 2 2 2 2 2 2 2 2 2 2
left_child=-1 2 -2 4 -3 6 7 8 9 -5 13 -12 -13 -7
right_child=1 3 -4 5 -6 10 -8 -9 -10 -11 11 12 -14 -15
leaf_value=-0.17449038922321053 0.80927668760220206 -0.027866875411321719 -0.010918117576354259 -0.30415272831916812 -0.69414805699797244 0.025225878700844407 0.8967027717456223 -0.29833013682493142 1.0790047209052478 0.21369133917614819 0.22261724800297644 -0.29620237289927903 0.00076825573247270827 -0.32921185902404515
leaf_weight=40 14.999999999999998 78 37 14.999999999999998 17 97 9.9999999999999982 35 17 32 118 64 2669 66
leaf_count=40 15 78 37 15 17 97 10 35 17 32 118 64 2669 66
internal_value=2.14554e-06 0.00213661 0.225677 -0.00147559 -0.147096 0.00295411 0.175637 0.102802 0.322171 0.048422 -0.00329088 0.00328389 -0.00618605 -0.118289
internal_weight=3310 3270 52 3218 95 3123 109 99 64 47 3014 2851 2733 163
internal_count=3310 3270 52 3218 95 3123 109 99 64 47 3014 2851 2733 163
is_linear=0
shrinkage=0.05


Tree=237
num_leaves=15
num_cat=1
split_feature=3 4 9 2 9 2 1 1 0 8 3 2 8 2
split_gain=484.904 3519.14 7343.41 7596.22 5359.69 3366.03 2242.46 2920.6 2073.74 3516.86 3105.27 3983.48 2899.62 9260.01
threshold=864.50000000000011 858.50000000000011 71.128816860948703 12.500000000000002 77.755968385109924 5.5000000000000009 4.5000000000000009 2.5000000000000004 0 845.857142857143 927.50000000000011 5.5000000000000009 842.16071428571433 8.5000000000000018
decision_type=2 2 2 2 2 2 2 2 1 2 2 2 2 2
left_child=1 -1 3 -3 5 -4 7 -6 9 10 11 -2 13 -10
right_child=8 2 4 -5 6 -7 -8 -9 12 -11 -12 -13 -14 -15
leaf_value=-0.0015144142860342971 1.4062242691333475 1.3605193182229998 -1.2416859587033588 -0.0094121228246127862 0.049178161472082128 0.0003936672210693359 -0.3539191859960556 1.0380564970629556 -1.2655659727074884 -0.0092684422871185997 -0.1544594373021807 0.24352858478532122 -0.057469935090083517 -0.0092174843969670215
leaf_weight=2409 13.000000000000002 25 12.000000000000002 17 16.000000000000004 9.9999999999999982 9.9999999999999982 13.999999999999998 22 423 13.999999999999998 17 264 44
leaf_count=2409 13 25 12 17 16 10 10 14 22 423 14 17 264 44
internal_value=2.03697e-06 0.0107795 0.295549 0.806023 -0.0502556 -0.677104 0.294511 0.510655 -0.0339801 0.0342514 0.46042 0.747363 -0.127706 -0.428
internal_weight=3310 2513 104 42 62 22 40 30 797 467 44 30 330 66
internal_count=3310 2513 104 42 62 22 40 30 797 467 44 30 330 66
cat_boundaries=0 1
cat_threshold=132
is_linear=0
shrinkage=0.05


Tree=238
num_leaves=15
num_cat=0
split_feature=1 2 4 7 5 4 2 2 7 5 4 9 5 4
split_gain=491.943 1532.43 6499.5 12904.3 7803.05 3417.56 1322.78 1830.14 2113.14 4397.33 2144.03 1349.52 1228.56 1213.63
threshold=1.0000000180025095e-35 1.0000000180025095e-35 903.50000000000011 578.07142857142867 530.50000000000011 477.50000000000006 5.5000000000000009 13.500000000000002 885.07142857142867 549.50000000000011 580.50000000000011 42.329863533581111 931.50000000000011 498.50000000000006
decision_type=2 2 2 2 2 2 2 2 2 2 2 2 2 2
left_child=6 2 3 4 5 -2 11 8 9 13 -11 -1 -12 -8
right_child=1 -3 -4 -5 -6 -7 7 -9 -10 10 12 -13 -14 -15
leaf_value=-0.02272388139774777 -0.45425791939099619 -0.0024438454377732279 -1.1591973066329957 1.6266397160291672 -1.4435480813185375 0.76586960472843868 -0.15806894701074911 0.10023896546594591 0.25549501797982627 -1.0748184541861217 -0.18738448595007262 0.29733198061585425 -0.81426041918722081 0.26242664251476527
leaf_weight=53 12.000000000000002 2780 14.999999999999998 9.9999999999999982 11.999999999999998 10.999999999999998 37 180 28 14.999999999999998 27 87 10.999999999999998 32
leaf_count=53 12 2780 15 10 12 11 37 180 28 15 27 87 11 32
internal_value=1.93678e-06 -0.00783963 -0.257844 0.0426065 -0.409974 0.129281 0.047385 -0.00725014 -0.136237 -0.226143 -0.568651 0.176168 -0.368849 0.0369435
internal_weight=3310 2840 60 45 35 23 470 330 150 122 53 140 38 69
internal_count=3310 2840 60 45 35 23 470 330 150 122 53 140 38 69
is_linear=0
shrinkage=0.05


Tree=239
num_leaves=15
num_cat=1
split_feature=8 0 9 3 1 7 7 3 3 9 9 9 5 7
split_gain=486.77 702.084 2202.54 3917.3 1827.81 1607.36 5062.76 4596.57 4492.89 3205.27 2766.9 2991.98 3445.9 2543.71
threshold=377.3035714285715 0 69.864881788912342 540.50000000000011 4.5000000000000009 514.64285714285722 497.35714285714295 457.50000000000006 535.50000000000011 39.835566290642475 26.892275939485291 52.006448002969464 479.50000000000006 544.14285714285722
decision_type=2 1 2 2 2 2 2 2 2 2 2 2 2 2
left_child=-1 2 3 -2 -5 6 8 -8 10 -9 -3 -12 -13 -7
right_child=1 5 -4 4 -6 13 7 9 -10 -11 11 12 -14 -15
leaf_value=0.29420501142740252 -0.049488797988634016 0.19691029317187275 0.26426319944170806 -1.1804015966978938 -0.28809729559967912 -0.1373058437899233 1.2733491136269137 0.044840662480731097 -0.96690901666879658 0.44434419276684034 -0.1123322816044434 -0.22222053654053631 0.69324950707646515 0.013099843203430859
leaf_weight=13.999999999999998 579 145 52 11 12 343 10.999999999999998 112 11.999999999999998 91 327 17 26 1558
leaf_count=14 579 145 52 11 12 343 11 112 12 91 327 17 26 1558
internal_value=1.84017e-06 -0.00124781 -0.0472197 -0.0749096 -0.714852 0.0102719 0.0727766 0.277871 -0.0105063 0.223928 0.0117788 -0.0607728 0.331319 -0.0140381
internal_weight=3310 3296 654 602 23 2642 741 214 527 203 515 370 43 1901
internal_count=3310 3296 654 602 23 2642 741 214 527 203 515 370 43 1901
cat_boundaries=0 1
cat_threshold=80
is_linear=0
shrinkage=0.05


Tree=240
num_leaves=15
num_cat=0
split_feature=1 1 2 9 9 5 8 8 4 4 7 6 5 2
split_gain=484.838 1979.28 2561.98 2002.2 1625.93 4436.18 2668.64 5161.31 3503.6 2029.77 2450.59 1730.96 1583.06 1365.55
threshold=5.5000000000000009 4.5000000000000009 1.5000000000000002 29.395473668270473 57.97000021899256 878.50000000000011 843.607142857143 864.50000000000011 821.50000000000011 546.50000000000011 781.357142857143 889.50000000000011 719.00000000000011 7.5000000000000009
decision_type=2 2 2 2 2 2 2 2 2 2 2 2 2 2
left_child=1 -1 3 -3 -4 6 9 -8 -9 -6 -11 -7 -12 -2
right_child=13 2 4 -5 5 11 7 8 -10 10 12 -13 -14 -15
leaf_value=0.01080528930090918 0.14606592110637576 -1.1555233168601986 -0.01070608264649834 -0.15497232913970949 -0.029986272314015558 -0.41006182789802542 1.1855666816234589 -0.3563897367566824 0.59195650283779411 -1.1906025972555985 0.19224485769867891 -1.3189850926399231 -0.61991727689901988 -0.026309979332059072
leaf_weight=2370 200 10.000000000000002 303 9.9999999999999982 34 10.000000000000002 9.9999999999999982 32 13.999999999999998 10.999999999999998 10.000000000000002 10.999999999999998 14.999999999999998 270
leaf_count=2370 200 10 303 10 34 10 10 32 14 11 10 11 15 270
internal_value=1.74789e-06 -0.00778299 -0.101515 -0.655248 -0.0769051 -0.213356 -0.101221 0.156046 -0.0677626 -0.307035 -0.568693 -0.886164 -0.295052 0.0470415
internal_weight=3310 2840 470 20 450 147 126 56 46 70 36 21 25 470
internal_count=3310 2840 470 20 450 147 126 56 46 70 36 21 25 470
is_linear=0
shrinkage=0.05


Tree=241
num_leaves=15
num_cat=0
split_feature=3 4 3 4 2 5 7 6 7 7 6 6 2 7
split_gain=471.373 3212.02 5846.98 4300 7914.88 2992.31 3082.12 2553.01 5612.87 9307.47 5430.98 2496.53 1915.65 4740.99
threshold=864.50000000000011 836.50000000000011 698.50000000000011 821.50000000000011 5.5000000000000009 798.50000000000011 842.21428571428589 814.50000000000011 826.50000000000011 791.50000000000011 857.50000000000011 963.50000000000011 13.500000000000002 847.50000000000011
decision_type=2 2 2 2 2 2 2 2 2 2 2 2 2 2
left_child=1 3 -3 7 -5 6 -2 -1 9 10 -9 12 13 -4
right_child=5 2 11 4 -6 -7 -8 8 -10 -11 -12 -13 -14 -15
leaf_value=-0.0059970194236667095 -1.1004316076206473 1.3907894396781924 -0.011522093559043449 -1.3398507686222301 -0.018514945127946488 -0.013688288512304912 -0.10130263835583862 0.95123672326405839 -0.17604425773890908 1.6492059808969497 -0.24349022297045361 -0.61997651338577275 -0.080210225416554357 0.64225827610051189
leaf_weight=2187 12.999999999999998 9.9999999999999982 57 17 34 765 19 14.999999999999998 43 14.999999999999998 26 9.9999999999999982 45 54
leaf_count=2187 13 10 57 17 34 765 19 15 43 15 26 10 45 54
internal_value=1.65981e-06 0.0106277 0.216613 -0.00488509 -0.45896 -0.033503 -0.507199 0.00524519 0.253596 0.583498 0.193605 0.145879 0.194973 0.306533
internal_weight=3310 2513 176 2337 51 797 32 2286 99 56 41 166 156 111
internal_count=3310 2513 176 2337 51 797 32 2286 99 56 41 166 156 111
is_linear=0
shrinkage=0.05


Tree=242
num_leaves=15
num_cat=0
split_feature=3 9 9 6 5 6 7 6 4 5 6 2 3 7
split_gain=457.694 1521.55 987.279 898.47 2434.08 1615.28 4653.33 2640.59 1033.68 2606.67 3085.31 1954.36 1188.46 1896.09
threshold=1079.5000000000002 37.293735900994889 52.688097736869928 1035.5000000000002 1030.5000000000002 1018.5000000000001 971.64285714285722 1007.5000000000001 991.50000000000011 969.00000000000011 974.50000000000011 11.500000000000002 991.50000000000011 965.07142857142867
decision_type=2 2 2 2 2 2 2 2 2 2 2 2 2 2
left_child=3 -2 -3 4 5 7 -7 8 9 12 -11 -10 13 -1
right_child=1 2 -4 -5 -6 6 -8 -9 11 10 -12 -13 -14 -15
leaf_value=-0.00069804208808478508 -0.57215464850266773 0.25187180042266849 -0.26069168634712697 0.17828984267248865 -0.61670173667371275 -1.2161193728446957 0.27415135990489614 0.68962788475411285 0.5953506227050509 -1.1923693500459192 0.049667205363512046 -0.021673565177303372 -0.47572305844380303 0.38621742783579976
leaf_weight=3016 14.999999999999998 21 17 71 15.999999999999998 10.000000000000002 10.999999999999998 13.999999999999998 21 10.000000000000002 9.9999999999999982 33 12.999999999999998 32
leaf_count=3016 15 21 17 71 16 10 11 14 21 10 10 33 13 32
internal_value=1.57675e-06 -0.14575 0.0225671 0.00237335 -0.00154695 0.00155793 -0.435501 0.00447258 0.00141288 -0.00238811 -0.571351 0.21828 0.00132939 0.00336406
internal_weight=3310 53 38 3257 3186 3170 21 3149 3135 3081 20 54 3061 3048
internal_count=3310 53 38 3257 3186 3170 21 3149 3135 3081 20 54 3061 3048
is_linear=0
shrinkage=0.05


Tree=243
num_leaves=15
num_cat=0
split_feature=1 2 1 4 4 6 1 9 2 2 3 7 9 9
split_gain=462.489 1433.89 6555.97 8360.17 6271.72 4243.99 1221.7 2778.47 2730.36 5873.29 4212.83 6118.91 5920.82 10866.6
threshold=1.0000000180025095e-35 1.0000000180025095e-35 3.5000000000000004 885.50000000000011 553.50000000000011 441.50000000000006 2.5000000000000004 105.01008703336356 4.5000000000000009 6.5000000000000009 445.50000000000006 504.21428571428578 59.719266725274956 70.42155264556304
decision_type=2 2 2 2 2 2 2 2 2 2 2 2 2 2
left_child=-1 2 3 4 5 -2 7 8 -3 10 -10 -12 -13 -14
right_child=1 6 -4 -5 -6 -7 -8 -9 9 -11 11 12 13 -15
leaf_value=0.045944263107252331 0.015488610863685599 0.12454793450081408 0.4897068047523499 -1.8710166907310488 0.82072393432259561 -1.4412190842628481 0.021118683955002882 -0.70232895836234099 0.077723712078295648 -0.0095367008900548271 -1.498004800932748 -0.047207886173522902 -1.9076080799102784 -0.20532903861999513
leaf_weight=470 10.000000000000005 202 20 9.9999999999999982 9.9999999999999982 9.9999999999999982 1850 15.999999999999998 40 562 13.999999999999998 56 14.999999999999998 25
leaf_count=470 10 202 20 10 10 10 1850 16 40 562 14 56 15 25
internal_value=1.49812e-06 -0.00760171 -0.249435 -0.619006 -0.201669 -0.712865 -0.00238228 -0.0491315 -0.037697 -0.0837272 -0.361694 -0.521482 -0.379073 -0.843684
internal_weight=3310 2840 60 40 30 20 2780 930 914 712 150 110 96 40
internal_count=3310 2840 60 40 30 20 2780 930 914 712 150 110 96 40
is_linear=0
shrinkage=0.05


Tree=244
num_leaves=15
num_cat=0
split_feature=2 2 1 8 3 1 2 3 4 7 9 9 3 6
split_gain=459.731 3878.63 4315.01 3732.17 4444.42 2606.53 7719.15 3302.46 5149.69 3897.52 3817.77 6989.74 9782.6 6238.98
threshold=7.5000000000000009 8.5000000000000018 1.0000000180025095e-35 849.55357142857156 800.50000000000011 3.5000000000000004 5.5000000000000009 434.50000000000006 443.50000000000006 484.64285714285717 59.719266725274956 64.774410078004124 1002.5000000000001 581.50000000000011
decision_type=2 2 2 2 2 2 2 2 2 2 2 2 2 2
left_child=5 2 -2 4 -4 7 -7 9 -9 -1 -10 12 13 -12
right_child=1 -3 3 -5 -6 6 -8 8 10 -11 11 -13 -14 -15
leaf_value=0.10693258800498782 -1.2574936819076539 0.0057237303984928713 -0.22770223258063199 0.23595874588458968 -1.2865720938552512 0.011819294850836147 0.45925536915039028 -0.65301849101040821 0.046516856495782341 1.0506287177403768 -1.2004200988613507 -0.035632035601386093 -2.0653386223316192 -0.079450967373407413
leaf_weight=124 9.9999999999999982 1690 100 39 10.999999999999998 490 120 37 417 11.999999999999998 17 187 9.9999999999999982 46
leaf_count=124 10 1690 100 39 11 490 120 37 417 12 17 187 10 46
internal_value=1.42253e-06 -0.0165524 -0.251844 -0.184801 -0.332635 0.0209772 0.0998395 -0.0356182 -0.0786311 0.1902 -0.0472392 -0.197609 -0.612538 -0.381935
internal_weight=3310 1850 160 150 111 1460 610 850 714 136 677 260 73 63
internal_count=3310 1850 160 150 111 1460 610 850 714 136 677 260 73 63
is_linear=0
shrinkage=0.05


Tree=245
num_leaves=15
num_cat=0
split_feature=1 2 1 9 3 2 9 9 7 2 5 4 4 9
split_gain=473.299 1261.34 5865.51 7870.03 25601.4 1157.17 1792.06 1357.45 1325.48 1933.79 3241.79 2346.77 1419.3 1111.23
threshold=1.0000000180025095e-35 1.0000000180025095e-35 3.5000000000000004 64.774410078004124 500.50000000000006 5.5000000000000009 81.069353086829793 79.599626371562394 885.07142857142867 13.500000000000002 549.50000000000011 659.00000000000011 862.50000000000011 61.702038149009375
decision_type=2 2 2 2 2 2 2 2 2 2 2 2 2 2
left_child=5 2 3 4 -2 7 8 -1 9 10 -7 -12 -13 -11
right_child=1 -3 -4 -5 -6 6 -8 -9 -10 13 11 12 -14 -15
leaf_value=0.1214654911872606 0.17910059452056881 -0.0027948774047153618 0.46463050417602059 0.32135054032007854 -3.0869759660959244 0.037142042740099676 -0.60443004965782166 0.70010013824159456 0.24371962062324637 0.040667120216844176 -0.91178398350253698 0.10338821820914744 -0.63440238237380986 0.45984095479879117
leaf_weight=129 15.000000000000002 2780 20 14.999999999999998 9.9999999999999982 69 11.999999999999998 10.999999999999998 54 130 20 16.000000000000004 10.999999999999998 18
leaf_count=129 15 2780 20 15 10 69 12 11 54 130 20 16 11 18
internal_value=1.3524e-06 -0.00769019 -0.234506 -0.584075 -1.12733 0.0464779 -0.00462282 0.16693 0.0180114 -0.0281562 -0.181009 -0.501274 -0.197193 0.0916477
internal_weight=3310 2840 60 40 25 470 330 140 318 264 116 47 27 148
internal_count=3310 2840 60 40 25 470 330 140 318 264 116 47 27 148
is_linear=0
shrinkage=0.05


Tree=246
num_leaves=15
num_cat=1
split_feature=5 8 6 6 2 0 2 9 9 7 9 6 8 8
split_gain=485.157 2051.43 1884.35 2740.55 1123.48 1103.31 6845.89 7136.56 4078.97 5683.07 5652.35 6315.11 3909.46 2940.9
threshold=1045.5000000000002 1036.3750000000002 1029.5000000000002 1018.5000000000001 5.5000000000000009 0 4.5000000000000009 61.866803052769193 83.997069588319064 907.00000000000011 69.864881788912342 927.50000000000011 880.67857142857156 898.17857142857156
decision_type=2 2 2 2 2 1 2 2 2 2 2 2 2 2
left_child=2 -2 3 5 -4 6 7 -1 10 -10 11 -8 -9 -7
right_child=1 -3 4 -5 -6 13 8 12 9 -11 -12 -13 -14 -15
leaf_value=1.8340926110744478 -0.64746024370193478 -0.013789159101758933 0.030120439933879035 -0.61576966179741754 0.61412139281630518 0.0064240813780489809 -0.92560294976359936 -0.51594923257827763 -1.2874523077692306 -0.046064637794538787 0.61776690524485378 0.2011110834363434 0.64735394326540141 -0.23075318757689348
leaf_weight=9.9999999999999982 14.999999999999998 86 13.999999999999998 18 20 2842 19 9.9999999999999982 13.999999999999998 27 36 36 26 137
leaf_count=10 15 86 14 18 20 2842 19 10 14 27 36 36 26 137
internal_value=1.28449e-06 -0.107899 0.00339733 -0.000567588 0.37365 0.00294006 0.120413 0.652449 -0.0558707 -0.469953 0.130694 -0.188117 0.324214 -0.00446837
internal_weight=3310 101 3209 3175 34 3157 178 46 132 41 91 55 36 2979
internal_count=3310 101 3209 3175 34 3157 178 46 132 41 91 55 36 2979
cat_boundaries=0 1
cat_threshold=128
is_linear=0
shrinkage=0.05


Tree=247
num_leaves=15
num_cat=2
split_feature=9 8 2 9 8 4 0 8 8 9 9 0 8 2
split_gain=482.959 3183.04 5431.7 2814.45 2873.04 8274.21 2379.02 3741.2 3842.29 2702.71 2350.35 4822.5 4214.34 2636.37
threshold=50.525643078199835 1004.1428571428572 16.500000000000004 47.945009898987202 870.71428571428589 929.50000000000011 0 461.21428571428578 468.41071428571439 45.522382774364779 60.678107023219738 1 961.08928571428589 4.5000000000000009
decision_type=2 2 2 2 2 2 1 2 2 2 2 1 2 2
left_child=3 10 -3 6 -5 -6 -1 9 -9 -8 11 -2 13 -13
right_child=1 2 -4 4 5 -7 7 8 -10 -11 -12 12 -14 -15
leaf_value=0.046612017529276045 -0.021437623007823866 -1.4359868729114533 -0.04900243776307131 -0.11441705633575719 -1.4096333798952398 0.28861263589217118 -0.015356540582188877 -0.86449310807954705 -0.15931707481038274 0.44427321102274092 -0.016536163436536092 0.57839798776681228 -0.66612383831631061 0.2157311058671072
leaf_weight=1108 300 9.9999999999999982 24 192 16.000000000000004 12.999999999999998 202 21 241 38 908 75 10.999999999999998 151
leaf_count=1108 300 10 24 192 16 13 202 21 241 38 908 75 11 151
internal_value=1.22011e-06 0.0212518 -0.456939 -0.0171641 -0.184481 -0.648351 0.005803 -0.083534 -0.215839 0.0574182 0.0325034 0.115423 0.277846 0.336085
internal_weight=3310 1479 34 1831 221 29 1610 502 262 240 1445 537 237 226
internal_count=3310 1479 34 1831 221 29 1610 502 262 240 1445 537 237 226
cat_boundaries=0 1 2
cat_threshold=682 25
is_linear=0
shrinkage=0.05


Tree=248
num_leaves=15
num_cat=0
split_feature=9 2 9 2 9 2 4 9 2 2 2 7 3 8
split_gain=470.903 1166.53 918.295 1621.41 1145.44 1233.91 1375.31 930.707 1469.53 858.466 3748.63 3005.9 2986.61 2736.73
threshold=17.904750583943557 2.5000000000000004 24.244330183318826 1.5000000000000002 28.322126376317161 1.5000000000000002 463.50000000000006 27.480344038279341 10.500000000000002 7.5000000000000009 8.5000000000000018 909.21428571428589 867.50000000000011 853.32142857142867
decision_type=2 2 2 2 2 2 2 2 2 2 2 2 2 2
left_child=1 -1 3 -2 5 6 -4 -7 -9 -6 11 12 13 -11
right_child=2 -3 4 -5 9 7 -8 8 -10 10 -12 -13 -14 -15
leaf_value=-0.55992013720365674 0.62262263478977342 0.010076727229973367 -0.00729074716567993 0.065930246192512657 0.034715389362476236 0.00076255803433014082 -0.77502566831452513 -0.44341230064497461 0.078083584897897462 -0.33353834656688075 0.0033783481069549052 0.40703433948879442 -0.90253014504909523 0.41477365311501285
leaf_weight=12.999999999999998 13.999999999999998 29 10.000000000000002 199 1239 128 13.999999999999998 35 22 96 1462 14.999999999999998 20 13.999999999999998
leaf_count=13 14 29 10 199 1239 128 14 35 22 96 1462 15 20 14
internal_value=4.96149e-06 -0.166351 0.00214295 0.10252 -0.00485554 -0.117834 -0.455136 -0.0740756 -0.242133 0.00344117 -0.0206713 -0.263158 -0.340488 -0.238299
internal_weight=3310 42 3268 213 3055 209 24 185 57 2846 1607 145 130 110
internal_count=3310 42 3268 213 3055 209 24 185 57 2846 1607 145 130 110
is_linear=0
shrinkage=0.05


Tree=249
num_leaves=15
num_cat=0
split_feature=6 3 7 8 2 5 3 7 5 5 7 7 3 8
split_gain=464.89 5665.72 8285.09 3823.27 3126.96 25163.5 2900.78 5055.3 2497.42 7358.14 2236.69 2176.4 4507.35 4221.68
threshold=864.50000000000011 784.50000000000011 812.14285714285722 825.89285714285722 1.5000000000000002 908.50000000000011 882.50000000000011 785.78571428571433 941.50000000000011 924.50000000000011 805.357142857143 922.64285714285722 886.50000000000011 839.92857142857144
decision_type=2 2 2 2 2 2 2 2 2 2 2 2 2 2
left_child=8 2 3 -2 5 -3 7 -6 9 11 -9 12 -1 -14
right_child=1 4 -4 -5 6 -7 -8 10 -10 -11 -12 -13 13 -15
leaf_value=-0.0016214011335708449 0.70336739584803565 -1.9757105546839098 1.597969242504665 -0.67925194215029483 -0.55221698060631752 0.27553241071493728 -0.0097544935995085361 1.0465303470691045 0.57655751837624447 -1.2496644223729769 0.31622366278645503 0.46527071384092172 0.058174187298221838 -0.72619106528304878
leaf_weight=2416 10.000000000000002 17 13.999999999999998 9.9999999999999982 15.999999999999998 46 561 11.999999999999998 18 11.999999999999998 83 24 29 42
leaf_count=2416 10 17 14 10 16 46 561 12 18 12 83 24 29 42
internal_value=4.71357e-06 0.0340667 0.66508 0.0120577 0.004877 -0.331946 0.0364541 0.269995 -0.0103037 -0.0144906 0.408473 -0.00858773 -0.0131605 -0.405817
internal_weight=3310 769 34 20 735 63 672 111 2541 2523 95 2511 2487 71
internal_count=3310 769 34 20 735 63 672 111 2541 2523 95 2511 2487 71
is_linear=0
shrinkage=0.05


Tree=250
num_leaves=15
num_cat=0
split_feature=3 2 6 2 6 5 4 6 6 2 5 2 3 8
split_gain=460.46 1481.46 1039.15 1581.19 848.176 2214.01 1279.01 3154.05 1132.26 1927.73 1381.79 2739.5 1119.39 2387.78
threshold=1079.5000000000002 25.500000000000004 1122.5000000000002 16.500000000000004 1035.5000000000002 1030.5000000000002 1028.5000000000002 1018.5000000000001 983.00000000000011 5.5000000000000009 969.00000000000011 14.500000000000002 1000.5000000000001 961.08928571428589
decision_type=2 2 2 2 2 2 2 2 2 2 2 2 2 2
left_child=4 2 3 -2 5 6 7 8 10 -10 12 -12 13 -1
right_child=1 -3 -4 -5 -6 -7 -8 -9 9 -11 11 -13 -14 -15
leaf_value=-1.1604935591702874e-05 -1.01269287019968 0.23849594140534891 -0.027503287792205813 -0.12353775084018709 0.17330534133640396 -0.58811232401058078 0.41053753902057288 -0.77813490354097814 0.86696870148181915 0.068597833788202653 -0.71945128329098207 0.31271251235157255 -0.50145844529298222 0.51136733682259272
leaf_weight=3035 10.000000000000002 17 15.999999999999998 9.9999999999999982 71 15.999999999999998 19 12.999999999999998 9.9999999999999982 31 18.000000000000004 9.9999999999999982 10.999999999999998 23
leaf_count=3035 10 17 16 10 71 16 19 13 10 31 18 10 11 23
internal_value=4.47749e-06 -0.146187 -0.327843 -0.568115 0.0023834 -0.00142559 0.0015356 -0.000930608 0.00228917 0.263322 -0.00116655 -0.350821 0.00202352 0.00383461
internal_weight=3310 53 36 20 3257 3186 3170 3151 3138 41 3097 28 3069 3058
internal_count=3310 53 36 20 3257 3186 3170 3151 3138 41 3097 28 3069 3058
is_linear=0
shrinkage=0.05


Tree=251
num_leaves=15
num_cat=1
split_feature=7 7 0 8 7 5 8 7 8 9 8 7 5 7
split_gain=454.213 814.21 496.983 5454.72 1148.88 4183.68 2781.73 3284.11 4074.86 3973.79 3354.62 2123.28 5133.57 2647.94
threshold=375.71428571428572 378.35714285714295 0 526.14285714285722 519.92857142857156 564.50000000000011 525.14285714285722 464.78571428571433 469.35714285714295 28.679110333813032 456.0535714285715 544.14285714285722 596.50000000000011 548.357142857143
decision_type=2 2 1 2 2 2 2 2 2 2 2 2 2 2
left_child=-1 -2 3 -3 5 6 7 10 9 -9 -4 12 -6 -13
right_child=1 2 4 -5 11 -7 -8 8 -10 -11 -12 13 -14 -15
leaf_value=-0.20052424133090035 0.35752416389295832 -0.018081654843857022 0.016993225371276122 -1.1919281181693078 -0.09683901785321318 1.0426138444380326 -0.72944245853207335 0.31385740199509787 0.13022235421635722 1.5699742269515991 -0.51889648319167259 0.51426370694087109 -1.2054512695832686 0.0054116829169559115
leaf_weight=28 15.999999999999998 958 207 9.9999999999999982 206 10.999999999999998 10.999999999999998 17.000000000000004 233 9.9999999999999982 34 26 10.999999999999998 1532
leaf_count=28 16 958 207 10 206 11 11 17 233 10 34 26 11 1532
internal_value=4.25481e-06 0.00171504 -2.8054e-05 -0.0298993 0.0126299 0.0778148 0.0570867 0.0743558 0.197604 0.779086 -0.0586095 -0.00650549 -0.153036 0.0139034
internal_weight=3310 3282 3266 968 2298 523 512 501 260 27 241 1775 217 1558
internal_count=3310 3282 3266 968 2298 523 512 501 260 27 241 1775 217 1558
cat_boundaries=0 1
cat_threshold=82
is_linear=0
shrinkage=0.05


Tree=252
num_leaves=15
num_cat=0
split_feature=4 6 2 2 5 6 3 7 6 4 6 4 4 5
split_gain=448.899 935.307 2747.32 761.48 3178.22 28655.7 2637.35 5398.23 5266.5 3391.05 3501.55 3730.3 3191.62 5333.9
threshold=364.50000000000006 375.50000000000006 2.5000000000000004 1.5000000000000002 908.50000000000011 889.50000000000011 710.00000000000011 891.357142857143 594.50000000000011 553.50000000000011 544.50000000000011 534.50000000000011 453.50000000000006 431.50000000000006
decision_type=2 2 2 2 2 2 2 2 2 2 2 2 2 2
left_child=-1 2 -2 4 5 6 8 -8 9 10 11 12 13 -3
right_child=1 3 -4 -5 -6 -7 7 -9 -10 -11 -12 -13 -14 -15
leaf_value=-0.1664806585479528 0.78319343209266667 0.14022488260158786 -0.019000971941529096 0.0062813490369735868 0.26710960026140568 -2.7772584342956543 0.53423781889240918 -0.71317158720710072 -1.1944166877053 0.56374330928451133 -1.0495387673377992 -0.92023066356778149 0.20866093514738859 -0.93709482073783867
leaf_weight=40 14.999999999999998 27 37 2929 54 9.9999999999999982 41 10.999999999999998 10.999999999999998 19 9.9999999999999982 11.999999999999998 74 20
leaf_count=40 15 27 37 2929 54 10 41 11 11 19 10 12 74 20
internal_value=4.04108e-06 0.00204055 0.212401 -0.00135869 -0.0787901 -0.158273 -0.0418741 0.270363 -0.135726 -0.0638392 -0.147224 -0.0793811 0.00400896 -0.318209
internal_weight=3310 3270 52 3218 289 235 225 52 173 162 143 133 121 47
internal_count=3310 3270 52 3218 289 235 225 52 173 162 143 133 121 47
is_linear=0
shrinkage=0.05


Tree=253
num_leaves=15
num_cat=0
split_feature=5 4 6 2 5 6 8 1 5 6 9 7 7 6
split_gain=449.024 1377.73 750.737 2370.16 3359.57 4679.89 11560.4 4126.36 3753.22 8336.01 3579.58 2954.59 2505.86 2376.43
threshold=1058.5000000000002 1058.5000000000002 864.50000000000011 5.5000000000000009 881.50000000000011 892.50000000000011 843.607142857143 1.5000000000000002 899.50000000000011 904.50000000000011 77.755968385109924 852.21428571428589 903.07142857142867 906.50000000000011
decision_type=2 2 2 2 2 2 2 2 2 2 2 2 2 2
left_child=2 -2 -1 4 7 12 -7 -4 -8 -10 11 -11 -6 -9
right_child=1 -3 3 -5 5 6 8 13 9 10 -12 -13 -14 -15
leaf_value=-0.0098063514270699797 -0.63808666684410786 -0.031627692554205188 0.24660488267739616 0.11675372366275134 1.1198785389845185 -1.7407638341188432 0.76369329343239478 -0.44924537241458884 -1.4609393018484118 -0.78238431300435751 0.48942181833765724 -0.0063578722245915976 0.13814967369230896 -1.4313142456791619
leaf_weight=2541 10.999999999999998 63 11.999999999999998 451 13.000000000000002 9.9999999999999982 14.999999999999998 14.000000000000002 9.9999999999999982 13.999999999999998 33 99 12.999999999999998 10.999999999999998
leaf_count=2541 11 63 12 451 13 10 15 14 10 14 33 99 13 11
internal_value=3.83812e-06 -0.121777 0.00278869 0.0488376 -0.0766959 0.00174321 -0.088362 -0.515531 0.00826969 -0.0643672 0.0312884 -0.102503 0.629014 -0.881356
internal_weight=3310 74 3236 695 244 207 181 37 171 156 146 113 26 25
internal_count=3310 74 3236 695 244 207 181 37 171 156 146 113 26 25
is_linear=0
shrinkage=0.05


Tree=254
num_leaves=15
num_cat=0
split_feature=8 8 7 7 3 3 5 3 8 5 4 8 9 9
split_gain=438.383 5111.52 5707.75 5131.15 4131.27 3306.81 2763.65 4562.68 3851.37 4211.19 2882.55 2173.64 1715.07 5334.3
threshold=898.17857142857156 906.69642857142878 903.07142857142867 905.92857142857156 847.50000000000011 958.50000000000011 908.50000000000011 949.50000000000011 924.28571428571433 897.50000000000011 875.50000000000011 956.25000000000011 101.81377270143601 83.997069588319064
decision_type=2 2 2 2 2 2 2 2 2 2 2 2 2 2
left_child=5 2 -2 -4 -3 12 8 11 -6 10 -10 -8 13 -1
right_child=1 4 3 -5 6 -7 7 -9 9 -11 -12 -13 -14 -15
leaf_value=0.0041959073118985881 0.23788019903004171 0.97015988176519219 -1.5518762085586788 -0.28558899643830954 0.29223341823500742 0.50448802066120235 0.20548668429255487 -0.029776287973238759 -0.96455796241760228 -1.438515244288878 0.094210503498713183 0.95426045970784301 0.3039484758739886 -0.59223430250820364
leaf_weight=2785 15.999999999999998 10.999999999999998 15.999999999999998 15.999999999999998 17 33 21 254 10.000000000000002 10.999999999999998 18 18 46 38
leaf_count=2785 16 11 16 16 17 33 21 254 10 11 18 18 46 38
internal_value=3.6474e-06 -0.0485254 -0.533195 -0.918733 0.0160972 0.00682648 -0.0139735 0.0475383 -0.335812 -0.609576 -0.283921 0.551075 0.00110224 -0.00383255
internal_weight=3310 408 48 32 360 2902 349 293 56 39 28 39 2869 2823
internal_count=3310 408 48 32 360 2902 349 293 56 39 28 39 2869 2823
is_linear=0
shrinkage=0.05


Tree=255
num_leaves=15
num_cat=0
split_feature=3 5 3 2 5 9 4 6 3 7 2 1 3 2
split_gain=437.224 2081.46 3074.07 4137.01 4105.78 3934.11 2297.65 1864.54 2463.75 9486.9 3837.86 8417.94 1840.46 6072.84
threshold=908.50000000000011 867.50000000000011 940.50000000000011 3.5000000000000004 850.50000000000011 65.571675317164761 891.50000000000011 832.50000000000011 745.50000000000011 812.14285714285722 1.5000000000000002 1.5000000000000002 850.50000000000011 2.5000000000000004
decision_type=2 2 2 2 2 2 2 2 2 2 2 2 2 2
left_child=7 2 3 -2 -4 -5 -3 12 9 -9 11 -10 -1 -14
right_child=1 6 4 5 -6 -7 -8 8 10 -11 -12 -13 13 -15
leaf_value=-0.0011101387749334665 0.19190949093211782 0.49472442066127603 0.58530558360850093 -0.36905802511251884 -0.57096728437713218 -1.6245119591554005 -0.028276059815500867 -0.23577706344863947 0.44945158878962199 1.5585298721606915 0.12000983461915526 -1.1350400749005771 0.65307193656762452 -0.46809395622206673
leaf_weight=2262 10.999999999999998 22 17.000000000000004 13.000000000000002 13.999999999999998 11.999999999999998 462 17.000000000000004 14.999999999999998 12.999999999999998 356 19 14.999999999999998 62
leaf_count=2262 11 22 17 13 14 12 462 17 15 13 356 19 15 62
internal_value=3.46489e-06 -0.0406603 -0.301854 -0.616136 0.0631178 -0.971676 -0.00450331 0.00812443 0.105124 0.541756 0.0715372 -0.436 -0.00929324 -0.249685
internal_weight=3310 551 67 36 31 25 484 2759 420 30 390 34 2339 77
internal_count=3310 551 67 36 31 25 484 2759 420 30 390 34 2339 77
is_linear=0
shrinkage=0.05


Tree=256
num_leaves=15
num_cat=0
split_feature=3 3 3 6 9 9 8 8 3 7 2 9 7 8
split_gain=437.337 1264.06 489.853 3400.02 1356.65 1593.84 1260.37 1776.04 3180.26 2808.04 1743.81 1659.87 2177.25 2455.01
threshold=324.50000000000006 352.00000000000006 407.50000000000006 456.50000000000006 42.329863533581111 50.145330988381723 430.01785714285717 444.39285714285717 477.50000000000006 428.4285714285715 6.5000000000000009 27.480344038279341 416.50000000000006 418.78571428571433
decision_type=2 2 2 2 2 2 2 2 2 2 2 2 2 2
left_child=-1 -2 3 4 -3 -6 11 8 9 -8 -11 -4 -13 -14
right_child=1 2 6 -5 5 -7 7 -9 -10 10 -12 12 13 -15
leaf_value=0.27886809706687926 -0.49324838001854143 0.1218852863305559 -0.0051057526531318826 0.82784563473292772 -0.45607154281051071 0.03631996512856512 -0.28044466078281405 -0.0025569639153322802 -0.29883336886763573 0.99193643993801539 0.35659381703094201 0.040292000451258254 0.18255515336990358 -0.69793703312936595
leaf_weight=13.999999999999998 12.999999999999998 120 108 13.999999999999998 27 42 10.999999999999998 2820 20 18 27 28 9.9999999999999982 38
leaf_count=14 13 120 108 14 27 42 11 2820 20 18 27 28 10 38
internal_value=3.29173e-06 -0.00118121 0.000767277 0.0759979 0.0203055 -0.156355 -0.00419111 0.0038711 0.242386 0.435679 0.610731 -0.131083 -0.310104 -0.514501
internal_weight=3310 3296 3283 203 189 69 3080 2896 76 56 45 184 76 48
internal_count=3310 3296 3283 203 189 69 3080 2896 76 56 45 184 76 48
is_linear=0
shrinkage=0.05


Tree=257
num_leaves=15
num_cat=1
split_feature=9 2 9 2 9 1 8 9 2 2 2 1 2 0
split_gain=432.916 1053.15 793.34 1412.92 986.548 1008.96 2161.98 1017.65 1217.91 812.991 3470.48 2796.99 7396.08 3377.92
threshold=17.904750583943557 2.5000000000000004 24.244330183318826 1.5000000000000002 28.322126376317161 4.5000000000000009 523.62500000000011 27.756677883306853 7.5000000000000009 7.5000000000000009 8.5000000000000018 3.5000000000000004 5.5000000000000009 0
decision_type=2 2 2 2 2 2 2 2 2 2 2 2 2 1
left_child=1 -1 3 -2 5 7 -7 -4 -9 11 -11 -6 13 -13
right_child=2 -3 4 -5 9 6 -8 8 -10 10 -12 12 -14 -15
leaf_value=-0.53345472216606138 0.58086473795452287 0.0081322346011112479 0.017062169863354595 0.061194830250706357 -0.030311058737301274 -0.13194972701370716 -0.92345561073584992 -0.60714724361896522 0.0097791475243866454 -0.2535344083234668 0.0029230020092271534 -0.17947551379526469 0.52338835625572411 0.12155331507811595
leaf_weight=12.999999999999998 13.999999999999998 29 126 199 718 40 10.999999999999998 15.999999999999998 15.999999999999998 145 1462 123 94 304
leaf_count=13 14 29 126 199 718 40 11 16 16 145 1462 123 94 304
internal_value=3.12588e-06 -0.159502 0.00205307 0.0953515 -0.00445187 -0.109302 -0.302667 -0.0468864 -0.298684 0.00324793 -0.0202172 0.0336825 0.121873 0.0334836
internal_weight=3310 42 3268 213 3055 209 51 158 32 2846 1607 1239 521 427
internal_count=3310 42 3268 213 3055 209 51 158 32 2846 1607 1239 521 427
cat_boundaries=0 1
cat_threshold=529
is_linear=0
shrinkage=0.05


Tree=258
num_leaves=15
num_cat=1
split_feature=8 0 6 2 4 3 2 9 8 2 4 6 3 5
split_gain=424.396 626.316 2529.5 3117.78 1512.36 1452.18 1776.89 1139.07 1103.76 1630.51 2022.24 1429.86 1270.47 1229.2
threshold=377.3035714285715 0 514.50000000000011 24.500000000000004 364.50000000000006 384.50000000000006 7.5000000000000009 47.945009898987202 436.57142857142861 5.5000000000000009 443.50000000000006 429.50000000000006 468.50000000000006 439.50000000000006
decision_type=2 1 2 2 2 2 2 2 2 2 2 2 2 2
left_child=-1 2 4 -4 -2 6 -6 8 11 10 -10 -7 -12 -13
right_child=1 -3 3 -5 5 7 -8 -9 9 -11 12 13 -14 -15
leaf_value=0.27470226713589263 -0.57492607161402709 0.0060948227422622236 -1.0891683624340938 -0.031243820289770758 0.83763842677528189 0.0056184672693043586 -0.061069752411408863 -0.4909413429406973 -0.14750616645271128 -0.01209441010830223 1.0601638257503507 -0.10803552464298581 0.28147319585084912 -0.65149147981091549
leaf_weight=13.999999999999998 11.999999999999998 2973 13 15 11.000000000000002 81 10.999999999999998 12.999999999999998 10.999999999999998 93 11.000000000000002 23 9.9999999999999982 19
leaf_count=14 12 2973 13 15 11 81 11 13 11 93 11 23 10 19
internal_value=-5.77831e-06 -0.00117262 -0.0662036 -0.522423 -0.0251457 -0.00183341 0.388284 -0.0347169 -0.0108019 0.0938335 0.401686 -0.117139 0.689359 -0.353885
internal_weight=3310 3296 323 28 295 283 22 261 248 125 32 123 21 42
internal_count=3310 3296 323 28 295 283 22 261 248 125 32 123 21 42
cat_boundaries=0 1
cat_threshold=64
is_linear=0
shrinkage=0.05


Tree=259
num_leaves=15
num_cat=0
split_feature=1 2 1 4 4 9 9 8 7 5 2 4 2 7
split_gain=441.941 1232.31 5333.96 6993.55 5209.74 3423.82 1035.97 988.362 2971.82 5801.86 4049.63 3175.1 4877.41 2483.33
threshold=1.0000000180025095e-35 1.0000000180025095e-35 3.5000000000000004 885.50000000000011 553.50000000000011 46.999746359269288 31.405259127759205 868.05357142857156 873.64285714285722 864.50000000000011 7.5000000000000009 878.50000000000011 4.5000000000000009 897.64285714285722
decision_type=2 2 2 2 2 2 2 2 2 2 2 2 2 2
left_child=-1 2 3 4 5 -2 -4 13 9 10 -9 -11 -13 -3
right_child=1 7 6 -5 -6 -7 -8 8 -10 11 -12 12 -14 -15
leaf_value=0.044905982115206883 -1.3033853113651268 0.0091948141431909061 0.075222402215003939 -1.7100965642929076 0.74854612469673165 0.0050143954157829285 0.79493412613868719 -1.4030900239944455 -0.019476620438445641 0.74695243618705065 -0.20342035392920177 -0.86994045019149768 0.45326250722775097 0.79892494201660158
leaf_weight=470 10.000000000000005 2185 10.000000000000002 9.9999999999999982 9.9999999999999982 9.9999999999999982 9.9999999999999982 17.000000000000004 517 10.999999999999998 11.999999999999998 15.000000000000002 12.999999999999998 9.9999999999999982
leaf_count=470 10 2185 10 10 10 10 10 17 517 11 12 15 13 10
internal_value=-4.56892e-06 -0.00743695 -0.231627 -0.56498 -0.183275 -0.649185 0.435078 -0.0025983 -0.0603474 -0.371085 -0.906675 0.0271739 -0.255596 0.0127927
internal_weight=3310 2840 60 40 30 20 20 2780 585 68 29 39 28 2195
internal_count=3310 2840 60 40 30 20 20 2780 585 68 29 39 28 2195
is_linear=0
shrinkage=0.05


Tree=260
num_leaves=15
num_cat=0
split_feature=3 3 8 6 8 7 6 3 8 3 5 4 3 5
split_gain=422.025 1213.61 1158.86 818.889 593.043 583.356 580.046 2170.84 2712.94 2064.98 2251.04 1247.12 913.36 775.174
threshold=324.50000000000006 367.00000000000006 398.66071428571439 370.50000000000006 420.1785714285715 415.07142857142861 403.50000000000006 380.50000000000006 442.91071428571439 426.50000000000006 397.50000000000006 443.50000000000006 416.50000000000006 406.50000000000006
decision_type=2 2 2 2 2 2 2 2 2 2 2 2 2 2
left_child=-1 2 -2 4 5 -3 9 8 -8 12 -11 -12 13 -5
right_child=1 3 -4 6 -6 -7 7 -9 -10 10 11 -13 -14 -15
leaf_value=0.27393520900181362 -0.03511399880928151 0.35909424241632215 -0.64940942781312128 0.0087084869064552629 0.49333413760177791 -0.15798540165026984 1.0524144985459063 0.00044814832722430889 -0.085484526753425605 -1.0207459449768066 -0.48808972851506288 0.2065444809695085 0.38566207875098502 -0.39065148280933504
leaf_weight=13.999999999999998 17.000000000000004 10.000000000000002 13.999999999999998 92 13.999999999999998 11.999999999999998 11.000000000000002 3051 9.9999999999999982 10.999999999999998 14.000000000000002 11.999999999999998 13.999999999999998 13.999999999999998
leaf_count=14 17 10 14 92 14 12 11 3051 10 11 14 12 14 14
internal_value=-4.34001e-06 -0.00116792 -0.312538 0.00178843 0.238939 0.0770508 -0.000855554 0.00393523 0.510558 -0.0945962 -0.42116 -0.167489 0.00609441 -0.0440372
internal_weight=3310 3296 31 3265 36 22 3229 3072 21 157 37 26 120 106
internal_count=3310 3296 31 3265 36 22 3229 3072 21 157 37 26 120 106
is_linear=0
shrinkage=0.05


Tree=261
num_leaves=15
num_cat=0
split_feature=5 6 3 6 6 2 3 2 7 7 2 7 2 8
split_gain=416.651 736.867 2545.03 1997.91 1344.52 1315.35 1504.24 1787.84 1220.45 1925.8 4241.21 2776.95 2496.48 2360.49
threshold=1106.5000000000002 1029.5000000000002 1056.5000000000002 1018.5000000000001 1007.5000000000001 29.500000000000004 1025.5000000000002 2.5000000000000004 1024.6428571428576 986.14285714285722 26.500000000000004 965.07142857142867 6.5000000000000009 953.07142857142878
decision_type=2 2 2 2 2 2 2 2 2 2 2 2 2 2
left_child=1 2 3 4 8 6 -3 -8 9 11 -11 13 -13 -1
right_child=-2 5 -4 -5 -6 -7 7 -9 -10 10 -12 12 -14 -15
leaf_value=0.00022045598260852901 -0.20335224533081053 0.50992054790258412 -0.79918227940797815 -0.54085466440986185 0.45982885286211972 0.62418709769845016 0.5129773748322175 -0.1293458884438643 0.55180327504873272 -1.2398561358451841 0.044417150153054134 1.0215882629156112 0.15483771641221311 -0.59060185656828046
leaf_weight=3042 25 15.999999999999998 9.9999999999999982 17 15.999999999999998 11.999999999999998 12.999999999999998 65 9.9999999999999982 10.000000000000002 18 11.999999999999998 27 17
leaf_count=3042 25 16 10 17 16 12 13 65 10 10 18 12 27 17
internal_value=-4.12277e-06 0.00154343 -0.00278076 -0.00026766 0.00264794 0.131228 0.0682974 -0.022292 0.000315387 -0.00144881 -0.414252 0.00228214 0.42153 -0.00306296
internal_weight=3310 3285 3179 3169 3152 106 94 78 3136 3126 28 3098 39 3059
internal_count=3310 3285 3179 3169 3152 106 94 78 3136 3126 28 3098 39 3059
is_linear=0
shrinkage=0.05


Tree=262
num_leaves=15
num_cat=1
split_feature=3 0 6 9 2 7 4 4 6 4 6 6 6 1
split_gain=410.374 2052.52 3559.18 1930.06 2340.13 1833.35 2587.84 2567.23 5174.62 2830.32 2269.25 1832.25 3715.66 2563.8
threshold=526.50000000000011 0 502.50000000000006 72.246212201572959 12.500000000000002 578.07142857142867 572.50000000000011 526.50000000000011 548.50000000000011 538.50000000000011 560.50000000000011 548.50000000000011 541.50000000000011 1.5000000000000002
decision_type=2 1 2 2 2 2 2 2 2 2 2 2 2 2
left_child=5 2 -2 4 -4 6 7 11 9 -9 -10 12 -1 -13
right_child=1 -3 3 -5 -6 -7 -8 8 10 -11 -12 13 -14 -15
leaf_value=0.0076907570023656878 -0.93206537703673042 0.00028948235908532883 -0.41890796204669434 0.37805423456079823 0.03618255746550858 0.58941355262483863 -0.71672383348147084 0.37056405075958798 1.5284428095817562 -0.39732257269677662 0.4632545736432076 0.1527548408508301 0.97518720209598553 -0.70311519730658767
leaf_weight=1302 14.999999999999998 1722 57 17 56 13.999999999999998 11.999999999999998 28 10.000000000000002 21 9.9999999999999982 14.999999999999998 9.9999999999999982 21
leaf_count=1302 15 1722 57 17 56 14 12 28 10 21 10 15 10 21
internal_value=-3.91776e-06 -0.0154816 -0.189713 -0.118651 -0.193376 0.0200216 0.0144433 0.0206352 0.318101 0.0414698 0.995849 0.00540886 0.015065 -0.346503
internal_weight=3310 1867 145 130 113 1443 1429 1417 69 49 20 1348 1312 36
internal_count=3310 1867 145 130 113 1443 1429 1417 69 49 20 1348 1312 36
cat_boundaries=0 1
cat_threshold=18
is_linear=0
shrinkage=0.05


Tree=263
num_leaves=15
num_cat=0
split_feature=1 1 5 5 9 9 7 4 4 4 4 7 9 7
split_gain=399.783 1830.01 2287.39 5511.25 2610.53 1691.7 5578.01 1741.44 4381.02 2876.26 1679.32 1821.47 3837.7 2748.31
threshold=5.5000000000000009 4.5000000000000009 867.50000000000011 927.50000000000011 75.286564311082756 78.126598187673508 842.21428571428589 473.50000000000006 477.50000000000006 445.50000000000006 486.50000000000006 572.57142857142867 39.635825116924003 528.14285714285722
decision_type=2 2 2 2 2 2 2 2 2 2 2 2 2 2
left_child=1 -1 5 4 -4 7 -7 9 -9 -3 -10 12 -12 -14
right_child=-2 2 3 -5 -6 6 -8 8 10 -11 11 -13 13 -15
leaf_value=0.010800915164212336 0.042711138433784233 -0.11921302257105709 -0.4937391690909862 0.15186657646427984 -1.4943382003090599 -0.45551616061817501 1.1032707929611207 -1.2061098551750185 0.41601491478773261 0.2829530114942379 0.024414686739444733 -0.071054526238003748 -0.44840379182030166 -1.4930283816158774
leaf_weight=2370 470 125 16.000000000000004 23 10.999999999999998 11.000000000000002 11.999999999999998 9.9999999999999982 12.999999999999998 69 25 128 17.000000000000004 9.9999999999999982
leaf_count=2370 470 125 16 23 11 11 12 10 13 69 25 128 17 10
internal_value=-3.67826e-06 -0.00707268 -0.0972012 -0.416892 -0.901391 -0.0591428 0.357764 -0.0832961 -0.185668 0.0238254 -0.132796 -0.172432 -0.421977 -0.835302
internal_weight=3310 2840 470 50 27 420 23 397 203 194 193 180 52 27
internal_count=3310 2840 470 50 27 420 23 397 203 194 193 180 52 27
is_linear=0
shrinkage=0.05


Tree=264
num_leaves=15
num_cat=1
split_feature=3 5 7 9 2 4 6 9 4 6 5 9 9 0
split_gain=413.88 1880.15 2901.75 2610.1 2487.28 2037.46 1830.36 1820.81 3806.33 2414.99 3068.62 2389.37 1989.29 5284.13
threshold=908.50000000000011 867.50000000000011 877.21428571428589 80.056279683440536 6.5000000000000009 891.50000000000011 921.50000000000011 50.525643078199835 901.50000000000011 872.50000000000011 862.50000000000011 37.771195492184297 57.97000021899256 0
decision_type=2 2 2 2 2 2 2 2 2 2 2 2 2 1
left_child=7 2 6 4 -4 -3 -2 8 9 10 -1 -11 13 -9
right_child=1 5 3 -5 -6 -7 -8 12 -10 11 -12 -13 -14 -15
leaf_value=-0.019972221696672062 -1.0972902464015142 0.46490917131304743 -0.77787478055272763 0.58413545551399393 0.12208766691824968 -0.027588975901646919 -0.21160385787487029 0.42362423775609859 -0.87722008044903088 0.83971292674541476 -0.64318154435604813 0.044066469662863282 0.013106086293095171 0.0096349489990066976
leaf_weight=1594 14.000000000000002 22 14.000000000000002 11.999999999999998 17 462 9.9999999999999982 111 12.999999999999998 15.999999999999998 20 23 757 225
leaf_count=1594 14 22 14 12 17 462 10 111 13 16 20 23 757 225
internal_value=-3.4933e-06 -0.0395669 -0.287809 -0.0419798 -0.284347 -0.0052027 -0.728254 0.00789771 -0.0250026 -0.0183003 -0.0276948 0.370486 0.0580458 0.159294
internal_weight=3310 551 67 43 31 484 24 2759 1666 1653 1614 39 1093 336
internal_count=3310 551 67 43 31 484 24 2759 1666 1653 1614 39 1093 336
cat_boundaries=0 1
cat_threshold=392
is_linear=0
shrinkage=0.05


Tree=265
num_leaves=15
num_cat=0
split_feature=7 3 3 7 8 8 7 7 2 7 2 7 8 6
split_gain=392.797 2007.47 1144.63 616.89 480.809 1645.85 2275.37 2196 4306.48 2220.94 1689.2 1610.1 1563.28 1438.9
threshold=375.71428571428572 324.50000000000006 352.00000000000006 378.35714285714295 422.69642857142861 444.39285714285717 451.57142857142861 434.35714285714295 5.5000000000000009 438.07142857142861 1.5000000000000002 460.71428571428572 461.21428571428578 437.50000000000006
decision_type=2 2 2 2 2 2 2 2 2 2 2 2 2 2
left_child=-1 -2 -3 -4 13 6 7 10 9 -9 -6 -7 -13 -5
right_child=1 2 3 4 5 11 -8 8 -10 -11 -12 12 -14 -15
leaf_value=-0.1864170632192067 0.70899954319000247 -0.53462687224149708 0.34487247899747814 -0.026871667097902341 -0.59362717986106872 -0.14901958077601837 -0.52277899167754438 1.4624672877788545 0.078586486640364633 0.56379268115217041 0.11824407710880042 0.24293202023734067 0.00012419153526524251 -0.43704091608524326
leaf_weight=28 9.9999999999999982 9.9999999999999982 12.999999999999998 196 9.9999999999999982 178 10.999999999999998 9.9999999999999982 43 22 50 68 2637 24
leaf_count=28 10 10 13 196 10 178 11 10 43 22 50 68 2637 24
internal_value=6.21273e-05 0.00165305 -0.000508764 0.00112863 -0.000246768 0.00493697 0.168717 0.225061 0.405431 0.844628 -0.000401132 -0.00335713 0.00622805 -0.0716174
internal_weight=3310 3282 3272 3262 3249 3029 146 135 75 32 60 2883 2705 220
internal_count=3310 3282 3272 3262 3249 3029 146 135 75 32 60 2883 2705 220
is_linear=0
shrinkage=0.05


Tree=266
num_leaves=15
num_cat=1
split_feature=3 7 0 2 7 9 4 4 8 8 7 9 7 8
split_gain=390.315 2789.45 1759.71 4333.75 10618.8 3164.93 4882.89 5473.79 3452.88 7070.38 3048.34 2989.63 3620.32 2960.54
threshold=511.50000000000006 549.92857142857156 0 12.500000000000002 585.357142857143 52.415702388862726 595.50000000000011 574.50000000000011 497.91071428571439 461.21428571428578 528.14285714285722 57.97000021899256 485.21428571428578 493.26785714285717
decision_type=2 2 1 2 2 2 2 2 2 2 2 2 2 2
left_child=1 -1 3 4 5 8 7 11 9 -2 -10 12 -7 -13
right_child=2 -3 -4 -5 -6 6 -8 -9 10 -11 -12 13 -14 -15
leaf_value=0.012139765605710199 -0.064629418722220819 0.58019792830402206 0.013268659734989788 0.072863629053784837 -1.8229183471202852 -0.19002917110919948 -0.60768509573406648 0.91498135955710169 -0.016421599404088088 -1.6839672968937802 -0.57267542128500182 0.12500983782504735 0.99349118215697152 -0.51721998558324933
leaf_weight=1222 14.000000000000002 22 1558 219 9.9999999999999982 12.000000000000002 27 19 70 12.999999999999998 38 38 13.999999999999998 34
leaf_count=1222 14 22 1558 219 10 12 27 19 70 13 38 38 14 34
internal_value=5.90218e-05 0.0221858 -0.0132642 -0.0930677 -0.222028 -0.164649 -0.00159327 0.138274 -0.338575 -0.844311 -0.212141 -0.012312 0.447251 -0.178265
internal_weight=3310 1244 2066 508 289 279 144 117 135 27 108 98 26 72
internal_count=3310 1244 2066 508 289 279 144 117 135 27 108 98 26 72
cat_boundaries=0 1
cat_threshold=338
is_linear=0
shrinkage=0.05


Tree=267
num_leaves=15
num_cat=0
split_feature=1 2 3 7 5 9 2 9 6 6 2 9 9 6
split_gain=393.149 1126.22 5238.59 7231.35 6643.24 2895 936.641 1434.17 1231.07 1895.42 2666 2824.28 1128.45 1416.1
threshold=1.0000000180025095e-35 1.0000000180025095e-35 910.50000000000011 578.07142857142867 530.50000000000011 40.774179473681173 5.5000000000000009 81.069353086829793 860.50000000000011 552.50000000000011 13.500000000000002 62.032708069085452 79.599626371562394 897.50000000000011
decision_type=2 2 2 2 2 2 2 2 2 2 2 2 2 2
left_child=6 2 3 4 5 -2 12 8 9 -8 11 -11 13 -1
right_child=1 -3 -4 -5 -6 -7 7 -9 -10 10 -12 -13 -14 -15
leaf_value=0.20250550928829736 -0.50371962845325446 -0.0023263344352917495 -1.1556727250417074 1.0193048073695257 -1.3153707469503084 0.62786287115170403 0.044935804321919286 -0.54013893405596425 0.17088152014285973 -0.22388960669438041 0.026679718078059314 -1.2141693919897081 0.63690708225423642 -0.18521421418314982
leaf_weight=98 10.000000000000002 2780 11.999999999999998 12.999999999999998 11.999999999999998 12.999999999999998 162 11.999999999999998 92 18.000000000000004 34 11.999999999999998 10.999999999999998 31
leaf_count=98 10 2780 12 13 12 13 162 12 92 18 34 12 11 31
internal_value=5.80746e-05 -0.00695202 -0.221276 0.0123236 -0.361698 0.13587 0.042417 -0.00355728 0.0166911 -0.0460767 -0.276452 -0.620002 0.150785 0.109333
internal_weight=3310 2840 60 48 35 23 470 330 318 226 64 30 140 129
internal_count=3310 2840 60 48 35 23 470 330 318 226 64 30 140 129
is_linear=0
shrinkage=0.05


Tree=268
num_leaves=15
num_cat=0
split_feature=3 9 9 6 6 5 4 6 9 7 5 7 9 8
split_gain=395.133 1619.3 835.622 651.678 629.323 2102.71 1141.43 2508.99 908.058 2045.53 2788.04 2274.27 1698.36 5065.45
threshold=1081.5000000000002 37.771195492184297 52.688097736869928 1147.5000000000002 1035.5000000000002 1030.5000000000002 1028.5000000000002 1018.5000000000001 101.81377270143601 805.357142857143 809.50000000000011 852.21428571428589 83.997069588319064 893.33928571428589
decision_type=2 2 2 2 2 2 2 2 2 2 2 2 2 2
left_child=4 -2 3 -3 5 6 7 8 12 -10 -11 -12 -1 -14
right_child=1 2 -4 -5 -6 -7 -8 -9 9 10 11 -13 13 -15
leaf_value=0.0031075064944120628 -0.70841559946537025 0.51317044973373394 -0.24904116409666399 -0.057652513980865489 0.14337436581006299 -0.57303591240197427 0.38797923138267115 -0.69391501683455248 0.80854535048658205 -0.61165004571278891 0.67737363179524746 -0.066113475337624558 -0.54070172666049587 0.66764752864837651
leaf_weight=3021 9.9999999999999982 10.000000000000002 17 9.9999999999999982 77 15.999999999999998 19 12.999999999999998 10.999999999999998 11.999999999999998 18 24 41 10.999999999999998
leaf_count=3021 10 10 17 10 77 16 19 13 11 12 18 24 41 11
internal_value=5.51706e-05 -0.143887 0.00868864 0.227759 0.0021285 -0.00128516 0.00160064 -0.000729154 0.00214255 0.18708 0.0604852 0.252524 -0.00176924 -0.285089
internal_weight=3310 47 37 20 3263 3186 3170 3151 3138 65 54 42 3073 52
internal_count=3310 47 37 20 3263 3186 3170 3151 3138 65 54 42 3073 52
is_linear=0
shrinkage=0.05


Tree=269
num_leaves=15
num_cat=1
split_feature=0 8 9 3 5 6 9 2 8 2 8 7 3 3
split_gain=391.135 1990.62 1726.74 2145.23 4938.66 2268.21 2497.64 2103.08 4067.62 3191.09 2056.51 2066.67 1761.42 1752.67
threshold=0 502.23214285714295 64.156033894825597 472.50000000000006 435.50000000000006 447.50000000000006 43.527692038184007 23.500000000000004 483.98214285714295 14.500000000000002 444.39285714285717 451.57142857142861 526.50000000000011 464.50000000000006
decision_type=1 2 2 2 2 2 2 2 2 2 2 2 2 2
left_child=1 2 3 5 -5 -1 -7 8 12 -10 -8 -12 -6 -4
right_child=-2 -3 13 4 7 6 10 -9 9 -11 11 -13 -14 -15
leaf_value=-0.046315793679113246 0.0086683531903904969 -0.50218481448563668 -0.061209743037339184 -1.2047252183610744 -0.044409909071225044 0.0027923693954944612 1.0483755955329308 0.12548846614757372 -0.31558456512597882 -1.5036274361610413 -0.11621805953482785 0.72846719665186743 -0.73859813451766976 0.44539775369982976
leaf_weight=267 2648 22 31 10.999999999999998 106 50 12.999999999999998 62 13.000000000000002 9.9999999999999982 15.000000000000002 13.999999999999998 9.9999999999999982 38
leaf_count=267 2648 22 31 11 106 50 13 62 13 10 15 14 10 38
internal_value=5.24126e-05 -0.0340283 -0.0184671 -0.0470167 -0.173132 0.0274581 0.241563 -0.116677 -0.224693 -0.832125 0.525813 0.291561 -0.104254 0.217791
internal_weight=3310 662 640 571 212 359 92 201 139 23 42 29 116 69
internal_count=3310 662 640 571 212 359 92 201 139 23 42 29 116 69
cat_boundaries=0 1
cat_threshold=80
is_linear=0
shrinkage=0.05


Tree=270
num_leaves=15
num_cat=0
split_feature=8 8 2 3 3 5 3 8 9 9 9 8 6 8
split_gain=381.082 4720.26 4997.33 3461.93 2907.73 2395.13 4054.17 3206.42 3807.05 3435.16 2133.26 2483.7 2004.12 1618.53
threshold=898.17857142857156 906.69642857142878 10.500000000000002 847.50000000000011 958.50000000000011 908.50000000000011 949.50000000000011 924.28571428571433 61.866803052769193 80.056279683440536 72.828482912098096 901.25000000000011 917.50000000000011 895.21428571428589
decision_type=2 2 2 2 2 2 2 2 2 2 2 2 2 2
left_child=4 2 10 -3 13 7 12 -5 -9 -10 11 -2 -7 -1
right_child=1 3 -4 5 -6 6 -8 8 9 -11 -12 -13 -14 -15
leaf_value=-0.0018547646702111464 0.090527419644323259 0.89026690396395614 -1.394593445584178 0.26281600423595486 0.4730791095982898 -0.016348967949549358 -0.026237310252086383 -1.2201708312545505 0.288202679157257 -0.90817312955856322 0.36385185935280545 -0.91346159832818152 0.76024014348233193 0.48746986989589303
leaf_weight=2852 11 10.999999999999998 11.999999999999998 17 33 11.999999999999998 254 13.999999999999998 15.000000000000002 9.9999999999999982 10.999999999999998 14 27 17
leaf_count=2852 11 11 12 17 33 12 254 14 15 10 11 14 27 17
internal_value=5.11005e-05 -0.0451953 -0.510946 0.0169048 0.00641241 -0.0106223 0.0466417 -0.310236 -0.560028 -0.190348 -0.216397 -0.471706 0.52129 0.00104468
internal_weight=3310 408 48 360 2902 349 293 56 39 25 36 25 39 2869
internal_count=3310 408 48 360 2902 349 293 56 39 25 36 25 39 2869
is_linear=0
shrinkage=0.05


Tree=271
num_leaves=15
num_cat=0
split_feature=9 3 3 9 2 9 1 8 9 4 2 2 8 4
split_gain=375.066 964.193 1723.57 732.915 1093.19 996.043 1059.39 2383.03 865.819 1063.96 773.422 3031.73 3686.85 8683.75
threshold=17.904750583943557 496.50000000000006 426.50000000000006 24.563898590831165 1.5000000000000002 28.322126376317161 4.5000000000000009 523.62500000000011 27.756677883306853 450.50000000000006 7.5000000000000009 9.5000000000000018 891.42857142857144 856.50000000000011
decision_type=2 2 2 2 2 2 2 2 2 2 2 2 2 2
left_child=1 2 -1 4 -2 6 8 -8 -5 -10 -7 12 13 -12
right_child=3 -3 -4 5 -6 10 7 -9 9 -11 11 -13 -14 -15
leaf_value=0.04824855141341685 0.50126743108034144 0.11516412182858116 -0.81823830658739272 0.013408869332081434 0.059508636637957184 0.032695594242201927 -0.13375996326406797 -1.0062539826333523 -0.7074561154842377 -0.085446304616793478 -0.14416364208597857 0.011054523835275156 0.25230422019958498 -1.1317456429004671
leaf_weight=12.000000000000002 14.999999999999998 19 10.999999999999998 118 211 1239 36 9.9999999999999982 9.9999999999999982 22 203 1336 43 25
leaf_count=12 15 19 11 118 211 1239 36 10 10 22 203 1336 43 25
internal_value=4.85461e-05 -0.148417 -0.366158 0.00195661 0.0888289 -0.00449741 -0.113521 -0.323433 -0.0491476 -0.279824 0.00301086 -0.0198761 -0.172361 -0.252451
internal_weight=3310 42 23 3268 226 3042 196 46 150 32 2846 1607 271 228
internal_count=3310 42 23 3268 226 3042 196 46 150 32 2846 1607 271 228
is_linear=0
shrinkage=0.05


Tree=272
num_leaves=15
num_cat=1
split_feature=1 1 5 5 9 0 9 9 2 9 7 4 8 4
split_gain=389.364 1631.28 2120.24 4877.7 2283.28 1643.41 3060.84 2556.22 2608.56 1741.19 1855.47 1890.36 2024.4 1428.88
threshold=5.5000000000000009 4.5000000000000009 867.50000000000011 927.50000000000011 75.286564311082756 0 78.126598187673508 49.016376173644588 8.5000000000000018 60.910192745403656 881.92857142857156 546.50000000000011 817.12500000000011 473.50000000000006
decision_type=2 2 2 2 2 1 2 2 2 2 2 2 2 2
left_child=1 -1 5 4 -4 7 13 8 -3 -9 11 -11 -13 -7
right_child=-2 2 3 -5 -6 6 -8 9 -10 10 -12 12 -14 -15
leaf_value=0.0099450869865141782 0.042200612994505372 -1.2853779339790341 -0.47436895780265326 0.13525669134181481 -1.4101511261679911 0.099432258460465384 0.71258182048797614 0.097693166841885878 -0.24283333043257396 -0.1386931982907382 0.1681179951876402 -1.3167895835638044 -0.33383854644542393 -0.13297470061081476
leaf_weight=2370 470 10.000000000000002 16.000000000000004 23 10.999999999999998 127 14.999999999999998 56 14.999999999999998 22 15.999999999999998 10.000000000000002 10.999999999999998 138
leaf_count=2370 470 10 16 23 11 127 15 56 15 22 16 10 11 138
internal_value=4.61189e-05 -0.00693015 -0.0920244 -0.399813 -0.855614 -0.0553829 0.0171245 -0.18818 -0.659851 -0.102006 -0.291551 -0.46259 -0.80191 -0.0215948
internal_weight=3310 2840 470 50 27 420 280 140 25 115 59 43 21 265
internal_count=3310 2840 470 50 27 420 280 140 25 115 59 43 21 265
cat_boundaries=0 1
cat_threshold=273
is_linear=0
shrinkage=0.05


Tree=273
num_leaves=15
num_cat=0
split_feature=8 7 7 8 2 2 6 2 6 3 9 2 2 4
split_gain=389.991 3097.39 5008.7 6809.68 7416.85 3913.31 2374.67 3403.46 11367 3267.21 5014.96 7619.24 6816.85 4505.76
threshold=868.05357142857156 827.92857142857156 867.92857142857156 875.42857142857144 4.5000000000000009 5.5000000000000009 829.50000000000011 1.5000000000000002 913.50000000000011 850.50000000000011 80.056279683440536 9.5000000000000018 3.5000000000000004 856.50000000000011
decision_type=2 2 2 2 2 2 2 2 2 2 2 2 2 2
left_child=6 -2 3 4 -3 -5 9 8 -8 -1 11 12 -11 -14
right_child=1 2 -4 5 -6 -7 7 -9 -10 10 -12 -13 13 -15
leaf_value=0.0017555203545804806 0.76332690411557758 -2.0787266384471539 -0.0064510657782135888 -0.38299442359379354 -0.36940193970998131 0.81875306785106661 0.36706669267855191 0.18507499380580461 -1.6526067008349028 -0.057213924669971078 0.64905146685513593 0.087381858558490358 -0.88549748646716253 -2.3225570514798166
leaf_weight=2205 11.999999999999998 11.000000000000002 632 21.000000000000004 14.999999999999998 9.9999999999999982 19.000000000000004 300 10.999999999999998 11.999999999999998 10.999999999999998 29 12.000000000000002 9.9999999999999982
leaf_count=2205 12 11 632 21 15 10 19 300 11 12 11 29 12 10
internal_value=4.38131e-05 -0.0330664 -0.0469368 -0.495831 -1.09258 0.00466606 0.00894003 0.134297 -0.37348 -0.00921174 -0.336006 -0.508001 -1.01583 -1.53871
internal_weight=3310 701 689 57 26 31 2609 330 30 2279 74 63 34 22
internal_count=3310 701 689 57 26 31 2609 330 30 2279 74 63 34 22
is_linear=0
shrinkage=0.05


Tree=274
num_leaves=15
num_cat=0
split_feature=2 2 1 8 3 1 1 2 3 4 7 7 3 7
split_gain=393.062 2515.83 3456.75 2846.85 3965.04 3073.87 2182.26 6157.05 2683.42 4405.29 3823.76 3319.82 3205.03 4007.66
threshold=7.5000000000000009 8.5000000000000018 1.0000000180025095e-35 849.55357142857156 558.50000000000011 3.5000000000000004 3.5000000000000004 5.5000000000000009 434.50000000000006 459.50000000000006 486.50000000000006 484.64285714285717 508.50000000000006 497.35714285714295
decision_type=2 2 2 2 2 2 2 2 2 2 2 2 2 2
left_child=6 2 -2 4 -4 -6 8 -8 11 10 -10 -1 -11 -14
right_child=1 -3 3 -5 5 -7 7 -9 9 12 -12 -13 13 -15
leaf_value=0.094359349435375592 -1.1048617792129516 0.0026758652611652157 -0.092007756619541747 0.22272363226765243 -0.099739861488342255 -1.1500087694117898 0.012984862702393671 0.41259148078349733 -0.22511458891359243 0.19822523963451388 -1.0478745866762964 0.9653140366077424 -0.57818708827621057 -0.044645975104121167
leaf_weight=124 9.9999999999999982 1690 81 39 11.000000000000002 19 490 120 55 125 19 11.999999999999998 38 477
leaf_count=124 10 1690 81 39 11 19 490 120 55 125 19 12 38 477
internal_value=4.16214e-05 -0.0152649 -0.204765 -0.144758 -0.273873 -0.76491 0.0194369 0.091596 -0.0323479 -0.0711205 -0.436364 0.171208 -0.0288892 -0.0840141
internal_weight=3310 1850 160 150 111 30 1460 610 850 714 74 136 640 515
internal_count=3310 1850 160 150 111 30 1460 610 850 714 74 136 640 515
is_linear=0
shrinkage=0.05


Tree=275
num_leaves=15
num_cat=0
split_feature=5 8 6 6 2 4 2 4 1 4 4 3 8 1
split_gain=387.465 1816.2 1397.61 1856.35 1021.96 879.319 2062.33 1886.24 1534.97 1161.21 2064.92 1829.9 1776.56 3477.69
threshold=1045.5000000000002 1036.3750000000002 1029.5000000000002 1018.5000000000001 5.5000000000000009 991.50000000000011 9.5000000000000018 969.00000000000011 3.5000000000000004 961.50000000000011 954.50000000000011 966.50000000000011 961.08928571428589 4.5000000000000009
decision_type=2 2 2 2 2 2 2 2 2 2 2 2 2 2
left_child=2 -2 3 5 -4 7 8 9 -7 10 11 12 -1 -14
right_child=1 -3 4 -5 -6 6 -8 -9 -10 -11 -12 -13 13 -15
leaf_value=0.0024260269854973903 -0.60407248655954993 -0.0078372193803620902 -0.0056985948766980861 -0.50666547616322832 0.55129006832838057 0.16097254915670911 -0.0079420262828786333 -0.49804883944360834 0.99626460292122587 0.34810704427460831 -0.4138260382786394 -0.54782335281372074 1.1445647716522216 -0.09568051649973941
leaf_weight=2977 14.999999999999998 86 13.999999999999998 18 20 11.000000000000002 47 19 10.999999999999998 24 30 14.999999999999998 10 13
leaf_count=2977 15 86 14 18 20 11 47 19 11 24 30 15 10 13
internal_value=3.9541e-05 -0.096387 0.00307447 -0.000340174 0.321942 0.0025467 0.179077 -0.0013978 0.578619 0.00167694 -0.00105355 0.00305364 0.00580803 0.443557
internal_weight=3310 101 3209 3175 34 3157 69 3088 22 3069 3045 3015 3000 23
internal_count=3310 101 3209 3175 34 3157 69 3088 22 3069 3045 3015 3000 23
is_linear=0
shrinkage=0.05


Tree=276
num_leaves=15
num_cat=0
split_feature=1 2 1 3 9 9 8 7 5 2 4 7 8 2
split_gain=389.272 1073.67 5216.14 6456.37 5223.86 913.067 909.92 2453.84 5096.36 3352.93 2860.63 2194.93 2023.77 1688.22
threshold=1.0000000180025095e-35 1.0000000180025095e-35 3.5000000000000004 795.50000000000011 60.910192745403656 31.405259127759205 868.05357142857156 873.64285714285722 864.50000000000011 7.5000000000000009 916.50000000000011 897.64285714285722 889.25000000000011 10.500000000000002
decision_type=2 2 2 2 2 2 2 2 2 2 2 2 2 2
left_child=-1 2 3 4 -2 -4 11 8 9 -8 -10 -3 -12 -9
right_child=1 6 5 -5 -6 -7 7 13 10 -11 12 -13 -14 -15
leaf_value=0.042187121131734812 -0.64146623642821055 0.0089636863314107636 0.10526374571025368 -1.5772747321562335 0.77038161396980298 0.78093640327453617 -1.2938637635287114 0.062756761326371133 0.54648763295263059 -0.20225659788896644 -0.73544706931480974 0.75142118930816659 0.21066449880599977 -0.11851858023100166
leaf_weight=470 19.000000000000004 2185 10.000000000000002 10.999999999999998 9.9999999999999982 9.9999999999999982 17.000000000000004 279 15.999999999999998 11.999999999999998 13.000000000000002 9.9999999999999982 9.9999999999999982 238
leaf_count=470 19 2185 10 11 10 10 17 279 16 12 13 10 10 238
internal_value=3.7564e-05 -0.00693789 -0.216201 -0.545852 -0.154622 0.4431 -0.00242142 -0.0578315 -0.340193 -0.842164 0.0330676 0.0123462 -0.324094 -0.020693
internal_weight=3310 2840 60 40 29 20 2780 585 68 29 39 2195 23 517
internal_count=3310 2840 60 40 29 20 2780 585 68 29 39 2195 23 517
is_linear=0
shrinkage=0.05


Tree=277
num_leaves=15
num_cat=1
split_feature=0 8 9 3 3 8 3 7 7 3 2 9 2 8
split_gain=387.006 1766.72 1591.06 2032.96 1575.15 1336.18 1112.71 1100.59 4477.53 4044.3 3656.39 2898.21 3121.61 5214.13
threshold=0 502.23214285714295 64.156033894825597 540.50000000000011 464.50000000000006 380.8035714285715 518.50000000000011 514.64285714285722 497.35714285714295 457.50000000000006 1.0000000180025095e-35 39.835566290642475 7.5000000000000009 508.89285714285717
decision_type=1 2 2 2 2 2 2 2 2 2 2 2 2 2
left_child=1 2 3 5 -4 -1 -3 8 10 -10 -2 -11 13 -13
right_child=7 6 4 -5 -6 -7 -8 -9 9 11 -12 12 -14 -15
leaf_value=0.43435818581531449 -0.71799215310149733 -0.15032764207571742 -0.056939945850641493 -0.6210288851459822 0.42332653158197281 -0.044047328591512003 -0.86446385025978101 -0.011567946122141104 1.1870142939415844 0.032359911641106014 0.0069781330342232745 1.2592058573256839 0.1289008081276366 0.17061527361246676
leaf_weight=14.999999999999998 18 12.000000000000002 31 14.999999999999998 38 541 9.9999999999999982 1901 10.999999999999998 112 515 22 47 22
leaf_count=15 18 12 31 15 38 541 10 1901 11 112 515 22 47 22
internal_value=3.56854e-05 -0.0338645 -0.0192319 -0.0466369 0.207555 -0.0311407 -0.474935 0.00860613 0.0600612 0.253252 -0.0175049 0.202654 0.412246 0.714911
internal_weight=3310 662 640 571 69 556 22 2648 747 214 533 203 91 44
internal_count=3310 662 640 571 69 556 22 2648 747 214 533 203 91 44
cat_boundaries=0 1
cat_threshold=80
is_linear=0
shrinkage=0.05


Tree=278
num_leaves=15
num_cat=1
split_feature=0 8 3 5 2 3 6 7 8 7 3 6 6 6
split_gain=384.304 4673.7 1188.08 3191.49 2806.49 4291.81 2089.59 1205.87 1165.81 1084.59 1190.87 4227.6 1419.33 2120.86
threshold=0 526.14285714285722 528.50000000000011 549.50000000000011 7.5000000000000009 552.50000000000011 535.50000000000011 507.35714285714295 380.8035714285715 401.21428571428578 467.50000000000006 429.50000000000006 447.50000000000006 506.50000000000006
decision_type=1 2 2 2 2 2 2 2 2 2 2 2 2 2
left_child=1 2 3 7 5 6 -4 8 -1 -10 12 -12 -11 -14
right_child=-2 -3 4 -5 -6 -7 -8 -9 9 10 11 -13 13 -15
leaf_value=0.41264029383659367 0.011185311946105796 -1.1015790927410127 -1.3991984112696212 0.64825745326908013 0.02061530654062773 0.039091642975807195 -0.51477752647855712 0.21460976650317512 -0.36323994081467392 -0.029326016974527441 -0.88622590992599726 -0.052154574172101002 0.25339320878764349 -0.31792162892065551
leaf_weight=14.999999999999998 2317 9.9999999999999982 11.000000000000002 19 91 25 17 57 24 276 15.999999999999998 301 112 19
leaf_count=15 2317 10 11 19 91 25 17 57 24 276 16 301 112 19
internal_value=3.39015e-05 -0.0258385 -0.0151579 0.0076149 -0.147841 -0.437078 -0.862229 -0.00722926 -0.0238018 -0.0325539 -0.021592 -0.0942528 0.0350013 0.170531
internal_weight=3310 993 983 839 144 53 28 820 763 748 724 317 407 131
internal_count=3310 993 983 839 144 53 28 820 763 748 724 317 407 131
cat_boundaries=0 1
cat_threshold=82
is_linear=0
shrinkage=0.05


Tree=279
num_leaves=15
num_cat=2
split_feature=9 8 8 9 8 4 6 0 3 8 9 9 0 3
split_gain=382.905 2670.53 4817.36 2422.09 2369.05 6988.61 1993.67 1926.47 1913.11 2287.07 1875.48 1831.77 3830.66 3265
threshold=50.525643078199835 1004.1428571428572 1036.3750000000002 47.945009898987202 870.71428571428589 929.50000000000011 501.50000000000006 0 548.50000000000011 576.03571428571433 37.518409317687308 60.678107023219738 1 1000.5000000000001
decision_type=2 2 2 2 2 2 2 1 2 2 2 2 1 2
left_child=3 11 -3 7 6 -6 -5 -1 -9 -10 -11 12 -2 -14
right_child=1 2 -4 4 5 -7 -8 8 9 10 -12 -13 13 -15
leaf_value=0.062243696559709294 -0.019488676985305167 -1.2796518889340489 -0.0074571798919983532 -0.31255578212695173 -1.2913356099277733 0.2694118699202171 0.019348457403199265 -0.022746734749186565 -0.91780433257420868 -0.6026503004133702 -0.0041823316753531493 -0.014031199528579293 0.29660943472667672 -0.62654140084981924
leaf_weight=777 300 10.999999999999998 23 73 16.000000000000004 12.999999999999998 119 755 11.999999999999998 18 48 908 227 9.9999999999999982
leaf_count=777 300 11 23 73 16 13 119 755 12 18 48 908 227 10
internal_value=3.38963e-05 0.0189557 -0.41905 -0.0152503 -0.170467 -0.59169 -0.106844 0.00605584 -0.0465432 -0.282848 -0.167401 0.0292617 0.102465 0.247226
internal_weight=3310 1479 34 1831 221 29 192 1610 833 78 66 1445 537 237
internal_count=3310 1479 34 1831 221 29 192 1610 833 78 66 1445 537 237
cat_boundaries=0 1 2
cat_threshold=170 25
is_linear=0
shrinkage=0.05


Tree=280
num_leaves=15
num_cat=0
split_feature=6 8 4 7 2 2 9 4 9 6 5 9 4 5
split_gain=369.393 2321.22 2120.96 3374.08 4504 4294.76 4212.06 3332.59 3599.83 3067.15 2631.76 2605.74 2335.42 2110.79
threshold=757.50000000000011 773.50000000000011 595.50000000000011 556.92857142857156 2.5000000000000004 9.5000000000000018 61.387904886638701 574.50000000000011 58.177376503477568 636.50000000000011 737.00000000000011 38.029080340233762 572.50000000000011 744.00000000000011
decision_type=2 2 2 2 2 2 2 2 2 2 2 2 2 2
left_child=2 -2 7 -4 10 6 -6 12 -9 -8 -5 -7 -1 -3
right_child=1 13 3 4 5 11 9 8 -10 -11 -12 -13 -14 -15
leaf_value=-0.0025765900526375971 0.60204060919144586 0.45930882798364525 -0.86318803876638417 0.91254797428846368 -0.12893634283984151 -0.54982532960803887 -1.7062901020050043 0.12314629064816418 1.0573227858543397 -0.61414567331473036 0.015804360144668156 0.10155059490352869 -0.73331322669982912 0.0038610542822881777
leaf_weight=1825 17 26 15.999999999999998 14.999999999999998 27 19 10.000000000000002 33 14.999999999999998 18 18 80 10.999999999999998 1180
leaf_count=1825 17 26 16 15 27 19 10 33 15 18 18 80 11 1180
internal_value=3.86593e-05 0.0218584 -0.0127479 -0.166304 -0.106678 -0.220269 -0.574524 0.00379774 0.415076 -1.0042 0.423415 -0.0234609 -0.00695464 0.01368
internal_weight=3310 1223 2087 203 187 154 55 1884 48 28 33 99 1836 1206
internal_count=3310 1223 2087 203 187 154 55 1884 48 28 33 99 1836 1206
is_linear=0
shrinkage=0.05


Tree=281
num_leaves=15
num_cat=1
split_feature=3 2 7 0 8 7 2 4 1 2 8 7 9 8
split_gain=372.622 1687.4 1825.91 511.96 4233.41 6013.71 5031.09 3386.78 3274.41 3022.06 10117.9 3784.66 7179.49 3567.54
threshold=1085.0000000000002 25.500000000000004 1088.714285714286 0 839.92857142857144 834.28571428571433 5.5000000000000009 958.50000000000011 2.5000000000000004 4.5000000000000009 858.87500000000011 908.50000000000011 79.599626371562394 935.66071428571433
decision_type=2 2 2 1 2 2 2 2 2 2 2 2 2 2
left_child=3 2 -2 4 6 8 -1 -5 -6 10 -7 12 -11 -13
right_child=1 -3 -4 7 5 9 -8 -9 -10 11 -12 13 -14 -15
leaf_value=0.78273340815152881 -0.88006200573661086 0.27725247333447139 -0.043236104026436809 -0.0040557712600730678 -0.12672449296171012 1.5579573136109572 0.066439512665524628 -0.88322163061662151 -1.279503916842597 -0.10547260005207759 0.080744622245639844 0.54914414018392566 -1.1210423013940454 -0.0023084612028127878
leaf_weight=39 11.000000000000002 14.999999999999998 15.999999999999998 2637 11.000000000000002 12.999999999999998 66 10.999999999999998 13.999999999999998 134 107 35 20 181
leaf_count=39 11 15 16 2637 11 13 66 11 14 134 107 35 20 181
internal_value=3.67268e-05 -0.147945 -0.384165 0.00193857 0.0424536 -0.015856 0.332492 -0.0076789 -0.772281 0.0227371 0.240776 -0.0479783 -0.237365 0.0870473
internal_weight=3310 42 27 3268 620 515 105 2648 25 490 120 370 154 216
internal_count=3310 42 27 3268 620 515 105 2648 25 490 120 370 154 216
cat_boundaries=0 1
cat_threshold=132
is_linear=0
shrinkage=0.05


Tree=282
num_leaves=15
num_cat=0
split_feature=7 3 3 8 3 6 9 9 8 8 3 7 9 7
split_gain=363.491 1877.79 1121.31 974.123 831.632 3181.64 1782.48 1527.55 1040.6 1394.51 2457.33 2315.98 1364.19 1697.31
threshold=375.71428571428572 324.50000000000006 367.00000000000006 398.66071428571439 407.50000000000006 456.50000000000006 36.929744626774188 34.408147446605057 430.01785714285717 444.39285714285717 477.50000000000006 428.4285714285715 27.480344038279341 416.50000000000006
decision_type=2 2 2 2 2 2 2 2 2 2 2 2 2 2
left_child=-1 -2 3 -3 5 6 7 -4 12 10 11 -10 -6 -14
right_child=1 2 4 -5 8 -7 -8 -9 9 -11 -12 -13 13 -15
leaf_value=-0.17935292112108853 0.68568395853042607 -0.036867444217205038 0.1190797002966989 -0.68827670270746411 -0.0066820355692740396 0.894325760131081 -0.10817742702839453 0.6982004340205874 -0.26583843529224399 -0.0024330702984783179 -0.26113267805427315 0.54349679105811644 0.039994736531606095 -0.46160653469463186
leaf_weight=28 9.9999999999999982 12.000000000000002 61 10.999999999999998 108 11.999999999999998 84 13.999999999999998 10.999999999999998 2820 20 45 26 48
leaf_count=28 10 12 61 11 108 12 84 14 11 2820 20 45 26 48
internal_value=3.48908e-05 0.00156532 -0.00052551 -0.348411 0.00193721 0.109261 0.0500111 0.227182 -0.00402524 0.00326285 0.214612 0.38452 -0.119994 -0.285368
internal_weight=3310 3282 3272 23 3249 171 159 75 3078 2896 76 56 182 74
internal_count=3310 3282 3272 23 3249 171 159 75 3078 2896 76 56 182 74
is_linear=0
shrinkage=0.05


Tree=283
num_leaves=15
num_cat=0
split_feature=9 2 9 2 9 1 8 9 2 9 2 2 1 2
split_gain=365.02 881.726 630.259 986.54 896.253 973.032 2119.74 731.369 960.397 671.198 662.073 2566.41 2304.57 5969.11
threshold=17.904750583943557 2.5000000000000004 24.563898590831165 1.5000000000000002 28.322126376317161 4.5000000000000009 523.62500000000011 27.756677883306853 7.5000000000000009 27.480344038279341 7.5000000000000009 8.5000000000000018 3.5000000000000004 5.5000000000000009
decision_type=2 2 2 2 2 2 2 2 2 2 2 2 2 2
left_child=1 -1 3 -2 5 7 9 -4 -9 -7 12 -12 -6 -14
right_child=2 -3 4 -5 10 6 -8 8 -10 -11 11 -13 13 -15
leaf_value=-0.48859892625075124 0.47427837034066522 0.0069549549756378962 0.011700738064739537 0.054621084329288153 -0.027570297971715136 0.013435649275779725 -0.95265835449099545 -0.53172291899099944 0.016112965306820114 -0.45524858778173272 -0.21876166413056441 0.0017764666337340244 0.031163176513861524 0.47127793174474802
leaf_weight=12.999999999999998 14.999999999999998 29 118 211 718 25 9.9999999999999982 15.999999999999998 15.999999999999998 10.999999999999998 145 1462 427 94
leaf_count=13 15 29 118 211 718 25 10 16 16 11 145 1462 427 94
internal_value=3.31462e-05 -0.146431 0.00191549 0.0824744 -0.0040695 -0.107487 -0.308661 -0.0457938 -0.257805 -0.129773 0.00305273 -0.0181227 0.0305176 0.11057
internal_weight=3310 42 3268 226 3042 196 46 150 32 36 2846 1607 1239 521
internal_count=3310 42 3268 226 3042 196 46 150 32 36 2846 1607 1239 521
is_linear=0
shrinkage=0.05


Tree=284
num_leaves=15
num_cat=0
split_feature=1 2 3 7 5 4 1 1 2 2 2 2 2 2
split_gain=365.686 888.63 4806.34 6463.51 6150.82 2230.69 857.196 1913.53 3211.36 3571.82 3203.97 2623.81 5477.59 5007.54
threshold=1.0000000180025095e-35 1.0000000180025095e-35 910.50000000000011 578.07142857142867 530.50000000000011 477.50000000000006 2.5000000000000004 3.5000000000000004 3.5000000000000004 2.5000000000000004 11.500000000000002 7.5000000000000009 5.5000000000000009 11.500000000000002
decision_type=2 2 2 2 2 2 2 2 2 2 2 2 2 2
left_child=-1 2 3 4 5 -2 -3 8 9 -8 -10 12 -9 -13
right_child=1 6 -4 -5 -6 -7 7 11 10 -11 -12 13 -14 -15
leaf_value=0.040884134631326542 -0.31963347991307572 -0.041779498810208933 -1.092125304043293 0.97866603227762072 -1.2446084196679295 0.66611540751023735 0.25082033673922222 -0.0085429268952538356 0.30451764126750641 -0.43928317166864872 0.0092775130797834969 -0.25099917503467833 0.36994433884198469 0.015291963890364225
leaf_weight=470 12.000000000000002 930 11.999999999999998 12.999999999999998 11.999999999999998 10.999999999999998 30 470 200 50 170 260 120 550
leaf_count=470 12 930 12 13 12 11 30 470 200 50 170 260 120 550
internal_value=3.14887e-05 -0.00672934 -0.197108 0.0266464 -0.326961 0.151812 -0.00262045 0.0170649 0.106758 -0.180494 0.168867 -0.011765 0.0684375 -0.0701842
internal_weight=3310 2840 60 48 35 23 2780 1850 450 80 370 1400 590 810
internal_count=3310 2840 60 48 35 23 2780 1850 450 80 370 1400 590 810
is_linear=0
shrinkage=0.05


Tree=285
num_leaves=15
num_cat=1
split_feature=3 2 7 6 5 4 6 2 0 2 2 6 3 8
split_gain=340.071 1526.16 1668.23 486.062 1875.51 1062.06 3512.57 1935.47 800.589 6369.66 4119.08 2715.83 2391.14 2353.24
threshold=1085.0000000000002 25.500000000000004 1088.714285714286 1035.5000000000002 1030.5000000000002 1018.5000000000001 1018.5000000000001 11.500000000000002 0 4.5000000000000009 7.5000000000000009 824.50000000000011 853.50000000000011 853.32142857142867
decision_type=2 2 2 2 2 2 2 2 1 2 2 2 2 2
left_child=3 2 -2 4 5 6 8 -7 9 13 -11 -12 -13 -1
right_child=1 -3 -4 -5 -6 7 -8 -9 -10 10 11 12 -14 -15
leaf_value=1.2933422744274141 -0.83999309539794886 0.26303302983442944 -0.04011594094336033 0.12204304819233808 -0.54122555251233284 0.865687983036041 -0.93680383443832405 -0.010949798191294951 -0.004130493826154955 -0.60068986703609606 0.75624418258666992 0.60603154202302301 -0.17296913835135375 0.42363035162644724
leaf_weight=9.9999999999999982 11.000000000000002 14.999999999999998 15.999999999999998 82 15.999999999999998 10.000000000000002 9.9999999999999982 17 2979 29 12.999999999999998 11.999999999999998 55 35
leaf_count=10 11 15 16 82 16 10 10 17 2979 29 13 12 55 35
internal_value=2.9914e-05 -0.14134 -0.365992 0.00184679 -0.00124678 0.00147867 -0.00120374 0.313731 0.00178254 0.109334 -0.0901812 0.0948781 -0.0334466 0.6169
internal_weight=3310 42 27 3268 3186 3170 3143 27 3133 154 109 80 67 45
internal_count=3310 42 27 3268 3186 3170 3143 27 3133 154 109 80 67 45
cat_boundaries=0 1
cat_threshold=128
is_linear=0
shrinkage=0.05


Tree=286
num_leaves=15
num_cat=0
split_feature=9 8 6 9 7 7 9 3 7 9 4 5 6 7
split_gain=362.656 954.703 1396.78 780.421 1047.4 1902.13 718.02 810.759 1998.56 802.869 881.42 2414.51 997.438 854.396
threshold=19.239411503522174 502.91071428571439 500.50000000000006 24.244330183318826 439.35714285714295 498.64285714285717 28.322126376317161 953.50000000000011 621.57142857142867 27.673622175983166 477.50000000000006 468.50000000000006 475.50000000000006 487.21428571428578
decision_type=2 2 2 2 2 2 2 2 2 2 2 2 2 2
left_child=1 -1 -3 4 -2 -6 7 8 9 10 11 -5 -12 -11
right_child=3 2 -4 6 5 -7 -8 -9 -10 13 12 -13 -14 -15
leaf_value=0.025062532458040451 -0.013617142301641015 -0.81803648263215989 -0.055153175794209044 2.6927600827133446e-05 0.50593460413316893 0.036728549997011826 0.0029905994000349874 0.34628067731857304 -0.69110483569758285 -0.46517244681068093 0.53856605539719271 -0.80907900550148715 0.032845438672946051 -0.060118333889792368
leaf_weight=45 95 10.000000000000002 14.999999999999998 57 36 54 2846 9.9999999999999982 13.999999999999998 23 11.999999999999998 10.999999999999998 52 30
leaf_count=45 95 10 15 57 36 54 2846 10 14 23 12 11 52 30
internal_value=2.77947e-05 -0.112569 -0.360306 0.00246045 0.10218 0.224411 -0.00357824 -0.0930275 -0.115103 -0.071514 -0.00551196 -0.130858 0.127668 -0.235897
internal_weight=3310 70 25 3240 185 90 3055 209 199 185 132 68 64 53
internal_count=3310 70 25 3240 185 90 3055 209 199 185 132 68 64 53
is_linear=0
shrinkage=0.05


Tree=287
num_leaves=15
num_cat=0
split_feature=6 3 9 7 7 8 3 9 3 4 9 9 2 2
split_gain=336.982 6255.3 4001.09 5420.86 5212.25 4882.29 2764.98 2351.25 2007.12 2873.09 2611.99 2742.62 4536.97 6714.32
threshold=770.50000000000011 784.50000000000011 72.828482912098096 835.64285714285722 827.92857142857156 839.92857142857144 741.50000000000011 80.056279683440536 589.50000000000011 551.50000000000011 39.432972046020502 61.866803052769193 12.500000000000002 3.5000000000000004
decision_type=2 2 2 2 2 2 2 2 2 2 2 2 2 2
left_child=8 2 4 5 -2 7 -7 -4 -1 -10 -11 -12 13 -13
right_child=1 -3 3 -5 -6 6 -8 -9 9 10 11 12 -14 -15
leaf_value=0.0061370634663814178 1.7550209110433401 -0.013485211753694144 -0.14920736069862656 0.87866343529451463 0.35819999049691598 -1.2515488243103023 -0.1258115282903115 0.75607999861240394 -0.97375287771224972 -0.6166769856991976 0.087562249903392078 0.11417508774226713 0.44231190573838025 -0.8559481182978268
leaf_weight=1868 11.000000000000002 1085 13.000000000000002 21 17 10.000000000000002 11.999999999999998 15.999999999999998 9.9999999999999982 23 133 31 18 42
leaf_count=1868 11 1085 13 21 17 10 12 16 10 23 133 31 18 42
internal_value=2.64049e-05 0.0213903 0.399789 0.20256 0.906951 -0.0758361 -0.63751 0.350262 -0.0118871 -0.142895 -0.109257 -0.0571562 -0.268668 -0.443978
internal_weight=3310 1185 100 72 28 51 22 29 2125 257 247 224 91 73
internal_count=3310 1185 100 72 28 51 22 29 2125 257 247 224 91 73
is_linear=0
shrinkage=0.05


Tree=288
num_leaves=15
num_cat=1
split_feature=0 8 3 5 2 3 6 7 9 2 8 3 9 3
split_gain=344.389 4117.45 1066.38 2836.43 2561.84 3846.07 1836.98 1073.99 1388.44 2517.54 1020.19 983.438 5212.1 8094.92
threshold=0 526.14285714285722 528.50000000000011 549.50000000000011 7.5000000000000009 552.50000000000011 535.50000000000011 507.35714285714295 42.329863533581111 7.5000000000000009 380.8035714285715 554.50000000000011 51.787608066059327 518.50000000000011
decision_type=1 2 2 2 2 2 2 2 2 2 2 2 2 2
left_child=1 2 3 7 5 6 -4 10 -9 -10 -1 12 -2 -14
right_child=11 -3 4 -5 -6 -7 -8 8 9 -11 -12 -13 13 -15
leaf_value=0.38577231395989658 0.010011512949714363 -1.0341666220873595 -1.3224259810014201 0.61108706117558642 0.020798558799120098 0.034273840814828871 -0.49318577103755051 -0.0079543184866479634 1.0977815639972683 0.059058132980551042 -0.030690656209185242 -0.012287383285230928 0.18433215385171731 1.3990179033840404
leaf_weight=14.999999999999998 679 9.9999999999999982 11.000000000000002 19 91 25 17 33 10.000000000000002 13.999999999999998 748 1550 71 17
leaf_count=15 679 10 11 19 91 25 17 33 10 14 748 1550 71 17
internal_value=2.50847e-05 -0.0244668 -0.0144441 0.00713083 -0.140148 -0.416491 -0.818959 -0.00686328 0.202494 0.49186 -0.0225033 0.0105815 0.0569344 0.418987
internal_weight=3310 993 983 839 144 53 28 820 57 24 763 2317 767 88
internal_count=3310 993 983 839 144 53 28 820 57 24 763 2317 767 88
cat_boundaries=0 1
cat_threshold=82
is_linear=0
shrinkage=0.05


Tree=289
num_leaves=15
num_cat=0
split_feature=1 2 1 3 7 1 1 2 2 2 2 2 2 7
split_gain=348.705 799.483 4898.55 6298.89 2838.48 783.385 1737.14 2920.88 3254.83 2852.46 2346.49 4955.46 4463.75 4784.32
threshold=1.0000000180025095e-35 1.0000000180025095e-35 3.5000000000000004 494.50000000000006 795.50000000000011 2.5000000000000004 3.5000000000000004 3.5000000000000004 2.5000000000000004 11.500000000000002 7.5000000000000009 5.5000000000000009 11.500000000000002 520.50000000000011
decision_type=2 2 2 2 2 2 2 2 2 2 2 2 2 2
left_child=-1 2 3 -2 -5 -3 7 8 -7 -9 11 -8 13 -12
right_child=1 5 -4 4 -6 6 10 9 -10 -11 12 -13 -14 -15
leaf_value=0.039916705880710418 0.30340873956680303 -0.040115960276890947 0.45175998657941818 -1.6451368770003314 -0.55761761118968323 0.23937490624686084 -0.0087048975527880997 0.288824042209475 -0.41939458012580871 0.010249853697331513 -0.010931323359652264 0.35129172131419184 0.014124764031730592 -0.44052117146470038
leaf_weight=470 14.999999999999998 930 20 10.000000000000002 14.999999999999998 30 470 200 50 170 123 120 550 137
leaf_count=470 15 930 20 10 15 30 470 200 50 170 123 120 550 137
internal_value=2.38308e-05 -0.00657816 -0.187155 -0.506613 -0.992625 -0.00268082 0.0161379 0.101597 -0.172356 0.16083 -0.0113312 0.0645148 -0.066577 -0.237292
internal_weight=3310 2840 60 40 25 2780 1850 450 80 370 1400 590 810 260
internal_count=3310 2840 60 40 25 2780 1850 450 80 370 1400 590 810 260
is_linear=0
shrinkage=0.05


Tree=290
num_leaves=15
num_cat=0
split_feature=5 3 9 8 6 2 9 6 3 9 3 5 9 2
split_gain=364.112 4391.72 7621.96 5078.31 4302.73 2438.25 3764.18 2879.71 2385.76 2671.97 3391.79 2355.83 1881.08 1901.63
threshold=792.50000000000011 800.50000000000011 73.675549711399867 860.94642857142878 818.50000000000011 6.5000000000000009 81.069353086829793 862.50000000000011 845.50000000000011 74.130438146370977 731.50000000000011 864.50000000000011 81.069353086829793 12.500000000000002
decision_type=2 2 2 2 2 2 2 2 2 2 2 2 2 2
left_child=8 2 3 4 -2 6 11 -7 9 -1 -11 -4 13 -10
right_child=1 -3 5 -5 -6 7 -8 -9 12 10 -12 -13 -14 -15
leaf_value=-0.013710878400498411 0.77522596887179773 -0.0084957732619385298 0.75970533704385135 0.081287982625265931 2.1331759691238403 -0.028135498364766434 -0.81704819127917294 1.0672548890113831 -0.92409294442816936 1.0825739721457164 0.13187890727679397 -0.21858671604277335 0.15470176610079678 -0.064137011170387268
leaf_weight=2110 14.000000000000002 1003 10.000000000000002 11.999999999999998 9.9999999999999982 15.000000000000002 15.999999999999998 9.9999999999999982 18.000000000000004 11.999999999999998 43 15.999999999999998 10.999999999999998 9.9999999999999982
leaf_count=2110 14 1003 10 12 10 15 16 10 18 12 43 16 11 10
internal_value=2.26385e-05 0.0234327 0.334347 0.921122 1.34104 0.0190658 -0.213645 0.410021 -0.0117249 -0.00474285 0.339303 0.157679 -0.399316 -0.616966
internal_weight=3310 1106 103 36 24 67 42 25 2204 2165 55 26 39 28
internal_count=3310 1106 103 36 24 67 42 25 2204 2165 55 26 39 28
is_linear=0
shrinkage=0.05


Tree=291
num_leaves=15
num_cat=0
split_feature=7 3 7 7 8 2 8 5 3 2 7 9 5 9
split_gain=357.15 3759.17 3694.42 2745.64 3691.12 3106.23 2602.68 4162.45 3041.38 4055.34 4593.83 3668.64 2982.43 2664.72
threshold=785.78571428571433 731.50000000000011 822.357142857143 812.14285714285722 817.12500000000011 17.500000000000004 778.62500000000011 649.50000000000011 589.50000000000011 11.500000000000002 578.07142857142867 41.732922942763871 587.50000000000011 57.97000021899256
decision_type=2 2 2 2 2 2 2 2 2 2 2 2 2 2
left_child=6 2 -2 4 5 -3 7 8 -1 10 12 -11 -10 -14
right_child=1 3 -4 -5 -6 -7 -8 -9 9 11 -12 -13 13 -15
leaf_value=0.0041401635000925382 -0.21043598115444176 -0.26065394913449008 0.96659727327525613 -0.013268851212701155 0.63082109935581687 0.74182056784629824 -0.31452669950499051 0.56347890831530101 0.20183160437477962 -0.35941316372361681 -1.3061495578289033 0.43590098598907734 -0.16678906290658879 -1.1821675946315131
leaf_weight=1867 10.000000000000002 34 20 1111 40 9.9999999999999982 69 32 18 29 14.999999999999998 29 14.000000000000002 11.999999999999998
leaf_count=1867 10 34 20 1111 40 10 69 32 18 29 15 29 14 12
internal_value=2.15075e-05 0.0214487 0.574253 0.00757081 0.2832 -0.0328188 -0.0125676 -0.00223273 -0.0113571 -0.258651 -0.550514 0.0382439 -0.292911 -0.635425
internal_weight=3310 1225 30 1195 84 44 2085 2016 1984 117 59 58 44 26
internal_count=3310 1225 30 1195 84 44 2085 2016 1984 117 59 58 44 26
is_linear=0
shrinkage=0.05


Tree=292
num_leaves=15
num_cat=1
split_feature=9 3 3 9 2 0 6 8 9 3 3 6 2 8
split_gain=344.633 836.964 1483.7 512.163 848.845 744.801 1870.2 2380.95 1775.69 1769.41 3672.42 1354.5 1069.09 2254.81
threshold=17.904750583943557 496.50000000000006 426.50000000000006 24.563898590831165 1.5000000000000002 0 493.50000000000006 493.26785714285717 35.845179033318011 508.50000000000006 470.50000000000006 477.50000000000006 3.5000000000000004 420.66071428571439
decision_type=2 2 2 2 2 1 2 2 2 2 2 2 2 2
left_child=1 2 -1 4 -2 6 11 8 9 10 -8 12 13 -5
right_child=3 -3 -4 5 -6 -7 7 -9 -10 -11 -12 -13 -14 -15
leaf_value=0.039328315605719873 0.43790379695594317 0.10328142003793467 -0.76460545543919922 -0.18563088077951123 0.048633262148718416 0.0070578986130107758 -0.21963323116302483 0.053265964043767836 -0.15183433559205797 -0.14333225403912367 -1.4941284271386954 0.45472425311803821 -0.082057774106176207 0.31918912280689588
leaf_weight=12.000000000000002 14.999999999999998 19 10.999999999999998 37 211 2576 10.000000000000002 38 27 9.9999999999999982 12.999999999999998 14.999999999999998 261 55
leaf_count=12 15 19 11 37 211 2576 10 38 27 10 13 15 261 55
internal_value=2.04311e-05 -0.142295 -0.345162 0.00184945 0.0744698 -0.00354575 -0.061004 -0.256416 -0.452548 -0.698586 -0.94 -0.0106227 -0.0303967 0.116164
internal_weight=3310 42 23 3268 226 3042 466 98 60 33 23 368 353 92
internal_count=3310 42 23 3268 226 3042 466 98 60 33 23 368 353 92
cat_boundaries=0 1
cat_threshold=576
is_linear=0
shrinkage=0.05


Tree=293
num_leaves=15
num_cat=1
split_feature=9 8 6 9 7 4 9 5 0 3 7 2 9 9
split_gain=336.397 849.697 1185.23 658.919 939.96 1724.97 664.724 903.752 640.161 1731.42 1756.3 2756.53 1472.23 2202.89
threshold=19.239411503522174 502.91071428571439 500.50000000000006 24.244330183318826 439.35714285714295 512.50000000000011 21.353997757726461 496.50000000000006 0 407.50000000000006 419.00000000000006 5.5000000000000009 36.25269465444773 34.166668521298284
decision_type=2 2 2 2 2 2 2 2 1 2 2 2 2 2
left_child=1 -1 -3 4 -2 6 -6 -8 9 10 -5 -12 13 -11
right_child=3 2 -4 8 5 -7 7 -9 -10 12 11 -13 -14 -15
leaf_value=0.021418862111038633 -0.015705396170286757 -0.76378526955842951 -0.06104320118824641 -0.035071354697251485 0.69052613615989689 -0.0242258008569479 0.11656366016553797 0.68592474699020389 0.0066840095923211794 -0.14050776400856374 0.85024391482858097 0.048368681504808629 0.007524123247982799 -0.63411665756541957
leaf_weight=45 95 10.000000000000002 14.999999999999998 90 14.999999999999998 42 23 9.9999999999999982 2582 173 17 29 138 26
leaf_count=45 95 10 15 90 15 42 23 10 2582 173 17 29 138 26
internal_value=2.04766e-05 -0.108424 -0.34214 0.0023634 0.0939925 0.209785 0.414544 0.289097 -0.00318533 -0.0560168 0.0933854 0.344714 -0.117972 -0.204999
internal_weight=3310 70 25 3240 185 90 48 33 3055 473 136 46 337 199
internal_count=3310 70 25 3240 185 90 48 33 3055 473 136 46 337 199
cat_boundaries=0 1
cat_threshold=576
is_linear=0
shrinkage=0.05


Tree=294
num_leaves=15
num_cat=0
split_feature=1 2 9 6 9 4 6 5 4 6 9 6 9 8
split_gain=328.674 823.391 4536.62 5497.42 7865.05 4960.66 6815.91 17843.1 3268.67 8032.6 3102.66 2627.81 4945.21 4006.51
threshold=1.0000000180025095e-35 1.5000000000000002 44.380270628234705 477.50000000000006 48.394992512338469 495.50000000000006 906.50000000000011 927.50000000000011 477.50000000000006 439.50000000000006 31.405259127759205 858.50000000000011 57.97000021899256 831.80357142857156
decision_type=2 2 2 2 2 2 2 2 2 2 2 2 2 2
left_child=-1 2 8 -4 -5 -6 11 -8 9 -2 -10 12 -7 -14
right_child=1 -3 3 4 5 6 7 -9 10 -11 -12 -13 13 -15
leaf_value=0.038750583504108677 0.35147755515986479 0.0019752864056881733 0.36680954077414107 -1.6254643688599271 -1.3402678346633912 0.59406081501926689 -2.528369736671447 0.037749570891970681 0.067060034349560746 -1.0440720960497856 0.82558193756983833 0.85093042373657224 -0.93414142692790314 0.087855461713942623
leaf_weight=470 29 2590 28 11.999999999999998 9.9999999999999982 21 10.000000000000002 21 28 15.999999999999998 26 9.9999999999999982 17 22
leaf_count=470 29 2590 28 12 10 21 10 21 28 16 26 10 17 22
internal_value=2.04623e-05 -0.0063891 -0.0930441 -0.265507 -0.409449 -0.277988 -0.172811 -0.790031 0.170005 -0.144718 0.432274 0.100529 -0.0245384 -0.35763
internal_weight=3310 2840 250 151 123 111 101 31 99 45 54 70 60 39
internal_count=3310 2840 250 151 123 111 101 31 99 45 54 70 60 39
is_linear=0
shrinkage=0.05


Tree=295
num_leaves=15
num_cat=0
split_feature=1 1 5 7 3 9 7 4 4 4 3 5 4 7
split_gain=343.947 1492.99 1625.69 4218.02 3410.47 1402.84 4314.88 1371.49 3686.68 2428.27 1505.29 2502.58 1344.21 1595.54
threshold=5.5000000000000009 4.5000000000000009 867.50000000000011 965.07142857142867 821.50000000000011 78.126598187673508 842.21428571428589 473.50000000000006 477.50000000000006 445.50000000000006 867.50000000000011 820.50000000000011 486.50000000000006 572.57142857142867
decision_type=2 2 2 2 2 2 2 2 2 2 2 2 2 2
left_child=1 -1 5 4 -4 7 -7 9 -9 -3 11 12 -10 -14
right_child=-2 2 3 -5 -6 6 -8 8 10 -11 -12 -13 13 -15
leaf_value=0.0096067797451747684 0.039639199511247114 -0.11421791655123235 -0.10358302809975362 0.1401155816472095 -1.2472587998956444 -0.39150705364617422 0.9794738133748373 -1.1047957408428193 0.38186869942224944 0.25530334824993128 0.4221098306278388 -0.85387158691883092 -0.37346200295365772 -0.034252129606186198
leaf_weight=2370 470 125 11.000000000000002 23 15.999999999999998 11.000000000000002 11.999999999999998 9.9999999999999982 12.999999999999998 69 11.999999999999998 11.999999999999998 52 104
leaf_count=2370 470 125 11 23 16 11 12 10 13 69 12 12 52 104
internal_value=1.94395e-05 -0.00653735 -0.087945 -0.357458 -0.781317 -0.0558601 0.323787 -0.0778548 -0.168705 0.0172097 -0.120203 -0.156157 -0.106615 -0.147322
internal_weight=3310 2840 470 50 27 420 23 397 203 194 193 181 169 156
internal_count=3310 2840 470 50 27 420 23 397 203 194 193 181 169 156
is_linear=0
shrinkage=0.05


Tree=296
num_leaves=15
num_cat=0
split_feature=9 9 3 2 7 8 9 6 2 7 7 8 2 2
split_gain=327.772 2208.45 3908.76 4406.49 2345.3 2017.54 7067.84 3300.87 2768.23 4184.11 5404.3 1904.46 1893.85 1464.76
threshold=55.794205268527399 57.318766704473155 811.50000000000011 7.5000000000000009 469.85714285714295 869.53571428571433 47.945009898987202 872.50000000000011 17.500000000000004 960.21428571428589 883.14285714285722 915.62500000000011 10.500000000000002 9.5000000000000018
decision_type=2 2 2 2 2 2 2 2 2 2 2 2 2 2
left_child=5 2 -2 -4 -3 7 -7 -1 9 10 -8 -12 -9 -6
right_child=1 4 3 -5 13 6 8 12 -10 -11 11 -13 -14 -15
leaf_value=-0.0072541040169090375 0.04221886355015967 0.53955136887729171 1.4866129502654073 0.13160825073719026 -0.055391937824302698 0.056884569167610137 -1.4532136136835272 0.73996336687178843 -0.12999343140982092 -1.5406613860279323 -0.53102325035466091 0.21869606301188471 0.17243892954928536 0.062028498733806829
leaf_weight=1803 54 20 12.000000000000002 11.999999999999998 642 155 10.999999999999998 21 32 11.999999999999998 18 15.999999999999998 49 453
leaf_count=1803 54 20 12 12 642 155 11 21 32 12 18 16 49 453
internal_value=1.84669e-05 0.020978 0.278186 0.809111 0.00298503 -0.0117929 -0.14703 0.00582466 -0.502161 -0.711098 -0.489881 -0.178214 0.342696 -0.00681526
internal_weight=3310 1193 78 24 1115 2117 244 1873 89 57 45 34 70 1095
internal_count=3310 1193 78 24 1115 2117 244 1873 89 57 45 34 70 1095
is_linear=0
shrinkage=0.05


Tree=297
num_leaves=15
num_cat=1
split_feature=0 7 5 3 9 2 4 5 6 6 9 9 2 7
split_gain=329.545 3096.23 1283.09 1789.76 3175.71 3115.51 2558.88 1358.07 2066 1642.95 1005.26 2420.15 4003.6 3242.76
threshold=0 528.14285714285722 564.50000000000011 540.50000000000011 70.42155264556304 11.500000000000002 549.50000000000011 540.50000000000011 546.50000000000011 540.50000000000011 47.140020709773076 41.054703842786431 7.5000000000000009 497.35714285714295
decision_type=1 2 2 2 2 2 2 2 2 2 2 2 2 2
left_child=1 2 3 7 5 6 -5 8 10 -9 11 -1 13 -13
right_child=-2 -3 -4 4 -6 -7 -8 9 -10 -11 -12 12 -14 -15
leaf_value=-0.017147299382627088 0.01034403499341912 -0.65632384921375087 0.43221058091148734 -0.42268621362745756 0.18238117403310281 -0.001396750807762146 -1.4784632861614229 -0.069430835917592054 -0.59551342507203431 0.61823774199736747 -0.069732191710466004 0.31238171924506464 -0.003247436226317377 1.2079113910595576
leaf_weight=393 2317 19 15.999999999999998 12.000000000000002 23 14.999999999999998 10.999999999999998 15.999999999999998 14.999999999999998 19 342 31 66 14.999999999999998
leaf_count=393 2317 19 16 12 23 15 11 16 15 19 342 31 66 15
internal_value=1.75432e-05 -0.0239407 -0.0118505 -0.0192669 -0.281336 -0.562007 -0.927623 -0.00144504 -0.013842 0.303875 -0.00354088 0.0412857 0.246323 0.604402
internal_weight=3310 993 974 958 61 38 23 897 862 35 847 505 112 46
internal_count=3310 993 974 958 61 38 23 897 862 35 847 505 112 46
cat_boundaries=0 1
cat_threshold=82
is_linear=0
shrinkage=0.05


Tree=298
num_leaves=15
num_cat=0
split_feature=5 8 4 8 7 7 6 7 7 9 5 9 4 7
split_gain=325.336 1370.74 1212.92 1361.84 652.649 1059.98 3046.17 1073.27 2651.9 5898.5 1783.16 1195.27 1099.34 2322.32
threshold=1045.5000000000002 1036.3750000000002 1036.5000000000002 1036.3750000000002 1024.6428571428576 986.14285714285722 945.50000000000011 966.07142857142867 960.21428571428589 65.571675317164761 1015.5000000000001 75.556572090496886 969.00000000000011 943.78571428571433
decision_type=2 2 2 2 2 2 2 2 2 2 2 2 2 2
left_child=2 -2 4 -4 5 7 -7 8 10 -10 12 -9 -1 -14
right_child=1 -3 3 -5 -6 6 -8 11 9 -11 -12 -13 13 -15
leaf_value=0.0018846843325807537 -0.52939323981602981 -0.01141198440346607 0.52900088707154447 -0.17471332281827928 0.30868696447680977 -0.865024593243232 0.19787804005401477 0.63055182354790829 -1.368296041271903 0.26912176554853268 0.5643321216106415 0.057516243251470422 -0.84314614956577627 0.028796147626070752
leaf_weight=3024 14.999999999999998 86 22 9.9999999999999982 17 13.000000000000002 13.999999999999998 13.999999999999998 11.000000000000002 10.999999999999998 13.999999999999998 26 11.999999999999998 21
leaf_count=3024 15 86 22 10 17 13 14 14 11 11 14 26 12 21
internal_value=1.82295e-05 -0.0883399 0.00279921 0.30909 -0.000285873 -0.00194807 -0.31389 0.000740227 -0.00258778 -0.549587 0.0013308 0.258079 -0.00124755 -0.288274
internal_weight=3310 101 3209 32 3177 3160 27 3133 3093 22 3071 40 3057 33
internal_count=3310 101 3209 32 3177 3160 27 3133 3093 22 3071 40 3057 33
is_linear=0
shrinkage=0.05


Tree=299
num_leaves=15
num_cat=0
split_feature=3 4 4 8 2 8 1 8 9 3 4 4 5 2
split_gain=332.348 2237.49 2135.95 1629.73 1368.77 2830.25 2081.84 2045.24 1543.21 1510.14 1063.07 1639.81 2060.19 1551.77
threshold=454.50000000000006 459.50000000000006 491.50000000000006 490.19642857142861 11.500000000000002 453.07142857142861 3.5000000000000004 430.01785714285717 49.391239805331189 477.50000000000006 479.50000000000006 453.50000000000006 445.50000000000006 4.5000000000000009
decision_type=2 2 2 2 2 2 2 2 2 2 2 2 2 2
left_child=2 4 10 -4 5 7 8 -2 -7 -9 11 -1 -13 -14
right_child=1 -3 3 -5 -6 6 -8 9 -10 -11 -12 12 13 -15
leaf_value=-0.0023299171421641346 -0.51065710095258854 0.0021785718171965073 0.035772303205270022 0.78946765065193181 0.020060915141366424 -0.55878194442817131 -0.21265354462360084 0.62929910627695218 -1.3501748410138219 -0.18798067420721054 -0.47463183416561644 0.90515618649396024 0.55379471320372364 -0.13522934896702118
leaf_weight=557 12.999999999999998 2547 13.000000000000002 15.999999999999998 40 14.000000000000002 19 13.000000000000002 10.999999999999998 9.9999999999999982 10.999999999999998 10.999999999999998 12.999999999999998 22
leaf_count=557 13 2547 13 16 40 14 19 13 11 10 11 11 13 22
internal_value=1.7318e-05 -0.00776209 0.0322843 0.451604 -0.218753 -0.338159 -0.607166 -0.00937391 -0.906995 0.27396 0.0124793 0.0213652 0.308283 0.120694
internal_weight=3310 2667 643 29 120 80 44 36 25 23 614 603 46 35
internal_count=3310 2667 643 29 120 80 44 36 25 23 614 603 46 35
is_linear=0
shrinkage=0.05


end of trees

feature_importances:
std28_lag7=657
lag7=639
days_to_holiday=625
roll28_lag7=459
roll7_lag7=457
lag28=375
lag21=320
lag14=279
dow=272
airport_idx=117

parameters:
[boosting: gbdt]
[objective: regression]
[metric: l2]
[tree_learner: serial]
[device_type: cpu]
[data_sample_strategy: bagging]
[data: ]
[valid: ]
[num_iterations: 300]
[learning_rate: 0.05]
[num_leaves: 15]
[num_threads: 4]
[seed: 42]
[deterministic: 0]
[force_col_wise: 0]
[force_row_wise: 0]
[histogram_pool_size: -1]
[max_depth: -1]
[min_data_in_leaf: 10]
[min_sum_hessian_in_leaf: 0.001]
[bagging_fraction: 1]
[pos_bagging_fraction: 1]
[neg_bagging_fraction: 1]
[bagging_freq: 0]
[bagging_seed: 400]
[bagging_by_query: 0]
[feature_fraction: 0.9]
[feature_fraction_bynode: 1]
[feature_fraction_seed: 30056]
[extra_trees: 0]
[extra_seed: 12879]
[early_stopping_round: 0]
[early_stopping_min_delta: 0]
[first_metric_only: 0]
[max_delta_step: 0]
[lambda_l1: 0]
[lambda_l2: 0]
[linear_lambda: 0]
[min_gain_to_split: 0]
[drop_rate: 0.1]
[max_drop: 50]
[skip_drop: 0.5]
[xgboost_dart_mode: 0]
[uniform_drop: 0]
[drop_seed: 17869]
[top_rate: 0.2]
[other_rate: 0.1]
[min_data_per_group: 100]
[max_cat_threshold: 32]
[cat_l2: 10]
[cat_smooth: 10]
[max_cat_to_onehot: 4]
[top_k: 20]
[monotone_constraints: ]
[monotone_constraints_method: basic]
[monotone_penalty: 0]
[feature_contri: ]
[forcedsplits_filename: ]
[refit_decay_rate: 0.9]
[cegb_tradeoff: 1]
[cegb_penalty_split: 0]
[cegb_penalty_feature_lazy: ]
[cegb_penalty_feature_coupled: ]
[path_smooth: 0]
[interaction_constraints: ]
[verbosity: -1]
[saved_feature_importance_type: 0]
[use_quantized_grad: 0]
[num_grad_quant_bins: 4]
[quant_train_renew_leaf: 0]
[stochastic_rounding: 1]
[linear_tree: 0]
[max_bin: 255]
[max_bin_by_feature: ]
[min_data_in_bin: 3]
[bin_construct_sample_cnt: 200000]
[data_random_seed: 175]
[is_enable_sparse: 1]
[enable_bundle: 1]
[use_missing: 1]
[zero_as_missing: 0]
[feature_pre_filter: 1]
[pre_partition: 0]
[two_round: 0]
[header: 0]
[label_column: ]
[weight_column: ]
[group_column: ]
[ignore_column: ]
[categorical_feature: 0]
[forcedbins_filename: ]
[precise_float_parser: 0]
[parser_config_file: ]
[objective_seed: 16083]
[num_class: 1]
[is_unbalance: 0]
[scale_pos_weight: 1]
[sigmoid: 1]
[boost_from_average: 1]
[reg_sqrt: 0]
[alpha: 0.9]
[fair_c: 1]
[poisson_max_delta_step: 0.7]
[tweedie_variance_power: 1.5]
[lambdarank_truncation_level: 30]
[lambdarank_norm: 1]
[label_gain: ]
[lambdarank_position_bias_regularization: 0]
[eval_at: ]
[multi_error_top_k: 1]
[auc_mu_weights: ]
[num_machines: 1]
[local_listen_port: 12400]
[time_out: 120]
[machine_list_filename: ]
[machines: ]
[gpu_platform_id: -1]
[gpu_device_id: -1]
[gpu_device_id_list: ]
[gpu_use_dp: 0]
[num_gpu: 1]

end of parameters

pandas_categorical:[]
