tree
version=v4
num_class=1
num_tree_per_iteration=1
label_index=0
max_feature_idx=9
objective=regression
feature_names=airport_idx dow days_to_holiday lag7 lag14 lag21 lag28 roll7_lag7 roll28_lag7 std28_lag7
feature_infos=-1:0:1:2:3:4:5:6:7:8:9 [0:6] [0:30] [0.034259999999999999:1] [0.034259999999999999:1] [0.034259999999999999:1] [0.034259999999999999:1] [0.084931428571428561:0.66952857142857147] [0.11460071428571429:0.40978071428571428] [0.029855021492763065:0.29395943338617259]
tree_sizes=1496 1498 1487 1520 1498 1488 1496 1465 1499 1485 1496 1514 1500 1513 1502 1508 1516 1515 1484 1519 1507 1519 1566 1528 1540 1515 1549 1515 1511 1512 1512 1507 1531 1516 1507 1571 1552 1469 1580 1535 1524 1513 1518 1538 1504 1535 1589 1538 1504 1549 1573 1516 1578 1545 1583 1544 1535 1571 1534 1558 1543 1549 1558 1576 1564 1556 1574 1550 1516 1558 1540 1518 1541 1573 1567 1569 1584 1578 1554 1544 1518 1583 1523 1573 1603 1532 1586 1564 1566 1556 1548 1594 1574 1568 1545 1611 1574 1543 1582 1517 1581 1615 1581 1548 1564 1603 1576 1593 1575 1566 1590 1564 1590 1582 1563 1594 1605 1512 1554 1598 1536 1541 1549 1562 1579 1613 1575 1570 1629 1586 1600 1562 1601 1583 1581 1550 1585 1555 1556 1556 1589 1573 1587 1552 1591 1580 1607 1569 1545 1597 1600 1567 1585 1524 1573 1623 1607 1592 1573 1577 1547 1577 1567 1601 1604 1601 1633 1599 1577 1586 1569 1562 1553 1598 1555 1599 1578 1609 1625 1556 1535 1574 1599 1566 1594 1608 1608 1612 1634 1573 1555 1567 1606 1608 1558 1607 1561 1608 1531 1548 1551 1573 1568 1587 1586 1556 1576 1589 1660 1558 1544 1590 1587 1523 1572 1568 1587 1613 1540 1637 1539 1567 1568 1586 1599 1606 1526 1557 1597 1586 1600 1592 1581 1529 1526 1555 1561 1575 1570 1558 1607 1508 1555 1606 1549 1554 1606 1639 1603 1603 1593 1565 1620 1553 1599 1574 1528 1601 1579 1619 1565 1620 1548 1621 1588 1571 1633 1577 1625 1566 1565 1564 1619 1579 1594 1616 1572 1563 1590 1613 1545 1533 1656 1561 1543 1606 1589 1609 1586 1611 1559 1677 1553 1578 1581 1594 1581 1564 1621 1568

Tree=0
num_leaves=15
num_cat=1
split_feature=7 7 7 5 8 0 5 5 7 6 1 7 9 7
split_gain=6.15757 1.69822 1.10142 0.789659 0.627409 0.605122 0.504629 0.428201 0.388611 0.363819 0.362335 0.360136 0.348494 0.339345
threshold=0.28706785714285715 0.17960071428571434 0.49464142857142862 0.10633000000000002 0.34571517857142864 0 0.23072500000000004 0.10490500000000001 0.36794142857142864 0.36162000000000005 5.5000000000000009 0.13670785714285719 0.14418603483749154 0.2423728571428572
decision_type=2 2 2 2 2 1 2 2 2 2 2 2 2 2
left_child=1 5 3 -2 7 6 -1 12 -5 -6 -8 -7 -3 -9
right_child=2 4 -4 8 9 11 10 13 -10 -11 -12 -13 -14 -15
leaf_value=0.0055002924380106689 -0.006716721480633521 0.00094014775340855138 -0.012230673079340188 -6.1923010834994546e-05 0.0045684657936410408 0.0059889586581359806 0.0081929219594457231 0.0031522493941450241 -0.0029006929358097759 0.015112043629904811 0.014818499988509041 0.0034851292752414689 -0.0055644230219769244 0.0014950557811651017
leaf_weight=195 62 99 24 463 18 207 100 995 163 14.999999999999998 26 469 26 448
leaf_count=195 62 99 24 463 18 207 100 995 163 15 26 469 26 448
internal_value=0.00241798 0.00354694 -0.00170148 -0.00133419 0.00253815 0.00516687 0.0069526 0.00239456 -0.000801092 0.009361 0.0095601 0.0042251 -0.000412803 0.00263775
internal_weight=3310 2598 712 688 1601 997 321 1568 626 33 126 676 125 1443
internal_count=3310 2598 712 688 1601 997 321 1568 626 33 126 676 125 1443
cat_boundaries=0 1
cat_threshold=139
is_linear=0
shrinkage=1


Tree=1
num_leaves=15
num_cat=1
split_feature=3 3 3 0 3 3 6 3 8 6 5 7 6 5
split_gain=22.8866 5.15746 3.99655 1.35561 1.16546 0.972338 0.783057 0.500942 0.395766 0.336778 0.317234 0.275521 0.28314 0.27023
threshold=0.35121500000000005 0.50053000000000003 0.20606000000000002 0 0.26835000000000003 0.64327000000000012 0.19789000000000004 0.13281000000000001 0.23904017857142859 0.33862000000000009 0.38826000000000005 0.11278928571428572 0.129945 0.12622000000000003
decision_type=2 2 2 1 2 2 2 2 2 2 2 2 2 2
left_child=2 9 3 10 6 -3 -4 -5 -6 -2 -1 -9 -13 -8
right_child=1 5 4 7 8 -7 13 11 -10 -11 -12 12 -14 -15
leaf_value=0.0057764425297101105 -0.0076375251451539705 -0.014888642829100719 -0.0011021902331771305 0.0036196064295573359 -0.0041283682012655323 -0.023088181213523937 -0.0024154087503640252 0.0096069116060706703 -0.001181885605694298 -0.0037069402198141367 0.0099956154096728644 -4.849938009480563e-05 0.0021308470866052954 0.0027069744100458593
leaf_weight=204 215 96 331 603 224 58 28 10.999999999999998 232 73 57 192 666 320
leaf_count=204 215 96 331 603 224 58 28 11 232 73 57 192 666 320
internal_value=1.05706e-11 -0.0105907 0.00163218 0.00314269 -0.000674164 -0.0179768 0.000638844 0.00249537 -0.00262928 -0.00664123 0.00645072 0.00174397 0.00164316 0.00229483
internal_weight=3310 442 2868 1733 1135 154 679 1472 456 288 261 869 858 348
internal_count=3310 442 2868 1733 1135 154 679 1472 456 288 261 869 858 348
cat_boundaries=0 1
cat_threshold=136
is_linear=0
shrinkage=0.05


Tree=2
num_leaves=15
num_cat=1
split_feature=3 3 3 0 3 3 6 3 8 6 2 4 3 9
split_gain=20.6552 4.65461 3.60689 1.22344 1.05182 0.877535 0.706709 0.462773 0.357182 0.30735 0.299163 0.293919 0.271683 0.318892
threshold=0.35121500000000005 0.50053000000000003 0.20606000000000002 0 0.26835000000000003 0.64327000000000012 0.19789000000000004 0.11231000000000001 0.23989392857142861 0.30431500000000006 6.5000000000000009 0.26680000000000009 0.18409000000000003 0.1461891399693698
decision_type=2 2 2 1 2 2 2 2 2 2 2 2 2 2
left_child=2 9 3 12 6 11 -4 -5 -6 -2 -9 -3 13 -1
right_child=1 5 4 7 8 -7 -8 10 -10 -11 -12 -13 -14 -15
leaf_value=0.0057872790383265878 -0.0074551403264326915 -0.01628721849139159 -0.0010470807088874534 0.0039890333165232958 -0.0039095152232438467 -0.021933772524112258 0.002180087203414169 0.0029314002894401132 -0.0011106691717387826 -0.0039810394004330431 0.0012551356591715397 -0.010572531045828429 0.0036452562817430589 0.010014634185853149
leaf_weight=123 193 60 331 345 226 58 348 431 230 95 696 36 68 70
leaf_count=123 193 60 331 345 226 58 348 431 230 95 696 36 68 70
internal_value=6.74898e-13 -0.0100612 0.00155057 0.00298555 -0.000640456 -0.0170779 0.000606902 0.0023706 -0.00249782 -0.00630917 0.00189619 -0.0141442 0.00612818 0.00732052
internal_weight=3310 442 2868 1733 1135 154 679 1472 456 288 1127 96 261 193
internal_count=3310 442 2868 1733 1135 154 679 1472 456 288 1127 96 261 193
cat_boundaries=0 1
cat_threshold=136
is_linear=0
shrinkage=0.05


Tree=3
num_leaves=15
num_cat=1
split_feature=3 3 3 0 3 3 6 3 4 5 6 5 7 7
split_gain=18.6413 4.20079 3.25522 1.10416 0.949272 0.797705 0.637805 0.437033 0.369859 0.321825 0.279087 0.276114 0.262202 0.250751
threshold=0.35121500000000005 0.50053000000000003 0.20606000000000002 0 0.26835000000000003 0.72848500000000016 0.19789000000000004 0.16599500000000003 0.26680000000000009 0.13002000000000002 0.33862000000000009 0.38826000000000005 0.26596428571428582 0.13898071428571432
decision_type=2 2 2 1 2 2 2 2 2 2 2 2 2 2
left_child=2 10 3 11 6 8 -4 -5 -3 -6 -2 -1 -13 -8
right_child=1 5 4 7 9 -7 13 -9 -10 -11 -12 12 -14 -15
leaf_value=0.0051851899082833502 -0.00690066637298049 -0.016234693327562218 -0.00099472665971636013 0.0028491317680576296 -0.0056603104405439815 -0.02298459169071387 0.0094999087720432085 0.00099152061127256541 -0.010308118056482039 -0.0018362098608280095 -0.003322541231468116 0.010685663155101716 0.0017695379606448116 0.0018285989332243763
leaf_weight=204 215 81 331 1011 64 34 10.999999999999998 461 39 392 73 47 9.9999999999999982 337
leaf_count=204 215 81 331 1011 64 34 11 461 39 392 73 47 10 337
internal_value=7.90482e-12 -0.00955813 0.00147304 0.00283627 -0.000608433 -0.016224 0.000576557 0.00225207 -0.0143086 -0.00237293 -0.00599371 0.00582177 0.00912143 0.00207108
internal_weight=3310 442 2868 1733 1135 154 679 1472 120 456 288 261 57 348
internal_count=3310 442 2868 1733 1135 154 679 1472 120 456 288 261 57 348
cat_boundaries=0 1
cat_threshold=136
is_linear=0
shrinkage=0.05


Tree=4
num_leaves=15
num_cat=1
split_feature=3 3 3 0 3 3 6 3 8 6 2 5 6 5
split_gain=16.8297 4.14852 2.68221 0.996501 0.73335 0.730371 0.575619 0.401843 0.32355 0.315439 0.270788 0.249193 0.249675 0.24555
threshold=0.33900000000000008 0.50053000000000003 0.20606000000000002 0 0.26835000000000003 0.64327000000000012 0.19789000000000004 0.11231000000000001 0.23989392857142861 0.33862000000000009 6.5000000000000009 0.38826000000000005 0.25198500000000007 0.12622000000000003
decision_type=2 2 2 1 2 2 2 2 2 2 2 2 2 2
left_child=2 9 3 11 6 -3 -4 -5 -6 -2 -9 12 -1 -8
right_child=1 5 4 7 8 -7 13 10 -10 -11 -12 -13 -14 -15
leaf_value=0.0035639037209009294 -0.0063509261308472634 -0.012736388926471895 -0.00094499037206657247 0.0036471250949999439 -0.0034989985273568892 -0.019842834817245605 -0.0025224701725944346 0.0026818102289389214 -0.00071342753022594224 -0.0027535029753099805 0.0010870211177132598 0.0086653590287217707 0.0071723899274139195 0.0023604036332108081
leaf_weight=127 246 96 331 345 210 58 28 431 207 81 696 57 77 320
leaf_count=127 246 96 331 345 210 58 28 431 207 81 696 57 77 320
internal_value=-1.33308e-12 -0.00864644 0.00147011 0.00269446 -0.00046584 -0.0154128 0.000547729 0.00213946 -0.00211623 -0.00545982 0.00169692 0.00553068 0.00492593 0.00196753
internal_weight=3310 481 2829 1733 1096 154 679 1472 417 327 1127 261 204 348
internal_count=3310 481 2829 1733 1096 154 679 1472 417 327 1127 261 204 348
cat_boundaries=0 1
cat_threshold=136
is_linear=0
shrinkage=0.05


Tree=5
num_leaves=15
num_cat=1
split_feature=3 3 3 0 3 6 3 3 3 5 5 8 4 2
split_gain=15.2127 3.46067 2.64588 0.899342 0.768518 0.519496 0.426752 0.380428 0.375706 0.290418 0.250421 0.249377 0.243371 0.239579
threshold=0.35121500000000005 0.54945500000000014 0.20606000000000002 0 0.26835000000000003 0.19789000000000004 0.50053000000000003 0.16599500000000003 0.72848500000000016 0.15265500000000001 0.12327 0.23989392857142861 0.26680000000000009 29.500000000000004
decision_type=2 2 2 1 2 2 2 2 2 2 2 2 2 2
left_child=2 6 3 -1 5 -4 10 -5 12 -6 -2 -11 -3 -7
right_child=1 8 4 7 9 13 -8 -9 -10 11 -12 -13 -14 -15
leaf_value=0.0052541494686212361 -0.010548785066401417 -0.016144184966968303 -0.00089774080533256437 0.0025890825927128731 -0.0044694888247267424 0.0023811645624274083 -0.010514330089790747 0.00085593991520820404 -0.020843220545965085 -0.0029626094199438858 -0.0049980576365662712 -0.0002828313169780658 -0.0094308617835243552 -0.0014923195438155824
leaf_weight=261 22 54 331 1011 103 302 48 461 34 154 266 199 18 46
leaf_count=261 22 54 331 1011 103 302 48 461 34 154 266 199 18 46
internal_value=6.8688e-12 -0.00863451 0.0013307 0.00255974 -0.000545877 0.000520343 -0.00614954 0.00203249 -0.0165114 -0.00213351 -0.00542207 -0.00145191 -0.0144659 0.00186915
internal_weight=3310 442 2868 1733 1135 679 336 1472 106 456 288 353 72 348
internal_count=3310 442 2868 1733 1135 679 336 1472 106 456 288 353 72 348
cat_boundaries=0 1
cat_threshold=136
is_linear=0
shrinkage=0.05


Tree=6
num_leaves=15
num_cat=1
split_feature=3 3 3 0 6 3 3 5 3 3 2 6 2 3
split_gain=13.7328 3.3737 2.20325 0.755982 0.744997 0.473629 0.427289 0.347514 0.339075 0.300981 0.282808 0.2825 0.260123 0.223017
threshold=0.33900000000000008 0.54945500000000014 0.19732500000000003 0 0.20154500000000003 0.26835000000000003 0.50053000000000003 0.12182000000000001 0.72848500000000016 0.11231000000000001 29.500000000000004 0.33862000000000009 13.500000000000002 0.18409000000000003
decision_type=2 2 2 1 2 2 2 2 2 2 2 2 2 2
left_child=2 6 3 13 7 10 11 -4 -3 -5 -6 -2 -9 -1
right_child=1 8 4 9 5 -7 -8 12 -10 -11 -12 -13 -14 -15
leaf_value=0.0060918604006412937 -0.0057800414040684702 -0.013742561454677749 -0.0047770585906668252 0.0033353147128428132 0.0024969012240056501 -0.00086854049036235608 -0.0099886136614562322 -0.0019093988823151017 -0.019801059502231724 0.0016298144741601587 -0.0013071955447166899 -0.0023756226194148631 0.00049903725337658428 0.0020714602555103956
leaf_weight=193 246 72 74 345 342 237 48 337 34 1034 57 81 168 42
leaf_count=193 246 72 74 345 342 237 48 337 34 1034 57 81 168 42
internal_value=7.93681e-07 -0.00780971 0.00132877 0.00253943 -0.000279461 0.000901865 -0.00558338 -0.00157708 -0.0156859 0.00204169 0.00195346 -0.00493675 -0.00110818 0.005154
internal_weight=3310 481 2829 1614 1215 636 375 579 106 1379 399 327 505 235
internal_count=3310 481 2829 1614 1215 636 375 579 106 1379 399 327 505 235
cat_boundaries=0 1
cat_threshold=136
is_linear=0
shrinkage=0.05


Tree=7
num_leaves=15
num_cat=2
split_feature=3 3 3 0 3 3 1 5 3 0 5 3 9 8
split_gain=12.4175 2.8127 2.1961 0.730482 0.515759 0.386789 0.346773 0.405095 0.345826 0.340479 0.307864 0.306015 0.274392 0.733609
threshold=0.35121500000000005 0.54945500000000014 0.25687500000000002 0 0.16599500000000003 0.18409000000000003 5.5000000000000009 0.24839000000000003 0.50053000000000003 1 0.12789500000000001 0.72848500000000016 0.1461891399693698 0.3050325000000001
decision_type=2 2 2 1 2 2 2 2 2 1 2 2 2 2
left_child=2 8 3 5 -5 9 -7 -8 -2 12 -4 -3 -1 -14
right_child=1 11 10 4 -6 6 7 -9 -10 -11 -12 -13 13 -15
leaf_value=0.004365026120217593 -0.0049051121659279794 -0.013055433392906303 -0.0046825261007745192 0.0020177984819827366 -1.1518631796200974e-05 0.0011370900494729658 0.0013863907561504417 0.0092352305809336333 -0.0094891830803438409 0.002666308064461425 -0.0011591419798138948 -0.018811006520820017 0.014945102916457332 0.0043516298255946656
leaf_weight=123 288 72 71 656 599 368 35 31 48 426 489 34 26 44
leaf_count=123 288 72 71 656 599 368 35 31 48 426 489 34 26 44
internal_value=7.53995e-07 -0.00780027 0.001203 0.00188453 0.00104093 0.00285298 0.00173563 0.00507297 -0.00555998 0.00368248 -0.00160586 -0.0149016 0.00550218 0.00828635
internal_weight=3310 442 2868 2308 1255 1053 434 66 336 619 560 106 193 70
internal_count=3310 442 2868 2308 1255 1053 434 66 336 619 560 106 193 70
cat_boundaries=0 1 2
cat_threshold=206 136
is_linear=0
shrinkage=0.05


Tree=8
num_leaves=15
num_cat=1
split_feature=3 3 3 0 5 1 3 3 2 3 3 5 2 5
split_gain=11.208 2.53846 1.98267 0.66956 0.464178 0.487658 0.378319 0.354916 0.328003 0.312108 0.310697 0.284459 0.279372 0.277847
threshold=0.35121500000000005 0.54945500000000014 0.25687500000000002 0 0.24138000000000001 5.5000000000000009 0.18334500000000001 0.12205500000000001 7.5000000000000009 0.50053000000000003 0.16239500000000004 0.10010500000000001 1.5000000000000002 0.12789500000000001
decision_type=2 2 2 1 2 2 2 2 2 2 2 2 2 2
left_child=2 9 3 7 10 6 -6 -1 12 -2 -5 -12 -7 -4
right_child=1 -3 13 4 5 8 -8 -9 -10 -11 11 -13 -14 -15
leaf_value=0.0026545849852965754 -0.0046598565545435929 -0.014156482575180117 -0.0044483998005809657 0.0028031269630344096 0.004466900296660397 0.00415024185875574 0.0013033102917788489 0.00032787526655638681 0.0034533521545858218 -0.0090147239089371101 -0.0029204263687874613 0.0013327662016786913 0.012882671283835906 -0.0011011848645010995
leaf_weight=206 288 106 71 427 223 12.999999999999998 164 802 29 48 44 369 31 489
leaf_count=206 288 106 71 427 223 13 164 802 29 48 44 369 31 489
internal_value=1.11906e-06 -0.00741025 0.00114332 0.00179088 0.00253706 0.00383331 0.00312626 0.000795482 0.00758169 -0.00528198 0.00185741 0.000879642 0.0103026 -0.00152556
internal_weight=3310 442 2868 2308 1300 460 387 1008 73 336 840 413 44 560
internal_count=3310 442 2868 2308 1300 460 387 1008 73 336 840 413 44 560
cat_boundaries=0 1
cat_threshold=816
is_linear=0
shrinkage=0.05


Tree=9
num_leaves=15
num_cat=1
split_feature=3 3 3 6 0 3 3 5 3 5 2 3 2 4
split_gain=10.1315 2.47134 1.66091 0.652279 0.593677 0.353503 0.311589 0.282501 0.276179 0.260535 0.251143 0.238543 0.232967 0.219642
threshold=0.33900000000000008 0.54945500000000014 0.19732500000000003 0.20154500000000003 0 0.26835000000000003 0.50053000000000003 0.11370500000000001 0.72848500000000016 0.12327 29.500000000000004 0.11231000000000001 13.500000000000002 0.26680000000000009
decision_type=2 2 2 2 1 2 2 2 2 2 2 2 2 2
left_child=2 6 4 7 -1 10 9 -4 13 -2 -5 -6 -9 -3
right_child=1 8 3 5 11 -7 -8 12 -10 -11 -12 -13 -14 -15
leaf_value=0.0045067814058785769 -0.0089544024042509229 -0.013289251847675555 -0.0046580863070337201 0.0022713633468449501 0.0029043157238123497 -0.00067875876129120554 -0.0085639876231046706 -0.0018325172155585811 -0.017162632490747936 -0.0038265670893900582 -0.00131345029589475 0.0013859873692455679 0.00042341698031894297 -0.0069115948759847223
leaf_weight=235 27 54 62 342 345 237 48 346 34 300 57 1034 171 18
leaf_count=235 27 54 62 342 345 237 48 346 34 300 57 1034 171 18
internal_value=1.0631e-06 -0.00670763 0.00114171 -0.000254629 0.00219285 0.000850745 -0.00480216 -0.00146882 -0.0134487 -0.00424997 0.00175925 0.00175313 -0.00108636 -0.0116948
internal_weight=3310 481 2829 1215 1614 636 375 579 106 327 399 1379 517 72
internal_count=3310 481 2829 1215 1614 636 375 579 106 327 399 1379 517 72
cat_boundaries=0 1
cat_threshold=136
is_linear=0
shrinkage=0.05


Tree=10
num_leaves=15
num_cat=1
split_feature=3 3 3 3 0 6 1 6 3 3 8 9 8 2
split_gain=9.14941 2.06298 1.64878 0.620721 0.618409 0.519518 0.261268 0.250409 0.249251 0.24584 0.246225 0.227373 0.66832 0.355959
threshold=0.35121500000000005 0.54945500000000014 0.26835000000000003 0.18658500000000003 0 0.19789000000000004 5.5000000000000009 0.20627500000000001 0.72848500000000016 0.45795500000000006 0.26083875000000006 0.1461891399693698 0.3050325000000001 5.5000000000000009
decision_type=2 2 2 2 1 2 2 2 2 2 2 2 2 2
left_child=2 6 3 4 11 -5 9 -4 -3 10 -2 -1 13 -13
right_child=1 8 7 5 -6 -7 -8 -9 -10 -11 -12 12 -14 -15
leaf_value=0.0036968849548945342 -0.0064693624259896101 -0.011110095652596404 -0.0030142944756820708 -0.00062988997712984179 0.0017432759290700425 0.0017008426630027334 -0.0023609984666022469 -0.00065993023863993592 -0.016304500277756769 -0.008026365527073049 -0.0027599885915201364 0.020292384926737704 0.0035258848098740775 0.0087491252637632629
leaf_weight=127 88 72 206 466 1253 491 84 250 34 73 91 11.000000000000002 47 17
leaf_count=127 88 72 206 466 1253 491 84 250 34 73 91 11 47 17
internal_value=1.69073e-06 -0.00669455 0.00103368 0.00155494 0.00220545 0.00056592 -0.00477593 -0.00172352 -0.0127762 -0.0055809 -0.00458359 0.00475081 0.00716891 0.013284
internal_weight=3310 442 2868 2412 1455 957 336 456 106 252 179 202 75 28
internal_count=3310 442 2868 2412 1455 957 336 456 106 252 179 202 75 28
cat_boundaries=0 1
cat_threshold=136
is_linear=0
shrinkage=0.05


Tree=11
num_leaves=15
num_cat=1
split_feature=3 3 3 3 0 6 6 8 3 6 8 6 9 9
split_gain=8.28947 2.28361 1.16405 0.560632 0.557808 0.469136 0.327994 0.236303 0.224949 0.215286 0.249751 0.282509 0.286594 0.231397
threshold=0.40332000000000007 0.26835000000000003 0.54945500000000014 0.18658500000000003 0 0.19709000000000002 0.18454500000000004 0.33616607142857147 0.72848500000000016 0.13668000000000002 0.24593607142857146 0.23550500000000005 0.13744394304266347 0.16516998982291828
decision_type=2 2 2 2 1 2 2 2 2 2 2 2 2 2
left_child=1 3 -2 4 9 -5 -3 -8 -4 -1 11 12 -11 -12
right_child=2 6 8 5 -6 -7 7 -9 -10 10 13 -13 -14 -15
leaf_value=6.7662863875739285e-05 -0.0056216865145486119 -0.0036900340514540927 -0.010554590893702375 -0.00061067253556516658 0.001656802273526925 0.0016048907848632934 -0.00151397506003459 0.0030963176162913443 -0.015489275383708232 0.0036658166154908641 0.0024405803486094754 0.014593751943007542 0.013439830038696527 0.0068422440603171713
leaf_weight=22 194 190 72 461 1253 496 378 30 34 30 79 12.999999999999998 9.9999999999999982 48
leaf_count=22 194 190 72 461 1253 496 378 30 34 30 79 13 10 48
internal_value=1.86954e-06 0.000791814 -0.00792391 0.00147755 0.00209578 0.000537624 -0.00197408 -0.00117498 -0.0121374 0.00451327 0.00530736 0.00819041 0.00610932 0.0041042
internal_weight=3310 3010 300 2412 1455 957 598 408 106 202 180 53 40 127
internal_count=3310 3010 300 2412 1455 957 598 408 106 202 180 53 40 127
cat_boundaries=0 1
cat_threshold=136
is_linear=0
shrinkage=0.05


Tree=12
num_leaves=15
num_cat=2
split_feature=3 3 3 0 5 3 3 3 6 5 0 1 2 7
split_gain=7.51677 1.83321 1.22699 0.494425 0.457178 0.360667 0.322196 0.248506 0.242021 0.23922 0.23145 0.459857 0.286778 0.217948
threshold=0.33900000000000008 0.50053000000000003 0.20606000000000002 0 0.12182000000000001 0.64327000000000012 0.26835000000000003 0.13281000000000001 0.33862000000000009 0.10010500000000001 1 5.5000000000000009 7.5000000000000009 0.11278928571428572
decision_type=2 2 2 1 2 2 2 2 2 2 1 2 2 2
left_child=2 8 3 -1 -4 -3 10 -5 -2 -9 -6 -12 -13 -11
right_child=1 5 4 7 6 -7 -8 9 -10 13 11 12 -14 -15
leaf_value=0.0038065415206412542 -0.0044387113997474692 -0.0083936610334300592 -0.0033822533789895138 0.0022131014667471846 -0.00041253174612767695 -0.013387496683521774 -0.0011424763407963941 -0.0017497610148543921 -0.0012876270563818837 0.0081414531577717174 0.00085899283009290808 0.0098332962468266494 0.0020970682340228689 0.0010539833993925057
leaf_weight=261 246 96 110 603 262 58 373 78 81 10.999999999999998 303 25 23 780
leaf_count=261 246 96 110 603 262 58 373 78 81 11 303 25 23 780
internal_value=2.02634e-06 -0.00577648 0.000984515 0.00181261 -0.000324873 -0.0102745 1.62145e-05 0.00142354 -0.00365817 0.000892039 0.000721258 0.00153557 0.00612635 0.00115254
internal_weight=3310 481 2829 1733 1096 154 986 1472 327 869 613 351 48 791
internal_count=3310 481 2829 1733 1096 154 986 1472 327 869 613 351 48 791
cat_boundaries=0 1 2
cat_threshold=136 804
is_linear=0
shrinkage=0.05


Tree=13
num_leaves=15
num_cat=1
split_feature=3 3 3 0 2 7 6 2 2 9 5 2 6 3
split_gain=6.8028 1.84885 0.945148 0.499824 0.318256 0.467388 0.484375 0.464423 0.771437 0.333383 0.3163 0.305147 0.291905 0.264643
threshold=0.40332000000000007 0.26835000000000003 0.54945500000000014 0 7.5000000000000009 0.29667642857142856 0.23550500000000005 17.500000000000004 29.500000000000004 0.21066005076354857 0.38826000000000005 26.500000000000004 0.18454500000000004 0.15656500000000004
decision_type=2 2 2 1 2 2 2 2 2 2 2 2 2 2
left_child=1 3 -2 13 5 6 10 -6 11 -10 -5 -9 -3 -1
right_child=2 12 -4 4 7 -7 -8 8 9 -11 -12 -13 -14 -15
leaf_value=0.001436320417733359 -0.0051030369539092268 -0.0033894676209035284 -0.010974236634858657 0.0016388560719088061 0.00012959857761273173 -0.00076432651996356077 0.0053032837495045511 0.0039850509445106862 -0.0003583727177388746 0.0090665409527719027 0.0061727023784028875 0.0093053432101870004 -0.0010168122081571104 -0.00016661331904408268
leaf_weight=444 194 190 106 306 401 80 198 130 152 9.9999999999999982 44 34 408 613
leaf_count=444 194 190 106 306 401 80 198 130 152 10 44 34 408 613
internal_value=2.43771e-06 0.000718049 -0.00717753 0.00133507 0.00196673 0.00280572 0.0033269 0.00126905 0.00267065 0.000223412 0.00220883 0.00508804 -0.00177067 0.000501961
internal_weight=3310 3010 300 2412 1355 628 548 727 326 162 350 164 598 1057
internal_count=3310 3010 300 2412 1355 628 548 727 326 162 350 164 598 1057
cat_boundaries=0 1
cat_threshold=816
is_linear=0
shrinkage=0.05


Tree=14
num_leaves=15
num_cat=2
split_feature=3 3 3 5 0 3 3 0 1 2 4 5 1 8
split_gain=6.16676 1.50235 1.03647 0.427227 0.38239 0.306881 0.272015 0.269837 0.342718 0.352009 0.245278 0.232176 0.223098 0.204935
threshold=0.33900000000000008 0.50053000000000003 0.19732500000000003 0.11927500000000001 0 0.72848500000000016 0.26835000000000003 1 5.5000000000000009 7.5000000000000009 0.26680000000000009 0.17607000000000003 5.5000000000000009 0.23989392857142861
decision_type=2 2 2 2 1 2 2 1 2 2 2 2 2 2
left_child=2 12 4 -4 -1 10 7 -5 -9 -10 -3 -12 -2 -8
right_child=1 5 3 6 -6 -7 13 8 9 -11 11 -13 -14 -15
leaf_value=0.0035777327695912541 -0.0040941309728717663 -0.0096839957042700719 -0.0031974239131743348 -0.00065269006493811807 0.0013705515895425858 -0.013496724898269511 -0.0022199854493985026 0.00078815341662288234 0.0081339323247915929 0.0012268216143218945 0.0017120138078462336 -0.0071231051002918133 -0.0011277015873252653 0.00011337183140294285
leaf_weight=235 241 81 109 257 1379 34 181 398 35 39 9.9999999999999982 29 86 196
leaf_count=235 241 81 109 257 1379 34 181 398 35 39 10 29 86 196
internal_value=2.31582e-06 -0.00523162 0.000892215 -0.000210836 0.00172258 -0.00930352 8.35027e-05 0.000647394 0.0013407 0.0044937 -0.00811545 -0.00485769 -0.00331397 -0.00100689
internal_weight=3310 481 2829 1215 1614 154 1106 729 472 74 120 39 327 377
internal_count=3310 481 2829 1215 1614 154 1106 729 472 74 120 39 327 377
cat_boundaries=0 1 2
cat_threshold=136 800
is_linear=0
shrinkage=0.05


Tree=15
num_leaves=15
num_cat=1
split_feature=3 3 3 0 2 7 2 2 6 9 8 2 3 4
split_gain=5.58108 1.49768 0.776205 0.426958 0.338514 0.431329 0.429291 0.760159 0.391931 0.298721 0.262455 0.244891 0.223666 0.221338
threshold=0.40332000000000007 0.26835000000000003 0.58247000000000015 0 7.5000000000000009 0.29667642857142856 17.500000000000004 29.500000000000004 0.22749000000000005 0.21066005076354857 0.23793839285714288 26.500000000000004 0.17280000000000004 0.19441500000000003
decision_type=2 2 2 1 2 2 2 2 2 2 2 2 2 2
left_child=1 3 -2 -1 5 8 -6 11 12 -9 -3 -8 -5 -13
right_child=2 10 -4 4 6 -7 7 9 -10 -11 -12 13 -14 -15
leaf_value=0.00025854555873288564 -0.0049406806316088948 -0.0027279540015971732 -0.010647364405676632 0.0028000766192436436 1.5386454966216382e-05 -0.00078455389575129227 0.0035727635180903329 -0.00039828584136951059 0.0045082944996137795 0.0084739777818322176 -0.00062562910841532158 0.011167385095082548 0.00029039792340122779 0.0036435493699494095
leaf_weight=814 218 274 82 267 478 89 152 185 244 9.9999999999999982 324 23 133 17
leaf_count=814 218 274 82 267 478 89 152 185 244 10 324 23 133 17
internal_value=2.8489e-06 0.000651024 -0.00650051 0.00120636 0.00167705 0.00247809 0.00101764 0.00225557 0.00292899 5.6702e-05 -0.0015889 0.0044888 0.00196561 0.00796975
internal_weight=3310 3010 300 2412 1598 733 865 387 644 195 598 192 400 40
internal_count=3310 3010 300 2412 1598 733 865 387 644 195 598 192 400 40
cat_boundaries=0 1
cat_threshold=800
is_linear=0
shrinkage=0.05


Tree=16
num_leaves=15
num_cat=1
split_feature=3 3 3 6 0 3 2 5 3 4 4 5 3 8
split_gain=5.06874 1.09242 0.979324 0.469139 0.400769 0.258721 0.244949 0.24406 0.226093 0.215541 0.214646 0.189854 0.197816 0.188203
threshold=0.35662000000000005 0.50053000000000003 0.18658500000000003 0.20341000000000001 0 0.72848500000000016 29.500000000000004 0.10490500000000001 0.29405500000000001 0.26680000000000009 0.49582000000000004 0.12403500000000002 0.10927000000000002 0.29124910714285718
decision_type=2 2 2 2 1 2 2 2 2 2 2 2 2 2
left_child=2 -2 4 7 -1 9 8 -4 -5 -3 -11 -6 -13 -10
right_child=1 5 3 6 11 -7 -8 -9 13 10 -12 12 -14 -15
leaf_value=0.0037139277080434178 -0.0031796095785340929 -0.0088189015245456019 -0.00404555640561739 0.0015872859769537097 0.00021674878465203552 -0.012289520747521345 -0.0017163873066138068 -0.00080509984607101878 -0.0016512199584420224 -0.0015187780326232315 -0.0092514497976351005 0.0029878194784234641 0.0012669278894253714 0.0022988537780758811
leaf_weight=202 275 81 64 485 301 34 91 631 114 25 13.999999999999998 216 736 41
leaf_count=202 275 81 64 485 301 34 91 631 114 25 14 216 736 41
internal_value=2.74551e-06 -0.00506773 0.000757773 -0.000173406 0.00167039 -0.00843938 0.000710884 -0.0011035 0.00105601 -0.00734851 -0.00429461 0.00130093 0.00165738 -0.000606362
internal_weight=3310 429 2881 1426 1455 154 731 695 640 120 39 1253 952 155
internal_count=3310 429 2881 1426 1455 154 731 695 640 120 39 1253 952 155
cat_boundaries=0 1
cat_threshold=136
is_linear=0
shrinkage=0.05


Tree=17
num_leaves=15
num_cat=1
split_feature=3 3 3 6 0 3 6 2 2 6 8 9 6 9
split_gain=4.58177 1.11577 0.801664 0.412467 0.364583 0.234172 0.211708 0.198247 0.231418 0.187679 0.23171 0.252892 0.32454 0.192778
threshold=0.33900000000000008 0.50053000000000003 0.18658500000000003 0.19789000000000004 0 0.64327000000000012 0.33862000000000009 29.500000000000004 27.500000000000004 0.13668000000000002 0.24593607142857146 0.13744394304266347 0.21173500000000003 0.16516998982291828
decision_type=2 2 2 2 1 2 2 2 2 2 2 2 2 2
left_child=2 6 4 -4 9 -3 -2 8 -5 -1 11 12 -11 -12
right_child=1 5 3 7 -6 -7 -8 -9 -10 10 13 -13 -14 -15
leaf_value=-0.00064731765305623421 -0.003585696761918489 -0.0065019115255078464 -0.0010304701283057798 0.00084373218470594708 0.0012358795323838257 -0.010525823035277427 -0.00063854819566103421 -0.0014920132898259908 0.0063069810275919735 0.0021044928264538094 0.0015675522670329585 0.013080262879912669 0.011932477812903623 0.0055851544157728009
leaf_weight=22 246 96 635 629 1253 58 81 90 20 28 79 12.999999999999998 11.999999999999998 48
leaf_count=22 246 96 635 629 1253 58 81 90 20 28 79 13 12 48
internal_value=3.16926e-06 -0.00450828 0.000770228 -9.59116e-05 0.00158815 -0.00801741 -0.00285567 0.000707126 0.00101209 0.00353699 0.00424491 0.00702187 0.00505289 0.00308602
internal_weight=3310 481 2829 1374 1455 154 327 739 649 202 180 53 40 127
internal_count=3310 481 2829 1374 1455 154 327 739 649 202 180 53 40 127
cat_boundaries=0 1
cat_threshold=136
is_linear=0
shrinkage=0.05


Tree=18
num_leaves=15
num_cat=1
split_feature=3 3 3 5 1 3 5 6 2 3 9 1 8 0
split_gain=4.15574 1.17114 0.575446 0.394918 0.336385 0.308395 0.257284 0.24118 0.228793 0.227463 0.182067 0.181194 0.180795 0.178895
threshold=0.40332000000000007 0.25569000000000003 0.54945500000000014 0.23632500000000004 5.5000000000000009 0.15956000000000004 0.10490500000000001 0.18073000000000003 12.500000000000002 0.179065 0.09853062772215028 1.0000000180025095e-35 0.22663375000000005 0
decision_type=2 2 2 2 2 2 2 2 2 2 2 2 2 1
left_child=1 3 -2 5 9 -1 -7 -3 10 13 -6 -11 -12 -5
right_child=2 7 -4 4 8 6 -8 -9 -10 11 12 -13 -14 -15
leaf_value=0.0013857185446067889 -0.0039899169668866103 -0.0025684694270916588 -0.0085711169042317018 0.0040990051023679069 0.0033418206329224633 -0.0024401777057695049 0.00031726347277868998 -0.00058621802605424514 0.0011471497480178604 0.0030839287954482382 0.011388780854065859 -0.00010167159133495508 0.0052030393698563188 0.001378250265389436
leaf_weight=775 194 223 106 110 40 96 712 492 37 56 21 220 27 201
leaf_count=775 194 223 106 110 40 96 712 492 37 56 21 220 27 201
internal_value=3.19749e-06 0.000562514 -0.00560861 0.00111301 0.00209099 0.000673131 -1.03533e-05 -0.00120446 0.00444611 0.00158948 0.00583317 0.000544682 0.0079093 0.00251669
internal_weight=3310 3010 300 2295 712 1583 808 715 125 587 88 276 48 311
internal_count=3310 3010 300 2295 712 1583 808 715 125 587 88 276 48 311
cat_boundaries=0 1
cat_threshold=137
is_linear=0
shrinkage=0.05


Tree=19
num_leaves=15
num_cat=2
split_feature=3 3 3 5 0 5 3 6 9 4 5 0 4 5
split_gain=3.76663 0.912113 0.661419 0.320892 0.30308 0.212073 0.209043 0.196895 0.233607 0.270886 0.210151 0.20236 0.26562 0.20322
threshold=0.33900000000000008 0.50053000000000003 0.20606000000000002 0.12789500000000001 0 0.12327 0.72848500000000016 0.32566000000000006 0.12697533581749743 0.20165000000000002 0.24138000000000001 1 0.43126500000000006 0.13222500000000004
decision_type=2 2 2 2 1 2 2 2 2 2 2 1 2 2
left_child=2 5 4 -4 -1 -2 -3 11 9 10 -9 12 -5 -13
right_child=1 6 3 7 -6 -7 -8 8 -10 -11 -12 13 -14 -15
leaf_value=0.0028637738460818791 -0.0068368513895957564 -0.0062788145521578062 -0.0024795630304011666 0.00062034502011494184 0.0010050893010340887 -0.0022104377897921952 -0.010720197527724155 0.0032439997206286826 -0.00052565170917659996 0.0016938863325776767 0.012601505716641745 0.0049007082590833313 0.0069051075163052275 -0.00080676065447565217
leaf_weight=261 27 120 142 146 1472 300 34 12.000000000000002 67 64 11.999999999999998 15.999999999999998 19 618
leaf_count=261 27 120 142 146 1472 300 34 12 67 64 12 16 19 618
internal_value=3.86499e-06 -0.00408663 0.000699351 -0.000262008 0.00130734 -0.00259244 -0.00725938 6.80679e-05 0.00169894 0.00339267 0.00792275 -0.00024831 0.00126724 -0.000652433
internal_weight=3310 481 2829 1096 1733 327 154 954 155 88 24 799 165 634
internal_count=3310 481 2829 1096 1733 327 154 954 155 88 24 799 165 634
cat_boundaries=0 1 2
cat_threshold=136 192
is_linear=0
shrinkage=0.05


Tree=20
num_leaves=15
num_cat=1
split_feature=3 3 3 6 5 5 5 3 4 5 2 0 6 2
split_gain=3.43523 1.13706 0.382523 0.439531 0.239247 0.207308 0.193004 0.188661 0.187026 0.213894 0.17939 0.1715 0.169131 0.197091
threshold=0.29828500000000008 0.50053000000000003 0.17280000000000004 0.20341000000000001 0.12028500000000002 0.12182000000000001 0.24138000000000001 0.72848500000000016 0.26680000000000009 0.17607000000000003 1.5000000000000002 0 0.33862000000000009 17.500000000000004
decision_type=2 2 2 2 2 2 2 2 2 2 2 1 2 2
left_child=2 5 4 -4 -1 -2 10 8 -3 -10 -5 -6 -7 -14
right_child=1 7 3 6 11 12 -8 -9 9 -11 -12 -13 13 -15
leaf_value=0.00011453918103546657 -0.005037181071328143 -0.0073345557200136012 -0.00062423177185313723 0.0042727689028002457 0.00053482579787517029 -0.002214566272515811 0.0021296158536550417 -0.010184187825550051 0.0031855872087180621 -0.0052945417540693849 0.00011319866993352452 0.0021811442946141741 0.0010778438564474609 -0.0041204346273013438
leaf_weight=257 52 81 691 28 229 385 295 34 9.9999999999999982 29 349 759 88 23
leaf_count=257 52 81 691 28 229 385 295 34 10 29 349 759 88 23
internal_value=4.25616e-06 -0.00310044 0.000839953 0.000261215 0.00147354 -0.00203369 0.0011717 -0.00689641 -0.00596487 -0.00312015 0.000422132 0.00182705 -0.00171881 7.2309e-07
internal_weight=3310 702 2608 1363 1245 548 672 154 120 39 377 988 496 111
internal_count=3310 702 2608 1363 1245 548 672 154 120 39 377 988 496 111
cat_boundaries=0 1
cat_threshold=544
is_linear=0
shrinkage=0.05


Tree=21
num_leaves=15
num_cat=1
split_feature=3 3 3 0 5 2 2 9 7 5 2 4 6 1
split_gain=3.12401 0.885663 0.427396 0.329716 0.338538 0.277019 0.54889 0.245465 0.216925 0.361137 0.267823 0.199327 0.192133 0.190799
threshold=0.40332000000000007 0.26835000000000003 0.58247000000000015 0 0.11450500000000001 29.500000000000004 26.500000000000004 0.21066005076354857 0.29892285714285721 0.37064000000000002 11.500000000000002 0.19441500000000003 0.18073000000000003 2.5000000000000004
decision_type=2 2 2 1 2 2 2 2 2 2 2 2 2 2
left_child=1 3 -2 -1 -5 6 8 -7 9 -6 -10 -8 -3 -12
right_child=2 12 -4 4 5 7 11 -9 10 -11 13 -13 -14 -15
leaf_value=-0.00014784346295820561 -0.0037036785997670366 -0.0025934503984236215 -0.0079382609885481261 -0.00047204334977392419 0.0014878352405030104 -0.00052033204687845043 0.010084119298755049 0.007500315345823765 -0.001397167484873258 0.0040986391262412044 0.00029208893462529651 0.003121435201918597 -0.00064264139114031502 0.0071651352077929517
leaf_weight=565 218 181 82 249 1030 207 26 9.9999999999999982 115 152 23 17 417 18
leaf_count=565 218 181 82 249 1030 207 26 10 115 152 23 17 417 18
internal_value=4.45362e-06 0.000489396 -0.00486113 0.00091645 0.00123613 0.00151003 0.00177099 -0.000150717 0.00159229 0.00182357 -0.000160152 0.00733143 -0.0012331 0.00330952
internal_weight=3310 3010 300 2412 1847 1598 1381 217 1338 1182 156 43 598 41
internal_count=3310 3010 300 2412 1847 1598 1381 217 1338 1182 156 43 598 41
cat_boundaries=0 1
cat_threshold=544
is_linear=0
shrinkage=0.05


Tree=22
num_leaves=15
num_cat=0
split_feature=3 3 3 5 5 6 7 9 5 4 9 7 1 6
split_gain=2.82877 0.596149 0.575315 0.323182 0.213161 0.212361 0.224294 0.295462 0.17241 0.171645 0.170401 0.162889 0.162761 0.191001
threshold=0.35662000000000005 0.54945500000000014 0.19732500000000003 0.11927500000000001 0.11200500000000001 0.32566000000000006 0.16055357142857143 0.077725871833104143 0.10010500000000001 0.06653000000000002 0.052356972650103882 0.1936064285714286 5.5000000000000009 0.5236050000000001
decision_type=2 2 2 2 2 2 2 2 2 2 2 2 2 2
left_child=2 12 4 -4 9 -5 -7 -8 -3 -1 -6 -9 -2 -14
right_child=1 8 3 5 10 6 7 11 -10 -11 -12 -13 13 -15
leaf_value=0.0048184423678321771 -0.0033759845644090094 -0.012681112593660752 -0.0027566709322854877 -0.0002824046416424604 -0.00010001574832131156 0.0081526359387983881 0.0080738223390653726 -0.0034972146365114237 -0.0063168222817810288 -0.00054288550687618675 0.0016358216105361587 0.0011179015407185645 -0.0016950936375370437 0.0056731661967933181
leaf_weight=15.999999999999998 240 11.999999999999998 115 958 160 11.999999999999998 13.999999999999998 22 94 223 1215 146 73 9.9999999999999982
leaf_count=16 240 12 115 958 160 12 14 22 94 223 1215 146 73 10
internal_value=4.2086e-06 -0.00378369 0.000568251 -0.000229219 0.00119427 2.30872e-05 0.00153165 0.0010951 -0.00703731 -0.000183968 0.00143383 0.000513541 -0.00271593 -0.000807351
internal_weight=3310 429 2881 1267 1614 1152 194 182 106 239 1375 168 323 83
internal_count=3310 429 2881 1267 1614 1152 194 182 106 239 1375 168 323 83
is_linear=0
shrinkage=0.05


Tree=23
num_leaves=15
num_cat=0
split_feature=3 3 3 6 6 5 5 9 4 6 6 3 2 5
split_gain=2.57722 0.798382 0.339812 0.365006 0.19684 0.181983 0.180178 0.166594 0.19825 0.188319 0.191761 0.172437 0.164831 0.155701
threshold=0.30630000000000007 0.50053000000000003 0.17280000000000004 0.20154500000000003 0.30431500000000006 0.12028500000000002 0.24138000000000001 0.21066005076354857 0.23637500000000003 0.14179000000000003 0.20059000000000002 0.72848500000000016 1.5000000000000002 0.10490500000000001
decision_type=2 2 2 2 2 2 2 2 2 2 2 2 2 2
left_child=2 4 5 13 -2 -1 12 8 11 -10 -11 -3 -5 -4
right_child=1 7 3 6 -6 -7 -8 -9 9 10 -12 -13 -14 -15
leaf_value=0.00011090010748623512 -0.0024915320481372401 -0.0059617301246884177 -0.0029958379210711429 0.0038329859466951655 -0.00031458844978997889 0.0016044678521062482 0.0018724912595360649 -0.0095298659263385668 -0.0091993197426199907 0.0041298148052936251 -0.0034384933553103891 -0.013045260459184646 -1.8989015693550952e-05 -0.0004090981091136878
leaf_weight=257 348 61 64 30 148 988 308 27 9.9999999999999982 10.999999999999998 35 9.9999999999999982 374 639
leaf_count=257 348 61 64 30 148 988 308 27 10 11 35 10 374 639
internal_value=3.99818e-06 -0.00281838 0.000693678 0.000163581 -0.00184196 0.00129616 0.000961538 -0.00596323 -0.00520497 -0.00298058 -0.00162868 -0.00695941 0.000267049 -0.000644591
internal_weight=3310 650 2660 1415 496 1245 712 154 127 56 46 71 404 703
internal_count=3310 650 2660 1415 496 1245 712 154 127 56 46 71 404 703
is_linear=0
shrinkage=0.05


Tree=24
num_leaves=15
num_cat=1
split_feature=3 3 3 0 3 6 5 5 7 1 1 9 5 5
split_gain=2.34189 0.682638 0.323645 0.303577 0.234354 0.188794 0.185058 0.194122 0.177109 0.17636 0.188421 0.192363 0.173125 0.171541
threshold=0.40332000000000007 0.25569000000000003 0.64327000000000012 0 0.12286000000000001 0.15185500000000005 0.12262500000000001 0.13222500000000004 0.24331000000000005 4.5000000000000009 1.0000000180025095e-35 0.076708609674610087 0.15265500000000001 0.24377500000000005
decision_type=2 2 2 1 2 2 2 2 2 2 2 2 2 2
left_child=1 3 6 5 -5 8 -2 -8 -1 10 11 -7 -3 -11
right_child=2 12 -4 4 -6 9 7 -9 -10 13 -12 -13 -14 -15
leaf_value=0.0012542337021793509 -0.0073066257192598034 -0.0024165001275547435 -0.0075634947496241549 0.0015705458613654269 -6.4081781106220339e-05 -0.0024850335079603472 0.0038874962460249667 -0.0032467733585366575 -0.0013309570784277294 0.0017052364810124826 0.00097824644207373667 0.0039695720969248919 -0.00051940376242167851 0.0046944468521594659
leaf_weight=209 27 153 58 284 962 12.999999999999998 9.9999999999999982 205 97 95 435 103 562 97
leaf_count=209 27 153 58 284 962 13 10 205 97 95 435 103 562 97
internal_value=3.79827e-06 0.00042367 -0.00420892 0.000843955 0.000306042 0.00146599 -0.00340493 -0.00291495 0.000434745 0.00191044 0.00145571 0.00324621 -0.000925356 0.00321541
internal_weight=3310 3010 300 2295 1246 1049 242 215 306 743 551 116 715 192
internal_count=3310 3010 300 2295 1246 1049 242 215 306 743 551 116 715 192
cat_boundaries=0 1
cat_threshold=206
is_linear=0
shrinkage=0.05


Tree=25
num_leaves=15
num_cat=1
split_feature=7 8 2 9 6 2 2 2 9 2 2 7 0 5
split_gain=0.513349 0.366147 0.30927 0.2553 0.226861 0.222876 0.473107 0.23205 0.225296 0.221153 0.684943 0.201494 0.250698 0.169455
threshold=0.29155428571428582 0.33214285714285724 7.5000000000000009 0.21240763022402986 0.33559000000000005 29.500000000000004 13.500000000000002 3.5000000000000004 0.20136473686538495 17.500000000000004 29.500000000000004 0.13804000000000002 0 0.23216000000000003
decision_type=2 2 2 2 2 2 2 2 2 2 2 2 1 2
left_child=1 2 11 5 -3 6 7 -2 -9 -4 -11 -1 -13 -14
right_child=3 4 9 -5 -6 -7 -8 8 -10 10 -12 12 13 -15
leaf_value=0.0024616601170664473 0.00064140920248495319 0.0014100080204661938 -0.0007762184582031066 -0.0042592325379022409 0.0090394160416173309 -0.0032283808516725648 0.0018266106841589424 -0.0025713484859392708 0.003731348199459414 0.0020979719361462913 -0.0012963647726258777 -0.00030144523973791844 0.00047141605336697496 0.0022194149337530799
leaf_weight=166 95 20 830 63 19 89 152 259 14.999999999999998 313 283 450 292 264
leaf_count=166 95 20 830 63 19 89 152 259 15 313 283 450 292 264
internal_value=3.60835e-06 0.000318177 0.00024599 -0.00122896 0.0051269 -0.000915994 -0.00052098 -0.00148801 -0.00222631 -0.000248575 0.000486232 0.000847739 0.000581426 0.00127841
internal_weight=3310 2637 2598 673 39 610 521 369 274 1426 596 1172 1006 556
internal_count=3310 2637 2598 673 39 610 521 369 274 1426 596 1172 1006 556
cat_boundaries=0 1
cat_threshold=804
is_linear=0
shrinkage=0.05


Tree=26
num_leaves=15
num_cat=1
split_feature=3 3 0 3 4 6 3 3 8 7 6 6 4 9
split_gain=2.08451 0.684741 0.260007 0.224093 0.220299 0.206119 0.174868 0.174686 0.172486 0.162727 0.150705 0.145803 0.189499 0.13253
threshold=0.29828500000000008 0.50053000000000003 0 0.16676500000000002 0.081830000000000014 0.33058000000000004 0.14466000000000004 0.10472500000000003 0.19361357142857147 0.15901214285714291 0.11200500000000001 0.14016500000000004 0.17491500000000001 0.21066005076354857
decision_type=2 2 1 2 2 2 2 2 2 2 2 2 2 2
left_child=2 8 4 -4 6 10 7 -1 -2 -7 -5 -10 -13 -3
right_child=1 13 3 5 -6 9 -8 -9 11 -11 -12 12 -14 -15
leaf_value=0.0038798794072742258 -0.0041908002889453717 -0.0046845320118114528 0.00089165614695522208 -0.0026392966064649002 0.00116876780999865 0.0074643909038665402 0.0010772760942927562 0.012827750425785781 -0.0035105880255287048 0.0011815371658722394 -0.0002986733095657282 0.0014071339871701588 -0.0014218668032207349 -0.0085420063179400246
leaf_weight=12.000000000000002 57 127 777 76 909 11.999999999999998 15.999999999999998 9.9999999999999982 64 73 723 71 356 27
leaf_count=12 57 127 777 76 909 12 16 10 64 73 723 71 356 27
internal_value=3.3824e-06 -0.0024151 0.00065437 0.000270565 0.00131085 -0.000272288 0.00505454 0.00794709 -0.00158728 0.00206853 -0.000521311 -0.00128504 -0.000951471 -0.00536084
internal_weight=3310 702 2608 1661 947 884 38 22 548 85 799 491 427 154
internal_count=3310 702 2608 1661 947 884 38 22 548 85 799 491 427 154
cat_boundaries=0 1
cat_threshold=204
is_linear=0
shrinkage=0.05


Tree=27
num_leaves=15
num_cat=1
split_feature=7 8 2 5 2 2 2 6 2 2 7 0 2 6
split_gain=0.420796 0.330648 0.276933 0.225478 0.217611 0.374653 0.322489 0.201915 0.198081 0.614647 0.171881 0.221878 0.168263 0.292965
threshold=0.29155428571428582 0.33214285714285724 7.5000000000000009 0.10010500000000001 9.5000000000000018 6.5000000000000009 29.500000000000004 0.33559000000000005 17.500000000000004 29.500000000000004 0.13804000000000002 0 23.500000000000004 0.25637000000000004
decision_type=2 2 2 2 2 2 2 2 2 2 2 1 2 2
left_child=1 2 10 -2 5 -5 12 -3 -4 -10 -1 -12 -6 -14
right_child=3 7 8 4 6 -7 -8 -9 9 -11 11 -13 13 -15
leaf_value=0.0022794539453209299 -0.0043088570100200526 0.0013511076336726548 -0.00074793983303716668 -0.00068403448528451323 0.00025045649001020302 -0.0045596442412881352 -0.0025603700174711818 0.008548831964205755 0.0019736386470487078 -0.0012418019044666626 -0.00028755834222386555 0.0011985985314874178 0.0052657255883483836 -0.0032557366917339656
leaf_weight=166 51 20 830 214 176 88 86 19 313 283 450 556 45 12.999999999999998
leaf_count=166 51 20 830 214 176 88 86 19 313 283 450 556 45 13
internal_value=3.21328e-06 0.000288016 0.000219418 -0.00111272 -0.00085066 -0.00181335 5.788e-05 0.00485769 -0.000248577 0.000446844 0.000788839 0.000542873 0.00102014 0.00335574
internal_weight=3310 2637 2598 673 622 302 320 39 1426 596 1172 1006 234 58
internal_count=3310 2637 2598 673 622 302 320 39 1426 596 1172 1006 234 58
cat_boundaries=0 1
cat_threshold=804
is_linear=0
shrinkage=0.05


Tree=28
num_leaves=15
num_cat=0
split_feature=3 3 3 2 5 2 2 9 9 8 2 6 8 2
split_gain=1.86351 0.546098 0.259741 0.255096 0.25219 0.227296 0.523621 0.248023 0.218464 0.200554 0.30481 0.195813 0.271589 0.292314
threshold=0.40332000000000007 0.25569000000000003 0.64327000000000012 7.5000000000000009 0.37799500000000003 17.500000000000004 29.500000000000004 0.10814830730875948 0.21066005076354857 0.20589482142857143 26.500000000000004 0.32100500000000004 0.23148839285714287 5.5000000000000009
decision_type=2 2 2 2 2 2 2 2 2 2 2 2 2 2
left_child=1 3 -2 4 11 -5 7 -7 -8 -9 -11 -1 13 -13
right_child=2 -3 -4 5 -6 6 8 9 -10 10 -12 12 -14 -15
leaf_value=0.00079980436103346114 -0.003034449736217291 -0.00082886019267363253 -0.0067599058793536551 -0.00030503192909398446 0.003627266867530394 0.0017750784611618076 -0.0007169270808596842 0.011482369709251957 0.0068065029755234726 0.0014577541241629257 0.0095813283532419635 0.0032432604101345396 0.00088165774867529916 0.011661337740176046
leaf_weight=802 242 715 58 719 108 206 275 10.999999999999998 9.9999999999999982 36 17 33 63 14.999999999999998
leaf_count=802 242 715 58 719 108 206 275 11 10 36 17 33 63 15
internal_value=3.19024e-06 0.000377731 -0.0037547 0.000753641 0.00134249 0.000281732 0.00104188 0.00261976 -0.000452947 0.00533856 0.00406343 0.00107222 0.00304047 0.00587391
internal_weight=3310 3010 300 2295 1021 1274 555 270 285 64 53 913 111 48
internal_count=3310 3010 300 2295 1021 1274 555 270 285 64 53 913 111 48
is_linear=0
shrinkage=0.05


Tree=29
num_leaves=15
num_cat=1
split_feature=3 3 3 6 0 2 2 2 2 9 8 2 8 8
split_gain=1.69207 0.364714 0.351294 0.216935 0.180429 0.16622 0.15211 0.240805 0.147178 0.138523 0.478138 0.172667 0.146615 0.183987
threshold=0.35662000000000005 0.19732500000000003 0.54945500000000014 0.20341000000000001 0 28.500000000000004 17.500000000000004 29.500000000000004 22.500000000000004 0.1461891399693698 0.26824982142857151 27.500000000000004 0.3050325000000001 0.33214285714285724
decision_type=2 2 2 2 1 2 2 2 2 2 2 2 2 2
left_child=1 4 -2 6 9 -5 -3 8 -8 -1 -11 12 -12 -14
right_child=2 3 -4 5 -6 -7 7 -9 -10 10 11 -13 13 -15
leaf_value=0.0013383854125477857 -0.0021069152608579429 -0.0013177869410214798 -0.0054241753179521427 0.00074373553801642474 0.0007013563449942351 -0.0016387156572558786 0.00020235718322510364 -0.001675360320009264 0.0044653248674521601 0.013602206246419389 0.0045557787365396512 0.0077426878484682399 -0.0032090952382228958 0.0034781296905647546
leaf_weight=145 323 464 106 570 1379 84 40 68 41 10.999999999999998 24 12.999999999999998 24 18
leaf_count=145 323 464 106 570 1379 84 40 68 41 11 24 13 24 18
internal_value=3.03072e-06 0.000439267 -0.00292656 -0.000195681 0.000937705 0.000437733 -0.00087146 0.000518444 0.00236016 0.00220111 0.00383562 0.00247572 0.00143828 -0.000343142
internal_weight=3310 2881 429 1267 1614 654 613 149 81 235 90 79 66 42
internal_count=3310 2881 429 1267 1614 654 613 149 81 235 90 79 66 42
cat_boundaries=0 1
cat_threshold=136
is_linear=0
shrinkage=0.05


Tree=30
num_leaves=15
num_cat=1
split_feature=3 3 0 5 3 8 3 1 1 5 3 9 1 8
split_gain=1.5422 0.503625 0.222363 0.228485 0.178182 0.156694 0.135012 0.1414 0.17194 0.247136 0.169837 0.169562 0.147714 0.148094
threshold=0.29828500000000008 0.50053000000000003 0 0.10717500000000001 0.13281000000000001 0.19361357142857147 0.25687500000000002 1.0000000180025095e-35 5.5000000000000009 0.23632500000000004 0.179065 0.1617134185477907 2.5000000000000004 0.15070053571428574
decision_type=2 2 1 2 2 2 2 2 2 2 2 2 2 2
left_child=2 5 -1 4 -4 -2 7 -5 10 -10 12 -11 13 -9
right_child=1 -3 3 6 -6 -7 -8 8 9 11 -12 -13 -14 -15
leaf_value=-0.00027992755506292321 -0.0038487727207482977 -0.0046035473612923324 0.00096480428442041711 0.0023335036912694421 -0.00194358816226013 -0.0010792281258823549 -0.00014484032818862553 0.0061308543441224508 0.0003844148325084081 0.0049923840055661074 -1.148689575006555e-05 -0.00013027931097894907 0.0018907501129187194 0.00022563359550807291
leaf_weight=603 57 154 91 223 125 491 224 10.999999999999998 86 84 452 20 384 305
leaf_count=603 57 154 91 223 125 491 224 11 86 84 452 20 384 305
internal_value=2.98513e-06 -0.00207725 0.000562925 0.000813749 -0.000718293 -0.0013673 0.00100327 0.0011676 0.000973866 0.00236744 0.000744022 0.00400726 0.00123187 0.000431195
internal_weight=3310 702 2608 2005 216 548 1789 1565 1342 190 1152 104 700 316
internal_count=3310 702 2608 2005 216 548 1789 1565 1342 190 1152 104 700 316
cat_boundaries=0 1
cat_threshold=544
is_linear=0
shrinkage=0.05


Tree=31
num_leaves=15
num_cat=0
split_feature=3 3 9 3 8 5 2 2 2 1 1 9 5 2
split_gain=1.39806 0.416225 0.223706 0.204782 0.200209 0.180606 0.197489 0.530925 0.25815 0.204601 0.179529 0.176758 0.168741 0.199348
threshold=0.40332000000000007 0.26835000000000003 0.051827502087353934 0.64327000000000012 0.3239178571428572 0.10717500000000001 29.500000000000004 17.500000000000004 7.5000000000000009 5.5000000000000009 1.0000000180025095e-35 0.21066005076354857 0.23632500000000004 1.5000000000000002
decision_type=2 2 2 2 2 2 2 2 2 2 2 2 2 2
left_child=1 2 -1 -2 -3 -4 7 8 9 10 -7 -8 -11 -14
right_child=3 4 5 -5 -6 6 11 -9 -10 12 -12 -13 13 -15
leaf_value=-0.00075064232547104122 -0.0026126067089648104 -0.0011534603932199792 -0.00050963790103991376 -0.0059205244327413635 0.0019379104451469052 0.0025806293124333024 -0.0005943067538520195 0.0035271676397014662 -4.9925353545902129e-05 0.00074440370230243001 0.00068407437804879128 0.006185375042259693 0.00079593360534913483 0.0066367100339751531
leaf_weight=265 242 540 238 58 58 155 249 206 541 39 640 9.9999999999999982 21 48
leaf_count=265 242 540 238 58 58 155 249 206 541 39 640 10 21 48
internal_value=2.79359e-06 0.000327205 0.000619966 -0.00325214 -0.000853628 0.000789137 0.000951059 0.00115255 0.000813784 0.00133124 0.00105384 -0.000332543 0.00337323 0.00485908
internal_weight=3310 3010 2412 300 598 2147 1909 1650 1444 903 795 259 108 69
internal_count=3310 3010 2412 300 598 2147 1909 1650 1444 903 795 259 108 69
is_linear=0
shrinkage=0.05


Tree=32
num_leaves=15
num_cat=1
split_feature=3 3 3 0 6 6 2 8 6 1 3 8 7 3
split_gain=1.26829 0.39184 0.19832 0.213423 0.187381 0.164977 0.162573 0.1439 0.331761 0.424232 0.136941 0.136743 0.132148 0.163035
threshold=0.30630000000000007 0.50053000000000003 0.18409000000000003 0 0.20154500000000003 0.33862000000000009 17.500000000000004 0.24593607142857146 0.16443000000000005 4.5000000000000009 0.13204500000000005 0.19361357142857147 0.33941571428571432 0.14399000000000003
decision_type=2 2 2 1 2 2 2 2 2 2 2 2 2 2
left_child=2 5 3 7 -4 11 -7 8 -1 -10 -9 -2 13 -12
right_child=1 -3 4 -5 -6 6 -8 10 9 -11 12 -13 -14 -15
leaf_value=-0.0002961488081263783 -0.0044037310115527363 -0.0041804477352650488 -0.00059863639886471192 0.00062788724898937647 0.00062838608773802755 0.0013760680916179396 -0.003429416876116937 -0.00099562154705258653 0.0040688531091918464 0.015600900352001191 0.0064812515149242252 -0.0014424689380666145 0.0080307407118380067 0.0008636332296856694
leaf_weight=23 44 154 611 1222 634 88 22 37 29 10.999999999999998 15.999999999999998 342 9.9999999999999982 67
leaf_count=23 44 154 611 1222 634 88 22 37 29 11 16 342 10 67
internal_value=2.65391e-06 -0.00197728 0.000486472 0.000891438 2.62088e-05 -0.00129323 0.000414971 0.00240309 0.00448881 0.00724017 0.00157718 -0.00178002 0.00260076 0.00194655
internal_weight=3310 650 2660 1415 1245 496 110 193 63 40 130 386 93 83
internal_count=3310 650 2660 1415 1245 496 110 193 63 40 130 386 93 83
cat_boundaries=0 1
cat_threshold=136
is_linear=0
shrinkage=0.05


Tree=33
num_leaves=15
num_cat=0
split_feature=3 3 2 9 5 2 2 2 9 2 9 1 3 8
split_gain=1.15546 0.352263 0.210108 0.189966 0.184714 0.171777 0.166033 0.386618 0.244446 0.186592 0.170999 0.164074 0.165438 0.161659
threshold=0.40332000000000007 0.24130500000000002 7.5000000000000009 0.21240763022402986 0.12789500000000001 27.500000000000004 17.500000000000004 29.500000000000004 0.10106075536214014 27.500000000000004 0.15604385069273 5.5000000000000009 0.22845000000000001 0.32895482142857152
decision_type=2 2 2 2 2 2 2 2 2 2 2 2 2 2
left_child=1 2 11 5 -3 -2 -4 8 -8 10 -10 -1 -13 -9
right_child=3 4 6 -5 -6 -7 7 13 9 -11 -12 12 -14 -15
leaf_value=0.00097096153101130546 -0.0020487459047952607 -0.0025904237380312434 -0.00031225984237828969 -0.0066627780456216109 -0.00029414192011698129 -0.0058511226978974753 0.0012884923858525006 -0.00071061556518543518 0.0054227425839359824 0.00970945538332065 -0.00028906936291605233 0.0024366072783890192 0.0092194207571446897 0.0046282618865370754
leaf_weight=850 235 99 683 31 759 34 173 259 38 14.999999999999998 20 89 9.9999999999999982 14.999999999999998
leaf_count=850 235 99 683 31 759 34 173 259 38 15 20 89 10 15
internal_value=2.61607e-06 0.000297541 0.000639082 -0.00295647 -0.000559098 -0.00252934 0.000200278 0.000873478 0.00231233 0.00473869 0.00345315 0.00119533 0.00312174 -0.000418341
internal_weight=3310 3010 2152 300 858 269 1203 520 246 73 58 949 99 274
internal_count=3310 3010 2152 300 858 269 1203 520 246 73 58 949 99 274
is_linear=0
shrinkage=0.05


Tree=34
num_leaves=15
num_cat=0
split_feature=3 5 3 3 6 5 6 8 2 2 4 5 1 6
split_gain=1.04996 0.260365 0.248213 0.190216 0.185612 0.1849 0.145753 0.147749 0.130917 0.177143 0.360401 0.126909 0.166479 0.283052
threshold=0.35662000000000005 0.10010500000000001 0.18658500000000003 0.64327000000000012 0.20341000000000001 0.16005000000000003 0.13141500000000003 0.18616589285714288 28.500000000000004 24.500000000000004 0.20568000000000003 0.24138000000000001 5.5000000000000009 0.37460000000000004
decision_type=2 2 2 2 2 2 2 2 2 2 2 2 2 2
left_child=2 -2 6 -3 -4 -5 -1 -8 9 11 -11 -6 -13 -14
right_child=1 3 4 5 8 -7 7 -9 -10 10 -12 12 13 -15
leaf_value=3.0379771640786477e-05 -0.0068799583626718355 -0.0015428362518543582 -0.00070770418212167828 -0.00022462961787823589 -0.00016827681846603285 -0.0066320535971930153 0.00017258060666414357 0.001504827541607588 -0.0012873708292924372 0.010756384667295678 0.00049247270345222202 0.00059183762566330123 0.0011133494914420659 0.0081143038305030637
leaf_weight=428 29 346 695 15.999999999999998 332 38 290 737 96 12.999999999999998 25 201 42 22
leaf_count=428 29 346 695 16 332 38 290 737 96 13 25 201 42 22
internal_value=2.48526e-06 -0.00230525 0.000346122 -0.00197358 -0.000122672 -0.00473356 0.000805573 0.00112863 0.000433549 0.000693719 0.00400381 0.000483027 0.001299 0.00351993
internal_weight=3310 429 2881 400 1426 54 1455 1027 731 635 38 597 265 64
internal_count=3310 429 2881 400 1426 54 1455 1027 731 635 38 597 265 64
is_linear=0
shrinkage=0.05


Tree=35
num_leaves=15
num_cat=1
split_feature=3 3 0 5 6 7 7 5 3 4 5 9 3 1
split_gain=0.960931 0.316005 0.176209 0.181331 0.138995 0.150455 0.174575 0.118961 0.162525 0.180568 0.173005 0.132245 0.11694 0.134201
threshold=0.29828500000000008 0.50053000000000003 0 0.12104500000000001 0.13668000000000002 0.23325785714285716 0.23677071428571431 0.29086000000000006 0.72848500000000016 0.26680000000000009 0.17607000000000003 0.19070160176113268 0.15956000000000004 1.0000000180025095e-35
decision_type=2 2 1 2 2 2 2 2 2 2 2 2 2 2
left_child=2 4 -1 -4 -2 -6 -7 8 9 -3 -11 -9 -5 -14
right_child=1 7 3 12 5 6 -8 11 -10 10 -12 -13 13 -15
leaf_value=-0.00030461950211179063 -0.0031413289400237343 -0.0048408692262338236 -0.0004261213739359258 0.001420616900430816 -0.0023366373333405573 0.0059354618699713193 -0.00046166097746598621 0.00027904570132734316 -0.0078621282690653094 0.0052899145422270512 -0.0033208359797884317 -0.0063335201516747479 0.0018417157450274222 0.00031275815745603107
leaf_weight=603 71 62 317 624 116 10.999999999999998 350 31 27 10.000000000000002 13.999999999999998 9.9999999999999982 171 893
leaf_count=603 71 62 317 624 116 11 350 31 27 10 14 10 171 893
internal_value=2.361e-06 -0.00163969 0.000444355 0.000667797 -0.00107733 -0.000770107 -0.000266735 -0.00364084 -0.00447791 -0.00341542 0.000266977 -0.00133378 0.000877187 0.000558483
internal_weight=3310 702 2608 2005 548 477 361 154 113 86 24 41 1688 1064
internal_count=3310 702 2608 2005 548 477 361 154 113 86 24 41 1688 1064
cat_boundaries=0 1
cat_threshold=544
is_linear=0
shrinkage=0.05


Tree=36
num_leaves=15
num_cat=0
split_feature=3 3 5 2 2 4 9 3 6 5 8 7 5 8
split_gain=0.86986 0.270342 0.181993 0.166312 0.432587 0.249898 0.182751 0.14445 0.165118 0.163531 0.134207 0.129837 0.162423 0.172926
threshold=0.30630000000000007 0.47590500000000008 0.11370500000000001 29.500000000000004 23.500000000000004 0.12408000000000001 0.21066005076354857 0.15956000000000004 0.20918500000000004 0.24138000000000001 0.19361357142857147 0.29404428571428576 0.25053000000000009 0.3239178571428572
decision_type=2 2 2 2 2 2 2 2 2 2 2 2 2 2
left_child=2 10 -1 4 7 -6 -5 -4 -9 -10 -2 12 -11 -14
right_child=1 -3 3 6 5 -7 -8 8 9 11 -12 -13 13 -15
leaf_value=-0.00069228684478511281 -0.003638158857277383 -0.0032915753082342334 0.0010911157678971019 -0.00078049089157773395 0.0096703111256162336 0.0027710620512897592 0.005785724198953672 -0.00037135703069738463 2.3448933859038967e-05 0.0074420691052052602 -0.00073795619439655387 -0.00074560178770546133 0.0015246081334453266 0.0079707714509409441
leaf_weight=332 44 179 730 289 14.999999999999998 105 10.999999999999998 614 303 13.999999999999998 427 44 192 10.999999999999998
leaf_count=332 44 179 730 289 15 105 11 614 303 14 427 44 192 11
internal_value=2.19693e-06 -0.00163751 0.000402876 0.000559059 0.000721602 0.00363347 -0.00053973 0.000538465 0.000195991 0.000813636 -0.00100889 0.00173098 0.00223314 0.00187391
internal_weight=3310 650 2660 2328 2028 120 300 1908 1178 564 471 261 217 203
internal_count=3310 650 2660 2328 2028 120 300 1908 1178 564 471 261 217 203
is_linear=0
shrinkage=0.05


Tree=37
num_leaves=15
num_cat=0
split_feature=3 3 2 2 6 4 2 8 6 4 3 2 1 4
split_gain=0.789831 0.257504 0.178822 0.151905 0.173045 0.222023 0.19986 0.150842 0.191594 0.147403 0.152671 0.145788 0.139665 0.160887
threshold=0.40332000000000007 0.24130500000000002 7.5000000000000009 27.500000000000004 0.5236050000000001 0.13970500000000002 9.5000000000000018 0.3239178571428572 0.54074000000000011 0.17752500000000002 0.11715500000000002 2.5000000000000004 5.5000000000000009 0.19441500000000003
decision_type=2 2 2 2 2 2 2 2 2 2 2 2 2 2
left_child=1 2 12 4 5 -2 11 8 -3 -4 -11 -7 -1 -14
right_child=3 7 9 -5 -6 6 -8 -9 -10 10 -12 -13 13 -15
leaf_value=0.00084409535241951848 -0.0065571047036168499 -0.00054453535664750685 -0.00043197072607342344 -0.0053550225037794844 0.0025852317100782929 0.0003543934967044903 -0.00014426929398545437 0.0017553342573776627 -0.0050814713171954892 0.0031163101720800305 0.00042055172832778943 -0.004086768003911315 0.0053285453429756068 0.0012033899815287442
leaf_weight=850 28 765 589 39 19 23 97 69 24 58 556 94 39 60
leaf_count=850 28 765 589 39 19 23 97 69 24 58 556 94 39 60
internal_value=2.08708e-06 0.000245925 0.000537937 -0.00244442 -0.0020095 -0.00237024 -0.00182243 -0.000486488 -0.000682541 0.000133119 0.0006752 -0.00321372 0.0010511 0.00282845
internal_weight=3310 3010 2152 300 261 242 214 858 789 1203 614 117 949 99
internal_count=3310 3010 2152 300 261 242 214 858 789 1203 614 117 949 99
is_linear=0
shrinkage=0.05


Tree=38
num_leaves=15
num_cat=1
split_feature=3 3 0 4 3 4 3 3 4 5 6 7 7 2
split_gain=0.719659 0.241417 0.162363 0.195009 0.157755 0.145699 0.137934 0.139059 0.125648 0.124232 0.12007 0.115752 0.165253 0.141549
threshold=0.29828500000000008 0.54945500000000014 0 0.081830000000000014 0.11231000000000001 0.19362500000000002 0.14466000000000004 0.10472500000000003 0.091300000000000006 0.10010500000000001 0.13668000000000002 0.23325785714285716 0.23677071428571431 29.500000000000004
decision_type=2 2 1 2 2 2 2 2 2 2 2 2 2 2
left_child=2 10 3 6 -4 -6 7 -1 -5 -3 -2 -12 -13 -14
right_child=1 9 4 8 5 -7 -8 -9 -10 -11 11 12 13 -15
leaf_value=0.0033616708757714751 -0.0028568835663743534 -0.0084084899727410334 0.0012277620805844873 -0.0033703101181244061 -0.00058586893303777846 0.00043689946887380348 0.00088915524247568101 0.011345109790563584 0.00084913565378638527 -0.0030061090341831085 -0.0021064840186933781 0.0057029232213442983 -0.00017318667784712005 -0.0032164218062927493
leaf_weight=12.000000000000002 78 11.999999999999998 255 18 771 635 15.999999999999998 9.9999999999999982 891 94 121 10.999999999999998 343 43
leaf_count=12 78 12 255 18 771 635 16 10 891 94 121 11 343 43
internal_value=1.98273e-06 -0.00141905 0.000384485 0.00090275 8.30674e-05 -0.00012395 0.00442152 0.00699051 0.000765582 -0.0036177 -0.00102802 -0.000752629 -0.000339992 -0.0005122
internal_weight=3310 702 2608 947 1661 1406 38 22 909 106 596 518 397 386
internal_count=3310 702 2608 947 1661 1406 38 22 909 106 596 518 397 386
cat_boundaries=0 1
cat_threshold=204
is_linear=0
shrinkage=0.05


Tree=39
num_leaves=15
num_cat=1
split_feature=5 2 2 1 7 5 2 2 4 0 8 8 5 9
split_gain=0.238821 0.217441 0.508477 0.20174 0.151722 0.187034 0.174424 0.301302 0.16866 0.151074 0.319436 0.240485 0.142288 0.122299
threshold=0.10490500000000001 29.500000000000004 23.500000000000004 1.5000000000000002 0.29667642857142856 0.37064000000000002 9.5000000000000018 6.5000000000000009 0.52932500000000016 0 0.25275964285714286 0.22453232142857146 0.21922500000000003 0.11244753872961254
decision_type=2 2 2 2 2 2 2 2 2 1 2 2 2 2
left_child=-1 2 4 13 5 -2 7 12 -8 10 11 -7 -6 -4
right_child=1 -3 3 -5 6 9 8 -9 -10 -11 -12 -13 -14 -15
leaf_value=-0.0013216839431102003 0.00013391052125711622 -0.0010073780599318875 0.003626214954743369 0.0017124803967460572 0.0011024193143211528 0.0028197315775535317 0.00012001713022006837 -0.0041456647338224701 0.0062787437850298985 0.00021495239033053322 0.0017112837459173906 0.012864776586110778 -0.0015996745651575802 0.0084275106544650733
leaf_weight=309 1816 364 36 107 84 11.000000000000002 151 77 11.999999999999998 110 83 12.999999999999998 116 21
leaf_count=309 1816 364 36 107 84 11 151 77 12 110 83 13 116 21
internal_value=1.8836e-06 0.000138166 0.000296291 0.00299242 0.000117494 0.000299691 -0.000724336 -0.001488 0.00057342 0.00168705 0.00290851 0.0082608 -0.000464795 0.00539511
internal_weight=3310 3001 2637 164 2473 2033 440 277 163 217 107 24 200 57
internal_count=3310 3001 2637 164 2473 2033 440 277 163 217 107 24 200 57
cat_boundaries=0 1
cat_threshold=200
is_linear=0
shrinkage=0.05


Tree=40
num_leaves=15
num_cat=0
split_feature=3 3 9 7 5 5 3 2 2 2 8 8 5 3
split_gain=0.652257 0.258309 0.174925 0.147066 0.117902 0.113057 0.145183 0.122171 0.415205 0.201795 0.178515 0.166615 0.273516 0.204995
threshold=0.26835000000000003 0.47590500000000008 0.051827502087353934 0.20404857142857147 0.12182000000000001 0.10490500000000001 0.13281000000000001 29.500000000000004 17.500000000000004 7.5000000000000009 0.23555410714285718 0.22551375000000004 0.38826000000000005 0.20838500000000001
decision_type=2 2 2 2 2 2 2 2 2 2 2 2 2 2
left_child=2 3 -1 -2 -5 6 -4 8 9 10 11 -7 13 -13
right_child=1 -3 5 4 -6 7 -8 -9 -10 -11 -12 12 -14 -15
leaf_value=-0.00078190554340835667 -0.0024262404547900789 -0.0028480642312921733 0.0010326265486603435 -0.0026112896394416959 -0.0002040995058629821 0.0012363251530196863 -0.0016096853973926045 -0.00031016215186028536 0.0029530627673811276 -0.00019404335616327709 9.0975559736301866e-05 0.00087618851261636762 0.011506608091294765 0.0078226744662970304
leaf_weight=265 108 179 89 56 555 515 125 259 207 552 332 44 9.9999999999999982 13.999999999999998
leaf_count=265 108 179 89 56 555 515 125 259 207 552 332 44 10 14
internal_value=1.82188e-06 -0.00114849 0.000430089 -0.000725371 -0.000424726 0.000579683 -0.00051078 0.000700407 0.000856762 0.000560965 0.00101644 0.00154347 0.00386964 0.00255293
internal_weight=3310 898 2412 719 611 2147 214 1933 1674 1467 915 583 68 58
internal_count=3310 898 2412 719 611 2147 214 1933 1674 1467 915 583 68 58
is_linear=0
shrinkage=0.05


Tree=41
num_leaves=15
num_cat=2
split_feature=3 5 3 5 7 9 5 2 6 0 0 7 3 5
split_gain=0.597689 0.175642 0.17282 0.159115 0.124064 0.144121 0.152749 0.121823 0.119514 0.138118 0.122193 0.114914 0.112995 0.182731
threshold=0.3660250000000001 0.10010500000000001 0.19732500000000003 0.12104500000000001 0.23325785714285716 0.21240763022402986 0.13222500000000004 7.5000000000000009 0.13141500000000003 0 1 0.10552500000000002 0.47590500000000008 0.29086000000000006
decision_type=2 2 2 2 2 2 2 2 2 1 1 2 2 2
left_child=2 -2 8 7 -3 6 -6 -4 10 -10 11 -1 -8 -14
right_child=1 4 3 -5 5 -7 12 -9 9 -11 -12 -13 13 -15
leaf_value=0.0064836267102509745 -0.0056981203956874438 -0.0036283267882920925 0.0004667101863723917 4.2256105689141544e-06 0.0032225681818090382 -0.0043694702067202133 -0.00024637212756187504 -0.0028903822734719143 0.0015789799258965542 0.00043143131613736078 -0.00056356247071736004 0.00087659914279699801 -0.0039997938761106603 0.00018894126270572808
leaf_weight=9.9999999999999982 27 59 39 1166 22 31 155 88 422 735 341 106 66 43
leaf_count=10 27 59 39 1166 22 31 155 88 422 735 341 106 66 43
internal_value=1.73079e-06 -0.0018028 0.000251894 -0.000178828 -0.00152308 -0.00113125 -0.000780256 -0.00185946 0.000596952 0.00086736 -8.76469e-05 0.00125203 -0.00111382 -0.00234736
internal_weight=3310 403 2907 1293 376 317 286 127 1614 1157 457 116 264 109
internal_count=3310 403 2907 1293 376 317 286 127 1614 1157 457 116 264 109
cat_boundaries=0 1 2
cat_threshold=202 260
is_linear=0
shrinkage=0.05


Tree=42
num_leaves=15
num_cat=0
split_feature=3 5 3 6 3 5 6 2 2 2 1 2 6 4
split_gain=0.541294 0.187363 0.141094 0.192237 0.122973 0.158597 0.116847 0.114396 0.1462 0.107145 0.102409 0.0935616 0.0933847 0.123633
threshold=0.33900000000000008 0.10010500000000001 0.17280000000000004 0.19789000000000004 0.64327000000000012 0.16005000000000003 0.30431500000000006 12.500000000000002 17.500000000000004 2.5000000000000004 2.5000000000000004 1.5000000000000002 0.13199500000000003 0.081830000000000014
decision_type=2 2 2 2 2 2 2 2 2 2 2 2 2 2
left_child=2 -2 10 -4 6 -6 7 9 -9 -3 12 -8 13 -1
right_child=1 4 3 -5 5 -7 11 8 -10 -11 -12 -13 -14 -15
leaf_value=0.0021759383692896289 -0.0051269091165843696 -9.4688722830531865e-05 -0.00063504872018766703 0.00046888639965067839 0.00066201022709719845 -0.0052721966293527087 0.0046855740735984664 0.0040678406462949868 -0.0010873861452031029 -0.0029863710105052666 0.0011408399663337758 -0.0001394042246453143 0.00074006660399486709 -0.00089707747613567215
leaf_weight=38 34 42 741 843 15.999999999999998 38 10.999999999999998 17 72 135 591 116 380 236
leaf_count=38 34 42 741 843 16 38 11 17 72 135 591 116 380 236
internal_value=1.86282e-06 -0.0015488 0.000265513 -4.75378e-05 -0.00127664 -0.00351391 -0.000969224 -0.00156495 -0.00010268 -0.00230021 0.000663805 0.000278507 0.000232723 -0.000470893
internal_weight=3310 481 2829 1584 447 54 393 266 89 177 1245 127 654 274
internal_count=3310 481 2829 1584 447 54 393 266 89 177 1245 127 654 274
is_linear=0
shrinkage=0.05


Tree=43
num_leaves=15
num_cat=0
split_feature=3 3 9 8 2 2 6 1 4 8 4 1 8 5
split_gain=0.498942 0.193348 0.152646 0.108399 0.115669 0.172325 0.13303 0.130607 0.145715 0.113419 0.113651 0.112625 0.163312 0.0967846
threshold=0.26835000000000003 0.54945500000000014 0.051827502087353934 0.19361357142857147 29.500000000000004 22.500000000000004 0.33862000000000009 2.5000000000000004 0.29070500000000005 0.25956767857142865 0.14928000000000005 3.5000000000000004 0.20208946428571431 0.10010500000000001
decision_type=2 2 2 2 2 2 2 2 2 2 2 2 2 2
left_child=2 3 -1 -2 5 6 11 8 -7 10 -8 -5 -13 -3
right_child=1 13 -4 4 -6 7 9 -9 -10 -11 -12 12 -14 -15
leaf_value=-0.00075584661328115168 -0.0023298876424149135 -0.007238326485579212 0.00051608092270343528 -0.0017932015470263378 -0.0024645891933713741 0.0086540181941997529 0.0035124856838956477 0.0003083075644492449 0.0010133685815768938 0.0019873189025383909 -0.0025512924748267432 0.0042359801229873767 -0.00060964596486173393 -0.002469939496021401
leaf_weight=265 94 11.999999999999998 2147 219 69 13.000000000000002 9.9999999999999982 37 11.999999999999998 80 34 19 205 94
leaf_count=265 94 12 2147 219 69 13 10 37 12 80 34 19 205 94
internal_value=1.76966e-06 -0.00100431 0.000376338 -0.000735902 -0.000521239 -0.000308058 -0.000581726 0.00219468 0.00498651 0.000865858 -0.00117316 -0.000986919 -0.000198633 -0.00300976
internal_weight=3310 898 2412 792 698 629 567 62 25 124 44 443 224 106
internal_count=3310 898 2412 792 698 629 567 62 25 124 44 443 224 106
is_linear=0
shrinkage=0.05


Tree=44
num_leaves=15
num_cat=1
split_feature=3 3 5 6 8 8 9 0 9 2 2 4 9 9
split_gain=0.454199 0.162962 0.140711 0.12063 0.148217 0.11995 0.119599 0.119205 0.110681 0.110497 0.125163 0.1746 0.124054 0.116338
threshold=0.40332000000000007 0.21121500000000001 0.12789500000000001 0.13141500000000003 0.18616589285714288 0.19957857142857144 0.21240763022402986 0 0.11358519172385824 27.500000000000004 9.5000000000000018 0.23395500000000002 0.14418603483749154 0.1617134185477907
decision_type=2 2 2 2 2 2 2 1 2 2 2 2 2 2
left_child=1 3 -3 -1 -5 8 9 -7 -6 10 13 12 -12 -2
right_child=6 2 -4 4 5 7 -8 -9 -10 -11 11 -13 -14 -15
leaf_value=-0.00018529896534887568 -0.0028597238417834518 -0.0017261505169504931 -6.4788615503700542e-05 -0.00014182998233811542 0.0017665940191240596 0.0014236216254922744 -0.0047943882704261816 0.00021093856666237656 0.0054913980187848216 -0.004178841130530654 0.00014851751704554774 0.0019205001179943794 -0.0051346742419991643 0.0010599212172129901
leaf_weight=489 107 145 1053 354 118 404 31 423 24 34 25 60 20 23
leaf_count=489 107 145 1053 354 118 404 31 423 24 34 25 60 20 23
internal_value=1.68118e-06 0.000186589 -0.000265872 0.000485733 0.000733756 0.00105363 -0.00185356 0.000823115 0.00239614 -0.00151466 -0.0011292 0.000154757 -0.00219957 -0.00216625
internal_weight=3310 3010 1198 1812 1323 969 300 827 142 269 235 105 45 130
internal_count=3310 3010 1198 1812 1323 969 300 827 142 269 235 105 45 130
cat_boundaries=0 1
cat_threshold=394
is_linear=0
shrinkage=0.05


Tree=45
num_leaves=15
num_cat=1
split_feature=3 6 5 0 4 2 2 8 5 6 2 2 2 2
split_gain=0.415163 0.153742 0.120416 0.123691 0.12234 0.109764 0.12555 0.118682 0.191666 0.124016 0.116692 0.107761 0.101166 0.335084
threshold=0.30630000000000007 0.13837000000000002 0.11370500000000001 0 0.06653000000000002 29.500000000000004 23.500000000000004 0.28816107142857145 0.16005000000000003 0.29778500000000002 3.5000000000000004 4.5000000000000009 29.500000000000004 23.500000000000004
decision_type=2 2 2 1 2 2 2 2 2 2 2 2 2 2
left_child=2 -2 4 -4 -1 6 7 10 -9 -10 -3 -11 13 -5
right_child=1 5 3 12 -6 -7 -8 8 9 11 -12 -13 -14 -15
leaf_value=0.0032834814959450775 -0.0030011231756593877 0.00036094645431895074 -0.00025579987571330533 0.00056697588632705943 -0.00084865212587474377 -0.0027126899056845524 0.0022053439141784207 0.0055915992939844731 -0.0018924884249231424 -0.0021876093291211874 -0.0018674826151896817 0.0025898860283713378 -0.00036605852614903943 0.003646845227473371
leaf_weight=19 94 78 542 1460 313 67 38 15.999999999999998 58 15.999999999999998 238 45 232 94
leaf_count=19 94 78 542 1460 313 67 38 16 58 16 238 45 232 94
internal_value=1.84404e-06 -0.00113095 0.000278654 0.000405696 -0.000612175 -0.000814766 -0.000554723 -0.000787279 0.000453662 -0.000237153 -0.00131743 0.00133677 0.000604489 0.000753274
internal_weight=3310 650 2660 2328 332 556 489 451 135 119 316 61 1786 1554
internal_count=3310 650 2660 2328 332 556 489 451 135 119 316 61 1786 1554
cat_boundaries=0 1
cat_threshold=544
is_linear=0
shrinkage=0.05


Tree=46
num_leaves=15
num_cat=1
split_feature=3 3 0 9 8 2 8 9 8 5 5 5 1 2
split_gain=0.384986 0.151222 0.140759 0.129412 0.507734 0.330243 0.247409 0.176823 0.128672 0.128628 0.103241 0.103081 0.0923275 0.1536
threshold=0.4203400000000001 0.18409000000000003 0 0.1461891399693698 0.3050325000000001 5.5000000000000009 0.33214285714285724 0.087381450400633651 0.36282750000000002 0.10490500000000001 0.34273000000000003 0.10010500000000001 5.5000000000000009 7.5000000000000009
decision_type=2 2 1 2 2 2 2 2 2 2 2 2 2 2
left_child=1 2 3 7 5 -5 -6 -1 11 -3 -8 -2 -11 -14
right_child=8 9 -4 4 6 -7 10 -9 -10 12 -12 -13 13 -15
leaf_value=0.0072479777596890921 -0.0048289282289756975 -0.0018110175975724252 0.00032828125501315039 0.016235706172883505 -0.0038123502908274532 0.0046529019309673458 0.00759765147231519 0.00031127568153536722 -0.006330628270904224 -0.00023338107138501545 0.00094588986997093481 -0.001243674580203019 0.0021748784975732078 -0.00020259307221935906
leaf_weight=9.9999999999999982 22 111 1222 10.000000000000002 20 15.999999999999998 10.000000000000002 113 14.999999999999998 1240 13.999999999999998 226 115 166
leaf_count=10 22 111 1222 10 20 16 10 113 15 1240 14 226 115 166
internal_value=1.7132e-06 0.000160137 0.000538425 0.00176074 0.00356822 0.00910783 0.000294817 0.000875235 -0.00183371 -0.000167852 0.00371746 -0.00156172 -4.79369e-05 0.000770394
internal_weight=3310 3047 1415 193 70 26 44 123 263 1632 24 248 1521 281
internal_count=3310 3047 1415 193 70 26 44 123 263 1632 24 248 1521 281
cat_boundaries=0 1
cat_threshold=136
is_linear=0
shrinkage=0.05


Tree=47
num_leaves=15
num_cat=0
split_feature=3 3 9 5 8 8 8 7 1 1 1 8 2 8
split_gain=0.355849 0.151353 0.127566 0.113766 0.105272 0.126784 0.113755 0.251886 0.107326 0.0926792 0.221661 0.176573 0.151341 0.0969749
threshold=0.26835000000000003 0.72848500000000016 0.051827502087353934 0.25053000000000009 0.32041321428571429 0.36282750000000002 0.33616607142857147 0.38350071428571436 3.5000000000000004 1.0000000180025095e-35 2.5000000000000004 0.15070053571428574 6.5000000000000009 0.34571517857142864
decision_type=2 2 2 2 2 2 2 2 2 2 2 2 2 2
left_child=2 4 -1 -3 8 6 -6 -8 -2 12 11 -11 -4 -13
right_child=1 3 9 -5 5 -7 7 -9 -10 10 -12 13 -14 -15
leaf_value=-0.0007169983221628739 -0.0015687991093686769 -0.0059871482740466797 0.0028158917720768673 0.00036045228946022688 3.0541165499016643e-05 -0.0021492824703454971 0.010044222824614157 0.0011146939484336013 -0.00036721662868773985 0.0053933441674766632 0.00074478907882949213 -0.00058163115554473745 0.00043139254474304023 0.0032417947672964895
leaf_weight=265 355 24 103 9.9999999999999982 50 30 10.999999999999998 28 390 12.999999999999998 1148 678 188 17
leaf_count=265 355 24 103 10 50 30 11 28 390 13 1148 678 188 17
internal_value=1.67712e-06 -0.000847972 0.000318006 -0.00412021 -0.000719203 0.000661735 0.00160927 0.00363328 -0.000939783 0.000445754 0.000315677 -0.000380116 0.00127539 -0.000488109
internal_weight=3310 898 2412 34 864 119 89 39 745 2147 1856 708 291 695
internal_count=3310 898 2412 34 864 119 89 39 745 2147 1856 708 291 695
is_linear=0
shrinkage=0.05


Tree=48
num_leaves=15
num_cat=1
split_feature=3 3 6 7 0 5 7 6 9 1 2 2 2 1
split_gain=0.327024 0.127097 0.166226 0.165782 0.14205 0.151201 0.175874 0.122112 0.0982094 0.0951303 0.162723 0.209783 0.391675 0.126779
threshold=0.40332000000000007 0.11385000000000002 0.14545500000000003 0.12052214285714287 0 0.38826000000000005 0.29404428571428576 0.42052500000000009 0.21240763022402986 1.0000000180025095e-35 3.5000000000000004 23.500000000000004 29.500000000000004 4.5000000000000009
decision_type=2 2 2 2 1 2 2 2 2 2 2 2 2 2
left_child=1 -1 3 -3 7 9 -7 -4 -2 10 -6 -12 -13 -11
right_child=8 2 4 -5 5 6 -8 -9 -10 13 11 12 -14 -15
leaf_value=0.0010184327639724368 -0.001265528973499893 0.0036138082168525386 -0.00038576770027714912 -0.00080111910973075257 0.0045184521430305076 0.0028456944679729297 -0.000794331942663782 0.0028160386039094341 -0.0042375389186124655 -0.00024427567570607824 -0.00049912102807026643 0.011222063039895147 -0.0010881367301668174 0.001060273918063523
leaf_weight=376 269 22 756 635 35 135 44 31 31 586 91 12 14 273
leaf_count=376 269 22 756 635 35 135 44 31 31 586 91 12 14 273
internal_value=1.59327e-06 0.000158493 3.5738e-05 -0.000653283 0.000264715 0.000606403 0.00195094 -0.00025639 -0.00157264 0.000374348 0.00152735 0.000632571 0.00459349 0.000170325
internal_weight=3310 3010 2634 657 1977 1190 179 787 300 1011 152 117 26 859
internal_count=3310 3010 2634 657 1977 1190 179 787 300 1011 152 117 26 859
cat_boundaries=0 1
cat_threshold=804
is_linear=0
shrinkage=0.05


Tree=49
num_leaves=15
num_cat=0
split_feature=3 3 9 7 2 2 6 4 9 2 7 3 3 4
split_gain=0.300636 0.129209 0.111279 0.101347 0.0997708 0.151537 0.117718 0.107898 0.100561 0.0977182 0.0973557 0.136826 0.0895353 0.0855084
threshold=0.26835000000000003 0.72848500000000016 0.051827502087353934 0.20225500000000002 29.500000000000004 23.500000000000004 0.30431500000000006 0.29070500000000005 0.12111238979066913 2.5000000000000004 0.36375071428571432 0.51959000000000011 0.087885000000000019 0.12963500000000003
decision_type=2 2 2 2 2 2 2 2 2 2 2 2 2 2
left_child=2 3 12 -2 5 6 9 8 -7 -5 11 -8 -1 -11
right_child=1 -3 -4 4 -6 7 10 -9 -10 13 -12 -13 -14 -15
leaf_value=0.0035456052826096617 -0.0021008367293348937 -0.0038028434918755123 0.00041158268242003337 0.00057843461012655297 -0.0021037797966727808 0.0017986259364988653 0.00065112352874130018 -3.0641247518360619e-05 0.007939500260787706 -0.0039166369209332128 0.003230614160808424 -0.0042596392042469232 -0.00087456639005762088 -0.0010400571353637428
leaf_weight=11.999999999999998 107 34 2147 90 82 15.000000000000002 125 25 11.999999999999998 28 30 15.999999999999998 253 334
leaf_count=12 107 34 2147 90 82 15 125 25 12 28 30 16 253 334
internal_value=1.5136e-06 -0.000779443 0.000292268 -0.000660467 -0.000456874 -0.000256806 -0.000473244 0.0023363 0.0045279 -0.000895986 0.000644179 9.38739e-05 -0.000674408 -0.00126256
internal_weight=3310 898 2412 864 757 675 623 52 27 452 171 141 265 362
internal_count=3310 898 2412 864 757 675 623 52 27 452 171 141 265 362
is_linear=0
shrinkage=0.05


Tree=50
num_leaves=15
num_cat=1
split_feature=3 5 3 6 0 7 4 9 9 6 5 6 4 4
split_gain=0.279086 0.108654 0.119094 0.105499 0.0984199 0.0955276 0.185738 0.0979729 0.107266 0.159293 0.106308 0.0923226 0.103576 0.084745
threshold=0.3660250000000001 0.11370500000000001 0.10717500000000001 0.13668000000000002 0 0.23325785714285716 0.13307000000000005 0.21240763022402986 0.15604385069273 0.18560500000000005 0.29086000000000006 0.23550500000000005 0.66734000000000016 0.06653000000000002
decision_type=2 2 2 2 1 2 2 2 2 2 2 2 2 2
left_child=1 13 -3 -2 -4 -5 -7 8 -8 -10 -11 -6 -13 -1
right_child=3 2 4 5 11 6 7 -9 9 10 -12 12 -14 -15
leaf_value=0.0024304953669863089 -0.0032248083221514991 0.0013318423946069432 -0.00042428180479295389 -0.0027939065575732719 6.2885365704336692e-05 0.0058345425027337946 -0.001124169222717644 -0.0039153858128449194 0.0059459272988273632 -0.0012882485893475483 0.0039007730495471227 0.00087565337579757231 -0.0040146264162930576 -0.00084468863735627931
leaf_weight=21 57 246 523 56 1083 10.999999999999998 188 23 13.999999999999998 41 12.999999999999998 691 10.999999999999998 332
leaf_count=21 57 246 523 56 1083 11 188 23 14 41 13 691 11 332
internal_value=1.43792e-06 0.000172382 0.000286026 -0.00123165 0.000174557 -0.0009033 -0.000538217 -0.000789473 -0.000508629 0.00119316 -3.90397e-05 0.000350429 0.000799025 -0.000649848
internal_weight=3310 2907 2554 403 2308 346 290 279 256 68 54 1785 702 353
internal_count=3310 2907 2554 403 2308 346 290 279 256 68 54 1785 702 353
cat_boundaries=0 1
cat_threshold=544
is_linear=0
shrinkage=0.05


Tree=51
num_leaves=15
num_cat=0
split_feature=3 6 2 2 6 9 9 2 6 4 9 2 3 5
split_gain=0.259598 0.135084 0.110966 0.183648 0.118572 0.156135 0.121176 0.110796 0.124731 0.184543 0.167167 0.1385 0.131926 0.126557
threshold=0.24746000000000004 0.13668000000000002 29.500000000000004 12.500000000000002 0.40230500000000008 0.14834069512603251 0.14733047490367804 7.5000000000000009 0.32386000000000009 0.44322500000000004 0.11244753872961254 4.5000000000000009 0.13603000000000001 0.31087000000000004
decision_type=2 2 2 2 2 2 2 2 2 2 2 2 2 2
left_child=7 -2 3 -3 5 -5 -6 8 -1 10 11 -10 -12 -14
right_child=1 2 -4 4 6 -7 -8 -9 9 -11 12 -13 13 -15
leaf_value=0.00049228184113078689 -0.002039429299306872 -0.00069094662058386577 -0.0019679407523011941 0.00087605300967256528 0.0015107584048939101 0.004956472207171222 -0.0041677746411767748 -3.2662203052842304e-06 -0.0012655916969379179 -0.0032351361587643623 0.00026776950651158886 0.0050331777485553182 0.0077184586188135049 0.0027886945025428485
leaf_weight=857 147 601 102 178 17 27 21 1234 32 13.999999999999998 14.999999999999998 11.999999999999998 30 23
leaf_count=857 147 601 102 178 17 27 21 1234 32 14 15 12 30 23
internal_value=1.30194e-06 -0.000629335 -0.000410219 -0.000221963 0.00093795 0.00141347 -0.00162738 0.000312211 0.000708243 0.00217712 0.00285366 0.000452255 0.0044075 0.00557913
internal_weight=3310 1093 946 844 243 205 38 2217 983 126 112 44 68 53
internal_count=3310 1093 946 844 243 205 38 2217 983 126 112 44 68 53
is_linear=0
shrinkage=0.05


Tree=52
num_leaves=15
num_cat=1
split_feature=3 3 5 3 0 1 9 7 8 1 7 8 8 7
split_gain=0.247354 0.117472 0.149605 0.114362 0.108061 0.142306 0.200353 0.179087 0.20102 0.178276 0.148601 0.138517 0.205103 0.337521
threshold=0.45795500000000006 0.15956000000000004 0.10490500000000001 0.15880000000000002 0 4.5000000000000009 0.15334723580260848 0.18035214285714288 0.20922232142857147 1.0000000180025095e-35 0.36794142857142864 0.33616607142857147 0.36282750000000002 0.35531071428571431
decision_type=2 2 2 2 1 2 2 2 2 2 2 2 2 2
left_child=1 3 -3 -1 5 9 7 8 -7 10 -4 -11 13 -13
right_child=-2 2 4 -5 -6 6 -8 -9 -10 11 -12 12 -14 -15
leaf_value=0.00048411967969487718 -0.0016897421042974513 -0.0016560880638205383 0.0010139606048012086 0.0052031177382629648 -0.00037236651819906369 0.0025146815188539524 -0.00096844544934032305 0.0014130364858247644 0.01023461576551199 -0.0007077453051197041 0.0066024117923986457 0.011262940545566378 -0.0014125880957378642 1.2587762127319973e-05
leaf_weight=1035 203 145 140 12.999999999999998 936 24 73 183 12.999999999999998 482 12.999999999999998 12.000000000000002 23 14.999999999999998
leaf_count=1035 203 145 140 13 936 24 73 183 13 482 13 12 23 15
internal_value=1.23684e-06 0.000111719 -0.000107622 0.000542657 9.68651e-06 0.000375302 0.00130134 0.00205449 0.00522709 -1.5318e-05 0.0014888 -0.000447892 0.00205709 0.00501274
internal_weight=3310 3107 2059 1048 1914 978 293 220 37 685 153 532 50 27
internal_count=3310 3107 2059 1048 1914 978 293 220 37 685 153 532 50 27
cat_boundaries=0 1
cat_threshold=203
is_linear=0
shrinkage=0.05


Tree=53
num_leaves=15
num_cat=1
split_feature=3 8 2 2 4 9 9 1 2 0 3 2 2 3
split_gain=0.226096 0.100886 0.0989802 0.417076 0.210842 0.273028 0.182942 0.138183 0.151929 0.18348 0.207728 0.146021 0.149247 0.177026
threshold=0.4203400000000001 0.36282750000000002 29.500000000000004 23.500000000000004 0.20301500000000003 0.11002864724066937 0.21066005076354857 3.5000000000000004 3.5000000000000004 0 0.12726000000000001 4.5000000000000009 7.5000000000000009 0.10318000000000001
decision_type=2 2 2 2 2 2 2 2 2 1 2 2 2 2
left_child=2 -2 3 7 5 -5 -4 -1 9 10 -9 -10 -13 -14
right_child=1 -3 6 4 -6 -7 -8 8 11 -11 -12 12 13 -15
leaf_value=-0.00024214371315342556 -0.0011646101290792895 -0.0053873336811860401 -0.00088163728098534047 0.0027918131888836181 0.00081836960774013935 0.0094305091493186513 0.0051610946941834232 0.0089595674595329914 -0.0018482885375283886 0.0003632503950124215 0.0024356999778262292 0.0015579529695857602 0.0039527495463307092 -0.00028169438130799801
leaf_weight=1466 248 14.999999999999998 343 59 73 21 12.999999999999998 13.999999999999998 82 173 95 195 26 487
leaf_count=1466 248 15 343 59 73 21 13 14 82 173 95 195 26 487
internal_value=1.11875e-06 -0.00140545 0.000122526 0.000226178 0.00276143 0.00453447 -0.000660976 7.33432e-05 0.000504783 0.00150106 0.00299853 0.000149149 0.00038049 -6.70832e-05
internal_weight=3310 263 3047 2691 153 80 356 2538 1072 282 109 790 708 513
internal_count=3310 263 3047 2691 153 80 356 2538 1072 282 109 790 708 513
cat_boundaries=0 1
cat_threshold=195
is_linear=0
shrinkage=0.05


Tree=54
num_leaves=15
num_cat=1
split_feature=3 6 9 1 1 8 2 3 2 3 4 9 4 0
split_gain=0.211839 0.117753 0.0873279 0.0824956 0.16321 0.155325 0.121476 0.0825204 0.104146 0.101599 0.117109 0.115561 0.0905388 0.0871937
threshold=0.29405500000000001 0.13668000000000002 0.051827502087353934 2.5000000000000004 1.0000000180025095e-35 0.15070053571428574 3.5000000000000004 0.16031500000000001 1.0000000180025095e-35 0.15581500000000001 0.39707000000000009 0.09459919238176652 0.22121000000000005 0
decision_type=2 2 2 2 2 2 2 2 2 2 2 2 2 1
left_child=2 -2 -1 4 6 -6 -4 9 12 10 -5 -11 -9 -10
right_child=1 -3 3 7 5 -7 -8 8 13 11 -12 -13 -14 -15
leaf_value=-0.00063042512444361209 -0.0023365850120063611 -0.00049696725345856519 0.0025865822188213964 0.001178741555944877 0.0050037217666753214 -0.0005099563178621499 0.00035515058616115508 -0.0062730325131931074 -0.00025168699040516862 0.00023521196562796833 -0.0021782544034067543 0.0063531061340319486 -0.00021129656940632103 0.00080718861160032792
leaf_weight=274 101 627 83 360 12.999999999999998 732 230 11.000000000000002 316 12.999999999999998 28 19 13.999999999999998 489
leaf_count=274 101 627 83 360 13 732 230 11 316 13 28 19 14 489
internal_value=1.11768e-06 -0.000752189 0.000213514 0.000313704 -1.1218e-05 -0.000413744 0.000946872 0.000588719 0.00029973 0.00115982 0.000936484 0.00386771 -0.00287846 0.000398431
internal_weight=3310 728 2582 2308 1058 745 313 1250 830 420 388 32 25 805
internal_count=3310 728 2582 2308 1058 745 313 1250 830 420 388 32 25 805
cat_boundaries=0 1
cat_threshold=308
is_linear=0
shrinkage=0.05


Tree=55
num_leaves=15
num_cat=1
split_feature=2 2 1 9 7 1 2 2 0 4 7 6 2 2
split_gain=0.136459 0.372593 0.160577 0.183874 0.157155 0.130928 0.149889 0.166936 0.122072 0.150705 0.142867 0.111524 0.101937 0.137775
threshold=29.500000000000004 23.500000000000004 1.0000000180025095e-35 0.11244753872961254 0.14751928571428571 3.5000000000000004 3.5000000000000004 4.5000000000000009 0 0.22663000000000003 0.16260714285714287 0.32386000000000009 7.5000000000000009 9.5000000000000018
decision_type=2 2 2 2 2 2 2 2 1 2 2 2 2 2
left_child=1 5 3 -3 -4 11 8 -8 9 10 -7 -1 -9 -14
right_child=-2 2 4 -5 -6 6 7 12 -10 -11 -12 -13 13 -15
leaf_value=-0.0004821274228486863 -0.00087730285607857451 0.0027312986928001532 0.0065146735434730846 0.01085432574830272 0.0010984422039146012 0.0017354334118189635 -0.0019943588776772637 0.0011933558873451231 0.00040470890066659961 0.00090648232588260358 0.0066071293515372366 0.0008018415738760094 -0.0014368326014248722 0.00036402242299201054
leaf_weight=1367 390 19.000000000000004 14.999999999999998 10.999999999999998 125 27 90 220 180 59 34 193 140 440
leaf_count=1367 390 19 15 11 125 27 90 220 180 59 34 193 140 440
internal_value=1.14571e-06 0.000118473 0.0023901 0.00570974 0.00167875 -2.19554e-05 0.000373055 4.72576e-05 0.00133959 0.00249986 0.0044508 -0.000323277 0.000276939 -7.06667e-05
internal_weight=3310 2920 170 30 140 2750 1190 890 300 120 61 1560 800 580
internal_count=3310 2920 170 30 140 2750 1190 890 300 120 61 1560 800 580
cat_boundaries=0 1
cat_threshold=195
is_linear=0
shrinkage=0.05


Tree=56
num_leaves=15
num_cat=0
split_feature=3 5 9 8 6 3 9 3 1 4 3 3 9 9
split_gain=0.197163 0.113517 0.0914709 0.141516 0.163565 0.135354 0.325373 0.104428 0.0986398 0.108987 0.104095 0.134523 0.0813022 0.145643
threshold=0.24746000000000004 0.098730000000000012 0.093092377003616958 0.20704321428571429 0.13272500000000001 0.22074500000000005 0.11825290410871524 0.20767500000000003 1.0000000180025095e-35 0.44322500000000004 0.18409000000000003 0.16428500000000004 0.21240763022402986 0.20136473686538495
decision_type=2 2 2 2 2 2 2 2 2 2 2 2 2 2
left_child=2 -2 -1 5 -5 7 -7 -4 9 10 11 -6 13 -3
right_child=1 12 3 4 8 6 -8 -9 -10 -11 -12 -13 -14 -15
leaf_value=-6.2828884132983855e-05 -0.0027009596471104708 -0.00041987201205010143 0.0014841619585659208 -0.001214133131697083 0.0026203186442476829 0.010903585818596183 -0.0010016433047977363 -0.0023598549250317246 0.00033808651256068582 -0.00091592021717588077 0.00092914762507591937 0.0086230605042406493 -0.0023947269953787328 0.0036945456935262144
leaf_weight=1062 58 963 252 155 28 12.000000000000002 10.999999999999998 19 605 24 35 13.999999999999998 50 22
leaf_count=1062 58 963 252 155 28 12 11 19 605 24 35 14 50 22
internal_value=1.14956e-06 -0.000548444 0.000272104 0.000580068 0.000256657 0.0015272 0.00520978 0.00121466 0.000579564 0.00202604 0.00294301 0.00462123 -0.000427819 -0.000327976
internal_weight=3310 1093 2217 1155 861 294 23 271 706 101 77 42 1035 985
internal_count=3310 1093 2217 1155 861 294 23 271 706 101 77 42 1035 985
is_linear=0
shrinkage=0.05


Tree=57
num_leaves=15
num_cat=1
split_feature=3 3 6 7 0 5 9 6 1 6 2 6 5 9
split_gain=0.184693 0.0932001 0.1131 0.132063 0.115799 0.153785 0.110708 0.143159 0.111234 0.142477 0.128339 0.118773 0.119588 0.133521
threshold=0.47590500000000008 0.11385000000000002 0.14545500000000003 0.12052214285714287 0 0.71904500000000005 0.20402325450838918 0.32386000000000009 1.0000000180025095e-35 0.42963000000000007 13.500000000000002 0.44317500000000004 0.18199500000000005 0.15928379610224838
decision_type=2 2 2 2 1 2 2 2 2 2 2 2 2 2
left_child=1 -1 3 -3 5 -4 7 -6 9 10 -9 -10 -13 -14
right_child=-2 2 4 -5 6 -7 -8 8 11 -11 -12 12 13 -15
leaf_value=0.00082881530413923181 -0.0015609622546328575 0.0032387951336039066 0.00074965273746771793 -0.00069963334357536593 -0.00019585992253991002 0.0070196018368005753 -0.0027693208436378176 0.0080231252436836539 -8.5197646909423915e-05 -1.6857439186424019e-05 0.0013476319145411253 -0.00069334214468571274 0.0052463925741095515 -0.0010478843287935226
leaf_weight=376 179 22 444 655 1285 9.9999999999999982 36 18.000000000000004 183 21 11.999999999999998 22 36 10.999999999999998
leaf_count=376 179 22 444 655 1285 10 36 18 183 21 12 22 36 11
internal_value=1.09208e-06 9.03951e-05 -1.03839e-05 -0.000571649 0.000172473 0.000868625 -2.73213e-05 3.46678e-05 0.00101232 0.00314184 0.00535293 0.000581344 0.00234913 0.00377326
internal_weight=3310 3131 2755 677 2078 454 1624 1588 303 51 30 252 69 47
internal_count=3310 3131 2755 677 2078 454 1624 1588 303 51 30 252 69 47
cat_boundaries=0 1
cat_threshold=192
is_linear=0
shrinkage=0.05


Tree=58
num_leaves=15
num_cat=0
split_feature=3 8 8 7 2 4 5 1 1 2 3 2 3 2
split_gain=0.174015 0.12714 0.0868235 0.0854913 0.102447 0.100917 0.0838775 0.0830868 0.130914 0.122493 0.11198 0.117903 0.0849023 0.143706
threshold=0.31948500000000007 0.19361357142857147 0.1987508928571429 0.23325785714285716 2.5000000000000004 0.16649500000000003 0.16106500000000004 2.5000000000000004 1.0000000180025095e-35 3.5000000000000004 0.13727000000000003 17.500000000000004 0.10318000000000001 17.500000000000004
decision_type=2 2 2 2 2 2 2 2 2 2 2 2 2 2
left_child=7 -2 -3 -4 5 -5 -7 8 9 -1 -10 -12 13 -9
right_child=1 2 3 4 -6 6 -8 12 10 -11 11 -13 -14 -15
leaf_value=0.0022622409804375567 -0.0032551015217904935 0.0029482944430235555 -0.0024908679367619136 0.0057595424227077857 -0.0007589522849877256 0.0043835806999016893 -0.00052108804007903445 0.0010769636065864083 0.00018344247117533624 0.00013642164008096714 -0.0014442573984052114 0.00029917431292185366 0.00032380242474169037 0.0067888333462178714
leaf_weight=89 48 17 58 10.999999999999998 385 10.999999999999998 42 72 366 284 358 133 1423 12.999999999999998
leaf_count=89 48 17 58 11 385 11 42 72 366 284 358 133 1423 13
internal_value=1.03748e-06 -0.000792137 -0.000566522 -0.000684375 -0.00045102 0.00140139 0.000496862 0.000166741 -0.000138236 0.000643655 -0.000478546 -0.000972004 0.000415495 0.00195054
internal_weight=3310 572 524 507 449 64 53 2738 1230 373 857 491 1508 85
internal_count=3310 572 524 507 449 64 53 2738 1230 373 857 491 1508 85
is_linear=0
shrinkage=0.05


Tree=59
num_leaves=15
num_cat=1
split_feature=3 3 5 9 5 2 2 0 7 3 4 1 9 4
split_gain=0.161101 0.113235 0.183336 0.126145 0.103509 0.0876263 0.178658 0.108356 0.101255 0.0988459 0.0993118 0.172951 0.150004 0.117729
threshold=0.24130500000000002 0.23607000000000003 0.21835000000000002 0.10024295019274511 0.098730000000000012 9.5000000000000018 29.500000000000004 0 0.36375071428571432 0.48365000000000008 0.18591000000000005 3.5000000000000004 0.13879435976230542 0.17491500000000001
decision_type=2 2 2 2 2 2 2 1 2 2 2 2 2 2
left_child=1 -1 -3 -4 -2 9 7 -7 -9 10 11 -6 13 -13
right_child=4 2 3 -5 5 6 -8 8 -10 -11 -12 12 -14 -15
leaf_value=0.00019979348105040294 -0.0024620699447452004 -0.00018690697200197197 0.0027048789297363582 0.010057570212520659 -0.00091728482033229535 -0.00065198769260380951 -0.0017248241410457662 0.0007832915074975482 0.0036533095288489546 -0.0025731789191280876 -0.0010026105231259142 -7.1488698558823678e-05 0.0072654953656288296 0.0054055758545963235
leaf_weight=2100 62 28 14.000000000000002 9.9999999999999982 90 121 105 252 35 68 359 40 12.999999999999998 12.999999999999998
leaf_count=2100 62 28 14 10 90 121 105 252 35 68 359 40 13 13
internal_value=9.85606e-07 0.000256867 0.00256174 0.0057685 -0.000474538 -0.000362104 0.0001145 0.000587855 0.00109514 -0.000781483 -0.00054491 0.000508389 0.00245249 0.00127194
internal_weight=3310 2152 52 24 1158 1096 513 408 287 583 515 156 66 53
internal_count=3310 2152 52 24 1158 1096 513 408 287 583 515 156 66 53
cat_boundaries=0 1
cat_threshold=44
is_linear=0
shrinkage=0.05


Tree=60
num_leaves=15
num_cat=1
split_feature=3 8 2 2 4 9 2 2 4 6 1 3 1 0
split_gain=0.148045 0.0935965 0.104171 0.349927 0.184781 0.235821 0.114955 0.128882 0.171934 0.192585 0.11026 0.154758 0.143506 0.116715
threshold=0.4203400000000001 0.33616607142857147 29.500000000000004 23.500000000000004 0.20301500000000003 0.11002864724066937 7.5000000000000009 17.500000000000004 0.36548500000000006 0.25844000000000006 3.5000000000000004 0.25185500000000005 1.0000000180025095e-35 0
decision_type=2 2 2 2 2 2 2 2 2 2 2 2 2 1
left_child=1 2 3 6 5 -5 10 -8 -9 -10 11 12 -1 -12
right_child=-2 -3 -4 4 -6 -7 7 8 9 -11 13 -13 -14 -15
leaf_value=0.0016492697869393579 -0.0011373443622684316 0.0016522940783266057 -0.00077914993912383494 0.0025227813709673267 0.00062472563270213354 0.0086925784062172867 -0.00060864538208574227 0.00025866608826618175 0.0096022130201824651 0.00044300004762286944 1.7456992692689623e-05 -0.0014349089807001291 -0.00012767869877184626 0.0015052844963505847
leaf_weight=151 263 94 336 59 70 21 932 200 11.000000000000002 11.999999999999998 238 160 459 304
leaf_count=151 263 94 336 59 70 21 932 200 11 12 238 160 459 304
internal_value=8.37839e-07 9.90794e-05 4.96374e-05 0.000156046 0.00250079 0.00414235 1.34797e-05 -0.000350289 0.000729478 0.00482349 0.000333718 -5.08444e-05 0.000312189 0.000880053
internal_weight=3310 3047 2953 2617 150 80 2467 1155 223 23 1312 770 610 542
internal_count=3310 3047 2953 2617 150 80 2467 1155 223 23 1312 770 610 542
cat_boundaries=0 1
cat_threshold=816
is_linear=0
shrinkage=0.05


Tree=61
num_leaves=15
num_cat=0
split_feature=3 3 4 3 5 1 4 4 2 2 9 3 2 8
split_gain=0.137903 0.102877 0.170456 0.0952407 0.0934025 0.08306 0.0872167 0.0921931 0.0896807 0.161015 0.177152 0.143961 0.0877379 0.0869337
threshold=0.24130500000000002 0.23607000000000003 0.27337000000000006 0.72848500000000016 0.25053000000000009 3.5000000000000004 0.18673000000000003 0.19789000000000004 10.500000000000002 5.5000000000000009 0.13464469250551306 0.27046000000000009 2.5000000000000004 0.32041321428571429
decision_type=2 2 2 2 2 2 2 2 2 2 2 2 2 2
left_child=1 -1 -3 5 -5 13 8 -8 9 12 -11 -10 -7 -2
right_child=3 2 -4 4 -6 6 7 -9 11 10 -12 -13 -14 -15
leaf_value=0.00018336836273669005 -0.001029103278970499 0.00069710670320905356 0.0071510050346010505 -0.0047377352292339008 0.0010137922968715431 0.0026643143066321499 -0.0030731743617382432 -0.0001039138005733105 0.0044323108266465941 0.0012875988737990457 0.0089720470448567853 -0.0014503722165290338 -0.00144636408701815 0.00087939429555690906
leaf_weight=2100 487 38 13.999999999999998 24 9.9999999999999982 25 28 394 12.999999999999998 15.000000000000002 14.999999999999998 52 27 68
leaf_count=2100 487 38 14 24 10 25 28 394 13 15 15 52 27 68
internal_value=1.02597e-06 0.000237768 0.00243469 -0.000438931 -0.00304611 -0.000360066 6.44297e-05 -0.000300926 0.00111327 0.00221281 0.00512982 -0.000273836 0.000529924 -0.000795269
internal_weight=3310 2152 52 1158 34 1124 569 422 147 82 30 65 52 555
internal_count=3310 2152 52 1158 34 1124 569 422 147 82 30 65 52 555
is_linear=0
shrinkage=0.05


Tree=62
num_leaves=15
num_cat=0
split_feature=3 5 3 8 7 7 5 1 6 4 6 5 4 4
split_gain=0.12851 0.0798369 0.0866972 0.0808961 0.133186 0.205657 0.0958317 0.0926455 0.095572 0.0803917 0.105286 0.0766288 0.1519 0.124549
threshold=0.47590500000000008 0.11370500000000001 0.10717500000000001 0.33616607142857147 0.27566857142857148 0.23614428571428575 0.21307500000000004 5.5000000000000009 0.54074000000000011 0.06653000000000002 0.11905500000000001 0.37460000000000004 0.19958000000000001 0.36548500000000006
decision_type=2 2 2 2 2 2 2 2 2 2 2 2 2 2
left_child=1 9 -3 7 5 -5 -6 8 -4 10 -1 -9 -13 -14
right_child=-2 2 3 4 6 -7 -8 11 -10 -11 -12 12 13 -15
leaf_value=-0.0013267698464915151 -0.0013020123496870172 0.0010633768080494735 -5.933085048557967e-05 -0.001050692855973135 0.0036382716381922367 0.0076270782285266462 -0.00080754607434755602 0.00042580411592587969 -0.002294749789396111 -0.00079973791490411223 0.0057619589613750579 0.0069228476334371545 -0.0010383293715080825 0.0042565216465542711
leaf_weight=10.000000000000002 179 246 1975 11.000000000000002 15.999999999999998 18 50 338 49 346 10.999999999999998 13.999999999999998 29 18
leaf_count=10 179 246 1975 11 16 18 50 338 49 346 11 14 29 18
internal_value=9.74674e-07 7.54667e-05 0.000167468 7.99409e-05 0.00151121 0.00433551 0.000270228 2.38243e-05 -0.000113449 -0.000617426 0.00238637 0.000720169 0.00235124 0.000989486
internal_weight=3310 3131 2764 2518 95 29 66 2423 2024 367 21 399 61 47
internal_count=3310 3131 2764 2518 95 29 66 2423 2024 367 21 399 61 47
is_linear=0
shrinkage=0.05


Tree=63
num_leaves=15
num_cat=0
split_feature=3 3 5 9 6 7 9 9 7 9 6 5 5 4
split_gain=0.120373 0.0927783 0.158166 0.110405 0.0904976 0.0795591 0.0699037 0.101641 0.194324 0.0929501 0.074647 0.0741975 0.0859933 0.0654109
threshold=0.24130500000000002 0.23607000000000003 0.21835000000000002 0.10024295019274511 0.13668000000000002 0.24934642857142861 0.21240763022402986 0.20136473686538495 0.38350071428571436 0.25209895137710064 0.54074000000000011 0.40639500000000006 0.54074000000000011 0.17937500000000003
decision_type=2 2 2 2 2 2 2 2 2 2 2 2 2 2
left_child=1 13 5 -4 -2 -3 7 10 -9 -8 11 -6 -13 -1
right_child=4 2 3 -5 6 -7 9 8 -10 -11 -12 12 -14 -15
leaf_value=-0.00011234954049348422 -0.0015387182624960719 -0.0025527442456223064 0.0024208145149584321 0.0092994987615384172 -0.0003037931282816131 0.0028329709273142122 -0.0041055833061154077 0.0072595166687208848 -0.0013857059324016939 0.00049526187542237737 -0.002568164292835828 0.0020789207795834435 -0.001288537634536624 0.0004458042490329574
leaf_weight=1036 154 16.000000000000004 14.000000000000002 9.9999999999999982 804 11.999999999999998 26 13.000000000000002 12.999999999999998 19 33 70 26 1064
leaf_count=1036 154 16 14 10 804 12 26 13 13 19 33 70 26 1064
internal_value=9.25936e-07 0.00022211 0.00230843 0.00528693 -0.000410116 -0.000244581 -0.000237004 -0.000146629 0.00293691 -0.002163 -0.000232558 -0.000146919 0.0011669 0.000170448
internal_weight=3310 2152 52 24 1158 28 1004 959 26 45 933 900 96 2100
internal_count=3310 2152 52 24 1158 28 1004 959 26 45 933 900 96 2100
is_linear=0
shrinkage=0.05


Tree=64
num_leaves=15
num_cat=0
split_feature=3 1 4 3 8 8 8 2 2 4 1 9 1 2
split_gain=0.112634 0.0804262 0.239481 0.12701 0.0922581 0.100317 0.100374 0.0799429 0.302987 0.178589 0.154112 0.239658 0.0960345 0.11179
threshold=0.35662000000000005 5.5000000000000009 0.16114000000000003 0.78033500000000011 0.32041321428571429 0.36282750000000002 0.33985589285714296 29.500000000000004 23.500000000000004 0.11450500000000001 1.0000000180025095e-35 0.089899826086151699 2.5000000000000004 5.5000000000000009
decision_type=2 2 2 2 2 2 2 2 2 2 2 2 2 2
left_child=7 3 -3 4 -2 6 -6 8 12 -10 11 -11 13 -1
right_child=1 2 -4 -5 5 -7 -8 -9 9 10 -12 -13 -14 -15
leaf_value=0.00037025031072693407 -0.0014011310692827869 0.0074133908545429067 -0.00036715011436691774 -0.0058115728997758459 0.00022233815736047202 -0.0023768601546946327 0.0050030782490092171 -0.0006114436899917478 0.0080264115912051723 -0.0004086550953797995 0.0010699129026999511 0.0097259664043251957 0.00035666786227403485 -0.0006855229956740503
leaf_weight=407 239 10.999999999999998 98 13.999999999999998 31 19 17 336 12.999999999999998 10.000000000000002 107 13.999999999999998 1341 653
leaf_count=407 239 11 98 14 31 19 17 336 13 10 107 14 1341 653
internal_value=8.79639e-07 -0.000754968 0.000418042 -0.00115452 -0.000941457 0.000698276 0.00191552 0.00011343 0.000209131 0.00243681 0.00188212 0.00550321 7.55256e-05 -0.000280146
internal_weight=3310 429 109 320 306 67 48 2881 2545 144 131 24 2401 1060
internal_count=3310 429 109 320 306 67 48 2881 2545 144 131 24 2401 1060
is_linear=0
shrinkage=0.05


Tree=65
num_leaves=15
num_cat=0
split_feature=3 2 2 4 4 2 7 6 9 5 6 4 9 4
split_gain=0.108723 0.107094 0.221968 0.146423 0.115795 0.163837 0.188535 0.102393 0.0921513 0.109238 0.0745846 0.28448 0.208099 0.116891
threshold=0.21121500000000001 29.500000000000004 22.500000000000004 0.30248500000000006 0.37978500000000009 11.500000000000002 0.27011142857142861 0.089605000000000018 0.14733047490367804 0.19816500000000004 0.33058000000000004 0.12479000000000001 0.077725871833104143 0.12789500000000001
decision_type=2 2 2 2 2 2 2 2 2 2 2 2 2 2
left_child=-1 2 4 -4 7 8 -7 -2 -6 -10 13 -12 -13 -9
right_child=1 -3 3 -5 5 6 -8 10 9 -11 11 12 -14 -15
leaf_value=0.00026138696221728752 -0.0034265234569708508 -0.0014805103211272938 0.0032655548553275123 -0.00048919089749688283 0.0012954293287989191 -0.00095760597226520394 0.0068987720091605483 -0.0022136872892690143 0.0021549758547917009 -0.0028658680041702706 0.0078702256471539552 0.0055740584433078763 -0.00056804917801759746 -0.00044253700162193529
leaf_weight=1812 30 174 74 40 68 11.999999999999998 21 107 14.999999999999998 39 11.999999999999998 14.999999999999998 171 720
leaf_count=1812 30 174 74 40 68 12 21 107 15 39 12 15 171 720
internal_value=8.35654e-07 -0.000314331 -0.000161071 0.0019481 -0.000359787 0.000916309 0.00404191 -0.00054727 7.08605e-05 -0.00147119 -0.000462999 0.000408673 -7.27179e-05 -0.000671694
internal_weight=3310 1498 1324 114 1210 155 33 1055 122 54 1025 198 186 827
internal_count=3310 1498 1324 114 1210 155 33 1055 122 54 1025 198 186 827
is_linear=0
shrinkage=0.05


Tree=66
num_leaves=15
num_cat=1
split_feature=3 0 8 8 9 9 9 3 6 1 4 4 4 8
split_gain=0.100575 0.0713254 0.127676 0.175488 0.202874 0.156255 0.106295 0.0934593 0.107721 0.0909626 0.127796 0.115532 0.0921875 0.0782591
threshold=0.45795500000000006 0 0.24490535714285719 0.22046017857142861 0.08281546018527032 0.14699292742269573 0.084740406321296841 0.16316500000000003 0.32566000000000006 1.0000000180025095e-35 0.58221500000000004 0.19004000000000001 0.23072500000000004 0.23221375000000002
decision_type=2 1 2 2 2 2 2 2 2 2 2 2 2 2
left_child=1 2 3 -1 -5 -6 -4 13 -9 10 11 -8 -13 -3
right_child=-2 7 6 4 5 -7 9 8 -10 -11 -12 12 -14 -15
leaf_value=0.00032404806659244023 -0.0010774663277027736 0.00049614484964530996 -0.0036664111907348824 0.0095874029723927376 0.0013433277599453446 0.0065566907390294709 -0.00086631652957294138 -0.00051070989463505726 0.00084258698525012561 -0.00010478450601719184 -0.0033710336964577442 0.007830395293422044 0.0026450304935375854 -0.00093472234617999908
leaf_weight=189 203 775 19 9.9999999999999982 93 17 15.999999999999998 1179 168 480 9.9999999999999982 11.999999999999998 30 109
leaf_count=189 203 775 19 10 93 17 16 1179 168 480 10 12 30 109
internal_value=7.93875e-07 7.12434e-05 0.000450675 0.0012735 0.00276889 0.00214903 1.02044e-05 -7.94042e-05 -0.000341925 0.000137678 0.00184918 0.00274922 0.00412656 0.000319714
internal_weight=3310 3107 876 309 120 110 567 2231 1347 548 68 58 42 884
internal_count=3310 3107 876 309 120 110 567 2231 1347 548 68 58 42 884
cat_boundaries=0 1
cat_threshold=200
is_linear=0
shrinkage=0.05


Tree=67
num_leaves=15
num_cat=1
split_feature=3 8 5 7 7 9 2 2 4 9 7 3 1 0
split_gain=0.0939594 0.0766457 0.17364 0.180351 0.193142 0.0993925 0.0935035 0.26248 0.141341 0.149435 0.137938 0.0972537 0.108761 0.0940302
threshold=0.64327000000000012 0.33616607142857147 0.17143000000000003 0.27566857142857148 0.23614428571428575 0.21240763022402986 29.500000000000004 23.500000000000004 0.21520000000000003 0.10366401261554893 0.14751928571428571 0.15956000000000004 5.5000000000000009 0
decision_type=2 2 2 2 2 2 2 2 2 2 2 2 2 1
left_child=1 5 -3 4 -4 6 7 11 9 10 -9 -1 -13 -14
right_child=-2 2 3 -5 -6 -7 -8 8 -10 -11 -12 12 13 -15
leaf_value=0.00042646956777258184 -0.0019939908500889252 0.0067436233162879947 -0.0010386360343545673 -0.00073006439221263812 0.0071505857786784578 -0.0021369170934324049 -0.00073761369694385411 0.0069928042632950984 0.00030710505673072695 0.0061017693255053023 0.00082992672284420304 -0.00041012986078675369 -0.00045012202247038879 0.0013091410655007153
leaf_weight=888 58 12.999999999999998 12.000000000000002 73 18 54 354 10.999999999999998 66 32 52 1374 122 183
leaf_count=888 58 13 12 73 18 54 354 11 66 32 52 1374 122 183
internal_value=7.54178e-07 3.63308e-05 0.00129844 0.000611187 0.0038749 -1.03544e-05 2.69053e-05 0.000126113 0.00208449 0.0033193 0.00190598 3.28581e-06 -0.00022053 0.0006336
internal_weight=3310 3252 116 103 30 3136 3082 2728 161 95 63 2567 1679 305
internal_count=3310 3252 116 103 30 3136 3082 2728 161 95 63 2567 1679 305
cat_boundaries=0 1
cat_threshold=804
is_linear=0
shrinkage=0.05


Tree=68
num_leaves=15
num_cat=0
split_feature=3 7 7 5 4 7 9 9 4 9 2 2 6 9
split_gain=0.0903076 0.0873248 0.119847 0.0974301 0.0812347 0.0902502 0.0871625 0.11358 0.073663 0.0687473 0.0683799 0.294764 0.154574 0.120673
threshold=0.31948500000000007 0.23325785714285716 0.23746285714285717 0.10010500000000001 0.15080000000000002 0.25940285714285721 0.21240763022402986 0.19661505312140468 0.17299 0.051827502087353934 17.500000000000004 29.500000000000004 0.45335500000000001 0.10814830730875948
decision_type=2 2 2 2 2 2 2 2 2 2 2 2 2 2
left_child=9 -2 -3 -4 -5 -6 7 8 -7 -1 -11 12 13 -12
right_child=1 2 3 4 5 6 -8 -9 -10 10 11 -13 -14 -15
leaf_value=-0.00062210601839719206 -0.001896689861942101 0.0036072252318263055 -0.0031516573046364137 0.0018963047134457158 -0.002658508021739267 -0.0030145824753812383 -0.0028725976224190427 0.0046148768267952481 5.7329415758958673e-05 5.9212637530443762e-05 0.0013674360351811146 -0.00040407341048467969 -0.0042382966261357074 0.0036605163412224057
leaf_weight=280 102 19 31 40 42 21 28 12.999999999999998 276 1884 181 299 9.9999999999999982 84
leaf_count=280 102 19 31 40 42 21 28 13 276 1884 181 299 10 84
internal_value=8.46237e-07 -0.000570549 -0.000282749 -0.000446628 -0.000246971 -0.000472579 -0.000200955 4.03551e-05 -0.000159876 0.000120217 0.000204778 0.000682558 0.00186402 0.0020943
internal_weight=3310 572 470 451 420 380 338 310 297 2738 2458 574 275 265
internal_count=3310 572 470 451 420 380 338 310 297 2738 2458 574 275 265
is_linear=0
shrinkage=0.05


Tree=69
num_leaves=15
num_cat=1
split_feature=2 2 1 9 7 1 2 6 0 7 8 2 6 2
split_gain=0.0779991 0.218925 0.120406 0.131835 0.126316 0.0907088 0.1442 0.0857109 0.10924 0.130945 0.164347 0.162874 0.110017 0.156808
threshold=29.500000000000004 23.500000000000004 1.0000000180025095e-35 0.11244753872961254 0.14751928571428571 3.5000000000000004 1.0000000180025095e-35 0.30431500000000006 0 0.31009500000000007 0.20828250000000004 13.500000000000002 0.42963000000000007 6.5000000000000009
decision_type=2 2 2 2 2 2 2 2 1 2 2 2 2 2
left_child=1 5 3 -3 -4 7 -7 -1 -9 10 -10 12 13 -12
right_child=-2 2 4 -5 -6 6 -8 8 9 -11 11 -13 -14 -15
leaf_value=-0.00042852715789352491 -0.00066333642624951425 0.0021833662358212197 0.0055503581029673421 0.0090615332465280186 0.00069453770439140497 0.0045204086723970253 0.00023869228829709725 -0.0005382308554835617 -0.00062321600756452735 -0.0013846716889280028 0.0033542312309145931 -0.0012676756596192718 0.0018045416769669636 0.0096972301008032748
leaf_weight=1316 390 19.000000000000004 14.999999999999998 10.999999999999998 125 20 1170 115 30 28 20 12.999999999999998 19 19
leaf_count=1316 390 19 15 11 125 20 1170 115 30 28 20 13 19 19
internal_value=8.0392e-07 8.95076e-05 0.00183078 0.00470536 0.0012148 -1.8135e-05 0.000310654 -0.000268942 0.000591772 0.00152281 0.00247962 0.00379068 0.00492445 0.00644441
internal_weight=3310 2920 170 30 140 2750 1190 1560 244 129 101 71 58 39
internal_count=3310 2920 170 30 140 2750 1190 1560 244 129 101 71 58 39
cat_boundaries=0 1
cat_threshold=210
is_linear=0
shrinkage=0.05


Tree=70
num_leaves=15
num_cat=0
split_feature=3 6 2 2 1 7 8 5 1 6 5 5 5 5
split_gain=0.0853689 0.0912921 0.0891694 0.15376 0.0943935 0.0839427 0.0780874 0.0733018 0.0781355 0.223523 0.18158 0.124925 0.0941628 0.0790347
threshold=0.21121500000000001 0.076760000000000009 29.500000000000004 22.500000000000004 2.5000000000000004 0.32919714285714291 0.1826353571428572 0.54074000000000011 5.5000000000000009 0.47538000000000008 0.33838500000000005 0.27473000000000009 0.46506500000000001 0.16443000000000005
decision_type=2 2 2 2 2 2 2 2 2 2 2 2 2 2
left_child=-1 -2 3 6 5 -5 -3 8 12 10 13 -11 -8 -10
right_child=1 2 -4 4 -6 -7 7 -9 9 11 -12 -13 -14 -15
leaf_value=0.00023156051752276689 -0.0037223908363988529 -0.0014589320294049446 -0.0012975730914850025 0.0063949063027394009 0.00056278708248606163 0.0017919212082723299 -0.00032636593897460088 -0.0022803598071301457 0.0018816106952726842 0.0097826065728440839 0.0030692244544192112 0.0020609869854524734 0.0034329978803939679 -0.0013104231727291084
leaf_weight=1812 19 122 174 15.999999999999998 72 26 825 38 24 10.000000000000002 43 10.999999999999998 17 101
leaf_count=1812 19 122 174 16 72 26 825 38 24 10 43 11 17 101
internal_value=6.8242e-07 -0.000278591 -0.00023435 -9.25867e-05 0.00166166 0.00354544 -0.000260499 -0.000123728 -4.424e-05 0.000874495 0.000266563 0.00573795 -0.000250464 -0.000697553
internal_weight=3310 1498 1479 1305 114 42 1191 1069 1031 189 168 21 842 125
internal_count=3310 1498 1479 1305 114 42 1191 1069 1031 189 168 21 842 125
is_linear=0
shrinkage=0.05


Tree=71
num_leaves=15
num_cat=0
split_feature=3 5 5 2 4 3 8 4 3 8 4 4 6 6
split_gain=0.0814782 0.0838619 0.063115 0.0835513 0.119706 0.0746039 0.0696695 0.10176 0.105741 0.0662274 0.0915952 0.15591 0.136177 0.0962527
threshold=0.72848500000000016 0.25053000000000009 0.11370500000000001 10.500000000000002 0.06653000000000002 0.10717500000000001 0.20502392857142857 0.14466000000000004 0.098455000000000015 0.1826353571428572 0.10490500000000001 0.12789500000000001 0.28592500000000004 0.20435500000000004
decision_type=2 2 2 2 2 2 2 2 2 2 2 2 2 2
left_child=2 -2 3 4 -1 6 7 -4 -9 -7 12 -12 13 -11
right_child=1 -3 5 -5 -6 9 -8 8 -10 10 11 -13 -14 -15
leaf_value=0.0045691248328824131 -0.0040373111250422275 0.0014125578245148063 0.0005857298844536517 -0.0013739466217700894 -0.00021822624741884116 -0.00054894611565284789 3.2549762611531405e-06 0.0018812471251884425 0.0066451639306358314 0.0014876215618328545 -0.0016340225042617608 0.00017284227012742597 0.0044201486697420479 -0.002534867256181315
leaf_weight=13.999999999999998 24 9.9999999999999982 82 177 194 418 110 37 17 58 127 1992 30 20
leaf_count=14 24 10 82 177 194 418 110 37 17 58 127 1992 30 20
internal_value=6.48301e-07 -0.00243441 2.59206e-05 -0.000575472 0.000103999 0.000106009 0.000938869 0.00169562 0.003381 2.85484e-05 0.000136942 6.45498e-05 0.00155731 0.000456214
internal_weight=3310 34 3276 385 208 2891 246 136 54 2645 2227 2119 108 78
internal_count=3310 34 3276 385 208 2891 246 136 54 2645 2227 2119 108 78
is_linear=0
shrinkage=0.05


Tree=72
num_leaves=15
num_cat=0
split_feature=3 4 5 3 9 3 2 5 7 1 5 5 7 6
split_gain=0.079256 0.0801127 0.097115 0.197598 0.135476 0.100199 0.0902687 0.119109 0.115457 0.0790232 0.0790881 0.191928 0.0782277 0.0744356
threshold=0.24249500000000004 0.17847500000000002 0.21584500000000004 0.23607000000000003 0.09853062772215028 0.11385000000000002 7.5000000000000009 0.38826000000000005 0.16260714285714287 1.5000000000000002 0.12568500000000002 0.14466000000000004 0.26596428571428582 0.35085500000000008
decision_type=2 2 2 2 2 2 2 2 2 2 2 2 2 2
left_child=1 6 5 12 -5 9 7 13 -9 -3 -11 -12 -4 -1
right_child=-2 2 3 4 -6 -7 -8 8 -10 10 11 -13 -14 -15
leaf_value=-2.8394871186869287e-05 -0.00033581692559979338 -0.00040619997712115845 0.0011244766338847805 0.002229262783657759 0.0094374551162631683 -0.00019504281496016815 -0.00053971702479899955 0.00084564864449203012 0.0062849478024872953 0.00038132682268042116 0.0099570831563323744 0.001924185545769809 -0.00043313791775809874 0.0028420727224632478
leaf_weight=383 1145 34 347 16.000000000000004 10.999999999999998 544 596 25 15.999999999999998 25 9.9999999999999982 29 105 24
leaf_count=383 1145 34 347 16 11 544 596 25 16 25 10 29 105 24
internal_value=6.15885e-07 0.000178545 0.000472065 0.00101084 0.00516593 7.00799e-05 -0.000136625 0.000399631 0.0029683 0.00154178 0.00257665 0.0039839 0.000762641 0.000140871
internal_weight=3310 2165 1121 479 27 642 1044 448 41 98 64 39 452 407
internal_count=3310 2165 1121 479 27 642 1044 448 41 98 64 39 452 407
is_linear=0
shrinkage=0.05


Tree=73
num_leaves=15
num_cat=0
split_feature=3 6 3 4 4 8 2 7 7 3 6 3 9 9
split_gain=0.0741769 0.0846057 0.125275 0.0877804 0.171534 0.0788303 0.0850016 0.128833 0.0944351 0.0827955 0.0768622 0.0780178 0.123 0.168759
threshold=0.40332000000000007 0.64035000000000009 0.86634500000000014 0.25526000000000004 0.28776500000000005 0.33616607142857147 9.5000000000000018 0.38350071428571436 0.25662071428571437 0.28126500000000004 0.54074000000000011 0.23886000000000004 0.15604385069273 0.1288364776979341
decision_type=2 2 2 2 2 2 2 2 2 2 2 2 2 2
left_child=5 2 3 -2 -5 10 8 -8 -7 -10 -1 12 13 -12
right_child=1 -3 -4 4 -6 6 7 -9 9 -11 11 -13 -14 -15
leaf_value=7.1996567008125679e-05 -0.0014530769879142595 0.0035547372504052795 -0.0064116226322948932 0.0049840077548972614 -0.00046086527932838532 0.0035842761149009073 0.0059483923727557779 -7.0706882979720831e-06 -0.003183445899326 0.0015907987573882565 -0.0020109183911699796 -0.0036411361860310926 -0.0029940689659931443 0.0063745603731755794
leaf_weight=2847 165 10.999999999999998 9.9999999999999982 17 97 14.999999999999998 21 15.999999999999998 21 15.999999999999998 12.000000000000002 28 22 11.999999999999998
leaf_count=2847 165 11 10 17 97 15 21 16 21 16 12 28 22 12
internal_value=5.8509e-07 -0.000749159 -0.000912975 -0.000715891 0.000351089 7.53104e-05 0.00154121 0.00337306 0.00023778 -0.00111891 3.06459e-05 -0.00156024 -0.000293605 0.00218182
internal_weight=3310 300 289 279 114 3010 89 37 52 37 2921 74 46 24
internal_count=3310 300 289 279 114 3010 89 37 52 37 2921 74 46 24
is_linear=0
shrinkage=0.05


Tree=74
num_leaves=15
num_cat=0
split_feature=3 8 8 1 1 2 3 8 4 2 3 4 9 8
split_gain=0.0692562 0.0950105 0.0715028 0.0656049 0.103489 0.105913 0.0856624 0.078979 0.0668432 0.100945 0.100462 0.0628898 0.0838207 0.0901615
threshold=0.31948500000000007 0.19361357142857147 0.1987508928571429 2.5000000000000004 1.0000000180025095e-35 5.5000000000000009 0.087885000000000019 0.15070053571428574 0.070535000000000014 5.5000000000000009 0.14466000000000004 0.24893000000000001 0.13336798433738831 0.22990607142857147
decision_type=2 2 2 2 2 2 2 2 2 2 2 2 2 2
left_child=3 -2 -3 4 5 11 7 -6 9 -8 -11 -1 13 -13
right_child=1 2 -4 -5 6 -7 8 -9 -10 10 -12 12 -14 -15
leaf_value=0.0028888339114749471 -0.0026289621648174946 0.0028848727480234471 -0.00041174527995724189 0.00032613319317684533 0.0048729712736200201 -3.6769678297199874e-05 -0.0023668084060773256 0.0003976859569420891 -0.00075741340330008687 0.0068782281723212095 0.00012065728025680239 -0.00054655600055728275 -0.0031376494948441784 0.0040436901152133943
leaf_weight=61 48 17 507 1508 10.999999999999998 257 10.999999999999998 95 718 11.000000000000002 10.999999999999998 23 11.999999999999998 20
leaf_count=61 48 17 507 1508 11 257 11 95 718 11 11 23 12 20
internal_value=5.55833e-07 -0.000499829 -0.000304794 0.000105092 -0.000165908 0.000529277 -0.00046848 0.000862102 -0.000656285 0.00154403 0.00349944 0.00178336 0.000557295 0.00158844
internal_weight=3310 572 524 2738 1230 373 857 106 751 33 22 116 55 43
internal_count=3310 572 524 2738 1230 373 857 106 751 33 22 116 55 43
is_linear=0
shrinkage=0.05


Tree=75
num_leaves=15
num_cat=2
split_feature=3 6 0 3 8 8 0 9 9 5 8 5 3 3
split_gain=0.0649359 0.0799948 0.085454 0.100063 0.0886861 0.0761565 0.0616883 0.0834252 0.0754294 0.0889736 0.154455 0.117942 0.171578 0.0896181
threshold=0.21121500000000001 0.08461500000000001 0 0.72848500000000016 0.19782732142857146 0.36282750000000002 1 0.15461949695997218 0.089899826086151699 0.10337000000000002 0.20208946428571431 0.12699500000000005 0.13204500000000005 0.15656500000000004
decision_type=2 2 1 2 2 2 1 2 2 2 2 2 2 2
left_child=6 -2 5 4 -4 -3 8 -8 -1 -10 11 -11 -13 -14
right_child=1 2 3 -5 -6 -7 7 -9 9 10 -12 12 13 -15
leaf_value=-0.00019851973669503034 -0.0028435407928993992 0.00027847024363441522 -0.001600332254916668 -0.0046255057072266941 -0.00021263634992079486 -0.0025283537022769455 0.00010721116208906011 -0.0014463888250905626 -0.0014198158781962575 0.0085336700742482206 0.00078520406600959673 -0.00025633521191775798 0.0092999675404280401 0.0027599164200100036
leaf_weight=204 29 725 145 14.999999999999998 559 25 1070 94 36 9.9999999999999982 352 25 10.000000000000002 10.999999999999998
leaf_count=204 29 725 145 15 559 25 1070 94 36 10 352 25 10 11
internal_value=5.28043e-07 -0.000243041 -0.000191703 -0.000576536 -0.000498454 0.000182476 0.000201889 -1.80959e-05 0.000588248 0.000962985 0.00117323 0.00361227 0.0025424 0.00587423
internal_weight=3310 1498 1469 719 704 750 1812 1164 648 444 408 56 46 21
internal_count=3310 1498 1469 719 704 750 1812 1164 648 444 408 56 46 21
cat_boundaries=0 1 2
cat_threshold=722 396
is_linear=0
shrinkage=0.05


Tree=76
num_leaves=15
num_cat=1
split_feature=3 8 9 0 8 5 9 6 9 8 7 9 1 4
split_gain=0.0600809 0.0630195 0.0613419 0.0654023 0.0967469 0.167376 0.113654 0.294843 0.0977711 0.0975548 0.0943868 0.0839876 0.0782045 0.12504
threshold=0.45795500000000006 0.38847214285714288 0.21927328908534421 0 0.24490535714285719 0.38826000000000005 0.083437475586247437 0.28457500000000008 0.084740406321296841 0.22453232142857146 0.31444928571428576 0.093092377003616958 1.0000000180025095e-35 0.50712500000000016
decision_type=2 2 2 1 2 2 2 2 2 2 2 2 2 2
left_child=1 2 3 4 5 6 7 -1 -6 -7 11 -8 -10 -14
right_child=-2 -3 -4 -5 8 9 10 -9 12 -11 -12 -13 13 -15
leaf_value=0.001079958795126891 -0.0008328858453303282 0.0040178019925951958 -0.0015020857265751278 -6.7897839823768868e-05 -0.0034831803635154905 0.0013946693087927993 -0.0019050297213763726 0.010655395053327084 0.0018638397722194593 0.0078606733387070037 0.00510530055500567 0.00059868041025169317 -0.00032871504704014081 0.0026389090356249839
leaf_weight=41 203 9.9999999999999982 63 2212 19 10.000000000000002 41 9.9999999999999982 60 13.999999999999998 9.9999999999999982 183 395 39
leaf_count=41 203 10 63 2212 19 10 41 10 60 14 10 183 395 39
internal_value=5.01645e-07 5.49521e-05 4.21564e-05 7.4222e-05 0.000451994 0.00115642 0.000818728 0.0029575 3.65009e-05 0.0051665 0.000352587 0.000140412 0.000171873 -6.20392e-05
internal_weight=3310 3107 3097 3034 822 309 285 51 513 24 234 224 494 434
internal_count=3310 3107 3097 3034 822 309 285 51 513 24 234 224 494 434
cat_boundaries=0 1
cat_threshold=200
is_linear=0
shrinkage=0.05


Tree=77
num_leaves=15
num_cat=0
split_feature=2 2 1 9 7 1 2 3 2 3 2 6 9 4
split_gain=0.0630771 0.18907 0.101179 0.120422 0.112886 0.0772849 0.12766 0.0861731 0.129384 0.0841269 0.0908733 0.0890493 0.0981034 0.0820094
threshold=29.500000000000004 23.500000000000004 1.0000000180025095e-35 0.089899826086151699 0.14751928571428571 3.5000000000000004 1.0000000180025095e-35 0.10318000000000001 17.500000000000004 0.14644000000000004 11.500000000000002 0.33383500000000005 0.078127388028740974 0.12699500000000005
decision_type=2 2 2 2 2 2 2 2 2 2 2 2 2 2
left_child=1 5 3 -3 -4 9 -7 8 -8 10 -1 -11 -13 -14
right_child=-2 2 4 -5 -6 6 7 -9 -10 11 -12 12 13 -15
leaf_value=0.00065968524455244039 -0.00059677645462868857 0.00045371894399674284 0.005232365019619465 0.0069200349053264503 0.0006419415482785553 0.0042446574487257751 0.00094722514002806629 0.00011887147691657707 0.006983556056564505 -0.00069773278398297289 -0.00084382818593118887 0.0054165998473763473 0.0037697175657376647 -0.00015160471169413844
leaf_weight=385 390 12.000000000000002 14.999999999999998 18 125 20 46 1113 10.999999999999998 894 136 9.9999999999999982 14.999999999999998 120
leaf_count=385 390 12 15 18 125 20 46 1113 11 894 136 10 15 120
internal_value=4.66301e-07 8.0235e-05 0.00169843 0.00433351 0.00113377 -1.9799e-05 0.000283688 0.000215979 0.00211213 -0.000251305 0.000267213 -0.000511313 0.000638063 0.000284098
internal_weight=3310 2920 170 30 140 2750 1190 1170 57 1560 521 1039 145 135
internal_count=3310 2920 170 30 140 2750 1190 1170 57 1560 521 1039 145 135
is_linear=0
shrinkage=0.05


Tree=78
num_leaves=15
num_cat=1
split_feature=5 4 3 4 2 2 4 4 1 2 3 2 0 7
split_gain=0.0572958 0.0719237 0.0921127 0.106294 0.0617429 0.160644 0.113433 0.0777123 0.0640463 0.110939 0.0951234 0.129663 0.0708174 0.0918513
threshold=0.11557000000000002 0.24160000000000001 0.13281000000000001 0.06653000000000002 29.500000000000004 23.500000000000004 0.14466000000000004 0.20855500000000002 3.5000000000000004 1.0000000180025095e-35 0.10318000000000001 17.500000000000004 0 0.12327857142857145
decision_type=2 2 2 2 2 2 2 2 2 2 2 2 1 2
left_child=1 2 3 -1 5 8 -7 -6 -2 -10 11 -11 -12 -14
right_child=4 -3 -4 -5 7 6 -8 -9 9 10 12 -13 13 -15
leaf_value=0.0046875306676762802 -0.00017835667858289654 0.00090100015005306676 -0.001481778011724981 -0.00025174732372298898 -0.001244022651696459 0.0043116703652424006 0.0010213315162698163 0.00022386600822730022 0.0040324245300143958 0.0011169139334110936 -0.00034344423655193943 0.0075158413127064706 -0.0024033087932576356 0.00063172038084604156
leaf_weight=11.999999999999998 1273 71 215 118 186 33 127 175 20 38 401 9.9999999999999982 26 605
leaf_count=12 1273 71 215 118 186 33 127 175 20 38 401 10 26 605
internal_value=4.42987e-07 -0.000548238 -0.000846487 0.000204186 7.93135e-05 0.0001665 0.00169996 -0.000532442 6.31061e-05 0.000342544 0.000274213 0.00245002 0.000173013 0.000498759
internal_weight=3310 416 345 130 2894 2533 160 361 2373 1100 1080 48 1032 631
internal_count=3310 416 345 130 2894 2533 160 361 2373 1100 1080 48 1032 631
cat_boundaries=0 1
cat_threshold=804
is_linear=0
shrinkage=0.05


Tree=79
num_leaves=15
num_cat=1
split_feature=3 4 5 3 8 3 8 3 3 2 1 2 7 0
split_gain=0.0580011 0.0701472 0.0845943 0.180307 0.12662 0.0837626 0.0792777 0.0955789 0.0763191 0.108429 0.0827177 0.0815894 0.109053 0.0754521
threshold=0.24249500000000004 0.17847500000000002 0.21584500000000004 0.23607000000000003 0.23221375000000002 0.11385000000000002 0.20652535714285716 0.13939500000000002 0.14644000000000004 8.5000000000000018 1.0000000180025095e-35 6.5000000000000009 0.18848285714285717 0
decision_type=2 2 2 2 2 2 2 2 2 2 2 2 2 1
left_child=1 8 5 6 -5 -3 -4 -8 9 -1 11 -10 -13 -12
right_child=-2 2 3 4 -6 -7 7 -9 10 -11 13 12 -14 -15
leaf_value=0.0010533329476994386 -0.0002874374299575994 0.0013976545299871704 0.0020789860575903384 0.0090287688315253342 0.0020601567895937481 -0.00019034374951930284 -0.001271445084359943 0.00077061013793911848 0.0041079191929277257 -0.00040589263964167641 -0.0019160785449585411 -0.0020620659262371751 0.0029213978222718366 -0.00040316927015304657
leaf_weight=245 1145 98 84 11.000000000000002 15.999999999999998 544 71 297 17 265 104 26 19 368
leaf_count=245 1145 98 84 11 16 544 71 297 17 265 104 26 19 368
internal_value=3.68957e-07 0.000152581 0.00042724 0.000930089 0.00489922 5.2061e-05 0.000692994 0.000376627 -0.000142336 0.000295108 -0.000560119 0.00115689 4.20632e-05 -0.000785659
internal_weight=3310 2165 1121 479 27 642 452 368 1044 510 534 62 45 472
internal_count=3310 2165 1121 479 27 642 452 368 1044 510 534 62 45 472
cat_boundaries=0 1
cat_threshold=208
is_linear=0
shrinkage=0.05


Tree=80
num_leaves=15
num_cat=0
split_feature=9 9 9 2 2 4 9 1 7 8 8 4 5 2
split_gain=0.0564456 0.101225 0.0927206 0.0677115 0.150729 0.0940255 0.080695 0.1093 0.0928503 0.0710894 0.0588705 0.074377 0.0940203 0.0725337
threshold=0.21240763022402986 0.25209895137710064 0.20786786619933847 29.500000000000004 23.500000000000004 0.34756000000000004 0.052845785064955679 1.0000000180025095e-35 0.155975 0.22350392857142862 0.1857344642857143 0.32919500000000007 0.13168000000000002 3.5000000000000004
decision_type=2 2 2 2 2 2 2 2 2 2 2 2 2 2
left_child=2 -2 3 4 10 6 -6 -8 -9 -10 11 13 -13 -1
right_child=1 -3 -4 -5 5 -7 7 8 9 -11 -12 12 -14 -15
leaf_value=0.00057074671240402457 -0.0023940699579767313 0.00056564190084687786 0.0030132167524873064 -0.00062644968583809211 -0.0001864221494664283 -0.00090053237399843064 0.0063016292095805218 0.00657593040377833 -2.475579734891653e-05 0.0029562138277105989 0.00014393717077518725 0.0052243275030587717 -0.000913131683288763 -0.00076162433237799939
leaf_weight=127 65 52 26 364 30 32 18 9.9999999999999982 40 40 1959 13.000000000000002 11.999999999999998 522
leaf_count=127 65 52 26 364 30 32 18 10 40 40 1959 13 12 522
internal_value=1.68559e-10 -0.00107864 3.95245e-05 1.51115e-05 9.84252e-05 0.0015414 0.00210764 0.00274488 0.00203353 0.00146573 5.2596e-06 -0.000397811 0.00227835 -0.000500898
internal_weight=3310 117 3193 3167 2803 170 138 108 90 80 2633 674 25 649
internal_count=3310 117 3193 3167 2803 170 138 108 90 80 2633 674 25 649
is_linear=0
shrinkage=0.05


Tree=81
num_leaves=15
num_cat=0
split_feature=3 6 7 6 7 2 6 5 3 2 1 4 5 9
split_gain=0.0545933 0.0589113 0.0602044 0.152528 0.0766996 0.0783029 0.0732621 0.0704942 0.0867858 0.0595904 0.120197 0.143507 0.0868587 0.0738182
threshold=0.29405500000000001 0.13668000000000002 0.23325785714285716 0.15580500000000003 0.23677071428571431 2.5000000000000004 0.66521500000000011 0.17867000000000002 0.37799500000000003 9.5000000000000018 1.0000000180025095e-35 0.17631000000000002 0.22043500000000002 0.20402325450838918
decision_type=2 2 2 2 2 2 2 2 2 2 2 2 2 2
left_child=-1 -2 3 -3 -4 7 9 8 -6 -7 12 -12 -11 -13
right_child=1 2 4 -5 5 6 -8 -9 -10 10 11 13 -14 -15
leaf_value=0.00010782366185174707 -0.0015030851976376601 0.0045055372354743835 0.0038442340177985341 -0.001637795676780966 0.00096096429221618606 -0.0010676162699599298 0.0037293132013556636 0.00028259134552895262 0.0069953334094448524 0.00070397491978767973 -0.0037103380075547776 0.00053515104799076011 0.0053001847570104642 -0.0034085471612902794
leaf_weight=2582 101 10.999999999999998 12.999999999999998 124 13.000000000000002 185 10.999999999999998 39 10.999999999999998 26 28 136 17 12.999999999999998
leaf_count=2582 101 11 13 124 13 185 11 39 11 26 28 136 17 13
internal_value=1.60995e-10 -0.000382418 -0.000201896 -0.00113723 5.47504e-05 -4.80957e-05 -0.000296875 0.00159464 0.00372672 -0.000406229 0.000149938 -0.000426102 0.00252108 0.00019107
internal_weight=3310 728 627 135 492 479 416 63 24 405 220 177 43 149
internal_count=3310 728 627 135 492 479 416 63 24 405 220 177 43 149
is_linear=0
shrinkage=0.05


Tree=82
num_leaves=15
num_cat=0
split_feature=3 8 5 7 7 9 1 2 6 2 3 3 7 6
split_gain=0.0514503 0.0607813 0.152355 0.141702 0.164932 0.0728227 0.0608238 0.10598 0.17733 0.154371 0.107323 0.0748371 0.0683656 0.0676197
threshold=0.66874000000000011 0.33616607142857147 0.17143000000000003 0.27566857142857148 0.23614428571428575 0.21240763022402986 5.5000000000000009 3.5000000000000004 0.5236050000000001 1.5000000000000002 0.20883000000000004 0.33900000000000008 0.25940285714285721 0.30256500000000003
decision_type=2 2 2 2 2 2 2 2 2 2 2 2 2 2
left_child=1 5 -3 4 -4 6 11 9 -9 -8 -11 -1 13 -13
right_child=-2 2 3 -5 -6 -7 7 8 -10 10 -12 12 -14 -15
leaf_value=1.571967178519804e-05 -0.0016605277474888642 0.0062457093825707072 -0.00113738274667412 -0.00067062617037319451 0.0064301876118406653 -0.0018051434422107248 -0.0004478241014923598 -0.00011084172877367368 0.0049871105959431996 0.0071750813949620351 0.0023297795024700466 -0.0013244439328056095 -0.00032585950454141804 -0.0048399887485977488
leaf_weight=2372 46 12.999999999999998 12.000000000000002 74 18 56 37 326 18 15.999999999999998 40 70 195 17
leaf_count=2372 46 13 12 74 18 56 37 326 18 16 40 70 195 17
internal_value=1.54727e-10 2.34022e-05 0.00114242 0.000504504 0.00340316 -1.82008e-05 1.41735e-05 0.00056077 0.000155912 0.00205831 0.00371415 -7.58276e-05 -0.000845863 -0.00201139
internal_weight=3310 3264 117 104 30 3147 3091 437 344 93 56 2654 282 87
internal_count=3310 3264 117 104 30 3147 3091 437 344 93 56 2654 282 87
is_linear=0
shrinkage=0.05


Tree=83
num_leaves=15
num_cat=1
split_feature=3 0 4 9 6 6 9 3 5 1 6 6 5 3
split_gain=0.049495 0.0722062 0.106036 0.123248 0.181849 0.474742 0.166433 0.113765 0.105759 0.0718373 0.177516 0.131766 0.128848 0.101342
threshold=0.18658500000000003 0 0.33818000000000009 0.1461891399693698 0.28734000000000004 0.39249500000000009 0.15196117019840652 0.15200000000000002 0.17958000000000005 5.5000000000000009 0.47538000000000008 0.51649000000000012 0.31087000000000004 0.72848500000000016
decision_type=2 1 2 2 2 2 2 2 2 2 2 2 2 2
left_child=1 2 3 4 -1 -6 -5 -8 -4 11 -11 13 -12 -2
right_child=9 -3 8 6 5 -7 7 -9 -10 10 12 -13 -14 -15
leaf_value=-0.0004316412229519828 -0.00016867824600901797 7.1652081556145732e-05 0.0021082054308958743 0.0095899413584265864 0.011104175749306493 -0.0026871647181299827 -0.00015823720910009884 0.005181471516966428 -0.0026011465582996608 0.00012363966794275198 0.0070172105806277059 -0.0025574818159276175 0.00053981058382695276 -0.0035142435732743015
leaf_weight=76 1428 1253 19 9.9999999999999982 13.000000000000002 11.999999999999998 21 19 32 310 17.000000000000004 63 13.999999999999998 23
leaf_count=76 1428 1253 19 10 13 12 21 19 32 310 17 63 14 23
internal_value=1.48561e-10 0.000218312 0.00107145 0.00179025 0.000785184 0.00448433 0.00382049 0.00237812 -0.000846682 -0.000171236 0.000484394 -0.000318905 0.00409193 -0.000221709
internal_weight=3310 1455 202 151 101 25 50 40 51 1855 341 1514 31 1451
internal_count=3310 1455 202 151 101 25 50 40 51 1855 341 1514 31 1451
cat_boundaries=0 1
cat_threshold=136
is_linear=0
shrinkage=0.05


Tree=84
num_leaves=15
num_cat=1
split_feature=6 8 8 0 3 7 8 1 7 8 3 4 2 2
split_gain=0.0481423 0.0844912 0.104704 0.186584 0.122051 0.103693 0.153384 0.104072 0.0796161 0.076921 0.0890521 0.0708093 0.0641671 0.0589027
threshold=0.13052000000000002 0.18616589285714288 0.19957857142857144 0 0.19732500000000003 0.12942571428571434 0.19782732142857146 2.5000000000000004 0.10552500000000002 0.18831464285714286 0.16929000000000002 0.19441500000000003 11.500000000000002 29.500000000000004
decision_type=2 2 2 1 2 2 2 2 2 2 2 2 2 2
left_child=8 -2 3 5 -5 -3 7 12 -1 -9 -11 -12 -7 -4
right_child=1 2 13 4 -6 6 -8 9 -10 10 11 -13 -14 -15
leaf_value=0.0034882671956438572 -0.00050768419171933865 -0.0016025088533448677 0.00021735726251724012 0.0014755268400222122 -0.0014879961279037066 0.001979028842678027 0.0076467173571205319 0.0075765385385602709 -0.00046429778388110176 0.0058487608297582488 -0.0014020322738880558 0.0032343127147760244 -0.0031240920366888696 -0.00055359634603170378
leaf_weight=12.999999999999998 478 11.999999999999998 1635 64 76 14.000000000000002 17 9.9999999999999982 638 15.999999999999998 13.999999999999998 20 10.999999999999998 292
leaf_count=13 478 12 1635 64 76 14 17 10 638 16 14 20 11 292
internal_value=1.09632e-08 9.43628e-05 0.000226311 0.00118053 -0.00012436 0.00256862 0.00331117 0.00244406 -0.000385368 0.00357339 0.00277276 0.00132523 -0.000266344 0.000100534
internal_weight=3310 2659 2181 254 140 114 102 85 651 60 50 34 25 1927
internal_count=3310 2659 2181 254 140 114 102 85 651 60 50 34 25 1927
cat_boundaries=0 1
cat_threshold=83
is_linear=0
shrinkage=0.05


Tree=85
num_leaves=15
num_cat=0
split_feature=3 9 9 9 3 2 2 4 5 8 4 4 2 7
split_gain=0.0460599 0.0438263 0.0747902 0.058302 0.05206 0.0507386 0.146627 0.110439 0.0706367 0.0620814 0.0581965 0.0555976 0.154957 0.152179
threshold=0.86634500000000014 0.21240763022402986 0.20786786619933847 0.25967355690752314 0.19816500000000004 29.500000000000004 23.500000000000004 0.14466000000000004 0.20494000000000004 0.18158928571428573 0.20855500000000002 0.36548500000000006 10.500000000000002 0.23457928571428574
decision_type=2 2 2 2 2 2 2 2 2 2 2 2 2 2
left_child=1 2 5 4 -3 6 11 8 9 -8 -7 -1 -13 -14
right_child=-2 3 -4 -5 -6 10 7 -9 -10 -11 -12 12 13 -15
leaf_value=-7.5435878985296656e-05 -0.0032300640236247674 -0.00011709986970850474 0.0027156551587932676 0.001166744727641344 -0.0026004918908024682 -0.0011339008980320953 0.0053601922544961158 0.0008225482652890675 0.0074799362337216735 0.00066304050988572494 0.00013596486119905416 -8.8902161683691741e-05 -0.00038919817708464789 0.0041313345078378919
leaf_weight=2354 10.999999999999998 36 26 25 51 191 12.000000000000002 130 9.9999999999999982 17 171 195 29 52
leaf_count=2354 11 36 26 25 51 191 12 130 10 17 171 195 29 52
internal_value=1.04185e-08 1.07806e-05 4.49442e-05 -0.000961358 -0.00157288 2.2977e-05 9.5018e-05 0.00152263 0.00385624 0.00260669 -0.000534047 3.28162e-06 0.000674662 0.00251287
internal_weight=3310 3299 3187 112 87 3161 2799 169 39 29 362 2630 276 81
internal_count=3310 3299 3187 112 87 3161 2799 169 39 29 362 2630 276 81
is_linear=0
shrinkage=0.05


Tree=86
num_leaves=15
num_cat=1
split_feature=3 3 4 6 6 2 2 0 2 4 2 6 4 4
split_gain=0.0461047 0.0773488 0.120686 0.0557758 0.0529709 0.047395 0.0817388 0.0886336 0.0749667 0.0739481 0.119158 0.134803 0.067354 0.0761032
threshold=0.24130500000000002 0.23607000000000003 0.27337000000000006 0.16274500000000003 0.073405000000000012 9.5000000000000018 29.500000000000004 0 2.5000000000000004 0.44322500000000004 21.500000000000004 0.17299 0.17299 0.19243000000000002
decision_type=2 2 2 2 2 2 2 1 2 2 2 2 2 2
left_child=1 -1 3 -3 -2 8 7 12 -6 -9 11 -11 -7 -14
right_child=4 2 -4 -5 5 6 -8 9 -10 10 -12 -13 13 -15
leaf_value=8.9726519756563256e-05 -0.0037075622769241986 0.0037851601705187936 0.0060103262087588 -0.00056500558774652228 0.00035132337003630516 -0.0025643862098721523 -0.0010574827671948226 0.00061464531966965634 -0.00087788074589399104 0.00070567058379917072 -0.001243480746537292 0.0077161661116406325 0.0037257400690577924 -0.00054427923105322413
leaf_weight=2100 10.999999999999998 9.9999999999999982 13.999999999999998 28 174 35 116 258 432 12.000000000000002 11.999999999999998 15.999999999999998 11.999999999999998 80
leaf_count=2100 11 10 14 28 174 35 116 258 432 12 12 16 12 80
internal_value=9.8958e-09 0.000136897 0.00204185 0.000579775 -0.000254377 -0.00022126 0.000118907 0.000439992 -0.000524941 0.000894751 0.00292512 0.00471167 -0.00064662 1.26798e-05
internal_weight=3310 2152 52 38 1158 1147 541 425 606 298 40 28 127 92
internal_count=3310 2152 52 38 1158 1147 541 425 606 298 40 28 127 92
cat_boundaries=0 1
cat_threshold=44
is_linear=0
shrinkage=0.05


Tree=87
num_leaves=15
num_cat=0
split_feature=5 4 6 4 3 6 3 8 4 3 3 1 6 2
split_gain=0.0446339 0.0622752 0.0762515 0.0743124 0.0646804 0.0563485 0.052279 0.066551 0.0964371 0.118451 0.0854407 0.0505945 0.108478 0.105911
threshold=0.11557000000000002 0.06653000000000002 0.11905500000000001 0.24160000000000001 0.54945500000000014 0.13141500000000003 0.10717500000000001 0.20054196428571433 0.14466000000000004 0.098455000000000015 0.077775000000000025 5.5000000000000009 0.60086500000000009 3.5000000000000004
decision_type=2 2 2 2 2 2 2 2 2 2 2 2 2 2
left_child=1 2 -1 4 -3 -5 7 8 10 -10 -2 -8 13 -13
right_child=6 3 -4 5 -6 -7 11 -9 9 -11 -12 12 -14 -15
leaf_value=-0.0012379504099953916 0.0034229387494346349 -0.00081568955303913345 0.0045695121543338664 -0.0012702246789227834 -0.0045569049039234722 0.0017757824433216711 -9.2267617454982152e-05 -4.9388426363714471e-05 0.0017020076631645985 0.007271817808837764 -0.00045733285286197702 0.0018768711779475881 0.0045344277285039427 -6.0596769908443098e-05
leaf_weight=10.000000000000002 19 310 12.999999999999998 22 11.999999999999998 49 2209 121 30 13.999999999999998 56 89 15.999999999999998 340
leaf_count=10 19 310 13 22 12 49 2209 121 30 14 56 89 16 340
internal_value=9.40069e-09 -0.000484265 0.00204453 -0.00063226 -0.000955114 0.000831949 6.96217e-05 0.000776312 0.00161589 0.00347422 0.000525669 5.71602e-06 0.000492111 0.000341349
internal_weight=3310 416 23 393 322 71 2894 240 119 44 75 2654 445 429
internal_count=3310 416 23 393 322 71 2894 240 119 44 75 2654 445 429
is_linear=0
shrinkage=0.05


Tree=88
num_leaves=15
num_cat=1
split_feature=3 6 0 3 8 4 7 2 2 2 4 8 9 4
split_gain=0.0429353 0.0636434 0.0720951 0.0731517 0.0651003 0.0861566 0.137554 0.11792 0.163396 0.127541 0.0876913 0.0642792 0.151621 0.0584728
threshold=0.21121500000000001 0.089605000000000018 0 0.72848500000000016 0.19782732142857146 0.18794000000000002 0.33116857142857142 3.5000000000000004 10.500000000000002 5.5000000000000009 0.13307000000000005 0.34571517857142864 0.18122767006659415 0.18794000000000002
decision_type=2 2 1 2 2 2 2 2 2 2 2 2 2 2
left_child=13 -2 -3 4 -4 6 7 10 9 -9 -6 -7 -13 -1
right_child=1 2 3 -5 5 11 -8 8 -10 -11 -12 12 -14 -15
leaf_value=-9.4206471142598472e-05 -0.0022749342387315768 0.00019861726506925802 -0.0013771620574296887 -0.0039618064928799868 -0.0037168929906329141 -0.00075258035485603614 -0.0027282171840245914 0.001432243292562335 0.0005755627388134599 0.0070927746855886653 0.00089411243825452411 0.0058917824877426014 -0.00205650674242861 0.0004764957341801139
leaf_weight=993 36 743 145 14.999999999999998 15.999999999999998 370 24 17 55 24 29 12.000000000000002 11.999999999999998 819
leaf_count=993 36 743 145 15 16 370 24 17 55 24 29 12 12 819
internal_value=8.9335e-09 -0.000198046 -0.000146905 -0.000499773 -0.000433107 -0.000188227 0.000770984 0.00136659 0.00235657 0.00474573 -0.000745356 -0.000589927 0.00191764 0.000163743
internal_weight=3310 1498 1462 719 704 559 165 141 96 41 45 394 24 1812
internal_count=3310 1498 1462 719 704 559 165 141 96 41 45 394 24 1812
cat_boundaries=0 1
cat_threshold=722
is_linear=0
shrinkage=0.05


Tree=89
num_leaves=15
num_cat=0
split_feature=3 3 6 4 4 3 3 1 9 8 5 7 2 8
split_gain=0.0400544 0.092356 0.0719485 0.0572221 0.0719545 0.0653221 0.126794 0.0736337 0.0913219 0.0643213 0.087367 0.0905365 0.0974587 0.0728943
threshold=0.15956000000000004 0.15880000000000002 0.11100000000000002 0.081830000000000014 0.12346000000000001 0.12385000000000002 0.13357000000000005 1.5000000000000002 0.11358519172385824 0.23221375000000002 0.166135 0.15901214285714291 4.5000000000000009 0.20652535714285716
decision_type=2 2 2 2 2 2 2 2 2 2 2 2 2 2
left_child=1 3 -2 5 -5 7 -7 8 -1 10 -6 -12 13 -13
right_child=2 -3 -4 4 9 6 -8 -9 -10 -11 11 12 -14 -15
leaf_value=-0.00037103710263701418 -0.0011998265797349937 0.0044437044971765809 -4.4823628883878439e-05 -0.00075177837249278286 -4.5037089449610436e-06 0.0073041590318704622 0.00073918813692503858 -0.0014928278916228851 0.0057168585269457917 -0.00045148956791672386 0.00018231857278790177 0.0068779695247940253 0.001381923314835087 0.002175896868164487
leaf_weight=14.000000000000002 144 12.999999999999998 2118 199 290 12.000000000000002 19 26 10.999999999999998 200 113 15.999999999999998 118 17
leaf_count=14 144 13 2118 199 290 12 19 26 11 200 113 16 118 17
internal_value=3.84867e-08 0.000255571 -0.000118352 0.000202967 9.39127e-05 0.00147039 0.00328047 0.000370145 0.00230764 0.000317112 0.000594586 0.00125268 0.00205367 0.00445569
internal_weight=3310 1048 2262 1035 953 82 31 51 25 754 554 264 151 33
internal_count=3310 1048 2262 1035 953 82 31 51 25 754 554 264 151 33
is_linear=0
shrinkage=0.05


Tree=90
num_leaves=15
num_cat=0
split_feature=3 1 1 2 2 8 6 7 2 2 3 3 8 4
split_gain=0.0390349 0.0389976 0.0817937 0.0995316 0.0854939 0.166183 0.185265 0.135922 0.0678796 0.263948 0.0854414 0.0664964 0.0675818 0.0550813
threshold=0.86634500000000014 2.5000000000000004 1.0000000180025095e-35 5.5000000000000009 9.5000000000000018 0.22990607142857147 0.30852000000000007 0.20736857142857143 29.500000000000004 27.500000000000004 0.39260000000000006 0.087885000000000019 0.15070053571428574 0.24893000000000001
decision_type=2 2 2 2 2 2 2 2 2 2 2 2 2 2
left_child=1 2 3 13 5 6 -5 -6 9 10 -9 12 -4 -1
right_child=-2 -3 11 4 7 -7 -8 8 -10 -11 -12 -13 -14 -15
leaf_value=0.0023638615857162694 -0.0029735281216827308 0.00015838166827961687 0.0044315629024905242 -0.00086898721206272317 -0.00096370585538352316 -0.0039373545600698747 0.0064649533852934845 0.00030312697966688909 -0.00077885016170330351 0.0090866259532049309 0.0040336221805773679 -0.00060816427684011898 0.00029176023016732775 0.00037034232306131534
leaf_weight=77 10.999999999999998 1890 10.999999999999998 62 96 38 9.9999999999999982 66 25 11.999999999999998 20 834 95 63
leaf_count=77 11 1890 11 62 96 38 10 66 25 12 20 834 95 63
internal_value=3.65656e-08 9.95145e-06 -0.000189149 0.000350177 -0.000124972 -0.00126225 0.000149616 0.000446262 0.00154672 0.00213998 0.00117068 -0.000458239 0.000721362 0.00146678
internal_weight=3310 3299 1409 469 329 110 72 219 123 98 86 940 106 140
internal_count=3310 3299 1409 469 329 110 72 219 123 98 86 940 106 140
is_linear=0
shrinkage=0.05


Tree=91
num_leaves=15
num_cat=1
split_feature=3 0 5 2 3 2 7 3 2 2 9 5 2 4
split_gain=0.039034 0.0659823 0.109145 0.111817 0.0778239 0.0747037 0.0633167 0.0558714 0.0561701 0.0529388 0.0560634 0.0489434 0.0750144 0.12534
threshold=0.35662000000000005 0 0.17607000000000003 15.500000000000002 0.43750000000000006 2.5000000000000004 0.28976642857142865 0.58247000000000015 13.500000000000002 21.500000000000004 0.10911737681536458 0.29086000000000006 8.5000000000000018 0.24794500000000003
decision_type=2 1 2 2 2 2 2 2 2 2 2 2 2 2
left_child=-1 2 3 5 -4 -2 -7 8 -3 10 -10 -6 13 -13
right_child=1 7 4 -5 11 6 -8 -9 9 -11 -12 12 -14 -15
leaf_value=6.6292178594963262e-05 0.0066945760883390911 -0.0015730046513079501 0.00068353470798015971 -0.0027371795678680592 -0.0023376280036366856 0.0054044193588197236 0.00087840497521135736 -0.0036459044686385565 4.6618243989845112e-06 -0.00094381233723432731 0.0050737566468887964 0.0010082620708271859 0.0018030632597704729 -0.0058475866603354618
leaf_weight=2881 9.9999999999999982 102 79 10.999999999999998 60 9.9999999999999982 34 21 12.000000000000002 29 9.9999999999999982 15.000000000000002 24 11.999999999999998
leaf_count=2881 10 102 79 11 60 10 34 21 12 29 10 15 24 12
internal_value=3.47336e-08 -0.000444925 8.57159e-05 0.00185764 -0.000515958 0.00279362 0.00190704 -0.0011608 -0.000895579 0.000459274 0.0023088 -0.00136965 -0.000230855 -0.00203878
internal_weight=3310 429 255 65 190 54 44 174 153 51 22 111 51 27
internal_count=3310 429 255 65 190 54 44 174 153 51 22 111 51 27
cat_boundaries=0 1
cat_threshold=202
is_linear=0
shrinkage=0.05


Tree=92
num_leaves=15
num_cat=1
split_feature=9 9 4 0 6 7 8 8 9 6 6 7 3 3
split_gain=0.0373944 0.0703822 0.0821827 0.0507557 0.112103 0.0813837 0.120677 0.185085 0.157893 0.0898296 0.0692439 0.0762374 0.135344 0.0796121
threshold=0.051827502087353934 0.062143127852018164 0.097295000000000006 0 0.11100000000000002 0.12327857142857145 0.19957857142857144 0.19361357142857147 0.1072930666694608 0.21061500000000002 0.42052500000000009 0.21471642857142859 0.19920000000000002 0.12156000000000002
decision_type=2 2 2 1 2 2 2 2 2 2 2 2 2 2
left_child=-1 2 -2 10 -5 -6 7 -7 9 -9 11 12 -3 -13
right_child=1 3 -4 4 5 6 -8 8 -10 -11 -12 13 -14 -15
leaf_value=-0.00055173419926782556 0.0053190235327929261 -0.00030221103018576484 0.00068621764367549076 -0.0010719110267183912 -0.0015105086262337864 0.00056161795168285431 0.00015593477434670052 -0.00087038089712972134 0.0069740402812991922 0.0045380607879321492 0.0018211782411930875 0.0028992614476010207 -0.0021439412735136491 -7.5183879743131738e-05
leaf_weight=281 9.9999999999999982 347 224 176 63 158 1437 17.000000000000004 24 13.999999999999998 36 24 140 359
leaf_count=281 10 347 224 176 63 158 1437 17 24 14 36 24 140 359
internal_value=3.29957e-08 5.12204e-05 0.000884201 -1.85175e-05 0.000129073 0.00025322 0.000320562 0.00143122 0.00392933 0.00157214 -0.000324089 -0.000416584 -0.000831661 0.000111204
internal_weight=3310 3029 234 2795 1889 1713 1650 213 55 31 906 870 487 383
internal_count=3310 3029 234 2795 1889 1713 1650 213 55 31 906 870 487 383
cat_boundaries=0 1
cat_threshold=804
is_linear=0
shrinkage=0.05


Tree=93
num_leaves=15
num_cat=0
split_feature=5 4 4 6 3 4 4 3 8 4 3 2 2 3
split_gain=0.037104 0.0536209 0.0650126 0.0638516 0.0534135 0.0489051 0.0624925 0.0443943 0.0615738 0.0858406 0.089063 0.0596597 0.123516 0.0514817
threshold=0.11557000000000002 0.06653000000000002 0.24160000000000001 0.11905500000000001 0.54945500000000014 0.48227500000000006 0.32919500000000007 0.10717500000000001 0.20502392857142857 0.14466000000000004 0.098455000000000015 6.5000000000000009 8.5000000000000018 0.077775000000000025
decision_type=2 2 2 2 2 2 2 2 2 2 2 2 2 2
left_child=1 3 4 -1 -3 6 -4 8 9 13 -11 -10 -13 -2
right_child=7 2 5 -5 -6 -7 -8 -9 11 10 -12 12 -14 -15
leaf_value=-0.0010987455584108826 0.0024200826569500825 -0.00075411205380958334 0.00025408460578324682 0.0042155811169113109 -0.0041539026191458111 -0.0022740716389803724 0.0037229762234921126 4.6109930786556002e-06 -0.0011441324357292614 0.0016355508941757893 0.0061386312241666022 0.0049363548308610922 -0.0006205322999934046 -0.00038238140017104647
leaf_weight=10.000000000000002 23 310 41 12.999999999999998 11.999999999999998 10.999999999999998 19 2654 64 35 15.999999999999998 14.999999999999998 30 57
leaf_count=10 23 310 41 13 12 11 19 2654 64 35 16 15 30 57
internal_value=3.1346e-08 -0.000441508 -0.000578835 0.001905 -0.000880812 0.000790693 0.00135257 6.35007e-05 0.000714723 0.00144526 0.00304828 -0.000163258 0.00123176 0.000423327
internal_weight=3310 416 393 23 322 71 60 2894 240 131 51 109 45 80
internal_count=3310 416 393 23 322 71 60 2894 240 131 51 109 45 80
is_linear=0
shrinkage=0.05


Tree=94
num_leaves=15
num_cat=0
split_feature=3 7 7 8 8 9 5 5 4 4 5 5 5 9
split_gain=0.0358114 0.0663539 0.0850097 0.0631106 0.0537547 0.0715854 0.0623143 0.122975 0.114952 0.0697136 0.0604293 0.0849291 0.0550366 0.054379
threshold=0.31948500000000007 0.23325785714285716 0.23746285714285717 0.24974267857142862 0.25956767857142865 0.17189527673305324 0.20606000000000002 0.19292500000000004 0.43931500000000007 0.51845000000000019 0.17319500000000002 0.15851500000000002 0.40639500000000006 0.1662976875979755
decision_type=2 2 2 2 2 2 2 2 2 2 2 2 2 2
left_child=-1 3 -3 -2 5 -4 7 8 10 12 11 -6 -8 -14
right_child=1 2 4 -5 6 -7 9 -9 -10 -11 -12 -13 13 -15
leaf_value=7.5200362237797766e-05 -0.00095957395175526685 0.0031672563183268439 -0.0012574579912997118 -0.0042968136826804018 -0.00080973691365215927 0.0023578975858011596 -0.00055861591552649212 0.0059527346437486511 0.0040735615210400686 -0.0032233011222591529 -0.0027284084849816281 0.0039827173289198143 0.0027422918793584767 -0.0011494095258128185
leaf_weight=2738 85 19 157 17 32 14.999999999999998 123 11.999999999999998 18 19 20 12.999999999999998 29 12.999999999999998
leaf_count=2738 85 19 157 17 32 15 123 12 18 19 20 13 29 13
internal_value=2.97769e-08 -0.00035979 -0.000108916 -0.00151578 -0.000246936 -0.000942165 0.000181664 0.00122161 0.000537587 -0.000355263 -0.000441607 0.00057475 -2.50037e-05 0.00153772
internal_weight=3310 572 470 102 451 172 279 95 83 184 65 45 165 42
internal_count=3310 572 470 102 451 172 279 95 83 184 65 45 165 42
is_linear=0
shrinkage=0.05


Tree=95
num_leaves=15
num_cat=0
split_feature=9 9 9 8 5 8 2 2 4 8 7 1 4 5
split_gain=0.0349377 0.07901 0.0668211 0.0459286 0.0668047 0.0570704 0.0452358 0.115823 0.0824922 0.0719316 0.113226 0.077121 0.0856577 0.0646396
threshold=0.21240763022402986 0.25209895137710064 0.20786786619933847 0.34571517857142864 0.31551500000000005 0.3063008928571429 29.500000000000004 23.500000000000004 0.34756000000000004 0.23989392857142861 0.14751928571428571 1.5000000000000002 0.20358500000000004 0.27473000000000009
decision_type=2 2 2 2 2 2 2 2 2 2 2 2 2 2
left_child=2 -2 6 5 -5 -3 7 -1 9 10 -9 12 -11 -13
right_child=1 3 -4 4 -6 -7 -8 8 -10 11 -12 13 -14 -15
leaf_value=-3.1729594463258074e-06 -0.0020107372908835085 0.00087365121114999053 0.0025555611516420661 0.0053575790859758839 -0.00017585012828931214 -0.0037525131180882452 -0.00051398330258082723 0.0052240236429497607 -0.00094386607233900579 0.0090768549125641567 0.00034528150749044671 -0.0010162330892247455 0.0026829437977126378 0.0041734858726461734
leaf_weight=2633 65 20.000000000000004 26 10.000000000000002 11.999999999999998 9.9999999999999982 364 13.999999999999998 32 10.000000000000002 79 12.000000000000002 10.999999999999998 11.999999999999998
leaf_count=2633 65 20 26 10 12 10 364 14 32 10 79 12 11 12
internal_value=2.82913e-08 -0.000848585 3.11237e-05 0.000604105 0.00233934 -0.000668404 1.0399e-05 7.84957e-05 0.0013434 0.00187378 0.00107972 0.00351484 0.00572766 0.00157863
internal_weight=3310 117 3193 52 22 30 3167 2803 170 138 93 45 21 24
internal_count=3310 117 3193 52 22 30 3167 2803 170 138 93 45 21 24
is_linear=0
shrinkage=0.05


Tree=96
num_leaves=15
num_cat=1
split_feature=8 3 8 6 8 0 3 1 8 6 8 4 6 9
split_gain=0.0353399 0.0758371 0.0937662 0.0754635 0.0876972 0.15619 0.104273 0.072201 0.0794244 0.0712071 0.0851208 0.0781213 0.0629065 0.0574431
threshold=0.1857344642857143 0.077775000000000025 0.15310517857142858 0.13668000000000002 0.19957857142857144 0 0.19732500000000003 2.5000000000000004 0.19677928571428574 0.16342500000000001 0.18831464285714286 0.20855500000000002 0.13837000000000002 0.1461891399693698
decision_type=2 2 2 2 2 1 2 2 2 2 2 2 2 2
left_child=1 2 -1 13 5 7 -7 8 -5 -9 -11 -12 -6 -2
right_child=3 -3 -4 4 12 6 -8 9 -10 10 11 -13 -14 -15
leaf_value=0.0057930107313123626 -0.00016368678831892708 -0.00041346668285539541 0.00021826332440468834 -0.00091272497083991775 0.0038652934398586778 0.0013983461141606314 -0.0013408486933545456 0.0072288461283526633 0.0044247997878119356 0.0071000231942161922 0.00025669987579541551 0.0041021179067902269 7.3018010183590175e-05 -0.001456754470968412
leaf_weight=10.999999999999998 323 714 24 23 10.999999999999998 64 76 10.999999999999998 9.9999999999999982 9.9999999999999982 28 25 1863 117
leaf_count=11 323 714 24 23 11 64 76 11 10 10 28 25 1863 117
internal_value=2.68758e-08 -0.000302074 0.00197033 8.83806e-05 0.000212001 0.00109758 -8.27357e-05 0.00242319 0.000704707 0.003517 0.0028689 0.00207058 9.52779e-05 -0.000507525
internal_weight=3310 749 35 2561 2121 247 140 107 33 74 63 53 1874 440
internal_count=3310 749 35 2561 2121 247 140 107 33 74 63 53 1874 440
cat_boundaries=0 1
cat_threshold=83
is_linear=0
shrinkage=0.05


Tree=97
num_leaves=15
num_cat=0
split_feature=1 6 2 2 3 3 8 6 6 4 6 3 3 6
split_gain=0.033882 0.0971394 0.0948055 0.161662 0.0903633 0.0855818 0.0675393 0.178745 0.0619045 0.0587371 0.0573119 0.0813199 0.06891 0.0586596
threshold=5.5000000000000009 0.60086500000000009 3.5000000000000004 1.5000000000000002 0.20883000000000004 0.78033500000000011 0.24777000000000002 0.3782100000000001 0.16599500000000003 0.19700500000000001 0.49053500000000005 0.19732500000000003 0.13281000000000001 0.24588500000000002
decision_type=2 2 2 2 2 2 2 2 2 2 2 2 2 2
left_child=5 2 3 9 -5 10 7 8 -4 -2 13 12 -12 -1
right_child=1 -3 6 4 -6 -7 -8 -9 -10 -11 11 -13 -14 -15
leaf_value=-0.00013588077354851591 0.0013765912632354431 0.0041038525345570903 0.0012675672612298947 0.0067502399627119309 0.00218372300792581 -0.0039646836330315899 -0.0012047188022395359 0.005433566797728418 -0.00052109246465695985 -0.0024747215042060073 -0.0026966194299837716 -0.0022481774746077408 0.0015504186930936866 0.00039636660323932003
leaf_weight=2012 18 17 67 14.999999999999998 39 13.999999999999998 102 15.999999999999998 174 22 12.999999999999998 68 36 697
leaf_count=2012 18 17 67 15 39 14 102 16 174 22 13 68 36 697
internal_value=2.55333e-08 0.000393259 0.000254009 0.00166759 0.0034522 -6.50518e-05 -0.000116121 0.00031593 -2.38302e-05 -0.000741631 -4.57331e-05 -0.00112921 0.000423653 1.06143e-06
internal_weight=3310 470 453 94 54 2840 359 257 241 40 2826 117 49 2709
internal_count=3310 470 453 94 54 2840 359 257 241 40 2826 117 49 2709
is_linear=0
shrinkage=0.05


Tree=98
num_leaves=15
num_cat=2
split_feature=9 9 7 7 7 8 3 9 0 6 8 8 7 0
split_gain=0.0330531 0.0632806 0.0671452 0.106376 0.0454881 0.0559249 0.0556703 0.0444389 0.0908787 0.228361 0.224949 0.0907585 0.124919 0.102198
threshold=0.051827502087353934 0.062143127852018164 0.13670785714285719 0.13214285714285715 0.12052214285714287 0.18045482142857147 0.087885000000000019 0.086985644815360599 0 0.27032000000000006 0.2577660714285715 0.20248857142857146 0.23677071428571431 1
decision_type=2 2 2 2 2 2 2 2 1 2 2 2 2 1
left_child=4 2 3 -2 -1 6 -6 8 9 -3 -11 12 13 -9
right_child=1 7 -4 -5 5 -7 -8 11 -10 10 -12 -13 -14 -15
leaf_value=0.0019882100990370791 0.00029333092825254418 -0.00050800076343067403 0.00056514465269980789 0.0072758484445512297 0.0023772045399527999 0.00026697679124704243 -0.0014711368050111327 0.002434636598263751 -0.00061331217683165866 0.0080096748682033075 -0.00073462941812370752 -6.17569147475907e-05 -0.00094404530661329293 0.00048807952623098607
leaf_weight=17 12.000000000000002 72 212 9.9999999999999982 9.9999999999999982 98 156 105 573 19.000000000000004 11.999999999999998 1725 83 206
leaf_count=17 12 72 212 10 10 98 156 105 573 19 12 1725 83 206
internal_value=2.42557e-08 4.81487e-05 0.000837988 0.0034672 -0.000518726 -0.000680157 -0.00123931 -1.79774e-05 -0.00037096 0.000945064 0.00462478 9.46305e-05 0.000779321 0.00123926
internal_weight=3310 3029 234 22 281 264 166 2795 676 103 31 2119 394 311
internal_count=3310 3029 234 22 281 264 166 2795 676 103 31 2119 394 311
cat_boundaries=0 1 2
cat_threshold=152 6
is_linear=0
shrinkage=0.05


Tree=99
num_leaves=15
num_cat=1
split_feature=6 6 2 8 8 9 9 8 0 4 7 7 5 8
split_gain=0.033184 0.0723675 0.103022 0.0521894 0.0603916 0.11807 0.144596 0.135151 0.071979 0.0765183 0.0638673 0.056101 0.0547251 0.0532804
threshold=0.088530000000000011 0.093190000000000009 12.500000000000002 0.1857344642857143 0.20332000000000003 0.10662010431941517 0.11884543307493929 0.19616392857142859 0 0.25103000000000003 0.12327857142857145 0.24059142857142859 0.12327 0.19920785714285719
decision_type=2 2 2 2 2 2 2 2 1 2 2 2 2 2
left_child=-1 2 -2 -3 5 8 7 -7 9 -5 -6 12 -8 -14
right_child=1 3 -4 4 10 6 11 -9 -10 -11 -12 -13 13 -15
leaf_value=-0.00069301870031134667 0.00056623076244639902 -0.00038993123602811599 0.0062769511079585009 0.00056120335259082093 -0.0030517087181043978 0.0014877964412562507 -0.00045285864374212297 0.0078903319368905881 -0.00042112380957913179 0.0039396787705343397 2.590718383760242e-05 -0.0016652333385804121 0.0040906132578384128 0.00085778784615775719
leaf_weight=164 28 647 10.999999999999998 83 17 15.999999999999998 24 17 205 21 2009 17 25 26
leaf_count=164 28 647 11 83 17 16 24 17 205 21 2009 17 25 26
internal_value=3.71895e-07 3.65181e-05 0.00217695 9.65083e-06 0.000114744 0.000650005 0.00194665 0.00478607 0.000125474 0.00113433 8.3161e-08 0.000928155 0.00151599 0.00244251
internal_weight=3310 3146 39 3107 2460 434 125 33 309 104 2026 92 75 51
internal_count=3310 3146 39 3107 2460 434 125 33 309 104 2026 92 75 51
cat_boundaries=0 1
cat_threshold=593
is_linear=0
shrinkage=0.05


Tree=100
num_leaves=15
num_cat=0
split_feature=3 3 4 7 7 7 3 9 2 5 5 4 1 4
split_gain=0.0322595 0.0726558 0.100749 0.0536212 0.0498849 0.0502736 0.0501094 0.0959763 0.0711162 0.0473938 0.0436547 0.0578294 0.109096 0.104353
threshold=0.24130500000000002 0.23607000000000003 0.27337000000000006 0.23614428571428575 0.15338642857142862 0.20327642857142861 0.25569000000000003 0.076708609674610087 12.500000000000002 0.21835000000000002 0.070535000000000014 0.14928000000000005 5.5000000000000009 0.13970500000000002
decision_type=2 2 2 2 2 2 2 2 2 2 2 2 2 2
left_child=1 -1 3 9 -2 6 7 -6 -8 -3 -7 12 13 -12
right_child=4 2 -4 -5 5 10 8 -9 -10 -11 11 -13 -14 -15
leaf_value=6.9076142558471823e-05 0.0024760521444263492 -0.0028822651132941243 0.005586959383383926 0.0029509473553237815 -0.0018296943814493716 -0.0029916611500084402 -0.0022853443260908456 0.0032029084499097535 0.00022266243198295921 0.0016962345223873855 -0.00044103917766187805 -0.0002152638415926397 0.0059801362454891208 0.0032348800996819943
leaf_weight=2100 17 13.000000000000002 13.999999999999998 14.999999999999998 20 12.999999999999998 91 18 41 9.9999999999999982 75 847 9.9999999999999982 26
leaf_count=2100 17 13 14 15 20 13 91 18 41 10 75 847 10 26
internal_value=2.89684e-07 0.000114793 0.00196105 0.000625187 -0.000212501 -0.000252558 -0.00104576 0.00055417 -0.00150634 -0.000891613 -0.000113687 -7.46327e-05 0.000998471 0.000505237
internal_weight=3310 2152 52 38 1158 1141 170 38 132 23 971 958 111 101
internal_count=3310 2152 52 38 1158 1141 170 38 132 23 971 958 111 101
is_linear=0
shrinkage=0.05


Tree=101
num_leaves=15
num_cat=0
split_feature=3 6 3 4 5 4 5 5 7 6 7 6 2 2
split_gain=0.0310504 0.059861 0.0754978 0.0547103 0.161684 0.0972702 0.0951708 0.106508 0.0623116 0.0483715 0.10255 0.0472302 0.0377744 0.119792
threshold=0.40332000000000007 0.64035000000000009 0.86634500000000014 0.25526000000000004 0.16213500000000003 0.28776500000000005 0.37064000000000002 0.50190500000000016 0.34942071428571431 0.14825000000000002 0.28830500000000009 0.51649000000000012 17.500000000000004 19.500000000000004
decision_type=2 2 2 2 2 2 2 2 2 2 2 2 2 2
left_child=12 2 3 6 8 -6 9 -8 -5 10 -2 -11 -1 -14
right_child=1 -3 -4 4 5 -7 7 -9 -10 11 -12 -13 13 -15
leaf_value=-5.1875721324388539e-05 0.0037602074970588236 0.0031354085224765266 -0.004891244005411864 0.001562409001317891 0.0032894509977528029 -0.0012368405444692307 0.0042752368026413015 -0.0019562099148364115 0.0068843891971151943 -0.0024292249099313063 -0.0022070113194382029 0.0011797689460217953 0.0020172650450350424 0.00011415791668981437
leaf_weight=2277 12.000000000000002 10.999999999999998 9.9999999999999982 11.000000000000002 13.999999999999998 78 16.000000000000004 11.999999999999998 10.999999999999998 97 18 9.9999999999999982 95 638
leaf_count=2277 12 11 10 11 14 78 16 12 11 97 18 10 95 638
internal_value=2.75205e-07 -0.000484803 -0.000622597 -0.000469599 0.00037275 -0.000548057 -0.00105159 0.00160462 0.0042234 -0.00159446 0.000179876 -0.00209194 4.86219e-05 0.000360809
internal_weight=3310 300 289 279 114 92 165 28 22 137 30 107 3010 733
internal_count=3310 300 289 279 114 92 165 28 22 137 30 107 3010 733
is_linear=0
shrinkage=0.05


Tree=102
num_leaves=15
num_cat=0
split_feature=8 9 9 5 8 6 8 2 2 4 9 1 7 8
split_gain=0.0310752 0.0505296 0.0599498 0.0404431 0.0551752 0.044844 0.039475 0.0384049 0.103623 0.0746227 0.0649382 0.0762106 0.0775139 0.0568683
threshold=0.38847214285714288 0.21240763022402986 0.20786786619933847 0.23632500000000004 0.34571517857142864 0.17752500000000002 0.35568767857142863 29.500000000000004 23.500000000000004 0.34756000000000004 0.053192773107700514 1.0000000180025095e-35 0.15658071428571432 0.22350392857142862
decision_type=2 2 2 2 2 2 2 2 2 2 2 2 2 2
left_child=1 2 7 4 -3 -5 -4 8 -1 10 -10 -12 -13 -14
right_child=-2 3 6 5 -6 -7 -8 -9 9 -11 11 12 13 -15
leaf_value=-7.3706610518357215e-06 0.002540050695339839 -0.0010579758607668847 0.003958200446504633 0.00012499316435423679 0.0025775519532284571 -0.0030563640602243444 -4.6389256604015826e-05 -0.00047668623599887971 -0.00024430656795307331 -0.00090911121369572365 0.0053217608609379061 0.0059018940263194965 -0.00012911098963694457 0.0025541097304085272
leaf_weight=2632 11.999999999999998 41 16.000000000000004 15.999999999999998 13.999999999999998 36 9.9999999999999982 363 31 32 18 9.9999999999999982 39 40
leaf_count=2632 12 41 16 16 14 36 10 363 31 32 18 10 39 40
internal_value=2.61443e-07 -8.97976e-06 2.68584e-05 -0.00107776 -0.000132569 -0.00207748 0.00241797 7.21578e-06 6.99054e-05 0.00126632 0.00177077 0.00235458 0.00175447 0.00122948
internal_weight=3310 3298 3191 107 55 52 26 3165 2802 170 138 107 89 79
internal_count=3310 3298 3191 107 55 52 26 3165 2802 170 138 107 89 79
is_linear=0
shrinkage=0.05


Tree=103
num_leaves=15
num_cat=0
split_feature=1 1 2 2 8 6 7 5 4 4 9 6 4 9
split_gain=0.0312978 0.069925 0.0911911 0.0661943 0.146873 0.161416 0.107064 0.0651823 0.0727565 0.0548933 0.052861 0.0513618 0.0665874 0.0545954
threshold=2.5000000000000004 1.0000000180025095e-35 5.5000000000000009 9.5000000000000018 0.22990607142857147 0.30852000000000007 0.20736857142857143 0.28796000000000005 0.29070500000000005 0.14466000000000004 0.13950757011184203 0.27170000000000005 0.15479500000000004 0.1288364776979341
decision_type=2 2 2 2 2 2 2 2 2 2 2 2 2 2
left_child=1 2 11 4 5 -4 -5 9 -9 -8 -6 12 -1 -13
right_child=-2 -3 3 6 10 -7 7 8 -10 -11 -12 13 -14 -15
leaf_value=0.0030361027709053211 0.00013269652040521341 -0.00042720634117310335 -0.00075885140376480962 -0.000886758040754406 -0.0057229435495922678 0.0060867750644683846 0.0040748562303964389 0.0056539963348768638 0.0002173295256761776 0.00032610525420583231 -0.0019723881036043168 0.0014559125832790786 2.2207705737793282e-07 0.0051417843496892601
leaf_weight=24 1900 940 62 96 17 9.9999999999999982 10.999999999999998 16.000000000000004 9.9999999999999982 87 21 27 73 15.999999999999998
leaf_count=24 1900 940 62 96 17 10 11 16 10 87 21 27 73 16
internal_value=2.48371e-07 -0.000178228 0.000319729 -0.000133904 -0.00113537 0.00019193 0.000366832 0.00133735 0.00356297 0.000746883 -0.00365027 0.00138901 0.000751368 0.0028274
internal_weight=3310 1410 470 330 110 72 220 124 26 98 38 140 97 43
internal_count=3310 1410 470 330 110 72 220 124 26 98 38 140 97 43
is_linear=0
shrinkage=0.05


Tree=104
num_leaves=15
num_cat=0
split_feature=3 3 6 4 4 3 3 1 9 8 5 4 9 8
split_gain=0.0317522 0.0795161 0.0509063 0.0466682 0.0602646 0.0570345 0.110044 0.057784 0.0775362 0.0525444 0.0735494 0.0667166 0.060335 0.0600809
threshold=0.15956000000000004 0.15880000000000002 0.11200500000000001 0.081830000000000014 0.12346000000000001 0.12385000000000002 0.13141500000000003 1.5000000000000002 0.11358519172385824 0.23221375000000002 0.166135 0.38642500000000007 0.053192773107700514 0.27767535714285718
decision_type=2 2 2 2 2 2 2 2 2 2 2 2 2 2
left_child=1 3 -2 5 -5 7 -7 8 -1 10 -6 12 -12 -11
right_child=2 -3 -4 4 9 6 -8 -9 -10 13 11 -13 -14 -15
leaf_value=-0.00045642797901694257 -0.00099840900810332293 0.0041138629715603134 -4.2185691369177942e-05 -0.00069349744923450241 -1.4168800398692839e-05 0.0070317941373849099 0.00080559144873404887 -0.0013548880170744201 0.0051531725774773144 -0.00097729342215253771 -0.00061536086119731942 -0.0019900047409464605 0.0016520697551615706 0.00091380256266954053
leaf_weight=14.000000000000002 149 12.999999999999998 2113 199 290 11.000000000000002 20 26 10.999999999999998 140 34 15.999999999999998 214 60
leaf_count=14 149 13 2113 199 290 11 20 26 11 140 34 16 214 60
internal_value=2.35953e-07 0.00022775 -0.000105173 0.000178939 8.04541e-05 0.00132353 0.00301489 0.000295447 0.0020118 0.00028472 0.000535508 0.00113932 0.00134121 -0.000409965
internal_weight=3310 1048 2262 1035 953 82 31 51 25 754 554 264 248 200
internal_count=3310 1048 2262 1035 953 82 31 51 25 754 554 264 248 200
is_linear=0
shrinkage=0.05


Tree=105
num_leaves=15
num_cat=0
split_feature=3 3 5 1 4 4 6 3 3 3 4 4 3 2
split_gain=0.0286564 0.0717633 0.0492269 0.0472621 0.0421181 0.0543888 0.0535937 0.0614277 0.0722171 0.0626199 0.0490475 0.0984746 0.0562119 0.0459585
threshold=0.15956000000000004 0.15880000000000002 0.098730000000000012 2.5000000000000004 0.081830000000000014 0.12346000000000001 0.28592500000000004 0.12385000000000002 0.13357000000000005 0.098455000000000015 0.39707000000000009 0.37978500000000009 0.10152500000000002 3.5000000000000004
decision_type=2 2 2 2 2 2 2 2 2 2 2 2 2 2
left_child=1 4 3 -2 6 -6 7 9 -9 -1 11 13 -12 -7
right_child=2 -3 -4 -5 5 10 -8 8 -10 -11 12 -13 -14 -15
leaf_value=0.00093189374310895809 -0.0017196151978388461 0.0039081697029849658 -4.1382599013395111e-05 0.00024813720337214307 -0.00065882259356232374 0.0011108992097433657 0.0042022670798290236 0.0057269949889318496 0.00022237286768638745 -0.0030247443852325284 0.0022443313570693134 0.0053107551042921846 -0.0018918452538934578 0.00010378019357639619
leaf_weight=30 87 12.999999999999998 2128 47 199 143 12.999999999999998 11.000000000000002 12.999999999999998 14.999999999999998 9.9999999999999982 9.9999999999999982 46 545
leaf_count=30 87 13 2128 47 199 143 13 11 13 15 10 10 46 545
internal_value=2.24155e-07 0.000216363 -9.99143e-05 -0.00102943 0.000169992 7.64314e-05 0.00125735 0.000702514 0.00274532 -0.000386986 0.000270484 0.000384708 -0.00115324 0.000313109
internal_weight=3310 1048 2262 134 1035 953 82 69 24 45 754 698 56 688
internal_count=3310 1048 2262 134 1035 953 82 69 24 45 754 698 56 688
is_linear=0
shrinkage=0.05


Tree=106
num_leaves=15
num_cat=1
split_feature=0 3 8 9 5 9 4 4 2 2 7 3 7 9
split_gain=0.0285869 0.078173 0.0604782 0.134883 0.161237 0.0902898 0.0756172 0.0796809 0.0750762 0.17489 0.203574 0.366332 0.137772 0.0836841
threshold=0 0.58247000000000015 0.24490535714285719 0.13259050628305744 0.33838500000000005 0.084740406321296841 0.13002000000000002 0.29070500000000005 7.5000000000000009 4.5000000000000009 0.19419071428571433 0.16163500000000003 0.22417428571428574 0.11825290410871524
decision_type=1 2 2 2 2 2 2 2 2 2 2 2 2 2
left_child=2 -2 3 8 6 -4 -5 -8 9 12 11 -11 13 -1
right_child=1 -3 5 4 -6 -7 7 -9 -10 10 -12 -13 -14 -15
leaf_value=-0.00018185125505666759 -8.7725727251464932e-05 -0.0031546076887198505 -0.0031187949042456847 -0.0017092992730725271 0.0085237903567031027 -4.0237676286214776e-06 0.0039858667983935451 -0.00053671990421467596 -0.00030223860147211715 0.0014483493807561254 0.00092302149609096496 0.012858491899290433 0.0030180020673599628 -0.0035209787330434971
leaf_weight=86 1965 21 24 12.999999999999998 9.9999999999999982 761 32 13.999999999999998 252 17.000000000000004 51 11.999999999999998 28 24
leaf_count=86 1965 21 24 13 10 761 32 14 252 17 51 12 28 24
internal_value=2.1295e-07 -0.000119553 0.00017941 0.000588582 0.00265291 -9.92524e-05 0.00165784 0.00260943 0.000285522 0.000964951 0.00282497 0.00616979 -0.000113323 -0.000910388
internal_weight=3310 1986 1324 539 69 785 59 46 470 218 80 29 138 110
internal_count=3310 1986 1324 539 69 785 59 46 470 218 80 29 138 110
cat_boundaries=0 1
cat_threshold=202
is_linear=0
shrinkage=0.05


Tree=107
num_leaves=15
num_cat=1
split_feature=3 7 9 7 0 7 6 6 6 3 5 5 7 1
split_gain=0.0277129 0.0517121 0.103476 0.0679389 0.0434739 0.0621119 0.0617586 0.0598075 0.0608924 0.0501632 0.0470815 0.0406061 0.0408917 0.0444725
threshold=0.12060500000000002 0.23388785714285718 0.10847451434131276 0.26293071428571435 0 0.11457285714285716 0.10189000000000002 0.14294500000000002 0.23550500000000005 0.063560000000000019 0.18724000000000002 0.10010500000000001 0.13309428571428575 2.5000000000000004
decision_type=2 2 2 2 1 2 2 2 2 2 2 2 2 2
left_child=1 4 -3 -4 5 10 -7 -8 -9 -6 -1 12 -2 -14
right_child=11 2 3 -5 9 6 7 8 -10 -11 -12 -13 13 -15
leaf_value=0.00082433475181460365 0.0018637443705561705 0.0059551073936745524 0.0032411191540841866 -0.0015024173565001953 0.0018065874506040321 -0.00068527716852258887 0.0052603964492057764 0.00024945195958328748 0.003866981077436848 -0.00034778536166701251 -0.003546908332712271 -5.6060852498316387e-06 -0.0014743257698668574 0.00017037311736799654
leaf_weight=14.000000000000002 13.999999999999998 11.999999999999998 13.000000000000002 18 30 20 14.999999999999998 30 19 272 10.999999999999998 2655 126 61
leaf_count=14 14 12 13 18 30 20 15 30 19 272 11 2655 126 61
internal_value=2.02298e-07 0.00036307 0.00201284 0.000486808 0.000190465 0.000997322 0.00173996 0.00249785 0.00165217 -0.000129487 -0.00109901 -5.74804e-05 -0.000742686 -0.00093782
internal_weight=3310 454 43 31 411 109 84 64 49 302 25 2856 201 187
internal_count=3310 454 43 31 411 109 84 64 49 302 25 2856 201 187
cat_boundaries=0 1
cat_threshold=193
is_linear=0
shrinkage=0.05


Tree=108
num_leaves=15
num_cat=1
split_feature=8 9 9 9 1 5 6 1 6 0 5 5 6 6
split_gain=0.0273664 0.0451518 0.054953 0.0387385 0.0479276 0.0377482 0.0371646 0.0664053 0.0554288 0.0470041 0.132278 0.0954232 0.0856095 0.0810031
threshold=0.38847214285714288 0.21240763022402986 0.20786786619933847 0.25209895137710064 2.5000000000000004 0.24839000000000003 0.54074000000000011 5.5000000000000009 0.71904500000000005 0 0.37064000000000002 0.29795500000000003 0.10337000000000002 0.44317500000000004
decision_type=2 2 2 2 2 2 2 2 2 1 2 2 2 2
left_child=1 2 6 -3 -5 -4 9 8 -8 10 11 12 -1 -11
right_child=-2 3 5 4 -6 -7 7 -9 -10 13 -12 -13 -14 -15
leaf_value=-0.0015901056324872703 0.0023836046302070221 -0.0017986075015869575 0.00055086030292191663 -0.0016482274699956179 0.0016984813482217168 0.0043725036162262166 -0.0027374276438624496 0.0016800898839445676 0.00077220222602287928 -0.00015736355794444991 0.0015297388885451935 -0.0012566345638393721 0.00038566799783298087 0.0023791381609044038
leaf_weight=59 11.999999999999998 64 14.000000000000002 20 23 11.999999999999998 45 17 14.999999999999998 1920 181 121 775 32
leaf_count=59 12 64 14 20 23 12 45 17 15 1920 181 121 775 32
internal_value=1.9218e-07 -8.48003e-06 2.53974e-05 -0.00101879 0.000141873 0.0023147 6.59119e-06 -0.00107844 -0.00186002 3.36466e-05 0.000287876 5.55222e-05 0.000245895 -0.000115191
internal_weight=3310 3298 3191 107 43 26 3165 77 60 3088 1136 955 834 1952
internal_count=3310 3298 3191 107 43 26 3165 77 60 3088 1136 955 834 1952
cat_boundaries=0 1
cat_threshold=202
is_linear=0
shrinkage=0.05


Tree=109
num_leaves=15
num_cat=1
split_feature=3 7 7 8 0 8 5 6 9 3 4 4 7 5
split_gain=0.0274868 0.06162 0.069861 0.0550596 0.0469063 0.0863554 0.0641717 0.0573505 0.0548547 0.0522483 0.097181 0.0517552 0.0784004 0.0502249
threshold=0.31948500000000007 0.23325785714285716 0.23746285714285717 0.24974267857142862 0 0.23755839285714289 0.17319500000000002 0.14399000000000003 0.10366401261554893 0.58247000000000015 0.37722000000000006 0.24557500000000002 0.31009500000000007 0.19292500000000004
decision_type=2 2 2 2 1 2 2 2 2 2 2 2 2 2
left_child=-1 3 -3 -2 5 -4 7 -6 -8 10 -9 12 -7 -10
right_child=1 2 4 -5 6 11 8 9 13 -11 -12 -13 -14 -15
leaf_value=6.6039161421746015e-05 -0.00090952626497977805 0.0028966617231306279 -0.0026389372776155179 -0.0040266408311093555 -0.00093893116747494803 0.0047978597149873764 0.0011758933575877633 -0.00014844261513644597 -0.0025720442878082398 0.0047076409185926125 0.0051277583464980131 -0.00085853789521179189 -0.00091763019542365025 -0.00031371410335114149
leaf_weight=2738 85 19 51 17 20 12.000000000000002 52 32 29 14.999999999999998 11.999999999999998 53 11.999999999999998 163
leaf_count=2738 85 19 51 17 20 12 52 32 29 15 12 53 12 163
internal_value=1.82572e-07 -0.000315054 -7.32942e-05 -0.00142905 -0.000198414 -0.000967576 0.000132254 0.00137492 -0.000264665 0.00215928 0.00129052 1.37694e-05 0.00194011 -0.000654816
internal_weight=3310 572 470 102 451 128 323 79 244 59 44 77 24 192
internal_count=3310 572 470 102 451 128 323 79 244 59 44 77 24 192
cat_boundaries=0 1
cat_threshold=293
is_linear=0
shrinkage=0.05


Tree=110
num_leaves=15
num_cat=0
split_feature=3 8 5 7 7 9 9 3 7 7 8 7 6 9
split_gain=0.0271259 0.0299029 0.137088 0.138971 0.131471 0.0503657 0.0425611 0.0301282 0.0704934 0.0758638 0.0425689 0.0522426 0.0397256 0.0397025
threshold=0.86634500000000014 0.33616607142857147 0.17143000000000003 0.27566857142857148 0.23614428571428575 0.21439473325361721 0.18376003644360542 0.12060500000000002 0.23388785714285718 0.24934642857142861 0.1826353571428572 0.11278928571428572 0.14016500000000004 0.10911737681536458
decision_type=2 2 2 2 2 2 2 2 2 2 2 2 2 2
left_child=1 5 -3 4 -4 7 -5 8 -1 -10 11 -9 -12 -11
right_child=-2 2 3 6 -6 -7 -8 10 9 13 12 -13 -14 -15
leaf_value=0.00019077735918866437 -0.0024786340919407935 0.0054286079148628888 -0.00096127205373098428 0.00065540513023734095 0.0057951918343961658 -0.0015214484005065805 -0.0017271692710840759 0.0027811737537073596 0.0061716667376458647 0.0036714236065745346 -0.00043556924982506132 -0.000558713730404311 0.00013303986452622746 -0.00022083147502455271
leaf_weight=406 10.999999999999998 13.999999999999998 12.000000000000002 29 18 55 53 11.999999999999998 9.9999999999999982 10.000000000000002 370 482 1809 19
leaf_count=406 11 14 12 29 18 55 53 12 10 10 370 482 1809 19
internal_value=1.73448e-07 8.43864e-06 0.000763853 0.000180759 0.00309261 -2.15589e-05 -0.000884551 4.89842e-06 0.000385822 0.00241628 -5.85176e-05 -0.000477583 3.64885e-05 0.00112133
internal_weight=3310 3299 126 112 30 3173 82 3118 445 39 2673 494 2179 29
internal_count=3310 3299 126 112 30 3173 82 3118 445 39 2673 494 2179 29
is_linear=0
shrinkage=0.05


Tree=111
num_leaves=15
num_cat=0
split_feature=3 3 4 7 7 7 2 2 4 6 2 5 9 5
split_gain=0.025641 0.06532 0.0880717 0.0477925 0.0425276 0.0449333 0.0707754 0.108026 0.0893875 0.0760406 0.0676886 0.0734753 0.0835311 0.124214
threshold=0.24130500000000002 0.23607000000000003 0.27337000000000006 0.23614428571428575 0.15338642857142862 0.23325785714285716 2.5000000000000004 9.5000000000000018 0.16649500000000003 0.23134000000000002 29.500000000000004 0.10010500000000001 0.1353593378262801 0.13390000000000002
decision_type=2 2 2 2 2 2 2 2 2 2 2 2 2 2
left_child=1 -1 3 -3 -2 -6 8 -8 9 -7 11 -9 -13 -14
right_child=4 2 -4 -5 5 6 7 10 -10 -11 -12 12 13 -15
leaf_value=5.8900951906382815e-05 0.0022928411928553358 -0.00082815895666894703 0.0052429341644580872 0.0027995483282332624 -0.00071737081546820365 0.0010904586047399785 -0.00092695022392588712 -0.0024047097115221226 0.00048172340409039931 0.0072565198922529819 -0.00083616639343457989 0.00026463695600493034 0.0068312099125857166 0.0014046803178351332
leaf_weight=2100 17 23 13.999999999999998 14.999999999999998 331 10.000000000000002 301 18 91 9.9999999999999982 95 186 11.999999999999998 87
leaf_count=2100 17 23 14 15 331 10 301 18 91 10 95 186 12 87
internal_value=1.64774e-07 0.000102248 0.00185282 0.000603831 -0.000189545 -0.000226531 -2.59528e-05 -0.000212201 0.00114691 0.00417349 0.000328351 0.000693463 0.000889137 0.00206244
internal_weight=3310 2152 52 38 1158 1141 810 699 111 20 398 303 285 99
internal_count=3310 2152 52 38 1158 1141 810 699 111 20 398 303 285 99
is_linear=0
shrinkage=0.05


Tree=112
num_leaves=15
num_cat=1
split_feature=1 4 2 6 2 2 3 0 8 6 3 3 3 7
split_gain=0.0267051 0.079732 0.135494 0.219767 0.0801205 0.065959 0.0654167 0.0585908 0.056371 0.0514707 0.0703019 0.0589751 0.0500265 0.0484086
threshold=5.5000000000000009 0.19441500000000003 12.500000000000002 0.3782100000000001 5.5000000000000009 19.500000000000004 0.78033500000000011 0 0.21341160714285717 0.49053500000000005 0.19732500000000003 0.13281000000000001 0.17969500000000002 0.19004214285714291
decision_type=2 2 2 2 2 2 2 1 2 2 2 2 2 2
left_child=6 2 3 4 8 -4 9 -3 12 -1 11 -11 -2 -9
right_child=1 7 5 -5 -6 -7 -8 13 -10 10 -12 -13 -14 -15
leaf_value=3.6171305035536824e-06 0.0042060099076479665 -0.00090136894399240285 -0.0024500778718062905 0.0078362230269704014 -0.00022755855542001022 0.00096481448009369845 -0.0034670130216649603 -0.00077010460551256291 0.0062544114142656336 -0.0025102670958194024 -0.0021079140415702783 0.0014187104199663736 -0.00019347608654892871 0.00095484377248077437
leaf_weight=2709 12.000000000000002 124 26 15.999999999999998 38 31 13.999999999999998 57 9.9999999999999982 12.999999999999998 68 36 13.999999999999998 142
leaf_count=2709 12 124 26 16 38 31 14 57 10 13 68 36 14 142
internal_value=1.56532e-07 0.000349267 0.00131461 0.00252267 0.00137379 -0.000592856 -5.76188e-05 -9.00668e-05 0.0030641 -4.07287e-05 -0.0010675 0.000376329 0.00183706 0.000438717
internal_weight=3310 470 147 90 74 57 2840 323 36 2826 117 49 26 199
internal_count=3310 470 147 90 74 57 2840 323 36 2826 117 49 26 199
cat_boundaries=0 1
cat_threshold=389
is_linear=0
shrinkage=0.05


Tree=113
num_leaves=15
num_cat=0
split_feature=8 9 9 3 5 6 8 6 1 6 2 2 9 8
split_gain=0.0247023 0.037376 0.0466446 0.0374833 0.0349266 0.0432765 0.0419439 0.0325689 0.0533505 0.0485554 0.0366399 0.110848 0.0850439 0.171634
threshold=0.38847214285714288 0.21240763022402986 0.20786786619933847 0.29574000000000006 0.23632500000000004 0.17752500000000002 0.34571517857142864 0.54074000000000011 5.5000000000000009 0.71904500000000005 29.500000000000004 17.500000000000004 0.13464469250551306 0.28336821428571435
decision_type=2 2 2 2 2 2 2 2 2 2 2 2 2 2
left_child=1 2 7 -4 6 -6 -3 10 9 -9 11 -1 -13 -14
right_child=-2 4 3 -5 5 -7 -8 8 -10 -11 -12 12 13 -15
leaf_value=-4.1857400113821838e-05 0.0022644468583166602 -0.00085591779766773252 0.00037411063510392386 0.0041823227268954124 0.00030716808432771362 -0.0028180950883931171 0.0023138654218720542 -0.0025322224215293923 0.0014620914041776868 0.00075260509115954253 -0.00045346233716925846 0.00052847808827547946 0.0044400107528504342 -0.00072908490681304389
leaf_weight=2329 11.999999999999998 41 14.000000000000002 11.999999999999998 15.999999999999998 36 13.999999999999998 45 17 14.999999999999998 347 344 42 26
leaf_count=2329 12 41 14 12 16 36 14 45 17 15 347 344 42 26
internal_value=1.25523e-08 -8.22675e-06 2.25959e-05 0.00213175 -0.000927432 -0.00185648 -4.90639e-05 5.26951e-06 -0.00101046 -0.00171102 3.0597e-05 9.1877e-05 0.000847866 0.00246359
internal_weight=3310 3298 3191 26 107 52 55 3165 77 60 3088 2741 412 68
internal_count=3310 3298 3191 26 107 52 55 3165 77 60 3088 2741 412 68
is_linear=0
shrinkage=0.05


Tree=114
num_leaves=15
num_cat=0
split_feature=9 9 4 2 2 6 6 5 8 4 2 8 8 2
split_gain=0.024516 0.0600848 0.0662947 0.0375874 0.0899168 0.113927 0.105021 0.0796774 0.09028 0.0597253 0.0866074 0.0524023 0.0677089 0.0756885
threshold=0.051827502087353934 0.062143127852018164 0.097295000000000006 16.500000000000004 29.500000000000004 0.25637000000000004 0.24588500000000002 0.13304500000000005 0.26663250000000011 0.21520000000000003 21.500000000000004 0.19236107142857148 0.20332000000000003 8.5000000000000018
decision_type=2 2 2 2 2 2 2 2 2 2 2 2 2 2
left_child=-1 2 -2 11 5 6 -5 -7 -9 -10 -11 -3 13 -13
right_child=1 3 -4 4 -6 7 -8 8 9 10 -12 12 -14 -15
leaf_value=-0.00044675131079416022 0.0047942346753552557 -0.00061443912142631913 0.00063327607826327694 0.00116592665453638 -0.00027940986032773168 0.0034891028634526514 0.0056189850405124683 -0.002852920478490444 0.0037825189623981719 0.0016885829006281238 -0.0026505068005265101 0.0015776876169028998 -0.00011826611160747132 -0.00051466224173334638
leaf_weight=281 9.9999999999999982 441 224 244 353 10.999999999999998 13.999999999999998 39 9.9999999999999982 23 23 129 1443 65
leaf_count=281 10 441 224 244 353 11 14 39 10 23 23 129 1443 65
internal_value=1.19219e-08 4.14581e-05 0.000811095 -2.29766e-05 0.000289173 0.000840574 0.00140757 -0.000539461 -0.00100593 0.000280374 -0.000480962 -0.000130682 -3.60014e-07 0.000876643
internal_weight=3310 3029 234 2795 717 364 258 106 95 56 46 2078 1637 194
internal_count=3310 3029 234 2795 717 364 258 106 95 56 46 2078 1637 194
is_linear=0
shrinkage=0.05


Tree=115
num_leaves=15
num_cat=0
split_feature=3 6 3 2 4 6 6 9 2 2 5 6 7 1
split_gain=0.0251723 0.0523252 0.0647823 0.0485318 0.0757228 0.0545332 0.0617257 0.0530568 0.10115 0.0440824 0.0998418 0.0506045 0.0397603 0.0300337
threshold=0.40332000000000007 0.64035000000000009 0.86634500000000014 9.5000000000000018 0.20646 0.19709000000000002 0.14179000000000003 0.14418603483749154 19.500000000000004 2.5000000000000004 0.22566500000000003 0.17936000000000005 0.30756642857142863 1.0000000180025095e-35
decision_type=2 2 2 2 2 2 2 2 2 2 2 2 2 2
left_child=13 2 3 9 7 6 -6 8 -5 10 -2 12 -11 -1
right_child=1 -3 -4 4 5 -7 -8 -9 -10 11 -12 -13 -14 -15
leaf_value=0.00044070926966576743 0.0034805948473513124 0.0029479340491393074 -0.0045197094418108468 0.0033215900866447809 -0.00034745878074318162 0.00023413855920682245 0.0044636865874053914 -0.0027616748390885603 -0.0026888300365369238 0.0026703372388146816 -0.002197483234340325 -0.0023334988160058855 -0.0011320684708400885 -1.9265208263101581e-05
leaf_weight=411 15.000000000000002 10.999999999999998 9.9999999999999982 14.000000000000002 10.000000000000002 58 20 28 13.999999999999998 9.9999999999999982 15.999999999999998 72 22 2599
leaf_count=411 15 11 10 14 10 58 20 28 14 10 16 72 22 2599
internal_value=1.13237e-08 -0.000436746 -0.000565574 -0.000423849 0.000214659 0.00112931 0.00285997 -0.00122265 0.00031638 -0.00110492 0.000549974 -0.00159821 5.61833e-05 4.35419e-05
internal_weight=3310 300 289 279 144 88 30 56 28 135 31 104 32 3010
internal_count=3310 300 289 279 144 88 30 56 28 135 31 104 32 3010
is_linear=0
shrinkage=0.05


Tree=116
num_leaves=15
num_cat=0
split_feature=1 1 6 6 8 7 5 8 8 3 4 5 8 4
split_gain=0.0257948 0.0590788 0.0494799 0.165419 0.0864936 0.0954705 0.104868 0.0567196 0.0498284 0.0457274 0.0606753 0.0501237 0.04743 0.041624
threshold=2.5000000000000004 1.0000000180025095e-35 0.30431500000000006 0.43825000000000008 0.20169035714285719 0.30595500000000003 0.24754000000000001 0.31688357142857149 0.22990607142857147 0.11385000000000002 0.070535000000000014 0.57800500000000021 0.17163821428571432 0.37722000000000006
decision_type=2 2 2 2 2 2 2 2 2 2 2 2 2 2
left_child=1 2 -1 4 -4 6 -6 8 -5 13 -11 12 -12 -3
right_child=-2 9 3 7 5 -7 -8 -9 -10 10 11 -13 -14 -15
leaf_value=3.0681356190935389e-05 0.00012025242781543824 9.22890803849441e-05 -0.0003991631164143865 0.00071291645678381137 0.0087381856640179941 0.0005305950190328683 0.002721160572088723 0.0023708824405912314 -0.0032616331282517182 0.001789013836353731 -0.0019022824960456303 -0.0040194782513109121 -0.0004826056837426281 0.0033947571614407939
leaf_weight=371 1900 208 12.999999999999998 11.999999999999998 15.000000000000002 11.999999999999998 13.999999999999998 9.9999999999999982 23 26 65 10.999999999999998 620 9.9999999999999982
leaf_count=371 1900 208 13 12 15 12 14 10 23 26 65 11 620 10
internal_value=1.07619e-08 -0.000162017 0.000295694 0.00128882 0.00315458 0.00428137 0.00583341 -0.000950083 -0.00189893 -0.000390872 -0.000582498 -0.000671089 -0.00061732 0.000243778
internal_weight=3310 1410 470 99 54 41 29 45 35 940 722 696 685 218
internal_count=3310 1410 470 99 54 41 29 45 35 940 722 696 685 218
is_linear=0
shrinkage=0.05


Tree=117
num_leaves=15
num_cat=0
split_feature=1 2 1 4 4 2 2 6 8 6 9 9 5 4
split_gain=0.0232798 0.0536419 0.119774 0.0680996 0.0657829 0.0667847 0.137566 0.0626814 0.0588121 0.069666 0.0536677 0.135047 0.0477121 0.0512877
threshold=2.5000000000000004 5.5000000000000009 1.5000000000000002 0.12699500000000005 0.070535000000000014 22.500000000000004 29.500000000000004 0.16599500000000003 0.16739267857142862 0.27170000000000005 0.1288364776979341 0.15604385069273 0.12327 0.14466000000000004
decision_type=2 2 2 2 2 2 2 2 2 2 2 2 2 2
left_child=1 2 8 7 -3 -6 12 -4 -1 -10 -11 -12 -7 -14
right_child=-2 4 3 -5 5 6 -8 -9 9 10 11 -13 13 -15
leaf_value=0.0031925129772459441 0.00011423980694292512 0.0017988007844370957 -0.0014375027648261371 -0.00012205392578142836 -0.00069297809275955299 -0.0014163846569135786 -0.00062032024757690694 -0.0058990688435733322 0.00019003157994735081 0.00093358852817410879 0.0084013952501118157 0.0010787070838405807 0.004594653418623946 0.0015573456172056528
leaf_weight=26 1900 34 37 113 689 9.9999999999999982 158 9.9999999999999982 185 42 10.000000000000002 17 18 61
leaf_count=26 1900 34 37 113 689 10 158 10 185 42 10 17 18 61
internal_value=1.02232e-08 -0.000153916 0.000303985 -0.000787315 -0.000361624 -0.000440101 0.000265293 -0.00238677 0.000927585 0.000695742 0.00205163 0.00379081 0.00183751 0.00224939
internal_weight=3310 1410 440 160 970 936 247 47 280 254 69 27 89 79
internal_count=3310 1410 440 160 970 936 247 47 280 254 69 27 89 79
is_linear=0
shrinkage=0.05


Tree=118
num_leaves=15
num_cat=1
split_feature=3 0 9 9 8 5 8 8 5 6 6 5 7 3
split_gain=0.0245178 0.0497185 0.0679735 0.0622432 0.155978 0.175103 0.179303 0.151835 0.121329 0.100187 0.156774 0.101121 0.0612727 0.120312
threshold=0.21121500000000001 0 0.15461949695997218 0.13744394304266347 0.3050325000000001 0.38826000000000005 0.28282571428571435 0.33214285714285724 0.32386000000000009 0.28734000000000004 0.30852000000000007 0.18371500000000004 0.23832785714285717 0.179065
decision_type=2 1 2 2 2 2 2 2 2 2 2 2 2 2
left_child=1 3 -3 9 5 12 -7 -6 -9 -1 -11 -12 13 -5
right_child=-2 2 -4 4 7 6 -8 8 -10 10 11 -13 -14 -15
leaf_value=-0.00028647396745473539 -0.0001496550914819822 8.7557215570298851e-05 -0.0010947900581824664 0.0056505169357957416 -0.003154052183802786 0.011151065846735779 0.001900303289294243 0.0063979462720453739 -0.00015725517951068469 0.0071020897351748618 0.0038418968632707704 -0.00092998367545078515 0.0001075571053661406 -0.00059187271668074233
leaf_weight=243 1498 1221 135 19 29 11.000000000000002 9.9999999999999982 9.9999999999999982 24 11.999999999999998 17 32 36 12.999999999999998
leaf_count=243 1498 1221 135 19 29 11 10 10 24 12 17 32 36 13
internal_value=9.71651e-09 0.000123739 -2.99336e-05 0.000568894 0.0014075 0.00275508 0.00674594 -0.000496225 0.00177075 0.000168305 0.00197996 0.000725567 0.00152261 0.00311455
internal_weight=3310 1812 1356 456 152 89 21 63 34 304 61 49 68 32
internal_count=3310 1812 1356 456 152 89 21 63 34 304 61 49 68 32
cat_boundaries=0 1
cat_threshold=392
is_linear=0
shrinkage=0.05


Tree=119
num_leaves=15
num_cat=0
split_feature=1 6 4 3 2 2 6 5 5 6 3 4 5 6
split_gain=0.0228733 0.0714517 0.0892032 0.064819 0.0639073 0.129837 0.0861895 0.10585 0.0557448 0.056575 0.055423 0.0506281 0.111299 0.0798493
threshold=5.5000000000000009 0.42052500000000009 0.16158000000000003 0.24819000000000002 3.5000000000000004 1.5000000000000002 0.28196000000000004 0.37799500000000003 0.19577500000000003 0.22239500000000004 0.78033500000000011 0.24160000000000001 0.38180500000000006 0.34821000000000008
decision_type=2 2 2 2 2 2 2 2 2 2 2 2 2 2
left_child=10 4 -3 -4 5 8 7 -7 -2 -10 -1 12 -6 -13
right_child=1 2 3 -5 11 6 -8 -9 9 -11 -12 13 -14 -15
leaf_value=-3.7914286102786132e-05 0.0023613720340654254 0.0057978573255240921 0.0032219685932719394 -0.0005617092097444194 1.7320171383695687e-05 0.002462385678452186 -0.00034194858028338505 0.0084694938183846793 0.00025993437240166319 -0.0042351021165294312 -0.0031916402413376742 -0.00044404612759963661 0.0050110376439988615 -0.0038276806002249942
leaf_weight=2826 9.9999999999999982 11.999999999999998 19 28 159 22 12.999999999999998 10.999999999999998 14.000000000000002 13.999999999999998 13.999999999999998 136 11.999999999999998 20
leaf_count=2826 10 12 19 28 159 22 13 11 14 14 14 136 12 20
internal_value=9.22306e-09 0.000323105 0.00195023 0.000967863 8.95266e-05 0.00131968 0.00310634 0.00446476 -0.000843122 -0.00198758 -5.34608e-05 -0.000226476 0.000367756 -0.000877845
internal_weight=3310 470 59 47 411 84 46 33 38 28 2840 327 171 156
internal_count=3310 470 59 47 411 84 46 33 38 28 2840 327 171 156
is_linear=0
shrinkage=0.05


Tree=120
num_leaves=15
num_cat=0
split_feature=3 8 8 1 3 2 7 2 4 4 4 7 8 7
split_gain=0.0225489 0.029196 0.049651 0.0787895 0.0730527 0.1249 0.0595831 0.0896316 0.0726971 0.0690322 0.0593196 0.0876238 0.0711276 0.0636902
threshold=0.057795000000000006 0.1857344642857143 0.20088964285714289 2.5000000000000004 0.14545500000000003 4.5000000000000009 0.16635642857142857 5.5000000000000009 0.14399000000000003 0.160195 0.21972500000000003 0.17228642857142859 0.18734553571428578 0.21420071428571433
decision_type=2 2 2 2 2 2 2 2 2 2 2 2 2 2
left_child=-1 -2 3 -3 5 -5 7 8 -4 -10 12 -12 -6 -14
right_child=1 2 6 4 10 -7 -8 -9 9 -11 11 -13 13 -15
leaf_value=0.0014128994209126437 -0.00028941071475852302 -0.00025269158473680296 -0.003665059290101959 0.0076093609614128425 0.0031866778168478053 0.0015216603509745456 6.5474534190240426e-05 0.00014664020060588316 0.0023837175399351578 -0.0016352096399835623 0.0060461397957458926 0.0011080130488060568 -0.0013672060500084628 0.0011961135163288325
leaf_weight=28 736 162 36 10.999999999999998 15.999999999999998 36 1927 122 12.999999999999998 60 10.999999999999998 49 64 39
leaf_count=28 736 162 36 11 16 36 1927 122 13 60 11 49 64 39
internal_value=8.76538e-09 -1.20451e-05 6.81359e-05 0.000588868 0.00119211 0.00294644 -2.54897e-05 -0.000784313 -0.0018263 -0.00091951 0.000731476 0.00201334 8.51604e-05 -0.000396629
internal_weight=3310 3282 2546 388 226 47 2158 231 109 73 179 60 119 103
internal_count=3310 3282 2546 388 226 47 2158 231 109 73 179 60 119 103
is_linear=0
shrinkage=0.05


Tree=121
num_leaves=15
num_cat=1
split_feature=3 4 2 3 5 4 2 6 3 7 6 3 9 0
split_gain=0.0226164 0.0456042 0.0636561 0.0642658 0.0729308 0.0515603 0.108903 0.0713051 0.108681 0.0772936 0.0584601 0.0517618 0.0618228 0.0472913
threshold=0.21121500000000001 0.18794000000000002 9.5000000000000018 0.14842500000000003 0.073405000000000012 0.44322500000000004 14.500000000000002 0.37460000000000004 0.15080000000000002 0.21761357142857143 0.33862000000000009 0.12286000000000001 0.13950757011184203 0
decision_type=2 2 2 2 2 2 2 2 2 2 2 2 2 1
left_child=1 2 3 4 -1 7 11 10 -9 -10 -3 -7 -13 -6
right_child=-2 5 -4 -5 13 6 -8 8 9 -11 -12 12 -14 -15
leaf_value=0.0047293278780257842 -0.0001437359663632937 0.00046126193373833142 -0.00054427269895373619 -0.00037318887066921098 0.0012293916807413615 0.00041649895446265448 0.0022814359247041423 -0.00045747379323681045 0.0073761755875735129 0.0023762936992660307 -0.0022186614861268374 -0.00052723416592925787 -0.0044354126900434492 -2.9096382520016727e-05
leaf_weight=10.999999999999998 1498 657 455 230 135 17 21 24 10.999999999999998 26 21 17 25 162
leaf_count=11 1498 657 455 230 135 17 21 24 11 26 21 17 25 162
internal_value=8.32662e-09 0.000118843 -0.00010896 0.000259194 0.000731428 0.000395045 -0.000810721 0.000525574 0.00216299 0.00386275 0.000378255 -0.00191132 -0.00285353 0.000583358
internal_weight=3310 1812 993 538 308 819 80 739 61 37 678 59 42 297
internal_count=3310 1812 993 538 308 819 80 739 61 37 678 59 42 297
cat_boundaries=0 1
cat_threshold=217
is_linear=0
shrinkage=0.05


Tree=122
num_leaves=15
num_cat=1
split_feature=0 6 8 9 6 9 5 5 6 2 9 9 7 3
split_gain=0.0214602 0.0680968 0.0766921 0.138361 0.107211 0.082509 0.0786346 0.0841838 0.0760634 0.229391 0.266198 0.0823799 0.0634457 0.093101
threshold=0 0.11370500000000001 0.24490535714285719 0.13259050628305744 0.30431500000000006 0.084740406321296841 0.21835000000000002 0.14629500000000004 0.28196000000000004 8.5000000000000018 0.085795794359005029 0.12748265454486676 0.23266642857142858 0.23886000000000004
decision_type=1 2 2 2 2 2 2 2 2 2 2 2 2 2
left_child=1 -1 3 8 6 -4 7 -5 11 10 -10 -3 13 -7
right_child=-2 2 5 4 -6 12 -8 -9 9 -11 -12 -13 -14 -15
leaf_value=-0.0010911662753642305 -0.00010357977614783428 0.00030475723936560059 -0.002935803458785813 0.0062395881616976092 -0.0016908802377292886 -0.00011447128689779131 0.0066186251535934092 0.00066573433467142639 0.009852148219943048 -0.0014108771414612421 0.0015858281572945999 -0.0030064338693046016 0.00032450821115875432 -0.0026667791468269648
leaf_weight=101 1986 309 24 10.000000000000002 9.9999999999999982 149 18 21 13.999999999999998 32 32 20 537 47
leaf_count=101 1986 309 24 10 10 149 18 21 14 32 32 20 537 47
internal_value=1.89223e-07 0.000155451 0.000259672 0.000764319 0.00302717 -5.09818e-05 0.00399003 0.00246375 0.000436289 0.00184011 0.00410166 0.000103469 4.34735e-05 -0.000726504
internal_weight=3310 1324 1223 466 59 757 49 31 407 78 46 329 733 196
internal_count=3310 1324 1223 466 59 757 49 31 407 78 46 329 733 196
cat_boundaries=0 1
cat_threshold=202
is_linear=0
shrinkage=0.05


Tree=123
num_leaves=15
num_cat=0
split_feature=3 2 8 8 6 9 3 5 9 3 4 8 9 5
split_gain=0.021836 0.0487592 0.0529601 0.0635209 0.0570964 0.082681 0.0842185 0.0515319 0.0491547 0.0534765 0.0448892 0.0685015 0.040702 0.037413
threshold=0.31948500000000007 2.5000000000000004 0.28816107142857145 0.36282750000000002 0.33058000000000004 0.20136473686538495 0.37473000000000006 0.31363000000000002 0.1072930666694608 0.33052000000000009 0.43931500000000007 0.27047625000000003 0.14699292742269573 0.16790500000000003
decision_type=2 2 2 2 2 2 2 2 2 2 2 2 2 2
left_child=-1 7 8 4 -4 6 -6 -2 13 -10 11 -11 -13 -3
right_child=1 2 3 -5 5 -7 -8 -9 9 10 -12 12 -14 -15
leaf_value=5.8862150747416394e-05 0.0015647789630043743 -0.0028813290575941978 -9.0833658285784352e-05 -0.0023513013066258285 0.0046997459046542647 0.005452330606595542 -0.00069956603827169884 -0.0013009943356986956 -0.0032836394925003076 7.1830319457848624e-05 0.0019868495537514758 -0.0052718902938067892 -0.0010953210111308311 -0.0010432961504157707
leaf_weight=2738 62 38 89 20 9.9999999999999982 12.999999999999998 26 21 13.999999999999998 130 23 10.000000000000002 13.999999999999998 102
leaf_count=2738 62 38 89 20 10 13 26 21 14 130 23 10 14 102
internal_value=1.64115e-07 -0.000280807 -0.000470995 0.000282144 0.000663803 0.00203447 0.000800243 0.000839704 -0.0008305 -0.000308842 -7.35475e-05 -0.000381269 -0.00283556 -0.00154219
internal_weight=3310 572 489 158 138 49 36 83 331 191 177 154 24 140
internal_count=3310 572 489 158 138 49 36 83 331 191 177 154 24 140
is_linear=0
shrinkage=0.05


Tree=124
num_leaves=15
num_cat=0
split_feature=8 9 9 7 8 4 4 5 5 3 9 2 2 7
split_gain=0.0208246 0.0304044 0.0420473 0.0676268 0.143851 0.0496226 0.0363556 0.0617581 0.141697 0.0862794 0.0690981 0.0559671 0.131795 0.166336
threshold=0.38847214285714288 0.21240763022402986 0.20136473686538495 0.38350071428571436 0.31309285714285723 0.66734000000000016 0.36548500000000006 0.13390000000000002 0.12028500000000002 0.15080000000000002 0.15928379610224838 21.500000000000004 11.500000000000002 0.26192857142857151
decision_type=2 2 2 2 2 2 2 2 2 2 2 2 2 2
left_child=1 2 5 4 -4 6 -1 8 -8 -9 11 12 -11 -14
right_child=-2 -3 3 -5 -6 -7 7 9 -10 10 -12 -13 13 -15
leaf_value=-4.2327865404068661e-05 0.0020792747071633737 -0.00083646658398907326 0.00020015695267111848 -0.00082224425859749322 0.0071927868683512022 -0.0022214679123717363 -0.00016528109845239666 -0.0016683610826831959 0.0075184993166476496 0.00071423585958121016 -0.0014001903389512069 -0.00045197184342529853 -0.00011587965834353651 0.0068558205681091
leaf_weight=2799 11.999999999999998 107 19.000000000000004 20 11.999999999999998 25 15.000000000000002 46 9.9999999999999982 126 34 49 13.999999999999998 22
leaf_count=2799 12 107 19 20 12 25 15 46 10 126 34 49 14 22
internal_value=1.55906e-07 -7.40911e-06 2.03907e-05 0.00144454 0.00290698 -2.7404e-06 1.50664e-05 0.000523442 0.00290823 0.000318563 0.000691618 0.00102869 0.00147654 0.0041446
internal_weight=3310 3298 3191 51 31 3140 3115 316 25 291 245 211 162 36
internal_count=3310 3298 3191 51 31 3140 3115 316 25 291 245 211 162 36
is_linear=0
shrinkage=0.05


Tree=125
num_leaves=15
num_cat=1
split_feature=3 3 8 0 9 7 9 7 7 4 4 7 8 4
split_gain=0.0212431 0.065891 0.0379007 0.0551062 0.0621639 0.128314 0.143054 0.0733962 0.0664313 0.0434563 0.0808938 0.0726857 0.0629307 0.050679
threshold=0.15956000000000004 0.15880000000000002 0.23221375000000002 0 0.13596164038749251 0.26596428571428582 0.17678246337196404 0.21910928571428576 0.3246364285714286 0.39259000000000005 0.32919500000000007 0.17301214285714286 0.18901571428571431 0.073405000000000012
decision_type=2 2 2 1 2 2 2 2 2 2 2 2 2 2
left_child=1 2 9 4 -4 6 7 -6 -7 10 12 -12 13 -1
right_child=-2 -3 3 -5 5 8 -8 -9 -10 -11 11 -13 -14 -15
leaf_value=0.0018545663289842196 -8.6070205157784554e-05 0.0037237783965583036 -0.0011480562763697491 -0.0011295854762759367 0.0089346215827390534 -0.0042858258976290614 0.00024273632280528545 0.003134629326329256 0.00087315877183125577 -0.0016316804934571598 0.00082908749150542105 0.0064991357922554024 0.00079366055421349396 -0.00027845644192157784
leaf_weight=30 2262 12.999999999999998 41 117 10.000000000000002 12.000000000000002 25 11.999999999999998 12.999999999999998 28 13.000000000000002 9.9999999999999982 336 388
leaf_count=30 2262 13 41 117 10 12 25 12 13 28 13 10 336 388
internal_value=1.48115e-07 0.000186241 0.000141809 -0.000424245 0.000373016 0.00129099 0.00283043 0.00577099 -0.00160315 0.000303538 0.000373276 0.00329433 0.000284172 -0.000125369
internal_weight=3310 1048 1035 230 113 72 47 22 25 805 777 23 754 418
internal_count=3310 1048 1035 230 113 72 47 22 25 805 777 23 754 418
cat_boundaries=0 1
cat_threshold=138
is_linear=0
shrinkage=0.05


Tree=126
num_leaves=15
num_cat=0
split_feature=3 8 2 7 7 3 6 3 9 9 6 5 4 2
split_gain=0.0199302 0.048181 0.0585784 0.0940903 0.0624489 0.0593702 0.0577798 0.0555459 0.0724191 0.135045 0.0418149 0.215498 0.0585123 0.0777854
threshold=0.40332000000000007 0.33616607142857147 9.5000000000000018 0.38350071428571436 0.25662071428571437 0.28126500000000004 0.54074000000000011 0.23886000000000004 0.15604385069273 0.1288364776979341 0.5236050000000001 0.21922500000000003 0.20165000000000002 9.5000000000000018
decision_type=2 2 2 2 2 2 2 2 2 2 2 2 2 2
left_child=1 6 4 -4 -3 -6 -1 8 9 -8 12 -12 -2 -14
right_child=10 2 3 -5 5 -7 7 -9 -10 -11 11 -13 13 -15
leaf_value=3.96374638715992e-05 -0.0015255642636620905 0.0028240536898374562 0.0049062923483905348 -0.00018318958464078606 -0.0027488112959655978 0.001294018016960763 -0.0021579880713640397 -0.0031313701216796677 -0.0023788966598327866 0.0053432672459166504 0.005904698927994243 -0.0038583093485794959 -0.0010666467090645298 0.0010297304169102207
leaf_weight=2847 100 14.999999999999998 21 15.999999999999998 21 15.999999999999998 12.000000000000002 28 22 11.999999999999998 13.000000000000002 9.9999999999999982 88 89
leaf_count=2847 100 15 21 16 21 16 12 28 22 12 13 10 88 89
internal_value=-2.9926e-08 3.87037e-05 0.00118473 0.00270544 0.000102693 -0.00100056 3.78539e-06 -0.00137555 -0.000306791 0.00159264 -0.000388658 0.00165991 -0.000558756 -1.25362e-05
internal_weight=3310 3010 89 37 52 37 2921 74 46 24 300 23 277 177
internal_count=3310 3010 89 37 52 37 2921 74 46 24 300 23 277 177
is_linear=0
shrinkage=0.05


Tree=127
num_leaves=15
num_cat=0
split_feature=3 4 4 7 4 9 2 1 9 6 4 4 3 3
split_gain=0.0202722 0.022145 0.0893314 0.0700461 0.129222 0.0640096 0.0466742 0.0756061 0.0462768 0.0443006 0.0619129 0.091759 0.0697149 0.0896428
threshold=0.86634500000000014 0.10490500000000001 0.13097500000000004 0.22242428571428577 0.096080000000000013 0.040381409449044427 1.5000000000000002 1.5000000000000002 0.104944371547347 0.41131000000000006 0.49582000000000004 0.21046000000000001 0.24819000000000002 0.28126500000000004
decision_type=2 2 2 2 2 2 2 2 2 2 2 2 2 2
left_child=1 3 5 -1 -5 -3 7 -7 -9 -4 11 -11 -13 -14
right_child=-2 2 9 4 -6 6 -8 8 -10 10 -12 12 13 -15
leaf_value=1.2485133556765504e-05 -0.0021429273045875811 0.0026433622733188365 0.00012626906127171948 0.00040854797989595685 0.0052071170648559928 8.0504299451907485e-05 -0.00069556755767496352 -0.0017886364720955798 -0.0059544265146056815 -0.0015102338496786694 -0.0031231227775358342 0.0019167400241174078 -0.0048785850463900719 0.000298765572198831
leaf_weight=240 10.999999999999998 12.999999999999998 2423 47 20 18 282 12.000000000000002 14.999999999999998 92 22 54 9.9999999999999982 51
leaf_count=240 11 13 2423 47 20 18 282 12 15 92 22 54 10 51
internal_value=-2.84279e-08 7.11673e-06 -3.43792e-05 0.000411533 0.00184096 -0.000797404 -0.000934193 -0.00242958 -0.00410296 6.34445e-05 -0.000601288 -0.000333267 0.000608306 -0.00054998
internal_weight=3310 3299 2992 307 67 340 327 45 27 2652 229 207 115 61
internal_count=3310 3299 2992 307 67 340 327 45 27 2652 229 207 115 61
is_linear=0
shrinkage=0.05


Tree=128
num_leaves=15
num_cat=1
split_feature=1 1 6 6 8 4 9 3 8 4 6 9 0 8
split_gain=0.0201814 0.0530158 0.0437206 0.144525 0.0764273 0.0908881 0.0521257 0.0494164 0.0398118 0.0617695 0.0411949 0.0372815 0.0486729 0.0675129
threshold=2.5000000000000004 1.0000000180025095e-35 0.30431500000000006 0.43825000000000008 0.20169035714285719 0.16963500000000001 0.11244753872961254 0.18409000000000003 0.15070053571428574 0.081830000000000014 0.12399500000000001 0.21066005076354857 0 0.27767535714285718
decision_type=2 2 2 2 2 2 2 2 2 2 2 2 1 2
left_child=1 2 11 4 -4 -6 -7 -5 9 -3 -11 12 13 -1
right_child=-2 8 3 7 5 6 -8 -9 -10 10 -12 -13 -14 -15
leaf_value=0.00034692529185961643 0.00010632959089913415 0.0043834848030449144 -0.00037281772909829249 0.0020440666555342347 0.0081718141213059422 0.00027730055063819652 0.0044322801888079591 -0.0018113928141675014 -0.00042692719973935956 -0.0015594104310045673 0.0024849425046704712 -0.0028262455058707435 -0.0003132328753602006 0.0031530086339140932
leaf_weight=104 1900 10.999999999999998 12.999999999999998 10.999999999999998 9.9999999999999982 13.000000000000002 18 34 902 17.000000000000004 9.9999999999999982 10.999999999999998 229 27
leaf_count=104 1900 11 13 11 10 13 18 34 902 17 10 11 229 27
internal_value=-2.7005e-08 -0.000143344 0.000290245 0.00122379 0.00296773 0.00402693 0.00268987 -0.000868947 -0.000360139 0.0012252 -6.15019e-05 4.11324e-05 0.000128747 0.000859656
internal_weight=3310 1410 470 99 54 41 31 45 940 38 27 371 360 131
internal_count=3310 1410 470 99 54 41 31 45 940 38 27 371 360 131
cat_boundaries=0 1
cat_threshold=195
is_linear=0
shrinkage=0.05


Tree=129
num_leaves=15
num_cat=1
split_feature=9 9 4 8 7 8 3 0 6 8 9 6 8 9
split_gain=0.0200708 0.0570604 0.0572855 0.0376558 0.035253 0.0455804 0.0462966 0.0348314 0.0671158 0.0863135 0.110447 0.0940891 0.0730382 0.0725744
threshold=0.051827502087353934 0.062143127852018164 0.097295000000000006 0.22990607142857147 0.12052214285714287 0.18045482142857147 0.087885000000000019 0 0.11370500000000001 0.24490535714285719 0.13259050628305744 0.30431500000000006 0.23555410714285718 0.084740406321296841
decision_type=2 2 2 2 2 2 2 1 2 2 2 2 2 2
left_child=4 2 -2 -4 -1 6 -6 8 -3 10 -10 12 -12 -11
right_child=1 7 3 -5 5 -7 -8 -9 9 13 11 -13 -14 -15
leaf_value=0.0018026415039511289 0.0044900577038060876 -0.0010835044173584931 0.00045476405499184265 0.0031329240117754253 0.0022467951773433017 0.00030864037107676269 -0.0012626307348630062 -0.00018718938241072083 0.00051825951905546796 -0.0027542287187922437 0.0055666305590420968 -0.0015708969754632562 0.0016985776500128534 3.9936118787812471e-05
leaf_weight=17 9.9999999999999982 99 210 13.999999999999998 9.9999999999999982 98 156 1513 367 24 26 9.9999999999999982 23 733
leaf_count=17 10 99 210 14 10 98 156 1513 367 24 26 10 23 733
internal_value=-7.29737e-08 3.74279e-05 0.000787444 0.000622149 -0.000404309 -0.000546423 -0.00105122 -2.53641e-05 0.000165787 0.000271736 0.000841061 0.002849 0.00375101 -4.86503e-05
internal_weight=3310 3029 234 224 281 264 166 2795 1282 1183 426 59 49 757
internal_count=3310 3029 234 224 281 264 166 2795 1282 1183 426 59 49 757
cat_boundaries=0 1
cat_threshold=202
is_linear=0
shrinkage=0.05


Tree=130
num_leaves=15
num_cat=0
split_feature=3 7 9 7 7 8 7 7 7 2 4 3 7 2
split_gain=0.0197649 0.0405388 0.0872214 0.0498435 0.0338263 0.0393377 0.044258 0.0567786 0.067307 0.0350492 0.0541771 0.035635 0.0342694 0.119949
threshold=0.12060500000000002 0.23388785714285718 0.10847451434131276 0.26293071428571435 0.11278928571428572 0.1826353571428572 0.12327857142857145 0.13490000000000005 0.1306414285714286 16.500000000000004 0.089605000000000018 0.25785500000000006 0.16693357142857146 5.5000000000000009
decision_type=2 2 2 2 2 2 2 2 2 2 2 2 2 2
left_child=1 -1 -3 -4 -2 9 -7 8 -8 -6 -11 -12 13 -9
right_child=4 2 3 -5 5 6 7 12 -10 10 11 -13 -14 -15
leaf_value=0.00015352517998762602 0.0020538573459673087 0.0053864669111741634 0.0027251608217529087 -0.001337841096230679 -0.0006994517707469409 -0.003007429168489277 0.00039607455071650045 -0.0020111456472394905 0.0053106687963008882 0.0036535671072628743 -0.00039094902035902211 0.0027664740663021804 7.0428367898984345e-05 0.00039069914074768645
leaf_weight=411 19 11.999999999999998 13.000000000000002 18 377 11.999999999999998 19.000000000000004 88 10.999999999999998 10.999999999999998 84 9.9999999999999982 2098 127
leaf_count=411 19 12 13 18 377 12 19 88 11 11 84 10 2098 127
internal_value=-9.75985e-08 0.000306349 0.00176706 0.000365998 -4.88114e-05 -6.28935e-05 2.13377e-05 3.685e-05 0.00219809 -0.000474438 0.000333469 -5.50529e-05 8.81828e-06 -0.000592382
internal_weight=3310 454 43 31 2856 2837 2355 2343 30 482 105 94 2313 215
internal_count=3310 454 43 31 2856 2837 2355 2343 30 482 105 94 2313 215
is_linear=0
shrinkage=0.05


Tree=131
num_leaves=15
num_cat=0
split_feature=3 7 7 2 7 8 8 9 5 9 8 5 8 2
split_gain=0.0192933 0.0484915 0.0543505 0.0498969 0.0595328 0.0445467 0.0680502 0.0631123 0.0616933 0.0522621 0.043227 0.0422893 0.0498581 0.0399908
threshold=0.31948500000000007 0.23325785714285716 0.23746285714285717 2.5000000000000004 0.25662071428571437 0.34975839285714289 0.28816107142857145 0.20136473686538495 0.40639500000000006 0.097102770226696486 0.24974267857142862 0.15731500000000001 0.29909196428571433 11.500000000000002
decision_type=2 2 2 2 2 2 2 2 2 2 2 2 2 2
left_child=-1 10 -3 11 -5 6 -6 8 9 -8 -2 -4 -13 -9
right_child=1 2 3 4 5 -7 7 13 -10 -11 -12 12 -14 -15
leaf_value=5.5082124338518924e-05 -0.00079209612203104537 0.0025698610262847262 0.0039690025404772976 -0.0022499572662606003 -0.00052900239489000577 -0.0019449945974884032 0.0028151091865517876 0.0053471494021626598 0.0026553910574875772 -0.00094919034388128731 -0.0035540321485742054 0.0013228642569695851 -0.0026147302601020783 0.0010658995062112809
leaf_weight=2738 85 19 10.999999999999998 38 206 32 10.999999999999998 12.000000000000002 23 57 17 41 9.9999999999999982 9.9999999999999982
leaf_count=2738 85 19 11 38 206 32 11 12 23 57 17 41 10 10
internal_value=-9.27202e-08 -0.000264199 -4.97341e-05 -0.000160094 -0.000370055 -0.000166533 1.18703e-05 0.000997886 0.000416883 -0.00034026 -0.00125242 0.00115724 0.000550787 0.00340113
internal_weight=3310 572 470 451 389 351 319 113 91 68 102 62 51 22
internal_count=3310 572 470 451 389 351 319 113 91 68 102 62 51 22
is_linear=0
shrinkage=0.05


Tree=132
num_leaves=15
num_cat=0
split_feature=1 6 2 2 2 2 6 8 5 6 3 5 3 6
split_gain=0.0191941 0.0629279 0.0682914 0.132791 0.0554782 0.109887 0.0764556 0.0524559 0.0495655 0.0502074 0.048646 0.0482999 0.048279 0.047457
threshold=5.5000000000000009 0.42052500000000009 12.500000000000002 8.5000000000000018 3.5000000000000004 1.5000000000000002 0.24588500000000002 0.26202607142857148 0.19577500000000003 0.22239500000000004 0.20373500000000003 0.28009000000000001 0.72848500000000016 0.37460000000000004
decision_type=2 2 2 2 2 2 2 2 2 2 2 2 2 2
left_child=12 4 3 10 5 8 11 13 -2 -10 -3 -7 -1 -6
right_child=1 2 -4 -5 7 6 -8 -9 9 -11 -12 -13 -14 -15
leaf_value=-2.9253381851261744e-05 0.002254797306377441 -0.0016035118745639919 -0.001090572743366162 0.0078809684142470363 -3.3867807221224169e-05 0.0024473009601933878 0.00064240199939203681 -0.0014770818933109034 0.00027122363182050836 -0.0039633021290813178 0.0025472442425477013 0.0068462675150770414 -0.0021937630053938707 0.00347852818784304
leaf_weight=2814 9.9999999999999982 9.9999999999999982 14.999999999999998 9.9999999999999982 251 12.000000000000002 21 66 14.000000000000002 13.999999999999998 24 12.999999999999998 26 9.9999999999999982
leaf_count=2814 10 10 15 10 251 12 21 66 14 14 24 13 26 10
internal_value=-8.80834e-08 0.000295884 0.00182288 0.0028161 7.668e-05 0.00122284 0.00286651 -0.000217746 -0.000766872 -0.00184604 0.00132643 0.00473476 -4.90693e-05 0.000100707
internal_weight=3310 470 59 44 411 84 46 327 38 28 34 25 2840 261
internal_count=3310 470 59 44 411 84 46 327 38 28 34 25 2840 261
is_linear=0
shrinkage=0.05


Tree=133
num_leaves=15
num_cat=0
split_feature=8 9 9 7 8 4 6 5 4 1 4 4 5 5
split_gain=0.0188001 0.0245093 0.0362431 0.0577506 0.121635 0.0428399 0.0346885 0.0407455 0.0346385 0.033968 0.0333507 0.0323005 0.0725935 0.117193
threshold=0.38847214285714288 0.21240763022402986 0.20136473686538495 0.38350071428571436 0.31309285714285723 0.66734000000000016 0.17752500000000002 0.16874500000000001 0.60409000000000013 2.5000000000000004 0.58221500000000004 0.36548500000000006 0.13390000000000002 0.11840500000000001
decision_type=2 2 2 2 2 2 2 2 2 2 2 2 2 2
left_child=1 2 5 4 -4 8 9 -8 10 -3 11 -1 13 -13
right_child=-2 6 3 -5 -6 -7 7 -9 -10 -11 -12 12 -14 -15
leaf_value=-4.2220877447444631e-05 0.0019753877228746814 -0.0010768217555443315 0.00020229713746199482 -0.00075484136934392157 0.00663231434688593 -0.0020653117517940699 0.00053210028349176834 -0.0021955556107913048 0.0021411142195574941 0.0018753766237932725 -0.0027485356158153578 0.00019468176968595274 0.00027453273012460999 0.0072816803678870199
leaf_weight=2799 11.999999999999998 19 19.000000000000004 20 11.999999999999998 25 19 49 19 20 10.999999999999998 14.000000000000002 262 9.9999999999999982
leaf_count=2799 12 19 19 20 12 25 19 49 19 20 11 14 262 10
internal_value=-8.36813e-08 -7.27157e-06 1.76881e-05 0.00133989 0.00269134 -3.78721e-06 -0.00075163 -0.00143342 1.27579e-05 0.000437126 -3.03683e-07 9.49552e-06 0.000515629 0.0031476
internal_weight=3310 3298 3191 51 31 3140 107 68 3115 39 3096 3085 286 24
internal_count=3310 3298 3191 51 31 3140 107 68 3115 39 3096 3085 286 24
is_linear=0
shrinkage=0.05


Tree=134
num_leaves=15
num_cat=1
split_feature=3 6 6 0 3 5 9 7 4 3 6 3 5 9
split_gain=0.0187942 0.0253722 0.0214293 0.019431 0.0502317 0.0443562 0.0939028 0.0742695 0.0794785 0.130073 0.0795005 0.0721252 0.0515506 0.0505876
threshold=0.057795000000000006 0.12938500000000003 0.063415000000000013 0 0.35662000000000005 0.37064000000000002 0.18376003644360542 0.14642357142857146 0.24160000000000001 0.15956000000000004 0.25013500000000005 0.25417000000000006 0.77199000000000007 0.1157031111140697
decision_type=2 2 2 1 2 2 2 2 2 2 2 2 2 2
left_child=1 -1 -2 5 -5 -4 7 -7 9 -9 -11 -12 -8 -10
right_child=2 -3 3 4 -6 6 12 8 13 10 11 -13 -14 -15
leaf_value=0.0031609319097531778 -0.0011470171975017322 7.9109747072353095e-05 1.9067778445399706e-05 -1.7699518072624163e-05 -0.00091042650700008459 -0.001805432469529264 -0.0021269464913833266 0.0079523124393414378 0.0030157921511042669 0.0004323627538917318 0.0010693095345050093 0.0067174541978881914 0.0013618449094550064 0.00011946292632348735
leaf_weight=11.000000000000002 41 17 1074 1767 173 17 36 10.999999999999998 19 33 10.000000000000002 12.999999999999998 14.999999999999998 73
leaf_count=11 41 17 1074 1767 173 17 36 11 19 33 10 13 15 73
internal_value=-7.9495e-08 0.00128983 -1.10842e-05 3.28586e-06 -9.68097e-05 0.000152119 0.000788324 0.00133575 0.0016716 0.00298154 0.00200514 0.00426174 -0.00110083 0.000717618
internal_weight=3310 28 3282 3241 1940 1301 227 176 159 67 56 23 51 92
internal_count=3310 28 3282 3241 1940 1301 227 176 159 67 56 23 51 92
cat_boundaries=0 1
cat_threshold=202
is_linear=0
shrinkage=0.05


Tree=135
num_leaves=15
num_cat=0
split_feature=3 8 7 7 4 6 8 7 4 9 4 8 4 4
split_gain=0.0182371 0.0242571 0.0583859 0.101521 0.050362 0.0338826 0.050284 0.0557029 0.0310997 0.0282285 0.0340417 0.0323276 0.0301437 0.0297175
threshold=0.86634500000000014 0.33616607142857147 0.27566857142857148 0.23614428571428575 0.22663000000000003 0.20341000000000001 0.37167767857142858 0.39727142857142861 0.66734000000000016 0.21439473325361721 0.60409000000000013 0.3063008928571429 0.58221500000000004 0.37978500000000009
decision_type=2 2 2 2 2 2 2 2 2 2 2 2 2 2
left_child=1 8 3 -3 -4 -6 7 -7 9 10 12 -11 13 -1
right_child=-2 2 4 -5 5 6 -8 -9 -10 11 -12 -13 -14 -15
leaf_value=-3.344284013846596e-05 -0.0020325676453384488 -0.0009498737752437589 -0.0020788483925917671 0.0049873227683646191 -0.00081155557511374357 0.0053511610623293848 -0.00058250831023446824 0.00099982891329809245 -0.0015962410539120152 -0.00011134059002090777 0.0021819655227267908 -0.0027433268981985749 -0.0026115158403461629 0.00056108476669478361
leaf_weight=2838 10.999999999999998 12.000000000000002 21 18 25 12.000000000000002 19 19 31 28 18 20 10.999999999999998 227
leaf_count=2838 11 12 21 18 25 12 19 19 31 28 18 20 11 227
internal_value=-7.5523e-08 6.7015e-06 0.000687077 0.00261244 8.53992e-05 0.000691388 0.00144286 0.00268422 -2.03162e-05 -4.76763e-06 1.38992e-05 -0.001208 1.21222e-06 1.05891e-05
internal_weight=3310 3299 126 30 96 75 50 31 3173 3142 3094 48 3076 3065
internal_count=3310 3299 126 30 96 75 50 31 3173 3142 3094 48 3076 3065
is_linear=0
shrinkage=0.05


Tree=136
num_leaves=15
num_cat=0
split_feature=3 3 5 8 8 8 7 7 8 5 2 7 6 5
split_gain=0.0182573 0.0586626 0.034916 0.0311517 0.0483875 0.0724259 0.0520294 0.0461182 0.0489149 0.0431334 0.0426763 0.0584905 0.191736 0.115816
threshold=0.15956000000000004 0.15880000000000002 0.057795000000000006 0.23221375000000002 0.27710928571428578 0.3050325000000001 0.13490000000000005 0.19004214285714291 0.28521678571428577 0.38826000000000005 8.5000000000000018 0.1595857142857143 0.22843000000000002 0.22350500000000004
decision_type=2 2 2 2 2 2 2 2 2 2 2 2 2 2
left_child=1 2 -1 10 6 7 -5 -6 -9 -8 11 -4 13 -13
right_child=-2 -3 3 4 5 -7 9 8 -10 -11 -12 12 -14 -15
leaf_value=0.0030707039567641915 -8.0001625402392805e-05 0.0035103116757594626 2.1396712778368968e-05 0.002229555418792491 -0.00060897781679938954 -0.0013254549074918033 -0.0014935214978149384 0.0011156991118026016 0.0049352086552729209 0.0014319202072718847 -0.00011211148230358959 -0.00011985939708267779 0.0050672150774127142 0.003056206917579009
leaf_weight=9.9999999999999982 2262 12.999999999999998 200 11.999999999999998 13.999999999999998 30 126 19 14.999999999999998 13.999999999999998 402 128 28 37
leaf_count=10 2262 13 200 12 14 30 126 19 15 14 402 128 28 37
internal_value=-7.17426e-08 0.000172449 0.000130524 0.000101839 -0.000410631 0.000601757 -0.000930146 0.00180627 0.00280078 -0.00120098 0.000250101 0.000620608 0.00124155 0.000592349
internal_weight=3310 1048 1035 1025 230 78 152 48 34 140 795 393 193 165
internal_count=3310 1048 1035 1025 230 78 152 48 34 140 795 393 193 165
is_linear=0
shrinkage=0.05


Tree=137
num_leaves=15
num_cat=0
split_feature=1 2 7 4 2 8 8 3 5 7 1 4 8 7
split_gain=0.0175146 0.0711181 0.0582935 0.0777339 0.0632547 0.139301 0.0874121 0.0650048 0.0542355 0.049503 0.048015 0.0415999 0.0400897 0.0724301
threshold=1.0000000180025095e-35 5.5000000000000009 0.14399642857142861 0.10717500000000001 9.5000000000000018 0.22990607142857147 0.22016125000000003 0.14644000000000004 0.14055000000000004 0.21271071428571431 2.5000000000000004 0.24893000000000001 0.22291000000000002 0.24934642857142861
decision_type=2 2 2 2 2 2 2 2 2 2 2 2 2 2
left_child=1 11 -3 -4 5 6 7 -5 -9 -6 -2 12 -1 -14
right_child=10 2 3 4 9 -7 -8 8 -10 -11 -12 -13 13 -15
leaf_value=0.0011681811058660968 -0.00033914620858574402 -0.0021817976638915078 0.00422117631374435 0.0029775179456919434 -0.00049077452322973572 -0.0037445861645553028 0.0043322301893071692 0.0016075666504912082 -0.0026821085349573487 0.0011200725768695089 9.7748687952939936e-05 0.00027408919718471309 0.0069356400333344913 0.0015728988075245393
leaf_weight=50 940 31 10.999999999999998 9.9999999999999982 82 33 10.999999999999998 9.9999999999999982 28 114 1900 63 10.000000000000002 17
leaf_count=50 940 31 11 10 82 33 11 10 28 114 1900 63 10 17
internal_value=-6.81583e-08 0.000282658 -0.000117949 9.60291e-05 -6.15286e-05 -0.0011431 0.000311972 -0.000609337 -0.00155325 0.000446147 -4.68574e-05 0.00122695 0.00200656 0.0035591
internal_weight=3310 470 330 299 288 92 59 48 38 196 2840 140 77 27
internal_count=3310 470 330 299 288 92 59 48 38 196 2840 140 77 27
is_linear=0
shrinkage=0.05


Tree=138
num_leaves=15
num_cat=0
split_feature=3 6 2 4 3 1 6 2 6 2 6 6 3 9
split_gain=0.0179831 0.027868 0.025682 0.0693631 0.0502931 0.0468447 0.0448813 0.0455738 0.0612537 0.0337217 0.0483567 0.0324913 0.0298877 0.0418155
threshold=0.11385000000000002 0.063415000000000013 6.5000000000000009 0.17418000000000003 0.098455000000000015 1.5000000000000002 0.19247500000000003 3.5000000000000004 0.093190000000000009 8.5000000000000018 0.17752500000000002 0.13668000000000002 0.089145000000000016 0.073973480136848721
decision_type=2 2 2 2 2 2 2 2 2 2 2 2 2 2
left_child=2 -2 6 9 5 -5 7 8 -1 10 -4 -10 13 -11
right_child=1 -3 3 4 -6 -7 -8 -9 11 12 -12 -13 -14 -15
leaf_value=0.0048233095579780644 -0.0017753891491219807 -2.8088163371795834e-05 -0.00034889216185547407 -0.0013229535116503635 0.0037594952054787428 0.0020469569659326225 -0.0013659326341368405 -0.00076998369779903439 -0.00041003951669803685 0.0035384211642667655 0.0043589216377586133 0.0018530951580032708 -0.00098772521288243722 -0.00022819673343162452
leaf_weight=9.9999999999999982 23 2911 12.000000000000002 14.999999999999998 25 33 51 50 35 9.9999999999999982 9.9999999999999982 29 68 28
leaf_count=10 23 2911 12 15 25 33 51 50 35 10 10 29 68 28
internal_value=-6.47477e-08 -4.17855e-05 0.00032549 0.000711067 0.001941 0.00099386 -0.000117373 0.000396147 0.00118407 9.62421e-06 0.00179102 0.000615443 -0.0003601 0.000763019
internal_weight=3310 2934 376 201 73 48 175 124 74 128 22 64 106 38
internal_count=3310 2934 376 201 73 48 175 124 74 128 22 64 106 38
is_linear=0
shrinkage=0.05


Tree=139
num_leaves=15
num_cat=1
split_feature=3 8 8 9 8 9 1 5 7 4 1 0 1 9
split_gain=0.0170739 0.0245191 0.0198855 0.0478734 0.0439079 0.089217 0.0628908 0.172714 0.0691223 0.068824 0.111688 0.0614594 0.0877637 0.0611501
threshold=0.057795000000000006 0.18158928571428573 0.1857344642857143 0.15258760542796648 0.20088964285714289 0.104944371547347 3.5000000000000004 0.12327 0.21606428571428574 0.13809000000000002 5.5000000000000009 0 2.5000000000000004 0.079210373821217248
decision_type=2 2 2 2 2 2 2 2 2 2 2 1 2 2
left_child=1 -1 3 -2 5 11 8 -8 -7 -9 -11 12 -4 -14
right_child=2 -3 4 -5 -6 6 7 9 -10 10 -12 -13 13 -15
leaf_value=0.0032144823181442907 -0.00028678471235728844 0.00012656807666644454 -0.0005157786912884779 0.0031964917504228654 -3.2422319104587856e-05 0.001703617006662684 -0.0015891448245383801 0.0015734575242580225 -0.0021991089442053636 0.0094615996457063228 0.0030255390713656584 -0.0005369737977827234 0.0039446479833588517 0.00079756422800886814
leaf_weight=10.000000000000002 726 18 52 9.9999999999999982 2158 39 14.999999999999998 11.999999999999998 15.999999999999998 13 14 165 29 33
leaf_count=10 726 18 52 10 2158 39 15 12 16 13 14 165 29 33
internal_value=-6.1515e-08 0.00122939 -1.05505e-05 -0.000239458 5.56222e-05 0.000545313 0.00175833 0.00297042 0.000568279 0.0047241 0.00612438 7.14104e-05 0.000918499 0.00226959
internal_weight=3310 28 3282 736 2546 388 109 54 55 39 27 279 114 62
internal_count=3310 28 3282 736 2546 388 109 54 55 39 27 279 114 62
cat_boundaries=0 1
cat_threshold=594
is_linear=0
shrinkage=0.05


Tree=140
num_leaves=15
num_cat=0
split_feature=2 2 4 6 4 5 2 4 8 9 9 2 5 3
split_gain=0.0172801 0.0925045 0.160484 0.0860137 0.0794664 0.0451637 0.0420981 0.0643782 0.0638421 0.0597099 0.0701907 0.0499731 0.0499121 0.0527084
threshold=17.500000000000004 19.500000000000004 0.33818000000000009 0.16542500000000002 0.17752500000000002 0.13970500000000002 7.5000000000000009 0.56249500000000008 0.27140321428571434 0.13950757011184203 0.14384380884376827 12.500000000000002 0.47598500000000005 0.12205500000000001
decision_type=2 2 2 2 2 2 2 2 2 2 2 2 2 2
left_child=6 2 3 4 5 -2 7 -1 12 11 -11 -10 13 -8
right_child=1 -3 -4 -5 -6 -7 8 -9 9 10 -12 -13 -14 -15
leaf_value=0.00016153966264263828 0.0026688339279644421 3.4618448846461911e-08 0.0070485407020896675 -0.00057534504424225786 0.0056152768042271161 -0.0014930551109666175 0.00050753965707761909 -0.0019510366815469556 0.00054357899361468084 -0.0037301077973097563 0.00030075529853261458 0.0034248333982692136 -0.0032545928668696435 -0.00060132625412655065
leaf_weight=1423 16.000000000000004 710 11.999999999999998 47 13.999999999999998 10.999999999999998 126 37 34 11.999999999999998 108 27 15.999999999999998 717
leaf_count=1423 16 710 12 47 14 11 126 37 34 12 108 27 16 717
internal_value=-1.39547e-07 0.000200565 0.00162433 0.000884664 0.00255833 0.00097325 -6.51677e-05 0.000108002 -0.000308271 0.000545152 -0.000102331 0.00181889 -0.000488096 -0.000435588
internal_weight=3310 810 100 88 41 27 2500 1460 1040 181 120 61 859 843
internal_count=3310 810 100 88 41 27 2500 1460 1040 181 120 61 859 843
is_linear=0
shrinkage=0.05


Tree=141
num_leaves=15
num_cat=0
split_feature=1 2 7 4 2 8 8 5 7 1 8 2 4 2
split_gain=0.0168674 0.0629816 0.0525651 0.069902 0.0577504 0.124926 0.0785883 0.0591974 0.0442711 0.0422622 0.0376076 0.0470822 0.073536 0.0494417
threshold=1.0000000180025095e-35 5.5000000000000009 0.14399642857142861 0.10717500000000001 9.5000000000000018 0.22990607142857147 0.22016125000000003 0.27173000000000008 0.21271071428571431 2.5000000000000004 0.19782732142857146 29.500000000000004 0.19789000000000004 20.500000000000004
decision_type=2 2 2 2 2 2 2 2 2 2 2 2 2 2
left_child=1 -1 -3 -4 5 6 7 -5 -6 -2 -10 12 13 -12
right_child=9 2 3 4 8 -7 -8 -9 10 -11 11 -13 -14 -15
leaf_value=0.0011659503622494024 -0.00032026951593697379 -0.0020594949600279272 0.0040153417651626194 0.00032580471955665608 -0.0004468355628110968 -0.0035429363816299221 0.0041105672209100289 -0.0039978400990366937 -0.001171035315928748 8.9617784391281792e-05 0.0023914064925450538 -0.00042927918676286935 0.0010084952533943579 0.0070677772909402848
leaf_weight=140 940 31 10.999999999999998 38 82 33 10.999999999999998 9.9999999999999982 15.999999999999998 1900 13.000000000000002 25 50 9.9999999999999982
leaf_count=140 940 31 11 38 82 33 11 10 16 1900 13 25 50 10
internal_value=-1.32572e-07 0.000277321 -9.96737e-05 0.000103519 -4.58914e-05 -0.00107933 0.000298617 -0.000574955 0.000439193 -4.60491e-05 0.00107651 0.00144346 0.00208481 0.00442461
internal_weight=3310 470 330 299 288 92 59 48 196 2840 114 98 73 23
internal_count=3310 470 330 299 288 92 59 48 196 2840 114 98 73 23
is_linear=0
shrinkage=0.05


Tree=142
num_leaves=15
num_cat=1
split_feature=3 0 9 9 7 9 8 5 6 8 5 5 8 7
split_gain=0.0172624 0.0403724 0.056541 0.0481506 0.0468934 0.105935 0.140045 0.13777 0.0617813 0.0522569 0.085437 0.13194 0.0625252 0.0521061
threshold=0.21121500000000001 0 0.15461949695997218 0.12595008512067388 0.1716028571428572 0.13596164038749251 0.25275964285714286 0.30650000000000005 0.64035000000000009 0.19504535714285717 0.13537500000000002 0.12262500000000001 0.21505500000000002 0.18244928571428573
decision_type=2 1 2 2 2 2 2 2 2 2 2 2 2 2
left_child=1 4 3 -3 5 7 -7 -1 9 -6 11 -11 -12 -14
right_child=-2 2 -4 -5 8 6 -8 -9 -10 10 12 -13 13 -15
leaf_value=0.0013829694822348969 -0.000125708812613062 -5.8137975260099535e-05 -0.0010059168708890125 0.00082752175546678105 -0.0016002705231585425 0.0075912091747990657 0.0006378800049424172 -0.0038548526773229245 0.004082146752625704 0.00050945024479240656 0.0020502350786926167 0.0063576047824296577 -0.0027829910116270186 -9.9243941808011026e-05
leaf_weight=77 1498 1041 135 180 40 14.000000000000002 14.999999999999998 14.999999999999998 9.9999999999999982 31 31 13.999999999999998 20 189
leaf_count=77 1498 1041 135 180 40 14 15 15 10 31 31 14 20 189
internal_value=-1.25944e-07 0.000103695 -3.46753e-05 7.24261e-05 0.000504853 0.00135959 0.00399466 0.000528977 0.000211195 9.20891e-05 0.000329613 0.00232888 -4.52485e-05 -0.000356062
internal_weight=3310 1812 1356 1221 456 121 29 92 335 325 285 45 240 209
internal_count=3310 1812 1356 1221 456 121 29 92 335 325 285 45 240 209
cat_boundaries=0 1
cat_threshold=392
is_linear=0
shrinkage=0.05


Tree=143
num_leaves=15
num_cat=1
split_feature=1 4 2 6 2 2 0 7 8 9 7 5 9 9
split_gain=0.0162487 0.062133 0.101079 0.159946 0.0588548 0.0520597 0.0512023 0.039318 0.070122 0.0494336 0.0677785 0.0469775 0.0475798 0.0473163
threshold=5.5000000000000009 0.19441500000000003 12.500000000000002 0.3782100000000001 5.5000000000000009 19.500000000000004 0 0.19004214285714291 0.20088964285714289 0.088484073772038721 0.21761357142857143 0.33838500000000005 0.15461949695997218 0.1288364776979341
decision_type=2 2 2 2 2 2 1 2 2 2 2 2 2 2
left_child=-1 2 3 4 -2 -4 -3 8 -8 -9 -11 12 13 -12
right_child=1 6 5 -5 -6 -7 7 9 -10 10 11 -13 -14 -15
leaf_value=-4.5186218599155837e-05 0.0026363821164219797 -0.00087257534658745698 -0.0021731095204953681 0.0067008426762185996 -0.00018481708401323933 0.00086071755269527322 0.00084067176867392852 -0.00072639938304279428 -0.0026935167070478204 0.0047783778120691969 -0.00020202776387093528 0.0022385433495331268 -0.0028169221203521982 0.0037533358391374353
leaf_weight=2840 36 124 26 15.999999999999998 38 31 32 37 25 12.999999999999998 31 39 11.999999999999998 9.9999999999999982
leaf_count=2840 36 124 26 16 38 31 32 37 25 13 31 39 12 10
internal_value=-1.19648e-07 0.000272198 0.00112436 0.00216778 0.00118766 -0.000523133 -0.000115631 0.000380748 -0.000709411 0.00084516 0.00139895 0.00092142 -4.77843e-05 0.000762695
internal_weight=3310 470 147 90 74 57 323 199 57 142 105 92 53 41
internal_count=3310 470 147 90 74 57 323 199 57 142 105 92 53 41
cat_boundaries=0 1
cat_threshold=389
is_linear=0
shrinkage=0.05


Tree=144
num_leaves=15
num_cat=1
split_feature=3 7 2 4 7 7 8 8 8 0 9 9 2 4
split_gain=0.0166772 0.0433091 0.0459424 0.075448 0.0440225 0.0454052 0.0379041 0.0357088 0.0347564 0.0595887 0.100087 0.0879383 0.125356 0.0782774
threshold=0.31948500000000007 0.23325785714285716 2.5000000000000004 0.16649500000000003 0.23677071428571431 0.25662071428571437 0.24974267857142862 0.22715482142857144 0.34975839285714289 0 0.15698336862281023 0.21240763022402986 25.500000000000004 0.25526000000000004
decision_type=2 2 2 2 2 2 2 2 2 1 2 2 2 2
left_child=-1 6 3 -3 -4 -6 7 -2 9 10 13 12 -12 -7
right_child=1 2 4 -5 5 8 -8 -9 -10 -11 11 -13 -14 -15
leaf_value=5.105230833361811e-05 -0.0011641702033445393 0.0049702775960957469 0.002623271599161224 0.00041987829257400256 -0.001887733662841215 -0.0017701070431645053 -0.003334966143730151 0.0017789969104342164 -0.0017190893295264686 -0.00049138148233733201 0.0074400799436261881 -1.5885891843936407e-05 0.00030384352110559112 0.0015532501795164804
leaf_weight=2738 73 10.999999999999998 12.999999999999998 53 42 37 17 11.999999999999998 32 206 15.999999999999998 15.999999999999998 10.000000000000002 34
leaf_count=2738 73 11 13 53 42 37 17 12 32 206 16 16 10 34
internal_value=-2.45474e-07 -0.000245793 -4.31125e-05 0.00120198 -0.000239383 -0.000334076 -0.00117971 -0.000748664 -0.000148169 9.41594e-06 0.000887334 0.00290061 0.00469537 -0.00017864
internal_weight=3310 572 470 64 406 393 102 85 351 319 113 42 26 71
internal_count=3310 572 470 64 406 393 102 85 351 319 113 42 26 71
cat_boundaries=0 1
cat_threshold=146
is_linear=0
shrinkage=0.05


Tree=145
num_leaves=15
num_cat=0
split_feature=8 5 7 7 3 8 9 9 9 8 3 4 6 6
split_gain=0.0166721 0.0840059 0.087616 0.0875925 0.0271842 0.0255741 0.10865 0.0718287 0.0604463 0.046978 0.0807379 0.0492017 0.0359634 0.0465474
threshold=0.33616607142857147 0.16005000000000003 0.27566857142857148 0.23614428571428575 0.60594500000000007 0.3050325000000001 0.14733047490367804 0.17962029828739065 0.21240763022402986 0.29406125000000005 0.18658500000000003 0.25645500000000004 0.71904500000000005 0.64035000000000009
decision_type=2 2 2 2 2 2 2 2 2 2 2 2 2 2
left_child=5 -2 3 -3 -4 9 -7 -8 -9 12 -11 -12 13 -1
right_child=1 2 4 -5 -6 6 7 8 -10 10 11 -13 -14 -15
leaf_value=-1.5992819464120495e-05 0.0045410472434014087 -0.00083057354980458796 -0.00030163914244621994 0.0046843195508699869 -0.0028647448324287932 0.00059651428190943766 -0.0031966243779448715 0.0015856239063266133 -0.0019119717631838286 0.0054191069258376955 -0.00069858247029644979 0.001992479528328686 0.0026047962592341579 -0.0027203322053537707
leaf_weight=2879 11.999999999999998 12.000000000000002 75 18 11.999999999999998 98 46 21 30 9.9999999999999982 35 33 12.999999999999998 15.999999999999998
leaf_count=2879 12 12 75 18 12 98 46 21 30 10 35 33 13 16
internal_value=-3.0743e-07 0.000556927 0.000148299 0.00247836 -0.000655171 -2.29051e-05 -0.000577679 -0.00176398 -0.000471785 1.33243e-05 0.00122426 0.000607374 -1.91562e-05 -3.09391e-05
internal_weight=3310 129 117 30 87 3181 195 97 51 2986 78 68 2908 2895
internal_count=3310 129 117 30 87 3181 195 97 51 2986 78 68 2908 2895
is_linear=0
shrinkage=0.05


Tree=146
num_leaves=15
num_cat=0
split_feature=3 8 5 8 6 8 6 9 9 3 3 2 6 8
split_gain=0.016522 0.0207629 0.0976331 0.0370206 0.0462727 0.0368759 0.0268028 0.0311757 0.0565159 0.080622 0.0391021 0.0267892 0.042133 0.0239899
threshold=0.86634500000000014 0.33616607142857147 0.17143000000000003 0.35568767857142863 0.33559000000000005 0.38245392857142863 0.54074000000000011 0.12830320753568733 0.15334723580260848 0.23886000000000004 0.30049500000000007 11.500000000000002 0.25013500000000005 0.3050325000000001
decision_type=2 2 2 2 2 2 2 2 2 2 2 2 2 2
left_child=1 6 -3 11 -5 -6 13 -8 9 -9 -10 -4 -13 -1
right_child=-2 2 3 4 5 -7 7 8 10 -11 -12 12 -14 -15
leaf_value=4.0052722479353242e-05 -0.0019348505376414818 0.0045722887726567154 -7.2246530142269642e-05 -0.0017402825138752203 -0.00056370074223530923 0.0028922540207321828 -0.0027328296370493872 0.0038427914741138609 -0.002533964000952741 -0.0015369126752305491 0.00074904350275084239 0.0049048280226998012 0.00058791277518209365 -0.00056271541627107315
leaf_weight=2909 10.999999999999998 13.999999999999998 19 38 19 12.999999999999998 18 15.000000000000002 30 12.999999999999998 12.999999999999998 10.000000000000002 12.999999999999998 175
leaf_count=2909 11 14 19 38 19 13 18 15 30 13 13 10 13 175
internal_value=-2.92056e-07 6.15843e-06 0.000635625 0.000143542 -0.000560596 0.000840281 -1.88377e-05 -0.000874273 -0.000403089 0.00134507 -0.00154143 0.00131711 0.00246483 5.84895e-06
internal_weight=3310 3299 126 112 70 32 3173 89 71 28 43 42 23 3084
internal_count=3310 3299 126 112 70 32 3173 89 71 28 43 42 23 3084
is_linear=0
shrinkage=0.05


Tree=147
num_leaves=15
num_cat=0
split_feature=1 2 1 5 5 9 3 3 3 2 2 7 7 5
split_gain=0.0164348 0.0569407 0.0397496 0.0385626 0.066669 0.0614541 0.0351113 0.0378518 0.0351111 0.0489789 0.041851 0.035968 0.0511742 0.0353571
threshold=1.0000000180025095e-35 3.5000000000000004 2.5000000000000004 0.3299450000000001 0.17867000000000002 0.12784756400850869 0.15956000000000004 0.20838500000000001 0.13727000000000003 17.500000000000004 5.5000000000000009 0.31444928571428576 0.35743000000000008 0.079510000000000011
decision_type=2 2 2 2 2 2 2 2 2 2 2 2 2 2
left_child=1 3 8 4 -1 6 -6 -8 13 10 11 -10 -13 -2
right_child=2 -3 -4 -5 5 -7 7 -9 9 -11 -12 12 -14 -15
leaf_value=-0.00029586241483533138 0.0015590408178266244 -1.2514308909885585e-05 8.5970939041496761e-05 -0.00041504869586788122 -0.00022402031418795767 0.0058672092622146016 0.0050191021252733959 0.0011922169661764722 -0.00061996238133548917 0.00019388143982608581 -0.0012803323717618812 0.0028319229092448953 -0.00096185416186926891 -9.1174477007977353e-05
leaf_weight=24 36 370 1900 24 12.999999999999998 12.999999999999998 12.000000000000002 13.999999999999998 145 158 235 20 15.999999999999998 330
leaf_count=24 36 370 1900 24 13 13 12 14 145 158 235 20 16 330
internal_value=-2.7745e-07 0.000273595 -4.56014e-05 0.0013322 0.00188396 0.00289003 0.00189764 0.00295847 -0.000311545 -0.000555559 -0.000840202 -0.000268761 0.0011458 7.11418e-05
internal_weight=3310 470 2840 100 76 52 39 26 940 574 416 181 36 366
internal_count=3310 470 2840 100 76 52 39 26 940 574 416 181 36 366
is_linear=0
shrinkage=0.05


Tree=148
num_leaves=15
num_cat=0
split_feature=2 2 4 6 4 5 2 8 4 2 7 7 6 8
split_gain=0.0155821 0.0833076 0.14322 0.0755096 0.0710714 0.0395012 0.0336741 0.0568943 0.0548697 0.0515407 0.0609089 0.0603769 0.061141 0.0897267
threshold=17.500000000000004 19.500000000000004 0.33818000000000009 0.16542500000000002 0.17752500000000002 0.13970500000000002 7.5000000000000009 0.27140321428571434 0.56249500000000008 9.5000000000000018 0.29892285714285721 0.23457928571428574 0.25013500000000005 0.29535267857142866
decision_type=2 2 2 2 2 2 2 2 2 2 2 2 2 2
left_child=6 2 3 4 5 -2 8 -8 -1 10 -9 -11 -13 -14
right_child=1 -3 -4 -5 -6 -7 7 9 -10 11 -12 12 13 -15
leaf_value=0.00014228963085570964 0.0024975698710477442 2.3961519743774978e-08 0.0066656247402230905 -0.00052524683303496939 0.0053018269594758754 -0.0013946822675114329 -0.00044919655196582077 0.00073423945975567529 -0.0018080458888230294 -0.0014452408626675606 -0.0026451722210670899 0.00027158085862174635 0.0057101109612952266 0.0013738669397935156
leaf_weight=1423 16.000000000000004 710 11.999999999999998 47 13.999999999999998 10.999999999999998 859 30 37 20 24 50 17 40
leaf_count=1423 16 710 12 47 14 11 859 30 37 20 24 50 17 40
internal_value=-2.63581e-07 0.000190325 0.00154146 0.000842711 0.00241086 0.000911838 -6.20142e-05 -0.000279438 9.28633e-05 0.000526209 -0.000767721 0.00107638 0.00154772 0.00266713
internal_weight=3310 810 100 88 41 27 2500 1040 1460 181 54 127 107 57
internal_count=3310 810 100 88 41 27 2500 1040 1460 181 54 127 107 57
is_linear=0
shrinkage=0.05


Tree=149
num_leaves=15
num_cat=1
split_feature=3 3 5 9 7 2 9 7 6 0 5 5 3 7
split_gain=0.0155616 0.0474332 0.115095 0.102105 0.0583107 0.0388843 0.0614428 0.0761596 0.0660027 0.0450747 0.0520554 0.0743646 0.0514019 0.0432821
threshold=0.24249500000000004 0.23607000000000003 0.21835000000000002 0.09853062772215028 0.24934642857142861 12.500000000000002 0.089899826086151699 0.18035214285714288 0.39707000000000009 0 0.20086000000000001 0.22171000000000005 0.2850700000000001 0.20327642857142861
decision_type=2 2 2 2 2 2 2 2 2 1 2 2 2 2
left_child=1 -1 4 -4 -3 13 7 -7 9 -8 12 -12 -11 -2
right_child=5 2 3 -5 -6 6 8 -9 -10 10 11 -13 -14 -15
leaf_value=3.7416982045605049e-05 -0.0012033747356781533 -0.0019924004898791243 0.0014337570199535951 0.0075482432857494472 0.0021970778658914453 0.0046416949837779003 -0.00049079815277743141 0.00074316879118238208 -0.0017357680973980355 0.0025391552059982835 0.0054522128077223904 0.0010572749744517148 -0.00098287226899307877 -0.00019119832530436153
leaf_weight=2100 128 23 18.000000000000004 10.999999999999998 12.999999999999998 14.999999999999998 119 76 51 12.999999999999998 10.999999999999998 77 51 604
leaf_count=2100 128 23 18 11 13 15 119 76 51 13 11 77 51 604
internal_value=-2.504e-07 7.85916e-05 0.00140885 0.00375304 -0.000479533 -0.000149327 0.000238586 0.00138578 -8.56214e-05 0.000224923 0.000767081 0.00160664 -0.00026746 -0.000368191
internal_weight=3310 2165 65 29 36 1145 413 91 322 271 152 88 64 732
internal_count=3310 2165 65 29 36 1145 413 91 322 271 152 88 64 732
cat_boundaries=0 1
cat_threshold=540
is_linear=0
shrinkage=0.05


Tree=150
num_leaves=15
num_cat=0
split_feature=2 2 4 7 8 4 3 6 7 4 5 6 7 8
split_gain=0.0158452 0.0763459 0.0641915 0.0428176 0.0729442 0.0392523 0.0371059 0.0507862 0.0368621 0.0667501 0.0557016 0.0636394 0.0402594 0.0278741
threshold=29.500000000000004 23.500000000000004 0.14466000000000004 0.15901214285714291 0.20652535714285716 0.20855500000000002 0.20838500000000001 0.36162000000000005 0.21044500000000002 0.30248500000000006 0.26680000000000009 0.23134000000000002 0.28976642857142865 0.38847214285714288
decision_type=2 2 2 2 2 2 2 2 2 2 2 2 2 2
left_child=1 13 3 -3 -5 -2 7 -7 -4 10 11 -10 -12 -1
right_child=5 2 8 4 -6 6 -8 -9 9 -11 12 -13 -14 -15
leaf_value=-3.3515213646525649e-05 -0.0007860618088824736 0.0056529430858790882 -0.00066859522986030854 -0.00059045695428115621 0.0043405392393469815 0.00047735099051795084 -0.0004792451521375609 0.0039599953374514973 -0.0008100717107299715 -0.0006082286705136272 0.0019350319681689138 0.0037957017057730505 0.0063184883403168482 0.002611092235893011
leaf_weight=2740 201 9.9999999999999982 43 15.000000000000002 14.999999999999998 82 95 11.999999999999998 20 34 10.000000000000002 11.999999999999998 10.999999999999998 9.9999999999999982
leaf_count=2740 201 10 43 15 15 82 95 12 20 34 10 12 11 10
internal_value=-3.12017e-07 3.96682e-05 0.00106795 0.00281952 0.00187504 -0.000299651 0.000217643 0.000921944 0.00052901 0.00112093 0.0022302 0.000917093 0.00423113 -2.38985e-05
internal_weight=3310 2920 170 40 30 390 189 94 130 87 53 32 21 2750
internal_count=3310 2920 170 40 30 390 189 94 130 87 53 32 21 2750
is_linear=0
shrinkage=0.05


Tree=151
num_leaves=15
num_cat=0
split_feature=4 7 4 4 6 9 2 2 2 1 9 6 4 4
split_gain=0.0154581 0.0637333 0.10696 0.0612664 0.0567404 0.0578737 0.0397623 0.0606977 0.0390274 0.0691381 0.0428669 0.0388523 0.0468296 0.0715903
threshold=0.10490500000000001 0.22242428571428577 0.096080000000000013 0.13097500000000004 0.47538000000000008 0.040381409449044427 13.500000000000002 3.5000000000000004 1.5000000000000002 1.5000000000000002 0.104944371547347 0.41131000000000006 0.49582000000000004 0.21046000000000001
decision_type=2 2 2 2 2 2 2 2 2 2 2 2 2 2
left_child=1 -1 6 4 5 -2 7 -3 9 -7 -11 -5 13 -13
right_child=3 2 -4 11 -6 8 -8 -9 -10 10 -12 12 -14 -15
leaf_value=-4.2192782165484574e-05 0.0024876740528270605 0.0022372775385156268 0.0047636633855290718 0.0001047358028949359 0.002867960392243483 0.00012005954049527646 0.0020877067855326458 -0.0026719528825624901 -0.00069104588885651741 -0.0016530345368664708 -0.0056624083717664083 -0.0013830216467518451 -0.0027697601101615214 0.00048826069257262611
leaf_weight=241 12.999999999999998 10.000000000000002 20 2431 10.999999999999998 18 20 17 273 12.000000000000002 14.999999999999998 92 22 115
leaf_count=241 13 10 20 2431 11 18 20 17 273 12 15 92 22 115
internal_value=-2.96419e-07 0.000337041 0.00170115 -3.49066e-05 -0.000664853 -0.000782258 0.000397951 -0.000853719 -0.000915934 -0.00228025 -0.00388046 4.60865e-05 -0.000576518 -0.00034342
internal_weight=3310 308 67 3002 342 331 47 27 318 45 27 2660 229 207
internal_count=3310 308 67 3002 342 331 47 27 318 45 27 2660 229 207
is_linear=0
shrinkage=0.05


Tree=152
num_leaves=15
num_cat=0
split_feature=3 8 7 6 2 9 4 8 5 3 4 8 3 3
split_gain=0.0152388 0.0220572 0.020265 0.0510869 0.114839 0.0422551 0.0520494 0.0922513 0.0582907 0.126737 0.0443591 0.0415701 0.0360294 0.033337
threshold=0.057795000000000006 0.18158928571428573 0.15658071428571432 0.17936000000000005 2.5000000000000004 0.10750826891383607 0.24557500000000002 0.24219500000000005 0.22043500000000002 0.13204500000000005 0.096080000000000013 0.27140321428571434 0.12060500000000002 0.21193000000000004
decision_type=2 2 2 2 2 2 2 2 2 2 2 2 2 2
left_child=1 -1 3 -2 -5 10 7 8 -7 -10 -6 -9 -4 -12
right_child=2 -3 12 4 5 6 -8 11 9 -11 13 -13 -14 -15
leaf_value=0.0030440143391024313 0.00019267030110773069 0.00011522897079380022 0.00064382421331418661 -0.0032399133052240362 0.0022299029119312763 -0.00059261567870192745 0.0027416088275219268 -0.0048859668041889856 -0.0011604329074422519 0.0049876287506010978 -0.00090748954352976984 -0.00072413083107676364 -8.9967807018963101e-06 -0.003360661964688916
leaf_weight=10.000000000000002 283 18 231 40 9.9999999999999982 37 19 12.000000000000002 14.999999999999998 19 103 11.999999999999998 2485 15.999999999999998
leaf_count=10 283 18 231 40 10 37 19 12 15 19 103 12 2485 16
internal_value=-2.816e-07 0.00116122 -1.01908e-05 -0.000282355 -0.00075738 -0.000348732 0.000352641 -0.000125153 0.000780728 0.00227525 -0.00096855 -0.00280505 4.65267e-05 -0.00123733
internal_weight=3310 28 3282 566 283 243 114 95 71 34 129 24 2716 119
internal_count=3310 28 3282 566 283 243 114 95 71 34 129 24 2716 119
is_linear=0
shrinkage=0.05


Tree=153
num_leaves=15
num_cat=1
split_feature=1 4 2 8 0 2 3 8 9 8 9 9 3 3
split_gain=0.0153066 0.0562759 0.0899238 0.117531 0.0461405 0.0458414 0.0391814 0.0549619 0.054734 0.0555706 0.0478662 0.0566909 0.0547861 0.0389046
threshold=5.5000000000000009 0.19441500000000003 12.500000000000002 0.22602517857142862 0 19.500000000000004 0.17822000000000002 0.22511392857142862 0.088484073772038721 0.20704321428571429 0.16296470573365629 0.12830320753568733 0.30630000000000007 0.72848500000000016
decision_type=2 2 2 2 1 2 2 2 2 2 2 2 2 2
left_child=13 2 3 -2 -3 -4 7 -6 -8 -10 11 -11 -13 -1
right_child=1 4 5 -5 6 -7 8 -9 9 10 -12 12 -14 -15
leaf_value=-2.6219759346303468e-05 0.0010623977824951105 -0.00082382912551654062 -0.0020271907095985417 0.0053344202682464609 0.00038656137996440521 0.00081968648279848091 -0.000654800847853319 -0.0038937001372687519 0.0038515024119988085 0.00033665866614319387 -0.001500344971039643 0.0061110465432284381 0.0015388230768669593 -0.0019692550681961272
leaf_weight=2814 69 124 26 21 20 31 52 11.999999999999998 18 50 18 10.000000000000002 19 26
leaf_count=2814 69 124 26 21 20 31 52 12 18 50 18 10 19 26
internal_value=-2.67519e-07 0.000264037 0.00107504 0.0020592 -0.000105059 -0.000478889 0.000365833 -0.00121854 0.000691331 0.00130002 0.000826545 0.00135672 0.00311545 -4.40081e-05
internal_weight=3310 470 147 90 323 57 199 32 167 115 97 79 29 2840
internal_count=3310 470 147 90 323 57 199 32 167 115 97 79 29 2840
cat_boundaries=0 1
cat_threshold=389
is_linear=0
shrinkage=0.05


Tree=154
num_leaves=15
num_cat=0
split_feature=1 2 7 2 7 3 9 9 7 5 9 1 6 6
split_gain=0.0149469 0.0513916 0.0461238 0.0404064 0.126145 0.0746568 0.0745182 0.100503 0.0436479 0.0416147 0.0518508 0.036271 0.0362419 0.0434802
threshold=1.0000000180025095e-35 5.5000000000000009 0.14399642857142861 9.5000000000000018 0.22631142857142858 0.25185500000000005 0.076708609674610087 0.12250592157110156 0.20736857142857143 0.28796000000000005 0.10662010431941517 2.5000000000000004 0.27170000000000005 0.30852000000000007
decision_type=2 2 2 2 2 2 2 2 2 2 2 2 2 2
left_child=1 12 -3 4 5 6 -4 -8 -5 -10 -11 -2 -1 -14
right_child=11 2 3 8 -6 -7 7 -9 9 10 -12 -13 13 -15
leaf_value=0.00052789191531795127 -0.00029764310507937597 -0.0019155627048964943 -0.00020272515507207981 -0.00042396135785996821 -0.0025928828529047563 -0.0021400002579736923 0.0077761573903262597 0.00068733273888938135 0.0006260106610003574 5.1760820642812161e-05 0.004641354188788682 8.2081084795630128e-05 0.0045601020999518896 0.0011670762829578899
leaf_weight=97 940 31 18 76 47 13.999999999999998 10.000000000000002 9.9999999999999982 98 10.000000000000002 15.999999999999998 1900 13.999999999999998 29
leaf_count=97 940 31 18 76 47 14 10 10 98 10 16 1900 14 29
internal_value=-3.78591e-07 0.000260803 -7.97419e-05 0.000110594 -0.000715552 0.000981266 0.00213121 0.00423175 0.000519536 0.00109781 0.00287613 -4.36023e-05 0.00106352 0.00227178
internal_weight=3310 470 330 299 99 52 38 20 200 124 26 2840 140 43
internal_count=3310 470 330 299 99 52 38 20 200 124 26 2840 140 43
is_linear=0
shrinkage=0.05


Tree=155
num_leaves=15
num_cat=1
split_feature=3 3 5 0 9 7 9 4 4 4 6 7 3 9
split_gain=0.0147424 0.0480943 0.031215 0.0261019 0.0729031 0.113446 0.102126 0.0514241 0.0371093 0.0447827 0.0468205 0.034169 0.0325995 0.0309985
threshold=0.15956000000000004 0.15880000000000002 0.057795000000000006 0 0.09459919238176652 0.21420071428571433 0.13464469250551306 0.24007500000000001 0.44322500000000004 0.31766000000000005 0.13272500000000001 0.17228642857142859 0.14030000000000001 0.038454781321846959
decision_type=2 2 2 1 2 2 2 2 2 2 2 2 2 2
left_child=1 2 -1 4 -4 6 7 -6 9 13 -11 -8 -12 -5
right_child=-2 -3 3 8 5 -7 11 -9 -10 10 12 -13 -14 -15
leaf_value=0.0028966989391483369 -7.2184492614171296e-05 0.0031769467804294363 -5.8983456950435146e-05 0.002422027948826629 -0.00018524558223649172 -0.00038688106846215359 0.0080359645932912803 0.0042444650782272218 -0.0017279399646213279 0.0038975915694858749 -0.00080252393686567388 0.0039976540021598337 0.002142798709888559 -0.00014199352986508731
leaf_weight=9.9999999999999982 2262 12.999999999999998 175 11.999999999999998 19.000000000000004 37 10.000000000000002 9.9999999999999982 32 13.999999999999998 21 10.999999999999998 17 667
leaf_count=10 2262 13 175 12 19 37 10 10 32 14 21 11 17 667
internal_value=-3.5966e-07 0.000154667 0.000116706 8.9584e-05 0.00050964 0.001712 0.00326518 0.00134224 -6.05415e-05 1.16218e-05 0.00142579 0.00592066 0.00051512 -9.66795e-05
internal_weight=3310 1048 1035 1025 262 87 50 29 763 731 52 21 38 679
internal_count=3310 1048 1035 1025 262 87 50 29 763 731 52 21 38 679
cat_boundaries=0 1
cat_threshold=416
is_linear=0
shrinkage=0.05


Tree=156
num_leaves=15
num_cat=1
split_feature=4 7 4 4 6 9 0 4 8 6 3 6 6 8
split_gain=0.0146525 0.0569908 0.0951201 0.0539973 0.0491263 0.0503456 0.036522 0.107996 0.0583221 0.0783581 0.0417671 0.0408175 0.0347473 0.0442458
threshold=0.10490500000000001 0.22242428571428577 0.096080000000000013 0.13097500000000004 0.47538000000000008 0.040381409449044427 0 0.088530000000000011 0.15663446428571434 0.22952500000000001 0.12385000000000002 0.31363000000000002 0.41131000000000006 0.38245392857142863
decision_type=2 2 2 2 2 2 1 2 2 2 2 2 2 2
left_child=1 6 -3 4 5 -2 -1 8 -8 10 -10 -9 -5 -14
right_child=3 2 -4 12 -6 -7 7 11 9 -11 -12 -13 13 -15
leaf_value=-0.00066937681719233914 0.0023151725057687146 0.00038907129746029511 0.0045060599828138951 9.7463241250464496e-05 0.0026618067429146986 -0.00085935723758174491 0.0048946125208333673 -0.0013334739125325699 -0.0015384508461513753 0.0047462841243638351 0.0018225983263821237 0.0021253910323139279 -0.00069531080157939377 0.0027056519966572527
leaf_weight=110 12.999999999999998 47 20 2431 10.999999999999998 318 13.999999999999998 58 19 11.999999999999998 18 9.9999999999999982 219 9.9999999999999982
leaf_count=110 13 47 20 2431 11 318 14 58 19 12 18 10 219 10
internal_value=-3.41676e-07 0.000328087 0.00161802 -3.40379e-05 -0.000625434 -0.000734678 -3.05253e-05 0.000517508 0.00204851 0.00123534 9.66542e-05 -0.000824817 4.19987e-05 -0.000546797
internal_weight=3310 308 67 3002 342 331 241 131 63 49 37 68 2660 229
internal_count=3310 308 67 3002 342 331 241 131 63 49 37 68 2660 229
cat_boundaries=0 1
cat_threshold=113
is_linear=0
shrinkage=0.05


Tree=157
num_leaves=15
num_cat=0
split_feature=3 8 5 8 6 1 6 5 5 3 1 8 8 9
split_gain=0.014622 0.0175801 0.0891879 0.0337218 0.0415407 0.0328822 0.0227236 0.0276011 0.0409983 0.0336432 0.0301475 0.0256954 0.0221202 0.108354
threshold=0.86634500000000014 0.33616607142857147 0.17143000000000003 0.35568767857142863 0.33559000000000005 3.5000000000000004 0.54074000000000011 0.34795500000000007 0.28657000000000005 0.41736000000000006 4.5000000000000009 0.24974267857142862 0.3050325000000001 0.14733047490367804
decision_type=2 2 2 2 2 2 2 2 2 2 2 2 2 2
left_child=1 6 -3 -4 -5 -6 12 8 9 10 11 -8 -1 -14
right_child=-2 2 3 4 5 -7 7 -9 -10 -11 -12 -13 13 -15
leaf_value=3.8216428951136663e-05 -0.0018203547732396561 0.0043474107282236224 0.0012345954872823011 -0.0016752375547136916 0.0022753740332144149 -0.00093647522230943039 0.0010494651977621418 -0.0031497209248217669 0.0025148866791278126 0.0012702830206503027 -0.003083673341346807 -0.0017159362944463891 0.00060112338334683481 -0.0018963676832663625
leaf_weight=2909 10.999999999999998 13.999999999999998 42 38 17 14.999999999999998 13.999999999999998 10.999999999999998 9.9999999999999982 13.999999999999998 19 21 95 80
leaf_count=2909 11 14 42 38 17 15 14 11 10 14 19 21 95 80
internal_value=-4.25705e-07 5.64256e-06 0.000584857 0.000114538 -0.000557497 0.00076982 -1.73581e-05 -0.000805012 -0.000474348 -0.000913941 -0.00148022 -0.000609776 5.37254e-06 -0.000540587
internal_weight=3310 3299 126 112 70 32 3173 89 78 68 54 35 3084 175
internal_count=3310 3299 126 112 70 32 3173 89 78 68 54 35 3084 175
is_linear=0
shrinkage=0.05


Tree=158
num_leaves=15
num_cat=1
split_feature=9 9 7 7 9 4 3 6 0 6 7 3 5 5
split_gain=0.0144348 0.0538628 0.0511204 0.0778668 0.0375147 0.0354285 0.0324733 0.0320635 0.028524 0.0828702 0.0741371 0.0626689 0.0560223 0.0484834
threshold=0.051827502087353934 0.062143127852018164 0.13670785714285719 0.13214285714285715 0.053192773107700514 0.13097500000000004 0.13281000000000001 0.27032000000000006 0 0.16869500000000001 0.22870285714285718 0.21193000000000004 0.32100500000000004 0.37799500000000003
decision_type=2 2 2 2 2 2 2 2 1 2 2 2 2 2
left_child=-1 2 3 -2 -4 -6 -7 -8 9 -3 11 12 -11 -12
right_child=1 8 4 -5 5 6 7 -9 -10 10 13 -13 -14 -15
leaf_value=-0.00034321766730221456 0.0003387498567462898 0.00034594306847994207 -0.0012970594515209087 0.0063127731601707636 -0.00080917755122451743 0.0028960293591288582 0.00051318538019939691 0.0029639782473289723 5.6512234061234821e-05 -0.00043216040894116133 0.00040814693857673702 -0.0027704185943623061 -0.0029419015748081388 -0.0021853511354752949
leaf_weight=281 12.000000000000002 263 25 9.9999999999999982 30 21 121 14.999999999999998 2170 126 127 61 27 21
leaf_count=281 12 263 25 10 30 21 121 15 2170 126 127 61 27 21
internal_value=-4.0442e-07 3.13983e-05 0.000760097 0.00305421 0.000522028 0.000765221 0.00106606 0.000783493 -2.9609e-05 -0.000324337 -0.000820267 -0.00141532 -0.000875056 4.01506e-05
internal_weight=3310 3029 234 22 212 187 157 136 2795 625 362 214 153 148
internal_count=3310 3029 234 22 212 187 157 136 2795 625 362 214 153 148
cat_boundaries=0 1
cat_threshold=548
is_linear=0
shrinkage=0.05


Tree=159
num_leaves=15
num_cat=1
split_feature=6 6 5 5 4 8 1 5 5 0 8 9 6 8
split_gain=0.0145489 0.0308297 0.0443706 0.127272 0.0416467 0.0277128 0.0279977 0.0332328 0.0293465 0.0236618 0.044038 0.112938 0.082648 0.107758
threshold=0.08461500000000001 0.093190000000000009 0.11370500000000001 0.13222500000000004 0.13891000000000003 0.21451982142857143 1.5000000000000002 0.11557000000000002 0.14466000000000004 0 0.2386214285714286 0.13744394304266347 0.25198500000000007 0.21624928571428573
decision_type=2 2 2 2 2 2 2 2 2 1 2 2 2 2
left_child=5 2 -2 -4 -5 6 -1 -8 -9 10 11 -3 13 -13
right_child=1 9 3 4 -6 -7 7 8 -10 -11 -12 12 -14 -15
leaf_value=-0.0010015106363202998 -0.0010959139504634282 0.00030811496564616303 0.0061011646086206808 0.0026953353337982361 -0.00093828883558592718 -0.0018193292172415363 -0.00085458506971759643 0.0037306233124003159 0.00061187535223628702 -0.000115549386502177 -5.5286162991774881e-05 0.00019382365921046579 -0.0004780356966269513 0.0065506611624732624
leaf_weight=49 17 415 12.999999999999998 11.999999999999998 23 31 23 10.999999999999998 24 1837 813 10.000000000000002 11.999999999999998 20
leaf_count=49 17 415 13 12 23 31 23 11 24 1837 813 10 12 20
internal_value=-3.75668e-07 2.14891e-05 0.0010992 0.00187664 0.000307525 -0.000502948 -0.000121566 0.000621835 0.00159205 -1.05717e-06 0.000164168 0.000558168 0.00302893 0.00443172
internal_weight=3310 3172 65 48 35 138 107 58 35 3107 1270 457 42 30
internal_count=3310 3172 65 48 35 138 107 58 35 3107 1270 457 42 30
cat_boundaries=0 1
cat_threshold=202
is_linear=0
shrinkage=0.05


Tree=160
num_leaves=15
num_cat=0
split_feature=1 6 2 2 4 6 8 8 2 9 9 8 2 2
split_gain=0.0144099 0.0521961 0.0527565 0.10367 0.0452456 0.0793806 0.0655999 0.0937432 0.0585968 0.043529 0.0434239 0.0466265 0.0869326 0.055294
threshold=5.5000000000000009 0.42052500000000009 12.500000000000002 8.5000000000000018 0.19441500000000003 0.29778500000000002 0.22046017857142861 0.24319428571428575 14.500000000000002 0.10911737681536458 0.17291780500840775 0.24556285714285717 3.5000000000000004 10.500000000000002
decision_type=2 2 2 2 2 2 2 2 2 2 2 2 2 2
left_child=-1 4 3 -3 6 10 -2 -8 9 -7 11 13 -13 -6
right_child=1 2 -4 -5 5 8 7 -9 -10 -11 -12 12 -14 -15
leaf_value=-4.2814434362644797e-05 0.00022489380207116485 0.0012035218779655064 -0.00091394525952637196 0.00699493071064353 -0.00091509568599668707 -0.0016258127810754653 0.0051481416966352193 -0.00071062711914154615 0.00016623090710849144 -0.0048123209158588646 -0.0021554082502714465 0.0054712575705101098 0.0004810105536307674 0.0010222253457143687
leaf_weight=2840 100 34 14.999999999999998 9.9999999999999982 79 29 18.000000000000004 10.999999999999998 26 17 18 11.999999999999998 32 69
leaf_count=2840 100 34 15 10 79 29 18 11 26 17 18 12 32 69
internal_value=-3.74333e-07 0.000256072 0.00164678 0.00251975 5.64333e-05 -0.000298386 0.000832086 0.00292585 -0.00173106 -0.00280344 0.000192815 0.000412961 0.00184199 -1.18852e-05
internal_weight=3310 470 59 44 411 282 129 29 72 46 210 192 44 148
internal_count=3310 470 59 44 411 282 129 29 72 46 210 192 44 148
is_linear=0
shrinkage=0.05


Tree=161
num_leaves=15
num_cat=1
split_feature=3 9 4 0 9 2 6 5 9 4 9 1 1 6
split_gain=0.0142165 0.0391385 0.0432433 0.0360538 0.0349066 0.0376406 0.0416205 0.0812557 0.0487341 0.0419493 0.0400819 0.0308171 0.0452559 0.025918
threshold=0.3660250000000001 0.13879435976230542 0.12479000000000001 0 0.21240763022402986 2.5000000000000004 0.40230500000000008 0.33523000000000008 0.14384380884376827 0.44322500000000004 0.16061388288453823 4.5000000000000009 3.5000000000000004 0.50163500000000016
decision_type=2 2 2 1 2 2 2 2 2 2 2 2 2 2
left_child=-1 3 -3 -2 5 -4 7 8 -7 10 -10 12 -5 -8
right_child=1 2 4 11 -6 6 13 -9 9 -11 -12 -13 -14 -15
leaf_value=3.8226213204723146e-05 -7.449162889575487e-06 0.0032796424601904371 0.0030676124501042069 -0.0017270135788971354 -0.0013933803773183815 0.0027158673566121325 -0.0030440060554870539 0.0033297602002593605 -0.0023590435819642154 0.0020654721534810959 0.00031295880209654571 -0.0025538594753015788 0.00099940091756212969 -0.00017557006018857163
leaf_weight=2907 102 10.999999999999998 11.999999999999998 45 34 12.999999999999998 13.999999999999998 22 32 11.999999999999998 25 40 23 18
leaf_count=2907 102 11 12 45 34 13 14 22 32 12 25 40 23 18
internal_value=-3.55618e-07 -0.000278662 0.000235323 -0.000751038 5.13259e-05 0.000383218 0.00014636 0.00063155 -9.23595e-05 -0.000621446 -0.00118711 -0.00132952 -0.000804844 -0.00143051
internal_weight=3310 403 193 210 182 148 136 104 82 69 57 108 68 32
internal_count=3310 403 193 210 182 148 136 104 82 69 57 108 68 32
cat_boundaries=0 1
cat_threshold=70
is_linear=0
shrinkage=0.05


Tree=162
num_leaves=15
num_cat=0
split_feature=1 6 3 3 3 2 2 6 5 4 5 9 9 4
split_gain=0.0135076 0.0473493 0.0475408 0.0974229 0.0720553 0.0432436 0.0918962 0.0634879 0.0682482 0.0427615 0.086289 0.0628211 0.0481472 0.0388491
threshold=5.5000000000000009 0.42052500000000009 0.20373500000000003 0.24819000000000002 0.46689500000000006 3.5000000000000004 1.5000000000000002 0.28196000000000004 0.37799500000000003 0.24281000000000003 0.38180500000000006 0.13879435976230542 0.091726346039597978 0.19700500000000001
decision_type=2 2 2 2 2 2 2 2 2 2 2 2 2 2
left_child=-1 5 -3 -4 -5 6 13 8 -8 10 -7 12 -11 -2
right_child=1 2 3 4 -6 9 7 -9 -10 11 -12 -13 -14 -15
leaf_value=-4.1428788763945526e-05 0.00093534466820225737 -0.00075424855458550155 0.0067616606503725059 -0.00041240470018237834 0.0046714853681623942 3.3942568219345045e-05 0.0021308654056735 -0.00038669018361430906 0.006954393167556687 -0.0012914355043903926 0.0044299805847307049 -0.0022849602239890673 0.00084935315555475393 -0.0022665040963329376
leaf_weight=2840 18 15.999999999999998 9.9999999999999982 23 9.9999999999999982 160 22 12.999999999999998 10.999999999999998 48 11.999999999999998 49 58 20
leaf_count=2840 18 16 10 23 10 160 22 13 11 48 12 49 58 20
internal_value=-3.38962e-07 0.000247948 0.00157251 0.00243828 0.00112817 5.78044e-05 0.00106972 0.00257283 0.00373871 -0.000202137 0.000340643 -0.000804448 -0.000120061 -0.000749839
internal_weight=3310 470 59 43 33 411 84 46 33 327 172 155 106 38
internal_count=3310 470 59 43 33 411 84 46 33 327 172 155 106 38
is_linear=0
shrinkage=0.05


Tree=163
num_leaves=15
num_cat=1
split_feature=3 0 9 8 5 8 8 5 8 6 6 5 6 5
split_gain=0.0135176 0.0348063 0.0438829 0.0994268 0.125298 0.132143 0.0878138 0.0790176 0.0588512 0.050367 0.0743049 0.0476322 0.0466149 0.0446687
threshold=0.21121500000000001 0 0.13744394304266347 0.3050325000000001 0.38826000000000005 0.28282571428571435 0.33214285714285724 0.32386000000000009 0.24490535714285719 0.28734000000000004 0.31363000000000002 0.18371500000000004 0.18073000000000003 0.16693000000000005
decision_type=2 1 2 2 2 2 2 2 2 2 2 2 2 2
left_child=1 2 8 4 -4 -6 -5 -8 9 -1 -11 -12 -10 -14
right_child=-2 -3 3 6 5 -7 7 -9 12 10 11 -13 13 -15
leaf_value=0.00020274713435599592 -0.00011145161682125571 -7.6463450309327847e-05 0.0011609708109651419 -0.002413563153020042 0.0093611546538092845 0.0014195933938026429 0.0050659105554223061 -0.00022421115621303522 -0.0042788502620533112 0.005532383597032591 0.0031168050481937826 -0.0006139460125599395 0.0024644503789022568 -0.0011450329419070233
leaf_weight=388 1498 1145 68 29 11.000000000000002 9.9999999999999982 9.9999999999999982 24 9.9999999999999982 10.999999999999998 13.999999999999998 22 9.9999999999999982 60
leaf_count=388 1498 1145 68 29 11 10 10 24 10 11 14 22 10 60
internal_value=-3.22012e-07 9.155e-05 0.000375486 0.00112763 0.00220354 0.00557946 -0.000392306 0.00133171 0.000160786 0.000390001 0.00193584 0.000836902 -0.00108557 -0.000629392
internal_weight=3310 1812 667 152 89 21 63 34 515 435 47 36 80 70
internal_count=3310 1812 667 152 89 21 63 34 515 435 47 36 80 70
cat_boundaries=0 1
cat_threshold=424
is_linear=0
shrinkage=0.05


Tree=164
num_leaves=15
num_cat=0
split_feature=2 2 4 7 8 9 4 3 6 4 9 6 1 7
split_gain=0.0132443 0.067209 0.0555419 0.0377698 0.0624632 0.0347325 0.0328882 0.0318134 0.0446508 0.0305693 0.0469343 0.0293439 0.0707688 0.0763179
threshold=29.500000000000004 23.500000000000004 0.14466000000000004 0.15901214285714291 0.20652535714285716 0.16296470573365629 0.20855500000000002 0.20838500000000001 0.36162000000000005 0.34756000000000004 0.064830907385739184 0.17068000000000003 3.5000000000000004 0.35531071428571431
decision_type=2 2 2 2 2 2 2 2 2 2 2 2 2 2
left_child=1 -1 3 -3 -5 9 -2 8 -8 10 -4 -12 13 -13
right_child=6 2 5 4 -6 -7 7 -9 -10 -11 11 12 -14 -15
leaf_value=-2.3407208498160388e-05 -0.00071922536422174184 0.0052914858062285929 -0.00092046659049247544 -0.00053824667207663863 0.0040247633075341585 0.0029515220174709195 0.00043478528656656066 -0.00044576095754133633 0.0037002946871022382 -0.0012847231989256286 -0.00062698014880879782 0.0054464098593024037 -0.0004056346382842296 4.9993072170764211e-05
leaf_weight=2750 201 9.9999999999999982 31 15.000000000000002 14.999999999999998 12.999999999999998 82 95 11.999999999999998 26 12.999999999999998 19.000000000000004 18 9.9999999999999982
leaf_count=2750 201 10 31 15 15 13 82 95 12 26 13 19 18 10
internal_value=-3.17463e-07 3.62345e-05 0.00100103 0.00263032 0.00174326 0.000499708 -0.000273989 0.000199517 0.000851659 0.000227284 0.000659287 0.00147549 0.00205703 0.00358558
internal_weight=3310 2920 170 40 30 130 390 189 94 117 91 60 47 29
internal_count=3310 2920 170 40 30 130 390 189 94 117 91 60 47 29
is_linear=0
shrinkage=0.05


Tree=165
num_leaves=15
num_cat=0
split_feature=7 6 2 2 9 8 8 2 8 8 9 3 6 1
split_gain=0.013335 0.053748 0.0974006 0.0575318 0.051387 0.0472737 0.0567724 0.050764 0.0434289 0.0436825 0.0363972 0.0453917 0.0866373 0.0321356
threshold=0.15658071428571432 0.17936000000000005 2.5000000000000004 1.5000000000000002 0.10051228004981058 0.2079219642857143 0.18700589285714289 9.5000000000000018 0.20054196428571433 0.19236107142857148 0.10612919217874511 0.19079000000000004 0.26295500000000005 4.5000000000000009
decision_type=2 2 2 2 2 2 2 2 2 2 2 2 2 2
left_child=1 3 -3 4 -1 6 -5 -7 9 -8 13 -12 -13 -4
right_child=-2 2 10 5 -6 7 8 -9 -10 -11 11 12 -14 -15
leaf_value=0.00050527599997125935 4.5956181256603353e-05 -0.0028985322833165791 -0.0002941929663938936 -0.00010242554587491144 0.0042293406309909191 -0.0039295900737245874 0.0012657158088404683 0.00043349375240116689 -0.00010973938579599446 0.005939180471323198 -0.0001553785333927456 -0.00077262524282559729 0.0055027685382149439 -0.001941487019537314
leaf_weight=22 2730 43 80 195 15.999999999999998 15.000000000000002 10.000000000000002 11.999999999999998 12.999999999999998 9.9999999999999982 95 11.000000000000002 10.999999999999998 47
leaf_count=22 2730 43 80 195 16 15 10 12 13 10 95 11 11 47
internal_value=-3.01589e-07 -0.000218032 -0.000704361 0.000258338 0.0020733 -1.21277e-05 0.000222146 -0.00199044 0.00214007 0.00360245 -0.000317683 0.000318552 0.00236507 -0.000903821
internal_weight=3310 580 287 293 38 255 228 27 33 20 244 117 22 127
internal_count=3310 580 287 293 38 255 228 27 33 20 244 117 22 127
is_linear=0
shrinkage=0.05


Tree=166
num_leaves=15
num_cat=0
split_feature=3 8 5 8 6 1 2 6 6 9 9 3 3 4
split_gain=0.0131434 0.0153416 0.0775918 0.0300955 0.0360023 0.0288885 0.0215962 0.0331852 0.0212923 0.0241782 0.0531584 0.0725632 0.0342192 0.0311831
threshold=0.86634500000000014 0.33616607142857147 0.17143000000000003 0.35568767857142863 0.33559000000000005 3.5000000000000004 11.500000000000002 0.25013500000000005 0.54074000000000011 0.1288364776979341 0.15334723580260848 0.23886000000000004 0.30049500000000007 0.20470000000000002
decision_type=2 2 2 2 2 2 2 2 2 2 2 2 2 2
left_child=1 8 -3 6 -5 -6 -4 -8 -1 13 11 -11 -12 -10
right_child=-2 2 3 4 5 -7 7 -9 9 10 12 -13 -14 -15
leaf_value=5.9834349906882399e-06 -0.0017257469113577497 0.0040559897066227034 -8.1449891685655257e-05 -0.0015675679847941195 0.002119835723629769 -0.00089065612604220714 0.0043619496002793292 0.00053075057758878059 -0.0042787389084696752 0.0043282312069398655 -0.0022869071459717819 -0.0011703731841407716 0.00078428447237596495 -0.00049823140143416826
leaf_weight=3084 10.999999999999998 13.999999999999998 19 38 17 14.999999999999998 10.000000000000002 12.999999999999998 10.000000000000002 12.000000000000002 30 11.999999999999998 12.999999999999998 11.999999999999998
leaf_count=3084 11 14 19 38 17 15 10 13 10 12 30 12 13 12
internal_value=-2.86509e-07 5.46677e-06 0.00054655 0.00010787 -0.000527003 0.000708668 0.00116599 0.00219649 -1.60197e-05 -0.000778465 -0.000306227 0.00157893 -0.00135841 -0.00221664
internal_weight=3310 3299 126 112 70 32 42 23 3173 89 67 24 43 22
internal_count=3310 3299 126 112 70 32 42 23 3173 89 67 24 43 22
is_linear=0
shrinkage=0.05


Tree=167
num_leaves=15
num_cat=0
split_feature=1 6 4 4 2 2 6 7 4 5 6 8 4 5
split_gain=0.0131238 0.0427686 0.0448666 0.0388469 0.0386312 0.0822831 0.0587859 0.0398357 0.0389227 0.0770285 0.0606633 0.0420921 0.03726 0.0363533
threshold=5.5000000000000009 0.42052500000000009 0.16158000000000003 0.21220500000000003 3.5000000000000004 1.5000000000000002 0.24588500000000002 0.23083714285714288 0.24281000000000003 0.38180500000000006 0.34821000000000008 0.27047625000000003 0.23395500000000002 0.19577500000000003
decision_type=2 2 2 2 2 2 2 2 2 2 2 2 2 2
left_child=-1 4 -3 -4 5 13 -7 -8 9 11 -10 12 -6 -2
right_child=1 2 3 -5 8 6 7 -9 10 -11 -12 -13 -14 -15
leaf_value=-4.0774131969837855e-05 0.0018862070758768825 0.00423207594625031 -0.0019584063813090323 0.0015539298576579706 2.2025255395205665e-05 0.0040807052478194243 0.0025686120953072196 -0.0017917223460972309 -0.0003758498598580007 0.0041995849169325083 -0.0033264941757079215 -0.0029386137897910725 0.0028238662375280493 -0.0016257931228860151
leaf_weight=2840 9.9999999999999982 11.999999999999998 9.9999999999999982 37 136 25 11.000000000000002 9.9999999999999982 135 11.999999999999998 20 10.999999999999998 12.999999999999998 28
leaf_count=2840 10 12 10 37 136 25 11 10 135 12 20 11 13 28
internal_value=-2.72184e-07 0.000244463 0.00150333 0.000806624 6.37502e-05 0.00102018 0.0024425 0.000492262 -0.000181938 0.000335907 -0.000756578 4.61309e-05 0.000266481 -0.000701583
internal_weight=3310 470 59 47 411 84 46 21 327 172 155 160 149 38
internal_count=3310 470 59 47 411 84 46 21 327 172 155 160 149 38
is_linear=0
shrinkage=0.05


Tree=168
num_leaves=15
num_cat=0
split_feature=3 8 4 5 5 9 8 8 5 5 1 3 8 3
split_gain=0.0130953 0.0313747 0.0313612 0.0307661 0.122509 0.0403817 0.0409084 0.0391843 0.0602359 0.0378363 0.0339833 0.0373621 0.0427484 0.0291428
threshold=0.11385000000000002 0.21836339285714287 0.31512000000000007 0.12327 0.12963500000000003 0.07259349470692042 0.1556889285714286 0.19361357142857147 0.091300000000000006 0.15731500000000001 3.5000000000000004 0.10318000000000001 0.19616392857142859 0.089145000000000016
decision_type=2 2 2 2 2 2 2 2 2 2 2 2 2 2
left_child=1 3 -3 7 -5 9 -7 -1 -9 -6 -8 12 -12 -11
right_child=-2 2 -4 4 5 6 10 8 -10 13 11 -13 -14 -15
leaf_value=-0.00078775025672942704 -3.5860830582587109e-05 -0.0010273585786178176 0.0013126758181089019 0.0054124060519305725 -0.00060232888746003695 -0.0030152758350595835 -0.00032643121474547126 0.0039207721617108629 -0.00060051507453488958 0.0044428219624723384 0.0050943871515549029 -0.00016088904166180226 0.00057745872996747502 0.0015241460645920597
leaf_weight=73 2934 70 18 13.999999999999998 12.999999999999998 9.9999999999999982 71 13.000000000000002 17 12.999999999999998 11.000000000000002 18 9.9999999999999982 25
leaf_count=73 2934 70 18 14 13 10 71 13 17 13 11 18 10 25
internal_value=-2.58575e-07 0.000277553 -0.000548715 0.000530023 0.000915628 0.000547471 4.65622e-05 -0.000162568 0.00135871 0.00172608 0.000324911 0.00151069 0.00294347 0.00252264
internal_weight=3310 376 88 288 185 171 120 103 30 51 110 39 21 38
internal_count=3310 376 88 288 185 171 120 103 30 51 110 39 21 38
is_linear=0
shrinkage=0.05


Tree=169
num_leaves=15
num_cat=1
split_feature=1 2 2 6 1 7 4 4 5 2 6 6 0 8
split_gain=0.0133197 0.0477387 0.0764153 0.0464076 0.0337936 0.0334976 0.0538574 0.0314396 0.0294502 0.0297226 0.0280333 0.0932141 0.0355824 0.0509096
threshold=1.0000000180025095e-35 2.5000000000000004 1.0000000180025095e-35 0.144595 2.5000000000000004 0.13309428571428575 0.10917500000000001 0.58221500000000004 0.60086500000000009 1.0000000180025095e-35 0.30431500000000006 0.43825000000000008 0 0.27767535714285718
decision_type=2 2 2 2 2 2 2 2 2 2 2 2 1 2
left_child=1 2 3 -1 8 -3 -7 10 9 -2 12 -12 13 -8
right_child=4 5 -4 -5 -6 6 7 -9 -10 -11 11 -13 -14 -15
leaf_value=0.0036792681552469731 -0.0029630111716687679 -0.0017024853695183995 0.0056161454366520057 -0.00025382167038818197 8.0266417456426246e-05 0.002856730808141745 7.2468137199094491e-05 -0.0022678165928352559 -0.0025623615074437112 -0.00022225034052646717 0.0026334539370997472 -0.00080402897254220761 -0.00049567560227075844 0.002701944131937732
leaf_weight=9.9999999999999982 9.9999999999999982 25 9.9999999999999982 30 1900 18 79 13.999999999999998 13.999999999999998 916 41 38 181 24
leaf_count=10 10 25 10 30 1900 18 79 14 14 916 41 38 181 24
internal_value=-2.45651e-07 0.000246309 0.00170679 0.000729451 -4.10487e-05 7.24421e-05 0.000184779 5.7206e-05 -0.00028626 -0.000251848 0.000146876 0.000979981 -8.48676e-05 0.000624528
internal_weight=3310 470 50 40 2840 420 395 377 940 926 363 79 284 103
internal_count=3310 470 50 40 2840 420 395 377 940 926 363 79 284 103
cat_boundaries=0 1
cat_threshold=195
is_linear=0
shrinkage=0.05


Tree=170
num_leaves=15
num_cat=0
split_feature=3 7 8 2 6 5 6 9 8 6 3 2 4 4
split_gain=0.0131931 0.0387359 0.0455304 0.040394 0.044734 0.0559772 0.0877243 0.0397726 0.0356813 0.0346311 0.0338998 0.0314454 0.0300973 0.038204
threshold=0.3660250000000001 0.3333214285714286 0.32041321428571429 21.500000000000004 0.50163500000000016 0.17607000000000003 0.16142500000000001 0.15743958951797582 0.26947928571428575 0.19446500000000003 0.64327000000000012 10.500000000000002 0.16377000000000003 0.20165000000000002
decision_type=2 2 2 2 2 2 2 2 2 2 2 2 2 2
left_child=-1 2 9 4 5 6 -3 -8 -7 10 -2 -10 -11 -14
right_child=1 3 -4 -5 -6 8 7 -9 11 12 -12 -13 13 -15
leaf_value=3.6858875189048876e-05 -0.00046290602611673135 -0.0015971461437981238 0.0017705732466614184 -0.0009625443348860634 0.0040479262167355048 0.0024134518578648569 0.0060108853842724443 0.0019932381559296382 -0.0017371742300955314 -7.7309186537084839e-05 0.0023824401510258515 0.00074813644867390396 -0.0035703807239769961 -0.0012581346133083572
leaf_weight=2907 82 10.999999999999998 18 42 9.9999999999999982 9.9999999999999982 11.000000000000002 13.999999999999998 35 35 11.999999999999998 20 23 80
leaf_count=2907 82 11 18 42 10 10 11 14 35 35 12 20 23 80
internal_value=-3.0824e-07 -0.000268409 -0.000651896 0.000358203 0.000857945 0.000542105 0.00212379 0.003761 -0.000333905 -0.000839846 -9.96703e-05 -0.000833425 -0.00134402 -0.00177446
internal_weight=3310 403 250 153 111 101 36 25 65 232 94 55 138 103
internal_count=3310 403 250 153 111 101 36 25 65 232 94 55 138 103
is_linear=0
shrinkage=0.05


Tree=171
num_leaves=15
num_cat=1
split_feature=7 6 2 8 9 9 4 2 9 2 0 7 9 9
split_gain=0.0128991 0.0479573 0.0568416 0.0554683 0.0581847 0.0618594 0.075238 0.0557593 0.0452099 0.0353101 0.0334488 0.0565147 0.0366929 0.0698635
threshold=0.15658071428571432 0.17587000000000003 2.5000000000000004 0.2079219642857143 0.085229609934824604 0.13028901488269387 0.13097500000000004 4.5000000000000009 0.077214035901513614 10.500000000000002 0 0.12052214285714287 0.15928379610224838 0.10612919217874511
decision_type=2 2 2 2 2 2 2 2 2 2 1 2 2 2
left_child=1 3 -3 4 8 6 -6 -8 -1 -5 -4 -12 13 -13
right_child=-2 2 10 9 5 -7 7 -9 -10 -11 11 12 -14 -15
leaf_value=0.00027314653855666047 4.5202729439292204e-05 -0.0022699101596473435 -0.00083357718114260282 -0.0033980977023020382 0.0008799653210219057 -0.00086975700299566001 0.0072288699617440028 0.0023919798702431417 -0.0023057460791039235 0.00038934411713853478 -0.0018323625001357869 -0.00020277953598826358 -0.0011085330754415027 0.0029577045610898901
leaf_weight=161 2730 46 143 16.000000000000004 31 18 11.000000000000002 12.999999999999998 19 9.9999999999999982 24 34 18 36
leaf_count=161 2730 46 143 16 31 18 11 13 19 10 24 34 18 36
internal_value=-2.92827e-07 -0.000214436 -0.000652161 0.000257806 0.00048381 0.00167447 0.00250713 0.00460889 9.30096e-07 -0.00194139 -0.000360332 0.000292234 0.000904878 0.00142261
internal_weight=3310 580 301 279 253 73 55 24 180 26 255 112 88 70
internal_count=3310 580 301 279 253 73 55 24 180 26 255 112 88 70
cat_boundaries=0 1
cat_threshold=692
is_linear=0
shrinkage=0.05


Tree=172
num_leaves=15
num_cat=2
split_feature=3 3 5 8 8 0 8 1 2 0 8 6 7 7
split_gain=0.0131977 0.0441545 0.0274138 0.0242108 0.0785839 0.0738379 0.0636522 0.102289 0.121808 0.0634804 0.0731985 0.0574215 0.0425514 0.071459
threshold=0.15956000000000004 0.15880000000000002 0.057795000000000006 0.25956767857142865 0.25412017857142866 0 0.22046017857142861 4.5000000000000009 7.5000000000000009 1 0.29022875000000009 0.42052500000000009 0.26877357142857145 0.31762857142857154
decision_type=2 2 2 2 2 1 2 2 2 1 2 2 2 2
left_child=1 2 -1 4 5 6 -2 -8 -9 10 11 -5 -12 -14
right_child=3 -3 -4 9 -6 -7 7 8 -10 -11 12 -13 13 -15
leaf_value=0.002715132197045023 2.6222181374494204e-05 0.0030421222022806223 8.4485849682251453e-05 -0.0020777039597571897 -0.0017706391538455581 -0.00031196116253816422 0.00036865992176238004 0.0060900256747291204 0.00097013127255754983 0.00044808360607780063 -0.0013243279291381097 0.0019355267100036146 0.0034883478342089807 -1.0316856787540019e-05
leaf_weight=9.9999999999999982 249 12.999999999999998 1025 82 74 1076 88 21 26 533 29 9.9999999999999982 20 54
leaf_count=10 249 13 1025 82 74 1076 88 21 26 533 29 10 20 54
internal_value=-4.04105e-07 0.000146276 0.000109903 -6.83618e-05 -0.000181051 -0.000100483 0.000487526 0.00137449 0.00325774 0.00016909 -0.000586401 -0.00164148 0.000299071 0.000935268
internal_weight=3310 1048 1035 2262 1534 1460 384 135 47 728 195 92 103 74
internal_count=3310 1048 1035 2262 1534 1460 384 135 47 728 195 92 103 74
cat_boundaries=0 1 2
cat_threshold=584 520
is_linear=0
shrinkage=0.05


Tree=173
num_leaves=15
num_cat=0
split_feature=3 5 8 9 1 8 9 5 8 3 5 7 6 3
split_gain=0.0128735 0.0313106 0.0592867 0.0661362 0.0584532 0.0393714 0.0319245 0.0420643 0.0249551 0.0359026 0.0385473 0.0523799 0.035652 0.0356677
threshold=0.40332000000000007 0.16213500000000003 0.24593607142857146 0.19661505312140468 3.5000000000000004 0.22990607142857147 0.10366401261554893 0.11840500000000001 0.33616607142857147 0.37068500000000004 0.21121500000000001 0.26596428571428582 0.54074000000000011 0.23886000000000004
decision_type=2 2 2 2 2 2 2 2 2 2 2 2 2 2
left_child=8 2 5 4 -4 6 -2 -8 12 10 -10 -12 -1 -14
right_child=1 -3 3 -5 -6 -7 7 -9 9 -11 11 -13 13 -15
leaf_value=3.3798936231738536e-05 -0.0022281140681694855 -0.0006497589870173324 0.0015019816299900409 -0.0005661849699476186 0.0064371124841272834 -0.0033543964847922328 -0.0012390468036755917 0.0027326188834073642 0.002689865430329519 0.0036781591922044757 0.0020556340226903559 -0.0010415944086690975 -0.00022142111683142899 -0.0024848420621960293
leaf_weight=2847 10.999999999999998 209 15.000000000000002 17 9.9999999999999982 10.999999999999998 12.000000000000002 14.999999999999998 15.999999999999998 9.9999999999999982 20 43 46 28
leaf_count=2847 11 209 15 17 10 11 12 15 16 10 20 43 46 28
internal_value=-3.63334e-07 -0.000312703 0.000461415 0.0018399 0.00347603 -0.000720141 4.2407e-05 0.000967434 3.07668e-05 0.000855546 0.000498253 -5.83473e-05 5.63664e-06 -0.00107785
internal_weight=3310 300 91 42 25 49 38 27 3010 89 79 63 2921 74
internal_count=3310 300 91 42 25 49 38 27 3010 89 79 63 2921 74
is_linear=0
shrinkage=0.05


Tree=174
num_leaves=15
num_cat=0
split_feature=1 2 2 6 1 3 2 3 2 8 6 8 5 7
split_gain=0.0129831 0.0439181 0.0699402 0.0405919 0.0304986 0.0298056 0.0386089 0.0387914 0.0390025 0.0375558 0.0445702 0.0426007 0.0592231 0.0414501
threshold=1.0000000180025095e-35 2.5000000000000004 1.0000000180025095e-35 0.144595 2.5000000000000004 0.13727000000000003 17.500000000000004 0.60594500000000007 5.5000000000000009 0.15070053571428574 0.088530000000000011 0.19188696428571431 0.091300000000000006 0.18382357142857148
decision_type=2 2 2 2 2 2 2 2 2 2 2 2 2 2
left_child=1 2 3 -1 5 9 7 8 -7 10 -2 -11 -13 -14
right_child=4 -3 -4 -5 -6 6 -8 -9 -10 11 -12 12 13 -15
leaf_value=0.0034676814638078218 -0.0007588275845839894 7.6309936093388219e-05 0.0053839537734165794 -0.00021072082774480804 7.4619772817593338e-05 -0.00027225801176417703 0.00016698772097363792 0.00232535757124424 -0.0012599057604236073 -0.00074670659140120619 0.0032404357138530989 0.0029774389899102972 -0.00070846393560297823 0.00082100922877495919
leaf_weight=9.9999999999999982 11.000000000000002 420 9.9999999999999982 30 1900 178 158 9.9999999999999982 228 138 19 20 83 95
leaf_count=10 11 420 10 30 1900 178 158 10 228 138 19 20 83 95
internal_value=-3.45172e-07 0.000243074 0.00164389 0.00070888 -4.06294e-05 -0.00027358 -0.000498402 -0.000751122 -0.000826898 7.90104e-05 0.00177404 -7.23314e-05 0.000397688 0.000107828
internal_weight=3310 470 50 40 2840 940 574 416 406 366 30 336 198 178
internal_count=3310 470 50 40 2840 940 574 416 406 366 30 336 198 178
is_linear=0
shrinkage=0.05


Tree=175
num_leaves=15
num_cat=1
split_feature=4 4 6 2 6 2 9 1 0 3 9 9 8 8
split_gain=0.0128953 0.0485149 0.0468985 0.0662181 0.0468363 0.0412445 0.0626158 0.0626896 0.0398871 0.0336689 0.042192 0.0482761 0.0336051 0.0729564
threshold=0.10490500000000001 0.13097500000000004 0.280005 10.500000000000002 0.24026500000000003 1.5000000000000002 0.073581637208089537 1.5000000000000002 0 0.063560000000000019 0.14789356553408531 0.15928379610224838 0.24556285714285717 0.19448607142857147
decision_type=2 2 2 2 2 2 2 2 1 2 2 2 2 2
left_child=2 5 4 12 9 6 -2 -8 -7 -1 -11 -12 13 -4
right_child=1 -3 3 -5 -6 8 7 -9 -10 10 11 -13 -14 -15
leaf_value=0.002699351668930971 0.00054063328570919111 4.0134081717151552e-05 5.14470830967184e-05 -0.0016757046008327354 -0.0021870806178247385 0.00037028827569312765 -0.00010019184090197085 -0.0049487567751202739 -0.00080059572409691803 -0.00020494855939090173 0.0039617363521496623 -3.127172342775499e-06 0.00059318173831949639 0.0053276796016449995
leaf_weight=12.999999999999998 15.999999999999998 2660 10.000000000000002 11.999999999999998 22 111 10.000000000000002 20 185 186 14.000000000000002 17 14.999999999999998 19
leaf_count=13 16 2660 10 12 22 111 10 20 185 186 14 17 15 19
internal_value=-3.2791e-07 -3.19392e-05 0.00030778 0.0016166 1.69306e-05 -0.000592509 -0.00198537 -0.00333257 -0.000376052 0.000227749 7.96807e-05 0.00178746 0.0025145 0.00350829
internal_weight=3310 3002 308 56 252 342 46 30 296 230 217 31 44 29
internal_count=3310 3002 308 56 252 342 46 30 296 230 217 31 44 29
cat_boundaries=0 1
cat_threshold=225
is_linear=0
shrinkage=0.05


Tree=176
num_leaves=15
num_cat=0
split_feature=3 2 2 4 6 4 5 6 2 2 4 9 8 3
split_gain=0.0124992 0.0142374 0.0686451 0.121825 0.0617198 0.0597673 0.034257 0.0280536 0.0355252 0.0572675 0.0756596 0.0503562 0.0742613 0.0314846
threshold=0.86634500000000014 17.500000000000004 19.500000000000004 0.33818000000000009 0.16542500000000002 0.17752500000000002 0.13970500000000002 0.25637000000000004 29.500000000000004 22.500000000000004 0.11450500000000001 0.12111238979066913 0.28336821428571435 0.18409000000000003
decision_type=2 2 2 2 2 2 2 2 2 2 2 2 2 2
left_child=1 -1 3 4 5 6 -3 8 9 -4 -11 -12 -13 -9
right_child=-2 2 7 -5 -6 -7 -8 13 -10 10 11 12 -14 -15
leaf_value=-5.3875463481818092e-05 -0.0016830191524191337 0.0022892959601449546 -0.00036268203837827752 0.0061398751878490058 -0.00046727903623213158 0.0048383307111050404 -0.0013353892856023529 0.00040799886241916627 -0.00020278898601131719 0.0044708288565743718 0.00031115444429882766 0.0047317085942874355 0.00012358128202750402 -0.00091462561178333847
leaf_weight=2492 10.999999999999998 16.000000000000004 91 11.999999999999998 47 13.999999999999998 10.999999999999998 67 253 15.999999999999998 108 18 17 137
leaf_count=2492 11 16 91 12 47 14 11 67 253 16 108 18 17 137
internal_value=-3.7652e-07 5.23399e-06 0.000187763 0.00141392 0.000769477 0.00218722 0.000812572 1.43311e-05 0.00021491 0.000637622 0.00121012 0.000845289 0.00249348 -0.000480234
internal_weight=3310 3299 807 100 88 41 27 707 503 250 159 143 35 204
internal_count=3310 3299 807 100 88 41 27 707 503 250 159 143 35 204
is_linear=0
shrinkage=0.05


Tree=177
num_leaves=15
num_cat=0
split_feature=9 9 7 7 8 8 7 3 9 2 5 3 2 2
split_gain=0.0124915 0.0484579 0.0445449 0.0662824 0.0341164 0.0294294 0.031593 0.0285646 0.0272612 0.0310687 0.0310994 0.0328075 0.0247378 0.0761137
threshold=0.051827502087353934 0.062143127852018164 0.13670785714285719 0.13214285714285715 0.22990607142857147 0.19920785714285719 0.12052214285714287 0.087885000000000019 0.053192773107700514 27.500000000000004 0.10010500000000001 0.11120500000000001 17.500000000000004 19.500000000000004
decision_type=2 2 2 2 2 2 2 2 2 2 2 2 2 2
left_child=5 2 3 -2 8 6 -1 -8 -4 10 -10 -12 -3 -14
right_child=1 12 4 -5 -6 -7 7 -9 9 -11 11 -13 13 -15
leaf_value=0.0015369858373613919 0.00035655398169183168 -0.00011281958247099295 -0.0012138389782921878 0.0058683083415962756 0.0028835198326435472 0.00086829806483489265 0.0019106431072577834 -0.00082453706847792046 -0.0014907628114867425 -0.0016221278160810473 0.0037403766904026271 0.00077154484612010636 0.0017142670800570738 4.4585357974148297e-05
leaf_weight=17 12.000000000000002 2117 25 9.9999999999999982 13.999999999999998 44 9.9999999999999982 210 13.999999999999998 14.999999999999998 9.9999999999999982 134 77 601
leaf_count=17 12 2117 25 10 14 44 10 210 14 15 10 134 77 601
internal_value=-3.57691e-07 2.9227e-05 0.000720398 0.0028619 0.000498167 -0.000319261 -0.000539737 -0.000700211 0.000329506 0.000552533 0.000758988 0.000977714 -2.86385e-05 0.00023421
internal_weight=3310 3029 234 22 212 281 237 220 198 173 158 144 2795 678
internal_count=3310 3029 234 22 212 281 237 220 198 173 158 144 2795 678
is_linear=0
shrinkage=0.05


Tree=178
num_leaves=15
num_cat=0
split_feature=7 6 2 2 9 8 8 2 8 8 9 3 6 4
split_gain=0.0126776 0.0413067 0.0773493 0.0482558 0.0502172 0.0370819 0.0475869 0.0403078 0.0389014 0.0366174 0.0297255 0.0376297 0.0725883 0.0335104
threshold=0.15658071428571432 0.17936000000000005 2.5000000000000004 1.5000000000000002 0.10051228004981058 0.2079219642857143 0.18700589285714289 9.5000000000000018 0.20054196428571433 0.19236107142857148 0.10612919217874511 0.19079000000000004 0.26295500000000005 0.096080000000000013
decision_type=2 2 2 2 2 2 2 2 2 2 2 2 2 2
left_child=1 3 -3 4 -1 6 -5 -7 9 -8 13 -12 -13 -4
right_child=-2 2 10 5 -6 7 8 -9 -10 -11 11 12 -14 -15
leaf_value=0.00031712253204949032 4.476332688092633e-05 -0.0025942994584870894 0.0019540244806557894 -0.00013239487728032356 0.0039985538809560245 -0.0035227916079262887 0.0011653071051114237 0.00036506247755217682 -0.00020862025289366452 0.0054441740410402419 -0.00015092961588188223 -0.00072812660826209374 0.0050159744579683649 -0.0010615402457822198
leaf_weight=22 2730 43 9.9999999999999982 195 15.999999999999998 15.000000000000002 10.000000000000002 11.999999999999998 12.999999999999998 9.9999999999999982 95 11.000000000000002 10.999999999999998 117
leaf_count=22 2730 43 10 195 16 15 10 12 13 10 95 11 11 117
internal_value=-3.39808e-07 -0.000212636 -0.000638978 0.000204977 0.0018672 -4.2727e-05 0.000164762 -0.00179486 0.00192069 0.00330474 -0.000294393 0.000280581 0.00214392 -0.000824094
internal_weight=3310 580 287 293 38 255 228 27 33 20 244 117 22 127
internal_count=3310 580 287 293 38 255 228 27 33 20 244 117 22 127
is_linear=0
shrinkage=0.05


Tree=179
num_leaves=15
num_cat=0
split_feature=1 4 3 5 3 3 4 8 2 2 9 2 9 4
split_gain=0.0120907 0.0397362 0.0810058 0.0501423 0.0364148 0.0340398 0.0349198 0.0320858 0.0447029 0.0729303 0.0698871 0.0681857 0.0726009 0.059021
threshold=5.5000000000000009 0.19958000000000001 0.44970000000000004 0.23632500000000004 0.27952500000000008 0.72848500000000016 0.22121000000000005 0.20748857142857147 3.5000000000000004 8.5000000000000018 0.15928379610224838 21.500000000000004 0.1288364776979341 0.37443000000000004
decision_type=2 2 2 2 2 2 2 2 2 2 2 2 2 2
left_child=5 2 3 -2 -5 -1 -7 -3 13 -10 11 12 -11 -9
right_child=1 7 -4 4 -6 6 -8 8 9 10 -12 -13 -14 -15
leaf_value=-2.2558785879236178e-05 -0.00017863509765852039 0.00068522468115944602 0.00501305852085352 0.0023032943722985995 -0.00077615723057533614 -0.0035365264413745271 0.0001391566979388396 -0.00035105671267956497 -0.0021919602331998307 0.00058941541397611482 -0.0025057982611046596 -0.00088441367638674947 0.004999254125037364 0.0031555138398996659
leaf_weight=2814 90 92 10.999999999999998 48 11.999999999999998 14.000000000000002 11.999999999999998 36 62 28 22 37 13.999999999999998 18
leaf_count=2814 90 92 11 48 12 14 12 36 62 28 22 37 14 18
internal_value=-3.22816e-07 0.000234582 0.000871495 0.000567781 0.0016874 -3.91979e-05 -0.00184006 -9.72729e-05 -0.000429023 -0.000842081 -1.34424e-05 0.000680631 0.00205936 0.0008178
internal_weight=3310 470 161 150 60 2840 26 309 217 163 101 79 42 54
internal_count=3310 470 161 150 60 2840 26 309 217 163 101 79 42 54
is_linear=0
shrinkage=0.05


Tree=180
num_leaves=15
num_cat=0
split_feature=1 2 7 4 2 8 8 5 4 6 8 7 7 6
split_gain=0.0119468 0.0403225 0.0378617 0.0426822 0.04 0.0980328 0.0700649 0.050736 0.0332913 0.034602 0.0337441 0.0457359 0.0329458 0.0476091
threshold=1.0000000180025095e-35 5.5000000000000009 0.14399642857142861 0.10717500000000001 9.5000000000000018 0.22990607142857147 0.22016125000000003 0.27173000000000008 0.24893000000000001 0.23550500000000005 0.22291000000000002 0.24934642857142861 0.21271071428571431 0.14545500000000003
decision_type=2 2 2 2 2 2 2 2 2 2 2 2 2 2
left_child=1 8 -3 -4 5 6 7 -5 10 -10 -1 -12 13 -6
right_child=-2 2 3 4 12 -7 -8 -9 9 -11 11 -13 -14 -15
leaf_value=0.00087248119153082379 -3.8949794268415316e-05 -0.001731741817991039 0.0031607297841798176 0.00035688410157729922 0.0018204366935319024 -0.0030552149847305073 0.0039471262557940054 -0.0036458515189588072 -0.0012182824346902116 0.0011399025676239814 0.005749158356338737 0.0014877225073766621 0.00094074523715933448 -0.0010350151296560875
leaf_weight=50 2840 31 10.999999999999998 38 19 33 10.999999999999998 9.9999999999999982 28 35 10.000000000000002 17 114 63
leaf_count=50 2840 31 11 38 19 33 11 10 28 35 10 17 114 63
internal_value=-3.06677e-07 0.000233196 -6.84524e-05 0.000103996 -1.27546e-05 -0.000872833 0.000347822 -0.000477019 0.000944226 9.18203e-05 0.00164165 0.00306603 0.000390956 -0.000373386
internal_weight=3310 470 330 299 288 92 59 48 140 63 77 27 196 82
internal_count=3310 470 330 299 288 92 59 48 140 63 77 27 196 82
is_linear=0
shrinkage=0.05


Tree=181
num_leaves=15
num_cat=0
split_feature=6 6 2 4 8 2 9 7 5 8 8 6 4 5
split_gain=0.0118603 0.0520944 0.0739605 0.0320311 0.0230542 0.0372833 0.0421978 0.0329633 0.0307568 0.0208979 0.0411907 0.0615533 0.035575 0.0380078
threshold=0.088530000000000011 0.093190000000000009 12.500000000000002 0.12191500000000001 0.21451982142857143 3.5000000000000004 0.088484073772038721 0.23266642857142858 0.13691500000000004 0.1857344642857143 0.18734553571428578 0.24807000000000004 0.14243000000000003 0.17218000000000003
decision_type=2 2 2 2 2 2 2 2 2 2 2 2 2 2
left_child=4 2 3 -2 5 -1 -7 8 -8 -3 11 12 -11 -14
right_child=1 9 -4 -5 -6 6 7 -9 -10 10 -12 -13 13 -15
leaf_value=0.0016799077920344038 0.0027414857904659575 -0.00025432895579170382 0.0053112793459811 -0.00078789460627983008 -0.0015131347824904337 -0.001591703300618974 0.0028713705511215857 -0.0012478546999198827 -5.6087226901007328e-05 -0.0013871294612597144 3.6781796659531264e-05 0.0050174813065677884 -0.00024119351397861125 0.003915281039239331
leaf_weight=24 10.000000000000002 647 10.999999999999998 18 37 48 17 19 19 13.999999999999998 2414 9.9999999999999982 11.000000000000002 10.999999999999998
leaf_count=24 10 647 11 18 37 48 17 19 19 14 2414 10 11 11
internal_value=-2.91342e-07 2.13182e-05 0.00183735 0.000472598 -0.000414827 -9.4847e-05 -0.000508382 0.000437062 0.00132632 -1.47719e-06 6.50249e-05 0.00154717 0.000583199 0.00183704
internal_weight=3310 3146 39 28 164 127 103 55 36 3107 2460 46 36 22
internal_count=3310 3146 39 28 164 127 103 55 36 3107 2460 46 36 22
is_linear=0
shrinkage=0.05


Tree=182
num_leaves=15
num_cat=1
split_feature=3 0 5 2 9 8 4 6 8 6 2 2 2 4
split_gain=0.0120745 0.0353955 0.0326697 0.06279 0.0470416 0.0517104 0.0324024 0.0284865 0.0708535 0.0358661 0.0326786 0.0658312 0.0332243 0.0340373
threshold=0.3660250000000001 0 0.17607000000000003 2.5000000000000004 0.11143096190605355 0.25062928571428578 0.39707000000000009 0.36653500000000006 0.27426267857142866 0.28734000000000004 12.500000000000002 18.500000000000004 23.500000000000004 0.26141500000000006
decision_type=2 1 2 2 2 2 2 2 2 2 2 2 2 2
left_child=-1 6 3 -3 -5 -6 -2 9 -9 10 -4 -12 -13 -14
right_child=1 2 7 4 5 -7 -8 8 -10 -11 11 12 13 -15
leaf_value=3.5279828385948086e-05 -0.0013195494979759 0.0046402211906388406 -0.00094082430738965826 -0.0020714623636255663 0.0031749771221687923 -0.00013775498861627234 0.0015353852120990105 -0.0038147198553714484 9.9592834295755305e-06 0.0015182654230396593 0.0043276567920111121 -0.0027065819362178446 -0.0010435008576938083 0.002509486633173835
leaf_weight=2907 103 9.9999999999999982 78 14.999999999999998 19 31 10.999999999999998 18 37 34 9.9999999999999982 9.9999999999999982 14.000000000000002 12.999999999999998
leaf_count=2907 103 10 78 15 19 31 11 18 37 34 10 10 14 13
internal_value=-2.76778e-07 -0.000256761 5.20059e-05 0.000951792 0.000384342 0.00112108 -0.000959874 -0.00026091 -0.00124175 7.8376e-05 -0.000313274 0.000728193 -0.000244635 0.000667197
internal_weight=3310 403 289 75 65 50 114 214 55 159 125 47 37 27
internal_count=3310 403 289 75 65 50 114 214 55 159 125 47 37 27
cat_boundaries=0 1
cat_threshold=773
is_linear=0
shrinkage=0.05


Tree=183
num_leaves=15
num_cat=0
split_feature=3 8 7 6 7 5 6 8 3 5 5 3 8 4
split_gain=0.0112795 0.0255329 0.0416483 0.0358135 0.0335698 0.031744 0.0289748 0.0280553 0.0632573 0.0405522 0.0395959 0.034632 0.0336168 0.0570338
threshold=0.11385000000000002 0.21836339285714287 0.19065714285714289 0.13668000000000002 0.23457928571428574 0.30852000000000007 0.20261000000000004 0.19188696428571431 0.10927000000000002 0.24532500000000004 0.15635000000000002 0.063560000000000019 0.16514892857142857 0.17847500000000002
decision_type=2 2 2 2 2 2 2 2 2 2 2 2 2 2
left_child=1 4 -3 -4 5 7 -5 10 9 -9 11 -1 -12 -14
right_child=-2 2 3 6 -6 -7 -8 8 -10 -11 12 -13 13 -15
leaf_value=0.0016679688165073888 -3.3304785731967823e-05 -0.0015037621479194135 -0.0016204572069303442 0.0038058959972113362 0.0033315609733108433 -0.0013960920685507439 0.00048081225678814875 0.00022145098575555465 0.0046659932471811777 0.0036690558842383328 0.0023874941142275931 -0.00079056286918225511 -0.0014857437059452589 0.002512600328967286
leaf_weight=17 2934 47 11.999999999999998 10.000000000000002 9.9999999999999982 23 19 58 11.999999999999998 9.9999999999999982 30 91 22 14.999999999999998
leaf_count=17 2934 47 12 10 10 23 19 58 12 10 30 91 22 15
internal_value=-2.62934e-07 0.000257569 -0.000487817 0.000676803 0.000485326 0.000382943 0.00162739 0.000543405 0.00131908 0.000728452 0.00018881 -0.000403572 0.00114369 0.000135207
internal_weight=3310 376 88 41 288 278 29 255 80 68 175 108 67 37
internal_count=3310 376 88 41 288 278 29 255 80 68 175 108 67 37
is_linear=0
shrinkage=0.05


Tree=184
num_leaves=15
num_cat=1
split_feature=1 2 2 6 4 7 6 6 2 8 0 8 8 9
split_gain=0.0112937 0.0367487 0.062855 0.0333447 0.0279714 0.028887 0.0365246 0.108088 0.0413938 0.0662644 0.0344793 0.039973 0.0438659 0.0425482
threshold=1.0000000180025095e-35 2.5000000000000004 1.0000000180025095e-35 0.144595 0.58221500000000004 0.13309428571428575 0.30431500000000006 0.43825000000000008 10.500000000000002 0.26947928571428575 0 0.27767535714285718 0.20539178571428574 0.15196117019840652
decision_type=2 2 2 2 2 2 2 2 2 2 1 2 2 2
left_child=1 2 3 -1 5 -3 10 8 9 -8 11 12 -7 -13
right_child=-2 4 -4 -5 -6 6 7 -9 -10 -11 -12 13 -14 -15
leaf_value=0.0031222082488238812 -3.7821674793640726e-05 -0.0014964519115164877 0.0050537308980710812 -0.00021169470079864064 -0.0021231276741933212 0.0017210421486136816 0.0058344711717735554 -0.00073615824570879337 0.00085869553800234019 0.00090867364355786285 -0.00040527716347475039 0.0048181472790681489 -0.00068847589450431808 0.0006626751406916551
leaf_weight=9.9999999999999982 2840 25 9.9999999999999982 30 13.999999999999998 30 18.000000000000004 40 17 10.999999999999998 189 11.000000000000002 51 13.999999999999998
leaf_count=10 2840 25 10 30 14 30 18 40 17 11 189 11 51 14
internal_value=-2.49787e-07 0.00022678 0.00150817 0.000621781 7.42338e-05 0.000150005 0.00025804 0.00116474 0.00281769 0.00396607 -6.28505e-06 0.000679276 0.000203938 0.00249108
internal_weight=3310 470 50 40 420 406 381 86 46 29 295 106 81 25
internal_count=3310 470 50 40 420 406 381 86 46 29 295 106 81 25
cat_boundaries=0 1
cat_threshold=195
is_linear=0
shrinkage=0.05


Tree=185
num_leaves=15
num_cat=1
split_feature=7 6 2 8 9 4 4 9 2 0 9 7 5 7
split_gain=0.01116 0.0370918 0.0462014 0.0457183 0.07014 0.0816502 0.0641731 0.0375052 0.036761 0.0296267 0.0443355 0.0367016 0.0307698 0.0281057
threshold=0.15658071428571432 0.17587000000000003 1.0000000180025095e-35 0.20088964285714289 0.085229609934824604 0.13097500000000004 0.25977500000000003 0.077214035901513614 3.5000000000000004 0 0.13744394304266347 0.12327857142857145 0.14294500000000002 0.17960071428571434
decision_type=2 2 2 2 2 2 2 2 2 1 2 2 2 2
left_child=1 3 -3 4 7 -6 -7 -1 -5 10 -4 12 -11 -2
right_child=13 2 9 8 5 6 -8 -9 -10 11 -12 -13 -14 -15
leaf_value=0.00022828132490227424 0.00041985722167153035 -0.0032893433452894291 -0.0015408650665889466 -0.0032124313962413002 0.00044833205457608629 0.0067988297591606755 0.0016278750418374937 -0.0021206061178083093 -9.1588755252735654e-05 0.00053619685932062568 0.0015764867421239614 0.00032359273101650464 -0.0026113341901112686 -2.6099693035787458e-05
leaf_weight=161 417 14.999999999999998 93 15.999999999999998 36 12.000000000000002 11.999999999999998 19 23 11.999999999999998 12.999999999999998 146 22 2313
leaf_count=161 417 15 93 16 36 12 12 19 23 12 13 146 22 2313
internal_value=-2.98522e-07 -0.000199483 -0.000584441 0.000215831 0.000473842 0.00195434 0.00421335 -1.96568e-05 -0.00137193 -0.000442575 -0.00105867 -1.98445e-05 -0.00150044 4.2019e-05
internal_weight=3310 580 301 279 240 60 24 180 39 286 106 180 34 2730
internal_count=3310 580 301 279 240 60 24 180 39 286 106 180 34 2730
cat_boundaries=0 1
cat_threshold=180
is_linear=0
shrinkage=0.05


Tree=186
num_leaves=15
num_cat=0
split_feature=1 6 3 3 3 4 6 8 8 3 4 6 3 3
split_gain=0.011385 0.0375786 0.041167 0.076466 0.0604591 0.0321097 0.0624531 0.0502043 0.0803203 0.0305141 0.031436 0.0296062 0.0412087 0.039835
threshold=5.5000000000000009 0.42052500000000009 0.20373500000000003 0.24819000000000002 0.46689500000000006 0.19441500000000003 0.27467500000000006 0.22046017857142861 0.24319428571428575 0.72848500000000016 0.22121000000000005 0.49053500000000005 0.18836000000000003 0.13281000000000001
decision_type=2 2 2 2 2 2 2 2 2 2 2 2 2 2
left_child=9 5 -3 -4 -5 7 -7 -2 -9 11 -11 -1 13 -13
right_child=1 2 3 4 -6 6 -8 8 -10 10 -12 12 -14 -15
leaf_value=1.1375177699239519e-05 0.0001805122323712567 -0.00075749831448774791 0.0060435695573687557 -0.00035853294817649799 0.004298335397616029 0.00027713467144119361 -0.0013099530001098808 0.0046004083337417489 -0.00082270933516238897 -0.0033526759894032553 0.00013483676205699641 -0.0019220772485893508 -0.0015411131059307891 0.0013753595236208171
leaf_weight=2698 100 15.999999999999998 9.9999999999999982 23 9.9999999999999982 190 92 18.000000000000004 10.999999999999998 14.000000000000002 11.999999999999998 12.999999999999998 72 31
leaf_count=2698 100 16 10 23 10 190 92 18 11 14 12 13 72 31
internal_value=-2.83594e-07 0.000227663 0.00140767 0.00221332 0.00105264 5.82693e-05 -0.000240639 0.000711696 0.00254336 -3.80071e-05 -0.00174305 -2.22533e-05 -0.000804405 0.000401117
internal_weight=3310 470 59 43 33 411 282 129 29 2840 26 2814 116 44
internal_count=3310 470 59 43 33 411 282 129 29 2840 26 2814 116 44
is_linear=0
shrinkage=0.05


Tree=187
num_leaves=15
num_cat=0
split_feature=6 6 2 4 8 2 9 6 8 8 6 4 5 9
split_gain=0.0109588 0.0465698 0.0661904 0.0287847 0.0195854 0.032522 0.0376095 0.0205073 0.0195497 0.0374345 0.0561055 0.0317318 0.0341806 0.0258952
threshold=0.088530000000000011 0.093190000000000009 12.500000000000002 0.12191500000000001 0.21451982142857143 3.5000000000000004 0.088484073772038721 0.073405000000000012 0.1857344642857143 0.18734553571428578 0.24807000000000004 0.14243000000000003 0.17218000000000003 0.11956440550782348
decision_type=2 2 2 2 2 2 2 2 2 2 2 2 2 2
left_child=4 2 3 -2 5 7 -7 -1 13 10 11 -10 -13 -3
right_child=1 8 -4 -5 -6 6 -8 -9 9 -11 -12 12 -14 -15
leaf_value=0.0028981947125150602 0.0025973079144023352 -0.00016549558937143912 0.0050239262086423965 -0.00074844328143323468 -0.0014110546932725638 -0.0015127706565181143 0.000402523399097845 -3.5143850783986805e-05 -0.0013049599980669362 3.6346387401387249e-05 0.0047894054092466835 -0.00023074495521458705 0.0037109079622578895 -0.0014945652879153691
leaf_weight=13.000000000000002 10.000000000000002 608 10.999999999999998 18 37 48 55 10.999999999999998 13.999999999999998 2414 9.9999999999999982 11.000000000000002 10.999999999999998 39
leaf_count=13 10 608 11 18 37 48 55 11 14 2414 10 11 11 39
internal_value=-2.69417e-07 2.05027e-05 0.00173755 0.000446468 -0.00039874 -0.000103813 -0.000490041 0.00155375 -1.05014e-06 6.3271e-05 0.00147623 0.000555899 0.00174008 -0.00024561
internal_weight=3310 3146 39 28 164 127 103 24 3107 2460 46 36 22 647
internal_count=3310 3146 39 28 164 127 103 24 3107 2460 46 36 22 647
is_linear=0
shrinkage=0.05


Tree=188
num_leaves=15
num_cat=1
split_feature=3 3 4 4 5 7 2 7 0 9 9 5 9 9
split_gain=0.0109906 0.0393012 0.0240068 0.0612403 0.0398872 0.0396354 0.0337428 0.0362924 0.030256 0.151167 0.0947891 0.0854627 0.0345403 0.0771556
threshold=0.15956000000000004 0.15880000000000002 0.39707000000000009 0.37978500000000009 0.13619500000000004 0.27688500000000005 11.500000000000002 0.3211135714285715 0 0.13744394304266347 0.17519331418965481 0.32100500000000004 0.10106075536214014 0.12960816911962944
decision_type=2 2 2 2 2 2 2 2 1 2 2 2 2 2
left_child=1 2 3 6 -4 -6 7 8 9 11 -11 12 -1 -14
right_child=-2 -3 4 -5 5 -7 -8 -9 -10 10 -12 -13 13 -15
leaf_value=0.00011534549466786142 -6.2271508065907922e-05 0.002865663066936227 0.0017914337979163975 0.0040496481978334487 -0.0023605014091923038 0.001208807557122782 -0.00026452310117677249 -0.0018664756699258254 0.00021403691615870494 0.00714209101240461 0.0010313489400273696 -0.0035195081011177259 0.004869035225627677 -0.00059464971903556334
leaf_weight=52 2262 12.999999999999998 10.999999999999998 9.9999999999999982 35 9.9999999999999982 363 18 471 15.000000000000002 10.999999999999998 12.999999999999998 14.000000000000002 11.999999999999998
leaf_count=52 2262 13 11 10 35 10 363 18 471 15 11 13 14 12
internal_value=-2.55946e-07 0.000133598 9.92825e-05 0.000156875 -0.000907566 -0.00156732 0.000116702 0.00034506 0.00041276 0.0011004 0.00455678 0.000233792 0.000859342 0.00234733
internal_weight=3310 1048 1035 979 56 45 969 606 588 117 26 91 78 26
internal_count=3310 1048 1035 979 56 45 969 606 588 117 26 91 78 26
cat_boundaries=0 1
cat_threshold=392
is_linear=0
shrinkage=0.05


Tree=189
num_leaves=15
num_cat=0
split_feature=1 2 2 8 8 7 5 9 5 4 4 9 4 9
split_gain=0.0110783 0.0343684 0.0338028 0.0731779 0.0729108 0.0511545 0.0440328 0.043644 0.0343982 0.0506852 0.029204 0.0318194 0.0533071 0.0315347
threshold=1.0000000180025095e-35 5.5000000000000009 9.5000000000000018 0.22990607142857147 0.22016125000000003 0.19505785714285714 0.26434500000000005 0.13950757011184203 0.28796000000000005 0.29070500000000005 0.24893000000000001 0.084740406321296841 0.20810500000000001 0.13336798433738831
decision_type=2 2 2 2 2 2 2 2 2 2 2 2 2 2
left_child=1 10 3 4 6 -4 -3 -5 -7 -10 11 -1 -13 -12
right_child=-2 2 5 7 -6 8 -8 -9 9 -11 13 12 -14 -15
leaf_value=0.00039124013890293153 -3.7422817962063257e-05 0.00013308223678905052 -0.00069478648376254443 -0.0044279882848701057 0.0037252172362059357 0.00049980873703004498 -0.0032531965077699475 -0.0010200650253820987 0.0042842268419917666 -0.00012473368974910541 0.00068066041222868525 0.0013427859271741324 0.0052676551451440908 -0.0020100861987365141
leaf_weight=34 2840 48 81 17 11.999999999999998 112 11.999999999999998 21 16.000000000000004 10.999999999999998 49 31 11.999999999999998 13.999999999999998
leaf_count=34 2840 48 81 17 12 112 12 21 16 11 49 31 12 14
internal_value=-2.10815e-07 0.000224645 -5.38441e-05 -0.0007695 0.000167392 0.000303984 -0.000544174 -0.00254466 0.000886001 0.00248798 0.000881082 0.00153429 0.0024381 8.27167e-05
internal_weight=3310 470 330 110 72 220 60 38 139 27 140 77 43 63
internal_count=3310 470 330 110 72 220 60 38 139 27 140 77 43 63
is_linear=0
shrinkage=0.05


Tree=190
num_leaves=15
num_cat=0
split_feature=3 7 4 1 9 2 7 4 4 2 9 4 2 6
split_gain=0.0105608 0.0349128 0.0512501 0.0354309 0.0282831 0.0411945 0.0519016 0.0402983 0.029462 0.0264109 0.0264399 0.025532 0.0336688 0.0345914
threshold=0.3660250000000001 0.23539928571428573 0.12346000000000001 5.5000000000000009 0.13879435976230542 2.5000000000000004 0.27688500000000005 0.19789000000000004 0.23908500000000002 9.5000000000000018 0.10612919217874511 0.24651000000000003 11.500000000000002 0.19247500000000003
decision_type=2 2 2 2 2 2 2 2 2 2 2 2 2 2
left_child=-1 3 -3 -2 8 -6 -7 -8 9 10 -4 -9 -13 -14
right_child=1 2 4 -5 5 6 7 11 -10 -11 -12 12 13 -15
leaf_value=3.3053068217551925e-05 -0.0019117997970939681 0.0029325685667572544 -0.00092716924070070171 0.00071761782027726228 0.0030011144287597677 0.0026704027064089831 -0.0015024234883391975 0.0018245323587589982 -0.00011144700749392374 -0.00053749326555501493 -0.0040759721677750349 -0.0012476444885525032 0.003283627432855693 -0.00012542353284990658
leaf_weight=2907 52 13.999999999999998 12.000000000000002 17 12.999999999999998 17 44 22 98 31 14.999999999999998 34 10.999999999999998 23
leaf_count=2907 52 14 12 17 13 17 44 22 98 31 15 34 11 23
internal_value=-2.00275e-07 -0.00024007 -2.85452e-05 -0.00126397 -0.000158094 0.000300364 6.78488e-05 -0.000262326 -0.000640062 -0.00153324 -0.0026765 0.000343944 -0.00013507 0.000977505
internal_weight=3310 403 334 69 320 164 151 134 156 58 27 90 68 34
internal_count=3310 403 334 69 320 164 151 134 156 58 27 90 68 34
is_linear=0
shrinkage=0.05


Tree=191
num_leaves=15
num_cat=1
split_feature=6 7 9 9 7 8 8 7 9 8 4 9 0 6
split_gain=0.0105218 0.0138115 0.0106556 0.040376 0.0434975 0.0305002 0.0254146 0.0266274 0.0246118 0.0267643 0.036002 0.024134 0.0226824 0.0392854
threshold=0.063415000000000013 0.20989928571428576 0.051827502087353934 0.062143127852018164 0.13670785714285719 0.22990607142857147 0.19920785714285719 0.12052214285714287 0.053192773107700514 0.21341160714285717 0.13097500000000004 0.041963762066451256 0 0.097295000000000006
decision_type=2 2 2 2 2 2 2 2 2 2 2 2 1 2
left_child=1 -1 6 4 -4 8 7 -2 -6 10 -10 -9 -5 -14
right_child=2 -3 3 12 5 -7 -8 11 9 -11 -12 -13 13 -15
leaf_value=-0.00011072729334787087 0.0014138270011993456 -0.0020030133705586195 0.0029674951586792686 0.00013955170439502375 -0.0011578826215118171 0.0027230102140622745 0.00081725336719748812 1.1052829409722066e-05 -0.00082025744153984962 -0.00095411433251753731 0.0011773335631758153 -0.0010653544032141905 0.00074405957073618643 -0.00022175348445953088
leaf_weight=27 17 14.999999999999998 19 1269 25 13.999999999999998 44 86 28 26 116 132 114 1378
leaf_count=27 17 15 19 1269 25 14 44 86 28 26 116 132 114 1378
internal_value=-1.90257e-07 -0.000786544 9.91588e-06 3.74999e-05 0.000676991 0.000468764 -0.000285599 -0.00049209 0.00030692 0.000522332 0.000788913 -0.000640717 -1.53085e-05 -0.000146973
internal_weight=3310 42 3268 2989 228 209 279 235 195 170 144 218 2761 1492
internal_count=3310 42 3268 2989 228 209 279 235 195 170 144 218 2761 1492
cat_boundaries=0 1
cat_threshold=202
is_linear=0
shrinkage=0.05


Tree=192
num_leaves=15
num_cat=1
split_feature=4 0 3 6 9 5 9 2 4 8 8 8 6 6
split_gain=0.0107537 0.0418459 0.0680426 0.0461513 0.0454702 0.0509428 0.0428185 0.0411787 0.0407223 0.0634346 0.0375296 0.0474109 0.0337959 0.0310774
threshold=0.10490500000000001 0 0.095790000000000014 0.280005 0.14789356553408531 0.076760000000000009 0.18122767006659415 20.500000000000004 0.11845000000000001 0.15757910714285714 0.18664517857142862 0.24556285714285717 0.091300000000000006 0.129945
decision_type=2 1 2 2 2 2 2 2 2 2 2 2 2 2
left_child=1 2 -1 4 5 -3 -6 12 9 13 -5 -12 -7 -2
right_child=8 3 -4 10 6 7 -8 -9 -10 -11 11 -13 -14 -15
leaf_value=0.0016806200741045581 -0.00093246909513254616 0.002875315604838901 -0.0010797091900534837 -0.00030436010387017054 0.0048191265063360321 0.001964850809890777 0.00053534718089005243 0.002599066062830389 1.0623013136166073e-05 -0.0014354380644431761 0.0044740180462776195 0.00042193773181431672 -0.0011140035662964051 0.002580304036532385
leaf_weight=29 10.000000000000002 12.999999999999998 97 10.999999999999998 10.000000000000002 9.9999999999999982 13.999999999999998 9.9999999999999982 2869 106 21 10.999999999999998 82 17
leaf_count=29 10 13 97 11 10 10 14 10 2869 106 21 11 82 17
internal_value=-1.59669e-07 0.000281201 -0.000411719 0.000742728 0.000340691 -7.2435e-05 0.00232026 -0.000448129 -2.90268e-05 -0.000884331 0.00221506 0.00308112 -0.000779345 0.00127928
internal_weight=3310 308 126 182 139 115 24 102 3002 133 43 32 92 27
internal_count=3310 308 126 182 139 115 24 102 3002 133 43 32 92 27
cat_boundaries=0 1
cat_threshold=624
is_linear=0
shrinkage=0.05


Tree=193
num_leaves=15
num_cat=0
split_feature=6 6 3 2 8 8 2 8 6 7 2 6 1 7
split_gain=0.0102261 0.0397482 0.059363 0.0313049 0.0177964 0.0173897 0.0287096 0.0240309 0.01845 0.0175178 0.0244164 0.0166664 0.049574 0.059546
threshold=0.088530000000000011 0.093190000000000009 0.11231000000000001 9.5000000000000018 0.38847214285714288 0.21451982142857143 3.5000000000000004 0.16884446428571434 0.073405000000000012 0.23457928571428574 9.5000000000000018 0.49053500000000005 5.5000000000000009 0.28577714285714295
decision_type=2 2 2 2 2 2 2 2 2 2 2 2 2 2
left_child=5 2 -2 -4 11 6 8 -8 -1 10 -9 -3 -13 -14
right_child=1 4 3 -5 -6 -7 7 9 -10 -11 -12 12 13 -15
leaf_value=0.0027254390852669104 0.0049281851551495493 1.9137946732593705e-05 -0.0010200564138358457 0.0022832089211218634 0.002007566256956621 -0.0013389546404092422 -0.0014484020866429768 0.0026983902704986662 -5.6870507383295768e-05 -0.0011962679124230312 -2.2055967045681821e-06 -0.0010263410906317522 -0.00016135908305071867 0.0043786945240572098
leaf_weight=13.000000000000002 9.9999999999999982 2945 16.000000000000004 12.999999999999998 10.999999999999998 37 39 10.999999999999998 10.999999999999998 18 35 115 26 9.9999999999999982
leaf_count=13 10 2945 16 13 11 37 39 11 11 18 35 115 26 10
internal_value=-1.51681e-07 1.9914e-05 0.00160622 0.000460718 2.20972e-09 -0.000385071 -0.000107168 -0.000470052 0.00145021 0.000126129 0.000643589 -7.13061e-06 -0.000519454 0.00109977
internal_weight=3310 3146 39 29 3107 164 127 103 24 64 46 3096 151 36
internal_count=3310 3146 39 29 3107 164 127 103 24 64 46 3096 151 36
is_linear=0
shrinkage=0.05


Tree=194
num_leaves=15
num_cat=0
split_feature=1 2 2 1 6 2 2 5 2 1 5 3 4 4
split_gain=0.0102666 0.0319589 0.0530618 0.027698 0.0271496 0.0261612 0.168266 0.0663164 0.0569488 0.0563014 0.0944516 0.0855422 0.0692811 0.0687199
threshold=1.0000000180025095e-35 2.5000000000000004 1.0000000180025095e-35 2.5000000000000004 0.144595 5.5000000000000009 7.5000000000000009 0.71904500000000005 11.500000000000002 4.5000000000000009 0.17657000000000003 0.44970000000000004 0.14769500000000002 0.28654500000000011
decision_type=2 2 2 2 2 2 2 2 2 2 2 2 2 2
left_child=1 2 4 -2 -1 7 -7 9 -8 10 13 -11 -12 -5
right_child=3 -3 -4 5 -6 6 8 -9 -10 11 12 -13 -14 -15
leaf_value=0.0028530947887338699 -0.0002579643717254317 7.4058884496307225e-05 0.0046689487481489786 0.0013607120445314131 -0.00015520413483803471 0.0016220417145814282 -0.00055346276263610759 0.0033518391303144972 0.00022404360525693316 0.00043880152207822072 -0.0030312455752705735 -0.0027927917735227807 -0.00082942388943736559 -0.0023685785895213485
leaf_weight=9.9999999999999982 940 420 9.9999999999999982 70 30 180 350 12.999999999999998 720 296 44 22 190 14.999999999999998
leaf_count=10 940 420 10 70 30 180 350 13 720 296 44 22 190 15
internal_value=-1.44099e-07 0.000216317 0.00141129 -3.59669e-05 0.000596871 7.38634e-05 0.000207654 -0.000183425 -3.02809e-05 -0.000255574 -0.000724903 0.000215232 -0.00124344 0.000702602
internal_weight=3310 470 50 2840 40 1900 1250 650 1070 637 319 318 234 85
internal_count=3310 470 50 2840 40 1900 1250 650 1070 637 319 318 234 85
is_linear=0
shrinkage=0.05


Tree=195
num_leaves=15
num_cat=1
split_feature=3 4 4 0 7 9 8 3 4 9 8 4 8 6
split_gain=0.0103153 0.0118027 0.0425569 0.0404717 0.0567325 0.0639873 0.056107 0.0534447 0.0379895 0.0379526 0.0377247 0.0320723 0.0535674 0.0327016
threshold=0.86634500000000014 0.10490500000000001 0.13097500000000004 0 0.155975 0.085031359457404893 0.15663446428571434 0.095790000000000014 0.088530000000000011 0.040381409449044427 0.20088964285714289 0.06653000000000002 0.2349307142857143 0.21173500000000003
decision_type=2 2 2 1 2 2 2 2 2 2 2 2 2 2
left_child=1 3 9 7 6 -6 8 -1 -5 -3 -7 -12 13 -13
right_child=-2 2 -4 4 5 10 -8 -9 -10 -11 11 12 -14 -15
leaf_value=0.0014700860884502244 -0.0015287258408286355 0.0020974521435653932 4.2184957837094038e-05 0.003058810258880839 -0.00053254893760562745 0.0039031772825789328 -0.0014052100394937126 -0.00097628810698617758 -0.00058008297368919903 -0.00065731280964113859 -0.00088636515111747125 0.0025660564851326239 0.0041434500369512918 -0.00099096596240997323
leaf_weight=29 10.999999999999998 12.999999999999998 2652 16.000000000000004 28 24 44 97 12.999999999999998 327 10.999999999999998 12.000000000000002 19 13.999999999999998
leaf_count=29 11 13 2652 16 28 24 44 97 13 327 11 12 19 14
internal_value=-1.36894e-07 4.95995e-06 -2.53342e-05 0.000300204 0.000755132 0.00152463 -0.000279854 -0.000382849 0.00142758 -0.000551984 0.00224464 0.00153383 0.00212544 0.000650737
internal_weight=3310 3299 2992 307 181 108 73 126 29 340 80 56 45 26
internal_count=3310 3299 2992 307 181 108 73 126 29 340 80 56 45 26
cat_boundaries=0 1
cat_threshold=368
is_linear=0
shrinkage=0.05


Tree=196
num_leaves=15
num_cat=1
split_feature=3 7 9 7 0 2 2 3 5 3 9 9 2 7
split_gain=0.00978876 0.0333904 0.0757779 0.0288358 0.0271797 0.0312042 0.049188 0.0793912 0.0304085 0.0254473 0.0238363 0.0384353 0.0312351 0.0235515
threshold=0.12060500000000002 0.23388785714285718 0.10847451434131276 0.26293071428571435 0 11.500000000000002 6.5000000000000009 0.10927000000000002 0.12789500000000001 0.057795000000000006 0.081365890270178279 0.10662010431941517 2.5000000000000004 0.11278928571428572
decision_type=2 2 2 2 1 2 2 2 2 2 2 2 2 2
left_child=1 4 -3 -4 9 6 8 -8 -6 -1 -10 -12 -13 -2
right_child=13 2 3 -5 5 -7 7 -9 10 -11 11 12 -14 -15
leaf_value=0.0018191136280074718 0.0017200866922442066 0.0049148423791242147 0.0020296949893236155 -0.0010606631132153174 -0.0013152647287435165 -0.00035706595940260179 0.0010480012040881609 0.0057011880700222478 0.0020024158007634634 -0.00081944540590209831 -0.0014700043618213387 -6.1792429733031895e-06 0.0025973671506411243 -4.616250142238027e-05
leaf_weight=9.9999999999999982 19 11.999999999999998 13.000000000000002 18 28 104 55 10.999999999999998 22 106 25 32 18 2837
leaf_count=10 19 12 13 18 28 104 55 11 22 106 25 32 18 2837
internal_value=-1.3005e-07 0.000215531 0.00154121 0.000235294 7.68338e-05 0.000328685 0.000719286 0.00182353 0.000136244 -0.000545001 0.000555236 0.00013073 0.000931097 -3.44122e-05
internal_weight=3310 454 43 31 411 295 191 66 125 116 97 75 50 2856
internal_count=3310 454 43 31 411 295 191 66 125 116 97 75 50 2856
cat_boundaries=0 1
cat_threshold=20
is_linear=0
shrinkage=0.05


Tree=197
num_leaves=15
num_cat=1
split_feature=7 6 8 9 4 4 4 9 0 7 4 4 7 9
split_gain=0.00974873 0.0327125 0.0386088 0.0605494 0.0704168 0.0592876 0.0319891 0.0300793 0.0273649 0.0493397 0.0277635 0.0335153 0.0263921 0.0374782
threshold=0.15658071428571432 0.17587000000000003 0.20286910714285719 0.085229609934824604 0.13097500000000004 0.19197000000000003 0.070535000000000014 0.039866939223300014 0 0.12195428571428572 0.10189000000000002 0.28196000000000004 0.14820928571428574 0.13744394304266347
decision_type=2 2 2 2 2 2 2 2 1 2 2 2 2 2
left_child=1 2 3 6 -5 -6 -1 -8 12 -10 -11 -12 13 -3
right_child=-2 8 -4 4 5 -7 7 -9 9 10 11 -13 -14 -15
leaf_value=0.0025822078441375528 3.9427927181366901e-05 -0.0011733149232024747 -0.0013005049763926985 0.00039621436641224341 0.0068134013132657842 0.0018431746253433326 0.001862251915736124 -0.00041621035382620881 -0.0019307841275804094 0.0021976272388201322 -0.00030752768801272203 0.0019513146718963981 -0.0024651796679057546 0.0019631508907133883
leaf_weight=10.999999999999998 2730 71 37 37 10.000000000000002 14.999999999999998 15.999999999999998 153 32 15.999999999999998 121 19 31 10.999999999999998
leaf_count=11 2730 71 37 37 10 15 16 153 32 16 121 19 31 11
internal_value=-1.23548e-07 -0.000186288 0.000203738 0.000433726 0.00178132 0.00383127 -3.04437e-05 -0.000200498 -0.000547808 -0.000135146 0.000224527 -9.70511e-07 -0.00112302 -0.00075257
internal_weight=3310 580 279 242 62 25 180 169 301 188 156 140 113 82
internal_count=3310 580 279 242 62 25 180 169 301 188 156 140 113 82
cat_boundaries=0 1
cat_threshold=180
is_linear=0
shrinkage=0.05


Tree=198
num_leaves=15
num_cat=2
split_feature=6 0 7 6 7 9 5 6 9 8 0 7 3 8
split_gain=0.0100205 0.0309772 0.0378779 0.0262806 0.0418384 0.0754452 0.0811274 0.0761853 0.0471168 0.0663716 0.0397541 0.0333498 0.0471746 0.0502253
threshold=0.13141500000000003 0 0.11873571428571429 0.16784500000000002 0.29892285714285721 0.13464469250551306 0.15635000000000002 0.15580500000000003 0.11998459130131818 0.2044057142857143 1 0.28219928571428576 0.16526000000000005 0.18734553571428578
decision_type=2 1 2 2 2 2 2 2 2 2 1 2 2 2
left_child=1 -1 -3 4 5 8 -7 -8 11 -10 -5 12 13 -2
right_child=3 2 -4 10 -6 6 7 -9 9 -11 -12 -13 -14 -15
leaf_value=-0.00051252202156211707 0.0002505727085640262 0.0023364148274260133 3.8622637550815856e-05 -0.00039966118536435992 -0.00059074802868833241 0.0045594671608837831 -0.00056223761912406196 0.0034348052243187432 0.0017359726130962373 -0.0029542488007185362 9.270445796905348e-05 0.0028345120272466116 -0.00020433210549531848 0.0020712286459341174
leaf_weight=326 95 19 320 548 98 22 32 19 10.999999999999998 24 1537 13.999999999999998 182 63
leaf_count=326 95 19 320 548 98 22 32 19 11 24 1537 14 182 63
internal_value=-1.17368e-07 -0.000173618 0.000162611 4.35039e-05 0.000347616 0.000546663 0.00202162 0.000926857 0.000269872 -0.00148018 -3.81761e-05 0.0004429 0.000344422 0.00097653
internal_weight=3310 665 339 2645 560 462 73 51 389 35 2085 354 340 158
internal_count=3310 665 339 2645 560 462 73 51 389 35 2085 354 340 158
cat_boundaries=0 1 2
cat_threshold=707 37
is_linear=0
shrinkage=0.05


Tree=199
num_leaves=15
num_cat=0
split_feature=1 2 8 5 2 9 1 5 4 7 6 6 2 6
split_gain=0.00970053 0.0299158 0.0304728 0.0621679 0.037188 0.0289564 0.0253982 0.0249829 0.0234465 0.0545393 0.0673251 0.113147 0.0696789 0.0676389
threshold=1.0000000180025095e-35 3.5000000000000004 0.25120535714285719 0.33838500000000005 2.5000000000000004 0.10051228004981058 2.5000000000000004 0.60086500000000009 0.22965000000000005 0.18667571428571431 0.30431500000000006 0.44317500000000004 23.500000000000004 0.17068000000000003
decision_type=2 2 2 2 2 2 2 2 2 2 2 2 2 2
left_child=1 2 4 -4 5 -1 7 -2 9 -3 12 -12 13 -11
right_child=6 8 3 -5 -6 -7 -8 -9 -10 10 11 -13 -14 -15
leaf_value=0.00018729070593094963 -0.00021594319648689442 -0.00056127769327232323 0.0044398475964385394 -0.00012251534499228001 -0.00092464724448897573 0.0028914007319447896 7.0115386586143064e-05 -0.0023440134387263762 -0.00047122305242939752 0.0015145578844777238 0.0056380750617891972 -0.00024176860228180888 0.002762738676657054 -0.0017455136852421252
leaf_weight=22 926 95 16.000000000000004 13.999999999999998 30 18 1900 13.999999999999998 153 26 18 14.999999999999998 22 41
leaf_count=22 926 95 16 14 30 18 1900 14 153 26 18 15 22 41
internal_value=-2.35289e-07 0.000210174 0.000977485 0.00231074 0.000406088 0.00140414 -3.50565e-05 -0.000247638 2.79192e-06 0.000337005 0.00103649 0.00296542 0.000321266 -0.000480411
internal_weight=3310 470 100 30 70 40 2840 940 370 217 122 33 89 67
internal_count=3310 470 100 30 70 40 2840 940 370 217 122 33 89 67
is_linear=0
shrinkage=0.05


Tree=200
num_leaves=15
num_cat=0
split_feature=3 3 2 2 4 2 4 8 8 1 4 9 7 6
split_gain=0.00958428 0.0318886 0.0585046 0.111313 0.0484016 0.030385 0.0675525 0.070669 0.0864301 0.0757511 0.0630821 0.0519111 0.0669332 0.0415051
threshold=0.24377500000000005 0.23607000000000003 14.500000000000002 10.500000000000002 0.27337000000000006 12.500000000000002 0.18673000000000003 0.19843160714285715 0.20248857142857146 5.5000000000000009 0.26449000000000006 0.089899826086151699 0.18035214285714288 0.39707000000000009
decision_type=2 2 2 2 2 2 2 2 2 2 2 2 2 2
left_child=1 -1 3 4 -3 6 7 -2 -9 -10 -8 12 -7 -13
right_child=5 2 -4 -5 -6 11 10 8 9 -11 -12 13 -14 -15
leaf_value=2.4242586213144283e-05 -0.0011091223769957045 -0.00015442024600962478 -0.00093999751610681411 0.0067458973382599659 0.0035855037470658626 0.0043404364351226831 -0.0012771616379508156 0.0053903680120129145 0.0002524121577610722 0.0037717540296452012 -0.00013273221906876328 0.00017841849000845456 0.00067754305538884993 -0.0013782409879187234
leaf_weight=2100 60 31 25 9.9999999999999982 11.999999999999998 14.999999999999998 220 9.9999999999999982 152 17 266 267 74 51
leaf_count=2100 60 31 25 10 12 15 220 10 152 17 266 267 74 51
internal_value=-2.23524e-07 6.11145e-05 0.00105382 0.0019943 0.000889279 -0.00011824 -0.00031233 0.000375911 0.000873688 0.000606429 -0.000650787 0.000227499 0.00129488 -7.12344e-05
internal_weight=3310 2178 78 53 43 1132 725 239 179 169 486 407 89 318
internal_count=3310 2178 78 53 43 1132 725 239 179 169 486 407 89 318
is_linear=0
shrinkage=0.05


Tree=201
num_leaves=15
num_cat=1
split_feature=3 2 6 2 1 4 6 0 1 9 2 2 3 7
split_gain=0.00943605 0.0109038 0.052966 0.0732715 0.0895489 0.217839 0.0313219 0.0332291 0.0485355 0.0486572 0.0434592 0.0676927 0.0392392 0.0516551
threshold=0.86634500000000014 17.500000000000004 0.25637000000000004 19.500000000000004 3.5000000000000004 0.17752500000000002 0.24681500000000003 0 4.5000000000000009 0.10525827156552973 22.500000000000004 29.500000000000004 0.27469500000000008 0.14820928571428574
decision_type=2 2 2 2 2 2 2 1 2 2 2 2 2 2
left_child=1 -1 3 4 -3 -6 7 -5 10 -10 -9 12 13 -12
right_child=-2 2 -4 6 5 -7 -8 8 9 -11 11 -13 -14 -15
leaf_value=-4.706609095519839e-05 -0.0014622077261182394 0.00046703398232026267 -0.0004850804200820909 -0.00034339022398192855 -0.0003998775904377301 0.0079872437439917118 0.0021873121689024726 -0.0007711145880448661 0.00067723532140787166 -0.0019592448017127545 0.004975630231201649 0.00042626078407360745 0.0046373915379490432 0.00093680171075424085
leaf_weight=2492 10.999999999999998 47 226 213 15.000000000000002 15.999999999999998 19 33 35 35 9.9999999999999982 104 15.999999999999998 38
leaf_count=2492 11 47 226 213 15 16 19 33 35 35 10 104 16 38
internal_value=-2.12349e-07 4.66245e-06 0.000164399 0.000417037 0.00184293 0.00392896 0.000195924 0.00011775 0.000475328 -0.000641005 0.000887748 0.0012136 0.00249302 0.00177822
internal_weight=3310 3299 807 581 78 31 503 484 271 70 201 168 64 48
internal_count=3310 3299 807 581 78 31 503 484 271 70 201 168 64 48
cat_boundaries=0 1
cat_threshold=568
is_linear=0
shrinkage=0.05


Tree=202
num_leaves=15
num_cat=2
split_feature=8 8 0 9 5 0 9 9 2 8 8 9 6 9
split_gain=0.00961172 0.0888328 0.0668018 0.217223 0.137884 0.0633383 0.0518825 0.0589805 0.0616156 0.0411348 0.0389741 0.093485 0.0376481 0.0375864
threshold=0.25956767857142865 0.25412017857142866 0 0.085795794359005029 0.13390000000000002 1 0.085795794359005029 0.12543893593683134 26.500000000000004 0.25120535714285719 0.34571517857142864 0.18122767006659415 0.30256500000000003 0.11998459130131818
decision_type=2 2 1 2 2 1 2 2 2 2 2 2 2 2
left_child=1 2 3 -1 -5 -2 -7 8 -8 -6 -9 -12 13 -3
right_child=5 12 -4 4 9 6 7 10 -10 -11 11 -13 -14 -15
leaf_value=0.008293235320597888 0.00054467632689207397 3.7041972499489358e-05 -5.1810876661691415e-05 0.004658943899523686 -0.00070622019963290474 -0.0026818059818734499 0.00041183987656647034 -0.00064673173320472447 0.0042923411891724059 0.0027160567045211794 0.0040571661200374358 -0.001437180914945202 -0.0034399800828569349 -0.002288732020497264
leaf_weight=9.9999999999999982 449 38 2266 17 72 22 48 281 12.999999999999998 9.9999999999999982 15.000000000000002 15.999999999999998 21 32
leaf_count=10 449 38 2266 17 72 22 48 281 13 10 15 16 21 32
internal_value=-2.53602e-07 -5.00997e-05 8.64234e-06 0.00116342 0.000560755 0.000145387 -0.000314321 -0.000183111 0.00123883 -0.000288869 -0.000461119 0.00122137 -0.0015832 -0.00102617
internal_weight=3310 2466 2375 109 99 844 395 373 61 82 312 31 91 70
internal_count=3310 2466 2375 109 99 844 395 373 61 82 312 31 91 70
cat_boundaries=0 1 2
cat_threshold=8 406
is_linear=0
shrinkage=0.05


Tree=203
num_leaves=15
num_cat=0
split_feature=4 7 4 6 8 4 4 8 5 5 1 4 8 6
split_gain=0.00917086 0.0383748 0.0580819 0.0448406 0.0385219 0.03655 0.0328544 0.0575976 0.0326359 0.0608459 0.0469567 0.0295067 0.0264474 0.0274597
threshold=0.10490500000000001 0.27229357142857152 0.093190000000000009 0.280005 0.18664517857142862 0.081830000000000014 0.11845000000000001 0.2079219642857143 0.12895500000000001 0.12262500000000001 4.5000000000000009 0.093190000000000009 0.15757910714285714 0.129945
decision_type=2 2 2 2 2 2 2 2 2 2 2 2 2 2
left_child=1 3 -3 8 -5 -6 7 12 9 -1 -10 -7 13 -2
right_child=6 2 -4 4 5 11 -8 -9 10 -11 -12 -13 -14 -15
leaf_value=-3.9651177567700578e-05 -0.00086413206066936221 7.3967267914364716e-05 0.0048573497492312035 -0.00057477860227663771 0.0047708850248124116 -0.00060385802220976471 8.7894403175389693e-06 -0.0023537218428739326 -0.0011131116219205849 0.0034114006611829003 0.0015751314190167347 0.0029812892180416384 -0.00064683358865575151 0.0024378529270453492
leaf_weight=86 10.000000000000002 15.000000000000002 10.999999999999998 15.999999999999998 10.999999999999998 11.000000000000002 2869 41 112 14.999999999999998 19 11.999999999999998 65 17
leaf_count=86 10 15 11 16 11 11 2869 41 112 15 19 12 65 17
internal_value=-1.66473e-07 0.000259665 0.00209771 9.01997e-05 0.00144833 0.00240038 -2.68247e-05 -0.000795072 -0.0002025 0.000472881 -0.000723214 0.00126665 -0.000100457 0.0012149
internal_weight=3310 308 26 282 50 34 3002 133 232 101 131 23 92 27
internal_count=3310 308 26 282 50 34 3002 133 232 101 131 23 92 27
is_linear=0
shrinkage=0.05


Tree=204
num_leaves=15
num_cat=0
split_feature=3 4 6 2 3 3 9 8 5 1 5 8 4 6
split_gain=0.00907442 0.024407 0.0118745 0.0316569 0.0375326 0.0680325 0.0348904 0.0874952 0.0414741 0.0240736 0.0508852 0.028678 0.0430927 0.0240444
threshold=0.063560000000000019 0.088530000000000011 0.13141500000000003 13.500000000000002 0.31436500000000006 0.23978000000000002 0.085229609934824604 0.17768 0.16346000000000002 5.5000000000000009 0.19292500000000004 0.1367764285714286 0.12191500000000001 0.16784500000000002
decision_type=2 2 2 2 2 2 2 2 2 2 2 2 2 2
left_child=1 -1 3 9 5 6 -5 8 -8 11 -11 12 -2 -4
right_child=2 -3 13 4 -6 -7 7 -9 -10 10 -12 -13 -14 -15
leaf_value=0.0026358863823891928 0.0036709403491113329 -3.2201783421138921e-05 0.00033002866456651673 -0.00074011827944837102 -0.0019760570052312688 0.0034650811084753113 0.0060252418229356395 3.6517964723646979e-05 0.0014714476026711056 -0.0011870599000152044 0.003417522662008802 -0.0006162116758600156 -0.00046552282977191845 -4.0669847891962885e-05
leaf_weight=11.999999999999998 10.000000000000002 30 555 59 15.999999999999998 18 10.000000000000002 77 9.9999999999999982 12.000000000000002 11.999999999999998 407 17 2065
leaf_count=12 10 30 555 59 16 18 10 77 10 12 12 407 17 2065
internal_value=-1.58151e-07 0.000730109 -9.54347e-06 -0.000201189 0.000341402 0.000554501 0.000218665 0.000801843 0.00374834 -0.000426282 0.00111523 -0.000511527 0.0010665 3.7856e-05
internal_weight=3310 42 3268 648 190 174 156 97 20 458 24 434 27 2620
internal_count=3310 42 3268 648 190 174 156 97 20 458 24 434 27 2620
is_linear=0
shrinkage=0.05


Tree=205
num_leaves=15
num_cat=0
split_feature=7 8 2 8 3 3 2 9 9 3 9 3 8 4
split_gain=0.00937903 0.0279527 0.0404586 0.0398988 0.035408 0.0350179 0.0423426 0.0405715 0.0440161 0.033434 0.0289395 0.0776675 0.0266834 0.0399889
threshold=0.15658071428571432 0.20054196428571433 5.5000000000000009 0.24319428571428575 0.25871000000000005 0.17106500000000005 4.5000000000000009 0.08281546018527032 0.068067109300328291 0.10472500000000003 0.11244753872961254 0.14030000000000001 0.18700589285714289 0.19197000000000003
decision_type=2 2 2 2 2 2 2 2 2 2 2 2 2 2
left_child=1 4 -3 10 5 6 7 8 -1 -9 -4 -12 -8 -14
right_child=-2 2 3 -5 -6 -7 12 9 -10 -11 11 -13 13 -15
leaf_value=0.0013970816642136521 3.8644045692278301e-05 -0.0014411183167504823 -0.0005440412519459167 -0.0015378027324914002 0.002982850230764598 -0.00086089031459171878 -0.00038716322320071832 0.0010860109856973092 -0.0014833156702696302 0.0042822481971234085 -0.00024702819995582105 0.0046086533479475682 -3.7498937343202879e-05 0.0038040902867214755
leaf_weight=36 2730 91 23 26 9.9999999999999982 96 179 18 21 14.999999999999998 20 13.999999999999998 21.000000000000004 9.9999999999999982
leaf_count=36 2730 91 23 26 10 96 179 18 21 15 20 14 21 10
internal_value=-1.50238e-07 -0.000182751 -0.000712971 8.53586e-05 4.44864e-05 -2.97147e-05 0.000236261 0.00114364 0.000335883 0.00253885 0.000825748 0.00175237 -0.000152613 0.00120172
internal_weight=3310 580 174 83 406 396 300 90 57 33 57 34 210 31
internal_count=3310 580 174 83 406 396 300 90 57 33 57 34 210 31
is_linear=0
shrinkage=0.05


Tree=206
num_leaves=15
num_cat=2
split_feature=3 3 2 4 6 2 4 0 1 2 7 7 7 0
split_gain=0.00935474 0.0346015 0.0546273 0.0753467 0.0304466 0.0261096 0.0540736 0.0763512 0.0691491 0.0914791 0.0683713 0.0645284 0.0495929 0.0515874
threshold=0.24249500000000004 0.23607000000000003 14.500000000000002 0.25103000000000003 0.19645000000000004 12.500000000000002 0.18673000000000003 0 5.5000000000000009 2.5000000000000004 0.22870285714285718 0.2078278571428572 0.26489571428571435 1
decision_type=2 2 2 2 2 2 2 1 2 2 2 2 2 1
left_child=1 -1 3 4 -3 6 7 8 9 10 -2 -9 -8 -14
right_child=5 2 -4 -5 -6 -7 12 11 -10 -11 -12 -13 13 -15
leaf_value=2.5819031713278191e-05 0.00090064489913856951 0.0022626009090648334 -0.00097709864487114848 0.0045568312113908561 -0.0011695890321529337 0.00020214219874427282 -0.0011956786258227744 -0.0023363081240229525 0.0043532405785905821 -6.3754991986735891e-05 0.0056852208583482678 0.00019520533453135319 -0.0009453460233286023 0.00037825390093867251
leaf_weight=2100 16.000000000000004 12.000000000000002 20 19 13.999999999999998 413 203 39 14.999999999999998 88 13.999999999999998 71 115 171
leaf_count=2100 16 12 20 19 14 413 203 39 15 88 14 71 115 171
internal_value=-1.4273e-07 6.0986e-05 0.00119715 0.00216348 0.000414499 -0.000115727 -0.000295071 0.000314548 0.00107477 0.000749093 0.00313345 -0.000643804 -0.00059801 -0.000173791
internal_weight=3310 2165 65 45 26 1145 732 243 133 118 30 110 489 286
internal_count=3310 2165 65 45 26 1145 732 243 133 118 30 110 489 286
cat_boundaries=0 1 2
cat_threshold=203 433
is_linear=0
shrinkage=0.05


Tree=207
num_leaves=15
num_cat=0
split_feature=3 5 8 4 3 8 2 5 5 8 7 2 8 4
split_gain=0.00927526 0.0238673 0.0526768 0.0367996 0.0518799 0.0323125 0.0254381 0.0385652 0.02186 0.0250108 0.0262814 0.0356716 0.0233133 0.0233102
threshold=0.40332000000000007 0.16213500000000003 0.24593607142857146 0.39707000000000009 0.60594500000000007 0.22990607142857147 7.5000000000000009 0.11704000000000002 0.17958000000000005 0.20502392857142857 0.27785214285714294 5.5000000000000009 0.34975839285714289 0.28776500000000005
decision_type=2 2 2 2 2 2 2 2 2 2 2 2 2 2
left_child=-1 2 5 4 -4 6 -2 -8 -3 -10 11 -11 13 -12
right_child=1 8 3 -5 -6 -7 7 -9 9 10 12 -13 -14 -15
leaf_value=2.6202613147706813e-05 -0.0017062002934315906 -0.002050459770147096 -0.00078274382302831675 0.0043574346229434012 0.0033164269398324765 -0.0030896654267880052 -0.00071829108221988576 0.0033471672213636339 0.0017312891494769317 -0.0032294792708279078 0.00077672614516212878 -0.00037928631332201455 -0.0017966689492918944 -0.00068285646163584557
leaf_weight=3010 13.999999999999998 22 19 9.9999999999999982 12.999999999999998 10.999999999999998 14.000000000000002 9.9999999999999982 12.999999999999998 19 59 26 19 51
leaf_count=3010 14 22 19 10 13 11 14 10 13 19 59 26 19 51
internal_value=-2.21254e-07 -0.000265341 0.00041053 0.0017099 0.000882544 -0.000703215 -1.24002e-05 0.00097565 -0.000559619 -0.000384226 -0.000542282 -0.0015827 -0.000179345 0.000100011
internal_weight=3310 300 91 42 32 49 38 24 209 187 174 45 129 110
internal_count=3310 300 91 42 32 49 38 24 209 187 174 45 129 110
is_linear=0
shrinkage=0.05


Tree=208
num_leaves=15
num_cat=1
split_feature=3 6 4 2 4 5 3 2 0 6 5 6 4 6
split_gain=0.00940232 0.00952207 0.0378368 0.0386455 0.0378095 0.039326 0.0308424 0.0227357 0.0135726 0.0592515 0.0482787 0.0561437 0.0929105 0.0481612
threshold=0.86634500000000014 0.54074000000000011 0.44322500000000004 2.5000000000000004 0.24281000000000003 0.28796000000000005 0.41736000000000006 29.500000000000004 0 0.44317500000000004 0.13537500000000002 0.25345500000000004 0.34756000000000004 0.31935000000000008
decision_type=2 2 2 2 2 2 2 2 1 2 2 2 2 2
left_child=1 8 3 -3 6 -6 7 -5 10 -10 11 12 -1 -13
right_child=-2 2 -4 4 5 -7 -8 -9 9 -11 -12 13 -14 -15
leaf_value=-5.4245730695713842e-05 -0.0014595903371545402 0.0028149951435625553 -0.0031048001837916672 -0.0022760200156905766 -0.0007870974310208109 0.0036472016759216785 0.0010227903815185917 8.9596258476376534e-05 -8.0585110263982503e-05 0.0018149922970527163 3.9318409570876961e-05 0.0047303342762033398 0.0050440692855045202 0.00077018938692552711
leaf_weight=84 10.999999999999998 9.9999999999999982 11.999999999999998 37 10.000000000000002 9.9999999999999982 13.999999999999998 13.999999999999998 2233 42 792 17.000000000000004 9.9999999999999982 13.999999999999998
leaf_count=84 11 10 12 37 10 10 14 14 2233 42 792 17 10 14
internal_value=-2.10193e-07 4.65588e-06 -0.000459308 -0.00012514 -0.000471039 0.00143005 -0.00105599 -0.00162664 2.02085e-05 -4.53903e-05 0.00018147 0.00109666 0.000488128 0.00294188
internal_weight=3310 3299 107 95 85 20 65 51 3192 2275 917 125 94 31
internal_count=3310 3299 107 95 85 20 65 51 3192 2275 917 125 94 31
cat_boundaries=0 1
cat_threshold=200
is_linear=0
shrinkage=0.05


Tree=209
num_leaves=15
num_cat=0
split_feature=3 6 7 8 1 6 6 2 8 4 1 6 9 7
split_gain=0.0088556 0.0213228 0.0326276 0.0495947 0.0419221 0.0411693 0.047356 0.0398169 0.041619 0.0281402 0.0302667 0.0279747 0.0696125 0.0320282
threshold=0.40332000000000007 0.18226500000000004 0.3333214285714286 0.31522750000000005 1.5000000000000002 0.29038000000000003 0.38180500000000006 8.5000000000000018 0.21052571428571429 0.18244500000000005 2.5000000000000004 0.13668000000000002 0.15604385069273 0.30756642857142863
decision_type=2 2 2 2 2 2 2 2 2 2 2 2 2 2
left_child=-1 11 7 4 -4 -5 -7 -3 -9 -10 -11 -2 13 -13
right_child=1 2 3 5 -6 6 -8 8 9 10 -12 12 -14 -15
leaf_value=2.5619493052251828e-05 -0.00063399046302101646 -0.0019820946589356563 -0.0011090074363164606 -0.002658382526255752 0.0027214931384660305 0.0024398389488591676 -0.0015420953299326357 0.0024789845891064035 -0.0030325379720042376 0.0021751020615920417 -0.001167029911829602 0.0014372918926375477 0.0037390273297205571 -0.0013651710855562917
leaf_weight=3010 43 61 9.9999999999999982 19 25 14.000000000000002 15.999999999999998 11.999999999999998 10.999999999999998 10.000000000000002 21 19 17 22
leaf_count=3010 43 61 10 19 25 14 16 12 11 10 21 19 17 22
internal_value=-1.99682e-07 -0.000259252 -0.000559559 0.00018955 0.00162706 -0.000837246 0.000316141 -0.00110673 -0.000117902 -0.00085987 -8.89228e-05 0.000332442 0.00104894 -6.64687e-05
internal_weight=3310 300 199 84 35 49 30 115 54 42 31 101 58 41
internal_count=3310 300 199 84 35 49 30 115 54 42 31 101 58 41
is_linear=0
shrinkage=0.05


Tree=210
num_leaves=15
num_cat=0
split_feature=3 1 2 2 7 7 7 3 6 2 2 3 6 1
split_gain=0.00880474 0.00941622 0.026698 0.0287211 0.0651401 0.0436752 0.0423936 0.10333 0.0402306 0.0721169 0.0311104 0.0267741 0.0250619 0.0233929
threshold=0.86634500000000014 1.0000000180025095e-35 5.5000000000000009 9.5000000000000018 0.22631142857142858 0.19505785714285714 0.18667571428571431 0.23886000000000004 0.19789000000000004 27.500000000000004 10.500000000000002 0.23484000000000002 0.18409000000000003 2.5000000000000004
decision_type=2 2 2 2 2 2 2 2 2 2 2 2 2 2
left_child=1 2 -1 4 6 12 -4 -8 11 10 -10 -7 -5 -3
right_child=-2 13 3 5 -6 8 7 -9 9 -11 -12 -13 -14 -15
leaf_value=0.00079032686617990433 -0.001412431641735814 -0.00023370734384599854 -0.00065977306057436345 0.00049234695522294898 -0.0021019391808411148 -0.0011849816383769866 0.0047838662676180574 -0.0018707875208929183 0.0032104331720620399 0.0043035352810923211 0.00010730456332177191 0.00083233446976488552 -0.0013171339607215488 7.1510808976577524e-05
leaf_weight=140 10.999999999999998 940 39 31 47 29 14.000000000000002 9.9999999999999982 9.9999999999999982 19 42 38 50 1890
leaf_count=140 11 940 39 31 47 29 14 10 10 19 42 38 50 1890
internal_value=-1.897e-07 4.5192e-06 0.000212022 -3.40652e-05 -0.000693237 0.000297026 0.0003577 0.00201109 0.000837989 0.0016673 0.00070406 -4.08322e-05 -0.000624617 -2.98691e-05
internal_weight=3310 3299 469 329 110 219 63 24 138 71 52 67 81 2830
internal_count=3310 3299 469 329 110 219 63 24 138 71 52 67 81 2830
is_linear=0
shrinkage=0.05


Tree=211
num_leaves=15
num_cat=0
split_feature=3 7 8 2 2 2 9 9 4 1 8 5 9 7
split_gain=0.00891576 0.0299381 0.0290717 0.0278334 0.0259915 0.0660945 0.0525068 0.0703291 0.0403263 0.0369786 0.0551681 0.0337732 0.0646759 0.0334217
threshold=0.12060500000000002 0.14242071428571432 0.21208660714285718 3.5000000000000004 6.5000000000000009 8.5000000000000018 0.083979020439815588 0.10847451434131276 0.17752500000000002 1.5000000000000002 0.19677928571428574 0.13304500000000005 0.079767948005396702 0.20847214285714291
decision_type=2 2 2 2 2 2 2 2 2 2 2 2 2 2
left_child=1 2 3 -1 11 6 -6 -8 -7 -10 -11 -3 -13 -9
right_child=-2 4 -4 -5 5 8 7 13 9 10 -12 12 -14 -15
leaf_value=0.00090017918549064138 -3.2898002991740227e-05 -0.001297041006680382 -0.0022533630797018605 -0.00062564425471270185 1.7557577230036259e-05 -0.00031997597763493531 0.0064483347707069844 0.0037683020485565055 -0.00016663796696401038 0.0057006983272731293 0.00076093242790263441 0.003603549088750567 -9.4661931545583924e-05 -0.00031958915060386066
leaf_weight=45 2856 38 18 89 14.999999999999998 86 12.999999999999998 10.000000000000002 17 10.000000000000002 12.999999999999998 13.999999999999998 76 9.9999999999999982
leaf_count=45 2856 38 18 89 15 86 13 10 17 10 13 14 76 10
internal_value=-1.80216e-07 0.000205639 -0.000366676 -0.000113241 0.000493692 0.000891535 0.00247039 0.00358532 0.000290066 0.00160166 0.00290866 -4.71264e-05 0.000480615 0.00172436
internal_weight=3310 454 152 134 302 174 48 33 126 40 23 128 90 20
internal_count=3310 454 152 134 302 174 48 33 126 40 23 128 90 20
is_linear=0
shrinkage=0.05


Tree=212
num_leaves=15
num_cat=1
split_feature=3 4 7 7 0 9 6 1 9 5 6 6 5 5
split_gain=0.00853599 0.0223659 0.0120459 0.0232293 0.0869784 0.0741516 0.0966496 0.0701868 0.0901788 0.0533581 0.0423246 0.0815207 0.0525104 0.0362809
threshold=0.063560000000000019 0.088530000000000011 0.15658071428571432 0.17960071428571434 0 0.085795794359005029 0.172015 4.5000000000000009 0.1072930666694608 0.21835000000000002 0.29994000000000004 0.27032000000000006 0.16005000000000003 0.19219000000000003
decision_type=2 2 2 2 1 2 2 2 2 2 2 2 2 2
left_child=1 -1 -2 4 5 6 -4 10 13 -8 11 -6 -12 -9
right_child=2 -3 3 -5 7 -7 9 8 -10 -11 12 -13 -14 -15
leaf_value=0.002532452630111948 -0.00022128328501206616 -2.1641363079349201e-05 -0.0012859635140844868 -2.7387744797538165e-05 0.00050896584594902177 -0.0020803765108371808 0.00099089647349166212 -0.00056913160061573289 0.0056241075268189892 0.005503137107007206 0.0017869121098721573 0.0047667149143914385 -0.0023585950750857594 0.0024247809025109749
leaf_weight=11.999999999999998 556 30 38 2304 178 57 19.000000000000004 17 15.999999999999998 9.9999999999999982 10.999999999999998 11.999999999999998 25 25
leaf_count=12 556 30 38 2304 178 57 19 17 16 10 11 12 25 25
internal_value=-1.71205e-07 0.0007081 -9.27383e-06 3.41912e-05 0.000381931 -0.00069843 0.000373012 0.000848359 0.00242983 0.00254684 0.000480034 0.000777876 -0.00109191 0.00121296
internal_weight=3310 42 3268 2712 408 124 67 284 58 29 226 190 36 42
internal_count=3310 42 3268 2712 408 124 67 284 58 29 226 190 36 42
cat_boundaries=0 1
cat_threshold=584
is_linear=0
shrinkage=0.05


Tree=213
num_leaves=15
num_cat=2
split_feature=8 8 0 9 7 9 9 4 0 9 5 9 2 9
split_gain=0.00848278 0.0785611 0.0615629 0.0722099 0.0842092 0.067439 0.0594311 0.0597923 0.0593775 0.18425 0.121459 0.0533096 0.0442393 0.0574219
threshold=0.25956767857142865 0.25412017857142866 0 0.12146982085147397 0.29667642857142856 0.13950757011184203 0.1434876570603372 0.15860000000000005 1 0.085795794359005029 0.13390000000000002 0.10951208051281619 21.500000000000004 0.18122767006659415
decision_type=2 2 1 2 2 2 2 2 1 2 2 2 2 2
left_child=1 8 5 4 11 -2 -7 -8 9 -1 -11 -4 13 -9
right_child=2 -3 3 -5 -6 6 7 12 -10 10 -12 -13 -14 -15
leaf_value=0.0076657241582870489 -0.001891418594078949 -0.0014887349035864017 0.0017838218829031877 -2.1471602125498982e-07 0.00031882577694036188 0.0026978871254767813 -0.0024885474919789921 0.0012815213323562372 -4.87442456934813e-05 0.0043906212567783182 -0.00025315115868224672 0.0050490827563529211 -0.0013564561587935758 -0.00098729892483139089
leaf_weight=9.9999999999999982 65 91 75 353 124 18 27 83 2266 17 82 14.999999999999998 42 42
leaf_count=10 65 91 75 353 124 18 27 83 2266 17 82 15 42 42
internal_value=-1.62644e-07 -4.699e-05 0.000136658 0.00043151 0.00116382 -0.000465653 -5.04729e-05 -0.000305475 8.25158e-06 0.00109697 0.000544264 0.00232803 4.74764e-05 0.000519198
internal_weight=3310 2466 844 567 214 277 212 194 2375 109 99 90 167 125
internal_count=3310 2466 844 567 214 277 212 194 2375 109 99 90 167 125
cat_boundaries=0 1 2
cat_threshold=521 8
is_linear=0
shrinkage=0.05


Tree=214
num_leaves=15
num_cat=0
split_feature=3 8 8 7 4 2 8 7 8 9 9 7 4 2
split_gain=0.00848106 0.0294004 0.0321174 0.033832 0.0274369 0.0281309 0.057311 0.0614101 0.0594188 0.0475083 0.0933311 0.0454869 0.0306902 0.0489308
threshold=0.14842500000000003 0.30782285714285723 0.27979785714285721 0.19004214285714291 0.39259000000000005 4.5000000000000009 0.20704321428571429 0.17493857142857144 0.19049589285714288 0.1288364776979341 0.14892281658571571 0.20225500000000002 0.073405000000000012 8.5000000000000018
decision_type=2 2 2 2 2 2 2 2 2 2 2 2 2 2
left_child=1 2 4 -4 5 6 7 -1 -9 11 -11 -8 13 -7
right_child=-2 -3 3 -5 -6 12 9 8 -10 10 -12 -13 -14 -15
leaf_value=0.00085003939626760036 -4.9258073508583249e-05 -0.0017654321319423617 -0.00041420920946014423 0.0029138455921340557 -0.0012569943546051428 0.0044268211047165081 -0.0021879729225819009 0.00092948641628026935 0.0061480684205889704 0.0045011570909991852 -0.0010586045074483586 0.00082177025707144485 -7.2466273149129692e-05 -3.1668109295424073e-05
leaf_weight=97 2405 20 11.999999999999998 21 35 10.000000000000002 37 10.000000000000002 11.999999999999998 13.000000000000002 18 19 585 15.999999999999998
leaf_count=97 2405 20 12 21 35 10 37 10 12 13 18 19 585 16
internal_value=-1.61876e-07 0.000130309 0.000173151 0.00170364 0.000113871 0.000172599 0.000677885 0.00139097 0.00377599 -0.000297485 0.00127291 -0.00116681 2.24018e-06 0.00168314
internal_weight=3310 905 885 33 852 817 206 119 22 87 31 56 611 26
internal_count=3310 905 885 33 852 817 206 119 22 87 31 56 611 26
is_linear=0
shrinkage=0.05


Tree=215
num_leaves=15
num_cat=0
split_feature=1 2 7 4 4 9 4 9 9 5 2 7 3 6
split_gain=0.00849704 0.0243435 0.0255703 0.0298412 0.0254364 0.0302875 0.0451891 0.0277795 0.04026 0.0328679 0.0253575 0.0739333 0.0696836 0.08449
threshold=1.0000000180025095e-35 5.5000000000000009 0.14486571428571432 0.10717500000000001 0.24893000000000001 0.084740406321296841 0.20810500000000001 0.13336798433738831 0.12437928204971092 0.25637000000000004 9.5000000000000018 0.22631142857142858 0.22761500000000004 0.13436000000000001
decision_type=2 2 2 2 2 2 2 2 2 2 2 2 2 2
left_child=1 4 -3 -4 5 -1 -7 8 9 -6 11 12 13 -5
right_child=-2 2 3 10 7 6 -8 -9 -10 -11 -12 -13 -14 -15
leaf_value=0.00024366047788027895 -3.2743434530953559e-05 -0.0013579987586567631 0.0026646627367220145 -0.00076464529149234274 -0.0015751428791554647 0.0012321703494601554 0.0048458487261086704 -0.001960100745782256 0.0033957172557711602 0.0013288570736461371 0.00033502568685528871 -0.0020902719341393096 -0.0012015078763437013 0.0053485038412663232
leaf_weight=34 2840 33 10.999999999999998 10.000000000000002 20 31 11.999999999999998 13.999999999999998 9.9999999999999982 19 194 46 23 12.999999999999998
leaf_count=34 2840 33 11 10 20 31 12 14 10 19 194 46 23 13
internal_value=-1.53783e-07 0.000196771 -3.76084e-05 0.000109102 0.000749237 0.00135886 0.00224064 4.14586e-06 0.000565359 -0.000160374 1.08108e-05 -0.00067286 0.000744553 0.00269061
internal_weight=3310 470 330 297 140 77 43 63 49 39 286 92 46 23
internal_count=3310 470 330 297 140 77 43 63 49 39 286 92 46 23
is_linear=0
shrinkage=0.05


Tree=216
num_leaves=15
num_cat=0
split_feature=8 8 3 9 8 7 5 8 4 4 3 3 7 2
split_gain=0.00834063 0.0169828 0.0444692 0.0175892 0.0165883 0.0107845 0.0527222 0.0325527 0.0286074 0.0436704 0.0346572 0.0268097 0.0324032 0.0529839
threshold=0.12864107142857145 0.1367764285714286 0.13141500000000003 0.048007217203611362 0.14632160714285719 0.12942571428571434 0.24754000000000001 0.15070053571428574 0.12789500000000001 0.15479500000000004 0.15581500000000001 0.12060500000000002 0.13670785714285719 6.5000000000000009
decision_type=2 2 2 2 2 2 2 2 2 2 2 2 2 2
left_child=-1 2 3 -2 -3 6 7 -6 -9 -10 -11 -7 13 -13
right_child=1 4 -4 -5 5 11 -8 8 9 10 -12 12 -14 -15
leaf_value=-0.0012179711500981026 0.0011589162885987509 -0.00086098266588773443 -0.00078601127844242578 0.00392694074279544 0.0027596435678953479 0.00045225341559397558 -0.0018444178372414577 -0.001071018155430052 0.0026694048021858583 -0.0012501804045690545 0.0017790886125502376 0.0036174323846353221 -4.5034160469835861e-05 -9.7118841464786482e-05
leaf_weight=13.999999999999998 12.000000000000002 56 19 10.999999999999998 10.999999999999998 332 45 44 18 29 13.999999999999998 15.999999999999998 2665 24
leaf_count=14 12 56 19 11 11 332 45 44 18 29 14 16 2665 24
internal_value=-1.46091e-07 5.02671e-06 0.00100403 0.00248275 -7.86758e-06 7.07127e-06 -0.000391716 0.000171833 -9.92715e-05 0.000601661 -0.000263907 2.82121e-05 -2.38329e-05 0.0013887
internal_weight=3310 3296 42 23 3254 3198 161 116 105 61 43 3037 2705 40
internal_count=3310 3296 42 23 3254 3198 161 116 105 61 43 3037 2705 40
is_linear=0
shrinkage=0.05


Tree=217
num_leaves=15
num_cat=1
split_feature=8 9 3 8 4 5 8 9 0 1 9 9 9 8
split_gain=0.00808794 0.0356923 0.0298104 0.0570403 0.0297338 0.065195 0.0282347 0.0546011 0.0527112 0.0656308 0.0462091 0.055307 0.0442361 0.0646232
threshold=0.1857344642857143 0.15258760542796648 0.077775000000000025 0.15310517857142858 0.33513500000000002 0.13691500000000004 0.20088964285714289 0.104944371547347 0 2.5000000000000004 0.079210373821217248 0.073023689329709332 0.10814830730875948 0.19113625000000004
decision_type=2 2 2 2 2 2 2 2 1 2 2 2 2 2
left_child=1 2 3 -1 -4 -6 7 8 9 -2 11 -11 -9 -14
right_child=6 -3 4 -5 5 -7 -8 12 -10 10 -12 -13 13 -15
leaf_value=0.004220939825542949 -0.00038690595605518098 0.0028224811505060642 -0.00031259891237740912 -0.00012709499472596993 0.0045194170634567836 -0.0010587379288732668 -2.8236199352521438e-05 0.0045484697259962556 -0.00049764992402908162 0.0012177097245252557 0.00074215598058689281 0.0055873892479576179 -0.0010836939022947963 0.0018140602937303297
leaf_weight=10.999999999999998 52 9.9999999999999982 683 24 10.000000000000002 10.999999999999998 2171 9.9999999999999982 166 14.000000000000002 33 14.999999999999998 26 74
leaf_count=11 52 10 683 24 10 11 2171 10 166 14 33 15 26 74
internal_value=-1.38785e-07 -0.000144662 -0.000184813 0.00123943 -0.000255621 0.00159753 4.21292e-05 0.00043383 6.30158e-05 0.000848636 0.00202177 0.00347789 0.00137772 0.00106064
internal_weight=3310 749 739 35 704 21 2561 390 280 114 62 29 110 100
internal_count=3310 749 739 35 704 21 2561 390 280 114 62 29 110 100
cat_boundaries=0 1
cat_threshold=594
is_linear=0
shrinkage=0.05


Tree=218
num_leaves=15
num_cat=0
split_feature=6 7 2 8 8 6 9 2 7 9 1 6 7 8
split_gain=0.00828346 0.0102878 0.00922281 0.0361375 0.0782502 0.223399 0.083112 0.0554358 0.0513139 0.0710065 0.0511761 0.0494084 0.0487034 0.0698734
threshold=0.063415000000000013 0.20989928571428576 7.5000000000000009 0.23148839285714287 0.22551375000000004 0.28734000000000004 0.1353593378262801 5.5000000000000009 0.18938857142857149 0.14699292742269573 2.5000000000000004 0.21972500000000003 0.28219928571428576 0.20704321428571429
decision_type=2 2 2 2 2 2 2 2 2 2 2 2 2 2
left_child=1 -1 3 4 7 6 -6 12 9 -5 -9 -11 13 -2
right_child=2 -3 -4 8 5 -7 -8 10 -10 11 -12 -13 -14 -15
leaf_value=-0.00011465262914835304 0.00025443868508619898 -0.0017478083675572028 -6.5837403206021143e-05 -0.0025801280332843259 -0.0010305206098460726 0.0069074262481401945 0.0036513210632480109 0.00019491223762972804 3.8739027123517355e-06 0.0022013677219446335 0.0018371252921323981 -0.0012341975201852621 0.0033905591908842329 -0.00092791445007409296
leaf_weight=27 385 14.999999999999998 1827 49 35 17 12.999999999999998 109 511 18 84 25 9.9999999999999982 185
leaf_count=27 385 15 1827 49 35 17 13 109 511 18 84 25 10 185
internal_value=-2.07021e-07 -0.000697923 8.75995e-06 0.00010334 0.000315739 0.00198193 0.000237478 0.000175633 -0.000191836 -0.00127888 0.000909658 0.000203946 -6.86202e-05 -0.000129308
internal_weight=3310 42 3268 1441 838 65 48 773 603 92 193 43 580 570
internal_count=3310 42 3268 1441 838 65 48 773 603 92 193 43 580 570
is_linear=0
shrinkage=0.05


Tree=219
num_leaves=15
num_cat=0
split_feature=1 2 2 3 3 4 7 3 7 6 6 9 5 2
split_gain=0.00834067 0.0226971 0.0431532 0.0242424 0.0226688 0.0206766 0.0227045 0.0721641 0.0290175 0.02617 0.0792163 0.0394082 0.0360205 0.0236236
threshold=1.0000000180025095e-35 2.5000000000000004 1.0000000180025095e-35 0.19368000000000005 0.15080000000000002 0.58221500000000004 0.36023071428571435 0.45795500000000006 0.33116857142857142 0.43825000000000008 0.30431500000000006 0.080223528883712189 0.24377500000000005 13.500000000000002
decision_type=2 2 2 2 2 2 2 2 2 2 2 2 2 2
left_child=1 2 3 4 -1 6 8 -8 9 10 -3 -12 -13 -10
right_child=-2 5 -4 -5 -6 -7 7 -9 13 -11 11 12 -14 -15
leaf_value=0.00076117628154211787 -3.2485044877676944e-05 -2.5390216772740399e-05 0.004139739457204996 0.0019750525156268851 -0.0023557466291822494 -0.001814206109182643 0.00466957215473733 -0.00052786151542985702 -0.0033622927222908892 -0.0011719671084874255 -0.00033389989032664089 0.0047243956339490766 0.0014190448593581096 -8.5401664149354806e-05
leaf_weight=14.000000000000002 2840 278 9.9999999999999982 15.999999999999998 9.9999999999999982 13.999999999999998 11.000000000000002 17 11.000000000000002 34 10.999999999999998 17 15.999999999999998 10.999999999999998
leaf_count=14 2840 278 10 16 10 14 11 17 11 34 11 17 16 11
internal_value=-1.96672e-07 0.000194908 0.00120194 0.000467496 -0.000537542 7.50222e-05 0.000140168 0.00151399 3.84036e-05 0.000147307 0.000286609 0.00225788 0.0031218 -0.00172385
internal_weight=3310 470 50 40 24 420 406 28 378 356 322 44 33 22
internal_count=3310 470 50 40 24 420 406 28 378 356 322 44 33 22
is_linear=0
shrinkage=0.05


Tree=220
num_leaves=15
num_cat=2
split_feature=8 8 0 6 5 0 7 7 5 6 2 6 3 8
split_gain=0.00873696 0.0694738 0.0646682 0.192473 0.168608 0.0554017 0.0363329 0.0469676 0.0879763 0.045976 0.0434229 0.039373 0.0360132 0.0614328
threshold=0.25956767857142865 0.25223642857142864 0 0.28592500000000004 0.13390000000000002 1 0.24934642857142861 0.27688500000000005 0.30256500000000003 0.29038000000000003 5.5000000000000009 0.18327000000000002 0.15880000000000002 0.21208660714285718
decision_type=2 2 1 2 2 1 2 2 2 2 2 2 2 2
left_child=1 2 3 4 -1 6 -2 8 -8 11 -11 -9 -6 -14
right_child=5 -3 -4 -5 12 -7 7 9 -10 10 -12 -13 13 -15
leaf_value=0.0052776996079566228 -0.0013092861132805839 -0.0011727005654560904 -4.4028000109889575e-05 0.0058412500381420712 -0.0023543450191778983 0.00041821688583022445 -0.0005823009847517824 9.5141963317038744e-05 0.0044832440403600538 0.0024159500243790127 -0.00056652695527121134 -0.0018355193629582983 0.0031474102715340758 -0.00099825813825840941
leaf_weight=13.999999999999998 85 130 2233 19 23 567 20 46 14.999999999999998 23 26 62 11.999999999999998 35
leaf_count=14 85 130 2233 19 23 567 20 46 15 23 26 62 12 35
internal_value=-1.86839e-07 -4.77106e-05 1.48958e-05 0.00118187 0.000268664 0.000138668 -0.000433015 -6.76348e-05 0.00158865 -0.00043687 0.000833411 -0.0010132 -0.000733144 6.02104e-05
internal_weight=3310 2466 2336 103 84 844 277 192 35 157 49 108 70 47
internal_count=3310 2466 2336 103 84 844 277 192 35 157 49 108 70 47
cat_boundaries=0 1 2
cat_threshold=8 521
is_linear=0
shrinkage=0.05


Tree=221
num_leaves=15
num_cat=1
split_feature=2 2 4 9 8 9 9 0 9 9 2 8 7 8
split_gain=0.00831356 0.0468514 0.0945561 0.0231872 0.0350631 0.0363719 0.03133 0.0545683 0.0542392 0.156516 0.0615242 0.0621831 0.0492819 0.0415637
threshold=17.500000000000004 19.500000000000004 0.33818000000000009 0.064830907385739184 0.18045482142857147 0.051827502087353934 0.090862937526738338 0 0.079210373821217248 0.076708609674610087 4.5000000000000009 0.25504410714285725 0.31951928571428573 0.21790321428571433
decision_type=2 2 2 2 2 2 2 1 2 2 2 2 2 2
left_child=3 2 -2 4 5 -1 7 8 9 -5 11 -10 -9 -12
right_child=1 -3 -4 6 -6 -7 -8 12 10 -11 13 -13 -14 -15
leaf_value=-0.00067997224590884107 0.0005845851159061898 -3.6205101336441068e-06 0.005315909798567494 -0.00023576560456098784 0.0008110329152654942 0.00059135731728091935 1.2713761435672965e-05 -0.00075540148544793776 -0.0038587428751940787 0.0053734534331229761 -0.00076392736847755377 0.00044774604029953482 0.0023657658361256697 0.0021285251733691741
leaf_weight=127 88 710 11.999999999999998 36 184 101 1470 466 19 19 23 14.999999999999998 12.999999999999998 27
leaf_count=127 88 710 12 36 184 101 1470 466 19 19 23 15 13 27
internal_value=-1.2097e-07 0.000139091 0.00115234 -4.52257e-05 0.000297574 -0.000116796 -0.000112866 -0.000411576 0.000449047 0.00170196 -0.000317858 -0.00195882 -0.000656978 0.000797997
internal_weight=3310 810 100 2500 412 228 2088 618 139 55 84 34 479 50
internal_count=3310 810 100 2500 412 228 2088 618 139 55 84 34 479 50
cat_boundaries=0 1
cat_threshold=153
is_linear=0
shrinkage=0.05


Tree=222
num_leaves=15
num_cat=0
split_feature=1 2 2 6 1 5 2 5 2 2 7 2 4 2
split_gain=0.00766554 0.0209019 0.0383363 0.0217017 0.0192973 0.023013 0.0214856 0.0198909 0.0244011 0.145191 0.0510309 0.0607677 0.0792298 0.112481
threshold=1.0000000180025095e-35 2.5000000000000004 1.0000000180025095e-35 0.144595 2.5000000000000004 0.60086500000000009 1.0000000180025095e-35 0.77199000000000007 5.5000000000000009 7.5000000000000009 0.17374500000000004 11.500000000000002 0.18095000000000003 20.500000000000004
decision_type=2 2 2 2 2 2 2 2 2 2 2 2 2 2
left_child=1 2 3 -1 5 6 -2 8 -6 -10 -11 -12 -13 -14
right_child=4 -3 -4 -5 7 -7 -8 -9 9 10 11 12 13 -15
leaf_value=0.002478265084791929 -0.0024910255242139101 7.1879596813405873e-05 0.0039223025832325221 -0.00021132287569344046 -0.00020560585446219193 -0.002228394919075072 -0.00016078324019316504 0.0017632363473667819 0.0014961961081599441 0.00056873469416700577 -0.00084178091573931563 -0.00092539099342157623 0.0014285041985357271 -0.00029381692410305533
leaf_weight=9.9999999999999982 9.9999999999999982 420 9.9999999999999982 30 640 13.999999999999998 916 17 178 256 277 145 166 221
leaf_count=10 10 420 10 30 640 14 916 17 178 256 277 145 166 221
internal_value=-1.14925e-07 0.000186926 0.00115332 0.000461074 -3.1069e-05 -0.000216367 -0.000185948 6.0605e-05 4.52333e-05 0.000174386 -4.65359e-05 -0.000241232 7.14595e-05 0.000444956
internal_weight=3310 470 50 40 2840 940 926 1900 1883 1243 1065 809 532 387
internal_count=3310 470 50 40 2840 940 926 1900 1883 1243 1065 809 532 387
is_linear=0
shrinkage=0.05


Tree=223
num_leaves=15
num_cat=1
split_feature=4 7 4 0 4 1 5 1 4 3 9 5 6 9
split_gain=0.00805488 0.0344036 0.050261 0.0356121 0.0599379 0.0419609 0.054347 0.0341467 0.0302478 0.0311673 0.0288146 0.0277886 0.046453 0.0325727
threshold=0.10490500000000001 0.27229357142857152 0.093190000000000009 0 0.088530000000000011 3.5000000000000004 0.091300000000000006 1.5000000000000002 0.093190000000000009 0.15581500000000001 0.085795794359005029 0.12327 0.25637000000000004 0.074822182748757737
decision_type=2 2 2 1 2 2 2 2 2 2 2 2 2 2
left_child=1 3 -3 8 5 6 -5 -8 9 -1 -10 13 -13 -6
right_child=-2 2 -4 4 11 -7 7 -9 10 -11 -12 12 -14 -15
leaf_value=-0.00031220504450505944 -2.5092816400372205e-05 0.00010117737809196112 0.0045508739855987107 0.0043951865704730158 -0.00049429523507849525 0.0040087870073815188 0.0016224940689280631 -0.0010470112509843286 -0.0011446718924811908 -0.0022208523559051436 0.0017323916960183695 -0.0018598382214258893 0.0011427530836571303 0.003301377950701863
leaf_weight=55 3002 15.000000000000002 10.999999999999998 9.9999999999999982 13.000000000000002 14.999999999999998 25 23 13.999999999999998 35 23 40 19 9.9999999999999982
leaf_count=55 3002 15 11 10 13 15 25 23 14 35 23 40 19 10
internal_value=-1.09179e-07 0.0002434 0.00198374 8.29432e-05 0.000572554 0.00165157 0.00104195 0.000343356 -0.000518843 -0.00105446 0.000643773 -0.000318211 -0.000892902 0.001156
internal_weight=3310 308 26 282 155 73 58 48 127 90 37 82 59 23
internal_count=3310 308 26 282 155 73 58 48 127 90 37 82 59 23
cat_boundaries=0 1
cat_threshold=113
is_linear=0
shrinkage=0.05


Tree=224
num_leaves=15
num_cat=0
split_feature=3 6 7 8 6 6 2 8 6 3 7 8 8 7
split_gain=0.00789311 0.0198328 0.0290672 0.0481038 0.0353289 0.0428089 0.0333258 0.0390945 0.0255546 0.0312412 0.0320896 0.0582578 0.0254095 0.023372
threshold=0.40332000000000007 0.18226500000000004 0.3333214285714286 0.31522750000000005 0.29038000000000003 0.38180500000000006 8.5000000000000018 0.21052571428571429 0.17068000000000003 0.72848500000000016 0.28830500000000009 0.22046017857142861 0.21870750000000003 0.35256071428571434
decision_type=2 2 2 2 2 2 2 2 2 2 2 2 2 2
left_child=-1 8 6 13 -5 -6 12 -8 9 10 11 -2 -3 -4
right_child=1 2 3 4 5 -7 7 -9 -10 -11 -12 -13 -14 -15
leaf_value=2.4272010275588679e-05 -0.00016158900378892817 -0.0041561535093933349 0.00349700427190824 -0.0025255063217819521 0.0022491293659965901 -0.0015368100892374061 0.0023707851078749328 -0.00086522168213767664 0.0020938784267534229 -0.0023937627983589968 -0.00040801197954235566 0.0047652829356957232 -0.0013997174430223109 0.00071376970161812401
leaf_weight=3010 15.000000000000002 9.9999999999999982 10.999999999999998 19 14.000000000000002 15.999999999999998 11.999999999999998 42 17 11.999999999999998 47 9.9999999999999982 51 24
leaf_count=3010 15 10 11 19 14 16 12 42 17 12 47 10 51 24
internal_value=-1.03717e-07 -0.000244674 -0.000534298 0.000172759 -0.000838485 0.000229962 -0.00105076 -0.000146109 0.000325972 -3.18181e-05 0.000361839 0.00180916 -0.00185159 0.0015885
internal_weight=3310 300 199 84 49 30 115 54 101 84 72 25 61 35
internal_count=3310 300 199 84 49 30 115 54 101 84 72 25 61 35
is_linear=0
shrinkage=0.05


Tree=225
num_leaves=15
num_cat=0
split_feature=9 9 4 4 4 4 5 5 3 5 8 6 2 8
split_gain=0.00771475 0.0274227 0.0248135 0.0283331 0.0379997 0.0110716 0.0377106 0.141753 0.0534797 0.0251716 0.0526758 0.0501554 0.0642268 0.0554369
threshold=0.25209895137710064 0.21927328908534421 0.15080000000000002 0.24281000000000003 0.51845000000000019 0.37978500000000009 0.13619500000000004 0.12262500000000001 0.15080000000000002 0.25225500000000006 0.27140321428571434 0.280005 19.500000000000004 0.29711142857142864
decision_type=2 2 2 2 2 2 2 2 2 2 2 2 2 2
left_child=1 5 -2 -4 -5 -1 7 -7 -8 10 -10 12 13 -12
right_child=2 -3 3 4 -6 6 8 -9 9 -11 11 -13 -14 -15
leaf_value=-2.4315458745240973e-05 0.0028425127849914136 -0.001327626874897247 -0.0017654065574918476 0.0028314134904316489 -0.0008525160650606268 -0.00053025897482017936 -0.0015344083768251864 0.0068243234953843067 -2.9633936296972129e-05 -0.0001147858843963578 0.0073973417750411554 0.0001302419493662282 0.00047607924789190293 0.0022535561979748308
leaf_weight=2904 9.9999999999999982 39 13.999999999999998 14.000000000000002 13.999999999999998 19.000000000000004 42 9.9999999999999982 68 121 11.000000000000002 21 12.999999999999998 9.9999999999999982
leaf_count=2904 10 39 14 14 14 19 42 10 68 121 11 21 13 10
internal_value=-9.85332e-08 -9.74222e-06 0.000604115 7.11636e-05 0.000989449 6.2247e-06 0.000287776 0.0020058 0.00011357 0.000397239 0.000900938 0.00205146 0.0032381 0.00494792
internal_weight=3310 3258 52 42 28 3219 315 29 286 244 123 55 34 21
internal_count=3310 3258 52 42 28 3219 315 29 286 244 123 55 34 21
is_linear=0
shrinkage=0.05


Tree=226
num_leaves=15
num_cat=0
split_feature=3 3 1 2 4 6 1 6 8 2 8 7 2 3
split_gain=0.0077248 0.0305476 0.0217386 0.0446848 0.078189 0.0628026 0.0368246 0.0358539 0.0301717 0.0574352 0.0457544 0.0437216 0.0328692 0.0306348
threshold=0.15956000000000004 0.15880000000000002 4.5000000000000009 3.5000000000000004 0.22965000000000005 0.16443000000000005 2.5000000000000004 0.093190000000000009 0.19843160714285715 5.5000000000000009 0.19049589285714288 0.18244928571428573 9.5000000000000018 0.14113500000000004
decision_type=2 2 2 2 2 2 2 2 2 2 2 2 2 2
left_child=1 2 6 4 5 -4 -1 -8 10 11 13 -10 -11 -9
right_child=-2 -3 3 -5 -6 -7 7 8 9 12 -12 -13 -14 -15
leaf_value=2.1121141369957527e-07 -5.2085300885938181e-05 0.0025207885541021825 0.0003874393205320382 -0.00067651137905326033 -0.0021422706622009477 0.0043951866710010695 0.0034232604899443689 0.0013999804001915354 -0.0031187680503353479 0.0024104654620411264 0.0036090299021452666 0.00018734629149548711 0.00011015072946479036 -0.00074095859987816472
leaf_weight=568 2262 12.999999999999998 23 196 14.999999999999998 17 11.999999999999998 55 20 24 17 20 44 24
leaf_count=568 2262 13 23 196 15 17 12 55 20 24 17 20 44 24
internal_value=-9.3603e-08 0.000112125 8.18714e-05 -0.000323112 0.000936277 0.00209073 0.000211528 0.000767213 0.000610974 3.76793e-05 0.00125593 -0.00146571 0.000922027 0.000749569
internal_weight=3310 1048 1035 251 55 40 784 216 204 108 96 40 68 79
internal_count=3310 1048 1035 251 55 40 784 216 204 108 96 40 68 79
is_linear=0
shrinkage=0.05


Tree=227
num_leaves=15
num_cat=0
split_feature=2 4 8 4 9 3 7 5 3 1 4 4 5 4
split_gain=0.00786805 0.0423996 0.0359855 0.05641 0.0306146 0.0310244 0.0304607 0.0342894 0.0336472 0.0358657 0.0297912 0.0392445 0.0552336 0.0414489
threshold=17.500000000000004 0.60409000000000013 0.21250428571428573 0.35054000000000002 0.052845785064955679 0.38642500000000007 0.22006785714285718 0.5236050000000001 0.29828500000000008 1.0000000180025095e-35 0.27337000000000006 0.19441500000000003 0.16548500000000002 0.21520000000000003
decision_type=2 2 2 2 2 2 2 2 2 2 2 2 2 2
left_child=-1 2 3 4 -2 10 -4 8 9 -8 11 -6 -13 -14
right_child=1 -3 6 -5 5 -7 7 -9 -10 -11 -12 12 13 -15
leaf_value=-4.3968451958644443e-05 -0.00042054783052028445 0.002469443145855621 -0.00074981337912268593 0.0041936245094984772 0.00051626873819191977 -0.0020227138930931691 0.0026129839796340095 0.0022119176586986415 -0.00062882354705335393 0.00019055329408151228 -0.001587195815712524 -3.6120048025622968e-05 0.0053701901375981312 0.0019195520189975428
leaf_weight=2500 86 19 162 9.9999999999999982 135 9.9999999999999982 17 18 133 151 11.999999999999998 20 13.999999999999998 23
leaf_count=2500 86 19 162 10 135 10 17 18 133 151 12 20 14 23
internal_value=-8.89234e-08 0.000135342 7.92761e-05 0.000499361 0.000376219 0.000696415 -0.000191465 9.20855e-05 -3.46819e-05 0.00043568 0.000829705 0.000980762 0.00208088 0.0032252
internal_weight=3310 810 791 310 300 214 481 319 301 168 204 192 57 37
internal_count=3310 810 791 310 300 214 481 319 301 168 204 192 57 37
is_linear=0
shrinkage=0.05


Tree=228
num_leaves=15
num_cat=1
split_feature=7 1 3 8 6 4 3 1 5 8 6 0 4 6
split_gain=0.00783433 0.0273779 0.036849 0.0279223 0.0472681 0.0312235 0.0389607 0.0270565 0.0303809 0.0680868 0.024627 0.0256596 0.045702 0.0613368
threshold=0.15658071428571432 4.5000000000000009 0.24624500000000002 0.1367764285714286 0.12089500000000002 0.12622000000000003 0.07400000000000001 5.5000000000000009 0.23632500000000004 0.19957857142857144 0.38708500000000007 0 0.14928000000000005 0.19201500000000002
decision_type=2 2 2 2 2 2 2 2 2 2 2 1 2 2
left_child=1 2 3 4 -1 6 -5 -3 -9 -10 11 -7 13 -13
right_child=-2 7 -4 5 -6 10 -8 8 9 -11 -12 12 -14 -15
leaf_value=-0.00020325750565940612 3.5371504604140662e-05 -0.0013155630550175993 0.0026761538975943744 0.001127537402688809 0.0037094799972902156 -0.00023299794276961341 -0.0011284023287053539 -0.00078839232888572883 0.0041333312246327599 -0.00063065888709388672 -0.0020994769007136875 0.0055751393295147183 0.00039689065939286551 0.00016455771517939866
leaf_weight=19 2730 87 12.999999999999998 23 12.999999999999998 107 114 54 11.999999999999998 20 10.999999999999998 11.000000000000002 86 9.9999999999999982
leaf_count=19 2730 87 13 23 13 107 114 54 12 20 11 11 86 10
internal_value=-8.44782e-08 -0.000166972 5.6994e-05 -2.9425e-05 0.00138629 -0.000154571 -0.000749668 -0.000693875 -6.4958e-05 0.00115584 0.000207776 0.000326374 0.000829955 0.00299867
internal_weight=3310 580 407 394 32 362 137 173 86 32 225 214 107 21
internal_count=3310 580 407 394 32 362 137 173 86 32 225 214 107 21
cat_boundaries=0 1
cat_threshold=624
is_linear=0
shrinkage=0.05


Tree=229
num_leaves=15
num_cat=0
split_feature=8 8 3 6 8 8 3 7 5 6 3 9 5 7
split_gain=0.00760691 0.0135456 0.0396703 0.0199915 0.0140981 0.015462 0.0531698 0.0183407 0.0289284 0.0338465 0.0745476 0.0256932 0.0230572 0.0221224
threshold=0.12864107142857145 0.1367764285714286 0.13141500000000003 0.12089500000000002 0.14726535714285716 0.15219910714285717 0.10152500000000002 0.12942571428571434 0.24754000000000001 0.17137500000000003 0.13204500000000005 0.12543893593683134 0.14926000000000003 0.13670785714285719
decision_type=2 2 2 2 2 2 2 2 2 2 2 2 2 2
left_child=-1 2 3 -2 -3 6 -6 8 9 10 -7 12 -11 -9
right_child=1 4 -4 -5 5 7 -8 13 -10 11 -12 -13 -14 -15
leaf_value=-0.0011631423707253166 0.0010008040529031019 -0.00071377566664655148 -0.00079367679764369599 0.0039744172780774535 0.0041419836413115266 -0.00035164001378385976 -8.6024530424640112e-05 0.0009572856977859873 -0.0016790097812190653 -0.00026196242208077986 0.0043113036430440848 0.0010862531534467754 -0.0025029283458328187 2.911588805457193e-06
leaf_weight=13.999999999999998 13.000000000000002 69 19 9.9999999999999982 9.9999999999999982 30 29 62 41 22 11.999999999999998 12.999999999999998 24 2942
leaf_count=14 13 69 19 10 10 30 29 62 41 22 12 13 24 2942
internal_value=-1.15449e-07 4.82459e-06 0.000897018 0.00229368 -6.69112e-06 8.62719e-06 0.00099808 -3.63875e-06 -0.000558909 -0.000104215 0.00098063 -0.000876477 -0.00143116 2.26091e-05
internal_weight=3310 3296 42 23 3254 3185 39 3146 142 101 42 59 46 3004
internal_count=3310 3296 42 23 3254 3185 39 3146 142 101 42 59 46 3004
is_linear=0
shrinkage=0.05


Tree=230
num_leaves=15
num_cat=0
split_feature=4 7 4 2 2 8 4 8 8 6 1 5 6 5
split_gain=0.0076403 0.0325553 0.0554264 0.0269789 0.0459895 0.0265086 0.0257323 0.0500206 0.0231193 0.0238371 0.0210098 0.0195327 0.0211408 0.0194557
threshold=0.10490500000000001 0.22242428571428577 0.096080000000000013 13.500000000000002 3.5000000000000004 0.2211626785714286 0.11845000000000001 0.2079219642857143 0.15757910714285714 0.13272500000000001 1.5000000000000002 0.063415000000000013 0.3782100000000001 0.16790500000000003
decision_type=2 2 2 2 2 2 2 2 2 2 2 2 2 2
left_child=1 11 3 4 -3 -4 7 8 9 -2 -9 -1 13 -13
right_child=6 2 5 -5 -6 -7 -8 10 -10 -11 -12 12 -14 -15
leaf_value=0.0019323990137005847 -0.00036893962851574594 0.0019334053574129933 0.005236883675679563 0.0016657455445965752 -0.0023398274410711194 0.0015962406294420363 7.076585791686654e-06 -0.00039732451938713595 -0.00056786721466498707 0.0026043893137414542 -0.0028849371462048769 0.0001538521880936441 0.0018212183360726789 -0.00080580433714203545
leaf_weight=11.999999999999998 13.000000000000002 10.000000000000002 10.000000000000002 20 17 9.9999999999999982 2869 11.999999999999998 65 13.999999999999998 29 124 12.999999999999998 92
leaf_count=12 13 10 10 20 17 10 2869 12 65 14 29 124 13 92
internal_value=-1.0968e-07 0.00023705 0.00121199 0.00027387 -0.000757149 0.00341656 -2.44419e-05 -0.00070434 -5.70232e-05 0.00117279 -0.00215686 -3.39905e-05 -0.000137033 -0.00025489
internal_weight=3310 308 67 47 27 20 3002 133 92 27 41 241 229 216
internal_count=3310 308 67 47 27 20 3002 133 92 27 41 241 229 216
is_linear=0
shrinkage=0.05


Tree=231
num_leaves=15
num_cat=0
split_feature=8 9 8 6 3 8 4 5 3 6 9 1 4 8
split_gain=0.0077948 0.0298225 0.0259749 0.0485811 0.0248205 0.0483638 0.0245792 0.0545375 0.0230988 0.0243303 0.0195336 0.0173042 0.0294149 0.0333523
threshold=0.1857344642857143 0.15258760542796648 0.18734553571428578 0.24807000000000004 0.077775000000000025 0.15310517857142858 0.33513500000000002 0.13691500000000004 0.16122500000000003 0.16542500000000002 0.11956440550782348 1.0000000180025095e-35 0.23072500000000004 0.16569928571428574
decision_type=2 2 2 2 2 2 2 2 2 2 2 2 2 2
left_child=1 4 3 8 5 -1 10 -8 -2 -10 11 12 13 -6
right_child=2 -3 -4 -5 6 -7 7 -9 9 -11 -12 -13 -14 -15
leaf_value=0.0038663006429983816 -0.00082804569567088051 0.0025702258211094888 1.8466506812589206e-05 0.0042795192264020445 5.314774542521844e-06 -0.00013740717695327477 0.004113999902037902 -0.00098788824265780436 1.8700918493171529e-06 0.0033412366203265267 -0.0013816791753738355 -0.00033644652723689266 -0.0014198071983021997 0.0021615296259024663
leaf_weight=10.999999999999998 20 9.9999999999999982 2509 9.9999999999999982 47 24 10.000000000000002 10.999999999999998 12.000000000000002 9.9999999999999982 39 550 18 29
leaf_count=11 20 10 2509 10 47 24 10 11 12 10 39 550 18 29
internal_value=-1.04194e-07 -0.000141985 4.13907e-05 0.00114748 -0.000178686 0.0011209 -0.000243296 0.00144158 0.000401759 0.00151976 -0.0002951 -0.000229298 0.000397634 0.000828081
internal_weight=3310 749 2561 52 739 35 704 21 42 22 683 644 94 76
internal_count=3310 749 2561 52 739 35 704 21 42 22 683 644 94 76
is_linear=0
shrinkage=0.05


Tree=232
num_leaves=15
num_cat=0
split_feature=3 3 1 5 6 6 5 5 1 5 7 7 4 9
split_gain=0.00751868 0.0271697 0.0179637 0.0442577 0.0368276 0.0364892 0.0421033 0.0472616 0.0326657 0.0367563 0.0360299 0.0826908 0.0240041 0.022402
threshold=0.15956000000000004 0.15880000000000002 4.5000000000000009 0.17657000000000003 0.19709000000000002 0.16443000000000005 0.25225500000000006 0.22786000000000003 2.5000000000000004 0.30256500000000003 0.23152642857142861 0.26192857142857151 0.20568000000000003 0.12372323785788254
decision_type=2 2 2 2 2 2 2 2 2 2 2 2 2 2
left_child=1 2 8 12 5 6 7 -5 -1 10 -10 -12 -4 -11
right_child=-2 -3 3 4 -6 -7 -8 -9 9 13 11 -13 -14 -15
leaf_value=9.1673913578835688e-07 -5.1392333467683736e-05 0.0023822053443067351 -0.0005477155399386816 9.2537415912374838e-05 -0.00038979175825309205 0.0035064901923760774 -0.0014703097629535479 0.0042986657385799014 0.00069163772311422035 -0.0017806277319323272 0.0054261570239240043 0.00030258014513593581 -0.0021392244245913446 0.00066095314892556734
leaf_weight=568 2262 12.999999999999998 84 17.000000000000004 76 13.999999999999998 15.999999999999998 10.999999999999998 146 21 13.999999999999998 18 33 17
leaf_count=568 2262 13 84 17 76 14 16 11 146 21 14 18 33 17
internal_value=-9.89821e-08 0.000110612 8.20803e-05 -0.000286065 0.00033433 0.00128318 0.000575761 0.00174494 0.000199943 0.000723309 0.00102467 0.00254415 -0.000996603 -0.000688342
internal_weight=3310 1048 1035 251 134 58 44 28 784 216 178 32 117 38
internal_count=3310 1048 1035 251 134 58 44 28 784 216 178 32 117 38
is_linear=0
shrinkage=0.05


Tree=233
num_leaves=15
num_cat=2
split_feature=8 8 0 9 7 9 9 4 9 0 9 5 5 2
split_gain=0.00727035 0.0619309 0.0487666 0.0634693 0.0752327 0.057534 0.0507345 0.0502213 0.0471575 0.0466982 0.156447 0.0949462 0.0376293 0.0373898
threshold=0.25956767857142865 0.25412017857142866 0 0.12146982085147397 0.29667642857142856 0.13950757011184203 0.1434876570603372 0.15860000000000005 0.10951208051281619 1 0.085795794359005029 0.13390000000000002 0.35121500000000005 21.500000000000004
decision_type=2 2 1 2 2 2 2 2 2 1 2 2 2 2
left_child=1 9 5 4 8 -2 -7 -8 -4 10 -1 -12 -6 -9
right_child=2 -3 3 -5 12 6 7 13 -10 -11 11 -13 -14 -15
leaf_value=0.0070203690323978668 -0.0017258346030631891 -0.0013235289031629462 0.0016637604005324347 -1.6120239362950377e-05 0.00074690286225328854 0.0025138782117412324 -0.0022617904753941629 0.00049608535662991934 0.0047348355067272987 -4.4929559062754224e-05 0.0038589177653193477 -0.00024685631069587544 -0.0013362893240160443 -0.0012282643957795311
leaf_weight=9.9999999999999982 65 91 75 353 96 18 27 125 14.999999999999998 2266 17 82 28 42
leaf_count=10 65 91 75 353 96 18 27 125 15 2266 17 82 28 42
internal_value=-9.4036e-08 -4.3446e-05 0.000126572 0.000388909 0.00107519 -0.000409666 -2.5448e-05 -0.000261056 0.00217561 5.60143e-06 0.000971118 0.000458176 0.000276505 6.24166e-05
internal_weight=3310 2466 844 567 214 277 212 194 90 2375 109 99 124 167
internal_count=3310 2466 844 567 214 277 212 194 90 2375 109 99 124 167
cat_boundaries=0 1 2
cat_threshold=521 8
is_linear=0
shrinkage=0.05


Tree=234
num_leaves=15
num_cat=1
split_feature=2 6 2 1 4 6 2 7 0 1 9 2 2 5
split_gain=0.00736284 0.0451592 0.05868 0.0714013 0.172247 0.0298459 0.0245396 0.0268665 0.0240655 0.03832 0.0429694 0.0359122 0.0478207 0.0330355
threshold=17.500000000000004 0.25637000000000004 19.500000000000004 3.5000000000000004 0.17752500000000002 0.24681500000000003 24.500000000000004 0.26803500000000008 0 4.5000000000000009 0.10525827156552973 22.500000000000004 29.500000000000004 0.22786000000000003
decision_type=2 2 2 2 2 2 2 2 1 2 2 2 2 2
left_child=-1 2 3 -2 -5 8 7 -3 -4 11 -11 -10 13 -13
right_child=1 6 5 4 -6 -7 -8 -9 9 10 -12 12 -14 -15
leaf_value=-4.2543524566208365e-05 0.00041111446855133995 -0.0022611366002820432 -0.00030074331066966162 -0.00034687204596896959 0.007111112455822877 0.0021105086700500624 -0.00014887700867470037 -0.00016966229470978891 -0.00075330213885260473 0.00063827161011951322 -0.0018393260341690622 0.0031266626025575938 0.00038932039965099347 0.00085906153143351443
leaf_weight=2500 47 34 214 15.000000000000002 15.999999999999998 19 164 28 33 35 35 36 105 29
leaf_count=2500 47 34 214 15 16 19 164 28 33 35 35 36 105 29
internal_value=-9.61218e-08 0.000130914 0.00036316 0.00163971 0.00350241 0.000166381 -0.000469226 -0.0013166 9.05316e-05 0.000393835 -0.000600527 0.00075612 0.00104913 0.00211496
internal_weight=3310 810 584 78 31 506 226 62 487 273 70 203 170 65
internal_count=3310 810 584 78 31 506 226 62 487 273 70 203 170 65
cat_boundaries=0 1
cat_threshold=568
is_linear=0
shrinkage=0.05


Tree=235
num_leaves=15
num_cat=0
split_feature=1 2 2 3 6 3 6 4 9 7 4 7 2 4
split_gain=0.00730674 0.0286434 0.0698704 0.0493576 0.0403166 0.0482195 0.0371444 0.0574876 0.0313321 0.0430427 0.0373545 0.0353211 0.0427383 0.0316002
threshold=5.5000000000000009 3.5000000000000004 1.5000000000000002 0.20883000000000004 0.47538000000000008 0.23607000000000003 0.28196000000000004 0.29542000000000007 0.14287257939191042 0.23325785714285716 0.24651000000000003 0.2413707142857143 8.5000000000000018 0.23395500000000002
decision_type=2 2 2 2 2 2 2 2 2 2 2 2 2 2
left_child=-1 2 -2 -4 8 -6 7 -5 11 -10 -11 -3 -13 -14
right_child=1 4 3 6 5 -7 -8 -9 9 10 -12 12 13 -15
leaf_value=-3.0357666082652583e-05 -0.00068539300817064945 0.00045590388635802714 0.0042931836988667361 -9.4376419755545503e-06 -0.00055568568372669114 0.0034895696759443076 -0.00039340877874998289 0.0051023835612630311 -0.0029520087060518566 0.0018918192835241958 -0.0011904414311257744 -0.0021830802808064181 -0.0020325692272028669 0.0008050317247398197
leaf_weight=2840 40 185 17 11.000000000000002 13.000000000000002 17 21 10.999999999999998 22 13.999999999999998 33 33 12.999999999999998 40
leaf_count=2840 40 185 17 11 13 17 21 11 22 14 33 33 13 40
internal_value=-1.36746e-07 0.000182475 0.000933292 0.00201242 -2.04489e-05 0.00173663 0.00111072 0.00254647 -0.000175485 -0.00112671 -0.000272321 6.67101e-05 -0.000770509 0.000109016
internal_weight=3310 470 100 60 370 30 43 22 340 69 47 271 86 53
internal_count=3310 470 100 60 370 30 43 22 340 69 47 271 86 53
is_linear=0
shrinkage=0.05


Tree=236
num_leaves=15
num_cat=0
split_feature=4 7 4 2 2 4 2 1 9 6 6 4 2 4
split_gain=0.00730538 0.028748 0.0493336 0.0236266 0.0412651 0.0234169 0.0368585 0.0429069 0.0318253 0.0300239 0.0249832 0.0331262 0.0626762 0.0321098
threshold=0.10490500000000001 0.22242428571428577 0.096080000000000013 13.500000000000002 3.5000000000000004 0.13097500000000004 1.5000000000000002 1.5000000000000002 0.104944371547347 0.47538000000000008 0.41131000000000006 0.13307000000000005 7.5000000000000009 0.49582000000000004
decision_type=2 2 2 2 2 2 2 2 2 2 2 2 2 2
left_child=1 -1 3 4 -3 6 7 -2 -9 -8 11 12 -7 -12
right_child=5 2 -4 -5 -6 10 9 8 -10 -11 13 -13 -14 -15
leaf_value=-2.2925497433634405e-05 9.0275696895428394e-05 0.001846651583909988 0.003227808939700481 0.0015654083093977534 -0.0022011484084513916 0.0047256331552158705 -0.00030768310024940183 -0.0010918554190235831 -0.0045464906127502527 0.0023544545835730707 -0.0002800936991059793 5.0872656230256655e-05 0.0001678530303858376 -0.0022892335429787638
leaf_weight=241 19 10.000000000000002 20 20 17 10.999999999999998 285 12.000000000000002 14.999999999999998 10.999999999999998 207 2396 24 22
leaf_count=241 19 10 20 20 17 11 285 12 15 11 207 2396 24 22
internal_value=-1.29906e-07 0.000231774 0.00114793 0.000262876 -0.000701963 -2.39228e-05 -0.000413377 -0.0017301 -0.0030111 -0.000208752 2.61499e-05 7.31803e-05 0.0016003 -0.000473112
internal_weight=3310 308 67 47 27 3002 342 46 27 296 2660 2431 35 229
internal_count=3310 308 67 47 27 3002 342 46 27 296 2660 2431 35 229
is_linear=0
shrinkage=0.05


Tree=237
num_leaves=15
num_cat=0
split_feature=3 8 8 7 7 8 3 9 2 8 1 1 3 2
split_gain=0.0071433 0.0243339 0.0335891 0.0248965 0.0216699 0.0212306 0.0265386 0.0919569 0.0560634 0.0254356 0.0263406 0.0332589 0.0543547 0.0248499
threshold=0.14842500000000003 0.3050325000000001 0.27979785714285721 0.1936064285714286 0.26596428571428582 0.26562535714285723 0.14294500000000002 0.12674689083704185 5.5000000000000009 0.23310410714285718 4.5000000000000009 3.5000000000000004 0.10318000000000001 3.5000000000000004
decision_type=2 2 2 2 2 2 2 2 2 2 2 2 2 2
left_child=1 2 5 -4 -3 6 9 -8 -9 10 11 -1 -13 -12
right_child=-2 4 3 -5 -6 -7 7 8 -10 -11 13 12 -14 -15
leaf_value=0.00019459290234597623 -4.5181451668309849e-05 -0.00013987023132638288 4.1727431622954692e-05 0.0029819029849022629 -0.0032357978099025785 -0.0013624373386846855 -0.00016704057039330819 0.0065494931582361447 0.0013767258348790085 -0.00073670042349311359 0.00077969310966889476 0.0043045628457688374 0.00066780360401916912 -0.00070599554365594671
leaf_weight=447 2405 13.000000000000002 12.000000000000002 18 9.9999999999999982 24 45 10.000000000000002 10.999999999999998 88 36 12.999999999999998 49 129
leaf_count=447 2405 13 12 18 10 24 45 10 11 88 36 13 49 129
internal_value=-1.23412e-07 0.000119616 0.000161484 0.00180583 -0.00148593 0.000103585 0.000146078 0.00110791 0.00383995 6.27698e-05 0.000167152 0.000345117 0.00143035 -0.000381845
internal_weight=3310 905 882 30 23 852 828 66 21 762 674 509 62 165
internal_count=3310 905 882 30 23 852 828 66 21 762 674 509 62 165
is_linear=0
shrinkage=0.05


Tree=238
num_leaves=15
num_cat=0
split_feature=8 3 8 7 9 7 5 7 4 3 7 8 4 4
split_gain=0.00734702 0.0236118 0.0421431 0.0213867 0.0387197 0.0185928 0.0350108 0.0213329 0.0327848 0.040651 0.0224245 0.0317702 0.0277755 0.0521966
threshold=0.1826353571428572 0.077775000000000025 0.15310517857142858 0.26489571428571435 0.1461891399693698 0.12327857142857145 0.17218000000000003 0.13490000000000005 0.12346000000000001 0.14294500000000002 0.14486571428571432 0.24411482142857147 0.10633000000000002 0.11845000000000001
decision_type=2 2 2 2 2 2 2 2 2 2 2 2 2 2
left_child=1 2 -1 4 -3 6 -2 8 -7 -10 11 -9 -12 -14
right_child=5 3 -4 -5 -6 7 -8 10 9 -11 12 -13 13 -15
leaf_value=0.0036846556446769024 0.00089667790054686757 -0.00022841481453278047 -0.00013568514425839698 -0.0019639151779676256 0.0023431133292615416 -0.0011426209937781095 -0.0017320148825666895 -0.00039842936428303419 0.00049458135507025175 0.00397287425668245 0.00071962109553472449 -0.0035020506195724017 -0.0014379537423762183 5.6165431384918057e-05
leaf_weight=10.999999999999998 19 607 21 17 14.999999999999998 11.999999999999998 38 47 21 13.999999999999998 150 9.9999999999999982 60 2268
leaf_count=11 19 607 21 17 15 12 38 47 21 14 150 10 60 2268
internal_value=-1.1724e-07 -0.000147848 0.00117756 -0.000214222 -0.0001664 3.74452e-05 -0.000855784 5.7164e-05 0.00111266 0.0018859 3.75947e-05 -0.000942924 6.0149e-05 1.76572e-05
internal_weight=3310 671 32 639 622 2639 57 2582 47 35 2535 57 2478 2328
internal_count=3310 671 32 639 622 2639 57 2582 47 35 2535 57 2478 2328
is_linear=0
shrinkage=0.05


Tree=239
num_leaves=15
num_cat=0
split_feature=3 6 6 4 8 7 3 5 9 1 4 5 6 5
split_gain=0.00705567 0.00932579 0.0400739 0.0385082 0.0375591 0.0312797 0.0433939 0.0604475 0.0309153 0.0292685 0.0277873 0.0268094 0.0264062 0.0606127
threshold=0.86634500000000014 0.41131000000000006 0.42052500000000009 0.51845000000000019 0.37676446428571436 0.27229357142857152 0.25185500000000005 0.22268000000000002 0.12146982085147397 2.5000000000000004 0.12127 0.20494000000000004 0.33559000000000005 0.37460000000000004
decision_type=2 2 2 2 2 2 2 2 2 2 2 2 2 2
left_child=1 12 -3 4 5 8 7 -7 11 -8 -10 -4 -1 -14
right_child=-2 2 3 -5 -6 6 9 -9 10 -11 -12 -13 13 -15
leaf_value=-1.010247404733962e-05 -0.0012643231586976485 -0.0022291932633379473 -0.00061652515731494583 -0.0022455813534753891 0.0030943985376507047 0.0055261867027729733 -0.0015597754177992772 0.00035546394647099081 0.0013334070798009636 0.0010017025698390272 -0.0012280143916399942 0.0020062083867378533 0.00026221840805307179 0.0029426457913359627
leaf_weight=2838 10.999999999999998 24 19 19 9.9999999999999982 10.000000000000002 19 12.999999999999998 11.999999999999998 27 90 20 174 24
leaf_count=2838 11 24 19 19 10 10 19 13 12 27 90 20 174 24
internal_value=-1.11377e-07 4.10394e-06 -0.00028152 -8.59378e-05 0.000100577 -4.19861e-05 0.000830335 0.0026036 -0.000468867 -5.62992e-05 -0.000926671 0.000728466 2.88467e-05 0.000587119
internal_weight=3310 3299 263 239 220 210 69 23 141 46 102 39 3036 198
internal_count=3310 3299 263 239 220 210 69 23 141 46 102 39 3036 198
is_linear=0
shrinkage=0.05


Tree=240
num_leaves=15
num_cat=1
split_feature=6 8 2 8 8 6 9 6 0 2 5 8 9 5
split_gain=0.00694804 0.00876465 0.00728163 0.0318307 0.0674734 0.185533 0.0699351 0.0469037 0.0444663 0.0422382 0.0851791 0.0542772 0.0636117 0.0456345
threshold=0.063415000000000013 0.21389321428571431 7.5000000000000009 0.23148839285714287 0.22551375000000004 0.28734000000000004 0.1353593378262801 0.10010500000000001 0 5.5000000000000009 0.24138000000000001 0.21451982142857143 0.10814830730875948 0.18199500000000005
decision_type=2 2 2 2 2 2 2 2 1 2 2 2 2 2
left_child=1 -1 3 4 9 6 -6 -5 -9 -2 13 12 -12 -11
right_child=2 -3 -4 7 5 -7 -8 8 -10 10 11 -13 -14 -15
leaf_value=-0.00023533661260444205 -5.181919210434867e-05 -0.001931184616405517 -5.8176969677939378e-05 -0.0030451615008392505 -0.00091420058992558299 0.006327381149372634 0.0033804948504369426 -0.00092619694919311301 0.00011196170196003539 0.00086145928987223252 -0.00096848442811857535 0.006190314730629325 0.0042955091805197297 -0.0010042566282209009
leaf_weight=32 580 9.9999999999999982 1827 13.999999999999998 35 17 12.999999999999998 122 467 114 11.000000000000002 9.9999999999999982 11.999999999999998 46
leaf_count=32 580 10 1827 14 35 17 13 122 467 114 11 10 12 46
internal_value=-1.05808e-07 -0.00063911 8.10661e-06 9.21455e-05 0.000291487 0.00183869 0.000248946 -0.000184883 -0.000116897 0.000161386 0.000802106 0.00311503 0.00177795 0.000325066
internal_weight=3310 42 3268 1441 838 65 48 603 589 773 193 33 23 160
internal_count=3310 42 3268 1441 838 65 48 603 589 773 193 33 23 160
cat_boundaries=0 1
cat_threshold=801
is_linear=0
shrinkage=0.05


Tree=241
num_leaves=15
num_cat=2
split_feature=8 8 0 5 6 0 6 5 4 6 7 5 5 6
split_gain=0.0072586 0.0542269 0.0420262 0.112446 0.132586 0.0412432 0.0305411 0.0303135 0.039541 0.0605388 0.0539027 0.0640106 0.0523591 0.0670899
threshold=0.25956767857142865 0.25412017857142866 0 0.13390000000000002 0.28592500000000004 1 0.30256500000000003 0.39858500000000002 0.36548500000000006 0.41772500000000007 0.31009500000000007 0.23743000000000003 0.28796000000000005 0.33559000000000005
decision_type=2 2 1 2 2 1 2 2 2 2 2 2 2 2
left_child=1 2 3 -1 -5 -2 -3 8 12 10 -10 -12 -7 -14
right_child=5 6 -4 4 -6 7 -8 -9 9 -11 11 -13 13 -15
leaf_value=0.0044977810086780472 -0.00024490353431808477 -0.00073965237875069892 -4.5556821047578066e-05 -0.00069485327484370731 0.0041029022624974867 -9.7844467132930015e-05 -0.0029137265718808133 -0.00035090275446039059 0.0034184914189264986 -0.0016961799056913992 0.0025735029506644687 -0.00090734407375566654 0.00031047581051964136 0.0035819343924522401
leaf_weight=19 395 70 2266 72 18 187 21 92 37 12.999999999999998 28 25 42 25
leaf_count=19 395 70 2266 72 18 187 21 92 37 13 28 25 42 25
internal_value=-2.23516e-07 -4.35404e-05 2.35508e-06 0.000918325 0.000264698 0.00012634 -0.00124136 0.000448402 0.000666946 0.00149328 0.00195399 0.000931594 0.000331856 0.00153117
internal_weight=3310 2466 2375 109 90 844 91 449 357 103 90 53 254 67
internal_count=3310 2466 2375 109 90 844 91 449 357 103 90 53 254 67
cat_boundaries=0 1 2
cat_threshold=8 585
is_linear=0
shrinkage=0.05


Tree=242
num_leaves=15
num_cat=0
split_feature=2 6 2 9 8 6 3 7 7 6 9 8 9 5
split_gain=0.00725614 0.0398456 0.0525333 0.0659306 0.0474957 0.0260572 0.024226 0.0263327 0.0339257 0.025986 0.0221984 0.0324659 0.0263585 0.0372512
threshold=17.500000000000004 0.25637000000000004 19.500000000000004 0.10814830730875948 0.25577000000000005 0.24681500000000003 0.19653500000000004 0.23614428571428575 0.25662071428571437 0.27170000000000005 0.064830907385739184 0.22990607142857147 0.075433900013946301 0.24377500000000005
decision_type=2 2 2 2 2 2 2 2 2 2 2 2 2 2
left_child=10 2 3 -2 -5 -4 -3 -8 -9 -10 11 -1 13 -12
right_child=1 6 5 4 -6 -7 7 8 9 -11 12 -13 -14 -15
leaf_value=0.00014949596391491179 0.00058668155473208538 0.00020834963822350156 9.0896625548167402e-05 0.0061543603067878956 0.0016902530691228234 0.0019783143689365763 -0.0019118920278099435 0.0017860620096325876 0.0010759139883642396 -0.0012295844481603566 -0.00098901561240305144 0.0016656583439236365 -4.8544988311632621e-05 0.00059249687449967805
leaf_weight=373 54 89 487 11.000000000000002 12.999999999999998 19 41 14.999999999999998 14.999999999999998 66 166 39 1874 48
leaf_count=373 54 89 487 11 13 19 41 15 15 66 166 39 1874 48
internal_value=-2.56218e-07 0.000129802 0.000347957 0.0015558 0.0037363 0.000161768 -0.000433926 -0.000851172 -0.000398156 -0.00080264 -4.2395e-05 0.000293016 -0.000108578 -0.000634284
internal_weight=3310 810 584 78 24 506 226 137 96 81 2500 412 2088 214
internal_count=3310 810 584 78 24 506 226 137 96 81 2500 412 2088 214
is_linear=0
shrinkage=0.05


Tree=243
num_leaves=15
num_cat=0
split_feature=8 8 7 3 8 8 3 7 2 7 2 7 8 3
split_gain=0.00692315 0.0114175 0.0364032 0.0329937 0.0125077 0.0135034 0.0439962 0.0157357 0.0239049 0.0188818 0.0425899 0.0593599 0.0271177 0.0185964
threshold=0.12864107142857145 0.1367764285714286 0.13670785714285719 0.13141500000000003 0.14726535714285716 0.15219910714285717 0.10152500000000002 0.12942571428571434 20.500000000000004 0.13670785714285719 6.5000000000000009 0.13397571428571431 0.17094446428571433 0.12060500000000002
decision_type=2 2 2 2 2 2 2 2 2 2 2 2 2 2
left_child=-1 2 3 -2 -3 6 -6 8 -7 10 11 -9 -12 -11
right_child=1 4 -4 -5 5 7 -8 9 -10 13 12 -13 -14 -15
leaf_value=-0.0011097694345932854 0.0029744991132726064 -0.00067211207360083213 -0.001809651404619217 -0.00029448159665872273 0.0037928460491821175 -0.00070545283681179853 -5.3167005936647286e-05 0.00053798192529939113 0.0017213008070195266 0.00037741998510617229 0.0012217646964606556 0.005448680960107595 -0.0015270566855753332 -3.9225447647336481e-05
leaf_weight=13.999999999999998 19 69 9.9999999999999982 12.999999999999998 9.9999999999999982 131 29 16.000000000000004 10.999999999999998 298 17 9.9999999999999982 19 2644
leaf_count=14 19 69 10 13 10 131 29 16 11 298 17 10 19 2644
internal_value=-2.43407e-07 4.46939e-06 0.000823588 0.00164648 -6.10314e-06 8.32531e-06 0.00093299 -3.13748e-06 -0.000517465 2.11749e-05 0.000884685 0.00242671 -0.000229002 2.97725e-06
internal_weight=3310 3296 42 32 3254 3185 39 3146 142 3004 62 26 36 2942
internal_count=3310 3296 42 32 3254 3185 39 3146 142 3004 62 26 36 2942
is_linear=0
shrinkage=0.05


Tree=244
num_leaves=15
num_cat=1
split_feature=1 4 7 0 7 6 6 2 9 4 6 2 2 8
split_gain=0.00708934 0.0258496 0.0629355 0.0406039 0.0343414 0.0315269 0.0561162 0.0382077 0.0313222 0.056147 0.0307488 0.0459067 0.0264575 0.0521247
threshold=5.5000000000000009 0.19958000000000001 0.28093142857142867 0 0.24642214285714287 0.29542000000000007 0.42963000000000007 5.5000000000000009 0.095328239587811267 0.28196000000000004 0.1867 3.5000000000000004 7.5000000000000009 0.22350392857142862
decision_type=2 2 2 1 2 2 2 2 2 2 2 2 2 2
left_child=-1 2 4 10 12 8 7 -7 -5 -10 -3 -12 13 -2
right_child=1 3 -4 5 -6 6 -8 -9 9 -11 11 -13 -14 -15
leaf_value=-2.9999169891403065e-05 0.00062490064469683504 0.00020943345761307601 0.0038966622951972698 8.5004614811623474e-05 -0.0020653126653856955 -0.0032689306583693796 0.0016418290689018803 -0.00037965565653783935 0.0049444853328168394 0.00096803627776629892 0.00034773971807832522 -0.0023041039101514677 1.2544321668285289e-05 0.0042193120751737581
leaf_weight=2840 45 44 13.999999999999998 58 12.999999999999998 17 23 35 10.999999999999998 46 24 51 76 12.999999999999998
leaf_count=2840 45 44 14 58 13 17 23 35 11 46 24 51 76 13
internal_value=-2.31233e-07 0.000179643 0.000693349 -8.80159e-05 0.000388271 0.000363758 -0.000414636 -0.00132423 0.000903037 0.00173542 -0.000774794 -0.00145551 0.000626306 0.00143054
internal_weight=3310 470 161 309 147 190 75 52 115 57 119 75 134 58
internal_count=3310 470 161 309 147 190 75 52 115 57 119 75 134 58
cat_boundaries=0 1
cat_threshold=389
is_linear=0
shrinkage=0.05


Tree=245
num_leaves=15
num_cat=2
split_feature=8 8 0 9 5 0 9 9 2 3 1 3 2 2
split_gain=0.00680289 0.049912 0.0467075 0.136053 0.0712513 0.0376346 0.037972 0.0473546 0.0491031 0.0328415 0.0366558 0.0339117 0.0296722 0.0341007
threshold=0.25956767857142865 0.25223642857142864 0 0.087381450400633651 0.13390000000000002 1 0.085795794359005029 0.12543893593683134 26.500000000000004 0.14294500000000002 4.5000000000000009 0.28126500000000004 22.500000000000004 2.5000000000000004
decision_type=2 2 1 2 2 1 2 2 2 2 2 2 2 2
left_child=1 2 3 -1 -5 6 -2 8 -8 -6 -11 -12 13 -3
right_child=5 12 -4 4 9 -7 7 -9 -10 10 11 -13 -14 -15
leaf_value=0.0066417795955203479 -0.002256839532690885 0.00049330320907756684 -3.9151421581445628e-05 0.0034303728326716847 -0.0020867123460287557 0.00042993197362024892 0.00041665324703596228 -0.00036830662632452848 0.0038808079472241494 -0.00048495498367862109 0.004206729657016693 8.898431085981429e-05 0.00055239793108194141 -0.0018013752282679302
leaf_weight=9.9999999999999982 22 20 2233 17 17 449 48 312 12.999999999999998 39 10.000000000000002 9.9999999999999982 25 85
leaf_count=10 22 20 2233 17 17 449 48 312 13 39 10 10 25 85
internal_value=-2.19669e-07 -4.21547e-05 1.09107e-05 0.00100269 0.000504152 0.000122306 -0.000232376 -0.000119201 0.00115492 -0.000150398 0.000407524 0.00214786 -0.000995699 -0.00136429
internal_weight=3310 2466 2336 103 93 844 395 373 61 76 59 20 130 105
internal_count=3310 2466 2336 103 93 844 395 373 61 76 59 20 130 105
cat_boundaries=0 1 2
cat_threshold=8 585
is_linear=0
shrinkage=0.05


Tree=246
num_leaves=15
num_cat=0
split_feature=1 2 2 3 3 7 3 7 2 9 9 6 8 6
split_gain=0.00682714 0.0195091 0.0338947 0.0208493 0.0188931 0.0179385 0.0476186 0.0330011 0.0265324 0.0226086 0.0398369 0.0312476 0.0397973 0.0363226
threshold=1.0000000180025095e-35 2.5000000000000004 1.0000000180025095e-35 0.19368000000000005 0.15080000000000002 0.36023071428571435 0.54945500000000014 0.33116857142857142 9.5000000000000018 0.14384380884376827 0.13744394304266347 0.144595 0.16995928571428573 0.22952500000000001
decision_type=2 2 2 2 2 2 2 2 2 2 2 2 2 2
left_child=1 2 3 4 -1 7 -7 9 -9 10 11 12 -3 -13
right_child=-2 5 -4 -5 -6 6 -8 8 -10 -11 -12 13 -14 -15
leaf_value=0.00071268304434072747 -2.9361929751152738e-05 -0.00041889786344571889 0.0037136474778526464 0.0018571758086181945 -0.0021328457491472364 0.0025990038971594048 -0.0014619426473721185 -0.0037915003579109896 -0.00041940647476751891 -0.00080615892602817424 0.0027756565211651228 -0.00077338904052708503 0.0023436352130374871 0.00046940185513813049
leaf_weight=14.000000000000002 2840 22 9.9999999999999982 15.999999999999998 9.9999999999999982 21 10.999999999999998 10.000000000000002 13.999999999999998 59 14.999999999999998 111 32 125
leaf_count=14 2840 22 10 16 10 21 11 10 14 59 15 111 32 125
internal_value=-1.4966e-07 0.000176367 0.00111001 0.000459098 -0.000472954 6.52193e-05 0.00120305 -2.86227e-05 -0.00182445 8.97832e-05 0.000263097 0.000133137 0.00121816 -0.000115131
internal_weight=3310 470 50 40 24 420 32 388 24 364 305 290 54 236
internal_count=3310 470 50 40 24 420 32 388 24 364 305 290 54 236
is_linear=0
shrinkage=0.05


Tree=247
num_leaves=15
num_cat=1
split_feature=3 6 6 4 8 9 9 6 9 8 9 9 9 0
split_gain=0.00678006 0.00870848 0.0346124 0.0334328 0.0335987 0.0258203 0.0990987 0.0276401 0.0437363 0.0403767 0.0346352 0.0628544 0.0314024 0.0238856
threshold=0.86634500000000014 0.41131000000000006 0.42052500000000009 0.51845000000000019 0.37676446428571436 0.14963003077371811 0.1446366515606495 0.49053500000000005 0.096609886682660281 0.25120535714285719 0.11192779463868466 0.12294945711097241 0.1288364776979341 0
decision_type=2 2 2 2 2 2 2 2 2 2 2 2 2 1
left_child=1 13 -3 4 5 6 7 8 -4 12 -10 -12 -9 -1
right_child=-2 2 3 -5 -6 -7 -8 9 10 -11 11 -13 -14 -15
leaf_value=0.00025423091915717982 -0.001239417213946581 -0.0020821129883794739 0.0037265203427523375 -0.0021025472155183945 0.0029151205625385047 -0.00072363675962311825 0.0043700056356361268 -0.00075532031723445168 -0.0023613670671528038 -0.0021185723020607839 0.0037215547335411724 -0.00095011036222179737 0.0026015838311815808 -5.8568790362120036e-05
leaf_weight=833 10.999999999999998 24 9.9999999999999982 19 9.9999999999999982 85 13.999999999999998 19.000000000000004 10.999999999999998 30 12.000000000000002 18 10.999999999999998 2203
leaf_count=833 11 24 10 19 10 85 14 19 11 30 12 18 11 2203
internal_value=-1.42176e-07 3.98999e-06 -0.000272019 -9.0252e-05 8.35371e-05 -5.13002e-05 0.000405889 -9.40901e-05 0.000761703 -0.000821514 3.85764e-05 0.000918556 0.000475545 2.78998e-05
internal_weight=3310 3299 263 239 220 210 125 111 51 60 41 30 30 3036
internal_count=3310 3299 263 239 220 210 125 111 51 60 41 30 30 3036
cat_boundaries=0 1
cat_threshold=200
is_linear=0
shrinkage=0.05


Tree=248
num_leaves=15
num_cat=0
split_feature=3 9 7 8 2 5 5 6 3 5 4 4 9 5
split_gain=0.00681126 0.0265473 0.0268005 0.0286361 0.0367057 0.0304561 0.0354608 0.0284978 0.0347472 0.0393832 0.0437193 0.0334483 0.0251407 0.0233776
threshold=0.3660250000000001 0.1353593378262801 0.23325785714285716 0.36282750000000002 2.5000000000000004 0.33523000000000008 0.54074000000000011 0.5236050000000001 0.78033500000000011 0.14629500000000004 0.14545500000000003 0.20358500000000004 0.17189527673305324 0.14466000000000004
decision_type=2 2 2 2 2 2 2 2 2 2 2 2 2 2
left_child=-1 13 -3 4 -4 7 -7 8 9 10 -6 -11 -12 -2
right_child=1 2 3 -5 5 6 -8 -9 -10 11 12 -13 -14 -15
leaf_value=2.6599930715296655e-05 -0.0019399079323713004 -0.0015252811880782247 0.003417366275309839 -0.0013335968301232373 -0.0012505970175632022 0.0034481548442272464 -0.00023966423997824843 0.0020593819885107224 -0.0027382379834307359 -0.0024858675797077012 0.001280550637602573 0.00010953725955914706 0.0044763940936536533 -0.00038263105415185268
leaf_weight=2907 28 20 10.999999999999998 21 10.999999999999998 16.000000000000004 10.999999999999998 15.999999999999998 11.999999999999998 18 16.000000000000004 40 9.9999999999999982 173
leaf_count=2907 28 20 11 21 11 16 11 16 12 18 16 40 10 173
internal_value=-1.0551e-07 -0.000192743 0.000212066 0.000402983 0.000629494 0.00042505 0.00194571 9.12465e-05 -0.000203054 0.00011718 0.00139179 -0.000695933 0.00250972 -0.000599565
internal_weight=3310 403 202 182 161 150 27 123 107 95 37 58 26 201
internal_count=3310 403 202 182 161 150 27 123 107 95 37 58 26 201
is_linear=0
shrinkage=0.05


Tree=249
num_leaves=15
num_cat=0
split_feature=6 2 8 7 2 4 2 3 8 5 4 3 4 7
split_gain=0.00658702 0.00815206 0.0157772 0.0115797 0.00685979 0.0297169 0.0295382 0.0562092 0.0423391 0.039481 0.069178 0.0394346 0.0361598 0.0357719
threshold=0.063415000000000013 9.5000000000000018 0.18328589285714289 0.17682357142857144 7.5000000000000009 0.057795000000000006 9.5000000000000018 0.12205500000000001 0.19049589285714288 0.166135 0.18095000000000003 0.10628500000000002 0.60409000000000013 0.22969214285714287
decision_type=2 2 2 2 2 2 2 2 2 2 2 2 2 2
left_child=1 3 -3 -1 -2 -6 7 8 -7 -8 -11 -10 -12 -9
right_child=4 2 -4 -5 5 6 9 13 11 10 12 -13 -14 -15
leaf_value=-8.7456265464425057e-05 8.946433613734178e-05 -0.0012323998084122481 0.0015116931812372059 -0.0024383452593941582 0.0026617541583254935 -0.00064045886741951111 -0.00030547234071137539 -0.00026321221904109128 0.00070787427570107139 -0.00037819928855191328 0.00046018905549152474 0.0043690613354556264 0.002734525077458885 -0.0014970907934278739
leaf_weight=10.000000000000002 1441 11.000000000000002 9.9999999999999982 10.999999999999998 9.9999999999999982 25 586 119 19.000000000000004 321 601 11.999999999999998 18 116
leaf_count=10 1441 11 10 11 10 25 586 119 19 321 601 12 18 116
internal_value=-1.00235e-07 -0.000622282 7.43111e-05 -0.00131887 7.89598e-06 -5.6439e-05 -7.13988e-05 -0.000533051 0.00089048 1.66359e-05 0.000217439 0.00212511 0.000526325 -0.000872276
internal_weight=3310 42 21 21 3268 1827 1817 291 56 1526 940 31 619 235
internal_count=3310 42 21 21 3268 1827 1817 291 56 1526 940 31 619 235
is_linear=0
shrinkage=0.05


Tree=250
num_leaves=15
num_cat=1
split_feature=1 2 2 3 6 3 6 4 5 6 6 0 4 2
split_gain=0.00656909 0.0237023 0.0625917 0.0410351 0.0336089 0.0419676 0.0320577 0.0515955 0.029646 0.0289028 0.0230168 0.0226161 0.0395016 0.0417063
threshold=5.5000000000000009 3.5000000000000004 1.5000000000000002 0.20883000000000004 0.47538000000000008 0.23607000000000003 0.28196000000000004 0.29542000000000007 0.19577500000000003 0.16599500000000003 0.25013500000000005 0 0.21046000000000001 10.500000000000002
decision_type=2 2 2 2 2 2 2 2 2 2 2 1 2 2
left_child=-1 2 8 -4 9 -6 7 -5 -2 -3 -10 12 -11 -14
right_child=1 4 3 6 5 -7 -8 -9 10 11 -12 -13 13 -15
leaf_value=-2.8750100942924176e-05 0.0016816667583771051 0.00069180542262844166 0.003957026381976903 -3.2315242358229363e-05 -0.00054582833254244166 0.0032280821161454216 -0.00034209818529364256 0.0048104641832072631 -0.00025080074830090298 -4.6833645707617207e-05 -0.0030456396392904797 4.6139496669258462e-05 -0.0033160689692185437 -0.0006477371016444522
leaf_weight=2840 9.9999999999999982 78 17 11.000000000000002 13.000000000000002 17 21 10.999999999999998 17.000000000000004 60 12.999999999999998 143 27 32
leaf_count=2840 10 78 17 11 13 17 21 11 17 60 13 143 27 32
internal_value=-9.52256e-08 0.000173053 0.000856048 0.00187742 -1.15397e-05 0.00159272 0.00105525 0.00238907 -0.000676007 -0.000153092 -0.0014619 -0.000404626 -0.000876523 -0.00186884
internal_weight=3310 470 100 60 370 30 43 22 40 340 30 262 119 59
internal_count=3310 470 100 60 370 30 43 22 40 340 30 262 119 59
cat_boundaries=0 1
cat_threshold=677
is_linear=0
shrinkage=0.05


Tree=251
num_leaves=15
num_cat=1
split_feature=7 7 0 1 4 9 9 6 5 5 8 9 2 1
split_gain=0.00641148 0.0232734 0.0754998 0.0597859 0.0859139 0.0669518 0.0519107 0.0687666 0.0396896 0.0388728 0.0375465 0.0408953 0.0691347 0.0353132
threshold=0.15658071428571432 0.17960071428571434 0 4.5000000000000009 0.160195 0.1072930666694608 0.085795794359005029 0.17068000000000003 0.21835000000000002 0.19219000000000003 0.2280001785714286 0.10662010431941517 10.500000000000002 3.5000000000000004
decision_type=2 2 1 2 2 2 2 2 2 2 2 2 2 2
left_child=-1 2 6 10 5 -5 7 -2 -9 -6 11 13 -13 -4
right_child=1 -3 3 4 9 -7 -8 8 -10 -11 -12 12 -14 -15
leaf_value=-0.00015105756152667616 -0.0012212756870163455 -2.9995216518368535e-05 4.6801279941891243e-05 0.0022112686187028877 -0.0015603491299164794 0.0077507865964435048 -0.0017923561647317878 0.00075677424055439508 0.0045558000588789586 0.0019250150154221048 -0.0010360788726913078 0.0035597284823389989 -0.00074355107499286539 0.0021318122967689608
leaf_weight=580 37 2313 132 12.000000000000002 11.999999999999998 9.9999999999999982 57 22 9.9999999999999982 24 35 28 13.999999999999998 24
leaf_count=580 37 2313 132 12 12 10 57 22 10 24 35 28 14 24
internal_value=-8.34874e-08 3.19916e-05 0.000375818 0.000803523 0.00226757 0.00472923 -0.000626062 0.000246664 0.00194397 0.000763227 0.000473567 0.000740424 0.0021253 0.000367572
internal_weight=3310 2730 417 291 58 22 126 69 32 36 233 198 42 156
internal_count=3310 2730 417 291 58 22 126 69 32 36 233 198 42 156
cat_boundaries=0 1
cat_threshold=584
is_linear=0
shrinkage=0.05


Tree=252
num_leaves=15
num_cat=1
split_feature=3 2 7 7 0 1 4 9 9 6 1 5 3 6
split_gain=0.0065343 0.012187 0.00830272 0.0210467 0.0671191 0.0538992 0.0775373 0.060424 0.0476664 0.0649929 0.0417018 0.0350827 0.0546692 0.0348506
threshold=0.057795000000000006 4.5000000000000009 0.15658071428571432 0.17960071428571434 0 4.5000000000000009 0.160195 0.1072930666694608 0.085795794359005029 0.172015 4.5000000000000009 0.19219000000000003 0.16428500000000004 0.29994000000000004
decision_type=2 2 2 2 1 2 2 2 2 2 2 2 2 2
left_child=1 -1 -2 4 8 13 7 -7 9 -4 -11 -8 -13 -6
right_child=2 -3 3 -5 5 6 11 -9 -10 10 -12 12 -14 -15
leaf_value=0.001965007273247465 -0.00018077590995725404 -0.00014287599769886584 -0.0010961228191215349 -2.8953529366924308e-05 0.00071475586767822579 0.0021007052506320173 -0.0014823316324812672 0.0073632471822202205 -0.0017027383697782888 0.00056470870557758532 0.0044723409397358247 0.0046523430105298745 -0.0001880778290797025 -0.00098052195389755083
leaf_weight=12.000000000000002 566 15.999999999999998 38 2306 192 12.000000000000002 11.999999999999998 9.9999999999999982 57 18.000000000000004 10.999999999999998 10.000000000000002 13.999999999999998 36
leaf_count=12 566 16 38 2306 192 12 12 10 57 18 11 10 14 36
internal_value=-7.93195e-08 0.000760503 -6.56813e-06 2.97358e-05 0.000359828 0.000766478 0.00215419 0.00449277 -0.000592151 0.000264296 0.00204691 0.000725066 0.00182876 0.00044708
internal_weight=3310 28 3282 2716 410 286 58 22 124 67 29 36 24 228
internal_count=3310 28 3282 2716 410 286 58 22 124 67 29 36 24 228
cat_boundaries=0 1
cat_threshold=584
is_linear=0
shrinkage=0.05


Tree=253
num_leaves=15
num_cat=0
split_feature=1 2 2 8 9 8 8 7 6 2 5 9 2 4
split_gain=0.00652589 0.0189508 0.0236848 0.0490534 0.0504835 0.0699266 0.0331694 0.0260138 0.0301312 0.0458805 0.0242877 0.024231 0.0227215 0.0203948
threshold=1.0000000180025095e-35 5.5000000000000009 9.5000000000000018 0.2349307142857143 0.11511149865323091 0.21790321428571433 0.28053214285714295 0.19505785714285714 0.19789000000000004 27.500000000000004 0.14055000000000004 0.082571859637685804 10.500000000000002 0.24893000000000001
decision_type=2 2 2 2 2 2 2 2 2 2 2 2 2 2
left_child=1 13 3 4 5 10 -5 -4 -9 12 -3 -12 -10 -1
right_child=-2 2 7 6 -6 -7 -8 8 9 -11 11 -13 -14 -15
leaf_value=0.0012058218129209013 -2.8635838278423252e-05 0.0015906182331491437 -0.0004470057306914694 -0.0036648635351513 -0.0022882354555322846 0.004612984266132116 -0.00062945148286720114 -8.2854689437443824e-05 0.0027496081579010938 0.0034256011605612001 -0.0019189929332290038 0.00095092115613321462 9.7659641427786219e-05 -7.2260451917019151e-06
leaf_weight=77 2840 15.999999999999998 81 18 17 9.9999999999999982 18 67 9.9999999999999982 20 19.000000000000004 11.999999999999998 42 63
leaf_count=77 2840 16 81 18 17 10 18 67 10 20 19 12 42 63
internal_value=-7.53508e-08 0.000172503 -3.42929e-05 -0.000633343 0.000103107 0.000816314 -0.00214716 0.000265232 0.000680277 0.00139041 8.51234e-06 -0.000808058 0.00060765 0.00065995
internal_weight=3310 470 330 110 74 57 36 220 139 72 47 31 52 140
internal_count=3310 470 330 110 74 57 36 220 139 72 47 31 52 140
is_linear=0
shrinkage=0.05


Tree=254
num_leaves=15
num_cat=0
split_feature=3 3 5 9 6 7 7 7 7 8 4 4 6 8
split_gain=0.00641756 0.0246699 0.0475821 0.0731011 0.0357183 0.0246321 0.0241313 0.0221556 0.0706155 0.0461116 0.0333946 0.051284 0.0778298 0.128466
threshold=0.24377500000000005 0.23607000000000003 0.18863500000000002 0.09853062772215028 0.16784500000000002 0.1981907142857143 0.15338642857142862 0.23539928571428573 0.23746285714285717 0.26083875000000006 0.13700000000000004 0.24007500000000001 0.16274500000000003 0.19843160714285715
decision_type=2 2 2 2 2 2 2 2 2 2 2 2 2 2
left_child=1 -1 4 5 -3 -4 -2 9 -9 10 -8 12 13 -12
right_child=6 2 3 -5 -6 -7 7 8 -10 -11 11 -13 -14 -15
leaf_value=1.7689350741182439e-05 0.0018313668188056909 0.0018010699795559045 -0.0009100515890168025 0.0045344914309680467 -0.0018587607250083239 0.0019102529886489115 -0.0012267064634643784 0.0036753723800827102 -4.0696458589129132e-05 -0.0021052520716023679 0.00051765569338673031 -0.00092586030361924837 2.5611986295968694e-05 0.0075190764106810096
leaf_weight=2100 15.999999999999998 10.000000000000002 16.000000000000004 17 20 14.999999999999998 68 12.999999999999998 770 38 19.000000000000004 86 112 9.9999999999999982
leaf_count=2100 16 10 16 17 20 15 68 13 770 38 19 86 112 10
internal_value=-7.15882e-08 5.01205e-05 0.000923267 0.00189957 -0.000638817 0.000454612 -9.66426e-05 -0.000124284 2.10007e-05 -0.0004659 -0.00025473 3.64351e-05 0.000623367 0.00293194
internal_weight=3310 2178 78 48 30 31 1132 1116 783 333 295 227 141 29
internal_count=3310 2178 78 48 30 31 1132 1116 783 333 295 227 141 29
is_linear=0
shrinkage=0.05


Tree=255
num_leaves=15
num_cat=1
split_feature=3 7 9 7 9 7 7 0 3 9 5 7 5 5
split_gain=0.00617721 0.0211775 0.0867764 0.0538285 0.0674653 0.0430847 0.0295103 0.0251394 0.0626301 0.0891032 0.0519231 0.0419006 0.0300261 0.0296741
threshold=0.14842500000000003 0.26293071428571435 0.10662010431941517 0.23388785714285718 0.13259050628305744 0.28219928571428576 0.21335142857142861 0 0.14294500000000002 0.12674689083704185 0.076760000000000009 0.15408428571428576 0.16213500000000003 0.31087000000000004
decision_type=2 2 2 2 2 2 2 1 2 2 2 2 2 2
left_child=1 3 -3 6 -5 -4 7 8 11 -10 -9 12 -1 -12
right_child=-2 2 5 4 -6 -7 -8 10 9 -11 13 -13 -14 -15
leaf_value=0.00055060516866173466 -4.1968486968240873e-05 0.0033874193883754993 -0.0034142589637715572 0.00063810970746704413 0.0047131372436914334 -0.00055524303610328331 -0.00097577122152691384 0.0025451399256578751 0.00027964430295729207 0.0062931312713772058 -5.590860430072086e-05 0.00091595422872677186 -0.00097522316159723375 -0.001474584955381366
leaf_weight=56 2405 10.999999999999998 19 37 13.999999999999998 43 61 18 14.000000000000002 10.999999999999998 365 139 76 41
leaf_count=56 2405 11 19 37 14 43 61 18 14 11 365 139 76 41
internal_value=-6.8008e-08 0.000111281 -0.000705271 0.000182925 0.00175674 -0.00143139 8.01535e-05 0.000169614 0.000513641 0.00292558 -8.07652e-05 0.000310091 -0.000327902 -0.000199174
internal_weight=3310 905 73 832 51 62 781 720 296 25 424 271 132 406
internal_count=3310 905 73 832 51 62 781 720 296 25 424 271 132 406
cat_boundaries=0 1
cat_threshold=233
is_linear=0
shrinkage=0.05


Tree=256
num_leaves=15
num_cat=0
split_feature=1 4 2 3 2 2 1 4 1 2 9 3 2 6
split_gain=0.00626655 0.0173447 0.0384642 0.0383007 0.0261501 0.0845717 0.07045 0.0942692 0.0579748 0.11505 0.0821889 0.0570173 0.0569514 0.0560051
threshold=2.5000000000000004 0.095150000000000026 4.5000000000000009 0.23978000000000002 4.5000000000000009 7.5000000000000009 4.5000000000000009 0.14769500000000002 3.5000000000000004 3.5000000000000004 0.083437475586247437 0.14113500000000004 1.0000000180025095e-35 0.28734000000000004
decision_type=2 2 2 2 2 2 2 2 2 2 2 2 2 2
left_child=-1 2 -2 -4 8 6 7 -6 10 12 -3 -8 -10 -14
right_child=1 4 3 -5 5 -7 11 -9 9 -11 -12 -13 13 -15
leaf_value=-7.9926107510424317e-05 0.002829252856059207 0.00049866400407992445 -0.00079856512456899509 0.0026215131563896484 0.0064912030403502284 -5.6865398747767998e-05 -0.0016875812393282693 0.001418784743606395 0.0032677019842796856 -0.0015122529080012041 -0.0019942750471911613 0.00070235353077805493 0.00079314255680808157 -0.00084258180249377468
leaf_weight=1410 18 51 32 10.999999999999998 9.9999999999999982 1039 31 109 18 89 94 128 199 71
leaf_count=1410 18 51 32 11 10 1039 31 109 18 89 94 128 199 71
internal_value=-6.46073e-08 5.9201e-05 0.000888674 7.63386e-05 3.16872e-05 0.000150389 0.000924985 0.00184504 -0.000267797 5.89925e-05 -0.00111745 0.000236391 0.000544551 0.000363008
internal_weight=3310 1900 61 43 1839 1317 278 119 522 377 145 159 288 270
internal_count=3310 1900 61 43 1839 1317 278 119 522 377 145 159 288 270
is_linear=0
shrinkage=0.05


Tree=257
num_leaves=15
num_cat=1
split_feature=8 8 7 1 8 9 9 2 5 9 0 6 4 8
split_gain=0.00630867 0.0101223 0.0325486 0.0187578 0.0110302 0.00927582 0.0350268 0.0321751 0.0237038 0.0174869 0.0627353 0.0597086 0.0885232 0.0862926
threshold=0.12864107142857145 0.1367764285714286 0.13670785714285719 3.5000000000000004 0.14632160714285719 0.062143127852018164 0.053192773107700514 27.500000000000004 0.10010500000000001 0.086372900030653163 0 0.25345500000000004 0.22663000000000003 0.21870750000000003
decision_type=2 2 2 2 2 2 2 2 2 2 1 2 2 2
left_child=-1 2 3 -2 -3 6 -6 8 -8 10 -7 -12 13 -13
right_child=1 4 -4 -5 5 9 7 -9 -10 -11 11 12 -14 -15
leaf_value=-0.0010592041632792512 0.0026909203583593755 -0.00070117940007808754 -0.0017142313020303845 0.00026506081068267427 -0.00019698914808421769 -0.00082803117369555611 -0.001133354338638198 -0.0014215752657037229 0.0010857042666441291 4.3108110449827176e-05 -0.00021401708536584329 0.00072993400671909903 -0.00041949202088599507 0.0046358848039884694
leaf_weight=13.999999999999998 17 56 9.9999999999999982 14.999999999999998 224 265 12.999999999999998 15.999999999999998 162 2131 283 31 47 26
leaf_count=14 17 56 10 15 224 265 13 16 162 2131 283 31 47 26
internal_value=-6.13712e-08 4.43741e-06 0.000775696 0.0015538 -5.51737e-06 6.66433e-06 0.00022718 0.000724635 0.00092086 -2.62189e-05 -0.000252808 0.000158383 0.00118697 0.0025116
internal_weight=3310 3296 42 32 3254 3198 415 191 175 2783 652 387 104 57
internal_count=3310 3296 42 32 3254 3198 415 191 175 2783 652 387 104 57
cat_boundaries=0 1
cat_threshold=582
is_linear=0
shrinkage=0.05


Tree=258
num_leaves=15
num_cat=1
split_feature=3 0 9 8 5 8 8 5 7 3 5 6 6 9
split_gain=0.00627259 0.0280528 0.0287885 0.063953 0.0991252 0.0851395 0.0554626 0.0455147 0.0433745 0.0600902 0.0431219 0.0446661 0.0620317 0.065107
threshold=0.21021000000000004 0 0.13744394304266347 0.3050325000000001 0.29086000000000006 0.28282571428571435 0.33214285714285724 0.47598500000000005 0.24331000000000005 0.179065 0.32386000000000009 0.28734000000000004 0.39249500000000009 0.12294945711097241
decision_type=2 1 2 2 2 2 2 2 2 2 2 2 2 2
left_child=1 2 10 4 8 -6 -5 -8 9 -4 11 -1 13 -13
right_child=-2 -3 3 6 5 -7 7 -9 -10 -11 -12 12 -14 -15
leaf_value=8.6353122269092303e-05 -7.5287333088451026e-05 -8.8350719067498639e-05 0.0040266783791594206 -0.0018980400592634649 0.0067926425176362193 0.0014653688420852027 0.0026930746328281733 -0.0010641047265380621 -0.00060430761271466817 -0.00091413425281643883 -0.0013905450679539215 0.001462453191925306 -0.00066113176395777955 0.0059215484483336866
leaf_weight=405 1511 1136 16.000000000000004 29 15.000000000000002 14.999999999999998 19 13.999999999999998 33 9.9999999999999982 42 32 22 10.999999999999998
leaf_count=405 1511 1136 16 29 15 15 19 14 33 10 42 32 22 11
internal_value=-1.83385e-07 6.28973e-05 0.000318577 0.000930075 0.00178892 0.00412901 -0.000302778 0.00109912 0.00059904 0.00212637 0.000144455 0.000281625 0.00149832 0.00260315
internal_weight=3310 1799 663 151 89 30 62 33 59 26 512 470 65 43
internal_count=3310 1799 663 151 89 30 62 33 59 26 512 470 65 43
cat_boundaries=0 1
cat_threshold=424
is_linear=0
shrinkage=0.05


Tree=259
num_leaves=15
num_cat=0
split_feature=5 2 5 9 5 8 5 1 9 3 4 4 4 4
split_gain=0.00655962 0.0119954 0.00958795 0.0448567 0.0119928 0.0850508 0.0136895 0.0520513 0.01161 0.0176662 0.0307058 0.0130723 0.0118662 0.0291796
threshold=0.77199000000000007 5.5000000000000009 0.64035000000000009 0.14789356553408531 0.57800500000000021 0.28521678571428577 0.54074000000000011 3.5000000000000004 0.25209895137710064 0.72848500000000016 0.21972500000000003 0.15200000000000002 0.36548500000000006 0.35054000000000002
decision_type=2 2 2 2 2 2 2 2 2 2 2 2 2 2
left_child=2 -2 4 -4 6 -6 8 -8 9 12 -11 -10 13 -1
right_child=1 -3 3 -5 5 -7 7 -9 11 10 -12 -13 -14 -15
leaf_value=-1.2052672240660797e-05 0.001941247625897328 -0.00029439541588847836 0.0018430574924092403 -0.0019884402528405191 0.0036319393697859977 -0.0024054741486907007 0.00094673004932701579 -0.0037265683735974811 0.0024239720214973208 -0.0030403921541829514 0.0002311140786332544 0.00031797092940126151 0.00027484940297264107 -0.0014448775282491827
leaf_weight=2740 12 12 10.999999999999998 25 14.000000000000002 9.9999999999999982 13.000000000000002 10.999999999999998 9.9999999999999982 13.000000000000002 15.999999999999998 28 359 36
leaf_count=2740 12 12 11 25 14 10 13 11 10 13 16 28 359 36
internal_value=-1.87566e-07 0.000823426 -6.203e-06 -0.000817705 2.78594e-06 0.00111635 -5.49848e-06 -0.0011952 3.41869e-06 -7.01525e-06 -0.00123542 0.000872182 4.34801e-06 -3.0634e-05
internal_weight=3310 24 3286 36 3250 24 3226 24 3202 3164 29 38 3135 2776
internal_count=3310 24 3286 36 3250 24 3226 24 3202 3164 29 38 3135 2776
is_linear=0
shrinkage=0.05


Tree=260
num_leaves=15
num_cat=0
split_feature=2 6 2 1 4 2 8 3 3 3 6 1 8 2
split_gain=0.00604403 0.0391116 0.0468817 0.0600011 0.143239 0.0207712 0.0283401 0.0253646 0.0204775 0.0241165 0.0204102 0.019669 0.0433829 0.0309456
threshold=17.500000000000004 0.25637000000000004 19.500000000000004 3.5000000000000004 0.17752500000000002 24.500000000000004 0.26663250000000011 0.15656500000000004 0.16239500000000004 0.14842500000000003 0.24681500000000003 4.5000000000000009 0.27979785714285721 22.500000000000004
decision_type=2 2 2 2 2 2 2 2 2 2 2 2 2 2
left_child=-1 2 3 -2 -5 6 7 -3 9 -7 11 13 -13 -4
right_child=1 5 10 4 -6 8 -8 -9 -10 -11 -12 12 -14 -15
leaf_value=-3.8636637741656157e-05 0.00034942861808652179 -0.00041289422449401823 -0.0007768862605095412 -0.00032700070956101013 0.0064740425921627322 0.00012486387839027007 -0.00018454397722962313 -0.0034298686457699852 -0.00045734212546085472 0.0029723439179360871 0.0017664720414598521 -0.00011398302317088979 -0.0030691345022725212 0.00048308013932642029
leaf_weight=2500 47 11.000000000000002 58 15.000000000000002 15.999999999999998 29 32 19 125 9.9999999999999982 19 110 13.999999999999998 305
leaf_count=2500 47 11 58 15 16 29 32 19 125 10 19 110 14 305
internal_value=-1.7819e-07 0.000118521 0.000334657 0.00147568 0.00318322 -0.000439991 -0.00121959 -0.00232364 -0.000145264 0.000854987 0.000158769 9.60452e-05 -0.000447629 0.000281763
internal_weight=3310 810 584 78 31 226 62 30 164 39 506 487 124 363
internal_count=3310 810 584 78 31 226 62 30 164 39 506 487 124 363
is_linear=0
shrinkage=0.05


Tree=261
num_leaves=15
num_cat=0
split_feature=1 6 2 2 6 4 2 3 2 4 2 2 7 4
split_gain=0.00619649 0.0216336 0.0314036 0.0583465 0.022151 0.0526512 0.0385467 0.0337505 0.02997 0.0640906 0.0273207 0.0266773 0.036764 0.0255289
threshold=5.5000000000000009 0.42052500000000009 12.500000000000002 8.5000000000000018 0.29778500000000002 0.20165000000000002 12.500000000000002 0.15880000000000002 3.5000000000000004 0.36548500000000006 1.5000000000000002 8.5000000000000018 0.27688500000000005 0.19700500000000001
decision_type=2 2 2 2 2 2 2 2 2 2 2 2 2 2
left_child=-1 4 3 -3 8 6 -6 -7 9 10 13 -9 -13 -2
right_child=1 2 -4 -5 5 7 -8 11 -10 -11 -12 12 -14 -15
leaf_value=-2.7999625944545014e-05 0.00067723874785264736 0.00074940458563265994 -0.00091234750907612282 0.0050941480905748911 0.003580858168954198 0.0012183068193156611 -0.00070834578480571519 -0.0028384745904865365 -2.5958649219896451e-05 0.0046452161247461021 0.0015744564125391967 -0.0021499326740227198 0.0015597757206044416 -0.002230526714657362
leaf_weight=2840 18.000000000000004 34 14.999999999999998 9.9999999999999982 11.000000000000002 10.999999999999998 9.9999999999999982 30 249 10.999999999999998 30 17.000000000000004 10.999999999999998 12.999999999999998
leaf_count=2840 18 34 15 10 11 11 10 30 249 11 30 17 11 13
internal_value=-1.69275e-07 0.000167997 0.00106332 0.00173685 3.94711e-05 -0.000653758 0.00153838 -0.00132093 0.000233834 0.00113228 0.000498806 -0.00180251 -0.000692547 -0.000542147
internal_weight=3310 470 59 44 411 90 21 69 321 72 61 58 28 31
internal_count=3310 470 59 44 411 90 21 69 321 72 61 58 28 31
is_linear=0
shrinkage=0.05


Tree=262
num_leaves=15
num_cat=0
split_feature=1 4 1 6 6 9 7 6 7 9 3 4 3 8
split_gain=0.00599397 0.0183165 0.0163511 0.0210699 0.0420454 0.0466838 0.0868547 0.0462745 0.0339472 0.0455531 0.0448705 0.0357471 0.0346145 0.0301433
threshold=1.0000000180025095e-35 0.64327000000000012 2.5000000000000004 0.16784500000000002 0.13141500000000003 0.13464469250551306 0.26192857142857151 0.13596000000000003 0.23457928571428574 0.1108157034170555 0.12060500000000002 0.13307000000000005 0.10717500000000001 0.29219339285714291
decision_type=2 2 2 2 2 2 2 2 2 2 2 2 2 2
left_child=1 -1 3 4 13 7 -7 -6 10 11 12 -10 -5 -2
right_child=2 -3 -4 8 5 6 -8 -9 9 -11 -12 -13 -14 -15
leaf_value=0.00021992670008101238 -0.00020717547082496623 -0.0016161633439229002 5.6853591104204259e-05 -0.00050405864199172101 0.0025489948877495611 0.0047259064281307585 8.8679919344545135e-05 -0.00017897162337280942 0.0031415573520851992 -0.00068723571087969974 -0.0014395202135472284 0.00040027007539432402 0.0020666519672993349 -0.0025749491178430617
leaf_weight=456 337 13.999999999999998 1900 57 18 18 23 114 13.999999999999998 111 138 79 17 13.999999999999998
leaf_count=456 337 14 1900 57 18 18 23 114 14 111 138 79 17 14
internal_value=-1.60812e-07 0.000165235 -2.75326e-05 -0.0001981 1.282e-05 0.000650781 0.00212454 0.000193024 -0.000463779 -3.33346e-06 -0.000906849 0.000812937 8.651e-05 -0.000301617
internal_weight=3310 470 2840 940 524 173 41 132 416 204 212 93 74 351
internal_count=3310 470 2840 940 524 173 41 132 416 204 212 93 74 351
is_linear=0
shrinkage=0.05


Tree=263
num_leaves=15
num_cat=0
split_feature=5 2 5 9 5 2 5 1 9 3 4 4 4 6
split_gain=0.00581981 0.0105727 0.0084623 0.040358 0.0107432 0.026731 0.0129665 0.0454367 0.0107919 0.0162163 0.0282255 0.0117724 0.0104364 0.0366574
threshold=0.77199000000000007 5.5000000000000009 0.64035000000000009 0.14789356553408531 0.57800500000000021 6.5000000000000009 0.54074000000000011 3.5000000000000004 0.25209895137710064 0.72848500000000016 0.23637500000000003 0.15200000000000002 0.36548500000000006 0.27737000000000006
decision_type=2 2 2 2 2 2 2 2 2 2 2 2 2 2
left_child=2 -2 4 -4 6 -6 8 -8 9 12 -11 -10 -1 -14
right_child=1 -3 3 -5 5 -7 7 -9 11 10 -12 -13 13 -15
leaf_value=-2.8516046481695676e-05 0.0018250659108161923 -0.0002738108742050826 0.0017556153639981696 -0.0018786755069158973 -0.00075745990245856994 0.0025915378543476648 0.00083813957440165363 -0.0035281324716792866 0.0023136793381127066 -0.0026905059030589954 0.0004311144002713263 0.00031512463299025387 0.00058939319610490425 -0.00051227172844947849
leaf_weight=2776 12 12 10.999999999999998 25 11.000000000000002 12.999999999999998 13.000000000000002 10.999999999999998 9.9999999999999982 15.000000000000002 13.999999999999998 28 251 108
leaf_count=2776 12 12 11 25 11 13 13 11 10 15 14 28 251 108
internal_value=-1.52771e-07 0.000775628 -5.81885e-06 -0.000768198 2.62597e-06 0.00105658 -5.21499e-06 -0.00116307 3.46349e-06 -6.59614e-06 -0.00118352 0.00084106 4.29085e-06 0.000257973
internal_weight=3310 24 3286 36 3250 24 3226 24 3202 3164 29 38 3135 359
internal_count=3310 24 3286 36 3250 24 3226 24 3202 3164 29 38 3135 359
is_linear=0
shrinkage=0.05


Tree=264
num_leaves=15
num_cat=1
split_feature=3 7 9 7 9 7 7 0 3 9 5 7 1 5
split_gain=0.00571828 0.0183441 0.0778652 0.0458894 0.0569111 0.0436745 0.0264696 0.0209946 0.0537983 0.076255 0.0472249 0.03692 0.0270615 0.0269664
threshold=0.14842500000000003 0.26293071428571435 0.10847451434131276 0.23388785714285718 0.13259050628305744 0.28219928571428576 0.21335142857142861 0 0.14294500000000002 0.12674689083704185 0.076760000000000009 0.15408428571428576 1.0000000180025095e-35 0.16213500000000003
decision_type=2 2 2 2 2 2 2 1 2 2 2 2 2 2
left_child=1 3 -3 6 -5 -4 7 8 11 -10 -9 13 -13 -1
right_child=-2 2 5 4 -6 -7 -8 10 9 -11 -12 12 -14 -15
leaf_value=0.00052289569347132258 -4.0459104391950311e-05 0.0030287740752100948 -0.003445097335336161 0.00059938268572590756 0.0043421159049363009 -0.00051165071944164677 -0.00092126779262068081 0.0024389078659522866 0.00026555385972772317 0.0058286142567257311 -0.00017830524853626532 0.0031275452890743814 0.00064349447094696013 -0.00092310091728761202
leaf_weight=56 2405 11.999999999999998 18 37 13.999999999999998 43 61 18 14.000000000000002 10.999999999999998 406 11.999999999999998 127 76
leaf_count=56 2405 12 18 37 14 43 61 18 14 11 406 12 127 76
internal_value=-1.45133e-07 0.000106988 -0.000652979 0.000173667 0.0016268 -0.00137726 7.87765e-05 0.000163502 0.000477821 0.0027133 -6.56488e-05 0.000289228 0.000857945 -0.000309648
internal_weight=3310 905 73 832 51 61 781 720 296 25 424 271 139 132
internal_count=3310 905 73 832 51 61 781 720 296 25 424 271 139 132
cat_boundaries=0 1
cat_threshold=233
is_linear=0
shrinkage=0.05


Tree=265
num_leaves=15
num_cat=0
split_feature=8 8 9 9 5 8 6 3 4 4 8 2 7 7
split_gain=0.00575768 0.0431953 0.0303544 0.0435711 0.0627733 0.0445442 0.0304073 0.037711 0.0286465 0.0273175 0.0355119 0.0255354 0.037569 0.0333106
threshold=0.25956767857142865 0.25412017857142866 0.12250592157110156 0.10662010431941517 0.20606000000000002 0.26498857142857152 0.24681500000000003 0.36198500000000006 0.32540500000000006 0.37722000000000006 0.29219339285714291 8.5000000000000018 0.29667642857142856 0.34942071428571431
decision_type=2 2 2 2 2 2 2 2 2 2 2 2 2 2
left_child=1 -1 3 5 -5 -2 -6 -8 11 -10 -11 -7 -13 -14
right_child=2 -3 -4 4 6 8 7 -9 9 10 -12 12 13 -15
leaf_value=2.2447603842680876e-06 0.0022903001270606184 -0.0011077787084914335 -8.6379038149021317e-05 0.0052541098176417033 -0.0014062820421531796 -0.00028245426592085572 0.0035773507959675037 -0.00033478126014498149 -0.0019822720687129891 -0.0013198324183966699 0.001754243950948448 0.0024015037387969994 -0.0013626525962823315 0.0020022666520162604
leaf_weight=2375 24 91 586 10.999999999999998 9.9999999999999982 59 14.000000000000002 10.999999999999998 29 21 17 31 19.000000000000004 11.999999999999998
leaf_count=2375 24 91 586 11 10 59 14 11 29 21 17 31 19 12
internal_value=-1.37877e-07 -3.87172e-05 0.000112583 0.00056449 0.00195941 0.000261819 0.000923928 0.00185601 2.86378e-06 -0.000826571 5.54123e-05 0.000462137 0.0011707 -6.01032e-05
internal_weight=3310 2466 844 258 46 212 35 25 188 67 38 121 62 31
internal_count=3310 2466 844 258 46 212 35 25 188 67 38 121 62 31
is_linear=0
shrinkage=0.05


Tree=266
num_leaves=15
num_cat=1
split_feature=8 8 7 3 8 9 9 2 3 5 0 3 9 8
split_gain=0.00575264 0.00900649 0.0296985 0.0289112 0.00997983 0.00872269 0.03113 0.0288416 0.0247069 0.0210746 0.0154521 0.0371799 0.0255728 0.0438431
threshold=0.12864107142857145 0.1367764285714286 0.13670785714285719 0.13141500000000003 0.14632160714285719 0.062143127852018164 0.053192773107700514 27.500000000000004 0.098455000000000015 0.10010500000000001 0 0.58247000000000015 0.086372900030653163 0.20704321428571429
decision_type=2 2 2 2 2 2 2 2 2 2 1 2 2 2
left_child=-1 2 3 -2 -3 6 8 9 -6 -8 -7 12 -12 -14
right_child=1 4 -4 -5 5 10 7 -9 -10 -11 11 -13 13 -15
leaf_value=-0.0010115226171235139 0.0027180758114953183 -0.00066693555147919273 -0.0016467400081455709 -0.00034197937124050585 0.0021310504025843168 7.6245910716347129e-05 -0.0010619888073191621 -0.0013428233389277012 -0.00029901033479850435 0.0010303856000364474 -0.00044394509150505061 -0.0023564811820458425 0.00054663025854911494 -0.00024273486211404442
leaf_weight=13.999999999999998 19 56 9.9999999999999982 12.999999999999998 10.999999999999998 1593 12.999999999999998 15.999999999999998 213 162 412 19 277 482
leaf_count=14 19 56 10 13 11 1593 13 16 213 162 412 19 277 482
internal_value=-1.30983e-07 4.16498e-06 0.000731674 0.00147493 -5.22512e-06 6.36205e-06 0.000220202 0.00068917 -0.000179677 0.000874952 -2.55257e-05 -0.00016105 -0.000126804 4.5347e-05
internal_weight=3310 3296 42 32 3254 3198 415 191 224 175 2783 1190 1171 759
internal_count=3310 3296 42 32 3254 3198 415 191 224 175 2783 1190 1171 759
cat_boundaries=0 1
cat_threshold=218
is_linear=0
shrinkage=0.05


Tree=267
num_leaves=15
num_cat=0
split_feature=2 6 2 9 6 5 9 2 7 2 6 2 4 6
split_gain=0.00590165 0.0347039 0.0416656 0.0571649 0.0281164 0.0511121 0.0275112 0.0193155 0.0208396 0.0192647 0.0300831 0.0299501 0.0437514 0.0375797
threshold=17.500000000000004 0.25637000000000004 19.500000000000004 0.1461891399693698 0.16542500000000002 0.17771500000000004 0.086985644815360599 24.500000000000004 0.26803500000000008 29.500000000000004 0.24681500000000003 22.500000000000004 0.11450500000000001 0.12247500000000001
decision_type=2 2 2 2 2 2 2 2 2 2 2 2 2 2
left_child=-1 2 3 4 5 6 -2 8 -3 10 11 -4 -13 -14
right_child=1 7 9 -5 -6 -7 -8 -9 -10 -11 -12 12 13 -15
leaf_value=-3.8115692396313539e-05 -0.0010083536582533267 -0.0019925836925668754 -0.00037880701586933416 0.0042905472252251844 -0.00050360336004254909 0.004329439497087151 0.0022837207059968603 -0.00012470882028864941 -0.00015057227407981242 -0.00015112754015432324 0.003022760709493675 0.0031670390909044619 0.0030289597880954928 0.00019994691251931049
leaf_weight=2500 15.000000000000002 34 89 13.999999999999998 26 11.999999999999998 10.999999999999998 164 28 255 10.999999999999998 17 12.999999999999998 121
leaf_count=2500 15 34 89 14 26 12 11 164 28 255 11 17 13 121
internal_value=-1.12912e-07 0.00011718 0.000320773 0.00139645 0.000763363 0.00163023 0.000384447 -0.000408921 -0.00116071 0.000154958 0.000465921 0.000348733 0.000777548 0.000474403
internal_weight=3310 810 584 78 64 38 26 226 62 506 251 240 151 134
internal_count=3310 810 584 78 64 38 26 226 62 506 251 240 151 134
is_linear=0
shrinkage=0.05


Tree=268
num_leaves=15
num_cat=1
split_feature=6 2 8 7 2 4 4 7 3 6 0 9 9 9
split_gain=0.00568727 0.00761383 0.0130153 0.00872241 0.00578032 0.0281938 0.026685 0.0257394 0.0470103 0.0568191 0.0455082 0.0944236 0.0769868 0.0616034
threshold=0.063415000000000013 9.5000000000000018 0.18328589285714289 0.17682357142857144 7.5000000000000009 0.56249500000000008 0.057795000000000006 0.16693357142857146 0.24249500000000004 0.129945 0 0.078597437295527248 0.076708609674610087 0.1291789796197273
decision_type=2 2 2 2 2 2 2 2 2 2 1 2 2 2
left_child=1 3 -3 -1 5 7 -6 -2 9 -9 -11 12 -12 -13
right_child=4 2 -4 -5 6 -7 -8 8 -10 10 11 13 -14 -15
leaf_value=-0.0001826930022798478 -0.00024498552644197809 -0.0010918660988946528 0.0014004873007070274 -0.0022230278488925915 0.0025240651192143561 -0.0012994640888387545 -6.5909800872450953e-05 -0.00044611665813637708 -0.00013237823840234233 0.00025906864672579693 0.00151369645493105 0.00034053012313961517 0.0077180001814849677 0.0021161043128997818
leaf_weight=10.000000000000002 363 11.000000000000002 9.9999999999999982 10.999999999999998 9.9999999999999982 36 1817 116 462 237 10.000000000000002 128 9.9999999999999982 79
leaf_count=10 363 11 10 11 10 36 1817 116 462 237 10 128 10 79
internal_value=-1.07269e-07 -0.000578235 9.49689e-05 -0.00125144 7.32278e-06 8.21987e-05 -5.17337e-05 0.000117601 0.000243914 0.000543651 0.000791093 0.00127881 0.00461585 0.00101816
internal_weight=3310 42 21 21 3268 1441 1827 1405 1042 580 464 227 20 207
internal_count=3310 42 21 21 3268 1441 1827 1405 1042 580 464 227 20 207
cat_boundaries=0 1
cat_threshold=805
is_linear=0
shrinkage=0.05


Tree=269
num_leaves=15
num_cat=0
split_feature=1 6 2 2 7 8 6 2 5 2 2 6 6 5
split_gain=0.00604983 0.018996 0.0276459 0.0523527 0.0208619 0.0207181 0.0363159 0.0329641 0.0301224 0.0334794 0.0402998 0.0278919 0.0264593 0.0473442
threshold=5.5000000000000009 0.42052500000000009 12.500000000000002 8.5000000000000018 0.24854000000000001 0.26498857142857152 0.3782100000000001 5.5000000000000009 0.23632500000000004 1.5000000000000002 3.5000000000000004 0.24588500000000002 0.18789000000000003 0.20367000000000002
decision_type=2 2 2 2 2 2 2 2 2 2 2 2 2 2
left_child=-1 5 3 4 -3 8 7 -7 12 -10 11 -11 -2 -14
right_child=1 2 -4 -5 -6 6 -8 -9 9 10 -12 -13 13 -15
leaf_value=-2.7561806462305779e-05 0.000484705553681124 -0.0002728045452386141 -0.00084863003750797368 0.0048172053508460525 0.002275816549305231 0.0015019836443427364 -0.0033565313978628679 -0.00097367889159257815 -0.0012690990490631926 0.0043156644844982231 0.0005995080349048994 0.00095117852430452005 -9.5683425388415355e-05 -0.0024845453769168154
leaf_weight=2840 80 21 14.999999999999998 9.9999999999999982 12.999999999999998 19 10.999999999999998 46 18 14.000000000000002 104 10.999999999999998 80 28
leaf_count=2840 80 21 15 10 13 19 11 46 18 14 104 11 80 28
internal_value=-6.27716e-08 0.000166102 0.00100507 0.00163702 0.000701668 4.56653e-05 -0.00069965 -0.000250024 0.000214752 0.000750934 0.0010328 0.00283529 -0.000204497 -0.000715018
internal_weight=3310 470 59 44 34 411 76 65 335 147 129 25 188 108
internal_count=3310 470 59 44 34 411 76 65 335 147 129 25 188 108
is_linear=0
shrinkage=0.05


Tree=270
num_leaves=15
num_cat=0
split_feature=2 4 6 2 9 3 4 3 4 5 5 4 4 5
split_gain=0.0058624 0.032478 0.0379132 0.0325457 0.0328225 0.0431552 0.028377 0.0604335 0.0431142 0.0257959 0.0454576 0.0435401 0.0612923 0.0575862
threshold=17.500000000000004 0.60409000000000013 0.25637000000000004 29.500000000000004 0.053192773107700514 0.37473000000000006 0.10490500000000001 0.13204500000000005 0.12622000000000003 0.227025 0.40639500000000006 0.36548500000000006 0.20301500000000003 0.20494000000000004
decision_type=2 2 2 2 2 2 2 2 2 2 2 2 2 2
left_child=-1 2 3 4 -2 6 7 -6 -8 11 -11 12 13 -10
right_child=1 -3 -4 -5 5 -7 8 -9 9 10 -12 -13 -14 -15
leaf_value=-3.7935832225375638e-05 -0.00034985016736235208 0.0021596777072102813 -0.00049166676710984622 -0.00015220665767466145 0.00011570430572398681 -0.00075934480185553966 -0.0015512378624407575 0.0052465116294721763 0.0016247165233362467 -0.00011872035515074048 0.0031331724308144588 0.0047956047672778369 -0.00027005883905961107 0.0057811401307117198
leaf_weight=2500 70 19 219 246 11.000000000000002 35 15.999999999999998 11.999999999999998 50 62 12.999999999999998 9.9999999999999982 37 9.9999999999999982
leaf_count=2500 70 19 219 246 11 35 16 12 50 62 13 10 37 10
internal_value=-5.96329e-08 0.000116842 6.77728e-05 0.000281964 0.00060959 0.000871936 0.00113028 0.00279265 0.000937181 0.00115594 0.000444941 0.00165431 0.00133046 0.00231745
internal_weight=3310 810 791 572 326 256 221 23 198 182 75 107 97 60
internal_count=3310 810 791 572 326 256 221 23 198 182 75 107 97 60
is_linear=0
shrinkage=0.05


Tree=271
num_leaves=15
num_cat=0
split_feature=1 2 1 4 4 2 8 6 5 5 8 9 9 5
split_gain=0.00557567 0.0162622 0.0516319 0.0413134 0.0321992 0.0320455 0.0660238 0.0569622 0.0421527 0.0492827 0.034448 0.0419933 0.078646 0.0321389
threshold=2.5000000000000004 5.5000000000000009 1.5000000000000002 0.12699500000000005 0.070535000000000014 8.5000000000000018 0.23310410714285718 0.30670000000000003 0.42282500000000006 0.15731500000000001 0.21020553571428574 0.11511149865323091 0.091395633514557831 0.18199500000000005
decision_type=2 2 2 2 2 2 2 2 2 2 2 2 2 2
left_child=1 2 -1 -4 -3 6 7 10 9 -8 -6 12 -12 -7
right_child=-2 4 3 -5 5 13 8 -9 -10 -11 11 -13 -14 -15
leaf_value=0.0005861674419429619 5.5846633912647364e-05 0.0013217378572923789 -0.0017855683917506659 -2.1613472032121721e-05 -0.00091651937602261384 -0.00037712058298799598 -0.00015284533922870955 0.0027010201010853052 0.0012246206309646369 -0.002986308023039448 -0.00084797467359087669 -0.0010186069114651117 0.0050051174747447174 0.00031134894059316328
leaf_weight=280 1900 34 47 113 106 377 21 15.999999999999998 9.9999999999999982 57 11.000000000000002 18 11.999999999999998 308
leaf_count=280 1900 34 47 113 106 377 21 16 10 57 11 18 12 308
internal_value=-5.66523e-08 -7.53873e-05 0.000176734 -0.000539775 -0.000189752 -0.000244656 -0.000727964 -0.000132123 -0.00183163 -0.00222345 -0.000440492 0.000790214 0.00220581 -6.75606e-05
internal_weight=3310 1410 440 160 970 936 251 163 88 78 147 41 23 685
internal_count=3310 1410 440 160 970 936 251 163 88 78 147 41 23 685
is_linear=0
shrinkage=0.05


Tree=272
num_leaves=15
num_cat=0
split_feature=3 8 7 3 9 9 9 5 5 7 8 5 8 2
split_gain=0.00542094 0.0115482 0.00698971 0.0165477 0.00655431 0.0523533 0.0449945 0.0396124 0.0354192 0.05792 0.0499685 0.107101 0.0297904 0.0233206
threshold=0.057795000000000006 0.18158928571428573 0.10094428571428572 0.11385000000000002 0.079210373821217248 0.084740406321296841 0.078597437295527248 0.10717500000000001 0.24138000000000001 0.24543142857142861 0.22551375000000004 0.27342500000000008 0.18961892857142859 9.5000000000000018
decision_type=2 2 2 2 2 2 2 2 2 2 2 2 2 2
left_child=1 -1 3 -2 6 7 8 13 -4 10 -10 -12 -8 -6
right_child=2 -3 4 -5 5 -7 12 -9 9 -11 11 -13 -14 -15
leaf_value=0.0020550460461527102 -0.0018197424811660309 -6.4147456820743784e-05 -9.7861070944455352e-05 0.00077303615165874367 0.002274753444362431 2.1215488129560568e-05 2.2268425673246378e-05 -0.001237963084964812 0.00059450567695217178 -0.001001982464013287 0.0064062167393366025 0.00077126659355902425 0.0035011144587770108 -0.00072905210642299314
leaf_weight=10.000000000000002 16.000000000000004 18 737 9.9999999999999982 14.000000000000002 2154 10.000000000000002 139 98 39 12.999999999999998 24 15.999999999999998 11.999999999999998
leaf_count=10 16 18 737 10 14 2154 10 139 98 39 13 24 16 12
internal_value=-5.38169e-08 0.000692707 -5.96403e-06 -0.00082252 5.56381e-07 -4.45368e-05 0.000112158 -0.000902903 5.36244e-05 0.000695261 0.00118558 0.00275111 0.0021631 0.000888382
internal_weight=3310 28 3282 26 3256 2319 937 165 911 174 135 37 26 26
internal_count=3310 28 3282 26 3256 2319 937 165 911 174 135 37 26 26
is_linear=0
shrinkage=0.05


Tree=273
num_leaves=15
num_cat=0
split_feature=1 4 7 7 5 9 2 2 2 7 2 9 9 9
split_gain=0.00542268 0.0179883 0.0525552 0.029124 0.0308 0.028499 0.0288998 0.0639568 0.0458811 0.0417104 0.0400378 0.033235 0.0305727 0.0264611
threshold=5.5000000000000009 0.19958000000000001 0.28093142857142867 0.24642214285714287 0.23632500000000004 0.19070160176113268 8.5000000000000018 14.500000000000002 3.5000000000000004 0.19065714285714289 11.500000000000002 0.12644046383646415 0.14892281658571571 0.13744394304266347
decision_type=2 2 2 2 2 2 2 2 2 2 2 2 2 2
left_child=-1 2 3 4 -2 6 8 10 9 -3 -8 -10 -13 -12
right_child=1 5 -4 -5 -6 -7 7 -9 11 -11 13 12 -14 -15
leaf_value=-2.6085845996623875e-05 -8.6962179795344491e-05 -0.0018401436025409829 0.0035130434553138912 -0.0019525149550575476 0.001463343750878747 -0.0018442634927591179 0.00069150281429196749 -0.00020915743010037758 -0.00054452823913040554 0.0012409119503240173 0.0020679305092646521 -0.0043996999792468077 -0.00089988817732470727 0.0054890326783061036
leaf_weight=2840 81 13.999999999999998 13.999999999999998 12.999999999999998 53 21 26 90 59 51 13.000000000000002 13.000000000000002 11.999999999999998 9.9999999999999982
leaf_count=2840 81 14 14 13 53 21 26 90 59 51 13 13 12 10
internal_value=-5.1129e-08 0.000157265 0.000585796 0.000307011 0.000526219 -6.6015e-05 6.3649e-05 0.000582218 -0.000420117 0.0005773 0.00203577 -0.00119193 -0.00271979 0.00355537
internal_weight=3310 470 161 147 134 309 288 139 149 65 49 84 25 23
internal_count=3310 470 161 147 134 309 288 139 149 65 49 84 25 23
is_linear=0
shrinkage=0.05


Tree=274
num_leaves=15
num_cat=0
split_feature=3 8 3 2 4 3 4 8 6 6 4 6 1 2
split_gain=0.00530379 0.0217089 0.0203604 0.0637895 0.0848922 0.0319467 0.0219954 0.0231101 0.0190539 0.0182601 0.0224638 0.0176004 0.0169066 0.0331129
threshold=0.14842500000000003 0.30782285714285723 0.13939500000000002 7.5000000000000009 0.24007500000000001 0.13727000000000003 0.22663000000000003 0.21451982142857143 0.24681500000000003 0.14629500000000004 0.16649500000000003 0.33058000000000004 4.5000000000000009 3.5000000000000004
decision_type=2 2 2 2 2 2 2 2 2 2 2 2 2 2
left_child=1 2 5 4 9 11 8 -8 -5 -4 -11 12 -1 -14
right_child=-2 -3 3 6 -6 -7 7 -9 -10 10 -12 -13 13 -15
leaf_value=0.00030537498734796149 -3.8873990796335295e-05 -0.0015258729178458453 -0.00068237420574795201 -7.6460417919103441e-05 0.0051064239436527719 -0.0017179110711440446 0.00025563983712345356 -0.0029989177225312842 0.0023226779419928791 0.003377762110903858 0.00016903941868804396 -0.00073569826944831535 0.0010161750615225174 -0.00072890291237461111
leaf_weight=523 2405 20 13.999999999999998 48 15.999999999999998 25 10.000000000000002 11.999999999999998 9.9999999999999982 10.000000000000002 11.999999999999998 58 36 111
leaf_count=523 2405 20 14 48 16 25 10 12 10 10 12 58 36 111
internal_value=-4.85746e-08 0.000103128 0.000139942 0.00071274 0.00207607 3.95311e-05 -0.000173424 -0.00151957 0.000337184 0.000729246 0.00162755 9.98828e-05 0.000172217 -0.000301537
internal_weight=3310 905 885 132 52 753 80 22 58 36 22 728 670 147
internal_count=3310 905 885 132 52 753 80 22 58 36 22 728 670 147
is_linear=0
shrinkage=0.05


Tree=275
num_leaves=15
num_cat=1
split_feature=2 4 6 2 5 3 0 2 4 6 4 1 4 5
split_gain=0.00547106 0.0294301 0.0338065 0.0293994 0.0307051 0.0397448 0.0385557 0.0563859 0.0791945 0.0483856 0.0341138 0.0494012 0.0277799 0.0273172
threshold=17.500000000000004 0.60409000000000013 0.25637000000000004 29.500000000000004 0.48800000000000004 0.47590500000000008 0 26.500000000000004 0.16229500000000002 0.17587000000000003 0.13396500000000003 2.5000000000000004 0.096080000000000013 0.17143000000000003
decision_type=2 2 2 2 2 2 1 2 2 2 2 2 2 2
left_child=-1 2 3 4 5 6 7 9 -9 10 -2 -12 -8 -14
right_child=1 -3 -4 -5 -6 -7 12 8 -10 -11 11 -13 13 -15
leaf_value=-3.6636282342515192e-05 0.00025053227237597305 0.0020575078513693848 -0.00046209600564392343 -0.00014421630464896476 0.0029608620850082776 -0.0021228851434508607 0.0025683636163276705 0.0069631870789453364 0.00067055411054752769 -0.00041434815851971508 0.0010086097550811245 0.0050026632193475966 -0.00080860766791053778 0.00046620700833789836
leaf_weight=2500 19 19 219 246 12.999999999999998 13.999999999999998 10.999999999999998 10.000000000000002 9.9999999999999982 40 16.000000000000004 14.999999999999998 68 110
leaf_count=2500 19 19 219 246 13 14 11 10 10 40 16 15 68 110
internal_value=-4.61406e-08 0.000112886 6.61761e-05 0.000268434 0.000579821 0.000480928 0.000602845 0.00129751 0.00381687 0.000881821 0.00191876 0.00294122 0.000123364 -2.08008e-05
internal_weight=3310 810 791 572 326 313 299 110 20 90 50 31 189 178
internal_count=3310 810 791 572 326 313 299 110 20 90 50 31 189 178
cat_boundaries=0 1
cat_threshold=135
is_linear=0
shrinkage=0.05


Tree=276
num_leaves=15
num_cat=0
split_feature=5 2 8 3 2 8 7 4 5 4 8 9 9 2
split_gain=0.0053865 0.00932144 0.00920527 0.0250456 0.0171696 0.0170708 0.0584505 0.0315472 0.0308687 0.0249299 0.0100251 0.045877 0.0571942 0.0341265
threshold=0.77199000000000007 5.5000000000000009 0.37167767857142858 0.19816500000000004 4.5000000000000009 0.33616607142857147 0.37898857142857151 0.37443000000000004 0.16005000000000003 0.38642500000000007 0.3050325000000001 0.14733047490367804 0.17962029828739065 7.5000000000000009
decision_type=2 2 2 2 2 2 2 2 2 2 2 2 2 2
left_child=2 -2 5 -4 -5 10 7 -7 -8 -10 -1 13 -13 -12
right_child=1 -3 3 4 -6 6 8 -9 9 -11 11 12 -14 -15
leaf_value=9.1349410920258235e-06 0.001731682444612185 -0.00023908700095489618 0.0011182810108249005 -0.00049633574736718505 -0.0028809749091473903 0.0013001046061296671 0.0021746706310659648 0.0048393274855334312 0.00014465101994574071 -0.002449235242966097 0.0022384629771113394 -0.0024387138697784397 3.0197626768554353e-05 -7.9687064862810081e-05
leaf_weight=2976 12 12 12.999999999999998 18 13.000000000000002 17.000000000000004 9.9999999999999982 9.9999999999999982 22 15.999999999999998 20 45 49 77
leaf_count=2976 12 12 13 18 13 17 10 10 22 16 20 45 49 77
internal_value=-4.38372e-08 0.000746298 -5.4949e-06 -0.000723842 -0.00149635 4.25442e-06 0.000749818 0.00261093 -0.000297057 -0.000947512 -1.34018e-05 -0.00036455 -0.00115173 0.000398282
internal_weight=3310 24 3286 44 31 3242 75 27 48 38 3167 191 94 97
internal_count=3310 24 3286 44 31 3242 75 27 48 38 3167 191 94 97
is_linear=0
shrinkage=0.05


Tree=277
num_leaves=15
num_cat=0
split_feature=8 3 8 4 6 4 6 3 9 8 6 4 4 7
split_gain=0.00542198 0.0272958 0.0531314 0.0295504 0.079946 0.0721229 0.0395963 0.0352569 0.0279131 0.0298711 0.0439973 0.0315751 0.0278449 0.0277776
threshold=0.27767535714285718 0.18409000000000003 0.28122482142857147 0.28776500000000005 0.21972500000000003 0.22885000000000003 0.25968500000000005 0.16031500000000001 0.12146982085147397 0.28816107142857145 0.20855000000000004 0.13307000000000005 0.15651000000000001 0.35531071428571431
decision_type=2 2 2 2 2 2 2 2 2 2 2 2 2 2
left_child=-1 2 -2 5 -5 6 -4 -6 13 10 -10 -11 -13 -3
right_child=1 8 3 4 7 -7 -8 -9 9 11 -12 12 -14 -15
leaf_value=-3.0855440952004763e-05 0.0039567408617585901 0.00083785143101633333 -0.0015080101194880195 0.0022041788783527037 -0.000429961297486443 0.0038341363542713225 0.0013641371777339375 -0.0039188053167890759 8.8384949776809667e-07 0.0020982693877158454 -0.00268801134782201 -0.0025419028902736803 -7.9643911716206122e-05 -0.0011713233531918377
leaf_weight=2687 11.999999999999998 123 21 17 15.000000000000002 18 28 13.999999999999998 32 15.999999999999998 29 11.999999999999998 266 20
leaf_count=2687 12 123 21 17 15 18 28 14 32 16 29 12 266 20
internal_value=-4.1644e-08 0.000132858 0.000793451 0.000457526 -0.000518297 0.00112749 0.000133217 -0.00211423 -3.2953e-05 -0.000270535 -0.00127744 -6.16184e-05 -0.000185928 0.000556848
internal_weight=3310 623 125 113 46 67 49 29 498 355 61 294 278 143
internal_count=3310 623 125 113 46 67 49 29 498 355 61 294 278 143
is_linear=0
shrinkage=0.05


Tree=278
num_leaves=15
num_cat=0
split_feature=1 7 4 3 7 2 2 2 5 7 1 7 5 8
split_gain=0.00560546 0.0151312 0.029415 0.0189707 0.0242983 0.0267129 0.0231025 0.0429028 0.0321632 0.037377 0.0330161 0.0230499 0.0199536 0.0414781
threshold=2.5000000000000004 0.44365357142857148 0.30023000000000005 0.3660250000000001 0.32919714285714291 21.500000000000004 5.5000000000000009 2.5000000000000004 0.31551500000000005 0.27317500000000011 5.5000000000000009 0.24331000000000005 0.29086000000000006 0.31814125000000004
decision_type=2 2 2 2 2 2 2 2 2 2 2 2 2 2
left_child=-1 3 -3 -2 6 12 7 -5 10 -10 -8 -12 13 -6
right_child=1 2 -4 4 5 -7 8 -9 9 -11 11 -13 -14 -15
leaf_value=-7.5571194118968755e-05 0.00010210798039422863 0.0030810468995089947 -0.00019373896939214321 0.00012148881365579587 0.0012171115035399501 -0.0012111774715594947 -0.0015138166109739128 -0.002458026893436909 0.0030511291531313735 -0.00075167612327883652 0.0025199407916807106 -0.00035545349060355321 0.0028240822530774911 -0.0024020546162500981
leaf_weight=1410 1616 12.000000000000002 15.999999999999998 27 38 20 51 40 14.000000000000002 11.999999999999998 9.9999999999999982 23 10.999999999999998 9.9999999999999982
leaf_count=1410 1616 12 16 27 38 20 51 40 14 12 10 23 11 10
internal_value=-3.95633e-08 5.60129e-05 0.00120974 3.87562e-05 -0.000361152 0.000367988 -0.000686587 -0.00141852 -0.000240772 0.00129599 -0.000716437 0.000515878 0.000903298 0.000463119
internal_weight=3310 1900 28 1872 256 79 177 67 110 26 84 33 59 48
internal_count=3310 1900 28 1872 256 79 177 67 110 26 84 33 59 48
is_linear=0
shrinkage=0.05


Tree=279
num_leaves=15
num_cat=1
split_feature=2 4 6 2 5 3 0 2 4 6 4 1 4 5
split_gain=0.00539982 0.0256997 0.0297716 0.0265899 0.0278904 0.0354377 0.0350584 0.050575 0.071726 0.0436801 0.0308429 0.0440329 0.0253888 0.0245771
threshold=17.500000000000004 0.60409000000000013 0.25637000000000004 29.500000000000004 0.48800000000000004 0.47590500000000008 0 26.500000000000004 0.16229500000000002 0.17587000000000003 0.13396500000000003 2.5000000000000004 0.096080000000000013 0.16988500000000004
decision_type=2 2 2 2 2 2 1 2 2 2 2 2 2 2
left_child=-1 2 3 4 5 6 7 9 -9 10 -2 -12 -8 -14
right_child=1 -3 -4 -5 -6 -7 12 8 -10 -11 11 -13 13 -15
leaf_value=-3.6388743033785431e-05 0.00024384970464253505 0.001929360044519662 -0.00042723767407829602 -0.00013412614286748497 0.0028237325587094977 -0.0019984843691677918 0.0024554619708479467 0.0066188452776987086 0.00063027143478393559 -0.0003866745755658485 0.00097770811698865128 0.0047485106593618794 -0.00078512075300695328 0.00043124586247488754
leaf_weight=2500 19 19 219 246 12.999999999999998 13.999999999999998 10.999999999999998 10.000000000000002 9.9999999999999982 40 16.000000000000004 14.999999999999998 66 112
leaf_count=2500 19 19 219 246 13 14 11 10 10 40 16 15 66 112
internal_value=-3.75799e-08 0.000112157 6.85077e-05 0.000258312 0.000554447 0.000460195 0.000575318 0.00123774 0.00362456 0.000844857 0.00183008 0.00280229 0.000118048 -1.97665e-05
internal_weight=3310 810 791 572 326 313 299 110 20 90 50 31 189 178
internal_count=3310 810 791 572 326 313 299 110 20 90 50 31 189 178
cat_boundaries=0 1
cat_threshold=135
is_linear=0
shrinkage=0.05


Tree=280
num_leaves=15
num_cat=0
split_feature=1 2 1 4 6 4 2 7 4 4 6 5 7 7
split_gain=0.00513704 0.0143505 0.0460714 0.0370633 0.0318339 0.0278742 0.0285877 0.0661628 0.0579004 0.127769 0.0265272 0.0235983 0.0270044 0.0237507
threshold=2.5000000000000004 5.5000000000000009 1.5000000000000002 0.12699500000000005 0.16599500000000003 0.070535000000000014 6.5000000000000009 0.2668571428571429 0.16649500000000003 0.13700000000000004 0.13344500000000004 0.134605 0.36023071428571435 0.29667642857142856
decision_type=2 2 2 2 2 2 2 2 2 2 2 2 2 2
left_child=1 2 10 4 -4 -3 7 8 9 -7 -1 -12 13 -13
right_child=-2 5 3 -5 -6 6 -8 -9 -10 -11 11 12 -14 -15
leaf_value=0.0015825190468389981 5.3623637011026554e-05 0.0012265434476670207 -0.0010158101705569976 -2.1545834961940691e-05 -0.0041953413747251034 -0.0013175114321604588 -0.00014871440926087821 -0.0032674904353916646 -0.0019863340902425675 0.0055982673371380029 -0.00093777649926778399 0.00062724435738574882 0.0030576356826350092 -0.00095200821992226081
leaf_weight=51 1900 34 37 113 9.9999999999999982 17.000000000000004 860 25 23 10.999999999999998 32 159 9.9999999999999982 28
leaf_count=51 1900 34 37 113 10 17 860 25 23 11 32 159 10 28
internal_value=-3.57008e-08 -7.23426e-05 0.000164497 -0.000512332 -0.00169231 -0.000179775 -0.000230859 -0.00116039 -0.000127499 0.0013994 0.000551256 0.000321586 0.000526152 0.000390779
internal_weight=3310 1410 440 160 47 970 936 76 51 28 280 229 197 187
internal_count=3310 1410 440 160 47 970 936 76 51 28 280 229 197 187
is_linear=0
shrinkage=0.05


Tree=281
num_leaves=15
num_cat=0
split_feature=7 1 3 1 5 7 3 4 5 4 5 5 7 9
split_gain=0.00518566 0.0200165 0.0301721 0.0222613 0.0228373 0.0493361 0.0217075 0.0227074 0.0362187 0.0226301 0.0216911 0.0402033 0.0375989 0.0329436
threshold=0.15658071428571432 4.5000000000000009 0.24624500000000002 5.5000000000000009 0.23632500000000004 0.14242071428571432 0.19816500000000004 0.10717500000000001 0.13002000000000002 0.38642500000000007 0.22350500000000004 0.12789500000000001 0.12942571428571434 0.11825290410871524
decision_type=2 2 2 2 2 2 2 2 2 2 2 2 2 2
left_child=1 2 6 -3 -5 -6 7 8 -1 10 11 -9 -12 -13
right_child=-2 3 -4 4 5 -7 -8 9 -10 -11 12 13 -14 -15
leaf_value=0.00048271166759700148 2.8812415306734635e-05 -0.0011502546594470162 0.0024257130222395066 -0.00064309284552345404 0.0027739957169008751 -0.0011835610760109767 -0.0012301485543824075 -0.00035606116439809959 -0.0014963461440056563 -0.0017960500049715241 -0.001970154012593886 0.00084536613335052491 0.00045066739071186914 0.0029480371841877377
leaf_weight=43 2730 87 12.999999999999998 54 18 13.999999999999998 34 58 50 11.999999999999998 23 98 53 23
leaf_count=43 2730 87 13 54 18 14 34 58 50 12 23 98 53 23
internal_value=-3.39203e-08 -0.000135811 5.56927e-05 -0.000586342 -1.58715e-05 0.00104256 -2.25059e-05 9.15492e-05 -0.000581298 0.000325912 0.000425769 0.000726252 -0.00028195 0.00124505
internal_weight=3310 580 407 173 86 32 394 360 93 267 255 179 76 121
internal_count=3310 580 407 173 86 32 394 360 93 267 255 179 76 121
is_linear=0
shrinkage=0.05


Tree=282
num_leaves=15
num_cat=0
split_feature=3 6 4 2 4 5 3 5 2 3 8 8 5 7
split_gain=0.00511214 0.00764481 0.0199458 0.0248186 0.0278946 0.0278526 0.0247843 0.0267438 0.0220648 0.0156331 0.0119543 0.0212079 0.0541515 0.0614134
threshold=0.86634500000000014 0.54074000000000011 0.44322500000000004 2.5000000000000004 0.24281000000000003 0.28796000000000005 0.29574000000000006 0.20367000000000002 29.500000000000004 0.15656500000000004 0.37676446428571436 0.33616607142857147 0.17143000000000003 0.28219928571428576
decision_type=2 2 2 2 2 2 2 2 2 2 2 2 2 2
left_child=1 10 3 -3 6 -6 8 -8 9 -5 11 -1 -13 -14
right_child=-2 2 -4 4 5 -7 7 -9 -10 -11 -12 12 13 -15
leaf_value=5.7447324940299119e-06 -0.0010761306282471527 0.0021866259630769491 -0.0023329317441190748 -0.00089896374530243578 -0.00067972497548907974 0.0030520699732005598 0.0021307387791404666 -0.0011637719447857566 0.00031296200642827899 -0.0032675008742923013 -0.0010110918582150979 0.0037835481719901928 0.0030758290054897467 -0.0005557178013707296
leaf_weight=3084 10.999999999999998 9.9999999999999982 11.999999999999998 11.000000000000002 10.000000000000002 9.9999999999999982 11.000000000000002 13.999999999999998 9.9999999999999982 19 28 12.999999999999998 14.999999999999998 52
leaf_count=3084 11 10 12 11 10 10 11 14 10 19 28 13 15 52
internal_value=-3.2226e-08 3.55586e-06 -0.000412165 -0.000169542 -0.000446738 0.00118617 -0.000949172 0.000285813 -0.00172104 -0.00239904 1.74914e-05 2.65939e-05 0.000830328 0.000257315
internal_weight=3310 3299 107 95 85 20 65 25 40 30 3192 3164 80 67
internal_count=3310 3299 107 95 85 20 65 25 40 30 3192 3164 80 67
is_linear=0
shrinkage=0.05


Tree=283
num_leaves=15
num_cat=0
split_feature=8 3 8 9 8 6 4 4 6 4 6 3 7 8
split_gain=0.00496392 0.0238694 0.0477724 0.0262363 0.0268833 0.0383551 0.0281746 0.025929 0.0740428 0.063878 0.0354657 0.031885 0.0247983 0.0421568
threshold=0.27767535714285718 0.18409000000000003 0.28122482142857147 0.12146982085147397 0.28816107142857145 0.20855000000000004 0.13307000000000005 0.28776500000000005 0.21972500000000003 0.22885000000000003 0.25968500000000005 0.16031500000000001 0.35531071428571431 0.32041321428571429
decision_type=2 2 2 2 2 2 2 2 2 2 2 2 2 2
left_child=-1 2 -2 12 5 -5 -6 9 -9 10 -4 -10 13 -3
right_child=1 3 7 4 6 -7 -8 8 11 -11 -12 -13 -14 -15
leaf_value=-2.9514077010331667e-05 0.0037443953954304256 0.00049117484120705002 -0.001435072709517997 -1.9935076124966145e-05 0.001980204506253358 -0.0025305049381507882 -0.00017749205978734675 0.0021322995307855308 -0.00042191231875525161 0.0036011550588429804 0.0012831421614724345 -0.0037397319055993911 -0.001088977208128199 0.0035020183753938631
leaf_weight=2687 11.999999999999998 110 21 32 15.999999999999998 29 278 17 15.000000000000002 18 28 13.999999999999998 20 12.999999999999998
leaf_count=2687 12 110 21 32 16 29 278 17 15 18 28 14 20 13
internal_value=-3.06145e-08 0.000127132 0.000744873 -2.7924e-05 -0.000258259 -0.00121348 -6.00664e-05 0.00042634 -0.000487736 0.00105391 0.000118193 -0.00202362 0.000543888 0.000809394
internal_weight=3310 623 125 498 355 61 294 113 46 67 49 29 143 123
internal_count=3310 623 125 498 355 61 294 113 46 67 49 29 143 123
is_linear=0
shrinkage=0.05


Tree=284
num_leaves=15
num_cat=0
split_feature=1 4 6 2 2 2 1 4 6 5 1 2 2 8
split_gain=0.00515189 0.0145418 0.0361128 0.0433805 0.0248835 0.074896 0.0582991 0.085937 0.0517184 0.0995149 0.0477505 0.0968942 0.0519548 0.0515799
threshold=2.5000000000000004 0.095150000000000026 0.18845000000000003 5.5000000000000009 4.5000000000000009 7.5000000000000009 4.5000000000000009 0.14769500000000002 0.28734000000000004 0.27473000000000009 3.5000000000000004 3.5000000000000004 1.0000000180025095e-35 0.21577750000000004
decision_type=2 2 2 2 2 2 2 2 2 2 2 2 2 2
left_child=-1 2 -2 -4 10 6 7 -6 -8 -10 13 12 -12 -3
right_child=1 4 3 -5 5 -7 8 -9 9 -11 11 -13 -14 -15
leaf_value=-7.2440422055794926e-05 -0.00020059454917726625 -2.991169634642023e-06 0.0048239859472960223 0.00057248949461306136 0.0061462894792930454 -5.0732218346966804e-05 -0.00037283549161791735 0.0013032238962725822 0.0039960415305002875 -0.00044266208341079099 0.0030795033904723827 -0.0014089972869064033 0.00030515584928623329 -0.0018966802994903366
leaf_weight=1410 36 66 10.000000000000002 14.999999999999998 9.9999999999999982 1039 108 109 23 28 18 89 270 79
leaf_count=1410 36 66 10 15 10 1039 108 109 23 28 18 89 270 79
internal_value=-2.90839e-08 5.37078e-05 0.00081321 0.00227309 2.85149e-05 0.000144307 0.000873246 0.0017102 0.000246844 0.00155911 -0.000263626 3.29506e-05 0.000478553 -0.00103473
internal_weight=3310 1900 61 25 1839 1317 278 119 159 51 522 377 288 145
internal_count=3310 1900 61 25 1839 1317 278 119 159 51 522 377 288 145
is_linear=0
shrinkage=0.05


Tree=285
num_leaves=15
num_cat=1
split_feature=2 4 6 2 5 3 0 2 4 4 6 5 3 1
split_gain=0.00525052 0.023295 0.0267158 0.0242609 0.0250697 0.031702 0.0317576 0.0450876 0.0649798 0.0413244 0.0248721 0.0287222 0.0289705 0.0242893
threshold=17.500000000000004 0.60409000000000013 0.25637000000000004 29.500000000000004 0.48800000000000004 0.47590500000000008 0 26.500000000000004 0.16229500000000002 0.36548500000000006 0.19247500000000003 0.21307500000000004 0.12385000000000002 4.5000000000000009
decision_type=2 2 2 2 2 2 1 2 2 2 2 2 2 2
left_child=-1 2 3 4 5 6 7 9 -9 10 11 12 -2 -5
right_child=1 -3 -4 13 -6 -7 -8 8 -10 -11 -12 -13 -14 -15
leaf_value=-3.5872730789706111e-05 -0.00064872446342964074 0.0018407017167191954 -0.00040056699054734569 0.0001437192016256679 0.0026831926021259282 -0.0018831221386790276 0.00011562317992670547 0.006286581442691383 0.00058658918947912758 0.0036832498344169422 -0.0010158170263325288 -0.0011014970948543543 0.0023142025028253998 -0.00104116013847358
leaf_weight=2500 10.999999999999998 19 219 190 12.999999999999998 13.999999999999998 189 10.000000000000002 9.9999999999999982 10.999999999999998 22 12.999999999999998 33 56
leaf_count=2500 11 19 219 190 13 14 189 10 10 11 22 13 33 56
internal_value=-2.76274e-08 0.000110605 6.90481e-05 0.000248848 0.000531716 0.000442358 0.000551243 0.00118177 0.00343659 0.000812011 0.000412219 0.00096339 0.00157347 -0.000126009
internal_weight=3310 810 791 572 326 313 299 110 20 90 79 57 44 246
internal_count=3310 810 791 572 326 313 299 110 20 90 79 57 44 246
cat_boundaries=0 1
cat_threshold=135
is_linear=0
shrinkage=0.05


Tree=286
num_leaves=15
num_cat=0
split_feature=1 6 3 4 3 9 4 5 3 4 7 6 3 6
split_gain=0.00523517 0.0154922 0.0235277 0.0279344 0.0223365 0.016758 0.0424438 0.0385976 0.0292371 0.0240918 0.0240584 0.0388496 0.0291602 0.020261
threshold=5.5000000000000009 0.42052500000000009 0.46689500000000006 0.21220500000000003 0.24746000000000004 0.14287257939191042 0.24557500000000002 0.33838500000000005 0.179065 0.48227500000000006 0.2413707142857143 0.21972500000000003 0.35121500000000005 0.18454500000000004
decision_type=2 2 2 2 2 2 2 2 2 2 2 2 2 2
left_child=-1 5 3 -3 -5 9 7 -7 -8 10 -2 12 -12 -10
right_child=1 2 -4 4 -6 6 8 -9 13 -11 11 -13 -14 -15
leaf_value=-2.5589411549242895e-05 0.00039266910107590785 -0.0011767605237443658 0.0031224240409210326 0.0027376158987560003 9.0439929900800492e-05 -0.00061152539565227908 -0.0037852476562627337 0.0032359472203428268 0.00049122761374746919 0.0023966144721877455 -0.00039093068495778174 -0.0014929451671538546 0.002324549307425817 -0.0018705112382858284
leaf_weight=2840 229 17 9.9999999999999982 14.999999999999998 17 16.000000000000004 10.999999999999998 10.999999999999998 15.999999999999998 11.999999999999998 29 51 14.999999999999998 21
leaf_count=2840 229 17 10 15 17 16 11 11 16 12 29 51 15 21
internal_value=-8.77984e-09 0.000154564 0.000912221 0.000461159 0.0013313 4.58001e-05 -0.000629971 0.000955963 -0.00152206 0.000196642 0.000115161 -0.000553778 0.000534801 -0.000849219
internal_weight=3310 470 59 49 32 411 75 27 48 336 324 95 44 37
internal_count=3310 470 59 49 32 411 75 27 48 336 324 95 44 37
is_linear=0
shrinkage=0.05


Tree=287
num_leaves=15
num_cat=1
split_feature=8 8 3 6 8 8 4 0 9 3 7 2 9 3
split_gain=0.00506434 0.00814386 0.0261307 0.0173334 0.00899572 0.0116347 0.0377059 0.0115505 0.0423958 0.0328347 0.0279921 0.0420178 0.0319058 0.0254626
threshold=0.12864107142857145 0.1367764285714286 0.13141500000000003 0.12089500000000002 0.14726535714285716 0.15219910714285717 0.11557000000000002 0 0.084365997438481263 0.58247000000000015 0.1856771428571429 6.5000000000000009 0.079767948005396702 0.089145000000000016
decision_type=2 2 2 2 2 2 2 1 2 2 2 2 2 2
left_child=-1 2 3 -2 -3 6 -6 8 10 13 11 -7 -12 -10
right_child=1 4 -4 -5 5 7 -8 -9 9 -11 12 -13 -14 -15
leaf_value=-0.00094896637227585812 0.00062548465883502586 -0.00056972574456122472 -0.00067635503916167912 0.0033943664329126478 0.0029431658065212623 -0.0039024483535046641 -0.0002977885352447629 4.3697100342396371e-05 -0.0012556989845405851 -0.0022732283330697102 0.001392727831262164 -0.00075514686517029386 -0.0017181092969515118 0.00012311549809076463
leaf_weight=13.999999999999998 13.000000000000002 69 19 9.9999999999999982 13.999999999999998 19 25 2539 36 15.999999999999998 15.999999999999998 24 17 479
leaf_count=14 13 69 19 10 14 19 25 2539 36 16 16 24 17 479
internal_value=-8.34416e-09 4.02242e-06 0.000695815 0.00182935 -4.90667e-06 7.3296e-06 0.000865631 -3.3105e-06 -0.000197405 -4.25697e-05 -0.00130519 -0.00214581 -0.000209825 2.67323e-05
internal_weight=3310 3296 42 23 3254 3185 39 3146 607 531 76 43 33 515
internal_count=3310 3296 42 23 3254 3185 39 3146 607 531 76 43 33 515
cat_boundaries=0 1
cat_threshold=5
is_linear=0
shrinkage=0.05


Tree=288
num_leaves=15
num_cat=0
split_feature=9 9 4 8 2 8 5 8 7 9 7 4 5 7
split_gain=0.00491698 0.0231145 0.0278428 0.0212399 0.0196509 0.0341217 0.0183839 0.0174869 0.0197686 0.0158849 0.0135209 0.0142859 0.0168173 0.0134578
threshold=0.062143127852018164 0.051827502087353934 0.097295000000000006 0.22990607142857147 11.500000000000002 0.16514892857142857 0.27342500000000008 0.18045482142857147 0.17301214285714286 0.038454781321846959 0.25662071428571437 0.12963500000000003 0.22965000000000005 0.19004214285714291
decision_type=2 2 2 2 2 2 2 2 2 2 2 2 2 2
left_child=1 7 -3 4 6 -6 10 9 -9 -1 11 -4 13 -13
right_child=-2 2 3 -5 5 -7 -8 8 -10 -11 -12 12 -14 -15
leaf_value=0.0011066451336955653 -2.6160135118722967e-05 0.0030903667298844088 -0.00063978336097317799 0.0022794830507856596 0.0013547235221873658 -0.001229431636602385 0.0023769218116425554 0.0021147691112543858 8.5372283328546302e-05 -0.00059154940751059691 -0.0013609164441004398 0.00046973290085258089 -0.00059983234613254256 0.0017210162129707727
leaf_weight=14.999999999999998 2795 9.9999999999999982 21 13.999999999999998 18 44 12.999999999999998 13.999999999999998 84 168 9.9999999999999982 44 18 42
leaf_count=15 2795 10 21 14 18 44 13 14 84 168 10 44 18 42
internal_value=-1.32492e-09 0.000141967 0.000509042 0.000393804 0.000268092 -0.000479193 0.000581144 -0.00016371 0.000375286 -0.000452353 0.000408217 0.000549748 0.000789942 0.00108082
internal_weight=3310 515 234 224 210 62 148 281 98 183 135 125 104 86
internal_count=3310 515 234 224 210 62 148 281 98 183 135 125 104 86
is_linear=0
shrinkage=0.05


Tree=289
num_leaves=15
num_cat=1
split_feature=1 4 7 3 7 2 6 6 4 3 0 7 7 6
split_gain=0.0049579 0.0164746 0.0157926 0.0460506 0.0242465 0.0187485 0.0182618 0.0708908 0.0447014 0.0356906 0.0259915 0.0201279 0.0654293 0.0510076
threshold=1.0000000180025095e-35 0.64327000000000012 0.36023071428571435 0.45795500000000006 0.33116857142857142 13.500000000000002 0.43825000000000008 0.35085500000000008 0.19958000000000001 0.18836000000000003 0 0.17374500000000004 0.20847214285714291 0.18226500000000004
decision_type=2 2 2 2 2 2 2 2 2 2 1 2 2 2
left_child=1 2 4 -4 6 -6 7 10 -9 -8 11 -1 -13 -14
right_child=-2 -3 3 -5 5 -7 9 8 -10 -11 -12 12 13 -15
leaf_value=-0.00013827121530506171 -2.4895255282227088e-05 -0.0015390332256044661 0.0038735038643194861 -0.00027838760861948901 -0.0029492784799499939 -3.0020535500212153e-05 0.0017073345644166692 0.0047574090239192752 0.00059866299852728844 -0.0017894257603782333 -0.00019016723287541994 0.0039713353507549445 -0.001267608305439353 0.001689444412227853
leaf_weight=41 2840 13.999999999999998 11.000000000000002 17 11.000000000000002 10.999999999999998 9.9999999999999982 14.000000000000002 11.999999999999998 27 225 17 25 35
leaf_count=41 2840 14 11 17 11 11 10 14 12 27 225 17 25 35
internal_value=-1.25847e-09 0.000150422 0.000202291 0.00135271 0.00012703 -0.00148965 0.000214633 0.000320819 0.00283799 -0.000844355 0.000130013 0.000697531 0.00123316 0.000457339
internal_weight=3310 470 456 28 428 22 406 369 26 37 343 118 77 60
internal_count=3310 470 456 28 428 22 406 369 26 37 343 118 77 60
cat_boundaries=0 1
cat_threshold=209
is_linear=0
shrinkage=0.05


Tree=290
num_leaves=15
num_cat=0
split_feature=1 2 1 4 6 4 3 2 8 8 9 9 6 6
split_gain=0.00495345 0.0133868 0.0410579 0.0320041 0.0283677 0.0248927 0.0274783 0.0259804 0.0550807 0.0509694 0.0682633 0.0379629 0.0368132 0.0868117
threshold=2.5000000000000004 5.5000000000000009 1.5000000000000002 0.12699500000000005 0.16599500000000003 0.070535000000000014 0.12930500000000003 8.5000000000000018 0.23310410714285718 0.21020553571428574 0.11511149865323091 0.09459919238176652 0.17068000000000003 0.144595
decision_type=2 2 2 2 2 2 2 2 2 2 2 2 2 2
left_child=1 2 -1 4 -4 6 -3 8 9 -7 11 -11 13 -10
right_child=-2 5 3 -5 -6 7 -8 -9 12 10 -12 -13 -14 -15
leaf_value=0.00052282467100147711 5.2661844516957277e-05 0.0028531190365486381 -0.0009391067049708343 -2.5165405609146321e-05 -0.0039405482914298779 -0.00070215197245778284 -3.5069399164058272e-05 -6.3611943068725893e-05 -0.0021436062585562469 0.0010395915138845641 -0.00095587377530007098 0.0046598467044532297 -0.0025373593602767766 0.0030300707517502208
leaf_weight=280 1900 13.999999999999998 37 113 9.9999999999999982 113 20 685 25 15.000000000000002 21 13.999999999999998 51 11.999999999999998
leaf_count=280 1900 14 37 113 10 113 20 685 25 15 21 14 51 12
internal_value=-2.99221e-08 -7.1033e-05 0.000157715 -0.000481226 -0.00157771 -0.000174795 0.00115418 -0.00022307 -0.000658245 -0.000114017 0.00121517 0.0027873 -0.0016663 -0.000465657
internal_weight=3310 1410 440 160 47 970 34 936 251 163 50 29 88 37
internal_count=3310 1410 440 160 47 970 34 936 251 163 50 29 88 37
is_linear=0
shrinkage=0.05


Tree=291
num_leaves=15
num_cat=0
split_feature=9 9 6 5 8 7 7 9 1 5 8 8 7 2
split_gain=0.00476212 0.0177907 0.0197218 0.0200264 0.0175833 0.0151133 0.0368243 0.0173405 0.0143381 0.0160954 0.0134922 0.0353755 0.051507 0.0224942
threshold=0.25209895137710064 0.21240763022402986 0.17752500000000002 0.31087000000000004 0.34975839285714289 0.4556885714285715 0.44365357142857148 0.21066005076354857 3.5000000000000004 0.35121500000000005 0.34975839285714289 0.33616607142857147 0.35743000000000008 4.5000000000000009
decision_type=2 2 2 2 2 2 2 2 2 2 2 2 2 2
left_child=1 5 -3 4 -4 6 7 10 9 -2 11 -1 -13 -12
right_child=8 2 3 -5 -6 -7 -8 -9 -10 -11 13 12 -14 -15
leaf_value=-6.5667463039927278e-06 0.00057752761834611486 0.00058083233307115734 -0.0014457393980895478 -0.0028021181467920543 0.0011016291473060847 -0.001692276831286458 0.0029039624676277694 0.001903079291029523 0.001483438645179073 -0.0018596754269674422 0.00072476264904253163 0.0046611555095296339 -3.7187626834825746e-05 -0.0022981932328548283
leaf_weight=3107 21.000000000000004 18 21.000000000000004 15.999999999999998 9.9999999999999982 12.999999999999998 10.999999999999998 11.999999999999998 21 9.9999999999999982 10.000000000000002 10.000000000000002 13.999999999999998 15.999999999999998
leaf_count=3107 21 18 21 16 10 13 11 12 21 10 10 10 14 16
internal_value=-2.84244e-08 -7.60516e-06 -0.00082651 -0.00136549 -0.000624008 9.06531e-06 1.60205e-05 5.99607e-06 0.000474683 -0.000208667 -1.21489e-06 8.20442e-06 0.00192046 -0.00113552
internal_weight=3310 3258 65 47 31 3193 3180 3169 52 31 3157 3131 24 26
internal_count=3310 3258 65 47 31 3193 3180 3169 52 31 3157 3131 24 26
is_linear=0
shrinkage=0.05


Tree=292
num_leaves=15
num_cat=0
split_feature=2 4 6 2 9 3 3 3 4 3 4 9 6 6
split_gain=0.00483044 0.0216256 0.0246138 0.0215666 0.0243838 0.0309466 0.0237386 0.0818995 0.0517288 0.0318185 0.0604786 0.0482904 0.0293103 0.0321912
threshold=17.500000000000004 0.60409000000000013 0.25637000000000004 29.500000000000004 0.053192773107700514 0.37473000000000006 0.15397000000000002 0.17106500000000005 0.160195 0.24624500000000002 0.21402000000000002 0.11884543307493929 0.098730000000000012 0.086785000000000015
decision_type=2 2 2 2 2 2 2 2 2 2 2 2 2 2
left_child=-1 2 3 4 -2 6 12 8 -8 -9 11 -11 13 -6
right_child=1 -3 -4 -5 5 -7 7 9 -10 10 -12 -13 -14 -15
leaf_value=-3.4408275107962256e-05 -0.00032162781871323078 0.0017730411701976619 -0.00038471465356106825 -0.00011480124600590595 1.5418516947344564e-05 -0.00064994802374193183 0.0017511614970862862 -2.4372945118924247e-05 0.0068368686130270365 0.0018575539676627768 0.00011300623824354261 0.0059931113291531802 -0.00040962088947570975 0.0038565486529842023
leaf_weight=2500 70 19 219 246 12.000000000000002 35 10.000000000000002 57 9.9999999999999982 24 35 9.9999999999999982 53 9.9999999999999982
leaf_count=2500 70 19 219 246 12 35 10 57 10 24 35 10 53 10
internal_value=-2.70023e-08 0.000106088 6.60474e-05 0.000238629 0.000505329 0.00073145 0.000950223 0.00132163 0.00429402 0.000849828 0.00157199 0.00307389 0.000227208 0.00176139
internal_weight=3310 810 791 572 326 256 221 146 20 126 69 34 75 22
internal_count=3310 810 791 572 326 256 221 146 20 126 69 34 75 22
is_linear=0
shrinkage=0.05


Tree=293
num_leaves=15
num_cat=0
split_feature=3 3 7 4 3 9 9 7 5 5 2 3 2 6
split_gain=0.0049109 0.0249859 0.0546702 0.0168913 0.0278214 0.0201736 0.0182204 0.0455579 0.0316189 0.0333507 0.0571353 0.0263572 0.0262165 0.0244576
threshold=0.14466000000000004 0.14294500000000002 0.19298071428571431 0.073405000000000012 0.12385000000000002 0.11358519172385824 0.10847451434131276 0.23388785714285718 0.31363000000000002 0.13619500000000004 4.5000000000000009 0.12156000000000002 26.500000000000004 0.26680000000000009
decision_type=2 2 2 2 2 2 2 2 2 2 2 2 2 2
left_child=1 3 -3 4 5 -1 7 8 9 13 -11 -9 -12 -5
right_child=-2 2 -4 6 -6 -7 -8 11 -10 10 12 -13 -14 -15
leaf_value=-0.0010704474483767021 -3.591027764221287e-05 0.0043068962468003676 -0.00033387301179269951 -0.00053122970488696025 0.0033158807316794993 0.001307517528634476 -0.00029608330116027504 0.003910715233845014 -0.001656390441581607 0.0019460653305681524 -0.00011303508751841103 0.00085013913990491456 0.0015178174364525055 0.0020200190274044872
leaf_weight=14.999999999999998 2457 11.000000000000002 14.999999999999998 155 9.9999999999999982 22 312 12.000000000000002 25 56 164 17 29 9.9999999999999982
leaf_count=15 2457 11 15 155 10 22 312 12 25 56 164 17 29 10
internal_value=-2.56539e-08 0.000103337 0.00162953 5.53553e-05 0.000975904 0.000343478 -1.13599e-07 0.0001972 7.04065e-05 0.000174682 0.000539994 0.00211658 0.000132015 -0.000376609
internal_weight=3310 853 26 827 47 37 780 468 439 414 249 29 193 165
internal_count=3310 853 26 827 47 37 780 468 439 414 249 29 193 165
is_linear=0
shrinkage=0.05


Tree=294
num_leaves=15
num_cat=2
split_feature=8 8 0 6 5 0 9 9 9 8 9 3 6 9
split_gain=0.00500606 0.0342788 0.0366067 0.123176 0.112647 0.0298842 0.0427272 0.0417781 0.0387826 0.039173 0.0374552 0.0404851 0.037346 0.0546725
threshold=0.25956767857142865 0.25223642857142864 0 0.28592500000000004 0.13390000000000002 1 0.13950757011184203 0.12146982085147397 0.11884543307493929 0.26498857142857152 0.16296470573365629 0.51959000000000011 0.45335500000000001 0.1434876570603372
decision_type=2 2 1 2 2 1 2 2 2 2 2 2 2 2
left_child=1 2 3 4 -1 6 -2 8 9 -7 11 12 13 -8
right_child=5 -3 -4 -5 -6 7 10 -9 -10 -11 -12 -13 -14 -15
leaf_value=0.0042439506222893093 -0.001447751834236372 -0.00082622310428772695 -3.6326124541697306e-05 0.0046076296718398991 -0.00066916682516291208 0.0027108552045485177 0.0025583582988474522 -1.8362361619845245e-05 0.0039072039653547108 0.00047712209702445104 -0.00062238855361515153 0.0037291743245441468 0.0027571690011037784 -0.00071992190116302928
leaf_weight=13.999999999999998 65 130 2233 19 70 22 15.999999999999998 353 9.9999999999999982 182 110 9.9999999999999982 13.999999999999998 62
leaf_count=14 65 130 2233 19 70 22 16 353 10 182 110 10 14 62
internal_value=-2.43716e-08 -3.59975e-05 7.97907e-06 0.000886005 0.000149686 0.000105082 -0.000314899 0.000310338 0.000867042 0.000718015 1.75846e-05 0.000707752 0.000379336 -4.74542e-05
internal_weight=3310 2466 2336 103 84 844 277 567 214 204 212 102 92 78
internal_count=3310 2466 2336 103 84 844 277 567 214 204 212 102 92 78
cat_boundaries=0 1 2
cat_threshold=8 521
is_linear=0
shrinkage=0.05


Tree=295
num_leaves=15
num_cat=0
split_feature=6 4 4 6 7 5 4 4 6 5 5 5 8 3
split_gain=0.00487412 0.0358727 0.0377659 0.0271928 0.0424573 0.0419404 0.0308995 0.0321717 0.0244272 0.0333178 0.0334036 0.0238377 0.0234829 0.0215348
threshold=0.41131000000000006 0.12275000000000001 0.097295000000000006 0.44317500000000004 0.24642214285714287 0.20494000000000004 0.20646 0.47236000000000006 0.51649000000000012 0.31087000000000004 0.24754000000000001 0.14825000000000002 0.24974267857142862 0.86634500000000014
decision_type=2 2 2 2 2 2 2 2 2 2 2 2 2 2
left_child=13 2 -2 4 -3 -6 11 8 -8 10 12 -5 -10 -1
right_child=1 3 -4 6 5 -7 7 -9 9 -11 -12 -13 -14 -15
leaf_value=2.5463811229673507e-05 -0.00015188700053840872 -0.0026518512218414499 0.0036113863384040694 -0.0023968557270372436 0.002140581869305326 -0.0016828543128212916 0.0019829525471469689 -0.0015198848850559443 0.0019503334113820027 -0.0015364917046907876 0.0035548124089837077 -0.00034728928304892699 -0.0010507026172490441 -0.0022986338660120962
leaf_weight=3036 15.000000000000002 30 11.999999999999998 19 13.000000000000002 15.999999999999998 31 17 11.000000000000002 18 9.9999999999999982 56 15.999999999999998 9.9999999999999982
leaf_count=3036 15 30 12 19 13 16 31 17 11 18 10 56 16 10
internal_value=-2.8638e-08 -0.000206123 0.00152068 -0.000402848 -0.00133311 3.10998e-05 -9.45015e-05 0.000467643 0.000860526 0.000227885 0.00108623 -0.000866513 0.000171942 1.78338e-05
internal_weight=3310 264 27 237 59 29 178 103 86 55 37 75 27 3046
internal_count=3310 264 27 237 59 29 178 103 86 55 37 75 27 3046
is_linear=0
shrinkage=0.05


Tree=296
num_leaves=15
num_cat=0
split_feature=8 3 8 9 7 7 9 2 9 8 6 1 4 8
split_gain=0.00497328 0.0224662 0.0427869 0.0231012 0.053607 0.0520742 0.0423056 0.0576404 0.0221958 0.0232968 0.032661 0.0249098 0.0406674 0.0241223
threshold=0.27767535714285718 0.18409000000000003 0.28122482142857147 0.17189527673305324 0.20154214285714292 0.24331000000000005 0.21240763022402986 15.500000000000002 0.12146982085147397 0.28816107142857145 0.20855000000000004 2.5000000000000004 0.16229500000000002 0.3239178571428572
decision_type=2 2 2 2 2 2 2 2 2 2 2 2 2 2
left_child=-1 2 -2 4 -4 -6 7 -5 -3 10 -10 -11 -13 -14
right_child=1 8 3 6 5 -7 -8 -9 9 11 -12 12 13 -15
leaf_value=-2.9538467118861896e-05 0.0035652594058774413 0.00050276736938476019 -0.0031044634488912731 0.0056679458916187274 0.0037216876260936262 -0.00038288553520996019 8.1856226482029471e-05 0.00042292816426858982 -2.2862100377096797e-05 -0.00062884911731408359 -0.0023395942403645867 0.0031277696873682238 -0.00047016057637953314 0.00072844850947149107
leaf_weight=2687 11.999999999999998 143 12.999999999999998 10.000000000000002 9.9999999999999982 34 35 10.999999999999998 32 114 29 11.999999999999998 86 82
leaf_count=2687 12 143 13 10 10 34 35 11 32 114 29 12 86 82
internal_value=-2.72053e-08 0.000127255 0.000726564 0.00042511 -0.000283496 0.000549972 0.00114637 0.00292056 -2.31741e-05 -0.000235032 -0.00112426 -5.05326e-05 0.000315734 0.000114875
internal_weight=3310 623 125 113 57 44 56 21 498 355 61 294 180 168
internal_count=3310 623 125 113 57 44 56 21 498 355 61 294 180 168
is_linear=0
shrinkage=0.05


Tree=297
num_leaves=15
num_cat=1
split_feature=1 6 6 9 4 3 0 5 5 7 6 4 3 5
split_gain=0.00487941 0.0145998 0.0448963 0.0276586 0.0351378 0.0196661 0.0185205 0.0275411 0.0444989 0.0351128 0.0247982 0.0203291 0.0176311 0.0562457
threshold=1.0000000180025095e-35 0.30431500000000006 0.43825000000000008 0.080223528883712189 0.24893000000000001 0.18836000000000003 0 0.14055000000000004 0.17867000000000002 0.19065714285714289 0.28196000000000004 0.25103000000000003 0.18409000000000003 0.24839000000000003
decision_type=2 2 2 2 2 2 1 2 2 2 2 2 2 2
left_child=1 6 3 -3 -5 -4 -1 9 11 -8 12 -9 13 -10
right_child=-2 2 5 4 -6 -7 7 8 10 -11 -12 -13 -14 -15
leaf_value=-0.00052813042627151486 -2.4722002809783234e-05 -0.00057664105922661051 0.0012556250934721903 0.0034458049132954334 0.00054855998346789014 -0.001108048372782033 0.00025767011641248788 -0.00060789740700177694 -0.0005448427103426814 0.0031585018795928644 -0.0016478626722736017 -0.0028148192383923745 0.00014014594708707665 0.002525301009383319
leaf_weight=105 2840 10.999999999999998 11.999999999999998 25 18 33 27 30 26 17 13.999999999999998 15.999999999999998 101 35
leaf_count=105 2840 11 12 25 18 33 27 30 26 17 14 16 101 35
internal_value=-2.58454e-08 0.000149202 0.000688667 0.00166067 0.002233 -0.000477735 5.24767e-06 0.000227108 9.14531e-06 0.00137845 0.000371047 -0.00137552 0.000545521 0.00121672
internal_weight=3310 470 99 54 43 45 371 266 222 44 176 46 162 61
internal_count=3310 470 99 54 43 45 371 266 222 44 176 46 162 61
cat_boundaries=0 1
cat_threshold=268
is_linear=0
shrinkage=0.05


Tree=298
num_leaves=15
num_cat=0
split_feature=9 9 5 2 5 6 9 6 6 2 5 9 6 5
split_gain=0.00486939 0.0202406 0.0238235 0.0263205 0.0222217 0.0142672 0.0207236 0.0142496 0.0146349 0.0194175 0.013719 0.0204781 0.0172311 0.0249594
threshold=0.062143127852018164 0.053192773107700514 0.10010500000000001 27.500000000000004 0.081830000000000014 0.076760000000000009 0.050434955448771211 0.13484500000000002 0.14629500000000004 20.500000000000004 0.13002000000000002 0.056635579737371468 0.27032000000000006 0.27473000000000009
decision_type=2 2 2 2 2 2 2 2 2 2 2 2 2 2
left_child=1 4 -3 10 -1 -6 7 -7 -9 -10 11 -4 13 -12
right_child=-2 2 3 -5 5 6 -8 8 9 -11 12 -13 -14 -15
leaf_value=0.0022163561847992242 -2.613625062861474e-05 -0.0013717348827049138 0.0032378911196636697 -0.001233461544416059 0.0015119941206648948 -0.00064943325947611956 -0.001020636945552846 0.0015297234049189445 0.0004245990298491402 -0.00083860747061323285 0.00027135070072940187 0.0003550218492323025 0.0022977737104520205 0.0026707262673880908
leaf_weight=9.9999999999999982 2795 14.999999999999998 14.000000000000002 15.999999999999998 11.999999999999998 65 67 19 104 43 112 10.999999999999998 14.999999999999998 11.999999999999998
leaf_count=10 2795 15 14 16 12 65 67 19 104 43 112 11 15 12
internal_value=-1.04331e-07 0.000141176 0.000542723 0.000702261 -0.000103517 -0.000178352 -0.000246419 -2.18625e-05 0.000223873 5.50896e-05 0.000891112 0.00196943 0.00069717 0.000503548
internal_weight=3310 515 195 180 320 310 298 231 166 147 164 25 139 124
internal_count=3310 515 195 180 320 310 298 231 166 147 164 25 139 124
is_linear=0
shrinkage=0.05


Tree=299
num_leaves=15
num_cat=0
split_feature=2 5 9 3 9 5 5 3 1 3 4 5 7 5
split_gain=0.00501107 0.0209835 0.0451299 0.0278873 0.0243358 0.0288487 0.029035 0.0277197 0.0304371 0.0301705 0.0199178 0.034143 0.0295009 0.0257866
threshold=17.500000000000004 0.60086500000000009 0.17678246337196404 0.60594500000000007 0.21066005076354857 0.227025 0.22043500000000002 0.10318000000000001 3.5000000000000004 0.11967000000000001 0.10490500000000001 0.12895500000000001 0.22349428571428573 0.166135
decision_type=2 2 2 2 2 2 2 2 2 2 2 2 2 2
left_child=-1 3 -3 4 5 6 7 8 -2 -9 11 -11 -13 -12
right_child=1 2 -4 -5 -6 -7 -8 9 -10 10 13 12 -14 -15
leaf_value=-3.5117308454136944e-05 0.0006161991641140328 0.0040825400360336049 -0.00066771576646715411 -0.0019357124501017528 0.0021772091243682161 -0.00032409550394891487 0.0023414376780719441 -0.0014065346478795012 0.0037537406706674536 0.003853302823845297 -0.0002934464080975906 -0.0012168130873200982 0.0023954527112073267 0.00055644690311576635
leaf_weight=2500 26 10.000000000000002 9.9999999999999982 17 13.999999999999998 285 17 30 10.999999999999998 9.9999999999999982 179 13.000000000000002 9.9999999999999982 178
leaf_count=2500 26 10 10 17 14 285 17 30 11 10 179 13 10 178
internal_value=-9.9117e-08 0.000107982 0.00170741 6.74898e-05 0.000111545 7.34429e-05 0.000312469 0.000236993 0.00154898 0.000121413 0.000238948 0.00141421 0.000353737 0.00013031
internal_weight=3310 810 20 790 773 759 474 457 37 420 390 33 23 357
internal_count=3310 810 20 790 773 759 474 457 37 420 390 33 23 357
is_linear=0
shrinkage=0.05


end of trees

feature_importances:
lag7=622
days_to_holiday=552
lag28=476
roll28_lag7=474
lag14=455
std28_lag7=455
lag21=411
roll7_lag7=376
dow=229
airport_idx=150

parameters:
[boosting: gbdt]
[objective: regression]
[metric: l2]
[tree_learner: serial]
[device_type: cpu]
[data_sample_strategy: bagging]
[data: ]
[valid: ]
[num_iterations: 300]
[learning_rate: 0.05]
[num_leaves: 15]
[num_threads: 4]
[seed: 42]
[deterministic: 0]
[force_col_wise: 0]
[force_row_wise: 0]
[histogram_pool_size: -1]
[max_depth: -1]
[min_data_in_leaf: 10]
[min_sum_hessian_in_leaf: 0.001]
[bagging_fraction: 1]
[pos_bagging_fraction: 1]
[neg_bagging_fraction: 1]
[bagging_freq: 0]
[bagging_seed: 400]
[bagging_by_query: 0]
[feature_fraction: 0.9]
[feature_fraction_bynode: 1]
[feature_fraction_seed: 30056]
[extra_trees: 0]
[extra_seed: 12879]
[early_stopping_round: 0]
[early_stopping_min_delta: 0]
[first_metric_only: 0]
[max_delta_step: 0]
[lambda_l1: 0]
[lambda_l2: 0]
[linear_lambda: 0]
[min_gain_to_split: 0]
[drop_rate: 0.1]
[max_drop: 50]
[skip_drop: 0.5]
[xgboost_dart_mode: 0]
[uniform_drop: 0]
[drop_seed: 17869]
[top_rate: 0.2]
[other_rate: 0.1]
[min_data_per_group: 100]
[max_cat_threshold: 32]
[cat_l2: 10]
[cat_smooth: 10]
[max_cat_to_onehot: 4]
[top_k: 20]
[monotone_constraints: ]
[monotone_constraints_method: basic]
[monotone_penalty: 0]
[feature_contri: ]
[forcedsplits_filename: ]
[refit_decay_rate: 0.9]
[cegb_tradeoff: 1]
[cegb_penalty_split: 0]
[cegb_penalty_feature_lazy: ]
[cegb_penalty_feature_coupled: ]
[path_smooth: 0]
[interaction_constraints: ]
[verbosity: -1]
[saved_feature_importance_type: 0]
[use_quantized_grad: 0]
[num_grad_quant_bins: 4]
[quant_train_renew_leaf: 0]
[stochastic_rounding: 1]
[linear_tree: 0]
[max_bin: 255]
[max_bin_by_feature: ]
[min_data_in_bin: 3]
[bin_construct_sample_cnt: 200000]
[data_random_seed: 175]
[is_enable_sparse: 1]
[enable_bundle: 1]
[use_missing: 1]
[zero_as_missing: 0]
[feature_pre_filter: 1]
[pre_partition: 0]
[two_round: 0]
[header: 0]
[label_column: ]
[weight_column: ]
[group_column: ]
[ignore_column: ]
[categorical_feature: 0]
[forcedbins_filename: ]
[precise_float_parser: 0]
[parser_config_file: ]
[objective_seed: 16083]
[num_class: 1]
[is_unbalance: 0]
[scale_pos_weight: 1]
[sigmoid: 1]
[boost_from_average: 1]
[reg_sqrt: 0]
[alpha: 0.9]
[fair_c: 1]
[poisson_max_delta_step: 0.7]
[tweedie_variance_power: 1.5]
[lambdarank_truncation_level: 30]
[lambdarank_norm: 1]
[label_gain: ]
[lambdarank_position_bias_regularization: 0]
[eval_at: ]
[multi_error_top_k: 1]
[auc_mu_weights: ]
[num_machines: 1]
[local_listen_port: 12400]
[time_out: 120]
[machine_list_filename: ]
[machines: ]
[gpu_platform_id: -1]
[gpu_device_id: -1]
[gpu_device_id_list: ]
[gpu_use_dp: 0]
[num_gpu: 1]

end of parameters

pandas_categorical:[]
