tree
version=v4
num_class=1
num_tree_per_iteration=1
label_index=0
max_feature_idx=21
objective=binary sigmoid:1
feature_names=carrier origin dest dep_hour arr_hour crs_dep_min_of_day day_of_week is_weekend days_to_holiday distance_mi crs_elapsed_min sched_speed_mpm origin_sched_deps_day origin_sched_deps_hour dest_sched_arrs_hour carrier_sched_day te_route_delay te_route_cancel te_carrier_origin_delay te_carrier_origin_cancel te_flight_delay te_flight_cancel
feature_infos=-1:12:3:0:10:11:13:7:1:9:2:4:8:5 -1:247:91:20:92:260:189:71:187:306:212:308:44:88:198:113:165:99:318:235:224:42:177:296:259:56:121:23:339:215:86:328:256:154:320:163:283:156:236:211:72:170:266:322:315:297:69:317:294:82:255:241:55:225:176:242:243:246:244:2:64:217:305:28:43:343:54:139:248:289:130:286:17:342:298:326:199:34:107:276:98:200:182:277:355:141:201:268:76:239:233:348:117:166:14:57:291:24:336:140:157:209:307:114:279:65:21:351:103:263:309:299:196:87:110:159:257:300:168:19:174:190:26:125:127:116:173:272:223:282:313:53:58:172:330:16:214:261:329:301:62:136:175:133:219:104:167:158:227:344:232:218:52:59:36:97:234:295:310:37:180:280:123:119:337:115:79:135:8:33:278:0:80:31:77:85:134:237:230:202:226:356:332:7:197:220:39:229:143:148:78:41:185:47:73:138:183:63:151:210:290:12:25:96:222:27:49:1:281:153:111:314:145:231:120:204:293:340:358:106:252:40:131:6:126:137:188:333:5:74:194:195:267:75:84:238:171:323:331:347:83:228:66:155:207:285:68:70:152:271:287:292:94:184:319 -1:247:91:20:92:260:189:71:187:212:306:308:88:44:198:113:165:318:99:235:224:42:177:296:121:56:259:23:339:215:86:328:256:320:154:163:283:156:170:236:211:315:72:322:266:69:297:294:255:82:317:241:55:225:176:242:43:246:2:64:244:217:243:28:305:289:343:248:54:286:342:130:298:34:326:139:17:107:200:199:277:182:276:98:76:268:233:355:117:141:201:348:239:14:279:57:166:157:140:24:336:19:351:307:209:114:110:291:196:159:309:87:103:300:65:263:257:299:125:26:168:272:190:174:21:127:116:173:175:282:53:330:313:133:223:301:172:214:136:104:58:280:97:232:261:52:219:329:337:36:167:180:16:310:59:227:119:62:218:344:115:123:295:332:234:79:135:0:202:158:33:37:85:31:77:356:39:8:78:237:226:134:229:148:47:80:230:183:197:278:111:143:73:12:96:151:7:358:210:41:220:27:63:153:222:290:120:25:281:252:49:185:231:131:194:340:1:204:205:138:5:126:145:6:106:319:195:228:293:347:137:94:288:314:345:40:109:188:284:316:22:3:10:11:83:292:70:240:271:331:15:169:181:155:216 [0:23] [0:23] [4:1439] [1:7] [0:1] [0:30] [31:5095] [25:688] [0.81707316637039185:10.649999618530273] [1:1099] [1:106] [1:114] [26:4425] [0.051267147064208984:0.5017625093460083] [0.00086271914187818766:0.11669936776161194] [0.055028028786182404:0.48305010795593262] [0.001141980872489512:0.097816877067089081] [0.044994276016950607:0.54367071390151978] [0.0020200682338327169:0.14772011339664459]
tree_sizes=18871 23492 23286 23703 21179 24364 21479 23103 23848 22289 22040 23883 22167 19371 21671 19402 22108 23907 19317 21924

Tree=0
num_leaves=179
num_cat=0
split_feature=5 16 20 15 20 20 15 16 5 20 16 16 6 6 5 20 6 20 16 16 3 5 16 15 5 6 16 8 18 18 15 15 16 6 20 16 6 14 6 14 16 5 8 8 18 18 18 6 5 8 6 6 6 8 8 15 6 12 8 20 8 15 18 9 8 15 18 8 15 14 18 15 12 20 6 8 20 16 14 15 20 16 8 20 8 15 16 20 18 8 5 15 11 12 5 11 6 18 8 6 16 6 8 15 14 18 20 8 8 8 8 16 8 8 11 10 20 6 8 20 18 18 18 6 14 6 8 15 8 6 8 15 11 16 5 15 16 18 16 14 6 6 8 20 8 15 15 5 5 14 15 6 8 8 8 15 11 10 11 5 11 5 15 5 18 14 20 16 14 14 5 18 14 8 8 20 8 5
split_gain=6792.84 3330.12 1042.35 1011.97 918.872 653.662 428.92 374.861 341.38 280.763 219.12 215.506 195.803 167.958 165.668 156.234 148.107 131.776 125.444 120.433 113.881 112.6 101.084 98.8738 94.736 92.8769 86.3617 83.9406 76.7688 74.175 71.9212 68.2146 65.5836 62.1265 60.765 59.462 59.3013 57.8894 54.0047 53.5799 53.4821 51.8635 50.935 68.7421 50.5289 50.007 46.8604 50.009 46.4346 44.6858 44.1098 43.6972 42.689 42.4328 40.5907 40.1909 39.6677 39.0472 38.7348 38.5956 38.4388 38.2454 37.9614 37.9208 37.5369 39.8683 36.5711 36.0267 35.7808 35.7723 34.5557 34.3074 33.0033 32.9967 32.0896 38.1815 32.0517 31.7644 31.2522 31.2038 32.9669 31.0858 34.5308 30.4277 29.8485 29.8075 29.7441 29.1555 29.1264 29.0865 28.8432 28.25 27.7214 27.682 27.6275 27.0739 26.6576 26.4745 26.4107 26.3396 25.9043 25.4579 42.4057 31.388 25.267 24.9654 24.8479 24.7481 24.7211 29.7436 24.7074 28.4282 24.6079 56.617 24.5681 24.5088 34.4722 24.4122 24.2068 24.113 23.4392 23.3487 23.2923 23.0004 22.5644 22.5017 34.7166 38.1029 28.7437 22.427 22.3286 22.4051 21.7299 23.1319 21.7255 21.643 21.4235 21.3383 21.1258 21.0526 20.9633 20.7997 32.4336 20.7696 20.3518 26.6378 20.2541 20.264 20.2123 21.7347 20.0334 19.9367 19.7323 24.489 25.6956 23.157 19.6075 19.6071 19.5356 19.4652 19.4 19.3714 19.4067 19.3061 19.0643 19.0062 18.9935 18.9471 18.8631 18.7551 18.6574 18.6451 18.5041 18.3038 21.1708 18.1067 19.4609 18.0801
threshold=735.50000000000011 0.21778025478124621 0.22000930458307269 3894.5000000000005 0.26251706480979925 0.1921731233596802 4003.5000000000005 0.21778025478124621 505.50000000000006 0.34500949084758764 0.27091100811958319 0.19981200993061068 3.5000000000000004 6.5000000000000009 870.50000000000011 0.31685662269592291 3.5000000000000004 0.25454132258892065 0.14934568107128146 0.19234496355056765 7.5000000000000009 900.50000000000011 0.16573952883481982 3574.0000000000005 525.50000000000011 1.5000000000000002 0.27218462526798254 16.500000000000004 0.24814073741436007 0.27322846651077276 3034.5000000000005 4230.5000000000009 0.25889654457569128 4.5000000000000009 0.15174421668052676 0.27218462526798254 6.5000000000000009 19.500000000000004 4.5000000000000009 14.500000000000002 0.16573952883481982 1035.5000000000002 3.5000000000000004 1.5000000000000002 0.19270860403776172 0.1144964136183262 0.19290029257535937 6.5000000000000009 810.50000000000011 18.500000000000004 5.5000000000000009 3.5000000000000004 1.5000000000000002 6.5000000000000009 3.5000000000000004 4058.0000000000005 6.5000000000000009 293.50000000000006 29.500000000000004 0.13633096963167193 9.5000000000000018 2806.5000000000005 0.25234696269035345 1850.0000000000002 22.500000000000004 539.00000000000011 0.1590288653969765 3.5000000000000004 4245.5000000000009 35.500000000000007 0.25550369918346411 3574.0000000000005 329.50000000000006 0.20166517794132235 1.5000000000000002 5.5000000000000009 0.25540541112422949 0.25804327428340917 13.500000000000002 3100.5000000000005 0.12853561341762546 0.24228592216968539 12.500000000000002 0.3032804280519486 17.500000000000004 3568.5000000000005 0.3031452894210816 0.36990390717983251 0.20070145279169085 28.500000000000004 975.50000000000011 3894.5000000000005 7.1430702209472665 913.50000000000011 895.50000000000011 5.8995182514190683 4.5000000000000009 0.27497431635856634 17.500000000000004 1.5000000000000002 0.27913609147071844 5.5000000000000009 2.5000000000000004 4137.0000000000009 13.500000000000002 0.34022966027259832 0.24493261426687243 18.500000000000004 16.500000000000004 29.500000000000004 16.500000000000004 0.32879944145679479 16.500000000000004 29.500000000000004 6.7939546108245858 217.50000000000003 0.14790431410074237 4.5000000000000009 1.5000000000000002 0.19158141314983371 0.34356233477592474 0.17795296013355258 0.26957486569881445 3.5000000000000004 18.500000000000004 5.5000000000000009 2.5000000000000004 4204.5000000000009 19.500000000000004 4.5000000000000009 19.500000000000004 4204.5000000000009 2.3494185209274296 0.31567114591598516 650.50000000000011 2823.0000000000005 0.24228592216968539 0.22568059712648394 0.28128455579280859 49.500000000000007 1.5000000000000002 6.5000000000000009 3.5000000000000004 0.18125799298286441 3.5000000000000004 3792.5000000000005 295.00000000000006 1369.5000000000002 950.50000000000011 73.500000000000014 2853.0000000000005 1.5000000000000002 12.500000000000002 29.500000000000004 25.500000000000004 3574.0000000000005 6.3863933086395273 325.50000000000006 6.7168645858764657 845.50000000000011 6.0182373523712167 665.50000000000011 3003.5000000000005 840.50000000000011 0.19486199319362643 41.500000000000007 0.18002583086490634 0.11986336857080461 75.500000000000014 24.500000000000004 1005.5000000000001 0.32906861603260046 19.500000000000004 29.500000000000004 28.500000000000004 0.23074300587177279 6.5000000000000009 935.50000000000011
decision_type=2 2 2 2 2 2 2 2 2 2 2 2 2 2 2 2 2 2 2 2 2 2 2 2 2 2 2 2 2 2 2 2 2 2 2 2 2 2 2 2 2 2 2 2 2 2 2 2 2 2 2 2 2 2 2 2 2 2 2 2 2 2 2 2 2 2 2 2 2 2 2 2 2 2 2 2 2 2 2 2 2 2 2 2 2 2 2 2 2 2 2 2 2 2 2 2 2 2 2 2 2 2 2 2 2 2 2 2 2 2 2 2 2 2 2 2 2 2 2 2 2 2 2 2 2 2 2 2 2 2 2 2 2 2 2 2 2 2 2 2 2 2 2 2 2 2 2 2 2 2 2 2 2 2 2 2 2 2 2 2 2 2 2 2 2 2 2 2 2 2 2 2 2 2 2 2 2 2
left_child=2 3 8 5 6 18 10 24 19 13 16 66 28 23 55 20 25 44 59 79 69 -18 45 26 61 53 51 46 40 63 34 39 115 41 -21 114 37 87 71 93 167 110 43 -15 112 -16 166 91 -8 104 86 74 106 143 118 -5 152 83 73 -2 -44 164 78 96 132 -66 119 -52 101 150 141 99 -41 -29 75 -6 -30 -25 -35 80 -1 -62 -83 -26 168 124 -31 97 108 -86 -84 158 -88 125 -64 -57 -22 -11 139 -20 177 103 136 -50 -27 134 -42 -76 -40 -110 140 -112 -14 -114 -17 123 -117 -61 -49 -10 129 -75 -36 -13 -54 -24 -127 128 -128 -59 131 -104 -28 -134 -34 -109 -103 -45 -71 -43 -12 146 -143 -3 145 172 -19 148 -148 -150 -9 -78 -46 154 155 -154 -85 -123 175 -67 -79 162 -68 -51 -4 -108 -23 -7 -53 -93 -170 -102 -73 174 -165 -48 -177 -39
right_child=1 4 7 14 9 12 48 15 11 36 33 32 17 42 22 35 21 70 38 30 29 27 31 77 57 49 64 58 76 50 -32 -33 105 62 122 -37 -38 100 88 72 52 98 60 137 56 -47 47 54 68 163 67 84 85 -55 -56 95 -58 120 -60 117 81 -63 94 -65 65 159 161 -69 -70 138 -72 144 -74 121 107 -77 151 160 -80 -81 -82 82 90 156 89 -87 92 -89 -90 -91 -92 169 -94 -95 -96 -97 -98 -99 -100 -101 171 102 130 -105 -106 -107 165 135 109 -111 111 -113 113 -115 -116 116 -118 -119 -120 -121 -122 157 -124 -125 -126 126 127 -129 -130 -131 -132 -133 133 -135 -136 -137 -138 -139 -140 -141 -142 142 -144 -145 -146 -147 147 -149 149 -151 -152 -153 153 -155 -156 -157 -158 -159 -160 -161 -162 -163 -164 173 -166 -167 -168 -169 170 -171 -172 -173 -174 -175 -176 176 -178 -179
leaf_value=-1.3629839148228482 -1.3534582005505107 -1.2925615021530013 -1.3415845968334088 -1.3129724227348165 -1.2029444351278742 -1.3595032138606331 -1.2476372783643133 -1.3152867092423195 -1.3540151521485377 -1.2584158068742815 -1.251249192888388 -1.3295330870827549 -1.3011259190249289 -1.2030987568246991 -1.3419270757581756 -1.2911695503688367 -1.2832286268581437 -1.1659444544734572 -1.3082745796838375 -1.3472990195665258 -1.3031998831403664 -1.3203884726714969 -1.2541955283731812 -1.2037211517576862 -1.3262246189659388 -1.3178112107243956 -1.2651428859858662 -1.2449446010217484 -1.2893829942848889 -1.2865054487033269 -1.3572241608547257 -1.1299466255462982 -1.3058560718722345 -1.2710856151162855 -1.330292104595856 -1.2170955185906083 -1.1461728474669752 -1.2399421918481726 -1.3152921183265667 -1.2137752280663021 -1.2943906478006921 -1.2503340251099948 -1.2275116563150239 -1.1709038172959056 -1.2883773408026793 -1.2527510962490722 -1.2707204929335147 -1.2187505532508576 -1.2392654790316127 -1.3095421106362906 -1.1848374798163159 -1.2451967253519753 -1.317674998188221 -1.2778594163059358 -1.2442162976133782 -1.2828700569746514 -1.2552948700269408 -1.310435552073004 -1.2618689535142369 -1.3388483118379568 -1.2266233852155697 -1.3556117810543895 -1.2399537540408223 -1.256363338638089 -1.0758543696412384 -1.2571304992590044 -1.3316760938985479 -1.2532685801621675 -1.0590246659332159 -1.3061209594014145 -1.2259515513397887 -1.2323593810844715 -1.1651930830063213 -1.2740743243291992 -1.2768257629303041 -1.2574390885432656 -1.2100965347914638 -1.1796198549958583 -1.2291427026983566 -1.3702449901298659 -1.3464549475116685 -1.0872524865728184 -1.2222868330033216 -1.2950554743964486 -1.1866467911344996 -1.2729994106898563 -1.2570145808906483 -1.1937897935213375 -1.2862550660445102 -1.2482199490232415 -1.1607561386209362 -1.224227125326474 -1.101979597860639 -1.1790323125580318 -1.201063577428948 -1.2319995767563332 -1.2836466206780124 -1.209128533038242 -1.2013021883448471 -1.328124789870373 -1.1675888863948813 -1.1482615056995198 -1.2187639300365942 -1.1875332016795934 -1.2951203126382265 -1.2431076135581265 -1.276199871908148 -1.2273317181657921 -1.2724177221378667 -1.3333278745098809 -1.2554277957610245 -1.1654139761867177 -1.2565889254399747 -1.3293557066755883 -1.2067619312293847 -1.3484267433463952 -1.2922593669592799 -1.3169713170188524 -1.1383501739059598 -1.3210092069105985 -1.2049797252932981 -1.1826290544329952 -1.3119013808034015 -1.3143057547709509 -1.2981305706464323 -1.1324248378343307 -1.2727973277531111 -1.1223746769859997 -1.189520930338789 -1.2821754451185432 -1.1346934432689753 -1.1262115524369944 -1.2326428140007428 -1.2109424432400344 -1.2823046284024386 -1.3243746022516425 -1.0099878119980863 -1.076873606673814 -1.2669908809656478 -1.1894800505749163 -1.2845875754974638 -1.1933530775028491 -1.2568981591382964 -1.228077069013521 -1.2966776532344511 -1.3259314004517448 -1.2839589766688591 -1.3431167626847025 -1.2618138375283319 -1.1991951210094354 -1.3465964296812498 -1.2635996527192837 -1.2718425183119635 -1.3065351169525345 -1.2023456798627863 -1.1522049607336724 -1.1932884242508865 -1.298167425411999 -1.2988016860162901 -1.1935778424767078 -1.098259999888114 -1.3224711749405307 -1.3481261344703801 -1.25765633739815 -1.3165437512043026 -1.2281045728809077 -1.2758167418603279 -1.3182214779514578 -1.261909144992619 -1.0873613191502502 -1.1317601758402731 -1.1036277993033383 -1.0585429148470631 -1.2924733333066918 -1.171093743658902 -1.2286767390328754 -1.2669449617634088 -1.1844714443224003
leaf_weight=1281.2268251180649 662.56379306316376 37.82219409942627 347.15371012687683 184.55204531550407 119.20745104551315 78.514822572469711 96.919372379779816 574.42457288503647 969.02487471699715 117.85665839910507 164.45900470018387 1102.7533467113972 1156.9539016485214 88.645767420530319 44.238459169864655 140.14473706483841 1030.3170910477638 12.494831979274748 566.82636424899101 1354.5073261857033 1029.6416947245598 80.203313380479813 373.49416673183441 161.25087216496468 732.80501067638397 603.12891662120819 98.270165026187897 120.0516964495182 202.95659512281418 477.67404958605766 1015.964919179678 54.369404017925262 761.50935441255569 182.86355450749397 2183.556312918663 270.66507652401924 197.72227361798286 48.628535270690918 939.30743649601936 392.91181102395058 501.31292089819908 417.90147498250008 255.13096109032631 20.937286019325256 1001.6127473115921 443.90423342585564 488.98693799972534 53.187460452318192 108.56995895504951 71.085463017225266 64.33149978518486 828.03589224815369 882.23644718527794 574.59342196583748 228.95935356616974 195.52723556756973 455.89251816272736 423.47349464893341 122.07788541913033 796.46111413836479 89.15231466293335 512.45696023106575 175.09649679064751 181.34391278028488 16.716058999300003 36.809099614620209 1599.338493347168 209.87940743565559 13.507926464080809 253.10477212071419 218.49071055650711 8.7801522016525286 115.99931851029396 21.612682342529297 559.56585377454758 265.76845318078995 70.916613936424255 39.510684907436371 300.72021290659904 850.66166907548904 1945.8168071508408 27.691249251365662 74.968991875648499 45.082704573869705 133.22192475199699 159.73123043775558 236.21986404061317 306.29223257303238 503.50795894861221 77.839426249265671 139.9758879840374 28.366645574569702 7.598208636045455 46.771195381879807 352.55688071250916 101.81599572300911 787.51211285591125 171.04411885142326 109.58305343985558 1745.0552500784397 314.22813937067986 14.183322787284853 92.866994440555573 243.81807267665863 655.30328258872032 55.382498502731323 231.32324069738388 121.74018725752831 202.28119879961014 68.721575886011124 141.49552971124649 26.678154766559601 247.53275245428085 94.555485248565674 26.17160752415657 83.749144077301025 423.3046455681324 553.3184377849102 43.731911927461624 165.97864642739296 17.560304403305054 233.349429666996 552.30534330010414 1496.5094031393528 661.5506985783577 25.15851303935051 92.698145359754562 17.222606241703033 37.146797776222229 312.20195040106773 43.731911927461624 20.430738776922226 1079.9587208032608 443.90423342585564 373.66301581263542 16.716058999300003 14.68987002968788 60.110272765159607 135.58581188321114 39.848383069038391 453.69748011231422 67.033085078001022 220.51689952611923 206.50242581963539 114.14197862148285 9.1178503632545453 277.25019067525864 22.625776827335358 501.81946814060211 38.15989226102829 169.35562804341316 120.0516964495182 236.7264112830162 78.514822572469711 47.446591705083847 10.806341171264647 16.547209918498993 9.7932466864585859 96.919372379779816 191.47485762834549 35.964854210615158 894.05588284134865 643.99039417505264 147.23639845848083 442.89113894104958 68.046179562807083 257.83254638314247 758.13237279653549 11.312888413667681 8.2736049592494947 18.742247968912125 32.250174432992935 7.0916613936424246 85.606483966112137 20.599587857723236 180.49966737627983 160.91317400336266 166.99174091219902
leaf_count=7588 3924 224 2056 1093 706 465 574 3402 5739 698 974 6531 6852 525 262 830 6102 74 3357 8022 6098 475 2212 955 4340 3572 582 711 1202 2829 6017 322 4510 1083 12932 1603 1171 288 5563 2327 2969 2475 1511 124 5932 2629 2896 315 643 421 381 4904 5225 3403 1356 1158 2700 2508 723 4717 528 3035 1037 1074 99 218 9472 1243 80 1499 1294 52 687 128 3314 1574 420 234 1781 5038 11524 164 444 267 789 946 1399 1814 2982 461 829 168 45 277 2088 603 4664 1013 649 10335 1861 84 550 1444 3881 328 1370 721 1198 407 838 158 1466 560 155 496 2507 3277 259 983 104 1382 3271 8863 3918 149 549 102 220 1849 259 121 6396 2629 2213 99 87 356 803 236 2687 397 1306 1223 676 54 1642 134 2972 226 1003 711 1402 465 281 64 98 58 574 1134 213 5295 3814 872 2623 403 1527 4490 67 49 111 191 42 507 122 1069 953 989
internal_value=-1.2941 -1.26945 -1.32512 -1.29397 -1.24201 -1.30148 -1.25909 -1.29993 -1.33564 -1.21898 -1.26421 -1.32416 -1.28698 -1.22772 -1.2424 -1.28571 -1.27288 -1.2761 -1.32124 -1.34636 -1.29053 -1.26151 -1.23031 -1.23389 -1.32269 -1.28785 -1.23685 -1.25103 -1.30065 -1.28236 -1.33817 -1.21742 -1.31151 -1.24381 -1.33344 -1.24023 -1.18667 -1.19359 -1.31332 -1.22174 -1.30459 -1.25502 -1.19298 -1.15437 -1.28466 -1.26083 -1.25988 -1.25293 -1.19655 -1.29917 -1.26452 -1.24778 -1.29874 -1.26598 -1.22584 -1.28365 -1.27574 -1.30931 -1.2226 -1.33764 -1.20415 -1.33859 -1.22881 -1.29124 -1.22426 -1.19507 -1.33688 -1.23721 -1.18758 -1.31214 -1.2551 -1.32094 -1.2027 -1.21014 -1.2591 -1.24056 -1.26725 -1.18365 -1.245 -1.35661 -1.35302 -1.1862 -1.17135 -1.32168 -1.2363 -1.3059 -1.2749 -1.21099 -1.30242 -1.20935 -1.18221 -1.26209 -1.25217 -1.23809 -1.21397 -1.26545 -1.29473 -1.22923 -1.23658 -1.32326 -1.17518 -1.19082 -1.16685 -1.20347 -1.306 -1.29554 -1.2835 -1.26933 -1.30915 -1.28787 -1.26832 -1.24113 -1.29555 -1.2767 -1.27788 -1.31763 -1.30154 -1.32988 -1.18244 -1.34919 -1.29626 -1.19437 -1.32658 -1.32077 -1.3093 -1.24316 -1.21924 -1.23411 -1.24896 -1.29844 -1.18327 -1.20204 -1.22867 -1.22632 -1.2981 -1.23905 -1.07774 -1.10112 -1.29247 -1.24503 -1.27572 -1.26068 -1.24208 -1.23806 -1.28236 -1.217 -1.26696 -1.26847 -1.2664 -1.25738 -1.32242 -1.24372 -1.28253 -1.26683 -1.25626 -1.26661 -1.2677 -1.18728 -1.26481 -1.20382 -1.1408 -1.33243 -1.3364 -1.2727 -1.32755 -1.26526 -1.28639 -1.3221 -1.24293 -1.19321 -1.18069 -1.16162 -1.15447 -1.26237 -1.24702 -1.26085 -1.24671 -1.19697
internal_weight=56841.5 31674.4 25167.1 16726.2 14948.2 14600.4 8580.57 7413.83 17753.3 6367.64 7931.85 8569.26 8423.21 5012.62 2125.81 4563.65 5566.95 4688.43 6177.17 9184.04 4126.67 3165.08 1643.91 4256.01 2850.17 2401.88 4019.28 2134.76 3734.77 2994.2 5106.33 1155.77 4296.87 2364.9 4090.37 436.981 1355.01 1157.29 4164.83 1101.4 3340.85 1353.66 756.613 169.693 3330.04 488.143 1627.87 1289.84 648.718 1582.96 995.703 2152.15 2504.2 818.918 325.879 481.895 1831 1547.67 506.885 2012.34 586.919 1302.5 1011.24 1998.5 1867.13 245 4272.39 274.211 551.799 1132.47 1358.39 2451.01 508.911 384.807 1083 384.976 393.925 236.726 483.584 4077.71 3227.04 331.788 242.636 794.435 1069.15 1703.52 721.492 595.193 1713.82 211.061 214.945 963.959 243.818 592.491 527.653 297.343 1817.15 288.901 567.333 2311.88 562.099 538.291 185.903 352.388 1258.43 1190.55 800.682 698.022 1210.31 271.003 786.33 168.174 1499.04 342.088 166.316 3106.32 507.054 1349.78 96.9194 1135 753.236 264.755 2735.86 2599.26 1543.79 545.72 172.226 147.068 129.845 735.675 157.03 113.298 1622.13 1523.86 1135.17 138.456 28.8732 81.0476 388.691 457.75 618.156 1139.9 287.55 244.325 139.132 24.9897 852.35 839.855 817.23 539.979 743.78 190.968 1375.11 373.494 294.979 247.533 61.6299 243.143 927.319 228.284 75.4755 3137.38 2243.33 324.528 790.045 299.369 338.036 836.647 858.091 36.6403 30.0551 346.478 15.8718 253.442 167.836 830.4 341.413 215.62
internal_count=336641 187590 149051 99060 88530 86470 50818 43908 105143 37712 46976 50751 49886 29687 12590 27028 32970 27767 36584 54392 24440 18745 9736 25206 16880 14225 23804 12643 22119 17733 30242 6845 25448 14006 24225 2588 8025 6854 24666 6523 19786 8017 4481 1005 19722 2891 9641 7639 3842 9375 5897 12746 14831 4850 1930 2854 10844 9166 3002 11918 3476 7714 5989 11836 11058 1451 25303 1624 3268 6707 8045 14516 3014 2279 6414 2280 2333 1402 2864 24150 19112 1965 1437 4705 6332 10089 4273 3525 10150 1250 1273 5709 1444 3509 3125 1761 10762 1711 3360 13692 3329 3188 1101 2087 7453 7051 4742 4134 7168 1605 4657 996 8878 2026 985 18397 3003 7994 574 6722 4461 1568 16203 15394 9143 3232 1020 871 769 4357 930 671 9607 9025 6723 820 171 480 2302 2711 3661 6751 1703 1447 824 148 5048 4974 4840 3198 4405 1131 8144 2212 1747 1466 365 1440 5492 1352 447 18581 13286 1922 4679 1773 2002 4955 5082 217 178 2052 94 1501 994 4918 2022 1277
is_linear=0
shrinkage=1


Tree=1
num_leaves=179
num_cat=67
split_feature=5 20 15 20 20 20 15 2 6 2 6 1 1 6 4 5 5 1 1 2 2 2 1 20 1 5 15 1 2 6 2 20 4 15 20 15 2 2 20 15 1 1 2 1 1 6 1 2 5 2 1 20 1 14 2 4 1 14 20 6 1 6 1 1 2 15 1 5 4 15 1 12 2 4 2 1 6 1 19 2 1 2 4 15 4 2 12 2 4 15 2 4 5 4 2 5 12 15 2 2 5 1 1 5 6 6 14 2 12 15 15 11 19 20 12 2 2 4 1 15 12 5 15 4 2 1 6 1 12 1 2 12 15 21 15 1 12 1 15 15 15 15 6 6 12 20 2 15 1 15 15 14 12 19 6 12 21 5 14 19 5 6 1 5 15 5 2 21 1 14 19 15 12 15 20 2 1 20
split_gain=5709.72 2493.27 805.081 790.706 567.142 483.935 369.476 259.188 235.659 220.083 184.251 180.999 147.454 144.948 132.735 129.492 127.922 120.641 118.252 109.245 108.564 106.713 87.8262 87.1283 81.9464 80.6127 79.414 93.7141 78.3488 75.8311 72.4863 67.3493 67.0658 59.4982 59.6424 59.0398 58.9335 56.3336 55.1383 54.5914 53.1436 52.3518 49.6946 49.2551 49.035 48.1593 47.6676 47.3302 47.2116 46.0113 45.1562 44.393 42.1748 42.1695 42.0409 40.7613 40.5716 39.7615 39.4811 39.1458 38.3126 37.5371 37.4838 36.8624 36.8171 36.4859 36.2766 35.7984 34.2706 33.628 33.4744 33.0307 32.8037 32.5517 32.1671 31.925 30.1592 31.1757 29.3922 51.887 35.8452 28.978 28.977 28.608 28.7693 28.6402 28.5514 28.053 27.95 37.0191 27.831 27.5293 26.5831 26.0118 25.93 25.9248 27.0911 25.7237 25.2362 24.9842 24.7074 24.7042 24.3757 23.8288 23.0236 22.8749 22.8739 22.6158 22.6921 22.4282 30.6289 29.828 22.4059 22.2939 22.1517 22.1516 21.9396 21.7411 21.4481 21.4315 21.3914 21.3801 21.3406 21.1694 21.0659 21.011 20.9627 20.834 20.5676 20.4719 26.1957 20.1846 20.8018 20.1728 19.9879 19.9248 19.8872 19.8229 19.7983 21.3446 19.617 19.5049 19.4037 35.6559 35.7709 19.1097 18.9781 18.7399 18.5421 18.4095 18.2701 18.0719 17.8911 17.6773 17.6015 19.7343 17.4426 17.4334 17.3841 19.9652 17.2931 17.2527 31.7042 17.068 18.3114 16.6456 24.3083 16.5768 16.5618 16.5896 16.5217 16.5058 21.2095 16.4757 16.3967 16.2908 16.2892 16.2608
threshold=720.50000000000011 0.24122605472803119 4003.5000000000005 0.18561526387929919 0.18002583086490634 0.31434603035449987 3081.5000000000005 0 3.5000000000000004 1 4.5000000000000009 2 3 1.5000000000000002 11.500000000000002 500.50000000000006 525.50000000000011 4 5 6 7 8 9 0.25213459134101873 10 905.50000000000011 4204.5000000000009 11 12 6.5000000000000009 13 0.39326572418212896 16.500000000000004 2998.5000000000005 0.12853561341762546 3992.5000000000005 14 15 0.10999402031302453 4015.5000000000005 16 17 18 19 20 5.5000000000000009 21 22 880.50000000000011 23 24 0.2922284752130509 25 82.500000000000014 26 17.500000000000004 27 44.500000000000007 0.16372899711132052 6.5000000000000009 28 6.5000000000000009 29 30 31 4204.5000000000009 32 520.50000000000011 18.500000000000004 4210.0000000000009 33 867.50000000000011 34 9.5000000000000018 35 36 3.5000000000000004 37 0.009158991742879154 38 39 40 15.500000000000002 2793.5000000000005 16.500000000000004 41 1001.5000000000001 42 16.500000000000004 3894.5000000000005 43 17.500000000000004 670.50000000000011 16.500000000000004 44 960.50000000000011 341.50000000000006 2803.5000000000005 45 46 975.50000000000011 47 48 485.50000000000006 3.5000000000000004 4.5000000000000009 29.500000000000004 49 852.50000000000011 2944.0000000000005 3972.5000000000005 4.4160923957824716 0.030692465603351596 0.26251706480979925 911.50000000000011 50 51 11.500000000000002 52 2592.0000000000005 798.50000000000011 1005.5000000000001 3415.0000000000005 15.500000000000002 53 54 6.5000000000000009 55 911.50000000000011 56 57 338.50000000000006 4227.5000000000009 0.020446091890335086 2857.0000000000005 58 899.50000000000011 59 793.50000000000011 412.50000000000006 4245.5000000000009 726.50000000000011 3.5000000000000004 1.5000000000000002 991.50000000000011 0.39326572418212896 60 705.50000000000011 61 2726.5000000000005 4245.5000000000009 5.5000000000000009 150.50000000000003 0.022677347995340828 6.5000000000000009 35.500000000000007 0.043427685275673873 960.50000000000011 2.5000000000000004 0.01443357625976205 900.50000000000011 5.5000000000000009 62 815.50000000000011 3810.5000000000005 424.50000000000006 63 0.0095046376809477823 64 35.500000000000007 0.019752493128180507 3574.0000000000005 142.50000000000003 2169.5000000000005 0.26879164576530462 65 66 0.28089053928852087
decision_type=2 2 2 2 2 2 2 9 2 9 2 9 9 2 2 2 2 9 9 9 9 9 9 2 9 2 2 9 9 2 9 2 2 2 2 2 9 9 2 2 9 9 9 9 9 2 9 9 2 9 9 2 9 2 9 2 9 2 2 2 9 2 9 9 9 2 9 2 2 2 9 2 9 2 9 9 2 9 2 9 9 9 2 2 2 9 2 9 2 2 9 2 2 2 9 2 2 2 9 9 2 9 9 2 2 2 2 9 2 2 2 2 2 2 2 9 9 2 9 2 2 2 2 2 9 9 2 9 2 9 9 2 2 2 2 9 2 9 2 2 2 2 2 2 2 2 9 2 9 2 2 2 2 2 2 2 2 2 2 2 2 2 9 2 2 2 9 2 9 2 2 2 2 2 2 9 9 2
left_child=3 2 4 15 11 8 9 22 13 23 24 48 36 52 73 33 56 25 61 35 43 82 -6 67 54 74 27 49 66 31 -20 53 63 34 -1 41 -11 60 -23 107 -36 -10 -17 -15 -32 99 100 68 115 -21 92 94 174 62 121 101 -14 76 -44 95 163 72 -7 -24 151 126 105 168 135 -28 -60 129 160 -8 131 114 77 -34 -58 80 113 -48 -13 85 -85 -54 112 133 -46 116 -41 -31 -30 -77 -52 -51 -97 176 134 -27 -22 -43 -81 -25 148 137 120 -16 -109 -86 -111 -112 -45 -80 124 -2 -90 -38 -69 -74 145 175 -73 -62 -66 -78 -47 -19 -89 130 -39 132 -4 -75 153 -29 -84 -18 139 -103 158 147 143 -100 -145 -105 -49 -87 -50 -119 -71 -40 -37 -64 -57 -156 170 -129 159 -101 -12 -42 -163 -26 -165 -104 -167 -107 -5 -170 -141 -131 -173 -95 -3 -9 -70 -154
right_child=1 5 17 6 7 29 14 10 19 12 18 21 16 20 39 42 28 127 30 26 46 38 32 103 37 45 69 47 50 91 44 -33 57 -35 40 152 117 71 64 90 161 55 58 86 88 65 81 146 104 59 51 -53 83 -55 -56 154 78 -59 70 -61 123 -63 98 -65 75 -67 -68 118 97 150 -72 122 119 87 -76 93 125 -79 79 102 -82 -83 136 84 109 141 -88 128 89 -91 -92 -93 -94 173 -96 96 -98 -99 142 140 -102 138 165 106 -106 167 -108 108 -110 110 111 -113 -114 -115 -116 -117 -118 149 -120 -121 -122 -123 -124 -125 -126 -127 -128 157 -130 171 -132 -133 -134 -135 -136 -137 -138 -139 -140 156 -142 -143 -144 144 -146 -147 -148 -149 -150 -151 -152 -153 177 -155 155 -157 -158 -159 -160 -161 -162 162 -164 164 -166 166 -168 -169 169 -171 -172 172 -174 -175 -176 -177 -178 -179
leaf_value=-0.061435075533154866 -0.039757055493864268 -0.0027694387848868746 0.038351127286860763 -0.048723524578724961 -0.0021318687807241393 0.018256115579764139 -0.066208519545726818 -0.0034206280382191802 0.019964968540345306 -0.016130757500963096 0.021636561377595415 -0.020042127719780086 -0.04930740124550307 0.0078987578513576625 0.0027733466268500605 -0.0050075209308249628 -0.0081201271182944606 -0.0019492693631498422 -0.014288007674255837 0.015427122699695366 -0.0015661557980465766 -0.060535988707604162 -0.0059286498218634577 0.015565662249466641 -0.016745432985868482 0.017616379048395553 0.17322509720506649 0.047189268613011953 -0.039632784680452719 0.072926622629062215 -0.011751600504561541 0.10385407645083236 -0.0002786347790843097 -0.067539486608730534 -0.0020250305007136009 0.070964846729168196 0.013188935361188822 0.0095210783258014558 -0.056989168301118602 0.033291566136236649 -0.049095851153401739 0.017812595257473873 -0.043482920399548437 0.033952429768549834 0.0060045085219621657 0.15144163621990994 -0.023832348367477052 -0.0090319909861202915 0.028594861930582791 0.035696577622804947 -0.0015012943785644207 0.028008808109225739 0.01128870842694152 0.12563505344694845 -0.0041056137501435256 0.073607097546478095 -0.049612389400396521 0.08227764432032468 -0.00898541755908344 0.085559208639280446 -0.028011148599987802 0.057118677112367858 0.057614624611883693 0.030287031324800928 -0.011981520220870281 0.16003478723007111 -0.0052061091253128725 -0.020022160410266596 0.011654895458714192 0.065315030668002552 -0.034775797209493885 0.0030842346269996344 0.0020086411428024815 -0.014535716612186703 0.017716905945914734 -0.02460071117487711 0.019286346006088206 0.039571852732418707 0.0012016641857249589 0.0093450031706494973 -0.018790823440618293 0.0020499885979529124 0.014141781582621584 0.031019568764279817 0.12235863910126667 0.064304253890568083 0.17320709986644622 -0.052586044167777797 0.036666667503332633 0.098988420547245839 -0.011632742317342053 0.11644674043970259 -0.010068962740932394 -0.015895934584812005 -0.022157955123211521 0.039410923308531166 0.075486281437779121 0.077491306071394955 0.072846176972195517 0.061712651709009671 0.042146748566384139 0.0052417808598690906 -0.041604231648968072 0.037502061507525948 0.042403508738144351 -0.0098385215934058169 0.13273161469580536 -0.042971976814838726 0.046039479086545904 0.036673898621324738 0.012417316976226951 0.12854113996335459 0.064765440182583983 0.046984919245366574 -0.0021963174192720621 0.0026608913347378007 0.010059296056434018 0.032435586311694964 0.026069570341415646 0.050633002022232185 0.086962608464266053 0.041648617567613726 0.097080819018294615 0.00092154172977115291 -0.036628934753533529 0.057575492551372356 0.083244329181742321 0.011256595991854738 0.035163947915190577 -0.02905069478672722 -0.024411318882383157 0.11316088291251208 0.16414519792693633 0.094084808102266798 0.12411955806705903 0.016330121878018043 0.085467144338852108 0.029453007766689285 0.052762182772861953 0.15667793573078589 0.17162675394409416 0.043436590098800548 0.068005925270317513 0.032280533152676864 0.16488001818289694 0.15635716584900275 0.021828653948990952 0.14489445020396136 -0.014506532277408375 0.094113800195828157 0.15394132340641617 -0.034149203849135466 0.17017349756943087 0.086657070993846619 0.17129562148942826 0.091736115841665189 0.17702744206707682 0.051945294143769825 0.075847326274521717 -0.068503316856276253 0.056809253341221916 -0.0026100135505496293 -0.042815444759524812 0.029724516906942288 0.11433277830395849 -0.0049923664134763554 -0.034738297091927238 0.04888529446055831 -0.012043945502004404 0.048012745852586053 0.071559839809622064 -0.041168239779147263 0.012984893979506303 0.010865257912554898 0.036324161481152681 0.030891389973506309 0.051152684965067953 0.084748033971835279
leaf_weight=1596.0062216222286 99.38210317492485 151.38228169083595 90.673634320497513 60.985368490219116 460.835314437747 138.37460549175739 943.73888273537159 204.10365250706673 185.37869782745838 348.32393819093704 139.4159444719553 176.17669390141964 561.16034977138042 365.43313178420067 102.38827878236771 332.70777210593224 191.14215977489948 197.51128478348255 783.8374390900135 177.41384491324425 134.07727311551571 356.61887381970882 287.12822261452675 117.09782975912094 47.001589119434357 84.487721934914589 32.543584793806076 218.63731327652931 629.21401019394398 126.7692089676857 350.07954478263855 337.16891923546791 186.86354142427444 1381.0046003311872 206.36743214726448 26.562498211860657 580.87189918756485 267.66205531358719 265.04963783919811 130.47766715288162 2203.8339135348797 134.23163224756718 2993.2936569899321 495.77412532269955 477.10334292054176 33.057462498545647 463.90489199757576 145.8095241189003 127.65983636677265 319.67363116145134 736.05600067973137 193.12767596542835 167.99810834228992 72.781441286206245 695.21603539586067 643.61969095468521 285.66354089975357 170.95266024768353 455.53920844197273 349.68381978571415 226.71553011238575 388.15813529491425 190.64717262983322 474.20985978841782 309.14416968822479 62.356346815824509 596.13649287819862 71.058239817619324 108.51516899466515 88.441531762480736 1340.8668283820152 192.74148151278496 340.76003855466843 79.308918654918671 258.37129779160023 518.93534025549889 146.87867254018784 421.44295004010201 224.98510593175888 93.85175059735775 534.23588766157627 668.85588926076889 358.55039742588997 84.24732218682766 73.093106478452682 175.49250926077366 10.982071235775946 597.09290131926537 510.07534435391426 47.030819073319435 229.22026105225086 351.15328986942768 281.8705168813467 251.11811392009258 835.36031305789948 196.91037081182003 412.48454995453358 202.63716208934784 268.439339235425 21.31750662624836 216.15577147901058 16.217822536826134 775.06587690114975 275.41448104381561 295.73799723386765 35.667093724012375 23.767212256789207 546.55823658406734 18.948051735758781 88.841256931424141 17.972433760762215 66.74785278737545 217.26919999718666 97.57553793489933 176.04438444972038 283.65486460924149 363.01046818494797 294.16328445076942 412.49724911153316 69.893319651484489 85.120342537760735 271.37510684132576 16.783365294337273 565.53760509192944 1270.7437325716019 660.76681441068649 227.934575766325 123.56694719195366 17.583815142512321 1724.7306544929743 301.81152629852295 48.022762835025787 9.2547978907823545 12.670478969812391 66.627327248454094 423.47702361643314 26.874202892184258 156.31173752248287 315.64756071567535 18.455854088068008 12.949151217937468 553.72418741881847 751.83477012813091 446.42717692255974 13.390384018421171 8.9185257405042631 951.99662367999554 20.638220444321632 112.00421160459518 34.603864997625351 17.902779564261436 1357.7784407436848 54.206256523728371 454.21089358627796 22.058670401573181 210.92451940476894 17.400627613067627 148.26541991531849 474.9360318928957 11.627055019140242 249.87126076221466 164.5553332567215 726.87926235795021 221.62810863554478 17.658403858542442 276.68326310813427 552.96579737961292 223.48315158486366 257.69972631335258 33.209907725453377 69.985544636845589 69.617161706089973 138.01267899572849 355.84571531414986 125.63233035802841 147.57967482507229 364.47423920035362 19.453049540519714
leaf_count=9806 592 881 526 367 2714 799 5792 1208 1064 2071 818 1048 3387 2138 611 2002 1134 1143 4619 1019 785 2171 1687 694 279 483 182 1266 3752 709 2064 1881 1100 8505 1254 151 3453 1587 1594 782 13394 774 18126 2892 2811 183 2736 843 755 1847 4371 1129 974 410 4103 3690 1728 986 2738 1979 1349 2250 1087 2780 1858 341 3558 424 626 501 8085 1142 1992 478 1493 3107 858 2478 1346 565 3201 3947 2128 488 421 1013 63 3618 2990 269 1374 1948 1678 1501 4989 1131 2361 1161 1528 122 1261 93 4673 1609 1736 212 138 3286 113 514 103 377 1261 574 1049 1683 2132 1732 2447 406 493 1597 97 3352 7613 3830 1291 719 106 10283 1793 275 53 76 376 2452 159 931 1817 106 70 3201 4285 2565 76 51 5507 119 671 203 99 8163 304 2566 124 1191 100 847 2695 67 1455 1000 4418 1310 102 1660 3315 1316 1546 200 401 411 809 2118 723 873 2100 109
internal_value=-0.000225239 0.0214394 0.00352915 -0.0299177 -0.00158373 0.0485666 -0.0160737 0.00890557 0.0397617 -0.00893226 0.00214945 -0.0208318 -0.0136661 0.0251058 -0.0424318 -0.0451718 -0.018038 0.0544717 0.015697 0.0502169 0.0135187 -0.0263656 0.0300217 0.0210474 -0.00771027 0.066614 0.0425325 0.0405059 -0.0081307 0.0754994 0.00581268 0.070369 0.0363139 -0.0528728 -0.0487369 0.0673543 0.011579 -0.013666 -0.0301932 -0.0198596 -0.0425982 0.0640851 -0.0357322 0.0325411 0.0148599 0.0801166 -0.000671064 0.0303863 0.0119983 0.0566941 -0.0157202 -0.0081384 0.0446413 0.0656692 0.00944369 0.0691161 -0.0293847 0.045833 -0.0377771 0.062255 0.00183046 0.0363989 0.0637948 0.0169489 -0.0278577 0.105046 0.00881035 0.00529439 0.0407542 0.102072 -0.0284796 -0.0198143 0.0267986 -0.0564856 0.03739 -0.0221367 0.0414316 0.0279767 -0.025187 -0.0225547 -0.00619625 -0.00866579 0.00671469 0.0508178 0.0713929 0.0439521 0.044701 -0.0434988 0.0215637 0.0298656 0.00526639 0.104907 -0.0301559 -0.0113496 -0.012633 0.0541519 0.0638314 0.053641 0.0662841 0.0667964 0.024708 0.0529749 -0.0305895 0.047248 0.02747 0.0224457 0.0566813 -0.0333911 -0.039293 0.0851786 0.0695065 0.103917 0.0433432 0.014601 -0.0289497 -0.00931494 0.0261396 0.0222499 0.0194208 0.0100424 0.051781 0.0243878 0.0106234 -0.00726685 -0.032114 0.0515646 0.0918949 0.0181271 -0.049273 -0.0224427 -0.0085737 0.0660749 0.0500366 0.000403117 0.0812473 0.027828 0.0191198 0.00939795 0.0619348 0.090714 0.0730328 0.0504462 0.0585931 0.0496783 0.03615 0.0412425 0.0176851 0.0728005 0.00904025 0.0389336 0.0802651 -0.0376483 0.127344 0.0780733 0.0804342 0.0992849 0.103807 0.0322651 0.0719493 0.0157401 0.0431076 -0.0451509 -0.0359035 0.0263999 0.0359787 -0.0329686 -0.0252975 0.0408029 -0.0141174 -0.0050124 0.0893583 -0.026349 -0.00517491 -0.000206788 0.0144407 0.0117601 0.0434198 0.147647
internal_weight=56806.3 32842.9 19782.1 23963.3 17977.8 13060.8 12562.3 11636.5 9842.97 9884.29 8827.41 6341.32 8538.52 4098.22 2677.99 11401.1 7280.56 1804.33 3719.24 5744.74 2572.45 5422.88 2809.08 1345.77 5108.17 1334.99 4010.6 3871.71 3878.37 3217.82 2531.14 2739.9 2348.24 6278.65 4897.64 1734.14 1257.96 3789.9 4861.28 1027.59 3301.64 1633.92 5122.41 1089.46 1747.3 928.666 1482.99 2415.55 918.439 1456.17 2675.63 1764.54 1525.77 2402.73 1318.27 1448.54 3402.19 1586.9 4789.7 1278.75 1078.54 1188.1 2329.95 761.338 4504.66 323.348 1202.74 835.45 1317.74 138.888 1796.41 2711.36 799.941 1650.39 406.322 2881.83 1415.95 608.306 2841.03 2555.36 856.797 1132.76 561.601 1248.75 330.902 917.853 724.025 706.656 1397.22 920.117 359.698 477.922 911.085 1125.9 1571.42 929.069 609.395 675.627 2191.58 605.317 350.233 571.939 1698.57 510.318 535.402 606.604 393.221 667.895 565.506 246.655 173.562 84.7203 713.043 322.561 1755.93 383.037 873.086 909.639 483.555 410.653 369.453 623.058 209.525 792.253 1579.89 807.645 260.992 469.344 614.677 2501.83 569.474 147.951 99.9284 91.9794 711.485 642.114 385.425 347.454 437.707 122.06 520.83 749.855 1480.09 728.257 459.818 284.333 1097.81 196.131 239.664 328.767 106.344 1622.83 100.222 644.858 876.603 232.983 105.842 271.832 507.881 32.9446 389.287 3095.27 891.435 286.288 239.287 1604.71 829.649 259.15 351.895 290.91 88.4414 1932.36 207.63 606.964 277.015 351.683 472.989 73.6593
internal_count=336424 191913 116788 144511 106480 75125 75183 68534 56895 58947 52101 37946 50978 23897 16236 69328 43519 10308 21806 32998 15083 32509 16433 7969 30295 7599 23074 22292 23070 18230 14885 15573 13719 38377 29872 9924 7459 22514 29174 6166 20066 9360 30951 6354 10266 5252 8729 13955 5437 8337 15919 10489 8814 13692 7781 8296 20449 9252 28949 7318 6392 6921 13282 4467 27003 1815 7151 4984 7605 782 10823 16122 4671 10070 2347 17246 8266 3578 17062 15334 5121 6683 3335 7210 1903 5307 4216 4278 8202 5391 2156 2657 5430 6726 9360 5339 3492 3887 12483 3437 2046 3291 10213 2985 3162 3593 2291 4010 3399 1415 994 480 4153 1920 10520 2275 5122 5388 2871 2398 2153 3678 1239 4701 9471 4688 1474 2709 3724 14883 3380 854 579 554 4029 3718 2287 2065 2517 700 2954 4333 8454 4169 2641 1660 6350 1132 1426 1935 600 9757 564 3653 5005 1315 607 1566 2884 189 2273 18812 5418 1691 1412 9648 4975 1528 2113 1746 507 11503 1220 3619 1604 2081 2726 413
cat_boundaries=0 11 23 34 45 56 67 78 89 100 111 123 133 143 154 165 177 188 199 210 221 232 242 253 265 276 287 298 310 321 332 343 354 365 376 387 398 409 419 430 441 452 463 473 483 494 504 515 525 536 547 558 569 579 590 600 611 622 633 644 655 666 677 688 700 710 721 731
cat_threshold=256 4096 17039362 570556420 268435456 69632 1179712 2155872771 2097290 538711040 65536 655360 134223874 2097152 33554688 605030660 16448 0 271424 8392704 571482120 5184 16 81920 1078984704 20976256 571867264 0 320 68157504 8913408 8 131136 590656 268959744 32 33024 2686189832 256 1350569984 8651776 8388738 16777248 2147489792 16973824 9437184 16778240 155193632 33554432 268435456 671089664 9961536 5378048 134217744 1209008448 524544 67108864 4096 289407104 33685768 2048 65536 34603008 8394753 1162 537395200 64 1048576 4096 16777216 33685504 67108864 536870912 1048640 8388608 8 537395456 524288 0 5124 150994977 33685512 12288 132096 8388672 13109762 134217736 538706176 268435456 335560704 4196000 16809985 33554432 1342179392 1073807360 167776256 8421924 1073741834 320 131072 131072 16779266 1 0 603979776 256 37748736 1053186 134221841 135529218 4 16908288 2048 289411331 2684354816 0 134447296 80 2155872322 16 537395336 1 8 8388608 4096 289406976 33685512 67108864 0 1048576 8390657 0 536870976 276840452 4194304 268435457 278538 32 138645504 2148532224 2165440513 2097154 4457792 1048580 67108864 417 2115592 2048 8 33555072 4364288 142606337 1208099328 8388612 278921216 20972544 4480 2147483648 0 671285288 512 17825803 1210057752 1073741824 20971520 2244609 75498496 413138944 2099200 536870912 134357248 256 1868800 67175424 2105344 8388608 8 19071232 206569472 8388608 536871042 2144 4194304 128 2 1084227584 8200 2147549184 285229056 4194304 4194305 0 536870912 72 8912896 17826304 2097168 1073742848 1345 131072 35651712 27271169 33816576 128 16384 131072 772 25165824 536875264 268567552 1048576 4195328 134480161 0 0 671089664 9961472 2147486210 24 1074790720 257 0 58723332 4130 2097156 67108868 1032 131328 5373952 134217729 1208091648 4 0 4096 20971520 131072 268435456 0 64 8392704 1 536871424 524288 138412032 406847905 8 0 134415360 34078720 2148007937 10486912 1441794 257 131072 2097156 4194432 2052 536873216 4202496 33685520 524288 8388608 2097152 4 8 77594624 4194304 134217856 0 0 671155200 1048640 528392 134218890 134218560 13107269 0 16778240 262177 8 268435456 65544 524288 1185794 1207960577 1207960832 325 25165824 8388608 406847616 32768 4096 671220776 33554448 530432 135266320 1073742720 12583172 0 0 0 0 0 134283264 1048576 1 1171 1074791424 524288 8 8388612 16781312 134217728 33685512 0 0 9437184 4851712 134217736 134348802 8388864 0 0 1 0 536872960 32 524288 4096 16 1073743616 4194560 9437184 37749760 17039488 33685504 0 134218784 8912896 1 1024 131136 268960064 9437184 41943044 0 131072 67108868 537010184 1048704 264192 4096 1073741826 4194564 0 4198400 285212672 33685504 536870912 537001984 1572928 2048 16 1209270528 260 131072 0 8651008 8 0 1179680 524480 2160592898 1074790401 2490882 4194304 277872640 16778244 406847649 2147483648 2048 671088672 8388624 2048 16 1073872896 273154304 9437188 16782336 134217728 0 268435456 134217728 524352 0 0 256 257 1179648 8393728 402661633 0 335544320 671088640 131200 1312770 85000193 1209270272 8388613 8388608 0 16777216 131080 0 134348808 8912896 2147485697 1032 1073741824 269484032 16777216 289 262144 8192 8455432 34603008 26216448 1073741824 1074135552 268435460 2228224 20976640 268697602 131072 2147483648 1179680 34078720 1054728 0 538968328 268435456 269615108 20971520 4456832 0 2052 671088648 35127552 16777216 1073741824 1207960128 5 8519680 0 128 0 8192 537067552 0 2164267008 128 536872192 524545 0 2048 0 33554432 0 0 1048576 1048576 134217729 1311040 8388608 1024 134217984 0 0 134217728 1048640 4096 16 134217984 2214592512 41943072 16777472 657408 0 536870912 42467584 12619776 137 1207959554 268959749 0 4096 16777216 131072 536870912 537001984 64 8388608 0 536870912 0 8388608 4352 0 0 65536 0 524290 0 66 261 0 5120 134217760 8 0 671154208 0 2049 0 262208 16777216 0 32 18874370 6144 0 2147484160 524288 0 8192 268435456 0 4096 0 33554440 0 0 64 8521730 16 537919552 4 0 16778240 402653472 0 0 536870944 0 0 1024 0 524288 67108864 16779264 406847488 0 0 671219744 524288 0 1074790416 320 321 0 0 0 0 0 134217728 256 262145 25 1073741824 131084 1050640 262144 4 2147487776 16384 131152 135171 1048577 0 2147488256 0 0 134480000 0 0 134283272 0 0 0 1610612736 0 8390656 128 128 67108864 0 128 264194 1049600 0 4194309 268435456 20971520 0 2228364 67110916 8192 33554432 4097 2098176 1180672 2148007936 9437184 4196352 0 8 2048 536871944 8388608 4096 134217745 320 5 0 1024 128 0 0 671154208 524352 524288 24 1310720 524288 0 0 285212672 131072 0 131072 64 2048 16 256 4 16384 8388608 266240 0 12292 0 0 5242882 0 1073743872 8454144 0 0 20971520 131072 0 0 1048640 8388608 0 0 256 277872640 2048 0 131072 536870912 32 34078784 4194816 1033 537001984 256 0 0 150994944 131072 0 134348832 0 2147483649 17 0 0 8 1048576 4195328 128 33685504 0 0 0 1 16 1048576 8388608 0 134217728 0 0 536870944 0 6144 134217744 1073741824 8388868 1048576 0 256 0 0 8 0 4096 1040 1075052800
is_linear=0
shrinkage=0.08


Tree=2
num_leaves=179
num_cat=66
split_feature=4 16 16 15 5 5 16 16 15 16 2 1 4 4 16 8 8 15 1 2 5 5 16 16 1 2 2 2 1 2 15 1 8 2 8 8 1 15 3 2 8 8 8 2 1 2 1 2 2 15 15 2 2 1 4 2 2 2 8 8 2 8 2 2 1 8 16 1 5 1 15 13 1 1 2 1 8 1 15 15 8 8 2 16 5 15 5 8 1 16 1 15 19 15 2 15 17 4 1 2 5 15 1 13 19 5 19 1 11 19 15 4 2 5 1 5 1 16 2 9 19 1 2 2 1 8 4 15 15 15 5 15 15 4 4 9 16 15 13 9 11 15 1 1 15 8 2 15 15 17 2 15 1 2 1 13 15 1 19 16 15 5 8 8 1 8 2 1 15 16 15 15 1 15 2 8 19 15
split_gain=4989.17 1755.57 1108.35 644.19 597.353 436.198 328.159 303.171 197.082 184.426 160.566 150.911 138.199 109.003 102.645 102.507 94.5382 94.3557 88.8147 85.7813 85.3083 85.0664 84.5439 82.7526 82.5088 82.279 80.6645 77.7278 69.6696 66.4401 60.348 60.3412 59.3519 58.8998 56.0512 58.4137 53.3577 52.4903 52.2731 51.9002 51.6666 72.5681 69.9972 51.2916 47.1068 46.8945 43.5089 43.475 42.747 42.531 41.5005 40.8216 40.7694 40.5603 39.3133 39.0049 37.9087 37.3198 37.2209 52.9571 37.0175 36.4605 40.7956 36.4376 35.2313 34.5625 34.413 33.8278 32.9115 42.3876 31.2768 30.144 30.0857 29.8479 29.4247 38.3972 29.1804 28.9602 28.6096 27.7051 27.6551 54.8029 27.5919 26.8074 26.6091 26.2057 25.4768 25.3242 25.4438 25.22 25.1246 25.0899 24.6264 24.387 24.3199 24.1473 28.8974 23.9735 23.8715 23.8199 23.7134 23.4335 25.9739 23.3954 23.2414 22.7444 22.738 22.6064 22.501 22.4929 22.4559 22.3819 22.2748 21.9538 21.8526 25.6562 21.6745 20.7849 24.0456 20.7774 20.5462 20.5362 20.4201 20.3091 20.0841 19.7135 19.7131 19.6554 19.6547 19.4867 19.4157 19.4132 19.6012 19.3681 19.3619 19.2825 19.2098 19.1219 18.8905 18.7952 18.6981 18.6784 18.5301 18.1465 18.0884 18.0872 18.0743 23.9074 28.6097 18.2641 18.0451 18.0146 19.5698 18.0079 17.9841 17.8222 17.7714 17.6761 17.5988 17.2513 16.5308 16.4985 16.3469 41.6493 26.0123 23.8242 25.5565 17.0241 16.2629 16.2461 16.1954 16.0446 15.9268 15.9822 19.1793 16.4179 15.8573 18.2199
threshold=15.500000000000002 0.21778025478124621 0.21988093107938769 3810.5000000000005 580.50000000000011 515.50000000000011 0.26891389489173895 0.16437995433807376 4058.0000000000005 0.29514810442924505 0 1 1.5000000000000002 4.5000000000000009 0.14478982985019687 16.500000000000004 3.5000000000000004 3003.5000000000005 2 3 995.50000000000011 450.50000000000006 0.12895973771810534 0.16573952883481982 4 5 6 7 8 9 4015.5000000000005 10 16.500000000000004 11 29.500000000000004 24.500000000000004 12 4015.5000000000005 7.5000000000000009 13 17.500000000000004 29.500000000000004 27.500000000000004 14 15 16 17 18 19 2998.5000000000005 4003.5000000000005 20 21 22 13.500000000000002 23 24 25 29.500000000000004 26.500000000000004 26 3.5000000000000004 27 28 29 3.5000000000000004 0.16121704876422885 30 940.50000000000011 31 726.50000000000011 31.500000000000004 32 33 34 35 29.500000000000004 36 4175.5000000000009 2198.5000000000005 29.500000000000004 22.500000000000004 37 0.26000402867794042 1194.5000000000002 3415.0000000000005 900.50000000000011 3.5000000000000004 38 0.29994164407253271 39 3071.0000000000005 0.011344458907842638 517.50000000000011 40 2726.5000000000005 0.031686821952462203 14.500000000000002 41 42 950.50000000000011 2846.5000000000005 43 20.500000000000004 0.0077245226129889497 975.50000000000011 0.025651105679571632 44 5.9821956157684335 0.036775385960936553 625.50000000000011 22.500000000000004 45 1109.5000000000002 46 424.50000000000006 47 0.23742670565843585 48 1205.5000000000002 0.018590133637189869 49 50 51 52 16.500000000000004 16.500000000000004 4230.5000000000009 3785.5000000000005 3081.5000000000005 605.50000000000011 4245.5000000000009 4082.5000000000005 9.5000000000000018 16.500000000000004 280.50000000000006 0.32552374899387365 2683.5000000000005 46.500000000000007 1824.5000000000002 2.4049125909805302 3992.5000000000005 53 54 4204.5000000000009 18.500000000000004 55 2925.5000000000005 3003.5000000000005 0.027290907688438896 56 4102.5000000000009 57 58 59 14.500000000000002 4137.0000000000009 60 0.042712599039077766 0.23882534354925158 4058.0000000000005 705.50000000000011 20.500000000000004 29.500000000000004 61 4.5000000000000009 62 63 2779.0000000000005 0.31979973614215856 4102.5000000000009 3972.5000000000005 64 3730.0000000000005 65 20.500000000000004 0.028367314487695697 3894.5000000000005
decision_type=2 2 2 2 2 2 2 2 2 2 9 9 2 2 2 2 2 2 9 9 2 2 2 2 9 9 9 9 9 9 2 9 2 9 2 2 9 2 2 9 2 2 2 9 9 9 9 9 9 2 2 9 9 9 2 9 9 9 2 2 9 2 9 9 9 2 2 9 2 9 2 2 9 9 9 9 2 9 2 2 2 2 9 2 2 2 2 2 9 2 9 2 2 2 9 2 2 2 9 9 2 2 9 2 2 2 2 9 2 2 2 2 9 2 9 2 9 2 9 2 2 9 9 9 9 2 2 2 2 2 2 2 2 2 2 2 2 2 2 2 2 2 9 9 2 2 9 2 2 2 9 2 9 9 9 2 2 9 2 2 2 2 2 2 9 2 9 9 2 2 2 2 9 2 9 2 2 2
left_child=2 3 5 7 11 17 8 22 15 13 44 38 30 125 90 16 36 24 94 -18 43 74 107 57 -1 -22 77 87 117 85 120 -16 50 -33 35 52 -3 49 91 -23 67 42 145 53 -9 68 55 -40 -38 60 61 159 126 -8 82 -29 130 -5 59 63 101 89 -63 103 -28 92 -26 155 112 -70 -55 151 -53 122 -13 -76 -34 -24 104 -72 81 -46 -48 -41 99 -20 -81 -15 -89 140 -14 -4 -11 -74 -12 -71 -97 157 -59 161 -54 102 -35 113 -61 143 -83 -2 -44 -82 -78 -52 -30 -25 -68 -116 -117 118 134 136 -7 -49 -56 -45 -62 142 -17 -115 -75 -91 -39 132 -10 -19 -21 -85 137 -64 -87 -127 -27 -128 -6 -50 -73 -42 -69 -148 149 -149 158 152 -65 -134 -37 -31 -105 -51 -112 -36 -88 -67 165 164 -164 166 167 -126 -109 -101 -100 -90 -147 174 175 -174 177 -125
right_child=1 6 4 23 9 12 20 10 131 65 18 21 14 27 31 34 19 133 29 28 25 39 26 58 66 32 64 46 45 40 -32 33 76 37 51 154 48 56 47 83 41 -43 108 123 80 -47 54 121 105 97 111 72 100 70 73 -57 -58 98 -60 78 124 62 119 71 -66 84 114 146 69 95 79 144 93 128 75 -77 110 -79 -80 86 109 106 -84 135 -86 138 160 88 171 129 -92 -93 -94 -95 -96 96 -98 -99 170 169 -102 -103 -104 156 -106 -107 -108 168 -110 -111 150 -113 -114 127 115 116 -118 -119 -120 -121 -122 -123 -124 176 162 139 141 -129 -130 -131 -132 -133 153 -135 -136 -137 -138 -139 -140 -141 -142 -143 -144 -145 -146 172 147 148 -150 -151 -152 -153 -154 -155 -156 -157 -158 -159 -160 -161 -162 -163 163 -165 -166 -167 -168 -169 -170 -171 -172 -173 173 -175 -176 -177 -178 -179
leaf_value=0.0002167213918535261 -0.012598223177277797 0.00400226367215615 -0.038636075243798591 -0.016164323045068603 0.0010693205235374375 -0.0086031047939525204 0.0010237471351064304 -0.00013790400178343887 0.13049898466827656 0.14345435484755661 -0.0016670490799229496 0.0064335601951981524 -0.016761670456484992 0.038171622775587125 0.018641704541613822 0.020350878256847539 -0.018175706507506228 -0.070360523659890234 -0.032614501666829276 -0.010052764312213764 0.021633363870846935 -0.019211412352358813 -0.013143106658429573 0.049677013205221492 -0.056422239130444404 0.13736976438028198 0.00056664666807104463 -0.019191386818617862 -0.0082697442630170516 -0.033413392264579768 0.072971515750659452 0.0062172256769601085 0.10402711217889594 -0.013382034906886867 -0.058093316007530149 0.021128839493892219 -0.0010940070963245516 -0.022661589399967472 0.007883668856355712 -0.00034213357962094537 0.059639646870621642 -0.019564440554700108 0.068014054572959795 0.0019771057722833239 0.031093882017306625 0.0023604340219828329 0.00012486216554404987 -0.013506554819031623 -0.0025276557063430038 -0.011801558195115301 0.15812445544506409 0.00050484210175579067 -0.0015217762526182979 0.084557767726143068 -0.019649050045449576 0.022914815570675175 -0.01962183201643548 0.0050683088550632681 0.019012977739324328 0.12206607642567979 0.0010201013334285001 0.025528466336923374 0.057867862372890343 -0.011462157988117058 -0.028686031962147206 0.031682983927883962 -0.050110932158237143 -0.011145112484788652 0.0003869139967509317 0.033830625485931687 0.032272623855317872 0.060170328586848849 0.15203660618992906 -0.017211130791470051 0.0011053182209280784 -0.031675208481124095 0.1487838685405744 0.015695058694352969 0.086682633233976708 0.049562030006685499 -0.02201366726889516 0.1065785691356391 -0.025101349653720045 0.05605917951899677 0.080959383346821276 0.0019160010574468208 0.078131808079032417 -0.011048202478131911 0.016403800697368326 0.10000406344037417 -0.048998084447265854 -0.062174956329480259 0.056187998493936922 0.048672339439750509 0.029225159207853856 0.054960371746783643 0.15015499628038126 -0.01809372360504221 0.031217013250721938 0.0082934926415611163 0.04065168252057888 -0.0030974656615964814 -0.03975490116267108 0.079331933018034012 0.26216014496707063 0.061026210315200488 0.016976500105252368 -0.053944780049668295 0.14845401518911563 0.11877203238491424 0.14513438323006525 0.050534142601245939 0.025018082246480482 0.079519771898292568 -0.042896020558010707 0.0043551097576822453 -0.030666500704475071 0.048094200561746896 0.0090332639739312357 0.043430428826438092 0.039377390362580485 -0.037266830854399371 0.019123713817976458 0.018772393639751909 0.043036520477120498 0.09030323561464515 0.072531352257315315 0.20423717800105912 0.027438239220714446 -0.017711881927853692 0.030584592852072382 0.17810111378435395 0.0091131184505499081 -0.051743029858530062 0.054266439913470646 0.018663409641948896 0.089398640511992283 0.085346391656820078 0.14235504370252247 -0.028109014157153969 0.061431732152873515 0.19437555160337178 0.048451063442726656 0.044977042947255845 0.139876109782471 -0.021559445877015575 -0.00073204130705312816 0.056203044256379377 0.011950217150154414 0.19658898052622278 0.034241018962346319 0.051708622745232441 0.034624307551478932 0.081711081387427595 0.092931532393835822 -0.0072418369179200531 0.13235225875931511 -0.047304089364386716 0.022428681011020052 0.012185371011717934 0.18502474011650269 0.068376571735907485 0.043237106004476528 -0.036520642178008135 -0.0080263812870018745 -0.029163950750435159 -0.021200383142542564 -0.0034690371321472479 -0.028728216228780391 0.033684348204932102 0.070219942232018856 0.064891141494320945 0.0088213438839297373 0.12316847043835827 0.0056540283416611978 0.083264770183784823 0.051858604628126026 0.0787141981855594
leaf_weight=254.68945670127869 182.6418184787035 205.88679611682892 1410.9799755215645 123.65655796229839 81.826118350028992 242.98466496169567 84.833415552973747 349.21869432926178 49.187857657670975 22.309329524636269 214.57446858286858 213.51568296551704 214.00441691279411 320.858363494277 211.73284704983234 47.305754959583282 327.95083974301815 1465.8732419312 623.60993142426014 34.491472601890564 250.73953399062157 407.73885335028172 338.50774988532066 268.05748715996742 1756.6725168973207 22.093415975570679 329.62188109755516 178.92905223369598 255.39974708855152 341.06672099232674 103.6447659432888 388.27833330631256 486.40026725828648 322.25427646934986 46.028267025947571 48.870270401239395 109.42861936986446 55.443557158112526 246.85642375051975 454.32783798873425 64.105370312929153 231.35688671469688 74.041090339422226 145.57714270055294 1392.575430303812 967.70900791883469 391.806775867939 394.94589897990227 66.865098595619202 124.42790281772614 47.672660514712334 106.21478490531445 119.49774068593979 306.40720282495022 96.103751823306084 571.95290124416351 406.34801608324051 142.01474319398403 131.83237707614899 15.88086646795273 299.4523891210556 252.91436591744423 749.56865099072456 93.94609434902668 1470.3653496354818 174.98012924194336 1460.5615871101618 732.85848401486874 210.36130103468895 599.48908527195454 249.05730117857456 64.973537653684616 15.577701702713965 516.07035215198994 289.47939020395279 1216.471445068717 19.732510536909103 613.56254625320435 40.530222922563553 356.81703971326351 83.705523520708084 91.327091634273529 1003.7750164121389 108.01446363329887 66.473168164491653 97.63410995900631 270.66330038011074 227.62050127983093 785.01889751851559 318.67744693160057 1413.0324263870716 364.81564190983772 284.64741103351116 231.22551396489143 755.86596997082233 185.88462135195732 22.916062071919441 271.45058599114418 151.53135785460472 373.81054766476154 298.37722919881344 153.53200601041317 1587.8822512626648 109.38135682046413 14.609434664249418 869.29458875954151 22.624756366014481 583.24183183908463 31.854839295148849 7.9298368692398062 38.21910634636879 16.748462021350861 244.24093885719776 187.62161630392075 1048.829708352685 153.6973948776722 452.21494601666927 763.99158729612827 265.7979059368372 249.11462494730949 74.647462785243988 740.47233326733112 550.68975749611855 291.24109214544296 60.161839365959167 86.021661549806595 315.77497138082981 8.4402545839548093 71.866023689508438 9.2550576478242856 208.93002079427242 14.089082196354864 38.913965553045273 473.50169476866722 227.31082412600517 482.03233933448792 233.97665479779243 206.96939994394779 6.5174885988235465 9.518475189805029 340.97644525766373 8.2491239011287671 199.79693104326725 382.02720884978771 25.345882147550583 62.288471415638924 1707.4002450555563 53.875471740961075 335.92902748286724 6.6489517241716376 133.68297956883907 164.19294393062592 140.69124580919743 370.0248821824789 310.3205149769783 325.41497920453548 64.380812078714371 1144.7946930378675 9.3113068491220456 43.427609845995903 9.578621029853819 142.21020993590355 102.12716972827911 173.17010329663754 143.85107339918613 1639.4779585897923 600.75821395218372 179.37931388616562 227.67083971202374 283.66695201396942 123.88480055332184 46.231034144759178 30.251321345567703 9.5066875368356687 248.78511469066143 50.802585020661354 261.9755457341671 36.505621910095215
leaf_count=1565 1114 1189 8713 717 469 1448 474 2052 262 127 1258 1293 1318 1880 1274 273 1900 9399 3715 200 1391 2446 2034 1494 11073 122 1973 1057 1480 2024 570 2349 2650 1949 264 277 625 341 1476 2744 374 1375 431 823 8139 5580 2346 2378 383 760 254 608 686 1685 563 3350 2434 815 742 89 1808 1405 4141 533 8868 1018 9126 4350 1204 3414 1389 361 87 3032 1755 7467 106 3654 217 2005 492 531 6001 633 363 576 1492 1341 4612 1740 8720 2319 1619 1319 4412 1054 128 1628 867 2160 1670 932 9648 606 82 4907 130 3602 186 46 207 89 1411 1034 6538 947 2800 4341 1529 1378 430 4518 3194 1654 362 476 1762 44 418 52 1230 70 212 3001 1291 2844 1271 1139 38 54 1888 45 1118 2190 137 368 10078 314 1983 38 729 906 796 2008 1738 1932 348 7020 50 246 51 798 615 1047 864 9916 3634 1081 1393 1614 697 268 178 54 1467 297 1463 201
internal_value=0.000146429 0.0252539 -0.0222544 0.0050461 -0.00444795 -0.0355315 0.0460243 -0.00192537 0.0355318 0.0126139 0.00691395 -0.0219318 -0.0248831 0.00570404 -0.0268312 0.0323044 0.0273232 -0.0507848 0.000416444 0.0208464 0.0611876 -0.00949466 -0.0206908 0.0486315 -0.0450984 0.0689411 -0.0134689 0.00242428 0.0242182 -0.00386682 0.0199727 -0.0231368 0.0724242 -0.0242549 0.0502733 0.0595944 0.0436011 -0.0258442 -0.0342833 0.00473237 -6.55326e-05 0.0182371 0.0335366 0.0481426 0.0268077 0.0162271 -0.00411661 -0.0227253 0.0489409 -0.027984 0.0668213 0.0260796 0.0474197 0.0579923 -0.00896475 0.0127606 -0.00452658 0.0222535 0.0593633 0.063803 -0.024561 0.0651076 0.0587836 0.0595784 -0.0233557 0.0389495 -0.0473705 -0.0042611 0.0249918 0.0334053 0.0620026 0.040021 0.0376981 0.00139913 -0.0215647 -0.0254084 0.0934298 0.00541157 0.130802 0.054901 0.0326599 0.0354596 -0.0181982 0.0141292 0.0319929 -0.0260527 0.0637461 0.0183502 0.0125165 0.0805952 -0.0451625 -0.0434726 0.0625407 0.0530603 0.0224474 0.0414803 0.0654235 -0.0396745 0.0332257 0.0286515 0.0279239 -0.0330072 -0.035584 0.072805 0.189339 0.0530715 0.0887954 -0.0406939 0.0922384 -0.00980374 0.0677694 0.130181 0.00833804 0.0645651 -0.0424181 -0.0351123 -0.0222172 0.0393556 0.0274461 0.0640034 0.00267494 -0.0291925 0.0131507 0.0298362 -0.0189487 0.0471017 0.0668052 0.0849121 -0.011556 0.0966808 0.0187094 0.085625 0.0827722 -0.0658157 0.0441079 0.025511 0.068845 0.0638154 0.0107338 0.0785021 0.0660611 0.0756469 0.0364437 0.0388468 0.0825677 0.0201856 -0.000412334 0.00336145 0.0210746 0.0716941 0.0589299 0.0313851 0.0171596 0.0770245 0.0863396 -0.0203306 0.0989915 -0.0442896 0.100074 -0.0215705 0.0818003 0.0466669 -0.0210079 -0.00646782 0.014691 -0.0235501 -0.0125967 0.00947038 -0.0462951 0.0189607 0.0470569 0.0188751 0.0138853 0.0204257 0.0180753 0.0493983 0.0365654 0.025454
internal_weight=56772.8 26769.2 30003.6 13568.4 12815.8 17187.8 13200.8 11697.4 7802.13 6486.18 7951.77 6329.65 10121.8 5138.09 9700.49 7329.92 5739.05 7066.04 6004.39 4105.54 5398.71 3171.58 3745.61 1870.97 5126.67 3386.05 2752.06 4760.92 3777.59 5033.95 421.277 8073.45 3135.31 7861.72 1590.87 1148.4 1633.5 7473.44 3158.07 1452.11 4306.19 802.992 571.635 2012.66 1947.38 2486 3381.19 1382.27 1427.62 6802.72 2447.97 442.474 789.205 1277.36 2630.31 750.882 670.722 541.087 1329.88 1198.05 5262.05 2383.55 1692.54 1127.03 1799.99 1348.1 4871.98 3503.19 1518.29 1018.65 1192.52 489.15 353.018 1234.73 1719.47 1505.95 687.346 952.07 71.0205 886.116 1598.16 1506.53 1395.58 1044.37 1041.14 727.762 637.059 1379.73 1058.87 691.002 1627.04 1775.8 306.957 246.803 970.44 808.29 208.801 1540.67 417.431 974.668 417.875 2063.67 1910.14 637.882 30.4903 1318.19 113.952 993.554 105.896 91.6354 200.946 64.4211 499.641 464.119 3115.3 1654.74 605.912 1291.59 527.6 1439.63 317.632 1135.42 646.794 735.299 3198.38 377.163 371.33 196.062 587.936 327.933 264.374 472.216 458.127 1939.37 261.802 590.047 1190.51 956.538 104.152 95.5401 363.07 324.024 281.623 448.892 90.3194 465.74 2836.71 2103.85 396.453 60.5244 181.213 398.83 234.637 408.939 359.191 666.482 173.762 1269.22 47.5304 89.4559 280.242 317.19 2898.93 419.148 245.978 2479.78 840.299 239.541 810.913 657.477 275.416 831.25 401.634 339.346 329.839 81.0539 589.722 327.747
internal_count=336454 154163 182291 79961 76464 105827 74202 69476 44353 37878 46838 38586 61378 30179 58930 41801 32826 44449 35448 23532 29849 19182 22638 10485 32049 18612 16529 28062 21632 29778 2448 48892 17221 47618 8975 6451 9294 45269 19404 8667 25449 4730 3355 11237 11390 14271 19961 8372 8105 41264 13479 2524 4436 7096 15554 4407 4005 3096 7389 6647 31856 13136 9334 6259 10841 7699 30484 20719 8691 5800 6622 2733 2014 7207 10515 9222 3742 5688 388 4937 9338 8800 8347 6221 5953 4329 3548 8101 6221 3802 10038 11032 1746 1406 5670 4596 1182 9408 2379 5590 2356 12529 11597 3526 171 7480 661 6109 617 538 1092 343 2891 2572 19411 10285 3747 7361 3020 7929 1878 6896 3757 4141 19327 2117 2080 1078 3450 1792 1571 2552 2482 12400 1491 3477 6551 5280 614 530 2010 1807 1587 2573 498 2738 16763 12413 2335 352 986 2235 1329 2220 2015 3956 954 7780 257 510 1543 1816 17519 2526 1479 14993 5077 1443 4995 3774 1564 4880 2364 1996 1942 475 3318 1855
cat_boundaries=0 12 23 35 47 58 69 81 92 103 114 124 136 146 157 168 179 190 201 212 222 233 244 255 266 277 288 299 310 321 332 343 353 363 374 384 395 406 417 428 440 450 461 471 482 493 504 515 526 537 547 555 566 577 587 598 609 619 630 639 649 659 669 680 691 701 711
cat_threshold=69337088 33558528 268435456 537001984 1342177312 541065504 1048640 2155872259 1141899272 1703936 2416050176 8 9437184 20976640 155189409 33554432 268435456 671155200 1572928 2147483649 1207959568 1573184 524544 131072 6160 4099 537001988 0 214080 1572928 8395779 130 537395264 4194304 8 2483159040 32 262144 536872964 603979780 1082130688 4194336 4325378 1073741952 33554946 65605 8 16912706 139493376 32768 524288 134218112 1074790400 8388608 66 25165824 2148012032 65536 524288 1226833920 12656640 2048 2147488000 536870912 2151677952 524296 134217760 201326600 16777472 25165824 1073743872 411041921 2228224 335544512 8232 1048592 557570 134218768 3145792 131072 8 10108928 8392708 16777216 8 256 537006080 524544 139329 2097152 537928000 2147483652 9437184 4096 289407008 0 0 1096 524864 2147483649 134217736 536870984 524292 268435524 16 4456480 2113536 4100 1081536 138412672 268697600 1024 136323074 4719364 2147483648 34603040 2129922 538443904 1051648 8421440 67108880 0 128 541067272 129 1107296400 0 10240000 8519680 1056768 2151677952 2147483654 67108866 541073600 8393216 72 0 4195328 134217728 0 67108864 134217728 33554432 0 0 1074003968 8404996 4096 285216898 1179648 8192 134283264 524288 4608 135267496 1074266432 12648513 1048576 151000064 293601280 2181169160 67108864 1024 1048640 2155874305 136 537395520 64 0 17825796 16809984 2184 0 541098080 34078720 1179648 4096 134479872 8388608 16777216 134222848 423624992 147456 0 134217768 34603584 8392705 134217744 1966336 268959744 285212672 2 802 538050824 67110912 1120 4194832 26214402 1073741824 537395208 65536 268959744 4194304 262273 33554696 603979776 0 0 16781313 0 1049088 268436480 268435456 0 4456705 0 0 40 0 36864 2097152 131592 8388608 4096 402653184 0 0 0 0 0 16 1048576 524288 9437184 4096 419692544 33685504 0 134217728 9437248 8392704 25 262144 524288 16777216 0 262272 12 2304 16384 0 4098 16 0 1280 2097152 1024 134217984 4 0 134217760 33554432 17827840 134217752 262144 256 8388608 1024 134217728 0 268435456 671088640 0 4096 0 768 524289 0 8388608 256 0 67108864 0 8388608 4587520 0 0 1 9437188 0 402653568 131072 8192 536870952 33554688 1048576 65537 2097664 2147483649 2097156 4194304 262432 2281701376 8192 66568 33554448 2148538368 1075840128 1073876992 268500993 9437184 25165824 138412032 0 0 671088640 9437184 1048578 16 256 524293 16777216 17827840 262528 2359432 0 138477568 33554432 21764097 1049600 512 524352 268451840 159383552 288 10 268435456 8 41943040 18350080 16777216 263424 1029 0 12582912 262145 8 268443648 671154208 8388608 4096 0 1209008128 0 0 419430400 131072 0 131104 0 2048 24 1310720 9961472 16777216 289669248 33554432 0 0 1048640 2147485697 130 262400 320 269484032 0 256 0 67108864 8519712 524288 1052672 1033 1610874880 0 0 8716544 2819620864 536885248 4160 2147746304 528386 2098176 134222336 2432761856 268435456 8521732 16777504 0 1073750052 541066240 0 17301536 1040 1746012482 268435776 2415919104 18874368 268697857 16512 2685403136 32 33554496 2147518464 5136 138 4194304 0 25166848 129 2228224 0 134217768 64 262144 0 536871232 524289 285212672 0 262560 131200 268435460 32 2315255824 17827840 1081147392 133120 135232 8 269484032 4 4194305 1310720 2048 197640 8388608 4608 8388608 1344 4 1024 0 0 335544320 0 655488 1179648 134217728 0 4194309 524288 5120 16777216 0 67108864 0 64 0 0 536871168 6 140513280 8409376 264194 268435488 131072 0 17833984 152047616 36700288 268435712 4 1024 10747904 132 2147487744 1352 33554432 1048582 135267344 256 272629760 0 4096 402653216 0 0 0 1048576 1 134217744 1048832 524288 9437184 4096 402653313 33685504 268435456 671154216 1048640 2147483649 134218898 1311232 524288 268435456 0 25165824 2097154 67108864 131072 131072 17306112 4104 2097152 272629764 1048576 16782336 268435712 131080 268435456 536936488 64 1 8 256 256 0 4198400 16777216 33554432 0 66560 524352 2147483648 134217728 524288 0 16777216 4456480 128 0 32 1048576 2164260864 0 0 0 536870912 10240 541131008 34078720 1048578 1 136704 268435457 0 8390656 16777248 0 4 0 33554496 2170327298 8388608 131072 524544 1048576 0 0 0 0 536870944 0 2048 0 262144 1048576 4096 0 0 0 0 8912896 0 16 0 524288 8388608 25165824 33024 264320 2176 66568 34209792 1181696 150999040 805310144 8388608 0 0 16777216 0 0 0 64 8388608 0 262144 0 16778240 0 0 268435456 0 0 135168 16 0 1 0 0 4194304 0 0 1024 0 0 134218752 0 1024 0 0 0 134348800 64 2048 0 1048832 268435456 2048 32 0 0 0 34603136 5242880 1024 1074921538 1048576 0 402653312 0 0 134217728 0 2048 8 262400 0 0 0 2048 2084 134284288 0 8655104 1052688 1050882 524288 0 0 0 131072 0 0 0 0 1040 1075052544 8388608 8388608 1024 16777216 8 0 8 0 0 1 1048576 8388608 0 134218112 0 0 0 0 0 1 262144
is_linear=0
shrinkage=0.08


Tree=3
num_leaves=179
num_cat=71
split_feature=3 18 20 20 20 2 15 2 20 15 6 15 18 6 2 20 2 6 2 3 1 6 18 2 1 15 1 1 1 3 1 3 1 3 15 18 6 20 1 14 3 20 2 2 3 1 2 1 1 2 20 6 6 19 1 1 2 1 3 2 2 15 1 3 2 15 2 1 2 3 6 18 1 2 20 1 6 2 15 2 1 6 10 3 3 18 3 1 18 2 2 6 18 15 15 10 1 15 2 1 6 2 20 2 3 2 15 14 2 15 2 1 2 2 20 2 2 20 10 15 19 3 18 1 2 15 15 15 10 6 6 1 1 14 1 10 20 15 2 2 2 15 2 14 17 2 2 18 18 10 1 1 10 14 20 15 14 17 2 11 18 1 1 15 15 17 20 14 17 3 1 10 3 17 20 20 15 20
split_gain=4142.21 1840.84 732.031 730.802 448.665 250.737 216.141 213.752 204.255 179.882 163.889 158.519 144.08 138.203 130.775 119.801 115.581 114.605 101.454 86.4675 89.3829 84.3979 81.6147 81.5041 76.4519 73.7924 70.5293 69.3874 62.5798 61.454 56.2293 53.6825 53.0189 52.6764 52.5033 60.2471 51.2987 50.1097 51.4653 49.799 48.5295 48.2792 45.922 45.6782 44.8377 44.0681 42.3987 42.0297 41.9407 41.4933 41.3868 38.6901 40.0972 38.7841 38.4427 38.226 37.9 37.8816 36.7713 36.7649 36.0764 35.3224 35.0963 34.2994 37.5255 33.4904 37.457 33.0601 32.8996 32.425 32.1808 31.7471 31.245 30.4176 30.3169 29.6419 28.8532 28.0533 27.8904 27.3752 26.9049 26.8754 26.7624 28.7839 26.5134 30.4403 26.3809 29.3266 25.4778 25.4624 24.9371 24.7519 24.7279 24.3259 24.2572 25.6616 23.9658 23.9431 22.8246 22.5414 22.5309 22.1401 21.8015 21.2754 21.1989 21.1044 21.0109 20.9592 20.8737 20.5068 20.4777 20.3603 20.3309 20.2423 20.1413 20.0994 19.8397 19.8111 24.2682 19.5442 20.7149 19.4655 19.4432 19.4146 19.3693 19.3336 19.3098 23.5424 19.1021 19.0717 20.5153 18.5525 18.3253 18.2383 18.0454 17.5599 17.4952 17.3469 17.2149 17.192 17.0483 17.7283 16.8641 16.7519 17.6873 16.5812 16.4084 16.2332 16.0196 15.9977 15.8951 15.8172 15.6724 15.6537 15.5698 15.9505 15.3382 15.2961 15.1126 15.7332 15.0997 16.4957 15.0008 14.8291 17.2977 14.7406 14.7267 14.9101 15.7404 15.4272 14.6387 14.6293 16.6134 14.5284 14.6019 14.4555 14.4407 14.4212
threshold=11.500000000000002 0.22502382844686511 0.2053555250167847 0.22122552245855334 0.25373519957065588 0 3574.0000000000005 1 0.16372899711132052 3894.5000000000005 6.5000000000000009 3081.5000000000005 0.27322846651077276 4.5000000000000009 2 0.14490661025047305 3 6.5000000000000009 4 14.500000000000002 5 6.5000000000000009 0.30233474075794226 6 7 3968.5000000000005 8 9 10 8.5000000000000018 11 14.500000000000002 12 6.5000000000000009 4204.5000000000009 0.28868342936038976 3.5000000000000004 0.36157004535198217 13 17.500000000000004 15.500000000000002 0.1225511282682419 14 15 14.500000000000002 16 17 18 19 20 0.32259921729564672 3.5000000000000004 1.5000000000000002 0.041157072409987457 21 22 23 24 6.5000000000000009 25 26 3802.5000000000005 27 15.500000000000002 28 4062.5000000000005 29 30 31 6.5000000000000009 6.5000000000000009 0.2283519729971886 32 33 0.30969652533531195 34 5.5000000000000009 35 3968.5000000000005 36 37 5.5000000000000009 148.50000000000003 15.500000000000002 8.5000000000000018 0.34022966027259832 8.5000000000000018 38 0.27078618109226232 39 40 5.5000000000000009 0.23297183960676196 2998.5000000000005 4015.5000000000005 144.50000000000003 41 4137.0000000000009 42 43 4.5000000000000009 44 0.33635801076889044 45 8.5000000000000018 46 2846.5000000000005 22.500000000000004 47 4015.5000000000005 48 49 50 51 0.17492742836475375 52 53 0.26879164576530462 137.50000000000003 3802.5000000000005 0.0096897743642330187 17.500000000000004 0.31863057613372808 54 55 395.50000000000006 2527.5000000000005 2422.5000000000005 378.50000000000006 4.5000000000000009 1.5000000000000002 56 57 6.5000000000000009 58 117.50000000000001 0.1225511282682419 2240.5000000000005 59 60 61 4245.5000000000009 62 26.500000000000004 0.011535214725881817 63 64 0.27755488455295568 0.15562320500612262 62.500000000000007 65 66 194.50000000000003 31.500000000000004 0.31201812624931341 630.50000000000011 13.500000000000002 0.010591680184006693 67 3.2009615898132329 0.21213249117136004 68 69 2708.0000000000005 2584.5000000000005 0.018794737756252292 0.25118340551853185 26.500000000000004 0.022087520919740204 8.5000000000000018 70 290.50000000000006 15.500000000000002 0.0493219941854477 0.32259921729564672 0.3032804280519486 2288.0000000000005 0.26158750057220465
decision_type=2 2 2 2 2 9 2 9 2 2 2 2 2 2 9 2 9 2 9 2 9 2 2 9 9 2 9 9 9 2 9 2 9 2 2 2 2 2 9 2 2 2 9 9 2 9 9 9 9 9 2 2 2 2 9 9 9 9 2 9 9 2 9 2 9 2 9 9 9 2 2 2 9 9 2 9 2 9 2 9 9 2 2 2 2 2 2 9 2 9 9 2 2 2 2 2 9 2 9 9 2 9 2 9 2 9 2 2 9 2 9 9 9 9 2 9 9 2 2 2 2 2 2 9 9 2 2 2 2 2 2 9 9 2 9 2 2 2 9 9 9 2 9 2 2 9 9 2 2 2 9 9 2 2 2 2 2 2 9 2 2 9 9 2 2 2 2 2 2 2 9 2 2 2 2 2 2 2
left_child=3 2 6 8 9 17 15 30 41 14 16 26 18 25 21 42 37 19 69 48 102 27 31 55 44 45 115 -3 104 124 84 62 142 67 35 50 59 38 -6 103 79 -1 -2 75 107 108 123 137 98 162 56 52 106 90 139 -17 -18 -51 -30 -25 -14 74 -16 99 97 66 -19 -28 -56 -9 -57 149 -71 -31 135 -35 -46 147 170 -11 91 -60 83 110 154 -86 87 -43 143 -47 -54 175 138 -89 -75 -96 -48 121 -4 -34 113 -24 119 -22 -20 -106 -40 -8 -7 -78 -29 -83 -26 -37 -61 -10 -94 -68 -119 120 -21 151 173 -33 -13 -82 127 -115 150 130 -98 -91 -50 -70 -132 -49 -44 -41 -88 -45 152 -142 -15 -85 -145 -116 -64 -12 -27 -32 -77 -65 -42 -150 -5 -156 -81 -111 -131 -160 161 -100 -38 164 -53 -76 -73 169 -169 -168 -58 172 -102 174 -79 -62 -59 -93
right_child=1 4 5 7 10 13 24 12 11 40 77 29 60 32 22 23 34 65 28 20 39 -23 101 36 112 148 33 82 58 73 71 46 63 43 -36 100 49 -39 51 47 140 86 136 54 76 89 96 61 132 57 -52 163 53 -55 68 70 78 176 81 114 80 -63 146 64 -66 -67 117 -69 133 72 -72 166 -74 94 165 128 109 122 -80 156 125 111 -84 88 85 -87 92 93 -90 131 -92 177 116 -95 95 -97 129 -99 160 -101 171 -103 -104 -105 105 -107 -108 -109 -110 157 -112 -113 -114 126 145 -117 -118 118 -120 -121 -122 -123 -124 -125 -126 -127 -128 -129 -130 158 134 -133 -134 -135 -136 -137 -138 -139 -140 -141 141 -143 -144 144 -146 -147 -148 -149 153 -151 -152 -153 -154 -155 155 -157 -158 -159 159 -161 -162 -163 -164 -165 -166 -167 167 168 -170 -171 -172 -173 -174 -175 -176 -177 -178 -179
leaf_value=-0.05567071561546226 -0.0039694318096583801 -0.0032885260180913877 0.05991132561407192 0.013656082633551564 0.01853165404618589 0.018182266912377756 -0.01164011929212529 -0.059688054310969046 -0.021733223043841458 -0.005916993502770195 0.012609800583902637 -0.019374200373696516 -0.0095760987838338432 0.016434347624055098 0.022764345496663153 -0.024369162404448926 -0.00073667937088888564 -0.003449671322472841 -0.0062345543144772643 0.022848158828676326 0.023320157748610178 0.070957400196253698 0.0051369100387000889 -0.006702675496562561 0.016052735824557865 -0.023985910988292964 -0.010666193537574529 0.0073883945273075582 -0.042677259741723692 0.0037602090353328474 -0.089387121675770884 0.018349395109684349 -0.011693197083415208 -0.043551587494729337 0.11430057235175162 0.010600052953176257 0.024153145590534403 0.084974826585154289 0.061612319690339964 -0.011376547953772747 0.049081844384847771 -0.0080110850808909582 -0.055123556053217095 0.014210699412924674 0.031822801978270907 -0.030676037091899328 0.0026341728714025904 0.044827424231753635 -0.026413854512293562 0.0094388868526965666 0.050726717475378491 0.069320514996664834 0.00040677339347094867 0.07981586127159869 0.013339835030450308 0.0082530729471026829 0.003260788274585365 -0.030036960354756236 -0.019344834931894254 -0.042122798764676048 0.017098442273999908 0.088400501878306378 -0.025045397710928421 -0.019283950901569091 0.014771713290594827 0.10481475114185232 0.047943163885538632 -0.045265009467266915 -0.034108823001482977 -0.0015249410922615521 0.05457182503124941 0.001332323038290341 -0.036383425498526009 -0.048400746052810979 0.029571217104651194 -0.0051794160959082571 0.035711932325640905 0.07751210409541584 0.071618321363225906 0.03007741096586725 -0.064812767299825505 0.021349584271136528 0.024961123101206226 0.034774074766018945 0.044417649800192471 0.11678056017972534 -0.012253871947191715 -0.043846445667560609 0.088222437163701581 -0.025924159056782504 0.039013847089029344 0.039569895084245625 0.025151638364514485 -0.060961001391184148 -0.038509551146463955 0.012191000594431572 0.039953947326802089 0.093588371058176884 -0.020091183698821943 0.020605699737403872 0.046277214654829438 0.046936667909057823 0.10070072883340483 -0.0061768272585445688 0.038207893555090584 0.0031235426307058656 0.11206360979643913 0.042145241489227589 -0.0065433296702011694 0.059509035976435858 0.044431998024023082 -0.011806350904379734 -0.020990188561520205 0.047110340444116182 0.003258188524598392 0.013089603984087372 -0.023162832377755686 0.10611956167794985 0.05333422432785264 0.08564112503652932 0.058422785793904142 0.051110361764302066 0.10763744060694323 -0.018394706658180462 -0.062669761140526678 0.012175897919639019 0.069686089187260269 -0.0054988566539403653 0.072909369901546076 0.056013574517116894 -0.0078278740743866794 -0.004875852090803435 0.0021481106857130818 -0.018063779063441684 0.020999766665857612 0.019848348732474257 -0.037215851453038233 0.022851538513619554 -0.040725711732770238 -0.0096180899052263312 0.075585136077177845 0.16242115292017673 -0.010104918479051546 0.20231079115642372 0.065725497410501363 -0.02884197599631937 -0.0034732663407366295 0.072582440167328011 0.027231207349286246 -0.007253836797496872 -0.028625634023563107 0.031551954197445255 -0.024310976069216554 0.077114404821298554 0.13385836887797148 0.030232683166313095 0.06498989611151948 0.12040878993045663 -0.015027479382343426 0.032255881204713559 0.052707663868360934 0.020583808935802445 -0.001828385633164388 0.088617180445342433 0.025165166168380052 0.081501804682478862 -0.0062299600772003829 0.11824989065335129 0.033054342394544522 0.044754236908579673 0.029349968230613754 -0.014446237865465441 0.080952118474889118 0.042393349264144828 0.10439013098701651 0.069142816073609364 -0.015786550705970213 0.10151535752888907
leaf_weight=2216.2491189688444 228.39057075977325 366.92023956775665 94.292400807142258 270.37565179169178 245.16918642818928 380.89004622399807 173.40703317523003 302.71855126321316 129.11075329780579 90.61581926047802 69.930148735642433 104.37416671216488 351.28868189454079 224.15061527490616 184.29732994735241 189.93753841519356 377.09850899875164 75.907269582152367 312.73369698226452 153.86252309381962 245.78879584372044 352.66697145998478 115.5070685595274 459.05374056100845 126.84574002027512 32.239468932151794 241.28852389752865 175.77168941497803 312.22665521502495 138.87956923246384 15.89219757914543 118.04953224956989 197.63736130297184 742.40962989628315 56.143581479787827 132.14320176839828 180.73968623578548 457.0206350684166 293.49872674047947 156.11741305887699 105.99733102321625 144.2825320661068 557.7109295129776 334.60240776836872 362.73574233055115 620.56000413000584 438.61925953626633 293.73168189823627 180.59957258403301 295.34274069964886 393.60384902358055 741.41049133241177 158.0830675214529 113.8031031191349 175.29088570177555 639.8397391885519 178.55479028820992 748.59316430985928 1108.4940040111542 816.83347894251347 209.07477782666683 91.751864641904831 474.08480678498745 43.844822615385056 470.54733437299728 89.871638387441635 332.25322358310223 1016.5165123194456 623.75937713682652 211.85351094603539 112.92336489260197 121.17220465838909 926.04955361783504 507.02412103116512 48.946396246552467 259.97446790337563 63.509455516934395 496.37267176806927 90.274540409445763 176.13336269557476 21.741943627595901 211.13370187580585 793.97489930689335 219.72745601832867 394.43080285191536 41.07016097009182 183.96561169624329 2354.2381341308355 136.54614305496216 369.44318680465221 380.69789771735668 44.341627523303032 64.217009097337723 686.78401316702366 163.03754416108131 105.0381880402565 180.28482283651829 60.299821987748146 86.151751950383186 422.71028105914593 136.54562544822693 437.95313383638859 71.201659291982651 397.3548918068409 214.84840032458305 231.91078889369965 64.470039382576942 63.267651125788689 488.70107255876064 47.921702191233635 249.89882990717888 246.5315792709589 315.54377377033234 389.27860350906849 121.58800336718559 443.93032968044281 209.88341721892357 107.58580410480499 115.85085605084896 101.91081888973713 328.50315849483013 438.36697365343571 237.07104329764843 331.11898073554039 1051.1743164807558 511.05391420423985 198.51026293635368 63.283329352736473 13.3290848582983 175.37031473219395 237.41440908610821 967.11156772077084 584.50951051712036 1660.5417679995298 316.72994627058506 465.77964802086353 934.59957149624825 241.05507282912731 1413.7957694381475 432.80040369927883 491.09833784401417 15.519358232617376 433.55431878566742 6.5175843983888617 85.285444363951683 914.47432914376259 446.67112809419632 49.204838216304779 245.8451205343008 327.57345306873322 834.34782157838345 202.04886709153652 22.573896065354347 48.138907194137573 14.488834261894224 27.617074877023697 148.48103895783424 58.971000120043755 53.071908876299858 297.0595546066761 57.868904083967209 185.64444053173065 559.39628922939301 239.92554377019405 61.526996195316315 122.91974981129169 64.933446362614632 25.384644910693169 30.64423893392086 91.478307604789734 898.88042858242989 14.005239248275755 251.59584960341454 56.870230779051781 175.34277135133743 40.809534505009651 1161.1026661545038 52.665645286440849
leaf_count=14428 1398 2111 530 1615 1337 2228 1016 1967 788 508 377 682 2079 1284 1083 1130 2118 429 1924 870 1383 1949 655 2770 723 185 1511 1021 1966 850 101 676 1145 4636 294 724 1072 2360 1589 880 563 917 3552 2044 2016 3697 2543 1645 1040 1758 2133 3989 887 620 1069 3769 1007 4503 6725 5038 1230 490 2807 248 2687 473 1860 6447 3856 1307 658 725 5742 3188 265 1619 359 2643 485 981 130 1266 4467 1234 2259 226 1140 15075 745 2191 2082 257 396 4546 1010 634 1033 316 496 2443 747 2458 370 2259 1264 1375 340 365 2866 254 1424 1493 1831 2118 738 2659 1294 570 618 547 1837 2470 1225 1926 6951 3010 1075 347 81 979 1378 5714 3375 10175 1827 2623 5786 1347 8910 2663 2584 73 2510 37 472 5552 2630 258 1365 1970 5174 1146 123 263 83 160 811 305 300 1668 331 1067 3331 1282 332 651 382 150 179 518 5019 76 1345 297 899 234 7023 301
internal_value=-0.000496205 0.0173754 0.00133956 -0.0266773 0.0391941 0.0159869 -0.0151406 -0.00451838 -0.0358602 0.0252265 0.0536064 -0.0277871 -0.0118979 0.00463077 0.0200347 -0.0199553 0.0483805 0.0297624 -0.0191603 0.0244182 0.0322876 0.0346833 0.0107275 -0.0147719 0.0163183 -0.00649097 -0.0219684 0.0285655 -0.00969815 -0.047209 0.0228986 0.00592336 0.0187142 -0.0243778 0.0375182 0.0362574 -0.0186354 0.0605592 0.0559674 0.0237171 0.0558377 -0.0458245 -0.0386311 -0.0207851 0.0313118 -0.0106487 0.0132953 0.0321951 0.00642372 -0.011669 0.0275688 0.0600541 0.0491887 0.037384 -0.0148786 0.00689775 0.0216677 -0.0171255 -0.017516 -0.0275902 0.0120674 0.0406472 -0.00840423 0.0256257 0.0335792 0.0591215 0.0526161 -0.0390728 -0.0197604 -0.0361673 0.0150036 0.00592498 -0.0302268 -0.0317069 0.0363773 -0.0308401 0.0445821 0.0821987 0.0286637 0.0345671 0.0205852 -0.0126112 0.0353814 0.0452543 0.0379817 0.0512477 -0.0415092 -0.0459389 0.059407 -0.0172563 0.0284183 0.0378318 -0.0339709 -0.0475556 -0.0376247 -0.0186446 0.01901 0.0446661 0.02626 0.0104592 0.050465 0.0391545 0.0580187 0.00536295 0.00961339 0.0209219 0.0707052 0.00274043 0.00437052 0.0717348 0.0303542 0.00369822 -0.0102486 0.0425592 -0.0325531 0.00500501 -0.0117699 0.05927 0.0787589 0.0538066 0.047077 0.0410046 0.0868269 -0.00854797 -0.0594696 0.00886515 0.0481429 0.0397539 -0.022006 0.0246451 0.0165141 -0.0108436 -0.00484815 -0.0223476 0.00888689 0.0295098 -0.0436168 0.00916677 -0.0377793 0.000820982 0.0697408 0.0767378 -0.000949222 0.0467714 0.0754707 -0.0253218 -0.0147306 0.034494 0.0295342 -0.0110599 -0.0233647 0.0229854 0.0335824 0.0354048 0.0207061 0.0659444 0.044674 0.0931252 0.0364765 0.0243917 0.0151511 0.00770849 0.00475419 0.0711574 0.0659378 0.0667182 0.0235886 0.0362817 0.0716861 0.0235906 0.0253292 0.0658589 0.0687572 0.0812439 0.0845316 0.0256036 -0.0212616 0.0732164
internal_weight=56657.9 33672.6 19408.3 22985.4 14264.3 10275.5 9132.73 6734.54 16250.8 7243.96 7020.32 8977.43 5309.48 5646.09 6193.54 7920.53 5935.52 4629.46 4078.5 3907.99 2718.92 2387.31 3806.23 6199.82 1212.2 3152.93 6907.9 2034.64 2637.88 2069.53 1425.06 3252.77 2493.16 6334.86 3179.92 3123.77 5257.12 2755.61 2298.59 2063.45 1050.42 7273.42 1720.7 5077.06 769.813 2826.71 2147.72 1420.3 1189.07 2945.17 1938.41 2053.42 1010.55 652.584 3226.99 942.701 1544.81 2205.04 1878.39 2311.95 1230.98 1023.13 1105.05 1835.46 1215.11 721.469 631.597 1257.81 2459.59 1440.62 752.763 677.078 1137.9 913.979 931.377 1850.06 533.138 1084.79 1167.71 415.23 879.687 1566.16 1667.72 873.747 747.983 435.501 5057.17 3185.3 448.077 1957.11 538.781 346.892 1871.86 3041.02 775.1 268.076 1698.55 744.56 423.957 620.348 1185.36 553.46 655.478 643.144 759.493 446.759 357.969 236.675 869.591 170.402 425.671 457.665 442.39 783.215 1852.9 573.041 274.1 555.69 223.437 584.277 482.366 684.261 965.657 449.169 1155.55 532.796 651.072 452.562 1107.65 1259.93 734.429 1336.55 765.109 2284.3 554.144 759.511 1492.31 397.172 1597.76 767.403 635.189 506.618 657.705 311.53 91.803 1036.06 920.756 119.135 326.223 343.466 1094.32 245.894 128.571 293.984 312.482 42.1059 324.614 106.893 525.502 350.131 329.665 271.796 740.136 1042.86 802.937 171.866 333.613 212.441 56.0289 156.412 1077.44 402.147 388.141 728.586 671.715 249.884 1909.7 97.0073
internal_count=336113 192732 113661 143381 79071 58714 54947 40638 102743 41066 38005 56037 32270 32758 35423 48078 32306 25956 25029 22006 15167 13460 21963 37342 6869 18509 42722 11511 16013 13315 8368 18850 14249 39275 17488 17194 31785 14818 12458 11543 5643 46706 10736 31317 4315 16696 12330 7901 6839 17687 10762 11121 5518 3589 19807 5557 8629 13284 11450 14098 7241 5674 6520 10455 6867 3950 3477 7958 15100 9016 4427 4025 7049 5682 5184 11510 2934 5699 6511 2300 5162 9484 9400 4933 4343 2485 32278 20538 2488 11602 2969 2022 11740 19621 4832 1644 9728 4180 2424 3588 6432 3113 3624 3642 4563 2639 1929 1381 5094 918 2445 2759 2554 4264 11328 3447 1690 3048 1188 3254 2707 3864 5064 2602 7633 3140 3540 2465 6874 7185 4238 7905 4415 14031 3205 4268 9338 2227 10050 4707 3343 2657 3794 1743 509 6290 5437 635 1813 2071 6793 1394 686 1628 1858 243 1792 559 2947 1968 1894 1563 4403 5603 4321 916 1954 1229 329 900 6026 2168 2092 3839 3542 1464 11526 558
cat_boundaries=0 11 23 35 46 57 69 80 91 102 113 124 134 146 157 169 180 192 203 214 225 236 247 258 270 281 292 303 313 324 329 340 352 362 373 384 395 405 416 427 438 449 460 464 475 486 497 506 516 526 537 548 558 569 578 588 598 609 620 628 639 649 660 671 683 694 706 717 728 739 750 760
cat_threshold=1 151000064 419434498 33685504 268435456 66560 1049280 2155872321 1048584 538448192 524288 1703936 8394754 8388608 34865152 68159748 16448 0 2164523008 0 538190080 268440580 16 0 5124 285474816 34734088 0 65544 1048640 2156134915 10486936 1709056 0 8 0 20976640 16777472 33685512 603979776 536870944 9961536 12582912 8 1611399424 268959744 8388612 54526976 138416512 2048 268435456 671088640 8389248 4751362 135266313 1208091136 257 268435456 5120 142610560 0 268435456 1032 1048576 0 134218752 134217728 524545 8 67125248 37748784 285212673 546439170 384 1073742848 320 8421893 1140850688 64 8912896 9437184 16780288 257 2176 268435460 536937472 8912896 17307650 134217729 1073741824 8913153 134217985 1107329024 4210688 2819358976 0 1048576 2147483776 8388672 0 2148020224 196608 1064960 2 129 4 536870912 536870912 8388608 514 1075838992 140544 268960000 268435456 67108868 134217760 536870924 2147497984 1073872904 109576192 2155872768 1073741872 2490632 2147483648 1048576 5120 402653184 33685512 536870912 134217728 8388672 8390656 2097153 1075052802 268435460 6148 285212705 2230276 0 134217736 384 1605635 17 1074923520 12582916 8 270548992 20971520 34 2147745792 2684358656 16384 8388608 6658 0 537133312 17302848 8388608 8388608 17039360 131080 2147516416 134218752 33554944 9965568 1073741824 2816 524288 8 8388608 2048 402915456 536870916 8192 671088680 256 5511168 1075840001 134480898 2148008197 336723968 6148 16777345 2623496 0 4390912 0 2148567040 1207959560 1048586 8388608 8 201474048 0 4194432 2147518464 8708 1111491648 4194432 4718592 1048608 1241514250 2164260864 65536 12584960 268697601 33556486 536870912 134217792 0 2 27267097 1611663040 8519684 8388608 50332672 268439552 2176 268435456 536937568 8388608 4327424 33555473 1611661504 524292 8519680 5120 134217760 33816580 10336 4194368 1577488 1052672 17829888 137364736 268435457 278921216 153098240 32 8 603987968 536936448 8388624 2148665858 1 137364738 268435456 8388608 1051664 262176 131072 32 536936448 4096 0 1025 1074004224 4194304 16809984 0 266368 2147485696 14336 65536 33554432 2147520512 2097168 134348872 4260100 8 0 8392708 1 2048 67108868 131136 34603008 2049 10 536871488 525057 0 1090519040 134217984 2113540 6176 1114176 42074112 4194304 1048584 1310720 268435456 268435456 1024 268439939 537001984 536870912 196640 41944144 4231169 134217728 131072 12648449 1048576 1024 16777216 262152 67108864 131072 8388608 264193 134217728 786432 278003712 2048 4194464 12 67108868 671088680 8388608 17041408 1210056721 134479874 257 0 0 134217728 0 268435456 270680064 71303172 268435458 33556492 256 0 0 524802 9437184 537133128 8388609 285736961 37748752 2097152 8405248 4 8388672 134217728 16785408 0 574619648 131072 8 0 0 288 131072 67110912 537003112 41943040 22024192 16777217 66 0 4100 134217728 8 0 0 64 6146 0 1048832 4194304 8388608 1024 150995072 33685512 67108864 671088680 1048576 1048577 24 134218560 2148007941 268435456 0 4194433 0 536870912 65536 34078720 1572866 134217744 0 256 4 8388608 256 0 0 536870912 524416 524290 1040 1073742338 1048576 0 0 1179656 0 131072 64 8388610 0 536870912 16777472 0 1048576 8388608 1050626 536873248 1074790528 0 0 12582920 37748736 2424307712 1572868 8390656 4194592 0 4 536870912 9043968 4096 134217729 1074003968 4194309 0 4194304 256 33554432 0 536870912 1048576 0 8 0 524288 524288 5120 32 131072 2048 671089704 8388608 2147745794 136 262400 256 0 16781312 16777216 131072 8388608 25166848 134217856 0 0 1024 524288 0 0 262656 256 16777216 4194304 142606720 0 0 0 0 1611776 0 262144 268435776 0 5120 16777218 0 0 0 640 1 1048576 537395456 524288 0 0 285212704 131072 0 131104 1048576 9437185 16 2097280 2048 262560 0 67117056 134348832 33554432 1050626 134217744 1074007040 0 5124 0 8 0 65544 1048576 3 8389632 131072 9437184 4096 16777344 131072 0 671088640 64 6144 8 1048576 524288 8388608 1024 134217728 0 0 0 1048832 0 0 134217728 524548 16924672 2147483648 128 2281703424 0 0 0 512 1040 1052736 269484032 20975616 384 0 0 671219744 1572864 0 16 0 268435456 1048576 0 268435584 8 0 0 64 8388608 134217728 0 0 406847488 33685512 0 0 1048640 0 0 64 1064960 0 256 2048 0 0 256 4196355 134217729 1048832 0 25165824 268435456 0 67108864 8 41943424 4325377 1026 1073742144 524608 0 4100 8650880 2097152 67108864 131080 1572864 0 143659016 514 1280 9437184 0 272629888 33554432 0 131072 1048576 1 0 33554432 17039361 570425476 2048 4194368 655424 1 8458240 132352 8388612 0 33555456 16777473 33554432 67108864 4194304 64 8388611 16 1074790464 1048576 16779264 256 0 0 0 128 4194306 1024 1074003970 4194560 8388608 2048 4194560 8 0 671219744 0 0 1 134217728 261 4 0 4456448 33554432 4 8 0 16777218 5120 0 5 8 336592896 16777216 134218144 0 2048 32 34078848 5249024 134217730 1207960320 524544 0 4194336 0 2099200 2080 1073741824 67240480 4724738 134217729 33685506 12583168 8 1048576 0 0 8 0 536870912 0 0 0 0 524288 269484032 16777216 134217761 0 67108864 131072 0 4096 134217728 64 524544 0 0 268435456 2048 0 536871968 0 2048 0 0 524288 0 0 268435584 0 0 134217736 524288 0 16 1310720 524293 0 1024 134217728 0 0 134217728 9437184 0 8 537133312
is_linear=0
shrinkage=0.08


Tree=4
num_leaves=179
num_cat=40
split_feature=5 16 18 16 18 15 5 15 5 6 16 1 5 0 6 1 6 16 1 5 6 1 1 1 5 1 6 1 6 6 1 5 18 15 5 1 5 16 0 15 5 6 1 16 6 5 15 15 1 16 1 1 1 15 9 1 18 0 6 5 15 15 15 15 6 15 1 15 1 1 6 6 1 1 18 15 19 0 18 1 21 16 15 9 1 5 15 16 1 21 15 10 21 15 0 5 19 10 15 15 1 18 16 15 16 15 11 9 0 15 15 19 15 15 10 21 18 10 1 19 18 15 11 15 15 15 15 15 18 16 18 5 16 5 10 11 0 5 6 0 15 16 6 21 15 16 0 5 21 19 15 6 18 9 21 16 9 9 5 16 1 9 6 1 18 9 19 5 18 21 15 18 18 1 1 1 15 5
split_gain=3449.54 1744.05 560.055 496.329 359.362 229.238 207.268 164.941 160.466 156.22 155.612 137.113 131.223 118.291 105.992 102.473 99.2807 95.5581 90.9989 89.7651 87.5973 76.9813 70.6901 69.3677 68.3506 62.9258 60.4427 58.9029 56.3069 55.0253 57.0955 53.7233 52.1179 51.1626 50.1926 48.7193 57.2946 43.8046 42.7331 40.4904 39.4029 39.0716 36.8247 36.575 35.8516 35.7869 33.9089 40.9687 33.1742 32.759 32.3178 31.8773 31.5979 30.8059 30.5233 28.9876 28.6945 28.5651 28.3734 27.8828 27.6811 26.932 27.9128 34.065 26.1553 31.7948 25.7066 25.4971 25.4188 24.1183 24.0947 23.2428 22.897 22.4102 21.859 21.7641 21.8763 21.2778 20.9989 20.7112 20.6993 20.5437 20.4068 21.2637 24.6915 20.3105 20.2948 20.1238 19.8616 28.8999 20.652 19.3459 26.3665 19.2523 19.1948 19.1863 19.1648 18.8861 18.7637 18.8744 17.8609 17.7289 17.607 17.4429 17.3643 17.2265 19.0976 17.2238 17.0735 33.5873 27.704 36.5461 20.4923 20.0989 16.9622 22.6149 16.9196 16.8419 16.8179 16.3785 16.3081 16.2977 16.2341 16.176 16.1121 26.6942 19.3316 16.0193 16.0138 15.9371 15.9272 15.8808 15.5844 15.5739 17.3674 18.0929 15.5667 15.5056 15.4867 18.1814 17.6899 15.366 15.2547 15.1791 15.1652 15.0263 14.9619 14.859 14.8398 14.7595 14.5543 15.1779 14.4832 14.4806 14.4266 14.4188 14.3977 14.3596 14.3182 14.2505 14.1484 13.9486 13.9272 17.6127 13.9149 13.8963 13.8724 13.8644 13.8016 13.784 13.7245 13.6985 13.6529 13.6438 13.4656 13.3597 13.3588 13.27
threshold=660.50000000000011 0.22527973353862765 0.19412305951118472 0.21927284449338916 0.26093667745590216 4015.5000000000005 940.50000000000011 3894.5000000000005 465.50000000000006 6.5000000000000009 0.13620878756046298 0 910.50000000000011 1 3.5000000000000004 2 3.5000000000000004 0.15710077434778216 3 895.50000000000011 3.5000000000000004 4 5 6 515.50000000000011 7 5.5000000000000009 8 1.5000000000000002 1.5000000000000002 9 450.50000000000006 0.24241449683904651 2803.5000000000005 899.50000000000011 10 925.50000000000011 0.29859834909439092 11 4227.5000000000009 1120.5000000000002 4.5000000000000009 12 0.25179861485958105 5.5000000000000009 860.50000000000011 395.50000000000006 420.50000000000006 13 0.33312305808067327 14 15 16 4003.5000000000005 1041.5000000000002 17 0.26305152475833898 18 4.5000000000000009 780.50000000000011 3574.0000000000005 3100.5000000000005 2846.5000000000005 2944.0000000000005 1.5000000000000002 3568.5000000000005 19 3207.5000000000005 20 21 4.5000000000000009 4.5000000000000009 22 23 0.1144964136183262 4102.5000000000009 0.022522808983922008 24 0.16895615309476855 25 0.05045375972986222 0.2482981160283089 3730.0000000000005 733.50000000000011 26 390.50000000000006 4204.5000000000009 0.29123364388942724 27 0.026499464176595214 2380.5000000000005 139.50000000000003 0.019285225309431556 4052.5000000000005 28 855.50000000000011 0.01832197513431311 295.50000000000006 4137.0000000000009 4115.5000000000009 29 0.17414299398660663 0.19290208816528323 558.50000000000011 0.18652997165918353 4204.5000000000009 5.7038073539733896 1389.5000000000002 30 2509.0000000000005 625.50000000000011 0.023029370233416561 726.50000000000011 2314.5000000000005 109.50000000000001 0.010913240257650616 0.22451512515544894 100.50000000000001 31 0.011216162703931333 0.28695762157440191 2793.5000000000005 6.1173326969146737 2894.5000000000005 2846.5000000000005 2521.0000000000005 2567.0000000000005 2036.5000000000002 0.26714600622653967 0.25889654457569128 0.23851717263460162 930.50000000000011 0.26000402867794042 975.50000000000011 227.50000000000003 6.0182373523712167 32 945.50000000000011 1.5000000000000002 33 3568.5000000000005 0.17544765025377276 1.5000000000000002 0.04122505150735379 3486.5000000000005 0.13131565600633624 34 290.00000000000006 0.016242532059550289 0.0089710280299186724 4204.5000000000009 6.5000000000000009 0.35456316173076635 1343.5000000000002 0.017571416683495048 0.29859834909439092 443.50000000000006 1679.5000000000002 390.50000000000006 0.16971561312675479 35 2352.0000000000005 3.5000000000000004 36 0.34576191008090978 1567.0000000000002 0.012152554932981731 629.50000000000011 0.16144131869077685 0.032473508268594749 590.50000000000011 0.29525707662105566 0.20356576889753344 37 38 39 3972.5000000000005 415.50000000000006
decision_type=2 2 2 2 2 2 2 2 2 2 2 9 2 9 2 9 2 2 9 2 2 9 9 9 2 9 2 9 2 2 9 2 2 2 2 9 2 2 9 2 2 2 9 2 2 2 2 2 9 2 9 9 9 2 2 9 2 9 2 2 2 2 2 2 2 2 9 2 9 9 2 2 9 9 2 2 2 9 2 9 2 2 2 2 9 2 2 2 9 2 2 2 2 2 9 2 2 2 2 2 9 2 2 2 2 2 2 2 9 2 2 2 2 2 2 2 2 2 9 2 2 2 2 2 2 2 2 2 2 2 2 2 2 2 2 2 9 2 2 9 2 2 2 2 2 2 9 2 2 2 2 2 2 2 2 2 2 2 2 2 9 2 2 9 2 2 2 2 2 2 2 2 2 9 9 9 2 2
left_child=3 2 7 13 6 12 18 10 22 19 58 57 15 24 27 120 29 55 82 37 28 74 94 176 147 -19 39 64 51 52 81 -27 160 43 -23 -22 79 174 53 59 105 87 116 69 118 -11 122 154 -43 60 85 -12 -8 -13 -50 78 102 71 -2 -7 61 62 108 128 104 169 -55 -63 -45 -18 -44 123 -33 159 -9 76 -35 -52 -15 97 -79 -31 83 84 -3 -34 117 95 -38 -90 -91 146 -93 119 -5 142 -92 -37 99 -61 -100 -57 -25 -47 -14 106 131 164 110 113 111 -49 -112 -110 -41 149 -17 175 -40 -42 145 -97 -21 -10 125 170 -127 152 -64 -59 -73 -28 -126 134 135 -70 -60 -54 139 161 -140 -36 -20 -83 166 -4 -46 -1 -122 -116 151 -95 -39 -134 -48 -135 -145 -51 -149 -30 -24 -29 163 -85 -74 -56 -69 -68 -75 -66 -105 -172 -153 -144 -6 -26 -16 -162
right_child=1 4 5 8 9 26 16 21 11 45 20 38 14 17 23 42 33 25 41 46 35 34 32 56 86 31 40 138 73 30 -32 72 50 75 141 36 88 127 44 114 93 48 70 68 91 103 47 49 54 157 77 -53 137 66 165 101 -58 129 136 98 -62 67 63 -65 65 -67 167 144 133 -71 -72 130 107 168 -76 -77 -78 80 -80 -81 -82 143 -84 162 -86 -87 -88 -89 89 90 96 92 -94 150 -96 121 -98 -99 100 -101 -102 -103 -104 124 -106 -107 -108 -109 109 -111 112 -113 -114 -115 115 -117 -118 -119 -120 -121 148 -123 -124 -125 132 126 -128 -129 -130 -131 -132 -133 153 155 -136 -137 -138 -139 140 -141 -142 -143 173 156 -146 -147 -148 158 -150 -151 -152 172 -154 -155 -156 -157 -158 -159 -160 -161 177 -163 -164 -165 -166 -167 -168 -169 -170 -171 171 -173 -174 -175 -176 -177 -178 -179
leaf_value=0.020464658179704994 -0.047863377464694663 -0.0064969460344337709 -0.062738611840843075 -0.052834475681461733 -0.0050860086689952146 -0.010542099143860863 0.0073582972648224667 -0.056570099317872713 -0.012473137306932896 0.051756037446673016 -0.021510336075748208 -0.02710449914011202 -0.017042895538430428 -0.034931295459711048 0.00090256929883822672 -0.033367221599425116 0.0012593664057607003 0.0066231701049400613 0.0021207809243121299 -0.0077284429643807743 -0.015256769071460421 0.0036457028323075434 -0.0066949522878926452 0.018656525480390516 -0.0034286630358125788 -0.039534487559075057 -0.014558097439005869 0.052999197017555046 -0.027463480745914804 -0.023085349010699776 0.025430637880537912 2.8118383479667252e-05 0.0059443555635825349 0.046567885008178218 0.035821799715268172 0.0056293135752819457 0.0016075768030777496 0.054611385827866225 -0.016991198664236287 0.038464946803790048 0.099659729229488916 -0.0066103312855442407 -0.012300159184171525 0.013156375236235193 0.013545939734241577 0.12598519872985234 0.044895680594726886 0.090436658275386397 0.014095489383762476 0.075059793597285748 -0.02953021627901253 0.0042001424511642765 -0.059340334176606085 0.025956124439942167 0.061638338244061779 -0.054529190533886406 0.051651541523099483 0.016305941670661767 -0.038874262981699124 0.019158539149862996 0.074583829795627402 -0.064104455171157051 0.019872801811038576 0.028962341533134699 -0.031701664121375157 0.018452852759181501 -0.041597898417163347 0.1032315004622653 0.025420204198990114 0.03197272473477239 0.0063179112901948463 -0.012557720797337484 -0.028194376888732737 -0.041470324280818156 -0.0055265898206508911 0.087098163986940161 0.078893828660096171 -0.0054530981039047936 0.026156808662191246 -0.016377913500162534 0.057691274648635514 0.0011667790837160924 0.061093237574425238 -0.0008924053023738886 0.034012016608325792 0.064755137689620462 -0.0074210597330377119 0.013841240865783866 0.012714932774140859 0.029484518155558307 0.13855759786850402 0.0006177326202037516 0.043459170034457144 0.18184579176133356 -0.031335149770460376 -0.0043339053855861792 0.043985475224590453 0.12217555783957845 0.01523159876785898 -0.068905958875050036 0.052000284612630898 -0.038613332269821464 0.033946223660071474 0.026404638303942858 0.01992657282233154 0.085809756994651515 0.064477759209606009 -0.01033004501033581 0.034631107348813868 0.048842564192263183 0.072143338713108657 0.016878672779699153 0.048746238867936165 0.0022518331309287183 0.19699872766547255 0.052752979458212515 -0.011277693525593871 -0.034278586021836227 0.0003434075336023182 0.2267427970210229 0.030754926665703224 0.029011918705359824 0.055386760604916117 0.069256922057228471 0.075712765691774139 -0.032793990033438795 0.05846575143369686 0.03412639914045501 0.11808097741540401 0.040568489640667636 0.035261377823569633 0.044466267960495881 0.14150937521896395 0.048207256504017179 -0.050021958303519853 0.13335821605662296 -0.01375178254942518 0.047896401773328996 0.0038598541943209927 0.011202161229487839 0.044907310178962698 0.066027742930066483 0.009128478858966076 0.14063310575670065 -0.025766773326324648 0.024786990542043835 -0.022224984565246828 -0.068357527135432083 0.13154861168919968 0.091842505071944275 0.12730288954701915 0.10831903458269918 0.12435795249512679 0.035246246167692993 0.11981200161938102 0.06980248921197213 0.022920668019067735 -0.00022974605435004987 -0.055076148734431486 0.0099406291284926205 -0.042156926695406848 -0.039120954136431629 0.046490200979658274 0.040498966870389501 0.046573608656081421 0.020288483974744913 0.017108562201675986 0.035711296402722671 -0.027379279938190289 0.0055133090509105901 0.074216296990382069 0.10614796199628743 0.044460991316265248 -0.023817930754704869 0.021917279417359267 -0.056650047588900916 0.042488324730394808 -0.022706913800043513
leaf_weight=14.814287334680555 969.76320232450962 213.01906624436378 12.84393537044525 564.19422973692417 137.22096633911133 119.76323746144772 192.1689328700304 73.598808810114861 318.88057921826839 243.52219101786613 562.1008036583662 1280.0072918981314 127.57113717496395 89.707586541771889 719.60717177391052 550.75700698792934 213.90467809140682 345.26539833843708 274.43702106177807 91.322546899318695 1820.5165330469608 266.5241551399231 176.25224214792252 805.74626891314983 45.319353029131889 1847.1784802526236 57.27667261660099 171.04103861749172 114.02007484436035 268.81117407977581 864.03213556110859 284.46777275204659 89.290215313434601 592.00110204517841 283.29741528630257 224.47239552438259 761.55517084896564 248.59449721872807 1044.2161064445972 43.418078526854515 13.788383245468141 356.8918334543705 1078.4946137964725 161.91146782040596 140.330801025033 67.351483836770058 21.055445462465286 53.030487731099129 729.17110136151314 392.35800363123417 242.28129485249519 668.47117136418819 8.7252833098173124 136.49697138369083 151.79089725017548 1357.7169853299856 384.94101363420486 312.2922810614109 340.55990681052208 215.3267283141613 226.92339128255844 25.739091634750366 12.03637610375881 55.539384603500366 540.09757398068905 115.45632061362267 82.494572684168816 20.775911703705788 102.3214151263237 854.67523473501205 757.18009676039219 58.481463715434074 1994.9935383349657 633.40756124258041 198.39688248932362 151.34492580592632 173.25918687880039 571.95116958022118 60.136387944221497 1011.6921254098415 35.25111098587513 310.28357315063477 125.31270119547844 126.8893233537674 164.58487197756767 64.882402181625366 130.71035820245743 333.56006000936031 722.81873697042465 104.90794152021408 26.725347995758057 174.18346734344959 194.69806469976902 7.3320595771074286 805.02427338063717 300.92526100575924 28.207239061594009 9.2431243509054166 156.97933633625507 16.76778644323349 296.60459408164024 668.90933990478516 1200.1465377807617 21.630384907126427 224.14465652406216 59.251524403691292 90.434313997626305 453.01836781203747 295.45536611974239 633.39360068738461 419.89115333557129 233.49449722468853 558.62471394240856 209.81973004341125 18.18578639626503 30.385064765810966 371.73077960312366 958.50106599926949 551.35160356760025 12.35203744471073 20.339160248637199 136.26185740530491 36.483642816543579 16.26735819876194 58.967743486166 16.683656454086304 134.57830771803856 357.63940550386906 91.351488694548607 389.32475879788399 187.33955492079258 59.41703462600708 73.368883967399597 760.3639789223671 17.336158782243729 10.988006740808485 359.42945545911789 659.13542719185352 745.24451142549515 270.38900917768478 73.831120684742928 174.09163871407509 91.014650836586952 9.6906524449586886 22.408568128943443 517.73982867598534 140.22322125732899 815.63018636405468 17.306728854775429 16.229970753192902 39.381711959838867 30.112131983041763 20.633129626512527 9.2610733062028867 75.832485437393188 267.72163933515549 21.12256708741188 16.911251366138458 1434.2809094488621 152.15292701125145 497.1079974770546 11.192800149321554 349.77930857241154 138.04261486232281 16.038922056555748 79.17325060069561 28.225073412060738 18.084769248962402 1495.6050717532635 72.206514000892639 153.8559336066246 195.83203463256359 74.401118114590645 648.80410754680634 944.30059957504272 423.38417637348175 53.061774045228958 409.5594008564949
leaf_count=98 6263 1225 80 3750 778 700 1056 447 1902 1312 3422 7929 752 594 4083 3351 1197 2164 1597 489 10975 1573 1115 4629 288 12137 326 966 705 1562 4758 1793 549 3138 1556 1358 4491 1326 6321 226 71 2029 6519 862 838 340 112 282 4102 2016 1529 4031 48 845 845 9082 2097 1864 2175 1151 1170 144 65 291 3259 671 521 116 548 4667 4466 352 12690 3931 1128 750 899 3528 390 6193 214 1719 691 723 935 389 823 1855 4237 605 152 1041 1146 36 5187 1701 162 54 834 89 1552 4389 6701 109 1282 305 483 2823 1565 3346 2192 1233 2973 1129 92 154 2203 6105 3303 63 118 759 195 95 299 85 678 1943 472 2200 1104 306 364 4046 95 59 2266 3564 4363 1530 422 916 535 52 126 3058 846 5607 98 83 188 154 108 46 390 1388 115 87 9690 914 3216 64 1953 786 93 449 157 109 9179 429 782 975 381 3827 5319 2751 284 2609
internal_value=-0.000288826 0.0139631 -0.00110223 -0.027607 0.0338458 0.0124028 0.0243539 -0.0136214 -0.0131055 0.04893 -0.0167118 -0.00400809 0.00770308 -0.0388746 0.0152726 -0.00484607 0.034387 -0.0325886 0.010944 0.0434478 -0.0122466 0.0174267 -0.0263856 0.024834 -0.0503612 -0.0264819 0.0430125 0.00240757 -0.0215937 0.0217543 0.012371 -0.0289206 -0.0168395 0.0433056 0.0308163 -0.00505138 0.00142614 0.0284001 -0.011699 0.0312464 0.0672356 0.00382273 -0.0112176 0.0371406 -0.00463521 0.0783281 0.0507494 0.0522732 0.0142874 0.0507653 -0.00378682 -0.00768474 0.0378349 -0.0220531 0.0218961 -0.0466011 0.0315129 0.0184977 -0.0390032 0.0250718 0.0477614 0.0454724 0.0470397 0.0795121 -0.0112907 -0.0200521 0.00429012 0.00412603 0.0460443 0.0261358 -0.00459555 0.00511424 -0.0218923 -0.0287395 -0.0186561 0.0593742 0.0538888 -0.00992968 -0.00976329 -0.0115123 -0.00175628 -0.00644158 0.0304026 0.026832 0.0118892 0.0288307 -0.0375941 -0.00387709 0.011235 0.0193043 0.0503038 0.0111901 0.023231 0.0964505 -0.0405136 -0.00794914 0.0900347 0.0098296 0.0312924 0.0127901 0.0407587 -0.0490345 0.0278048 0.0871719 0.00651711 0.0477763 0.036888 -0.0243243 0.044892 0.0362525 0.0519703 0.0304991 0.0587876 0.0211861 0.0771873 0.103109 -0.024204 -0.0403574 -0.0111056 0.159857 0.0258234 0.00606025 0.0102952 -0.00850165 0.0832317 0.0767377 0.0483967 0.0452262 0.106655 0.0293517 0.023885 0.0154982 0.107182 0.0500936 0.0245023 0.0359123 -0.0267271 0.0458075 0.0140139 0.0259998 0.00756101 0.0473215 -0.0139878 0.00648685 0.028732 0.0226656 -0.00464235 -0.0593657 0.0771443 0.147503 0.0854678 0.0707141 0.0599668 0.129613 0.103546 0.0538323 0.0600182 0.0719489 -0.0598915 -0.00586285 -0.029092 0.0448748 0.0360102 0.022171 -0.0275975 0.0474673 0.0536551 -0.0251885 -0.0314243 -0.027313 0.0882791 0.0921045 0.0628794 -0.0199632 0.0186468 -0.0527862 0.00371155 -0.0330077
internal_weight=56704.1 37263.6 21200 19440.5 16063.6 10198.5 9859.46 11001.6 8500.47 6204.11 10005.6 5044.67 8841.07 10940.1 5514.68 3326.39 5639.8 7117.43 4219.66 5229.06 8335.9 995.909 3455.79 3163.5 3822.64 4940.96 1357.41 2351.17 3625.76 2333.97 1473.94 4595.7 2086.58 3305.83 723.913 4710.14 2889.62 1708.39 3762.09 913.661 443.747 3102.03 2758.16 2389.22 2245 975.052 3520.67 3392.87 1317.03 3295.98 1003.66 1230.57 860.03 1517.08 960.135 2176.47 2390.83 1282.59 1669.75 805.442 2886.71 2659.79 2562.64 158.927 1079.48 727.76 237.076 97.1486 1320.64 1068.58 1835.67 580.969 2748.52 2395.19 271.996 916.605 765.26 849.484 149.844 1245.41 607.202 609.908 1117.63 992.315 377.604 154.173 1557.91 1785 1644.21 882.659 159.841 649.436 368.882 177.367 1369.22 1451.44 54.9326 233.716 685.678 232.095 453.584 2026.63 2005.89 731.53 351.716 266.38 207.128 2464.05 2403.71 1138.67 1265.04 286.525 978.516 505.275 108.219 64.8008 922.488 1427.2 1595.57 26.1404 568.23 437.187 127.806 335.148 664.178 522.58 151.262 626.867 103.388 701.617 245.821 116.694 141.598 1158.73 130.646 113.309 699.989 667.861 1271.7 452.623 819.076 457.389 1014.26 341.097 71.4096 530.584 280.554 2264.73 37.6459 34.4158 151.227 111.845 269.228 82.63 96.8879 1028.09 30.8132 409.269 2249.91 266.173 1082.92 182.234 614.711 264.932 2011.03 230.964 49.001 100.579 2129.01 612.304 371.318 349.688 104.513 739.819 1081.52 468.704 772.669 906.667
internal_count=336920 212901 125352 124019 87549 58619 54535 66733 52502 33014 61113 30416 51425 71517 31532 19893 30523 46155 24012 28024 50409 5620 22086 17794 25362 31700 7194 13738 22182 12874 8206 29536 13149 17649 4045 28227 17252 9474 22899 4881 2313 17699 16539 12862 13495 4990 18550 17866 7425 17364 6209 7453 4668 9404 5396 14455 13427 7517 10704 4326 15261 14091 13548 828 6393 4359 1475 543 6998 5864 10985 3453 17399 14729 1575 4787 4037 5271 984 7605 3742 3448 6313 5622 2160 938 9967 10274 9647 5156 919 3871 2187 893 8937 8419 314 1412 3626 1240 2386 13471 11330 3678 2034 1420 1115 15606 12720 6040 6680 1515 5165 2694 555 329 5554 9144 9624 134 3354 2460 684 1997 3338 2629 763 3377 537 4064 1456 632 709 6136 702 607 4441 3612 7345 2560 4785 2472 5959 1886 399 3138 1684 15395 216 175 759 571 1434 410 502 5434 167 2103 15297 1619 6940 1030 3462 1509 12783 1294 273 630 13110 3688 1866 1757 535 4362 6097 3039 4367 5825
cat_boundaries=0 11 12 23 34 45 56 67 78 89 100 112 113 124 135 146 157 168 177 178 187 198 209 220 232 233 245 256 267 268 279 280 291 292 293 294 305 315 325 335 345
cat_threshold=268451840 71303168 0 2149712128 536881152 536870912 33554432 26349570 3145889 3414018 65537 6144 0 2080 262178 33818624 68157440 549453888 256 786433 1048585 1611662600 4194304 8388608 1024 256 570687744 67108864 536875232 1048576 2147649536 1211105288 1611008256 5 81920 2048 1 2113664 1140850688 1077977088 2147615104 294912 10489856 0 2151678020 8388608 16781312 155189376 33554432 0 671089664 1572928 2147483649 134217744 1310976 524289 0 0 25428002 262152 805306368 537920608 8389376 16777728 1207959569 571088896 268436484 136314880 1111523456 49154 524288 201326596 1073905664 2222981120 12582978 16777216 2147487744 197120 0 20972544 262272 0 268435456 671088648 8913152 2165053953 1073741825 1075061056 268435712 1048576 4194304 402653569 8 67108864 671219712 42991616 2147483650 0 1310976 256 25296896 25166848 268435456 42074112 67239936 541097984 33554688 1343488 77594641 1075054336 0 64 14496 1064960 159388676 128 1048588 536870916 1115144 8913920 9469952 1207963648 2048 1792 0 25165824 134479873 0 0 0 34079232 8392707 8392720 0 64 268435456 2098176 0 131080 2048 0 0 4096 2097152 536875008 268435712 8519680 8388608 402653312 131072 67108864 541065248 256 1183745 134217729 1208223232 5 0 16781312 134217760 33554432 0 134217768 8388608 2048 0 1310720 256 0 128 0 8 384 8328 0 1048832 541065217 10376 0 16777216 134217728 0 0 134217728 9437248 0 16 16777216 0 268697600 0 536870912 131168 0 0 18 0 65792 1048576 0 0 8 4096 671088640 0 1 16 1074790656 256 335544322 4 4096 536872960 0 64 16 17825792 2098176 1108345408 268435457 8519680 0 4097 147456 4 0 34209792 22544384 2097152 131586 320 8 2596 335544320 0 266400 524290 0 134234112 524416 4325376 1052672 4194370 68 8 8388608 1024 0 0 0 536870912 1048576 0 1048584 262400 1 269484032 0 262176 2097154 4 134225952 524304 4849664 0 134217730 2160066625 4097 0 1024 4194304 0 268435456 536870912 0 4096 0 256 256 3636 1048576 4096 268435584 33554432 0 131072 1048640 2147485697 134217736 536870976 524288 7169 403 1025 0 4 8388640 4 536885248 69696 0 16781312 1052680 2097160 2147549188 0 1024 0 33554432 0 536870912 0 2147483648 8 262144 0 0 16777217 8 0 8 524288 1 0 1048576 271581184 4096 32 262144 0 131072 0 2147483648 8 4096 0 0 0 0 0 536870944 524288 0 0 1074790400
is_linear=0
shrinkage=0.08


Tree=5
num_leaves=179
num_cat=79
split_feature=4 16 20 15 20 5 16 20 16 5 20 15 16 2 5 2 16 1 20 2 2 1 2 1 2 2 16 2 1 1 1 20 1 18 2 15 2 1 2 15 18 1 1 2 15 5 15 15 1 1 2 1 2 18 2 16 1 2 5 4 1 2 1 2 2 15 2 20 1 2 1 1 1 2 15 18 19 1 1 2 15 1 16 18 15 20 1 2 2 2 5 21 20 20 16 2 1 2 1 16 2 1 20 2 5 5 15 18 2 11 15 18 13 15 1 5 5 11 15 11 20 18 15 18 16 2 18 21 1 20 1 16 11 19 15 4 20 2 15 1 11 20 20 2 1 2 2 1 18 15 15 21 11 2 15 1 17 5 2 11 16 17 2 20 20 2 21 20 2 16 5 1 1 11 1 2 16 20
split_gain=3176.94 1082.59 917.557 402.772 307.901 292.754 251.419 248.901 160.738 142.08 119.67 117.805 111.269 104.512 93.8132 88.7527 87.7604 78.3299 78.0307 69.8654 69.8096 63.4112 62.0815 61.1934 60.9417 58.0218 57.585 56.3104 52.5669 52.1447 51.473 50.7993 47.1553 47.0295 58.3777 45.8811 61.0384 45.7756 43.668 42.8304 41.1658 39.8129 39.6434 39.6083 39.1352 38.3481 46.1489 37.0196 37.6849 36.923 36.656 35.0744 34.8504 34.0444 33.832 33.1833 32.9292 32.3331 31.363 30.9035 30.8086 30.7448 30.6664 29.2933 28.404 29.0302 27.98 27.9441 27.325 25.2374 25.1329 25.1158 24.1277 23.7713 23.541 23.3728 23.3922 23.3493 23.1061 23.0706 22.9991 22.8266 22.6036 22.3387 21.9913 21.9491 21.7637 21.2047 21.1687 20.9801 20.7152 20.49 20.2697 20.2548 20.1739 20.0815 19.5129 19.4997 19.2315 18.9577 20.6202 18.9504 18.4725 18.4308 18.4304 18.1393 20.5268 18.12 18.1114 17.95 17.903 17.8758 17.6668 18.8617 17.4654 16.782 16.4074 19.3281 24.7661 17.4456 17.2143 16.3603 16.3355 16.2474 16.8653 16.097 16.0677 16.0409 15.9801 15.9001 21.7284 15.8289 15.6573 15.6491 15.333 15.3295 15.3116 15.257 14.9477 14.924 14.694 14.6807 14.6409 21.1163 16.751 16.3119 15.6046 14.6388 15.101 14.6293 14.5568 19.2305 14.9222 14.5423 14.5118 14.4321 14.3355 14.2952 14.2474 14.115 14.0946 13.9855 13.9615 13.9475 13.905 13.8481 19.7014 13.7311 13.721 13.6873 13.6674 13.5422 13.505 13.4407 13.4022 13.521 13.6335 13.3507
threshold=15.500000000000002 0.22470663487911227 0.22122552245855334 3574.0000000000005 0.21934551000595096 490.50000000000006 0.21046627312898639 0.25454132258892065 0.20522026717662814 520.50000000000011 0.27460913360118872 3574.0000000000005 0.16437995433807376 0 540.50000000000011 1 0.19290208816528323 2 0.38001927733421331 3 4 5 6 7 8 9 0.13620878756046298 10 11 12 13 0.13401963561773303 14 0.20479514449834826 15 4204.5000000000009 16 17 18 4015.5000000000005 0.23664359003305438 19 20 21 4210.0000000000009 659.50000000000011 3975.5000000000005 4058.0000000000005 22 23 24 25 26 0.29697684943676 27 0.26979386806488043 28 29 920.50000000000011 1.0000000180025095e-35 30 31 32 33 34 4102.5000000000009 35 0.32534128427505499 36 37 38 39 40 41 3181.5000000000005 0.32321198284626013 0.012774951756000521 42 43 44 4168.5000000000009 45 0.15490821003913882 0.28695762157440191 4227.5000000000009 0.1256072595715523 46 47 48 49 1025.5000000000002 0.058738900348544128 0.32259921729564672 0.27573375403881079 0.28034311532974249 50 51 52 53 0.28336225450038915 54 55 0.26984637975692755 56 585.50000000000011 840.50000000000011 3188.5000000000005 0.25141519308090216 57 7.0013549327850351 4015.5000000000005 0.3138806968927384 50.500000000000007 2743.5000000000005 58 830.50000000000011 1250.5000000000002 3.6851624250411992 2617.5000000000005 5.9535653591156015 0.28089053928852087 0.32049898803234106 711.50000000000011 0.26568129658699041 0.2032803073525429 59 0.31928478181362158 0.038247184827923782 60 0.17086160182952884 61 0.22043802589178088 5.5809173583984384 0.021404745988547805 2403.5000000000005 18.500000000000004 0.26066061854362493 62 412.50000000000006 63 6.3525223731994638 0.25213459134101873 0.16518190503120425 64 65 66 67 68 0.21393325179815295 726.50000000000011 2925.5000000000005 0.030439239926636222 3.1347234249114995 69 3751.0000000000005 70 0.029460867866873745 1199.5000000000002 71 7.3693001270294198 0.31051371991634374 0.0088741346262395399 72 0.23074300587177279 0.23016263544559482 73 0.016462493687868122 0.1672930642962456 74 0.26198425889015203 680.50000000000011 75 76 6.6243720054626474 77 78 0.27344232797622686 0.22249679267406466
decision_type=2 2 2 2 2 2 2 2 2 2 2 2 2 9 2 9 2 9 2 9 9 9 9 9 9 9 2 9 9 9 9 2 9 2 9 2 9 9 9 2 2 9 9 9 2 2 2 2 9 9 9 9 9 2 9 2 9 9 2 2 9 9 9 9 9 2 9 2 9 9 9 9 9 9 2 2 2 9 9 9 2 9 2 2 2 2 9 9 9 9 2 2 2 2 2 9 9 9 9 2 9 9 2 9 2 2 2 2 9 2 2 2 2 2 9 2 2 2 2 2 2 2 2 2 2 9 2 2 9 2 9 2 2 2 2 2 2 9 2 9 2 2 2 9 9 9 9 9 2 2 2 2 2 9 2 9 2 2 9 2 2 2 9 2 2 9 2 2 9 2 2 9 9 2 9 9 2 2
left_child=2 3 5 4 12 16 14 11 26 24 22 15 31 72 30 21 29 87 27 104 164 -3 77 -15 70 68 168 58 -18 -1 73 -2 -24 34 128 36 93 153 -17 43 51 -33 -22 -29 -37 62 52 48 156 -12 98 -40 86 79 -50 162 134 -51 96 -49 140 159 89 -55 115 101 -58 160 -10 -44 102 -36 -6 107 85 76 -60 -11 167 -45 147 -52 -73 -83 136 -31 -47 -5 -43 -27 -57 -65 155 123 97 -61 -9 -13 -35 174 -101 141 -8 -72 -14 111 -107 -4 -53 133 -99 163 113 -32 125 -34 117 -78 122 120 -120 -54 -119 -19 -125 -63 -98 -122 -25 -68 -131 -85 -41 -104 -30 -92 -46 -84 -77 -90 -26 -66 145 -144 -145 -56 -146 148 -71 -118 152 -152 -100 -21 -70 -81 -28 158 -80 -39 -59 -130 -23 -79 -16 166 -116 -38 -7 172 173 -148 -88 -103 -42 -176 -177 -172
right_child=1 7 6 17 13 8 9 18 25 10 49 94 19 23 20 38 28 35 -20 37 42 55 32 33 60 45 47 39 56 74 112 41 64 50 71 44 78 61 40 132 99 88 69 53 84 46 -48 59 54 57 81 108 121 63 142 90 66 67 75 95 -62 114 -64 91 65 -67 129 -69 154 80 103 82 -74 -75 -76 138 116 105 157 92 -82 83 137 131 -86 -87 169 -89 139 -91 135 -93 -94 -95 -96 -97 126 110 150 100 -102 170 109 -105 -106 106 -108 -109 -110 -111 -112 -113 -114 -115 165 -117 149 118 119 -121 127 -123 -124 124 -126 -127 -128 -129 161 130 -132 -133 -134 -135 -136 -137 -138 -139 -140 -141 -142 -143 143 144 146 -147 171 -149 -150 -151 151 -153 -154 -155 -156 -157 -158 -159 -160 -161 -162 -163 -164 -165 -166 -167 -168 -169 -170 -171 177 -173 -174 -175 175 176 -178 -179
leaf_value=-0.0027386432256499534 -0.048827860548823654 0.0034198527158062946 0.014229814971877582 0.030056422898892318 0.0039427902425935319 0.021919523784259494 0.0080045898758641827 0.0051960554494935932 -0.011776372156567435 -0.0031207902946651469 0.01014245501357619 0.061597552715185147 -0.054764945703669625 -0.013318028845029585 -0.0070208131137741957 -0.011582506698501504 -0.045102921041667535 0.039670270483283136 0.075412699246632547 0.031658310671188399 -0.035085185462823069 0.013805978387511582 -0.015468568073873527 -0.0086363247740351545 -0.013293070425561855 0.016052543468179824 -0.0026911540459018334 0.0086576268350188456 0.018630534131671619 -0.059879098502939473 -0.038529614319691395 0.0063979963476468709 -0.021719788658172968 0.015096410452549548 -0.018268286417000831 0.11408837715107366 -0.015594038564759648 0.0017786293727276943 0.025048453640979421 0.046108573875500318 0.031274625587269109 -0.0007480189264157857 -0.027730502852316985 0.018676131165623479 0.030005295668485008 0.020327924677739459 0.027887908287244408 0.070685139317475387 0.0025699140868098379 0.0073871187933963346 -0.0085104682138040615 -0.032015147577260684 -0.021853318270993016 0.026138410747487122 -0.0136862875005934 0.036616289164178757 -0.042131175644375463 0.031289393645555594 0.080934877699235838 0.022168434859033068 -0.036237501842019758 -0.031695466945534281 -0.026009683024684902 0.056654722279764029 0.01572356606415766 0.10788035614831187 -0.031641301490504994 0.063776474342450054 0.018716963577690957 -0.0012676676803036161 0.021752421065014023 -0.026862693010937549 -0.030024886113547398 -0.020647854442696168 -0.067598289891895091 0.0032405535544963201 0.076157118520915126 0.050618034191883043 -0.020020098027358886 0.017115948609932239 0.054023314759868699 0.017314078542272234 -0.011120056451379158 0.054548587749442906 0.080014917139093533 -0.044230111808781454 0.0048566873295882405 -0.010491114915836788 -0.034276468895007968 -0.015213245580895571 0.1176680015519041 0.108828570489265 0.055615045817405506 0.079462849984509115 0.080429569188393057 -0.02035416730251861 0.041734093911695185 0.010425294943378542 0.073865501413663381 0.00065272192367523156 0.049823532589113012 -0.014060494310541802 0.088634699856941085 -0.016050833816624706 0.02047338025782167 0.048356503231815014 0.13825047568921989 0.10762763535842891 -0.00022024668944402081 0.17413256840405159 0.047292119156532177 0.065821843944602748 0.0085505225838225646 -0.063781797524232117 -0.0086504655627084957 0.033211716993650872 0.075457127435980417 0.05808851143520994 0.1250193394995423 0.047985436113852378 0.058041793870134493 0.034563634049325692 0.033173892530733377 0.028183046056213232 0.11260029379790167 -0.013720361338667261 0.093210837767000856 0.11667338795033043 0.010651466124958226 0.0046184170121988718 -0.023201836136176469 0.17963921727991849 0.10610135957653044 0.023192782395346376 -0.028513338732619513 0.057304854482717181 0.074849136126474911 0.017575079467032097 0.10302900952179667 -0.017772297750665723 0.027508760371206961 0.045693233019690825 -0.0053045635581242378 -0.036389910002269564 -0.039557807549042139 -0.038283895583582445 -0.0021110868172902466 -0.0099912963482114998 0.040961905200494558 0.010136189313465289 0.053747667151653807 0.14370334472099852 0.035169180381152187 0.0032409076388317964 0.06693257916374884 0.039008400413764625 0.057689738147643783 0.028648985995162014 0.010085109050421625 0.066501468196630942 0.054902828921870761 0.033454355827952413 0.034926071252484224 0.014261445417517485 0.030374111427934187 -0.012807954524106189 0.043614896737487793 0.047680858529589899 -0.048126883478084456 0.010349502069703722 0.093330797341657445 -0.023680602994943227 -0.021793470389613125 0.043331914707634173 0.026471197572275611 0.0042504996075158653 -0.049264102860858583 0.011170462212691763
leaf_weight=147.8250000923872 474.91584640741348 438.71606405079365 61.610490739345551 101.61519721150398 205.51165521144867 17.515233740210533 300.29982458055019 108.80045713484287 207.27985973656178 133.86092363297939 364.80147054791451 327.39413043856621 21.44472961127758 386.23287998139858 79.655593499541283 496.91018950939178 1624.2167960703373 785.35569709539413 574.96424554288387 170.43259443342686 441.60447998344898 356.11360642313957 734.77147771418095 83.290900945663452 318.74285843968391 196.43618243932724 178.83169177174568 326.08785066008568 148.57163491845131 918.47450320422649 430.97790051996708 316.57013879716396 245.79616318643093 278.56354872882366 349.35903891921043 73.750485956668854 24.783281028270721 552.4321386963129 318.51991342008114 43.40094755589962 285.47044576704502 224.70345063507557 269.98464757204056 585.27837564051151 236.39064539968967 253.93717250227928 223.77134498953819 33.842265769839287 207.60376662015915 189.94225412607193 218.60592080652714 132.93971830606461 1083.674313813448 289.44846950471401 231.57958281040192 430.06238025426865 737.95124290883541 647.61673636734486 233.83843640983105 88.586909785866737 515.81327249109745 656.63058939576149 1850.7498567849398 697.53429053723812 311.64287692308426 20.902185261249542 705.62795077264309 358.04919546842575 380.39373415708542 151.41457891464233 98.361637637019157 109.62080161273479 386.96867969632149 159.87406672537327 616.38188719749451 10.545903712511061 253.11216396093369 85.117633253335953 132.55597418546677 314.20288313925266 47.551469579339027 456.84217835962772 143.05727016925812 38.309138178825378 118.44237279891968 1529.3453042209148 181.59976741671562 306.70389446616173 958.14730410277843 404.78342023491859 28.76228541135788 51.760534435510635 352.9073678702116 109.15485890209675 139.76994545757771 256.81990125775337 461.56324145197868 148.87007574737072 68.299304842948914 77.722992226481438 283.26331597566605 270.52654521167278 29.367135033011436 350.3094747364521 710.79315860569477 101.87649723887444 19.335767924785614 16.932497173547745 590.62370377779007 6.3155086636543265 194.3920333981514 68.823764681816101 34.916440203785896 337.83546251058578 125.66966651380062 41.599879741668701 28.699435040354729 274.08725300431252 47.853688165545464 162.13086147606373 136.92904596030712 33.906684294342995 437.25949293375015 24.092957228422165 40.855285465717316 726.80712752044201 42.368264749646187 38.224077016115189 221.8700238019228 250.69801589846611 636.44782799482346 7.7789757549762717 77.923694670200348 114.62554860115051 62.795446917414665 422.46256683766842 61.386666491627693 591.78905285894871 108.07395115494728 690.10392118990421 68.632733300328255 157.47147051990032 279.76431281864643 1171.8542328029871 241.38603281974792 1922.8015496432781 305.23457789421082 577.61781153082848 84.379735246300697 93.007101967930794 101.78659471869469 17.875358015298843 963.87908719480038 343.72983635962009 44.622802644968033 911.32020200788975 29.262559294700623 165.72066678106785 332.15723812580109 22.41792131960392 215.72063964605331 768.37225610017776 642.45138247311115 326.70163606107235 316.32983982563019 998.93895202875137 72.925532847642899 191.27021354436874 990.31997990608215 222.80799935758114 13.01626482605934 515.18313120305538 361.59553204476833 28.882978484034538 155.90018081665039 235.86672441661358 34.963976487517357 433.43374176323414
leaf_count=983 3174 2426 403 560 1197 117 1820 582 1249 765 2029 1685 136 2243 481 2784 11041 4234 2786 996 2698 1962 4306 484 1954 1205 1129 1730 936 6491 2816 1954 1434 1554 2068 358 135 3311 1784 213 1557 1404 1649 3113 1217 1484 1245 169 1309 1056 1238 759 6558 1480 1501 2307 4919 3621 1190 534 3298 4002 11713 3544 1778 114 4721 1881 2272 920 585 663 2284 1053 4483 53 1278 498 741 1673 272 2565 827 207 580 10384 1093 1750 6080 2470 145 260 1805 571 706 1597 2424 816 376 419 1490 1609 175 2166 4174 568 99 106 3336 36 973 381 226 2349 754 230 143 1384 241 819 681 189 2239 127 213 4394 213 190 1286 1609 4105 41 382 663 413 2187 311 3430 525 4301 423 880 1778 7483 1535 12624 1917 3486 489 476 565 96 5337 2024 259 4843 179 895 1823 136 1147 4364 3534 1881 1879 5968 430 1013 6647 1286 75 3253 2180 166 851 1308 188 2448
internal_value=-0.000234549 0.0191885 -0.0187791 0.00485436 -0.00121755 -0.028829 0.00145537 0.0367198 -0.0210747 0.0102256 0.0174561 0.0245121 -0.0122067 0.0131686 -0.01769 0.019866 -0.0413521 0.0328415 0.0472411 -0.00439693 -0.0074148 0.0312307 0.00769586 0.0170602 -0.0089088 -0.0109464 -0.0295985 0.0445795 -0.033691 -0.0512891 -0.0370984 -0.02511 0.00105114 0.0197393 0.0117438 0.0385002 0.0327765 -0.00889496 0.00962213 0.0378157 0.0146346 -0.019965 -0.0149415 0.0363119 0.0603801 -0.013924 -0.00667625 -0.0263566 -0.0281554 0.0339073 0.0282551 0.00337799 -0.0102949 0.0389789 -0.0295444 0.0376686 -0.026119 0.0396967 0.0543331 -0.00224526 -0.0234379 -0.0125063 -0.0209603 0.0510058 0.00906867 0.0143364 -0.028895 0.0446202 0.0117534 -0.0068368 0.00587891 -0.000528296 -0.018373 -0.00324462 -0.0534479 0.0598175 0.0574272 0.0276983 0.0164377 0.0333848 -4.11451e-05 0.0129271 0.006939 0.0222295 0.0508576 -0.0501025 0.000489092 7.79913e-05 -0.0243253 -0.00490207 0.0491833 0.0594684 0.0384763 0.0465345 0.0527783 -0.00939507 0.0388942 0.047013 0.0356471 0.0257009 0.0406356 0.0128431 0.0190428 -0.00746905 0.0180221 0.0344917 0.0627199 0.0305074 -0.00641951 0.0423581 0.0304189 0.0280878 -0.0465212 -0.0496276 -0.0162362 -0.0133037 0.0536898 0.0562269 0.0516248 0.0679662 0.0824862 -0.0199624 0.0427753 0.0428526 0.0813063 -0.0224186 0.0451698 0.0708508 0.0251614 -0.0225374 -0.0155497 0.0757411 0.0846532 0.0365516 0.00441408 0.0611584 0.0392549 0.0120765 0.0941597 -0.0275155 -0.00591029 0.0252473 -0.0309751 -0.0268928 -0.0294411 -0.0358812 -0.0215034 -0.00320366 0.0132835 0.0255508 0.040444 0.0672105 0.0377313 0.0130858 0.0232358 0.0338539 0.005539 0.0083454 0.00128348 0.00423163 0.0371909 0.0280622 0.0278826 0.0217783 0.022289 -0.00896719 0.0100391 0.0386338 -0.0471691 -0.00626527 0.0046401 -0.015778 -0.0131958 -0.00852115 0.0181301 0.00840572 -0.00256701 0.0135705
internal_weight=56448.9 27571.4 28877.5 15168.9 12464.7 19294.5 9583.04 12402.5 11916.1 6572.36 4769.89 5741.18 7066.66 5398.01 3010.69 4930.75 7378.34 2704.24 6661.32 4402.22 1968.54 2318.57 2993.76 4805.53 1802.47 5445.56 6470.59 6086.36 4166.31 3212.03 1042.15 2664.44 2258.04 4419.3 2267.36 2295.92 1805.95 3669.98 2612.18 3649.86 2115.27 2189.52 1572.55 3528.54 489.97 4813.26 2361.29 5462.75 5083.5 1776.13 2151.94 1042.08 2137.52 3202.45 4875.41 1879.85 2542.09 1411.33 2436.49 379.249 903.189 3155.82 2451.97 1038.74 1523.27 1235.88 2330.73 1221.39 632.296 1130.95 899.279 1193.83 592.48 238.417 3064.2 1823.76 1705.14 735.716 846.487 2163.71 860.964 721.536 844.467 502.93 416.22 2447.82 1019.94 408.319 1872.95 601.22 881.287 749.295 1578.43 959.459 810.426 345.407 612.732 670.656 1430.4 1073.19 360.986 1214.97 450.608 448.671 732.238 601.855 121.212 78.543 723.563 150.308 343.262 480.643 803.73 768.813 2580.97 287.396 1471.3 1349.6 1096.48 385.138 223.007 1117.58 711.347 850.304 64.9482 1383.44 503.932 175.153 1073.53 1592.77 887.146 46.0881 121.325 143.993 211.367 451.225 297.777 734.846 118.62 1648.25 387.376 469.114 4667.8 2513.42 2233.66 2154.38 1061.8 813.412 235.794 121.707 1151.84 119.662 1032.18 514.162 425.017 1225.52 208.094 630.434 464.713 574.85 863.337 990.242 998.565 411.819 395.985 1197.53 198.595 216.053 1007.84 766.003 745.86 820.418 543.195 299.41 712.201 426.731 270.831 446.45
internal_count=336048 154075 181973 88591 74063 125060 56913 65484 74975 38086 26966 31217 43238 30825 18827 27037 50085 14528 34267 26325 11874 12561 17232 27344 11120 33203 41772 31481 27744 22341 6953 16913 13040 25101 13122 12218 9752 22015 14476 19043 11692 13739 9514 18448 2466 29423 14035 35008 32708 9734 11979 5879 12790 16718 31400 10135 16703 7705 12438 2300 5675 18995 15388 5284 8734 7070 15354 6649 3780 6816 5445 6988 3481 1562 21358 9219 8641 4192 4607 11434 5167 4051 4920 2813 2108 16875 6043 2310 11785 3675 4639 3804 8321 5145 4180 2131 3219 3474 7928 5813 1909 6956 2694 2751 4310 3427 667 509 4095 874 1789 2760 5391 5165 15548 1664 7451 6832 5554 1931 1112 6747 3623 4574 340 8396 2637 871 6134 10435 5714 248 595 838 1349 2332 1528 4257 578 10381 2377 2658 30091 15966 14188 14125 6705 4895 1409 619 6374 661 5713 3020 2531 6516 1308 3459 2564 3447 4768 5650 5496 2379 2360 7152 1184 1148 6764 4559 4298 5170 3273 1775 3904 2347 1496 2523
cat_boundaries=0 11 22 33 44 55 66 78 89 100 111 122 133 144 154 166 177 188 200 211 222 233 245 257 268 280 291 302 314 325 336 347 358 369 380 391 401 412 422 432 443 453 463 474 485 496 507 518 529 541 552 563 574 585 596 606 617 627 638 649 660 670 681 693 704 715 726 737 747 758 769 779 790 800 811 819 830 839 848 859
cat_threshold=2147483652 25165840 4194336 10764288 2684360708 0 42074240 4325376 92274688 1610621442 524544 1048580 5120 151257088 33685508 2304 196648 34603072 8388617 2097304 1611142144 4194304 16384 8388612 262144 128 1140850688 1078001664 33686144 2147780608 3145728 537005056 2151678021 69337090 20971552 1342210050 163846 268439552 8 131136 2160099328 2097162 1049600 268435456 0 42992644 0 262144 67110916 131072 1572864 9699330 0 271426 8913732 268435456 50332672 262304 256 0 671088712 46137872 17338368 10485776 1049600 16778560 270139396 16777216 32 33554440 269486336 536870976 8912896 133121 0 34869570 2147483653 16 16388 114294784 0 130 268445700 4194560 41943040 17956864 1084227584 167774466 8389632 269484032 4 129 33554440 67108864 536870952 34603008 26221058 1041 1611923456 268959808 84541444 2099200 16842754 546587008 536870912 1073758272 0 8705 12582944 536871168 65540 0 4096 16777216 33685504 0 32 9437248 8388608 1073741824 537395520 268435456 8388608 16781312 138412160 33685504 268435456 134218752 1572864 2147483649 1040 1310976 524544 2166489088 0 2097152 2 536873344 131200 4 2 8388616 33554432 268435456 268566528 1082130432 285475232 524296 67110912 1073873984 8388736 16779778 8389632 786690 17301504 16782336 142606595 0 268443648 1280 9962048 2147487744 134217752 135232 268960000 16 0 4096 419451008 131074 268435456 8192 1049168 25954305 1048592 266304 268632064 9437184 16778240 138412032 0 1073741824 536871936 9437184 1572864 17 1073742082 8913152 8388608 0 4194306 133124 2048 1152 35127616 8389186 1034 578 1537 8 134873088 23068704 65793 671121410 516 33555712 12582928 5898240 0 131072 2415984640 83886080 16777216 134217856 395400 2147491840 73760 33686288 557061 4096 2097152 2416443392 16388 16784388 4194305 2099208 0 134283296 524288 25464832 134218752 134480384 8388609 2147651588 2149580806 4194304 134219780 268435712 33554432 100925712 131080 16 33558530 4 8 16793600 35651584 2134016 540803074 3072 1048640 67239952 32770 0 6291456 0 8 8388608 16778240 4456865 2147483648 2048 132096 524288 16779265 134217736 1344 591104 277872640 5120 419430528 131080 335544320 537011240 320 8390657 1073741832 1442048 1 8 1048576 8392704 128 4 0 536870920 512 0 136 1074004034 524289 269500416 4096 4456736 33554440 1050628 671219712 320 2156003328 136314888 1048642 2152202560 1 1073742464 2113536 8650752 128 384 0 2147483940 68157440 4202496 8393216 8 134742016 138444800 8388608 2283274240 10528 34603008 2147484672 1088 0 1075843072 65536 16793600 1024 266400 131072 0 134218784 8388608 4096 16 576 4195584 276824064 5120 268435488 0 2147485696 536870944 8388608 8388608 136315912 64 65792 268435457 9439232 16384 2718181376 67109920 134283392 142606336 1053186 1140850688 1077942400 8388608 2621440 4096 262400 0 2048 131080 34078720 8394752 1 538181632 256 269500416 21004288 8388769 0 67110912 536937472 524288 524288 1024 1074003968 321 77594624 4 134217985 537395332 67108864 0 1536 17859074 3146760 525312 4195584 8388608 4096 134217856 131072 0 134348832 9437184 1 0 256 1048576 5120 20971520 262152 0 134218784 64 2147483649 16 1048576 524544 131076 0 20971904 2097152 268435456 4195336 8388736 659456 17825793 134218496 278921216 5120 285474816 2147614728 2048 131080 41943040 8390786 1049608 256 0 16778240 268435456 33685504 0 134218784 524288 4096 1033 1074004032 261 0 16781312 138412032 8 0 32 1048576 8390656 1 1611661312 1048576 0 402653184 8 0 134217760 8388608 1 0 262144 8388608 4096 20971648 2228224 335544320 0 0 1 0 134217728 1 8388612 0 138412032 0 0 0 1572864 0 1 256 524288 17301504 0 142868866 8 67123200 66568 1024 17305600 2097184 1073874440 4784448 1048576 0 20971552 8 0 671088640 64 8388608 134217736 262144 524288 8388608 16778240 268435713 33554440 2048 1032 1048576 2147485697 1024 1073741824 16777216 8388608 8388608 0 0 0 671088640 1048704 0 0 0 524544 16777216 2052 4456513 2097160 0 1024 68157968 4608 201326600 1179904 4194304 8 8388608 1024 134218017 33554440 0 134348808 64 1050624 8 262144 8913920 9437184 1024 134217728 0 0 536870912 0 135168 0 134217728 1 1048576 16777216 16777344 262145 0 16384 0 2048 16 512 524292 8388608 5120 150994944 33554432 268435456 134218752 8912960 131072 24 1048576 524544 0 0 1 262156 536870912 134283304 0 530945 1049600 537002112 268435456 0 1073741824 268435456 0 8192 0 0 0 1073741857 262208 0 0 32 33685512 2048 65568 0 8390658 1073741952 538444032 65536 1048576 0 0 0 67108864 8 0 0 0 1310720 25165824 0 2 2056 0 536870912 524288 16781312 1024 0 524288 269484032 16782336 419430688 33816576 335544320 671088648 0 4587521 1 262400 4 0 1024 134222240 8 4 164864 1572864 657408 4113 136323650 4194565 8519680 2048 16777216 133128 0 0 0 0 4096 262144 16384 0 268697632 12 4096 40 0 17959424 134217729 8 272629764 268435456 1024 0 12 0 1024 0 1052672 0 1048832 8388608 8 9568256 41945092 268435488 2097152 67108864 536904704 524288 21368832 1207959569 1208222784 4194309 285212672 0 0 35651712 133124 90112 168427520 22284290 134217728 0 272630016 76546048 25170944 138412160 33554432 268435456 675282984 8912896 135168 1073742864 134612032 524293 16777216 33554432 262400 16390 2424311840 32768 135680 524801 1073741824 1792 268435460 8388608 1024 128 0 0 4325416 8388864 0 1024 256 1048576 8388608 16777472 0 0 536870976 33554432 5244930 9 1074792448 256 0 0 134217760 0 0 536870912 0 2049 0 131648 524352 524288 16782336 0 0 0 536870944 9437184 2147489792 134217736 537266432 0 8388608 0 0 67108864 65536 128 21106690 134218752 0 1 1048576 4096 0 33554432 2048 32 1048640 0 2097288 5120 0 1024 20971776 0 0 1056 524288 524288 1049601 578 524545 0 0 0 0 0 0 134217728 2048 0 0 16777472 8 67108864 205824 34603904 5244928 136314881 1048578 4194560 1048576 8392704 134217856 0 0 32 0 8388608 16 8388608 0 285212672 33685504 0 131072 1048608 2147483649 8 0 0 4194432 1032 0 0 524288 16777730 1026 1310728 68
is_linear=0
shrinkage=0.08


Tree=6
num_leaves=179
num_cat=35
split_feature=20 4 5 18 15 5 6 18 1 20 18 6 8 4 20 8 15 20 8 15 1 6 6 8 6 8 1 8 1 1 20 1 8 4 1 8 6 20 1 3 6 1 1 1 1 8 1 1 8 8 15 6 6 1 1 1 1 8 20 8 5 1 8 6 18 8 1 8 12 6 15 1 15 15 18 1 20 6 8 1 1 13 8 8 15 1 8 8 1 4 8 8 6 6 5 6 8 8 1 15 5 12 1 1 6 15 8 8 8 8 15 6 6 15 8 15 20 8 8 8 8 8 19 8 20 8 18 8 8 6 1 6 15 8 8 15 15 8 18 19 6 15 13 8 8 15 15 15 20 1 6 8 13 8 6 4 1 6 1 8 12 6 1 6 8 8 8 19 15 5 19 13 1 13 8 12 20 13
split_gain=2696.67 979.563 699.476 382.774 299.036 214.142 189.979 172.121 128.115 114.8 114.429 113.747 96.1708 94.6677 86.8298 85.8482 85.518 101.97 79.9901 77.2477 76.5107 73.7213 73.4429 69.4452 74.56 68.4619 65.2571 61.0246 59.4066 54.1943 53.5192 53.1982 48.4657 48.0346 47.833 47.6594 45.4022 45.2605 44.9051 44.4042 41.5489 40.8643 40.6936 39.6482 39.3943 37.784 36.2337 35.73 35.1076 64.9462 45.3437 38.5779 34.6337 34.0147 33.9538 33.8769 33.7294 33.2315 32.928 32.3818 32.315 32.1811 31.5347 31.4799 30.2727 29.8005 29.5422 29.3594 29.1885 28.4928 28.4483 28.2358 28.2354 27.8696 27.6695 27.1142 26.8018 26.0803 59.1356 27.6212 25.7079 25.3849 25.2894 28.1736 38.3669 24.3648 24.291 30.4913 28.4306 24.1679 24.004 22.9712 22.5266 24.4663 22.2685 22.2629 21.9894 53.0016 21.9155 21.1428 21.0287 21.2625 20.9051 20.7352 20.6944 20.4169 20.3374 19.9904 19.7039 38.7234 19.4326 19.3441 25.521 19.2416 19.104 26.7548 18.6768 18.6349 44.9485 44.7964 23.4207 18.5905 20.9295 18.5488 18.5073 18.4715 18.4556 18.3635 18.3339 23.3948 18.3265 18.2921 18.9982 18.0213 28.2365 34.4626 18.0138 17.8314 17.8266 17.7804 17.778 17.6635 17.5483 17.4982 36.1719 19.3168 17.6836 23.2514 17.3764 17.2608 17.0079 20.7376 16.7461 16.6634 16.5737 20.4945 16.5251 19.4054 16.4437 25.023 16.4709 16.2865 29.2678 16.2572 16.0725 16.0169 20.3019 15.8499 22.914 15.6932 15.6476 15.3852 15.2562 15.2558 15.2177 15.1502 15.12 15.0415
threshold=0.22122552245855334 14.500000000000002 675.50000000000011 0.25550369918346411 3574.0000000000005 515.50000000000011 3.5000000000000004 0.23664359003305438 0 0.16589835286140445 0.20745301991701129 6.5000000000000009 17.500000000000004 17.500000000000004 0.32259921729564672 3.5000000000000004 2998.5000000000005 0.14490661025047305 16.500000000000004 3100.5000000000005 1 4.5000000000000009 1.5000000000000002 5.5000000000000009 1.5000000000000002 29.500000000000004 2 1.5000000000000002 3 4 0.28630696237087255 5 16.500000000000004 1.5000000000000002 6 5.5000000000000009 5.5000000000000009 0.13280005753040316 7 6.5000000000000009 6.5000000000000009 8 9 10 11 3.5000000000000004 12 13 29.500000000000004 27.500000000000004 432.50000000000006 2.5000000000000004 3.5000000000000004 14 15 16 17 18.500000000000004 0.38001927733421331 6.5000000000000009 500.50000000000006 18 9.5000000000000018 1.5000000000000002 0.13612911105155948 12.500000000000002 19 15.500000000000002 510.50000000000006 5.5000000000000009 576.50000000000011 20 2806.5000000000005 4102.5000000000009 0.27078618109226232 21 0.29410369694232946 6.5000000000000009 3.5000000000000004 22 23 42.500000000000007 3.5000000000000004 9.5000000000000018 4062.5000000000005 24 3.5000000000000004 21.500000000000004 25 15.500000000000002 26.500000000000004 1.5000000000000002 5.5000000000000009 1.5000000000000002 950.50000000000011 3.5000000000000004 29.500000000000004 27.500000000000004 26 3785.5000000000005 575.50000000000011 280.50000000000006 27 28 4.5000000000000009 2554.5000000000005 18.500000000000004 29.500000000000004 3.5000000000000004 4.5000000000000009 4062.5000000000005 4.5000000000000009 1.5000000000000002 4168.5000000000009 3.5000000000000004 2527.5000000000005 0.33635801076889044 15.500000000000002 29.500000000000004 26.500000000000004 28.500000000000004 28.500000000000004 0.031428566202521331 2.5000000000000004 0.17623828351497653 29.500000000000004 0.3138806968927384 5.5000000000000009 29.500000000000004 1.5000000000000002 29 4.5000000000000009 2078.0000000000005 29.500000000000004 27.500000000000004 2793.5000000000005 3975.5000000000005 6.5000000000000009 0.15689441561698916 0.029055689461529258 4.5000000000000009 3802.5000000000005 83.500000000000014 7.5000000000000009 5.5000000000000009 2395.5000000000005 913.00000000000011 616.50000000000011 0.36990390717983251 30 2.5000000000000004 28.500000000000004 24.500000000000004 1.5000000000000002 5.5000000000000009 15.500000000000002 31 1.5000000000000002 32 18.500000000000004 793.50000000000011 5.5000000000000009 33 4.5000000000000009 11.500000000000002 7.5000000000000009 5.5000000000000009 0.012152554932981731 2637.5000000000005 1285.5000000000002 0.012774951756000521 21.500000000000004 34 5.5000000000000009 1.5000000000000002 315.50000000000006 0.22000930458307269 30.500000000000004
decision_type=2 2 2 2 2 2 2 2 9 2 2 2 2 2 2 2 2 2 2 2 9 2 2 2 2 2 9 2 9 9 2 9 2 2 9 2 2 2 9 2 2 9 9 9 9 2 9 9 2 2 2 2 2 9 9 9 9 2 2 2 2 9 2 2 2 2 9 2 2 2 2 9 2 2 2 9 2 2 2 9 9 2 2 2 2 9 2 2 9 2 2 2 2 2 2 2 2 2 9 2 2 2 9 9 2 2 2 2 2 2 2 2 2 2 2 2 2 2 2 2 2 2 2 2 2 2 2 2 2 2 9 2 2 2 2 2 2 2 2 2 2 2 2 2 2 2 2 2 2 9 2 2 2 2 2 2 9 2 9 2 2 2 9 2 2 2 2 2 2 2 2 2 9 2 2 2 2 2
left_child=1 5 8 6 7 16 14 9 60 38 37 12 23 28 22 27 17 -1 30 39 -19 42 35 24 -5 54 -6 -13 -8 106 56 -12 44 163 175 55 73 -7 64 61 43 45 -11 116 131 92 -25 -39 49 51 -50 81 59 -37 -20 139 -15 80 69 -48 -2 -10 143 102 -3 -64 -16 -40 -62 71 -67 -26 -72 91 156 -59 104 79 153 137 164 -14 94 -84 124 114 88 -88 -35 -34 -56 99 93 -41 -38 158 97 138 170 -28 -21 -102 -44 -49 130 -42 -24 150 -71 -110 -27 112 149 -112 115 -36 -30 165 119 -119 -121 122 -92 -94 -85 152 -91 -80 129 -89 171 -9 -133 134 140 -136 -61 -58 -55 -4 -69 -101 -78 144 -17 146 147 -146 -43 -105 151 -77 -75 -79 155 -54 -22 -158 159 -65 -160 -159 -163 -33 -31 166 -87 -165 -169 -100 -32 -47 -97 -116 -96 -23 -46 -161
right_child=2 4 3 11 26 10 13 32 19 21 31 15 48 18 66 62 -18 20 25 100 74 34 29 46 58 110 36 -29 40 57 98 33 89 86 85 53 82 47 67 41 105 148 63 -45 176 76 52 103 50 -51 -52 -53 154 96 90 -57 77 75 -60 136 68 -63 65 95 -66 70 -68 133 -70 108 72 -73 -74 125 -76 107 142 78 127 -81 -82 -83 83 84 -86 117 87 128 -90 126 121 -93 123 -95 174 172 -98 -99 169 141 101 -103 -104 111 -106 -107 -108 -109 109 -111 113 -113 -114 -115 173 -117 -118 118 -120 120 -122 -123 -124 -125 -126 -127 -128 -129 -130 -131 -132 132 -134 -135 135 -137 -138 -139 -140 -141 -142 -143 -144 -145 145 -147 -148 -149 -150 -151 -152 -153 -154 -155 -156 -157 157 161 160 177 -162 162 -164 167 -166 -167 -168 168 -170 -171 -172 -173 -174 -175 -176 -177 -178 -179
leaf_value=-0.047328010746522334 -0.0438237274111778 -0.059773382994010187 0.056156967446082742 0.078519258500734657 -0.0024525489722208704 -0.042811345892334998 -0.013579881155700087 -0.013317821408898952 0.014074727522189833 0.010349229126331618 0.0076950742646158593 0.067153735716670479 0.0074979372437513894 0.0032411887202314056 0.008487696810995848 0.016082877859036983 -0.053389230147318376 0.009404492879223729 0.015126863063264386 -0.038383701115718365 -0.042467633164525211 -0.025534871747553121 -0.022676779976121782 -0.0023715601388165355 0.011325445130576414 0.010618296755535848 -0.05242319976626169 0.14573576443576061 -0.0030098058584033041 0.028590354314323687 0.10391529317101343 -0.00015783484296304093 -0.007286557130892499 -0.025516850682899123 0.024250846515746202 -0.0093587924560629109 0.036141838379647372 -0.033348307194036038 -0.019010540257970103 0.085214344125745273 0.022692200894889592 0.00012783732492708806 0.014175623593506973 0.023095731851653496 0.019284189723243781 -0.05720290225839391 -0.013674167118698155 0.021103087005311189 0.12407703792174139 0.11799443983188815 0.029092475578631066 0.070305180590712502 0.017707930260741987 -0.03241665080188022 0.063574052123444358 0.018062962959305099 0.019783390718396094 -0.010807670311066934 0.075174820669858408 0.021881230560588039 -0.026477794044015093 -0.025428975185175697 0.11849343137138092 -0.018339174298980694 -0.028166224893262388 0.12995911326974066 0.049651852852790279 -0.01421496763800415 0.011604698945594483 0.071819780532225541 0.0393062650079124 0.037115179683406899 0.089260694699403939 0.035654328961324963 -0.012830197743383254 0.012992759244658985 0.042386115021607065 0.052712282907714424 -0.014089627358567055 0.030397884293076737 -0.0068616198801947402 0.070148888644214008 0.017165695920587892 -0.0018921770518453495 0.098806760474324712 0.00546535916914928 -0.025702657610581783 0.093524166004925316 0.010454698612634072 0.037924192216107815 0.14768345170106739 0.011348230457233918 0.053709920360653529 0.017677232928281474 0.04090059182739722 0.0074730426918612688 -0.0269226939449605 0.091030245913584995 0.035635674805222006 0.16195051210129655 -0.026987202096652913 0.031400331339013064 -0.011707596155553246 0.01375787123791933 0.019542781263878518 0.050026886513101755 0.0030377776523473842 0.0087410427865553236 -0.067290325468652754 0.049102295202556025 0.11004792659860314 -0.011626529852323979 -0.031636143916813408 0.001766856028977633 0.071028006866934515 0.10646554787518914 0.058170668121836674 0.020319500327237078 -0.024727795287104257 0.13763127504781741 0.046172870754494978 0.071383649884143016 0.012646696250046512 0.13353247711910723 0.054638454291220565 0.00089150845403445061 0.084684188554573089 0.031714145929999549 -0.021303619140682822 0.0064597499456584932 0.016178491581380121 -0.0071850903444409878 0.02992504472097458 -0.025203679934669918 0.030510492320024736 0.1915562284361764 0.11124542240938837 -0.0069220427963120057 0.018618113510418956 0.13730667050959575 0.032592732559371743 0.054815967537996738 -0.057855828953371428 0.014413906206188787 0.16401873527984875 0.048306445757176332 0.18558504553170174 0.027742635617290286 0.05703007089195803 -0.020160788518719022 0.082507501878725353 0.10052629666291388 0.07025337015622965 0.1030750603873557 0.019987485100699733 0.04982799512353972 -0.010639623383672428 -0.03677352106691343 -0.032832288895823146 0.023805660352627607 -0.0084778825546606342 0.012099953775038055 -0.029388498358310821 0.02457216211858677 -0.014282468044272719 -0.0072385248796994215 0.04669997793235367 0.0060199712614575811 0.14902169338983354 -0.029918378354501278 0.055116147988824762 -0.0095581961365568714 -0.016081517698830539 0.013652280876632575 0.12578573989874062 0.0016477940938605037 0.078009285690375491 0.1479046692584359
leaf_weight=2250.7336204051971 509.8454167842865 229.15064464509487 189.56446523964405 322.1020328104496 417.35300210118294 1010.0457529425621 391.99979266524315 494.01037220656872 178.48615194857121 477.20349715650082 898.9251251667738 126.29934956133366 131.46218492090702 534.99945992231369 182.45994453132153 96.516798511147499 1813.7054293006659 356.13377942144871 105.91812264919281 366.83481431007385 861.53983376920223 340.62633404135704 966.21781945228577 315.30720321834087 468.5386331230402 255.196652546525 9.1636096984148008 126.8121691942215 747.19688920676708 251.8790732473135 48.868443727493286 50.057097688317299 64.450418516993523 211.35111220180988 60.387111142277718 472.76921696960926 41.374766856431961 1667.4086576700211 1095.7887806892395 42.041625738143921 348.71366190910339 1962.043140783906 333.1079057008028 1129.1927208155394 806.07021847367287 52.450532183051109 180.15810154378414 77.771385297179222 35.517097517848015 136.58692732453346 339.1472387611866 434.22965249419212 159.42284512519836 47.087962955236435 599.98175247013569 331.3951366096735 361.76077765226364 96.323785305023193 130.08579896390438 971.20511828362942 542.29250518977642 460.934311658144 61.724920123815536 280.52079421281815 1262.3758293092251 33.034267112612724 364.82996834814548 114.06306268274784 168.91598759591579 181.37350581586361 274.18306548893452 754.40776838362217 98.425136417150497 320.63417954742908 541.54770319163799 76.052036598324776 203.74648049473763 76.843209996819496 67.671211898326874 804.63465584814548 1086.5322849601507 60.391946226358414 166.37977558374405 55.601388230919838 98.299979150295258 626.80593974888325 1666.9657526165247 22.200616583228111 376.30838041007519 332.48380610346794 58.706727489829063 730.83650390803814 62.624164402484894 186.78926649689674 17.096858277916908 266.53631410002708 64.78632003068924 64.350088015198708 631.03636565804482 12.601074010133742 102.17996968328953 65.474928006529808 467.9060086607933 144.12677152454853 357.07909807562828 350.93447858095169 247.1954415589571 88.325681611895561 21.277374982833862 129.66896183788776 27.059010297060013 1147.0185199528933 1110.183989956975 17.158255398273468 32.949980512261391 43.640024214982986 33.336914271116257 245.10846619307995 100.82045869529247 36.069523990154266 35.659485727548599 67.977741718292236 8.401064068078993 26.538703203201294 111.14026188850403 69.203238680958748 64.507502615451813 324.98349605500698 143.94280233979225 177.66649989783764 149.50704441964626 185.14775207638741 168.73101451992989 78.184357285499573 27.302406474947929 12.335741579532622 14.632750391960142 286.90626031160355 624.48272469639778 19.007193997502327 95.298814758658409 45.039095938205719 11.805841192603109 151.20567831397057 13.860231533646582 46.789706856012344 17.186054602265358 18.97787994146347 34.935266137123108 252.17514662444592 80.569961979985237 22.410913556814194 124.26272544264793 93.079171627759933 258.68735954165459 628.3666415810585 334.84402984380722 1282.6915627270937 1076.2414133399725 53.859165176749229 212.89804191887379 133.75331029295921 540.4886491894722 38.060343280434608 71.930801451206207 600.15720607340336 87.006100192666054 10.810902163386343 21.290041625499725 24.253981173038483 302.56821912527084 250.28893679380417 490.89602495729923 295.34689328074455 65.04855415225029 213.44513426721096 29.051906317472458 7.0508557856082907
leaf_count=15963 3469 1582 1025 1628 2346 6890 2204 2795 1128 2886 5408 615 677 2915 961 475 13318 2286 551 2536 5832 2034 5670 1666 2444 1373 51 601 4243 1449 248 268 375 1326 341 2636 218 10795 6954 244 1919 11819 1990 6315 4461 316 957 494 171 681 1732 2197 850 280 3115 1814 1953 547 618 5089 3390 2972 296 1726 8108 159 1876 725 1029 923 1346 3917 476 1634 3492 436 1119 402 359 4356 6276 307 862 301 485 3706 10486 136 2336 1806 296 4039 352 1084 85 1593 355 348 3227 71 647 393 2844 916 2075 1887 1425 508 110 670 135 7299 7190 87 188 246 178 1423 605 205 202 347 42 150 588 358 334 1715 900 1109 888 1024 918 494 167 78 72 1574 3467 102 587 243 65 748 68 230 85 95 195 1620 458 122 618 473 1335 3164 2252 8630 6644 330 1317 887 3632 190 416 3557 515 60 109 125 1518 1470 2953 1678 304 1266 157 43
internal_value=8.51524e-06 -0.0158984 0.0192495 0.0263801 2.66816e-05 -0.0286513 0.018384 -0.00524852 -0.00535109 -0.00996025 -0.0201728 0.0418649 0.0373606 0.0264294 0.00680139 0.0658546 -0.0380813 -0.0336753 0.0335198 0.000896489 -0.0260897 -0.00395434 0.00335963 0.0321439 0.0432526 0.0519574 0.0264557 0.106534 0.0153309 -0.00434953 0.0276093 -0.00915881 0.0151823 -0.0147058 0.00602986 0.0160595 0.0327566 -0.0275393 -0.0231161 0.00473411 0.0196509 0.0084318 -0.0113563 0.0136157 0.00888456 0.0191564 0.0233216 -0.0240323 0.0581614 0.0680133 0.0381038 0.0571055 0.0268725 0.00761417 0.0636529 0.035976 0.0214447 0.00457734 0.0365115 0.0175111 -0.0282218 -0.0145795 0.05317 -0.0145911 -0.0328031 0.0667074 0.0369914 -0.0126427 -0.0174329 0.0332765 0.058821 0.027631 0.0525065 0.0248162 -0.0294566 0.0261642 0.0118238 0.02613 0.0408849 0.0205976 -0.000957095 0.0272253 0.052114 0.0429718 0.0591686 0.0113783 -0.0170472 -0.0212288 -0.00273922 0.0381502 0.0694934 0.0154539 0.0433891 0.0300927 0.0840312 -0.0192402 0.0175336 0.0216862 0.0432283 0.0603502 -0.0276567 -0.00418371 -0.000912948 -0.0181561 0.0051468 0.0364041 -0.0172957 0.0384503 0.0540488 0.0326878 0.0191048 -0.0193819 -0.0254151 0.0680529 0.0282314 0.0587563 -0.000390126 0.00703242 0.0217926 0.0365965 0.0921929 0.100912 0.130789 0.0774969 0.0357902 0.0393408 0.0455267 0.0238198 0.00046326 0.0161403 -0.00622022 -0.00333361 0.01051 0.00829769 0.0188183 0.0807114 0.0232102 0.00785069 0.0150388 0.0606585 0.00709253 0.0782926 0.0368903 0.0348033 0.0507463 0.0852914 0.119847 0.0853363 0.00111833 -0.00798675 0.0552517 0.0329349 0.0453212 0.08031 0.0375593 0.0433287 -0.0324053 -0.0283134 -0.0245048 -0.00801238 -0.0285887 -0.031482 -0.0214145 0.0346737 0.0184952 0.00239399 0.0104928 0.0595164 0.100901 0.0327092 0.0601955 -0.0172469 -0.00790647 0.0194155 0.108135 -0.0147966 0.0210768 0.0382216
internal_weight=56388.9 30869 25519.9 19785.1 13727.2 17141.7 13047.5 11443.2 5734.81 9298.74 9026.31 6737.58 5672.57 7699.38 5348.17 1065.02 8115.44 6301.73 4698 4513.76 4051 6384.24 4800.88 4535.23 2007.45 1140.4 2284.04 253.112 3001.37 2987.44 3557.61 3617.58 2144.45 2718.65 2718.02 1813.44 1866.68 5408.73 2914.5 3979.27 2609.37 3339.85 3666.22 1909.73 1683.01 1342.87 2527.78 4398.68 1137.34 762.671 374.664 626.084 2212.47 1273.48 840.985 539.967 2550.88 1774.02 1685.35 1166 1221.05 639.42 811.904 3189.02 1491.53 467.367 547.29 1422.97 711.208 1555.27 405.642 1222.95 372.608 1311.74 3694.87 363.682 1024.88 2015.88 562.577 1453.3 1410.34 191.854 554.942 431.421 265.042 2163.95 2598.44 2010.78 587.659 461.442 735.067 797.64 317.994 228.831 123.52 2388 800.707 735.921 1006.73 66.8038 534.49 167.655 801.014 2731.28 809.326 699.648 1213.41 267.359 332.32 150.946 299.414 2653.5 1506.49 44.2173 432.324 104.027 780.534 1731.63 417.658 316.837 71.729 135.086 67.1078 89.1629 166.742 514.1 396.991 392.655 343.81 199.867 452.247 847.889 353.879 327.184 249 39.6381 985.838 648.667 671.571 208.572 209.362 57.6402 215.552 344.536 193.331 96.8139 50.0242 32.8381 1996.98 396.302 179.033 98.463 444.897 169.922 1046.48 787.789 3153.32 2291.78 1630.57 341.431 1289.14 1956.93 674.242 120.218 323.81 1313.97 713.812 70.1613 32.1009 655.29 351.437 302.739 757.432 328.297 82.1454 554.071 835.122 60.91
internal_count=336355 194884 141471 106130 81060 113824 71728 68857 35341 56987 57532 34402 29208 41557 30171 5194 56292 42974 24811 27453 27011 38292 27334 23443 10310 5946 12203 1216 16746 17307 18865 22328 11870 16920 15966 10027 9857 35204 18695 23877 14542 19777 22326 10736 9355 7763 13133 28314 5765 3862 1903 3181 11467 7086 4351 2941 13747 10212 8682 6118 7888 4100 3978 19440 9690 2277 2837 9005 4419 8064 1981 6361 1822 7014 24725 2071 5933 10832 2949 7883 8141 984 2843 2236 1374 12666 16293 12631 3662 2515 3800 4404 1830 1328 607 14606 4450 4095 5118 365 3576 1040 4834 17519 4749 3806 7095 1524 1703 780 1595 17025 9726 222 2453 587 4421 10213 2435 1830 407 685 338 502 889 2610 2140 2074 2145 1245 2674 4737 1942 2051 1557 245 5161 3527 3747 1127 1312 314 1184 1701 953 478 248 163 12014 2536 1016 558 2252 875 5349 4014 21233 15401 10060 2099 7961 13149 4519 627 1865 7778 4221 359 169 3352 1766 1786 4546 1866 389 3300 4618 373
cat_boundaries=0 11 22 33 45 56 67 78 89 100 111 122 133 144 155 166 175 186 197 208 218 229 240 251 261 272 283 294 305 316 326 336 347 358 369 380
cat_threshold=4 16777216 138416257 1 268435456 134283264 1179776 4198401 142607490 134874688 8912901 134873088 32768 9437184 2150107146 134218080 5242880 2147484160 578 1 528384 197120 268435460 8388612 4224 16384 67108864 4194304 131200 4980738 2097152 131586 4194565 16388 37748740 33 16512 0 139264 34210624 9699329 8392705 9218 8388608 24 1048576 20974592 402915328 2230276 805306372 134217728 1572864 4200449 142610440 135528448 4194561 17301504 0 288 570556416 2148542464 4194376 33554448 8656898 134217856 1840264 65536 2228224 29363200 262144 131080 67108868 134217792 256 2149089794 1048585 1207960578 2151679040 268435456 8389632 423624960 8 67108864 675282944 8912896 4589569 134287361 1209404416 1 288358400 1024 0 537002248 603981828 131072 8389184 26478722 19922976 4354 256 67108868 4096 4456448 33554436 268445700 1152 33554944 2153022978 10 34603008 1540 8388608 8395776 402915456 2048 268437504 72 8388608 2164264960 135267344 1209008128 4194625 1572992 0 134218144 262144 67108864 537003048 1048896 8652802 1073741832 1048576 16777216 19415040 0 160 2147745800 2048 537002016 0 512 8 536876032 524288 0 8389632 268435617 33687552 335544320 675299328 1048832 18092032 5136 1208091392 524293 0 25166848 155189280 33685512 335544320 65568 0 13109248 1041 1207960384 4 0 0 32 33554432 67108864 537001992 64 135169 134217729 9437184 16782336 4194432 8 335544320 134217760 524288 8388608 16 1073742080 1 131072 8388608 257 33556484 268443648 138412032 704 17827842 8389761 135529986 281018372 0 6296580 0 524288 2147483648 1056 8912896 8388608 1073741848 0 16843008 0 0 268435616 0 0 671219744 1048640 2147483648 134217744 1075052800 268435456 1024 402653216 0 2048 536870912 1048576 2147483649 0 537657408 524288 0 4096 0 8 67108864 536870912 0 8388608 16 0 524288 9437184 16779264 4456576 8 0 1064 9961472 2147487744 134217744 1073872960 524289 131076 8392704 289 0 67117056 65536 64 393218 1075838992 537001984 8388608 0 4194432 33816580 0 131072 35127296 6145 130 512 1 9437184 0 155451520 0 0 0 0 2147483649 16 256 524288 0 5120 16777344 131080 0 8 1048576 2147485697 8 262144 524544 1048576 16778240 268435584 8 0 671285248 1048576 0 16 134218240 524545 0 0 1064960 134 1024 131136 67109376 0 0 39845888 131072 0 0 0 131072 0 131072 64 8390656 0 256 9437188 2048 256 0 0 1032 524288 0 134217728 1048576 0 16781312 268435457 0 0 134348840 1048576 1 16 1311488 524288 131072 4196356 16777249 0 0 131168 524288 526336 1025 1073873922 12583168 270532608 0 0 131076 2048 536936448 64 2048 8 536870912 260 8388608 16778240 150995072 0 67108864 134217728 0 2048 1040 768 1
is_linear=0
shrinkage=0.08


Tree=7
num_leaves=179
num_cat=61
split_feature=5 18 5 2 18 2 6 15 18 2 2 8 6 8 15 8 8 6 8 8 1 2 1 2 1 1 8 1 2 8 2 14 2 1 1 1 2 2 6 1 6 1 14 6 1 12 15 5 1 2 12 18 11 1 1 2 5 18 8 8 8 5 8 8 8 14 1 2 2 1 6 1 8 8 2 15 5 5 6 12 2 12 14 15 8 2 8 2 1 5 1 5 2 5 12 6 6 8 18 8 2 1 8 6 8 17 2 5 14 11 6 8 12 12 5 11 8 8 2 8 5 1 15 8 18 8 8 8 8 1 1 18 8 8 15 5 8 15 1 12 12 1 2 11 8 1 8 12 8 6 2 2 1 2 18 8 1 10 2 18 2 2 14 2 8 6 15 12 18 5 1 14 18 10 6 2 15 5
split_gain=2268.48 938.938 401.41 245.418 241.354 197.918 167.37 141.163 137.323 131.484 113.468 97.9978 114.53 113.335 97.208 91.0115 118.649 85.5204 107.2 89.1446 91.2628 84.1238 81.773 79.8146 71.9103 67.4009 67.1573 68.5658 62.5001 61.4331 60.2475 56.9053 56.6573 56.3397 55.4944 55.4767 53.6038 50.1968 49.7843 48.4751 48.4404 47.3693 47.0591 47.07 50.3133 46.6885 44.7035 44.2264 43.6066 43.5903 42.6898 42.5874 41.9364 39.4609 39.3298 39.2362 38.2096 38.1717 37.7571 37.3481 35.5983 35.3314 34.9099 34.3995 33.9255 33.0118 37.8001 33.6378 31.3528 36.5273 30.6591 30.522 30.3748 29.9217 29.8693 29.786 29.4814 28.6507 28.6208 28.2741 28.2088 28.0146 27.7925 30.1047 30.0652 32.9698 27.5324 27.4665 27.0984 27.0099 27.0078 26.8546 25.3788 25.3004 25.2437 24.6381 24.5263 33.0318 24.4148 24.2829 24.2095 23.9733 23.8568 23.7787 24.8785 28.5436 23.7679 23.3083 41.4639 24.449 22.9287 36.1447 24.6494 22.8093 22.6658 23.884 22.2066 23.0208 22.1029 22.0677 21.7415 21.6634 21.5551 21.5079 21.4458 21.4402 21.3246 21.237 21.9536 21.1391 20.8605 20.7951 20.7277 20.5925 20.7902 20.3282 20.0905 23.9735 20.048 20.025 21.7006 20.0029 19.9574 19.8828 19.8453 19.6038 19.4175 19.3205 19.2831 19.2014 28.6475 21.4604 18.8656 18.8353 18.7859 18.5311 18.4492 17.9517 17.9412 17.7658 17.7377 17.7272 17.7045 17.6701 17.6334 26.6606 18.7821 21.0974 17.5428 17.5183 28.3075 17.4716 17.3065 17.265 17.2378 20.9123 17.1922 17.1154
threshold=735.50000000000011 0.20889224857091906 485.50000000000006 0 0.23664359003305438 1 4.5000000000000009 4058.0000000000005 0.27078618109226232 2 3 3.5000000000000004 5.5000000000000009 16.500000000000004 3003.5000000000005 16.500000000000004 29.500000000000004 1.5000000000000002 5.5000000000000009 17.500000000000004 4 5 6 7 8 9 29.500000000000004 10 11 16.500000000000004 12 37.500000000000007 13 14 15 16 17 18 6.5000000000000009 19 4.5000000000000009 20 83.500000000000014 6.5000000000000009 21 1038.5000000000002 625.50000000000011 1040.5000000000002 22 23 867.50000000000011 0.19270860403776172 6.7429995536804208 24 25 26 1275.5000000000002 0.1144964136183262 3.5000000000000004 6.5000000000000009 25.500000000000004 995.50000000000011 28.500000000000004 16.500000000000004 3.5000000000000004 4.5000000000000009 27 28 29 30 3.5000000000000004 31 13.500000000000002 27.500000000000004 32 2647.5000000000005 820.50000000000011 875.50000000000011 1.5000000000000002 1058.5000000000002 33 906.50000000000011 28.500000000000004 3574.0000000000005 16.500000000000004 34 29.500000000000004 35 36 1265.5000000000002 37 670.50000000000011 38 925.50000000000011 634.50000000000011 5.5000000000000009 3.5000000000000004 5.5000000000000009 0.24472549557685855 28.500000000000004 39 40 2.5000000000000004 2.5000000000000004 24.500000000000004 0.030101703479886058 41 1030.5000000000002 54.500000000000007 4.258876085281373 2.5000000000000004 26.500000000000004 953.50000000000011 320.50000000000006 1105.5000000000002 6.6705718040466317 5.5000000000000009 27.500000000000004 42 2.5000000000000004 1230.5000000000002 43 2692.0000000000005 29.500000000000004 0.17468429356813434 29.500000000000004 12.500000000000002 3.5000000000000004 4.5000000000000009 44 45 0.24604088813066485 28.500000000000004 27.500000000000004 4225.5000000000009 1355.5000000000002 24.500000000000004 3730.0000000000005 46 432.50000000000006 411.50000000000006 47 48 6.5809137821197519 23.500000000000004 49 1.5000000000000002 935.50000000000011 2.5000000000000004 3.5000000000000004 50 51 52 53 0.28695762157440191 2.5000000000000004 54 75.500000000000014 55 0.25339439511299139 56 57 28.500000000000004 58 1.5000000000000002 6.5000000000000009 3894.5000000000005 886.50000000000011 0.2656946480274201 390.50000000000006 59 71.500000000000014 0.2834728360176087 73.500000000000014 3.5000000000000004 60 3172.0000000000005 855.50000000000011
decision_type=2 2 2 9 2 9 2 2 2 9 9 2 2 2 2 2 2 2 2 2 9 9 9 9 9 9 2 9 9 2 9 2 9 9 9 9 9 9 2 9 2 9 2 2 9 2 2 2 9 9 2 2 2 9 9 9 2 2 2 2 2 2 2 2 2 2 9 9 9 9 2 9 2 2 9 2 2 2 2 2 9 2 2 2 2 9 2 9 9 2 9 2 9 2 2 2 2 2 2 2 9 9 2 2 2 2 9 2 2 2 2 2 2 2 2 2 2 2 9 2 2 9 2 2 2 2 2 2 2 9 9 2 2 2 2 2 2 2 9 2 2 9 9 2 2 9 2 2 2 2 9 9 9 9 2 2 9 2 9 2 9 9 2 9 2 2 2 2 2 2 9 2 2 2 2 9 2 2
left_child=2 3 8 24 9 29 17 10 14 138 35 12 54 32 22 30 31 18 122 20 37 58 -1 52 56 158 27 136 86 42 48 34 -13 80 110 -5 -22 152 77 47 78 64 43 44 -3 60 -28 106 135 -10 70 90 124 72 -8 164 -2 -35 95 114 75 -38 -62 -54 -42 -27 67 -67 -53 -70 -37 162 79 74 -36 159 161 145 116 -20 -32 101 83 84 85 -79 99 -18 -48 107 -24 -43 -55 -31 -75 -6 97 113 -30 103 172 174 -85 157 105 144 -34 141 129 -110 -17 112 147 -63 -50 -116 -23 -118 -49 -97 143 -51 131 133 -11 -119 163 146 -129 -109 -60 -7 176 -74 -135 171 137 -15 -4 140 -108 -46 -88 -77 -105 -26 -45 -112 -57 151 -151 -39 -19 -86 -115 -98 -72 -21 -25 -29 -90 -59 -9 -73 -14 166 167 168 -166 -16 -171 -12 -80 -154 -78 -176 -96 -124
right_child=1 5 4 7 21 6 11 71 49 23 15 13 55 26 169 16 87 19 53 28 36 40 51 25 38 65 46 45 98 93 33 -33 39 57 73 50 61 149 -40 -41 41 91 -44 127 89 -47 88 118 59 121 -52 68 63 92 -56 148 -58 76 130 -61 62 96 -64 -65 -66 66 -68 -69 69 -71 156 126 123 94 -76 120 81 82 100 -81 -82 -83 -84 102 153 -87 142 -89 160 -91 -92 -93 -94 -95 132 119 155 -99 -100 -101 -102 -103 -104 104 -106 -107 139 108 109 -111 111 -113 -114 154 115 -117 117 125 -120 -121 -122 -123 177 -125 -126 -127 -128 128 -130 -131 -132 -133 -134 134 -136 -137 -138 -139 -140 -141 -142 -143 -144 -145 -146 -147 -148 -149 -150 150 -152 -153 173 -155 -156 -157 -158 -159 -160 -161 -162 -163 -164 -165 165 -167 -168 -169 -170 170 -172 -173 -174 -175 175 -177 -178 -179
leaf_value=0.0074920277554408592 0.004878205867102494 -0.0004429353528094418 0.022001135100447579 0.0071357214048418504 0.033283407551686406 0.019084589202070498 0.045691689724368274 0.034863910421290105 0.012616112605736654 -0.048519128952644638 0.021660359780246954 -0.0031028002938249784 0.059896892773996867 -0.014185132553698153 -0.061350841586132382 0.0077303287163086746 0.017586244104777788 -0.014437865672174994 0.0066053949031586378 0.14423376363094367 0.012636942168782681 0.034165690225354581 -0.0095681566700002232 0.019237877028579164 -0.016914008018675545 -0.031639057797815923 0.11593362045257752 0.018609445932958962 -0.010522965644869797 0.040093434647611614 0.022099823451944972 0.055322142562801303 -0.008888836893976796 -0.054352385074931141 0.021126471598618819 -0.040454246126362385 -0.027200169033694852 0.00070121871144322322 0.050784660619680455 0.011024525998299218 0.053565105495856705 -0.018727618246415039 0.083369360538920398 0.053357858590640246 0.0036500837675565844 0.22458872189959483 -0.018206579544050722 0.010366720067169141 -0.00088872423397835061 0.0022966008988574566 0.0099222595208276095 -0.037688515179975957 -0.02271655621444035 0.016742101457015105 1.7069714238763567e-05 0.039277578169335289 -0.042387241904450382 0.00041001939489305187 -0.011054599742537894 -0.019411980212479717 0.11312366637797673 -0.018255279090921145 0.052182036508302762 0.028402973938369797 0.013158727869825193 -0.019997278425731218 -0.022548128399041904 0.0041858242620568011 0.0044346801882753934 -0.025886825236208635 -0.0034826926946096297 0.021459082947000298 0.041892750589641169 0.017044659893766963 -0.014555096052692586 0.052680275094366145 -0.02891412778369953 -0.0082432304874934335 -0.013490000588184127 0.1616596031982408 -0.0055878059836742631 0.011072570352623663 0.044714312487733061 0.10695550557201441 -0.0054652727883697828 0.024766042956454699 -0.007491734759466775 -0.031532768308811597 -0.017233478244941865 0.0016963074669308809 -0.044038486602460084 0.019776018939976527 -0.012164840395807798 0.068847058241212053 0.23399873585643119 0.059098387420970004 -0.039904529378229275 -0.029747352407184284 0.023832269771579151 0.13224407860264606 -0.023579589376562581 -0.0061187910801600263 0.034816648737648101 0.049387934334604006 0.025010880488942823 0.13840499344711482 0.037125115203412287 0.020792366094599973 0.062486676571133187 0.15796635129324949 0.040335826042606292 0.11987557177221668 0.14041383167470523 0.011489123927885116 0.047486944488946192 -0.030291573049384537 -0.014059095822738048 0.10256661270987558 0.055014072313257022 0.15042062651418417 0.13305230448125402 -0.028572534382981084 0.025744026680127985 0.0028164089586667118 -0.032088324927499863 -0.0064451197802364284 0.034150108167681992 -0.012233234379176996 0.052628983875481108 0.049921679560048671 0.020653325691789109 0.057175148706959028 0.028965409365966557 0.11146680500257747 -0.025781370693347069 -0.046545577480822761 0.044926611673437471 0.070309135772927689 -0.0012477631848828313 0.013514719786812644 0.118250263497478 0.033099034736640442 0.043656787659445674 0.13146187640586615 0.13109065779768714 0.015042555011213581 0.11194987600844765 -0.046497781136603848 0.073961663753571522 0.061943176597511855 0.019405805445320345 0.027534185808960762 0.12451189439972879 0.051954998782456914 0.077193145223532572 0.016842555013631834 -0.026898594334603395 0.01140617953169845 -0.0054051230389075321 0.055003492676027159 0.037183377388355983 -0.037585534237212358 0.08137148727643348 -0.0095697879790180677 0.042140114960903356 0.12781904821436843 0.16186464462352018 0.18459239277816408 0.096750154005248931 0.0097503577044376257 -0.048802470208027783 0.07544971191670817 0.023340950691658237 0.0097811188911316252 0.010376801137611771 -0.018859056184613074 0.079258583297562399 0.081288959836168337
leaf_weight=321.93669535219669 545.47172513604164 327.30752950906754 440.6988884806633 350.08323819935322 190.57285822927952 153.75133295357227 188.67848055064678 221.69661515951157 434.8024754524231 757.18594744801521 508.27123329043388 731.81344853341579 110.87143035233021 136.97626204788685 843.767673432827 101.06712119281292 84.802358254790306 373.31750920414925 325.77511125802994 6.997283235192298 607.2162392437458 129.55038739740849 178.50059607625008 350.38123190402985 183.90340308845043 1120.8056651204824 26.135552361607552 162.31336757540703 247.93264581263065 290.84032315015793 347.64149154722691 269.89275507628918 153.12054990231991 168.42475616931915 205.3979090154171 1010.4724683910608 812.21790365874767 321.33413575589657 399.66760729253292 1281.9477712959051 173.29480993747711 422.96124009788036 127.18151192367077 73.919007152318954 190.50660760700703 11.679553806781767 148.00252492725849 104.0527056157589 399.93385723233223 211.25055149197578 185.09443867206573 1273.2816805243492 416.11960093677044 360.52835030853748 317.23039352893829 393.79576195776463 136.9195558577776 102.30340445041656 159.29523000121117 563.47540080547333 149.36533309519291 126.17998653650284 100.83183921873569 105.61207135021687 571.59376642107964 626.03029261529446 2233.215435475111 870.80478318035603 308.46935993432999 1521.9608178585768 291.66667665541172 192.10533380508423 268.40132980048656 98.055778205394745 488.030856102705 139.09151563048363 866.32311999797821 438.62685194611549 200.36143961548805 7.6817380189895621 682.84297996759415 292.04156811535358 363.16410622000694 35.18292036652565 51.948304176330566 332.84175437688828 85.170971930027008 405.11669658124447 46.081724315881729 156.70162166655064 2381.6714300960302 159.67879296839237 399.08793298900127 600.45172020792961 8.9259085208177584 58.22873443365097 41.133419811725616 378.87721672654152 284.02462729811668 27.748401328921318 959.32779443264008 1265.3826923966408 176.40242965519428 103.85221660137177 62.879158928990364 45.207007825374603 183.16682371497154 292.55397365987301 38.628368213772774 30.941825777292252 206.64060936868191 42.757456675171852 14.670647934079168 110.44950830936432 142.8358536362648 30.680753856897354 270.54503652453423 22.646973043680191 524.74888309836388 23.893553987145424 35.948067858815193 489.90201602876186 42.731978043913841 70.64478562772274 1548.2983852624893 23.528245002031326 212.21875442564487 37.439178109169006 308.66961520910263 560.843276694417 711.90019175410271 227.48929570615292 15.566171020269392 53.222913920879364 8.1350941807031614 26.049468278884888 98.026940226554871 25.466586634516716 507.23347796499729 274.15148060023785 23.836949691176414 956.96366037428379 106.7283253967762 24.044559001922607 23.29177288711071 326.94434452056885 71.067719668149948 17.793727204203606 138.78415074944496 180.92228376865387 287.53448617458344 486.92550566792488 8.6562031805515272 161.30740028619766 37.222310438752174 350.35294038057327 1004.456952303648 90.012187883257866 393.57341341674328 182.26701200008392 167.65017113089561 502.80264030396938 68.608135923743248 271.80745263397694 96.222658932209015 113.3968084603548 15.784779921174048 9.7681608349084836 61.895553529262543 59.397902697324753 982.62629263103008 41.810868889093399 137.77947308123112 256.02585591375828 188.1887483894825 843.01905466616154 9.519450902938841 210.67439198493958
leaf_count=2102 3057 1738 2720 2156 1089 853 983 1117 2688 5283 2910 3913 554 715 6498 600 507 2064 1729 38 3360 770 1219 2125 1069 7401 129 871 1394 1517 2053 1514 806 1134 1209 6585 4661 1785 2064 6827 986 2620 614 357 1015 59 766 523 2364 1307 1106 8835 2695 1954 1655 2031 844 637 948 3335 735 703 502 677 3332 4086 14548 5453 2026 10372 1774 998 1409 568 2906 700 5387 2473 1241 40 4081 1716 1882 177 291 1851 467 2457 245 812 17053 920 2200 2914 49 322 217 2138 1466 143 5817 7635 911 561 330 234 957 1456 187 150 1179 232 82 626 813 192 1647 134 2617 129 174 3244 229 365 10311 142 1120 184 1511 2804 4076 1156 88 263 39 156 497 127 3144 1431 122 4971 565 121 121 1882 330 99 682 937 1515 2715 47 872 190 1845 6324 494 2508 907 875 3173 335 1458 518 543 75 50 309 425 7400 227 809 1419 1088 5016 53 1048
internal_value=-0.000475735 0.0126634 -0.0200934 -0.0014707 -0.0114103 0.0252672 0.0206352 -0.00641394 -0.033189 -0.0185622 -0.00882998 0.030428 0.048651 0.024856 -0.0369414 -0.00438245 0.0108042 0.0126929 0.0262972 0.00739241 0.00230747 0.00448789 -0.0319512 -0.0217264 0.0184818 -0.0161152 0.0434455 0.0538167 0.0279334 0.0408073 -0.00867601 0.0221115 0.0166079 -0.0129061 0.0146932 -0.0227264 -0.00786887 0.0153621 0.0248347 0.0222006 -0.00243564 0.00907107 0.035694 0.0337025 0.0293412 0.0651287 0.0149401 0.0333675 0.00435988 -0.00718674 -0.0269339 -0.0341461 -0.0327343 0.0145922 0.0179562 0.065161 -0.00454003 -0.0169953 0.0228979 -0.0047432 0.0635966 -0.0146079 0.0885707 -0.0123678 0.0222616 -0.0195592 -0.0159818 -0.00599416 -0.0279056 -0.0207806 -0.0300083 0.0229737 0.0276474 0.00272345 -0.00389088 0.0521001 -0.0154872 0.0199447 -0.0112098 0.0101882 0.00387573 -0.0126341 0.025331 0.019446 0.0135627 0.00621274 0.0464768 -0.0233148 0.00763635 0.0335696 -0.0418446 -0.00803698 0.0015943 0.0594657 0.0376532 0.0490756 -0.00495283 -0.0144478 0.00767606 0.0603647 -0.0172206 -0.014823 0.0468224 0.0543527 0.0680962 0.0838096 0.0187256 0.036144 0.0456088 0.10499 0.0393953 0.0521454 0.0400233 0.00672003 0.00958791 0.0337322 0.00626587 -0.00514785 0.0486663 0.0857034 0.0767355 -0.0193707 0.0538403 0.0428764 -0.0374851 0.0470449 0.0129541 0.0563853 0.0456124 0.0407653 0.0149657 0.0418156 0.0970164 0.0514578 0.093267 0.0220976 0.0157263 -0.000930661 0.00967788 0.0271343 0.046479 0.0285303 0.0228416 0.0643088 0.0643762 0.00350143 0.0820909 0.0334474 0.0474282 0.0244941 0.0375728 0.017216 -0.00300839 0.0401483 0.02806 0.0108782 -0.0218639 0.021019 0.00630247 0.0378626 0.0252044 -0.0317763 0.0443337 0.0035359 0.0850602 0.0973094 0.0784594 0.0705965 0.0635282 -0.0527804 -0.0458394 0.0257518 0.00147418 0.0130508 -0.0204872 -0.0136058 0.154337 0.0719256
internal_weight=56325 33732.4 22592.7 15900.9 13585.1 17831.5 13767.5 12748.5 9007.57 9369.96 11782 6177.15 1446.43 4730.72 7871.61 8940.27 1968.24 7590.33 2128.12 5462.21 4378.37 4215.16 5985.82 8422.03 3152.38 5594.81 1453.88 1066.01 1083.84 4064.02 6972.03 1478.32 3276.84 5258.97 1208.43 2841.77 2463.65 1914.72 2469.99 2545.03 3071.27 1327.53 3172.72 3045.54 2554.45 805.541 387.87 1263.08 1713.06 1135.96 2491.69 5663.88 2827.22 1493.48 505.909 940.519 682.391 4228.49 1143.89 1136.93 793.862 1856.43 250.197 521.732 744.889 4850.86 3730.05 1496.84 3103.71 1830.43 2306.6 966.436 733.861 825.496 693.429 543.665 4060.06 2070.32 1743.74 333.457 1030.48 3454.96 1559.47 1196.31 984.724 771.469 551.887 489.919 361.734 2227.14 2560.17 582.64 759.616 891.292 132.067 272.695 1044.22 652.729 531.957 359.988 1297.47 3162.91 211.585 332.24 235.23 172.351 634.276 2070.44 922.967 69.5702 382.93 281.862 239.105 273.852 573.45 173.517 446.271 316.72 628.802 82.1223 199.084 701.153 634.647 400.404 2305.48 46.1752 676.132 491.096 346.109 853.397 871.195 381.241 34.0115 329.759 61.358 576.132 260.47 162.443 947.932 481.155 207.004 1147.47 191.899 163.136 127.144 510.848 144.987 224.434 532.58 1276.72 468.457 808.26 638 213.256 147.672 391.486 1296.12 97.0095 743.955 344.58 213.732 605.106 290.305 463.913 407.939 297.068 183.671 167.886 158.118 1885.79 1042.02 550.082 338.141 264.682 1897.53 1031.21 18.4454 253.406
internal_count=336807 187705 149102 93806 85933 93899 73339 76433 63169 60951 71405 32019 7400 24619 55930 53460 11543 41320 11285 30035 24222 24982 41607 55087 17373 36121 7423 5408 5813 20560 41917 8579 17196 31920 7065 17945 13740 10482 13472 13283 18418 7858 16129 15515 13133 4069 2015 6456 9997 7239 15789 39505 18966 7999 2638 4762 3901 25786 6564 6704 4010 10380 1237 3372 4318 31488 24087 9539 21233 12398 14683 5028 3845 4873 4115 2773 24652 11408 10560 1769 6134 20842 8457 6575 5487 4324 2953 2964 1886 11395 18272 3540 4154 4431 758 1540 5719 3657 2860 1921 7867 19126 1088 1778 1246 916 3316 10583 4597 337 2192 1592 1360 1519 3369 1005 2693 1923 3140 451 995 4551 3286 2076 15594 276 3576 2382 1695 4260 5024 2009 190 1711 302 3293 1339 842 5864 2510 1079 5986 1032 821 682 2951 687 1278 2713 6952 2452 4500 3530 1163 816 2062 8098 532 4633 1778 1120 3810 1452 2456 2049 1495 952 877 827 14323 7825 3137 2050 1466 11491 6104 102 1277
cat_boundaries=0 11 22 34 46 57 68 79 90 101 112 122 133 144 155 166 177 189 200 212 222 233 244 256 267 277 287 298 310 320 330 341 352 363 375 386 397 408 419 430 441 452 463 473 484 495 506 517 527 538 549 560 571 580 591 602 613 622 632 641 650 662
cat_threshold=270532610 150999040 25165824 131074 536881216 1073742080 1048640 2155905025 1076887552 528640 269025344 0 4199424 16777218 33685504 335544320 0 64 8651264 1073741824 655360 268435456 84017280 1048592 25165824 1048832 538050560 4224 134217792 8257 100663296 34734208 8389632 88 1048708 41943044 2097152 16384 0 537976840 2147483680 269352960 134283264 1080172544 4198405 64 268435456 5120 423624706 2147483648 603979776 671170560 64 2147483650 2102296 538444232 589824 540672 6146 8388865 42991872 605030400 33570880 0 8650753 4096 538444096 268435460 134234114 7372800 66048 8945920 536873216 1077936256 2156134528 512 0 2105344 16843264 1048580 16778240 4512 2048 67108864 134284328 33554560 5144576 4097 1207960066 4718849 2244609 2048 2 128 67108864 671088640 2182086656 163843 10489883 1074136320 4195328 268435456 4194308 17152 33556490 5124 12582976 67108864 2165309960 1091567776 6553856 2147483648 1048576 5120 262144 8 0 131072 64 2048 24 320 9437184 0 407109792 2056 0 131112 9961472 2165839875 134217736 263168 256 67764224 544 1342230531 545259776 128 0 1028 16778248 46137368 537919560 512 69206016 2097152 128 2147483660 8196 197632 46137472 4229120 5155 1207960576 2155872324 268451845 33554464 2101248 2048 1073741856 73896 67109008 16914498 1140850712 541065216 524288 131072 16777216 134218112 131072 268435456 134217768 0 135168 2 134217984 256 285212672 0 21238016 131200 4096 16392 1572864 2054 1024 33554432 2148139584 8 147456 1207959556 32 1 14592 134218760 41943040 4327426 137 536872192 4784129 17825792 1098909700 4225 2048 4100 1073742848 34603136 1576963 1053712 1207960576 4 8 8388608 0 419430400 33554432 67108864 131112 1048640 8388608 8 1048960 9437184 4096 268697600 33685512 536870912 131072 0 8388610 8 538181632 65536 16384 2166358016 33 2147745796 2684354816 671154176 8912896 514 5120 256 272630080 2215641088 9437184 288 1064968 268435584 134217728 167772672 4724736 135266320 2362624 8388609 8 1048576 4194304 32 33554432 67108864 536870912 8388672 8388608 8 1610874880 268435456 9437184 0 419430528 33554432 67108864 536870912 1048576 2155872257 128 1572864 1048576 0 268435584 33685512 0 671088640 0 1 16 262400 9437184 16777216 268697600 0 0 671219744 1572864 2147485697 2097176 1611661568 524288 65536 33558528 21237760 2228356 67108896 671088640 1049600 4884737 25 1108344832 512 8 8388608 2048 134217728 33554440 0 541065216 8913152 2048 134218768 1088 8388608 16781312 134217856 131072 0 134348832 1048640 2147483649 9 1073742080 0 1140850688 8650784 8 12292 65576 34079232 16781314 1073741864 10 12714240 1048576 16777216 256 0 0 1024 524288 4198400 134217729 134217728 524288 131072 2048 134218144 33554560 0 132128 0 2 1032 262210 8388864 0 2048 134217856 4 4 131072 33554432 4198656 5121 134217728 0 8 268435458 16781312 8388608 0 8256 0 1048640 8388609 1073741824 4096 524352 0 2048 262144 33554440 67108864 134348800 8388608 0 0 134217728 256 0 4096 285212672 131080 0 131072 0 8390656 8 0 524288 268632320 0 1064960 537001994 160 256 134217728 2 8388608 131080 268435456 8388608 0 406847616 8 0 131072 9961472 1054721 1025 1075053056 524544 4 39845888 268435488 262144 268435456 134348800 8388608 2164824576 1154 1073873928 4194561 1048576 25165824 419430560 33554574 268435456 675283968 524800 1048577 134218752 263488 261 276824064 0 268697888 0 0 134217728 0 4096 16 768 1 268435456 0 262145 0 0 536870944 0 528384 136314880 256 272105472 0 0 2147483656 2048 32 0 8388610 2097160 4096 268500992 0 4195328 16777216 131072 0 32 1048640 2147483649 1073741840 536870912 589824 0 4198400 32 0 0 0 320 264201 1207959552 536870912 524288 9437184 16778240 138412288 0 268443648 134217760 41943040 2147485696 134217728 1312000 256 17825792 4198400 262272 0 2048 0 0 32768 1073741824 536870912 8388608 0 402653312 0 0 32 0 4097 134217728 0 256 0 1024 151257472 33685504 0 1056 524288 4096 134218752 64 1 8388608 0 406847744 0 0 32 8388608 2151811072 8 262400 524288 8388608 0 272892160 8 2048 134217760 0 2151680000 9 537133570 8912896 0 1024 402653184 0 0 671088640 64 2147483648 8 268435456 16777216 0 0 0 0 0 8388608 0 256 524288 131072 83889152 0 0 268443648 134414336 33554688 1966081 135266312 64 268435716 0 4096 268435456 33554440 0 4194304 1573120 9443328 134217728 262464 4 1048576 0 402653184 0 0 134217728 0 0 16 0 2048 32 33554436 67108868 138412032 384 4096 0 134217728 8388608 8389632 134217728 0 0 671088640 0 0 16 0 0 0 2048 0 0 8388608 8388608 8 0 2048 288 33818624 335544320 65536 42598400 2 16777216 0 8388608 8
is_linear=0
shrinkage=0.08


Tree=8
num_leaves=179
num_cat=81
split_feature=4 18 18 5 2 5 18 2 2 1 2 0 4 2 1 18 1 8 2 2 2 1 8 8 8 1 2 8 18 8 7 2 2 1 1 1 1 5 2 2 2 12 2 7 8 8 1 2 2 1 1 2 2 1 0 8 1 18 2 2 1 7 2 8 10 5 7 4 2 1 12 1 7 0 8 1 11 2 1 11 0 2 2 1 2 8 8 1 12 5 8 7 10 1 1 1 0 7 1 1 8 8 12 8 2 8 10 2 8 2 2 2 8 8 2 18 8 18 2 8 5 8 2 2 12 10 5 1 10 8 11 8 7 2 12 2 8 8 12 1 0 7 8 5 2 18 18 17 18 10 1 11 7 12 8 8 2 10 2 7 11 8 3 8 2 1 1 1 17 8 1 12 18 8 17 17 12 11
split_gain=1934.9 536.399 505.706 267.1 232.848 195.023 159.698 127.459 127.385 108.875 105.507 87.783 85.7463 71.5392 70.0331 70.6609 67.7809 66.9167 74.4476 62.988 59.414 54.7175 53.7535 56.6582 53.5553 52.9707 45.8194 45.3223 44.7063 43.2685 42.5804 44.4837 42.1021 41.8733 40.4629 39.8541 38.9502 41.9106 40.1913 38.5318 36.7626 35.8693 35.4999 34.9301 52.3038 34.8321 34.3605 34.1398 32.3305 32.2218 32.1 31.9689 31.8866 31.431 28.7753 28.7259 28.8323 28.6422 27.4679 27.0831 26.8634 26.4998 40.1827 31.258 26.3217 26.1573 26.0951 25.9689 25.3588 25.276 24.8522 24.6082 36.4951 24.0765 23.9773 30.3403 23.4124 23.0362 22.7449 22.6311 22.3725 22.3227 22.118 33.1582 22.011 21.9084 37.4423 21.5369 21.0319 21.0027 20.8044 24.3587 20.8658 20.5065 20.2922 20.1236 20.0177 21.4629 19.626 18.9683 18.9443 23.2821 19.9446 18.8045 18.7371 18.5984 18.542 18.4726 18.3035 19.7006 18.8815 18.2603 18.1765 41.8713 18.1703 17.9326 17.9321 17.7873 17.7708 17.7494 17.6448 17.4693 20.5279 17.4129 17.2408 17.0692 16.3751 16.242 16.0913 15.9218 15.8889 15.8452 26.9936 16.1272 15.617 15.5728 15.3546 20.8996 15.2351 15.1135 15.1045 15.0053 15.727 14.9222 19.3414 14.8139 14.8119 14.6591 14.507 14.503 14.4851 14.4535 15.4578 14.1264 14.113 26.8496 17.5048 13.9807 13.886 13.7087 15.5392 15.3974 14.3532 13.6797 14.9013 15.1791 13.654 13.3681 15.5007 13.713 13.355 13.3221 16.2663 13.281 13.176 13.175 16.066 13.2265
threshold=15.500000000000002 0.20516976714134219 0.23512599617242816 550.50000000000011 0 580.50000000000011 0.25460879504680639 1 2 3 4 5 1.5000000000000002 6 7 0.17335557192564013 8 17.500000000000004 9 10 11 12 16.500000000000004 3.5000000000000004 29.500000000000004 13 14 14.500000000000002 0.32049898803234106 16.500000000000004 1.0000000180025095e-35 15 16 17 18 19 20 405.50000000000006 21 22 23 928.50000000000011 24 1.0000000180025095e-35 3.5000000000000004 4.5000000000000009 25 26 27 28 29 30 31 32 33 29.500000000000004 34 0.11920035630464555 35 36 37 1.0000000180025095e-35 38 3.5000000000000004 101.50000000000001 400.50000000000006 1.0000000180025095e-35 17.500000000000004 39 40 408.50000000000006 41 1.0000000180025095e-35 42 3.5000000000000004 43 5.6639328002929696 44 45 4.8600699901580819 46 47 48 49 50 29.500000000000004 27.500000000000004 51 540.50000000000011 815.50000000000011 6.5000000000000009 1.0000000180025095e-35 121.50000000000001 52 53 54 55 1.0000000180025095e-35 56 57 29.500000000000004 27.500000000000004 259.50000000000006 3.5000000000000004 58 21.500000000000004 123.50000000000001 59 5.5000000000000009 60 61 62 29.500000000000004 26.500000000000004 63 0.22790057212114337 2.5000000000000004 0.11920035630464555 64 3.5000000000000004 970.50000000000011 4.5000000000000009 65 66 55.500000000000007 237.50000000000003 745.50000000000011 67 237.50000000000003 27.500000000000004 7.6763305664062509 4.5000000000000009 1.0000000180025095e-35 68 348.50000000000006 69 3.5000000000000004 5.5000000000000009 932.50000000000011 70 71 1.0000000180025095e-35 3.5000000000000004 660.50000000000011 72 0.31863057613372808 0.18191070854663852 0.025063810870051387 0.35456316173076635 298.50000000000006 73 5.2445242404937753 1.0000000180025095e-35 222.50000000000003 9.5000000000000018 11.500000000000002 74 353.50000000000006 75 1.0000000180025095e-35 6.8232116699218759 26.500000000000004 14.500000000000002 7.5000000000000009 76 77 78 79 0.0038504170952364807 16.500000000000004 80 99.500000000000014 0.1590288653969765 29.500000000000004 0.051414344459772117 0.039138922467827804 935.50000000000011 6.0763761997222909
decision_type=2 2 2 2 9 2 2 9 9 9 9 9 2 9 9 2 9 2 9 9 9 9 2 2 2 9 9 2 2 2 2 9 9 9 9 9 9 2 9 9 9 2 9 2 2 2 9 9 9 9 9 9 9 9 9 2 9 2 9 9 9 2 9 2 2 2 2 2 9 9 2 9 2 9 2 9 2 9 9 2 9 9 9 9 9 2 2 9 2 2 2 2 2 9 9 9 9 2 9 9 2 2 2 2 9 2 2 9 2 9 9 9 2 2 9 2 2 2 9 2 2 2 9 9 2 2 2 9 2 2 2 2 2 9 2 9 2 2 2 9 9 2 2 2 9 2 2 2 2 2 9 2 2 2 2 2 9 2 9 2 2 2 2 2 9 9 9 9 2 2 9 2 2 2 2 2 2 2
left_child=2 4 3 11 27 9 7 49 74 40 25 42 54 96 -14 117 57 18 53 -17 141 111 23 26 60 80 66 50 33 34 41 103 126 58 119 -31 135 93 150 -20 148 47 -1 70 79 -46 84 139 151 -3 -2 -48 -47 -8 -10 73 -57 -12 -22 100 88 62 -52 171 167 -42 69 -43 -59 -9 94 -28 -73 -34 115 -76 158 -36 -27 -45 -6 -72 83 -66 -25 86 87 -29 134 -60 91 92 -55 -38 -41 -40 97 129 -84 -26 101 -37 -103 -32 -62 -78 -104 -30 110 -110 -15 -13 113 120 -65 -5 -81 -16 -67 -21 -80 -96 -123 -33 -87 -44 -19 -119 -68 -11 -70 132 133 -79 153 -23 -93 145 -112 -18 -111 -7 -143 -129 -145 -138 -95 -92 157 -58 -39 -35 -153 -24 -105 -156 -157 -4 -49 160 162 -161 -89 164 -122 -166 -160 -51 -169 -170 -64 172 -63 -107 -94 176 -154 -178
right_child=1 6 5 8 10 20 17 22 12 13 16 21 14 108 15 19 30 32 39 29 28 36 24 46 99 78 71 85 107 35 31 123 55 48 77 59 37 38 95 43 65 67 125 44 45 52 51 76 -50 64 61 -53 -54 90 -56 56 149 68 89 -61 104 63 170 114 82 118 128 -69 130 -71 81 72 -74 -75 75 -77 105 131 112 116 -82 -83 98 -85 -86 124 -88 159 -90 -91 147 136 174 146 121 -97 -98 -99 -100 -101 -102 102 106 154 -106 173 -108 -109 109 140 138 -113 -114 -115 -116 -117 -118 127 -120 -121 163 122 -124 -125 -126 -127 -128 143 -130 -131 -132 -133 -134 -135 -136 -137 137 -139 -140 -141 -142 142 -144 144 -146 -147 -148 -149 -150 -151 -152 152 175 -155 155 156 -158 -159 166 161 -162 -163 -164 -165 165 -167 -168 168 169 -171 -172 -173 -174 -175 -176 -177 177 -179
leaf_value=-0.0061604797231312059 -0.0023744523575603702 0.0021381050146330387 -0.014214800502651568 0.023130208618126539 0.006467186710307599 -0.019845558405459335 0.0041084337052453785 0.049657271592839454 -0.0060940348235562197 -0.01017935992623906 -0.048537647688988945 -0.049579333761510587 0.012199277411160231 0.018676155232921387 -0.049303189104557062 -0.029683575987283738 -0.0075002128226078959 -0.051670726937975212 0.0028004097131021149 0.022104957374847297 0.034832611706559415 0.046181202930016298 0.040136223424117511 0.002341568596467706 -0.028389670569563187 -0.013892114205926617 -0.015673949128592213 -0.006756404810429311 0.010323909629368863 0.029528038267288094 0.049186543016412926 -0.036143903902120224 0.012439471821522172 0.0075690578757499696 0.00075446969777125074 0.014966037434461435 -0.0020270459392189859 -0.016451989353379902 -0.0041100768182141837 -0.010372644379448496 -0.05340728804679748 -0.025046291178253823 -0.05299444697393603 0.029863819030316711 -0.036902997925421357 0.0032467395184146985 -0.025614330816616505 -0.0060724943617395024 -0.0034426828961130781 0.01572455701935719 -0.0032936758781104722 0.0078687083134779019 0.043955461707035064 0.068192976408038966 0.032388934339103871 0.082380657636515212 0.0088136564299318657 0.0093819581075967693 0.00357372225375456 -0.018231451345689438 -0.007730191290639188 0.023814578971651085 0.0092008741971506443 0.0020110677376917866 0.0035139658832615823 -0.046468532954479225 0.078284440860493215 0.036026525277850996 -0.024885485546015593 0.0068692896156791463 0.01140650478584504 0.00044363679628230888 0.055895350126209449 0.053922811214391742 0.016311872714119918 -0.01079810408972922 -0.010668213101920898 0.0032374305342450882 -0.0082367740338773077 0.06586622391721815 0.030535638580150338 0.03537479554802668 0.030875601088279678 0.046252164718747074 -0.024294254536168812 -0.042944937226260908 0.089268332999314207 -0.012489527941161212 0.10277140190913431 0.04191023577936874 0.02431113870239475 0.093611350854980596 0.032637508925189247 -0.046268090533431921 0.031787247471056095 -0.027385069352189557 0.029202435288542335 0.032465857591007057 0.014172206198070364 0.011727889477780844 -0.02081585696479836 0.020260546070085508 0.25063045575728193 -0.00071776983491885979 0.030673752991197942 0.04948463256998735 0.080923673408798288 0.047412749754337853 -0.0016090858362529869 -0.042010904667316926 -0.019476639052257442 -0.032430711042349208 -0.0309392752012204 0.076749748053033987 0.038651015902907593 0.09758614910327823 0.11710509986664525 -0.037825999600284724 -0.020082920430166403 -0.0061889713521229434 0.046979192634394637 -0.0081484966457208673 0.02479203198596526 -0.0013881627360674447 0.023027437985584088 -0.023987773778646304 0.068361052056329016 -0.036512051064744699 0.012839943572050894 0.053204475930999577 0.023841226101132543 -0.027048220454462341 0.0083550282564599197 -0.028164894232389194 0.02404185555559267 -0.0021916616885121263 0.0077477029045710877 0.11058160197283275 0.022319958749053237 0.01802416680186392 -0.015982916887571468 0.052772788929548328 -0.0050602666336298239 -0.031551142288221139 -0.0064789134994682421 0.079683782480311896 -0.029946139829299844 0.045694101296642593 0.099543845711453263 -0.081703515428579315 0.010243443751047264 0.017619585194831328 0.027879508527641705 0.10286680817749495 0.10062241481897578 -0.0025168144348987928 0.039598784943939952 0.028885600919069585 -0.0050442947779876244 0.054141070782650146 0.077334517766385016 0.14556620877377177 0.034386553643520924 0.00091848979148070106 -0.0080559937237832408 0.026805848038494947 -0.029798038843582841 -0.04397227151242955 0.044749390933319644 0.073810737951064173 0.032114548252173893 0.050404254501078036 0.13246904863449166 -0.0054305189975987767 0.096097388820125293 0.12110144931446339 0.16461291818431581 0.026713930574416313
leaf_weight=138.546605668962 544.07874400913715 296.83299218118191 286.36691828072071 284.13454282283783 413.50767983496189 412.58357533812523 140.1736789047718 148.23758897185326 228.1686354726553 321.4901297390461 255.1630237698555 793.16306697577238 429.50232197344303 210.31480312347412 339.10624739527702 1632.1810023337603 298.50602839887142 7.3518731594085684 555.92946261167526 203.58651022613049 695.78219324350357 44.295917525887489 48.032023265957832 302.0135834813118 118.85420379042625 552.11417730152607 247.13992255926132 72.740147560834885 139.15497398376465 264.37521018087864 135.71109355986118 103.37436825037003 136.84939102828503 524.60189661383629 325.04693001508713 159.22396560013294 122.33950793743134 191.68121913820505 296.60327426344156 215.76610524952412 338.5403159186244 60.14443401992321 1783.8650331944227 74.500884607434273 51.063091054558754 188.90879249572754 197.38226206600666 293.13564708828926 1150.0347612798214 126.74054938554764 532.07857701182365 1528.849631652236 410.56165596842766 186.75007826089859 263.42457960546017 25.113195955753326 234.98926927149296 171.81536354124546 474.6598237901926 444.70802168548107 100.64944365620613 12.261323899030684 267.52995024621487 172.53772056102753 155.2395126670599 239.05100385844707 117.74105107784271 171.78254009783268 1323.0986156314611 227.51963970065117 395.96909153461456 254.88031314313412 108.18563371896744 484.59401333332062 529.89971424639225 508.33573463559151 657.35617819428444 134.5122055709362 445.55601242184639 145.85638758540154 686.2059046626091 850.44210831820965 859.1191795617342 649.23701439797878 589.32920484244823 29.935747295618057 97.157080471515656 50.917190626263618 55.392354488372803 113.26713877916336 346.87461468577385 137.48340132832527 394.56301644444466 716.58313542604446 316.89541111886501 1649.8591326475143 425.79497489333153 134.17300519347191 1081.9375918507576 173.65718795359135 71.63461109995842 14.335697144269945 6.7975529283285168 200.59328146278858 439.61869230866432 61.654479056596756 10.496983528137205 361.36756080389023 344.97103019803762 235.88573336601257 285.16351838409901 1323.5843115448952 83.723378971219063 53.57645171880722 181.27636857330799 22.310390770435333 62.511557206511497 926.45850662887096 703.58711610734463 468.15842363238335 102.33362390100956 252.24224174022675 218.33634425699711 514.40935291349888 164.88601878285408 140.08774510025978 572.52450659871101 357.73371382057667 30.226968005299568 27.513302430510521 44.244634315371513 1599.0041295737028 253.40542832016945 539.77877353131771 95.769762322306633 199.83529344946146 53.269931152462959 30.052001461386681 69.375148996710777 278.94642104208469 460.9956886023283 39.356609463691711 127.60576535761356 334.96887066960335 500.61992017924786 27.907380759716034 707.26791126281023 502.67534387111664 8.36048676073551 11.879399761557577 356.4807400777936 310.90802478790283 94.18990071117878 44.104259684681892 28.527511909604073 131.96514369547367 116.1697831004858 57.88356576859951 185.01410683989525 136.42557963728905 43.483770608901978 12.894146889448164 233.30243195593357 394.21329735219479 138.44238595664501 173.86828374862671 1063.0808964967728 11.038622751832007 437.07675451040268 136.42769750952721 557.66342961788177 119.11968445777893 31.484568193554878 51.897553727030754 22.098166257143021 14.987849369645117 11.090524643659593 7.4430874884128562
leaf_count=984 3038 1562 1885 1700 2478 2420 697 791 1381 1993 1798 5865 2663 1341 2415 10630 1821 40 2878 1232 3838 291 244 1707 649 3220 1327 397 731 1621 778 607 668 2942 2062 978 873 1334 2029 1144 2438 357 13739 350 253 941 1090 1755 6649 654 3024 8350 2015 912 1357 122 1167 1042 2741 2802 534 67 1473 927 793 1658 594 985 8314 1257 2022 1419 559 2321 3167 3078 4048 850 2640 691 3740 4291 4483 3267 3364 170 495 283 289 584 1744 633 1962 5348 1606 11544 2546 814 5788 945 439 85 41 1182 2293 359 63 1880 2214 1538 1810 9385 495 285 961 123 280 6223 4676 2889 569 1315 1147 3031 902 1048 2732 2479 158 170 274 10170 1555 3403 514 1345 262 139 415 1628 2892 213 721 2209 3221 133 5023 2453 51 62 2371 1726 510 231 165 770 657 361 1151 708 245 63 1237 2247 803 995 6611 58 2255 680 2991 620 165 319 107 79 58 37
internal_value=-0.000416756 0.0144122 -0.0153214 -0.0225136 0.00202236 0.00078309 0.0242778 0.0169472 -0.0142054 -0.0117113 -0.0044982 -0.0331656 -0.0174544 -0.00120552 -0.0192469 -0.0208099 -0.0105253 0.0331952 0.0291916 -0.0162365 0.0123633 -0.0283712 0.00828781 0.00378378 0.0240667 0.00766841 0.018721 0.0203567 0.0158943 -0.0112626 -0.00510027 0.00748978 0.0483603 0.012646 -0.0154092 0.00365934 -0.0230122 -0.0249048 -0.0185519 0.0224902 -0.0277106 -0.0100806 -0.0476773 0.0259095 0.0390014 0.0265121 -0.00268711 -0.0125102 0.0056182 0.0279874 0.0148534 0.0039144 0.0319151 0.0424425 0.0150628 0.0359639 0.0146813 -0.0235827 0.0239844 -0.00633983 0.0349709 0.0197624 0.0139979 0.0352866 0.0301945 -0.0340669 0.035781 0.0201879 -0.0195982 0.0252556 0.0205924 0.00343532 0.0165147 0.0458563 0.00882991 0.00309158 -0.0168137 -0.0195326 -0.000298315 0.0677192 0.0216257 0.028136 0.0267282 0.0381497 -0.0153436 0.036407 0.0434896 0.035396 0.0571058 0.0107775 0.0455577 0.0546585 0.0459714 -0.0353153 0.0112197 -0.0238776 0.0166225 0.00516839 0.0216858 -0.00514333 0.0137365 0.0274259 0.0900911 0.0225443 0.0235088 -0.00550364 0.147871 0.0382558 -0.011332 -0.0176896 0.00019394 -0.0390598 0.00515533 0.00750563 0.021934 0.0285578 0.0812494 -0.0322904 -0.0274812 0.00235156 0.00454684 0.0170513 0.00748919 -0.00768807 0.0128864 -0.0506196 0.0657042 -0.0295683 0.0649195 -0.00517939 -0.0231392 -0.0221351 -0.0139048 -0.0222703 0.046672 0.00806036 0.0757286 0.05361 -0.0109872 0.00492684 -0.0252638 -0.0114593 0.00857762 -0.02265 -0.0169855 0.0324937 -0.037895 0.0369642 -0.00431229 0.00427748 0.000780789 0.0163605 0.0272473 0.0701826 0.0154387 0.0271519 0.0186967 -0.00696629 -0.0225798 0.0411037 0.0328067 0.0620571 0.0259885 0.0115887 0.0217325 0.0115822 -0.026198 0.0439974 0.0490191 0.0516653 0.0248854 0.064287 0.102043 0.0243903 0.0360083 0.0506781 0.0412917 0.109335
internal_weight=56027.9 28085.3 27942.6 19316.1 12449.9 8626.5 15635.4 8581.23 10851.9 4149.47 9190.13 8464.19 9507.23 2515.68 9015.64 8586.13 6146.59 7054.13 5580.83 6127.25 4477.03 6401.69 4827.58 3751.51 1076.08 3043.54 1133.93 3259.77 3897.49 4495.06 4352.27 1230.75 1473.3 3396.97 3523.49 971.572 4284.95 4040.81 2494.62 3738.98 1633.79 3121.52 2062.5 3183.05 933.402 650.534 2617.57 2889.59 2113.26 3753.65 2418.03 1726.23 599.47 1841.85 491.593 893.425 271.982 1794.32 1283.71 707.197 783.567 1873.95 1357.27 516.68 3456.82 1281.18 523.725 231.927 1539.16 375.757 2249.65 610.206 363.066 621.443 1344.68 1038.24 2312.14 2851.75 1943.83 282.869 1099.71 1246.41 2745.53 804.477 891.343 841.742 646.92 549.763 243.298 587.927 1701.67 852.124 603.411 1546.19 1003.24 1946.46 908.971 483.176 1941.06 292.511 262.489 190.854 31.6302 612.967 540.268 770.908 17.2945 500.523 1606.71 1041.85 564.853 2116.75 1391.71 1307.99 353.814 306.445 208.368 2458.89 942.638 671.745 1254.41 787.474 470.579 617.784 194.822 1923.95 579.876 2119.78 147.968 349.003 1367.34 2526.7 927.696 674.291 187.906 244.131 248.713 111.229 354.539 577.452 696.881 579.546 166.962 1193.32 835.589 81.1773 1423.85 849.55 352.611 246.869 548.162 963.221 438.619 92.1363 477.256 276.662 248.135 344.25 1541.23 477.023 327.703 149.32 284.22 808.858 414.644 312.311 1248.1 711.284 584.543 573.504 825.193 162.866 43.7459 113.552 416.661 127.711 112.724 18.5336
internal_count=335778 153832 181946 130015 72890 51931 80942 45855 68836 26802 55124 61179 60768 15733 58030 55367 37652 35087 27975 38820 25129 45408 26315 20616 5699 17472 6105 17766 21775 28190 26224 7190 7112 19164 22161 6029 30158 28522 17278 18933 11069 19034 15771 16055 4530 3209 14511 17692 12001 19540 13266 9440 2956 9042 2738 4340 1351 11428 7163 4408 4105 10228 7488 2740 17978 8772 2800 1342 9630 2048 11525 3305 1978 2989 8068 6245 14243 18040 11254 1321 6218 6313 14331 4060 5071 4500 3428 2933 1278 3325 8345 4148 2981 11244 5212 13573 5523 2977 10271 1594 1606 1167 189 3552 2827 4726 104 2611 10210 6644 3566 15250 8034 7539 1888 1823 971 16547 6334 4121 7254 4068 2462 3638 1072 14787 2772 14132 752 2163 8588 15978 5808 4253 989 1636 1167 534 2225 3449 4430 3354 934 7909 5430 395 10371 4197 2297 1229 3705 5352 2410 475 2774 1592 1427 2246 9517 2536 1765 771 1520 4614 2367 1798 7762 3647 2993 2935 4464 852 232 678 2069 684 605 95
cat_boundaries=0 11 22 34 45 55 56 67 78 89 101 112 124 135 146 158 169 179 190 202 212 223 235 246 257 268 279 290 301 312 323 335 346 357 358 365 376 387 398 409 421 431 441 442 453 464 476 477 488 496 508 519 529 541 552 562 563 574 585 595 604 615 626 636 646 657 668 679 690 701 709 720 721 731 742 753 764 774 785 796 805 816
cat_threshold=2097152 2103296 289423360 131074 268435584 1073742080 9438272 2155905025 3145728 2147488008 269090880 268451844 4096 423890944 33685504 335544320 268435488 9437760 25559042 8 1310784 8388865 655361 1073741988 65536 1048834 1048584 0 134217792 8453 100663296 537928000 655876 80 524288 136315904 150994944 33685504 67108864 8 5242944 2147748353 1073741824 1836352 524288 75563011 150995968 1216348289 671350788 2048 134218784 0 1056 46137392 1573888 4128 1572864 1024 33 34865160 603982080 1088 524352 9961482 1 538317824 2147549248 2147483650 128 294944 1310720 1051652 8388672 2214592544 1048832 4196482 2228232 197120 8388612 41943040 268435488 10485760 67108864 138413056 524416 36865 1208025089 1745227008 12582916 1048576 5120 16777216 33685504 536872960 134348800 8388608 2160069121 0 656384 272629761 8 1048580 58720256 2130336 2048 10240 1064 42074240 21501952 5121 1073742336 2151677952 2228224 2052 4194432 2281701380 0 296 2147485184 5284352 1082130433 134611016 13107200 8 0 6148 134217889 0 67108864 671154208 35127296 1 0 1745880640 4718657 2147483652 25166848 4225 0 301989920 134218784 134742016 17305600 143654913 672137728 4718913 1048576 8390656 32 2056 0 671285248 0 1050625 1073742864 1778385408 4718596 8 2416967680 4 256 33570824 8192 537067528 656256 6146 1073742856 134348864 8388865 9437184 1024 268435488 33554440 0 1056 9437248 2155872259 134218760 786432 17301504 2098176 268697634 34734080 603981824 537002016 1048848 262146 1207960592 538443840 524288 4 4100 0 35653646 268443680 541066240 33554944 2151811586 1073745920 128 2420113408 16 8388608 16777216 4194688 0 67108864 541065216 524288 266240 1 1074004288 2 4227072 1073816064 579338240 134220160 8405120 0 2 16777248 2097152 66048 131072 25167872 262400 33554688 2483032068 146800640 9437440 16779264 134217744 542113792 1029 8 203554816 3223324672 4259968 3072 256 33554688 105121280 16809992 134217760 134218240 68 269484032 37748736 262176 33554432 603990016 536940808 524288 16809984 1 1310720 268959808 67125248 0 0 33554432 0 9216 131072 9439233 10 1966144 8388672 1048576 16777216 134480000 33816584 2048 135266344 1048576 16779264 0 537133056 1536 0 75497504 262178 3162240 1610612736 4358144 33685904 6 69640 262272 65536 276824064 33558528 16777217 33816704 335544324 82944 9961472 2156005377 135266304 536875776 1089 17825796 33554464 134217731 536871168 2048 81920 4195328 12288 136314880 1610613760 65792 16384 2048 266272 2099328 67117060 1073741920 655872 5246979 4120 262658 4194304 67108864 1048576 0 2048 10240 0 131200 526848 1026 1073741832 272629824 8 8388608 4194304 268435713 0 0 536870912 524288 0 2098201 262400 256 2113536 16778240 3 0 0 536875040 0 2147483650 1073742848 0 16777280 3082 0 0 0 33554432 0 0 64 286261248 4096 419430656 33687552 67108864 537006080 336 8650752 1048 1611661312 1024 8388608 1024 17039361 33554432 335544320 134348800 1572864 2156920834 0 262144 256 0 0 138412032 0 0 134217728 9437184 2048 16 262144 524288 2097152 2048 272629760 0 128 1073741824 9437184 0 2097152 4104 655424 131072 128 294976 35651584 67122208 64 201326724 0 0 2097216 0 8 8388608 0 4194304 131072 0 134348800 0 8390656 16 256 0 0 155189248 8 67108864 134348800 8388672 8388608 0 262144 8206 1048576 16778240 406847872 0 0 537001984 9437184 135168 134217728 1313024 260 16777344 1048576 16385 9191552 67244036 4227456 0 131072 16777216 134479872 8389632 8388608 4194304 17039360 33554568 8396804 536936456 33554432 269485312 69276680 33688832 0 72 2059 276824068 8388608 4097 134217728 335552512 1096 1048592 2 8392720 1611661386 25165824 4 0 16777216 131072 0 0 8388672 8388608 0 83886080 16777248 8 4096 131136 1048576 2560 1073741848 0 0 8 0 16778240 0 0 0 132104 33554560 5773824 136315921 131338 4194304 0 0 268435456 0 268435456 536870912 1048576 2048 16 134217984 0 0 1048576 0 0 32768 1536 3584 1082130440 131072 0 16 0 0 0 8 0 0 1048896 4096 0 536870976 524288 0 1049600 16386 133128 2147483684 64 67240064 528384 69206016 33554432 10541 8388608 16781312 20971520 12 0 671088640 1048640 2147485696 1073741848 0 524288 0 0 272629760 131072 0 134348800 0 8390656 8 262144 524288 0 0 32 0 0 671089672 0 2048 1024 1107296256 1064960 136318976 150994944 0 0 537001984 0 8914947 2097152 268435456 54525952 285475072 4 0 131112 42991616 0 32 1076363776 268435457 0 4096 134217728 0 0 671088672 0 2049 1048 1073742144 256 1048576 0 134217856 131072 0 671088680 0 262145 0 1073741824 0 6144 268435456 0 268435456 0 0 8388608 1048576 256 8388608 16778240 128 0 0 131072 8388608 131072 24 134349568 257 0 16777216 268435456 8 0 536936448 1048640 0 146 537919488 524544 4 32 262144 2176 0 0 33554432 4456448 134217728 2 4 0 2048 268435457 18432 0 1749024768 128 4098 134217745 1208222208 4194308 0 0 0 33554440 0 536870912 0 2147483648 1048592 2 257 0 0 0 131080 0 0 0 8388608 1179648 16777216 134217728 0 4 536870944 0 2048 1048576 1048576 524288 6916 0 16778240 272629888 0 0 131112 0 395264 17 1208221696 9437188 1024 268435456 131072 0 5242888 256 1310720 134217744 0 4 269484032 0 0 0 0 537001984 0 2048 1024 131072 8388864 2147500032 16 256 33554440 0 128 512 4327680 1275068416 37748800 2147483648 0 0 0 0 0 134217728 0 0 0 1048576 1048576 0 134217984 131072 0 0 1048576 32768 0 262144 8388608 131072 0 19136768 131084 2147496068 0 33554960 131074 1024 2 1 0 4194304 0 4 256 537011232 8388608 0 16 0 4 385 33554440 0 65536 1048576 524288 8388609 1746010176 8388868
is_linear=0
shrinkage=0.08


Tree=9
num_leaves=179
num_cat=46
split_feature=20 5 5 20 5 6 20 1 20 6 1 1 20 1 19 1 6 1 1 19 6 1 6 1 14 1 14 1 20 6 1 1 6 20 6 6 3 1 1 6 12 1 14 1 1 5 1 1 1 6 1 20 4 12 14 1 12 6 20 6 1 12 12 6 1 1 14 12 13 1 12 14 1 6 6 4 14 1 13 1 6 1 6 1 17 6 1 4 1 6 5 1 5 1 4 5 1 12 17 13 19 1 19 12 17 19 14 3 5 20 1 20 14 1 1 5 19 12 17 12 12 5 14 14 20 12 12 12 12 12 17 19 19 4 4 14 5 12 21 12 19 14 14 21 4 12 1 12 12 1 12 12 21 5 1 17 21 3 5 14 14 13 12 21 12 14 17 13 14 5 1 21 4 12 14 14 1 17
split_gain=1866.7 594.862 397.05 235.221 166.872 157.658 145.491 120.148 96.2627 96.0846 85.1066 70.3948 64.1908 62.61 62.4581 61.8415 58.3702 48.8062 46.2817 46.0294 45.1474 44.4662 44.2644 45.6268 41.1419 40.0984 39.3512 42.6475 36.5175 34.4114 34.2169 33.9341 32.7795 32.4223 32.1683 47.7657 31.9864 31.5048 30.7666 30.2436 29.9424 29.3788 27.1611 25.5035 24.8026 24.6256 24.5783 23.8545 22.6159 22.3539 21.2325 20.7182 20.1955 19.3318 19.0063 23.2353 18.8049 18.4704 18.3619 18.1865 18.1111 17.9993 29.3825 17.8792 17.1542 16.9199 16.8517 16.6405 16.4794 16.3455 20.9433 16.2331 17.3052 16.0308 15.9986 15.5553 19.3262 22.5216 15.4024 15.3048 15.242 23.856 15.3599 18.9824 15.2337 15.1676 20.5442 14.4395 20.3281 14.3833 14.3473 14.2699 14.2435 14.1514 14.1263 14.0768 14.0365 16.7232 13.9475 13.8171 14.0514 13.7597 13.5474 13.5142 15.0252 13.2765 13.2675 13.2302 17.3343 14.5459 13.8852 13.5217 13.2299 13.1883 13.0901 13.1728 13.0497 13.0511 12.9726 12.9151 24.0764 12.5792 13.7203 12.4816 12.4092 12.391 33.4801 14.5704 39.5008 14.0201 12.3438 12.2908 12.2543 14.7932 12.2273 13.9994 12.188 12.0903 12.083 11.9934 11.8361 11.8256 11.8069 11.8018 11.8012 12.2057 12.1717 17.7683 15.3069 11.7583 11.7158 15.8139 11.8377 11.6957 13.9042 12.3622 11.6236 13.929 14.1944 11.9274 11.5741 12.2271 12.959 11.5626 11.5492 14.3756 11.4858 11.3995 11.3408 11.3357 11.0925 11.0617 11.0266 10.9428 13.4723 10.9226 10.8739 10.8468
threshold=0.20166517794132235 845.50000000000011 620.50000000000011 0.28630696237087255 525.50000000000011 6.5000000000000009 0.15756735950708392 0 0.27460913360118872 4.5000000000000009 1 2 0.13519240915775302 3 0.013084831647574903 4 4.5000000000000009 5 6 0.013168499339371921 6.5000000000000009 7 1.5000000000000002 8 17.500000000000004 9 15.500000000000002 10 0.34500949084758764 1.5000000000000002 11 12 3.5000000000000004 0.097815230488777175 3.5000000000000004 1.5000000000000002 6.5000000000000009 13 14 4.5000000000000009 1017.5000000000001 15 87.500000000000014 16 17 965.50000000000011 18 19 20 4.5000000000000009 21 0.27460913360118872 16.500000000000004 553.50000000000011 36.500000000000007 22 911.50000000000011 5.5000000000000009 0.41388119757175451 1.5000000000000002 23 408.50000000000006 168.50000000000003 6.5000000000000009 24 25 10.500000000000002 277.50000000000006 4.5000000000000009 26 346.50000000000006 4.5000000000000009 27 1.5000000000000002 3.5000000000000004 16.500000000000004 24.500000000000004 28 10.500000000000002 29 1.5000000000000002 30 5.5000000000000009 31 0.015309816226363184 1.5000000000000002 32 19.500000000000004 33 1.5000000000000002 600.50000000000011 34 455.50000000000006 35 9.5000000000000018 980.50000000000011 36 232.50000000000003 0.034458935260772712 89.500000000000014 0.0070601447951048621 37 0.0087727773934602755 911.50000000000011 0.0071961341891437778 0.040566017851233489 66.500000000000014 3.5000000000000004 390.50000000000006 0.31964175403118139 38 0.20792191475629809 65.500000000000014 39 40 965.50000000000011 0.013100949581712486 325.50000000000006 0.033934045583009727 268.50000000000006 212.50000000000003 370.50000000000006 11.500000000000002 12.500000000000002 0.3407010436058045 749.50000000000011 757.50000000000011 808.50000000000011 793.50000000000011 649.50000000000011 0.0096822171472013014 0.0042699375189840802 0.029055689461529258 17.500000000000004 16.500000000000004 81.500000000000014 690.50000000000011 275.50000000000006 0.047373574227094657 159.50000000000003 0.013084831647574903 3.5000000000000004 66.500000000000014 0.013895813375711443 12.500000000000002 388.50000000000006 41 911.50000000000011 932.50000000000011 42 168.50000000000003 262.50000000000006 0.03018311690539122 975.50000000000011 43 0.0044749157968908557 0.013649939559400083 13.500000000000002 1165.5000000000002 31.500000000000004 25.500000000000004 14.500000000000002 813.50000000000011 0.05649142153561116 388.50000000000006 26.500000000000004 0.035975996404886253 88.500000000000014 74.500000000000014 530.50000000000011 44 0.026266157627105716 7.5000000000000009 410.50000000000006 33.500000000000007 1.5000000000000002 45 0.046516109257936485
decision_type=2 2 2 2 2 2 2 9 2 2 9 9 2 9 2 9 2 9 9 2 2 9 2 9 2 9 2 9 2 2 9 9 2 2 2 2 2 9 9 2 2 9 2 9 9 2 9 9 9 2 9 2 2 2 2 9 2 2 2 2 9 2 2 2 9 9 2 2 2 9 2 2 9 2 2 2 2 9 2 9 2 9 2 9 2 2 9 2 9 2 2 9 2 9 2 2 9 2 2 2 2 9 2 2 2 2 2 2 2 2 9 2 2 9 9 2 2 2 2 2 2 2 2 2 2 2 2 2 2 2 2 2 2 2 2 2 2 2 2 2 2 2 2 2 2 2 9 2 2 9 2 2 2 2 9 2 2 2 2 2 2 2 2 2 2 2 2 2 2 2 9 2 2 2 2 2 9 2
left_child=2 4 12 5 10 11 13 68 16 17 116 32 80 -4 36 134 22 45 -16 54 26 164 23 -9 34 90 27 150 49 48 105 53 47 -15 35 176 -14 139 -18 85 65 92 50 -28 132 118 102 89 -19 60 51 74 79 -7 67 -56 -46 59 153 91 66 62 177 107 94 -37 -10 -12 -6 -38 -71 149 -73 -30 106 -48 -77 156 98 -39 81 -1 -82 -84 -55 86 -35 88 138 141 112 -43 -20 -89 -61 -22 97 -27 -66 100 -58 173 160 104 -34 -21 -26 -32 -109 110 111 -110 -24 -59 -33 -116 117 -2 -8 120 -51 -118 130 -99 175 129 -127 128 -128 -91 -123 -47 133 -41 -11 -136 -134 -53 -52 -17 -105 -3 -113 -44 145 -40 147 -146 -149 -36 -5 152 -152 154 -45 -155 -78 -158 159 -159 -31 -162 -163 -115 172 -166 -74 -96 -50 -72 -87 -68 -13 -54 -175 -121 -23 -49
right_child=1 3 6 20 7 31 9 8 28 15 19 21 14 33 18 37 38 29 41 30 95 24 25 -25 42 96 43 -29 73 46 63 114 103 39 71 40 69 52 144 44 -42 57 143 58 56 131 75 61 168 119 87 137 101 84 55 -57 99 113 -60 64 -62 -63 -64 -65 78 -67 171 -69 -70 70 169 72 166 -75 -76 76 77 -79 -80 -81 82 -83 83 -85 -86 170 -88 93 -90 125 -92 -93 -94 -95 167 -97 -98 123 -100 -101 -102 -103 -104 140 -106 -107 -108 108 109 -111 -112 142 -114 163 115 -117 121 -119 -120 124 -122 122 -124 -125 -126 126 127 -129 -130 -131 -132 -133 136 -135 135 -137 -138 -139 -140 -141 -142 -143 -144 -145 146 -147 -148 148 -150 -151 151 -153 -154 155 -156 -157 157 158 -160 -161 161 162 -164 -165 165 -167 -168 -169 -170 -171 -172 -173 -174 174 -176 -177 -178 -179
leaf_value=0.0083500326939029822 0.0023887984322559863 -0.011915930866761067 0.0033960183359710008 0.064082071940515448 -0.03592018375949714 0.053305894134193794 -0.0084791322996081546 -0.022069661438511145 0.0036830555601468223 0.012548898034786737 -0.049348047107076333 -0.060849343911208893 -0.050731031003883258 -0.05734050253840714 0.014924748025708588 -0.02534269716780408 0.022563368809076306 0.011590851333493864 -0.04157910416874519 -0.031362478944665505 0.03253207822537324 -0.0068652830945499996 -0.027341730779222806 0.020847423661026036 -0.0068364466735936604 -0.041386184181900668 0.0085684498857880893 0.0068174092529580711 0.089081380236009741 -0.0031363295945018915 0.060497147171474357 0.00062946306130804363 0.0056949180529419843 0.0076155433486528191 -0.012942734791222878 -0.020742526678157455 0.001866870226100372 0.016337677322517515 -0.016159520253003632 -0.013371650709610515 0.10216085832035589 0.019882359964279953 0.025141302153142104 0.043042343886134704 -0.025496231901540229 0.13134017113129923 -0.02997278318329407 0.040498207881782884 -0.013063759226808372 0.025081318566729856 0.00039882886725205814 0.020356169503199531 -0.01329183033745023 -0.008548063379437849 0.018702741848044893 -0.029793883037916351 -0.0087686733824179318 0.0064815974672203982 0.070188384527982636 -0.027486398411322263 0.0006980031212852891 0.062814117517870513 0.0019980171936699303 0.016886626355856981 -0.047699507871862376 -0.0023199696022495444 0.044083516599249084 -0.0271436781638719 -0.01350245256407075 -0.04069947242597069 -0.031906409904698785 -0.0011481749428036226 0.023124116567154993 0.039645928586133666 0.011189231257577432 -0.023606554297605397 0.0050127681274196 -0.016241265232519966 -0.022526808228901657 -0.0082621024806921756 -0.048384456296955605 -0.037239537666130695 -0.0012446575941372643 -0.039295662361907888 0.037401093699234673 -0.0051287379838476158 -0.028020308585879172 0.0099449799994135411 0.02151044922134001 -0.0076668114147719485 0.020127087047172299 -0.014477870852268869 -0.024817209431958118 0.031096158504217986 0.012998595262736326 0.056013080904926273 -0.0078990672531951012 -0.02862896160062943 -0.013839185504462852 -0.069085738599391655 0.096944266738624288 0.016498054099713541 -0.015253649036683255 0.068359763337993096 0.032558449398860184 -0.0049654731184098416 -0.054903965737093011 -0.02443444600039717 -0.059352566945438411 0.040066710676863078 -0.010238320765044266 0.025896476765713335 0.094563301023273635 -0.017110953171939038 0.012792959235588861 0.033066646014466079 -0.0079104418205395745 -0.064065876192713325 0.031364848573564599 -0.0039267826108318402 -0.037742955243137602 0.08535107444606449 0.031048528080104509 -0.0069175670534721671 -0.038144511563301134 0.16753914335279427 -0.040393074727532854 -0.013282716024364229 0.10093515448371745 -0.064734327074201209 -0.0014352173576416868 0.022711871763568862 0.13079396526005577 0.016184072133403293 0.027847405829000173 0.13533582664908511 0.018942046867035458 0.089143364778507789 0.059710914138812674 -0.0036458128666621613 0.019280916730962262 0.027162158458320606 0.12794157876580819 0.086169447170812999 -0.012085682703310374 0.0085972858262393717 0.014660413104352741 0.12451088926261683 0.014770326678038102 0.0081236510171496194 0.014003182189462926 0.031372446496627335 -0.067456656011590801 0.10515778950580545 0.017346122707164971 0.041448336319247721 -0.047784689121396606 0.033661335325769412 -0.02412225642587057 0.12177279553744859 -0.002247031533155077 0.087939836960453419 -0.0069245892544191421 0.067176189348087278 -0.0059512867226801571 0.031490142976960719 -0.014038511277999826 -0.089304351273911495 0.035336700960352498 -0.013603711917246382 -0.036232954763706172 0.011943277762547657 -0.012681545638966714 0.0052334115370753801 0.072004753822365444 0.040680981960213629 0.017225332202339589 0.13772726245283826
leaf_weight=98.285186722874641 61.562299214303493 63.36786912381649 568.03521706163883 66.599858656525612 266.36061643064022 698.21326942741871 430.54443873465061 196.84006986021996 198.32448430359364 518.11032332479954 457.96108468621969 32.17196723818779 690.93493621051311 192.04325240105391 223.948377430439 374.8175124078989 1047.5226206928492 452.6319070905447 592.4837950617075 654.69840949773788 211.77530883252621 144.14046204090118 72.385520368814468 694.52435506880283 308.14892362058163 212.43069590628147 198.56102766096592 702.21513006091118 49.160535573959351 318.61503908038139 17.197962030768394 139.44982859492302 153.42695544660091 143.69423915445805 215.19708147644997 733.45273959636688 101.88677172362804 186.87405389547348 284.1045076996088 357.83296351134777 14.640987828373907 93.573652222752571 34.181417733430862 273.59268592298031 885.36420099437237 6.7925681173801413 1064.3486283272505 183.7392103523016 720.21235264837742 221.11415807902813 605.1912407130003 45.745651662349701 225.31319986283779 54.104377701878548 87.342298895120621 184.85736884176731 13.896854132413862 295.01460864394903 125.04666545987129 123.62296254187822 568.29805848002434 79.020015448331833 230.82830689847469 199.00588135421276 386.40558558702469 578.76173593103886 208.72109326720238 409.06442234665155 989.42595712840557 952.05688530951738 473.87956081330776 285.60951963067055 1077.6387768685818 287.64314247667789 376.63452555239201 810.03062281012535 79.105079382658005 238.87531310319901 741.40549629926682 916.49624210596085 1466.3234051838517 295.16213000565767 108.6656396985054 606.73513524979353 314.85828323662281 95.282815784215927 359.88695915788412 310.04262882471085 875.45491018891335 278.09255085885525 344.88361877202988 305.55088982731104 717.56911104917526 826.12147584557533 155.08257827162743 717.08711388707161 1118.7241439670324 286.04981271922588 97.530087105929852 7.2962964773178092 19.082817539572716 856.57132430374622 592.75011514127254 109.53064799308777 1013.8889259397984 149.8646979033947 41.705824598670006 366.93855614215136 10.655069321393965 46.532328650355339 625.84234145283699 68.142293877899647 6.1618019491434088 460.87735725194216 275.43161669373512 803.84984198212624 125.01362829655409 27.277404069900513 59.505183666944504 37.856132581830025 47.389434933662415 11.118231132626532 303.66264449059963 415.78735803067684 14.251983627676962 8.6065630316734296 22.3456901460886 94.500144734978676 29.138598024845123 30.560172781348228 179.09101361781359 306.49416102468967 7.9960727244615546 155.44722662866116 609.68490843474865 7.8333438485860816 28.070639252662659 25.445393860340118 22.787506639957428 288.5983629077673 44.143608242273331 227.24750761687756 8.1018446832895261 49.933996886014938 259.15135125815868 231.1195182800293 800.74125838279724 11.127765774726866 30.101399347186089 682.85243178904057 32.866469815373421 1364.9645300656557 17.466708570718765 19.710751116275787 358.25924210250378 1665.2565073370934 7.7151634246110907 16.18484853208065 8.8840936273336393 25.119656220078468 38.788619488477707 30.628672763705254 13.173798605799673 10.634936347603796 281.80713844299316 85.529933705925941 55.977486699819565 7.2760843932628623 32.354089081287384 398.93951471149921 1317.7438054159284 102.06530174612999 551.30258238315582 187.61886571347713 21.539475232362747 487.24745109677315 670.28963820636272 7.6311255544424048
leaf_count=744 405 347 3462 336 1636 3434 2625 1183 1087 3043 3503 200 5486 1442 1490 2270 5977 2684 4415 4596 1004 809 454 4083 1733 1327 1000 3648 249 1944 118 742 828 914 1205 4365 716 1142 1765 2328 74 658 181 1334 5815 39 6871 1010 4395 1194 3348 237 1273 277 607 1340 86 1996 558 872 3178 408 1209 1278 2769 3283 1149 2956 6118 6957 3444 1526 5720 1445 2009 4947 476 1435 5152 5652 11215 2273 829 4634 1563 630 2391 1647 4707 1503 2061 2101 4914 4351 1014 3298 6676 1781 668 44 107 4859 3724 552 5163 977 234 2486 74 266 3987 451 39 3182 1449 4106 809 177 348 203 257 68 1836 2503 72 52 136 546 174 185 1077 1708 52 910 3209 41 163 133 119 1734 243 1170 53 254 1479 1415 4531 63 173 3684 162 6677 85 102 1819 8070 49 92 50 145 240 183 77 71 1633 472 289 45 191 2664 8869 555 3109 1079 121 2584 3609 37
internal_value=-0.000181279 0.0120041 -0.0176791 0.0209211 -0.000922228 0.015253 -0.00893827 0.00485155 0.00836603 -0.00345226 -0.0146406 0.0114407 -0.0303181 -0.0214204 -0.026259 0.00557788 0.00311716 -0.0106613 -0.0202265 -0.0200246 0.0345092 0.00804881 -0.00391462 0.011356 0.0099996 -0.00945594 0.0313994 0.0234549 0.0226039 -0.0139198 -0.0131884 0.0344427 0.023079 -0.0252929 0.00490714 -0.00216186 -0.035963 -0.000375926 0.0119542 -0.0235524 -0.0115229 -0.0221828 0.0164757 0.0379707 -0.0149406 0.00746656 -0.0182392 0.01391 -0.00240812 0.0182688 0.0153763 0.00373732 0.00390879 0.0450561 -0.0330832 -0.0146397 -0.0228176 -0.0172018 0.0401619 -0.0214753 0.0107252 0.0272327 0.0212151 -0.00520367 -0.0254864 -0.0127931 0.0214819 -0.038873 -0.0181137 -0.0306667 -0.0323162 0.0114392 0.0167655 0.0468672 -0.0002524 -0.0228501 -0.0166499 -0.00165766 -0.0295334 -0.00402228 -0.0410814 -0.0265854 -0.0436953 -0.0340828 0.030663 -0.0301797 -0.0182571 0.0188081 0.0137353 0.00462887 0.0127973 -0.00628613 -0.0321531 0.0256858 -0.00687243 0.0506605 -0.0140846 -0.0214857 -0.0408764 0.0303849 0.0524243 0.0107172 -0.00749457 0.0319648 0.0290278 -0.0261212 -0.0125698 -0.00909417 -0.0101581 -0.00325814 -0.00608787 0.0223992 -0.0177537 -0.00677497 0.0245772 0.0276371 0.0104937 -0.0180268 -0.00363976 0.0283288 0.0139909 0.0147578 0.0204959 -0.0157672 0.0354656 -0.0040622 0.014424 0.0053721 0.0396039 -0.0133216 0.00364738 0.0250766 -0.00122992 -0.00442036 0.0214236 0.0292159 0.0438075 0.0449632 0.00251318 -0.0156684 0.0542666 0.018641 0.0367753 0.0613835 0.00490849 -0.00505421 0.0096147 -0.00418474 0.0444423 0.00302171 0.0310828 0.0297486 -0.0142831 0.0387139 0.0294295 0.042195 0.0232555 0.0521805 0.0675623 0.087285 0.00378227 0.0304659 0.0594203 -0.0148909 -0.00825728 0.00276792 0.0211026 0.00840189 -0.0108379 -0.0235414 -0.0344284 0.03353 -0.0153397 -0.00103606 0.0121168 0.0374651 0.0130888 0.0443914
internal_weight=56031.3 33029.6 23001.7 19546.1 13483.4 13792.7 13597.9 9489.51 8233.73 9446.21 3993.93 11506.8 9403.84 4151.67 6828.67 4193.46 6011.66 5252.75 4210.98 3286.2 5753.4 8930.77 3347.79 891.364 7979.95 2456.42 4824.54 2184.11 2222.07 4449.42 2146.98 2285.91 2576.07 3583.64 4458.56 2141.29 2617.7 3057.83 2663.87 3391.59 1326.86 3987.03 3521.39 2640.43 1474.99 803.336 3244.22 1255.08 1205.2 1885.27 3437.28 797.68 2394.41 1067.18 1139.23 272.2 925.64 2676.97 2441.87 1910.45 1077.41 501.219 422.199 1342.42 1511.32 1312.21 509.111 867.026 1255.79 1926.76 1824.88 2317.28 1419.23 336.804 726.489 2250.26 1185.91 375.884 1225.34 1103.37 2575.17 393.447 2181.72 715.401 368.963 1916.61 503.581 2639.6 1503.43 753.859 423.431 399.125 1310.05 1136.16 285.982 928.862 2032.99 914.268 483.936 40.276 32.9797 1291.04 993.956 1320.99 1167.32 804.563 349.855 1143.41 1126.21 759.274 712.742 86.8992 78.5473 766.527 1218.73 1079.28 707.725 88.8397 490.05 807.859 268.504 618.886 493.872 701.837 539.356 463.244 154.591 145.984 51.4843 308.653 190.209 313.287 549.347 513.28 1135.63 617.518 36.0667 71.191 627.979 663.416 153.674 290.615 76.2441 84.1154 1616.35 515.224 1101.12 300.381 41.2292 898.05 1481.9 1415.3 50.3332 2316.82 631.852 1684.97 137.009 57.9038 50.1886 41.3045 401.206 82.5911 43.8025 471.512 950.812 367.337 1133.62 162.359 752.566 872.819 1413.03 310.786 583.475 434.472 209.158 525.104 814.43 191.37
internal_count=336627 184459 152168 102158 82301 74065 83859 55237 47483 56646 27064 62494 68309 27213 48614 24423 35510 32223 29347 22692 28093 48931 20107 5266 43517 14841 23791 10908 11973 27503 14286 11571 13563 23751 24564 12140 19267 18130 15403 22309 7722 27857 18953 12883 9505 4720 20233 6777 7270 10279 18518 4346 14126 5274 8406 1947 6052 18528 11883 13279 5969 2664 2256 8713 10520 7648 2791 6459 7754 13781 13065 12424 7535 1694 3976 14065 7194 2247 8589 6794 19695 3017 16678 5463 1840 12804 3305 14172 8174 4113 2554 2759 9329 5998 1931 4302 12287 5611 3437 237 193 7332 6168 6786 5991 5573 1967 7435 7317 4831 4565 578 493 5249 6297 5555 4372 582 2973 4310 1451 3790 2981 4284 2859 2596 908 856 310 1688 1145 1747 3453 3238 6293 3250 215 370 3467 4004 795 1517 504 435 9426 3180 6246 1715 236 4889 7260 6924 247 11325 3153 8172 812 336 287 237 2444 500 260 3253 5414 2105 6009 1059 4586 6108 9499 1704 3309 2473 1200 2787 4418 1047
cat_boundaries=0 12 23 35 46 57 68 79 91 102 113 123 135 146 158 169 180 191 203 215 227 238 249 260 270 281 292 301 312 323 333 344 355 366 377 387 398 409 420 430 441 452 462 472 481 491 502
cat_threshold=16384 16780292 129 16390 2415919104 0 9044608 21499904 8392704 134219264 2151679041 16 2228352 2147516416 327682 2282225674 536877056 20488 2424308224 8389312 32 14336 268435456 0 4144 155193602 570425344 268435712 8256 5242976 4751360 1209008128 537395200 285278208 8 285294592 4194304 4460546 393600 2052 131144 68157504 8949761 0 2097216 4194368 4 50335744 4194689 33816704 2048 0 9961536 2155878401 1073741962 4416 268959744 92274688 45090816 4194561 33554436 2052 17536 12582912 2155873280 1073741832 524288 8585280 2228484 1209040896 0 18432 2147483648 0 2214592512 131650 1048576 3254784136 8585728 0 34603008 32768 9191558 536870916 1614839808 128 1314816 94375936 1048584 4325892 16 8388608 8392704 134217984 8 67108864 1056 0 0 134217729 1610743872 260 524288 33554432 0 3408000 67117056 541065312 0 2147483648 1073741955 538312714 65540 269484032 4096 289406976 33685504 335544320 536870912 1048640 2156136448 0 262208 1064960 1090519040 163578241 33554433 0 65792 38797376 2147516417 1207959568 34734144 8912896 8 9437184 1024 272630144 33685504 268435456 131072 43515968 8392705 134218888 1048576 524545 67239936 3088 262176 2230272 67108868 65536 784 18350080 3150849 1207960576 2151678020 8 0 46137344 262144 33947904 2052 541201440 64 2156922881 135266305 1074004226 524292 16384 16781312 155193345 0 67117056 671089664 1048640 2147483649 134217728 3409152 524292 17317888 0 0 0 2048 536871168 0 524290 4097 671224640 65536 1179652 50332672 268435840 33554444 268435456 65536 42467328 17827840 1073745944 537002240 524292 8 131076 4198400 134217728 133248 1073750016 143654976 656 34816 8388624 136708104 2415919361 8 0 0 150995200 33554432 0 0 1048576 4194304 134217728 0 268500992 8 0 5120 402915488 133128 0 32 524352 1185794 1 64 524545 16859136 1082132480 0 3147776 6144 134366464 131584 16779778 1024 1107434560 1088 0 4194304 134217984 0 4 0 524288 0 17 262914 524288 0 4096 16781312 0 67108864 671219744 64 2156134403 1073741825 1315072 8388608 0 262176 0 0 1179656 528 8945664 8393760 0 268435456 1048576 16777216 128 0 67108864 134348832 8388608 131073 24 1074004224 524544 1048576 0 16384 2097152 0 65536 0 1050626 135267329 0 1024 262176 8 0 132096 8913152 0 1 1073741824 524544 0 1024 268435584 8 0 537002024 1048576 4099 1 1074790400 524288 276824064 0 0 12 0 1024 131072 262146 0 1180162 1048576 16781312 285475232 0 0 66592 0 8388609 0 0 524288 268435456 16781312 17039360 2097152 268435456 32 0 25696256 0 131136 4 9437184 16783360 268435456 8 268435456 1024 524288 0 16 134217984 524288 269484036 18874372 33 131080 8192 40 34078736 131072 9 262914 524288 1048576 1024 262400 131072 0 0 41943040 0 16 131072 268566528 0 128 131080 0 65544 0 2147614720 16 2 256 11534336 8392704 262144 33687552 0 134349832 1048896 1083401 135267352 128 268959744 276824064 0 268435456 8 268435456 4195328 0 262146 16 1442306 8388608 8388608 0 0 0 8192 134218752 0 17303552 2098176 256 276824064 0 128 33554444 536872960 40 8388608 12584960 1075838984 64 256 0 0 0 0 0 536870912 0 5507072 2097153 2 8388608 268435456 4096 150994944 2097160 0 8 33554432 2 2097160 131072 9437184 16778240 0 131072 67108864 40 8388608 0 8 1073741824 0 5120 402653216 33816584 0 134348800 64 8390657 134217728 0 33554432 16777216 12 0 16384 0 16777728 67108864 1048576 0 0 0 8 67108864 40 0 2048 9 134217984 1
is_linear=0
shrinkage=0.08


Tree=10
num_leaves=179
num_cat=54
split_feature=20 16 20 20 6 20 20 6 2 6 2 16 2 8 2 2 2 2 2 6 6 2 2 6 8 8 2 8 8 8 6 8 8 2 18 6 0 12 12 2 9 14 20 6 2 2 2 6 2 2 6 16 2 2 8 8 12 8 20 0 12 8 2 12 2 2 8 2 8 2 2 17 2 2 2 2 8 8 6 2 2 8 8 18 0 2 8 8 14 14 0 18 16 8 8 18 6 14 2 2 8 6 2 14 2 18 8 6 19 14 14 2 6 8 2 8 8 8 9 18 12 8 8 14 18 9 14 8 8 8 8 9 16 2 12 0 16 14 2 14 9 12 8 20 2 2 20 18 0 0 2 9 8 8 8 8 6 14 8 8 12 2 9 21 0 20 8 12 8 19 8 8 6 9 12 2 9 20
split_gain=1630.48 411.773 294.133 153.48 126.415 125.987 96.8923 91.5666 75.5129 66.4062 70.9554 65.8521 64.6066 58.7218 57.9397 54.9144 54.3789 48.492 46.3846 46.2518 45.5374 44.3621 43.7555 43.4561 43.2191 42.5933 40.4204 39.5684 62.0429 49.5713 44.7038 42.9101 39.0151 36.0627 34.2029 32.7543 31.468 30.8321 30.7035 39.5769 30.5369 30.2786 30.0916 29.9988 29.931 29.4292 29.1845 29.8195 29.1157 28.7181 28.6302 27.3913 30.0604 26.9457 26.5138 50.4487 32.0907 31.2386 26.164 26.1292 25.7347 25.0155 31.0717 24.7356 28.3212 24.4341 24.1354 33.56 26.4045 24.0662 23.9137 23.7312 23.3374 23.2051 22.8663 22.6884 21.7557 38.9226 21.6764 26.8533 25.2004 19.5866 20.6136 19.4761 19.3117 24.1375 19.0376 18.9351 18.904 18.797 18.7868 18.5916 20.8518 20.7169 36.8064 18.1884 20.3413 18.0746 33.5072 17.984 17.9697 23.9235 17.9247 17.502 19.4436 17.4259 16.8504 20.8554 16.7756 16.6862 16.542 16.3322 16.2632 16.1003 15.6836 15.5741 15.5643 20.917 20.28 15.8898 15.4909 15.4553 17.9093 15.256 15.2001 15.0656 15.0418 14.9371 14.9892 61.6069 31.9191 14.9325 14.8577 17.7738 14.8461 14.8171 14.7875 14.6091 14.4661 15.2362 14.4443 14.4265 14.7884 14.3752 16.3549 14.309 14.9781 14.1768 14.1763 14.1352 14.0634 14.0373 13.7297 18.4161 13.7273 21.415 35.9024 33.7389 16.4051 19.3966 21.1805 16.3412 13.9927 13.6562 13.6385 13.5413 13.4735 13.3677 14.7746 13.5058 13.3578 15.7087 24.485 14.6023 13.6932 13.3778 13.3468 16.4461
threshold=0.2053555250167847 0.25071306526660925 0.16372899711132052 0.26458323001861578 4.5000000000000009 0.31964175403118139 0.13147822767496112 4.5000000000000009 0 1.5000000000000002 1 0.17034964263439181 2 5.5000000000000009 3 4 5 6 7 6.5000000000000009 3.5000000000000004 8 9 1.5000000000000002 23.500000000000004 5.5000000000000009 10 3.5000000000000004 16.500000000000004 29.500000000000004 5.5000000000000009 2.5000000000000004 6.5000000000000009 11 0.27322846651077276 4.5000000000000009 12 867.50000000000011 536.50000000000011 13 541.50000000000011 68.500000000000014 0.25010783970355993 5.5000000000000009 14 15 16 6.5000000000000009 17 18 1.5000000000000002 0.16437995433807376 19 20 3.5000000000000004 1.5000000000000002 1001.5000000000001 5.5000000000000009 0.097815230488777175 21 950.50000000000011 16.500000000000004 22 510.50000000000006 23 24 3.5000000000000004 25 18.500000000000004 26 27 0.021909549832344059 28 29 30 31 27.500000000000004 29.500000000000004 1.5000000000000002 32 33 29.500000000000004 24.500000000000004 0.22605400532484057 34 35 18.500000000000004 16.500000000000004 10.500000000000002 97.500000000000014 36 0.19647783041000369 0.17034964263439181 17.500000000000004 29.500000000000004 0.16639711707830432 5.5000000000000009 19.500000000000004 37 38 1.5000000000000002 6.5000000000000009 39 21.500000000000004 40 0.21922815591096881 3.5000000000000004 5.5000000000000009 0.0072298308368772277 2.5000000000000004 32.500000000000007 41 6.5000000000000009 26.500000000000004 42 27.500000000000004 1.0000000180025095e-35 2.5000000000000004 485.00000000000006 0.22695041447877887 413.50000000000006 3.5000000000000004 4.5000000000000009 37.500000000000007 0.12781040370464328 814.50000000000011 21.500000000000004 29.500000000000004 9.5000000000000018 12.500000000000002 7.5000000000000009 1567.0000000000002 0.20221236348152163 43 1050.5000000000002 44 0.30146981775760656 28.500000000000004 45 89.500000000000014 1041.5000000000002 69.500000000000014 10.500000000000002 0.34500949084758764 46 47 0.18002583086490634 0.25141519308090216 48 49 50 2088.5000000000005 24.500000000000004 29.500000000000004 3.5000000000000004 1.5000000000000002 6.5000000000000009 49.500000000000007 17.500000000000004 29.500000000000004 634.50000000000011 51 1231.5000000000002 0.0065080968197435149 52 0.29572641849517828 29.500000000000004 410.50000000000006 17.500000000000004 0.040417155250906951 19.500000000000004 3.5000000000000004 5.5000000000000009 249.50000000000003 113.50000000000001 53 686.00000000000011 0.38001927733421331
decision_type=2 2 2 2 2 2 2 2 9 2 9 2 9 2 9 9 9 9 9 2 2 9 9 2 2 2 9 2 2 2 2 2 2 9 2 2 9 2 2 9 2 2 2 2 9 9 9 2 9 9 2 2 9 9 2 2 2 2 2 9 2 2 9 2 9 9 2 9 2 9 9 2 9 9 9 9 2 2 2 9 9 2 2 2 9 9 2 2 2 2 9 2 2 2 2 2 2 2 9 9 2 2 9 2 9 2 2 2 2 2 2 9 2 2 9 2 2 2 2 2 2 2 2 2 2 2 2 2 2 2 2 2 2 9 2 9 2 2 9 2 2 2 2 2 9 9 2 2 9 9 9 2 2 2 2 2 2 2 2 2 2 9 2 2 9 2 2 2 2 2 2 2 2 2 2 9 2 2
left_child=2 3 6 4 9 12 58 11 -9 13 164 111 24 70 170 109 89 154 -8 33 41 -16 -22 25 32 116 137 30 72 38 44 48 43 151 45 78 114 76 39 -30 65 51 73 50 -23 -18 -7 97 -32 -42 126 -12 -53 -27 55 -21 60 -56 -1 102 131 75 125 66 -65 -37 67 136 135 -61 -2 140 132 -35 -60 -25 84 -78 80 -80 -20 82 -70 -72 -28 147 -43 112 -54 91 -31 92 -5 106 115 -69 -97 98 -48 105 -50 -102 -44 104 -77 -59 107 -93 -51 -13 -76 -4 141 -40 -34 -95 -17 118 -118 -120 138 -49 -123 -67 -89 -63 -3 128 130 -130 -101 -57 -29 -134 -122 -68 -19 -15 -75 -140 -52 -47 -143 144 -36 -137 -147 -86 -126 -55 166 -14 -110 -154 155 -10 161 -158 -156 160 -160 -157 -163 -99 -11 -109 -26 -100 169 -169 171 172 173 -6 -172 -173 -94 -178
right_child=1 5 7 16 14 46 18 8 17 10 20 15 19 26 21 23 34 63 35 54 22 27 -24 61 150 53 37 28 29 90 31 -33 36 42 143 40 -38 -39 113 -41 49 86 59 -45 -46 87 47 121 100 108 71 52 88 149 57 56 -58 99 74 69 -62 62 -64 64 -66 123 68 95 81 -71 83 -73 -74 120 110 103 77 -79 79 -81 -82 -83 -84 -85 85 -87 -88 124 -90 -91 -92 93 176 94 -96 96 -98 163 167 127 101 -103 -104 -105 -106 -107 -108 165 152 -111 -112 -113 -114 -115 -116 -117 117 -119 119 -121 134 122 -124 -125 148 -127 -128 -129 129 -131 -132 -133 133 -135 -136 145 -138 -139 139 -141 -142 142 -144 -145 -146 146 -148 -149 -150 -151 -152 -153 153 -155 158 156 157 -159 159 -161 -162 162 -164 -165 -166 -167 -168 168 -170 -171 174 175 -174 -175 -176 -177 177 -179
leaf_value=-0.050939287095419873 0.001294969422769733 0.051596711905410444 0.0017721768056996828 -0.014424697795837237 0.10375521895728516 0.0030661062634334958 0.0084690489812533163 -0.02232190101787641 -0.0015746319973855658 0.018917281525733545 -0.041347670898896023 -0.060605969877973821 -0.0088657725589773063 -0.030235149445554856 -0.020810685914301748 0.010349085189277929 -0.0094499237242747624 0.034093049824119918 0.0026707665260507297 0.017670573995815682 0.0078615177012895943 0.031551661864670504 -0.017533970866413801 0.003136025077682094 0.059757968543704125 -0.018812176563313032 0.035192496436151958 -0.02063912395260957 0.040892609419224464 -0.03034144966120542 -0.0097488490372772876 0.063956177463060634 0.060362064254758895 -0.0053382915030373733 -0.009498357867410042 -0.0028807764332939791 -0.0014789775836645356 0.050388360398683114 0.044331170912009485 0.0013466638273622836 0.007253418407362675 -0.0024147824810482961 -0.0089733352342444891 0.067403441543105125 -0.015790035016263009 -0.018721599506711699 -0.0024949510860016485 0.089403504941284087 0.009262003461164639 -0.039277881119635476 0.071282385739581719 0.0025278123117509648 -0.034077395054032428 -0.01500949858355795 -0.015801543325358616 0.091936628184944955 0.21705314233721965 0.10240411291169371 -0.040366488173981273 -0.0011145544963821975 -0.063078553007037699 0.0066509997865032483 -0.0077247233717084142 0.024033174047202212 -0.0028984100506897863 -0.039471099767937126 -0.032332828111436465 -0.034321619374618986 -0.00071868916022893364 0.034676182033069568 0.024120498534070414 0.0077504350455680059 0.003552529711207801 0.019568811977283284 -0.02756244820301447 -0.041967986009377185 0.079132916141555223 -0.0096895664185889085 -0.0065122007317403455 -0.033449499504009619 -0.025476751557138716 -0.016478379459899599 0.036103811296690387 0.059599850187872332 0.0042284312161545642 -0.021674054291419834 0.063478294876792213 -0.090620213935213412 -0.017781775070838245 0.11002111883657006 0.0094944669351553906 0.025643447410023525 0.032945273585971116 0.050259103270210499 0.00611638175691878 -0.020474062914904355 0.016889330198624236 -0.020014175739239148 0.025496841658093836 0.055876925674079515 0.035004233613369393 0.10563438755407915 0.016997572319353078 -0.0086960667251737463 -0.017409330251011334 -0.014039457513157216 0.018007876349543678 0.090340329551362744 -0.015194350771257248 -0.021625465669539965 0.008566345172208811 -0.029149950901718569 0.023397193284088732 0.099879325340523128 0.021383976043492223 0.09675883238389521 0.0052182767856406281 0.033286387811919629 0.093401504437971017 0.23122394628022466 0.023448223047848448 -0.01800356363270884 0.057832128240226995 -0.013263874810488676 0.0039179938115567157 0.050326564145542686 0.12493121590595344 -0.0043630157082588271 0.12461288378167459 0.034313832996620962 -0.00092519793482598062 -0.0023456221807013557 0.016823987555956047 -0.012373899197021636 -0.058088754872116566 -0.02146566902094809 0.14817582200779811 -0.0045416885516632102 -6.0783544513049712e-05 0.064053302268323661 0.020841352644282267 0.010212618789820247 -0.011357747917757273 0.061116978359612724 0.030121773527572022 -0.017984691055809559 0.0019613620350180496 0.064269247422702097 0.03385863213520985 0.016950436161786139 0.077111483045344958 0.090291278014062476 0.04177858367779979 -0.018944243123943053 0.0055495257613656958 -0.0079179423351739154 0.072565399143128012 0.2400788613756781 0.029084572774161727 -0.0074949801423024754 0.096320646441569749 0.06820011352355386 -0.0070255953431389738 0.045931516229133704 -0.0024399347395452791 0.036747908546002593 -0.02254996886209102 0.032711435036138693 0.072809237164832327 0.074480663810958539 0.0039783084869554151 0.0020109478619112281 0.057441503421978339 -0.0072283143616302375 0.056665317001162493 0.02614257950815814 0.0078068341109188534 0.11221769640373858
leaf_weight=669.86773043870926 194.03074426949024 60.517603330314159 124.39831831306219 141.09718634188175 8.4144532829523069 153.10273762047291 340.50664182007313 886.75144270807505 87.374704673886299 480.02562038600445 452.2299390733242 74.181255646049976 507.88367076218128 351.1202031224966 382.34955288469791 151.02324015647173 669.70925114303827 170.72174476087093 305.63767036050558 142.04984014481306 854.84258037805557 112.4397343993187 865.03933848440647 419.37907541543245 25.337564162909985 357.14176673442125 63.245438471436501 611.63985385745764 310.7335085272789 133.45593808591366 150.54001229256392 197.3876733854413 89.609283804893494 588.21114685386419 83.45507475733757 237.99043787270784 358.18898393213749 95.506988123059273 129.61970615386963 340.01426288485527 503.5199823230505 127.19671519845724 182.81721721589565 213.15735853463411 273.15261228382587 187.1831191405654 178.78861121833324 94.8597531914711 136.3922351449728 164.26113756746054 79.210993893444538 336.5312734246254 710.97763909399509 107.60421957075596 112.55712650716305 113.62040614336729 10.843731507658957 8.9961982518434507 1514.4403165653348 145.47356477379799 8.2056986987590772 94.256518661975861 499.13353531807661 449.79198599606752 549.091299071908 600.70800317823887 231.06070272624493 94.639474622905254 213.86534944921732 979.68315703421831 282.87662663310766 255.58644063025713 1321.290355220437 418.45032250881195 1265.0662563368678 282.43146855384111 60.178258240222931 66.390576712787151 285.66756363213062 2336.8422716334462 619.49616210907698 169.93668867647648 178.48947390913963 152.38209046423435 210.04611856490374 345.65492508560419 35.98131936788559 7.3704102411866179 1268.7415760233998 16.145782396197319 155.51506727933884 295.25600998103619 276.39537616819143 219.27419858425856 114.34449406713247 139.54153308272362 281.01506539434195 20.482098877429962 410.59274992346764 107.05047176778316 204.4817950874567 36.101726591587067 2095.164093926549 871.16718150675297 953.6942787617445 93.404184930026531 1016.2812643870711 63.98709575086832 922.49011630564928 1332.6397724375129 86.653730377554893 1701.7482410520315 270.03524321317673 45.004802510142326 354.68958079069853 58.405630841851234 9.7450196668505651 186.17643675208092 15.105402059853079 8.3221381306648237 736.23191918432713 21.533673137426376 266.05151501297951 186.27167443186045 160.97238366305828 108.99467407166958 25.438335672020912 60.349501125514507 56.137957990169525 348.20192793756723 154.92018492519855 11.873218432068823 189.81140706688166 393.13307694345713 14.553280889987944 516.61722632497549 7.5750683173537245 237.38847437500954 880.00594885647297 24.356025621294975 67.154477991163731 881.02365399897099 264.45943585038185 72.480510577559471 318.76069571077824 375.27911204844713 673.04955080151558 28.57293064147234 337.15834987908602 381.12102431058884 164.96490646898746 9.2817868664860708 66.85527727752924 61.210854135453701 694.88276638835669 63.685525894165039 49.847239844501019 9.087135583162306 153.07651595771313 68.059844970703125 37.27968730032444 65.022505454719067 20.907891869544983 1037.7887481153011 317.17384412139654 57.180620610713959 25.535881914198399 368.3760137706995 97.874235764145851 57.24453766644001 40.169194459915161 292.15723701566458 158.56502819061279 75.274411171674728 147.51874449104071 305.39089197665453 407.58427204936743 9.8664662688970548
leaf_count=5370 1132 310 831 855 48 726 2249 5627 526 2877 3056 482 2712 2092 2224 917 3723 1054 2097 707 5030 639 5158 2640 127 2238 378 3681 1749 790 872 1085 463 3294 434 1572 1895 538 705 1910 3353 784 951 1079 1590 1119 848 413 757 1127 423 2064 4441 677 580 546 50 47 11520 764 38 593 3128 2685 3315 4096 1442 617 1313 5060 1664 1366 7738 2356 9305 1824 345 399 1950 16418 4260 1072 1062 837 1260 2087 213 45 7851 80 912 1558 1516 1120 608 855 1696 100 1976 543 1171 194 10865 5608 6099 473 5383 320 6225 8532 608 11646 1414 234 1865 290 60 1125 92 48 4065 100 1193 1295 882 679 130 307 278 1740 793 58 1053 2230 78 3263 45 1425 4938 122 360 4931 1500 347 1646 2440 4150 158 1831 2344 841 50 423 414 4274 391 289 55 908 417 214 395 125 4831 1912 274 131 1770 452 271 230 1672 876 429 806 1756 2242 48
internal_value=5.74067e-05 0.011927 -0.0156741 0.00474271 8.53268e-05 0.0234436 -0.0260092 -0.00809508 -0.000852317 -0.00686048 -0.0115085 -0.0139308 0.0191173 0.00527242 0.00859585 -0.00979212 0.0154949 0.00277682 -0.0203063 0.0159557 -0.0152694 0.00507589 -0.00496781 -0.00538417 0.0331927 0.00749185 -0.00354257 0.0072032 0.00317599 0.0188904 0.0204327 0.0321389 0.0285794 0.0133167 0.00845519 -0.0218426 0.0165337 0.00742323 0.0288741 0.0208798 -0.0153127 -0.021365 0.0150313 0.0423668 -0.00157527 0.00508986 0.0386752 0.040639 0.0202312 -0.00879369 0.0314261 -0.0233388 -0.0198223 -0.00241477 0.0302277 0.0515331 0.0848034 0.0237421 -0.0367041 0.0200398 0.0740417 -0.0102507 0.00310424 -0.00148277 0.0094406 -0.0262411 -0.00506301 0.00805632 -0.00892099 0.0300797 0.0256967 0.022462 -0.00378444 0.00868439 -0.0333767 -0.0139632 0.00221674 0.0325486 -0.0269535 -0.0306677 -0.0164243 0.00620756 0.0160337 0.0357235 -0.00371308 -0.00838449 0.0121218 0.00970752 -0.0235156 0.023931 -0.00962533 0.0234974 0.0136089 0.0280219 0.0443178 -0.00258916 0.00449164 0.037169 0.0300497 0.029111 0.0316229 0.045612 0.0148831 -0.0172989 -0.0235015 -0.00345179 0.0235622 0.0371159 -0.0153781 -0.0235147 -0.0250609 -0.0271934 0.00549544 0.0586585 0.0304036 0.0600468 0.0301156 0.0437225 0.10223 0.142539 0.012627 0.0613971 0.0521528 -0.0328512 0.0232532 0.0286652 0.0733274 0.0332891 0.0371989 0.0468572 0.022289 0.0830176 -0.0118302 -0.00279021 0.021866 -0.0136574 0.0368897 -0.0195397 0.00747847 0.00164927 0.0481463 0.00186771 0.00523251 0.0283259 0.0224137 -0.0106251 -0.0051302 0.010964 0.0249422 0.00975349 0.0668611 -0.00694788 -0.0117868 0.0127571 0.0164907 0.0316739 0.0456024 0.0984781 0.0119498 0.029158 0.0422623 0.0247625 0.0446994 0.0446548 0.0104953 0.0650612 0.015422 0.035921 0.0447817 0.038333 0.025845 0.0217832 0.0389665 0.00395593 0.0453911 0.0148156 0.0193099 0.0102806
internal_weight=55883.9 31851.5 24032.4 19615.1 13686.7 12236.4 10167.5 13864.9 6186.65 7536.13 5448.74 7678.26 9529.71 2087.39 6150.55 5852.12 5928.43 5299.9 6631.46 7810.32 4651.54 5123.06 1719.88 4445.3 1719.39 1216.24 1458.1 4740.71 3630.22 1114.34 1110.5 724.903 1503.55 6582.11 3252.61 6290.95 802.488 869.595 825.372 650.748 2743.31 2931.66 6064.95 701.065 385.592 2777.91 2706.69 2553.59 527.516 1718.34 487.908 2768.48 2316.25 845.867 1228.21 286.593 144.543 941.618 3536.03 3403.14 133.699 3229.06 702.385 4050.67 998.883 1024.97 3051.79 693.493 2358.3 1125.16 629.289 401.952 2515.87 2661.81 2866.16 2526.67 774.088 126.569 3547.64 2622.51 925.134 562.292 392.355 435.259 647.519 584.274 163.178 2108.2 1979.72 2675.82 288.971 2659.67 834.943 1824.73 392.024 515.196 420.557 2171.15 1112.88 829.06 376.976 240.584 2277.98 2107.29 1236.13 102.4 1432.7 416.424 1214.82 1406.82 1351.72 1826.15 1602.7 174.625 444.299 277.68 370.372 219.349 33.1726 23.4275 2073.6 382.445 287.585 786.98 505.501 203.251 85.9559 726.66 666.311 404.34 261.971 125.494 1194.58 582.944 750.785 1796.01 178.297 588.509 1322.81 904.362 146.365 1332.67 1145.48 474.696 402.216 1564.95 1048.33 238.619 498.131 488.725 215.838 517.165 1050.56 128.066 1249.22 295.925 208.55 58.9344 953.299 258.416 190.356 149.616 85.9304 1058.27 797.199 121.168 50.8734 934.088 523.495 425.621 1027.49 839.802 242.254 83.6889 187.688 597.548 693.846 417.451
internal_count=336378 176303 160075 113218 81052 63085 72282 87793 38230 45701 33386 49563 50405 12315 35351 37086 32166 32603 45479 41415 28597 29534 10188 28072 8990 7501 8682 27310 21002 6300 6308 4079 7891 35255 17872 43230 4223 5165 4598 3659 18505 18409 32493 3668 2229 15445 12680 11954 2994 11542 2589 17412 14356 5259 6160 1399 692 4761 26803 17640 642 20571 4400 25009 6000 6963 19009 4267 14742 5824 3633 2149 14702 14853 21433 16171 4627 744 24725 18368 6357 3447 2375 2501 3883 3505 997 11722 12292 14294 1702 14214 4661 9553 2018 3168 2551 10248 5317 4181 2122 1365 11816 13531 7923 520 7535 2152 8189 9014 9913 12477 8964 939 2328 1410 2242 1325 200 140 11559 1706 1293 5391 2758 1272 440 3661 3354 2018 1336 604 6964 3283 4143 11295 1099 3517 7416 5060 783 7550 6431 2427 2080 9853 6590 1418 2713 3021 1099 2762 7062 837 7594 1781 1255 344 5813 1539 1122 911 520 4931 4789 594 258 4469 2493 2041 5817 4781 1353 477 1036 3428 3806 2290
cat_boundaries=0 11 22 33 44 55 66 77 89 99 110 120 132 133 144 155 167 178 189 200 211 222 223 234 244 254 265 276 287 298 309 320 331 342 352 353 364 365 375 386 396 407 418 428 439 440 451 462 472 473 474 484 494 495 504
cat_threshold=65536 2097152 4194433 0 268439552 1236992 37749120 21234688 17826849 1107296770 2147483652 2162816 8394788 16814080 8 2147483648 140288 576 1317890 0 9354 2155872256 1589252 0 1 570687744 1058816 104 64 131072 1 537400064 1 9043968 6144 20971553 33685514 0 64 1048832 2164654083 83886080 536870976 2147483648 1048580 16778240 128 33554446 2147483680 138412040 35127808 2148007936 1098907648 136447552 16777217 1048576 4198400 402653216 147464 0 541134880 1573312 8388608 8388608 1313152 524608 131072 0 0 33554432 8224 1610612736 524304 9572865 1142952064 539231296 721728 67108872 1107296272 16781313 1312770 1082142720 1074806784 0 516 27328512 4327488 0 8 4 71303200 4096 2694334464 4096 256 131072 1048576 134221953 134755840 8519684 1024 402915329 133120 2048 671088648 33554432 25296897 16 1209008960 524288 0 4 289411200 33687560 268437504 671220736 0 135171 134218769 1209140290 2166358016 2147483650 12288 2281703424 4352 167776512 67634192 4194442 1083179010 2097160 8388608 16 5921 1048576 16777216 402653184 0 335544320 134218784 8912960 8388608 0 262144 256 0 0 134217728 0 335544320 671088640 0 8388608 16 0 4 2147631108 16777216 20975617 2099332 2048 131080 512 21500416 1024 525824 12648452 8 540672 0 8388608 536870912 2147497984 134218048 0 16781314 0 4608 4260096 0 16777216 134217856 0 335544320 8 0 0 1040 262144 4 0 16778240 4456704 8 268435460 671155200 8912960 8912897 9 2098688 64 147456 33554432 0 393220 872415232 1073807360 33554448 131072 1049600 34865664 1 276824064 8388608 268697601 131072 268437504 536870944 8388608 8523776 1048 1610874880 4 10383 8388608 4096 256 133120 268435456 132096 64 1048578 134218776 262144 260 294649860 29362192 151257120 537133060 67108868 134284328 1048576 2058 16 1179904 8388608 2048 262176 136 64 131112 41947904 8394753 134217728 135267586 0 4096 0 131080 0 32 0 2048 16 1048576 1 268435456 1080034304 0 4 0 0 33554432 4097 136319136 131136 16777216 0 16781312 402653312 0 0 132096 524288 6144 1024 134480128 524293 1048576 25166848 134480128 262144 268435456 671286304 42467328 4194304 1075840002 1073873154 8388928 0 1130364928 262530 1048576 603979776 132096 5243136 2164787712 134218752 1024 4718848 9437184 1024 406847616 131072 67108864 671088680 1048576 262144 65552 1207959554 524293 540672 33554436 0 131072 6404 536870912 0 32768 4098 1645222144 65540 4 4200448 8388896 4 2147485760 64 131072 0 1209008129 134219008 2147483712 268435456 0 272630144 33685504 67108868 66592 9437248 8388609 134222856 538181632 514 8388608 25170944 134479872 0 0 8 524288 8914944 0 262656 256 2713 0 134221824 17039360 0 0 0 525376 8912896 0 1048832 0 0 4194336 0 0 134218752 33554432 513 136314888 1073741824 524288 0 0 134479872 0 0 0 33554432 1050624 2098200 1024 0 4096 138412032 2048 0 64 64 8390657 134217745 0 4194560 0 1073741824 32 8 4 25600 134349312 32770 1049608 1048576 8388608 0 0 0 536870912 0 64 0 131072 1 528896 1048576 25166848 0 0 268435456 536870912 33554432 0 2097152 2 320 418 67108864 1024 16777248 8 0 65536 0 1 136 1075052544 65536 0 0 0 0 67108864 0 0 6147 0 64 4 0 16778240 262144 8 4 1056 1048576 2048 8388632 135266304 11656 46 1048576 0 0 0 0 0 0 0 0 536871168 0 0 0 33554432 0 0 0 8523776 0 262144 14098 524288 2048 32 33554440 0 0 1048576 2147483651 16777216
is_linear=0
shrinkage=0.08


Tree=11
num_leaves=179
num_cat=75
split_feature=4 16 16 5 2 5 18 15 16 2 2 15 2 18 2 15 1 14 1 18 2 2 1 1 1 4 1 2 16 1 14 1 15 1 2 2 2 14 2 5 2 2 5 12 5 10 18 1 15 1 4 1 2 1 16 2 2 16 1 1 1 2 4 15 4 2 1 1 2 5 2 15 18 5 1 5 14 15 15 2 18 1 2 2 18 15 4 1 15 1 1 15 1 1 12 4 1 14 1 1 15 14 2 5 1 12 15 1 15 17 1 15 15 1 14 1 10 12 1 15 1 18 16 2 10 2 1 1 2 12 1 16 5 1 10 15 18 10 14 12 3 11 2 14 2 5 14 11 2 12 2 12 1 15 12 12 16 10 18 15 14 2 10 15 12 4 1 10 5 1 12 12 12 14 4 12 11 15
split_gain=1430.89 469.666 459.162 203.068 165.846 151.823 112.762 114.192 91.4758 84.7172 72.7221 65.7192 77.3512 65.105 64.8526 62.6736 60.1888 54.9492 52.5053 47.675 47.5631 41.5332 49.0197 42.0021 41.4766 40.7649 40.2896 39.7213 38.1721 40.8098 37.6806 37.3923 37.0511 35.7649 36.5588 35.2064 35.0091 34.6735 33.6253 31.6443 34.3575 30.2945 29.2689 43.0368 29.2455 28.2256 28.8515 28.1778 27.774 27.5944 27.4277 31.8622 27.0099 26.8293 26.6448 25.8854 25.0929 24.5716 23.6983 23.4837 23.4379 23.3398 22.8044 22.5521 22.4106 21.73 21.2905 21.076 20.9128 20.7839 20.7041 20.4008 19.7616 19.6922 19.3968 19.3136 20.0807 19.2973 18.7624 18.3802 18.0684 18.0042 17.9433 17.9 17.7913 20.0397 17.6331 17.275 17.1358 22.5771 16.9378 16.9337 16.6019 16.4299 16.3143 16.4127 25.558 16.215 15.9255 15.7124 15.6591 17.8735 19.1877 17.0478 15.3614 15.1551 18.9031 15.0549 14.8855 14.8444 14.7156 14.6867 29.4437 24.6728 14.3391 14.3091 14.2471 14.2318 14.2192 18.139 14.1716 14.1471 14.1083 13.9643 16.4692 13.8829 13.8772 13.8658 13.8436 13.7124 13.489 17.2539 13.3027 13.2538 13.2361 13.1852 13.1671 15.7154 13.1159 13.0581 12.8544 12.8295 12.8286 12.759 12.7264 12.6969 22.0814 15.4245 12.6054 15.8184 12.5373 12.4994 12.4283 12.3692 15.6363 12.306 12.1703 12.1442 12.0876 14.3983 12.0097 12.8339 17.6608 12.2285 11.9433 11.9276 11.8441 11.7963 13.1757 13.7216 12.1162 11.7323 11.6974 18.4118 13.2089 11.6721 11.5802 11.5248
threshold=15.500000000000002 0.22603561729192737 0.18447715789079669 535.50000000000011 0 450.50000000000006 0.26093667745590216 3810.5000000000005 0.12895973771810534 1 2 3574.0000000000005 3 0.27497431635856634 4 3071.0000000000005 5 19.500000000000004 6 0.20816102623939517 7 8 9 10 11 17.500000000000004 12 13 0.19234496355056765 14 78.500000000000014 15 4058.0000000000005 16 17 18 19 50.500000000000007 20 980.50000000000011 21 22 1000.5000000000001 320.50000000000006 1055.5000000000002 284.50000000000006 0.30511933565139776 23 2779.0000000000005 24 1.5000000000000002 25 26 27 0.28034311532974249 28 29 0.27091100811958319 30 31 32 33 9.5000000000000018 2683.5000000000005 22.500000000000004 34 35 36 37 845.50000000000011 38 4003.5000000000005 0.19881208240985873 1185.5000000000002 39 880.50000000000011 27.500000000000004 3057.0000000000005 2779.0000000000005 40 0.20123312622308734 41 42 43 0.20652433484792712 3053.0000000000005 12.500000000000002 44 4015.5000000000005 45 46 711.50000000000011 47 48 67.500000000000014 12.500000000000002 49 5.5000000000000009 50 51 3215.5000000000005 35.500000000000007 52 1194.5000000000002 53 405.50000000000006 2426.0000000000005 54 4082.5000000000005 0.016378121450543407 55 1031.5000000000002 752.50000000000011 56 20.500000000000004 57 99.500000000000014 906.50000000000011 58 2853.0000000000005 59 0.2834728360176087 0.28336225450038915 60 240.50000000000003 61 62 63 64 846.50000000000011 65 0.28848491609096533 865.50000000000011 66 99.500000000000014 4102.5000000000009 0.25141519308090216 159.50000000000003 5.5000000000000009 240.50000000000003 17.500000000000004 5.5043106079101571 67 89.500000000000014 68 770.50000000000011 17.500000000000004 4.9098730087280282 69 289.50000000000006 70 338.50000000000006 71 2310.5000000000005 65.500000000000014 487.50000000000006 0.22850044816732409 247.50000000000003 0.15403102338314059 4102.5000000000009 95.500000000000014 72 239.50000000000003 786.50000000000011 232.50000000000003 20.500000000000004 73 290.50000000000006 820.50000000000011 74 549.50000000000011 283.50000000000006 252.50000000000003 16.500000000000004 17.500000000000004 12.500000000000002 6.1302313804626474 2272.5000000000005
decision_type=2 2 2 2 9 2 2 2 2 9 9 2 9 2 9 2 9 2 9 2 9 9 9 9 9 2 9 9 2 9 2 9 2 9 9 9 9 2 9 2 9 9 2 2 2 2 2 9 2 9 2 9 9 9 2 9 9 2 9 9 9 9 2 2 2 9 9 9 9 2 9 2 2 2 9 2 2 2 2 9 2 9 9 9 2 2 2 9 2 9 9 2 9 9 2 2 9 2 9 9 2 2 9 2 9 2 2 9 2 2 9 2 2 9 2 9 2 2 9 2 9 2 2 9 2 9 9 9 9 2 9 2 2 9 2 2 2 2 2 2 2 2 9 2 9 2 2 2 9 2 9 2 9 2 2 2 2 2 2 2 2 9 2 2 2 2 9 2 2 9 2 2 2 2 2 2 2 2
left_child=1 3 8 15 17 24 7 14 48 44 50 12 26 16 87 18 57 38 -1 32 110 22 -16 105 -3 37 -10 66 29 -20 63 70 36 167 73 -15 90 75 58 49 -41 152 55 118 121 46 61 -30 99 79 78 86 -45 -38 -37 -8 -49 123 -4 -27 -29 -26 -59 72 109 134 164 -40 -51 82 -14 91 165 155 -28 132 -77 83 97 136 120 -57 -62 138 -66 139 -52 -6 117 -90 -12 -69 -39 -82 -53 166 -97 -5 -63 -2 101 102 114 -102 -50 -23 156 -84 -34 135 -13 112 -111 -113 122 -103 -112 141 119 -44 -43 -7 -42 124 -11 -91 -56 -85 -88 -74 131 -65 -19 -114 -9 144 137 -25 -55 -86 -116 -17 -123 -100 -61 146 -110 -147 149 -120 -118 -54 -33 154 -94 -35 -107 -99 -22 -160 161 162 -76 -163 -18 -24 -96 168 169 170 -21 -75 -72 -174 -175 -128 -171 -93
right_child=2 5 4 10 6 9 42 65 11 13 19 20 31 35 21 88 27 25 28 33 158 23 30 39 45 59 74 60 47 -31 -32 41 108 34 -36 54 53 92 67 40 100 80 43 52 -46 -47 -48 56 104 68 51 94 151 77 126 81 -58 62 -60 64 69 98 -64 130 84 -67 -68 71 -70 -71 172 -73 129 171 160 76 -78 -79 -80 -81 93 -83 107 127 85 -87 128 -89 89 125 -92 177 153 -95 95 96 -98 157 143 -101 103 115 -104 -105 -106 106 -108 -109 145 111 116 113 133 -115 140 -117 150 -119 148 -121 -122 142 -124 -125 -126 -127 175 -129 -130 -131 -132 -133 -134 -135 -136 -137 -138 -139 -140 -141 -142 -143 -144 -145 -146 147 -148 -149 -150 -151 -152 -153 -154 -155 -156 -157 -158 -159 159 -161 -162 163 -164 -165 -166 -167 -168 -169 -170 176 -172 -173 173 174 -176 -177 -178 -179
leaf_value=-0.041421829341705331 -0.006389550382950168 0.0064816727688994822 -0.0082477668714184393 -0.04878914468993778 -0.029578184389307875 -0.032748542296401138 -0.0035450291305535947 0.068183500662205451 0.025364140907165877 0.058736192217290081 -0.024155421925803739 0.009629682102609614 -0.0012777309818648404 -0.00078853335322434659 -0.009812342750532525 -0.063323780328259235 -0.038959941508025002 0.028011682559665178 0.0060910341400171181 -0.0016506559834309467 -0.036091333583296067 -0.015325497399157697 0.0092879024631803402 0.04964572883060811 -0.042347202313010042 0.0036978794364309702 -0.015202467111392049 -0.011330162923168021 0.0099084145963053392 -0.033020797835523655 0.089930873891443469 -0.02211636044539815 0.071380999141698112 -0.0020603734106262399 -0.016547844188135947 0.011946747722962931 0.0018033561895156567 0.035628025513010607 0.011312973450892445 -0.0070982700105458561 -0.013460398094986193 -0.0033166102089828664 -0.013246179806662551 0.0086988240758919099 0.034581003186397438 0.013665160417946855 -0.0029222836405740273 0.0066179488489736659 -0.031111042006479964 -0.018286833964384665 -0.025088379294864526 -0.04018839443168868 0.065981748971713536 -0.042632072298008097 0.011411022131005479 0.034344689806279492 -0.023981749879177925 0.095052728189414265 0.017406847033365983 0.034700106738800855 0.013829261199827197 -0.029435100935815743 0.031976952048291686 0.00015838046098765334 -0.0019704975763167993 0.021841348857674699 -0.0023612368415088236 0.046139452482281601 0.0024836854431919877 0.029865034000997347 -0.038904185493221513 0.05556698537352487 0.01744148146691412 -0.022590437683654097 0.017020837406550089 0.028195623846898138 0.06848394152464414 -0.035019045899041562 0.036909741215662699 0.0008190592057328919 0.027817611393438319 0.012445230582721289 0.0086634848391864937 -0.029848944947537048 -0.021435467328258219 0.1248768907775834 0.025521563676700831 -0.0031117380592307836 0.0084509219337666353 -0.0073043857817975963 0.015418414598983918 0.010815410095751836 0.0057929124255141516 -0.0097370912639557841 -0.0099657101421386871 -0.028367270231432495 -0.0044852519111208524 0.046663533834758797 -0.011670308348900362 -0.044147165569656088 0.052758496521378845 0.0028633277863067816 0.015251915493275916 -0.0086226125197193942 0.0017507754942561302 0.028095691500397372 -0.039429513393116102 -0.0084508132529971143 -0.034268925658052576 0.056026083706903165 0.021464569248511728 0.03108176684678679 -0.0088157496093125877 0.061422494914904258 -0.012111266803070364 0.033359981574482868 0.0054762799210156263 0.011104973599639672 -0.011437586635957217 0.056156956771375555 -0.026587768613504006 0.017912730096218937 0.03609895843311018 0.0065268074584635492 -0.069166061336036866 -0.048327795735852552 -0.0004939153451245774 -0.0078589508055529299 -0.020473078296416331 0.046923287145490801 0.040801300718107114 0.093061611839065889 -0.0096239675886112923 0.030008591452828762 0.03830232598387031 0.084007767667060668 0.12912500071852032 0.0077278902360057612 -0.021554690646375101 0.040194543603906494 0.024605612016215361 -0.044471215929311372 -0.01991751191612957 0.097502646741877849 -0.0027897544290099822 -0.00013604764386444218 0.024565306671295972 0.065613073363812169 0.027639612683398186 0.066307183930864155 0.057313474145639337 0.037992040651845638 0.013173820335853443 0.013243656741134922 -0.041525879518746374 0.025844789557316186 0.12220935798438737 -0.076193405259888991 -0.0095161879201452089 0.020438412345628203 0.10941320409084765 0.020301560299011465 0.1004034800232414 -0.0045031383787719134 -0.015086309231540652 -0.02070593978938327 -0.037106295568765234 -0.013672010709511927 0.045127577087663247 0.024768069169598419 0.10162708998784332 0.076190537477864792 -0.029703093189442798 -0.033179980062219887 0.0056927207476615647 0.039555784082693272 0.086306823109852784 0.028786065286314614
leaf_weight=1464.1270138472319 100.73493430018425 391.63918354362249 345.77325291931629 47.039635494351387 363.52754199504852 480.17610462754965 349.65757675468922 124.87228587269783 559.93954627215862 71.0312145575881 79.819615758955479 189.03178033232689 263.60018330067396 475.18689012527466 362.48028974235058 523.74046587944031 169.24000714719296 356.04304644465446 190.25215251743793 233.19150157272816 61.658008426427841 769.37509062886238 261.83494591712952 106.04070606827736 543.91196729242802 117.61928242444992 377.56163434684277 478.63559883832932 276.04418307542801 2012.3432940095663 51.256230607628822 63.662096828222275 26.064774498343468 411.10711236298084 867.78306451439857 692.39427774399519 371.49541699141264 69.5877645611763 480.93622881174088 541.45737770199776 419.27246575057507 262.81200881302357 186.64167208969593 227.74985918402672 57.661280319094658 134.18442438542843 340.61617038398981 210.14226094633341 137.42584677785635 634.46142108738422 122.09713415056467 610.14262300729752 109.22629524767399 229.65938434749842 203.52408073842525 430.5784427523613 939.90084669739008 43.182498715817928 662.5947231054306 200.27243402600288 936.63649169355631 686.21397379040718 243.43527248501778 121.82126837968826 118.22776292264462 718.0006959438324 1003.8181694969535 267.65789185464382 600.03997696936131 247.92056687176228 356.19307755678892 196.43006393313408 833.91704297065735 9.4988018870353681 150.92417967319489 163.5710087865591 153.53854487836361 535.08734273910522 76.161660388112068 356.01317735016346 104.92310594022274 623.11321757733822 594.86806362122297 216.7041015625 26.496201187372208 15.559623539447783 142.93149277567863 292.34438475966454 69.093813426792622 80.199194133281708 302.91971314698458 316.89556057751179 85.079619228839874 203.58522851765156 148.53935718536377 756.00753054022789 482.29082915186882 27.593131959438324 486.33849446475506 493.04442047327757 127.03562465310097 143.09536379575729 1590.7987458109856 37.499475166201591 242.79116287827492 29.85429285466671 19.428457573056221 711.24205160140991 83.268132604658604 333.94716809689999 182.47161583602428 313.6220016926527 70.358837693929672 830.51591092348099 87.164862394332886 417.85280109941959 49.355115428566933 21.308397352695465 122.26911100745201 27.651206612586975 525.86820444464684 72.088530957698822 40.273077383637428 462.78534655272961 7.0663781166076651 380.43555349111557 49.519259497523308 1128.8335904628038 50.759855426847935 114.86900509893894 419.63760255277157 14.272333949804304 72.301546573638916 276.47994658350945 395.59289541840553 26.017192259430885 8.3564636856317502 124.37376756966114 1066.4643107503653 129.34904715418816 203.36659236252308 413.93521776050329 194.78169412910938 6.9262948185205451 86.103611633181572 47.007562175393105 80.057564772665501 44.385021358728409 395.91585211455822 19.384591042995453 225.77091842889786 1573.6754625439644 560.20459939539433 131.48419786989689 94.120738685131073 134.11925834417343 12.454904183745382 6.3077744990587226 273.38371950387955 164.46023894846439 7.1226882338523856 161.14209607243538 18.198900550603867 603.54130272567272 646.14109386503696 125.50766235589981 795.58192909508944 69.927071303129196 115.82959818840027 149.06978765130043 7.4808500558137885 40.301319614052773 594.10013497620821 76.847490027546883 205.49192748963833 782.47212991118431 22.512983500957489 818.15499512851238
leaf_count=11314 680 2525 1764 291 2079 3014 1755 586 3289 415 553 981 1634 2616 1984 4467 1040 1862 1359 1492 384 4409 1481 589 4030 568 2310 2902 1897 15632 249 393 155 2549 5389 3877 2398 347 2537 3010 2329 1641 946 1089 284 892 2182 1482 897 3606 836 4330 531 1575 1080 2119 6712 242 3228 1008 5590 5023 1359 655 597 3548 6019 1302 3411 1309 2282 917 4397 51 904 823 754 3690 392 2050 583 3146 3684 1479 123 70 918 1681 568 672 1981 1688 432 1188 1051 5017 3164 152 3403 3613 701 759 8648 204 1574 174 108 4299 551 1533 966 1514 343 3868 473 2220 254 170 609 130 3384 397 203 2767 41 3207 268 7651 339 581 2156 69 363 1332 1895 120 43 735 7174 594 1079 3439 1096 46 453 262 505 240 1932 93 1162 7471 3401 661 494 828 65 38 1506 831 41 953 110 3661 3965 708 5581 413 621 893 46 208 3835 491 1266 4083 137 4253
internal_value=-8.00348e-05 -0.0131585 0.0124592 -0.021905 0.0183695 -0.000585346 0.0135227 0.00914036 -0.00498125 0.00451586 -0.0144462 -0.00142308 -0.00531618 0.00706125 0.00607962 -0.0327144 0.00249809 0.0287296 -0.0284933 -0.00935483 0.0158855 0.00793386 0.0171038 0.00453901 -0.0175716 0.0353891 0.00757179 -0.000965208 -0.0230988 -0.0297647 0.0221495 -0.0128246 -0.0142484 0.000600924 -0.00614379 0.0187253 -0.0162537 0.0227126 0.0209083 0.00710301 0.0114619 -0.00470978 0.0248387 0.0297665 -0.020055 -0.0217874 -0.0241979 -0.0129649 -0.0277832 -0.00145499 -0.0241234 -0.0258456 0.0361468 -0.0187025 0.0239576 0.015489 -0.0183815 0.022281 0.00861519 0.040997 0.00473431 -0.0284028 0.041487 0.0204291 0.0426138 0.0319501 -0.0102429 0.0266977 -0.00825245 0.00785449 -0.0220652 0.0312254 0.0147956 0.0090522 -0.000118664 0.0327402 0.047706 -0.0210986 0.00841439 0.0125804 -0.0126764 0.0216335 0.00545611 -0.0183585 0.0219036 0.038369 -0.00124173 -0.0180056 -0.0471537 -0.0356024 0.00675954 0.0280384 0.00305447 0.00362233 -0.0285212 -0.0253897 -0.0193313 -0.0184014 -0.021431 -0.0385931 0.0147144 0.0134009 0.0103272 0.0387698 -0.0109001 -0.0121194 0.025864 -0.000649487 0.013826 0.0456194 0.0299601 0.0483781 0.0390711 0.053915 -0.000316625 0.0262266 0.037972 -0.0535335 0.0135521 -0.00409464 -0.0192126 -0.0245415 -0.00911559 0.0125143 0.0417962 -0.041493 0.0322195 -0.011595 0.0137276 0.0210119 0.0339725 0.00923678 0.0216589 0.0227437 0.044617 0.0295013 0.0293775 0.0270222 -0.0250964 0.0297148 0.0135898 -0.0550026 -0.00977304 -0.00993152 0.024543 0.00793062 -0.00543068 0.0318036 0.0202854 -0.000737508 0.0502976 0.0395744 0.00927989 -0.00522212 -0.0190623 0.00480477 0.0558521 0.023768 -0.00287751 0.00173566 0.00603037 0.00530371 0.0245542 0.00071507 -0.0197996 -0.000431426 -0.0333352 0.0169187 0.0212902 0.0145906 0.00150637 0.0573475 -0.0264645 -0.0217099 -0.00488954 0.0367307 0.0310439 0.0237691
internal_weight=55841.8 27333.2 28508.6 16119.6 21292.8 11213.6 14534 10468.1 7215.85 8623.81 9538.04 6241.85 5095.72 7819.1 9229.68 6581.52 5616 6758.74 5092.81 6272.59 1146.13 8573.81 2305.6 6268.21 2589.83 3670.3 1878.43 4788.5 3628.68 2202.6 1943.12 3217.29 4211.77 2060.82 1462.81 2203.1 3930.98 1125.73 3088.44 5437.1 3607.82 1721.06 4065.86 2662.51 804.708 2198.19 2064.01 1426.09 973.996 1829.29 3265.45 3108.35 1910.65 3548.24 1727.91 1403.35 1150.04 827.501 1008.37 2544.57 2969.3 1723.39 286.618 1891.86 2426.95 1238.47 1819.2 2080.07 1234.5 2490.67 1496.23 1599.14 1336.13 595.026 1318.49 745.454 317.11 3176.75 157.102 594.784 1097.19 1053.69 2242.75 2641.66 289.633 171.405 315.788 655.872 1488.71 529.729 382.739 1402.71 380.272 308.508 2792.56 2182.42 1238.3 80.9405 1179.48 593.779 3066.36 2901.82 2340.88 164.535 380.217 831.113 61.7377 1306.11 280.783 2137.32 646.629 1824.92 680.786 1144.14 750.077 560.948 457.598 958.984 751.862 214.293 788.68 747.046 459.546 540.883 78.0976 460.635 1035.52 1345.54 193.691 948.786 555.731 136.094 428.345 346.839 520.465 312.393 238.771 230.414 1296.12 155.845 290.531 937.676 266.87 493.265 286.376 254.718 163.326 91.3926 537.57 141.654 275.126 1682.9 623.867 310.685 179.2 545.226 42.3092 33.9009 499.502 437.844 940.929 933.806 169.123 764.683 815.381 387.343 944.121 598.012 528.085 412.255 240.672 49.8001 1232.63 876.44 282.339 831.991 171.583 1135.05
internal_count=336785 182317 154468 113869 110254 68448 76706 56885 44214 50347 62950 37450 31366 45556 50856 50919 33632 33548 38396 40841 6084 47096 12280 34816 18101 17859 11268 28808 27082 16991 10296 20098 28214 12627 9025 11924 26501 5736 15689 30060 19626 10590 19821 12801 4791 15576 14684 10091 6764 10434 22109 21236 9091 23967 9308 7020 8194 4824 4992 12123 17784 12502 1601 10047 11555 6029 11024 10697 7017 14882 9508 8160 7167 3636 7979 3802 1577 21569 873 3417 6796 5265 13573 17879 1384 787 2093 3760 12523 4447 2534 7243 1934 1771 19143 14813 8181 481 8472 4293 16616 15711 12732 905 2471 4756 347 7983 1713 10171 3363 8590 3208 5382 4084 2979 2382 8076 3710 1076 5025 4507 2532 3223 456 3879 5431 9130 1257 4978 2880 724 2225 1675 2481 1581 1367 1324 8749 717 1552 7906 1493 3449 1461 1558 1056 502 2634 702 1416 8002 3794 1587 926 3377 239 190 2721 2337 5669 5628 1014 4614 5005 2189 6632 3602 3189 2568 1538 259 7874 5592 1757 4351 1030 5941
cat_boundaries=0 11 22 33 45 56 66 78 89 100 111 123 134 145 155 165 176 187 199 210 222 231 243 253 264 275 286 297 309 320 331 342 352 363 374 385 397 408 420 431 442 453 463 475 486 496 506 517 527 535 546 557 569 580 590 601 612 622 633 643 655 665 676 687 697 707 718 729 740 748 758 764 776 785 796 806
cat_threshold=8388608 5120 16777216 570556416 268435456 0 8388672 2156400640 1075838985 537395232 66817 2097152 33554432 4352 2684356608 4100 69632 2248671744 21005442 9437192 131080 4196608 68222980 16777216 4227200 655360 268445696 4195368 9437568 135168 1041 1212153856 272629761 2 6144 427819136 393216 8352 4195368 135172 34851 135266304 1310720 4325376 8 81925 10485760 0 2156136449 536875552 4228096 138420384 4325376 16777216 2570 16777216 25165952 0 262144 538181888 10240 671088648 8389120 16779266 2097280 2361346 1048576 6148 134221952 33685504 67117060 65544 1048640 1 130 1209009728 524353 8 277872640 25166848 134217728 8 0 671088640 0 2048 17 1207960322 524544 100663296 135266304 276824096 4 1140850688 8388872 34603008 17039489 128 266308 2147483648 4 5242880 262144 2623488 2147484672 143785984 8912896 1052675 1040 33556738 4326400 0 29363200 32 8388620 268437504 72 41943040 4849923 159383552 537920520 8390144 16 287309824 136314880 8454400 671088652 536885248 4160 2147483648 4608 9 538972672 285278212 268500992 7168 402931841 33685516 8192 32 34734080 559105 134217728 134218496 524288 25165824 16777216 155189248 1179652 2483038208 134217728 9437344 2157445120 2097315 1074270720 131072 32768 32768 8929282 2818572416 1073872896 142606336 8388608 8388608 34209792 1048576 58723328 416 0 268435456 536871936 128 2148696064 2097169 1208353088 2148008260 1048580 0 16777216 33556480 67108864 683745344 109052176 2147756035 134217728 1074790464 524288 8388608 33554436 1 136 0 672235776 131136 2157182977 2 266050 2155872576 8 8536068 90180608 0 134348800 0 17408 1040 528896 1075838992 1311808 294125569 16908417 33554560 16384 537921538 196 1073758208 655360 2168456452 1048576 8320 512 72 0 5120 16777216 33554432 0 0 0 8388608 8 2147618880 48 4456450 524290 2281701376 1074790496 525072 1312 4198400 2248146944 0 8 196612 8388608 64 2097164 0 135487616 1108344832 25300992 67109913 1075842048 2097156 135299072 1073741824 2149582860 0 1049600 0 22154818 1090519040 8 4259840 0 16 268701824 33554432 68157440 16416 1573120 266240 1040 1208221760 5 2164408320 6291456 16814080 17039364 6144 32832 2147484160 0 67108872 38010888 196608 16777216 134219776 8454144 2149582852 2147483648 0 104858640 8 1048576 134222080 4 2415919104 33554596 295200 2 1024 131136 0 1575169 75497472 543293442 64 8 16384 0 4194337 4 536885248 671089664 2148007936 1048578 0 1074008320 4718592 1048576 25165824 0 33554432 67108864 537001992 0 0 0 1048640 64 0 1024 150994945 8 0 671220736 34078720 1 1207959576 538181888 256 16777216 3254779908 2 262144 536870912 0 0 0 10485760 1612709888 0 12582912 257 2097152 268435456 131104 0 4096 68157451 135397440 524544 0 0 155189248 131072 268435456 131072 1048576 2147485697 16 1048576 256 0 0 134217984 0 0 536871936 1048576 131072 16 1048832 524288 1048576 1024 402661537 33685512 256 32 0 557057 1073742904 1073741824 2148008260 16 8388608 1024 16777344 0 335546368 134414376 524288 2147487744 1207959552 537133056 256 1048576 4196388 134217856 8 2048 134217728 0 2626 16 1209009152 8912896 8 25165824 101711872 1 0 268437568 256 256 791044 1073741832 136445954 8388608 131072 25296896 256 262146 67108868 4195328 64 17825792 75497481 1610746944 1089 1048576 0 134479872 0 0 536870944 524288 2048 0 1073742080 524288 524288 0 285212672 33554696 0 0 1048640 0 0 537657408 336068612 10492932 262144 33816584 537919488 147456 0 6656 0 538182656 1089 8 8388608 67113988 404750592 262280 33554432 537002176 33554432 8650752 69640 3146304 2148007936 8388608 0 419430400 131072 335544320 134217728 0 8390656 0 262400 0 20971520 0 0 4 0 8388736 1048578 0 64 0 0 0 0 268435456 671088672 0 2048 1 1073741824 1 524288 1024 268435456 0 0 536871936 64 514 0 262144 8388608 0 0 8 67108864 138420224 256 266240 1048580 5120 402653184 33685512 0 671219744 1572928 8525824 17 671089152 524549 8388608 16781312 289407136 33685504 2147483648 671089664 1049152 2155874305 0 1835072 524288 1048580 33554432 0 2097152 0 1032 33554432 4194304 135267344 768 8388608 8 3145728 50331648 134291584 1081344 0 134217728 0 1081352 1024 135266304 142606404 1048580 1028 262144 0 0 536870912 34079360 5242880 1073741825 134349824 1048576 16781312 134217728 33685508 0 0 1048672 393216 1207959552 0 1 8388608 2048 134479873 2048 4 66560 524416 1048576 134218752 514 13107200 268435456 0 402653185 33554432 4096 134415360 8912912 17307648 1207960600 1048576 0 4096 17039360 33554432 0 1073741824 64 0 24 1073741824 524288 0 0 16777216 1179656 2048 65536 0 3 0 4160 84017156 1048576 138674176 393216 0 65536 524288 17301504 134217728 512 1 8 131072 0 4194304 131072 0 0 0 0 0 256 0 8388608 0 2048 0 0 9437312 4194304 1 256 4 2097152 4194304 16778272 2281832704 0 0 1048576 2147483656 134217760 524288 16777216 67108864 0 268435456 131072 0 134217736 0 0 1026 134480128 1048576 16777216 128 0 268435456 0 0 0 16 134217728 0 4096 256 0 0 536871968 0 16779264 0 1311232 256 1048576 0 16777249 8 0 0 0 0 1073742848 0 65536 0 0 0 2048 0 65536 0 16777218 0 131080 256 0 5120 0 33554432 0 0 0 8388608 0 0 128 0 0 537001984 0 32769 134217874 1048576 0 1024 0 0 0 134217728 0 0 0 8 4 0 524288 4194304 0 2562 0 8 0 0 8388608 131072 0 4194336 0 32771 1048576 1048580 2048 262144 0 0 65568 0 12845056 0 0 524288 0 0 16777216 2048 0 142671872 41943056 2048 134217728 1073741824
is_linear=0
shrinkage=0.08


Tree=12
num_leaves=179
num_cat=55
split_feature=4 18 18 3 6 2 6 3 2 2 2 2 2 2 2 4 18 2 18 15 0 2 2 2 2 6 4 2 15 15 2 15 18 18 4 4 3 10 4 6 6 2 18 14 10 2 15 2 18 2 15 0 2 15 2 4 2 6 2 4 2 18 6 2 6 2 15 2 15 2 11 15 0 15 2 10 15 11 14 2 10 6 17 6 17 2 17 10 15 21 17 21 6 11 21 4 14 15 15 14 15 14 2 11 0 10 2 2 3 4 2 14 15 17 2 10 3 18 15 15 2 4 21 0 15 15 18 10 2 3 0 15 10 18 2 18 15 14 15 3 18 21 2 0 10 6 11 11 18 14 2 17 21 17 2 6 17 0 6 10 21 17 2 18 2 2 15 2 14 0 10 15 10 15 6 14 10 15
split_gain=1192.79 389.908 274.663 143.061 139.528 126.605 107.186 103.898 109.817 102.647 102.243 84.9729 73.7607 71.7192 63.3551 57.1689 49.3727 51.9566 42.5554 44.8947 42.3251 42.3139 41.4959 41.4212 35.9641 34.8243 43.7044 42.1682 33.0628 34.3505 31.815 30.3602 29.2172 27.9532 27.6714 26.8961 26.7602 26.3641 26.1164 25.9434 32.4907 24.9928 24.8964 24.8184 34.1615 24.5124 24.3799 24.0343 22.7616 22.4263 22.0683 27.4559 21.4303 21.3064 21.349 21.2384 21.4071 21.1923 21.0887 21.0326 25.9378 20.7839 20.7495 20.3371 19.9975 22.6254 19.4312 19.7199 19.1115 21.3159 18.9578 18.823 18.6583 18.4195 18.138 18.0144 17.9206 17.3386 17.0935 16.9799 16.9208 16.8815 16.8104 16.6681 17.9888 16.6542 16.3638 20.754 17.8376 15.9193 15.7873 15.8949 15.74 15.8021 15.6713 15.5927 15.5348 16.3824 27.6106 15.4596 15.3661 15.2098 24.586 15.158 15.035 14.7327 14.6048 14.3806 14.3698 13.925 13.8593 13.8572 13.82 17.1228 26.468 13.6953 13.6091 13.4463 13.3899 16.2779 13.989 16.0567 13.3756 13.2881 14.9631 13.2759 13.2638 13.2514 13.638 13.0308 12.9704 12.8425 21.0547 14.4821 13.7413 12.6418 12.6088 12.3809 12.3738 12.3557 12.1688 13.0158 12.0888 12.0675 12.0302 12.0282 11.9681 13.3726 11.9286 13.2071 11.8754 15.2965 16.7585 11.7651 11.7527 11.6706 15.1924 13.2141 19.8253 15.3178 11.6667 19.2064 11.6128 11.5283 11.5199 11.4951 11.4315 11.4203 11.3889 11.2684 14.8706 11.2141 11.1904 11.1684 11.1574 11.1302 11.1295 16.5875
threshold=14.500000000000002 0.19585262238979342 0.2286702245473862 6.5000000000000009 3.5000000000000004 0 1.5000000000000002 9.5000000000000018 1 2 3 4 5 6 7 17.500000000000004 0.26419487595558172 8 0.11920035630464555 2919.5000000000005 9 10 11 12 13 6.5000000000000009 4.5000000000000009 14 3568.5000000000005 3792.5000000000005 15 3181.5000000000005 0.26034387946128851 0.24814073741436007 16.500000000000004 4.5000000000000009 6.5000000000000009 240.50000000000003 16.500000000000004 1.5000000000000002 6.5000000000000009 16 0.28099554777145391 17.500000000000004 109.50000000000001 17 4102.5000000000009 18 0.31863057613372808 19 4168.5000000000009 20 21 2726.5000000000005 22 1.0000000180025095e-35 23 3.5000000000000004 24 10.500000000000002 25 0.24604088813066485 3.5000000000000004 26 4.5000000000000009 27 4102.5000000000009 28 2637.5000000000005 29 5.9139847755432138 3785.5000000000005 30 4062.5000000000005 31 153.50000000000003 3574.0000000000005 7.9263479709625253 41.500000000000007 32 245.50000000000003 4.5000000000000009 0.0067651655990630397 4.5000000000000009 0.041200242936611182 33 0.027290907688438896 192.50000000000003 3968.5000000000005 0.0039277030155062684 0.027105941437184814 0.018567078746855262 3.5000000000000004 4.7742919921875009 0.048342872411012656 5.5000000000000009 36.500000000000007 2156.0000000000005 2162.0000000000005 75.500000000000014 2986.0000000000005 18.500000000000004 34 5.0364298820495614 35 363.50000000000006 36 37 10.500000000000002 22.500000000000004 38 18.500000000000004 3581.0000000000005 0.022987595759332183 39 124.50000000000001 10.500000000000002 0.17468429356813434 2846.5000000000005 2986.0000000000005 40 19.500000000000004 0.0055201074574142703 41 699.50000000000011 4015.5000000000005 0.26568129658699041 298.50000000000006 42 18.500000000000004 43 1031.5000000000002 190.50000000000003 0.19881208240985873 44 0.1917742267251015 3730.0000000000005 4.5000000000000009 412.50000000000006 1.5000000000000002 0.18109802156686786 0.0038331059040501718 45 46 244.50000000000003 2.5000000000000004 5.5304613113403329 5.3990266323089608 0.27931877970695501 7.5000000000000009 47 0.0085742673836648482 0.0097382371313869971 0.00738433562219143 48 5.5000000000000009 0.0063720932230353364 49 1.5000000000000002 370.50000000000006 0.040704876184463508 0.032820636406540878 50 0.29884976148605352 51 52 2449.5000000000005 53 35.500000000000007 54 116.50000000000001 4003.5000000000005 295.50000000000006 4097.5000000000009 6.5000000000000009 30.500000000000004 109.50000000000001 3894.5000000000005
decision_type=2 2 2 2 2 9 2 2 9 9 9 9 9 9 9 2 2 9 2 2 9 9 9 9 9 2 2 9 2 2 9 2 2 2 2 2 2 2 2 2 2 9 2 2 2 9 2 9 2 9 2 9 9 2 9 2 9 2 9 2 9 2 2 9 2 9 2 9 2 9 2 2 9 2 9 2 2 2 2 9 2 2 2 2 2 9 2 2 2 2 2 2 2 2 2 2 2 2 2 2 2 2 9 2 9 2 9 9 2 2 9 2 2 2 9 2 2 2 2 2 9 2 2 9 2 2 2 2 9 2 9 2 2 2 9 2 2 2 2 2 2 2 9 9 2 2 2 2 2 2 9 2 2 2 9 2 2 9 2 2 2 2 9 2 9 9 2 9 2 9 2 2 2 2 2 2 2 2
left_child=2 5 3 31 6 38 16 8 36 39 61 34 81 37 57 22 17 -3 -16 41 59 94 163 148 -17 43 -27 104 33 71 -14 35 66 63 58 -1 -4 75 127 79 105 89 55 85 49 143 48 73 101 -45 51 -19 139 54 -53 -32 125 -7 -6 -10 -61 76 -58 -25 96 129 67 -26 69 -47 -63 -30 -46 100 111 78 130 110 164 -5 -55 -9 -40 107 106 116 87 88 153 -20 154 166 -77 -94 -22 -83 142 -98 -99 -97 -21 102 -36 -81 160 108 -85 -44 115 176 -59 -18 113 114 -103 162 -15 -51 120 -120 121 -69 -100 124 -122 -57 165 128 -2 -66 -8 134 133 -133 -115 -105 -121 -138 -96 -37 -54 -142 -43 -34 174 -65 147 -104 149 -12 151 152 -35 -70 172 157 -157 158 -38 -159 -28 -162 -41 -13 -11 -24 -92 -118 -52 -60 -171 -33 -42 -139 -71 -146 177 -84
right_child=1 4 7 9 11 14 10 12 20 13 23 15 30 25 18 24 74 50 19 47 21 -23 126 28 32 26 27 -29 29 -31 42 171 45 150 46 52 155 -39 82 40 90 64 83 44 72 68 -48 -49 -50 117 168 53 140 80 -56 56 62 77 169 60 -62 70 -64 145 65 -67 -68 118 86 144 -72 -73 -74 -75 -76 92 -78 -79 -80 103 -82 95 109 84 -86 -87 -88 -89 -90 -91 91 -93 93 -95 138 99 97 98 122 -101 -102 112 146 135 -106 -107 -108 -109 -110 -111 -112 -113 -114 131 -116 -117 167 -119 119 136 123 -123 -124 -125 -126 -127 -128 -129 -130 -131 -132 132 -134 -135 -136 -137 137 173 -140 -141 141 -143 -144 -145 175 -147 -148 -149 -150 -151 -152 -153 -154 -155 -156 156 -158 159 -160 -161 161 -163 -164 -165 -166 -167 -168 -169 -170 170 -172 -173 -174 -175 -176 -177 -178 -179
leaf_value=0.13446189204850495 -0.0086531564938573564 0.030518632105753191 -0.0085345457650639004 0.0007927293550020391 0.0028704094526922496 -0.029797176584204794 -0.00083804470225988309 -0.029657122320655777 -0.032062110446914517 -0.010123750118260793 -0.038027238083326149 -0.016618364014110844 0.045186248002911447 -0.037744095708081335 -0.033589158662767793 -0.0029867898630823076 0.070508051332702631 -0.011623141723290462 -0.02917234545381733 0.04281699954792751 0.0099744303806740386 -0.014404348079634584 0.022676031435356649 -0.025512064101078053 0.0030722118035728203 0.060643055848514503 0.02563040637933716 -0.017557209014233542 0.062375338084003751 0.014169528505369225 0.032379486229659749 -0.061645583403425706 0.036543679447569304 -0.036242323257838466 0.035965467133469778 0.015548360322758388 0.06859089862350605 -0.021713059085789185 -0.0033413895557292995 -0.0094410857978091435 -0.0090867315351204347 -5.0247984685600089e-05 -0.0021979080297498165 -0.014974506576405162 -0.025833332187079689 0.0067216958317406544 0.059058842268868511 0.020989063761797516 0.048243182756319086 -0.0080557647302173258 0.028650155414201413 -0.01172042383514901 -0.033592212818122844 0.059291556056402753 0.017322506427062324 0.0086935041104100851 -0.023008076055277455 -0.0050414362460669453 0.014970250193475459 0.011893417355993736 -0.023595587339891092 0.034226937426872606 0.0031961319312707628 -0.01368241909689848 0.00243006547782842 -0.010841617196231867 0.037800110317323832 0.0011142448024783755 -0.044927143495090721 0.035098020439014381 0.0081857411379318741 0.18355978601037443 -0.011394086650221137 0.022620375871877915 0.024641413499540271 0.010977939653564342 0.047072598267929262 0.11771243842859157 0.13250813347793927 -0.051360856798337171 -0.023408195895124769 0.038950020166304215 0.028427569416167999 -0.005413699673359096 -0.0023417799758393733 -0.016622840082390886 0.077842585049411064 0.076747699572956074 0.052610843122801468 0.005884684408070026 0.038856004250304055 -0.0022090329799785537 0.16323678059557523 0.050254791130954067 -0.036688398286100599 -0.015293193267611756 -0.022380491700084718 0.18466482716694035 -0.036011407008914829 0.097791409432459772 -0.01072961345217687 -0.010717425775987308 0.0084267379206961236 -0.036532766839423095 -5.4594897497071425e-05 0.0058089899097423627 0.042525568137173203 0.022545035133080104 -0.028099496959142642 0.0022867787175965336 -0.023285920611248501 0.038796082206350974 0.059160875250394991 0.0067667206309013775 0.028464835983551283 -0.031866538878383838 -0.0052334857152925279 0.015100448124403688 0.060067073272981671 0.0068673320414573578 0.0270069317793315 0.042884475634859733 0.01197870551394741 0.0078836490326827761 0.10937591696762866 0.053344049971816583 0.023134638917983931 -0.038232744856198458 0.018100130202651481 0.027869012894608258 0.021961080837489391 0.11515258457842768 0.016019613809165344 0.046527170573878694 0.035135972442424626 0.013306671402338028 -0.0090764048442156207 0.044838400058004171 0.088134321348247349 -0.043412988200848206 0.098040493754521077 -0.018658348929089092 -0.020861178226589398 -0.0040978410182094787 -0.0094189875994179131 0.0062248196644890787 0.02286774481978571 -0.038250890365663114 -0.0030556528470586397 -0.016638167926742439 0.01281364981183864 -0.022253186701391123 0.11029751779057342 0.020663697222908763 -0.030678554864190861 -0.06440092447137423 0.037415724118678023 -0.0032535792056220493 0.015213487711134384 0.054849544424526435 -0.0068395145916989343 0.18348356672820565 -0.0500362200346499 0.016051685514491976 0.015361505723915684 0.0030210274070263023 0.17064100828076476 -0.029098380929095332 0.10949858509175094 0.061824474347990446 0.027053067822934929 -0.040008609512585357 0.079673632234040032 -0.041978021831088411 0.061858817253056489 0.048850933272032306 0.019916621617617529 0.071983320946495469
leaf_weight=6.1680896431207648 272.58150289952755 730.36719024926424 312.00978563725948 313.63934152573347 391.68766421824694 787.57102550566196 594.27327905595303 338.69225312769413 1163.8336937651038 156.03680562973022 239.31136760115623 538.58216718584299 173.42321938276291 616.82992967963219 281.5607213973999 379.90847735106945 135.58431699872017 576.30949564278126 88.395116373896599 36.777256086468697 368.9025309458375 1540.7179284840822 235.43675956130028 391.62029826641083 607.84278799593449 67.997789084911346 189.21384555846453 694.02080062031746 32.37062893807888 187.62674377858639 164.13298004865646 346.40766210854053 53.303662240505219 8.3202493637800234 496.19094075262547 23.285310029983521 57.289330460131168 135.74701365083456 193.9464246481657 69.099496938288212 273.21561869978905 216.29712231457233 285.86645174026489 434.99180697649717 989.899618729949 224.6934500336647 208.76740650832653 710.58481712639332 436.90787030756474 234.59592864662409 111.82513131201267 258.41302110254765 557.74966789036989 88.264020264148712 403.90985281020403 822.88112838566303 320.58476546406746 612.51631214469671 370.44763442873955 177.21510630100965 472.13296019285917 591.8106085807085 487.39469748735428 370.29800669103861 577.91118446737528 881.14934525638819 288.76277086138725 79.861130490899086 20.400307431817055 387.40458604693413 256.46185140311718 10.986050963401793 1497.8315523788333 177.23651383817196 612.65231719613075 71.748144462704659 71.780281722545624 6.4702734202146521 7.1151874363422385 104.37455037981272 19.281403243541718 46.802949666976929 335.44335889816284 50.815917074680328 87.018736496567726 1839.6073835492134 101.65123911201954 81.427546516060829 125.71103465557098 1328.3849764466286 11.091271355748178 38.458006352186203 8.6763072311878187 89.556523278355598 6.1616213470697394 231.82080727815628 163.6703065559268 5.5817227810621253 42.889886885881424 7.9813058078289023 504.66238243877888 135.37633630633354 365.07892805337906 62.243166886270046 242.02103380858898 56.668096922338009 369.8243907392025 311.99295718967915 1013.6593081206083 207.89948357641697 489.31122173368931 252.637580037117 121.20287573337555 175.75244644284248 563.63570848107338 658.85682060569525 220.33875702321529 507.9568599537015 98.08314161002636 169.09781886637211 115.88927489519119 224.37408041954041 277.7202411070466 984.8685435205698 16.054905235767365 44.923911720514297 486.03725899755955 55.563624747097492 205.26016981899738 165.83339013159275 209.03454121947289 20.255804479122162 156.05866274237633 680.75986151397228 390.16570456326008 68.281426697969437 36.016732349991798 228.62645004689693 28.707769840955734 964.05603313446045 6.151348039507865 660.86519148945808 1327.2052381783724 176.35106132924557 60.696813762187958 408.53254992514849 399.85716618597507 43.993292853236198 284.87275640666485 810.64692232012749 670.59799219667912 131.93230286240578 12.438952490687369 122.3681912124157 232.92373648285866 9.7417436093091947 239.16010200232267 312.14519978314638 199.82140595465899 31.994059547781944 5.9472077339887601 7.8747917711734772 753.31215693801641 79.286226436495781 367.74382768571377 896.86623228341341 6.7880861386656752 366.60294800251722 12.368788987398146 109.73008981347084 278.65947522968054 275.40111000090837 9.3804058805108053 9.8764642626047117 134.34709011018276 32.033357590436935 988.33696429431438 67.161770761013031
leaf_count=42 1587 3751 2073 2264 2129 5441 3278 2037 8655 1056 1404 3015 935 4578 2024 1944 641 3115 542 220 2315 10125 1297 2383 3152 349 1224 4767 189 1010 798 3132 250 48 2462 182 343 887 1111 521 1961 1392 1536 3089 6894 1085 943 3980 1952 1630 537 1382 4517 456 2202 4723 1951 3901 1924 1144 3158 2880 2845 2195 3443 5308 1324 416 102 1856 1268 59 10367 926 2948 454 385 37 42 779 106 228 1789 263 438 12573 458 375 560 7954 75 264 50 555 38 1338 999 34 263 48 3023 697 1796 464 1569 367 1906 1677 6957 1104 3167 1187 561 826 2773 5057 1422 3234 503 895 618 1157 1631 5209 83 258 2414 388 1202 945 1119 99 750 3168 1829 474 182 1114 176 7800 44 4942 8600 830 293 2413 1977 218 1432 4654 3472 694 66 573 1652 69 1392 1922 1212 191 37 50 5953 396 2291 4958 45 2379 58 539 1442 2440 62 47 601 149 5164 320
internal_value=-0.000289638 0.00985471 -0.013785 -0.0202423 0.0162919 -0.00232318 0.00839451 -0.00240836 -0.0100508 -0.0165394 0.00139457 0.0217216 0.00763388 -0.0117834 -0.00676323 0.0158375 0.0199449 0.013245 -0.0031364 -0.00182286 -0.0166728 -0.00836645 0.00530935 -0.00635174 0.0208171 -0.0141412 -0.00164967 -0.00536941 0.000352076 0.0290048 0.0126457 -0.0364411 0.0228366 -0.002966 0.0293392 -0.0320612 0.0114054 0.0104289 0.0142156 -0.0277678 -0.0306614 -0.00535 0.010583 -0.0164099 -0.0119759 0.0318495 0.0324091 0.0107013 0.0310127 -0.000750011 0.00442672 0.00147967 -0.0325269 0.0112926 0.00607563 0.00491763 0.0022275 -0.0196599 0.0184029 -0.0254856 -0.0140903 0.0173305 -0.00711332 -0.0109105 -0.00882961 -0.00223708 0.0181238 0.0159132 0.0360359 0.0291727 0.0263542 0.0931631 -0.0172895 0.00023367 0.0346761 0.0168035 0.00878092 -0.0126332 0.00954532 -0.0117967 0.0444628 -0.0172894 0.0189004 0.0201074 0.0307673 -0.0217498 0.0495862 0.0413729 0.0306383 0.00367107 -0.0134255 0.026776 0.0394682 0.0602697 0.0144639 -0.00327604 -0.0141411 -0.00172875 0.00863434 -0.0115204 -0.0070908 0.0288908 0.0220233 -0.0274691 0.0137223 -0.0345241 0.0376165 0.0110549 -0.0354402 0.0215984 -0.013401 0.0486225 0.0328861 0.0313848 0.0211303 -0.0404631 -0.0292038 0.0076812 0.0197734 0.0305764 0.0157941 0.030905 0.00555666 0.0112992 0.0344373 0.0108809 0.0120063 -0.00126352 0.00303691 0.0079954 0.00535808 0.0364216 0.0425978 0.0485138 0.0270666 -0.0104625 0.0240533 0.034638 0.0660678 -0.0416008 -0.0246703 -0.0175788 -0.0180804 0.00646893 0.0366754 -0.0031992 0.0128668 0.00340497 -0.0174441 -0.021514 0.0083285 -0.0114574 0.0515895 0.0112856 -0.0178199 0.0188576 0.0334251 0.0128259 0.0260972 0.00209073 0.0293745 0.101718 -0.0473489 -0.0122277 0.00786921 0.00733516 0.0890447 -0.0207249 0.0367209 0.026039 0.0359543 -0.0520643 -0.00592457 0.0412396 0.0419911 0.0107173 0.0244848 0.0356972
internal_weight=55761.3 31832.8 23928.4 15264.4 20824.9 11007.9 8484.53 8663.99 4919.83 12424.3 5282.92 12340.4 3744.16 8752.35 8681.73 6995.86 3201.61 2200.74 6785.86 6504.3 3757.67 1944.49 2236.21 3559.55 4759.65 7915.73 1207.08 1139.08 2224.72 230.983 3118.86 2840.08 4379.74 1993.74 5344.53 2218.28 1162.16 836.624 2326.19 3671.99 3123.45 5075.04 2945.44 6708.65 3665.28 1520.39 4194 1429.26 3985.24 1177.54 1470.37 1346.18 2212.11 769.868 662.323 1839.92 1675.78 1895.87 1150.52 1813.18 649.348 1723.36 807.979 1170.45 3658.26 1624.89 2859.35 2570.59 1290.73 839.175 848.272 43.3567 2487.73 718.676 1000.87 700.877 875.088 1108.3 530.896 548.538 107.545 625.297 1792.79 1105.52 507.659 3043.38 451.558 349.907 268.48 1416.78 571.857 56.3374 169.981 98.2328 403.772 286.605 2033.36 489.862 326.192 239.802 541.44 3548.33 1305.12 234.899 445.057 2551.6 420.64 597.859 2494.93 1598.84 1101.83 388.222 2243.21 2122 699.012 1481.27 1203.77 742.553 1962.75 541.701 1421.05 304.235 320.61 1116.81 131.944 867.805 1618.34 533.405 477.842 743.745 803.308 1422.99 857.074 701.016 565.918 130.525 443.617 274.52 34.8694 987.341 1224.77 667.017 1543.5 229.655 614.482 778.831 808.929 409.072 1334.83 1049.96 823.289 152.692 20.7592 142.768 515.52 850.152 248.902 601.25 257.111 344.139 203.036 13.822 822.412 617.868 523.781 1132.3 17.8794 586.942 124.194 758.837 388.39 621.809 282.596 238.503 521.752 92.7302 1390.94 402.605
internal_count=337053 173768 163285 109491 107273 66495 45332 53794 32813 86392 28949 61941 20981 59497 53830 35856 16383 11607 41284 39260 25611 12654 12080 20019 23776 54162 7996 7647 12529 1258 17330 23099 21832 11271 26085 17527 7202 5335 12665 26895 22914 31111 16395 46166 25214 7132 20051 8149 19108 7953 7856 7261 17485 4146 3584 10575 9777 12546 6034 12957 4302 8930 4796 6991 22615 9696 14700 13376 6052 3984 4148 248 17261 4169 4776 4448 4782 7105 3389 3981 562 3651 9488 5820 2607 20952 2068 1610 1235 8496 4059 384 1059 605 2529 1614 12919 2927 1928 1386 3243 17156 6453 1717 2880 18855 2169 3213 18488 8377 7068 1828 10703 10142 3470 11531 8379 4864 10224 2741 7483 1573 1894 5910 701 4981 8669 3177 2789 4388 4397 6672 4017 3267 2655 938 2238 1343 214 7982 9503 4986 9992 1080 2899 4608 3991 2014 7490 6058 4280 808 114 675 3675 5129 1461 3668 1555 2113 1311 87 6474 3411 3347 6255 120 3801 595 3905 1981 5572 2023 1161 2457 442 7273 2109
cat_boundaries=0 11 23 34 45 56 67 79 91 102 103 114 125 137 148 159 170 181 190 200 209 210 220 231 243 253 264 275 287 298 309 310 320 331 342 352 353 363 373 384 394 405 406 417 418 426 438 439 450 461 462 469 479 490 501 502
cat_threshold=524290 4199040 1090523136 50726912 536870912 134217728 9438272 2155905568 2097152 448 268632064 524288 2189428736 8388608 33554444 2148534528 81984 1024 9438720 4131 538185728 4160 8 9437184 16778240 4194432 133120 1409286144 4195368 41943168 299008 1073741825 1212155392 2151678209 131072 8393728 16777248 2228236 2415931392 264 8388672 8423938 1073745920 35389504 268435456 269484032 33559552 289407232 33685504 67108864 32 1048640 2156270081 1075839112 1612186624 1 69337088 2048 138412160 2147483652 4 4210728 42205184 4231682 3146755 655432 524288 269090945 170917936 0 1065218 538050564 1073741824 134221824 8452 33554432 34611264 1024 16 269484036 33554464 262176 16512 33558528 8256 168296704 917520 4096 1073750528 9437445 64 0 16778240 138674177 33685504 268435456 196608 8388672 25200643 1073741824 135266816 277348353 14380 1048576 71304196 270337 0 603979780 131080 524880 16777218 2098176 1073741888 524544 131072 12582916 8654977 2052 805312512 536872264 4194304 21495808 1056 167903234 4259840 1048580 1090521088 4480 33556480 67110912 138445824 2182086656 2168455169 136315904 768 16777216 8 2147483649 70254592 65536 136314885 6400 1081344 4326672 32776 1114144 234881024 4 4 8392708 16777472 33816712 2048 196608 1048896 2156005379 0 536871168 8388672 524288 0 262402 262144 68157440 64 16 524288 0 1048576 268435456 131072 2100224 40960 545259526 2483030176 1077936160 135168 3078 5242896 5242888 4096 10617088 134217728 8388610 2056 0 65536 0 4196352 134217728 8388608 25168900 4194560 8 2483027968 131072 0 4196354 1049600 135267330 0 4096 0 8 0 671088640 1048576 0 16 7180 1048576 4096 128 131072 0 536870944 0 1 24 1074790400 276955136 0 285213088 8 0 32 0 512 9 656640 256 0 12587012 285212705 0 268435456 66560 448 2156267521 1073741848 256 4194561 8 268435456 0 272630016 0 0 32 1048576 4096 1075838984 1049600 268451840 0 402653184 262144 0 536870944 524288 2148274177 1024 1344 1280 8388608 4194308 1 0 4 4096 655488 1183744 25 1073742858 524545 2149580800 20 268435585 3145736 8256 65544 512 4353 1224803328 263168 0 8 8404996 16777216 4096 2685403136 805314564 4352 42467840 2050 4096 2826 2436890688 0 0 134217728 0 8192 536870912 33554432 524288 17 131904 256 2177 9437184 16782336 402653440 33554440 536870912 0 524352 2155876352 134217744 1074528320 1048576 1024 4194432 133120 268435456 4195360 0 0 1073741824 1536 256 67108868 8392704 266273 545259656 8192 134414336 1573120 4851712 8393752 538968064 524288 268435456 0 256 0 67108864 0 0 2147487745 1075838976 537396224 1337 0 16778240 0 0 0 134218752 0 1 134217728 262144 1048576 4198400 268435488 33554440 0 536871936 1048576 8390657 1073741832 537133056 269484032 0 32 128 0 64 256 524288 0 0 8388865 0 5120 268435456 131072 0 0 0 0 8 1073741824 16777216 1077938176 8388610 0 0 134217728 0 17301504 0 397376 65792 544 0 0 16777216 0 0 134217728 8388608 2155872256 0 256 268435456 13067 1048576 0 0 0 0 0 64 8388608 10551296 83886080 16386 0 0 1081728 0 290455560 67108864 131074 2147483648 8 540 268451840 0 262145 2147483648 0 536870912 16 0 146 0 65601 1048576 16778240 128 2048 268435456 4195328 128 36864 0 1077936128 4194305 6016 0 0 0 0 0 32 41943040 268435584 32 0 16640 131076 1073741824 134217728 0 0 64 16384 2048 0 0 0 4194304 8389264 0 0 262912 524356 0 8388608 32 128 0 65536 524544 526336 8393728 0 524288 12428
is_linear=0
shrinkage=0.08


Tree=13
num_leaves=179
num_cat=16
split_feature=20 3 3 15 20 20 15 0 6 20 0 8 8 8 18 6 8 3 6 8 8 15 6 20 6 8 8 18 8 15 8 8 3 12 8 8 0 6 6 6 8 8 3 0 8 8 17 18 8 8 6 19 18 18 8 12 8 19 10 0 6 0 20 15 17 15 6 18 10 12 17 8 8 17 0 18 17 0 15 21 6 18 8 19 6 19 18 8 8 12 15 8 12 3 20 13 3 18 8 8 0 18 0 0 8 8 6 12 12 6 15 18 13 15 15 18 6 8 8 19 21 6 21 12 18 20 0 15 17 17 12 13 0 6 15 19 15 18 17 13 0 12 8 12 19 15 6 8 8 17 0 8 6 3 19 8 8 15 15 8 8 15 8 6 19 20 10 15 19 3 20 13 10 17 15 17 0 18
split_gain=1056.69 398.72 217.313 175.331 124.816 108.22 106.047 85.9252 80.9234 75.9375 103.132 75.7742 62.4857 67.964 56.7324 51.1414 47.6052 44.7069 40.6189 40.1059 57.7464 39.3713 36.7416 36.3038 35.9803 37.0907 36.6276 33.5915 33.3707 32.5457 30.7866 57.9893 30.7817 30.7686 29.5264 36.1924 29.2353 28.6686 37.6868 28.4482 27.715 32.9461 27.2961 26.3965 26.2046 56.3906 36.0455 26.2017 25.5184 25.5068 24.6219 34.0938 24.5441 24.2939 23.7266 23.6634 23.5221 22.8233 22.53 21.8374 21.7755 21.4272 20.9821 20.8925 23.4706 20.8903 20.4723 20.1533 19.7436 19.4742 19.2834 18.7935 65.984 20.7934 18.7499 18.7207 18.4255 18.7643 18.1454 17.8434 17.4185 17.3161 17.2033 17.0117 20.6186 17.1951 16.9909 16.9434 17.1274 21.3731 16.5511 16.4311 16.3444 16.2982 15.9986 15.9856 15.9117 15.814 15.7089 35.2984 16.7832 15.704 15.6926 15.5571 15.5177 42.7891 16.4665 15.437 15.3431 15.1011 15.0186 14.9359 18.1434 14.7974 14.5899 15.1041 14.3985 16.0876 18.0412 18.5478 15.6779 14.788 14.2665 15.0619 14.245 13.756 13.8062 13.6816 14.5072 13.6663 14.4204 13.6091 13.6091 13.5876 14.1971 13.5442 13.5291 13.508 13.4559 13.9907 13.8574 13.3917 13.3085 13.2715 13.226 13.0822 14.5194 13.4333 14.5645 13.0424 12.9125 12.8311 14.8827 14.1802 13.2846 12.8201 26.3973 17.765 17.1157 14.1058 23.358 12.7855 12.7622 12.6721 12.6291 12.5484 12.465 12.3612 12.3512 12.9349 12.3293 12.2565 12.2512 12.19 12.4469 14.0945 12.0833 12.0831
threshold=0.22122552245855334 10.500000000000002 11.500000000000002 3574.0000000000005 0.30969652533531195 0.16937483847141269 3968.5000000000005 0 6.5000000000000009 0.16151572763919833 1 16.500000000000004 29.500000000000004 27.500000000000004 0.23512599617242816 4.5000000000000009 7.5000000000000009 7.5000000000000009 4.5000000000000009 3.5000000000000004 1.5000000000000002 432.50000000000006 2.5000000000000004 0.29572641849517828 1.5000000000000002 6.5000000000000009 5.5000000000000009 0.14254390448331836 3.5000000000000004 4015.5000000000005 16.500000000000004 29.500000000000004 14.500000000000002 76.500000000000014 22.500000000000004 29.500000000000004 2 1.5000000000000002 3.5000000000000004 5.5000000000000009 3.5000000000000004 2.5000000000000004 20.500000000000004 3 9.5000000000000018 12.500000000000002 0.018465510569512848 0.27322846651077276 27.500000000000004 29.500000000000004 5.5000000000000009 0.021541289985179905 0.13612911105155948 0.17335557192564013 4.5000000000000009 196.50000000000003 2.5000000000000004 0.014111079275608064 129.50000000000003 4 4.5000000000000009 5 0.38001927733421331 2998.5000000000005 0.014523145742714407 3034.5000000000005 2.5000000000000004 0.28695762157440191 115.50000000000001 417.50000000000006 0.043128842487931258 7.5000000000000009 5.5000000000000009 0.024581769481301311 6 0.1590288653969765 0.0285444799810648 7 2692.0000000000005 0.048342872411012656 5.5000000000000009 0.26714600622653967 1.0000000180025095e-35 0.011540729552507402 5.5000000000000009 0.0065170922316610822 0.34022966027259832 5.5000000000000009 1.0000000180025095e-35 1017.5000000000001 2958.0000000000005 7.5000000000000009 941.50000000000011 6.5000000000000009 0.27683530747890478 26.500000000000004 7.5000000000000009 0.18846013396978381 7.5000000000000009 5.5000000000000009 8 0.31315205991268164 9 10 27.500000000000004 29.500000000000004 5.5000000000000009 906.50000000000011 1027.5000000000002 3.5000000000000004 3581.0000000000005 0.22285455465316775 2.5000000000000004 2708.0000000000005 4015.5000000000005 0.21213249117136004 1.5000000000000002 5.5000000000000009 1.0000000180025095e-35 0.014988915529102089 0.028524795547127727 3.5000000000000004 0.030675309710204605 356.50000000000006 0.24983640760183337 0.11864368990063669 11 4204.5000000000009 0.014018562622368337 0.01945364382117987 341.50000000000006 98.500000000000014 12 2.5000000000000004 3568.5000000000005 0.012598517350852491 1031.5000000000002 0.35456316173076635 0.048401394858956344 24.500000000000004 13 944.50000000000011 29.500000000000004 956.50000000000011 0.018312262371182445 590.50000000000011 1.5000000000000002 23.500000000000004 3.5000000000000004 0.0036694626323878769 14 16.500000000000004 1.5000000000000002 22.500000000000004 0.0075389889534562835 29.500000000000004 17.500000000000004 2857.0000000000005 3003.5000000000005 7.5000000000000009 10.500000000000002 2149.5000000000005 18.500000000000004 1.5000000000000002 0.024644315242767337 0.12720377743244174 63.500000000000007 913.00000000000011 0.011287849396467211 13.500000000000002 0.2456961274147034 77.500000000000014 65.500000000000014 0.028959522955119613 2766.0000000000005 0.011849647853523495 15 0.2391021549701691
decision_type=2 2 2 2 2 2 2 9 2 2 9 2 2 2 2 2 2 2 2 2 2 2 2 2 2 2 2 2 2 2 2 2 2 2 2 2 9 2 2 2 2 2 2 9 2 2 2 2 2 2 2 2 2 2 2 2 2 2 2 9 2 9 2 2 2 2 2 2 2 2 2 2 2 2 9 2 2 9 2 2 2 2 2 2 2 2 2 2 2 2 2 2 2 2 2 2 2 2 2 2 9 2 9 9 2 2 2 2 2 2 2 2 2 2 2 2 2 2 2 2 2 2 2 2 2 2 9 2 2 2 2 2 9 2 2 2 2 2 2 2 9 2 2 2 2 2 2 2 2 2 9 2 2 2 2 2 2 2 2 2 2 2 2 2 2 2 2 2 2 2 2 2 2 2 2 2 9 2
left_child=1 9 7 5 6 18 8 17 11 53 29 14 13 22 16 24 94 90 34 20 -10 -14 61 54 26 103 82 165 50 67 71 36 52 -8 86 63 -32 87 59 93 41 65 57 78 98 46 -46 60 101 -50 -17 56 -5 -1 163 80 -52 131 -54 -39 -19 171 114 64 149 143 -27 96 107 -56 -43 72 -30 -73 -29 -25 77 -68 79 137 110 -47 176 85 -85 -15 116 88 -16 141 -2 129 -44 -12 102 -35 -11 -31 99 -21 -100 -28 133 -26 125 106 -106 -62 166 168 -34 -33 -113 -61 -45 -116 117 118 -3 -120 -121 -118 123 -22 -37 -55 -127 128 -70 -76 -131 -18 -75 134 -4 -125 -81 -6 140 -140 -23 -90 151 -41 -48 147 -147 148 -49 -36 -40 153 154 -57 -153 156 157 167 -158 -159 -161 -93 -138 -9 -115 -20 -38 -79 -64 -170 -59 -13 -24 174 175 -80 -7 -84
right_child=2 3 4 32 43 15 33 23 19 10 39 12 21 83 37 28 42 47 27 44 122 138 172 75 25 66 48 74 30 97 31 111 55 95 35 124 108 38 150 40 -42 70 92 62 45 81 144 145 49 -51 51 -53 58 104 69 142 -58 170 -60 113 68 -63 109 -65 -66 -67 76 -69 127 -71 -72 73 -74 132 91 -77 -78 155 173 136 -82 -83 177 84 -86 -87 -88 -89 89 -91 -92 161 -94 -95 -96 -97 -98 -99 100 -101 -102 -103 -104 -105 105 -107 -108 -109 -110 -111 -112 112 -114 164 115 -117 121 -119 119 120 -122 -123 -124 135 -126 126 -128 -129 -130 130 -132 -133 -134 -135 -136 -137 162 -139 139 -141 -142 -143 -144 -145 -146 146 -148 -149 -150 -151 -152 152 -154 -155 -156 -157 158 159 -160 160 -162 -163 -164 -165 -166 -167 -168 -169 169 -171 -172 -173 -174 -175 -176 -177 -178 -179
leaf_value=-0.036990824401850565 -0.015016038877873644 -0.025223025607751332 0.00065496789456026138 -0.053756081329232874 0.012133094986485203 -0.015393506583610704 0.0020351793472196148 0.048839343335617569 0.018429203506806581 -0.054663030774041436 -0.02438437781129776 -0.022229570333576049 0.095916854126158566 0.036289634149954182 0.016891018996604227 -0.00055070919123716589 -0.018239814470863019 -0.014246885148493007 -0.048490109869031704 -0.0079217483307561995 0.10460847766141047 -0.021858311666979931 0.068516512799459889 -0.040661552907626179 -0.010220801908980252 -0.014486762852307593 -0.011852265065073425 0.0069763631975778215 -0.0081815916056428573 -0.041265649289602732 0.0032830841001253372 -0.036657353096048138 0.064937394375757684 0.030213265482477856 0.12957452593655716 -0.035769819533481004 -0.020340224009768801 0.0086852539515802005 0.022116737411008607 -0.0031533304007989684 -0.0073200631081315392 0.050503436006855827 -0.044957346876186473 0.028528974123809642 0.025277270679340071 0.01252789522262311 0.2110344266159481 0.029448851819558666 0.058573922997721406 -0.0058794034449310461 0.003490978209564084 0.051578282251246152 -0.0057862620391036478 -0.037597483022424515 -0.0069632456321279167 0.028019003757286724 0.046710227318855074 -0.011059090910595221 0.018127739572826582 -0.014772657265321676 -0.017700880575308157 0.018362152844359589 0.12139850112570738 -0.031497030705289551 0.0776210891581465 0.14915275349874205 -0.015023701066863879 0.039995101998550803 -0.0092876977441038993 0.01335952308443239 0.19768401732169519 -0.015152844146150991 0.043012115015083577 -0.0087464232901719192 -0.0057182218379964542 0.035331654790448579 0.018236922282551891 0.016056114258794218 0.15168338780046736 0.012204407113143639 0.028468802244261911 0.039418696049188705 0.028615069852079091 0.064082396335640043 0.0082898911240764459 0.12836192261041582 0.078502816604214168 0.016021686199935312 0.056853683034640029 0.17495689164440389 -0.035887132336871026 -0.032805510346694967 0.063246279588271781 -0.011647325774937779 0.016412462078585717 0.049075793962025646 -0.035078965540937493 -0.009592657851720799 -0.041912243133564495 0.040361406117832573 0.0027902526734016404 0.043302328035407602 0.0084674563467863236 -0.026641177821186322 0.067285471018426815 -0.028727239611507839 -0.0080391209653020677 0.074155633012355698 0.13911443798152764 0.064630775793264747 -5.6055668855180027e-05 0.12095367306151511 -0.0063943351628534019 0.1276492850301979 0.022678101647971342 0.082896211560283317 -0.035165696309206233 -0.02466391494808674 -0.0053562703339540543 0.038886536816766397 0.15332062017122089 -0.019380744774484857 0.036386059526324954 0.0049604805590867194 0.051446737664792352 -0.032086565544549736 -0.018817908506302067 0.069884080517670769 0.016132440872823228 0.054706545673890931 -0.011207419733371372 0.080520745483243686 0.018775871866680196 -0.010738093479014253 0.040216095215383607 0.076551351752813204 0.038716131816605409 0.075723152119813189 0.0066722664475653438 0.11788725803157235 0.001999604446822604 -0.03518636660895761 0.0016718372270391059 0.10625171056299131 0.10441342203761529 0.04098265523343543 0.0087338260618394694 0.091429826623237689 -0.040448913596766722 -0.0012105901879484462 0.0085703768808178104 0.06726548112362854 0.057831533483195384 -0.058752409581159092 -0.032786277756565799 -0.024833242484633672 0.048796255842837297 0.078423823209312044 -0.015603296098123309 -0.048046407050868302 0.041518641203594407 -0.0086760522556252415 0.095612601060216879 0.015179790774327455 -0.0083556765005114286 -0.018165184051575682 0.039239127962364111 -0.016139233080848168 0.10860983846594145 0.021757182733707355 0.0067773050665414806 0.089376040562331893 0.025618493006381086 0.042620364952134393 0.017256422603082969 0.040750693542948961 0.024969021506134479 0.071984221853884839
leaf_weight=1736.8336176797748 803.88047769665718 80.864438205957413 373.94256357103586 45.047201871871948 1331.7778886407614 87.490694299340248 205.79589138925076 84.9336823746562 272.0170796662569 450.48928037285805 830.64549300074577 203.97739253938198 25.949481591582298 18.977562353014946 111.11752712726593 318.81299883127213 886.36008167266846 1259.1710737347603 141.18405778706074 186.92601391673088 96.378677383065224 236.70430183410645 44.204206749796867 21.777340292930603 678.94457296282053 834.02523522824049 802.90551920980215 689.84021110832691 582.03545770049095 135.32243170589209 271.78975397348404 147.75357210636139 23.750312983989716 1134.2758346349001 5.2692886069416991 135.25533156841993 23.799366161227226 554.97582645714283 880.12427227199078 235.16986442357302 1152.5678425878286 82.24047639966011 180.56795623898506 1431.0685520023108 44.71648807823658 577.81019321084023 8.5755284577608091 25.254904627799988 76.641053006052971 80.610212326049805 344.06954487413168 228.34164416790009 487.43529660254717 610.9812148436904 819.57671494781971 764.4363899230957 105.22535745799541 396.24014019966125 522.27484203875065 649.65064468979836 319.18646977096796 187.21089398860931 9.5943288356065732 31.505853109061718 60.078976459801197 6.1520868092775336 510.70295093208551 18.978448875248432 218.86446223407984 477.6035483404994 6.1026375740766516 1073.2911724224687 222.79390922188759 218.17158977687359 325.54812368750572 431.03167178481817 317.16684140264988 101.1639409288764 8.343706473708151 107.05928240716457 241.49565514922142 208.57821796834469 189.78750362247229 195.26830026507378 54.15565712749958 41.224578246474266 9.9015533626079542 448.6860323548317 145.4039042443037 9.3349839150905591 348.65677292644978 245.21007999777794 9.379787400364874 2845.8063881546259 616.91972394287586 385.31300082802773 647.23977129906416 396.37528109550476 58.93911936879158 201.18135181069374 244.0245163589716 34.434492006897926 1193.8518814817071 935.20000106096268 53.699357219040394 175.44768438488245 28.382656194269657 12.132510326802729 9.4008709341287595 229.96916648745537 530.99699854105711 7.8541589230298987 78.625212728977203 8.738849878311159 44.64921735227108 66.216351017355919 1180.1989162638783 408.81027694791555 60.187679067254066 40.43057057261467 9.4394752457737905 560.26566699892282 55.780285120010376 22.225774884223938 13.130038172006605 913.90144532173872 1461.6301113292575 23.22261605411768 418.19845253229141 55.543796226382256 34.377664268016815 8.9983839094638807 224.81744655966759 783.20034617185593 68.702148944139481 70.77425317466259 157.12940430641174 21.706044584512711 20.094391003251079 11.295525908470152 424.77642969787121 10.858708590269087 105.9434701949358 7.2939465939998618 57.146725460886955 105.36304640769958 587.39231245219707 6.9482448548078528 77.813860654830933 62.636668525636196 1007.5217403769493 13.069685935974119 183.91399998962879 12.225740641355513 24.154487162828445 84.088196970522404 133.18281557410955 26.757351785898209 32.93295381218195 27.899144425988197 56.011029042303562 329.25780851393938 30.056643515825272 455.05695497244596 8.7114185839891416 229.01907049119473 399.64250737428665 310.60659102350473 11.815119862556456 150.81960374116898 663.0192906409502 6.475888028740882 1170.1300336271524 360.46629413962364 381.72107495367527 59.502979904413223 83.468392893671989 52.488802447915077
leaf_count=14611 5527 549 2146 307 6329 517 1073 506 1317 4033 6209 1113 122 97 524 1832 5159 8059 1136 954 448 1278 227 144 4167 5257 4851 4410 3386 1144 1501 909 138 5477 37 950 136 2930 4313 1581 7886 542 1052 6719 226 2903 42 139 434 477 1983 1198 3009 5094 5056 3699 595 2287 2951 3438 2039 977 44 219 372 43 3204 127 1365 2833 36 6390 1274 1242 2126 2330 1815 628 40 493 1226 944 1144 933 260 208 53 2262 689 44 2940 1562 50 19515 3272 1777 4845 3081 297 996 1231 176 6754 5925 414 1380 214 70 45 991 2845 39 419 45 212 296 8372 2796 425 264 60 3868 250 109 72 7246 11103 140 2464 325 198 49 1225 4400 395 321 720 97 100 55 2279 51 529 44 267 576 3183 40 439 429 5003 62 863 70 115 524 801 166 206 179 358 2093 133 2723 45 1598 2167 1946 53 660 3612 35 5874 1613 1772 277 481 272
internal_value=-1.92538e-06 -0.010495 0.011599 -0.00278891 0.0157482 -0.0064265 0.0123695 -0.00110487 0.0100255 -0.0218468 -0.0163588 0.00741847 0.0193373 0.0268642 0.00392795 -0.00160157 -0.00153172 -0.00788685 -0.0163807 0.0244613 0.0438098 -0.000784418 0.0202699 0.0113367 -0.00672859 -0.0105593 0.00428795 -0.00791923 0.00497099 -0.0337424 0.0010547 0.0132784 0.0149645 0.0310654 -0.0229065 0.00038912 0.0247414 0.0113038 0.00796307 -0.0107257 -0.00141967 0.0187617 -0.0106566 0.0276355 0.018159 0.0271802 0.0807046 -0.0028384 -0.00402969 0.0255378 0.0177832 0.0264086 0.00400531 -0.0293548 0.0063853 0.0210483 0.0136148 -0.00784273 0.00658344 -0.00298239 -0.00726409 -0.000835721 0.0347625 0.0268441 0.041209 0.00384829 -0.00432435 -0.0417036 0.00160301 0.000519417 0.0607193 -0.00388976 0.00599074 -0.00913426 -0.00311151 0.031675 0.000971406 -0.00329586 0.0217677 0.0170362 0.0105364 0.0196612 0.0243063 0.0611919 0.0519704 0.0993629 -0.0259584 0.0256247 0.0411931 0.0574953 -0.0213304 -0.0101096 -0.0396071 -0.0145252 0.00491259 0.0349968 -0.0431169 -0.0176552 0.00645126 0.0171075 -0.00719999 -0.00958298 0.00198049 -0.019963 -0.0252663 -0.00642358 0.0412445 -0.0143323 0.0372776 0.051215 0.00272908 -0.0212043 0.00520067 -0.0126298 0.0306958 0.0586541 -0.0264011 -0.0157102 0.00346259 0.0245401 0.0606075 -0.0300848 0.0719665 0.0824408 -0.0280456 -0.0268911 -0.0241371 0.00959926 0.00739927 0.00190771 0.0295107 -0.0172452 0.00544782 -0.00437064 0.00679696 0.0594475 0.0348906 0.0131542 -0.00440915 0.0467496 -0.00683838 0.0504536 0.0286313 0.000147635 0.118394 0.00957 0.0136398 -0.0160544 -0.0233191 0.0089784 0.0150492 0.0314937 0.0484957 0.0266514 0.00236251 0.00459128 0.00825207 -0.000580976 0.0360285 0.0278716 0.0117343 -0.0189765 0.0478627 0.0204759 0.0598321 -0.0297325 0.0358896 -0.00822901 0.0332953 0.0280814 0.000105099 -0.0179339 0.0271813 0.0316602 0.0228705 0.0544399 0.00487367 0.0380169
internal_weight=55556.1 29170.9 26385.2 17375.6 19889.1 14420.9 15487.2 6496.07 13761.8 11795.3 6814.38 11656.8 2640.44 1921.62 9016.31 9712.93 5181.18 4206.09 4707.96 2105.07 517.176 718.82 1612 2289.98 5456.51 4048.68 1407.83 2049.98 4256.42 1648.41 3259.98 938.865 2954.74 1725.38 2657.97 307.876 704.632 3835.12 3109.72 5165.98 1489.53 336.959 2144.57 4401.9 1587.9 896.827 110.439 3053.55 994.591 157.251 996.45 677.637 1054.76 4980.88 1837.17 1899.99 449.295 1954.62 1009.71 1222.08 2250.78 397.664 1944.13 159.491 127.985 248.616 2434.54 1116.71 991.605 1297.18 88.3431 2321.11 804.829 1516.28 1679.78 452.809 1600.51 1283.34 2457.76 1647.73 796.243 786.388 413.235 309.626 249.424 60.2021 2350.1 725.401 276.715 165.598 1152.54 989.937 189.948 3676.45 3036.62 1519.59 1097.73 531.698 691.071 388.107 302.964 837.34 2419.7 1614.14 3244.04 257.53 82.082 331.319 432.843 402.198 554.747 234.233 86.4794 667.101 1541.93 110.866 2340.2 599.732 190.922 110.058 49.87 1740.46 245.159 189.379 148.385 2986.51 2375.53 660.286 637.063 415.47 89.9215 895.358 442.989 1225.85 442.645 93 294.245 1353.48 692.871 31.3899 661.481 156.263 1103.74 242.464 65.7223 802.772 692.755 110.017 103.069 67.906 1887.65 997.8 221.138 776.662 37.2242 772.642 688.554 522.438 166.116 110.668 83.9102 574.468 187.186 539.991 17.4503 370.203 423.442 411.771 172.229 162.635 1059.26 210.453 1214.33 810.034 449.568 67.8467 170.959 242.276
internal_count=336477 194745 141732 105597 101159 89783 80710 40573 72383 89148 49086 62078 13558 9724 48520 57869 29176 26981 31914 10305 2445 3834 8226 13592 33528 25176 8352 13448 24341 13230 18733 5216 15814 8327 18466 2079 3849 19344 15774 35856 10132 2246 12209 20449 7860 4382 535 18514 5938 911 5608 3776 6267 40062 11118 9547 2578 11107 5960 6458 14137 2125 8975 1057 838 1668 15084 9005 6078 7889 578 13517 4660 8857 10714 2474 9827 8012 11474 7772 4209 3847 2414 1498 1193 305 16387 3570 1308 784 8467 6304 1102 25724 16967 7254 8878 4225 3478 1950 1528 5027 13695 10092 25451 2008 628 2109 2348 1748 2983 1367 458 3528 7227 508 16334 4094 1298 749 324 12240 1128 878 1022 23443 18349 3969 3829 2649 523 5208 2467 6941 2541 430 1346 6426 3712 155 3557 740 5338 1625 309 4377 3759 618 578 466 9316 4809 1040 3769 177 4808 4284 3277 1007 703 537 3655 853 3229 90 2734 2303 2574 757 713 5899 1148 6101 3702 2089 317 998 1416
cat_boundaries=0 1 2 3 4 5 6 7 8 9 10 11 12 13 14 15 16
cat_threshold=14885 4128 12588 9241 13992 14478 653 14212 12672 6163 11572 6404 12440 10380 2601 2952
is_linear=0
shrinkage=0.08


Tree=14
num_leaves=179
num_cat=37
split_feature=4 3 18 1 18 15 8 8 15 1 8 1 1 1 1 12 1 3 18 14 1 18 1 1 1 1 12 14 1 15 1 1 1 17 4 18 4 8 8 15 8 8 7 1 8 18 15 12 15 4 8 12 15 1 1 1 12 1 19 14 1 1 18 15 7 14 15 19 8 8 7 1 1 1 15 8 12 12 7 12 12 7 8 15 8 15 8 15 8 8 12 14 8 12 8 14 8 1 13 14 12 8 8 1 8 1 12 17 12 12 8 18 1 8 8 1 17 15 12 4 14 14 1 3 8 8 1 15 15 8 8 12 14 15 18 1 12 17 12 14 1 15 3 1 12 17 19 18 15 15 8 8 1 19 12 19 21 15 4 15 4 15 19 8 12 8 18 12 12 12 17 12 18 8 8 13 8 8
split_gain=869.407 254.143 214.947 160.352 155.605 87.0327 96.9819 87.6795 83.2405 79.4319 80.1324 78.4414 68.7175 58.8502 56.8607 56.3135 55.1578 50.7203 50.634 48.7321 48.5521 47.1426 46.9439 44.5512 40.4558 39.5364 39.3091 36.6701 35.9694 33.1627 31.6088 31.1547 30.0402 27.7729 27.6072 26.9911 26.9351 26.5608 31.4571 27.6342 26.3142 30.1724 25.8308 37.6867 34.5773 25.5726 24.1184 23.5914 47.1807 23.2838 23.1688 23.0529 22.7532 24.0957 21.2815 21.1676 20.7844 20.7834 20.761 20.697 22.5574 20.1471 20.063 21.6617 19.9749 19.9356 19.8946 19.8327 19.7093 19.1687 42.7164 29.3001 26.3069 25.0649 20.6806 19.2024 23.9519 19.0539 18.5572 18.4692 18.4268 18.2177 41.1334 27.5669 19.7282 18.1347 17.8538 17.7846 27.8378 42.5942 17.6693 18.1117 17.535 17.2931 17.0289 22.7079 17.6787 18.2134 16.9724 16.939 16.877 16.7404 16.4902 16.0728 15.5432 15.3585 15.3965 20.059 15.3006 15.1291 15.1079 15.0118 14.987 15.0199 14.8534 14.7403 14.724 14.6566 29.4661 21.1036 15.7458 14.4787 14.3962 14.2496 14.1604 29.5631 16.7708 21.8901 14.4292 14.1052 20.649 15.0484 14.0599 14.0236 13.9475 13.8387 17.6915 21.8202 13.8154 17.1946 13.605 13.5732 13.5194 16.7922 13.5065 13.4926 13.3818 13.3231 13.2502 13.0435 21.997 17.8612 16.3383 13.7235 13.7097 13.0197 12.7891 12.6897 12.6634 12.6041 12.5752 12.5427 14.3349 14.2132 15.7816 13.2734 12.4541 12.3695 22.8391 14.9781 12.3483 12.3259 18.2029 13.2778 13.0895 12.6625 12.3164 12.2522
threshold=16.500000000000004 9.5000000000000018 0.19486199319362643 0 0.22790057212114337 4204.5000000000009 17.500000000000004 29.500000000000004 3003.5000000000005 1 5.5000000000000009 2 3 4 5 872.50000000000011 6 6.5000000000000009 0.14650611579418185 14.500000000000002 7 0.27755488455295568 8 9 10 11 329.50000000000006 27.500000000000004 12 4058.0000000000005 13 14 15 0.040155842900276191 1.5000000000000002 0.24814073741436007 1.5000000000000002 21.500000000000004 18.500000000000004 4137.0000000000009 29.500000000000004 25.500000000000004 1.0000000180025095e-35 16 3.5000000000000004 0.28099554777145391 4204.5000000000009 911.50000000000011 2998.5000000000005 11.500000000000002 4.5000000000000009 504.50000000000006 4137.0000000000009 17 18 19 867.50000000000011 20 0.006343432469293476 34.500000000000007 21 22 0.37126529216766363 395.50000000000006 1.0000000180025095e-35 20.500000000000004 2853.0000000000005 0.012152554932981731 28.500000000000004 3.5000000000000004 1.0000000180025095e-35 23 24 25 2327.5000000000005 1.5000000000000002 1001.5000000000001 83.500000000000014 1.0000000180025095e-35 928.50000000000011 960.50000000000011 1.0000000180025095e-35 3.5000000000000004 2527.5000000000005 4.5000000000000009 517.50000000000011 23.500000000000004 4215.0000000000009 29.500000000000004 27.500000000000004 119.50000000000001 41.500000000000007 3.5000000000000004 122.50000000000001 16.500000000000004 81.500000000000014 3.5000000000000004 26 38.500000000000007 85.500000000000014 403.50000000000006 1.5000000000000002 16.500000000000004 27 16.500000000000004 28 252.50000000000003 0.0064956843852996835 232.50000000000003 911.50000000000011 29.500000000000004 0.29525707662105566 29 19.500000000000004 1.5000000000000002 30 0.030784223228693012 866.50000000000011 515.50000000000011 11.500000000000002 20.500000000000004 15.500000000000002 31 2.5000000000000004 29.500000000000004 26.500000000000004 32 4204.5000000000009 2156.0000000000005 19.500000000000004 27.500000000000004 346.50000000000006 14.500000000000002 4225.5000000000009 0.26957486569881445 33 481.50000000000006 0.033594110980629928 941.50000000000011 62.500000000000007 34 4210.0000000000009 19.500000000000004 35 559.50000000000011 0.012795149348676206 0.020411734469234947 0.088303141295909895 732.50000000000011 4015.5000000000005 28.500000000000004 26.500000000000004 36 0.0073854853399097928 317.50000000000006 0.017722420394420627 0.016972815617918972 395.50000000000006 20.500000000000004 2240.5000000000005 11.500000000000002 2708.0000000000005 0.014230588451027872 11.500000000000002 1017.5000000000001 5.5000000000000009 0.16571896523237231 295.50000000000006 329.50000000000006 275.50000000000006 0.016758652403950695 272.50000000000006 0.32321198284626013 16.500000000000004 3.5000000000000004 57.500000000000007 3.5000000000000004 19.500000000000004
decision_type=2 2 2 9 2 2 2 2 2 9 2 9 9 9 9 2 9 2 2 2 9 2 9 9 9 9 2 2 9 2 9 9 9 2 2 2 2 2 2 2 2 2 2 9 2 2 2 2 2 2 2 2 2 9 9 9 2 9 2 2 9 9 2 2 2 2 2 2 2 2 2 9 9 9 2 2 2 2 2 2 2 2 2 2 2 2 2 2 2 2 2 2 2 2 2 2 2 9 2 2 2 2 2 9 2 9 2 2 2 2 2 2 9 2 2 9 2 2 2 2 2 2 9 2 2 2 9 2 2 2 2 2 2 2 2 9 2 2 2 2 9 2 2 9 2 2 2 2 2 2 2 2 9 2 2 2 2 2 2 2 2 2 2 2 2 2 2 2 2 2 2 2 2 2 2 2 2 2
left_child=1 3 11 90 13 6 9 16 12 51 21 46 -5 93 142 19 98 32 115 31 50 30 26 -21 33 36 57 45 -24 49 -11 104 -14 -9 100 -26 -20 38 39 58 41 -17 52 44 114 105 94 48 -43 -10 -19 65 53 56 -40 68 121 108 -18 60 -7 171 63 -36 -62 -4 -47 -23 86 70 73 -72 160 74 159 -73 103 -29 -63 -68 -45 135 83 -83 144 -37 -31 88 89 -54 -1 102 -28 133 95 96 -2 -98 111 149 132 -76 -92 -77 176 106 -16 -108 -6 -107 -96 129 113 -46 -44 -15 -58 118 -55 -119 -120 -27 -123 -34 125 126 128 -128 177 -8 -131 155 -30 -3 -125 136 137 -32 139 -116 -93 -48 -12 -144 -84 166 -136 -33 157 152 151 153 154 -151 -39 -132 -105 -69 -106 -65 -71 162 -52 164 165 -163 -127 169 -169 -137 -94 -22 173 -173 -174 -175 -13 -25
right_child=2 4 5 8 22 59 7 24 29 10 14 15 17 18 27 40 37 20 25 23 61 67 28 124 35 42 92 77 34 55 81 147 123 -35 62 85 -38 99 54 -41 -42 47 43 80 112 66 141 -49 -50 -51 161 -53 87 117 -56 -57 116 -59 -60 -61 64 78 -64 69 -66 -67 79 148 -70 72 71 75 -74 -75 101 76 -78 -79 -80 -81 -82 82 84 -85 -86 -87 -88 -89 -90 -91 91 140 170 -95 110 -97 97 -99 -100 -101 -102 -103 -104 156 158 109 107 -109 -110 -111 -112 -113 -114 -115 138 -117 -118 119 120 -121 -122 122 -124 134 -126 145 127 -129 -130 130 131 -133 -134 -135 146 167 -138 -139 -140 -141 -142 -143 143 -145 -146 -147 -148 -149 -150 150 -152 -153 -154 -155 -156 -157 -158 -159 -160 -161 -162 163 -164 -165 -166 -167 -168 168 -170 -171 -172 172 174 175 -176 -177 -178 -179
leaf_value=-0.044563383842550756 0.023934294829454146 0.010009371060800541 -0.015834711092007993 0.022085228269549315 -0.038326786061655169 0.0053596669912933971 0.032417355603297109 0.023883684294766307 -0.04078078203670394 0.0043096415072153707 -0.00059684020565036735 0.015558122387752178 0.0042192184828513737 -0.0098595996059158419 -0.018200883110401224 0.014589905651112161 0.16370445057668725 0.020121670464454459 0.027580979998280068 -0.022560958719771155 -0.029511488749403444 0.079881453054658116 -0.029985287749304593 -0.0090441403373619032 -0.015401995525017326 -0.025105195319611119 0.13643012496485674 0.038956365879823242 -0.0036108202618371356 0.0078236443947580312 -0.0087166091865545723 -0.048891860523407119 0.013280345332782849 0.093944687387738604 -0.028244465515919259 0.077538444349091545 -0.021790849214310199 0.023852335942016526 -0.0036386283042577142 0.16265772794654049 -0.035208501081966825 0.1747752384866289 0.0032220270737396209 -0.01118879556996411 -0.01737166676907061 0.016161545531103511 0.11855016582264308 0.02751429915448857 -0.058534620923866028 -0.0088970941625136097 -0.021566545362016975 0.025965180354221851 0.047509910062109618 0.0010960871747845667 0.031365769558217509 -0.02836093912766563 -0.0031610967373485767 0.029386580107918451 0.044121577746576233 0.090478927368192644 0.042120861550370842 -0.011645785294236185 0.070123583200020809 0.014056371473065883 0.087566914970266141 0.003697427846529371 0.13699222559956153 -0.0023760583695746373 -0.057872530186222633 -0.035650021408485728 0.083741244082951721 -0.008805119294075632 0.008342518808399849 -0.0057529299017512652 0.085596133357896273 -0.014088601650230808 0.17451596888551865 0.017748121170943373 0.0025788335792062528 0.031255107520553473 0.10178978656074547 0.028345253918635717 -0.033679961378970578 0.065148049588491408 0.021734830222549798 0.0091659218217449989 0.087157104041027583 -0.0046748016391334529 -0.017018271264319304 0.25408296122806984 -0.037372035306201826 0.001398771669730201 0.026883713651321188 0.055130127258969756 0.040241616188610142 0.074448444531878322 -0.012005907000618838 0.013430256705407442 0.086788063371603746 0.11753950827688099 0.037208675430354415 0.023180553921841748 -0.019696143755641125 0.074752314357617311 -0.00051372040228492072 0.0082108925756316804 0.10092107135807815 0.0011606487514325197 0.014053465639550448 0.047030447114178323 0.0015648212436378565 0.059558236032789723 0.012381852268910887 0.019362644692094703 0.046395896137991798 -0.03215783290857497 0.061040616529525152 -0.024240514075886465 0.038791558387279858 -0.0032125643394053929 0.13825280476098267 -0.0029803641946713954 -0.022814998971197667 -0.029019625790946964 -0.01810213063933527 -0.024170857048458276 -0.0067578179701378036 0.053734832780760106 0.012496949018441067 -0.0053636260228403397 0.12168135902324162 0.0028423558415430761 0.1034660395168239 0.13245590708256688 0.03902762995502785 0.024548048142288989 0.032690636501521472 0.045991890972432115 0.15069344624151007 -0.080506102962870738 -0.028161151921944422 0.041313132191809432 0.002925625252741862 -0.030643231152242722 0.059920916278821255 0.07072160974512863 -0.016289799122925809 -0.018658541432958597 0.025038180122552326 -0.003315555311511802 0.0015172921753971473 0.1608025918777681 0.04100180075146078 0.10203614597809241 0.097690558282376064 0.038036681894491157 0.027509556713686538 0.044732664329175852 0.050557018555959773 -0.055621408057703423 -0.0035377080746217134 -0.035965802219454945 0.0010565656051724714 -0.0010898571075961705 -0.052947346413437221 0.086776604034013799 0.048100217338492054 -0.015364320674402875 0.021753534487791257 0.059155975610097777 0.1002151178884781 -0.02046330036622165 0.11995500436765617 -0.0068230343526811156 0.010729118287317407 0.045520808552576682 -0.014484626785932979 0.058694334621791563
leaf_weight=726.68568453937769 280.03068919479847 484.33093262463808 873.8747356235981 408.11783593893051 57.680252209305763 106.86605043709278 141.05488461256027 231.71663004159927 1024.145370349288 955.23978261649609 1275.4767076522112 123.83656670898199 265.67071606218815 289.29876784980297 301.06561495363712 736.32394415140152 9.7470343858003599 452.38140993565321 74.065595015883446 484.3998821824789 478.03218404203653 59.238210320472717 174.99921350181103 344.4342078268528 423.76340061426163 1098.4320188835263 24.009127572178841 387.46254877746105 129.10652087628841 177.16110610216856 366.34856575727463 98.639549724757671 61.353812493383884 42.902986750006676 130.42818254232407 26.690339580178261 1556.89612916857 19.403527483344078 159.00649844110012 14.937161803245543 60.834217593073845 24.11420035362244 68.508518122136593 957.02609048783779 292.42753804475069 1039.3640426695347 17.687406048178673 38.220156833529472 7.1900111138820639 171.09063801169395 238.30324675887823 137.35121822357178 66.416487626731396 456.33741857856512 387.13614378869534 197.8446796759963 411.52079150080681 394.9536057934165 191.40482412278652 61.377766355872154 330.08147019147873 1959.4778155907989 29.45708204805851 131.68658757209778 76.202677667140961 541.74972915649414 16.727996677160263 39.285166919231415 26.193904906511307 81.713241912424564 62.268180251121521 81.873104900121689 1984.7220544293523 569.63486394286156 49.182701632380486 40.897838979959488 7.7682262957096091 903.0563797801733 837.97039376199245 28.714934512972832 9.3065016567707044 291.34198470413685 83.465727150440216 235.66442908346653 199.23094664514065 351.78969313204288 20.205828718841076 132.64800651371479 37.87698519974947 7.0478305593132964 1524.7877485007048 189.89844296127558 37.300792098045349 66.022361844778061 244.15416929125786 32.936966359615326 366.77633096277714 335.21542416512966 20.699591159820557 24.512982800602913 275.99621513485909 62.404963403940201 434.02204923331738 56.319955691695213 58.666180051863194 984.60537087917328 13.052342697978018 959.19062122702599 93.536503300070763 68.717277839779854 87.91049300134182 41.994465216994286 519.6015956401825 94.155551090836525 200.04477235674858 787.17816291749477 24.183544814586639 381.49332027882338 42.821793295443058 1532.1074435636401 13.35687694698572 555.16181520372629 410.11498578637838 1618.6263702809811 184.44397966563702 26.513720281422138 1062.0932835564017 39.69321545958519 1219.4623568430543 372.64167545735836 16.606906101107597 52.667888507246971 8.3330728113651258 6.0382282435894004 30.593126960098743 376.43424369394779 123.53026986122131 53.4444689899683 7.755623146891593 7.054697945713996 208.43752062320709 82.249086439609528 162.01146115362644 232.12293986976147 11.167470157146452 59.175753369927406 326.13242799788713 1715.0014986246824 688.38722403347492 11.259937703609465 17.090951517224312 22.478624492883682 745.22691151499748 26.591362923383713 94.818534582853317 42.092972680926323 105.18906326591969 534.08691422641277 66.041436433792114 18.990885749459267 1729.1207338944077 6.5236793980002394 723.19248936325312 73.083777368068695 7.7674900144338599 41.020124912261963 35.89614649862051 127.76429113745689 625.09841771423817 101.65465278923512 24.254607260227203 910.30209141224623 10.112106576561926 216.32933431118727 22.876301899552345 34.238919124007225 296.13864413648844 17.958537176251411
leaf_count=6102 1587 3055 4927 2658 315 492 697 1152 8822 4842 6801 740 1968 2104 1644 4099 47 2841 364 2945 3523 277 993 2033 2251 7354 116 1928 632 1400 1946 818 446 194 732 117 9931 86 803 65 359 121 410 5956 1777 4878 81 192 43 1282 1638 705 379 2966 1846 1708 2655 2146 895 268 1494 13699 140 726 317 2828 73 191 207 497 311 415 10918 3146 267 213 35 4457 5649 129 54 1389 417 1093 1015 1661 158 769 225 39 12189 1475 187 392 1311 164 2167 1934 108 107 1280 339 3447 286 349 5172 64 4820 476 342 502 186 3219 543 1182 5822 138 2555 265 9849 84 3565 2691 12966 1106 152 6318 194 7108 1851 78 250 39 34 199 1981 639 262 44 41 1686 397 885 1259 56 304 2208 10946 3178 50 73 96 3502 116 446 198 521 2434 379 104 9621 46 4560 479 44 277 190 672 3221 525 122 6597 63 1566 143 242 1835 102
internal_value=-0.000227389 -0.00932221 0.0108202 -0.0175458 -0.00281041 0.0159761 0.0148964 0.026721 -0.012728 0.0116729 0.0140082 0.000149747 -0.00964979 -0.00875144 0.00811514 -0.00350447 0.0351968 -0.0112207 -0.0101528 -0.00633717 -0.00736722 0.0217448 0.0070784 -0.000312157 0.00774113 -0.00819256 0.0276105 0.0126029 0.00475818 -0.0294137 0.0169442 -0.0152126 -0.021331 0.0336122 0.00590472 -0.0015157 -0.0194293 0.0428132 0.0319067 0.0577427 0.0155176 0.0193478 -0.00565647 0.00169204 0.011176 0.00828426 0.0169746 0.0697166 0.121185 -0.0362171 0.00487108 -0.00528971 -0.008732 -0.00991328 0.0216824 -0.0101162 -0.0154099 0.020147 0.0499342 0.0465774 0.0413225 -0.0115754 0.00431607 0.00393656 0.0494326 -0.00835996 0.0184278 0.0346468 0.0069871 0.00477923 0.0136558 0.0369167 0.00200499 0.00374792 0.0236981 0.0232637 0.0368624 0.0241162 -0.00735854 0.0702277 -0.0099949 0.0214953 0.0314326 0.0448047 0.00744979 0.013992 0.0159548 0.0151136 0.038685 0.067401 -0.0335476 -0.0302934 0.0784588 0.016405 0.0142781 0.0091327 0.00694032 0.000160713 0.0152638 0.0519048 0.0258033 0.0507024 -0.0334558 0.0315601 0.0017074 0.00355462 -0.00237444 0.00250229 -0.00556156 0.0106434 0.0300032 0.0132702 0.00364257 -0.00821169 0.0356599 -0.0265559 0.000405423 -0.00416979 0.00782777 -0.00740491 0.0624861 -0.0188236 -0.011675 -0.0245639 0.00335707 0.00478012 0.00303186 -0.00453625 0.00827949 0.0101583 0.00367008 0.0338921 0.00289758 0.0115233 -0.0258638 0.0170185 0.00597201 -0.00174945 0.0460015 0.0420646 -0.0147416 0.0550072 -0.00457129 -0.0175484 -0.0226224 0.0433599 -0.0115435 -0.0201921 0.0325217 0.0501846 0.0816399 0.104329 0.047349 0.0707133 0.0783008 0.0617392 0.0414273 0.041505 0.0265362 0.00526726 -0.00495981 -0.00141459 -0.00455087 0.0220683 0.0526552 0.0699254 0.0173995 0.0216696 0.0154542 0.0319091 0.0558051 -0.0185452 -0.0143091 -0.0159746 0.044271 0.000333019 -0.00562566 -0.00568381
internal_weight=55378.4 30373.6 25004.7 13422.6 16951.1 16858.7 16284.2 3488.24 10338.7 12795.9 11243 8146.04 8722.11 10589.2 6371.57 6699.08 2411.37 8313.99 10032.8 5832.39 6011.61 4871.38 6361.83 3474.07 1076.86 8956.36 631.735 4701.96 5730.09 1616.64 3550.39 2358.32 2302.38 274.62 5555.09 802.243 1630.96 1723.61 762.232 216.089 866.683 805.848 7325.4 2155.88 1189.55 3411.44 1446.96 69.5244 31.3042 1195.24 1542.27 1552.98 5169.52 4925.53 546.143 421.406 2499.41 546.17 201.152 574.528 513.15 4469.34 5141.66 5112.2 406.284 1415.62 1084.81 1321 223.561 4981.77 1186.22 354.316 3795.56 831.9 262.265 292.048 210.175 1290.52 2797.45 45.4429 966.333 2595.15 820.871 527.006 293.864 378.48 197.367 243.989 111.341 73.4643 3083.83 2357.15 85.5645 556.392 1347.02 1014.96 982.022 701.992 687.758 961.383 413.436 111.588 1958.81 202.407 544.683 2326.63 1273.31 972.243 151.217 1053.32 332.065 667.059 906.185 386.583 283.364 1076.48 435.704 2426.12 512.516 1913.6 56.1787 2063.71 965.277 2036.71 2989.67 2805.23 2683.64 1101.79 1581.86 625.064 484.009 111.368 137.44 490.369 1975.35 1774.27 543.323 419.793 214.855 207.099 398.336 99.9365 1669.61 394.134 94.6332 121.586 356.726 1813.64 1261.76 936.87 77.4209 60.3299 859.449 37.8513 114.222 58.6999 161.509 573.372 124.708 150.677 1810.83 1089.89 961.496 128.395 55.3113 47.5438 62.4099 1230.95 752.863 478.089 61.5554 1671.89 1193.86 1160.87 32.9884 250.568 419.975 362.393
internal_count=336299 203327 132972 100288 103039 84496 81925 16875 75389 65050 56590 48476 61812 68462 32452 40333 11500 59154 64981 35519 41367 24138 34577 20452 5375 57055 3362 23507 31215 13577 18058 15067 17787 1346 30222 4029 10295 8132 3656 1007 4814 4455 46760 13226 7216 17122 8143 356 164 10104 9885 8460 33534 32122 2649 3473 16403 2937 942 2571 2303 31482 28271 28131 1811 7755 5080 6080 1765 27399 6363 1781 21036 4582 1436 1470 1055 6385 19348 202 6010 13216 3970 2482 1488 1778 1558 1412 643 418 24899 18797 425 3481 7665 5852 5688 4101 3368 4476 1951 606 15636 1020 3303 12042 6528 4884 791 5514 1813 3260 5539 2320 1677 7926 2793 15719 3315 12404 349 13610 6256 15819 17507 16401 15755 6512 9243 3074 2377 526 671 3089 15373 9246 2847 2208 1267 1223 3161 478 8945 2144 473 646 2407 11764 5803 4369 335 262 4034 166 532 276 807 2625 728 830 10118 7044 6198 846 367 323 342 6399 3893 2506 309 12134 8611 8405 206 1808 2575 2135
cat_boundaries=0 11 22 34 45 56 67 77 88 99 110 121 133 143 154 165 176 187 198 208 217 221 228 239 247 258 268 279 288 299 309 320 331 342 353 363 373 383
cat_threshold=8388612 3072 4194305 0 335544320 134291456 1048576 2152071169 134221826 1209009730 4718657 2097280 2333081600 257 1 805306372 142606376 8388608 5242880 4099 537143296 2155872832 67174404 16 4353 33556488 268435488 392 67108864 4849664 139461632 136445954 655425 8 128 2149613568 115200 8912896 134223904 4224 2155872256 130 18874400 2147487744 16842752 2415935488 1073741824 10535168 17039744 51382272 64 32 2151686208 16777218 2097226 65536 17301504 69207046 130 2684616968 0 1183744 4194560 526338 2098200 1183744 4195328 268435456 4199424 262432 131076 536872960 537067584 576 16816130 134217744 538444032 16908289 1073741952 266272 671221774 8196 131136 67110048 25165888 67108864 35790848 268435456 0 1024 262146 705953792 67108864 65536 2151677968 17045506 1075840000 1048576 16777216 2 100663296 18907264 8421504 14340 1077936128 656 16778272 1143017488 3072 1280 8388608 16778240 16777344 33554432 268435456 536870912 8388672 4096 0 536870976 256 260 3076 272637952 33570822 536870912 1073872896 176160768 557057 76551176 0 4194561 16 8388608 150994944 2048 5 1052672 20736 512 512 1048608 2105344 1048576 4194304 134217760 4 2147489792 4259840 524800 25166338 137363496 1075840008 268961024 131328 2048 0 131072 4 134283296 0 1048578 24 536872256 2147483648 136314880 1078984706 1048576 2281701376 2147516800 33587200 268435968 16778752 1149239296 655360 2147483904 1048576 25165824 262305 8 335544320 65568 1573120 17176576 134217728 1075053696 524864 1048576 29360128 134480032 131072 268435456 536896672 68681728 16778240 134217728 134350720 524352 0 16777216 150995072 8 0 134217728 0 2147483648 0 262144 0 29364224 150994944 0 0 0 8913088 2050 2097176 0 0 0 33554432 0 1024 0 0 268435456 0 8912960 67633152 8388612 134217856 34603008 2147483648 541066504 33554432 32768 1086324752 537657344 8388864 0 0 0 131072 0 131072 64 2147483649 271073408 71307264 134217856 2147483904 2684354560 134218752 262208 2155872264 134217736 1073743112 590144 1572864 0 0 8 2048 671219712 0 8388608 134217728 256 0 16 256 33556488 0 8 0 4849664 0 134348802 64 0 0 150994944 0 0 536870912 0 0 16 8388608 4194304 285212704 33554432 2048 66560 524352 25170433 1073741824 320 256 0 16777216 129 0 67108864 0 0 17041408 0 1310720 16777216 92275712 160 4 2155872384 1610679552 2215116816 16809988 1212220416 4456448 135168 1048576 25165824 134480032 131072 0 536871936 0 0 0 134349056 64 9568256 29360128 268435458 655360 1140850752 671106080 5898496 262144 0 1079246848 2415919108 285212672 1024 4194432 33554440 0 0 34603008 36864 128 64 4 8388608 1024 0 0 0 0 1048576 0 134217728 1073741824 0 0 128 0 0 0 0 0 8 1048576 0 0 0 0 0 0 1048576 1 0 262144
is_linear=0
shrinkage=0.08


Tree=15
num_leaves=179
num_cat=16
split_feature=20 5 5 16 16 16 20 15 15 4 4 15 16 20 0 5 15 20 7 15 4 11 16 14 14 15 14 5 16 5 15 15 5 0 5 15 7 0 15 11 0 16 18 16 0 20 11 0 19 14 14 16 21 0 15 15 21 18 16 15 15 0 11 14 0 18 16 0 19 15 14 21 15 20 7 20 20 7 0 15 0 16 19 0 3 15 5 21 19 21 14 19 15 21 18 20 21 11 5 21 15 3 14 18 21 20 15 4 15 11 16 18 14 14 21 16 5 18 3 11 15 18 11 4 15 18 0 20 15 15 15 16 19 14 0 15 15 21 5 15 21 20 18 11 4 14 14 15 15 18 15 5 20 20 5 7 18 15 21 19 20 14 20 15 5 18 19 0 20 19 21 15 20 14 11 15 15 19
split_gain=830.049 291.655 158.349 146.28 123.896 93.1517 85.9421 69.2909 57.995 45.101 42.7777 40.7504 40.711 39.6711 38.8399 48.5424 38.2206 37.2287 31.9756 29.3596 28.1041 27.5381 26.5616 25.5289 25.171 25.1534 24.3858 23.9405 23.5038 22.8872 24.6818 22.4231 22.385 22.2974 26.3266 21.7671 20.9872 20.9709 24.8264 20.8958 21.103 20.3933 20.3206 20.1741 19.6395 19.2449 18.4078 17.6384 17.2204 17.2124 16.9701 16.8325 16.7971 16.7601 48.2073 16.5359 16.1858 16.0342 15.8176 15.7546 22.4802 17.3168 16.3434 15.5183 20.0364 15.4325 15.2937 15.139 17.1826 14.7457 14.5619 15.7823 14.3816 14.3782 13.868 13.6578 13.3964 13.2013 15.1121 13.1343 23.0334 13.0652 12.9991 12.9867 12.6356 12.6278 12.5617 12.3657 12.3018 12.7921 12.2843 12.283 12.2435 12.2235 14.4873 12.0992 11.9882 11.9681 11.8808 11.8646 11.7768 17.0625 16.4747 11.7711 12.9167 11.4198 11.3006 11.2539 11.2224 11.1391 11.6242 11.0038 11.6918 13.6013 12.9231 12.5579 10.9577 10.9234 11.684 10.652 10.5917 10.5352 11.1125 10.4806 10.4352 11.1306 10.4169 10.3657 10.2427 15.7365 16.4762 12.9567 11.35 10.0813 10.0755 12.1992 13.225 10.5986 13.73 10.6525 10.2178 10.0085 14.3525 9.98459 9.90885 9.87707 9.75731 13.0779 12.6512 12.4 11.4577 9.7463 10.8295 9.72205 9.71608 11.9219 9.69999 9.62603 16.7034 9.59786 9.58653 9.58132 9.4667 9.45994 9.49489 9.83197 9.45281 11.5475 12.3967 9.69222 9.51716 9.43536 9.38543 9.32191 9.28587 9.25993 9.25345 9.13873
threshold=0.19274173676967624 780.50000000000011 505.50000000000006 0.19105868786573413 0.2352879270911217 0.15019429475069049 0.27105884253978735 4204.5000000000009 4102.5000000000009 16.500000000000004 11.500000000000002 4015.5000000000005 0.32552374899387365 0.25454132258892065 0 455.50000000000006 3034.5000000000005 0.12853561341762546 1.0000000180025095e-35 4245.5000000000009 17.500000000000004 6.1600604057312021 0.24029549211263659 37.500000000000007 18.500000000000004 3034.5000000000005 84.500000000000014 800.50000000000011 0.21778025478124621 1035.5000000000002 2799.5000000000005 4215.0000000000009 1280.5000000000002 1 525.50000000000011 3802.5000000000005 1.0000000180025095e-35 2 395.50000000000006 3.0877060890197758 3 0.26198425889015203 0.1144964136183262 0.2857442051172257 4 0.13878814876079562 5.2020738124847421 5 0.014988915529102089 16.500000000000004 28.500000000000004 0.13131565600633624 0.064916726201772704 6 625.50000000000011 4340.5000000000009 0.016972815617918972 0.22502382844686511 0.11986336857080461 4015.5000000000005 4115.5000000000009 7 3.3045548200607304 16.500000000000004 8 0.27931877970695501 0.26000402867794042 9 0.03188676945865155 2810.5000000000005 76.500000000000014 0.0041896745096892127 851.50000000000011 0.31964175403118139 1.0000000180025095e-35 0.19392685592174533 0.093677766621112837 1.0000000180025095e-35 10 4015.5000000000005 11 0.22906877845525744 0.00679909740574658 12 3.5000000000000004 891.50000000000011 885.50000000000011 0.023951421491801742 0.023907083086669449 0.020799331367015842 76.500000000000014 0.010416885372251274 3100.5000000000005 0.01176094636321068 0.30511933565139776 0.1981795281171799 0.0099767702631652373 5.5557777881622323 890.50000000000011 0.058738900348544128 606.50000000000011 3.5000000000000004 55.500000000000007 0.17819065600633624 0.044129665940999992 0.23493748158216479 3215.5000000000005 9.5000000000000018 3568.5000000000005 5.7172064781188974 0.19889145344495776 0.2104495316743851 68.500000000000014 30.500000000000004 0.054607743397355087 0.26000402867794042 660.50000000000011 0.21496707946062091 1.0000000180025095e-35 2.5608218908309941 2457.5000000000005 0.28695762157440191 6.9101161956787118 17.500000000000004 3981.5000000000005 0.21757081151008609 13 0.23827754706144336 2708.0000000000005 763.50000000000011 2509.0000000000005 0.27427771687507635 0.051473302766680724 84.500000000000014 14 2919.5000000000005 2907.5000000000005 0.010303616523742678 885.50000000000011 2925.5000000000005 0.0036117613781243567 0.17224472016096118 0.29268360137939459 6.3690257072448739 18.500000000000004 11.500000000000002 23.500000000000004 726.50000000000011 2810.5000000000005 0.32049898803234106 658.50000000000011 1145.5000000000002 0.23074300587177279 0.21752192825078967 1265.5000000000002 1.0000000180025095e-35 0.18146943300962451 711.50000000000011 0.035787720233201988 0.041705675423145301 0.2456961274147034 5.5000000000000009 0.1225511282682419 686.50000000000011 675.50000000000011 0.28099554777145391 0.009158991742879154 15 0.16646107286214831 0.013637503143399956 0.025482421740889553 432.50000000000006 0.17945317178964618 35.500000000000007 4.0388979911804208 4037.5000000000005 420.50000000000006 0.043801637366414077
decision_type=2 2 2 2 2 2 2 2 2 2 2 2 2 2 9 2 2 2 2 2 2 2 2 2 2 2 2 2 2 2 2 2 2 9 2 2 2 9 2 2 9 2 2 2 9 2 2 9 2 2 2 2 2 9 2 2 2 2 2 2 2 9 2 2 9 2 2 9 2 2 2 2 2 2 2 2 2 2 9 2 9 2 2 9 2 2 2 2 2 2 2 2 2 2 2 2 2 2 2 2 2 2 2 2 2 2 2 2 2 2 2 2 2 2 2 2 2 2 2 2 2 2 2 2 2 2 9 2 2 2 2 2 2 2 9 2 2 2 2 2 2 2 2 2 2 2 2 2 2 2 2 2 2 2 2 2 2 2 2 2 2 2 2 2 2 2 2 9 2 2 2 2 2 2 2 2 2 2
left_child=2 3 16 10 7 42 14 13 9 22 25 12 24 18 15 69 17 84 32 27 39 49 45 44 37 65 28 56 63 30 73 82 58 34 43 -36 66 72 -39 40 -15 144 -4 -8 52 103 -29 -24 96 -17 -37 -12 117 105 -55 -33 162 -41 -3 61 81 62 -20 64 -11 -2 -25 -47 -69 75 -60 -72 159 176 99 -5 -44 78 -31 80 95 109 151 88 -1 -28 -22 145 89 -30 121 -21 143 119 -95 -53 -14 -18 -93 128 101 -16 -103 -7 -105 -40 -65 -51 -94 -61 -111 -109 113 -113 124 116 -114 118 -19 -63 -90 -88 -123 -108 125 -115 -73 -117 129 132 -131 -130 -56 -99 135 136 -78 140 139 -139 -137 -68 -143 156 -23 -58 149 150 -149 -49 -148 152 -9 -77 155 -85 -32 158 163 -6 -62 -151 -10 -102 165 -165 -38 -168 -169 172 -171 -79 -170 -91 -86 -81 -26 -101
right_child=1 4 5 6 11 8 33 31 19 26 51 -13 48 20 100 21 97 23 59 91 86 41 47 36 29 -27 85 46 83 77 92 55 -34 -35 35 50 166 38 53 57 -42 -43 76 -45 -46 67 -48 146 -50 107 -52 79 -54 54 74 -57 87 -59 70 60 160 93 -64 106 -66 -67 141 68 -70 -71 71 126 -74 -75 -76 153 134 171 -80 175 -82 -83 -84 154 174 -87 90 -89 120 173 -92 98 108 94 -96 -97 -98 133 -100 177 157 102 -104 104 -106 -107 123 111 -110 110 -112 112 115 114 -116 127 -118 -119 -120 -121 -122 122 -124 -125 -126 -127 -128 -129 131 130 -132 -133 -134 -135 -136 137 -138 138 -140 -141 -142 142 -144 -145 -146 -147 147 148 -150 161 -152 -153 -154 -155 -156 -157 -158 -159 -160 -161 -162 -163 -164 164 -166 -167 167 168 169 170 -172 -173 -174 -175 -176 -177 -178 -179
leaf_value=0.068938333976646921 -0.024617790540016695 -0.036700122833468532 -0.038257336289631988 0.060445197697683847 -0.0062620975350054058 -0.036927887979114574 -0.024174903956665241 -0.066446829144901604 0.082298415699014457 0.0076520500600842757 -0.03659214071163569 0.041295807905400488 0.0073934660229849174 -0.0011003150563444362 0.10425531536101534 -0.013379609259110144 -0.048981635388943678 0.049949556379522975 -0.029383186590796608 0.04205512957140263 0.042076495823625243 -0.00079208838794411654 -0.021899307796850766 -0.01987785619754432 0.044700579002228631 -0.046426510721015897 -0.019108968540563372 0.0036057672094836619 0.012081943815759813 0.03222112412652274 0.11947307982544628 0.020575247322488718 -0.017419183839838613 0.022681208525407618 0.01039694808474923 0.038739164786149541 -0.027304848611666391 -0.016130343938111302 0.011902168195802445 -0.011327074943451603 0.054375721971260296 0.025642019451070631 -0.057738102458145771 0.018302015910749665 -0.014928076982066534 -0.017122222733923255 0.039497887356172469 -0.0063795426200850634 0.026459399977806056 0.019841924608584603 0.14280284755948258 0.016622521190283873 0.074815336896634194 -0.019775301170079689 0.026606987957906624 0.090124493597908112 0.013843290068843129 0.0080777499554034755 -8.1722234950964528e-05 0.031948388288810456 -0.0010571889285002764 0.044742724366408297 0.043831705202591921 -0.0029488013852960945 -0.016306647094777332 0.032262307352424212 -0.011784377739924601 -0.0092199673004322909 0.019750441118000665 -0.03556215431090945 -0.050948482674206139 0.010823348642136441 0.0082906345313445394 0.024201453440585295 0.030949778205920115 -0.02790915205515122 -0.015083236679918642 0.086446764085861882 0.015075200125835651 0.10097395947393213 0.0010024243153009954 -0.051740254227566611 0.0743859359281316 -0.017697585134523151 -0.048354842701685712 0.086941363587884221 0.012139886289847353 -0.040850747955362005 0.016392901172212749 -0.024634218382995187 0.039279495385698943 0.22650968999407306 -0.015696048983596653 0.0088451563157771335 0.083636958353095911 -0.024973254676106903 0.061998515914528075 -0.032384917038862419 0.084279817704319498 -0.0076226621076921257 0.0035425765318457402 -0.012475212568216827 0.063913142152290214 -0.019326878679952947 0.10891306869726564 0.039625064054470881 -0.021115937749844979 -0.01329117255273996 0.033224409818738046 0.035042394056603428 0.10297740070844932 0.0066137354418942815 -0.022346843909330043 0.027443826590360869 0.084758871248482179 0.102217923088698 0.051384994245407579 -0.024556472248309102 -0.043311223142279899 -0.0052443174281356 0.057925966842254956 0.033646984279846782 -0.055205468863375781 0.026353066410724817 0.035930553822839779 -0.027958762661333746 0.054789790387220982 0.019088985051816248 0.0087078074432167373 -0.020854571817077724 0.010259392355159602 0.0402526049168975 -0.039648229284239535 0.073331058402261715 -0.023493005825335613 0.071317601952069015 -0.067518367053546816 0.090904128353223521 0.038166646184317879 -0.015945921002694749 -0.028595046702262795 0.016705004196070947 0.12072053614791843 0.010527498271357405 0.051064205512540969 0.10539878805676089 0.020939041468628929 0.00036114427055534097 0.032513606333476504 0.011912887174739571 0.15061423567423696 0.083463753145283509 0.035548624009655937 -0.0089218488079886894 0.031165270697677029 0.011903576663750984 0.043958600154753315 0.0049995552624594207 0.059619173803938524 -0.05669149729980659 -0.095472020686233811 0.089737714649778755 -0.022122359905337251 -0.0065477547075842857 0.079726634317033945 0.052424742898026774 -0.0064179290066297958 0.010437901340311195 0.048820893201705462 0.017313402723086235 0.090656361810475594 0.034110675444656693 0.17344618545160106 0.040443092847858825 -0.031488812319474604 0.010011576161980172 0.0055026648582615486 0.090561517720737228
leaf_weight=7.4369140192866316 729.03303380310535 73.182213224470615 460.56865358352661 14.808062493801115 238.46873028576374 338.89560206979513 243.94636777043343 10.988295286893846 5.7257422208786002 273.59413415193558 144.00286512076855 463.3507165312767 30.949944362044334 94.426541522145271 8.6421876326203328 1357.4425780326128 497.94719642400742 8.7457056492567045 22.647803023457527 14.849670693278314 112.09466029703617 683.27860797941685 231.12142331898212 588.93145787715912 39.591552093625069 430.97312700748444 9.4410700201988202 150.28055591881275 669.88999798893929 572.47214630246162 11.418820485472677 406.13952133059502 506.90702805668116 1132.2509893253446 846.59419997036457 68.237774208188057 36.950959756970406 139.49248105287552 128.44370165467262 598.02609416842461 79.645697206258774 308.59280271083117 57.777535915374756 101.24168137460947 1040.7616075277328 1998.1665777266026 233.60383687913418 696.0238049402833 1170.9327910393476 149.91640455275774 11.74206307530403 48.631462000310421 9.3830127492547017 225.20092378556728 287.91737262904644 23.104565754532814 14.072589635849001 500.66258707642555 4792.4050317779183 121.32651759684086 58.433294698596001 28.401771530508995 140.31375743448734 982.26647341996431 1157.1726072654128 31.842715114355087 47.804463520646095 1785.2494524419308 141.38296505063772 349.80280431360006 16.724514991044998 105.34446957707405 2319.1835072338581 370.38373713195324 491.02034808695316 304.08664505183697 602.17746115475893 22.981503486633301 940.45332506299019 7.524106301367282 576.64727406203747 9.1052838414907438 110.14965569972992 281.19565293192863 274.94326845556498 29.963757827877998 2495.7515529617667 9.6749840751290304 108.48960490524769 106.39518128335476 125.17608051002026 6.4734396561980239 56.834216564893723 1299.6443982124329 16.766766041517258 559.32379469275475 152.7941729426384 448.98937604576349 9.0300994515418989 8.3176816403865832 236.3586852774024 412.1660383194685 18.875204667448997 586.68134657293558 5.0475967749953261 366.53629386425018 36.266897201538086 461.18046373873949 63.542498514056206 28.95758031308651 36.435434266924858 510.74560966342688 35.693792432546616 25.760230481624603 8.0341789126396161 20.657941237092018 20.170348539948463 510.74654652923346 452.66152611374855 679.4166421443224 61.617075309157372 220.85108876228333 9.3714196830987913 165.70568136870861 21.192946508526802 232.72487890720367 58.839575156569481 17.941228404641151 158.51317635178566 165.59854833781719 318.16657164692879 175.72036421298981 17.536604449152946 5.8273759484291068 1210.4566174075007 7.1394751667976371 32.422823220491409 6.4418751299381247 81.724364727735519 78.237197883427143 76.815100111067295 38.769860453903675 10.85117422044277 57.829143092036247 24.403071314096451 16.244997017085552 9.772907570004465 306.57497176527977 105.17447289079428 32.95135772228241 7.8641838282346717 11.237680956721304 16.845717072486877 399.1438497453928 43.669274926185608 126.11658962070942 228.24334768950939 1806.1797795444727 55.255969621241093 26.854205712676048 7.7787401527166358 14.597463607788084 166.81933698803186 40.775754198431969 21.813863605260849 32.496995761990547 97.106162026524544 90.635324850678444 7.7748421877622587 37.786268495023251 16.154565073549747 535.71131426095963 7.7220395654439926 16.21539331972599 871.50845630466938 140.74550701677799 1427.2155914157629 22.366376429796219
leaf_count=65 5485 502 3828 108 1266 2634 1690 54 39 1692 1037 2035 144 513 56 8567 4813 65 123 71 581 4248 1432 4688 194 3878 47 731 3633 2698 57 1922 3010 6006 4580 383 290 712 637 3385 417 1729 502 604 8137 13759 1092 4364 5255 1029 64 345 70 1092 1382 99 93 2535 27785 582 273 162 733 6098 7271 201 358 12256 926 2993 97 594 11704 1654 2222 2196 4463 99 4357 48 3666 41 494 1572 2483 156 12821 65 552 571 597 38 295 7062 80 3775 692 4167 37 41 1437 2561 116 4355 36 1682 208 2955 307 137 162 3028 238 164 46 122 118 3837 3701 3761 302 1027 45 887 125 1390 298 100 757 852 1550 797 82 55 8813 51 250 49 555 607 555 274 68 277 133 103 59 1887 662 179 46 51 79 2776 241 661 1080 11019 335 136 37 79 1080 257 119 194 732 704 59 266 113 2380 58 87 7828 880 7107 102
internal_value=-0.000226275 0.00676058 -0.0139557 -0.00307245 0.0119327 -0.0094354 0.00137553 0.00655714 -0.00619744 -0.00763146 -0.0197096 0.0180658 0.0170664 0.0052783 -0.00280536 -0.00697605 -0.0259593 -0.0226464 0.00196452 0.0174306 0.0115386 -0.00283094 -0.0118934 -0.0179529 0.0152007 -0.0309843 -0.00107355 0.0135226 -0.0016863 0.0196868 0.0141097 0.0336124 -0.00139378 0.0145548 0.00708551 0.0141666 -0.007359 0.0113869 0.016598 0.00159582 0.0273464 0.00848137 -0.0230055 -0.0117163 -0.0230891 -0.0146958 0.0254481 -0.00220241 0.0300334 -0.00684865 0.0540537 -0.0106105 -0.0312712 0.0185984 0.0148576 0.0243234 -0.00801768 -0.00248449 0.000216006 0.00957909 0.0281154 0.00735807 0.0317084 -0.00617898 -0.0117857 -0.0222364 -0.0150208 -0.0122431 -0.00705718 -0.0220935 0.000759394 0.0230384 0.00624796 0.0101179 0.0196889 -0.0155311 -0.0197428 0.0257574 0.021876 -0.00780292 -0.0106125 0.0417394 0.0603249 0.0066247 -0.0348598 0.0615363 0.0158092 0.037825 0.0118015 0.00773359 0.0147761 0.0941519 0.0316585 0.00521499 0.0097992 -0.0212952 0.0528029 -0.0404116 0.143915 0.0148976 0.00503714 -0.00689302 -0.00912695 -0.025039 -0.0182288 0.0317898 0.000594959 -0.000954049 0.0101287 0.0463037 0.0729171 -0.00325673 0.00192612 -0.00122288 -0.0151338 0.0285371 0.00428503 -0.0326186 -0.0415411 -0.00323716 0.0314431 0.0136506 0.030025 0.0178279 -0.0180101 -0.0224355 0.0305811 0.0636133 0.0135562 0.0085848 -0.000391773 0.0252938 0.0228005 -0.0310268 -0.0186945 -0.0117326 -0.0177646 0.00308889 0.01478 -0.00779491 -0.0200813 0.0143374 0.0394967 0.0403688 0.000997681 0.062944 0.00184997 0.0114672 0.00857531 -0.00367892 0.0788807 0.020664 -0.00473872 -0.0171329 -0.00458498 -0.00853199 0.0475677 0.00745222 0.018907 -0.0113707 -0.0121786 0.0358369 -0.0186467 0.0121161 0.0334214 0.0196152 0.0105198 0.0159563 0.0281696 0.0553587 0.039308 0.036267 0.111086 -0.0160217 -0.0355345 0.0146425 0.00656137 0.0639605
internal_weight=55379.5 36702 18677.5 12650.9 24051.1 13568 9982.15 12817.1 10954.3 10327.5 2668.72 11234 10770.7 12238.6 7578.14 4945.58 5109.44 4156.67 8002.63 626.775 4236.01 3877.74 6259.5 3002.79 9416.01 1191.85 4068 596.422 4028.59 4326.68 2255.06 578.465 5553.4 2404.01 1271.76 926.574 980.487 5089.34 2504.83 1272.76 174.072 1016.27 2613.76 345.188 2022.3 4855.42 383.884 1404.08 1354.68 2861.46 79.9798 1476.88 981.537 2365.34 1870.36 429.244 212.538 1098.69 5046.5 2449.23 262.037 2187.19 162.962 2615.01 1430.77 760.876 686.357 3924.8 1926.63 1067.84 4973.31 180.909 2584.51 1837.19 1645.16 718.039 2153.19 2071.62 1512.93 1332.87 1184.6 195.825 149.221 1413.59 1153.89 39.4048 2963.24 39.9926 962.607 792.501 2851.15 30.3532 417.868 2024.23 1316.41 607.955 183.744 952.764 15.5035 1154.14 2632.56 439.683 431.041 930.625 591.729 494.98 1184.24 1504.02 120.377 186.72 65.393 1354.1 892.921 798.458 287.712 94.4633 55.8641 972.154 461.407 707.818 170.107 2725.97 230.223 201.973 279.678 258.485 164.184 38.5992 1123.45 789.219 483.765 334.234 305.454 454.817 2095.41 884.958 634.6 250.358 166.403 84.6791 83.9546 97.4255 49.621 297.491 707.682 30.3176 1172.96 429.387 411.749 743.573 17.6371 39.0717 27.834 703.23 450.982 407.312 239.662 2192.88 386.701 265.323 66.212 47.5488 172.545 331.445 95.0866 73.2727 294.13 257.179 160.073 69.4377 53.9408 558.693 15.4969 122.611 1146.45 148.27 1466.81 30.6841
internal_count=337010 204505 132505 80801 123704 89674 61486 70059 70001 66652 19315 53645 51610 67360 48159 32065 42831 33796 45439 3349 21921 23992 42674 23420 45519 9564 23978 3203 23775 20505 10971 2699 32286 13327 7321 5027 7610 25014 11908 6850 930 6110 19673 2294 15810 33966 1823 8708 6091 17882 447 9751 7673 11196 8877 2021 1380 5920 29276 13153 1232 11921 856 16156 8963 5686 5388 26941 13182 8073 28774 989 13106 8955 7785 5080 15845 9534 7055 8714 7786 922 678 7619 10376 203 15071 261 5145 4291 14490 146 2016 11065 7142 4120 836 9035 75 5563 16094 2733 2677 7025 4391 2319 7193 9315 602 881 299 8286 5331 4753 1725 578 356 7603 3766 3923 854 13893 1072 1095 1679 1554 892 222 5420 3866 2402 1554 1464 4222 15343 6530 4713 1817 1211 656 606 700 342 1414 4381 196 7276 2654 2549 4622 105 184 133 4972 2474 2233 1137 13361 2342 1402 310 258 1119 2007 570 451 2222 1932 1200 496 379 2479 117 658 10311 928 7301 143
cat_boundaries=0 1 2 3 4 5 6 7 8 9 10 11 12 13 14 15 16
cat_threshold=15009 15009 15498 13824 6565 8452 304 548 8865 14754 14866 7812 7729 3096 830 129
is_linear=0
shrinkage=0.08


Tree=16
num_leaves=179
num_cat=61
split_feature=20 5 5 0 8 8 1 1 1 8 18 1 5 1 12 1 20 1 1 1 1 18 1 1 1 8 1 1 8 1 0 1 1 20 8 0 0 8 8 5 13 12 1 17 8 8 12 13 1 5 20 1 5 8 20 12 0 10 4 1 8 1 10 1 17 1 12 5 1 8 1 0 12 1 20 12 20 0 8 19 1 12 1 10 20 1 18 19 12 1 17 1 1 10 8 5 1 18 5 5 12 8 18 1 1 1 20 1 5 17 19 9 19 1 12 12 18 20 1 8 1 12 19 10 13 0 1 1 20 20 10 8 1 5 8 12 1 8 8 10 0 0 17 8 12 9 12 13 17 18 1 5 5 19 5 12 1 18 19 20 19 0 17 8 19 1 12 8 19 12 8 5 20 20 0 12 19 12
split_gain=732.81 246.705 155.227 107.924 94.3404 108.829 87.94 73.2813 69.9305 63.5013 63.4963 62.1437 61.7856 61.7274 60.8539 81.7383 58.8833 54.591 45.341 43.5884 42.9295 39.225 38.5136 36.3335 33.2513 32.7026 36.4577 33.4657 31.0899 33.7346 29.2135 28.8602 28.2891 27.0953 25.8895 25.4586 24.9026 23.216 66.557 23.0288 22.4066 21.4727 21.1824 20.935 20.8094 20.153 19.9885 20.0587 19.9195 19.5464 19.1471 18.8561 18.387 18.3851 18.2295 18.1473 17.9706 17.8906 17.7267 26.9038 22.506 19.6948 17.6052 18.5915 17.5066 17.3481 20.0835 17.5008 17.1076 17.1026 16.9101 16.8665 16.7606 16.399 16.1335 16.0199 15.7078 15.46 15.4468 15.2817 15.0781 16.0062 14.933 14.827 14.6199 14.5778 14.476 14.3781 14.3525 14.0948 13.9526 18.1298 13.8815 15.7372 13.7685 13.7537 13.6578 15.1267 13.634 13.5962 13.8298 13.5373 17.0297 13.5119 13.5108 13.2891 13.2879 17.67 13.0463 13.3005 13.1581 13.0073 12.9995 12.9148 12.8901 26.7437 18.4264 13.4719 12.8198 12.7644 12.968 12.8107 12.7334 13.9741 13.1476 12.7006 20.1544 18.9714 13.1199 13.0358 12.687 13.453 12.6113 12.5864 12.5688 12.5159 12.4424 12.3226 12.2988 12.2456 12.1702 12.0485 11.9898 16.4655 20.4921 11.9863 11.9772 11.963 11.9109 11.8272 11.7573 11.6987 11.6768 11.657 11.3917 11.3207 11.3026 11.2865 11.2818 12.5255 13.9271 11.2697 11.1495 11.096 15.7858 11.0574 11.0549 11.0115 10.9741 11.4251 14.6808 10.9595 17.4186 10.9538 10.9313 13.4702 10.8557 12.061
threshold=0.19099960476160052 845.50000000000011 645.50000000000011 0 17.500000000000004 29.500000000000004 1 2 3 27.500000000000004 0.19764912128448489 4 500.50000000000006 5 412.50000000000006 6 0.2396836653351784 7 8 9 10 0.12781040370464328 11 12 13 3.5000000000000004 14 15 3.5000000000000004 16 17 18 19 0.26066061854362493 7.5000000000000009 20 21 29.500000000000004 27.500000000000004 455.50000000000006 10.500000000000002 217.50000000000003 22 0.033594110980629928 22.500000000000004 1.0000000180025095e-35 921.50000000000011 60.500000000000007 23 1185.5000000000002 0.2053555250167847 24 425.50000000000006 18.500000000000004 0.1430589705705643 272.50000000000006 25 130.50000000000003 13.500000000000002 26 16.500000000000004 27 150.50000000000003 28 0.017314727418124679 29 903.50000000000011 1035.5000000000002 30 2.5000000000000004 31 32 71.500000000000014 33 0.25710439682006841 471.50000000000006 0.29058617353439337 34 3.5000000000000004 0.04481866396963597 35 867.50000000000011 36 384.50000000000006 0.2139057740569115 37 0.29525707662105566 0.0059063616208732137 322.50000000000006 38 0.0055530539248138675 39 40 89.500000000000014 16.500000000000004 960.50000000000011 41 0.18439876288175586 715.50000000000011 580.50000000000011 395.50000000000006 18.500000000000004 0.34233219921588903 42 43 44 0.30969652533531195 45 1030.5000000000002 0.036426238715648658 0.022522808983922008 355.50000000000006 0.028890311717987064 46 65.500000000000014 317.50000000000006 0.32568666338920599 0.36157004535198217 47 11.500000000000002 48 403.50000000000006 0.051473302766680724 300.50000000000006 21.500000000000004 49 50 51 0.17696523666381839 0.10448749363422395 250.50000000000003 16.500000000000004 52 1289.5000000000002 8.5000000000000018 69.500000000000014 53 28.500000000000004 21.500000000000004 76.500000000000014 54 55 0.024140750989317897 5.5000000000000009 408.50000000000006 325.50000000000006 277.50000000000006 9.5000000000000018 0.040655741468071944 0.15005923807621005 56 365.50000000000006 1019.5000000000001 0.022677347995340828 875.50000000000011 1058.5000000000002 57 0.32321198284626013 0.0090936888009309786 0.15673385560512546 0.012430678587406875 58 0.02921451069414616 3.5000000000000004 0.034910045564174659 59 899.50000000000011 15.500000000000002 0.012721950653940441 327.50000000000006 20.500000000000004 1359.5000000000002 0.12720377743244174 0.33214335143566137 60 6.5000000000000009 0.023397028446197513 563.50000000000011
decision_type=2 2 2 9 2 2 9 9 9 2 2 9 2 9 2 9 2 9 9 9 9 2 9 9 9 2 9 9 2 9 9 9 9 2 2 9 9 2 2 2 2 2 9 2 2 2 2 2 9 2 2 9 2 2 2 2 9 2 2 9 2 9 2 9 2 9 2 2 9 2 9 9 2 9 2 2 2 9 2 2 9 2 9 2 2 9 2 2 2 9 2 9 9 2 2 2 9 2 2 2 2 2 2 9 9 9 2 9 2 2 2 2 2 9 2 2 2 2 9 2 9 2 2 2 2 9 9 9 2 2 2 2 9 2 2 2 9 2 2 2 9 9 2 2 2 2 2 2 2 2 9 2 2 2 2 2 9 2 2 2 2 9 2 2 2 9 2 2 2 2 2 2 2 2 9 2 2 2
left_child=2 3 11 7 6 9 14 52 41 17 20 71 48 64 15 142 22 53 75 -18 -4 68 55 163 72 26 161 44 32 46 92 135 77 51 42 114 73 38 54 125 139 -5 -24 -16 -27 -28 47 106 -9 94 -11 84 136 -6 80 -8 130 118 59 78 61 -60 63 -41 -7 66 -56 98 -22 122 -51 -1 -12 -15 -71 -10 105 -21 -33 -45 -23 -82 -35 86 -29 -64 -54 -74 -73 -52 -46 137 93 -19 96 -83 97 -36 -68 -88 -101 -32 104 -62 145 155 107 -30 141 156 -111 -53 -78 -38 117 -116 -117 -17 -31 120 134 -122 123 -43 -124 127 128 -25 -127 -128 131 165 -133 -59 -37 -14 -2 -92 168 -40 151 -98 -3 144 -144 -103 -57 -129 -105 -91 -143 -47 -115 -96 -89 -34 -110 -90 -42 160 -160 -20 -140 164 -13 -26 -65 -167 169 170 -94 172 -97 -137 -107 -176 177 -148
right_child=1 4 10 8 5 13 16 12 18 50 24 23 31 36 43 35 19 30 25 28 21 37 34 39 56 27 45 33 29 57 101 58 76 82 49 119 113 -39 40 62 158 69 -44 79 90 140 -48 -49 -50 70 89 111 83 -55 65 146 -58 133 60 -61 103 -63 85 166 -66 -67 67 -69 -70 74 -72 88 87 -75 -76 -77 112 -79 -80 -81 81 95 -84 -85 -86 -87 99 154 157 149 91 -93 138 -95 153 171 108 -99 -100 100 -102 102 -104 148 -106 174 -108 -109 109 110 -112 -113 -114 152 115 116 -118 -119 -120 -121 121 -123 124 -125 -126 126 129 147 -130 -131 -132 132 -134 -135 -136 173 -138 -139 162 -141 -142 150 143 -145 -146 -147 176 -149 -150 -151 -152 -153 -154 -155 -156 -157 -158 -159 159 -161 -162 -163 -164 -165 -166 167 -168 -169 -170 -171 -172 -173 -174 -175 175 -177 -178 -179
leaf_value=-0.007174346118429843 -0.037105383401624052 -0.040485094298996799 0.0093077538490243857 0.031707445906614909 0.035382113018254002 0.011801613878679354 -0.022916075852365207 -0.0022076368720480273 -0.025158888449438924 0.015081536199533056 0.041555624417525763 0.02093626255169068 -0.047901380596111112 0.02371032898451312 0.030404261899292059 0.040935067481139453 -0.013448265304886362 -0.0097047707231136589 0.010594202980223202 0.046650882016072669 -0.0022352309211964307 0.0026481622031224493 0.018506770614019161 0.0070747952879008707 -0.010586634779011561 -0.019678694616058558 -0.024052504565986108 -0.0071211193994352717 0.041946272529287655 -0.000642477798724114 0.041994516287247027 0.020064305243017659 -0.0078083702020067137 0.024685032457200724 -0.040503734896459094 -0.011577628046548273 -0.035125068448601048 -0.035214786259243028 -0.078042252715454771 0.0045769402761993618 0.03098940573916574 0.02256267478099315 0.0034505943972136955 0.072347704381616015 0.12928860106793807 -0.039878442460852308 0.044382794700854364 -0.0051085220848880583 -0.035334707675566561 -0.035678338835146248 0.026030740590562734 -0.022535973941328568 0.010331329189859007 -0.0053475940269445358 -0.019334221846921049 0.064389299432992056 -0.011721066269032368 0.00086958401908760299 0.012178599623489435 -0.025588729396954855 0.053360116702025978 -0.010973238779087534 0.015276234461735616 -0.024641314150418571 0.069019923337621705 -0.0035208391141763112 0.030834777519902819 0.031042963612206674 -0.040114263040385047 0.00096206438865184193 -0.005513212576235214 -0.039879686207173519 0.098659583413003779 -0.0019520465173624749 0.01922743961224431 -0.0040598469158409896 0.015609061006554891 0.022571175463894706 -0.0084394082586851989 0.033876697178475176 -0.029955464181018691 -0.012681090342170616 0.0062341202699326675 0.11935192524190737 0.013160737168881593 -0.0097025711167847001 -0.018169829044702622 -0.0025652338221171717 -0.02811550032351956 0.0041506089780985814 0.083187810939146109 -0.016535453239940722 0.061164306191265456 0.031911730481542673 0.051105858305351512 0.19593150349992861 -0.030393971820964972 -0.0021552670814533638 -0.02208041157837078 0.048596320024856254 0.15678773373099508 0.033190007235687741 0.064007631644353913 0.0069641619458514874 0.017464514458677471 -0.0022067507463485528 0.032301097201957923 0.0092890537325609219 0.026385477850631486 0.14119692596618741 0.03205422066763363 -0.004165620983480469 0.043723749508241136 -0.029433776262270034 0.0064521585911923177 0.036664865608044585 0.12677514457863828 0.10934617486277133 0.013773688396967604 -0.0025594594791182416 0.020853323687119545 0.091323858113456752 0.02573363827479986 0.11398246582980853 0.17543932668921347 -0.0051698187333029388 -0.055390043064159962 -0.041215774474266186 0.04346257669524662 -0.019022319076016515 -0.02093279958280525 0.028354187780374164 0.00075917812186877473 -0.022463480400105085 0.039355365667148742 -0.020106374775227264 0.0059101481848718987 0.012597773361606944 0.063219914013508419 0.021131963237638107 0.019801660894429651 -0.016448604732944724 0.0019297145420793893 -0.022780178982280568 0.10328338274653476 -0.019011474101138119 -0.0094818280606637443 -0.025930868613272522 0.083772495803631913 0.06862166127690858 0.007769652349645711 0.0042054459332866957 0.0052978727716148878 -0.017171100282974455 0.01549485307750109 0.081850354834059738 0.00024142984055327174 0.030932010562585554 0.24382247571126428 0.059473388889519842 0.099150657605390366 0.038704488915343817 0.028218251340916531 0.00075878045622025615 0.12761522515263646 0.0054251754095181381 -0.0053281552467257165 -0.05133558965564354 0.046049196106504334 0.0018854827135573995 -0.026779834773825013 -0.040410229492861015 0.031221858617031584 0.049215557330770959 0.11267085742157056 0.020876217056383106 0.049315209488856246 0.090955891708895648
leaf_weight=176.68402207642794 72.958830177783966 97.278778180480003 537.87815786898136 483.5711237937212 84.247004821896553 49.724404945969582 604.74120255559683 145.50825656205416 548.82479318231344 77.807009860873222 117.2567005828023 65.389639601111412 107.64221801608801 213.06639337539673 499.52070246636868 296.51428519934416 448.57008427381516 70.429547026753426 159.34187883138657 296.60643595457077 103.51436019688845 145.2291067019105 853.07580471783876 89.779174037277699 483.56602438539267 781.17123695462942 141.30924151092768 340.86231566220522 117.75207194685936 553.23315332084894 131.8879716694355 160.52546025067568 366.68224078416824 381.72280261665583 108.89629539847374 154.81949699670076 171.74043539166451 259.16693258285522 9.861872546374796 197.69241783022881 32.146815977990627 216.70047330111265 1998.5693357586861 173.81708855926991 6.2234446555376044 41.458337567746639 168.91101385653019 254.59320129454136 940.1860629171133 186.83168139308691 126.46298633515835 298.2948986440897 787.09922994673252 448.0107090473175 1365.0423465147614 17.162915542721748 1075.6046501100063 1631.0670538619161 315.22147841751575 539.26373320072889 51.233893029391766 849.64514648914337 170.79183068871498 1294.2678780630231 109.82849758863449 1628.5302653238177 39.783201918005943 99.747217610478401 473.54607673734426 737.71450003236532 333.61458503454924 1347.0623588934541 11.412767112255095 558.73476397246122 533.1582220569253 396.84860356897116 380.78220051527023 597.70808665454388 502.56834116578102 106.71883097290993 754.61461202800274 73.316164664924145 1078.8737068548799 8.4515214562416059 683.61379051953554 888.54954309761524 12.42621263116598 367.80821308493614 841.60423313081264 19.037299484014511 26.747471004724503 86.921404369175434 60.664705365896225 333.3617425262928 59.61826229095459 6.1960722431540551 90.125744253396988 166.41323435306549 143.52014005184174 27.748805731534958 10.39029301702976 35.249631687998772 41.375801339745522 263.06429744511843 519.52030569314957 167.64533150196075 367.87558251619339 767.71086169034243 142.37615251541138 8.8550188988447172 34.816823303699493 1425.1480986103415 145.46685329079628 95.608358845114708 265.03466315567493 290.43529143929482 15.270243301987646 19.631516143679619 1418.0537756681442 243.2186693251133 817.06123344600201 16.829461142420769 7.281652018427847 11.236029304563997 7.7482181638479233 130.06704710423946 69.806150317192078 525.6243938356638 48.806038074195385 653.46495594084263 155.58218070864677 214.92531259357929 212.57687813788652 162.69572687894106 38.749686792492867 735.55659161508083 89.70060870796442 38.74033273011446 291.73762618005276 41.073037981987 353.69098277390003 181.37736396491528 139.22961257398129 224.76759128272533 14.032936647534369 139.42962193489075 351.49079827964306 870.96803813427687 13.566258221864699 421.06061524152756 379.09666964411736 540.82339949160814 175.89263999462128 21.85969802737236 569.78041088581085 9.2171290814876539 357.57007427513599 21.222252421081066 5.7876985967159298 33.075781673192978 16.215579152107239 341.67601992934942 72.842851161956787 269.52546624094248 10.25181946903467 953.88832945376635 222.2730578109622 22.364588662981987 288.44202834367752 94.559975013136864 15.174562513828276 5.6303579658269873 12.145053297281263 14.862173110246657 10.570306584239004 300.50792562961578 23.047746777534485 7.7992612868547431
leaf_count=1388 635 505 3586 2861 415 256 3466 1170 3580 390 690 502 716 1006 2341 1454 2279 352 971 1414 790 1067 4656 742 2927 4883 859 2232 627 2905 632 1027 1823 2085 668 764 914 1786 61 1486 197 1195 10990 790 40 307 787 1258 8059 1083 587 1996 4832 2279 9113 86 6366 8181 1846 3729 288 4912 1270 10040 515 10824 270 598 3900 4398 1876 11699 67 2896 2788 2570 1779 2900 3348 501 5661 520 5926 45 4103 6533 77 2308 6893 101 155 543 315 1626 311 39 511 950 908 138 48 163 178 1465 2599 873 1687 3872 787 46 181 9063 646 514 1290 1335 66 82 7023 1234 4044 83 41 62 39 1027 663 4814 358 5312 901 1139 1192 882 192 4671 702 237 1381 242 2106 1002 653 1080 64 678 1947 7591 70 1891 2155 3185 933 109 3115 41 1990 153 38 190 98 1938 326 2056 69 5473 1635 138 1350 454 78 39 76 82 49 1502 120 42
internal_value=-3.16332e-05 0.00632534 -0.0133647 -0.00148114 0.0117233 0.0218575 0.00903374 -0.0102573 0.00365147 0.0297944 -0.00672945 -0.0217457 -0.0145072 0.00296887 0.0205427 0.0147881 0.00622756 0.0242737 0.00017256 0.0106377 -0.0121587 -0.0143493 0.000162509 -0.0169633 0.000777337 0.0024857 0.0125637 -0.000599096 0.0120396 0.00877188 0.0300187 -0.00943479 0.0199083 0.00245788 0.00308106 0.0213487 -0.00333695 -0.0119456 -0.0105785 -0.0186532 0.0440665 0.0169468 0.00803179 0.0402283 -0.0141636 0.00406789 0.0181785 0.0153631 -0.0312408 -0.00371945 0.0522993 -0.00221618 0.00923624 0.00108016 -0.0123453 -0.0140358 -0.00339915 0.00452207 -0.00528957 -0.0125383 0.000513779 -0.00469772 -0.0137306 -0.0187409 0.0481734 -0.00946287 -0.0152205 0.00408052 -0.0340537 0.0123433 -0.0171345 -0.0325739 0.0129031 0.00534555 0.00862499 -0.0161345 0.0124192 0.0309859 -0.00151575 0.0577169 -0.0218165 -0.0257163 0.0112682 0.0140634 0.00635059 -0.00562252 0.0129978 0.00949786 -0.0345631 0.0574097 0.012101 0.00729695 0.0381683 0.0240571 0.000782217 0.0045211 -0.00099284 -0.0167186 -0.0105935 0.0544807 0.0781479 0.018185 0.014162 0.0190287 0.0111891 0.00581338 0.0195216 0.0142115 0.00274972 0.01192 0.054247 -0.00730306 0.0233822 -0.0182394 0.0318723 0.0250517 0.0411752 0.0451908 0.00979451 0.0138116 0.0178214 0.022014 0.0317897 0.0270802 0.10306 -0.0244473 -0.0162788 -0.0290996 0.00767456 -0.0222267 0.00101824 0.00283341 0.0153142 -0.001247 -0.00131044 -0.0221345 -0.015304 0.0359592 0.0447157 0.00190355 0.00835733 -0.00487051 -0.0151228 -0.00899425 0.0112239 -0.00801561 -0.000944076 -0.0314589 0.010363 0.0643706 -0.00021901 0.00104725 -0.00668793 0.0327882 0.00841014 -0.0054598 0.00822025 -0.0266624 0.0686802 0.0906563 0.13742 0.0301475 0.0562288 0.00812312 0.0354291 -0.000821727 -0.0216679 0.00408188 0.0365399 0.020439 0.0435649 0.0570952 0.0870406 -0.018732 0.0144767 0.0232559 -0.00388055 -0.0072959
internal_weight=55333.8 37469.1 17864.6 15317.3 22151.8 4645.9 17505.9 5647.62 9669.7 3271.3 9970.79 7893.83 4638.84 1374.6 3412.93 2632.87 14093 2626.93 7672.29 8165.65 5786.02 5248.14 5927.34 5507.26 4184.77 6726.62 1578.3 5148.32 7717.08 5441.89 2094.68 3553.15 2275.19 4208.52 4923.1 2157.56 1215.04 4671.08 4411.92 5162.09 138.161 1997.41 2851.65 780.057 939.804 1077.28 1676.84 1507.93 1085.69 2071.45 644.368 2747.92 1008.78 532.258 4273.75 1004.24 3118.51 3765.05 2695.09 1202.36 1492.73 1164.87 2773.57 1714.23 159.553 3276.62 1648.09 283.051 577.06 1513.84 520.446 2386.57 1066.26 771.801 1270.87 945.673 1380.87 894.315 663.094 280.536 997.131 851.902 1460.6 846.116 1024.48 1059.34 837.665 949.001 2209.89 566.561 158.633 152.409 1227.21 403.791 1551.01 97.2876 1469.53 275.31 183.303 50.5653 38.1391 867.463 735.575 327.864 694.2 854.623 1253.34 885.463 1194.22 543.618 43.6718 1723.44 526.249 443.241 886.886 570.74 305.706 316.146 1971.29 1270.68 1027.46 833.891 242.966 227.937 15.0299 2388.52 902.144 1486.37 178.873 723.271 2042.9 1887.32 427.502 1793.76 193.569 858.061 162.659 65.4878 823.422 50.9349 935.973 650.6 475.309 378.03 153.263 174.679 399.501 1396.59 276.631 440.098 560.474 582.282 271.501 81.478 937.589 375.899 499.946 862.826 87.2259 55.0791 22.0033 501.018 364.58 345.167 75.6415 1459.82 1516.54 976.253 458.841 170.399 75.8393 23.9715 18.3411 750.419 478.724 311.078 382.338 359.29
internal_count=337384 208834 128550 96023 112811 22829 89982 37860 58163 15795 64319 64231 31383 7034 16478 12846 73504 12826 46779 40528 40003 36417 32976 44098 24316 40629 9366 31263 38249 27222 10132 22154 11027 25405 27315 10544 6263 31727 29941 41471 826 11384 15646 3632 5858 6457 8231 7444 9229 11669 2969 17394 6477 2694 29115 5661 18136 18991 16685 8104 8581 6758 20964 13161 771 21713 10889 1776 4690 8523 2959 20133 6180 3902 7186 6150 6713 4314 4375 1291 7402 6335 8011 5140 6335 7803 5095 5490 18745 2579 975 935 5882 1978 8710 674 8290 1618 1178 263 186 4250 3618 1823 3440 4288 6186 4499 6672 3004 227 11059 2425 2361 4227 2691 1401 1536 9928 6317 5083 4127 1337 1257 80 20507 7360 13147 1385 5975 11770 10869 2331 9063 956 5469 1337 392 3904 303 5598 3668 2302 1797 717 841 2195 12405 1535 1992 3157 3492 1447 420 5423 1864 2777 7046 523 326 136 2909 1707 2627 571 8538 11675 5611 2197 847 393 154 115 4753 2424 1551 2109 1989
cat_boundaries=0 1 12 24 35 46 56 63 74 86 98 110 121 132 143 154 166 177 178 189 199 200 201 213 224 234 235 246 257 269 280 291 301 302 313 314 325 336 345 355 365 376 387 397 407 418 427 437 449 460 461 473 483 494 504 505 506 517 528 529 540 541
cat_threshold=14368 346030080 1080038432 25169920 33832960 0 33554432 5242960 0 1048736 2621512 268500993 287309824 100663298 17039360 538312964 10240 536875008 0 2560 2098177 538578954 65536 8 8388609 35651584 32768 671498504 67110912 1350598752 2147483648 2160066688 32 3221225728 268435716 4 8393732 20975617 33554432 335544320 134217736 128 2164785153 1024 1746141760 4718913 0 16777216 0 33554440 0 0 64 2 134217728 536871232 0 0 0 0 0 0 1048640 285229056 0 262176 8 2048 536937536 33554496 4587522 2097153 538182976 261 20480 2281701376 134226048 8390661 0 73984 33685520 536584 75501568 1184 8390208 16 655360 2181038096 8192 536870912 268441600 0 2155872384 5767170 8392704 135168 1540 16 352321540 1091567616 1343488 128 2147483776 66760 2214592512 17302020 8388608 6291520 196608 8 16388 50331652 262144 2099334 4 536871048 131328 17568321 1075841024 131840 20971520 2150236163 135299104 16384 2147483648 134219936 128 67108864 66 1149239296 33693696 142672384 16777344 4 285213184 1179652 1056768 4195336 8388624 528897 146 787264 16777984 524288 4096 257 34603008 0 537001984 64 17041409 2097160 0 4784128 655360 1048608 8388641 16777216 0 134221824 1140851712 18122755 136315904 138412106 4718592 8 4 2 406847776 131076 67108864 264 33685504 2147749888 1210057729 0 21498112 6291 9437188 16783364 161 2113664 335544320 147464 64 0 8388618 1024 2148008000 0 0 268435456 8 0 537068584 524288 133121 1073741848 135266560 3748 5923 16777216 8388608 272629763 0 335544320 134217728 8388608 4194306 16 1610874882 0 8 4 2097156 268435842 2099200 67108864 0 41943040 16777218 8388616 0 16777216 134217728 1090551812 268765440 2148007936 8452 574619648 272892416 512 1074790400 2503168 7681 0 8388608 134217728 33554440 0 65600 9961472 2157608962 1073741968 576 257 0 1024 4352 0 0 66592 34603008 4325378 134217856 134481984 260 65536 0 8650752 0 4100 131104 34078720 5277696 8 0 268566528 8 9437184 41943060 419430528 35784712 1342177280 0 1052672 1310722 1053712 1313794 8388608 0 100665344 160 0 12292 0 33554960 1048576 4096 0 8388864 0 0 272629888 8 67108864 131072 0 2048 17 262144 18 8388608 0 16777216 131072 268435456 0 9437184 8388609 9 0 1 4124 0 0 384 131072 4 138428416 0 1183746 1048576 135266306 64 269484032 1024 16777216 0 536870912 0 256 0 0 538181632 1 1048576 20971520 268435744 2097152 0 65536 524800 0 134217728 8388608 4096 4194304 8 0 671088640 64 2049 24 1048576 0 0 0 0 0 0 0 264195 0 64 1048576 16778240 128 33685504 0 134348808 8388608 2148534272 1040 134217728 524288 0 8390656 1 0 67108864 134217728 128 5373954 8389632 1075052544 256 0 0 4194304 0 0 134217728 0 4096 0 1073741824 8388608 5120 16777472 0 0 32 0 8388609 134218768 1073741824 1048576 0 256 131072 67108864 0 33554432 8425472 134218752 537133568 256 0 0 256 4 67108864 0 33685504 0 2097153 8388608 4096 402653184 131072 0 134348800 1048576 2049 0 1074790400 16777216 92274688 262272 2099200 8192 536871008 0 16908288 8 1208224256 0 8 0 4194304 16777216 0 0 0 0 0 0 8 268435456 6572 1048576 67108864 276824066 4 4096 0 256 5380608 1 4194304 0 8 0 4194304 8704 537919618 256 32832 0 0 65544 2056 8388608 0 138412160 8 268435456 0 1048640 8390656 0 0 524288 0 0 16777216 0 0 536870912 0 2048 2097153 1048584 779 8352 0 0 402653440 0 0 131072 8388608 0 24 0 524288 0 0 268435712 0 0 197632 0 2048 25 0 524292 129 8388608 33555456 128 0 268437504 32 64 2147485696 0 536870920 524288 3842
is_linear=0
shrinkage=0.08


Tree=17
num_leaves=179
num_cat=93
split_feature=4 2 2 15 1 3 2 2 1 1 1 1 1 1 13 1 2 1 12 2 14 1 2 2 1 2 1 0 14 0 0 1 4 0 1 10 1 2 2 2 1 1 1 15 0 2 2 0 2 1 13 3 1 1 15 0 3 2 0 1 2 2 1 1 0 15 15 4 1 10 1 2 2 14 2 2 0 15 15 11 15 0 15 4 11 14 1 14 21 0 15 1 2 12 2 1 3 1 1 12 3 2 0 13 14 1 4 13 4 1 15 2 11 12 1 9 12 12 1 1 21 15 12 2 10 2 14 1 15 2 12 2 10 1 15 10 21 11 12 2 1 21 2 10 12 12 15 13 12 2 15 2 3 0 14 15 11 21 13 14 21 0 3 0 1 2 2 14 1 14 9 15 21 15 15 4 12 3
split_gain=554.5 199.325 179.284 98.3349 102.989 90.3325 80.6693 68.9874 62.5911 59.0535 57.5257 56.4955 54.8343 52.6098 49.3268 43.9372 44.8758 43.5718 40.8355 40.1369 39.3005 39.0087 35.6333 35.2053 34.5032 33.9537 28.8578 28.6688 28.5398 27.8755 27.173 25.8899 24.9444 23.9921 29.0593 23.9126 23.846 23.0012 22.8218 22.5988 31.457 23.6112 22.5427 22.1069 21.6798 25.8861 25.0236 20.6817 20.6573 20.4387 20.2026 19.8321 19.8207 19.615 19.5659 19.5021 32.1944 19.2228 24.2141 26.5081 22.6339 21.3285 20.926 19.2306 19.175 19.1472 18.1179 18.0913 18.01 17.7616 17.7142 17.2519 16.7164 17.1922 16.4311 16.0741 15.8084 15.4078 14.9769 14.878 14.7851 14.6982 14.1845 13.9744 14.371 13.9212 13.9101 13.6967 13.5153 13.3612 13.2722 13.0634 19.2046 13.0542 13.3014 13.0527 13.1127 19.269 13.6603 13.0428 14.3031 16.6177 12.9536 14.9583 12.8916 12.8239 12.7927 12.7592 12.5478 12.5196 12.4907 12.4741 12.4724 12.4004 16.9703 12.3576 13.3649 12.3408 13.7632 12.2403 13.2161 12.2202 13.1985 12.7263 12.0898 11.8722 11.9672 11.728 11.9093 11.6996 11.6674 13.0533 11.438 11.3216 13.5749 11.2908 11.2716 13.0335 11.2322 11.1832 11.1552 11.098 11.0846 11.0633 11.0533 11.0357 11.0355 10.9659 11.2671 10.939 10.9156 10.8652 10.8568 10.7313 10.9692 12.1144 10.6196 10.5254 10.5222 10.4999 10.4775 17.285 12.0123 10.3651 10.7349 10.3527 10.2666 11.3072 10.2451 10.7298 11.1211 10.1594 10.156 10.1553 10.9364 10.1194 10.1126 10.1072
threshold=14.500000000000002 0 1 3968.5000000000005 2 7.5000000000000009 3 4 5 6 7 8 9 10 11.500000000000002 11 12 13 301.50000000000006 14 19.500000000000004 15 16 17 18 19 20 21 39.500000000000007 22 23 24 3.5000000000000004 25 26 116.50000000000001 27 28 29 30 31 32 33 395.50000000000006 34 35 36 37 38 39 99.500000000000014 6.5000000000000009 40 41 2803.5000000000005 42 20.500000000000004 43 44 45 46 47 48 49 50 4052.5000000000005 2756.0000000000005 1.0000000180025095e-35 51 125.50000000000001 52 53 54 4.5000000000000009 55 56 57 1988.5000000000002 4168.5000000000009 6.881934881210328 4204.5000000000009 58 590.50000000000011 5.5000000000000009 7.2669613361358651 35.500000000000007 59 14.500000000000002 0.010678965598344805 60 2554.5000000000005 61 62 867.50000000000011 63 64 10.500000000000002 65 66 69.500000000000014 16.500000000000004 67 68 26.500000000000004 5.5000000000000009 69 19.500000000000004 16.500000000000004 20.500000000000004 70 4015.5000000000005 71 5.0690979957580575 878.00000000000011 72 1314.0000000000002 315.50000000000006 280.50000000000006 73 74 0.033634200692176826 2463.0000000000005 113.50000000000001 75 384.50000000000006 76 37.500000000000007 77 539.00000000000011 78 410.50000000000006 79 229.50000000000003 80 4102.5000000000009 123.50000000000001 0.018131963908672336 5.5809173583984384 928.50000000000011 81 82 0.0075350783299654731 83 102.50000000000001 911.50000000000011 492.50000000000006 395.50000000000006 40.500000000000007 899.50000000000011 84 4175.5000000000009 85 13.500000000000002 86 23.500000000000004 980.50000000000011 6.0182373523712167 0.016756433062255386 50.500000000000007 96.500000000000014 0.015248598996549846 87 17.500000000000004 88 89 90 91 26.500000000000004 92 12.500000000000002 762.50000000000011 821.50000000000011 0.0086228563450276869 2578.5000000000005 606.50000000000011 19.500000000000004 928.50000000000011 15.500000000000002
decision_type=2 9 9 2 9 2 9 9 9 9 9 9 9 9 2 9 9 9 2 9 2 9 9 9 9 9 9 9 2 9 9 9 2 9 9 2 9 9 9 9 9 9 9 2 9 9 9 9 9 9 2 2 9 9 2 9 2 9 9 9 9 9 9 9 9 2 2 2 9 2 9 9 9 2 9 9 9 2 2 2 2 9 2 2 2 2 9 2 2 9 2 9 9 2 9 9 2 9 9 2 2 9 9 2 2 9 2 2 2 9 2 9 2 2 9 2 2 2 9 9 2 2 2 9 2 9 2 9 2 9 2 9 2 9 2 2 2 2 2 9 9 2 9 2 2 2 2 2 2 9 2 9 2 9 2 2 2 2 2 2 2 9 2 9 9 9 9 2 9 2 2 2 2 2 2 2 2 2
left_child=2 13 11 4 102 8 28 47 125 38 18 64 75 -2 65 19 109 76 27 69 22 37 26 53 -22 133 115 121 31 49 70 138 66 72 48 -32 -27 -11 78 40 77 157 145 -18 45 130 -46 -6 79 -19 57 82 149 83 127 56 -40 62 60 99 63 85 160 143 -1 95 -16 -50 -67 152 -26 177 73 -25 -36 -5 -10 158 87 104 163 -44 -34 -23 141 86 108 -8 -52 151 -89 92 159 94 173 -13 98 -98 -97 -60 -101 -102 103 -3 -35 -75 -38 -57 142 -17 -28 140 -87 114 -33 116 168 118 -29 120 -92 123 -123 -9 -111 -4 -127 135 -129 -95 131 156 -65 -14 -135 -37 -79 -138 144 -71 -49 -85 -61 -59 -7 -24 -125 148 -77 -53 -106 -39 -12 154 -116 -156 -21 -41 -31 -63 -45 162 -162 -66 -165 -54 167 -69 -15 -170 -171 -47 -81 174 -48 -176 -103 -64
right_child=1 3 5 12 7 6 9 10 17 21 15 14 25 20 32 16 43 29 -20 44 24 23 42 33 30 36 110 117 -30 39 35 113 51 34 74 54 106 89 55 41 -42 -43 81 50 46 171 93 111 67 -51 88 52 165 -55 -56 107 -58 58 59 61 -62 91 71 132 80 68 -68 166 -70 139 -72 -73 -74 105 -76 147 -78 136 -80 172 -82 -83 -84 84 -86 112 -88 90 -90 -91 119 -93 -94 129 -96 96 97 -99 -100 100 101 176 -104 -105 150 -107 -108 -109 -110 124 -112 -113 -114 -115 153 -117 -118 -119 -120 -121 -122 122 -124 146 -126 126 -128 128 -130 -131 -132 -133 -134 134 -136 -137 137 -139 -140 -141 -142 -143 -144 -145 -146 -147 -148 -149 -150 -151 -152 -153 -154 -155 155 -157 -158 -159 -160 -161 161 -163 -164 164 -166 -167 -168 -169 169 170 -172 -173 -174 -175 175 -177 -178 -179
leaf_value=0.04004973477004347 -0.0044964309027199067 -0.0073289978621922441 0.0019374760282088481 0.03587823486533729 -0.028388642694074567 0.025251638943222438 -0.038740395536601004 -0.0054329518975021283 -0.011109016574700838 -0.019185062583729519 -0.012812965383332911 -0.047921255860777737 0.0022537922932502298 -0.03756834630484357 -0.01733923761855681 -0.0058296727433204644 -0.031009014012481646 0.0078143509066988456 0.075565767232525963 -0.020081886296316541 0.038368048162233354 0.05209584296487333 -0.0013476455395750259 -0.038398277092941802 -0.011479384929884248 0.012912257210497111 0.012243769281804857 -0.020430375514212382 0.17117806595262886 -1.6318844693556141e-05 0.03979553305982677 -0.01438983734646041 0.022101804339736283 0.020110582319164613 -0.013963444318870928 0.11281924174392477 -0.024093297589879051 0.0198514038959966 -0.026548085375992427 -0.014907214429650227 0.011500064612138016 -0.018794562080920688 0.040185695776900315 -0.027238725246268292 -0.00301762568001873 -0.033497128700450379 0.0028719494105591266 -0.016083632422862836 0.02061277451424922 -0.033285394258097345 0.011580515852243638 -0.035888075051574417 -0.019175776774748594 -0.00065091927212852091 0.039654506654882161 -0.003833303045160873 0.065275738354249546 0.032681802345323314 -0.025566372195062567 0.0033656150123653307 -0.0033804482180482889 0.012185035497385926 -0.0078047343605415114 0.028532523823123841 0.0058091749432579651 0.015731171373153024 0.036024015631503231 -0.037080963634207265 -0.026925634750273392 0.0039038187968338388 0.014756111687354535 -0.018405893243779576 -0.0065007907276627185 0.014398979143984492 0.0075682145968082939 0.012609705335336119 0.031178278224058317 -0.039071884067197311 0.010802679324535776 -0.0096015472050655845 0.059699343840993249 0.020254510379467822 -0.038570208033560961 0.040399429231590053 -0.055810494657694165 0.04069449219413767 0.0088080845724743569 -0.028896879180349663 0.12539846724017822 0.026868122498866887 -0.029843297733419934 -0.00918066225597532 -0.010046602425857722 0.045222350306802363 0.0025436514169083374 -0.0035315491118591952 -0.00052815493602953738 -0.033475976634170637 -0.03981672479802071 -0.016683561706571658 0.02145061603581027 -0.012869087263653782 -0.022132310889305579 0.091194313089147966 -0.020756887581275404 -0.017859805656214672 0.00028008364935171111 0.026747296781911498 0.010969664056038329 0.014574329259758939 0.04828283670567414 -0.020236442681997972 0.008048806193456411 0.034687432006243225 0.011854560069444263 -0.024561658349194597 0.0070507157774019093 0.044172816778322029 0.0084498788880064367 0.0088073575013854176 0.082438795175851121 0.065890213145708407 -0.017624444412601283 -0.008682817256694321 0.070353796363406496 -0.045774009815259246 -0.023432895193092149 0.07907061550461815 0.0063409024388173989 0.016357450669223391 0.015698228966474628 0.011653556613549656 -0.00153219433537043 0.01356703113161732 0.039159128842412329 0.023267913357812035 -0.030153898787517154 0.01615759916289437 0.053999164003307704 0.019972274378479572 0.011315785979543289 0.011094867308750547 -0.02037526463862005 -0.0044016994908046914 -0.044154969938114012 0.065384727808704676 0.035704074800698711 0.04160561763070126 -0.041995521698208464 -0.018767772069310719 0.078744788637873708 -0.0034457848474812847 0.035523806631114485 -0.0025244971273599192 -0.011208671180908621 0.061510547791621767 0.025196825433938485 0.013439976408386407 0.095581888286943709 0.10483791296384848 -0.0045329150034227128 -0.018422027992430028 0.045907241792003964 0.01867444126479852 -0.020717625683424865 -0.0041146012351326085 -0.010407158370962408 -0.012036868594475635 -0.039704194760787563 -0.016244560573221507 0.043714226244940174 -0.0080338117930828599 0.077553860138854708 -0.0099047587176148578 0.020717253016782743 0.054473746672611512 0.023989210535184546 0.009249749072655444
leaf_weight=60.57892294973135 638.6288979947567 348.75351411104202 58.181912340223789 861.9883709102869 498.89677330851555 506.99026167392731 374.40383277088404 80.806549370288849 75.464914403855801 120.48592252284288 31.898923590779305 523.73366779088974 181.07413363456726 82.693383321166039 72.895894758403301 201.70942042768002 164.85626754909754 91.503437101840973 82.357137441635132 232.75933834910393 951.83410783857107 68.311821445822716 325.41940395534039 253.57385051250458 202.83755261451006 358.20746664702892 699.52837664633989 142.58373366296291 7.45588594675064 159.87830571830273 571.84748280793428 242.13060159236193 26.177923448383808 123.48406241089106 253.97291546314955 9.1385201513767225 315.736139126122 234.38450165838003 319.03999515622854 127.60831290483475 624.87599042803049 1620.9574741870165 338.17299900949001 409.78686002641916 636.16644574701786 113.14755727350712 78.602411046624184 133.33339041471481 83.267702721059322 572.79778230935335 13.479237556457521 364.72082053869963 452.04341999441385 862.98388335108757 276.3749970048666 241.76535542309284 26.442184001207352 61.052612170577049 331.14519737660885 203.0540821030736 628.5795029103756 488.93210975825787 337.47340286523104 575.98551716655493 258.5452528372407 88.626873977482319 92.196856111288071 294.32761165499687 182.07397846877575 471.02860879898071 769.07459042966366 292.66162633150816 1378.8450510874391 83.992396399378777 1648.9928116202354 256.21457014977932 202.01407653093338 178.48487334698439 74.290013886988163 11.975941106677054 22.491404592990875 1158.9962897151709 421.91225407272577 99.768364742398262 18.318521469831467 131.62387878447771 1292.9159326180816 430.47454284131527 13.218322247266768 460.31326394528151 137.11296696215868 1473.3621050864458 391.1262761130929 152.46409410238266 541.52448499202728 86.484716020524502 197.46060698479414 280.87256444990635 840.1329113766551 552.81606851518154 171.79826156795025 345.71614329516888 1252.5866132751107 10.12649145722389 131.40259450674057 679.35130884498358 244.56274133175611 136.66024676710367 224.64736376702785 1304.6114971786737 67.468497529625893 251.66815496236086 173.79001099616289 88.672284364700317 294.01097111403942 185.55736753344536 418.46776977181435 43.225961819291115 332.94697801023722 153.91030810028315 7.0323411747813216 90.341187596321106 13.975505009293554 40.163546875119209 25.330551840364933 493.6419466137886 222.78338699787855 14.738740146160124 603.89448691904545 304.06764025986195 519.27330714464188 252.57016695290804 94.234468474984169 259.7264259159565 271.17186190187931 553.93098818510771 88.108593210577965 69.591707974672318 88.935672253370285 732.35298576951027 273.58664062619209 483.39821693301201 326.4900274798274 327.95396769046783 15.102613463997839 16.649647779762745 332.97495560348034 76.426887258887291 26.681652680039406 1042.4940866753459 7.4340418279170981 268.79131885617971 437.0578021556139 258.14525280147791 19.024792462587357 63.81275724619627 38.636423781514168 244.25081812590361 7.7016431912779799 7.9328149259090415 72.181119494140148 363.00216962397099 51.948004998266697 45.696518532931805 300.05244935303926 845.33857115358114 591.86583788692951 189.81050024181604 32.109492734074593 37.865923076868057 41.447791382670403 880.74995285272598 29.907547682523727 51.161604180932045 114.45922121405602 112.95935115218163 55.231891170144081 652.13004679232836
leaf_count=372 3381 2033 480 3947 3266 2914 2575 443 541 756 172 4620 905 429 422 1197 941 752 367 1331 4386 360 1728 1742 1022 1786 3413 700 41 1141 2590 1538 192 806 1538 42 1656 1434 2304 1038 4589 12611 1675 2583 3169 681 388 869 418 5214 73 2816 3190 5496 1315 1555 135 314 1994 1253 3369 2912 2152 3002 1878 675 452 2047 1487 2318 3734 1793 9221 589 9899 1230 1367 1390 473 75 160 5868 3956 675 120 704 7310 2978 69 2732 973 8814 2317 683 2656 729 1338 2084 7408 3452 946 2089 8321 57 823 4744 1176 865 1306 7436 304 1537 963 534 1769 1021 2055 201 2025 1045 46 464 76 215 155 4368 1902 69 2962 1398 2693 1390 508 1308 1279 2679 618 487 465 3519 1589 3090 2036 1707 81 86 1722 354 121 7883 44 1783 2147 1599 115 365 234 1855 48 43 432 2085 299 324 2207 6002 4047 1292 163 190 201 4781 172 249 579 526 294 3749
internal_value=-0.000138987 0.00662311 -0.00965581 0.00300446 0.00114525 -0.00532991 -0.0015762 0.00273249 -0.0145465 -0.00416803 0.00391345 -0.021258 0.0169599 0.0175672 -0.0239646 0.00276113 -3.481e-05 -0.0104801 0.0210965 0.00851902 0.0194857 -0.0012714 0.0132113 -0.00337989 0.0249375 0.00718682 0.00422477 0.0171257 0.015172 -0.0127377 0.0204826 0.0145281 -0.017849 -0.00624597 -0.00187426 0.0258035 -0.00299882 0.0128193 -0.0168609 -0.00949819 -0.000412972 -0.0146158 0.0207229 -0.00195068 0.00416698 -0.001639 0.0100848 -0.0161366 -0.0103141 -0.0275922 -0.00147656 -0.0194364 -0.0168535 0.0073652 0.0204924 -0.00546907 -0.0189673 -0.00166149 0.000187034 -0.00213774 0.00864881 0.000783506 -0.00829023 0.0157521 0.000499506 -0.0332988 0.0124626 -0.0151774 -0.0133732 0.0189155 0.00921949 -0.00168151 -0.0123555 -0.0201531 0.00463646 0.0297048 0.0196912 -0.0151261 -0.0237607 0.00811209 -0.00389323 0.0249938 -0.0350247 0.0175507 0.0139173 0.00616193 0.00381097 -0.0263044 0.0679928 0.0169779 -0.0199123 -0.0045782 0.00307548 0.0162122 0.0107353 -0.0360952 -0.0311234 -0.0205863 -0.0368981 -0.0115316 -0.00750451 0.00135544 -0.0182394 -0.00442014 0.00130751 -0.0143553 -0.0132192 0.00702554 -0.00480866 0.0126898 0.0152169 -0.00656903 0.0221201 0.00611782 0.00329851 -0.00639613 -0.000997315 0.00319731 -0.00046211 -0.00693486 -0.0227735 0.0294824 0.0547002 0.0243343 0.0155212 -0.0352853 -0.0382932 0.0160101 0.00794807 0.0273478 0.00713171 -0.00122229 0.0239481 0.0201864 0.0261476 0.0242944 -0.0253038 -0.00971768 0.0272743 0.0138813 0.00216714 0.0161097 -0.0115933 0.00138437 0.0232421 0.00185053 0.030119 0.0143236 0.00745656 -0.0234274 -0.0154169 0.00758205 0.0322354 0.0101109 0.0186075 0.0448111 -0.0131498 0.00361475 0.00438971 0.0133994 -0.0176153 -0.0098805 0.0153449 -0.0063267 -0.0151319 -0.0094691 -0.0180885 -0.0267115 -0.0183457 -0.000645721 0.0150923 -0.0108244 0.0526415 0.0224538 0.0285976 0.037488 -0.00760108 0.00339945
internal_weight=55145.2 32238.5 22906.7 24241.8 21390 16702.2 11864.4 19778.5 4837.85 10280.1 18621 6204.53 2851.79 7996.68 5517.17 17461.7 11760.8 4063.24 1159.38 5700.88 7358.05 8378.96 3404.38 7294.98 3953.67 1630.48 1565.14 1077.02 1584.28 3785.76 3001.84 1576.83 3317.78 5762.2 3366.44 2029.93 918.506 1083.98 1901.13 3121.46 1128.64 1992.82 1839.24 10229.1 4028.54 2037.14 1991.41 1157.48 1463.48 664.301 10064.3 3152.69 2704.6 1532.78 1458.08 723.908 345.482 10037.6 7858.39 6170.58 1687.81 4713.87 2179.18 1059.23 687.365 2199.39 165.093 1159.27 270.701 1672.34 971.912 1282.27 2395.76 1016.92 1902.97 1221.31 277.479 503.765 1177.22 304.204 626.786 1497.17 448.09 669.797 601.485 2352.52 2047.11 1102.93 26.6976 963.489 728.53 2361.35 887.991 1355.24 898.707 1928.68 1404.95 478.333 926.618 1456.71 1125.56 572.746 1611.47 358.88 262.321 763.344 560.299 378.426 754.191 1531.65 766.997 658.588 305.414 965.797 877.124 798.142 612.584 518.757 475.531 298.056 144.145 558.262 104.317 453.945 1329.94 774.607 716.425 1181.7 618.633 456.532 1043.24 523.966 670.22 711.972 530.898 563.07 336.185 157.7 611.029 1203.38 406.92 583.167 529.544 389.007 522.093 342.069 373.139 359.323 282.896 1407.21 138.837 503.176 468.957 634.994 376.849 82.8375 271.396 371.859 167.58 496.865 896.918 487.131 124.129 604.294 345.749 1297.38 1076 484.138 194.117 111.423 79.3137 993.898 41.8835 357.183 306.021 227.419 400.948 989.603
internal_count=337040 174171 162869 134858 121096 114674 76273 110685 38401 66852 103424 48195 13762 39313 43254 97211 68297 31651 6213 28914 35932 53903 17133 47198 18799 8110 7776 5846 9421 29743 14413 9380 24913 37457 21161 9657 4618 6705 12949 23777 8273 15504 9357 59509 20758 11110 9648 7261 9724 5966 58568 24039 19891 9741 7067 4859 2439 58426 45333 36433 8900 27658 13093 5531 4941 18341 874 7804 2162 8156 4756 7694 16296 7075 11437 5652 1908 3684 8090 1920 4569 7543 4148 4245 3885 13572 11905 7617 142 5949 5042 14086 5272 6479 4398 16179 11559 3422 8137 8775 6781 3329 10411 2090 1673 5333 2832 2420 4595 8788 3717 3995 1667 5920 5386 4059 3038 2926 2725 2064 1019 2920 540 2380 7591 6750 6270 5752 3031 2081 5648 2955 3510 3492 2587 2721 2495 1105 3460 5837 2458 3765 3289 2021 2995 1814 1937 1705 1351 10699 867 3217 2319 3848 2249 480 1565 2893 1189 2955 5399 2816 731 4409 2531 9192 7386 3339 983 554 391 5462 247 1742 1493 1105 2383 5901
cat_boundaries=0 11 22 33 45 57 69 80 92 103 113 124 135 146 157 168 179 189 201 212 223 233 234 235 236 246 247 258 269 280 291 302 313 324 335 336 347 358 359 370 381 392 402 403 415 416 428 439 451 462 473 474 485 495 506 516 527 538 539 540 551 552 563 574 585 596 607 618 629 630 642 653 663 674 678 689 699 703 714 725 736 747 757 768 778 788 799 800 801 802 812 822 833 841
cat_threshold=16384 134255616 16781314 167903232 268435712 69632 64 2172649472 1077936264 537395460 2424374272 1048576 16778244 4194432 133120 1342177280 138412072 2256535936 5111808 1073745921 1207960064 257 147590 100796932 32768 10485760 268439556 0 8913024 1179652 218169344 1208091648 1024 655488 2281701376 8388608 168050944 537919744 34631744 64 0 0 537927744 268442688 80 33554628 16 2097152 573440 134218248 32768 138412416 268567824 65536 1210064896 135270404 64 8388608 2048 4194304 0 4 40 1179712 2147483904 130 1209008640 524289 8 8519680 25166848 8449 33554432 256 1078022144 131328 262153 1073745944 134218242 8913217 2500395008 1075839008 3 33556736 67108864 86016 4194592 2147483648 130 2621440 73728 8 2232320 33587200 360448 536871040 545262016 16392 142606368 9699330 1082130432 570429448 131072 9437184 4096 150999296 33554440 0 671089664 1572864 25169920 134217737 1209270592 2097408 2181038340 12288 264324 603983872 536887296 655488 524800 1052673 525824 2147485184 0 4096 289406976 2147500032 40992 1073873024 269615168 8388608 1107301408 541067904 17304064 69206017 52428802 256 16777218 68159488 4341760 132096 36867 19922944 2248147072 133120 0 1076887552 9503232 2298494978 134228000 1107296256 2550136832 128 18874368 2147483648 285286912 256 4196352 268435489 2149580800 2147487812 131328 2148532256 4194817 8392705 1442848 4194369 268517376 67108992 0 2819621128 1052676 42074176 2256535584 39168 128 33685504 16842752 0 5120 16777216 33554432 0 0 64 8388608 8 256 10502144 8388738 34 547356672 0 1024 525312 2147483725 100663336 264452 16908292 8 276824064 1024 4194304 8 2048 196616 8388672 2155872256 134217728 8 524289 9437188 8388612 134217761 0 0 536871936 2147484544 1579008 134217744 1074791424 524549 9437184 16778240 419430560 8 0 134414376 33554432 1 1073742864 538181888 1715 4224 8584 8388608 16781312 285212672 131080 0 1056 64 8390656 1075838976 1310976 10408 4 6144 138412160 5 2952790048 672179200 1050112 2164260866 1024 1610613120 4 268435456 12583936 129 0 0 65536 192 4718592 1040 512 524548 2113536 4198400 262144 2147483648 0 197632 786432 0 1048576 1024 16777216 8388612 8390656 419430688 4 0 536937472 0 2172686338 1048600 265472 8912900 276824064 37750784 0 8 67108864 1049600 1572864 8388608 0 538181888 269025348 19005440 167776256 268435456 2621444 0 537010176 4980992 13634049 1276117008 266496 4 271187972 100663296 288 1050628 536875008 536871360 524800 1052226 134287360 655360 131072 0 16777216 0 131072 10240 134283296 80 1 0 1073741824 524548 14472 137363458 1159725568 135037312 1048580 32 134217736 8389140 1050754 134217744 64 524288 19398656 3291480064 65664 0 67108864 1207959552 33817104 1081344 1072 301994050 256 1938 268435456 37750784 278529 130 67110912 65536 134348800 9449472 0 1024 2147483648 301989888 4 274432 0 256 0 33555072 2048 1064 2097408 4 1048576 16782336 138412160 0 268435456 134217728 0 2049 16 1074004224 524289 0 4096 138412160 262144 0 134217736 0 25165824 134217729 1610874880 13472 406847488 5242880 160 2686453761 2684358660 536870984 2148008496 5242880 134221824 131080 1 16 8245 4096 1048576 136577056 538181636 131200 542113864 234881024 4751648 3145728 8256 2147483648 16 1048576 0 268697600 262156 0 134218752 9437184 524288 1024 263680 524288 2156003328 1073741988 8388609 1032 64 32 101974016 264708 8388625 1316928 524288 8 8388608 16777216 416 12 2048 1056 0 17043456 25 262210 12583236 1048576 20972544 134480032 8 2048 0 0 20971522 2097153 1048642 2420113408 146 4 12582916 4194304 0 268435456 65536 34078720 4096 134218752 64 524544 0 0 151257377 0 0 32 0 1048576 8388608 262144 0 0 128 2099200 2684354564 536870920 528 5242880 134217728 131072 1 83886080 33556992 402658048 140 67119104 229376 1180176 17827840 3146752 524298 268435456 1148192768 0 2148007938 4 128 134217744 37378 65536 33686656 12582912 8388608 16777216 138412288 0 0 671089664 9961472 1183744 16 135266816 524544 14372 1328 0 20971520 256 524288 0 134218784 0 263683 1 1048832 12582917 14345 0 16777232 18688 8 3255828480 134250528 1024 16779843 16 0 281018436 1048576 0 134217728 4 0 1024 8388608 524288 1024 0 4194560 269484032 8388608 8650752 8 536881152 536870912 268435456 524288 0 8 131072 8388612 0 1 0 268443648 65536 524800 4329472 2101249 134218816 4718597 268435456 20971524 4194592 33687556 67108868 4195392 128 2164785152 0 131074 65600 0 1024 2 8388616 2147483648 537001984 0 512 16 1048576 268435712 0 8390656 1077936128 8388612 0 128 1048576 0 0 1310720 524544 10503 2 4096 0 4 0 0 524288 2 1024 2097152 4194304 8 0 4194304 262400 262144 0 134225920 0 17041408 0 0 64 4 16 0 16384 0 0 134217728 0 65536 1210056704 269484032 1024 134217761 0 268435456 0 0 2147483648 1024 1610743808 524292 0 0 0 33554432 0 25166848 0 0 0 0 0 1 0 134218242 524544 3145729 0 128 0 0 32 0 1 0 262144 0 0 16777216 33554440 1572864 0 16777216 33554432 1048576 134217824 1048576 2049 0 537133376 268435460 0 0 134480128 4 8192 1056 524288 4098 134217728 512 16777216 1048576 16777216 262144 0 0 0 8389120 0 134217728 0 524288 0 0 32 2048 67108864 0 128 4196354 1040 512 524292 0 0 33 2147483648 4096 131328 0 513 8392704 1048576 1048576 8388608 128 131072 0 671219712 1048576 0 1 262400 4 8519680 0 0 0 0 32 1048576 0 16 2112 0 16777216 128 2048 0 8 33554560 0 4097 512 0 0 16777248 0 0 536870912 1048576 2172651521 16 262144 4 13862 6170 1033 0 32768 65536 0 2048 0 0 2 0 4104 0 16778244 4194304 2048 0 32 2222981376 4980736 4096 134217728 0 0 268439552 12 131076 0 1049088 16779264 136315920 6291458 4784128 0 1024 16777216 8 0 65576 0 1
is_linear=0
shrinkage=0.08


Tree=18
num_leaves=179
num_cat=18
split_feature=5 18 8 0 7 8 18 8 8 8 4 15 0 17 0 8 5 12 14 8 0 8 15 8 18 5 8 8 18 14 0 12 15 15 17 14 8 12 15 11 0 0 5 17 13 7 17 12 15 18 15 5 15 17 5 15 8 18 15 8 15 8 8 8 18 15 0 4 15 15 11 4 9 12 18 0 14 14 0 9 12 15 15 15 11 15 8 15 14 12 14 12 12 17 0 12 15 14 12 13 0 8 12 15 12 0 15 7 12 14 5 0 18 15 12 11 0 15 14 11 7 15 5 9 5 9 11 4 9 15 15 9 15 15 15 8 15 15 15 9 15 18 11 18 13 15 5 9 9 0 8 7 8 12 17 8 8 17 8 15 8 15 15 17 5 15 15 17 0 4 0 15 9 7 8 13 8 12
split_gain=499.882 205.535 99.6681 93.9138 87.5708 160.192 75.3789 68.46 63.8734 60.763 60.3402 58.3669 55.7032 52.992 52.8805 43.4972 42.5007 42.2336 41.7133 41.4595 46.6382 40.7677 35.0196 35.9812 34.6875 33.8163 33.4794 74.5894 31.5206 31.4036 30.1642 28.0119 27.147 25.7423 27.3507 25.0975 25.0594 61.7671 24.6283 23.0037 22.6329 22.1863 22.1306 21.8358 24.1583 21.6875 21.4734 21.2469 22.8735 20.8752 20.7552 20.742 20.0744 19.515 19.343 19.0457 23.5898 21.2513 19.0085 18.88 18.8269 18.8083 32.1306 38.7775 18.6615 18.4757 20.7358 18.3739 18.2218 23.6744 18.0605 21.5355 18.039 17.7481 17.4797 23.5981 27.985 17.1709 16.9434 25.5119 18.9726 19.7681 17.9162 21.6381 17.242 18.0919 33.4497 20.5961 16.8892 16.6581 39.5904 30.947 17.405 20.897 16.3063 15.9868 16.2816 15.7747 19.7421 15.7156 15.6788 15.4668 15.443 18.2129 15.281 15.4987 20.6591 15.1568 15.1235 14.9172 15.3127 14.8906 14.856 14.69 14.6608 14.614 14.5432 14.4641 14.442 15.2154 17.4902 14.3463 19.8697 16.6955 14.3397 14.2559 14.2341 14.0244 14.0214 13.8974 13.7526 13.7056 13.4987 18.0227 19.8233 17.5992 15.4212 23.0488 24.5901 18.4156 15.548 13.9682 13.436 13.3983 13.3781 22.207 13.1902 13.178 13.1544 13.0964 13.0318 13.7041 30.055 28.3961 18.0402 13.5231 13.7129 13.0061 20.4079 21.1141 16.7979 14.3455 12.9315 12.9286 12.9212 12.8725 16.3175 12.8411 12.7841 12.7815 12.7711 12.7078 12.5845 12.5731 16.4711 15.5158 13.0172 17.2589
threshold=630.50000000000011 0.19585262238979342 16.500000000000004 0 1.0000000180025095e-35 3.5000000000000004 0.1144964136183262 29.500000000000004 4.5000000000000009 22.500000000000004 16.500000000000004 4204.5000000000009 1 0.031887693330645568 2 7.5000000000000009 415.50000000000006 1058.5000000000002 16.500000000000004 19.500000000000004 3 5.5000000000000009 3894.5000000000005 2.5000000000000004 0.19270860403776172 485.50000000000006 9.5000000000000018 11.500000000000002 0.24901662021875384 23.500000000000004 4 911.50000000000011 4204.5000000000009 3215.5000000000005 0.019092313013970855 22.500000000000004 10.500000000000002 953.50000000000011 4115.5000000000009 7.0013549327850351 5 6 910.50000000000011 0.023438048548996452 30.500000000000004 1.0000000180025095e-35 0.040155842900276191 392.50000000000006 666.50000000000011 0.34022966027259832 517.50000000000011 290.00000000000006 4210.0000000000009 0.022087520919740204 935.50000000000011 606.50000000000011 27.500000000000004 0.34576191008090978 3071.0000000000005 3.5000000000000004 2688.5000000000005 16.500000000000004 29.500000000000004 27.500000000000004 0.27931877970695501 3415.0000000000005 7 14.500000000000002 2374.5000000000005 2527.5000000000005 7.4170234203338632 22.500000000000004 1005.5000000000001 906.50000000000011 0.23512599617242816 8 12.500000000000002 7.5000000000000009 9 224.50000000000003 1034.5000000000002 3743.5000000000005 2986.0000000000005 2819.0000000000005 5.0690979957580575 4175.5000000000009 26.500000000000004 4245.5000000000009 24.500000000000004 408.50000000000006 19.500000000000004 504.50000000000006 413.50000000000006 0.045572062954306609 10 833.50000000000011 4015.5000000000005 55.500000000000007 828.50000000000011 66.500000000000014 11 3.5000000000000004 395.50000000000006 752.50000000000011 1044.5000000000002 12 2853.0000000000005 1.0000000180025095e-35 63.500000000000007 37.500000000000007 925.50000000000011 13 0.16552235186100009 4204.5000000000009 969.00000000000011 6.333782672882081 14 675.50000000000011 43.500000000000007 4.17669701576233 1.0000000180025095e-35 726.50000000000011 675.50000000000011 558.50000000000011 940.50000000000011 969.50000000000011 7.9263479709625253 9.5000000000000018 1567.0000000000002 2806.5000000000005 2803.5000000000005 133.50000000000003 395.50000000000006 752.50000000000011 2637.5000000000005 1.5000000000000002 2384.5000000000005 2509.0000000000005 2592.0000000000005 867.50000000000011 2368.5000000000005 0.25460879504680639 5.0690979957580575 0.27497431635856634 5.5000000000000009 1036.5000000000002 970.50000000000011 2182.5000000000005 3367.5000000000005 15 11.500000000000002 1.0000000180025095e-35 9.5000000000000018 857.50000000000011 0.015457543078809978 7.5000000000000009 1.5000000000000002 0.018192240968346599 17.500000000000004 590.50000000000011 18.500000000000004 630.50000000000011 616.50000000000011 0.026137317530810836 1049.5000000000002 2327.5000000000005 2331.5000000000005 0.039138922467827804 16 1.0000000180025095e-35 17 2235.5000000000005 325.50000000000006 1.0000000180025095e-35 3.5000000000000004 68.500000000000014 14.500000000000002 837.50000000000011
decision_type=2 2 2 9 2 2 2 2 2 2 2 2 9 2 9 2 2 2 2 2 9 2 2 2 2 2 2 2 2 2 9 2 2 2 2 2 2 2 2 2 9 9 2 2 2 2 2 2 2 2 2 2 2 2 2 2 2 2 2 2 2 2 2 2 2 2 9 2 2 2 2 2 2 2 2 9 2 2 9 2 2 2 2 2 2 2 2 2 2 2 2 2 2 2 9 2 2 2 2 2 9 2 2 2 2 9 2 2 2 2 2 9 2 2 2 2 9 2 2 2 2 2 2 2 2 2 2 2 2 2 2 2 2 2 2 2 2 2 2 2 2 2 2 2 2 2 2 2 2 9 2 2 2 2 2 2 2 2 2 2 2 2 2 2 2 2 2 2 9 2 9 2 2 2 2 2 2 2
left_child=3 6 4 16 11 12 -2 9 170 19 61 13 60 28 -9 21 51 22 31 39 45 54 23 53 88 74 30 36 29 47 -17 112 49 34 58 72 37 40 -24 65 -28 -23 -22 -38 109 -21 99 -3 -49 104 -11 -1 -13 169 -10 56 -27 -57 73 -37 68 100 63 -63 -56 66 -4 -67 -6 -70 -36 147 95 101 -5 -76 128 -46 79 -52 81 82 83 108 -83 86 -86 -87 148 90 102 92 -91 -94 -25 96 129 98 107 149 -8 118 162 -104 105 106 -29 -44 -80 110 -45 -31 163 -40 -96 -110 -32 -43 119 146 -121 123 -123 -92 -113 -55 -90 -74 -77 -26 -42 -107 -30 135 136 -134 139 -138 -139 -135 141 -141 -132 -53 -78 -146 -20 -72 -18 -16 151 -102 155 154 -154 156 -153 160 168 -160 -68 -161 -15 -12 -48 -61 -167 -105 -159 -14 -7 -95 -163 -114 175 -175 -176 -178
right_child=1 2 7 25 5 8 10 14 15 50 18 52 17 89 46 26 24 -19 33 20 42 41 38 94 35 55 27 32 132 111 116 -33 -34 -35 70 59 43 -39 113 -41 130 117 97 44 77 -47 164 48 -50 -51 78 143 -54 125 64 57 -58 -59 -60 165 -62 62 -64 -65 -66 67 157 -69 69 -71 71 -73 127 -75 75 76 144 -79 80 -81 -82 84 -84 -85 85 87 -88 -89 126 91 121 -93 93 171 114 -97 -98 -99 -100 -101 150 -103 103 167 -106 131 -108 -109 115 -111 -112 124 173 -115 -116 -117 -118 -119 -120 120 -122 122 -124 -125 -126 -127 -128 -129 -130 -131 142 -133 133 134 -136 -137 137 138 -140 140 -142 -143 -144 -145 145 -147 -148 -149 -150 -151 -152 152 153 -155 -156 -157 -158 158 159 161 -162 172 -164 -165 -166 166 -168 -169 -170 -171 -172 -173 -174 174 176 -177 177 -179
leaf_value=0.032502499338167436 -0.030732596421040946 -0.013932065886567473 -0.020226879965796606 -0.015897528380013667 0.065649788071934459 -0.0032711350329654347 -0.017936226209486796 0.055894091491246238 -0.0055588411385160607 0.075964569258603135 -0.019378183790059393 0.086810570975750068 0.088140849804599478 -0.021701051434017616 -0.026194474098282836 -0.029422807283487579 -0.031024191249441179 0.17467211907887059 -0.018120393375759731 -0.043579569851911713 -0.0045371386850289689 0.056376081489400952 0.080504417361141625 -0.013376812263446317 -0.017510767603873292 -0.021357517351188262 -0.0064425389942983306 0.003235920257965489 -0.018806022179755136 -0.01970369510213614 0.026601730083489619 0.014608746050019493 0.075495373436858706 0.021804835222192863 0.011933994343044683 0.017215032601112967 0.044281558668954835 0.24174615780419881 -0.016402343636231557 0.069212296958540712 0.030954649073991855 0.076529106800118277 -0.003114833839611965 0.26572821166430793 -0.048741615308323175 0.0035527672874140735 0.0094020900212620755 -0.025164363253169907 0.0011470369996420756 0.046389701169556437 0.11301867852859813 -0.032036639807303445 0.0228056960803187 0.016031899608550785 0.012024177404347183 0.00059205767995347135 0.079604462929647055 0.053333952809260045 -0.03423595595717193 -0.01953754289533623 0.10785074218325172 0.00025161300904614353 -0.0225546243516958 0.044075180182500437 0.053283589226943068 -0.0045248952392469254 0.019169370113200281 0.052189769490667927 -0.029836843843189468 0.070945239218812614 0.15262874495856035 -0.02197441800009942 -0.049497150711929228 0.03390324919324466 -0.014529940919501728 -0.025094026803721418 -0.0036974985086478734 0.11163197386648262 0.040613243937456966 0.041061338664688092 0.078468142591276518 0.014661255906055222 -0.0069360415740896113 0.081835895289501068 0.043615859113772963 -0.010624986949515466 0.12201023327632766 0.076127252478956048 -0.017007669869987946 0.012918194049301302 0.046443596273830136 0.0062539449398756209 0.026289655557054838 0.049943053933234734 0.055401785176111787 -0.0062534330344366177 -0.0074568542187032575 0.068323512789789709 0.050843252139280475 0.030893417270973746 -0.0087439499259731861 -0.0037172653248269427 0.011996396057046374 0.0078324628079726039 -0.10534266098098685 0.090215377314322748 0.054274464563488792 0.030964818064972803 0.018363222672469624 0.077151381102629743 0.13134170987305557 -0.001637862467933082 -0.0071541384747815301 0.044441253004025912 -0.044725895504138212 -0.02450529374471791 -0.0040441442405766328 0.006845320953891708 -0.010372847966619622 -0.0024514601600250101 0.039961861448396724 -0.033191696506190853 0.012266509762609725 0.011914022101389301 0.012130307757084973 0.049351707664757188 0.075799596421791099 -0.0031809632204848354 0.046036073202128096 -0.039120891156655978 0.16246071024842609 -0.011354147385175713 0.038441157769848466 0.010164027412806975 0.010142402631442889 0.0098363983272588759 -0.029287956044640653 0.02029484538916802 -0.025122398588505148 0.036737266290240288 0.073492285058866416 -0.022339281902281679 0.048008121841839294 0.0098331036693232697 0.013567921195176379 0.063525035278331338 0.06438910759083441 0.056689703944987076 0.091973534929472578 -0.0021650508987834712 -0.018951221084256519 -0.031056707243426716 0.0014585858199460573 0.21022349324998396 0.11128711639910245 -0.021176057873032589 0.012328958397488262 -0.021642279348561905 -0.033380966964378346 0.13462968136423778 -0.022476328959902227 0.011675461191752976 0.0029572643359947028 0.0063675514843799484 0.053783208020380294 0.10129957682396244 -0.0013003584409795664 -0.069115357579558834 0.018297621520359332 -0.0020612953251593134 -0.038569128296993341 0.10286725914804912 0.046828817673835579 0.03614292436291789 -0.0096521281586738044 -0.062160704457836308 0.0061176109533121739 0.074401849866116407
leaf_weight=33.719095848500729 603.62986074388027 2286.9624137356877 82.349710240960121 2241.8529741019011 252.38847893476486 107.41242771595716 1385.8759370222688 107.54880812764168 291.34635514765978 72.305789679288864 765.84240049868822 32.96647635102272 10.268614664673803 182.34345109760761 157.58936956524849 290.9318882226944 1083.7152774557471 12.211846247315405 15.021866016089914 169.62570968270302 292.05801627784967 250.02903404831886 111.8993481695652 30.738480255007744 301.80708122253418 372.82736762613058 112.91417352110147 566.52372612059116 153.64958290755749 157.46049779653549 106.56502391397953 456.08022432029247 31.283842742443085 701.8721762150526 1245.2464405372739 279.03935826569796 70.167261734604836 8.2617628723382932 33.016139596700668 68.677882328629494 66.914412528276443 22.012934029102325 217.74462898075581 9.7970134466886538 8.066910535097124 98.905079141259193 109.73149219155312 243.99752316623926 1584.6427185386419 59.638560563325882 33.575335517525673 1695.4688099324703 637.01961383223534 382.20656406879425 300.61974187940359 3229.2486117854714 15.401524759829043 49.622499257326126 99.519265532493591 318.18442390859127 52.894816443324089 706.07720798254013 288.64904429763556 158.14964213222265 91.502388745546341 44.905644915997982 201.56465742737055 196.57491558045149 32.362393587827682 27.635548546910286 11.214564368128775 19.619195654988289 44.290607504546642 103.12620782852173 818.38557004928589 209.75198178738356 188.84965645521879 9.0376765131950361 180.68981091678143 515.53529764711857 43.783933505415916 107.27604865282774 145.95111925899982 38.801609769463539 109.79931338131428 47.985645443201065 51.029756665229797 27.555040642619133 997.42014820128679 232.79994685947895 166.79473106563091 772.60703659057617 244.42408062517643 104.86266845464706 250.7947953492403 359.664286904037 240.07086160778999 45.110919579863548 96.14057956635952 81.498905047774315 1578.1085857227445 1687.1947295591235 38.759448394179344 17.300848379731178 9.0732147097587568 8.5942642837762815 55.729233726859093 135.46630197763443 491.89099038392305 11.094727039337156 12.340505152940748 973.49845005571842 1489.1713023781776 109.87007717788219 9.7053256928920728 56.748179510235786 651.15725416690111 141.38383182883263 132.24270432442427 189.4951723664999 92.624903745949268 65.821111813187599 941.26884340494871 193.70123130083084 963.07235144078732 104.68467234075069 10.667595997452734 749.85595331341028 19.353423982858658 516.48702067136765 11.820760354399683 639.95910284668207 162.65059287846088 654.72756278514862 1106.5955486148596 895.30820775032043 305.85184867680073 184.83067099750042 129.89345410466194 28.1976677775383 12.66417036950588 277.58767414093018 14.790767610073088 50.356819786131382 332.58862264454365 68.695545703172684 70.787632495164871 50.019972324371338 5.5720266103744498 1130.0309800580144 509.33720958977938 53.008950427174568 27.471272081136703 7.3218989968299857 14.667650908231733 143.81502948701382 385.93721252679825 60.67748549580574 25.416856318712234 10.357894167304037 89.487716011703014 82.91463004052639 536.6518272459507 149.12815706431866 67.992115944623947 10.073335334658621 570.07639882713556 70.084050729870796 188.23029591888189 434.93480816483498 219.51106199622154 40.194449469447136 304.92884400486946 142.2366110086441 351.96811582893133 11.055113121867178 150.62675338983536 28.088401317596436
leaf_count=263 4908 13507 429 18204 1135 543 9404 501 1606 344 5064 150 50 908 849 1501 9038 51 89 897 1605 1215 514 143 2186 2418 574 2892 816 905 555 2524 137 3596 6726 2010 338 38 150 352 338 109 1094 49 37 480 545 1468 9124 270 163 16341 3004 1822 1510 21168 95 255 600 2242 246 4626 1971 953 411 271 1039 928 161 136 66 106 381 538 5902 1477 1191 41 880 2443 199 513 767 195 527 215 229 117 8287 1136 792 3795 1231 502 1172 2639 1935 204 423 403 10887 10163 182 94 45 43 264 605 2383 52 55 5802 9243 470 42 278 3336 695 775 1174 532 407 4728 934 5016 477 77 5260 117 4378 57 3345 787 3391 5534 4450 1577 906 641 151 66 1445 71 395 2234 443 411 268 44 5889 3530 341 179 43 93 963 2472 300 125 53 474 402 2819 938 308 72 4314 376 933 2234 1119 189 1489 787 2055 61 840 151
internal_value=0.00019217 0.00481673 0.00895207 -0.0123724 0.0062921 0.0143824 -0.003087 0.0180282 0.00569591 0.0233129 -0.00182469 0.00290179 0.0339423 0.00177661 0.00418351 0.00857763 -0.0188592 0.0264674 0.00256748 0.0148534 0.00296008 0.0220502 0.0254194 0.0197991 -0.0154007 -0.00609333 0.0032128 0.0101274 -0.00119067 -0.00473412 -0.00803622 -0.00389745 0.00185521 0.00775376 0.00509978 -0.010397 0.0439535 0.0275615 0.0524006 0.0241063 0.0189638 0.0418796 0.0127612 0.0731482 0.113348 -0.0252797 0.000224613 -0.00879219 -0.002364 0.00013411 0.0339198 -0.0296284 0.0259579 0.0121293 0.0100544 -0.000593269 -0.0173477 0.00139062 -1.25675e-05 -0.000961019 0.0620136 -0.0084752 0.000553615 0.00827209 0.0216547 0.0216989 0.0170933 0.0416437 0.0562298 0.0165936 0.0143135 0.0509476 -0.015419 0.00147473 -0.011308 -0.00502487 0.00459174 0.0360323 0.0322761 0.0446526 0.0265071 0.0249075 0.0187572 0.0236392 0.0412649 0.0533363 0.0685037 0.0210333 -0.0234869 0.0101016 0.00578536 0.0169483 0.0302255 0.040569 0.0443429 -0.0208252 -0.0257769 0.0232364 0.0187068 -0.00317009 -0.0110106 -5.44967e-05 -0.00782689 -0.0336421 -0.00202206 -0.00128248 0.00768529 0.00995684 0.0205405 0.15309 0.191029 0.00324161 -0.00663069 0.030382 0.0497578 0.0139283 0.000556871 0.015306 0.0123005 0.0204499 0.0114757 0.0141974 0.00929477 0.0278922 0.00518246 0.0231979 -0.0160239 -0.00576544 -0.0190814 -0.0311513 0.0454602 -0.00985313 0.00443401 0.00538423 0.0019166 0.0142348 -0.00379492 -0.0136492 0.0015497 0.00248915 -0.0132899 -0.0168892 0.0989441 -0.0308288 0.0138605 0.0221232 0.049944 0.0743108 -0.0303931 -0.00532663 -0.00738819 -0.00475692 0.00519518 0.0650528 0.0397274 0.000112505 0.00708817 0.0202826 0.0266073 0.0372892 0.00636411 0.0418017 -0.00329679 -0.0151819 0.0263858 -0.00660714 0.000485068 -0.0538828 0.00842581 2.36666e-05 -0.0282526 0.064622 0.0393147 -0.00303021 0.00594848 0.0290452 -0.000724139 0.0168579
internal_weight=55059 40246 26421.7 14813 20433.3 6034.09 13824.2 5988.46 4178.48 4334.07 13220.6 14399.2 1855.61 13729.2 1654.39 3851.56 7266.47 1490.33 7962.18 2411.14 1055.05 1096.89 1478.12 1223.33 5486.92 7546.58 2754.66 1706.01 10121.6 6209.63 1048.65 3544.2 1370.8 4417.98 3716.11 3389.55 335.206 214.702 254.786 1356.09 206.44 413.426 786.52 120.504 50.3368 268.531 1546.84 4115.6 1828.64 1339.52 1922.93 1779.54 669.986 932.095 683.468 3667.1 388.229 3278.87 2390.01 1177.37 365.281 5258.42 1152.88 864.227 392.122 1287.41 1045.93 241.481 312.386 59.9979 1326.1 80.8537 2212.18 2290.49 3879.48 1637.62 819.239 17.1046 1850.62 549.111 1301.51 1257.73 914.082 768.131 343.646 236.37 160.829 75.5407 2097.38 3607.61 2212.73 1394.89 622.281 389.481 291.239 1418.03 1058.36 494.462 449.352 1369.12 4105.54 2187.37 845.14 126.144 1279.88 1270.81 622.253 353.211 729.329 33.2322 22.1375 2094.03 3088.12 142.886 260.5 548.639 757.722 163.397 500.172 367.93 282.12 1367.59 1007.09 360.496 1936.57 486.891 1008.09 794.147 229.105 818.294 93.5259 648.553 3911.96 3758.31 2700.35 1057.96 1593.75 620.576 314.724 973.177 318.45 305.785 26.6115 1745.83 590.134 401.284 85.8095 61.2345 1089.29 1287.62 2719.67 2210.33 632.222 49.4608 42.1389 582.761 438.946 963.578 672.526 423.618 291.052 398.201 718.995 914.971 177.724 898.334 580.15 87.3849 248.908 445.203 326.923 145.057 387.843 2173.15 683.975 153.292 530.683 178.715
internal_count=337176 223810 136733 113366 106882 30049 87077 29851 21246 21356 82169 76833 8803 73679 8495 19584 59862 7125 46707 12103 5308 5546 7074 5940 42863 53504 14038 8646 55586 35822 5392 21663 6996 25044 21448 25417 1650 1078 1134 6795 1040 2019 3931 572 234 1377 7994 24099 10592 6859 9253 16999 3154 4583 3527 23936 2513 21423 14282 8638 1678 35462 7550 5579 1921 6443 5244 1199 1432 297 7166 440 16779 13682 29568 11364 5462 78 8909 2606 6303 6104 4503 3736 1601 1088 756 332 17446 18093 11240 6853 3058 1922 1357 11138 8499 2326 2122 7141 27912 13144 4379 652 6589 6544 3156 1699 3541 156 104 11723 19139 620 1214 2661 3891 804 2981 2206 1706 6861 5135 1726 10818 2299 8364 5641 1594 6564 466 3388 19764 18948 13711 5237 8177 3124 1547 5053 1662 1596 128 16736 3868 2677 500 334 9082 6738 18508 14978 4091 315 272 3776 2813 4815 3302 2069 1513 1944 3727 6002 853 6628 4386 470 1233 2284 1662 691 1891 13137 3894 848 3046 991
cat_boundaries=0 1 2 3 4 5 6 7 8 9 10 11 12 13 14 15 16 17 18
cat_threshold=6312 300 288 8334 9616 15366 15628 4352 517 19 8192 2467 3969 8960 514 10368 536 39
is_linear=0
shrinkage=0.08


Tree=19
num_leaves=179
num_cat=60
split_feature=20 4 4 15 2 2 2 2 2 6 2 2 5 2 2 2 15 0 6 2 20 2 2 20 15 2 6 6 2 2 6 0 0 2 2 14 2 19 6 2 2 14 15 2 20 11 0 2 15 2 2 3 6 0 5 15 15 0 15 2 4 20 2 2 6 6 2 2 14 6 2 20 0 14 5 13 20 19 9 20 15 19 20 13 19 5 15 15 14 13 0 0 0 0 2 15 11 19 13 20 5 2 20 14 14 14 0 19 15 13 11 15 11 2 20 19 13 14 13 15 20 2 13 5 11 19 20 14 3 2 2 15 5 0 0 2 15 5 11 9 13 15 6 0 20 4 2 14 20 15 5 20 14 14 11 0 2 0 0 6 11 5 14 15 4 14 2 20 0 15 11 13 13 11 15 9 13 4
split_gain=517.301 141.355 130.357 103.582 91.321 86.3023 71.2523 66.9913 66.2904 65.7597 54.9065 49.2666 48.1471 50.8194 45.2928 43.5142 36.8089 36.2648 34.2961 42.6239 33.8556 33.3363 32.6275 32.5516 30.699 29.5332 28.1187 29.8339 35.95 25.4175 25.2328 24.9609 24.6818 23.5153 23.4743 22.8666 22.8417 22.7136 22.264 28.0224 22.2588 21.8933 20.9025 20.3736 20.1224 19.909 18.9181 24.7131 18.715 18.1159 17.9861 17.9308 17.764 17.649 17.4428 17.1262 17.0225 16.7895 36.5453 16.5606 16.1666 16.1138 19.3404 18.1221 16.0821 15.9961 17.3931 15.8347 15.7799 15.6331 15.488 15.4281 15.1854 14.3592 14.2645 14.1582 14.556 14.1519 14.0825 14.0655 13.6143 13.5035 13.4572 13.3969 13.3659 13.11 17.5913 13.1083 13.0956 14.2268 19.8882 14.981 12.8453 12.7266 12.7058 12.6598 12.5933 13.3495 12.554 13.8331 12.5523 12.5039 12.3749 12.3355 12.1218 12.1063 12.1016 11.6283 11.5248 15.7082 12.9474 11.4738 12.0162 13.3755 11.3807 12.2432 11.3571 12.373 11.297 11.2803 13.7722 11.2608 12.7032 11.1774 11.1678 11.1037 11.0572 11.0223 15.4449 12.8626 10.9946 10.9389 10.8694 12.6943 10.7597 10.7233 10.6393 10.6265 10.6135 10.5672 12.0211 10.5629 11.3329 11.3281 12.859 10.5027 10.9417 10.4918 11.758 10.3731 10.3688 13.9183 10.3442 10.3442 10.2153 10.2127 10.2099 12.177 10.2011 10.1071 10.1048 11.5283 10.0865 10.0439 10.0254 9.96249 9.93049 9.8836 9.80337 11.0761 9.79618 9.77372 9.76633 10.2193 9.70944 9.8955 9.66335 9.66315
threshold=0.20853858441114428 12.500000000000002 17.500000000000004 3574.0000000000005 0 1 2 3 4 6.5000000000000009 5 6 580.50000000000011 7 8 9 3568.5000000000005 10 4.5000000000000009 11 0.33214335143566137 12 13 0.12853561341762546 3081.5000000000005 14 4.5000000000000009 1.5000000000000002 15 16 3.5000000000000004 17 18 19 20 35.500000000000007 21 0.0075320191681385049 1.5000000000000002 22 23 53.500000000000007 4227.5000000000009 24 0.14102464169263842 6.0480384826660165 25 26 4015.5000000000005 27 28 1.0000000180025095e-35 3.5000000000000004 29 424.50000000000006 3207.5000000000005 4052.5000000000005 30 4003.5000000000005 31 16.500000000000004 0.31964175403118139 32 33 5.5000000000000009 1.5000000000000002 34 35 7.5000000000000009 4.5000000000000009 36 0.13401963561773303 37 1.5000000000000002 1245.5000000000002 23.500000000000004 0.18619824200868609 0.013735531363636257 437.50000000000006 0.21266954392194751 4204.5000000000009 0.0088507034815847891 0.18983578681945804 45.500000000000007 0.013910301961004736 450.50000000000006 4058.0000000000005 2925.5000000000005 77.500000000000014 19.500000000000004 38 39 40 41 42 719.50000000000011 3.1347234249114995 0.050228761509060867 7.5000000000000009 0.23350776731967929 995.50000000000011 43 0.097815230488777175 69.500000000000014 6.5000000000000009 64.500000000000014 44 0.012322803027927877 4058.0000000000005 26.500000000000004 6.9101161956787118 3568.5000000000005 4.7201397418975839 45 0.28229819238185888 0.012152554932981731 44.500000000000007 12.500000000000002 57.500000000000007 2878.5000000000005 0.19633723795413974 46 51.500000000000007 725.50000000000011 6.333782672882081 0.0074534930754452952 0.38001927733421331 43.500000000000007 8.5000000000000018 47 48 4137.0000000000009 505.50000000000006 49 50 51 3992.5000000000005 950.50000000000011 6.7429995536804208 2584.5000000000005 22.500000000000004 3730.0000000000005 4.5000000000000009 52 0.24649882316589358 19.500000000000004 53 2.5000000000000004 0.26568710803985601 3034.5000000000005 1369.5000000000002 0.18983578681945804 87.500000000000014 4.5000000000000009 6.560204505920411 54 55 56 57 5.5000000000000009 7.0013549327850351 670.50000000000011 9.5000000000000018 452.50000000000006 20.500000000000004 16.500000000000004 58 0.25967940688133245 59 412.50000000000006 7.5248575210571298 2.5000000000000004 30.500000000000004 6.7939546108245858 2319.5000000000005 938.50000000000011 10.500000000000002 22.500000000000004
decision_type=2 2 2 2 9 9 9 9 9 2 9 9 2 9 9 9 2 9 2 9 2 9 9 2 2 9 2 2 9 9 2 9 9 9 9 2 9 2 2 9 9 2 2 9 2 2 9 9 2 9 9 2 2 9 2 2 2 9 2 9 2 2 9 9 2 2 9 9 2 2 9 2 9 2 2 2 2 2 2 2 2 2 2 2 2 2 2 2 2 2 9 9 9 9 9 2 2 2 2 2 2 9 2 2 2 2 9 2 2 2 2 2 2 9 2 2 2 2 2 2 2 9 2 2 2 2 2 2 2 9 9 2 2 9 9 9 2 2 2 2 2 2 2 9 2 2 9 2 2 2 2 2 2 2 2 9 9 9 9 2 2 2 2 2 2 2 9 2 9 2 2 2 2 2 2 2 2 2
left_child=1 7 4 6 35 30 60 17 54 11 36 162 13 31 37 102 24 23 22 88 25 145 82 -1 50 48 27 28 -27 -28 41 69 56 -12 75 43 -5 -8 39 134 92 65 64 52 166 -37 47 -21 53 -18 72 -19 77 114 -6 -26 -15 58 -46 68 118 63 87 -52 -38 70 106 -57 -59 -10 -4 -40 73 -13 98 -25 159 -2 -76 -74 94 -33 -16 158 -72 103 -87 -63 89 90 -20 -91 -29 149 -23 -30 97 -55 99 -51 138 139 -9 -53 -56 136 -67 -78 109 110 135 112 152 -114 -14 -116 117 -69 125 -109 -121 122 -60 -111 -102 -3 -32 129 -129 -104 -73 -110 133 -45 170 -97 -22 -127 -35 140 -34 143 176 144 -134 146 -11 -135 -149 -70 -95 -152 -42 -39 -119 -115 -31 -158 -68 -77 161 -93 -7 -106 -43 -132 -17 -144 -62 -170 -24 -146 173 -66 -120 -176 -143 -171
right_child=2 3 5 10 8 9 14 15 12 21 33 16 20 32 18 44 49 51 19 46 105 80 38 34 55 26 29 40 95 156 126 81 101 100 -36 45 42 153 71 -41 111 164 -44 132 57 -47 -48 -49 -50 74 61 85 -54 96 104 67 -58 59 121 -61 168 62 -64 -65 172 66 83 116 93 -71 84 130 79 -75 78 76 107 -79 -80 -81 -82 -83 -84 -85 -86 86 -88 -89 -90 91 -92 160 -94 150 -96 108 -98 -99 -100 -101 124 -103 127 -105 163 -107 -108 119 131 123 -112 -113 113 155 115 -117 -118 154 174 120 -122 -123 -124 -125 -126 137 -128 128 -130 -131 165 -133 141 147 -136 -137 -138 -139 -140 -141 -142 142 167 -145 171 -147 -148 148 -150 -151 151 -153 -154 -155 -156 -157 157 -159 -160 -161 -162 -163 -164 -165 -166 -167 -168 -169 169 177 -172 -173 -174 -175 175 -177 -178 -179
leaf_value=-0.03311459411874626 -0.041605684155606733 -0.034198628084200045 0.001241911660129684 0.048801807413499931 -0.043836468781480599 -0.019943085920652161 -0.04006026842736609 -0.036242221098772703 -0.018445660808346451 -0.00194743633065765 -0.026659347000496072 0.077966746216190888 -0.0054409106065954416 -0.033300509334396759 -0.0039230548155513682 0.0080690868238601186 0.00023707292239763062 0.065191647773099201 -0.0096349878891198865 0.012776581274124317 0.02330976627655177 -0.0045557122545867093 -0.0043097435440216918 -0.0071454882960066976 -0.040123561434186265 -0.020994448360590882 0.013725399448401048 -0.028712383073320941 0.040214167865844822 -0.015999242209440649 0.025292621837770687 -0.050564552588995254 -0.0066160896998914819 -0.011174837049775819 -0.019389188385079623 0.066810578229476031 0.0085859001231759907 -0.031824875362756341 -0.037621284634103032 -0.01653675267533232 0.0019430929516723108 0.032795828051408349 0.064908571038302568 -0.016958293761820117 -0.03634054403686747 0.010386143484303913 -0.015723125224702619 -0.0086109096505659517 0.036139087106143872 -0.016250111569213986 0.0074477962909838789 -0.044549771824985832 0.053448349178701504 0.033453200213114362 -0.022252248723870886 -0.035945348242039155 -0.0044027202440572785 -0.031528283910637764 0.011708270704640034 -0.002967785087034859 -0.0031480678522787043 0.024374264145387514 0.0031079880723234722 -0.0030219157421523348 0.020884474315779413 0.0055395259490586051 0.033969610662128016 -0.016979580253638334 0.0090360133894413705 0.010750334081499896 0.0041112440302911958 -0.0036858441809262555 0.076635771400572539 0.0019353603797916184 -0.032483777962025159 -0.0088333519309265057 0.13124390877349168 0.02834453615922608 0.021695870896633971 0.01839230524288633 0.066823025856110774 0.023905339676192176 0.018130733826203244 0.037738115076359144 0.039892645469297487 -0.032006998447850203 -0.0037217232010484896 0.088488538154241431 0.092636326222259688 -0.00033562490007850199 0.022495881732153621 0.077151113297150728 -0.010265901519218528 -0.016557937747486751 0.015847014556691172 0.0088445077676189785 0.013451914897362454 0.12760632894783211 0.03441628893182317 0.027295438235412833 0.009294110340314906 0.0015829415771805326 0.035000991264771908 -0.0090560562191380235 0.033245506521420561 -0.012028264706811585 -0.026457004451638077 0.014656411750300991 0.10251594184978929 -0.00045273392522163003 0.058849471447329008 0.019061337813851133 -0.020044897919221826 0.018785324840631043 -0.019721762452555528 0.043138503105482187 0.069305551251754194 0.014054058526497968 0.00834049658446075 0.1917187357622471 0.020140220217634702 -0.014488484620451285 0.11809372428079565 0.038674223691369192 0.049750076694300108 0.0020106331830313817 0.045783269081494507 0.034036906794116563 0.18403489891355243 0.0032389295731734325 -0.024488994913619267 0.025404266233149255 -0.0061149367620242151 0.083232784406502211 0.024768431574347268 -0.018846539942772533 0.092196692901413635 -0.095288077942608157 0.016852194262826817 0.054187590113460943 -0.025025166552558407 -0.039125158832020203 0.084799794449796517 0.017370538373982333 -0.01852091999428546 0.040408770339742765 0.032854275024600588 -0.0068073207726973431 0.039041152909986054 -0.040449211361055032 0.11360824728265122 -0.03911499907324674 0.09889489731263551 -0.014202578821309479 0.10030339561829761 -0.014117820031996116 -0.008845269154680124 0.0077017352822889799 0.0028173147643349478 0.037531785269818062 0.00255711939480308 0.030145754613756865 0.019079113944734782 -0.0095424094234075225 0.094490130744454129 -0.013227528171513004 -0.023932873815450534 0.011246198668614687 -0.038609665747992253 0.027587989477273589 0.079147240660120841 0.019324132572487995 0.069837735297298628 0.079658941043073681 0.037644709022241353 0.14582178679032115 0.03710130178433442 0.00046038389068418236
leaf_weight=571.87554538995028 25.673919685184956 64.177733324468136 175.19683508574963 186.34480468928814 128.27479856461287 555.77073220908642 301.54294474422932 35.130655720829964 254.55947557091713 96.111007511615753 187.70813371986151 16.283809304237366 556.35907431691885 550.19480826705694 540.78839762508869 66.302030436694622 252.95970275253057 11.863257504999636 331.18956420570612 524.8610772639513 588.51671753078699 269.69736231863499 217.01648138463497 422.71213980764151 134.46558631956577 216.40042778104544 1394.5088813900948 434.98828338086605 113.43458698689938 242.96267884224653 2308.2128929495811 16.110986955463886 511.8373289257288 377.99541039764881 815.05872055143118 98.897152073681355 677.46018958091736 244.23791529238224 241.99486652761698 498.34618699550629 600.00896967202425 198.98719590902328 57.791614793241024 173.76163426786661 440.10160283744335 67.232623293995857 900.51261018961668 968.33230470865965 183.31158885359764 73.360103294253349 1888.5600486844778 706.25854512304068 150.21798381209373 68.613809019327164 606.49991766363382 66.410822600126266 171.01562595367432 282.2902585491538 128.86270752549171 1819.6678066924214 131.6848136484623 336.43431393802166 502.02453769743443 2382.4676871374249 241.33988824486732 141.48403330147266 68.309712946414948 103.40826413780451 268.02287828922272 217.76714037358761 87.207942306995392 388.09643807262182 27.310743615031242 633.17660789191723 51.005015909671783 102.41455411165953 9.8085806146264058 66.169762566685677 77.062811762094498 912.78751204907894 28.006205976009369 458.36250996589661 263.26747645437717 107.67037519812584 285.75571773946285 968.01085695624352 164.66324253380299 21.708707317709923 12.901706248521803 166.24533350765705 183.21494598686695 38.035399399697781 620.09877814352512 862.76847113668919 695.56231260299683 159.74418722838163 844.28852033615112 11.19676950573921 624.29416020214558 128.33555233478546 354.51444735378027 556.26766960322857 93.462344981729984 68.782623969018459 36.330679789185524 62.372370645403862 151.44691222906113 37.979438006877899 14.897679395973681 71.587539613246918 20.705848529934883 139.45683193951845 454.73627892136574 121.84219406545162 28.167616330087185 66.880803771317005 17.115292102098465 68.140301898121834 43.437111847102642 5.8136266097426397 6.1600493118166924 145.2139093875885 7.5850451812148085 134.52836035192013 49.785131260752678 587.52114267647266 181.84247206151485 29.778715714812279 5.1343932226300231 420.24751801788807 1007.3001900091767 55.94941782951355 381.07038703560829 12.748142197728155 192.59138805419207 183.65283872932196 14.687655836343763 7.249728560447692 112.10041447728872 14.418798916041849 407.97284135967493 16.916517429053783 38.765630520880222 995.20411153882742 50.025065943598747 563.85205070674419 153.58909678459167 111.20911268889904 52.765790238976479 30.138030119240284 9.0240333750843984 6.5930319726467124 7.1037540286779395 1676.6789645776153 10.069074124097822 102.25287196785212 438.88659776747227 769.27447617799044 521.20386406034231 42.582144163548946 71.571166299283504 273.25036969035864 45.876030057668686 1027.6297127977014 18.404948815703392 1003.9458171129227 1160.3324048444629 16.748103410005569 19.063451319932938 526.57925270497799 9.367884196341036 343.09662777930498 36.17716309428215 20.526950486004353 17.923240296542648 7.7454574927687636 28.617664836347103 99.996867783367634
leaf_count=5607 161 474 820 946 1148 2923 2294 338 1801 455 1071 88 3246 4567 3676 564 1230 89 2083 3138 2741 1279 1395 3440 754 1206 7455 2621 609 1337 10515 122 3641 2242 6369 562 3689 1656 1933 3199 3460 877 270 1220 3949 368 5514 6168 945 371 9739 7074 808 359 3619 376 1477 2035 1053 13237 712 1535 2294 12684 1229 711 308 619 1937 1478 422 2663 149 3371 245 796 69 350 353 4500 117 2773 1601 525 1302 7941 1221 96 66 986 1062 252 3561 6542 3264 870 4456 51 2910 627 1784 3650 686 633 221 291 769 267 77 422 123 799 2715 694 154 336 86 369 280 42 44 1136 52 712 234 3692 750 232 38 3227 6678 287 2201 85 1191 1070 70 40 674 89 2642 100 207 5113 261 2583 711 738 304 225 60 42 42 11875 56 607 2423 4108 2560 316 473 1605 243 6398 83 6540 10325 83 106 2895 62 1788 180 113 114 48 159 562
internal_value=-0.000223651 -0.00916426 0.00652182 -0.00397399 0.00157255 0.0119092 -0.00705966 -0.0165477 -0.0010565 0.00806495 0.0115239 0.00525595 0.00111492 -0.00734704 -0.00948496 -0.0110246 0.00685336 -0.0246149 -0.0066049 -0.000677791 0.00418075 0.021991 -0.0113344 -0.0168796 0.00467168 0.00274802 0.000178168 -0.00467568 0.00721276 0.00606588 0.02156 0.00813884 -0.0139501 -0.00167845 -0.01056 0.015197 0.0230619 -0.0195602 -0.0145996 -0.00390306 -0.00932901 0.0142657 0.0179958 0.0133168 -0.013343 0.0439802 -0.00661764 -0.00105809 0.0118801 0.0197798 0.00595258 -0.0326024 0.0350565 0.00913241 -0.0153245 -0.01687 -0.0260868 -0.0106197 -0.0216402 -0.00810269 0.00914249 0.00362282 0.0136195 0.00161795 0.0153995 0.0109069 0.00483668 -0.00507469 -0.0144437 -0.00488157 0.0218706 -0.0183696 0.0133662 0.00378608 0.0246999 0.00119903 0.0184832 0.00878517 0.000116018 0.0198748 0.0117415 0.0209332 0.00325769 0.0116256 0.0307037 -0.0333822 -0.0278952 0.0274982 0.0124766 0.0116195 0.00205953 0.0205749 -0.0180696 -0.0104668 0.0102634 0.0153778 0.0161493 0.0466951 0.0288104 0.0114571 0.00380167 -0.00794239 0.00960826 -0.0414002 -0.0132262 0.0215212 -0.0113309 0.0516995 0.0112216 0.00743986 -0.00255057 -0.00271322 -0.005096 -0.0124092 -0.00105387 0.0245096 0.00671503 0.00117828 0.000636781 0.0360273 0.103655 0.000562139 0.0164367 0.0250862 0.0142784 -0.00259078 0.0267894 0.0127208 0.0562027 0.00976326 -0.0164276 0.0416473 0.0107408 -0.00213961 0.0112502 -0.00625651 0.0249906 0.000821006 -0.00476368 -0.0135706 -0.0147817 0.0132118 0.0383664 0.0117748 0.00430136 0.0339425 0.0206976 0.0126735 0.00794975 0.00390051 -0.0152149 0.0491706 0.00308122 -0.0164435 0.0251845 0.00381021 -0.00137999 0.00166741 0.00705226 0.0047868 0.028908 0.0358945 -0.0166896 -0.00808066 0.0380285 -0.0187745 -0.0223323 0.0626231 0.0172264 0.0211039 -0.000812666 0.0145075 0.0308852 0.0254982 0.0314033 0.0703883 0.00877676 0.0232588
internal_weight=54896.4 23607.1 31289.3 13862.4 16307.8 14981.6 11560.7 9744.64 13678.7 10735.8 2301.74 8929.03 11879.9 3158.51 10055.3 5810.66 8327.38 3933.98 7832.83 3470.11 8721.42 1806.82 4362.72 2014.4 7120.36 8055.84 6297.02 3451.39 970.901 2845.63 4245.72 946.8 2211.71 1082.1 1442.53 2629.12 1219.64 2222.46 3558.66 917.322 2480.49 1755.67 1033.3 2462.99 5226.9 166.13 2393.71 1493.19 1758.82 1207.02 6720.75 1919.58 242.062 1575.51 1798.74 399.609 721.21 4000.27 721.763 3278.5 1505.38 5131.2 860.168 4271.03 975.504 1538.28 990.115 265.144 1458.84 472.327 548.16 2641.34 1589.56 649.46 954.058 627.471 204.758 91.8437 128.068 940.098 993.266 474.473 804.056 697.184 372.964 1907.72 1132.67 358.143 1076.41 1063.51 514.405 549.102 1055.09 1176.55 965.26 754.5 924.099 79.8106 825.99 201.696 894.395 1490.5 583.754 775.041 1670.46 665.577 292.931 59.7617 641.066 570.219 364.103 1425.4 1285.94 678.831 651.407 95.0484 198.733 181.618 728.054 49.9531 11.9737 281.662 136.448 206.116 404.3 658.949 2490.06 548.623 34.9131 513.71 2399.34 70.8471 2220.93 350.485 418.976 343.397 603.204 594.771 490.096 934.229 919.81 1870.44 101.048 1769.4 774.192 813.552 249.7 176.723 163.975 298.161 878.386 15.6171 607.113 1920.92 78.2094 224.095 1451.12 1208.16 589.514 144.997 382.857 311.286 601.647 1063.96 217.392 2011.25 1226.63 55.5137 777.324 645.64 226.384 393.122 298.044 261.867 69.1058 25.6687 45.5342 626.576
internal_count=336701 167051 169650 87465 95981 73669 75033 79586 81473 54027 12432 45618 70087 22240 66110 45678 42452 33908 50285 21347 47847 8409 28938 16950 36716 44745 35198 19875 5376 15323 19642 6174 16066 6005 11343 14508 6427 15825 23661 5847 14499 8377 5481 13578 41157 930 14820 9306 9547 5736 34456 16958 1319 8602 11386 2260 6044 30268 6190 24078 8923 26348 3925 22423 5211 7417 4873 1506 10841 3279 2544 17814 8108 3459 4506 4974 1534 511 598 4649 4660 2895 5277 3393 1724 16869 9162 1631 6527 6461 3145 3316 6182 8806 4543 4170 4866 410 3908 998 4934 10022 4521 7707 10238 3102 1480 422 3561 3197 2063 8317 7518 4016 3736 490 1130 1044 4648 353 86 2241 1105 1134 2018 4206 11265 4183 270 3913 15881 364 12259 2347 2648 1940 2811 3732 2916 6372 6283 9912 549 9363 4250 3749 1166 1127 1042 2162 6644 102 3502 13531 425 1301 7868 6531 2868 1112 2330 1857 3166 6619 960 13218 10889 290 4275 3563 1457 2049 1522 1342 442 162 259 3457
cat_boundaries=0 12 23 35 46 58 69 81 92 104 116 117 128 139 150 161 172 183 184 185 195 206 216 227 238 250 251 261 272 283 284 285 296 306 317 326 337 346 347 348 349 350 351 362 373 374 385 396 408 419 420 421 429 430 441 442 453 454 455 466 467
cat_threshold=655488 136318976 65536 50610432 68157728 1073741824 64 262144 4096 1310820 2147487296 24 268451840 4198400 16793601 35782656 268435456 8 75499072 8392769 1073746049 537002016 293732352 75628546 201331216 17301506 2156266752 536870912 0 0 8429568 2097154 33557576 1088 8 9568256 16781316 138412160 655360 268435456 138412072 33554816 790528 65553 1207959552 261 69275652 67108864 4198528 2692777088 0 134217984 131072 5767168 134217731 136446464 20971520 64 9437188 5120 155193344 33556480 1073741828 671093760 64 2156924929 24 1051904 524545 2298544128 2149580800 8454146 2 2281705472 41088 2181300496 136 2097152 8266 2147483652 8 17825792 12584964 262144 1048576 536881152 104 1048576 25166336 2097184 536870920 65536 5259264 16777216 2097280 2048 33554464 41024 12583040 273548544 4096 1207968258 1048581 16 67649536 0 2105346 2159280512 1048740 256 134873088 40974 67108866 33818624 0 8 1087 285212676 0 272629760 4 8512 536936840 68157504 2147490309 1082130432 541065216 9044480 0 16777216 4194464 0 0 671220768 35127296 2164787200 2098200 1049410 589824 2686977 39846016 142606336 537935872 6144 131072 256 1048618 88080528 524288 2151747584 8388608 2189427716 25165826 2 4096 8527872 1078198672 2147491904 1048584 524544 268435716 286261248 20971520 1 8 0 536936448 33554432 135680 2098176 536870912 524288 269484032 17825792 268697889 131084 2147491840 541130752 1573376 2563 8389632 1610622976 524288 6281 12576 268435456 0 257 0 67108864 0 2181562368 4456448 142607360 262152 1048576 16777216 0 131072 0 134217760 33554432 262144 16 0 256 0 4096 16781312 33556480 1073741824 1024 64 4096 0 1048576 0 2052 272630049 8 67108864 134218752 34603008 16779265 135267328 537133056 8388864 268435456 20973568 268435745 131076 536872960 536941576 2157445632 16777219 1082131456 1073744896 65536 524416 134217728 0 262144 1048832 0 0 262144 0 0 3584 16 1211 0 1077938176 134484001 33554432 67110912 138413088 34082816 2 144 1048576 0 3076 4198432 2048 0 0 0 524288 134218752 0 1 655361 1275068448 134483968 536870924 603987968 138412128 0 21234178 9437184 2150109184 64 14474 4128 268435460 6293504 285212672 2 2304 537010176 67108864 16777216 1235223560 1054154 525312 8388608 0 384 0 0 537067520 1048576 526336 134218752 1074003968 69206274 25199616 268435744 135268352 2052 256 524288 256 50 169083648 4784129 0 0 1 33554432 0 8 1024 8392705 1073741824 9437184 16778240 0 0 0 134217728 0 0 16 0 524288 268435456 4194304 16777216 0 268435456 8 0 8388608 1073741953 2200 3258 13313 13488 538 4 8389632 134221824 2052 603979780 0 0 1048578 0 1207959552 324 8404992 1024 293601314 2097152 4 536936448 100664320 2051 1048600 256 268959744 149 1048576 0 134217728 0 268435456 32 33554432 8391168 2097168 0 524288 4 1024 0 0 0 0 8388608 1179648 2098176 1049408 524288 67108864 0 2097152 10748160 0 256 134217728 2 67108864 0 0 8 0 2048 4096 4 2415919364 16392 655376 2147483648 1208026113 6422528 268566528 14341 12682 0 0 268435456 0 268435456 8 0 8390656 15362 0 0 0 0 0 671089664 0 2048 1048 0 524288 1811 16777216 0 0 526336 805306368 0 67108864 16912384 1073741824 33554570 8388609 10898 784 268435460 0 32 0 0 0 512 4194816 134217728 131072 64 12288
is_linear=0
shrinkage=0.08


end of trees

feature_importances:
origin=480
dest=422
carrier_sched_day=410
days_to_holiday=359
day_of_week=196
crs_dep_min_of_day=185
origin_sched_deps_day=182
te_carrier_origin_delay=181
te_flight_delay=167
dest_sched_arrs_hour=149
carrier=129
te_route_delay=97
arr_hour=92
te_carrier_origin_cancel=82
sched_speed_mpm=73
te_route_cancel=67
crs_elapsed_min=63
dep_hour=58
te_flight_cancel=54
origin_sched_deps_hour=49
distance_mi=38
is_weekend=27

parameters:
[boosting: gbdt]
[objective: binary]
[metric: auc]
[tree_learner: serial]
[device_type: cpu]
[data_sample_strategy: bagging]
[data: ]
[valid: ]
[num_iterations: 20]
[learning_rate: 0.08]
[num_leaves: 179]
[num_threads: 8]
[seed: 42]
[deterministic: 0]
[force_col_wise: 0]
[force_row_wise: 0]
[histogram_pool_size: -1]
[max_depth: -1]
[min_data_in_leaf: 37]
[min_sum_hessian_in_leaf: 0.001]
[bagging_fraction: 0.673362]
[pos_bagging_fraction: 1]
[neg_bagging_fraction: 1]
[bagging_freq: 1]
[bagging_seed: 400]
[bagging_by_query: 0]
[feature_fraction: 0.590912]
[feature_fraction_bynode: 1]
[feature_fraction_seed: 30056]
[extra_trees: 0]
[extra_seed: 12879]
[early_stopping_round: 0]
[early_stopping_min_delta: 0]
[first_metric_only: 0]
[max_delta_step: 0]
[lambda_l1: 0]
[lambda_l2: 0.0230213]
[linear_lambda: 0]
[min_gain_to_split: 0]
[drop_rate: 0.1]
[max_drop: 50]
[skip_drop: 0.5]
[xgboost_dart_mode: 0]
[uniform_drop: 0]
[drop_seed: 17869]
[top_rate: 0.2]
[other_rate: 0.1]
[min_data_per_group: 100]
[max_cat_threshold: 32]
[cat_l2: 10]
[cat_smooth: 24.0821]
[max_cat_to_onehot: 8]
[top_k: 20]
[monotone_constraints: ]
[monotone_constraints_method: basic]
[monotone_penalty: 0]
[feature_contri: ]
[forcedsplits_filename: ]
[refit_decay_rate: 0.9]
[cegb_tradeoff: 1]
[cegb_penalty_split: 0]
[cegb_penalty_feature_lazy: ]
[cegb_penalty_feature_coupled: ]
[path_smooth: 0]
[interaction_constraints: ]
[verbosity: -1]
[saved_feature_importance_type: 0]
[use_quantized_grad: 0]
[num_grad_quant_bins: 4]
[quant_train_renew_leaf: 0]
[stochastic_rounding: 1]
[linear_tree: 0]
[max_bin: 255]
[max_bin_by_feature: ]
[min_data_in_bin: 3]
[bin_construct_sample_cnt: 200000]
[data_random_seed: 175]
[is_enable_sparse: 1]
[enable_bundle: 1]
[use_missing: 1]
[zero_as_missing: 0]
[feature_pre_filter: 1]
[pre_partition: 0]
[two_round: 0]
[header: 0]
[label_column: ]
[weight_column: ]
[group_column: ]
[ignore_column: ]
[categorical_feature: 0,1,2]
[forcedbins_filename: ]
[precise_float_parser: 0]
[parser_config_file: ]
[objective_seed: 16083]
[num_class: 1]
[is_unbalance: 0]
[scale_pos_weight: 1]
[sigmoid: 1]
[boost_from_average: 1]
[reg_sqrt: 0]
[alpha: 0.9]
[fair_c: 1]
[poisson_max_delta_step: 0.7]
[tweedie_variance_power: 1.5]
[lambdarank_truncation_level: 30]
[lambdarank_norm: 1]
[label_gain: ]
[lambdarank_position_bias_regularization: 0]
[eval_at: ]
[multi_error_top_k: 1]
[auc_mu_weights: ]
[num_machines: 1]
[local_listen_port: 12400]
[time_out: 120]
[machine_list_filename: ]
[machines: ]
[gpu_platform_id: -1]
[gpu_device_id: -1]
[gpu_device_id_list: ]
[gpu_use_dp: 0]
[num_gpu: 1]

end of parameters

pandas_categorical:[["AA", "AS", "B6", "DL", "F9", "G4", "HA", "MQ", "NK", "OH", "OO", "UA", "WN", "YX"], ["ABE", "ABI", "ABQ", "ABR", "ABY", "ACK", "ACT", "ACV", "ACY", "ADK", "ADQ", "AEX", "AGS", "AKN", "ALB", "ALO", "AMA", "ANC", "APN", "ASE", "ATL", "ATW", "ATY", "AUS", "AVL", "AVP", "AZA", "AZO", "BDL", "BET", "BFF", "BFL", "BGM", "BGR", "BHM", "BIH", "BIL", "BIS", "BJI", "BLI", "BLV", "BMI", "BNA", "BOI", "BOS", "BPT", "BQK", "BQN", "BRD", "BRO", "BRW", "BTM", "BTR", "BTV", "BUF", "BUR", "BWI", "BZN", "CAE", "CAK", "CDC", "CDV", "CHA", "CHO", "CHS", "CID", "CIU", "CKB", "CLD", "CLE", "CLL", "CLT", "CMH", "CMI", "CMX", "COD", "COS", "COU", "CPR", "CRP", "CRW", "CSG", "CVG", "CWA", "CYS", "DAB", "DAL", "DAY", "DCA", "DDC", "DEC", "DEN", "DFW", "DHN", "DIK", "DLG", "DLH", "DRO", "DSM", "DTW", "DVL", "EAR", "EAU", "ECP", "EGE", "EKO", "ELM", "ELP", "ERI", "ESC", "EUG", "EVV", "EWN", "EWR", "EYW", "FAI", "FAR", "FAT", "FAY", "FCA", "FLG", "FLL", "FMN", "FNT", "FOD", "FSD", "FSM", "FWA", "GCC", "GCK", "GEG", "GFK", "GGG", "GJT", "GNV", "GPT", "GRB", "GRI", "GRK", "GRR", "GSO", "GSP", "GST", "GTF", "GTR", "GUC", "GUF", "GUM", "HDN", "HEZ", "HGR", "HHH", "HIB", "HLN", "HNL", "HOB", "HOU", "HPN", "HRL", "HSV", "HTS", "HYA", "HYS", "IAD", "IAG", "IAH", "ICT", "IDA", "ILM", "IMT", "IND", "INL", "ISP", "ITO", "JAC", "JAN", "JAX", "JFK", "JLN", "JMS", "JNU", "JST", "KOA", "KTN", "LAF", "LAN", "LAR", "LAS", "LAW", "LAX", "LBB", "LBE", "LBF", "LBL", "LCH", "LCK", "LEX", "LFT", "LGA", "LGB", "LIH", "LIT", "LNK", "LNS", "LRD", "LSE", "LWB", "LWS", "LYH", "MAF", "MBS", "MCI", "MCO", "MCW", "MDT", "MDW", "MEI", "MEM", "MFE", "MFR", "MGM", "MGW", "MHK", "MHT", "MIA", "MKE", "MLB", "MLI", "MLU", "MOB", "MOT", "MQT", "MRY", "MSN", "MSO", "MSP", "MSY", "MTJ", "MVY", "MYR", "OAJ", "OAK", "OGG", "OKC", "OMA", "OME", "ONT", "ORD", "ORF", "ORH", "OTH", "OTZ", "PAE", "PAH", "PBG", "PBI", "PDX", "PGD", "PHF", "PHL", "PHX", "PIA", "PIB", "PIE", "PIH", "PIR", "PIT", "PLN", "PNS", "PPG", "PQI", "PRC", "PSC", "PSE", "PSG", "PSM", "PSP", "PVD", "PVU", "PWM", "RAP", "RDD", "RDM", "RDU", "RFD", "RHI", "RIC", "RIW", "RKS", "RNO", "ROA", "ROC", "ROW", "RST", "RSW", "SAF", "SAN", "SAT", "SAV", "SBA", "SBN", "SBP", "SCC", "SCE", "SCK", "SDF", "SEA", "SFB", "SFO", "SGF", "SGU", "SHD", "SHR", "SHV", "SIT", "SJC", "SJT", "SJU", "SLC", "SLN", "SMF", "SMX", "SNA", "SPI", "SPN", "SPS", "SRQ", "STC", "STL", "STS", "STT", "STX", "SUN", "SUX", "SWF", "SWO", "SYR", "TLH", "TOL", "TPA", "TRI", "TTN", "TUL", "TUS", "TVC", "TWF", "TXK", "TYR", "TYS", "USA", "VCT", "VPS", "VRB", "WRG", "WYS", "XNA", "XWA", "YAK", "YUM"], ["ABE", "ABI", "ABQ", "ABR", "ABY", "ACK", "ACT", "ACV", "ACY", "ADK", "ADQ", "AEX", "AGS", "AKN", "ALB", "ALO", "AMA", "ANC", "APN", "ASE", "ATL", "ATW", "ATY", "AUS", "AVL", "AVP", "AZA", "AZO", "BDL", "BET", "BFF", "BFL", "BGM", "BGR", "BHM", "BIH", "BIL", "BIS", "BJI", "BLI", "BLV", "BMI", "BNA", "BOI", "BOS", "BPT", "BQK", "BQN", "BRD", "BRO", "BRW", "BTM", "BTR", "BTV", "BUF", "BUR", "BWI", "BZN", "CAE", "CAK", "CDC", "CDV", "CHA", "CHO", "CHS", "CID", "CIU", "CKB", "CLD", "CLE", "CLL", "CLT", "CMH", "CMI", "CMX", "COD", "COS", "COU", "CPR", "CRP", "CRW", "CSG", "CVG", "CWA", "CYS", "DAB", "DAL", "DAY", "DCA", "DDC", "DEC", "DEN", "DFW", "DHN", "DIK", "DLG", "DLH", "DRO", "DSM", "DTW", "DVL", "EAR", "EAU", "ECP", "EGE", "EKO", "ELM", "ELP", "ERI", "ESC", "EUG", "EVV", "EWN", "EWR", "EYW", "FAI", "FAR", "FAT", "FAY", "FCA", "FLG", "FLL", "FMN", "FNT", "FOD", "FSD", "FSM", "FWA", "GCC", "GCK", "GEG", "GFK", "GGG", "GJT", "GNV", "GPT", "GRB", "GRI", "GRK", "GRR", "GSO", "GSP", "GST", "GTF", "GTR", "GUC", "GUF", "GUM", "HDN", "HEZ", "HGR", "HHH", "HIB", "HLN", "HNL", "HOB", "HOU", "HPN", "HRL", "HSV", "HTS", "HYA", "HYS", "IAD", "IAG", "IAH", "ICT", "IDA", "ILM", "IMT", "IND", "INL", "ISP", "ITO", "JAC", "JAN", "JAX", "JFK", "JLN", "JMS", "JNU", "JST", "KOA", "KTN", "LAF", "LAN", "LAR", "LAS", "LAW", "LAX", "LBB", "LBE", "LBF", "LBL", "LCH", "LCK", "LEX", "LFT", "LGA", "LGB", "LIH", "LIT", "LNK", "LNS", "LRD", "LSE", "LWB", "LWS", "LYH", "MAF", "MBS", "MCI", "MCO", "MCW", "MDT", "MDW", "MEI", "MEM", "MFE", "MFR", "MGM", "MGW", "MHK", "MHT", "MIA", "MKE", "MLB", "MLI", "MLU", "MOB", "MOT", "MQT", "MRY", "MSN", "MSO", "MSP", "MSY", "MTJ", "MVY", "MYR", "OAJ", "OAK", "OGG", "OKC", "OMA", "OME", "ONT", "ORD", "ORF", "ORH", "OTH", "OTZ", "PAE", "PAH", "PBG", "PBI", "PDX", "PGD", "PHF", "PHL", "PHX", "PIA", "PIB", "PIE", "PIH", "PIR", "PIT", "PLN", "PNS", "PPG", "PQI", "PRC", "PSC", "PSE", "PSG", "PSM", "PSP", "PVD", "PVU", "PWM", "RAP", "RDD", "RDM", "RDU", "RFD", "RHI", "RIC", "RIW", "RKS", "RNO", "ROA", "ROC", "ROW", "RST", "RSW", "SAF", "SAN", "SAT", "SAV", "SBA", "SBN", "SBP", "SCC", "SCE", "SCK", "SDF", "SEA", "SFB", "SFO", "SGF", "SGU", "SHD", "SHR", "SHV", "SIT", "SJC", "SJT", "SJU", "SLC", "SLN", "SMF", "SMX", "SNA", "SPI", "SPN", "SPS", "SRQ", "STC", "STL", "STS", "STT", "STX", "SUN", "SUX", "SWF", "SWO", "SYR", "TLH", "TOL", "TPA", "TRI", "TTN", "TUL", "TUS", "TVC", "TWF", "TXK", "TYR", "TYS", "USA", "VCT", "VPS", "VRB", "WRG", "WYS", "XNA", "XWA", "YAK", "YUM"]]
