route,origin,dest,distance_mi,scheduled_flights,route_segment
ABE-ATL,ABE,ATL,692.0,55,
ABE-BNA,ABE,BNA,684.0,66,
ABE-CLT,ABE,CLT,481.0,856,"Thin route - reliable, short delay tail"
ABE-DEN,ABE,DEN,1539.0,46,
ABE-FLL,ABE,FLL,1041.0,108,
ABE-MCO,ABE,MCO,906.0,108,
ABE-MLB,ABE,MLB,914.0,105,
ABE-MYR,ABE,MYR,518.0,229,
ABE-ORD,ABE,ORD,654.0,453,"Thin route - long delay tail, high average delay"
ABE-PGD,ABE,PGD,1018.0,244,
ABE-PIE,ABE,PIE,970.0,280,
ABE-RSW,ABE,RSW,1038.0,75,
ABE-SFB,ABE,SFB,882.0,643,"Thin route - reliable, short delay tail"
ABE-SRQ,ABE,SRQ,1000.0,107,
ABI-DEN,ABI,DEN,584.0,274,
ABI-DFW,ABI,DFW,158.0,1750,"Thin route - reliable, short delay tail"
ABI-IAH,ABI,IAH,306.0,137,
ABI-PHX,ABI,PHX,720.0,57,
ABQ-ATL,ABQ,ATL,1269.0,997,"Thin route - reliable, short delay tail"
ABQ-AUS,ABQ,AUS,619.0,830,"Thin route - reliable, short delay tail"
ABQ-BNA,ABQ,BNA,1123.0,253,
ABQ-BUR,ABQ,BUR,672.0,327,"Thin route - reliable, short delay tail"
ABQ-BWI,ABQ,BWI,1670.0,400,"Thin route - long-haul, rarely cancels"
ABQ-CLT,ABQ,CLT,1449.0,6,
ABQ-DAL,ABQ,DAL,580.0,1628,"Thin route - reliable, short delay tail"
ABQ-DEN,ABQ,DEN,349.0,3200,"Thin route - reliable, short delay tail"
ABQ-DFW,ABQ,DFW,569.0,2278,"Trunk route - multi-carrier, unreliable"
ABQ-DTW,ABQ,DTW,1347.0,4,
ABQ-HOU,ABQ,HOU,759.0,970,"Thin route - reliable, short delay tail"
ABQ-IAD,ABQ,IAD,1628.0,272,
ABQ-IAH,ABQ,IAH,744.0,474,"Thin route - reliable, short delay tail"
ABQ-JFK,ABQ,JFK,1826.0,160,
ABQ-LAS,ABQ,LAS,486.0,1719,"Thin route - reliable, short delay tail"
ABQ-LAX,ABQ,LAX,677.0,2218,"Thin route - reliable, short delay tail"
ABQ-LGB,ABQ,LGB,664.0,96,
ABQ-MCI,ABQ,MCI,718.0,206,
ABQ-MCO,ABQ,MCO,1553.0,34,
ABQ-MDW,ABQ,MDW,1121.0,449,"Thin route - reliable, short delay tail"
ABQ-MSP,ABQ,MSP,981.0,173,
ABQ-OAK,ABQ,OAK,889.0,353,"Thin route - reliable, short delay tail"
ABQ-ORD,ABQ,ORD,1118.0,1146,"Trunk route - multi-carrier, unreliable"
ABQ-PDX,ABQ,PDX,1111.0,7,
ABQ-PHL,ABQ,PHL,1747.0,6,
ABQ-PHX,ABQ,PHX,328.0,3307,"Trunk route - multi-carrier, unreliable"
ABQ-SAN,ABQ,SAN,628.0,684,"Thin route - reliable, short delay tail"
ABQ-SAT,ABQ,SAT,609.0,9,
ABQ-SEA,ABQ,SEA,1180.0,548,"Thin route - reliable, short delay tail"
ABQ-SFO,ABQ,SFO,896.0,713,"Thin route - reliable, short delay tail"
ABQ-SLC,ABQ,SLC,493.0,1154,"Thin route - reliable, short delay tail"
ABR-MSP,ABR,MSP,257.0,754,"Thin route - reliable, short delay tail"
ABY-ATL,ABY,ATL,145.0,308,"Thin route - reliable, short delay tail"
ACK-BOS,ACK,BOS,91.0,284,
ACK-CLT,ACK,CLT,723.0,23,
ACK-DCA,ACK,DCA,405.0,283,
ACK-HPN,ACK,HPN,191.0,234,
ACK-JFK,ACK,JFK,199.0,301,"Thin route - long delay tail, high average delay"
ACK-LGA,ACK,LGA,202.0,412,"Thin route - long delay tail, high average delay"
ACK-ORD,ACK,ORD,924.0,31,
ACK-PHL,ACK,PHL,288.0,122,
ACT-BHM,ACT,BHM,626.0,1,
ACT-DFW,ACT,DFW,90.0,1073,"Thin route - reliable, short delay tail"
ACV-DEN,ACV,DEN,1026.0,370,"Thin route - long delay tail, high average delay"
ACV-LAX,ACV,LAX,577.0,423,"Thin route - reliable, short delay tail"
ACV-SEA,ACV,SEA,456.0,115,
ACV-SFO,ACV,SFO,250.0,1292,"Thin route - long delay tail, high average delay"
ACY-FLL,ACY,FLL,977.0,550,"Thin route - long delay tail, high average delay"
ACY-MCO,ACY,MCO,852.0,517,"Thin route - reliable, short delay tail"
ACY-MIA,ACY,MIA,998.0,27,
ACY-MYR,ACY,MYR,466.0,116,
ACY-PBI,ACY,PBI,936.0,326,"Thin route - reliable, short delay tail"
ACY-PGD,ACY,PGD,964.0,28,
ACY-PIE,ACY,PIE,922.0,50,
ACY-RSW,ACY,RSW,982.0,288,
ACY-SFB,ACY,SFB,829.0,65,
ACY-TPA,ACY,TPA,914.0,304,"Thin route - reliable, short delay tail"
ADK-ANC,ADK,ANC,1192.0,104,
ADQ-ANC,ADQ,ANC,253.0,866,"Thin route - reliable, short delay tail"
AEX-DFW,AEX,DFW,285.0,1045,"Thin route - reliable, short delay tail"
AEX-IAH,AEX,IAH,190.0,143,
AGS-ATL,AGS,ATL,143.0,636,"Thin route - reliable, short delay tail"
AGS-AUS,AGS,AUS,949.0,2,
AGS-BOS,AGS,BOS,861.0,8,
AGS-CLT,AGS,CLT,140.0,92,
AGS-DCA,AGS,DCA,468.0,349,"Thin route - long delay tail, high average delay"
AGS-DFW,AGS,DFW,874.0,665,"Thin route - long delay tail, high average delay"
AGS-DTW,AGS,DTW,615.0,9,
AGS-LAX,AGS,LAX,2090.0,1,
AGS-LGA,AGS,LGA,678.0,19,
AGS-MIA,AGS,MIA,531.0,9,
AGS-MSP,AGS,MSP,996.0,9,
AGS-ORD,AGS,ORD,677.0,12,
AGS-PHL,AGS,PHL,584.0,13,
AGS-PHX,AGS,PHX,1731.0,3,
AKN-ANC,AKN,ANC,288.0,171,
ALB-ATL,ALB,ATL,853.0,1044,"Thin route - reliable, short delay tail"
ALB-BNA,ALB,BNA,825.0,436,"Thin route - reliable, short delay tail"
ALB-BWI,ALB,BWI,288.0,1764,"Thin route - reliable, short delay tail"
ALB-CLT,ALB,CLT,646.0,1111,"Thin route - reliable, short delay tail"
ALB-DCA,ALB,DCA,318.0,1185,"Thin route - long delay tail, high average delay"
ALB-DEN,ALB,DEN,1610.0,318,"Thin route - long-haul, rarely cancels"
ALB-DFW,ALB,DFW,1434.0,203,
ALB-DTW,ALB,DTW,489.0,1095,"Thin route - reliable, short delay tail"
ALB-FLL,ALB,FLL,1204.0,589,"Thin route - long delay tail, high average delay"
ALB-LAS,ALB,LAS,2237.0,154,
ALB-MCO,ALB,MCO,1073.0,1040,"Thin route - reliable, short delay tail"
ALB-MDW,ALB,MDW,717.0,728,"Thin route - reliable, short delay tail"
ALB-MIA,ALB,MIA,1225.0,22,
ALB-MYR,ALB,MYR,685.0,119,
ALB-ORD,ALB,ORD,723.0,2321,"Trunk route - multi-carrier, unreliable"
ALB-PGD,ALB,PGD,1185.0,185,
ALB-PIE,ALB,PIE,1138.0,137,
ALB-RSW,ALB,RSW,1204.0,11,
ALB-SFB,ALB,SFB,1049.0,104,
ALB-SRQ,ALB,SRQ,1167.0,94,
ALB-TPA,ALB,TPA,1130.0,260,
ALO-ORD,ALO,ORD,234.0,656,"Thin route - long delay tail, high average delay"
AMA-AUS,AMA,AUS,419.0,196,
AMA-DAL,AMA,DAL,323.0,1263,"Thin route - reliable, short delay tail"
AMA-DEN,AMA,DEN,359.0,685,"Thin route - reliable, short delay tail"
AMA-DFW,AMA,DFW,312.0,2364,"Thin route - reliable, short delay tail"
AMA-HOU,AMA,HOU,537.0,7,
AMA-IAH,AMA,IAH,518.0,126,
AMA-LAS,AMA,LAS,759.0,364,"Thin route - reliable, short delay tail"
ANC-ADK,ANC,ADK,1192.0,104,
ANC-ADQ,ANC,ADQ,253.0,866,"Thin route - reliable, short delay tail"
ANC-AKN,ANC,AKN,288.0,171,
ANC-ATL,ANC,ATL,3417.0,157,
ANC-BET,ANC,BET,399.0,723,"Thin route - reliable, short delay tail"
ANC-BOI,ANC,BOI,1842.0,15,
ANC-BOS,ANC,BOS,3383.0,7,
ANC-BRW,ANC,BRW,725.0,359,"Thin route - long delay tail, high average delay"
ANC-CDV,ANC,CDV,160.0,361,"Thin route - reliable, short delay tail"
ANC-DEN,ANC,DEN,2405.0,795,"Thin route - long-haul, rarely cancels"
ANC-DFW,ANC,DFW,3043.0,394,"Thin route - long-haul, rarely cancels"
ANC-DLG,ANC,DLG,329.0,116,
ANC-DTW,ANC,DTW,2986.0,116,
ANC-EWR,ANC,EWR,3370.0,104,
ANC-FAI,ANC,FAI,261.0,1417,"Thin route - reliable, short delay tail"
ANC-HNL,ANC,HNL,2777.0,440,"Thin route - long-haul, rarely cancels"
ANC-IAD,ANC,IAD,3356.0,110,
ANC-IAH,ANC,IAH,3266.0,127,
ANC-JFK,ANC,JFK,3386.0,72,
ANC-JNU,ANC,JNU,571.0,1230,"Thin route - reliable, short delay tail"
ANC-KOA,ANC,KOA,2875.0,55,
ANC-LAS,ANC,LAS,2304.0,274,
ANC-LAX,ANC,LAX,2345.0,389,"Thin route - long-haul, rarely cancels"
ANC-MSP,ANC,MSP,2519.0,781,"Thin route - long-haul, rarely cancels"
ANC-OGG,ANC,OGG,2797.0,29,
ANC-OME,ANC,OME,539.0,371,"Thin route - reliable, short delay tail"
ANC-ORD,ANC,ORD,2846.0,786,"Thin route - long-haul, rarely cancels"
ANC-OTZ,ANC,OTZ,549.0,361,"Thin route - reliable, short delay tail"
ANC-PDX,ANC,PDX,1542.0,1209,"Thin route - long-haul, rarely cancels"
ANC-PHX,ANC,PHX,2552.0,435,"Thin route - long-haul, rarely cancels"
ANC-SAN,ANC,SAN,2452.0,25,
ANC-SCC,ANC,SCC,626.0,513,"Thin route - reliable, short delay tail"
ANC-SEA,ANC,SEA,1448.0,6656,"Trunk route - multi-carrier, unreliable"
ANC-SFO,ANC,SFO,2018.0,294,
ANC-SLC,ANC,SLC,2125.0,128,
ANC-SMF,ANC,SMF,1973.0,18,
APN-DTW,APN,DTW,198.0,631,"Thin route - reliable, short delay tail"
ASE-ATL,ASE,ATL,1304.0,450,"Thin route - long delay tail, high average delay"
ASE-AUS,ASE,AUS,812.0,184,
ASE-CLT,ASE,CLT,1451.0,48,
ASE-DEN,ASE,DEN,125.0,2725,"Thin route - long delay tail, high average delay"
ASE-DFW,ASE,DFW,701.0,1185,"Thin route - long delay tail, high average delay"
ASE-IAH,ASE,IAH,913.0,626,"Thin route - long delay tail, high average delay"
ASE-LAX,ASE,LAX,737.0,1235,"Thin route - long delay tail, high average delay"
ASE-ORD,ASE,ORD,1013.0,1133,"Thin route - long delay tail, high average delay"
ASE-PHX,ASE,PHX,491.0,110,
ASE-SFO,ASE,SFO,848.0,376,"Thin route - long delay tail, high average delay"
ATL-ABE,ATL,ABE,692.0,55,
ATL-ABQ,ATL,ABQ,1269.0,997,"Thin route - reliable, short delay tail"
ATL-ABY,ATL,ABY,145.0,307,"Thin route - long delay tail, high average delay"
ATL-AGS,ATL,AGS,143.0,636,"Thin route - reliable, short delay tail"
ATL-ALB,ATL,ALB,853.0,1044,"Thin route - reliable, short delay tail"
ATL-ANC,ATL,ANC,3417.0,157,
ATL-ASE,ATL,ASE,1304.0,450,"Thin route - long delay tail, high average delay"
ATL-ATW,ATL,ATW,765.0,366,"Thin route - reliable, short delay tail"
ATL-AUS,ATL,AUS,813.0,4524,"Trunk route - multi-carrier, unreliable"
ATL-AVL,ATL,AVL,164.0,2018,"Thin route - reliable, short delay tail"
ATL-BDL,ATL,BDL,859.0,2318,"Thin route - reliable, short delay tail"
ATL-BGR,ATL,BGR,1134.0,38,
ATL-BHM,ATL,BHM,134.0,3334,"Thin route - reliable, short delay tail"
ATL-BMI,ATL,BMI,533.0,81,
ATL-BNA,ATL,BNA,214.0,4268,"Trunk route - multi-carrier, unreliable"
ATL-BOI,ATL,BOI,1838.0,545,"Thin route - long-haul, rarely cancels"
ATL-BOS,ATL,BOS,946.0,4977,"Trunk route - multi-carrier, unreliable"
ATL-BQK,ATL,BQK,238.0,4,
ATL-BTR,ATL,BTR,448.0,1080,"Thin route - reliable, short delay tail"
ATL-BTV,ATL,BTV,961.0,391,"Thin route - reliable, short delay tail"
ATL-BUF,ATL,BUF,712.0,1521,"Trunk route - multi-carrier, unreliable"
ATL-BUR,ATL,BUR,1941.0,364,"Thin route - long-haul, rarely cancels"
ATL-BWI,ATL,BWI,577.0,5404,"Trunk route - multi-carrier, unreliable"
ATL-BZN,ATL,BZN,1640.0,429,"Thin route - long-haul, rarely cancels"
ATL-CAE,ATL,CAE,192.0,1814,"Thin route - reliable, short delay tail"
ATL-CHA,ATL,CHA,106.0,1335,"Thin route - reliable, short delay tail"
ATL-CHO,ATL,CHO,457.0,235,
ATL-CHS,ATL,CHS,259.0,3221,"Thin route - reliable, short delay tail"
ATL-CID,ATL,CID,694.0,367,"Thin route - reliable, short delay tail"
ATL-CLE,ATL,CLE,554.0,3410,"Trunk route - multi-carrier, unreliable"
ATL-CLT,ATL,CLT,226.0,4380,"Trunk route - multi-carrier, unreliable"
ATL-CMH,ATL,CMH,447.0,3155,"Trunk route - multi-carrier, unreliable"
ATL-COS,ATL,COS,1184.0,589,"Thin route - reliable, short delay tail"
ATL-CRW,ATL,CRW,363.0,235,
ATL-CSG,ATL,CSG,83.0,14,
ATL-CVG,ATL,CVG,373.0,3016,"Thin route - reliable, short delay tail"
ATL-DAB,ATL,DAB,366.0,1455,"Thin route - reliable, short delay tail"
ATL-DAL,ATL,DAL,721.0,3350,"Thin route - reliable, short delay tail"
ATL-DAY,ATL,DAY,432.0,1402,"Thin route - reliable, short delay tail"
ATL-DCA,ATL,DCA,547.0,6800,"Trunk route - multi-carrier, unreliable"
ATL-DEN,ATL,DEN,1199.0,5595,"Trunk route - multi-carrier, unreliable"
ATL-DFW,ATL,DFW,731.0,6689,"Trunk route - multi-carrier, unreliable"
ATL-DHN,ATL,DHN,170.0,30,
ATL-DSM,ATL,DSM,743.0,1251,"Thin route - reliable, short delay tail"
ATL-DTW,ATL,DTW,594.0,4848,"Trunk route - multi-carrier, unreliable"
ATL-ECP,ATL,ECP,240.0,2428,"Thin route - reliable, short delay tail"
ATL-EGE,ATL,EGE,1312.0,186,
ATL-ELP,ATL,ELP,1282.0,724,"Thin route - reliable, short delay tail"
ATL-EVV,ATL,EVV,350.0,31,
ATL-EWR,ATL,EWR,746.0,6265,"Trunk route - multi-carrier, unreliable"
ATL-EYW,ATL,EYW,646.0,1460,"Thin route - reliable, short delay tail"
ATL-FAR,ATL,FAR,1123.0,209,
ATL-FAT,ATL,FAT,1997.0,30,
ATL-FAY,ATL,FAY,330.0,84,
ATL-FLL,ATL,FLL,581.0,7265,"Trunk route - multi-carrier, unreliable"
ATL-FSD,ATL,FSD,954.0,365,"Thin route - reliable, short delay tail"
ATL-FWA,ATL,FWA,508.0,522,"Thin route - reliable, short delay tail"
ATL-GEG,ATL,GEG,1969.0,538,"Thin route - long-haul, rarely cancels"
ATL-GNV,ATL,GNV,300.0,1591,"Thin route - reliable, short delay tail"
ATL-GPT,ATL,GPT,352.0,1317,"Thin route - reliable, short delay tail"
ATL-GRB,ATL,GRB,774.0,366,"Thin route - reliable, short delay tail"
ATL-GRR,ATL,GRR,640.0,1426,"Thin route - reliable, short delay tail"
ATL-GSO,ATL,GSO,306.0,2754,"Thin route - reliable, short delay tail"
ATL-GSP,ATL,GSP,153.0,2818,"Thin route - reliable, short delay tail"
ATL-HDN,ATL,HDN,1340.0,100,
ATL-HHH,ATL,HHH,238.0,197,
ATL-HNL,ATL,HNL,4502.0,383,"Thin route - long-haul, rarely cancels"
ATL-HOU,ATL,HOU,696.0,2879,"Thin route - reliable, short delay tail"
ATL-HPN,ATL,HPN,781.0,717,"Thin route - reliable, short delay tail"
ATL-HSV,ATL,HSV,151.0,2236,"Thin route - reliable, short delay tail"
ATL-IAD,ATL,IAD,534.0,3992,"Trunk route - multi-carrier, unreliable"
ATL-IAH,ATL,IAH,689.0,4926,"Trunk route - multi-carrier, unreliable"
ATL-ICT,ATL,ICT,782.0,1150,"Thin route - reliable, short delay tail"
ATL-ILM,ATL,ILM,377.0,1149,"Thin route - reliable, short delay tail"
ATL-IND,ATL,IND,432.0,3163,"Trunk route - multi-carrier, unreliable"
ATL-JAC,ATL,JAC,1572.0,209,
ATL-JAN,ATL,JAN,340.0,1956,"Thin route - reliable, short delay tail"
ATL-JAX,ATL,JAX,269.0,4045,"Trunk route - multi-carrier, unreliable"
ATL-JFK,ATL,JFK,760.0,4241,"Trunk route - multi-carrier, unreliable"
ATL-LAS,ATL,LAS,1747.0,4773,"Trunk route - multi-carrier, unreliable"
ATL-LAX,ATL,LAX,1947.0,4945,"Trunk route - multi-carrier, unreliable"
ATL-LEX,ATL,LEX,304.0,2055,"Thin route - reliable, short delay tail"
ATL-LFT,ATL,LFT,503.0,177,
ATL-LGA,ATL,LGA,762.0,8413,"Trunk route - multi-carrier, unreliable"
ATL-LIT,ATL,LIT,453.0,2294,"Thin route - reliable, short delay tail"
ATL-MCI,ATL,MCI,692.0,3272,"Trunk route - multi-carrier, unreliable"
ATL-MCO,ATL,MCO,404.0,8208,"Trunk route - multi-carrier, unreliable"
ATL-MDT,ATL,MDT,620.0,1002,"Thin route - reliable, short delay tail"
ATL-MDW,ATL,MDW,591.0,3526,"Trunk route - multi-carrier, unreliable"
ATL-MEM,ATL,MEM,332.0,3421,"Trunk route - multi-carrier, unreliable"
ATL-MGM,ATL,MGM,147.0,186,
ATL-MIA,ATL,MIA,594.0,6268,"Trunk route - multi-carrier, unreliable"
ATL-MKE,ATL,MKE,669.0,2264,"Thin route - reliable, short delay tail"
ATL-MLB,ATL,MLB,443.0,1449,"Thin route - reliable, short delay tail"
ATL-MOB,ATL,MOB,302.0,905,"Thin route - reliable, short delay tail"
ATL-MSN,ATL,MSN,707.0,1029,"Thin route - reliable, short delay tail"
ATL-MSP,ATL,MSP,907.0,3518,"Trunk route - multi-carrier, unreliable"
ATL-MSY,ATL,MSY,425.0,4025,"Trunk route - multi-carrier, unreliable"
ATL-MTJ,ATL,MTJ,1352.0,100,
ATL-MYR,ATL,MYR,317.0,1513,"Thin route - reliable, short delay tail"
ATL-OAJ,ATL,OAJ,399.0,621,"Thin route - long delay tail, high average delay"
ATL-OGG,ATL,OGG,4431.0,128,
ATL-OKC,ATL,OKC,761.0,1821,"Thin route - reliable, short delay tail"
ATL-OMA,ATL,OMA,821.0,1788,"Thin route - reliable, short delay tail"
ATL-ONT,ATL,ONT,1900.0,937,"Thin route - long-haul, rarely cancels"
ATL-ORD,ATL,ORD,606.0,6440,"Trunk route - multi-carrier, unreliable"
ATL-ORF,ATL,ORF,516.0,2941,"Trunk route - multi-carrier, unreliable"
ATL-PBI,ATL,PBI,545.0,3791,"Trunk route - multi-carrier, unreliable"
ATL-PDX,ATL,PDX,2172.0,1552,"Thin route - long-haul, rarely cancels"
ATL-PHL,ATL,PHL,666.0,5749,"Trunk route - multi-carrier, unreliable"
ATL-PHX,ATL,PHX,1587.0,3732,"Trunk route - multi-carrier, unreliable"
ATL-PIT,ATL,PIT,526.0,2754,"Thin route - reliable, short delay tail"
ATL-PNS,ATL,PNS,272.0,2812,"Thin route - reliable, short delay tail"
ATL-PSP,ATL,PSP,1840.0,187,
ATL-PVD,ATL,PVD,903.0,1134,"Thin route - reliable, short delay tail"
ATL-PWM,ATL,PWM,1027.0,642,"Thin route - reliable, short delay tail"
ATL-RAP,ATL,RAP,1231.0,23,
ATL-RDU,ATL,RDU,356.0,4629,"Trunk route - multi-carrier, unreliable"
ATL-RIC,ATL,RIC,481.0,2674,"Thin route - reliable, short delay tail"
ATL-RNO,ATL,RNO,1993.0,308,"Thin route - long-haul, rarely cancels"
ATL-ROA,ATL,ROA,357.0,432,"Thin route - reliable, short delay tail"
ATL-ROC,ATL,ROC,749.0,1041,"Thin route - reliable, short delay tail"
ATL-RSW,ATL,RSW,515.0,2817,"Trunk route - multi-carrier, unreliable"
ATL-SAN,ATL,SAN,1892.0,2379,"Thin route - long-haul, rarely cancels"
ATL-SAT,ATL,SAT,874.0,3000,"Trunk route - multi-carrier, unreliable"
ATL-SAV,ATL,SAV,215.0,3037,"Thin route - reliable, short delay tail"
ATL-SBA,ATL,SBA,2022.0,170,
ATL-SBN,ATL,SBN,566.0,1029,"Thin route - long delay tail, high average delay"
ATL-SDF,ATL,SDF,321.0,2717,"Thin route - reliable, short delay tail"
ATL-SEA,ATL,SEA,2182.0,3278,"Thin route - long-haul, rarely cancels"
ATL-SFO,ATL,SFO,2139.0,3352,"Trunk route - multi-carrier, unreliable"
ATL-SGF,ATL,SGF,563.0,591,"Thin route - reliable, short delay tail"
ATL-SHV,ATL,SHV,552.0,1517,"Thin route - long delay tail, high average delay"
ATL-SJC,ATL,SJC,2116.0,901,"Thin route - long-haul, rarely cancels"
ATL-SJU,ATL,SJU,1547.0,2099,"Trunk route - multi-carrier, unreliable"
ATL-SLC,ATL,SLC,1590.0,2964,"Thin route - long-haul, rarely cancels"
ATL-SMF,ATL,SMF,2092.0,1010,"Thin route - long-haul, rarely cancels"
ATL-SNA,ATL,SNA,1919.0,1033,"Thin route - long-haul, rarely cancels"
ATL-SRQ,ATL,SRQ,444.0,2294,"Thin route - reliable, short delay tail"
ATL-STL,ATL,STL,484.0,3685,"Trunk route - multi-carrier, unreliable"
ATL-STT,ATL,STT,1599.0,719,"Thin route - long-haul, rarely cancels"
ATL-STX,ATL,STX,1638.0,126,
ATL-SYR,ATL,SYR,794.0,1108,"Thin route - reliable, short delay tail"
ATL-TLH,ATL,TLH,223.0,2003,"Thin route - reliable, short delay tail"
ATL-TPA,ATL,TPA,406.0,6141,"Trunk route - multi-carrier, unreliable"
ATL-TRI,ATL,TRI,227.0,520,"Thin route - reliable, short delay tail"
ATL-TTN,ATL,TTN,701.0,39,
ATL-TUL,ATL,TUL,674.0,1576,"Thin route - reliable, short delay tail"
ATL-TUS,ATL,TUS,1541.0,809,"Thin route - long-haul, rarely cancels"
ATL-TVC,ATL,TVC,769.0,37,
ATL-TYS,ATL,TYS,152.0,1717,"Thin route - reliable, short delay tail"
ATL-VPS,ATL,VPS,250.0,2393,"Thin route - reliable, short delay tail"
ATL-XNA,ATL,XNA,589.0,1098,"Thin route - long delay tail, high average delay"
ATW-ATL,ATW,ATL,765.0,366,"Thin route - reliable, short delay tail"
ATW-AZA,ATW,AZA,1452.0,262,
ATW-BNA,ATW,BNA,570.0,89,
ATW-CLT,ATW,CLT,742.0,394,"Thin route - reliable, short delay tail"
ATW-DEN,ATW,DEN,883.0,411,"Thin route - reliable, short delay tail"
ATW-DFW,ATW,DFW,908.0,426,"Thin route - reliable, short delay tail"
ATW-DTW,ATW,DTW,296.0,1069,"Thin route - long delay tail, high average delay"
ATW-EWR,ATW,EWR,772.0,20,
ATW-FLL,ATW,FLL,1338.0,87,
ATW-GUF,ATW,GUF,964.0,87,
ATW-LAS,ATW,LAS,1510.0,171,
ATW-MCO,ATW,MCO,1162.0,57,
ATW-MSP,ATW,MSP,236.0,919,"Thin route - long delay tail, high average delay"
ATW-ORD,ATW,ORD,160.0,2430,"Thin route - long delay tail, high average delay"
ATW-PDX,ATW,PDX,1662.0,47,
ATW-PGD,ATW,PGD,1250.0,243,
ATW-PHX,ATW,PHX,1463.0,8,
ATW-PIE,ATW,PIE,1173.0,182,
ATW-RSW,ATW,RSW,1279.0,52,
ATW-SAV,ATW,SAV,926.0,33,
ATW-SFB,ATW,SFB,1141.0,254,
ATW-SNA,ATW,SNA,1729.0,21,
ATW-SRQ,ATW,SRQ,1209.0,70,
ATY-DEN,ATY,DEN,519.0,363,"Thin route - long delay tail, high average delay"
ATY-MSP,ATY,MSP,193.0,364,"Thin route - reliable, short delay tail"
AUS-ABQ,AUS,ABQ,619.0,830,"Thin route - reliable, short delay tail"
AUS-AGS,AUS,AGS,949.0,3,
AUS-AMA,AUS,AMA,419.0,196,
AUS-ASE,AUS,ASE,812.0,184,
AUS-ATL,AUS,ATL,813.0,4523,"Trunk route - multi-carrier, unreliable"
AUS-AVL,AUS,AVL,950.0,44,
AUS-BNA,AUS,BNA,756.0,3001,"Trunk route - multi-carrier, unreliable"
AUS-BOS,AUS,BOS,1698.0,1673,"Thin route - long delay tail, high average delay"
AUS-BUR,AUS,BUR,1241.0,346,"Thin route - long delay tail, high average delay"
AUS-BWI,AUS,BWI,1342.0,1287,"Thin route - long-haul, rarely cancels"
AUS-BZN,AUS,BZN,1299.0,11,
AUS-CHS,AUS,CHS,1055.0,126,
AUS-CLE,AUS,CLE,1174.0,41,
AUS-CLT,AUS,CLT,1032.0,1656,"Thin route - long delay tail, high average delay"
AUS-CMH,AUS,CMH,1073.0,414,"Thin route - reliable, short delay tail"
AUS-CVG,AUS,CVG,958.0,183,
AUS-DAL,AUS,DAL,189.0,2336,"Thin route - reliable, short delay tail"
AUS-DCA,AUS,DCA,1315.0,364,"Thin route - long delay tail, high average delay"
AUS-DEN,AUS,DEN,775.0,5416,"Trunk route - multi-carrier, unreliable"
AUS-DFW,AUS,DFW,190.0,4706,"Trunk route - multi-carrier, unreliable"
AUS-DSM,AUS,DSM,813.0,105,
AUS-DTW,AUS,DTW,1149.0,1321,"Thin route - reliable, short delay tail"
AUS-ECP,AUS,ECP,710.0,623,"Thin route - reliable, short delay tail"
AUS-ELP,AUS,ELP,528.0,1042,"Thin route - reliable, short delay tail"
AUS-EWR,AUS,EWR,1504.0,2081,"Trunk route - multi-carrier, unreliable"
AUS-FCA,AUS,FCA,1527.0,11,
AUS-FLL,AUS,FLL,1105.0,1167,"Thin route - long delay tail, high average delay"
AUS-GNV,AUS,GNV,924.0,2,
AUS-GRR,AUS,GRR,1103.0,93,
AUS-HDN,AUS,HDN,890.0,4,
AUS-HOU,AUS,HOU,148.0,1349,"Thin route - long delay tail, high average delay"
AUS-HRL,AUS,HRL,273.0,708,"Thin route - reliable, short delay tail"
AUS-IAD,AUS,IAD,1297.0,1042,"Thin route - reliable, short delay tail"
AUS-IAH,AUS,IAH,140.0,2695,"Trunk route - multi-carrier, unreliable"
AUS-IND,AUS,IND,919.0,1272,"Trunk route - multi-carrier, unreliable"
AUS-JAX,AUS,JAX,953.0,650,"Thin route - reliable, short delay tail"
AUS-JFK,AUS,JFK,1521.0,2191,"Trunk route - multi-carrier, unreliable"
AUS-LAS,AUS,LAS,1090.0,2878,"Trunk route - multi-carrier, unreliable"
AUS-LAX,AUS,LAX,1242.0,4091,"Trunk route - multi-carrier, unreliable"
AUS-LBB,AUS,LBB,341.0,326,"Thin route - long delay tail, high average delay"
AUS-LEX,AUS,LEX,922.0,2,
AUS-LGB,AUS,LGB,1226.0,428,"Thin route - long-haul, rarely cancels"
AUS-MAF,AUS,MAF,294.0,600,"Thin route - reliable, short delay tail"
AUS-MCI,AUS,MCI,650.0,981,"Thin route - reliable, short delay tail"
AUS-MCO,AUS,MCO,994.0,2832,"Trunk route - multi-carrier, unreliable"
AUS-MDW,AUS,MDW,972.0,1349,"Thin route - reliable, short delay tail"
AUS-MEM,AUS,MEM,559.0,365,"Thin route - reliable, short delay tail"
AUS-MFE,AUS,MFE,279.0,1032,"Thin route - reliable, short delay tail"
AUS-MIA,AUS,MIA,1103.0,2192,"Trunk route - multi-carrier, unreliable"
AUS-MKE,AUS,MKE,1032.0,278,
AUS-MSN,AUS,MSN,1004.0,1,
AUS-MSP,AUS,MSP,1042.0,1675,"Trunk route - multi-carrier, unreliable"
AUS-MSY,AUS,MSY,445.0,1970,"Trunk route - multi-carrier, unreliable"
AUS-MTJ,AUS,MTJ,818.0,4,
AUS-OAK,AUS,OAK,1497.0,359,"Thin route - long delay tail, high average delay"
AUS-OKC,AUS,OKC,358.0,318,"Thin route - reliable, short delay tail"
AUS-OMA,AUS,OMA,772.0,26,
AUS-ONT,AUS,ONT,1196.0,335,"Thin route - long-haul, rarely cancels"
AUS-ORD,AUS,ORD,977.0,3171,"Trunk route - multi-carrier, unreliable"
AUS-PDX,AUS,PDX,1715.0,607,"Thin route - long-haul, rarely cancels"
AUS-PHL,AUS,PHL,1431.0,1166,"Thin route - long delay tail, high average delay"
AUS-PHX,AUS,PHX,872.0,3388,"Trunk route - multi-carrier, unreliable"
AUS-PIT,AUS,PIT,1210.0,321,"Thin route - long delay tail, high average delay"
AUS-PNS,AUS,PNS,626.0,124,
AUS-PSP,AUS,PSP,1132.0,108,
AUS-PVU,AUS,PVU,1051.0,107,
AUS-RDU,AUS,RDU,1162.0,521,"Thin route - long-haul, rarely cancels"
AUS-RNO,AUS,RNO,1405.0,191,
AUS-RSW,AUS,RSW,1001.0,5,
AUS-SAN,AUS,SAN,1164.0,2561,"Trunk route - multi-carrier, unreliable"
AUS-SDF,AUS,SDF,876.0,3,
AUS-SEA,AUS,SEA,1770.0,2067,"Thin route - long-haul, rarely cancels"
AUS-SFB,AUS,SFB,994.0,24,
AUS-SFO,AUS,SFO,1504.0,2805,"Trunk route - multi-carrier, unreliable"
AUS-SJC,AUS,SJC,1476.0,1119,"Thin route - long-haul, rarely cancels"
AUS-SJU,AUS,SJU,2146.0,34,
AUS-SLC,AUS,SLC,1086.0,1785,"Thin route - reliable, short delay tail"
AUS-SMF,AUS,SMF,1481.0,385,"Thin route - long-haul, rarely cancels"
AUS-SNA,AUS,SNA,1209.0,352,"Thin route - long-haul, rarely cancels"
AUS-SRQ,AUS,SRQ,936.0,35,
AUS-STL,AUS,STL,721.0,973,"Thin route - reliable, short delay tail"
AUS-TPA,AUS,TPA,928.0,1532,"Trunk route - multi-carrier, unreliable"
AUS-TUL,AUS,TUL,426.0,310,"Thin route - long delay tail, high average delay"
AUS-TYS,AUS,TYS,882.0,73,
AUS-XNA,AUS,XNA,462.0,2,
AVL-ATL,AVL,ATL,164.0,2018,"Thin route - reliable, short delay tail"
AVL-AUS,AVL,AUS,950.0,44,
AVL-BOS,AVL,BOS,783.0,219,
AVL-CLT,AVL,CLT,91.0,812,"Thin route - reliable, short delay tail"
AVL-DCA,AVL,DCA,384.0,522,"Thin route - long delay tail, high average delay"
AVL-DEN,AVL,DEN,1248.0,426,"Thin route - long-haul, rarely cancels"
AVL-DFW,AVL,DFW,848.0,721,"Thin route - long delay tail, high average delay"
AVL-EWR,AVL,EWR,583.0,252,
AVL-EYW,AVL,EYW,751.0,107,
AVL-FLL,AVL,FLL,661.0,659,"Thin route - long delay tail, high average delay"
AVL-HOU,AVL,HOU,843.0,25,
AVL-IAD,AVL,IAD,371.0,89,
AVL-LAS,AVL,LAS,1824.0,104,
AVL-LGA,AVL,LGA,599.0,445,"Thin route - long delay tail, high average delay"
AVL-MCO,AVL,MCO,488.0,119,
AVL-MDW,AVL,MDW,521.0,57,
AVL-MIA,AVL,MIA,677.0,221,
AVL-MSP,AVL,MSP,861.0,49,
AVL-ORD,AVL,ORD,536.0,1473,"Trunk route - multi-carrier, unreliable"
AVL-PBI,AVL,PBI,620.0,162,
AVL-PGD,AVL,PGD,588.0,222,
AVL-PHL,AVL,PHL,504.0,50,
AVL-PHX,AVL,PHX,1683.0,18,
AVL-PIE,AVL,PIE,519.0,508,"Thin route - long delay tail, high average delay"
AVL-SFB,AVL,SFB,465.0,516,"Thin route - long delay tail, high average delay"
AVL-SRQ,AVL,SRQ,554.0,113,
AVL-VPS,AVL,VPS,412.0,18,
AVP-CLT,AVP,CLT,509.0,980,"Thin route - reliable, short delay tail"
AVP-ORD,AVP,ORD,632.0,843,"Thin route - long delay tail, high average delay"
AZA-ATW,AZA,ATW,1452.0,261,
AZA-BIL,AZA,BIL,878.0,178,
AZA-BIS,AZA,BIS,1092.0,243,
AZA-BLI,AZA,BLI,1208.0,145,
AZA-BMI,AZA,BMI,1348.0,28,
AZA-BOI,AZA,BOI,749.0,75,
AZA-BZN,AZA,BZN,861.0,150,
AZA-CID,AZA,CID,1240.0,192,
AZA-COS,AZA,COS,543.0,66,
AZA-CVG,AZA,CVG,1553.0,83,
AZA-DSM,AZA,DSM,1137.0,180,
AZA-EUG,AZA,EUG,971.0,117,
AZA-FAR,AZA,FAR,1220.0,372,"Thin route - reliable, short delay tail"
AZA-FCA,AZA,FCA,1044.0,95,
AZA-FNT,AZA,FNT,1650.0,110,
AZA-FSD,AZA,FSD,1072.0,371,"Thin route - reliable, short delay tail"
AZA-FWA,AZA,FWA,1546.0,85,
AZA-GEG,AZA,GEG,1034.0,99,
AZA-GFK,AZA,GFK,1260.0,67,
AZA-GRI,AZA,GRI,905.0,136,
AZA-GRR,AZA,GRR,1561.0,211,
AZA-GTF,AZA,GTF,978.0,91,
AZA-ICT,AZA,ICT,855.0,109,
AZA-IDA,AZA,IDA,705.0,219,
AZA-LAS,AZA,LAS,276.0,17,
AZA-LSE,AZA,LSE,1318.0,51,
AZA-MLI,AZA,MLI,1287.0,95,
AZA-MOT,AZA,MOT,1164.0,153,
AZA-MSO,AZA,MSO,948.0,140,
AZA-OMA,AZA,OMA,1026.0,108,
AZA-PDX,AZA,PDX,1028.0,52,
AZA-PIA,AZA,PIA,1312.0,213,
AZA-PSC,AZA,PSC,977.0,133,
AZA-PVU,AZA,PVU,477.0,706,"Thin route - reliable, short delay tail"
AZA-RAP,AZA,RAP,873.0,197,
AZA-RFD,AZA,RFD,1373.0,184,
AZA-SBN,AZA,SBN,1501.0,147,
AZA-SGF,AZA,SGF,1066.0,186,
AZA-SNA,AZA,SNA,360.0,49,
AZA-STC,AZA,STC,1259.0,112,
AZA-TVC,AZA,TVC,1599.0,33,
AZA-XNA,AZA,XNA,1006.0,42,
AZO-DTW,AZO,DTW,113.0,1027,"Thin route - long delay tail, high average delay"
AZO-ORD,AZO,ORD,122.0,964,"Thin route - reliable, short delay tail"
BDL-ATL,BDL,ATL,859.0,2318,"Thin route - reliable, short delay tail"
BDL-BNA,BDL,BNA,852.0,390,"Thin route - reliable, short delay tail"
BDL-BWI,BDL,BWI,283.0,1749,"Thin route - reliable, short delay tail"
BDL-CLT,BDL,CLT,644.0,1677,"Thin route - reliable, short delay tail"
BDL-DAL,BDL,DAL,1463.0,7,
BDL-DCA,BDL,DCA,313.0,1708,"Thin route - long delay tail, high average delay"
BDL-DEN,BDL,DEN,1671.0,890,"Thin route - long-haul, rarely cancels"
BDL-DFW,BDL,DFW,1471.0,681,"Thin route - long delay tail, high average delay"
BDL-DTW,BDL,DTW,549.0,1269,"Thin route - reliable, short delay tail"
BDL-FLL,BDL,FLL,1173.0,721,"Thin route - long delay tail, high average delay"
BDL-IAD,BDL,IAD,325.0,1077,"Thin route - reliable, short delay tail"
BDL-IAH,BDL,IAH,1507.0,71,
BDL-JFK,BDL,JFK,106.0,365,"Thin route - reliable, short delay tail"
BDL-MCO,BDL,MCO,1050.0,1895,"Trunk route - multi-carrier, unreliable"
BDL-MDW,BDL,MDW,776.0,824,"Thin route - reliable, short delay tail"
BDL-MIA,BDL,MIA,1194.0,429,"Thin route - reliable, short delay tail"
BDL-MSP,BDL,MSP,1050.0,832,"Thin route - reliable, short delay tail"
BDL-MYR,BDL,MYR,664.0,56,
BDL-ORD,BDL,ORD,783.0,2365,"Trunk route - multi-carrier, unreliable"
BDL-PBI,BDL,PBI,1133.0,516,"Thin route - long delay tail, high average delay"
BDL-PHL,BDL,PHL,195.0,571,"Thin route - reliable, short delay tail"
BDL-RSW,BDL,RSW,1180.0,285,
BDL-SJU,BDL,SJU,1666.0,966,"Thin route - long delay tail, high average delay"
BDL-TPA,BDL,TPA,1111.0,682,"Thin route - reliable, short delay tail"
BET-ANC,BET,ANC,399.0,723,"Thin route - long delay tail, high average delay"
BFF-DEN,BFF,DEN,150.0,626,"Thin route - long delay tail, high average delay"
BFL-DEN,BFL,DEN,845.0,728,"Thin route - reliable, short delay tail"
BFL-DFW,BFL,DFW,1271.0,310,"Thin route - reliable, short delay tail"
BFL-PHX,BFL,PHX,425.0,1306,"Thin route - reliable, short delay tail"
BFL-SFO,BFL,SFO,238.0,583,"Thin route - reliable, short delay tail"
BGM-DTW,BGM,DTW,378.0,267,
BGR-ATL,BGR,ATL,1134.0,38,
BGR-CLT,BGR,CLT,921.0,278,
BGR-DCA,BGR,DCA,590.0,1117,"Thin route - long delay tail, high average delay"
BGR-DEN,BGR,DEN,1852.0,5,
BGR-DTW,BGR,DTW,750.0,13,
BGR-EWR,BGR,EWR,393.0,482,"Thin route - long delay tail, high average delay"
BGR-FLL,BGR,FLL,1438.0,25,
BGR-LGA,BGR,LGA,378.0,259,
BGR-ORD,BGR,ORD,978.0,697,"Trunk route - multi-carrier, unreliable"
BGR-PGD,BGR,PGD,1433.0,70,
BGR-PHL,BGR,PHL,473.0,490,"Thin route - long delay tail, high average delay"
BGR-PIE,BGR,PIE,1394.0,221,
BGR-SFB,BGR,SFB,1299.0,288,
BHM-ACT,BHM,ACT,626.0,1,
BHM-ATL,BHM,ATL,134.0,3334,"Thin route - reliable, short delay tail"
BHM-BNA,BHM,BNA,177.0,515,"Thin route - reliable, short delay tail"
BHM-BTR,BHM,BTR,332.0,1,
BHM-BWI,BHM,BWI,682.0,337,"Thin route - reliable, short delay tail"
BHM-CLL,BHM,CLL,600.0,1,
BHM-CLT,BHM,CLT,350.0,1758,"Trunk route - multi-carrier, unreliable"
BHM-COU,BHM,COU,474.0,1,
BHM-DAL,BHM,DAL,587.0,981,"Thin route - reliable, short delay tail"
BHM-DCA,BHM,DCA,653.0,1043,"Thin route - long delay tail, high average delay"
BHM-DEN,BHM,DEN,1083.0,1218,"Thin route - reliable, short delay tail"
BHM-DFW,BHM,DFW,597.0,2199,"Trunk route - multi-carrier, unreliable"
BHM-DTW,BHM,DTW,625.0,312,"Thin route - long delay tail, high average delay"
BHM-EWR,BHM,EWR,850.0,27,
BHM-FLL,BHM,FLL,650.0,39,
BHM-HOU,BHM,HOU,570.0,447,"Thin route - reliable, short delay tail"
BHM-IAH,BHM,IAH,562.0,91,
BHM-LAS,BHM,LAS,1618.0,359,"Thin route - long-haul, rarely cancels"
BHM-LAX,BHM,LAX,1815.0,3,
BHM-MCO,BHM,MCO,479.0,848,"Thin route - reliable, short delay tail"
BHM-MDW,BHM,MDW,570.0,457,"Thin route - reliable, short delay tail"
BHM-MIA,BHM,MIA,661.0,651,"Thin route - reliable, short delay tail"
BHM-MKE,BHM,MKE,650.0,2,
BHM-MSN,BHM,MSN,675.0,2,
BHM-OKC,BHM,OKC,632.0,7,
BHM-ORD,BHM,ORD,584.0,1117,"Trunk route - multi-carrier, unreliable"
BHM-PHL,BHM,PHL,772.0,561,"Thin route - reliable, short delay tail"
BHM-PHX,BHM,PHX,1455.0,185,
BHM-TLH,BHM,TLH,260.0,1,
BHM-TPA,BHM,TPA,459.0,425,"Thin route - reliable, short delay tail"
BHM-TYS,BHM,TYS,221.0,1,
BIH-DEN,BIH,DEN,760.0,155,
BIH-SFO,BIH,SFO,221.0,230,
BIL-AZA,BIL,AZA,878.0,178,
BIL-DEN,BIL,DEN,455.0,1778,"Thin route - reliable, short delay tail"
BIL-DFW,BIL,DFW,1081.0,691,"Thin route - reliable, short delay tail"
BIL-LAS,BIL,LAS,754.0,129,
BIL-MSP,BIL,MSP,748.0,365,"Thin route - reliable, short delay tail"
BIL-ORD,BIL,ORD,1060.0,317,"Thin route - reliable, short delay tail"
BIL-PHX,BIL,PHX,873.0,110,
BIL-SLC,BIL,SLC,387.0,1074,"Thin route - reliable, short delay tail"
BIS-AZA,BIS,AZA,1092.0,244,
BIS-DEN,BIS,DEN,516.0,1466,"Thin route - reliable, short delay tail"
BIS-DFW,BIS,DFW,977.0,727,"Thin route - reliable, short delay tail"
BIS-LAS,BIS,LAS,1048.0,116,
BIS-MSP,BIS,MSP,386.0,1032,"Thin route - reliable, short delay tail"
BIS-ORD,BIS,ORD,715.0,274,
BIS-SFB,BIS,SFB,1628.0,15,
BJI-MSP,BJI,MSP,199.0,728,"Thin route - reliable, short delay tail"
BLI-AZA,BLI,AZA,1208.0,145,
BLI-BUR,BLI,BUR,1030.0,49,
BLI-LAS,BLI,LAS,954.0,435,"Thin route - reliable, short delay tail"
BLI-LAX,BLI,LAX,1047.0,45,
BLI-OAK,BLI,OAK,764.0,101,
BLI-PDX,BLI,PDX,221.0,135,
BLI-PSP,BLI,PSP,1078.0,106,
BLI-SAN,BLI,SAN,1142.0,4,
BLI-SEA,BLI,SEA,93.0,1217,"Thin route - reliable, short delay tail"
BLV-FLL,BLV,FLL,1028.0,59,
BLV-GUF,BLV,GUF,582.0,115,
BLV-JAX,BLV,JAX,723.0,48,
BLV-LAS,BLV,LAS,1400.0,55,
BLV-MYR,BLV,MYR,696.0,35,
BLV-PGD,BLV,PGD,921.0,225,
BLV-PIE,BLV,PIE,841.0,172,
BLV-SAV,BLV,SAV,658.0,13,
BLV-SFB,BLV,SFB,835.0,166,
BLV-SRQ,BLV,SRQ,876.0,108,
BLV-TYS,BLV,TYS,373.0,5,
BLV-VPS,BLV,VPS,587.0,394,"Thin route - long delay tail, high average delay"
BMI-ATL,BMI,ATL,533.0,82,
BMI-AZA,BMI,AZA,1348.0,28,
BMI-DFW,BMI,DFW,690.0,727,"Thin route - reliable, short delay tail"
BMI-ORD,BMI,ORD,116.0,879,"Thin route - reliable, short delay tail"
BMI-PIE,BMI,PIE,936.0,111,
BMI-SFB,BMI,SFB,917.0,126,
BNA-ABE,BNA,ABE,684.0,66,
BNA-ABQ,BNA,ABQ,1123.0,253,
BNA-ALB,BNA,ALB,825.0,436,"Thin route - reliable, short delay tail"
BNA-ATL,BNA,ATL,214.0,4265,"Thin route - reliable, short delay tail"
BNA-ATW,BNA,ATW,570.0,89,
BNA-AUS,BNA,AUS,756.0,3028,"Thin route - reliable, short delay tail"
BNA-BDL,BNA,BDL,852.0,391,"Thin route - reliable, short delay tail"
BNA-BHM,BNA,BHM,177.0,516,"Thin route - reliable, short delay tail"
BNA-BOS,BNA,BOS,942.0,2935,"Trunk route - multi-carrier, unreliable"
BNA-BTR,BNA,BTR,464.0,1,
BNA-BUF,BNA,BUF,633.0,370,"Thin route - reliable, short delay tail"
BNA-BUR,BNA,BUR,1791.0,329,"Thin route - long-haul, rarely cancels"
BNA-BWI,BNA,BWI,587.0,1813,"Thin route - reliable, short delay tail"
BNA-BZN,BNA,BZN,1435.0,122,
BNA-CAK,BNA,CAK,436.0,58,
BNA-CHS,BNA,CHS,439.0,987,"Thin route - reliable, short delay tail"
BNA-CID,BNA,CID,481.0,47,
BNA-CLE,BNA,CLE,448.0,1041,"Trunk route - multi-carrier, unreliable"
BNA-CLT,BNA,CLT,328.0,3487,"Trunk route - multi-carrier, unreliable"
BNA-CMH,BNA,CMH,338.0,1035,"Thin route - reliable, short delay tail"
BNA-CVG,BNA,CVG,230.0,521,"Thin route - reliable, short delay tail"
BNA-DAL,BNA,DAL,623.0,2447,"Thin route - reliable, short delay tail"
BNA-DCA,BNA,DCA,562.0,4356,"Trunk route - multi-carrier, unreliable"
BNA-DEN,BNA,DEN,1013.0,3645,"Trunk route - multi-carrier, unreliable"
BNA-DFW,BNA,DFW,631.0,3534,"Trunk route - multi-carrier, unreliable"
BNA-DSM,BNA,DSM,530.0,165,
BNA-DTW,BNA,DTW,456.0,2421,"Trunk route - multi-carrier, unreliable"
BNA-ECP,BNA,ECP,401.0,1088,"Thin route - reliable, short delay tail"
BNA-ELP,BNA,ELP,1167.0,1,
BNA-EWR,BNA,EWR,748.0,1877,"Trunk route - multi-carrier, unreliable"
BNA-EYW,BNA,EYW,849.0,1,
BNA-FAR,BNA,FAR,910.0,104,
BNA-FLL,BNA,FLL,793.0,2128,"Trunk route - multi-carrier, unreliable"
BNA-FNT,BNA,FNT,497.0,94,
BNA-FSD,BNA,FSD,741.0,105,
BNA-GNV,BNA,GNV,512.0,1,
BNA-GRR,BNA,GRR,470.0,179,
BNA-GSP,BNA,GSP,265.0,668,"Thin route - long delay tail, high average delay"
BNA-GUF,BNA,GUF,406.0,63,
BNA-HDN,BNA,HDN,1153.0,10,
BNA-HOU,BNA,HOU,670.0,1820,"Thin route - reliable, short delay tail"
BNA-IAD,BNA,IAD,542.0,1008,"Trunk route - multi-carrier, unreliable"
BNA-IAH,BNA,IAH,657.0,1409,"Thin route - reliable, short delay tail"
BNA-IND,BNA,IND,249.0,524,"Thin route - reliable, short delay tail"
BNA-JAN,BNA,JAN,327.0,366,"Thin route - reliable, short delay tail"
BNA-JAX,BNA,JAX,483.0,1096,"Thin route - reliable, short delay tail"
BNA-JFK,BNA,JFK,765.0,1439,"Trunk route - multi-carrier, unreliable"
BNA-LAS,BNA,LAS,1587.0,2021,"Trunk route - multi-carrier, unreliable"
BNA-LAX,BNA,LAX,1798.0,2329,"Trunk route - multi-carrier, unreliable"
BNA-LGA,BNA,LGA,764.0,3781,"Trunk route - multi-carrier, unreliable"
BNA-LGB,BNA,LGB,1785.0,365,"Thin route - long-haul, rarely cancels"
BNA-LIT,BNA,LIT,327.0,298,
BNA-MCI,BNA,MCI,491.0,1380,"Thin route - reliable, short delay tail"
BNA-MCO,BNA,MCO,616.0,3510,"Trunk route - multi-carrier, unreliable"
BNA-MDT,BNA,MDT,608.0,73,
BNA-MDW,BNA,MDW,395.0,1893,"Thin route - reliable, short delay tail"
BNA-MEM,BNA,MEM,200.0,515,"Thin route - reliable, short delay tail"
BNA-MIA,BNA,MIA,806.0,2537,"Trunk route - multi-carrier, unreliable"
BNA-MKE,BNA,MKE,475.0,969,"Thin route - reliable, short delay tail"
BNA-MSP,BNA,MSP,695.0,1745,"Thin route - reliable, short delay tail"
BNA-MSY,BNA,MSY,471.0,1489,"Thin route - reliable, short delay tail"
BNA-MTJ,BNA,MTJ,1177.0,4,
BNA-MYR,BNA,MYR,471.0,635,"Thin route - reliable, short delay tail"
BNA-OKC,BNA,OKC,616.0,527,"Thin route - reliable, short delay tail"
BNA-OMA,BNA,OMA,612.0,401,"Thin route - reliable, short delay tail"
BNA-ONT,BNA,ONT,1751.0,336,"Thin route - long-haul, rarely cancels"
BNA-ORD,BNA,ORD,409.0,5029,"Trunk route - multi-carrier, unreliable"
BNA-ORF,BNA,ORF,585.0,423,"Thin route - reliable, short delay tail"
BNA-PBI,BNA,PBI,757.0,365,"Thin route - long delay tail, high average delay"
BNA-PDX,BNA,PDX,1973.0,318,"Thin route - long-haul, rarely cancels"
BNA-PGD,BNA,PGD,692.0,116,
BNA-PHL,BNA,PHL,675.0,2846,"Trunk route - multi-carrier, unreliable"
BNA-PHX,BNA,PHX,1449.0,2363,"Trunk route - multi-carrier, unreliable"
BNA-PIA,BNA,PIA,353.0,47,
BNA-PIE,BNA,PIE,612.0,87,
BNA-PIT,BNA,PIT,462.0,1102,"Thin route - reliable, short delay tail"
BNA-PNS,BNA,PNS,391.0,957,"Thin route - reliable, short delay tail"
BNA-PVD,BNA,PVD,906.0,380,"Thin route - reliable, short delay tail"
BNA-PVU,BNA,PVU,1388.0,95,
BNA-PWM,BNA,PWM,1010.0,160,
BNA-RDU,BNA,RDU,442.0,2214,"Trunk route - multi-carrier, unreliable"
BNA-RFD,BNA,RFD,438.0,46,
BNA-RIC,BNA,RIC,527.0,467,"Thin route - reliable, short delay tail"
BNA-RSW,BNA,RSW,722.0,807,"Thin route - reliable, short delay tail"
BNA-SAN,BNA,SAN,1751.0,1065,"Thin route - long-haul, rarely cancels"
BNA-SAT,BNA,SAT,822.0,940,"Thin route - reliable, short delay tail"
BNA-SAV,BNA,SAV,417.0,903,"Thin route - reliable, short delay tail"
BNA-SDF,BNA,SDF,151.0,506,"Thin route - long delay tail, high average delay"
BNA-SEA,BNA,SEA,1978.0,1476,"Thin route - long-haul, rarely cancels"
BNA-SFB,BNA,SFB,598.0,124,
BNA-SFO,BNA,SFO,1969.0,1158,"Thin route - long-haul, rarely cancels"
BNA-SHV,BNA,SHV,481.0,26,
BNA-SJC,BNA,SJC,1947.0,246,
BNA-SJU,BNA,SJU,1753.0,53,
BNA-SLC,BNA,SLC,1404.0,1206,"Thin route - long-haul, rarely cancels"
BNA-SMF,BNA,SMF,1917.0,345,"Thin route - long-haul, rarely cancels"
BNA-SNA,BNA,SNA,1772.0,150,
BNA-SRQ,BNA,SRQ,648.0,686,"Thin route - reliable, short delay tail"
BNA-STL,BNA,STL,272.0,1286,"Thin route - reliable, short delay tail"
BNA-SYR,BNA,SYR,741.0,106,
BNA-TPA,BNA,TPA,612.0,2479,"Trunk route - multi-carrier, unreliable"
BNA-TUL,BNA,TUL,515.0,514,"Thin route - reliable, short delay tail"
BNA-TYS,BNA,TYS,152.0,298,
BNA-VPS,BNA,VPS,389.0,818,"Thin route - reliable, short delay tail"
BNA-XNA,BNA,XNA,426.0,81,
BOI-ANC,BOI,ANC,1842.0,15,
BOI-ATL,BOI,ATL,1838.0,545,"Thin route - long-haul, rarely cancels"
BOI-AZA,BOI,AZA,749.0,75,
BOI-BUR,BOI,BUR,656.0,430,"Thin route - reliable, short delay tail"
BOI-DAL,BOI,DAL,1282.0,9,
BOI-DEN,BOI,DEN,649.0,3033,"Trunk route - multi-carrier, unreliable"
BOI-DFW,BOI,DFW,1272.0,802,"Thin route - reliable, short delay tail"
BOI-GEG,BOI,GEG,287.0,296,
BOI-LAS,BOI,LAS,519.0,1363,"Trunk route - multi-carrier, unreliable"
BOI-LAX,BOI,LAX,674.0,1373,"Thin route - reliable, short delay tail"
BOI-MDW,BOI,MDW,1448.0,87,
BOI-MSP,BOI,MSP,1142.0,783,"Thin route - reliable, short delay tail"
BOI-OAK,BOI,OAK,512.0,554,"Thin route - reliable, short delay tail"
BOI-ONT,BOI,ONT,660.0,2,
BOI-ORD,BOI,ORD,1437.0,1111,"Trunk route - multi-carrier, unreliable"
BOI-PDX,BOI,PDX,344.0,1084,"Thin route - reliable, short delay tail"
BOI-PHX,BOI,PHX,735.0,2014,"Trunk route - multi-carrier, unreliable"
BOI-SAN,BOI,SAN,749.0,1028,"Thin route - reliable, short delay tail"
BOI-SBN,BOI,SBN,1521.0,3,
BOI-SEA,BOI,SEA,399.0,3761,"Thin route - reliable, short delay tail"
BOI-SFO,BOI,SFO,522.0,1716,"Thin route - long delay tail, high average delay"
BOI-SJC,BOI,SJC,523.0,658,"Thin route - reliable, short delay tail"
BOI-SLC,BOI,SLC,290.0,1740,"Thin route - reliable, short delay tail"
BOI-SMF,BOI,SMF,437.0,860,"Thin route - reliable, short delay tail"
BOI-SNA,BOI,SNA,688.0,359,"Thin route - reliable, short delay tail"
BOS-ACK,BOS,ACK,91.0,284,
BOS-AGS,BOS,AGS,861.0,8,
BOS-ANC,BOS,ANC,3383.0,7,
BOS-ATL,BOS,ATL,946.0,4973,"Trunk route - multi-carrier, unreliable"
BOS-AUS,BOS,AUS,1698.0,1673,"Trunk route - multi-carrier, unreliable"
BOS-AVL,BOS,AVL,783.0,219,
BOS-BNA,BOS,BNA,942.0,2934,"Trunk route - multi-carrier, unreliable"
BOS-BUF,BOS,BUF,395.0,1295,"Trunk route - multi-carrier, unreliable"
BOS-BWI,BOS,BWI,369.0,3513,"Trunk route - multi-carrier, unreliable"
BOS-BZN,BOS,BZN,1991.0,207,
BOS-CHS,BOS,CHS,818.0,1140,"Trunk route - multi-carrier, unreliable"
BOS-CLE,BOS,CLE,563.0,1650,"Trunk route - multi-carrier, unreliable"
BOS-CLT,BOS,CLT,728.0,4019,"Trunk route - multi-carrier, unreliable"
BOS-CMH,BOS,CMH,640.0,2003,"Trunk route - multi-carrier, unreliable"
BOS-CVG,BOS,CVG,752.0,2000,"Trunk route - multi-carrier, unreliable"
BOS-DAB,BOS,DAB,1068.0,240,
BOS-DAL,BOS,DAL,1554.0,260,
BOS-DCA,BOS,DCA,399.0,9092,"Trunk route - multi-carrier, unreliable"
BOS-DEN,BOS,DEN,1754.0,3868,"Trunk route - multi-carrier, unreliable"
BOS-DFW,BOS,DFW,1562.0,3706,"Trunk route - multi-carrier, unreliable"
BOS-DSM,BOS,DSM,1165.0,81,
BOS-DTW,BOS,DTW,632.0,2583,"Trunk route - multi-carrier, unreliable"
BOS-EWR,BOS,EWR,200.0,3866,"Trunk route - multi-carrier, unreliable"
BOS-EYW,BOS,EYW,1373.0,221,
BOS-FLL,BOS,FLL,1237.0,3359,"Thin route - long delay tail, high average delay"
BOS-GRR,BOS,GRR,740.0,69,
BOS-GSP,BOS,GSP,795.0,2,
BOS-HDN,BOS,HDN,1871.0,43,
BOS-HHH,BOS,HHH,878.0,15,
BOS-HNL,BOS,HNL,5095.0,68,
BOS-HOU,BOS,HOU,1609.0,1,
BOS-IAD,BOS,IAD,412.0,1516,"Thin route - reliable, short delay tail"
BOS-IAH,BOS,IAH,1597.0,2021,"Thin route - long-haul, rarely cancels"
BOS-ILM,BOS,ILM,672.0,433,"Thin route - reliable, short delay tail"
BOS-IND,BOS,IND,818.0,2022,"Trunk route - multi-carrier, unreliable"
BOS-JAX,BOS,JAX,1011.0,1610,"Trunk route - multi-carrier, unreliable"
BOS-JFK,BOS,JFK,187.0,5672,"Trunk route - multi-carrier, unreliable"
BOS-LAS,BOS,LAS,2381.0,1609,"Thin route - long-haul, rarely cancels"
BOS-LAX,BOS,LAX,2611.0,4758,"Trunk route - multi-carrier, unreliable"
BOS-LGA,BOS,LGA,184.0,7342,"Trunk route - multi-carrier, unreliable"
BOS-MCI,BOS,MCI,1256.0,646,"Thin route - long-haul, rarely cancels"
BOS-MCO,BOS,MCO,1121.0,4620,"Trunk route - multi-carrier, unreliable"
BOS-MDT,BOS,MDT,335.0,116,
BOS-MDW,BOS,MDW,861.0,1361,"Thin route - long delay tail, high average delay"
BOS-MEM,BOS,MEM,1139.0,294,
BOS-MIA,BOS,MIA,1258.0,3384,"Trunk route - multi-carrier, unreliable"
BOS-MKE,BOS,MKE,860.0,741,"Thin route - reliable, short delay tail"
BOS-MSN,BOS,MSN,932.0,101,
BOS-MSP,BOS,MSP,1124.0,1853,"Thin route - reliable, short delay tail"
BOS-MSY,BOS,MSY,1367.0,855,"Trunk route - multi-carrier, unreliable"
BOS-MVY,BOS,MVY,70.0,84,
BOS-MYR,BOS,MYR,738.0,439,"Thin route - long delay tail, high average delay"
BOS-ORD,BOS,ORD,867.0,7750,"Trunk route - multi-carrier, unreliable"
BOS-ORF,BOS,ORF,468.0,474,"Thin route - reliable, short delay tail"
BOS-PBI,BOS,PBI,1197.0,2153,"Thin route - long delay tail, high average delay"
BOS-PDX,BOS,PDX,2537.0,671,"Thin route - long-haul, rarely cancels"
BOS-PHL,BOS,PHL,280.0,4981,"Trunk route - multi-carrier, unreliable"
BOS-PHX,BOS,PHX,2300.0,2017,"Thin route - long-haul, rarely cancels"
BOS-PIT,BOS,PIT,496.0,2156,"Trunk route - multi-carrier, unreliable"
BOS-PQI,BOS,PQI,332.0,365,"Thin route - long delay tail, high average delay"
BOS-RDU,BOS,RDU,612.0,2828,"Trunk route - multi-carrier, unreliable"
BOS-RIC,BOS,RIC,473.0,1694,"Trunk route - multi-carrier, unreliable"
BOS-ROC,BOS,ROC,343.0,385,"Thin route - reliable, short delay tail"
BOS-RSW,BOS,RSW,1249.0,2193,"Trunk route - multi-carrier, unreliable"
BOS-SAN,BOS,SAN,2588.0,1849,"Thin route - long-haul, rarely cancels"
BOS-SAT,BOS,SAT,1764.0,356,"Thin route - long-haul, rarely cancels"
BOS-SAV,BOS,SAV,901.0,1044,"Trunk route - multi-carrier, unreliable"
BOS-SDF,BOS,SDF,829.0,708,"Thin route - reliable, short delay tail"
BOS-SEA,BOS,SEA,2496.0,2504,"Thin route - long-haul, rarely cancels"
BOS-SFO,BOS,SFO,2704.0,4735,"Trunk route - multi-carrier, unreliable"
BOS-SJC,BOS,SJC,2689.0,6,
BOS-SJU,BOS,SJU,1674.0,1770,"Thin route - long delay tail, high average delay"
BOS-SLC,BOS,SLC,2105.0,1256,"Thin route - long-haul, rarely cancels"
BOS-SMF,BOS,SMF,2636.0,33,
BOS-SRQ,BOS,SRQ,1220.0,685,"Thin route - long delay tail, high average delay"
BOS-STL,BOS,STL,1047.0,1612,"Trunk route - multi-carrier, unreliable"
BOS-STT,BOS,STT,1693.0,318,"Thin route - long delay tail, high average delay"
BOS-SYR,BOS,SYR,265.0,474,"Thin route - long delay tail, high average delay"
BOS-TPA,BOS,TPA,1185.0,2791,"Trunk route - multi-carrier, unreliable"
BOS-TVC,BOS,TVC,749.0,240,
BOS-TYS,BOS,TYS,830.0,147,
BOS-VPS,BOS,VPS,1187.0,143,
BOS-VRB,BOS,VRB,1144.0,233,
BPT-DFW,BPT,DFW,270.0,722,"Thin route - reliable, short delay tail"
BQK-ATL,BQK,ATL,238.0,4,
BQN-EWR,BQN,EWR,1585.0,365,"Thin route - long-haul, rarely cancels"
BQN-FLL,BQN,FLL,982.0,378,"Thin route - long delay tail, high average delay"
BQN-JFK,BQN,JFK,1576.0,469,"Thin route - long-haul, rarely cancels"
BQN-MCO,BQN,MCO,1129.0,1005,"Thin route - reliable, short delay tail"
BQN-MIA,BQN,MIA,981.0,1,
BRD-MSP,BRD,MSP,114.0,631,"Thin route - reliable, short delay tail"
BRO-DFW,BRO,DFW,482.0,1423,"Thin route - reliable, short delay tail"
BRW-ANC,BRW,ANC,725.0,360,"Thin route - long delay tail, high average delay"
BTM-DEN,BTM,DEN,578.0,365,"Thin route - reliable, short delay tail"
BTM-SLC,BTM,SLC,357.0,361,"Thin route - reliable, short delay tail"
BTR-ATL,BTR,ATL,448.0,1080,"Thin route - reliable, short delay tail"
BTR-BHM,BTR,BHM,332.0,1,
BTR-BNA,BTR,BNA,464.0,1,
BTR-CLT,BTR,CLT,675.0,766,"Thin route - reliable, short delay tail"
BTR-DCA,BTR,DCA,985.0,308,"Thin route - reliable, short delay tail"
BTR-DFW,BTR,DFW,383.0,2081,"Trunk route - multi-carrier, unreliable"
BTR-IAH,BTR,IAH,253.0,438,"Thin route - reliable, short delay tail"
BTV-ATL,BTV,ATL,961.0,391,"Thin route - reliable, short delay tail"
BTV-CLT,BTV,CLT,761.0,644,"Thin route - reliable, short delay tail"
BTV-DCA,BTV,DCA,437.0,1143,"Thin route - long delay tail, high average delay"
BTV-DEN,BTV,DEN,1639.0,219,
BTV-DTW,BTV,DTW,537.0,338,"Thin route - long delay tail, high average delay"
BTV-EWR,BTV,EWR,266.0,592,"Thin route - reliable, short delay tail"
BTV-IAD,BTV,IAD,441.0,313,"Thin route - reliable, short delay tail"
BTV-LGA,BTV,LGA,258.0,62,
BTV-MCO,BTV,MCO,1194.0,13,
BTV-MSP,BTV,MSP,987.0,4,
BTV-ORD,BTV,ORD,763.0,1248,"Thin route - long delay tail, high average delay"
BTV-PHL,BTV,PHL,335.0,1117,"Thin route - long delay tail, high average delay"
BUF-ATL,BUF,ATL,712.0,1520,"Thin route - reliable, short delay tail"
BUF-BNA,BUF,BNA,633.0,370,"Thin route - reliable, short delay tail"
BUF-BOS,BUF,BOS,395.0,1295,"Trunk route - multi-carrier, unreliable"
BUF-BWI,BUF,BWI,281.0,1750,"Thin route - reliable, short delay tail"
BUF-CLT,BUF,CLT,546.0,1165,"Thin route - reliable, short delay tail"
BUF-DAL,BUF,DAL,1206.0,37,
BUF-DCA,BUF,DCA,296.0,1134,"Thin route - long delay tail, high average delay"
BUF-DEN,BUF,DEN,1359.0,586,"Thin route - long-haul, rarely cancels"
BUF-DFW,BUF,DFW,1212.0,578,"Thin route - long delay tail, high average delay"
BUF-DTW,BUF,DTW,241.0,1207,"Trunk route - multi-carrier, unreliable"
BUF-EWR,BUF,EWR,282.0,482,"Thin route - reliable, short delay tail"
BUF-FLL,BUF,FLL,1166.0,553,"Thin route - long delay tail, high average delay"
BUF-HOU,BUF,HOU,1297.0,1,
BUF-IAD,BUF,IAD,283.0,147,
BUF-IAH,BUF,IAH,1281.0,2,
BUF-JFK,BUF,JFK,301.0,1217,"Thin route - long delay tail, high average delay"
BUF-LAS,BUF,LAS,1986.0,302,"Thin route - long-haul, rarely cancels"
BUF-LAX,BUF,LAX,2218.0,137,
BUF-LGA,BUF,LGA,292.0,1758,"Thin route - long delay tail, high average delay"
BUF-MCI,BUF,MCI,870.0,1,
BUF-MCO,BUF,MCO,1011.0,1792,"Trunk route - multi-carrier, unreliable"
BUF-MDW,BUF,MDW,468.0,824,"Thin route - reliable, short delay tail"
BUF-MIA,BUF,MIA,1185.0,25,
BUF-MSP,BUF,MSP,735.0,94,
BUF-MSY,BUF,MSY,1097.0,1,
BUF-ORD,BUF,ORD,474.0,2199,"Trunk route - multi-carrier, unreliable"
BUF-PBI,BUF,PBI,1123.0,3,
BUF-PHL,BUF,PHL,279.0,263,
BUF-PHX,BUF,PHX,1912.0,199,
BUF-RDU,BUF,RDU,487.0,106,
BUF-RSW,BUF,RSW,1144.0,134,
BUF-SJU,BUF,SJU,1845.0,73,
BUF-SRQ,BUF,SRQ,1093.0,39,
BUF-TPA,BUF,TPA,1053.0,732,"Thin route - reliable, short delay tail"
BUR-ABQ,BUR,ABQ,672.0,327,"Thin route - reliable, short delay tail"
BUR-ATL,BUR,ATL,1941.0,364,"Thin route - long delay tail, high average delay"
BUR-AUS,BUR,AUS,1241.0,346,"Thin route - reliable, short delay tail"
BUR-BLI,BUR,BLI,1030.0,49,
BUR-BNA,BUR,BNA,1791.0,329,"Thin route - long-haul, rarely cancels"
BUR-BOI,BUR,BOI,656.0,429,"Thin route - reliable, short delay tail"
BUR-DAL,BUR,DAL,1243.0,394,"Thin route - reliable, short delay tail"
BUR-DEN,BUR,DEN,850.0,2166,"Thin route - reliable, short delay tail"
BUR-DFW,BUR,DFW,1231.0,728,"Thin route - reliable, short delay tail"
BUR-DSM,BUR,DSM,1436.0,21,
BUR-EUG,BUR,EUG,732.0,242,
BUR-HNL,BUR,HNL,2562.0,80,
BUR-HOU,BUR,HOU,1389.0,147,
BUR-IND,BUR,IND,1805.0,21,
BUR-JFK,BUR,JFK,2465.0,180,
BUR-LAS,BUR,LAS,223.0,4167,"Trunk route - multi-carrier, unreliable"
BUR-MCI,BUR,MCI,1354.0,35,
BUR-MDW,BUR,MDW,1740.0,322,"Thin route - long-haul, rarely cancels"
BUR-MSY,BUR,MSY,1669.0,4,
BUR-OAK,BUR,OAK,325.0,2735,"Thin route - reliable, short delay tail"
BUR-PDX,BUR,PDX,817.0,996,"Thin route - reliable, short delay tail"
BUR-PHX,BUR,PHX,369.0,3119,"Trunk route - multi-carrier, unreliable"
BUR-PSC,BUR,PSC,833.0,186,
BUR-PVU,BUR,PVU,553.0,59,
BUR-RDM,BUR,RDM,709.0,278,
BUR-RNO,BUR,RNO,374.0,423,"Thin route - reliable, short delay tail"
BUR-SAT,BUR,SAT,1211.0,4,
BUR-SEA,BUR,SEA,937.0,1617,"Thin route - reliable, short delay tail"
BUR-SFO,BUR,SFO,326.0,3066,"Thin route - long delay tail, high average delay"
BUR-SJC,BUR,SJC,296.0,2161,"Thin route - reliable, short delay tail"
BUR-SLC,BUR,SLC,574.0,1473,"Thin route - reliable, short delay tail"
BUR-SMF,BUR,SMF,358.0,2609,"Thin route - reliable, short delay tail"
BUR-STL,BUR,STL,1583.0,192,
BUR-STS,BUR,STS,387.0,671,"Thin route - reliable, short delay tail"
BWI-ABQ,BWI,ABQ,1670.0,402,"Thin route - long-haul, rarely cancels"
BWI-ALB,BWI,ALB,288.0,1760,"Thin route - reliable, short delay tail"
BWI-ATL,BWI,ATL,577.0,5407,"Trunk route - multi-carrier, unreliable"
BWI-AUS,BWI,AUS,1342.0,1260,"Thin route - long-haul, rarely cancels"
BWI-BDL,BWI,BDL,283.0,1747,"Thin route - reliable, short delay tail"
BWI-BHM,BWI,BHM,682.0,336,"Thin route - reliable, short delay tail"
BWI-BNA,BWI,BNA,587.0,1812,"Thin route - reliable, short delay tail"
BWI-BOS,BWI,BOS,369.0,3517,"Trunk route - multi-carrier, unreliable"
BWI-BUF,BWI,BUF,281.0,1748,"Thin route - reliable, short delay tail"
BWI-CHS,BWI,CHS,472.0,1234,"Thin route - reliable, short delay tail"
BWI-CLE,BWI,CLE,314.0,970,"Thin route - reliable, short delay tail"
BWI-CLT,BWI,CLT,361.0,2960,"Trunk route - multi-carrier, unreliable"
BWI-CMH,BWI,CMH,337.0,1056,"Thin route - reliable, short delay tail"
BWI-COS,BWI,COS,1503.0,97,
BWI-CVG,BWI,CVG,430.0,721,"Thin route - reliable, short delay tail"
BWI-DAL,BWI,DAL,1209.0,1803,"Thin route - reliable, short delay tail"
BWI-DEN,BWI,DEN,1491.0,2814,"Trunk route - multi-carrier, unreliable"
BWI-DFW,BWI,DFW,1217.0,1338,"Trunk route - multi-carrier, unreliable"
BWI-DTW,BWI,DTW,409.0,2251,"Trunk route - multi-carrier, unreliable"
BWI-ECP,BWI,ECP,798.0,44,
BWI-FLL,BWI,FLL,925.0,3135,"Trunk route - multi-carrier, unreliable"
BWI-GRR,BWI,GRR,528.0,440,"Thin route - reliable, short delay tail"
BWI-GSP,BWI,GSP,426.0,720,"Thin route - reliable, short delay tail"
BWI-HOU,BWI,HOU,1246.0,1468,"Thin route - reliable, short delay tail"
BWI-IAH,BWI,IAH,1235.0,1310,"Trunk route - multi-carrier, unreliable"
BWI-IND,BWI,IND,516.0,1219,"Thin route - reliable, short delay tail"
BWI-ISP,BWI,ISP,220.0,1236,"Thin route - reliable, short delay tail"
BWI-JAN,BWI,JAN,888.0,191,
BWI-JAX,BWI,JAX,663.0,1401,"Thin route - reliable, short delay tail"
BWI-LAS,BWI,LAS,2106.0,1789,"Thin route - long-haul, rarely cancels"
BWI-LAX,BWI,LAX,2329.0,1701,"Thin route - long-haul, rarely cancels"
BWI-LGB,BWI,LGB,2318.0,128,
BWI-MCI,BWI,MCI,966.0,879,"Thin route - reliable, short delay tail"
BWI-MCO,BWI,MCO,787.0,4682,"Trunk route - multi-carrier, unreliable"
BWI-MDW,BWI,MDW,611.0,1838,"Trunk route - multi-carrier, unreliable"
BWI-MEM,BWI,MEM,787.0,280,
BWI-MHT,BWI,MHT,377.0,1744,"Thin route - reliable, short delay tail"
BWI-MIA,BWI,MIA,946.0,2289,"Trunk route - multi-carrier, unreliable"
BWI-MKE,BWI,MKE,641.0,830,"Thin route - reliable, short delay tail"
BWI-MSP,BWI,MSP,936.0,1409,"Thin route - reliable, short delay tail"
BWI-MSY,BWI,MSY,998.0,1157,"Thin route - reliable, short delay tail"
BWI-MYR,BWI,MYR,399.0,1038,"Thin route - reliable, short delay tail"
BWI-OKC,BWI,OKC,1180.0,8,
BWI-ONT,BWI,ONT,2283.0,281,
BWI-ORD,BWI,ORD,622.0,2689,"Trunk route - multi-carrier, unreliable"
BWI-ORF,BWI,ORF,159.0,1549,"Thin route - reliable, short delay tail"
BWI-PBI,BWI,PBI,883.0,1233,"Thin route - reliable, short delay tail"
BWI-PDX,BWI,PDX,2358.0,200,
BWI-PHX,BWI,PHX,1999.0,1234,"Thin route - long-haul, rarely cancels"
BWI-PIT,BWI,PIT,210.0,1075,"Thin route - reliable, short delay tail"
BWI-PNS,BWI,PNS,846.0,8,
BWI-PVD,BWI,PVD,327.0,1867,"Thin route - reliable, short delay tail"
BWI-PWM,BWI,PWM,452.0,1342,"Thin route - reliable, short delay tail"
BWI-RDU,BWI,RDU,256.0,1792,"Thin route - reliable, short delay tail"
BWI-RIC,BWI,RIC,120.0,729,"Thin route - reliable, short delay tail"
BWI-ROC,BWI,ROC,277.0,1104,"Thin route - reliable, short delay tail"
BWI-RSW,BWI,RSW,919.0,1411,"Thin route - reliable, short delay tail"
BWI-SAN,BWI,SAN,2295.0,1159,"Thin route - long-haul, rarely cancels"
BWI-SAT,BWI,SAT,1407.0,732,"Thin route - long-haul, rarely cancels"
BWI-SAV,BWI,SAV,548.0,995,"Thin route - reliable, short delay tail"
BWI-SDF,BWI,SDF,495.0,890,"Thin route - reliable, short delay tail"
BWI-SEA,BWI,SEA,2335.0,719,"Thin route - long-haul, rarely cancels"
BWI-SFO,BWI,SFO,2457.0,1054,"Thin route - long-haul, rarely cancels"
BWI-SJC,BWI,SJC,2439.0,242,
BWI-SJU,BWI,SJU,1565.0,1162,"Thin route - long delay tail, high average delay"
BWI-SLC,BWI,SLC,1865.0,769,"Thin route - long-haul, rarely cancels"
BWI-SMF,BWI,SMF,2395.0,364,"Thin route - long-haul, rarely cancels"
BWI-SRQ,BWI,SRQ,880.0,1250,"Thin route - reliable, short delay tail"
BWI-STL,BWI,STL,738.0,1268,"Thin route - reliable, short delay tail"
BWI-STT,BWI,STT,1598.0,77,
BWI-TPA,BWI,TPA,842.0,2673,"Trunk route - multi-carrier, unreliable"
BWI-TYS,BWI,TYS,464.0,149,
BWI-VPS,BWI,VPS,819.0,241,
BZN-ATL,BZN,ATL,1640.0,429,"Thin route - long-haul, rarely cancels"
BZN-AUS,BZN,AUS,1299.0,11,
BZN-AZA,BZN,AZA,861.0,150,
BZN-BNA,BZN,BNA,1435.0,122,
BZN-BOS,BZN,BOS,1991.0,207,
BZN-CLT,BZN,CLT,1736.0,77,
BZN-DAL,BZN,DAL,1172.0,18,
BZN-DEN,BZN,DEN,524.0,2722,"Trunk route - multi-carrier, unreliable"
BZN-DFW,BZN,DFW,1163.0,713,"Thin route - long delay tail, high average delay"
BZN-DTW,BZN,DTW,1400.0,19,
BZN-EWR,BZN,EWR,1882.0,375,"Thin route - long delay tail, high average delay"
BZN-FLL,BZN,FLL,2183.0,3,
BZN-IAD,BZN,IAD,1773.0,51,
BZN-IAH,BZN,IAH,1385.0,65,
BZN-JFK,BZN,JFK,1902.0,113,
BZN-LAS,BZN,LAS,701.0,598,"Thin route - reliable, short delay tail"
BZN-LAX,BZN,LAX,902.0,543,"Thin route - reliable, short delay tail"
BZN-LGA,BZN,LGA,1894.0,26,
BZN-LGB,BZN,LGB,904.0,7,
BZN-MDW,BZN,MDW,1198.0,120,
BZN-MSP,BZN,MSP,874.0,805,"Thin route - reliable, short delay tail"
BZN-ORD,BZN,ORD,1185.0,1267,"Trunk route - multi-carrier, unreliable"
BZN-PDX,BZN,PDX,554.0,85,
BZN-PHX,BZN,PHX,853.0,58,
BZN-SAN,BZN,SAN,956.0,107,
BZN-SEA,BZN,SEA,543.0,1573,"Thin route - reliable, short delay tail"
BZN-SFO,BZN,SFO,807.0,378,"Thin route - long delay tail, high average delay"
BZN-SLC,BZN,SLC,347.0,1162,"Thin route - reliable, short delay tail"
CAE-ATL,CAE,ATL,192.0,1815,"Thin route - reliable, short delay tail"
CAE-CLT,CAE,CLT,88.0,242,
CAE-DCA,CAE,DCA,408.0,1092,"Thin route - long delay tail, high average delay"
CAE-DFW,CAE,DFW,922.0,985,"Thin route - reliable, short delay tail"
CAE-EWR,CAE,EWR,603.0,25,
CAE-FLL,CAE,FLL,545.0,100,
CAE-LGA,CAE,LGA,617.0,615,"Thin route - long delay tail, high average delay"
CAE-MCO,CAE,MCO,380.0,20,
CAE-MIA,CAE,MIA,563.0,15,
CAE-ORD,CAE,ORD,666.0,513,"Thin route - long delay tail, high average delay"
CAE-SFB,CAE,SFB,356.0,73,
CAK-BNA,CAK,BNA,436.0,58,
CAK-CLT,CAK,CLT,394.0,1415,"Thin route - reliable, short delay tail"
CAK-DCA,CAK,DCA,274.0,324,"Thin route - long delay tail, high average delay"
CAK-FLL,CAK,FLL,1026.0,72,
CAK-JAX,CAK,JAX,719.0,136,
CAK-LAS,CAK,LAS,1846.0,2,
CAK-MYR,CAK,MYR,518.0,88,
CAK-ORD,CAK,ORD,344.0,2026,"Thin route - long delay tail, high average delay"
CAK-PGD,CAK,PGD,965.0,151,
CAK-PIE,CAK,PIE,899.0,134,
CAK-SAV,CAK,SAV,606.0,161,
CAK-SFB,CAK,SFB,837.0,122,
CAK-SRQ,CAK,SRQ,934.0,166,
CAK-VPS,CAK,VPS,774.0,71,
CDC-SLC,CDC,SLC,221.0,629,"Thin route - reliable, short delay tail"
CDV-ANC,CDV,ANC,160.0,362,"Thin route - reliable, short delay tail"
CDV-YAK,CDV,YAK,213.0,362,"Thin route - reliable, short delay tail"
CHA-ATL,CHA,ATL,106.0,1336,"Thin route - reliable, short delay tail"
CHA-CLT,CHA,CLT,241.0,126,
CHA-DCA,CHA,DCA,523.0,301,"Thin route - reliable, short delay tail"
CHA-DEN,CHA,DEN,1118.0,10,
CHA-DFW,CHA,DFW,695.0,1608,"Trunk route - multi-carrier, unreliable"
CHA-DTW,CHA,DTW,505.0,2,
CHA-EWR,CHA,EWR,718.0,26,
CHA-FLL,CHA,FLL,687.0,72,
CHA-IAH,CHA,IAH,686.0,247,
CHA-LAS,CHA,LAS,1682.0,65,
CHA-MCO,CHA,MCO,510.0,30,
CHA-MIA,CHA,MIA,701.0,29,
CHA-ORD,CHA,ORD,501.0,954,"Thin route - long delay tail, high average delay"
CHA-PGD,CHA,PGD,591.0,60,
CHA-PIE,CHA,PIE,513.0,117,
CHA-SFB,CHA,SFB,490.0,122,
CHO-ATL,CHO,ATL,457.0,234,
CHO-CLT,CHO,CLT,245.0,4,
CHO-LGA,CHO,LGA,305.0,352,"Thin route - long delay tail, high average delay"
CHO-ORD,CHO,ORD,566.0,1215,"Thin route - long delay tail, high average delay"
CHS-ATL,CHS,ATL,259.0,3221,"Thin route - reliable, short delay tail"
CHS-AUS,CHS,AUS,1055.0,126,
CHS-BNA,CHS,BNA,439.0,986,"Thin route - reliable, short delay tail"
CHS-BOS,CHS,BOS,818.0,1141,"Thin route - long delay tail, high average delay"
CHS-BWI,CHS,BWI,472.0,1233,"Thin route - reliable, short delay tail"
CHS-CLT,CHS,CLT,168.0,2498,"Trunk route - multi-carrier, unreliable"
CHS-CVG,CHS,CVG,497.0,103,
CHS-DAL,CHS,DAL,977.0,365,"Thin route - reliable, short delay tail"
CHS-DCA,CHS,DCA,444.0,1751,"Thin route - long delay tail, high average delay"
CHS-DEN,CHS,DEN,1449.0,643,"Thin route - long delay tail, high average delay"
CHS-DFW,CHS,DFW,987.0,1227,"Trunk route - multi-carrier, unreliable"
CHS-DTW,CHS,DTW,667.0,573,"Thin route - reliable, short delay tail"
CHS-EWR,CHS,EWR,628.0,1341,"Trunk route - multi-carrier, unreliable"
CHS-FLL,CHS,FLL,470.0,508,"Thin route - long delay tail, high average delay"
CHS-HOU,CHS,HOU,928.0,193,
CHS-IAD,CHS,IAD,442.0,758,"Thin route - reliable, short delay tail"
CHS-IAH,CHS,IAH,925.0,211,
CHS-IND,CHS,IND,585.0,23,
CHS-JFK,CHS,JFK,636.0,785,"Thin route - long delay tail, high average delay"
CHS-LCK,CHS,LCK,503.0,4,
CHS-LGA,CHS,LGA,641.0,1471,"Thin route - long delay tail, high average delay"
CHS-MCI,CHS,MCI,930.0,8,
CHS-MDW,CHS,MDW,745.0,370,"Thin route - reliable, short delay tail"
CHS-MIA,CHS,MIA,489.0,1007,"Trunk route - multi-carrier, unreliable"
CHS-MSP,CHS,MSP,1087.0,318,"Thin route - reliable, short delay tail"
CHS-ORD,CHS,ORD,760.0,2106,"Trunk route - multi-carrier, unreliable"
CHS-PHL,CHS,PHL,550.0,1089,"Trunk route - multi-carrier, unreliable"
CHS-SEA,CHS,SEA,2415.0,347,"Thin route - long-haul, rarely cancels"
CHS-STL,CHS,STL,706.0,159,
CID-ATL,CID,ATL,694.0,367,"Thin route - reliable, short delay tail"
CID-AZA,CID,AZA,1240.0,192,
CID-BNA,CID,BNA,481.0,47,
CID-CLT,CID,CLT,742.0,462,"Thin route - reliable, short delay tail"
CID-DCA,CID,DCA,801.0,363,"Thin route - long delay tail, high average delay"
CID-DEN,CID,DEN,692.0,1127,"Trunk route - multi-carrier, unreliable"
CID-DFW,CID,DFW,685.0,1172,"Thin route - long delay tail, high average delay"
CID-FLL,CID,FLL,1273.0,77,
CID-LAS,CID,LAS,1319.0,115,
CID-LAX,CID,LAX,1550.0,5,
CID-MIA,CID,MIA,1286.0,22,
CID-MSP,CID,MSP,220.0,399,"Thin route - long delay tail, high average delay"
CID-ORD,CID,ORD,196.0,2755,"Trunk route - multi-carrier, unreliable"
CID-PDX,CID,PDX,1557.0,1,
CID-PGD,CID,PGD,1170.0,170,
CID-PHL,CID,PHL,873.0,1,
CID-PHX,CID,PHX,1252.0,771,"Thin route - reliable, short delay tail"
CID-PIE,CID,PIE,1090.0,158,
CID-SFB,CID,SFB,1078.0,165,
CID-SRQ,CID,SRQ,1125.0,28,
CIU-DTW,CIU,DTW,285.0,363,"Thin route - reliable, short delay tail"
CIU-MSP,CIU,MSP,434.0,348,"Thin route - long delay tail, high average delay"
CIU-ORD,CIU,ORD,341.0,111,
CKB-IAD,CKB,IAD,150.0,98,
CKB-MYR,CKB,MYR,394.0,26,
CKB-ORD,CKB,ORD,444.0,109,
CKB-PIE,CKB,PIE,798.0,53,
CKB-SFB,CKB,SFB,727.0,107,
CKB-VPS,CKB,VPS,705.0,11,
CLD-DEN,CLD,DEN,840.0,248,
CLD-PHX,CLD,PHX,306.0,868,"Thin route - reliable, short delay tail"
CLD-SFO,CLD,SFO,422.0,248,
CLE-ATL,CLE,ATL,554.0,3410,"Thin route - reliable, short delay tail"
CLE-AUS,CLE,AUS,1174.0,41,
CLE-BNA,CLE,BNA,448.0,1040,"Thin route - reliable, short delay tail"
CLE-BOS,CLE,BOS,563.0,1650,"Trunk route - multi-carrier, unreliable"
CLE-BWI,CLE,BWI,314.0,970,"Thin route - reliable, short delay tail"
CLE-CLT,CLE,CLT,430.0,1790,"Trunk route - multi-carrier, unreliable"
CLE-DAL,CLE,DAL,1015.0,1,
CLE-DCA,CLE,DCA,310.0,1611,"Thin route - long delay tail, high average delay"
CLE-DEN,CLE,DEN,1201.0,1839,"Thin route - reliable, short delay tail"
CLE-DFW,CLE,DFW,1021.0,1621,"Trunk route - multi-carrier, unreliable"
CLE-DTW,CLE,DTW,95.0,1065,"Trunk route - multi-carrier, unreliable"
CLE-EWR,CLE,EWR,404.0,2162,"Trunk route - multi-carrier, unreliable"
CLE-FLL,CLE,FLL,1062.0,1238,"Trunk route - multi-carrier, unreliable"
CLE-IAD,CLE,IAD,287.0,1046,"Thin route - reliable, short delay tail"
CLE-IAH,CLE,IAH,1091.0,824,"Thin route - reliable, short delay tail"
CLE-JFK,CLE,JFK,425.0,676,"Thin route - reliable, short delay tail"
CLE-LAS,CLE,LAS,1824.0,991,"Thin route - long-haul, rarely cancels"
CLE-LAX,CLE,LAX,2052.0,760,"Thin route - long-haul, rarely cancels"
CLE-LGA,CLE,LGA,419.0,1796,"Thin route - long delay tail, high average delay"
CLE-MCO,CLE,MCO,895.0,2115,"Trunk route - multi-carrier, unreliable"
CLE-MDW,CLE,MDW,307.0,1110,"Thin route - reliable, short delay tail"
CLE-MIA,CLE,MIA,1080.0,872,"Trunk route - multi-carrier, unreliable"
CLE-MKE,CLE,MKE,328.0,1,
CLE-MSP,CLE,MSP,622.0,644,"Thin route - reliable, short delay tail"
CLE-MSY,CLE,MSY,917.0,5,
CLE-MYR,CLE,MYR,557.0,84,
CLE-ORD,CLE,ORD,316.0,4867,"Trunk route - multi-carrier, unreliable"
CLE-PBI,CLE,PBI,1020.0,20,
CLE-PHL,CLE,PHL,363.0,1001,"Trunk route - multi-carrier, unreliable"
CLE-PHX,CLE,PHX,1737.0,988,"Thin route - long-haul, rarely cancels"
CLE-RDU,CLE,RDU,416.0,207,
CLE-RSW,CLE,RSW,1025.0,934,"Thin route - reliable, short delay tail"
CLE-SEA,CLE,SEA,2021.0,456,"Thin route - long delay tail, high average delay"
CLE-SFO,CLE,SFO,2161.0,579,"Thin route - long-haul, rarely cancels"
CLE-SJU,CLE,SJU,1839.0,37,
CLE-SLC,CLE,SLC,1565.0,223,
CLE-SRQ,CLE,SRQ,967.0,117,
CLE-STL,CLE,STL,487.0,698,"Thin route - reliable, short delay tail"
CLE-TPA,CLE,TPA,927.0,1027,"Thin route - reliable, short delay tail"
CLL-BHM,CLL,BHM,600.0,1,
CLL-DFW,CLL,DFW,164.0,1213,"Thin route - reliable, short delay tail"
CLL-GNV,CLL,GNV,845.0,1,
CLT-ABE,CLT,ABE,481.0,856,"Thin route - long delay tail, high average delay"
CLT-ABQ,CLT,ABQ,1449.0,6,
CLT-ACK,CLT,ACK,723.0,23,
CLT-AGS,CLT,AGS,140.0,94,
CLT-ALB,CLT,ALB,646.0,1111,"Thin route - reliable, short delay tail"
CLT-ASE,CLT,ASE,1451.0,48,
CLT-ATL,CLT,ATL,226.0,4382,"Trunk route - multi-carrier, unreliable"
CLT-ATW,CLT,ATW,742.0,394,"Thin route - long delay tail, high average delay"
CLT-AUS,CLT,AUS,1032.0,1657,"Thin route - long delay tail, high average delay"
CLT-AVL,CLT,AVL,91.0,810,"Thin route - long delay tail, high average delay"
CLT-AVP,CLT,AVP,509.0,980,"Thin route - reliable, short delay tail"
CLT-BDL,CLT,BDL,644.0,1677,"Trunk route - multi-carrier, unreliable"
CLT-BGR,CLT,BGR,921.0,278,
CLT-BHM,CLT,BHM,350.0,1757,"Trunk route - multi-carrier, unreliable"
CLT-BNA,CLT,BNA,328.0,3488,"Trunk route - multi-carrier, unreliable"
CLT-BOS,CLT,BOS,728.0,4017,"Trunk route - multi-carrier, unreliable"
CLT-BTR,CLT,BTR,675.0,764,"Trunk route - multi-carrier, unreliable"
CLT-BTV,CLT,BTV,761.0,645,"Thin route - long delay tail, high average delay"
CLT-BUF,CLT,BUF,546.0,1165,"Thin route - long delay tail, high average delay"
CLT-BWI,CLT,BWI,361.0,2958,"Trunk route - multi-carrier, unreliable"
CLT-BZN,CLT,BZN,1736.0,77,
CLT-CAE,CLT,CAE,88.0,242,
CLT-CAK,CLT,CAK,394.0,1415,"Thin route - long delay tail, high average delay"
CLT-CHA,CLT,CHA,241.0,124,
CLT-CHO,CLT,CHO,245.0,4,
CLT-CHS,CLT,CHS,168.0,2500,"Trunk route - multi-carrier, unreliable"
CLT-CID,CLT,CID,742.0,462,"Thin route - long delay tail, high average delay"
CLT-CLE,CLT,CLE,430.0,1790,"Trunk route - multi-carrier, unreliable"
CLT-CMH,CLT,CMH,347.0,2047,"Trunk route - multi-carrier, unreliable"
CLT-COU,CLT,COU,670.0,72,
CLT-CRW,CLT,CRW,221.0,1142,"Thin route - long delay tail, high average delay"
CLT-CVG,CLT,CVG,335.0,1785,"Trunk route - multi-carrier, unreliable"
CLT-DAB,CLT,DAB,416.0,1399,"Thin route - reliable, short delay tail"
CLT-DAL,CLT,DAL,926.0,377,"Thin route - reliable, short delay tail"
CLT-DAY,CLT,DAY,370.0,1368,"Thin route - long delay tail, high average delay"
CLT-DCA,CLT,DCA,331.0,2679,"Thin route - long delay tail, high average delay"
CLT-DEN,CLT,DEN,1337.0,2790,"Trunk route - multi-carrier, unreliable"
CLT-DFW,CLT,DFW,935.0,3868,"Trunk route - multi-carrier, unreliable"
CLT-DSM,CLT,DSM,815.0,809,"Thin route - long delay tail, high average delay"
CLT-DTW,CLT,DTW,500.0,3509,"Trunk route - multi-carrier, unreliable"
CLT-ECP,CLT,ECP,437.0,1119,"Trunk route - multi-carrier, unreliable"
CLT-EGE,CLT,EGE,1455.0,73,
CLT-ERI,CLT,ERI,475.0,39,
CLT-EWN,CLT,EWN,222.0,256,
CLT-EWR,CLT,EWR,529.0,3711,"Trunk route - multi-carrier, unreliable"
CLT-EYW,CLT,EYW,736.0,1259,"Thin route - reliable, short delay tail"
CLT-FAY,CLT,FAY,118.0,233,
CLT-FLL,CLT,FLL,632.0,3020,"Trunk route - multi-carrier, unreliable"
CLT-FWA,CLT,FWA,460.0,8,
CLT-GNV,CLT,GNV,388.0,58,
CLT-GPT,CLT,GPT,577.0,619,"Thin route - reliable, short delay tail"
CLT-GRB,CLT,GRB,744.0,4,
CLT-GRR,CLT,GRR,583.0,1024,"Thin route - long delay tail, high average delay"
CLT-GSO,CLT,GSO,84.0,1191,"Trunk route - multi-carrier, unreliable"
CLT-GSP,CLT,GSP,75.0,1504,"Thin route - long delay tail, high average delay"
CLT-HHH,CLT,HHH,206.0,1164,"Thin route - reliable, short delay tail"
CLT-HOU,CLT,HOU,920.0,14,
CLT-HPN,CLT,HPN,564.0,1338,"Thin route - long delay tail, high average delay"
CLT-HSV,CLT,HSV,333.0,407,"Thin route - reliable, short delay tail"
CLT-IAD,CLT,IAD,322.0,1990,"Trunk route - multi-carrier, unreliable"
CLT-IAH,CLT,IAH,912.0,2327,"Trunk route - multi-carrier, unreliable"
CLT-ILM,CLT,ILM,185.0,1822,"Trunk route - multi-carrier, unreliable"
CLT-IND,CLT,IND,427.0,1958,"Trunk route - multi-carrier, unreliable"
CLT-JAC,CLT,JAC,1685.0,137,
CLT-JAN,CLT,JAN,562.0,328,"Thin route - long delay tail, high average delay"
CLT-JAX,CLT,JAX,328.0,1939,"Thin route - reliable, short delay tail"
CLT-JFK,CLT,JFK,542.0,2004,"Thin route - long delay tail, high average delay"
CLT-LAS,CLT,LAS,1916.0,2087,"Thin route - long-haul, rarely cancels"
CLT-LAX,CLT,LAX,2125.0,2270,"Thin route - long-haul, rarely cancels"
CLT-LEX,CLT,LEX,281.0,1382,"Thin route - reliable, short delay tail"
CLT-LFT,CLT,LFT,729.0,365,"Thin route - long delay tail, high average delay"
CLT-LGA,CLT,LGA,544.0,4253,"Trunk route - multi-carrier, unreliable"
CLT-LIT,CLT,LIT,640.0,1238,"Trunk route - multi-carrier, unreliable"
CLT-LWB,CLT,LWB,185.0,172,
CLT-MCI,CLT,MCI,808.0,1190,"Trunk route - multi-carrier, unreliable"
CLT-MCO,CLT,MCO,468.0,4739,"Trunk route - multi-carrier, unreliable"
CLT-MDT,CLT,MDT,413.0,744,"Thin route - long delay tail, high average delay"
CLT-MDW,CLT,MDW,584.0,719,"Thin route - reliable, short delay tail"
CLT-MEM,CLT,MEM,511.0,1741,"Trunk route - multi-carrier, unreliable"
CLT-MHT,CLT,MHT,738.0,918,"Thin route - long delay tail, high average delay"
CLT-MIA,CLT,MIA,650.0,3718,"Trunk route - multi-carrier, unreliable"
CLT-MKE,CLT,MKE,651.0,959,"Thin route - reliable, short delay tail"
CLT-MLB,CLT,MLB,490.0,1131,"Thin route - reliable, short delay tail"
CLT-MLI,CLT,MLI,673.0,165,
CLT-MOB,CLT,MOB,526.0,11,
CLT-MSN,CLT,MSN,708.0,1012,"Thin route - reliable, short delay tail"
CLT-MSP,CLT,MSP,930.0,2448,"Thin route - reliable, short delay tail"
CLT-MSY,CLT,MSY,650.0,1711,"Trunk route - multi-carrier, unreliable"
CLT-MVY,CLT,MVY,704.0,10,
CLT-MYR,CLT,MYR,157.0,2257,"Trunk route - multi-carrier, unreliable"
CLT-OAJ,CLT,OAJ,191.0,139,
CLT-OKC,CLT,OKC,940.0,811,"Thin route - reliable, short delay tail"
CLT-OMA,CLT,OMA,913.0,1003,"Thin route - reliable, short delay tail"
CLT-ONT,CLT,ONT,2078.0,327,"Thin route - long-haul, rarely cancels"
CLT-ORD,CLT,ORD,599.0,4386,"Trunk route - multi-carrier, unreliable"
CLT-ORF,CLT,ORF,290.0,2470,"Trunk route - multi-carrier, unreliable"
CLT-PBI,CLT,PBI,590.0,1829,"Thin route - reliable, short delay tail"
CLT-PDX,CLT,PDX,2282.0,441,"Thin route - long delay tail, high average delay"
CLT-PHF,CLT,PHF,282.0,3,
CLT-PHL,CLT,PHL,449.0,3520,"Trunk route - multi-carrier, unreliable"
CLT-PHX,CLT,PHX,1773.0,2883,"Thin route - long-haul, rarely cancels"
CLT-PIA,CLT,PIA,607.0,717,"Thin route - long delay tail, high average delay"
CLT-PIT,CLT,PIT,366.0,1957,"Trunk route - multi-carrier, unreliable"
CLT-PNS,CLT,PNS,488.0,1886,"Trunk route - multi-carrier, unreliable"
CLT-PSP,CLT,PSP,2020.0,16,
CLT-PVD,CLT,PVD,684.0,1460,"Thin route - reliable, short delay tail"
CLT-PWM,CLT,PWM,813.0,708,"Thin route - long delay tail, high average delay"
CLT-RAP,CLT,RAP,1322.0,138,
CLT-RDU,CLT,RDU,130.0,3045,"Trunk route - multi-carrier, unreliable"
CLT-RIC,CLT,RIC,257.0,2469,"Trunk route - multi-carrier, unreliable"
CLT-ROA,CLT,ROA,155.0,41,
CLT-ROC,CLT,ROC,573.0,994,"Thin route - long delay tail, high average delay"
CLT-RSW,CLT,RSW,600.0,1777,"Thin route - reliable, short delay tail"
CLT-SAN,CLT,SAN,2077.0,1396,"Thin route - long-haul, rarely cancels"
CLT-SAT,CLT,SAT,1095.0,1379,"Thin route - reliable, short delay tail"
CLT-SAV,CLT,SAV,213.0,2052,"Trunk route - multi-carrier, unreliable"
CLT-SBN,CLT,SBN,534.0,1026,"Thin route - reliable, short delay tail"
CLT-SDF,CLT,SDF,335.0,1757,"Trunk route - multi-carrier, unreliable"
CLT-SEA,CLT,SEA,2279.0,1296,"Thin route - long-haul, rarely cancels"
CLT-SFO,CLT,SFO,2296.0,1500,"Thin route - long-haul, rarely cancels"
CLT-SGF,CLT,SGF,708.0,1192,"Thin route - reliable, short delay tail"
CLT-SHD,CLT,SHD,239.0,165,
CLT-SHV,CLT,SHV,764.0,753,"Thin route - long delay tail, high average delay"
CLT-SJC,CLT,SJC,2274.0,6,
CLT-SJU,CLT,SJU,1475.0,1081,"Thin route - long-haul, rarely cancels"
CLT-SLC,CLT,SLC,1727.0,921,"Thin route - long-haul, rarely cancels"
CLT-SMF,CLT,SMF,2244.0,429,"Thin route - long-haul, rarely cancels"
CLT-SNA,CLT,SNA,2099.0,364,"Thin route - long-haul, rarely cancels"
CLT-SRQ,CLT,SRQ,547.0,1398,"Trunk route - multi-carrier, unreliable"
CLT-STL,CLT,STL,575.0,1834,"Trunk route - multi-carrier, unreliable"
CLT-STT,CLT,STT,1520.0,610,"Thin route - long-haul, rarely cancels"
CLT-STX,CLT,STX,1562.0,119,
CLT-SYR,CLT,SYR,603.0,1094,"Thin route - long delay tail, high average delay"
CLT-TLH,CLT,TLH,386.0,5,
CLT-TPA,CLT,TPA,507.0,3106,"Trunk route - multi-carrier, unreliable"
CLT-TUL,CLT,TUL,842.0,690,"Thin route - reliable, short delay tail"
CLT-TVC,CLT,TVC,702.0,232,
CLT-TYS,CLT,TYS,176.0,892,"Thin route - long delay tail, high average delay"
CLT-VPS,CLT,VPS,460.0,1203,"Thin route - long delay tail, high average delay"
CLT-VRB,CLT,VRB,522.0,170,
CLT-XNA,CLT,XNA,754.0,1461,"Thin route - reliable, short delay tail"
CMH-ATL,CMH,ATL,447.0,3155,"Thin route - reliable, short delay tail"
CMH-AUS,CMH,AUS,1073.0,414,"Thin route - reliable, short delay tail"
CMH-BNA,CMH,BNA,338.0,1040,"Thin route - reliable, short delay tail"
CMH-BOS,CMH,BOS,640.0,2005,"Thin route - reliable, short delay tail"
CMH-BWI,CMH,BWI,337.0,1048,"Thin route - reliable, short delay tail"
CMH-CLT,CMH,CLT,347.0,2046,"Trunk route - multi-carrier, unreliable"
CMH-DAL,CMH,DAL,919.0,535,"Thin route - reliable, short delay tail"
CMH-DCA,CMH,DCA,323.0,2051,"Trunk route - multi-carrier, unreliable"
CMH-DEN,CMH,DEN,1154.0,1769,"Thin route - reliable, short delay tail"
CMH-DFW,CMH,DFW,926.0,1728,"Trunk route - multi-carrier, unreliable"
CMH-DTW,CMH,DTW,155.0,1462,"Thin route - reliable, short delay tail"
CMH-ECP,CMH,ECP,684.0,21,
CMH-EWR,CMH,EWR,463.0,2063,"Thin route - reliable, short delay tail"
CMH-FLL,CMH,FLL,973.0,764,"Thin route - reliable, short delay tail"
CMH-HOU,CMH,HOU,1000.0,354,"Thin route - reliable, short delay tail"
CMH-IAD,CMH,IAD,299.0,979,"Thin route - reliable, short delay tail"
CMH-IAH,CMH,IAH,986.0,522,"Thin route - reliable, short delay tail"
CMH-JFK,CMH,JFK,483.0,1601,"Thin route - reliable, short delay tail"
CMH-LAS,CMH,LAS,1771.0,898,"Thin route - long-haul, rarely cancels"
CMH-LAX,CMH,LAX,1995.0,464,"Thin route - long-haul, rarely cancels"
CMH-LGA,CMH,LGA,479.0,3048,"Trunk route - multi-carrier, unreliable"
CMH-MCI,CMH,MCI,632.0,21,
CMH-MCO,CMH,MCO,802.0,2148,"Trunk route - multi-carrier, unreliable"
CMH-MDW,CMH,MDW,283.0,1239,"Thin route - reliable, short delay tail"
CMH-MIA,CMH,MIA,990.0,1154,"Thin route - reliable, short delay tail"
CMH-MSN,CMH,MSN,398.0,2,
CMH-MSP,CMH,MSP,626.0,850,"Thin route - reliable, short delay tail"
CMH-MYR,CMH,MYR,488.0,18,
CMH-ORD,CMH,ORD,296.0,4930,"Trunk route - multi-carrier, unreliable"
CMH-PHL,CMH,PHL,407.0,1432,"Thin route - reliable, short delay tail"
CMH-PHX,CMH,PHX,1670.0,1148,"Thin route - long-haul, rarely cancels"
CMH-RSW,CMH,RSW,930.0,652,"Thin route - reliable, short delay tail"
CMH-SAN,CMH,SAN,1964.0,194,
CMH-SAT,CMH,SAT,1139.0,1,
CMH-SEA,CMH,SEA,2016.0,464,"Thin route - long-haul, rarely cancels"
CMH-SFO,CMH,SFO,2120.0,322,"Thin route - long delay tail, high average delay"
CMH-SLC,CMH,SLC,1528.0,363,"Thin route - long-haul, rarely cancels"
CMH-SRQ,CMH,SRQ,869.0,232,
CMH-STL,CMH,STL,409.0,673,"Thin route - reliable, short delay tail"
CMH-TPA,CMH,TPA,829.0,901,"Thin route - reliable, short delay tail"
CMI-DFW,CMI,DFW,692.0,719,"Thin route - reliable, short delay tail"
CMI-ORD,CMI,ORD,135.0,1066,"Thin route - long delay tail, high average delay"
CMX-ORD,CMX,ORD,360.0,792,"Thin route - long delay tail, high average delay"
COD-DEN,COD,DEN,391.0,933,"Thin route - long delay tail, high average delay"
COD-ORD,COD,ORD,1077.0,10,
COS-ATL,COS,ATL,1184.0,589,"Thin route - reliable, short delay tail"
COS-AZA,COS,AZA,543.0,66,
COS-BWI,COS,BWI,1503.0,97,
COS-DAL,COS,DAL,602.0,799,"Thin route - reliable, short delay tail"
COS-DEN,COS,DEN,73.0,5008,"Trunk route - multi-carrier, unreliable"
COS-DFW,COS,DFW,592.0,1933,"Trunk route - multi-carrier, unreliable"
COS-HOU,COS,HOU,829.0,193,
COS-IAH,COS,IAH,809.0,247,
COS-LAS,COS,LAS,604.0,861,"Thin route - reliable, short delay tail"
COS-MDW,COS,MDW,917.0,189,
COS-MSP,COS,MSP,725.0,93,
COS-ORD,COS,ORD,911.0,1001,"Thin route - long delay tail, high average delay"
COS-PHX,COS,PHX,551.0,1001,"Thin route - reliable, short delay tail"
COS-PIE,COS,PIE,1472.0,106,
COS-SAN,COS,SAN,816.0,169,
COS-SAT,COS,SAT,732.0,19,
COS-SLC,COS,SLC,411.0,721,"Thin route - reliable, short delay tail"
COS-SNA,COS,SNA,815.0,93,
COU-BHM,COU,BHM,474.0,1,
COU-CLT,COU,CLT,670.0,71,
COU-DEN,COU,DEN,671.0,309,"Thin route - reliable, short delay tail"
COU-DFW,COU,DFW,490.0,1244,"Thin route - reliable, short delay tail"
COU-ORD,COU,ORD,315.0,1976,"Thin route - long delay tail, high average delay"
COU-SFB,COU,SFB,936.0,17,
COU-VPS,COU,VPS,659.0,17,
CPR-DEN,CPR,DEN,230.0,2600,"Thin route - reliable, short delay tail"
CRP-DEN,CRP,DEN,930.0,85,
CRP-DFW,CRP,DFW,355.0,2512,"Trunk route - multi-carrier, unreliable"
CRP-HOU,CRP,HOU,187.0,976,"Thin route - reliable, short delay tail"
CRP-IAH,CRP,IAH,201.0,540,"Thin route - reliable, short delay tail"
CRW-ATL,CRW,ATL,363.0,235,
CRW-CLT,CRW,CLT,221.0,1142,"Thin route - reliable, short delay tail"
CRW-DCA,CRW,DCA,249.0,341,"Thin route - long delay tail, high average delay"
CRW-ORD,CRW,ORD,416.0,948,"Thin route - long delay tail, high average delay"
CSG-ATL,CSG,ATL,83.0,14,
CVG-ATL,CVG,ATL,373.0,3020,"Thin route - reliable, short delay tail"
CVG-AUS,CVG,AUS,958.0,183,
CVG-AZA,CVG,AZA,1553.0,83,
CVG-BNA,CVG,BNA,230.0,521,"Thin route - reliable, short delay tail"
CVG-BOS,CVG,BOS,752.0,1999,"Trunk route - multi-carrier, unreliable"
CVG-BWI,CVG,BWI,430.0,720,"Thin route - reliable, short delay tail"
CVG-CHS,CVG,CHS,497.0,103,
CVG-CLT,CVG,CLT,335.0,1785,"Trunk route - multi-carrier, unreliable"
CVG-DCA,CVG,DCA,411.0,1017,"Thin route - long delay tail, high average delay"
CVG-DEN,CVG,DEN,1069.0,1504,"Trunk route - multi-carrier, unreliable"
CVG-DFW,CVG,DFW,812.0,1708,"Trunk route - multi-carrier, unreliable"
CVG-DTW,CVG,DTW,229.0,24,
CVG-EWR,CVG,EWR,569.0,514,"Thin route - reliable, short delay tail"
CVG-EYW,CVG,EYW,1013.0,108,
CVG-FLL,CVG,FLL,932.0,988,"Trunk route - multi-carrier, unreliable"
CVG-GUF,CVG,GUF,627.0,114,
CVG-IAD,CVG,IAD,388.0,585,"Thin route - reliable, short delay tail"
CVG-IAH,CVG,IAH,871.0,691,"Thin route - reliable, short delay tail"
CVG-JAX,CVG,JAX,613.0,130,
CVG-JFK,CVG,JFK,589.0,681,"Thin route - reliable, short delay tail"
CVG-LAS,CVG,LAS,1678.0,676,"Thin route - long-haul, rarely cancels"
CVG-LAX,CVG,LAX,1900.0,354,"Thin route - long-haul, rarely cancels"
CVG-LGA,CVG,LGA,585.0,316,"Thin route - long delay tail, high average delay"
CVG-MCO,CVG,MCO,757.0,1795,"Trunk route - multi-carrier, unreliable"
CVG-MDW,CVG,MDW,249.0,538,"Thin route - reliable, short delay tail"
CVG-MIA,CVG,MIA,948.0,983,"Trunk route - multi-carrier, unreliable"
CVG-MLB,CVG,MLB,789.0,107,
CVG-MSP,CVG,MSP,596.0,827,"Thin route - reliable, short delay tail"
CVG-MSY,CVG,MSY,701.0,56,
CVG-MYR,CVG,MYR,489.0,129,
CVG-ORD,CVG,ORD,264.0,4655,"Trunk route - multi-carrier, unreliable"
CVG-ORF,CVG,ORF,485.0,4,
CVG-PBI,CVG,PBI,892.0,85,
CVG-PDX,CVG,PDX,1975.0,45,
CVG-PGD,CVG,PGD,850.0,349,"Thin route - reliable, short delay tail"
CVG-PHL,CVG,PHL,507.0,1258,"Trunk route - multi-carrier, unreliable"
CVG-PHX,CVG,PHX,1569.0,607,"Thin route - long-haul, rarely cancels"
CVG-PIE,CVG,PIE,776.0,351,"Thin route - long delay tail, high average delay"
CVG-RSW,CVG,RSW,879.0,671,"Thin route - reliable, short delay tail"
CVG-SAV,CVG,SAV,515.0,191,
CVG-SEA,CVG,SEA,1965.0,793,"Thin route - long-haul, rarely cancels"
CVG-SFB,CVG,SFB,735.0,351,"Thin route - long delay tail, high average delay"
CVG-SLC,CVG,SLC,1450.0,822,"Thin route - long-haul, rarely cancels"
CVG-SNA,CVG,SNA,1877.0,21,
CVG-SRQ,CVG,SRQ,812.0,309,"Thin route - reliable, short delay tail"
CVG-TPA,CVG,TPA,773.0,729,"Thin route - reliable, short delay tail"
CVG-VPS,CVG,VPS,600.0,416,"Thin route - reliable, short delay tail"
CWA-ORD,CWA,ORD,213.0,1004,"Thin route - reliable, short delay tail"
CYS-DEN,CYS,DEN,90.0,730,"Thin route - reliable, short delay tail"
DAB-ATL,DAB,ATL,366.0,1455,"Thin route - reliable, short delay tail"
DAB-BOS,DAB,BOS,1068.0,240,
DAB-CLT,DAB,CLT,416.0,1398,"Thin route - reliable, short delay tail"
DAB-DCA,DAB,DCA,705.0,5,
DAB-DFW,DAB,DFW,981.0,4,
DAB-DTW,DAB,DTW,908.0,2,
DAB-JFK,DAB,JFK,891.0,240,
DAB-LGA,DAB,LGA,897.0,2,
DAL-ABQ,DAL,ABQ,580.0,1626,"Thin route - reliable, short delay tail"
DAL-AMA,DAL,AMA,323.0,1263,"Thin route - reliable, short delay tail"
DAL-ATL,DAL,ATL,721.0,3350,"Trunk route - multi-carrier, unreliable"
DAL-AUS,DAL,AUS,189.0,2336,"Thin route - reliable, short delay tail"
DAL-BDL,DAL,BDL,1463.0,7,
DAL-BHM,DAL,BHM,587.0,979,"Thin route - long delay tail, high average delay"
DAL-BNA,DAL,BNA,623.0,2433,"Thin route - long delay tail, high average delay"
DAL-BOI,DAL,BOI,1282.0,9,
DAL-BOS,DAL,BOS,1554.0,260,
DAL-BUF,DAL,BUF,1206.0,37,
DAL-BUR,DAL,BUR,1243.0,396,"Thin route - long delay tail, high average delay"
DAL-BWI,DAL,BWI,1209.0,1814,"Thin route - reliable, short delay tail"
DAL-BZN,DAL,BZN,1172.0,18,
DAL-CHS,DAL,CHS,977.0,365,"Thin route - long delay tail, high average delay"
DAL-CLE,DAL,CLE,1015.0,1,
DAL-CLT,DAL,CLT,926.0,377,"Thin route - long delay tail, high average delay"
DAL-CMH,DAL,CMH,919.0,537,"Thin route - long delay tail, high average delay"
DAL-COS,DAL,COS,602.0,799,"Thin route - reliable, short delay tail"
DAL-DCA,DAL,DCA,1184.0,1732,"Thin route - long delay tail, high average delay"
DAL-DEN,DAL,DEN,651.0,2985,"Thin route - long delay tail, high average delay"
DAL-ECP,DAL,ECP,674.0,691,"Thin route - long delay tail, high average delay"
DAL-ELP,DAL,ELP,562.0,1769,"Thin route - reliable, short delay tail"
DAL-FAT,DAL,FAT,1325.0,10,
DAL-FLL,DAL,FLL,1108.0,548,"Thin route - long delay tail, high average delay"
DAL-GEG,DAL,GEG,1486.0,18,
DAL-HDN,DAL,HDN,779.0,63,
DAL-HOU,DAL,HOU,239.0,4053,"Trunk route - multi-carrier, unreliable"
DAL-HRL,DAL,HRL,458.0,378,"Thin route - long delay tail, high average delay"
DAL-IND,DAL,IND,755.0,675,"Thin route - long delay tail, high average delay"
DAL-JAX,DAL,JAX,906.0,350,"Thin route - long delay tail, high average delay"
DAL-LAS,DAL,LAS,1067.0,2857,"Thin route - reliable, short delay tail"
DAL-LAX,DAL,LAX,1246.0,1470,"Thin route - long delay tail, high average delay"
DAL-LBB,DAL,LBB,293.0,1506,"Thin route - reliable, short delay tail"
DAL-LGA,DAL,LGA,1381.0,1536,"Thin route - long delay tail, high average delay"
DAL-LGB,DAL,LGB,1232.0,509,"Thin route - long-haul, rarely cancels"
DAL-LIT,DAL,LIT,296.0,1038,"Thin route - reliable, short delay tail"
DAL-MAF,DAL,MAF,319.0,1352,"Thin route - reliable, short delay tail"
DAL-MCI,DAL,MCI,461.0,2055,"Thin route - reliable, short delay tail"
DAL-MCO,DAL,MCO,973.0,2638,"Thin route - long delay tail, high average delay"
DAL-MDW,DAL,MDW,793.0,2179,"Thin route - long delay tail, high average delay"
DAL-MEM,DAL,MEM,423.0,457,"Thin route - reliable, short delay tail"
DAL-MIA,DAL,MIA,1109.0,417,"Thin route - long delay tail, high average delay"
DAL-MKE,DAL,MKE,850.0,401,"Thin route - long delay tail, high average delay"
DAL-MSP,DAL,MSP,853.0,44,
DAL-MSY,DAL,MSY,437.0,2289,"Thin route - reliable, short delay tail"
DAL-MTJ,DAL,MTJ,733.0,50,
DAL-MYR,DAL,MYR,1038.0,47,
DAL-OAK,DAL,OAK,1468.0,417,"Thin route - long delay tail, high average delay"
DAL-OKC,DAL,OKC,181.0,298,
DAL-OMA,DAL,OMA,586.0,433,"Thin route - long delay tail, high average delay"
DAL-ONT,DAL,ONT,1200.0,399,"Thin route - long delay tail, high average delay"
DAL-ORD,DAL,ORD,798.0,450,"Thin route - reliable, short delay tail"
DAL-ORF,DAL,ORF,1203.0,77,
DAL-PBI,DAL,PBI,1091.0,5,
DAL-PDX,DAL,PDX,1626.0,230,
DAL-PHL,DAL,PHL,1295.0,324,"Thin route - long-haul, rarely cancels"
DAL-PHX,DAL,PHX,879.0,2873,"Trunk route - multi-carrier, unreliable"
DAL-PIT,DAL,PIT,1060.0,366,"Thin route - long delay tail, high average delay"
DAL-PNS,DAL,PNS,592.0,490,"Thin route - long delay tail, high average delay"
DAL-PSP,DAL,PSP,1137.0,3,
DAL-PVD,DAL,PVD,1521.0,8,
DAL-RDU,DAL,RDU,1052.0,421,"Thin route - long delay tail, high average delay"
DAL-RNO,DAL,RNO,1356.0,100,
DAL-RSW,DAL,RSW,1005.0,123,
DAL-SAN,DAL,SAN,1182.0,1577,"Thin route - reliable, short delay tail"
DAL-SAT,DAL,SAT,247.0,2741,"Thin route - reliable, short delay tail"
DAL-SAV,DAL,SAV,915.0,328,"Thin route - long delay tail, high average delay"
DAL-SDF,DAL,SDF,725.0,350,"Thin route - reliable, short delay tail"
DAL-SEA,DAL,SEA,1670.0,219,
DAL-SFO,DAL,SFO,1476.0,149,
DAL-SJC,DAL,SJC,1450.0,427,"Thin route - long delay tail, high average delay"
DAL-SLC,DAL,SLC,999.0,674,"Thin route - reliable, short delay tail"
DAL-SMF,DAL,SMF,1442.0,660,"Thin route - long-haul, rarely cancels"
DAL-SNA,DAL,SNA,1216.0,364,"Thin route - long-haul, rarely cancels"
DAL-SRQ,DAL,SRQ,934.0,119,
DAL-STL,DAL,STL,546.0,1939,"Thin route - reliable, short delay tail"
DAL-TPA,DAL,TPA,917.0,1286,"Thin route - long delay tail, high average delay"
DAL-TUL,DAL,TUL,237.0,1049,"Thin route - reliable, short delay tail"
DAL-TUS,DAL,TUS,824.0,221,
DAL-TYS,DAL,TYS,762.0,149,
DAL-VPS,DAL,VPS,630.0,445,"Thin route - reliable, short delay tail"
DAY-ATL,DAY,ATL,432.0,1402,"Thin route - reliable, short delay tail"
DAY-CLT,DAY,CLT,370.0,1369,"Thin route - reliable, short delay tail"
DAY-DCA,DAY,DCA,391.0,964,"Thin route - long delay tail, high average delay"
DAY-DEN,DAY,DEN,1085.0,365,"Thin route - reliable, short delay tail"
DAY-DFW,DAY,DFW,861.0,1356,"Thin route - reliable, short delay tail"
DAY-LGA,DAY,LGA,549.0,23,
DAY-MYR,DAY,MYR,520.0,21,
DAY-ORD,DAY,ORD,240.0,1781,"Thin route - long delay tail, high average delay"
DAY-PGD,DAY,PGD,904.0,95,
DAY-PHL,DAY,PHL,477.0,356,"Thin route - reliable, short delay tail"
DAY-PIE,DAY,PIE,831.0,106,
DAY-SFB,DAY,SFB,785.0,80,
DCA-ACK,DCA,ACK,405.0,283,
DCA-AGS,DCA,AGS,468.0,348,"Thin route - long delay tail, high average delay"
DCA-ALB,DCA,ALB,318.0,1185,"Thin route - long delay tail, high average delay"
DCA-ATL,DCA,ATL,547.0,6801,"Trunk route - multi-carrier, unreliable"
DCA-AUS,DCA,AUS,1315.0,364,"Thin route - long delay tail, high average delay"
DCA-AVL,DCA,AVL,384.0,522,"Thin route - long delay tail, high average delay"
DCA-BDL,DCA,BDL,313.0,1707,"Thin route - long delay tail, high average delay"
DCA-BGR,DCA,BGR,590.0,1116,"Thin route - long delay tail, high average delay"
DCA-BHM,DCA,BHM,653.0,1046,"Thin route - long delay tail, high average delay"
DCA-BNA,DCA,BNA,562.0,4354,"Trunk route - multi-carrier, unreliable"
DCA-BOS,DCA,BOS,399.0,9090,"Trunk route - multi-carrier, unreliable"
DCA-BTR,DCA,BTR,985.0,308,"Thin route - long delay tail, high average delay"
DCA-BTV,DCA,BTV,437.0,1144,"Thin route - long delay tail, high average delay"
DCA-BUF,DCA,BUF,296.0,1134,"Thin route - long delay tail, high average delay"
DCA-CAE,DCA,CAE,408.0,1091,"Thin route - long delay tail, high average delay"
DCA-CAK,DCA,CAK,274.0,324,"Thin route - long delay tail, high average delay"
DCA-CHA,DCA,CHA,523.0,300,"Thin route - long delay tail, high average delay"
DCA-CHS,DCA,CHS,444.0,1751,"Thin route - long delay tail, high average delay"
DCA-CID,DCA,CID,801.0,362,"Thin route - reliable, short delay tail"
DCA-CLE,DCA,CLE,310.0,1610,"Thin route - long delay tail, high average delay"
DCA-CLT,DCA,CLT,331.0,2673,"Trunk route - multi-carrier, unreliable"
DCA-CMH,DCA,CMH,323.0,2052,"Trunk route - multi-carrier, unreliable"
DCA-CRW,DCA,CRW,249.0,340,"Thin route - long delay tail, high average delay"
DCA-CVG,DCA,CVG,411.0,1019,"Thin route - long delay tail, high average delay"
DCA-DAB,DCA,DAB,705.0,5,
DCA-DAL,DCA,DAL,1184.0,1733,"Thin route - long delay tail, high average delay"
DCA-DAY,DCA,DAY,391.0,961,"Thin route - long delay tail, high average delay"
DCA-DEN,DCA,DEN,1476.0,1346,"Thin route - long-haul, rarely cancels"
DCA-DFW,DCA,DFW,1192.0,3301,"Trunk route - multi-carrier, unreliable"
DCA-DSM,DCA,DSM,897.0,702,"Thin route - long delay tail, high average delay"
DCA-DTW,DCA,DTW,405.0,2976,"Trunk route - multi-carrier, unreliable"
DCA-ECP,DCA,ECP,769.0,388,"Thin route - long delay tail, high average delay"
DCA-EWR,DCA,EWR,199.0,278,
DCA-EYW,DCA,EYW,1023.0,590,"Thin route - reliable, short delay tail"
DCA-FLL,DCA,FLL,899.0,2307,"Thin route - long delay tail, high average delay"
DCA-GRB,DCA,GRB,692.0,2,
DCA-GRR,DCA,GRR,524.0,730,"Thin route - long delay tail, high average delay"
DCA-GSO,DCA,GSO,248.0,795,"Thin route - long delay tail, high average delay"
DCA-GSP,DCA,GSP,396.0,1018,"Thin route - long delay tail, high average delay"
DCA-HHH,DCA,HHH,501.0,330,"Thin route - reliable, short delay tail"
DCA-HOU,DCA,HOU,1218.0,1053,"Thin route - reliable, short delay tail"
DCA-HPN,DCA,HPN,234.0,1359,"Thin route - long delay tail, high average delay"
DCA-HSV,DCA,HSV,613.0,1317,"Thin route - long delay tail, high average delay"
DCA-HYA,DCA,HYA,407.0,106,
DCA-IAH,DCA,IAH,1208.0,3277,"Trunk route - multi-carrier, unreliable"
DCA-ICT,DCA,ICT,1110.0,312,"Thin route - long delay tail, high average delay"
DCA-ILM,DCA,ILM,320.0,880,"Thin route - long delay tail, high average delay"
DCA-IND,DCA,IND,500.0,2023,"Trunk route - multi-carrier, unreliable"
DCA-JAN,DCA,JAN,860.0,302,"Thin route - long delay tail, high average delay"
DCA-JAX,DCA,JAX,634.0,1462,"Trunk route - multi-carrier, unreliable"
DCA-JFK,DCA,JFK,213.0,2488,"Trunk route - multi-carrier, unreliable"
DCA-LAN,DCA,LAN,479.0,298,
DCA-LAS,DCA,LAS,2089.0,729,"Thin route - long-haul, rarely cancels"
DCA-LAX,DCA,LAX,2311.0,1454,"Thin route - long-haul, rarely cancels"
DCA-LEX,DCA,LEX,414.0,304,"Thin route - long delay tail, high average delay"
DCA-LGA,DCA,LGA,214.0,4832,"Thin route - long delay tail, high average delay"
DCA-LIT,DCA,LIT,888.0,364,"Thin route - long delay tail, high average delay"
DCA-MCI,DCA,MCI,949.0,1929,"Trunk route - multi-carrier, unreliable"
DCA-MCO,DCA,MCO,759.0,4579,"Trunk route - multi-carrier, unreliable"
DCA-MDW,DCA,MDW,601.0,2099,"Thin route - reliable, short delay tail"
DCA-MEM,DCA,MEM,762.0,1126,"Thin route - long delay tail, high average delay"
DCA-MGM,DCA,MGM,693.0,294,
DCA-MHT,DCA,MHT,406.0,1082,"Thin route - long delay tail, high average delay"
DCA-MIA,DCA,MIA,919.0,3955,"Trunk route - multi-carrier, unreliable"
DCA-MKE,DCA,MKE,634.0,1347,"Trunk route - multi-carrier, unreliable"
DCA-MSN,DCA,MSN,707.0,1213,"Thin route - long delay tail, high average delay"
DCA-MSP,DCA,MSP,931.0,2600,"Trunk route - multi-carrier, unreliable"
DCA-MSY,DCA,MSY,969.0,1947,"Trunk route - multi-carrier, unreliable"
DCA-MVY,DCA,MVY,383.0,271,
DCA-MYR,DCA,MYR,372.0,754,"Trunk route - multi-carrier, unreliable"
DCA-OKC,DCA,OKC,1158.0,691,"Thin route - long delay tail, high average delay"
DCA-OMA,DCA,OMA,1012.0,645,"Thin route - long delay tail, high average delay"
DCA-ORD,DCA,ORD,612.0,7048,"Trunk route - multi-carrier, unreliable"
DCA-ORF,DCA,ORF,142.0,1041,"Thin route - long delay tail, high average delay"
DCA-PBI,DCA,PBI,857.0,1805,"Trunk route - multi-carrier, unreliable"
DCA-PDX,DCA,PDX,2350.0,363,"Thin route - long-haul, rarely cancels"
DCA-PHL,DCA,PHL,120.0,790,"Thin route - long delay tail, high average delay"
DCA-PHX,DCA,PHX,1979.0,1086,"Thin route - long-haul, rarely cancels"
DCA-PIT,DCA,PIT,204.0,1431,"Trunk route - multi-carrier, unreliable"
DCA-PNS,DCA,PNS,816.0,1074,"Thin route - long delay tail, high average delay"
DCA-PVD,DCA,PVD,356.0,2423,"Trunk route - multi-carrier, unreliable"
DCA-PWM,DCA,PWM,482.0,1159,"Thin route - long delay tail, high average delay"
DCA-RDU,DCA,RDU,227.0,2010,"Thin route - long delay tail, high average delay"
DCA-ROC,DCA,ROC,296.0,1032,"Thin route - long delay tail, high average delay"
DCA-RSW,DCA,RSW,892.0,831,"Trunk route - multi-carrier, unreliable"
DCA-SAN,DCA,SAN,2276.0,364,"Thin route - long-haul, rarely cancels"
DCA-SAT,DCA,SAT,1380.0,350,"Thin route - long delay tail, high average delay"
DCA-SAV,DCA,SAV,519.0,1105,"Thin route - long delay tail, high average delay"
DCA-SBN,DCA,SBN,528.0,16,
DCA-SDF,DCA,SDF,474.0,1031,"Trunk route - multi-carrier, unreliable"
DCA-SEA,DCA,SEA,2329.0,1092,"Thin route - long-haul, rarely cancels"
DCA-SFO,DCA,SFO,2442.0,1090,"Thin route - long-haul, rarely cancels"
DCA-SJU,DCA,SJU,1554.0,364,"Thin route - long delay tail, high average delay"
DCA-SLC,DCA,SLC,1851.0,364,"Thin route - long-haul, rarely cancels"
DCA-SRQ,DCA,SRQ,851.0,465,"Thin route - reliable, short delay tail"
DCA-STL,DCA,STL,719.0,2414,"Trunk route - multi-carrier, unreliable"
DCA-SYR,DCA,SYR,298.0,1029,"Thin route - long delay tail, high average delay"
DCA-TLH,DCA,TLH,716.0,365,"Thin route - long delay tail, high average delay"
DCA-TPA,DCA,TPA,814.0,2243,"Trunk route - multi-carrier, unreliable"
DCA-TUL,DCA,TUL,1050.0,400,"Thin route - long delay tail, high average delay"
DCA-TVC,DCA,TVC,599.0,155,
DCA-TYS,DCA,TYS,437.0,1021,"Thin route - long delay tail, high average delay"
DCA-VPS,DCA,VPS,789.0,369,"Thin route - reliable, short delay tail"
DCA-XNA,DCA,XNA,963.0,365,"Thin route - long delay tail, high average delay"
DDC-DEN,DDC,DEN,292.0,627,"Thin route - long delay tail, high average delay"
DEC-ORD,DEC,ORD,156.0,627,"Thin route - long delay tail, high average delay"
DEN-ABE,DEN,ABE,1539.0,46,
DEN-ABI,DEN,ABI,584.0,274,
DEN-ABQ,DEN,ABQ,349.0,3201,"Trunk route - multi-carrier, unreliable"
DEN-ACV,DEN,ACV,1026.0,369,"Thin route - reliable, short delay tail"
DEN-ALB,DEN,ALB,1610.0,319,"Thin route - long delay tail, high average delay"
DEN-AMA,DEN,AMA,359.0,684,"Thin route - reliable, short delay tail"
DEN-ANC,DEN,ANC,2405.0,795,"Thin route - long-haul, rarely cancels"
DEN-ASE,DEN,ASE,125.0,2724,"Thin route - long delay tail, high average delay"
DEN-ATL,DEN,ATL,1199.0,5602,"Trunk route - multi-carrier, unreliable"
DEN-ATW,DEN,ATW,883.0,411,"Thin route - long delay tail, high average delay"
DEN-ATY,DEN,ATY,519.0,362,"Thin route - reliable, short delay tail"
DEN-AUS,DEN,AUS,775.0,5394,"Trunk route - multi-carrier, unreliable"
DEN-AVL,DEN,AVL,1248.0,427,"Thin route - reliable, short delay tail"
DEN-BDL,DEN,BDL,1671.0,890,"Thin route - long-haul, rarely cancels"
DEN-BFF,DEN,BFF,150.0,626,"Thin route - reliable, short delay tail"
DEN-BFL,DEN,BFL,845.0,730,"Thin route - reliable, short delay tail"
DEN-BGR,DEN,BGR,1852.0,5,
DEN-BHM,DEN,BHM,1083.0,1218,"Trunk route - multi-carrier, unreliable"
DEN-BIH,DEN,BIH,760.0,155,
DEN-BIL,DEN,BIL,455.0,1778,"Thin route - reliable, short delay tail"
DEN-BIS,DEN,BIS,516.0,1466,"Thin route - long delay tail, high average delay"
DEN-BNA,DEN,BNA,1013.0,3641,"Trunk route - multi-carrier, unreliable"
DEN-BOI,DEN,BOI,649.0,3037,"Trunk route - multi-carrier, unreliable"
DEN-BOS,DEN,BOS,1754.0,3872,"Trunk route - multi-carrier, unreliable"
DEN-BTM,DEN,BTM,578.0,365,"Thin route - long delay tail, high average delay"
DEN-BTV,DEN,BTV,1639.0,219,
DEN-BUF,DEN,BUF,1359.0,587,"Thin route - long delay tail, high average delay"
DEN-BUR,DEN,BUR,850.0,2173,"Trunk route - multi-carrier, unreliable"
DEN-BWI,DEN,BWI,1491.0,2815,"Trunk route - multi-carrier, unreliable"
DEN-BZN,DEN,BZN,524.0,2721,"Trunk route - multi-carrier, unreliable"
DEN-CHA,DEN,CHA,1118.0,10,
DEN-CHS,DEN,CHS,1449.0,642,"Thin route - long-haul, rarely cancels"
DEN-CID,DEN,CID,692.0,1128,"Thin route - reliable, short delay tail"
DEN-CLD,DEN,CLD,840.0,249,
DEN-CLE,DEN,CLE,1201.0,1841,"Trunk route - multi-carrier, unreliable"
DEN-CLT,DEN,CLT,1337.0,2787,"Trunk route - multi-carrier, unreliable"
DEN-CMH,DEN,CMH,1154.0,1769,"Trunk route - multi-carrier, unreliable"
DEN-COD,DEN,COD,391.0,933,"Thin route - reliable, short delay tail"
DEN-COS,DEN,COS,73.0,5008,"Trunk route - multi-carrier, unreliable"
DEN-COU,DEN,COU,671.0,310,"Thin route - reliable, short delay tail"
DEN-CPR,DEN,CPR,230.0,2600,"Thin route - reliable, short delay tail"
DEN-CRP,DEN,CRP,930.0,85,
DEN-CVG,DEN,CVG,1069.0,1502,"Trunk route - multi-carrier, unreliable"
DEN-CYS,DEN,CYS,90.0,730,"Thin route - reliable, short delay tail"
DEN-DAL,DEN,DAL,651.0,2983,"Trunk route - multi-carrier, unreliable"
DEN-DAY,DEN,DAY,1085.0,365,"Thin route - long delay tail, high average delay"
DEN-DCA,DEN,DCA,1476.0,1347,"Thin route - long-haul, rarely cancels"
DEN-DDC,DEN,DDC,292.0,627,"Thin route - reliable, short delay tail"
DEN-DFW,DEN,DFW,641.0,6036,"Trunk route - multi-carrier, unreliable"
DEN-DIK,DEN,DIK,488.0,685,"Thin route - long delay tail, high average delay"
DEN-DRO,DEN,DRO,251.0,2187,"Thin route - reliable, short delay tail"
DEN-DSM,DEN,DSM,589.0,2331,"Trunk route - multi-carrier, unreliable"
DEN-DTW,DEN,DTW,1123.0,3094,"Trunk route - multi-carrier, unreliable"
DEN-DVL,DEN,DVL,638.0,627,"Thin route - reliable, short delay tail"
DEN-EAR,DEN,EAR,305.0,626,"Thin route - reliable, short delay tail"
DEN-ECP,DEN,ECP,1250.0,208,
DEN-EGE,DEN,EGE,120.0,1171,"Thin route - reliable, short delay tail"
DEN-ELP,DEN,ELP,563.0,1865,"Trunk route - multi-carrier, unreliable"
DEN-EUG,DEN,EUG,996.0,1268,"Trunk route - multi-carrier, unreliable"
DEN-EWR,DEN,EWR,1605.0,3360,"Thin route - long-haul, rarely cancels"
DEN-FAI,DEN,FAI,2430.0,128,
DEN-FAR,DEN,FAR,627.0,1422,"Trunk route - multi-carrier, unreliable"
DEN-FAT,DEN,FAT,844.0,1452,"Thin route - reliable, short delay tail"
DEN-FCA,DEN,FCA,752.0,1010,"Thin route - reliable, short delay tail"
DEN-FLL,DEN,FLL,1703.0,1606,"Thin route - long-haul, rarely cancels"
DEN-FMN,DEN,FMN,289.0,365,"Thin route - reliable, short delay tail"
DEN-FOD,DEN,FOD,576.0,68,
DEN-FSD,DEN,FSD,483.0,1819,"Thin route - reliable, short delay tail"
DEN-GCC,DEN,GCC,313.0,726,"Thin route - reliable, short delay tail"
DEN-GEG,DEN,GEG,836.0,2051,"Trunk route - multi-carrier, unreliable"
DEN-GJT,DEN,GJT,212.0,2256,"Thin route - reliable, short delay tail"
DEN-GRB,DEN,GRB,905.0,6,
DEN-GRR,DEN,GRR,1015.0,1235,"Trunk route - multi-carrier, unreliable"
DEN-GSO,DEN,GSO,1370.0,158,
DEN-GSP,DEN,GSP,1278.0,366,"Thin route - reliable, short delay tail"
DEN-GTF,DEN,GTF,623.0,728,"Thin route - reliable, short delay tail"
DEN-GUC,DEN,GUC,152.0,994,"Thin route - reliable, short delay tail"
DEN-HDN,DEN,HDN,141.0,1426,"Trunk route - multi-carrier, unreliable"
DEN-HLN,DEN,HLN,594.0,814,"Thin route - reliable, short delay tail"
DEN-HNL,DEN,HNL,3365.0,639,"Thin route - long-haul, rarely cancels"
DEN-HOB,DEN,HOB,501.0,364,"Thin route - long delay tail, high average delay"
DEN-HOU,DEN,HOU,883.0,2361,"Thin route - reliable, short delay tail"
DEN-HRL,DEN,HRL,1023.0,3,
DEN-HSV,DEN,HSV,1048.0,728,"Thin route - reliable, short delay tail"
DEN-HYS,DEN,HYS,298.0,627,"Thin route - long delay tail, high average delay"
DEN-IAD,DEN,IAD,1452.0,3463,"Thin route - long-haul, rarely cancels"
DEN-IAH,DEN,IAH,861.0,4715,"Trunk route - multi-carrier, unreliable"
DEN-ICT,DEN,ICT,420.0,2211,"Trunk route - multi-carrier, unreliable"
DEN-IDA,DEN,IDA,458.0,1698,"Thin route - reliable, short delay tail"
DEN-ILM,DEN,ILM,1522.0,13,
DEN-IND,DEN,IND,976.0,2497,"Trunk route - multi-carrier, unreliable"
DEN-JAC,DEN,JAC,406.0,1632,"Thin route - reliable, short delay tail"
DEN-JAX,DEN,JAX,1446.0,1020,"Thin route - long-haul, rarely cancels"
DEN-JFK,DEN,JFK,1626.0,1560,"Thin route - long-haul, rarely cancels"
DEN-JLN,DEN,JLN,582.0,327,"Thin route - long delay tail, high average delay"
DEN-JMS,DEN,JMS,573.0,627,"Thin route - reliable, short delay tail"
DEN-KOA,DEN,KOA,3329.0,370,"Thin route - long-haul, rarely cancels"
DEN-LAR,DEN,LAR,113.0,628,"Thin route - long delay tail, high average delay"
DEN-LAS,DEN,LAS,628.0,7133,"Trunk route - multi-carrier, unreliable"
DEN-LAX,DEN,LAX,862.0,7708,"Trunk route - multi-carrier, unreliable"
DEN-LBB,DEN,LBB,456.0,982,"Thin route - long delay tail, high average delay"
DEN-LBF,DEN,LBF,227.0,627,"Thin route - long delay tail, high average delay"
DEN-LBL,DEN,LBL,280.0,627,"Thin route - reliable, short delay tail"
DEN-LEX,DEN,LEX,1086.0,365,"Thin route - long delay tail, high average delay"
DEN-LGA,DEN,LGA,1620.0,4667,"Trunk route - multi-carrier, unreliable"
DEN-LGB,DEN,LGB,854.0,1005,"Thin route - reliable, short delay tail"
DEN-LIH,DEN,LIH,3414.0,379,"Thin route - long-haul, rarely cancels"
DEN-LIT,DEN,LIT,771.0,1573,"Trunk route - multi-carrier, unreliable"
DEN-LNK,DEN,LNK,423.0,1588,"Thin route - reliable, short delay tail"
DEN-MAF,DEN,MAF,563.0,1504,"Thin route - reliable, short delay tail"
DEN-MCI,DEN,MCI,533.0,4321,"Trunk route - multi-carrier, unreliable"
DEN-MCO,DEN,MCO,1547.0,4542,"Trunk route - multi-carrier, unreliable"
DEN-MDW,DEN,MDW,895.0,2225,"Trunk route - multi-carrier, unreliable"
DEN-MEM,DEN,MEM,872.0,1364,"Trunk route - multi-carrier, unreliable"
DEN-MFR,DEN,MFR,964.0,730,"Thin route - reliable, short delay tail"
DEN-MIA,DEN,MIA,1709.0,2468,"Trunk route - multi-carrier, unreliable"
DEN-MKE,DEN,MKE,896.0,2319,"Trunk route - multi-carrier, unreliable"
DEN-MLI,DEN,MLI,751.0,366,"Thin route - long delay tail, high average delay"
DEN-MOT,DEN,MOT,604.0,1108,"Thin route - long delay tail, high average delay"
DEN-MRY,DEN,MRY,959.0,726,"Thin route - reliable, short delay tail"
DEN-MSN,DEN,MSN,826.0,1101,"Thin route - reliable, short delay tail"
DEN-MSO,DEN,MSO,679.0,1204,"Thin route - reliable, short delay tail"
DEN-MSP,DEN,MSP,680.0,5845,"Trunk route - multi-carrier, unreliable"
DEN-MSY,DEN,MSY,1062.0,2277,"Trunk route - multi-carrier, unreliable"
DEN-MTJ,DEN,MTJ,197.0,1416,"Trunk route - multi-carrier, unreliable"
DEN-MYR,DEN,MYR,1484.0,92,
DEN-OAK,DEN,OAK,957.0,1605,"Thin route - long delay tail, high average delay"
DEN-OGG,DEN,OGG,3302.0,385,"Thin route - long-haul, rarely cancels"
DEN-OKC,DEN,OKC,495.0,3135,"Trunk route - multi-carrier, unreliable"
DEN-OMA,DEN,OMA,472.0,3308,"Trunk route - multi-carrier, unreliable"
DEN-ONT,DEN,ONT,819.0,2642,"Trunk route - multi-carrier, unreliable"
DEN-ORD,DEN,ORD,888.0,6131,"Trunk route - multi-carrier, unreliable"
DEN-ORF,DEN,ORF,1553.0,636,"Thin route - long-haul, rarely cancels"
DEN-OTH,DEN,OTH,1040.0,158,
DEN-PAE,DEN,PAE,1036.0,41,
DEN-PBI,DEN,PBI,1679.0,272,
DEN-PDX,DEN,PDX,991.0,4285,"Trunk route - multi-carrier, unreliable"
DEN-PHL,DEN,PHL,1558.0,3030,"Trunk route - multi-carrier, unreliable"
DEN-PHX,DEN,PHX,602.0,8973,"Trunk route - multi-carrier, unreliable"
DEN-PIA,DEN,PIA,793.0,432,"Thin route - long delay tail, high average delay"
DEN-PIR,DEN,PIR,385.0,661,"Thin route - reliable, short delay tail"
DEN-PIT,DEN,PIT,1290.0,1657,"Trunk route - multi-carrier, unreliable"
DEN-PNS,DEN,PNS,1179.0,629,"Thin route - long-haul, rarely cancels"
DEN-PRC,DEN,PRC,558.0,608,"Thin route - reliable, short delay tail"
DEN-PSC,DEN,PSC,853.0,729,"Thin route - reliable, short delay tail"
DEN-PSP,DEN,PSP,776.0,2026,"Trunk route - multi-carrier, unreliable"
DEN-PVD,DEN,PVD,1737.0,157,
DEN-PWM,DEN,PWM,1782.0,214,
DEN-RAP,DEN,RAP,301.0,2867,"Trunk route - multi-carrier, unreliable"
DEN-RDD,DEN,RDD,932.0,332,"Thin route - reliable, short delay tail"
DEN-RDM,DEN,RDM,898.0,727,"Thin route - reliable, short delay tail"
DEN-RDU,DEN,RDU,1436.0,1742,"Trunk route - multi-carrier, unreliable"
DEN-RIC,DEN,RIC,1481.0,791,"Thin route - long-haul, rarely cancels"
DEN-RIW,DEN,RIW,296.0,728,"Thin route - reliable, short delay tail"
DEN-RKS,DEN,RKS,260.0,728,"Thin route - reliable, short delay tail"
DEN-RNO,DEN,RNO,804.0,2469,"Trunk route - multi-carrier, unreliable"
DEN-ROW,DEN,ROW,452.0,330,"Thin route - reliable, short delay tail"
DEN-RSW,DEN,RSW,1607.0,1153,"Thin route - long-haul, rarely cancels"
DEN-SAF,DEN,SAF,303.0,1653,"Thin route - reliable, short delay tail"
DEN-SAN,DEN,SAN,853.0,6035,"Trunk route - multi-carrier, unreliable"
DEN-SAT,DEN,SAT,794.0,3043,"Trunk route - multi-carrier, unreliable"
DEN-SAV,DEN,SAV,1414.0,373,"Thin route - long-haul, rarely cancels"
DEN-SBA,DEN,SBA,916.0,1073,"Thin route - reliable, short delay tail"
DEN-SBP,DEN,SBP,931.0,724,"Thin route - reliable, short delay tail"
DEN-SCK,DEN,SCK,902.0,9,
DEN-SDF,DEN,SDF,1024.0,1096,"Thin route - reliable, short delay tail"
DEN-SEA,DEN,SEA,1024.0,6317,"Trunk route - multi-carrier, unreliable"
DEN-SFO,DEN,SFO,967.0,5465,"Trunk route - multi-carrier, unreliable"
DEN-SGF,DEN,SGF,637.0,1300,"Thin route - reliable, short delay tail"
DEN-SGU,DEN,SGU,517.0,1074,"Thin route - reliable, short delay tail"
DEN-SHR,DEN,SHR,359.0,766,"Thin route - reliable, short delay tail"
DEN-SHV,DEN,SHV,792.0,436,"Thin route - reliable, short delay tail"
DEN-SJC,DEN,SJC,948.0,2560,"Trunk route - multi-carrier, unreliable"
DEN-SJU,DEN,SJU,2733.0,333,"Thin route - long-haul, rarely cancels"
DEN-SLC,DEN,SLC,391.0,7733,"Trunk route - multi-carrier, unreliable"
DEN-SLN,DEN,SLN,383.0,365,"Thin route - long delay tail, high average delay"
DEN-SMF,DEN,SMF,909.0,3850,"Trunk route - multi-carrier, unreliable"
DEN-SNA,DEN,SNA,846.0,3685,"Trunk route - multi-carrier, unreliable"
DEN-SRQ,DEN,SRQ,1531.0,314,"Thin route - long-haul, rarely cancels"
DEN-STL,DEN,STL,770.0,3695,"Trunk route - multi-carrier, unreliable"
DEN-STS,DEN,STS,977.0,16,
DEN-SUN,DEN,SUN,557.0,630,"Thin route - reliable, short delay tail"
DEN-SUX,DEN,SUX,466.0,518,"Thin route - reliable, short delay tail"
DEN-SYR,DEN,SYR,1492.0,476,"Thin route - long-haul, rarely cancels"
DEN-TPA,DEN,TPA,1506.0,3087,"Trunk route - multi-carrier, unreliable"
DEN-TUL,DEN,TUL,541.0,2452,"Trunk route - multi-carrier, unreliable"
DEN-TUS,DEN,TUS,639.0,2729,"Trunk route - multi-carrier, unreliable"
DEN-TVC,DEN,TVC,1032.0,243,
DEN-TYS,DEN,TYS,1162.0,1001,"Trunk route - multi-carrier, unreliable"
DEN-VPS,DEN,VPS,1210.0,29,
DEN-WYS,DEN,WYS,469.0,207,
DEN-XNA,DEN,XNA,616.0,1314,"Thin route - reliable, short delay tail"
DEN-XWA,DEN,XWA,582.0,1370,"Thin route - reliable, short delay tail"
DFW-ABI,DFW,ABI,158.0,1750,"Thin route - reliable, short delay tail"
DFW-ABQ,DFW,ABQ,569.0,2275,"Thin route - long delay tail, high average delay"
DFW-ACT,DFW,ACT,90.0,1073,"Thin route - reliable, short delay tail"
DFW-AEX,DFW,AEX,285.0,1045,"Thin route - reliable, short delay tail"
DFW-AGS,DFW,AGS,874.0,664,"Thin route - long delay tail, high average delay"
DFW-ALB,DFW,ALB,1434.0,203,
DFW-AMA,DFW,AMA,312.0,2365,"Trunk route - multi-carrier, unreliable"
DFW-ANC,DFW,ANC,3043.0,394,"Thin route - long delay tail, high average delay"
DFW-ASE,DFW,ASE,701.0,1187,"Thin route - long delay tail, high average delay"
DFW-ATL,DFW,ATL,731.0,6690,"Trunk route - multi-carrier, unreliable"
DFW-ATW,DFW,ATW,908.0,425,"Thin route - reliable, short delay tail"
DFW-AUS,DFW,AUS,190.0,4705,"Trunk route - multi-carrier, unreliable"
DFW-AVL,DFW,AVL,848.0,720,"Thin route - long delay tail, high average delay"
DFW-BDL,DFW,BDL,1471.0,681,"Thin route - long delay tail, high average delay"
DFW-BFL,DFW,BFL,1271.0,311,"Thin route - long delay tail, high average delay"
DFW-BHM,DFW,BHM,597.0,2199,"Trunk route - multi-carrier, unreliable"
DFW-BIL,DFW,BIL,1081.0,691,"Thin route - reliable, short delay tail"
DFW-BIS,DFW,BIS,977.0,727,"Thin route - reliable, short delay tail"
DFW-BMI,DFW,BMI,690.0,727,"Thin route - reliable, short delay tail"
DFW-BNA,DFW,BNA,631.0,3536,"Trunk route - multi-carrier, unreliable"
DFW-BOI,DFW,BOI,1272.0,802,"Thin route - long delay tail, high average delay"
DFW-BOS,DFW,BOS,1562.0,3710,"Trunk route - multi-carrier, unreliable"
DFW-BPT,DFW,BPT,270.0,722,"Thin route - long delay tail, high average delay"
DFW-BRO,DFW,BRO,482.0,1423,"Thin route - reliable, short delay tail"
DFW-BTR,DFW,BTR,383.0,2082,"Trunk route - multi-carrier, unreliable"
DFW-BUF,DFW,BUF,1212.0,578,"Thin route - long delay tail, high average delay"
DFW-BUR,DFW,BUR,1231.0,728,"Thin route - long delay tail, high average delay"
DFW-BWI,DFW,BWI,1217.0,1336,"Trunk route - multi-carrier, unreliable"
DFW-BZN,DFW,BZN,1163.0,712,"Thin route - long delay tail, high average delay"
DFW-CAE,DFW,CAE,922.0,985,"Thin route - reliable, short delay tail"
DFW-CHA,DFW,CHA,695.0,1610,"Thin route - long delay tail, high average delay"
DFW-CHS,DFW,CHS,987.0,1224,"Trunk route - multi-carrier, unreliable"
DFW-CID,DFW,CID,685.0,1172,"Thin route - long delay tail, high average delay"
DFW-CLE,DFW,CLE,1021.0,1619,"Thin route - long delay tail, high average delay"
DFW-CLL,DFW,CLL,164.0,1213,"Thin route - reliable, short delay tail"
DFW-CLT,DFW,CLT,935.0,3868,"Trunk route - multi-carrier, unreliable"
DFW-CMH,DFW,CMH,926.0,1728,"Trunk route - multi-carrier, unreliable"
DFW-CMI,DFW,CMI,692.0,719,"Thin route - reliable, short delay tail"
DFW-COS,DFW,COS,592.0,1933,"Trunk route - multi-carrier, unreliable"
DFW-COU,DFW,COU,490.0,1245,"Thin route - reliable, short delay tail"
DFW-CRP,DFW,CRP,355.0,2512,"Trunk route - multi-carrier, unreliable"
DFW-CVG,DFW,CVG,812.0,1707,"Trunk route - multi-carrier, unreliable"
DFW-DAB,DFW,DAB,981.0,3,
DFW-DAY,DFW,DAY,861.0,1354,"Thin route - long delay tail, high average delay"
DFW-DCA,DFW,DCA,1192.0,3299,"Trunk route - multi-carrier, unreliable"
DFW-DEN,DFW,DEN,641.0,6032,"Trunk route - multi-carrier, unreliable"
DFW-DRO,DFW,DRO,674.0,1373,"Thin route - reliable, short delay tail"
DFW-DSM,DFW,DSM,624.0,1436,"Thin route - long delay tail, high average delay"
DFW-DTW,DFW,DTW,986.0,3490,"Trunk route - multi-carrier, unreliable"
DFW-ECP,DFW,ECP,685.0,1289,"Trunk route - multi-carrier, unreliable"
DFW-EGE,DFW,EGE,721.0,874,"Thin route - long delay tail, high average delay"
DFW-ELP,DFW,ELP,551.0,2572,"Thin route - long delay tail, high average delay"
DFW-EUG,DFW,EUG,1606.0,5,
DFW-EVV,DFW,EVV,642.0,967,"Thin route - reliable, short delay tail"
DFW-EWR,DFW,EWR,1372.0,3605,"Trunk route - multi-carrier, unreliable"
DFW-EYW,DFW,EYW,1089.0,332,"Thin route - long delay tail, high average delay"
DFW-FAR,DFW,FAR,967.0,1086,"Thin route - reliable, short delay tail"
DFW-FAT,DFW,FAT,1313.0,1362,"Thin route - long delay tail, high average delay"
DFW-FCA,DFW,FCA,1390.0,262,
DFW-FLG,DFW,FLG,853.0,435,"Thin route - long delay tail, high average delay"
DFW-FLL,DFW,FLL,1119.0,3050,"Trunk route - multi-carrier, unreliable"
DFW-FSD,DFW,FSD,737.0,1086,"Thin route - long delay tail, high average delay"
DFW-FSM,DFW,FSM,227.0,1194,"Thin route - reliable, short delay tail"
DFW-FWA,DFW,FWA,859.0,1031,"Thin route - reliable, short delay tail"
DFW-GCK,DFW,GCK,404.0,726,"Thin route - long delay tail, high average delay"
DFW-GEG,DFW,GEG,1477.0,559,"Thin route - long delay tail, high average delay"
DFW-GGG,DFW,GGG,140.0,718,"Thin route - reliable, short delay tail"
DFW-GJT,DFW,GJT,772.0,1018,"Thin route - reliable, short delay tail"
DFW-GNV,DFW,GNV,900.0,703,"Thin route - reliable, short delay tail"
DFW-GPT,DFW,GPT,500.0,1070,"Thin route - reliable, short delay tail"
DFW-GRI,DFW,GRI,562.0,707,"Thin route - long delay tail, high average delay"
DFW-GRK,DFW,GRK,134.0,1908,"Trunk route - multi-carrier, unreliable"
DFW-GRR,DFW,GRR,931.0,987,"Thin route - long delay tail, high average delay"
DFW-GSO,DFW,GSO,999.0,927,"Thin route - long delay tail, high average delay"
DFW-GSP,DFW,GSP,862.0,1175,"Thin route - long delay tail, high average delay"
DFW-GTR,DFW,GTR,491.0,367,"Thin route - reliable, short delay tail"
DFW-GUC,DFW,GUC,678.0,252,
DFW-HDN,DFW,HDN,769.0,127,
DFW-HNL,DFW,HNL,3784.0,671,"Thin route - long-haul, rarely cancels"
DFW-HOU,DFW,HOU,247.0,2001,"Trunk route - multi-carrier, unreliable"
DFW-HRL,DFW,HRL,461.0,1483,"Thin route - reliable, short delay tail"
DFW-HSV,DFW,HSV,603.0,2065,"Trunk route - multi-carrier, unreliable"
DFW-IAD,DFW,IAD,1172.0,1952,"Trunk route - multi-carrier, unreliable"
DFW-IAH,DFW,IAH,224.0,5805,"Trunk route - multi-carrier, unreliable"
DFW-ICT,DFW,ICT,328.0,2427,"Trunk route - multi-carrier, unreliable"
DFW-IDA,DFW,IDA,1095.0,528,"Thin route - long delay tail, high average delay"
DFW-ILM,DFW,ILM,1106.0,708,"Thin route - long delay tail, high average delay"
DFW-IND,DFW,IND,761.0,2047,"Trunk route - multi-carrier, unreliable"
DFW-JAC,DFW,JAC,1047.0,749,"Thin route - long delay tail, high average delay"
DFW-JAN,DFW,JAN,408.0,1909,"Trunk route - multi-carrier, unreliable"
DFW-JAX,DFW,JAX,917.0,1834,"Thin route - long delay tail, high average delay"
DFW-JFK,DFW,JFK,1391.0,1979,"Trunk route - multi-carrier, unreliable"
DFW-KOA,DFW,KOA,3724.0,122,
DFW-LAS,DFW,LAS,1055.0,5132,"Trunk route - multi-carrier, unreliable"
DFW-LAW,DFW,LAW,140.0,1072,"Thin route - long delay tail, high average delay"
DFW-LAX,DFW,LAX,1235.0,6235,"Trunk route - multi-carrier, unreliable"
DFW-LBB,DFW,LBB,282.0,2622,"Trunk route - multi-carrier, unreliable"
DFW-LCH,DFW,LCH,295.0,1044,"Thin route - reliable, short delay tail"
DFW-LEX,DFW,LEX,785.0,1214,"Trunk route - multi-carrier, unreliable"
DFW-LFT,DFW,LFT,351.0,1666,"Thin route - long delay tail, high average delay"
DFW-LGA,DFW,LGA,1389.0,6705,"Trunk route - multi-carrier, unreliable"
DFW-LIT,DFW,LIT,304.0,2664,"Trunk route - multi-carrier, unreliable"
DFW-LNK,DFW,LNK,549.0,116,
DFW-LRD,DFW,LRD,396.0,1541,"Thin route - reliable, short delay tail"
DFW-MAF,DFW,MAF,309.0,2923,"Trunk route - multi-carrier, unreliable"
DFW-MCI,DFW,MCI,460.0,2528,"Trunk route - multi-carrier, unreliable"
DFW-MCO,DFW,MCO,985.0,4902,"Thin route - long delay tail, high average delay"
DFW-MDT,DFW,MDT,1231.0,365,"Thin route - long delay tail, high average delay"
DFW-MDW,DFW,MDW,797.0,288,
DFW-MEM,DFW,MEM,431.0,2351,"Trunk route - multi-carrier, unreliable"
DFW-MFE,DFW,MFE,469.0,2418,"Thin route - long delay tail, high average delay"
DFW-MGM,DFW,MGM,622.0,1058,"Thin route - long delay tail, high average delay"
DFW-MHK,DFW,MHK,431.0,1088,"Thin route - reliable, short delay tail"
DFW-MIA,DFW,MIA,1121.0,4822,"Trunk route - multi-carrier, unreliable"
DFW-MKE,DFW,MKE,853.0,1083,"Thin route - long delay tail, high average delay"
DFW-MLI,DFW,MLI,691.0,1010,"Thin route - reliable, short delay tail"
DFW-MLU,DFW,MLU,293.0,1135,"Thin route - reliable, short delay tail"
DFW-MOB,DFW,MOB,539.0,1155,"Thin route - reliable, short delay tail"
DFW-MRY,DFW,MRY,1430.0,299,
DFW-MSN,DFW,MSN,821.0,1093,"Thin route - long delay tail, high average delay"
DFW-MSO,DFW,MSO,1320.0,435,"Thin route - long-haul, rarely cancels"
DFW-MSP,DFW,MSP,852.0,3293,"Trunk route - multi-carrier, unreliable"
DFW-MSY,DFW,MSY,448.0,2804,"Trunk route - multi-carrier, unreliable"
DFW-MTJ,DFW,MTJ,722.0,579,"Thin route - reliable, short delay tail"
DFW-MYR,DFW,MYR,1048.0,507,"Thin route - long delay tail, high average delay"
DFW-OGG,DFW,OGG,3710.0,500,"Thin route - long delay tail, high average delay"
DFW-OKC,DFW,OKC,175.0,3169,"Trunk route - multi-carrier, unreliable"
DFW-OMA,DFW,OMA,583.0,1565,"Thin route - long delay tail, high average delay"
DFW-ONT,DFW,ONT,1188.0,2296,"Thin route - long delay tail, high average delay"
DFW-ORD,DFW,ORD,802.0,7001,"Trunk route - multi-carrier, unreliable"
DFW-ORF,DFW,ORF,1212.0,979,"Thin route - long delay tail, high average delay"
DFW-PBI,DFW,PBI,1102.0,1145,"Thin route - long delay tail, high average delay"
DFW-PDX,DFW,PDX,1616.0,2380,"Thin route - long delay tail, high average delay"
DFW-PHL,DFW,PHL,1303.0,3470,"Thin route - long delay tail, high average delay"
DFW-PHX,DFW,PHX,868.0,5230,"Trunk route - multi-carrier, unreliable"
DFW-PIA,DFW,PIA,672.0,1056,"Thin route - long delay tail, high average delay"
DFW-PIT,DFW,PIT,1067.0,1509,"Thin route - long delay tail, high average delay"
DFW-PNS,DFW,PNS,604.0,1723,"Thin route - long delay tail, high average delay"
DFW-PSP,DFW,PSP,1126.0,997,"Thin route - long delay tail, high average delay"
DFW-PVU,DFW,PVU,958.0,727,"Thin route - long delay tail, high average delay"
DFW-PWM,DFW,PWM,1622.0,149,
DFW-RAP,DFW,RAP,835.0,1006,"Thin route - reliable, short delay tail"
DFW-RDM,DFW,RDM,1514.0,33,
DFW-RDU,DFW,RDU,1061.0,2265,"Trunk route - multi-carrier, unreliable"
DFW-RIC,DFW,RIC,1158.0,1078,"Thin route - long delay tail, high average delay"
DFW-RNO,DFW,RNO,1345.0,1264,"Thin route - long delay tail, high average delay"
DFW-ROA,DFW,ROA,1012.0,58,
DFW-ROW,DFW,ROW,435.0,827,"Thin route - reliable, short delay tail"
DFW-RSW,DFW,RSW,1017.0,1339,"Thin route - long delay tail, high average delay"
DFW-SAF,DFW,SAF,551.0,1764,"Trunk route - multi-carrier, unreliable"
DFW-SAN,DFW,SAN,1171.0,3669,"Thin route - long delay tail, high average delay"
DFW-SAT,DFW,SAT,247.0,4376,"Thin route - long delay tail, high average delay"
DFW-SAV,DFW,SAV,925.0,1028,"Thin route - long delay tail, high average delay"
DFW-SBA,DFW,SBA,1316.0,364,"Thin route - long-haul, rarely cancels"
DFW-SBN,DFW,SBN,846.0,984,"Thin route - long delay tail, high average delay"
DFW-SBP,DFW,SBP,1360.0,360,"Thin route - long-haul, rarely cancels"
DFW-SDF,DFW,SDF,733.0,2001,"Trunk route - multi-carrier, unreliable"
DFW-SEA,DFW,SEA,1660.0,5228,"Trunk route - multi-carrier, unreliable"
DFW-SFO,DFW,SFO,1464.0,4179,"Thin route - long delay tail, high average delay"
DFW-SGF,DFW,SGF,364.0,3091,"Trunk route - multi-carrier, unreliable"
DFW-SGU,DFW,SGU,976.0,703,"Thin route - reliable, short delay tail"
DFW-SHV,DFW,SHV,190.0,2125,"Trunk route - multi-carrier, unreliable"
DFW-SJC,DFW,SJC,1438.0,1100,"Thin route - long delay tail, high average delay"
DFW-SJT,DFW,SJT,229.0,1077,"Thin route - reliable, short delay tail"
DFW-SJU,DFW,SJU,2165.0,984,"Thin route - long delay tail, high average delay"
DFW-SLC,DFW,SLC,989.0,3869,"Trunk route - multi-carrier, unreliable"
DFW-SMF,DFW,SMF,1431.0,1631,"Thin route - long delay tail, high average delay"
DFW-SNA,DFW,SNA,1205.0,2936,"Trunk route - multi-carrier, unreliable"
DFW-SPS,DFW,SPS,113.0,729,"Thin route - reliable, short delay tail"
DFW-SRQ,DFW,SRQ,945.0,373,"Thin route - long delay tail, high average delay"
DFW-STL,DFW,STL,550.0,2382,"Trunk route - multi-carrier, unreliable"
DFW-STS,DFW,STS,1495.0,186,
DFW-STT,DFW,STT,2225.0,133,
DFW-SWO,DFW,SWO,225.0,729,"Thin route - long delay tail, high average delay"
DFW-SYR,DFW,SYR,1336.0,327,"Thin route - long delay tail, high average delay"
DFW-TLH,DFW,TLH,767.0,1078,"Thin route - long delay tail, high average delay"
DFW-TPA,DFW,TPA,929.0,2907,"Trunk route - multi-carrier, unreliable"
DFW-TRI,DFW,TRI,868.0,705,"Thin route - reliable, short delay tail"
DFW-TUL,DFW,TUL,237.0,2781,"Trunk route - multi-carrier, unreliable"
DFW-TUS,DFW,TUS,813.0,2190,"Thin route - long delay tail, high average delay"
DFW-TVC,DFW,TVC,1022.0,163,
DFW-TXK,DFW,TXK,181.0,723,"Thin route - reliable, short delay tail"
DFW-TYR,DFW,TYR,102.0,1077,"Thin route - long delay tail, high average delay"
DFW-TYS,DFW,TYS,772.0,1739,"Trunk route - multi-carrier, unreliable"
DFW-VPS,DFW,VPS,641.0,1343,"Thin route - long delay tail, high average delay"
DFW-XNA,DFW,XNA,280.0,3546,"Trunk route - multi-carrier, unreliable"
DFW-YUM,DFW,YUM,1022.0,365,"Thin route - reliable, short delay tail"
DHN-ATL,DHN,ATL,170.0,30,
DIK-DEN,DIK,DEN,488.0,685,"Thin route - long delay tail, high average delay"
DLG-ANC,DLG,ANC,329.0,116,
DLH-MSP,DLH,MSP,144.0,1206,"Thin route - reliable, short delay tail"
DLH-ORD,DLH,ORD,397.0,1223,"Thin route - long delay tail, high average delay"
DRO-DEN,DRO,DEN,251.0,2187,"Thin route - reliable, short delay tail"
DRO-DFW,DRO,DFW,674.0,1371,"Thin route - reliable, short delay tail"
DRO-IAH,DRO,IAH,869.0,63,
DRO-PHX,DRO,PHX,352.0,992,"Thin route - reliable, short delay tail"
DSM-ATL,DSM,ATL,743.0,1252,"Thin route - reliable, short delay tail"
DSM-AUS,DSM,AUS,813.0,105,
DSM-AZA,DSM,AZA,1137.0,180,
DSM-BNA,DSM,BNA,530.0,165,
DSM-BOS,DSM,BOS,1165.0,81,
DSM-BUR,DSM,BUR,1436.0,21,
DSM-CLT,DSM,CLT,815.0,809,"Thin route - reliable, short delay tail"
DSM-DCA,DSM,DCA,897.0,702,"Thin route - long delay tail, high average delay"
DSM-DEN,DSM,DEN,589.0,2330,"Trunk route - multi-carrier, unreliable"
DSM-DFW,DSM,DFW,624.0,1438,"Thin route - long delay tail, high average delay"
DSM-DTW,DSM,DTW,534.0,16,
DSM-EWR,DSM,EWR,1017.0,70,
DSM-FLL,DSM,FLL,1316.0,96,
DSM-GUF,DSM,GUF,844.0,87,
DSM-HOU,DSM,HOU,825.0,20,
DSM-IAH,DSM,IAH,802.0,346,"Thin route - reliable, short delay tail"
DSM-JAX,DSM,JAX,1012.0,53,
DSM-LAS,DSM,LAS,1216.0,595,"Thin route - reliable, short delay tail"
DSM-LAX,DSM,LAX,1447.0,303,"Thin route - long delay tail, high average delay"
DSM-LGA,DSM,LGA,1031.0,261,
DSM-MCO,DSM,MCO,1141.0,20,
DSM-MDW,DSM,MDW,306.0,290,
DSM-MIA,DSM,MIA,1327.0,179,
DSM-MSP,DSM,MSP,232.0,37,
DSM-ORD,DSM,ORD,299.0,3411,"Trunk route - multi-carrier, unreliable"
DSM-PDX,DSM,PDX,1471.0,56,
DSM-PGD,DSM,PGD,1206.0,188,
DSM-PHL,DSM,PHL,973.0,350,"Thin route - long delay tail, high average delay"
DSM-PHX,DSM,PHX,1149.0,1064,"Trunk route - multi-carrier, unreliable"
DSM-PIE,DSM,PIE,1126.0,186,
DSM-RSW,DSM,RSW,1236.0,52,
DSM-SAN,DSM,SAN,1428.0,6,
DSM-SFB,DSM,SFB,1124.0,205,
DSM-SNA,DSM,SNA,1428.0,111,
DSM-SRQ,DSM,SRQ,1160.0,70,
DSM-STL,DSM,STL,259.0,403,"Thin route - reliable, short delay tail"
DSM-VPS,DSM,VPS,860.0,26,
DTW-ABQ,DTW,ABQ,1347.0,4,
DTW-AGS,DTW,AGS,615.0,9,
DTW-ALB,DTW,ALB,489.0,1095,"Thin route - long delay tail, high average delay"
DTW-ANC,DTW,ANC,2986.0,116,
DTW-APN,DTW,APN,198.0,631,"Thin route - reliable, short delay tail"
DTW-ATL,DTW,ATL,594.0,4857,"Trunk route - multi-carrier, unreliable"
DTW-ATW,DTW,ATW,296.0,1069,"Thin route - long delay tail, high average delay"
DTW-AUS,DTW,AUS,1149.0,1320,"Thin route - reliable, short delay tail"
DTW-AZO,DTW,AZO,113.0,1027,"Thin route - long delay tail, high average delay"
DTW-BDL,DTW,BDL,549.0,1267,"Thin route - reliable, short delay tail"
DTW-BGM,DTW,BGM,378.0,267,
DTW-BGR,DTW,BGR,750.0,13,
DTW-BHM,DTW,BHM,625.0,312,"Thin route - long delay tail, high average delay"
DTW-BNA,DTW,BNA,456.0,2420,"Trunk route - multi-carrier, unreliable"
DTW-BOS,DTW,BOS,632.0,2580,"Trunk route - multi-carrier, unreliable"
DTW-BTV,DTW,BTV,537.0,338,"Thin route - long delay tail, high average delay"
DTW-BUF,DTW,BUF,241.0,1207,"Trunk route - multi-carrier, unreliable"
DTW-BWI,DTW,BWI,409.0,2252,"Trunk route - multi-carrier, unreliable"
DTW-BZN,DTW,BZN,1400.0,19,
DTW-CHA,DTW,CHA,505.0,2,
DTW-CHS,DTW,CHS,667.0,571,"Trunk route - multi-carrier, unreliable"
DTW-CIU,DTW,CIU,285.0,363,"Thin route - long delay tail, high average delay"
DTW-CLE,DTW,CLE,95.0,1066,"Thin route - long delay tail, high average delay"
DTW-CLT,DTW,CLT,500.0,3510,"Trunk route - multi-carrier, unreliable"
DTW-CMH,DTW,CMH,155.0,1459,"Thin route - reliable, short delay tail"
DTW-CVG,DTW,CVG,229.0,26,
DTW-DAB,DTW,DAB,908.0,2,
DTW-DCA,DTW,DCA,405.0,2975,"Trunk route - multi-carrier, unreliable"
DTW-DEN,DTW,DEN,1123.0,3095,"Trunk route - multi-carrier, unreliable"
DTW-DFW,DTW,DFW,986.0,3493,"Trunk route - multi-carrier, unreliable"
DTW-DSM,DTW,DSM,534.0,16,
DTW-ELM,DTW,ELM,331.0,925,"Thin route - long delay tail, high average delay"
DTW-ESC,DTW,ESC,306.0,365,"Thin route - long delay tail, high average delay"
DTW-EWR,DTW,EWR,488.0,3705,"Trunk route - multi-carrier, unreliable"
DTW-FLL,DTW,FLL,1127.0,2690,"Trunk route - multi-carrier, unreliable"
DTW-FWA,DTW,FWA,128.0,679,"Thin route - long delay tail, high average delay"
DTW-GRB,DTW,GRB,287.0,875,"Thin route - long delay tail, high average delay"
DTW-GRR,DTW,GRR,120.0,1590,"Thin route - long delay tail, high average delay"
DTW-GSO,DTW,GSO,460.0,368,"Thin route - long delay tail, high average delay"
DTW-GSP,DTW,GSP,508.0,551,"Thin route - long delay tail, high average delay"
DTW-HNL,DTW,HNL,4475.0,289,
DTW-HPN,DTW,HPN,505.0,46,
DTW-HSV,DTW,HSV,554.0,103,
DTW-IAD,DTW,IAD,383.0,1153,"Trunk route - multi-carrier, unreliable"
DTW-IAH,DTW,IAH,1075.0,2105,"Trunk route - multi-carrier, unreliable"
DTW-IMT,DTW,IMT,344.0,365,"Thin route - long delay tail, high average delay"
DTW-IND,DTW,IND,231.0,1016,"Trunk route - multi-carrier, unreliable"
DTW-JAX,DTW,JAX,813.0,637,"Thin route - reliable, short delay tail"
DTW-JFK,DTW,JFK,509.0,1222,"Thin route - reliable, short delay tail"
DTW-LAN,DTW,LAN,74.0,858,"Thin route - long delay tail, high average delay"
DTW-LAS,DTW,LAS,1749.0,2792,"Trunk route - multi-carrier, unreliable"
DTW-LAX,DTW,LAX,1979.0,2449,"Thin route - long-haul, rarely cancels"
DTW-LEX,DTW,LEX,296.0,786,"Thin route - long delay tail, high average delay"
DTW-LGA,DTW,LGA,502.0,3936,"Trunk route - multi-carrier, unreliable"
DTW-LNK,DTW,LNK,701.0,1,
DTW-MBS,DTW,MBS,98.0,1055,"Thin route - reliable, short delay tail"
DTW-MCI,DTW,MCI,629.0,1343,"Trunk route - multi-carrier, unreliable"
DTW-MCO,DTW,MCO,957.0,3645,"Trunk route - multi-carrier, unreliable"
DTW-MDT,DTW,MDT,371.0,314,"Thin route - long delay tail, high average delay"
DTW-MDW,DTW,MDW,228.0,1256,"Thin route - reliable, short delay tail"
DTW-MEM,DTW,MEM,610.0,1012,"Trunk route - multi-carrier, unreliable"
DTW-MIA,DTW,MIA,1145.0,1777,"Trunk route - multi-carrier, unreliable"
DTW-MKE,DTW,MKE,237.0,1498,"Trunk route - multi-carrier, unreliable"
DTW-MQT,DTW,MQT,349.0,364,"Thin route - long delay tail, high average delay"
DTW-MSN,DTW,MSN,311.0,903,"Thin route - long delay tail, high average delay"
DTW-MSP,DTW,MSP,528.0,1914,"Thin route - reliable, short delay tail"
DTW-MSY,DTW,MSY,926.0,811,"Thin route - reliable, short delay tail"
DTW-MYR,DTW,MYR,636.0,394,"Thin route - reliable, short delay tail"
DTW-OKC,DTW,OKC,900.0,6,
DTW-OMA,DTW,OMA,650.0,1145,"Thin route - long delay tail, high average delay"
DTW-ORD,DTW,ORD,235.0,5956,"Trunk route - multi-carrier, unreliable"
DTW-ORF,DTW,ORF,529.0,694,"Thin route - reliable, short delay tail"
DTW-PBI,DTW,PBI,1086.0,475,"Thin route - reliable, short delay tail"
DTW-PDX,DTW,PDX,1953.0,379,"Thin route - long-haul, rarely cancels"
DTW-PHL,DTW,PHL,453.0,2953,"Trunk route - multi-carrier, unreliable"
DTW-PHX,DTW,PHX,1671.0,2396,"Trunk route - multi-carrier, unreliable"
DTW-PIT,DTW,PIT,201.0,984,"Trunk route - multi-carrier, unreliable"
DTW-PLN,DTW,PLN,243.0,659,"Thin route - long delay tail, high average delay"
DTW-PNS,DTW,PNS,837.0,58,
DTW-PVD,DTW,PVD,615.0,821,"Thin route - long delay tail, high average delay"
DTW-PWM,DTW,PWM,668.0,613,"Thin route - reliable, short delay tail"
DTW-RDU,DTW,RDU,501.0,1499,"Thin route - reliable, short delay tail"
DTW-RIC,DTW,RIC,455.0,649,"Thin route - reliable, short delay tail"
DTW-ROC,DTW,ROC,296.0,483,"Thin route - long delay tail, high average delay"
DTW-RSW,DTW,RSW,1084.0,1802,"Trunk route - multi-carrier, unreliable"
DTW-SAN,DTW,SAN,1956.0,1290,"Thin route - long-haul, rarely cancels"
DTW-SAT,DTW,SAT,1214.0,944,"Thin route - reliable, short delay tail"
DTW-SAV,DTW,SAV,705.0,595,"Thin route - reliable, short delay tail"
DTW-SBN,DTW,SBN,157.0,712,"Thin route - long delay tail, high average delay"
DTW-SDF,DTW,SDF,306.0,1128,"Trunk route - multi-carrier, unreliable"
DTW-SEA,DTW,SEA,1927.0,2064,"Thin route - long-haul, rarely cancels"
DTW-SFO,DTW,SFO,2079.0,1796,"Thin route - long delay tail, high average delay"
DTW-SJC,DTW,SJC,2062.0,38,
DTW-SJU,DTW,SJU,1930.0,358,"Thin route - long-haul, rarely cancels"
DTW-SLC,DTW,SLC,1481.0,1558,"Thin route - long-haul, rarely cancels"
DTW-SMF,DTW,SMF,2013.0,200,
DTW-SNA,DTW,SNA,1960.0,345,"Thin route - long-haul, rarely cancels"
DTW-SRQ,DTW,SRQ,1022.0,134,
DTW-STL,DTW,STL,440.0,1894,"Trunk route - multi-carrier, unreliable"
DTW-SYR,DTW,SYR,374.0,691,"Thin route - reliable, short delay tail"
DTW-TPA,DTW,TPA,983.0,2328,"Trunk route - multi-carrier, unreliable"
DTW-TVC,DTW,TVC,207.0,1058,"Thin route - long delay tail, high average delay"
DTW-TYS,DTW,TYS,443.0,1,
DTW-VPS,DTW,VPS,828.0,6,
DTW-XNA,DTW,XNA,715.0,3,
DVL-DEN,DVL,DEN,638.0,627,"Thin route - long delay tail, high average delay"
EAR-DEN,EAR,DEN,305.0,626,"Thin route - reliable, short delay tail"
EAR-ORD,EAR,ORD,583.0,93,
EAU-ORD,EAU,ORD,269.0,626,"Thin route - long delay tail, high average delay"
ECP-ATL,ECP,ATL,240.0,2428,"Thin route - reliable, short delay tail"
ECP-AUS,ECP,AUS,710.0,623,"Thin route - reliable, short delay tail"
ECP-BNA,ECP,BNA,401.0,1078,"Thin route - reliable, short delay tail"
ECP-BWI,ECP,BWI,798.0,44,
ECP-CLT,ECP,CLT,437.0,1118,"Thin route - reliable, short delay tail"
ECP-CMH,ECP,CMH,684.0,21,
ECP-DAL,ECP,DAL,674.0,692,"Thin route - reliable, short delay tail"
ECP-DCA,ECP,DCA,769.0,388,"Thin route - long delay tail, high average delay"
ECP-DEN,ECP,DEN,1250.0,208,
ECP-DFW,ECP,DFW,685.0,1290,"Trunk route - multi-carrier, unreliable"
ECP-HOU,ECP,HOU,570.0,365,"Thin route - reliable, short delay tail"
ECP-IAH,ECP,IAH,572.0,82,
ECP-IND,ECP,IND,646.0,39,
ECP-MCI,ECP,MCI,797.0,99,
ECP-MDW,ECP,MDW,795.0,169,
ECP-ORD,ECP,ORD,810.0,619,"Trunk route - multi-carrier, unreliable"
ECP-PHL,ECP,PHL,886.0,101,
ECP-STL,ECP,STL,634.0,315,"Thin route - reliable, short delay tail"
EGE-ATL,EGE,ATL,1312.0,186,
EGE-CLT,EGE,CLT,1455.0,73,
EGE-DEN,EGE,DEN,120.0,1171,"Thin route - reliable, short delay tail"
EGE-DFW,EGE,DFW,721.0,874,"Thin route - long delay tail, high average delay"
EGE-EWR,EGE,EWR,1725.0,109,
EGE-IAD,EGE,IAD,1572.0,16,
EGE-IAH,EGE,IAH,934.0,206,
EGE-JFK,EGE,JFK,1746.0,125,
EGE-LAX,EGE,LAX,748.0,270,
EGE-MIA,EGE,MIA,1810.0,126,
EGE-MSP,EGE,MSP,788.0,29,
EGE-ORD,EGE,ORD,1007.0,411,"Thin route - long delay tail, high average delay"
EGE-PHX,EGE,PHX,513.0,167,
EGE-SAN,EGE,SAN,745.0,47,
EGE-SEA,EGE,SEA,940.0,38,
EGE-SFO,EGE,SFO,847.0,110,
EKO-SLC,EKO,SLC,200.0,578,"Thin route - reliable, short delay tail"
ELM-DTW,ELM,DTW,331.0,925,"Thin route - reliable, short delay tail"
ELM-MYR,ELM,MYR,595.0,21,
ELM-PGD,ELM,PGD,1089.0,60,
ELM-PIE,ELM,PIE,1035.0,123,
ELM-SFB,ELM,SFB,954.0,161,
ELP-ATL,ELP,ATL,1282.0,724,"Thin route - reliable, short delay tail"
ELP-AUS,ELP,AUS,528.0,1036,"Thin route - reliable, short delay tail"
ELP-BNA,ELP,BNA,1167.0,1,
ELP-DAL,ELP,DAL,562.0,1770,"Thin route - reliable, short delay tail"
ELP-DEN,ELP,DEN,563.0,1864,"Trunk route - multi-carrier, unreliable"
ELP-DFW,ELP,DFW,551.0,2571,"Trunk route - multi-carrier, unreliable"
ELP-HOU,ELP,HOU,677.0,1037,"Thin route - reliable, short delay tail"
ELP-IAH,ELP,IAH,667.0,132,
ELP-LAS,ELP,LAS,584.0,1330,"Thin route - reliable, short delay tail"
ELP-LAX,ELP,LAX,715.0,1279,"Thin route - reliable, short delay tail"
ELP-LGB,ELP,LGB,699.0,39,
ELP-MCO,ELP,MCO,1516.0,34,
ELP-MDW,ELP,MDW,1237.0,211,
ELP-ORD,ELP,ORD,1236.0,727,"Thin route - reliable, short delay tail"
ELP-PHX,ELP,PHX,347.0,2506,"Trunk route - multi-carrier, unreliable"
ELP-SAN,ELP,SAN,636.0,361,"Thin route - reliable, short delay tail"
ELP-SAT,ELP,SAT,496.0,747,"Thin route - reliable, short delay tail"
ERI-CLT,ERI,CLT,475.0,39,
ERI-ORD,ERI,ORD,398.0,57,
ESC-DTW,ESC,DTW,306.0,365,"Thin route - reliable, short delay tail"
ESC-MSP,ESC,MSP,304.0,264,
EUG-AZA,EUG,AZA,971.0,117,
EUG-BUR,EUG,BUR,732.0,242,
EUG-DEN,EUG,DEN,996.0,1267,"Thin route - reliable, short delay tail"
EUG-DFW,EUG,DFW,1606.0,6,
EUG-IND,EUG,IND,1911.0,1,
EUG-LAS,EUG,LAS,700.0,473,"Thin route - long delay tail, high average delay"
EUG-LAX,EUG,LAX,748.0,401,"Thin route - reliable, short delay tail"
EUG-MDT,EUG,MDT,2369.0,1,
EUG-MIA,EUG,MIA,2704.0,1,
EUG-MSN,EUG,MSN,1688.0,2,
EUG-OAK,EUG,OAK,445.0,217,
EUG-OKC,EUG,OKC,1483.0,1,
EUG-ORD,EUG,ORD,1780.0,93,
EUG-PDX,EUG,PDX,105.0,579,"Thin route - reliable, short delay tail"
EUG-PHX,EUG,PHX,952.0,624,"Thin route - reliable, short delay tail"
EUG-SAN,EUG,SAN,850.0,474,"Thin route - reliable, short delay tail"
EUG-SEA,EUG,SEA,234.0,1933,"Thin route - reliable, short delay tail"
EUG-SFO,EUG,SFO,451.0,994,"Thin route - long delay tail, high average delay"
EUG-SJC,EUG,SJC,471.0,262,
EUG-SLC,EUG,SLC,618.0,769,"Thin route - reliable, short delay tail"
EUG-SMF,EUG,SMF,384.0,365,"Thin route - reliable, short delay tail"
EUG-SNA,EUG,SNA,776.0,77,
EVV-ATL,EVV,ATL,350.0,31,
EVV-DFW,EVV,DFW,642.0,967,"Thin route - reliable, short delay tail"
EVV-ORD,EVV,ORD,272.0,699,"Thin route - reliable, short delay tail"
EVV-PIE,EVV,PIE,752.0,94,
EVV-SFB,EVV,SFB,734.0,128,
EVV-VPS,EVV,VPS,524.0,31,
EWN-CLT,EWN,CLT,222.0,256,
EWR-ANC,EWR,ANC,3370.0,104,
EWR-ATL,EWR,ATL,746.0,6271,"Trunk route - multi-carrier, unreliable"
EWR-ATW,EWR,ATW,772.0,20,
EWR-AUS,EWR,AUS,1504.0,2084,"Trunk route - multi-carrier, unreliable"
EWR-AVL,EWR,AVL,583.0,252,
EWR-BGR,EWR,BGR,393.0,483,"Thin route - reliable, short delay tail"
EWR-BHM,EWR,BHM,850.0,27,
EWR-BNA,EWR,BNA,748.0,1876,"Trunk route - multi-carrier, unreliable"
EWR-BOS,EWR,BOS,200.0,3866,"Thin route - long delay tail, high average delay"
EWR-BQN,EWR,BQN,1585.0,365,"Thin route - long-haul, rarely cancels"
EWR-BTV,EWR,BTV,266.0,404,"Thin route - reliable, short delay tail"
EWR-BUF,EWR,BUF,282.0,481,"Thin route - reliable, short delay tail"
EWR-BZN,EWR,BZN,1882.0,375,"Thin route - long-haul, rarely cancels"
EWR-CAE,EWR,CAE,603.0,25,
EWR-CHA,EWR,CHA,718.0,24,
EWR-CHS,EWR,CHS,628.0,1342,"Trunk route - multi-carrier, unreliable"
EWR-CLE,EWR,CLE,404.0,2163,"Trunk route - multi-carrier, unreliable"
EWR-CLT,EWR,CLT,529.0,3708,"Trunk route - multi-carrier, unreliable"
EWR-CMH,EWR,CMH,463.0,2062,"Thin route - reliable, short delay tail"
EWR-CVG,EWR,CVG,569.0,553,"Thin route - reliable, short delay tail"
EWR-DCA,EWR,DCA,199.0,279,
EWR-DEN,EWR,DEN,1605.0,3365,"Thin route - long-haul, rarely cancels"
EWR-DFW,EWR,DFW,1372.0,3603,"Trunk route - multi-carrier, unreliable"
EWR-DSM,EWR,DSM,1017.0,71,
EWR-DTW,EWR,DTW,488.0,3723,"Trunk route - multi-carrier, unreliable"
EWR-EGE,EWR,EGE,1725.0,109,
EWR-EYW,EWR,EYW,1196.0,460,"Thin route - reliable, short delay tail"
EWR-FCA,EWR,FCA,2024.0,7,
EWR-FLL,EWR,FLL,1065.0,4721,"Trunk route - multi-carrier, unreliable"
EWR-FNT,EWR,FNT,518.0,10,
EWR-GRR,EWR,GRR,605.0,863,"Thin route - reliable, short delay tail"
EWR-GSO,EWR,GSO,445.0,188,
EWR-GSP,EWR,GSP,594.0,776,"Thin route - reliable, short delay tail"
EWR-HDN,EWR,HDN,1728.0,97,
EWR-HHH,EWR,HHH,687.0,211,
EWR-HNL,EWR,HNL,4962.0,108,
EWR-IAD,EWR,IAD,212.0,1534,"Thin route - long delay tail, high average delay"
EWR-IAH,EWR,IAH,1400.0,3766,"Trunk route - multi-carrier, unreliable"
EWR-ILM,EWR,ILM,488.0,387,"Thin route - reliable, short delay tail"
EWR-IND,EWR,IND,645.0,2221,"Trunk route - multi-carrier, unreliable"
EWR-JAC,EWR,JAC,1874.0,289,
EWR-JAX,EWR,JAX,820.0,1377,"Thin route - reliable, short delay tail"
EWR-LAS,EWR,LAS,2227.0,2931,"Thin route - long-haul, rarely cancels"
EWR-LAX,EWR,LAX,2454.0,4845,"Trunk route - multi-carrier, unreliable"
EWR-MCI,EWR,MCI,1092.0,490,"Thin route - reliable, short delay tail"
EWR-MCO,EWR,MCO,937.0,6533,"Trunk route - multi-carrier, unreliable"
EWR-MDW,EWR,MDW,711.0,71,
EWR-MEM,EWR,MEM,946.0,484,"Thin route - reliable, short delay tail"
EWR-MIA,EWR,MIA,1085.0,3952,"Trunk route - multi-carrier, unreliable"
EWR-MKE,EWR,MKE,725.0,851,"Thin route - reliable, short delay tail"
EWR-MSN,EWR,MSN,799.0,435,"Thin route - long delay tail, high average delay"
EWR-MSP,EWR,MSP,1008.0,2220,"Trunk route - multi-carrier, unreliable"
EWR-MSY,EWR,MSY,1167.0,1227,"Trunk route - multi-carrier, unreliable"
EWR-MTJ,EWR,MTJ,1795.0,76,
EWR-MYR,EWR,MYR,550.0,972,"Trunk route - multi-carrier, unreliable"
EWR-OGG,EWR,OGG,4903.0,3,
EWR-OMA,EWR,OMA,1134.0,4,
EWR-ORD,EWR,ORD,719.0,6066,"Trunk route - multi-carrier, unreliable"
EWR-ORF,EWR,ORF,284.0,822,"Thin route - reliable, short delay tail"
EWR-PBI,EWR,PBI,1024.0,3609,"Trunk route - multi-carrier, unreliable"
EWR-PDX,EWR,PDX,2434.0,899,"Thin route - long-haul, rarely cancels"
EWR-PHX,EWR,PHX,2133.0,2478,"Thin route - long-haul, rarely cancels"
EWR-PIT,EWR,PIT,319.0,1808,"Trunk route - multi-carrier, unreliable"
EWR-PSP,EWR,PSP,2358.0,115,
EWR-PWM,EWR,PWM,284.0,980,"Thin route - reliable, short delay tail"
EWR-RDU,EWR,RDU,416.0,1986,"Trunk route - multi-carrier, unreliable"
EWR-RIC,EWR,RIC,277.0,485,"Thin route - reliable, short delay tail"
EWR-RNO,EWR,RNO,2390.0,3,
EWR-ROC,EWR,ROC,246.0,646,"Thin route - reliable, short delay tail"
EWR-RSW,EWR,RSW,1068.0,1985,"Thin route - reliable, short delay tail"
EWR-SAN,EWR,SAN,2425.0,1560,"Thin route - long-haul, rarely cancels"
EWR-SAT,EWR,SAT,1569.0,575,"Thin route - long-haul, rarely cancels"
EWR-SAV,EWR,SAV,708.0,1112,"Thin route - reliable, short delay tail"
EWR-SBN,EWR,SBN,637.0,7,
EWR-SDF,EWR,SDF,642.0,992,"Thin route - reliable, short delay tail"
EWR-SEA,EWR,SEA,2402.0,2263,"Thin route - long-haul, rarely cancels"
EWR-SFO,EWR,SFO,2565.0,4373,"Thin route - long delay tail, high average delay"
EWR-SJC,EWR,SJC,2548.0,5,
EWR-SJU,EWR,SJU,1608.0,2085,"Trunk route - multi-carrier, unreliable"
EWR-SLC,EWR,SLC,1969.0,1337,"Thin route - long-haul, rarely cancels"
EWR-SMF,EWR,SMF,2500.0,283,
EWR-SNA,EWR,SNA,2433.0,1091,"Thin route - long-haul, rarely cancels"
EWR-SRQ,EWR,SRQ,1034.0,929,"Thin route - reliable, short delay tail"
EWR-STL,EWR,STL,872.0,1074,"Thin route - reliable, short delay tail"
EWR-STT,EWR,STT,1634.0,247,
EWR-SYR,EWR,SYR,194.0,270,
EWR-TPA,EWR,TPA,997.0,2575,"Thin route - reliable, short delay tail"
EWR-TVC,EWR,TVC,644.0,37,
EWR-TYS,EWR,TYS,631.0,146,
EWR-VPS,EWR,VPS,988.0,116,
EWR-XNA,EWR,XNA,1131.0,2,
EYW-ATL,EYW,ATL,646.0,1460,"Thin route - reliable, short delay tail"
EYW-AVL,EYW,AVL,751.0,107,
EYW-BNA,EYW,BNA,849.0,1,
EYW-BOS,EYW,BOS,1373.0,220,
EYW-CLT,EYW,CLT,736.0,1259,"Thin route - reliable, short delay tail"
EYW-CVG,EYW,CVG,1013.0,108,
EYW-DCA,EYW,DCA,1023.0,590,"Thin route - reliable, short delay tail"
EYW-DFW,EYW,DFW,1089.0,332,"Thin route - long delay tail, high average delay"
EYW-EWR,EYW,EWR,1196.0,460,"Thin route - long delay tail, high average delay"
EYW-FLL,EYW,FLL,145.0,102,
EYW-IAD,EYW,IAD,1024.0,114,
EYW-IND,EYW,IND,1078.0,83,
EYW-LCK,EYW,LCK,1054.0,21,
EYW-LGA,EYW,LGA,1207.0,359,"Thin route - long delay tail, high average delay"
EYW-MIA,EYW,MIA,126.0,1250,"Thin route - reliable, short delay tail"
EYW-ORD,EYW,ORD,1251.0,775,"Thin route - long delay tail, high average delay"
EYW-PHL,EYW,PHL,1122.0,493,"Thin route - long delay tail, high average delay"
EYW-PIE,EYW,PIE,238.0,313,"Thin route - reliable, short delay tail"
EYW-PIT,EYW,PIT,1102.0,98,
EYW-SFB,EYW,SFB,292.0,116,
EYW-TYS,EYW,TYS,787.0,87,
FAI-ANC,FAI,ANC,261.0,1416,"Thin route - reliable, short delay tail"
FAI-DEN,FAI,DEN,2430.0,127,
FAI-MSP,FAI,MSP,2466.0,93,
FAI-ORD,FAI,ORD,2785.0,148,
FAI-PDX,FAI,PDX,1640.0,52,
FAI-SEA,FAI,SEA,1533.0,2290,"Thin route - long-haul, rarely cancels"
FAI-SLC,FAI,SLC,2183.0,39,
FAR-ATL,FAR,ATL,1123.0,208,
FAR-AZA,FAR,AZA,1220.0,372,"Thin route - reliable, short delay tail"
FAR-BNA,FAR,BNA,910.0,104,
FAR-DEN,FAR,DEN,627.0,1419,"Thin route - long delay tail, high average delay"
FAR-DFW,FAR,DFW,967.0,1086,"Thin route - reliable, short delay tail"
FAR-LAS,FAR,LAS,1205.0,140,
FAR-MSP,FAR,MSP,223.0,1276,"Thin route - reliable, short delay tail"
FAR-ORD,FAR,ORD,557.0,2054,"Thin route - long delay tail, high average delay"
FAR-PHX,FAR,PHX,1225.0,102,
FAR-PIE,FAR,PIE,1519.0,57,
FAR-SFB,FAR,SFB,1508.0,75,
FAT-ATL,FAT,ATL,1997.0,30,
FAT-DAL,FAT,DAL,1325.0,10,
FAT-DEN,FAT,DEN,844.0,1449,"Thin route - reliable, short delay tail"
FAT-DFW,FAT,DFW,1313.0,1362,"Thin route - reliable, short delay tail"
FAT-LAS,FAT,LAS,259.0,1714,"Thin route - reliable, short delay tail"
FAT-LAX,FAT,LAX,209.0,982,"Thin route - reliable, short delay tail"
FAT-ORD,FAT,ORD,1730.0,195,
FAT-PDX,FAT,PDX,626.0,586,"Thin route - reliable, short delay tail"
FAT-PHX,FAT,PHX,493.0,1475,"Trunk route - multi-carrier, unreliable"
FAT-SAN,FAT,SAN,314.0,1774,"Trunk route - multi-carrier, unreliable"
FAT-SEA,FAT,SEA,748.0,926,"Thin route - reliable, short delay tail"
FAT-SFO,FAT,SFO,158.0,1250,"Thin route - long delay tail, high average delay"
FAT-SLC,FAT,SLC,501.0,1366,"Thin route - reliable, short delay tail"
FAY-ATL,FAY,ATL,330.0,84,
FAY-CLT,FAY,CLT,118.0,233,
FCA-AUS,FCA,AUS,1527.0,11,
FCA-AZA,FCA,AZA,1044.0,95,
FCA-DEN,FCA,DEN,752.0,1010,"Thin route - reliable, short delay tail"
FCA-DFW,FCA,DFW,1390.0,262,
FCA-EWR,FCA,EWR,2024.0,7,
FCA-IAH,FCA,IAH,1613.0,10,
FCA-LAS,FCA,LAS,846.0,104,
FCA-LAX,FCA,LAX,1015.0,141,
FCA-LGA,FCA,LGA,2035.0,11,
FCA-MSP,FCA,MSP,1025.0,466,"Thin route - reliable, short delay tail"
FCA-OAK,FCA,OAK,834.0,3,
FCA-ORD,FCA,ORD,1352.0,532,"Thin route - long delay tail, high average delay"
FCA-PDX,FCA,PDX,437.0,48,
FCA-PHX,FCA,PHX,1033.0,13,
FCA-SAN,FCA,SAN,1086.0,11,
FCA-SEA,FCA,SEA,379.0,30,
FCA-SFO,FCA,SFO,844.0,250,
FCA-SLC,FCA,SLC,532.0,1111,"Thin route - reliable, short delay tail"
FLG-DFW,FLG,DFW,853.0,435,"Thin route - long delay tail, high average delay"
FLG-PHX,FLG,PHX,119.0,1202,"Thin route - long delay tail, high average delay"
FLL-ABE,FLL,ABE,1041.0,108,
FLL-ACY,FLL,ACY,977.0,546,"Thin route - long delay tail, high average delay"
FLL-ALB,FLL,ALB,1204.0,590,"Thin route - long delay tail, high average delay"
FLL-ATL,FLL,ATL,581.0,7260,"Trunk route - multi-carrier, unreliable"
FLL-ATW,FLL,ATW,1338.0,87,
FLL-AUS,FLL,AUS,1105.0,1166,"Thin route - long delay tail, high average delay"
FLL-AVL,FLL,AVL,661.0,659,"Thin route - long delay tail, high average delay"
FLL-BDL,FLL,BDL,1173.0,722,"Thin route - long delay tail, high average delay"
FLL-BGR,FLL,BGR,1438.0,25,
FLL-BHM,FLL,BHM,650.0,39,
FLL-BLV,FLL,BLV,1028.0,59,
FLL-BNA,FLL,BNA,793.0,2147,"Trunk route - multi-carrier, unreliable"
FLL-BOS,FLL,BOS,1237.0,3347,"Thin route - long delay tail, high average delay"
FLL-BQN,FLL,BQN,982.0,379,"Thin route - long delay tail, high average delay"
FLL-BUF,FLL,BUF,1166.0,555,"Thin route - long delay tail, high average delay"
FLL-BWI,FLL,BWI,925.0,3118,"Trunk route - multi-carrier, unreliable"
FLL-BZN,FLL,BZN,2183.0,3,
FLL-CAE,FLL,CAE,545.0,100,
FLL-CAK,FLL,CAK,1026.0,72,
FLL-CHA,FLL,CHA,687.0,72,
FLL-CHS,FLL,CHS,470.0,506,"Thin route - long delay tail, high average delay"
FLL-CID,FLL,CID,1273.0,77,
FLL-CLE,FLL,CLE,1062.0,1239,"Trunk route - multi-carrier, unreliable"
FLL-CLT,FLL,CLT,632.0,3022,"Trunk route - multi-carrier, unreliable"
FLL-CMH,FLL,CMH,973.0,764,"Thin route - long delay tail, high average delay"
FLL-CVG,FLL,CVG,932.0,988,"Thin route - long delay tail, high average delay"
FLL-DAL,FLL,DAL,1108.0,547,"Thin route - reliable, short delay tail"
FLL-DCA,FLL,DCA,899.0,2307,"Thin route - long delay tail, high average delay"
FLL-DEN,FLL,DEN,1703.0,1607,"Thin route - long-haul, rarely cancels"
FLL-DFW,FLL,DFW,1119.0,3055,"Trunk route - multi-carrier, unreliable"
FLL-DSM,FLL,DSM,1316.0,96,
FLL-DTW,FLL,DTW,1127.0,2704,"Trunk route - multi-carrier, unreliable"
FLL-EWR,FLL,EWR,1065.0,4716,"Trunk route - multi-carrier, unreliable"
FLL-EYW,FLL,EYW,145.0,102,
FLL-FNT,FLL,FNT,1182.0,18,
FLL-FSD,FLL,FSD,1526.0,44,
FLL-FWA,FLL,FWA,1067.0,73,
FLL-GRR,FLL,GRR,1198.0,111,
FLL-GSP,FLL,GSP,620.0,131,
FLL-HDN,FLL,HDN,1843.0,32,
FLL-HOU,FLL,HOU,957.0,811,"Thin route - long delay tail, high average delay"
FLL-HPN,FLL,HPN,1097.0,880,"Thin route - long delay tail, high average delay"
FLL-HSV,FLL,HSV,710.0,74,
FLL-HTS,FLL,HTS,859.0,71,
FLL-IAD,FLL,IAD,901.0,782,"Thin route - reliable, short delay tail"
FLL-IAH,FLL,IAH,966.0,2816,"Trunk route - multi-carrier, unreliable"
FLL-IND,FLL,IND,1005.0,1020,"Thin route - long delay tail, high average delay"
FLL-ISP,FLL,ISP,1092.0,406,"Thin route - long delay tail, high average delay"
FLL-JAX,FLL,JAX,319.0,89,
FLL-JFK,FLL,JFK,1069.0,3888,"Thin route - long delay tail, high average delay"
FLL-LAS,FLL,LAS,2173.0,1038,"Thin route - long-haul, rarely cancels"
FLL-LAX,FLL,LAX,2343.0,2297,"Thin route - long-haul, rarely cancels"
FLL-LBB,FLL,LBB,1398.0,1,
FLL-LBE,FLL,LBE,980.0,26,
FLL-LCK,FLL,LCK,961.0,85,
FLL-LEX,FLL,LEX,865.0,125,
FLL-LGA,FLL,LGA,1076.0,4690,"Thin route - long delay tail, high average delay"
FLL-MCI,FLL,MCI,1242.0,551,"Thin route - long-haul, rarely cancels"
FLL-MCO,FLL,MCO,177.0,1448,"Trunk route - multi-carrier, unreliable"
FLL-MDT,FLL,MDT,993.0,55,
FLL-MDW,FLL,MDW,1167.0,1124,"Thin route - long delay tail, high average delay"
FLL-MEM,FLL,MEM,851.0,207,
FLL-MHT,FLL,MHT,1262.0,110,
FLL-MKE,FLL,MKE,1243.0,84,
FLL-MSP,FLL,MSP,1487.0,709,"Thin route - long-haul, rarely cancels"
FLL-MSY,FLL,MSY,673.0,1411,"Thin route - long delay tail, high average delay"
FLL-MYR,FLL,MYR,529.0,247,
FLL-OMA,FLL,OMA,1383.0,13,
FLL-ORD,FLL,ORD,1182.0,3464,"Trunk route - multi-carrier, unreliable"
FLL-ORF,FLL,ORF,781.0,419,"Thin route - long delay tail, high average delay"
FLL-ORH,FLL,ORH,1211.0,319,"Thin route - long delay tail, high average delay"
FLL-PBG,FLL,PBG,1334.0,138,
FLL-PDX,FLL,PDX,2694.0,10,
FLL-PHL,FLL,PHL,993.0,3508,"Trunk route - multi-carrier, unreliable"
FLL-PHX,FLL,PHX,1972.0,570,"Thin route - long-haul, rarely cancels"
FLL-PIT,FLL,PIT,994.0,1109,"Thin route - long delay tail, high average delay"
FLL-PNS,FLL,PNS,525.0,239,
FLL-PSE,FLL,PSE,1032.0,23,
FLL-PVD,FLL,PVD,1188.0,538,"Thin route - long delay tail, high average delay"
FLL-PWM,FLL,PWM,1332.0,10,
FLL-RDU,FLL,RDU,680.0,1353,"Trunk route - multi-carrier, unreliable"
FLL-RFD,FLL,RFD,1222.0,49,
FLL-RIC,FLL,RIC,806.0,809,"Thin route - long delay tail, high average delay"
FLL-RNO,FLL,RNO,2461.0,3,
FLL-ROC,FLL,ROC,1183.0,55,
FLL-SAN,FLL,SAN,2269.0,172,
FLL-SAT,FLL,SAT,1145.0,225,
FLL-SAV,FLL,SAV,422.0,94,
FLL-SBN,FLL,SBN,1134.0,97,
FLL-SDF,FLL,SDF,895.0,297,
FLL-SEA,FLL,SEA,2717.0,826,"Thin route - long-haul, rarely cancels"
FLL-SFO,FLL,SFO,2584.0,1245,"Thin route - long-haul, rarely cancels"
FLL-SJU,FLL,SJU,1046.0,2338,"Trunk route - multi-carrier, unreliable"
FLL-SLC,FLL,SLC,2084.0,376,"Thin route - long-haul, rarely cancels"
FLL-STL,FLL,STL,1057.0,828,"Thin route - reliable, short delay tail"
FLL-STT,FLL,STT,1107.0,258,
FLL-STX,FLL,STX,1140.0,127,
FLL-SWF,FLL,SWF,1118.0,85,
FLL-SYR,FLL,SYR,1197.0,299,
FLL-TPA,FLL,TPA,197.0,1423,"Thin route - long delay tail, high average delay"
FLL-TTN,FLL,TTN,1026.0,60,
FLL-TVC,FLL,TVC,1322.0,32,
FLL-TYS,FLL,TYS,709.0,481,"Thin route - long delay tail, high average delay"
FLL-USA,FLL,USA,643.0,169,
FLL-XNA,FLL,XNA,1092.0,82,
FMN-DEN,FMN,DEN,289.0,365,"Thin route - reliable, short delay tail"
FNT-AZA,FNT,AZA,1650.0,110,
FNT-BNA,FNT,BNA,497.0,94,
FNT-EWR,FNT,EWR,518.0,10,
FNT-FLL,FNT,FLL,1182.0,18,
FNT-JAX,FNT,JAX,867.0,83,
FNT-LAS,FNT,LAS,1733.0,105,
FNT-ORD,FNT,ORD,223.0,1918,"Thin route - long delay tail, high average delay"
FNT-PDX,FNT,PDX,1917.0,22,
FNT-PGD,FNT,PGD,1111.0,336,"Thin route - reliable, short delay tail"
FNT-PIE,FNT,PIE,1040.0,275,
FNT-SFB,FNT,SFB,988.0,322,"Thin route - reliable, short delay tail"
FNT-SRQ,FNT,SRQ,1075.0,177,
FNT-VPS,FNT,VPS,874.0,83,
FOD-DEN,FOD,DEN,576.0,68,
FOD-ORD,FOD,ORD,324.0,571,"Thin route - long delay tail, high average delay"
FSD-ATL,FSD,ATL,954.0,365,"Thin route - reliable, short delay tail"
FSD-AZA,FSD,AZA,1072.0,371,"Thin route - reliable, short delay tail"
FSD-BNA,FSD,BNA,741.0,105,
FSD-DEN,FSD,DEN,483.0,1820,"Trunk route - multi-carrier, unreliable"
FSD-DFW,FSD,DFW,737.0,1085,"Thin route - long delay tail, high average delay"
FSD-FLL,FSD,FLL,1526.0,44,
FSD-LAS,FSD,LAS,1104.0,174,
FSD-LAX,FSD,LAX,1340.0,4,
FSD-MSP,FSD,MSP,196.0,1346,"Thin route - reliable, short delay tail"
FSD-ORD,FSD,ORD,462.0,1801,"Thin route - long delay tail, high average delay"
FSD-PGD,FSD,PGD,1415.0,47,
FSD-PHX,FSD,PHX,1081.0,652,"Thin route - reliable, short delay tail"
FSD-PIE,FSD,PIE,1334.0,109,
FSD-SFB,FSD,SFB,1334.0,111,
FSM-DFW,FSM,DFW,227.0,1194,"Thin route - reliable, short delay tail"
FWA-ATL,FWA,ATL,508.0,523,"Thin route - reliable, short delay tail"
FWA-AZA,FWA,AZA,1546.0,85,
FWA-CLT,FWA,CLT,460.0,10,
FWA-DFW,FWA,DFW,859.0,1031,"Trunk route - multi-carrier, unreliable"
FWA-DTW,FWA,DTW,128.0,680,"Thin route - reliable, short delay tail"
FWA-FLL,FWA,FLL,1067.0,73,
FWA-LAS,FWA,LAS,1649.0,52,
FWA-MSP,FWA,MSP,488.0,330,"Thin route - long delay tail, high average delay"
FWA-MYR,FWA,MYR,610.0,28,
FWA-ORD,FWA,ORD,157.0,2763,"Thin route - long delay tail, high average delay"
FWA-PGD,FWA,PGD,986.0,225,
FWA-PIE,FWA,PIE,912.0,191,
FWA-SFB,FWA,SFB,870.0,184,
FWA-SRQ,FWA,SRQ,948.0,104,
GCC-DEN,GCC,DEN,313.0,726,"Thin route - reliable, short delay tail"
GCK-DFW,GCK,DFW,404.0,726,"Thin route - reliable, short delay tail"
GEG-ATL,GEG,ATL,1969.0,537,"Thin route - long-haul, rarely cancels"
GEG-AZA,GEG,AZA,1034.0,99,
GEG-BOI,GEG,BOI,287.0,336,"Thin route - reliable, short delay tail"
GEG-DAL,GEG,DAL,1486.0,18,
GEG-DEN,GEG,DEN,836.0,2052,"Trunk route - multi-carrier, unreliable"
GEG-DFW,GEG,DFW,1477.0,559,"Thin route - long-haul, rarely cancels"
GEG-IAH,GEG,IAH,1695.0,10,
GEG-LAS,GEG,LAS,806.0,855,"Thin route - reliable, short delay tail"
GEG-LAX,GEG,LAX,945.0,878,"Thin route - reliable, short delay tail"
GEG-MDW,GEG,MDW,1511.0,86,
GEG-MSP,GEG,MSP,1175.0,782,"Thin route - reliable, short delay tail"
GEG-OAK,GEG,OAK,723.0,381,"Thin route - reliable, short delay tail"
GEG-ORD,GEG,ORD,1498.0,714,"Thin route - long delay tail, high average delay"
GEG-PDX,GEG,PDX,279.0,1028,"Thin route - reliable, short delay tail"
GEG-PHX,GEG,PHX,1020.0,1258,"Thin route - reliable, short delay tail"
GEG-SAN,GEG,SAN,1027.0,419,"Thin route - reliable, short delay tail"
GEG-SEA,GEG,SEA,224.0,5024,"Thin route - reliable, short delay tail"
GEG-SFO,GEG,SFO,733.0,896,"Thin route - long delay tail, high average delay"
GEG-SJC,GEG,SJC,742.0,238,
GEG-SLC,GEG,SLC,546.0,1671,"Thin route - reliable, short delay tail"
GEG-SMF,GEG,SMF,649.0,607,"Thin route - reliable, short delay tail"
GEG-SNA,GEG,SNA,962.0,26,
GFK-AZA,GFK,AZA,1260.0,67,
GFK-LAS,GFK,LAS,1230.0,79,
GFK-MSP,GFK,MSP,284.0,1077,"Thin route - reliable, short delay tail"
GGG-DFW,GGG,DFW,140.0,718,"Thin route - reliable, short delay tail"
GJT-ATL,GJT,ATL,1390.0,1,
GJT-DEN,GJT,DEN,212.0,2256,"Thin route - reliable, short delay tail"
GJT-DFW,GJT,DFW,772.0,1017,"Thin route - reliable, short delay tail"
GJT-PHX,GJT,PHX,438.0,983,"Thin route - reliable, short delay tail"
GJT-SLC,GJT,SLC,217.0,583,"Thin route - reliable, short delay tail"
GNV-ATL,GNV,ATL,300.0,1591,"Thin route - reliable, short delay tail"
GNV-AUS,GNV,AUS,924.0,2,
GNV-BNA,GNV,BNA,512.0,1,
GNV-CLL,GNV,CLL,845.0,1,
GNV-CLT,GNV,CLT,388.0,58,
GNV-DFW,GNV,DFW,900.0,703,"Thin route - reliable, short delay tail"
GNV-IAH,GNV,IAH,785.0,1,
GNV-MIA,GNV,MIA,294.0,384,"Thin route - reliable, short delay tail"
GPT-ATL,GPT,ATL,352.0,1317,"Thin route - reliable, short delay tail"
GPT-CLT,GPT,CLT,577.0,615,"Thin route - reliable, short delay tail"
GPT-DFW,GPT,DFW,500.0,1074,"Thin route - reliable, short delay tail"
GRB-ATL,GRB,ATL,774.0,366,"Thin route - reliable, short delay tail"
GRB-CLT,GRB,CLT,744.0,4,
GRB-CMX,GRB,CMX,186.0,1,
GRB-DCA,GRB,DCA,692.0,2,
GRB-DEN,GRB,DEN,905.0,6,
GRB-DTW,GRB,DTW,287.0,875,"Thin route - reliable, short delay tail"
GRB-MSP,GRB,MSP,252.0,867,"Thin route - reliable, short delay tail"
GRB-ORD,GRB,ORD,173.0,2698,"Thin route - long delay tail, high average delay"
GRB-PHL,GRB,PHL,733.0,2,
GRB-PHX,GRB,PHX,1487.0,3,
GRI-AZA,GRI,AZA,905.0,136,
GRI-DFW,GRI,DFW,562.0,707,"Thin route - long delay tail, high average delay"
GRI-LAS,GRI,LAS,971.0,112,
GRK-DFW,GRK,DFW,134.0,1907,"Thin route - reliable, short delay tail"
GRR-ATL,GRR,ATL,640.0,1425,"Thin route - reliable, short delay tail"
GRR-AUS,GRR,AUS,1103.0,93,
GRR-AZA,GRR,AZA,1561.0,211,
GRR-BNA,GRR,BNA,470.0,179,
GRR-BOS,GRR,BOS,740.0,69,
GRR-BWI,GRR,BWI,528.0,440,"Thin route - reliable, short delay tail"
GRR-CLT,GRR,CLT,583.0,1023,"Thin route - reliable, short delay tail"
GRR-DCA,GRR,DCA,524.0,729,"Thin route - long delay tail, high average delay"
GRR-DEN,GRR,DEN,1015.0,1234,"Trunk route - multi-carrier, unreliable"
GRR-DFW,GRR,DFW,931.0,988,"Thin route - long delay tail, high average delay"
GRR-DTW,GRR,DTW,120.0,1591,"Trunk route - multi-carrier, unreliable"
GRR-EWR,GRR,EWR,605.0,863,"Trunk route - multi-carrier, unreliable"
GRR-FLL,GRR,FLL,1198.0,111,
GRR-IAH,GRR,IAH,1042.0,2,
GRR-JAX,GRR,JAX,880.0,105,
GRR-LAS,GRR,LAS,1642.0,385,"Thin route - long-haul, rarely cancels"
GRR-LAX,GRR,LAX,1874.0,4,
GRR-LGA,GRR,LGA,618.0,940,"Thin route - reliable, short delay tail"
GRR-MCO,GRR,MCO,1024.0,395,"Thin route - reliable, short delay tail"
GRR-MDW,GRR,MDW,137.0,931,"Thin route - reliable, short delay tail"
GRR-MIA,GRR,MIA,1214.0,224,
GRR-MSP,GRR,MSP,408.0,1248,"Thin route - reliable, short delay tail"
GRR-MYR,GRR,MYR,728.0,22,
GRR-ORD,GRR,ORD,137.0,4032,"Trunk route - multi-carrier, unreliable"
GRR-PBI,GRR,PBI,1158.0,61,
GRR-PDX,GRR,PDX,1833.0,28,
GRR-PGD,GRR,PGD,1118.0,349,"Thin route - reliable, short delay tail"
GRR-PHL,GRR,PHL,573.0,356,"Thin route - reliable, short delay tail"
GRR-PHX,GRR,PHX,1574.0,155,
GRR-PIE,GRR,PIE,1044.0,381,"Thin route - reliable, short delay tail"
GRR-RSW,GRR,RSW,1147.0,21,
GRR-SAV,GRR,SAV,778.0,26,
GRR-SFB,GRR,SFB,1001.0,400,"Thin route - long delay tail, high average delay"
GRR-SNA,GRR,SNA,1856.0,21,
GRR-SRQ,GRR,SRQ,1081.0,166,
GRR-TPA,GRR,TPA,1041.0,17,
GRR-VPS,GRR,VPS,857.0,50,
GSO-ATL,GSO,ATL,306.0,2754,"Thin route - reliable, short delay tail"
GSO-CLT,GSO,CLT,84.0,1191,"Thin route - reliable, short delay tail"
GSO-DCA,GSO,DCA,248.0,796,"Thin route - long delay tail, high average delay"
GSO-DEN,GSO,DEN,1370.0,159,
GSO-DFW,GSO,DFW,999.0,926,"Thin route - long delay tail, high average delay"
GSO-DTW,GSO,DTW,460.0,367,"Thin route - long delay tail, high average delay"
GSO-EWR,GSO,EWR,445.0,188,
GSO-LGA,GSO,LGA,461.0,1775,"Thin route - long delay tail, high average delay"
GSO-MIA,GSO,MIA,710.0,520,"Thin route - reliable, short delay tail"
GSO-ORD,GSO,ORD,589.0,1563,"Trunk route - multi-carrier, unreliable"
GSO-PHL,GSO,PHL,365.0,135,
GSO-PIE,GSO,PIE,587.0,106,
GSP-ATL,GSP,ATL,153.0,2819,"Thin route - reliable, short delay tail"
GSP-BNA,GSP,BNA,265.0,667,"Thin route - reliable, short delay tail"
GSP-BOS,GSP,BOS,795.0,2,
GSP-BWI,GSP,BWI,426.0,719,"Thin route - reliable, short delay tail"
GSP-CLT,GSP,CLT,75.0,1504,"Thin route - reliable, short delay tail"
GSP-DCA,GSP,DCA,396.0,1017,"Thin route - long delay tail, high average delay"
GSP-DEN,GSP,DEN,1278.0,366,"Thin route - long-haul, rarely cancels"
GSP-DFW,GSP,DFW,862.0,1177,"Thin route - long delay tail, high average delay"
GSP-DTW,GSP,DTW,508.0,550,"Thin route - reliable, short delay tail"
GSP-EWR,GSP,EWR,594.0,776,"Thin route - reliable, short delay tail"
GSP-FLL,GSP,FLL,620.0,131,
GSP-HOU,GSP,HOU,845.0,173,
GSP-IAH,GSP,IAH,837.0,20,
GSP-LGA,GSP,LGA,610.0,927,"Thin route - long delay tail, high average delay"
GSP-MIA,GSP,MIA,637.0,726,"Thin route - reliable, short delay tail"
GSP-MSY,GSP,MSY,578.0,3,
GSP-ORD,GSP,ORD,577.0,1813,"Trunk route - multi-carrier, unreliable"
GSP-PHL,GSP,PHL,515.0,441,"Thin route - reliable, short delay tail"
GSP-PIE,GSP,PIE,482.0,131,
GSP-SFB,GSP,SFB,426.0,133,
GSP-SRQ,GSP,SRQ,517.0,104,
GSP-TLH,GSP,TLH,334.0,1,
GST-JNU,GST,JNU,41.0,87,
GTF-AZA,GTF,AZA,978.0,91,
GTF-DEN,GTF,DEN,623.0,728,"Thin route - reliable, short delay tail"
GTF-LAS,GTF,LAS,810.0,111,
GTF-MSP,GTF,MSP,887.0,38,
GTF-ORD,GTF,ORD,1210.0,23,
GTF-SEA,GTF,SEA,512.0,106,
GTF-SLC,GTF,SLC,463.0,1071,"Thin route - reliable, short delay tail"
GTR-DFW,GTR,DFW,491.0,367,"Thin route - long delay tail, high average delay"
GUC-DEN,GUC,DEN,152.0,994,"Thin route - reliable, short delay tail"
GUC-DFW,GUC,DFW,678.0,252,
GUC-ORD,GUC,ORD,1031.0,22,
GUF-ATW,GUF,ATW,964.0,87,
GUF-BLV,GUF,BLV,582.0,115,
GUF-BNA,GUF,BNA,406.0,63,
GUF-CVG,GUF,CVG,627.0,114,
GUF-DSM,GUF,DSM,844.0,87,
GUF-HOU,GUF,HOU,458.0,3,
GUF-HSV,GUF,HSV,304.0,21,
GUF-MCI,GUF,MCI,738.0,40,
GUF-OKC,GUF,OKC,675.0,31,
GUF-OMA,GUF,OMA,888.0,21,
GUF-SDF,GUF,SDF,555.0,21,
GUF-SGF,GUF,SGF,581.0,21,
GUF-TYS,GUF,TYS,436.0,26,
GUF-XNA,GUF,XNA,563.0,66,
GUM-HNL,GUM,HNL,3801.0,365,"Thin route - long-haul, rarely cancels"
GUM-SPN,GUM,SPN,129.0,365,"Thin route - reliable, short delay tail"
HDN-ATL,HDN,ATL,1340.0,100,
HDN-AUS,HDN,AUS,890.0,4,
HDN-BNA,HDN,BNA,1153.0,10,
HDN-BOS,HDN,BOS,1871.0,43,
HDN-DAL,HDN,DAL,779.0,63,
HDN-DEN,HDN,DEN,141.0,1425,"Thin route - reliable, short delay tail"
HDN-DFW,HDN,DFW,769.0,127,
HDN-EWR,HDN,EWR,1728.0,97,
HDN-FLL,HDN,FLL,1843.0,32,
HDN-IAD,HDN,IAD,1581.0,16,
HDN-IAH,HDN,IAH,985.0,46,
HDN-LAX,HDN,LAX,763.0,84,
HDN-MSP,HDN,MSP,774.0,38,
HDN-ORD,HDN,ORD,1009.0,179,
HDN-SAN,HDN,SAN,769.0,51,
HDN-SEA,HDN,SEA,891.0,44,
HDN-SFO,HDN,SFO,838.0,34,
HEZ-IAH,HEZ,IAH,265.0,31,
HGR-MYR,HGR,MYR,421.0,66,
HGR-PIE,HGR,PIE,861.0,100,
HGR-SFB,HGR,SFB,780.0,121,
HHH-ATL,HHH,ATL,238.0,197,
HHH-BOS,HHH,BOS,878.0,15,
HHH-CLT,HHH,CLT,206.0,1164,"Thin route - reliable, short delay tail"
HHH-DCA,HHH,DCA,501.0,330,"Thin route - reliable, short delay tail"
HHH-EWR,HHH,EWR,687.0,211,
HHH-LGA,HHH,LGA,701.0,197,
HHH-ORD,HHH,ORD,781.0,214,
HHH-PHL,HHH,PHL,609.0,45,
HIB-MSP,HIB,MSP,174.0,630,"Thin route - reliable, short delay tail"
HLN-DEN,HLN,DEN,594.0,814,"Thin route - reliable, short delay tail"
HLN-SEA,HLN,SEA,491.0,10,
HLN-SLC,HLN,SLC,402.0,725,"Thin route - reliable, short delay tail"
HNL-ANC,HNL,ANC,2777.0,440,"Thin route - long-haul, rarely cancels"
HNL-ATL,HNL,ATL,4502.0,383,"Thin route - long-haul, rarely cancels"
HNL-BOS,HNL,BOS,5095.0,66,
HNL-BUR,HNL,BUR,2562.0,79,
HNL-DEN,HNL,DEN,3365.0,639,"Thin route - long-haul, rarely cancels"
HNL-DFW,HNL,DFW,3784.0,671,"Thin route - long-haul, rarely cancels"
HNL-DTW,HNL,DTW,4475.0,290,
HNL-EWR,HNL,EWR,4962.0,108,
HNL-GUM,HNL,GUM,3801.0,365,"Thin route - long-haul, rarely cancels"
HNL-IAD,HNL,IAD,4816.0,168,
HNL-IAH,HNL,IAH,3904.0,365,"Thin route - long-haul, rarely cancels"
HNL-ITO,HNL,ITO,216.0,6294,"Trunk route - multi-carrier, unreliable"
HNL-JFK,HNL,JFK,4983.0,659,"Thin route - long-haul, rarely cancels"
HNL-KOA,HNL,KOA,163.0,7234,"Trunk route - multi-carrier, unreliable"
HNL-LAS,HNL,LAS,2762.0,2198,"Thin route - long-haul, rarely cancels"
HNL-LAX,HNL,LAX,2556.0,5514,"Trunk route - multi-carrier, unreliable"
HNL-LGB,HNL,LGB,2569.0,730,"Thin route - long-haul, rarely cancels"
HNL-LIH,HNL,LIH,102.0,7722,"Trunk route - multi-carrier, unreliable"
HNL-MSP,HNL,MSP,3972.0,365,"Thin route - long-haul, rarely cancels"
HNL-OAK,HNL,OAK,2409.0,729,"Thin route - long-haul, rarely cancels"
HNL-OGG,HNL,OGG,101.0,10072,"Trunk route - multi-carrier, unreliable"
HNL-ONT,HNL,ONT,2603.0,423,"Thin route - long-haul, rarely cancels"
HNL-ORD,HNL,ORD,4243.0,540,"Thin route - long-haul, rarely cancels"
HNL-PAE,HNL,PAE,2694.0,125,
HNL-PDX,HNL,PDX,2603.0,911,"Thin route - long-haul, rarely cancels"
HNL-PHX,HNL,PHX,2917.0,1317,"Thin route - long-haul, rarely cancels"
HNL-PPG,HNL,PPG,2599.0,113,
HNL-SAN,HNL,SAN,2614.0,1771,"Thin route - long-haul, rarely cancels"
HNL-SEA,HNL,SEA,2677.0,2937,"Thin route - long-haul, rarely cancels"
HNL-SFO,HNL,SFO,2398.0,2465,"Thin route - long-haul, rarely cancels"
HNL-SJC,HNL,SJC,2417.0,809,"Thin route - long-haul, rarely cancels"
HNL-SLC,HNL,SLC,2994.0,856,"Thin route - long-haul, rarely cancels"
HNL-SMF,HNL,SMF,2462.0,730,"Thin route - long-haul, rarely cancels"
HOB-DEN,HOB,DEN,501.0,364,"Thin route - long delay tail, high average delay"
HOB-IAH,HOB,IAH,501.0,294,
HOU-ABQ,HOU,ABQ,759.0,978,"Thin route - reliable, short delay tail"
HOU-AMA,HOU,AMA,537.0,7,
HOU-ATL,HOU,ATL,696.0,2882,"Thin route - reliable, short delay tail"
HOU-AUS,HOU,AUS,148.0,1362,"Thin route - reliable, short delay tail"
HOU-AVL,HOU,AVL,843.0,25,
HOU-BHM,HOU,BHM,570.0,448,"Thin route - reliable, short delay tail"
HOU-BNA,HOU,BNA,670.0,1826,"Thin route - reliable, short delay tail"
HOU-BUF,HOU,BUF,1297.0,1,
HOU-BUR,HOU,BUR,1389.0,147,
HOU-BWI,HOU,BWI,1246.0,1479,"Thin route - long-haul, rarely cancels"
HOU-CHS,HOU,CHS,928.0,193,
HOU-CLT,HOU,CLT,920.0,14,
HOU-CMH,HOU,CMH,1000.0,355,"Thin route - reliable, short delay tail"
HOU-COS,HOU,COS,829.0,193,
HOU-CRP,HOU,CRP,187.0,976,"Thin route - reliable, short delay tail"
HOU-DAL,HOU,DAL,239.0,4046,"Thin route - reliable, short delay tail"
HOU-DCA,HOU,DCA,1218.0,1052,"Thin route - long delay tail, high average delay"
HOU-DEN,HOU,DEN,883.0,2380,"Thin route - reliable, short delay tail"
HOU-DFW,HOU,DFW,247.0,2001,"Trunk route - multi-carrier, unreliable"
HOU-DSM,HOU,DSM,825.0,20,
HOU-ECP,HOU,ECP,570.0,357,"Thin route - long delay tail, high average delay"
HOU-ELP,HOU,ELP,677.0,1045,"Thin route - reliable, short delay tail"
HOU-FLL,HOU,FLL,957.0,809,"Thin route - long delay tail, high average delay"
HOU-GSP,HOU,GSP,845.0,173,
HOU-GUF,HOU,GUF,458.0,3,
HOU-HRL,HOU,HRL,277.0,1180,"Thin route - reliable, short delay tail"
HOU-IND,HOU,IND,861.0,492,"Thin route - reliable, short delay tail"
HOU-JAN,HOU,JAN,359.0,729,"Thin route - reliable, short delay tail"
HOU-JAX,HOU,JAX,815.0,294,
HOU-LAS,HOU,LAS,1235.0,2021,"Thin route - reliable, short delay tail"
HOU-LAX,HOU,LAX,1390.0,1195,"Thin route - long-haul, rarely cancels"
HOU-LBB,HOU,LBB,474.0,197,
HOU-LGA,HOU,LGA,1428.0,1358,"Thin route - long delay tail, high average delay"
HOU-LGB,HOU,LGB,1374.0,461,"Thin route - reliable, short delay tail"
HOU-LIT,HOU,LIT,393.0,24,
HOU-MAF,HOU,MAF,441.0,1358,"Thin route - reliable, short delay tail"
HOU-MCI,HOU,MCI,666.0,1002,"Thin route - reliable, short delay tail"
HOU-MCO,HOU,MCO,849.0,2054,"Thin route - reliable, short delay tail"
HOU-MDW,HOU,MDW,937.0,1840,"Thin route - long delay tail, high average delay"
HOU-MEM,HOU,MEM,484.0,830,"Thin route - reliable, short delay tail"
HOU-MIA,HOU,MIA,955.0,288,
HOU-MSY,HOU,MSY,303.0,2297,"Thin route - reliable, short delay tail"
HOU-MYR,HOU,MYR,1001.0,7,
HOU-OAK,HOU,OAK,1642.0,375,"Thin route - long-haul, rarely cancels"
HOU-OKC,HOU,OKC,419.0,1229,"Thin route - reliable, short delay tail"
HOU-OMA,HOU,OMA,804.0,379,"Thin route - reliable, short delay tail"
HOU-ONT,HOU,ONT,1345.0,362,"Thin route - long-haul, rarely cancels"
HOU-PHX,HOU,PHX,1020.0,2098,"Thin route - reliable, short delay tail"
HOU-PIT,HOU,PIT,1131.0,316,"Thin route - long-haul, rarely cancels"
HOU-PNS,HOU,PNS,488.0,349,"Thin route - reliable, short delay tail"
HOU-PVU,HOU,PVU,1181.0,122,
HOU-RDU,HOU,RDU,1050.0,354,"Thin route - reliable, short delay tail"
HOU-RSW,HOU,RSW,852.0,14,
HOU-SAN,HOU,SAN,1313.0,962,"Thin route - long-haul, rarely cancels"
HOU-SAT,HOU,SAT,192.0,1330,"Thin route - reliable, short delay tail"
HOU-SAV,HOU,SAV,853.0,178,
HOU-SBN,HOU,SBN,971.0,1,
HOU-SDF,HOU,SDF,803.0,284,
HOU-SEA,HOU,SEA,1894.0,120,
HOU-SJC,HOU,SJC,1621.0,364,"Thin route - long-haul, rarely cancels"
HOU-SJU,HOU,SJU,1997.0,92,
HOU-SLC,HOU,SLC,1214.0,409,"Thin route - reliable, short delay tail"
HOU-SMF,HOU,SMF,1624.0,364,"Thin route - long-haul, rarely cancels"
HOU-SRQ,HOU,SRQ,789.0,140,
HOU-STL,HOU,STL,687.0,1559,"Thin route - reliable, short delay tail"
HOU-TPA,HOU,TPA,781.0,1012,"Thin route - reliable, short delay tail"
HOU-TUL,HOU,TUL,453.0,602,"Thin route - reliable, short delay tail"
HOU-TUS,HOU,TUS,946.0,171,
HOU-TYS,HOU,TYS,782.0,55,
HOU-VPS,HOU,VPS,527.0,252,
HPN-ACK,HPN,ACK,191.0,234,
HPN-ATL,HPN,ATL,781.0,717,"Thin route - reliable, short delay tail"
HPN-CLT,HPN,CLT,564.0,1341,"Thin route - long delay tail, high average delay"
HPN-DCA,HPN,DCA,234.0,1356,"Thin route - long delay tail, high average delay"
HPN-DTW,HPN,DTW,505.0,46,
HPN-FLL,HPN,FLL,1097.0,880,"Thin route - long delay tail, high average delay"
HPN-MCO,HPN,MCO,972.0,1185,"Thin route - long delay tail, high average delay"
HPN-MIA,HPN,MIA,1118.0,189,
HPN-ORD,HPN,ORD,738.0,1530,"Thin route - long delay tail, high average delay"
HPN-PBI,HPN,PBI,1056.0,1667,"Thin route - long delay tail, high average delay"
HPN-RSW,HPN,RSW,1102.0,597,"Thin route - reliable, short delay tail"
HPN-SJU,HPN,SJU,1624.0,360,"Thin route - long delay tail, high average delay"
HPN-TPA,HPN,TPA,1032.0,364,"Thin route - reliable, short delay tail"
HRL-AUS,HRL,AUS,273.0,708,"Thin route - reliable, short delay tail"
HRL-DAL,HRL,DAL,458.0,378,"Thin route - reliable, short delay tail"
HRL-DEN,HRL,DEN,1023.0,3,
HRL-DFW,HRL,DFW,461.0,1483,"Thin route - reliable, short delay tail"
HRL-HOU,HRL,HOU,277.0,1181,"Thin route - reliable, short delay tail"
HRL-IAH,HRL,IAH,295.0,1,
HRL-MSP,HRL,MSP,1310.0,171,
HSV-ATL,HSV,ATL,151.0,2236,"Thin route - reliable, short delay tail"
HSV-CLT,HSV,CLT,333.0,406,"Thin route - reliable, short delay tail"
HSV-DCA,HSV,DCA,613.0,1320,"Thin route - long delay tail, high average delay"
HSV-DEN,HSV,DEN,1048.0,728,"Thin route - reliable, short delay tail"
HSV-DFW,HSV,DFW,603.0,2064,"Trunk route - multi-carrier, unreliable"
HSV-DTW,HSV,DTW,554.0,103,
HSV-FLL,HSV,FLL,710.0,74,
HSV-GUF,HSV,GUF,304.0,21,
HSV-IAH,HSV,IAH,595.0,5,
HSV-MIA,HSV,MIA,722.0,31,
HSV-ORD,HSV,ORD,510.0,1100,"Thin route - long delay tail, high average delay"
HSV-PIE,HSV,PIE,523.0,43,
HSV-SFB,HSV,SFB,519.0,49,
HTS-FLL,HTS,FLL,859.0,71,
HTS-MYR,HTS,MYR,382.0,56,
HTS-PGD,HTS,PGD,790.0,3,
HTS-PIE,HTS,PIE,721.0,177,
HTS-SFB,HTS,SFB,665.0,145,
HTS-VPS,HTS,VPS,589.0,29,
HYA-DCA,HYA,DCA,407.0,106,
HYA-JFK,HYA,JFK,196.0,112,
HYA-LGA,HYA,LGA,197.0,77,
HYA-ORD,HYA,ORD,909.0,11,
HYA-PHL,HYA,PHL,288.0,77,
HYS-DEN,HYS,DEN,298.0,627,"Thin route - long delay tail, high average delay"
IAD-ABQ,IAD,ABQ,1628.0,273,
IAD-ANC,IAD,ANC,3356.0,110,
IAD-ATL,IAD,ATL,534.0,3989,"Trunk route - multi-carrier, unreliable"
IAD-AUS,IAD,AUS,1297.0,1042,"Thin route - reliable, short delay tail"
IAD-AVL,IAD,AVL,371.0,89,
IAD-BDL,IAD,BDL,325.0,1077,"Thin route - reliable, short delay tail"
IAD-BNA,IAD,BNA,542.0,1009,"Thin route - reliable, short delay tail"
IAD-BOS,IAD,BOS,412.0,1514,"Thin route - reliable, short delay tail"
IAD-BTV,IAD,BTV,441.0,500,"Thin route - reliable, short delay tail"
IAD-BUF,IAD,BUF,283.0,147,
IAD-BZN,IAD,BZN,1773.0,51,
IAD-CHS,IAD,CHS,442.0,760,"Thin route - reliable, short delay tail"
IAD-CKB,IAD,CKB,150.0,99,
IAD-CLE,IAD,CLE,287.0,1050,"Thin route - reliable, short delay tail"
IAD-CLT,IAD,CLT,322.0,1988,"Trunk route - multi-carrier, unreliable"
IAD-CMH,IAD,CMH,299.0,980,"Thin route - reliable, short delay tail"
IAD-CVG,IAD,CVG,388.0,534,"Thin route - reliable, short delay tail"
IAD-DEN,IAD,DEN,1452.0,3465,"Thin route - long-haul, rarely cancels"
IAD-DFW,IAD,DFW,1172.0,1951,"Trunk route - multi-carrier, unreliable"
IAD-DTW,IAD,DTW,383.0,1133,"Trunk route - multi-carrier, unreliable"
IAD-EGE,IAD,EGE,1572.0,16,
IAD-EWR,IAD,EWR,212.0,1532,"Thin route - long delay tail, high average delay"
IAD-EYW,IAD,EYW,1024.0,114,
IAD-FLL,IAD,FLL,901.0,781,"Thin route - reliable, short delay tail"
IAD-HDN,IAD,HDN,1581.0,16,
IAD-HNL,IAD,HNL,4816.0,168,
IAD-IAH,IAD,IAH,1190.0,1873,"Thin route - reliable, short delay tail"
IAD-IND,IAD,IND,476.0,989,"Thin route - reliable, short delay tail"
IAD-JAC,IAD,JAC,1750.0,16,
IAD-JAX,IAD,JAX,631.0,778,"Thin route - reliable, short delay tail"
IAD-JFK,IAD,JFK,228.0,146,
IAD-JST,IAD,JST,119.0,330,"Thin route - long delay tail, high average delay"
IAD-LAS,IAD,LAS,2065.0,1077,"Thin route - long-haul, rarely cancels"
IAD-LAX,IAD,LAX,2288.0,2472,"Thin route - long-haul, rarely cancels"
IAD-LGA,IAD,LGA,228.0,999,"Thin route - long delay tail, high average delay"
IAD-LYH,IAD,LYH,147.0,130,
IAD-MCI,IAD,MCI,926.0,146,
IAD-MCO,IAD,MCO,758.0,2177,"Thin route - reliable, short delay tail"
IAD-MGW,IAD,MGW,140.0,362,"Thin route - long delay tail, high average delay"
IAD-MIA,IAD,MIA,922.0,625,"Thin route - reliable, short delay tail"
IAD-MSN,IAD,MSN,683.0,1,
IAD-MSP,IAD,MSP,907.0,983,"Thin route - reliable, short delay tail"
IAD-MSY,IAD,MSY,955.0,631,"Thin route - reliable, short delay tail"
IAD-MYR,IAD,MYR,373.0,6,
IAD-ORD,IAD,ORD,588.0,2085,"Thin route - reliable, short delay tail"
IAD-ORF,IAD,ORF,158.0,689,"Thin route - reliable, short delay tail"
IAD-PBI,IAD,PBI,859.0,334,"Thin route - reliable, short delay tail"
IAD-PDX,IAD,PDX,2327.0,291,
IAD-PGD,IAD,PGD,870.0,86,
IAD-PHL,IAD,PHL,135.0,212,
IAD-PHX,IAD,PHX,1956.0,1036,"Thin route - long-haul, rarely cancels"
IAD-PIT,IAD,PIT,182.0,1227,"Thin route - reliable, short delay tail"
IAD-PSP,IAD,PSP,2188.0,96,
IAD-PVD,IAD,PVD,371.0,70,
IAD-PWM,IAD,PWM,493.0,787,"Thin route - reliable, short delay tail"
IAD-RDU,IAD,RDU,225.0,1300,"Thin route - reliable, short delay tail"
IAD-RIC,IAD,RIC,100.0,173,
IAD-ROC,IAD,ROC,287.0,128,
IAD-RSW,IAD,RSW,891.0,468,"Thin route - reliable, short delay tail"
IAD-SAN,IAD,SAN,2253.0,1402,"Thin route - long-haul, rarely cancels"
IAD-SAT,IAD,SAT,1362.0,641,"Thin route - reliable, short delay tail"
IAD-SAV,IAD,SAV,516.0,205,
IAD-SBN,IAD,SBN,504.0,95,
IAD-SCE,IAD,SCE,132.0,29,
IAD-SDF,IAD,SDF,451.0,236,
IAD-SEA,IAD,SEA,2305.0,1851,"Thin route - long-haul, rarely cancels"
IAD-SFO,IAD,SFO,2418.0,2729,"Thin route - long-haul, rarely cancels"
IAD-SJU,IAD,SJU,1572.0,707,"Thin route - long-haul, rarely cancels"
IAD-SLC,IAD,SLC,1827.0,714,"Thin route - long-haul, rarely cancels"
IAD-SMF,IAD,SMF,2357.0,365,"Thin route - long-haul, rarely cancels"
IAD-SRQ,IAD,SRQ,849.0,98,
IAD-STL,IAD,STL,696.0,4,
IAD-STT,IAD,STT,1606.0,336,"Thin route - long-haul, rarely cancels"
IAD-SYR,IAD,SYR,295.0,77,
IAD-TPA,IAD,TPA,811.0,1304,"Thin route - reliable, short delay tail"
IAD-TVC,IAD,TVC,578.0,3,
IAD-TYS,IAD,TYS,420.0,95,
IAD-VPS,IAD,VPS,778.0,29,
IAG-MYR,IAG,MYR,650.0,40,
IAG-PGD,IAG,PGD,1129.0,204,
IAG-PIE,IAG,PIE,1069.0,120,
IAG-SFB,IAG,SFB,996.0,43,
IAH-ABI,IAH,ABI,306.0,137,
IAH-ABQ,IAH,ABQ,744.0,473,"Thin route - reliable, short delay tail"
IAH-AEX,IAH,AEX,190.0,144,
IAH-AMA,IAH,AMA,518.0,127,
IAH-ANC,IAH,ANC,3266.0,127,
IAH-ASE,IAH,ASE,913.0,624,"Thin route - long delay tail, high average delay"
IAH-ATL,IAH,ATL,689.0,4919,"Trunk route - multi-carrier, unreliable"
IAH-AUS,IAH,AUS,140.0,2696,"Thin route - reliable, short delay tail"
IAH-BDL,IAH,BDL,1507.0,72,
IAH-BHM,IAH,BHM,562.0,92,
IAH-BNA,IAH,BNA,657.0,1408,"Trunk route - multi-carrier, unreliable"
IAH-BOS,IAH,BOS,1597.0,2019,"Thin route - long delay tail, high average delay"
IAH-BTR,IAH,BTR,253.0,438,"Thin route - reliable, short delay tail"
IAH-BUF,IAH,BUF,1281.0,2,
IAH-BWI,IAH,BWI,1235.0,1311,"Trunk route - multi-carrier, unreliable"
IAH-BZN,IAH,BZN,1385.0,66,
IAH-CHA,IAH,CHA,686.0,248,
IAH-CHS,IAH,CHS,925.0,210,
IAH-CLE,IAH,CLE,1091.0,825,"Thin route - reliable, short delay tail"
IAH-CLT,IAH,CLT,912.0,2326,"Trunk route - multi-carrier, unreliable"
IAH-CMH,IAH,CMH,986.0,522,"Thin route - reliable, short delay tail"
IAH-COS,IAH,COS,809.0,246,
IAH-CRP,IAH,CRP,201.0,539,"Thin route - reliable, short delay tail"
IAH-CVG,IAH,CVG,871.0,691,"Thin route - reliable, short delay tail"
IAH-DCA,IAH,DCA,1208.0,3279,"Trunk route - multi-carrier, unreliable"
IAH-DEN,IAH,DEN,861.0,4715,"Thin route - reliable, short delay tail"
IAH-DFW,IAH,DFW,224.0,5804,"Trunk route - multi-carrier, unreliable"
IAH-DRO,IAH,DRO,869.0,63,
IAH-DSM,IAH,DSM,802.0,346,"Thin route - reliable, short delay tail"
IAH-DTW,IAH,DTW,1075.0,2114,"Trunk route - multi-carrier, unreliable"
IAH-ECP,IAH,ECP,572.0,82,
IAH-EGE,IAH,EGE,934.0,206,
IAH-ELP,IAH,ELP,667.0,133,
IAH-EWR,IAH,EWR,1400.0,3769,"Trunk route - multi-carrier, unreliable"
IAH-FCA,IAH,FCA,1613.0,10,
IAH-FLL,IAH,FLL,966.0,2821,"Trunk route - multi-carrier, unreliable"
IAH-GEG,IAH,GEG,1695.0,10,
IAH-GNV,IAH,GNV,785.0,1,
IAH-GRR,IAH,GRR,1042.0,2,
IAH-GSP,IAH,GSP,837.0,20,
IAH-HDN,IAH,HDN,985.0,47,
IAH-HEZ,IAH,HEZ,265.0,31,
IAH-HNL,IAH,HNL,3904.0,365,"Thin route - long-haul, rarely cancels"
IAH-HOB,IAH,HOB,501.0,293,
IAH-HRL,IAH,HRL,295.0,1,
IAH-HSV,IAH,HSV,595.0,5,
IAH-IAD,IAH,IAD,1190.0,1871,"Thin route - reliable, short delay tail"
IAH-ICT,IAH,ICT,542.0,561,"Thin route - reliable, short delay tail"
IAH-IND,IAH,IND,844.0,640,"Thin route - reliable, short delay tail"
IAH-JAC,IAH,JAC,1265.0,71,
IAH-JAN,IAH,JAN,351.0,70,
IAH-JAX,IAH,JAX,816.0,691,"Thin route - reliable, short delay tail"
IAH-JFK,IAH,JFK,1417.0,413,"Thin route - long delay tail, high average delay"
IAH-LAS,IAH,LAS,1222.0,3430,"Trunk route - multi-carrier, unreliable"
IAH-LAX,IAH,LAX,1379.0,5220,"Trunk route - multi-carrier, unreliable"
IAH-LBB,IAH,LBB,457.0,184,
IAH-LCH,IAH,LCH,127.0,45,
IAH-LFT,IAH,LFT,201.0,313,"Thin route - long delay tail, high average delay"
IAH-LGA,IAH,LGA,1416.0,4024,"Trunk route - multi-carrier, unreliable"
IAH-LIT,IAH,LIT,374.0,651,"Thin route - reliable, short delay tail"
IAH-MAF,IAH,MAF,429.0,778,"Thin route - reliable, short delay tail"
IAH-MCI,IAH,MCI,643.0,486,"Thin route - reliable, short delay tail"
IAH-MCO,IAH,MCO,854.0,3628,"Trunk route - multi-carrier, unreliable"
IAH-MDW,IAH,MDW,917.0,113,
IAH-MEI,IAH,MEI,422.0,627,"Thin route - long delay tail, high average delay"
IAH-MEM,IAH,MEM,468.0,1088,"Thin route - reliable, short delay tail"
IAH-MFE,IAH,MFE,316.0,689,"Thin route - reliable, short delay tail"
IAH-MGM,IAH,MGM,554.0,232,
IAH-MIA,IAH,MIA,964.0,3712,"Trunk route - multi-carrier, unreliable"
IAH-MKE,IAH,MKE,984.0,240,
IAH-MSN,IAH,MSN,966.0,1,
IAH-MSP,IAH,MSP,1034.0,1900,"Trunk route - multi-carrier, unreliable"
IAH-MSY,IAH,MSY,305.0,2930,"Trunk route - multi-carrier, unreliable"
IAH-MTJ,IAH,MTJ,927.0,11,
IAH-OKC,IAH,OKC,395.0,1285,"Thin route - reliable, short delay tail"
IAH-OMA,IAH,OMA,781.0,825,"Thin route - reliable, short delay tail"
IAH-ONT,IAH,ONT,1334.0,561,"Thin route - long-haul, rarely cancels"
IAH-ORD,IAH,ORD,925.0,6119,"Trunk route - multi-carrier, unreliable"
IAH-ORF,IAH,ORF,1201.0,92,
IAH-PAH,IAH,PAH,617.0,144,
IAH-PBI,IAH,PBI,956.0,492,"Thin route - reliable, short delay tail"
IAH-PDX,IAH,PDX,1825.0,1227,"Thin route - long-haul, rarely cancels"
IAH-PHL,IAH,PHL,1325.0,1848,"Trunk route - multi-carrier, unreliable"
IAH-PHX,IAH,PHX,1009.0,2960,"Trunk route - multi-carrier, unreliable"
IAH-PIB,IAH,PIB,372.0,627,"Thin route - long delay tail, high average delay"
IAH-PIT,IAH,PIT,1117.0,774,"Thin route - reliable, short delay tail"
IAH-PNS,IAH,PNS,489.0,565,"Thin route - long delay tail, high average delay"
IAH-PSP,IAH,PSP,1269.0,30,
IAH-PWM,IAH,PWM,1667.0,13,
IAH-RAP,IAH,RAP,1058.0,10,
IAH-RDU,IAH,RDU,1042.0,924,"Thin route - reliable, short delay tail"
IAH-RIC,IAH,RIC,1157.0,77,
IAH-RNO,IAH,RNO,1530.0,50,
IAH-RSW,IAH,RSW,861.0,874,"Thin route - reliable, short delay tail"
IAH-SAF,IAH,SAF,735.0,3,
IAH-SAN,IAH,SAN,1303.0,1696,"Thin route - reliable, short delay tail"
IAH-SAT,IAH,SAT,191.0,2406,"Thin route - reliable, short delay tail"
IAH-SBN,IAH,SBN,953.0,2,
IAH-SDF,IAH,SDF,788.0,6,
IAH-SEA,IAH,SEA,1874.0,2090,"Thin route - long-haul, rarely cancels"
IAH-SFO,IAH,SFO,1635.0,3598,"Thin route - long-haul, rarely cancels"
IAH-SGF,IAH,SGF,513.0,39,
IAH-SHV,IAH,SHV,192.0,1202,"Thin route - long delay tail, high average delay"
IAH-SJC,IAH,SJC,1608.0,215,
IAH-SJU,IAH,SJU,2007.0,928,"Thin route - long-haul, rarely cancels"
IAH-SLC,IAH,SLC,1195.0,1949,"Thin route - reliable, short delay tail"
IAH-SLN,IAH,SLN,621.0,326,"Thin route - long delay tail, high average delay"
IAH-SMF,IAH,SMF,1609.0,676,"Thin route - long-haul, rarely cancels"
IAH-SNA,IAH,SNA,1346.0,1092,"Thin route - reliable, short delay tail"
IAH-SRQ,IAH,SRQ,796.0,16,
IAH-STL,IAH,STL,667.0,420,"Thin route - reliable, short delay tail"
IAH-STT,IAH,STT,2070.0,173,
IAH-TPA,IAH,TPA,787.0,1579,"Thin route - reliable, short delay tail"
IAH-TUL,IAH,TUL,429.0,1087,"Thin route - reliable, short delay tail"
IAH-TUS,IAH,TUS,937.0,206,
IAH-TVC,IAH,TVC,1149.0,45,
IAH-VCT,IAH,VCT,123.0,592,"Thin route - long delay tail, high average delay"
IAH-XNA,IAH,XNA,438.0,179,
ICT-ATL,ICT,ATL,782.0,1150,"Thin route - reliable, short delay tail"
ICT-AZA,ICT,AZA,855.0,109,
ICT-DCA,ICT,DCA,1110.0,313,"Thin route - long delay tail, high average delay"
ICT-DEN,ICT,DEN,420.0,2207,"Trunk route - multi-carrier, unreliable"
ICT-DFW,ICT,DFW,328.0,2430,"Trunk route - multi-carrier, unreliable"
ICT-IAH,ICT,IAH,542.0,561,"Thin route - reliable, short delay tail"
ICT-LAS,ICT,LAS,986.0,473,"Thin route - reliable, short delay tail"
ICT-LAX,ICT,LAX,1203.0,3,
ICT-MCO,ICT,MCO,1129.0,8,
ICT-MDW,ICT,MDW,589.0,290,
ICT-MIA,ICT,MIA,1295.0,33,
ICT-MSP,ICT,MSP,545.0,401,"Thin route - reliable, short delay tail"
ICT-ORD,ICT,ORD,588.0,2192,"Trunk route - multi-carrier, unreliable"
ICT-PHX,ICT,PHX,870.0,766,"Thin route - reliable, short delay tail"
ICT-PIE,ICT,PIE,1087.0,31,
ICT-SFB,ICT,SFB,1117.0,76,
ICT-STL,ICT,STL,392.0,403,"Thin route - reliable, short delay tail"
ICT-VPS,ICT,VPS,796.0,65,
IDA-AZA,IDA,AZA,705.0,219,
IDA-COD,IDA,COD,166.0,1,
IDA-DEN,IDA,DEN,458.0,1699,"Thin route - reliable, short delay tail"
IDA-DFW,IDA,DFW,1095.0,529,"Thin route - long delay tail, high average delay"
IDA-LAS,IDA,LAS,539.0,114,
IDA-OAK,IDA,OAK,667.0,10,
IDA-ORD,IDA,ORD,1229.0,169,
IDA-PDX,IDA,PDX,539.0,119,
IDA-PHX,IDA,PHX,696.0,200,
IDA-SEA,IDA,SEA,566.0,366,"Thin route - reliable, short delay tail"
IDA-SLC,IDA,SLC,189.0,1193,"Thin route - reliable, short delay tail"
IDA-SNA,IDA,SNA,748.0,105,
ILM-ATL,ILM,ATL,377.0,1149,"Thin route - reliable, short delay tail"
ILM-BOS,ILM,BOS,672.0,433,"Thin route - long delay tail, high average delay"
ILM-CLT,ILM,CLT,185.0,1820,"Thin route - reliable, short delay tail"
ILM-DCA,ILM,DCA,320.0,880,"Thin route - long delay tail, high average delay"
ILM-DEN,ILM,DEN,1522.0,13,
ILM-DFW,ILM,DFW,1106.0,708,"Thin route - reliable, short delay tail"
ILM-EWR,ILM,EWR,488.0,386,"Thin route - reliable, short delay tail"
ILM-LGA,ILM,LGA,500.0,1027,"Thin route - long delay tail, high average delay"
ILM-MIA,ILM,MIA,601.0,456,"Thin route - reliable, short delay tail"
ILM-MSP,ILM,MSP,1094.0,27,
ILM-ORD,ILM,ORD,760.0,542,"Trunk route - multi-carrier, unreliable"
ILM-PHL,ILM,PHL,414.0,81,
IMT-DTW,IMT,DTW,344.0,365,"Thin route - long delay tail, high average delay"
IMT-MSP,IMT,MSP,257.0,363,"Thin route - long delay tail, high average delay"
IND-ATL,IND,ATL,432.0,3160,"Thin route - reliable, short delay tail"
IND-AUS,IND,AUS,919.0,1272,"Thin route - reliable, short delay tail"
IND-BDL,IND,BDL,729.0,1,
IND-BNA,IND,BNA,249.0,525,"Thin route - reliable, short delay tail"
IND-BOS,IND,BOS,818.0,2022,"Trunk route - multi-carrier, unreliable"
IND-BUR,IND,BUR,1805.0,21,
IND-BWI,IND,BWI,516.0,1216,"Thin route - reliable, short delay tail"
IND-CHS,IND,CHS,585.0,23,
IND-CLT,IND,CLT,427.0,1958,"Trunk route - multi-carrier, unreliable"
IND-DAL,IND,DAL,755.0,675,"Thin route - reliable, short delay tail"
IND-DCA,IND,DCA,500.0,2022,"Trunk route - multi-carrier, unreliable"
IND-DEN,IND,DEN,976.0,2494,"Trunk route - multi-carrier, unreliable"
IND-DFW,IND,DFW,761.0,2048,"Trunk route - multi-carrier, unreliable"
IND-DTW,IND,DTW,231.0,1014,"Thin route - reliable, short delay tail"
IND-ECP,IND,ECP,646.0,39,
IND-EUG,IND,EUG,1911.0,1,
IND-EWR,IND,EWR,645.0,2223,"Thin route - reliable, short delay tail"
IND-EYW,IND,EYW,1078.0,83,
IND-FLL,IND,FLL,1005.0,1018,"Trunk route - multi-carrier, unreliable"
IND-HOU,IND,HOU,861.0,493,"Thin route - reliable, short delay tail"
IND-IAD,IND,IAD,476.0,993,"Thin route - reliable, short delay tail"
IND-IAH,IND,IAH,844.0,641,"Thin route - reliable, short delay tail"
IND-JAX,IND,JAX,687.0,86,
IND-JFK,IND,JFK,665.0,1002,"Thin route - reliable, short delay tail"
IND-LAS,IND,LAS,1590.0,1348,"Thin route - long-haul, rarely cancels"
IND-LAX,IND,LAX,1814.0,862,"Thin route - long-haul, rarely cancels"
IND-LGA,IND,LGA,660.0,2521,"Thin route - reliable, short delay tail"
IND-MCI,IND,MCI,451.0,350,"Thin route - reliable, short delay tail"
IND-MCO,IND,MCO,829.0,2435,"Trunk route - multi-carrier, unreliable"
IND-MDW,IND,MDW,162.0,733,"Thin route - reliable, short delay tail"
IND-MIA,IND,MIA,1020.0,931,"Trunk route - multi-carrier, unreliable"
IND-MSP,IND,MSP,503.0,1247,"Thin route - reliable, short delay tail"
IND-MYR,IND,MYR,583.0,10,
IND-ORD,IND,ORD,177.0,5255,"Trunk route - multi-carrier, unreliable"
IND-PDX,IND,PDX,1877.0,26,
IND-PGD,IND,PGD,916.0,258,
IND-PHL,IND,PHL,588.0,1559,"Trunk route - multi-carrier, unreliable"
IND-PHX,IND,PHX,1489.0,1530,"Thin route - long-haul, rarely cancels"
IND-PIE,IND,PIE,840.0,228,
IND-RDU,IND,RDU,489.0,39,
IND-RSW,IND,RSW,945.0,808,"Thin route - reliable, short delay tail"
IND-SAN,IND,SAN,1782.0,276,
IND-SAV,IND,SAV,596.0,35,
IND-SEA,IND,SEA,1866.0,564,"Thin route - long-haul, rarely cancels"
IND-SFB,IND,SFB,807.0,225,
IND-SFO,IND,SFO,1943.0,524,"Thin route - long-haul, rarely cancels"
IND-SJU,IND,SJU,1902.0,7,
IND-SLC,IND,SLC,1355.0,364,"Thin route - reliable, short delay tail"
IND-SRQ,IND,SRQ,876.0,351,"Thin route - reliable, short delay tail"
IND-STL,IND,STL,229.0,4,
IND-TPA,IND,TPA,837.0,948,"Thin route - reliable, short delay tail"
IND-TUS,IND,TUS,1473.0,1,
IND-VPS,IND,VPS,637.0,90,
INL-MSP,INL,MSP,255.0,663,"Thin route - reliable, short delay tail"
ISP-BWI,ISP,BWI,220.0,1235,"Thin route - reliable, short delay tail"
ISP-FLL,ISP,FLL,1092.0,405,"Thin route - long delay tail, high average delay"
ISP-MCO,ISP,MCO,971.0,1424,"Trunk route - multi-carrier, unreliable"
ISP-MIA,ISP,MIA,1113.0,4,
ISP-MYR,ISP,MYR,586.0,121,
ISP-PBI,ISP,PBI,1052.0,1221,"Trunk route - multi-carrier, unreliable"
ISP-RSW,ISP,RSW,1101.0,111,
ISP-TPA,ISP,TPA,1034.0,445,"Thin route - long delay tail, high average delay"
ITO-HNL,ITO,HNL,216.0,6290,"Trunk route - multi-carrier, unreliable"
ITO-LAS,ITO,LAS,2664.0,1,
ITO-OGG,ITO,OGG,121.0,318,"Thin route - reliable, short delay tail"
JAC-ATL,JAC,ATL,1572.0,209,
JAC-CLT,JAC,CLT,1685.0,137,
JAC-DEN,JAC,DEN,406.0,1631,"Thin route - reliable, short delay tail"
JAC-DFW,JAC,DFW,1047.0,749,"Thin route - long delay tail, high average delay"
JAC-EWR,JAC,EWR,1874.0,288,
JAC-IAD,JAC,IAD,1750.0,16,
JAC-IAH,JAC,IAH,1265.0,70,
JAC-JFK,JAC,JFK,1894.0,44,
JAC-LAX,JAC,LAX,784.0,679,"Thin route - reliable, short delay tail"
JAC-MSP,JAC,MSP,872.0,124,
JAC-ORD,JAC,ORD,1162.0,820,"Thin route - long delay tail, high average delay"
JAC-PDX,JAC,PDX,600.0,15,
JAC-SAN,JAC,SAN,828.0,90,
JAC-SEA,JAC,SEA,621.0,203,
JAC-SFO,JAC,SFO,737.0,343,"Thin route - long delay tail, high average delay"
JAC-SLC,JAC,SLC,205.0,1217,"Thin route - reliable, short delay tail"
JAN-ATL,JAN,ATL,340.0,1956,"Thin route - reliable, short delay tail"
JAN-BNA,JAN,BNA,327.0,366,"Thin route - reliable, short delay tail"
JAN-BWI,JAN,BWI,888.0,191,
JAN-CLT,JAN,CLT,562.0,327,"Thin route - reliable, short delay tail"
JAN-DCA,JAN,DCA,860.0,301,"Thin route - reliable, short delay tail"
JAN-DFW,JAN,DFW,408.0,1910,"Trunk route - multi-carrier, unreliable"
JAN-HOU,JAN,HOU,359.0,729,"Thin route - reliable, short delay tail"
JAN-IAH,JAN,IAH,351.0,71,
JAN-LAS,JAN,LAS,1455.0,1,
JAN-MCO,JAN,MCO,588.0,11,
JAN-MIA,JAN,MIA,742.0,20,
JAX-ATL,JAX,ATL,269.0,4046,"Thin route - reliable, short delay tail"
JAX-AUS,JAX,AUS,953.0,650,"Thin route - reliable, short delay tail"
JAX-BLV,JAX,BLV,723.0,48,
JAX-BNA,JAX,BNA,483.0,1112,"Thin route - reliable, short delay tail"
JAX-BOS,JAX,BOS,1011.0,1613,"Trunk route - multi-carrier, unreliable"
JAX-BWI,JAX,BWI,663.0,1385,"Thin route - reliable, short delay tail"
JAX-CAK,JAX,CAK,719.0,136,
JAX-CLT,JAX,CLT,328.0,1939,"Thin route - reliable, short delay tail"
JAX-CVG,JAX,CVG,613.0,130,
JAX-DAL,JAX,DAL,906.0,350,"Thin route - long delay tail, high average delay"
JAX-DCA,JAX,DCA,634.0,1464,"Thin route - long delay tail, high average delay"
JAX-DEN,JAX,DEN,1446.0,1020,"Thin route - long-haul, rarely cancels"
JAX-DFW,JAX,DFW,917.0,1833,"Trunk route - multi-carrier, unreliable"
JAX-DSM,JAX,DSM,1012.0,52,
JAX-DTW,JAX,DTW,813.0,637,"Thin route - reliable, short delay tail"
JAX-EWR,JAX,EWR,820.0,1377,"Thin route - long delay tail, high average delay"
JAX-FLL,JAX,FLL,319.0,88,
JAX-FNT,JAX,FNT,867.0,83,
JAX-GRR,JAX,GRR,880.0,105,
JAX-HOU,JAX,HOU,815.0,294,
JAX-IAD,JAX,IAD,631.0,777,"Thin route - reliable, short delay tail"
JAX-IAH,JAX,IAH,816.0,693,"Thin route - reliable, short delay tail"
JAX-IND,JAX,IND,687.0,86,
JAX-JFK,JAX,JFK,829.0,1188,"Thin route - long delay tail, high average delay"
JAX-LAS,JAX,LAS,1964.0,3,
JAX-LGA,JAX,LGA,834.0,628,"Thin route - reliable, short delay tail"
JAX-MCI,JAX,MCI,954.0,4,
JAX-MDT,JAX,MDT,724.0,73,
JAX-MDW,JAX,MDW,848.0,416,"Thin route - reliable, short delay tail"
JAX-MIA,JAX,MIA,335.0,1492,"Thin route - reliable, short delay tail"
JAX-MSP,JAX,MSP,1173.0,347,"Thin route - reliable, short delay tail"
JAX-ORD,JAX,ORD,864.0,2116,"Trunk route - multi-carrier, unreliable"
JAX-ORF,JAX,ORF,543.0,3,
JAX-PHL,JAX,PHL,742.0,1564,"Trunk route - multi-carrier, unreliable"
JAX-PHX,JAX,PHX,1785.0,324,"Thin route - long-haul, rarely cancels"
JAX-PIT,JAX,PIT,694.0,140,
JAX-SDF,JAX,SDF,577.0,1,
JAX-SEA,JAX,SEA,2442.0,1,
JAX-SJU,JAX,SJU,1288.0,261,
JAX-STL,JAX,STL,753.0,507,"Thin route - reliable, short delay tail"
JAX-TYS,JAX,TYS,390.0,105,
JFK-ABQ,JFK,ABQ,1826.0,160,
JFK-ACK,JFK,ACK,199.0,301,"Thin route - reliable, short delay tail"
JFK-ANC,JFK,ANC,3386.0,71,
JFK-ATL,JFK,ATL,760.0,4249,"Trunk route - multi-carrier, unreliable"
JFK-AUS,JFK,AUS,1521.0,2191,"Thin route - long-haul, rarely cancels"
JFK-BDL,JFK,BDL,106.0,365,"Thin route - long delay tail, high average delay"
JFK-BNA,JFK,BNA,765.0,1435,"Thin route - long delay tail, high average delay"
JFK-BOS,JFK,BOS,187.0,5676,"Trunk route - multi-carrier, unreliable"
JFK-BQN,JFK,BQN,1576.0,469,"Thin route - long delay tail, high average delay"
JFK-BUF,JFK,BUF,301.0,1218,"Thin route - long delay tail, high average delay"
JFK-BUR,JFK,BUR,2465.0,180,
JFK-BZN,JFK,BZN,1902.0,113,
JFK-CHS,JFK,CHS,636.0,787,"Thin route - long delay tail, high average delay"
JFK-CLE,JFK,CLE,425.0,678,"Thin route - reliable, short delay tail"
JFK-CLT,JFK,CLT,542.0,2001,"Thin route - reliable, short delay tail"
JFK-CMH,JFK,CMH,483.0,1600,"Thin route - reliable, short delay tail"
JFK-CVG,JFK,CVG,589.0,682,"Thin route - reliable, short delay tail"
JFK-DAB,JFK,DAB,891.0,240,
JFK-DCA,JFK,DCA,213.0,2520,"Thin route - long delay tail, high average delay"
JFK-DEN,JFK,DEN,1626.0,1560,"Trunk route - multi-carrier, unreliable"
JFK-DFW,JFK,DFW,1391.0,1984,"Trunk route - multi-carrier, unreliable"
JFK-DTW,JFK,DTW,509.0,1220,"Thin route - long delay tail, high average delay"
JFK-EGE,JFK,EGE,1746.0,125,
JFK-FLL,JFK,FLL,1069.0,3897,"Trunk route - multi-carrier, unreliable"
JFK-HNL,JFK,HNL,4983.0,666,"Thin route - long-haul, rarely cancels"
JFK-HYA,JFK,HYA,196.0,112,
JFK-IAD,JFK,IAD,228.0,146,
JFK-IAH,JFK,IAH,1417.0,413,"Thin route - long delay tail, high average delay"
JFK-IND,JFK,IND,665.0,1000,"Thin route - long delay tail, high average delay"
JFK-JAC,JFK,JAC,1894.0,44,
JFK-JAX,JFK,JAX,829.0,1187,"Thin route - long delay tail, high average delay"
JFK-LAS,JFK,LAS,2248.0,3713,"Thin route - long-haul, rarely cancels"
JFK-LAX,JFK,LAX,2475.0,10281,"Trunk route - multi-carrier, unreliable"
JFK-MCI,JFK,MCI,1113.0,1,
JFK-MCO,JFK,MCO,944.0,4844,"Trunk route - multi-carrier, unreliable"
JFK-MEM,JFK,MEM,964.0,36,
JFK-MHT,JFK,MHT,199.0,33,
JFK-MIA,JFK,MIA,1089.0,4529,"Trunk route - multi-carrier, unreliable"
JFK-MSP,JFK,MSP,1029.0,719,"Thin route - reliable, short delay tail"
JFK-MSY,JFK,MSY,1182.0,1142,"Trunk route - multi-carrier, unreliable"
JFK-MVY,JFK,MVY,173.0,254,
JFK-ONT,JFK,ONT,2429.0,165,
JFK-ORD,JFK,ORD,740.0,2074,"Thin route - long delay tail, high average delay"
JFK-ORF,JFK,ORF,290.0,731,"Thin route - reliable, short delay tail"
JFK-PBI,JFK,PBI,1028.0,2205,"Thin route - long delay tail, high average delay"
JFK-PDX,JFK,PDX,2454.0,914,"Thin route - long-haul, rarely cancels"
JFK-PHX,JFK,PHX,2153.0,3034,"Thin route - long-haul, rarely cancels"
JFK-PIT,JFK,PIT,340.0,1764,"Thin route - long delay tail, high average delay"
JFK-PSE,JFK,PSE,1617.0,52,
JFK-PSP,JFK,PSP,2378.0,222,
JFK-PVD,JFK,PVD,144.0,365,"Thin route - long delay tail, high average delay"
JFK-PWM,JFK,PWM,273.0,398,"Thin route - long delay tail, high average delay"
JFK-RDU,JFK,RDU,427.0,2344,"Thin route - long delay tail, high average delay"
JFK-RIC,JFK,RIC,288.0,70,
JFK-RNO,JFK,RNO,2411.0,150,
JFK-ROC,JFK,ROC,264.0,606,"Thin route - long delay tail, high average delay"
JFK-RSW,JFK,RSW,1074.0,1281,"Thin route - reliable, short delay tail"
JFK-SAN,JFK,SAN,2446.0,2415,"Thin route - long-haul, rarely cancels"
JFK-SAT,JFK,SAT,1587.0,362,"Thin route - reliable, short delay tail"
JFK-SAV,JFK,SAV,717.0,632,"Thin route - long delay tail, high average delay"
JFK-SDF,JFK,SDF,662.0,6,
JFK-SEA,JFK,SEA,2422.0,2906,"Trunk route - multi-carrier, unreliable"
JFK-SFO,JFK,SFO,2586.0,6770,"Trunk route - multi-carrier, unreliable"
JFK-SJC,JFK,SJC,2569.0,5,
JFK-SJU,JFK,SJU,1598.0,3590,"Trunk route - multi-carrier, unreliable"
JFK-SLC,JFK,SLC,1990.0,1928,"Thin route - long-haul, rarely cancels"
JFK-SMF,JFK,SMF,2521.0,165,
JFK-SNA,JFK,SNA,2454.0,462,"Thin route - long-haul, rarely cancels"
JFK-SRQ,JFK,SRQ,1041.0,534,"Thin route - reliable, short delay tail"
JFK-STL,JFK,STL,892.0,2,
JFK-STT,JFK,STT,1623.0,544,"Thin route - long-haul, rarely cancels"
JFK-SYR,JFK,SYR,209.0,511,"Thin route - long delay tail, high average delay"
JFK-TPA,JFK,TPA,1005.0,2301,"Trunk route - multi-carrier, unreliable"
JFK-VPS,JFK,VPS,1001.0,107,
JFK-VRB,JFK,VRB,972.0,226,
JLN-DEN,JLN,DEN,582.0,327,"Thin route - long delay tail, high average delay"
JLN-ORD,JLN,ORD,484.0,365,"Thin route - long delay tail, high average delay"
JMS-DEN,JMS,DEN,573.0,627,"Thin route - long delay tail, high average delay"
JNU-ANC,JNU,ANC,571.0,1230,"Thin route - reliable, short delay tail"
JNU-GST,JNU,GST,41.0,87,
JNU-KTN,JNU,KTN,234.0,361,"Thin route - reliable, short delay tail"
JNU-PSG,JNU,PSG,123.0,362,"Thin route - reliable, short delay tail"
JNU-SEA,JNU,SEA,909.0,1590,"Thin route - reliable, short delay tail"
JNU-SIT,JNU,SIT,95.0,725,"Thin route - reliable, short delay tail"
JNU-YAK,JNU,YAK,199.0,361,"Thin route - reliable, short delay tail"
JST-IAD,JST,IAD,119.0,330,"Thin route - long delay tail, high average delay"
JST-ORD,JST,ORD,487.0,362,"Thin route - long delay tail, high average delay"
KOA-ANC,KOA,ANC,2875.0,54,
KOA-DEN,KOA,DEN,3329.0,370,"Thin route - long-haul, rarely cancels"
KOA-DFW,KOA,DFW,3724.0,122,
KOA-HNL,KOA,HNL,163.0,7236,"Trunk route - multi-carrier, unreliable"
KOA-LAS,KOA,LAS,2718.0,365,"Thin route - long-haul, rarely cancels"
KOA-LAX,KOA,LAX,2504.0,1607,"Thin route - long-haul, rarely cancels"
KOA-LIH,KOA,LIH,263.0,365,"Thin route - reliable, short delay tail"
KOA-OGG,KOA,OGG,84.0,1460,"Thin route - reliable, short delay tail"
KOA-ORD,KOA,ORD,4213.0,17,
KOA-PDX,KOA,PDX,2607.0,365,"Thin route - long-haul, rarely cancels"
KOA-PHX,KOA,PHX,2860.0,384,"Thin route - long-haul, rarely cancels"
KOA-SAN,KOA,SAN,2556.0,364,"Thin route - long-haul, rarely cancels"
KOA-SEA,KOA,SEA,2688.0,1422,"Thin route - long-haul, rarely cancels"
KOA-SFO,KOA,SFO,2368.0,1150,"Thin route - long-haul, rarely cancels"
KOA-SJC,KOA,SJC,2384.0,154,
KOA-SLC,KOA,SLC,2966.0,96,
KOA-SMF,KOA,SMF,2435.0,521,"Thin route - long-haul, rarely cancels"
KTN-JNU,KTN,JNU,234.0,362,"Thin route - reliable, short delay tail"
KTN-SEA,KTN,SEA,680.0,1304,"Thin route - reliable, short delay tail"
KTN-SIT,KTN,SIT,183.0,365,"Thin route - long delay tail, high average delay"
KTN-WRG,KTN,WRG,82.0,361,"Thin route - reliable, short delay tail"
LAF-ORD,LAF,ORD,119.0,566,"Thin route - long delay tail, high average delay"
LAN-DCA,LAN,DCA,479.0,298,
LAN-DTW,LAN,DTW,74.0,858,"Thin route - long delay tail, high average delay"
LAN-ORD,LAN,ORD,179.0,748,"Thin route - reliable, short delay tail"
LAR-DEN,LAR,DEN,113.0,627,"Thin route - long delay tail, high average delay"
LAS-ABQ,LAS,ABQ,486.0,1716,"Thin route - reliable, short delay tail"
LAS-ALB,LAS,ALB,2237.0,154,
LAS-AMA,LAS,AMA,759.0,364,"Thin route - reliable, short delay tail"
LAS-ANC,LAS,ANC,2304.0,276,
LAS-ATL,LAS,ATL,1747.0,4771,"Trunk route - multi-carrier, unreliable"
LAS-ATW,LAS,ATW,1510.0,171,
LAS-AUS,LAS,AUS,1090.0,2877,"Trunk route - multi-carrier, unreliable"
LAS-AVL,LAS,AVL,1824.0,104,
LAS-AZA,LAS,AZA,276.0,17,
LAS-BHM,LAS,BHM,1618.0,359,"Thin route - long-haul, rarely cancels"
LAS-BIL,LAS,BIL,754.0,129,
LAS-BIS,LAS,BIS,1048.0,116,
LAS-BLI,LAS,BLI,954.0,434,"Thin route - reliable, short delay tail"
LAS-BLV,LAS,BLV,1400.0,55,
LAS-BNA,LAS,BNA,1587.0,2051,"Trunk route - multi-carrier, unreliable"
LAS-BOI,LAS,BOI,519.0,1362,"Trunk route - multi-carrier, unreliable"
LAS-BOS,LAS,BOS,2381.0,1610,"Thin route - long-haul, rarely cancels"
LAS-BUF,LAS,BUF,1986.0,302,"Thin route - long-haul, rarely cancels"
LAS-BUR,LAS,BUR,223.0,4129,"Trunk route - multi-carrier, unreliable"
LAS-BWI,LAS,BWI,2106.0,1782,"Thin route - long-haul, rarely cancels"
LAS-BZN,LAS,BZN,701.0,599,"Thin route - reliable, short delay tail"
LAS-CAK,LAS,CAK,1846.0,2,
LAS-CHA,LAS,CHA,1682.0,65,
LAS-CID,LAS,CID,1319.0,115,
LAS-CLE,LAS,CLE,1824.0,993,"Thin route - long-haul, rarely cancels"
LAS-CLT,LAS,CLT,1916.0,2088,"Thin route - long-haul, rarely cancels"
LAS-CMH,LAS,CMH,1771.0,896,"Thin route - long-haul, rarely cancels"
LAS-COS,LAS,COS,604.0,861,"Thin route - reliable, short delay tail"
LAS-CVG,LAS,CVG,1678.0,675,"Thin route - long-haul, rarely cancels"
LAS-DAL,LAS,DAL,1067.0,2842,"Trunk route - multi-carrier, unreliable"
LAS-DCA,LAS,DCA,2089.0,728,"Thin route - long-haul, rarely cancels"
LAS-DEN,LAS,DEN,628.0,7102,"Trunk route - multi-carrier, unreliable"
LAS-DFW,LAS,DFW,1055.0,5139,"Trunk route - multi-carrier, unreliable"
LAS-DSM,LAS,DSM,1216.0,595,"Thin route - long-haul, rarely cancels"
LAS-DTW,LAS,DTW,1749.0,2789,"Thin route - long-haul, rarely cancels"
LAS-ELP,LAS,ELP,584.0,1334,"Thin route - reliable, short delay tail"
LAS-EUG,LAS,EUG,700.0,473,"Thin route - reliable, short delay tail"
LAS-EWR,LAS,EWR,2227.0,2926,"Thin route - long-haul, rarely cancels"
LAS-FAR,LAS,FAR,1205.0,140,
LAS-FAT,LAS,FAT,259.0,1714,"Thin route - reliable, short delay tail"
LAS-FCA,LAS,FCA,846.0,104,
LAS-FLL,LAS,FLL,2173.0,1038,"Thin route - long-haul, rarely cancels"
LAS-FNT,LAS,FNT,1733.0,105,
LAS-FSD,LAS,FSD,1104.0,174,
LAS-FWA,LAS,FWA,1649.0,52,
LAS-GEG,LAS,GEG,806.0,855,"Thin route - reliable, short delay tail"
LAS-GFK,LAS,GFK,1230.0,79,
LAS-GRI,LAS,GRI,971.0,112,
LAS-GRR,LAS,GRR,1642.0,385,"Thin route - long-haul, rarely cancels"
LAS-GTF,LAS,GTF,810.0,111,
LAS-HNL,LAS,HNL,2762.0,2202,"Thin route - long-haul, rarely cancels"
LAS-HOU,LAS,HOU,1235.0,2021,"Thin route - long-haul, rarely cancels"
LAS-IAD,LAS,IAD,2065.0,1078,"Thin route - long-haul, rarely cancels"
LAS-IAH,LAS,IAH,1222.0,3432,"Trunk route - multi-carrier, unreliable"
LAS-ICT,LAS,ICT,986.0,473,"Thin route - reliable, short delay tail"
LAS-IDA,LAS,IDA,539.0,113,
LAS-IND,LAS,IND,1590.0,1349,"Trunk route - multi-carrier, unreliable"
LAS-ITO,LAS,ITO,2664.0,1,
LAS-JAN,LAS,JAN,1455.0,1,
LAS-JAX,LAS,JAX,1964.0,3,
LAS-JFK,LAS,JFK,2248.0,3709,"Trunk route - multi-carrier, unreliable"
LAS-KOA,LAS,KOA,2718.0,365,"Thin route - long-haul, rarely cancels"
LAS-LAX,LAS,LAX,236.0,8249,"Trunk route - multi-carrier, unreliable"
LAS-LBB,LAS,LBB,775.0,366,"Thin route - reliable, short delay tail"
LAS-LEX,LAS,LEX,1686.0,92,
LAS-LGA,LAS,LGA,2242.0,2,
LAS-LGB,LAS,LGB,231.0,2117,"Thin route - reliable, short delay tail"
LAS-LIH,LAS,LIH,2817.0,365,"Thin route - long-haul, rarely cancels"
LAS-LIT,LAS,LIT,1294.0,360,"Thin route - long-haul, rarely cancels"
LAS-LRD,LAS,LRD,1092.0,111,
LAS-MAF,LAS,MAF,795.0,365,"Thin route - reliable, short delay tail"
LAS-MCI,LAS,MCI,1139.0,1992,"Trunk route - multi-carrier, unreliable"
LAS-MCO,LAS,MCO,2039.0,1959,"Trunk route - multi-carrier, unreliable"
LAS-MDW,LAS,MDW,1521.0,2300,"Thin route - long-haul, rarely cancels"
LAS-MEM,LAS,MEM,1416.0,582,"Thin route - long-haul, rarely cancels"
LAS-MFE,LAS,MFE,1210.0,426,"Thin route - reliable, short delay tail"
LAS-MFR,LAS,MFR,600.0,152,
LAS-MIA,LAS,MIA,2174.0,1413,"Thin route - long-haul, rarely cancels"
LAS-MKE,LAS,MKE,1524.0,1049,"Thin route - long-haul, rarely cancels"
LAS-MLI,LAS,MLI,1376.0,104,
LAS-MOT,LAS,MOT,1098.0,111,
LAS-MRY,LAS,MRY,375.0,109,
LAS-MSO,LAS,MSO,750.0,113,
LAS-MSP,LAS,MSP,1299.0,2134,"Thin route - reliable, short delay tail"
LAS-MSY,LAS,MSY,1500.0,837,"Thin route - long-haul, rarely cancels"
LAS-OAK,LAS,OAK,407.0,3258,"Trunk route - multi-carrier, unreliable"
LAS-OGG,LAS,OGG,2695.0,735,"Thin route - long-haul, rarely cancels"
LAS-OKC,LAS,OKC,986.0,1226,"Trunk route - multi-carrier, unreliable"
LAS-OMA,LAS,OMA,1099.0,1127,"Thin route - reliable, short delay tail"
LAS-ONT,LAS,ONT,197.0,2476,"Trunk route - multi-carrier, unreliable"
LAS-ORD,LAS,ORD,1514.0,5237,"Trunk route - multi-carrier, unreliable"
LAS-PAE,LAS,PAE,894.0,450,"Thin route - reliable, short delay tail"
LAS-PDX,LAS,PDX,763.0,2956,"Trunk route - multi-carrier, unreliable"
LAS-PHL,LAS,PHL,2177.0,1488,"Thin route - long-haul, rarely cancels"
LAS-PHX,LAS,PHX,255.0,6018,"Trunk route - multi-carrier, unreliable"
LAS-PIA,LAS,PIA,1413.0,116,
LAS-PIT,LAS,PIT,1910.0,717,"Thin route - long-haul, rarely cancels"
LAS-PSC,LAS,PSC,732.0,124,
LAS-PSP,LAS,PSP,173.0,744,"Thin route - reliable, short delay tail"
LAS-RAP,LAS,RAP,843.0,111,
LAS-RDU,LAS,RDU,2026.0,611,"Thin route - long-haul, rarely cancels"
LAS-RFD,LAS,RFD,1455.0,104,
LAS-RNO,LAS,RNO,345.0,4102,"Trunk route - multi-carrier, unreliable"
LAS-ROC,LAS,ROC,2040.0,149,
LAS-SAN,LAS,SAN,258.0,5631,"Trunk route - multi-carrier, unreliable"
LAS-SAT,LAS,SAT,1069.0,2024,"Trunk route - multi-carrier, unreliable"
LAS-SBA,LAS,SBA,289.0,885,"Thin route - reliable, short delay tail"
LAS-SBN,LAS,SBN,1594.0,104,
LAS-SBP,LAS,SBP,314.0,117,
LAS-SCK,LAS,SCK,359.0,398,"Thin route - reliable, short delay tail"
LAS-SDF,LAS,SDF,1624.0,399,"Thin route - long delay tail, high average delay"
LAS-SEA,LAS,SEA,867.0,5619,"Trunk route - multi-carrier, unreliable"
LAS-SFB,LAS,SFB,2034.0,22,
LAS-SFO,LAS,SFO,414.0,6115,"Trunk route - multi-carrier, unreliable"
LAS-SGF,LAS,SGF,1209.0,124,
LAS-SHV,LAS,SHV,1243.0,107,
LAS-SJC,LAS,SJC,386.0,3779,"Trunk route - multi-carrier, unreliable"
LAS-SLC,LAS,SLC,368.0,3744,"Trunk route - multi-carrier, unreliable"
LAS-SMF,LAS,SMF,397.0,4123,"Trunk route - multi-carrier, unreliable"
LAS-SMX,LAS,SMX,310.0,104,
LAS-SNA,LAS,SNA,226.0,4150,"Trunk route - multi-carrier, unreliable"
LAS-STL,LAS,STL,1371.0,2101,"Thin route - long-haul, rarely cancels"
LAS-STS,LAS,STS,454.0,346,"Thin route - reliable, short delay tail"
LAS-TPA,LAS,TPA,1984.0,1031,"Thin route - long-haul, rarely cancels"
LAS-TUL,LAS,TUL,1076.0,742,"Thin route - reliable, short delay tail"
LAS-TUS,LAS,TUS,364.0,1336,"Thin route - reliable, short delay tail"
LAS-TYS,LAS,TYS,1739.0,118,
LAS-VPS,LAS,VPS,1695.0,25,
LAS-XNA,LAS,XNA,1163.0,112,
LAW-DFW,LAW,DFW,140.0,1072,"Thin route - long delay tail, high average delay"
LAX-ABQ,LAX,ABQ,677.0,2219,"Thin route - reliable, short delay tail"
LAX-ACV,LAX,ACV,577.0,422,"Thin route - reliable, short delay tail"
LAX-AGS,LAX,AGS,2090.0,1,
LAX-ANC,LAX,ANC,2345.0,389,"Thin route - long-haul, rarely cancels"
LAX-ASE,LAX,ASE,737.0,1234,"Thin route - long delay tail, high average delay"
LAX-ATL,LAX,ATL,1947.0,4938,"Trunk route - multi-carrier, unreliable"
LAX-AUS,LAX,AUS,1242.0,4077,"Trunk route - multi-carrier, unreliable"
LAX-BHM,LAX,BHM,1815.0,3,
LAX-BLI,LAX,BLI,1047.0,45,
LAX-BNA,LAX,BNA,1798.0,2320,"Thin route - long-haul, rarely cancels"
LAX-BOI,LAX,BOI,674.0,1375,"Thin route - reliable, short delay tail"
LAX-BOS,LAX,BOS,2611.0,4761,"Trunk route - multi-carrier, unreliable"
LAX-BUF,LAX,BUF,2218.0,137,
LAX-BWI,LAX,BWI,2329.0,1687,"Thin route - long-haul, rarely cancels"
LAX-BZN,LAX,BZN,902.0,542,"Thin route - reliable, short delay tail"
LAX-CID,LAX,CID,1550.0,5,
LAX-CLE,LAX,CLE,2052.0,759,"Thin route - long-haul, rarely cancels"
LAX-CLT,LAX,CLT,2125.0,2272,"Thin route - long-haul, rarely cancels"
LAX-CMH,LAX,CMH,1995.0,463,"Thin route - long-haul, rarely cancels"
LAX-CVG,LAX,CVG,1900.0,354,"Thin route - long-haul, rarely cancels"
LAX-DAL,LAX,DAL,1246.0,1471,"Thin route - long delay tail, high average delay"
LAX-DCA,LAX,DCA,2311.0,1454,"Thin route - long-haul, rarely cancels"
LAX-DEN,LAX,DEN,862.0,7708,"Trunk route - multi-carrier, unreliable"
LAX-DFW,LAX,DFW,1235.0,6225,"Trunk route - multi-carrier, unreliable"
LAX-DSM,LAX,DSM,1447.0,300,"Thin route - long-haul, rarely cancels"
LAX-DTW,LAX,DTW,1979.0,2451,"Thin route - long-haul, rarely cancels"
LAX-EGE,LAX,EGE,748.0,270,
LAX-ELP,LAX,ELP,715.0,1283,"Thin route - reliable, short delay tail"
LAX-EUG,LAX,EUG,748.0,400,"Thin route - reliable, short delay tail"
LAX-EWR,LAX,EWR,2454.0,4843,"Thin route - long-haul, rarely cancels"
LAX-FAT,LAX,FAT,209.0,979,"Thin route - reliable, short delay tail"
LAX-FCA,LAX,FCA,1015.0,141,
LAX-FLL,LAX,FLL,2343.0,2298,"Thin route - long-haul, rarely cancels"
LAX-FSD,LAX,FSD,1340.0,4,
LAX-GEG,LAX,GEG,945.0,877,"Thin route - reliable, short delay tail"
LAX-GRR,LAX,GRR,1874.0,4,
LAX-HDN,LAX,HDN,763.0,84,
LAX-HNL,LAX,HNL,2556.0,5514,"Trunk route - multi-carrier, unreliable"
LAX-HOU,LAX,HOU,1390.0,1194,"Thin route - long-haul, rarely cancels"
LAX-IAD,LAX,IAD,2288.0,2474,"Thin route - long-haul, rarely cancels"
LAX-IAH,LAX,IAH,1379.0,5216,"Trunk route - multi-carrier, unreliable"
LAX-ICT,LAX,ICT,1203.0,3,
LAX-IND,LAX,IND,1814.0,864,"Trunk route - multi-carrier, unreliable"
LAX-JAC,LAX,JAC,784.0,679,"Thin route - reliable, short delay tail"
LAX-JFK,LAX,JFK,2475.0,10284,"Trunk route - multi-carrier, unreliable"
LAX-KOA,LAX,KOA,2504.0,1607,"Thin route - long-haul, rarely cancels"
LAX-LAS,LAX,LAS,236.0,8239,"Trunk route - multi-carrier, unreliable"
LAX-LIH,LAX,LIH,2615.0,1578,"Thin route - long-haul, rarely cancels"
LAX-LIT,LAX,LIT,1494.0,3,
LAX-LNK,LAX,LNK,1279.0,1,
LAX-MCI,LAX,MCI,1363.0,1323,"Thin route - long-haul, rarely cancels"
LAX-MCO,LAX,MCO,2218.0,3554,"Trunk route - multi-carrier, unreliable"
LAX-MDT,LAX,MDT,2320.0,1,
LAX-MDW,LAX,MDW,1751.0,1298,"Thin route - long-haul, rarely cancels"
LAX-MEM,LAX,MEM,1619.0,256,
LAX-MFE,LAX,MFE,1319.0,5,
LAX-MFR,LAX,MFR,630.0,139,
LAX-MIA,LAX,MIA,2342.0,3255,"Thin route - long-haul, rarely cancels"
LAX-MKE,LAX,MKE,1756.0,9,
LAX-MRY,LAX,MRY,266.0,856,"Thin route - reliable, short delay tail"
LAX-MSN,LAX,MSN,1687.0,2,
LAX-MSO,LAX,MSO,923.0,166,
LAX-MSP,LAX,MSP,1535.0,2135,"Thin route - long-haul, rarely cancels"
LAX-MSY,LAX,MSY,1671.0,1459,"Thin route - long-haul, rarely cancels"
LAX-MTJ,LAX,MTJ,666.0,92,
LAX-OAK,LAX,OAK,337.0,2080,"Thin route - reliable, short delay tail"
LAX-OGG,LAX,OGG,2485.0,2148,"Thin route - long-haul, rarely cancels"
LAX-OKC,LAX,OKC,1187.0,929,"Thin route - reliable, short delay tail"
LAX-OMA,LAX,OMA,1330.0,590,"Thin route - long-haul, rarely cancels"
LAX-ORD,LAX,ORD,1744.0,7025,"Trunk route - multi-carrier, unreliable"
LAX-PAE,LAX,PAE,984.0,70,
LAX-PBI,LAX,PBI,2330.0,185,
LAX-PDX,LAX,PDX,833.0,4347,"Trunk route - multi-carrier, unreliable"
LAX-PHL,LAX,PHL,2402.0,2398,"Thin route - long-haul, rarely cancels"
LAX-PHX,LAX,PHX,370.0,7629,"Trunk route - multi-carrier, unreliable"
LAX-PIT,LAX,PIT,2136.0,425,"Thin route - long-haul, rarely cancels"
LAX-PRC,LAX,PRC,346.0,364,"Thin route - reliable, short delay tail"
LAX-PSC,LAX,PSC,851.0,360,"Thin route - reliable, short delay tail"
LAX-PSP,LAX,PSP,110.0,484,"Thin route - reliable, short delay tail"
LAX-PWM,LAX,PWM,2642.0,5,
LAX-RDD,LAX,RDD,501.0,334,"Thin route - reliable, short delay tail"
LAX-RDM,LAX,RDM,726.0,452,"Thin route - reliable, short delay tail"
LAX-RDU,LAX,RDU,2239.0,790,"Thin route - long-haul, rarely cancels"
LAX-RNO,LAX,RNO,390.0,2478,"Thin route - reliable, short delay tail"
LAX-RSW,LAX,RSW,2238.0,45,
LAX-SAF,LAX,SAF,710.0,298,
LAX-SAN,LAX,SAN,109.0,2447,"Thin route - reliable, short delay tail"
LAX-SAT,LAX,SAT,1211.0,1846,"Trunk route - multi-carrier, unreliable"
LAX-SBA,LAX,SBA,89.0,687,"Thin route - reliable, short delay tail"
LAX-SBN,LAX,SBN,1823.0,1,
LAX-SBP,LAX,SBP,155.0,635,"Thin route - reliable, short delay tail"
LAX-SDF,LAX,SDF,1843.0,54,
LAX-SEA,LAX,SEA,954.0,7450,"Trunk route - multi-carrier, unreliable"
LAX-SFO,LAX,SFO,337.0,11235,"Trunk route - multi-carrier, unreliable"
LAX-SGF,LAX,SGF,1423.0,10,
LAX-SGU,LAX,SGU,349.0,310,"Thin route - reliable, short delay tail"
LAX-SJC,LAX,SJC,308.0,4473,"Trunk route - multi-carrier, unreliable"
LAX-SLC,LAX,SLC,590.0,4189,"Trunk route - multi-carrier, unreliable"
LAX-SMF,LAX,SMF,373.0,5640,"Trunk route - multi-carrier, unreliable"
LAX-STL,LAX,STL,1592.0,1027,"Thin route - long-haul, rarely cancels"
LAX-STS,LAX,STS,399.0,728,"Thin route - reliable, short delay tail"
LAX-SUN,LAX,SUN,696.0,328,"Thin route - reliable, short delay tail"
LAX-TPA,LAX,TPA,2158.0,1192,"Thin route - long-haul, rarely cancels"
LAX-TUL,LAX,TUL,1283.0,375,"Thin route - reliable, short delay tail"
LAX-TUS,LAX,TUS,451.0,2600,"Thin route - reliable, short delay tail"
LAX-XNA,LAX,XNA,1371.0,442,"Thin route - reliable, short delay tail"
LBB-AUS,LBB,AUS,341.0,326,"Thin route - reliable, short delay tail"
LBB-DAL,LBB,DAL,293.0,1506,"Thin route - reliable, short delay tail"
LBB-DEN,LBB,DEN,456.0,985,"Thin route - long delay tail, high average delay"
LBB-DFW,LBB,DFW,282.0,2622,"Trunk route - multi-carrier, unreliable"
LBB-FLL,LBB,FLL,1398.0,1,
LBB-HOU,LBB,HOU,474.0,195,
LBB-IAH,LBB,IAH,457.0,184,
LBB-LAS,LBB,LAS,775.0,365,"Thin route - reliable, short delay tail"
LBB-MIA,LBB,MIA,1399.0,7,
LBB-PHX,LBB,PHX,588.0,365,"Thin route - reliable, short delay tail"
LBB-SLC,LBB,SLC,744.0,1,
LBE-FLL,LBE,FLL,980.0,26,
LBE-MCO,LBE,MCO,823.0,198,
LBE-MYR,LBE,MYR,455.0,79,
LBF-DEN,LBF,DEN,227.0,626,"Thin route - long delay tail, high average delay"
LBL-DEN,LBL,DEN,280.0,627,"Thin route - long delay tail, high average delay"
LCH-DFW,LCH,DFW,295.0,1044,"Thin route - reliable, short delay tail"
LCH-IAH,LCH,IAH,127.0,45,
LCK-CHS,LCK,CHS,503.0,4,
LCK-EYW,LCK,EYW,1054.0,21,
LCK-FLL,LCK,FLL,961.0,85,
LCK-MYR,LCK,MYR,478.0,118,
LCK-PGD,LCK,PGD,890.0,187,
LCK-PIE,LCK,PIE,821.0,172,
LCK-SAV,LCK,SAV,539.0,139,
LCK-SFB,LCK,SFB,767.0,162,
LCK-SRQ,LCK,SRQ,856.0,124,
LCK-VPS,LCK,VPS,675.0,123,
LEX-ATL,LEX,ATL,304.0,2054,"Thin route - reliable, short delay tail"
LEX-AUS,LEX,AUS,922.0,2,
LEX-CLT,LEX,CLT,281.0,1380,"Thin route - reliable, short delay tail"
LEX-DCA,LEX,DCA,414.0,304,"Thin route - reliable, short delay tail"
LEX-DEN,LEX,DEN,1086.0,365,"Thin route - reliable, short delay tail"
LEX-DFW,LEX,DFW,785.0,1213,"Trunk route - multi-carrier, unreliable"
LEX-DTW,LEX,DTW,296.0,788,"Thin route - reliable, short delay tail"
LEX-FLL,LEX,FLL,865.0,125,
LEX-LAS,LEX,LAS,1686.0,92,
LEX-LGA,LEX,LGA,604.0,96,
LEX-MIA,LEX,MIA,880.0,16,
LEX-MYR,LEX,MYR,438.0,20,
LEX-ORD,LEX,ORD,323.0,1710,"Thin route - long delay tail, high average delay"
LEX-PGD,LEX,PGD,781.0,164,
LEX-PHL,LEX,PHL,520.0,399,"Thin route - reliable, short delay tail"
LEX-PIE,LEX,PIE,707.0,176,
LEX-SFB,LEX,SFB,667.0,220,
LEX-SRQ,LEX,SRQ,743.0,90,
LEX-VPS,LEX,VPS,532.0,28,
LFT-ATL,LFT,ATL,503.0,177,
LFT-CLT,LFT,CLT,729.0,365,"Thin route - reliable, short delay tail"
LFT-DFW,LFT,DFW,351.0,1666,"Thin route - long delay tail, high average delay"
LFT-IAH,LFT,IAH,201.0,314,"Thin route - reliable, short delay tail"
LGA-ACK,LGA,ACK,202.0,412,"Thin route - reliable, short delay tail"
LGA-AGS,LGA,AGS,678.0,18,
LGA-ATL,LGA,ATL,762.0,8411,"Trunk route - multi-carrier, unreliable"
LGA-AVL,LGA,AVL,599.0,445,"Thin route - long delay tail, high average delay"
LGA-BGR,LGA,BGR,378.0,259,
LGA-BNA,LGA,BNA,764.0,3781,"Trunk route - multi-carrier, unreliable"
LGA-BOS,LGA,BOS,184.0,7343,"Trunk route - multi-carrier, unreliable"
LGA-BTV,LGA,BTV,258.0,62,
LGA-BUF,LGA,BUF,292.0,1758,"Thin route - long delay tail, high average delay"
LGA-BZN,LGA,BZN,1894.0,26,
LGA-CAE,LGA,CAE,617.0,617,"Thin route - long delay tail, high average delay"
LGA-CHO,LGA,CHO,305.0,352,"Thin route - long delay tail, high average delay"
LGA-CHS,LGA,CHS,641.0,1471,"Thin route - long delay tail, high average delay"
LGA-CLE,LGA,CLE,419.0,1793,"Thin route - long delay tail, high average delay"
LGA-CLT,LGA,CLT,544.0,4257,"Trunk route - multi-carrier, unreliable"
LGA-CMH,LGA,CMH,479.0,3047,"Trunk route - multi-carrier, unreliable"
LGA-CVG,LGA,CVG,585.0,314,"Thin route - long delay tail, high average delay"
LGA-DAB,LGA,DAB,897.0,2,
LGA-DAL,LGA,DAL,1381.0,1537,"Thin route - long delay tail, high average delay"
LGA-DAY,LGA,DAY,549.0,22,
LGA-DCA,LGA,DCA,214.0,4829,"Trunk route - multi-carrier, unreliable"
LGA-DEN,LGA,DEN,1620.0,4667,"Trunk route - multi-carrier, unreliable"
LGA-DFW,LGA,DFW,1389.0,6700,"Trunk route - multi-carrier, unreliable"
LGA-DSM,LGA,DSM,1031.0,260,
LGA-DTW,LGA,DTW,502.0,3935,"Trunk route - multi-carrier, unreliable"
LGA-EYW,LGA,EYW,1207.0,359,"Thin route - reliable, short delay tail"
LGA-FCA,LGA,FCA,2035.0,11,
LGA-FLL,LGA,FLL,1076.0,4692,"Trunk route - multi-carrier, unreliable"
LGA-GRR,LGA,GRR,618.0,940,"Thin route - long delay tail, high average delay"
LGA-GSO,LGA,GSO,461.0,1773,"Thin route - long delay tail, high average delay"
LGA-GSP,LGA,GSP,610.0,926,"Thin route - long delay tail, high average delay"
LGA-HHH,LGA,HHH,701.0,197,
LGA-HOU,LGA,HOU,1428.0,1359,"Thin route - long delay tail, high average delay"
LGA-HYA,LGA,HYA,197.0,77,
LGA-IAD,LGA,IAD,228.0,999,"Thin route - long delay tail, high average delay"
LGA-IAH,LGA,IAH,1416.0,4031,"Trunk route - multi-carrier, unreliable"
LGA-ILM,LGA,ILM,500.0,1027,"Thin route - long delay tail, high average delay"
LGA-IND,LGA,IND,660.0,2521,"Trunk route - multi-carrier, unreliable"
LGA-JAX,LGA,JAX,834.0,631,"Thin route - long delay tail, high average delay"
LGA-LEX,LGA,LEX,604.0,95,
LGA-LIT,LGA,LIT,1085.0,312,"Thin route - long delay tail, high average delay"
LGA-MCI,LGA,MCI,1107.0,1822,"Thin route - long delay tail, high average delay"
LGA-MCO,LGA,MCO,950.0,5216,"Trunk route - multi-carrier, unreliable"
LGA-MDW,LGA,MDW,725.0,2385,"Thin route - long delay tail, high average delay"
LGA-MEM,LGA,MEM,963.0,1067,"Thin route - long delay tail, high average delay"
LGA-MIA,LGA,MIA,1096.0,5986,"Trunk route - multi-carrier, unreliable"
LGA-MKE,LGA,MKE,738.0,841,"Thin route - reliable, short delay tail"
LGA-MSN,LGA,MSN,812.0,914,"Thin route - long delay tail, high average delay"
LGA-MSP,LGA,MSP,1020.0,1848,"Thin route - reliable, short delay tail"
LGA-MSY,LGA,MSY,1183.0,1420,"Trunk route - multi-carrier, unreliable"
LGA-MVY,LGA,MVY,175.0,321,"Thin route - reliable, short delay tail"
LGA-MYR,LGA,MYR,563.0,667,"Thin route - long delay tail, high average delay"
LGA-OKC,LGA,OKC,1341.0,774,"Thin route - long delay tail, high average delay"
LGA-OMA,LGA,OMA,1148.0,193,
LGA-ORD,LGA,ORD,733.0,11611,"Trunk route - multi-carrier, unreliable"
LGA-ORF,LGA,ORF,296.0,1289,"Thin route - long delay tail, high average delay"
LGA-PBI,LGA,PBI,1035.0,3208,"Trunk route - multi-carrier, unreliable"
LGA-PIT,LGA,PIT,335.0,3013,"Trunk route - multi-carrier, unreliable"
LGA-PNS,LGA,PNS,1030.0,13,
LGA-PWM,LGA,PWM,269.0,1183,"Trunk route - multi-carrier, unreliable"
LGA-RDU,LGA,RDU,431.0,2598,"Trunk route - multi-carrier, unreliable"
LGA-RIC,LGA,RIC,291.0,2276,"Thin route - long delay tail, high average delay"
LGA-ROA,LGA,ROA,405.0,347,"Thin route - long delay tail, high average delay"
LGA-ROC,LGA,ROC,254.0,120,
LGA-RSW,LGA,RSW,1080.0,897,"Thin route - long delay tail, high average delay"
LGA-SAV,LGA,SAV,722.0,578,"Thin route - long delay tail, high average delay"
LGA-SBN,LGA,SBN,651.0,14,
LGA-SDF,LGA,SDF,659.0,1036,"Thin route - reliable, short delay tail"
LGA-SJU,LGA,SJU,1608.0,8,
LGA-SLC,LGA,SLC,1983.0,18,
LGA-SRQ,LGA,SRQ,1047.0,547,"Thin route - reliable, short delay tail"
LGA-STL,LGA,STL,888.0,2623,"Trunk route - multi-carrier, unreliable"
LGA-SYR,LGA,SYR,198.0,206,
LGA-TPA,LGA,TPA,1010.0,2795,"Trunk route - multi-carrier, unreliable"
LGA-TUL,LGA,TUL,1231.0,625,"Thin route - long delay tail, high average delay"
LGA-TVC,LGA,TVC,655.0,78,
LGA-TYS,LGA,TYS,647.0,139,
LGA-XNA,LGA,XNA,1147.0,896,"Thin route - long delay tail, high average delay"
LGB-ABQ,LGB,ABQ,664.0,96,
LGB-AUS,LGB,AUS,1226.0,428,"Thin route - reliable, short delay tail"
LGB-BNA,LGB,BNA,1785.0,365,"Thin route - long-haul, rarely cancels"
LGB-BWI,LGB,BWI,2318.0,128,
LGB-BZN,LGB,BZN,904.0,7,
LGB-DAL,LGB,DAL,1232.0,509,"Thin route - reliable, short delay tail"
LGB-DEN,LGB,DEN,854.0,1007,"Thin route - reliable, short delay tail"
LGB-ELP,LGB,ELP,699.0,39,
LGB-HNL,LGB,HNL,2569.0,730,"Thin route - long-haul, rarely cancels"
LGB-HOU,LGB,HOU,1374.0,461,"Thin route - long-haul, rarely cancels"
LGB-LAS,LGB,LAS,231.0,2117,"Thin route - reliable, short delay tail"
LGB-MCO,LGB,MCO,2203.0,1,
LGB-MDW,LGB,MDW,1741.0,284,
LGB-MSY,LGB,MSY,1656.0,4,
LGB-OAK,LGB,OAK,353.0,1597,"Thin route - reliable, short delay tail"
LGB-OGG,LGB,OGG,2498.0,370,"Thin route - long-haul, rarely cancels"
LGB-PHX,LGB,PHX,355.0,1519,"Thin route - reliable, short delay tail"
LGB-RNO,LGB,RNO,402.0,694,"Thin route - reliable, short delay tail"
LGB-SJC,LGB,SJC,324.0,1239,"Thin route - reliable, short delay tail"
LGB-SLC,LGB,SLC,588.0,1567,"Thin route - reliable, short delay tail"
LGB-SMF,LGB,SMF,387.0,1869,"Thin route - reliable, short delay tail"
LGB-STL,LGB,STL,1581.0,84,
LIH-DEN,LIH,DEN,3414.0,379,"Thin route - long-haul, rarely cancels"
LIH-HNL,LIH,HNL,102.0,7725,"Trunk route - multi-carrier, unreliable"
LIH-KOA,LIH,KOA,263.0,365,"Thin route - reliable, short delay tail"
LIH-LAS,LIH,LAS,2817.0,365,"Thin route - long-haul, rarely cancels"
LIH-LAX,LIH,LAX,2615.0,1578,"Thin route - long-haul, rarely cancels"
LIH-OAK,LIH,OAK,2456.0,660,"Thin route - long-haul, rarely cancels"
LIH-OGG,LIH,OGG,202.0,1460,"Thin route - reliable, short delay tail"
LIH-PDX,LIH,PDX,2630.0,253,
LIH-PHX,LIH,PHX,2979.0,384,"Thin route - long-haul, rarely cancels"
LIH-SAN,LIH,SAN,2676.0,284,
LIH-SEA,LIH,SEA,2700.0,1094,"Thin route - long-haul, rarely cancels"
LIH-SFO,LIH,SFO,2446.0,898,"Thin route - long-haul, rarely cancels"
LIH-SJC,LIH,SJC,2465.0,160,
LIH-SMF,LIH,SMF,2508.0,209,
LIT-ATL,LIT,ATL,453.0,2294,"Thin route - reliable, short delay tail"
LIT-BNA,LIT,BNA,327.0,298,
LIT-CLT,LIT,CLT,640.0,1236,"Thin route - reliable, short delay tail"
LIT-DAL,LIT,DAL,296.0,1038,"Thin route - reliable, short delay tail"
LIT-DCA,LIT,DCA,888.0,364,"Thin route - reliable, short delay tail"
LIT-DEN,LIT,DEN,771.0,1572,"Trunk route - multi-carrier, unreliable"
LIT-DFW,LIT,DFW,304.0,2665,"Trunk route - multi-carrier, unreliable"
LIT-HOU,LIT,HOU,393.0,24,
LIT-IAH,LIT,IAH,374.0,653,"Thin route - long delay tail, high average delay"
LIT-LAS,LIT,LAS,1294.0,360,"Thin route - reliable, short delay tail"
LIT-LAX,LIT,LAX,1494.0,3,
LIT-LGA,LIT,LGA,1085.0,312,"Thin route - reliable, short delay tail"
LIT-MCO,LIT,MCO,776.0,11,
LIT-MIA,LIT,MIA,941.0,52,
LIT-ORD,LIT,ORD,552.0,1457,"Thin route - long delay tail, high average delay"
LIT-PHX,LIT,PHX,1136.0,306,"Thin route - reliable, short delay tail"
LIT-PIE,LIT,PIE,734.0,25,
LIT-SFB,LIT,SFB,765.0,53,
LIT-SLC,LIT,SLC,1156.0,271,
LIT-STL,LIT,STL,296.0,403,"Thin route - reliable, short delay tail"
LIT-VPS,LIT,VPS,443.0,27,
LNK-DEN,LNK,DEN,423.0,1588,"Thin route - reliable, short delay tail"
LNK-DFW,LNK,DFW,549.0,115,
LNK-DTW,LNK,DTW,701.0,1,
LNK-LAX,LNK,LAX,1279.0,1,
LNK-ORD,LNK,ORD,466.0,1585,"Thin route - long delay tail, high average delay"
LNS-ORD,LNS,ORD,620.0,101,
LRD-DFW,LRD,DFW,396.0,1541,"Thin route - reliable, short delay tail"
LRD-LAS,LRD,LAS,1092.0,111,
LSE-AZA,LSE,AZA,1318.0,51,
LSE-ORD,LSE,ORD,215.0,1051,"Thin route - reliable, short delay tail"
LSE-SFB,LSE,SFB,1180.0,21,
LWB-CLT,LWB,CLT,185.0,171,
LWB-ORD,LWB,ORD,489.0,140,
LWS-SEA,LWS,SEA,262.0,364,"Thin route - reliable, short delay tail"
LWS-SLC,LWS,SLC,461.0,365,"Thin route - reliable, short delay tail"
LYH-IAD,LYH,IAD,147.0,130,
LYH-ORD,LYH,ORD,564.0,130,
MAF-AUS,MAF,AUS,294.0,601,"Thin route - reliable, short delay tail"
MAF-DAL,MAF,DAL,319.0,1353,"Thin route - reliable, short delay tail"
MAF-DEN,MAF,DEN,563.0,1506,"Thin route - reliable, short delay tail"
MAF-DFW,MAF,DFW,309.0,2921,"Trunk route - multi-carrier, unreliable"
MAF-HOU,MAF,HOU,441.0,1357,"Thin route - reliable, short delay tail"
MAF-IAH,MAF,IAH,429.0,777,"Thin route - reliable, short delay tail"
MAF-LAS,MAF,LAS,795.0,365,"Thin route - reliable, short delay tail"
MAF-PHX,MAF,PHX,581.0,367,"Thin route - reliable, short delay tail"
MBS-DTW,MBS,DTW,98.0,1055,"Thin route - reliable, short delay tail"
MBS-ORD,MBS,ORD,222.0,1006,"Thin route - long delay tail, high average delay"
MCI-ABQ,MCI,ABQ,718.0,206,
MCI-ATL,MCI,ATL,692.0,3272,"Thin route - reliable, short delay tail"
MCI-AUS,MCI,AUS,650.0,982,"Thin route - reliable, short delay tail"
MCI-BNA,MCI,BNA,491.0,1374,"Thin route - reliable, short delay tail"
MCI-BOS,MCI,BOS,1256.0,646,"Thin route - long delay tail, high average delay"
MCI-BUF,MCI,BUF,870.0,1,
MCI-BUR,MCI,BUR,1354.0,35,
MCI-BWI,MCI,BWI,966.0,882,"Thin route - reliable, short delay tail"
MCI-CHS,MCI,CHS,930.0,8,
MCI-CLT,MCI,CLT,808.0,1194,"Thin route - reliable, short delay tail"
MCI-CMH,MCI,CMH,632.0,21,
MCI-DAL,MCI,DAL,461.0,2032,"Thin route - reliable, short delay tail"
MCI-DCA,MCI,DCA,949.0,1927,"Trunk route - multi-carrier, unreliable"
MCI-DEN,MCI,DEN,533.0,4327,"Trunk route - multi-carrier, unreliable"
MCI-DFW,MCI,DFW,460.0,2525,"Trunk route - multi-carrier, unreliable"
MCI-DTW,MCI,DTW,629.0,1342,"Thin route - reliable, short delay tail"
MCI-ECP,MCI,ECP,797.0,99,
MCI-EWR,MCI,EWR,1092.0,489,"Thin route - reliable, short delay tail"
MCI-FLL,MCI,FLL,1242.0,551,"Thin route - long-haul, rarely cancels"
MCI-GUF,MCI,GUF,738.0,40,
MCI-HOU,MCI,HOU,666.0,1001,"Thin route - reliable, short delay tail"
MCI-IAD,MCI,IAD,926.0,144,
MCI-IAH,MCI,IAH,643.0,486,"Thin route - reliable, short delay tail"
MCI-IND,MCI,IND,451.0,350,"Thin route - reliable, short delay tail"
MCI-JAX,MCI,JAX,954.0,4,
MCI-JFK,MCI,JFK,1113.0,1,
MCI-LAS,MCI,LAS,1139.0,2008,"Trunk route - multi-carrier, unreliable"
MCI-LAX,MCI,LAX,1363.0,1313,"Thin route - long-haul, rarely cancels"
MCI-LGA,MCI,LGA,1107.0,1822,"Trunk route - multi-carrier, unreliable"
MCI-MCO,MCI,MCO,1072.0,1554,"Trunk route - multi-carrier, unreliable"
MCI-MDW,MCI,MDW,404.0,2107,"Thin route - reliable, short delay tail"
MCI-MIA,MCI,MIA,1251.0,844,"Thin route - reliable, short delay tail"
MCI-MKE,MCI,MKE,436.0,349,"Thin route - reliable, short delay tail"
MCI-MSP,MCI,MSP,393.0,1053,"Thin route - reliable, short delay tail"
MCI-MSY,MCI,MSY,690.0,364,"Thin route - reliable, short delay tail"
MCI-MYR,MCI,MYR,959.0,17,
MCI-OAK,MCI,OAK,1489.0,159,
MCI-ORD,MCI,ORD,403.0,4197,"Trunk route - multi-carrier, unreliable"
MCI-ORF,MCI,ORF,1021.0,7,
MCI-PDX,MCI,PDX,1482.0,347,"Thin route - long-haul, rarely cancels"
MCI-PGD,MCI,PGD,1125.0,99,
MCI-PHL,MCI,PHL,1038.0,906,"Thin route - reliable, short delay tail"
MCI-PHX,MCI,PHX,1044.0,2474,"Trunk route - multi-carrier, unreliable"
MCI-PIE,MCI,PIE,1045.0,108,
MCI-PNS,MCI,PNS,743.0,190,
MCI-RDU,MCI,RDU,904.0,46,
MCI-RSW,MCI,RSW,1155.0,219,
MCI-SAN,MCI,SAN,1334.0,385,"Thin route - long-haul, rarely cancels"
MCI-SAT,MCI,SAT,706.0,270,
MCI-SAV,MCI,SAV,905.0,7,
MCI-SDF,MCI,SDF,491.0,2,
MCI-SEA,MCI,SEA,1490.0,1131,"Thin route - long-haul, rarely cancels"
MCI-SFO,MCI,SFO,1499.0,365,"Thin route - long delay tail, high average delay"
MCI-SLC,MCI,SLC,920.0,1009,"Thin route - reliable, short delay tail"
MCI-SMF,MCI,SMF,1442.0,207,
MCI-SRQ,MCI,SRQ,1078.0,21,
MCI-STL,MCI,STL,237.0,1020,"Thin route - reliable, short delay tail"
MCI-TPA,MCI,TPA,1048.0,672,"Thin route - reliable, short delay tail"
MCI-VPS,MCI,VPS,764.0,87,
MCO-ABE,MCO,ABE,906.0,108,
MCO-ABQ,MCO,ABQ,1553.0,34,
MCO-ACY,MCO,ACY,852.0,520,"Thin route - long delay tail, high average delay"
MCO-ALB,MCO,ALB,1073.0,1042,"Thin route - long delay tail, high average delay"
MCO-ATL,MCO,ATL,404.0,8202,"Trunk route - multi-carrier, unreliable"
MCO-ATW,MCO,ATW,1162.0,57,
MCO-AUS,MCO,AUS,994.0,2833,"Trunk route - multi-carrier, unreliable"
MCO-AVL,MCO,AVL,488.0,119,
MCO-BDL,MCO,BDL,1050.0,1893,"Trunk route - multi-carrier, unreliable"
MCO-BHM,MCO,BHM,479.0,849,"Thin route - long delay tail, high average delay"
MCO-BNA,MCO,BNA,616.0,3506,"Trunk route - multi-carrier, unreliable"
MCO-BOS,MCO,BOS,1121.0,4625,"Trunk route - multi-carrier, unreliable"
MCO-BQN,MCO,BQN,1129.0,1004,"Thin route - long delay tail, high average delay"
MCO-BTV,MCO,BTV,1194.0,13,
MCO-BUF,MCO,BUF,1011.0,1790,"Thin route - long delay tail, high average delay"
MCO-BWI,MCO,BWI,787.0,4695,"Trunk route - multi-carrier, unreliable"
MCO-CAE,MCO,CAE,380.0,20,
MCO-CHA,MCO,CHA,510.0,30,
MCO-CLE,MCO,CLE,895.0,2112,"Trunk route - multi-carrier, unreliable"
MCO-CLT,MCO,CLT,468.0,4739,"Trunk route - multi-carrier, unreliable"
MCO-CMH,MCO,CMH,802.0,2150,"Trunk route - multi-carrier, unreliable"
MCO-CVG,MCO,CVG,757.0,1793,"Trunk route - multi-carrier, unreliable"
MCO-DAL,MCO,DAL,973.0,2633,"Trunk route - multi-carrier, unreliable"
MCO-DCA,MCO,DCA,759.0,4579,"Trunk route - multi-carrier, unreliable"
MCO-DEN,MCO,DEN,1547.0,4539,"Trunk route - multi-carrier, unreliable"
MCO-DFW,MCO,DFW,985.0,4903,"Trunk route - multi-carrier, unreliable"
MCO-DSM,MCO,DSM,1141.0,20,
MCO-DTW,MCO,DTW,957.0,3638,"Trunk route - multi-carrier, unreliable"
MCO-ELP,MCO,ELP,1516.0,34,
MCO-EWR,MCO,EWR,937.0,6532,"Trunk route - multi-carrier, unreliable"
MCO-FLL,MCO,FLL,177.0,1452,"Trunk route - multi-carrier, unreliable"
MCO-GRR,MCO,GRR,1024.0,396,"Thin route - reliable, short delay tail"
MCO-HOU,MCO,HOU,849.0,2041,"Thin route - reliable, short delay tail"
MCO-HPN,MCO,HPN,972.0,1185,"Thin route - long delay tail, high average delay"
MCO-IAD,MCO,IAD,758.0,2178,"Thin route - reliable, short delay tail"
MCO-IAH,MCO,IAH,854.0,3627,"Trunk route - multi-carrier, unreliable"
MCO-ICT,MCO,ICT,1129.0,8,
MCO-IND,MCO,IND,829.0,2429,"Trunk route - multi-carrier, unreliable"
MCO-ISP,MCO,ISP,971.0,1423,"Trunk route - multi-carrier, unreliable"
MCO-JAN,MCO,JAN,588.0,11,
MCO-JFK,MCO,JFK,944.0,4856,"Trunk route - multi-carrier, unreliable"
MCO-LAS,MCO,LAS,2039.0,1927,"Thin route - long-haul, rarely cancels"
MCO-LAX,MCO,LAX,2218.0,3556,"Trunk route - multi-carrier, unreliable"
MCO-LBE,MCO,LBE,823.0,198,
MCO-LGA,MCO,LGA,950.0,5216,"Trunk route - multi-carrier, unreliable"
MCO-LGB,MCO,LGB,2203.0,1,
MCO-LIT,MCO,LIT,776.0,11,
MCO-MCI,MCO,MCI,1072.0,1558,"Trunk route - multi-carrier, unreliable"
MCO-MDT,MCO,MDT,851.0,99,
MCO-MDW,MCO,MDW,990.0,2760,"Trunk route - multi-carrier, unreliable"
MCO-MEM,MCO,MEM,684.0,738,"Thin route - long delay tail, high average delay"
MCO-MHT,MCO,MHT,1142.0,837,"Thin route - reliable, short delay tail"
MCO-MIA,MCO,MIA,192.0,3765,"Trunk route - multi-carrier, unreliable"
MCO-MKE,MCO,MKE,1066.0,1420,"Trunk route - multi-carrier, unreliable"
MCO-MSN,MCO,MSN,1109.0,18,
MCO-MSP,MCO,MSP,1310.0,1943,"Trunk route - multi-carrier, unreliable"
MCO-MSY,MCO,MSY,551.0,2272,"Trunk route - multi-carrier, unreliable"
MCO-MYR,MCO,MYR,388.0,192,
MCO-OKC,MCO,OKC,1069.0,327,"Thin route - long delay tail, high average delay"
MCO-OMA,MCO,OMA,1211.0,378,"Thin route - long-haul, rarely cancels"
MCO-ORD,MCO,ORD,1005.0,6276,"Trunk route - multi-carrier, unreliable"
MCO-ORF,MCO,ORF,655.0,801,"Thin route - long delay tail, high average delay"
MCO-ORH,MCO,ORH,1091.0,362,"Thin route - reliable, short delay tail"
MCO-PBI,MCO,PBI,141.0,607,"Thin route - long delay tail, high average delay"
MCO-PDX,MCO,PDX,2535.0,390,"Thin route - long-haul, rarely cancels"
MCO-PHL,MCO,PHL,862.0,5330,"Trunk route - multi-carrier, unreliable"
MCO-PHX,MCO,PHX,1849.0,1852,"Thin route - long-haul, rarely cancels"
MCO-PIT,MCO,PIT,834.0,2219,"Trunk route - multi-carrier, unreliable"
MCO-PNS,MCO,PNS,381.0,281,
MCO-PSE,MCO,PSE,1178.0,617,"Thin route - reliable, short delay tail"
MCO-PVD,MCO,PVD,1072.0,1590,"Thin route - long delay tail, high average delay"
MCO-PWM,MCO,PWM,1214.0,93,
MCO-RDU,MCO,RDU,534.0,2704,"Trunk route - multi-carrier, unreliable"
MCO-RIC,MCO,RIC,667.0,1187,"Thin route - long delay tail, high average delay"
MCO-ROC,MCO,ROC,1033.0,503,"Thin route - long delay tail, high average delay"
MCO-RSW,MCO,RSW,133.0,608,"Thin route - long delay tail, high average delay"
MCO-SAN,MCO,SAN,2149.0,1093,"Thin route - long-haul, rarely cancels"
MCO-SAT,MCO,SAT,1041.0,1086,"Trunk route - multi-carrier, unreliable"
MCO-SDF,MCO,SDF,719.0,856,"Trunk route - multi-carrier, unreliable"
MCO-SEA,MCO,SEA,2554.0,1822,"Thin route - long-haul, rarely cancels"
MCO-SFO,MCO,SFO,2446.0,1409,"Thin route - long-haul, rarely cancels"
MCO-SJU,MCO,SJU,1188.0,6076,"Trunk route - multi-carrier, unreliable"
MCO-SLC,MCO,SLC,1931.0,1506,"Thin route - long-haul, rarely cancels"
MCO-SMF,MCO,SMF,2408.0,323,"Thin route - long-haul, rarely cancels"
MCO-SRQ,MCO,SRQ,104.0,607,"Thin route - long delay tail, high average delay"
MCO-STL,MCO,STL,882.0,2497,"Trunk route - multi-carrier, unreliable"
MCO-STT,MCO,STT,1246.0,392,"Thin route - long-haul, rarely cancels"
MCO-SYR,MCO,SYR,1053.0,701,"Thin route - reliable, short delay tail"
MCO-TTN,MCO,TTN,896.0,540,"Thin route - long delay tail, high average delay"
MCO-TUL,MCO,TUL,1006.0,175,
MCO-TYS,MCO,TYS,532.0,264,
MCW-ORD,MCW,ORD,288.0,627,"Thin route - long delay tail, high average delay"
MDT-ATL,MDT,ATL,620.0,1002,"Thin route - reliable, short delay tail"
MDT-BNA,MDT,BNA,608.0,73,
MDT-BOS,MDT,BOS,335.0,115,
MDT-CLT,MDT,CLT,413.0,744,"Thin route - reliable, short delay tail"
MDT-DFW,MDT,DFW,1231.0,365,"Thin route - reliable, short delay tail"
MDT-DTW,MDT,DTW,371.0,314,"Thin route - long delay tail, high average delay"
MDT-EUG,MDT,EUG,2369.0,1,
MDT-FLL,MDT,FLL,993.0,55,
MDT-JAX,MDT,JAX,724.0,73,
MDT-LAX,MDT,LAX,2320.0,1,
MDT-MCO,MDT,MCO,851.0,99,
MDT-MIA,MDT,MIA,1013.0,13,
MDT-MYR,MDT,MYR,465.0,73,
MDT-ORD,MDT,ORD,594.0,2131,"Trunk route - multi-carrier, unreliable"
MDT-PGD,MDT,PGD,963.0,152,
MDT-PHL,MDT,PHL,84.0,1,
MDT-PIE,MDT,PIE,912.0,165,
MDT-SFB,MDT,SFB,827.0,278,
MDT-SRQ,MDT,SRQ,942.0,112,
MDW-ABQ,MDW,ABQ,1121.0,449,"Thin route - reliable, short delay tail"
MDW-ALB,MDW,ALB,717.0,728,"Thin route - long delay tail, high average delay"
MDW-ATL,MDW,ATL,591.0,3527,"Trunk route - multi-carrier, unreliable"
MDW-AUS,MDW,AUS,972.0,1357,"Thin route - reliable, short delay tail"
MDW-AVL,MDW,AVL,521.0,57,
MDW-BDL,MDW,BDL,776.0,823,"Thin route - reliable, short delay tail"
MDW-BHM,MDW,BHM,570.0,458,"Thin route - reliable, short delay tail"
MDW-BNA,MDW,BNA,395.0,1869,"Thin route - reliable, short delay tail"
MDW-BOI,MDW,BOI,1448.0,87,
MDW-BOS,MDW,BOS,861.0,1360,"Thin route - long delay tail, high average delay"
MDW-BUF,MDW,BUF,468.0,824,"Thin route - reliable, short delay tail"
MDW-BUR,MDW,BUR,1740.0,322,"Thin route - long-haul, rarely cancels"
MDW-BWI,MDW,BWI,611.0,1857,"Thin route - reliable, short delay tail"
MDW-BZN,MDW,BZN,1198.0,120,
MDW-CHS,MDW,CHS,745.0,367,"Thin route - reliable, short delay tail"
MDW-CLE,MDW,CLE,307.0,1109,"Thin route - reliable, short delay tail"
MDW-CLT,MDW,CLT,584.0,719,"Thin route - reliable, short delay tail"
MDW-CMH,MDW,CMH,283.0,1235,"Thin route - reliable, short delay tail"
MDW-COS,MDW,COS,917.0,189,
MDW-CVG,MDW,CVG,249.0,538,"Thin route - reliable, short delay tail"
MDW-DAL,MDW,DAL,793.0,2185,"Thin route - reliable, short delay tail"
MDW-DCA,MDW,DCA,601.0,2100,"Thin route - long delay tail, high average delay"
MDW-DEN,MDW,DEN,895.0,2271,"Trunk route - multi-carrier, unreliable"
MDW-DFW,MDW,DFW,797.0,291,
MDW-DSM,MDW,DSM,306.0,290,
MDW-DTW,MDW,DTW,228.0,1254,"Thin route - reliable, short delay tail"
MDW-ECP,MDW,ECP,795.0,168,
MDW-ELP,MDW,ELP,1237.0,211,
MDW-EWR,MDW,EWR,711.0,71,
MDW-FLL,MDW,FLL,1167.0,1123,"Thin route - reliable, short delay tail"
MDW-GEG,MDW,GEG,1511.0,86,
MDW-GRR,MDW,GRR,137.0,931,"Thin route - reliable, short delay tail"
MDW-HOU,MDW,HOU,937.0,1857,"Thin route - reliable, short delay tail"
MDW-IAH,MDW,IAH,917.0,113,
MDW-ICT,MDW,ICT,589.0,290,
MDW-IND,MDW,IND,162.0,732,"Thin route - reliable, short delay tail"
MDW-JAX,MDW,JAX,848.0,416,"Thin route - reliable, short delay tail"
MDW-LAS,MDW,LAS,1521.0,2273,"Thin route - long-haul, rarely cancels"
MDW-LAX,MDW,LAX,1751.0,1298,"Thin route - long-haul, rarely cancels"
MDW-LGA,MDW,LGA,725.0,2385,"Thin route - long delay tail, high average delay"
MDW-LGB,MDW,LGB,1741.0,284,
MDW-MCI,MDW,MCI,404.0,2102,"Thin route - reliable, short delay tail"
MDW-MCO,MDW,MCO,990.0,2756,"Trunk route - multi-carrier, unreliable"
MDW-MEM,MDW,MEM,480.0,670,"Thin route - reliable, short delay tail"
MDW-MHT,MDW,MHT,838.0,522,"Thin route - reliable, short delay tail"
MDW-MIA,MDW,MIA,1182.0,503,"Thin route - long-haul, rarely cancels"
MDW-MKE,MDW,MKE,80.0,298,
MDW-MSP,MDW,MSP,349.0,2368,"Trunk route - multi-carrier, unreliable"
MDW-MSY,MDW,MSY,825.0,1013,"Thin route - reliable, short delay tail"
MDW-MYR,MDW,MYR,738.0,333,"Thin route - reliable, short delay tail"
MDW-OAK,MDW,OAK,1844.0,505,"Thin route - long delay tail, high average delay"
MDW-OKC,MDW,OKC,691.0,559,"Thin route - reliable, short delay tail"
MDW-OMA,MDW,OMA,423.0,1326,"Thin route - reliable, short delay tail"
MDW-ONT,MDW,ONT,1706.0,360,"Thin route - long-haul, rarely cancels"
MDW-ORF,MDW,ORF,704.0,578,"Thin route - reliable, short delay tail"
MDW-PDX,MDW,PDX,1751.0,683,"Thin route - long delay tail, high average delay"
MDW-PGD,MDW,PGD,1076.0,99,
MDW-PHL,MDW,PHL,668.0,1522,"Thin route - reliable, short delay tail"
MDW-PHX,MDW,PHX,1444.0,2738,"Trunk route - multi-carrier, unreliable"
MDW-PIT,MDW,PIT,402.0,1116,"Thin route - reliable, short delay tail"
MDW-PNS,MDW,PNS,781.0,124,
MDW-PSP,MDW,PSP,1657.0,27,
MDW-PVD,MDW,PVD,842.0,779,"Thin route - reliable, short delay tail"
MDW-PVU,MDW,PVU,1254.0,24,
MDW-PWM,MDW,PWM,895.0,151,
MDW-RDU,MDW,RDU,632.0,960,"Thin route - reliable, short delay tail"
MDW-RIC,MDW,RIC,629.0,413,"Thin route - reliable, short delay tail"
MDW-RNO,MDW,RNO,1680.0,102,
MDW-ROC,MDW,ROC,523.0,496,"Thin route - long delay tail, high average delay"
MDW-RSW,MDW,RSW,1105.0,1162,"Thin route - reliable, short delay tail"
MDW-SAN,MDW,SAN,1728.0,1092,"Thin route - long-haul, rarely cancels"
MDW-SAT,MDW,SAT,1036.0,661,"Thin route - reliable, short delay tail"
MDW-SAV,MDW,SAV,758.0,389,"Thin route - reliable, short delay tail"
MDW-SDF,MDW,SDF,271.0,978,"Thin route - reliable, short delay tail"
MDW-SEA,MDW,SEA,1733.0,678,"Thin route - long delay tail, high average delay"
MDW-SFO,MDW,SFO,1855.0,485,"Thin route - long delay tail, high average delay"
MDW-SJC,MDW,SJC,1838.0,519,"Thin route - long-haul, rarely cancels"
MDW-SJU,MDW,SJU,2057.0,53,
MDW-SLC,MDW,SLC,1259.0,619,"Thin route - long delay tail, high average delay"
MDW-SMF,MDW,SMF,1790.0,675,"Thin route - long delay tail, high average delay"
MDW-SRQ,MDW,SRQ,1035.0,520,"Thin route - reliable, short delay tail"
MDW-STL,MDW,STL,251.0,1708,"Thin route - reliable, short delay tail"
MDW-TPA,MDW,TPA,997.0,1581,"Thin route - reliable, short delay tail"
MDW-TUL,MDW,TUL,583.0,451,"Thin route - reliable, short delay tail"
MDW-TUS,MDW,TUS,1440.0,286,
MDW-TYS,MDW,TYS,459.0,57,
MDW-VPS,MDW,VPS,782.0,79,
MEI-IAH,MEI,IAH,422.0,627,"Thin route - reliable, short delay tail"
MEM-ATL,MEM,ATL,332.0,3422,"Thin route - reliable, short delay tail"
MEM-AUS,MEM,AUS,559.0,365,"Thin route - reliable, short delay tail"
MEM-BNA,MEM,BNA,200.0,515,"Thin route - reliable, short delay tail"
MEM-BOS,MEM,BOS,1139.0,294,
MEM-BWI,MEM,BWI,787.0,279,
MEM-CLT,MEM,CLT,511.0,1742,"Thin route - reliable, short delay tail"
MEM-DAL,MEM,DAL,423.0,457,"Thin route - reliable, short delay tail"
MEM-DCA,MEM,DCA,762.0,1125,"Trunk route - multi-carrier, unreliable"
MEM-DEN,MEM,DEN,872.0,1364,"Trunk route - multi-carrier, unreliable"
MEM-DFW,MEM,DFW,431.0,2353,"Trunk route - multi-carrier, unreliable"
MEM-DTW,MEM,DTW,610.0,1010,"Trunk route - multi-carrier, unreliable"
MEM-EWR,MEM,EWR,946.0,483,"Thin route - reliable, short delay tail"
MEM-FLL,MEM,FLL,851.0,207,
MEM-HOU,MEM,HOU,484.0,831,"Thin route - reliable, short delay tail"
MEM-IAH,MEM,IAH,468.0,1086,"Thin route - reliable, short delay tail"
MEM-JFK,MEM,JFK,964.0,36,
MEM-LAS,MEM,LAS,1416.0,584,"Thin route - long-haul, rarely cancels"
MEM-LAX,MEM,LAX,1619.0,256,
MEM-LGA,MEM,LGA,963.0,1064,"Thin route - long delay tail, high average delay"
MEM-MCO,MEM,MCO,684.0,739,"Thin route - reliable, short delay tail"
MEM-MDW,MEM,MDW,480.0,670,"Thin route - reliable, short delay tail"
MEM-MIA,MEM,MIA,859.0,559,"Thin route - reliable, short delay tail"
MEM-MSP,MEM,MSP,700.0,900,"Thin route - reliable, short delay tail"
MEM-ORD,MEM,ORD,491.0,2509,"Trunk route - multi-carrier, unreliable"
MEM-PHL,MEM,PHL,875.0,758,"Thin route - reliable, short delay tail"
MEM-PHX,MEM,PHX,1264.0,486,"Thin route - long-haul, rarely cancels"
MEM-PIE,MEM,PIE,653.0,96,
MEM-SFB,MEM,SFB,671.0,92,
MEM-SLC,MEM,SLC,1262.0,365,"Thin route - reliable, short delay tail"
MEM-TPA,MEM,TPA,655.0,29,
MEM-TYS,MEM,TYS,342.0,26,
MEM-VPS,MEM,VPS,373.0,21,
MFE-AUS,MFE,AUS,279.0,1032,"Thin route - reliable, short delay tail"
MFE-DFW,MFE,DFW,469.0,2417,"Trunk route - multi-carrier, unreliable"
MFE-IAH,MFE,IAH,316.0,689,"Thin route - reliable, short delay tail"
MFE-LAS,MFE,LAS,1210.0,426,"Thin route - reliable, short delay tail"
MFE-LAX,MFE,LAX,1319.0,5,
MFE-PHX,MFE,PHX,965.0,57,
MFE-SFB,MFE,SFB,1059.0,110,
MFR-DEN,MFR,DEN,964.0,728,"Thin route - reliable, short delay tail"
MFR-LAS,MFR,LAS,600.0,152,
MFR-LAX,MFR,LAX,630.0,138,
MFR-PDX,MFR,PDX,222.0,271,
MFR-PHX,MFR,PHX,855.0,753,"Thin route - reliable, short delay tail"
MFR-SAN,MFR,SAN,734.0,137,
MFR-SEA,MFR,SEA,352.0,1275,"Thin route - reliable, short delay tail"
MFR-SFO,MFR,SFO,329.0,1031,"Thin route - long delay tail, high average delay"
MFR-SLC,MFR,SLC,575.0,729,"Thin route - reliable, short delay tail"
MFR-SNA,MFR,SNA,659.0,94,
MGM-ATL,MGM,ATL,147.0,187,
MGM-DCA,MGM,DCA,693.0,294,
MGM-DFW,MGM,DFW,622.0,1058,"Thin route - long delay tail, high average delay"
MGM-IAH,MGM,IAH,554.0,232,
MGM-STL,MGM,STL,498.0,1,
MGW-IAD,MGW,IAD,140.0,362,"Thin route - long delay tail, high average delay"
MGW-ORD,MGW,ORD,449.0,330,"Thin route - long delay tail, high average delay"
MHK-DFW,MHK,DFW,431.0,1086,"Thin route - reliable, short delay tail"
MHK-ORD,MHK,ORD,501.0,575,"Thin route - long delay tail, high average delay"
MHT-BWI,MHT,BWI,377.0,1746,"Thin route - reliable, short delay tail"
MHT-CLT,MHT,CLT,738.0,918,"Thin route - long delay tail, high average delay"
MHT-DCA,MHT,DCA,406.0,1082,"Thin route - long delay tail, high average delay"
MHT-FLL,MHT,FLL,1262.0,110,
MHT-JFK,MHT,JFK,199.0,34,
MHT-MCO,MHT,MCO,1142.0,837,"Thin route - reliable, short delay tail"
MHT-MDW,MHT,MDW,838.0,523,"Thin route - reliable, short delay tail"
MHT-ORD,MHT,ORD,843.0,602,"Thin route - reliable, short delay tail"
MHT-RSW,MHT,RSW,1271.0,81,
MHT-TPA,MHT,TPA,1204.0,61,
MIA-ACY,MIA,ACY,998.0,27,
MIA-AGS,MIA,AGS,531.0,9,
MIA-ALB,MIA,ALB,1225.0,22,
MIA-ATL,MIA,ATL,594.0,6261,"Trunk route - multi-carrier, unreliable"
MIA-AUS,MIA,AUS,1103.0,2192,"Trunk route - multi-carrier, unreliable"
MIA-AVL,MIA,AVL,677.0,222,
MIA-BDL,MIA,BDL,1194.0,428,"Thin route - long delay tail, high average delay"
MIA-BHM,MIA,BHM,661.0,650,"Thin route - reliable, short delay tail"
MIA-BNA,MIA,BNA,806.0,2536,"Trunk route - multi-carrier, unreliable"
MIA-BOS,MIA,BOS,1258.0,3381,"Trunk route - multi-carrier, unreliable"
MIA-BQN,MIA,BQN,981.0,1,
MIA-BUF,MIA,BUF,1185.0,25,
MIA-BWI,MIA,BWI,946.0,2286,"Trunk route - multi-carrier, unreliable"
MIA-CAE,MIA,CAE,563.0,15,
MIA-CHA,MIA,CHA,701.0,29,
MIA-CHS,MIA,CHS,489.0,1006,"Thin route - long delay tail, high average delay"
MIA-CID,MIA,CID,1286.0,22,
MIA-CLE,MIA,CLE,1080.0,870,"Trunk route - multi-carrier, unreliable"
MIA-CLT,MIA,CLT,650.0,3722,"Trunk route - multi-carrier, unreliable"
MIA-CMH,MIA,CMH,990.0,1152,"Trunk route - multi-carrier, unreliable"
MIA-CVG,MIA,CVG,948.0,983,"Trunk route - multi-carrier, unreliable"
MIA-DAL,MIA,DAL,1109.0,419,"Thin route - long delay tail, high average delay"
MIA-DCA,MIA,DCA,919.0,3956,"Trunk route - multi-carrier, unreliable"
MIA-DEN,MIA,DEN,1709.0,2469,"Trunk route - multi-carrier, unreliable"
MIA-DFW,MIA,DFW,1121.0,4818,"Trunk route - multi-carrier, unreliable"
MIA-DSM,MIA,DSM,1327.0,180,
MIA-DTW,MIA,DTW,1145.0,1774,"Trunk route - multi-carrier, unreliable"
MIA-EGE,MIA,EGE,1810.0,126,
MIA-EUG,MIA,EUG,2704.0,1,
MIA-EWR,MIA,EWR,1085.0,3951,"Trunk route - multi-carrier, unreliable"
MIA-EYW,MIA,EYW,126.0,1250,"Thin route - reliable, short delay tail"
MIA-GNV,MIA,GNV,294.0,384,"Thin route - reliable, short delay tail"
MIA-GRR,MIA,GRR,1214.0,225,
MIA-GSO,MIA,GSO,710.0,519,"Thin route - reliable, short delay tail"
MIA-GSP,MIA,GSP,637.0,727,"Thin route - reliable, short delay tail"
MIA-HOU,MIA,HOU,955.0,290,
MIA-HPN,MIA,HPN,1118.0,189,
MIA-HSV,MIA,HSV,722.0,31,
MIA-IAD,MIA,IAD,922.0,625,"Thin route - reliable, short delay tail"
MIA-IAH,MIA,IAH,964.0,3713,"Trunk route - multi-carrier, unreliable"
MIA-ICT,MIA,ICT,1295.0,33,
MIA-ILM,MIA,ILM,601.0,456,"Thin route - reliable, short delay tail"
MIA-IND,MIA,IND,1020.0,934,"Trunk route - multi-carrier, unreliable"
MIA-ISP,MIA,ISP,1113.0,4,
MIA-JAN,MIA,JAN,742.0,20,
MIA-JAX,MIA,JAX,335.0,1494,"Trunk route - multi-carrier, unreliable"
MIA-JFK,MIA,JFK,1089.0,4530,"Trunk route - multi-carrier, unreliable"
MIA-LAS,MIA,LAS,2174.0,1419,"Thin route - long-haul, rarely cancels"
MIA-LAX,MIA,LAX,2342.0,3250,"Thin route - long-haul, rarely cancels"
MIA-LBB,MIA,LBB,1399.0,6,
MIA-LEX,MIA,LEX,880.0,16,
MIA-LGA,MIA,LGA,1096.0,5990,"Trunk route - multi-carrier, unreliable"
MIA-LIT,MIA,LIT,941.0,52,
MIA-MCI,MIA,MCI,1251.0,844,"Trunk route - multi-carrier, unreliable"
MIA-MCO,MIA,MCO,192.0,3765,"Trunk route - multi-carrier, unreliable"
MIA-MDT,MIA,MDT,1013.0,13,
MIA-MDW,MIA,MDW,1182.0,503,"Thin route - long delay tail, high average delay"
MIA-MEM,MIA,MEM,859.0,559,"Thin route - long delay tail, high average delay"
MIA-MKE,MIA,MKE,1258.0,132,
MIA-MSN,MIA,MSN,1300.0,22,
MIA-MSP,MIA,MSP,1501.0,1128,"Thin route - long delay tail, high average delay"
MIA-MSY,MIA,MSY,674.0,1525,"Trunk route - multi-carrier, unreliable"
MIA-MYR,MIA,MYR,549.0,1,
MIA-OKC,MIA,OKC,1222.0,212,
MIA-OMA,MIA,OMA,1393.0,176,
MIA-ORD,MIA,ORD,1197.0,4450,"Trunk route - multi-carrier, unreliable"
MIA-ORF,MIA,ORF,802.0,638,"Trunk route - multi-carrier, unreliable"
MIA-PDX,MIA,PDX,2700.0,341,"Thin route - long-haul, rarely cancels"
MIA-PHL,MIA,PHL,1013.0,3249,"Trunk route - multi-carrier, unreliable"
MIA-PHX,MIA,PHX,1972.0,1834,"Thin route - long-haul, rarely cancels"
MIA-PIT,MIA,PIT,1013.0,711,"Trunk route - multi-carrier, unreliable"
MIA-PNS,MIA,PNS,530.0,1210,"Thin route - reliable, short delay tail"
MIA-RDU,MIA,RDU,700.0,2356,"Trunk route - multi-carrier, unreliable"
MIA-RIC,MIA,RIC,826.0,586,"Thin route - long delay tail, high average delay"
MIA-ROC,MIA,ROC,1203.0,22,
MIA-SAN,MIA,SAN,2267.0,649,"Thin route - long-haul, rarely cancels"
MIA-SAT,MIA,SAT,1143.0,483,"Thin route - long delay tail, high average delay"
MIA-SAV,MIA,SAV,440.0,789,"Thin route - reliable, short delay tail"
MIA-SDF,MIA,SDF,910.0,430,"Thin route - long delay tail, high average delay"
MIA-SEA,MIA,SEA,2724.0,1212,"Thin route - long-haul, rarely cancels"
MIA-SFO,MIA,SFO,2585.0,1746,"Thin route - long-haul, rarely cancels"
MIA-SGF,MIA,SGF,1102.0,33,
MIA-SJC,MIA,SJC,2559.0,3,
MIA-SJU,MIA,SJU,1045.0,2638,"Trunk route - multi-carrier, unreliable"
MIA-SLC,MIA,SLC,2088.0,796,"Thin route - long-haul, rarely cancels"
MIA-SMF,MIA,SMF,2552.0,25,
MIA-SRQ,MIA,SRQ,178.0,333,"Thin route - reliable, short delay tail"
MIA-STL,MIA,STL,1068.0,1167,"Trunk route - multi-carrier, unreliable"
MIA-STT,MIA,STT,1107.0,941,"Thin route - reliable, short delay tail"
MIA-STX,MIA,STX,1139.0,681,"Thin route - reliable, short delay tail"
MIA-SYR,MIA,SYR,1217.0,39,
MIA-TLH,MIA,TLH,402.0,1191,"Thin route - reliable, short delay tail"
MIA-TPA,MIA,TPA,204.0,2937,"Trunk route - multi-carrier, unreliable"
MIA-TUL,MIA,TUL,1168.0,120,
MIA-TYS,MIA,TYS,724.0,487,"Thin route - reliable, short delay tail"
MIA-VPS,MIA,VPS,499.0,226,
MIA-XNA,MIA,XNA,1099.0,293,
MKE-ATL,MKE,ATL,669.0,2264,"Thin route - reliable, short delay tail"
MKE-ATW,MKE,ATW,96.0,1,
MKE-AUS,MKE,AUS,1032.0,278,
MKE-BHM,MKE,BHM,650.0,2,
MKE-BNA,MKE,BNA,475.0,971,"Thin route - reliable, short delay tail"
MKE-BOS,MKE,BOS,860.0,740,"Thin route - long delay tail, high average delay"
MKE-BWI,MKE,BWI,641.0,826,"Thin route - reliable, short delay tail"
MKE-CLE,MKE,CLE,328.0,1,
MKE-CLT,MKE,CLT,651.0,959,"Thin route - reliable, short delay tail"
MKE-DAL,MKE,DAL,850.0,400,"Thin route - reliable, short delay tail"
MKE-DCA,MKE,DCA,634.0,1346,"Thin route - long delay tail, high average delay"
MKE-DEN,MKE,DEN,896.0,2322,"Trunk route - multi-carrier, unreliable"
MKE-DFW,MKE,DFW,853.0,1084,"Thin route - long delay tail, high average delay"
MKE-DTW,MKE,DTW,237.0,1498,"Trunk route - multi-carrier, unreliable"
MKE-EWR,MKE,EWR,725.0,850,"Thin route - long delay tail, high average delay"
MKE-FLL,MKE,FLL,1243.0,84,
MKE-IAH,MKE,IAH,984.0,238,
MKE-LAS,MKE,LAS,1524.0,1049,"Thin route - long-haul, rarely cancels"
MKE-LAX,MKE,LAX,1756.0,9,
MKE-LGA,MKE,LGA,738.0,840,"Thin route - reliable, short delay tail"
MKE-MCI,MKE,MCI,436.0,349,"Thin route - reliable, short delay tail"
MKE-MCO,MKE,MCO,1066.0,1420,"Trunk route - multi-carrier, unreliable"
MKE-MDW,MKE,MDW,80.0,298,
MKE-MIA,MKE,MIA,1258.0,131,
MKE-MSP,MKE,MSP,297.0,1559,"Thin route - reliable, short delay tail"
MKE-ORD,MKE,ORD,67.0,5268,"Thin route - long delay tail, high average delay"
MKE-PHL,MKE,PHL,690.0,502,"Thin route - long delay tail, high average delay"
MKE-PHX,MKE,PHX,1460.0,1453,"Thin route - long-haul, rarely cancels"
MKE-RSW,MKE,RSW,1183.0,379,"Thin route - reliable, short delay tail"
MKE-SAN,MKE,SAN,1739.0,193,
MKE-SEA,MKE,SEA,1694.0,509,"Thin route - long-haul, rarely cancels"
MKE-SLC,MKE,SLC,1247.0,363,"Thin route - reliable, short delay tail"
MKE-SRQ,MKE,SRQ,1113.0,13,
MKE-STL,MKE,STL,317.0,684,"Thin route - reliable, short delay tail"
MKE-TPA,MKE,TPA,1075.0,471,"Thin route - reliable, short delay tail"
MLB-ABE,MLB,ABE,914.0,105,
MLB-ATL,MLB,ATL,443.0,1449,"Thin route - reliable, short delay tail"
MLB-CLT,MLB,CLT,490.0,1131,"Thin route - reliable, short delay tail"
MLB-CVG,MLB,CVG,789.0,107,
MLB-PIT,MLB,PIT,854.0,98,
MLI-AZA,MLI,AZA,1287.0,95,
MLI-CLT,MLI,CLT,673.0,166,
MLI-DEN,MLI,DEN,751.0,366,"Thin route - reliable, short delay tail"
MLI-DFW,MLI,DFW,691.0,1008,"Thin route - reliable, short delay tail"
MLI-LAS,MLI,LAS,1376.0,104,
MLI-ORD,MLI,ORD,139.0,2264,"Thin route - long delay tail, high average delay"
MLI-PGD,MLI,PGD,1113.0,102,
MLI-PIE,MLI,PIE,1033.0,85,
MLI-SFB,MLI,SFB,1018.0,95,
MLI-SRQ,MLI,SRQ,1069.0,16,
MLU-DFW,MLU,DFW,293.0,1135,"Thin route - reliable, short delay tail"
MOB-ATL,MOB,ATL,302.0,905,"Thin route - reliable, short delay tail"
MOB-CLT,MOB,CLT,526.0,11,
MOB-DFW,MOB,DFW,539.0,1155,"Thin route - reliable, short delay tail"
MOT-AZA,MOT,AZA,1164.0,153,
MOT-DEN,MOT,DEN,604.0,1108,"Thin route - reliable, short delay tail"
MOT-LAS,MOT,LAS,1098.0,111,
MOT-MSP,MOT,MSP,449.0,1316,"Thin route - reliable, short delay tail"
MQT-DTW,MQT,DTW,349.0,364,"Thin route - long delay tail, high average delay"
MQT-MSP,MQT,MSP,300.0,324,"Thin route - long delay tail, high average delay"
MQT-ORD,MQT,ORD,303.0,744,"Thin route - long delay tail, high average delay"
MRY-DEN,MRY,DEN,959.0,728,"Thin route - reliable, short delay tail"
MRY-DFW,MRY,DFW,1430.0,298,
MRY-LAS,MRY,LAS,375.0,109,
MRY-LAX,MRY,LAX,266.0,853,"Thin route - reliable, short delay tail"
MRY-ORD,MRY,ORD,1844.0,10,
MRY-PHX,MRY,PHX,598.0,1374,"Thin route - reliable, short delay tail"
MRY-SAN,MRY,SAN,375.0,540,"Thin route - reliable, short delay tail"
MRY-SEA,MRY,SEA,750.0,41,
MRY-SFO,MRY,SFO,77.0,733,"Thin route - long delay tail, high average delay"
MSN-ATL,MSN,ATL,707.0,1029,"Thin route - reliable, short delay tail"
MSN-AUS,MSN,AUS,1004.0,1,
MSN-BHM,MSN,BHM,675.0,2,
MSN-BOS,MSN,BOS,932.0,100,
MSN-CLT,MSN,CLT,708.0,1013,"Thin route - reliable, short delay tail"
MSN-CMH,MSN,CMH,398.0,2,
MSN-DCA,MSN,DCA,707.0,1213,"Thin route - long delay tail, high average delay"
MSN-DEN,MSN,DEN,826.0,1099,"Thin route - reliable, short delay tail"
MSN-DFW,MSN,DFW,821.0,1093,"Thin route - long delay tail, high average delay"
MSN-DTW,MSN,DTW,311.0,902,"Thin route - reliable, short delay tail"
MSN-EUG,MSN,EUG,1688.0,2,
MSN-EWR,MSN,EWR,799.0,435,"Thin route - reliable, short delay tail"
MSN-IAH,MSN,IAH,966.0,1,
MSN-LAX,MSN,LAX,1687.0,2,
MSN-LGA,MSN,LGA,812.0,914,"Thin route - reliable, short delay tail"
MSN-MCO,MSN,MCO,1109.0,18,
MSN-MIA,MSN,MIA,1300.0,22,
MSN-MSP,MSN,MSP,228.0,1134,"Thin route - reliable, short delay tail"
MSN-ORD,MSN,ORD,108.0,4103,"Trunk route - multi-carrier, unreliable"
MSN-PHL,MSN,PHL,764.0,450,"Thin route - reliable, short delay tail"
MSN-PHX,MSN,PHX,1396.0,592,"Thin route - long-haul, rarely cancels"
MSO-AZA,MSO,AZA,948.0,140,
MSO-DEN,MSO,DEN,679.0,1204,"Thin route - reliable, short delay tail"
MSO-DFW,MSO,DFW,1320.0,435,"Thin route - long-haul, rarely cancels"
MSO-LAS,MSO,LAS,750.0,113,
MSO-LAX,MSO,LAX,923.0,165,
MSO-MSP,MSO,MSP,1013.0,489,"Thin route - reliable, short delay tail"
MSO-OAK,MSO,OAK,758.0,4,
MSO-ORD,MSO,ORD,1332.0,500,"Thin route - long delay tail, high average delay"
MSO-PDX,MSO,PDX,418.0,87,
MSO-SAN,MSO,SAN,992.0,3,
MSO-SEA,MSO,SEA,389.0,646,"Thin route - reliable, short delay tail"
MSO-SFO,MSO,SFO,769.0,131,
MSO-SLC,MSO,SLC,436.0,1059,"Thin route - reliable, short delay tail"
MSO-SNA,MSO,SNA,935.0,27,
MSP-ABQ,MSP,ABQ,981.0,173,
MSP-ABR,MSP,ABR,257.0,754,"Thin route - reliable, short delay tail"
MSP-AGS,MSP,AGS,996.0,9,
MSP-ANC,MSP,ANC,2519.0,781,"Thin route - long-haul, rarely cancels"
MSP-ATL,MSP,ATL,907.0,3497,"Trunk route - multi-carrier, unreliable"
MSP-ATW,MSP,ATW,236.0,917,"Thin route - long delay tail, high average delay"
MSP-ATY,MSP,ATY,193.0,365,"Thin route - reliable, short delay tail"
MSP-AUS,MSP,AUS,1042.0,1675,"Thin route - reliable, short delay tail"
MSP-AVL,MSP,AVL,861.0,49,
MSP-BDL,MSP,BDL,1050.0,833,"Thin route - reliable, short delay tail"
MSP-BIL,MSP,BIL,748.0,365,"Thin route - reliable, short delay tail"
MSP-BIS,MSP,BIS,386.0,1032,"Thin route - reliable, short delay tail"
MSP-BJI,MSP,BJI,199.0,728,"Thin route - reliable, short delay tail"
MSP-BNA,MSP,BNA,695.0,1747,"Thin route - reliable, short delay tail"
MSP-BOI,MSP,BOI,1142.0,783,"Thin route - reliable, short delay tail"
MSP-BOS,MSP,BOS,1124.0,1849,"Thin route - reliable, short delay tail"
MSP-BRD,MSP,BRD,114.0,632,"Thin route - reliable, short delay tail"
MSP-BTV,MSP,BTV,987.0,4,
MSP-BUF,MSP,BUF,735.0,93,
MSP-BWI,MSP,BWI,936.0,1409,"Thin route - reliable, short delay tail"
MSP-BZN,MSP,BZN,874.0,805,"Thin route - reliable, short delay tail"
MSP-CHS,MSP,CHS,1087.0,318,"Thin route - reliable, short delay tail"
MSP-CID,MSP,CID,220.0,399,"Thin route - long delay tail, high average delay"
MSP-CIU,MSP,CIU,434.0,348,"Thin route - reliable, short delay tail"
MSP-CLE,MSP,CLE,622.0,645,"Thin route - reliable, short delay tail"
MSP-CLT,MSP,CLT,930.0,2448,"Thin route - reliable, short delay tail"
MSP-CMH,MSP,CMH,626.0,851,"Thin route - reliable, short delay tail"
MSP-COS,MSP,COS,725.0,93,
MSP-CVG,MSP,CVG,596.0,827,"Thin route - reliable, short delay tail"
MSP-DAL,MSP,DAL,853.0,43,
MSP-DCA,MSP,DCA,931.0,2600,"Trunk route - multi-carrier, unreliable"
MSP-DEN,MSP,DEN,680.0,5821,"Trunk route - multi-carrier, unreliable"
MSP-DFW,MSP,DFW,852.0,3293,"Trunk route - multi-carrier, unreliable"
MSP-DLH,MSP,DLH,144.0,1207,"Thin route - reliable, short delay tail"
MSP-DSM,MSP,DSM,232.0,38,
MSP-DTW,MSP,DTW,528.0,1918,"Thin route - reliable, short delay tail"
MSP-EGE,MSP,EGE,788.0,29,
MSP-ESC,MSP,ESC,304.0,264,
MSP-EWR,MSP,EWR,1008.0,2220,"Trunk route - multi-carrier, unreliable"
MSP-FAI,MSP,FAI,2466.0,93,
MSP-FAR,MSP,FAR,223.0,1276,"Thin route - reliable, short delay tail"
MSP-FCA,MSP,FCA,1025.0,466,"Thin route - reliable, short delay tail"
MSP-FLL,MSP,FLL,1487.0,711,"Thin route - long-haul, rarely cancels"
MSP-FSD,MSP,FSD,196.0,1347,"Thin route - reliable, short delay tail"
MSP-FWA,MSP,FWA,488.0,330,"Thin route - long delay tail, high average delay"
MSP-GEG,MSP,GEG,1175.0,782,"Thin route - reliable, short delay tail"
MSP-GFK,MSP,GFK,284.0,1078,"Thin route - reliable, short delay tail"
MSP-GRB,MSP,GRB,252.0,869,"Thin route - reliable, short delay tail"
MSP-GRR,MSP,GRR,408.0,1248,"Thin route - reliable, short delay tail"
MSP-GTF,MSP,GTF,887.0,37,
MSP-HDN,MSP,HDN,774.0,38,
MSP-HIB,MSP,HIB,174.0,630,"Thin route - reliable, short delay tail"
MSP-HNL,MSP,HNL,3972.0,365,"Thin route - long-haul, rarely cancels"
MSP-HRL,MSP,HRL,1310.0,171,
MSP-IAD,MSP,IAD,907.0,982,"Thin route - reliable, short delay tail"
MSP-IAH,MSP,IAH,1034.0,1900,"Thin route - reliable, short delay tail"
MSP-ICT,MSP,ICT,545.0,401,"Thin route - reliable, short delay tail"
MSP-ILM,MSP,ILM,1094.0,27,
MSP-IMT,MSP,IMT,257.0,363,"Thin route - long delay tail, high average delay"
MSP-IND,MSP,IND,503.0,1245,"Thin route - reliable, short delay tail"
MSP-INL,MSP,INL,255.0,663,"Thin route - reliable, short delay tail"
MSP-JAC,MSP,JAC,872.0,124,
MSP-JAX,MSP,JAX,1173.0,347,"Thin route - reliable, short delay tail"
MSP-JFK,MSP,JFK,1029.0,719,"Thin route - reliable, short delay tail"
MSP-LAS,MSP,LAS,1299.0,2129,"Thin route - long-haul, rarely cancels"
MSP-LAX,MSP,LAX,1535.0,2133,"Thin route - long-haul, rarely cancels"
MSP-LGA,MSP,LGA,1020.0,1846,"Thin route - reliable, short delay tail"
MSP-MCI,MSP,MCI,393.0,1053,"Thin route - reliable, short delay tail"
MSP-MCO,MSP,MCO,1310.0,1941,"Trunk route - multi-carrier, unreliable"
MSP-MCW,MSP,MCW,119.0,1,
MSP-MDW,MSP,MDW,349.0,2396,"Thin route - reliable, short delay tail"
MSP-MEM,MSP,MEM,700.0,900,"Thin route - reliable, short delay tail"
MSP-MIA,MSP,MIA,1501.0,1129,"Thin route - long-haul, rarely cancels"
MSP-MKE,MSP,MKE,297.0,1559,"Thin route - reliable, short delay tail"
MSP-MOT,MSP,MOT,449.0,1316,"Thin route - reliable, short delay tail"
MSP-MQT,MSP,MQT,300.0,324,"Thin route - long delay tail, high average delay"
MSP-MSN,MSP,MSN,228.0,1134,"Thin route - reliable, short delay tail"
MSP-MSO,MSP,MSO,1013.0,489,"Thin route - reliable, short delay tail"
MSP-MSY,MSP,MSY,1040.0,440,"Thin route - reliable, short delay tail"
MSP-MYR,MSP,MYR,1085.0,126,
MSP-OKC,MSP,OKC,694.0,370,"Thin route - reliable, short delay tail"
MSP-OMA,MSP,OMA,282.0,1456,"Thin route - long delay tail, high average delay"
MSP-ORD,MSP,ORD,334.0,6344,"Trunk route - multi-carrier, unreliable"
MSP-ORF,MSP,ORF,1045.0,3,
MSP-PBI,MSP,PBI,1451.0,127,
MSP-PDX,MSP,PDX,1426.0,1543,"Thin route - long-haul, rarely cancels"
MSP-PHL,MSP,PHL,981.0,2050,"Trunk route - multi-carrier, unreliable"
MSP-PHX,MSP,PHX,1276.0,3019,"Trunk route - multi-carrier, unreliable"
MSP-PIT,MSP,PIT,726.0,639,"Thin route - reliable, short delay tail"
MSP-PSC,MSP,PSC,1254.0,365,"Thin route - long delay tail, high average delay"
MSP-PSP,MSP,PSP,1454.0,314,"Thin route - long-haul, rarely cancels"
MSP-PVD,MSP,PVD,1117.0,93,
MSP-PWM,MSP,PWM,1136.0,143,
MSP-RAP,MSP,RAP,490.0,538,"Thin route - reliable, short delay tail"
MSP-RDU,MSP,RDU,980.0,1228,"Thin route - reliable, short delay tail"
MSP-RHI,MSP,RHI,190.0,724,"Thin route - reliable, short delay tail"
MSP-RIC,MSP,RIC,969.0,86,
MSP-RNO,MSP,RNO,1405.0,93,
MSP-RST,MSP,RST,76.0,308,"Thin route - reliable, short delay tail"
MSP-RSW,MSP,RSW,1416.0,1211,"Thin route - long-haul, rarely cancels"
MSP-SAN,MSP,SAN,1532.0,1303,"Thin route - long-haul, rarely cancels"
MSP-SAT,MSP,SAT,1097.0,893,"Thin route - reliable, short delay tail"
MSP-SAV,MSP,SAV,1092.0,329,"Thin route - reliable, short delay tail"
MSP-SBN,MSP,SBN,411.0,365,"Thin route - long delay tail, high average delay"
MSP-SDF,MSP,SDF,604.0,526,"Thin route - reliable, short delay tail"
MSP-SEA,MSP,SEA,1399.0,2685,"Thin route - long-haul, rarely cancels"
MSP-SFO,MSP,SFO,1589.0,1914,"Trunk route - multi-carrier, unreliable"
MSP-SJC,MSP,SJC,1575.0,510,"Thin route - long-haul, rarely cancels"
MSP-SJU,MSP,SJU,2404.0,153,
MSP-SLC,MSP,SLC,991.0,1598,"Thin route - reliable, short delay tail"
MSP-SMF,MSP,SMF,1517.0,591,"Thin route - long-haul, rarely cancels"
MSP-SNA,MSP,SNA,1522.0,577,"Thin route - long delay tail, high average delay"
MSP-SRQ,MSP,SRQ,1342.0,237,
MSP-STL,MSP,STL,448.0,1936,"Thin route - reliable, short delay tail"
MSP-SYR,MSP,SYR,860.0,74,
MSP-TPA,MSP,TPA,1306.0,1177,"Thin route - reliable, short delay tail"
MSP-TUS,MSP,TUS,1298.0,173,
MSP-TVC,MSP,TVC,376.0,86,
MSP-TYS,MSP,TYS,792.0,5,
MSP-VPS,MSP,VPS,1058.0,290,
MSP-XNA,MSP,XNA,596.0,182,
MSP-XWA,MSP,XWA,553.0,1039,"Thin route - long delay tail, high average delay"
MSY-ATL,MSY,ATL,425.0,4028,"Trunk route - multi-carrier, unreliable"
MSY-AUS,MSY,AUS,445.0,1999,"Trunk route - multi-carrier, unreliable"
MSY-BNA,MSY,BNA,471.0,1483,"Thin route - reliable, short delay tail"
MSY-BOS,MSY,BOS,1367.0,853,"Thin route - long delay tail, high average delay"
MSY-BUF,MSY,BUF,1097.0,1,
MSY-BUR,MSY,BUR,1669.0,4,
MSY-BWI,MSY,BWI,998.0,1157,"Thin route - reliable, short delay tail"
MSY-CLE,MSY,CLE,917.0,5,
MSY-CLT,MSY,CLT,650.0,1712,"Trunk route - multi-carrier, unreliable"
MSY-CVG,MSY,CVG,701.0,56,
MSY-DAL,MSY,DAL,437.0,2287,"Thin route - reliable, short delay tail"
MSY-DCA,MSY,DCA,969.0,1948,"Thin route - long delay tail, high average delay"
MSY-DEN,MSY,DEN,1062.0,2277,"Trunk route - multi-carrier, unreliable"
MSY-DFW,MSY,DFW,448.0,2808,"Trunk route - multi-carrier, unreliable"
MSY-DTW,MSY,DTW,926.0,810,"Thin route - reliable, short delay tail"
MSY-EWR,MSY,EWR,1167.0,1228,"Thin route - reliable, short delay tail"
MSY-FLL,MSY,FLL,673.0,1412,"Trunk route - multi-carrier, unreliable"
MSY-GSP,MSY,GSP,578.0,3,
MSY-HOU,MSY,HOU,303.0,2297,"Thin route - reliable, short delay tail"
MSY-IAD,MSY,IAD,955.0,631,"Thin route - reliable, short delay tail"
MSY-IAH,MSY,IAH,305.0,2929,"Trunk route - multi-carrier, unreliable"
MSY-JFK,MSY,JFK,1182.0,1142,"Trunk route - multi-carrier, unreliable"
MSY-LAS,MSY,LAS,1500.0,847,"Thin route - long-haul, rarely cancels"
MSY-LAX,MSY,LAX,1671.0,1457,"Thin route - long-haul, rarely cancels"
MSY-LGA,MSY,LGA,1183.0,1420,"Trunk route - multi-carrier, unreliable"
MSY-LGB,MSY,LGB,1656.0,4,
MSY-MCI,MSY,MCI,690.0,364,"Thin route - reliable, short delay tail"
MSY-MCO,MSY,MCO,551.0,2243,"Trunk route - multi-carrier, unreliable"
MSY-MDW,MSY,MDW,825.0,1014,"Thin route - reliable, short delay tail"
MSY-MIA,MSY,MIA,674.0,1522,"Trunk route - multi-carrier, unreliable"
MSY-MSP,MSY,MSP,1040.0,440,"Thin route - reliable, short delay tail"
MSY-OAK,MSY,OAK,1904.0,1,
MSY-OKC,MSY,OKC,567.0,1,
MSY-ORD,MSY,ORD,837.0,2401,"Trunk route - multi-carrier, unreliable"
MSY-PDX,MSY,PDX,2051.0,115,
MSY-PGD,MSY,PGD,545.0,48,
MSY-PHL,MSY,PHL,1089.0,1131,"Trunk route - multi-carrier, unreliable"
MSY-PHX,MSY,PHX,1301.0,934,"Trunk route - multi-carrier, unreliable"
MSY-RDU,MSY,RDU,779.0,51,
MSY-SAN,MSY,SAN,1600.0,342,"Thin route - long-haul, rarely cancels"
MSY-SAT,MSY,SAT,495.0,346,"Thin route - reliable, short delay tail"
MSY-SDF,MSY,SDF,620.0,1,
MSY-SEA,MSY,SEA,2086.0,626,"Thin route - long-haul, rarely cancels"
MSY-SFO,MSY,SFO,1911.0,524,"Thin route - long-haul, rarely cancels"
MSY-SLC,MSY,SLC,1429.0,455,"Thin route - reliable, short delay tail"
MSY-STL,MSY,STL,604.0,732,"Thin route - reliable, short delay tail"
MSY-TPA,MSY,TPA,487.0,1063,"Thin route - reliable, short delay tail"
MTJ-ATL,MTJ,ATL,1352.0,100,
MTJ-AUS,MTJ,AUS,818.0,4,
MTJ-BNA,MTJ,BNA,1177.0,4,
MTJ-DAL,MTJ,DAL,733.0,50,
MTJ-DEN,MTJ,DEN,197.0,1415,"Thin route - reliable, short delay tail"
MTJ-DFW,MTJ,DFW,722.0,579,"Thin route - long delay tail, high average delay"
MTJ-EWR,MTJ,EWR,1795.0,76,
MTJ-IAH,MTJ,IAH,927.0,11,
MTJ-LAX,MTJ,LAX,666.0,92,
MTJ-ORD,MTJ,ORD,1081.0,151,
MTJ-SFO,MTJ,SFO,791.0,44,
MVY-BOS,MVY,BOS,70.0,85,
MVY-CLT,MVY,CLT,704.0,10,
MVY-DCA,MVY,DCA,383.0,270,
MVY-JFK,MVY,JFK,173.0,254,
MVY-LGA,MVY,LGA,175.0,321,"Thin route - reliable, short delay tail"
MVY-ORD,MVY,ORD,894.0,11,
MVY-PHL,MVY,PHL,265.0,77,
MYR-ABE,MYR,ABE,518.0,229,
MYR-ACY,MYR,ACY,466.0,118,
MYR-ALB,MYR,ALB,685.0,119,
MYR-ATL,MYR,ATL,317.0,1513,"Thin route - reliable, short delay tail"
MYR-BDL,MYR,BDL,664.0,56,
MYR-BLV,MYR,BLV,696.0,35,
MYR-BNA,MYR,BNA,471.0,635,"Thin route - reliable, short delay tail"
MYR-BOS,MYR,BOS,738.0,439,"Thin route - long delay tail, high average delay"
MYR-BWI,MYR,BWI,399.0,1038,"Thin route - reliable, short delay tail"
MYR-CAK,MYR,CAK,518.0,88,
MYR-CKB,MYR,CKB,394.0,26,
MYR-CLE,MYR,CLE,557.0,84,
MYR-CLT,MYR,CLT,157.0,2258,"Thin route - reliable, short delay tail"
MYR-CMH,MYR,CMH,488.0,18,
MYR-CVG,MYR,CVG,489.0,129,
MYR-DAL,MYR,DAL,1038.0,47,
MYR-DAY,MYR,DAY,520.0,21,
MYR-DCA,MYR,DCA,372.0,754,"Thin route - long delay tail, high average delay"
MYR-DEN,MYR,DEN,1484.0,92,
MYR-DFW,MYR,DFW,1048.0,506,"Thin route - long delay tail, high average delay"
MYR-DTW,MYR,DTW,636.0,394,"Thin route - reliable, short delay tail"
MYR-ELM,MYR,ELM,595.0,21,
MYR-EWR,MYR,EWR,550.0,975,"Thin route - long delay tail, high average delay"
MYR-FLL,MYR,FLL,529.0,246,
MYR-FWA,MYR,FWA,610.0,28,
MYR-GRR,MYR,GRR,728.0,22,
MYR-HGR,MYR,HGR,421.0,66,
MYR-HOU,MYR,HOU,1001.0,7,
MYR-HTS,MYR,HTS,382.0,56,
MYR-IAD,MYR,IAD,373.0,6,
MYR-IAG,MYR,IAG,650.0,40,
MYR-IND,MYR,IND,583.0,10,
MYR-ISP,MYR,ISP,586.0,121,
MYR-LBE,MYR,LBE,455.0,79,
MYR-LCK,MYR,LCK,478.0,118,
MYR-LEX,MYR,LEX,438.0,20,
MYR-LGA,MYR,LGA,563.0,667,"Thin route - long delay tail, high average delay"
MYR-MCI,MYR,MCI,959.0,17,
MYR-MCO,MYR,MCO,388.0,190,
MYR-MDT,MYR,MDT,465.0,73,
MYR-MDW,MYR,MDW,738.0,332,"Thin route - reliable, short delay tail"
MYR-MSP,MYR,MSP,1085.0,126,
MYR-ORD,MYR,ORD,753.0,494,"Trunk route - multi-carrier, unreliable"
MYR-PBG,MYR,PBG,811.0,9,
MYR-PHL,MYR,PHL,474.0,279,
MYR-PIT,MYR,PIT,475.0,214,
MYR-ROC,MYR,ROC,655.0,10,
MYR-SDF,MYR,SDF,491.0,9,
MYR-STL,MYR,STL,728.0,87,
MYR-SWF,MYR,SWF,601.0,165,
MYR-SYR,MYR,SYR,668.0,80,
MYR-TTN,MYR,TTN,509.0,25,
OAJ-ATL,OAJ,ATL,399.0,620,"Thin route - long delay tail, high average delay"
OAJ-CLT,OAJ,CLT,191.0,139,
OAK-ABQ,OAK,ABQ,889.0,353,"Thin route - reliable, short delay tail"
OAK-AUS,OAK,AUS,1497.0,359,"Thin route - long-haul, rarely cancels"
OAK-BLI,OAK,BLI,764.0,101,
OAK-BOI,OAK,BOI,512.0,555,"Thin route - reliable, short delay tail"
OAK-BUR,OAK,BUR,325.0,2734,"Thin route - reliable, short delay tail"
OAK-DAL,OAK,DAL,1468.0,417,"Thin route - long-haul, rarely cancels"
OAK-DEN,OAK,DEN,957.0,1602,"Thin route - reliable, short delay tail"
OAK-EUG,OAK,EUG,445.0,217,
OAK-FCA,OAK,FCA,834.0,3,
OAK-GEG,OAK,GEG,723.0,381,"Thin route - reliable, short delay tail"
OAK-HNL,OAK,HNL,2409.0,729,"Thin route - long-haul, rarely cancels"
OAK-HOU,OAK,HOU,1642.0,376,"Thin route - long-haul, rarely cancels"
OAK-IDA,OAK,IDA,667.0,10,
OAK-LAS,OAK,LAS,407.0,3293,"Trunk route - multi-carrier, unreliable"
OAK-LAX,OAK,LAX,337.0,2082,"Thin route - reliable, short delay tail"
OAK-LGB,OAK,LGB,353.0,1597,"Thin route - reliable, short delay tail"
OAK-LIH,OAK,LIH,2456.0,659,"Thin route - long-haul, rarely cancels"
OAK-MCI,OAK,MCI,1489.0,159,
OAK-MDW,OAK,MDW,1844.0,505,"Thin route - long-haul, rarely cancels"
OAK-MSO,OAK,MSO,758.0,4,
OAK-MSY,OAK,MSY,1904.0,1,
OAK-OGG,OAK,OGG,2348.0,725,"Thin route - long-haul, rarely cancels"
OAK-ONT,OAK,ONT,362.0,1471,"Thin route - reliable, short delay tail"
OAK-PDX,OAK,PDX,543.0,1305,"Thin route - reliable, short delay tail"
OAK-PHX,OAK,PHX,646.0,1901,"Thin route - reliable, short delay tail"
OAK-PSP,OAK,PSP,418.0,472,"Thin route - reliable, short delay tail"
OAK-RNO,OAK,RNO,181.0,4,
OAK-SAN,OAK,SAN,446.0,3214,"Trunk route - multi-carrier, unreliable"
OAK-SBA,OAK,SBA,263.0,300,"Thin route - reliable, short delay tail"
OAK-SEA,OAK,SEA,672.0,1879,"Trunk route - multi-carrier, unreliable"
OAK-SLC,OAK,SLC,588.0,1643,"Thin route - reliable, short delay tail"
OAK-SNA,OAK,SNA,371.0,2354,"Thin route - reliable, short delay tail"
OGG-ANC,OGG,ANC,2797.0,28,
OGG-ATL,OGG,ATL,4431.0,128,
OGG-DEN,OGG,DEN,3302.0,385,"Thin route - long-haul, rarely cancels"
OGG-DFW,OGG,DFW,3710.0,500,"Thin route - long-haul, rarely cancels"
OGG-EWR,OGG,EWR,4903.0,3,
OGG-HNL,OGG,HNL,101.0,10075,"Trunk route - multi-carrier, unreliable"
OGG-ITO,OGG,ITO,121.0,316,"Thin route - reliable, short delay tail"
OGG-KOA,OGG,KOA,84.0,1460,"Thin route - reliable, short delay tail"
OGG-LAS,OGG,LAS,2695.0,735,"Thin route - long-haul, rarely cancels"
OGG-LAX,OGG,LAX,2485.0,2147,"Thin route - long-haul, rarely cancels"
OGG-LGB,OGG,LGB,2498.0,370,"Thin route - long-haul, rarely cancels"
OGG-LIH,OGG,LIH,202.0,1460,"Thin route - reliable, short delay tail"
OGG-OAK,OGG,OAK,2348.0,722,"Thin route - long-haul, rarely cancels"
OGG-ORD,OGG,ORD,4184.0,138,
OGG-PDX,OGG,PDX,2561.0,728,"Thin route - long-haul, rarely cancels"
OGG-PHX,OGG,PHX,2844.0,856,"Thin route - long-haul, rarely cancels"
OGG-SAN,OGG,SAN,2540.0,877,"Thin route - long-haul, rarely cancels"
OGG-SEA,OGG,SEA,2639.0,1809,"Thin route - long-haul, rarely cancels"
OGG-SFO,OGG,SFO,2338.0,1702,"Thin route - long-haul, rarely cancels"
OGG-SJC,OGG,SJC,2355.0,471,"Thin route - long-haul, rarely cancels"
OGG-SLC,OGG,SLC,2935.0,303,"Thin route - long-haul, rarely cancels"
OGG-SMF,OGG,SMF,2403.0,481,"Thin route - long-haul, rarely cancels"
OKC-ATL,OKC,ATL,761.0,1820,"Thin route - reliable, short delay tail"
OKC-AUS,OKC,AUS,358.0,318,"Thin route - reliable, short delay tail"
OKC-BHM,OKC,BHM,632.0,7,
OKC-BNA,OKC,BNA,616.0,527,"Thin route - reliable, short delay tail"
OKC-BWI,OKC,BWI,1180.0,8,
OKC-CLT,OKC,CLT,940.0,811,"Thin route - reliable, short delay tail"
OKC-DAL,OKC,DAL,181.0,298,
OKC-DCA,OKC,DCA,1158.0,691,"Thin route - long delay tail, high average delay"
OKC-DEN,OKC,DEN,495.0,3139,"Trunk route - multi-carrier, unreliable"
OKC-DFW,OKC,DFW,175.0,3169,"Trunk route - multi-carrier, unreliable"
OKC-DTW,OKC,DTW,900.0,5,
OKC-EUG,OKC,EUG,1483.0,1,
OKC-GUF,OKC,GUF,675.0,31,
OKC-HOU,OKC,HOU,419.0,1230,"Thin route - reliable, short delay tail"
OKC-IAH,OKC,IAH,395.0,1285,"Thin route - reliable, short delay tail"
OKC-LAS,OKC,LAS,986.0,1224,"Thin route - reliable, short delay tail"
OKC-LAX,OKC,LAX,1187.0,930,"Thin route - reliable, short delay tail"
OKC-LGA,OKC,LGA,1341.0,775,"Thin route - long delay tail, high average delay"
OKC-MCO,OKC,MCO,1069.0,327,"Thin route - reliable, short delay tail"
OKC-MDW,OKC,MDW,691.0,560,"Thin route - reliable, short delay tail"
OKC-MIA,OKC,MIA,1222.0,210,
OKC-MSP,OKC,MSP,694.0,372,"Thin route - reliable, short delay tail"
OKC-MSY,OKC,MSY,567.0,1,
OKC-ORD,OKC,ORD,693.0,2616,"Trunk route - multi-carrier, unreliable"
OKC-PHX,OKC,PHX,833.0,1837,"Trunk route - multi-carrier, unreliable"
OKC-SAT,OKC,SAT,407.0,89,
OKC-SEA,OKC,SEA,1519.0,425,"Thin route - long-haul, rarely cancels"
OKC-SFB,OKC,SFB,1061.0,22,
OKC-SLC,OKC,SLC,866.0,720,"Thin route - reliable, short delay tail"
OKC-STL,OKC,STL,462.0,411,"Thin route - reliable, short delay tail"
OKC-TYS,OKC,TYS,766.0,3,
OKC-VPS,OKC,VPS,726.0,55,
OMA-ATL,OMA,ATL,821.0,1788,"Thin route - reliable, short delay tail"
OMA-AUS,OMA,AUS,772.0,26,
OMA-AZA,OMA,AZA,1026.0,108,
OMA-BNA,OMA,BNA,612.0,401,"Thin route - reliable, short delay tail"
OMA-CLT,OMA,CLT,913.0,1003,"Thin route - reliable, short delay tail"
OMA-DAL,OMA,DAL,586.0,432,"Thin route - reliable, short delay tail"
OMA-DCA,OMA,DCA,1012.0,645,"Thin route - reliable, short delay tail"
OMA-DEN,OMA,DEN,472.0,3307,"Trunk route - multi-carrier, unreliable"
OMA-DFW,OMA,DFW,583.0,1564,"Trunk route - multi-carrier, unreliable"
OMA-DTW,OMA,DTW,650.0,1145,"Thin route - reliable, short delay tail"
OMA-EWR,OMA,EWR,1134.0,4,
OMA-FLL,OMA,FLL,1383.0,13,
OMA-GUF,OMA,GUF,888.0,21,
OMA-HOU,OMA,HOU,804.0,378,"Thin route - reliable, short delay tail"
OMA-IAH,OMA,IAH,781.0,824,"Thin route - reliable, short delay tail"
OMA-LAS,OMA,LAS,1099.0,1127,"Thin route - reliable, short delay tail"
OMA-LAX,OMA,LAX,1330.0,587,"Thin route - reliable, short delay tail"
OMA-LGA,OMA,LGA,1148.0,195,
OMA-MCO,OMA,MCO,1211.0,378,"Thin route - reliable, short delay tail"
OMA-MDW,OMA,MDW,423.0,1327,"Thin route - reliable, short delay tail"
OMA-MIA,OMA,MIA,1393.0,176,
OMA-MSP,OMA,MSP,282.0,1456,"Thin route - reliable, short delay tail"
OMA-ORD,OMA,ORD,416.0,3063,"Trunk route - multi-carrier, unreliable"
OMA-PGD,OMA,PGD,1269.0,92,
OMA-PHL,OMA,PHL,1089.0,330,"Thin route - reliable, short delay tail"
OMA-PHX,OMA,PHX,1037.0,2006,"Trunk route - multi-carrier, unreliable"
OMA-PIE,OMA,PIE,1188.0,116,
OMA-SAN,OMA,SAN,1313.0,73,
OMA-SEA,OMA,SEA,1368.0,510,"Thin route - reliable, short delay tail"
OMA-SFB,OMA,SFB,1195.0,102,
OMA-SFO,OMA,SFO,1433.0,369,"Thin route - long-haul, rarely cancels"
OMA-SLC,OMA,SLC,840.0,756,"Thin route - reliable, short delay tail"
OMA-SRQ,OMA,SRQ,1222.0,66,
OMA-STL,OMA,STL,342.0,826,"Thin route - reliable, short delay tail"
OMA-TPA,OMA,TPA,1190.0,13,
OMA-VPS,OMA,VPS,911.0,31,
OME-ANC,OME,ANC,539.0,372,"Thin route - reliable, short delay tail"
ONT-ATL,ONT,ATL,1900.0,937,"Thin route - long-haul, rarely cancels"
ONT-AUS,ONT,AUS,1196.0,337,"Thin route - long-haul, rarely cancels"
ONT-BNA,ONT,BNA,1751.0,336,"Thin route - long-haul, rarely cancels"
ONT-BOI,ONT,BOI,660.0,2,
ONT-BWI,ONT,BWI,2283.0,281,
ONT-CLT,ONT,CLT,2078.0,327,"Thin route - long-haul, rarely cancels"
ONT-DAL,ONT,DAL,1200.0,399,"Thin route - reliable, short delay tail"
ONT-DEN,ONT,DEN,819.0,2643,"Trunk route - multi-carrier, unreliable"
ONT-DFW,ONT,DFW,1188.0,2297,"Trunk route - multi-carrier, unreliable"
ONT-HNL,ONT,HNL,2603.0,423,"Thin route - long-haul, rarely cancels"
ONT-HOU,ONT,HOU,1345.0,362,"Thin route - long-haul, rarely cancels"
ONT-IAH,ONT,IAH,1334.0,561,"Thin route - reliable, short delay tail"
ONT-JFK,ONT,JFK,2429.0,165,
ONT-LAS,ONT,LAS,197.0,2476,"Trunk route - multi-carrier, unreliable"
ONT-MDW,ONT,MDW,1706.0,360,"Thin route - long-haul, rarely cancels"
ONT-OAK,ONT,OAK,362.0,1471,"Thin route - reliable, short delay tail"
ONT-ORD,ONT,ORD,1700.0,291,
ONT-PDX,ONT,PDX,838.0,565,"Thin route - reliable, short delay tail"
ONT-PHX,ONT,PHX,325.0,3027,"Trunk route - multi-carrier, unreliable"
ONT-SEA,ONT,SEA,956.0,2505,"Thin route - reliable, short delay tail"
ONT-SFO,ONT,SFO,363.0,1309,"Thin route - long delay tail, high average delay"
ONT-SJC,ONT,SJC,333.0,1319,"Thin route - reliable, short delay tail"
ONT-SLC,ONT,SLC,558.0,1239,"Thin route - reliable, short delay tail"
ONT-SMF,ONT,SMF,390.0,2114,"Thin route - reliable, short delay tail"
ONT-STS,ONT,STS,423.0,108,
ORD-ABE,ORD,ABE,654.0,454,"Thin route - long delay tail, high average delay"
ORD-ABQ,ORD,ABQ,1118.0,1148,"Trunk route - multi-carrier, unreliable"
ORD-ACK,ORD,ACK,924.0,31,
ORD-AGS,ORD,AGS,677.0,12,
ORD-ALB,ORD,ALB,723.0,2322,"Trunk route - multi-carrier, unreliable"
ORD-ALO,ORD,ALO,234.0,656,"Thin route - long delay tail, high average delay"
ORD-ANC,ORD,ANC,2846.0,785,"Thin route - long-haul, rarely cancels"
ORD-ASE,ORD,ASE,1013.0,1134,"Thin route - long delay tail, high average delay"
ORD-ATL,ORD,ATL,606.0,6442,"Trunk route - multi-carrier, unreliable"
ORD-ATW,ORD,ATW,160.0,2429,"Thin route - long delay tail, high average delay"
ORD-AUS,ORD,AUS,977.0,3174,"Trunk route - multi-carrier, unreliable"
ORD-AVL,ORD,AVL,536.0,1476,"Trunk route - multi-carrier, unreliable"
ORD-AVP,ORD,AVP,632.0,843,"Thin route - long delay tail, high average delay"
ORD-AZO,ORD,AZO,122.0,964,"Thin route - long delay tail, high average delay"
ORD-BDL,ORD,BDL,783.0,2366,"Trunk route - multi-carrier, unreliable"
ORD-BGR,ORD,BGR,978.0,697,"Trunk route - multi-carrier, unreliable"
ORD-BHM,ORD,BHM,584.0,1116,"Trunk route - multi-carrier, unreliable"
ORD-BIL,ORD,BIL,1060.0,316,"Thin route - reliable, short delay tail"
ORD-BIS,ORD,BIS,715.0,274,
ORD-BMI,ORD,BMI,116.0,879,"Thin route - long delay tail, high average delay"
ORD-BNA,ORD,BNA,409.0,5026,"Trunk route - multi-carrier, unreliable"
ORD-BOI,ORD,BOI,1437.0,1108,"Trunk route - multi-carrier, unreliable"
ORD-BOS,ORD,BOS,867.0,7755,"Trunk route - multi-carrier, unreliable"
ORD-BTV,ORD,BTV,763.0,1248,"Thin route - long delay tail, high average delay"
ORD-BUF,ORD,BUF,474.0,2198,"Trunk route - multi-carrier, unreliable"
ORD-BWI,ORD,BWI,622.0,2691,"Trunk route - multi-carrier, unreliable"
ORD-BZN,ORD,BZN,1185.0,1268,"Trunk route - multi-carrier, unreliable"
ORD-CAE,ORD,CAE,666.0,514,"Thin route - long delay tail, high average delay"
ORD-CAK,ORD,CAK,344.0,2028,"Thin route - long delay tail, high average delay"
ORD-CHA,ORD,CHA,501.0,956,"Thin route - long delay tail, high average delay"
ORD-CHO,ORD,CHO,566.0,1215,"Thin route - long delay tail, high average delay"
ORD-CHS,ORD,CHS,760.0,2106,"Trunk route - multi-carrier, unreliable"
ORD-CID,ORD,CID,196.0,2755,"Trunk route - multi-carrier, unreliable"
ORD-CIU,ORD,CIU,341.0,111,
ORD-CKB,ORD,CKB,444.0,109,
ORD-CLE,ORD,CLE,316.0,4867,"Trunk route - multi-carrier, unreliable"
ORD-CLT,ORD,CLT,599.0,4393,"Trunk route - multi-carrier, unreliable"
ORD-CMH,ORD,CMH,296.0,4933,"Trunk route - multi-carrier, unreliable"
ORD-CMI,ORD,CMI,135.0,1066,"Thin route - long delay tail, high average delay"
ORD-CMX,ORD,CMX,360.0,792,"Thin route - long delay tail, high average delay"
ORD-COD,ORD,COD,1077.0,11,
ORD-COS,ORD,COS,911.0,1001,"Thin route - long delay tail, high average delay"
ORD-COU,ORD,COU,315.0,1976,"Thin route - long delay tail, high average delay"
ORD-CRW,ORD,CRW,416.0,948,"Thin route - long delay tail, high average delay"
ORD-CVG,ORD,CVG,264.0,4672,"Trunk route - multi-carrier, unreliable"
ORD-CWA,ORD,CWA,213.0,1004,"Thin route - long delay tail, high average delay"
ORD-DAL,ORD,DAL,798.0,450,"Thin route - long delay tail, high average delay"
ORD-DAY,ORD,DAY,240.0,1784,"Thin route - long delay tail, high average delay"
ORD-DCA,ORD,DCA,612.0,7042,"Trunk route - multi-carrier, unreliable"
ORD-DEC,ORD,DEC,156.0,627,"Thin route - long delay tail, high average delay"
ORD-DEN,ORD,DEN,888.0,6138,"Trunk route - multi-carrier, unreliable"
ORD-DFW,ORD,DFW,802.0,6997,"Trunk route - multi-carrier, unreliable"
ORD-DLH,ORD,DLH,397.0,1223,"Thin route - long delay tail, high average delay"
ORD-DSM,ORD,DSM,299.0,3413,"Trunk route - multi-carrier, unreliable"
ORD-DTW,ORD,DTW,235.0,5953,"Trunk route - multi-carrier, unreliable"
ORD-EAR,ORD,EAR,583.0,93,
ORD-EAU,ORD,EAU,269.0,626,"Thin route - long delay tail, high average delay"
ORD-ECP,ORD,ECP,810.0,619,"Thin route - reliable, short delay tail"
ORD-EGE,ORD,EGE,1007.0,413,"Thin route - long delay tail, high average delay"
ORD-ELP,ORD,ELP,1236.0,724,"Trunk route - multi-carrier, unreliable"
ORD-ERI,ORD,ERI,398.0,58,
ORD-EUG,ORD,EUG,1780.0,93,
ORD-EVV,ORD,EVV,272.0,699,"Thin route - long delay tail, high average delay"
ORD-EWR,ORD,EWR,719.0,6071,"Trunk route - multi-carrier, unreliable"
ORD-EYW,ORD,EYW,1251.0,775,"Thin route - reliable, short delay tail"
ORD-FAI,ORD,FAI,2785.0,148,
ORD-FAR,ORD,FAR,557.0,2052,"Thin route - long delay tail, high average delay"
ORD-FAT,ORD,FAT,1730.0,196,
ORD-FCA,ORD,FCA,1352.0,532,"Thin route - long-haul, rarely cancels"
ORD-FLL,ORD,FLL,1182.0,3464,"Trunk route - multi-carrier, unreliable"
ORD-FNT,ORD,FNT,223.0,1918,"Thin route - long delay tail, high average delay"
ORD-FOD,ORD,FOD,324.0,571,"Thin route - long delay tail, high average delay"
ORD-FSD,ORD,FSD,462.0,1799,"Thin route - long delay tail, high average delay"
ORD-FWA,ORD,FWA,157.0,2765,"Thin route - long delay tail, high average delay"
ORD-GEG,ORD,GEG,1498.0,714,"Thin route - long delay tail, high average delay"
ORD-GRB,ORD,GRB,173.0,2698,"Thin route - long delay tail, high average delay"
ORD-GRR,ORD,GRR,137.0,4029,"Trunk route - multi-carrier, unreliable"
ORD-GSO,ORD,GSO,589.0,1564,"Trunk route - multi-carrier, unreliable"
ORD-GSP,ORD,GSP,577.0,1815,"Trunk route - multi-carrier, unreliable"
ORD-GTF,ORD,GTF,1210.0,23,
ORD-GUC,ORD,GUC,1031.0,22,
ORD-HDN,ORD,HDN,1009.0,179,
ORD-HHH,ORD,HHH,781.0,214,
ORD-HNL,ORD,HNL,4243.0,540,"Thin route - long-haul, rarely cancels"
ORD-HPN,ORD,HPN,738.0,1530,"Thin route - reliable, short delay tail"
ORD-HSV,ORD,HSV,510.0,1101,"Thin route - long delay tail, high average delay"
ORD-HYA,ORD,HYA,909.0,11,
ORD-IAD,ORD,IAD,588.0,2082,"Thin route - reliable, short delay tail"
ORD-IAH,ORD,IAH,925.0,6114,"Trunk route - multi-carrier, unreliable"
ORD-ICT,ORD,ICT,588.0,2189,"Trunk route - multi-carrier, unreliable"
ORD-IDA,ORD,IDA,1229.0,170,
ORD-ILM,ORD,ILM,760.0,542,"Thin route - reliable, short delay tail"
ORD-IND,ORD,IND,177.0,5262,"Trunk route - multi-carrier, unreliable"
ORD-JAC,ORD,JAC,1162.0,819,"Thin route - long delay tail, high average delay"
ORD-JAX,ORD,JAX,864.0,2116,"Trunk route - multi-carrier, unreliable"
ORD-JFK,ORD,JFK,740.0,2073,"Trunk route - multi-carrier, unreliable"
ORD-JLN,ORD,JLN,484.0,365,"Thin route - long delay tail, high average delay"
ORD-JST,ORD,JST,487.0,362,"Thin route - long delay tail, high average delay"
ORD-KOA,ORD,KOA,4213.0,17,
ORD-LAF,ORD,LAF,119.0,567,"Thin route - long delay tail, high average delay"
ORD-LAN,ORD,LAN,179.0,748,"Thin route - long delay tail, high average delay"
ORD-LAS,ORD,LAS,1514.0,5241,"Trunk route - multi-carrier, unreliable"
ORD-LAX,ORD,LAX,1744.0,7023,"Trunk route - multi-carrier, unreliable"
ORD-LEX,ORD,LEX,323.0,1709,"Thin route - long delay tail, high average delay"
ORD-LGA,ORD,LGA,733.0,11611,"Trunk route - multi-carrier, unreliable"
ORD-LIT,ORD,LIT,552.0,1459,"Trunk route - multi-carrier, unreliable"
ORD-LNK,ORD,LNK,466.0,1586,"Thin route - long delay tail, high average delay"
ORD-LNS,ORD,LNS,620.0,102,
ORD-LSE,ORD,LSE,215.0,1051,"Thin route - long delay tail, high average delay"
ORD-LWB,ORD,LWB,489.0,140,
ORD-LYH,ORD,LYH,564.0,130,
ORD-MBS,ORD,MBS,222.0,1006,"Thin route - long delay tail, high average delay"
ORD-MCI,ORD,MCI,403.0,4197,"Trunk route - multi-carrier, unreliable"
ORD-MCO,ORD,MCO,1005.0,6272,"Trunk route - multi-carrier, unreliable"
ORD-MCW,ORD,MCW,288.0,627,"Thin route - long delay tail, high average delay"
ORD-MDT,ORD,MDT,594.0,2131,"Trunk route - multi-carrier, unreliable"
ORD-MEM,ORD,MEM,491.0,2504,"Trunk route - multi-carrier, unreliable"
ORD-MGW,ORD,MGW,449.0,330,"Thin route - long delay tail, high average delay"
ORD-MHK,ORD,MHK,501.0,572,"Thin route - long delay tail, high average delay"
ORD-MHT,ORD,MHT,843.0,602,"Thin route - reliable, short delay tail"
ORD-MIA,ORD,MIA,1197.0,4452,"Trunk route - multi-carrier, unreliable"
ORD-MKE,ORD,MKE,67.0,5268,"Thin route - long delay tail, high average delay"
ORD-MLI,ORD,MLI,139.0,2264,"Thin route - long delay tail, high average delay"
ORD-MQT,ORD,MQT,303.0,744,"Thin route - long delay tail, high average delay"
ORD-MRY,ORD,MRY,1844.0,10,
ORD-MSN,ORD,MSN,108.0,4103,"Trunk route - multi-carrier, unreliable"
ORD-MSO,ORD,MSO,1332.0,499,"Thin route - long-haul, rarely cancels"
ORD-MSP,ORD,MSP,334.0,6344,"Trunk route - multi-carrier, unreliable"
ORD-MSY,ORD,MSY,837.0,2403,"Trunk route - multi-carrier, unreliable"
ORD-MTJ,ORD,MTJ,1081.0,151,
ORD-MVY,ORD,MVY,894.0,11,
ORD-MYR,ORD,MYR,753.0,495,"Trunk route - multi-carrier, unreliable"
ORD-OGG,ORD,OGG,4184.0,138,
ORD-OKC,ORD,OKC,693.0,2617,"Thin route - long delay tail, high average delay"
ORD-OMA,ORD,OMA,416.0,3060,"Trunk route - multi-carrier, unreliable"
ORD-ONT,ORD,ONT,1700.0,290,
ORD-ORF,ORD,ORF,717.0,1897,"Trunk route - multi-carrier, unreliable"
ORD-PAH,ORD,PAH,342.0,159,
ORD-PBI,ORD,PBI,1144.0,1329,"Thin route - long delay tail, high average delay"
ORD-PDX,ORD,PDX,1739.0,2805,"Trunk route - multi-carrier, unreliable"
ORD-PHL,ORD,PHL,678.0,5008,"Trunk route - multi-carrier, unreliable"
ORD-PHX,ORD,PHX,1440.0,5586,"Trunk route - multi-carrier, unreliable"
ORD-PIA,ORD,PIA,130.0,2283,"Thin route - long delay tail, high average delay"
ORD-PIT,ORD,PIT,413.0,4000,"Trunk route - multi-carrier, unreliable"
ORD-PLN,ORD,PLN,293.0,216,
ORD-PNS,ORD,PNS,794.0,727,"Trunk route - multi-carrier, unreliable"
ORD-PSP,ORD,PSP,1651.0,787,"Thin route - long delay tail, high average delay"
ORD-PVD,ORD,PVD,849.0,1686,"Trunk route - multi-carrier, unreliable"
ORD-PWM,ORD,PWM,900.0,1494,"Trunk route - multi-carrier, unreliable"
ORD-RAP,ORD,RAP,780.0,692,"Thin route - reliable, short delay tail"
ORD-RDU,ORD,RDU,646.0,3656,"Trunk route - multi-carrier, unreliable"
ORD-RHI,ORD,RHI,264.0,152,
ORD-RIC,ORD,RIC,642.0,2223,"Trunk route - multi-carrier, unreliable"
ORD-RNO,ORD,RNO,1671.0,363,"Thin route - long delay tail, high average delay"
ORD-ROA,ORD,ROA,530.0,883,"Thin route - long delay tail, high average delay"
ORD-ROC,ORD,ROC,528.0,2336,"Trunk route - multi-carrier, unreliable"
ORD-RST,ORD,RST,268.0,1057,"Thin route - long delay tail, high average delay"
ORD-RSW,ORD,RSW,1120.0,3238,"Trunk route - multi-carrier, unreliable"
ORD-SAF,ORD,SAF,1072.0,107,
ORD-SAN,ORD,SAN,1723.0,3870,"Trunk route - multi-carrier, unreliable"
ORD-SAT,ORD,SAT,1041.0,1977,"Trunk route - multi-carrier, unreliable"
ORD-SAV,ORD,SAV,773.0,1564,"Trunk route - multi-carrier, unreliable"
ORD-SBA,ORD,SBA,1803.0,117,
ORD-SBN,ORD,SBN,84.0,2737,"Thin route - long delay tail, high average delay"
ORD-SCE,ORD,SCE,528.0,550,"Thin route - long delay tail, high average delay"
ORD-SDF,ORD,SDF,286.0,2793,"Trunk route - multi-carrier, unreliable"
ORD-SEA,ORD,SEA,1721.0,5558,"Trunk route - multi-carrier, unreliable"
ORD-SFO,ORD,SFO,1846.0,5616,"Trunk route - multi-carrier, unreliable"
ORD-SGF,ORD,SGF,438.0,1466,"Trunk route - multi-carrier, unreliable"
ORD-SGU,ORD,SGU,1404.0,10,
ORD-SHD,ORD,SHD,541.0,179,
ORD-SJC,ORD,SJC,1829.0,301,"Thin route - long delay tail, high average delay"
ORD-SJU,ORD,SJU,2072.0,1398,"Trunk route - multi-carrier, unreliable"
ORD-SLC,ORD,SLC,1250.0,3204,"Trunk route - multi-carrier, unreliable"
ORD-SLN,ORD,SLN,559.0,362,"Thin route - long delay tail, high average delay"
ORD-SMF,ORD,SMF,1781.0,1342,"Thin route - long delay tail, high average delay"
ORD-SNA,ORD,SNA,1726.0,2189,"Thin route - long-haul, rarely cancels"
ORD-SPI,ORD,SPI,174.0,708,"Thin route - long delay tail, high average delay"
ORD-SRQ,ORD,SRQ,1050.0,998,"Trunk route - multi-carrier, unreliable"
ORD-STL,ORD,STL,258.0,3090,"Trunk route - multi-carrier, unreliable"
ORD-STT,ORD,STT,2116.0,255,
ORD-STX,ORD,STX,2158.0,18,
ORD-SUN,ORD,SUN,1341.0,282,
ORD-SUX,ORD,SUX,436.0,365,"Thin route - long delay tail, high average delay"
ORD-SYR,ORD,SYR,607.0,2196,"Trunk route - multi-carrier, unreliable"
ORD-TPA,ORD,TPA,1012.0,3203,"Trunk route - multi-carrier, unreliable"
ORD-TRI,ORD,TRI,481.0,72,
ORD-TUL,ORD,TUL,585.0,2129,"Trunk route - multi-carrier, unreliable"
ORD-TUS,ORD,TUS,1437.0,1042,"Thin route - long delay tail, high average delay"
ORD-TVC,ORD,TVC,224.0,2770,"Thin route - long delay tail, high average delay"
ORD-TYS,ORD,TYS,475.0,2188,"Thin route - long delay tail, high average delay"
ORD-VPS,ORD,VPS,796.0,318,"Thin route - reliable, short delay tail"
ORD-XNA,ORD,XNA,522.0,1840,"Trunk route - multi-carrier, unreliable"
ORF-ATL,ORF,ATL,516.0,2941,"Thin route - reliable, short delay tail"
ORF-BNA,ORF,BNA,585.0,423,"Thin route - reliable, short delay tail"
ORF-BOS,ORF,BOS,468.0,474,"Thin route - reliable, short delay tail"
ORF-BWI,ORF,BWI,159.0,1549,"Thin route - reliable, short delay tail"
ORF-CLT,ORF,CLT,290.0,2470,"Trunk route - multi-carrier, unreliable"
ORF-CVG,ORF,CVG,485.0,4,
ORF-DAL,ORF,DAL,1203.0,77,
ORF-DCA,ORF,DCA,142.0,1040,"Thin route - long delay tail, high average delay"
ORF-DEN,ORF,DEN,1553.0,636,"Thin route - long-haul, rarely cancels"
ORF-DFW,ORF,DFW,1212.0,979,"Thin route - long delay tail, high average delay"
ORF-DTW,ORF,DTW,529.0,694,"Thin route - reliable, short delay tail"
ORF-EWR,ORF,EWR,284.0,822,"Thin route - reliable, short delay tail"
ORF-FLL,ORF,FLL,781.0,419,"Thin route - long delay tail, high average delay"
ORF-IAD,ORF,IAD,158.0,689,"Thin route - reliable, short delay tail"
ORF-IAH,ORF,IAH,1201.0,91,
ORF-JAX,ORF,JAX,543.0,3,
ORF-JFK,ORF,JFK,290.0,731,"Thin route - reliable, short delay tail"
ORF-LGA,ORF,LGA,296.0,1288,"Thin route - long delay tail, high average delay"
ORF-MCI,ORF,MCI,1021.0,7,
ORF-MCO,ORF,MCO,655.0,801,"Trunk route - multi-carrier, unreliable"
ORF-MDW,ORF,MDW,704.0,577,"Thin route - reliable, short delay tail"
ORF-MIA,ORF,MIA,802.0,638,"Thin route - reliable, short delay tail"
ORF-MSP,ORF,MSP,1045.0,3,
ORF-ORD,ORF,ORD,717.0,1899,"Trunk route - multi-carrier, unreliable"
ORF-PHL,ORF,PHL,212.0,830,"Thin route - long delay tail, high average delay"
ORF-PIE,ORF,PIE,726.0,3,
ORF-SFB,ORF,SFB,631.0,4,
ORF-SJU,ORF,SJU,1414.0,73,
ORF-STL,ORF,STL,785.0,17,
ORF-TPA,ORF,TPA,717.0,4,
ORH-FLL,ORH,FLL,1211.0,319,"Thin route - long delay tail, high average delay"
ORH-MCO,ORH,MCO,1091.0,362,"Thin route - long delay tail, high average delay"
ORH-RSW,ORH,RSW,1220.0,113,
OTH-DEN,OTH,DEN,1040.0,158,
OTH-SFO,OTH,SFO,412.0,316,"Thin route - long delay tail, high average delay"
OTZ-ANC,OTZ,ANC,549.0,361,"Thin route - reliable, short delay tail"
PAE-DEN,PAE,DEN,1036.0,41,
PAE-HNL,PAE,HNL,2694.0,125,
PAE-LAS,PAE,LAS,894.0,452,"Thin route - reliable, short delay tail"
PAE-LAX,PAE,LAX,984.0,70,
PAE-PHX,PAE,PHX,1133.0,578,"Thin route - reliable, short delay tail"
PAH-IAH,PAH,IAH,617.0,145,
PAH-ORD,PAH,ORD,342.0,157,
PBG-FLL,PBG,FLL,1334.0,138,
PBG-MYR,PBG,MYR,811.0,9,
PBG-PGD,PBG,PGD,1311.0,24,
PBG-PIE,PBG,PIE,1262.0,94,
PBG-SFB,PBG,SFB,1175.0,140,
PBI-ACY,PBI,ACY,936.0,326,"Thin route - reliable, short delay tail"
PBI-ATL,PBI,ATL,545.0,3791,"Thin route - reliable, short delay tail"
PBI-AVL,PBI,AVL,620.0,162,
PBI-BDL,PBI,BDL,1133.0,518,"Thin route - long delay tail, high average delay"
PBI-BNA,PBI,BNA,757.0,365,"Thin route - long delay tail, high average delay"
PBI-BOS,PBI,BOS,1197.0,2152,"Thin route - long delay tail, high average delay"
PBI-BUF,PBI,BUF,1123.0,3,
PBI-BWI,PBI,BWI,883.0,1233,"Thin route - reliable, short delay tail"
PBI-CLE,PBI,CLE,1020.0,20,
PBI-CLT,PBI,CLT,590.0,1830,"Thin route - reliable, short delay tail"
PBI-CVG,PBI,CVG,892.0,85,
PBI-DAL,PBI,DAL,1091.0,5,
PBI-DCA,PBI,DCA,857.0,1806,"Trunk route - multi-carrier, unreliable"
PBI-DEN,PBI,DEN,1679.0,272,
PBI-DFW,PBI,DFW,1102.0,1144,"Thin route - long delay tail, high average delay"
PBI-DTW,PBI,DTW,1086.0,475,"Thin route - reliable, short delay tail"
PBI-EWR,PBI,EWR,1024.0,3608,"Trunk route - multi-carrier, unreliable"
PBI-GRR,PBI,GRR,1158.0,61,
PBI-HPN,PBI,HPN,1056.0,1667,"Thin route - long delay tail, high average delay"
PBI-IAD,PBI,IAD,859.0,333,"Thin route - reliable, short delay tail"
PBI-IAH,PBI,IAH,956.0,491,"Thin route - reliable, short delay tail"
PBI-ISP,PBI,ISP,1052.0,1222,"Trunk route - multi-carrier, unreliable"
PBI-JFK,PBI,JFK,1028.0,2206,"Thin route - long delay tail, high average delay"
PBI-LAX,PBI,LAX,2330.0,185,
PBI-LGA,PBI,LGA,1035.0,3208,"Thin route - long delay tail, high average delay"
PBI-MCO,PBI,MCO,141.0,607,"Thin route - reliable, short delay tail"
PBI-MSP,PBI,MSP,1451.0,127,
PBI-ORD,PBI,ORD,1144.0,1328,"Thin route - long delay tail, high average delay"
PBI-PHL,PBI,PHL,951.0,1553,"Trunk route - multi-carrier, unreliable"
PBI-PIT,PBI,PIT,952.0,144,
PBI-PVD,PBI,PVD,1148.0,427,"Thin route - long delay tail, high average delay"
PBI-SDF,PBI,SDF,857.0,1,
PBI-STL,PBI,STL,1023.0,38,
PBI-TTN,PBI,TTN,985.0,13,
PDX-ABQ,PDX,ABQ,1111.0,7,
PDX-ANC,PDX,ANC,1542.0,1209,"Thin route - long-haul, rarely cancels"
PDX-ATL,PDX,ATL,2172.0,1551,"Thin route - long-haul, rarely cancels"
PDX-ATW,PDX,ATW,1662.0,47,
PDX-AUS,PDX,AUS,1715.0,607,"Thin route - long-haul, rarely cancels"
PDX-AZA,PDX,AZA,1028.0,52,
PDX-BLI,PDX,BLI,221.0,136,
PDX-BNA,PDX,BNA,1973.0,318,"Thin route - long-haul, rarely cancels"
PDX-BOI,PDX,BOI,344.0,908,"Thin route - reliable, short delay tail"
PDX-BOS,PDX,BOS,2537.0,671,"Thin route - long-haul, rarely cancels"
PDX-BUR,PDX,BUR,817.0,995,"Thin route - reliable, short delay tail"
PDX-BWI,PDX,BWI,2358.0,200,
PDX-BZN,PDX,BZN,554.0,84,
PDX-CID,PDX,CID,1557.0,1,
PDX-CLT,PDX,CLT,2282.0,440,"Thin route - long-haul, rarely cancels"
PDX-CVG,PDX,CVG,1975.0,45,
PDX-DAL,PDX,DAL,1626.0,230,
PDX-DCA,PDX,DCA,2350.0,363,"Thin route - long-haul, rarely cancels"
PDX-DEN,PDX,DEN,991.0,4286,"Trunk route - multi-carrier, unreliable"
PDX-DFW,PDX,DFW,1616.0,2380,"Thin route - long-haul, rarely cancels"
PDX-DSM,PDX,DSM,1471.0,56,
PDX-DTW,PDX,DTW,1953.0,379,"Thin route - long-haul, rarely cancels"
PDX-EUG,PDX,EUG,105.0,582,"Thin route - reliable, short delay tail"
PDX-EWR,PDX,EWR,2434.0,899,"Thin route - long-haul, rarely cancels"
PDX-FAI,PDX,FAI,1640.0,52,
PDX-FAT,PDX,FAT,626.0,588,"Thin route - reliable, short delay tail"
PDX-FCA,PDX,FCA,437.0,30,
PDX-FLL,PDX,FLL,2694.0,10,
PDX-FNT,PDX,FNT,1917.0,22,
PDX-GEG,PDX,GEG,279.0,1030,"Thin route - reliable, short delay tail"
PDX-GRR,PDX,GRR,1833.0,28,
PDX-HNL,PDX,HNL,2603.0,908,"Thin route - long-haul, rarely cancels"
PDX-IAD,PDX,IAD,2327.0,291,
PDX-IAH,PDX,IAH,1825.0,1227,"Thin route - long-haul, rarely cancels"
PDX-IDA,PDX,IDA,539.0,119,
PDX-IND,PDX,IND,1877.0,26,
PDX-JAC,PDX,JAC,600.0,15,
PDX-JFK,PDX,JFK,2454.0,914,"Thin route - long-haul, rarely cancels"
PDX-KOA,PDX,KOA,2607.0,365,"Thin route - long-haul, rarely cancels"
PDX-LAS,PDX,LAS,763.0,2956,"Trunk route - multi-carrier, unreliable"
PDX-LAX,PDX,LAX,833.0,4345,"Trunk route - multi-carrier, unreliable"
PDX-LIH,PDX,LIH,2630.0,253,
PDX-MCI,PDX,MCI,1482.0,347,"Thin route - long-haul, rarely cancels"
PDX-MCO,PDX,MCO,2535.0,391,"Thin route - long-haul, rarely cancels"
PDX-MDW,PDX,MDW,1751.0,684,"Thin route - long-haul, rarely cancels"
PDX-MFR,PDX,MFR,222.0,271,
PDX-MIA,PDX,MIA,2700.0,342,"Thin route - long-haul, rarely cancels"
PDX-MSO,PDX,MSO,418.0,108,
PDX-MSP,PDX,MSP,1426.0,1543,"Thin route - reliable, short delay tail"
PDX-MSY,PDX,MSY,2051.0,114,
PDX-OAK,PDX,OAK,543.0,1287,"Thin route - reliable, short delay tail"
PDX-OGG,PDX,OGG,2561.0,728,"Thin route - long-haul, rarely cancels"
PDX-ONT,PDX,ONT,838.0,566,"Thin route - reliable, short delay tail"
PDX-ORD,PDX,ORD,1739.0,2808,"Thin route - long-haul, rarely cancels"
PDX-PHL,PDX,PHL,2406.0,262,
PDX-PHX,PDX,PHX,1010.0,3750,"Trunk route - multi-carrier, unreliable"
PDX-PSC,PDX,PSC,174.0,52,
PDX-PSP,PDX,PSP,873.0,738,"Thin route - reliable, short delay tail"
PDX-PVU,PDX,PVU,664.0,78,
PDX-RDM,PDX,RDM,116.0,269,
PDX-RNO,PDX,RNO,444.0,310,"Thin route - reliable, short delay tail"
PDX-SAN,PDX,SAN,933.0,1771,"Trunk route - multi-carrier, unreliable"
PDX-SBA,PDX,SBA,784.0,28,
PDX-SBP,PDX,SBP,722.0,83,
PDX-SEA,PDX,SEA,129.0,4942,"Thin route - reliable, short delay tail"
PDX-SFO,PDX,SFO,550.0,3494,"Trunk route - multi-carrier, unreliable"
PDX-SJC,PDX,SJC,569.0,1672,"Thin route - reliable, short delay tail"
PDX-SLC,PDX,SLC,630.0,2374,"Thin route - reliable, short delay tail"
PDX-SMF,PDX,SMF,479.0,1966,"Thin route - reliable, short delay tail"
PDX-SNA,PDX,SNA,859.0,1550,"Thin route - reliable, short delay tail"
PDX-STL,PDX,STL,1708.0,114,
PDX-STS,PDX,STS,489.0,640,"Thin route - reliable, short delay tail"
PDX-TPA,PDX,TPA,2497.0,10,
PDX-TUS,PDX,TUS,1119.0,365,"Thin route - reliable, short delay tail"
PGD-ABE,PGD,ABE,1018.0,244,
PGD-ACY,PGD,ACY,964.0,28,
PGD-ALB,PGD,ALB,1185.0,185,
PGD-ATW,PGD,ATW,1250.0,244,
PGD-AVL,PGD,AVL,588.0,222,
PGD-BGR,PGD,BGR,1433.0,70,
PGD-BLV,PGD,BLV,921.0,224,
PGD-BNA,PGD,BNA,692.0,116,
PGD-CAK,PGD,CAK,965.0,151,
PGD-CHA,PGD,CHA,591.0,60,
PGD-CID,PGD,CID,1170.0,170,
PGD-CVG,PGD,CVG,850.0,349,"Thin route - long delay tail, high average delay"
PGD-DAY,PGD,DAY,904.0,95,
PGD-DSM,PGD,DSM,1206.0,188,
PGD-ELM,PGD,ELM,1089.0,60,
PGD-FNT,PGD,FNT,1111.0,336,"Thin route - long delay tail, high average delay"
PGD-FSD,PGD,FSD,1415.0,47,
PGD-FWA,PGD,FWA,986.0,225,
PGD-GRR,PGD,GRR,1118.0,349,"Thin route - long-haul, rarely cancels"
PGD-HTS,PGD,HTS,790.0,3,
PGD-IAD,PGD,IAD,870.0,86,
PGD-IAG,PGD,IAG,1129.0,203,
PGD-IND,PGD,IND,916.0,258,
PGD-LCK,PGD,LCK,890.0,186,
PGD-LEX,PGD,LEX,781.0,164,
PGD-MCI,PGD,MCI,1125.0,99,
PGD-MDT,PGD,MDT,963.0,151,
PGD-MDW,PGD,MDW,1076.0,99,
PGD-MLI,PGD,MLI,1113.0,102,
PGD-MSY,PGD,MSY,545.0,48,
PGD-OMA,PGD,OMA,1269.0,92,
PGD-PBG,PGD,PBG,1311.0,24,
PGD-PIA,PGD,PIA,1044.0,219,
PGD-PIT,PGD,PIT,941.0,177,
PGD-PSM,PGD,PSM,1279.0,237,
PGD-PVD,PGD,PVD,1184.0,142,
PGD-RFD,PGD,RFD,1127.0,220,
PGD-ROC,PGD,ROC,1143.0,71,
PGD-SBN,PGD,SBN,1049.0,238,
PGD-SDF,PGD,SDF,806.0,155,
PGD-SGF,PGD,SGF,975.0,103,
PGD-SPI,PGD,SPI,995.0,113,
PGD-STC,PGD,STC,1447.0,45,
PGD-SWF,PGD,SWF,1101.0,114,
PGD-SYR,PGD,SYR,1164.0,70,
PGD-TOL,PGD,TOL,1017.0,133,
PGD-TTN,PGD,TTN,1008.0,47,
PGD-TVC,PGD,TVC,1245.0,74,
PGD-TYS,PGD,TYS,624.0,218,
PGD-USA,PGD,USA,588.0,120,
PHF-CLT,PHF,CLT,282.0,3,
PHL-ABQ,PHL,ABQ,1747.0,6,
PHL-ACK,PHL,ACK,288.0,122,
PHL-ACY,PHL,ACY,45.0,1,
PHL-AGS,PHL,AGS,584.0,13,
PHL-ATL,PHL,ATL,666.0,5750,"Trunk route - multi-carrier, unreliable"
PHL-AUS,PHL,AUS,1431.0,1164,"Trunk route - multi-carrier, unreliable"
PHL-AVL,PHL,AVL,504.0,50,
PHL-BDL,PHL,BDL,195.0,572,"Thin route - long delay tail, high average delay"
PHL-BGR,PHL,BGR,473.0,491,"Thin route - long delay tail, high average delay"
PHL-BHM,PHL,BHM,772.0,559,"Thin route - long delay tail, high average delay"
PHL-BNA,PHL,BNA,675.0,2846,"Trunk route - multi-carrier, unreliable"
PHL-BOS,PHL,BOS,280.0,4978,"Trunk route - multi-carrier, unreliable"
PHL-BTV,PHL,BTV,335.0,1116,"Thin route - long delay tail, high average delay"
PHL-BUF,PHL,BUF,279.0,261,
PHL-CHS,PHL,CHS,550.0,1089,"Trunk route - multi-carrier, unreliable"
PHL-CID,PHL,CID,873.0,1,
PHL-CLE,PHL,CLE,363.0,998,"Thin route - long delay tail, high average delay"
PHL-CLT,PHL,CLT,449.0,3521,"Trunk route - multi-carrier, unreliable"
PHL-CMH,PHL,CMH,407.0,1435,"Trunk route - multi-carrier, unreliable"
PHL-CVG,PHL,CVG,507.0,1256,"Thin route - long delay tail, high average delay"
PHL-DAL,PHL,DAL,1295.0,324,"Thin route - long delay tail, high average delay"
PHL-DAY,PHL,DAY,477.0,359,"Thin route - long delay tail, high average delay"
PHL-DCA,PHL,DCA,120.0,789,"Thin route - long delay tail, high average delay"
PHL-DEN,PHL,DEN,1558.0,3033,"Trunk route - multi-carrier, unreliable"
PHL-DFW,PHL,DFW,1303.0,3473,"Trunk route - multi-carrier, unreliable"
PHL-DSM,PHL,DSM,973.0,349,"Thin route - long delay tail, high average delay"
PHL-DTW,PHL,DTW,453.0,2953,"Trunk route - multi-carrier, unreliable"
PHL-ECP,PHL,ECP,886.0,101,
PHL-EYW,PHL,EYW,1122.0,493,"Thin route - reliable, short delay tail"
PHL-FLL,PHL,FLL,993.0,3507,"Trunk route - multi-carrier, unreliable"
PHL-GRB,PHL,GRB,733.0,2,
PHL-GRR,PHL,GRR,573.0,358,"Thin route - long delay tail, high average delay"
PHL-GSO,PHL,GSO,365.0,134,
PHL-GSP,PHL,GSP,515.0,441,"Thin route - long delay tail, high average delay"
PHL-HHH,PHL,HHH,609.0,45,
PHL-HYA,PHL,HYA,288.0,77,
PHL-IAD,PHL,IAD,135.0,211,
PHL-IAH,PHL,IAH,1325.0,1847,"Trunk route - multi-carrier, unreliable"
PHL-ILM,PHL,ILM,414.0,78,
PHL-IND,PHL,IND,588.0,1559,"Trunk route - multi-carrier, unreliable"
PHL-ISP,PHL,ISP,129.0,1,
PHL-JAX,PHL,JAX,742.0,1564,"Trunk route - multi-carrier, unreliable"
PHL-LAS,PHL,LAS,2177.0,1484,"Thin route - long-haul, rarely cancels"
PHL-LAX,PHL,LAX,2402.0,2406,"Thin route - long-haul, rarely cancels"
PHL-LEX,PHL,LEX,520.0,398,"Thin route - long delay tail, high average delay"
PHL-MCI,PHL,MCI,1038.0,908,"Thin route - long delay tail, high average delay"
PHL-MCO,PHL,MCO,862.0,5334,"Trunk route - multi-carrier, unreliable"
PHL-MDT,PHL,MDT,84.0,1,
PHL-MDW,PHL,MDW,668.0,1524,"Trunk route - multi-carrier, unreliable"
PHL-MEM,PHL,MEM,875.0,759,"Thin route - reliable, short delay tail"
PHL-MIA,PHL,MIA,1013.0,3247,"Trunk route - multi-carrier, unreliable"
PHL-MKE,PHL,MKE,690.0,503,"Thin route - long delay tail, high average delay"
PHL-MSN,PHL,MSN,764.0,452,"Thin route - long delay tail, high average delay"
PHL-MSP,PHL,MSP,981.0,2051,"Trunk route - multi-carrier, unreliable"
PHL-MSY,PHL,MSY,1089.0,1133,"Trunk route - multi-carrier, unreliable"
PHL-MVY,PHL,MVY,265.0,77,
PHL-MYR,PHL,MYR,474.0,279,
PHL-OMA,PHL,OMA,1089.0,330,"Thin route - long delay tail, high average delay"
PHL-ORD,PHL,ORD,678.0,5002,"Trunk route - multi-carrier, unreliable"
PHL-ORF,PHL,ORF,212.0,829,"Thin route - long delay tail, high average delay"
PHL-PBI,PHL,PBI,951.0,1554,"Trunk route - multi-carrier, unreliable"
PHL-PDX,PHL,PDX,2406.0,262,
PHL-PHX,PHL,PHX,2076.0,2320,"Thin route - long-haul, rarely cancels"
PHL-PIT,PHL,PIT,268.0,1210,"Trunk route - multi-carrier, unreliable"
PHL-PNS,PHL,PNS,935.0,264,
PHL-PVD,PHL,PVD,237.0,703,"Thin route - long delay tail, high average delay"
PHL-PWM,PHL,PWM,364.0,675,"Thin route - long delay tail, high average delay"
PHL-RDU,PHL,RDU,337.0,2602,"Trunk route - multi-carrier, unreliable"
PHL-RIC,PHL,RIC,198.0,136,
PHL-ROC,PHL,ROC,257.0,1,
PHL-RSW,PHL,RSW,993.0,1331,"Thin route - long delay tail, high average delay"
PHL-SAN,PHL,SAN,2370.0,1046,"Thin route - long-haul, rarely cancels"
PHL-SAT,PHL,SAT,1496.0,266,
PHL-SAV,PHL,SAV,630.0,984,"Trunk route - multi-carrier, unreliable"
PHL-SCE,PHL,SCE,153.0,10,
PHL-SDF,PHL,SDF,577.0,608,"Thin route - reliable, short delay tail"
PHL-SEA,PHL,SEA,2379.0,1388,"Thin route - long-haul, rarely cancels"
PHL-SFO,PHL,SFO,2522.0,2047,"Thin route - long-haul, rarely cancels"
PHL-SJC,PHL,SJC,2504.0,4,
PHL-SJU,PHL,SJU,1576.0,1932,"Thin route - long delay tail, high average delay"
PHL-SLC,PHL,SLC,1927.0,818,"Thin route - long-haul, rarely cancels"
PHL-SRQ,PHL,SRQ,957.0,462,"Thin route - reliable, short delay tail"
PHL-STL,PHL,STL,814.0,1606,"Trunk route - multi-carrier, unreliable"
PHL-STT,PHL,STT,1605.0,187,
PHL-SYR,PHL,SYR,228.0,127,
PHL-TPA,PHL,TPA,920.0,2652,"Trunk route - multi-carrier, unreliable"
PHL-TVC,PHL,TVC,627.0,116,
PHL-TYS,PHL,TYS,555.0,344,"Thin route - long delay tail, high average delay"
PHL-VPS,PHL,VPS,908.0,15,
PHL-XNA,PHL,XNA,1067.0,479,"Thin route - long delay tail, high average delay"
PHX-ABI,PHX,ABI,720.0,58,
PHX-ABQ,PHX,ABQ,328.0,3298,"Trunk route - multi-carrier, unreliable"
PHX-AGS,PHX,AGS,1731.0,3,
PHX-ANC,PHX,ANC,2552.0,435,"Thin route - long-haul, rarely cancels"
PHX-ASE,PHX,ASE,491.0,110,
PHX-ATL,PHX,ATL,1587.0,3734,"Trunk route - multi-carrier, unreliable"
PHX-ATW,PHX,ATW,1463.0,8,
PHX-AUS,PHX,AUS,872.0,3351,"Trunk route - multi-carrier, unreliable"
PHX-AVL,PHX,AVL,1683.0,18,
PHX-BFL,PHX,BFL,425.0,1305,"Trunk route - multi-carrier, unreliable"
PHX-BHM,PHX,BHM,1455.0,185,
PHX-BIL,PHX,BIL,873.0,110,
PHX-BNA,PHX,BNA,1449.0,2367,"Trunk route - multi-carrier, unreliable"
PHX-BOI,PHX,BOI,735.0,2015,"Trunk route - multi-carrier, unreliable"
PHX-BOS,PHX,BOS,2300.0,2015,"Thin route - long-haul, rarely cancels"
PHX-BUF,PHX,BUF,1912.0,199,
PHX-BUR,PHX,BUR,369.0,3147,"Trunk route - multi-carrier, unreliable"
PHX-BWI,PHX,BWI,1999.0,1236,"Thin route - long-haul, rarely cancels"
PHX-BZN,PHX,BZN,853.0,58,
PHX-CID,PHX,CID,1252.0,772,"Thin route - long-haul, rarely cancels"
PHX-CLD,PHX,CLD,306.0,868,"Thin route - reliable, short delay tail"
PHX-CLE,PHX,CLE,1737.0,989,"Thin route - long-haul, rarely cancels"
PHX-CLT,PHX,CLT,1773.0,2881,"Thin route - long-haul, rarely cancels"
PHX-CMH,PHX,CMH,1670.0,1147,"Thin route - long-haul, rarely cancels"
PHX-COS,PHX,COS,551.0,1001,"Thin route - reliable, short delay tail"
PHX-CVG,PHX,CVG,1569.0,608,"Thin route - long-haul, rarely cancels"
PHX-DAL,PHX,DAL,879.0,2889,"Thin route - reliable, short delay tail"
PHX-DCA,PHX,DCA,1979.0,1086,"Thin route - long-haul, rarely cancels"
PHX-DEN,PHX,DEN,602.0,8944,"Trunk route - multi-carrier, unreliable"
PHX-DFW,PHX,DFW,868.0,5225,"Trunk route - multi-carrier, unreliable"
PHX-DRO,PHX,DRO,352.0,991,"Thin route - reliable, short delay tail"
PHX-DSM,PHX,DSM,1149.0,1067,"Trunk route - multi-carrier, unreliable"
PHX-DTW,PHX,DTW,1671.0,2397,"Trunk route - multi-carrier, unreliable"
PHX-EGE,PHX,EGE,513.0,167,
PHX-ELP,PHX,ELP,347.0,2488,"Trunk route - multi-carrier, unreliable"
PHX-EUG,PHX,EUG,952.0,625,"Thin route - reliable, short delay tail"
PHX-EWR,PHX,EWR,2133.0,2480,"Thin route - long-haul, rarely cancels"
PHX-FAR,PHX,FAR,1225.0,102,
PHX-FAT,PHX,FAT,493.0,1475,"Trunk route - multi-carrier, unreliable"
PHX-FCA,PHX,FCA,1033.0,13,
PHX-FLG,PHX,FLG,119.0,1201,"Thin route - long delay tail, high average delay"
PHX-FLL,PHX,FLL,1972.0,572,"Thin route - long delay tail, high average delay"
PHX-FSD,PHX,FSD,1081.0,655,"Thin route - reliable, short delay tail"
PHX-GEG,PHX,GEG,1020.0,1257,"Trunk route - multi-carrier, unreliable"
PHX-GJT,PHX,GJT,438.0,982,"Thin route - reliable, short delay tail"
PHX-GRB,PHX,GRB,1487.0,3,
PHX-GRR,PHX,GRR,1574.0,156,
PHX-HNL,PHX,HNL,2917.0,1317,"Thin route - long-haul, rarely cancels"
PHX-HOU,PHX,HOU,1020.0,2119,"Thin route - reliable, short delay tail"
PHX-IAD,PHX,IAD,1956.0,1037,"Thin route - long-haul, rarely cancels"
PHX-IAH,PHX,IAH,1009.0,2957,"Trunk route - multi-carrier, unreliable"
PHX-ICT,PHX,ICT,870.0,769,"Thin route - reliable, short delay tail"
PHX-IDA,PHX,IDA,696.0,200,
PHX-IND,PHX,IND,1489.0,1529,"Trunk route - multi-carrier, unreliable"
PHX-JAX,PHX,JAX,1785.0,323,"Thin route - long-haul, rarely cancels"
PHX-JFK,PHX,JFK,2153.0,3033,"Thin route - long-haul, rarely cancels"
PHX-KOA,PHX,KOA,2860.0,384,"Thin route - long-haul, rarely cancels"
PHX-LAS,PHX,LAS,255.0,6014,"Trunk route - multi-carrier, unreliable"
PHX-LAX,PHX,LAX,370.0,7606,"Trunk route - multi-carrier, unreliable"
PHX-LBB,PHX,LBB,588.0,366,"Thin route - reliable, short delay tail"
PHX-LGB,PHX,LGB,355.0,1520,"Thin route - reliable, short delay tail"
PHX-LIH,PHX,LIH,2979.0,384,"Thin route - long-haul, rarely cancels"
PHX-LIT,PHX,LIT,1136.0,306,"Thin route - reliable, short delay tail"
PHX-MAF,PHX,MAF,581.0,365,"Thin route - long delay tail, high average delay"
PHX-MCI,PHX,MCI,1044.0,2472,"Trunk route - multi-carrier, unreliable"
PHX-MCO,PHX,MCO,1849.0,1852,"Thin route - long-haul, rarely cancels"
PHX-MDW,PHX,MDW,1444.0,2757,"Trunk route - multi-carrier, unreliable"
PHX-MEM,PHX,MEM,1264.0,486,"Trunk route - multi-carrier, unreliable"
PHX-MFE,PHX,MFE,965.0,58,
PHX-MFR,PHX,MFR,855.0,753,"Thin route - reliable, short delay tail"
PHX-MIA,PHX,MIA,1972.0,1832,"Thin route - long-haul, rarely cancels"
PHX-MKE,PHX,MKE,1460.0,1452,"Trunk route - multi-carrier, unreliable"
PHX-MRY,PHX,MRY,598.0,1373,"Thin route - reliable, short delay tail"
PHX-MSN,PHX,MSN,1396.0,592,"Thin route - long-haul, rarely cancels"
PHX-MSP,PHX,MSP,1276.0,3020,"Trunk route - multi-carrier, unreliable"
PHX-MSY,PHX,MSY,1301.0,932,"Trunk route - multi-carrier, unreliable"
PHX-OAK,PHX,OAK,646.0,1925,"Thin route - reliable, short delay tail"
PHX-OGG,PHX,OGG,2844.0,856,"Thin route - long-haul, rarely cancels"
PHX-OKC,PHX,OKC,833.0,1837,"Trunk route - multi-carrier, unreliable"
PHX-OMA,PHX,OMA,1037.0,2005,"Trunk route - multi-carrier, unreliable"
PHX-ONT,PHX,ONT,325.0,3027,"Trunk route - multi-carrier, unreliable"
PHX-ORD,PHX,ORD,1440.0,5587,"Trunk route - multi-carrier, unreliable"
PHX-PAE,PHX,PAE,1133.0,582,"Thin route - reliable, short delay tail"
PHX-PDX,PHX,PDX,1010.0,3748,"Trunk route - multi-carrier, unreliable"
PHX-PHL,PHX,PHL,2076.0,2324,"Thin route - long-haul, rarely cancels"
PHX-PIT,PHX,PIT,1814.0,809,"Thin route - long-haul, rarely cancels"
PHX-PSC,PHX,PSC,962.0,693,"Thin route - reliable, short delay tail"
PHX-PSP,PHX,PSP,261.0,1444,"Trunk route - multi-carrier, unreliable"
PHX-PVU,PHX,PVU,468.0,279,
PHX-RAP,PHX,RAP,876.0,58,
PHX-RDM,PHX,RDM,893.0,840,"Thin route - reliable, short delay tail"
PHX-RDU,PHX,RDU,1891.0,834,"Thin route - long-haul, rarely cancels"
PHX-RNO,PHX,RNO,601.0,2444,"Trunk route - multi-carrier, unreliable"
PHX-RSW,PHX,RSW,1868.0,72,
PHX-SAF,PHX,SAF,370.0,514,"Thin route - reliable, short delay tail"
PHX-SAN,PHX,SAN,304.0,6002,"Trunk route - multi-carrier, unreliable"
PHX-SAT,PHX,SAT,843.0,2522,"Trunk route - multi-carrier, unreliable"
PHX-SBA,PHX,SBA,455.0,1431,"Trunk route - multi-carrier, unreliable"
PHX-SBP,PHX,SBP,509.0,1259,"Thin route - reliable, short delay tail"
PHX-SCK,PHX,SCK,603.0,119,
PHX-SDF,PHX,SDF,1506.0,372,"Thin route - long-haul, rarely cancels"
PHX-SEA,PHX,SEA,1107.0,7226,"Trunk route - multi-carrier, unreliable"
PHX-SFO,PHX,SFO,651.0,4692,"Trunk route - multi-carrier, unreliable"
PHX-SGF,PHX,SGF,1082.0,9,
PHX-SGU,PHX,SGU,262.0,890,"Thin route - reliable, short delay tail"
PHX-SJC,PHX,SJC,621.0,2987,"Trunk route - multi-carrier, unreliable"
PHX-SLC,PHX,SLC,507.0,5773,"Trunk route - multi-carrier, unreliable"
PHX-SMF,PHX,SMF,647.0,3622,"Trunk route - multi-carrier, unreliable"
PHX-SMX,PHX,SMX,494.0,405,"Thin route - reliable, short delay tail"
PHX-SNA,PHX,SNA,338.0,4638,"Trunk route - multi-carrier, unreliable"
PHX-STL,PHX,STL,1262.0,2316,"Trunk route - multi-carrier, unreliable"
PHX-STS,PHX,STS,699.0,693,"Thin route - reliable, short delay tail"
PHX-SUN,PHX,SUN,705.0,97,
PHX-TPA,PHX,TPA,1788.0,1217,"Thin route - long-haul, rarely cancels"
PHX-TUL,PHX,TUL,935.0,1255,"Trunk route - multi-carrier, unreliable"
PHX-TUS,PHX,TUS,109.0,3463,"Trunk route - multi-carrier, unreliable"
PHX-TYS,PHX,TYS,1599.0,122,
PHX-XNA,PHX,XNA,1023.0,825,"Thin route - reliable, short delay tail"
PHX-YUM,PHX,YUM,160.0,1327,"Thin route - reliable, short delay tail"
PIA-AZA,PIA,AZA,1312.0,213,
PIA-BNA,PIA,BNA,353.0,47,
PIA-CLT,PIA,CLT,607.0,718,"Thin route - long delay tail, high average delay"
PIA-DEN,PIA,DEN,793.0,432,"Thin route - long delay tail, high average delay"
PIA-DFW,PIA,DFW,672.0,1055,"Thin route - long delay tail, high average delay"
PIA-LAS,PIA,LAS,1413.0,116,
PIA-ORD,PIA,ORD,130.0,2284,"Thin route - long delay tail, high average delay"
PIA-PGD,PIA,PGD,1044.0,219,
PIA-PIE,PIA,PIE,965.0,158,
PIA-SFB,PIA,SFB,949.0,142,
PIA-SRQ,PIA,SRQ,1001.0,98,
PIA-VPS,PIA,VPS,724.0,41,
PIB-IAH,PIB,IAH,372.0,627,"Thin route - reliable, short delay tail"
PIE-ABE,PIE,ABE,970.0,280,
PIE-ACY,PIE,ACY,922.0,49,
PIE-ALB,PIE,ALB,1138.0,137,
PIE-ATW,PIE,ATW,1173.0,182,
PIE-AVL,PIE,AVL,519.0,508,"Thin route - reliable, short delay tail"
PIE-BGR,PIE,BGR,1394.0,221,
PIE-BLV,PIE,BLV,841.0,172,
PIE-BMI,PIE,BMI,936.0,111,
PIE-BNA,PIE,BNA,612.0,87,
PIE-CAK,PIE,CAK,899.0,134,
PIE-CHA,PIE,CHA,513.0,117,
PIE-CID,PIE,CID,1090.0,158,
PIE-CKB,PIE,CKB,798.0,53,
PIE-COS,PIE,COS,1472.0,105,
PIE-CVG,PIE,CVG,776.0,351,"Thin route - long delay tail, high average delay"
PIE-DAY,PIE,DAY,831.0,106,
PIE-DSM,PIE,DSM,1126.0,186,
PIE-ELM,PIE,ELM,1035.0,123,
PIE-EVV,PIE,EVV,752.0,94,
PIE-EYW,PIE,EYW,238.0,313,"Thin route - reliable, short delay tail"
PIE-FAR,PIE,FAR,1519.0,57,
PIE-FLL,PIE,FLL,201.0,1,
PIE-FNT,PIE,FNT,1040.0,275,
PIE-FSD,PIE,FSD,1334.0,109,
PIE-FWA,PIE,FWA,912.0,191,
PIE-GRR,PIE,GRR,1044.0,381,"Thin route - reliable, short delay tail"
PIE-GSO,PIE,GSO,587.0,106,
PIE-GSP,PIE,GSP,482.0,131,
PIE-HGR,PIE,HGR,861.0,100,
PIE-HSV,PIE,HSV,523.0,43,
PIE-HTS,PIE,HTS,721.0,177,
PIE-IAG,PIE,IAG,1069.0,120,
PIE-ICT,PIE,ICT,1087.0,31,
PIE-IND,PIE,IND,840.0,228,
PIE-LCK,PIE,LCK,821.0,172,
PIE-LEX,PIE,LEX,707.0,176,
PIE-LIT,PIE,LIT,734.0,25,
PIE-MCI,PIE,MCI,1045.0,108,
PIE-MDT,PIE,MDT,912.0,165,
PIE-MEM,PIE,MEM,653.0,96,
PIE-MLI,PIE,MLI,1033.0,85,
PIE-OMA,PIE,OMA,1188.0,116,
PIE-ORF,PIE,ORF,726.0,3,
PIE-PBG,PIE,PBG,1262.0,94,
PIE-PIA,PIE,PIA,965.0,158,
PIE-PIT,PIE,PIT,878.0,164,
PIE-PSM,PIE,PSM,1239.0,43,
PIE-RFD,PIE,RFD,1049.0,132,
PIE-RIC,PIE,RIC,732.0,98,
PIE-ROA,PIE,ROA,668.0,113,
PIE-SBN,PIE,SBN,973.0,151,
PIE-SDF,PIE,SDF,729.0,109,
PIE-SGF,PIE,SGF,895.0,183,
PIE-SWF,PIE,SWF,1055.0,124,
PIE-SYR,PIE,SYR,1111.0,163,
PIE-TOL,PIE,TOL,945.0,134,
PIE-TRI,PIE,TRI,590.0,53,
PIE-TTN,PIE,TTN,964.0,47,
PIE-TUL,PIE,TUL,961.0,24,
PIE-TVC,PIE,TVC,1172.0,97,
PIE-TYS,PIE,TYS,550.0,522,"Thin route - long delay tail, high average delay"
PIE-USA,PIE,USA,528.0,206,
PIE-XNA,PIE,XNA,892.0,52,
PIH-SLC,PIH,SLC,149.0,448,"Thin route - reliable, short delay tail"
PIR-DEN,PIR,DEN,385.0,660,"Thin route - reliable, short delay tail"
PIT-ATL,PIT,ATL,526.0,2754,"Thin route - reliable, short delay tail"
PIT-AUS,PIT,AUS,1210.0,321,"Thin route - reliable, short delay tail"
PIT-BNA,PIT,BNA,462.0,1099,"Thin route - reliable, short delay tail"
PIT-BOS,PIT,BOS,496.0,2155,"Trunk route - multi-carrier, unreliable"
PIT-BWI,PIT,BWI,210.0,1075,"Thin route - reliable, short delay tail"
PIT-CLT,PIT,CLT,366.0,1958,"Thin route - reliable, short delay tail"
PIT-DAL,PIT,DAL,1060.0,365,"Thin route - reliable, short delay tail"
PIT-DCA,PIT,DCA,204.0,1431,"Thin route - long delay tail, high average delay"
PIT-DEN,PIT,DEN,1290.0,1659,"Thin route - long-haul, rarely cancels"
PIT-DFW,PIT,DFW,1067.0,1508,"Thin route - reliable, short delay tail"
PIT-DTW,PIT,DTW,201.0,985,"Trunk route - multi-carrier, unreliable"
PIT-EWR,PIT,EWR,319.0,1808,"Thin route - reliable, short delay tail"
PIT-EYW,PIT,EYW,1102.0,98,
PIT-FLL,PIT,FLL,994.0,1105,"Thin route - reliable, short delay tail"
PIT-HOU,PIT,HOU,1131.0,316,"Thin route - reliable, short delay tail"
PIT-IAD,PIT,IAD,182.0,1225,"Thin route - reliable, short delay tail"
PIT-IAH,PIT,IAH,1117.0,774,"Thin route - reliable, short delay tail"
PIT-JAX,PIT,JAX,694.0,140,
PIT-JFK,PIT,JFK,340.0,1764,"Thin route - reliable, short delay tail"
PIT-LAS,PIT,LAS,1910.0,719,"Thin route - long-haul, rarely cancels"
PIT-LAX,PIT,LAX,2136.0,425,"Thin route - long-haul, rarely cancels"
PIT-LGA,PIT,LGA,335.0,3012,"Trunk route - multi-carrier, unreliable"
PIT-MCO,PIT,MCO,834.0,2223,"Trunk route - multi-carrier, unreliable"
PIT-MDW,PIT,MDW,402.0,1118,"Thin route - reliable, short delay tail"
PIT-MIA,PIT,MIA,1013.0,712,"Thin route - reliable, short delay tail"
PIT-MLB,PIT,MLB,854.0,98,
PIT-MSP,PIT,MSP,726.0,640,"Thin route - reliable, short delay tail"
PIT-MYR,PIT,MYR,475.0,214,
PIT-ORD,PIT,ORD,413.0,4003,"Trunk route - multi-carrier, unreliable"
PIT-PBI,PIT,PBI,952.0,144,
PIT-PGD,PIT,PGD,941.0,177,
PIT-PHL,PIT,PHL,268.0,1207,"Trunk route - multi-carrier, unreliable"
PIT-PHX,PIT,PHX,1814.0,808,"Thin route - long-haul, rarely cancels"
PIT-PIE,PIT,PIE,878.0,164,
PIT-RDU,PIT,RDU,328.0,720,"Thin route - reliable, short delay tail"
PIT-RSW,PIT,RSW,966.0,483,"Thin route - reliable, short delay tail"
PIT-SAN,PIT,SAN,2106.0,35,
PIT-SAV,PIT,SAV,579.0,107,
PIT-SDF,PIT,SDF,335.0,2,
PIT-SEA,PIT,SEA,2125.0,470,"Thin route - long-haul, rarely cancels"
PIT-SFB,PIT,SFB,810.0,173,
PIT-SFO,PIT,SFO,2254.0,555,"Thin route - long-haul, rarely cancels"
PIT-SLC,PIT,SLC,1660.0,363,"Thin route - long-haul, rarely cancels"
PIT-SRQ,PIT,SRQ,912.0,340,"Thin route - reliable, short delay tail"
PIT-STL,PIT,STL,554.0,499,"Thin route - reliable, short delay tail"
PIT-TPA,PIT,TPA,873.0,818,"Thin route - reliable, short delay tail"
PIT-VPS,PIT,VPS,775.0,88,
PLN-DTW,PLN,DTW,243.0,659,"Thin route - long delay tail, high average delay"
PLN-ORD,PLN,ORD,293.0,215,
PNS-ATL,PNS,ATL,272.0,2812,"Thin route - reliable, short delay tail"
PNS-AUS,PNS,AUS,626.0,124,
PNS-BNA,PNS,BNA,391.0,958,"Thin route - reliable, short delay tail"
PNS-BWI,PNS,BWI,846.0,8,
PNS-CLT,PNS,CLT,488.0,1887,"Trunk route - multi-carrier, unreliable"
PNS-DAL,PNS,DAL,592.0,490,"Thin route - reliable, short delay tail"
PNS-DCA,PNS,DCA,816.0,1073,"Thin route - long delay tail, high average delay"
PNS-DEN,PNS,DEN,1179.0,629,"Thin route - long delay tail, high average delay"
PNS-DFW,PNS,DFW,604.0,1723,"Thin route - long delay tail, high average delay"
PNS-DTW,PNS,DTW,837.0,58,
PNS-FLL,PNS,FLL,525.0,239,
PNS-HOU,PNS,HOU,488.0,348,"Thin route - reliable, short delay tail"
PNS-IAH,PNS,IAH,489.0,565,"Thin route - reliable, short delay tail"
PNS-LGA,PNS,LGA,1030.0,13,
PNS-MCI,PNS,MCI,743.0,190,
PNS-MCO,PNS,MCO,381.0,282,
PNS-MDW,PNS,MDW,781.0,124,
PNS-MIA,PNS,MIA,530.0,1210,"Thin route - reliable, short delay tail"
PNS-ORD,PNS,ORD,794.0,727,"Trunk route - multi-carrier, unreliable"
PNS-PHL,PNS,PHL,935.0,265,
PNS-STL,PNS,STL,598.0,216,
PPG-HNL,PPG,HNL,2599.0,113,
PQI-BOS,PQI,BOS,332.0,365,"Thin route - reliable, short delay tail"
PRC-DEN,PRC,DEN,558.0,608,"Thin route - reliable, short delay tail"
PRC-LAX,PRC,LAX,346.0,364,"Thin route - reliable, short delay tail"
PSC-AZA,PSC,AZA,977.0,133,
PSC-BUR,PSC,BUR,833.0,186,
PSC-DEN,PSC,DEN,853.0,728,"Thin route - reliable, short delay tail"
PSC-LAS,PSC,LAS,732.0,124,
PSC-LAX,PSC,LAX,851.0,359,"Thin route - reliable, short delay tail"
PSC-MSP,PSC,MSP,1254.0,365,"Thin route - reliable, short delay tail"
PSC-PDX,PSC,PDX,174.0,52,
PSC-PHX,PSC,PHX,962.0,693,"Thin route - reliable, short delay tail"
PSC-SEA,PSC,SEA,172.0,1727,"Thin route - reliable, short delay tail"
PSC-SFO,PSC,SFO,620.0,596,"Thin route - long delay tail, high average delay"
PSC-SLC,PSC,SLC,521.0,1178,"Thin route - reliable, short delay tail"
PSC-SNA,PSC,SNA,871.0,49,
PSE-FLL,PSE,FLL,1032.0,22,
PSE-JFK,PSE,JFK,1617.0,53,
PSE-MCO,PSE,MCO,1178.0,617,"Thin route - reliable, short delay tail"
PSG-JNU,PSG,JNU,123.0,362,"Thin route - reliable, short delay tail"
PSG-WRG,PSG,WRG,31.0,362,"Thin route - reliable, short delay tail"
PSM-PGD,PSM,PGD,1279.0,237,
PSM-PIE,PSM,PIE,1239.0,43,
PSM-SFB,PSM,SFB,1144.0,136,
PSM-SRQ,PSM,SRQ,1266.0,14,
PSP-ATL,PSP,ATL,1840.0,187,
PSP-AUS,PSP,AUS,1132.0,108,
PSP-BLI,PSP,BLI,1078.0,106,
PSP-CLT,PSP,CLT,2020.0,16,
PSP-DAL,PSP,DAL,1137.0,3,
PSP-DEN,PSP,DEN,776.0,2027,"Trunk route - multi-carrier, unreliable"
PSP-DFW,PSP,DFW,1126.0,997,"Thin route - reliable, short delay tail"
PSP-EWR,PSP,EWR,2358.0,115,
PSP-IAD,PSP,IAD,2188.0,96,
PSP-IAH,PSP,IAH,1269.0,30,
PSP-JFK,PSP,JFK,2378.0,223,
PSP-LAS,PSP,LAS,173.0,742,"Thin route - reliable, short delay tail"
PSP-LAX,PSP,LAX,110.0,483,"Thin route - reliable, short delay tail"
PSP-MDW,PSP,MDW,1657.0,27,
PSP-MSP,PSP,MSP,1454.0,314,"Thin route - long-haul, rarely cancels"
PSP-OAK,PSP,OAK,418.0,470,"Thin route - reliable, short delay tail"
PSP-ORD,PSP,ORD,1651.0,787,"Thin route - long delay tail, high average delay"
PSP-PDX,PSP,PDX,873.0,737,"Thin route - reliable, short delay tail"
PSP-PHX,PSP,PHX,261.0,1444,"Trunk route - multi-carrier, unreliable"
PSP-SEA,PSP,SEA,987.0,1649,"Thin route - reliable, short delay tail"
PSP-SFO,PSP,SFO,421.0,2566,"Trunk route - multi-carrier, unreliable"
PSP-SJC,PSP,SJC,390.0,198,
PSP-SLC,PSP,SLC,541.0,1078,"Thin route - reliable, short delay tail"
PSP-SMF,PSP,SMF,439.0,522,"Thin route - reliable, short delay tail"
PSP-STS,PSP,STS,478.0,142,
PVD-ATL,PVD,ATL,903.0,1134,"Thin route - reliable, short delay tail"
PVD-BNA,PVD,BNA,906.0,380,"Thin route - reliable, short delay tail"
PVD-BWI,PVD,BWI,327.0,1870,"Thin route - reliable, short delay tail"
PVD-CLT,PVD,CLT,684.0,1461,"Thin route - reliable, short delay tail"
PVD-DAL,PVD,DAL,1521.0,8,
PVD-DCA,PVD,DCA,356.0,2424,"Trunk route - multi-carrier, unreliable"
PVD-DEN,PVD,DEN,1737.0,157,
PVD-DTW,PVD,DTW,615.0,820,"Thin route - long delay tail, high average delay"
PVD-FLL,PVD,FLL,1188.0,538,"Thin route - long delay tail, high average delay"
PVD-IAD,PVD,IAD,371.0,70,
PVD-JFK,PVD,JFK,144.0,365,"Thin route - reliable, short delay tail"
PVD-MCO,PVD,MCO,1072.0,1592,"Thin route - reliable, short delay tail"
PVD-MDW,PVD,MDW,842.0,777,"Thin route - reliable, short delay tail"
PVD-MSP,PVD,MSP,1117.0,94,
PVD-ORD,PVD,ORD,849.0,1686,"Trunk route - multi-carrier, unreliable"
PVD-PBI,PVD,PBI,1148.0,425,"Thin route - long delay tail, high average delay"
PVD-PGD,PVD,PGD,1184.0,142,
PVD-PHL,PVD,PHL,237.0,702,"Thin route - long delay tail, high average delay"
PVD-RSW,PVD,RSW,1200.0,180,
PVD-SFO,PVD,SFO,2691.0,2,
PVD-SJC,PVD,SJC,2675.0,1,
PVD-SJU,PVD,SJU,1636.0,300,"Thin route - long-haul, rarely cancels"
PVD-TPA,PVD,TPA,1136.0,467,"Thin route - reliable, short delay tail"
PVU-AUS,PVU,AUS,1051.0,107,
PVU-AZA,PVU,AZA,477.0,707,"Thin route - reliable, short delay tail"
PVU-BNA,PVU,BNA,1388.0,95,
PVU-BUR,PVU,BUR,553.0,59,
PVU-DFW,PVU,DFW,958.0,728,"Thin route - reliable, short delay tail"
PVU-HOU,PVU,HOU,1181.0,122,
PVU-MDW,PVU,MDW,1254.0,24,
PVU-PDX,PVU,PDX,664.0,78,
PVU-PHX,PVU,PHX,468.0,279,
PVU-SAN,PVU,SAN,599.0,10,
PVU-SFB,PVU,SFB,1898.0,15,
PVU-SNA,PVU,SNA,565.0,407,"Thin route - reliable, short delay tail"
PWM-ATL,PWM,ATL,1027.0,642,"Thin route - reliable, short delay tail"
PWM-BNA,PWM,BNA,1010.0,159,
PWM-BWI,PWM,BWI,452.0,1342,"Thin route - reliable, short delay tail"
PWM-CLT,PWM,CLT,813.0,708,"Thin route - reliable, short delay tail"
PWM-DCA,PWM,DCA,482.0,1159,"Thin route - long delay tail, high average delay"
PWM-DEN,PWM,DEN,1782.0,214,
PWM-DFW,PWM,DFW,1622.0,149,
PWM-DTW,PWM,DTW,668.0,613,"Thin route - reliable, short delay tail"
PWM-EWR,PWM,EWR,284.0,1082,"Thin route - reliable, short delay tail"
PWM-FLL,PWM,FLL,1332.0,10,
PWM-IAD,PWM,IAD,493.0,686,"Thin route - reliable, short delay tail"
PWM-IAH,PWM,IAH,1667.0,13,
PWM-JFK,PWM,JFK,273.0,398,"Thin route - long delay tail, high average delay"
PWM-LAX,PWM,LAX,2642.0,5,
PWM-LGA,PWM,LGA,269.0,1183,"Trunk route - multi-carrier, unreliable"
PWM-MCO,PWM,MCO,1214.0,93,
PWM-MDW,PWM,MDW,895.0,151,
PWM-MSP,PWM,MSP,1136.0,143,
PWM-ORD,PWM,ORD,900.0,1494,"Trunk route - multi-carrier, unreliable"
PWM-PHL,PWM,PHL,364.0,676,"Thin route - reliable, short delay tail"
PWM-SFO,PWM,SFO,2723.0,5,
RAP-ATL,RAP,ATL,1231.0,23,
RAP-AZA,RAP,AZA,873.0,197,
RAP-CLT,RAP,CLT,1322.0,138,
RAP-DEN,RAP,DEN,301.0,2867,"Thin route - reliable, short delay tail"
RAP-DFW,RAP,DFW,835.0,1006,"Thin route - reliable, short delay tail"
RAP-IAH,RAP,IAH,1058.0,10,
RAP-LAS,RAP,LAS,843.0,111,
RAP-MSP,RAP,MSP,490.0,537,"Thin route - reliable, short delay tail"
RAP-ORD,RAP,ORD,780.0,692,"Thin route - long delay tail, high average delay"
RAP-PHX,RAP,PHX,876.0,58,
RAP-SFB,RAP,SFB,1600.0,30,
RDD-DEN,RDD,DEN,932.0,331,"Thin route - reliable, short delay tail"
RDD-LAX,RDD,LAX,501.0,334,"Thin route - reliable, short delay tail"
RDD-SEA,RDD,SEA,479.0,113,
RDD-SFO,RDD,SFO,199.0,878,"Thin route - long delay tail, high average delay"
RDM-BUR,RDM,BUR,709.0,278,
RDM-DEN,RDM,DEN,898.0,727,"Thin route - reliable, short delay tail"
RDM-DFW,RDM,DFW,1514.0,33,
RDM-LAX,RDM,LAX,726.0,454,"Thin route - reliable, short delay tail"
RDM-PDX,RDM,PDX,116.0,267,
RDM-PHX,RDM,PHX,893.0,840,"Thin route - reliable, short delay tail"
RDM-SAN,RDM,SAN,823.0,140,
RDM-SEA,RDM,SEA,228.0,1908,"Thin route - reliable, short delay tail"
RDM-SFO,RDM,SFO,462.0,1304,"Thin route - long delay tail, high average delay"
RDM-SLC,RDM,SLC,525.0,729,"Thin route - reliable, short delay tail"
RDU-ATL,RDU,ATL,356.0,4630,"Thin route - reliable, short delay tail"
RDU-AUS,RDU,AUS,1162.0,521,"Thin route - reliable, short delay tail"
RDU-BNA,RDU,BNA,442.0,2214,"Thin route - reliable, short delay tail"
RDU-BOS,RDU,BOS,612.0,2827,"Trunk route - multi-carrier, unreliable"
RDU-BUF,RDU,BUF,487.0,106,
RDU-BWI,RDU,BWI,256.0,1791,"Thin route - reliable, short delay tail"
RDU-CLE,RDU,CLE,416.0,207,
RDU-CLT,RDU,CLT,130.0,3045,"Trunk route - multi-carrier, unreliable"
RDU-DAL,RDU,DAL,1052.0,422,"Thin route - reliable, short delay tail"
RDU-DCA,RDU,DCA,227.0,2009,"Thin route - long delay tail, high average delay"
RDU-DEN,RDU,DEN,1436.0,1745,"Thin route - long-haul, rarely cancels"
RDU-DFW,RDU,DFW,1061.0,2263,"Trunk route - multi-carrier, unreliable"
RDU-DTW,RDU,DTW,501.0,1499,"Thin route - reliable, short delay tail"
RDU-EWR,RDU,EWR,416.0,1985,"Trunk route - multi-carrier, unreliable"
RDU-FLL,RDU,FLL,680.0,1353,"Trunk route - multi-carrier, unreliable"
RDU-HOU,RDU,HOU,1050.0,354,"Thin route - reliable, short delay tail"
RDU-IAD,RDU,IAD,225.0,1301,"Thin route - reliable, short delay tail"
RDU-IAH,RDU,IAH,1042.0,924,"Thin route - reliable, short delay tail"
RDU-IND,RDU,IND,489.0,39,
RDU-JFK,RDU,JFK,427.0,2343,"Thin route - long delay tail, high average delay"
RDU-LAS,RDU,LAS,2026.0,613,"Thin route - long-haul, rarely cancels"
RDU-LAX,RDU,LAX,2239.0,791,"Thin route - long-haul, rarely cancels"
RDU-LGA,RDU,LGA,431.0,2595,"Thin route - long delay tail, high average delay"
RDU-MCI,RDU,MCI,904.0,46,
RDU-MCO,RDU,MCO,534.0,2704,"Trunk route - multi-carrier, unreliable"
RDU-MDW,RDU,MDW,632.0,961,"Thin route - reliable, short delay tail"
RDU-MIA,RDU,MIA,700.0,2359,"Trunk route - multi-carrier, unreliable"
RDU-MSP,RDU,MSP,980.0,1228,"Thin route - reliable, short delay tail"
RDU-MSY,RDU,MSY,779.0,51,
RDU-ORD,RDU,ORD,646.0,3654,"Trunk route - multi-carrier, unreliable"
RDU-PHL,RDU,PHL,337.0,2604,"Trunk route - multi-carrier, unreliable"
RDU-PHX,RDU,PHX,1891.0,834,"Thin route - long-haul, rarely cancels"
RDU-PIT,RDU,PIT,328.0,718,"Thin route - reliable, short delay tail"
RDU-SAN,RDU,SAN,2193.0,101,
RDU-SDF,RDU,SDF,416.0,1,
RDU-SEA,RDU,SEA,2354.0,918,"Thin route - long-haul, rarely cancels"
RDU-SFO,RDU,SFO,2400.0,886,"Thin route - long-haul, rarely cancels"
RDU-SJU,RDU,SJU,1432.0,467,"Thin route - long delay tail, high average delay"
RDU-SLC,RDU,SLC,1824.0,383,"Thin route - long-haul, rarely cancels"
RDU-STL,RDU,STL,668.0,655,"Thin route - reliable, short delay tail"
RDU-SYR,RDU,SYR,519.0,24,
RDU-TPA,RDU,TPA,587.0,1290,"Thin route - reliable, short delay tail"
RFD-AZA,RFD,AZA,1373.0,184,
RFD-BNA,RFD,BNA,438.0,46,
RFD-FLL,RFD,FLL,1222.0,49,
RFD-LAS,RFD,LAS,1455.0,104,
RFD-PGD,RFD,PGD,1127.0,220,
RFD-PIE,RFD,PIE,1049.0,132,
RFD-SFB,RFD,SFB,1025.0,154,
RFD-SRQ,RFD,SRQ,1085.0,96,
RHI-MSP,RHI,MSP,190.0,724,"Thin route - reliable, short delay tail"
RHI-ORD,RHI,ORD,264.0,152,
RIC-ATL,RIC,ATL,481.0,2674,"Thin route - reliable, short delay tail"
RIC-BNA,RIC,BNA,527.0,467,"Thin route - reliable, short delay tail"
RIC-BOS,RIC,BOS,473.0,1696,"Trunk route - multi-carrier, unreliable"
RIC-BWI,RIC,BWI,120.0,729,"Thin route - reliable, short delay tail"
RIC-CLT,RIC,CLT,257.0,2470,"Trunk route - multi-carrier, unreliable"
RIC-DEN,RIC,DEN,1481.0,791,"Thin route - long delay tail, high average delay"
RIC-DFW,RIC,DFW,1158.0,1078,"Thin route - long delay tail, high average delay"
RIC-DTW,RIC,DTW,455.0,650,"Thin route - reliable, short delay tail"
RIC-EWR,RIC,EWR,277.0,562,"Thin route - long delay tail, high average delay"
RIC-FLL,RIC,FLL,806.0,808,"Thin route - long delay tail, high average delay"
RIC-IAD,RIC,IAD,100.0,102,
RIC-IAH,RIC,IAH,1157.0,76,
RIC-JFK,RIC,JFK,288.0,69,
RIC-LGA,RIC,LGA,291.0,2278,"Thin route - long delay tail, high average delay"
RIC-MCO,RIC,MCO,667.0,1188,"Thin route - long delay tail, high average delay"
RIC-MDW,RIC,MDW,629.0,413,"Thin route - reliable, short delay tail"
RIC-MIA,RIC,MIA,826.0,585,"Thin route - reliable, short delay tail"
RIC-MSP,RIC,MSP,969.0,86,
RIC-ORD,RIC,ORD,642.0,2216,"Trunk route - multi-carrier, unreliable"
RIC-PHL,RIC,PHL,198.0,136,
RIC-PIE,RIC,PIE,732.0,98,
RIC-SFB,RIC,SFB,643.0,14,
RIC-SJU,RIC,SJU,1482.0,55,
RIW-CPR,RIW,CPR,102.0,1,
RIW-DEN,RIW,DEN,296.0,728,"Thin route - reliable, short delay tail"
RKS-DEN,RKS,DEN,260.0,728,"Thin route - long delay tail, high average delay"
RNO-ATL,RNO,ATL,1993.0,308,"Thin route - long-haul, rarely cancels"
RNO-AUS,RNO,AUS,1405.0,192,
RNO-BUR,RNO,BUR,374.0,423,"Thin route - reliable, short delay tail"
RNO-DAL,RNO,DAL,1356.0,100,
RNO-DEN,RNO,DEN,804.0,2469,"Thin route - reliable, short delay tail"
RNO-DFW,RNO,DFW,1345.0,1264,"Thin route - reliable, short delay tail"
RNO-EWR,RNO,EWR,2390.0,3,
RNO-FLL,RNO,FLL,2461.0,3,
RNO-IAH,RNO,IAH,1530.0,50,
RNO-JFK,RNO,JFK,2411.0,149,
RNO-LAS,RNO,LAS,345.0,4101,"Trunk route - multi-carrier, unreliable"
RNO-LAX,RNO,LAX,390.0,2478,"Thin route - reliable, short delay tail"
RNO-LGB,RNO,LGB,402.0,694,"Thin route - reliable, short delay tail"
RNO-MDW,RNO,MDW,1680.0,102,
RNO-MSP,RNO,MSP,1405.0,93,
RNO-OAK,RNO,OAK,181.0,4,
RNO-ORD,RNO,ORD,1671.0,363,"Thin route - long-haul, rarely cancels"
RNO-PDX,RNO,PDX,444.0,307,"Thin route - reliable, short delay tail"
RNO-PHX,RNO,PHX,601.0,2444,"Trunk route - multi-carrier, unreliable"
RNO-SAN,RNO,SAN,488.0,1208,"Trunk route - multi-carrier, unreliable"
RNO-SEA,RNO,SEA,564.0,904,"Thin route - reliable, short delay tail"
RNO-SFO,RNO,SFO,192.0,1928,"Thin route - long delay tail, high average delay"
RNO-SJC,RNO,SJC,188.0,243,
RNO-SLC,RNO,SLC,422.0,1198,"Thin route - reliable, short delay tail"
ROA-ATL,ROA,ATL,357.0,432,"Thin route - reliable, short delay tail"
ROA-CLT,ROA,CLT,155.0,41,
ROA-DFW,ROA,DFW,1012.0,57,
ROA-LGA,ROA,LGA,405.0,347,"Thin route - long delay tail, high average delay"
ROA-ORD,ROA,ORD,530.0,882,"Thin route - long delay tail, high average delay"
ROA-PIE,ROA,PIE,668.0,113,
ROA-SFB,ROA,SFB,594.0,117,
ROA-SRQ,ROA,SRQ,701.0,77,
ROC-ATL,ROC,ATL,749.0,1041,"Thin route - reliable, short delay tail"
ROC-BOS,ROC,BOS,343.0,384,"Thin route - reliable, short delay tail"
ROC-BWI,ROC,BWI,277.0,1105,"Thin route - reliable, short delay tail"
ROC-CLT,ROC,CLT,573.0,994,"Thin route - reliable, short delay tail"
ROC-DCA,ROC,DCA,296.0,1033,"Thin route - long delay tail, high average delay"
ROC-DTW,ROC,DTW,296.0,482,"Thin route - long delay tail, high average delay"
ROC-EWR,ROC,EWR,246.0,600,"Thin route - reliable, short delay tail"
ROC-FLL,ROC,FLL,1183.0,55,
ROC-IAD,ROC,IAD,287.0,155,
ROC-JFK,ROC,JFK,264.0,606,"Thin route - reliable, short delay tail"
ROC-LAS,ROC,LAS,2040.0,149,
ROC-LGA,ROC,LGA,254.0,120,
ROC-MCO,ROC,MCO,1033.0,504,"Thin route - long delay tail, high average delay"
ROC-MDW,ROC,MDW,523.0,496,"Thin route - reliable, short delay tail"
ROC-MIA,ROC,MIA,1203.0,22,
ROC-MYR,ROC,MYR,655.0,9,
ROC-ORD,ROC,ORD,528.0,2355,"Trunk route - multi-carrier, unreliable"
ROC-PGD,ROC,PGD,1143.0,71,
ROC-PHL,ROC,PHL,257.0,1,
ROC-RSW,ROC,RSW,1166.0,3,
ROC-SRQ,ROC,SRQ,1118.0,41,
ROC-TPA,ROC,TPA,1079.0,55,
ROW-DEN,ROW,DEN,452.0,330,"Thin route - long delay tail, high average delay"
ROW-DFW,ROW,DFW,435.0,827,"Thin route - reliable, short delay tail"
RST-MSP,RST,MSP,76.0,308,"Thin route - reliable, short delay tail"
RST-ORD,RST,ORD,268.0,1057,"Thin route - long delay tail, high average delay"
RSW-ABE,RSW,ABE,1038.0,75,
RSW-ACY,RSW,ACY,982.0,290,
RSW-ALB,RSW,ALB,1204.0,11,
RSW-ATL,RSW,ATL,515.0,2816,"Thin route - reliable, short delay tail"
RSW-ATW,RSW,ATW,1279.0,52,
RSW-AUS,RSW,AUS,1001.0,5,
RSW-BDL,RSW,BDL,1180.0,285,
RSW-BNA,RSW,BNA,722.0,806,"Thin route - reliable, short delay tail"
RSW-BOS,RSW,BOS,1249.0,2194,"Thin route - long delay tail, high average delay"
RSW-BUF,RSW,BUF,1144.0,134,
RSW-BWI,RSW,BWI,919.0,1413,"Thin route - reliable, short delay tail"
RSW-CLE,RSW,CLE,1025.0,934,"Thin route - reliable, short delay tail"
RSW-CLT,RSW,CLT,600.0,1776,"Thin route - reliable, short delay tail"
RSW-CMH,RSW,CMH,930.0,651,"Thin route - reliable, short delay tail"
RSW-CVG,RSW,CVG,879.0,672,"Thin route - reliable, short delay tail"
RSW-DAL,RSW,DAL,1005.0,123,
RSW-DCA,RSW,DCA,892.0,832,"Thin route - long delay tail, high average delay"
RSW-DEN,RSW,DEN,1607.0,1153,"Thin route - long-haul, rarely cancels"
RSW-DFW,RSW,DFW,1017.0,1341,"Thin route - long delay tail, high average delay"
RSW-DSM,RSW,DSM,1236.0,52,
RSW-DTW,RSW,DTW,1084.0,1802,"Trunk route - multi-carrier, unreliable"
RSW-EWR,RSW,EWR,1068.0,1986,"Trunk route - multi-carrier, unreliable"
RSW-GRR,RSW,GRR,1147.0,21,
RSW-HOU,RSW,HOU,852.0,14,
RSW-HPN,RSW,HPN,1102.0,598,"Thin route - reliable, short delay tail"
RSW-IAD,RSW,IAD,891.0,467,"Thin route - reliable, short delay tail"
RSW-IAH,RSW,IAH,861.0,875,"Thin route - reliable, short delay tail"
RSW-IND,RSW,IND,945.0,807,"Thin route - reliable, short delay tail"
RSW-ISP,RSW,ISP,1101.0,111,
RSW-JFK,RSW,JFK,1074.0,1279,"Thin route - long delay tail, high average delay"
RSW-LAX,RSW,LAX,2238.0,45,
RSW-LGA,RSW,LGA,1080.0,897,"Thin route - long delay tail, high average delay"
RSW-MCI,RSW,MCI,1155.0,220,
RSW-MCO,RSW,MCO,133.0,608,"Thin route - reliable, short delay tail"
RSW-MDW,RSW,MDW,1105.0,1161,"Thin route - long delay tail, high average delay"
RSW-MHT,RSW,MHT,1271.0,81,
RSW-MKE,RSW,MKE,1183.0,379,"Thin route - reliable, short delay tail"
RSW-MSP,RSW,MSP,1416.0,1211,"Thin route - long-haul, rarely cancels"
RSW-ORD,RSW,ORD,1120.0,3231,"Trunk route - multi-carrier, unreliable"
RSW-ORH,RSW,ORH,1220.0,113,
RSW-PHL,RSW,PHL,993.0,1330,"Thin route - long delay tail, high average delay"
RSW-PHX,RSW,PHX,1868.0,72,
RSW-PIT,RSW,PIT,966.0,483,"Thin route - long delay tail, high average delay"
RSW-PVD,RSW,PVD,1200.0,181,
RSW-ROC,RSW,ROC,1166.0,3,
RSW-SDF,RSW,SDF,835.0,13,
RSW-SEA,RSW,SEA,2623.0,44,
RSW-SFO,RSW,SFO,2481.0,51,
RSW-SLC,RSW,SLC,1985.0,118,
RSW-STL,RSW,STL,979.0,1008,"Thin route - reliable, short delay tail"
RSW-TTN,RSW,TTN,1028.0,7,
SAF-DEN,SAF,DEN,303.0,1653,"Thin route - reliable, short delay tail"
SAF-DFW,SAF,DFW,551.0,1762,"Trunk route - multi-carrier, unreliable"
SAF-IAH,SAF,IAH,735.0,3,
SAF-LAX,SAF,LAX,710.0,298,
SAF-ORD,SAF,ORD,1072.0,106,
SAF-PHX,SAF,PHX,370.0,516,"Thin route - reliable, short delay tail"
SAN-ABQ,SAN,ABQ,628.0,686,"Thin route - reliable, short delay tail"
SAN-ANC,SAN,ANC,2452.0,25,
SAN-ATL,SAN,ATL,1892.0,2378,"Thin route - long-haul, rarely cancels"
SAN-AUS,SAN,AUS,1164.0,2577,"Trunk route - multi-carrier, unreliable"
SAN-BLI,SAN,BLI,1142.0,4,
SAN-BNA,SAN,BNA,1751.0,1092,"Thin route - long-haul, rarely cancels"
SAN-BOI,SAN,BOI,749.0,1031,"Thin route - reliable, short delay tail"
SAN-BOS,SAN,BOS,2588.0,1849,"Thin route - long-haul, rarely cancels"
SAN-BWI,SAN,BWI,2295.0,1160,"Thin route - long-haul, rarely cancels"
SAN-BZN,SAN,BZN,956.0,107,
SAN-CLT,SAN,CLT,2077.0,1396,"Thin route - long-haul, rarely cancels"
SAN-CMH,SAN,CMH,1964.0,194,
SAN-COS,SAN,COS,816.0,169,
SAN-DAL,SAN,DAL,1182.0,1571,"Thin route - long delay tail, high average delay"
SAN-DCA,SAN,DCA,2276.0,364,"Thin route - long-haul, rarely cancels"
SAN-DEN,SAN,DEN,853.0,6033,"Trunk route - multi-carrier, unreliable"
SAN-DFW,SAN,DFW,1171.0,3668,"Trunk route - multi-carrier, unreliable"
SAN-DSM,SAN,DSM,1428.0,6,
SAN-DTW,SAN,DTW,1956.0,1290,"Thin route - long-haul, rarely cancels"
SAN-EGE,SAN,EGE,745.0,47,
SAN-ELP,SAN,ELP,636.0,361,"Thin route - long delay tail, high average delay"
SAN-EUG,SAN,EUG,850.0,474,"Thin route - reliable, short delay tail"
SAN-EWR,SAN,EWR,2425.0,1560,"Thin route - long-haul, rarely cancels"
SAN-FAT,SAN,FAT,314.0,1774,"Thin route - reliable, short delay tail"
SAN-FCA,SAN,FCA,1086.0,11,
SAN-FLL,SAN,FLL,2269.0,172,
SAN-GEG,SAN,GEG,1027.0,419,"Thin route - reliable, short delay tail"
SAN-HDN,SAN,HDN,769.0,51,
SAN-HNL,SAN,HNL,2614.0,1773,"Thin route - long-haul, rarely cancels"
SAN-HOU,SAN,HOU,1313.0,962,"Thin route - long-haul, rarely cancels"
SAN-IAD,SAN,IAD,2253.0,1402,"Thin route - long-haul, rarely cancels"
SAN-IAH,SAN,IAH,1303.0,1696,"Thin route - reliable, short delay tail"
SAN-IND,SAN,IND,1782.0,276,
SAN-JAC,SAN,JAC,828.0,90,
SAN-JFK,SAN,JFK,2446.0,2415,"Thin route - long-haul, rarely cancels"
SAN-KOA,SAN,KOA,2556.0,364,"Thin route - long-haul, rarely cancels"
SAN-LAS,SAN,LAS,258.0,5612,"Trunk route - multi-carrier, unreliable"
SAN-LAX,SAN,LAX,109.0,2447,"Thin route - reliable, short delay tail"
SAN-LIH,SAN,LIH,2676.0,284,
SAN-MCI,SAN,MCI,1334.0,385,"Thin route - long-haul, rarely cancels"
SAN-MCO,SAN,MCO,2149.0,1093,"Thin route - long-haul, rarely cancels"
SAN-MDW,SAN,MDW,1728.0,1093,"Thin route - long-haul, rarely cancels"
SAN-MFR,SAN,MFR,734.0,139,
SAN-MIA,SAN,MIA,2267.0,649,"Thin route - long-haul, rarely cancels"
SAN-MKE,SAN,MKE,1739.0,193,
SAN-MRY,SAN,MRY,375.0,540,"Thin route - reliable, short delay tail"
SAN-MSO,SAN,MSO,992.0,3,
SAN-MSP,SAN,MSP,1532.0,1303,"Thin route - long-haul, rarely cancels"
SAN-MSY,SAN,MSY,1600.0,342,"Thin route - long-haul, rarely cancels"
SAN-OAK,SAN,OAK,446.0,3203,"Trunk route - multi-carrier, unreliable"
SAN-OGG,SAN,OGG,2540.0,876,"Thin route - long-haul, rarely cancels"
SAN-OMA,SAN,OMA,1313.0,73,
SAN-ORD,SAN,ORD,1723.0,3869,"Trunk route - multi-carrier, unreliable"
SAN-PDX,SAN,PDX,933.0,1776,"Thin route - reliable, short delay tail"
SAN-PHL,SAN,PHL,2370.0,1046,"Thin route - long-haul, rarely cancels"
SAN-PHX,SAN,PHX,304.0,5976,"Trunk route - multi-carrier, unreliable"
SAN-PIT,SAN,PIT,2106.0,35,
SAN-PVU,SAN,PVU,599.0,10,
SAN-RDM,SAN,RDM,823.0,140,
SAN-RDU,SAN,RDU,2193.0,101,
SAN-RNO,SAN,RNO,488.0,1207,"Trunk route - multi-carrier, unreliable"
SAN-SAT,SAN,SAT,1129.0,610,"Thin route - long delay tail, high average delay"
SAN-SBA,SAN,SBA,192.0,98,
SAN-SBP,SAN,SBP,263.0,467,"Thin route - reliable, short delay tail"
SAN-SEA,SAN,SEA,1050.0,4593,"Trunk route - multi-carrier, unreliable"
SAN-SFO,SAN,SFO,447.0,6660,"Trunk route - multi-carrier, unreliable"
SAN-SJC,SAN,SJC,417.0,4958,"Trunk route - multi-carrier, unreliable"
SAN-SLC,SAN,SLC,626.0,3011,"Trunk route - multi-carrier, unreliable"
SAN-SMF,SAN,SMF,480.0,5174,"Trunk route - multi-carrier, unreliable"
SAN-STL,SAN,STL,1557.0,473,"Thin route - long-haul, rarely cancels"
SAN-STS,SAN,STS,508.0,1014,"Thin route - reliable, short delay tail"
SAN-TPA,SAN,TPA,2087.0,642,"Thin route - long-haul, rarely cancels"
SAN-TUS,SAN,TUS,367.0,654,"Thin route - reliable, short delay tail"
SAT-ABQ,SAT,ABQ,609.0,9,
SAT-ATL,SAT,ATL,874.0,2999,"Thin route - reliable, short delay tail"
SAT-BNA,SAT,BNA,822.0,952,"Thin route - reliable, short delay tail"
SAT-BOS,SAT,BOS,1764.0,356,"Thin route - long delay tail, high average delay"
SAT-BUR,SAT,BUR,1211.0,4,
SAT-BWI,SAT,BWI,1407.0,732,"Thin route - long-haul, rarely cancels"
SAT-CLT,SAT,CLT,1095.0,1378,"Thin route - reliable, short delay tail"
SAT-CMH,SAT,CMH,1139.0,1,
SAT-COS,SAT,COS,732.0,19,
SAT-DAL,SAT,DAL,247.0,2742,"Thin route - reliable, short delay tail"
SAT-DCA,SAT,DCA,1380.0,351,"Thin route - reliable, short delay tail"
SAT-DEN,SAT,DEN,794.0,3040,"Trunk route - multi-carrier, unreliable"
SAT-DFW,SAT,DFW,247.0,4375,"Trunk route - multi-carrier, unreliable"
SAT-DTW,SAT,DTW,1214.0,944,"Thin route - reliable, short delay tail"
SAT-ELP,SAT,ELP,496.0,747,"Thin route - reliable, short delay tail"
SAT-EWR,SAT,EWR,1569.0,575,"Thin route - long-haul, rarely cancels"
SAT-FLL,SAT,FLL,1145.0,224,
SAT-HOU,SAT,HOU,192.0,1347,"Thin route - reliable, short delay tail"
SAT-IAD,SAT,IAD,1362.0,641,"Thin route - reliable, short delay tail"
SAT-IAH,SAT,IAH,191.0,2405,"Thin route - reliable, short delay tail"
SAT-JFK,SAT,JFK,1587.0,362,"Thin route - long-haul, rarely cancels"
SAT-LAS,SAT,LAS,1069.0,2040,"Trunk route - multi-carrier, unreliable"
SAT-LAX,SAT,LAX,1211.0,1846,"Thin route - reliable, short delay tail"
SAT-MCI,SAT,MCI,706.0,270,
SAT-MCO,SAT,MCO,1041.0,1054,"Trunk route - multi-carrier, unreliable"
SAT-MDW,SAT,MDW,1036.0,661,"Thin route - reliable, short delay tail"
SAT-MIA,SAT,MIA,1143.0,483,"Thin route - reliable, short delay tail"
SAT-MSP,SAT,MSP,1097.0,893,"Thin route - reliable, short delay tail"
SAT-MSY,SAT,MSY,495.0,346,"Thin route - reliable, short delay tail"
SAT-OKC,SAT,OKC,407.0,89,
SAT-ORD,SAT,ORD,1041.0,1979,"Trunk route - multi-carrier, unreliable"
SAT-PHL,SAT,PHL,1496.0,266,
SAT-PHX,SAT,PHX,843.0,2509,"Trunk route - multi-carrier, unreliable"
SAT-SAN,SAT,SAN,1129.0,610,"Thin route - reliable, short delay tail"
SAT-SEA,SAT,SEA,1774.0,558,"Thin route - long-haul, rarely cancels"
SAT-SFO,SAT,SFO,1482.0,434,"Thin route - long-haul, rarely cancels"
SAT-SJU,SAT,SJU,2181.0,53,
SAT-SLC,SAT,SLC,1087.0,1009,"Thin route - reliable, short delay tail"
SAT-STL,SAT,STL,786.0,548,"Thin route - reliable, short delay tail"
SAT-TPA,SAT,TPA,972.0,374,"Thin route - reliable, short delay tail"
SAV-ATL,SAV,ATL,215.0,3037,"Thin route - reliable, short delay tail"
SAV-ATW,SAV,ATW,926.0,33,
SAV-BLV,SAV,BLV,658.0,13,
SAV-BNA,SAV,BNA,417.0,904,"Thin route - reliable, short delay tail"
SAV-BOS,SAV,BOS,901.0,1044,"Thin route - long delay tail, high average delay"
SAV-BWI,SAV,BWI,548.0,994,"Thin route - reliable, short delay tail"
SAV-CAK,SAV,CAK,606.0,161,
SAV-CLT,SAV,CLT,213.0,2048,"Thin route - reliable, short delay tail"
SAV-CVG,SAV,CVG,515.0,191,
SAV-DAL,SAV,DAL,915.0,328,"Thin route - reliable, short delay tail"
SAV-DCA,SAV,DCA,519.0,1105,"Trunk route - multi-carrier, unreliable"
SAV-DEN,SAV,DEN,1414.0,373,"Thin route - long delay tail, high average delay"
SAV-DFW,SAV,DFW,925.0,1027,"Thin route - long delay tail, high average delay"
SAV-DTW,SAV,DTW,705.0,595,"Thin route - reliable, short delay tail"
SAV-EWR,SAV,EWR,708.0,1111,"Thin route - long delay tail, high average delay"
SAV-FLL,SAV,FLL,422.0,94,
SAV-GRR,SAV,GRR,778.0,26,
SAV-HOU,SAV,HOU,853.0,178,
SAV-IAD,SAV,IAD,516.0,205,
SAV-IND,SAV,IND,596.0,35,
SAV-JFK,SAV,JFK,717.0,631,"Thin route - long delay tail, high average delay"
SAV-LCK,SAV,LCK,539.0,139,
SAV-LGA,SAV,LGA,722.0,579,"Thin route - long delay tail, high average delay"
SAV-MCI,SAV,MCI,905.0,7,
SAV-MDW,SAV,MDW,758.0,389,"Thin route - reliable, short delay tail"
SAV-MIA,SAV,MIA,440.0,789,"Thin route - reliable, short delay tail"
SAV-MSP,SAV,MSP,1092.0,329,"Thin route - reliable, short delay tail"
SAV-ORD,SAV,ORD,773.0,1566,"Trunk route - multi-carrier, unreliable"
SAV-PHL,SAV,PHL,630.0,986,"Trunk route - multi-carrier, unreliable"
SAV-PIE,SAV,PIE,304.0,1,
SAV-PIT,SAV,PIT,579.0,107,
SAV-SDF,SAV,SDF,489.0,21,
SAV-STL,SAV,STL,689.0,91,
SBA-ATL,SBA,ATL,2022.0,171,
SBA-DEN,SBA,DEN,916.0,1073,"Thin route - reliable, short delay tail"
SBA-DFW,SBA,DFW,1316.0,364,"Thin route - long delay tail, high average delay"
SBA-LAS,SBA,LAS,289.0,885,"Thin route - reliable, short delay tail"
SBA-LAX,SBA,LAX,89.0,687,"Thin route - reliable, short delay tail"
SBA-OAK,SBA,OAK,263.0,300,"Thin route - reliable, short delay tail"
SBA-ORD,SBA,ORD,1803.0,117,
SBA-PDX,SBA,PDX,784.0,29,
SBA-PHX,SBA,PHX,455.0,1431,"Thin route - reliable, short delay tail"
SBA-SAN,SBA,SAN,192.0,97,
SBA-SEA,SBA,SEA,908.0,363,"Thin route - reliable, short delay tail"
SBA-SFO,SBA,SFO,262.0,1640,"Thin route - long delay tail, high average delay"
SBA-SLC,SBA,SLC,615.0,1060,"Thin route - reliable, short delay tail"
SBA-SMF,SBA,SMF,310.0,365,"Thin route - reliable, short delay tail"
SBN-ATL,SBN,ATL,566.0,1029,"Thin route - long delay tail, high average delay"
SBN-AZA,SBN,AZA,1501.0,147,
SBN-BOI,SBN,BOI,1521.0,3,
SBN-CLT,SBN,CLT,534.0,1026,"Thin route - reliable, short delay tail"
SBN-DCA,SBN,DCA,528.0,16,
SBN-DFW,SBN,DFW,846.0,984,"Thin route - long delay tail, high average delay"
SBN-DTW,SBN,DTW,157.0,711,"Thin route - long delay tail, high average delay"
SBN-EWR,SBN,EWR,637.0,7,
SBN-FLL,SBN,FLL,1134.0,97,
SBN-HOU,SBN,HOU,971.0,1,
SBN-IAD,SBN,IAD,504.0,94,
SBN-IAH,SBN,IAH,953.0,2,
SBN-LAS,SBN,LAS,1594.0,104,
SBN-LAX,SBN,LAX,1823.0,1,
SBN-LGA,SBN,LGA,651.0,14,
SBN-MSP,SBN,MSP,411.0,365,"Thin route - reliable, short delay tail"
SBN-ORD,SBN,ORD,84.0,2738,"Thin route - long delay tail, high average delay"
SBN-PGD,SBN,PGD,1049.0,238,
SBN-PIE,SBN,PIE,973.0,151,
SBN-SFB,SBN,SFB,936.0,248,
SBN-SRQ,SBN,SRQ,1009.0,109,
SBN-SYR,SBN,SYR,531.0,1,
SBN-TYS,SBN,TYS,426.0,10,
SBP-DEN,SBP,DEN,931.0,724,"Thin route - reliable, short delay tail"
SBP-DFW,SBP,DFW,1360.0,361,"Thin route - long delay tail, high average delay"
SBP-LAS,SBP,LAS,314.0,117,
SBP-LAX,SBP,LAX,155.0,634,"Thin route - reliable, short delay tail"
SBP-PDX,SBP,PDX,722.0,84,
SBP-PHX,SBP,PHX,509.0,1258,"Trunk route - multi-carrier, unreliable"
SBP-SAN,SBP,SAN,263.0,467,"Thin route - reliable, short delay tail"
SBP-SEA,SBP,SEA,847.0,220,
SBP-SFO,SBP,SFO,191.0,1145,"Thin route - long delay tail, high average delay"
SCC-ANC,SCC,ANC,626.0,513,"Thin route - reliable, short delay tail"
SCE-IAD,SCE,IAD,132.0,29,
SCE-ORD,SCE,ORD,528.0,550,"Thin route - long delay tail, high average delay"
SCE-PHL,SCE,PHL,153.0,10,
SCK-DEN,SCK,DEN,902.0,9,
SCK-LAS,SCK,LAS,359.0,398,"Thin route - long delay tail, high average delay"
SCK-PHX,SCK,PHX,603.0,119,
SDF-ATL,SDF,ATL,321.0,2717,"Thin route - reliable, short delay tail"
SDF-AUS,SDF,AUS,876.0,5,
SDF-BNA,SDF,BNA,151.0,505,"Thin route - reliable, short delay tail"
SDF-BOS,SDF,BOS,829.0,708,"Thin route - long delay tail, high average delay"
SDF-BWI,SDF,BWI,495.0,891,"Thin route - reliable, short delay tail"
SDF-CLT,SDF,CLT,335.0,1757,"Thin route - reliable, short delay tail"
SDF-DAL,SDF,DAL,725.0,350,"Thin route - reliable, short delay tail"
SDF-DCA,SDF,DCA,474.0,1029,"Trunk route - multi-carrier, unreliable"
SDF-DEN,SDF,DEN,1024.0,1097,"Thin route - reliable, short delay tail"
SDF-DFW,SDF,DFW,733.0,2002,"Trunk route - multi-carrier, unreliable"
SDF-DTW,SDF,DTW,306.0,1128,"Trunk route - multi-carrier, unreliable"
SDF-EWR,SDF,EWR,642.0,992,"Thin route - reliable, short delay tail"
SDF-FLL,SDF,FLL,895.0,296,
SDF-GUF,SDF,GUF,555.0,21,
SDF-HOU,SDF,HOU,803.0,283,
SDF-IAD,SDF,IAD,451.0,236,
SDF-IAH,SDF,IAH,788.0,5,
SDF-JAX,SDF,JAX,577.0,1,
SDF-JFK,SDF,JFK,662.0,5,
SDF-LAS,SDF,LAS,1624.0,399,"Thin route - long-haul, rarely cancels"
SDF-LAX,SDF,LAX,1843.0,54,
SDF-LGA,SDF,LGA,659.0,1037,"Thin route - reliable, short delay tail"
SDF-MCI,SDF,MCI,491.0,1,
SDF-MCO,SDF,MCO,719.0,856,"Thin route - reliable, short delay tail"
SDF-MDW,SDF,MDW,271.0,977,"Thin route - reliable, short delay tail"
SDF-MIA,SDF,MIA,910.0,429,"Thin route - reliable, short delay tail"
SDF-MSP,SDF,MSP,604.0,527,"Thin route - reliable, short delay tail"
SDF-MSY,SDF,MSY,620.0,1,
SDF-MYR,SDF,MYR,491.0,9,
SDF-ORD,SDF,ORD,286.0,2796,"Trunk route - multi-carrier, unreliable"
SDF-PBI,SDF,PBI,857.0,1,
SDF-PGD,SDF,PGD,806.0,155,
SDF-PHL,SDF,PHL,577.0,608,"Thin route - reliable, short delay tail"
SDF-PHX,SDF,PHX,1506.0,372,"Thin route - long-haul, rarely cancels"
SDF-PIE,SDF,PIE,729.0,109,
SDF-PIT,SDF,PIT,335.0,2,
SDF-RDU,SDF,RDU,416.0,1,
SDF-RSW,SDF,RSW,835.0,13,
SDF-SAV,SDF,SAV,489.0,21,
SDF-SFB,SDF,SFB,698.0,127,
SDF-SFO,SDF,SFO,1990.0,2,
SDF-SLC,SDF,SLC,1409.0,2,
SDF-SNA,SDF,SNA,1819.0,1,
SDF-SRQ,SDF,SRQ,765.0,80,
SDF-TPA,SDF,TPA,727.0,406,"Thin route - reliable, short delay tail"
SDF-VPS,SDF,VPS,532.0,130,
SEA-ABQ,SEA,ABQ,1180.0,548,"Thin route - reliable, short delay tail"
SEA-ACV,SEA,ACV,456.0,115,
SEA-ANC,SEA,ANC,1448.0,6657,"Trunk route - multi-carrier, unreliable"
SEA-ATL,SEA,ATL,2182.0,3277,"Thin route - long-haul, rarely cancels"
SEA-AUS,SEA,AUS,1770.0,2068,"Thin route - long-haul, rarely cancels"
SEA-BLI,SEA,BLI,93.0,1216,"Thin route - reliable, short delay tail"
SEA-BNA,SEA,BNA,1978.0,1476,"Thin route - long-haul, rarely cancels"
SEA-BOI,SEA,BOI,399.0,3881,"Thin route - reliable, short delay tail"
SEA-BOS,SEA,BOS,2496.0,2502,"Thin route - long-haul, rarely cancels"
SEA-BUR,SEA,BUR,937.0,1622,"Thin route - reliable, short delay tail"
SEA-BWI,SEA,BWI,2335.0,719,"Thin route - long-haul, rarely cancels"
SEA-BZN,SEA,BZN,543.0,1574,"Thin route - reliable, short delay tail"
SEA-CHS,SEA,CHS,2415.0,347,"Thin route - long-haul, rarely cancels"
SEA-CLE,SEA,CLE,2021.0,455,"Thin route - long-haul, rarely cancels"
SEA-CLT,SEA,CLT,2279.0,1296,"Thin route - long-haul, rarely cancels"
SEA-CMH,SEA,CMH,2016.0,464,"Thin route - long-haul, rarely cancels"
SEA-CVG,SEA,CVG,1965.0,793,"Thin route - long-haul, rarely cancels"
SEA-DAL,SEA,DAL,1670.0,219,
SEA-DCA,SEA,DCA,2329.0,1092,"Thin route - long-haul, rarely cancels"
SEA-DEN,SEA,DEN,1024.0,6325,"Trunk route - multi-carrier, unreliable"
SEA-DFW,SEA,DFW,1660.0,5229,"Trunk route - multi-carrier, unreliable"
SEA-DTW,SEA,DTW,1927.0,2060,"Thin route - long-haul, rarely cancels"
SEA-EGE,SEA,EGE,940.0,38,
SEA-EUG,SEA,EUG,234.0,1930,"Thin route - reliable, short delay tail"
SEA-EWR,SEA,EWR,2402.0,2264,"Thin route - long-haul, rarely cancels"
SEA-FAI,SEA,FAI,1533.0,2291,"Thin route - long-haul, rarely cancels"
SEA-FAT,SEA,FAT,748.0,925,"Thin route - reliable, short delay tail"
SEA-FCA,SEA,FCA,379.0,48,
SEA-FLL,SEA,FLL,2717.0,826,"Thin route - long-haul, rarely cancels"
SEA-GEG,SEA,GEG,224.0,5062,"Trunk route - multi-carrier, unreliable"
SEA-GTF,SEA,GTF,512.0,106,
SEA-HDN,SEA,HDN,891.0,44,
SEA-HLN,SEA,HLN,491.0,10,
SEA-HNL,SEA,HNL,2677.0,2933,"Thin route - long-haul, rarely cancels"
SEA-HOU,SEA,HOU,1894.0,120,
SEA-IAD,SEA,IAD,2305.0,1853,"Thin route - long-haul, rarely cancels"
SEA-IAH,SEA,IAH,1874.0,2090,"Thin route - long-haul, rarely cancels"
SEA-IDA,SEA,IDA,566.0,367,"Thin route - reliable, short delay tail"
SEA-IND,SEA,IND,1866.0,565,"Thin route - long-haul, rarely cancels"
SEA-JAC,SEA,JAC,621.0,203,
SEA-JAX,SEA,JAX,2442.0,1,
SEA-JFK,SEA,JFK,2422.0,2906,"Thin route - long-haul, rarely cancels"
SEA-JNU,SEA,JNU,909.0,1588,"Thin route - reliable, short delay tail"
SEA-KOA,SEA,KOA,2688.0,1421,"Thin route - long-haul, rarely cancels"
SEA-KTN,SEA,KTN,680.0,1303,"Thin route - reliable, short delay tail"
SEA-LAS,SEA,LAS,867.0,5621,"Trunk route - multi-carrier, unreliable"
SEA-LAX,SEA,LAX,954.0,7454,"Trunk route - multi-carrier, unreliable"
SEA-LIH,SEA,LIH,2700.0,1094,"Thin route - long-haul, rarely cancels"
SEA-LWS,SEA,LWS,262.0,364,"Thin route - reliable, short delay tail"
SEA-MCI,SEA,MCI,1490.0,1131,"Thin route - long-haul, rarely cancels"
SEA-MCO,SEA,MCO,2554.0,1820,"Thin route - long-haul, rarely cancels"
SEA-MDW,SEA,MDW,1733.0,678,"Thin route - long-haul, rarely cancels"
SEA-MFR,SEA,MFR,352.0,1274,"Thin route - reliable, short delay tail"
SEA-MIA,SEA,MIA,2724.0,1210,"Thin route - long-haul, rarely cancels"
SEA-MKE,SEA,MKE,1694.0,509,"Thin route - long-haul, rarely cancels"
SEA-MRY,SEA,MRY,750.0,41,
SEA-MSO,SEA,MSO,389.0,626,"Thin route - reliable, short delay tail"
SEA-MSP,SEA,MSP,1399.0,2684,"Thin route - reliable, short delay tail"
SEA-MSY,SEA,MSY,2086.0,627,"Thin route - long-haul, rarely cancels"
SEA-OAK,SEA,OAK,672.0,1895,"Trunk route - multi-carrier, unreliable"
SEA-OGG,SEA,OGG,2639.0,1809,"Thin route - long-haul, rarely cancels"
SEA-OKC,SEA,OKC,1519.0,425,"Thin route - long-haul, rarely cancels"
SEA-OMA,SEA,OMA,1368.0,510,"Thin route - long-haul, rarely cancels"
SEA-ONT,SEA,ONT,956.0,2504,"Trunk route - multi-carrier, unreliable"
SEA-ORD,SEA,ORD,1721.0,5551,"Trunk route - multi-carrier, unreliable"
SEA-PDX,SEA,PDX,129.0,4812,"Trunk route - multi-carrier, unreliable"
SEA-PHL,SEA,PHL,2379.0,1388,"Thin route - long-haul, rarely cancels"
SEA-PHX,SEA,PHX,1107.0,7225,"Trunk route - multi-carrier, unreliable"
SEA-PIT,SEA,PIT,2125.0,470,"Thin route - long-haul, rarely cancels"
SEA-PSC,SEA,PSC,172.0,1726,"Thin route - reliable, short delay tail"
SEA-PSP,SEA,PSP,987.0,1653,"Thin route - reliable, short delay tail"
SEA-RDD,SEA,RDD,479.0,113,
SEA-RDM,SEA,RDM,228.0,1907,"Thin route - reliable, short delay tail"
SEA-RDU,SEA,RDU,2354.0,918,"Thin route - long-haul, rarely cancels"
SEA-RNO,SEA,RNO,564.0,902,"Thin route - reliable, short delay tail"
SEA-RSW,SEA,RSW,2623.0,44,
SEA-SAN,SEA,SAN,1050.0,4595,"Trunk route - multi-carrier, unreliable"
SEA-SAT,SEA,SAT,1774.0,558,"Thin route - long-haul, rarely cancels"
SEA-SBA,SEA,SBA,908.0,363,"Thin route - reliable, short delay tail"
SEA-SBP,SEA,SBP,847.0,220,
SEA-SFO,SEA,SFO,679.0,6791,"Trunk route - multi-carrier, unreliable"
SEA-SIT,SEA,SIT,861.0,243,
SEA-SJC,SEA,SJC,696.0,4384,"Trunk route - multi-carrier, unreliable"
SEA-SLC,SEA,SLC,689.0,4124,"Trunk route - multi-carrier, unreliable"
SEA-SMF,SEA,SMF,605.0,4381,"Trunk route - multi-carrier, unreliable"
SEA-SNA,SEA,SNA,978.0,3958,"Thin route - reliable, short delay tail"
SEA-STL,SEA,STL,1709.0,883,"Thin route - long-haul, rarely cancels"
SEA-STS,SEA,STS,618.0,428,"Thin route - reliable, short delay tail"
SEA-SUN,SEA,SUN,475.0,38,
SEA-TPA,SEA,TPA,2520.0,975,"Thin route - long-haul, rarely cancels"
SEA-TUS,SEA,TUS,1215.0,1065,"Thin route - reliable, short delay tail"
SEA-WRG,SEA,WRG,756.0,1,
SFB-ABE,SFB,ABE,882.0,642,"Thin route - long delay tail, high average delay"
SFB-ACY,SFB,ACY,829.0,65,
SFB-ALB,SFB,ALB,1049.0,104,
SFB-ATW,SFB,ATW,1141.0,254,
SFB-AUS,SFB,AUS,994.0,24,
SFB-AVL,SFB,AVL,465.0,515,"Thin route - long delay tail, high average delay"
SFB-BGR,SFB,BGR,1299.0,288,
SFB-BIS,SFB,BIS,1628.0,15,
SFB-BLV,SFB,BLV,835.0,166,
SFB-BMI,SFB,BMI,917.0,126,
SFB-BNA,SFB,BNA,598.0,124,
SFB-CAE,SFB,CAE,356.0,73,
SFB-CAK,SFB,CAK,837.0,122,
SFB-CHA,SFB,CHA,490.0,122,
SFB-CID,SFB,CID,1078.0,165,
SFB-CKB,SFB,CKB,727.0,107,
SFB-COU,SFB,COU,936.0,17,
SFB-CVG,SFB,CVG,735.0,351,"Thin route - long delay tail, high average delay"
SFB-DAY,SFB,DAY,785.0,80,
SFB-DSM,SFB,DSM,1124.0,205,
SFB-ELM,SFB,ELM,954.0,161,
SFB-EVV,SFB,EVV,734.0,128,
SFB-EYW,SFB,EYW,292.0,116,
SFB-FAR,SFB,FAR,1508.0,75,
SFB-FNT,SFB,FNT,988.0,322,"Thin route - long delay tail, high average delay"
SFB-FSD,SFB,FSD,1334.0,111,
SFB-FWA,SFB,FWA,870.0,184,
SFB-GRR,SFB,GRR,1001.0,400,"Thin route - long delay tail, high average delay"
SFB-GSP,SFB,GSP,426.0,133,
SFB-HGR,SFB,HGR,780.0,121,
SFB-HSV,SFB,HSV,519.0,49,
SFB-HTS,SFB,HTS,665.0,145,
SFB-IAG,SFB,IAG,996.0,43,
SFB-ICT,SFB,ICT,1117.0,76,
SFB-IND,SFB,IND,807.0,225,
SFB-LAS,SFB,LAS,2034.0,21,
SFB-LCK,SFB,LCK,767.0,162,
SFB-LEX,SFB,LEX,667.0,220,
SFB-LIT,SFB,LIT,765.0,53,
SFB-LSE,SFB,LSE,1180.0,21,
SFB-MDT,SFB,MDT,827.0,278,
SFB-MEM,SFB,MEM,671.0,91,
SFB-MFE,SFB,MFE,1059.0,110,
SFB-MLI,SFB,MLI,1018.0,95,
SFB-OKC,SFB,OKC,1061.0,22,
SFB-OMA,SFB,OMA,1195.0,102,
SFB-ORF,SFB,ORF,631.0,4,
SFB-PBG,SFB,PBG,1175.0,140,
SFB-PIA,SFB,PIA,949.0,142,
SFB-PIT,SFB,PIT,810.0,171,
SFB-PSM,SFB,PSM,1144.0,136,
SFB-PVU,SFB,PVU,1898.0,15,
SFB-RAP,SFB,RAP,1600.0,30,
SFB-RFD,SFB,RFD,1025.0,154,
SFB-RIC,SFB,RIC,643.0,14,
SFB-ROA,SFB,ROA,594.0,117,
SFB-SBN,SFB,SBN,936.0,248,
SFB-SDF,SFB,SDF,698.0,127,
SFB-SGF,SFB,SGF,914.0,158,
SFB-SHV,SFB,SHV,791.0,22,
SFB-SWF,SFB,SWF,965.0,89,
SFB-SYR,SFB,SYR,1029.0,100,
SFB-TOL,SFB,TOL,895.0,113,
SFB-TRI,SFB,TRI,535.0,134,
SFB-TUL,SFB,TUL,995.0,109,
SFB-TVC,SFB,TVC,1127.0,95,
SFB-TYS,SFB,TYS,511.0,639,"Thin route - long delay tail, high average delay"
SFB-USA,SFB,USA,457.0,195,
SFB-XNA,SFB,XNA,920.0,134,
SFO-ABQ,SFO,ABQ,896.0,714,"Thin route - reliable, short delay tail"
SFO-ACV,SFO,ACV,250.0,1294,"Thin route - long delay tail, high average delay"
SFO-ANC,SFO,ANC,2018.0,295,
SFO-ASE,SFO,ASE,848.0,378,"Thin route - long delay tail, high average delay"
SFO-ATL,SFO,ATL,2139.0,3349,"Thin route - long-haul, rarely cancels"
SFO-AUS,SFO,AUS,1504.0,2802,"Trunk route - multi-carrier, unreliable"
SFO-BFL,SFO,BFL,238.0,581,"Thin route - long delay tail, high average delay"
SFO-BIH,SFO,BIH,221.0,230,
SFO-BNA,SFO,BNA,1969.0,1158,"Thin route - long-haul, rarely cancels"
SFO-BOI,SFO,BOI,522.0,1713,"Thin route - reliable, short delay tail"
SFO-BOS,SFO,BOS,2704.0,4733,"Trunk route - multi-carrier, unreliable"
SFO-BUR,SFO,BUR,326.0,3062,"Trunk route - multi-carrier, unreliable"
SFO-BWI,SFO,BWI,2457.0,1053,"Thin route - long-haul, rarely cancels"
SFO-BZN,SFO,BZN,807.0,378,"Thin route - reliable, short delay tail"
SFO-CLD,SFO,CLD,422.0,249,
SFO-CLE,SFO,CLE,2161.0,578,"Thin route - long-haul, rarely cancels"
SFO-CLT,SFO,CLT,2296.0,1499,"Thin route - long-haul, rarely cancels"
SFO-CMH,SFO,CMH,2120.0,322,"Thin route - long-haul, rarely cancels"
SFO-DAL,SFO,DAL,1476.0,149,
SFO-DCA,SFO,DCA,2442.0,1090,"Thin route - long-haul, rarely cancels"
SFO-DEN,SFO,DEN,967.0,5461,"Trunk route - multi-carrier, unreliable"
SFO-DFW,SFO,DFW,1464.0,4180,"Trunk route - multi-carrier, unreliable"
SFO-DTW,SFO,DTW,2079.0,1794,"Thin route - long-haul, rarely cancels"
SFO-EGE,SFO,EGE,847.0,110,
SFO-EUG,SFO,EUG,451.0,994,"Thin route - reliable, short delay tail"
SFO-EWR,SFO,EWR,2565.0,4371,"Thin route - long-haul, rarely cancels"
SFO-FAT,SFO,FAT,158.0,1250,"Thin route - long delay tail, high average delay"
SFO-FCA,SFO,FCA,844.0,251,
SFO-FLL,SFO,FLL,2584.0,1250,"Thin route - long-haul, rarely cancels"
SFO-GEG,SFO,GEG,733.0,890,"Thin route - reliable, short delay tail"
SFO-HDN,SFO,HDN,838.0,34,
SFO-HNL,SFO,HNL,2398.0,2466,"Thin route - long-haul, rarely cancels"
SFO-IAD,SFO,IAD,2418.0,2730,"Thin route - long-haul, rarely cancels"
SFO-IAH,SFO,IAH,1635.0,3598,"Thin route - long-haul, rarely cancels"
SFO-IND,SFO,IND,1943.0,524,"Thin route - long-haul, rarely cancels"
SFO-JAC,SFO,JAC,737.0,338,"Thin route - reliable, short delay tail"
SFO-JFK,SFO,JFK,2586.0,6769,"Trunk route - multi-carrier, unreliable"
SFO-KOA,SFO,KOA,2368.0,1151,"Thin route - long-haul, rarely cancels"
SFO-LAS,SFO,LAS,414.0,6118,"Trunk route - multi-carrier, unreliable"
SFO-LAX,SFO,LAX,337.0,11235,"Trunk route - multi-carrier, unreliable"
SFO-LIH,SFO,LIH,2446.0,897,"Thin route - long-haul, rarely cancels"
SFO-MCI,SFO,MCI,1499.0,365,"Thin route - long delay tail, high average delay"
SFO-MCO,SFO,MCO,2446.0,1407,"Thin route - long-haul, rarely cancels"
SFO-MDW,SFO,MDW,1855.0,485,"Thin route - long-haul, rarely cancels"
SFO-MFR,SFO,MFR,329.0,1029,"Thin route - reliable, short delay tail"
SFO-MIA,SFO,MIA,2585.0,1746,"Thin route - long-haul, rarely cancels"
SFO-MRY,SFO,MRY,77.0,732,"Thin route - long delay tail, high average delay"
SFO-MSN,SFO,MSN,1772.0,1,
SFO-MSO,SFO,MSO,769.0,131,
SFO-MSP,SFO,MSP,1589.0,1913,"Thin route - long-haul, rarely cancels"
SFO-MSY,SFO,MSY,1911.0,524,"Thin route - long-haul, rarely cancels"
SFO-MTJ,SFO,MTJ,791.0,44,
SFO-OGG,SFO,OGG,2338.0,1702,"Thin route - long-haul, rarely cancels"
SFO-OMA,SFO,OMA,1433.0,369,"Thin route - long delay tail, high average delay"
SFO-ONT,SFO,ONT,363.0,1310,"Trunk route - multi-carrier, unreliable"
SFO-ORD,SFO,ORD,1846.0,5617,"Trunk route - multi-carrier, unreliable"
SFO-OTH,SFO,OTH,412.0,316,"Thin route - long delay tail, high average delay"
SFO-PDX,SFO,PDX,550.0,3493,"Trunk route - multi-carrier, unreliable"
SFO-PHL,SFO,PHL,2522.0,2044,"Thin route - long-haul, rarely cancels"
SFO-PHX,SFO,PHX,651.0,4690,"Trunk route - multi-carrier, unreliable"
SFO-PIT,SFO,PIT,2254.0,555,"Thin route - long-haul, rarely cancels"
SFO-PSC,SFO,PSC,620.0,594,"Thin route - reliable, short delay tail"
SFO-PSP,SFO,PSP,421.0,2547,"Trunk route - multi-carrier, unreliable"
SFO-PVD,SFO,PVD,2691.0,2,
SFO-PWM,SFO,PWM,2723.0,5,
SFO-RDD,SFO,RDD,199.0,877,"Thin route - long delay tail, high average delay"
SFO-RDM,SFO,RDM,462.0,1304,"Thin route - reliable, short delay tail"
SFO-RDU,SFO,RDU,2400.0,887,"Thin route - long-haul, rarely cancels"
SFO-RNO,SFO,RNO,192.0,1928,"Trunk route - multi-carrier, unreliable"
SFO-RSW,SFO,RSW,2481.0,50,
SFO-SAN,SFO,SAN,447.0,6621,"Trunk route - multi-carrier, unreliable"
SFO-SAT,SFO,SAT,1482.0,434,"Thin route - long-haul, rarely cancels"
SFO-SBA,SFO,SBA,262.0,1639,"Thin route - reliable, short delay tail"
SFO-SBP,SFO,SBP,191.0,1144,"Thin route - long delay tail, high average delay"
SFO-SDF,SFO,SDF,1990.0,2,
SFO-SEA,SFO,SEA,679.0,6797,"Trunk route - multi-carrier, unreliable"
SFO-SLC,SFO,SLC,599.0,3453,"Trunk route - multi-carrier, unreliable"
SFO-SMF,SFO,SMF,86.0,1355,"Thin route - reliable, short delay tail"
SFO-SNA,SFO,SNA,372.0,4716,"Trunk route - multi-carrier, unreliable"
SFO-STL,SFO,STL,1735.0,760,"Thin route - long delay tail, high average delay"
SFO-SUN,SFO,SUN,587.0,293,
SFO-TPA,SFO,TPA,2393.0,700,"Thin route - long-haul, rarely cancels"
SFO-TUS,SFO,TUS,751.0,945,"Thin route - reliable, short delay tail"
SFO-XNA,SFO,XNA,1550.0,2,
SGF-ATL,SGF,ATL,563.0,591,"Thin route - reliable, short delay tail"
SGF-AZA,SGF,AZA,1066.0,186,
SGF-CLT,SGF,CLT,708.0,1192,"Thin route - reliable, short delay tail"
SGF-DEN,SGF,DEN,637.0,1301,"Thin route - reliable, short delay tail"
SGF-DFW,SGF,DFW,364.0,3089,"Trunk route - multi-carrier, unreliable"
SGF-GUF,SGF,GUF,581.0,21,
SGF-IAH,SGF,IAH,513.0,39,
SGF-LAS,SGF,LAS,1209.0,125,
SGF-LAX,SGF,LAX,1423.0,10,
SGF-MIA,SGF,MIA,1102.0,33,
SGF-ORD,SGF,ORD,438.0,1469,"Thin route - long delay tail, high average delay"
SGF-PGD,SGF,PGD,975.0,103,
SGF-PHX,SGF,PHX,1082.0,9,
SGF-PIE,SGF,PIE,895.0,183,
SGF-SFB,SGF,SFB,914.0,158,
SGF-VPS,SGF,VPS,610.0,60,
SGU-DEN,SGU,DEN,517.0,1075,"Thin route - reliable, short delay tail"
SGU-DFW,SGU,DFW,976.0,704,"Thin route - reliable, short delay tail"
SGU-LAX,SGU,LAX,349.0,310,"Thin route - reliable, short delay tail"
SGU-ORD,SGU,ORD,1404.0,10,
SGU-PHX,SGU,PHX,262.0,891,"Thin route - reliable, short delay tail"
SGU-SLC,SGU,SLC,272.0,1719,"Thin route - reliable, short delay tail"
SHD-CLT,SHD,CLT,239.0,164,
SHD-ORD,SHD,ORD,541.0,179,
SHR-DEN,SHR,DEN,359.0,766,"Thin route - reliable, short delay tail"
SHV-ATL,SHV,ATL,552.0,1517,"Thin route - reliable, short delay tail"
SHV-BNA,SHV,BNA,481.0,26,
SHV-CLT,SHV,CLT,764.0,753,"Thin route - long delay tail, high average delay"
SHV-DEN,SHV,DEN,792.0,436,"Thin route - reliable, short delay tail"
SHV-DFW,SHV,DFW,190.0,2125,"Thin route - long delay tail, high average delay"
SHV-IAH,SHV,IAH,192.0,1201,"Thin route - reliable, short delay tail"
SHV-LAS,SHV,LAS,1243.0,107,
SHV-SFB,SHV,SFB,791.0,22,
SHV-VPS,SHV,VPS,452.0,25,
SIT-JNU,SIT,JNU,95.0,725,"Thin route - reliable, short delay tail"
SIT-KTN,SIT,KTN,183.0,364,"Thin route - reliable, short delay tail"
SIT-SEA,SIT,SEA,861.0,244,
SJC-ATL,SJC,ATL,2116.0,901,"Thin route - long-haul, rarely cancels"
SJC-AUS,SJC,AUS,1476.0,1121,"Thin route - long-haul, rarely cancels"
SJC-BNA,SJC,BNA,1947.0,246,
SJC-BOI,SJC,BOI,523.0,676,"Thin route - reliable, short delay tail"
SJC-BOS,SJC,BOS,2689.0,5,
SJC-BUR,SJC,BUR,296.0,2166,"Thin route - reliable, short delay tail"
SJC-BWI,SJC,BWI,2439.0,242,
SJC-CLT,SJC,CLT,2274.0,6,
SJC-DAL,SJC,DAL,1450.0,427,"Thin route - long-haul, rarely cancels"
SJC-DEN,SJC,DEN,948.0,2564,"Thin route - reliable, short delay tail"
SJC-DFW,SJC,DFW,1438.0,1102,"Thin route - long-haul, rarely cancels"
SJC-DTW,SJC,DTW,2062.0,38,
SJC-EUG,SJC,EUG,471.0,262,
SJC-EWR,SJC,EWR,2548.0,4,
SJC-GEG,SJC,GEG,742.0,244,
SJC-HNL,SJC,HNL,2417.0,808,"Thin route - long-haul, rarely cancels"
SJC-HOU,SJC,HOU,1621.0,365,"Thin route - long-haul, rarely cancels"
SJC-IAD,SJC,IAD,2400.0,1,
SJC-IAH,SJC,IAH,1608.0,215,
SJC-JAC,SJC,JAC,729.0,5,
SJC-JFK,SJC,JFK,2569.0,5,
SJC-KOA,SJC,KOA,2384.0,154,
SJC-LAS,SJC,LAS,386.0,3750,"Trunk route - multi-carrier, unreliable"
SJC-LAX,SJC,LAX,308.0,4476,"Trunk route - multi-carrier, unreliable"
SJC-LGB,SJC,LGB,324.0,1239,"Thin route - reliable, short delay tail"
SJC-LIH,SJC,LIH,2465.0,161,
SJC-MDW,SJC,MDW,1838.0,519,"Thin route - long-haul, rarely cancels"
SJC-MIA,SJC,MIA,2559.0,3,
SJC-MSP,SJC,MSP,1575.0,510,"Thin route - reliable, short delay tail"
SJC-OGG,SJC,OGG,2355.0,471,"Thin route - long-haul, rarely cancels"
SJC-ONT,SJC,ONT,333.0,1317,"Thin route - reliable, short delay tail"
SJC-ORD,SJC,ORD,1829.0,301,"Thin route - long-haul, rarely cancels"
SJC-PDX,SJC,PDX,569.0,1653,"Thin route - reliable, short delay tail"
SJC-PHL,SJC,PHL,2504.0,4,
SJC-PHX,SJC,PHX,621.0,3019,"Trunk route - multi-carrier, unreliable"
SJC-PSP,SJC,PSP,390.0,213,
SJC-PVD,SJC,PVD,2675.0,1,
SJC-RDM,SJC,RDM,477.0,2,
SJC-RNO,SJC,RNO,188.0,243,
SJC-SAN,SJC,SAN,417.0,4986,"Trunk route - multi-carrier, unreliable"
SJC-SEA,SJC,SEA,696.0,4381,"Trunk route - multi-carrier, unreliable"
SJC-SLC,SJC,SLC,584.0,1801,"Thin route - reliable, short delay tail"
SJC-SNA,SJC,SNA,342.0,2730,"Thin route - reliable, short delay tail"
SJC-STL,SJC,STL,1715.0,1,
SJT-DFW,SJT,DFW,229.0,1077,"Thin route - reliable, short delay tail"
SJU-ATL,SJU,ATL,1547.0,2095,"Thin route - long-haul, rarely cancels"
SJU-AUS,SJU,AUS,2146.0,34,
SJU-BDL,SJU,BDL,1666.0,966,"Thin route - long delay tail, high average delay"
SJU-BNA,SJU,BNA,1753.0,53,
SJU-BOS,SJU,BOS,1674.0,1961,"Trunk route - multi-carrier, unreliable"
SJU-BUF,SJU,BUF,1845.0,73,
SJU-BWI,SJU,BWI,1565.0,1162,"Thin route - long-haul, rarely cancels"
SJU-CLE,SJU,CLE,1839.0,37,
SJU-CLT,SJU,CLT,1475.0,1081,"Thin route - long-haul, rarely cancels"
SJU-DCA,SJU,DCA,1554.0,364,"Thin route - long delay tail, high average delay"
SJU-DEN,SJU,DEN,2733.0,333,"Thin route - long-haul, rarely cancels"
SJU-DFW,SJU,DFW,2165.0,987,"Thin route - long-haul, rarely cancels"
SJU-DTW,SJU,DTW,1930.0,357,"Thin route - long-haul, rarely cancels"
SJU-EWR,SJU,EWR,1608.0,2084,"Trunk route - multi-carrier, unreliable"
SJU-FLL,SJU,FLL,1046.0,2336,"Trunk route - multi-carrier, unreliable"
SJU-HOU,SJU,HOU,1997.0,92,
SJU-HPN,SJU,HPN,1624.0,359,"Thin route - long delay tail, high average delay"
SJU-IAD,SJU,IAD,1572.0,706,"Thin route - long-haul, rarely cancels"
SJU-IAH,SJU,IAH,2007.0,930,"Thin route - long-haul, rarely cancels"
SJU-IND,SJU,IND,1902.0,7,
SJU-JAX,SJU,JAX,1288.0,261,
SJU-JFK,SJU,JFK,1598.0,3596,"Trunk route - multi-carrier, unreliable"
SJU-LGA,SJU,LGA,1608.0,8,
SJU-MCO,SJU,MCO,1188.0,6073,"Trunk route - multi-carrier, unreliable"
SJU-MDW,SJU,MDW,2057.0,53,
SJU-MIA,SJU,MIA,1045.0,2643,"Trunk route - multi-carrier, unreliable"
SJU-MSP,SJU,MSP,2404.0,153,
SJU-ORD,SJU,ORD,2072.0,1394,"Thin route - long-haul, rarely cancels"
SJU-ORF,SJU,ORF,1414.0,73,
SJU-PHL,SJU,PHL,1576.0,1934,"Trunk route - multi-carrier, unreliable"
SJU-PVD,SJU,PVD,1636.0,299,
SJU-RDU,SJU,RDU,1432.0,467,"Thin route - long-haul, rarely cancels"
SJU-RIC,SJU,RIC,1482.0,55,
SJU-SAT,SJU,SAT,2181.0,52,
SJU-STL,SJU,STL,2024.0,31,
SJU-STT,SJU,STT,68.0,357,"Thin route - long delay tail, high average delay"
SJU-STX,SJU,STX,94.0,317,"Thin route - reliable, short delay tail"
SJU-TPA,SJU,TPA,1237.0,1519,"Trunk route - multi-carrier, unreliable"
SLC-ABQ,SLC,ABQ,493.0,1154,"Thin route - reliable, short delay tail"
SLC-ANC,SLC,ANC,2125.0,128,
SLC-ATL,SLC,ATL,1590.0,2972,"Thin route - long-haul, rarely cancels"
SLC-AUS,SLC,AUS,1086.0,1784,"Thin route - reliable, short delay tail"
SLC-BIL,SLC,BIL,387.0,1074,"Thin route - reliable, short delay tail"
SLC-BNA,SLC,BNA,1404.0,1206,"Thin route - long-haul, rarely cancels"
SLC-BOI,SLC,BOI,290.0,1741,"Thin route - reliable, short delay tail"
SLC-BOS,SLC,BOS,2105.0,1256,"Thin route - long-haul, rarely cancels"
SLC-BTM,SLC,BTM,357.0,361,"Thin route - reliable, short delay tail"
SLC-BUR,SLC,BUR,574.0,1473,"Thin route - reliable, short delay tail"
SLC-BWI,SLC,BWI,1865.0,769,"Thin route - long-haul, rarely cancels"
SLC-BZN,SLC,BZN,347.0,1162,"Thin route - reliable, short delay tail"
SLC-CDC,SLC,CDC,221.0,629,"Thin route - reliable, short delay tail"
SLC-CLE,SLC,CLE,1565.0,363,"Thin route - long-haul, rarely cancels"
SLC-CLT,SLC,CLT,1727.0,922,"Thin route - long-haul, rarely cancels"
SLC-CMH,SLC,CMH,1528.0,363,"Thin route - long-haul, rarely cancels"
SLC-COS,SLC,COS,411.0,721,"Thin route - reliable, short delay tail"
SLC-CVG,SLC,CVG,1450.0,821,"Thin route - reliable, short delay tail"
SLC-DAL,SLC,DAL,999.0,674,"Thin route - reliable, short delay tail"
SLC-DCA,SLC,DCA,1851.0,364,"Thin route - long-haul, rarely cancels"
SLC-DEN,SLC,DEN,391.0,7728,"Trunk route - multi-carrier, unreliable"
SLC-DFW,SLC,DFW,989.0,3866,"Trunk route - multi-carrier, unreliable"
SLC-DTW,SLC,DTW,1481.0,1552,"Thin route - long-haul, rarely cancels"
SLC-EKO,SLC,EKO,200.0,578,"Thin route - reliable, short delay tail"
SLC-EUG,SLC,EUG,618.0,769,"Thin route - reliable, short delay tail"
SLC-EWR,SLC,EWR,1969.0,1337,"Thin route - long-haul, rarely cancels"
SLC-FAI,SLC,FAI,2183.0,38,
SLC-FAT,SLC,FAT,501.0,1366,"Thin route - reliable, short delay tail"
SLC-FCA,SLC,FCA,532.0,1111,"Thin route - reliable, short delay tail"
SLC-FLL,SLC,FLL,2084.0,375,"Thin route - long-haul, rarely cancels"
SLC-GEG,SLC,GEG,546.0,1671,"Thin route - reliable, short delay tail"
SLC-GJT,SLC,GJT,217.0,583,"Thin route - reliable, short delay tail"
SLC-GTF,SLC,GTF,463.0,1071,"Thin route - reliable, short delay tail"
SLC-HLN,SLC,HLN,402.0,725,"Thin route - reliable, short delay tail"
SLC-HNL,SLC,HNL,2994.0,858,"Thin route - long-haul, rarely cancels"
SLC-HOU,SLC,HOU,1214.0,408,"Thin route - reliable, short delay tail"
SLC-IAD,SLC,IAD,1827.0,712,"Thin route - long-haul, rarely cancels"
SLC-IAH,SLC,IAH,1195.0,1949,"Thin route - reliable, short delay tail"
SLC-IDA,SLC,IDA,189.0,1193,"Thin route - reliable, short delay tail"
SLC-IND,SLC,IND,1355.0,364,"Thin route - reliable, short delay tail"
SLC-JAC,SLC,JAC,205.0,1219,"Thin route - reliable, short delay tail"
SLC-JFK,SLC,JFK,1990.0,1931,"Thin route - long-haul, rarely cancels"
SLC-KOA,SLC,KOA,2966.0,96,
SLC-LAS,SLC,LAS,368.0,3744,"Trunk route - multi-carrier, unreliable"
SLC-LAX,SLC,LAX,590.0,4191,"Trunk route - multi-carrier, unreliable"
SLC-LBB,SLC,LBB,744.0,1,
SLC-LGA,SLC,LGA,1983.0,18,
SLC-LGB,SLC,LGB,588.0,1567,"Thin route - reliable, short delay tail"
SLC-LIT,SLC,LIT,1156.0,271,
SLC-LWS,SLC,LWS,461.0,365,"Thin route - reliable, short delay tail"
SLC-MCI,SLC,MCI,920.0,1009,"Thin route - reliable, short delay tail"
SLC-MCO,SLC,MCO,1931.0,1506,"Thin route - long-haul, rarely cancels"
SLC-MDW,SLC,MDW,1259.0,619,"Thin route - reliable, short delay tail"
SLC-MEM,SLC,MEM,1262.0,365,"Thin route - reliable, short delay tail"
SLC-MFR,SLC,MFR,575.0,729,"Thin route - reliable, short delay tail"
SLC-MIA,SLC,MIA,2088.0,796,"Thin route - long-haul, rarely cancels"
SLC-MKE,SLC,MKE,1247.0,363,"Thin route - long-haul, rarely cancels"
SLC-MSO,SLC,MSO,436.0,1059,"Thin route - reliable, short delay tail"
SLC-MSP,SLC,MSP,991.0,1589,"Thin route - reliable, short delay tail"
SLC-MSY,SLC,MSY,1429.0,455,"Thin route - reliable, short delay tail"
SLC-OAK,SLC,OAK,588.0,1643,"Thin route - reliable, short delay tail"
SLC-OGG,SLC,OGG,2935.0,303,"Thin route - long-haul, rarely cancels"
SLC-OKC,SLC,OKC,866.0,720,"Thin route - reliable, short delay tail"
SLC-OMA,SLC,OMA,840.0,755,"Thin route - reliable, short delay tail"
SLC-ONT,SLC,ONT,558.0,1239,"Thin route - reliable, short delay tail"
SLC-ORD,SLC,ORD,1250.0,3205,"Trunk route - multi-carrier, unreliable"
SLC-PDX,SLC,PDX,630.0,2375,"Thin route - reliable, short delay tail"
SLC-PHL,SLC,PHL,1927.0,818,"Thin route - long-haul, rarely cancels"
SLC-PHX,SLC,PHX,507.0,5775,"Trunk route - multi-carrier, unreliable"
SLC-PIH,SLC,PIH,149.0,448,"Thin route - reliable, short delay tail"
SLC-PIT,SLC,PIT,1660.0,363,"Thin route - long-haul, rarely cancels"
SLC-PSC,SLC,PSC,521.0,1178,"Thin route - reliable, short delay tail"
SLC-PSP,SLC,PSP,541.0,1078,"Thin route - reliable, short delay tail"
SLC-RDM,SLC,RDM,525.0,729,"Thin route - reliable, short delay tail"
SLC-RDU,SLC,RDU,1824.0,383,"Thin route - long-haul, rarely cancels"
SLC-RNO,SLC,RNO,422.0,1198,"Thin route - reliable, short delay tail"
SLC-RSW,SLC,RSW,1985.0,118,
SLC-SAN,SLC,SAN,626.0,3008,"Trunk route - multi-carrier, unreliable"
SLC-SAT,SLC,SAT,1087.0,1008,"Thin route - reliable, short delay tail"
SLC-SBA,SLC,SBA,615.0,1060,"Thin route - reliable, short delay tail"
SLC-SDF,SLC,SDF,1409.0,2,
SLC-SEA,SLC,SEA,689.0,4125,"Trunk route - multi-carrier, unreliable"
SLC-SFO,SLC,SFO,599.0,3454,"Trunk route - multi-carrier, unreliable"
SLC-SGU,SLC,SGU,272.0,1717,"Thin route - reliable, short delay tail"
SLC-SJC,SLC,SJC,584.0,1803,"Thin route - reliable, short delay tail"
SLC-SMF,SLC,SMF,532.0,2160,"Thin route - reliable, short delay tail"
SLC-SNA,SLC,SNA,588.0,1855,"Thin route - reliable, short delay tail"
SLC-STL,SLC,STL,1156.0,990,"Thin route - reliable, short delay tail"
SLC-SUN,SLC,SUN,222.0,1078,"Thin route - reliable, short delay tail"
SLC-TPA,SLC,TPA,1888.0,368,"Thin route - long-haul, rarely cancels"
SLC-TUL,SLC,TUL,926.0,403,"Thin route - reliable, short delay tail"
SLC-TUS,SLC,TUS,600.0,1112,"Thin route - reliable, short delay tail"
SLC-TWF,SLC,TWF,175.0,831,"Thin route - reliable, short delay tail"
SLC-WYS,SLC,WYS,273.0,148,
SLC-XNA,SLC,XNA,1004.0,362,"Thin route - reliable, short delay tail"
SLN-DEN,SLN,DEN,383.0,365,"Thin route - reliable, short delay tail"
SLN-IAH,SLN,IAH,621.0,326,"Thin route - reliable, short delay tail"
SLN-ORD,SLN,ORD,559.0,362,"Thin route - reliable, short delay tail"
SMF-ANC,SMF,ANC,1973.0,18,
SMF-ATL,SMF,ATL,2092.0,1010,"Thin route - long-haul, rarely cancels"
SMF-AUS,SMF,AUS,1481.0,385,"Thin route - long-haul, rarely cancels"
SMF-BNA,SMF,BNA,1917.0,345,"Thin route - long-haul, rarely cancels"
SMF-BOI,SMF,BOI,437.0,860,"Thin route - reliable, short delay tail"
SMF-BOS,SMF,BOS,2636.0,33,
SMF-BUR,SMF,BUR,358.0,2606,"Thin route - reliable, short delay tail"
SMF-BWI,SMF,BWI,2395.0,364,"Thin route - long-haul, rarely cancels"
SMF-CLT,SMF,CLT,2244.0,429,"Thin route - long-haul, rarely cancels"
SMF-DAL,SMF,DAL,1442.0,660,"Thin route - long-haul, rarely cancels"
SMF-DEN,SMF,DEN,909.0,3845,"Trunk route - multi-carrier, unreliable"
SMF-DFW,SMF,DFW,1431.0,1631,"Thin route - long-haul, rarely cancels"
SMF-DTW,SMF,DTW,2013.0,200,
SMF-EUG,SMF,EUG,384.0,365,"Thin route - reliable, short delay tail"
SMF-EWR,SMF,EWR,2500.0,283,
SMF-GEG,SMF,GEG,649.0,607,"Thin route - reliable, short delay tail"
SMF-HNL,SMF,HNL,2462.0,730,"Thin route - long-haul, rarely cancels"
SMF-HOU,SMF,HOU,1624.0,364,"Thin route - long-haul, rarely cancels"
SMF-IAD,SMF,IAD,2357.0,365,"Thin route - long-haul, rarely cancels"
SMF-IAH,SMF,IAH,1609.0,677,"Thin route - long-haul, rarely cancels"
SMF-JFK,SMF,JFK,2521.0,165,
SMF-KOA,SMF,KOA,2435.0,521,"Thin route - long-haul, rarely cancels"
SMF-LAS,SMF,LAS,397.0,4114,"Trunk route - multi-carrier, unreliable"
SMF-LAX,SMF,LAX,373.0,5643,"Trunk route - multi-carrier, unreliable"
SMF-LGB,SMF,LGB,387.0,1869,"Thin route - reliable, short delay tail"
SMF-LIH,SMF,LIH,2508.0,210,
SMF-MCI,SMF,MCI,1442.0,207,
SMF-MCO,SMF,MCO,2408.0,323,"Thin route - long-haul, rarely cancels"
SMF-MDW,SMF,MDW,1790.0,677,"Thin route - long-haul, rarely cancels"
SMF-MIA,SMF,MIA,2552.0,25,
SMF-MSP,SMF,MSP,1517.0,591,"Thin route - reliable, short delay tail"
SMF-OGG,SMF,OGG,2403.0,481,"Thin route - long-haul, rarely cancels"
SMF-ONT,SMF,ONT,390.0,2115,"Thin route - reliable, short delay tail"
SMF-ORD,SMF,ORD,1781.0,1342,"Thin route - long-haul, rarely cancels"
SMF-PDX,SMF,PDX,479.0,1954,"Thin route - reliable, short delay tail"
SMF-PHX,SMF,PHX,647.0,3630,"Trunk route - multi-carrier, unreliable"
SMF-PSP,SMF,PSP,439.0,523,"Thin route - reliable, short delay tail"
SMF-SAN,SMF,SAN,480.0,5180,"Trunk route - multi-carrier, unreliable"
SMF-SBA,SMF,SBA,310.0,366,"Thin route - reliable, short delay tail"
SMF-SEA,SMF,SEA,605.0,4390,"Thin route - reliable, short delay tail"
SMF-SFO,SMF,SFO,86.0,1356,"Thin route - long delay tail, high average delay"
SMF-SLC,SMF,SLC,532.0,2160,"Thin route - reliable, short delay tail"
SMF-SNA,SMF,SNA,404.0,2310,"Thin route - reliable, short delay tail"
SMF-STL,SMF,STL,1679.0,331,"Thin route - long-haul, rarely cancels"
SMF-TUS,SMF,TUS,751.0,46,
SMX-LAS,SMX,LAS,310.0,104,
SMX-PHX,SMX,PHX,494.0,405,"Thin route - reliable, short delay tail"
SNA-ATL,SNA,ATL,1919.0,1033,"Thin route - long-haul, rarely cancels"
SNA-ATW,SNA,ATW,1729.0,21,
SNA-AUS,SNA,AUS,1209.0,352,"Thin route - reliable, short delay tail"
SNA-AZA,SNA,AZA,360.0,49,
SNA-BNA,SNA,BNA,1772.0,150,
SNA-BOI,SNA,BOI,688.0,359,"Thin route - reliable, short delay tail"
SNA-CLT,SNA,CLT,2099.0,364,"Thin route - long-haul, rarely cancels"
SNA-COS,SNA,COS,815.0,93,
SNA-CVG,SNA,CVG,1877.0,21,
SNA-DAL,SNA,DAL,1216.0,364,"Thin route - long-haul, rarely cancels"
SNA-DEN,SNA,DEN,846.0,3686,"Trunk route - multi-carrier, unreliable"
SNA-DFW,SNA,DFW,1205.0,2936,"Trunk route - multi-carrier, unreliable"
SNA-DSM,SNA,DSM,1428.0,111,
SNA-DTW,SNA,DTW,1960.0,345,"Thin route - long delay tail, high average delay"
SNA-EUG,SNA,EUG,776.0,77,
SNA-EWR,SNA,EWR,2433.0,1091,"Thin route - long-haul, rarely cancels"
SNA-GEG,SNA,GEG,962.0,26,
SNA-GRR,SNA,GRR,1856.0,21,
SNA-IAH,SNA,IAH,1346.0,1092,"Thin route - reliable, short delay tail"
SNA-IDA,SNA,IDA,748.0,105,
SNA-JFK,SNA,JFK,2454.0,462,"Thin route - long delay tail, high average delay"
SNA-LAS,SNA,LAS,226.0,4146,"Trunk route - multi-carrier, unreliable"
SNA-MFR,SNA,MFR,659.0,94,
SNA-MSO,SNA,MSO,935.0,27,
SNA-MSP,SNA,MSP,1522.0,577,"Thin route - long-haul, rarely cancels"
SNA-OAK,SNA,OAK,371.0,2352,"Thin route - reliable, short delay tail"
SNA-ORD,SNA,ORD,1726.0,2189,"Thin route - long-haul, rarely cancels"
SNA-PDX,SNA,PDX,859.0,1550,"Thin route - reliable, short delay tail"
SNA-PHX,SNA,PHX,338.0,4636,"Trunk route - multi-carrier, unreliable"
SNA-PSC,SNA,PSC,871.0,49,
SNA-PVU,SNA,PVU,565.0,407,"Thin route - long delay tail, high average delay"
SNA-SDF,SNA,SDF,1819.0,1,
SNA-SEA,SNA,SEA,978.0,3956,"Thin route - reliable, short delay tail"
SNA-SFO,SNA,SFO,372.0,4777,"Trunk route - multi-carrier, unreliable"
SNA-SJC,SNA,SJC,342.0,2676,"Thin route - reliable, short delay tail"
SNA-SLC,SNA,SLC,588.0,1856,"Thin route - reliable, short delay tail"
SNA-SMF,SNA,SMF,404.0,2311,"Thin route - reliable, short delay tail"
SNA-STS,SNA,STS,433.0,745,"Thin route - reliable, short delay tail"
SNA-TUS,SNA,TUS,416.0,124,
SPI-ORD,SPI,ORD,174.0,707,"Thin route - reliable, short delay tail"
SPI-PGD,SPI,PGD,995.0,114,
SPN-GUM,SPN,GUM,129.0,365,"Thin route - reliable, short delay tail"
SPS-DFW,SPS,DFW,113.0,729,"Thin route - reliable, short delay tail"
SRQ-ABE,SRQ,ABE,1000.0,107,
SRQ-ALB,SRQ,ALB,1167.0,94,
SRQ-ATL,SRQ,ATL,444.0,2294,"Thin route - reliable, short delay tail"
SRQ-ATW,SRQ,ATW,1209.0,70,
SRQ-AUS,SRQ,AUS,936.0,35,
SRQ-AVL,SRQ,AVL,554.0,113,
SRQ-BLV,SRQ,BLV,876.0,108,
SRQ-BNA,SRQ,BNA,648.0,686,"Thin route - reliable, short delay tail"
SRQ-BOS,SRQ,BOS,1220.0,686,"Thin route - long delay tail, high average delay"
SRQ-BUF,SRQ,BUF,1093.0,39,
SRQ-BWI,SRQ,BWI,880.0,1250,"Thin route - reliable, short delay tail"
SRQ-CAK,SRQ,CAK,934.0,166,
SRQ-CID,SRQ,CID,1125.0,28,
SRQ-CLE,SRQ,CLE,967.0,115,
SRQ-CLT,SRQ,CLT,547.0,1397,"Thin route - reliable, short delay tail"
SRQ-CMH,SRQ,CMH,869.0,232,
SRQ-CVG,SRQ,CVG,812.0,309,"Thin route - reliable, short delay tail"
SRQ-DAL,SRQ,DAL,934.0,119,
SRQ-DCA,SRQ,DCA,851.0,465,"Thin route - long delay tail, high average delay"
SRQ-DEN,SRQ,DEN,1531.0,314,"Thin route - long-haul, rarely cancels"
SRQ-DFW,SRQ,DFW,945.0,373,"Thin route - long delay tail, high average delay"
SRQ-DSM,SRQ,DSM,1160.0,70,
SRQ-DTW,SRQ,DTW,1022.0,134,
SRQ-EWR,SRQ,EWR,1034.0,929,"Thin route - reliable, short delay tail"
SRQ-FNT,SRQ,FNT,1075.0,177,
SRQ-FWA,SRQ,FWA,948.0,104,
SRQ-GRR,SRQ,GRR,1081.0,166,
SRQ-GSP,SRQ,GSP,517.0,104,
SRQ-HOU,SRQ,HOU,789.0,140,
SRQ-IAD,SRQ,IAD,849.0,98,
SRQ-IAH,SRQ,IAH,796.0,16,
SRQ-IND,SRQ,IND,876.0,351,"Thin route - long delay tail, high average delay"
SRQ-JFK,SRQ,JFK,1041.0,533,"Thin route - long delay tail, high average delay"
SRQ-LCK,SRQ,LCK,856.0,124,
SRQ-LEX,SRQ,LEX,743.0,90,
SRQ-LGA,SRQ,LGA,1047.0,547,"Thin route - long delay tail, high average delay"
SRQ-MCI,SRQ,MCI,1078.0,21,
SRQ-MCO,SRQ,MCO,104.0,607,"Thin route - reliable, short delay tail"
SRQ-MDT,SRQ,MDT,942.0,112,
SRQ-MDW,SRQ,MDW,1035.0,520,"Thin route - long delay tail, high average delay"
SRQ-MIA,SRQ,MIA,178.0,332,"Thin route - reliable, short delay tail"
SRQ-MKE,SRQ,MKE,1113.0,13,
SRQ-MLI,SRQ,MLI,1069.0,16,
SRQ-MSP,SRQ,MSP,1342.0,237,
SRQ-OMA,SRQ,OMA,1222.0,66,
SRQ-ORD,SRQ,ORD,1050.0,999,"Thin route - long delay tail, high average delay"
SRQ-PHL,SRQ,PHL,957.0,462,"Trunk route - multi-carrier, unreliable"
SRQ-PIA,SRQ,PIA,1001.0,98,
SRQ-PIT,SRQ,PIT,912.0,340,"Thin route - reliable, short delay tail"
SRQ-PSM,SRQ,PSM,1266.0,14,
SRQ-RFD,SRQ,RFD,1085.0,96,
SRQ-ROA,SRQ,ROA,701.0,77,
SRQ-ROC,SRQ,ROC,1118.0,41,
SRQ-SBN,SRQ,SBN,1009.0,109,
SRQ-SDF,SRQ,SDF,765.0,80,
SRQ-STL,SRQ,STL,903.0,349,"Thin route - reliable, short delay tail"
SRQ-SYR,SRQ,SYR,1142.0,98,
SRQ-TOL,SRQ,TOL,981.0,52,
SRQ-TYS,SRQ,TYS,586.0,105,
STC-AZA,STC,AZA,1259.0,112,
STC-PGD,STC,PGD,1447.0,45,
STL-ATL,STL,ATL,484.0,3684,"Thin route - reliable, short delay tail"
STL-AUS,STL,AUS,721.0,972,"Thin route - reliable, short delay tail"
STL-BNA,STL,BNA,272.0,1287,"Thin route - reliable, short delay tail"
STL-BOS,STL,BOS,1047.0,1611,"Thin route - long delay tail, high average delay"
STL-BUR,STL,BUR,1583.0,192,
STL-BWI,STL,BWI,738.0,1279,"Thin route - reliable, short delay tail"
STL-CHS,STL,CHS,706.0,160,
STL-CLE,STL,CLE,487.0,698,"Thin route - reliable, short delay tail"
STL-CLT,STL,CLT,575.0,1835,"Thin route - reliable, short delay tail"
STL-CMH,STL,CMH,409.0,675,"Thin route - reliable, short delay tail"
STL-DAL,STL,DAL,546.0,1952,"Thin route - reliable, short delay tail"
STL-DCA,STL,DCA,719.0,2416,"Trunk route - multi-carrier, unreliable"
STL-DEN,STL,DEN,770.0,3676,"Trunk route - multi-carrier, unreliable"
STL-DFW,STL,DFW,550.0,2381,"Trunk route - multi-carrier, unreliable"
STL-DSM,STL,DSM,259.0,402,"Thin route - reliable, short delay tail"
STL-DTW,STL,DTW,440.0,1894,"Trunk route - multi-carrier, unreliable"
STL-ECP,STL,ECP,634.0,315,"Thin route - reliable, short delay tail"
STL-EWR,STL,EWR,872.0,1075,"Thin route - reliable, short delay tail"
STL-FLL,STL,FLL,1057.0,828,"Thin route - reliable, short delay tail"
STL-HOU,STL,HOU,687.0,1539,"Thin route - reliable, short delay tail"
STL-IAD,STL,IAD,696.0,1,
STL-IAH,STL,IAH,667.0,423,"Thin route - reliable, short delay tail"
STL-ICT,STL,ICT,392.0,403,"Thin route - reliable, short delay tail"
STL-IND,STL,IND,229.0,4,
STL-JAX,STL,JAX,753.0,507,"Thin route - reliable, short delay tail"
STL-JFK,STL,JFK,892.0,1,
STL-LAS,STL,LAS,1371.0,2094,"Thin route - long-haul, rarely cancels"
STL-LAX,STL,LAX,1592.0,1027,"Thin route - long-haul, rarely cancels"
STL-LGA,STL,LGA,888.0,2624,"Trunk route - multi-carrier, unreliable"
STL-LGB,STL,LGB,1581.0,84,
STL-LIT,STL,LIT,296.0,403,"Thin route - reliable, short delay tail"
STL-MCI,STL,MCI,237.0,1020,"Thin route - reliable, short delay tail"
STL-MCO,STL,MCO,882.0,2520,"Trunk route - multi-carrier, unreliable"
STL-MDW,STL,MDW,251.0,1704,"Thin route - reliable, short delay tail"
STL-MGM,STL,MGM,498.0,1,
STL-MIA,STL,MIA,1068.0,1170,"Thin route - reliable, short delay tail"
STL-MKE,STL,MKE,317.0,685,"Thin route - reliable, short delay tail"
STL-MSP,STL,MSP,448.0,1936,"Trunk route - multi-carrier, unreliable"
STL-MSY,STL,MSY,604.0,733,"Thin route - reliable, short delay tail"
STL-MYR,STL,MYR,728.0,87,
STL-OKC,STL,OKC,462.0,412,"Thin route - reliable, short delay tail"
STL-OMA,STL,OMA,342.0,825,"Thin route - reliable, short delay tail"
STL-ORD,STL,ORD,258.0,3090,"Trunk route - multi-carrier, unreliable"
STL-ORF,STL,ORF,785.0,17,
STL-PBI,STL,PBI,1023.0,38,
STL-PDX,STL,PDX,1708.0,114,
STL-PHL,STL,PHL,814.0,1602,"Trunk route - multi-carrier, unreliable"
STL-PHX,STL,PHX,1262.0,2315,"Trunk route - multi-carrier, unreliable"
STL-PIT,STL,PIT,554.0,500,"Thin route - reliable, short delay tail"
STL-PNS,STL,PNS,598.0,216,
STL-RDU,STL,RDU,668.0,655,"Thin route - reliable, short delay tail"
STL-RSW,STL,RSW,979.0,1007,"Thin route - reliable, short delay tail"
STL-SAN,STL,SAN,1557.0,473,"Thin route - long-haul, rarely cancels"
STL-SAT,STL,SAT,786.0,548,"Thin route - reliable, short delay tail"
STL-SAV,STL,SAV,689.0,91,
STL-SEA,STL,SEA,1709.0,884,"Thin route - long-haul, rarely cancels"
STL-SFO,STL,SFO,1735.0,761,"Thin route - long delay tail, high average delay"
STL-SJC,STL,SJC,1715.0,1,
STL-SJU,STL,SJU,2024.0,31,
STL-SLC,STL,SLC,1156.0,990,"Thin route - reliable, short delay tail"
STL-SMF,STL,SMF,1679.0,331,"Thin route - long-haul, rarely cancels"
STL-SRQ,STL,SRQ,903.0,349,"Thin route - reliable, short delay tail"
STL-TPA,STL,TPA,869.0,1228,"Thin route - reliable, short delay tail"
STL-TUL,STL,TUL,351.0,403,"Thin route - reliable, short delay tail"
STL-VPS,STL,VPS,610.0,138,
STS-BUR,STS,BUR,387.0,671,"Thin route - reliable, short delay tail"
STS-DEN,STS,DEN,977.0,16,
STS-DFW,STS,DFW,1495.0,186,
STS-LAS,STS,LAS,454.0,346,"Thin route - reliable, short delay tail"
STS-LAX,STS,LAX,399.0,726,"Thin route - reliable, short delay tail"
STS-ONT,STS,ONT,423.0,108,
STS-PDX,STS,PDX,489.0,609,"Thin route - reliable, short delay tail"
STS-PHX,STS,PHX,699.0,693,"Thin route - reliable, short delay tail"
STS-PSP,STS,PSP,478.0,142,
STS-SAN,STS,SAN,508.0,1009,"Thin route - long delay tail, high average delay"
STS-SEA,STS,SEA,618.0,463,"Thin route - reliable, short delay tail"
STS-SNA,STS,SNA,433.0,745,"Thin route - reliable, short delay tail"
STT-ATL,STT,ATL,1599.0,719,"Thin route - long-haul, rarely cancels"
STT-BOS,STT,BOS,1693.0,127,
STT-BWI,STT,BWI,1598.0,77,
STT-CLT,STT,CLT,1520.0,610,"Thin route - long-haul, rarely cancels"
STT-DFW,STT,DFW,2225.0,133,
STT-EWR,STT,EWR,1634.0,247,
STT-FLL,STT,FLL,1107.0,258,
STT-IAD,STT,IAD,1606.0,336,"Thin route - long-haul, rarely cancels"
STT-IAH,STT,IAH,2070.0,173,
STT-JFK,STT,JFK,1623.0,544,"Thin route - long-haul, rarely cancels"
STT-MCO,STT,MCO,1246.0,393,"Thin route - long delay tail, high average delay"
STT-MIA,STT,MIA,1107.0,941,"Thin route - reliable, short delay tail"
STT-ORD,STT,ORD,2116.0,255,
STT-PHL,STT,PHL,1605.0,187,
STT-SJU,STT,SJU,68.0,548,"Thin route - long delay tail, high average delay"
STX-ATL,STX,ATL,1638.0,126,
STX-CLT,STX,CLT,1562.0,119,
STX-FLL,STX,FLL,1140.0,127,
STX-MIA,STX,MIA,1139.0,680,"Thin route - reliable, short delay tail"
STX-ORD,STX,ORD,2158.0,18,
STX-SJU,STX,SJU,94.0,317,"Thin route - reliable, short delay tail"
SUN-DEN,SUN,DEN,557.0,630,"Thin route - reliable, short delay tail"
SUN-LAX,SUN,LAX,696.0,328,"Thin route - reliable, short delay tail"
SUN-ORD,SUN,ORD,1341.0,281,
SUN-PHX,SUN,PHX,705.0,97,
SUN-SEA,SUN,SEA,475.0,38,
SUN-SFO,SUN,SFO,587.0,293,
SUN-SLC,SUN,SLC,222.0,1078,"Thin route - reliable, short delay tail"
SUX-DEN,SUX,DEN,466.0,518,"Thin route - long delay tail, high average delay"
SUX-ORD,SUX,ORD,436.0,365,"Thin route - reliable, short delay tail"
SWF-FLL,SWF,FLL,1118.0,85,
SWF-MYR,SWF,MYR,601.0,165,
SWF-PGD,SWF,PGD,1101.0,115,
SWF-PIE,SWF,PIE,1055.0,124,
SWF-SFB,SWF,SFB,965.0,89,
SWO-DFW,SWO,DFW,225.0,729,"Thin route - reliable, short delay tail"
SYR-ATL,SYR,ATL,794.0,1108,"Thin route - reliable, short delay tail"
SYR-BNA,SYR,BNA,741.0,106,
SYR-BOS,SYR,BOS,265.0,474,"Thin route - reliable, short delay tail"
SYR-CLT,SYR,CLT,603.0,1094,"Thin route - reliable, short delay tail"
SYR-DCA,SYR,DCA,298.0,1029,"Thin route - long delay tail, high average delay"
SYR-DEN,SYR,DEN,1492.0,476,"Thin route - long-haul, rarely cancels"
SYR-DFW,SYR,DFW,1336.0,327,"Thin route - reliable, short delay tail"
SYR-DTW,SYR,DTW,374.0,691,"Thin route - reliable, short delay tail"
SYR-EWR,SYR,EWR,194.0,273,
SYR-FLL,SYR,FLL,1197.0,300,"Thin route - long delay tail, high average delay"
SYR-IAD,SYR,IAD,295.0,76,
SYR-JFK,SYR,JFK,209.0,510,"Thin route - reliable, short delay tail"
SYR-LGA,SYR,LGA,198.0,207,
SYR-MCO,SYR,MCO,1053.0,700,"Thin route - long delay tail, high average delay"
SYR-MIA,SYR,MIA,1217.0,39,
SYR-MSP,SYR,MSP,860.0,73,
SYR-MYR,SYR,MYR,668.0,80,
SYR-ORD,SYR,ORD,607.0,2194,"Trunk route - multi-carrier, unreliable"
SYR-PGD,SYR,PGD,1164.0,70,
SYR-PHL,SYR,PHL,228.0,128,
SYR-PIE,SYR,PIE,1111.0,163,
SYR-RDU,SYR,RDU,519.0,24,
SYR-SBN,SYR,SBN,531.0,1,
SYR-SFB,SYR,SFB,1029.0,100,
SYR-SRQ,SYR,SRQ,1142.0,98,
TLH-ATL,TLH,ATL,223.0,2003,"Thin route - reliable, short delay tail"
TLH-BHM,TLH,BHM,260.0,1,
TLH-CLT,TLH,CLT,386.0,4,
TLH-DCA,TLH,DCA,716.0,365,"Thin route - reliable, short delay tail"
TLH-DFW,TLH,DFW,767.0,1079,"Thin route - long delay tail, high average delay"
TLH-GSP,TLH,GSP,334.0,1,
TLH-MIA,TLH,MIA,402.0,1191,"Thin route - reliable, short delay tail"
TOL-PGD,TOL,PGD,1017.0,133,
TOL-PIE,TOL,PIE,945.0,134,
TOL-SFB,TOL,SFB,895.0,113,
TOL-SRQ,TOL,SRQ,981.0,52,
TPA-ACY,TPA,ACY,914.0,305,"Thin route - long delay tail, high average delay"
TPA-ALB,TPA,ALB,1130.0,260,
TPA-ATL,TPA,ATL,406.0,6138,"Trunk route - multi-carrier, unreliable"
TPA-AUS,TPA,AUS,928.0,1544,"Thin route - reliable, short delay tail"
TPA-BDL,TPA,BDL,1111.0,682,"Thin route - long delay tail, high average delay"
TPA-BHM,TPA,BHM,459.0,425,"Thin route - reliable, short delay tail"
TPA-BNA,TPA,BNA,612.0,2476,"Trunk route - multi-carrier, unreliable"
TPA-BOS,TPA,BOS,1185.0,2794,"Trunk route - multi-carrier, unreliable"
TPA-BUF,TPA,BUF,1053.0,731,"Thin route - reliable, short delay tail"
TPA-BWI,TPA,BWI,842.0,2651,"Trunk route - multi-carrier, unreliable"
TPA-CLE,TPA,CLE,927.0,1029,"Trunk route - multi-carrier, unreliable"
TPA-CLT,TPA,CLT,507.0,3105,"Thin route - reliable, short delay tail"
TPA-CMH,TPA,CMH,829.0,902,"Thin route - reliable, short delay tail"
TPA-CVG,TPA,CVG,773.0,731,"Thin route - long delay tail, high average delay"
TPA-DAL,TPA,DAL,917.0,1294,"Thin route - reliable, short delay tail"
TPA-DCA,TPA,DCA,814.0,2244,"Trunk route - multi-carrier, unreliable"
TPA-DEN,TPA,DEN,1506.0,3086,"Thin route - long-haul, rarely cancels"
TPA-DFW,TPA,DFW,929.0,2907,"Trunk route - multi-carrier, unreliable"
TPA-DTW,TPA,DTW,983.0,2329,"Trunk route - multi-carrier, unreliable"
TPA-EWR,TPA,EWR,997.0,2578,"Trunk route - multi-carrier, unreliable"
TPA-FLL,TPA,FLL,197.0,1421,"Thin route - long delay tail, high average delay"
TPA-GRR,TPA,GRR,1041.0,17,
TPA-HOU,TPA,HOU,781.0,1032,"Thin route - reliable, short delay tail"
TPA-HPN,TPA,HPN,1032.0,364,"Thin route - reliable, short delay tail"
TPA-IAD,TPA,IAD,811.0,1305,"Thin route - reliable, short delay tail"
TPA-IAH,TPA,IAH,787.0,1582,"Thin route - reliable, short delay tail"
TPA-IND,TPA,IND,837.0,948,"Thin route - reliable, short delay tail"
TPA-ISP,TPA,ISP,1034.0,442,"Thin route - long delay tail, high average delay"
TPA-JFK,TPA,JFK,1005.0,2298,"Trunk route - multi-carrier, unreliable"
TPA-LAS,TPA,LAS,1984.0,1042,"Thin route - long-haul, rarely cancels"
TPA-LAX,TPA,LAX,2158.0,1193,"Thin route - long-haul, rarely cancels"
TPA-LGA,TPA,LGA,1010.0,2796,"Trunk route - multi-carrier, unreliable"
TPA-MCI,TPA,MCI,1048.0,661,"Thin route - reliable, short delay tail"
TPA-MDW,TPA,MDW,997.0,1569,"Trunk route - multi-carrier, unreliable"
TPA-MEM,TPA,MEM,655.0,29,
TPA-MHT,TPA,MHT,1204.0,62,
TPA-MIA,TPA,MIA,204.0,2935,"Trunk route - multi-carrier, unreliable"
TPA-MKE,TPA,MKE,1075.0,472,"Thin route - long delay tail, high average delay"
TPA-MSP,TPA,MSP,1306.0,1177,"Thin route - reliable, short delay tail"
TPA-MSY,TPA,MSY,487.0,1063,"Thin route - reliable, short delay tail"
TPA-OMA,TPA,OMA,1190.0,13,
TPA-ORD,TPA,ORD,1012.0,3200,"Trunk route - multi-carrier, unreliable"
TPA-ORF,TPA,ORF,717.0,4,
TPA-PDX,TPA,PDX,2497.0,10,
TPA-PHL,TPA,PHL,920.0,2651,"Trunk route - multi-carrier, unreliable"
TPA-PHX,TPA,PHX,1788.0,1218,"Thin route - long-haul, rarely cancels"
TPA-PIT,TPA,PIT,873.0,818,"Thin route - reliable, short delay tail"
TPA-PVD,TPA,PVD,1136.0,467,"Thin route - long delay tail, high average delay"
TPA-RDU,TPA,RDU,587.0,1290,"Thin route - reliable, short delay tail"
TPA-ROC,TPA,ROC,1079.0,55,
TPA-SAN,TPA,SAN,2087.0,642,"Thin route - long-haul, rarely cancels"
TPA-SAT,TPA,SAT,972.0,374,"Thin route - reliable, short delay tail"
TPA-SDF,TPA,SDF,727.0,405,"Thin route - reliable, short delay tail"
TPA-SEA,TPA,SEA,2520.0,975,"Thin route - long-haul, rarely cancels"
TPA-SFO,TPA,SFO,2393.0,699,"Thin route - long-haul, rarely cancels"
TPA-SJU,TPA,SJU,1237.0,1519,"Trunk route - multi-carrier, unreliable"
TPA-SLC,TPA,SLC,1888.0,368,"Thin route - long-haul, rarely cancels"
TPA-STL,TPA,STL,869.0,1229,"Thin route - reliable, short delay tail"
TPA-TTN,TPA,TTN,955.0,234,
TPA-TYS,TPA,TYS,547.0,7,
TRI-ATL,TRI,ATL,227.0,520,"Thin route - reliable, short delay tail"
TRI-DFW,TRI,DFW,868.0,705,"Thin route - reliable, short delay tail"
TRI-ORD,TRI,ORD,481.0,71,
TRI-PIE,TRI,PIE,590.0,53,
TRI-SFB,TRI,SFB,535.0,134,
TTN-ATL,TTN,ATL,701.0,39,
TTN-FLL,TTN,FLL,1026.0,60,
TTN-MCO,TTN,MCO,896.0,540,"Thin route - reliable, short delay tail"
TTN-MYR,TTN,MYR,509.0,25,
TTN-PBI,TTN,PBI,985.0,13,
TTN-PGD,TTN,PGD,1008.0,48,
TTN-PIE,TTN,PIE,964.0,47,
TTN-RSW,TTN,RSW,1028.0,7,
TTN-TPA,TTN,TPA,955.0,233,
TUL-ATL,TUL,ATL,674.0,1576,"Thin route - reliable, short delay tail"
TUL-AUS,TUL,AUS,426.0,310,"Thin route - reliable, short delay tail"
TUL-BNA,TUL,BNA,515.0,514,"Thin route - reliable, short delay tail"
TUL-CLT,TUL,CLT,842.0,689,"Thin route - reliable, short delay tail"
TUL-DAL,TUL,DAL,237.0,1049,"Thin route - reliable, short delay tail"
TUL-DCA,TUL,DCA,1050.0,400,"Thin route - long delay tail, high average delay"
TUL-DEN,TUL,DEN,541.0,2450,"Trunk route - multi-carrier, unreliable"
TUL-DFW,TUL,DFW,237.0,2784,"Trunk route - multi-carrier, unreliable"
TUL-HOU,TUL,HOU,453.0,602,"Thin route - reliable, short delay tail"
TUL-IAH,TUL,IAH,429.0,1087,"Thin route - reliable, short delay tail"
TUL-LAS,TUL,LAS,1076.0,742,"Thin route - reliable, short delay tail"
TUL-LAX,TUL,LAX,1283.0,376,"Thin route - reliable, short delay tail"
TUL-LGA,TUL,LGA,1231.0,625,"Thin route - long delay tail, high average delay"
TUL-MCO,TUL,MCO,1006.0,175,
TUL-MDW,TUL,MDW,583.0,451,"Thin route - reliable, short delay tail"
TUL-MIA,TUL,MIA,1168.0,120,
TUL-ORD,TUL,ORD,585.0,2130,"Trunk route - multi-carrier, unreliable"
TUL-PHX,TUL,PHX,935.0,1254,"Thin route - reliable, short delay tail"
TUL-PIE,TUL,PIE,961.0,24,
TUL-SFB,TUL,SFB,995.0,109,
TUL-SLC,TUL,SLC,926.0,403,"Thin route - reliable, short delay tail"
TUL-STL,TUL,STL,351.0,403,"Thin route - reliable, short delay tail"
TUL-VPS,TUL,VPS,669.0,42,
TUS-ATL,TUS,ATL,1541.0,809,"Thin route - reliable, short delay tail"
TUS-DAL,TUS,DAL,824.0,221,
TUS-DEN,TUS,DEN,639.0,2740,"Trunk route - multi-carrier, unreliable"
TUS-DFW,TUS,DFW,813.0,2189,"Trunk route - multi-carrier, unreliable"
TUS-HOU,TUS,HOU,946.0,171,
TUS-IAH,TUS,IAH,937.0,206,
TUS-LAS,TUS,LAS,364.0,1336,"Thin route - reliable, short delay tail"
TUS-LAX,TUS,LAX,451.0,2589,"Thin route - reliable, short delay tail"
TUS-MDW,TUS,MDW,1440.0,286,
TUS-MSP,TUS,MSP,1298.0,173,
TUS-ORD,TUS,ORD,1437.0,1040,"Trunk route - multi-carrier, unreliable"
TUS-PDX,TUS,PDX,1119.0,365,"Thin route - reliable, short delay tail"
TUS-PHX,TUS,PHX,109.0,3465,"Trunk route - multi-carrier, unreliable"
TUS-SAN,TUS,SAN,367.0,654,"Thin route - reliable, short delay tail"
TUS-SEA,TUS,SEA,1215.0,1065,"Thin route - reliable, short delay tail"
TUS-SFO,TUS,SFO,751.0,945,"Thin route - long delay tail, high average delay"
TUS-SLC,TUS,SLC,600.0,1112,"Thin route - reliable, short delay tail"
TUS-SMF,TUS,SMF,751.0,46,
TUS-SNA,TUS,SNA,416.0,124,
TVC-ATL,TVC,ATL,769.0,37,
TVC-AZA,TVC,AZA,1599.0,33,
TVC-BOS,TVC,BOS,749.0,240,
TVC-CLT,TVC,CLT,702.0,232,
TVC-DCA,TVC,DCA,599.0,155,
TVC-DEN,TVC,DEN,1032.0,243,
TVC-DFW,TVC,DFW,1022.0,163,
TVC-DTW,TVC,DTW,207.0,1058,"Thin route - long delay tail, high average delay"
TVC-EWR,TVC,EWR,644.0,37,
TVC-FLL,TVC,FLL,1322.0,32,
TVC-IAD,TVC,IAD,578.0,3,
TVC-IAH,TVC,IAH,1149.0,45,
TVC-LGA,TVC,LGA,655.0,78,
TVC-MSP,TVC,MSP,376.0,87,
TVC-ORD,TVC,ORD,224.0,2768,"Thin route - long delay tail, high average delay"
TVC-PGD,TVC,PGD,1245.0,74,
TVC-PHL,TVC,PHL,627.0,116,
TVC-PIE,TVC,PIE,1172.0,97,
TVC-SFB,TVC,SFB,1127.0,95,
TWF-SLC,TWF,SLC,175.0,831,"Thin route - reliable, short delay tail"
TXK-DFW,TXK,DFW,181.0,723,"Thin route - reliable, short delay tail"
TYR-DFW,TYR,DFW,102.0,1077,"Thin route - long delay tail, high average delay"
TYS-ATL,TYS,ATL,152.0,1719,"Thin route - reliable, short delay tail"
TYS-AUS,TYS,AUS,882.0,73,
TYS-BHM,TYS,BHM,221.0,1,
TYS-BLV,TYS,BLV,373.0,5,
TYS-BNA,TYS,BNA,152.0,297,
TYS-BOS,TYS,BOS,830.0,147,
TYS-BWI,TYS,BWI,464.0,148,
TYS-CLT,TYS,CLT,176.0,894,"Trunk route - multi-carrier, unreliable"
TYS-DAL,TYS,DAL,762.0,149,
TYS-DCA,TYS,DCA,437.0,1021,"Thin route - long delay tail, high average delay"
TYS-DEN,TYS,DEN,1162.0,1001,"Trunk route - multi-carrier, unreliable"
TYS-DFW,TYS,DFW,772.0,1738,"Trunk route - multi-carrier, unreliable"
TYS-DTW,TYS,DTW,443.0,1,
TYS-EWR,TYS,EWR,631.0,146,
TYS-EYW,TYS,EYW,787.0,87,
TYS-FLL,TYS,FLL,709.0,481,"Thin route - long delay tail, high average delay"
TYS-GUF,TYS,GUF,436.0,26,
TYS-HOU,TYS,HOU,782.0,55,
TYS-IAD,TYS,IAD,420.0,95,
TYS-JAX,TYS,JAX,390.0,105,
TYS-LAS,TYS,LAS,1739.0,118,
TYS-LGA,TYS,LGA,647.0,139,
TYS-MCO,TYS,MCO,532.0,264,
TYS-MDW,TYS,MDW,459.0,57,
TYS-MEM,TYS,MEM,342.0,26,
TYS-MIA,TYS,MIA,724.0,487,"Thin route - reliable, short delay tail"
TYS-MSP,TYS,MSP,792.0,4,
TYS-OKC,TYS,OKC,766.0,3,
TYS-ORD,TYS,ORD,475.0,2188,"Thin route - long delay tail, high average delay"
TYS-PGD,TYS,PGD,624.0,217,
TYS-PHL,TYS,PHL,555.0,342,"Thin route - reliable, short delay tail"
TYS-PHX,TYS,PHX,1599.0,122,
TYS-PIE,TYS,PIE,550.0,522,"Thin route - long delay tail, high average delay"
TYS-SBN,TYS,SBN,426.0,10,
TYS-SFB,TYS,SFB,511.0,639,"Thin route - long delay tail, high average delay"
TYS-SRQ,TYS,SRQ,586.0,106,
TYS-TPA,TYS,TPA,547.0,7,
TYS-VPS,TYS,VPS,395.0,121,
USA-FLL,USA,FLL,643.0,169,
USA-PGD,USA,PGD,588.0,120,
USA-PIE,USA,PIE,528.0,206,
USA-SFB,USA,SFB,457.0,194,
VCT-IAH,VCT,IAH,123.0,592,"Thin route - long delay tail, high average delay"
VPS-ATL,VPS,ATL,250.0,2393,"Thin route - reliable, short delay tail"
VPS-AVL,VPS,AVL,412.0,18,
VPS-BLV,VPS,BLV,587.0,394,"Thin route - long delay tail, high average delay"
VPS-BNA,VPS,BNA,389.0,818,"Thin route - reliable, short delay tail"
VPS-BOS,VPS,BOS,1187.0,143,
VPS-BWI,VPS,BWI,819.0,241,
VPS-CAK,VPS,CAK,774.0,71,
VPS-CKB,VPS,CKB,705.0,11,
VPS-CLT,VPS,CLT,460.0,1203,"Thin route - long delay tail, high average delay"
VPS-COU,VPS,COU,659.0,17,
VPS-CVG,VPS,CVG,600.0,416,"Thin route - long delay tail, high average delay"
VPS-DAL,VPS,DAL,630.0,445,"Thin route - reliable, short delay tail"
VPS-DCA,VPS,DCA,789.0,370,"Thin route - long delay tail, high average delay"
VPS-DEN,VPS,DEN,1210.0,29,
VPS-DFW,VPS,DFW,641.0,1343,"Thin route - long delay tail, high average delay"
VPS-DSM,VPS,DSM,860.0,26,
VPS-DTW,VPS,DTW,828.0,6,
VPS-EVV,VPS,EVV,524.0,31,
VPS-EWR,VPS,EWR,988.0,115,
VPS-FNT,VPS,FNT,874.0,83,
VPS-GRR,VPS,GRR,857.0,50,
VPS-HOU,VPS,HOU,527.0,252,
VPS-HTS,VPS,HTS,589.0,29,
VPS-IAD,VPS,IAD,778.0,29,
VPS-ICT,VPS,ICT,796.0,65,
VPS-IND,VPS,IND,637.0,90,
VPS-JFK,VPS,JFK,1001.0,107,
VPS-LAS,VPS,LAS,1695.0,25,
VPS-LCK,VPS,LCK,675.0,123,
VPS-LEX,VPS,LEX,532.0,28,
VPS-LIT,VPS,LIT,443.0,27,
VPS-MCI,VPS,MCI,764.0,87,
VPS-MDW,VPS,MDW,782.0,79,
VPS-MEM,VPS,MEM,373.0,21,
VPS-MIA,VPS,MIA,499.0,225,
VPS-MSP,VPS,MSP,1058.0,290,
VPS-OKC,VPS,OKC,726.0,55,
VPS-OMA,VPS,OMA,911.0,31,
VPS-ORD,VPS,ORD,796.0,318,"Thin route - long delay tail, high average delay"
VPS-PHL,VPS,PHL,908.0,15,
VPS-PIA,VPS,PIA,724.0,41,
VPS-PIT,VPS,PIT,775.0,88,
VPS-SDF,VPS,SDF,532.0,130,
VPS-SGF,VPS,SGF,610.0,60,
VPS-SHV,VPS,SHV,452.0,25,
VPS-STL,VPS,STL,610.0,138,
VPS-TUL,VPS,TUL,669.0,42,
VPS-TYS,VPS,TYS,395.0,121,
VPS-XNA,VPS,XNA,601.0,218,
VRB-BOS,VRB,BOS,1144.0,233,
VRB-CLT,VRB,CLT,522.0,170,
VRB-JFK,VRB,JFK,972.0,226,
WRG-KTN,WRG,KTN,82.0,362,"Thin route - reliable, short delay tail"
WRG-PSG,WRG,PSG,31.0,362,"Thin route - reliable, short delay tail"
WYS-DEN,WYS,DEN,469.0,207,
WYS-SLC,WYS,SLC,273.0,148,
XNA-ATL,XNA,ATL,589.0,1099,"Thin route - reliable, short delay tail"
XNA-AUS,XNA,AUS,462.0,2,
XNA-AZA,XNA,AZA,1006.0,42,
XNA-BNA,XNA,BNA,426.0,81,
XNA-CLT,XNA,CLT,754.0,1462,"Thin route - reliable, short delay tail"
XNA-DCA,XNA,DCA,963.0,365,"Thin route - reliable, short delay tail"
XNA-DEN,XNA,DEN,616.0,1313,"Thin route - reliable, short delay tail"
XNA-DFW,XNA,DFW,280.0,3541,"Trunk route - multi-carrier, unreliable"
XNA-DTW,XNA,DTW,715.0,3,
XNA-EWR,XNA,EWR,1131.0,2,
XNA-FLL,XNA,FLL,1092.0,82,
XNA-GUF,XNA,GUF,563.0,66,
XNA-IAH,XNA,IAH,438.0,179,
XNA-LAS,XNA,LAS,1163.0,112,
XNA-LAX,XNA,LAX,1371.0,441,"Thin route - long-haul, rarely cancels"
XNA-LGA,XNA,LGA,1147.0,897,"Thin route - long delay tail, high average delay"
XNA-MIA,XNA,MIA,1099.0,294,
XNA-MSP,XNA,MSP,596.0,182,
XNA-ORD,XNA,ORD,522.0,1842,"Trunk route - multi-carrier, unreliable"
XNA-PHL,XNA,PHL,1067.0,477,"Thin route - reliable, short delay tail"
XNA-PHX,XNA,PHX,1023.0,828,"Thin route - reliable, short delay tail"
XNA-PIE,XNA,PIE,892.0,52,
XNA-SFB,XNA,SFB,920.0,134,
XNA-SFO,XNA,SFO,1550.0,2,
XNA-SLC,XNA,SLC,1004.0,362,"Thin route - reliable, short delay tail"
XNA-VPS,XNA,VPS,601.0,218,
XWA-DEN,XWA,DEN,582.0,1371,"Thin route - long delay tail, high average delay"
XWA-MOT,XWA,MOT,114.0,1,
XWA-MSP,XWA,MSP,553.0,1039,"Thin route - long delay tail, high average delay"
YAK-CDV,YAK,CDV,213.0,362,"Thin route - reliable, short delay tail"
YAK-JNU,YAK,JNU,199.0,362,"Thin route - reliable, short delay tail"
YUM-DFW,YUM,DFW,1022.0,365,"Thin route - reliable, short delay tail"
YUM-PHX,YUM,PHX,160.0,1327,"Thin route - reliable, short delay tail"
