route,origin_airport,dest_airport,completed_flights,mean_delay_prob,observed_delay_rate,mean_p90_min,mean_cancel_prob
DCA-HPN,DCA,HPN,187,0.39677676303501436,0.40641711229946526,92.70645100802662,0.01815144607899796
BDL-SJU,BDL,SJU,180,0.3744672414329317,0.4777777777777778,87.83848162757026,0.014871724652218038
DFW-SJU,DFW,SJU,148,0.3726382322005323,0.4797297297297297,77.6083285357501,0.012964313004263922
DEC-ORD,DEC,ORD,97,0.36328427232417865,0.38144329896907214,85.60704878187671,0.018259468204563572
DCA-TYS,DCA,TYS,168,0.35942312001827215,0.39880952380952384,72.68986806415376,0.015691930702370075
ORD-FSD,ORD,FSD,233,0.3587643891700859,0.36909871244635195,102.54356642956385,0.015970724214967646
DFW-BDL,DFW,BDL,114,0.35834219372063353,0.43859649122807015,67.38260486669708,0.014127403701178166
MCW-ORD,MCW,ORD,97,0.35782513437197383,0.32989690721649484,86.9526305051194,0.020062200813775972
ORD-EAU,ORD,EAU,98,0.3577471314644327,0.2755102040816326,85.47636479747538,0.01905215521830888
ORD-DLH,ORD,DLH,201,0.3547707960676791,0.2736318407960199,74.45595284836803,0.018498987713178924
PBI-ORD,PBI,ORD,203,0.3543782928600687,0.2955665024630542,87.70430545149178,0.01094263023134447
FLL-PIT,FLL,PIT,135,0.35280118532202864,0.4,74.82288714514839,0.013041875156125537
FCA-ORD,FCA,ORD,160,0.35193894021213057,0.34375,71.04364265203476,0.006293896335939114
MVY-DCA,MVY,DCA,117,0.3510366529226303,0.4358974358974359,71.38818248520549,0.014123485803317565
PHL-DCA,PHL,DCA,107,0.35088172471411877,0.48598130841121495,77.64687803749726,0.017841799246768156
ORD-SBN,ORD,SBN,403,0.34978099747863656,0.3325062034739454,99.15493216881386,0.01719871038392151
DCA-GSP,DCA,GSP,162,0.34959985720522607,0.47530864197530864,79.90385024930224,0.015649743046311813
ORD-HSV,ORD,HSV,118,0.3473806419109894,0.2796610169491525,86.43108086666818,0.015444551494495928
ORD-CMX,ORD,CMX,132,0.3468380473328359,0.3484848484848485,73.18112818400066,0.019776835992363177
ORD-MKE,ORD,MKE,837,0.3448629427874815,0.3321385902031063,90.6792157536624,0.019119577563050265
ROC-MCO,ROC,MCO,100,0.3444049699604511,0.42,73.86578094482422,0.010695787923535906
HPN-DCA,HPN,DCA,188,0.34250127008937775,0.44148936170212766,79.26386902180124,0.01754605396723692
FLL-SJU,FLL,SJU,399,0.3422007362421294,0.3333333333333333,73.1972655628558,0.011837115782269784
ORD-ROA,ORD,ROA,167,0.34068517172764873,0.38323353293413176,63.760907818457326,0.019058488375542918
SBN-ORD,SBN,ORD,408,0.3394394038135515,0.2696078431372549,98.01070927638634,0.01606840260579868
PHL-SJU,PHL,SJU,354,0.33912066454436146,0.3898305084745763,70.67557548264325,0.014558712287155325
DFW-SAV,DFW,SAV,180,0.3387520510289404,0.4444444444444444,68.0206776936849,0.012817788841750692
DFW-BUF,DFW,BUF,127,0.3383543435044176,0.4094488188976378,80.86626863855076,0.011294873073123969
EYW-ORD,EYW,ORD,114,0.337415320047161,0.2719298245614035,95.68326267443206,0.01232434561491379
DFW-EGE,DFW,EGE,162,0.33622339882968383,0.3333333333333333,99.4838601100592,0.00958880263167512
ORD-CAK,ORD,CAK,345,0.3344689262949902,0.26956521739130435,89.09243188388106,0.02007370465816777
DFW-VPS,DFW,VPS,250,0.33411527636647226,0.516,71.0720668182373,0.01273807733713721
MSY-BOS,MSY,BOS,120,0.33354847617447375,0.4083333333333333,77.19333006540934,0.012298209970572689
ORD-MBS,ORD,MBS,117,0.33300672153122407,0.29914529914529914,79.2580668457553,0.018819541823057853
MIA-RIC,MIA,RIC,103,0.33257327641098244,0.3786407766990291,65.52958268100775,0.010377573059835972
FLL-BDL,FLL,BDL,112,0.33181903085538317,0.4375,79.17029360362461,0.012391968738640947
PBI-DCA,PBI,DCA,230,0.3317051932863567,0.2782608695652174,77.71172032563582,0.011618765351939418
DFW-GRR,DFW,GRR,174,0.3316495406559144,0.39080459770114945,89.17679091705673,0.012009291328837747
OGG-SAN,OGG,SAN,183,0.3311721484680645,0.09836065573770492,57.653686252448075,0.011618086294642564
FLL-MSY,FLL,MSY,188,0.33063767683949874,0.4308510638297872,74.25124794371585,0.010737548300918812
PNS-DEN,PNS,DEN,154,0.33043123617187725,0.44155844155844154,66.23776393741757,0.007912573870271444
LGA-MSN,LGA,MSN,110,0.3303705092180859,0.3090909090909091,78.76711994517933,0.01877174472253098
DCA-ALB,DCA,ALB,205,0.33021838232511425,0.3902439024390244,85.45169529798554,0.015489568595561479
DFW-SMF,DFW,SMF,278,0.3291440499986676,0.4676258992805755,58.53534056299882,0.012106313435295661
ORD-LNK,ORD,LNK,285,0.32852310078185903,0.3684210526315789,97.12102475082665,0.017976338387253474
DFW-ANC,DFW,ANC,121,0.3282276490503106,0.4297520661157025,66.2440318588383,0.009661700671966204
PBI-BOS,PBI,BOS,233,0.3275236523522328,0.33476394849785407,85.41591088045308,0.013935644829645754
DCA-OKC,DCA,OKC,113,0.3274508925665796,0.5132743362831859,54.23041897326444,0.011884112271945923
ORD-FNT,ORD,FNT,228,0.3274156378026594,0.3508771929824561,95.74301455313699,0.021437012369087974
ORD-TUS,ORD,TUS,177,0.32731837985542533,0.3050847457627119,57.85741578657075,0.008655809648487656
BET-ANC,BET,ANC,121,0.3268229441701873,0.19008264462809918,61.023673254596304,0.018921271551492785
MIA-CHS,MIA,CHS,151,0.32647073387310205,0.41721854304635764,57.85478764969781,0.00944470182539111
MCO-FLL,MCO,FLL,189,0.3248972002633665,0.3386243386243386,62.76401158489247,0.010936194429329285
ORD-ASE,ORD,ASE,188,0.324233445398351,0.4148936170212766,89.72585089663242,0.016921774124992746
DFW-FAT,DFW,FAT,283,0.3228491517869828,0.5017667844522968,49.25945359489522,0.01317989890009268
SFB-TYS,SFB,TYS,104,0.3227619401250894,0.5480769230769231,62.10581630926866,0.010013817200580468
ILM-BOS,ILM,BOS,125,0.32266157400608064,0.464,89.85825408935547,0.01619070119274254
CRW-ORD,CRW,ORD,171,0.3226204057011688,0.3391812865497076,65.33765797308314,0.01409007657526268
DCA-PHL,DCA,PHL,111,0.32211080905016476,0.4594594594594595,71.89513290680206,0.015455648248704771
DFW-PDX,DFW,PDX,382,0.3214165726335261,0.36649214659685864,56.33324869765037,0.013721631381301409
TYS-DCA,TYS,DCA,167,0.32097467913955985,0.2874251497005988,85.78995820005497,0.017815385764050815
RSW-DCA,RSW,DCA,110,0.32079905257983643,0.3181818181818182,76.43762245178223,0.009480373025871814
DFW-BOI,DFW,BOI,176,0.32059091481972823,0.4715909090909091,59.749816786159165,0.010118116287627767
DTW-SBN,DTW,SBN,122,0.3201522731878718,0.21311475409836064,96.5899224203141,0.010817081385032564
LAS-ANC,LAS,ANC,121,0.3196479951547197,0.39669421487603307,65.84360226717862,0.0068244366948569165
ORD-CID,ORD,CID,419,0.3195216179889825,0.315035799522673,76.80279424025505,0.016700114329056492
RIC-EWR,RIC,EWR,106,0.3192049652900336,0.2169811320754717,69.75508124873323,0.018752236896740996
DFW-MCO,DFW,MCO,819,0.31910982402325844,0.4993894993894994,74.6741939260555,0.010176505172710949
JAC-DFW,JAC,DFW,190,0.3189901061748203,0.3736842105263158,73.20804180346038,0.013383015185933222
FLL-SEA,FLL,SEA,120,0.3181237106521924,0.13333333333333333,52.18574546178182,0.007102788154982397
AVL-DCA,AVL,DCA,106,0.31778163434761875,0.4339622641509434,61.984539679761205,0.01681857823956111
ORD-LEX,ORD,LEX,208,0.317267073604923,0.3557692307692308,63.12096025393559,0.013255180161860254
MIA-ORF,MIA,ORF,120,0.31666024699807166,0.36666666666666664,67.25914551417033,0.008701534642993163
CMX-ORD,CMX,ORD,134,0.31637633558529527,0.3283582089552239,80.02158270309221,0.01663049591782813
DFW-TYS,DFW,TYS,333,0.3163542230207999,0.3993993993993994,60.61896192991698,0.012738687492304111
DCA-CHS,DCA,CHS,276,0.3163111875022667,0.37681159420289856,65.91679678101471,0.014812793059606259
ORD-SMF,ORD,SMF,268,0.316171011484381,0.3582089552238806,65.79928260063058,0.005634178755061179
MIA-IND,MIA,IND,123,0.3161637423242011,0.3821138211382114,70.50856094050214,0.007646337254192885
DCA-SYR,DCA,SYR,160,0.3159264740534127,0.4125,65.52110029459,0.01341988876376344
JFK-SEA,JFK,SEA,521,0.31569100201358724,0.2744721689059501,53.84100566212367,0.012200518115550849
ORD-DAY,ORD,DAY,262,0.31543633660287346,0.3015267175572519,83.01796234655016,0.017435554756131365
DCA-ORF,DCA,ORF,158,0.3151921130999734,0.4240506329113924,69.15450979788092,0.016821314537671606
FLL-BOS,FLL,BOS,346,0.3150495714534914,0.37283236994219654,77.83527752705392,0.013641206491329185
CLT-PDX,CLT,PDX,117,0.3143849926881301,0.4700854700854701,55.54085724985497,0.010986955891198972
ORD-BOS,ORD,BOS,1477,0.31372347891270186,0.3256601218686527,75.78089858166818,0.015272386082755274
RIC-MCO,RIC,MCO,171,0.3135858973303036,0.36257309941520466,66.7320688035753,0.012053282280579548
DFW-MKE,DFW,MKE,172,0.3123480538122876,0.45348837209302323,73.88117191403411,0.011822533020232286
DFW-ORF,DFW,ORF,174,0.31233004823155786,0.5574712643678161,67.5022977850903,0.010651990450504753
DFW-MSN,DFW,MSN,178,0.31211285661445576,0.43820224719101125,79.64081102006891,0.012158853104235708
MIA-BOS,MIA,BOS,522,0.31202373596557714,0.3218390804597701,66.27996484895318,0.011377263612891162
DFW-SAN,DFW,SAN,762,0.3118449960911055,0.4763779527559055,64.52690962043022,0.013204258922272024
MCO-LGA,MCO,LGA,652,0.3114603945494064,0.3941717791411043,76.12239203204406,0.015906142625973625
ORD-FWA,ORD,FWA,509,0.31105500163989824,0.3182711198428291,91.89587150528763,0.017855406675983544
GEG-ORD,GEG,ORD,117,0.31076763328324014,0.4017094017094017,75.9752294100248,0.007718001322469629
CHS-BOS,CHS,BOS,195,0.3105251703506861,0.358974358974359,77.0807403173202,0.013242577274604409
GSP-DCA,GSP,DCA,155,0.3103373389090261,0.43870967741935485,76.676975816296,0.017272507295483488
DFW-PBI,DFW,PBI,173,0.30985710119580945,0.4797687861271676,68.18071484427921,0.010518406034232331
DFW-ORD,DFW,ORD,1304,0.30978904642804633,0.36809815950920244,66.79621086091352,0.01430326880170327
MSY-SEA,MSY,SEA,119,0.3093713637159652,0.31092436974789917,46.49379387222418,0.007119397667413654
GRR-DFW,GRR,DFW,173,0.3093135277659907,0.30057803468208094,60.60159138585791,0.013204925729391666
MCO-HPN,MCO,HPN,189,0.30929922379513897,0.31216931216931215,74.5930528792124,0.010310770428368768
DCA-DAY,DCA,DAY,144,0.3091930326902204,0.3611111111111111,88.79713728692796,0.019078853377609846
DCA-MHT,DCA,MHT,158,0.3088002248278147,0.46835443037974683,89.93458776836154,0.01597469478313412
CHS-DEN,CHS,DEN,117,0.3087641754720965,0.48717948717948717,46.28228647280962,0.005359205933311417
ACV-SFO,ACV,SFO,219,0.30868009209088537,0.6027397260273972,87.3866554678303,0.009873905437857364
DFW-OMA,DFW,OMA,266,0.30787313807951777,0.45112781954887216,69.73616359108372,0.011550554871897805
DFW-ILM,DFW,ILM,117,0.3078276962041855,0.4700854700854701,84.27889949439937,0.0158717616746002
DFW-TUS,DFW,TUS,303,0.3076033776644433,0.429042904290429,59.648665122859946,0.01222450447452713
DCA-CVG,DCA,CVG,157,0.3073163079987666,0.34394904458598724,71.62725621120185,0.014480753677945605
ORD-JAC,ORD,JAC,235,0.30686616041558856,0.25957446808510637,65.18792972970516,0.007655400739883485
DFW-LGA,DFW,LGA,979,0.30684236997207653,0.42288049029622066,76.23240573754471,0.015988572058224855
ORD-SEA,ORD,SEA,1168,0.30677188286073,0.3381849315068493,61.61034018209536,0.007878374757378228
DFW-BOS,DFW,BOS,635,0.30674005600176457,0.4094488188976378,73.22347498916265,0.013300856220180745
DFW-AVL,DFW,AVL,117,0.3065443952114154,0.4017094017094017,72.21880420456584,0.010848140420992513
ORD-OKC,ORD,OKC,465,0.30644090383924466,0.2752688172043011,64.0043106981503,0.015762409298037437
ORD-CHO,ORD,CHO,176,0.30635318100791087,0.2727272727272727,80.65093595331365,0.01832565346525775
SYR-DCA,SYR,DCA,157,0.30634774353094163,0.4140127388535032,75.67169581856697,0.015326713565094718
ORD-ALO,ORD,ALO,93,0.30538809379582765,0.3118279569892473,72.44405016335108,0.017471133416429873
BOS-PBI,BOS,PBI,232,0.30520450953265715,0.3232758620689655,74.11291548301433,0.01218448711716267
TPA-SAN,TPA,SAN,121,0.30480764559970414,0.32231404958677684,54.53025291379818,0.00612177865075894
DFW-FLL,DFW,FLL,558,0.30470329669961793,0.4229390681003584,65.31972340272746,0.010879864018028861
DCA-GRR,DCA,GRR,115,0.3045942114747089,0.4782608695652174,74.09502281520678,0.016628389531546387
MHT-DCA,MHT,DCA,158,0.3043596238086495,0.35443037974683544,73.49634911742392,0.018841410513435092
DFW-DSM,DFW,DSM,231,0.30428103854258853,0.4329004329004329,72.79136809229335,0.014129066672254057
FLL-RIC,FLL,RIC,111,0.30411062812482986,0.2972972972972973,65.36898482382834,0.015519969165325165
MIA-PIT,MIA,PIT,130,0.3041082381055905,0.3,54.48033774449275,0.008638776063274305
MYR-DCA,MYR,DCA,121,0.3040603572918364,0.3140495867768595,61.731963275877895,0.017506186563269535
RDU-DCA,RDU,DCA,292,0.30399120346426145,0.4349315068493151,67.65509690977123,0.015908289637054263
DFW-TPA,DFW,TPA,513,0.303907080410052,0.4873294346978557,66.46738589995088,0.012806769652131077
FLL-BNA,FLL,BNA,331,0.30354756792146276,0.47129909365558914,59.93256953835848,0.008442009472402564
ORD-RST,ORD,RST,169,0.3033556972558682,0.378698224852071,67.17202042122564,0.016679565202199167
MKE-ORD,MKE,ORD,840,0.3032727739285855,0.2773809523809524,78.42453297206333,0.016970959634165828
DCA-CLE,DCA,CLE,234,0.303093093741908,0.3974358974358974,69.78368236672165,0.017163706818754787
TVC-ORD,TVC,ORD,608,0.30288917865408094,0.20888157894736842,68.28045233613567,0.018101611773866093
ORD-ICT,ORD,ICT,343,0.3028233500941502,0.30612244897959184,77.98472065828284,0.011770870845262588
DEN-BUF,DEN,BUF,134,0.3025661744733355,0.44029850746268656,56.559411604013015,0.005088658588104394
ORD-DEC,ORD,DEC,100,0.3024167761206627,0.25,80.22144184112548,0.018616382990564617
ORD-FAR,ORD,FAR,326,0.3023304521488997,0.2361963190184049,88.0800805706188,0.013874554069854363
BTV-ORD,BTV,ORD,233,0.3021137833978997,0.31759656652360513,60.73693425256295,0.012154700684863231
TYS-SFB,TYS,SFB,104,0.3016172838039123,0.5673076923076923,66.4787540435791,0.0053089575174873555
FNT-ORD,FNT,ORD,231,0.3014739058363489,0.30735930735930733,71.30058382703112,0.014672159350889384
DFW-JAC,DFW,JAC,193,0.3007713338562862,0.44041450777202074,65.1990841188579,0.010865364623528839
DFW-BUR,DFW,BUR,118,0.29992977529764175,0.3813559322033898,68.05156245474087,0.015345826390976747
GRR-ORD,GRR,ORD,579,0.2999034761250122,0.25215889464594127,63.61769447260776,0.012761184489308157
DFW-JAX,DFW,JAX,350,0.2998142692659582,0.4542857142857143,67.14817813328334,0.010761126729232665
DFW-RIC,DFW,RIC,175,0.299222810949598,0.4057142857142857,67.01008946010045,0.014681734662089083
FSD-ORD,FSD,ORD,226,0.2991916375745714,0.2610619469026549,85.40720764936599,0.017344833695192317
MCO-BDL,MCO,BDL,275,0.29917719675735993,0.28,58.660235054709695,0.01184257875557896
FLL-DCA,FLL,DCA,336,0.29902224575302433,0.35119047619047616,73.27809328124637,0.011656005931832428
ORD-CLE,ORD,CLE,744,0.29901452991430477,0.2903225806451613,68.86315654170129,0.014608429512009025
MIA-ORD,MIA,ORD,646,0.29866022670831843,0.34829721362229105,59.48589958568844,0.010386017826385796
DEN-ALB,DEN,ALB,118,0.29857395968194733,0.2711864406779661,58.03778334795418,0.004749464852336262
DFW-SAT,DFW,SAT,732,0.29833808169786724,0.4180327868852459,63.53993461561985,0.014298015667892265
JAX-SJU,JAX,SJU,119,0.29827389960028544,0.31932773109243695,76.29504343241203,0.016796100953947908
FLL-AVL,FLL,AVL,133,0.29825281222960104,0.46616541353383456,74.09173943225602,0.00787239552843871
DFW-LAS,DFW,LAS,764,0.29818942850328867,0.44502617801047123,65.37619381550095,0.009078580501539233
AUS-FLL,AUS,FLL,196,0.2981043744604198,0.37244897959183676,58.99183555525176,0.008571432689392958
ILM-DCA,ILM,DCA,153,0.2979414987992617,0.39869281045751637,67.12518785514084,0.01694036755883108
DCA-ROC,DCA,ROC,155,0.2979365034449485,0.36129032258064514,62.76404438634073,0.016301914262745916
PIT-SEA,PIT,SEA,120,0.29784545277555785,0.24166666666666667,52.82375446955363,0.006135575681124344
ACK-BOS,ACK,BOS,149,0.29783638921760075,0.26174496644295303,62.44548700319841,0.014337257069500186
ASE-LAX,ASE,LAX,151,0.29772164825572084,0.3708609271523179,103.22976479940857,0.02062718357913019
DTW-OMA,DTW,OMA,230,0.2975127156661904,0.1782608695652174,77.11524678105893,0.009913185324884303
ORD-MCW,ORD,MCW,100,0.29744186490774155,0.29,77.92587177276611,0.01882235807854505
EWR-SJU,EWR,SJU,331,0.29742985297545926,0.2688821752265861,60.248469563049134,0.014684290288092006
OKC-DCA,OKC,DCA,105,0.2974280520564034,0.37142857142857144,65.75082684471494,0.014703797417071958
ORD-TYS,ORD,TYS,411,0.2974030855508326,0.29683698296836986,80.7229173108029,0.015029856859363686
DFW-GEG,DFW,GEG,119,0.2971979377149534,0.3697478991596639,52.1044443915872,0.007549189065760078
MDW-OAK,MDW,OAK,113,0.2971398951733007,0.37168141592920356,45.90954726565201,0.010974208763065306
FWA-ORD,FWA,ORD,510,0.29689889333996117,0.23137254901960785,84.56935318591547,0.015295378801838087
MIA-DTW,MIA,DTW,214,0.296718814801947,0.2897196261682243,64.15439863294084,0.00758186970176825
MSP-ORD,MSP,ORD,1047,0.29665922939976624,0.28462273161413565,65.8673338393655,0.012513001545464692
DCA-FLL,DCA,FLL,330,0.2960349190415758,0.3424242424242424,63.00222311886874,0.011791086735792903
ORD-EWR,ORD,EWR,984,0.295429004719708,0.34247967479674796,72.5715222290861,0.014168118406794047
MDW-SEA,MDW,SEA,169,0.2953495698038643,0.46745562130177515,44.21630508377707,0.009021718095857324
ORD-COU,ORD,COU,315,0.2952940260134046,0.2126984126984127,74.92573500133696,0.017413981994868773
MKE-BOS,MKE,BOS,161,0.29528186326811773,0.21739130434782608,63.34626217954647,0.015137751238891878
FCA-DFW,FCA,DFW,99,0.29527715194706966,0.31313131313131315,56.74869348545267,0.010161325270955516
ORD-BZN,ORD,BZN,299,0.29505838792658967,0.27759197324414714,66.77523427344485,0.005647145243098126
DFW-SFO,DFW,SFO,821,0.294766868375033,0.582216808769793,62.84557724579824,0.012449666308943648
DFW-PIT,DFW,PIT,296,0.2947128831434089,0.34121621621621623,64.06899144198444,0.011377149252939794
AUS-BOS,AUS,BOS,334,0.29435598868095947,0.3473053892215569,61.93108343935298,0.01178852863251381
CMH-SEA,CMH,SEA,118,0.2941639865353956,0.2542372881355932,45.83343795194464,0.0084535366089983
DTW-DCA,DTW,DCA,434,0.294070711127624,0.3433179723502304,61.575170785051334,0.012942576852555458
SFO-STL,SFO,STL,120,0.2940638680011034,0.5333333333333333,49.333858998616535,0.004309972318759585
DFW-MIA,DFW,MIA,765,0.29402158528176786,0.44575163398692813,62.79250095342499,0.01030884758809527
FLL-ORD,FLL,ORD,445,0.2937954397683733,0.2943820224719101,65.15795949443003,0.009738739564564529
MIA-CLE,MIA,CLE,171,0.29372880289777675,0.32748538011695905,53.99954582794368,0.010897172861299369
DEN-OAK,DEN,OAK,299,0.2935200948828838,0.44816053511705684,49.569448471069336,0.005419939631082588
DCA-BGR,DCA,BGR,187,0.29346710316000135,0.39572192513368987,57.30158027608127,0.017114247003036764
DCA-SAV,DCA,SAV,172,0.2932509574605975,0.3488372093023256,61.902897213780605,0.017514499617391266
DFW-FSD,DFW,FSD,173,0.292944572133825,0.45664739884393063,81.95628502465397,0.01381540771798937
MIA-BNA,MIA,BNA,412,0.29290891339260977,0.4344660194174757,55.242653721744574,0.008451680353604222
ORD-PVD,ORD,PVD,278,0.2927596523500175,0.22302158273381295,65.29352006294745,0.015157751967936051
DTW-ORD,DTW,ORD,1007,0.29236168338146795,0.2313803376365442,68.31804041213762,0.013698877816951095
MSO-ORD,MSO,ORD,124,0.2922926941706288,0.1935483870967742,60.74029874801636,0.005200131959465193
ALB-DCA,ALB,DCA,203,0.2922367663512676,0.3645320197044335,70.43931107920379,0.01616786102943891
DFW-BNA,DFW,BNA,624,0.292214599211151,0.47596153846153844,65.41101464782005,0.012589203781931107
ORD-AZO,ORD,AZO,115,0.2921416913685591,0.4,59.10469940848972,0.017896830312907695
ATL-DCA,ATL,DCA,1062,0.2920619215528619,0.3766478342749529,56.1730572436489,0.012187907553291074
BTV-PHL,BTV,PHL,211,0.2916319289761132,0.3222748815165877,52.45011865697201,0.013795253863986747
DTW-GRR,DTW,GRR,213,0.29157590187491383,0.18309859154929578,78.21110382438266,0.012401117269876697
DTW-ATW,DTW,ATW,180,0.29148008682661586,0.18888888888888888,98.97987331814237,0.010966220132680865
DFW-CLE,DFW,CLE,279,0.2912188431374916,0.37992831541218636,57.78806213324215,0.012728509545456944
LAX-FLL,LAX,FLL,354,0.29094156888076816,0.1807909604519774,57.24593966424802,0.007368555083652974
DTW-CLE,DTW,CLE,234,0.29093810406505555,0.23504273504273504,83.53032563690446,0.012645524366111573
ATL-STT,ATL,STT,129,0.29076555429040923,0.13953488372093023,55.03264949118444,0.011169186854633943
RSW-BOS,RSW,BOS,192,0.29033144493587315,0.2552083333333333,79.49023430546124,0.012239536202296314
JFK-SJU,JFK,SJU,570,0.2901707754061933,0.3456140350877193,63.5313626205712,0.014643018594157816
FLL-RDU,FLL,RDU,233,0.2900180521185306,0.3133047210300429,71.10405077136126,0.011832147993193745
DFW-SBN,DFW,SBN,177,0.2897112922648252,0.2937853107344633,68.76581495899265,0.010152647461087167
DCA-BUF,DCA,BUF,161,0.2896924767620075,0.422360248447205,73.41512075862529,0.018541919484281737
FLL-AUS,FLL,AUS,195,0.2895321689546108,0.28717948717948716,60.914814161643,0.010452568104180196
DFW-MCI,DFW,MCI,436,0.28951374930116014,0.3646788990825688,61.22258918438483,0.012332249305803667
ORD-LGA,ORD,LGA,1784,0.2893436589808675,0.3251121076233184,69.0694245399381,0.016913723715749254
ORD-SAN,ORD,SAN,768,0.2888461628075068,0.2981770833333333,65.49296525493264,0.008800395889803863
CHO-ORD,CHO,ORD,175,0.28879691932882584,0.21142857142857144,93.72931784493582,0.017616479016012616
LGA-FLL,LGA,FLL,646,0.28872210802308546,0.30495356037151705,62.34258539831675,0.015472200071877416
DAL-DCA,DAL,DCA,280,0.2885894775390625,0.4714285714285714,50.085354587009974,0.010465985698046945
MDW-SFO,MDW,SFO,120,0.2884954207887252,0.6333333333333333,48.750197633107504,0.010843888356173333
MDW-RIC,MDW,RIC,101,0.2883954227413281,0.49504950495049505,43.53716751136402,0.012446810355753575
DFW-STL,DFW,STL,442,0.2883268130850468,0.4253393665158371,63.97163787686447,0.013124098303804408
EWR-SEA,EWR,SEA,456,0.28806026374692456,0.27631578947368424,54.31744798861052,0.012945170946332237
AVL-FLL,AVL,FLL,133,0.2880372443145379,0.41353383458646614,56.944215000123904,0.006326456507320391
ORD-DTW,ORD,DTW,1005,0.28775204104274066,0.2557213930348259,71.19113249328007,0.01531234020270252
ORD-DCA,ORD,DCA,1222,0.28765118778751836,0.30032733224222585,62.93539244219441,0.014532944878930873
MIA-LAS,MIA,LAS,239,0.2874485837241097,0.4100418410041841,63.11780999794166,0.007405359033145942
MCO-DCA,MCO,DCA,735,0.287428988303457,0.3183673469387755,60.813058982252265,0.01132414711564683
DCA-LGA,DCA,LGA,739,0.2871893960906946,0.3261163734776725,61.39009060814513,0.018821212679641434
MIA-BWI,MIA,BWI,350,0.28709889852574894,0.3914285714285714,58.39283571788243,0.008742704313509467
ORD-MLI,ORD,MLI,353,0.2870564364086805,0.24362606232294617,65.31041235559047,0.016195451606113416
FLL-LGA,FLL,LGA,633,0.2870261952704728,0.35071090047393366,72.50196034460083,0.016168448045466313
DAY-ORD,DAY,ORD,260,0.28695590172249535,0.2692307692307692,86.44707776583158,0.016547540230028357
MCO-ROC,MCO,ROC,104,0.28693758904074246,0.4519230769230769,57.12694441355192,0.009676610921115544
ASE-DFW,ASE,DFW,197,0.2867631655054044,0.25380710659898476,82.16752332116141,0.017937285446842605
PIA-ORD,PIA,ORD,355,0.2865162002368712,0.21971830985915494,86.30873115432094,0.014670544549892719
SGF-ORD,SGF,ORD,272,0.2862958807279082,0.2757352941176471,65.21516752243042,0.013530623647816403
DCA-RDU,DCA,RDU,297,0.2861283353783868,0.4175084175084175,62.50791725646767,0.01682429595157595
MCO-SJU,MCO,SJU,1230,0.28603335588685863,0.26910569105691057,55.83470446501321,0.009633215024971886
ORD-OMA,ORD,OMA,565,0.2857547683262192,0.30973451327433627,72.32586440027288,0.009759722464420155
LGA-ORD,LGA,ORD,1793,0.2857420721734893,0.3234802007808143,66.6297549903559,0.016371299864359333
MSY-FLL,MSY,FLL,187,0.2855121028375498,0.39037433155080214,48.76106142360259,0.012092559971885445
BOS-FLL,BOS,FLL,349,0.28537916560740045,0.2636103151862464,63.13342213562361,0.012941346138098237
MCO-BNA,MCO,BNA,596,0.28530061207461677,0.35906040268456374,53.790009458593076,0.010605930458032178
DAL-LGA,DAL,LGA,251,0.2851211693716714,0.5537848605577689,53.22707796096802,0.015011372966026622
RSW-LGA,RSW,LGA,102,0.28507325286958735,0.3333333333333333,63.88988109663421,0.016729287354444917
PVD-DCA,PVD,DCA,374,0.28503731976855884,0.33689839572192515,53.32251146897913,0.01617754628890767
ORD-MSN,ORD,MSN,635,0.2847706292088576,0.2251968503937008,75.56057338564415,0.01611473837510583
ORD-CAE,ORD,CAE,115,0.28473929698052614,0.23478260869565218,70.22131334387738,0.01285898861032529
ORD-BTV,ORD,BTV,230,0.28467867847370065,0.3739130434782609,67.89054413671079,0.008881219131910385
CLE-DCA,CLE,DCA,232,0.2846318370951661,0.33620689655172414,78.15714523710054,0.018227769314661125
ORD-BNA,ORD,BNA,809,0.284501562721576,0.3003708281829419,68.84764546841126,0.012961482883429905
DFW-GSO,DFW,GSO,174,0.284177797707333,0.40229885057471265,74.97185959213081,0.01195842669648903
DEN-BOS,DEN,BOS,751,0.2841330519846371,0.36750998668442075,60.53261472445512,0.010348159380184558
BOS-MCO,BOS,MCO,607,0.28407575365591675,0.28665568369028005,68.5850477454297,0.011144561382144877
ORD-TVC,ORD,TVC,608,0.28399200095353944,0.31085526315789475,82.46126086460917,0.01700918293348694
OGG-LIH,OGG,LIH,244,0.28393891643061014,0.1762295081967213,42.73809833213931,0.004044387805882506
DCA-MSN,DCA,MSN,194,0.2839132348440357,0.35051546391752575,71.9391519408865,0.015955444715848758
BDL-DCA,BDL,DCA,266,0.28368342953517023,0.3233082706766917,63.62272188717261,0.018281034710309882
ATL-OAJ,ATL,OAJ,174,0.2836821760939456,0.22988505747126436,74.94416576692427,0.012705514634552911
CLT-DCA,CLT,DCA,459,0.2836715600784048,0.3681917211328976,52.73094250797446,0.01102111031324506
BZN-ORD,BZN,ORD,298,0.28362240592305293,0.31543624161073824,57.3400754096524,0.008736985715682079
ORD-SJU,ORD,SJU,209,0.28350455866475993,0.3014354066985646,63.01809765391373,0.011585206670048231
ORD-CRW,ORD,CRW,173,0.2834562765208283,0.41040462427745666,55.65444564819336,0.017071689391094776
MCO-PVD,MCO,PVD,217,0.2834330047330549,0.3087557603686636,53.63230619562386,0.012497786619600706
BUF-DCA,BUF,DCA,160,0.283399991504848,0.36875,71.0546482205391,0.01705326925633856
BWI-SJU,BWI,SJU,225,0.28329365104436877,0.40444444444444444,57.04342691209581,0.01029507472590588
DFW-CVG,DFW,CVG,268,0.2832287791838397,0.39552238805970147,59.351853370666504,0.011004639982091759
ORD-ATW,ORD,ATW,336,0.28322813078938497,0.26785714285714285,74.41721020426068,0.017279010992497207
DEN-LBB,DEN,LBB,171,0.2831334588471909,0.38011695906432746,60.10342788696289,0.007223906964277741
DFW-RSW,DFW,RSW,235,0.2829371798545756,0.41702127659574467,58.59342376222002,0.012609313282546056
BDL-FLL,BDL,FLL,111,0.2827327317214227,0.34234234234234234,79.48532243677087,0.015537684911797786
ORD-PHL,ORD,PHL,928,0.28271171655345323,0.3168103448275862,67.83628333642565,0.012228996259855527
DFW-RNO,DFW,RNO,227,0.28262291474489387,0.3656387665198238,50.434049858395746,0.010975845458017568
BTV-DCA,BTV,DCA,160,0.28249380439519883,0.38125,62.742793035507205,0.01589844128353655
DLH-ORD,DLH,ORD,201,0.28246104294684393,0.35323383084577115,82.60657413919174,0.018189051188528538
ORD-CVG,ORD,CVG,806,0.2822250916296732,0.22704714640198512,58.835861923085254,0.014006610364077484
DEN-MIA,DEN,MIA,359,0.28200452832873485,0.3370473537604457,55.98112553142239,0.005248335284145119
PHL-PBI,PHL,PBI,218,0.28144937336718273,0.3256880733944954,64.40041484307805,0.011082793959710551
PBI-HPN,PBI,HPN,219,0.2813954291414453,0.2146118721461187,71.19168612510646,0.012960577912978891
PHL-ORF,PHL,ORF,175,0.2811342081001827,0.37714285714285717,64.19133093697684,0.01678145544023299
ORD-FCA,ORD,FCA,162,0.281125459406111,0.25308641975308643,59.344052785708584,0.010528849757624319
LGA-MCO,LGA,MCO,639,0.2810036427398243,0.3317683881064163,65.42298529778661,0.014306820106360092
ORD-GRR,ORD,GRR,576,0.28098547955354053,0.2795138888888889,74.55071381727855,0.01339629424464075
ORD-DFW,ORD,DFW,1299,0.28077969886505943,0.32948421862971516,75.24848280327424,0.01402148658194372
PHL-MCO,PHL,MCO,798,0.280698534484047,0.3333333333333333,68.31576987794766,0.011745407790535924
PHL-SEA,PHL,SEA,344,0.28069605864584446,0.313953488372093,53.47848789636479,0.010383983545249859
MIA-RDU,MIA,RDU,417,0.2806196463622635,0.36930455635491605,61.293295903743314,0.011094298904596296
DFW-SWO,DFW,SWO,120,0.2805504615108172,0.21666666666666667,62.19701944986979,0.016012537728262242
DFW-DCA,DFW,DCA,512,0.28037886672245804,0.314453125,62.923845537006855,0.013795249509261904
MIA-LGA,MIA,LGA,846,0.2803419984119722,0.36997635933806144,64.91327416755911,0.014827983885974585
SEA-HNL,SEA,HNL,475,0.27995942031082355,0.3873684210526316,46.51770095022101,0.004970702317465717
ORD-MSP,ORD,MSP,1047,0.2799071967174809,0.2664756446991404,67.79809329480132,0.012173938966424859
ATL-ORD,ATL,ORD,1145,0.2797837891302775,0.3179039301310044,58.69210744632904,0.012326810434883968
ORD-LNS,ORD,LNS,92,0.27955381167323695,0.3695652173913043,77.44985746300739,0.01147135577219374
DFW-PHL,DFW,PHL,638,0.27942468145377586,0.3620689655172414,61.220048713086165,0.010900961481896577
BGR-DCA,BGR,DCA,188,0.2792799591304774,0.324468085106383,77.52733553216812,0.018797020336062138
MBS-ORD,MBS,ORD,118,0.27927701692965073,0.2627118644067797,96.95188570830781,0.01532240544796967
TVC-DTW,TVC,DTW,195,0.27924535939326656,0.18461538461538463,77.68153952574119,0.012966828348218046
ATL-FLL,ATL,FLL,1108,0.27911341239425896,0.296028880866426,53.25345758926998,0.009665416608867928
ORD-BGR,ORD,BGR,234,0.27908479320442575,0.3076923076923077,52.18381000584007,0.010474974342973018
EGE-DFW,EGE,DFW,164,0.27882468773097524,0.3231707317073171,92.28572419794594,0.013353982951536954
JFK-FLL,JFK,FLL,543,0.2787145741325057,0.27071823204419887,57.87753161716637,0.014103960607503423
DTW-LAN,DTW,LAN,117,0.27862011609423876,0.2222222222222222,106.81574177538228,0.01350964728392597
HOU-DCA,HOU,DCA,169,0.2785792097272958,0.378698224852071,58.12494372757229,0.00993354221046304
LGA-BOS,LGA,BOS,1243,0.2785664920785786,0.2711182622687047,61.8273570919267,0.0184162112728426
MDW-PDX,MDW,PDX,162,0.2784713426673854,0.4567901234567901,46.5906166618253,0.009174672469337722
BOS-SJU,BOS,SJU,244,0.27837528508217607,0.3319672131147541,58.04705774588663,0.013886951190966463
ORD-MCI,ORD,MCI,738,0.2783689313747372,0.26558265582655827,64.4191851189466,0.009418780722019923
MSY-DCA,MSY,DCA,261,0.27830731603263437,0.40229885057471265,60.294211636101146,0.011130188137435148
LAS-SAN,LAS,SAN,783,0.2782591676308582,0.4725415070242657,50.73426347125992,0.003781544223136955
FAR-ORD,FAR,ORD,323,0.2781897180312927,0.21981424148606812,77.5872083020284,0.014371269661113838
DFW-DAY,DFW,DAY,219,0.27813509487670307,0.3470319634703196,68.52199293162725,0.016903870763659214
DFW-IND,DFW,IND,360,0.27791254185140135,0.4305555555555556,61.123920657899646,0.009979045472918656
DFW-TLH,DFW,TLH,168,0.2776160862829004,0.30357142857142855,49.71784126190912,0.015036047933002313
STS-SEA,STS,SEA,103,0.2775818241163365,0.21359223300970873,48.19380621308262,0.013613129296855441
PHL-FLL,PHL,FLL,596,0.27754519197264776,0.2651006711409396,61.34085404952901,0.012431291420156684
DFW-SEA,DFW,SEA,981,0.2775406983209191,0.3180428134556575,51.4774263442231,0.009781293950049251
MIA-AUS,MIA,AUS,406,0.27751520395352336,0.3645320197044335,56.55383181454513,0.00651030390253541
ORD-BUF,ORD,BUF,410,0.27743218761028315,0.3146341463414634,73.9797552062244,0.014770580547481356
SYR-ORD,SYR,ORD,348,0.27731637442591545,0.22126436781609196,64.7603826139165,0.014064000969353532
DFW-MSY,DFW,MSY,471,0.2772769284634327,0.4267515923566879,52.7006315972395,0.011790472444761353
ORD-PDX,ORD,PDX,653,0.2772626715839183,0.3445635528330781,50.886516392869936,0.007341069695680882
BDL-ORD,BDL,ORD,404,0.2771006695704885,0.1806930693069307,57.033556711555704,0.015279903018798209
ORD-SFO,ORD,SFO,1030,0.2769962640207948,0.4330097087378641,69.32278256184847,0.008306447548105436
HNL-SAN,HNL,SAN,292,0.27699293507492706,0.15753424657534246,54.04444284961648,0.0055693658272600935
DCA-PNS,DCA,PNS,163,0.2769894773609068,0.34355828220858897,51.599091383577125,0.013373488881908233
ORD-CMI,ORD,CMI,175,0.27687564381531304,0.22857142857142856,53.02151710510254,0.016976929142501186
LEX-ORD,LEX,ORD,213,0.27684931652926503,0.2347417840375587,80.2793939796412,0.013880403974326327
DFW-PHX,DFW,PHX,915,0.2767813839791902,0.3191256830601093,54.91234118352171,0.010106967345286572
MCO-MDW,MCO,MDW,460,0.2766807925765929,0.3391304347826087,50.50946209741675,0.011161161874862094
DCA-SEA,DCA,SEA,176,0.2766019817103039,0.23295454545454544,50.17100455544212,0.009563676804530522
ORD-PIA,ORD,PIA,355,0.276500792948293,0.23098591549295774,62.99366221898038,0.01833740281321669
MHT-MCO,MHT,MCO,100,0.2763187593966723,0.28,61.33007767677307,0.010767480290001807
DFW-CMH,DFW,CMH,295,0.27626614151364665,0.39322033898305087,48.770937140513276,0.010128583879739144
PHL-PDX,PHL,PDX,174,0.2760602505556468,0.28160919540229884,53.41803432333058,0.014742170783103178
DCA-PVD,DCA,PVD,377,0.27592758796812683,0.3103448275862069,47.28066867858725,0.014791981801793624
STL-BOS,STL,BOS,285,0.2758381782916554,0.39649122807017545,58.571146827831605,0.01024977058856463
CLT-CAK,CLT,CAK,258,0.2757403342298759,0.3682170542635659,67.27585385196893,0.015353463646588903
MCO-BOS,MCO,BOS,615,0.27572710457129207,0.2943089430894309,66.3394645086149,0.013072261276103059
ATL-SBN,ATL,SBN,173,0.27555292818932176,0.27167630057803466,80.64280780064577,0.009641898753387588
JAC-ORD,JAC,ORD,231,0.2754516752509328,0.36796536796536794,67.6760988607035,0.014144669080794346
ORD-COS,ORD,COS,175,0.2752149702821459,0.2742857142857143,64.40201337541853,0.008361864918995588
PHX-PIT,PHX,PIT,126,0.27507366949603673,0.35714285714285715,50.1338734096951,0.004882198717496067
DCA-DSM,DCA,DSM,110,0.2750218096104535,0.37272727272727274,76.53737165277654,0.017636753141510586
MIA-JFK,MIA,JFK,695,0.2749429875569378,0.33525179856115106,58.933096198212326,0.012298819327808387
ASE-ORD,ASE,ORD,185,0.27492059203418523,0.3081081081081081,81.50694229538377,0.018028336964797175
CVG-DCA,CVG,DCA,155,0.27489837725316324,0.32903225806451614,84.76825642739573,0.017201246092702415
PHL-TPA,PHL,TPA,414,0.27462690636731574,0.30917874396135264,68.91033156943206,0.011119963046189804
DFW-CHS,DFW,CHS,241,0.2745397852664172,0.38589211618257263,66.95218174091514,0.011765760332196352
DCA-CAE,DCA,CAE,155,0.2745168422499011,0.41935483870967744,59.67567618585402,0.015367166709822381
SJU-BOS,SJU,BOS,262,0.27436054537769494,0.2824427480916031,65.06365040786393,0.0132160723564977
MDW-FLL,MDW,FLL,180,0.27434104970759815,0.35555555555555557,43.94139674504598,0.010414278014450447
ORD-AVP,ORD,AVP,117,0.2743170647284923,0.23931623931623933,64.97076161702473,0.013809414408704052
BOS-SEA,BOS,SEA,583,0.27429556578244396,0.27615780445969124,53.420832723941444,0.007640430460754437
DTW-AZO,DTW,AZO,224,0.2742241467349231,0.1875,73.67228514807564,0.010869228254874677
LGA-OKC,LGA,OKC,90,0.2741516770588027,0.24444444444444444,54.318689261542424,0.016787035018205644
ORD-BOI,ORD,BOI,177,0.27405432001345575,0.20903954802259886,60.85874667410123,0.0071774760243365834
DFW-ABQ,DFW,ABQ,442,0.2739926041925655,0.34841628959276016,57.194697388696454,0.013068397859563843
CMH-DCA,CMH,DCA,329,0.2736584928486847,0.2796352583586626,51.4142180561657,0.016447220796676862
DTW-ELM,DTW,ELM,182,0.2735966895144064,0.23626373626373626,70.3336330455738,0.01152099682284253
DFW-RDU,DFW,RDU,377,0.2731943878713274,0.4005305039787798,60.22767656867637,0.01276662130601322
SCE-ORD,SCE,ORD,110,0.27314101376316763,0.12727272727272726,64.90054465207187,0.012768053239524629
DCA-BDL,DCA,BDL,272,0.27310401732649875,0.33088235294117646,49.88835486243753,0.016557444762991796
LGA-DFW,LGA,DFW,988,0.2731001327711682,0.3157894736842105,70.41811661199037,0.01620578624232294
SMF-SFO,SMF,SFO,182,0.2730207943081201,0.4340659340659341,48.135830053916344,0.010793166286260873
SBN-DTW,SBN,DTW,122,0.2726171587090023,0.13114754098360656,95.09063814507157,0.01165576510467246
CLT-MCO,CLT,MCO,769,0.27248892714166517,0.3680104031209363,61.04684233076396,0.008871025987751734
MSY-PHX,MSY,PHX,122,0.27243834046921767,0.26229508196721313,43.448257579178104,0.006287396586782559
ORD-DSM,ORD,DSM,537,0.27239110913245596,0.31471135940409684,80.13003971234824,0.017516655062341638
DEN-ORF,DEN,ORF,160,0.27234693793579934,0.3625,47.23431469202042,0.007438936693050106
ORD-MQT,ORD,MQT,114,0.27232507171860915,0.24561403508771928,66.52593114083274,0.019281811409126052
DFW-PSP,DFW,PSP,116,0.2722596016166539,0.4396551724137931,61.81384537137788,0.011824122198750495
CLT-TYS,CLT,TYS,120,0.2722347259521484,0.44166666666666665,63.22438179651896,0.012295072718012718
ORD-GEG,ORD,GEG,120,0.27209861439963184,0.18333333333333332,66.758566792806,0.009052126746639976
PHL-MIA,PHL,MIA,573,0.27209516560063934,0.2949389179755672,63.190367703662496,0.011019303458337874
ORD-MCO,ORD,MCO,844,0.27209322381393886,0.2950236966824645,66.78152193616351,0.00858834434179557
MCO-BUF,MCO,BUF,249,0.2718103670750756,0.3895582329317269,61.84485255858027,0.010006219398097269
ORD-ABQ,ORD,ABQ,179,0.2716989737815697,0.3128491620111732,58.64358041006759,0.009795988528561351
MIA-STT,MIA,STT,130,0.27161883276242477,0.15384615384615385,58.31321588662954,0.011062559549911664
CLT-SFO,CLT,SFO,280,0.27147569161440643,0.5821428571428572,51.69268680300031,0.008256734898117122
BWI-SEA,BWI,SEA,177,0.27127794483623935,0.3163841807909605,49.28110829585016,0.008561446915469107
ORD-ORF,ORD,ORF,371,0.271259117359421,0.23180592991913745,60.5475748581385,0.01588753934640804
PHX-MSY,PHX,MSY,122,0.2711773649102352,0.39344262295081966,46.86590925591891,0.0051690882155824396
FLL-IND,FLL,IND,130,0.2709569926731862,0.34615384615384615,52.40563382368821,0.0075628277881227375
DTW-GRB,DTW,GRB,133,0.2708124495986709,0.17293233082706766,72.71857739211922,0.017540888769790194
JFK-BOS,JFK,BOS,786,0.27050492729584075,0.3142493638676845,66.86753660546611,0.015613551136128037
DFW-ASE,DFW,ASE,199,0.2702747164060123,0.3065326633165829,72.4528485590489,0.01806579272677168
ORD-CMH,ORD,CMH,899,0.27027153907482565,0.23915461624026696,63.56324707812011,0.014595684150098834
PHL-PVD,PHL,PVD,174,0.2702021663045061,0.25862068965517243,51.71578102550287,0.016018699955947967
MIA-MSY,MIA,MSY,241,0.26991732789520406,0.31950207468879666,51.14529630257381,0.007739551507554887
ORD-RIC,ORD,RIC,374,0.2698654370272861,0.25133689839572193,59.16158102412912,0.017129022428327905
BOS-SYR,BOS,SYR,119,0.2698283408369337,0.24369747899159663,62.00133067219197,0.01545208815454704
DAL-BHM,DAL,BHM,170,0.2698001898386899,0.4411764705882353,42.824152194752415,0.006351709234710226
ATL-SJU,ATL,SJU,350,0.2696596744443689,0.23142857142857143,52.84977222442627,0.009841792727223573
ATL-MIA,ATL,MIA,1019,0.26964971516738345,0.3012757605495584,52.53349093623437,0.00797531901508168
OGG-SJC,OGG,SJC,102,0.2693968678221983,0.09803921568627451,39.40484908982819,0.0036309289201207967
SJU-PHL,SJU,PHL,353,0.26938507133941814,0.23796033994334279,59.380170044074994,0.011754706323350945
AUS-ORD,AUS,ORD,519,0.2693018927768246,0.28709055876685935,58.52045971350403,0.011241886318864032
PVD-ORD,PVD,ORD,273,0.269220022218568,0.16117216117216118,58.256571864033795,0.01707614644709661
DCA-PWM,DCA,PWM,172,0.2691601541673028,0.29651162790697677,59.261392338331355,0.012448573234847727
EWR-SFO,EWR,SFO,717,0.2691460724717404,0.4351464435146444,64.37566803223253,0.013002755236653977
ORD-AUS,ORD,AUS,528,0.2690980116215845,0.3181818181818182,58.01191223390175,0.008128776112777555
ATL-LGA,ATL,LGA,1225,0.26908835607523823,0.34530612244897957,60.255497244231556,0.015574286816341794
LAS-DCA,LAS,DCA,119,0.26893010710467813,0.3445378151260504,46.40650237908884,0.010699918738100677
MCO-RIC,MCO,RIC,174,0.2688864762841285,0.367816091954023,55.539227277383034,0.013868459907826036
DCA-BOS,DCA,BOS,1407,0.26879778940709836,0.287135749822317,61.711487936821065,0.014715135503575049
DCA-BTV,DCA,BTV,156,0.26876581250092924,0.44871794871794873,58.9136572373219,0.01309902588348033
DCA-HSV,DCA,HSV,201,0.2687569763233413,0.2935323383084577,59.13500844661276,0.014170171106106614
MDW-CVG,MDW,CVG,117,0.26874128047727114,0.36752136752136755,40.01238612639598,0.008975486183294752
EWR-BOS,EWR,BOS,589,0.2686653801561009,0.28522920203735147,56.83143106988411,0.015898361012436038
CLT-LGA,CLT,LGA,597,0.26849923773327067,0.36180904522613067,55.460822960040474,0.015503166463072048
DFW-PNS,DFW,PNS,387,0.26826692778780786,0.3953488372093023,58.08233612021119,0.013336644385878033
GSO-DCA,GSO,DCA,101,0.2681726978556945,0.42574257425742573,60.77933589066609,0.017254081703063133
DCA-BHM,DCA,BHM,156,0.2679998106681384,0.41025641025641024,60.80591432864849,0.012412313272304446
GRR-DCA,GRR,DCA,117,0.26788702556210703,0.4017094017094017,62.829113300030045,0.01606671044156571
HPN-FLL,HPN,FLL,112,0.26783994399011135,0.3482142857142857,68.95532097135272,0.015250925686867797
ORD-PHX,ORD,PHX,822,0.26756851908970636,0.36009732360097324,57.72679625694479,0.007610741846408208
ORD-ELP,ORD,ELP,114,0.2675473661276332,0.34210526315789475,60.11203662136145,0.012104893767381789
JFK-JAX,JFK,JAX,175,0.2671693123238427,0.30857142857142855,69.5434094456264,0.01503495093838302
DEN-SBP,DEN,SBP,121,0.267137480422485,0.3140495867768595,40.897780457804025,0.008625483262490054
JFK-ORD,JFK,ORD,365,0.26711928556634956,0.2465753424657534,67.12464063984073,0.015167647238091737
OGG-SMF,OGG,SMF,118,0.26705310771525914,0.13559322033898305,40.908156750565865,0.005680526440430965
BOS-BUF,BOS,BUF,334,0.26696257253071504,0.25149700598802394,73.00994025590177,0.014760026012399148
ORD-JAX,ORD,JAX,396,0.266930789357484,0.2828282828282828,67.19857591089576,0.011306946716495674
PHL-CLE,PHL,CLE,111,0.2669247297553329,0.2972972972972973,58.212726146251235,0.01588878689049664
MDW-LGA,MDW,LGA,375,0.2666983644366264,0.38133333333333336,47.87137820943197,0.016683768476549385
ORD-GSP,ORD,GSP,334,0.2666798805048366,0.23952095808383234,60.9482608612426,0.015765641551813363
ORD-SLC,ORD,SLC,551,0.2664477137169258,0.30490018148820325,63.019910705067936,0.009176790368932802
MCO-PHL,MCO,PHL,808,0.26638492805385355,0.3551980198019802,61.69236364341018,0.01097239845552944
EWR-ORD,EWR,ORD,984,0.26627771727498467,0.29878048780487804,60.76302592153472,0.015292418224724666
FLL-PHL,FLL,PHL,589,0.26625096317260494,0.300509337860781,66.1378928364234,0.011066291612317605
MDW-ALB,MDW,ALB,161,0.26624950997947905,0.37267080745341613,42.94948885899893,0.007946820630089993
BDL-MCO,BDL,MCO,275,0.2660070971196348,0.3018181818181818,83.608667047674,0.012863783539827676
DEN-PIT,DEN,PIT,284,0.26594482383257906,0.3732394366197183,40.79517055565203,0.004406867555767429
CAK-ORD,CAK,ORD,345,0.2659231406838998,0.21739130434782608,58.68347475908805,0.015091473343553112
ORD-XNA,ORD,XNA,389,0.26585083518052777,0.2853470437017995,67.73072075537361,0.011796739955978661
ORD-PBI,ORD,PBI,202,0.2656270992932933,0.19801980198019803,61.05082902813902,0.010667186653340497
DFW-HNL,DFW,HNL,121,0.26559313626821374,0.30578512396694213,72.46310450025827,0.00713090877789149
DFW-BZN,DFW,BZN,183,0.2654495340227429,0.30601092896174864,64.31143801329566,0.007252940555715705
JFK-MCO,JFK,MCO,708,0.2654449744307894,0.3107344632768362,64.65132043051854,0.01162121988537564
DTW-SFO,DTW,SFO,363,0.2654335178414324,0.46005509641873277,57.97913031144576,0.005855127289406445
RDU-LGA,RDU,LGA,261,0.2652312888267853,0.26053639846743293,52.454103864472486,0.017796573866184592
DFW-LAX,DFW,LAX,1060,0.2652248380811147,0.32075471698113206,52.28296080715251,0.010937294985603217
LAS-MSY,LAS,MSY,162,0.265151887488218,0.38271604938271603,38.752058623749534,0.00365858986699508
ORD-SDF,ORD,SDF,449,0.26514905050629234,0.23162583518930957,62.796590792309736,0.01808342000271246
ORD-SNA,ORD,SNA,350,0.2651473075577191,0.26571428571428574,60.020585425240654,0.006683303933595853
PBI-PHL,PBI,PHL,222,0.26490621939972714,0.2882882882882883,65.08001200787656,0.0097545641535697
DFW-MYR,DFW,MYR,124,0.264862313626274,0.29838709677419356,55.806804272436324,0.012018240332603455
DTW-FLL,DTW,FLL,302,0.26482104199216855,0.2682119205298013,49.44044981571223,0.00792589921075555
JFK-PDX,JFK,PDX,178,0.26471917481904617,0.2247191011235955,46.80165096883024,0.011976333818515468
MIA-STX,MIA,STX,122,0.26461222059414036,0.26229508196721313,54.461903337572444,0.007656826922044036
ATL-MCO,ATL,MCO,1330,0.26458110883551883,0.3548872180451128,54.49855233457752,0.008056130284710568
EWR-LAX,EWR,LAX,764,0.2644174549319045,0.3324607329842932,54.90729671498244,0.011639118261103119
MSP-DCA,MSP,DCA,430,0.2644095619404039,0.31627906976744186,57.317074061548986,0.011655049426810072
CLE-SEA,CLE,SEA,118,0.26414253032308516,0.3474576271186441,53.541139764300844,0.01725162305253542
AVL-DFW,AVL,DFW,118,0.26377526689636505,0.3728813559322034,54.5763334823867,0.010227598188337217
SFO-SAN,SFO,SAN,1235,0.2637553785192339,0.4801619433198381,53.99423206113128,0.006078672311924451
SDF-BOS,SDF,BOS,119,0.2637000051366181,0.29411764705882354,63.24182507170349,0.013227014798579401
PBI-EWR,PBI,EWR,410,0.2636417266072297,0.25609756097560976,68.99976965741413,0.01402281176350005
ORD-MSY,ORD,MSY,374,0.263632393496878,0.31016042780748665,56.78177845286813,0.010618848911577779
DTW-MBS,DTW,MBS,224,0.2634060897731355,0.23214285714285715,84.83491555282048,0.015392108624967347
TYS-ORD,TYS,ORD,400,0.26333905056118967,0.2625,64.61361056804657,0.015088912005149672
PHL-AUS,PHL,AUS,199,0.26332898804889854,0.2864321608040201,58.08317657930767,0.011108418029682536
MIA-SEA,MIA,SEA,243,0.26306144512975166,0.21810699588477367,44.878346682575994,0.0061929764387634945
DFW-CHA,DFW,CHA,229,0.26300741641021713,0.4017467248908297,68.86355784886788,0.011240722219923425
ORD-GRB,ORD,GRB,383,0.2629806674024766,0.21409921671018275,55.71060974977657,0.01895746526853981
MIA-DCA,MIA,DCA,633,0.2628385748649472,0.3033175355450237,55.94116245438514,0.008648388071729024
PHL-SAT,PHL,SAT,108,0.26283128159465613,0.25925925925925924,63.03635938079269,0.012403602445764201
CVG-ORD,CVG,ORD,805,0.2626924936075388,0.22857142857142856,63.14222588864913,0.01461114465850261
DFW-JFK,DFW,JFK,335,0.262497843090278,0.43582089552238806,57.52437543726679,0.013578010840996167
PDX-HNL,PDX,HNL,154,0.262443692266167,0.4090909090909091,36.008784058806185,0.00812637455200251
MCO-ORF,MCO,ORF,123,0.2624373247589522,0.3821138211382114,57.445732264014765,0.012502368557904884
LGA-DCA,LGA,DCA,756,0.2623213227030146,0.32142857142857145,51.20931877787151,0.018210020179983723
DTW-SEA,DTW,SEA,423,0.2622461961868525,0.23167848699763594,48.038634487359516,0.006537011996569002
HOU-LGA,HOU,LGA,211,0.2621601377900743,0.4597156398104265,51.60601246187472,0.013219007914516632
DFW-IAH,DFW,IAH,922,0.26207768706172513,0.3872017353579176,53.91584488212933,0.011429142144884732
LAS-PSP,LAS,PSP,106,0.26207125946035925,0.29245283018867924,44.542051909104835,0.00783447125258873
ORD-LAX,ORD,LAX,1380,0.26196386600858057,0.3144927536231884,60.84363308574842,0.00704035212007148
MDW-SMF,MDW,SMF,162,0.26192089124226275,0.4567901234567901,39.94761223263211,0.007196088493290562
DFW-GRI,DFW,GRI,105,0.26192024179867335,0.3238095238095238,47.590951519920715,0.015550448525963085
ORD-TUL,ORD,TUL,372,0.2619085887106516,0.2849462365591398,54.85591138306484,0.012699929328620746
MDW-ROC,MDW,ROC,118,0.2618445533059411,0.4830508474576271,40.446051759234926,0.010803489029773922
FLL-CVG,FLL,CVG,206,0.2618401572108269,0.30097087378640774,55.37192107635794,0.008369732491789017
PBI-ISP,PBI,ISP,173,0.26152872643029756,0.23699421965317918,50.68444463696783,0.010348332650162754
SBP-SFO,SBP,SFO,180,0.2615242761042383,0.6388888888888888,47.65242502424452,0.010161009374084873
LAS-SFO,LAS,SFO,1049,0.2615111651053533,0.6005719733079123,57.145917482439735,0.005294624379989045
PHL-MCI,PHL,MCI,174,0.26145522005256566,0.29310344827586204,59.45295038990591,0.011711325616688355
DFW-IDA,DFW,IDA,120,0.2613661836832762,0.2,71.68781935373941,0.013458696155508688
DFW-DEN,DFW,DEN,1058,0.2611358471299277,0.387523629489603,53.96310172865206,0.01087574235079587
AVL-ORD,AVL,ORD,285,0.2609523051140601,0.22807017543859648,55.95126798529374,0.009758238433860242
DEN-MTJ,DEN,MTJ,243,0.26086958108370195,0.30864197530864196,58.59109239617493,0.004717906357321904
CLT-SJU,CLT,SJU,155,0.2607780981448389,0.2967741935483871,54.91629284274194,0.009899231673886951
RIC-DFW,RIC,DFW,175,0.2607166931458882,0.2857142857142857,57.429341408865795,0.012975994306099083
IAH-JFK,IAH,JFK,114,0.26050603337455214,0.5526315789473685,64.58460255673057,0.013843700246070512
IND-SEA,IND,SEA,120,0.2603400403012832,0.24166666666666667,46.73015802701314,0.01122485101222992
MIA-LAX,MIA,LAX,546,0.26029581051224315,0.2857142857142857,48.14108861322368,0.005839882851154967
LAS-TPA,LAS,TPA,200,0.2602579355239868,0.375,45.91246350288391,0.005250961845403241
MCO-BHM,MCO,BHM,138,0.2601944651940595,0.34057971014492755,51.07923484194106,0.006240300637935954
DFW-SLC,DFW,SLC,635,0.26017367510110373,0.38110236220472443,59.9406896546131,0.011318848582460997
PHX-TPA,PHX,TPA,182,0.26010274649648873,0.3901098901098901,44.5445891055432,0.006294059366305041
MCO-MKE,MCO,MKE,230,0.2600237635166749,0.34782608695652173,52.36766977310181,0.010205918378740936
ORD-SYR,ORD,SYR,350,0.2599751251935959,0.25142857142857145,71.05420266560145,0.01318829144213021
BNA-ORD,BNA,ORD,804,0.25994027432851236,0.2947761194029851,52.880001633914546,0.011280129577412649
MIA-MCO,MIA,MCO,529,0.25992109755402704,0.3572778827977316,59.56072200944608,0.006578064301706962
SJU-BDL,SJU,BDL,176,0.2598278049210256,0.3125,48.30682271177118,0.010992878859689652
AZO-DTW,AZO,DTW,224,0.259771599168224,0.16071428571428573,99.24616491794586,0.011207400641738724
JFK-HNL,JFK,HNL,116,0.25975901235280363,0.28448275862068967,47.01055378749453,0.011524841489562811
CLT-CLE,CLT,CLE,295,0.25974917669417497,0.3694915254237288,61.17523545733953,0.010560221521494289
MDW-MSP,MDW,MSP,257,0.2596286679056368,0.35797665369649806,44.90652866586173,0.008809117261659016
BOS-DCA,BOS,DCA,1416,0.25962281226059475,0.2874293785310734,59.1052148672147,0.014457775323161205
DTW-MKE,DTW,MKE,244,0.2596215725433631,0.22950819672131148,68.18642363001089,0.008445136857429338
DFW-COS,DFW,COS,355,0.2595636382069386,0.38873239436619716,51.4789456488381,0.013339007287388564
ABE-ORD,ABE,ORD,168,0.25938743889509214,0.2619047619047619,58.602737790062314,0.014465845528651367
JFK-DCA,JFK,DCA,368,0.25928737617948133,0.3423913043478261,60.41201091330984,0.01703490732740033
LAS-MKE,LAS,MKE,167,0.2592378497391404,0.3772455089820359,42.28884694676199,0.004547401256078553
PHL-PWM,PHL,PWM,111,0.25914002552225784,0.24324324324324326,58.267426499375354,0.010985473805139291
CHS-DCA,CHS,DCA,274,0.25902317562242494,0.32116788321167883,61.80392163687379,0.015284595023904455
LGA-DEN,LGA,DEN,744,0.2588071822919833,0.353494623655914,59.17700927360084,0.013873546742565725
ORD-MEM,ORD,MEM,467,0.2587441531442728,0.30620985010706636,65.55508937059685,0.01381798611531399
DFW-MSP,DFW,MSP,586,0.25861357719519845,0.3703071672354949,62.12125036252643,0.010603715513910478
SBN-ATL,SBN,ATL,171,0.2586023214964839,0.24561403508771928,93.17142419647752,0.01390020094279732
CLT-ABE,CLT,ABE,114,0.2585743478777116,0.43859649122807015,38.962464667203136,0.017704347412412367
RST-ORD,RST,ORD,173,0.2582670557016582,0.3699421965317919,76.22141757590234,0.018635391585201354
LGA-MIA,LGA,MIA,855,0.2581763206953891,0.30760233918128654,61.980129801878455,0.014386000410610285
SJU-EWR,SJU,EWR,327,0.25800192932561267,0.26605504587155965,51.42007623608324,0.015108193500985414
BNA-BOS,BNA,BOS,531,0.2579503896630416,0.3502824858757062,51.248624652568004,0.010116726535637556
RSW-CLE,RSW,CLE,130,0.25785904549635374,0.17692307692307693,64.23229111891527,0.008858773544597538
BOS-CHS,BOS,CHS,196,0.2578511190201555,0.20918367346938777,59.358830383845735,0.01203244994956874
HNL-SMF,HNL,SMF,121,0.25776511282960246,0.24793388429752067,47.67648867142102,0.003704023215400635
CLT-JFK,CLT,JFK,297,0.2577565248165066,0.3265993265993266,48.43621264242564,0.012781734267369874
DEN-ORD,DEN,ORD,1051,0.25772300088950045,0.32825880114176975,56.71437028654409,0.005664022099504401
GRB-ORD,GRB,ORD,384,0.257569281248531,0.1875,63.616536711653076,0.01483617380879183
STL-DCA,STL,DCA,374,0.2575276283457636,0.3502673796791444,50.24472509985939,0.01050052500097081
DTW-IND,DTW,IND,172,0.25750588530371354,0.09883720930232558,65.89004631929619,0.008427415303019591
DCA-PBI,DCA,PBI,233,0.2574360459211558,0.26180257510729615,51.87312770401459,0.012230593056949648
ORD-ALB,ORD,ALB,410,0.25740614113647764,0.22926829268292684,56.31561834754014,0.013851157046087524
ORD-ANC,ORD,ANC,291,0.2573699920959899,0.2852233676975945,53.17057915651512,0.011615606855159088
MIA-TPA,MIA,TPA,454,0.2573323200091654,0.32819383259911894,55.66477424982886,0.007683431912576311
FLL-ATL,FLL,ATL,1109,0.25729986478056427,0.3047790802524797,60.96663623376404,0.009979842842112894
CLE-DFW,CLE,DFW,276,0.2570695593629194,0.2971014492753623,58.44203069935674,0.013302684540150466
ORD-CHS,ORD,CHS,380,0.2570562357377065,0.20526315789473684,51.49344415162739,0.012564776957361508
PHL-ORD,PHL,ORD,926,0.2569334248873379,0.3045356371490281,60.48096354630802,0.014216495567789153
ATW-DTW,ATW,DTW,181,0.25690114193529057,0.17679558011049723,90.66654024071457,0.012767445802423961
SEA-LIH,SEA,LIH,183,0.2568024782046594,0.26229508196721313,57.95313200403432,0.005515434501865685
JFK-DEN,JFK,DEN,261,0.25669294972529355,0.2835249042145594,57.66847733245499,0.010959644427543118
HOU-FLL,HOU,FLL,148,0.25661382562405355,0.3783783783783784,50.68196125288267,0.005215424019218292
PHL-MDW,PHL,MDW,280,0.25656063591263123,0.29285714285714287,46.293250240598404,0.014435049982379117
LGA-PBI,LGA,PBI,411,0.2565490637890034,0.25790754257907544,58.481328309887516,0.01603660690270854
ORD-TPA,ORD,TPA,420,0.2564722613387165,0.2714285714285714,60.75837418692453,0.008810826918040457
BGR-LGA,BGR,LGA,109,0.2564350015253102,0.26605504587155965,58.403590806033634,0.01703701610474483
ORD-STL,ORD,STL,593,0.2561457010636241,0.2596964586846543,55.081805784022826,0.012931466651822139
ANC-DFW,ANC,DFW,119,0.2560632713452107,0.226890756302521,69.43574826857623,0.010646183547548583
SAN-BOS,SAN,BOS,406,0.25591035897435227,0.2881773399014778,53.099642899236066,0.014067629822361542
ISP-PBI,ISP,PBI,168,0.2558871770188922,0.19047619047619047,56.68297978809902,0.012269387171434902
DVL-DEN,DVL,DEN,104,0.25583714017501247,0.22115384615384615,65.5376798923199,0.012470678408585843
BOS-ORD,BOS,ORD,1471,0.2557804738225214,0.2522093813732155,58.49327436521052,0.013736996079387609
BNA-DCA,BNA,DCA,686,0.255744271279033,0.3746355685131195,50.15621790454965,0.012014998300910865
ORD-IND,ORD,IND,840,0.2557268536960085,0.22738095238095238,69.3518841561817,0.016164716814526255
MDW-BOS,MDW,BOS,288,0.2556940005160868,0.3854166666666667,47.488183031479515,0.015002921939555073
ORD-SGF,ORD,SGF,274,0.2555471308474993,0.20802919708029197,64.94241403315189,0.011689389271732048
MDW-DCA,MDW,DCA,336,0.2555268534148733,0.3244047619047619,48.05738649197987,0.01089677207103321
DFW-LNK,DFW,LNK,110,0.25546312928199766,0.3090909090909091,80.76047644181685,0.014289495222077802
JFK-BUF,JFK,BUF,211,0.2553896095374184,0.33175355450236965,69.56944936598647,0.016172278387672153
DTW-BOS,DTW,BOS,440,0.2553337406028401,0.3090909090909091,61.63617247884924,0.011364316109157535
BNA-RSW,BNA,RSW,123,0.2553307589718966,0.5365853658536586,40.52846534077714,0.00613122597730499
ORD-FLL,ORD,FLL,444,0.2553299408372458,0.2747747747747748,56.926711514189435,0.011265001015118138
DEN-LGA,DEN,LGA,737,0.2552847797341716,0.37991858887381275,54.69520156451449,0.01422302320338132
ORD-CLT,ORD,CLT,826,0.2552531322252375,0.27602905569007263,57.360115390712934,0.01104466746846864
DCA-STL,DCA,STL,377,0.2552529640634117,0.3740053050397878,48.014967561716745,0.011465690383013694
SEA-KOA,SEA,KOA,241,0.25492220616192246,0.21991701244813278,48.00503996694731,0.008965643987044263
DFW-LAW,DFW,LAW,175,0.2549147779600961,0.25142857142857145,64.60280141557966,0.0150253150241645
ROC-ORD,ROC,ORD,413,0.25480995518459826,0.20823244552058112,65.58370839135121,0.0134543061066209
MSP-OMA,MSP,OMA,290,0.25480725004755217,0.2482758620689655,69.96820501130203,0.00827227525022585
ORD-RDU,ORD,RDU,640,0.2547715816530399,0.2734375,63.88851433992386,0.013559888553398545
MIA-MCI,MIA,MCI,185,0.2546731550548528,0.31351351351351353,50.69080031111434,0.007567155080284664
ORD-PIT,ORD,PIT,723,0.2546685109865616,0.2697095435684647,56.00719470502925,0.01032060208230816
PHL-JAX,PHL,JAX,304,0.2544827937442613,0.2894736842105263,68.45663019230491,0.012671904121008184
ATL-SFO,ATL,SFO,616,0.25436780734785963,0.44155844155844154,53.25983522464703,0.006834211979727238
DEN-PSP,DEN,PSP,183,0.2542121231637366,0.3879781420765027,42.30883103250806,0.006691067909587765
EWR-FLL,EWR,FLL,541,0.2541317984792309,0.18484288354898337,53.3597692218153,0.012985588199543681
LGA-HOU,LGA,HOU,211,0.2540747020834995,0.2985781990521327,49.93261658184901,0.013460563634636631
HSV-DCA,HSV,DCA,200,0.25406535029411315,0.285,62.88161165237427,0.014115814634143763
ORD-SPI,ORD,SPI,117,0.25404454220054495,0.21367521367521367,58.91145028008355,0.017735212575644255
DFW-AGS,DFW,AGS,123,0.2538122233094239,0.3902439024390244,87.19883907907378,0.017078243996365927
VPS-DFW,VPS,DFW,250,0.25380122259259225,0.428,63.197244018554684,0.010352082502168531
MIA-ATL,MIA,ATL,1021,0.25372273975529,0.30754162585700295,55.03196075917691,0.009149731652618329
DEN-TYS,DEN,TYS,221,0.25365603030806755,0.22624434389140272,38.433371064889485,0.007617101989838198
JAX-ORD,JAX,ORD,390,0.25362576112533225,0.24615384615384617,62.24573082068028,0.01117542010466874
DFW-DRO,DFW,DRO,306,0.25362153813924665,0.238562091503268,61.85353925493028,0.01467416949200038
ORD-PWM,ORD,PWM,295,0.2534358327671633,0.2542372881355932,56.195497558076504,0.012781402009127082
MDW-ICT,MDW,ICT,120,0.25343454057971637,0.31666666666666665,42.89796487490336,0.008190871863320593
DCA-ORD,DCA,ORD,1217,0.2533308527904548,0.2736236647493837,51.32690357515434,0.013401090030375625
MCO-SEA,MCO,SEA,300,0.253267201234897,0.25333333333333335,45.98702579498291,0.007612657418863627
TPA-SJU,TPA,SJU,348,0.25325374009794205,0.3074712643678161,60.627553795946056,0.00995862882494631
DFW-AUS,DFW,AUS,792,0.2531255463683846,0.3686868686868687,51.72979990882103,0.013192010808627976
SBN-DFW,SBN,DFW,175,0.25306094229221343,0.24,89.53077850341796,0.01546336926397059
MSN-DCA,MSN,DCA,194,0.2530390683215918,0.29896907216494845,66.26345545975204,0.015548645480271054
PBI-LGA,PBI,LGA,408,0.25297416856183724,0.27205882352941174,63.41013900088329,0.016107827872713677
ATL-BOS,ATL,BOS,915,0.2529217857806409,0.30601092896174864,55.96022358253354,0.011849820440359876
BWI-IND,BWI,IND,229,0.25282957014428475,0.32751091703056767,34.39449134976583,0.005851288687821494
DAL-TPA,DAL,TPA,214,0.2527787984113827,0.397196261682243,39.806691285605744,0.00750291480704449
DEN-SFO,DEN,SFO,1004,0.25275944008592116,0.5826693227091634,50.518789240088594,0.004139628250933518
ORD-BDL,ORD,BDL,409,0.2527587119954431,0.254278728606357,55.095524183986825,0.014535648604912733
JFK-RDU,JFK,RDU,334,0.2527318338077225,0.36227544910179643,53.24170110896676,0.016720737250579987
DEN-HDN,DEN,HDN,241,0.2526477791709029,0.35684647302904565,62.468683203226306,0.004510277964140254
RSW-BNA,RSW,BNA,123,0.252639850404689,0.2601626016260163,41.98786687463279,0.007267999776353639
PHL-CVG,PHL,CVG,265,0.2526270652717015,0.2679245283018868,59.8317272474181,0.014066804953395053
BOS-PDX,BOS,PDX,208,0.2526095515976732,0.22596153846153846,46.12329203348894,0.013297600992197215
BOS-BNA,BOS,BNA,530,0.25260947483046997,0.36792452830188677,59.10547264027146,0.009727728720822488
BOS-SAN,BOS,SAN,407,0.2525713367236627,0.27764127764127766,55.391767382328865,0.011356367407568606
MCO-STL,MCO,STL,423,0.25254128950848365,0.30260047281323876,45.73254185196356,0.006920273441492634
TVC-BOS,TVC,BOS,140,0.25240507807050433,0.21428571428571427,59.87372305733817,0.01597234609329866
FLL-DFW,FLL,DFW,555,0.25240378708721284,0.34054054054054056,67.51992927585636,0.011619906824088592
JAX-BOS,JAX,BOS,281,0.25227335652210536,0.24199288256227758,69.65404359131945,0.016044662644465763
CVG-DFW,CVG,DFW,266,0.2522464320623785,0.3383458646616541,67.785883867651,0.011695353371231891
DTW-LEX,DTW,LEX,114,0.2522415650779741,0.2982456140350877,61.84890650029768,0.010886421808491236
SJU-FLL,SJU,FLL,405,0.25223992698722414,0.23209876543209876,54.687779419510456,0.01119016531700027
MKE-LGA,MKE,LGA,198,0.25223452770950816,0.16666666666666666,50.105626318189834,0.018611168446718836
BNA-SEA,BNA,SEA,356,0.25217636888114253,0.33146067415730335,43.41509690445461,0.005935835773614106
ORD-SAT,ORD,SAT,341,0.2521581551021844,0.3460410557184751,60.29167236820344,0.012416504077422856
ATW-ORD,ATW,ORD,338,0.25213153314220127,0.21893491124260356,75.1505966525106,0.018144385075266008
ATL-EWR,ATL,EWR,952,0.2520570664142235,0.34663865546218486,59.119478123528616,0.013514417631653288
PHL-PIT,PHL,PIT,222,0.2520541470195796,0.28378378378378377,57.232218742370605,0.011017948060118138
FLL-JFK,FLL,JFK,542,0.252001112787486,0.2878228782287823,60.56072136748761,0.014482975284393454
DCA-MEM,DCA,MEM,157,0.2519526561354376,0.35668789808917195,50.66943619357553,0.015456713045593994
CLT-DAY,CLT,DAY,226,0.25191393837464593,0.41150442477876104,64.60063784101368,0.012494630919638695
ORD-LAS,ORD,LAS,796,0.25183362507228574,0.30025125628140703,56.93390197729945,0.006516955932887968
FSD-DFW,FSD,DFW,174,0.2518065132457635,0.29310344827586204,71.25999262141086,0.015159245176179396
SAN-SFO,SAN,SFO,1237,0.2517052143450793,0.6111560226354082,48.55349327309438,0.008817552688430205
LGA-CHS,LGA,CHS,241,0.25164564936982153,0.25311203319502074,50.87367812825436,0.017023040326525463
CLT-GSP,CLT,GSP,219,0.2516233356984239,0.4611872146118721,57.35770877855553,0.014232023989149769
JFK-ROC,JFK,ROC,108,0.25161194511585766,0.3611111111111111,60.08213060873526,0.015436639673397189
ORD-MDT,ORD,MDT,356,0.251597955906659,0.27808988764044945,55.044795341706006,0.01359437563411531
LGA-MCI,LGA,MCI,322,0.25157632808322494,0.33229813664596275,57.22569656964414,0.014995728608598744
DTW-TVC,DTW,TVC,194,0.25144468712591633,0.30927835051546393,77.713241655802,0.012076106254741474
HNL-PDX,HNL,PDX,155,0.2513816403765832,0.2,49.414157750529625,0.007957184991727654
DFW-ONT,DFW,ONT,415,0.2513711415500526,0.3614457831325301,60.20470706066453,0.009946206608734463
COS-ORD,COS,ORD,171,0.25134015780443336,0.2573099415204678,62.03824653402407,0.010520011685340782
DEN-SBA,DEN,SBA,172,0.2512038343174513,0.45930232558139533,41.21983748813008,0.003633336629718542
LGA-TPA,LGA,TPA,366,0.25116163048425005,0.27049180327868855,55.54332121082994,0.014140010355428482
LGA-ORF,LGA,ORF,139,0.2511506248935521,0.2733812949640288,62.86695713619534,0.018105424319704373
STL-BNA,STL,BNA,220,0.25103377638892693,0.29545454545454547,37.295901103453204,0.0059134813104967845
DTW-PVD,DTW,PVD,161,0.25101914650164775,0.22981366459627328,75.04103768390158,0.015960871095232892
FLL-CLE,FLL,CLE,240,0.25097082313150165,0.2375,62.46480011145274,0.011339106190025927
ORD-AVL,ORD,AVL,291,0.2509154805407901,0.27835051546391754,67.2903908470652,0.010870648815530962
AVL-PIE,AVL,PIE,104,0.2507647838300237,0.2692307692307692,58.550874068186836,0.007416612954278077
GSP-ORD,GSP,ORD,328,0.25076196542600304,0.2347560975609756,65.10850120753777,0.01730732154918083
BOS-MDW,BOS,MDW,285,0.25049232775182056,0.3333333333333333,59.372176515010366,0.012485566099180657
CLT-ORD,CLT,ORD,816,0.25046369007003366,0.2928921568627451,53.431369523207344,0.012849572618656298
MCI-ORD,MCI,ORD,728,0.2502343603972714,0.2239010989010989,52.414554809475995,0.011861047506886813
DAL-LAX,DAL,LAX,285,0.2501955916614909,0.4456140350877193,39.490132915764526,0.006312886076145367
CLT-AUS,CLT,AUS,240,0.25016946541145446,0.3416666666666667,50.003674300511676,0.009284271199750825
DTW-MCO,DTW,MCO,471,0.2501660429115255,0.2526539278131635,56.063486670232884,0.0061098051320489805
MHT-ORD,MHT,ORD,174,0.25015765822481834,0.1206896551724138,41.62917270879636,0.01168133217403716
ORD-IAD,ORD,IAD,420,0.24999014985348497,0.19285714285714287,52.657807554517476,0.008415621496024301
ORD-EVV,ORD,EVV,107,0.2499795139671486,0.205607476635514,59.89560164692246,0.020140388526585923
CLT-SEA,CLT,SEA,296,0.24997169594909693,0.375,42.28342386194178,0.007139139148372074
CLE-PHX,CLE,PHX,180,0.2499252621498373,0.2722222222222222,48.29253923628065,0.009385305506985079
PHL-SAN,PHL,SAN,179,0.24985720433669384,0.24581005586592178,56.464326474919666,0.011905294494408239
DTW-DFW,DTW,DFW,579,0.24973915987012713,0.2849740932642487,60.62873587007144,0.010797580928086817
DCA-MCI,DCA,MCI,305,0.24964536890143255,0.3836065573770492,49.64735340993912,0.012235934172857958
SDF-DFW,SDF,DFW,337,0.2496217412968064,0.3026706231454006,60.34972775513057,0.013655981882646806
LGA-TUL,LGA,TUL,105,0.24959079311007545,0.26666666666666666,49.46062878199986,0.01693948636060221
PIT-LAX,PIT,LAX,121,0.24951171148414455,0.2396694214876033,54.18865809164757,0.007641101692810901
BNA-SFO,BNA,SFO,213,0.2494266497697069,0.4460093896713615,45.81028927547831,0.006338293891623273
PIE-TYS,PIE,TYS,101,0.2494100425207969,0.26732673267326734,50.16369088805548,0.009507048738134257
DFW-BWI,DFW,BWI,251,0.24940495564049459,0.398406374501992,51.149836878377606,0.012595980224543085
MCO-ALB,MCO,ALB,132,0.24929608534457107,0.30303030303030304,52.61085599119013,0.009440312384289096
GSP-DFW,GSP,DFW,229,0.24915890161387264,0.28820960698689957,49.77785661855639,0.013573014216349464
DCA-PIT,DCA,PIT,226,0.24915056194351837,0.336283185840708,47.778313282316766,0.014361756523597802
DEN-TUS,DEN,TUS,281,0.24908214482707486,0.3736654804270463,42.963535315625606,0.0033642909268995647
IND-DTW,IND,DTW,172,0.24899213301927545,0.11627906976744186,71.82485476205515,0.00880428671235825
MIA-EWR,MIA,EWR,513,0.2489134034697424,0.3333333333333333,56.10888480861285,0.012203251264802767
FAR-DEN,FAR,DEN,276,0.24888815865784453,0.2391304347826087,74.28556581856547,0.008467819568590136
HOU-TPA,HOU,TPA,166,0.24886845418038855,0.3493975903614458,44.482099619256445,0.005430905269681961
JFK-CHS,JFK,CHS,103,0.2488662208457595,0.36893203883495146,63.21832951295723,0.015566617442864524
DFW-SJC,DFW,SJC,182,0.24886121993863974,0.34065934065934067,53.80793988573682,0.0077286711440899885
CHA-DFW,CHA,DFW,222,0.24879857615844622,0.32432432432432434,61.82280856639415,0.011079941763226957
DFW-MEM,DFW,MEM,385,0.2486110844588899,0.3948051948051948,51.52482577237216,0.012172325925689332
ORD-ABE,ORD,ABE,170,0.24852869650896858,0.2411764705882353,64.00413975435144,0.014785365004218736
PHX-CLE,PHX,CLE,180,0.24846937946147388,0.2388888888888889,48.81872161229452,0.006151023889423569
DCA-ILM,DCA,ILM,158,0.24841215640683717,0.2974683544303797,58.713181254229966,0.019481116970408857
DEN-BUR,DEN,BUR,362,0.2482428841951473,0.3701657458563536,45.41041062813437,0.004005586210373295
DCA-LAX,DCA,LAX,233,0.2482237828008095,0.30472103004291845,49.215590767594364,0.007491730024102936
BOS-SFO,BOS,SFO,987,0.24820839965446137,0.39918946301925023,55.53222318743983,0.009797556442323737
HNL-DFW,HNL,DFW,121,0.24819756798015152,0.06611570247933884,50.47119846816891,0.010261045730688045
ROC-DCA,ROC,DCA,155,0.24817550614956888,0.33548387096774196,59.89892655649493,0.01586473125686077
SAN-LAS,SAN,LAS,757,0.248155994623742,0.34081902245706736,46.792540977936596,0.006214870331575493
BOS-LGA,BOS,LGA,1233,0.24812878322064733,0.24330900243309003,53.78200339884267,0.018283097810732823
ORD-ATL,ORD,ATL,1141,0.2480465586213142,0.26818580192813324,61.69588807630079,0.011965185279451028
DFW-GSP,DFW,GSP,230,0.2480070714717326,0.33043478260869563,53.373397130551545,0.01173233280979315
LAX-SFO,LAX,SFO,2188,0.24777049448688462,0.5438756855575868,48.32016546198829,0.005283899227414546
DFW-TUL,DFW,TUL,459,0.2475850175181505,0.3355119825708061,48.72323416624713,0.01130744173360462
DAL-LIT,DAL,LIT,174,0.24746164726628656,0.4942528735632184,40.00965252141843,0.006438608702818124
PHX-COS,PHX,COS,174,0.24745989680804056,0.3735632183908046,35.39383027197301,0.0042462866745311125
SEA-MIA,SEA,MIA,240,0.24745556358247994,0.19166666666666668,55.219308241208395,0.006612495108904531
PHL-BNA,PHL,BNA,496,0.24744826325425698,0.30443548387096775,56.008850028437955,0.011703132857420761
JFK-BNA,JFK,BNA,174,0.24736626480502644,0.3103448275862069,53.54668400205415,0.01430390465078015
STL-FLL,STL,FLL,137,0.2473098482855045,0.30656934306569344,40.64900878572116,0.005128452754885393
GRR-DEN,GRR,DEN,225,0.24730551027589373,0.29777777777777775,51.10436672634549,0.004033082387618849
DCA-AVL,DCA,AVL,110,0.2472141534090042,0.43636363636363634,58.394986846230246,0.014767862225243868
MCO-MSY,MCO,MSY,399,0.24718332275710905,0.3007518796992481,45.70249597052285,0.007097380474961298
DCA-JAX,DCA,JAX,216,0.24705034663417824,0.2962962962962963,52.30241968013622,0.012450624279216187
HHH-ORD,HHH,ORD,117,0.24697975406789371,0.3162393162393162,50.30300583798661,0.01578700130225205
MSP-SJC,MSP,SJC,113,0.24689691454435872,0.26548672566371684,45.86574606768853,0.004540365747903196
JFK-DTW,JFK,DTW,214,0.24677045803482286,0.32710280373831774,58.29923351680007,0.012852485769110012
MCO-PIT,MCO,PIT,401,0.24676821142100633,0.2967581047381546,44.29452748072712,0.0069861185776143525
MIA-PHL,MIA,PHL,571,0.24670738493289715,0.29772329246935203,57.12308372090034,0.009614866479499863
LAS-BOS,LAS,BOS,191,0.24667482499364782,0.27225130890052357,67.00512040223127,0.011217931321320625
STL-MCO,STL,MCO,430,0.24661761837643245,0.2558139534883721,50.41215548847997,0.005658018080477064
FAT-SFO,FAT,SFO,183,0.2465000445725488,0.48633879781420764,48.5611440731528,0.011717961078173801
PIA-DFW,PIA,DFW,171,0.2464448962992395,0.27485380116959063,60.69236683984946,0.01657767084737619
MCO-BWI,MCO,BWI,721,0.24641869668739017,0.31622746185852985,45.840386376136216,0.009182727804030986
MSP-GRB,MSP,GRB,183,0.24638385004033156,0.16393442622950818,47.86388339892111,0.013325093375121961
BNA-LGA,BNA,LGA,548,0.2463218944731855,0.3704379562043796,48.173421915430225,0.015082995953998264
STL-SFO,STL,SFO,122,0.2462975581283452,0.7786885245901639,53.817634809212606,0.005170273364590267
DDC-DEN,DDC,DEN,103,0.246284456652345,0.33980582524271846,59.99487456534673,0.006403637007765826
RIC-BOS,RIC,BOS,282,0.24626288563013077,0.24822695035460993,57.327589244707255,0.016186214191839098
LAS-OAK,LAS,OAK,564,0.2462545742102443,0.30851063829787234,45.430194379590084,0.004598767232495995
LGA-RDU,LGA,RDU,270,0.24625054813093608,0.26666666666666666,53.726930914984806,0.01821854144051207
DEN-RIC,DEN,RIC,188,0.2462458686625704,0.3723404255319149,39.45499119860061,0.006428658088826865
EWR-BNA,EWR,BNA,333,0.2462096800048788,0.3063063063063063,54.335111534989274,0.014354137848291931
CLT-MKE,CLT,MKE,167,0.24615100507964632,0.39520958083832336,59.33156638231106,0.009180445529041235
JFK-PHX,JFK,PHX,496,0.24612737636292173,0.2782258064516129,48.07768649824204,0.011550255743358499
LAS-DAL,LAS,DAL,464,0.24598564138507534,0.3879310344827586,46.120238016391625,0.00671945425649213
ILM-ORD,ILM,ORD,171,0.2459393473047959,0.2807017543859649,57.03339274445472,0.012378484037305628
BOS-TPA,BOS,TPA,402,0.24591042879802077,0.27114427860696516,57.66106789147676,0.010593354068518681
DAL-MDW,DAL,MDW,405,0.245891927762164,0.43209876543209874,40.702350764804414,0.011334003785722205
DFW-ELP,DFW,ELP,430,0.24588493254295615,0.3372093023255814,45.916508488322414,0.011299698479482038
AUS-LAS,AUS,LAS,506,0.2458676058916824,0.3893280632411067,44.36585222591054,0.0039590963174421815
MIA-MSP,MIA,MSP,185,0.24565273217252784,0.24324324324324326,50.34927640863367,0.0068995429888888396
CLT-BUF,CLT,BUF,183,0.2456188503184605,0.2896174863387978,58.4141228889507,0.00939576834966631
DAY-DCA,DAY,DCA,139,0.24561379163814107,0.2517985611510791,82.93986374011142,0.016501471337756056
SEA-BOS,SEA,BOS,581,0.24557847339858696,0.31669535283993117,48.03381024621645,0.013061076039526644
MDW-MKE,MDW,MKE,119,0.245524657185839,0.3025210084033613,41.63594465496159,0.013534400028130803
BNA-SAN,BNA,SAN,199,0.24546824096135758,0.4221105527638191,39.853175644898535,0.004020001787818668
GRR-PHL,GRR,PHL,142,0.24538425345655898,0.23943661971830985,50.67853793291978,0.011431013782337112
BLV-VPS,BLV,VPS,102,0.24537748901867398,0.47058823529411764,65.71649463503968,0.004759496914070601
DCA-LAS,DCA,LAS,120,0.24533555638045074,0.4166666666666667,47.360540056228636,0.007156504593281584
PHL-BHM,PHL,BHM,110,0.24530213529413397,0.34545454545454546,44.822113800048825,0.013996356304307452
ASE-DEN,ASE,DEN,464,0.2452890752525679,0.3168103448275862,74.5104570142154,0.01775230707240448
DEN-MSY,DEN,MSY,324,0.24518062645730412,0.32407407407407407,41.3596245477229,0.003694119051832593
OAK-SAN,OAK,SAN,590,0.24493385956196462,0.42033898305084744,46.00233897758743,0.0037466111727786386
MBS-DTW,MBS,DTW,224,0.24490805585602565,0.15625,81.21005734375545,0.009733472048537806
MSP-XWA,MSP,XWA,172,0.24485925663002703,0.19186046511627908,70.49430871564289,0.011842394311513219
CLE-MIA,CLE,MIA,172,0.24470118567520796,0.19767441860465115,50.126050638598066,0.013509087700418435
IAH-BOS,IAH,BOS,388,0.24460838059174647,0.3634020618556701,56.360191291140524,0.011826069705347796
ATL-TPA,ATL,TPA,1059,0.24458203421126457,0.3059490084985836,46.12157259716866,0.008516586589016165
MDW-PHL,MDW,PHL,278,0.24451407565058564,0.27697841726618705,35.79086084503064,0.010656379399285333
MLI-ORD,MLI,ORD,357,0.24445366694563242,0.21288515406162464,63.07929921617695,0.015932991789464227
FLL-HPN,FLL,HPN,114,0.24439978821758637,0.23684210526315788,58.81174375299822,0.01032410137856207
RDU-PHL,RDU,PHL,483,0.2443197281186625,0.2981366459627329,57.76082364273861,0.012747454670184821
ORD-HPN,ORD,HPN,279,0.24422803473088048,0.24014336917562723,60.51458465412099,0.014799419929415492
DEN-CHS,DEN,CHS,117,0.24416657441701645,0.3162393162393162,36.415110865209854,0.005259987983016013
DEN-IND,DEN,IND,474,0.2440846041080695,0.29535864978902954,44.75770047143542,0.0054055432456551365
DFW-OKC,DFW,OKC,583,0.24406695955051158,0.3379073756432247,44.985632173397526,0.012179579876438282
ORD-BMI,ORD,BMI,117,0.24403715477539942,0.26495726495726496,56.05836715046157,0.017312292594462632
EYW-CLT,EYW,CLT,175,0.24400984355381558,0.2571428571428571,55.01594896589007,0.012423343501392414
MSP-BOS,MSP,BOS,345,0.24396381449440252,0.27246376811594203,58.11494530111119,0.008891152741184094
ORD-LSE,ORD,LSE,174,0.24389989057491565,0.25287356321839083,53.33566711688864,0.019072029765064273
OAJ-ATL,OAJ,ATL,173,0.2438216563421867,0.1791907514450867,64.78409108950224,0.016409490144302173
LAX-MIA,LAX,MIA,546,0.2437840068624133,0.2765567765567766,47.18082014719645,0.005139097559584092
DAL-ECP,DAL,ECP,183,0.24377679368837282,0.3879781420765027,36.84311029298709,0.007634064338698581
DCA-MSY,DCA,MSY,261,0.2437663674640016,0.34099616858237547,47.54445913468284,0.009957943450394345
RIC-LGA,RIC,LGA,336,0.243673562360484,0.19940476190476192,53.931378381592886,0.018953351324071756
PHX-PSP,PHX,PSP,238,0.24367297403201335,0.2857142857142857,44.10793249947684,0.010886491562290063
PHL-RSW,PHL,RSW,191,0.24365505244563387,0.2774869109947644,54.899735086251304,0.011097641811440033
MKE-DFW,MKE,DFW,173,0.24361500419633236,0.37572254335260113,57.335235066496566,0.011932270140904519
AUS-MCO,AUS,MCO,575,0.24360008114705914,0.34956521739130436,49.78131108491317,0.005407205734274581
PHX-BOS,PHX,BOS,298,0.24346278512837902,0.2953020134228188,56.31680299131662,0.010058294902818643
ORD-GSO,ORD,GSO,175,0.24339853397437505,0.18285714285714286,44.637489656720845,0.015468429875829833
DFW-SAF,DFW,SAF,306,0.24336239700418671,0.2549019607843137,57.16512114082287,0.015123921007365931
PHX-SAN,PHX,SAN,1051,0.24333308521590835,0.4005708848715509,48.61637584784278,0.006043841671891398
DSM-ORD,DSM,ORD,537,0.2432832137110957,0.2644320297951583,60.32791838832408,0.015273172019474339
PBI-DFW,PBI,DFW,174,0.2432422045746754,0.3563218390804598,58.83471826301224,0.010892393922044353
DEN-ELP,DEN,ELP,350,0.2432381750856127,0.38,43.112883881160194,0.004450544255824996
LAS-SBA,LAS,SBA,148,0.24322286877479102,0.25675675675675674,43.98366636843295,0.004356971301213407
ICT-ORD,ICT,ORD,339,0.243212788549848,0.23008849557522124,57.36296461887416,0.015646002284076366
BUF-ORD,BUF,ORD,408,0.2432081361538639,0.18872549019607843,63.23305846663082,0.014372747232962592
LGA-BNA,LGA,BNA,535,0.24317142957838897,0.27850467289719627,55.56200000192518,0.015248757276887475
MYR-EWR,MYR,EWR,108,0.24308630672317963,0.25,56.98891171702632,0.016308977614995862
DFW-HSV,DFW,HSV,372,0.24300951096079043,0.27419354838709675,53.81581720741846,0.010771457522775958
LIT-IAH,LIT,IAH,171,0.24299278959893345,0.32748538011695905,77.66202012000726,0.009613238936780314
PHL-LEX,PHL,LEX,115,0.24293298902718918,0.3826086956521739,59.9105668441109,0.016400066550728704
BOS-ROC,BOS,ROC,167,0.24276659169239911,0.20359281437125748,55.13598203373527,0.015914511499660354
PHL-BOS,PHL,BOS,856,0.24265915960526077,0.28154205607476634,62.40464409489498,0.01392102697243293
DFW-EWR,DFW,EWR,610,0.2426130347564572,0.3295081967213115,61.059923848949495,0.013864610633500484
HNL-ONT,HNL,ONT,119,0.24252122603043788,0.2184873949579832,40.19140959988121,0.0057068765828652045
PHL-LAX,PHL,LAX,471,0.24247799105072224,0.2823779193205945,54.40123426838286,0.008760484394908657
IAH-DCA,IAH,DCA,535,0.2423667668739212,0.35514018691588783,53.470617804126206,0.011758341775143665
MVY-LGA,MVY,LGA,171,0.2423457687186916,0.2046783625730994,49.46408706798888,0.016663834571631418
CAE-DCA,CAE,DCA,159,0.24225154209811733,0.3018867924528302,54.86925738112731,0.015515126578639009
BWI-CVG,BWI,CVG,117,0.24221242149161476,0.23931623931623933,29.370608794383514,0.00789420514321718
DCA-DAL,DCA,DAL,283,0.24219424481579355,0.40636042402826855,45.32414837186833,0.009620337907009486
CMH-ORD,CMH,ORD,896,0.24217351689834946,0.19084821428571427,53.35863452724048,0.01344453559427054
ORD-CWA,ORD,CWA,174,0.24213707455615888,0.19540229885057472,35.58157171052078,0.016222092069928414
ORD-BWI,ORD,BWI,464,0.242050940556259,0.28879310344827586,55.905533987900306,0.012944826921603009
LAX-HOU,LAX,HOU,225,0.24204575517111354,0.4177777777777778,43.94772838804457,0.003954628693560759
FLL-EWR,FLL,EWR,533,0.24201447617325506,0.2795497185741088,60.24704921894181,0.012908179332585661
ACK-JFK,ACK,JFK,125,0.24195864683389665,0.328,51.00205874633789,0.014998831718370614
BGR-ORD,BGR,ORD,236,0.24186063706243444,0.2033898305084746,75.21982649625357,0.010599286743958831
PHX-SFO,PHX,SFO,785,0.24185833495323825,0.5961783439490446,46.60892256961507,0.005438483493986008
MDW-SJC,MDW,SJC,119,0.24183917972220093,0.3865546218487395,44.95542266589253,0.007384075163594209
PHX-ANC,PHX,ANC,114,0.2418359155979073,0.35964912280701755,47.88946104886239,0.00674448294954405
DEN-PHL,DEN,PHL,648,0.24181464954888748,0.32253086419753085,46.290313026051464,0.00820165952547651
ECP-ORD,ECP,ORD,148,0.24174171786856008,0.3108108108108108,56.36300009650153,0.011042548448014528
MDW-BNA,MDW,BNA,304,0.2416682347385703,0.3190789473684211,39.80077304338154,0.01140607816858157
MQT-ORD,MQT,ORD,117,0.2416225949413756,0.23076923076923078,60.7001222137712,0.012301957780556356
LAS-AUS,LAS,AUS,504,0.24160993498350894,0.34523809523809523,43.233586536513435,0.003622714050308869
DEN-HOU,DEN,HOU,412,0.24160239688184076,0.3276699029126214,40.61858510971069,0.004382488933889025
LAS-MCI,LAS,MCI,321,0.24157726490794684,0.34579439252336447,45.4050914268256,0.0038699966285164374
PHL-SAV,PHL,SAV,181,0.24157109132129184,0.281767955801105,51.87688037176817,0.015773569734426597
RIC-DEN,RIC,DEN,188,0.24156955863408586,0.4574468085106383,55.22403752042892,0.005347918375350889
CLT-FLL,CLT,FLL,419,0.2414400571677167,0.3269689737470167,45.10399179754508,0.010144729616602401
IND-LAS,IND,LAS,250,0.24139068664610386,0.196,40.08288870048523,0.0055791703648865225
PHX-CMH,PHX,CMH,188,0.24138497957523833,0.35638297872340424,38.35991750879491,0.006412226819443179
RNO-SAN,RNO,SAN,261,0.2413397888399632,0.3716475095785441,48.91074633689676,0.01002727148024309
DAL-BNA,DAL,BNA,436,0.2412859264146024,0.4426605504587156,37.619257727894215,0.007514122034723683
HPN-PBI,HPN,PBI,224,0.24121748795732856,0.19642857142857142,70.32013198307583,0.014764007360029679
MKE-EWR,MKE,EWR,162,0.2411475728875325,0.24074074074074073,47.88438842914723,0.018229523939745768
SEA-OAK,SEA,OAK,396,0.2411162949759852,0.3005050505050505,40.15347196116592,0.008190932870145783
SMF-SAN,SMF,SAN,908,0.24111481611145094,0.3975770925110132,40.95999516579548,0.0047983009489824405
LAS-MCO,LAS,MCO,375,0.24109174491961796,0.4,51.34095102945964,0.005139502306701615
PHL-RDU,PHL,RDU,481,0.24104446459275025,0.3097713097713098,57.4059127680725,0.013976242700354751
AUS-HRL,AUS,HRL,163,0.2409664151127353,0.38650306748466257,40.31539765164896,0.005691460259940203
BWI-RSW,BWI,RSW,178,0.24095746669709012,0.3146067415730337,33.83557351787439,0.010410957858316921
DEN-MDW,DEN,MDW,401,0.24092550701148194,0.341645885286783,39.324557808569246,0.009291412877076763
HOU-SAN,HOU,SAN,175,0.24088359641177315,0.38285714285714284,37.72533757890974,0.004813846973702312
DTW-PHX,DTW,PHX,405,0.24071353302325732,0.254320987654321,48.376497899750134,0.0058350396116022205
LGA-MDW,LGA,MDW,380,0.24071182716441783,0.3473684210526316,51.24668314582423,0.015807713038004417
LAS-BOI,LAS,BOI,184,0.2407073319039267,0.41847826086956524,37.13712050603784,0.003077459999274098
CLT-GRR,CLT,GRR,180,0.24070370313194062,0.3277777777777778,61.1503172132704,0.010836337780507889
SEA-SFO,SEA,SFO,1288,0.24069251414527248,0.6296583850931677,43.20952994927116,0.006744741521857455
CLE-LAS,CLE,LAS,175,0.2406410722221647,0.25142857142857145,60.89389043535505,0.008975443737274344
DCA-MKE,DCA,MKE,213,0.24060427719298663,0.323943661971831,49.26265736700783,0.014101752605384741
PHL-MSN,PHL,MSN,163,0.24059786524143686,0.32515337423312884,57.43314920905178,0.015942145645577502
MDW-MSY,MDW,MSY,177,0.24056258890251656,0.3333333333333333,36.66092541258214,0.008607947453347548
ORD-LIT,ORD,LIT,331,0.2405510472296948,0.22054380664652568,62.53878602088398,0.014289579078631133
FLL-DTW,FLL,DTW,307,0.24052596317925748,0.2247557003257329,55.556444335838094,0.008133383597471292
MCO-HOU,MCO,HOU,370,0.24045088179409504,0.34054054054054056,50.02429545247877,0.006520193900913
LGA-ILM,LGA,ILM,167,0.24041888501472816,0.24550898203592814,63.679140993221075,0.019505568553467054
PHL-STL,PHL,STL,289,0.24040289612480514,0.25259515570934254,49.39588469205018,0.01024424245499501
GSP-LGA,GSP,LGA,131,0.24037665714516895,0.2595419847328244,55.50473947015428,0.018839434195887034
GRR-DTW,GRR,DTW,214,0.24033791906087199,0.1261682242990654,63.119208255660865,0.008917529847490314
CMH-MCO,CMH,MCO,288,0.24031412827834073,0.2638888888888889,53.236575335264206,0.007865732518531033
DFW-CLT,DFW,CLT,644,0.24028831984130491,0.3804347826086957,52.165350469743245,0.009167797310730136
EAU-ORD,EAU,ORD,100,0.24026376605033875,0.29,56.8888745880127,0.015536748759803317
IAH-LGA,IAH,LGA,654,0.24022429954796026,0.3287461773700306,55.40367854115431,0.014308767366275602
RNO-SEA,RNO,SEA,221,0.2401719762189356,0.248868778280543,48.561588201048146,0.009262504922099648
AMA-DEN,AMA,DEN,114,0.24015520735268006,0.22807017543859648,87.96670224373801,0.012419295219475763
SAN-DAL,SAN,DAL,277,0.240154409639887,0.3971119133574007,38.01499438371899,0.009456477390008053
DSM-DFW,DSM,DFW,230,0.24012422658826993,0.33043478260869563,64.06084327697754,0.015396392526237536
ISP-MCO,ISP,MCO,231,0.24010640308583453,0.26406926406926406,54.92497596905861,0.013093855672226358
CHS-JFK,CHS,JFK,103,0.2400820052739486,0.3592233009708738,68.95512612352094,0.016130151819776405
ROA-ORD,ROA,ORD,175,0.2398068618774414,0.24571428571428572,65.4863603428432,0.014014278049962442
SEA-SIT,SEA,SIT,121,0.23978158967061478,0.2809917355371901,38.002360572499676,0.005495112826360665
IND-MCO,IND,MCO,392,0.23977524730167826,0.2423469387755102,49.99669584692741,0.007734886202118804
DAL-DEN,DAL,DEN,520,0.23973371981141658,0.3557692307692308,43.086780968996194,0.006486040733267214
CLE-ORD,CLE,ORD,737,0.23965035267730259,0.24151967435549526,57.555246888863344,0.013755974321699966
SJU-MCO,SJU,MCO,1223,0.23956370024423276,0.2534750613246116,54.1296565569724,0.007671872218055889
MDW-SLC,MDW,SLC,113,0.23951828492953714,0.36283185840707965,45.617368900670414,0.008106829990681848
MCO-CVG,MCO,CVG,307,0.2394667716047663,0.30293159609120524,50.523312435088016,0.008315428555419016
HOU-LAX,HOU,LAX,225,0.23943070547448264,0.40444444444444444,35.15169357299805,0.0037064256482861107
CLT-VPS,CLT,VPS,224,0.23934535389500006,0.40625,44.19912075996399,0.009492381206376755
BOS-RIC,BOS,RIC,280,0.23926412859665497,0.18571428571428572,59.24419456209455,0.016240570114856977
SAN-HNL,SAN,HNL,287,0.2392557639537788,0.32752613240418116,47.6293325258049,0.0062868308075249
PVD-DTW,PVD,DTW,162,0.23919550973324127,0.2345679012345679,69.83372154942265,0.015678700894435366
PHX-GEG,PHX,GEG,222,0.23916609061730876,0.35585585585585583,41.927034111710284,0.006231445336772856
MSP-SAN,MSP,SAN,209,0.23916162293778653,0.22488038277511962,47.76718877947501,0.005675808953978297
RDU-ORD,RDU,ORD,625,0.23908710420131685,0.2736,53.86912088012695,0.013373372202856232
PHL-LAS,PHL,LAS,285,0.23904181405117636,0.3473684210526316,60.04458371881853,0.009963104932741199
EWR-MCO,EWR,MCO,762,0.23899355845579637,0.2204724409448819,57.722300712204984,0.01217611797968857
MDT-ORD,MDT,ORD,356,0.238948961489656,0.25,64.53767567538144,0.014631776371346562
DCA-CMH,DCA,CMH,335,0.23889608432107898,0.2716417910447761,47.422478080863385,0.015395338259457441
DEN-SAN,DEN,SAN,1062,0.2388650978268203,0.3531073446327684,46.10460051125277,0.004580418159139767
DCA-MIA,DCA,MIA,634,0.2386412253773739,0.2539432176656151,54.76973090788543,0.00938883686789941
AUS-PHL,AUS,PHL,199,0.23863628869829465,0.25125628140703515,60.944596007840715,0.009623345235371825
PVD-PHL,PVD,PHL,171,0.2386197489168909,0.24561403508771928,47.03190012703165,0.014814363290686064
TPA-DCA,TPA,DCA,333,0.2386134569798862,0.2702702702702703,51.667623265011535,0.00925019526558667
DTW-LGA,DTW,LGA,479,0.23861334508669899,0.2567849686847599,51.396878089188036,0.0166071368539598
SAN-SAT,SAN,SAT,118,0.2385448959924407,0.423728813559322,42.875570596274684,0.006661981084453296
DFW-SDF,DFW,SDF,341,0.238521709819693,0.3343108504398827,50.70448396912069,0.014286217534328908
SAT-SEA,SAT,SEA,121,0.23849545296066063,0.21487603305785125,49.862397028394966,0.011257433090051098
MCO-MIA,MCO,MIA,530,0.23847922692602536,0.29056603773584905,60.27328911187514,0.007335576496073062
HOU-MEM,HOU,MEM,154,0.23838068588407008,0.3181818181818182,43.283524240766255,0.00614312681025428
SEA-IND,SEA,IND,120,0.2383505874623855,0.24166666666666667,34.91801136334737,0.009701900565150108
BOS-DTW,BOS,DTW,441,0.23809987592960702,0.3310657596371882,58.46783994384904,0.01117434077061407
MDW-OMA,MDW,OMA,230,0.23808943658419277,0.3695652173913043,41.222204631307854,0.010205785421511302
DEN-ASE,DEN,ASE,448,0.2380868614418432,0.4017857142857143,74.01795022828239,0.01752645716860645
RDM-SFO,RDM,SFO,264,0.23808082119759286,0.5113636363636364,70.9747564648137,0.01192966960019098
SFB-ABE,SFB,ABE,111,0.23800950094654755,0.36936936936936937,47.562168568104234,0.006678177454919966
DEN-BHM,DEN,BHM,234,0.23800296753517583,0.3803418803418803,41.41396950452756,0.00384433269451194
LGA-GSP,LGA,GSP,131,0.23793076331378848,0.2824427480916031,54.17807166994983,0.01713621197598623
ORD-IAH,ORD,IAH,1052,0.2378789199367449,0.26901140684410646,60.529728936605125,0.008559526123127215
MIA-DFW,MIA,DFW,764,0.23782307520040666,0.28403141361256545,54.600542177080484,0.010469004287571188
GRR-EWR,GRR,EWR,177,0.2377953680053269,0.1864406779661017,58.315317013842915,0.015674148189524808
GRR-LGA,GRR,LGA,167,0.23778084750303966,0.19161676646706588,47.76387496765502,0.01852272884306413
CMH-BNA,CMH,BNA,208,0.23775403712016457,0.17307692307692307,36.22197405420817,0.008762989305138875
CLT-CVG,CLT,CVG,296,0.2377505122960822,0.3547297297297297,49.1422036789559,0.011158579318068011
MIA-SJU,MIA,SJU,431,0.23773651953847116,0.21345707656612528,48.1917082616182,0.008540374562338755
HOU-AUS,HOU,AUS,175,0.23772789755037851,0.3657142857142857,41.83784269605364,0.0037317394982727074
OAK-DEN,OAK,DEN,297,0.23770419584731461,0.3602693602693603,44.35559156205919,0.0028299669997358195
DFW-ICT,DFW,ICT,397,0.23769946687242546,0.30982367758186397,46.84806579186274,0.012010399551770414
DEN-HNL,DEN,HNL,120,0.23767650946974755,0.25833333333333336,44.60100377400716,0.0038893411353948053
SAN-HOU,SAN,HOU,173,0.2376244840766653,0.3872832369942196,38.69297684134776,0.005887714593804308
TPA-BNA,TPA,BNA,429,0.2375588262310395,0.2773892773892774,43.13839157366808,0.008181303100341378
MCO-SAT,MCO,SAT,193,0.23742852394753788,0.3005181347150259,55.999417001101634,0.008028249816071493
MSP-BIS,MSP,BIS,229,0.2374260646156869,0.16593886462882096,53.01779533786024,0.007820792076707786
AUS-ABQ,AUS,ABQ,171,0.2373696168917313,0.30409356725146197,42.442103134958366,0.0034778896315824674
SAN-EUG,SAN,EUG,170,0.2373471183811917,0.2411764705882353,53.732470411412855,0.009322079966591974
PHL-XNA,PHL,XNA,113,0.2373443679735724,0.2920353982300885,60.01186117661738,0.012515476126162732
DEN-FLL,DEN,FLL,195,0.23730086561961053,0.4461538461538462,42.7388665614984,0.0044191412388896335
OGG-KOA,OGG,KOA,244,0.23728431400949837,0.20901639344262296,34.41722101070842,0.005772685832496671
ECP-AUS,ECP,AUS,129,0.23724070064319197,0.31007751937984496,65.09031455461368,0.004786012900899373
LGA-CLE,LGA,CLE,193,0.23721576713681838,0.27979274611398963,49.0030281976097,0.0182360165325977
SIT-SEA,SIT,SEA,120,0.23718842640519142,0.175,44.16597766876221,0.007328645417802647
MDW-RSW,MDW,RSW,168,0.23713365099614575,0.31547619047619047,34.077046632766724,0.013583803988308057
PHL-GRR,PHL,GRR,140,0.23712713037218366,0.22857142857142856,60.25025149754116,0.016032945861010568
DEN-JAX,DEN,JAX,172,0.23709248716748038,0.36627906976744184,42.725615944973256,0.005661896321662637
DEN-EGE,DEN,EGE,181,0.2370753504788678,0.2265193370165746,53.29926271596666,0.003108886948781559
DFW-PVU,DFW,PVU,119,0.23704302573905273,0.226890756302521,60.638182728230454,0.01311655594112321
SJU-JAX,SJU,JAX,119,0.23696384948341787,0.2184873949579832,56.806600137918934,0.015802059284111193
MCO-TTN,MCO,TTN,106,0.23690653325251812,0.3113207547169811,55.08359070543973,0.01627956901422956
LAS-COS,LAS,COS,148,0.23681527753738132,0.2635135135135135,37.551828010662184,0.004597153727002945
DAL-OKC,DAL,OKC,121,0.23681276082253652,0.4380165289256198,41.78943544182896,0.009710048958964523
JFK-PWM,JFK,PWM,100,0.23665920093655587,0.39,50.02264030456543,0.011322319697312734
DCA-DTW,DCA,DTW,435,0.23650300108838354,0.3264367816091954,49.06911100628732,0.013360562299489656
FLL-TPA,FLL,TPA,160,0.23642465458251535,0.26875,57.79809831380844,0.008849578411654985
DFW-GJT,DFW,GJT,178,0.23637339313713351,0.20224719101123595,44.23275031400531,0.012194213613478855
DEN-CMH,DEN,CMH,320,0.2363411619560793,0.334375,44.57408609390259,0.006676165313050847
EWR-PBI,EWR,PBI,419,0.23630479552509676,0.22673031026252982,57.10065130629801,0.013072247850307707
MKE-DCA,MKE,DCA,217,0.23621473430488515,0.2903225806451613,52.95052854476437,0.01366385146915561
PHX-TUL,PHX,TUL,184,0.23616354333479767,0.375,43.8583242478578,0.005043450721448449
BWI-SFO,BWI,SFO,165,0.23615315344297524,0.5333333333333333,41.52593960617528,0.007414455356564462
DFW-HOU,DFW,HOU,318,0.23613448790128125,0.31446540880503143,49.959028558911015,0.01361754982551532
MDW-SAN,MDW,SAN,204,0.23611554868665396,0.39215686274509803,38.21359438989677,0.008390920258987179
TYS-DFW,TYS,DFW,328,0.23607621021659636,0.2865853658536585,63.556862458950135,0.016213884011901526
STT-MIA,STT,MIA,127,0.23592725842017828,0.16535433070866143,48.217848529965856,0.007832860473829967
LGA-DAL,LGA,DAL,267,0.23586147976167193,0.2883895131086142,49.017686390251704,0.01550634280244863
AUS-SJC,AUS,SJC,175,0.2358518671137946,0.41714285714285715,39.21669965744019,0.0027506840951074
DEN-MKE,DEN,MKE,479,0.23583693492823204,0.30062630480167013,51.927020196377114,0.005928863052082486
DFW-MGM,DFW,MGM,162,0.23583601704902118,0.2716049382716049,54.59995345127435,0.015067811951290961
CLT-BTV,CLT,BTV,158,0.2357459656799896,0.31645569620253167,51.14648862428303,0.011154758351657426
SEA-ANC,SEA,ANC,1379,0.23553043090082582,0.24437998549673676,38.67542320718966,0.008594826853620412
DEN-RSW,DEN,RSW,163,0.23549883131600596,0.25766871165644173,43.25289193837921,0.005327141153814694
ROC-MDW,ROC,MDW,117,0.23548451951171598,0.3076923076923077,43.42848629421658,0.009371395741940522
PHL-DEN,PHL,DEN,640,0.235420699918177,0.3453125,52.89061673507094,0.008221706918633786
ORD-JFK,ORD,JFK,370,0.23539212891781652,0.2702702702702703,56.132938900509394,0.016311137324648072
MCO-ORD,MCO,ORD,849,0.235371331909169,0.27326266195524146,60.70056004967931,0.010617987714677809
ORD-LAN,ORD,LAN,119,0.23531391352665523,0.20168067226890757,77.725257168297,0.016955190254222662
BOS-JFK,BOS,JFK,775,0.23528873330162417,0.3096774193548387,55.81444591276107,0.015844742367598322
ORD-DEN,ORD,DEN,1062,0.23521413888410436,0.2664783427495292,59.783080060603254,0.0065763920173903395
MCO-MCI,MCO,MCI,254,0.23517058194270285,0.3188976377952756,45.83665318376436,0.0077143749569122694
TPA-ORD,TPA,ORD,422,0.23516226958889533,0.2559241706161137,51.02081285042785,0.00916578903831367
SAN-PHX,SAN,PHX,1026,0.23511479487806036,0.3489278752436647,43.38302060363353,0.01037588550189589
BOS-CVG,BOS,CVG,362,0.2350630265408458,0.22375690607734808,40.126734064428845,0.013840572643143836
ORF-MCO,ORF,MCO,125,0.23505464982986451,0.272,44.797415668487545,0.009984008603047316
ORD-ECP,ORD,ECP,153,0.23504271294945986,0.21568627450980393,58.50630742740008,0.011510459682307182
DFW-DTW,DFW,DTW,587,0.2350094878896944,0.3270868824531516,53.87929339790669,0.0102094761007573
PBI-JFK,PBI,JFK,281,0.23495512405324237,0.24555160142348753,57.257098606896996,0.014138425632987854
BUF-BOS,BUF,BOS,333,0.23492199238445666,0.2222222222222222,60.968880948361694,0.014956959610572085
BWI-SAN,BWI,SAN,204,0.23490354258055782,0.3872549019607843,33.57339559583103,0.0070146790206539284
DTW-ALB,DTW,ALB,155,0.23484142836063138,0.23225806451612904,55.45731402981666,0.008460072119935201
SEA-CLE,SEA,CLE,118,0.23478418260307635,0.1864406779661017,31.768907013586013,0.01054238542219845
BNA-SRQ,BNA,SRQ,132,0.23473587067741336,0.38636363636363635,44.23228602698355,0.004711944029567707
MDW-DEN,MDW,DEN,442,0.23473186808642488,0.3054298642533937,39.28952623600334,0.006604473549197172
RNO-SFO,RNO,SFO,295,0.2346632840522265,0.6271186440677966,59.10979263822911,0.008323635454478397
MCO-EWR,MCO,EWR,752,0.23462743895187815,0.2845744680851064,60.25931354659669,0.013531918651424349
CLT-SHV,CLT,SHV,119,0.23457201689231297,0.3277310924369748,65.76028583430443,0.013296227722779894
ORD-SAV,ORD,SAV,247,0.23455627157017286,0.19838056680161945,54.91239041162406,0.009410896802364732
DEN-LAS,DEN,LAS,1171,0.23453338369154503,0.33561058923996584,47.74482963677658,0.004800637655293504
SBA-SFO,SBA,SFO,302,0.23445307784127872,0.47019867549668876,49.71782959060164,0.008333767281647846
JFK-DFW,JFK,DFW,341,0.2344489519066475,0.2903225806451613,57.4424887290798,0.012982286186761931
TPA-FLL,TPA,FLL,159,0.23435120312672741,0.2138364779874214,46.23788695665276,0.010443898532202983
LAS-TUS,LAS,TUS,174,0.23428970010116182,0.367816091954023,47.03873834938839,0.003574530769006482
RIC-ORD,RIC,ORD,365,0.23427379443629148,0.2136986301369863,54.64421993412384,0.016285788491080255
SAV-JFK,SAV,JFK,103,0.2342685421983015,0.39805825242718446,72.15022333385875,0.013369172623678417
JFK-SFO,JFK,SFO,1185,0.23426581331949195,0.37721518987341773,54.80929722846309,0.011338031940261886
BWI-CLE,BWI,CLE,168,0.23424489791726782,0.32142857142857145,38.01658864248367,0.009626980970746704
DCA-ACK,DCA,ACK,128,0.2341835271799937,0.3671875,45.61183850467205,0.01127089711863705
MDW-PHX,MDW,PHX,398,0.2341398928950929,0.32663316582914576,38.000937859616684,0.008977326507274506
DAL-PHX,DAL,PHX,434,0.2340694059991205,0.42857142857142855,37.94739134190819,0.0075471628441433
LGA-STL,LGA,STL,375,0.2340578100482623,0.232,51.19353163401286,0.014017596414002279
BNA-CLE,BNA,CLE,175,0.23405633470841816,0.3485714285714286,46.1510058266776,0.006012368747698409
BWI-BOS,BWI,BOS,601,0.23404838050562213,0.27287853577371046,46.50399316924186,0.012884972160266843
CLT-BOS,CLT,BOS,695,0.23398445079223715,0.25611510791366904,52.48881986055443,0.01277130320759783
CLT-SAV,CLT,SAV,294,0.23395493717826144,0.3877551020408163,47.221907693512584,0.013871486012179118
GRB-MSP,GRB,MSP,183,0.23394020642739177,0.09289617486338798,68.6269751064113,0.008821956701373142
AUS-RDU,AUS,RDU,111,0.23393230824857145,0.3333333333333333,36.92133363087972,0.004476036839020837
LGA-RIC,LGA,RIC,328,0.23366321362100723,0.22560975609756098,57.64905125338857,0.019791442601362595
SYR-DEN,SYR,DEN,113,0.233601082610873,0.2920353982300885,54.91461321737914,0.007472171724271194
IAD-LGA,IAD,LGA,111,0.23351804563054093,0.36936936936936937,66.27875278232334,0.020281268199753077
DEN-PHX,DEN,PHX,1367,0.23334694296481318,0.3394294074615947,42.77012063084332,0.004277610054644729
TPA-LGA,TPA,LGA,364,0.23334624956024216,0.25,49.250206818947426,0.013170693428643668
DAL-COS,DAL,COS,122,0.23329217823558165,0.39344262295081966,38.06274786933524,0.00550577796988006
DFW-PIA,DFW,PIA,171,0.23325139876694706,0.24561403508771928,50.79135533383018,0.013756468600733986
DEN-LBF,DEN,LBF,103,0.23320710311815576,0.3592233009708738,62.79117173130072,0.005117102230612475
SEA-FLL,SEA,FLL,121,0.23320274313619313,0.19834710743801653,38.20868654487547,0.0069781683965540325
MCO-CMH,MCO,CMH,297,0.23319104578509073,0.2828282828282828,42.15389539416792,0.00943183766259193
ORD-BHM,ORD,BHM,117,0.23318038893561077,0.27350427350427353,47.786706875532104,0.009629104971565062
CHS-LGA,CHS,LGA,231,0.2330905023913879,0.2510822510822511,60.37843661287646,0.01930885738604649
MDW-LAX,MDW,LAX,224,0.2330759620360498,0.375,38.27470352819988,0.007518973175757688
PHL-IND,PHL,IND,317,0.23305521388347217,0.2902208201892745,53.245359017645896,0.015245389951190904
PHX-RDU,PHX,RDU,163,0.23301240417854918,0.4233128834355828,46.12014834866202,0.007662890713201858
SAV-BOS,SAV,BOS,151,0.23297966168021525,0.2781456953642384,72.64329981014428,0.013914975534360972
BWI-MCO,BWI,MCO,714,0.23297280120645084,0.32633053221288516,49.24255902827287,0.009418002584017813
ORF-BOS,ORF,BOS,128,0.23296751629095525,0.3046875,40.3203568905592,0.015041321109896316
PHL-MSY,PHL,MSY,194,0.23294906003266266,0.30927835051546393,54.10134437403728,0.012714432035827667
BOS-JAX,BOS,JAX,278,0.2328741225621683,0.25539568345323743,59.097165320417005,0.014720110792372235
STL-ORD,STL,ORD,582,0.23284962766922215,0.26288659793814434,53.857575446060025,0.011352446733565232
BNA-IND,BNA,IND,122,0.232789795662536,0.27049180327868855,40.67355743783419,0.005147850400478137
MDW-MHT,MDW,MHT,119,0.23276102474006286,0.2773109243697479,40.82430751383806,0.011725084444818398
OAK-LAX,OAK,LAX,326,0.23270161001960193,0.2791411042944785,37.91051021382852,0.003626967266715904
DCA-RSW,DCA,RSW,109,0.23268763187828415,0.28440366972477066,48.50351183130107,0.008973982883617282
JAX-DCA,JAX,DCA,225,0.23262525144550536,0.27111111111111114,52.62259582095676,0.01392680590844944
MYR-ORD,MYR,ORD,146,0.23260494546122748,0.2534246575342466,50.51157784135374,0.011589169708876223
SFO-BFL,SFO,BFL,122,0.2325482004490055,0.45901639344262296,60.549717199606974,0.013763110424376657
MSP-MOT,MSP,MOT,238,0.2324816458741156,0.23109243697478993,47.46066185606628,0.011499265116857893
LAW-DFW,LAW,DFW,176,0.2324524297463623,0.17045454545454544,61.08607925068248,0.015946346407149047
MSP-RSW,MSP,RSW,165,0.2323601496039015,0.18787878787878787,43.6030643231941,0.007063607403930898
MGM-DFW,MGM,DFW,163,0.23224316007154852,0.2883435582822086,68.38263517508477,0.017166742313569985
SJC-SAN,SJC,SAN,935,0.23223356914552137,0.40106951871657753,43.477726445733545,0.004935532894903966
MSN-DFW,MSN,DFW,178,0.2322236496243584,0.3089887640449438,66.0805223229226,0.01045977722618033
MCI-BOS,MCI,BOS,160,0.23213332369923592,0.3375,51.12992871999741,0.010266355647379818
ORF-DFW,ORF,DFW,171,0.23212339162652257,0.34502923976608185,41.05805566575792,0.013134972820989788
DAL-MCO,DAL,MCO,468,0.2320796933232082,0.3995726495726496,45.243196573012916,0.007980922158137584
BWI-DFW,BWI,DFW,250,0.23202591133117675,0.32,56.14826752471924,0.012033971089157134
DTW-PLN,DTW,PLN,117,0.23196030147055274,0.15384615384615385,72.95847962860368,0.020907299812225735
ATL-DFW,ATL,DFW,1087,0.23192253945996813,0.35510579576816925,51.575206270542516,0.011432414749718591
DEN-MOT,DEN,MOT,233,0.23188650870272018,0.2875536480686695,44.202836048961196,0.009842744974934675
CID-ORD,CID,ORD,411,0.23179322816522163,0.25060827250608275,68.71920481215429,0.014041251548856428
PHL-BTV,PHL,BTV,212,0.23175369976264126,0.3490566037735849,65.20338493922971,0.013544236215045758
ORF-ORD,ORF,ORD,370,0.23174506711798745,0.21081081081081082,50.40357934075433,0.01370735789795986
PHX-BWI,PHX,BWI,148,0.23171462433261647,0.3108108108108108,31.372618295050955,0.007064914557503055
LAN-DTW,LAN,DTW,116,0.2316856087538703,0.23275862068965517,63.28946996557301,0.007480371372115895
DTW-MEM,DTW,MEM,174,0.23164187226144747,0.22988505747126436,60.118653231653674,0.008808978799996632
HPN-MCO,HPN,MCO,189,0.23162117695051526,0.26455026455026454,80.44841661402788,0.012524388957677818
BOS-LAX,BOS,LAX,917,0.23161010125666173,0.2835332606324973,51.951011689954655,0.008982825083021298
LAS-SAT,LAS,SAT,295,0.23155891977376858,0.376271186440678,49.11752385123302,0.0039021030875543753
PNS-ORD,PNS,ORD,117,0.23148540388315153,0.3162393162393162,62.0675546368982,0.014049927108600492
LIT-ORD,LIT,ORD,329,0.23120513200578718,0.2826747720364742,59.170454877488154,0.013417661857208487
LAS-IND,LAS,IND,249,0.23113374011104845,0.3132530120481928,43.52648519416411,0.004904677394311875
PHL-MKE,PHL,MKE,157,0.2310596050540353,0.3375796178343949,58.31871443341492,0.013871209347968573
OMA-ORD,OMA,ORD,554,0.2310160861925528,0.2328519855595668,51.085775117151144,0.012264813901539766
JFK-PIT,JFK,PIT,272,0.23093068342217626,0.35661764705882354,49.889231969328485,0.0158419141316878
LAS-HOU,LAS,HOU,315,0.23086864054203032,0.37142857142857144,44.199054820953855,0.0036211104704061254
LGA-JAX,LGA,JAX,129,0.2308585510350937,0.21705426356589147,48.60962709530379,0.01860785213266981
CLT-OMA,CLT,OMA,175,0.23075547175748007,0.32,52.297786069597514,0.009890440781210555
MSP-SFO,MSP,SFO,371,0.2307105864476001,0.48247978436657685,52.07124367685652,0.005969316858328839
PIE-AVL,PIE,AVL,102,0.23066215764950304,0.24509803921568626,39.45859213903839,0.006621900407065238
DAL-TUL,DAL,TUL,167,0.2306162539178026,0.41916167664670656,37.71791809333299,0.00677588666527125
MKE-CLT,MKE,CLT,168,0.2305366580507585,0.26785714285714285,42.409135557356336,0.00859611662518647
DCA-MDW,DCA,MDW,333,0.2305225012516295,0.3063063063063063,35.32400452983272,0.012978627629556948
DEN-PNS,DEN,PNS,153,0.2304880822600882,0.3333333333333333,46.53975845785702,0.004142039823496054
SAN-OAK,SAN,OAK,585,0.23045571659747352,0.305982905982906,38.1163270770994,0.01217355455225889
SAN-MIA,SAN,MIA,119,0.23044847027093424,0.16806722689075632,49.23079565993878,0.009236966904832935
MEM-DCA,MEM,DCA,161,0.23042855198894227,0.2857142857142857,46.645758350443394,0.01573586872318524
SEA-OGG,SEA,OGG,304,0.23041946703175964,0.14802631578947367,33.55202789055674,0.006867448680224966
FLL-BWI,FLL,BWI,434,0.23038884838570922,0.3686635944700461,43.23334860801697,0.009400733239017427
DAL-LBB,DAL,LBB,225,0.23038530515299904,0.4,38.52281091901991,0.008399874566836767
HOU-PHX,HOU,PHX,298,0.23032547378500037,0.3859060402684564,36.46408478205636,0.004594064915630345
DFW-BPT,DFW,BPT,121,0.23031048094930728,0.2231404958677686,50.80600757441245,0.016014748996484182
AZO-ORD,AZO,ORD,114,0.23028144854725452,0.24561403508771928,77.92966886152301,0.013534528121352196
JFK-ATL,JFK,ATL,656,0.23017120673661914,0.2606707317073171,55.65661959822585,0.011628480916142981
CMI-ORD,CMI,ORD,176,0.23014913812618365,0.2215909090909091,52.252761429006405,0.01460046368228689
DEN-GEG,DEN,GEG,373,0.23010920944945742,0.29222520107238603,36.209935359596884,0.004148212523742064
DAL-HOU,DAL,HOU,647,0.23009628977574742,0.3029366306027821,33.50432881026585,0.008140366723926718
BWI-MKE,BWI,MKE,165,0.23009485444336225,0.34545454545454546,32.259755140362365,0.00792552529540109
DCA-OMA,DCA,OMA,110,0.23005892891775478,0.43636363636363634,41.23749854347923,0.011563676450632315
CLT-SBN,CLT,SBN,168,0.23004584644167198,0.375,42.670255831309724,0.012925346252010313
FLL-HOU,FLL,HOU,148,0.2300007284895794,0.4391891891891892,39.52440880762564,0.007414587310065309
MDW-DSM,MDW,DSM,121,0.2299600152437352,0.32231404958677684,45.496859873621915,0.012716881457533016
LAX-TPA,LAX,TPA,167,0.2299413180904474,0.2934131736526946,41.43178284239626,0.005193310751877284
SEA-ORD,SEA,ORD,1152,0.22974876132664374,0.2847222222222222,43.7884093787935,0.009468608895050627
PHL-SFO,PHL,SFO,455,0.22971994151453395,0.3978021978021978,50.18388188959478,0.009727721720741227
BWI-ROC,BWI,ROC,177,0.22971105655539506,0.327683615819209,35.22998483302229,0.01053202814610848
BNA-FLL,BNA,FLL,317,0.22969497336010075,0.35331230283911674,42.25134882340296,0.007162372268234881
COU-ORD,COU,ORD,316,0.2296876811387041,0.18670886075949367,74.79760307601735,0.016458887080336413
LGA-MSY,LGA,MSY,219,0.22965774300708075,0.3105022831050228,53.65737677709153,0.014573897534877445
MSP-DLH,MSP,DLH,237,0.22964213826233829,0.18143459915611815,62.03890517190539,0.014024726879231784
ORD-RSW,ORD,RSW,352,0.22951836164363407,0.2215909090909091,53.068809151649475,0.009272096306605878
BNA-RDU,BNA,RDU,331,0.2294847153104684,0.29607250755287007,42.24969958970914,0.009859994647558778
DTW-LAS,DTW,LAS,365,0.22945429964424813,0.36712328767123287,53.65762197416122,0.00491062497135515
BNA-GSP,BNA,GSP,182,0.22945165073314866,0.43956043956043955,39.1943757717426,0.007142381569892577
DEN-OMA,DEN,OMA,659,0.22938537601048017,0.30197268588770865,44.24207611547074,0.0042230646785659095
STL-LGA,STL,LGA,379,0.2293306806156692,0.2691292875989446,48.50313776212506,0.014879460638279425
DEN-GRR,DEN,GRR,230,0.22931886901674065,0.2782608695652174,50.07588361657184,0.003626172385150406
BWI-MSY,BWI,MSY,171,0.22930353065157494,0.4093567251461988,35.43934851083142,0.008120875932010156
MDW-CLT,MDW,CLT,162,0.22927606758880026,0.30864197530864196,38.80190242955714,0.008699464151761467
JFK-TPA,JFK,TPA,388,0.22925658149587125,0.2963917525773196,49.77585985734291,0.012207187622857036
DEN-DAL,DEN,DAL,528,0.2292459235018627,0.4128787878787879,39.39467082511295,0.007563913697151387
MIA-PHX,MIA,PHX,301,0.22909471939667514,0.24916943521594684,44.8926718702348,0.006770937022673407
DTW-SYR,DTW,SYR,223,0.2290635524242448,0.22869955156950672,68.68895020933964,0.010958149578008386
BNA-PHL,BNA,PHL,496,0.22905566935397445,0.3225806451612903,49.65256022061071,0.0093058979469948
PSP-PHX,PSP,PHX,239,0.22898505123090546,0.17573221757322174,57.48077209025746,0.006893722691642762
BWI-MIA,BWI,MIA,358,0.22896563324182392,0.3268156424581006,48.03471336418024,0.010244354948958739
STL-RSW,STL,RSW,130,0.22894702433393552,0.26153846153846155,38.527168589371904,0.00570642738423955
BNA-BWI,BNA,BWI,293,0.22893934907970168,0.40273037542662116,32.06600170656276,0.007024693766511625
ATL-ROC,ATL,ROC,172,0.22890792934353962,0.23837209302325582,39.724697190661765,0.011475499898882052
LGA-CMH,LGA,CMH,412,0.2288976924729,0.21601941747572814,50.40848510242203,0.018412954320482323
MCO-SDF,MCO,SDF,134,0.22889488890989504,0.3358208955223881,49.56450012548646,0.011479753316106164
JFK-MIA,JFK,MIA,699,0.22885402711974365,0.2947067238912732,54.08912228378274,0.011179643045312954
CLT-MCI,CLT,MCI,182,0.228760217162934,0.2967032967032967,53.553292662232785,0.009531094477726864
DFW-TRI,DFW,TRI,110,0.2287298674610528,0.2818181818181818,45.59622780192982,0.013748083791385094
DEN-BWI,DEN,BWI,502,0.22871238520124043,0.35258964143426297,37.82931189708026,0.006915680694874027
MDW-HOU,MDW,HOU,372,0.2287035511345953,0.3682795698924731,37.88740043742683,0.007030909999258934
IAH-ORD,IAH,ORD,1040,0.22866347094711204,0.29423076923076924,51.99490257134804,0.008769639629260714
MDW-JAX,MDW,JAX,110,0.2286365158855915,0.38181818181818183,35.42295958779075,0.008443935321190872
DEN-SHV,DEN,SHV,121,0.2285964117069875,0.30578512396694213,49.19002923886638,0.008008488694452181
MSP-MKE,MSP,MKE,351,0.22858849456507258,0.19658119658119658,50.70285818855307,0.008669402498856817
TPA-PHL,TPA,PHL,413,0.22856872631620265,0.29782082324455206,54.00811879571356,0.009632803202867154
SLC-ORD,SLC,ORD,545,0.22856667021272378,0.25688073394495414,51.363690962485215,0.008018430354027653
MCO-DTW,MCO,DTW,475,0.22841050104091043,0.2463157894736842,51.96743782043457,0.006665453370320999
ORD-MIA,ORD,MIA,652,0.22840494192862437,0.3098159509202454,59.62141828302957,0.007954414869978357
MCO-IND,MCO,IND,392,0.22837789462195063,0.2576530612244898,49.16162802491869,0.007128426765358478
MSN-ORD,MSN,ORD,638,0.22829330561910302,0.18808777429467086,67.24926564685977,0.014406248731861736
DEN-RDM,DEN,RDM,121,0.2282872860096703,0.48760330578512395,42.48010332722309,0.004414026621605985
DAL-MSY,DAL,MSY,328,0.22813366506839308,0.35060975609756095,37.804826857113255,0.007202037808476888
BWI-CMH,BWI,CMH,177,0.2280825925412151,0.24293785310734464,32.92759979377359,0.00883876806851681
RSW-DTW,RSW,DTW,135,0.2280580536082939,0.2962962962962963,47.53111635843913,0.009586482026326634
DEN-EUG,DEN,EUG,243,0.22802484262382053,0.411522633744856,47.12565772131147,0.0034282655544869115
LGA-MEM,LGA,MEM,213,0.22794232688879182,0.29577464788732394,61.431197153010835,0.017491325592466942
CLE-PHL,CLE,PHL,108,0.2279418190182359,0.18518518518518517,53.12039244616473,0.014585602902254816
CLT-MDT,CLT,MDT,118,0.22793044907561802,0.3898305084745763,38.77891677921101,0.015474833093953035
PHL-CHS,PHL,CHS,164,0.2278980503721935,0.2804878048780488,58.76815814506717,0.013640466883246388
CLT-MYR,CLT,MYR,299,0.22785929184294862,0.3277591973244147,63.408792884852176,0.009477843037831122
GRR-MDW,GRR,MDW,174,0.22783990067312088,0.2471264367816092,34.02732056036763,0.005647933328790324
JFK-IAH,JFK,IAH,121,0.22779780306106756,0.4049586776859504,53.475878660343895,0.013384402373048943
DFW-MOB,DFW,MOB,160,0.22776567125692965,0.30625,49.23034919500351,0.017747432690614847
DAL-STL,DAL,STL,344,0.22773065346531396,0.375,34.11521822352742,0.006894292356848975
LGA-IND,LGA,IND,421,0.2277096719823937,0.23990498812351543,59.263896199133505,0.017566168149468566
HNL-SEA,HNL,SEA,474,0.22769987580016696,0.26582278481012656,37.814369038690494,0.006961290553105451
ATL-PHL,ATL,PHL,1053,0.2276916099537132,0.30959164292497626,47.29445597113367,0.011159239888245017
DAL-ABQ,DAL,ABQ,257,0.227686455161655,0.377431906614786,39.22367331768288,0.007331011407614614
DSM-DCA,DSM,DCA,108,0.2276811857742292,0.23148148148148148,57.99515229684335,0.01600669485262849
CMH-DEN,CMH,DEN,315,0.2276772621959921,0.20317460317460317,44.57174254826137,0.0055230949226349035
BNA-MKE,BNA,MKE,174,0.22766999583477263,0.3735632183908046,37.48981644641394,0.005874587582823421
MIA-SFO,MIA,SFO,348,0.227667523548007,0.4396551724137931,46.56241364040594,0.00703257850105209
DAL-LAS,DAL,LAS,480,0.22758859725048144,0.39791666666666664,37.16615918974082,0.007390594257272242
CLT-CHS,CLT,CHS,393,0.22742998994337088,0.3333333333333333,50.18738143862659,0.01235278199233096
PHX-FLG,PHX,FLG,166,0.22740916530769992,0.25903614457831325,59.316443408828185,0.009959406802778716
SAN-MCO,SAN,MCO,234,0.22736918712910423,0.20512820512820512,40.14725257596399,0.008908968143762415
DTW-SAN,DTW,SAN,212,0.22735598184308917,0.2830188679245283,48.97417229526448,0.005832567500934074
DEN-DIK,DEN,DIK,105,0.22734976226375217,0.37142857142857144,56.824534788585844,0.008956229190031688
BUF-MCO,BUF,MCO,246,0.22734778768163386,0.24796747967479674,56.00484709235711,0.011524737889264962
PIT-DCA,PIT,DCA,231,0.227319265566605,0.2813852813852814,52.65203053197819,0.013865285675178786
DEN-SDF,DEN,SDF,180,0.22729873284697533,0.2611111111111111,42.44228491253323,0.0056471769345502335
LAS-MDW,LAS,MDW,402,0.22719581238925457,0.3383084577114428,38.953199958326806,0.006006829383097644
LAS-STL,LAS,STL,369,0.22718455855479733,0.3089430894308943,32.82644129187111,0.00350943756645285
CLT-LAS,CLT,LAS,362,0.2271522207607551,0.32044198895027626,44.08388440780218,0.007268125361130053
MDW-SAT,MDW,SAT,119,0.22713817105072887,0.3697478991596639,31.798666946026458,0.009444996603902002
CLT-MIA,CLT,MIA,594,0.22712417241649996,0.27104377104377103,49.195067685059826,0.008426372475293003
LAS-BNA,LAS,BNA,372,0.2270242096655952,0.33064516129032256,36.453311362574176,0.005103417374330628
LAX-BOS,LAX,BOS,914,0.22696537881502699,0.2439824945295405,50.72633290238662,0.010203122535698578
MSY-DFW,MSY,DFW,468,0.2269199941562027,0.3504273504273504,52.964601883521446,0.011188253542389144
SAV-DFW,SAV,DFW,179,0.226842277209852,0.2849162011173184,56.228693061700746,0.013259675587841215
PIT-DTW,PIT,DTW,166,0.22682644381939646,0.20481927710843373,58.14506557188838,0.009942638351631589
CLE-BOS,CLE,BOS,281,0.22675601872897233,0.2099644128113879,57.11565029239315,0.015704737589191144
PHX-MKE,PHX,MKE,190,0.22669695262846193,0.4052631578947368,41.66090898513794,0.005983344399282942
CLT-PBI,CLT,PBI,298,0.2266277533349575,0.28523489932885904,48.5007529322733,0.009428826238339147
DAL-SMF,DAL,SMF,120,0.2265883157029748,0.375,35.147310105959576,0.0062809289175216575
CLT-PWM,CLT,PWM,188,0.2265841690625282,0.3404255319148936,42.5244828285055,0.00933510437360073
BOS-EWR,BOS,EWR,582,0.22657059368603827,0.2766323024054983,53.145400804342685,0.0146808473944881
BOI-ORD,BOI,ORD,176,0.2265665029090914,0.26704545454545453,46.04854749549519,0.009296726774545792
IAH-SHV,IAH,SHV,285,0.2265173484358871,0.3157894736842105,57.71494125901607,0.008835611928202446
DCA-SFO,DCA,SFO,176,0.22649339074268937,0.4375,48.52811126817357,0.008104913697267572
CLT-IND,CLT,IND,336,0.226472821397086,0.28869047619047616,42.191902245794026,0.007660045553052771
CMH-MDW,CMH,MDW,226,0.2262881897983298,0.23008849557522124,37.43626820302642,0.009553406708713236
COD-DEN,COD,DEN,216,0.2262514877581486,0.32407407407407407,56.19115010897318,0.007375618772823447
DFW-BHM,DFW,BHM,397,0.22622877684062914,0.37531486146095716,46.72095318224928,0.011119340033412485
DEN-LGB,DEN,LGB,178,0.2262188105770711,0.37640449438202245,37.7519565378682,0.0035278035639938745
DTW-IAD,DTW,IAD,241,0.22616393827056488,0.17842323651452283,56.41945532644438,0.00826062348387645
MCO-AUS,MCO,AUS,577,0.2260890982438208,0.2720970537261698,48.94432376782237,0.005921489259817152
RAP-ORD,RAP,ORD,240,0.22606925821552673,0.2833333333333333,31.70200744072596,0.00894719865516622
DCA-DFW,DCA,DFW,509,0.2260604536632892,0.21218074656188604,48.75387677415649,0.011512945568258012
PHL-SDF,PHL,SDF,117,0.22601276979996607,0.24786324786324787,44.21210215641902,0.01757276055216789
DEN-ANC,DEN,ANC,290,0.2260076183697273,0.2413793103448276,36.33514215535131,0.004740492642094853
BWI-PDX,BWI,PDX,119,0.22598193542045705,0.3025210084033613,42.60481206108542,0.007725871533953718
BNA-MIA,BNA,MIA,411,0.2258989038874923,0.35036496350364965,44.30395796931283,0.007404262428610599
GSO-LGA,GSO,LGA,189,0.2257482229717194,0.2751322751322751,53.402869411246485,0.020779516641496187
TYS-PIE,TYS,PIE,101,0.2256970986871436,0.31683168316831684,40.83197026205535,0.0059865680842788194
LGA-BUF,LGA,BUF,192,0.2256563671398908,0.21354166666666666,60.78906855980555,0.017642380567711023
IND-DCA,IND,DCA,323,0.22557628623010942,0.21981424148606812,45.817035441797216,0.015103525239164415
LGA-CAE,LGA,CAE,101,0.22555720629078327,0.27722772277227725,56.96378196112,0.015726460487042602
BDL-DFW,BDL,DFW,113,0.22552399904327056,0.26548672566371684,57.65011475149509,0.01325237178126303
MCO-DFW,MCO,DFW,827,0.2254352279935379,0.3252720677146312,57.991922923991005,0.01152431859291467
SAV-ORD,SAV,ORD,246,0.22540332277010128,0.25609756097560976,64.14036263876814,0.010952463842841098
ORD-MHT,ORD,MHT,175,0.2253899018253599,0.12,45.20795381818499,0.011654953451959488
EWR-DEN,EWR,DEN,585,0.22536257999575035,0.25982905982905985,53.700048495561646,0.011603266656208205
DTW-MSN,DTW,MSN,137,0.22532089326503504,0.18248175182481752,67.58117038142072,0.010661953519757864
DCA-TPA,DCA,TPA,338,0.22530214629582399,0.31952662721893493,48.325605767718436,0.010118064923021435
SNA-ORD,SNA,ORD,343,0.22524681804652813,0.27696793002915454,56.02556432440399,0.00945051160105114
PNS-DFW,PNS,DFW,391,0.2252242900907536,0.35805626598465473,56.742989030335565,0.01448533285151516
RSW-DFW,RSW,DFW,235,0.22511156109419275,0.2978723404255319,50.634842708262994,0.010424143779053053
ATL-PBI,ATL,PBI,602,0.22510502024544435,0.24086378737541528,41.74603993235236,0.010074532533926034
MCO-JFK,MCO,JFK,713,0.2250901098881664,0.3127629733520337,55.09998156947474,0.013623379141600073
CLT-EWR,CLT,EWR,507,0.2250829872030478,0.2603550295857988,58.26200695526906,0.014183365970172666
BWI-SAT,BWI,SAT,151,0.22506237923112138,0.3576158940397351,33.45214659962433,0.008571609353216795
BOS-SLC,BOS,SLC,228,0.22500848740731416,0.2719298245614035,49.76291734293888,0.009582201588515176
ORD-SCE,ORD,SCE,108,0.22500067218034356,0.28703703703703703,66.12918528804073,0.009682986523590184
BOS-BWI,BOS,BWI,602,0.22495995424811627,0.26578073089701,46.339172656353924,0.011953183112218858
MSP-MCO,MSP,MCO,296,0.2248455718713435,0.2702702702702703,53.39984156956544,0.006655177308797242
PIT-MCO,PIT,MCO,402,0.22481702003090537,0.23880597014925373,48.08438121501486,0.0066668499999875085
LGA-ATL,LGA,ATL,1244,0.22472612409466142,0.25884244372990356,52.233325321958,0.016399411848730408
RIC-FLL,RIC,FLL,113,0.224716994285056,0.1504424778761062,45.825709115087456,0.01641204053455073
STL-PHX,STL,PHX,360,0.22471231102115577,0.3611111111111111,40.22360112402174,0.004585704181892361
ATL-PHX,ATL,PHX,565,0.22470098028404523,0.2884955752212389,38.11860118292074,0.007130840247809574
DEN-STL,DEN,STL,734,0.22466785157205948,0.3188010899182561,36.02167754926863,0.003728766564635778
ATL-BWI,ATL,BWI,937,0.2246623074908203,0.3329775880469584,39.94528341242445,0.009440148569827287
EYW-MIA,EYW,MIA,182,0.22459214606455394,0.14835164835164835,67.39465413774762,0.01249959700290564
GSO-DFW,GSO,DFW,174,0.22458908998075572,0.26436781609195403,48.07739573511584,0.012820999849629536
JFK-LAX,JFK,LAX,1659,0.22458144964458282,0.295961422543701,48.60405523910661,0.00967652517029056
LAX-STL,LAX,STL,179,0.22457333868525547,0.2849162011173184,43.056356224933815,0.005005777107241253
BWI-GRR,BWI,GRR,113,0.22453740654529725,0.4336283185840708,39.034271003925696,0.00846821027886817
IAD-SEA,IAD,SEA,404,0.22448306608170565,0.19306930693069307,39.50016435774246,0.005462132513852472
JFK-PBI,JFK,PBI,279,0.22438088208971058,0.22939068100358423,55.53246698413699,0.014099725304195324
LAX-ASE,LAX,ASE,160,0.22436684407293797,0.225,66.31597847938538,0.013459617911270384
ORD-ROC,ORD,ROC,411,0.22435611937820477,0.26034063260340634,52.81467309659415,0.01476689603668256
DCA-MYR,DCA,MYR,123,0.22433338859459248,0.3170731707317073,50.65510343536129,0.016008002389418453
ATL-XNA,ATL,XNA,209,0.22432808200138038,0.2727272727272727,65.04491973949962,0.010018939213573653
ATL-MDW,ATL,MDW,608,0.22407723558870585,0.3223684210526316,41.948923998757415,0.01317965698010759
DEN-TUL,DEN,TUL,458,0.2240133459423567,0.2903930131004367,41.76084661275539,0.005383108548342314
FLL-MDW,FLL,MDW,178,0.22399211727250157,0.2752808988764045,40.56827315855562,0.011110388190368485
SYR-BOS,SYR,BOS,119,0.22398854028277038,0.05042016806722689,52.961056364684545,0.015596452138585145
SNA-EWR,SNA,EWR,164,0.22395678582351383,0.18292682926829268,41.57835252110551,0.01263842167547689
STT-JFK,STT,JFK,119,0.2238932747800811,0.23529411764705882,49.75933074951172,0.014791335994530409
DEN-MAF,DEN,MAF,294,0.2238866901468663,0.25170068027210885,35.8219200834936,0.007051260921566578
DTW-MSP,DTW,MSP,355,0.2238090467075227,0.2112676056338028,48.52286685352594,0.006745937268257539
FLL-LAS,FLL,LAS,143,0.22379545909124654,0.27972027972027974,52.84898087028023,0.008321536582015041
PSP-SFO,PSP,SFO,374,0.22369974875513882,0.5374331550802139,67.45806948003921,0.006165484391967766
IAH-OKC,IAH,OKC,180,0.223667963511414,0.3055555555555556,56.99300438563029,0.011117787056878865
CLE-TPA,CLE,TPA,179,0.22363190261345336,0.26256983240223464,61.05793061069936,0.010858518818577568
CVG-FLL,CVG,FLL,206,0.2235281234155002,0.23300970873786409,50.682016965254995,0.006519509435536853
MDW-TPA,MDW,TPA,264,0.2234528782833932,0.29924242424242425,37.276858893307775,0.008555373200301954
MCI-DFW,MCI,DFW,431,0.2234078394011389,0.23433874709976799,52.059382188624404,0.011669219306980571
PHX-IND,PHX,IND,251,0.2233328502254182,0.2948207171314741,40.11459840721343,0.0060354406487167
DAL-AMA,DAL,AMA,223,0.2233210586913498,0.45739910313901344,43.32745767601937,0.010642188845409288
TPA-BOS,TPA,BOS,403,0.22331596581870805,0.23076923076923078,54.88631261962815,0.012693448263933984
MSP-EWR,MSP,EWR,369,0.22321901862133486,0.20596205962059622,53.39273158644596,0.012564749661550828
ACK-LGA,ACK,LGA,196,0.2231979338946391,0.29591836734693877,52.43421593490912,0.01719780447806611
PHL-DFW,PHL,DFW,631,0.2231749359476963,0.2931854199683043,54.481600013285544,0.01188700758656362
MDW-BUF,MDW,BUF,177,0.22315604925829138,0.3559322033898305,41.81400376659329,0.010041590620511473
HOU-HRL,HOU,HRL,182,0.22315398173836562,0.3626373626373626,28.997897459910465,0.006592484183426275
LAS-BWI,LAS,BWI,284,0.22304065929542125,0.2992957746478873,36.47765569451829,0.006171540670847107
DFW-SHV,DFW,SHV,392,0.22303104438647933,0.29846938775510207,47.71078503861719,0.014664785088790417
RDD-SFO,RDD,SFO,162,0.2229631278709865,0.3765432098765432,57.797659414785876,0.010743266742882188
SMF-ORD,SMF,ORD,266,0.2229540583054374,0.24436090225563908,41.00855141116264,0.006599953175328082
BWI-SDF,BWI,SDF,158,0.2229380603360979,0.2468354430379747,37.9809787484664,0.008134214411966684
PWM-ORD,PWM,ORD,290,0.22290883213281631,0.1896551724137931,50.59819286609518,0.014657537051339129
CAE-ORD,CAE,ORD,115,0.22290214410294656,0.1565217391304348,48.77383791052777,0.013173635209315136
IND-BOS,IND,BOS,351,0.22289305093281628,0.18233618233618235,47.01399750179715,0.014075350665694309
PWM-DCA,PWM,DCA,174,0.222657750863796,0.2413793103448276,57.04966297368894,0.014376891073473591
EWR-MIA,EWR,MIA,516,0.22262437270535518,0.22868217054263565,55.78660028295,0.013828016681931845
CLT-ROC,CLT,ROC,174,0.22254383058726102,0.39080459770114945,51.82943291499697,0.012228652712489877
SAN-AUS,SAN,AUS,445,0.22250143075257206,0.4044943820224719,41.899126065714974,0.008082285617791398
EWR-IAD,EWR,IAD,287,0.22245565113913307,0.25435540069686413,47.736347045632606,0.012850025793525323
MIA-DEN,MIA,DEN,363,0.2224554890771871,0.2975206611570248,43.94522099980966,0.005355528117014239
BWI-MDW,BWI,MDW,336,0.2224080495070666,0.33035714285714285,34.25479331754503,0.012750606493103656
CLT-RIC,CLT,RIC,404,0.22238693648193142,0.32673267326732675,43.16432760257532,0.013003951579431813
LGA-GSO,LGA,GSO,189,0.22238174731296206,0.291005291005291,45.559868000171804,0.01738925586993757
DFW-CID,DFW,CID,233,0.22236813492913102,0.2145922746781116,50.12770453850087,0.012912384140057654
DEN-AUS,DEN,AUS,1023,0.22231723918767968,0.3460410557184751,44.041460283340946,0.004171500914362837
DEN-SAT,DEN,SAT,570,0.2222779229283333,0.34912280701754383,47.154909177412065,0.0041882401656515465
ORD-EYW,ORD,EYW,118,0.22226702687093766,0.17796610169491525,44.17490107326184,0.015117396707417534
BWI-FLL,BWI,FLL,444,0.22223898154255506,0.3153153153153153,38.75097785339699,0.009706262667503102
LAS-ELP,LAS,ELP,243,0.22219750794118323,0.32098765432098764,35.66839068612935,0.0036340216876984185
LIT-DFW,LIT,DFW,454,0.22218915081628093,0.2687224669603524,50.70285066108872,0.012671969155930541
BNA-TYS,BNA,TYS,122,0.2221738299751868,0.4672131147540984,31.684969456469425,0.007137921944138457
PHX-OAK,PHX,OAK,332,0.22191172966127654,0.29819277108433734,34.53146458102996,0.0057438405336600225
MCO-DAL,MCO,DAL,462,0.22184822181828354,0.3246753246753247,46.703722410903865,0.009492539999425221
JAX-JFK,JAX,JFK,173,0.22182352552351925,0.34104046242774566,56.45672092547996,0.017717521738491414
DEN-MEM,DEN,MEM,261,0.22181286836949346,0.367816091954023,40.604913046533575,0.00397756117239052
ATL-SEA,ATL,SEA,668,0.22175825894726608,0.2754491017964072,34.97551575392306,0.006339150258489619
MSY-LGA,MSY,LGA,213,0.2216989257386033,0.3568075117370892,51.09251500519229,0.013623363090591114
LAX-DFW,LAX,DFW,1042,0.22166134617979605,0.32437619961612285,48.977174517289235,0.010295516113034699
DEN-SYR,DEN,SYR,113,0.22153185927762395,0.24778761061946902,40.7619676167986,0.004486318255271927
LFT-DFW,LFT,DFW,282,0.22150243287707896,0.2801418439716312,48.80296156592403,0.014522014640207434
MDW-MCO,MDW,MCO,457,0.22146782776263402,0.33698030634573306,40.19157350402431,0.009375254807895736
CLT-BTR,CLT,BTR,114,0.22146118118574745,0.4473684210526316,48.97836450944867,0.009356241863544869
IAH-VCT,IAH,VCT,105,0.22144795372372583,0.3238095238095238,60.25461905343192,0.009219607134305296
PHX-HOU,PHX,HOU,315,0.2214429403936106,0.3492063492063492,36.871976463378424,0.004094839056650224
BWI-TPA,BWI,TPA,411,0.22131812993953698,0.23357664233576642,36.21425419944336,0.009084766697562278
MSN-PHL,MSN,PHL,159,0.22117742240054053,0.2578616352201258,64.28874252127402,0.01654194859828759
DEN-SEA,DEN,SEA,1301,0.22116945921046105,0.3005380476556495,38.085427217534836,0.004203228662379665
DEN-LNK,DEN,LNK,290,0.2211291738882147,0.23103448275862068,67.00671485374714,0.01288234182399045
PHX-AUS,PHX,AUS,474,0.2210366725450075,0.35443037974683544,44.88045140962561,0.004387954796740403
OKC-ORD,OKC,ORD,461,0.2210308828284063,0.28199566160520606,56.75921787253688,0.013414473354470791
OGG-OAK,OGG,OAK,122,0.2209883498974511,0.13934426229508196,28.569117710238597,0.006028456264175475
DEN-LAR,DEN,LAR,101,0.22097078364084263,0.38613861386138615,57.605971572422746,0.004950673975760028
CLT-PIA,CLT,PIA,115,0.22093700662903162,0.3217391304347826,53.054783763056214,0.012995452891724804
SRQ-BNA,SRQ,BNA,132,0.2209118859221538,0.30303030303030304,42.94671101281137,0.008854651425005586
MSP-SEA,MSP,SEA,541,0.22089445618516637,0.16081330868761554,38.793806054896216,0.006945723719075253
MKE-DTW,MKE,DTW,244,0.22079845609479262,0.20081967213114754,50.781368537027326,0.00881295196520495
MCO-BQN,MCO,BQN,227,0.22072793540056582,0.2290748898678414,54.852868412034624,0.00878014009711998
MEM-ORD,MEM,ORD,453,0.22058498145597133,0.282560706401766,46.674069970911965,0.012340162416017547
DEN-PIR,DEN,PIR,102,0.22051209883362638,0.27450980392156865,58.77955810696471,0.009171236960145716
DFW-SJT,DFW,SJT,177,0.2204947703975742,0.22598870056497175,50.97789831215379,0.014508273616269395
SAN-MDW,SAN,MDW,204,0.22046800111146533,0.2696078431372549,34.30671766692517,0.010681494435464794
FLL-STL,FLL,STL,135,0.22045737284201164,0.23703703703703705,42.22161628581859,0.006964269668484727
FWA-DFW,FWA,DFW,174,0.22028099171731663,0.1781609195402299,46.0904659622017,0.01424025230671607
DEN-RNO,DEN,RNO,406,0.22027669544217035,0.3620689655172414,42.22303890829603,0.004130825556901199
LEX-DTW,LEX,DTW,115,0.2202734395213749,0.1565217391304348,57.24091672482698,0.01196381199607176
BNA-TPA,BNA,TPA,432,0.2202162093879586,0.35648148148148145,38.27292758888669,0.006719397348106129
CHA-IAH,CHA,IAH,121,0.22021562907813994,0.2809917355371901,72.69114142804106,0.009933326870477835
DFW-ATL,DFW,ATL,1079,0.22021019103849673,0.33549582947173306,46.10922439281757,0.011756003372391171
BNA-SAV,BNA,SAV,173,0.22019365244690395,0.3815028901734104,32.38881008611249,0.005449736803503973
DEN-MCI,DEN,MCI,854,0.22017229741888528,0.2810304449648712,44.22169540749221,0.004702227754032105
BNA-MCO,BNA,MCO,599,0.22013574818115003,0.34557595993322204,42.044685419493405,0.006020935047250485
MDW-CLE,MDW,CLE,220,0.22013048847967928,0.2,40.47453725121238,0.013250863198274081
BWI-LAS,BWI,LAS,285,0.22008929724494616,0.3087719298245614,33.140348046286064,0.006773927905467442
ROC-BOS,ROC,BOS,167,0.2200805469901262,0.17365269461077845,56.36793410706663,0.01564862588154418
IAD-BOS,IAD,BOS,281,0.21997004943598208,0.2313167259786477,46.712252172286824,0.01212424023007672
SAN-SMF,SAN,SMF,906,0.21994175523453727,0.3322295805739514,41.27429619688072,0.007369307292320994
BWI-PHX,BWI,PHX,149,0.21986268718270646,0.28859060402684567,27.742421329421486,0.007411877422698385
HOU-MDW,HOU,MDW,351,0.2198570113724623,0.46438746438746437,40.28614410443863,0.006242274503527178
DFW-XNA,DFW,XNA,600,0.21961635240664085,0.315,45.83456596692403,0.010796088314006887
DEN-AMA,DEN,AMA,114,0.21951888919922344,0.23684210526315788,56.34870562637062,0.014844882841172972
TPA-CLE,TPA,CLE,180,0.21932116655839815,0.28888888888888886,62.917836613125274,0.01035129420899346
CLT-PVD,CLT,PVD,234,0.2192594591114256,0.24786324786324787,38.812373014596794,0.010828329756454065
ALB-ORD,ALB,ORD,413,0.21925795354291833,0.17675544794188863,48.94232773954008,0.01331747157327866
AUS-MDW,AUS,MDW,253,0.21924048436901314,0.37549407114624506,36.331157228221066,0.004436035376243494
DAL-PNS,DAL,PNS,115,0.21920808015958124,0.4,40.41350580298382,0.008481419424258046
STL-LAS,STL,LAS,367,0.2191988963948446,0.3978201634877384,41.31306778572561,0.004659508629414123
BOS-DFW,BOS,DFW,629,0.2191879091538572,0.23529411764705882,55.13661413389852,0.010685708148306923
BWI-SRQ,BWI,SRQ,179,0.2191774470929327,0.25139664804469275,42.44162596271025,0.0067108481990274145
ACK-DCA,ACK,DCA,130,0.21913007176839389,0.35384615384615387,47.66732262831468,0.014462899042844353
CLT-MEM,CLT,MEM,294,0.21911471859127485,0.3333333333333333,44.75733788159429,0.011678578193774509
HOU-BWI,HOU,BWI,263,0.2190878405147179,0.3574144486692015,35.64505985390551,0.006562650597361089
CLT-RSW,CLT,RSW,222,0.21906350905428063,0.3063063063063063,41.89782363015252,0.008877484416046218
IND-DEN,IND,DEN,477,0.21905491023131138,0.2138364779874214,47.20075796135317,0.006017746169038413
PHX-OMA,PHX,OMA,300,0.21904024148980777,0.30666666666666664,41.96441887537638,0.005367470998007594
SAN-BNA,SAN,BNA,223,0.21902697459865578,0.39461883408071746,34.04834206756455,0.00825740224785275
LAS-CMH,LAS,CMH,131,0.21895728317153362,0.3511450381679389,36.50692850214834,0.005871273310869142
FAI-SEA,FAI,SEA,415,0.21894429674349636,0.14457831325301204,42.37795919395355,0.008814462834449772
CLT-SRQ,CLT,SRQ,181,0.21893762257876317,0.30386740331491713,51.578753697938026,0.00822692949089457
BOS-RDU,BOS,RDU,460,0.21892675791421662,0.2608695652173913,60.868589115142825,0.01310584862420166
PHL-CMH,PHL,CMH,331,0.21892004935042736,0.2537764350453172,46.04960375321956,0.014420581554683546
SEA-SAN,SEA,SAN,886,0.21884633825238348,0.3115124153498871,41.178101100448025,0.007294083786669447
DAL-ELP,DAL,ELP,292,0.21881481903056577,0.3047945205479452,32.85978153960345,0.006922091924541353
CLT-ORF,CLT,ORF,406,0.21874314104321554,0.3522167487684729,50.5939170950152,0.012487819739651233
SEA-MKE,SEA,MKE,119,0.2186428128170366,0.12605042016806722,32.602743325113245,0.008055004566752661
DAL-AUS,DAL,AUS,391,0.21862465483338936,0.3069053708439898,40.636165351818896,0.007179027542632621
EWR-SAN,EWR,SAN,285,0.21862091942314515,0.28421052631578947,44.840545125593216,0.014749565707387948
BNA-MYR,BNA,MYR,129,0.21861050110454708,0.3488372093023256,36.98525440600491,0.005299181031250907
BWI-GSP,BWI,GSP,118,0.2185713119047173,0.3305084745762712,31.363059060048247,0.009923041460379103
DTW-EWR,DTW,EWR,529,0.2185669891493983,0.24574669187145556,56.78315397922393,0.014990973003376793
CLT-EYW,CLT,EYW,173,0.21853937544574628,0.2658959537572254,33.8347522757646,0.01230707665937106
SAN-STS,SAN,STS,221,0.21851616558446063,0.22624434389140272,39.10203756789816,0.01628029409360576
ICT-DFW,ICT,DFW,398,0.21850552114110497,0.24371859296482412,52.15572445356666,0.015173367808112898
LAS-ABQ,LAS,ABQ,294,0.2184574294860671,0.2857142857142857,35.28478821605241,0.0038726905870528237
DEN-COS,DEN,COS,867,0.21845653161165898,0.3229527104959631,49.96541749674831,0.0099890759315269
DEN-OKC,DEN,OKC,571,0.21845308627326518,0.2626970227670753,43.674643940766934,0.007085384792075134
DAL-SAN,DAL,SAN,275,0.21841606064276262,0.4254545454545455,37.38699103442105,0.00621947804198844
LIH-HNL,LIH,HNL,1275,0.21840957108958095,0.11686274509803922,33.959100440530214,0.009464449489980127
BOS-PHX,BOS,PHX,294,0.21830104215412724,0.20068027210884354,50.92634479367003,0.008022794372361908
SFO-AUS,SFO,AUS,492,0.2182602171551406,0.3719512195121951,42.077998655598336,0.005347427379332377
RSW-ORD,RSW,ORD,350,0.21825676832880292,0.21428571428571427,45.258676580701554,0.008657779289648853
IAD-ORD,IAD,ORD,418,0.2181604684433013,0.2703349282296651,40.77066220735249,0.007221145091355372
DFW-LEX,DFW,LEX,228,0.2181210024445726,0.21929824561403508,46.43776845932007,0.011922407812804361
PDX-SAN,PDX,SAN,302,0.2180948263860696,0.347682119205298,37.451044328954836,0.006477547080554312
BWI-MYR,BWI,MYR,185,0.21804827711469418,0.2756756756756757,28.76664975140546,0.008772028564529681
DCA-SDF,DCA,SDF,158,0.21803661025589025,0.2911392405063291,46.66930858998359,0.01834718230576522
SJU-TPA,SJU,TPA,345,0.2180283523340156,0.2753623188405797,48.77631033607151,0.009050601994782814
CMH-PHX,CMH,PHX,188,0.2179889906435571,0.2074468085106383,34.43302858636734,0.009098952137022973
DEN-MSN,DEN,MSN,247,0.21789102862600374,0.2874493927125506,54.255157347150174,0.008332795523346427
PHX-EUG,PHX,EUG,120,0.21784995545943578,0.13333333333333333,38.517870060602824,0.005038465328592186
RSW-PHL,RSW,PHL,192,0.2178465532294164,0.234375,47.92299492160479,0.008815167079755694
DFW-FCA,DFW,FCA,101,0.2178029760275737,0.297029702970297,48.18199939538937,0.008191700651319606
PHX-MDW,PHX,MDW,427,0.21778191323337567,0.4098360655737705,34.52128605317734,0.005921544822939168
IAD-SJU,IAD,SJU,122,0.217754385876851,0.29508196721311475,40.85655387503202,0.006565141667169137
STL-AUS,STL,AUS,175,0.21775120360510689,0.3657142857142857,40.5835867527553,0.004710451375826129
SFO-PSP,SFO,PSP,391,0.2177155971755762,0.37595907928388744,47.66552532908252,0.013305285365542258
BWI-PIT,BWI,PIT,174,0.21768532303729277,0.3333333333333333,32.127408027648926,0.008171914141512589
LAS-TUL,LAS,TUL,134,0.21765380741944954,0.30597014925373134,38.4354648305409,0.004869436066815235
JFK-SAN,JFK,SAN,403,0.21762097436500247,0.2630272952853598,44.06272342956392,0.014318350765421563
LGA-CLT,LGA,CLT,608,0.21759848535600068,0.2730263157894737,53.79817598117025,0.014575137976402985
MDW-DTW,MDW,DTW,171,0.217550732238948,0.3567251461988304,41.22687527729057,0.008236263245344162
DEN-BIS,DEN,BIS,234,0.21754869048157308,0.2863247863247863,57.085483795557266,0.005967240706961761
CLT-JAX,CLT,JAX,298,0.2174964049118477,0.3691275167785235,49.71728486182705,0.008162271844043684
EWR-SAV,EWR,SAV,116,0.21743383220043674,0.2413793103448276,44.93757096652327,0.0127900532554558
MSP-DEN,MSP,DEN,1081,0.21738636229363004,0.2590194264569843,45.81142091883431,0.005697987682598278
DAL-SLC,DAL,SLC,120,0.21733484234039982,0.4,29.56702893972397,0.008086757603570941
MCI-MCO,MCI,MCO,254,0.2173306363099438,0.2677165354330709,40.42869548347053,0.006885248514841877
ORF-DCA,ORF,DCA,160,0.2173298225738108,0.38125,48.88999981880188,0.0161264319338895
MKE-SEA,MKE,SEA,120,0.21731739714741707,0.15833333333333333,38.73599208196004,0.006478721173092102
PHX-BNA,PHX,BNA,387,0.2173046112753624,0.3798449612403101,40.34543489608962,0.0054845732729285
ABQ-ORD,ABQ,ORD,180,0.21726557550330958,0.3277777777777778,40.87692027621799,0.009982898798821273
DTW-RSW,DTW,RSW,133,0.21725915025051376,0.15789473684210525,35.97232564768397,0.010264313740395558
FLL-CLT,FLL,CLT,420,0.21725747867354325,0.2904761904761905,51.69141280083429,0.010128995963305304
SFO-RDD,SFO,RDD,161,0.21723468777555857,0.36024844720496896,84.19372923477836,0.009212560078951935
MSP-LGA,MSP,LGA,286,0.21722951890913755,0.23776223776223776,51.10023838323313,0.0143340957274691
CLT-SYR,CLT,SYR,178,0.21721078028504767,0.398876404494382,54.4264759749509,0.00957962698303163
LGA-DTW,LGA,DTW,482,0.2171545522789861,0.24481327800829875,52.36866911812937,0.016904198106119418
SJC-AUS,SJC,AUS,174,0.21715229732551794,0.3448275862068966,38.090249494574536,0.003091354870279743
ATL-SHV,ATL,SHV,237,0.21707924119027858,0.31645569620253167,65.47270180102642,0.011650675319833681
PHX-DAL,PHX,DAL,452,0.2170780012301639,0.3053097345132743,34.89099187661061,0.007108697024370103
DEN-BZN,DEN,BZN,517,0.21707576492394193,0.28820116054158607,48.81954087048942,0.004573044854777942
LAS-FLL,LAS,FLL,140,0.21703347744686263,0.2714285714285714,50.436102226802284,0.010831667602036174
MTJ-DFW,MTJ,DFW,103,0.21691511491838011,0.20388349514563106,51.50043169040124,0.008351508590082327
AUS-DFW,AUS,DFW,793,0.2168772131354932,0.2837326607818411,58.79575228119859,0.012656387648890932
SAN-TUS,SAN,TUS,113,0.21673159545238038,0.26548672566371684,40.47394126284439,0.004929577088261252
DAL-MAF,DAL,MAF,219,0.21670055328166649,0.3744292237442922,37.30283042611597,0.006480117596220225
BOS-ATL,BOS,ATL,908,0.21669903594491766,0.24779735682819384,52.61479953522199,0.01044570694751478
MDW-AUS,MDW,AUS,260,0.21667294307396961,0.28076923076923077,33.14225712739504,0.0073873017084425535
HOU-DEN,HOU,DEN,425,0.21661258475745426,0.28941176470588237,40.699119819192326,0.0037565730195689264
MSO-SEA,MSO,SEA,144,0.21660324315437013,0.1736111111111111,41.751231498188446,0.00656216870508312
IAH-ONT,IAH,ONT,122,0.21653551889247583,0.22131147540983606,50.89795656673244,0.007144423007018497
PHL-OMA,PHL,OMA,116,0.2165246681663497,0.3017241379310345,52.026347916701745,0.013494839372693515
EWR-PDX,EWR,PDX,227,0.21646529199793477,0.2422907488986784,39.95422883390855,0.013894373590982011
DFW-MFE,DFW,MFE,410,0.21645241923085073,0.32439024390243903,37.89253310924623,0.013284727969552539
AUS-ELP,AUS,ELP,196,0.21644007762399864,0.40816326530612246,37.72137064836463,0.00292838995128569
DEN-EWR,DEN,EWR,573,0.2164217683033169,0.2844677137870855,55.78995655718898,0.010416389660851469
STX-MIA,STX,MIA,122,0.2163399363883206,0.18032786885245902,46.27514104374119,0.005361130976377696
DEN-SJC,DEN,SJC,450,0.2163312895099322,0.43333333333333335,37.90858188205295,0.003178544973014994
SFO-TUS,SFO,TUS,122,0.21630664585066622,0.3360655737704918,48.532990971549616,0.007057323994603557
CLT-ILM,CLT,ILM,255,0.21608014720327715,0.32941176470588235,45.56184111950444,0.011264534210393713
DFW-SNA,DFW,SNA,534,0.21599131614695327,0.27902621722846443,45.58272067080723,0.01391355019740083
MDW-LAS,MDW,LAS,380,0.21595966886532933,0.28157894736842104,35.33151049112019,0.007038344041865037
STL-DEN,STL,DEN,721,0.2158792922260361,0.30513176144244103,46.653974461654684,0.003952955406047047
BNA-BHM,BNA,BHM,122,0.21587239401262315,0.38524590163934425,34.619531318789626,0.004024440758540982
BOS-CLE,BOS,CLE,281,0.21580595122749696,0.199288256227758,47.593121389477275,0.013223589776809944
DEN-XNA,DEN,XNA,276,0.2157910280469535,0.2318840579710145,46.9508996700895,0.005503399672992257
EWR-RDU,EWR,RDU,284,0.21577506612094355,0.2676056338028169,47.809624007050424,0.015313323179725558
LAX-DAL,LAX,DAL,285,0.21566758547958575,0.519298245614035,31.499262694308634,0.00540528911285959
DFW-IAD,DFW,IAD,386,0.21565447844217478,0.32124352331606215,47.294501304626465,0.009729435685214264
CLT-BDL,CLT,BDL,296,0.21563085576368346,0.33783783783783783,44.50724731909262,0.010554727162249956
LAS-DSM,LAS,DSM,105,0.21558564340784436,0.18095238095238095,40.081477719261535,0.006081150228246337
SEA-PIT,SEA,PIT,120,0.21550581039239963,0.25833333333333336,32.74303305943807,0.0059851963796522
BNA-EWR,BNA,EWR,338,0.21538299192073782,0.28994082840236685,42.19237955646402,0.01141593233553757
CLT-MLB,CLT,MLB,174,0.2153725961501571,0.2988505747126437,40.71961125012102,0.015387029453947399
DCA-BNA,DCA,BNA,694,0.21533187050962826,0.30403458213256485,43.66733075837237,0.012437087531155988
EWR-TPA,EWR,TPA,359,0.2152587597707188,0.18384401114206128,46.61158892968903,0.012707850033016393
MDW-GRR,MDW,GRR,173,0.21525243794642432,0.3468208092485549,40.39869778142499,0.012378639187663793
LAS-GEG,LAS,GEG,137,0.21522849988545814,0.38686131386861317,36.411169595091884,0.004294967936837803
BZN-LAS,BZN,LAS,128,0.2151561172795482,0.2578125,43.916089966893196,0.0045626961218658835
HNL-LAS,HNL,LAS,361,0.2151297898421327,0.10803324099722991,36.24743812830494,0.004788302190316254
BOS-PHL,BOS,PHL,854,0.21499910314656812,0.2529274004683841,50.518692461053995,0.011624815236690048
JFK-CLE,JFK,CLE,167,0.21498424019999132,0.2634730538922156,50.41027948527993,0.01614259458223327
PHX-DCA,PHX,DCA,174,0.21497953880107265,0.2471264367816092,46.32810568535465,0.00955419076699249
MSP-PHL,MSP,PHL,379,0.21497311462748964,0.22955145118733508,47.27273727658556,0.011653719642176057
DEN-PDX,DEN,PDX,890,0.21491390611515956,0.33146067415730335,38.35846475108286,0.004251901190853239
BTV-CLT,BTV,CLT,158,0.21485613842930976,0.26582278481012656,46.324808820893494,0.015738381705049313
SNA-JFK,SNA,JFK,109,0.21483885025212524,0.24770642201834864,55.26283096173488,0.01353185154406018
SAN-MRY,SAN,MRY,96,0.21475567164209983,0.22916666666666666,69.20634973049164,0.014178021012672357
SFO-BOS,SFO,BOS,988,0.21475375157136184,0.31983805668016196,48.36813334414833,0.01161477157134935
DCA-GSO,DCA,GSO,108,0.21471910606379863,0.23148148148148148,41.509277237786186,0.015381084005059921
SDF-ORD,SDF,ORD,460,0.21464574965445893,0.20652173913043478,42.164880200054334,0.01424974967999722
CLE-LGA,CLE,LGA,192,0.21462394095336398,0.25,45.914595594008766,0.01888677065208968
LAS-PHX,LAS,PHX,952,0.21458160809139495,0.29096638655462187,40.921598759018075,0.004521694402079855
DTW-BUF,DTW,BUF,282,0.21453609489274364,0.25177304964539005,61.72164743842808,0.010510192507583845
HOU-DFW,HOU,DFW,319,0.2145198465888403,0.30094043887147337,49.254559412271625,0.015434930523607268
MCO-ATL,MCO,ATL,1328,0.2144704655693642,0.3049698795180723,46.63380457550646,0.008869108578772456
DAL-CMH,DAL,CMH,110,0.21445428370074793,0.4090909090909091,36.705752702192825,0.00636832626436704
MCI-DCA,MCI,DCA,308,0.214399565519257,0.2987012987012987,44.706250209312934,0.012737383701616273
TLH-DFW,TLH,DFW,165,0.21438642252575268,0.20606060606060606,42.792367068204015,0.01820587078626785
BOS-STL,BOS,STL,284,0.2143661328263476,0.29577464788732394,50.052905284183126,0.009130702532992578
CLT-TPA,CLT,TPA,418,0.21431448209014806,0.28708133971291866,49.38415450228458,0.009014213835710988
PHX-STL,PHX,STL,357,0.21427215149506135,0.3473389355742297,35.689034767845435,0.004207888962240419
PHX-DEN,PHX,DEN,1343,0.2142244011291309,0.3231571109456441,42.02334550273836,0.0037242866709995713
EWR-MCI,EWR,MCI,117,0.2140755155402371,0.37606837606837606,58.77410986484625,0.01513391993481849
BNA-DFW,BNA,DFW,621,0.21405513975739288,0.28180354267310787,44.3555096950316,0.010217091522502364
ROC-CLT,ROC,CLT,175,0.2139872773204531,0.24571428571428572,44.58739146641322,0.012130622951579946
PHX-LGB,PHX,LGB,234,0.21388614168151832,0.2564102564102564,36.58328976590409,0.003589923590164077
AUS-BNA,AUS,BNA,475,0.21386323013588002,0.35578947368421054,45.71127731022082,0.00471973925303847
DEN-BNA,DEN,BNA,688,0.21384079468458198,0.3430232558139535,37.845044443773666,0.005452986865090731
ATL-IAD,ATL,IAD,726,0.21377843782593067,0.27823691460055094,51.01776094279013,0.009382424926587257
RDU-MIA,RDU,MIA,422,0.21376217555660773,0.23459715639810427,47.5550605290309,0.009204216467904223
EWR-AUS,EWR,AUS,282,0.21357704413698075,0.2695035460992908,47.5818344210902,0.012985259085276944
STL-DFW,STL,DFW,444,0.21344286933339932,0.30855855855855857,47.85793261485057,0.011460079248294588
RDU-JFK,RDU,JFK,345,0.21342364575551903,0.3333333333333333,52.45189985745195,0.015542641773142598
BNA-SDF,BNA,SDF,122,0.21341999949979001,0.4426229508196721,40.69259066659896,0.0064504348604222305
BWI-SAV,BWI,SAV,163,0.2134154306416131,0.31901840490797545,31.885707650447916,0.009310114667302066
SFO-PHX,SFO,PHX,777,0.21338779280774842,0.3462033462033462,45.552535119664256,0.005953310496112263
PHX-MCI,PHX,MCI,362,0.2133512793324929,0.30662983425414364,42.71551798852109,0.005050587385974742
IDA-DEN,IDA,DEN,298,0.21331746093678794,0.2684563758389262,39.9490185135963,0.004183369528090354
ATL-JFK,ATL,JFK,656,0.21325727915618478,0.3079268292682927,45.23687550498218,0.012441833394373377
ATL-PVD,ATL,PVD,225,0.21324306819174024,0.28,43.918159586588544,0.012787884158736215
HOU-CRP,HOU,CRP,175,0.21323339841195516,0.33714285714285713,35.06366790226527,0.00395902792124876
LAX-ORD,LAX,ORD,1361,0.2131905536729128,0.25349008082292435,48.36511172029046,0.00741657226965551
HSV-ORD,HSV,ORD,117,0.21311002180107638,0.10256410256410256,64.39989047580295,0.01321612554025059
EWR-RSW,EWR,RSW,187,0.21310224870150102,0.3048128342245989,48.94037441518855,0.013030695789590633
MKE-DEN,MKE,DEN,478,0.21306924934978266,0.21548117154811716,43.134202135157885,0.007033884201067969
BWI-DEN,BWI,DEN,495,0.2130132284730372,0.298989898989899,36.22414171623461,0.00664020068006721
SFO-BOI,SFO,BOI,283,0.21300385144700432,0.3462897526501767,46.105163735972695,0.005389968635079981
ATL-LAS,ATL,LAS,776,0.21300031894280277,0.29381443298969073,41.863639610329855,0.006683672449527795
PHX-MRY,PHX,MRY,233,0.21281518285110784,0.1888412017167382,48.659927802024484,0.011624948107795316
ATL-SNA,ATL,SNA,178,0.21277340233660816,0.24157303370786518,35.827016841159775,0.0069826959983491504
DAL-MCI,DAL,MCI,350,0.2127045016735792,0.33714285714285713,40.15742602075849,0.006443996448731262
IAH-OMA,IAH,OMA,139,0.21269248115073006,0.3669064748201439,55.67913977533793,0.005901701480364628
PHL-PHX,PHL,PHX,416,0.21267323880098188,0.29086538461538464,47.58131634730559,0.011298421737464035
JAX-AUS,JAX,AUS,120,0.21260376373926798,0.43333333333333335,33.06503197352092,0.009684409890858243
CLT-HPN,CLT,HPN,209,0.2125515490413853,0.3588516746411483,57.024778110558906,0.015602361539019904
TYS-BNA,TYS,BNA,122,0.21248430896122925,0.1885245901639344,27.0617516040802,0.008386263963537382
ORD-RAP,ORD,RAP,239,0.21230936624016222,0.18410041841004185,48.45390957469222,0.013331520420758695
IAD-EWR,IAD,EWR,288,0.2123080402509206,0.2673611111111111,48.19748339388106,0.01142501952279298
BNA-MCI,BNA,MCI,250,0.21229960207641124,0.416,40.566816902160646,0.00522223317809403
BOS-PIT,BOS,PIT,413,0.21224629469486472,0.26634382566585957,50.281423753456686,0.012782582601490008
PHX-DSM,PHX,DSM,120,0.21222817711532116,0.30833333333333335,49.04808362325033,0.009761547769007624
MGM-IAH,MGM,IAH,122,0.2122218095865406,0.3442622950819672,67.35955519754378,0.011668945212283583
MCI-DEN,MCI,DEN,849,0.21217778998178083,0.232037691401649,41.584164423993116,0.004628620279389759
DFW-ECP,DFW,ECP,326,0.21215366467010754,0.38650306748466257,46.15663110112851,0.012276214072150151
DCA-MCO,DCA,MCO,725,0.21215142614882568,0.2786206896551724,48.93990871034819,0.010272618791148547
AUS-HOU,AUS,HOU,159,0.2121437128703549,0.49056603773584906,38.86006232927431,0.0029188390901254023
STL-CLE,STL,CLE,114,0.21207233544504434,0.2719298245614035,37.75398502015231,0.005103275800744693
BWI-RDU,BWI,RDU,303,0.2120518746106538,0.2376237623762376,31.43091528958613,0.010293257928447454
MDW-BWI,MDW,BWI,352,0.21204683752942152,0.30113636363636365,35.48444000970233,0.01074602377501999
OKC-LGA,OKC,LGA,89,0.21204527676775214,0.23595505617977527,44.10100452551681,0.018590098668663006
DEN-CLE,DEN,CLE,363,0.21201243941202635,0.25895316804407714,42.254336428051154,0.00504063966633012
LAS-SJC,LAS,SJC,615,0.21201163474621812,0.26666666666666666,36.964601515172944,0.0029024516370201718
HOU-BNA,HOU,BNA,315,0.21197559397135463,0.33650793650793653,31.776894928160168,0.005906056952794973
BHM-MCO,BHM,MCO,138,0.21197129067951354,0.26811594202898553,43.82958301599475,0.00626343901468707
BUF-JFK,BUF,JFK,213,0.21197036720217674,0.3333333333333333,65.42024042908575,0.01574414252295844
LGA-PWM,LGA,PWM,230,0.21195166477042696,0.19130434782608696,48.28606016739555,0.0179300180003047
EWR-CLE,EWR,CLE,331,0.21190674679517027,0.23867069486404835,40.736315223025414,0.014410496236946941
MSP-MSO,MSP,MSO,122,0.2119028937132632,0.20491803278688525,41.75799588688084,0.004879436225699047
BZN-DFW,BZN,DFW,183,0.21188421270560698,0.22404371584699453,44.66957498769291,0.008856987436227301
SJC-DEN,SJC,DEN,452,0.21186362801993316,0.3473451327433628,37.80594452187023,0.0031227326890515103
MIA-JAX,MIA,JAX,243,0.21182489125326337,0.37037037037037035,48.242678438194496,0.008085735902747476
DCA-JFK,DCA,JFK,374,0.21180521686845286,0.22459893048128343,46.617892127623534,0.01641244353917661
LAS-OMA,LAS,OMA,195,0.21178324574079269,0.31794871794871793,38.64225115164732,0.0034931977357094486
HOU-STL,HOU,STL,288,0.21170544729102403,0.2534722222222222,32.67645108203093,0.00399624720839337
CLT-BNA,CLT,BNA,570,0.21170454769019495,0.35789473684210527,47.788632471519605,0.010192862561451905
SEA-RNO,SEA,RNO,221,0.2116952433305628,0.17647058823529413,38.26649840169363,0.010530311690129307
DEN-SMF,DEN,SMF,768,0.2116932258165131,0.3697916666666667,37.1120600104332,0.0036532299057973113
GRR-CLT,GRR,CLT,180,0.21168726848231423,0.2388888888888889,52.6067015753852,0.008490050188394377
ORF-LGA,ORF,LGA,142,0.21163362128214097,0.20422535211267606,45.583493501367705,0.019028290497282378
MDW-BDL,MDW,BDL,164,0.21148588830923162,0.3048780487804878,32.92671037301785,0.009715219362901
DTW-ORF,DTW,ORF,120,0.21144511053959528,0.275,46.69565172195435,0.00871067883286503
MKE-PHL,MKE,PHL,160,0.21137182777747512,0.29375,49.10845339298248,0.01415331621275662
RSW-BWI,RSW,BWI,177,0.21136901912800335,0.22033898305084745,30.604316040620965,0.00945445258290537
MSY-MCO,MSY,MCO,363,0.21128979169304377,0.3002754820936639,33.164873890311924,0.006340629579099869
MSP-FCA,MSP,FCA,102,0.21125779958332286,0.1568627450980392,39.755095201380115,0.009432262284498588
CLT-SDF,CLT,SDF,283,0.21123759266871026,0.33568904593639576,49.33352611258679,0.013119830618259208
SGF-DFW,SGF,DFW,521,0.21121690422296524,0.20153550863723607,40.91319205527571,0.01366778403180026
FSD-DEN,FSD,DEN,362,0.21109368868213332,0.1850828729281768,60.496329229839596,0.012801189215420044
IAH-CVG,IAH,CVG,108,0.21108029244674575,0.3611111111111111,38.781525965090154,0.006990395541892413
IAH-EWR,IAH,EWR,588,0.21107334971782707,0.32653061224489793,53.84227760146264,0.010682505004291163
LGA-GRR,LGA,GRR,162,0.2110651780701714,0.1728395061728395,49.54253564057527,0.0159723236204379
PHX-MIA,PHX,MIA,301,0.21103576320746412,0.3853820598006645,47.70514139067691,0.005559452359049924
SFO-BNA,SFO,BNA,217,0.21100176208167581,0.3778801843317972,40.29308015410252,0.006433490534476112
DCA-HOU,DCA,HOU,174,0.2109802993678156,0.40804597701149425,31.26109685568974,0.007945102909838573
SJU-ORD,SJU,ORD,207,0.2109241899876779,0.19806763285024154,34.80380750739056,0.013637823304117705
PHL-CLT,PHL,CLT,561,0.21084444107962588,0.27629233511586454,52.64561052713377,0.011366014368034746
AUS-TPA,AUS,TPA,239,0.21083788366434963,0.27615062761506276,39.04120426896227,0.00542405016878081
MCO-DEN,MCO,DEN,815,0.21079904414210582,0.22699386503067484,45.04953244566186,0.00627361568956932
MCO-SAN,MCO,SAN,235,0.21074651058049912,0.251063829787234,45.70964423240499,0.008978945292524585
CID-DEN,CID,DEN,255,0.21074608599438388,0.26666666666666666,59.23964445824716,0.008620510332505493
DEN-FAT,DEN,FAT,243,0.21070806286585184,0.3292181069958848,36.27720618149871,0.006863155778796401
LAS-SMF,LAS,SMF,657,0.21067923772371341,0.2709284627092846,35.85138681707861,0.0031127119668987314
JNU-ANC,JNU,ANC,239,0.21058517158280857,0.10460251046025104,44.0791639862699,0.014161386124697733
EWR-MEM,EWR,MEM,107,0.21053650487806194,0.18691588785046728,52.48346749421592,0.017349847447371385
IND-ORD,IND,ORD,847,0.21048444241214953,0.21251475796930341,48.099379094741984,0.014563455737774442
MSP-BZN,MSP,BZN,175,0.21045833664281027,0.19428571428571428,48.54849172319685,0.00490520413146791
ALO-ORD,ALO,ORD,95,0.21045473076795276,0.3368421052631579,49.79103987844367,0.011851893449645667
SFO-EWR,SFO,EWR,699,0.21044192122074326,0.26895565092989987,47.09894604607884,0.010519722535282494
AUS-MSY,AUS,MSY,283,0.21042171143021685,0.3392226148409894,38.71430859717379,0.0035537036911894877
DEN-BOI,DEN,BOI,509,0.21041927584730571,0.3477406679764244,36.755714611360744,0.0036543941359923338
CLT-PHL,CLT,PHL,562,0.21036321671142696,0.2704626334519573,47.695444210568354,0.010945785170065003
PHL-SLC,PHL,SLC,149,0.2103019816763449,0.2751677852348993,47.07770086454865,0.011223873665276307
XNA-LGA,XNA,LGA,137,0.21027615960061985,0.19708029197080293,52.57377059268255,0.018023682070101143
SJC-LAS,SJC,LAS,589,0.2102752364159946,0.21222410865874364,37.929653237347694,0.003598054353190221
MDW-TUL,MDW,TUL,117,0.21022484534316593,0.358974358974359,39.42271560277694,0.009529010900372609
SLC-SFO,SLC,SFO,580,0.21020063788726412,0.5896551724137931,47.228243089544364,0.005949329904532869
AUS-DAL,AUS,DAL,388,0.2101941272885222,0.31958762886597936,38.027026268624766,0.005809602168090831
PHX-ONT,PHX,ONT,453,0.21011996051300705,0.30242825607064017,37.95269770127522,0.004903851548506581
JFK-IND,JFK,IND,165,0.20993362574866323,0.21818181818181817,51.75994133226799,0.01622975528586269
TPA-SEA,TPA,SEA,180,0.20985900801089075,0.25555555555555554,30.543700419531927,0.0049321884187040746
DEN-ICT,DEN,ICT,458,0.2098256016564942,0.2903930131004367,46.94856914786793,0.0059757400000386915
DEN-CVG,DEN,CVG,257,0.209808362423214,0.28793774319066145,38.25484554869656,0.005236107752654831
OAK-PHX,OAK,PHX,303,0.20976787516632095,0.2706270627062706,35.1544400394553,0.0028888015259729057
MCO-MSP,MCO,MSP,299,0.20976257958390243,0.2842809364548495,59.465211164991196,0.007801409763209769
PLN-DTW,PLN,DTW,118,0.2095022808949826,0.1694915254237288,52.59294060529289,0.020738779019345257
BHM-DCA,BHM,DCA,155,0.20949940561286864,0.3032258064516129,53.985240284089116,0.015892319176669067
SGF-DEN,SGF,DEN,276,0.209462342729819,0.23550724637681159,49.39184748262599,0.006988330085220535
ORD-HHH,ORD,HHH,121,0.20945439530798227,0.10743801652892562,50.94000704426411,0.011101530135807688
DTW-MDW,DTW,MDW,173,0.2094424409587259,0.43352601156069365,36.80830102159798,0.007850256039361868
CLE-DTW,CLE,DTW,234,0.20943887589069513,0.17094017094017094,61.17559422387017,0.008774318777896622
STL-MCI,STL,MCI,182,0.2094264043556465,0.3131868131868132,43.70347675386366,0.004444928117004315
PHX-BFL,PHX,BFL,215,0.20939319466435632,0.1813953488372093,46.134768020275025,0.012588020030374604
BOS-AUS,BOS,AUS,331,0.20939056365961756,0.3021148036253776,55.53999393151966,0.009634009107632383
RDU-EWR,RDU,EWR,290,0.2093889784453244,0.2206896551724138,46.37588662772343,0.01321809479084454
BNA-CMH,BNA,CMH,200,0.20935479182749986,0.4,34.48822208404541,0.006686465630530199
DEN-FAR,DEN,FAR,276,0.20930661666004555,0.2246376811594203,51.21433941523234,0.005847747028311076
CVG-MCO,CVG,MCO,304,0.20927544166088888,0.24671052631578946,52.04726629508169,0.008234465182564219
DAL-SAT,DAL,SAT,445,0.20919851590408367,0.3707865168539326,37.86558512569813,0.006926040044821849
AUS-SAN,AUS,SAN,424,0.20916327790199024,0.37264150943396224,44.32720125396297,0.004409173788507114
PHX-ELP,PHX,ELP,391,0.20916053736606216,0.40153452685422,39.78182655832042,0.00445565940720527
ATL-RSW,ATL,RSW,419,0.20914897651618305,0.2577565632458234,35.154248164775545,0.01105642613318764
LAS-OKC,LAS,OKC,225,0.20910972803831102,0.3333333333333333,35.61963781568739,0.0065874159171254235
CLT-MSN,CLT,MSN,172,0.2090787633733694,0.31976744186046513,50.86306911291078,0.011327578177697015
AUS-ECP,AUS,ECP,127,0.20905139127115566,0.28346456692913385,48.03320812615823,0.003414564380646041
PIT-MDW,PIT,MDW,169,0.20900468647303666,0.25443786982248523,38.80514200199285,0.006411010806581804
SAN-ORD,SAN,ORD,748,0.2089955471754871,0.25133689839572193,45.59683639607965,0.012778945066092253
SFO-MIA,SFO,MIA,350,0.2089358211840902,0.3457142857142857,44.86855666024344,0.0066054506935844465
AVP-ORD,AVP,ORD,118,0.20892980050737575,0.2288135593220339,36.4588024333372,0.016186523839037438
JFK-SAV,JFK,SAV,103,0.20884726478636845,0.2912621359223301,51.2036865567698,0.011573998625351101
DCA-IND,DCA,IND,327,0.2088228120306216,0.22018348623853212,43.84659053790824,0.014220315806004543
BWI-ORD,BWI,ORD,462,0.20879017068194106,0.23376623376623376,42.705467269534154,0.01412875423006512
MCO-MHT,MCO,MHT,101,0.20878205500026742,0.1782178217821782,49.46139356405428,0.0067858849378193125
ONT-SFO,ONT,SFO,242,0.20873914726755835,0.6115702479338843,50.50022787299038,0.006996615189070135
HOU-MCO,HOU,MCO,376,0.20866610781547237,0.28191489361702127,32.10153587574654,0.0051169781360505635
SMF-GEG,SMF,GEG,112,0.20857334256704366,0.2767857142857143,34.16825589963368,0.004296120573209399
MCI-IAD,MCI,IAD,117,0.20854012120483267,0.1452991452991453,44.54775215214134,0.010920268172382942
LAR-DEN,LAR,DEN,104,0.20851711119310215,0.5192307692307693,50.61130848297706,0.005515537512976499
CWA-ORD,CWA,ORD,175,0.20848534992762974,0.14285714285714285,49.373580889020644,0.015122845738559314
MSP-GEG,MSP,GEG,172,0.20843680484523608,0.1569767441860465,41.38550039779308,0.005594420713114127
DFW-LFT,DFW,LFT,280,0.20828086398541928,0.2785714285714286,55.71984146663121,0.014776237954481922
CLT-IAH,CLT,IAH,397,0.2082262556408755,0.3224181360201511,43.42403618214413,0.01089873859561535
JMS-DEN,JMS,DEN,105,0.20819973718552362,0.2857142857142857,54.24098626999628,0.010922982251005513
CLT-DEN,CLT,DEN,448,0.20817912990293866,0.33482142857142855,46.20726095352854,0.0068750336126340815
DTW-TPA,DTW,TPA,269,0.20816449984409552,0.16728624535315986,47.27112860839163,0.007952331437817997
STL-PIT,STL,PIT,114,0.20807820931077003,0.24561403508771928,34.05066900085985,0.004815454870511435
BNA-JAX,BNA,JAX,178,0.20803926680027768,0.42696629213483145,32.09005198853739,0.006560223086530136
MDW-PVD,MDW,PVD,164,0.2079989663438826,0.2682926829268293,36.723046919194665,0.01059630903565955
PHX-OKC,PHX,OKC,302,0.20797070478465382,0.28807947019867547,45.223280597206774,0.009245429701316279
EWR-ATL,EWR,ATL,960,0.20791341756315282,0.2864583333333333,50.27974082628886,0.014531013351786217
OAK-LAS,OAK,LAS,591,0.20787734497344837,0.31810490693739424,39.7490049723643,0.0038409617873338313
MSP-DFW,MSP,DFW,577,0.20785536166390264,0.25476603119584057,52.31374223269458,0.011654978329999892
RDU-MCO,RDU,MCO,432,0.20783523297696202,0.2569444444444444,53.71984848048952,0.009185840301832279
SJU-MIA,SJU,MIA,429,0.20768528447284565,0.17482517482517482,47.54378666244187,0.007563807998876803
JAX-PHL,JAX,PHL,302,0.20767263902832342,0.2913907284768212,56.80830911295303,0.012483545071962808
BNA-CHS,BNA,CHS,179,0.20760129288088677,0.441340782122905,30.74377665706187,0.006554537311258072
GSO-ORD,GSO,ORD,174,0.2075912420605791,0.1839080459770115,42.49496390901763,0.01684030610559091
DFW-GCK,DFW,GCK,120,0.2075534948458274,0.24166666666666667,44.89771032333374,0.010874449968153288
PHX-LAS,PHX,LAS,951,0.2074902759733699,0.29337539432176657,39.420483710011226,0.00490308606787754
IAH-BNA,IAH,BNA,250,0.20744612899422646,0.34,43.8179737663269,0.007032791941633655
COS-PHX,COS,PHX,174,0.2074396961165228,0.25862068965517243,37.244663594783034,0.004149011891581461
MKE-MSP,MKE,MSP,354,0.20733347168918384,0.15819209039548024,56.58020884842522,0.00991721728908449
BNA-PIT,BNA,PIT,191,0.2071596141807072,0.418848167539267,39.89888024454966,0.005122213953048534
AUS-PHX,AUS,PHX,509,0.20715583253410336,0.2868369351669941,41.69796895231386,0.004671836569160949
MDW-SRQ,MDW,SRQ,109,0.20712696439629302,0.1834862385321101,38.396368621686186,0.007140962976596451
MEM-LGA,MEM,LGA,216,0.20711998593200137,0.1712962962962963,40.35351090961032,0.016736744231699654
DEN-ABQ,DEN,ABQ,612,0.20711494356491209,0.2777777777777778,41.03940358193092,0.005145132881217008
CLT-DFW,CLT,DFW,640,0.20710988690843807,0.3046875,46.68223722279072,0.010784225576709158
CVG-PHL,CVG,PHL,263,0.2070988924897669,0.23574144486692014,64.39118879194949,0.015550495502160526
PHL-MSP,PHL,MSP,376,0.20708135133014716,0.22606382978723405,52.027979541332165,0.01331520772943593
ABQ-SAN,ABQ,SAN,121,0.20707307983774784,0.32231404958677684,29.48829244582121,0.005721362898403332
LAS-BZN,LAS,BZN,127,0.20705949075109376,0.31496062992125984,37.53000263904962,0.004358339034297387
ROW-DEN,ROW,DEN,120,0.2070563929155469,0.4583333333333333,57.283126004536946,0.006226205415871056
MEM-DFW,MEM,DFW,382,0.207049716907646,0.24607329842931938,40.590666081892884,0.009028838633830789
SAF-DEN,SAF,DEN,299,0.2070037374727702,0.21070234113712374,41.214774466677255,0.006167112459296441
BOS-DEN,BOS,DEN,750,0.20698502760132154,0.28,50.750588364919025,0.007588790497113648
PHX-ORD,PHX,ORD,815,0.2069849728623782,0.30552147239263805,44.86002579905504,0.007781547113786833
LAS-SNA,LAS,SNA,594,0.20692637586583593,0.23232323232323232,33.663846304922394,0.003810124627846248
PHL-DSM,PHL,DSM,126,0.2069005190971352,0.35714285714285715,53.11067008972168,0.013863675289508635
BOS-LAS,BOS,LAS,191,0.2068474839261065,0.2670157068062827,48.314437426821726,0.00780150512852658
DAL-IND,DAL,IND,120,0.20679738642647863,0.4083333333333333,31.153813163439434,0.007390387521764217
STS-PHX,STS,PHX,120,0.206785270323356,0.4083333333333333,51.49865557352702,0.010741268369284544
IAD-DFW,IAD,DFW,382,0.20678523539794677,0.31151832460732987,50.424416302386376,0.01282576002817297
ORD-ILM,ORD,ILM,174,0.20677664953059163,0.14367816091954022,52.55775809013981,0.013547489890562637
PHX-ABQ,PHX,ABQ,489,0.20677074850946361,0.35173824130879344,37.38721649193325,0.005564696289996992
MSP-FAR,MSP,FAR,188,0.2067574547167788,0.21808510638297873,43.91826839649931,0.006936472544615018
IAH-SEA,IAH,SEA,447,0.2067392979492277,0.22371364653243847,42.05307627257618,0.005308089991168734
HNL-JFK,HNL,JFK,115,0.2067062605334365,0.19130434782608696,42.73485110739003,0.013311998865215993
JFK-CMH,JFK,CMH,206,0.2066516074740771,0.23300970873786409,41.7722791282876,0.016246063716928747
SEA-LAS,SEA,LAS,964,0.20661952048230964,0.23236514522821577,37.95547156511995,0.005358487988311282
MSP-ANC,MSP,ANC,227,0.20656059478873198,0.23348017621145375,44.57321825741671,0.007990595244082691
LEX-DFW,LEX,DFW,227,0.2064944287425621,0.2599118942731278,55.75027745620795,0.013731040465272177
LAS-FAT,LAS,FAT,294,0.2064937996950482,0.3401360544217687,39.82602993322878,0.006061326840584091
ANC-LAS,ANC,LAS,122,0.2064456237388439,0.2459016393442623,37.15730718706475,0.009449776796410318
SFO-ACV,SFO,ACV,210,0.20641724204733258,0.44285714285714284,85.42624647957938,0.009175047202809872
OKC-DFW,OKC,DFW,583,0.20639308552236948,0.2281303602058319,44.10768577287782,0.014483007503948455
ILM-LGA,ILM,LGA,168,0.20638042200534118,0.25,52.63398069427127,0.01897810692521366
CLT-TUL,CLT,TUL,120,0.2063776568820079,0.35833333333333334,51.590810489654544,0.008001309350009792
MDW-IND,MDW,IND,121,0.20635527815700563,0.2809917355371901,34.598367722566465,0.008927744652953793
MIA-CMH,MIA,CMH,226,0.20630781800873513,0.24778761061946902,35.20739911931806,0.008495308991430937
EWR-DFW,EWR,DFW,618,0.2062995238018653,0.2669902912621359,53.24059603669497,0.014588767373043307
MIA-IAH,MIA,IAH,556,0.20626222385133772,0.23201438848920863,45.0005676523387,0.007065661338443624
DEN-SUN,DEN,SUN,121,0.20620372207943072,0.2644628099173554,57.906129253797296,0.005998277199677815
PHL-MEM,PHL,MEM,162,0.20615930846075953,0.29012345679012347,44.94092020576383,0.015640884773990914
DEN-MCO,DEN,MCO,802,0.20614794072256123,0.2892768079800499,41.84563235986857,0.0046257659437527
GRR-MSP,GRR,MSP,233,0.20612680010273732,0.21030042918454936,47.69286202361144,0.008788506264645087
TPA-DFW,TPA,DFW,512,0.20602652426168788,0.333984375,51.26023827493191,0.011173456698512533
BUF-MDW,BUF,MDW,177,0.205988527943859,0.2937853107344633,37.348780443439374,0.008580195762288686
MDW-OKC,MDW,OKC,118,0.2059873542669466,0.3644067796610169,34.52746630523164,0.0133888352219565
MDW-STL,MDW,STL,325,0.2059585629059718,0.25846153846153846,30.48341447683481,0.008199386488267048
BQN-MCO,BQN,MCO,226,0.20591761600391,0.2345132743362832,64.10430057491877,0.010507571719715307
TVC-CLT,TVC,CLT,117,0.205848128367693,0.1794871794871795,42.094453795343384,0.015672049993852608
BUR-SFO,BUR,SFO,521,0.2058427958050296,0.6295585412667947,56.01254449650331,0.00743923756373027
CLE-FLL,CLE,FLL,237,0.2058311039071043,0.1308016877637131,44.64602055931896,0.011211251243188673
BWI-RIC,BWI,RIC,117,0.20582294425903222,0.41025641025641024,36.57654287876227,0.00977606903074584
EWR-PIT,EWR,PIT,217,0.20582056526214845,0.2903225806451613,36.50651138059555,0.018978304637611406
SAT-ORD,SAT,ORD,338,0.20581858924771906,0.25443786982248523,50.70545278357331,0.012703529531294904
SEA-DEN,SEA,DEN,1300,0.20581387968017506,0.29846153846153844,42.99417401680579,0.004942743141014024
PHX-DRO,PHX,DRO,181,0.20581114893130834,0.19889502762430938,56.032309021080394,0.008129710532230897
TYS-DEN,TYS,DEN,219,0.2056899270442523,0.2465753424657534,33.365845545241825,0.00640076211952853
MSN-DEN,MSN,DEN,243,0.20567269727526377,0.2139917695473251,47.743472440743155,0.0074301368611150356
PBI-BWI,PBI,BWI,180,0.2056581457455953,0.2222222222222222,36.04049203925663,0.008691279352265033
BUF-DTW,BUF,DTW,281,0.20565225038133905,0.18149466192170818,66.275360080271,0.011212773778753585
PDX-BOS,PDX,BOS,210,0.20560034357366108,0.2571428571428571,46.608248756045384,0.013483109338165716
DEN-HYS,DEN,HYS,102,0.20555547084294112,0.4019607843137255,57.77983699125402,0.006066049027833201
ATL-BUF,ATL,BUF,281,0.20555451104013098,0.33451957295373663,44.76638973819828,0.010101652924074896
GJT-DEN,GJT,DEN,415,0.20551257754664823,0.21445783132530122,45.026581024261844,0.01035095301799279
CMH-DFW,CMH,DFW,293,0.2054253458061316,0.19112627986348124,48.30967922666374,0.013082291165569632
BUF-DFW,BUF,DFW,124,0.2053923877857385,0.29838709677419356,54.24317978274438,0.010731444590223523
MCO-RDU,MCO,RDU,433,0.2053484078367643,0.2632794457274827,49.03748654548345,0.011339282096027647
LAX-LAS,LAX,LAS,1278,0.2053269123562345,0.27699530516431925,43.80776791841212,0.004663352786112884
ICT-DEN,ICT,DEN,456,0.2053059140841166,0.21052631578947367,47.730895478474466,0.010702799482185856
SEA-PHX,SEA,PHX,1140,0.20513716991664024,0.2771929824561403,34.53964156518903,0.005049508955303674
DEN-DCA,DEN,DCA,217,0.205092796257564,0.2304147465437788,47.79932077469364,0.011517337523400784
HNL-SLC,HNL,SLC,113,0.2050830424491283,0.1504424778761062,29.786567738625855,0.0068995809444218625
MDW-MCI,MDW,MCI,397,0.20505880114038286,0.3047858942065491,43.07288501604979,0.008406012934570816
LAS-DEN,LAS,DEN,1142,0.20505482187386986,0.3178633975481611,41.77336025530319,0.003647071829980876
LGA-IAD,LGA,IAD,110,0.20501903640952976,0.21818181818181817,53.80316838351163,0.015576868959259792
LGA-IAH,LGA,IAH,660,0.20498873123503997,0.2818181818181818,52.59278998808427,0.014904473851638402
MCI-LGA,MCI,LGA,326,0.20498471515127487,0.25766871165644173,43.40291684975654,0.015674648085690062
ATL-GRR,ATL,GRR,225,0.20492157571845585,0.2,34.7889347076416,0.008324250654803345
ATL-JAX,ATL,JAX,733,0.20489804666250497,0.28512960436562074,41.43323724234088,0.007787638930603862
CLT-CRW,CLT,CRW,154,0.20485927919288735,0.35714285714285715,46.744515394235584,0.014971616472249016
ONT-LAS,ONT,LAS,413,0.20483476463840602,0.3075060532687651,42.43504178091054,0.006921542982341886
DSM-LAS,DSM,LAS,105,0.20483404128324417,0.20952380952380953,39.811637551443916,0.006317154621882808
RSW-MDW,RSW,MDW,167,0.2048197978449439,0.30538922155688625,35.04993077523694,0.012275718329153184
LGA-MKE,LGA,MKE,198,0.2048137905922803,0.18686868686868688,45.169678851811575,0.016954612251169777
CLT-PHX,CLT,PHX,482,0.20477985851930386,0.27385892116182575,41.50688759815643,0.007611141104755292
MFR-SFO,MFR,SFO,179,0.2047797255426146,0.5418994413407822,53.02487422367714,0.0050073194385157616
DFW-JAN,DFW,JAN,341,0.2047365600805828,0.36070381231671556,54.119214916508916,0.013433018688675006
BOS-MIA,BOS,MIA,523,0.20471898583164636,0.15678776290630975,53.01732664673552,0.009716227308398854
RNO-LAS,RNO,LAS,770,0.2047126898711378,0.21818181818181817,35.80920032897553,0.00812944227444613
BUF-DEN,BUF,DEN,134,0.20469100545368976,0.3582089552238806,43.0185162416145,0.006295335435642124
PHX-BOI,PHX,BOI,353,0.20466741275770467,0.254957507082153,35.96317897099611,0.0046557371319129555
BNA-MDW,BNA,MDW,327,0.20466688595461555,0.4434250764525994,33.215079494208005,0.005877925832574074
DEN-CID,DEN,CID,255,0.20464106316075606,0.22745098039215686,58.399017221787396,0.010875508645767695
OGG-HNL,OGG,HNL,1556,0.20460414262320895,0.11889460154241645,30.968099317391307,0.0066476207973003845
CLT-RDU,CLT,RDU,522,0.20458066644739373,0.30842911877394635,52.85662739852379,0.009686432063306978
BNA-CVG,BNA,CVG,121,0.20453693834710712,0.2809917355371901,30.808915823944343,0.005702912471577769
LAX-MDW,LAX,MDW,223,0.20453548023786244,0.32286995515695066,33.86494264902021,0.005606273623941615
STL-MDW,STL,MDW,324,0.20444437031300716,0.2932098765432099,37.72070079379611,0.006471472754227844
ATL-HPN,ATL,HPN,111,0.20433621658935203,0.23423423423423423,44.769553107184336,0.008229433201742754
ONT-DFW,ONT,DFW,410,0.20432813298411487,0.23170731707317074,48.27219207577589,0.011418095106733436
OMA-DFW,OMA,DFW,264,0.20429956771884905,0.3333333333333333,53.85610050866098,0.013961596637964249
LNK-DFW,LNK,DFW,113,0.20429839431184582,0.168141592920354,70.37898109233485,0.011901407696954582
LAX-OAK,LAX,OAK,327,0.20419229653632603,0.26299694189602446,32.31906134127112,0.005149486604595284
DTW-PHL,DTW,PHL,501,0.20417476589689235,0.26746506986027946,55.67075329245684,0.012866596643259053
PHX-SAT,PHX,SAT,401,0.20414409314530746,0.27680798004987534,38.443147052850506,0.004282290731455282
JAX-CLT,JAX,CLT,299,0.20408270910481943,0.2842809364548495,40.866050244972456,0.008968593619231666
ALB-DEN,ALB,DEN,115,0.204076338203057,0.391304347826087,47.534968931778614,0.00844026475894351
LIH-OGG,LIH,OGG,244,0.20406983179024984,0.1557377049180328,32.23230731682699,0.005574849519122881
MDW-MEM,MDW,MEM,120,0.20398277348528307,0.36666666666666664,35.92818703651428,0.011092522551809422
CVG-VPS,CVG,VPS,100,0.20397489473223687,0.25,45.61872096061707,0.006412578141316771
ATL-ALB,ATL,ALB,175,0.2039173150062561,0.2742857142857143,39.216053205217634,0.010848870516530962
SAN-OGG,SAN,OGG,183,0.20389885687437215,0.1912568306010929,27.188230347763646,0.010612512480650768
DEN-CYS,DEN,CYS,121,0.20385981505074777,0.256198347107438,52.72106479613249,0.005861718463329751
SEA-BWI,SEA,BWI,177,0.20383193928979884,0.2711864406779661,31.58494120667883,0.00829911116489818
MOT-MSP,MOT,MSP,239,0.20378764160756785,0.17573221757322174,65.3056371840473,0.011590441420613003
SAN-ABQ,SAN,ABQ,119,0.20375054843035065,0.3277310924369748,30.52767837748808,0.007472681303023677
MRY-PHX,MRY,PHX,232,0.2037286052865715,0.1336206896551724,46.77347724191074,0.00610560922729546
MCO-ISP,MCO,ISP,236,0.2036588928204472,0.2584745762711864,50.020402787095406,0.011515565545243375
SEA-MCI,SEA,MCI,250,0.20365626069903373,0.204,43.257556274414064,0.0070367069863714275
BWI-BNA,BWI,BNA,287,0.20363208215411116,0.2961672473867596,27.066852237289375,0.008770896230408972
IDA-DFW,IDA,DFW,117,0.203626876967585,0.2564102564102564,44.825849753159744,0.009551866266296291
BNA-MSY,BNA,MSY,235,0.20358478892990883,0.3659574468085106,32.26403673050251,0.004297362839644577
HPN-CLT,HPN,CLT,207,0.2034818269132416,0.3526570048309179,60.58190950218606,0.016916355530659087
HNL-OGG,HNL,OGG,1559,0.2034801444907346,0.13598460551635663,24.489619291157506,0.008181377826497036
BOS-CMH,BOS,CMH,331,0.20337099260073774,0.18731117824773413,38.34612347064061,0.014428077057155585
ATL-ORF,ATL,ORF,540,0.20333927446217448,0.26296296296296295,44.1627277692159,0.009509836418730934
BNA-DEN,BNA,DEN,681,0.20317463146826245,0.35976505139500736,35.219333809727964,0.005410103585966157
CMH-LGA,CMH,LGA,413,0.2030778681863884,0.14043583535108958,42.0827105709196,0.017470527515652475
PIT-ORD,PIT,ORD,729,0.2030663978006941,0.21810699588477367,53.19841321440227,0.011087810329627246
SAN-BWI,SAN,BWI,202,0.20305999829479965,0.3910891089108911,34.19343857954044,0.010931219134711477
OMA-DCA,OMA,DCA,107,0.2029988764323921,0.2897196261682243,42.490357764413424,0.012414916673988368
SAV-EWR,SAV,EWR,113,0.20293117604688204,0.22123893805309736,49.874637325253104,0.013002894822631247
EWR-SRQ,EWR,SRQ,117,0.2029188642771835,0.38461538461538464,50.78164234324398,0.012947331171207985
LAX-DCA,LAX,DCA,230,0.20289840539512427,0.26521739130434785,43.69583624134893,0.011787209358390931
PHX-DFW,PHX,DFW,915,0.2028566886737047,0.25792349726775954,43.66866283104068,0.008552869526330003
LAS-BUR,LAS,BUR,598,0.20276271622864697,0.24414715719063546,40.23413400426756,0.004876872915291278
ABE-SFB,ABE,SFB,111,0.20274245020774034,0.32432432432432434,45.31285110679833,0.0073520153685397395
LAS-ONT,LAS,ONT,416,0.20271530279961342,0.30528846153846156,41.23261475792298,0.004955435129669027
COS-DFW,COS,DFW,354,0.2026356917905942,0.288135593220339,46.2270716866531,0.013028250739827834
DFW-ROW,DFW,ROW,178,0.2025900584425819,0.19101123595505617,50.17697331074918,0.013433510335264624
RDU-SEA,RDU,SEA,182,0.20257927448703691,0.1978021978021978,37.23751030387459,0.009076188796885556
SJU-BWI,SJU,BWI,227,0.20255607048189062,0.14537444933920704,32.78310406050493,0.010200556087018881
DTW-APN,DTW,APN,105,0.20247889373983655,0.11428571428571428,62.20567597888765,0.017721607648539094
AGS-DFW,AGS,DFW,121,0.20246487628083584,0.23140495867768596,74.78282562760282,0.018670316043426283
DTW-ROC,DTW,ROC,102,0.20244125422893786,0.22549019607843138,51.552560581880456,0.011501329100260941
MIA-GSP,MIA,GSP,130,0.20236027057354267,0.2846153846153846,41.04024508549617,0.010485947232406872
STL-EWR,STL,EWR,164,0.20234995253565835,0.22560975609756098,48.1459113272225,0.015084926803995456
LGA-RSW,LGA,RSW,102,0.20233598884706402,0.29411764705882354,50.14933688967836,0.014479078894311732
DRO-DFW,DRO,DFW,303,0.20229043265675553,0.1848184818481848,51.2543615523738,0.012736873189137105
SYR-DTW,SYR,DTW,224,0.20227448579056986,0.16071428571428573,63.76417626653399,0.00958814842833413
BGR-EWR,BGR,EWR,163,0.20218833078818818,0.34355828220858897,62.83766670461081,0.015372023779571383
SYR-CLT,SYR,CLT,176,0.20215655651620842,0.25,56.27365896918557,0.00917374199618482
CVG-SEA,CVG,SEA,173,0.20211425591583196,0.16184971098265896,39.891330145687036,0.010721588084700308
PHX-SJC,PHX,SJC,435,0.20209996851011255,0.3103448275862069,33.99454976553204,0.0034455438671970326
BWI-AUS,BWI,AUS,206,0.2020894724477842,0.32038834951456313,31.351760267053994,0.008006708166517672
BOS-MSY,BOS,MSY,119,0.20208531943689875,0.25210084033613445,45.508286548261886,0.010393618140369654
KTN-SEA,KTN,SEA,295,0.2020577156947831,0.12542372881355932,40.6481294082383,0.014489508259135324
ROC-ATL,ROC,ATL,171,0.20204720075367488,0.23391812865497075,49.74736417803848,0.01283936357312945
SMF-LAS,SMF,LAS,647,0.20202467121310544,0.23338485316846985,38.351270005728765,0.003460713331117679
LNS-ORD,LNS,ORD,96,0.2020008882197241,0.2916666666666667,59.72887770334879,0.011863246274245258
ATL-PWM,ATL,PWM,172,0.20186225056301715,0.38372093023255816,36.42963164351707,0.00870888073272495
FLL-LAX,FLL,LAX,353,0.20178239421111666,0.24929178470254956,46.09241167073885,0.007240546043564217
BUR-LAS,BUR,LAS,623,0.2017687199933284,0.18459069020866772,38.49979619382855,0.00783856188354548
DEN-DFW,DEN,DFW,1058,0.20167977628359723,0.3393194706994329,48.20936610613067,0.010171427437349551
CLT-DAB,CLT,DAB,231,0.20164913148720026,0.24675324675324675,44.51968799112163,0.016938934867807443
DEN-DRO,DEN,DRO,351,0.2016462080626406,0.2621082621082621,50.08831350212423,0.009717721969552211
CLT-ALB,CLT,ALB,180,0.2015781403829654,0.28888888888888886,43.383006487952336,0.007242166471940295
SEA-OMA,SEA,OMA,120,0.201449033866326,0.15,30.489862616856893,0.005341244301535497
MSP-SAT,MSP,SAT,166,0.2014436128448291,0.23493975903614459,47.13667543250394,0.0055052000862551775
ROC-EWR,ROC,EWR,115,0.2013422791076743,0.2,58.13772070511528,0.015750845678150653
SAT-BNA,SAT,BNA,174,0.2013260685763825,0.367816091954023,35.58520220888072,0.0054983677236097196
HSV-DFW,HSV,DFW,369,0.2013057603987898,0.1842818428184282,54.66856452507702,0.012977573305066109
HOU-MAF,HOU,MAF,225,0.20130208164453506,0.3288888888888889,30.60551349427965,0.006249531503512405
BNA-LAS,BNA,LAS,346,0.20126617144298004,0.34971098265895956,32.89780813696756,0.0056208060498776115
MCO-PHX,MCO,PHX,302,0.20123207952753203,0.22847682119205298,38.145834697003394,0.007293898619153831
MDW-CMH,MDW,CMH,227,0.2012272279561879,0.2555066079295154,36.638568911783494,0.007847089397696906
SNA-DFW,SNA,DFW,529,0.20120383827244628,0.22684310018903592,45.23998963584972,0.01269527607512745
MCI-PHX,MCI,PHX,365,0.20119481848119056,0.2273972602739726,35.03662822671132,0.005314266220006676
EWR-SLC,EWR,SLC,202,0.20119121493679462,0.23267326732673269,42.904819856775866,0.013194233930965022
LAX-PHL,LAX,PHL,470,0.20119002932246696,0.26382978723404255,49.61161874000062,0.008773041204049075
MSP-BOI,MSP,BOI,168,0.20112919106724717,0.17261904761904762,35.08158771197001,0.004758974134593325
SHV-DFW,SHV,DFW,390,0.20107376504784974,0.2564102564102564,56.01323682344877,0.015416307354490589
PHX-EWR,PHX,EWR,386,0.20087497183387143,0.25129533678756477,52.734382271148995,0.010348118454931849
PIT-BOS,PIT,BOS,408,0.2008396698271527,0.23774509803921567,55.00779102129095,0.013680827846242622
LAS-HNL,LAS,HNL,360,0.2008358721103933,0.20277777777777778,39.92014880445269,0.0036829349741380733
LGA-XNA,LGA,XNA,142,0.20079096139106953,0.2112676056338028,50.62965770506523,0.017311474571052272
MOT-DEN,MOT,DEN,232,0.20078352055159107,0.1896551724137931,56.86519005380828,0.009570794552564621
SAN-SJC,SAN,SJC,921,0.20075658904580676,0.3322475570032573,36.09488033911822,0.005638252223591881
BWI-JAX,BWI,JAX,224,0.20074985472352377,0.3125,33.26267289263861,0.007556014017671602
EWR-ILM,EWR,ILM,108,0.20073056055439842,0.23148148148148148,59.67811965942383,0.01821245615609175
SFO-LAX,SFO,LAX,2187,0.20072536088379758,0.38820301783264743,44.607795146703175,0.006766439293371195
PVD-MCO,PVD,MCO,216,0.200685975883432,0.30092592592592593,38.76022376837554,0.011817027417322
LGA-BGR,LGA,BGR,111,0.2005969232938311,0.25225225225225223,34.19255792772448,0.013290139352497848
LAS-LGB,LAS,LGB,304,0.20059625762759856,0.29276315789473684,38.75326744819942,0.0033184233201728735
IAH-DFW,IAH,DFW,924,0.20055896735617093,0.31277056277056275,49.60896686248449,0.011395736396397379
MCI-AUS,MCI,AUS,268,0.20041955978289913,0.25,39.392949161244864,0.005566539621429035
MSY-ORD,MSY,ORD,370,0.20039026006250768,0.26756756756756755,47.20405311842222,0.011202868779871575
BFL-PHX,BFL,PHX,215,0.20037005567966507,0.13953488372093023,66.99670477578806,0.011986129352374485
BWI-DAL,BWI,DAL,308,0.20035682994775572,0.33766233766233766,31.8497914215187,0.009386114771699622
IAH-ASE,IAH,ASE,117,0.20032487911546332,0.4017094017094017,62.468347011468346,0.014589041302149946
MSY-PHL,MSY,PHL,194,0.20032047153901808,0.28350515463917525,44.84597940543263,0.012754698570352047
EWR-BUF,EWR,BUF,132,0.20031510259617458,0.1590909090909091,54.13535722096761,0.016199679522175495
SEA-KTN,SEA,KTN,295,0.20027319031246638,0.21694915254237288,47.67365784079342,0.005502511510417822
TPA-IND,TPA,IND,113,0.20026827794788157,0.3008849557522124,39.807525512391486,0.0057832993691574715
CMH-PHL,CMH,PHL,332,0.2002474353929241,0.20180722891566266,41.64541731110538,0.01453091972974532
CLE-MCO,CLE,MCO,392,0.2002246599568396,0.21683673469387754,48.467446356403585,0.006989195323537656
IAH-MFE,IAH,MFE,114,0.20018594502879863,0.2982456140350877,41.880303048250966,0.0063264722457939855
CLT-DSM,CLT,DSM,118,0.20015106413324,0.4576271186440678,59.12014970941058,0.013664686983097191
MKE-MDW,MKE,MDW,120,0.2001343432813883,0.2833333333333333,39.4427960952123,0.011559061156433136
SEA-JFK,SEA,JFK,515,0.200101182805103,0.2504854368932039,38.125494455133826,0.01441693544228356
STS-SNA,STS,SNA,121,0.20008633131823264,0.1487603305785124,72.68367909202891,0.0131561935240449
BWI-HOU,BWI,HOU,252,0.20007658355115426,0.3055555555555556,30.23705264500209,0.0074277185099163034
DEN-FSD,DEN,FSD,364,0.20007499819109728,0.21703296703296704,42.45183021419651,0.009783079426684608
RDU-DFW,RDU,DFW,376,0.2000495057870099,0.2712765957446808,48.31447424787156,0.010951011821341056
HOU-MCI,HOU,MCI,181,0.20001959057720325,0.3149171270718232,38.15819024776227,0.004507672882787269
DTW-STL,DTW,STL,341,0.19995101932381604,0.24926686217008798,38.71660620725749,0.006097340951341072
DFW-SGU,DFW,SGU,103,0.1999417060208552,0.44660194174757284,60.56443834767758,0.008312487974762917
DTW-SAV,DTW,SAV,121,0.19983917567109274,0.19834710743801653,44.056988928928845,0.0103264988732112
BWI-PVD,BWI,PVD,289,0.19979375500270652,0.1903114186851211,30.92511450955612,0.010254813106975666
IAH-CHA,IAH,CHA,121,0.19965027124921153,0.3305785123966942,55.68124036552492,0.009961656168805526
CLT-MHT,CLT,MHT,178,0.19962126828646393,0.29213483146067415,53.86755446101842,0.01317248320473092
TPA-DEN,TPA,DEN,535,0.1995572421595315,0.2560747663551402,42.58958533099879,0.005157974766162051
HNL-SFO,HNL,SFO,540,0.19952977521827928,0.2222222222222222,37.11585583068706,0.005919073690119147
ATL-ONT,ATL,ONT,165,0.19948567255879893,0.3515151515151515,41.20824635823568,0.007819920431800364
LGA-ACK,LGA,ACK,200,0.19939545694738625,0.215,38.76313879013062,0.013479297333914373
MIA-SAN,MIA,SAN,121,0.19929076183187075,0.34710743801652894,44.59740462184938,0.009320508165773555
SAN-DFW,SAN,DFW,757,0.19925761821247942,0.29722589167767505,41.111766245752534,0.014211200189640252
BNA-PHX,BNA,PHX,388,0.19923938777220926,0.3247422680412371,33.16788679545687,0.004789084007851013
BWI-PBI,BWI,PBI,181,0.199218453211679,0.2430939226519337,38.94001092963456,0.009529086506950694
IND-FLL,IND,FLL,129,0.19918579946077147,0.13178294573643412,33.6150251506835,0.00807014057761101
JFK-LAS,JFK,LAS,610,0.1991272295107607,0.2278688524590164,43.75208180536989,0.010153802971539547
DFW-LIT,DFW,LIT,458,0.19909009431777563,0.24672489082969432,33.818511402763136,0.01060425958993029
CLT-MSY,CLT,MSY,264,0.19905883299581933,0.35984848484848486,44.333703843030065,0.008009155081570938
LAS-ORD,LAS,ORD,787,0.19905779488015507,0.25921219822109276,48.37277543771979,0.006979137917932498
CLT-XNA,CLT,XNA,236,0.19901979424185673,0.2457627118644068,39.93088545233516,0.013216005679157613
SEA-STS,SEA,STS,102,0.19896035422297084,0.23529411764705882,27.936160124984443,0.014904718104641414
MSY-BNA,MSY,BNA,231,0.19887449489140407,0.3593073593073593,29.83948852902367,0.0057191370759592875
MSP-CMH,MSP,CMH,220,0.1988102743571455,0.18636363636363637,37.641601857272065,0.005648339403200176
MSY-AUS,MSY,AUS,310,0.19879457806387255,0.35161290322580646,33.51233493281949,0.004147826400480661
BWI-ISP,BWI,ISP,276,0.19877953873272391,0.2463768115942029,27.59651128105495,0.010577537650635965
AEX-IAH,AEX,IAH,121,0.19872076907926353,0.2231404958677686,50.26980742147146,0.012659079983036538
MDW-PIT,MDW,PIT,172,0.1987088335634664,0.2441860465116279,34.59133814101995,0.01102248634211719
BNA-HOU,BNA,HOU,316,0.19869066375201638,0.4430379746835443,34.205355656297904,0.004453994467786927
MEM-DEN,MEM,DEN,260,0.19861770247897276,0.3192307692307692,42.80757985481849,0.00617136599021425
MEM-CLT,MEM,CLT,293,0.1985676023638696,0.2593856655290102,37.83683890124637,0.009245244941624169
ECP-DFW,ECP,DFW,322,0.19855919973172756,0.3447204968944099,49.608293817650456,0.01437903319474464
BNA-DAL,BNA,DAL,444,0.1985117406542371,0.38738738738738737,33.086078293688665,0.0062059207514101105
CLT-GSO,CLT,GSO,246,0.19842296578292926,0.3821138211382114,35.80115638515814,0.011795132166126699
SRQ-MDW,SRQ,MDW,108,0.19834026604614877,0.28703703703703703,37.454518755277,0.014425987610593438
LAX-PHX,LAX,PHX,1228,0.19828198554679896,0.22312703583061888,38.08613440035221,0.005293409328479803
SJU-JFK,SJU,JFK,564,0.19826697557504083,0.2907801418439716,55.265960079558354,0.013953826107234012
MCO-LAS,MCO,LAS,344,0.1982440994727577,0.2063953488372093,40.42007364228714,0.0067367009791559065
SAN-BOI,SAN,BOI,166,0.19802398822573294,0.2469879518072289,37.075242473418456,0.0067338594263531715
DEN-LAX,DEN,LAX,1313,0.19800948223662304,0.30997715156131,39.445264606374145,0.004376081556388685
STL-BWI,STL,BWI,234,0.19798249050847486,0.3076923076923077,35.537317141508446,0.007190873808085673
LBF-DEN,LBF,DEN,104,0.1979412642092659,0.2980769230769231,46.00852790245643,0.0060022086075220546
DAY-DFW,DAY,DFW,214,0.19788557715783608,0.18691588785046728,63.83110934105989,0.014978600263858157
DFW-LBB,DFW,LBB,443,0.1978768348592937,0.1963882618510158,48.0568112874946,0.012222986725534787
MRY-SFO,MRY,SFO,169,0.19782925057693346,0.6390532544378699,49.387183623906424,0.006269103887162226
EWR-DTW,EWR,DTW,531,0.19780526790073363,0.21468926553672316,48.08861425367452,0.016176929382102873
PHX-MCO,PHX,MCO,297,0.1977407374365964,0.26262626262626265,36.90019572864879,0.005691952834910664
ATL-SYR,ATL,SYR,203,0.197719515507738,0.24630541871921183,38.384125531013375,0.009677170377332144
MDW-DAL,MDW,DAL,418,0.1976976905410227,0.3277511961722488,30.631536981135465,0.009655120225714428
DFW-MSO,DFW,MSO,114,0.1976821953267382,0.35964912280701755,40.7612368433099,0.010348769408276575
CHS-MIA,CHS,MIA,150,0.19761186172564824,0.22,40.04309270222982,0.007969852032960932
PHX-RNO,PHX,RNO,441,0.1975613454031566,0.26303854875283444,35.81814627095955,0.006724225379774688
PDX-ANC,PDX,ANC,243,0.19753018548949755,0.11934156378600823,30.719998677571613,0.007718479663225604
EWR-MSN,EWR,MSN,110,0.19749145927754316,0.22727272727272727,52.853485107421875,0.016802460732600413
DFW-GNV,DFW,GNV,113,0.1974460404794828,0.22123893805309736,25.433568810994647,0.009837520896996322
LNK-ORD,LNK,ORD,288,0.19742328086350527,0.20833333333333334,64.91868535677592,0.01403692524259289
EWR-LAS,EWR,LAS,402,0.19738184825623806,0.2263681592039801,44.13830904699677,0.011856408115621393
MKE-LAS,MKE,LAS,167,0.1973801089707249,0.2215568862275449,34.64551258372689,0.007092999465886258
SEA-STL,SEA,STL,239,0.19737372921475804,0.13389121338912133,29.88032117947375,0.005162687257272327
DCA-MSP,DCA,MSP,425,0.19735813551089343,0.36941176470588233,49.155078818377326,0.011919065882301752
FLG-PHX,FLG,PHX,166,0.19731754980173455,0.1686746987951807,69.5139045485531,0.011787943188919799
LAX-TUS,LAX,TUS,451,0.19726570806323557,0.2682926829268293,43.130782283859084,0.0038098195669204163
JAN-DFW,JAN,DFW,341,0.1971739595455508,0.30791788856304986,44.381962471343904,0.015617702681666765
MCI-BNA,MCI,BNA,248,0.19711515981884253,0.3024193548387097,29.843618110302955,0.006877805766649544
CLT-STL,CLT,STL,342,0.19711251373876604,0.22807017543859648,42.19644291637934,0.008151260854933283
SEA-EWR,SEA,EWR,451,0.19710622371036038,0.20842572062084258,42.4573782267433,0.014080513517852802
JNU-SEA,JNU,SEA,412,0.19709185606718643,0.15776699029126215,35.780908862363944,0.009820759757016987
PHX-SNA,PHX,SNA,810,0.19703021150680236,0.2641975308641975,37.49394128234298,0.005151540155382941
MHT-CLT,MHT,CLT,173,0.19701445309412963,0.3236994219653179,50.04859023562746,0.016586604799338423
CMH-LAS,CMH,LAS,132,0.19698951212745724,0.21212121212121213,35.206536054611206,0.006695871336639605
LAS-RNO,LAS,RNO,771,0.1969828737655657,0.2710765239948119,35.37091690959015,0.0045077441190070925
HOU-OKC,HOU,OKC,184,0.1969485994954796,0.358695652173913,30.81814812577289,0.007935687545282037
DCA-ATL,DCA,ATL,1064,0.196862270789487,0.3026315789473684,40.3175090264557,0.013405221718850516
LIT-DEN,LIT,DEN,265,0.1968596080845257,0.2339622641509434,48.164819249566996,0.0067082558791693786
DEN-SNA,DEN,SNA,661,0.19684740751080002,0.29046898638426627,29.64789888465639,0.0038463416794486355
CLT-CMH,CLT,CMH,349,0.19678672321973353,0.3037249283667622,37.8010555447685,0.011411492801179039
BOS-IND,BOS,IND,350,0.19677927623902047,0.18,41.57413890838623,0.01494969570905798
SEA-MSY,SEA,MSY,120,0.19671320567528408,0.225,26.460346587498982,0.005562102728069198
IAH-PIB,IAH,PIB,104,0.19666700752881858,0.3173076923076923,43.47240328788757,0.005732631281993928
PHX-TUS,PHX,TUS,653,0.19665489042289042,0.2557427258805513,40.81422821266911,0.004524569537220451
SEA-ABQ,SEA,ABQ,132,0.19665140703772055,0.21212121212121213,29.321039741689507,0.00599557266634127
MCI-DAL,MCI,DAL,327,0.19663793291748483,0.30275229357798167,28.90939867387124,0.0059436607351302205
PHX-JFK,PHX,JFK,482,0.19663368672503476,0.22821576763485477,44.67709236323091,0.013100236715834546
BWI-CHS,BWI,CHS,210,0.19660974350713548,0.3,27.828137920016335,0.009687277945488142
IND-MIA,IND,MIA,124,0.19652332912289328,0.14516129032258066,58.628829063907745,0.0077416304000249994
CHS-DFW,CHS,DFW,237,0.19651776017770486,0.25316455696202533,46.4082191966254,0.01283679299251023
ITO-HNL,ITO,HNL,1030,0.1964937413093245,0.16601941747572815,29.468118031048082,0.010526738300880169
BNA-JFK,BNA,JFK,176,0.19641963544894347,0.32386363636363635,44.74724046750502,0.014533254483402683
PWM-PHL,PWM,PHL,114,0.19638356004367796,0.23684210526315788,46.77247783593964,0.011352464835294802
MDW-ORF,MDW,ORF,174,0.19632849277093492,0.3505747126436782,30.608437132561345,0.01126640922368758
PDX-PHX,PDX,PHX,628,0.19629270018665654,0.28503184713375795,30.152671934692723,0.006070750693409552
LGA-SDF,LGA,SDF,172,0.1962877991500982,0.18604651162790697,42.798796221267345,0.01864961209293041
GRI-DFW,GRI,DFW,108,0.19624935373387956,0.4074074074074074,47.23690407364457,0.015371103812607803
CLT-SAT,CLT,SAT,236,0.19624654225752516,0.326271186440678,58.245791334216875,0.010717827113633624
DIK-DEN,DIK,DEN,105,0.19619645320233844,0.2857142857142857,47.5076413835798,0.008547265931875223
PHL-ATL,PHL,ATL,1056,0.1961412955442387,0.2727272727272727,43.59481780276154,0.013412130927722447
SLC-BOS,SLC,BOS,227,0.1961346699934174,0.2026431718061674,46.588551122186466,0.010934554855838866
STL-MKE,STL,MKE,114,0.19610125872126796,0.21929824561403508,32.64937957127889,0.006234909677387853
XNA-ORD,XNA,ORD,387,0.1960799566997114,0.23255813953488372,64.64925797533927,0.011111444156662917
DEN-DSM,DEN,DSM,443,0.19605339231057844,0.2618510158013544,46.32780869873598,0.008049591043796222
MDW-RDU,MDW,RDU,175,0.1960309926526887,0.3314285714285714,29.32574522290911,0.012225942430086434
GEG-DFW,GEG,DFW,115,0.19603025058041448,0.23478260869565218,40.86572514409604,0.010894787574787278
TUS-SAN,TUS,SAN,113,0.1960001152371411,0.30973451327433627,35.66145675794213,0.006022350315266011
SHV-IAH,SHV,IAH,285,0.19597789974589097,0.22105263157894736,54.21762487511886,0.012121488285033545
LAX-JFK,LAX,JFK,1612,0.195926701959694,0.27419354838709675,46.635451487217,0.011622960924374304
IND-BNA,IND,BNA,121,0.19587463263637764,0.2396694214876033,35.82925884388695,0.007356095051423448
MSY-LAS,MSY,LAS,171,0.19585685658524607,0.30409356725146197,29.108836165645666,0.004317515602536848
CVG-BOS,CVG,BOS,358,0.1958143909217259,0.19553072625698323,49.727212048109685,0.01677738547936002
DFW-MAF,DFW,MAF,504,0.1957642843444196,0.25396825396825395,33.1407020697518,0.015624733565608924
DEN-BIL,DEN,BIL,351,0.19557413826046507,0.26495726495726496,42.66500664300728,0.008851535204456935
PDX-LAS,PDX,LAS,520,0.19557339733896348,0.21153846153846154,31.46335241336089,0.005601149136926483
MSP-MEM,MSP,MEM,174,0.19548955058743214,0.16666666666666666,45.69261738349651,0.008001680121357952
CLT-LAX,CLT,LAX,420,0.1954116321745373,0.27380952380952384,38.282450959795995,0.008341437796024843
DRO-PHX,DRO,PHX,180,0.19541082175241575,0.28888888888888886,51.625276756286624,0.010906007866380294
STL-LAX,STL,LAX,179,0.19537028087584,0.3016759776536313,38.5920647615827,0.004662811799466403
SJC-PHX,SJC,PHX,459,0.19536653211368715,0.27450980392156865,38.70659314365429,0.005179312730421884
PHX-PDX,PHX,PDX,632,0.19533673551853134,0.31645569620253167,33.276854019376295,0.004671988683262778
TPA-MDW,TPA,MDW,254,0.1953214790936061,0.28346456692913385,36.052457253764,0.010675758702767104
RDU-BNA,RDU,BNA,338,0.19525022129114916,0.20118343195266272,28.74581325265783,0.009502309319042765
SEA-CMH,SEA,CMH,117,0.19522005357803443,0.15384615384615385,30.539692169580704,0.0077205491489020445
AUS-MCI,AUS,MCI,268,0.19521708516821043,0.2462686567164179,44.60215533669315,0.004130426721585063
FSD-PHX,FSD,PHX,120,0.19508109303812185,0.18333333333333332,48.553852494557695,0.01382775495429177
ATL-MOB,ATL,MOB,151,0.19506651621978013,0.2847682119205298,40.60007366913044,0.012054295678223883
MSP-PDX,MSP,PDX,342,0.19502248976662842,0.14912280701754385,39.946708316691435,0.006584109189557345
OGG-SEA,OGG,SEA,303,0.19496263620188528,0.1617161716171617,34.63118729103516,0.009300139415093132
RDU-PHX,RDU,PHX,164,0.1949029880144247,0.4634146341463415,31.525270159651594,0.006443986617286791
MSP-STL,MSP,STL,347,0.1948985575405768,0.2507204610951009,39.08215732189695,0.005349837055833124
LAX-IND,LAX,IND,163,0.19488973481340643,0.2392638036809816,40.60177838729203,0.004875271455469973
DTW-LAX,DTW,LAX,354,0.1948757084707419,0.268361581920904,46.465565099554546,0.004390335333218772
BWI-MCI,BWI,MCI,172,0.1948688692564881,0.32558139534883723,34.93579555666724,0.007134166266245956
CLT-BHM,CLT,BHM,289,0.19484010761584378,0.2975778546712803,47.790639956517204,0.009048180260258366
CMH-AUS,CMH,AUS,115,0.1948228160324304,0.14782608695652175,37.98609082595162,0.007399871754700896
IAD-DTW,IAD,DTW,239,0.19482150673866272,0.200836820083682,47.34796227969884,0.008816921623584665
MCI-LAX,MCI,LAX,294,0.19479156380557283,0.16666666666666666,34.88412940745451,0.006073133367015569
ATL-DTW,ATL,DTW,792,0.19477546491631956,0.32575757575757575,42.71126765675015,0.00765247145621515
CMH-TPA,CMH,TPA,137,0.19474734597071244,0.24087591240875914,29.990957900555465,0.008335096596240781
BZN-DEN,BZN,DEN,514,0.1947464210340021,0.29377431906614787,46.98570121401479,0.004018670582770584
TPA-EWR,TPA,EWR,359,0.19473042560113507,0.2562674094707521,47.626550464577,0.011139479209605837
PNS-DCA,PNS,DCA,164,0.19471913630642543,0.3231707317073171,50.96303849103974,0.01572425710809165
DEN-TPA,DEN,TPA,537,0.19471728826007587,0.3128491620111732,37.17664635070432,0.005363060110017081
OKC-LAS,OKC,LAS,225,0.19471407655212614,0.24444444444444444,39.748158893585206,0.007978448203344524
BOS-RSW,BOS,RSW,189,0.1946897687262328,0.19576719576719576,50.06977766531485,0.011896035087952003
EVV-ORD,EVV,ORD,107,0.1946736286594489,0.08411214953271028,51.9632377267998,0.015639547978629584
DEN-RDU,DEN,RDU,307,0.19462844525563988,0.3322475570032573,35.92195598465612,0.006966011696779603
BOS-MKE,BOS,MKE,161,0.19451401951890554,0.10559006211180125,38.14675194876535,0.014906888726694757
SAN-FAT,SAN,FAT,288,0.19443923535032404,0.2916666666666667,35.80391310983234,0.012302147043629776
BNA-AUS,BNA,AUS,503,0.1943936377289755,0.3240556660039761,34.17394950138646,0.006329859170306585
EWR-MSP,EWR,MSP,372,0.19438785723140162,0.24193548387096775,52.668945189445246,0.013364006473560525
MSP-BJI,MSP,BJI,120,0.19437186208864052,0.125,44.91953412691752,0.00854730885475874
DFW-CAE,DFW,CAE,177,0.194312727720724,0.24293785310734464,32.552524394234695,0.01366096343845129
DEN-MSP,DEN,MSP,1107,0.194091924086765,0.28184281842818426,42.116984179564824,0.0054635310516329355
DCA-CLT,DCA,CLT,458,0.19408259931219718,0.28602620087336245,44.936695831831884,0.010422007560249797
RIC-MIA,RIC,MIA,103,0.19406789649748107,0.23300970873786409,40.035398001809725,0.009203261207753362
EWR-MKE,EWR,MKE,158,0.1940266542796847,0.24050632911392406,34.415669079068344,0.01790798559252705
MSP-PHX,MSP,PHX,415,0.1939352411283068,0.1686746987951807,41.615083204981794,0.006811193427244763
AUS-MSP,AUS,MSP,285,0.1939223846061188,0.24912280701754386,50.23026278311746,0.0053823873175886175
DEN-GTF,DEN,GTF,121,0.19388618314069164,0.4380165289256198,31.474293354129003,0.003125203097015927
JFK-AUS,JFK,AUS,393,0.1938819322194762,0.24173027989821882,43.06743627164807,0.011848202720959333
DEN-ONT,DEN,ONT,492,0.19384955545145321,0.35772357723577236,40.02238531035136,0.004671789764315192
TPA-HOU,TPA,HOU,182,0.19379031078910436,0.3021978021978022,34.96767050617344,0.0060473096612942675
ONT-PHX,ONT,PHX,451,0.19378250375588293,0.21507760532150777,39.57348493038947,0.006259836026487851
BUF-LGA,BUF,LGA,197,0.19375126627344771,0.19289340101522842,51.474868440386004,0.017978196972495572
MSP-AUS,MSP,AUS,287,0.19370518578054183,0.2961672473867596,39.18256951042999,0.005977686246102355
IND-PHX,IND,PHX,246,0.19364289574446233,0.21544715447154472,42.33536324074598,0.006067927163817819
BOI-SFO,BOI,SFO,282,0.19363545980436583,0.5851063829787234,31.405583736744333,0.004825214364207201
SEA-BNA,SEA,BNA,359,0.1935526696876895,0.25069637883008355,38.61559053915125,0.007990127896313756
EWR-JAX,EWR,JAX,231,0.1935435879282105,0.19047619047619047,46.916375114804225,0.013220529154387643
FAI-ANC,FAI,ANC,194,0.1935388917468258,0.1134020618556701,56.21734101993521,0.009142503634286233
STL-DAL,STL,DAL,351,0.19339372587000203,0.37606837606837606,37.179997070562465,0.006696079881643892
CAE-LGA,CAE,LGA,103,0.19337232150499103,0.20388349514563106,36.201332907074864,0.015186299823159189
SEA-DCA,SEA,DCA,177,0.1933628463812467,0.2033898305084746,43.026117206293314,0.01067662949787031
JFK-RSW,JFK,RSW,169,0.19336022128014874,0.22485207100591717,49.08314286181207,0.013715198271159754
ORF-MDW,ORF,MDW,170,0.1933238622458542,0.38823529411764707,28.310677696676816,0.010660707024561072
PIT-PHL,PIT,PHL,224,0.19329882812287127,0.20982142857142858,51.90663071189608,0.012032293272904188
CLT-DTW,CLT,DTW,546,0.19322248421363777,0.2783882783882784,44.32960524925819,0.008256665852654511
MIA-STL,MIA,STL,198,0.19319956817410208,0.2222222222222222,35.86571750496373,0.006611697204091182
PHX-BUR,PHX,BUR,541,0.1931865294145458,0.2199630314232902,37.07325751680103,0.006530411534386981
IND-TPA,IND,TPA,114,0.193170474286665,0.15789473684210525,36.88120655427899,0.0069810331772539045
MSP-GRR,MSP,GRR,233,0.1931583835971202,0.24034334763948498,43.84462455618535,0.00814746049201344
JFK-ORF,JFK,ORF,104,0.19313950679050043,0.2980769230769231,42.92373305100661,0.01640654508634631
XWA-DEN,XWA,DEN,215,0.1931184047529864,0.26046511627906976,68.47711266805959,0.008210640762479522
ABI-DEN,ABI,DEN,121,0.19311749565699868,0.18181818181818182,38.35644788190353,0.0042393493397375115
MIA-GSO,MIA,GSO,103,0.19301759777138533,0.33980582524271846,21.44100089212066,0.013233328856026324
CVG-CLT,CVG,CLT,296,0.1929983403785406,0.16891891891891891,54.31002239278845,0.010729358801249377
RDU-BOS,RDU,BOS,462,0.19297301069353567,0.21645021645021645,51.787692740882115,0.012256391612959118
MSN-PHX,MSN,PHX,121,0.19293481308566637,0.17355371900826447,48.951022108724295,0.007713035699595843
SFO-LAS,SFO,LAS,1045,0.19291898217854317,0.3923444976076555,46.012313201210716,0.004663635452908514
SHV-DEN,SHV,DEN,120,0.1929080634067456,0.43333333333333335,44.41561193466187,0.011327312785885797
VPS-CLT,VPS,CLT,225,0.19290663497315513,0.4088888888888889,52.107762264675564,0.011315510295172955
DAL-BWI,DAL,BWI,308,0.19289686131690228,0.38311688311688313,31.631854757086025,0.008457782353929045
ATL-TUS,ATL,TUS,122,0.19282359715367928,0.20491803278688525,32.12676381283119,0.008880566391467925
SMF-BOI,SMF,BOI,172,0.19281439485331608,0.22674418604651161,29.340166898660883,0.003039171763554995
ATL-DEN,ATL,DEN,1031,0.19275330026949297,0.23278370514064015,41.52146476963905,0.006612582589208781
BNA-CLT,BNA,CLT,572,0.1926701974670787,0.3094405594405594,41.381672080580174,0.009040088835132142
GSP-MIA,GSP,MIA,130,0.19259884793024798,0.2692307692307692,37.05959793971135,0.012764315214008093
GRB-DTW,GRB,DTW,133,0.1924788777093242,0.045112781954887216,55.9071815318631,0.01065513869411403
ATL-IAH,ATL,IAH,804,0.1923999962077212,0.31467661691542287,47.962540216113794,0.010397927045035844
DEN-RKS,DEN,RKS,122,0.1923881797272651,0.30327868852459017,52.31345120414359,0.005929255997380394
HOU-DAL,HOU,DAL,639,0.19238204225687913,0.29107981220657275,31.849994645991796,0.009859782898130307
EWR-MSY,EWR,MSY,162,0.1923556876955209,0.16666666666666666,39.2093784544203,0.011864288499668599
LGA-PIT,LGA,PIT,500,0.19234274770319462,0.188,43.52476955795288,0.015961467007505392
LAX-MCO,LAX,MCO,624,0.1923342980683232,0.3173076923076923,45.04403870228009,0.004930098923693198
MIA-CLT,MIA,CLT,598,0.19231235006680855,0.25418060200668896,42.808588425052605,0.008423514411682941
SLC-MCO,SLC,MCO,227,0.19226587425900976,0.2422907488986784,38.17936281380674,0.006106440091779802
ORF-PHL,ORF,PHL,176,0.1922636419873346,0.29545454545454547,42.23722212964838,0.015778570140767945
SEA-JNU,SEA,JNU,414,0.19221583922992005,0.21980676328502416,35.58331663251499,0.009404162466189409
ROC-BWI,ROC,BWI,180,0.19218783306164874,0.19444444444444445,39.89126059214274,0.011813447884502795
SAN-RNO,SAN,RNO,259,0.19217929758965738,0.3359073359073359,33.279731868316766,0.008338608732092913
MSP-GFK,MSP,GFK,226,0.1921677884802354,0.11061946902654868,44.7634588933624,0.01038924626289018
CLT-PIT,CLT,PIT,351,0.1921532423025862,0.2792022792022792,49.24179562951765,0.009326331897231447
SFO-ORD,SFO,ORD,1026,0.19201042922122902,0.31871345029239767,43.9434503960563,0.008575872495347688
LBL-DEN,LBL,DEN,105,0.1919852647752989,0.23809523809523808,49.83843569074358,0.009474759380377474
ORD-PNS,ORD,PNS,120,0.19198067672550678,0.175,44.4544158299764,0.011932651386367248
CID-DFW,CID,DFW,233,0.1919515628863302,0.16738197424892703,56.9580785071901,0.013539089569782657
ATL-HOU,ATL,HOU,464,0.19191882272796898,0.25646551724137934,31.686644080384024,0.006603632521204603
RSW-STL,RSW,STL,130,0.1918783018222222,0.2923076923076923,23.54081027691181,0.008303134361855112
MIA-SLC,MIA,SLC,163,0.19186798601976932,0.25766871165644173,37.34565227017081,0.006282875567183264
DEN-JFK,DEN,JFK,253,0.1918379523949661,0.21739130434782608,54.41963538068085,0.011518677882515161
CLT-OKC,CLT,OKC,150,0.19180498788754144,0.30666666666666664,41.424739837646484,0.00967714865998316
KOA-HNL,KOA,HNL,1177,0.19174964875046135,0.15378079864061173,35.34500449293229,0.005850982333327379
STL-HOU,STL,HOU,273,0.1917394909857612,0.304029304029304,40.44449713640597,0.0045718067938097465
STL-PHL,STL,PHL,289,0.19169240184514993,0.2422145328719723,38.23403668651119,0.009414437413529214
SEA-TUS,SEA,TUS,183,0.19165514857391192,0.11475409836065574,36.69013724822164,0.005977409538085181
OMA-DEN,OMA,DEN,655,0.1916502857879373,0.3236641221374046,44.4617823942927,0.005172523014863589
CRW-CLT,CRW,CLT,155,0.19164135811790342,0.24516129032258063,50.608740258985954,0.013479615839925118
SFO-CLD,SFO,CLD,121,0.19162713557728067,0.2231404958677686,44.12175110746021,0.010619706747483863
TPA-MIA,TPA,MIA,454,0.19161547031171522,0.22466960352422907,43.38542498365898,0.007866258434930926
DEN-SAF,DEN,SAF,303,0.19156878719432127,0.18151815181518152,58.0573469860719,0.005300243008611324
DFW-ABI,DFW,ABI,290,0.19156641014691056,0.19655172413793104,23.792318508542817,0.012776920344617406
HOU-JAN,HOU,JAN,122,0.19155690403746778,0.26229508196721313,32.149033976382896,0.006155706505046882
DEN-CPR,DEN,CPR,474,0.19146498217235638,0.32489451476793246,43.6030413108536,0.01298276414143845
MCO-CLE,MCO,CLE,396,0.19136675469803088,0.255050505050505,41.47386376544683,0.010003279111170148
SEA-DFW,SEA,DFW,971,0.1913536606868681,0.2945417095777549,42.01791301200859,0.011931398342694006
DTW-DEN,DTW,DEN,573,0.19131375862249736,0.2286212914485166,44.29298071503431,0.004907981105734287
ATL-CMH,ATL,CMH,556,0.19121436526824673,0.25539568345323743,37.74365726306284,0.007612677890863534
DTW-RIC,DTW,RIC,115,0.1911598445928615,0.12173913043478261,46.64086330247962,0.01070333821091639
RDU-DEN,RDU,DEN,309,0.19115058447213235,0.22006472491909385,37.29485887539811,0.00704075773081883
MEM-PHL,MEM,PHL,156,0.19111704845459032,0.2564102564102564,44.66975027475602,0.014674299968439237
FAT-SAN,FAT,SAN,292,0.1910889172696904,0.3493150684931507,33.755794538210516,0.0095225587043584
STS-SAN,STS,SAN,220,0.1910356269641356,0.2727272727272727,54.3069694779136,0.015847913797797087
LBB-DFW,LBB,DFW,446,0.1910224294482058,0.17040358744394618,39.26580441479191,0.013921370452041166
SFO-BUR,SFO,BUR,525,0.1909680322522209,0.3657142857142857,41.86572713942755,0.006501593847126471
ORD-MSO,ORD,MSO,125,0.19093431258201599,0.104,35.50036042785644,0.007559986599889679
MCO-CLT,MCO,CLT,774,0.1908386299574329,0.24935400516795866,55.151488480949894,0.00964264263322627
CLT-LEX,CLT,LEX,268,0.1908278930098263,0.3656716417910448,46.26538224718464,0.012684190460894296
IAH-BWI,IAH,BWI,203,0.19075751422074042,0.3448275862068966,42.142226773529806,0.009956558940197842
PHX-PSC,PHX,PSC,120,0.1907534770667553,0.2,38.289434846242266,0.005142580728385259
SLC-SEA,SLC,SEA,768,0.19069324645291394,0.24609375,32.36408114681641,0.00646439817130338
STL-CMH,STL,CMH,114,0.19069049964871324,0.30701754385964913,36.8522627646463,0.005962767558613498
DEN-EAR,DEN,EAR,104,0.19065578224567267,0.33653846153846156,51.30537093602694,0.004517669802925621
SBN-CLT,SBN,CLT,166,0.19062793685729246,0.2289156626506024,79.40539187695606,0.015580895692543235
MSP-XNA,MSP,XNA,103,0.1905705091154691,0.1553398058252427,48.85451826077063,0.007786628705127021
BWI-LAX,BWI,LAX,289,0.1905500107158014,0.42214532871972316,32.62153878591465,0.007907891545002743
CMH-DAL,CMH,DAL,109,0.19048848919091968,0.26605504587155965,30.818345069885254,0.00661436093106933
SNA-SFO,SNA,SFO,758,0.19043449950367605,0.5567282321899736,47.35495765353885,0.007855857072328687
DCA-DEN,DCA,DEN,215,0.1904259281103001,0.2558139534883721,45.85705097109773,0.005966037028172815
TPA-DAL,TPA,DAL,223,0.19040275410218624,0.3094170403587444,36.10372110546437,0.007665923057923472
EWR-PHX,EWR,PHX,393,0.19035442000961184,0.24427480916030533,41.96118469820678,0.011405879812411214
LAS-PHL,LAS,PHL,283,0.19034256383302775,0.3250883392226148,35.356205357258396,0.009678564040781292
SEA-PHL,SEA,PHL,344,0.19031328344067863,0.18604651162790697,38.69701046167418,0.008721090126106276
MIA-SAV,MIA,SAV,104,0.19031020984626734,0.3076923076923077,36.88737676693843,0.01251384020388986
TPA-MSY,TPA,MSY,115,0.19028809070587158,0.21739130434782608,34.131097590405005,0.005061199414827254
SEA-SAT,SEA,SAT,121,0.1902732612672916,0.371900826446281,28.920920474470154,0.005278070980667575
JFK-ACK,JFK,ACK,128,0.190272917621769,0.21875,47.82538220286369,0.010001730509965822
CLT-BWI,CLT,BWI,519,0.19024815077324594,0.32947976878612717,41.3650441877185,0.010069099629802977
DEN-MSO,DEN,MSO,217,0.19020064206029963,0.20276497695852536,39.744636131321776,0.004240626195304677
PIT-DFW,PIT,DFW,292,0.19018871525991454,0.18493150684931506,54.93077549869067,0.012282681848303783
DEN-COD,DEN,COD,220,0.1901251232759519,0.20909090909090908,49.710410274158825,0.005821550487344375
OGG-LAX,OGG,LAX,524,0.19012328058139968,0.18129770992366412,38.42655194988688,0.006793228031848698
IAD-PIT,IAD,PIT,165,0.19008624282750217,0.23636363636363636,32.48055069663308,0.009630102864948326
HOU-MSY,HOU,MSY,391,0.19007516370328795,0.24552429667519182,30.20005452724369,0.003986411762711288
EWR-BGR,EWR,BGR,166,0.19006724045219192,0.19879518072289157,33.70912588648049,0.017795091464214926
DEN-SHR,DEN,SHR,121,0.19005446394612965,0.2975206611570248,50.22743530903966,0.004228358237133896
BWI-PWM,BWI,PWM,235,0.18992125550483135,0.251063829787234,23.096954213811998,0.00723198309640808
IND-DAL,IND,DAL,120,0.18992001038665574,0.25,31.94650671084722,0.008067456408873323
DEN-CLD,DEN,CLD,121,0.18983597148302173,0.5619834710743802,49.10025885085429,0.007310632015924808
HNL-LGB,HNL,LGB,122,0.18982387468463086,0.1557377049180328,26.879376216012922,0.0043199854811317604
IAH-DTW,IAH,DTW,346,0.18980432049818122,0.26878612716763006,46.255598950248235,0.007800163874796046
CHS-BWI,CHS,BWI,210,0.1897387888814722,0.21904761904761905,30.559559983298893,0.007424392091530946
LAS-LAX,LAS,LAX,1289,0.18971183638849215,0.25368502715283164,35.316263597634894,0.004731989251147887
SAT-DFW,SAT,DFW,732,0.18970957883923759,0.2786885245901639,50.35110486921717,0.013841743898605019
AUS-DEN,AUS,DEN,1041,0.18970096777269294,0.26512968299711814,37.71967023525183,0.004072806848460253
RDU-AUS,RDU,AUS,112,0.1896867249161005,0.35714285714285715,25.778922310897283,0.005176632694201544
PVD-CLT,PVD,CLT,235,0.18967501146996274,0.28085106382978725,38.739641400601,0.011629114723551817
PHL-DTW,PHL,DTW,498,0.18965252856892276,0.24899598393574296,41.650534763872386,0.01386570831276756
SFO-MRY,SFO,MRY,168,0.18960454119812875,0.38095238095238093,60.21264898209345,0.011035473273306557
TUS-DFW,TUS,DFW,301,0.1894994064224915,0.24584717607973422,49.515139114025025,0.013713962143673649
AUS-IND,AUS,IND,334,0.18944923325391586,0.2245508982035928,44.91808773657519,0.004806189348837778
ELP-DFW,ELP,DFW,430,0.18944348396603453,0.24883720930232558,48.00735560128855,0.013575417747382414
MCI-LAS,MCI,LAS,338,0.18941658464144673,0.23076923076923078,31.796677983018775,0.004779638195225759
PWM-CLT,PWM,CLT,187,0.18936858401897758,0.22459893048128343,43.504824357874256,0.010109897200117244
BWI-STL,BWI,STL,231,0.18930361542479818,0.2683982683982684,22.802923662837966,0.007711134955555327
ATL-SGF,ATL,SGF,119,0.1892731388827332,0.226890756302521,39.07082466317826,0.007809143839785677
HNL-ITO,HNL,ITO,1030,0.18924727360311064,0.170873786407767,20.34189380673529,0.008771230413656284
COS-LAS,COS,LAS,148,0.18919312951431885,0.25,32.20217804812096,0.004077170525576819
EWR-ORF,EWR,ORF,176,0.18918438983911817,0.17045454545454544,42.56782880696383,0.018240260726988616
IND-PHL,IND,PHL,318,0.18915555040416476,0.20754716981132076,49.60914704784657,0.014463904011950902
PHX-GJT,PHX,GJT,181,0.18908058008107032,0.20994475138121546,45.862852876357614,0.004475544823606329
HNL-LAX,HNL,LAX,1159,0.18902781290083326,0.19758412424503882,30.52152196202842,0.0045251233539196295
MSP-IAD,MSP,IAD,254,0.18900604023942796,0.18110236220472442,47.452876271225335,0.010126260885643019
STL-SAT,STL,SAT,105,0.18890325810228076,0.3142857142857143,31.279257383800687,0.00446603363511627
SAN-TPA,SAN,TPA,121,0.18889165232496813,0.15702479338842976,29.95582288946987,0.00942868022171811
CLT-IAD,CLT,IAD,259,0.18880103212065677,0.35135135135135137,52.47242700731432,0.011364130353279135
DTW-BNA,DTW,BNA,413,0.18877733628700777,0.2324455205811138,38.577540907963716,0.007584086478626029
STL-TPA,STL,TPA,202,0.18875588117038258,0.22772277227722773,34.086644441774574,0.006284372289757254
ADQ-ANC,ADQ,ANC,180,0.18872866870628463,0.09444444444444444,33.179628213246666,0.018637059384363365
SFO-DFW,SFO,DFW,813,0.18870583937250235,0.3640836408364084,48.15568853568327,0.01100807674229145
JFK-SLC,JFK,SLC,293,0.18869749314243883,0.2696245733788396,44.5774966034873,0.011252747291363165
CLT-PNS,CLT,PNS,263,0.18867554356956664,0.34220532319391633,45.479663370226724,0.011814990510201587
OKC-PHX,OKC,PHX,301,0.18867397731621796,0.24584717607973422,42.965742190414886,0.008670395772701294
DEN-DTW,DEN,DTW,576,0.18866407287876225,0.2517361111111111,41.18960136009587,0.003991967198014298
OAK-LIH,OAK,LIH,121,0.18859994042018227,0.19834710743801653,28.955294412029676,0.006219601378867738
XNA-DFW,XNA,DFW,597,0.18857190042883906,0.2797319932998325,50.10946628116882,0.0133572276002415
TPA-LAS,TPA,LAS,211,0.18855499370261955,0.23222748815165878,36.89724386585832,0.006363526419757805
SFO-SEA,SFO,SEA,1289,0.18849098809566306,0.3878975950349108,37.21282502567241,0.006014604652081806
PHX-FSD,PHX,FSD,121,0.1884756619649485,0.24793388429752067,43.493601901472104,0.010547569452607927
IND-DFW,IND,DFW,357,0.18843620660759153,0.2801120448179272,47.567673221021806,0.010429507946078427
TUS-ORD,TUS,ORD,174,0.18837859246066246,0.20689655172413793,50.15948500578431,0.009099108528325467
GEG-LAS,GEG,LAS,138,0.18834969139509444,0.21739130434782608,35.63264242116956,0.00455467850037351
LAX-HNL,LAX,HNL,1161,0.1883338877897546,0.27993109388458226,39.57737000044002,0.0039527034049948095
BNA-PNS,BNA,PNS,179,0.18832209708387626,0.39106145251396646,31.304162731383766,0.0061797846766229675
DFW-MTJ,DFW,MTJ,104,0.18829715996980667,0.18269230769230768,61.038365657512955,0.009531755803064222
AUS-SFO,AUS,SFO,494,0.1882826857841932,0.43724696356275305,41.49438841622851,0.005386537314215411
LAX-MSY,LAX,MSY,202,0.18824462740138026,0.29207920792079206,30.42816728176457,0.0038032295831762182
CRP-DFW,CRP,DFW,505,0.18820227071790413,0.19603960396039605,42.4520540747312,0.01745960376688371
HPN-ORD,HPN,ORD,277,0.18816177549667737,0.19494584837545126,54.91214523590859,0.015655851793491233
ANC-BET,ANC,BET,121,0.1881607900227397,0.1322314049586777,39.00033690712669,0.018045804786595922
HOU-ELP,HOU,ELP,175,0.18812258281878064,0.4057142857142857,29.371113605499268,0.003939680740586482
BWI-MHT,BWI,MHT,289,0.1881183626897195,0.18339100346020762,30.044016115393195,0.007210529603636698
BUR-PHX,BUR,PHX,512,0.18811138726596255,0.154296875,36.63386969268322,0.008877235429419443
EWR-IAH,EWR,IAH,597,0.18805088570194828,0.21608040201005024,44.83118327219083,0.01234732223521979
LAS-CLE,LAS,CLE,176,0.1880493525161662,0.4715909090909091,37.41104752367193,0.006169905796503792
FLL-MCO,FLL,MCO,185,0.1879391121300491,0.23243243243243245,44.275701729027,0.00786031243728878
DCA-MVY,DCA,MVY,124,0.1879265775843974,0.33064516129032256,32.268776262960124,0.008765210832988146
OGG-PDX,OGG,PDX,122,0.187903602836562,0.07377049180327869,25.99222053465296,0.0058651659599520635
DFW-LRD,DFW,LRD,269,0.18788262514819887,0.16728624535315986,30.68389038171024,0.01211266513543983
SFO-DCA,SFO,DCA,179,0.1877188364553718,0.3016759776536313,45.12485075796117,0.011358550392712156
DEN-LIT,DEN,LIT,267,0.1877146146438095,0.18726591760299627,50.61617829112078,0.004897538937928245
SEA-AUS,SEA,AUS,423,0.18770008116749162,0.3191489361702128,36.31025358745674,0.006002926299258416
MSP-HIB,MSP,HIB,104,0.18764777223651224,0.08653846153846154,43.37217512497535,0.009860542998209878
MSP-TPA,MSP,TPA,220,0.18763292001729662,0.2409090909090909,40.4865573536266,0.006323802594288446
OAK-SEA,OAK,SEA,398,0.1876248530481928,0.3015075376884422,33.881704743783075,0.006197341519171587
MSP-MCI,MSP,MCI,235,0.18756016229695463,0.2,45.24252980820676,0.007487778846134848
BHM-BNA,BHM,BNA,120,0.18752624144156774,0.31666666666666665,39.436170856157936,0.009760467389459945
MSP-MSN,MSP,MSN,242,0.18747689042332744,0.17768595041322313,44.006048092172165,0.011160722485366316
DFW-AMA,DFW,AMA,414,0.18739832570587378,0.2826086956521739,31.4621908745328,0.01347240899634712
LIH-SFO,LIH,SFO,238,0.18736778941600263,0.1092436974789916,34.18552131813114,0.009595226135570557
IAH-AEX,IAH,AEX,121,0.1873378726569089,0.23140495867768596,49.17876171080534,0.009789822291063725
SAT-LAS,SAT,LAS,315,0.18726683515641424,0.33650793650793653,34.52423758885217,0.0040104631524907905
DTW-MIA,DTW,MIA,213,0.18723803730637814,0.11267605633802817,45.947246667924624,0.00769782139064181
SFO-ONT,SFO,ONT,242,0.1872313143300616,0.30165289256198347,45.6118439603443,0.006951267595322412
BIS-DEN,BIS,DEN,231,0.1870355699937065,0.17316017316017315,49.303772930459026,0.004825246402930118
DEN-IAH,DEN,IAH,871,0.18703234404855837,0.29506314580941445,46.56538193589921,0.0036575740312359164
MYR-DFW,MYR,DFW,123,0.18697513549066172,0.25203252032520324,40.89246880135885,0.01471103785187006
ATL-TYS,ATL,TYS,307,0.18694570289275544,0.1986970684039088,32.826867491880535,0.008434085004551747
BNA-STL,BNA,STL,218,0.18692008199153143,0.2798165137614679,31.005521345576014,0.004137081224259666
SDF-BNA,SDF,BNA,121,0.18685036420452694,0.2975206611570248,29.116503605172653,0.009369921313262865
EWR-SDF,EWR,SDF,167,0.18680830790611083,0.23353293413173654,47.6055933215661,0.019656276627146935
ATL-SAN,ATL,SAN,369,0.18680697489721665,0.21680216802168023,35.46254964378791,0.0075772974894128065
IND-MDW,IND,MDW,118,0.18679433139198917,0.1864406779661017,30.21200677904032,0.006379686660499724
DCA-PHX,DCA,PHX,174,0.1867934873905675,0.1781609195402299,36.35398861457561,0.008761821818944499
SLC-HNL,SLC,HNL,115,0.1867853440668272,0.25217391304347825,48.713022215470026,0.006561141888626287
SFO-FLL,SFO,FLL,183,0.1867848961242561,0.2786885245901639,32.14810629881145,0.008388738705181196
SAF-DFW,SAF,DFW,303,0.18676480208293045,0.24752475247524752,42.95951400102168,0.010216410289506745
LAS-PDX,LAS,PDX,520,0.1867270813180277,0.24615384615384617,35.118813340480514,0.004713914882322639
MSY-DEN,MSY,DEN,327,0.186724305255424,0.28440366972477066,29.710697986299476,0.00442361362687679
MYR-CLT,MYR,CLT,299,0.18669781754148446,0.22073578595317725,34.20611390142537,0.010376992811208331
SFO-DEN,SFO,DEN,997,0.1866784947985034,0.3520561685055166,42.3557175375155,0.0036105847356670963
FAR-DFW,FAR,DFW,174,0.1866771059389087,0.1781609195402299,43.67910768793917,0.013274648617850153
MSY-DAL,MSY,DAL,326,0.18666689482980345,0.34662576687116564,30.18649929652185,0.006932647410622626
MSP-CVG,MSP,CVG,224,0.18666207703894802,0.22321428571428573,33.519648615803035,0.00698718447652128
CMH-MIA,CMH,MIA,225,0.18664588861995274,0.11555555555555555,39.67469651963976,0.008656382612470124
ATL-PDX,ATL,PDX,301,0.1866392863054212,0.23920265780730898,36.378086825145836,0.006401077263278536
IAH-MCO,IAH,MCO,515,0.18654972576689952,0.29320388349514565,44.270045413785766,0.006532705249712587
MSP-IAH,MSP,IAH,381,0.18648418815430068,0.22572178477690288,43.90258341511404,0.0072678957279398064
RIC-DTW,RIC,DTW,115,0.18647342868473218,0.1565217391304348,42.400488662719724,0.0089249670172335
LNK-DEN,LNK,DEN,294,0.18639385647007398,0.1836734693877551,63.42478198096866,0.011119487381787325
GJT-PHX,GJT,PHX,181,0.18637624551742776,0.2154696132596685,34.601886148610824,0.009636656296290251
HOU-ABQ,HOU,ABQ,179,0.18626729153388039,0.26256983240223464,34.69579292276052,0.005816933917554302
SMF-BUR,SMF,BUR,394,0.18626671997348065,0.10406091370558376,33.359484929118665,0.006454257584267535
SFO-FAT,SFO,FAT,183,0.186254748229772,0.366120218579235,53.60809918179538,0.012476066053626153
ANC-ORD,ANC,ORD,290,0.1862340463132694,0.22413793103448276,52.52816548840753,0.013163250804705135
PIT-MIA,PIT,MIA,129,0.1861834065743195,0.2713178294573643,40.82523311200992,0.009414577505622919
STL-RDU,STL,RDU,121,0.18618283451588685,0.3140495867768595,36.839857132966856,0.0057711169731703175
ANC-SFO,ANC,SFO,139,0.18609377323723525,0.12949640287769784,50.60708340981024,0.008719093035638547
AUS-JFK,AUS,JFK,392,0.18606543412660154,0.29846938775510207,47.05819564206259,0.01246636854664643
HNL-LIH,HNL,LIH,1279,0.18605334668524381,0.14698983580922595,31.17815899904861,0.00724699682596491
PIT-TPA,PIT,TPA,136,0.1860342841485844,0.2867647058823529,34.821458872626806,0.0082881745081121
TLH-MIA,TLH,MIA,216,0.18597513406227031,0.2175925925925926,27.0337528652615,0.005254323395775966
LAX-ATL,LAX,ATL,840,0.18593553435944377,0.20238095238095238,40.30398236342839,0.006092122140548314
DFW-BTR,DFW,BTR,342,0.18585986097218,0.24853801169590642,34.600642338133696,0.011462514191381844
CLT-SLC,CLT,SLC,176,0.18584903244945136,0.2215909090909091,35.73780493302779,0.009372365247333349
BNA-SAT,BNA,SAT,163,0.18576051315372707,0.3987730061349693,30.804088071811417,0.004087499935648467
MFE-DFW,MFE,DFW,408,0.18575831800334008,0.20588235294117646,26.055413117595748,0.014815306047695397
MSP-FSD,MSP,FSD,295,0.1857231743760028,0.21016949152542372,56.09954615447481,0.012873748014759436
MSY-HOU,MSY,HOU,390,0.1857116690908487,0.30256410256410254,32.10296782469138,0.005156380164779114
MCO-LAX,MCO,LAX,630,0.1856880416886674,0.22380952380952382,41.346305293885486,0.006135576276849281
DEN-RIW,DEN,RIW,121,0.18564341802242373,0.2644628099173554,46.896617038190854,0.00553308525237209
HNL-OAK,HNL,OAK,121,0.18560138788105043,0.11570247933884298,27.000956819077167,0.0056151125141350195
ATL-CLE,ATL,CLE,627,0.18547333128144297,0.2583732057416268,40.624785418715774,0.011374192968485979
HOU-SAT,HOU,SAT,181,0.18545838529810063,0.3701657458563536,35.149232052966376,0.005498115818916851
STS-BUR,STS,BUR,180,0.18544555604457855,0.1388888888888889,46.35751985973782,0.017370904588864908
SEA-FAI,SEA,FAI,414,0.1854260743636152,0.2463768115942029,32.77815066443549,0.006534435784631818
TYR-DFW,TYR,DFW,177,0.1853721397323797,0.15819209039548024,32.77454103588384,0.011989978848250357
DEN-CLT,DEN,CLT,451,0.18536038536520597,0.2793791574279379,38.971321767819695,0.007547866749725992
DFW-GPT,DFW,GPT,173,0.18534826478689392,0.2023121387283237,41.74579653436738,0.012127984472964372
PHX-MSN,PHX,MSN,121,0.18533611408442505,0.2727272727272727,43.5836349361199,0.008542035075197043
DEN-MFR,DEN,MFR,119,0.1853160900729043,0.40336134453781514,37.33680619311934,0.0031921073576928046
JAX-DFW,JAX,DFW,347,0.18530326534159244,0.2420749279538905,48.32779545742771,0.01048393942832494
DEN-HLN,DEN,HLN,119,0.18528488409869812,0.33613445378151263,49.22123543554995,0.004610561831153868
ATL-LAX,ATL,LAX,846,0.18526083087420914,0.26713947990543735,34.45753824964483,0.007085659405167558
DEN-SLC,DEN,SLC,1314,0.18522935241313376,0.2907153729071537,35.97843869382025,0.005401841941846702
IAH-PDX,IAH,PDX,231,0.18518310882054367,0.23809523809523808,33.69404693702599,0.006246668525473696
SFO-IND,SFO,IND,102,0.1850190308748507,0.24509803921568626,37.14885681750727,0.007152221167880092
SAN-SEA,SAN,SEA,883,0.1849336172723014,0.23556058890147225,32.6621216334411,0.009928321359472607
SDF-DEN,SDF,DEN,176,0.1848966495811262,0.18181818181818182,29.174166901545092,0.006813094580741548
CLE-BNA,CLE,BNA,174,0.18488457090296279,0.19540229885057472,30.476875285992676,0.006785869795296873
ABQ-AUS,ABQ,AUS,171,0.184869474094165,0.3391812865497076,28.81887282265557,0.0053757552983412565
MEM-BNA,MEM,BNA,122,0.18478168516618307,0.32786885245901637,35.996244555614034,0.0075237928378227795
MSP-MDW,MSP,MDW,282,0.18477312863824216,0.2730496453900709,37.98584060804218,0.008548174376182001
EWR-GRR,EWR,GRR,180,0.18477083759175406,0.15,37.62045036951701,0.016004363994281262
SEA-TPA,SEA,TPA,181,0.18475340940675683,0.2265193370165746,33.96932647241413,0.007150289037131837
LIH-SEA,LIH,SEA,181,0.18471434037329743,0.18232044198895028,30.714589382403464,0.014099485795598865
IAH-MIA,IAH,MIA,552,0.18470597179417592,0.27355072463768115,49.51256720743318,0.00718071750628935
IAH-PHX,IAH,PHX,474,0.1846171778465625,0.2805907172995781,39.88597596244973,0.006263579921748411
MCI-PHL,MCI,PHL,175,0.1845253291300365,0.1657142857142857,39.84326913016183,0.011606930396877803
MIA-TLH,MIA,TLH,216,0.18443382072641892,0.23148148148148148,24.715767613163703,0.00761754745681886
MSP-MIA,MSP,MIA,186,0.18437185238606185,0.12903225806451613,43.4219335022793,0.006491316573178616
DTW-PIT,DTW,PIT,169,0.18436477412662564,0.15976331360946747,42.42589273396328,0.010579117042007001
DAY-CLT,DAY,CLT,225,0.1843599729736646,0.2222222222222222,40.65085199991862,0.012307335839100313
PHX-FAT,PHX,FAT,231,0.18432679333728114,0.24242424242424243,43.6473514424774,0.007456476574368549
SWO-DFW,SWO,DFW,121,0.18432185059982883,0.14049586776859505,43.967377355276064,0.012714357214567602
ELP-LAS,ELP,LAS,244,0.1841947208082334,0.25,36.80952776064638,0.004761521684699635
MCI-TPA,MCI,TPA,121,0.1841814887425131,0.256198347107438,34.306878917473405,0.0056436674482735595
MSP-BDL,MSP,BDL,167,0.1841779163408422,0.2275449101796407,34.370087652149316,0.009548513174411796
BOS-MSP,BOS,MSP,345,0.18412876307316448,0.22608695652173913,45.626936442610145,0.009900083736033528
ASE-IAH,ASE,IAH,115,0.18406105054461439,0.30434782608695654,48.92135749485182,0.018812122223667863
SAN-DEN,SAN,DEN,1053,0.18398696965301817,0.28774928774928776,35.80666598748391,0.006468529904686381
HSV-DEN,HSV,DEN,120,0.1839523365100225,0.20833333333333334,41.79302349090576,0.00648474281515218
MSP-INL,MSP,INL,123,0.18393628553646366,0.17886178861788618,40.69228197113285,0.00930105521328505
OAK-BUR,OAK,BUR,432,0.1839360579399875,0.24074074074074073,37.843627208912814,0.003812358562095926
STL-OMA,STL,OMA,130,0.1839243409725336,0.3384615384615385,34.48934045938345,0.004279049281747296
TUS-SFO,TUS,SFO,122,0.18390951220129356,0.5901639344262295,53.745595806934794,0.003907207134332446
SFO-BWI,SFO,BWI,165,0.18387131709041019,0.30303030303030304,37.46054512948701,0.00654225097828915
RSW-JFK,RSW,JFK,168,0.18384501639576184,0.25,39.316143694378084,0.012964605793987956
ATL-MSY,ATL,MSY,605,0.18378372154206285,0.2528925619834711,31.67474485034785,0.008860325934962587
AUS-EWR,AUS,EWR,277,0.1837818835616542,0.20216606498194944,48.50969874041175,0.01262332105574928
OKC-BNA,OKC,BNA,121,0.18377444098803622,0.2231404958677686,31.487300494485652,0.007166640522897427
MKE-BNA,MKE,BNA,176,0.18370982348410922,0.26704545454545453,30.098960827697407,0.008060612517345528
OKC-DEN,OKC,DEN,566,0.18365639221752492,0.2226148409893993,37.66382206202396,0.007428312064001949
PHX-RDM,PHX,RDM,121,0.18354170750980534,0.23140495867768596,24.915489448988733,0.009617636438212857
LBB-DEN,LBB,DEN,173,0.18351660681770027,0.19653179190751446,44.295530589329715,0.008868759192911715
MKE-PHX,MKE,PHX,191,0.18348920694430462,0.193717277486911,41.602293239214035,0.008225899320677854
RDU-FLL,RDU,FLL,236,0.1834147039611461,0.2330508474576271,38.64666486998736,0.01199275000731913
MDW-ATL,MDW,ATL,607,0.1832818331740048,0.2981878088962109,34.28729979249555,0.010253821885605858
CAE-DFW,CAE,DFW,176,0.18323785396800799,0.2556818181818182,41.66257601434534,0.014374247938394546
DEN-FCA,DEN,FCA,189,0.18321964491612067,0.2275132275132275,31.749504533394305,0.009451496500170823
IAH-FLL,IAH,FLL,379,0.18313997150411077,0.34300791556728233,39.26398815265746,0.00761173602810444
SEA-MDW,SEA,MDW,168,0.18310020405000874,0.2619047619047619,29.951593762352353,0.006231010751254116
ATL-IND,ATL,IND,539,0.18307236568217816,0.22634508348794063,36.9542590638481,0.006810342040154393
SAV-DCA,SAV,DCA,174,0.18306411361728592,0.22413793103448276,52.60148212827485,0.01592207429833555
CMH-EWR,CMH,EWR,331,0.1830340423747852,0.1661631419939577,44.370088237289934,0.01770601023737837
DTW-CMH,DTW,CMH,349,0.18301429953906462,0.12893982808022922,52.0597547624036,0.010069330004004076
MSP-RAP,MSP,RAP,235,0.1829520953462479,0.20851063829787234,47.15614296933438,0.008404889528421645
BWI-BDL,BWI,BDL,283,0.18295170206168515,0.22614840989399293,26.473793986829346,0.008684279056536537
BUF-CLT,BUF,CLT,183,0.18293222137650506,0.20765027322404372,44.93704977191862,0.009972260885305055
MSY-LAX,MSY,LAX,202,0.1828635685736,0.31683168316831684,31.581738826071863,0.005774349034718219
SJT-DFW,SJT,DFW,175,0.1828116322840963,0.17714285714285713,57.5163710130964,0.01711600115215713
MSY-BWI,MSY,BWI,172,0.18278558870647535,0.2616279069767442,29.327913259350975,0.006068495507352054
EUG-SAN,EUG,SAN,172,0.18274780839335086,0.29651162790697677,34.19654354383779,0.010006498093283626
LAX-KOA,LAX,KOA,324,0.182737690270131,0.17592592592592593,37.11855636996987,0.005425002831577158
GEG-PHX,GEG,PHX,221,0.1826267395825947,0.2081447963800905,34.353485774130846,0.006198572792580577
ABQ-DFW,ABQ,DFW,441,0.1826134439126975,0.23582766439909297,54.7141566373864,0.011693814960950313
TPA-PHX,TPA,PHX,181,0.18254305731031775,0.2265193370165746,41.448062554248786,0.0062869028840725726
BNA-MEM,BNA,MEM,122,0.18253341304962753,0.3770491803278688,35.235563254747234,0.004722164380822147
BWI-ORF,BWI,ORF,276,0.18252141202759484,0.3079710144927536,30.795957233594812,0.009355587376641076
ALB-MCO,ALB,MCO,130,0.1824644482193085,0.2,32.7314774953402,0.010740447976400681
PIT-LGA,PIT,LGA,507,0.18244771477150964,0.20512820512820512,42.838880821092594,0.01789270919394156
PWM-JFK,PWM,JFK,99,0.18239189353254107,0.2828282828282828,51.09453099183362,0.013212906757231664
TYS-CLT,TYS,CLT,120,0.1823680823047956,0.2916666666666667,52.83244072596232,0.01518117836225898
MSP-BNA,MSP,BNA,345,0.18233052205996236,0.24347826086956523,38.4969685651254,0.007061304654260831
CLT-AVP,CLT,AVP,168,0.18228856150415682,0.31547619047619047,54.493855022248766,0.012008421861662948
DEN-MRY,DEN,MRY,120,0.18222033667067686,0.31666666666666665,42.94885150591532,0.008479842100261656
AUS-SEA,AUS,SEA,421,0.1822000064061968,0.22802850356294538,37.560243105945,0.0054873554239198916
AUS-STL,AUS,STL,174,0.18217178459825187,0.3390804597701149,30.97014196439721,0.003038837492599019
ATL-CVG,ATL,CVG,541,0.18216654696878795,0.23844731977818853,29.542730010591463,0.007891841997913674
CLE-MDW,CLE,MDW,218,0.18216634001753745,0.18807339449541285,38.2639860975633,0.006404287297170542
MSY-TPA,MSY,TPA,114,0.182123811621415,0.2894736842105263,32.479692919212475,0.005718759405831604
PIT-BNA,PIT,BNA,190,0.18207544284431557,0.26842105263157895,30.372278562345002,0.0066414358382947585
OAK-SNA,OAK,SNA,417,0.18204593197476093,0.19664268585131894,23.699607315109215,0.0034387458796652642
ANC-DEN,ANC,DEN,288,0.18203637272947365,0.2013888888888889,39.54495502180524,0.005903393841884418
BDL-CLT,BDL,CLT,295,0.18200067390324706,0.2271186440677966,39.127862629647986,0.012131633588184055
CMH-BOS,CMH,BOS,340,0.18193214899476837,0.1264705882352941,41.84738795336555,0.015637901140550196
MDW-SDF,MDW,SDF,179,0.18192142015062898,0.1787709497206704,33.37734688593689,0.00989421456796373
HIB-MSP,HIB,MSP,105,0.18184375223659333,0.12380952380952381,38.25343486240932,0.008168435848827631
DEN-RAP,DEN,RAP,503,0.18182576943936926,0.32007952286282304,42.60977915314509,0.005473511671243794
IAD-MCO,IAD,MCO,336,0.18171511058296477,0.29464285714285715,44.10582068988255,0.0058910819133905145
DFW-FAR,DFW,FAR,176,0.1816686854105104,0.19318181818181818,25.086218584667552,0.010951769435315171
DEN-XWA,DEN,XWA,221,0.18160466977913456,0.2669683257918552,59.91148360066824,0.01037180004851171
EGE-DEN,EGE,DEN,180,0.18155337505870395,0.14444444444444443,43.640368164910214,0.009040556738030288
DFW-BMI,DFW,BMI,118,0.1814424510476953,0.2288135593220339,36.12767550904872,0.00911985062641882
DTW-BHM,DTW,BHM,114,0.18141825562506392,0.23684210526315788,47.51742620635451,0.007040199068985109
MDT-CLT,MDT,CLT,119,0.18140819656247853,0.2689075630252101,38.96385808351661,0.01464000027934628
RDU-MDW,RDU,MDW,178,0.18138959997574264,0.33146067415730335,31.32049189256818,0.01116529206952287
TPA-AUS,TPA,AUS,249,0.1813191902266449,0.2570281124497992,36.20010428256299,0.0056269223179382195
BOS-MCI,BOS,MCI,159,0.18130677493300829,0.3018867924528302,47.888266701368416,0.0074782153502952285
RAP-MSP,RAP,MSP,235,0.1812397707650002,0.1276595744680851,35.06075776688596,0.009460937309059057
ORF-JFK,ORF,JFK,92,0.18118287687716278,0.3695652173913043,34.64096419707589,0.0197429819883586
BNA-ECP,BNA,ECP,203,0.18112217869811456,0.45320197044334976,31.198200747297314,0.004682945166487338
DFW-CRP,DFW,CRP,505,0.1811187244877957,0.20396039603960395,26.837264261151304,0.013838215823856324
ATL-EYW,ATL,EYW,239,0.1811152502083878,0.17573221757322174,32.20178777303656,0.008197074517539819
PDX-DEN,PDX,DEN,879,0.18109237221286836,0.20819112627986347,31.38721199708316,0.004525754936436199
LAX-EWR,LAX,EWR,735,0.18109104109256446,0.22585034013605443,45.944653294362176,0.010958836461436383
ATL-CHS,ATL,CHS,560,0.18103724272389496,0.24464285714285713,24.934080146040234,0.010324098985117918
AUS-MIA,AUS,MIA,404,0.18102764660990475,0.24752475247524752,48.677869522925654,0.006427646474571202
DFW-TYR,DFW,TYR,177,0.18096916322822626,0.1694915254237288,28.979739781826904,0.011635830155113241
BNA-LIT,BNA,LIT,122,0.18096118621894572,0.319672131147541,28.684765284178688,0.007411841982517575
DFW-BIL,DFW,BIL,120,0.18093906746556362,0.2,37.43693866729736,0.01111675010322303
ATL-MKE,ATL,MKE,388,0.18092885984050244,0.2422680412371134,28.954043963520796,0.00935814158711817
AUS-BWI,AUS,BWI,228,0.180914490973871,0.3026315789473684,29.355419621132967,0.005757805691061194
SLC-EWR,SLC,EWR,198,0.18089213365256185,0.2222222222222222,35.642570717166166,0.011155025952142997
PHX-LAX,PHX,LAX,1205,0.180890585936575,0.23402489626556017,34.61870391972332,0.005201605463512088
JAX-MDW,JAX,MDW,108,0.18084488029557247,0.21296296296296297,25.97702090386991,0.006112970277532801
RIC-CLT,RIC,CLT,405,0.18083850058876438,0.21481481481481482,38.285747462143135,0.010918467068249017
SFO-RDM,SFO,RDM,264,0.1807001754359314,0.4053030303030303,35.27915267510848,0.008228362091588524
JAX-EWR,JAX,EWR,228,0.18068665199047118,0.3201754385964912,44.06193653324194,0.012705409096423613
AUS-CLT,AUS,CLT,240,0.18057856212059656,0.22916666666666666,51.389774378140764,0.010276749650889783
GJT-DFW,GJT,DFW,176,0.18042317481542175,0.26704545454545453,36.84053572741422,0.012396797284504378
ATL-GPT,ATL,GPT,228,0.18042247376421042,0.19298245614035087,40.647658030192055,0.009751252664728855
EUG-SFO,EUG,SFO,176,0.18027898237447848,0.5625,46.82778107036244,0.00670316990260872
SMF-DEN,SMF,DEN,762,0.18024138763077616,0.1942257217847769,32.30951219906644,0.0029444880397016746
ATL-SRQ,ATL,SRQ,400,0.18023821903392673,0.2,42.62729341506958,0.007201565924476777
DEN-GUC,DEN,GUC,182,0.18021814111661125,0.27472527472527475,52.70500851725484,0.008763038248826679
MSY-MDW,MSY,MDW,178,0.18018828491481503,0.37640449438202245,29.851780133300952,0.006333622647591871
SBP-PHX,SBP,PHX,208,0.18018433673737141,0.1971153846153846,46.806275587815506,0.008181680075912958
MYR-BNA,MYR,BNA,129,0.18018364351849223,0.27906976744186046,26.094628858935927,0.010851233042487803
ATL-CAE,ATL,CAE,304,0.18017967753602485,0.19736842105263158,39.826235357083775,0.00804590181327395
DEN-GJT,DEN,GJT,414,0.18015640020226512,0.2753623188405797,37.19076634144437,0.005870728614144565
DEN-BFL,DEN,BFL,119,0.18015531813647567,0.3865546218487395,40.766271286651865,0.006564900371407674
IAH-PHL,IAH,PHL,347,0.18011051390631397,0.39481268011527376,38.951100319194516,0.009433237949228833
RIC-MDW,RIC,MDW,101,0.1800923935036258,0.32673267326732675,32.108759889508235,0.010410826924501114
JAC-LAX,JAC,LAX,150,0.18006612569093705,0.2733333333333333,41.18637685139974,0.01402413845655455
SFO-SBA,SFO,SBA,302,0.17992398764518713,0.2913907284768212,36.94162892347929,0.006998128614261969
JAX-DEN,JAX,DEN,171,0.1799017286570797,0.3567251461988304,28.232522942169368,0.005757700486736762
SFO-GEG,SFO,GEG,206,0.17987992191343632,0.38349514563106796,45.86139503034573,0.007443722017342225
IAD-FLL,IAD,FLL,157,0.17981467818378644,0.3375796178343949,44.308591429594976,0.00773575400817208
RNO-DFW,RNO,DFW,225,0.17968469788630803,0.2088888888888889,41.68548169453939,0.011481449258576889
ABQ-PHX,ABQ,PHX,494,0.1796676895245608,0.25303643724696356,35.71943595824454,0.008204012801739267
ATL-RDU,ATL,RDU,790,0.17964737495478195,0.26329113924050634,38.01667057834094,0.009792537125642702
MSY-CLT,MSY,CLT,264,0.17964643533482696,0.2878787878787879,40.51619593663649,0.007826015480201353
LAS-MIA,LAS,MIA,235,0.17955519205078166,0.22127659574468084,37.875589305796524,0.005479024122663153
CLT-JAN,CLT,JAN,141,0.17951949210243023,0.46808510638297873,40.96285549461419,0.013217068810359035
IDA-SEA,IDA,SEA,122,0.17951396205386178,0.11475409836065574,41.72172991955867,0.0055166221105447805
DAL-VPS,DAL,VPS,117,0.1794854554737735,0.3076923076923077,34.27750777790689,0.005964235430267655
LAX-AUS,LAX,AUS,710,0.17946037291221215,0.2774647887323944,37.24647586715054,0.004232401907496102
CLT-ECP,CLT,ECP,229,0.17944842059669536,0.40611353711790393,42.26833869900766,0.010081801857287664
EWR-MYR,EWR,MYR,117,0.17941594919842532,0.17094017094017094,38.822244888696915,0.015276533874783142
SEA-FAT,SEA,FAT,167,0.17940111636758566,0.17365269461077845,38.1991120412678,0.008725420613689515
CID-PHX,CID,PHX,121,0.17937102088750886,0.1322314049586777,67.4560870336107,0.01057244216530653
ISP-BWI,ISP,BWI,279,0.17932703390076596,0.21505376344086022,38.31066885643963,0.013692784601855173
PHX-SEA,PHX,SEA,1140,0.17932664431108716,0.21929824561403508,29.269829555979946,0.004483162426776723
DEN-HSV,DEN,HSV,120,0.17929879824320474,0.2833333333333333,54.83908715248108,0.003965167936768906
ATL-TLH,ATL,TLH,367,0.17923872091627252,0.17983651226158037,27.813038885755823,0.010693533192078273
STL-MSY,STL,MSY,113,0.17919683627850186,0.2831858407079646,30.11202658594182,0.004907054729604472
ELP-PHX,ELP,PHX,404,0.17916921386956283,0.23267326732673269,35.697187329282855,0.004902249481872237
XNA-DEN,XNA,DEN,275,0.1791517376628789,0.22181818181818183,52.47228323502974,0.006647156738757115
XWA-MSP,XWA,MSP,174,0.17912013100824137,0.20689655172413793,83.48223162245476,0.009787763530122383
SDF-MCO,SDF,MCO,132,0.17911894630753633,0.2878787878787879,29.940219192793876,0.009194382629014881
DTW-SDF,DTW,SDF,132,0.17910152515678696,0.19696969696969696,55.86894942774917,0.012015739277257282
DFW-GRK,DFW,GRK,350,0.17909667289682796,0.23714285714285716,30.30127012525286,0.017392630209151196
SEA-RDU,SEA,RDU,180,0.17901171271999677,0.2,41.44860941569011,0.008625654274710341
DEN-IDA,DEN,IDA,303,0.1789503639238109,0.2079207920792079,43.625250202594415,0.00488569599917472
PVU-DFW,PVU,DFW,119,0.17893113778168415,0.15966386554621848,32.81389226833311,0.012587500694131509
FCA-DEN,FCA,DEN,187,0.17889322599465834,0.15508021390374332,36.84307161626969,0.0037403099777674332
FSD-MSP,FSD,MSP,294,0.17878562300687745,0.1360544217687075,45.22515519946611,0.01372646565959861
OMA-DTW,OMA,DTW,228,0.17874622599858986,0.17105263157894737,59.481833809300475,0.006443859397879113
ATL-CHA,ATL,CHA,296,0.17868982298249328,0.23648648648648649,40.88907064618291,0.009609918994065679
DTW-SLC,DTW,SLC,300,0.17860080629587174,0.23,36.2574324798584,0.004634794931625948
SLC-DAL,SLC,DAL,118,0.17852205783128738,0.3220338983050847,27.509014598393843,0.008129110124947365
MSP-BWI,MSP,BWI,274,0.17846033648744117,0.22992700729927007,35.27942581594425,0.00828628832884654
BOS-TVC,BOS,TVC,141,0.17842832445464235,0.1702127659574468,33.967710237976505,0.010213752636142695
PHL-IAH,PHL,IAH,344,0.17842350874182789,0.2441860465116279,48.705089047897694,0.01187627710757798
TPA-CMH,TPA,CMH,137,0.17840359417082619,0.19708029197080293,36.12751303624063,0.007504441377207421
BHM-DFW,BHM,DFW,396,0.17837053352985718,0.27525252525252525,48.209698951605596,0.01389299800339182
PHX-SMF,PHX,SMF,533,0.17828841254422634,0.26454033771106944,28.03285863743938,0.004161434336704438
FLL-IAD,FLL,IAD,154,0.1782494280245397,0.23376623376623376,39.761909559175564,0.008412505286105442
MSP-BRD,MSP,BRD,106,0.17822678837011446,0.09433962264150944,43.17650104018877,0.011388365337449425
BTR-DFW,BTR,DFW,338,0.17822061904524206,0.20414201183431951,48.08906486330653,0.012820895606031021
ILM-DFW,ILM,DFW,114,0.1781471222639084,0.2543859649122807,41.492575536694446,0.013045676953105394
CHS-ORD,CHS,ORD,367,0.1781117192365493,0.2016348773841962,38.84120022828313,0.012960712162576155
DEN-GCC,DEN,GCC,165,0.1781059935237422,0.2909090909090909,44.75532596472538,0.005896857329532055
CVG-BNA,CVG,BNA,122,0.17809981877197983,0.29508196721311475,33.41330640042415,0.007899784095600614
ATL-RIC,ATL,RIC,453,0.17800117826817052,0.2097130242825607,35.91312422762907,0.011448786812754155
COS-DEN,COS,DEN,866,0.17798732992855285,0.197459584295612,37.12754025745612,0.006508336380288758
SEA-BUR,SEA,BUR,335,0.17792267710415285,0.2835820895522388,32.88645728381712,0.011851737317683304
SIT-JNU,SIT,JNU,118,0.1778172860711308,0.05084745762711865,39.19972757565773,0.014508014483774295
TPA-PIT,TPA,PIT,136,0.17778461664805517,0.3235294117647059,32.48598423424889,0.005626286772038678
IAH-MEI,IAH,MEI,103,0.17766215688395268,0.36893203883495146,50.49752466886946,0.0059429513201827095
DFW-LCH,DFW,LCH,175,0.17764876157045364,0.17714285714285713,33.87212853567941,0.010406784904241729
TUL-ORD,TUL,ORD,366,0.17762199502255097,0.20218579234972678,41.45869836129778,0.011460849485182575
ATL-MLB,ATL,MLB,239,0.17751122356458687,0.2217573221757322,29.082674848484693,0.006733242900938624
HOU-LAS,HOU,LAS,320,0.17748114542337134,0.225,28.515883274376392,0.003643034076230833
CMI-DFW,CMI,DFW,111,0.17747442726347898,0.16216216216216217,22.24638218063492,0.012223458271968154
CLD-SFO,CLD,SFO,121,0.17744504019987484,0.9338842975206612,44.87611248867571,0.00722781763496724
SEA-PSP,SEA,PSP,128,0.17744156561093405,0.2421875,32.97486986219883,0.011513716171545382
ANC-ADQ,ANC,ADQ,180,0.17741030446357198,0.13333333333333333,29.29057576921251,0.019576355098531797
IAD-ORF,IAD,ORF,121,0.1774033611594153,0.2396694214876033,40.394210799666475,0.011393950874230167
MSP-SMF,MSP,SMF,121,0.17732504453540834,0.14049586776859505,36.137739512546005,0.005417324866222079
LIH-LAX,LIH,LAX,374,0.1773151608512682,0.10160427807486631,27.991339701382234,0.007349954172844356
BHM-ORD,BHM,ORD,119,0.1773042712642365,0.20168067226890757,50.1633036797788,0.007714418421794728
PHX-MFR,PHX,MFR,120,0.17724222205579282,0.175,61.44259738922119,0.007612803383260842
CHS-BNA,CHS,BNA,177,0.17723975562106417,0.3446327683615819,28.971826618000613,0.006399018591233226
RSW-EWR,RSW,EWR,184,0.17722177266588676,0.2717391304347826,44.082396092622176,0.009395025427996492
SNA-PHX,SNA,PHX,808,0.177138290644651,0.19925742574257427,34.51461575172915,0.006625293306708519
MSN-CLT,MSN,CLT,170,0.1771377621766399,0.23529411764705882,39.2050802230835,0.012585900713229316
BWI-ALB,BWI,ALB,291,0.1771087947836037,0.2646048109965636,26.86779283412134,0.006697452981363084
DFW-MLU,DFW,MLU,234,0.17703361385780522,0.19230769230769232,38.06323112993159,0.012221571163867007
SEA-MCO,SEA,MCO,300,0.1770279060304165,0.22333333333333333,34.616025632222495,0.005939205909319418
IAH-LIT,IAH,LIT,169,0.1769809540824072,0.2781065088757396,51.92303642859826,0.007724548490255102
BHM-DEN,BHM,DEN,235,0.1769064393766383,0.26382978723404255,44.439203229863594,0.005457828763099586
DEN-BDL,DEN,BDL,121,0.17689423047560304,0.2809917355371901,32.69841186271226,0.00727020497703232
SAT-MDW,SAT,MDW,119,0.17675020007275732,0.2857142857142857,33.922287227726784,0.005145965212742324
CLT-MDW,CLT,MDW,156,0.17666529670644265,0.3076923076923077,37.0347874775911,0.012257291832538837
PWM-EWR,PWM,EWR,203,0.17664438225512435,0.20689655172413793,51.700871368934365,0.016004511352611304
CLT-SAN,CLT,SAN,241,0.17653341201825756,0.3236514522821577,39.71113883212394,0.008939339589961336
DTW-MCI,DTW,MCI,229,0.17651267623016406,0.22707423580786026,43.661948183217945,0.006262915956018412
LAS-EWR,LAS,EWR,379,0.17645132657641785,0.21372031662269128,47.864405005462565,0.01114351944975136
LAX-DEN,LAX,DEN,1299,0.17644114700290128,0.23248652809853734,36.152414278951035,0.0039535915650205965
DTW-JFK,DTW,JFK,215,0.17642987013556236,0.22790697674418606,46.9166322575059,0.012595873536298421
DTW-AUS,DTW,AUS,227,0.17641691942309493,0.29955947136563876,38.160163240810846,0.004999591091824374
BUR-STS,BUR,STS,180,0.17638758863839837,0.17777777777777778,24.572938760121662,0.013011723218692674
SLC-DEN,SLC,DEN,1309,0.17636774768917682,0.22077922077922077,36.556500674204756,0.004322621079028111
PWM-LGA,PWM,LGA,231,0.17633766248757704,0.16883116883116883,45.8387339331887,0.016038777213543652
LAX-MCI,LAX,MCI,307,0.17629517010543555,0.24104234527687296,30.32517446213514,0.004056043902044989
STL-MIA,STL,MIA,197,0.17628916697151165,0.25888324873096447,32.625732780107995,0.006693730979044009
PDX-SJC,PDX,SJC,327,0.17616421061735998,0.21712538226299694,30.082248979387664,0.004336668796254192
ABQ-LAS,ABQ,LAS,294,0.17599755857570643,0.22448979591836735,30.30064568065462,0.005288256299241471
STS-LAX,STS,LAX,158,0.1759863900421541,0.10759493670886076,62.71286433256125,0.013502808363885625
TUL-DFW,TUL,DFW,458,0.17597974280472925,0.23580786026200873,46.625905969778,0.012544050373584975
TPA-MCI,TPA,MCI,109,0.17582714615748563,0.1834862385321101,34.13414740781172,0.005669222466451108
ECP-BNA,ECP,BNA,197,0.17582685697048447,0.350253807106599,35.0749363875026,0.005826213476271723
IND-LGA,IND,LGA,423,0.17576296155475274,0.17966903073286053,38.588485118063346,0.016869260175981903
BWI-IAH,BWI,IAH,202,0.17566154181662172,0.28217821782178215,40.288704905179465,0.010935174892298304
CLE-DEN,CLE,DEN,359,0.17559616042503406,0.18662952646239556,36.04081177512251,0.006638809737481483
DEN-PSC,DEN,PSC,120,0.1755934741348028,0.425,42.29322342872619,0.003819770249922968
SLC-LAS,SLC,LAS,592,0.17556752742746393,0.2635135135135135,31.479066842311138,0.00586295172086909
JAX-BWI,JAX,BWI,211,0.1755293839880358,0.27014218009478674,26.26017793546921,0.007098098434337743
MSP-PIT,MSP,PIT,178,0.17544515242569902,0.23595505617977527,36.23554722646649,0.007360723456885251
STL-SEA,STL,SEA,240,0.17538507288942734,0.25416666666666665,32.837941161791484,0.004964066339420981
IAH-CLT,IAH,CLT,393,0.1753664329913433,0.23918575063613232,43.75333089076229,0.01060141148394905
LAX-ELP,LAX,ELP,222,0.17530264587955433,0.25675675675675674,35.83569264197135,0.004256665923943122
XNA-MSP,XNA,MSP,104,0.17529357196046755,0.20192307692307693,60.08529197252714,0.008606992614939092
PSP-DFW,PSP,DFW,111,0.17529091937047941,0.22522522522522523,46.92070577810477,0.010639734119634892
EWR-CHS,EWR,CHS,176,0.17527703343975273,0.23295454545454544,41.06249976158142,0.014306438385744344
OMA-CLT,OMA,CLT,176,0.17527347828515552,0.24431818181818182,43.456089453263715,0.009961893961520335
SDF-MDW,SDF,MDW,175,0.1752598586678505,0.17714285714285713,29.95245709010533,0.01111528958234895
DAL-ATL,DAL,ATL,525,0.1752195941763265,0.31238095238095237,34.458374829065235,0.009420884473781501
PWM-DTW,PWM,DTW,120,0.17511772432674963,0.24166666666666667,48.06435825030009,0.004227428409828209
GRR-BWI,GRR,BWI,113,0.17509408769881832,0.19469026548672566,28.90961586268602,0.005406730172966244
FLL-IAH,FLL,IAH,379,0.1750554934065386,0.2612137203166227,45.13054780532313,0.007719082002491727
ATL-BNA,ATL,BNA,787,0.1750465211241945,0.2579415501905972,34.11335448964275,0.008641171831964112
MLU-DFW,MLU,DFW,233,0.17498353082095092,0.19742489270386265,30.31724073549197,0.010243074531659237
EWR-SNA,EWR,SNA,173,0.17493507705327405,0.17341040462427745,29.53443529426707,0.011392302401773222
SFO-MDW,SFO,MDW,119,0.17492207145991445,0.3865546218487395,39.573921788640384,0.009077540648839444
CMH-DTW,CMH,DTW,351,0.17488483010533867,0.09401709401709402,36.689005783820086,0.010643530840006394
MCO-IAD,MCO,IAD,338,0.17487506394291066,0.2485207100591716,42.99771648610132,0.008211163387255426
CPR-DEN,CPR,DEN,475,0.17485693451605344,0.1936842105263158,39.44779121800473,0.003935624580456633
PHX-SBP,PHX,SBP,209,0.17476468900459236,0.14832535885167464,36.77444050072483,0.011175395747912781
DTW-IAH,DTW,IAH,347,0.17461131987636988,0.2680115273775216,40.717201147711584,0.007269602174597696
OMA-PHX,OMA,PHX,301,0.17458091751731114,0.2757475083056478,38.43003458358917,0.007583160150722162
BIL-DEN,BIL,DEN,350,0.1745660159417561,0.22285714285714286,36.08527052606855,0.006466694247685897
TPA-STL,TPA,STL,205,0.17456282820643448,0.2,29.583220053882133,0.005355806495971614
DFW-BIS,DFW,BIS,120,0.1744200882812341,0.19166666666666668,29.998280207316082,0.008264007153691815
BWI-BUF,BWI,BUF,291,0.1743912985388356,0.24742268041237114,33.45040954838913,0.008304520909165914
LAN-ORD,LAN,ORD,119,0.17437393124364003,0.15966386554621848,25.1541052666031,0.010884828541091964
INL-MSP,INL,MSP,123,0.17435923897153963,0.14634146341463414,37.80357326724665,0.007981633010312794
DSM-PHL,DSM,PHL,125,0.17435065215826034,0.256,43.67635882568359,0.01399502151367003
SAT-SAN,SAT,SAN,121,0.17432106652658833,0.33884297520661155,35.468140519354954,0.003940981014223754
DEN-PRC,DEN,PRC,105,0.17426758188576924,0.20952380952380953,44.32168372017997,0.004559509835339018
MIA-EYW,MIA,EYW,181,0.1742399506147395,0.10497237569060773,16.610386155586873,0.007098928539102877
MSP-DTW,MSP,DTW,353,0.17422916669472419,0.20113314447592068,38.37513398718902,0.004966484414976574
SAT-PHX,SAT,PHX,389,0.1741956209998511,0.35218508997429304,42.80967255668346,0.0060646338281138325
SLC-DFW,SLC,DFW,629,0.17402300738473386,0.2543720190779014,36.025367950597136,0.009442468937543459
ONT-SJC,ONT,SJC,233,0.1739778102339593,0.2145922746781116,26.047303864884274,0.003928933269644052
PHX-XNA,PHX,XNA,121,0.17396694267830573,0.2892561983471074,28.807164483819125,0.00570449550359025
JFK-CLT,JFK,CLT,299,0.17393873200867088,0.23745819397993312,41.91124260943869,0.009820371746055542
EWR-CVG,EWR,CVG,232,0.17393610803089266,0.21551724137931033,32.54851248346526,0.016745461436708374
TPA-BWI,TPA,BWI,387,0.17389166838361927,0.21705426356589147,31.91873632105746,0.00802701762286553
CAK-CLT,CAK,CLT,260,0.17371640145205536,0.20384615384615384,50.69283514022827,0.014125951220083869
SDF-LGA,SDF,LGA,169,0.17367838838925728,0.11834319526627218,32.01209856067184,0.01741416377739774
BOS-CLT,BOS,CLT,693,0.17359984254338182,0.17316017316017315,38.58134494440208,0.01125803835648223
VCT-IAH,VCT,IAH,105,0.17353808886948086,0.3523809523809524,47.07863393511091,0.010216960182324762
CLE-EWR,CLE,EWR,330,0.1735017196247072,0.23939393939393938,48.96315730701793,0.014788139452734455
GRK-DFW,GRK,DFW,351,0.17345024583771018,0.18803418803418803,38.38655656015771,0.01845888711818277
APN-DTW,APN,DTW,106,0.17342016606960656,0.12264150943396226,41.572791585382426,0.018550915863224358
PIT-MSP,PIT,MSP,178,0.17334314377120372,0.19662921348314608,44.986269216858936,0.008884073108331197
CLE-RSW,CLE,RSW,130,0.17332949930658706,0.14615384615384616,43.11495773608868,0.008601272443948841
PDX-PHL,PDX,PHL,174,0.17330260776068973,0.14367816091954022,29.775682131449383,0.010729533960969921
ATL-COS,ATL,COS,121,0.17327363136386084,0.24793388429752067,32.892797753830585,0.009099182180419076
DEN-JAC,DEN,JAC,302,0.17316984402521557,0.23178807947019867,41.6072887679599,0.005939352667272681
MSP-SLC,MSP,SLC,291,0.17313707481647275,0.12714776632302405,37.210122862222676,0.00517101451588718
DEN-ATL,DEN,ATL,1023,0.17313615841206567,0.3176930596285435,38.81359808465952,0.006718913342384755
PDX-ORD,PDX,ORD,644,0.17312392639863936,0.24378881987577639,32.020509881262456,0.00923691938684777
ORD-MYR,ORD,MYR,149,0.1730555780982011,0.174496644295302,40.313148972172065,0.011996350365240644
JAX-BNA,JAX,BNA,194,0.17303046906731792,0.26288659793814434,24.5517963404508,0.008100917684009336
RDU-CLT,RDU,CLT,524,0.173018146235183,0.26717557251908397,31.865035219046906,0.007972425073961856
MEM-HOU,MEM,HOU,157,0.17295506651139564,0.35668789808917195,28.818035110546525,0.005560222787746958
PIT-PHX,PIT,PHX,127,0.17289568131833566,0.31496062992125984,33.1088137964564,0.006987573417063686
BWI-DTW,BWI,DTW,401,0.1728593796918963,0.22443890274314215,31.379804648068777,0.00852984692067016
LAX-RDU,LAX,RDU,157,0.17284033803423499,0.3375796178343949,41.74432289220725,0.007228232608264628
MSP-LAX,MSP,LAX,403,0.17279851224005371,0.22084367245657568,36.85264852916632,0.005766690698971729
JAC-SFO,JAC,SFO,119,0.17276992335790345,0.5798319327731093,42.02095890846573,0.012712791146448821
SMF-PHX,SMF,PHX,544,0.1727690654601354,0.25183823529411764,30.877793482997838,0.00478153642611986
MSY-MIA,MSY,MIA,243,0.17274910830911785,0.21810699588477367,44.07624404813036,0.008030712221878901
SAT-MCO,SAT,MCO,157,0.1726386112629608,0.24203821656050956,39.84334282055023,0.007237376241048552
BOI-PHX,BOI,PHX,352,0.172608716677959,0.19602272727272727,36.99767369438302,0.005348191861297388
VPS-CVG,VPS,CVG,100,0.17259148716926576,0.38,44.00018268585205,0.006270320247858762
BWI-MSP,BWI,MSP,275,0.17256922035054728,0.33090909090909093,31.609307807575572,0.008360058764057638
DFW-AEX,DFW,AEX,174,0.17254695304851422,0.13793103448275862,27.474759425240002,0.01756472311975373
JAC-DEN,JAC,DEN,293,0.1724313262074474,0.26621160409556316,36.24976832223834,0.012848948128521442
RAP-DEN,RAP,DEN,501,0.17235543392970415,0.23952095808383234,38.76708426542149,0.008241641492107012
SLC-CLT,SLC,CLT,177,0.17227103813725003,0.23728813559322035,27.795830042348744,0.008691697188928807
IAH-RSW,IAH,RSW,113,0.17226232964116917,0.26548672566371684,35.28656934214904,0.006899010034670171
EUG-PHX,EUG,PHX,119,0.1722362382697458,0.15126050420168066,30.679185033846302,0.01031156509804229
BOS-ILM,BOS,ILM,129,0.17222013284069623,0.26356589147286824,39.17892092327739,0.012019581012143433
OMA-MSP,OMA,MSP,291,0.1722140943573922,0.16494845360824742,48.26203152240347,0.006843515225330886
ELM-DTW,ELM,DTW,182,0.17207460224137203,0.17582417582417584,38.69065378000448,0.012412194538718233
AUS-LAX,AUS,LAX,722,0.17205985892987152,0.20637119113573407,32.19811110681444,0.00478813736017363
SNA-DEN,SNA,DEN,655,0.172044828579626,0.21221374045801528,34.231580759004785,0.0050755551558614425
IAH-SAN,IAH,SAN,284,0.17203950239214258,0.29225352112676056,33.26073266418887,0.005375939820261372
RDU-PIT,RDU,PIT,119,0.1720139114420955,0.226890756302521,28.984498104127514,0.01128001468729411
STL-MSP,STL,MSP,347,0.17200904420069726,0.2507204610951009,38.43888815954027,0.005834503872771124
LAX-BNA,LAX,BNA,427,0.17193453227643107,0.23653395784543327,33.95347729667289,0.005908204162095754
RIC-BWI,RIC,BWI,117,0.17192053441435862,0.37606837606837606,35.38562006828113,0.008800852740351415
CMH-CLT,CMH,CLT,350,0.17189597338438034,0.15428571428571428,34.39511065346854,0.012321864406475348
ATL-AUS,ATL,AUS,762,0.1718875286450458,0.27296587926509186,32.83821569778162,0.00803897044907829
MIA-PNS,MIA,PNS,191,0.17185374833058312,0.21465968586387435,31.075918452277858,0.007060697931230693
GSP-CLT,GSP,CLT,218,0.1717878017198602,0.3119266055045872,38.88922819960008,0.014857436584342005
ATL-BDL,ATL,BDL,384,0.1717158802979005,0.2682291666666667,36.052577152848244,0.010684997931477114
SAN-CLT,SAN,CLT,240,0.1716072120703757,0.23333333333333334,40.03897422154744,0.010230084463830311
CLT-MSP,CLT,MSP,431,0.17155917931840758,0.26218097447795824,39.631368818526475,0.00773963206916519
GEG-SFO,GEG,SFO,205,0.17145617099069968,0.35121951219512193,43.78190483930634,0.004932185931046171
ELP-DEN,ELP,DEN,354,0.1714064211053195,0.2966101694915254,33.90047583068158,0.003761064045091855
ATL-MSP,ATL,MSP,583,0.1713624134480851,0.2830188679245283,39.19940695590875,0.006573284448051485
TPA-DTW,TPA,DTW,270,0.17128568716623166,0.18888888888888888,38.73386752870348,0.00781948952219234
DAB-CLT,DAB,CLT,230,0.1712705869389617,0.20869565217391303,27.130131874913754,0.01544825607114684
STT-ATL,STT,ATL,122,0.1712668704204872,0.12295081967213115,35.27105417407927,0.009995140716462403
MCI-MDW,MCI,MDW,399,0.17124806617136887,0.22055137844611528,30.479114157215395,0.005386064946993857
ORF-DEN,ORF,DEN,159,0.17121226120295016,0.4025157232704403,33.88579278022238,0.0071169705830097935
BNA-DTW,BNA,DTW,416,0.17117469862569124,0.3004807692307692,29.500870148722942,0.005675053679421809
SDF-PHL,SDF,PHL,120,0.17113173448791105,0.225,29.096941836675008,0.012510854460299014
SMF-DAL,SMF,DAL,120,0.17094577004512151,0.35,34.3094202876091,0.004555344080344643
SJC-MDW,SJC,MDW,119,0.17093269664700292,0.19327731092436976,31.740286097807044,0.005490015335919813
SDF-DCA,SDF,DCA,163,0.1708826899894176,0.27607361963190186,30.615147479472718,0.016241154949255716
SEA-IAD,SEA,IAD,406,0.17079858648879775,0.18226600985221675,33.71557218335532,0.007378603619091758
ACK-HPN,ACK,HPN,100,0.17077500194311143,0.34,35.605766429901124,0.0067342575468601435
MSP-CLT,MSP,CLT,429,0.17067241620072673,0.2191142191142191,44.91905693018631,0.00840521400721927
MSY-JFK,MSY,JFK,161,0.17064188878913844,0.2857142857142857,36.473471540842,0.013350468080038029
DLH-MSP,DLH,MSP,238,0.1706359571769458,0.14285714285714285,54.71099778984775,0.015425415760932528
BNA-IAD,BNA,IAD,187,0.17045306482098319,0.24598930481283424,37.94538458145876,0.007186693477591401
IAH-IND,IAH,IND,121,0.170447903539031,0.21487603305785125,38.86794671933513,0.005766423130484899
LGB-PHX,LGB,PHX,235,0.17037653415761095,0.2127659574468085,33.70478156881129,0.004046144030809878
ATL-BOI,ATL,BOI,106,0.17035213970350768,0.1509433962264151,28.766852810697735,0.007882750105499377
MKE-STL,MKE,STL,113,0.17022439636356007,0.17699115044247787,25.30343284016162,0.00622782827379693
IAH-LAS,IAH,LAS,517,0.17020289866502328,0.2553191489361702,31.348296650604308,0.0060864181568225225
CVG-MDW,CVG,MDW,121,0.17018355675472702,0.256198347107438,29.424854278564453,0.012958309292548993
BUF-ATL,BUF,ATL,279,0.1701415638609599,0.26881720430107525,39.193540757702245,0.01072912172660128
ATL-MEM,ATL,MEM,624,0.17012307543355304,0.25801282051282054,34.7653070520132,0.00904838455736649
SNA-LAS,SNA,LAS,590,0.17007305170014753,0.20847457627118643,37.2852916321512,0.005182839022645169
PIT-STL,PIT,STL,113,0.16999428135763228,0.23008849557522124,28.999590131033838,0.004420765514889386
BNA-OKC,BNA,OKC,121,0.169985191819589,0.35537190082644626,29.55837021189288,0.007960821452291041
SMF-SNA,SMF,SNA,401,0.1698922147403037,0.1571072319201995,27.233982530912556,0.0030528689895429196
DRO-DEN,DRO,DEN,352,0.16975604586133902,0.20454545454545456,42.08851341767745,0.008361395366889778
SEA-BLI,SEA,BLI,181,0.16973495022368035,0.15469613259668508,39.75265992939143,0.01200077039459364
SJC-LGB,SJC,LGB,227,0.16964542041922456,0.17180616740088106,29.638017639714715,0.0035642694501362183
SAN-GEG,SAN,GEG,103,0.1696191330268545,0.1941747572815534,37.42252286892493,0.008846503221294254
SAV-PHL,SAV,PHL,181,0.1696081347146087,0.2430939226519337,33.06941466041691,0.014421899152058427
DTW-ATL,DTW,ATL,789,0.16958602014055574,0.24334600760456274,42.41164524503836,0.007463348405570063
BOI-DFW,BOI,DFW,173,0.16956433550470826,0.23121387283236994,36.001964216287426,0.011943183587195136
RSW-DEN,RSW,DEN,161,0.16947051114547326,0.15527950310559005,30.894299672997516,0.004056853309353711
SFO-MFR,SFO,MFR,178,0.16945450819945068,0.3089887640449438,49.71516397026148,0.0040602671520982205
SEA-IAH,SEA,IAH,445,0.16944599380988754,0.1662921348314607,36.12801630684499,0.006477274520875653
ATL-DAL,ATL,DAL,525,0.1694286706192153,0.25333333333333335,27.870366762252083,0.00974671683570619
JNU-SIT,JNU,SIT,121,0.1693663948084697,0.09090909090909091,41.03684921895177,0.012014458795673534
SFO-ANC,SFO,ANC,139,0.16933210435316717,0.18705035971223022,36.45713785569445,0.00757717237834611
PIA-CLT,PIA,CLT,115,0.16926255951757016,0.23478260869565218,69.2294751042905,0.014710151731279217
OMA-LAS,OMA,LAS,193,0.16910359817388143,0.24870466321243523,34.44677887061717,0.005523833078451646
PNS-MIA,PNS,MIA,189,0.1688912902717237,0.23809523809523808,49.76304805089557,0.00970849646401655
PDX-BOI,PDX,BOI,115,0.16883313940918965,0.1826086956521739,22.71504425380541,0.004819996829104165
FLL-DEN,FLL,DEN,194,0.1688264261201485,0.21649484536082475,36.09830420287614,0.0044639508156344675
DEN-DDC,DEN,DDC,99,0.16881645230030773,0.25252525252525254,48.40818836713078,0.004980403652769469
ATL-CLT,ATL,CLT,740,0.16880662733235874,0.2662162162162162,36.331140064548805,0.011063635337523928
CLT-SGF,CLT,SGF,224,0.16879899400685514,0.22767857142857142,34.83289555140904,0.013746345280914715
DSM-MDW,DSM,MDW,121,0.16877869042483243,0.19834710743801653,31.161047170970065,0.009786661294456876
MCI-HOU,MCI,HOU,181,0.168722298469662,0.2154696132596685,30.86651227487385,0.004613944474679742
EWR-STL,EWR,STL,169,0.16869679379921693,0.27218934911242604,38.42451095581055,0.014795210826527941
ATL-STL,ATL,STL,642,0.16866475000188358,0.22118380062305296,30.617189217207958,0.009262182126410973
TUL-DEN,TUL,DEN,463,0.16861242315778208,0.2505399568034557,29.876856816252673,0.0064877408106534355
IND-EWR,IND,EWR,329,0.1685605189086456,0.14893617021276595,37.3368057552442,0.014994653771118669
IAH-AUS,IAH,AUS,410,0.16849784914676735,0.29024390243902437,37.37354444410743,0.005418109768865312
ORF-EWR,ORF,EWR,178,0.1684083786657017,0.19101123595505617,37.189552950055415,0.0173454891815029
MLI-DFW,MLI,DFW,172,0.1683994810595069,0.11046511627906977,42.069211294484695,0.015845404299541135
IND-AUS,IND,AUS,334,0.1682555233379324,0.1437125748502994,32.611478203071094,0.006430756614140388
MCI-MIA,MCI,MIA,186,0.16821470267830357,0.13978494623655913,30.596475796032976,0.009667150184442414
PBI-CLT,PBI,CLT,297,0.16817106876008037,0.1717171717171717,37.3420996328797,0.008390220176478393
PHX-IAH,PHX,IAH,472,0.16815898483776945,0.2542372881355932,35.40824241759413,0.005026818751814407
BNA-SLC,BNA,SLC,227,0.1680802094549072,0.2290748898678414,31.926896456579804,0.005157217590060364
SFO-JAC,SFO,JAC,114,0.1680349816094365,0.14035087719298245,37.1271939026682,0.004618865198953527
IAH-DEN,IAH,DEN,862,0.16785750271030755,0.23317865429234338,37.91284176589718,0.005056988988337772
MSP-RDU,MSP,RDU,228,0.16780248411784046,0.25,39.09072152355261,0.007136667318358694
PDX-STS,PDX,STS,120,0.16765219500909248,0.08333333333333333,34.48072371482849,0.009688768562791515
PIR-DEN,PIR,DEN,102,0.16753346597154936,0.18627450980392157,47.01807411044252,0.01059003535640211
ABE-CLT,ABE,CLT,113,0.16741080127194918,0.30973451327433627,44.67606610323475,0.01644027535803616
SPI-ORD,SPI,ORD,119,0.1674093545860603,0.20168067226890757,37.953013155640676,0.014489293335097247
PHX-SBA,PHX,SBA,240,0.16739505405227342,0.2125,30.642735032240548,0.006551415901049041
LAX-SAN,LAX,SAN,424,0.1671502801747817,0.18867924528301888,33.134410160892415,0.005604901952605325
MSO-DFW,MSO,DFW,113,0.16710585579935427,0.2920353982300885,26.937783848922866,0.009767725200065944
CVG-DEN,CVG,DEN,254,0.16703217124610437,0.1968503937007874,42.7633815525085,0.005533943698888925
DEN-SGU,DEN,SGU,169,0.16697952706785596,0.2781065088757396,46.59355195175261,0.004434442511924049
LAX-OMA,LAX,OMA,120,0.16694632141540447,0.16666666666666666,46.06442182858785,0.005182763319154663
KOA-SEA,KOA,SEA,239,0.1669128641610864,0.09623430962343096,26.432512167607392,0.008494336081385122
ATL-MYR,ATL,MYR,285,0.16687599114681545,0.28421052631578947,39.33023791396827,0.008793446170326708
MFE-IAH,MFE,IAH,114,0.1668521891299047,0.22807017543859648,48.105910301208496,0.006055504751489743
MSP-ICT,MSP,ICT,120,0.16683203522115947,0.225,45.50055058797201,0.006253792806182149
MSP-ABR,MSP,ABR,121,0.16679999817255114,0.09917355371900827,31.37603452382994,0.010058851859181142
BDL-BWI,BDL,BWI,286,0.16678473781924563,0.2202797202797203,31.79264071271136,0.010894572879705165
ATL-MSN,ATL,MSN,170,0.1666765183210373,0.20588235294117646,28.11301351996029,0.00914938459172845
SMF-LGB,SMF,LGB,288,0.16667117910563117,0.14583333333333334,28.415786441829468,0.003084397185948326
BDL-DEN,BDL,DEN,120,0.16665380888928968,0.20833333333333334,35.77149612903595,0.011392379533653418
BUR-SEA,BUR,SEA,335,0.16660656348538042,0.1701492537313433,31.56259158689584,0.010476533292392053
MSO-LAX,MSO,LAX,114,0.16658579603883258,0.21929824561403508,35.14695984857124,0.007359869794495273
BNA-LAX,BNA,LAX,442,0.1665853291193689,0.33710407239819007,28.417896430416885,0.005992615628045717
BDL-MDW,BDL,MDW,161,0.1665457544026908,0.2981366459627329,32.20143579400104,0.012531518579243187
TPA-JFK,TPA,JFK,386,0.16645558206412767,0.28756476683937826,44.323026758401504,0.013076763757564825
PSP-LAS,PSP,LAS,106,0.1663891205669574,0.1320754716981132,35.127273703521155,0.0046309573325451535
SAN-PDX,SAN,PDX,302,0.1663213430700318,0.2682119205298013,31.361617195685177,0.010586633924880226
ROC-DTW,ROC,DTW,101,0.16629486007265526,0.1188118811881188,52.26563750163163,0.012962134677048737
LAX-PIT,LAX,PIT,121,0.16626846593273573,0.1652892561983471,31.31200550016293,0.004974809415592266
PDX-SFO,PDX,SFO,581,0.16603597812675158,0.5129087779690189,33.64593750761626,0.006937778643116764
JFK-MSY,JFK,MSY,166,0.16601062009492554,0.2710843373493976,39.38588537652809,0.01406641243776893
BTR-CLT,BTR,CLT,112,0.1659498542680272,0.25892857142857145,39.28338204111372,0.014568653158393913
MOB-DFW,MOB,DFW,164,0.16588644633387647,0.25609756097560976,39.02837761437021,0.01623768934555221
MKE-BWI,MKE,BWI,167,0.16588228735738172,0.19161676646706588,27.681051094374972,0.00790745377600498
SAT-MSP,SAT,MSP,166,0.16585979882223778,0.14457831325301204,38.857375041548025,0.006961195221303042
SGU-DEN,SGU,DEN,166,0.16585180253149515,0.26506024096385544,32.008418801319166,0.003977925553427715
BIS-DFW,BIS,DFW,118,0.16581069753836777,0.1016949152542373,35.41885169077728,0.013346076004023924
ORF-BWI,ORF,BWI,272,0.16573278877117179,0.1948529411764706,22.229815930128098,0.008452055840998104
SNA-ATL,SNA,ATL,177,0.16569225515349437,0.21468926553672316,36.34886119864081,0.007138924378662528
DFW-FWA,DFW,FWA,176,0.16566082437268712,0.17045454545454544,40.099115740169175,0.013435398727946773
JFK-STT,JFK,STT,121,0.16564577251426443,0.256198347107438,31.329218777743254,0.013049085242826431
SFO-TPA,SFO,TPA,101,0.16563473014843347,0.2376237623762376,34.88984668844997,0.005914382445211015
DFW-ATW,DFW,ATW,107,0.1655749434901175,0.22429906542056074,22.909320082619924,0.009970165602862836
MSY-STL,MSY,STL,113,0.1655698760157138,0.23008849557522124,22.965400982747035,0.004110714823023923
SLC-MIA,SLC,MIA,162,0.16553407764913122,0.19753086419753085,29.25148637795154,0.007027390221579491
FAT-PHX,FAT,PHX,231,0.16548018086524235,0.2683982683982684,43.891598606522464,0.009686998955429698
SNA-STS,SNA,STS,121,0.1654355056152856,0.19834710743801653,39.41257787341914,0.01087058751174241
BIS-MSP,BIS,MSP,229,0.16534712464918735,0.10480349344978165,44.80382652782457,0.007920190534711657
ATL-OMA,ATL,OMA,295,0.16519521611221766,0.22372881355932203,35.91648784572795,0.007535476678667783
FAT-SEA,FAT,SEA,166,0.16515259763383003,0.12048192771084337,31.39474004722503,0.011367414233622601
BOS-IAD,BOS,IAD,281,0.16511478369187205,0.19217081850533807,36.45025071045682,0.011282208661951527
BOS-SDF,BOS,SDF,121,0.16507229701546597,0.17355371900826447,30.964428089866953,0.014369646865935599
IAH-RDU,IAH,RDU,147,0.16501451587798643,0.2857142857142857,39.077606395799286,0.010053671152951816
IAD-SDF,IAD,SDF,117,0.16500272646419004,0.15384615384615385,33.68180382557404,0.01575030102470859
IAD-LAS,IAD,LAS,182,0.16486566628401095,0.2692307692307692,39.53770588256501,0.005747501067382253
SLC-JFK,SLC,JFK,278,0.1648551552630157,0.23381294964028776,41.25299774142478,0.012748076887343262
CLT-TVC,CLT,TVC,118,0.164842328782809,0.211864406779661,31.729586294141868,0.01198627072691667
OGG-LAS,OGG,LAS,120,0.16469772172470887,0.05,19.536808594067892,0.005031644661536776
PDX-OAK,PDX,OAK,249,0.1646707202476191,0.30120481927710846,31.36104471903728,0.006390032814852745
HNL-PHX,HNL,PHX,244,0.16466234215214604,0.18032786885245902,33.17168825962504,0.004138298881847076
DFW-SGF,DFW,SGF,525,0.1646297004251253,0.2419047619047619,34.63105162665958,0.01027204937374553
HDN-DEN,HDN,DEN,241,0.1645460564380365,0.1991701244813278,34.14828864766354,0.003638652191639192
DTW-BDL,DTW,BDL,224,0.16448063413346453,0.13392857142857142,32.23556435533932,0.009233839688417704
MIA-CVG,MIA,CVG,121,0.16446246779408336,0.15702479338842976,25.27177318856736,0.006539807202615088
OKC-DAL,OKC,DAL,119,0.1644618478016693,0.24369747899159663,30.881667173209312,0.008377045845292265
TPA-CVG,TPA,CVG,122,0.1644510407550413,0.16393442622950818,36.17983938436039,0.008461224785471549
LAX-CMH,LAX,CMH,120,0.16439710594713688,0.18333333333333332,27.473951419194538,0.009466428063378846
SFO-SMF,SFO,SMF,182,0.16428004868410445,0.31868131868131866,37.062371694124664,0.009693824840904018
LAX-JAC,LAX,JAC,151,0.16427983417613617,0.2119205298013245,38.22766958325114,0.006012560918357722
IAD-SFO,IAD,SFO,441,0.16422754387601432,0.3219954648526077,38.136048963551076,0.00561919940097371
LAS-SEA,LAS,SEA,960,0.16416568210115656,0.2,28.05070999165376,0.004930944397130573
SJC-DFW,SJC,DFW,180,0.16415857585767904,0.24444444444444444,46.64302158355713,0.012094867365384425
LAX-ANC,LAX,ANC,118,0.16410325840115547,0.1440677966101695,35.630874520641264,0.0064806215370358045
MSP-LAS,MSP,LAS,283,0.164060219490486,0.21554770318021202,34.96283366739118,0.00577338425352712
DFW-MHK,DFW,MHK,179,0.16401253586541342,0.2346368715083799,19.681127638790194,0.009953564137813974
ATL-ILM,ATL,ILM,235,0.1640077554165049,0.1702127659574468,45.96622371673584,0.010202973166488553
IAD-MCI,IAD,MCI,120,0.16398522779345512,0.21666666666666667,38.159957536061604,0.008811878464108363
PDX-BWI,PDX,BWI,118,0.16389886744446674,0.15254237288135594,28.89609652050471,0.009435289918969409
ATL-BTR,ATL,BTR,213,0.16388462529355932,0.22065727699530516,33.29137657058071,0.007573286892735152
SJC-SNA,SJC,SNA,476,0.16387616748287648,0.17436974789915966,25.9174605788303,0.003372583139499203
SJC-ONT,SJC,ONT,231,0.1638490716519552,0.29004329004329005,33.49715536703795,0.0037384363313009684
LIT-BNA,LIT,BNA,122,0.16384064677919521,0.28688524590163933,25.696660377940194,0.008039394116838326
TUL-LGA,TUL,LGA,103,0.16380969037130041,0.23300970873786409,50.68105816146702,0.01771323806851318
LAX-BWI,LAX,BWI,271,0.16380499241481847,0.28044280442804426,24.477442642859426,0.007196743339200014
SHV-ATL,SHV,ATL,237,0.1637806336902365,0.22784810126582278,50.59711385477444,0.01424026555614546
SFO-RNO,SFO,RNO,295,0.16370985811039554,0.4406779661016949,39.11293995744091,0.00900403898275407
STL-CLT,STL,CLT,341,0.16368112335107193,0.22580645161290322,31.104647191738454,0.008237878496755956
DTW-BWI,DTW,BWI,401,0.1636778214049904,0.23192019950124687,31.251778421853842,0.00905612654635597
SRQ-BWI,SRQ,BWI,178,0.16366508554960235,0.19101123595505617,23.554008963402737,0.009032019016307754
LAS-JFK,LAS,JFK,594,0.16363737643116252,0.25925925925925924,40.276841966391416,0.01120106218496577
PDX-SMF,PDX,SMF,381,0.1636299700757337,0.25196850393700787,24.662304985867397,0.004541412243956007
IND-SFO,IND,SFO,102,0.16362367658054128,0.37254901960784315,39.0546210045908,0.006097610485192169
SYR-ATL,SYR,ATL,203,0.16361497687588772,0.15270935960591134,42.59781533039262,0.011137188658512268
DTW-SAT,DTW,SAT,164,0.16360898897415255,0.21951219512195122,45.22970921818803,0.005507164031206187
LAX-XNA,LAX,XNA,122,0.1635983541119294,0.09016393442622951,28.918716133617963,0.005721559059103859
CMH-STL,CMH,STL,113,0.1635382595776984,0.17699115044247787,24.89165074846386,0.006165634797836997
GSO-CLT,GSO,CLT,247,0.16351466432877398,0.2388663967611336,35.091146870663295,0.013377931533660006
GFK-MSP,GFK,MSP,226,0.1634875693548042,0.07079646017699115,41.95132901183272,0.014699365478008986
LGA-MSP,LGA,MSP,290,0.16338771784613873,0.19655172413793104,42.64822391312698,0.014805383896302492
LAX-CLT,LAX,CLT,418,0.16337140781457343,0.20334928229665072,36.831472771019456,0.007629339821014324
ACV-LAX,ACV,LAX,103,0.16336568119456468,0.13592233009708737,31.094413238821677,0.004414167024508537
EWR-PWM,EWR,PWM,210,0.16335516628764923,0.13333333333333333,39.234339150928314,0.01522890687226615
AUS-JAX,AUS,JAX,120,0.16330449351420004,0.20833333333333334,33.61055119832357,0.006436300819900009
OAK-ONT,OAK,ONT,228,0.16329497572753512,0.24561403508771928,28.416673005672923,0.004145882477403798
CLT-LIT,CLT,LIT,262,0.1632516658260622,0.20610687022900764,36.585033766185965,0.013696414646956156
BFF-DEN,BFF,DEN,103,0.16319420029526777,0.36893203883495146,39.60929794681882,0.007868155333338879
LAX-MSO,LAX,MSO,113,0.16317220441008037,0.21238938053097345,34.01099183074141,0.004832206010050548
IAH-ATL,IAH,ATL,800,0.1631614213064313,0.31625,42.592970947027204,0.010812452209970649
OKC-HOU,OKC,HOU,184,0.16310955608344596,0.23369565217391305,33.76994154245957,0.007568498726670995
DTW-PWM,DTW,PWM,118,0.16302575366729397,0.13559322033898305,34.13154097734871,0.005741012439162272
EWR-CMH,EWR,CMH,329,0.1630054467490741,0.24620060790273557,43.52153856920979,0.018036942459410715
SMF-SEA,SMF,SEA,834,0.16298653775428554,0.20623501199040767,27.961005216593936,0.005998120761145593
ATL-MCI,ATL,MCI,571,0.1629100567979278,0.19089316987740806,32.65081551279579,0.006951461606351788
BOS-SAV,BOS,SAV,153,0.16289391227407393,0.1830065359477124,35.414341409221976,0.013185641687849293
MSO-DEN,MSO,DEN,216,0.16286602812922663,0.2175925925925926,36.91150911207552,0.0050606634467840195
PHX-CID,PHX,CID,120,0.16285485861202081,0.24166666666666667,38.57741057078044,0.010792558181507528
LAS-DTW,LAS,DTW,364,0.1628257298309888,0.29120879120879123,32.792280825939805,0.0038951130291739818
ATL-GNV,ATL,GNV,288,0.1627702676794595,0.16319444444444445,30.49032740460502,0.008725308889164701
PHX-ATL,PHX,ATL,566,0.16276008399473274,0.27208480565371024,32.204267602084805,0.006189127179146137
CLE-CLT,CLE,CLT,296,0.1627188653156564,0.27364864864864863,40.19366403205974,0.01062572793258975
TPA-MSP,TPA,MSP,221,0.16270826445108624,0.23076923076923078,43.590491281915035,0.006623126644020279
IAH-TPA,IAH,TPA,216,0.16270163748413324,0.2962962962962963,37.65476187953242,0.006942485482863116
EWR-SAT,EWR,SAT,104,0.16268268442497805,0.21153846153846154,32.25944027533898,0.01215543727091742
PHX-PHL,PHX,PHL,414,0.16267338387920086,0.24154589371980675,29.63416576385498,0.006941099637155069
BWI-ATL,BWI,ATL,940,0.16257679695857966,0.28085106382978725,32.17025302927545,0.010492108598235302
MSN-LGA,MSN,LGA,113,0.16255829621732762,0.10619469026548672,40.85756021685305,0.017907151097401243
PHX-HNL,PHX,HNL,244,0.1624425840793086,0.22950819672131148,30.72806903182483,0.0033230462581965094
PHX-MSP,PHX,MSP,418,0.1624090629741193,0.1722488038277512,32.53302446392735,0.00556600935616017
ATL-ELP,ATL,ELP,118,0.1623902159853507,0.211864406779661,32.02107878862801,0.008759446921258057
DCA-IAH,DCA,IAH,534,0.16234549093810136,0.28651685393258425,35.82809820782379,0.011072606841145177
ORF-MIA,ORF,MIA,119,0.16234396041190924,0.23529411764705882,32.241025347669584,0.007825941419772183
AUS-IAH,AUS,IAH,409,0.16234127676210078,0.2787286063569682,38.596954387674124,0.005335686393025354
DEN-SGF,DEN,SGF,275,0.16233595173467288,0.3018181818181818,35.27673593000932,0.004661228620390061
IAH-MGM,IAH,MGM,120,0.16228159094850222,0.275,43.14650298754374,0.007304269001727588
OAK-HNL,OAK,HNL,121,0.16228064580643473,0.1652892561983471,30.75960605400653,0.007032599397319223
TPA-LAX,TPA,LAX,168,0.16225402207956427,0.20238095238095238,27.743419760749454,0.00628320130618763
TPA-IAD,TPA,IAD,201,0.16225091783116705,0.1691542288557214,32.28084617349046,0.007148260818427346
SMF-PDX,SMF,PDX,380,0.16224338839712896,0.2,31.036513358668277,0.004385013553421465
DEN-ABI,DEN,ABI,122,0.16223241791861956,0.12295081967213115,40.899300481452315,0.006756741500108457
SFO-JFK,SFO,JFK,1155,0.16217088265852495,0.31082251082251083,35.27887301176657,0.013128110494642894
ALB-DTW,ALB,DTW,154,0.16212080138457285,0.13636363636363635,48.876609306830865,0.01136005600878539
ANC-LAX,ANC,LAX,118,0.16207621505452416,0.06779661016949153,24.731081324108576,0.009020758548088498
BNA-TUL,BNA,TUL,122,0.16204493047028293,0.2540983606557377,26.50522382923814,0.005767661645878717
CVG-TPA,CVG,TPA,121,0.1619793011629877,0.1322314049586777,44.281854235436306,0.007131759655570276
SEA-SJC,SEA,SJC,839,0.16194689107328405,0.27056019070321813,32.75289368998877,0.004456927520749603
IAH-IAD,IAH,IAD,338,0.16190842058531632,0.2869822485207101,34.09735159055721,0.007647185049302722
PIT-EWR,PIT,EWR,216,0.16190019777665535,0.19444444444444445,35.766664849387276,0.014485556270526953
MCI-EWR,MCI,EWR,110,0.16176599765365773,0.11818181818181818,40.07589180686257,0.012113337172195315
LAS-SLC,LAS,SLC,593,0.16170468440822766,0.23440134907251264,25.989091608616796,0.005218229169307762
DTW-CLT,DTW,CLT,545,0.16169975398603928,0.1944954128440367,40.13277397855706,0.00829133772326419
BOS-IAH,BOS,IAH,387,0.16164482810392553,0.2532299741602067,40.36574073416934,0.00935136459847579
OMA-MDW,OMA,MDW,231,0.16156333234983605,0.21212121212121213,31.367287536720177,0.012156931882421685
ABI-DFW,ABI,DFW,289,0.16145400058439446,0.17647058823529413,26.47993123737586,0.01412413729575731
TUL-IAH,TUL,IAH,139,0.16136588231265117,0.2446043165467626,39.222365159782576,0.007416324222671753
STL-DTW,STL,DTW,342,0.16133479231543707,0.2894736842105263,33.660656209577596,0.0053677613520994785
MAF-DFW,MAF,DFW,505,0.16125354801516723,0.21584158415841584,34.244493527931745,0.012775163044709536
LAX-SAT,LAX,SAT,294,0.16125177151086378,0.21428571428571427,35.295154723991345,0.003944466364811416
EWR-IND,EWR,IND,335,0.1609969594140551,0.21791044776119403,38.13844125662277,0.017242245216529523
COU-DFW,COU,DFW,220,0.16095994981852443,0.20454545454545456,51.014853650873356,0.01542615360967749
IND-CLT,IND,CLT,337,0.16093947758306734,0.16023738872403562,41.833903720187855,0.009435942048962781
RNO-LGB,RNO,LGB,119,0.16092230918026773,0.23529411764705882,28.67131305341961,0.007174558945310613
SGF-CLT,SGF,CLT,224,0.16088329731220646,0.20089285714285715,30.586221737521036,0.012430900622061208
ATL-GEG,ATL,GEG,105,0.1607811165707452,0.21904761904761905,33.92542848132906,0.007263722088897512
SAT-DEN,SAT,DEN,567,0.16075744828114014,0.23809523809523808,38.183290431108425,0.004347351706793197
CLE-BWI,CLE,BWI,172,0.16074059656712897,0.19186046511627908,23.922363056692966,0.006904527310814176
HNL-KOA,HNL,KOA,1180,0.16057582191996655,0.14067796610169492,23.933352268752405,0.010134145424377199
TRI-DFW,TRI,DFW,108,0.16051188870160668,0.21296296296296297,58.005764925921405,0.015255197052222986
RDU-BWI,RDU,BWI,302,0.16047652393875533,0.2119205298013245,18.737850528679147,0.008331275591033565
OAK-PDX,OAK,PDX,250,0.1604457892626524,0.268,25.682976778030394,0.0038067652443423868
KOA-OGG,KOA,OGG,243,0.16032589861640223,0.09876543209876543,24.714968006306716,0.005496332276856802
FAT-DFW,FAT,DFW,276,0.1602557282085004,0.25,52.925456655198246,0.010603075118728987
BWI-CLT,BWI,CLT,517,0.16020463646265248,0.24758220502901354,32.208230302688925,0.008869718890917784
PWM-BWI,PWM,BWI,236,0.1602012992726039,0.18220338983050846,24.188725394717718,0.0073111143699340925
EWR-GSP,EWR,GSP,164,0.16019189598538527,0.18902439024390244,32.76814872462575,0.016167701216913313
DEN-IAD,DEN,IAD,526,0.1601900551822249,0.24714828897338403,35.60949529713098,0.005624404336258797
XNA-LAX,XNA,LAX,122,0.16016873027213285,0.10655737704918032,47.535427328015935,0.007713601684014573
MKE-MCO,MKE,MCO,230,0.1601635056021421,0.16521739130434782,34.00527991833894,0.007984821057729262
SFO-SLC,SFO,SLC,578,0.16015320418847268,0.34429065743944637,38.13320855285882,0.00665303866745463
PIT-DEN,PIT,DEN,284,0.16012794103368488,0.28169014084507044,33.35821099516372,0.0047909252214850045
PHX-STS,PHX,STS,121,0.16012238027635683,0.4132231404958678,20.044135637519773,0.011114740097695145
IAH-SMF,IAH,SMF,121,0.16011339173582959,0.2644628099173554,35.43280510074836,0.004996232467141649
DSM-DEN,DSM,DEN,444,0.16007723685286873,0.22297297297297297,35.74879560599456,0.006674126061182973
IAD-BNA,IAD,BNA,187,0.16007490770861427,0.2887700534759358,32.97790619651264,0.007391206898089303
HLN-DEN,HLN,DEN,119,0.1600348439161517,0.2184873949579832,45.575167856296574,0.004401851653252259
EWR-CLT,EWR,CLT,521,0.15990741133346667,0.19769673704414586,39.87815129322191,0.015940655342895876
MEM-MDW,MEM,MDW,119,0.1598587712319959,0.2605042016806723,27.82765759540205,0.008579044602811337
IND-BWI,IND,BWI,227,0.1598551759438893,0.13656387665198239,28.16536425914008,0.006881336554637091
DFW-GGG,DFW,GGG,109,0.1598145393056607,0.1926605504587156,27.06963950340901,0.012541761094900338
TPA-ATL,TPA,ATL,1059,0.1597702056837881,0.2502360717658168,38.7880915190613,0.007776195774652265
SMF-DFW,SMF,DFW,274,0.15975461321046752,0.26277372262773724,33.44154067979242,0.009509323708634903
MCI-BWI,MCI,BWI,172,0.1597522422021558,0.19186046511627908,21.71492016038229,0.007284883726283573
LEX-PHL,LEX,PHL,116,0.15970305680971722,0.23275862068965517,43.999236205528526,0.014666539693851609
ICT-MDW,ICT,MDW,121,0.1596417419981858,0.14049586776859505,25.977915929368706,0.01268547874127255
PDX-AUS,PDX,AUS,122,0.15960924864792433,0.19672131147540983,24.9398151147561,0.005790705903295855
SEA-DTW,SEA,DTW,420,0.1595861620846249,0.13095238095238096,26.402095217931837,0.005844549936899806
ONT-OAK,ONT,OAK,227,0.15955026597112812,0.16299559471365638,29.65780910206261,0.005482850790163297
CHS-EWR,CHS,EWR,176,0.1594882031310011,0.23295454545454544,39.142019819129594,0.013407900878279418
GUC-DEN,GUC,DEN,181,0.15946666525872372,0.19337016574585636,36.85752323846132,0.006243309927183193
SJU-CLT,SJU,CLT,154,0.1594592220597453,0.17532467532467533,29.96315049505853,0.00965589186690079
SEA-MSO,SEA,MSO,143,0.15944566348424324,0.1958041958041958,32.25991414476942,0.00605292103279356
MEM-MSP,MEM,MSP,173,0.15944366992553535,0.11560693641618497,38.0468653309552,0.007635295834126217
DFW-ACT,DFW,ACT,177,0.1594405086279589,0.20903954802259886,30.290848424879172,0.012930835157141581
HOU-ATL,HOU,ATL,464,0.15943978993414804,0.2801724137931034,30.488049556469097,0.007083002220142743
LGB-LAS,LGB,LAS,303,0.15942471602273853,0.21122112211221122,32.46672250099308,0.004071089285654856
ALB-MDW,ALB,MDW,157,0.1593833931597175,0.2356687898089172,31.48496207461995,0.010562062047694514
LSE-ORD,LSE,ORD,175,0.1592494300859315,0.2,32.93346126556396,0.015565085041596264
SJU-ATL,SJU,ATL,346,0.15923588703564137,0.15895953757225434,32.69157557956056,0.009756023171716012
LGB-DEN,LGB,DEN,178,0.15922029879404587,0.24157303370786518,30.542995404661372,0.004124521268889881
MCO-SLC,MCO,SLC,228,0.1592072665429952,0.2543859649122807,39.97339776106048,0.006274345074780285
DSM-PHX,DSM,PHX,121,0.15918253663896528,0.2231404958677686,41.63533959506957,0.009626996066024313
BWI-SLC,BWI,SLC,128,0.15904233464971185,0.2734375,25.516729056835175,0.008691391407678177
DFW-MLI,DFW,MLI,172,0.15902960772604444,0.12790697674418605,28.070504399233087,0.012699605117478733
MCI-STL,MCI,STL,181,0.15900890792601674,0.20994475138121546,26.91503704186961,0.004895212279074917
IAD-ATL,IAD,ATL,714,0.15900508723422593,0.2969187675070028,42.2181621666382,0.010565745124688131
SFO-EUG,SFO,EUG,178,0.15896870827909265,0.5280898876404494,29.662319997723184,0.006787593730887545
DFW-EVV,DFW,EVV,176,0.15890129456635227,0.17045454545454544,32.25175121697512,0.015862874506627985
ONT-DEN,ONT,DEN,491,0.15883335238227778,0.2219959266802444,32.21586638798296,0.005359985577093691
ATL-SMF,ATL,SMF,175,0.15882831147738866,0.22857142857142856,27.013053332737513,0.007203692168529545
SEA-CVG,SEA,CVG,173,0.15876254714982357,0.12138728323699421,22.3080138333271,0.006529906858294003
BNA-VPS,BNA,VPS,123,0.15874591690859174,0.34959349593495936,28.401569254030058,0.005181903687752481
PIB-IAH,PIB,IAH,104,0.15865638895103565,0.3173076923076923,39.72534027466407,0.006610358391134512
TUL-LAS,TUL,LAS,137,0.15860721566816316,0.23357664233576642,30.70993774824769,0.006404904748931745
IND-MSP,IND,MSP,230,0.15856452480606412,0.16956521739130434,39.64052099974259,0.008092388508679426
BLI-SEA,BLI,SEA,183,0.15853658579086347,0.2185792349726776,38.59897619257859,0.010781048104940542
BHM-DAL,BHM,DAL,170,0.15851039147990592,0.3058823529411765,42.344605630986834,0.007959395446332878
FLL-SFO,FLL,SFO,183,0.15843929509158994,0.2677595628415301,38.245577332752,0.006351231683880253
SLC-PHX,SLC,PHX,875,0.15838734249983516,0.20914285714285713,25.074731046404157,0.004705464232199807
MRY-SAN,MRY,SAN,98,0.15830970053770105,0.25510204081632654,41.193189679359904,0.012011653788459416
ATL-SDF,ATL,SDF,473,0.15822813697710603,0.19661733615221988,30.439550010648894,0.01118247160206729
CHS-MDW,CHS,MDW,100,0.15821991194039584,0.23,31.15076025009155,0.007341259789160069
KOA-SFO,KOA,SFO,300,0.15819786603252092,0.12333333333333334,35.16286489486694,0.006004272543970631
BHM-CLT,BHM,CLT,289,0.15817197285927703,0.23183391003460208,33.87057417239285,0.012618273338239614
ELP-AUS,ELP,AUS,191,0.15799328415649724,0.3717277486910995,25.430442275801255,0.003718682453865234
JAN-HOU,JAN,HOU,122,0.15797352076309626,0.32786885245901637,24.135500231727224,0.004845315418740521
PSC-SFO,PSC,SFO,107,0.15796439259130263,0.7289719626168224,49.92468760838018,0.003773971994964528
SEA-LAX,SEA,LAX,1313,0.15794531633880243,0.22467631378522468,28.36368522912786,0.005531993307582074
MYR-BWI,MYR,BWI,184,0.15792611352694425,0.20652173913043478,24.984858067139335,0.011078694856359048
ANC-JNU,ANC,JNU,242,0.15777451280227378,0.10330578512396695,20.70926004993029,0.009268418504423443
SEA-SMF,SEA,SMF,836,0.15776041883119699,0.21052631578947367,28.888419589357515,0.0043016948539423205
IAD-RDU,IAD,RDU,164,0.15775035126361905,0.27439024390243905,37.421420527667536,0.00928360028436061
BDL-MSP,BDL,MSP,167,0.1577502481951685,0.18562874251497005,29.47987383996655,0.011179621156770736
DEN-LBL,DEN,LBL,105,0.15771875317607606,0.19047619047619047,45.406958707173665,0.009418336200040012
MCO-SFO,MCO,SFO,161,0.15769046359921093,0.2732919254658385,39.43968255179269,0.007143898871409134
RDU-TPA,RDU,TPA,228,0.1576716065929647,0.16666666666666666,29.026795372628328,0.010051381547411689
BUR-DEN,BUR,DEN,338,0.15761958842975854,0.17159763313609466,33.834221571860226,0.007709188618313122
MSP-CLE,MSP,CLE,225,0.15756532592905892,0.2222222222222222,36.59153508504232,0.007282119846239881
SAT-BWI,SAT,BWI,152,0.15742063127752198,0.26973684210526316,28.85419318236803,0.006166988309138479
IAD-TPA,IAD,TPA,200,0.15737609818577766,0.205,33.64504460334778,0.005777143674852152
MSP-ATL,MSP,ATL,580,0.1572751024673725,0.2672413793103448,35.983628419349934,0.006925126944039749
ECP-DAL,ECP,DAL,182,0.1572403473840965,0.29120879120879123,19.38133473448701,0.006219252918821735
SEA-BZN,SEA,BZN,304,0.15722424970743687,0.23355263157894737,35.98321896477749,0.0050062219111408155
XNA-ATL,XNA,ATL,207,0.15719905819581903,0.2463768115942029,48.557054086583825,0.01320433238862266
SEA-IDA,SEA,IDA,122,0.15713139134840887,0.22950819672131148,41.0386908796967,0.0046718755916341165
SFO-CLT,SFO,CLT,280,0.1569990741887263,0.26785714285714285,36.99116208212716,0.008911695281325668
SAT-DAL,SAT,DAL,440,0.15699298524890434,0.2590909090909091,27.998471863161434,0.005668436499096802
TTN-MCO,TTN,MCO,104,0.15695709348298037,0.21153846153846154,37.20983310846182,0.013482201717455278
ATL-LEX,ATL,LEX,390,0.15687586208566642,0.20256410256410257,34.23306225996751,0.008152492536259956
MHT-MDW,MHT,MDW,117,0.15686034134183174,0.21367521367521367,30.710327608972534,0.01161771067418158
ACT-DFW,ACT,DFW,177,0.15684157513124122,0.1864406779661017,30.503261086630957,0.015568330541130278
CHS-PHL,CHS,PHL,167,0.15675458343264587,0.20359281437125748,38.186811549934795,0.01269887465717537
DTW-RDU,DTW,RDU,223,0.1566334812162703,0.15246636771300448,36.02005523202665,0.007641541624806174
CLE-LAX,CLE,LAX,178,0.1565744448243902,0.2640449438202247,31.211337678887872,0.007361778234028154
BOI-SAN,BOI,SAN,166,0.1565558606511857,0.2710843373493976,28.32047290974353,0.004490661690101387
PHX-DTW,PHX,DTW,401,0.1564911637464515,0.24937655860349128,31.21665257646556,0.0045039205519020265
ANC-PHX,ANC,PHX,122,0.1564837515842719,0.21311475409836064,36.586380270660904,0.007841038036725072
ROC-JFK,ROC,JFK,109,0.15643596573980575,0.1559633027522936,46.65150208429459,0.01313456921212253
MCI-MSP,MCI,MSP,234,0.15639313947186512,0.13247863247863248,36.915327206636086,0.009078742883518402
SEA-MSP,SEA,MSP,539,0.15637533491086872,0.16326530612244897,31.19445649502671,0.006682630724535288
BMI-ORD,BMI,ORD,117,0.15628851797336188,0.17094017094017094,41.8185549352923,0.015226561561226844
LAX-SBP,LAX,SBP,111,0.15619062558487729,0.15315315315315314,32.2637698628881,0.010550444338670266
ANC-MSP,ANC,MSP,229,0.15618545877621162,0.1965065502183406,31.288718269381462,0.009466376754900684
HRL-AUS,HRL,AUS,162,0.1561364821491786,0.3271604938271605,31.563162903726838,0.005442462431369122
LGA-MVY,LGA,MVY,173,0.1560428067611132,0.08670520231213873,32.89952503049994,0.01093039456754923
ATL-AVL,ATL,AVL,374,0.1559841047753306,0.20588235294117646,23.522953447811105,0.00782457210088954
SAT-HOU,SAT,HOU,197,0.1559816362326823,0.2893401015228426,36.202562078001534,0.003949474559795827
OKC-LAX,OKC,LAX,121,0.1559723981402137,0.04132231404958678,32.88492407680543,0.008486781600277778
MSN-MSP,MSN,MSP,241,0.15589753232308937,0.14522821576763487,45.975556789097446,0.007990441954702386
OMA-STL,OMA,STL,129,0.1558635361896929,0.17829457364341086,31.608457580093265,0.006029166988601894
BUR-SMF,BUR,SMF,402,0.15579585054546446,0.1691542288557214,26.129670911760474,0.011137535381648276
LCH-DFW,LCH,DFW,174,0.15573324785492887,0.14942528735632185,34.021607925151955,0.015163177090665598
PDX-EWR,PDX,EWR,226,0.15561953160615094,0.16371681415929204,30.446472775619643,0.01234388109416473
GEG-DEN,GEG,DEN,369,0.15556588637715757,0.23035230352303523,31.10521491756284,0.0039671315765751405
BFL-SFO,BFL,SFO,122,0.1555346467333739,0.36065573770491804,49.71325911850226,0.008972723006469304
FAT-LAS,FAT,LAS,294,0.15547429063186355,0.2687074829931973,28.32879785453381,0.007733489188516664
TUS-PHX,TUS,PHX,655,0.15543641391146273,0.183206106870229,43.3438200535665,0.00833509374862798
PNS-DAL,PNS,DAL,117,0.1553821279707118,0.23931623931623933,28.92023538116716,0.006670474800896846
IAH-SJU,IAH,SJU,183,0.15535304341159883,0.15300546448087432,35.83241409551902,0.007545568596042408
BUR-OAK,BUR,OAK,433,0.1552981637745201,0.20554272517321015,25.109342123564616,0.008894156578971052
SAN-EWR,SAN,EWR,279,0.1552856100663062,0.24372759856630824,33.402897503213644,0.014861187631082455
SAV-BNA,SAV,BNA,175,0.15528081023267337,0.2,27.746536521911622,0.008137842803927405
SJC-BOI,SJC,BOI,120,0.15521962164590755,0.31666666666666665,30.648475646972656,0.003220252069252089
ATL-SAT,ATL,SAT,481,0.15520284825204067,0.23492723492723494,35.139621988403576,0.007931164745335667
SHV-CLT,SHV,CLT,118,0.15519817628092686,0.3389830508474576,43.54272496498237,0.014499764813140768
BUR-SJC,BUR,SJC,344,0.155188154190952,0.2005813953488372,24.133176640022633,0.007424806746565643
LAS-DFW,LAS,DFW,750,0.15518596416711808,0.30933333333333335,36.03523321024577,0.008984069443708654
SJC-BUR,SJC,BUR,344,0.15516439504748167,0.16279069767441862,31.254003200420115,0.006742653246399992
PDX-DFW,PDX,DFW,379,0.15507142601588786,0.23218997361477572,30.804605219798226,0.01100890847339016
ELP-LAX,ELP,LAX,225,0.1550553924507565,0.2577777777777778,31.99386183420817,0.004820356459046404
ELP-DAL,ELP,DAL,292,0.15501897241154763,0.2842465753424658,21.777621977949796,0.004992906349896756
JFK-CVG,JFK,CVG,116,0.15499508149664978,0.20689655172413793,31.778081104673188,0.014553102130284075
ATL-SLC,ATL,SLC,487,0.15493340820869625,0.21560574948665298,32.019106653436744,0.006496481375499437
OMA-PHL,OMA,PHL,115,0.15493240246306295,0.21739130434782608,37.21654543669327,0.014410346822782617
IAD-DEN,IAD,DEN,523,0.1549095328306035,0.1950286806883365,35.80860312810135,0.004336952808619405
IAH-MEM,IAH,MEM,180,0.15475632146828705,0.19444444444444445,33.90497896936205,0.007355668585860058
ANC-FAI,ANC,FAI,194,0.1546642450404536,0.0979381443298969,22.12698153859561,0.009388016973837064
GSO-MIA,GSO,MIA,102,0.15457377911490552,0.27450980392156865,31.85579590703927,0.0164108890055034
COS-DAL,COS,DAL,120,0.15446556974202394,0.3416666666666667,26.813733331362407,0.0047953617453697275
MSP-RHI,MSP,RHI,122,0.15437465820644722,0.12295081967213115,52.716848404681095,0.013622170130981773
DFW-HRL,DFW,HRL,222,0.15436337992280452,0.21171171171171171,30.051355937579732,0.0114553220367626
ELP-HOU,ELP,HOU,167,0.15428255451564304,0.23952095808383234,26.690266512111275,0.003423643131840773
ATL-GSP,ATL,GSP,496,0.15423569032141277,0.20362903225806453,28.890343760290452,0.009821839964948594
LAX-OKC,LAX,OKC,121,0.15420610864054074,0.11570247933884298,32.06051495449602,0.00734390168304532
GEG-SAN,GEG,SAN,102,0.1542010714172148,0.30392156862745096,27.542597247105018,0.004252728799276633
XNA-CLT,XNA,CLT,234,0.15415073001486623,0.21794871794871795,35.39851598658113,0.01435511933725374
SJC-PDX,SJC,PDX,325,0.15408881308940742,0.16923076923076924,30.143322761242207,0.005407236858915824
TPA-CLT,TPA,CLT,418,0.1540883608411944,0.20574162679425836,34.56307814566142,0.0074313847479574825
SFO-SNA,SFO,SNA,748,0.15407796278795138,0.34358288770053474,30.482298157431863,0.005524325572983607
SDF-CLT,SDF,CLT,283,0.15402967438049114,0.2579505300353357,33.727969840221604,0.012790025586005428
IAD-SAN,IAD,SAN,241,0.15392432244363166,0.22406639004149378,31.20086007494155,0.004801166878410111
IAH-MSP,IAH,MSP,383,0.15387238206113288,0.22715404699738903,41.63517572487614,0.007618146947609237
BUF-BWI,BUF,BWI,298,0.1535585808673961,0.15771812080536912,29.930890265727204,0.009381560122404297
AMA-DAL,AMA,DAL,223,0.15353626913219823,0.21524663677130046,34.768679272433566,0.011867027336524592
IAH-SAT,IAH,SAT,351,0.15351798510619377,0.28774928774928776,33.080269617912094,0.005519500229457271
SFO-PDX,SFO,PDX,582,0.15349789688370072,0.2972508591065292,27.467310253287508,0.004861013148312248
BHM-DTW,BHM,DTW,115,0.1534165915587674,0.12173913043478261,36.29076708918033,0.00937706321389575
PHX-YUM,PHX,YUM,180,0.1534079633653164,0.21666666666666667,35.36931215922038,0.010582433851404907
RSW-CLT,RSW,CLT,221,0.15333918444980862,0.21266968325791855,31.29247727976665,0.008166493388569408
MSY-DTW,MSY,DTW,104,0.15326361200557306,0.2403846153846154,33.27883150027348,0.005921734494795264
LAX-CLE,LAX,CLE,179,0.1531645650220983,0.12849162011173185,32.1636600387829,0.005981440909413827
BPT-DFW,BPT,DFW,121,0.15311073862816676,0.2231404958677686,45.038640313897254,0.01563831135600565
SLC-PHL,SLC,PHL,147,0.15304567381030038,0.17006802721088435,29.523184795768895,0.0076147709224446145
CRP-HOU,CRP,HOU,175,0.153024699645383,0.21714285714285714,20.638379366738455,0.005322805933122124
DFW-BRO,DFW,BRO,215,0.1530089255335719,0.17674418604651163,33.596020685240276,0.012980484869331121
ABQ-DEN,ABQ,DEN,610,0.15291858396080674,0.21639344262295082,27.035619626279736,0.005660335652769849
HRL-HOU,HRL,HOU,182,0.15290914285559576,0.2692307692307692,26.80110189809904,0.005405411012267154
LAX-OGG,LAX,OGG,526,0.15290903899209582,0.21673003802281368,23.773807206534613,0.004702129957767091
MCO-IAH,MCO,IAH,517,0.15272186826950576,0.26499032882011603,44.913253782335055,0.007488660434207234
PIT-SFO,PIT,SFO,111,0.15261301619781031,0.27927927927927926,30.88107816163484,0.005787536207175402
CLE-JFK,CLE,JFK,161,0.15247244961698603,0.18012422360248448,35.85158685719745,0.01694042919600596
MSP-IND,MSP,IND,230,0.1523884166194045,0.21304347826086956,33.94518964186959,0.005275018362875056
BOI-LAS,BOI,LAS,183,0.15237345619768392,0.2185792349726776,31.11530563740131,0.004118667004387016
EWR-RIC,EWR,RIC,114,0.15234404279474625,0.19298245614035087,37.60358137833445,0.017199091796503693
ATL-MDT,ATL,MDT,197,0.15231148554437657,0.27411167512690354,23.29155876914862,0.009169171736575664
CLT-HHH,CLT,HHH,205,0.15231129472575536,0.16585365853658537,28.0987770917939,0.010496457179700866
RSW-MSP,RSW,MSP,167,0.1522887030582942,0.1497005988023952,32.09511886528152,0.006943939196866094
HNL-DEN,HNL,DEN,122,0.1522014419563481,0.12295081967213115,26.626020017217417,0.003912348761108749
ATL-DAY,ATL,DAY,220,0.15205073857849294,0.19545454545454546,28.700678790699353,0.011796938644853972
SFO-SBP,SFO,SBP,179,0.15199936909715556,0.33519553072625696,37.54604971475441,0.008740642159194737
GCC-DEN,GCC,DEN,165,0.15188893996404879,0.18787878787878787,37.681938298543294,0.004966990890385336
HNL-SJC,HNL,SJC,181,0.15186724074967,0.1712707182320442,20.94418726705056,0.004118277654643505
ANC-SEA,ANC,SEA,1377,0.15176625768927968,0.13580246913580246,24.707761801232785,0.00791491269863577
TPA-SFO,TPA,SFO,101,0.15174442013301473,0.3069306930693069,33.94781021080395,0.005168104342572244
PNS-BNA,PNS,BNA,182,0.15167557325336958,0.34065934065934067,30.385746641473457,0.005506088366158879
IAD-CLE,IAD,CLE,232,0.1516623972626082,0.19827586206896552,34.299473228125734,0.009285769064247735
LAX-RDM,LAX,RDM,113,0.15163799368702205,0.10619469026548672,22.63508795847935,0.007063219138313975
OAK-LGB,OAK,LGB,234,0.1515965865781674,0.1581196581196581,23.26491522585225,0.002769128312455847
AZA-PVU,AZA,PVU,114,0.15157361707666464,0.22807017543859648,60.37316218593664,0.0030968196726211443
CHS-IAD,CHS,IAD,121,0.1515365296528359,0.11570247933884298,35.1530885459963,0.008862740104468386
LAX-SEA,LAX,SEA,1312,0.15151416638968285,0.20426829268292682,24.69398409273566,0.004836873323028205
MEM-EWR,MEM,EWR,110,0.1515073485672474,0.16363636363636364,34.01304136623036,0.011470664830756237
BHM-PHL,BHM,PHL,110,0.1515006817199967,0.2909090909090909,38.93235647028143,0.014050050829460875
TPA-RDU,TPA,RDU,227,0.15146713713717355,0.1894273127753304,36.952642499612814,0.009867435130350644
RDM-DEN,RDM,DEN,117,0.15141891503435934,0.21367521367521367,40.96965131189069,0.009244359991213015
ATL-OKC,ATL,OKC,282,0.151336124470682,0.2127659574468085,32.43281941380061,0.008445269641425673
CHS-CLT,CHS,CLT,391,0.15131600992873195,0.21483375959079284,37.164646124291,0.0112486962254689
SFO-ATL,SFO,ATL,615,0.15122160534185122,0.2991869918699187,31.781729009674816,0.007774734267870629
SFO-MCO,SFO,MCO,158,0.1511599126778826,0.15822784810126583,33.0865721823294,0.004889882285356152
STL-ATL,STL,ATL,639,0.15098227614738013,0.2081377151799687,30.515406075777584,0.00844464400915406
LGB-RNO,LGB,RNO,120,0.15095974175880353,0.21666666666666667,28.281494132677715,0.005697523067162062
PHX-SLC,PHX,SLC,878,0.15080731255182644,0.19931662870159453,26.913202311292054,0.005463403679193958
LAX-SMF,LAX,SMF,1036,0.15078069673829558,0.16312741312741313,27.814842073153343,0.0039730943761599235
ATL-SAV,ATL,SAV,556,0.15061048372722358,0.23741007194244604,28.4104275943564,0.008988729429576573
AUS-ATL,AUS,ATL,758,0.15050053209715122,0.2612137203166227,29.933372682505986,0.007769695187341156
MSN-DTW,MSN,DTW,136,0.15042004756191196,0.125,38.87513944681953,0.006201174129006069
MEM-DTW,MEM,DTW,174,0.15024674814408537,0.21264367816091953,39.75870239323583,0.0070940579527190755
LAS-CVG,LAS,CVG,114,0.15022138551923267,0.18421052631578946,27.089109696839984,0.005954748743938075
SEA-ONT,SEA,ONT,488,0.15019537897811072,0.23565573770491804,34.87422064874993,0.007937189439901212
DSM-CLT,DSM,CLT,117,0.15007824960172686,0.2905982905982906,42.89115729698768,0.013140104179970982
PDX-GEG,PDX,GEG,226,0.15002038412257634,0.12389380530973451,30.129261219396,0.009030052208325175
MCI-CLT,MCI,CLT,181,0.14993878338712355,0.16022099447513813,35.81112651930329,0.009620624424828946
RNO-PHX,RNO,PHX,440,0.14993841977451336,0.18636363636363637,29.161759818683972,0.007020452831352537
DFW-CMI,DFW,CMI,111,0.14987564254719932,0.2072072072072072,32.233294598691096,0.013324808576597577
PIT-CLT,PIT,CLT,352,0.14974233218130062,0.20454545454545456,37.84171890670603,0.009915710355526143
AUS-SLC,AUS,SLC,331,0.14969970835119575,0.27794561933534745,30.511838080299587,0.005159934562093973
DTW-MSY,DTW,MSY,105,0.14953297149567377,0.2,32.26190178280785,0.005606978040843926
BOS-ORF,BOS,ORF,128,0.14950023079290986,0.203125,29.396905325353146,0.011010876772715185
SLC-SAN,SLC,SAN,521,0.14935802759141473,0.2514395393474088,30.06305950296589,0.005655336807526294
SDF-EWR,SDF,EWR,168,0.14934702940462602,0.125,23.916496293885366,0.016149246384604618
ONT-SMF,ONT,SMF,358,0.14933479189165144,0.18994413407821228,23.242370369714067,0.004291567268147547
RDU-STL,RDU,STL,121,0.14932720440108915,0.36363636363636365,18.1113443689898,0.007849848174974939
ANC-PDX,ANC,PDX,243,0.14931547960626734,0.1111111111111111,23.67456058219627,0.01101430308518341
LEX-CLT,LEX,CLT,271,0.14895647448037383,0.22878228782287824,42.41027352730726,0.01170567839163477
DFW-TXK,DFW,TXK,118,0.1489519028592918,0.2966101694915254,24.325672901282875,0.013580378843471408
SAT-IAH,SAT,IAH,351,0.148908761852657,0.20512820512820512,37.22482600307193,0.006592796659070542
IND-LAX,IND,LAX,163,0.1489005003787257,0.1656441717791411,40.57184394883232,0.006843445812658657
SMF-ONT,SMF,ONT,356,0.14884014549047758,0.21067415730337077,29.947911667020133,0.003942191703633095
TUS-SEA,TUS,SEA,183,0.14878875428373045,0.16939890710382513,36.18307578498548,0.004437591270492743
ROW-DFW,ROW,DFW,175,0.14875381469726562,0.14285714285714285,39.41551174708775,0.013630118100791351
ABQ-DAL,ABQ,DAL,258,0.1487362482260133,0.3178294573643411,21.39075279004814,0.007596839151273553
ATL-BHM,ATL,BHM,609,0.14873620334321447,0.21674876847290642,26.99627283406375,0.007334283943375434
ICT-MSP,ICT,MSP,121,0.14872676743702454,0.15702479338842976,33.96081353022047,0.012139727353803382
CMH-LAX,CMH,LAX,121,0.14864971427139173,0.21487603305785125,32.829152406739794,0.010190831416494343
XNA-PHX,XNA,PHX,121,0.1486286899028731,0.1322314049586777,38.779294352886104,0.00824581780701814
CVG-LAS,CVG,LAS,115,0.14856502925572188,0.2782608695652174,38.21062716608462,0.006730804703413294
SAV-BWI,SAV,BWI,161,0.1484485368782319,0.2360248447204969,28.887586475159072,0.01060966850421111
IAH-SFO,IAH,SFO,595,0.14841564313954667,0.373109243697479,34.05381424366927,0.006351649336488777
BOS-ACK,BOS,ACK,152,0.14835510108815997,0.18421052631578946,31.263740012520238,0.010272226402465301
PHX-ICT,PHX,ICT,113,0.14825033567911755,0.3008849557522124,38.71988958173093,0.008169250740953114
IAD-JAX,IAD,JAX,137,0.1482459033166405,0.2846715328467153,35.56175074612137,0.008024698860078517
DFW-COU,DFW,COU,219,0.14820912749119544,0.2146118721461187,44.406194930751575,0.013307110997807004
ATL-HSV,ATL,HSV,421,0.14818588738062036,0.20902612826603326,35.230998444727085,0.006983496248722076
ATL-GSO,ATL,GSO,486,0.14784824126112608,0.2345679012345679,33.86061676245168,0.009360151942762799
IAH-LAX,IAH,LAX,808,0.14784086584159645,0.1967821782178218,35.000465134582896,0.00551106572483061
SBA-PHX,SBA,PHX,240,0.1478020357588927,0.16666666666666666,36.59898587862651,0.00864250840289363
SBP-DEN,SBP,DEN,118,0.14779695079235708,0.2033898305084746,37.01887318239374,0.005976300220936537
SEA-SNA,SEA,SNA,721,0.1477958424515433,0.20943134535367544,26.11320735677436,0.005288901515652839
CLE-STL,CLE,STL,114,0.1477347867596045,0.24561403508771928,25.026992910786678,0.005150731424229187
CMH-MSP,CMH,MSP,219,0.14760713728323374,0.1187214611872146,38.040432285500444,0.00786992147953287
SAT-ELP,SAT,ELP,128,0.14754231393453665,0.296875,32.564540196210146,0.0038386413209641783
SFO-KOA,SFO,KOA,301,0.14734110627261507,0.12624584717607973,29.113416982251543,0.005343144787382644
IND-IAH,IND,IAH,120,0.14731412169833977,0.19166666666666668,37.66247215270996,0.00622285050647872
MAF-DEN,MAF,DEN,298,0.14716150120350738,0.1342281879194631,37.76287997889039,0.007316367684343338
ECP-CLT,ECP,CLT,227,0.14661515129951652,0.2687224669603524,32.434258708869834,0.013558455311209604
ATL-TRI,ATL,TRI,114,0.14645988827473239,0.24561403508771928,34.52171476263749,0.008704875220751597
ATL-DSM,ATL,DSM,223,0.14641590042231864,0.18834080717488788,28.62062879314337,0.01329114461398643
GSP-BNA,GSP,BNA,182,0.14635400320556793,0.3021978021978022,26.23760958294292,0.009145158453035977
TUS-LAS,TUS,LAS,176,0.14633444690314884,0.20454545454545456,25.982932342724368,0.006332070786315439
JAX-LGA,JAX,LGA,137,0.14631651358230272,0.145985401459854,36.18739918896752,0.018517060050119955
LAX-SJC,LAX,SJC,795,0.14625741634166467,0.18742138364779873,26.882034963931677,0.003558531544222115
SFO-DTW,SFO,DTW,362,0.14625661663752235,0.3149171270718232,31.629077439808714,0.005167792767099525
ATL-LIT,ATL,LIT,392,0.14623947985166189,0.16581632653061223,25.53415871639641,0.007810723750894381
MSY-EWR,MSY,EWR,161,0.1460122107441381,0.15527950310559005,36.45898411436851,0.01122971443481833
PVD-MDW,PVD,MDW,162,0.14596027216333665,0.22839506172839505,21.25776747420982,0.014405511804817323
SFO-ABQ,SFO,ABQ,121,0.14595212005386668,0.21487603305785125,29.51753342053122,0.0070101112879674176
GSP-EWR,GSP,EWR,167,0.14592519589883837,0.20359281437125748,35.292004933614216,0.017336788434596337
MRY-LAX,MRY,LAX,121,0.14570040169579923,0.1322314049586777,32.228242960843176,0.005809412907408782
SJU-DFW,SJU,DFW,146,0.14569429165288195,0.1780821917808219,37.417707443237305,0.010979648903134819
GPT-DFW,GPT,DFW,172,0.14534141686420107,0.18023255813953487,32.159388309301335,0.01159151411201391
STT-CLT,STT,CLT,128,0.14519979094620794,0.1796875,28.019776850938797,0.00981803220929578
ONT-SEA,ONT,SEA,490,0.145198984535373,0.17551020408163265,28.991266904558454,0.007835687044256877
SEA-OKC,SEA,OKC,113,0.14515969605572457,0.21238938053097345,24.005241199932268,0.009635522673153771
GCK-DFW,GCK,DFW,119,0.14513112022345806,0.14285714285714285,30.630778993879044,0.009871943461254609
SLC-BWI,SLC,BWI,129,0.14508688296805056,0.17829457364341086,24.845718978911407,0.007461275553417413
PRC-DEN,PRC,DEN,103,0.14503363577775585,0.2621359223300971,41.14036589687311,0.00375020596797445
SLC-JAC,SLC,JAC,241,0.14497092888686666,0.16182572614107885,30.14330962881508,0.006792439979093134
OKC-SEA,OKC,SEA,112,0.14494239585474133,0.10714285714285714,25.574258037975856,0.0090494278951415
MHT-BWI,MHT,BWI,293,0.14486852388689136,0.09556313993174062,25.53912347087274,0.009824511306579868
LIH-OAK,LIH,OAK,121,0.1447480740256546,0.1322314049586777,28.369413675355517,0.007796072862950749
DFW-FSM,DFW,FSM,226,0.14460570965193015,0.2168141592920354,21.181551317198085,0.015708028455264866
SEA-CLT,SEA,CLT,295,0.14459996897790392,0.17966101694915254,29.134656072067003,0.0077099367611210895
SLC-AUS,SLC,AUS,330,0.14455837159220017,0.2727272727272727,25.832270788423944,0.004273200646398013
EUG-DEN,EUG,DEN,238,0.14440320241225868,0.2773109243697479,32.074066146081236,0.005424808796693678
TUS-DEN,TUS,DEN,296,0.14437517459579818,0.22972972972972974,26.138535837869387,0.0064343735230741675
BNA-MSP,BNA,MSP,344,0.14426658283052748,0.28488372093023256,25.246992430021596,0.006395642126958422
TUL-BNA,TUL,BNA,122,0.14423643812903617,0.18032786885245902,23.576198470397074,0.00658939380130013
PIT-RDU,PIT,RDU,121,0.14409660923579506,0.15702479338842976,35.56282737038352,0.011491831505625712
CVG-IAH,CVG,IAH,109,0.14403052111967987,0.25688073394495414,36.716951230250366,0.007571242213539711
LAX-LIH,LAX,LIH,373,0.14398985505903056,0.1876675603217158,31.77982255153298,0.004767183259249052
BUR-DFW,BUR,DFW,115,0.1439499291388885,0.19130434782608696,34.72611666969631,0.011392355411629047
JFK-SNA,JFK,SNA,117,0.14392864137378514,0.18803418803418803,31.184507304786617,0.011022446173258493
SAT-PHL,SAT,PHL,108,0.1439115151900936,0.2222222222222222,36.79479637852422,0.010192179254123144
CMH-BWI,CMH,BWI,169,0.1438970619140292,0.15976331360946747,23.663522567974745,0.00839490523162697
MSP-JFK,MSP,JFK,121,0.14386684847764733,0.18181818181818182,40.74901812529761,0.011972230222454527
ORF-CLT,ORF,CLT,402,0.14360260288810256,0.2835820895522388,27.53103893431858,0.013584249533406182
SMF-LAX,SMF,LAX,1037,0.14347714551059007,0.171648987463838,22.792394616449812,0.0047162790209628064
VPS-BLV,VPS,BLV,103,0.14342276809863674,0.3883495145631068,38.846301004724594,0.004782602654393906
TUL-CLT,TUL,CLT,120,0.14316093592594067,0.19166666666666668,31.19308295249939,0.008806800877690807
FSM-DFW,FSM,DFW,225,0.1430642005470064,0.17777777777777778,27.555089145236543,0.017213033781194223
PDX-FAT,PDX,FAT,112,0.14294560765847564,0.16071428571428573,26.50533367906298,0.009253387871597494
PHX-CLT,PHX,CLT,479,0.1429357582660458,0.1837160751565762,30.09811719125895,0.007553947508365901
ALB-CLT,ALB,CLT,180,0.14288393946157563,0.21666666666666667,39.55124619801839,0.008988301632462779
BRO-DFW,BRO,DFW,214,0.14272525227654762,0.1308411214953271,44.786275667564894,0.015912141210653565
HHH-CLT,HHH,CLT,205,0.14265308383761383,0.15609756097560976,31.2372945087712,0.014561256402832212
SAT-STL,SAT,STL,106,0.14255674404777446,0.2169811320754717,27.191163409431027,0.003301907374681729
BOI-DEN,BOI,DEN,506,0.14254062364371162,0.23517786561264822,29.765484533762272,0.003436814004317057
CVG-BWI,CVG,BWI,117,0.1424551676863279,0.2564102564102564,23.581012913304516,0.00724101352284006
IAH-SLC,IAH,SLC,287,0.14243432344667586,0.1986062717770035,33.245588422236956,0.006774101586617892
OKC-CLT,OKC,CLT,149,0.1423155955170225,0.21476510067114093,30.299141474218178,0.009899926240139297
ATL-ABQ,ATL,ABQ,173,0.1423050031668878,0.20809248554913296,28.662244785727793,0.008207356217982513
RNO-DEN,RNO,DEN,404,0.14230014333077293,0.1806930693069307,32.05993874002211,0.005975588191241427
ABQ-HOU,ABQ,HOU,172,0.14222979157903168,0.23255813953488372,20.40488671424777,0.004798913622178094
SJC-SEA,SJC,SEA,836,0.14221423033304048,0.21889952153110048,30.550095492002498,0.005219453251704183
SFO-IAH,SFO,IAH,594,0.1421889385415448,0.2053872053872054,29.341114358869866,0.004481580961531518
SJC-LAX,SJC,LAX,795,0.14217623952518468,0.22012578616352202,29.701579233085585,0.004710824081209712
LAX-IAH,LAX,IAH,804,0.14212356811732202,0.16666666666666666,30.402959136820552,0.004913842991945346
ICT-PHX,ICT,PHX,115,0.14200181241916573,0.19130434782608696,29.35253561268682,0.01243813207939915
AEX-DFW,AEX,DFW,175,0.1419782787987164,0.14857142857142858,38.9851212310791,0.01715893151013406
IAD-CLT,IAD,CLT,258,0.1419383289740067,0.2364341085271318,37.774233367091924,0.012405800053219703
ATL-ICT,ATL,ICT,198,0.14190407718221346,0.18686868686868688,28.763163142734104,0.006065037489170208
SEA-RDM,SEA,RDM,301,0.1418082498979331,0.16943521594684385,23.633445258156407,0.013731156798577544
IAD-BDL,IAD,BDL,140,0.14174509181507997,0.20714285714285716,24.281058311462402,0.008687299271595889
SFO-HNL,SFO,HNL,544,0.14170785155147314,0.19669117647058823,28.694355617551242,0.0037264015849167395
ATL-TUL,ATL,TUL,270,0.14168488024561493,0.17407407407407408,24.133558827859385,0.007809895040143443
SAN-SLC,SAN,SLC,522,0.14167621484832746,0.1896551724137931,28.247662694061397,0.00827460052002044
PHX-CLD,PHX,CLD,239,0.14166096725723235,0.20502092050209206,28.809238952572873,0.010217633807482931
IAD-IND,IAD,IND,171,0.14165995161087191,0.2046783625730994,36.06116762217025,0.00908689481613023
JAX-DTW,JAX,DTW,111,0.1415576595846597,0.1981981981981982,25.86371444152282,0.007671813318586867
ATL-VPS,ATL,VPS,442,0.14152566205322473,0.21945701357466063,32.81460743252508,0.007869245251640677
ELP-SAT,ELP,SAT,128,0.14133263865369372,0.265625,19.112392134964466,0.004084483939760293
SLC-MDW,SLC,MDW,112,0.1413061115558126,0.1875,20.840672143868037,0.006949840044079904
CVG-MIA,CVG,MIA,122,0.14129535395835266,0.18032786885245902,37.26684886119405,0.008580965509058023
LGB-SJC,LGB,SJC,227,0.14128853464376034,0.18061674008810572,24.945366838429994,0.0036455995253480084
JAX-MIA,JAX,MIA,243,0.1412041576985469,0.23045267489711935,34.213335186365704,0.01013233837266987
SAN-JFK,SAN,JFK,392,0.14112335046259117,0.22448979591836735,38.04415124289844,0.015709404418712825
CMH-ATL,CMH,ATL,554,0.14106555550698768,0.20216606498194944,29.54809943347201,0.009008319129926279
OKC-MDW,OKC,MDW,120,0.14104077067847054,0.21666666666666667,26.44485923846563,0.009771948386380663
BNA-ATL,BNA,ATL,783,0.14088656632455676,0.24648786717752236,28.00365725574518,0.007710409228699364
CLT-ATL,CLT,ATL,737,0.14088048048448853,0.2727272727272727,31.470323271473195,0.011488465113034904
SUN-DEN,SUN,DEN,118,0.14073692053809003,0.19491525423728814,43.71280194945255,0.005654611832593098
IAD-AUS,IAD,AUS,174,0.1406896878676168,0.23563218390804597,28.491859912872314,0.004757889102497217
EWR-ROC,EWR,ROC,110,0.14063052081248978,0.15454545454545454,38.473146213184705,0.018295457857030052
ABQ-SEA,ABQ,SEA,132,0.1405575184546637,0.12121212121212122,38.15585389281764,0.007678836718145193
IND-JFK,IND,JFK,165,0.14055019368728003,0.20606060606060606,39.50819678451076,0.01450959123833909
PBI-ATL,PBI,ATL,605,0.14037595453464297,0.17024793388429751,27.63109782037656,0.009574519651593089
SGU-PHX,SGU,PHX,130,0.14035416887356686,0.19230769230769232,31.884508734482985,0.00332936008210079
DEN-DVL,DEN,DVL,102,0.1400778574102065,0.11764705882352941,37.64679512323118,0.009197556573365415
BUF-EWR,BUF,EWR,128,0.14003324985969812,0.140625,45.37138085067272,0.016240663016342544
SJC-HNL,SJC,HNL,180,0.14000036511570216,0.37777777777777777,30.590720309151543,0.003603117059942128
BOI-ATL,BOI,ATL,106,0.13985518738627434,0.16037735849056603,30.393160424142515,0.011216483983861388
MSN-EWR,MSN,EWR,113,0.13949489791308883,0.17699115044247787,27.75698228008979,0.01658457476830433
IAH-MSY,IAH,MSY,416,0.13943548800531202,0.2860576923076923,25.684377655386925,0.004781483148690313
IAH-PIT,IAH,PIT,166,0.13943138184497156,0.1927710843373494,27.36207426025207,0.0049548340899622945
IAH-CLE,IAH,CLE,175,0.13942673491580146,0.22857142857142856,23.803347723824636,0.005722247754622783
TUS-LAX,TUS,LAX,440,0.13935483123429798,0.10909090909090909,32.65052927407351,0.004811763660241427
LAX-STS,LAX,STS,158,0.1393463647441019,0.10126582278481013,20.07978496672232,0.014405548655062536
IAD-PWM,IAD,PWM,207,0.13932825243415464,0.15458937198067632,27.582198589896233,0.011966263916326204
YUM-PHX,YUM,PHX,180,0.13927401089006,0.17222222222222222,35.25458864635891,0.008850807878471787
PHX-SGU,PHX,SGU,128,0.13926695694681257,0.265625,30.341834992170334,0.004003668577561892
GEG-SMF,GEG,SMF,112,0.1391101261667375,0.1875,14.860604166984558,0.0041260231654242875
GEG-SEA,GEG,SEA,757,0.13910512273326575,0.17305151915455746,26.40669304534025,0.00597047410494844
ATL-PIT,ATL,PIT,445,0.1390790974323669,0.20224719101123595,26.49638339053379,0.009486502621633312
DEN-JMS,DEN,JMS,104,0.1390233003319456,0.09615384615384616,39.97099861731896,0.006371569819748402
RDU-SFO,RDU,SFO,147,0.13896918813793027,0.4557823129251701,31.26981495837776,0.006232147792736623
SFO-CLE,SFO,CLE,111,0.13893705512489285,0.27927927927927926,31.16571416081609,0.004768638938732512
ATL-ECP,ATL,ECP,437,0.13890925924415173,0.2242562929061785,30.445238170143668,0.007773126574923818
DEN-ROW,DEN,ROW,122,0.1387983946526637,0.3770491803278688,44.96035965153428,0.004728851851350704
CVG-SLC,CVG,SLC,168,0.13878946844488382,0.13690476190476192,35.78592390105838,0.0049801094294939
EVV-DFW,EVV,DFW,176,0.13875184796581214,0.1590909090909091,44.55294858325612,0.01558174696128342
SNA-SJC,SNA,SJC,450,0.13872531613541975,0.18888888888888888,25.324596008724637,0.004032386670076991
PIT-FLL,PIT,FLL,134,0.1386114031688046,0.13432835820895522,26.130125885579123,0.011406969096235654
MSY-ATL,MSY,ATL,606,0.13855518457839394,0.25412541254125415,27.64022223154704,0.009838568370232914
SAN-IAH,SAN,IAH,285,0.13853465542197227,0.22456140350877193,33.0694176523309,0.007399537237491328
PDX-SEA,PDX,SEA,829,0.13849698399857532,0.16767189384800965,18.71335740428782,0.006937254602974897
BIL-DFW,BIL,DFW,121,0.1382817104458809,0.14049586776859505,29.792959197493623,0.01135970723097686
CYS-DEN,CYS,DEN,122,0.13827599420166406,0.12295081967213115,29.69176866187424,0.005909223372849529
FCA-MSP,FCA,MSP,100,0.13825914554297924,0.11,31.585541896820068,0.004789274075243733
LAX-DTW,LAX,DTW,352,0.13824457697443326,0.18181818181818182,31.51199395006353,0.0042498749618510336
DFW-RAP,DFW,RAP,231,0.13812614574189827,0.18181818181818182,23.0301564864782,0.00811078794340187
DEN-BFF,DEN,BFF,102,0.13811568674795768,0.29411764705882354,41.20997949675018,0.005744093706688056
CMH-JFK,CMH,JFK,214,0.1381105786520187,0.1822429906542056,29.121564125346246,0.017232916474404957
LAX-BOI,LAX,BOI,249,0.1378458679979106,0.1285140562248996,23.589412685378967,0.004064181388961713
CHA-ATL,CHA,ATL,297,0.13782316828867802,0.24242424242424243,39.42957368844286,0.011386835730019836
PDX-MDW,PDX,MDW,162,0.13780859584149754,0.1728395061728395,26.202201428236783,0.005296268883706411
PIT-BWI,PIT,BWI,173,0.13780455474305703,0.17341040462427745,25.168728734716513,0.007575176006635826
ATL-DAB,ATL,DAB,239,0.13778294772533192,0.19246861924686193,22.97550449610754,0.009688408305646216
DFW-CLL,DFW,CLL,174,0.1377570284851666,0.16091954022988506,20.150238755105555,0.013818917908593194
CLT-STT,CLT,STT,128,0.137704519322142,0.1640625,35.093217730522156,0.011443178158515366
LIT-CLT,LIT,CLT,263,0.13769425448922604,0.1444866920152091,29.113860456662486,0.013054797631459978
IAD-MSP,IAD,MSP,257,0.13767217609900909,0.15953307392996108,42.34755512341451,0.007998837770702948
AMA-DFW,AMA,DFW,413,0.1375572170169244,0.17433414043583534,32.749971493681755,0.012280699205310906
SLC-STL,SLC,STL,180,0.1374563083673517,0.15,22.81923971441057,0.004884581615934606
SEA-ATL,SEA,ATL,665,0.1373006740346887,0.20300751879699247,29.040485060842414,0.007015381693386128
SBA-LAS,SBA,LAS,149,0.13715249420012404,0.0738255033557047,25.209272743071487,0.00474219657355707
LRD-DFW,LRD,DFW,266,0.1370082695765379,0.15789473684210525,35.36667632339592,0.015133587874683505
SEA-EUG,SEA,EUG,318,0.1369532642874328,0.1761006289308176,24.216959581435102,0.0069103362732114365
JFK-MSP,JFK,MSP,125,0.13671758913993837,0.168,41.2289384765625,0.009050862520731003
ATL-JAN,ATL,JAN,310,0.1364770353321106,0.20967741935483872,33.35862350463867,0.008084571395368088
MFR-DEN,MFR,DEN,116,0.13637962243680296,0.21551724137931033,49.364056472120616,0.0036514453466766138
CLD-DEN,CLD,DEN,114,0.13633562349959424,0.18421052631578946,34.652488591378194,0.0055358759281494896
PHX-OGG,PHX,OGG,181,0.13620275448369717,0.1712707182320442,20.170191338049115,0.004488126446029853
MEM-IAH,MEM,IAH,181,0.1361432735761885,0.2265193370165746,42.78230159190478,0.006764169598182479
ALB-BWI,ALB,BWI,296,0.13608917425311096,0.16891891891891891,29.992002284204638,0.01087710810443539
OMA-SEA,OMA,SEA,119,0.1359976138763067,0.06722689075630252,23.580119092925255,0.00511116013969949
IAD-SLC,IAD,SLC,119,0.13596501339133046,0.226890756302521,31.084815866806927,0.007835123144074908
JAC-SLC,JAC,SLC,240,0.1355803738348186,0.10833333333333334,38.34850296974182,0.014613282485780392
LAS-OGG,LAS,OGG,120,0.1354347177470724,0.08333333333333333,22.929238430658977,0.006531048417244045
GRR-ATL,GRR,ATL,224,0.1353676911509995,0.09821428571428571,35.54279411264828,0.008701679926446599
SAV-DTW,SAV,DTW,120,0.1352829433977604,0.25833333333333336,43.073842239379886,0.008803280192564746
SFO-MSP,SFO,MSP,371,0.1352067135394905,0.3881401617250674,26.85961768697857,0.007169684739105625
RAP-DFW,RAP,DFW,229,0.13508675358050776,0.17467248908296942,22.110756999019973,0.009981018166117211
MLB-CLT,MLB,CLT,174,0.1349339147965456,0.3103448275862069,21.719164111148352,0.014046095265332835
PDX-OGG,PDX,OGG,122,0.13487961540212395,0.08196721311475409,19.238506176432626,0.0067427142477426375
GNV-DFW,GNV,DFW,112,0.13473872188478708,0.17857142857142858,28.981954421315873,0.009840872016196189
SRQ-CLT,SRQ,CLT,181,0.13446756942166807,0.19337016574585636,30.524601267187634,0.011526674497872591
SNA-SMF,SNA,SMF,395,0.13433733392931238,0.1468354430379747,22.82112479270259,0.0053874590434134
JAX-ATL,JAX,ATL,733,0.1342352713429017,0.21418826739427013,25.706434727365615,0.008605104553936106
MCI-SEA,MCI,SEA,249,0.13423099955282058,0.0963855421686747,24.52053120624588,0.006595059415325523
AVP-CLT,AVP,CLT,169,0.13416777035364738,0.27218934911242604,20.6901345027269,0.013416744685656894
TUL-PHX,TUL,PHX,184,0.13408185029402375,0.1956521739130435,29.37710754249407,0.009205910244339106
IAD-IAH,IAD,IAH,336,0.13383242887045657,0.22023809523809523,28.987839483079455,0.0056837722562956775
MFE-AUS,MFE,AUS,170,0.13363084727350402,0.1411764705882353,31.55143970040714,0.003890131533775917
SEA-BOI,SEA,BOI,614,0.13347529831072408,0.1775244299674267,19.611314573194772,0.0037656071605312266
LBB-DAL,LBB,DAL,225,0.13347438851992288,0.2577777777777778,21.283715924157036,0.007894769967390053
PWM-ATL,PWM,ATL,169,0.1334250474558074,0.2603550295857988,31.45808480618268,0.007468554911611136
SLC-MCI,SLC,MCI,175,0.1332997161575726,0.1657142857142857,19.776163439069474,0.005275659136740224
IAH-MCI,IAH,MCI,122,0.13328716354291947,0.2786885245901639,32.89670062455975,0.0056766672585640224
ALB-ATL,ALB,ATL,174,0.1332724860216352,0.20689655172413793,37.83325638168159,0.010385030597011303
RDM-LAX,RDM,LAX,113,0.13323307162628764,0.40707964601769914,37.80216055000778,0.013298069761522048
SFO-IAD,SFO,IAD,442,0.1331625149766514,0.25339366515837103,21.424451728751755,0.006486639850320921
BOI-SMF,BOI,SMF,172,0.1329518215037709,0.1686046511627907,20.976087790589,0.003968935528889212
CVG-MSP,CVG,MSP,224,0.13287612676088298,0.14732142857142858,34.78222653695515,0.007569949568973647
SFO-RDU,SFO,RDU,148,0.13284998960994385,0.18243243243243243,30.3029467092978,0.006962635930602913
OAK-MDW,OAK,MDW,114,0.13282752027244946,0.24561403508771928,23.30542334339075,0.004981302629682448
SDF-DTW,SDF,DTW,133,0.13266038390478693,0.16541353383458646,24.1572073886269,0.00848524255636043
PIT-IAH,PIT,IAH,166,0.13254614317991648,0.18674698795180722,33.254501647259815,0.006312311949567443
SEA-SLC,SEA,SLC,769,0.13247052178523167,0.20026007802340703,24.120773541136742,0.006310137026253846
KOA-LAX,KOA,LAX,325,0.13205732377675863,0.08923076923076922,20.314631494375377,0.006646584331606475
SNA-OAK,SNA,OAK,421,0.1320436303536994,0.2327790973871734,23.928561135878756,0.007463572442562482
PDX-BUR,PDX,BUR,179,0.13202135826788802,0.12849162011173185,29.22601911875123,0.007340209584191933
ATL-SJC,ATL,SJC,173,0.13198159032129828,0.20809248554913296,24.111159793214302,0.005968036343609648
SEA-PDX,SEA,PDX,828,0.13195025419663403,0.20772946859903382,28.79213313434435,0.006962385716420049
PIT-IAD,PIT,IAD,166,0.13180145226329207,0.1746987951807229,23.888845738158167,0.00923305454572941
SLC-BNA,SLC,BNA,227,0.13177344833176566,0.23348017621145375,19.419911456003064,0.006139703700113796
RDU-LAX,RDU,LAX,157,0.1317483669348583,0.25477707006369427,25.690966150563234,0.007074093305558528
SGF-ATL,SGF,ATL,118,0.13171661165306123,0.22033898305084745,29.85444575649197,0.009723638861694119
IAD-LAX,IAD,LAX,492,0.1316321815356491,0.18495934959349594,26.151107189131945,0.004905554014399197
ILM-CLT,ILM,CLT,255,0.13149248902119842,0.13333333333333333,22.97233028411865,0.00878903248358047
CVG-ATL,CVG,ATL,536,0.1314087508301904,0.1921641791044776,30.18436824207875,0.007425199905008091
SEA-GEG,SEA,GEG,756,0.1310651101487339,0.21825396825396826,30.518788861219214,0.008020951257908325
BOI-SEA,BOI,SEA,615,0.13103523957050914,0.2,18.527264736144524,0.0048112574182980795
EYW-ATL,EYW,ATL,239,0.13098394499787724,0.20502092050209206,28.751214350616582,0.007376252988406159
LGB-OAK,LGB,OAK,233,0.13073702668171583,0.19313304721030042,24.81567020989283,0.005370823810114823
SBP-LAX,SBP,LAX,112,0.13068858786885226,0.0625,30.627149956566946,0.0069682921478358495
EUG-SEA,EUG,SEA,318,0.13067368870167612,0.14465408805031446,22.57161064567806,0.008032201320008845
AUS-MFE,AUS,MFE,170,0.13043089601046898,0.2,29.532637427834903,0.003987180243711919
HYS-DEN,HYS,DEN,102,0.1303691809229991,0.3235294117647059,32.95195229848226,0.006681393525962319
SNA-SEA,SNA,SEA,720,0.13034386221422917,0.20555555555555555,27.10270898077223,0.008162276997916235
SAN-DTW,SAN,DTW,214,0.13033587757115053,0.205607476635514,26.640507181114124,0.006079109417161443
ABQ-SFO,ABQ,SFO,120,0.13022176393618187,0.3,31.350291260083516,0.004963710781885311
CLE-SFO,CLE,SFO,111,0.13018973547596116,0.23423423423423423,30.18197287310351,0.006005700379777867
PDX-SNA,PDX,SNA,240,0.13018113806222875,0.05,18.78011158704758,0.006280096336673651
IAH-SNA,IAH,SNA,180,0.13008959049152002,0.2,24.82335433430142,0.0057473575435218645
DTW-JAX,DTW,JAX,111,0.1300317155751022,0.14414414414414414,31.623458467088305,0.007712109881939123
SAV-MIA,SAV,MIA,104,0.12978798516381246,0.21153846153846154,29.444766484774075,0.010266073401838254
PDX-IAH,PDX,IAH,231,0.12951302638043574,0.20346320346320346,24.584883029326733,0.00631122348693617
RDM-SEA,RDM,SEA,301,0.12949422038967823,0.15282392026578073,45.44280649736474,0.01233518123626709
IND-IAD,IND,IAD,171,0.12939494203405771,0.1695906432748538,33.164803984569524,0.009838974630194052
ATL-PNS,ATL,PNS,510,0.1292485157210453,0.22156862745098038,31.172720473420387,0.01155415187683316
LAS-MSP,LAS,MSP,283,0.12924497200722407,0.1978798586572438,25.58426374428685,0.005407256824209502
SJU-IAH,SJU,IAH,183,0.12921373328305985,0.08196721311475409,20.1192305465865,0.006610605004370783
PVD-BWI,PVD,BWI,294,0.1290697852390356,0.13945578231292516,15.374755210616962,0.011958397698939824
PWM-IAD,PWM,IAD,220,0.12902919904074886,0.16363636363636364,27.376808032122526,0.01134173220429474
SLC-GEG,SLC,GEG,296,0.12902776927158638,0.19594594594594594,28.151959032625765,0.007030878364193169
SDF-BWI,SDF,BWI,157,0.12896388417975918,0.18471337579617833,24.545227166194067,0.00885693476785247
SAN-PHL,SAN,PHL,179,0.12887341108735048,0.16201117318435754,30.03186514657303,0.010553937448605976
ILM-EWR,ILM,EWR,115,0.12855599859486455,0.12173913043478261,33.31986908290697,0.01753903939273239
SAT-LAX,SAT,LAX,296,0.1285013272301168,0.16891891891891891,27.663760981044256,0.005706141025505282
FAR-MSP,FAR,MSP,188,0.12848135438608996,0.05851063829787234,36.08375559461878,0.010960290639443284
BZN-SEA,BZN,SEA,302,0.12844062860537048,0.20198675496688742,26.933349685163687,0.0057098552256081205
LAX-ACV,LAX,ACV,102,0.12811092046253822,0.18627450980392157,35.62574158462824,0.0037254720502357297
RDU-IAD,RDU,IAD,166,0.128088283116918,0.1686746987951807,20.348807399531445,0.009084620415557956
LAX-FAT,LAX,FAT,174,0.1279146058549141,0.3160919540229885,23.167867309745702,0.00509103283489487
IAH-TUL,IAH,TUL,142,0.12784139392241625,0.22535211267605634,28.012042213493668,0.005927745379100908
SFO-PHL,SFO,PHL,455,0.12782812198767296,0.2021978021978022,29.432501472221627,0.010367200533249256
LAX-GEG,LAX,GEG,228,0.12781134139942496,0.09649122807017543,27.639968654565642,0.0057007398225546796
JAX-IAD,JAX,IAD,138,0.1276733061649661,0.18115942028985507,26.2763769177423,0.008283438149373979
PDX-RNO,PDX,RNO,114,0.1274514661677051,0.08771929824561403,20.070638723540725,0.00977463706543571
SLC-BOI,SLC,BOI,293,0.12744094472086062,0.13651877133105803,17.88772289093851,0.004448048892349156
CVG-IAD,CVG,IAD,110,0.1272880989719521,0.13636363636363635,29.92988366213712,0.010365080618825944
CLE-ATL,CLE,ATL,622,0.12694507341987643,0.20096463022508038,31.73443354211053,0.01101839450562251
MTJ-DEN,MTJ,DEN,242,0.1267815876044025,0.17768595041322313,36.29432187986768,0.004945240730856672
ORF-DTW,ORF,DTW,121,0.12651075422763824,0.21487603305785125,35.11609146811745,0.0074909508464949546
LAS-IAH,LAS,IAH,514,0.12643871618731942,0.19844357976653695,25.82146732167047,0.0049199782074650835
PSP-SEA,PSP,SEA,129,0.126401948085589,0.13953488372093023,27.139780976051508,0.007553985750281344
BFL-DEN,BFL,DEN,119,0.12535193643900527,0.2184873949579832,25.380414097249005,0.006532998813300832
BDL-IAD,BDL,IAD,140,0.1253321873024106,0.2,23.857182339259555,0.01300325122629774
HPN-ACK,HPN,ACK,102,0.12511590692926855,0.23529411764705882,52.49363914190554,0.012127794436426885
SAN-IAD,SAN,IAD,241,0.12495397807280552,0.1908713692946058,24.008457563724754,0.008249122095981339
PNS-CLT,PNS,CLT,262,0.12485942867307262,0.21755725190839695,36.16086343226542,0.01257045384925759
CVG-JFK,CVG,JFK,114,0.124785358903178,0.17543859649122806,27.64750423766019,0.016602724958516536
STS-PDX,STS,PDX,122,0.12469638877960502,0.040983606557377046,30.701564210360168,0.015466933585400505
SEA-MFR,SEA,MFR,251,0.12460732299730597,0.1593625498007968,37.62740792506244,0.005894095568533336
VPS-DAL,VPS,DAL,117,0.12445290870646127,0.27350427350427353,23.19010366130079,0.007607135383049184
GTF-DEN,GTF,DEN,120,0.1243859114125371,0.24166666666666667,22.981394171714783,0.00523832856007844
SGU-DFW,SGU,DFW,104,0.12431989703327417,0.40384615384615385,33.95455043132488,0.005544450920391476
GEG-ATL,GEG,ATL,104,0.12420398856584842,0.23076923076923078,21.481693579600407,0.009753851502094991
BDL-ATL,BDL,ATL,382,0.12384338500417028,0.1544502617801047,25.884371288159755,0.012548835069458251
SAN-ATL,SAN,ATL,371,0.12362403821230256,0.14555256064690028,27.85987129622714,0.008509893304628525
SLC-LGB,SLC,LGB,266,0.12357881645623006,0.12030075187969924,22.20806836723385,0.004412164550309104
BNA-IAH,BNA,IAH,250,0.12352082481980324,0.28,28.872711013793946,0.007166872826582264
RKS-DEN,RKS,DEN,118,0.1234524877015817,0.19491525423728814,63.22713234465001,0.0030192251958441538
XNA-PHL,XNA,PHL,112,0.12338237584169422,0.22321428571428573,38.455422043800354,0.013805479040277785
AUS-CMH,AUS,CMH,116,0.12332310000884122,0.15517241379310345,29.90958205584822,0.005949213424424544
CLE-MSP,CLE,MSP,224,0.1232470144916858,0.16964285714285715,33.507180409772054,0.008214235113624598
AUS-PDX,AUS,PDX,122,0.12323489766873297,0.11475409836065574,24.04765134561257,0.0053264919351633695
LGB-SMF,LGB,SMF,287,0.12321042639401317,0.18815331010452963,23.026154704210235,0.0034387421070768863
PDX-EUG,PDX,EUG,108,0.12290078967257782,0.1111111111111111,11.816487427111026,0.00642692283252944
LAX-ABQ,LAX,ABQ,391,0.12278901310185032,0.16112531969309463,27.236090740584352,0.004090925674453112
SLC-MSP,SLC,MSP,290,0.1227846540253738,0.16896551724137931,23.961879506604426,0.005145020954970181
PSC-PHX,PSC,PHX,120,0.12247917229930559,0.18333333333333332,49.836435063680014,0.0038128410242805797
MCO-PSE,MCO,PSE,120,0.12243747344861428,0.058333333333333334,25.599385635058084,0.00655022299405737
ATW-DFW,ATW,DFW,109,0.12240151220231975,0.12844036697247707,35.161260954830624,0.016502826826999318
VPS-BNA,VPS,BNA,123,0.12239183821692699,0.14634146341463414,23.995999972025555,0.007280827140268999
MKE-ATL,MKE,ATL,389,0.12218878140486299,0.15167095115681234,25.534993335949423,0.00948669135005164
MFR-PHX,MFR,PHX,120,0.12213942843178908,0.18333333333333332,47.65373493830363,0.005191632093330614
SLC-SJC,SLC,SJC,332,0.12212846755801914,0.14457831325301204,22.09108926876482,0.004671055688564834
CLE-IAD,CLE,IAD,231,0.1221274808533006,0.15151515151515152,23.260808094239337,0.00832346052333902
SNA-IAH,SNA,IAH,181,0.12189906152243114,0.2154696132596685,31.73630170664076,0.00581425699811861
GGG-DFW,GGG,DFW,109,0.12181977469713316,0.13761467889908258,30.536695025382787,0.014431387316762355
SMF-MDW,SMF,MDW,161,0.12179227245057592,0.13664596273291926,25.56072363646134,0.004361989169676856
SLC-LAX,SLC,LAX,661,0.12170962892393843,0.15128593040847202,18.402024345571082,0.0058276545715365185
MHK-DFW,MHK,DFW,178,0.12157624671131037,0.20786516853932585,25.928780164611474,0.016538603745853704
SAN-LAX,SAN,LAX,424,0.12156115026863397,0.10849056603773585,28.59145836110385,0.009891708836701856
LAX-IAD,LAX,IAD,490,0.12154021915428492,0.14081632653061224,22.56964460295074,0.00609768315421998
MSY-IAH,MSY,IAH,415,0.12146789320262082,0.23373493975903614,23.920726468189653,0.004863689556749215
BOI-SJC,BOI,SJC,120,0.12138630660871665,0.11666666666666667,21.96216025352478,0.0048835021172029276
SBA-DEN,SBA,DEN,171,0.12131173466468415,0.17543859649122806,26.179062118307193,0.004535324342987746
CVG-EWR,CVG,EWR,192,0.12128397403284907,0.11458333333333333,33.82277669509252,0.014080252493910778
SHR-DEN,SHR,DEN,117,0.12128342140434134,0.24786324786324787,30.316329776731312,0.003545330728587435
BZN-MSP,BZN,MSP,174,0.12120122207735462,0.05747126436781609,22.240811457579163,0.005194323020987213
SAT-CLT,SAT,CLT,237,0.12119582100508082,0.16877637130801687,31.971589663863686,0.009566065266915445
SAT-EWR,SAT,EWR,104,0.12104035964092383,0.23076923076923078,34.70612307695242,0.012020521841170091
LAX-MRY,LAX,MRY,121,0.12065081606226519,0.1487603305785124,37.479235861912244,0.010561197395782825
SFO-LIH,SFO,LIH,240,0.12063072596987089,0.12916666666666668,23.43181357383728,0.0032309015582238014
RDU-MSP,RDU,MSP,228,0.12061118283880908,0.2324561403508772,23.90548324166683,0.007224427360494661
BTR-ATL,BTR,ATL,214,0.12056384139877056,0.20093457943925233,31.597253906392606,0.011492943113515957
OGG-SFO,OGG,SFO,366,0.1203462571679243,0.09836065573770492,22.61415356365058,0.006044878739226017
AUS-DTW,AUS,DTW,226,0.1202783410363229,0.1504424778761062,25.655487452988076,0.005576177808287521
SFO-PSC,SFO,PSC,106,0.12026110031413582,0.2358490566037736,24.004747669651824,0.005007306412565258
RIW-DEN,RIW,DEN,121,0.1201464115711283,0.2396694214876033,29.680670060402107,0.0032298281945318716
BJI-MSP,BJI,MSP,120,0.12013706117868424,0.13333333333333333,27.154532472292583,0.005089516534859345
HRL-DFW,HRL,DFW,222,0.12009669883965372,0.18018018018018017,33.78775086274018,0.014771122971306677
SAN-MSP,SAN,MSP,210,0.12007792237259093,0.12380952380952381,25.53731601805914,0.006847185302447056
ECP-ATL,ECP,ATL,437,0.11996945694464023,0.19221967963386727,25.406047188171804,0.012566664450791444
RDU-IAH,RDU,IAH,149,0.11981528432377232,0.16778523489932887,26.007308665537995,0.009454715217774114
SFO-OGG,SFO,OGG,370,0.11948090109067994,0.17027027027027028,21.584041750108874,0.005657494188012741
SEA-PSC,SEA,PSC,190,0.11930529334043202,0.18947368421052632,25.808393679167096,0.005601766745952007
BDL-DTW,BDL,DTW,222,0.11930237215448607,0.1036036036036036,17.561640327041214,0.010859415268161051
MCI-DTW,MCI,DTW,229,0.11918394544108986,0.13537117903930132,23.41326751875565,0.0062257312314139435
GEG-LAX,GEG,LAX,227,0.11901642431377839,0.09691629955947137,26.447637793251072,0.005309630684215543
SLC-IAH,SLC,IAH,285,0.11894385027780867,0.19298245614035087,25.544314695659438,0.005435017305393962
OMA-LAX,OMA,LAX,121,0.11887705874098234,0.08264462809917356,33.11898065992623,0.005869107860648496
TUL-MDW,TUL,MDW,119,0.11872286625018641,0.14285714285714285,20.607297815194652,0.008138057573499983
IND-ATL,IND,ATL,539,0.11846330864890608,0.14285714285714285,26.87075253806884,0.009250987582426104
LIT-DAL,LIT,DAL,173,0.11834708601236343,0.2947976878612717,18.692726253774126,0.010622833443313152
ILM-ATL,ILM,ATL,234,0.11821594199117942,0.14102564102564102,27.414058558961266,0.0112020381256717
MEI-IAH,MEI,IAH,104,0.11817854492423627,0.21153846153846154,35.54600451542781,0.006997208709695509
PDX-CLT,PDX,CLT,117,0.11805879885060155,0.11965811965811966,20.225852257166153,0.009271981038090562
LAS-IAD,LAS,IAD,177,0.117779781757775,0.3107344632768362,28.523141882513876,0.005885846039106312
SRQ-ATL,SRQ,ATL,396,0.11776231423095622,0.1717171717171717,15.065552022119965,0.009889194835894947
LAS-ATL,LAS,ATL,768,0.11754740503965877,0.23177083333333334,24.327793506284554,0.006363002056397298
SFO-PIT,SFO,PIT,111,0.11749998258577811,0.13513513513513514,20.364898922207118,0.004109965352056263
ONT-IAH,ONT,IAH,118,0.11747118625474179,0.1694915254237288,27.659110198586674,0.006778580677642136
STL-SLC,STL,SLC,182,0.11730567410915763,0.13736263736263737,30.836345117170733,0.0056442727043441
SLC-CVG,SLC,CVG,166,0.11722054992275066,0.1144578313253012,21.67153049377074,0.005462913508058564
MCI-ATL,MCI,ATL,569,0.11720871707336136,0.1687170474516696,22.491871612562235,0.00860480071706762
TPA-IAH,TPA,IAH,214,0.11713555698918406,0.19626168224299065,27.58177787121211,0.004750739921022345
CAE-ATL,CAE,ATL,305,0.11665259516630017,0.21311475409836064,28.08388789599059,0.008801772701628865
FAT-DEN,FAT,DEN,241,0.11647745254314291,0.15767634854771784,24.81606942489434,0.007112335693474414
SLC-SMF,SLC,SMF,400,0.11634733295999468,0.17,19.594859759807587,0.0065260066944002005
ABQ-LAX,ABQ,LAX,392,0.11634369398828368,0.12244897959183673,24.266210411276138,0.004973500357627184
TLH-ATL,TLH,ATL,366,0.1161378174918434,0.17486338797814208,24.548918747511067,0.006672180688008666
AVL-ATL,AVL,ATL,373,0.11613290440341104,0.1769436997319035,19.22992770218018,0.007452832760946425
OAK-OGG,OAK,OGG,121,0.11607334399518889,0.2396694214876033,17.183314894841722,0.007445828783035767
EAR-DEN,EAR,DEN,104,0.11599933807379924,0.16346153846153846,28.11057688639714,0.0036939521848510662
ORF-ATL,ORF,ATL,538,0.11574920385965184,0.2211895910780669,29.223154713230063,0.008171040435613942
RNO-PDX,RNO,PDX,113,0.11574698470335092,0.07964601769911504,24.119950083504737,0.00984316914696741
TXK-DFW,TXK,DFW,117,0.11555533072887322,0.20512820512820512,27.86455707060985,0.012276175649470238
LAS-CLT,LAS,CLT,354,0.11541666738731039,0.192090395480226,23.777961413065594,0.00734282107224012
MDT-ATL,MDT,ATL,192,0.11503812162360798,0.16666666666666666,44.395480781793594,0.011699174845125527
DFW-SPS,DFW,SPS,120,0.11500027223179737,0.24166666666666667,18.847891775767007,0.013676851934402203
SAV-CLT,SAV,CLT,295,0.11484771413823305,0.15254237288135594,25.744079004707984,0.012613416640056814
RDU-ATL,RDU,ATL,789,0.11459265648846542,0.16983523447401774,22.42992522719544,0.008975659130417516
SLC-RDM,SLC,RDM,122,0.11445404491463645,0.05737704918032787,18.084131295563743,0.0059503266190896265
LAX-PDX,LAX,PDX,704,0.11437797913624143,0.15482954545454544,26.361649708314374,0.004575746785783655
SAT-DTW,SAT,DTW,165,0.114252244116682,0.07272727272727272,25.64004485390403,0.005366315210093966
TYS-ATL,TYS,ATL,305,0.1139754153665949,0.1540983606557377,19.338420101853668,0.012762443393819614
MOB-ATL,MOB,ATL,149,0.11365443955631864,0.18791946308724833,35.30416256949405,0.007850044753913786
COS-ATL,COS,ATL,120,0.1136236038679878,0.125,42.37561655044556,0.008853986435646161
GEG-MSP,GEG,MSP,172,0.11344712030489085,0.0872093023255814,25.833137007646783,0.006662498444932476
SMF-HNL,SMF,HNL,120,0.11337496240933737,0.13333333333333333,27.911257100105285,0.003608842390841331
EUG-PDX,EUG,PDX,108,0.11337153268633066,0.09259259259259259,16.330798347791035,0.013416724426119967
SMF-SLC,SMF,SLC,399,0.11323043651748121,0.14285714285714285,17.510744456958054,0.0057403305186142705
GEG-SLC,GEG,SLC,295,0.11316646388021566,0.10847457627118644,20.520361664335606,0.00842328418221839
BRD-MSP,BRD,MSP,106,0.11308503825709505,0.08490566037735849,29.710517073577304,0.009436901746634042
IAD-SAT,IAD,SAT,114,0.11295393743274505,0.23684210526315788,22.074329259102804,0.004638621261907055
SLC-IAD,SLC,IAD,118,0.11264499939851842,0.22033898305084745,21.12762937707416,0.007721074252612581
GNV-ATL,GNV,ATL,288,0.11262448609340936,0.15625,25.16475404633416,0.008663525147990826
SMF-OGG,SMF,OGG,117,0.11245441685120265,0.08547008547008547,17.027212591252777,0.0066517273026729835
PSP-DEN,PSP,DEN,183,0.11235473714158183,0.16939890710382513,29.06424480709222,0.005487640302263848
IAD-CHS,IAD,CHS,120,0.11220610147962967,0.11666666666666667,18.1085209051768,0.00875262487641551
LAX-SLC,LAX,SLC,659,0.11209509310867971,0.15477996965098634,21.172982306328457,0.005456945156886769
SLC-DTW,SLC,DTW,299,0.1120752222262896,0.18394648829431437,22.178013316763682,0.004201526900388948
SRQ-EWR,SRQ,EWR,118,0.1120447440672729,0.2796610169491525,20.656765283164333,0.013149670241247923
MEM-ATL,MEM,ATL,622,0.11202489732019004,0.1945337620578778,27.783483057543396,0.007672121528350992
CLD-PHX,CLD,PHX,241,0.11188999761313323,0.1825726141078838,23.587734277812277,0.01028564223957816
RSW-IAH,RSW,IAH,113,0.11171511758481507,0.1504424778761062,25.45712697189466,0.005435515266614394
PIH-SLC,PIH,SLC,121,0.11151314151188559,0.08264462809917356,29.02706081611066,0.007531088157287561
RDU-DTW,RDU,DTW,224,0.1113675226390894,0.125,23.48960506916046,0.0063886554729517386
HPN-ATL,HPN,ATL,113,0.11135681857049992,0.20353982300884957,36.423696737373824,0.014662865865028511
SLC-SNA,SLC,SNA,291,0.11126526998183162,0.15807560137457044,23.1167313552804,0.006686442317154055
SLC-FCA,SLC,FCA,190,0.11115394826782377,0.12105263157894737,25.939014735974762,0.01030195625253806
GPT-ATL,GPT,ATL,228,0.11104946498546683,0.16666666666666666,24.83426503131264,0.009380334680819344
SLC-BUR,SLC,BUR,241,0.11101720803629808,0.07883817427385892,30.582399740258687,0.006353017139009947
LAX-MSP,LAX,MSP,401,0.1107485930428392,0.16957605985037408,21.31986529333633,0.0049743014682400106
SLC-SAT,SLC,SAT,175,0.11072322521890912,0.18285714285714286,22.3096456691197,0.004880926401487419
SJU-IAD,SJU,IAD,122,0.11057741469779953,0.06557377049180328,21.118171770064556,0.007370132533070005
PIT-JFK,PIT,JFK,282,0.1103919007888077,0.1524822695035461,20.606835821841624,0.014946265579735647
SLC-PDX,SLC,PDX,448,0.11028672393877059,0.12946428571428573,24.068505133901322,0.005049298343934364
SLC-PIH,SLC,PIH,121,0.10939996861968158,0.09917355371900827,27.388805972643134,0.004675900126799695
MAF-DAL,MAF,DAL,216,0.1093614976680665,0.1388888888888889,26.51509402030044,0.008585293692621317
ICT-ATL,ICT,ATL,195,0.1085188511472482,0.18461538461538463,14.36125216117272,0.012724769471678882
PDX-LAX,PDX,LAX,704,0.10826538405804471,0.13920454545454544,19.136975323612038,0.005028182484356657
MFR-SEA,MFR,SEA,251,0.10794348922739941,0.14741035856573706,28.236843147125853,0.005262528936053434
RDM-PHX,RDM,PHX,119,0.10788829324125242,0.10084033613445378,41.387810715106355,0.01082270124480744
SDF-IAD,SDF,IAD,121,0.10788760007905566,0.11570247933884298,20.73898455722273,0.011701689643754822
SAT-SLC,SAT,SLC,174,0.1078211010016244,0.14367816091954022,29.018620364967433,0.007158741998885359
BUR-PDX,BUR,PDX,180,0.10776660069823266,0.1,25.925279076894125,0.009481014732455651
JAN-CLT,JAN,CLT,144,0.10742350440058443,0.1875,31.591640949249268,0.014903654901948022
MLB-ATL,MLB,ATL,238,0.10692803589861934,0.21428571428571427,17.05882528349131,0.008434369969430835
RSW-ATL,RSW,ATL,420,0.10681309684933651,0.14285714285714285,27.707698236192975,0.008262023991321176
MCI-SLC,MCI,SLC,175,0.10674679860472679,0.12,22.531324201311385,0.007144126892089844
SLC-BIL,SLC,BIL,180,0.10650681898825698,0.17222222222222222,22.97325767940945,0.004802463010751775
SPS-DFW,SPS,DFW,121,0.10634687912365622,0.24793388429752067,32.96884383840009,0.013599434737726802
SMF-IAH,SMF,IAH,121,0.10600149391357563,0.15702479338842976,29.585246086120605,0.004315338116754924
SAT-ATL,SAT,ATL,477,0.10588077104316568,0.22012578616352202,25.601724792576437,0.0078043384498234095
PVD-ATL,PVD,ATL,225,0.10586393922567368,0.19111111111111112,23.087051535712348,0.01253017418363944
PDX-ATL,PDX,ATL,295,0.10519249156370002,0.2,21.495691850629903,0.006575577939236567
AUS-IAD,AUS,IAD,174,0.10514115242437384,0.1724137931034483,25.603222863427526,0.005797842946324476
CLL-DFW,CLL,DFW,174,0.10491769045762632,0.16666666666666666,17.324340442131305,0.013077483584101383
TUL-DAL,TUL,DAL,165,0.10435597575975186,0.21212121212121213,16.787973642349243,0.0066818560035843515
OGG-PHX,OGG,PHX,183,0.10422302872105374,0.09836065573770492,22.28797548846469,0.005375374154355682
OKC-IAH,OKC,IAH,181,0.10407171349005145,0.2265193370165746,22.31002692227864,0.009157542773819232
GEG-PDX,GEG,PDX,225,0.10405151142014397,0.24444444444444444,21.12359715355767,0.005821682083834377
SLC-ATL,SLC,ATL,481,0.10402364935145061,0.18503118503118504,16.47887440679475,0.006134778366456389
PDX-JFK,PDX,JFK,173,0.10292173620593341,0.13872832369942195,21.662412224477425,0.011839025964339575
SLC-MFR,SLC,MFR,122,0.10260021344560091,0.06557377049180328,31.638428383186216,0.003636408716508905
MAF-HOU,MAF,HOU,227,0.10247671079005438,0.22026431718061673,24.67641168123825,0.0051982567383033855
MYR-ATL,MYR,ATL,285,0.10243615596963648,0.18596491228070175,17.806304279126618,0.00981294484247036
ELP-ATL,ELP,ATL,116,0.10171663847848258,0.12931034482758622,29.26006983066427,0.015597526830705729
RNO-LAX,RNO,LAX,439,0.10146073740747903,0.14123006833712984,20.28871058766011,0.005335756275242784
OMA-SLC,OMA,SLC,157,0.10145874525521212,0.08280254777070063,22.099918553783635,0.00531671571256475
PVU-AZA,PVU,AZA,115,0.1013328720694003,0.11304347826086956,13.998385960122814,0.004704619652360805
VPS-ATL,VPS,ATL,441,0.10111131462481827,0.22675736961451248,28.443758949400888,0.009329147724137371
PIT-ATL,PIT,ATL,440,0.10095756741409952,0.12272727272727273,20.07743785164573,0.011624032903152207
LAX-RNO,LAX,RNO,439,0.10085084016067836,0.11161731207289294,25.363633268786455,0.005288464067066788
BMI-DFW,BMI,DFW,117,0.10067263516223329,0.1282051282051282,30.52584750835712,0.014707763984548945
TUL-ATL,TUL,ATL,270,0.1003612398273415,0.14444444444444443,26.330310259924996,0.009662638170361195
TRI-ATL,TRI,ATL,113,0.09986059420404181,0.19469026548672566,49.01481010639562,0.005768939726263413
SJC-SLC,SJC,SLC,331,0.09981824324840505,0.1148036253776435,21.49896501846544,0.007347199472904497
OKC-ATL,OKC,ATL,280,0.09930627101234027,0.16785714285714284,17.856593084335326,0.009868989435968424
OMA-ATL,OMA,ATL,295,0.09917027124408949,0.13559322033898305,21.89282660403494,0.009092111321926166
FCA-SLC,FCA,SLC,189,0.09858004843431806,0.08994708994708994,30.42434980503466,0.006312682661595509
BOI-MSP,BOI,MSP,168,0.09838222667929672,0.17261904761904762,17.64957296280634,0.01163791691446129
LAX-SBA,LAX,SBA,121,0.09806501637559292,0.1322314049586777,22.37052316113937,0.005163110665638338
SLC-IDA,SLC,IDA,242,0.0978886825301923,0.09504132231404959,23.394878068246133,0.003829895984860513
SNA-SLC,SNA,SLC,291,0.09764890920665256,0.14776632302405499,26.2924512194604,0.007296529582985486
LEX-ATL,LEX,ATL,389,0.0971989680972228,0.18508997429305912,26.989856626809715,0.010386973558035889
MSO-MSP,MSO,MSP,122,0.09719003712544676,0.09836065573770492,25.07056016609317,0.004960437491345296
RHI-MSP,RHI,MSP,122,0.09715713981966503,0.11475409836065574,36.490155235665746,0.01399805876197385
RNO-SLC,RNO,SLC,231,0.09691079728531116,0.07792207792207792,23.614130907760554,0.006807894373385163
FAT-LAX,FAT,LAX,174,0.09588754999226537,0.23563218390804597,16.863714026308607,0.006193113958880562
BOI-PDX,BOI,PDX,115,0.09529713055361873,0.11304347826086956,16.50634592305059,0.00793126371446187
SLC-ONT,SLC,ONT,229,0.09502126035731953,0.10480349344978165,28.912131680151262,0.00504242648232289
SLC-RNO,SLC,RNO,231,0.09496218512778158,0.12121212121212122,24.66406183944636,0.004484172153500316
SLC-BZN,SLC,BZN,235,0.0949581595177346,0.11063829787234042,20.94442564781676,0.0049358616712727125
GSO-ATL,GSO,ATL,484,0.09481568191169708,0.1652892561983471,27.0021956695998,0.013547121612204291
ABR-MSP,ABR,MSP,121,0.09454762701653252,0.1322314049586777,21.069505857042046,0.007421340745660003
ABQ-SLC,ABQ,SLC,236,0.09371551520869893,0.059322033898305086,21.405011799375888,0.00592860277008139
PSC-SEA,PSC,SEA,189,0.09366610934021612,0.1164021164021164,26.071628943952934,0.003649631390722577
FAT-PDX,FAT,PDX,112,0.09365645842626691,0.125,17.319898818220413,0.008193812441147332
ELP-ORD,ELP,ORD,117,0.09364406121337515,0.1111111111111111,43.832748217460434,0.007783689749900435
PDX-SLC,PDX,SLC,446,0.09347423678890472,0.12780269058295965,18.741119956221816,0.0069964817336218045
SDF-ATL,SDF,ATL,471,0.09312764507759909,0.14012738853503184,18.696606913443077,0.009923213607134657
GSP-BWI,GSP,BWI,120,0.09308425436417261,0.175,18.62127612431844,0.009036657366077186
TUS-SLC,TUS,SLC,181,0.09284683837663403,0.10497237569060773,22.154848657260285,0.004545008222531568
LGB-SLC,LGB,SLC,266,0.09283810788135331,0.13533834586466165,25.23182056900254,0.00640420106894992
SLC-MSO,SLC,MSO,182,0.09260219579132703,0.07692307692307693,19.730071120209747,0.004856414711716902
EUG-SLC,EUG,SLC,161,0.09234463437373594,0.09316770186335403,15.300172428166643,0.010376446727107956
HSV-ATL,HSV,ATL,418,0.09214165302341064,0.15311004784688995,19.441030431592292,0.010938424298613915
GSP-ATL,GSP,ATL,496,0.09184312783632308,0.14112903225806453,25.409167166679136,0.009229509615805
IDA-SLC,IDA,SLC,242,0.09180430399854321,0.07024793388429752,17.277518952188412,0.006109247957605393
OKC-SLC,OKC,SLC,122,0.09170255602383223,0.05737704918032787,20.001172675461067,0.007486150073284497
PDX-MSP,PDX,MSP,339,0.09069874188189661,0.12094395280235988,17.90451443371168,0.006962243347420593
PSE-MCO,PSE,MCO,121,0.0905923895106828,0.049586776859504134,20.487451348422972,0.008700593187269278
SBA-SLC,SBA,SLC,183,0.0904161989526019,0.03825136612021858,18.95558284801212,0.01028698115339859
RDM-SLC,RDM,SLC,121,0.08999244357682457,0.0743801652892562,33.15378964636937,0.012241969030106166
ONT-HNL,ONT,HNL,119,0.08985622559024506,0.15126050420168066,26.83334858677968,0.005099125929419421
SLC-SUN,SLC,SUN,181,0.08981583819040277,0.08839779005524862,22.371376511800356,0.00393635847687192
DSM-ATL,DSM,ATL,220,0.08932626342231577,0.14545454545454545,24.162516004388984,0.00986336920734333
BOI-SLC,BOI,SLC,292,0.08875030686134754,0.10273972602739725,17.364256092946825,0.007396957815807262
BZN-SLC,BZN,SLC,237,0.08842645848036315,0.10970464135021098,17.759031162986272,0.00572764212933648
CHS-ATL,CHS,ATL,564,0.08810862802391779,0.1595744680851064,16.181986029266465,0.01032925453940667
COS-SLC,COS,SLC,121,0.08803218393778998,0.09090909090909091,27.744759488696893,0.0062223875795083105
ONT-SLC,ONT,SLC,229,0.08799771557858937,0.06550218340611354,20.38948435137886,0.007487106041405268
DAB-ATL,DAB,ATL,240,0.0879470501250277,0.17916666666666667,22.272740666071574,0.010060263230415529
MSN-ATL,MSN,ATL,171,0.08788047848563445,0.1286549707602339,23.772280865942527,0.008201026150158473
SUN-SLC,SUN,SLC,182,0.08737883894898735,0.09340659340659341,21.23012438449231,0.005278941966552552
MRY-DEN,MRY,DEN,119,0.08685892845402245,0.11764705882352941,33.137234182918775,0.004401834816325548
TUS-ATL,TUS,ATL,122,0.08684032593594222,0.10655737704918032,22.52771821569224,0.013613103827858557
SLC-SBA,SLC,SBA,183,0.08646298142893066,0.07103825136612021,18.959063566447607,0.004106779249456248
CLE-IAH,CLE,IAH,175,0.08587591213839395,0.12,28.562286180768695,0.004846078343689442
BUR-SLC,BUR,SLC,240,0.08563550491817296,0.058333333333333334,21.406465629736584,0.009054123758807901
ONT-ATL,ONT,ATL,159,0.08559875183229176,0.12578616352201258,22.48602591820483,0.010879360632749186
LIT-ATL,LIT,ATL,388,0.08537788531675782,0.11855670103092783,24.48643749767972,0.011678434528570359
SLC-PSC,SLC,PSC,236,0.08450253333075572,0.09745762711864407,16.94161282959631,0.003968763709762844
SBA-LAX,SBA,LAX,121,0.08446499680684617,0.12396694214876033,17.9521688035697,0.007296728101089473
SLC-OMA,SLC,OMA,157,0.08326329219682961,0.15286624203821655,19.733780223093216,0.0035864814645846527
SLC-COS,SLC,COS,121,0.08307707525235562,0.09090909090909091,15.874866217621102,0.0037332274729755424
ORF-IAD,ORF,IAD,121,0.08263302468194449,0.09917355371900827,17.907005814481373,0.009885759184472874
PSP-SLC,PSP,SLC,181,0.08221994949638514,0.049723756906077346,20.399616900069937,0.005274342526528207
OAK-SLC,OAK,SLC,244,0.08114575329007673,0.14344262295081966,11.525603513248631,0.004056537915097519
ABQ-ATL,ABQ,ATL,170,0.08111778914051897,0.12352941176470589,16.445741339290844,0.01002117923593947
LGB-HNL,LGB,HNL,121,0.0807524954607664,0.04132231404958678,26.553268905513544,0.003193632268239973
SLC-OAK,SLC,OAK,244,0.0802915446826669,0.0860655737704918,18.253728135687407,0.004033249449824579
BOI-LAX,BOI,LAX,249,0.07867948625640697,0.060240963855421686,13.453052989929077,0.003392651320872716
BHM-ATL,BHM,ATL,605,0.07799374839860546,0.1834710743801653,24.457891204140402,0.009130007154865847
OMA-IAH,OMA,IAH,138,0.07722263391791047,0.1956521739130435,20.45967045383177,0.005509802482841309
PNS-ATL,PNS,ATL,507,0.0771345546068642,0.15976331360946747,22.622502757717637,0.010897556454676804
SLC-ABQ,SLC,ABQ,236,0.07676379758296377,0.09322033898305085,20.709605039176296,0.00505403983525111
SMF-ATL,SMF,ATL,174,0.0765856081384352,0.09195402298850575,15.988847277630335,0.0082700963451394
DAY-ATL,DAY,ATL,220,0.07641023006290197,0.16818181818181818,29.325824494795366,0.00983002798763656
JAN-ATL,JAN,ATL,310,0.07616137109937206,0.11290322580645161,19.79202127456665,0.011641561415386182
SAV-ATL,SAV,ATL,554,0.07602101833381378,0.18772563176895307,24.76760202538666,0.010264549373008363
GJT-SLC,GJT,SLC,106,0.07555769643974754,0.0660377358490566,15.249777227077844,0.006876705798654343
SLC-TUS,SLC,TUS,182,0.07538888011905519,0.04945054945054945,15.024209609398476,0.0030785599412591004
PSC-DEN,PSC,DEN,117,0.07524912396812031,0.05982905982905983,31.281033638196114,0.0036510286510206204
MCI-IAH,MCI,IAH,122,0.07516825779295358,0.13934426229508196,16.527986682829308,0.0053665771265514195
RIC-ATL,RIC,ATL,451,0.07406841696729417,0.17960088691796008,20.09538698936513,0.009033021667635003
BIL-SLC,BIL,SLC,179,0.07265569026160507,0.061452513966480445,13.082311624921234,0.008528526199490323
MSO-SLC,MSO,SLC,181,0.0716908318891051,0.04419889502762431,15.194705752378011,0.007541589410770889
SLC-PSP,SLC,PSP,182,0.07096608412953523,0.04395604395604396,16.432444064171758,0.007219971062943011
SJC-MSP,SJC,MSP,113,0.07055589233615757,0.07964601769911504,16.461218508998904,0.007715367646724509
GTF-SLC,GTF,SLC,182,0.07049096471906363,0.027472527472527472,22.289697513475524,0.007486485125200188
SLC-TWF,SLC,TWF,168,0.07001863466575742,0.08333333333333333,14.284858408428374,0.0033970443903291155
SJC-OGG,SJC,OGG,102,0.06961264527019333,0.049019607843137254,9.848064366508932,0.004407643585791359
SNA-PDX,SNA,PDX,240,0.06903330171480775,0.07083333333333333,18.026260483264924,0.008693819336160338
SMF-MSP,SMF,MSP,121,0.06875926231549791,0.06611570247933884,13.139514607831467,0.006136035719840241
SJC-ATL,SJC,ATL,171,0.06839678525837542,0.11695906432748537,14.192659244202732,0.008566389425790735
SLC-OKC,SLC,OKC,121,0.06837700178061636,0.17355371900826447,15.706244839124443,0.006109308783484042
SAT-IAD,SAT,IAD,114,0.0681542698947484,0.09649122807017543,13.506081832082648,0.007333777473193773
SLC-EUG,SLC,EUG,161,0.06796550294904975,0.08695652173913043,11.602260287504018,0.003805762178536435
MFR-SLC,MFR,SLC,122,0.06554815765531337,0.10655737704918032,21.813581583929842,0.005292165869862208
TWF-SLC,TWF,SLC,168,0.06549454107880592,0.05952380952380952,15.038698139644804,0.0050867811383102975
SGU-SLC,SGU,SLC,275,0.06533768411387096,0.07636363636363637,11.917304248809815,0.003763821476393125
FAT-SLC,FAT,SLC,234,0.06532053248240398,0.06837606837606838,13.309163191379644,0.00916522383784591
PSC-SLC,PSC,SLC,235,0.06456163793485216,0.03829787234042553,22.922059266110683,0.004942924243997846
CDC-SLC,CDC,SLC,105,0.06356285718225298,0.05714285714285714,15.266799472627186,0.005180082327844399
SLC-SGU,SLC,SGU,272,0.06314901177607038,0.1323529411764706,16.13967340483385,0.004846339221470631
SLC-GTF,SLC,GTF,182,0.06267529347358824,0.038461538461538464,20.62580671415224,0.003784754644224809
SLC-FAT,SLC,FAT,236,0.061417480046718806,0.08050847457627118,9.24855357105449,0.005479335127856141
HLN-SLC,HLN,SLC,122,0.056866893728004124,0.08196721311475409,8.043248012417653,0.00519396607443446
SLC-HLN,SLC,HLN,122,0.05637408191429787,0.09016393442622951,6.809313789742892,0.00308615663642308
SLC-CDC,SLC,CDC,106,0.054198181326940376,0.07547169811320754,9.453075647354126,0.0032820897253739807
SLC-GJT,SLC,GJT,106,0.049824423033673806,0.10377358490566038,8.371377926952434,0.0030043661025493354
