route,origin,dest,distance_mi,scheduled_flights,carriers,on_time_pct,avg_arr_delay_min,p90_arr_delay_min,cancellation_rate_pct,log_flights,segment_id,segment,pc1,pc2
LNK-ORD,LNK,ORD,466.0,1585,1,75.23,17.83,71.0,3.344,3.2000292665537704,1,"Thin route - long delay tail, high average delay",1.9257040243252361,-0.7656912052566482
HLN-DEN,HLN,DEN,594.0,814,1,82.21,6.38,55.0,0.491,2.910624404889201,2,"Thin route - reliable, short delay tail",-0.6025632156650805,-0.810121617781798
SFO-OMA,SFO,OMA,1433.0,369,2,71.43,10.51,60.4,0.813,2.56702636615906,1,"Thin route - long delay tail, high average delay",0.5993721810114497,-1.4290505372703486
ASE-DEN,ASE,DEN,125.0,2725,1,76.26,13.9,86.0,4.991,3.4353665066126613,1,"Thin route - long delay tail, high average delay",2.504300356418671,-0.3098725480392981
DEN-BOI,DEN,BOI,649.0,3037,4,76.85,7.18,39.0,0.099,3.4824447919182653,0,"Trunk route - multi-carrier, unreliable",-0.001041760804106871,1.795629888118623
ASE-LAX,ASE,LAX,737.0,1235,1,72.58,20.07,96.6,6.802,3.0916669575956846,1,"Thin route - long delay tail, high average delay",3.669752170841376,-1.3831505880951303
LAX-BOI,LAX,BOI,674.0,1375,2,89.43,-7.27,16.9,0.073,3.1383026981662816,2,"Thin route - reliable, short delay tail",-2.9638570467879033,0.8076342315476529
DRO-DEN,DRO,DEN,251.0,2187,2,82.59,3.53,41.0,1.097,3.339848783037637,2,"Thin route - reliable, short delay tail",-0.6866323877039434,0.7142163486083606
XWA-DEN,XWA,DEN,582.0,1371,1,76.64,14.11,68.0,1.313,3.1370374547895126,1,"Thin route - long delay tail, high average delay",0.9740873309803232,-0.7185353359580113
DEN-BZN,DEN,BZN,524.0,2721,3,78.89,5.82,39.2,0.294,3.4347285417797577,0,"Trunk route - multi-carrier, unreliable",-0.3420709084015168,1.2875183896744966
SHV-IAH,SHV,IAH,192.0,1201,1,76.6,13.23,48.3,0.999,3.079543007402906,2,"Thin route - reliable, short delay tail",0.36460626283759145,-0.6453223952431714
ORD-ICT,ORD,ICT,588.0,2189,5,66.96,18.44,79.6,2.65,3.3402457615679317,0,"Trunk route - multi-carrier, unreliable",3.2802092676675243,1.2244190649354347
DEN-FAT,DEN,FAT,844.0,1452,3,80.98,3.04,32.0,0.069,3.161966616364075,2,"Thin route - reliable, short delay tail",-1.0920653312513195,0.8541857381874712
ORD-BIL,ORD,BIL,1060.0,316,2,88.5,-4.86,16.0,0.316,2.499687082618404,2,"Thin route - reliable, short delay tail",-3.011026166994124,-0.5977962732938139
ILM-ORD,ILM,ORD,760.0,542,4,79.55,9.65,44.6,2.214,2.733999286538387,0,"Trunk route - multi-carrier, unreliable",0.2795191961639129,0.15003388279369445
FCA-DEN,FCA,DEN,752.0,1010,2,84.78,1.81,31.0,0.99,3.0043213737826426,2,"Thin route - reliable, short delay tail",-1.4730608999994192,0.13322911961310305
PSP-DEN,PSP,DEN,776.0,2027,4,82.26,4.08,35.0,0.789,3.3068537486930087,0,"Trunk route - multi-carrier, unreliable",-0.6642198918783948,1.5933408717875146
DEN-GJT,DEN,GJT,212.0,2256,2,79.76,6.48,44.0,1.152,3.3533390953113047,2,"Thin route - reliable, short delay tail",-0.16539801368104604,0.6111922829600036
CAK-ORD,CAK,ORD,344.0,2026,3,73.3,20.62,104.0,5.38,3.3066394410242617,1,"Thin route - long delay tail, high average delay",3.951696891363474,0.04036913801940768
PHX-BOI,PHX,BOI,735.0,2015,5,80.54,4.33,34.0,0.347,3.3042750504771283,0,"Trunk route - multi-carrier, unreliable",-0.4944988166980927,2.053453594465443
MKE-ORD,MKE,ORD,67.0,5268,4,68.47,21.94,91.0,4.48,3.7216457662897464,1,"Thin route - long delay tail, high average delay",4.214216833931315,1.3904781826991548
SBP-PHX,SBP,PHX,509.0,1258,3,81.93,16.76,36.0,0.954,3.09968064110925,0,"Trunk route - multi-carrier, unreliable",0.09961380440944541,0.43500472560736886
AEX-DFW,AEX,DFW,285.0,1045,2,83.23,4.3,34.0,3.923,3.019116290447073,2,"Thin route - reliable, short delay tail",-0.348653305656755,0.0100847820815667
FSD-ORD,FSD,ORD,462.0,1801,5,68.89,20.97,91.0,3.776,3.2555137128195333,1,"Thin route - long delay tail, high average delay",3.849360300967646,0.9324717236568597
PHX-OKC,PHX,OKC,833.0,1837,4,76.21,8.85,46.0,0.925,3.2641091563058082,0,"Trunk route - multi-carrier, unreliable",0.42096809632758003,1.2154500089353306
DFW-SHV,DFW,SHV,190.0,2125,3,75.84,11.72,60.0,3.718,3.3273589343863303,0,"Trunk route - multi-carrier, unreliable",1.642145598797886,0.6715371774677301
MSN-ORD,MSN,ORD,108.0,4103,5,72.65,17.33,69.0,3.875,3.6131015169669127,0,"Trunk route - multi-carrier, unreliable",2.953133732166736,1.9803321207783118
ORD-MSN,ORD,MSN,108.0,4103,5,72.0,16.12,67.0,3.778,3.6131015169669127,0,"Trunk route - multi-carrier, unreliable",2.8464498883145612,2.0098213014599517
FNT-ORD,FNT,ORD,223.0,1918,1,66.67,33.05,112.0,4.223,3.282848602834645,1,"Thin route - long delay tail, high average delay",4.97121908109098,-1.3474939039618865
ORD-MHK,ORD,MHK,501.0,572,2,67.88,26.35,88.0,4.021,2.7573960287930244,1,"Thin route - long delay tail, high average delay",3.636007285471446,-1.6398486980774036
ORD-FNT,ORD,FNT,223.0,1918,1,64.94,29.24,108.7,4.327,3.282848602834645,1,"Thin route - long delay tail, high average delay",4.784481329406015,-1.2818215798798038
DFW-SBN,DFW,SBN,846.0,984,2,73.83,13.53,70.8,1.829,2.9929950984313414,1,"Thin route - long delay tail, high average delay",1.388939103183147,-0.6304734012192947
BOI-PHX,BOI,PHX,735.0,2014,5,83.61,3.12,31.0,0.397,3.3040594662175993,0,"Trunk route - multi-carrier, unreliable",-0.8810706448363025,2.1521736174438044
ORD-BTV,ORD,BTV,763.0,1248,4,69.76,17.59,66.0,2.003,3.0962145853464054,1,"Thin route - long delay tail, high average delay",2.230867689245383,0.41305902446377196
TVC-ORD,TVC,ORD,224.0,2768,5,71.37,21.96,88.0,5.166,3.44216608578472,1,"Thin route - long delay tail, high average delay",4.0781235607298365,1.3350370420644864
ORD-STL,ORD,STL,258.0,3090,5,72.07,14.25,65.0,2.945,3.4899584794248346,0,"Trunk route - multi-carrier, unreliable",2.397056053373227,1.8248676918969409
LEX-ORD,LEX,ORD,323.0,1710,3,73.4,18.33,78.0,3.158,3.2329961103921536,1,"Thin route - long delay tail, high average delay",2.5642730153655555,0.18432886328670367
STL-ORD,STL,ORD,258.0,3090,5,72.64,19.04,70.0,3.56,3.4899584794248346,0,"Trunk route - multi-carrier, unreliable",2.9504528921325326,1.6842055132996503
BTV-ORD,BTV,ORD,763.0,1248,4,68.06,24.69,68.0,1.923,3.0962145853464054,1,"Thin route - long delay tail, high average delay",2.875954310469307,0.22568329449510377
LAX-AUS,LAX,AUS,1242.0,4077,6,77.9,6.7,43.0,0.662,3.6103407114521566,0,"Trunk route - multi-carrier, unreliable",0.3630973858152518,2.9502653424629925
CRP-DFW,CRP,DFW,355.0,2512,3,81.39,8.59,43.0,2.906,3.4000196350651586,0,"Trunk route - multi-carrier, unreliable",0.36840210462356504,1.1116396573646528
ORD-CMH,ORD,CMH,296.0,4933,6,74.62,11.43,63.0,2.777,3.693111115462141,0,"Trunk route - multi-carrier, unreliable",2.135333154191258,2.8382743833681414
MCI-ORD,MCI,ORD,403.0,4197,6,75.73,16.74,67.0,2.859,3.62293896921149,0,"Trunk route - multi-carrier, unreliable",2.487886121075832,2.5679462580796426
CLE-ORD,CLE,ORD,316.0,4867,5,75.39,12.63,56.0,3.472,3.687261346243506,0,"Trunk route - multi-carrier, unreliable",1.984185262310076,2.361580811082159
ORD-CLE,ORD,CLE,316.0,4867,5,71.25,16.05,71.0,3.103,3.687261346243506,0,"Trunk route - multi-carrier, unreliable",2.845629571649546,2.1268736305685567
ORD-SGF,ORD,SGF,438.0,1466,2,76.01,6.77,57.4,2.865,3.166133970305109,0,"Trunk route - multi-carrier, unreliable",0.7830028363814123,-0.00751448516910898
LAX-DEN,LAX,DEN,862.0,7708,5,81.95,2.87,36.0,0.454,3.8869417059834155,0,"Trunk route - multi-carrier, unreliable",-0.41417149288412,3.2743083700850177
CLT-BHM,CLT,BHM,350.0,1757,4,82.34,2.98,38.0,1.594,3.244771761495295,0,"Trunk route - multi-carrier, unreliable",-0.4364209920947704,1.4790980812215615
LAX-OKC,LAX,OKC,1187.0,929,2,86.7,-0.02,22.4,0.861,2.968015713993642,2,"Thin route - reliable, short delay tail",-2.0852932796517885,0.1584186619659035
DFW-DRO,DFW,DRO,674.0,1373,2,76.92,6.99,55.2,2.258,3.137670537236755,2,"Thin route - reliable, short delay tail",0.4805404134281691,-0.03890121619083041
SPI-ORD,SPI,ORD,174.0,707,2,81.41,5.98,57.0,3.395,2.8494194137968996,2,"Thin route - reliable, short delay tail",0.34103451541351976,-0.5340920855995741
CLL-DFW,CLL,DFW,164.0,1213,2,85.2,4.3,32.5,2.968,3.083860800866573,2,"Thin route - reliable, short delay tail",-0.7160428765842799,0.22785280844239353
DFW-FLG,DFW,FLG,853.0,435,2,74.7,16.88,69.0,3.448,2.6384892569546374,1,"Thin route - long delay tail, high average delay",1.7328729026518686,-1.4476567345524007
SFO-PHX,SFO,PHX,651.0,4690,5,73.9,12.81,54.0,0.768,3.6711728427150834,0,"Trunk route - multi-carrier, unreliable",1.3746604101509743,2.3688521564468012
ORD-DTW,ORD,DTW,235.0,5953,7,71.81,16.71,75.0,3.242,3.774735882551753,0,"Trunk route - multi-carrier, unreliable",3.317949963118354,3.2336366667801357
GRK-DFW,GRK,DFW,134.0,1907,2,81.07,6.9,43.4,4.51,3.280350693046006,2,"Thin route - reliable, short delay tail",0.5047893759156603,0.3826502690383421
ELP-ORD,ELP,ORD,1236.0,727,5,83.83,1.55,28.0,1.788,2.8615344108590377,2,"Thin route - reliable, short delay tail",-1.0169112645593623,1.2196243304210512
ORD-PWM,ORD,PWM,900.0,1494,4,74.62,9.8,52.0,2.61,3.1743505974793798,0,"Trunk route - multi-carrier, unreliable",1.1091697304901151,0.88520648839735
DFW-ACT,DFW,ACT,90.0,1073,2,80.7,6.18,38.0,3.914,3.030599721965951,2,"Thin route - reliable, short delay tail",0.11279510548266153,-0.0619272757653895
SEA-PHX,SEA,PHX,1107.0,7225,7,78.74,5.1,36.0,0.706,3.8588378514285853,0,"Trunk route - multi-carrier, unreliable",0.27829690685829117,4.041285817552736
PHX-DRO,PHX,DRO,352.0,991,1,79.94,9.98,48.4,0.404,2.9960736544852753,2,"Thin route - reliable, short delay tail",-0.30608283512634454,-0.6837972763848496
RST-ORD,RST,ORD,268.0,1057,2,66.8,25.5,92.5,4.73,3.024074987307426,1,"Thin route - long delay tail, high average delay",4.087093106475274,-1.1300815656978038
ROW-DFW,ROW,DFW,435.0,827,2,83.62,8.19,40.0,2.418,2.9175055095525466,2,"Thin route - reliable, short delay tail",-0.3692887581898906,-0.2759815018984488
ORD-LEX,ORD,LEX,323.0,1709,3,70.75,20.05,73.0,3.218,3.232742062720737,1,"Thin route - long delay tail, high average delay",2.766906724766794,0.13222772558422538
PHX-ONT,PHX,ONT,325.0,3027,4,77.16,7.43,43.0,0.496,3.481012420956573,0,"Trunk route - multi-carrier, unreliable",0.24011483268235495,1.7798178629243493
BOI-SEA,BOI,SEA,399.0,3761,2,85.23,-2.49,26.0,0.372,3.575303333422399,2,"Thin route - reliable, short delay tail",-1.7907596319410624,1.4790496055396782
GEG-SEA,GEG,SEA,224.0,5024,3,85.97,-0.1,23.0,1.035,3.70104963072914,2,"Thin route - reliable, short delay tail",-1.3921080284043343,2.1922718557969514
SEA-GEG,SEA,GEG,224.0,5062,3,83.13,1.25,30.0,0.968,3.7043221408222355,0,"Trunk route - multi-carrier, unreliable",-0.9109904536878356,2.0747220161786206
SAN-MRY,SAN,MRY,375.0,540,1,79.26,1.19,30.0,4.074,2.7323937598229686,2,"Thin route - reliable, short delay tail",-0.5934074877384934,-1.0478607305804715
GEG-PDX,GEG,PDX,279.0,1028,2,86.06,1.12,24.0,0.875,3.011993114659257,2,"Thin route - reliable, short delay tail",-1.751540931466154,0.27481928554092167
SEA-EUG,SEA,EUG,234.0,1930,2,84.77,0.93,25.0,1.295,3.285557309007774,2,"Thin route - reliable, short delay tail",-1.4259560206191124,0.79886060224784
JAC-SFO,JAC,SFO,737.0,343,2,58.46,24.59,80.8,1.458,2.5352941200427703,1,"Thin route - long delay tail, high average delay",3.337571901336629,-2.1197824207918345
PSP-SFO,PSP,SFO,421.0,2566,4,63.24,19.35,75.0,0.857,3.4092566520389096,0,"Trunk route - multi-carrier, unreliable",3.0045753984630954,0.9016797071042766
SFO-RDM,SFO,RDM,462.0,1304,2,76.8,7.75,50.0,0.997,3.1152775913959014,2,"Thin route - reliable, short delay tail",0.13760713238807762,-0.011242614589532731
SAN-STS,SAN,STS,508.0,1014,2,78.27,0.61,41.0,3.452,3.0060379549973173,2,"Thin route - reliable, short delay tail",-0.17935230795730112,-0.08132494403316022
SBA-SEA,SBA,SEA,908.0,363,2,79.17,2.59,38.2,0.826,2.5599066250361124,2,"Thin route - reliable, short delay tail",-1.0355463561261025,-0.9497902988563817
SEA-FAT,SEA,FAT,748.0,925,2,83.19,1.74,29.0,0.865,2.9661417327390325,2,"Thin route - reliable, short delay tail",-1.4510872410400277,0.04535321752996485
EUG-PDX,EUG,PDX,105.0,579,1,90.72,-1.91,13.0,1.382,2.762678563727436,2,"Thin route - reliable, short delay tail",-2.70326492219178,-0.49444961925679265
PDX-RNO,PDX,RNO,444.0,310,2,91.91,-4.07,9.2,0.0,2.4913616938342726,2,"Thin route - reliable, short delay tail",-3.378801449635945,-0.4642672502956783
SEA-SMF,SEA,SMF,605.0,4381,3,82.04,1.74,29.0,0.365,3.6415732531781755,0,"Trunk route - multi-carrier, unreliable",-1.0447720518539576,1.911546708013571
PDX-SMF,PDX,SMF,479.0,1966,3,82.18,3.69,33.0,0.254,3.2935835134961167,2,"Thin route - reliable, short delay tail",-0.9616048642082339,1.1486535443544543
BUR-SFO,BUR,SFO,326.0,3066,3,62.19,18.4,82.0,1.207,3.4865721505183562,1,"Thin route - long delay tail, high average delay",3.189880643502244,0.531930111628625
SFO-PSP,SFO,PSP,421.0,2547,4,75.71,10.98,61.0,1.021,3.406028944963615,0,"Trunk route - multi-carrier, unreliable",1.143199999357029,1.3821156985894836
SLC-PDX,SLC,PDX,630.0,2375,4,88.59,-3.08,18.0,1.137,3.3756636139608855,2,"Thin route - reliable, short delay tail",-1.9545668220105572,2.111060201873729
PDX-SJC,PDX,SJC,569.0,1672,3,82.05,3.67,32.0,0.239,3.2232362731029975,2,"Thin route - reliable, short delay tail",-1.0249250303257487,1.0027569900078275
PDX-STS,PDX,STS,489.0,640,2,84.32,1.01,28.6,0.469,2.806179973983887,2,"Thin route - reliable, short delay tail",-1.7117432538763515,-0.21075155410488705
SEA-SBA,SEA,SBA,908.0,363,2,82.17,3.96,29.0,0.826,2.5599066250361124,2,"Thin route - reliable, short delay tail",-1.417584512750066,-0.8615071519623767
STS-SEA,STS,SEA,618.0,463,2,76.59,4.6,39.0,1.296,2.6655809910179533,2,"Thin route - reliable, short delay tail",-0.482935785939282,-0.8184305469242095
BOI-SJC,BOI,SJC,523.0,658,2,85.84,0.04,23.0,0.152,2.8182258936139557,2,"Thin route - reliable, short delay tail",-2.116295693479189,-0.09378143420834262
PSP-PDX,PSP,PDX,873.0,737,2,94.34,-8.98,7.0,1.764,2.8674674878590514,2,"Thin route - reliable, short delay tail",-3.468291878567464,0.37564006433037744
SJC-SAN,SJC,SAN,417.0,4986,4,70.69,10.86,46.0,1.003,3.6977522741677546,0,"Trunk route - multi-carrier, unreliable",1.2388731727983815,1.9922234087096646
SEA-RDM,SEA,RDM,228.0,1907,2,84.87,-1.66,23.1,1.678,3.280350693046006,2,"Thin route - reliable, short delay tail",-1.5714031828079247,0.8444498629996959
SEA-OAK,SEA,OAK,672.0,1895,3,74.02,7.81,42.0,0.686,3.2776092143040914,0,"Trunk route - multi-carrier, unreliable",0.24718521559434922,0.7939295743254957
SEA-RNO,SEA,RNO,564.0,902,2,78.7,3.98,35.0,0.998,2.9552065375419416,2,"Thin route - reliable, short delay tail",-0.7389770338070424,-0.1342532430794314
BOI-LAX,BOI,LAX,674.0,1373,2,92.85,-5.73,11.0,0.218,3.137670537236755,2,"Thin route - reliable, short delay tail",-3.2465312901474586,0.8720356297673197
PSC-SLC,PSC,SLC,521.0,1178,2,93.79,-5.24,5.0,0.17,3.0711452904510828,2,"Thin route - reliable, short delay tail",-3.457474030894113,0.7970342301173885
LAS-SNA,LAS,SNA,226.0,4150,4,81.86,2.31,31.0,0.651,3.6180480967120925,0,"Trunk route - multi-carrier, unreliable",-0.6796415082834673,2.3343433595009446
PHX-LAX,PHX,LAX,370.0,7606,7,82.08,3.45,33.0,0.631,3.8811563210755637,0,"Trunk route - multi-carrier, unreliable",-0.06152575405158976,4.262861928423286
SLC-SUN,SLC,SUN,222.0,1078,1,93.22,-8.26,6.9,0.742,3.03261876085072,2,"Thin route - reliable, short delay tail",-3.5457583772875663,0.2851080312147189
RDM-SLC,RDM,SLC,525.0,729,1,91.27,-1.06,12.0,0.823,2.8627275283179747,2,"Thin route - reliable, short delay tail",-2.871047575142505,-0.3066018417678166
SJC-SLC,SJC,SLC,584.0,1801,3,92.08,-7.34,9.0,0.444,3.2555137128195333,2,"Thin route - reliable, short delay tail",-3.0925118328600227,1.623768884331378
DTW-ATW,DTW,ATW,296.0,1069,2,76.22,13.39,84.4,1.403,3.028977705208778,1,"Thin route - long delay tail, high average delay",1.5572091669355972,-0.5448675206992097
MSP-AUS,MSP,AUS,1042.0,1675,3,79.19,1.6,40.8,0.716,3.224014811372864,2,"Thin route - reliable, short delay tail",-0.6763452508802685,0.8829665248681672
SDF-DTW,SDF,DTW,306.0,1128,4,82.92,10.82,45.0,0.887,3.0523090996473234,0,"Trunk route - multi-carrier, unreliable",0.00056676896024371,0.9135164512133747
LWS-SLC,LWS,SLC,461.0,365,1,92.88,-2.78,6.0,0.0,2.5622928644564746,2,"Thin route - reliable, short delay tail",-3.5686348961042107,-0.7857408649854005
GEG-LAX,GEG,LAX,945.0,878,3,90.84,-3.99,13.0,0.569,2.9434945159061026,2,"Thin route - reliable, short delay tail",-2.8169699635853314,0.8344375796384159
CVG-MSP,CVG,MSP,596.0,827,2,86.46,1.2,23.0,0.846,2.9175055095525466,2,"Thin route - reliable, short delay tail",-1.8979496384594507,0.06938116372849834
PSP-SLC,PSP,SLC,541.0,1078,2,92.92,-5.96,7.0,0.371,3.03261876085072,2,"Thin route - reliable, short delay tail",-3.358123184902559,0.6958461285060608
ATL-SBN,ATL,SBN,566.0,1029,2,73.98,21.28,86.0,1.944,3.012415374762433,1,"Thin route - long delay tail, high average delay",2.380667117492229,-0.8303776145213743
SBN-ATL,SBN,ATL,566.0,1029,2,76.42,19.4,70.0,2.138,3.012415374762433,1,"Thin route - long delay tail, high average delay",1.6877343402406166,-0.6459151255693518
XNA-SLC,XNA,SLC,1004.0,362,1,89.44,-2.13,16.0,0.552,2.558708570533166,2,"Thin route - reliable, short delay tail",-2.955449895079025,-0.9967570373825618
SNA-LAS,SNA,LAS,226.0,4146,4,83.14,2.41,33.0,0.603,3.617629297757842,0,"Trunk route - multi-carrier, unreliable",-0.7302232586788003,2.342705813054509
SFO-SEA,SFO,SEA,679.0,6797,5,73.18,7.72,49.0,1.059,3.8323172699222616,0,"Trunk route - multi-carrier, unreliable",1.0810824928843632,2.8122139477049464
ATL-ABY,ATL,ABY,145.0,307,1,79.07,14.83,59.0,1.954,2.4871383754771865,1,"Thin route - long delay tail, high average delay",0.5578409358935442,-1.9435039754653258
SLC-AUS,SLC,AUS,1086.0,1784,3,82.63,1.62,31.0,0.673,3.2513948500401044,2,"Thin route - reliable, short delay tail",-1.2054662514613217,1.0647973964873763
DTW-MSN,DTW,MSN,311.0,903,2,74.58,13.27,68.0,0.886,2.9556877503135057,1,"Thin route - long delay tail, high average delay",1.0921805579217578,-0.5968650033875578
MEM-MSP,MEM,MSP,700.0,900,2,86.5,1.41,24.0,1.111,2.9542425094393248,2,"Thin route - reliable, short delay tail",-1.8012908662051148,0.1176723143011915
MSP-MEM,MSP,MEM,700.0,900,2,82.15,0.96,31.0,1.0,2.9542425094393248,2,"Thin route - reliable, short delay tail",-1.3365399163955949,0.00428920607348808
SJC-LAS,SJC,LAS,386.0,3750,5,80.54,4.96,38.0,0.453,3.574031267727719,0,"Trunk route - multi-carrier, unreliable",-0.15964227241251766,2.5902097127615176
DTW-LAN,DTW,LAN,74.0,858,1,74.38,18.86,81.0,0.816,2.9334872878487053,1,"Thin route - long delay tail, high average delay",1.6980711072090118,-1.3048299912103065
JAC-SLC,JAC,SLC,205.0,1217,2,87.38,-0.87,22.0,0.986,3.085290578230065,2,"Thin route - reliable, short delay tail",-1.974268148906835,0.5054771263401024
SHV-ATL,SHV,ATL,552.0,1517,1,82.8,10.57,55.0,2.703,3.1809855807867304,2,"Thin route - reliable, short delay tail",0.25919133028573227,-0.3976484346802024
COS-SLC,COS,SLC,411.0,721,1,93.32,-8.7,7.2,0.139,2.857935264719429,2,"Thin route - reliable, short delay tail",-3.81369300981459,-0.0598446090178879
PIH-SLC,PIH,SLC,149.0,448,1,93.96,-8.91,4.0,0.223,2.651278013998144,2,"Thin route - reliable, short delay tail",-3.9824585784841857,-0.4269269750771924
SEA-BZN,SEA,BZN,543.0,1574,3,82.43,2.29,30.0,0.445,3.1970047280230456,2,"Thin route - reliable, short delay tail",-1.1589341708368885,0.9933884565161205
DTW-CHS,DTW,CHS,667.0,571,4,77.18,9.78,52.0,1.576,2.756636108245848,0,"Trunk route - multi-carrier, unreliable",0.5431260933096786,0.12818570877399857
DTW-OMA,DTW,OMA,650.0,1145,2,75.37,14.41,71.0,0.611,3.0588054866759067,1,"Thin route - long delay tail, high average delay",1.1106902089279587,-0.4336185274943508
LGA-BNA,LGA,BNA,764.0,3781,5,71.59,10.61,63.0,4.84,3.5776066773625357,0,"Trunk route - multi-carrier, unreliable",2.527245887099934,1.9840795310197032
DTW-MBS,DTW,MBS,98.0,1055,1,78.43,12.1,65.0,1.043,3.0232524596337114,2,"Thin route - reliable, short delay tail",0.5905525322784756,-0.8103684848466245
MBS-DTW,MBS,DTW,98.0,1055,1,80.94,9.98,60.7,0.948,3.0232524596337114,2,"Thin route - reliable, short delay tail",0.11808156284462598,-0.6894498752342112
GSP-DTW,GSP,DTW,508.0,550,2,87.29,-1.07,22.6,2.727,2.7403626894942437,2,"Thin route - reliable, short delay tail",-1.747700896016281,-0.28037775909877327
SAV-DTW,SAV,DTW,705.0,595,2,79.69,13.69,47.0,1.345,2.7745169657285498,2,"Thin route - reliable, short delay tail",0.1431654701790149,-0.7879212619079896
DTW-ELM,DTW,ELM,331.0,925,1,76.91,14.47,63.7,1.189,2.9661417327390325,1,"Thin route - long delay tail, high average delay",0.807736271088957,-1.0178374524106302
ECP-AUS,ECP,AUS,710.0,623,3,78.49,8.5,48.8,0.0,2.7944880466591697,2,"Thin route - reliable, short delay tail",-0.2276245371818591,-0.15509127589052935
AUS-JAX,AUS,JAX,953.0,650,2,81.75,4.63,40.0,0.769,2.8129133566428557,2,"Thin route - reliable, short delay tail",-0.9697812061147031,-0.4410022800014043
JAX-AUS,JAX,AUS,953.0,650,2,77.19,12.65,47.0,1.231,2.8129133566428557,2,"Thin route - reliable, short delay tail",0.2154595277199535,-0.7496883193050433
MSP-GRR,MSP,GRR,408.0,1248,2,79.89,5.23,45.4,1.042,3.0962145853464054,2,"Thin route - reliable, short delay tail",-0.38122197424243937,0.09137065685209604
IAD-DTW,IAD,DTW,383.0,1133,4,77.62,14.41,65.0,1.236,3.0542299098633974,0,"Trunk route - multi-carrier, unreliable",1.2493477062559701,0.5960207662553747
GRR-DTW,GRR,DTW,120.0,1591,3,79.12,12.25,72.0,0.88,3.2016701796465816,0,"Trunk route - multi-carrier, unreliable",1.0474396274636748,0.47628617160245695
SNA-SEA,SNA,SEA,978.0,3956,3,85.52,-2.6,24.0,1.036,3.5972562829251418,2,"Thin route - reliable, short delay tail",-1.6605823153165151,1.9559172120551034
FCA-SLC,FCA,SLC,532.0,1111,2,90.81,-0.53,12.0,0.9,3.0457140589408676,2,"Thin route - reliable, short delay tail",-2.567735231040254,0.5236140904060549
SLC-SBA,SLC,SBA,615.0,1060,2,92.73,-7.14,10.0,0.755,3.0253058652647704,2,"Thin route - reliable, short delay tail",-3.2699573338090455,0.66355195613146
SBN-DTW,SBN,DTW,157.0,711,1,79.63,17.9,85.0,1.125,2.851869600729766,1,"Thin route - long delay tail, high average delay",1.3591267445623696,-1.4000501478150713
LAS-SMF,LAS,SMF,397.0,4123,4,78.51,4.6,40.0,0.485,3.6152133348013584,0,"Trunk route - multi-carrier, unreliable",-0.09534719202672512,2.1517211615886698
SBN-MSP,SBN,MSP,411.0,365,1,83.84,12.96,48.0,1.37,2.5622928644564746,2,"Thin route - reliable, short delay tail",-0.37464591130359837,-1.5938462482311238
ATL-TRI,ATL,TRI,227.0,520,2,81.32,9.95,43.7,0.962,2.716003343634799,2,"Thin route - reliable, short delay tail",-0.3579284026242678,-0.7290341334795095
DTW-MDW,DTW,MDW,228.0,1256,2,75.57,9.47,36.5,1.194,3.0989896394011773,2,"Thin route - reliable, short delay tail",0.06872851410864388,0.001267240905666953
MCI-MSP,MCI,MSP,393.0,1053,2,82.26,5.27,38.4,1.425,3.0224283711854865,2,"Thin route - reliable, short delay tail",-0.6847231089937784,0.018958749448038843
AUS-SLC,AUS,SLC,1086.0,1785,3,82.04,5.75,38.0,0.728,3.251638220448212,2,"Thin route - reliable, short delay tail",-0.6834489094599644,0.9210973467834954
MSP-STL,MSP,STL,448.0,1936,3,80.29,3.96,36.8,0.878,3.286905352972375,2,"Thin route - reliable, short delay tail",-0.5507210762201804,1.05260943196677
ABY-ATL,ABY,ATL,145.0,308,1,82.45,4.28,64.7,1.948,2.4885507165004443,2,"Thin route - reliable, short delay tail",-0.2660598070604094,-1.7011587438763434
LEX-DTW,LEX,DTW,296.0,788,2,83.8,9.18,51.3,1.142,2.8965262174895554,2,"Thin route - reliable, short delay tail",-0.2988919971539021,-0.3611124590661746
TUL-SLC,TUL,SLC,926.0,403,1,92.25,-6.81,8.0,0.744,2.6053050461411096,2,"Thin route - reliable, short delay tail",-3.6245111644735943,-0.7003698931835245
SLC-BOI,SLC,BOI,290.0,1741,2,86.73,-1.15,20.0,0.804,3.240798771117331,2,"Thin route - reliable, short delay tail",-1.989768343754445,0.829961233595777
AUS-BNA,AUS,BNA,756.0,3001,2,75.63,10.43,48.0,0.633,3.477265995424853,0,"Trunk route - multi-carrier, unreliable",0.3685844904386303,0.6545911319223134
DTW-GRB,DTW,GRB,287.0,875,2,72.37,18.34,92.5,2.057,2.942008053022313,1,"Thin route - long delay tail, high average delay",2.520675575247677,-0.9683576503939934
MEM-DTW,MEM,DTW,610.0,1010,4,82.76,8.4,49.9,1.683,3.0043213737826426,0,"Trunk route - multi-carrier, unreliable",0.09526358921179219,0.779941380204053
OKC-LGA,OKC,LGA,1341.0,775,2,80.35,9.97,45.0,4.645,2.88930170250631,1,"Thin route - long delay tail, high average delay",0.4943448828747329,-0.605022298703253
CIU-DTW,CIU,DTW,285.0,363,1,83.82,3.16,49.2,6.336,2.5599066250361124,2,"Thin route - reliable, short delay tail",0.16248018919834367,-1.5509271837083365
ABR-MSP,ABR,MSP,257.0,754,1,89.22,3.73,18.0,1.459,2.877371345869774,2,"Thin route - reliable, short delay tail",-2.0355927197886388,-0.4508104420239279
DTW-APN,DTW,APN,198.0,631,1,82.3,3.55,47.8,4.437,2.8000293592441343,2,"Thin route - reliable, short delay tail",-0.06032438266192469,-1.0196121838022096
SLC-SGU,SLC,SGU,272.0,1717,1,91.88,-5.18,10.0,0.175,3.2347702951609163,2,"Thin route - reliable, short delay tail",-3.2113237546451066,0.6041033109048293
SLC-EKO,SLC,EKO,200.0,578,1,93.02,-3.2,7.0,0.692,2.761927838420529,2,"Thin route - reliable, short delay tail",-3.3011248397716297,-0.3735097780532658
XWA-MSP,XWA,MSP,553.0,1039,1,80.02,13.45,75.0,1.732,3.016615547557177,1,"Thin route - long delay tail, high average delay",0.9068928229895549,-0.9479130248188335
MSP-IMT,MSP,IMT,257.0,363,1,77.23,10.68,82.4,3.857,2.5599066250361124,1,"Thin route - long delay tail, high average delay",1.4876832546397523,-1.9686547918293056
DTW-CIU,DTW,CIU,285.0,363,1,72.4,21.95,88.4,6.612,2.5599066250361124,1,"Thin route - long delay tail, high average delay",3.411826274734655,-2.415824360277665
IMT-MSP,IMT,MSP,257.0,363,1,73.5,26.1,129.0,3.306,2.5599066250361124,1,"Thin route - long delay tail, high average delay",3.919812919526049,-2.6489158068277265
MQT-DTW,MQT,DTW,349.0,364,1,79.53,16.88,99.0,6.044,2.561101383649056,1,"Thin route - long delay tail, high average delay",2.657616258414051,-2.2387809229018387
MOT-DEN,MOT,DEN,604.0,1108,1,79.06,11.81,52.2,1.264,3.044539760392411,2,"Thin route - reliable, short delay tail",0.16341041474631837,-0.710632297634741
BIS-DEN,BIS,DEN,516.0,1466,1,79.7,9.92,58.3,0.614,3.166133970305109,2,"Thin route - reliable, short delay tail",0.0593806296537665,-0.4252206577670765
DEN-COS,DEN,COS,73.0,5008,3,76.54,8.55,53.0,1.158,3.6996643202023733,0,"Trunk route - multi-carrier, unreliable",0.7641107245031064,1.6472893135833249
ASE-SFO,ASE,SFO,848.0,376,1,61.76,26.75,115.0,5.585,2.575187844927661,1,"Thin route - long delay tail, high average delay",4.93925775646446,-2.8681164889566775
DEN-CPR,DEN,CPR,230.0,2600,1,77.68,10.54,53.0,0.846,3.4149733479708178,2,"Thin route - reliable, short delay tail",0.31492926746735644,0.0858983285191096
SFO-BFL,SFO,BFL,238.0,581,1,69.62,19.05,64.5,0.688,2.7641761323903307,1,"Thin route - long delay tail, high average delay",1.5204548172705816,-1.6396592743854403
IAH-MAF,IAH,MAF,429.0,778,2,80.21,3.66,44.4,0.386,2.890979596989689,2,"Thin route - reliable, short delay tail",-0.7743649496707518,-0.2651059114790504
DEN-GUC,DEN,GUC,152.0,994,1,80.87,8.28,43.8,0.704,2.997386384397313,2,"Thin route - reliable, short delay tail",-0.5125215393159285,-0.5917785491900033
BHM-DEN,BHM,DEN,1083.0,1218,3,83.11,1.88,35.0,0.164,3.0856472882968564,2,"Thin route - reliable, short delay tail",-1.302040161448477,0.7181998797568925
DEN-RDD,DEN,RDD,932.0,332,1,76.67,6.87,30.2,0.0,2.5211380837040362,2,"Thin route - reliable, short delay tail",-1.1173509549660923,-1.5625358657762285
DEN-MAF,DEN,MAF,563.0,1504,2,78.01,6.73,49.0,0.864,3.1772478362556233,2,"Thin route - reliable, short delay tail",-0.07338926916101539,0.16123515973969135
BNA-IAH,BNA,IAH,657.0,1409,3,83.09,1.89,31.0,0.781,3.1489109931093564,2,"Thin route - reliable, short delay tail",-1.1701235000484698,0.8888419782207632
ORD-ATW,ORD,ATW,160.0,2429,2,70.87,17.28,71.4,4.817,3.3854275148051305,1,"Thin route - long delay tail, high average delay",2.8409708252455426,-0.00035264116831547007
IAH-STL,IAH,STL,667.0,420,2,75.42,10.12,46.6,0.714,2.6232492903979003,2,"Thin route - reliable, short delay tail",0.021866671919121432,-1.0763802763975039
GSO-ORD,GSO,ORD,589.0,1563,3,78.39,7.26,47.0,3.455,3.193958978019187,0,"Trunk route - multi-carrier, unreliable",0.6238880066900281,0.6000639989877234
IAH-BNA,IAH,BNA,657.0,1408,3,72.9,11.94,51.0,0.568,3.1486026548060932,0,"Trunk route - multi-carrier, unreliable",0.7742303862346422,0.3692622923128668
ORD-ROA,ORD,ROA,530.0,883,2,69.64,13.8,56.0,4.077,2.9459607035775686,1,"Thin route - long delay tail, high average delay",1.890908170953628,-0.7534825429726109
IAH-OKC,IAH,OKC,395.0,1285,2,79.64,9.2,51.4,1.167,3.1089031276673134,2,"Thin route - reliable, short delay tail",0.10048907133156312,-0.01182384601709175
DFW-GTR,DFW,GTR,491.0,367,1,80.0,7.34,50.6,2.997,2.5646660642520893,2,"Thin route - reliable, short delay tail",-0.025051494048781115,-1.6180698040727752
GTR-DFW,GTR,DFW,491.0,367,1,73.24,22.54,86.0,2.997,2.5646660642520893,1,"Thin route - long delay tail, high average delay",2.4578863073456785,-2.290613053092314
DFW-GRI,DFW,GRI,562.0,707,1,74.96,18.16,77.0,2.687,2.8494194137968996,1,"Thin route - long delay tail, high average delay",1.8215079711167417,-1.522375201144936
TUL-DFW,TUL,DFW,237.0,2784,4,78.96,11.74,53.0,3.376,3.4446692309385245,0,"Trunk route - multi-carrier, unreliable",1.320635969641023,1.4997662011894248
PHX-FLG,PHX,FLG,119.0,1201,1,77.73,15.26,52.0,2.748,3.079543007402906,1,"Thin route - long delay tail, high average delay",0.9274966826420329,-0.7399878732737319
PHX-ABQ,PHX,ABQ,328.0,3298,4,78.47,6.03,40.0,0.394,3.5182506513085,0,"Trunk route - multi-carrier, unreliable",-0.044089591711151115,1.9316228657982595
CLT-SHV,CLT,SHV,764.0,753,2,71.78,35.31,93.7,2.922,2.8767949762007006,1,"Thin route - long delay tail, high average delay",3.841907136071111,-1.5335670053552473
CVG-ORD,CVG,ORD,264.0,4655,6,71.36,18.5,70.0,3.502,3.6679196853173615,0,"Trunk route - multi-carrier, unreliable",3.2118507091481154,2.515476093303789
DEN-RIW,DEN,RIW,296.0,728,1,81.83,8.79,37.0,0.687,2.862131379313037,2,"Thin route - reliable, short delay tail",-0.812065822531678,-0.8267949402388823
LBL-DEN,LBL,DEN,280.0,627,1,80.13,13.1,59.7,1.914,2.7972675408307164,1,"Thin route - long delay tail, high average delay",0.469608766665723,-1.2684564983266935
DEN-CYS,DEN,CYS,90.0,730,1,77.95,15.41,56.0,0.822,2.863322860120456,2,"Thin route - reliable, short delay tail",0.5005759897448591,-1.1460975777151967
JST-ORD,JST,ORD,487.0,362,1,67.95,48.1,179.4,6.354,2.558708570533166,1,"Thin route - long delay tail, high average delay",7.831058961389025,-3.6556610606519864
DEN-BFF,DEN,BFF,150.0,626,1,80.39,5.58,46.4,1.278,2.7965743332104296,2,"Thin route - reliable, short delay tail",-0.5357588075961496,-0.9912746477946743
DEN-LAR,DEN,LAR,113.0,628,1,77.69,12.84,62.7,1.433,2.797959643737196,1,"Thin route - long delay tail, high average delay",0.6354959871695974,-1.2978480343184513
DEC-ORD,DEC,ORD,156.0,627,1,66.89,25.64,83.9,5.423,2.7972675408307164,1,"Thin route - long delay tail, high average delay",3.807773536489943,-2.028136929521341
ORD-LAF,ORD,LAF,119.0,567,1,68.39,28.66,82.0,4.056,2.7535830588929064,1,"Thin route - long delay tail, high average delay",3.518674819277984,-2.0938702272305645
SHR-DEN,SHR,DEN,359.0,766,1,81.04,9.75,51.4,0.914,2.884228769632604,2,"Thin route - reliable, short delay tail",-0.25501911763589147,-0.9246186471014456
LBF-DEN,LBF,DEN,227.0,626,1,76.58,16.5,66.8,0.958,2.7965743332104296,1,"Thin route - long delay tail, high average delay",0.9482478616478291,-1.417768662951775
PIB-IAH,PIB,IAH,372.0,627,1,80.68,9.89,55.0,0.957,2.7972675408307164,2,"Thin route - reliable, short delay tail",-0.14928990796689995,-1.1385741198017274
DEN-GCC,DEN,GCC,313.0,726,1,79.97,8.84,48.0,0.826,2.8609366207000937,2,"Thin route - reliable, short delay tail",-0.3457715611571359,-0.943745013333873
IAH-SLN,IAH,SLN,621.0,326,1,76.8,17.87,68.8,0.613,2.513217600067939,1,"Thin route - long delay tail, high average delay",0.8220920223403774,-2.055892365542465
BFF-DEN,BFF,DEN,150.0,626,1,79.42,17.45,65.4,1.278,2.7965743332104296,1,"Thin route - long delay tail, high average delay",0.8422104142118794,-1.3800866865567338
JMS-DEN,JMS,DEN,573.0,627,1,78.14,12.94,63.0,2.073,2.7972675408307164,1,"Thin route - long delay tail, high average delay",0.689711479127084,-1.3518883421892889
DEN-DIK,DEN,DIK,488.0,685,1,77.21,14.58,66.8,1.752,2.8356905714924254,1,"Thin route - long delay tail, high average delay",0.9272035319683132,-1.332541228736354
FOD-ORD,FOD,ORD,324.0,571,1,74.16,22.53,87.3,5.429,2.756636108245848,1,"Thin route - long delay tail, high average delay",3.0845062306524462,-1.9520655351306262
DEN-SUX,DEN,SUX,466.0,518,1,84.06,3.11,33.3,1.351,2.714329759745233,2,"Thin route - reliable, short delay tail",-1.397761751837329,-0.981697257405977
DEN-SLN,DEN,SLN,383.0,365,1,71.82,16.65,71.4,0.0,2.5622928644564746,1,"Thin route - long delay tail, high average delay",1.10875909190034,-2.0002217876859514
LAX-SGU,LAX,SGU,349.0,310,1,86.04,3.97,22.0,0.0,2.4913616938342726,2,"Thin route - reliable, short delay tail",-2.1724139740582524,-1.2921369392206252
SUX-DEN,SUX,DEN,466.0,518,1,69.9,21.91,83.6,2.51,2.714329759745233,1,"Thin route - long delay tail, high average delay",2.5607501124062284,-1.9987488864338037
SFO-SBA,SFO,SBA,262.0,1639,2,79.42,5.88,40.0,1.22,3.214578953570499,2,"Thin route - reliable, short delay tail",-0.3323852715891276,0.3541862049985853
ORD-CRW,ORD,CRW,416.0,948,1,61.83,26.77,96.0,3.376,2.976808337338066,1,"Thin route - long delay tail, high average delay",4.151343721405144,-1.8142006117974079
DEN-IDA,DEN,IDA,458.0,1698,3,81.89,5.57,44.0,0.471,3.229937685907934,2,"Thin route - reliable, short delay tail",-0.4936619774974485,0.8955031784502366
ORD-PIA,ORD,PIA,130.0,2283,2,70.85,13.19,62.0,4.555,3.3585059114902354,1,"Thin route - long delay tail, high average delay",2.2518531699290345,0.10186533118015043
MBS-ORD,MBS,ORD,222.0,1006,1,67.52,28.24,109.0,3.181,3.0025979807199086,1,"Thin route - long delay tail, high average delay",4.150251653937045,-1.7541837943881722
TUL-ORD,TUL,ORD,585.0,2130,5,78.17,9.29,51.0,2.535,3.3283796034387376,0,"Trunk route - multi-carrier, unreliable",1.010787848721721,1.7874877431603808
ASE-IAH,ASE,IAH,913.0,626,1,74.28,16.04,97.0,4.633,2.7965743332104296,1,"Thin route - long delay tail, high average delay",2.6312914866704373,-1.8226905288969752
JAX-ORD,JAX,ORD,864.0,2116,6,77.8,11.54,55.0,2.032,3.325515663363148,0,"Trunk route - multi-carrier, unreliable",1.278141790920062,2.173184815355257
IAH-ICT,IAH,ICT,542.0,561,2,79.5,6.15,37.0,0.891,2.7489628612561616,2,"Thin route - reliable, short delay tail",-0.704259303291912,-0.5946098760317257
ROA-ORD,ROA,ORD,530.0,882,2,75.53,16.8,70.0,3.175,2.94546858513182,1,"Thin route - long delay tail, high average delay",1.799575962416069,-0.7751922708131025
OMA-ORD,OMA,ORD,416.0,3063,6,75.52,14.32,58.0,3.036,3.4861469968065726,0,"Trunk route - multi-carrier, unreliable",2.087820165605061,2.387849136025156
SFO-MFR,SFO,MFR,329.0,1029,2,78.99,7.93,40.2,1.069,3.012415374762433,2,"Thin route - reliable, short delay tail",-0.2809735158068316,-0.11131910765120628
SLC-LAX,SLC,LAX,590.0,4191,6,86.46,-3.05,21.9,0.453,3.6223176608338443,0,"Trunk route - multi-carrier, unreliable",-1.4532010669486337,3.5306708526127943
ORD-MEM,ORD,MEM,491.0,2504,5,72.65,11.37,59.0,3.355,3.398634324538392,0,"Trunk route - multi-carrier, unreliable",2.020867488034772,1.7165377579433698
MFR-SFO,MFR,SFO,329.0,1031,2,66.83,18.09,61.9,0.776,3.0132586652835167,1,"Thin route - long delay tail, high average delay",1.8498337431268579,-0.6755032393912844
ORD-MLI,ORD,MLI,139.0,2264,3,69.56,16.47,73.9,5.124,3.354876422516234,1,"Thin route - long delay tail, high average delay",3.158502500826209,0.3832019462645261
MDT-ORD,MDT,ORD,594.0,2131,5,75.37,14.46,60.0,3.144,3.328583449714202,0,"Trunk route - multi-carrier, unreliable",1.9529967262933736,1.5508308430053166
RDD-SFO,RDD,SFO,199.0,878,1,70.53,26.56,100.0,1.822,2.9434945159061026,1,"Thin route - long delay tail, high average delay",3.233253519149827,-1.681295315744545
ORD-GEG,ORD,GEG,1498.0,714,3,65.09,19.63,72.0,1.541,2.8536982117761744,1,"Thin route - long delay tail, high average delay",2.425224771393471,-0.7724837607327063
ABQ-DEN,ABQ,DEN,349.0,3200,3,83.02,3.41,33.7,0.594,3.505149978319906,2,"Thin route - reliable, short delay tail",-0.8440245913742424,1.5976475368928384
BGR-ORD,BGR,ORD,978.0,697,5,78.1,15.46,57.6,1.722,2.8432327780980096,0,"Trunk route - multi-carrier, unreliable",1.164840498597512,0.6164917469043074
DEN-SUN,DEN,SUN,557.0,630,1,81.35,5.24,44.9,0.0,2.7993405494535817,2,"Thin route - reliable, short delay tail",-1.0312005378007167,-0.9438462740191519
SBA-SFO,SBA,SFO,262.0,1640,2,62.51,21.51,75.0,1.159,3.214843848047698,1,"Thin route - long delay tail, high average delay",2.939085698651754,-0.5062722366061493
ORD-JAX,ORD,JAX,864.0,2116,6,73.87,12.66,63.0,1.371,3.325515663363148,0,"Trunk route - multi-carrier, unreliable",1.7158754529546936,2.0456475141587234
BIL-ORD,BIL,ORD,1060.0,317,2,80.71,13.1,35.0,0.315,2.5010592622177517,2,"Thin route - reliable, short delay tail",-0.6946859406426383,-1.2324070144259227
DEN-PIA,DEN,PIA,793.0,432,2,66.67,16.93,66.5,1.157,2.635483746814912,1,"Thin route - long delay tail, high average delay",1.7699331457649066,-1.5075781048255594
SFO-EUG,SFO,EUG,451.0,994,2,75.73,9.85,59.4,0.503,2.997386384397313,2,"Thin route - reliable, short delay tail",0.4512116433879505,-0.3619380486536065
TYS-DEN,TYS,DEN,1162.0,1001,5,84.69,-0.13,39.0,0.5,3.000434077479319,0,"Trunk route - multi-carrier, unreliable",-1.1371127906772878,1.5259191595792814
FCA-ORD,FCA,ORD,1352.0,532,4,69.62,21.33,70.0,0.94,2.7259116322950483,1,"Thin route - long delay tail, high average delay",2.1141437447402014,-0.46477763886708756
LAX-SLC,LAX,SLC,590.0,4189,6,87.55,-0.55,23.0,0.477,3.6221103603612197,0,"Trunk route - multi-carrier, unreliable",-1.334083435225832,3.4906302202255763
DEN-HOB,DEN,HOB,501.0,364,1,75.84,17.15,87.5,1.648,2.561101383649056,1,"Thin route - long delay tail, high average delay",1.618190536318945,-2.1090785585170377
MCI-DEN,MCI,DEN,533.0,4327,4,77.45,8.55,42.0,0.508,3.6361868951987244,0,"Trunk route - multi-carrier, unreliable",0.29802845659818644,2.0693711628259894
IAH-LFT,IAH,LFT,201.0,313,1,76.87,22.86,61.4,1.917,2.4955443375464483,1,"Thin route - long delay tail, high average delay",1.3192532555853338,-2.1503293697775976
OMA-DEN,OMA,DEN,472.0,3307,4,76.37,8.47,49.0,0.423,3.519434194913703,0,"Trunk route - multi-carrier, unreliable",0.5046873412816806,1.7729199571361438
MSP-SFO,MSP,SFO,1589.0,1914,3,68.81,10.54,58.0,0.679,3.281941933440825,0,"Trunk route - multi-carrier, unreliable",1.1104733414302677,0.4714793787176056
EUG-SFO,EUG,SFO,451.0,994,2,67.99,18.18,73.0,1.006,2.997386384397313,1,"Thin route - long delay tail, high average delay",2.086686730339082,-0.7803947000918018
ORD-BZN,ORD,BZN,1185.0,1268,4,69.06,15.25,69.0,0.789,3.1031192535457137,0,"Trunk route - multi-carrier, unreliable",1.8613920410651417,0.44634714372543294
ORD-BWI,ORD,BWI,622.0,2691,8,72.55,12.55,60.0,2.601,3.4299136977637543,0,"Trunk route - multi-carrier, unreliable",2.380876083232304,3.194689030042924
SAF-PHX,SAF,PHX,370.0,516,1,76.47,10.51,54.0,0.581,2.7126497016272113,2,"Thin route - reliable, short delay tail",0.07140713673903941,-1.3822442171030345
HOU-DFW,HOU,DFW,247.0,2001,3,77.64,14.24,60.0,4.148,3.3012470886362113,0,"Trunk route - multi-carrier, unreliable",1.7531588437411985,0.5811613642199496
PHX-BUR,PHX,BUR,369.0,3147,4,79.91,6.02,41.0,0.699,3.49789674291322,0,"Trunk route - multi-carrier, unreliable",-0.07375997242349146,1.8968047399290004
SAT-SFO,SAT,SFO,1482.0,434,2,86.05,2.78,30.0,0.461,2.637489729512511,3,"Thin route - long-haul, rarely cancels",-1.9154881941430937,-0.6493894254792695
GEG-DEN,GEG,DEN,836.0,2052,4,84.18,2.0,30.5,0.292,3.3121773564397787,0,"Trunk route - multi-carrier, unreliable",-1.193951019672767,1.7226980710806872
IAH-PIT,IAH,PIT,1117.0,774,2,82.49,3.4,34.0,0.129,2.8887409606828927,2,"Thin route - reliable, short delay tail",-1.4122214305467395,-0.19998532416996612
PIT-IAH,PIT,IAH,1117.0,774,2,84.61,-2.54,28.8,0.129,2.8887409606828927,2,"Thin route - reliable, short delay tail",-2.1143470713732384,-0.004738029110637703
ABE-ORD,ABE,ORD,654.0,453,2,72.69,27.39,100.9,3.974,2.656098202012832,1,"Thin route - long delay tail, high average delay",3.5998886646501744,-1.8787266433974816
MSP-CMH,MSP,CMH,626.0,851,2,79.93,7.3,52.9,0.823,2.929929560084588,2,"Thin route - reliable, short delay tail",-0.19762225489209428,-0.35168032307820485
FSD-MSP,FSD,MSP,196.0,1346,2,84.27,4.91,36.2,1.189,3.1290450598879582,2,"Thin route - reliable, short delay tail",-0.9033197073060282,0.3188981071548631
PHX-BFL,PHX,BFL,425.0,1305,3,80.03,9.48,47.4,1.762,3.1156105116742996,0,"Trunk route - multi-carrier, unreliable",0.2618781503364986,0.487174999399584
BFL-PHX,BFL,PHX,425.0,1306,3,83.23,5.35,53.8,1.761,3.115943176939055,2,"Thin route - reliable, short delay tail",-0.0953804953978348,0.5875655236938531
ABQ-HOU,ABQ,HOU,759.0,970,1,83.63,1.99,25.0,0.206,2.9867717342662448,2,"Thin route - reliable, short delay tail",-1.8624293744921752,-0.3409513660031059
ATL-MDW,ATL,MDW,591.0,3526,3,76.26,10.71,47.0,2.014,3.5472823079633033,0,"Trunk route - multi-carrier, unreliable",0.828168925893726,1.2584033157157817
ATL-PHX,ATL,PHX,1587.0,3732,4,75.54,8.67,47.0,0.723,3.571941635074462,0,"Trunk route - multi-carrier, unreliable",0.44215638106182753,1.7761549392954166
ATL-TPA,ATL,TPA,406.0,6141,4,73.74,12.16,55.0,1.27,3.788239097382168,0,"Trunk route - multi-carrier, unreliable",1.4278061437879164,2.1380838769076567
AUS-CMH,AUS,CMH,1073.0,414,5,81.07,7.25,27.9,0.483,2.617000341120899,2,"Thin route - reliable, short delay tail",-0.7935720338905197,0.6066676374626285
AUS-DEN,AUS,DEN,775.0,5416,4,79.05,4.43,42.0,0.646,3.733678655677088,0,"Trunk route - multi-carrier, unreliable",-0.07184801641356205,2.3587161533548944
AUS-HOU,AUS,HOU,148.0,1349,1,68.88,10.48,49.0,0.297,3.1300119496719043,1,"Thin route - long delay tail, high average delay",0.6585923354201411,-0.6051211539035921
AUS-HRL,AUS,HRL,273.0,708,1,73.37,10.71,54.5,0.282,2.850033257689769,2,"Thin route - reliable, short delay tail",0.3383256849225378,-1.147784634037388
AUS-OAK,AUS,OAK,1497.0,359,1,61.56,14.51,48.2,0.0,2.5550944485783194,1,"Thin route - long delay tail, high average delay",0.9643557792913309,-2.0902540787020403
AUS-PIT,AUS,PIT,1210.0,321,2,69.78,15.4,55.0,0.0,2.506505032404872,1,"Thin route - long delay tail, high average delay",0.7383400464380003,-1.6035831249447081
BDL-MDW,BDL,MDW,776.0,824,1,80.94,6.58,36.0,1.578,2.9159272116971158,2,"Thin route - reliable, short delay tail",-0.7683152734539984,-0.7469778630344176
BHM-MDW,BHM,MDW,570.0,457,1,86.16,0.93,22.3,1.094,2.6599162000698504,2,"Thin route - reliable, short delay tail",-2.0949311635973173,-0.9365120432027901
BNA-ATL,BNA,ATL,214.0,4265,2,83.47,0.82,32.0,1.758,3.629919035503542,2,"Thin route - reliable, short delay tail",-0.9018725096859785,1.4222315521167264
BNA-CHS,BNA,CHS,439.0,987,1,73.82,9.57,39.0,0.507,2.9943171526696366,2,"Thin route - reliable, short delay tail",-0.09988653406829434,-0.7369768734002378
BNA-CLE,BNA,CLE,448.0,1041,3,73.48,10.2,48.0,0.672,3.017450729510536,0,"Trunk route - multi-carrier, unreliable",0.5381199138976033,0.18075174683914036
BNA-CLT,BNA,CLT,328.0,3487,6,78.5,9.49,44.0,1.778,3.5424519473759766,0,"Trunk route - multi-carrier, unreliable",0.9077829597028866,2.79662257396628
BNA-CVG,BNA,CVG,230.0,521,1,77.22,6.2,37.3,0.576,2.7168377232995247,2,"Thin route - reliable, short delay tail",-0.6955673076330827,-1.1479660903772346
BNA-DTW,BNA,DTW,456.0,2421,4,78.89,6.07,36.0,1.363,3.383994789441733,0,"Trunk route - multi-carrier, unreliable",-0.029162493677532365,1.6501971959551622
BNA-ECP,BNA,ECP,401.0,1088,1,75.49,7.05,41.0,0.551,3.036628895362161,2,"Thin route - reliable, short delay tail",-0.3133239734863943,-0.5802157856766352
BNA-HOU,BNA,HOU,670.0,1820,1,76.23,2.45,39.0,0.659,3.2600713879850747,2,"Thin route - reliable, short delay tail",-0.6633571310241891,-0.026678809320585792
BNA-JAN,BNA,JAN,327.0,366,1,68.77,8.6,44.0,0.273,2.5634810853944106,2,"Thin route - reliable, short delay tail",0.14998168790157215,-1.7077549077371046
BNA-LAS,BNA,LAS,1587.0,2021,6,76.78,5.37,40.8,0.792,3.305566313515304,0,"Trunk route - multi-carrier, unreliable",0.15626258352675973,2.3167266911997464
BNA-MEM,BNA,MEM,200.0,515,1,71.15,9.8,46.8,0.388,2.711807229041191,2,"Thin route - reliable, short delay tail",0.22652416291518168,-1.3979155081876637
BNA-MIA,BNA,MIA,806.0,2537,5,75.04,11.85,51.0,1.261,3.404320467221731,0,"Trunk route - multi-carrier, unreliable",1.1261716365235086,1.8556133719299648
BNA-OKC,BNA,OKC,616.0,527,1,74.81,5.4,35.1,0.949,2.7218106152125467,2,"Thin route - reliable, short delay tail",-0.59482328765509,-1.1928155034798953
BNA-PNS,BNA,PNS,391.0,957,1,77.82,4.04,36.0,0.836,2.9809119377768436,2,"Thin route - reliable, short delay tail",-0.7831846098140586,-0.5646598145360512
BNA-SAN,BNA,SAN,1751.0,1065,1,74.02,4.15,41.0,0.751,3.0273496077747564,3,"Thin route - long-haul, rarely cancels",-0.5678981472839603,-0.680612027595776
BOS-AUS,BOS,AUS,1698.0,1673,3,72.1,10.58,64.0,2.212,3.2234959409623944,0,"Trunk route - multi-carrier, unreliable",1.3308824186900754,0.3139201219774702
BOS-BWI,BOS,BWI,369.0,3513,3,78.92,4.91,46.0,2.676,3.5456781497920256,0,"Trunk route - multi-carrier, unreliable",0.3921723997599242,1.426157866955255
BUF-BNA,BUF,BNA,633.0,370,1,78.2,6.79,27.4,0.811,2.568201724066995,2,"Thin route - reliable, short delay tail",-1.0613934614720997,-1.4193392610832505
BUF-DEN,BUF,DEN,1359.0,586,3,74.87,8.14,41.0,0.171,2.767897616018091,3,"Thin route - long-haul, rarely cancels",-0.25247846265830404,-0.27255797031594875
BUR-ABQ,BUR,ABQ,672.0,327,1,84.0,0.08,28.2,0.612,2.514547752660286,2,"Thin route - reliable, short delay tail",-2.014797832061768,-1.2885965838313416
BUR-DAL,BUR,DAL,1243.0,394,1,83.64,1.72,26.0,1.015,2.595496221825574,2,"Thin route - reliable, short delay tail",-1.9000810596589557,-1.2065190454832242
BUR-LAS,BUR,LAS,223.0,4167,3,80.96,4.03,39.0,1.632,3.619823500457278,0,"Trunk route - multi-carrier, unreliable",-0.19806484848231606,1.7242595754330226
BUR-MDW,BUR,MDW,1740.0,322,1,87.74,-3.35,19.0,0.621,2.507855871695831,3,"Thin route - long-haul, rarely cancels",-2.948632887406553,-1.1878506561718065
BWI-AUS,BWI,AUS,1342.0,1260,1,77.5,2.06,33.0,1.587,3.100370545117563,3,"Thin route - long-haul, rarely cancels",-0.902001321164298,-0.3646881656677735
BWI-BDL,BWI,BDL,283.0,1747,1,82.16,3.1,29.0,2.118,3.2422929049829308,2,"Thin route - reliable, short delay tail",-0.9500518475551254,0.08403533096320474
BWI-BHM,BWI,BHM,682.0,336,1,81.33,2.33,25.9,0.893,2.526339277389844,2,"Thin route - reliable, short delay tail",-1.6493655037345882,-1.3531340799897946
BWI-DTW,BWI,DTW,409.0,2251,4,82.03,4.39,36.0,1.866,3.35237549500052,0,"Trunk route - multi-carrier, unreliable",-0.2740554610641765,1.6650165375118182
BWI-FLL,BWI,FLL,925.0,3135,4,75.44,7.46,46.0,2.52,3.496237545166735,0,"Trunk route - multi-carrier, unreliable",0.8320578596869477,1.6479057783179756
BWI-MSY,BWI,MSY,998.0,1157,3,77.91,4.16,37.0,1.296,3.0633333589517497,2,"Thin route - reliable, short delay tail",-0.4275557398467125,0.4894778687595728
BWI-PBI,BWI,PBI,883.0,1233,1,78.45,4.63,42.0,1.46,3.0909630765957314,2,"Thin route - reliable, short delay tail",-0.5243085856532794,-0.4392904332650548
BWI-PHX,BWI,PHX,1999.0,1234,1,77.17,2.74,38.0,0.891,3.091315159697223,3,"Thin route - long-haul, rarely cancels",-0.9674390406179306,-0.46764364788831364
BWI-RDU,BWI,RDU,256.0,1792,2,81.05,3.6,33.4,2.511,3.2533380053261065,2,"Thin route - reliable, short delay tail",-0.4720890680126265,0.5144942438906179
BWI-RIC,BWI,RIC,120.0,729,1,77.73,6.57,41.1,2.058,2.8627275283179747,2,"Thin route - reliable, short delay tail",-0.19227829437112634,-0.9107233661649087
BWI-SAN,BWI,SAN,2295.0,1159,1,75.55,4.88,41.4,1.294,3.064083435963596,3,"Thin route - long-haul, rarely cancels",-0.5728767715061315,-0.6557486116544584
BWI-SDF,BWI,SDF,495.0,890,1,80.48,4.06,37.0,2.135,2.949390006644913,2,"Thin route - reliable, short delay tail",-0.6900077869039419,-0.6368106455629465
BWI-TPA,BWI,TPA,842.0,2673,3,79.43,3.88,38.0,1.796,3.426998958756537,0,"Trunk route - multi-carrier, unreliable",-0.25332237535235785,1.2571215833130411
CHS-BWI,CHS,BWI,472.0,1233,2,82.2,2.34,27.0,1.541,3.0909630765957314,2,"Thin route - reliable, short delay tail",-1.1375012740698065,0.28496359559354495
CHS-DAL,CHS,DAL,977.0,365,1,79.39,6.05,39.0,0.822,2.5622928644564746,2,"Thin route - reliable, short delay tail",-0.9516541978018492,-1.50057542312916
CHS-DEN,CHS,DEN,1449.0,643,2,69.35,14.01,63.8,0.622,2.808210972924222,1,"Thin route - long delay tail, high average delay",1.1349160175292583,-1.0632421372883636
CLE-BWI,CLE,BWI,314.0,970,1,85.24,-2.64,23.0,1.237,2.9867717342662448,2,"Thin route - reliable, short delay tail",-2.0433902374576607,-0.19989528235624457
CLE-LAS,CLE,LAS,1824.0,991,4,77.03,9.46,51.0,1.413,2.9960736544852753,3,"Thin route - long-haul, rarely cancels",0.379728014545672,0.5412673125420288
CLT-BWI,CLT,BWI,361.0,2958,6,77.38,9.33,43.0,1.657,3.4709981696608736,0,"Trunk route - multi-carrier, unreliable",0.8956380940857469,2.6412226577918654
CLT-STL,CLT,STL,575.0,1834,3,79.78,6.69,45.0,1.527,3.263399331334002,0,"Trunk route - multi-carrier, unreliable",0.009791785080456472,0.853725461987384
CMH-BWI,CMH,BWI,337.0,1048,1,87.54,-1.3,22.4,1.622,3.0203612826477078,2,"Thin route - reliable, short delay tail",-2.047877045455495,-0.126682718475374
CMH-FLL,CMH,FLL,973.0,764,3,78.14,7.0,44.0,3.01,2.8830933585756897,2,"Thin route - reliable, short delay tail",0.2596157635208809,-0.031900489628623456
COS-LAS,COS,LAS,604.0,861,1,80.23,3.49,36.0,0.0,2.935003151453655,2,"Thin route - reliable, short delay tail",-1.251562320743737,-0.5945632584956944
DAL-AMA,DAL,AMA,323.0,1263,1,75.14,7.0,46.0,0.95,3.101403350555331,2,"Thin route - reliable, short delay tail",-0.027533364853836274,-0.4928442134647751
DAL-BNA,DAL,BNA,623.0,2433,1,71.48,12.74,54.0,1.439,3.3861421089308186,1,"Thin route - long delay tail, high average delay",1.0317816425523834,-0.18736679753223706
DAL-CHS,DAL,CHS,977.0,365,1,68.33,15.09,58.1,0.822,2.5622928644564746,1,"Thin route - long delay tail, high average delay",1.0172453619821844,-2.015190505576296
DAL-CMH,DAL,CMH,919.0,537,1,71.08,14.02,53.0,1.304,2.7299742856995555,1,"Thin route - long delay tail, high average delay",0.7848249929799802,-1.576280557751311
DAL-DEN,DAL,DEN,651.0,2985,1,69.79,13.15,58.0,1.374,3.4749443354653877,1,"Thin route - long delay tail, high average delay",1.3112598045538422,-0.07186916751801731
DAL-ELP,DAL,ELP,562.0,1769,1,73.5,9.71,51.0,0.961,3.2477278329097232,2,"Thin route - reliable, short delay tail",0.4365284524080947,-0.33185420999767534
DAL-HOU,DAL,HOU,239.0,4053,1,74.87,6.96,46.0,1.949,3.607776603741693,0,"Trunk route - multi-carrier, unreliable",0.4350051055188399,0.5148282518270708
DAL-LAS,DAL,LAS,1067.0,2857,1,74.34,8.03,45.0,1.19,3.455910240382743,2,"Thin route - reliable, short delay tail",0.15473153867597386,0.13669013686350326
DAL-LBB,DAL,LBB,293.0,1506,1,77.07,5.44,44.0,1.262,3.177824971864682,2,"Thin route - reliable, short delay tail",-0.22769848794576383,-0.26331763812958947
DAL-MCI,DAL,MCI,461.0,2055,1,75.1,8.97,44.0,1.411,3.312811826212088,2,"Thin route - reliable, short delay tail",0.22393399533604363,-0.11330079725391866
DAL-MDW,DAL,MDW,793.0,2179,1,69.79,13.47,52.9,2.019,3.3382572302462554,1,"Thin route - long delay tail, high average delay",1.270507848787467,-0.3552543373740756
DAL-MSY,DAL,MSY,437.0,2289,1,75.78,8.03,46.0,1.136,3.359645792674543,2,"Thin route - reliable, short delay tail",0.11957296080183571,0.011174150872386747
DAL-OAK,DAL,OAK,1468.0,417,1,61.74,17.74,68.4,0.959,2.6201360549737576,1,"Thin route - long delay tail, high average delay",1.9534873499703143,-2.183617684507871
DAL-ONT,DAL,ONT,1200.0,399,1,68.02,15.19,55.8,1.253,2.6009728956867484,1,"Thin route - long delay tail, high average delay",1.0665757716086763,-1.9595003301284237
DAL-SMF,DAL,SMF,1442.0,660,1,70.43,10.24,48.0,0.606,2.8195439355418688,3,"Thin route - long-haul, rarely cancels",0.2388755955631158,-1.3137266118071227
DAL-SNA,DAL,SNA,1216.0,364,1,71.94,9.7,49.1,0.824,2.561101383649056,3,"Thin route - long-haul, rarely cancels",0.09883489471433271,-1.8002101780496889
DCA-AUS,DCA,AUS,1315.0,364,1,54.42,23.28,75.7,0.549,2.561101383649056,1,"Thin route - long delay tail, high average delay",2.992020012857642,-2.5749743965304592
DCA-DAL,DCA,DAL,1184.0,1733,1,72.46,11.47,60.0,1.789,3.238798562713917,1,"Thin route - long delay tail, high average delay",0.9619307739196136,-0.541186718763048
DCA-FLL,DCA,FLL,899.0,2307,3,67.88,15.97,73.0,2.254,3.3630475945210936,1,"Thin route - long delay tail, high average delay",2.4504179469085647,0.4143928516796629
DCA-MCO,DCA,MCO,759.0,4579,5,74.89,13.14,64.0,2.49,3.660770643527697,0,"Trunk route - multi-carrier, unreliable",1.960695727783147,2.229180895083506
DCA-MDW,DCA,MDW,601.0,2099,1,77.19,8.57,45.0,2.668,3.3220124385824006,2,"Thin route - reliable, short delay tail",0.33346599614616257,-0.10542919295687919
DEN-CMH,DEN,CMH,1154.0,1769,3,73.9,10.03,48.0,0.735,3.2477278329097232,0,"Trunk route - multi-carrier, unreliable",0.4875289017360275,0.6046497915262854
DEN-CVG,DEN,CVG,1069.0,1502,4,78.78,4.96,40.0,0.866,3.17666993266815,0,"Trunk route - multi-carrier, unreliable",-0.28436787272895236,1.186269517253118
DEN-HOU,DEN,HOU,883.0,2361,1,74.9,6.33,45.4,0.381,3.373095987078727,2,"Thin route - reliable, short delay tail",-0.18304746484264606,0.04947513069852267
DEN-MDW,DEN,MDW,895.0,2225,2,74.67,9.53,47.0,1.618,3.3473300153169503,0,"Trunk route - multi-carrier, unreliable",0.5094653629935911,0.3546588362305155
DEN-MEM,DEN,MEM,872.0,1364,4,76.85,8.66,45.0,0.806,3.13481437032046,0,"Trunk route - multi-carrier, unreliable",0.24746752923549498,0.9737121725076044
DEN-OAK,DEN,OAK,957.0,1605,1,66.02,14.08,55.6,0.623,3.205475036740891,1,"Thin route - long delay tail, high average delay",1.2732223071593178,-0.6956804962164381
DEN-ORD,DEN,ORD,888.0,6131,5,72.14,17.68,63.0,1.125,3.787531316127234,0,"Trunk route - multi-carrier, unreliable",2.1677759234665825,2.3845250131553937
DEN-PHX,DEN,PHX,602.0,8973,6,76.04,9.48,48.0,0.78,3.9529376677509807,0,"Trunk route - multi-carrier, unreliable",1.091102017639527,3.5743992246456417
DEN-SDF,DEN,SDF,1024.0,1096,2,78.03,7.67,42.3,0.73,3.0398105541483504,2,"Thin route - reliable, short delay tail",-0.34696149625950623,-0.12649842016094356
DEN-TPA,DEN,TPA,1506.0,3087,3,77.83,6.79,43.0,0.389,3.4895366294820955,0,"Trunk route - multi-carrier, unreliable",-0.2070171318287151,1.2534900599725167
DTW-STL,DTW,STL,440.0,1894,4,76.96,6.54,46.5,1.056,3.2773799746672547,0,"Trunk route - multi-carrier, unreliable",0.31826636722265,1.327551556816733
ECP-STL,ECP,STL,634.0,315,1,77.14,6.13,43.6,0.0,2.4983105537896004,2,"Thin route - reliable, short delay tail",-0.8115743084023173,-1.651897808551682
ELP-AUS,ELP,AUS,528.0,1036,1,80.68,5.34,34.0,0.386,3.0153597554092144,2,"Thin route - reliable, short delay tail",-1.0811702937522782,-0.4523819741275481
ELP-SAN,ELP,SAN,636.0,361,1,79.55,4.74,37.4,0.554,2.5575072019056577,2,"Thin route - reliable, short delay tail",-1.104221252091735,-1.434223987311644
FLL-HOU,FLL,HOU,957.0,811,1,70.79,9.78,50.0,0.863,2.909020854211156,1,"Thin route - long delay tail, high average delay",0.4047007625075538,-1.097357577381896
FLL-MCI,FLL,MCI,1242.0,551,2,74.54,7.36,42.0,1.452,2.741151598851785,3,"Thin route - long-haul, rarely cancels",-0.09238772070745295,-0.832530121336306
FLL-MDW,FLL,MDW,1167.0,1124,1,71.01,12.25,52.0,1.335,3.0507663112330423,1,"Thin route - long delay tail, high average delay",0.7389422104913653,-0.8989120148131282
FLL-TPA,FLL,TPA,197.0,1423,3,73.28,12.48,69.9,2.038,3.153204900084284,1,"Thin route - long delay tail, high average delay",1.6945935534933685,0.238289676091931
GRR-BWI,GRR,BWI,528.0,440,1,80.97,3.48,30.0,0.909,2.6434526764861874,2,"Thin route - reliable, short delay tail",-1.3611501795178897,-1.1593781447669804
HNL-SMF,HNL,SMF,2462.0,730,3,77.66,11.88,41.0,0.274,2.863322860120456,3,"Thin route - long-haul, rarely cancels",-0.32938966913561457,-0.19472788820131012
HOU-BNA,HOU,BNA,670.0,1826,1,77.61,6.97,36.0,0.602,3.2615007731982804,2,"Thin route - reliable, short delay tail",-0.5564991961966613,-0.06940062668930844
HOU-BWI,HOU,BWI,1246.0,1479,1,74.54,8.28,41.0,1.42,3.1699681739968923,3,"Thin route - long-haul, rarely cancels",-0.037926236526575674,-0.4444725805403476
HOU-IND,HOU,IND,861.0,492,1,73.62,9.31,43.2,0.61,2.69196510276736,2,"Thin route - reliable, short delay tail",-0.15413967435799483,-1.419181698452129
HOU-LGA,HOU,LGA,1428.0,1358,1,63.98,20.12,77.9,2.577,3.132899769944483,1,"Thin route - long delay tail, high average delay",2.7747462537817777,-1.2536593097388256
HOU-MDW,HOU,MDW,937.0,1840,1,71.9,11.65,47.0,1.141,3.2648178230095364,1,"Thin route - long delay tail, high average delay",0.5742087905985281,-0.374370164931291
HOU-OMA,HOU,OMA,804.0,379,1,88.1,-1.48,18.0,0.264,2.578639209968072,2,"Thin route - reliable, short delay tail",-2.782049576930291,-0.982115845052653
HOU-PNS,HOU,PNS,488.0,349,1,71.55,11.27,41.3,0.0,2.5428254269591797,2,"Thin route - reliable, short delay tail",-0.05253998340709709,-1.7404930853212184
HOU-RDU,HOU,RDU,1050.0,354,1,71.02,10.78,42.8,0.565,2.5490032620257876,2,"Thin route - reliable, short delay tail",0.0383778803584444,-1.8000636151496767
HOU-SAT,HOU,SAT,192.0,1330,1,78.09,5.31,37.0,0.075,3.123851640967086,2,"Thin route - reliable, short delay tail",-0.7793703752387783,-0.26041020490664346
ICT-STL,ICT,STL,392.0,403,1,90.98,-7.83,13.0,0.993,2.6053050461411096,2,"Thin route - reliable, short delay tail",-3.3208684110550752,-0.7012214088042241
IND-BNA,IND,BNA,249.0,525,1,80.08,5.8,33.0,0.381,2.720159303405957,2,"Thin route - reliable, short delay tail",-1.1037217378717854,-1.0475614967656695
IND-HOU,IND,HOU,861.0,493,1,86.09,-3.48,20.2,0.406,2.69284691927723,2,"Thin route - reliable, short delay tail",-2.6348737696540008,-0.7676901441925014
IND-MCI,IND,MCI,451.0,350,1,86.49,1.8,18.3,0.571,2.5440680443502757,2,"Thin route - reliable, short delay tail",-2.3149044481574856,-1.1326803822444893
IND-TPA,IND,TPA,837.0,948,3,77.85,6.97,42.2,0.738,2.976808337338066,2,"Thin route - reliable, short delay tail",-0.2333745475782129,0.2489965049361579
ITO-HNL,ITO,HNL,216.0,6290,3,83.42,4.07,24.0,1.049,3.798650645445269,0,"Trunk route - multi-carrier, unreliable",-0.8440214861018469,2.2536896416396535
JAX-BWI,JAX,BWI,663.0,1385,1,80.79,4.59,31.0,1.083,3.1414497734004674,2,"Thin route - reliable, short delay tail",-1.0301535044826824,-0.189321681534487
KOA-LAS,KOA,LAS,2718.0,365,1,95.33,-18.81,-0.3,0.274,2.5622928644564746,3,"Thin route - long-haul, rarely cancels",-5.302494048381664,-0.559259268295353
LAS-AMA,LAS,AMA,759.0,364,1,88.33,-3.97,16.0,1.099,2.561101383649056,2,"Thin route - reliable, short delay tail",-2.827737686739656,-0.9717421907274947
LAS-AUS,LAS,AUS,1090.0,2877,5,73.82,9.94,48.0,0.452,3.458939861890326,0,"Trunk route - multi-carrier, unreliable",0.801886584395736,2.007078039443415
LAS-BUF,LAS,BUF,1986.0,302,1,71.57,8.37,43.0,0.662,2.4800069429571505,3,"Thin route - long-haul, rarely cancels",-0.3154020351016358,-1.9610687354094045
LAS-CLE,LAS,CLE,1824.0,993,4,74.01,6.21,41.0,1.208,2.996949248495381,3,"Thin route - long-haul, rarely cancels",0.0826184798976704,0.6285544571819643
LAS-CMH,LAS,CMH,1771.0,896,2,74.41,8.88,44.8,0.781,2.9523080096621253,3,"Thin route - long-haul, rarely cancels",-0.06134415169051259,-0.4742063153285839
LAS-DEN,LAS,DEN,628.0,7102,3,77.04,6.59,49.0,0.774,3.851380667965597,0,"Trunk route - multi-carrier, unreliable",0.3706235176083899,2.001501666851711
LAS-ICT,LAS,ICT,986.0,473,2,73.4,6.26,37.0,0.211,2.6748611407378116,2,"Thin route - reliable, short delay tail",-0.48260744082113505,-0.873531416392171
LAS-LIH,LAS,LIH,2817.0,365,1,85.6,-6.75,21.0,0.0,2.5622928644564746,3,"Thin route - long-haul, rarely cancels",-3.2533420625110496,-1.125828030271375
LAS-OKC,LAS,OKC,986.0,1226,3,76.34,6.78,38.0,0.816,3.0884904701823963,0,"Trunk route - multi-carrier, unreliable",-0.2019253873179428,0.46793355271326376
LAS-OMA,LAS,OMA,1099.0,1127,2,77.27,6.28,39.9,0.266,3.0519239160461065,2,"Thin route - reliable, short delay tail",-0.5597369043644802,-0.06239848972936792
LAS-ONT,LAS,ONT,197.0,2476,2,75.82,6.24,45.0,0.727,3.39375064034808,0,"Trunk route - multi-carrier, unreliable",0.06938137608635404,0.635000727151784
LAS-PSP,LAS,PSP,173.0,744,1,72.86,8.96,43.0,0.941,2.8715729355458786,2,"Thin route - reliable, short delay tail",0.13260977725565098,-1.0122352549618816
LAS-RDU,LAS,RDU,2026.0,611,3,81.43,1.68,29.0,1.146,2.786041210242554,3,"Thin route - long-haul, rarely cancels",-1.3859903570597039,0.013117180284377404
LAS-SBA,LAS,SBA,289.0,885,1,77.92,3.51,34.7,1.017,2.9469432706978256,2,"Thin route - reliable, short delay tail",-0.8164317583451141,-0.6102229707756627
LAS-SDF,LAS,SDF,1624.0,399,3,70.13,11.83,60.6,1.003,2.6009728956867484,1,"Thin route - long delay tail, high average delay",0.964038814249592,-0.9548289234947924
LAS-SEA,LAS,SEA,867.0,5619,6,82.38,1.47,31.0,0.925,3.7496590320949,0,"Trunk route - multi-carrier, unreliable",-0.4773404282863127,3.5264270386999295
LAX-BWI,LAX,BWI,2329.0,1687,3,81.94,-0.48,28.0,0.889,3.2271150825891253,3,"Thin route - long-haul, rarely cancels",-1.5306648131574152,0.9597109482269082
LAX-MCI,LAX,MCI,1363.0,1323,4,82.68,1.68,31.0,0.605,3.1215598441875008,3,"Thin route - long-haul, rarely cancels",-1.1735022389085912,1.256724515491441
LBB-AUS,LBB,AUS,341.0,326,1,94.41,-8.69,1.8,0.613,2.513217600067939,2,"Thin route - reliable, short delay tail",-4.055557890659589,-0.718473218425243
LGA-ATL,LGA,ATL,762.0,8411,6,76.46,8.2,56.0,4.102,3.924847632975537,0,"Trunk route - multi-carrier, unreliable",1.9138066498534532,3.380640674678578
LGA-DAL,LGA,DAL,1381.0,1537,1,73.15,10.19,56.0,3.643,3.1866738674997452,1,"Thin route - long delay tail, high average delay",1.092718590016001,-0.6556836589891
LGA-DEN,LGA,DEN,1620.0,4667,4,71.42,11.72,58.5,3.043,3.669037800885156,0,"Trunk route - multi-carrier, unreliable",1.838719046985981,1.6852075135335107
LGA-MCI,LGA,MCI,1107.0,1822,4,68.96,15.09,78.0,4.665,3.2605483726369795,1,"Thin route - long delay tail, high average delay",3.0654752958451157,0.594845968431628
LGA-MSY,LGA,MSY,1183.0,1420,5,71.91,12.58,66.0,4.085,3.1522883443830563,0,"Trunk route - multi-carrier, unreliable",2.3054632759873535,1.0490287248535104
LGB-AUS,LGB,AUS,1226.0,428,1,81.5,4.51,26.4,0.0,2.6314437690131722,2,"Thin route - reliable, short delay tail",-1.7532372932038525,-1.1987068236503875
LGB-DAL,LGB,DAL,1232.0,509,1,84.77,2.12,25.0,0.786,2.7067177823367587,2,"Thin route - reliable, short delay tail",-1.9938642560211122,-0.9518766232720355
LGB-HOU,LGB,HOU,1374.0,461,1,78.34,3.53,31.4,0.217,2.663700925389648,3,"Thin route - long-haul, rarely cancels",-1.4040377290595423,-1.2222131996703591
LGB-PHX,LGB,PHX,355.0,1519,1,81.02,4.22,33.9,0.329,3.1815577738627865,2,"Thin route - reliable, short delay tail",-1.105578884989403,-0.06688609715482655
LIH-LAS,LIH,LAS,2817.0,365,1,97.78,-18.86,-2.0,0.274,2.5622928644564746,3,"Thin route - long-haul, rarely cancels",-5.555740128221808,-0.5102389790373763
MCI-FLL,MCI,FLL,1242.0,551,2,74.16,7.95,40.3,1.996,2.741151598851785,3,"Thin route - long-haul, rarely cancels",0.05754150231807934,-0.8570325180192809
MCI-HOU,MCI,HOU,666.0,1001,1,82.77,-0.32,32.0,0.3,3.000434077479319,2,"Thin route - reliable, short delay tail",-1.7253307691001463,-0.32385119707408
MCI-MCO,MCI,MCO,1072.0,1554,3,78.13,7.21,41.0,1.094,3.1914510144648953,0,"Trunk route - multi-carrier, unreliable",-0.14073272847852147,0.6665634456660458
MCI-MKE,MCI,MKE,436.0,349,1,75.22,8.09,37.2,0.573,2.5428254269591797,2,"Thin route - reliable, short delay tail",-0.5184099344771369,-1.5947912325640214
MCI-TPA,MCI,TPA,1048.0,672,2,77.84,5.99,38.3,0.298,2.8273692730538253,2,"Thin route - reliable, short delay tail",-0.7389278668840686,-0.4917528446054689
MCO-AUS,MCO,AUS,994.0,2833,4,76.92,7.67,48.0,1.13,3.452246574520437,0,"Trunk route - multi-carrier, unreliable",0.43538485339932154,1.6047824269637914
MCO-BNA,MCO,BNA,616.0,3506,4,73.66,10.7,50.0,1.825,3.544811911757776,0,"Trunk route - multi-carrier, unreliable",1.2018375375867798,1.668014569710888
MCO-CMH,MCO,CMH,802.0,2150,4,72.21,10.89,54.5,1.488,3.3324384599156054,0,"Trunk route - multi-carrier, unreliable",1.2540076888954972,1.1685755238764894
MCO-MCI,MCO,MCI,1072.0,1558,3,71.93,11.72,52.0,1.54,3.1925674533365456,0,"Trunk route - multi-carrier, unreliable",1.036483731504113,0.37592880316581273
MCO-MDW,MCO,MDW,990.0,2760,2,70.31,14.23,53.0,1.775,3.4409090820652177,0,"Trunk route - multi-carrier, unreliable",1.380159178962715,0.3177869708636703
MCO-MHT,MCO,MHT,1142.0,837,2,78.34,6.18,40.0,0.597,2.92272545799326,2,"Thin route - reliable, short delay tail",-0.6280411327158593,-0.31972353603591297
MCO-ORD,MCO,ORD,1005.0,6276,5,71.08,15.93,65.0,1.832,3.7976829349148993,0,"Trunk route - multi-carrier, unreliable",2.3329051863810046,2.377088342170199
MCO-PHL,MCO,PHL,862.0,5330,4,71.99,17.1,72.0,2.326,3.7267272090265724,0,"Trunk route - multi-carrier, unreliable",2.4921894376560156,1.6954062199332454
MCO-RIC,MCO,RIC,667.0,1187,4,68.04,17.41,70.0,2.106,3.074450718954591,1,"Thin route - long delay tail, high average delay",2.487590938724861,0.3185419484995791
MCO-STL,MCO,STL,882.0,2497,3,76.43,8.64,51.0,0.721,3.397418542351348,0,"Trunk route - multi-carrier, unreliable",0.37668960562236287,0.9873673756988827
MDW-BHM,MDW,BHM,570.0,458,1,77.04,5.15,37.0,1.092,2.660865478003869,2,"Thin route - reliable, short delay tail",-0.7175923320628204,-1.285486433340264
MDW-BNA,MDW,BNA,395.0,1869,1,79.59,5.34,39.0,1.445,3.271609301378832,2,"Thin route - reliable, short delay tail",-0.49794256040634505,-0.003829281186911657
MDW-BUR,MDW,BUR,1740.0,322,1,80.31,3.44,34.2,0.621,2.507855871695831,3,"Thin route - long-haul, rarely cancels",-1.5150052865860268,-1.5642048121192333
MDW-CHS,MDW,CHS,745.0,367,1,74.31,9.13,44.9,1.362,2.5646660642520893,2,"Thin route - reliable, short delay tail",-0.03301037377639083,-1.689049775528857
MDW-CLT,MDW,CLT,584.0,719,1,74.19,8.65,44.0,1.391,2.8567288903828825,2,"Thin route - reliable, short delay tail",0.06796653160560888,-1.0657284332626404
MDW-JAX,MDW,JAX,848.0,416,1,72.82,9.08,45.6,0.962,2.6190933306267428,2,"Thin route - reliable, short delay tail",0.009975467526122333,-1.6041815006212854
MDW-MCI,MDW,MCI,404.0,2102,1,78.71,6.1,37.0,1.38,3.3226327116922234,2,"Thin route - reliable, short delay tail",-0.4276828737491964,0.0837894292203474
MDW-MCO,MDW,MCO,990.0,2756,2,75.98,8.26,44.0,1.488,3.440279213235588,0,"Trunk route - multi-carrier, unreliable",0.2349805923997679,0.6113134018362716
MDW-MEM,MDW,MEM,480.0,670,1,79.94,4.98,44.0,1.493,2.8260748027008264,2,"Thin route - reliable, short delay tail",-0.5960522114164432,-0.943711410305335
MDW-MHT,MDW,MHT,838.0,522,1,74.03,10.71,43.5,0.958,2.717670503002262,2,"Thin route - reliable, short delay tail",0.010828055595824894,-1.3988637186593165
MDW-MSY,MDW,MSY,825.0,1013,1,75.65,5.34,44.3,1.481,3.0056094453602804,2,"Thin route - reliable, short delay tail",-0.21906929446472292,-0.6908190027670402
MDW-PDX,MDW,PDX,1751.0,683,1,61.63,17.86,59.0,1.025,2.8344207036815328,1,"Thin route - long delay tail, high average delay",1.7769891295330786,-1.711019232657203
MDW-PHL,MDW,PHL,668.0,1522,2,76.24,9.43,41.0,1.708,3.182414652434554,2,"Thin route - reliable, short delay tail",0.21472204017104912,0.10347439300685668
MDW-RDU,MDW,RDU,632.0,960,1,80.83,5.51,32.2,2.083,2.9822712330395684,2,"Thin route - reliable, short delay tail",-0.7666082116256612,-0.5699307125217233
MDW-SAN,MDW,SAN,1728.0,1092,1,72.23,8.48,42.8,1.374,3.0382226383687185,3,"Thin route - long-haul, rarely cancels",0.06208263628458359,-0.8093066653205494
MEM-HOU,MEM,HOU,484.0,831,1,77.58,3.74,36.0,0.722,2.919601023784111,2,"Thin route - reliable, short delay tail",-0.8502823182300321,-0.6922073761618815
MEM-LAS,MEM,LAS,1416.0,584,4,81.41,2.59,33.0,0.514,2.7664128471123997,3,"Thin route - long-haul, rarely cancels",-1.1311315526620909,0.47343671521646946
MEM-PHX,MEM,PHX,1264.0,486,6,86.25,2.3,22.0,1.029,2.6866362692622934,3,"Thin route - long-haul, rarely cancels",-1.4175383271658089,1.43003444864511
MHT-MCO,MHT,MCO,1142.0,837,2,78.59,5.32,43.9,0.956,2.92272545799326,2,"Thin route - reliable, short delay tail",-0.5196042521728559,-0.3349881770669893
MIA-DAL,MIA,DAL,1109.0,419,1,69.42,11.22,52.9,0.716,2.622214022966295,1,"Thin route - long delay tail, high average delay",0.5126996520746072,-1.7657127163473774
MIA-DEN,MIA,DEN,1709.0,2469,4,76.66,6.52,45.9,0.486,3.3925210899319325,0,"Trunk route - multi-carrier, unreliable",0.036297982506441666,1.4784536063315448
MIA-MCI,MIA,MCI,1251.0,844,4,72.65,9.23,53.1,1.303,2.926342446625655,0,"Trunk route - multi-carrier, unreliable",0.79613371418622,0.35890426378912216
MIA-STL,MIA,STL,1068.0,1167,4,73.96,8.46,59.0,0.686,3.0670708560453703,0,"Trunk route - multi-carrier, unreliable",0.7410093224324685,0.680584108427264
MKE-RSW,MKE,RSW,1183.0,379,1,79.95,4.66,43.0,0.792,2.578639209968072,2,"Thin route - reliable, short delay tail",-1.0164378088960433,-1.4709231016878406
MKE-TPA,MKE,TPA,1075.0,471,2,82.07,2.13,30.8,1.486,2.673020907128896,2,"Thin route - reliable, short delay tail",-1.3153579257333434,-0.6403791222454022
MSY-ATL,MSY,ATL,425.0,4028,5,82.46,4.22,34.0,1.539,3.6050894618815805,0,"Trunk route - multi-carrier, unreliable",-0.20666867470787073,2.693745174773419
MSY-DCA,MSY,DCA,969.0,1948,4,70.53,18.81,73.0,2.977,3.2895889525425965,1,"Thin route - long delay tail, high average delay",2.707150984010349,0.7037871145401514
MSY-STL,MSY,STL,604.0,732,1,81.84,2.07,32.8,0.41,2.864511081058392,2,"Thin route - reliable, short delay tail",-1.4895041740678192,-0.6717133195326047
MYR-MDW,MYR,MDW,738.0,332,1,84.97,0.84,25.0,1.807,2.5211380837040362,2,"Thin route - reliable, short delay tail",-1.8548444358556813,-1.2940615604652916
OAK-DEN,OAK,DEN,957.0,1602,1,72.37,9.97,43.2,0.312,3.204662511748219,2,"Thin route - reliable, short delay tail",0.1057701051485659,-0.40468604673613506
OAK-HNL,OAK,HNL,2409.0,729,3,79.67,4.36,32.0,0.823,2.8627275283179747,3,"Thin route - long-haul, rarely cancels",-1.0950542903031684,0.04239993046409112
OAK-HOU,OAK,HOU,1642.0,376,1,77.03,6.65,30.0,0.532,2.575187844927661,3,"Thin route - long-haul, rarely cancels",-1.1340420333656993,-1.5128940441274148
OAK-LIH,OAK,LIH,2456.0,659,3,82.21,2.88,29.0,0.759,2.8188854145940097,3,"Thin route - long-haul, rarely cancels",-1.5099807124760227,0.04755827984985551
OAK-PSP,OAK,PSP,418.0,472,2,76.02,5.4,36.4,0.847,2.673941998634088,2,"Thin route - reliable, short delay tail",-0.5220447684914815,-0.7805882385238755
OGG-HNL,OGG,HNL,101.0,10075,3,84.62,3.25,23.0,1.042,4.003245054813147,0,"Trunk route - multi-carrier, unreliable",-0.9208469835007772,2.727075272716027
OGG-OAK,OGG,OAK,2348.0,722,3,85.79,-0.34,21.0,0.416,2.858537197569639,3,"Thin route - long-haul, rarely cancels",-2.2614277350667513,0.3328498905073379
OKC-AUS,OKC,AUS,358.0,318,1,82.33,3.22,28.4,0.314,2.5024271199844326,2,"Thin route - reliable, short delay tail",-1.6921205308178584,-1.37503496176152
OKC-BNA,OKC,BNA,616.0,527,1,79.35,6.98,31.8,0.569,2.7218106152125467,2,"Thin route - reliable, short delay tail",-1.0136535027999891,-1.1087503123521831
OKC-LAS,OKC,LAS,986.0,1224,3,81.17,2.6,34.0,0.654,3.087781417809542,2,"Thin route - reliable, short delay tail",-1.000545316267638,0.6718112579858578
OMA-BNA,OMA,BNA,612.0,401,1,75.38,8.76,43.6,0.499,2.603144372620182,2,"Thin route - reliable, short delay tail",-0.3378288692263004,-1.5370329925958226
OMA-DCA,OMA,DCA,1012.0,645,2,80.32,2.97,38.0,1.55,2.8095597146352675,2,"Thin route - reliable, short delay tail",-0.8545971263816966,-0.45538366171975514
OMA-HOU,OMA,HOU,804.0,378,1,79.79,1.26,35.5,0.529,2.5774917998372255,2,"Thin route - reliable, short delay tail",-1.4325027427742887,-1.317500891442337
ONT-HOU,ONT,HOU,1345.0,362,1,65.19,13.71,38.9,0.0,2.558708570533166,3,"Thin route - long-haul, rarely cancels",0.41009096598914024,-1.9258279711767157
ONT-OAK,ONT,OAK,362.0,1471,1,86.48,-2.38,24.0,0.408,3.16761267272753,2,"Thin route - reliable, short delay tail",-2.222710729831344,0.2025903916461587
ORD-DAL,ORD,DAL,798.0,450,1,74.03,12.65,59.4,1.333,2.6532125137753435,1,"Thin route - long delay tail, high average delay",0.6289312373876423,-1.6860224299746893
ORF-DEN,ORF,DEN,1553.0,636,2,75.12,8.55,44.0,0.786,2.803457115648414,3,"Thin route - long-haul, rarely cancels",-0.1826443091391731,-0.7364803229327077
ORF-MCO,ORF,MCO,655.0,801,3,76.74,9.37,52.0,2.622,2.9036325160842376,0,"Trunk route - multi-carrier, unreliable",0.7080874197970004,-0.08019171628620478
ORF-MDW,ORF,MDW,704.0,577,1,75.94,8.77,40.0,1.733,2.7611758131557314,2,"Thin route - reliable, short delay tail",-0.14261923288975972,-1.2252810898355162
PDX-OAK,PDX,OAK,543.0,1287,3,77.78,6.6,37.0,0.699,3.1095785469043866,2,"Thin route - reliable, short delay tail",-0.29989103672818423,0.5867102276362444
PHL-BNA,PHL,BNA,675.0,2846,6,75.06,10.07,56.0,2.53,3.4542348957482654,0,"Trunk route - multi-carrier, unreliable",1.612902957849691,2.409842349283116
PHL-MCO,PHL,MCO,862.0,5334,4,72.45,14.32,68.1,2.475,3.727053011353857,0,"Trunk route - multi-carrier, unreliable",2.2005236666622228,1.783016888954231
PHX-BWI,PHX,BWI,1999.0,1236,1,79.61,3.86,29.0,0.89,3.092018470752797,3,"Thin route - long-haul, rarely cancels",-1.3177763857236522,-0.38427578810771756
PHX-CLE,PHX,CLE,1737.0,989,3,72.52,11.77,53.0,0.708,2.9951962915971793,3,"Thin route - long-haul, rarely cancels",0.6446779907396435,-0.05223552755431228
PHX-CMH,PHX,CMH,1670.0,1147,2,71.44,12.55,58.0,0.959,3.0595634179012676,3,"Thin route - long-haul, rarely cancels",0.8639024870703789,-0.47018498745949266
PHX-DEN,PHX,DEN,602.0,8944,6,77.31,8.93,46.0,0.648,3.951531790542348,0,"Trunk route - multi-carrier, unreliable",0.8720403073373142,3.6234223747299685
PHX-HNL,PHX,HNL,2917.0,1317,4,80.21,3.12,31.0,0.152,3.119585774961784,3,"Thin route - long-haul, rarely cancels",-1.2380937045868496,1.068189558718541
PHX-OMA,PHX,OMA,1037.0,2005,5,76.77,7.23,41.0,0.449,3.302114376956201,0,"Trunk route - multi-carrier, unreliable",0.15194560628551743,1.8467165163453276
PHX-RDU,PHX,RDU,1891.0,834,2,72.17,12.83,44.0,1.079,2.921166050637739,3,"Thin route - long-haul, rarely cancels",0.3946974831949027,-0.6730617377415333
PHX-STL,PHX,STL,1262.0,2316,5,76.59,7.55,40.0,0.345,3.3647385550553985,0,"Trunk route - multi-carrier, unreliable",0.12603297598656485,1.9570133312149929
PIT-BNA,PIT,BNA,462.0,1099,2,82.58,1.48,30.0,0.728,3.0409976924234905,2,"Thin route - reliable, short delay tail",-1.3516399421274792,0.21319211495437276
PIT-DEN,PIT,DEN,1290.0,1659,3,81.83,2.53,36.5,0.723,3.219846386024361,3,"Thin route - long-haul, rarely cancels",-0.970452495173783,0.9121813043892584
PIT-MCO,PIT,MCO,834.0,2223,4,79.58,4.78,43.0,1.215,3.3469394626989906,0,"Trunk route - multi-carrier, unreliable",-0.09379619715790186,1.5406203015780773
PNS-BNA,PNS,BNA,391.0,958,1,78.83,6.69,32.0,0.418,2.9813655090785445,2,"Thin route - reliable, short delay tail",-0.8841551889413508,-0.5597805691548746
PVD-TPA,PVD,TPA,1136.0,467,2,80.87,3.8,36.1,0.857,2.6693168805661123,2,"Thin route - reliable, short delay tail",-1.126405953317273,-0.7249220534945263
RDU-BWI,RDU,BWI,256.0,1791,2,85.96,-0.5,23.0,2.233,3.2530955858490316,2,"Thin route - reliable, short delay tail",-1.4670021742951411,0.7658245252064809
RDU-DEN,RDU,DEN,1436.0,1745,3,81.34,4.07,36.0,0.86,3.241795431295199,3,"Thin route - long-haul, rarely cancels",-0.8247181994744838,0.9040520870635818
RDU-MCO,RDU,MCO,534.0,2704,4,77.81,10.77,53.1,1.738,3.4320066872695985,0,"Trunk route - multi-carrier, unreliable",0.9161439107965809,1.4994846417763346
RDU-STL,RDU,STL,668.0,655,1,81.32,2.4,30.0,0.305,2.816241299991783,2,"Thin route - reliable, short delay tail",-1.5544794042092733,-0.7696909561241364
RIC-BWI,RIC,BWI,120.0,729,1,75.8,9.66,40.0,1.646,2.8627275283179747,2,"Thin route - reliable, short delay tail",0.041309522839777485,-0.9888604897250509
RNO-PHX,RNO,PHX,601.0,2444,5,85.34,3.87,26.0,0.614,3.3881012015705165,0,"Trunk route - multi-carrier, unreliable",-0.9913472091476268,2.377772556316983
SAN-MSY,SAN,MSY,1600.0,342,1,71.6,11.26,43.3,0.877,2.534026106056135,3,"Thin route - long-haul, rarely cancels",0.01778800001245312,-1.8870872094489828
SAT-BNA,SAT,BNA,822.0,952,2,77.75,7.52,36.0,0.525,2.9786369483844743,2,"Thin route - reliable, short delay tail",-0.5411379139639091,-0.1887444113907943
SAT-LAS,SAT,LAS,1069.0,2040,3,79.82,3.71,38.0,0.49,3.3096301674258988,0,"Trunk route - multi-carrier, unreliable",-0.67902511961529,1.050063165800455
SAT-PHX,SAT,PHX,843.0,2509,4,81.63,5.45,36.0,0.438,3.3995006613146104,0,"Trunk route - multi-carrier, unreliable",-0.5516912201220431,1.7422484641404419
SAT-TPA,SAT,TPA,972.0,374,2,78.28,5.74,34.0,0.267,2.5728716022004803,2,"Thin route - reliable, short delay tail",-0.9990540583453034,-0.9634250259988079
SAV-DEN,SAV,DEN,1414.0,373,3,70.54,10.9,58.2,0.536,2.571708831808688,1,"Thin route - long delay tail, high average delay",0.7202314653325506,-0.9407087270201553
SAV-MDW,SAV,MDW,758.0,389,2,79.43,5.59,37.7,0.514,2.5899496013257077,2,"Thin route - reliable, short delay tail",-0.9025233547597759,-0.9200158433020511
SDF-BWI,SDF,BWI,495.0,891,1,86.8,-0.13,23.0,1.908,2.949877704036875,2,"Thin route - reliable, short delay tail",-1.8828653086895057,-0.333909709922725
SDF-LAS,SDF,LAS,1624.0,399,3,85.03,3.65,33.2,0.752,2.6009728956867484,3,"Thin route - long-haul, rarely cancels",-1.520422886484318,-0.3244644946174094
SDF-MCO,SDF,MCO,719.0,856,3,81.01,3.49,37.9,1.869,2.932473764677153,2,"Thin route - reliable, short delay tail",-0.5635928659462536,0.2901083069294452
SEA-MDW,SEA,MDW,1733.0,678,1,81.4,0.34,29.9,0.442,2.8312296938670634,3,"Thin route - long-haul, rarely cancels",-1.8342956513641726,-0.7840909263022532
SEA-STL,SEA,STL,1709.0,883,2,83.03,-2.2,27.0,0.34,2.9459607035775686,3,"Thin route - long-haul, rarely cancels",-2.039682830095593,0.03490196659088414
SJC-OGG,SJC,OGG,2355.0,471,3,92.32,-4.29,10.0,0.212,2.673020907128896,3,"Thin route - long-haul, rarely cancels",-3.4445209007432265,0.23256644455338202
SJC-SNA,SJC,SNA,342.0,2730,2,86.48,-1.87,24.0,0.806,3.436162647040756,2,"Thin route - reliable, short delay tail",-1.8440148501258034,1.2088066283686778
SJU-BWI,SJU,BWI,1565.0,1162,3,79.31,7.2,32.0,2.496,3.065206128054312,3,"Thin route - long-haul, rarely cancels",-0.27478503835224605,0.40732243641967164
SJU-MCO,SJU,MCO,1188.0,6073,4,77.95,10.77,46.0,1.136,3.7834032811225633,0,"Trunk route - multi-carrier, unreliable",0.6139260991950173,2.235316517251885
SLC-LAS,SLC,LAS,368.0,3744,5,78.17,6.29,42.0,0.694,3.5733358400660675,0,"Trunk route - multi-carrier, unreliable",0.27704701983140645,2.485513432871796
SMF-DAL,SMF,DAL,1442.0,660,1,73.93,8.72,37.9,0.606,2.8195439355418688,3,"Thin route - long-haul, rarely cancels",-0.4006973776331949,-1.1510652987263799
SMF-GEG,SMF,GEG,649.0,607,1,77.43,5.94,37.0,0.0,2.7831886910752575,2,"Thin route - reliable, short delay tail",-0.9106681109124474,-1.0165901332308676
SMF-KOA,SMF,KOA,2435.0,521,3,88.22,-4.77,17.3,0.192,2.7168377232995247,3,"Thin route - long-haul, rarely cancels",-2.967569379902852,0.20274497850265563
SMF-OGG,SMF,OGG,2403.0,481,3,86.89,1.97,17.0,1.247,2.682145076373832,3,"Thin route - long-haul, rarely cancels",-2.1826564568527993,-0.05885268099348144
SMF-PHX,SMF,PHX,647.0,3630,4,81.22,5.43,34.0,0.551,3.5599066250361124,0,"Trunk route - multi-carrier, unreliable",-0.45341338994881647,2.089057468601517
SMF-SBA,SMF,SBA,310.0,366,1,89.47,-5.29,16.0,0.82,2.5634810853944106,2,"Thin route - reliable, short delay tail",-2.996971229030747,-0.8745249005016472
SMF-SLC,SMF,SLC,532.0,2160,3,87.43,-1.61,23.0,0.833,3.3344537511509307,2,"Thin route - reliable, short delay tail",-1.847552877034784,1.4812489704135265
SNA-AUS,SNA,AUS,1209.0,352,1,78.41,8.03,35.0,0.0,2.546542663478131,2,"Thin route - reliable, short delay tail",-1.080755673122232,-1.5572011129744854
STL-AUS,STL,AUS,721.0,972,1,75.9,6.22,39.0,0.412,2.9876662649262746,2,"Thin route - reliable, short delay tail",-0.5562114652439402,-0.6637443415078427
STL-BOS,STL,BOS,1047.0,1611,3,69.66,14.54,65.0,1.676,3.207095540419218,1,"Thin route - long delay tail, high average delay",1.7865011230204664,0.21691593383384322
STL-CLE,STL,CLE,487.0,698,1,82.23,5.58,29.9,0.287,2.843855422623161,2,"Thin route - reliable, short delay tail",-1.3771005102036176,-0.7461522932174756
STL-CLT,STL,CLT,575.0,1835,3,83.83,4.32,35.0,1.417,3.263636068588108,2,"Thin route - reliable, short delay tail",-0.7523299118581077,1.0470340827103768
STL-LAS,STL,LAS,1371.0,2094,2,75.87,8.53,47.0,0.621,3.3209766773428235,3,"Thin route - long-haul, rarely cancels",0.0328849281956412,0.33602012932649067
STL-MCI,STL,MCI,237.0,1020,1,75.61,7.78,40.4,0.294,3.0086001717619175,2,"Thin route - reliable, short delay tail",-0.3334680992596515,-0.625197341521473
STL-MCO,STL,MCO,882.0,2520,3,77.97,6.56,44.0,0.913,3.401400540781544,0,"Trunk route - multi-carrier, unreliable",-0.021574674175080924,1.1072354322160238
STL-SMF,STL,SMF,1679.0,331,1,79.46,5.37,29.0,0.0,2.519827993775719,3,"Thin route - long-haul, rarely cancels",-1.5852007818454468,-1.5354781752738644
STL-SRQ,STL,SRQ,903.0,349,1,72.67,11.61,43.0,0.573,2.5428254269591797,2,"Thin route - reliable, short delay tail",-0.004956474237308278,-1.7896119136200237
TPA-BHM,TPA,BHM,459.0,425,1,79.72,4.76,32.7,0.235,2.6283889300503116,2,"Thin route - reliable, short delay tail",-1.2574957266617957,-1.2307837915808333
TPA-FLL,TPA,FLL,197.0,1421,3,73.13,11.5,60.8,2.956,3.15259407792747,1,"Thin route - long delay tail, high average delay",1.6115355721658913,0.28704506784457184
TPA-IND,TPA,IND,837.0,948,3,80.81,6.29,44.3,0.949,2.976808337338066,2,"Thin route - reliable, short delay tail",-0.40379472877313316,0.29595693090873254
TUL-HOU,TUL,HOU,453.0,602,1,86.41,-0.85,26.0,0.831,2.7795964912578244,2,"Thin route - reliable, short delay tail",-2.1315410591772994,-0.6579388302455669
TUS-LAS,TUS,LAS,364.0,1336,2,84.55,1.38,30.8,0.225,3.125806458139527,2,"Thin route - reliable, short delay tail",-1.5564368258452759,0.4426648711453984
DTW-MCO,DTW,MCO,957.0,3645,4,75.54,10.93,53.0,0.988,3.5616975326539935,0,"Trunk route - multi-carrier, unreliable",0.9105018515578956,1.7106004083660478
FLL-BUF,FLL,BUF,1166.0,555,2,64.63,17.15,75.3,2.523,2.7442929831226763,1,"Thin route - long delay tail, high average delay",2.4737291510820896,-1.4580771915739479
FLL-RDU,FLL,RDU,680.0,1353,5,67.42,18.6,70.1,2.069,3.131297796597623,0,"Trunk route - multi-carrier, unreliable",2.773284146590306,0.8766104689181349
GRR-MCO,GRR,MCO,1024.0,395,3,77.55,4.54,54.9,0.759,2.59659709562646,2,"Thin route - reliable, short delay tail",-0.21444698080887614,-0.5857154942094223
MCO-GRR,MCO,GRR,1024.0,396,3,80.41,3.72,37.8,0.505,2.597695185925512,2,"Thin route - reliable, short delay tail",-1.0002778104238719,-0.39175061573530906
PDX-BNA,PDX,BNA,1973.0,318,2,77.92,3.06,34.6,0.0,2.5024271199844326,3,"Thin route - long-haul, rarely cancels",-1.3851750571570256,-1.134923355598177
PDX-MCI,PDX,MCI,1482.0,347,2,82.32,2.07,26.0,0.288,2.5403294747908736,3,"Thin route - long-haul, rarely cancels",-1.8592728522895718,-0.8690421183230903
RDU-FLL,RDU,FLL,680.0,1353,5,77.47,8.59,51.0,2.365,3.131297796597623,0,"Trunk route - multi-carrier, unreliable",0.8852413753910925,1.3835549433694334
RSW-MCO,RSW,MCO,133.0,608,1,84.5,-0.08,27.1,1.151,2.783903579272735,2,"Thin route - reliable, short delay tail",-1.7764710676797897,-0.6913662641032318
SDF-BNA,SDF,BNA,151.0,505,1,78.8,6.07,33.1,0.99,2.7032913781186614,2,"Thin route - reliable, short delay tail",-0.834447574115968,-1.1226589515161023
SRQ-MCO,SRQ,MCO,104.0,607,1,87.71,-1.9,21.0,0.824,2.7831886910752575,2,"Thin route - reliable, short delay tail",-2.379497345722489,-0.54369319698574
PBI-MCO,PBI,MCO,141.0,607,1,85.24,-2.1,29.0,0.659,2.7831886910752575,2,"Thin route - reliable, short delay tail",-2.035045542651787,-0.6360828610260946
BNA-SDF,BNA,SDF,151.0,506,1,71.23,12.94,55.7,0.395,2.7041505168397992,1,"Thin route - long delay tail, high average delay",0.6736692191362852,-1.5326976475008633
SLC-MCO,SLC,MCO,1931.0,1506,4,82.82,1.76,29.7,0.73,3.177824971864682,3,"Thin route - long-haul, rarely cancels",-1.2524749736738148,1.3321950511337353
SEA-ANC,SEA,ANC,1448.0,6657,3,76.22,5.35,38.0,0.796,3.8232785569516707,0,"Trunk route - multi-carrier, unreliable",-0.07660732871006869,1.9623105612259226
ATL-SAN,ATL,SAN,1892.0,2379,2,79.28,2.44,32.0,0.588,3.3763944420372662,3,"Thin route - long-haul, rarely cancels",-1.1062574868570743,0.6964781511494428
DTW-SEA,DTW,SEA,1927.0,2064,2,73.25,7.73,43.0,0.727,3.314709692955174,3,"Thin route - long-haul, rarely cancels",0.009199438896894155,0.27119958187228654
JAX-JFK,JAX,JFK,829.0,1188,3,75.22,13.11,67.0,4.63,3.074816440645175,1,"Thin route - long delay tail, high average delay",1.9776297114678014,-0.011596471916022312
ATL-PBI,ATL,PBI,545.0,3791,2,75.8,8.28,43.0,1.504,3.5787537844264348,0,"Trunk route - multi-carrier, unreliable",0.3531306749931554,0.932802569512475
CVG-SEA,CVG,SEA,1965.0,793,2,76.18,5.74,38.0,1.009,2.8992731873176036,3,"Thin route - long-haul, rarely cancels",-0.5887920281554538,-0.46308353989361456
RDU-DTW,RDU,DTW,501.0,1499,3,87.88,-1.54,23.0,1.468,3.1758016328482794,2,"Thin route - reliable, short delay tail",-1.7888152190142736,1.146033265447981
ORD-BOS,ORD,BOS,867.0,7755,6,67.84,18.32,82.0,3.017,3.889581802149624,0,"Trunk route - multi-carrier, unreliable",3.6681013171315118,2.7949875314577604
JAN-ATL,JAN,ATL,340.0,1956,1,89.08,-4.78,17.0,1.585,3.291368850451583,2,"Thin route - reliable, short delay tail",-2.4461464280745475,0.5644136816726593
ATL-BOS,ATL,BOS,946.0,4977,4,73.96,10.13,54.0,2.07,3.696967640744023,0,"Trunk route - multi-carrier, unreliable",1.310012967470272,1.9355531891962763
LGA-DTW,LGA,DTW,502.0,3935,3,78.48,7.16,56.0,4.879,3.5949447366950835,0,"Trunk route - multi-carrier, unreliable",1.3490119913089933,1.3262804550101226
ATL-JAX,ATL,JAX,269.0,4045,2,75.92,9.12,46.0,1.533,3.606918525948291,0,"Trunk route - multi-carrier, unreliable",0.5415194873990758,0.9763680728974388
ATL-ABQ,ATL,ABQ,1269.0,997,1,84.4,-0.65,27.0,1.505,2.998695158311656,2,"Thin route - reliable, short delay tail",-1.8239012047132481,-0.3431708016028737
CHS-LGA,CHS,LGA,641.0,1471,2,75.85,16.34,71.0,5.71,3.16761267272753,1,"Thin route - long delay tail, high average delay",2.4257252834115763,-0.39998595591253794
JFK-TPA,JFK,TPA,1005.0,2301,3,76.9,6.1,56.3,3.564,3.3619166186686433,0,"Trunk route - multi-carrier, unreliable",0.9315425072026319,0.8412345167896346
DTW-AUS,DTW,AUS,1149.0,1320,2,80.63,0.76,33.0,1.439,3.12057393120585,2,"Thin route - reliable, short delay tail",-1.0841129999660586,0.25811421224012104
ATL-PNS,ATL,PNS,272.0,2812,1,82.95,4.9,32.0,1.849,3.4490153163477864,2,"Thin route - reliable, short delay tail",-0.7889057264235657,0.4735512080754773
PNS-ATL,PNS,ATL,272.0,2812,1,88.88,-2.56,18.0,1.956,3.4490153163477864,2,"Thin route - reliable, short delay tail",-2.0955337807827594,0.8250038260897948
PWM-ATL,PWM,ATL,1027.0,642,1,81.46,7.48,32.0,1.09,2.807535028068853,2,"Thin route - reliable, short delay tail",-1.048777884971317,-0.955731241416674
BOS-DTW,BOS,DTW,632.0,2583,4,77.24,8.07,55.0,2.4,3.412124406173317,0,"Trunk route - multi-carrier, unreliable",0.9573808465005087,1.4625548881135009
ORD-LGA,ORD,LGA,733.0,11611,6,67.36,19.65,84.0,5.064,4.064869625059806,0,"Trunk route - multi-carrier, unreliable",4.411084531258725,3.051163805882247
RDU-BOS,RDU,BOS,612.0,2827,4,79.18,4.93,55.3,2.794,3.4513258084895195,0,"Trunk route - multi-carrier, unreliable",0.7130668196405969,1.6296582336175836
AUS-DTW,AUS,DTW,1149.0,1321,2,87.6,2.03,21.0,1.438,3.1209028176145273,2,"Thin route - reliable, short delay tail",-1.853567201432932,0.44005547661950506
DTW-DFW,DTW,DFW,986.0,3493,5,75.32,8.69,58.0,2.348,3.5431985856376467,0,"Trunk route - multi-carrier, unreliable",1.3531923050881984,2.1142835685532417
FAI-SEA,FAI,SEA,1533.0,2290,2,82.12,1.94,26.0,1.004,3.359835482339888,3,"Thin route - long-haul, rarely cancels",-1.3711396791023194,0.7805164145204697
SEA-FAI,SEA,FAI,1533.0,2291,2,78.16,3.24,33.0,0.786,3.3600250891893975,3,"Thin route - long-haul, rarely cancels",-0.8429685264007668,0.6420588825115083
JFK-DTW,JFK,DTW,509.0,1220,2,76.56,6.0,60.0,3.77,3.0863598306747484,1,"Thin route - long delay tail, high average delay",0.9232356328475234,-0.19635754885636925
ATL-BHM,ATL,BHM,134.0,3334,1,83.68,2.95,34.0,1.77,3.5229655954919865,2,"Thin route - reliable, short delay tail",-0.8912114691913661,0.6781337913664008
ATL-MYR,ATL,MYR,317.0,1513,1,81.51,3.33,32.0,1.983,3.179838928023187,2,"Thin route - reliable, short delay tail",-0.8664224117736806,-0.07897601703984149
SDF-ATL,SDF,ATL,321.0,2717,1,89.81,-7.11,16.0,1.583,3.4340896384178907,2,"Thin route - reliable, short delay tail",-2.6272376662918315,0.9257829987685559
TPA-LGA,TPA,LGA,1010.0,2796,5,73.86,16.91,70.2,3.112,3.446537167073644,0,"Trunk route - multi-carrier, unreliable",2.477388732620918,1.6136486762101498
DTW-MCI,DTW,MCI,629.0,1343,4,81.3,3.03,43.5,1.191,3.1280760126687155,0,"Trunk route - multi-carrier, unreliable",-0.39115971340142885,1.173641681691554
AVL-ATL,AVL,ATL,164.0,2018,1,85.92,-2.2,29.0,1.437,3.3049211619008916,2,"Thin route - reliable, short delay tail",-1.7119145885822804,0.4198225464275113
ATL-PVD,ATL,PVD,903.0,1134,1,77.5,9.05,41.9,2.557,3.0546130545568877,2,"Thin route - reliable, short delay tail",0.08063092618442601,-0.6566340341181989
TPA-MSP,TPA,MSP,1306.0,1177,1,82.06,4.85,31.0,0.935,3.0707764628434346,2,"Thin route - reliable, short delay tail",-1.2751384588426804,-0.3630170397919007
LGA-CMH,LGA,CMH,479.0,3047,3,77.91,6.77,56.0,4.628,3.4838724542226736,0,"Trunk route - multi-carrier, unreliable",1.2684627338949304,1.1063080558432485
IND-MSP,IND,MSP,503.0,1247,2,83.52,2.35,34.0,0.722,3.0958664534785427,2,"Thin route - reliable, short delay tail",-1.2461245281410835,0.29468321163393024
ATL-STT,ATL,STT,1599.0,719,1,76.3,7.27,31.2,1.113,2.8567288903828825,3,"Thin route - long-haul, rarely cancels",-0.751726009435489,-0.9854931498146982
ALB-ATL,ALB,ATL,853.0,1044,1,83.84,3.55,31.0,2.299,3.0187004986662433,2,"Thin route - reliable, short delay tail",-1.134019844420799,-0.41689738071731913
ATL-ALB,ATL,ALB,853.0,1044,1,78.73,9.7,43.0,2.203,3.0187004986662433,2,"Thin route - reliable, short delay tail",-0.029442164801452786,-0.7134937041513983
SJU-DTW,SJU,DTW,1930.0,357,2,82.47,-0.67,34.0,1.681,2.552668216112193,3,"Thin route - long-haul, rarely cancels",-1.5895132245260628,-0.9179661621071393
MIA-JFK,MIA,JFK,1089.0,4530,3,71.87,14.1,66.0,2.826,3.656098202012832,0,"Trunk route - multi-carrier, unreliable",2.048970932582061,1.1388993180600002
DAB-ATL,DAB,ATL,366.0,1455,1,88.01,-0.56,21.5,1.856,3.162862993321926,2,"Thin route - reliable, short delay tail",-1.9521660082823062,0.15471868371555295
ATL-CLT,ATL,CLT,226.0,4380,4,80.13,7.41,44.0,1.735,3.6414741105040997,0,"Trunk route - multi-carrier, unreliable",0.40105435688265184,2.1250610990578904
MYR-LGA,MYR,LGA,563.0,667,3,76.29,9.51,64.0,3.898,2.824125833916549,1,"Thin route - long delay tail, high average delay",1.3468135842381355,-0.3670814063228995
BOS-TPA,BOS,TPA,1185.0,2791,4,75.02,8.13,61.0,2.795,3.445759836488631,0,"Trunk route - multi-carrier, unreliable",1.307798557408804,1.3929509642407079
ATL-MEM,ATL,MEM,332.0,3421,3,81.38,5.21,39.0,1.842,3.5341530741850624,0,"Trunk route - multi-carrier, unreliable",-0.15357785878448238,1.5171309735044542
MSP-BDL,MSP,BDL,1050.0,833,1,80.74,3.21,41.2,2.161,2.9206450014067875,2,"Thin route - reliable, short delay tail",-0.7503144680613072,-0.7469385435753008
BOS-MCI,BOS,MCI,1256.0,646,3,78.31,3.19,47.4,2.322,2.8102325179950842,3,"Thin route - long-haul, rarely cancels",-0.15377136920724682,-0.1238727201439617
DCA-DTW,DCA,DTW,405.0,2976,5,76.17,10.28,60.9,3.663,3.473632926873841,0,"Trunk route - multi-carrier, unreliable",1.8399796550709497,1.9407336537511917
DTW-DCA,DTW,DCA,405.0,2975,5,68.73,16.63,66.2,3.866,3.4734869700645685,0,"Trunk route - multi-carrier, unreliable",3.030185091327291,1.633219860786906
MCO-JFK,MCO,JFK,944.0,4856,3,74.79,12.64,67.2,3.233,3.686278678067201,0,"Trunk route - multi-carrier, unreliable",1.885480442352768,1.2744243764809735
SLC-CLT,SLC,CLT,1727.0,922,2,84.3,-1.12,23.0,1.085,2.9647309210536292,3,"Thin route - long-haul, rarely cancels",-1.9938512539239048,0.07648890208321446
SLC-TPA,SLC,TPA,1888.0,368,2,85.56,-2.02,20.8,0.272,2.5658478186735176,3,"Thin route - long-haul, rarely cancels",-2.5811789479189016,-0.6711390078149728
ATL-DSM,ATL,DSM,743.0,1251,1,84.74,0.71,29.0,2.398,3.09725730969342,2,"Thin route - reliable, short delay tail",-1.3766656453251298,-0.1624234807908095
SLC-MSY,SLC,MSY,1429.0,455,1,87.39,-3.85,18.0,0.44,2.6580113966571126,2,"Thin route - reliable, short delay tail",-2.91464971065154,-0.8394611528161615
MSP-LAX,MSP,LAX,1535.0,2133,1,82.0,0.49,31.0,0.938,3.3289908554494287,3,"Thin route - long-haul, rarely cancels",-1.4985026460518565,0.23524114292150192
MSP-CHS,MSP,CHS,1087.0,318,1,84.94,0.5,33.0,1.572,2.5024271199844326,2,"Thin route - reliable, short delay tail",-1.7815308431472532,-1.4003456582314568
IAD-ATL,IAD,ATL,534.0,3989,4,78.68,8.0,52.0,2.131,3.6008640363098396,0,"Trunk route - multi-carrier, unreliable",0.7904057209360111,1.9127429798799602
ICT-ATL,ICT,ATL,782.0,1150,1,87.38,-6.25,22.0,1.391,3.060697840353612,2,"Thin route - reliable, short delay tail",-2.48852107908413,0.028735614103062218
LAX-BOS,LAX,BOS,2611.0,4761,4,77.5,8.8,53.0,1.701,3.6776981814745104,0,"Trunk route - multi-carrier, unreliable",0.5626233562787796,1.8727390362585785
SAN-MSP,SAN,MSP,1532.0,1303,1,88.71,-1.13,18.0,0.767,3.1149444157125847,3,"Thin route - long-haul, rarely cancels",-2.593022682158381,0.04531072881775911
DCA-MSP,DCA,MSP,931.0,2600,5,75.77,12.54,59.0,2.923,3.4149733479708178,0,"Trunk route - multi-carrier, unreliable",1.6955871640616396,1.7608965914443815
MSP-DCA,MSP,DCA,931.0,2600,5,74.4,11.79,55.0,3.038,3.4149733479708178,0,"Trunk route - multi-carrier, unreliable",1.671744178363054,1.7747407974562852
PHL-DTW,PHL,DTW,453.0,2953,7,80.15,7.28,53.0,3.319,3.4702634469650784,0,"Trunk route - multi-carrier, unreliable",1.3188978664463735,3.0835360122401165
SLC-MCI,SLC,MCI,920.0,1009,1,85.63,-1.49,30.0,0.991,3.0038911662369103,2,"Thin route - reliable, short delay tail",-1.9575478628084226,-0.269260306670569
ILM-ATL,ILM,ATL,377.0,1149,1,87.22,-4.42,24.6,1.044,3.060320028688285,2,"Thin route - reliable, short delay tail",-2.2997901193413535,0.013240983368597452
CAE-ATL,CAE,ATL,192.0,1815,2,86.72,-0.81,28.0,1.598,3.258876629372131,2,"Thin route - reliable, short delay tail",-1.5488185574955167,0.7890580577922592
ATL-GNV,ATL,GNV,300.0,1591,1,84.87,0.57,27.1,1.886,3.2016701796465816,2,"Thin route - reliable, short delay tail",-1.452724539798488,0.12062295310218504
ATL-DAY,ATL,DAY,432.0,1402,1,85.21,-0.09,27.0,1.926,3.14674801363064,2,"Thin route - reliable, short delay tail",-1.5596944326614508,0.016812196338876956
DAY-ATL,DAY,ATL,432.0,1402,1,89.35,-7.95,18.0,1.997,3.14674801363064,2,"Thin route - reliable, short delay tail",-2.6314113608207785,0.311446603687752
ATL-XNA,ATL,XNA,589.0,1098,2,78.66,15.66,53.0,1.913,3.040602340114073,1,"Thin route - long delay tail, high average delay",0.7690049005745068,-0.35132845686713265
XNA-ATL,XNA,ATL,589.0,1099,2,82.68,8.79,40.7,1.82,3.0409976924234905,2,"Thin route - reliable, short delay tail",-0.35139636848297556,-0.05103975330892998
RIC-ATL,RIC,ATL,481.0,2674,2,88.51,-2.41,22.0,2.094,3.4271614029259654,2,"Thin route - reliable, short delay tail",-1.8183678062573616,1.2005173454937395
PIT-SLC,PIT,SLC,1660.0,363,1,74.86,1.92,32.0,1.102,2.5599066250361124,3,"Thin route - long-haul, rarely cancels",-1.1103505785804004,-1.519244952122303
SFO-ATL,SFO,ATL,2139.0,3349,3,80.37,4.6,39.0,0.866,3.524915147539867,3,"Thin route - long-haul, rarely cancels",-0.6332634503500374,1.3783251483690082
SEA-MSY,SEA,MSY,2086.0,627,2,80.87,-0.52,28.0,0.319,2.7972675408307164,3,"Thin route - long-haul, rarely cancels",-1.8566598733168331,-0.37922816252094266
MSP-SEA,MSP,SEA,1399.0,2685,2,81.36,2.56,30.0,0.968,3.428944290035574,3,"Thin route - long-haul, rarely cancels",-1.1246389411418412,0.8803418198291026
CMH-SEA,CMH,SEA,2016.0,464,5,71.9,8.87,43.2,1.078,2.6665179805548807,3,"Thin route - long-haul, rarely cancels",0.43490858738046967,0.3114275634249836
SEA-CMH,SEA,CMH,2016.0,464,5,80.43,-0.27,31.0,0.431,2.6665179805548807,3,"Thin route - long-haul, rarely cancels",-1.3125852412335526,0.7558939570662043
ATL-BTR,ATL,BTR,448.0,1080,2,83.38,1.33,33.8,1.944,3.03342375548695,2,"Thin route - reliable, short delay tail",-1.0432798883479877,0.15294634631597495
ATL-FLL,ATL,FLL,581.0,7265,5,70.76,14.4,64.0,2.299,3.86123561863404,0,"Trunk route - multi-carrier, unreliable",2.4283437960195537,2.558771094723497
LGA-SRQ,LGA,SRQ,1047.0,547,2,81.32,1.53,46.4,5.667,2.737987326333431,2,"Thin route - reliable, short delay tail",0.10929761024955875,-0.7417786692606351
OMA-ATL,OMA,ATL,821.0,1788,2,86.99,-2.26,21.0,1.622,3.2523675144598987,2,"Thin route - reliable, short delay tail",-1.9494582541072343,0.8064318426237368
DTW-MYR,DTW,MYR,636.0,394,3,86.34,-0.88,25.0,1.269,2.595496221825574,2,"Thin route - reliable, short delay tail",-1.8695440657145663,-0.10095148605375646
MYR-DTW,MYR,DTW,636.0,394,3,86.3,-1.34,26.0,1.523,2.595496221825574,2,"Thin route - reliable, short delay tail",-1.812478697696893,-0.10689172718828707
ORD-ATL,ORD,ATL,606.0,6442,9,75.33,11.18,57.0,2.328,3.8090207204836726,0,"Trunk route - multi-carrier, unreliable",2.2268806372219543,4.556910669056231
MSN-ATL,MSN,ATL,707.0,1029,1,90.22,-10.07,13.0,2.138,3.012415374762433,2,"Thin route - reliable, short delay tail",-3.0380944655786464,0.10308801541566107
ATL-COS,ATL,COS,1184.0,589,1,79.97,4.77,39.0,1.528,2.7701152947871015,2,"Thin route - reliable, short delay tail",-0.8705904945127179,-1.0771013661135578
COS-ATL,COS,ATL,1184.0,589,1,89.18,-4.49,19.4,1.868,2.7701152947871015,2,"Thin route - reliable, short delay tail",-2.6461387760765938,-0.5987851502950279
FLL-DTW,FLL,DTW,1127.0,2704,4,72.93,13.38,67.0,2.034,3.4320066872695985,0,"Trunk route - multi-carrier, unreliable",1.8102074235186756,1.2072168913317893
MSP-MCO,MSP,MCO,1310.0,1941,3,75.35,11.73,56.4,1.443,3.2880255353883627,0,"Trunk route - multi-carrier, unreliable",0.8666203952644138,0.5875124224232721
MIA-ATL,MIA,ATL,594.0,6261,6,73.56,13.55,62.0,1.581,3.7966437037851164,0,"Trunk route - multi-carrier, unreliable",2.051390002840579,3.0075951926081843
RSW-DTW,RSW,DTW,1084.0,1802,3,74.53,14.22,56.0,2.053,3.255754786643044,0,"Trunk route - multi-carrier, unreliable",1.251581640169384,0.45730459803551354
BOS-CVG,BOS,CVG,752.0,2000,3,80.45,2.11,40.0,2.95,3.3010299956639813,0,"Trunk route - multi-carrier, unreliable",-0.1679303352541735,1.0119365526555657
JFK-AUS,JFK,AUS,1521.0,2191,2,81.81,2.06,41.5,3.104,3.3406423775607053,3,"Thin route - long-haul, rarely cancels",-0.4508137663438462,0.5643679183450518
FSD-ATL,FSD,ATL,954.0,365,1,86.87,1.44,20.0,0.822,2.5622928644564746,2,"Thin route - reliable, short delay tail",-2.3385663692911387,-1.1405916325821754
DTW-TPA,DTW,TPA,983.0,2328,4,79.16,5.84,42.0,1.847,3.3669829759778507,0,"Trunk route - multi-carrier, unreliable",0.11397858728404432,1.5274038662764309
DFW-MSP,DFW,MSP,852.0,3293,5,73.3,14.05,63.1,2.308,3.517591730711908,0,"Trunk route - multi-carrier, unreliable",2.0077402477790973,1.8929774862151594
SLC-IAH,SLC,IAH,1195.0,1949,3,85.53,1.74,25.0,0.77,3.2898118391176214,2,"Thin route - reliable, short delay tail",-1.5594781152797794,1.222227759123877
CHS-BOS,CHS,BOS,818.0,1141,3,70.9,17.76,73.0,2.629,3.0572856444182146,1,"Thin route - long delay tail, high average delay",2.316502943712233,-0.19835833253088497
DTW-IAH,DTW,IAH,1075.0,2105,5,79.24,2.74,38.0,0.998,3.323252100171687,0,"Trunk route - multi-carrier, unreliable",-0.2921582580077012,2.026893842317685
BOS-LGA,BOS,LGA,184.0,7342,2,77.22,8.07,63.0,5.789,3.865814380167968,0,"Trunk route - multi-carrier, unreliable",1.9175060379288382,1.311030040881196
SLC-CLE,SLC,CLE,1565.0,363,1,81.67,9.42,48.0,0.275,2.5599066250361124,3,"Thin route - long-haul, rarely cancels",-0.8834544738068417,-1.623700168340678
SEA-JNU,SEA,JNU,909.0,1588,2,79.21,2.83,36.0,1.134,3.2008504980910772,2,"Thin route - reliable, short delay tail",-0.755931835312343,0.3626738488322206
DTW-PDX,DTW,PDX,1953.0,379,1,69.97,14.72,46.0,1.055,2.578639209968072,3,"Thin route - long-haul, rarely cancels",0.45119411212763433,-1.9482576967820227
DTW-SAN,DTW,SAN,1956.0,1290,2,75.35,9.27,45.0,0.93,3.110589710299249,3,"Thin route - long-haul, rarely cancels",-0.0347429657451517,-0.16203699396907548
BOS-FLL,BOS,FLL,1237.0,3359,3,67.01,16.26,77.0,3.572,3.526210003841664,1,"Thin route - long delay tail, high average delay",2.957869252451462,0.6315132851952967
SLC-CMH,SLC,CMH,1528.0,363,1,79.44,9.79,48.1,0.551,2.5599066250361124,3,"Thin route - long-haul, rarely cancels",-0.6139620112701896,-1.678076875382233
SLC-DTW,SLC,DTW,1481.0,1552,2,88.64,-3.82,18.0,0.129,3.1908917169221698,3,"Thin route - long-haul, rarely cancels",-2.7354885153126967,0.756504134397432
SLC-ORD,SLC,ORD,1250.0,3205,5,75.96,12.76,61.0,1.498,3.5058280338548364,0,"Trunk route - multi-carrier, unreliable",1.4047325478717667,1.9511814212657757
MEM-SLC,MEM,SLC,1262.0,365,1,89.47,2.84,17.0,1.096,2.5622928644564746,2,"Thin route - reliable, short delay tail",-2.5097839452719124,-1.1350742746827798
DEN-JFK,DEN,JFK,1626.0,1560,3,82.37,1.99,39.8,3.141,3.1931245983544616,3,"Thin route - long-haul, rarely cancels",-0.4672788842314886,0.7539559422636288
MIA-LGA,MIA,LGA,1096.0,5990,5,67.72,18.79,78.0,3.94,3.7774268223893115,0,"Trunk route - multi-carrier, unreliable",3.5929111515078764,2.0555724360216097
BOS-DFW,BOS,DFW,1562.0,3706,4,77.03,6.36,60.8,3.211,3.5689054149828787,0,"Trunk route - multi-carrier, unreliable",1.1125239485395746,1.6759456667686603
CHA-ATL,CHA,ATL,106.0,1336,2,85.34,0.03,33.0,2.395,3.125806458139527,2,"Thin route - reliable, short delay tail",-1.108482203088472,0.42288804973983296
DFW-BOS,DFW,BOS,1562.0,3710,4,66.99,18.13,79.0,3.208,3.569373909615046,0,"Trunk route - multi-carrier, unreliable",3.1627265909531426,1.1309882010447005
JAX-MSP,JAX,MSP,1173.0,347,1,79.36,4.53,38.1,0.865,2.5403294747908736,2,"Thin route - reliable, short delay tail",-1.105682274823015,-1.5258571089439226
LGA-PBI,LGA,PBI,1035.0,3208,4,70.35,13.84,71.0,4.271,3.506234359612126,0,"Trunk route - multi-carrier, unreliable",2.7066395532343592,1.2135785272015074
JAX-BOS,JAX,BOS,1011.0,1613,3,74.6,12.08,64.6,2.294,3.2076343673889616,0,"Trunk route - multi-carrier, unreliable",1.3768642611925828,0.3444301865426747
BOS-SAN,BOS,SAN,2588.0,1849,4,76.74,1.96,43.0,1.622,3.266936911159173,3,"Thin route - long-haul, rarely cancels",-0.28161261886010536,1.2302461073706663
MCO-SYR,MCO,SYR,1053.0,701,2,79.02,4.64,42.0,1.141,2.8457180179666586,2,"Thin route - reliable, short delay tail",-0.6224818865998432,-0.4566805384753517
BOS-LAX,BOS,LAX,2611.0,4758,4,75.06,10.29,53.0,1.702,3.6774244377012475,0,"Trunk route - multi-carrier, unreliable",0.8518407401821625,1.7973134274407399
BOS-BUF,BOS,BUF,395.0,1295,3,75.48,6.85,61.0,3.012,3.1122697684172707,0,"Trunk route - multi-carrier, unreliable",1.086750968421762,0.3235901708969236
MCO-BQN,MCO,BQN,1129.0,1004,2,74.36,11.97,60.6,1.494,3.0017337128090005,1,"Thin route - long delay tail, high average delay",0.8545247255320336,-0.5145369961473208
BOS-LAS,BOS,LAS,2381.0,1609,2,75.51,5.55,50.7,1.243,3.2065560440990297,3,"Thin route - long-haul, rarely cancels",-0.10524846454656421,0.031403071929020664
LAS-BOS,LAS,BOS,2381.0,1610,2,75.43,9.37,64.0,1.366,3.2068258760318495,3,"Thin route - long-haul, rarely cancels",0.538429265941004,-0.1411476657576239
JFK-ORD,JFK,ORD,740.0,2074,5,72.39,14.79,83.0,5.593,3.316808752053022,1,"Thin route - long delay tail, high average delay",3.3500730920456983,1.2231112867793068
IAH-BOS,IAH,BOS,1597.0,2019,2,71.58,14.97,72.0,1.486,3.305136318943639,1,"Thin route - long delay tail, high average delay",1.6164763184670503,-0.11955366779024902
BNA-JFK,BNA,JFK,765.0,1439,2,77.66,6.23,47.0,4.1,3.158060793936605,0,"Trunk route - multi-carrier, unreliable",0.5745163556443343,0.022347845039629895
BOS-RIC,BOS,RIC,473.0,1694,2,76.87,4.52,57.0,3.188,3.228913405994688,0,"Trunk route - multi-carrier, unreliable",0.6479236753753451,0.1725122712393854
JFK-PVD,JFK,PVD,144.0,365,1,67.33,10.99,62.8,3.562,2.5622928644564746,1,"Thin route - long delay tail, high average delay",1.7068399253703446,-1.9996911431428541
SAN-JFK,SAN,JFK,2446.0,2415,3,83.54,1.46,31.6,2.857,3.382917135087531,3,"Thin route - long-haul, rarely cancels",-0.9308146758248225,1.1728878863259513
JFK-PIT,JFK,PIT,340.0,1764,2,75.57,7.41,62.4,4.875,3.246498580795801,1,"Thin route - long delay tail, high average delay",1.5036515233348162,0.04738140264780323
PVD-FLL,PVD,FLL,1188.0,538,2,68.82,14.43,69.0,1.673,2.7307822756663893,1,"Thin route - long delay tail, high average delay",1.5950166328121955,-1.28678484328646
FLL-LAX,FLL,LAX,2343.0,2297,3,76.49,6.1,47.0,1.045,3.361160995195026,3,"Thin route - long-haul, rarely cancels",-0.07703750284079283,0.866338493990571
JFK-BUF,JFK,BUF,301.0,1218,1,74.24,13.59,71.0,5.172,3.0856472882968564,1,"Thin route - long delay tail, high average delay",2.118910779317487,-0.9745593391562056
RSW-HPN,RSW,HPN,1102.0,598,1,81.14,4.07,45.0,1.338,2.776701183988411,2,"Thin route - reliable, short delay tail",-0.8780925684331257,-1.0559402649400518
JFK-CHS,JFK,CHS,636.0,787,3,75.44,8.32,59.0,5.718,2.8959747323590648,1,"Thin route - long delay tail, high average delay",1.637175314774937,-0.2399914087219257
MCO-HPN,MCO,HPN,972.0,1185,1,69.61,15.31,68.9,2.11,3.0737183503461227,1,"Thin route - long delay tail, high average delay",1.7188167662517764,-1.0623800247072197
DCA-SJU,DCA,SJU,1554.0,364,1,73.37,10.85,59.0,1.648,2.561101383649056,1,"Thin route - long delay tail, high average delay",0.46380078819845705,-1.9171563621974146
SJU-DCA,SJU,DCA,1554.0,364,1,71.07,19.33,88.0,1.923,2.561101383649056,1,"Thin route - long delay tail, high average delay",2.0430102110115445,-2.3364812219463635
DCA-BOS,DCA,BOS,399.0,9090,5,71.16,15.05,76.0,3.927,3.9585638832219674,0,"Trunk route - multi-carrier, unreliable",3.2014140291196336,2.634931091844066
SJU-BDL,SJU,BDL,1666.0,966,2,69.82,14.91,60.0,2.277,2.9849771264154934,1,"Thin route - long delay tail, high average delay",1.4766279128716577,-0.7548001510198326
SYR-JFK,SYR,JFK,209.0,510,2,80.91,5.87,40.0,5.49,2.7075701760979363,2,"Thin route - reliable, short delay tail",0.3455556459818866,-0.78484040066217
ORF-BOS,ORF,BOS,468.0,474,3,79.7,12.89,59.3,1.266,2.6757783416740852,2,"Thin route - reliable, short delay tail",0.5363288526600177,-0.5567947115078365
SJU-EWR,SJU,EWR,1608.0,2084,4,75.02,13.53,57.0,3.119,3.3188977146274867,0,"Trunk route - multi-carrier, unreliable",1.5241892761128215,1.0056596086062415
EWR-RSW,EWR,RSW,1068.0,1985,2,79.28,3.37,44.0,2.015,3.297760511099134,2,"Thin route - reliable, short delay tail",-0.29726708367812454,0.4571723812522491
FLL-ORH,FLL,ORH,1211.0,319,1,73.16,8.8,55.6,1.567,2.503790683057181,1,"Thin route - long delay tail, high average delay",0.26504592772621205,-1.9433829704411922
BOS-RSW,BOS,RSW,1249.0,2193,3,70.76,11.42,64.0,2.69,3.341038631677523,0,"Trunk route - multi-carrier, unreliable",1.719427551692934,0.5339063298312359
PBI-DCA,PBI,DCA,857.0,1806,5,70.05,20.5,79.8,1.993,3.256717745977487,0,"Trunk route - multi-carrier, unreliable",2.958368030104098,1.0649734167210745
SJU-HPN,SJU,HPN,1624.0,359,1,70.5,20.63,73.0,4.178,2.5550944485783194,1,"Thin route - long delay tail, high average delay",2.286064243385597,-2.3606823488316335
JFK-SLC,JFK,SLC,1990.0,1928,2,78.5,2.42,41.0,2.127,3.285107029566812,3,"Thin route - long-haul, rarely cancels",-0.5061937761096227,0.37957480421842876
JFK-MSY,JFK,MSY,1182.0,1142,3,80.63,1.47,44.7,5.079,3.0576661039098294,0,"Trunk route - multi-carrier, unreliable",0.225845547639417,0.3979905415083733
PHX-JFK,PHX,JFK,2153.0,3033,3,79.97,3.69,42.0,3.099,3.4818724103106633,3,"Thin route - long-haul, rarely cancels",-0.08832296407782603,1.2107563524973597
MSY-JFK,MSY,JFK,1182.0,1142,3,79.13,5.07,46.3,5.166,3.0576661039098294,0,"Trunk route - multi-carrier, unreliable",0.6471330511584995,0.2834842404320492
BQN-MCO,BQN,MCO,1129.0,1005,2,78.65,7.62,53.0,2.189,3.002166061756508,2,"Thin route - reliable, short delay tail",0.18944330387862504,-0.3171161729439147
SEA-JFK,SEA,JFK,2422.0,2906,3,77.43,4.94,39.0,2.925,3.4632956099620027,3,"Thin route - long-haul, rarely cancels",0.022784254471719587,1.1051165194461046
SFO-FLL,SFO,FLL,2584.0,1250,2,80.42,5.03,33.0,0.16,3.0969100130080562,3,"Thin route - long-haul, rarely cancels",-1.3125321508689185,0.04345517166650719
MSY-BOS,MSY,BOS,1367.0,853,4,62.87,23.5,93.0,2.11,2.930949031167523,1,"Thin route - long delay tail, high average delay",3.738011095506653,-0.4046693700196808
STT-SJU,STT,SJU,68.0,548,2,71.27,16.53,78.0,2.19,2.738780558484369,1,"Thin route - long delay tail, high average delay",2.085853192322615,-1.2561221034588035
PVD-SJU,PVD,SJU,1636.0,300,1,82.31,-1.46,33.0,1.667,2.4771212547196626,3,"Thin route - long-haul, rarely cancels",-1.786163224210111,-1.5065427250765009
JFK-BQN,JFK,BQN,1576.0,469,1,63.58,17.48,72.8,2.345,2.6711728427150834,1,"Thin route - long delay tail, high average delay",2.232951708458398,-2.121889173767784
TPA-HPN,TPA,HPN,1032.0,364,1,76.77,6.78,53.4,1.648,2.561101383649056,2,"Thin route - reliable, short delay tail",-0.1384218346684546,-1.6925802351109653
BOS-STT,BOS,STT,1693.0,318,2,73.84,14.24,77.4,4.403,2.5024271199844326,1,"Thin route - long delay tail, high average delay",1.8757413685896327,-1.8410166558627818
PHX-FLL,PHX,FLL,1972.0,572,4,65.78,17.04,61.2,0.874,2.7573960287930244,1,"Thin route - long delay tail, high average delay",1.7873744621633263,-0.3704028319747926
SJU-STX,SJU,STX,94.0,317,2,74.52,7.17,50.0,0.946,2.5010592622177517,2,"Thin route - reliable, short delay tail",0.07830079233297067,-1.2665654432131763
STX-SJU,STX,SJU,94.0,317,2,75.48,5.91,41.0,0.946,2.5010592622177517,2,"Thin route - reliable, short delay tail",-0.31848074048089614,-1.1627411269469612
HNL-ATL,HNL,ATL,4502.0,383,1,79.42,5.74,33.0,0.783,2.583198773968623,3,"Thin route - long-haul, rarely cancels",-1.6948541339961058,-1.6911593479282163
HNL-MSP,HNL,MSP,3972.0,365,1,85.0,0.61,28.1,0.822,2.5622928644564746,3,"Thin route - long-haul, rarely cancels",-2.5165697495284833,-1.4533484302774076
MCO-SEA,MCO,SEA,2554.0,1822,2,76.63,5.2,43.4,0.988,3.2605483726369795,3,"Thin route - long-haul, rarely cancels",-0.4731075247637344,0.21262984199847174
SFO-DTW,SFO,DTW,2079.0,1794,2,78.88,3.28,42.0,0.669,3.2538224387080734,3,"Thin route - long-haul, rarely cancels",-0.8142522174843737,0.3364098691240571
SEA-FLL,SEA,FLL,2717.0,826,2,77.94,1.75,33.5,0.726,2.9169800473203824,3,"Thin route - long-haul, rarely cancels",-1.2909371760380912,-0.3341358125218722
SEA-OGG,SEA,OGG,2639.0,1809,3,79.21,-0.18,33.0,0.442,3.257438566859814,3,"Thin route - long-haul, rarely cancels",-1.308093559249852,0.9215487948941015
SEA-HNL,SEA,HNL,2677.0,2933,3,65.78,17.55,54.0,0.921,3.467312062980552,3,"Thin route - long-haul, rarely cancels",1.668440939498308,0.5844708533257796
HNL-SLC,HNL,SLC,2994.0,856,3,82.22,3.76,29.0,1.519,2.932473764677153,3,"Thin route - long-haul, rarely cancels",-1.3165085235921374,0.1954303151070287
ATL-RNO,ATL,RNO,1993.0,308,1,70.53,12.05,58.6,0.974,2.4885507165004443,3,"Thin route - long-haul, rarely cancels",0.49947906611996745,-2.1531715806529785
RNO-ATL,RNO,ATL,1993.0,308,1,76.64,17.65,65.2,1.299,2.4885507165004443,3,"Thin route - long-haul, rarely cancels",0.6549112888477036,-2.2116128811274263
LAX-DTW,LAX,DTW,1979.0,2451,3,82.55,3.46,35.0,1.061,3.389343311252078,3,"Thin route - long-haul, rarely cancels",-0.9673756509785516,1.1974885535042439
ATL-SEA,ATL,SEA,2182.0,3278,2,76.78,5.63,37.0,0.61,3.51560894923448,3,"Thin route - long-haul, rarely cancels",-0.5517394838296173,0.8130485600684292
PDX-JFK,PDX,JFK,2454.0,914,2,86.89,-5.17,20.0,1.969,2.960946195733831,3,"Thin route - long-haul, rarely cancels",-2.459651082697603,0.13329649129806556
DFW-JFK,DFW,JFK,1391.0,1979,3,75.72,8.57,53.0,3.183,3.296445794206396,0,"Trunk route - multi-carrier, unreliable",0.9270999109731946,0.6384269608094688
RDU-LAX,RDU,LAX,2239.0,791,2,82.12,3.46,35.6,0.759,2.8981764834976764,3,"Thin route - long-haul, rarely cancels",-1.366686264701035,-0.30873631199002455
DFW-SEA,DFW,SEA,1660.0,5228,4,70.56,13.51,55.0,1.989,3.7183355789085066,0,"Trunk route - multi-carrier, unreliable",1.703435351643414,1.7869754186038518
ATL-PDX,ATL,PDX,2172.0,1552,4,79.04,5.02,34.0,0.902,3.1908917169221698,3,"Thin route - long-haul, rarely cancels",-0.6203168887382609,1.1699224706392912
BUR-ATL,BUR,ATL,1941.0,364,1,76.09,15.71,54.8,4.396,2.561101383649056,1,"Thin route - long delay tail, high average delay",1.0439386909946446,-2.0557203694389985
KOA-SEA,KOA,SEA,2688.0,1422,2,87.13,-6.0,19.0,2.18,3.1528995963937474,3,"Thin route - long-haul, rarely cancels",-2.4731940294503234,0.52889683471854
MIA-SEA,MIA,SEA,2724.0,1212,3,66.72,14.85,60.0,1.073,3.0835026198302673,3,"Thin route - long-haul, rarely cancels",1.4476145411958978,-0.17735878287190945
LAX-RDU,LAX,RDU,2239.0,790,2,77.52,15.39,53.0,0.633,2.8976270912904414,3,"Thin route - long-haul, rarely cancels",0.22419385721191337,-0.7510976006128735
OMA-PHL,OMA,PHL,1089.0,330,3,80.37,4.86,47.0,2.727,2.5185139398778875,2,"Thin route - reliable, short delay tail",-0.20602579342707042,-0.7142191555414911
PHL-MEM,PHL,MEM,875.0,759,2,79.29,4.9,51.0,2.899,2.88024177589548,2,"Thin route - reliable, short delay tail",0.0596422790912208,-0.48757954321817654
DFW-BTR,DFW,BTR,383.0,2082,3,78.18,11.04,60.0,3.41,3.3184807251745174,0,"Trunk route - multi-carrier, unreliable",1.3101394231662316,0.7039490325435735
DCA-BHM,DCA,BHM,653.0,1046,3,70.25,13.97,81.6,4.493,3.0195316845312554,1,"Thin route - long delay tail, high average delay",2.7794496425500372,-0.31247895473729687
DFW-ICT,DFW,ICT,328.0,2427,4,75.45,11.47,54.9,3.255,3.385069776331935,0,"Trunk route - multi-carrier, unreliable",1.5576804842334722,1.3033425151682245
ICT-DFW,ICT,DFW,328.0,2430,4,78.97,11.36,53.0,3.086,3.385606273598312,0,"Trunk route - multi-carrier, unreliable",1.1893962381877328,1.3886402662227364
GPT-CLT,GPT,CLT,577.0,615,1,84.34,3.13,38.0,3.252,2.788875115775417,2,"Thin route - reliable, short delay tail",-0.8432379947226327,-0.9242261736082479
CLT-SAV,CLT,SAV,213.0,2052,3,75.87,9.16,60.0,1.511,3.3121773564397787,0,"Trunk route - multi-carrier, unreliable",0.9477183748492632,0.7604262577772437
DCA-SYR,DCA,SYR,298.0,1029,4,67.82,17.67,71.2,4.665,3.012415374762433,1,"Thin route - long delay tail, high average delay",3.178820953536587,0.1239718426010173
SAV-CLT,SAV,CLT,213.0,2048,3,85.83,-0.48,29.0,1.66,3.3113299523037933,2,"Thin route - reliable, short delay tail",-1.256743617228887,1.341083927626866
DAB-CLT,DAB,CLT,416.0,1398,2,84.08,1.76,37.4,2.933,3.1455071714096627,2,"Thin route - reliable, short delay tail",-0.69550890320215,0.3337021808552142
DCA-CAE,DCA,CAE,408.0,1091,3,67.12,16.67,76.7,5.225,3.037824750588342,1,"Thin route - long delay tail, high average delay",3.289455192351124,-0.3574528362607968
PHL-OMA,PHL,OMA,1089.0,330,3,73.99,7.92,77.6,2.121,2.5185139398778875,1,"Thin route - long delay tail, high average delay",1.1611521378864644,-1.0798062665788133
BTV-CLT,BTV,CLT,761.0,644,2,79.74,9.74,40.4,2.484,2.808885867359812,2,"Thin route - reliable, short delay tail",-0.03396188446198978,-0.6312613632054239
MSN-PHL,MSN,PHL,764.0,450,3,82.98,3.31,46.8,5.778,2.6532125137753435,2,"Thin route - reliable, short delay tail",0.2918637192484015,-0.4271764365988385
SRQ-CLT,SRQ,CLT,547.0,1397,3,85.27,1.33,30.0,1.575,3.1451964061141817,2,"Thin route - reliable, short delay tail",-1.2033692038461792,0.9230758122841962
DAY-CLT,DAY,CLT,370.0,1369,1,82.42,5.25,38.3,1.388,3.13640344813399,2,"Thin route - reliable, short delay tail",-0.8037787768472846,-0.21879492526669259
DAY-DFW,DAY,DFW,861.0,1356,2,79.92,4.58,52.6,2.212,3.1322596895310446,2,"Thin route - reliable, short delay tail",-0.02507570849826566,0.05786464616253136
IND-PHL,IND,PHL,588.0,1559,3,80.68,9.11,44.0,3.528,3.192846115188842,0,"Trunk route - multi-carrier, unreliable",0.5093198466598302,0.6194226081594446
DCA-MEM,DCA,MEM,762.0,1126,4,71.74,11.34,67.0,4.618,3.0515383905153275,1,"Thin route - long delay tail, high average delay",2.2685145051453643,0.39757523680320517
SYR-DCA,SYR,DCA,298.0,1029,4,66.46,23.04,76.6,5.053,3.012415374762433,1,"Thin route - long delay tail, high average delay",3.8786123942739277,-0.05923112814770799
PHL-BDL,PHL,BDL,195.0,572,3,70.25,18.71,64.3,2.273,2.7573960287930244,1,"Thin route - long delay tail, high average delay",2.099510066079031,-0.7238228178520377
MSP-PHL,MSP,PHL,981.0,2050,5,79.81,9.0,50.0,3.659,3.311753861055754,0,"Trunk route - multi-carrier, unreliable",1.028062644792806,1.7292235053460963
PHL-MSP,PHL,MSP,981.0,2051,5,78.87,11.35,58.0,4.047,3.3119656603683665,0,"Trunk route - multi-carrier, unreliable",1.560180681898841,1.5984904714214054
CLT-GSP,CLT,GSP,75.0,1504,3,71.2,15.79,67.9,2.061,3.1772478362556233,1,"Thin route - long delay tail, high average delay",2.0602310583482923,0.2043752923572268
DFW-DAY,DFW,DAY,861.0,1354,1,74.94,12.45,73.4,2.437,3.1316186643491255,1,"Thin route - long delay tail, high average delay",1.3488120040695584,-0.8201230549745723
DCA-TUL,DCA,TUL,1050.0,400,3,67.45,11.99,65.7,3.75,2.6020599913279625,1,"Thin route - long delay tail, high average delay",2.042472062485866,-1.078549653388632
TUL-DCA,TUL,DCA,1050.0,400,3,72.85,16.93,70.8,6.25,2.6020599913279625,1,"Thin route - long delay tail, high average delay",2.6707697982990246,-1.1940245239803466
BDL-PHL,BDL,PHL,195.0,571,3,81.51,8.01,38.4,2.277,2.756636108245848,2,"Thin route - reliable, short delay tail",-0.1757884237902536,-0.12746358892299944
DFW-PIA,DFW,PIA,672.0,1056,2,76.18,12.13,60.5,3.693,3.0236639181977933,1,"Thin route - long delay tail, high average delay",1.3112168906524455,-0.47121180884193536
DFW-ECP,DFW,ECP,685.0,1289,3,74.76,9.82,55.0,2.87,3.110252917353403,0,"Trunk route - multi-carrier, unreliable",1.1048422164217016,0.26712426569521924
TYS-DFW,TYS,DFW,772.0,1738,4,77.03,11.31,54.0,3.797,3.2400497721126476,0,"Trunk route - multi-carrier, unreliable",1.3981911590751614,0.9922214101982266
CLT-RDU,CLT,RDU,130.0,3045,3,77.71,8.63,48.0,1.609,3.4835872969688944,0,"Trunk route - multi-carrier, unreliable",0.5567339919571502,1.2397781753742128
CVG-CLT,CVG,CLT,335.0,1785,3,80.69,11.55,49.8,2.073,3.251638220448212,0,"Trunk route - multi-carrier, unreliable",0.5539748545296135,0.7164197376030136
SDF-CLT,SDF,CLT,335.0,1757,3,82.49,7.39,39.0,2.106,3.244771761495295,2,"Thin route - reliable, short delay tail",-0.14613159341007173,0.8919767973708222
ABE-CLT,ABE,CLT,481.0,856,1,84.41,5.82,57.0,3.738,2.932473764677153,2,"Thin route - reliable, short delay tail",0.018786560059966678,-0.819597775650013
DCA-MYR,DCA,MYR,372.0,754,4,76.36,8.1,50.0,4.642,2.877371345869774,0,"Trunk route - multi-carrier, unreliable",1.2428427430947575,0.3363099760356094
DFW-MOB,DFW,MOB,539.0,1155,2,80.6,4.77,42.0,4.069,3.062581984228163,2,"Thin route - reliable, short delay tail",0.10788014191336003,-0.03704436414113678
MOB-DFW,MOB,DFW,539.0,1155,2,82.37,5.68,39.0,3.81,3.062581984228163,2,"Thin route - reliable, short delay tail",-0.10637152084685453,0.004687909032007762
VPS-CLT,VPS,CLT,460.0,1203,2,79.95,14.87,60.8,2.743,3.0802656273398448,1,"Thin route - long delay tail, high average delay",1.0497356435159757,-0.29859769352482796
DCA-CHS,DCA,CHS,444.0,1751,4,69.78,17.15,73.0,3.37,3.243286146083446,1,"Thin route - long delay tail, high average delay",2.808936007813505,0.6591902170828685
LFT-DFW,LFT,DFW,351.0,1666,3,73.6,21.78,83.8,3.601,3.2216749970707688,1,"Thin route - long delay tail, high average delay",3.0282290668008716,0.03899187230963719
CLT-DAY,CLT,DAY,370.0,1368,1,73.63,14.77,79.0,1.316,3.1360860973840974,1,"Thin route - long delay tail, high average delay",1.5755367846783217,-0.8458180528699019
MYR-DFW,MYR,DFW,1048.0,506,3,71.37,30.72,96.4,2.174,2.7041505168397992,1,"Thin route - long delay tail, high average delay",3.491600113544509,-1.3398042131311618
BHM-PHL,BHM,PHL,772.0,561,2,82.26,7.18,43.0,3.209,2.7489628612561616,2,"Thin route - reliable, short delay tail",-0.19093625006585618,-0.6966245944938171
CLE-PHL,CLE,PHL,363.0,1001,4,78.21,10.69,60.2,5.095,3.000434077479319,0,"Trunk route - multi-carrier, unreliable",1.6987700596153792,0.48657067118481767
CLT-CMH,CLT,CMH,347.0,2047,4,77.18,8.34,47.0,1.759,3.311117842662506,0,"Trunk route - multi-carrier, unreliable",0.6264818167431729,1.3458468017238847
DCA-SDF,DCA,SDF,474.0,1031,4,75.15,7.86,57.0,5.141,3.0132586652835167,0,"Trunk route - multi-carrier, unreliable",1.657607186258402,0.5265126876403845
CLT-LFT,CLT,LFT,729.0,365,1,70.7,13.71,64.2,1.918,2.5622928644564746,1,"Thin route - long delay tail, high average delay",1.1944972462736252,-1.9992545674517026
MSY-PHL,MSY,PHL,1089.0,1131,4,80.05,15.48,54.0,2.829,3.053462604925455,0,"Trunk route - multi-carrier, unreliable",1.098742623512216,0.5845636406865876
JAX-PHL,JAX,PHL,742.0,1564,4,79.5,9.37,62.0,3.005,3.1942367487238292,0,"Trunk route - multi-carrier, unreliable",1.0913207906041338,0.9563184454499326
CLT-CHS,CLT,CHS,168.0,2500,3,75.98,10.75,56.0,1.68,3.3979400086720375,0,"Trunk route - multi-carrier, unreliable",1.021133363006713,0.9305708459949202
DFW-MKE,DFW,MKE,853.0,1083,3,67.66,21.62,81.0,3.693,3.0346284566253203,1,"Thin route - long delay tail, high average delay",3.269714715197726,-0.4724522670686746
DCA-HPN,DCA,HPN,234.0,1359,1,62.77,26.24,95.0,6.402,3.1332194567324945,1,"Thin route - long delay tail, high average delay",4.80606301432075,-1.5392227304506862
ALB-CLT,ALB,CLT,646.0,1111,2,82.63,8.76,32.0,1.35,3.0457140589408676,2,"Thin route - reliable, short delay tail",-0.694902592327348,0.026955565010410448
CLT-ALB,CLT,ALB,646.0,1111,2,78.54,8.33,49.0,1.35,3.0457140589408676,2,"Thin route - reliable, short delay tail",0.040677601663718324,-0.152875632880326
CLT-SBN,CLT,SBN,534.0,1026,1,76.77,5.3,48.1,2.924,3.0111473607757975,2,"Thin route - reliable, short delay tail",0.17367322626453774,-0.7056057178353702
OKC-CLT,OKC,CLT,940.0,811,3,84.09,8.52,33.0,1.85,2.909020854211156,2,"Thin route - reliable, short delay tail",-0.6399929367617891,0.21080480795761802
DCA-ORF,DCA,ORF,142.0,1041,3,63.55,20.5,90.0,4.323,3.017450729510536,1,"Thin route - long delay tail, high average delay",4.000886158086325,-0.582591401218172
AVL-CLT,AVL,CLT,91.0,812,3,83.9,4.28,38.2,2.833,2.9095560292411755,2,"Thin route - reliable, short delay tail",-0.41213623618064515,0.2976328420235653
IAH-PHL,IAH,PHL,1325.0,1848,6,78.73,14.87,54.1,2.002,3.2667019668840878,0,"Trunk route - multi-carrier, unreliable",1.303874686604445,1.9715827299529627
DFW-OKC,DFW,OKC,175.0,3169,4,72.48,13.82,67.0,2.808,3.5009222391903005,0,"Trunk route - multi-carrier, unreliable",2.2321266944082487,1.3830510687793178
DCA-PNS,DCA,PNS,816.0,1074,3,67.77,19.16,80.7,3.911,3.0310042813635367,1,"Thin route - long delay tail, high average delay",3.1419652564555047,-0.42925625675984747
CLT-MCI,CLT,MCI,808.0,1190,3,75.99,8.3,53.0,2.017,3.0755469613925306,0,"Trunk route - multi-carrier, unreliable",0.6241507006637941,0.2797971682857888
CLT-TYS,CLT,TYS,176.0,892,4,69.32,18.4,74.4,2.578,2.950364854376123,1,"Thin route - long delay tail, high average delay",2.709705158826472,0.06251141512385784
CAE-DFW,CAE,DFW,922.0,985,2,81.43,0.75,40.8,2.64,2.9934362304976116,2,"Thin route - reliable, short delay tail",-0.6776076712027501,-0.05907933914368868
DCA-CHA,DCA,CHA,523.0,300,3,65.12,24.51,106.0,6.0,2.4771212547196626,1,"Thin route - long delay tail, high average delay",4.685478281089096,-1.9323438400359259
MYR-CLT,MYR,CLT,157.0,2258,3,84.19,2.97,38.0,1.86,3.353723937588949,2,"Thin route - reliable, short delay tail",-0.5876854521885864,1.2650157279753516
PHL-PWM,PHL,PWM,364.0,675,3,76.96,10.38,59.0,3.259,2.829303772831025,1,"Thin route - long delay tail, high average delay",1.1080169931600294,-0.2926879802094029
DCA-ROC,DCA,ROC,296.0,1032,3,68.69,17.98,77.0,5.426,3.0136796972911926,1,"Thin route - long delay tail, high average delay",3.3192369121298504,-0.4045439901663448
ROC-DCA,ROC,DCA,296.0,1033,3,67.28,28.87,91.9,5.615,3.0141003215196207,1,"Thin route - long delay tail, high average delay",4.600606841840126,-0.7586882326874463
MSN-CLT,MSN,CLT,708.0,1013,2,84.26,1.6,41.0,1.876,3.0056094453602804,2,"Thin route - reliable, short delay tail",-0.971064061162265,0.03934371261733488
PHL-CMH,PHL,CMH,407.0,1435,3,79.84,4.27,46.0,3.066,3.156851901070011,0,"Trunk route - multi-carrier, unreliable",0.20803840680042837,0.645152096168994
DCA-DSM,DCA,DSM,897.0,702,3,72.92,10.59,61.0,5.698,2.846337112129805,1,"Thin route - long delay tail, high average delay",1.9721234179985303,-0.4675447647943943
SRQ-DCA,SRQ,DCA,851.0,465,3,74.95,14.17,57.8,1.935,2.667452952889954,1,"Thin route - long delay tail, high average delay",1.0403188885639834,-0.7276641541709116
GRR-PHL,GRR,PHL,573.0,356,3,82.32,2.46,50.6,2.809,2.5514499979728753,2,"Thin route - reliable, short delay tail",-0.309641241905091,-0.5477520087087289
ATW-CLT,ATW,CLT,742.0,394,2,81.79,-0.58,36.2,3.807,2.595496221825574,2,"Thin route - reliable, short delay tail",-0.7760098907420753,-0.8305757470039842
LIT-CLT,LIT,CLT,640.0,1236,4,84.72,4.22,28.0,2.508,3.092018470752797,2,"Thin route - reliable, short delay tail",-0.696012205301029,1.199937780238923
PHL-SRQ,PHL,SRQ,957.0,462,4,82.96,2.95,33.5,3.247,2.6646419755561257,2,"Thin route - reliable, short delay tail",-0.5495752432735947,0.23412108624969885
TYS-PHL,TYS,PHL,555.0,342,2,82.58,3.69,51.6,2.632,2.534026106056135,2,"Thin route - reliable, short delay tail",-0.408089277356517,-1.0816309620093696
DCA-PWM,DCA,PWM,482.0,1159,3,68.73,14.39,60.0,3.451,3.064083435963596,1,"Thin route - long delay tail, high average delay",2.1593773166815025,-0.06600885605383955
PHL-XNA,PHL,XNA,1067.0,479,3,73.03,10.86,71.0,4.175,2.680335513414563,1,"Thin route - long delay tail, high average delay",1.8014190666024255,-0.8441998689156096
MSP-RAP,MSP,RAP,490.0,538,1,81.12,8.6,36.0,0.558,2.7307822756663893,2,"Thin route - reliable, short delay tail",-0.9090696890287796,-1.109322656740587
RAP-MSP,RAP,MSP,490.0,537,1,85.77,2.25,32.0,0.559,2.7299742856995555,2,"Thin route - reliable, short delay tail",-1.8027277224915415,-0.8695080566606942
DTW-GSO,DTW,GSO,460.0,368,2,69.38,27.77,91.0,3.261,2.5658478186735176,1,"Thin route - long delay tail, high average delay",3.450468524984429,-2.0269174703378066
DTW-ORF,DTW,ORF,529.0,694,3,75.73,9.31,53.7,1.009,2.841359470454855,2,"Thin route - reliable, short delay tail",0.4499068341991198,-0.17582663494792963
ORF-DTW,ORF,DTW,529.0,694,3,79.85,11.11,57.0,1.297,2.841359470454855,2,"Thin route - reliable, short delay tail",0.40680500230627686,-0.1691264868313755
COU-DEN,COU,DEN,671.0,309,1,88.49,0.45,17.7,1.294,2.4899584794248346,2,"Thin route - reliable, short delay tail",-2.4658755586281687,-1.2155053764833466
IAH-MFE,IAH,MFE,316.0,689,2,77.86,11.03,57.8,0.726,2.8382192219076257,2,"Thin route - reliable, short delay tail",0.33412375625904356,-0.6585477445533715
MFE-DFW,MFE,DFW,469.0,2417,3,79.16,15.83,60.0,3.02,3.3832766504076504,0,"Trunk route - multi-carrier, unreliable",1.4798120193085473,0.7614051323976833
VCT-IAH,VCT,IAH,123.0,592,1,77.8,33.29,139.0,1.689,2.77232170672292,1,"Thin route - long delay tail, high average delay",4.069150894363201,-2.289808396350334
DFW-MLI,DFW,MLI,691.0,1010,3,83.49,2.38,34.0,2.574,3.0043213737826426,2,"Thin route - reliable, short delay tail",-0.7373910588859727,0.5114146752943952
MLI-DFW,MLI,DFW,691.0,1008,3,83.5,5.0,46.0,2.778,3.0034605321095067,2,"Thin route - reliable, short delay tail",-0.19775686344305432,0.36900913268617647
DTW-MDT,DTW,MDT,371.0,314,1,74.68,25.75,100.6,1.911,2.496929648073215,1,"Thin route - long delay tail, high average delay",2.6903119547172363,-2.5237086730362415
ONT-SFO,ONT,SFO,363.0,1309,3,62.17,19.3,68.0,0.84,3.116939646550756,1,"Thin route - long delay tail, high average delay",2.6458154602492288,-0.14054734603978028
DFW-COU,DFW,COU,490.0,1245,3,82.5,1.94,30.0,2.731,3.095169351431755,2,"Thin route - reliable, short delay tail",-0.6920283269685242,0.7264618021777818
SEA-BUR,SEA,BUR,937.0,1622,2,80.15,0.92,31.0,2.219,3.2100508498751372,2,"Thin route - reliable, short delay tail",-0.8397901303041961,0.43532044026436956
DEN-MFR,DEN,MFR,964.0,730,2,77.24,7.6,37.0,0.137,2.863322860120456,2,"Thin route - reliable, short delay tail",-0.6277527489046302,-0.44159698710834605
BUF-ORD,BUF,ORD,474.0,2199,5,74.69,16.87,66.5,3.183,3.3422252293607904,0,"Trunk route - multi-carrier, unreliable",2.3733199394836277,1.4816326419920158
ORD-DCA,ORD,DCA,612.0,7042,5,69.86,17.5,73.0,3.025,3.8476960207341655,0,"Trunk route - multi-carrier, unreliable",3.1020786722362783,2.365509771364106
ABQ-DFW,ABQ,DFW,569.0,2278,3,79.38,10.94,57.0,2.853,3.3575537197430814,0,"Trunk route - multi-carrier, unreliable",0.9887747141936251,0.8304063402617652
GTF-DEN,GTF,DEN,623.0,728,2,85.69,0.32,32.2,0.962,2.862131379313037,2,"Thin route - reliable, short delay tail",-1.6545010751399756,-0.10755240444206646
HNL-GUM,HNL,GUM,3801.0,365,1,81.62,1.43,28.0,1.644,2.5622928644564746,3,"Thin route - long-haul, rarely cancels",-1.9857514767893523,-1.5427765118833445
GUM-SPN,GUM,SPN,129.0,365,1,90.14,-3.23,14.0,2.74,2.5622928644564746,2,"Thin route - reliable, short delay tail",-2.4907693229791037,-0.9389186671282577
SPN-GUM,SPN,GUM,129.0,365,1,85.63,3.43,24.0,2.74,2.5622928644564746,2,"Thin route - reliable, short delay tail",-1.4287201658616462,-1.2246109159874385
IAH-CLT,IAH,CLT,912.0,2326,4,80.73,11.06,46.3,1.892,3.3666097103924297,0,"Trunk route - multi-carrier, unreliable",0.4802358392921546,1.4234627497706953
PHX-IAH,PHX,IAH,1009.0,2957,5,81.17,8.01,37.0,0.812,3.4708513245261177,0,"Trunk route - multi-carrier, unreliable",-0.08579839552810324,2.2737166971634526
MSY-IAH,MSY,IAH,305.0,2929,4,82.82,2.97,30.4,0.376,3.4667193716815987,0,"Trunk route - multi-carrier, unreliable",-0.8610046350218662,2.034872339148383
ANC-ORD,ANC,ORD,2846.0,786,3,78.5,2.7,36.0,1.527,2.895422546039408,3,"Thin route - long-haul, rarely cancels",-0.9052510536919471,0.038297711264376956
RSW-ORD,RSW,ORD,1120.0,3231,5,77.01,9.34,53.0,1.609,3.509336958017644,0,"Trunk route - multi-carrier, unreliable",0.929230971374975,2.1083061486395436
EWR-BOS,EWR,BOS,200.0,3866,2,72.0,12.41,70.0,3.725,3.5872618496925344,1,"Thin route - long delay tail, high average delay",2.209235964505016,0.5732464997003789
SFO-ORD,SFO,ORD,1846.0,5617,3,75.99,10.22,54.0,1.193,3.749504423876142,0,"Trunk route - multi-carrier, unreliable",0.6914650957448619,1.555467582009786
DEN-EWR,DEN,EWR,1605.0,3360,1,78.27,7.59,51.0,1.518,3.526339277389844,3,"Thin route - long-haul, rarely cancels",-0.002193714065336662,0.267542133687935
EWR-DEN,EWR,DEN,1605.0,3365,1,78.73,6.86,48.0,1.308,3.5269850685599957,3,"Thin route - long-haul, rarely cancels",-0.21443333566468548,0.3189113529345222
EWR-CHS,EWR,CHS,628.0,1342,3,79.78,4.52,49.0,3.13,3.1277525158329733,0,"Trunk route - multi-carrier, unreliable",0.2768353255327795,0.5395386204574866
IAH-RDU,IAH,RDU,1042.0,924,3,82.75,5.06,41.0,1.19,2.9656719712201065,2,"Thin route - reliable, short delay tail",-0.7051874832716053,0.33190537422816063
IAH-SAN,IAH,SAN,1303.0,1696,1,81.45,0.64,34.0,0.236,3.229425847920695,2,"Thin route - reliable, short delay tail",-1.5312747093651384,0.03868302883572439
EWR-RDU,EWR,RDU,416.0,1986,3,76.0,9.16,62.0,3.273,3.2979792441593623,0,"Trunk route - multi-carrier, unreliable",1.359370809141348,0.6491391404924236
RDU-ORD,RDU,ORD,646.0,3654,7,74.62,17.01,65.0,2.901,3.562768543016519,0,"Trunk route - multi-carrier, unreliable",2.629220355202669,2.889814709921761
IAD-MCO,IAD,MCO,758.0,2177,2,81.08,3.64,40.0,1.056,3.3378584290410944,2,"Thin route - reliable, short delay tail",-0.6798799905401226,0.6479482581982046
EWR-IAH,EWR,IAH,1400.0,3766,2,80.37,1.82,42.0,1.912,3.575880315680646,0,"Trunk route - multi-carrier, unreliable",-0.5054791595447847,1.0679569946583225
PBI-IAH,PBI,IAH,956.0,491,1,81.57,3.31,65.0,1.222,2.6910814921229687,2,"Thin route - reliable, short delay tail",-0.47219345753033215,-1.327063037426657
ORD-PHL,ORD,PHL,678.0,5008,4,71.88,18.47,77.0,3.175,3.6996643202023733,0,"Trunk route - multi-carrier, unreliable",2.9397591724517973,1.5645559369698814
PHX-EWR,PHX,EWR,2133.0,2480,2,79.66,6.34,45.0,2.056,3.3944516808262164,3,"Thin route - long-haul, rarely cancels",-0.22139077725637932,0.5078740706274255
SFO-IAD,SFO,IAD,2418.0,2730,2,83.76,-0.95,30.2,0.696,3.436162647040756,3,"Thin route - long-haul, rarely cancels",-1.7638500737704863,0.9362818472893433
SFO-DCA,SFO,DCA,2442.0,1090,2,79.43,-1.0,41.0,0.642,3.037426497940624,3,"Thin route - long-haul, rarely cancels",-1.3217674177439085,-0.03011955467189116
EWR-LAS,EWR,LAS,2227.0,2931,3,80.88,0.88,43.0,1.774,3.4670158184384356,3,"Thin route - long-haul, rarely cancels",-0.645557136159659,1.2831183796718884
IND-IAH,IND,IAH,844.0,641,1,83.28,4.35,33.7,0.78,2.8068580295188172,2,"Thin route - reliable, short delay tail",-1.398586035175679,-0.8470645007312652
PBI-IAD,PBI,IAD,859.0,333,2,83.84,0.54,31.0,1.201,2.5224442335063197,2,"Thin route - reliable, short delay tail",-1.6451889018366115,-0.858967558708443
AUS-IAD,AUS,IAD,1297.0,1042,3,89.72,2.55,15.0,0.96,3.0178677189635055,2,"Thin route - reliable, short delay tail",-2.172331282389361,0.7784339707500906
IAH-LAS,IAH,LAS,1222.0,3430,3,82.46,1.35,36.0,0.875,3.5352941200427703,0,"Trunk route - multi-carrier, unreliable",-0.9412668111298214,1.5973567699081268
IAH-JAX,IAH,JAX,816.0,691,2,76.78,6.31,47.0,0.289,2.8394780473741985,2,"Thin route - reliable, short delay tail",-0.3661907752118745,-0.5324945618610707
SMF-IAD,SMF,IAD,2357.0,365,1,96.09,-15.79,2.0,1.644,2.5622928644564746,3,"Thin route - long-haul, rarely cancels",-4.722803618188664,-0.6366764943541899
IAD-CLE,IAD,CLE,287.0,1050,2,84.76,4.36,31.4,1.048,3.0211892990699383,2,"Thin route - reliable, short delay tail",-1.1947089621344293,0.14778834698229118
DEN-DFW,DEN,DFW,641.0,6036,5,75.51,12.95,59.0,1.988,3.7807492311035524,0,"Trunk route - multi-carrier, unreliable",1.7183489005339745,2.54856196925675
MSN-EWR,MSN,EWR,799.0,435,2,87.8,-0.52,23.3,3.908,2.6384892569546374,2,"Thin route - reliable, short delay tail",-1.5454105581063686,-0.5556320104636677
ORD-PDX,ORD,PDX,1739.0,2805,3,69.03,14.68,60.0,0.82,3.4479328655921804,0,"Trunk route - multi-carrier, unreliable",1.500204095490906,0.7004130216252149
CMH-IAH,CMH,IAH,986.0,522,2,78.25,8.41,50.0,1.149,2.717670503002262,2,"Thin route - reliable, short delay tail",-0.13543113230393924,-0.8586906666008174
IAH-DFW,IAH,DFW,224.0,5804,5,75.31,17.35,70.0,2.498,3.7637274037656985,0,"Trunk route - multi-carrier, unreliable",2.4986176610842814,2.363323100025651
EWR-CLT,EWR,CLT,529.0,3708,4,80.66,6.43,49.0,3.668,3.5691397254724593,0,"Trunk route - multi-carrier, unreliable",0.7953784322612389,1.8886497576704269
IAD-LAS,IAD,LAS,2065.0,1077,2,85.9,-3.82,29.0,0.464,3.0322157032979815,3,"Thin route - long-haul, rarely cancels",-2.31186784731589,0.25091634241976235
CLE-SFO,CLE,SFO,2161.0,579,1,86.87,-1.42,25.2,0.0,2.762678563727436,3,"Thin route - long-haul, rarely cancels",-2.6969981088335433,-0.7778157689754238
ORD-SMF,ORD,SMF,1781.0,1342,2,67.55,14.99,67.2,1.565,3.1277525158329733,1,"Thin route - long delay tail, high average delay",1.7212114503077105,-0.5409548080336095
EWR-ORF,EWR,ORF,284.0,822,2,80.21,0.47,41.3,5.231,2.9148718175400505,2,"Thin route - reliable, short delay tail",0.07957421404613357,-0.2693302079865298
BNA-IAD,BNA,IAD,542.0,1008,4,78.99,13.1,44.2,1.19,3.0034605321095067,0,"Trunk route - multi-carrier, unreliable",0.45007024954607033,0.6725577017218286
SJU-ORD,SJU,ORD,2072.0,1394,4,78.6,4.33,38.0,2.367,3.144262773761991,3,"Thin route - long-haul, rarely cancels",-0.19163940381113462,1.0160950377516689
IAH-CMH,IAH,CMH,986.0,522,2,77.37,9.01,46.2,0.958,2.717670503002262,2,"Thin route - reliable, short delay tail",-0.17133295286341851,-0.8554389540004802
IAD-SAN,IAD,SAN,2253.0,1402,2,84.39,-4.19,26.0,0.571,3.14674801363064,3,"Thin route - long-haul, rarely cancels",-2.2592835521336085,0.46727772165372194
CHS-EWR,CHS,EWR,628.0,1341,3,79.15,10.97,62.1,3.579,3.127428777851599,0,"Trunk route - multi-carrier, unreliable",1.2103544445849765,0.29306260039771936
IAD-SJU,IAD,SJU,1572.0,707,2,75.78,11.88,43.0,0.566,2.8494194137968996,3,"Thin route - long-haul, rarely cancels",-0.07077991735731735,-0.6866504297227165
ORD-SJU,ORD,SJU,2072.0,1398,4,73.73,10.34,51.0,2.289,3.1455071714096627,0,"Trunk route - multi-carrier, unreliable",0.915987267347312,0.7219806442463513
OGG-SFO,OGG,SFO,2338.0,1702,3,90.39,-5.94,14.0,0.764,3.230959555748569,3,"Thin route - long-haul, rarely cancels",-2.950368179306091,1.3302801831223525
SFO-OGG,SFO,OGG,2338.0,1702,3,88.0,-7.19,19.0,0.353,3.230959555748569,3,"Thin route - long-haul, rarely cancels",-2.8130927946482824,1.2916811296966337
IAH-BWI,IAH,BWI,1235.0,1311,4,76.36,9.07,49.0,1.449,3.117602691690084,0,"Trunk route - multi-carrier, unreliable",0.5024720334954431,0.8452135696173542
IAH-CLE,IAH,CLE,1091.0,825,1,84.79,-0.48,28.0,0.242,2.916453948549925,2,"Thin route - reliable, short delay tail",-2.111984554426136,-0.46100578267390785
MSY-IAD,MSY,IAD,955.0,631,3,91.87,-4.32,9.0,0.634,2.8000293592441343,2,"Thin route - reliable, short delay tail",-3.067739509329383,0.5904278258691866
MIA-IAH,MIA,IAH,964.0,3713,6,77.74,6.31,51.0,1.158,3.569724949226159,0,"Trunk route - multi-carrier, unreliable",0.7029487757827367,2.825181125413318
EWR-EYW,EWR,EYW,1196.0,460,2,82.48,1.61,36.0,1.957,2.662757831681574,2,"Thin route - reliable, short delay tail",-1.1594625000118806,-0.7026241753157267
EWR-SAN,EWR,SAN,2425.0,1560,2,80.16,-0.68,38.0,2.115,3.1931245983544616,3,"Thin route - long-haul, rarely cancels",-1.031317672552992,0.2708189949766118
PDX-EWR,PDX,EWR,2434.0,899,2,83.83,-2.63,35.0,1.891,2.9537596917332287,3,"Thin route - long-haul, rarely cancels",-1.6735293781946114,-0.08594066679216746
LAX-CLE,LAX,CLE,2052.0,759,2,91.26,-9.62,11.0,0.264,2.88024177589548,3,"Thin route - long-haul, rarely cancels",-3.696889162313926,0.2845410312543211
OGG-DEN,OGG,DEN,3302.0,385,1,90.96,-8.82,10.0,1.558,2.5854607295085006,3,"Thin route - long-haul, rarely cancels",-3.805762005436005,-0.9519925252735377
KOA-DEN,KOA,DEN,3329.0,370,1,91.18,-10.99,12.6,1.351,2.568201724066995,3,"Thin route - long-haul, rarely cancels",-3.9595894725035565,-0.9520365648065924
ORF-ORD,ORF,ORD,717.0,1899,6,77.02,6.62,45.0,2.528,3.2785249647370174,0,"Trunk route - multi-carrier, unreliable",0.8615326792536895,2.2273312587896017
CMH-IAD,CMH,IAD,299.0,979,2,85.15,3.11,24.0,0.919,2.9907826918031377,2,"Thin route - reliable, short delay tail",-1.5482815046758256,0.17113426732510248
EWR-MSN,EWR,MSN,799.0,435,2,75.06,9.35,73.0,4.828,2.6384892569546374,1,"Thin route - long delay tail, high average delay",1.6293628027428015,-1.3523568716069911
DFW-ORD,DFW,ORD,802.0,7001,7,68.27,20.03,81.0,2.957,3.8451600776519457,0,"Trunk route - multi-carrier, unreliable",3.845800039584822,3.168590078073706
IAH-ONT,IAH,ONT,1334.0,561,2,78.18,3.4,43.6,0.178,2.7489628612561616,3,"Thin route - long-haul, rarely cancels",-0.9044412426513341,-0.6477223025939853
EYW-EWR,EYW,EWR,1196.0,460,2,69.82,23.58,75.7,2.391,2.662757831681574,1,"Thin route - long delay tail, high average delay",2.450085691882378,-1.6635076798613115
SFO-HNL,SFO,HNL,2398.0,2466,3,80.93,2.66,30.0,0.811,3.3919930722597127,3,"Thin route - long-haul, rarely cancels",-1.1515691710314868,1.1978420420252969
PIT-IAD,PIT,IAD,182.0,1225,2,88.5,-3.58,19.0,1.306,3.0881360887005513,2,"Thin route - reliable, short delay tail",-2.2442959854590243,0.599242485251415
DEN-SJU,DEN,SJU,2733.0,333,1,82.98,1.5,26.2,0.3,2.5224442335063197,3,"Thin route - long-haul, rarely cancels",-2.289738269556394,-1.4616777723758387
ORD-CHS,ORD,CHS,760.0,2106,6,76.48,6.28,48.0,2.042,3.3234583668494677,0,"Trunk route - multi-carrier, unreliable",0.858191150495371,2.307960000299412
IAD-RSW,IAD,RSW,891.0,468,1,87.28,1.77,25.0,0.641,2.670245853074124,2,"Thin route - reliable, short delay tail",-2.205037343105994,-0.9419883653378325
ORD-PBI,ORD,PBI,1144.0,1329,2,70.04,15.88,78.6,1.505,3.123524980942732,1,"Thin route - long delay tail, high average delay",1.9756834018169658,-0.5465709947419557
MYR-EWR,MYR,EWR,550.0,975,3,79.98,4.88,53.7,6.974,2.989004615698537,1,"Thin route - long delay tail, high average delay",1.2547891067352985,0.10670692715124017
SNA-IAH,SNA,IAH,1346.0,1092,1,87.79,0.94,17.2,0.0,3.0382226383687185,2,"Thin route - reliable, short delay tail",-2.5811416673140486,-0.12666015772093706
DEN-DAY,DEN,DAY,1085.0,365,2,73.2,10.87,59.9,0.548,2.5622928644564746,1,"Thin route - long delay tail, high average delay",0.4660743755991945,-1.3745409308125718
DAY-DEN,DAY,DEN,1085.0,365,2,91.16,-2.65,11.0,0.822,2.5622928644564746,2,"Thin route - reliable, short delay tail",-3.0616013764718373,-0.45082883342495145
DCA-SFO,DCA,SFO,2442.0,1090,2,73.56,7.14,54.0,0.826,3.037426497940624,3,"Thin route - long-haul, rarely cancels",0.06694059020161608,-0.39676070127849916
SEA-EWR,SEA,EWR,2402.0,2264,2,82.44,-2.89,37.0,1.943,3.354876422516234,3,"Thin route - long-haul, rarely cancels",-1.3551188372043257,0.7024217543164092
PIT-SFO,PIT,SFO,2254.0,555,1,80.91,3.44,44.1,0.541,2.7442929831226763,3,"Thin route - long-haul, rarely cancels",-1.306756862791131,-1.1747374864145266
CLT-IAH,CLT,IAH,912.0,2327,4,78.21,6.0,50.0,1.805,3.36679638328673,0,"Trunk route - multi-carrier, unreliable",0.4108380750060973,1.4596451746232049
EWR-BQN,EWR,BQN,1585.0,365,1,73.52,5.14,39.0,1.918,2.5622928644564746,3,"Thin route - long-haul, rarely cancels",-0.4033644793242047,-1.6712335300180476
ORD-ANC,ORD,ANC,2846.0,785,3,72.94,8.66,50.0,0.764,2.8948696567452528,3,"Thin route - long-haul, rarely cancels",0.11982200011263879,-0.2563795470955388
PSP-ORD,PSP,ORD,1651.0,787,2,75.1,15.86,66.2,2.541,2.8959747323590648,1,"Thin route - long delay tail, high average delay",1.3246924688961326,-0.9093096958026881
ORF-IAD,ORF,IAD,158.0,689,2,90.21,-4.9,13.0,2.177,2.8382192219076257,2,"Thin route - reliable, short delay tail",-2.517847712655317,0.16110838414174347
DFW-CVG,DFW,CVG,812.0,1707,5,69.11,17.08,67.7,2.929,3.2322335211147335,0,"Trunk route - multi-carrier, unreliable",2.69425227887771,1.1237859701095418
SAN-SEA,SAN,SEA,1050.0,4593,4,81.02,1.84,33.1,1.502,3.6620964454179235,0,"Trunk route - multi-carrier, unreliable",-0.5082590263665532,2.312329582861809
DEN-SRQ,DEN,SRQ,1531.0,314,2,80.13,6.71,46.8,0.637,2.496929648073215,3,"Thin route - long-haul, rarely cancels",-0.772179939911676,-1.247495033189135
SRQ-DEN,SRQ,DEN,1531.0,314,2,81.47,7.79,58.6,0.318,2.496929648073215,3,"Thin route - long-haul, rarely cancels",-0.5649679034729775,-1.3147853955166184
DTW-LGA,DTW,LGA,502.0,3936,3,75.31,10.53,59.0,5.132,3.595055089759304,0,"Trunk route - multi-carrier, unreliable",1.9590880506271182,1.1718082518983
GSO-MIA,GSO,MIA,710.0,520,3,84.36,0.14,28.0,2.308,2.716003343634799,2,"Thin route - reliable, short delay tail",-1.2927395686388459,0.03030522492338407
MIA-GSO,MIA,GSO,710.0,519,3,79.68,2.76,42.0,2.119,2.7151673578484576,2,"Thin route - reliable, short delay tail",-0.42877064906294743,-0.19839283158550622
LGA-CLE,LGA,CLE,419.0,1793,2,73.92,9.39,63.0,5.41,3.253580289562183,1,"Thin route - long delay tail, high average delay",1.8944058310770202,-0.03569249480235036
JAX-MIA,JAX,MIA,335.0,1492,3,80.88,7.13,41.0,0.67,3.17376882313665,2,"Thin route - reliable, short delay tail",-0.3461879120970816,0.7540786741344765
MIA-IND,MIA,IND,1020.0,934,6,72.55,11.23,64.0,1.285,2.9703468762300935,0,"Trunk route - multi-carrier, unreliable",1.5624550811422053,1.3077163785434016
ORF-LGA,ORF,LGA,296.0,1288,1,75.56,12.78,65.0,5.668,3.1099158630237933,1,"Thin route - long delay tail, high average delay",1.9288077888101072,-0.8590109631567633
LGA-RDU,LGA,RDU,431.0,2598,4,72.92,10.84,63.2,5.235,3.414639146737009,0,"Trunk route - multi-carrier, unreliable",2.382100772414843,1.2050524341373392
SDF-BOS,SDF,BOS,829.0,708,3,71.49,10.74,72.0,2.119,2.850033257689769,1,"Thin route - long delay tail, high average delay",1.5689739339311946,-0.44608554071853745
ROA-LGA,ROA,LGA,405.0,347,1,57.89,31.74,117.0,6.052,2.5403294747908736,1,"Thin route - long delay tail, high average delay",5.792466891459773,-3.1045757639823153
DCA-LGA,DCA,LGA,214.0,4832,3,66.8,18.99,79.0,5.877,3.6841269256130755,1,"Thin route - long delay tail, high average delay",3.9686796682255063,0.8913896866195101
IND-LGA,IND,LGA,660.0,2521,2,81.65,2.28,37.0,4.165,3.401572845676446,2,"Thin route - reliable, short delay tail",-0.13629551213374097,0.7477019971197038
MIA-PIT,MIA,PIT,1013.0,711,4,72.68,8.2,52.0,1.688,2.851869600729766,0,"Trunk route - multi-carrier, unreliable",0.7925210419096524,0.2426111143460304
EYW-PHL,EYW,PHL,1122.0,493,2,66.24,36.08,115.0,3.245,2.69284691927723,1,"Thin route - long delay tail, high average delay",4.828849710258283,-2.208349184514925
MIA-GSP,MIA,GSP,637.0,727,2,79.78,1.03,35.0,1.238,2.8615344108590377,2,"Thin route - reliable, short delay tail",-1.0148773701501284,-0.25916577519182343
MIA-CHS,MIA,CHS,489.0,1006,3,68.55,19.28,69.8,1.193,3.0025979807199086,1,"Thin route - long delay tail, high average delay",2.2153656749755575,-0.29149172692690467
MSY-MIA,MSY,MIA,674.0,1522,5,79.61,9.31,43.0,1.248,3.182414652434554,0,"Trunk route - multi-carrier, unreliable",0.32069068208393353,1.601359599151851
GRR-LGA,GRR,LGA,618.0,940,1,81.21,2.47,42.0,4.787,2.9731278535996988,2,"Thin route - reliable, short delay tail",-0.11966363972790395,-0.668509852636077
RDU-PIT,RDU,PIT,328.0,718,2,83.03,1.69,41.0,1.532,2.8561244442423,2,"Thin route - reliable, short delay tail",-0.9480881590989387,-0.24960722207467453
MEM-LGA,MEM,LGA,963.0,1064,1,79.2,6.56,61.6,4.699,3.0269416279590295,1,"Thin route - long delay tail, high average delay",0.7751838048759784,-0.8354729511290094
LGA-PWM,LGA,PWM,269.0,1183,3,78.16,3.13,53.0,5.156,3.0729847446279304,0,"Trunk route - multi-carrier, unreliable",0.9169078606849298,0.3652180475270318
BHM-MIA,BHM,MIA,661.0,651,3,85.6,0.58,29.0,0.614,2.813580988568192,2,"Thin route - reliable, short delay tail",-1.6771349284508406,0.29343232929179613
CLT-BOS,CLT,BOS,728.0,4017,4,76.6,7.08,55.0,2.365,3.6039018317316716,0,"Trunk route - multi-carrier, unreliable",0.992490752146828,1.8570717824387215
BOS-CLT,BOS,CLT,728.0,4019,4,82.92,0.65,41.0,2.613,3.604118006192035,0,"Trunk route - multi-carrier, unreliable",-0.2420672114764967,2.190537036832061
SDF-LGA,SDF,LGA,659.0,1037,3,83.64,-1.98,35.0,4.147,3.015778756389041,2,"Thin route - reliable, short delay tail",-0.6441989020912654,0.5737784740967639
JFK-CLT,JFK,CLT,542.0,2001,2,80.97,6.72,48.2,2.849,3.3012470886362113,2,"Thin route - reliable, short delay tail",0.18689435779065242,0.41411294275900995
MYR-BOS,MYR,BOS,738.0,439,4,69.65,14.79,84.0,3.189,2.6424645202421213,1,"Thin route - long delay tail, high average delay",2.6236353508819374,-0.6161151208264656
BOS-MYR,BOS,MYR,738.0,439,4,73.8,8.91,60.5,5.239,2.6424645202421213,1,"Thin route - long delay tail, high average delay",1.7590762817202705,-0.32597047988651684
LGA-GRR,LGA,GRR,618.0,940,1,78.99,2.96,53.0,5.319,2.9731278535996988,1,"Thin route - long delay tail, high average delay",0.4980678688567198,-0.8094559348180594
DCA-LEX,DCA,LEX,414.0,304,1,76.11,13.01,78.0,3.289,2.482873583608754,1,"Thin route - long delay tail, high average delay",1.4288040173413137,-2.1596220832077884
IAD-PWM,IAD,PWM,493.0,787,2,88.47,-3.12,17.9,1.906,2.8959747323590648,2,"Thin route - reliable, short delay tail",-2.2269323180244607,0.15989827437605567
CMH-EWR,CMH,EWR,463.0,2063,2,82.57,0.18,37.7,4.023,3.3144992279731516,2,"Thin route - reliable, short delay tail",-0.3665908771460521,0.6447431581452491
IAD-LGA,IAD,LGA,228.0,999,1,73.95,10.3,57.8,6.507,2.9995654882259823,1,"Thin route - long delay tail, high average delay",1.8565384567992145,-1.0354481598441014
LGA-IAD,LGA,IAD,228.0,999,1,76.82,8.83,61.9,6.607,2.9995654882259823,1,"Thin route - long delay tail, high average delay",1.666880658140131,-0.9839272381393033
EWR-IND,EWR,IND,645.0,2221,3,81.84,2.45,44.0,3.917,3.346548558548474,0,"Trunk route - multi-carrier, unreliable",0.11153685444883954,1.0748441211924644
SDF-EWR,SDF,EWR,642.0,992,3,86.86,-3.42,23.0,4.335,2.9965116721541785,2,"Thin route - reliable, short delay tail",-1.2684003356783928,0.6985803636750822
EWR-ROC,EWR,ROC,246.0,646,2,87.31,-5.42,23.0,5.882,2.8102325179950842,2,"Thin route - reliable, short delay tail",-1.2346556957946886,-0.12791755622330986
PWM-IAD,PWM,IAD,493.0,686,2,86.53,-0.29,24.0,2.332,2.8363241157067516,2,"Thin route - reliable, short delay tail",-1.6502158458342435,-0.10971665452729912
MCI-EWR,MCI,EWR,1092.0,489,2,83.73,3.6,52.0,2.863,2.6893088591236203,2,"Thin route - reliable, short delay tail",-0.4631044972938231,-0.7939930709588221
BTV-IAD,BTV,IAD,441.0,313,2,88.39,1.19,17.4,0.958,2.4955443375464483,2,"Thin route - reliable, short delay tail",-2.3119501027807283,-0.7122275778235266
CLE-CLT,CLE,CLT,430.0,1790,4,80.24,9.19,50.0,2.291,3.2528530309798933,0,"Trunk route - multi-carrier, unreliable",0.6132652350083004,1.2213372002833716
SGF-DFW,SGF,DFW,364.0,3089,3,80.96,6.62,40.0,2.331,3.4898179083014504,0,"Trunk route - multi-carrier, unreliable",0.09074412950565673,1.3653560384848664
LIT-DCA,LIT,DCA,888.0,364,2,92.8,-8.73,10.0,0.824,2.561101383649056,2,"Thin route - reliable, short delay tail",-3.5939168937927195,-0.276437949224403
CLT-BDL,CLT,BDL,644.0,1677,2,74.33,10.46,55.5,2.147,3.2245330626060857,0,"Trunk route - multi-carrier, unreliable",0.9363615540931854,0.02453199572714462
LIT-PHX,LIT,PHX,1136.0,306,2,85.57,-1.86,21.6,0.327,2.48572142648158,2,"Thin route - reliable, short delay tail",-2.4493883827295586,-0.7851641522969368
PHL-SJU,PHL,SJU,1576.0,1932,4,63.16,22.42,79.9,3.261,3.2860071220794747,1,"Thin route - long delay tail, high average delay",3.6699133598948417,0.3848568985770375
DFW-LAS,DFW,LAS,1055.0,5132,3,69.05,15.49,69.0,2.553,3.710286647702891,0,"Trunk route - multi-carrier, unreliable",2.4036644717533617,1.1611359662768155
PHL-MIA,PHL,MIA,1013.0,3247,3,77.37,7.01,50.0,2.402,3.5114822886260013,0,"Trunk route - multi-carrier, unreliable",0.5800262024946629,1.2151241341077632
TPA-CVG,TPA,CVG,773.0,731,2,76.41,12.56,72.0,0.684,2.8639173769578603,1,"Thin route - long delay tail, high average delay",0.8519920354196594,-0.7944445165384454
ONT-DFW,ONT,DFW,1188.0,2297,2,79.33,11.14,41.0,2.699,3.361160995195026,0,"Trunk route - multi-carrier, unreliable",0.3083106382570585,0.4178078062597346
DFW-BWI,DFW,BWI,1217.0,1336,4,69.63,14.34,64.0,2.769,3.125806458139527,0,"Trunk route - multi-carrier, unreliable",2.0849877619650403,0.49116769831413354
DFW-MCO,DFW,MCO,985.0,4902,4,63.66,20.77,84.0,2.713,3.690373306916059,1,"Thin route - long delay tail, high average delay",3.755587023911292,1.2919296451334368
CLT-MCO,CLT,MCO,468.0,4739,3,71.39,15.29,68.0,1.962,3.675686708699401,0,"Trunk route - multi-carrier, unreliable",2.126264247372322,1.2089908914022047
DTW-MIA,DTW,MIA,1145.0,1777,6,80.46,4.07,38.0,1.351,3.2496874278053016,0,"Trunk route - multi-carrier, unreliable",-0.11240454824996089,2.3325991513915088
PHL-AUS,PHL,AUS,1431.0,1164,3,76.16,8.8,59.0,1.632,3.06595298031387,0,"Trunk route - multi-carrier, unreliable",0.6113315353845337,0.17480347870713955
DFW-MIA,DFW,MIA,1121.0,4822,3,68.32,17.47,68.0,2.53,3.683227206041435,0,"Trunk route - multi-carrier, unreliable",2.5408484243940324,1.054094039680264
SJU-MIA,SJU,MIA,1045.0,2643,3,78.22,11.16,53.8,0.984,3.4220971631317103,0,"Trunk route - multi-carrier, unreliable",0.5270497723324477,0.9786241309298827
DFW-CLT,DFW,CLT,935.0,3868,3,73.88,10.75,54.0,2.508,3.587486465410964,0,"Trunk route - multi-carrier, unreliable",1.2746991468904803,1.2066433097915132
DFW-CLE,DFW,CLE,1021.0,1619,4,65.7,18.01,73.0,2.409,3.2092468487533736,1,"Thin route - long delay tail, high average delay",2.8550115384982147,0.48165769025922756
MIA-CLT,MIA,CLT,650.0,3722,3,78.5,6.77,47.0,1.531,3.570776368794748,0,"Trunk route - multi-carrier, unreliable",0.2774671815693424,1.4382398713603983
DFW-PHL,DFW,PHL,1303.0,3470,2,70.17,15.78,67.9,3.285,3.5403294747908736,1,"Thin route - long delay tail, high average delay",2.2270828319078775,0.3145563954826315
PHX-PAE,PHX,PAE,1133.0,582,2,88.17,-4.95,17.0,0.859,2.7649229846498886,2,"Thin route - reliable, short delay tail",-2.7465140426984016,-0.08868933744057553
DFW-FLL,DFW,FLL,1119.0,3050,4,69.45,17.25,69.0,3.311,3.484299839346786,0,"Trunk route - multi-carrier, unreliable",2.709950030390532,1.1191091543403784
CVG-LAS,CVG,LAS,1678.0,676,3,80.63,8.23,38.0,1.331,2.829946695941636,3,"Thin route - long-haul, rarely cancels",-0.5288837727014776,-0.08434631173802214
PHL-LAS,PHL,LAS,2177.0,1484,3,76.2,7.3,52.0,1.55,3.171433900943008,3,"Thin route - long-haul, rarely cancels",0.2263040762016494,0.41213438964575544
SJU-CLT,SJU,CLT,1475.0,1081,2,85.38,-0.25,32.0,1.665,3.03382569395331,3,"Thin route - long-haul, rarely cancels",-1.579635370014858,0.16115054956673502
CLT-SJU,CLT,SJU,1475.0,1081,2,76.79,5.71,43.0,1.48,3.03382569395331,3,"Thin route - long-haul, rarely cancels",-0.2660194444652234,-0.1852139045520789
BRW-ANC,BRW,ANC,725.0,360,1,75.79,8.4,43.8,3.611,2.5563025007672873,1,"Thin route - long delay tail, high average delay",0.2934784127526906,-1.725409634121791
WRG-PSG,WRG,PSG,31.0,362,1,84.5,-0.04,26.8,3.867,2.558708570533166,2,"Thin route - reliable, short delay tail",-1.2274726908414426,-1.227444329436606
YAK-JNU,YAK,JNU,199.0,362,1,88.51,-7.32,20.3,3.039,2.558708570533166,2,"Thin route - reliable, short delay tail",-2.4182959328769287,-0.9493054799057992
KTN-JNU,KTN,JNU,234.0,362,1,85.71,-4.81,29.3,3.039,2.558708570533166,2,"Thin route - reliable, short delay tail",-1.8005420493917137,-1.114951892449771
ANC-SCC,ANC,SCC,626.0,513,1,88.51,-3.79,20.0,2.144,2.7101173651118162,2,"Thin route - reliable, short delay tail",-2.4025113030014116,-0.7160877497381404
ADQ-ANC,ADQ,ANC,253.0,866,1,82.43,2.68,36.0,4.042,2.937517892017347,2,"Thin route - reliable, short delay tail",-0.4861083019333749,-0.6307592286424486
ANC-ADQ,ANC,ADQ,253.0,866,1,85.21,-1.78,27.0,4.619,2.937517892017347,2,"Thin route - reliable, short delay tail",-1.1063451458537628,-0.4462777972076927
ANC-FAI,ANC,FAI,261.0,1417,1,88.67,-4.29,18.8,0.917,3.1513698502474603,2,"Thin route - reliable, short delay tail",-2.5309372064245435,0.2754713846725593
PHX-ANC,PHX,ANC,2552.0,435,2,76.18,3.47,40.7,0.0,2.6384892569546374,3,"Thin route - long-haul, rarely cancels",-1.1003696241625331,-0.9838435101865913
ANC-PHX,ANC,PHX,2552.0,435,2,86.41,-2.69,24.0,0.0,2.6384892569546374,3,"Thin route - long-haul, rarely cancels",-2.7473288901783817,-0.5594863011066803
PDX-KOA,PDX,KOA,2607.0,365,1,85.95,-4.02,21.0,0.0,2.5622928644564746,3,"Thin route - long-haul, rarely cancels",-3.062611103047453,-1.1586492849401464
SEA-OMA,SEA,OMA,1368.0,510,1,82.87,-0.98,28.0,0.0,2.7075701760979363,3,"Thin route - long-haul, rarely cancels",-2.1800382509771925,-0.9276419801631609
SEA-CHS,SEA,CHS,2415.0,347,1,87.25,-6.71,21.6,0.288,2.5403294747908736,3,"Thin route - long-haul, rarely cancels",-3.2404917785090457,-1.12250917200961
SAT-SEA,SAT,SEA,1774.0,558,1,78.58,2.69,36.0,1.254,2.7466341989375787,3,"Thin route - long-haul, rarely cancels",-1.1492887360321224,-1.1261879570473448
SEA-IND,SEA,IND,1866.0,565,1,77.2,0.8,33.0,1.239,2.7520484478194387,3,"Thin route - long-haul, rarely cancels",-1.2654598878114596,-1.0881115475864913
IND-SEA,IND,SEA,1866.0,564,1,74.82,5.8,37.5,1.418,2.751279103983342,3,"Thin route - long-haul, rarely cancels",-0.5841786702073855,-1.2712487838663786
AUS-PDX,AUS,PDX,1715.0,607,1,87.5,-4.09,19.0,0.824,2.7831886910752575,3,"Thin route - long-haul, rarely cancels",-2.8202740482349675,-0.6179641715959001
DFW-GRR,DFW,GRR,931.0,987,3,65.72,19.63,77.0,3.343,2.9943171526696366,1,"Thin route - long delay tail, high average delay",3.07044169048852,-0.5177686604450312
GRR-DFW,GRR,DFW,931.0,988,3,69.44,28.78,75.2,3.34,2.9947569445876283,1,"Thin route - long delay tail, high average delay",3.352954510256021,-0.6247161204450385
DCA-DFW,DCA,DFW,1192.0,3301,1,78.33,6.61,46.0,3.09,3.5186455243303114,0,"Trunk route - multi-carrier, unreliable",0.22064944122230354,0.2906684853779231
STX-MIA,STX,MIA,1139.0,680,1,79.94,12.35,44.8,0.735,2.832508912706236,2,"Thin route - reliable, short delay tail",-0.354568899237305,-1.1160908058724852
MIA-RIC,MIA,RIC,826.0,586,3,70.63,18.31,66.8,1.706,2.767897616018091,1,"Thin route - long delay tail, high average delay",1.8819737014815459,-0.7368481994607537
BUF-DFW,BUF,DFW,1212.0,578,2,73.69,10.31,54.8,2.941,2.761927838420529,1,"Thin route - long delay tail, high average delay",0.8671014712971392,-0.9960606120959355
TPA-MIA,TPA,MIA,204.0,2935,3,77.88,14.71,56.0,1.09,3.467608105583633,0,"Trunk route - multi-carrier, unreliable",1.0273976293564226,1.0419407183751235
PHX-KOA,PHX,KOA,2860.0,384,1,82.51,2.16,37.2,0.26,2.584331224367531,3,"Thin route - long-haul, rarely cancels",-1.9234919817968144,-1.4400400067847925
CLT-AUS,CLT,AUS,1032.0,1657,1,72.4,11.96,64.0,1.69,3.219322508419337,1,"Thin route - long delay tail, high average delay",1.0988483387766166,-0.6038546399384035
EGE-DFW,EGE,DFW,721.0,874,1,67.61,33.97,112.0,2.632,2.941511432634403,1,"Thin route - long delay tail, high average delay",4.379097277175397,-2.03799762878062
MTJ-DFW,MTJ,DFW,722.0,579,3,78.39,18.49,69.0,2.418,2.762678563727436,1,"Thin route - long delay tail, high average delay",1.5316506998696882,-0.6390395886165475
MEM-MIA,MEM,MIA,859.0,559,3,79.16,13.59,50.4,1.61,2.747411807886423,2,"Thin route - reliable, short delay tail",0.4359682149884697,-0.4164537468478683
MIA-MEM,MIA,MEM,859.0,559,3,61.09,23.39,77.2,1.431,2.747411807886423,1,"Thin route - long delay tail, high average delay",3.159574240993601,-1.1201315292134975
CLT-LAX,CLT,LAX,2125.0,2270,1,79.08,1.82,37.0,0.969,3.3560258571931225,3,"Thin route - long-haul, rarely cancels",-1.1007938568568771,0.12177340774683587
RSW-DCA,RSW,DCA,892.0,832,3,72.05,19.6,75.0,2.524,2.920123326290724,1,"Thin route - long delay tail, high average delay",2.314422030512591,-0.511977863358336
CLT-ONT,CLT,ONT,2078.0,327,1,77.09,4.37,50.2,1.223,2.514547752660286,3,"Thin route - long-haul, rarely cancels",-0.6933181655226025,-1.7814857279465464
CLT-LAS,CLT,LAS,1916.0,2087,3,79.05,3.19,43.0,1.006,3.3195224490654542,3,"Thin route - long-haul, rarely cancels",-0.5344071892606134,0.9495358608721456
PDX-CLT,PDX,CLT,2282.0,440,1,91.24,-9.2,12.7,1.364,2.6434526764861874,3,"Thin route - long-haul, rarely cancels",-3.6413451664128984,-0.7510215212548765
AUS-CLT,AUS,CLT,1032.0,1656,1,79.17,15.72,54.0,1.872,3.219060332448861,1,"Thin route - long delay tail, high average delay",0.6077953309763502,-0.4969605316955078
PHX-PHL,PHX,PHL,2076.0,2324,1,85.18,-1.41,27.0,1.549,3.366236123718293,3,"Thin route - long-haul, rarely cancels",-1.9082865729092473,0.3727487010588952
MDT-CLT,MDT,CLT,413.0,744,2,82.21,6.8,39.0,2.554,2.8715729355458786,2,"Thin route - reliable, short delay tail",-0.36390590250364063,-0.3628174391986964
PIT-DFW,PIT,DFW,1067.0,1508,2,81.01,6.6,50.0,1.857,3.178401341533755,2,"Thin route - reliable, short delay tail",-0.13797081577364717,0.14274375770476197
PSP-DFW,PSP,DFW,1126.0,997,1,80.0,14.85,40.6,3.21,2.998695158311656,2,"Thin route - reliable, short delay tail",0.33803874899594916,-0.8740082102529058
CLT-RSW,CLT,RSW,600.0,1777,1,78.43,5.83,43.0,1.463,3.2496874278053016,2,"Thin route - reliable, short delay tail",-0.30681141971531856,-0.12365938647820754
DFW-SJC,DFW,SJC,1438.0,1100,2,71.92,12.43,63.0,1.909,3.041392685158225,1,"Thin route - long delay tail, high average delay",1.199755174838179,-0.5408941887494632
SJC-DFW,SJC,DFW,1438.0,1102,2,81.1,7.51,39.4,2.087,3.042181594515766,3,"Thin route - long-haul, rarely cancels",-0.42306553573374656,-0.1185119420904217
SMF-DFW,SMF,DFW,1431.0,1631,1,80.61,8.02,39.0,2.575,3.212453961040276,3,"Thin route - long-haul, rarely cancels",-0.3230938646400391,-0.2793498198093108
DFW-BOI,DFW,BOI,1272.0,802,1,62.93,22.48,78.0,2.993,2.9041743682841634,1,"Thin route - long delay tail, high average delay",3.0482287739662484,-1.7902888197266942
BFL-DFW,BFL,DFW,1271.0,310,1,85.81,9.76,27.0,3.871,2.4913616938342726,2,"Thin route - reliable, short delay tail",-0.8846194826009436,-1.642997048085453
FAT-DFW,FAT,DFW,1313.0,1362,1,79.97,10.74,43.0,3.01,3.1341771075767664,2,"Thin route - reliable, short delay tail",0.10383311901675524,-0.5379395260963997
JFK-SNA,JFK,SNA,2454.0,462,2,84.19,-2.4,31.0,2.381,2.6646419755561257,3,"Thin route - long-haul, rarely cancels",-1.7958243942172427,-0.6656751978824277
JFK-STT,JFK,STT,1623.0,544,2,79.17,8.18,48.0,2.574,2.73559889969818,3,"Thin route - long-haul, rarely cancels",-0.04005731602050291,-0.8824667224080764
LAX-CMH,LAX,CMH,1995.0,463,4,82.89,4.45,43.0,1.296,2.6655809910179533,3,"Thin route - long-haul, rarely cancels",-0.8073824771698906,0.11788155186617374
PHL-SAN,PHL,SAN,2370.0,1046,1,79.45,3.8,42.0,1.434,3.0195316845312554,3,"Thin route - long-haul, rarely cancels",-0.928462824990412,-0.66837967676619
STT-JFK,STT,JFK,1623.0,544,2,78.75,11.61,46.8,3.309,2.73559889969818,3,"Thin route - long-haul, rarely cancels",0.36203999805448267,-0.9752321669986094
ANC-DFW,ANC,DFW,3043.0,394,1,73.45,28.04,70.2,0.254,2.595496221825574,3,"Thin route - long-haul, rarely cancels",1.3688884733375017,-2.348721099232818
GEG-DFW,GEG,DFW,1477.0,559,1,78.62,7.4,40.0,1.789,2.747411807886423,3,"Thin route - long-haul, rarely cancels",-0.5576562080624153,-1.2402685520644559
SYR-CLT,SYR,CLT,603.0,1094,2,80.58,8.03,37.0,1.554,3.039017321997412,2,"Thin route - reliable, short delay tail",-0.4025874528717371,-0.045560008076997956
BUR-DFW,BUR,DFW,1231.0,728,1,81.66,2.29,44.0,2.885,2.862131379313037,2,"Thin route - reliable, short delay tail",-0.6943930477523323,-0.886988048797811
MIA-SDF,MIA,SDF,910.0,430,3,65.18,20.77,73.0,1.163,2.6334684555795866,1,"Thin route - long delay tail, high average delay",2.44078856728046,-1.1928004997551265
SBP-DFW,SBP,DFW,1360.0,361,2,67.24,27.06,95.0,1.662,2.5575072019056577,1,"Thin route - long delay tail, high average delay",3.1577128295523824,-2.1173322478772
MKE-SLC,MKE,SLC,1247.0,363,2,83.29,4.62,31.0,0.826,2.5599066250361124,2,"Thin route - reliable, short delay tail",-1.4606802520205553,-0.8952739089272429
ROA-ATL,ROA,ATL,357.0,432,2,87.23,0.39,22.0,2.083,2.635483746814912,2,"Thin route - reliable, short delay tail",-1.8264749630694752,-0.4898271021712599
SLC-MSP,SLC,MSP,991.0,1589,1,86.98,-1.72,18.0,0.315,3.2011238972073794,2,"Thin route - reliable, short delay tail",-2.4834159876147273,0.2596907063021574
ATL-SMF,ATL,SMF,2092.0,1010,1,82.15,3.05,31.4,1.188,3.0043213737826426,3,"Thin route - long-haul, rarely cancels",-1.4860243547074472,-0.5338897798739891
MSY-SLC,MSY,SLC,1429.0,455,1,91.35,-2.79,12.0,0.22,2.6580113966571126,2,"Thin route - reliable, short delay tail",-3.3581131472154406,-0.7420783503516901
SMF-ATL,SMF,ATL,2092.0,1010,1,92.84,-6.29,8.0,1.386,3.0043213737826426,3,"Thin route - long-haul, rarely cancels",-3.514377797233461,0.002928365981196408
ATL-GEG,ATL,GEG,1969.0,538,1,80.6,1.73,33.0,1.115,2.7307822756663893,3,"Thin route - long-haul, rarely cancels",-1.5187223825346854,-1.0933505617681358
DTW-SAT,DTW,SAT,1214.0,944,2,80.62,0.61,35.0,0.742,2.974971994298069,2,"Thin route - reliable, short delay tail",-1.2695656965770683,-0.033868945178711855
ATL-HNL,ATL,HNL,4502.0,383,1,78.1,1.14,29.2,0.522,2.583198773968623,3,"Thin route - long-haul, rarely cancels",-2.0640807219296327,-1.5871118126482797
ATL-BOI,ATL,BOI,1838.0,545,1,81.56,3.61,29.8,1.284,2.7363965022766426,3,"Thin route - long-haul, rarely cancels",-1.4882970178619064,-1.0762333761144192
DTW-PBI,DTW,PBI,1086.0,475,1,81.02,4.38,32.4,1.263,2.6766936096248664,2,"Thin route - reliable, short delay tail",-1.234787555692103,-1.1807009820323153
PIE-AVL,PIE,AVL,519.0,508,1,75.7,10.34,54.9,0.591,2.7058637122839193,2,"Thin route - reliable, short delay tail",0.11907628434725198,-1.4249038369399332
GRR-SFB,GRR,SFB,1001.0,400,1,71.97,15.63,63.5,0.75,2.6020599913279625,1,"Thin route - long delay tail, high average delay",0.9103574401817754,-1.9148337442278074
FLL-TYS,FLL,TYS,709.0,481,1,60.63,30.82,96.0,0.832,2.682145076373832,1,"Thin route - long delay tail, high average delay",3.7669397172828933,-2.466120973933337
AZA-PVU,AZA,PVU,477.0,706,1,79.77,12.64,43.9,0.425,2.8488047010518036,2,"Thin route - reliable, short delay tail",-0.3054057649637762,-1.0231270717218315
VPS-CVG,VPS,CVG,600.0,416,1,75.06,14.15,62.8,0.481,2.6190933306267428,1,"Thin route - long delay tail, high average delay",0.5616868327317917,-1.748395323163218
TYS-SFB,TYS,SFB,511.0,639,1,68.94,19.32,77.0,0.626,2.8055008581584002,1,"Thin route - long delay tail, high average delay",1.87973087925677,-1.6769970136340164
LAS-BLI,LAS,BLI,954.0,434,1,86.45,1.19,23.0,1.152,2.637489729512511,2,"Thin route - reliable, short delay tail",-2.137878910861465,-1.0196908734759518
SFB-GRR,SFB,GRR,1001.0,400,1,72.04,16.8,64.6,0.75,2.6020599913279625,1,"Thin route - long delay tail, high average delay",1.0129918304664058,-1.9449512932903203
PIE-EYW,PIE,EYW,238.0,313,1,82.14,-1.4,40.6,0.639,2.4955443375464483,2,"Thin route - reliable, short delay tail",-1.576020287277561,-1.3804925473179823
LAS-MFE,LAS,MFE,1210.0,426,1,89.62,-2.16,15.0,0.469,2.629409599102719,2,"Thin route - reliable, short delay tail",-3.021738142147268,-0.855358589769598
SFB-CVG,SFB,CVG,735.0,351,1,64.86,24.13,91.0,0.285,2.545307116465824,1,"Thin route - long delay tail, high average delay",2.6718835909468432,-2.4835845568253605
PIE-CVG,PIE,CVG,776.0,351,1,72.7,16.04,64.9,0.57,2.545307116465824,1,"Thin route - long delay tail, high average delay",0.890390009881349,-2.011941175223434
SNA-PVU,SNA,PVU,565.0,407,1,70.94,37.03,75.5,0.246,2.60959440922522,1,"Thin route - long delay tail, high average delay",2.707742936152269,-2.387009204282893
PIE-GRR,PIE,GRR,1044.0,381,1,75.66,7.35,43.3,0.262,2.5809249756756194,2,"Thin route - reliable, short delay tail",-0.594837945051518,-1.5736504433673633
MQT-ORD,MQT,ORD,303.0,744,1,72.8,24.98,97.0,4.973,2.8715729355458786,1,"Thin route - long delay tail, high average delay",3.5545549241761876,-1.8411796748866993
BMI-ORD,BMI,ORD,116.0,879,1,82.57,7.34,47.2,3.413,2.9439888750737717,2,"Thin route - reliable, short delay tail",-0.007502351695982962,-0.7553289590392568
LSE-ORD,LSE,ORD,215.0,1051,1,82.0,2.93,48.3,4.662,3.021602716028242,2,"Thin route - reliable, short delay tail",0.07109475220785985,-0.5706886636891281
XNA-ORD,XNA,ORD,522.0,1842,5,77.13,10.11,59.0,2.063,3.26528962586083,0,"Trunk route - multi-carrier, unreliable",1.233724203831973,1.588608196414773
ORD-EVV,ORD,EVV,272.0,699,3,74.4,12.05,60.3,4.292,2.8444771757456815,1,"Thin route - long delay tail, high average delay",1.71199659086451,-0.37592193118060924
DFW-RAP,DFW,RAP,835.0,1006,2,80.34,2.41,33.0,1.69,3.0025979807199086,2,"Thin route - reliable, short delay tail",-0.8890573211512997,-0.005096667578444297
RAP-DFW,RAP,DFW,835.0,1006,2,83.32,3.34,39.6,1.889,3.0025979807199086,2,"Thin route - reliable, short delay tail",-0.8363013639558452,-0.02068911323006757
DFW-FAR,DFW,FAR,967.0,1086,1,84.27,-1.25,24.0,1.75,3.035829825252828,2,"Thin route - reliable, short delay tail",-1.8142452838366736,-0.2205402789645103
ORD-BMI,ORD,BMI,116.0,879,1,77.75,5.77,63.2,3.641,2.9439888750737717,1,"Thin route - long delay tail, high average delay",0.7337324963288504,-0.9254146899784234
TXK-DFW,TXK,DFW,181.0,723,1,84.98,3.32,36.0,3.043,2.859138297294531,2,"Thin route - reliable, short delay tail",-0.8900778333666074,-0.7210927202289199
DCA-XNA,DCA,XNA,963.0,365,1,77.23,12.93,63.4,4.932,2.5622928644564746,1,"Thin route - long delay tail, high average delay",1.274967520929074,-1.9719772732288399
TLH-MIA,TLH,MIA,402.0,1191,3,80.74,8.07,37.0,0.42,3.0759117614827773,2,"Thin route - reliable, short delay tail",-0.48457223688863166,0.5613795841889829
DFW-GGG,DFW,GGG,140.0,718,1,82.61,6.89,36.0,2.925,2.8561244442423,2,"Thin route - reliable, short delay tail",-0.4878439016954353,-0.836508897498406
DFW-TXK,DFW,TXK,181.0,723,1,82.43,5.17,33.1,3.181,2.859138297294531,2,"Thin route - reliable, short delay tail",-0.612853976013142,-0.7900870714007673
MIA-SRQ,MIA,SRQ,178.0,333,2,84.68,4.35,28.0,0.0,2.5224442335063197,2,"Thin route - reliable, short delay tail",-1.7009130694835437,-0.8097623566335128
DFW-GNV,DFW,GNV,900.0,703,2,84.97,0.63,35.0,1.28,2.846955325019824,2,"Thin route - reliable, short delay tail",-1.4807050449581765,-0.20893129504186075
ACY-PBI,ACY,PBI,936.0,326,1,82.35,0.61,37.5,5.521,2.513217600067939,2,"Thin route - reliable, short delay tail",-0.5151981932905362,-1.568790430260968
SLC-RDU,SLC,RDU,1824.0,383,1,88.3,-3.48,20.5,1.305,2.583198773968623,3,"Thin route - long-haul, rarely cancels",-2.786704708100534,-1.0589750268164664
ACK-JFK,ACK,JFK,199.0,301,2,72.26,12.01,79.7,8.97,2.4785664955938436,1,"Thin route - long delay tail, high average delay",3.1906340025914415,-1.9111281355829237
MVY-LGA,MVY,LGA,175.0,321,1,79.94,5.56,41.0,3.738,2.506505032404872,2,"Thin route - reliable, short delay tail",-0.1956417347403368,-1.6348952989486674
ROC-BOS,ROC,BOS,343.0,384,2,83.65,0.1,45.0,2.865,2.584331224367531,2,"Thin route - reliable, short delay tail",-0.799933463707612,-0.8315681786813567
BGR-EWR,BGR,EWR,393.0,482,1,69.87,13.0,63.0,4.979,2.6830470382388496,1,"Thin route - long delay tail, high average delay",1.986980546044178,-1.8131080610997514
EWR-GSP,EWR,GSP,594.0,776,1,85.71,-4.15,29.6,5.284,2.8898617212581885,2,"Thin route - reliable, short delay tail",-1.1559601647168298,-0.551617573667774
EWR-BGR,EWR,BGR,393.0,483,1,83.7,3.69,33.1,4.762,2.683947130751512,2,"Thin route - reliable, short delay tail",-0.548914199610132,-1.161393080649628
PIT-ORD,PIT,ORD,413.0,4003,5,78.82,10.82,53.0,2.198,3.602385590105105,0,"Trunk route - multi-carrier, unreliable",1.1746608035366732,2.33939846946702
SFO-BUR,SFO,BUR,326.0,3062,3,76.1,7.6,54.0,1.078,3.486005186362242,0,"Trunk route - multi-carrier, unreliable",0.6170733317161123,1.1971118112880936
DEN-RAP,DEN,RAP,301.0,2867,2,78.06,8.46,50.0,0.977,3.4574276929464847,0,"Trunk route - multi-carrier, unreliable",0.24460495125299642,0.7106929658272951
TUS-DEN,TUS,DEN,639.0,2740,4,83.38,4.04,34.0,0.547,3.437750562820388,0,"Trunk route - multi-carrier, unreliable",-0.7621121857712694,1.9075622558824055
DEN-DSM,DEN,DSM,589.0,2331,4,80.42,4.78,40.7,0.515,3.3675422735205767,0,"Trunk route - multi-carrier, unreliable",-0.33387427862710933,1.6549059130476498
ATW-ORD,ATW,ORD,160.0,2430,2,71.08,15.85,82.0,4.733,3.385606273598312,1,"Thin route - long delay tail, high average delay",2.9886290366873665,-0.03557905581729548
BZN-DEN,BZN,DEN,524.0,2722,3,77.42,5.08,46.0,0.404,3.434888120867316,0,"Trunk route - multi-carrier, unreliable",-0.07355703898306495,1.2271421746793267
OTH-SFO,OTH,SFO,412.0,316,1,62.74,28.47,74.1,0.633,2.499687082618404,1,"Thin route - long delay tail, high average delay",2.7963594451204603,-2.5756676561695335
DEN-FSD,DEN,FSD,483.0,1819,3,82.38,5.33,37.0,0.88,3.2598326990634834,2,"Thin route - reliable, short delay tail",-0.630188087176688,1.0028559390027678
STL-DEN,STL,DEN,770.0,3676,4,75.53,10.36,53.0,0.272,3.5653755027140734,0,"Trunk route - multi-carrier, unreliable",0.7386756577317505,1.7668924176841267
DEN-MOT,DEN,MOT,604.0,1108,1,75.07,12.48,58.0,1.083,3.044539760392411,1,"Thin route - long delay tail, high average delay",0.628151483696111,-0.8301842422817404
DEN-DRO,DEN,DRO,251.0,2187,2,80.68,5.41,40.0,0.914,3.339848783037637,2,"Thin route - reliable, short delay tail",-0.4807867743679509,0.6534390966709851
IAH-SHV,IAH,SHV,192.0,1202,1,74.75,15.65,52.0,1.082,3.079904467666721,1,"Thin route - long delay tail, high average delay",0.78789082624403,-0.7552598049134919
EUG-DEN,EUG,DEN,996.0,1267,3,79.81,6.99,45.0,0.395,3.1027766148834415,2,"Thin route - reliable, short delay tail",-0.36417151167813877,0.5210554848440593
ORD-TVC,ORD,TVC,224.0,2770,5,67.97,23.73,84.0,4.801,3.4424797690644486,1,"Thin route - long delay tail, high average delay",4.270557836740404,1.2759719722679308
MHK-ORD,MHK,ORD,501.0,575,2,77.22,11.96,75.8,3.652,2.7596678446896306,1,"Thin route - long delay tail, high average delay",1.536504395662982,-1.0770671482361154
SHV-DFW,SHV,DFW,190.0,2125,3,76.4,17.96,68.9,3.718,3.3273589343863303,1,"Thin route - long delay tail, high average delay",2.2551699179829146,0.4938845261529129
SBN-DFW,SBN,DFW,846.0,984,2,73.61,17.7,79.4,2.337,2.9929950984313414,1,"Thin route - long delay tail, high average delay",2.0318023831853025,-0.7936584052697391
DFW-STL,DFW,STL,550.0,2382,5,68.36,21.17,81.0,3.065,3.3769417571467586,0,"Trunk route - multi-carrier, unreliable",3.509755860252364,1.249639770099303
STL-DFW,STL,DFW,550.0,2381,5,75.16,19.03,75.0,3.276,3.37675939540488,0,"Trunk route - multi-carrier, unreliable",2.7302658687347576,1.4503700030775275
TUS-LAX,TUS,LAX,451.0,2589,2,86.38,0.25,26.0,0.425,3.413132050434872,2,"Thin route - reliable, short delay tail",-1.754766172420911,1.1061010521199208
PHX-FAT,PHX,FAT,493.0,1475,3,79.67,8.41,45.0,0.475,3.1687920203141817,0,"Trunk route - multi-carrier, unreliable",-0.13284292497305245,0.662214612041966
BNA-ORD,BNA,ORD,409.0,5029,9,71.56,19.93,77.0,2.923,3.7014816356209272,0,"Trunk route - multi-carrier, unreliable",3.763009403609302,3.9516668630485374
PHX-PSP,PHX,PSP,261.0,1444,3,78.07,10.17,56.0,0.97,3.1595671932336202,0,"Trunk route - multi-carrier, unreliable",0.5474787782929907,0.5073141633543081
PDX-LAX,PDX,LAX,833.0,4345,4,86.79,-0.27,21.0,0.69,3.6379897807846855,0,"Trunk route - multi-carrier, unreliable",-1.578298947461349,2.535073253796388
SDF-DFW,SDF,DFW,733.0,2002,5,74.82,18.49,64.0,3.497,3.3014640731433,0,"Trunk route - multi-carrier, unreliable",2.4218529517134924,1.353705772174834
DFW-AEX,DFW,AEX,285.0,1045,2,84.13,0.57,32.0,3.828,3.019116290447073,2,"Thin route - reliable, short delay tail",-0.7447772708059054,0.11930660962602242
LAX-TUS,LAX,TUS,451.0,2600,2,79.64,7.49,48.0,0.385,3.4149733479708178,2,"Thin route - reliable, short delay tail",-0.17308135388696053,0.6922971039501493
LAX-TUL,LAX,TUL,1283.0,375,2,91.18,-1.5,12.0,0.267,2.574031267727719,2,"Thin route - reliable, short delay tail",-3.114096151834806,-0.4552898925680775
ORD-RST,ORD,RST,268.0,1057,2,65.17,26.55,85.9,4.825,3.024074987307426,1,"Thin route - long delay tail, high average delay",4.1316451937272785,-1.1397362410099068
TUL-LAX,TUL,LAX,1283.0,376,2,86.93,1.93,20.0,0.266,2.575187844927661,2,"Thin route - reliable, short delay tail",-2.3428088979579043,-0.654189524147298
JAC-LAX,JAC,LAX,784.0,679,2,78.8,7.35,51.0,1.62,2.8318697742805017,2,"Thin route - reliable, short delay tail",-0.03702859162059127,-0.5985514016438677
DFW-CRP,DFW,CRP,355.0,2512,3,80.34,5.58,40.0,2.787,3.4000196350651586,0,"Trunk route - multi-carrier, unreliable",0.13959118412726862,1.1781841488481613
ASE-DFW,ASE,DFW,701.0,1185,1,66.7,25.89,106.2,7.173,3.0737183503461227,1,"Thin route - long delay tail, high average delay",4.85463014762858,-1.7192066450914327
ORD-MCI,ORD,MCI,403.0,4197,6,72.1,14.39,64.0,2.597,3.62293896921149,0,"Trunk route - multi-carrier, unreliable",2.4699183154337416,2.5785862315212187
OKC-ORD,OKC,ORD,693.0,2616,4,75.12,14.66,71.0,3.02,3.4176377396522297,0,"Trunk route - multi-carrier, unreliable",2.1240750385075424,1.1683852525596508
SPS-DFW,SPS,DFW,113.0,729,2,83.71,6.67,37.5,3.155,2.8627275283179747,2,"Thin route - reliable, short delay tail",-0.34514553890866295,-0.335669526818808
ORD-SPI,ORD,SPI,174.0,708,2,75.26,11.56,61.6,3.249,2.850033257689769,1,"Thin route - long delay tail, high average delay",1.2808426356421077,-0.785265438594301
PHX-ELP,PHX,ELP,347.0,2488,4,76.66,9.02,44.0,0.643,3.3958503760187813,0,"Trunk route - multi-carrier, unreliable",0.4092446710896028,1.5508149404495324
MAF-DFW,MAF,DFW,309.0,2921,3,82.9,8.46,45.0,3.081,3.46553155697355,0,"Trunk route - multi-carrier, unreliable",0.36941685329516666,1.2605321127307796
DFW-CLL,DFW,CLL,164.0,1213,2,85.58,-1.66,26.9,3.133,3.083860800866573,2,"Thin route - reliable, short delay tail",-1.2575743940935564,0.3894776891536881
DSM-ORD,DSM,ORD,299.0,3411,6,73.94,17.54,66.0,4.134,3.5328817194073974,0,"Trunk route - multi-carrier, unreliable",2.9290790264793722,2.310093749056787
SAF-DFW,SAF,DFW,551.0,1762,2,79.05,7.11,52.0,2.838,3.246005904076029,0,"Trunk route - multi-carrier, unreliable",0.4360054679408868,0.23228002241364085
PSP-PHX,PSP,PHX,261.0,1444,3,80.14,12.26,57.0,0.9,3.1595671932336202,0,"Trunk route - multi-carrier, unreliable",0.5389491143275074,0.49749294968738716
ORD-ELP,ORD,ELP,1236.0,724,5,72.34,8.68,59.0,2.21,2.859738566197147,0,"Trunk route - multi-carrier, unreliable",1.2670284711808413,0.6394502736841882
LAX-SMF,LAX,SMF,373.0,5640,5,84.69,1.22,28.0,0.39,3.751279103983342,0,"Trunk route - multi-carrier, unreliable",-0.9390431861134813,3.1752021782033255
DFW-ASE,DFW,ASE,701.0,1187,1,68.47,15.34,82.9,4.465,3.074450718954591,1,"Thin route - long delay tail, high average delay",2.765557497982371,-1.2281178765831464
SEA-LAX,SEA,LAX,954.0,7454,6,82.67,2.02,28.0,0.845,3.8723893884178207,0,"Trunk route - multi-carrier, unreliable",-0.5255320972830905,3.787278264033309
DFW-LBB,DFW,LBB,282.0,2622,4,79.64,8.64,51.0,2.67,3.4186326873540653,0,"Trunk route - multi-carrier, unreliable",0.8255145675757405,1.5542424959845769
LBB-DFW,LBB,DFW,282.0,2622,4,82.54,7.3,44.0,2.555,3.4186326873540653,0,"Trunk route - multi-carrier, unreliable",0.2997108912906192,1.6850437368028834
PHX-SBP,PHX,SBP,509.0,1259,3,84.05,3.45,31.0,0.794,3.1000257301078626,2,"Thin route - reliable, short delay tail",-1.1317265946121082,0.7856843698945836
DTW-ORD,DTW,ORD,235.0,5956,8,72.57,17.52,71.4,3.24,3.7749546890801384,0,"Trunk route - multi-carrier, unreliable",3.36147202980389,3.7335179543456105
PHX-SLC,PHX,SLC,507.0,5773,6,83.04,2.4,31.0,0.502,3.761401557498631,0,"Trunk route - multi-carrier, unreliable",-0.5012603510278796,3.5853354101682418
IDA-DFW,IDA,DFW,1095.0,529,1,74.17,16.78,73.0,1.701,2.7234556720351857,1,"Thin route - long delay tail, high average delay",1.3214665764996678,-1.7511531483536615
LAX-JAC,LAX,JAC,784.0,679,2,81.02,1.85,32.7,0.884,2.8318697742805017,2,"Thin route - reliable, short delay tail",-1.2328525654632336,-0.2994146057872233
DFW-ROW,DFW,ROW,435.0,827,2,80.79,2.32,40.0,2.297,2.9175055095525466,2,"Thin route - reliable, short delay tail",-0.5750186264935717,-0.2032427994355149
SAT-LAX,SAT,LAX,1211.0,1846,4,86.48,1.01,25.0,0.433,3.266231696689893,2,"Thin route - reliable, short delay tail",-1.628920780111738,1.6933610364538212
ONT-PHX,ONT,PHX,325.0,3027,4,82.48,5.64,32.0,0.628,3.481012420956573,0,"Trunk route - multi-carrier, unreliable",-0.5515529104962515,1.9829933194956195
STS-SAN,STS,SAN,508.0,1009,2,74.92,9.88,47.4,2.973,3.0038911662369103,1,"Thin route - long delay tail, high average delay",0.7628827104385728,-0.3647074757877328
STS-BUR,STS,BUR,387.0,671,2,81.57,-0.01,33.0,2.534,2.826722520168992,2,"Thin route - reliable, short delay tail",-0.9509286919661437,-0.28352128199753435
GEG-SFO,GEG,SFO,733.0,896,2,73.29,12.47,64.0,0.335,2.9523080096621253,1,"Thin route - long delay tail, high average delay",0.8365293925942753,-0.6004503083056886
SBP-SAN,SBP,SAN,263.0,467,1,78.65,9.56,43.6,3.854,2.6693168805661123,2,"Thin route - reliable, short delay tail",0.31994490974972256,-1.4353066090450495
BUR-BOI,BUR,BOI,656.0,429,2,84.94,-5.52,27.6,0.466,2.6324572921847245,2,"Thin route - reliable, short delay tail",-2.3229941560918594,-0.4276406352529727
PSP-SEA,PSP,SEA,987.0,1649,3,87.28,-4.19,20.0,1.213,3.217220655644519,2,"Thin route - reliable, short delay tail",-2.120414382048522,1.263496677016208
SEA-BLI,SEA,BLI,93.0,1216,1,85.02,0.99,27.0,2.303,3.084933574936716,2,"Thin route - reliable, short delay tail",-1.3555631467124136,-0.11990518079693228
AUS-SAN,AUS,SAN,1164.0,2561,3,74.29,7.22,48.0,1.171,3.40840957846843,0,"Trunk route - multi-carrier, unreliable",0.43030183580822756,0.9837439566559835
SEA-SLC,SEA,SLC,689.0,4124,4,83.58,0.14,27.5,0.849,3.6153186566114788,0,"Trunk route - multi-carrier, unreliable",-1.080447888317854,2.384827714053708
BLI-SEA,BLI,SEA,93.0,1217,1,83.19,2.56,28.1,2.136,3.085290578230065,2,"Thin route - reliable, short delay tail",-1.1175695128448053,-0.18677602709578947
SAN-BOI,SAN,BOI,749.0,1031,3,79.26,3.21,42.0,0.388,3.0132586652835167,2,"Thin route - reliable, short delay tail",-0.6538632765663812,0.44554506260592397
SEA-TUS,SEA,TUS,1215.0,1065,3,82.74,1.02,26.0,0.469,3.0273496077747564,2,"Thin route - reliable, short delay tail",-1.5427235375408568,0.650333368671463
TUS-SEA,TUS,SEA,1215.0,1065,3,86.11,-1.02,21.0,0.657,3.0273496077747564,2,"Thin route - reliable, short delay tail",-2.029356639333774,0.7811148697415882
SMF-SAN,SMF,SAN,480.0,5180,3,71.99,10.96,44.0,0.985,3.714329759745233,0,"Trunk route - multi-carrier, unreliable",0.9418800837124711,1.5787207996180115
LAX-STS,LAX,STS,399.0,728,2,88.9,-5.22,18.0,2.335,2.862131379313037,2,"Thin route - reliable, short delay tail",-2.2987029190317783,0.13497783865663057
BOI-LAS,BOI,LAS,519.0,1363,5,81.1,3.56,35.0,0.22,3.1344958558346736,0,"Trunk route - multi-carrier, unreliable",-0.6254932422065504,1.7464918562622849
SEA-STS,SEA,STS,618.0,428,2,84.1,-0.61,28.0,2.103,2.6314437690131722,2,"Thin route - reliable, short delay tail",-1.532376087649842,-0.5962787583435806
RNO-SEA,RNO,SEA,564.0,904,2,76.48,5.39,38.8,1.106,2.9561684304753633,2,"Thin route - reliable, short delay tail",-0.34666704625572736,-0.23042469777565644
EUG-SAN,EUG,SAN,850.0,474,3,77.04,4.0,38.0,0.844,2.6757783416740852,2,"Thin route - reliable, short delay tail",-0.5789251461876987,-0.29687885295487787
SAN-SLC,SAN,SLC,626.0,3011,4,84.39,1.35,29.0,0.697,3.4787107555127594,0,"Trunk route - multi-carrier, unreliable",-1.1008400871228945,2.0948702379918447
MDW-DTW,MDW,DTW,228.0,1254,2,76.7,6.95,39.9,1.675,3.0982975364946976,2,"Thin route - reliable, short delay tail",0.011789985853452319,0.03415335861828456
SLC-LGB,SLC,LGB,588.0,1567,3,87.31,-2.75,21.0,0.383,3.1950689964685903,2,"Thin route - reliable, short delay tail",-2.1360144819068965,1.2402291152942129
SLC-FAT,SLC,FAT,501.0,1366,1,93.81,-5.77,7.0,0.512,3.1354506993455136,2,"Thin route - reliable, short delay tail",-3.4773532344554914,0.4393761667635102
OKC-MSP,OKC,MSP,694.0,372,2,87.77,0.66,18.0,0.806,2.5705429398818973,2,"Thin route - reliable, short delay tail",-2.329686616193001,-0.5786819887392748
SBA-SLC,SBA,SLC,615.0,1060,2,95.05,-10.24,3.0,0.943,3.0253058652647704,2,"Thin route - reliable, short delay tail",-3.799850998075892,0.8104646799446954
SLC-RDM,SLC,RDM,525.0,729,1,93.74,-3.69,8.0,0.412,2.8627275283179747,2,"Thin route - reliable, short delay tail",-3.439911033077925,-0.16812682871645948
AUS-MAF,AUS,MAF,294.0,600,2,79.03,7.24,41.5,0.5,2.7781512503836434,2,"Thin route - reliable, short delay tail",-0.5148467817117196,-0.5640308333189197
SEA-SJC,SEA,SJC,696.0,4384,5,81.28,1.99,32.0,0.57,3.641870545476313,0,"Trunk route - multi-carrier, unreliable",-0.5711912860851039,2.8152894403436814
SJC-SEA,SJC,SEA,696.0,4381,5,83.41,-1.68,29.0,0.616,3.6415732531781755,0,"Trunk route - multi-carrier, unreliable",-1.0522301671572505,2.947335341380799
DTW-SDF,DTW,SDF,306.0,1128,4,78.53,10.85,54.8,1.241,3.0523090996473234,0,"Trunk route - multi-carrier, unreliable",0.6820856401474944,0.7562345275234843
DTW-MKE,DTW,MKE,237.0,1498,4,76.34,12.72,66.0,1.335,3.1755118133634475,0,"Trunk route - multi-carrier, unreliable",1.354566755519596,0.8574647621399846
SLC-LWS,SLC,LWS,461.0,365,1,93.13,-7.98,7.0,0.0,2.5622928644564746,2,"Thin route - reliable, short delay tail",-3.912702902626022,-0.68133172138618
BNA-AUS,BNA,AUS,756.0,3028,2,80.35,2.69,39.0,0.495,3.4811558708280352,2,"Thin route - reliable, short delay tail",-0.7865472323267598,0.9717651236037448
SLC-OMA,SLC,OMA,840.0,755,1,89.76,-3.36,15.0,0.132,2.8779469516291885,2,"Thin route - reliable, short delay tail",-3.0341850971115356,-0.27956276360038645
AZO-DTW,AZO,DTW,113.0,1027,1,77.29,18.69,99.0,2.24,3.0115704435972783,1,"Thin route - long delay tail, high average delay",2.290365103520126,-1.2573742904280547
OMA-DTW,OMA,DTW,650.0,1145,2,81.48,5.65,49.7,0.699,3.0588054866759067,2,"Thin route - reliable, short delay tail",-0.4946879032260368,-0.002528288863923554
ABQ-SLC,ABQ,SLC,493.0,1154,1,93.59,-7.57,6.7,0.0,3.0622058088197126,2,"Thin route - reliable, short delay tail",-3.7357526508770773,0.34101831721273507
RNO-SLC,RNO,SLC,422.0,1198,2,90.71,-2.69,13.0,0.167,3.0784568180532927,2,"Thin route - reliable, short delay tail",-2.8182630452071313,0.6579845607170418
SLC-OKC,SLC,OKC,866.0,720,1,89.5,-2.89,15.0,0.556,2.8573324964312685,2,"Thin route - reliable, short delay tail",-2.896760026301789,-0.3513898799240246
SJC-LAX,SJC,LAX,308.0,4476,6,85.84,-2.55,23.0,0.849,3.6508900778563125,0,"Trunk route - multi-carrier, unreliable",-1.1949067128091202,3.570439847376056
SUN-SLC,SUN,SLC,222.0,1078,1,94.19,-7.78,2.3,0.742,3.03261876085072,2,"Thin route - reliable, short delay tail",-3.709681253474189,0.32383201079523594
AUS-MEM,AUS,MEM,559.0,365,1,78.61,8.45,63.3,1.37,2.5622928644564746,2,"Thin route - reliable, short delay tail",0.10505850246545599,-1.7111220698017109
MSP-GFK,MSP,GFK,284.0,1078,1,83.57,5.14,32.2,1.484,3.03261876085072,2,"Thin route - reliable, short delay tail",-1.0662547462973984,-0.3630976520715955
SLC-BZN,SLC,BZN,347.0,1162,2,88.16,-1.79,18.2,0.516,3.065206128054312,2,"Thin route - reliable, short delay tail",-2.335997927575945,0.5262616410345083
DLH-MSP,DLH,MSP,144.0,1206,2,82.35,6.37,50.6,2.653,3.0813473078041325,2,"Thin route - reliable, short delay tail",0.051066942182813664,0.018146762387228118
MSP-DLH,MSP,DLH,144.0,1207,2,80.48,9.25,54.8,2.651,3.081707270097349,2,"Thin route - reliable, short delay tail",0.5005303157690405,-0.10230325211664132
RIC-DTW,RIC,DTW,455.0,650,4,86.16,-0.3,31.0,0.923,2.8129133566428557,2,"Thin route - reliable, short delay tail",-1.4802532761867908,0.7916087296108586
SLC-JAC,SLC,JAC,205.0,1219,2,87.51,0.18,21.0,0.82,3.0860037056183818,2,"Thin route - reliable, short delay tail",-1.9778431855673628,0.4996730672532792
STL-SLC,STL,SLC,1156.0,990,3,87.33,3.77,22.2,0.909,2.99563519459755,2,"Thin route - reliable, short delay tail",-1.7134372328570684,0.6289573526920439
SLC-GEG,SLC,GEG,546.0,1671,2,86.23,1.62,27.0,0.479,3.2229764498933915,2,"Thin route - reliable, short delay tail",-1.7021595580368616,0.6701791378329494
ALB-DTW,ALB,DTW,489.0,1095,2,83.1,8.42,44.4,1.553,3.0394141191761372,2,"Thin route - reliable, short delay tail",-0.3575321368795904,-0.04765664266383623
SLC-RNO,SLC,RNO,422.0,1198,2,87.95,-1.2,21.6,0.167,3.0784568180532927,2,"Thin route - reliable, short delay tail",-2.277466980636724,0.5194649605921917
LGB-SLC,LGB,SLC,588.0,1567,3,89.27,-2.41,16.0,0.447,3.1950689964685903,2,"Thin route - reliable, short delay tail",-2.3816440606252782,1.300490589309465
LAX-SAN,LAX,SAN,109.0,2447,2,85.35,2.44,26.0,0.94,3.388633969351789,2,"Thin route - reliable, short delay tail",-1.3636872088794971,1.0036797936953223
DTW-GSP,DTW,GSP,508.0,551,2,75.75,12.86,59.0,2.541,2.741151598851785,1,"Thin route - long delay tail, high average delay",1.0024646760237372,-1.0129684653667728
DTW-SAV,DTW,SAV,705.0,595,2,78.36,6.26,46.4,1.176,2.7745169657285498,2,"Thin route - reliable, short delay tail",-0.31069496831450044,-0.6504418152691539
ELM-DTW,ELM,DTW,331.0,925,1,83.77,5.05,46.9,1.405,2.9661417327390325,2,"Thin route - reliable, short delay tail",-0.7518205316909776,-0.5938764539617061
SEA-MFR,SEA,MFR,352.0,1274,1,87.66,0.19,20.0,1.02,3.1051694279993316,2,"Thin route - reliable, short delay tail",-2.127696662385313,0.05219860435278136
GRR-MSP,GRR,MSP,408.0,1248,2,80.42,4.98,48.0,1.202,3.0962145853464054,2,"Thin route - reliable, short delay tail",-0.3334790077291965,0.0836327206785591
MSP-OKC,MSP,OKC,694.0,370,1,77.69,8.35,51.6,1.081,2.568201724066995,2,"Thin route - reliable, short delay tail",-0.22529996401862695,-1.6367301690713598
SLC-FCA,SLC,FCA,532.0,1111,2,90.08,-1.23,14.0,0.72,3.0457140589408676,2,"Thin route - reliable, short delay tail",-2.5473899792177455,0.5168627722870553
DTW-ROC,DTW,ROC,296.0,483,2,75.8,20.12,90.0,2.277,2.683947130751512,1,"Thin route - long delay tail, high average delay",2.2571985720037677,-1.461395741811414
ROC-DTW,ROC,DTW,296.0,482,2,78.72,17.55,71.2,2.49,2.6830470382388496,1,"Thin route - long delay tail, high average delay",1.4107227455043627,-1.2376657008901804
MSO-SLC,MSO,SLC,436.0,1059,2,91.4,-4.88,9.0,0.944,3.024895960107485,2,"Thin route - reliable, short delay tail",-2.9690441819082753,0.6073950626163338
SLC-MSO,SLC,MSO,436.0,1059,2,88.91,-0.28,17.0,0.944,3.024895960107485,2,"Thin route - reliable, short delay tail",-2.2549253238732363,0.41405848721058686
MSP-SBN,MSP,SBN,411.0,365,1,76.04,15.05,72.2,1.37,2.5622928644564746,1,"Thin route - long delay tail, high average delay",1.0077167321703318,-1.9411341144116008
MSP-SDF,MSP,SDF,604.0,526,1,82.24,0.26,39.6,1.141,2.7209857441537393,2,"Thin route - reliable, short delay tail",-1.351165440251628,-0.9895761735131458
SDF-MSP,SDF,MSP,604.0,527,1,81.57,6.41,36.0,1.139,2.7218106152125467,2,"Thin route - reliable, short delay tail",-0.9792604208926581,-1.1018361687370137
IDA-SLC,IDA,SLC,189.0,1193,2,91.84,-1.37,10.0,0.419,3.076640443670342,2,"Thin route - reliable, short delay tail",-2.8010541924863923,0.6786864052193156
ATW-DTW,ATW,DTW,296.0,1069,2,79.32,10.97,78.4,1.403,3.028977705208778,1,"Thin route - long delay tail, high average delay",0.9959708424274145,-0.3986089623147889
MKE-DTW,MKE,DTW,237.0,1498,4,79.58,12.91,69.8,1.402,3.1755118133634475,0,"Trunk route - multi-carrier, unreliable",1.232889114243158,0.8847184585319028
DTW-FWA,DTW,FWA,128.0,679,1,73.44,19.64,88.7,0.589,2.8318697742805017,1,"Thin route - long delay tail, high average delay",1.9253711491221965,-1.5948815325312131
SGF-ATL,SGF,ATL,563.0,591,2,82.62,7.61,40.0,1.184,2.7715874808812555,2,"Thin route - reliable, short delay tail",-0.6942291224807974,-0.5526112812316095
MSY-AUS,MSY,AUS,445.0,1999,3,77.81,6.35,42.0,0.4,3.300812794118117,0,"Trunk route - multi-carrier, unreliable",-0.1648991098525373,0.9671955450904614
LGA-OKC,LGA,OKC,1341.0,774,2,72.59,11.83,69.0,5.943,2.8887409606828927,1,"Thin route - long delay tail, high average delay",2.152277928940333,-0.9871150948758395
IND-AUS,IND,AUS,919.0,1272,3,84.91,-0.15,26.0,0.236,3.104487111312395,2,"Thin route - reliable, short delay tail",-1.7655322081557407,0.9024771927046233
ONT-SEA,ONT,SEA,956.0,2505,4,86.35,-1.28,22.0,1.078,3.3988077302032647,2,"Thin route - reliable, short delay tail",-1.6107474318900803,2.0297118016992655
DTW-MEM,DTW,MEM,610.0,1012,4,77.42,11.27,68.6,1.68,3.0051805125037805,0,"Trunk route - multi-carrier, unreliable",1.1947608534205054,0.5001811010699274
DTW-PIT,DTW,PIT,201.0,984,3,78.48,10.4,60.0,0.711,2.9929950984313414,0,"Trunk route - multi-carrier, unreliable",0.5207509818546907,0.15514176220951031
SGU-SLC,SGU,SLC,272.0,1719,1,93.59,-8.65,6.0,0.175,3.2352758766870524,2,"Thin route - reliable, short delay tail",-3.6831106653250627,0.7342317294630685
EKO-SLC,EKO,SLC,200.0,578,1,95.64,-14.99,-5.0,0.692,2.761927838420529,2,"Thin route - reliable, short delay tail",-4.616391702997587,-0.0034973731998229046
MSP-XWA,MSP,XWA,553.0,1039,1,77.22,15.36,50.0,1.54,3.016615547557177,1,"Thin route - long delay tail, high average delay",0.5479930833537806,-0.8636624698158705
BRD-MSP,BRD,MSP,114.0,631,1,85.99,-2.57,34.0,1.585,2.8000293592441343,2,"Thin route - reliable, short delay tail",-1.7679891584990648,-0.6387180255016813
DEN-FAR,DEN,FAR,627.0,1422,3,79.22,8.02,51.2,0.844,3.1528995963937474,0,"Trunk route - multi-carrier, unreliable",0.09680858217467693,0.5655843402592415
HSV-DEN,HSV,DEN,1048.0,728,1,84.55,0.58,31.0,0.137,2.862131379313037,2,"Thin route - reliable, short delay tail",-1.9815810289615483,-0.6117293667021929
CRW-ORD,CRW,ORD,416.0,948,1,64.93,29.01,96.0,4.008,2.976808337338066,1,"Thin route - long delay tail, high average delay",4.209071351290471,-1.8235449708504954
ORD-FWA,ORD,FWA,157.0,2765,3,64.4,22.99,88.9,4.557,3.441695135640717,1,"Thin route - long delay tail, high average delay",4.293848505942966,0.24881257557592998
CPR-DEN,CPR,DEN,230.0,2600,1,82.98,2.82,41.0,0.769,3.4149733479708178,2,"Thin route - reliable, short delay tail",-0.9502888317460819,0.4235192833996987
AUS-IAH,AUS,IAH,140.0,2695,2,75.93,9.31,34.8,1.15,3.4305587695227575,0,"Trunk route - multi-carrier, unreliable",0.12028471544496751,0.7094022281957058
DEN-BIS,DEN,BIS,516.0,1466,1,76.27,13.06,64.7,0.614,3.166133970305109,1,"Thin route - long delay tail, high average delay",0.7052878138755211,-0.5949212331591409
DEN-MTJ,DEN,MTJ,197.0,1416,3,75.53,9.63,49.0,0.071,3.15106325335375,0,"Trunk route - multi-carrier, unreliable",0.32171073793309574,0.5351176488898032
LIT-DEN,LIT,DEN,771.0,1572,4,80.17,5.84,48.0,0.636,3.196452541703389,0,"Trunk route - multi-carrier, unreliable",-0.11902786611436193,1.2110950977616468
MLI-DEN,MLI,DEN,751.0,366,1,82.97,4.14,41.5,0.273,2.5634810853944106,2,"Thin route - reliable, short delay tail",-1.381515368142692,-1.3756547447782614
DEN-AVL,DEN,AVL,1248.0,427,3,86.46,3.58,23.0,0.937,2.630427875025024,2,"Thin route - reliable, short delay tail",-1.7906284307734817,-0.14385611613371713
MRY-DEN,MRY,DEN,959.0,728,2,93.21,-9.52,5.0,0.275,2.862131379313037,2,"Thin route - reliable, short delay tail",-3.829844483327634,0.4082595612108896
GEG-ORD,GEG,ORD,1498.0,714,3,65.04,20.93,69.2,1.541,2.8536982117761744,1,"Thin route - long delay tail, high average delay",2.4429731200792126,-0.7811979795900041
PSC-DEN,PSC,DEN,853.0,728,2,89.43,-5.69,15.0,0.549,2.862131379313037,2,"Thin route - reliable, short delay tail",-2.935161915459421,0.19377143584794107
BFL-SFO,BFL,SFO,238.0,583,1,74.44,9.93,43.2,0.686,2.765668554759014,2,"Thin route - reliable, short delay tail",-0.029777575647632414,-1.2187458245403926
AVL-DEN,AVL,DEN,1248.0,426,3,79.95,8.7,55.2,1.174,2.629409599102719,3,"Thin route - long-haul, rarely cancels",-0.03783428192743284,-0.593151979268859
BIL-DEN,BIL,DEN,455.0,1778,2,82.21,1.78,39.0,0.731,3.249931756634195,2,"Thin route - reliable, short delay tail",-0.9807830667081258,0.5677541567476789
BOI-SFO,BOI,SFO,522.0,1716,2,68.49,17.23,71.0,0.466,3.2345172835126865,1,"Thin route - long delay tail, high average delay",1.8889770371944,-0.24200692404003837
ORD-GRB,ORD,GRB,173.0,2698,3,70.54,16.8,73.8,4.448,3.4310419453358856,1,"Thin route - long delay tail, high average delay",2.9710953280732038,0.5690964837349141
LEX-DEN,LEX,DEN,1086.0,365,2,85.32,2.49,26.0,0.822,2.5622928644564746,2,"Thin route - reliable, short delay tail",-1.867653102546955,-0.7632311635682189
AMA-DEN,AMA,DEN,359.0,685,1,78.14,8.87,61.3,2.044,2.8356905714924254,2,"Thin route - reliable, short delay tail",0.4125567470007314,-1.1603736878034523
DEN-EUG,DEN,EUG,996.0,1268,3,73.36,9.69,43.0,0.237,3.1031192535457137,0,"Trunk route - multi-carrier, unreliable",0.2272525627929366,0.367713561904449
IAH-LIT,IAH,LIT,374.0,651,1,77.28,9.72,52.4,0.461,2.813580988568192,2,"Thin route - reliable, short delay tail",-0.07514469953556908,-1.1306291593734124
DEN-ATW,DEN,ATW,883.0,411,3,69.7,10.53,62.0,0.73,2.6138418218760693,1,"Thin route - long delay tail, high average delay",1.0063757986901285,-0.8513161495396213
GRB-ORD,GRB,ORD,173.0,2698,3,72.52,16.08,72.8,4.448,3.4310419453358856,1,"Thin route - long delay tail, high average delay",2.7431368969309897,0.6265259225708016
FAT-DEN,FAT,DEN,844.0,1449,3,87.83,-2.11,21.5,0.0,3.1610683854711747,2,"Thin route - reliable, short delay tail",-2.262381524639227,1.1550733843322383
RNO-SFO,RNO,SFO,192.0,1928,2,61.87,18.63,69.0,1.4,3.285107029566812,1,"Thin route - long delay tail, high average delay",2.730262031412822,-0.2766054864618564
ORD-CAK,ORD,CAK,344.0,2028,3,65.13,27.83,100.0,5.572,3.3070679506612985,1,"Thin route - long delay tail, high average delay",5.008594903299538,-0.23391916703510937
MAF-IAH,MAF,IAH,429.0,777,2,82.25,6.92,29.0,0.515,2.890421018800914,2,"Thin route - reliable, short delay tail",-1.0886940999330665,-0.19643067445822116
MAF-DEN,MAF,DEN,563.0,1506,2,83.19,5.95,37.4,0.863,3.177824971864682,2,"Thin route - reliable, short delay tail",-0.8323543324277998,0.35052726526468564
GRI-DFW,GRI,DFW,562.0,707,1,74.89,20.92,98.0,2.829,2.8494194137968996,1,"Thin route - long delay tail, high average delay",2.6003416885238937,-1.7259783704115184
DFW-MHK,DFW,MHK,431.0,1088,2,82.21,3.11,35.4,2.482,3.036628895362161,2,"Thin route - reliable, short delay tail",-0.6622822282770312,0.0756054044344352
LAX-XNA,LAX,XNA,1371.0,442,2,88.21,-3.4,23.0,0.226,2.645422269349092,2,"Thin route - reliable, short delay tail",-2.71787751817194,-0.4039524307140488
ORD-CVG,ORD,CVG,264.0,4672,6,73.36,13.37,66.0,3.232,3.669502834104343,0,"Trunk route - multi-carrier, unreliable",2.5436515749255943,2.695516692661348
ORD-RIC,ORD,RIC,642.0,2223,4,71.67,15.1,60.0,2.924,3.3469394626989906,0,"Trunk route - multi-carrier, unreliable",2.0879298654428373,1.033175153724261
PHX-SJC,PHX,SJC,621.0,2987,4,78.28,5.81,38.0,0.502,3.475235222604128,0,"Trunk route - multi-carrier, unreliable",-0.13575932175784308,1.8313304733448144
LAX-IAH,LAX,IAH,1379.0,5216,5,84.85,1.19,27.0,0.498,3.717337582723864,0,"Trunk route - multi-carrier, unreliable",-1.1283783281756679,3.0321942456205013
PHX-PSC,PHX,PSC,962.0,693,1,85.26,1.23,29.9,0.144,2.8407332346118066,2,"Thin route - reliable, short delay tail",-2.0147309104855187,-0.6418917973504168
STS-PHX,STS,PHX,699.0,693,3,76.92,10.73,40.2,0.433,2.8407332346118066,2,"Thin route - reliable, short delay tail",-0.06272122630203444,-0.08941057858554188
DFW-TUL,DFW,TUL,237.0,2781,4,72.7,14.31,61.0,3.128,3.4442009888641594,0,"Trunk route - multi-carrier, unreliable",2.131437775842662,1.286384367956455
DFW-SAT,DFW,SAT,247.0,4376,4,67.03,21.5,80.0,3.154,3.641077313325374,1,"Thin route - long delay tail, high average delay",3.6387332483927923,1.3094505687459046
LAX-STL,LAX,STL,1592.0,1027,2,76.25,7.72,38.2,0.584,3.0115704435972783,3,"Thin route - long-haul, rarely cancels",-0.4495595520641797,-0.23089400646997713
DDC-DEN,DDC,DEN,292.0,627,1,75.69,23.55,86.0,1.276,2.7972675408307164,1,"Thin route - long delay tail, high average delay",2.0631815261897315,-1.7213509495534711
ORD-SUX,ORD,SUX,436.0,365,1,61.7,36.97,90.7,4.932,2.5622928644564746,1,"Thin route - long delay tail, high average delay",4.9023592751653275,-2.888278165398712
DEN-ATY,DEN,ATY,519.0,362,1,85.0,0.01,34.1,0.276,2.558708570533166,2,"Thin route - reliable, short delay tail",-1.9768097789443406,-1.195649417081382
IAD-MGW,IAD,MGW,140.0,362,1,73.65,46.57,125.2,6.077,2.558708570533166,1,"Thin route - long delay tail, high average delay",5.848179543746729,-3.1196976945230563
ORD-MCW,ORD,MCW,288.0,627,1,71.72,13.28,69.0,6.22,2.7972675408307164,1,"Thin route - long delay tail, high average delay",2.369779243222332,-1.6221970655391653
BTM-DEN,BTM,DEN,578.0,365,1,80.44,8.15,44.8,0.274,2.5622928644564746,2,"Thin route - reliable, short delay tail",-0.800911192374565,-1.5146214150921204
EAU-ORD,EAU,ORD,269.0,626,1,72.01,27.55,91.8,4.952,2.7965743332104296,1,"Thin route - long delay tail, high average delay",3.6227674684456823,-2.0233020885491246
DEN-RKS,DEN,RKS,260.0,728,1,78.16,11.65,47.0,0.549,2.862131379313037,2,"Thin route - reliable, short delay tail",-0.09764652315672781,-1.0121607847144922
EAR-DEN,EAR,DEN,305.0,626,1,86.29,3.68,27.1,0.639,2.7965743332104296,2,"Thin route - reliable, short delay tail",-1.8013978090416958,-0.7078284979359278
JST-IAD,JST,IAD,119.0,330,1,73.98,39.08,239.2,3.333,2.5185139398778875,1,"Thin route - long delay tail, high average delay",7.679622638235597,-3.7224348575568293
IAD-JST,IAD,JST,119.0,330,1,76.11,35.08,126.2,3.636,2.5185139398778875,1,"Thin route - long delay tail, high average delay",4.3324842257583045,-2.850737387650253
DEN-DVL,DEN,DVL,638.0,627,1,85.95,-2.86,28.0,1.914,2.7972675408307164,2,"Thin route - reliable, short delay tail",-1.9513462968808815,-0.6509211808371352
DEN-SGU,DEN,SGU,517.0,1074,1,80.39,6.0,40.5,0.279,3.0310042813635367,2,"Thin route - reliable, short delay tail",-0.8594079749055812,-0.47869401022289315
LAX-PRC,LAX,PRC,346.0,364,1,84.17,18.63,41.0,0.275,2.561101383649056,2,"Thin route - reliable, short delay tail",-0.4449529802306036,-1.620104986123414
PRC-LAX,PRC,LAX,346.0,364,1,84.02,6.17,28.0,0.275,2.561101383649056,2,"Thin route - reliable, short delay tail",-1.6178900983691187,-1.2799064054955427
JLN-DEN,JLN,DEN,582.0,327,1,71.38,20.23,79.3,0.612,2.514547752660286,1,"Thin route - long delay tail, high average delay",1.6837568365771933,-2.2674447552556654
DEN-PIR,DEN,PIR,385.0,661,1,81.61,8.35,51.4,1.664,2.82020145948564,2,"Thin route - reliable, short delay tail",-0.24989422735005945,-1.0420361281519617
ORD-JLN,ORD,JLN,484.0,365,1,69.32,22.51,81.7,2.74,2.5622928644564746,1,"Thin route - long delay tail, high average delay",2.5860042421010356,-2.3285008704523977
SLN-DEN,SLN,DEN,383.0,365,1,84.93,8.97,50.6,0.0,2.5622928644564746,2,"Thin route - reliable, short delay tail",-0.9715212854478347,-1.464836256014427
SLN-ORD,SLN,ORD,559.0,362,1,82.52,6.4,42.8,3.315,2.558708570533166,2,"Thin route - reliable, short delay tail",-0.42880755550895217,-1.5281018721138488
PRC-DEN,PRC,DEN,558.0,608,1,83.69,11.82,41.0,0.658,2.783903579272735,2,"Thin route - reliable, short delay tail",-0.7248899099208636,-1.0621880107405435
DEN-AMA,DEN,AMA,359.0,684,1,76.3,7.76,59.0,1.754,2.835056101720116,2,"Thin route - reliable, short delay tail",0.3518164310212409,-1.1478000731502251
DEN-XNA,DEN,XNA,616.0,1314,3,82.02,3.46,35.0,0.533,3.118595365223762,2,"Thin route - reliable, short delay tail",-0.93860998681157,0.7592878675297035
SBP-DEN,SBP,DEN,931.0,724,2,81.88,14.06,50.9,0.552,2.859738566197147,2,"Thin route - reliable, short delay tail",-0.08341231090130968,-0.6009788603195545
SAF-DEN,SAF,DEN,303.0,1653,1,79.55,7.59,48.3,1.089,3.2182728535714475,2,"Thin route - reliable, short delay tail",-0.1861166915205886,-0.20395929833406212
SFO-RDD,SFO,RDD,199.0,877,1,72.63,31.82,81.2,1.938,2.9429995933660407,1,"Thin route - long delay tail, high average delay",2.956633661241152,-1.6291145795987905
ATW-DEN,ATW,DEN,883.0,411,3,81.57,5.65,46.0,0.973,2.6138418218760693,2,"Thin route - reliable, short delay tail",-0.6062464921611411,-0.4357138409502038
SDF-ORD,SDF,ORD,286.0,2796,6,79.64,5.79,46.0,2.861,3.446537167073644,0,"Trunk route - multi-carrier, unreliable",0.841436499123079,2.653053670336324
DEN-MCI,DEN,MCI,533.0,4321,4,76.72,8.49,48.0,0.347,3.63558426631123,0,"Trunk route - multi-carrier, unreliable",0.47131410267662893,2.020755050532765
LAX-SUN,LAX,SUN,696.0,328,1,87.16,-2.51,29.4,0.0,2.515873843711679,2,"Thin route - reliable, short delay tail",-2.5467156982822985,-1.1663551086808008
IAH-TUL,IAH,TUL,429.0,1087,2,82.27,4.75,37.0,0.368,3.0362295440862948,2,"Thin route - reliable, short delay tail",-1.0018767598213387,0.09751950990581096
MSY-ORD,MSY,ORD,837.0,2401,7,78.46,10.85,47.0,2.541,3.3803921600570273,0,"Trunk route - multi-carrier, unreliable",1.255870670903849,2.829692474548188
ORD-GSO,ORD,GSO,589.0,1564,3,77.92,5.3,46.0,3.005,3.1942367487238292,0,"Trunk route - multi-carrier, unreliable",0.39765335277946023,0.6530332706093643
BWI-ORD,BWI,ORD,622.0,2689,8,75.98,13.73,54.0,2.417,3.4295908022233017,0,"Trunk route - multi-carrier, unreliable",1.9946399364018677,3.2782092089698036
DEN-LBB,DEN,LBB,456.0,982,2,72.38,18.15,68.8,1.426,2.9921114877869495,1,"Thin route - long delay tail, high average delay",1.7287951924799203,-0.6961107947277254
ORD-PVD,ORD,PVD,849.0,1686,5,69.67,15.76,71.0,3.44,3.2268575702887237,0,"Trunk route - multi-carrier, unreliable",2.7589248242334676,1.1089210255137658
SFO-TUS,SFO,TUS,751.0,945,2,78.11,7.27,46.0,0.317,2.975431808509263,2,"Thin route - reliable, short delay tail",-0.3598906775288656,-0.23878393988322635
MEM-IAH,MEM,IAH,468.0,1086,2,80.07,5.7,39.0,1.105,3.035829825252828,2,"Thin route - reliable, short delay tail",-0.5511985636309994,-0.002248760975083789
ORD-MDT,ORD,MDT,594.0,2131,5,73.57,12.15,59.0,3.285,3.328583449714202,0,"Trunk route - multi-carrier, unreliable",1.9422070335367392,1.5678506345541399
STL-IAH,STL,IAH,667.0,423,2,80.62,-0.64,31.0,1.182,2.6263403673750423,2,"Thin route - reliable, short delay tail",-1.4088740005367477,-0.6646828247784546
FSD-DEN,FSD,DEN,483.0,1820,3,80.42,6.57,45.0,1.319,3.2600713879850747,0,"Trunk route - multi-carrier, unreliable",-0.08245173454308419,0.8748298348108344
SFO-ASE,SFO,ASE,848.0,378,1,69.14,31.68,93.6,2.381,2.5774917998372255,1,"Thin route - long delay tail, high average delay",3.3984391696166956,-2.586659004277084
SFO-MSP,SFO,MSP,1589.0,1913,3,80.03,2.11,37.0,0.68,3.281714970027296,3,"Thin route - long-haul, rarely cancels",-0.8795990484813382,0.9887846893833033
JAC-DEN,JAC,DEN,406.0,1631,2,79.0,5.82,47.0,1.41,3.212453961040276,2,"Thin route - reliable, short delay tail",-0.09912437705656546,0.2789009541620038
RAP-DEN,RAP,DEN,301.0,2867,2,80.08,4.69,40.0,1.116,3.4574276929464847,2,"Thin route - reliable, short delay tail",-0.3978533129126538,0.8876119016034889
DEN-PSP,DEN,PSP,776.0,2026,4,76.9,6.39,44.0,0.444,3.3066394410242617,0,"Trunk route - multi-carrier, unreliable",0.06360201494280679,1.3984373667809475
DEN-LNK,DEN,LNK,423.0,1588,1,76.9,11.76,61.0,0.756,3.2008504980910772,2,"Thin route - reliable, short delay tail",0.5325004412536358,-0.4578849314144414
ACV-DEN,ACV,DEN,1026.0,370,1,76.58,18.25,91.0,1.351,2.568201724066995,1,"Thin route - long delay tail, high average delay",1.5783921891368862,-2.15994680307797
XNA-DEN,XNA,DEN,616.0,1313,3,80.78,6.49,44.0,0.762,3.118264726089479,2,"Thin route - reliable, short delay tail",-0.34793135418272775,0.6062837818409346
SFO-RNO,SFO,RNO,192.0,1928,2,73.83,11.57,55.0,1.089,3.285107029566812,0,"Trunk route - multi-carrier, unreliable",0.888349640643338,0.18912336855345804
TUS-ORD,TUS,ORD,1437.0,1040,4,76.56,11.94,60.0,1.442,3.0170333392987803,0,"Trunk route - multi-carrier, unreliable",0.8976088308893251,0.4942561393228746
ORD-SDF,ORD,SDF,286.0,2793,6,76.39,8.01,55.0,3.58,3.446070935701005,0,"Trunk route - multi-carrier, unreliable",1.6457597022698813,2.4646253961030617
LAX-BZN,LAX,BZN,902.0,542,2,89.09,-3.87,20.0,0.0,2.733999286538387,2,"Thin route - reliable, short delay tail",-2.8392822877056605,-0.13236129310516925
BZN-ORD,BZN,ORD,1185.0,1267,4,73.49,14.83,68.0,1.105,3.1027766148834415,0,"Trunk route - multi-carrier, unreliable",1.5372680414501432,0.5315495609385325
DEN-CID,DEN,CID,692.0,1128,3,80.25,7.43,43.0,0.621,3.0523090996473234,2,"Thin route - reliable, short delay tail",-0.3406526342116574,0.4474783302983906
BUR-PHX,BUR,PHX,369.0,3119,4,83.17,4.45,36.0,0.994,3.4940153747571436,0,"Trunk route - multi-carrier, unreliable",-0.4969883747541731,2.004678230305029
PHX-ICT,PHX,ICT,870.0,769,3,77.87,6.13,38.0,0.91,2.885926339801431,2,"Thin route - reliable, short delay tail",-0.4039938841454197,0.10088015371362623
IAH-PNS,IAH,PNS,489.0,565,3,74.19,11.89,67.0,0.708,2.7520484478194387,1,"Thin route - long delay tail, high average delay",0.9956483877064337,-0.5163525397946784
PNS-IAH,PNS,IAH,489.0,565,3,83.51,7.31,48.3,1.239,2.7520484478194387,2,"Thin route - reliable, short delay tail",-0.40450798112390235,-0.14398906921680396
DEN-MSP,DEN,MSP,680.0,5845,5,78.45,5.36,41.0,0.582,3.766784515497859,0,"Trunk route - multi-carrier, unreliable",0.1672658607672274,2.8907771307195467
CHA-ORD,CHA,ORD,501.0,954,3,71.51,13.72,62.0,4.088,2.979548374704095,1,"Thin route - long delay tail, high average delay",2.062783462084758,-0.2096202999761295
MSP-ORD,MSP,ORD,334.0,6344,8,70.58,16.97,69.0,2.759,3.8023631743095474,0,"Trunk route - multi-carrier, unreliable",3.298740000920287,3.7879799799180627
ORD-CHA,ORD,CHA,501.0,956,3,69.54,15.45,71.5,5.021,2.9804578922761,1,"Thin route - long delay tail, high average delay",2.798295485373324,-0.3719877849665385
ORD-MSP,ORD,MSP,334.0,6344,8,70.22,17.75,67.0,2.569,3.8023631743095474,0,"Trunk route - multi-carrier, unreliable",3.2825651571129253,3.7848353490189277
PSP-LAX,PSP,LAX,110.0,483,1,85.24,1.75,22.0,0.414,2.683947130751512,2,"Thin route - reliable, short delay tail",-2.0507159386782834,-0.8608596487666131
ORD-ROC,ORD,ROC,528.0,2336,4,74.2,10.26,54.0,2.44,3.3684728384403617,0,"Trunk route - multi-carrier, unreliable",1.322209966717407,1.2869570876441747
ABQ-ORD,ABQ,ORD,1118.0,1146,5,78.42,9.74,56.0,1.571,3.059184617631371,0,"Trunk route - multi-carrier, unreliable",0.739936147820494,1.1857307772349828
PDX-ONT,PDX,ONT,838.0,566,3,83.81,1.67,24.0,0.53,2.7528164311882715,2,"Thin route - reliable, short delay tail",-1.6688275000024713,0.13637105492765875
STS-LAS,STS,LAS,454.0,346,2,80.52,6.51,49.4,0.578,2.5390760987927767,2,"Thin route - reliable, short delay tail",-0.5727748685759954,-1.0796170532811176
ABQ-AUS,ABQ,AUS,619.0,830,1,78.6,5.42,43.0,0.241,2.9190780923760737,2,"Thin route - reliable, short delay tail",-0.7636131872787779,-0.7521196463218274
ABQ-BWI,ABQ,BWI,1670.0,400,1,84.44,0.72,22.0,1.0,2.6020599913279625,3,"Thin route - long-haul, rarely cancels",-2.2037843939365644,-1.1648225030104182
ABQ-LAS,ABQ,LAS,486.0,1719,2,82.56,2.45,32.0,0.291,3.2352758766870524,2,"Thin route - reliable, short delay tail",-1.259649926714151,0.5887227797414337
ABQ-SAN,ABQ,SAN,628.0,684,1,79.82,3.19,37.0,0.439,2.835056101720116,2,"Thin route - reliable, short delay tail",-1.155763199008771,-0.8226992945276617
ALB-MCO,ALB,MCO,1073.0,1040,2,78.36,4.67,39.0,0.962,3.0170333392987803,2,"Thin route - reliable, short delay tail",-0.6253798053397505,-0.09455397592531564
ALB-MDW,ALB,MDW,717.0,728,1,81.37,3.98,32.7,1.511,2.862131379313037,2,"Thin route - reliable, short delay tail",-1.091571706745496,-0.7669379446352534
ATL-BNA,ATL,BNA,214.0,4268,2,80.41,6.3,39.0,1.687,3.630224410752432,0,"Trunk route - multi-carrier, unreliable",-0.12696439439962795,1.2100756279287614
ATL-DEN,ATL,DEN,1199.0,5595,4,78.23,6.28,42.5,1.09,3.7478000908643687,0,"Trunk route - multi-carrier, unreliable",0.17025761347065346,2.28370031222366
ATL-HOU,ATL,HOU,696.0,2879,2,80.52,3.79,34.7,1.32,3.459241664878082,2,"Thin route - reliable, short delay tail",-0.6475306035753836,0.9154884038751151
ATL-MCI,ATL,MCI,692.0,3272,5,82.81,5.18,34.0,1.161,3.514813294999285,0,"Trunk route - multi-carrier, unreliable",-0.3343544216607924,2.48611956957265
ATL-MSY,ATL,MSY,425.0,4025,5,81.16,4.49,36.0,1.491,3.6047658847038875,0,"Trunk route - multi-carrier, unreliable",-0.046441832568573864,2.651987311986576
ATL-STL,ATL,STL,484.0,3685,3,82.03,3.62,34.0,1.52,3.56643749219507,0,"Trunk route - multi-carrier, unreliable",-0.5288806336208203,1.6591153204340354
AUS-BOS,AUS,BOS,1698.0,1673,3,65.13,23.11,81.0,2.451,3.2234959409623944,1,"Thin route - long delay tail, high average delay",3.2192836042419377,-0.19131662861270488
AUS-BUR,AUS,BUR,1241.0,346,1,65.99,12.91,50.1,0.289,2.5390760987927767,1,"Thin route - long delay tail, high average delay",0.6653835908122506,-2.0111435084039724
AUS-BWI,AUS,BWI,1342.0,1287,1,76.84,5.76,37.0,1.554,3.1095785469043866,3,"Thin route - long-haul, rarely cancels",-0.4995653998896454,-0.4595682245033827
AUS-LGB,AUS,LGB,1226.0,428,1,68.22,9.26,42.3,0.0,2.6314437690131722,3,"Thin route - long-haul, rarely cancels",0.012987493699683546,-1.6441359978555559
AUS-MCI,AUS,MCI,650.0,981,2,74.69,11.45,50.0,0.408,2.9916690073799486,2,"Thin route - reliable, short delay tail",0.3356354494332234,-0.37500582363847446
AUS-OKC,AUS,OKC,358.0,318,1,77.6,6.13,38.4,0.0,2.5024271199844326,2,"Thin route - reliable, short delay tail",-0.9388096814395183,-1.578060624926526
AUS-PHX,AUS,PHX,872.0,3388,5,78.91,9.11,45.0,0.767,3.5299434016586693,0,"Trunk route - multi-carrier, unreliable",0.4089924736859752,2.2895792875222996
AUS-RDU,AUS,RDU,1162.0,521,1,73.55,9.18,45.0,0.576,2.7168377232995247,3,"Thin route - long-haul, rarely cancels",-0.15590335770396818,-1.4020138485004237
AUS-SMF,AUS,SMF,1481.0,385,1,72.4,10.58,43.0,0.26,2.5854607295085006,3,"Thin route - long-haul, rarely cancels",-0.20101760628179413,-1.7226188188697118
AUS-STL,AUS,STL,721.0,973,1,77.53,6.0,34.0,0.103,2.988112840268352,2,"Thin route - reliable, short delay tail",-0.9001109659665104,-0.5854564659574306
AUS-TPA,AUS,TPA,928.0,1532,3,75.66,8.7,47.2,0.587,3.185258765296585,0,"Trunk route - multi-carrier, unreliable",0.2177196095026278,0.5641003596902318
BDL-BNA,BDL,BNA,852.0,390,2,84.97,-0.63,22.0,1.026,2.591064607026499,2,"Thin route - reliable, short delay tail",-2.061164337438899,-0.6074757624398371
BDL-DEN,BDL,DEN,1671.0,890,2,83.87,0.69,27.0,1.011,2.949390006644913,3,"Thin route - long-haul, rarely cancels",-1.7470810457645483,-0.019948832688167977
BDL-TPA,BDL,TPA,1111.0,682,2,75.45,6.51,42.0,1.613,2.833784374656479,2,"Thin route - reliable, short delay tail",-0.12541084640498368,-0.6035797432957838
BHM-BNA,BHM,BNA,177.0,515,1,74.71,8.45,39.0,0.971,2.711807229041191,2,"Thin route - reliable, short delay tail",-0.2072317414912065,-1.2694555968585295
BHM-BWI,BHM,BWI,682.0,337,1,81.38,5.76,33.8,1.187,2.5276299008713385,2,"Thin route - reliable, short delay tail",-1.1447043161612038,-1.4822281783347602
BNA-ALB,BNA,ALB,825.0,436,2,82.3,-1.41,29.6,0.229,2.639486489268586,2,"Thin route - reliable, short delay tail",-1.867566353229178,-0.5650204707685581
BNA-BDL,BNA,BDL,852.0,391,2,79.79,2.56,28.5,1.023,2.5921767573958667,2,"Thin route - reliable, short delay tail",-1.274315973330933,-0.8082697440380048
BNA-BOS,BNA,BOS,942.0,2935,6,68.7,15.13,65.0,2.044,3.467608105583633,0,"Trunk route - multi-carrier, unreliable",2.5340131667746375,2.151259707875921
BNA-BUF,BNA,BUF,633.0,370,1,75.41,7.58,36.0,0.811,2.568201724066995,2,"Thin route - reliable, short delay tail",-0.5655502834074483,-1.5440532340837732
BNA-GSP,BNA,GSP,265.0,668,1,70.69,12.88,54.0,0.749,2.824776462475546,1,"Thin route - long delay tail, high average delay",0.7777860265583753,-1.3031437414570004
BNA-MCO,BNA,MCO,616.0,3510,4,74.25,8.6,49.0,1.567,3.545307116465824,0,"Trunk route - multi-carrier, unreliable",0.9286860832777094,1.7375565222939688
BNA-MSP,BNA,MSP,695.0,1745,2,82.05,0.91,29.0,1.605,3.241795431295199,2,"Thin route - reliable, short delay tail",-1.1307171394679854,0.5869116233171225
BNA-ONT,BNA,ONT,1751.0,336,1,68.96,8.98,41.6,0.298,2.526339277389844,3,"Thin route - long-haul, rarely cancels",-0.13787180207170635,-1.8865869429498814
BNA-RDU,BNA,RDU,442.0,2214,2,75.96,8.18,40.4,1.852,3.345177616542704,0,"Trunk route - multi-carrier, unreliable",0.2697116391797907,0.4746923700769831
BOI-OAK,BOI,OAK,512.0,554,1,83.94,1.12,26.0,0.0,2.74350976472843,2,"Thin route - reliable, short delay tail",-2.0232489719602773,-0.7958244711924162
BOS-MDW,BOS,MDW,861.0,1361,1,72.21,11.06,57.0,1.91,3.133858125203335,1,"Thin route - long delay tail, high average delay",0.912181485570863,-0.7098072463579866
BOS-STL,BOS,STL,1047.0,1612,3,76.19,6.36,50.0,1.551,3.2073650374690716,0,"Trunk route - multi-carrier, unreliable",0.30505281345851915,0.6085297025373911
BUF-LAS,BUF,LAS,1986.0,302,1,81.94,-1.3,28.0,0.662,2.4800069429571505,3,"Thin route - long-haul, rarely cancels",-2.1653332188290224,-1.4736553218404396
BUR-AUS,BUR,AUS,1241.0,346,1,80.81,3.48,32.7,0.0,2.5390760987927767,2,"Thin route - reliable, short delay tail",-1.642149685744493,-1.4227205693827358
BUR-BNA,BUR,BNA,1791.0,329,1,81.54,5.58,34.6,0.912,2.5171958979499744,3,"Thin route - long-haul, rarely cancels",-1.3921774372677451,-1.5824745135426281
BUR-SMF,BUR,SMF,358.0,2609,1,86.36,-3.21,25.0,1.648,3.4164740791002206,2,"Thin route - reliable, short delay tail",-1.8576902771117938,0.681611926840204
BWI-ALB,BWI,ALB,288.0,1760,1,81.43,3.01,30.0,1.705,3.24551266781415,2,"Thin route - reliable, short delay tail",-0.9682257486090176,0.0849574612240053
BWI-CMH,BWI,CMH,337.0,1056,1,79.67,6.32,42.3,1.515,3.0236639181977933,2,"Thin route - reliable, short delay tail",-0.4235622189467742,-0.5495769675247415
BWI-DEN,BWI,DEN,1491.0,2814,3,77.12,5.54,38.0,1.173,3.449324093098727,0,"Trunk route - multi-carrier, unreliable",-0.20106006965640275,1.1943631885875388
BWI-GSP,BWI,GSP,426.0,720,1,81.66,4.62,38.2,1.528,2.8573324964312685,2,"Thin route - reliable, short delay tail",-0.8772638916710965,-0.7988897864258241
BWI-IND,BWI,IND,516.0,1219,1,77.49,6.48,37.0,1.231,3.0860037056183818,2,"Thin route - reliable, short delay tail",-0.45363518028131145,-0.4346592372633081
BWI-MDW,BWI,MDW,611.0,1838,2,76.02,8.7,47.6,2.176,3.2643455070500926,0,"Trunk route - multi-carrier, unreliable",0.5061590298191092,0.22765508531664677
BWI-MHT,BWI,MHT,377.0,1744,1,84.16,1.09,29.0,1.089,3.2415464805965484,2,"Thin route - reliable, short delay tail",-1.4931091270285755,0.18456245280447264
BWI-MSP,BWI,MSP,936.0,1409,2,79.8,5.78,35.0,1.845,3.1489109931093564,2,"Thin route - reliable, short delay tail",-0.48937536534128856,0.18904313139161452
BWI-MYR,BWI,MYR,399.0,1038,1,80.18,4.68,39.7,1.349,3.016197353512439,2,"Thin route - reliable, short delay tail",-0.6934735406655466,-0.5042652890533743
BWI-PVD,BWI,PVD,327.0,1867,1,80.33,3.21,31.0,2.089,3.2711443179490782,2,"Thin route - reliable, short delay tail",-0.7507599385514531,0.09152636250311023
BWI-PWM,BWI,PWM,452.0,1342,1,80.8,2.79,30.0,1.416,3.1277525158329733,2,"Thin route - reliable, short delay tail",-1.073833613932191,-0.16704242888554202
BWI-SFO,BWI,SFO,2457.0,1054,2,69.64,8.47,52.0,0.854,3.022840610876528,3,"Thin route - long-haul, rarely cancels",0.40507290735278595,-0.5136371842961802
BWI-SJU,BWI,SJU,1565.0,1162,3,66.93,18.71,62.0,2.41,3.065206128054312,1,"Thin route - long delay tail, high average delay",2.230705112412506,-0.25256375216659577
BZN-LAS,BZN,LAS,701.0,598,2,83.22,2.03,35.0,0.334,2.776701183988411,2,"Thin route - reliable, short delay tail",-1.4655420947197655,-0.3677650869491849
CHS-BNA,CHS,BNA,439.0,986,1,78.02,5.79,36.0,0.609,2.993876914941211,2,"Thin route - reliable, short delay tail",-0.7353767067695975,-0.567140354926908
CLE-BNA,CLE,BNA,448.0,1040,3,84.37,0.11,25.0,0.769,3.0170333392987803,2,"Thin route - reliable, short delay tail",-1.569256585342862,0.7361763524642947
CLE-DEN,CLE,DEN,1201.0,1839,3,82.29,2.21,36.0,0.544,3.2645817292380777,2,"Thin route - reliable, short delay tail",-1.0502583680715007,1.0346893002168538
CLE-PHX,CLE,PHX,1737.0,988,3,76.84,5.52,36.0,0.81,2.9947569445876283,3,"Thin route - long-haul, rarely cancels",-0.5363847318956827,0.2646347617465832
CLT-DEN,CLT,DEN,1337.0,2790,5,77.6,4.75,46.6,1.254,3.4456042032735974,0,"Trunk route - multi-carrier, unreliable",0.2630721168622295,2.1194799996510376
CLT-MDW,CLT,MDW,584.0,719,1,76.47,8.88,42.0,1.947,2.8567288903828825,2,"Thin route - reliable, short delay tail",-0.017032573429014288,-1.032923473048865
CMH-DCA,CMH,DCA,323.0,2051,4,69.72,14.0,61.0,3.023,3.3119656603683665,0,"Trunk route - multi-carrier, unreliable",2.2504433132406723,0.9644579103947515
CMH-DEN,CMH,DEN,1154.0,1769,3,80.07,6.41,34.0,0.622,3.2477278329097232,2,"Thin route - reliable, short delay tail",-0.6291222273332902,0.8885928188539366
CMH-MCO,CMH,MCO,802.0,2148,4,78.07,8.41,49.0,1.49,3.332034277027518,0,"Trunk route - multi-carrier, unreliable",0.4890211377955441,1.361907125176482
CMH-MIA,CMH,MIA,990.0,1154,4,83.55,0.31,28.0,0.347,3.0622058088197126,2,"Thin route - reliable, short delay tail",-1.4361066535935079,1.2372018906756401
CMH-PHX,CMH,PHX,1670.0,1148,2,82.3,7.49,35.0,1.22,3.059941888061955,3,"Thin route - long-haul, rarely cancels",-0.8633058459870869,-0.021902668186332415
CMH-RSW,CMH,RSW,930.0,652,1,80.13,6.83,38.0,1.534,2.81424759573192,2,"Thin route - reliable, short delay tail",-0.7109724596881551,-0.9992694814999518
CMH-TPA,CMH,TPA,829.0,901,1,83.91,0.23,28.0,1.11,2.954724790979063,2,"Thin route - reliable, short delay tail",-1.7388238959426205,-0.41931922859915916
COS-DAL,COS,DAL,602.0,799,1,81.77,3.94,36.1,0.876,2.902546779313991,2,"Thin route - reliable, short delay tail",-1.1477580156828406,-0.6700577432973918
CVG-BNA,CVG,BNA,230.0,521,1,80.12,4.43,32.0,0.576,2.7168377232995247,2,"Thin route - reliable, short delay tail",-1.1789875782997623,-1.0233738372382926
DAL-ABQ,DAL,ABQ,580.0,1626,1,77.09,7.12,42.0,1.353,3.2111205412580492,2,"Thin route - reliable, short delay tail",-0.1800604211526836,-0.24158811477736294
DAL-BWI,DAL,BWI,1209.0,1814,1,74.6,10.6,42.0,1.929,3.2586372827240764,2,"Thin route - reliable, short delay tail",0.2989929424691853,-0.32913655146395204
DAL-CLT,DAL,CLT,926.0,377,1,59.14,21.51,67.8,1.061,2.576341350205793,1,"Thin route - long delay tail, high average delay",2.4855295821589736,-2.353513846235613
DAL-FLL,DAL,FLL,1108.0,548,1,60.93,18.33,62.1,1.277,2.738780558484369,1,"Thin route - long delay tail, high average delay",2.0672656985249147,-1.9063644082863966
DAL-HRL,DAL,HRL,458.0,378,1,69.41,12.74,48.0,0.529,2.5774917998372255,1,"Thin route - long delay tail, high average delay",0.5294961336775806,-1.7977106288309055
DAL-JAX,DAL,JAX,906.0,350,1,59.6,19.38,63.0,0.286,2.5440680443502757,1,"Thin route - long delay tail, high average delay",1.9909465761021878,-2.3094870161176195
DAL-LGA,DAL,LGA,1381.0,1536,1,60.96,23.17,78.1,3.06,3.186391215695493,1,"Thin route - long delay tail, high average delay",3.3594290297166514,-1.274182734234734
DAL-ORD,DAL,ORD,798.0,450,1,74.89,9.34,48.9,0.889,2.6532125137753435,2,"Thin route - reliable, short delay tail",-0.04066430910854172,-1.5180582788288197
DAL-RDU,DAL,RDU,1052.0,421,1,63.53,16.2,56.0,1.663,2.6242820958356683,1,"Thin route - long delay tail, high average delay",1.6143217363801488,-2.0162953738480924
DAL-SDF,DAL,SDF,725.0,350,1,74.57,9.82,45.5,1.143,2.5440680443502757,2,"Thin route - reliable, short delay tail",-0.04619549311878755,-1.7362391374671038
DAL-SJC,DAL,SJC,1450.0,427,1,66.35,13.0,53.0,1.639,2.630427875025024,1,"Thin route - long delay tail, high average delay",1.0347849234779845,-1.8978188035321648
DAL-SLC,DAL,SLC,999.0,674,1,71.62,10.05,46.5,1.039,2.82865989653532,2,"Thin route - reliable, short delay tail",0.26860028911985473,-1.2375532437070924
DAL-STL,DAL,STL,546.0,1939,1,76.35,8.7,47.0,1.392,3.2875778090787056,2,"Thin route - reliable, short delay tail",0.16042994975382835,-0.16310588884592694
DAL-TUL,DAL,TUL,237.0,1049,1,77.94,5.59,43.3,0.953,3.020775488193558,2,"Thin route - reliable, short delay tail",-0.42782286263026265,-0.5531463248722486
DCA-ATL,DCA,ATL,547.0,6801,6,78.33,7.15,52.0,3.323,3.83257277484618,0,"Trunk route - multi-carrier, unreliable",1.410715814989483,3.3156752764638253
DCA-CMH,DCA,CMH,323.0,2052,4,77.84,7.6,46.0,3.119,3.3121773564397787,0,"Trunk route - multi-carrier, unreliable",0.8173808910042984,1.341437239087566
DCA-HOU,DCA,HOU,1218.0,1053,1,76.69,5.56,47.0,1.804,3.0224283711854865,2,"Thin route - reliable, short delay tail",-0.19458298456539638,-0.7016952029372175
DCA-STL,DCA,STL,719.0,2414,5,73.49,11.28,56.0,2.444,3.3827372657613304,0,"Trunk route - multi-carrier, unreliable",1.6178187607139178,1.731445377131378
DCA-TPA,DCA,TPA,814.0,2243,3,74.15,11.16,63.0,2.452,3.350829273582968,0,"Trunk route - multi-carrier, unreliable",1.4317522150487987,0.669731127345536
DEN-ATL,DEN,ATL,1199.0,5602,4,79.38,3.29,41.0,0.91,3.7483431044875495,0,"Trunk route - multi-carrier, unreliable",-0.20142003511202805,2.3826845016380362
DEN-BNA,DEN,BNA,1013.0,3641,3,75.19,8.48,47.0,0.577,3.561220678933944,0,"Trunk route - multi-carrier, unreliable",0.36681694703798345,1.3242512665219972
DEN-BOS,DEN,BOS,1754.0,3872,4,70.88,12.63,68.0,1.369,3.587935348636356,0,"Trunk route - multi-carrier, unreliable",1.7527021688133635,1.4683070941560503
DEN-BUF,DEN,BUF,1359.0,587,3,67.69,15.27,68.0,0.17,2.7686381012476144,1,"Thin route - long delay tail, high average delay",1.4963017009243522,-0.7292105330846648
DEN-BUR,DEN,BUR,850.0,2173,4,73.78,8.43,49.0,0.276,3.3370597263205246,0,"Trunk route - multi-carrier, unreliable",0.5358044222109547,1.3279009094470984
DEN-DTW,DEN,DTW,1123.0,3094,5,77.99,5.94,45.1,0.356,3.490520309363349,0,"Trunk route - multi-carrier, unreliable",0.11820031167299871,2.249260169512441
DEN-FLL,DEN,FLL,1703.0,1606,3,76.54,7.22,42.0,0.436,3.205745540942662,3,"Thin route - long-haul, rarely cancels",-0.23751049306508074,0.630066666775821
DEN-GRR,DEN,GRR,1015.0,1235,4,76.24,7.84,41.0,0.162,3.0916669575956846,0,"Trunk route - multi-carrier, unreliable",-0.05487720727980329,0.926711674428456
DEN-LGA,DEN,LGA,1620.0,4667,4,71.89,11.92,62.0,2.764,3.669037800885156,0,"Trunk route - multi-carrier, unreliable",1.8438789737010977,1.6747773852102164
DEN-LGB,DEN,LGB,854.0,1005,1,73.35,8.76,44.0,0.597,3.002166061756508,2,"Thin route - reliable, short delay tail",-0.028457410500037097,-0.782478759739463
DEN-PDX,DEN,PDX,991.0,4285,5,74.91,8.64,44.0,0.233,3.631950826259217,0,"Trunk route - multi-carrier, unreliable",0.5579731388059189,2.449195635611605
DEN-PHL,DEN,PHL,1558.0,3030,4,73.55,12.35,54.1,1.155,3.481442628502305,0,"Trunk route - multi-carrier, unreliable",1.1003213901330071,1.4204858213263487
DEN-SEA,DEN,SEA,1024.0,6317,6,74.65,8.14,45.0,0.633,3.800510876894368,0,"Trunk route - multi-carrier, unreliable",0.867406870384438,3.2557636857241192
DEN-SMF,DEN,SMF,909.0,3850,4,73.83,9.24,47.0,0.286,3.5854607295085006,0,"Trunk route - multi-carrier, unreliable",0.6250625795968896,1.8289236187876046
DSM-LAS,DSM,LAS,1216.0,595,2,80.94,9.86,40.8,0.168,2.7745169657285498,2,"Thin route - reliable, short delay tail",-0.7287239623999439,-0.6491760244073967
DSM-STL,DSM,STL,259.0,403,1,89.25,-5.08,16.0,0.744,2.6053050461411096,2,"Thin route - reliable, short delay tail",-2.9586804288665958,-0.7907950438234491
DTW-BNA,DTW,BNA,456.0,2420,4,78.95,4.8,38.0,1.405,3.383815365980431,0,"Trunk route - multi-carrier, unreliable",-0.057145824234458034,1.6621859891025725
ELP-LAS,ELP,LAS,584.0,1330,2,80.83,5.43,38.0,0.602,3.123851640967086,2,"Thin route - reliable, short delay tail",-0.7542952723056879,0.21032323905168374
FAT-LAS,FAT,LAS,259.0,1714,2,82.18,3.97,34.5,0.408,3.2340108175871793,2,"Thin route - reliable, short delay tail",-0.9990388060204782,0.5457568039866523
FLL-AUS,FLL,AUS,1105.0,1166,3,60.39,20.24,80.0,2.659,3.0666985504229953,1,"Thin route - long delay tail, high average delay",3.445555796630169,-0.4916992227445194
FLL-BNA,FLL,BNA,793.0,2147,4,69.68,12.28,59.0,1.956,3.331832044436249,0,"Trunk route - multi-carrier, unreliable",1.771319313150953,1.0487694770672291
FLL-DCA,FLL,DCA,899.0,2307,3,67.54,18.13,72.0,1.907,3.3630475945210936,1,"Thin route - long delay tail, high average delay",2.516032065831508,0.3814830376997456
FLL-IND,FLL,IND,1005.0,1020,4,65.2,19.3,77.0,2.059,3.0086001717619175,1,"Thin route - long delay tail, high average delay",2.9286627666378577,0.020829704671980292
FLL-MSY,FLL,MSY,673.0,1411,3,64.93,16.35,72.2,2.126,3.149527013754348,1,"Thin route - long delay tail, high average delay",2.6047547532883764,-0.056416056502110914
FLL-SJU,FLL,SJU,1046.0,2338,4,66.58,16.7,60.0,1.625,3.3688445068258215,0,"Trunk route - multi-carrier, unreliable",2.2336154443819427,0.960980426750131
GRR-DEN,GRR,DEN,1015.0,1234,4,77.6,9.85,42.0,0.324,3.091315159697223,0,"Trunk route - multi-carrier, unreliable",0.039461238694716246,0.8976943291214557
GRR-MDW,GRR,MDW,137.0,931,1,77.77,3.83,30.0,0.43,2.9689496809813427,2,"Thin route - reliable, short delay tail",-1.0099239046301927,-0.5124005284842512
GSP-BNA,GSP,BNA,265.0,667,1,83.41,-0.14,23.8,0.45,2.824125833916549,2,"Thin route - reliable, short delay tail",-1.950363827217286,-0.5941198837601669
GSP-BWI,GSP,BWI,426.0,719,1,90.1,-2.86,14.0,1.53,2.8567288903828825,2,"Thin route - reliable, short delay tail",-2.6728208451507838,-0.3307863320935151
HNL-LAX,HNL,LAX,2556.0,5514,6,80.99,5.66,32.0,0.526,3.741466761769755,0,"Trunk route - multi-carrier, unreliable",-0.42473027273654707,3.2691887954236094
HNL-LGB,HNL,LGB,2569.0,730,3,82.37,0.7,27.0,0.274,2.863322860120456,3,"Thin route - long-haul, rarely cancels",-1.8347163726278644,0.20561950326730516
HNL-LIH,HNL,LIH,102.0,7722,3,84.61,4.38,22.0,1.334,3.8877297972880305,0,"Trunk route - multi-carrier, unreliable",-0.8486071657009409,2.464907197910293
HNL-OAK,HNL,OAK,2409.0,729,3,82.28,2.01,29.0,0.0,2.8627275283179747,3,"Thin route - long-haul, rarely cancels",-1.7245563065497609,0.18378374855585833
HNL-SJC,HNL,SJC,2417.0,809,3,82.75,2.88,25.0,0.0,2.9079485216122722,3,"Thin route - long-haul, rarely cancels",-1.7910644425937794,0.2932927505089818
HOU-ABQ,HOU,ABQ,759.0,978,1,79.73,3.22,36.0,0.511,2.9903388547876015,2,"Thin route - reliable, short delay tail",-1.1159556964788575,-0.513189316355548
HOU-ATL,HOU,ATL,696.0,2882,2,79.74,7.01,39.0,1.249,3.4596939764779706,2,"Thin route - reliable, short delay tail",-0.27255937500665073,0.8095190940139634
HOU-AUS,HOU,AUS,148.0,1362,1,74.94,7.06,39.0,0.367,3.1341771075767664,2,"Thin route - reliable, short delay tail",-0.286582090969455,-0.35137348459803824
HOU-BHM,HOU,BHM,570.0,448,1,76.01,7.97,39.0,0.446,2.651278013998144,2,"Thin route - reliable, short delay tail",-0.5477592955009163,-1.374942086263425
HOU-DAL,HOU,DAL,239.0,4046,1,81.0,3.48,38.0,2.2,3.607025878434786,2,"Thin route - reliable, short delay tail",-0.42699585396194967,0.7419178544270773
HOU-JAN,HOU,JAN,359.0,729,1,79.48,3.58,30.0,0.412,2.8627275283179747,2,"Thin route - reliable, short delay tail",-1.2404022602666895,-0.7107837565116911
HOU-LAX,HOU,LAX,1390.0,1195,1,74.2,6.49,39.0,0.084,3.0773679052841563,3,"Thin route - long-haul, rarely cancels",-0.5533442530469711,-0.5598573453143721
HOU-LGB,HOU,LGB,1374.0,461,1,85.81,-0.61,21.0,0.434,2.663700925389648,2,"Thin route - reliable, short delay tail",-2.4850127162498,-0.9385235437551396
HOU-MCI,HOU,MCI,666.0,1002,1,76.38,7.17,39.6,0.299,3.0008677215312267,2,"Thin route - reliable, short delay tail",-0.5254162250223091,-0.6436127182037904
HOU-MEM,HOU,MEM,484.0,830,1,74.08,8.86,38.0,1.325,2.9190780923760737,2,"Thin route - reliable, short delay tail",-0.042373204503543135,-0.894016576798523
HOU-PHX,HOU,PHX,1020.0,2098,1,76.89,5.74,38.0,0.477,3.3218054838575393,2,"Thin route - reliable, short delay tail",-0.5918443393874683,0.028593499611543775
HOU-TPA,HOU,TPA,781.0,1012,1,74.35,9.45,44.5,0.395,3.0051805125037805,2,"Thin route - reliable, short delay tail",-0.07974205951710982,-0.76353815473694
HOU-TUL,HOU,TUL,453.0,602,1,77.39,5.4,35.2,0.664,2.7795964912578244,2,"Thin route - reliable, short delay tail",-0.808478674917077,-1.0065004656885357
HRL-DAL,HRL,DAL,458.0,378,1,84.22,1.94,27.7,0.794,2.5774917998372255,2,"Thin route - reliable, short delay tail",-1.8184082061107791,-1.1791294244835417
ICT-LAS,ICT,LAS,986.0,473,2,76.91,7.64,48.8,0.211,2.6748611407378116,2,"Thin route - reliable, short delay tail",-0.3491042532503737,-0.9175234935522778
IND-BWI,IND,BWI,516.0,1216,1,85.86,0.13,22.0,1.398,3.084933574936716,2,"Thin route - reliable, short delay tail",-1.8867464599079944,-0.059002351972442586
IND-DAL,IND,DAL,755.0,675,1,79.37,3.12,43.0,1.185,2.829303772831025,2,"Thin route - reliable, short delay tail",-0.81761043055972,-0.9149818166009225
IND-FLL,IND,FLL,1005.0,1018,4,78.09,7.7,43.6,1.965,3.00774777800074,0,"Trunk route - multi-carrier, unreliable",0.24606574050177968,0.7185640418300223
JAN-BNA,JAN,BNA,327.0,366,1,83.47,2.45,23.0,0.546,2.5634810853944106,2,"Thin route - reliable, short delay tail",-1.892044662218952,-1.18203478432487
JAX-MDW,JAX,MDW,848.0,416,1,79.95,4.93,33.2,1.442,2.6190933306267428,2,"Thin route - reliable, short delay tail",-1.0374749004860484,-1.3211933667155895
KOA-HNL,KOA,HNL,163.0,7236,3,84.83,3.78,23.0,1.202,3.8594985581877763,0,"Trunk route - multi-carrier, unreliable",-0.9310782442440623,2.4159381357010115
LAS-ATL,LAS,ATL,1747.0,4771,4,84.56,1.95,28.0,0.859,3.6786094165589263,0,"Trunk route - multi-carrier, unreliable",-1.1617081544153458,2.4067455016565003
LAS-BUR,LAS,BUR,223.0,4129,3,79.39,4.15,40.0,1.332,3.6158448828747023,0,"Trunk route - multi-carrier, unreliable",-0.11313462913402404,1.6877787874330101
LAS-DCA,LAS,DCA,2089.0,728,2,75.28,5.08,43.0,0.962,2.862131379313037,3,"Thin route - long-haul, rarely cancels",-0.47715150579993415,-0.5839906277734053
LAS-EUG,LAS,EUG,700.0,473,2,85.81,-1.45,21.0,0.0,2.6748611407378116,2,"Thin route - reliable, short delay tail",-2.3873667312276474,-0.3530971662440499
LAS-KOA,LAS,KOA,2718.0,365,1,85.4,-6.06,22.0,0.0,2.5622928644564746,3,"Thin route - long-haul, rarely cancels",-3.149153145948335,-1.1424173333194494
LAS-MDW,LAS,MDW,1521.0,2300,2,75.97,5.56,38.0,0.696,3.361727836017593,3,"Thin route - long-haul, rarely cancels",-0.403365889486013,0.5283458994455565
LAS-MKE,LAS,MKE,1524.0,1049,3,74.21,6.2,39.0,0.763,3.020775488193558,3,"Thin route - long-haul, rarely cancels",-0.17479844748171947,0.2545034804172008
LAS-MSY,LAS,MSY,1500.0,837,3,73.2,8.7,42.0,0.478,2.92272545799326,3,"Thin route - long-haul, rarely cancels",0.05044007872568311,-0.02510463204480581
LAS-OGG,LAS,OGG,2695.0,735,3,84.07,2.6,25.0,0.68,2.8662873390841948,3,"Thin route - long-haul, rarely cancels",-1.8156481765209553,0.19432642586656124
LAS-ORD,LAS,ORD,1514.0,5237,5,76.71,9.75,50.0,1.298,3.719082573901486,0,"Trunk route - multi-carrier, unreliable",0.8494084722852059,2.522023149873015
LAS-SAT,LAS,SAT,1069.0,2024,3,74.71,8.8,42.0,0.296,3.3062105081677613,0,"Trunk route - multi-carrier, unreliable",0.11884487330420077,0.8250922068333332
LAS-TPA,LAS,TPA,1984.0,1031,3,68.82,14.33,47.0,0.873,3.0132586652835167,3,"Thin route - long-haul, rarely cancels",0.9509403714810266,-0.11942750501470194
LAS-TUS,LAS,TUS,364.0,1336,2,76.15,6.24,42.2,0.524,3.125806458139527,2,"Thin route - reliable, short delay tail",-0.20947210081228537,0.10452642083975827
LAX-MDW,LAX,MDW,1751.0,1298,1,77.42,4.53,32.0,0.616,3.1132746924643504,3,"Thin route - long-haul, rarely cancels",-1.0395801089052197,-0.3860887147919518
LBB-DAL,LBB,DAL,293.0,1506,1,84.32,1.28,29.0,1.062,3.177824971864682,2,"Thin route - reliable, short delay tail",-1.5107199697502125,0.06073954324747136
LBB-LAS,LBB,LAS,775.0,365,1,79.44,3.55,43.2,1.096,2.5622928644564746,2,"Thin route - reliable, short delay tail",-0.9180834125197928,-1.4690685723502872
LGA-HOU,LGA,HOU,1428.0,1359,1,72.46,8.31,53.0,3.311,3.1332194567324945,1,"Thin route - long delay tail, high average delay",0.8345992652243825,-0.7122721051330748
LGB-DEN,LGB,DEN,854.0,1007,1,82.12,3.84,39.0,0.099,3.003029470553618,2,"Thin route - reliable, short delay tail",-1.2847418292426187,-0.471498115968802
LGB-LAS,LGB,LAS,231.0,2117,1,81.01,2.74,35.0,0.472,3.325720858019412,2,"Thin route - reliable, short delay tail",-1.0659277374502227,0.256322336848467
LGB-SMF,LGB,SMF,387.0,1869,1,87.64,-4.41,21.0,0.375,3.271609301378832,2,"Thin route - reliable, short delay tail",-2.4990258474709384,0.4972829384163422
LIH-OAK,LIH,OAK,2456.0,660,3,88.82,-4.97,17.0,0.303,2.8195439355418688,3,"Thin route - long-haul, rarely cancels",-2.9724138779780844,0.42477916960659934
LIT-DAL,LIT,DAL,296.0,1038,1,83.43,2.38,30.5,0.963,3.016197353512439,2,"Thin route - reliable, short delay tail",-1.415388438469128,-0.3159452356505231
LIT-LAS,LIT,LAS,1294.0,360,1,84.68,1.47,26.2,0.278,2.5563025007672873,2,"Thin route - reliable, short delay tail",-2.1858059509915737,-1.2451763571576902
MCI-DAL,MCI,DAL,461.0,2032,1,80.73,4.03,37.0,1.083,3.307923703611882,2,"Thin route - reliable, short delay tail",-0.8069646132608472,0.137488685189019
MCI-DCA,MCI,DCA,949.0,1927,5,74.92,11.61,50.0,3.269,3.284881714655453,0,"Trunk route - multi-carrier, unreliable",1.48645147208522,1.5466821998621911
MCO-IND,MCO,IND,829.0,2429,4,74.28,11.42,50.0,1.317,3.3854275148051305,0,"Trunk route - multi-carrier, unreliable",0.9883205197643006,1.337165840388476
MCO-LAS,MCO,LAS,2039.0,1927,5,80.27,-0.04,37.0,0.156,3.284881714655453,3,"Thin route - long-haul, rarely cancels",-0.9488139253004824,1.9799500499508929
MCO-MEM,MCO,MEM,684.0,738,3,71.84,13.65,64.0,2.304,2.8680563618230415,1,"Thin route - long delay tail, high average delay",1.6002167248248973,-0.40283993111913036
MCO-OKC,MCO,OKC,1069.0,327,2,72.67,10.83,54.0,1.223,2.514547752660286,1,"Thin route - long delay tail, high average delay",0.48809518848337036,-1.4610861820784962
MCO-PIT,MCO,PIT,834.0,2219,4,75.25,8.56,49.0,1.307,3.346157302232008,0,"Trunk route - multi-carrier, unreliable",0.6752244402274953,1.3396883001136222
MCO-SMF,MCO,SMF,2408.0,323,1,72.27,9.33,38.0,0.619,2.509202522331103,3,"Thin route - long-haul, rarely cancels",-0.5021320281151119,-1.907055374390581
MDW-ATL,MDW,ATL,591.0,3527,3,79.46,3.38,39.9,2.07,3.5474054596674898,0,"Trunk route - multi-carrier, unreliable",-0.0884149732697799,1.5130430880806351
MDW-DCA,MDW,DCA,601.0,2100,1,69.69,11.61,54.0,1.857,3.322219294733919,1,"Thin route - long delay tail, high average delay",1.1684603101155666,-0.33875948552623936
MDW-HOU,MDW,HOU,937.0,1857,1,74.24,6.44,41.9,1.239,3.2688119037397803,2,"Thin route - reliable, short delay tail",-0.06876784720712052,-0.18564848370038195
MDW-LAX,MDW,LAX,1751.0,1298,1,69.32,11.2,50.0,0.924,3.1132746924643504,3,"Thin route - long-haul, rarely cancels",0.5827127746015106,-0.800584820690402
MDW-LGA,MDW,LGA,725.0,2385,1,68.83,14.1,57.0,4.235,3.3774883833761327,1,"Thin route - long delay tail, high average delay",2.0334083679582755,-0.3965219675483277
MDW-MYR,MDW,MYR,738.0,333,1,76.22,7.55,43.0,1.502,2.5224442335063197,2,"Thin route - reliable, short delay tail",-0.32065883422370084,-1.6994026922483592
MDW-OAK,MDW,OAK,1844.0,505,1,64.06,16.2,53.0,1.386,2.7032913781186614,1,"Thin route - long delay tail, high average delay",1.3354948739983816,-1.879509813791366
MDW-OMA,MDW,OMA,423.0,1326,1,75.42,8.23,43.0,1.131,3.1225435240687545,2,"Thin route - reliable, short delay tail",-0.01103679605477672,-0.46316526811841835
MDW-PHX,MDW,PHX,1444.0,2738,2,75.68,7.6,42.6,1.644,3.437433443797971,0,"Trunk route - multi-carrier, unreliable",0.13929161356787068,0.5818345041902511
MDW-ROC,MDW,ROC,523.0,496,1,66.53,16.1,60.7,2.016,2.6954816764901977,1,"Thin route - long delay tail, high average delay",1.6937277401000563,-1.8144309000907446
MDW-SAT,MDW,SAT,1036.0,661,1,77.3,5.09,38.9,1.21,2.82020145948564,2,"Thin route - reliable, short delay tail",-0.6754338290295238,-1.007220933296336
MDW-SEA,MDW,SEA,1733.0,678,1,63.54,16.09,56.0,0.59,2.8312296938670634,1,"Thin route - long delay tail, high average delay",1.3319108704400635,-1.6114114779477315
MDW-SMF,MDW,SMF,1790.0,675,1,68.86,14.46,55.3,0.889,2.829303772831025,1,"Thin route - long delay tail, high average delay",0.8516265284480694,-1.494535925211113
MEM-MDW,MEM,MDW,480.0,670,1,83.69,3.94,29.5,1.791,2.8260748027008264,2,"Thin route - reliable, short delay tail",-1.2698487248403325,-0.7660263939768346
MIA-BNA,MIA,BNA,806.0,2536,5,70.4,13.9,58.0,1.183,3.404149249209695,0,"Trunk route - multi-carrier, unreliable",1.7896972911018443,1.6843372221896138
MIA-MDW,MIA,MDW,1182.0,503,2,68.37,16.47,63.0,1.59,2.7015679850559273,1,"Thin route - long delay tail, high average delay",1.579406863693325,-1.353107810069321
MKE-DCA,MKE,DCA,634.0,1346,3,74.15,17.2,58.0,3.418,3.1290450598879582,1,"Thin route - long delay tail, high average delay",1.871581434944462,0.11002675313861195
MKE-MCO,MKE,MCO,1066.0,1420,3,77.63,7.04,40.0,1.197,3.1522883443830563,0,"Trunk route - multi-carrier, unreliable",-0.13074350216199787,0.5848366233240015
MSY-DAL,MSY,DAL,437.0,2287,1,77.03,7.77,45.0,1.137,3.3592661646067485,2,"Thin route - reliable, short delay tail",-0.020852963916890947,0.04511512648323442
MSY-LGA,MSY,LGA,1183.0,1420,5,71.35,17.89,71.0,3.732,3.1522883443830563,0,"Trunk route - multi-carrier, unreliable",2.757762106784656,0.9073576241559282
MSY-MDW,MSY,MDW,825.0,1014,1,74.92,10.18,43.0,1.183,3.0060379549973173,2,"Thin route - reliable, short delay tail",0.06121268087071119,-0.7843794151088035
MSY-PHX,MSY,PHX,1301.0,934,4,78.69,8.71,39.0,0.428,2.9703468762300935,0,"Trunk route - multi-carrier, unreliable",-0.27025565150379466,0.687399138980569
MSY-SAT,MSY,SAT,495.0,346,1,76.81,7.18,39.2,0.289,2.5390760987927767,2,"Thin route - reliable, short delay tail",-0.7263364034808877,-1.5642757913698957
OAK-ABQ,OAK,ABQ,889.0,353,1,77.05,5.99,33.0,0.0,2.5477747053878224,2,"Thin route - reliable, short delay tail",-1.1148466643440866,-1.4984984896793032
OAK-LAS,OAK,LAS,407.0,3293,2,77.36,8.01,41.0,0.607,3.517591730711908,0,"Trunk route - multi-carrier, unreliable",-0.047740441859415256,0.8939447595432731
OAK-PDX,OAK,PDX,543.0,1305,3,80.38,4.03,37.0,0.383,3.1156105116742996,2,"Thin route - reliable, short delay tail",-0.7448500046475871,0.7087781598569866
OAK-PHX,OAK,PHX,646.0,1901,2,77.7,8.28,41.9,0.263,3.278982116865443,2,"Thin route - reliable, short delay tail",-0.24388196000840365,0.3918785107417791
OGG-KOA,OGG,KOA,84.0,1460,3,80.37,6.8,28.0,0.137,3.164352855784437,2,"Thin route - reliable, short delay tail",-0.759044326705916,0.8564852166158899
OGG-LAS,OGG,LAS,2695.0,735,3,89.27,-7.41,15.0,0.544,2.8662873390841948,3,"Thin route - long-haul, rarely cancels",-3.188618617893991,0.5654564382631395
OGG-LIH,OGG,LIH,202.0,1460,3,75.02,9.27,32.0,0.0,3.164352855784437,2,"Thin route - reliable, short delay tail",-0.12382238413083535,0.6766547730545217
OGG-SJC,OGG,SJC,2355.0,471,3,76.87,9.75,35.4,0.425,2.673020907128896,3,"Thin route - long-haul, rarely cancels",-0.5834158605533208,-0.5132687238746081
OKC-STL,OKC,STL,462.0,411,2,90.15,-3.56,13.0,1.217,2.6138418218760693,2,"Thin route - reliable, short delay tail",-2.7815270378686576,-0.32097740280328807
OMA-PHX,OMA,PHX,1037.0,2006,5,81.84,4.32,35.0,0.499,3.302330928684399,0,"Trunk route - multi-carrier, unreliable",-0.582923612111121,2.037663234724621
ONT-MDW,ONT,MDW,1706.0,360,1,90.2,-3.21,14.0,0.278,2.5563025007672873,3,"Thin route - long-haul, rarely cancels",-3.3157828524165716,-0.9998793698081104
ONT-SMF,ONT,SMF,390.0,2114,1,85.62,-1.58,23.0,0.284,3.3251049829714074,2,"Thin route - reliable, short delay tail",-2.09941926455092,0.501203063557355
ORD-AUS,ORD,AUS,977.0,3174,6,72.86,12.13,63.5,2.016,3.5016069224188295,0,"Trunk route - multi-carrier, unreliable",1.9719180047505818,2.3660081089551523
ORD-PHX,ORD,PHX,1440.0,5586,4,73.09,13.6,61.0,1.772,3.747100931364986,0,"Trunk route - multi-carrier, unreliable",1.6687273802549394,1.873887324687947
ORF-BNA,ORF,BNA,585.0,423,1,78.62,5.19,30.0,0.473,2.6263403673750423,2,"Thin route - reliable, short delay tail",-1.1806582606535063,-1.2630771866524344
PBI-BNA,PBI,BNA,757.0,365,1,69.15,10.87,50.6,0.274,2.5622928644564746,1,"Thin route - long delay tail, high average delay",0.37945985637211965,-1.8286552052782945
PHL-DAL,PHL,DAL,1295.0,324,1,56.65,24.19,79.0,1.852,2.510545010206612,1,"Thin route - long delay tail, high average delay",3.252338875681472,-2.717813013125479
PHL-DEN,PHL,DEN,1558.0,3033,4,74.61,9.86,52.0,1.253,3.4818724103106633,0,"Trunk route - multi-carrier, unreliable",0.8176661842892406,1.5027302620751988
PHL-MDW,PHL,MDW,668.0,1524,2,74.76,13.86,50.0,1.706,3.182984967003582,0,"Trunk route - multi-carrier, unreliable",0.865501223013631,-0.07354497033308723
PHL-STL,PHL,STL,814.0,1606,4,77.82,8.16,49.3,1.619,3.205745540942662,0,"Trunk route - multi-carrier, unreliable",0.47727341819509406,1.097078440162641
PHX-LGB,PHX,LGB,355.0,1520,1,79.56,3.99,33.0,0.526,3.1818435879447726,2,"Thin route - reliable, short delay tail",-0.9864894944946533,-0.08816843375261164
PHX-MCI,PHX,MCI,1044.0,2472,5,76.07,8.44,37.2,0.607,3.3930484664167784,0,"Trunk route - multi-carrier, unreliable",0.2587792443843595,2.01536964096268
PHX-MCO,PHX,MCO,1849.0,1852,3,74.74,9.26,39.0,0.702,3.2676409823459154,3,"Thin route - long-haul, rarely cancels",0.022785718054981547,0.682454587391769
PHX-MEM,PHX,MEM,1264.0,486,6,73.9,7.31,38.0,1.235,2.6866362692622934,0,"Trunk route - multi-carrier, unreliable",0.3446087427679799,0.9890640653604152
PHX-MKE,PHX,MKE,1460.0,1452,3,72.0,10.81,48.0,0.895,3.161966616364075,0,"Trunk route - multi-carrier, unreliable",0.6412871512015225,0.34923066489298055
PHX-PDX,PHX,PDX,1010.0,3748,6,77.83,5.78,38.0,0.4,3.5737995822157407,0,"Trunk route - multi-carrier, unreliable",0.136372948998595,2.9534464308213995
PHX-PIT,PHX,PIT,1814.0,809,3,75.03,10.73,54.0,0.618,2.9079485216122722,3,"Thin route - long-haul, rarely cancels",0.33940404226207216,-0.17396864177027477
PHX-SAT,PHX,SAT,843.0,2522,4,77.27,8.69,43.0,0.397,3.401745082237063,0,"Trunk route - multi-carrier, unreliable",0.18006400200344763,1.5554494803078007
PHX-TPA,PHX,TPA,1788.0,1217,2,70.36,12.6,51.0,0.411,3.085290578230065,3,"Thin route - long-haul, rarely cancels",0.6308279213077751,-0.38342005232178183
PIT-AUS,PIT,AUS,1210.0,321,2,81.5,1.55,28.2,0.312,2.506505032404872,2,"Thin route - reliable, short delay tail",-1.737546857755797,-0.9362837539774381
PIT-BWI,PIT,BWI,210.0,1075,1,86.0,-1.39,24.4,1.395,3.031408464251624,2,"Thin route - reliable, short delay tail",-1.9100449255185203,-0.12641708337565896
PIT-HOU,PIT,HOU,1131.0,316,1,77.07,3.16,32.7,0.316,2.499687082618404,2,"Thin route - reliable, short delay tail",-1.2999872196821622,-1.5656964440955519
PIT-PHX,PIT,PHX,1814.0,808,3,77.22,9.34,39.0,0.619,2.907411360774586,3,"Thin route - long-haul, rarely cancels",-0.31950895486302244,-0.005904388921925981
PNS-DAL,PNS,DAL,592.0,490,1,83.71,2.63,31.0,0.408,2.690196080028514,2,"Thin route - reliable, short delay tail",-1.7111687960333726,-0.9928066147652992
PSP-SMF,PSP,SMF,439.0,522,1,83.37,0.14,29.0,0.575,2.717670503002262,2,"Thin route - reliable, short delay tail",-1.8320664566206404,-0.8712230480991677
PVD-DCA,PVD,DCA,356.0,2424,5,72.29,13.9,56.0,4.373,3.3845326154942486,0,"Trunk route - multi-carrier, unreliable",2.3912871344705473,1.62854625651493
RDU-BNA,RDU,BNA,442.0,2214,2,80.7,4.58,35.0,1.355,3.345177616542704,2,"Thin route - reliable, short delay tail",-0.5968070995560195,0.6863573686138423
RDU-DAL,RDU,DAL,1052.0,422,1,74.58,7.57,41.0,1.185,2.625312450961674,2,"Thin route - reliable, short delay tail",-0.32786239484599444,-1.5208569399684704
RIC-MCO,RIC,MCO,667.0,1188,4,71.43,17.83,74.6,2.02,3.074816440645175,1,"Thin route - long delay tail, high average delay",2.355791826369607,0.3439350826333909
RIC-MDW,RIC,MDW,629.0,413,1,76.6,8.93,47.5,0.969,2.615950051656401,2,"Thin route - reliable, short delay tail",-0.2067738117089864,-1.534420593996788
RNO-DEN,RNO,DEN,804.0,2469,4,87.22,0.39,22.0,0.365,3.3925210899319325,2,"Thin route - reliable, short delay tail",-1.708103047222498,2.0327742464952356
RNO-LAS,RNO,LAS,345.0,4101,3,82.11,1.84,34.0,0.829,3.612889769287485,0,"Trunk route - multi-carrier, unreliable",-0.7743088651003733,1.8247559877392256
RSW-BNA,RSW,BNA,722.0,806,1,78.7,6.81,38.6,0.744,2.906335041805091,2,"Thin route - reliable, short delay tail",-0.6988970428460237,-0.7991727037196908
RSW-IND,RSW,IND,945.0,807,2,76.96,9.47,47.0,0.496,2.90687353472207,2,"Thin route - reliable, short delay tail",-0.11276764004279823,-0.47286497419105444
RSW-MKE,RSW,MKE,1183.0,379,1,75.4,9.57,49.7,1.055,2.578639209968072,2,"Thin route - reliable, short delay tail",-0.09584905776281132,-1.7074522677378134
RSW-PIT,RSW,PIT,966.0,483,1,72.08,16.62,56.0,0.414,2.683947130751512,1,"Thin route - long delay tail, high average delay",0.7311554090290524,-1.701828932591166
RSW-STL,RSW,STL,979.0,1008,1,81.1,5.44,36.0,0.794,3.0034605321095067,2,"Thin route - reliable, short delay tail",-1.0363371633621588,-0.5333915790814822
SAN-ABQ,SAN,ABQ,628.0,686,1,76.95,6.0,45.0,0.729,2.8363241157067516,2,"Thin route - reliable, short delay tail",-0.4657089249186898,-0.9926793989885995
SAN-BNA,SAN,BNA,1751.0,1092,1,74.1,6.38,40.0,0.916,3.0382226383687185,3,"Thin route - long-haul, rarely cancels",-0.4074829312701162,-0.7010379344750708
SAN-DEN,SAN,DEN,853.0,6033,5,79.28,3.61,42.0,0.928,3.780533325316404,0,"Trunk route - multi-carrier, unreliable",0.06917229119440842,2.938507597090734
SAN-ELP,SAN,ELP,636.0,361,1,72.07,11.71,50.6,0.554,2.5575072019056577,1,"Thin route - long delay tail, high average delay",0.2926370361088158,-1.801715999235748
SAN-HNL,SAN,HNL,2614.0,1773,3,72.7,10.58,46.0,1.523,3.2487087356009177,3,"Thin route - long-haul, rarely cancels",0.5146065223533541,0.44576608750485697
SAN-SAT,SAN,SAT,1129.0,610,1,69.87,12.03,55.0,0.656,2.785329835010767,1,"Thin route - long delay tail, high average delay",0.6355702520926458,-1.4542370063351762
SAT-HOU,SAT,HOU,192.0,1347,1,75.11,6.0,40.0,0.297,3.1293675957229854,2,"Thin route - reliable, short delay tail",-0.36996684884479497,-0.344465922488769
SAV-BWI,SAV,BWI,548.0,994,1,82.38,3.37,36.0,1.509,2.997386384397313,2,"Thin route - reliable, short delay tail",-1.043738091109938,-0.46796808111847316
SAV-DAL,SAV,DAL,915.0,328,1,70.81,11.11,39.0,0.305,2.515873843711679,2,"Thin route - reliable, short delay tail",-0.07507091655513332,-1.8339620064191664
SBA-OAK,SBA,OAK,263.0,300,1,90.97,-8.42,13.0,0.333,2.4771212547196626,2,"Thin route - reliable, short delay tail",-3.542518747299372,-0.920723669849257
SDF-DEN,SDF,DEN,1024.0,1097,2,83.53,1.26,29.0,1.003,3.0402066275747113,2,"Thin route - reliable, short delay tail",-1.4925095932299548,0.18655106406839314
SDF-TPA,SDF,TPA,727.0,406,1,82.83,1.67,25.0,1.97,2.6085260335771943,2,"Thin route - reliable, short delay tail",-1.559529530403692,-1.1753024142611048
SEA-LAS,SEA,LAS,867.0,5621,6,78.11,5.67,38.0,0.836,3.7498135852929377,0,"Trunk route - multi-carrier, unreliable",0.30038098445469075,3.3188006940378263
SFO-BWI,SFO,BWI,2457.0,1053,2,80.96,-0.42,33.6,0.57,3.0224283711854865,3,"Thin route - long-haul, rarely cancels",-1.621040801891587,0.00591692407485703
SJC-BUR,SJC,BUR,296.0,2166,2,85.0,-0.05,25.0,1.2,3.3356584522893016,2,"Thin route - reliable, short delay tail",-1.52187562369964,0.9236475607068485
SJC-HOU,SJC,HOU,1621.0,365,1,90.08,-2.61,14.0,0.274,2.5622928644564746,3,"Thin route - long-haul, rarely cancels",-3.2510252717119923,-0.9951787124925056
SJC-LGB,SJC,LGB,324.0,1239,1,85.37,-0.43,24.0,0.161,3.0930713063760633,2,"Thin route - reliable, short delay tail",-2.085765599591642,0.0006718194916455189
SLC-DAL,SLC,DAL,999.0,674,1,78.13,6.23,38.8,1.187,2.82865989653532,2,"Thin route - reliable, short delay tail",-0.6612798184170604,-0.9938695007113817
SLC-HOU,SLC,HOU,1214.0,408,1,83.66,-1.08,26.7,0.245,2.61066016308988,2,"Thin route - reliable, short delay tail",-2.239400905040852,-1.0961257366830286
SLC-SMF,SLC,SMF,532.0,2160,3,85.61,0.21,29.0,0.88,3.3344537511509307,2,"Thin route - reliable, short delay tail",-1.4148532161681056,1.369059621423247
SMF-BWI,SMF,BWI,2395.0,364,1,84.44,-0.17,19.0,0.824,2.561101383649056,3,"Thin route - long-haul, rarely cancels",-2.5152612899329574,-1.2626856003141929
SMF-MDW,SMF,MDW,1790.0,677,1,85.84,-0.69,20.0,0.295,2.8305886686851442,3,"Thin route - long-haul, rarely cancels",-2.5513740013887825,-0.6170475450254519
SMF-ONT,SMF,ONT,390.0,2115,1,84.36,1.42,27.0,0.378,3.325310371711061,2,"Thin route - reliable, short delay tail",-1.6721462207572593,0.38740365921121445
SMF-PSP,SMF,PSP,439.0,523,1,87.69,1.56,19.1,0.191,2.718501688867274,2,"Thin route - reliable, short delay tail",-2.419498403569888,-0.7416284740873483
SMF-SNA,SMF,SNA,404.0,2310,1,84.39,0.3,24.0,0.346,3.3636119798921444,2,"Thin route - reliable, short delay tail",-1.8237367842085264,0.5093502865852392
SMF-STL,SMF,STL,1679.0,331,1,79.7,4.86,27.1,0.0,2.519827993775719,3,"Thin route - long-haul, rarely cancels",-1.6883266190005355,-1.5078800063290643
SNA-SJC,SNA,SJC,342.0,2676,1,86.52,-3.04,23.0,0.747,3.4274861090957853,2,"Thin route - reliable, short delay tail",-2.1124831924386207,0.7463779127724188
SNA-SMF,SNA,SMF,404.0,2311,1,86.49,-0.45,22.0,0.952,3.3637999454791094,2,"Thin route - reliable, short delay tail",-1.9493914142743196,0.5578049236459776
SRQ-BNA,SRQ,BNA,648.0,686,2,79.36,8.84,35.8,0.437,2.8363241157067516,2,"Thin route - reliable, short delay tail",-0.6305858384755745,-0.45978755926492393
STL-BWI,STL,BWI,738.0,1279,1,80.27,3.85,35.0,1.329,3.106870544478654,2,"Thin route - reliable, short delay tail",-0.9032012198861414,-0.2949293747981081
STL-HOU,STL,HOU,687.0,1539,1,78.5,3.02,36.1,0.325,3.187238619831479,2,"Thin route - reliable, short delay tail",-0.9853914339958776,-0.11763003644126077
STL-ICT,STL,ICT,392.0,403,1,81.2,3.98,39.0,0.993,2.6053050461411096,2,"Thin route - reliable, short delay tail",-1.0816726199797075,-1.2958247139436947
STL-LIT,STL,LIT,296.0,403,1,85.43,1.45,25.3,1.241,2.6053050461411096,2,"Thin route - reliable, short delay tail",-1.8683198993129264,-1.0750316135723708
STL-MSY,STL,MSY,604.0,733,1,83.58,1.47,30.0,0.136,2.8651039746411278,2,"Thin route - reliable, short delay tail",-1.8013571721754627,-0.5992356106934124
STL-OMA,STL,OMA,342.0,825,1,77.43,6.9,46.7,0.121,2.916453948549925,2,"Thin route - reliable, short delay tail",-0.4603107343294173,-0.8080792526407676
STL-RDU,STL,RDU,668.0,655,1,80.89,5.39,35.7,0.153,2.816241299991783,2,"Thin route - reliable, short delay tail",-1.2040055858302878,-0.872415760304725
STL-RSW,STL,RSW,979.0,1007,1,79.26,5.93,32.0,0.497,3.003029470553618,2,"Thin route - reliable, short delay tail",-1.0354357142979345,-0.5415432158632539
STL-SEA,STL,SEA,1709.0,884,2,79.06,2.57,30.0,0.905,2.946452265013073,3,"Thin route - long-haul, rarely cancels",-1.2010828297200826,-0.1717331437581891
STL-TUL,STL,TUL,351.0,403,1,82.21,3.19,36.4,0.993,2.6053050461411096,2,"Thin route - reliable, short delay tail",-1.275136799497571,-1.2405208035108934
TPA-ATL,TPA,ATL,406.0,6138,4,79.94,5.64,45.0,1.385,3.7880268840958036,0,"Trunk route - multi-carrier, unreliable",0.2711358293219255,2.447564095101157
TPA-BUF,TPA,BUF,1053.0,731,2,80.69,6.19,39.2,1.231,2.8639173769578603,2,"Thin route - reliable, short delay tail",-0.6927309652780848,-0.40486367559987724
TPA-CMH,TPA,CMH,829.0,902,1,80.5,3.61,34.0,1.22,2.9552065375419416,2,"Thin route - reliable, short delay tail",-1.063223741179944,-0.5933266217590368
TPA-HOU,TPA,HOU,781.0,1032,1,79.49,2.84,37.0,0.484,3.0136796972911926,2,"Thin route - reliable, short delay tail",-1.0971834575121857,-0.4696420727363211
TPA-MDW,TPA,MDW,997.0,1569,2,75.44,10.2,41.0,2.103,3.1956229435869368,0,"Trunk route - multi-carrier, unreliable",0.37259533914062987,0.061581181851683216
TPA-MKE,TPA,MKE,1075.0,472,2,72.63,10.43,47.0,1.483,2.673941998634088,1,"Thin route - long delay tail, high average delay",0.4015650611701194,-1.0889241796955957
TPA-PHX,TPA,PHX,1788.0,1218,2,80.5,6.6,36.1,0.411,3.0856472882968564,3,"Thin route - long-haul, rarely cancels",-0.9507254998693199,0.024639655359430232
TPA-PIT,TPA,PIT,873.0,818,2,76.3,8.44,50.0,0.733,2.912753303671323,2,"Thin route - reliable, short delay tail",0.01634182929256668,-0.47351534314616756
TPA-PVD,TPA,PVD,1136.0,467,2,69.7,15.29,59.9,0.857,2.6693168805661123,1,"Thin route - long delay tail, high average delay",1.1404851360394548,-1.3233897456984964
TPA-SAT,TPA,SAT,972.0,374,2,77.75,2.54,36.8,0.267,2.5728716022004803,2,"Thin route - reliable, short delay tail",-1.1003054465377269,-0.9262880657691325
TPA-SDF,TPA,SDF,727.0,405,1,85.61,-0.38,24.8,0.494,2.6074550232146687,2,"Thin route - reliable, short delay tail",-2.2591965362896165,-1.0376712253204938
TUL-LAS,TUL,LAS,1076.0,742,2,81.71,3.08,33.0,0.539,2.870403905279027,2,"Thin route - reliable, short delay tail",-1.3060414455507339,-0.2478723868217943
TUL-MDW,TUL,MDW,583.0,451,1,84.98,4.26,29.5,0.887,2.6541765418779604,2,"Thin route - reliable, short delay tail",-1.641012334669817,-1.080985620061493
BNA-PDX,BNA,PDX,1973.0,318,2,72.24,5.34,37.4,0.314,2.5024271199844326,3,"Thin route - long-haul, rarely cancels",-0.6460597878048718,-1.3133903871087296
BUF-FLL,BUF,FLL,1166.0,553,2,75.46,9.59,54.9,2.351,2.7427251313046983,1,"Thin route - long delay tail, high average delay",0.5478941496467735,-0.9670772341946575
CLE-MCO,CLE,MCO,895.0,2115,4,79.19,10.08,53.0,0.946,3.325310371711061,0,"Trunk route - multi-carrier, unreliable",0.4777934159957808,1.316837193594459
IND-SRQ,IND,SRQ,876.0,351,2,76.29,12.06,54.7,0.285,2.545307116465824,2,"Thin route - reliable, short delay tail",0.13631166124176977,-1.317704301387038
KOA-LAX,KOA,LAX,2504.0,1607,5,86.99,-2.18,22.7,1.245,3.2060158767633444,3,"Thin route - long-haul, rarely cancels",-1.8435885192829415,2.00954148422729
MCI-PDX,MCI,PDX,1482.0,347,2,86.63,-2.46,20.0,0.576,2.5403294747908736,3,"Thin route - long-haul, rarely cancels",-2.589967383236037,-0.6665389404444105
AUS-SFO,AUS,SFO,1504.0,2805,5,73.54,9.59,58.0,0.606,3.4479328655921804,0,"Trunk route - multi-carrier, unreliable",1.0291444129047647,1.8814473443238582
MCO-PBI,MCO,PBI,141.0,607,1,69.87,10.44,55.7,0.494,2.7831886910752575,1,"Thin route - long delay tail, high average delay",0.6656223844476455,-1.346686254888025
MCO-RSW,MCO,RSW,133.0,608,1,60.93,16.01,54.7,0.658,2.783903579272735,1,"Thin route - long delay tail, high average delay",1.7453527702452358,-1.619422096856315
MCO-SRQ,MCO,SRQ,104.0,607,1,72.97,10.31,58.8,0.494,2.7831886910752575,1,"Thin route - long delay tail, high average delay",0.5050918929966629,-1.305656583061027
SRQ-PIT,SRQ,PIT,912.0,340,2,74.33,10.13,48.8,1.471,2.531478917042255,2,"Thin route - reliable, short delay tail",0.26429289789918764,-1.3421381821238632
TPA-ISP,TPA,ISP,1034.0,442,3,75.06,9.82,54.2,2.715,2.645422269349092,1,"Thin route - long delay tail, high average delay",0.7853138023636691,-0.6962808818066405
SBA-PHX,SBA,PHX,455.0,1431,4,85.34,6.37,28.0,1.118,3.1556396337597765,2,"Thin route - reliable, short delay tail",-0.8650421967915366,1.3554043457902787
TUS-ATL,TUS,ATL,1541.0,809,1,91.92,-2.42,10.0,1.978,2.9079485216122722,2,"Thin route - reliable, short delay tail",-2.942967901008533,-0.2781576815297892
SEA-MSP,SEA,MSP,1399.0,2684,2,86.37,-1.86,20.6,0.82,3.4287825114969546,2,"Thin route - reliable, short delay tail",-2.0924450557696153,1.1294317440307216
PHX-DTW,PHX,DTW,1671.0,2397,5,80.32,7.29,39.0,0.793,3.379668034033654,0,"Trunk route - multi-carrier, unreliable",-0.16177032899254318,2.0206640123235244
DFW-ATL,DFW,ATL,731.0,6690,6,75.23,10.59,59.0,2.601,3.8254261177678233,0,"Trunk route - multi-carrier, unreliable",1.8684223137840221,3.134937179266536
LGA-ORD,LGA,ORD,733.0,11611,6,68.01,20.1,85.0,5.254,4.064869625059806,0,"Trunk route - multi-carrier, unreliable",4.461525613438063,3.041086874012616
DTW-ATL,DTW,ATL,594.0,4857,3,78.92,8.15,44.0,0.803,3.6863681034730362,0,"Trunk route - multi-carrier, unreliable",0.14559523798075627,1.701453497975383
ATL-CLE,ATL,CLE,554.0,3410,2,79.53,6.64,40.0,2.141,3.5327543789924976,0,"Trunk route - multi-carrier, unreliable",0.0025234505265841773,0.9396224284969558
ELP-ATL,ELP,ATL,1282.0,724,1,88.19,3.33,19.8,2.072,2.859738566197147,2,"Thin route - reliable, short delay tail",-1.9640627396452255,-0.6105597657517079
ATL-DTW,ATL,DTW,594.0,4848,3,77.26,9.14,48.0,0.825,3.68556261115823,0,"Trunk route - multi-carrier, unreliable",0.4510091332678509,1.6217740259766704
LGA-CHS,LGA,CHS,641.0,1471,2,73.74,8.13,63.0,5.031,3.16761267272753,1,"Thin route - long delay tail, high average delay",1.6663793502179431,-0.19498203723602148
TPA-JFK,TPA,JFK,1005.0,2298,3,79.33,6.25,54.5,3.568,3.3613500243522663,0,"Trunk route - multi-carrier, unreliable",0.7071588172080236,0.8930966674801425
ATL-BDL,ATL,BDL,859.0,2318,2,79.46,7.24,41.0,2.071,3.3651134316275773,2,"Thin route - reliable, short delay tail",-0.05618093378308027,0.5540806071202564
IAH-DTW,IAH,DTW,1075.0,2114,5,78.61,8.15,40.6,1.135,3.3251049829714074,0,"Trunk route - multi-carrier, unreliable",0.2228246675058195,1.8865772963793497
IAH-MSP,IAH,MSP,1034.0,1900,3,79.31,9.25,48.0,1.0,3.278753600952829,0,"Trunk route - multi-carrier, unreliable",0.10951771510441115,0.7836623477792538
ORF-ATL,ORF,ATL,516.0,2941,2,85.21,2.15,31.0,1.564,3.468495024507069,2,"Thin route - reliable, short delay tail",-1.1295730754376119,1.084862999158218
CLT-MSP,CLT,MSP,930.0,2448,2,82.34,4.66,35.0,1.471,3.3888114134735234,2,"Thin route - reliable, short delay tail",-0.7516826225684711,0.7611362425144093
ATL-SRQ,ATL,SRQ,444.0,2294,1,81.08,5.71,36.0,1.744,3.360593413565249,2,"Thin route - reliable, short delay tail",-0.5707830361313171,0.20466942421064477
IAH-JFK,IAH,JFK,1417.0,413,2,68.05,29.55,86.6,5.327,2.615950051656401,1,"Thin route - long delay tail, high average delay",3.901846663105959,-2.0963119181992997
JFK-IAH,JFK,IAH,1417.0,413,2,74.68,5.62,53.0,3.632,2.615950051656401,1,"Thin route - long delay tail, high average delay",0.49557666503654,-1.2064602827179778
FLL-LGA,FLL,LGA,1076.0,4690,4,65.8,19.68,78.3,4.435,3.6711728427150834,1,"Thin route - long delay tail, high average delay",3.74174767418459,1.291257504595923
BDL-ATL,BDL,ATL,859.0,2318,2,84.29,0.52,30.0,2.071,3.3651134316275773,2,"Thin route - reliable, short delay tail",-1.1733934592789532,0.8535411307481434
BHM-ATL,BHM,ATL,134.0,3334,1,87.48,-2.27,23.0,1.8,3.5229655954919865,2,"Thin route - reliable, short delay tail",-1.8206421113857505,0.9272134427833725
ATL-GPT,ATL,GPT,352.0,1317,1,83.44,3.11,34.9,1.595,3.119585774961784,2,"Thin route - reliable, short delay tail",-1.0728142208221219,-0.17295241131831027
ATL-EWR,ATL,EWR,746.0,6265,5,72.58,14.57,66.3,3.543,3.796921075330169,0,"Trunk route - multi-carrier, unreliable",2.595466988510889,2.3892838300156414
EWR-ATL,EWR,ATL,746.0,6271,5,77.69,8.29,57.0,3.604,3.7973368007753496,0,"Trunk route - multi-carrier, unreliable",1.5454560751489737,2.6723157734311322
ATL-CVG,ATL,CVG,373.0,3016,2,82.04,4.62,36.0,1.326,3.4794313371977363,2,"Thin route - reliable, short delay tail",-0.6138161301558959,0.9842671778314622
CVG-ATL,CVG,ATL,373.0,3020,2,86.08,-0.86,26.0,1.291,3.4800069429571505,2,"Thin route - reliable, short delay tail",-1.5677295634062829,1.239506484204181
LGA-TPA,LGA,TPA,1010.0,2795,5,71.34,13.78,73.0,3.005,3.446381812222442,0,"Trunk route - multi-carrier, unreliable",2.5098146046880414,1.6162458463769722
CMH-LGA,CMH,LGA,479.0,3048,3,79.69,5.97,52.0,4.167,3.4840149626675627,0,"Trunk route - multi-carrier, unreliable",0.8649879005892267,1.1965928716261696
ATL-SJU,ATL,SJU,1547.0,2099,3,70.94,13.96,51.3,1.334,3.3220124385824006,0,"Trunk route - multi-carrier, unreliable",1.1738247564735307,0.5500639988600151
STT-ATL,STT,ATL,1599.0,719,1,82.87,1.99,38.8,2.225,2.8567288903828825,3,"Thin route - long-haul, rarely cancels",-1.1584385479910244,-0.8437944856066371
LEX-ATL,LEX,ATL,304.0,2054,1,87.66,-5.98,24.0,1.899,3.3126004392612596,2,"Thin route - reliable, short delay tail",-2.146112634818167,0.5526697616378227
DTW-FLL,DTW,FLL,1127.0,2690,4,71.9,12.98,64.0,2.193,3.429752280002408,0,"Trunk route - multi-carrier, unreliable",1.8193968056623575,1.207343477043046
FLL-MSP,FLL,MSP,1487.0,709,1,81.64,6.39,42.8,1.551,2.8506462351830666,3,"Thin route - long-haul, rarely cancels",-0.8009321836026924,-0.9657308907554193
ATL-TYS,ATL,TYS,152.0,1717,1,82.97,2.5,33.0,1.747,3.2347702951609163,2,"Thin route - reliable, short delay tail",-1.0153565730046588,0.09076006224502661
TLH-ATL,TLH,ATL,223.0,2003,2,86.22,0.87,28.0,1.697,3.3016809492935764,2,"Thin route - reliable, short delay tail",-1.3618853904467916,0.8275667710622714
LGA-MYR,LGA,MYR,563.0,667,3,77.22,9.94,59.0,3.598,2.824125833916549,1,"Thin route - long delay tail, high average delay",1.1027803548071573,-0.31601876597578515
LGA-BOS,LGA,BOS,184.0,7343,2,73.69,8.75,65.0,5.393,3.8658735282078145,0,"Trunk route - multi-carrier, unreliable",2.1974776061684453,1.232016420444767
MCI-BOS,MCI,BOS,1256.0,646,3,72.77,15.31,76.0,2.786,2.8102325179950842,1,"Thin route - long delay tail, high average delay",1.954596088390195,-0.679825484928836
OKC-ATL,OKC,ATL,761.0,1820,3,86.52,-2.37,25.0,2.692,3.2600713879850747,2,"Thin route - reliable, short delay tail",-1.412442416590949,1.238411553259147
MIA-SLC,MIA,SLC,2088.0,796,2,76.71,7.38,46.0,0.628,2.900913067737669,3,"Thin route - long-haul, rarely cancels",-0.4147269819637998,-0.5355305244337011
PHL-SLC,PHL,SLC,1927.0,818,2,78.25,10.13,39.0,2.078,2.912753303671323,3,"Thin route - long-haul, rarely cancels",-0.16764411254853365,-0.5249234738095884
ATL-ROC,ATL,ROC,749.0,1041,1,77.39,7.61,42.0,2.305,3.017450729510536,2,"Thin route - reliable, short delay tail",-0.0538599029136887,-0.685660765823531
ROC-ATL,ROC,ATL,749.0,1041,1,80.04,5.01,42.0,2.402,3.017450729510536,2,"Thin route - reliable, short delay tail",-0.4117370260382522,-0.587281888645915
ATL-BUF,ATL,BUF,712.0,1521,3,77.23,9.39,47.0,2.038,3.182129214052998,0,"Trunk route - multi-carrier, unreliable",0.5059091378101573,0.5454540124944517
ATL-GRR,ATL,GRR,640.0,1426,2,83.4,4.67,30.0,1.473,3.154119525515847,2,"Thin route - reliable, short delay tail",-1.0111131352470042,0.3567092283339107
GRR-ATL,GRR,ATL,640.0,1425,2,86.52,-2.8,24.0,1.404,3.153814864344529,2,"Thin route - reliable, short delay tail",-1.9309690584227768,0.6083835602107712
CLT-SLC,CLT,SLC,1727.0,921,2,82.18,3.31,33.0,1.086,2.964259630196849,3,"Thin route - long-haul, rarely cancels",-1.2669616507774004,-0.12110196883551824
MSP-SNA,MSP,SNA,1522.0,577,1,68.92,13.86,51.0,1.386,2.7611758131557314,1,"Thin route - long delay tail, high average delay",0.8234183736222269,-1.5856718865488433
BOS-MCO,BOS,MCO,1121.0,4620,6,70.55,14.28,71.0,2.987,3.6646419755561257,0,"Trunk route - multi-carrier, unreliable",2.759280530691934,2.5213695443471056
MSP-SMF,MSP,SMF,1517.0,591,1,82.65,2.69,32.3,0.508,2.7715874808812555,3,"Thin route - long-haul, rarely cancels",-1.6828076642332572,-0.9325571406274067
LGA-IAH,LGA,IAH,1416.0,4031,4,76.68,6.09,56.8,2.803,3.605412798153051,0,"Trunk route - multi-carrier, unreliable",0.9592260410076926,1.8011374184699636
ATL-IAH,ATL,IAH,689.0,4926,5,76.47,7.77,50.0,1.847,3.6924944075030846,0,"Trunk route - multi-carrier, unreliable",0.9817411096378535,2.552711435307104
ATL-SYR,ATL,SYR,794.0,1108,2,80.7,5.25,38.0,2.166,3.044539760392411,2,"Thin route - reliable, short delay tail",-0.46009492665408547,-0.016162452583175065
MIA-MSP,MIA,MSP,1501.0,1128,2,72.17,14.76,58.7,0.887,3.0523090996473234,1,"Thin route - long delay tail, high average delay",0.9826231061591438,-0.5060385710635316
LIT-ATL,LIT,ATL,453.0,2294,1,89.17,-3.86,19.0,2.005,3.360593413565249,2,"Thin route - reliable, short delay tail",-2.2318006949565077,0.6532556254623404
SAV-ATL,SAV,ATL,215.0,3037,1,87.92,-1.64,22.0,1.712,3.4824447919182653,2,"Thin route - reliable, short delay tail",-1.8877190298496682,0.8423644334679835
MSP-BOS,MSP,BOS,1124.0,1849,1,77.24,4.79,47.0,1.19,3.266936911159173,2,"Thin route - reliable, short delay tail",-0.31912665360848297,-0.14895411311329212
DTW-JFK,DTW,JFK,509.0,1222,2,82.54,2.93,38.7,3.601,3.0870712059065353,2,"Thin route - reliable, short delay tail",-0.3469179850373428,0.12519025742248527
ATL-SLC,ATL,SLC,1590.0,2964,2,82.91,3.01,34.0,0.472,3.4718781993072905,3,"Thin route - long-haul, rarely cancels",-1.2363284634371687,0.9603676891380116
BTR-ATL,BTR,ATL,448.0,1080,2,85.96,3.39,34.7,2.13,3.03342375548695,2,"Thin route - reliable, short delay tail",-1.036762209780112,0.14569349936553394
RSW-ATL,RSW,ATL,515.0,2816,2,85.75,1.59,28.0,1.705,3.4496326504700745,2,"Thin route - reliable, short delay tail",-1.2630306058180112,1.0834238468765536
PHL-ATL,PHL,ATL,666.0,5750,6,78.87,3.41,48.0,3.009,3.7596678446896306,0,"Trunk route - multi-carrier, unreliable",0.8905925816382143,3.2801546256315657
SJC-ATL,SJC,ATL,2116.0,901,1,92.66,-10.81,6.0,1.443,2.954724790979063,3,"Thin route - long-haul, rarely cancels",-3.868773449457066,0.0006000000640426209
SLC-SNA,SLC,SNA,588.0,1855,3,83.76,2.1,27.0,0.701,3.268343913951065,2,"Thin route - reliable, short delay tail",-1.2735051755458968,1.176016904465912
ATL-ORD,ATL,ORD,606.0,6440,9,70.69,18.33,65.0,2.391,3.808885867359812,0,"Trunk route - multi-carrier, unreliable",3.293766577426847,4.270034425060254
ATL-TLH,ATL,TLH,223.0,2003,2,83.75,3.55,33.0,1.697,3.3016809492935764,2,"Thin route - reliable, short delay tail",-0.8581470074480745,0.6941432880807188
DFW-LGA,DFW,LGA,1389.0,6705,4,66.27,20.05,80.0,4.862,3.8263987821876175,0,"Trunk route - multi-carrier, unreliable",3.8855051689815303,1.5600610690528953
AGS-ATL,AGS,ATL,143.0,636,2,84.47,1.32,28.3,2.673,2.803457115648414,2,"Thin route - reliable, short delay tail",-1.1474632577444936,-0.2589454857846136
RSW-BOS,RSW,BOS,1249.0,2194,3,70.36,17.51,73.0,2.826,3.3412366232386925,1,"Thin route - long delay tail, high average delay",2.4305957499358386,0.3373980575915246
DTW-RSW,DTW,RSW,1084.0,1802,3,74.49,11.07,51.0,1.998,3.255754786643044,0,"Trunk route - multi-carrier, unreliable",0.8972897322239506,0.5565174054452778
BZN-MSP,BZN,MSP,874.0,805,1,90.23,-4.59,13.3,0.745,2.9057958803678687,2,"Thin route - reliable, short delay tail",-3.051275504616329,-0.19920902121163514
CVG-BOS,CVG,BOS,752.0,1999,3,80.41,2.14,54.6,3.152,3.300812794118117,0,"Trunk route - multi-carrier, unreliable",0.2690819250160835,0.9056007486332146
ATL-MIA,ATL,MIA,594.0,6268,6,71.4,15.13,62.8,1.563,3.7971289877965524,0,"Trunk route - multi-carrier, unreliable",2.3420846660617456,2.9321681854733255
ATL-EYW,ATL,EYW,646.0,1460,1,82.95,4.54,35.6,1.438,3.164352855784437,2,"Thin route - reliable, short delay tail",-0.9852364319051603,-0.1428843037322583
CVG-LGA,CVG,LGA,585.0,316,3,79.74,13.25,73.0,2.848,2.499687082618404,1,"Thin route - long delay tail, high average delay",1.1961118003158988,-1.0746232383330458
GSO-LGA,GSO,LGA,461.0,1775,2,76.56,9.21,61.7,6.197,3.249198357391113,1,"Thin route - long delay tail, high average delay",1.8173058986466095,-0.012181487316627219
LGA-GSO,LGA,GSO,461.0,1773,2,75.81,5.37,61.7,5.584,3.2487087356009177,1,"Thin route - long delay tail, high average delay",1.4742004265995658,0.07102467963213634
ATL-IAD,ATL,IAD,534.0,3992,4,76.91,12.81,58.0,2.029,3.6011905326153335,0,"Trunk route - multi-carrier, unreliable",1.386881441473319,1.7454763002662907
IND-SLC,IND,SLC,1355.0,364,1,88.86,-5.43,17.0,1.374,2.561101383649056,2,"Thin route - reliable, short delay tail",-2.9722103645244613,-0.9951461103873339
BOS-PBI,BOS,PBI,1197.0,2153,3,65.48,17.67,79.0,3.437,3.3330440298234874,1,"Thin route - long delay tail, high average delay",3.1228185523547194,0.17351644066423122
SAN-DTW,SAN,DTW,1956.0,1290,2,85.27,-1.18,22.0,1.008,3.110589710299249,3,"Thin route - long-haul, rarely cancels",-2.09572434353692,0.3846071287027549
SNA-MSP,SNA,MSP,1522.0,577,1,81.77,3.41,34.6,1.906,2.7611758131557314,3,"Thin route - long-haul, rarely cancels",-1.187640948821963,-1.044034228962593
LAX-MSP,LAX,MSP,1535.0,2135,1,86.85,-2.82,22.0,0.89,3.329397879361043,3,"Thin route - long-haul, rarely cancels",-2.3451213665403396,0.45402765907354037
ATL-SNA,ATL,SNA,1919.0,1033,1,75.89,6.9,36.5,0.871,3.0141003215196207,3,"Thin route - long-haul, rarely cancels",-0.6496773073006181,-0.7170440530873312
SNA-ATL,SNA,ATL,1919.0,1033,1,80.67,9.63,38.0,1.065,3.0141003215196207,3,"Thin route - long-haul, rarely cancels",-0.7501702118839605,-0.7023865899452799
JFK-MSP,JFK,MSP,1029.0,719,1,81.65,7.27,55.4,1.669,2.8567288903828825,2,"Thin route - reliable, short delay tail",-0.30719970581361355,-1.02299478179164
SAV-LGA,SAV,LGA,722.0,579,2,80.66,9.0,51.3,4.663,2.762678563727436,1,"Thin route - long delay tail, high average delay",0.6237159338749381,-0.8320766446476641
SLC-CVG,SLC,CVG,1450.0,821,1,88.71,-3.52,18.0,0.365,2.9143431571194407,2,"Thin route - reliable, short delay tail",-2.913560608791018,-0.2970907696016197
LGA-RSW,LGA,RSW,1080.0,897,2,74.33,11.84,62.0,4.459,2.952792443044092,1,"Thin route - long delay tail, high average delay",1.5580276155298471,-0.7104531507228775
JFK-RSW,JFK,RSW,1074.0,1281,2,78.64,4.91,43.0,4.45,3.1075491297446862,2,"Thin route - reliable, short delay tail",0.31576496461668124,-0.044856642103165804
ATL-ROA,ATL,ROA,357.0,432,2,78.67,8.95,41.9,1.852,2.635483746814912,2,"Thin route - reliable, short delay tail",-0.11532109639336076,-0.9474101780128725
MSP-JAX,MSP,JAX,1173.0,347,1,84.59,-2.11,24.0,0.576,2.5403294747908736,2,"Thin route - reliable, short delay tail",-2.3969363462281428,-1.190908515009927
BOS-JFK,BOS,JFK,187.0,5672,3,75.32,8.24,59.0,4.76,3.75373622217501,0,"Trunk route - multi-carrier, unreliable",1.830690105806456,1.5804144706635992
SAN-BOS,SAN,BOS,2588.0,1849,4,77.09,8.14,54.0,1.622,3.266936911159173,3,"Thin route - long-haul, rarely cancels",0.39900740648668115,1.035878981870285
BOS-SFO,BOS,SFO,2704.0,4735,5,71.54,9.26,60.0,1.499,3.675319983339292,0,"Trunk route - multi-carrier, unreliable",1.3193613953579308,2.179964113735637
CLE-BOS,CLE,BOS,563.0,1650,3,78.98,4.9,56.0,2.848,3.2174839442139063,0,"Trunk route - multi-carrier, unreliable",0.5297821204542316,0.6677153470376612
BOS-CLE,BOS,CLE,563.0,1650,3,77.48,5.63,54.0,2.667,3.2174839442139063,0,"Trunk route - multi-carrier, unreliable",0.6003676379950069,0.6446229150345075
BOS-SRQ,BOS,SRQ,1220.0,685,4,72.1,11.72,59.8,3.066,2.8356905714924254,1,"Thin route - long delay tail, high average delay",1.5597192121011372,0.014834385545435608
BDL-JFK,BDL,JFK,106.0,365,1,90.91,-5.65,11.9,3.562,2.5622928644564746,2,"Thin route - reliable, short delay tail",-2.5756443754411262,-0.8849727013352255
LAX-FLL,LAX,FLL,2343.0,2298,3,73.81,9.02,50.0,1.349,3.3613500243522663,3,"Thin route - long-haul, rarely cancels",0.47660712259268767,0.7285573627706332
BUF-BOS,BUF,BOS,395.0,1295,3,76.37,7.86,59.0,2.934,3.1122697684172707,0,"Trunk route - multi-carrier, unreliable",1.0154114855485186,0.33492967381916783
BOS-ORD,BOS,ORD,867.0,7750,6,73.03,14.2,72.0,3.045,3.88930170250631,0,"Trunk route - multi-carrier, unreliable",2.7314032612877743,3.039506401060725
JFK-DCA,JFK,DCA,213.0,2520,2,67.23,14.98,71.0,5.397,3.401400540781544,1,"Thin route - long delay tail, high average delay",3.0880696864882973,-0.006205964865748604
BDL-FLL,BDL,FLL,1173.0,721,2,69.47,13.23,62.0,2.497,2.857935264719429,1,"Thin route - long delay tail, high average delay",1.5219694208161363,-0.9675665114714268
PVD-JFK,PVD,JFK,144.0,365,1,96.3,-13.93,4.0,3.562,2.5622928644564746,2,"Thin route - reliable, short delay tail",-3.765685588798074,-0.5672681970971523
FLL-CHS,FLL,CHS,470.0,506,2,71.02,14.21,76.0,2.767,2.7041505168397992,1,"Thin route - long delay tail, high average delay",1.9512689997565371,-1.3206237190914114
RIC-FLL,RIC,FLL,806.0,808,2,73.29,14.18,62.6,3.837,2.907411360774586,1,"Thin route - long delay tail, high average delay",1.694242614513837,-0.8329099253915838
FLL-RIC,FLL,RIC,806.0,809,2,64.49,18.27,77.1,3.214,2.9079485216122722,1,"Thin route - long delay tail, high average delay",2.889261354939423,-1.1535583775992175
JFK-BNA,JFK,BNA,765.0,1435,2,75.18,7.82,57.0,4.46,3.156851901070011,1,"Thin route - long delay tail, high average delay",1.2200288252367268,-0.13625225315208264
FLL-PVD,FLL,PVD,1188.0,538,2,69.01,12.97,59.0,2.045,2.7307822756663893,1,"Thin route - long delay tail, high average delay",1.303704539457297,-1.197698247128588
PIT-JFK,PIT,JFK,340.0,1764,2,86.69,0.53,25.0,4.082,3.246498580795801,2,"Thin route - reliable, short delay tail",-0.9901130276334033,0.6666709491456156
CHS-JFK,CHS,JFK,636.0,785,3,74.56,11.69,62.6,5.732,2.8948696567452528,1,"Thin route - long delay tail, high average delay",2.030534212412666,-0.35197529080193435
PIT-BOS,PIT,BOS,496.0,2155,2,79.21,4.45,49.0,3.248,3.3334472744967503,0,"Trunk route - multi-carrier, unreliable",0.30285308861911336,0.4804535976969124
JFK-FLL,JFK,FLL,1069.0,3897,2,72.47,9.2,61.1,4.183,3.5907304057926903,0,"Trunk route - multi-carrier, unreliable",1.6901164420625243,0.6308211607299352
JFK-RDU,JFK,RDU,427.0,2344,2,75.16,9.74,59.0,5.589,3.369957607346053,1,"Thin route - long delay tail, high average delay",1.8027883766963493,0.23847897971143794
HPN-TPA,HPN,TPA,1032.0,364,1,87.47,-3.27,22.0,1.374,2.561101383649056,2,"Thin route - reliable, short delay tail",-2.535619249547302,-1.0724793011444553
JFK-SYR,JFK,SYR,209.0,511,2,71.9,10.84,64.7,5.284,2.708420900134713,1,"Thin route - long delay tail, high average delay",1.9818378421737723,-1.2083372625302904
MCO-EWR,MCO,EWR,937.0,6532,4,74.44,13.91,70.0,3.108,3.8150461760646306,0,"Trunk route - multi-carrier, unreliable",2.238303507848214,1.9690911773207687
FLL-BQN,FLL,BQN,982.0,379,1,61.96,23.13,80.0,2.111,2.578639209968072,1,"Thin route - long delay tail, high average delay",2.933527176637664,-2.450135116916393
EWR-PBI,EWR,PBI,1024.0,3609,3,77.1,4.67,47.0,2.632,3.5573868820595074,0,"Trunk route - multi-carrier, unreliable",0.43320204163332454,1.3642694460123277
HPN-MCO,HPN,MCO,972.0,1185,1,74.74,10.58,63.7,2.447,3.0737183503461227,1,"Thin route - long delay tail, high average delay",0.9437041049684675,-0.8478035047690841
ALB-FLL,ALB,FLL,1204.0,589,3,69.62,16.42,59.5,1.698,2.7701152947871015,1,"Thin route - long delay tail, high average delay",1.578577060031654,-0.6927448406020001
FLL-ALB,FLL,ALB,1204.0,590,3,62.31,16.95,71.0,1.525,2.7708520116421442,1,"Thin route - long delay tail, high average delay",2.4428968939274545,-0.9067908189713472
BOS-JAX,BOS,JAX,1011.0,1610,3,75.26,7.24,57.7,2.671,3.2068258760318495,0,"Trunk route - multi-carrier, unreliable",0.9036535509035842,0.4886658650505112
JFK-PHX,JFK,PHX,2153.0,3034,3,77.62,4.26,46.0,3.131,3.4820155764507117,3,"Thin route - long-haul, rarely cancels",0.24471179672383872,1.128792240921245
SAV-JFK,SAV,JFK,717.0,631,2,77.46,13.4,73.2,4.596,2.8000293592441343,1,"Thin route - long delay tail, high average delay",1.7461455238925943,-1.0488293618250633
BOS-SAV,BOS,SAV,901.0,1044,4,80.59,1.35,37.0,2.107,3.0187004986662433,0,"Trunk route - multi-carrier, unreliable",-0.49638332956341225,0.9648388554370548
FLL-SFO,FLL,SFO,2584.0,1245,2,78.77,1.98,39.0,0.241,3.095169351431755,3,"Thin route - long-haul, rarely cancels",-1.2146683261308815,0.029566430830528168
BOS-MSY,BOS,MSY,1367.0,855,4,76.73,7.69,46.3,1.754,2.931966114728173,0,"Trunk route - multi-carrier, unreliable",0.2854054749228842,0.49847405178849724
BOS-SEA,BOS,SEA,2496.0,2504,3,72.41,6.38,44.0,1.278,3.398634324538392,3,"Thin route - long-haul, rarely cancels",0.22212910435878164,0.8639169307478974
FLL-BDL,FLL,BDL,1173.0,722,2,67.05,16.26,73.0,2.078,2.858537197569639,1,"Thin route - long delay tail, high average delay",2.107337091963567,-1.1333493638609555
LAS-FLL,LAS,FLL,2173.0,1038,4,75.15,10.34,50.7,2.216,3.016197353512439,3,"Thin route - long-haul, rarely cancels",0.7142919737134117,0.4793732378195305
DTW-SNA,DTW,SNA,1960.0,345,2,69.88,11.4,48.9,0.58,2.537819095073274,3,"Thin route - long-haul, rarely cancels",0.32647470116654614,-1.4926803486303726
SLC-HNL,SLC,HNL,2994.0,858,3,75.83,10.95,40.0,1.865,2.9334872878487053,3,"Thin route - long-haul, rarely cancels",0.03323233099967163,-0.15068835808835293
SEA-KOA,SEA,KOA,2688.0,1421,2,74.34,3.74,41.0,1.196,3.15259407792747,3,"Thin route - long-haul, rarely cancels",-0.4741648490320612,-0.020951190555033476
RDU-SEA,RDU,SEA,2354.0,918,2,77.28,3.09,38.6,1.525,2.9628426812012423,3,"Thin route - long-haul, rarely cancels",-0.7544783608647889,-0.30993293897295626
SEA-TPA,SEA,TPA,2520.0,975,2,79.92,0.79,34.0,0.513,2.989004615698537,3,"Thin route - long-haul, rarely cancels",-1.48484864880623,-0.1121121886998142
CVG-LAX,CVG,LAX,1900.0,354,2,82.81,1.93,30.2,1.412,2.5490032620257876,3,"Thin route - long-haul, rarely cancels",-1.5992818003953995,-0.9362406458622115
OGG-SLC,OGG,SLC,2935.0,303,1,85.96,-0.99,19.6,5.941,2.481442628502305,3,"Thin route - long-haul, rarely cancels",-1.6081954719044238,-1.5879444359934811
SLC-OGG,SLC,OGG,2935.0,303,1,82.88,1.5,29.9,3.63,2.481442628502305,3,"Thin route - long-haul, rarely cancels",-1.4638652532459133,-1.6922046213394644
LAX-DFW,LAX,DFW,1235.0,6225,4,74.22,15.55,56.0,2.394,3.794139355767774,0,"Trunk route - multi-carrier, unreliable",1.7759970073714773,1.9813349987107054
MIA-LAX,MIA,LAX,2342.0,3250,2,75.36,6.69,48.0,0.677,3.5118833609788744,3,"Thin route - long-haul, rarely cancels",-0.09160642519879393,0.6690103571699606
ATL-BUR,ATL,BUR,1941.0,364,1,75.64,9.08,39.0,3.297,2.561101383649056,3,"Thin route - long-haul, rarely cancels",-0.039778762512564125,-1.7873959505274486
SEA-RDU,SEA,RDU,2354.0,918,2,79.91,0.33,30.0,0.98,2.9628426812012423,3,"Thin route - long-haul, rarely cancels",-1.496828179417013,-0.13075595713797789
JFK-DFW,JFK,DFW,1391.0,1984,3,76.27,8.25,59.0,3.175,3.2975416678181597,0,"Trunk route - multi-carrier, unreliable",1.0199528872350319,0.6170826629661351
RDU-MSP,RDU,MSP,980.0,1228,2,84.05,2.88,35.0,1.303,3.089198366805149,2,"Thin route - reliable, short delay tail",-1.1692676120893677,0.2168197325395108
SAT-DTW,SAT,DTW,1214.0,944,2,90.59,-4.43,13.0,0.742,2.974971994298069,2,"Thin route - reliable, short delay tail",-2.9606938807452465,0.3984770160442171
DAY-PHL,DAY,PHL,477.0,356,1,90.49,-7.05,13.4,2.247,2.5514499979728753,2,"Thin route - reliable, short delay tail",-2.9650889006480647,-0.8848684894726642
MEM-PHL,MEM,PHL,875.0,758,2,80.66,4.41,44.7,4.09,2.8796692056320534,2,"Thin route - reliable, short delay tail",0.02921064667088939,-0.4485512487163342
PIA-DFW,PIA,DFW,672.0,1055,2,78.41,8.65,60.6,3.697,3.0232524596337114,1,"Thin route - long delay tail, high average delay",0.907361029784038,-0.3610333659275681
GSP-CLT,GSP,CLT,75.0,1504,3,83.63,6.17,37.0,2.46,3.1772478362556233,2,"Thin route - reliable, short delay tail",-0.2729778659348104,0.8227276688451916
DSM-PHL,DSM,PHL,973.0,350,3,79.4,13.61,55.6,4.0,2.5440680443502757,1,"Thin route - long delay tail, high average delay",1.0092501861821666,-0.9471801058201188
DCA-CVG,DCA,CVG,411.0,1019,3,66.77,22.01,85.0,3.533,3.0081741840064264,1,"Thin route - long delay tail, high average delay",3.493288423967015,-0.5373259134225723
PHL-CVG,PHL,CVG,507.0,1256,3,77.41,11.56,70.8,3.264,3.0989896394011773,1,"Thin route - long delay tail, high average delay",1.5494940014483616,0.15213117353515462
CLT-CAK,CLT,CAK,394.0,1415,1,71.56,13.34,67.0,1.696,3.150756439860309,1,"Thin route - long delay tail, high average delay",1.411869821547327,-0.7570576078935477
CLT-SRQ,CLT,SRQ,547.0,1398,3,77.32,8.18,48.0,1.645,3.1455071714096627,0,"Trunk route - multi-carrier, unreliable",0.36466385824622816,0.5156641287451483
DAY-DCA,DAY,DCA,391.0,964,1,71.4,23.12,88.8,3.631,2.984077033902831,1,"Thin route - long delay tail, high average delay",3.041330583095897,-1.5082856391904933
DCA-DAY,DCA,DAY,391.0,961,1,64.51,22.88,96.4,3.434,2.9827233876685453,1,"Thin route - long delay tail, high average delay",3.7119078812640915,-1.6762060025042498
DFW-TLH,DFW,TLH,767.0,1078,2,74.23,13.89,76.5,3.34,3.03261876085072,1,"Thin route - long delay tail, high average delay",1.9099131825688453,-0.6286381870962972
BGR-PHL,BGR,PHL,473.0,490,3,78.71,25.1,65.0,2.245,2.690196080028514,1,"Thin route - long delay tail, high average delay",1.8187193887605337,-0.8648349015321228
PHL-BGR,PHL,BGR,473.0,491,3,74.69,11.29,56.6,2.24,2.6910814921229687,1,"Thin route - long delay tail, high average delay",0.9741601798187859,-0.5961960411549344
PHL-IND,PHL,IND,588.0,1559,3,76.23,7.13,53.0,3.849,3.192846115188842,0,"Trunk route - multi-carrier, unreliable",1.0310063267994578,0.5086692320924244
GSP-PHL,GSP,PHL,515.0,441,2,88.66,-3.25,19.8,2.041,2.6444385894678386,2,"Thin route - reliable, short delay tail",-2.272098394072768,-0.3674453696356243
ECP-DFW,ECP,DFW,685.0,1290,3,77.13,11.64,61.0,3.178,3.110589710299249,0,"Trunk route - multi-carrier, unreliable",1.2742820884840755,0.22354511061658208
DCA-ILM,DCA,ILM,320.0,880,3,72.95,10.98,58.3,5.795,2.9444826721501687,1,"Thin route - long delay tail, high average delay",2.077915903732788,-0.21288051946799408
XNA-CLT,XNA,CLT,754.0,1462,3,85.88,4.12,28.0,1.984,3.1649473726218416,2,"Thin route - reliable, short delay tail",-1.0455567239773678,0.9015318223226414
RDU-CLT,RDU,CLT,130.0,3045,3,82.17,6.03,35.0,1.642,3.4835872969688944,0,"Trunk route - multi-carrier, unreliable",-0.29884645349368993,1.4604932832773105
BGR-DCA,BGR,DCA,590.0,1117,4,69.69,25.04,79.2,5.819,3.048053173115609,1,"Thin route - long delay tail, high average delay",3.9772946309059454,-0.03339316130618709
HSV-DCA,HSV,DCA,613.0,1320,3,71.9,19.3,69.4,3.788,3.12057393120585,1,"Thin route - long delay tail, high average delay",2.573494733943267,-0.07776828151427616
TYS-DCA,TYS,DCA,437.0,1021,3,70.5,28.64,97.6,4.114,3.0090257420869104,1,"Thin route - long delay tail, high average delay",4.115785133385398,-0.7087747655228961
AVL-DCA,AVL,DCA,384.0,522,3,61.89,21.93,70.3,6.13,2.717670503002262,1,"Thin route - long delay tail, high average delay",3.965822254498782,-1.1985383618947067
DCA-AVL,DCA,AVL,384.0,522,3,67.47,12.84,59.0,4.023,2.717670503002262,1,"Thin route - long delay tail, high average delay",2.1362341964954257,-0.7692075632087534
DCA-CRW,DCA,CRW,249.0,340,1,64.26,26.12,96.4,9.706,2.531478917042255,1,"Thin route - long delay tail, high average delay",5.242186070308683,-2.854598193160093
CLT-VPS,CLT,VPS,460.0,1203,2,75.0,8.91,58.0,2.411,3.0802656273398448,1,"Thin route - long delay tail, high average delay",0.8790679075783634,-0.23707630884552236
MKE-CLT,MKE,CLT,651.0,959,2,79.51,14.68,42.9,1.668,2.9818186071706636,2,"Thin route - reliable, short delay tail",0.28090391348967314,-0.365447493993922
CHS-DCA,CHS,DCA,444.0,1751,4,72.48,23.19,78.3,4.512,3.243286146083446,1,"Thin route - long delay tail, high average delay",3.4118089032188377,0.5131249859851006
AVP-CLT,AVP,CLT,509.0,980,3,85.89,-4.81,26.4,2.245,2.9912260756924947,2,"Thin route - reliable, short delay tail",-1.6610863545496184,0.7515290456769186
BNA-DFW,BNA,DFW,631.0,3534,5,75.61,13.45,54.0,3.311,3.5482665451707454,0,"Trunk route - multi-carrier, unreliable",1.8274890205827858,2.0576353878173985
DCA-BDL,DCA,BDL,313.0,1707,4,68.75,15.86,71.0,5.272,3.2322335211147335,1,"Thin route - long delay tail, high average delay",3.2042173799159066,0.6089930665575799
DFW-BNA,DFW,BNA,631.0,3536,5,67.03,19.76,72.0,3.054,3.5485122563410356,0,"Trunk route - multi-carrier, unreliable",3.332194508962521,1.659914496293967
DFW-DSM,DFW,DSM,624.0,1436,4,66.4,25.11,92.7,3.552,3.1571544399062814,1,"Thin route - long delay tail, high average delay",4.106803622309423,0.1057683785711207
DSM-CLT,DSM,CLT,815.0,809,2,82.91,8.96,48.0,2.967,2.9079485216122722,2,"Thin route - reliable, short delay tail",0.011213951359747482,-0.4255399087833584
PHL-MKE,PHL,MKE,690.0,503,3,75.16,12.82,71.0,5.964,2.7015679850559273,1,"Thin route - long delay tail, high average delay",2.250688029792781,-0.8278704398057418
IAD-CLT,IAD,CLT,322.0,1988,4,83.45,2.88,35.0,2.616,3.2984163800612945,0,"Trunk route - multi-carrier, unreliable",-0.34644702018906287,1.6016499020214765
LEX-PHL,LEX,PHL,520.0,399,1,81.04,2.58,59.0,3.509,2.6009728956867484,2,"Thin route - reliable, short delay tail",-0.07715275768692531,-1.5021219385031725
CMH-CLT,CMH,CLT,347.0,2046,4,84.41,1.21,31.0,1.857,3.3109056293761414,0,"Trunk route - multi-carrier, unreliable",-0.8132283517237181,1.7274368550076555
CLT-PVD,CLT,PVD,684.0,1460,2,79.3,6.03,45.0,2.26,3.164352855784437,2,"Thin route - reliable, short delay tail",-0.027913448016871713,0.14636029741473064
PVD-CLT,PVD,CLT,684.0,1461,2,81.74,5.57,41.0,2.533,3.1646502159342966,2,"Thin route - reliable, short delay tail",-0.28987695287315796,0.2191008738267744
HSV-CLT,HSV,CLT,333.0,406,2,86.85,1.11,27.0,0.739,2.6085260335771943,2,"Thin route - reliable, short delay tail",-1.933695612340374,-0.5564992982484466
GSO-DCA,GSO,DCA,248.0,796,3,70.52,19.4,88.0,5.025,2.900913067737669,1,"Thin route - long delay tail, high average delay",3.4345291577248656,-0.6888817074180728
CLE-DCA,CLE,DCA,310.0,1611,4,64.84,28.26,88.0,7.076,3.207095540419218,1,"Thin route - long delay tail, high average delay",5.199341570958468,0.06200132780774176
PHL-BHM,PHL,BHM,772.0,559,2,75.65,12.98,63.9,2.862,2.747411807886423,1,"Thin route - long delay tail, high average delay",1.1822076203321823,-1.0685214135951187
CLT-BTR,CLT,BTR,675.0,764,3,74.77,8.82,60.0,1.309,2.8830933585756897,0,"Trunk route - multi-carrier, unreliable",0.7198005262393797,-0.16122885557095387
AGS-DFW,AGS,DFW,874.0,665,3,75.43,15.09,73.2,3.759,2.8228216453031045,1,"Thin route - long delay tail, high average delay",1.9507820965810878,-0.5822025046338927
CMH-PHL,CMH,PHL,407.0,1432,3,81.29,5.11,40.0,3.142,3.1559430179718366,2,"Thin route - reliable, short delay tail",0.0115856632210834,0.6904025000622078
CLT-ILM,CLT,ILM,185.0,1822,3,78.11,7.72,48.5,1.921,3.2605483726369795,0,"Trunk route - multi-carrier, unreliable",0.4526156476549881,0.791816806299895
CHS-CLT,CHS,CLT,168.0,2498,3,83.31,6.5,38.0,1.801,3.3975924340381165,0,"Trunk route - multi-carrier, unreliable",-0.2793479384928895,1.2674014510451805
AGS-DCA,AGS,DCA,468.0,349,2,82.82,11.17,42.0,6.304,2.5428254269591797,1,"Thin route - long delay tail, high average delay",0.6902559234887988,-1.2554640276417328
CLT-SGF,CLT,SGF,708.0,1192,2,81.24,0.37,32.0,2.013,3.076276255404218,2,"Thin route - reliable, short delay tail",-0.9987932695140561,0.21064413896427728
ECP-CLT,ECP,CLT,437.0,1118,3,84.22,1.65,35.5,1.878,3.0484418035504044,2,"Thin route - reliable, short delay tail",-0.9063125513720447,0.6618131577343336
PHL-PIT,PHL,PIT,268.0,1210,4,76.78,8.32,59.0,2.397,3.0827853703164503,0,"Trunk route - multi-carrier, unreliable",1.0422789651094018,0.7774504706817477
CLT-JAN,CLT,JAN,562.0,328,1,66.77,16.1,64.5,3.049,2.515873843711679,1,"Thin route - long delay tail, high average delay",1.93671858221683,-2.238475926297173
MCI-CLT,MCI,CLT,808.0,1194,3,81.72,5.67,35.0,2.261,3.0770043267933502,2,"Thin route - reliable, short delay tail",-0.4142290983245471,0.5542362339503372
PHL-DCA,PHL,DCA,120.0,789,2,58.17,28.56,94.8,4.309,2.89707700320942,1,"Thin route - long delay tail, high average delay",4.897150652413309,-1.5998531824469575
LFT-CLT,LFT,CLT,729.0,365,1,89.69,2.68,17.0,1.644,2.5622928644564746,2,"Thin route - reliable, short delay tail",-2.326251269338538,-1.102257868881571
DFW-CAE,DFW,CAE,922.0,985,2,80.96,2.22,36.0,2.64,2.9934362304976116,2,"Thin route - reliable, short delay tail",-0.6687234312646747,-0.0654423596454206
HRL-DFW,HRL,DFW,461.0,1483,2,86.0,5.61,34.0,2.832,3.1711411510283822,2,"Thin route - reliable, short delay tail",-0.693906404254396,0.3645105327029964
BTV-PHL,BTV,PHL,335.0,1117,3,76.64,10.6,64.1,4.118,3.048053173115609,1,"Thin route - long delay tail, high average delay",1.571699254018579,0.08583961138163472
PHL-BTV,PHL,BTV,335.0,1116,3,75.98,11.93,60.0,3.763,3.04766419460156,1,"Thin route - long delay tail, high average delay",1.5221621942563721,0.08445253817017055
BHM-DFW,BHM,DFW,597.0,2199,4,79.05,12.33,58.7,2.819,3.3422252293607904,0,"Trunk route - multi-carrier, unreliable",1.2775498061914965,1.2298889679304714
DFW-CID,DFW,CID,685.0,1172,3,74.14,12.97,66.4,2.56,3.068927611682072,1,"Thin route - long delay tail, high average delay",1.5784074839923523,0.03967178497358385
PWM-PHL,PWM,PHL,364.0,676,3,79.72,10.77,35.0,3.402,2.829946695941636,2,"Thin route - reliable, short delay tail",0.3209886807857088,-0.09220895084258592
DCA-IND,DCA,IND,500.0,2023,4,77.44,5.89,52.0,3.411,3.3059958827708047,0,"Trunk route - multi-carrier, unreliable",0.9279757772853242,1.2929528168397324
IND-DCA,IND,DCA,500.0,2022,4,74.69,9.93,48.0,3.808,3.3057811512549824,0,"Trunk route - multi-carrier, unreliable",1.399219091348479,1.174325956452813
CLT-HSV,CLT,HSV,333.0,407,2,80.45,9.71,45.0,0.737,2.60959440922522,2,"Thin route - reliable, short delay tail",-0.3835402336422444,-0.9678582962349591
DCA-RDU,DCA,RDU,227.0,2010,4,67.73,17.71,75.6,4.577,3.303196057420489,1,"Thin route - long delay tail, high average delay",3.4106394952679833,0.6953349714198284
CLT-DAB,CLT,DAB,416.0,1399,2,79.93,3.22,39.0,2.931,3.1458177144918276,2,"Thin route - reliable, short delay tail",-0.2344612422267688,0.2183742839181157
CLT-GSO,CLT,GSO,84.0,1191,3,78.01,7.19,48.0,1.511,3.0759117614827773,0,"Trunk route - multi-carrier, unreliable",0.2597020668766285,0.4472708000382138
DCA-JAX,DCA,JAX,634.0,1462,3,73.42,11.39,61.0,2.531,3.1649473726218416,0,"Trunk route - multi-carrier, unreliable",1.4242155563230403,0.2967962777253061
DFW-PNS,DFW,PNS,604.0,1723,4,66.77,20.69,82.0,3.308,3.2362852774480286,1,"Thin route - long delay tail, high average delay",3.4754923595200027,0.4462282558980439
JAX-DCA,JAX,DCA,634.0,1464,3,72.48,17.48,65.0,2.322,3.165541076722373,1,"Thin route - long delay tail, high average delay",1.9656292512492992,0.13569535412299577
PHL-GSP,PHL,GSP,515.0,441,1,71.19,15.85,101.0,2.948,2.6444385894678386,1,"Thin route - long delay tail, high average delay",2.5768022374828643,-2.1287825150109176
DCA-AGS,DCA,AGS,468.0,348,2,59.38,27.73,101.0,7.471,2.5415792439465807,1,"Thin route - long delay tail, high average delay",5.445309068463179,-2.4563875391247505
DCA-VPS,DCA,VPS,789.0,369,3,76.49,1.5,39.8,3.794,2.56702636615906,2,"Thin route - reliable, short delay tail",-0.009961100549915933,-0.5773006051031735
VPS-DCA,VPS,DCA,789.0,370,3,69.69,16.06,67.0,3.784,2.568201724066995,1,"Thin route - long delay tail, high average delay",2.214578539395499,-1.1795481279960998
CLT-ROC,CLT,ROC,573.0,994,3,73.54,12.96,63.0,1.61,2.997386384397313,1,"Thin route - long delay tail, high average delay",1.3045107510072838,-0.05596673725049476
GSP-DFW,GSP,DFW,862.0,1177,3,75.59,14.34,64.0,2.889,3.0707764628434346,1,"Thin route - long delay tail, high average delay",1.5441048606025984,0.033436457623094086
CHA-DCA,CHA,DCA,523.0,301,3,85.03,12.75,29.4,1.993,2.4785664955938436,2,"Thin route - reliable, short delay tail",-0.5929287846619549,-0.6865501156276106
PHL-SDF,PHL,SDF,577.0,608,3,81.46,1.41,44.6,2.796,2.783903579272735,2,"Thin route - reliable, short delay tail",-0.38413729000976804,-0.025714912591992177
ICT-DCA,ICT,DCA,1110.0,313,3,67.82,31.02,94.6,7.348,2.4955443375464483,1,"Thin route - long delay tail, high average delay",4.840776571003205,-1.9913120336111543
CLT-GPT,CLT,GPT,577.0,619,1,78.44,7.12,47.8,2.423,2.791690649020118,2,"Thin route - reliable, short delay tail",-0.049691637817569995,-1.14747478701584
LAW-DFW,LAW,DFW,140.0,1072,3,75.54,14.55,77.1,5.69,3.030194785356751,1,"Thin route - long delay tail, high average delay",2.6534367338698455,-0.17252379786163938
SRQ-PHL,SRQ,PHL,957.0,462,4,78.83,7.29,49.0,3.68,2.6646419755561257,0,"Trunk route - multi-carrier, unreliable",0.5715919100827425,-0.04761938049241237
DFW-MGM,DFW,MGM,622.0,1058,3,74.37,14.76,73.0,5.293,3.024485667699167,1,"Thin route - long delay tail, high average delay",2.479169615960087,-0.20832575692730768
DFW-MEM,DFW,MEM,431.0,2351,4,67.73,18.18,67.0,2.85,3.3712526291249394,0,"Trunk route - multi-carrier, unreliable",2.8111223953381863,0.9203374885483998
MKE-DFW,MKE,DFW,853.0,1084,3,74.06,20.7,62.0,3.598,3.0350292822023683,1,"Thin route - long delay tail, high average delay",2.189973064484426,-0.20577640201052222
CID-MSP,CID,MSP,220.0,399,1,77.81,10.72,61.9,1.754,2.6009728956867484,1,"Thin route - long delay tail, high average delay",0.44109747185243153,-1.6684667571163405
GSO-DTW,GSO,DTW,460.0,367,1,77.18,21.96,62.2,3.27,2.5646660642520893,1,"Thin route - long delay tail, high average delay",1.5541784192405543,-2.05306387425359
COU-ORD,COU,ORD,315.0,1976,2,73.73,16.62,68.5,3.694,3.295786940251609,1,"Thin route - long delay tail, high average delay",2.179523787666789,-0.0762220980445899
IAH-VCT,IAH,VCT,123.0,592,1,74.35,46.79,101.4,1.689,2.77232170672292,1,"Thin route - long delay tail, high average delay",4.254893962783096,-2.3761399899353197
SYR-ORD,SYR,ORD,607.0,2194,5,74.14,12.82,62.0,3.191,3.3412366232386925,0,"Trunk route - multi-carrier, unreliable",2.003836839955159,1.5720530553491965
DFW-FSD,DFW,FSD,737.0,1086,3,66.16,25.75,97.2,3.223,3.035829825252828,1,"Thin route - long delay tail, high average delay",4.0024631246938425,-0.666990610588702
DTW-CMH,DTW,CMH,155.0,1459,3,82.38,8.54,41.0,0.822,3.1640552918934515,2,"Thin route - reliable, short delay tail",-0.30694809073378254,0.7421803646259355
TUS-PDX,TUS,PDX,1119.0,365,2,93.15,-10.61,7.0,0.0,2.5622928644564746,2,"Thin route - reliable, short delay tail",-4.0536209915242205,-0.20171235914890756
DFW-GJT,DFW,GJT,772.0,1018,2,81.75,1.37,31.0,1.473,3.00774777800074,2,"Thin route - reliable, short delay tail",-1.1590301391219455,0.07761326140886136
DSM-LAX,DSM,LAX,1447.0,303,1,71.19,27.65,62.7,0.33,2.481442628502305,1,"Thin route - long delay tail, high average delay",1.5455298809677946,-2.439408514784161
MDT-DTW,MDT,DTW,371.0,314,1,79.22,17.08,96.0,1.911,2.496929648073215,1,"Thin route - long delay tail, high average delay",1.632736592046878,-2.232607734324397
DFW-ELP,DFW,ELP,551.0,2572,4,68.04,18.31,75.0,2.955,3.4102709642521845,1,"Thin route - long delay tail, high average delay",3.0276913167595945,0.9364346632651224
PHX-SMX,PHX,SMX,494.0,405,1,84.85,2.09,38.0,1.235,2.6074550232146687,2,"Thin route - reliable, short delay tail",-1.477141761544516,-1.1953944643191714
IDA-SEA,IDA,SEA,566.0,366,1,83.84,0.4,25.0,0.273,2.5634810853944106,2,"Thin route - reliable, short delay tail",-2.107331833596844,-1.1573569329006645
DCA-ORD,DCA,ORD,612.0,7048,5,74.89,13.29,61.0,3.419,3.8480658954039915,0,"Trunk route - multi-carrier, unreliable",2.20363752692401,2.612354969959015
AVP-ORD,AVP,ORD,632.0,843,2,76.56,10.03,61.0,2.372,2.9258275746247424,1,"Thin route - long delay tail, high average delay",0.8158996390220292,-0.5804664856056283
ORD-BUF,ORD,BUF,474.0,2198,5,71.05,16.19,72.7,3.094,3.3420276880874717,0,"Trunk route - multi-carrier, unreliable",2.751582268105357,1.3901461260337493
BZN-SFO,BZN,SFO,807.0,378,2,70.37,17.0,83.9,0.0,2.5774917998372255,1,"Thin route - long delay tail, high average delay",1.65578895033283,-1.6426875600652695
MFR-DEN,MFR,DEN,964.0,728,2,82.48,5.96,42.0,0.275,2.862131379313037,2,"Thin route - reliable, short delay tail",-0.9799037761011461,-0.3532516540544321
AZO-ORD,AZO,ORD,122.0,964,2,79.52,4.94,48.0,4.668,2.984077033902831,2,"Thin route - reliable, short delay tail",0.5347314593695887,-0.24647375997425194
IAH-ABQ,IAH,ABQ,744.0,473,2,79.1,3.52,34.2,0.846,2.6748611407378116,2,"Thin route - reliable, short delay tail",-0.9967142134890484,-0.6954911392373755
HNL-ORD,HNL,ORD,4243.0,540,2,85.07,-2.74,29.0,0.741,2.7323937598229686,3,"Thin route - long-haul, rarely cancels",-2.5760384738203417,-0.5825816429413346
SFO-TPA,SFO,TPA,2393.0,700,1,84.65,-0.27,23.0,0.143,2.845098040014257,3,"Thin route - long-haul, rarely cancels",-2.4772067416501065,-0.6812367304125215
SFO-IAH,SFO,IAH,1635.0,3598,1,84.33,0.31,25.0,0.278,3.5560611590095323,3,"Thin route - long-haul, rarely cancels",-1.9274475924077887,0.7988137644275962
ORD-IAD,ORD,IAD,588.0,2082,1,75.93,12.6,49.0,0.768,3.3184807251745174,2,"Thin route - reliable, short delay tail",0.3704932115833129,-0.1848200338219557
ORD-SFO,ORD,SFO,1846.0,5616,3,67.56,17.42,72.0,1.3,3.749427099121749,0,"Trunk route - multi-carrier, unreliable",2.328599955435845,1.1302212185457827
ORD-SAN,ORD,SAN,1723.0,3870,4,71.78,10.75,58.0,1.24,3.5877109650189114,0,"Trunk route - multi-carrier, unreliable",1.267353064674539,1.5965214824704583
IAH-RSW,IAH,RSW,861.0,874,1,84.58,-1.09,27.0,0.114,2.941511432634403,2,"Thin route - reliable, short delay tail",-2.1463932425089234,-0.37192970389033037
DFW-IAH,DFW,IAH,224.0,5805,5,69.32,19.38,75.6,2.601,3.7638022240745928,0,"Trunk route - multi-carrier, unreliable",3.2700102411452905,2.1722382900344566
EWR-JAX,EWR,JAX,820.0,1377,2,81.94,3.2,39.0,2.397,3.1389339402569236,2,"Thin route - reliable, short delay tail",-0.5813709240693609,0.22551774369946684
IAH-LGA,IAH,LGA,1416.0,4024,4,72.6,14.96,71.0,2.883,3.604657972047871,0,"Trunk route - multi-carrier, unreliable",2.266323393407701,1.4456419129494678
EWR-SAV,EWR,SAV,708.0,1112,3,80.78,3.57,49.0,3.058,3.0461047872460387,2,"Thin route - reliable, short delay tail",0.07377939366501976,0.4059403546741515
ORD-PNS,ORD,PNS,794.0,727,5,79.66,4.46,41.0,1.788,2.8615344108590377,0,"Trunk route - multi-carrier, unreliable",-0.08485273885999059,1.0321317721871373
LAX-IAD,LAX,IAD,2288.0,2474,3,87.48,-5.06,20.0,0.566,3.393399695293102,3,"Thin route - long-haul, rarely cancels",-2.481286943260495,1.5616008269952815
SFO-PHL,SFO,PHL,2522.0,2044,2,85.25,-0.22,24.7,1.37,3.3104808914626753,3,"Thin route - long-haul, rarely cancels",-1.8854705045367408,0.6988833365749126
IAH-MCO,IAH,MCO,854.0,3628,3,81.92,3.87,43.0,0.937,3.5596672783880576,0,"Trunk route - multi-carrier, unreliable",-0.4621175736039872,1.5661520792815335
ORD-IAH,ORD,IAH,925.0,6114,8,76.09,7.2,56.0,1.488,3.78632543439007,0,"Trunk route - multi-carrier, unreliable",1.4764142387433143,4.1352989400925715
ORD-RDU,ORD,RDU,646.0,3656,7,73.63,14.36,61.7,2.462,3.5630061870617937,0,"Trunk route - multi-carrier, unreliable",2.3383770810760462,2.9625443617948792
TPA-ORD,TPA,ORD,1012.0,3200,7,73.59,15.94,59.0,1.563,3.505149978319906,0,"Trunk route - multi-carrier, unreliable",2.088206201806448,2.8279574856197787
BUF-EWR,BUF,EWR,282.0,482,2,87.75,-3.4,20.0,4.979,2.6830470382388496,2,"Thin route - reliable, short delay tail",-1.475959350603525,-0.37614658295161224
SRQ-EWR,SRQ,EWR,1034.0,929,2,85.02,3.08,31.0,2.906,2.968015713993642,2,"Thin route - reliable, short delay tail",-1.022690737874966,-0.04498971274118681
IAH-MSY,IAH,MSY,305.0,2930,4,83.51,2.05,35.0,0.171,3.4668676203541096,0,"Trunk route - multi-carrier, unreliable",-0.9022938078598921,2.0419904535928204
MSP-IAH,MSP,IAH,1034.0,1900,3,81.2,1.01,37.0,0.947,3.278753600952829,2,"Thin route - reliable, short delay tail",-0.8954767280650613,1.0625701020354588
RDU-IAD,RDU,IAD,225.0,1301,2,86.38,0.76,22.0,1.23,3.1142772965615864,2,"Thin route - reliable, short delay tail",-1.7223275616068017,0.5040224957383792
JAX-IAH,JAX,IAH,816.0,693,2,87.66,-2.75,22.2,0.433,2.8407332346118066,2,"Thin route - reliable, short delay tail",-2.4392346064930077,0.015705088959707836
CVG-IAH,CVG,IAH,871.0,691,3,82.65,0.0,33.0,0.724,2.8394780473741985,2,"Thin route - reliable, short delay tail",-1.380624794893625,0.2576297093118719
IAH-DEN,IAH,DEN,861.0,4715,2,81.96,2.47,37.2,0.382,3.6734816970733473,2,"Thin route - reliable, short delay tail",-0.9399726727126628,1.406283778194229
MIA-SFO,MIA,SFO,2585.0,1746,2,69.98,10.9,64.9,0.63,3.2420442393695508,3,"Thin route - long-haul, rarely cancels",0.8980291582038588,-0.1988071018084823
RDU-IAH,RDU,IAH,1042.0,924,3,85.32,-0.18,30.0,1.19,2.9656719712201065,2,"Thin route - reliable, short delay tail",-1.5478845102614684,0.5600038158292527
MSY-SFO,MSY,SFO,1911.0,524,2,76.15,6.11,55.2,0.573,2.7193312869837265,3,"Thin route - long-haul, rarely cancels",-0.27079762191466583,-0.9372693416931726
EWR-PHX,EWR,PHX,2133.0,2478,2,80.07,3.82,42.0,2.179,3.3941013020400446,3,"Thin route - long-haul, rarely cancels",-0.4741534082142757,0.5826167370995801
TPA-IAH,TPA,IAH,787.0,1582,3,85.37,-0.33,31.0,0.506,3.1992064791616577,2,"Thin route - reliable, short delay tail",-1.5604325621489814,1.0768282962698117
SEA-IAH,SEA,IAH,1874.0,2090,2,82.32,1.18,31.0,0.431,3.3201462861110542,3,"Thin route - long-haul, rarely cancels",-1.5082024611501508,0.6754516408526045
RNO-ORD,RNO,ORD,1671.0,363,1,79.26,5.94,37.9,2.204,2.5599066250361124,3,"Thin route - long-haul, rarely cancels",-0.7703514991540762,-1.5967137633271629
IAH-DCA,IAH,DCA,1208.0,3279,3,75.02,10.28,55.0,2.013,3.515741416669365,0,"Trunk route - multi-carrier, unreliable",0.9951811064803349,1.077027730665478
DCA-IAH,DCA,IAH,1208.0,3277,3,80.94,0.83,47.0,2.075,3.515476441382376,0,"Trunk route - multi-carrier, unreliable",-0.2971915669057695,1.4295750188222038
MSY-EWR,MSY,EWR,1167.0,1228,4,85.16,-0.46,34.8,2.362,3.089198366805149,2,"Thin route - reliable, short delay tail",-0.9852355210611848,1.2147423096989463
SNA-EWR,SNA,EWR,2433.0,1091,1,79.58,14.95,59.0,2.016,3.037824750588342,3,"Thin route - long-haul, rarely cancels",0.3947209145191199,-0.9947454083779387
ORD-SRQ,ORD,SRQ,1050.0,998,4,77.56,6.78,57.0,1.202,2.999130541287371,0,"Trunk route - multi-carrier, unreliable",0.39181302851380934,0.6401670886215455
ORD-RSW,ORD,RSW,1120.0,3238,5,76.04,7.59,57.0,1.606,3.510276844417355,0,"Trunk route - multi-carrier, unreliable",0.9912353638441012,2.101672106696256
IAD-PIT,IAD,PIT,182.0,1227,2,84.83,3.45,29.5,1.548,3.088844562727004,2,"Thin route - reliable, short delay tail",-1.1527947172237336,0.31175642633285333
ORF-EWR,ORF,EWR,284.0,822,2,82.01,3.02,34.0,5.231,2.9148718175400505,2,"Thin route - reliable, short delay tail",-0.079938956310811,-0.23980554886673697
EWR-SEA,EWR,SEA,2402.0,2263,2,73.57,7.74,51.1,2.209,3.3546845539547285,3,"Thin route - long-haul, rarely cancels",0.4813594248084445,0.2199308715916253
SJU-IAD,SJU,IAD,1572.0,706,2,87.16,-2.25,23.0,0.708,2.8488047010518036,3,"Thin route - long-haul, rarely cancels",-2.3993309907249385,-0.061506340207515484
ORD-DFW,ORD,DFW,802.0,6997,7,70.46,17.2,79.0,2.873,3.8449118739121406,0,"Trunk route - multi-carrier, unreliable",3.4132481312985377,3.2819261205238277
DSM-IAH,DSM,IAH,802.0,346,2,89.41,-3.54,15.0,1.445,2.5390760987927767,2,"Thin route - reliable, short delay tail",-2.701266320095645,-0.5355586396820359
JAX-IAD,JAX,IAD,631.0,777,3,88.57,-3.41,18.0,0.901,2.890421018800914,2,"Thin route - reliable, short delay tail",-2.3648765923129607,0.6538557379322993
IAH-MCI,IAH,MCI,643.0,486,2,76.65,6.65,37.0,0.412,2.6866362692622934,2,"Thin route - reliable, short delay tail",-0.6016743563460788,-0.7772771936337273
BWI-IAH,BWI,IAH,1235.0,1310,4,79.33,4.93,46.9,1.985,3.1172712956557644,0,"Trunk route - multi-carrier, unreliable",0.06168469763576017,0.9807469381183787
IAD-CHS,IAD,CHS,442.0,760,2,86.82,2.37,21.0,1.053,2.8808135922807914,2,"Thin route - reliable, short delay tail",-1.8417574548855489,-0.00382685870238649
SAN-EWR,SAN,EWR,2425.0,1560,2,82.31,2.21,36.0,2.179,3.1931245983544616,3,"Thin route - long-haul, rarely cancels",-1.0402449356212646,0.2620639837355093
JAX-EWR,JAX,EWR,820.0,1377,2,78.88,11.63,57.0,2.542,3.1389339402569236,1,"Thin route - long delay tail, high average delay",0.7328254360781952,-0.1284977274406113
RDU-SFO,RDU,SFO,2400.0,886,1,78.56,4.23,46.0,0.451,2.9474337218870508,3,"Thin route - long-haul, rarely cancels",-0.9853679026642496,-0.8395684056206283
EWR-MYR,EWR,MYR,550.0,972,3,79.74,3.91,47.0,4.527,2.9876662649262746,0,"Trunk route - multi-carrier, unreliable",0.4654771634691351,0.2408338842130883
DEN-KOA,DEN,KOA,3329.0,370,1,84.43,0.52,30.5,0.811,2.568201724066995,3,"Thin route - long-haul, rarely cancels",-2.3131691334528184,-1.414153710641754
DEN-OGG,DEN,OGG,3302.0,385,1,85.08,-3.67,25.0,0.779,2.5854607295085006,3,"Thin route - long-haul, rarely cancels",-2.7877511564307187,-1.2409729606820477
KOA-SFO,KOA,SFO,2368.0,1150,2,83.98,-0.85,27.5,0.957,3.060697840353612,3,"Thin route - long-haul, rarely cancels",-1.9256997556780397,0.1839674760598198
IAD-BOS,IAD,BOS,412.0,1514,2,77.44,8.1,50.5,2.51,3.180125875164054,2,"Thin route - reliable, short delay tail",0.5079502081225857,0.07938389805932927
STL-EWR,STL,EWR,872.0,1075,2,81.19,5.15,49.0,4.651,3.031408464251624,2,"Thin route - reliable, short delay tail",0.34177941916085425,-0.1897841581819947
SJU-IAH,SJU,IAH,2007.0,930,2,87.65,-8.58,20.8,0.538,2.9684829485539352,3,"Thin route - long-haul, rarely cancels",-2.9838128064431224,0.30736594502683545
PDX-IAH,PDX,IAH,1825.0,1227,2,85.23,-0.75,24.0,0.489,3.088844562727004,3,"Thin route - long-haul, rarely cancels",-2.1184021289373076,0.3437565688452141
ORD-ORF,ORD,ORF,717.0,1897,6,72.55,10.9,62.0,2.794,3.2780673308886628,0,"Trunk route - multi-carrier, unreliable",2.005761970141909,1.9348217324235646
IAH-PDX,IAH,PDX,1825.0,1227,2,80.77,3.47,39.0,0.489,3.088844562727004,3,"Thin route - long-haul, rarely cancels",-1.0930188403943415,0.07534308377815851
SJU-DEN,SJU,DEN,2733.0,333,1,87.2,-4.34,21.3,0.3,2.5224442335063197,3,"Thin route - long-haul, rarely cancels",-3.139406617697228,-1.232381919937182
EWR-SNA,EWR,SNA,2433.0,1091,1,85.55,-7.13,26.2,1.65,3.037824750588342,3,"Thin route - long-haul, rarely cancels",-2.507674617783311,-0.20159342719713097
BQN-EWR,BQN,EWR,1585.0,365,1,80.57,-1.25,29.2,2.74,2.5622928644564746,3,"Thin route - long-haul, rarely cancels",-1.4483136016484535,-1.3719310734679435
LIH-SFO,LIH,SFO,2446.0,898,2,85.94,-3.57,24.2,1.002,2.9532763366673045,3,"Thin route - long-haul, rarely cancels",-2.392400809130441,0.0700631572303652
IAD-MIA,IAD,MIA,922.0,625,2,83.2,0.16,30.2,0.8,2.7958800173440754,2,"Thin route - reliable, short delay tail",-1.6369448922214385,-0.29043583484099345
ORD-RNO,ORD,RNO,1671.0,363,1,63.59,24.58,94.4,1.653,2.5599066250361124,1,"Thin route - long delay tail, high average delay",3.0628157933495337,-2.626336732999965
IAD-CMH,IAD,CMH,299.0,980,2,83.4,2.89,30.1,0.918,2.9912260756924947,2,"Thin route - reliable, short delay tail",-1.2670157417389691,0.10376590472219795
ORD-SJC,ORD,SJC,1829.0,301,2,68.58,15.19,78.0,1.661,2.4785664955938436,1,"Thin route - long delay tail, high average delay",1.6978620677215728,-1.9342659494006738
DCA-DEN,DCA,DEN,1476.0,1346,2,79.08,6.7,47.0,0.817,3.1290450598879582,3,"Thin route - long-haul, rarely cancels",-0.3860437970301917,0.02455854067008286
EWR-SAT,EWR,SAT,1569.0,575,1,86.77,-7.69,20.4,1.217,2.7596678446896306,3,"Thin route - long-haul, rarely cancels",-2.865376833977095,-0.6155364847546481
IND-SFO,IND,SFO,1943.0,524,1,74.52,12.16,66.9,0.382,2.7193312869837265,3,"Thin route - long-haul, rarely cancels",0.3803513612367643,-1.6441830064953191
EWR-PDX,EWR,PDX,2434.0,899,2,76.76,3.88,46.0,1.78,2.9537596917332287,3,"Thin route - long-haul, rarely cancels",-0.42309861866137616,-0.4182961867821235
SJC-ORD,SJC,ORD,1829.0,301,2,91.16,-10.46,12.0,1.661,2.4785664955938436,3,"Thin route - long-haul, rarely cancels",-3.520398972485549,-0.5544089822913635
DEN-ANC,DEN,ANC,2405.0,795,3,76.39,4.68,38.0,0.0,2.9003671286564705,3,"Thin route - long-haul, rarely cancels",-0.8362136260302147,0.038908386638147274
LAX-TPA,LAX,TPA,2158.0,1192,3,79.3,4.93,29.0,1.007,3.076276255404218,3,"Thin route - long-haul, rarely cancels",-0.9402460814998918,0.4954983964733684
IAH-HNL,IAH,HNL,3904.0,365,1,78.51,3.14,32.8,0.548,2.5622928644564746,3,"Thin route - long-haul, rarely cancels",-1.7727994332293808,-1.6406709393651644
RSW-CLE,RSW,CLE,1025.0,934,3,78.56,8.52,46.0,1.392,2.9703468762300935,2,"Thin route - reliable, short delay tail",0.03527804321344127,0.1559027945332026
CLE-FLL,CLE,FLL,1062.0,1238,5,81.18,4.26,41.5,2.181,3.0927206446840994,0,"Trunk route - multi-carrier, unreliable",-0.0629999419593937,1.4998461873272686
JAC-ORD,JAC,ORD,1162.0,820,2,70.0,25.94,100.3,2.195,2.9138138523837167,1,"Thin route - long delay tail, high average delay",3.3043201961120916,-1.3516274787158584
BZN-EWR,BZN,EWR,1882.0,375,1,75.84,13.4,66.5,2.4,2.574031267727719,1,"Thin route - long delay tail, high average delay",0.769711930988443,-1.9982731299797887
EWR-BZN,EWR,BZN,1882.0,375,1,83.79,-0.86,31.7,2.4,2.574031267727719,3,"Thin route - long-haul, rarely cancels",-1.7258337346132833,-1.3274380835532416
GCK-DFW,GCK,DFW,404.0,726,2,82.53,7.06,48.0,2.342,2.8609366207000937,2,"Thin route - reliable, short delay tail",-0.18525113384948053,-0.4373471224032658
TYR-DFW,TYR,DFW,102.0,1077,2,78.7,9.36,48.8,3.993,3.0322157032979815,1,"Thin route - long delay tail, high average delay",0.7840447864096723,-0.236217460375728
DFW-GCK,DFW,GCK,404.0,726,2,75.46,9.98,57.6,2.342,2.8609366207000937,1,"Thin route - long delay tail, high average delay",0.8114287344911322,-0.6901436483543123
DFW-TYR,DFW,TYR,102.0,1077,2,78.83,9.42,46.0,4.271,3.0322157032979815,1,"Thin route - long delay tail, high average delay",0.7683400981307051,-0.22490641841827969
MCI-DFW,MCI,DFW,460.0,2525,4,76.73,12.73,56.0,2.891,3.40226138245468,0,"Trunk route - multi-carrier, unreliable",1.474683483235383,1.3293084840780465
PHX-EUG,PHX,EUG,952.0,625,3,80.48,5.03,45.0,0.0,2.7958800173440754,2,"Thin route - reliable, short delay tail",-0.7539146738761221,-0.03876287940117142
EWR-PIT,EWR,PIT,319.0,1808,3,81.63,2.18,38.0,4.425,3.2571984261393445,0,"Trunk route - multi-carrier, unreliable",0.08497138870218769,0.9443521255533806
PIT-EWR,PIT,EWR,319.0,1808,3,86.61,-5.14,23.0,4.148,3.2571984261393445,2,"Thin route - reliable, short delay tail",-1.2538745649299934,1.2943860516007786
BUR-PDX,BUR,PDX,817.0,996,3,90.66,-5.27,12.6,0.904,2.998259338423699,2,"Thin route - reliable, short delay tail",-2.7806776974807885,0.971961433550679
MIA-JAX,MIA,JAX,335.0,1494,3,73.57,11.43,52.0,0.669,3.1743505974793798,0,"Trunk route - multi-carrier, unreliable",0.7991705516567471,0.4604353258509176
TYS-MIA,TYS,MIA,724.0,487,3,81.99,8.6,34.8,0.616,2.6875289612146345,2,"Thin route - reliable, short delay tail",-0.7630570077733967,-0.23857200607711135
GSP-LGA,GSP,LGA,610.0,927,1,75.26,13.38,72.0,5.394,2.967079734144497,1,"Thin route - long delay tail, high average delay",2.0075115581876553,-1.232713184989394
LGA-GSP,LGA,GSP,610.0,926,1,75.95,5.79,58.0,6.156,2.966610986681934,1,"Thin route - long delay tail, high average delay",1.2479123639165488,-0.9950763045999694
CMH-JFK,CMH,JFK,483.0,1601,1,84.1,-0.01,31.0,3.935,3.2043913319193,2,"Thin route - reliable, short delay tail",-0.8844297688113435,0.019380622383099972
JFK-CMH,JFK,CMH,483.0,1600,1,79.3,5.33,43.9,4.688,3.2041199826559246,2,"Thin route - reliable, short delay tail",0.36117410881881956,-0.28804989754246185
MSN-LGA,MSN,LGA,812.0,914,2,85.53,-1.85,30.0,5.361,2.960946195733831,2,"Thin route - reliable, short delay tail",-0.8220419787356458,-0.0011473191651460352
AVL-LGA,AVL,LGA,599.0,445,1,72.36,14.7,67.5,6.292,2.6483600109809315,1,"Thin route - long delay tail, high average delay",2.284865327133201,-1.9614081946877764
CHS-MIA,CHS,MIA,489.0,1007,3,79.62,12.24,47.0,1.192,3.003029470553618,0,"Trunk route - multi-carrier, unreliable",0.2830358232698233,0.20811902572676477
MIA-BOS,MIA,BOS,1258.0,3381,6,69.94,14.8,67.4,2.218,3.529045170765769,0,"Trunk route - multi-carrier, unreliable",2.493495185217983,2.2594071529737763
TUL-LGA,TUL,LGA,1231.0,625,1,78.29,9.53,71.4,5.6,2.7958800173440754,1,"Thin route - long delay tail, high average delay",1.3786547954179742,-1.5011416135913365
DCA-MIA,DCA,MIA,919.0,3955,4,76.58,6.9,54.0,1.896,3.597146487833695,0,"Trunk route - multi-carrier, unreliable",0.8141381014750695,1.8526469866314788
CHO-LGA,CHO,LGA,305.0,352,1,67.99,17.45,85.6,6.818,2.546542663478131,1,"Thin route - long delay tail, high average delay",3.413786283202293,-2.4201404426259483
LGA-CHO,LGA,CHO,305.0,352,1,75.82,6.01,48.2,4.83,2.546542663478131,1,"Thin route - long delay tail, high average delay",0.5903137066342461,-1.7298521179483646
IND-BOS,IND,BOS,818.0,2022,4,79.01,3.67,53.0,2.671,3.3057811512549824,0,"Trunk route - multi-carrier, unreliable",0.4616427256984112,1.3574221816230392
LGA-MEM,LGA,MEM,963.0,1067,1,75.2,6.41,67.0,5.53,3.0281644194244697,1,"Thin route - long delay tail, high average delay",1.4089085791012985,-0.964735204461879
BOS-SDF,BOS,SDF,829.0,708,3,85.06,-3.11,27.5,1.554,2.850033257689769,2,"Thin route - reliable, short delay tail",-1.7194667092017897,0.40123891153993746
CLT-JFK,CLT,JFK,542.0,2004,2,71.25,15.15,68.0,2.794,3.301897717195208,1,"Thin route - long delay tail, high average delay",2.0171275338820034,-0.06534018555440627
LGA-CLT,LGA,CLT,544.0,4257,4,76.79,10.21,59.5,4.158,3.6291036501771363,0,"Trunk route - multi-carrier, unreliable",1.7611794521310005,1.776483636081404
LEX-DCA,LEX,DCA,414.0,304,1,88.93,-2.11,20.3,1.645,2.482873583608754,2,"Thin route - reliable, short delay tail",-2.484985330041504,-1.177420680620446
GRR-EWR,GRR,EWR,605.0,863,3,79.27,4.33,52.1,4.171,2.9360107957152097,0,"Trunk route - multi-carrier, unreliable",0.5533644186084177,0.09036541751236946
EWR-CMH,EWR,CMH,463.0,2062,2,83.9,1.0,39.0,4.656,3.3142886609474975,2,"Thin route - reliable, short delay tail",-0.23357242181669943,0.623170620940886
IAD-CVG,IAD,CVG,388.0,534,2,80.77,6.68,44.0,2.434,2.727541257028556,2,"Thin route - reliable, short delay tail",-0.20952956756809352,-0.7091308147619682
EWR-MCI,EWR,MCI,1092.0,490,2,78.57,7.2,59.0,2.653,2.690196080028514,2,"Thin route - reliable, short delay tail",0.31519972918240424,-1.0002043756815189
IAD-BTV,IAD,BTV,441.0,500,2,85.92,1.17,24.0,1.6,2.6989700043360187,2,"Thin route - reliable, short delay tail",-1.719588960669143,-0.4048132682543523
DCA-JAN,DCA,JAN,860.0,302,2,64.13,24.17,105.5,8.609,2.4800069429571505,1,"Thin route - long delay tail, high average delay",5.1327817249077174,-2.5202681981461184
CAK-DCA,CAK,DCA,274.0,324,1,53.49,40.22,125.0,6.79,2.510545010206612,1,"Thin route - long delay tail, high average delay",7.095588236423538,-3.4855892149661045
AVL-DFW,AVL,DFW,848.0,721,3,71.31,22.01,72.8,2.358,2.857935264719429,1,"Thin route - long delay tail, high average delay",2.4203290541802263,-0.6785710980692087
GPT-DFW,GPT,DFW,500.0,1074,2,84.06,3.5,31.0,3.259,3.0310042813635367,2,"Thin route - reliable, short delay tail",-0.7287834272749228,0.08956428539598246
CLT-OMA,CLT,OMA,913.0,1003,2,78.86,6.3,55.0,1.595,3.0013009330204183,2,"Thin route - reliable, short delay tail",0.033748211317705175,-0.26569436763068727
DFW-SGF,DFW,SGF,364.0,3091,3,81.49,4.49,38.0,2.2,3.4900990050633047,0,"Trunk route - multi-carrier, unreliable",-0.17695385405887126,1.4367584675920522
DCA-CID,DCA,CID,801.0,362,4,76.27,6.84,45.0,1.934,2.558708570533166,2,"Thin route - reliable, short delay tail",0.21315158080769087,-0.20783023400512451
FWA-DFW,FWA,DFW,859.0,1031,3,79.25,10.21,52.8,3.104,3.0132586652835167,0,"Trunk route - multi-carrier, unreliable",0.7142492231250486,0.13575547783969097
TUL-CLT,TUL,CLT,842.0,689,2,85.4,5.33,39.0,1.306,2.8382192219076257,2,"Thin route - reliable, short delay tail",-1.0791862895243693,-0.338445586074819
CLT-PIT,CLT,PIT,366.0,1957,2,76.85,7.93,52.0,1.686,3.2915908256580013,0,"Trunk route - multi-carrier, unreliable",0.44280647839600573,0.31950300062019366
PIT-CLT,PIT,CLT,366.0,1958,2,83.75,3.62,36.1,1.788,3.291812687467119,2,"Thin route - reliable, short delay tail",-0.7772468644205089,0.6373830967155951
BDL-CLT,BDL,CLT,644.0,1677,2,82.42,3.73,38.3,2.147,3.2245330626060857,2,"Thin route - reliable, short delay tail",-0.5969824745909345,0.42509568339863746
PHX-CVG,PHX,CVG,1569.0,608,3,78.28,4.37,38.0,0.822,2.783903579272735,3,"Thin route - long-haul, rarely cancels",-0.7264179848349253,-0.11751076111760572
IND-LAX,IND,LAX,1814.0,862,5,83.76,3.48,29.5,0.696,2.9355072658247128,3,"Thin route - long-haul, rarely cancels",-1.1564077107512478,1.3078695219695204
SJU-PHL,SJU,PHL,1576.0,1934,4,70.98,14.93,58.0,3.413,3.286456469746983,0,"Trunk route - multi-carrier, unreliable",2.017327311123703,0.8239136251307267
CVG-TPA,CVG,TPA,773.0,729,2,82.27,3.75,40.7,0.686,2.8627275283179747,2,"Thin route - reliable, short delay tail",-1.0217122370157425,-0.2993233722426967
RSW-CVG,RSW,CVG,879.0,672,2,80.79,8.31,47.0,1.339,2.8273692730538253,2,"Thin route - reliable, short delay tail",-0.31326653948989974,-0.5632407718402261
TPA-DFW,TPA,DFW,929.0,2907,4,75.36,13.49,62.1,3.268,3.4634450317704277,0,"Trunk route - multi-carrier, unreliable",1.829462230483464,1.3237578449094287
PHL-CLT,PHL,CLT,449.0,3521,4,80.33,3.64,50.0,2.641,3.5466660250701842,0,"Trunk route - multi-carrier, unreliable",0.42557138191409455,1.925536100737839
BWI-DFW,BWI,DFW,1217.0,1338,4,73.16,15.32,63.8,2.915,3.1264561134318045,0,"Trunk route - multi-carrier, unreliable",1.9071807267885486,0.5332773360028106
MCO-DFW,MCO,DFW,985.0,4903,4,73.66,13.07,67.6,2.713,3.6904618932461783,0,"Trunk route - multi-carrier, unreliable",2.0303525809710905,1.7418447428271933
RSW-PHL,RSW,PHL,993.0,1330,2,72.85,23.81,74.0,3.083,3.123851640967086,1,"Thin route - long delay tail, high average delay",2.5612162785446846,-0.6636023967064857
MIA-DFW,MIA,DFW,1121.0,4818,3,73.71,12.82,62.0,2.574,3.6828667956623247,0,"Trunk route - multi-carrier, unreliable",1.6621470524512953,1.2855258998478092
DFW-ONT,DFW,ONT,1188.0,2296,2,70.51,13.4,61.0,2.57,3.3609718837259357,1,"Thin route - long delay tail, high average delay",1.6402311468943682,0.08041869616781006
CLE-DFW,CLE,DFW,1021.0,1621,4,75.86,12.17,58.5,2.468,3.209783014848515,0,"Trunk route - multi-carrier, unreliable",1.306968584702123,0.8826372563399651
LAS-PAE,LAS,PAE,894.0,450,2,87.73,-6.84,18.0,1.333,2.6532125137753435,2,"Thin route - reliable, short delay tail",-2.7104965793895275,-0.28890666982164165
PHL-DFW,PHL,DFW,1303.0,3473,2,77.82,7.84,50.0,3.369,3.5407047833107623,0,"Trunk route - multi-carrier, unreliable",0.6470841765122227,0.7348003486337427
CVG-FLL,CVG,FLL,932.0,988,3,76.23,10.19,49.0,0.911,2.9947569445876283,0,"Trunk route - multi-carrier, unreliable",0.32060984169515266,0.1315582641027178
DFW-IND,DFW,IND,761.0,2047,5,68.83,16.66,68.0,2.687,3.311117842662506,0,"Trunk route - multi-carrier, unreliable",2.678889217416197,1.2983300084189655
DFW-SJU,DFW,SJU,2165.0,984,3,68.97,16.91,68.0,2.947,2.9929950984313414,1,"Thin route - long delay tail, high average delay",2.109883897048319,-0.4314837636864419
MIA-LAS,MIA,LAS,2174.0,1419,4,72.66,8.4,57.0,0.846,3.151982395457474,3,"Thin route - long-haul, rarely cancels",0.67915512229941,0.7520067863831321
LAS-MIA,LAS,MIA,2174.0,1413,4,82.36,3.36,38.0,0.778,3.1501421618485588,3,"Thin route - long-haul, rarely cancels",-0.9283654280898521,1.1576155513988653
BDL-MIA,BDL,MIA,1194.0,429,2,90.31,-1.63,12.8,1.399,2.6324572921847245,2,"Thin route - reliable, short delay tail",-2.735913824033443,-0.3824020323519645
CHS-DFW,CHS,DFW,987.0,1227,4,80.57,7.96,46.2,2.282,3.088844562727004,0,"Trunk route - multi-carrier, unreliable",0.24882319857589374,0.8982571718962085
DCA-SEA,DCA,SEA,2329.0,1092,2,74.42,7.63,47.0,1.465,3.0382226383687185,3,"Thin route - long-haul, rarely cancels",0.014677352294679275,-0.353332860977195
SAN-DCA,SAN,DCA,2276.0,364,1,69.75,5.36,62.4,1.099,2.561101383649056,3,"Thin route - long-haul, rarely cancels",0.22079658686658335,-1.9338232886595896
JNU-KTN,JNU,KTN,234.0,361,1,84.81,-1.25,35.4,1.662,2.5575072019056577,2,"Thin route - reliable, short delay tail",-1.6480273902063995,-1.2048731731208882
CDV-ANC,CDV,ANC,160.0,362,1,84.38,-1.18,31.8,2.762,2.558708570533166,2,"Thin route - reliable, short delay tail",-1.43887539151175,-1.2157854558570553
JNU-YAK,JNU,YAK,199.0,361,1,84.88,-2.93,27.1,1.108,2.5575072019056577,2,"Thin route - reliable, short delay tail",-2.1082910918460773,-1.0932434962024928
YAK-CDV,YAK,CDV,213.0,362,1,88.3,-6.55,18.9,4.144,2.558708570533166,2,"Thin route - reliable, short delay tail",-2.134124526449755,-0.9950308945126819
SIT-KTN,SIT,KTN,183.0,364,1,85.8,-1.97,25.9,1.374,2.561101383649056,2,"Thin route - reliable, short delay tail",-2.080816379594033,-1.0878031626781866
JNU-SIT,JNU,SIT,95.0,725,1,84.42,-4.07,32.0,2.069,2.8603380065709936,2,"Thin route - reliable, short delay tail",-1.6621595961460074,-0.5131607533924979
PSG-JNU,PSG,JNU,123.0,362,1,86.59,-3.22,25.8,4.696,2.558708570533166,2,"Thin route - reliable, short delay tail",-1.4532810414226163,-1.1507748854394433
ANC-CDV,ANC,CDV,160.0,361,1,84.03,0.76,31.4,0.0,2.5575072019056577,2,"Thin route - reliable, short delay tail",-1.9295785813508348,-1.1756135783311685
SIT-JNU,SIT,JNU,95.0,725,1,84.91,-1.96,28.0,3.724,2.8603380065709936,2,"Thin route - reliable, short delay tail",-1.2809776338677599,-0.5721710705196126
HNL-ANC,HNL,ANC,2777.0,440,1,72.37,6.73,55.0,0.455,2.6434526764861874,3,"Thin route - long-haul, rarely cancels",-0.28020071047006834,-1.7160334200551184
ANC-HNL,ANC,HNL,2777.0,440,1,80.18,0.95,37.2,0.227,2.6434526764861874,3,"Thin route - long-haul, rarely cancels",-1.7962422550689334,-1.3288850806217465
ANC-OTZ,ANC,OTZ,549.0,361,1,86.09,-1.32,22.6,3.878,2.5575072019056577,2,"Thin route - reliable, short delay tail",-1.6279342586816252,-1.1882981172994567
ANC-PDX,ANC,PDX,1542.0,1209,1,90.49,-4.18,14.0,0.0,3.0824263008607717,3,"Thin route - long-haul, rarely cancels",-3.233603415026909,0.12362448060441254
SEA-CLE,SEA,CLE,2021.0,455,1,77.43,2.56,31.9,0.659,2.6580113966571126,3,"Thin route - long-haul, rarely cancels",-1.3891932237758569,-1.2993587268098228
CLE-SEA,CLE,SEA,2021.0,456,1,62.95,14.85,57.0,1.754,2.658964842664435,1,"Thin route - long delay tail, high average delay",1.4749113165184313,-2.015224243918275
HNL-ONT,HNL,ONT,2603.0,423,2,76.54,8.18,44.0,0.236,2.6263403673750423,3,"Thin route - long-haul, rarely cancels",-0.6814505251995333,-1.1323648712973124
MCO-PDX,MCO,PDX,2535.0,390,1,72.09,6.44,49.8,0.513,2.591064607026499,3,"Thin route - long-haul, rarely cancels",-0.3842343911443816,-1.7698313488916142
DFW-PDX,DFW,PDX,1616.0,2380,2,65.79,17.58,66.0,2.395,3.376576957056512,1,"Thin route - long delay tail, high average delay",2.3167341630115112,-0.12143326793702176
OMA-SEA,OMA,SEA,1368.0,510,1,86.81,-1.36,19.3,0.196,2.7075701760979363,2,"Thin route - reliable, short delay tail",-2.6944111711570504,-0.7958934186206672
SEA-MKE,SEA,MKE,1694.0,509,1,85.57,-5.43,20.0,0.196,2.7067177823367587,3,"Thin route - long-haul, rarely cancels",-2.907201620556685,-0.7674868302053741
SEA-PHL,SEA,PHL,2379.0,1388,3,82.27,0.15,29.2,1.513,3.142389466118836,3,"Thin route - long-haul, rarely cancels",-1.3793458866418136,0.7478990397837011
OKC-SEA,OKC,SEA,1519.0,425,1,87.0,-2.25,18.0,0.471,2.6283889300503116,3,"Thin route - long-haul, rarely cancels",-2.7953613092076917,-0.9481176527195391
SEA-OKC,SEA,OKC,1519.0,425,1,87.03,-4.38,18.7,0.235,2.6283889300503116,3,"Thin route - long-haul, rarely cancels",-2.977529348276261,-0.9012649684295456
SEA-PIT,SEA,PIT,2125.0,470,1,77.9,1.8,38.0,0.638,2.6720978579357175,3,"Thin route - long-haul, rarely cancels",-1.331642722848264,-1.2951367574154409
PDX-MIA,PDX,MIA,2700.0,342,2,84.02,-1.21,24.3,0.877,2.534026106056135,3,"Thin route - long-haul, rarely cancels",-2.3172469080893685,-0.8881449660181651
CHS-SEA,CHS,SEA,2415.0,347,1,73.91,6.2,33.0,0.576,2.5403294747908736,3,"Thin route - long-haul, rarely cancels",-0.9708710452339037,-1.7149987326517673
PDX-AUS,PDX,AUS,1715.0,607,1,84.93,0.6,22.7,0.494,2.7831886910752575,3,"Thin route - long-haul, rarely cancels",-2.283582496473493,-0.7753768866787988
SAN-GEG,SAN,GEG,1027.0,419,2,82.93,-3.0,28.0,0.716,2.622214022966295,2,"Thin route - reliable, short delay tail",-1.9923625889725967,-0.5768920657044928
SNA-PDX,SNA,PDX,859.0,1550,1,93.21,-8.11,8.0,1.161,3.1903316981702914,2,"Thin route - reliable, short delay tail",-3.4480299175424256,0.533178452302935
SEA-SAN,SEA,SAN,1050.0,4595,4,76.21,4.81,37.0,1.001,3.66228551572213,0,"Trunk route - multi-carrier, unreliable",0.05118235067720413,2.153887683505464
DFW-OGG,DFW,OGG,3710.0,500,1,67.01,39.7,128.0,1.2,2.6989700043360187,1,"Thin route - long delay tail, high average delay",4.332504521901279,-2.964710827266155
DFW-CMH,DFW,CMH,926.0,1728,4,70.64,14.25,60.0,2.199,3.2375437381428744,0,"Trunk route - multi-carrier, unreliable",1.85422621222363,0.8079358847332873
MIA-STX,MIA,STX,1139.0,681,1,77.4,3.2,45.4,0.441,2.833147111912785,2,"Thin route - reliable, short delay tail",-0.8280495034265353,-0.9681889624276274
ORD-EGE,ORD,EGE,1007.0,413,2,57.36,32.23,110.7,3.632,2.615950051656401,1,"Thin route - long delay tail, high average delay",5.2185282931582275,-2.4218808320116176
MIA-PHX,MIA,PHX,1972.0,1834,1,78.32,4.52,42.8,0.818,3.263399331334002,3,"Thin route - long-haul, rarely cancels",-0.7538493837624823,-0.15900333913235404
DFW-BUF,DFW,BUF,1212.0,578,2,59.71,26.73,91.0,2.941,2.761927838420529,1,"Thin route - long delay tail, high average delay",4.011245048667984,-1.83004978672863
LIH-PHX,LIH,PHX,2979.0,384,1,92.67,-0.5,8.0,0.26,2.584331224367531,3,"Thin route - long-haul, rarely cancels",-3.6775440014060816,-1.0140959435918018
DFW-BDL,DFW,BDL,1471.0,681,1,65.49,18.35,70.8,3.377,2.833147111912785,1,"Thin route - long delay tail, high average delay",2.4104504509786326,-1.7839169953672012
PHL-LAX,PHL,LAX,2402.0,2406,3,78.31,5.37,38.6,1.372,3.381295623003826,3,"Thin route - long-haul, rarely cancels",-0.4145432329502788,0.9971635776846347
CLT-PBI,CLT,PBI,590.0,1829,1,77.81,6.1,47.0,1.476,3.262213705476417,2,"Thin route - reliable, short delay tail",-0.1255644839190176,-0.14134131233803723
PHX-CLT,PHX,CLT,1773.0,2881,1,87.95,-2.59,19.0,1.076,3.459543258280413,3,"Thin route - long-haul, rarely cancels",-2.4371655690055705,0.730952211555161
JAC-DFW,JAC,DFW,1047.0,749,1,69.49,45.25,110.0,2.403,2.8744818176994666,1,"Thin route - long delay tail, high average delay",4.811551841699876,-2.3777466749513807
PBI-CLT,PBI,CLT,590.0,1830,1,83.9,5.36,36.0,1.475,3.2624510897304293,2,"Thin route - reliable, short delay tail",-0.9364193650407824,0.058915246555562434
DFW-ORF,DFW,ORF,1212.0,979,3,63.61,18.71,75.0,2.758,2.9907826918031377,1,"Thin route - long delay tail, high average delay",2.9373371797845405,-0.535220595780339
RIC-DFW,RIC,DFW,1158.0,1078,2,71.72,18.61,63.8,2.412,3.03261876085072,1,"Thin route - long delay tail, high average delay",1.8108624899329684,-0.6878378338378224
PHL-PHX,PHL,PHX,2076.0,2320,1,80.17,3.89,39.0,1.638,3.3654879848909,3,"Thin route - long-haul, rarely cancels",-0.8264146864704949,0.08809737569534182
LAS-CLT,LAS,CLT,1916.0,2088,3,88.39,-3.23,20.2,0.958,3.3197304943302246,3,"Thin route - long-haul, rarely cancels",-2.3021761531819585,1.4060421318364533
CLT-SAN,CLT,SAN,2077.0,1396,1,77.98,1.48,40.0,0.931,3.144885418287142,3,"Thin route - long-haul, rarely cancels",-1.0442850607624081,-0.33843583786453507
LAX-CLT,LAX,CLT,2125.0,2272,1,83.2,2.95,29.0,1.056,3.3564083270389813,3,"Thin route - long-haul, rarely cancels",-1.5336422512757573,0.22530189959822075
DFW-PIT,DFW,PIT,1067.0,1509,2,72.32,12.92,58.6,1.59,3.17868923977559,1,"Thin route - long delay tail, high average delay",1.12551699291463,-0.19352004358079372
RSW-CLT,RSW,CLT,600.0,1776,1,84.42,3.75,34.0,1.52,3.249442961442582,2,"Thin route - reliable, short delay tail",-1.1344429810487608,0.0859994009758025
DFW-SMF,DFW,SMF,1431.0,1631,1,67.07,18.91,76.0,2.452,3.212453961040276,1,"Thin route - long delay tail, high average delay",2.4063428279381296,-0.9935374923091562
GRR-CLT,GRR,CLT,583.0,1023,2,80.5,9.61,49.0,1.173,3.00987563371216,2,"Thin route - reliable, short delay tail",-0.06930865666256188,-0.20632121602634734
CLT-IND,CLT,IND,427.0,1958,3,76.55,9.28,56.0,1.583,3.291812687467119,0,"Trunk route - multi-carrier, unreliable",0.7722389642245185,0.7362026496186552
IND-CLT,IND,CLT,427.0,1958,3,82.7,10.58,37.6,1.583,3.291812687467119,0,"Trunk route - multi-carrier, unreliable",-0.10066563844707387,0.9450119612670831
CLT-JAX,CLT,JAX,328.0,1939,2,76.92,8.84,47.0,1.135,3.2875778090787056,2,"Thin route - reliable, short delay tail",0.24412284713088964,0.34776326865660684
MIA-SAT,MIA,SAT,1143.0,483,2,69.39,13.08,58.4,0.828,2.683947130751512,1,"Thin route - long delay tail, high average delay",0.9735814381931382,-1.2433352905917532
DFW-MYR,DFW,MYR,1048.0,507,3,67.41,21.25,88.5,1.775,2.705007959333336,1,"Thin route - long delay tail, high average delay",2.85769743825382,-1.1501927535355831
BOI-DFW,BOI,DFW,1272.0,802,1,81.1,11.56,41.4,3.117,2.9041743682841634,2,"Thin route - reliable, short delay tail",-0.030087931844127735,-0.9941691426130183
DFW-PBI,DFW,PBI,1102.0,1145,1,65.86,17.53,69.1,2.795,3.0588054866759067,1,"Thin route - long delay tail, high average delay",2.295250124144712,-1.2395576971736795
MSN-PHX,MSN,PHX,1396.0,592,2,80.03,13.58,45.5,1.014,2.77232170672292,3,"Thin route - long-haul, rarely cancels",-0.11735205911044191,-0.818830270380846
SNA-JFK,SNA,JFK,2454.0,462,2,75.63,15.83,75.2,2.814,2.6646419755561257,1,"Thin route - long delay tail, high average delay",1.3630022683277012,-1.5057211354650193
MIA-SAV,MIA,SAV,440.0,789,3,80.8,3.52,42.5,1.521,2.89707700320942,2,"Thin route - reliable, short delay tail",-0.4738997261354826,0.21544565556157289
CLT-SEA,CLT,SEA,2279.0,1296,1,69.6,11.25,60.8,1.003,3.1126050015345745,3,"Thin route - long-haul, rarely cancels",0.7834752533587562,-0.9152605771026024
DFW-BFL,DFW,BFL,1271.0,311,1,53.38,59.03,144.5,3.859,2.4927603890268375,1,"Thin route - long delay tail, high average delay",8.046574411687068,-4.029211446146878
DFW-MDT,DFW,MDT,1231.0,365,1,56.5,40.58,116.0,3.014,2.5622928644564746,1,"Thin route - long delay tail, high average delay",5.646228933458469,-3.2307404949985687
GSO-DFW,GSO,DFW,999.0,926,2,77.98,9.75,51.2,2.916,2.966610986681934,1,"Thin route - long delay tail, high average delay",0.5119967036007863,-0.4458416689524958
DFW-SNA,DFW,SNA,1205.0,2936,2,77.96,4.97,42.0,2.793,3.467756051244033,0,"Trunk route - multi-carrier, unreliable",0.0850519312156801,0.7265287483903416
DFW-ANC,DFW,ANC,3043.0,394,1,62.76,29.83,81.0,0.254,2.595496221825574,1,"Thin route - long delay tail, high average delay",2.6005581016397197,-2.652135592449
CLT-SYR,CLT,SYR,603.0,1094,2,74.42,12.01,51.2,1.188,3.039017321997412,1,"Thin route - long delay tail, high average delay",0.6322850438810358,-0.3231223440469798
ILM-DFW,ILM,DFW,1106.0,708,2,79.97,4.19,55.2,3.249,2.850033257689769,2,"Thin route - reliable, short delay tail",0.10212649413158378,-0.5801374198651494
BZN-DFW,BZN,DFW,1163.0,713,1,74.39,21.43,62.0,2.104,2.8530895298518657,1,"Thin route - long delay tail, high average delay",1.4616769546953539,-1.521188857566349
STT-MIA,STT,MIA,1107.0,941,1,81.88,6.96,39.0,1.063,2.973589623427257,2,"Thin route - reliable, short delay tail",-0.8848402232930558,-0.6503234720939225
SAT-DCA,SAT,DCA,1380.0,351,1,89.77,4.63,14.9,2.279,2.545307116465824,2,"Thin route - reliable, short delay tail",-2.219862064431104,-1.2332451175465944
SYR-DFW,SYR,DFW,1336.0,327,1,80.51,13.17,29.8,3.364,2.514547752660286,2,"Thin route - reliable, short delay tail",-0.28927616863330485,-1.7699031677193107
SMF-CLT,SMF,CLT,2244.0,429,1,88.12,-1.73,21.0,1.865,2.6324572921847245,3,"Thin route - long-haul, rarely cancels",-2.5594660483803815,-1.0517195476918175
HNL-PDX,HNL,PDX,2603.0,911,2,76.89,11.84,38.0,1.207,2.9595183769729982,3,"Thin route - long-haul, rarely cancels",-0.2636667871967245,-0.5091546372654934
JFK-HNL,JFK,HNL,4983.0,666,3,68.99,13.57,50.6,2.703,2.823474229170301,3,"Thin route - long-haul, rarely cancels",0.8517688190805593,-0.8101542704847022
KOA-LIH,KOA,LIH,263.0,365,2,93.37,0.37,8.0,0.548,2.5622928644564746,2,"Thin route - reliable, short delay tail",-3.0400312015974027,-0.3781715646951658
SLC-BOS,SLC,BOS,2105.0,1256,2,82.1,1.24,34.2,1.99,3.0989896394011773,3,"Thin route - long-haul, rarely cancels",-1.1670051784990554,0.12910392622985667
ORF-FLL,ORF,FLL,781.0,419,3,69.85,11.88,69.3,5.012,2.622214022966295,1,"Thin route - long delay tail, high average delay",2.2868280596539936,-1.0335329422030985
FLL-ORF,FLL,ORF,781.0,419,3,71.75,10.32,56.0,4.535,2.622214022966295,1,"Thin route - long delay tail, high average delay",1.5735529782161006,-0.8626950428943266
ATW-ATL,ATW,ATL,765.0,366,1,82.63,8.22,38.0,2.186,2.5634810853944106,2,"Thin route - reliable, short delay tail",-0.732650264930095,-1.5026394575813444
MSP-MSY,MSP,MSY,1040.0,440,1,86.74,-2.34,24.0,2.273,2.6434526764861874,2,"Thin route - reliable, short delay tail",-2.124762090530759,-0.9783953309957646
MCI-SLC,MCI,SLC,920.0,1009,1,87.15,-2.87,22.0,0.991,3.0038911662369103,2,"Thin route - reliable, short delay tail",-2.3792964537177297,-0.15954115762331625
GEG-MSP,GEG,MSP,1175.0,782,1,91.23,-2.77,10.6,0.767,2.893206753059848,2,"Thin route - reliable, short delay tail",-3.124672848571054,-0.25071129964540756
GRB-ATL,GRB,ATL,774.0,366,1,88.24,-0.0,19.2,1.913,2.5634810853944106,2,"Thin route - reliable, short delay tail",-2.281739533307924,-1.0979908106411111
SAT-MSP,SAT,MSP,1097.0,893,1,85.45,-0.68,22.0,1.232,2.9508514588885464,2,"Thin route - reliable, short delay tail",-2.093597297827814,-0.3654882231209516
MSO-MSP,MSO,MSP,1013.0,489,1,90.97,-2.94,13.0,0.409,2.6893088591236203,2,"Thin route - reliable, short delay tail",-3.1902856621036575,-0.6612143138020419
ONT-ATL,ONT,ATL,1900.0,937,1,89.34,-0.8,16.0,1.814,2.971739590887778,3,"Thin route - long-haul, rarely cancels",-2.5456644272254323,-0.2916404421801388
MSP-PSP,MSP,PSP,1454.0,314,1,82.74,-2.46,25.4,1.592,2.496929648073215,3,"Thin route - long-haul, rarely cancels",-2.0680180459599,-1.3696680354802524
DCA-SLC,DCA,SLC,1851.0,364,1,74.72,10.27,37.3,1.099,2.561101383649056,3,"Thin route - long-haul, rarely cancels",-0.4263947889490939,-1.7413653829824673
PBI-DTW,PBI,DTW,1086.0,475,1,76.28,11.55,45.0,1.263,2.6766936096248664,2,"Thin route - reliable, short delay tail",-0.05190964755113503,-1.4985207990359946
MSP-GEG,MSP,GEG,1175.0,782,1,82.32,1.48,31.0,0.767,2.893206753059848,2,"Thin route - reliable, short delay tail",-1.6110011313693697,-0.6368539956621392
SLC-MEM,SLC,MEM,1262.0,365,1,84.21,1.78,28.0,0.822,2.5622928644564746,2,"Thin route - reliable, short delay tail",-1.947994285367504,-1.274310392317214
CID-ATL,CID,ATL,694.0,367,1,87.15,-0.07,23.0,2.18,2.5646660642520893,2,"Thin route - reliable, short delay tail",-2.027130598799808,-1.1414121229186365
MSP-SAV,MSP,SAV,1092.0,329,1,82.77,0.53,24.6,0.912,2.5171958979499744,2,"Thin route - reliable, short delay tail",-1.9809263545287654,-1.3334320414432932
MSP-MSO,MSP,MSO,1013.0,489,1,78.81,7.15,42.5,0.409,2.6893088591236203,2,"Thin route - reliable, short delay tail",-0.791020676882113,-1.2873116556110422
ATL-FSD,ATL,FSD,954.0,365,1,77.84,7.44,39.0,0.822,2.5622928644564746,2,"Thin route - reliable, short delay tail",-0.7344004629212332,-1.5553660599035182
SLC-MKE,SLC,MKE,1247.0,363,2,79.67,9.65,47.4,0.826,2.5599066250361124,3,"Thin route - long-haul, rarely cancels",-0.4085332855365662,-1.1744673886564536
ATL-CID,ATL,CID,694.0,367,1,75.63,13.11,45.4,1.635,2.5646660642520893,2,"Thin route - reliable, short delay tail",0.2181353414633087,-1.7544745683319658
BHM-DTW,BHM,DTW,625.0,312,3,78.18,19.62,72.8,1.603,2.494154594018443,1,"Thin route - long delay tail, high average delay",1.4454849599203332,-1.2079056956838354
TYS-PIE,TYS,PIE,550.0,522,1,73.93,17.12,57.0,0.575,2.717670503002262,1,"Thin route - long delay tail, high average delay",0.7651162953208431,-1.5879763808101046
SFB-ABE,SFB,ABE,882.0,642,1,75.9,17.66,50.4,0.312,2.807535028068853,1,"Thin route - long delay tail, high average delay",0.3972240365584152,-1.3533380895909333
GRR-PGD,GRR,PGD,1118.0,349,1,82.47,1.06,33.3,0.0,2.5428254269591797,2,"Thin route - reliable, short delay tail",-1.8969057526866895,-1.3295098697782937
FAR-AZA,FAR,AZA,1220.0,372,1,79.84,3.33,32.8,0.0,2.5705429398818973,2,"Thin route - reliable, short delay tail",-1.5589203869672228,-1.3718571241743434
CVG-VPS,CVG,VPS,600.0,416,1,77.24,9.62,55.0,0.481,2.6190933306267428,2,"Thin route - reliable, short delay tail",-0.11848051047268507,-1.5634666141154014
CVG-SFB,CVG,SFB,735.0,351,1,69.34,19.12,71.2,0.285,2.545307116465824,1,"Thin route - long delay tail, high average delay",1.464919406699368,-2.166309471252744
ABE-SFB,ABE,SFB,882.0,643,1,78.37,18.38,46.9,0.467,2.808210972924222,2,"Thin route - reliable, short delay tail",0.198729007920868,-1.3031567302891043
PIE-TYS,PIE,TYS,550.0,522,1,75.0,15.11,54.0,0.575,2.717670503002262,1,"Thin route - long delay tail, high average delay",0.46755141624295427,-1.5071594960119257
GRR-PIE,GRR,PIE,1044.0,381,1,76.66,4.01,35.0,0.262,2.5809249756756194,2,"Thin route - reliable, short delay tail",-1.1166939947033117,-1.431170504299645
CVG-PIE,CVG,PIE,776.0,351,1,75.51,16.92,52.8,0.57,2.545307116465824,1,"Thin route - long delay tail, high average delay",0.4133983903277427,-1.8975450114094585
AVL-PIE,AVL,PIE,519.0,508,1,73.6,14.81,54.0,0.787,2.7058637122839193,1,"Thin route - long delay tail, high average delay",0.6046440123643497,-1.5547077329230665
SFB-TYS,SFB,TYS,511.0,639,1,64.4,21.32,80.8,0.626,2.8055008581584002,1,"Thin route - long delay tail, high average delay",2.4657738416924424,-1.8259774962740083
FNT-SFB,FNT,SFB,988.0,322,1,77.57,12.74,54.0,0.311,2.507855871695831,2,"Thin route - reliable, short delay tail",-0.10467369673821204,-1.868054037694316
MFE-LAS,MFE,LAS,1210.0,426,1,83.02,7.27,39.1,0.469,2.629409599102719,2,"Thin route - reliable, short delay tail",-1.2390462653164696,-1.3306637295167125
FLL-AVL,FLL,AVL,661.0,659,1,59.1,30.08,88.0,1.062,2.8188854145940097,1,"Thin route - long delay tail, high average delay",3.738852322427801,-2.1484072329893973
SFB-FNT,SFB,FNT,988.0,322,1,74.14,15.56,63.0,0.311,2.507855871695831,1,"Thin route - long delay tail, high average delay",0.5882470066371519,-2.048692208939023
FLL-ACY,FLL,ACY,977.0,546,2,70.49,11.74,68.0,5.311,2.7371926427047373,1,"Thin route - long delay tail, high average delay",2.1340502093338953,-1.2779652343662584
DFW-MLU,DFW,MLU,293.0,1135,2,84.23,1.65,29.4,2.907,3.0549958615291417,2,"Thin route - reliable, short delay tail",-0.9479170124364195,0.21795552265128657
GNV-MIA,GNV,MIA,294.0,384,1,90.36,1.14,10.4,0.0,2.584331224367531,2,"Thin route - reliable, short delay tail",-2.9578433089451455,-0.8830051404975193
BMI-DFW,BMI,DFW,690.0,727,1,89.17,-8.28,18.0,1.513,2.8615344108590377,2,"Thin route - reliable, short delay tail",-2.9054446647411125,-0.27422146139773035
ORD-XNA,ORD,XNA,522.0,1840,5,76.31,5.14,53.0,2.228,3.2648178230095364,0,"Trunk route - multi-carrier, unreliable",0.8409957474613228,1.7098829171765748
FAR-DFW,FAR,DFW,967.0,1086,1,85.17,-2.06,30.0,1.934,3.035829825252828,2,"Thin route - reliable, short delay tail",-1.7376202206380187,-0.23371152544236207
ORD-CWA,ORD,CWA,213.0,1004,2,75.91,7.49,49.0,4.084,3.0017337128090005,1,"Thin route - long delay tail, high average delay",0.8698454939351258,-0.323954524284939
LAN-ORD,LAN,ORD,179.0,748,1,81.68,6.29,47.5,2.941,2.8739015978644615,2,"Thin route - reliable, short delay tail",-0.14847696691734022,-0.8857234412267689
CMI-ORD,CMI,ORD,135.0,1066,1,75.88,11.81,68.0,3.565,3.0277572046905536,1,"Thin route - long delay tail, high average delay",1.4253174312019292,-0.9432227023956278
MIA-TLH,MIA,TLH,402.0,1191,3,82.9,3.63,28.0,0.252,3.0759117614827773,2,"Thin route - reliable, short delay tail",-1.2275782857258197,0.7574108349570932
CLT-HHH,CLT,HHH,206.0,1164,1,85.53,1.52,23.0,1.46,3.06595298031387,2,"Thin route - reliable, short delay tail",-1.6848689194688924,-0.1162009084672718
FSM-DFW,FSM,DFW,227.0,1194,1,84.7,4.92,32.0,2.764,3.0770043267933502,2,"Thin route - reliable, short delay tail",-0.8515081246693901,-0.28123297494580274
ORD-HPN,ORD,HPN,738.0,1530,1,77.58,6.57,46.0,3.856,3.184691430817599,2,"Thin route - reliable, short delay tail",0.3928379904776338,-0.3930438247190232
DFW-LRD,DFW,LRD,396.0,1541,3,83.67,-0.64,28.0,3.245,3.1878026387184195,2,"Thin route - reliable, short delay tail",-0.8391301632452055,0.9951000133173151
LRD-DFW,LRD,DFW,396.0,1541,3,84.88,4.1,30.0,3.18,3.1878026387184195,2,"Thin route - reliable, short delay tail",-0.5747301213219934,0.9084574704755877
ORD-CMI,ORD,CMI,135.0,1066,1,72.61,9.37,63.0,3.659,3.0277572046905536,1,"Thin route - long delay tail, high average delay",1.4028732973239029,-0.921836186654692
GGG-DFW,GGG,DFW,140.0,718,1,84.48,2.95,29.0,2.925,2.8561244442423,2,"Thin route - reliable, short delay tail",-1.0831086841750908,-0.674686100205866
TRI-DFW,TRI,DFW,868.0,705,2,83.82,3.86,47.0,2.979,2.848189116991399,2,"Thin route - reliable, short delay tail",-0.4591769800645597,-0.42463549373711207
ORD-VPS,ORD,VPS,796.0,318,2,79.43,1.3,40.0,0.629,2.5024271199844326,2,"Thin route - reliable, short delay tail",-1.1456424165432433,-1.0332629144771228
STT-MCO,STT,MCO,1246.0,393,2,73.4,7.61,51.5,2.29,2.5943925503754266,1,"Thin route - long delay tail, high average delay",0.39806832553796623,-1.249017818679866
MCO-STT,MCO,STT,1246.0,392,2,76.68,9.2,38.5,1.276,2.593286067020457,3,"Thin route - long-haul, rarely cancels",-0.3255948188714065,-1.1052576148006046
TPA-ACY,TPA,ACY,914.0,305,1,71.23,19.86,67.9,3.607,2.484299839346786,1,"Thin route - long delay tail, high average delay",1.9961900468228448,-2.367624677152121
DEN-ROW,DEN,ROW,452.0,330,1,74.39,8.85,50.3,0.606,2.5185139398778875,2,"Thin route - reliable, short delay tail",-0.061767812915867186,-1.765653161884916
OAJ-ATL,OAJ,ATL,399.0,620,1,79.8,13.4,60.4,3.065,2.792391689498254,1,"Thin route - long delay tail, high average delay",0.7787222422665554,-1.3406639289861153
BTV-DTW,BTV,DTW,537.0,338,2,69.6,23.73,98.2,2.367,2.5289167002776547,1,"Thin route - long delay tail, high average delay",3.1174123546951216,-2.0424291136284167
MSP-JFK,MSP,JFK,1029.0,719,1,82.91,1.95,39.0,1.53,2.8567288903828825,2,"Thin route - reliable, short delay tail",-1.228726259247889,-0.7763619685436232
MHT-ORD,MHT,ORD,843.0,602,2,83.48,-2.43,29.4,2.159,2.7795964912578244,2,"Thin route - reliable, short delay tail",-1.5346848874104102,-0.29622261964390734
JFK-ACK,JFK,ACK,199.0,301,2,82.01,-3.05,41.0,6.977,2.4785664955938436,2,"Thin route - reliable, short delay tail",-0.06106856507665975,-1.1028740097806902
EWR-BTV,EWR,BTV,266.0,404,2,87.79,-2.17,20.0,2.228,2.606381365110605,2,"Thin route - reliable, short delay tail",-2.0589502841853475,-0.4705145175799692
SFO-ABQ,SFO,ABQ,896.0,714,2,82.68,2.31,35.1,0.42,2.8536982117761744,2,"Thin route - reliable, short delay tail",-1.382986156234891,-0.24469662078041057
SAV-ORD,SAV,ORD,773.0,1566,5,76.89,13.04,46.0,1.724,3.1947917577219247,0,"Trunk route - multi-carrier, unreliable",0.9609070737127012,1.457911694228868
LAX-SBA,LAX,SBA,89.0,687,1,88.18,1.98,21.2,1.019,2.8369567370595505,2,"Thin route - reliable, short delay tail",-2.079826859005694,-0.5109029573953684
SBP-LAX,SBP,LAX,155.0,634,1,88.13,0.73,17.9,0.315,2.802089257881733,2,"Thin route - reliable, short delay tail",-2.4343163696028562,-0.5186653820077468
DEN-EGE,DEN,EGE,120.0,1171,2,79.74,7.13,39.6,0.427,3.068556895072363,2,"Thin route - reliable, short delay tail",-0.5015284200477806,0.07432750409745738
ORD-LNK,ORD,LNK,466.0,1586,1,62.84,28.01,99.8,3.405,3.200303182981585,1,"Thin route - long delay tail, high average delay",4.344530042031294,-1.3944376434206862
MSO-DEN,MSO,DEN,679.0,1204,3,81.06,8.47,39.0,0.498,3.0806264869218056,2,"Thin route - reliable, short delay tail",-0.45369035919610673,0.530596475441109
IDA-DEN,IDA,DEN,458.0,1699,3,80.88,5.6,47.2,0.53,3.230193378869046,2,"Thin route - reliable, short delay tail",-0.3154367497347981,0.8537046744177785
SFO-SNA,SFO,SNA,372.0,4716,4,79.06,5.46,43.0,1.293,3.6735737964230517,0,"Trunk route - multi-carrier, unreliable",0.21305035011505274,2.220126802036114
ORD-RAP,ORD,RAP,780.0,692,3,78.52,3.53,36.0,2.168,2.840106094456758,2,"Thin route - reliable, short delay tail",-0.39591826536390884,0.05367737475797347
LAX-PHX,LAX,PHX,370.0,7629,7,80.59,6.22,39.8,0.734,3.882467614895371,0,"Trunk route - multi-carrier, unreliable",0.4443989099772901,4.132741676460526
SMF-SFO,SMF,SFO,86.0,1356,2,63.47,19.8,63.0,1.696,3.1322596895310446,1,"Thin route - long delay tail, high average delay",2.5520489505176718,-0.5446804013914347
LIT-IAH,LIT,IAH,374.0,653,2,71.89,13.58,63.0,0.306,2.814913181275074,1,"Thin route - long delay tail, high average delay",0.9892951974702322,-0.8934221167232793
SLC-SFO,SLC,SFO,599.0,3454,4,65.85,14.98,66.7,1.013,3.53832233323144,0,"Trunk route - multi-carrier, unreliable",2.3475667564960716,1.3395049968924224
DEN-BHM,DEN,BHM,1083.0,1218,3,73.7,7.69,50.0,0.411,3.0856472882968564,0,"Trunk route - multi-carrier, unreliable",0.2701039999604618,0.3196462171879188
LBB-DEN,LBB,DEN,456.0,985,2,76.42,15.21,64.8,1.421,2.9934362304976116,1,"Thin route - long delay tail, high average delay",1.1119884204715909,-0.5327231768773406
ORD-AVL,ORD,AVL,536.0,1476,4,74.77,8.09,51.0,2.371,3.1690863574870227,0,"Trunk route - multi-carrier, unreliable",0.9563654561020193,0.9554947428173084
TUL-IAH,TUL,IAH,429.0,1087,2,83.87,3.51,33.2,0.46,3.0362295440862948,2,"Thin route - reliable, short delay tail",-1.2882570356459815,0.17468861249840614
DFW-BPT,DFW,BPT,270.0,722,2,78.85,18.07,58.6,3.324,2.858537197569639,1,"Thin route - long delay tail, high average delay",1.369374629473171,-0.8259813638951735
ORD-FSD,ORD,FSD,462.0,1799,5,64.28,24.81,85.0,3.502,3.2550311633455515,1,"Thin route - long delay tail, high average delay",4.242954313324795,0.8180031795942795
DFW-SAF,DFW,SAF,551.0,1764,2,76.94,8.53,48.0,2.494,3.246498580795801,0,"Trunk route - multi-carrier, unreliable",0.5100785983023896,0.20351701869487362
FAT-PHX,FAT,PHX,493.0,1475,3,80.96,11.0,47.6,0.61,3.1687920203141817,0,"Trunk route - multi-carrier, unreliable",0.04220401987090945,0.6108299119719769
GRR-ORD,GRR,ORD,137.0,4032,6,68.93,21.72,75.0,2.951,3.6055205234374688,0,"Trunk route - multi-carrier, unreliable",3.6172623686785643,2.2713479732191715
COS-ORD,COS,ORD,911.0,1001,2,75.41,20.31,79.0,2.098,3.000434077479319,1,"Thin route - long delay tail, high average delay",1.9958744486690037,-0.7943282150268206
ICT-ORD,ICT,ORD,588.0,2192,5,73.95,14.32,64.7,3.558,3.3408405498123317,0,"Trunk route - multi-carrier, unreliable",2.27867090845849,1.5089566683934086
TUS-PHX,TUS,PHX,109.0,3465,4,83.46,5.23,38.0,0.519,3.5397032389478253,0,"Trunk route - multi-carrier, unreliable",-0.4641558868252595,2.109570830046362
DFW-PVU,DFW,PVU,958.0,727,2,75.35,9.35,59.0,1.926,2.8615344108590377,1,"Thin route - long delay tail, high average delay",0.6303745062429915,-0.7187589879665323
ORD-GRR,ORD,GRR,137.0,4029,6,70.34,17.34,70.7,3.078,3.6051972673883776,0,"Trunk route - multi-carrier, unreliable",3.128274326225312,2.4110519832766126
ORD-BNA,ORD,BNA,409.0,5026,9,70.02,18.04,79.0,2.547,3.701222484256557,0,"Trunk route - multi-carrier, unreliable",3.7202068289615076,3.960185249847605
DRO-PHX,DRO,PHX,352.0,992,1,77.59,7.72,41.0,0.403,2.9965116721541785,2,"Thin route - reliable, short delay tail",-0.47254189519431583,-0.6293935802448202
BPT-DFW,BPT,DFW,270.0,722,2,82.12,9.38,55.0,3.047,2.858537197569639,2,"Thin route - reliable, short delay tail",0.3709867465458323,-0.5556212440396177
ORD-OKC,ORD,OKC,693.0,2617,4,70.12,16.75,87.0,3.172,3.417803722639881,1,"Thin route - long delay tail, high average delay",3.1088878538586355,0.9227091874555151
MFR-PHX,MFR,PHX,855.0,753,2,85.43,3.52,25.0,0.664,2.8767949762007006,2,"Thin route - reliable, short delay tail",-1.7082728502699938,-0.10867717334109639
CMH-ORD,CMH,ORD,296.0,4930,6,76.09,13.29,55.9,2.738,3.69284691927723,0,"Trunk route - multi-carrier, unreliable",1.9508852712547429,2.8752829260141435
DSM-PHX,DSM,PHX,1149.0,1064,5,80.21,15.96,43.5,1.504,3.0269416279590295,0,"Trunk route - multi-carrier, unreliable",0.6586211974441055,1.10846521529094
PHX-TUS,PHX,TUS,109.0,3463,4,81.41,7.9,42.0,0.578,3.539452491549461,0,"Trunk route - multi-carrier, unreliable",-0.006405719946017839,1.9883542496727868
OKC-PHX,OKC,PHX,833.0,1837,3,80.56,7.4,40.0,1.034,3.2641091563058082,0,"Trunk route - multi-carrier, unreliable",-0.2890770267705923,0.88316204372846
LAX-SEA,LAX,SEA,954.0,7450,6,85.33,-2.78,25.0,0.886,3.8721562727482928,0,"Trunk route - multi-carrier, unreliable",-1.1249472957467006,3.9523966876881915
IAH-LAX,IAH,LAX,1379.0,5220,6,83.9,-0.63,29.0,0.498,3.717670503002262,0,"Trunk route - multi-carrier, unreliable",-0.9820592165709269,3.517436472910664
SGF-ORD,SGF,ORD,438.0,1469,2,71.83,15.39,71.0,3.199,3.1670217957902564,1,"Thin route - long delay tail, high average delay",2.1244018688246777,-0.36021528550427795
OKC-LAX,OKC,LAX,1187.0,930,2,86.82,-2.58,22.0,1.075,2.9684829485539352,2,"Thin route - reliable, short delay tail",-2.2283990713999002,0.21005737122379048
CHA-DFW,CHA,DFW,695.0,1608,4,77.32,11.41,67.6,3.358,3.2062860444124324,0,"Trunk route - multi-carrier, unreliable",1.6390249153191208,0.8546557777654578
ORD-DSM,ORD,DSM,299.0,3413,6,71.32,15.47,68.0,3.75,3.533136288278639,0,"Trunk route - multi-carrier, unreliable",2.9559015586878563,2.3039993419282014
DFW-SPS,DFW,SPS,113.0,729,2,84.64,3.81,34.6,3.292,2.8627275283179747,2,"Thin route - reliable, short delay tail",-0.6550247676813,-0.24491040540514233
RAP-ORD,RAP,ORD,780.0,692,3,72.89,17.14,59.2,1.734,2.840106094456758,1,"Thin route - long delay tail, high average delay",1.4701577945310556,-0.47013210481401135
LAX-PDX,LAX,PDX,833.0,4347,4,86.33,-2.52,26.0,0.667,3.638189640190837,0,"Trunk route - multi-carrier, unreliable",-1.5679709327902394,2.540325478093048
ORD-LIT,ORD,LIT,552.0,1459,4,75.37,8.38,57.0,2.742,3.1640552918934515,0,"Trunk route - multi-carrier, unreliable",1.169085273805981,0.8969269615540931
ORD-ASE,ORD,ASE,1013.0,1134,1,60.8,31.72,108.5,2.998,3.0546130545568877,1,"Thin route - long delay tail, high average delay",4.743613432440435,-1.895245825772096
PHX-SFO,PHX,SFO,651.0,4692,6,65.77,17.06,70.0,0.575,3.671358003443492,0,"Trunk route - multi-carrier, unreliable",2.8103833191661995,2.5108254120601115
GJT-PHX,GJT,PHX,438.0,983,2,82.99,7.38,37.0,0.509,2.9925535178321354,2,"Thin route - reliable, short delay tail",-0.8660503761460645,-0.037812241451882854
ACT-DFW,ACT,DFW,90.0,1073,2,83.82,4.74,35.0,4.101,3.030599721965951,2,"Thin route - reliable, short delay tail",-0.26145366392941466,0.038587695067886195
PHX-LBB,PHX,LBB,588.0,366,4,77.41,16.29,42.0,0.273,2.5634810853944106,2,"Thin route - reliable, short delay tail",0.33633441821668686,-0.28212299371013305
ASE-ORD,ASE,ORD,1013.0,1133,1,63.78,29.21,128.2,5.825,3.0542299098633974,1,"Thin route - long delay tail, high average delay",5.51644472799736,-2.0111490913030323
ELP-PHX,ELP,PHX,347.0,2506,4,81.28,5.73,36.0,0.758,3.398981066658131,0,"Trunk route - multi-carrier, unreliable",-0.3531514357064579,1.7587811515595668
DFW-IDA,DFW,IDA,1095.0,528,1,77.12,11.16,62.1,1.515,2.722633922533812,1,"Thin route - long delay tail, high average delay",0.3831246870257371,-1.50492604372622
AUS-LAX,AUS,LAX,1242.0,4091,6,82.34,1.92,34.0,0.709,3.6118294794983736,0,"Trunk route - multi-carrier, unreliable",-0.528756162579774,3.190998600741724
ICT-PHX,ICT,PHX,870.0,766,3,84.49,0.45,28.0,0.653,2.884228769632604,2,"Thin route - reliable, short delay tail",-1.6228606428734573,0.40931548516737304
LAX-OMA,LAX,OMA,1330.0,590,4,84.42,-2.55,31.7,0.678,2.7708520116421442,3,"Thin route - long-haul, rarely cancels",-1.6917422265907671,0.6530419218182956
OMA-LAX,OMA,LAX,1330.0,587,3,87.99,-0.59,17.0,0.511,2.7686381012476144,2,"Thin route - reliable, short delay tail",-2.405486424386933,0.2993098346894899
SEA-BOI,SEA,BOI,399.0,3881,2,85.81,-1.65,22.0,0.232,3.588943642740015,2,"Thin route - reliable, short delay tail",-1.9113378012477367,1.53155032804862
SNA-STS,SNA,STS,433.0,745,1,81.25,1.13,40.5,0.671,2.8721562727482928,2,"Thin route - reliable, short delay tail",-1.2136838364990883,-0.6937878847565779
SFO-GEG,SFO,GEG,733.0,890,2,75.65,9.11,52.0,0.562,2.949390006644913,2,"Thin route - reliable, short delay tail",0.1618716094366333,-0.42101827076722514
PDX-SEA,PDX,SEA,129.0,4942,3,85.37,-0.09,23.0,0.688,3.6939027410660605,2,"Thin route - reliable, short delay tail",-1.4129166800533324,2.1849601911061085
SAN-AUS,SAN,AUS,1164.0,2577,3,71.89,9.95,49.4,0.97,3.4111144185509046,0,"Trunk route - multi-carrier, unreliable",0.7916552080623871,0.8865913525639478
LAX-PSC,LAX,PSC,851.0,360,2,86.03,-3.34,35.5,0.556,2.5563025007672873,2,"Thin route - reliable, short delay tail",-2.091849196198813,-0.6799402231047246
SFO-SAN,SFO,SAN,447.0,6621,5,64.86,17.45,68.0,1.223,3.8209235878813175,0,"Trunk route - multi-carrier, unreliable",2.9525579325065543,2.3239871844032858
RNO-PDX,RNO,PDX,444.0,307,2,92.51,-4.81,5.4,0.0,2.4871383754771865,2,"Thin route - reliable, short delay tail",-3.577085464587827,-0.42127478459354967
FAT-SAN,FAT,SAN,314.0,1774,2,74.66,8.76,44.0,1.409,3.2489536154957075,0,"Trunk route - multi-carrier, unreliable",0.38432112823812586,0.242118354872561
EUG-LAX,EUG,LAX,748.0,401,3,87.72,1.6,20.2,0.499,2.603144372620182,2,"Thin route - reliable, short delay tail",-2.127935606944734,-0.06375288857230277
RDM-SFO,RDM,SFO,462.0,1304,2,64.9,19.95,79.0,0.92,3.1152775913959014,1,"Thin route - long delay tail, high average delay",2.628299441372897,-0.6701119422461416
PDX-PSP,PDX,PSP,873.0,738,2,83.82,2.1,24.0,1.22,2.8680563618230415,2,"Thin route - reliable, short delay tail",-1.5841414941910692,-0.13870554175041547
SLC-SEA,SLC,SEA,689.0,4125,4,80.14,2.69,32.0,0.897,3.6154239528859438,0,"Trunk route - multi-carrier, unreliable",-0.5126334302379447,2.2385473460443213
SAN-SJC,SAN,SJC,417.0,4958,4,76.45,4.63,41.0,0.847,3.6953065224318027,0,"Trunk route - multi-carrier, unreliable",0.20428634167809082,2.257996421355598
SEA-PSP,SEA,PSP,987.0,1653,3,83.28,0.23,26.0,0.968,3.2182728535714475,2,"Thin route - reliable, short delay tail",-1.410749338211601,1.0696886130152345
SLC-SAN,SLC,SAN,626.0,3008,5,82.37,2.31,29.8,0.831,3.4782778319196046,0,"Trunk route - multi-carrier, unreliable",-0.6851750701660324,2.506033435355608
SAN-FAT,SAN,FAT,314.0,1774,2,78.4,1.25,38.0,2.086,3.2489536154957075,2,"Thin route - reliable, short delay tail",-0.41376473180539286,0.4832451249034466
LAX-LAS,LAX,LAS,236.0,8239,8,76.61,8.18,47.0,0.753,3.9158745028576916,0,"Trunk route - multi-carrier, unreliable",1.2560678625676687,4.528299541099823
STS-SNA,STS,SNA,433.0,745,1,79.97,9.07,46.4,0.805,2.8721562727482928,2,"Thin route - reliable, short delay tail",-0.39197153026972203,-0.9236748685651097
BUR-STS,BUR,STS,387.0,671,2,84.28,-3.73,27.0,2.235,2.826722520168992,2,"Thin route - reliable, short delay tail",-1.6388646461266676,-0.10837480323937662
SJC-BOI,SJC,BOI,523.0,676,2,83.21,-0.63,32.8,0.296,2.829946695941636,2,"Thin route - reliable, short delay tail",-1.6618462555694309,-0.174239984208505
LAS-LAX,LAS,LAX,236.0,8249,8,78.75,5.39,38.0,0.715,3.916401303603876,0,"Trunk route - multi-carrier, unreliable",0.6562532353027998,4.6871696558851905
BOI-BUR,BOI,BUR,656.0,430,2,85.55,-1.7,24.4,0.233,2.6334684555795866,2,"Thin route - reliable, short delay tail",-2.2500085330033373,-0.46401451966313423
RNO-LAX,RNO,LAX,390.0,2478,3,87.51,-1.91,21.0,0.484,3.3941013020400446,2,"Thin route - reliable, short delay tail",-1.9611630346242337,1.646593271899325
LAX-RNO,LAX,RNO,390.0,2478,3,88.64,-3.77,18.0,0.444,3.3941013020400446,2,"Thin route - reliable, short delay tail",-2.262468766990289,1.7266705607492538
OAK-SEA,OAK,SEA,672.0,1879,3,77.63,5.11,38.0,0.798,3.2739267801005254,0,"Trunk route - multi-carrier, unreliable",-0.29516681937767075,0.9307005734336485
SAN-EUG,SAN,EUG,850.0,474,3,78.68,1.51,34.0,1.055,2.6757783416740852,2,"Thin route - reliable, short delay tail",-0.9306093435224233,-0.19572037551873134
BOI-SLC,BOI,SLC,290.0,1740,2,91.34,-4.59,12.0,0.977,3.2405492482826,2,"Thin route - reliable, short delay tail",-2.7494673271047474,1.0320969849517891
OMA-MSP,OMA,MSP,282.0,1456,1,81.14,8.21,50.0,0.893,3.1631613749770184,2,"Thin route - reliable, short delay tail",-0.28591815573652973,-0.3042351534745319
MFE-AUS,MFE,AUS,279.0,1032,1,86.56,1.07,28.0,0.484,3.0136796972911926,2,"Thin route - reliable, short delay tail",-1.9204968432441205,-0.20431915635459996
SLC-COS,SLC,COS,411.0,721,1,92.05,-5.23,11.0,0.139,2.857935264719429,2,"Thin route - reliable, short delay tail",-3.3809723380290944,-0.17960597552494073
ATW-MSP,ATW,MSP,236.0,919,1,73.89,19.98,86.2,1.85,2.9633155113861114,1,"Thin route - long delay tail, high average delay",2.1735637511743855,-1.3558157605294394
MSP-IAD,MSP,IAD,907.0,982,4,81.72,3.71,36.8,1.629,2.9921114877869495,2,"Thin route - reliable, short delay tail",-0.5514199431369333,0.8983217889510665
AUS-MSP,AUS,MSP,1042.0,1675,3,77.19,10.97,46.0,0.836,3.224014811372864,0,"Trunk route - multi-carrier, unreliable",0.275841674687806,0.6158424749252935
PVD-DTW,PVD,DTW,615.0,820,2,77.29,14.63,70.0,2.439,2.9138138523837167,1,"Thin route - long delay tail, high average delay",1.321105070728298,-0.7473974325764527
MOT-MSP,MOT,MSP,449.0,1316,1,81.66,8.28,44.4,1.976,3.1192558892779365,2,"Thin route - reliable, short delay tail",-0.2630532396020904,-0.3954842927318549
GTF-SLC,GTF,SLC,463.0,1071,1,92.47,-7.82,7.0,0.747,3.029789470831856,2,"Thin route - reliable, short delay tail",-3.4937829875180597,0.23658611311099206
TWF-SLC,TWF,SLC,175.0,831,1,95.41,-8.16,1.4,0.481,2.919601023784111,2,"Thin route - reliable, short delay tail",-3.9508371071663326,0.14045189768014132
GRB-MSP,GRB,MSP,252.0,867,2,82.22,4.46,51.2,1.384,2.9380190974762104,2,"Thin route - reliable, short delay tail",-0.4189277792469713,-0.21147491200147805
SLC-TUL,SLC,TUL,926.0,403,1,88.13,-2.02,19.5,0.744,2.6053050461411096,2,"Thin route - reliable, short delay tail",-2.67927636164009,-0.9507425431270655
BUR-SLC,BUR,SLC,574.0,1473,3,90.84,-4.89,12.0,0.475,3.168202746842631,2,"Thin route - reliable, short delay tail",-2.77790123397147,1.3520200565817984
SLC-MFR,SLC,MFR,575.0,729,1,90.98,-2.28,13.0,0.137,2.8627275283179747,2,"Thin route - reliable, short delay tail",-3.0709829649662916,-0.2762080635313457
GFK-MSP,GFK,MSP,284.0,1077,1,85.49,-1.88,27.0,1.486,3.0322157032979815,2,"Thin route - reliable, short delay tail",-1.825560380525759,-0.15022742058780536
LAS-SJC,LAS,SJC,386.0,3779,5,78.58,3.49,40.0,0.291,3.5773768919170146,0,"Trunk route - multi-carrier, unreliable",-0.09080366335154455,2.583202693371531
DTW-CLE,DTW,CLE,95.0,1066,3,74.03,15.71,70.6,0.469,3.0277572046905536,1,"Thin route - long delay tail, high average delay",1.477582743901524,-0.018675964789386563
CLE-DTW,CLE,DTW,95.0,1065,3,79.15,13.75,67.2,0.376,3.0273496077747564,0,"Trunk route - multi-carrier, unreliable",0.8383625876703112,0.1393840194838048
BZN-SEA,BZN,SEA,543.0,1573,3,84.49,0.35,29.0,0.572,3.196728722623287,2,"Thin route - reliable, short delay tail",-1.4462438728145506,1.0727582884841524
CHS-DTW,CHS,DTW,667.0,573,4,83.81,5.66,46.9,1.396,2.75815462196739,2,"Thin route - reliable, short delay tail",-0.4227896233346497,0.3760274552490759
DTW-ALB,DTW,ALB,489.0,1095,2,76.83,13.73,69.0,1.279,3.0394141191761372,1,"Thin route - long delay tail, high average delay",1.0713834240996185,-0.4273382474482521
SLC-TUS,SLC,TUS,600.0,1112,2,91.79,-5.24,11.0,0.18,3.0461047872460387,2,"Thin route - reliable, short delay tail",-3.164793329910868,0.6624851380185458
SLC-EUG,SLC,EUG,618.0,769,1,93.24,-3.85,10.0,0.0,2.885926339801431,2,"Thin route - reliable, short delay tail",-3.460050154469702,-0.13451029057474675
FWA-MSP,FWA,MSP,488.0,330,1,80.0,17.27,85.4,0.909,2.5185139398778875,1,"Thin route - long delay tail, high average delay",1.06412181919597,-2.0849751494903663
SLC-ABQ,SLC,ABQ,493.0,1154,1,91.84,-5.42,10.0,0.0,3.0622058088197126,2,"Thin route - reliable, short delay tail",-3.368289404721166,0.24296961437930073
MSP-FWA,MSP,FWA,488.0,330,1,78.15,16.55,59.0,0.909,2.5185139398778875,1,"Thin route - long delay tail, high average delay",0.46161849017439177,-1.926126066345158
MSN-MSP,MSN,MSP,228.0,1134,2,83.3,3.43,38.0,1.058,3.0546130545568877,2,"Thin route - reliable, short delay tail",-0.9456161510765637,0.16873489749107323
MSP-MSN,MSP,MSN,228.0,1134,2,81.03,6.0,41.0,0.97,3.0546130545568877,2,"Thin route - reliable, short delay tail",-0.5378597302641236,0.057398435092246715
ONT-SLC,ONT,SLC,558.0,1239,3,91.61,-5.67,10.0,0.888,3.0930713063760633,2,"Thin route - reliable, short delay tail",-2.874664421147119,1.2301195561994154
AUS-ECP,AUS,ECP,710.0,623,3,74.47,8.3,44.0,0.0,2.7944880466591697,2,"Thin route - reliable, short delay tail",-0.05729530378522513,-0.19165570485462333
FAT-SLC,FAT,SLC,501.0,1366,1,94.55,-8.08,3.0,0.512,3.1354506993455136,2,"Thin route - reliable, short delay tail",-3.79607944196361,0.527083095338167
BIL-SLC,BIL,SLC,387.0,1074,2,91.64,-5.59,9.0,0.559,3.0310042813635367,2,"Thin route - reliable, short delay tail",-3.114206967574385,0.6547199364085448
DTW-GRR,DTW,GRR,120.0,1590,3,74.48,18.74,81.6,0.881,3.2013971243204513,1,"Thin route - long delay tail, high average delay",2.097616164879624,0.19382135657445534
SLC-GTF,SLC,GTF,463.0,1071,1,93.4,-7.43,6.0,0.747,3.029789470831856,2,"Thin route - reliable, short delay tail",-3.565677545713545,0.25220152140453517
DTW-SBN,DTW,SBN,157.0,712,2,70.92,22.79,109.4,0.983,2.8524799936368566,1,"Thin route - long delay tail, high average delay",3.1165178469427177,-1.338974666776385
BNA-LGA,BNA,LGA,764.0,3781,5,71.76,12.94,63.0,3.597,3.5776066773625357,0,"Trunk route - multi-carrier, unreliable",2.3844630763210573,1.97813052953949
SMF-LAS,SMF,LAS,397.0,4114,4,79.92,5.57,38.0,0.559,3.614264287358705,0,"Trunk route - multi-carrier, unreliable",-0.1748355810587453,2.1666411256623688
SEA-LWS,SEA,LWS,262.0,364,1,91.46,-6.44,11.0,0.275,2.561101383649056,2,"Thin route - reliable, short delay tail",-3.4794512834041935,-0.7652290229465571
PIT-LGA,PIT,LGA,335.0,3012,2,80.91,5.86,49.5,4.814,3.478854967528663,0,"Trunk route - multi-carrier, unreliable",0.724671304528152,0.7406586379239981
MSP-RST,MSP,RST,76.0,308,1,84.54,7.19,30.0,1.299,2.4885507165004443,2,"Thin route - reliable, short delay tail",-1.2857096004132769,-1.4636123003868884
RST-MSP,RST,MSP,76.0,308,1,82.57,5.59,35.7,1.299,2.4885507165004443,2,"Thin route - reliable, short delay tail",-1.0911417991773733,-1.504930089894095
FWA-DTW,FWA,DTW,128.0,680,1,79.88,14.46,60.5,0.588,2.832508912706236,2,"Thin route - reliable, short delay tail",0.33384537704134615,-1.1806751041810328
DTW-TVC,DTW,TVC,207.0,1058,2,75.22,12.74,62.0,2.174,3.024485667699167,1,"Thin route - long delay tail, high average delay",1.189746164978636,-0.4250435683783784
DTW-IND,DTW,IND,231.0,1016,3,79.46,10.28,60.8,1.181,3.0068937079479006,0,"Trunk route - multi-carrier, unreliable",0.567305955087187,0.18140247948612584
IND-DTW,IND,DTW,231.0,1014,3,80.42,8.35,54.0,1.282,3.0060379549973173,2,"Thin route - reliable, short delay tail",0.20632654608925496,0.2792580738893347
PIT-DTW,PIT,DTW,201.0,985,3,79.75,12.24,61.8,1.218,2.9934362304976116,0,"Trunk route - multi-carrier, unreliable",0.7116462659035714,0.11346456903372511
HIB-MSP,HIB,MSP,174.0,630,1,84.86,2.26,52.0,1.429,2.7993405494535817,2,"Thin route - reliable, short delay tail",-0.9252950976541892,-0.8807289464153448
MSP-HIB,MSP,HIB,174.0,630,1,83.82,2.79,50.6,1.587,2.7993405494535817,2,"Thin route - reliable, short delay tail",-0.8096408723664209,-0.905972654192971
MSP-RHI,MSP,RHI,190.0,724,1,87.06,-1.77,26.0,2.348,2.859738566197147,2,"Thin route - reliable, short delay tail",-1.820063800909262,-0.4895289991484915
SLC-GJT,SLC,GJT,217.0,583,1,94.84,-12.04,3.0,0.0,2.765668554759014,2,"Thin route - reliable, short delay tail",-4.305237923774361,-0.10447575722104335
DTW-ESC,DTW,ESC,306.0,365,1,82.88,15.11,30.0,7.397,2.5622928644564746,1,"Thin route - long delay tail, high average delay",0.7778825024280036,-1.7136097252457827
INL-MSP,INL,MSP,255.0,663,1,85.25,0.31,36.0,1.81,2.821513528404773,2,"Thin route - reliable, short delay tail",-1.4255418522085193,-0.6989735024602567
MSP-INL,MSP,INL,255.0,663,1,81.85,6.4,56.2,1.81,2.821513528404773,2,"Thin route - reliable, short delay tail",-0.21851325833371693,-1.0214774818462495
MSP-ABR,MSP,ABR,257.0,754,1,87.3,1.54,23.0,1.459,2.877371345869774,2,"Thin route - reliable, short delay tail",-1.9032045526657941,-0.4744146219182916
MSP-BRD,MSP,BRD,114.0,632,1,86.01,0.88,33.0,1.582,2.800717078282385,2,"Thin route - reliable, short delay tail",-1.563373293651788,-0.7008502131239865
DTW-IMT,DTW,IMT,344.0,365,1,71.02,30.45,130.3,2.74,2.5622928644564746,1,"Thin route - long delay tail, high average delay",4.295860810041469,-2.77629320227454
RHI-MSP,RHI,MSP,190.0,724,1,88.1,-2.91,21.0,2.486,2.859738566197147,2,"Thin route - reliable, short delay tail",-2.077485431324969,-0.4179320713990996
MSP-ATY,MSP,ATY,193.0,365,1,87.99,5.97,21.0,1.644,2.5622928644564746,2,"Thin route - reliable, short delay tail",-1.7819100478414625,-1.1846219885674392
CDC-SLC,CDC,SLC,221.0,629,1,93.92,-7.52,8.0,0.477,2.798650645445269,2,"Thin route - reliable, short delay tail",-3.6744280766767394,-0.1951785491305476
BTM-SLC,BTM,SLC,357.0,361,1,95.24,-13.18,-2.0,0.554,2.5575072019056577,2,"Thin route - reliable, short delay tail",-4.521814033577988,-0.49460164471649665
MQT-MSP,MQT,MSP,300.0,324,1,70.3,26.79,104.0,6.481,2.510545010206612,1,"Thin route - long delay tail, high average delay",4.2604519906955955,-2.756272647882532
MSP-MQT,MSP,MQT,300.0,324,1,70.03,23.36,115.0,4.63,2.510545010206612,1,"Thin route - long delay tail, high average delay",3.9126376708785764,-2.7072106737420016
DTW-PLN,DTW,PLN,243.0,659,1,78.83,9.26,56.9,13.961,2.8188854145940097,1,"Thin route - long delay tail, high average delay",3.032760544936904,-1.5226689369206308
ABQ-SFO,ABQ,SFO,896.0,713,2,76.93,6.99,45.0,0.14,2.8530895298518657,2,"Thin route - reliable, short delay tail",-0.42638969760884654,-0.5041538699079334
FAR-DEN,FAR,DEN,627.0,1419,3,72.66,14.65,72.0,1.057,3.151982395457474,1,"Thin route - long delay tail, high average delay",1.649047843073251,0.1621007638196307
SBA-LAX,SBA,LAX,89.0,687,1,88.95,-0.61,17.2,1.019,2.8369567370595505,2,"Thin route - reliable, short delay tail",-2.4197784932698774,-0.4169114271166153
IAH-BTR,IAH,BTR,253.0,438,2,80.0,5.96,44.6,0.685,2.6414741105040997,2,"Thin route - reliable, short delay tail",-0.5992342387854712,-0.82320775353389
DEN-BFL,DEN,BFL,845.0,730,2,78.45,8.58,36.0,0.137,2.863322860120456,2,"Thin route - reliable, short delay tail",-0.6624998858032941,-0.4234792174523244
DLH-ORD,DLH,ORD,397.0,1223,2,68.81,26.41,87.7,4.497,3.0874264570362855,1,"Thin route - long delay tail, high average delay",3.8173397116665004,-0.9533713728582485
IAH-AUS,IAH,AUS,140.0,2696,2,79.62,6.96,42.0,0.742,3.4307198878632823,2,"Thin route - reliable, short delay tail",-0.22754686600507504,0.7891432825628147
DEN-LEX,DEN,LEX,1086.0,365,2,72.1,9.09,57.0,0.822,2.5622928644564746,1,"Thin route - long delay tail, high average delay",0.41740535871526424,-1.3471177838806019
TUS-SFO,TUS,SFO,751.0,945,2,69.3,13.84,67.3,0.423,2.975431808509263,1,"Thin route - long delay tail, high average delay",1.3509517512539164,-0.6800318135343323
SFO-ACV,SFO,ACV,250.0,1294,1,73.96,16.5,66.0,2.705,3.1119342763326814,1,"Thin route - long delay tail, high average delay",1.6539969851274303,-0.8709107481716856
BDL-ORD,BDL,ORD,783.0,2365,5,75.59,13.25,49.0,2.791,3.3738311450738303,0,"Trunk route - multi-carrier, unreliable",1.4702946575386424,1.742132825282245
OKC-DEN,OKC,DEN,495.0,3139,4,79.87,4.27,37.0,0.765,3.4967913157000425,0,"Trunk route - multi-carrier, unreliable",-0.29966564472653445,1.9444802362930225
LAX-SBP,LAX,SBP,155.0,635,1,87.26,0.53,20.0,0.315,2.8027737252919755,2,"Thin route - reliable, short delay tail",-2.324922458807542,-0.5430890333255461
FWA-ORD,FWA,ORD,157.0,2763,3,67.64,27.08,105.1,4.669,3.4413808849165113,1,"Thin route - long delay tail, high average delay",4.773076947746987,0.11061973563983148
SFO-SLC,SFO,SLC,599.0,3453,4,76.67,8.47,49.0,1.014,3.5381965783494542,0,"Trunk route - multi-carrier, unreliable",0.6051858375767037,1.7881878906780795
DFW-SGU,DFW,SGU,976.0,703,1,75.76,11.3,60.6,0.427,2.846955325019824,2,"Thin route - reliable, short delay tail",0.2749606648114761,-1.2245783015190546
PHX-MAF,PHX,MAF,581.0,365,1,70.56,28.85,92.0,0.822,2.5622928644564746,1,"Thin route - long delay tail, high average delay",2.731929557083822,-2.453275329051176
SHV-CLT,SHV,CLT,764.0,753,2,78.66,15.68,54.0,2.789,2.8767949762007006,1,"Thin route - long delay tail, high average delay",0.9063474244809692,-0.7349469530915079
SJC-PHX,SJC,PHX,621.0,3019,4,81.35,5.33,35.0,0.762,3.479863113023098,0,"Trunk route - multi-carrier, unreliable",-0.4226321546959317,1.9184528471832312
RIC-ORD,RIC,ORD,642.0,2216,4,78.08,8.77,52.0,3.881,3.345569756056392,0,"Trunk route - multi-carrier, unreliable",1.1746049616898457,1.300507804739086
YUM-PHX,YUM,PHX,160.0,1327,2,85.11,5.72,34.0,1.206,3.1228709228644354,2,"Thin route - reliable, short delay tail",-0.9643621627582458,0.3220606776984694
SJT-DFW,SJT,DFW,229.0,1077,1,81.15,10.55,49.0,4.085,3.0322157032979815,2,"Thin route - reliable, short delay tail",0.5385477142475322,-0.7084636860083734
PHX-STS,PHX,STS,699.0,693,3,81.08,1.94,27.0,0.289,2.8407332346118066,2,"Thin route - reliable, short delay tail",-1.3592779517802875,0.25961675752784524
DFW-SWO,DFW,SWO,225.0,729,2,77.06,13.72,62.0,4.39,2.8627275283179747,1,"Thin route - long delay tail, high average delay",1.5585735006878458,-0.8132206289434883
DFW-LCH,DFW,LCH,295.0,1044,2,83.4,4.5,39.0,2.586,3.0187004986662433,2,"Thin route - reliable, short delay tail",-0.5267648549981496,0.015430466643422121
LIT-DFW,LIT,DFW,304.0,2665,4,74.69,16.97,59.0,2.439,3.425697213362591,0,"Trunk route - multi-carrier, unreliable",1.927497672040422,1.259682496369229
DFW-MAF,DFW,MAF,309.0,2923,3,80.84,5.27,43.0,2.84,3.4658288153574364,0,"Trunk route - multi-carrier, unreliable",0.2048104302644866,1.3101137316714884
CID-PHX,CID,PHX,1252.0,771,3,82.87,8.99,36.0,1.297,2.8870543780509568,2,"Thin route - reliable, short delay tail",-0.6208502188851422,0.10617047267588656
ORD-HSV,ORD,HSV,510.0,1101,2,66.13,26.32,98.4,3.724,3.041787318971752,1,"Thin route - long delay tail, high average delay",4.086172676589158,-1.1505195589236732
DEN-JLN,DEN,JLN,582.0,327,1,79.69,15.98,65.1,0.612,2.514547752660286,1,"Thin route - long delay tail, high average delay",0.38007076391465217,-1.933918000171093
JLN-ORD,JLN,ORD,484.0,365,1,79.83,19.96,83.7,3.288,2.5622928644564746,1,"Thin route - long delay tail, high average delay",1.7812783479170038,-2.1159910159815576
ORD-FOD,ORD,FOD,324.0,571,1,74.07,10.78,66.1,4.553,2.756636108245848,1,"Thin route - long delay tail, high average delay",1.536196586870541,-1.542852661841943
ORD-JST,ORD,JST,487.0,362,1,63.86,59.73,134.6,5.801,2.558708570533166,1,"Thin route - long delay tail, high average delay",7.62224630161349,-3.649587888921416
DEN-COD,DEN,COD,391.0,933,1,80.91,4.45,41.5,0.75,2.9698816437465,2,"Thin route - reliable, short delay tail",-0.8732407762822513,-0.5738829891488376
LAR-DEN,LAR,DEN,113.0,627,1,70.87,15.78,79.0,1.435,2.7972675408307164,1,"Thin route - long delay tail, high average delay",1.7912387990729055,-1.5930854450745338
COD-DEN,COD,DEN,391.0,933,1,71.55,18.29,74.7,0.965,2.9698816437465,1,"Thin route - long delay tail, high average delay",1.7102690919186943,-1.2576325670319521
DEN-HYS,DEN,HYS,298.0,627,1,79.05,22.51,55.0,2.073,2.7972675408307164,1,"Thin route - long delay tail, high average delay",1.0982781469767966,-1.4557301731973418
FMN-DEN,FMN,DEN,289.0,365,1,83.79,13.56,27.0,0.0,2.5622928644564746,2,"Thin route - reliable, short delay tail",-1.181432257032489,-1.4132835214125845
DEN-PRC,DEN,PRC,558.0,608,1,83.31,5.49,44.2,0.822,2.783903579272735,2,"Thin route - reliable, short delay tail",-1.000670464088363,-0.9659646897093614
DEN-EAR,DEN,EAR,305.0,626,1,80.23,10.19,38.0,0.479,2.7965743332104296,2,"Thin route - reliable, short delay tail",-0.6429369101829165,-1.0196515087962017
GCC-DEN,GCC,DEN,313.0,726,1,82.89,8.95,32.0,0.689,2.8609366207000937,2,"Thin route - reliable, short delay tail",-1.0178231066805823,-0.7810517256640405
DVL-DEN,DVL,DEN,638.0,627,1,75.0,17.76,75.9,2.233,2.7972675408307164,1,"Thin route - long delay tail, high average delay",1.6248232116220875,-1.6046924572170898
MEI-IAH,MEI,IAH,422.0,627,1,83.71,2.53,43.1,1.116,2.7972675408307164,2,"Thin route - reliable, short delay tail",-1.165678962346588,-0.8615610132168572
SLN-IAH,SLN,IAH,621.0,326,1,81.17,11.02,59.8,0.613,2.513217600067939,2,"Thin route - reliable, short delay tail",-0.21558001268566146,-1.7755761151301117
SUX-ORD,SUX,ORD,436.0,365,1,78.43,13.2,49.4,1.644,2.5622928644564746,2,"Thin route - reliable, short delay tail",0.15569045231735149,-1.7169227706546057
RIW-DEN,RIW,DEN,296.0,728,1,82.94,13.24,66.0,0.275,2.862131379313037,2,"Thin route - reliable, short delay tail",0.07297824191118722,-1.0802018867083205
DEN-SHR,DEN,SHR,359.0,766,1,81.03,11.86,49.0,0.653,2.884228769632604,2,"Thin route - reliable, short delay tail",-0.23536652052789156,-0.9437714150396137
HYS-DEN,HYS,DEN,298.0,627,1,80.23,15.47,73.8,2.392,2.7972675408307164,1,"Thin route - long delay tail, high average delay",1.1015747395278468,-1.4264514908448847
DEN-FMN,DEN,FMN,289.0,365,1,82.69,9.69,44.1,0.0,2.5622928644564746,2,"Thin route - reliable, short delay tail",-0.9064733907979895,-1.4689947830520762
ORD-DEC,ORD,DEC,156.0,627,1,69.57,19.28,89.6,4.306,2.7972675408307164,1,"Thin route - long delay tail, high average delay",3.0638148569664585,-1.852665694785901
PIR-DEN,PIR,DEN,385.0,660,1,80.72,10.26,54.0,1.818,2.8195439355418688,2,"Thin route - reliable, short delay tail",0.05175294481921513,-1.1209877894129907
LAF-ORD,LAF,ORD,119.0,566,1,75.14,26.72,102.8,3.004,2.7528164311882715,1,"Thin route - long delay tail, high average delay",3.1720526868294474,-2.0403497383226155
ORD-EAU,ORD,EAU,269.0,626,1,68.54,25.5,92.3,5.272,2.7965743332104296,1,"Thin route - long delay tail, high average delay",3.839452702290246,-2.057597179484452
MGW-ORD,MGW,ORD,449.0,330,1,63.49,41.87,180.4,7.576,2.5185139398778875,1,"Thin route - long delay tail, high average delay",8.053544958954076,-3.732915057848043
ORD-MGW,ORD,MGW,449.0,330,1,68.0,31.54,98.0,6.061,2.5185139398778875,1,"Thin route - long delay tail, high average delay",4.482989685638582,-2.8375379969105956
DAY-ORD,DAY,ORD,240.0,1781,5,72.62,18.31,89.0,4.941,3.2506639194632436,1,"Thin route - long delay tail, high average delay",3.6312117638074195,1.0396927818153912
ORD-ILM,ORD,ILM,760.0,542,4,83.33,0.16,35.0,1.476,2.733999286538387,2,"Thin route - reliable, short delay tail",-1.0770860391666148,0.5007949198230556
ORD-FCA,ORD,FCA,1352.0,532,4,74.81,8.82,44.0,1.504,2.7259116322950483,3,"Thin route - long-haul, rarely cancels",0.3124510550464908,0.0432880054390715
IAH-MEM,IAH,MEM,468.0,1088,2,79.74,6.47,38.5,1.103,3.036628895362161,2,"Thin route - reliable, short delay tail",-0.487052892999662,-0.018961490632963745
LFT-IAH,LFT,IAH,201.0,314,1,83.44,3.65,33.9,1.592,2.496929648073215,2,"Thin route - reliable, short delay tail",-1.28578169922964,-1.4392334989340168
ORD-DLH,ORD,DLH,397.0,1223,2,64.95,22.25,78.7,4.415,3.0874264570362855,1,"Thin route - long delay tail, high average delay",3.578110446129362,-0.875030164414309
MCI-SFO,MCI,SFO,1499.0,365,2,72.22,11.96,86.1,0.822,2.5622928644564746,1,"Thin route - long delay tail, high average delay",1.3042793999556537,-1.632637824355771
SFO-SBP,SFO,SBP,191.0,1144,2,74.31,18.85,57.0,1.136,3.058426024457005,1,"Thin route - long delay tail, high average delay",1.3169870875894953,-0.4300953224823858
IND-ORD,IND,ORD,177.0,5255,5,77.14,10.91,50.7,3.292,3.720572720364261,0,"Trunk route - multi-carrier, unreliable",1.5867095417917647,2.549160451806869
LAX-RDM,LAX,RDM,726.0,452,1,90.18,-3.77,14.0,0.664,2.655138434811382,2,"Thin route - reliable, short delay tail",-3.0678981991786873,-0.7201868334259067
ORD-IND,ORD,IND,177.0,5262,5,74.92,12.66,58.0,3.877,3.721150843749684,0,"Trunk route - multi-carrier, unreliable",2.2043377865175686,2.406816154286022
DEN-HDN,DEN,HDN,141.0,1426,3,73.82,12.86,56.0,0.351,3.154119525515847,0,"Trunk route - multi-carrier, unreliable",0.9314388177058827,0.3927612559635499
SCE-ORD,SCE,ORD,528.0,550,2,74.39,18.14,85.2,2.0,2.7403626894942437,1,"Thin route - long delay tail, high average delay",2.0271715382741395,-1.3085744093010916
CHO-ORD,CHO,ORD,566.0,1215,1,69.38,30.36,111.0,4.362,3.084576277934331,1,"Thin route - long delay tail, high average delay",4.452907218883313,-1.6738999249269848
PVD-ORD,PVD,ORD,849.0,1686,5,74.95,15.81,60.0,4.211,3.2268575702887237,0,"Trunk route - multi-carrier, unreliable",2.2421373349659883,1.2537393003373
OKC-IAH,OKC,IAH,395.0,1285,2,84.17,2.13,26.1,1.012,3.1089031276673134,2,"Thin route - reliable, short delay tail",-1.430398007894061,0.39043325414270713
PIA-DEN,PIA,DEN,793.0,432,2,72.88,11.76,60.7,1.62,2.635483746814912,1,"Thin route - long delay tail, high average delay",0.8949394729800195,-1.2642663047326312
DEN-OMA,DEN,OMA,472.0,3308,4,76.98,7.84,46.0,0.272,3.519565500880509,0,"Trunk route - multi-carrier, unreliable",0.30103273205829145,1.8220706804215017
SFO-MRY,SFO,MRY,77.0,732,1,75.45,13.16,63.0,0.41,2.864511081058392,1,"Thin route - long delay tail, high average delay",0.6339137998842452,-1.1761507535810007
MKE-DEN,MKE,DEN,896.0,2322,4,78.92,5.45,41.0,0.388,3.365862215402555,0,"Trunk route - multi-carrier, unreliable",-0.24367873234780058,1.587896864209675
DEN-ABQ,DEN,ABQ,349.0,3201,3,78.39,6.34,44.0,0.406,3.5052856741441323,0,"Trunk route - multi-carrier, unreliable",-0.060024054138628,1.3903596410642298
DEN-ACV,DEN,ACV,1026.0,369,1,79.89,6.24,47.0,0.542,2.56702636615906,2,"Thin route - reliable, short delay tail",-0.8368709596645041,-1.534741377371054
SFO-OTH,SFO,OTH,412.0,316,1,71.84,11.42,53.0,0.633,2.499687082618404,1,"Thin route - long delay tail, high average delay",0.38516609316373907,-1.9189623300100425
ORD-OMA,ORD,OMA,416.0,3060,6,70.34,13.42,62.0,2.451,3.48572142648158,0,"Trunk route - multi-carrier, unreliable",2.397506787102398,2.302713867989124
RDM-LAX,RDM,LAX,726.0,454,1,77.78,7.1,36.1,0.661,2.6570558528571038,2,"Thin route - reliable, short delay tail",-0.7926669055675174,-1.312812597343677
HDN-DEN,HDN,DEN,141.0,1425,3,79.52,0.77,44.0,0.491,3.153814864344529,2,"Thin route - reliable, short delay tail",-0.6097962587884029,0.8198437657125732
ORD-CHO,ORD,CHO,566.0,1215,1,66.81,22.96,90.0,4.198,3.084576277934331,1,"Thin route - long delay tail, high average delay",3.5595855932403113,-1.422409367252883
PSC-SFO,PSC,SFO,620.0,596,1,70.99,13.81,54.8,0.168,2.7752462597402365,1,"Thin route - long delay tail, high average delay",0.6283019541668795,-1.4337806072027963
ORD-TUS,ORD,TUS,1437.0,1042,4,69.93,15.28,71.0,1.631,3.0178677189635055,1,"Thin route - long delay tail, high average delay",1.9695818830430316,0.22723249088160322
EGE-DEN,EGE,DEN,120.0,1171,2,78.59,5.59,42.0,0.512,3.068556895072363,2,"Thin route - reliable, short delay tail",-0.4337220968936723,0.06622374667303746
CID-DEN,CID,DEN,692.0,1127,3,78.98,12.2,50.0,1.065,3.0519239160461065,0,"Trunk route - multi-carrier, unreliable",0.36667616164358724,0.26490821759795047
ORD-SAV,ORD,SAV,773.0,1564,5,77.6,8.57,47.0,1.854,3.1942367487238292,0,"Trunk route - multi-carrier, unreliable",0.6603984628211458,1.5505188480183754
ORD-TYS,ORD,TYS,475.0,2188,5,67.28,26.25,90.0,3.748,3.340047317661393,1,"Thin route - long delay tail, high average delay",4.328798204962028,0.9745465269508213
DEN-JAC,DEN,JAC,406.0,1632,2,82.68,3.08,35.0,1.225,3.2127201544178425,2,"Thin route - reliable, short delay tail",-0.9277429433286737,0.4889356714233989
GSP-ORD,GSP,ORD,577.0,1813,6,76.53,7.44,51.0,3.971,3.258397804095509,0,"Trunk route - multi-carrier, unreliable",1.4605987659988198,2.086294231248979
SFO-MCI,SFO,MCI,1499.0,365,2,68.87,11.27,60.0,0.274,2.5622928644564746,1,"Thin route - long delay tail, high average delay",0.7010602910655408,-1.4865743063763401
RDD-DEN,RDD,DEN,932.0,331,1,80.49,3.89,47.3,0.0,2.519827993775719,2,"Thin route - reliable, short delay tail",-1.1628530610338397,-1.549869145461359
DEN-SHV,DEN,SHV,792.0,436,1,77.78,7.29,58.9,0.917,2.639486489268586,2,"Thin route - reliable, short delay tail",-0.13641325063723564,-1.519354069519531
DFW-HOU,DFW,HOU,247.0,2001,3,76.05,9.45,54.0,3.748,3.3012470886362113,0,"Trunk route - multi-carrier, unreliable",1.3017989800820897,0.7033399615322701
AUS-DFW,AUS,DFW,190.0,4706,5,74.02,22.52,77.0,3.591,3.6726519228400023,0,"Trunk route - multi-carrier, unreliable",3.3538744623989567,1.9691114516158823
DFW-AUS,DFW,AUS,190.0,4705,4,67.95,18.84,74.0,3.337,3.6725596277632757,0,"Trunk route - multi-carrier, unreliable",3.29345970254719,1.4843356873076055
DFW-JAN,DFW,JAN,408.0,1909,3,75.42,12.09,60.4,2.933,3.280805928393667,0,"Trunk route - multi-carrier, unreliable",1.475778797083547,0.5654064964143747
BUF-DTW,BUF,DTW,241.0,1207,3,80.86,9.99,53.0,1.74,3.081707270097349,0,"Trunk route - multi-carrier, unreliable",0.3907892888592484,0.4001217097609996
LAX-PSP,LAX,PSP,110.0,484,1,90.0,-0.43,14.1,0.62,2.6848453616444123,2,"Thin route - reliable, short delay tail",-2.7262024278763786,-0.6811841621182538
MSN-DEN,MSN,DEN,826.0,1099,3,81.4,6.13,40.0,0.728,3.0409976924234905,2,"Thin route - reliable, short delay tail",-0.5975427416611275,0.4779976339654122
ORD-SAT,ORD,SAT,1041.0,1977,5,74.08,8.8,62.0,1.973,3.2960066693136723,0,"Trunk route - multi-carrier, unreliable",1.3688345572401428,1.5640727773722947
SAT-ORD,SAT,ORD,1041.0,1979,5,76.8,9.09,49.0,2.324,3.296445794206396,0,"Trunk route - multi-carrier, unreliable",0.9164142444010914,1.6849490484948946
MSP-DEN,MSP,DEN,680.0,5821,5,78.35,7.02,42.0,0.687,3.7649975992848805,0,"Trunk route - multi-carrier, unreliable",0.3370178221446471,2.841273565095769
ROC-ORD,ROC,ORD,528.0,2355,4,75.52,13.5,63.5,2.42,3.371990911464915,0,"Trunk route - multi-carrier, unreliable",1.686552031799234,1.1883841623108724
ONT-PDX,ONT,PDX,838.0,565,3,90.2,-6.32,14.0,0.708,2.7520484478194387,2,"Thin route - reliable, short delay tail",-2.925115728439207,0.47633507648637075
LAS-STS,LAS,STS,454.0,346,2,78.49,1.15,38.0,0.0,2.5390760987927767,2,"Thin route - reliable, short delay tail",-1.212260820272541,-0.9118522092290794
ATL-MOB,ATL,MOB,302.0,905,2,79.23,9.21,57.0,1.989,2.9566485792052033,2,"Thin route - reliable, short delay tail",0.42498031469097053,-0.3868851459483234
MOB-ATL,MOB,ATL,302.0,905,2,83.26,1.05,44.0,2.099,2.9566485792052033,2,"Thin route - reliable, short delay tail",-0.755067236438335,-0.062393015818775675
MKE-MSP,MKE,MSP,297.0,1559,2,81.8,6.54,42.7,0.962,3.192846115188842,2,"Thin route - reliable, short delay tail",-0.4741332693284336,0.326455008473577
MSP-MKE,MSP,MKE,297.0,1559,2,80.7,5.64,42.2,0.898,3.192846115188842,2,"Thin route - reliable, short delay tail",-0.47791374405992015,0.3302980096544404
MSP-FSD,MSP,FSD,196.0,1347,2,77.76,8.96,49.0,1.114,3.1293675957229854,2,"Thin route - reliable, short delay tail",0.1936806677716682,0.034562325863272333
ABQ-DAL,ABQ,DAL,580.0,1628,1,82.32,2.49,32.0,1.474,3.2116544005531824,2,"Thin route - reliable, short delay tail",-1.1324933610283898,0.012879681355259947
ALB-BWI,ALB,BWI,288.0,1764,1,88.77,-2.62,17.0,1.474,3.246498580795801,2,"Thin route - reliable, short delay tail",-2.311447386735228,0.4303072035894005
ATL-BWI,ATL,BWI,577.0,5404,4,75.59,10.85,50.0,2.073,3.732715340349993,0,"Trunk route - multi-carrier, unreliable",1.2006997950692597,2.0798591222390916
ATL-CMH,ATL,CMH,447.0,3155,3,80.18,5.42,36.0,1.458,3.498999363580153,0,"Trunk route - multi-carrier, unreliable",-0.24675136605698542,1.442070714865053
ATL-LAS,ATL,LAS,1747.0,4773,4,75.84,7.98,47.0,0.817,3.678791434366244,0,"Trunk route - multi-carrier, unreliable",0.41091253308422193,1.9986640808070486
ATL-PIT,ATL,PIT,526.0,2754,2,83.75,3.17,30.0,1.997,3.439963935920905,2,"Thin route - reliable, short delay tail",-0.8872157271303901,0.971508704987938
AUS-DCA,AUS,DCA,1315.0,364,1,65.83,14.4,48.2,0.824,2.561101383649056,1,"Thin route - long delay tail, high average delay",0.8486793069953324,-2.009324261150605
AUS-ELP,AUS,ELP,528.0,1042,1,74.16,8.26,43.4,0.288,3.0178677189635055,2,"Thin route - reliable, short delay tail",-0.1538882712345813,-0.6856638490676688
AUS-FLL,AUS,FLL,1105.0,1167,3,67.31,15.77,59.3,2.228,3.0670708560453703,1,"Thin route - long delay tail, high average delay",1.963461083713465,-0.12095699541536381
AUS-MCO,AUS,MCO,994.0,2832,4,72.13,12.93,55.0,1.377,3.4520932490177314,0,"Trunk route - multi-carrier, unreliable",1.4023105529391438,1.3548877313399097
AUS-MDW,AUS,MDW,972.0,1349,1,76.71,9.18,42.0,1.038,3.1300119496719043,2,"Thin route - reliable, short delay tail",-0.1787909978153961,-0.4782131813631487
AUS-MIA,AUS,MIA,1103.0,2192,6,78.69,6.3,43.0,1.141,3.3408405498123317,0,"Trunk route - multi-carrier, unreliable",0.3011381639972558,2.417530130152524
AUS-ONT,AUS,ONT,1196.0,335,1,74.47,7.82,39.4,0.597,2.525044807036845,3,"Thin route - long-haul, rarely cancels",-0.5430601190947193,-1.715575746879899
AUS-SNA,AUS,SNA,1209.0,352,1,69.32,8.72,47.0,0.0,2.546542663478131,3,"Thin route - long-haul, rarely cancels",-0.01528710009348561,-1.817099259989653
BDL-MCO,BDL,MCO,1050.0,1895,4,73.77,12.18,58.0,2.005,3.2776092143040914,0,"Trunk route - multi-carrier, unreliable",1.371210607377619,0.9987581814514641
BHM-LAS,BHM,LAS,1618.0,359,1,85.79,-1.67,21.4,0.0,2.5550944485783194,3,"Thin route - long-haul, rarely cancels",-2.7264921452307123,-1.1480709369682847
BNA-BUR,BNA,BUR,1791.0,329,1,72.62,7.83,51.6,1.216,2.5171958979499744,3,"Thin route - long-haul, rarely cancels",-0.03233862290587199,-1.9143890703094115
BNA-BWI,BNA,BWI,587.0,1813,2,77.18,5.34,40.0,1.82,3.258397804095509,2,"Thin route - reliable, short delay tail",-0.09166222291881138,0.36957952781925013
BNA-CMH,BNA,CMH,338.0,1035,1,78.29,6.57,42.0,0.58,3.0149403497929366,2,"Thin route - reliable, short delay tail",-0.5274914437689114,-0.5665284537535575
BNA-DEN,BNA,DEN,1013.0,3645,3,75.12,8.79,47.1,0.631,3.5616975326539935,0,"Trunk route - multi-carrier, unreliable",0.4084539837333969,1.3152457878210697
BNA-MCI,BNA,MCI,491.0,1380,2,75.48,6.55,41.0,0.725,3.1398790864012365,2,"Thin route - reliable, short delay tail",-0.13668634253937226,0.1064641311292133
BNA-MSY,BNA,MSY,471.0,1489,2,78.27,4.5,37.0,0.739,3.1728946977521764,2,"Thin route - reliable, short delay tail",-0.5767282215906806,0.2947720319512977
BNA-PBI,BNA,PBI,757.0,365,1,68.32,13.41,47.8,0.274,2.5622928644564746,1,"Thin route - long delay tail, high average delay",0.5411947985712615,-1.8769476581118087
BNA-PHX,BNA,PHX,1449.0,2363,3,78.14,6.93,38.0,0.931,3.373463721632369,0,"Trunk route - multi-carrier, unreliable",-0.26519309563830673,1.0400518576150861
BNA-PIT,BNA,PIT,462.0,1102,2,72.99,8.6,40.0,0.544,3.042181594515766,2,"Thin route - reliable, short delay tail",0.0918600350618712,-0.1659825507154239
BNA-PVD,BNA,PVD,906.0,380,1,80.64,1.53,28.8,0.789,2.57978359661681,2,"Thin route - reliable, short delay tail",-1.6120547876187687,-1.2740849254307918
BNA-SAT,BNA,SAT,822.0,940,2,78.8,1.33,32.7,0.638,2.9731278535996988,2,"Thin route - reliable, short delay tail",-1.1034361915791406,-0.03537456609252701
BNA-SFO,BNA,SFO,1969.0,1158,2,69.26,12.9,59.0,0.691,3.0637085593914173,3,"Thin route - long-haul, rarely cancels",0.9745130547705263,-0.5307347833030311
BNA-SLC,BNA,SLC,1404.0,1206,2,84.04,2.02,29.0,0.663,3.0813473078041325,3,"Thin route - long-haul, rarely cancels",-1.6032667497187232,0.24462156339378582
BNA-STL,BNA,STL,272.0,1286,1,79.43,2.82,38.0,0.933,3.109240968588203,2,"Thin route - reliable, short delay tail",-0.8450397206510215,-0.2548002235457749
BNA-TPA,BNA,TPA,612.0,2479,3,74.07,8.86,41.0,0.928,3.3942765267678214,0,"Trunk route - multi-carrier, unreliable",0.3994191656967362,1.0160289325594014
BNA-VPS,BNA,VPS,389.0,818,1,82.04,-0.2,34.6,0.244,2.912753303671323,2,"Thin route - reliable, short delay tail",-1.5957662868058193,-0.5125821443627592
BOS-BNA,BOS,BNA,942.0,2934,6,70.34,12.34,64.0,2.113,3.4674601095072637,0,"Trunk route - multi-carrier, unreliable",2.2084057865523454,2.242500399775153
BUF-MCO,BUF,MCO,1011.0,1792,3,75.78,9.75,46.0,1.451,3.2533380053261065,0,"Trunk route - multi-carrier, unreliable",0.4609022226375363,0.6585779026989632
BUF-MDW,BUF,MDW,468.0,824,1,76.82,8.86,42.0,1.335,2.9159272116971158,2,"Thin route - reliable, short delay tail",-0.14484198935047488,-0.8766814745237526
BUF-TPA,BUF,TPA,1053.0,732,2,79.89,5.34,40.5,0.546,2.864511081058392,2,"Thin route - reliable, short delay tail",-0.8119467144718608,-0.3881493908207247
BUR-OAK,BUR,OAK,325.0,2735,1,85.49,-2.17,27.0,0.951,3.4369573306694496,2,"Thin route - reliable, short delay tail",-1.8150441415405096,0.6973107669109042
BWI-ABQ,BWI,ABQ,1670.0,402,1,76.38,4.4,34.3,0.746,2.60422605308447,3,"Thin route - long-haul, rarely cancels",-1.0658367751125326,-1.4569928390583184
BWI-BNA,BWI,BNA,587.0,1812,2,80.38,3.41,33.7,1.876,3.2581581933407944,2,"Thin route - reliable, short delay tail",-0.6226189512468638,0.5073918390973705
BWI-BOS,BWI,BOS,369.0,3517,3,75.0,8.39,55.0,2.786,3.5461723683169426,0,"Trunk route - multi-carrier, unreliable",1.1931052244824472,1.2206792337510175
BWI-BUF,BWI,BUF,281.0,1748,1,77.38,6.97,36.0,1.888,3.2425414282983844,2,"Thin route - reliable, short delay tail",-0.1874200188054293,-0.12133740778629933
BWI-CHS,BWI,CHS,472.0,1234,2,80.2,3.6,35.0,1.621,3.091315159697223,2,"Thin route - reliable, short delay tail",-0.6681684170381094,0.16721960947434322
BWI-DAL,BWI,DAL,1209.0,1803,1,76.4,5.12,41.4,1.553,3.255995726722402,2,"Thin route - reliable, short delay tail",-0.31380066530370254,-0.1737745998100664
BWI-HOU,BWI,HOU,1246.0,1468,1,76.09,5.06,42.4,1.362,3.166726055580052,2,"Thin route - reliable, short delay tail",-0.3528219712955755,-0.36457621797102363
BWI-JAX,BWI,JAX,663.0,1401,1,76.4,6.44,37.4,1.57,3.1464381352857744,2,"Thin route - reliable, short delay tail",-0.28278764036020826,-0.35496920929695797
BWI-LAS,BWI,LAS,2106.0,1789,2,79.58,2.47,34.0,0.783,3.252610340567373,3,"Thin route - long-haul, rarely cancels",-1.1126230980427496,0.4113685939514738
BWI-LAX,BWI,LAX,2329.0,1701,3,73.94,6.66,41.0,1.293,3.230704313612569,3,"Thin route - long-haul, rarely cancels",0.007260752773991761,0.5753973935888803
BWI-MCO,BWI,MCO,787.0,4682,3,75.55,9.47,50.0,2.243,3.6704314093606056,0,"Trunk route - multi-carrier, unreliable",0.9488725886030033,1.4799326167588678
BWI-MKE,BWI,MKE,641.0,830,1,76.2,6.0,44.0,2.048,2.9190780923760737,2,"Thin route - reliable, short delay tail",-0.0989521814807061,-0.8723662695981922
BWI-ORF,BWI,ORF,159.0,1549,1,78.98,3.48,36.0,1.42,3.190051417759206,2,"Thin route - reliable, short delay tail",-0.6561007128024888,-0.10381965175754311
BWI-ROC,BWI,ROC,277.0,1104,1,75.62,8.21,38.0,1.359,3.0429690733931802,2,"Thin route - reliable, short delay tail",-0.11541693964314402,-0.5837348546743595
BWI-RSW,BWI,RSW,919.0,1411,1,75.51,8.01,39.0,1.914,3.149527013754348,2,"Thin route - reliable, short delay tail",-0.02587426058759082,-0.43894468217907184
BWI-SRQ,BWI,SRQ,880.0,1250,1,80.59,2.71,36.0,1.52,3.0969100130080562,2,"Thin route - reliable, short delay tail",-0.9609439980250318,-0.31016792545820415
CLE-STL,CLE,STL,487.0,698,1,82.93,0.36,29.4,0.143,2.843855422623161,2,"Thin route - reliable, short delay tail",-1.8301170544676564,-0.6185833709959339
CLT-DAL,CLT,DAL,926.0,377,1,80.76,0.21,29.0,1.592,2.576341350205793,2,"Thin route - reliable, short delay tail",-1.5243248739724296,-1.2798561252313885
CMH-BNA,CMH,BNA,338.0,1040,1,83.83,-0.4,27.0,0.673,3.0170333392987803,2,"Thin route - reliable, short delay tail",-1.7997026040952757,-0.2207510475328659
CMH-DAL,CMH,DAL,919.0,535,1,79.54,2.56,33.8,1.495,2.7283537820212285,2,"Thin route - reliable, short delay tail",-1.10583955348547,-1.06784242135878
CMH-STL,CMH,STL,409.0,673,1,84.56,1.46,32.0,0.743,2.828015064223977,2,"Thin route - reliable, short delay tail",-1.6684457611738905,-0.6739167778744494
COS-PHX,COS,PHX,551.0,1001,1,81.64,2.42,31.0,0.1,3.000434077479319,2,"Thin route - reliable, short delay tail",-1.507288746362875,-0.3783756768669812
CRP-HOU,CRP,HOU,187.0,976,1,86.45,-4.26,24.0,0.205,2.9894498176666917,2,"Thin route - reliable, short delay tail",-2.436869443079282,-0.10366070388004646
CVG-MCO,CVG,MCO,757.0,1795,4,79.77,6.48,45.0,1.17,3.254064452914338,0,"Trunk route - multi-carrier, unreliable",0.024225806176266504,1.3132727175377243
DAL-ATL,DAL,ATL,721.0,3350,2,78.41,8.44,45.0,2.0,3.525044807036845,0,"Trunk route - multi-carrier, unreliable",0.28037948845793886,0.8240078316541902
DAL-ECP,DAL,ECP,674.0,691,1,70.16,13.32,61.0,0.289,2.8394780473741985,1,"Thin route - long delay tail, high average delay",0.8677254967386451,-1.3571801779108639
DAL-IND,DAL,IND,755.0,675,1,73.87,11.46,52.0,1.333,2.829303772831025,1,"Thin route - long delay tail, high average delay",0.44213741807960943,-1.250965838931904
DAL-LAX,DAL,LAX,1246.0,1470,1,68.82,12.12,50.8,1.02,3.167317334748176,1,"Thin route - long delay tail, high average delay",0.8284747018144614,-0.6859317686920476
DAL-MAF,DAL,MAF,319.0,1352,1,78.48,4.4,43.0,1.036,3.130976691605617,2,"Thin route - reliable, short delay tail",-0.5080911219419899,-0.3005744353316662
DAL-MCO,DAL,MCO,973.0,2638,1,70.22,13.08,51.0,1.63,3.4212747912103465,1,"Thin route - long delay tail, high average delay",1.0752025633966502,-0.15906480505699502
DAL-MEM,DAL,MEM,423.0,457,1,74.0,10.82,42.1,1.532,2.6599162000698504,2,"Thin route - reliable, short delay tail",0.15933008876265292,-1.4951232584148588
DAL-MIA,DAL,MIA,1109.0,417,1,70.44,15.67,74.0,2.158,2.6201360549737576,1,"Thin route - long delay tail, high average delay",1.6234318904760174,-2.0296083922231425
DAL-MKE,DAL,MKE,850.0,401,1,70.45,10.74,50.0,1.247,2.603144372620182,1,"Thin route - long delay tail, high average delay",0.48044803353508464,-1.7525174857446106
DAL-OMA,DAL,OMA,586.0,433,1,70.63,11.75,47.0,0.924,2.6364878963533656,1,"Thin route - long delay tail, high average delay",0.43618919036937326,-1.6503631299465662
DAL-PIT,DAL,PIT,1060.0,366,1,70.52,15.65,50.6,0.82,2.5634810853944106,1,"Thin route - long delay tail, high average delay",0.6747480519348884,-1.9405883474508292
DAL-SAN,DAL,SAN,1182.0,1577,1,73.84,7.83,46.0,1.268,3.197831693328903,2,"Thin route - reliable, short delay tail",0.10383681425448335,-0.4147334599487585
DAL-SAV,DAL,SAV,915.0,328,1,62.65,18.88,62.1,0.61,2.515873843711679,1,"Thin route - long delay tail, high average delay",1.7600519497275962,-2.3063263181474443
DAL-TPA,DAL,TPA,917.0,1286,1,70.42,12.8,52.0,1.011,3.109240968588203,1,"Thin route - long delay tail, high average delay",0.8097639907353608,-0.7711573709375847
DCA-BNA,DCA,BNA,562.0,4354,5,76.42,7.61,51.0,2.71,3.6388884247050757,0,"Trunk route - multi-carrier, unreliable",1.199444192027696,2.4219274416318592
DCA-MSY,DCA,MSY,969.0,1947,4,73.4,8.88,54.0,2.979,3.2893659515200318,0,"Trunk route - multi-carrier, unreliable",1.3137966568895476,1.0867973673969165
DCA-OKC,DCA,OKC,1158.0,691,5,66.27,16.97,71.0,3.184,2.8394780473741985,1,"Thin route - long delay tail, high average delay",2.8417164797003025,0.2129967899887584
DCA-PVD,DCA,PVD,356.0,2423,5,73.12,10.58,55.7,4.457,3.384353414137506,0,"Trunk route - multi-carrier, unreliable",2.1143838772884207,1.7107074389790884
DEN-AUS,DEN,AUS,775.0,5394,4,76.65,6.89,45.0,0.538,3.7319109421168726,0,"Trunk route - multi-carrier, unreliable",0.3332048166337966,2.244281064051279
DEN-BWI,DEN,BWI,1491.0,2815,3,77.5,5.16,39.0,1.03,3.449478399187365,0,"Trunk route - multi-carrier, unreliable",-0.26263651713010344,1.2070923724647897
DEN-CHS,DEN,CHS,1449.0,642,2,77.0,5.81,30.0,0.312,2.807535028068853,3,"Thin route - long-haul, rarely cancels",-0.9736805037706745,-0.520537552658541
DEN-ELP,DEN,ELP,563.0,1865,3,75.35,8.35,49.0,0.322,3.2706788361447066,0,"Trunk route - multi-carrier, unreliable",0.296226531436046,0.7657676820059827
DEN-IND,DEN,IND,976.0,2497,3,76.68,7.53,41.0,0.4,3.397418542351348,0,"Trunk route - multi-carrier, unreliable",-0.07058345909368313,1.0844450842527038
DEN-JAX,DEN,JAX,1446.0,1020,2,76.55,6.75,43.0,0.0,3.0086001717619175,3,"Thin route - long-haul, rarely cancels",-0.5243317528981993,-0.2140737062904392
DEN-MCO,DEN,MCO,1547.0,4542,3,77.77,4.96,40.0,0.661,3.6572471298837166,0,"Trunk route - multi-carrier, unreliable",-0.2825027533137592,1.6415295022890308
DEN-MIA,DEN,MIA,1709.0,2468,4,74.42,10.0,49.8,0.527,3.392345155361204,0,"Trunk route - multi-carrier, unreliable",0.5566573046550073,1.3385700445076567
DEN-MSY,DEN,MSY,1062.0,2277,3,78.02,4.49,41.0,0.571,3.3573630306151427,0,"Trunk route - multi-carrier, unreliable",-0.36942964512705817,1.0769202310368091
DEN-ONT,DEN,ONT,819.0,2642,3,74.91,8.77,48.2,0.076,3.4219328132785085,0,"Trunk route - multi-carrier, unreliable",0.29977964353675934,1.0512534974223486
DEN-RDU,DEN,RDU,1436.0,1742,3,75.99,7.62,41.7,0.804,3.241048150671644,0,"Trunk route - multi-carrier, unreliable",-0.03451534651573249,0.696022794811274
DEN-RIC,DEN,RIC,1481.0,791,3,71.23,11.76,47.8,0.759,2.8981764834976764,3,"Thin route - long-haul, rarely cancels",0.620520847494035,-0.22009625691346346
DEN-RSW,DEN,RSW,1607.0,1153,3,80.14,3.23,42.0,0.173,3.061829307294699,3,"Thin route - long-haul, rarely cancels",-0.8874250865699982,0.4985897648713846
DEN-SAT,DEN,SAT,794.0,3043,4,77.43,6.92,44.0,0.263,3.483301952358167,0,"Trunk route - multi-carrier, unreliable",0.08369982477170308,1.7628880415208061
DEN-SAV,DEN,SAV,1414.0,373,3,81.5,1.06,21.0,0.0,2.571708831808688,3,"Thin route - long-haul, rarely cancels",-1.8964426295903711,-0.2729965620535582
DEN-SBA,DEN,SBA,916.0,1073,2,73.45,9.72,49.0,0.28,3.030599721965951,2,"Thin route - reliable, short delay tail",0.23172808358394414,-0.2929370024999136
DEN-SFO,DEN,SFO,967.0,5465,3,64.59,15.61,69.0,0.311,3.7375901662857216,0,"Trunk route - multi-carrier, unreliable",2.263433225120497,1.2104865375019855
DEN-SNA,DEN,SNA,846.0,3685,3,80.93,2.13,31.0,0.271,3.56643749219507,0,"Trunk route - multi-carrier, unreliable",-0.9696857474363719,1.6998564710985367
DTW-BWI,DTW,BWI,409.0,2252,4,81.07,3.96,32.0,1.421,3.3525683861793087,0,"Trunk route - multi-carrier, unreliable",-0.4371803285228507,1.6975864982006257
DTW-DEN,DTW,DEN,1123.0,3095,5,80.16,4.16,40.0,0.355,3.490660653356137,0,"Trunk route - multi-carrier, unreliable",-0.30440339046119935,2.3597794040508733
DTW-LAS,DTW,LAS,1749.0,2792,4,75.25,7.7,48.0,0.501,3.4459154139511234,0,"Trunk route - multi-carrier, unreliable",0.29854904684848266,1.5201295992047508
ECP-DAL,ECP,DAL,674.0,692,1,80.09,3.19,38.6,0.867,2.840106094456758,2,"Thin route - reliable, short delay tail",-1.040890648109462,-0.8352469827739568
ELP-DAL,ELP,DAL,562.0,1770,1,80.1,5.59,34.2,1.073,3.247973266361807,2,"Thin route - reliable, short delay tail",-0.7689568574411552,-0.017520993750609108
ELP-SAT,ELP,SAT,496.0,747,1,83.18,2.33,28.8,0.134,2.873320601815399,2,"Thin route - reliable, short delay tail",-1.7240834961585962,-0.5905392741645322
EUG-LAS,EUG,LAS,700.0,473,2,71.13,23.93,55.0,0.211,2.6748611407378116,1,"Thin route - long delay tail, high average delay",1.4065588250165992,-1.375243142246368
EUG-SMF,EUG,SMF,384.0,365,1,92.56,-6.41,9.8,0.0,2.5622928644564746,2,"Thin route - reliable, short delay tail",-3.6765003783813666,-0.7365500550782264
FLL-BWI,FLL,BWI,925.0,3118,4,72.19,11.67,52.1,2.854,3.4938761108528227,0,"Trunk route - multi-carrier, unreliable",1.6045810799992761,1.4463168956999777
FLL-DAL,FLL,DAL,1108.0,547,1,71.94,8.8,43.0,1.828,2.737987326333431,2,"Thin route - reliable, short delay tail",0.1960445289778885,-1.4014036183353664
FLL-MCO,FLL,MCO,177.0,1448,3,78.0,6.78,50.0,1.381,3.1607685618611283,0,"Trunk route - multi-carrier, unreliable",0.27433805519766297,0.6122870753276035
GEG-LAS,GEG,LAS,806.0,855,2,82.65,0.26,27.8,0.234,2.931966114728173,2,"Thin route - reliable, short delay tail",-1.7094310460285638,0.019059794065802743
GEG-OAK,GEG,OAK,723.0,381,1,90.29,-6.29,14.0,0.0,2.5809249756756194,2,"Thin route - reliable, short delay tail",-3.4287648460690003,-0.7974591120134009
GEG-PHX,GEG,PHX,1020.0,1258,4,83.68,5.99,28.0,0.397,3.09968064110925,2,"Thin route - reliable, short delay tail",-1.0409851690313856,1.195846243411436
GRR-LAS,GRR,LAS,1642.0,385,2,74.93,5.13,43.0,0.0,2.5854607295085006,3,"Thin route - long-haul, rarely cancels",-0.7072051872655559,-1.0917880909457836
HNL-ITO,HNL,ITO,216.0,6294,3,84.57,4.7,22.0,0.985,3.7989267385772014,0,"Trunk route - multi-carrier, unreliable",-0.957763863320111,2.277667274570423
HNL-KOA,HNL,KOA,163.0,7234,3,85.93,3.92,19.0,1.106,3.859378504425601,0,"Trunk route - multi-carrier, unreliable",-1.1343794483293703,2.462699547885989
HNL-OGG,HNL,OGG,101.0,10072,3,84.86,4.04,22.0,0.884,4.003115717099806,0,"Trunk route - multi-carrier, unreliable",-0.9489626789113529,2.726624742638646
HOU-CRP,HOU,CRP,187.0,976,1,77.23,5.58,42.0,0.102,2.9894498176666917,2,"Thin route - reliable, short delay tail",-0.608890941113177,-0.590665491043108
HOU-DCA,HOU,DCA,1218.0,1052,1,69.95,12.3,51.0,1.711,3.02201573981772,1,"Thin route - long delay tail, high average delay",0.865127824709022,-0.987071974533454
HOU-DEN,HOU,DEN,883.0,2380,1,77.75,5.7,41.7,0.336,3.376576957056512,2,"Thin route - reliable, short delay tail",-0.552405780018497,0.14754684609852212
HOU-ELP,HOU,ELP,677.0,1045,1,77.52,4.54,37.0,0.287,3.019116290447073,2,"Thin route - reliable, short delay tail",-0.8569990432484674,-0.5146716182663539
HOU-FLL,HOU,FLL,957.0,809,1,66.04,14.76,51.0,0.371,2.9079485216122722,1,"Thin route - long delay tail, high average delay",1.020278639397515,-1.2792608150890135
HOU-MAF,HOU,MAF,441.0,1358,1,82.15,1.95,32.0,0.515,3.132899769944483,2,"Thin route - reliable, short delay tail",-1.386294382739546,-0.09929133556302622
HOU-MCO,HOU,MCO,849.0,2054,1,77.42,7.19,37.0,0.779,3.3126004392612596,2,"Thin route - reliable, short delay tail",-0.4679670982862557,0.000645360732787772
HOU-ONT,HOU,ONT,1345.0,362,1,77.99,7.16,35.4,0.276,2.558708570533166,3,"Thin route - long-haul, rarely cancels",-1.0496055939782116,-1.5442613150988123
HOU-SMF,HOU,SMF,1624.0,364,1,79.12,3.63,37.7,0.0,2.561101383649056,3,"Thin route - long-haul, rarely cancels",-1.4217335874770862,-1.475675769097716
HRL-HOU,HRL,HOU,277.0,1181,1,80.29,4.8,34.4,0.254,3.072249897613515,2,"Thin route - reliable, short delay tail",-1.0449839640794574,-0.310488691636229
IAD-DEN,IAD,DEN,1452.0,3465,2,83.02,1.88,29.0,0.548,3.5397032389478253,3,"Thin route - long-haul, rarely cancels",-1.386758497058736,1.1666320210645924
IND-RSW,IND,RSW,945.0,808,2,79.02,5.84,37.5,0.866,2.907411360774586,2,"Thin route - reliable, short delay tail",-0.6821170658214218,-0.30755220054471916
ISP-BWI,ISP,BWI,220.0,1235,1,84.75,2.85,26.0,1.538,3.0916669575956846,2,"Thin route - reliable, short delay tail",-1.4296683788133258,-0.12874648212068768
ISP-MCO,ISP,MCO,971.0,1424,3,73.45,11.72,60.0,1.966,3.1535099893008374,0,"Trunk route - multi-carrier, unreliable",1.2291928201325333,0.2645605321659543
ISP-PBI,ISP,PBI,1052.0,1221,3,72.25,13.65,50.2,2.129,3.0867156639448825,0,"Trunk route - multi-carrier, unreliable",1.191879842098749,0.12093305667962223
JAX-BNA,JAX,BNA,483.0,1112,2,81.13,5.44,33.0,0.809,3.0461047872460387,2,"Thin route - reliable, short delay tail",-0.8756593695117737,0.09174965376933185
JAX-DAL,JAX,DAL,906.0,350,1,68.22,15.33,50.8,1.429,2.5440680443502757,1,"Thin route - long delay tail, high average delay",0.9935119732729564,-2.023508099636426
KOA-SMF,KOA,SMF,2435.0,521,3,89.44,-4.1,15.0,0.0,2.7168377232995247,3,"Thin route - long-haul, rarely cancels",-3.121598617258615,0.23261556669159175
LAS-ABQ,LAS,ABQ,486.0,1716,2,76.98,6.39,43.0,0.466,3.2345172835126865,2,"Thin route - reliable, short delay tail",-0.2321290800475668,0.32563437507222787
LAS-BNA,LAS,BNA,1587.0,2051,6,77.97,4.67,33.0,0.829,3.3119656603683665,0,"Trunk route - multi-carrier, unreliable",-0.17772203714677687,2.417111561968895
LAS-BWI,LAS,BWI,2106.0,1782,2,78.91,2.86,33.0,0.842,3.250907699700856,3,"Thin route - long-haul, rarely cancels",-1.0479776555822131,0.39261965085638956
LAS-COS,LAS,COS,604.0,861,1,75.73,7.27,45.4,0.232,2.935003151453655,2,"Thin route - reliable, short delay tail",-0.3470388660456473,-0.824224324072152
LAS-DAL,LAS,DAL,1067.0,2842,1,71.23,10.7,49.0,1.548,3.4536240735914507,0,"Trunk route - multi-carrier, unreliable",0.7625910366435111,-0.0172482866502136
LAS-DSM,LAS,DSM,1216.0,595,2,78.78,7.25,35.0,0.336,2.7745169657285498,3,"Thin route - long-haul, rarely cancels",-0.8524184847955513,-0.6010785042166525
LAS-GEG,LAS,GEG,806.0,855,2,75.88,5.7,37.1,0.585,2.931966114728173,2,"Thin route - reliable, short delay tail",-0.4926281342422006,-0.2888698604672068
LAS-IND,LAS,IND,1590.0,1349,4,73.68,9.88,50.0,0.371,3.1300119496719043,0,"Trunk route - multi-carrier, unreliable",0.4901089441953005,0.803829681484117
LAS-LBB,LAS,LBB,775.0,366,1,86.74,-0.5,19.0,1.093,2.5634810853944106,2,"Thin route - reliable, short delay tail",-2.3944029035597367,-1.0881509830263771
LAS-LIT,LAS,LIT,1294.0,360,1,72.07,6.41,33.3,0.556,2.5563025007672873,3,"Thin route - long-haul, rarely cancels",-0.6265793923829701,-1.6317786261365288
LAS-MAF,LAS,MAF,795.0,365,1,82.32,2.83,30.9,0.548,2.5622928644564746,2,"Thin route - reliable, short delay tail",-1.6435157335112212,-1.3037794420376163
LAS-MEM,LAS,MEM,1416.0,582,4,77.3,5.96,36.0,0.515,2.7649229846498886,3,"Thin route - long-haul, rarely cancels",-0.5072624938866767,0.30648004636346626
LAS-OAK,LAS,OAK,407.0,3258,2,72.82,9.39,48.0,0.399,3.5129510799724906,0,"Trunk route - multi-carrier, unreliable",0.531032519154226,0.7331240153438026
LAS-PHX,LAS,PHX,255.0,6018,5,77.95,6.71,45.0,1.03,3.7794521834040617,0,"Trunk route - multi-carrier, unreliable",0.5786966289861397,2.8730513037602483
LAS-PIT,LAS,PIT,1910.0,717,2,75.6,5.98,40.0,0.418,2.8555191556678,3,"Thin route - long-haul, rarely cancels",-0.6200128332161956,-0.5587097694980941
LAS-RNO,LAS,RNO,345.0,4102,3,79.41,3.91,39.0,0.804,3.6129956560323473,0,"Trunk route - multi-carrier, unreliable",-0.299727151440035,1.7006585181443181
LAS-STL,LAS,STL,1371.0,2101,2,78.61,4.6,43.0,0.381,3.3224260524059526,3,"Thin route - long-haul, rarely cancels",-0.6045668194993775,0.5036838356028421
LAS-TUL,LAS,TUL,1076.0,742,2,76.74,6.93,42.0,1.078,2.870403905279027,2,"Thin route - reliable, short delay tail",-0.30016080852079796,-0.49437345083932865
LAX-DAL,LAX,DAL,1246.0,1471,1,65.04,13.15,47.0,0.748,3.16761267272753,1,"Thin route - long delay tail, high average delay",1.0270345187075363,-0.741005441427917
LAX-MSY,LAX,MSY,1671.0,1459,3,78.2,8.14,38.6,0.617,3.1640552918934515,3,"Thin route - long-haul, rarely cancels",-0.3629612010789248,0.5758293785768521
LGA-MDW,LGA,MDW,725.0,2385,1,72.55,11.87,56.0,4.864,3.3774883833761327,1,"Thin route - long delay tail, high average delay",1.7143041838267161,-0.2961531813772791
LGB-HNL,LGB,HNL,2569.0,730,3,89.56,-6.39,16.0,0.274,2.863322860120456,3,"Thin route - long-haul, rarely cancels",-3.159211785036026,0.5555019708205934
LGB-OAK,LGB,OAK,353.0,1597,1,88.94,-6.76,17.0,0.376,3.203304916138483,2,"Thin route - reliable, short delay tail",-2.885096266877742,0.4588943756795924
LIH-HNL,LIH,HNL,102.0,7725,3,84.38,3.22,24.0,1.515,3.887898488096872,0,"Trunk route - multi-carrier, unreliable",-0.8145302439822535,2.465758318647295
LIT-STL,LIT,STL,296.0,403,1,87.47,-3.24,19.2,0.993,2.6053050461411096,2,"Thin route - reliable, short delay tail",-2.560869071235118,-0.8930773494342374
MAF-HOU,MAF,HOU,441.0,1357,1,84.88,0.25,28.0,0.59,3.132579847659737,2,"Thin route - reliable, short delay tail",-1.8003546720180528,0.00903978307028649
MAF-LAS,MAF,LAS,795.0,365,1,80.94,2.14,39.9,0.822,2.5622928644564746,2,"Thin route - reliable, short delay tail",-1.282709556522131,-1.3837894215534166
MCI-BWI,MCI,BWI,966.0,882,1,82.97,1.64,26.8,1.814,2.94546858513182,2,"Thin route - reliable, short delay tail",-1.465585578531488,-0.509041807721546
MCI-LAS,MCI,LAS,1139.0,2008,4,81.04,2.33,33.0,0.498,3.3027637084729817,0,"Trunk route - multi-carrier, unreliable",-0.8675067281409153,1.5922043971702928
MCI-LGA,MCI,LGA,1107.0,1822,4,76.75,10.7,56.0,4.501,3.2605483726369795,0,"Trunk route - multi-carrier, unreliable",1.548768463550686,0.9794072406492899
MCI-MIA,MCI,MIA,1251.0,844,4,83.96,0.98,27.2,1.422,2.926342446625655,2,"Thin route - reliable, short delay tail",-1.2907284379056758,0.9039171627749331
MCI-SAN,MCI,SAN,1334.0,385,1,75.26,6.35,36.7,0.26,2.5854607295085006,3,"Thin route - long-haul, rarely cancels",-0.8504736552341119,-1.5298381451636591
MCO-ALB,MCO,ALB,1073.0,1042,2,69.84,14.92,64.0,0.96,3.0178677189635055,1,"Thin route - long delay tail, high average delay",1.384617751580183,-0.625806852753612
MCO-ATL,MCO,ATL,404.0,8202,4,75.18,11.25,62.0,1.512,3.913919764951466,0,"Trunk route - multi-carrier, unreliable",1.545798610040614,2.385560798369218
MCO-BDL,MCO,BDL,1050.0,1893,4,73.0,14.16,58.3,2.06,3.277150613963797,0,"Trunk route - multi-carrier, unreliable",1.5848315165969604,0.9395201614420565
MCO-BHM,MCO,BHM,479.0,849,1,70.19,14.75,62.8,0.589,2.928907690243953,1,"Thin route - long delay tail, high average delay",1.145160442072558,-1.2088252968554882
MCO-FLL,MCO,FLL,177.0,1452,3,70.53,11.66,58.0,1.309,3.161966616364075,0,"Trunk route - multi-carrier, unreliable",1.3758931100684098,0.32751237955250667
MCO-HOU,MCO,HOU,849.0,2041,1,76.34,6.65,44.0,0.882,3.3098430047160705,2,"Thin route - reliable, short delay tail",-0.21356457837370074,-0.06384871938786929
MCO-MKE,MCO,MKE,1066.0,1420,3,70.67,11.12,53.0,1.197,3.1522883443830563,0,"Trunk route - multi-carrier, unreliable",1.0255104375837325,0.2873748904951187
MCO-MSY,MCO,MSY,551.0,2272,3,74.52,9.69,54.6,1.056,3.3564083270389813,0,"Trunk route - multi-carrier, unreliable",0.8039334846529637,0.8390569668636764
MCO-ROC,MCO,ROC,1033.0,503,3,68.15,12.58,54.0,1.193,2.7015679850559273,1,"Thin route - long delay tail, high average delay",1.1711384581462367,-0.7145482196158921
MCO-SAN,MCO,SAN,2149.0,1093,2,76.3,2.71,45.0,0.823,3.038620161949703,3,"Thin route - long-haul, rarely cancels",-0.6350045705977178,-0.16967739753769454
MDW-ABQ,MDW,ABQ,1121.0,449,1,79.37,4.18,32.5,0.445,2.6522463410033232,2,"Thin route - reliable, short delay tail",-1.3223087454974307,-1.2345589512603734
MDW-AUS,MDW,AUS,972.0,1357,1,77.31,3.92,37.0,0.958,3.132579847659737,2,"Thin route - reliable, short delay tail",-0.7297615243025701,-0.31809457402765756
MDW-BDL,MDW,BDL,776.0,823,1,76.61,9.43,41.3,1.58,2.91539983521227,2,"Thin route - reliable, short delay tail",-0.10125095456035177,-0.9208080606415698
MDW-CLE,MDW,CLE,307.0,1109,1,80.64,4.69,37.0,1.443,3.04493154614916,2,"Thin route - reliable, short delay tail",-0.7518819285760424,-0.414725526711655
MDW-CVG,MDW,CVG,249.0,538,1,73.81,8.38,50.0,2.045,2.7307822756663893,2,"Thin route - reliable, short delay tail",0.39191420365945157,-1.3587796563684054
MDW-DEN,MDW,DEN,895.0,2271,2,74.36,9.45,51.0,1.321,3.3562171342197353,0,"Trunk route - multi-carrier, unreliable",0.5685251257245845,0.35119199661864536
MDW-LAS,MDW,LAS,1521.0,2273,2,76.68,6.16,41.0,0.836,3.356599435724971,3,"Thin route - long-haul, rarely cancels",-0.30821700057555895,0.4938872434274528
MDW-ORF,MDW,ORF,704.0,578,1,74.52,10.27,45.4,0.865,2.761927838420529,2,"Thin route - reliable, short delay tail",0.010772544171379225,-1.2895624944050736
MDW-RSW,MDW,RSW,1105.0,1162,1,75.59,8.16,41.6,1.549,3.065206128054312,2,"Thin route - reliable, short delay tail",-0.10053393349877505,-0.6341059835433455
MDW-SAV,MDW,SAV,758.0,389,2,77.4,5.82,35.6,0.771,2.5899496013257077,2,"Thin route - reliable, short delay tail",-0.7262731337755391,-0.9554530253401695
MDW-SDF,MDW,SDF,271.0,978,1,83.16,1.11,30.0,1.534,2.9903388547876015,2,"Thin route - reliable, short delay tail",-1.3679078209490863,-0.3601515998344613
MDW-SJC,MDW,SJC,1838.0,519,1,68.69,11.22,49.0,1.541,2.7151673578484576,3,"Thin route - long-haul, rarely cancels",0.5774264726723984,-1.6465077788928073
MDW-SLC,MDW,SLC,1259.0,619,1,69.97,8.15,44.0,1.939,2.791690649020118,1,"Thin route - long delay tail, high average delay",0.35356847879324643,-1.3362084929202482
MDW-TUL,MDW,TUL,583.0,451,1,76.7,9.26,48.0,1.552,2.6541765418779604,2,"Thin route - reliable, short delay tail",-0.02196504173958245,-1.4790023109780792
MEM-DAL,MEM,DAL,423.0,457,1,78.84,7.02,38.0,1.094,2.6599162000698504,2,"Thin route - reliable, short delay tail",-0.6804851226918083,-1.288130317863002
MEM-MCO,MEM,MCO,684.0,739,3,77.65,6.54,41.0,2.842,2.8686444383948255,2,"Thin route - reliable, short delay tail",0.18869812992406476,-0.012397928846691848
MHT-BWI,MHT,BWI,377.0,1746,1,88.68,-1.05,19.0,0.745,3.2420442393695508,2,"Thin route - reliable, short delay tail",-2.3299285962115883,0.3895124469822862
MHT-MDW,MHT,MDW,838.0,523,1,87.6,-2.38,19.5,0.956,2.718501688867274,2,"Thin route - reliable, short delay tail",-2.5549078061755544,-0.7209236424118154
MIA-BWI,MIA,BWI,946.0,2286,5,72.91,10.09,51.5,2.012,3.359076226059263,0,"Trunk route - multi-carrier, unreliable",1.318267813808333,1.7224910431932356
MIA-CMH,MIA,CMH,990.0,1152,4,77.93,1.88,43.0,0.434,3.061452479087193,0,"Trunk route - multi-carrier, unreliable",-0.48028205699511206,0.997806274218894
MKE-DAL,MKE,DAL,850.0,400,1,80.96,1.46,34.0,0.0,2.6020599913279625,2,"Thin route - reliable, short delay tail",-1.6687006621611842,-1.227191558914055
MKE-LAS,MKE,LAS,1524.0,1049,3,81.87,1.0,32.4,1.049,3.020775488193558,3,"Thin route - long-haul, rarely cancels",-1.2258044601573117,0.5356486132803908
MKE-PHX,MKE,PHX,1460.0,1453,3,78.91,8.93,36.4,0.895,3.1622656142980214,3,"Thin route - long-haul, rarely cancels",-0.32547197276920276,0.591874324464896
MKE-STL,MKE,STL,317.0,684,1,88.76,-3.98,17.0,0.877,2.835056101720116,2,"Thin route - reliable, short delay tail",-2.707767805820352,-0.36762369089107616
MSP-BWI,MSP,BWI,936.0,1409,2,81.54,2.9,37.0,1.561,3.1489109931093564,2,"Thin route - reliable, short delay tail",-0.8310495289098656,0.2750563657313909
MSP-PHX,MSP,PHX,1276.0,3019,5,80.28,5.75,37.0,0.894,3.479863113023098,0,"Trunk route - multi-carrier, unreliable",-0.1896492819872878,2.2984287996397827
MSY-DEN,MSY,DEN,1062.0,2277,3,80.12,3.8,37.0,0.395,3.3573630306151427,0,"Trunk route - multi-carrier, unreliable",-0.7244479259611314,1.161586440337478
MSY-LAS,MSY,LAS,1500.0,847,3,78.58,5.81,40.0,0.118,2.9278834103307068,3,"Thin route - long-haul, rarely cancels",-0.6941596874831876,0.16702604540156443
MSY-LAX,MSY,LAX,1671.0,1457,3,79.17,5.44,40.6,0.48,3.16345955176999,3,"Thin route - long-haul, rarely cancels",-0.5992970554412067,0.6383767105538586
MSY-MCO,MSY,MCO,551.0,2243,3,77.51,7.63,46.0,1.204,3.350829273582968,0,"Trunk route - multi-carrier, unreliable",0.23884357801666653,0.9774088019365768
MYR-BWI,MYR,BWI,399.0,1038,1,84.15,1.32,29.9,1.252,3.016197353512439,2,"Thin route - reliable, short delay tail",-1.5080827301620512,-0.2943490006536364
OAK-BUR,OAK,BUR,325.0,2734,1,81.97,3.04,36.0,0.914,3.4367985102318035,2,"Thin route - reliable, short delay tail",-0.9623830677448217,0.4668713317481863
OAK-DAL,OAK,DAL,1468.0,417,1,76.89,8.65,36.0,0.959,2.6201360549737576,3,"Thin route - long-haul, rarely cancels",-0.6857507992513185,-1.504231823289569
OAK-GEG,OAK,GEG,723.0,381,1,73.49,5.67,40.0,0.0,2.5809249756756194,2,"Thin route - reliable, short delay tail",-0.6371828042022912,-1.5225589521215268
OAK-LAX,OAK,LAX,337.0,2082,1,79.29,4.06,37.0,0.72,3.3184807251745174,2,"Thin route - reliable, short delay tail",-0.7536122384560511,0.15356393934609835
OAK-MDW,OAK,MDW,1844.0,505,1,84.6,-0.33,22.1,0.198,2.7032913781186614,3,"Thin route - long-haul, rarely cancels",-2.4572111479160057,-0.9228449160860404
OAK-OGG,OAK,OGG,2348.0,725,3,86.31,-3.27,21.5,1.103,2.8603380065709936,3,"Thin route - long-haul, rarely cancels",-2.326925409819805,0.38126782408461557
OAK-ONT,OAK,ONT,362.0,1471,1,81.76,2.09,31.0,0.408,3.16761267272753,2,"Thin route - reliable, short delay tail",-1.3715085960721487,-0.021828480232452704
OAK-SBA,OAK,SBA,263.0,300,1,85.23,-1.16,25.0,0.667,2.4771212547196626,2,"Thin route - reliable, short delay tail",-2.2150381574837734,-1.2649089543767478
OAK-SNA,OAK,SNA,371.0,2354,3,85.49,-1.15,23.0,0.722,3.371806458507416,2,"Thin route - reliable, short delay tail",-1.651867558081041,1.5293704944746127
OKC-DCA,OKC,DCA,1158.0,691,5,73.51,13.62,59.8,4.342,2.8394780473741985,1,"Thin route - long delay tail, high average delay",2.028006302304863,0.45237961138468197
OKC-MDW,OKC,MDW,691.0,560,1,84.31,2.04,25.3,1.429,2.7481880270062002,2,"Thin route - reliable, short delay tail",-1.7048688081640666,-0.8525241074355772
OMA-DAL,OMA,DAL,586.0,432,1,78.92,5.51,46.4,0.926,2.635483746814912,2,"Thin route - reliable, short delay tail",-0.6413201859318781,-1.370047267459378
OMA-LAS,OMA,LAS,1099.0,1127,2,83.04,3.26,37.0,0.532,3.0519239160461065,2,"Thin route - reliable, short delay tail",-1.2244999715078768,0.11547299767580407
OMA-MCO,OMA,MCO,1211.0,378,2,82.09,0.68,26.7,1.058,2.5774917998372255,2,"Thin route - reliable, short delay tail",-1.6812901301860756,-0.775712766734441
OMA-MDW,OMA,MDW,423.0,1327,1,81.18,3.16,29.0,1.356,3.1228709228644354,2,"Thin route - reliable, short delay tail",-1.1157649162042456,-0.16680075619371387
OMA-STL,OMA,STL,342.0,826,1,88.78,-4.31,18.1,0.484,2.9169800473203824,2,"Thin route - reliable, short delay tail",-2.7648654959264314,-0.19001526339298436
ONT-AUS,ONT,AUS,1196.0,337,2,74.33,8.53,31.6,0.297,2.5276299008713385,3,"Thin route - long-haul, rarely cancels",-0.6154912576345712,-1.1875876198990991
ONT-DAL,ONT,DAL,1200.0,399,1,74.23,10.71,38.8,1.504,2.6009728956867484,2,"Thin route - reliable, short delay tail",-0.10637693619788094,-1.6483533681579923
ONT-DEN,ONT,DEN,819.0,2643,3,81.04,5.71,34.4,0.341,3.4220971631317103,0,"Trunk route - multi-carrier, unreliable",-0.6833462268444543,1.3102025085377262
ONT-LAS,ONT,LAS,197.0,2476,2,77.05,7.21,45.0,0.929,3.39375064034808,0,"Trunk route - multi-carrier, unreliable",0.08651291092600792,0.6311473395063039
ORD-LAS,ORD,LAS,1514.0,5241,5,74.0,10.92,58.0,1.393,3.7194141597025934,0,"Trunk route - multi-carrier, unreliable",1.370962584235314,2.3927274951400337
ORF-BWI,ORF,BWI,159.0,1549,1,84.69,1.84,23.0,1.679,3.190051417759206,2,"Thin route - reliable, short delay tail",-1.4912284963591107,0.11286227519497316
PBI-BWI,PBI,BWI,883.0,1233,1,81.35,4.77,36.9,1.379,3.0909630765957314,2,"Thin route - reliable, short delay tail",-0.8921719128753041,-0.3526757087519194
PDX-MDW,PDX,MDW,1751.0,684,1,89.64,-3.48,15.0,0.731,2.835056101720116,3,"Thin route - long-haul, rarely cancels",-3.0566358757750764,-0.458553435206667
PDX-PHX,PDX,PHX,1010.0,3750,6,79.34,9.11,34.0,0.427,3.574031267727719,0,"Trunk route - multi-carrier, unreliable",0.14535700852554856,2.9391412632178686
PHX-BNA,PHX,BNA,1449.0,2367,3,73.05,10.33,43.0,0.591,3.374198257929083,0,"Trunk route - multi-carrier, unreliable",0.4113356609556879,0.8564091914258545
PHX-DAL,PHX,DAL,879.0,2889,1,76.04,8.01,44.0,1.523,3.460747541844197,2,"Thin route - reliable, short delay tail",0.10438378641923934,0.18924173961210292
PHX-GEG,PHX,GEG,1020.0,1257,4,74.84,8.31,46.0,0.239,3.0993352776859577,0,"Trunk route - multi-carrier, unreliable",0.2369876505616546,0.870907727269782
PHX-IAD,PHX,IAD,1956.0,1037,2,85.64,-1.79,22.7,0.675,3.015778756389041,3,"Thin route - long-haul, rarely cancels",-2.2614225065397124,0.2154866875859174
PHX-IND,PHX,IND,1489.0,1529,3,73.34,10.2,49.0,0.523,3.1844074854123203,0,"Trunk route - multi-carrier, unreliable",0.44135516428416804,0.4345205025509769
PHX-MDW,PHX,MDW,1444.0,2757,2,71.72,11.28,45.0,1.124,3.4404367661057735,0,"Trunk route - multi-carrier, unreliable",0.6381572319672336,0.4407114566889921
PHX-MSP,PHX,MSP,1276.0,3020,5,83.24,3.2,33.0,0.861,3.4800069429571505,0,"Trunk route - multi-carrier, unreliable",-0.7036277672435517,2.432674036130147
PHX-MSY,PHX,MSY,1301.0,932,4,71.71,12.81,51.0,0.536,2.9694159123539814,0,"Trunk route - multi-carrier, unreliable",0.8870679068212521,0.3906240792605473
PHX-OGG,PHX,OGG,2844.0,856,2,83.76,-5.13,25.0,0.234,2.932473764677153,3,"Thin route - long-haul, rarely cancels",-2.5571160015231147,0.006629207412963943
PHX-ORD,PHX,ORD,1440.0,5587,4,76.25,10.6,49.0,1.647,3.7471786713601642,0,"Trunk route - multi-carrier, unreliable",0.8764971828470699,2.0775583012423633
PHX-RNO,PHX,RNO,601.0,2444,5,80.05,6.1,37.0,0.573,3.3881012015705165,0,"Trunk route - multi-carrier, unreliable",-0.151273300331878,2.163286049708596
PHX-SAN,PHX,SAN,304.0,6002,5,71.71,11.67,51.0,1.3,3.7782959910888336,0,"Trunk route - multi-carrier, unreliable",1.6080922359745893,2.6030305148930735
PHX-SDF,PHX,SDF,1506.0,372,2,73.37,8.71,38.0,0.538,2.5705429398818973,3,"Thin route - long-haul, rarely cancels",-0.336963404639584,-1.1962600898418956
PHX-SMF,PHX,SMF,647.0,3622,4,80.2,4.23,35.0,0.414,3.5589484459780394,0,"Trunk route - multi-carrier, unreliable",-0.461275983853567,2.0907217745523883
PHX-TUL,PHX,TUL,935.0,1255,3,73.66,13.18,53.2,0.319,3.098643725817057,0,"Trunk route - multi-carrier, unreliable",0.7358349187832982,0.22613283572530105
PIT-DAL,PIT,DAL,1060.0,365,1,81.28,0.33,32.3,0.548,2.5622928644564746,2,"Thin route - reliable, short delay tail",-1.7372165140931985,-1.302017162224047
PIT-LAS,PIT,LAS,1910.0,719,2,83.26,0.09,28.4,0.139,2.8567288903828825,3,"Thin route - long-haul, rarely cancels",-1.9795535810431113,-0.2096897673354219
PIT-RSW,PIT,RSW,966.0,483,1,78.6,5.05,28.9,0.828,2.683947130751512,2,"Thin route - reliable, short delay tail",-1.1734612875584598,-1.1768156626557857
PIT-STL,PIT,STL,554.0,499,1,81.33,1.09,35.3,0.2,2.6981005456233897,2,"Thin route - reliable, short delay tail",-1.5566806278473428,-1.0076805439558874
PVD-BNA,PVD,BNA,906.0,380,1,82.04,3.79,31.0,1.316,2.57978359661681,2,"Thin route - reliable, short delay tail",-1.3878386064820167,-1.326230356926192
PVD-BWI,PVD,BWI,327.0,1870,1,86.71,-0.0,20.3,2.032,3.271841606536499,2,"Thin route - reliable, short delay tail",-1.755641838797222,0.3483493781019564
PWM-BWI,PWM,BWI,452.0,1342,1,82.87,4.65,24.0,0.894,3.1277525158329733,2,"Thin route - reliable, short delay tail",-1.3870098096721357,-0.11095553513922891
RDU-ATL,RDU,ATL,356.0,4630,3,87.05,1.01,24.0,1.555,3.6655809910179533,2,"Thin route - reliable, short delay tail",-1.2891565477964038,2.0830550419335045
RDU-LAS,RDU,LAS,2026.0,613,3,82.24,-1.49,29.0,0.816,2.787460474518415,3,"Thin route - long-haul, rarely cancels",-1.7382564512971848,0.10599208939140796
RDU-PHX,RDU,PHX,1891.0,834,2,81.29,1.02,27.8,1.079,2.921166050637739,3,"Thin route - long-haul, rarely cancels",-1.5348618536508778,-0.15639099005241658
RDU-TPA,RDU,TPA,587.0,1290,3,82.41,1.72,34.9,2.171,3.110589710299249,2,"Thin route - reliable, short delay tail",-0.7092342856657601,0.7376088020998767
RIC-DEN,RIC,DEN,1481.0,791,3,71.34,12.32,58.0,0.885,2.8981764834976764,1,"Thin route - long delay tail, high average delay",0.9481443704680458,-0.30215051635803647
RNO-LGB,RNO,LGB,402.0,694,1,81.95,2.09,35.4,1.009,2.841359470454855,2,"Thin route - reliable, short delay tail",-1.266746733765887,-0.7375108259516328
ROC-BWI,ROC,BWI,277.0,1105,1,82.64,4.36,31.2,1.176,3.0433622780211294,2,"Thin route - reliable, short delay tail",-1.1392318958269403,-0.32511759718485866
ROC-MCO,ROC,MCO,1033.0,504,3,63.95,20.86,77.0,1.19,2.7024305364455254,1,"Thin route - long delay tail, high average delay",2.661401052642381,-1.113453853658264
ROC-MDW,ROC,MDW,523.0,496,1,78.03,5.14,40.0,1.613,2.6954816764901977,2,"Thin route - reliable, short delay tail",-0.5740920849058374,-1.2291438975353115
RSW-CMH,RSW,CMH,930.0,651,1,74.33,10.0,49.0,1.382,2.813580988568192,2,"Thin route - reliable, short delay tail",0.20608103011599307,-1.240188701121947
RSW-DEN,RSW,DEN,1607.0,1153,3,82.95,-0.34,35.0,0.347,3.061829307294699,3,"Thin route - long-haul, rarely cancels",-1.4901396007958392,0.6644679199793871
SAN-DAL,SAN,DAL,1182.0,1571,1,68.06,11.6,47.0,1.655,3.1961761850399735,1,"Thin route - long delay tail, high average delay",0.9199862805078824,-0.6191093859573678
SAN-MCI,SAN,MCI,1334.0,385,1,71.05,11.64,48.0,0.779,2.5854607295085006,3,"Thin route - long-haul, rarely cancels",0.25002970470022395,-1.8069201505663604
SAN-MDW,SAN,MDW,1728.0,1093,1,77.63,4.73,34.8,1.006,3.038620161949703,3,"Thin route - long-haul, rarely cancels",-0.9042278003451958,-0.5682952623789679
SAN-PHX,SAN,PHX,304.0,5976,5,74.47,11.04,49.0,1.556,3.7764105888073423,0,"Trunk route - multi-carrier, unreliable",1.357928529908233,2.6676680067355174
SAN-RNO,SAN,RNO,488.0,1207,3,75.21,4.61,44.5,1.574,3.081707270097349,0,"Trunk route - multi-carrier, unreliable",0.16194498940592741,0.4504850144056468
SAT-BWI,SAT,BWI,1407.0,732,1,81.17,4.39,32.0,1.776,2.864511081058392,3,"Thin route - long-haul, rarely cancels",-1.1145689830675694,-0.8328220281812528
SAT-DEN,SAT,DEN,794.0,3040,4,81.84,4.27,37.0,0.428,3.482873583608754,0,"Trunk route - multi-carrier, unreliable",-0.5827269168981829,1.9383518033390277
SAT-ELP,SAT,ELP,496.0,747,1,79.84,3.78,34.7,0.134,2.873320601815399,2,"Thin route - reliable, short delay tail",-1.2124488350683764,-0.7205959093221884
SAT-MSY,SAT,MSY,495.0,346,1,83.48,0.99,24.0,0.289,2.5390760987927767,2,"Thin route - reliable, short delay tail",-2.060740792583242,-1.2140166957433498
SBA-DEN,SBA,DEN,916.0,1073,2,84.29,1.84,30.0,0.652,3.030599721965951,2,"Thin route - reliable, short delay tail",-1.553314553193622,0.18164034760441602
SBA-LAS,SBA,LAS,289.0,885,1,86.93,-1.33,22.1,0.565,2.9469432706978256,2,"Thin route - reliable, short delay tail",-2.2761629765260993,-0.2485790869996449
SBA-SMF,SBA,SMF,310.0,365,1,82.92,-1.63,26.8,0.548,2.5622928644564746,2,"Thin route - reliable, short delay tail",-2.0220867547476287,-1.1350849192796082
SDF-DAL,SDF,DAL,725.0,350,1,83.87,-1.72,28.0,0.571,2.5440680443502757,2,"Thin route - reliable, short delay tail",-2.137805263006328,-1.1952643596771648
SDF-MDW,SDF,MDW,271.0,977,1,85.04,0.81,30.0,1.74,2.989894563718773,2,"Thin route - reliable, short delay tail",-1.4859991972842943,-0.32720516977124475
SDF-PHX,SDF,PHX,1506.0,372,2,82.51,-1.29,27.5,1.075,2.5705429398818973,3,"Thin route - long-haul, rarely cancels",-1.871411371504645,-0.771424487649302
SEA-BNA,SEA,BNA,1978.0,1476,3,79.14,1.11,36.0,0.881,3.1690863574870227,3,"Thin route - long-haul, rarely cancels",-0.9648230656846608,0.7320270989127649
SEA-DEN,SEA,DEN,1024.0,6325,6,78.49,4.1,38.0,0.743,3.8010605298478555,0,"Trunk route - multi-carrier, unreliable",0.13883253158349268,3.4530916096564748
SFO-BNA,SFO,BNA,1969.0,1158,2,73.0,9.59,46.0,0.432,3.0637085593914173,3,"Thin route - long-haul, rarely cancels",0.05918394986409752,-0.29943490648505816
SFO-MDW,SFO,MDW,1855.0,485,1,72.84,6.55,37.6,1.237,2.6857417386022635,3,"Thin route - long-haul, rarely cancels",-0.4439207133933134,-1.4508226139454348
SJC-DAL,SJC,DAL,1450.0,427,1,84.29,2.08,26.1,0.937,2.630427875025024,3,"Thin route - long-haul, rarely cancels",-1.9604631644755663,-1.1454162091611768
SJC-DEN,SJC,DEN,948.0,2564,3,80.97,2.75,35.0,0.39,3.4089180208467798,2,"Thin route - reliable, short delay tail",-0.8764147543087918,1.326765359623946
SJC-HNL,SJC,HNL,2417.0,808,3,82.65,-0.44,26.4,0.0,2.907411360774586,3,"Thin route - long-haul, rarely cancels",-1.9707977278562585,0.3490174183258447
SJC-ONT,SJC,ONT,333.0,1317,1,82.5,0.98,27.0,0.152,3.119585774961784,2,"Thin route - reliable, short delay tail",-1.6826965469682993,-0.04670115697831173
SJU-FLL,SJU,FLL,1046.0,2336,4,74.72,12.79,59.0,1.455,3.3684728384403617,0,"Trunk route - multi-carrier, unreliable",1.2750152786219016,1.2001536011201608
SJU-TPA,SJU,TPA,1237.0,1519,4,76.11,11.46,52.0,1.712,3.1815577738627865,0,"Trunk route - multi-carrier, unreliable",0.8480683424675198,0.8940036998330771
SLC-BNA,SLC,BNA,1404.0,1206,2,85.64,-0.47,23.0,0.58,3.0813473078041325,3,"Thin route - long-haul, rarely cancels",-2.072528922292418,0.3676745322326535
SLC-BWI,SLC,BWI,1865.0,769,2,81.37,0.82,26.0,1.3,2.885926339801431,3,"Thin route - long-haul, rarely cancels",-1.5608358866968859,-0.2156414556627683
SMF-AUS,SMF,AUS,1481.0,385,1,78.91,5.46,27.7,0.26,2.5854607295085006,3,"Thin route - long-haul, rarely cancels",-1.4534462869989528,-1.3965261794876636
SMF-BNA,SMF,BNA,1917.0,345,1,88.92,-0.52,16.0,0.29,2.537819095073274,3,"Thin route - long-haul, rarely cancels",-3.020584987427306,-1.1467852342597753
SMF-BOI,SMF,BOI,437.0,860,1,80.7,3.0,29.0,0.0,2.934498451243568,2,"Thin route - reliable, short delay tail",-1.4793386810319122,-0.5165574952918331
SMF-DEN,SMF,DEN,909.0,3845,3,83.33,2.71,29.0,0.338,3.5848963441374497,0,"Trunk route - multi-carrier, unreliable",-1.1559432435749533,1.7756352553718453
SMF-HOU,SMF,HOU,1624.0,364,1,75.21,8.33,28.0,0.549,2.561101383649056,3,"Thin route - long-haul, rarely cancels",-0.9315798000544688,-1.5948247090750425
SRQ-MDW,SRQ,MDW,1035.0,520,1,72.82,11.79,45.7,1.538,2.716003343634799,1,"Thin route - long delay tail, high average delay",0.33720159560453017,-1.4950083777943122
STL-ATL,STL,ATL,484.0,3684,3,84.87,-0.28,28.2,1.737,3.566319621524811,2,"Thin route - reliable, short delay tail",-1.1146434372421885,1.8226462045613119
STL-DAL,STL,DAL,546.0,1952,1,75.88,8.5,48.0,1.486,3.290479813330673,2,"Thin route - reliable, short delay tail",0.23247421099059126,-0.17125752842082165
STL-DCA,STL,DCA,719.0,2416,5,73.47,12.32,55.0,2.608,3.3830969299490943,0,"Trunk route - multi-carrier, unreliable",1.7012082408839482,1.7121178427513768
STL-DTW,STL,DTW,440.0,1894,4,81.34,6.34,44.0,1.162,3.2773799746672547,0,"Trunk route - multi-carrier, unreliable",-0.07507996911815552,1.4246757191099895
STL-ECP,STL,ECP,634.0,315,1,75.32,7.56,35.8,0.317,2.4983105537896004,2,"Thin route - reliable, short delay tail",-0.7070997242617537,-1.671632788364426
STL-FLL,STL,FLL,1057.0,828,3,74.33,9.73,40.0,0.483,2.9180303367848803,2,"Thin route - reliable, short delay tail",0.04970326111443527,0.013409551785406289
STL-MKE,STL,MKE,317.0,685,1,82.35,3.73,32.0,0.73,2.8356905714924254,2,"Thin route - reliable, short delay tail",-1.3297712274296738,-0.7370991735360286
STL-OKC,STL,OKC,462.0,412,2,82.31,1.28,24.4,1.214,2.6148972160331345,2,"Thin route - reliable, short delay tail",-1.5484803736777115,-0.6369715068290457
STL-PHL,STL,PHL,814.0,1602,4,80.13,8.11,44.0,1.436,3.204662511748219,0,"Trunk route - multi-carrier, unreliable",0.11289613744368124,1.1791870585726698
STL-SAT,STL,SAT,786.0,548,1,80.81,0.74,32.9,0.182,2.738780558484369,2,"Thin route - reliable, short delay tail",-1.6284654430393461,-0.9285407449683529
TPA-AUS,TPA,AUS,928.0,1544,3,79.74,3.82,39.0,0.648,3.188647295999717,2,"Thin route - reliable, short delay tail",-0.6279799574794424,0.7984164619891106
TPA-BDL,TPA,BDL,1111.0,682,2,72.84,12.82,52.0,1.613,2.833784374656479,1,"Thin route - long delay tail, high average delay",0.7662385061630584,-0.8476096098759116
TPA-BNA,TPA,BNA,612.0,2476,3,75.18,9.38,44.0,0.969,3.39375064034808,0,"Trunk route - multi-carrier, unreliable",0.4372311410662751,1.0029734162120238
TPA-BWI,TPA,BWI,842.0,2651,3,81.69,2.96,33.0,1.66,3.4234097277330933,0,"Trunk route - multi-carrier, unreliable",-0.6548094772687345,1.3475460940550306
TPA-DCA,TPA,DCA,814.0,2244,3,74.94,11.44,52.0,2.317,3.3510228525841237,0,"Trunk route - multi-carrier, unreliable",1.0682167512679672,0.7569617219030911
TPA-LAS,TPA,LAS,1984.0,1042,3,80.12,3.49,33.0,1.056,3.0178677189635055,3,"Thin route - long-haul, rarely cancels",-0.979367520572944,0.40585106992167613
TPA-MCI,TPA,MCI,1048.0,661,2,78.02,7.15,38.0,0.605,2.82020145948564,2,"Thin route - reliable, short delay tail",-0.6143699879633141,-0.5344799141686486
TPA-MSY,TPA,MSY,487.0,1063,3,79.39,5.66,39.8,0.847,3.0265332645232967,2,"Thin route - reliable, short delay tail",-0.4036084039237024,0.446295266095254
TPA-SJU,TPA,SJU,1237.0,1519,4,73.01,17.17,65.0,1.646,3.1815577738627865,0,"Trunk route - multi-carrier, unreliable",1.8009917192988114,0.6352467647653761
VPS-DAL,VPS,DAL,630.0,445,1,83.71,2.25,41.9,0.449,2.6483600109809315,2,"Thin route - reliable, short delay tail",-1.4622754184156241,-1.1482950517438173
CLE-TPA,CLE,TPA,927.0,1027,3,79.45,4.54,50.9,1.266,3.0115704435972783,2,"Thin route - reliable, short delay tail",-0.17009504746610182,0.3167875878057698
LAX-KOA,LAX,KOA,2504.0,1607,5,82.06,0.71,30.0,0.747,3.2060158767633444,3,"Thin route - long-haul, rarely cancels",-1.1899247913456115,1.827199527036546
LAX-LIH,LAX,LIH,2615.0,1578,6,83.22,-1.76,26.0,0.444,3.1981069988734014,3,"Thin route - long-haul, rarely cancels",-1.4997268485647297,2.38814618695527
MCI-SEA,MCI,SEA,1490.0,1131,3,85.0,1.02,25.0,1.061,3.053462604925455,3,"Thin route - long-haul, rarely cancels",-1.6404263929237757,0.7110835794730959
MCO-DTW,MCO,DTW,957.0,3638,4,73.2,12.94,62.0,1.209,3.5608626947274646,0,"Trunk route - multi-carrier, unreliable",1.5152234441888073,1.5577577870142454
PDX-SAN,PDX,SAN,933.0,1771,3,77.04,5.36,29.0,0.791,3.248218561190075,0,"Trunk route - multi-carrier, unreliable",-0.5235662670863823,0.9021785264101836
SAN-TPA,SAN,TPA,2087.0,642,2,80.72,4.24,35.3,0.467,2.807535028068853,3,"Thin route - long-haul, rarely cancels",-1.2928891342593698,-0.5123417318172652
MCO-LAX,MCO,LAX,2218.0,3556,5,81.11,3.34,38.0,0.619,3.5509617522981762,0,"Trunk route - multi-carrier, unreliable",-0.5753551714882942,2.4349024461302946
MCO-MIA,MCO,MIA,192.0,3765,3,74.39,12.58,58.0,0.983,3.5757649805367193,0,"Trunk route - multi-carrier, unreliable",1.2259311754052244,1.2344079558609469
MDW-IND,MDW,IND,162.0,732,1,83.1,-0.31,33.9,1.366,2.864511081058392,2,"Thin route - reliable, short delay tail",-1.4274638910218924,-0.6019012331983614
PHX-SBA,PHX,SBA,455.0,1431,4,81.84,6.59,37.0,0.978,3.1556396337597765,0,"Trunk route - multi-carrier, unreliable",-0.37461378353558633,1.2311584793800703
TPA-CLE,TPA,CLE,927.0,1029,3,78.35,7.4,61.0,1.069,3.012415374762433,0,"Trunk route - multi-carrier, unreliable",0.3294290828426244,0.17808616023538254
BOS-ATL,BOS,ATL,946.0,4973,4,77.89,6.13,49.0,2.152,3.696618459232225,0,"Trunk route - multi-carrier, unreliable",0.6231540051046772,2.1192681854272055
SAN-ATL,SAN,ATL,1892.0,2378,2,85.78,1.69,22.0,0.673,3.376211850282673,3,"Thin route - long-haul, rarely cancels",-1.9033743859948165,0.8941127730908808
ATL-SJC,ATL,SJC,2116.0,901,1,86.04,-1.26,23.3,1.332,2.954724790979063,3,"Thin route - long-haul, rarely cancels",-2.2815366832464514,-0.42830638666375215
LAX-JFK,LAX,JFK,2475.0,10284,4,79.02,7.24,50.0,2.499,4.012162067970823,0,"Trunk route - multi-carrier, unreliable",0.5989141398590916,2.6229040110199016
ATL-TUS,ATL,TUS,1541.0,809,1,82.37,3.71,30.0,1.854,2.9079485216122722,3,"Thin route - long-haul, rarely cancels",-1.2920927774469317,-0.70790190620338
JFK-JAX,JFK,JAX,829.0,1187,3,75.27,8.84,61.0,4.212,3.074450718954591,1,"Thin route - long delay tail, high average delay",1.4304030787938558,0.12950249773484684
PBI-ATL,PBI,ATL,545.0,3791,2,82.61,2.44,35.5,1.583,3.5787537844264348,2,"Thin route - reliable, short delay tail",-0.7469837498505084,1.224146154848301
BDL-DTW,BDL,DTW,549.0,1269,2,88.8,-3.2,19.0,2.128,3.103461622094705,2,"Thin route - reliable, short delay tail",-2.1043472470484796,0.5732996813419889
BTV-ATL,BTV,ATL,961.0,391,1,85.19,1.56,24.0,2.302,2.5921767573958667,2,"Thin route - reliable, short delay tail",-1.742693880130536,-1.1859906377193201
ATL-LAX,ATL,LAX,1947.0,4945,4,78.09,5.83,42.0,0.849,3.694166295933198,0,"Trunk route - multi-carrier, unreliable",-0.05839140900452393,2.1317009776590177
ABQ-ATL,ABQ,ATL,1269.0,997,1,89.65,-3.14,16.0,1.805,2.998695158311656,2,"Thin route - reliable, short delay tail",-2.6186428991237025,-0.13215050533515066
AUS-SEA,AUS,SEA,1770.0,2067,3,82.29,1.86,30.0,0.919,3.3153404766272883,3,"Thin route - long-haul, rarely cancels",-1.2161190465352412,1.1289270081369895
LGA-FLL,LGA,FLL,1076.0,4692,4,68.81,15.14,75.2,4.305,3.671358003443492,0,"Trunk route - multi-carrier, unreliable",3.090898736788368,1.4642558919181317
DFW-SLC,DFW,SLC,989.0,3869,4,70.01,16.17,68.0,2.404,3.587598729721245,0,"Trunk route - multi-carrier, unreliable",2.4195105643043293,1.4081750637787818
MCO-MSP,MCO,MSP,1310.0,1943,3,78.09,12.53,57.0,1.287,3.2884728005997825,0,"Trunk route - multi-carrier, unreliable",0.688987870122722,0.6225846734086427
ATL-MDT,ATL,MDT,620.0,1002,1,81.22,5.22,38.0,2.196,3.0008677215312267,2,"Thin route - reliable, short delay tail",-0.6278775519937111,-0.5604484039534887
IAH-ATL,IAH,ATL,689.0,4919,5,77.14,8.12,48.0,1.992,3.6918768225593315,0,"Trunk route - multi-carrier, unreliable",0.9340699812567314,2.565375601847303
DTW-PHX,DTW,PHX,1671.0,2396,5,76.55,11.09,51.0,0.668,3.3794868137172736,0,"Trunk route - multi-carrier, unreliable",0.6738392742461408,1.797098654255908
TPA-BOS,TPA,BOS,1185.0,2794,4,75.1,10.77,66.0,2.827,3.446226401778163,0,"Trunk route - multi-carrier, unreliable",1.6194351386330301,1.3065906928220965
GPT-ATL,GPT,ATL,352.0,1317,1,87.31,0.51,26.9,1.595,3.119585774961784,2,"Thin route - reliable, short delay tail",-1.7584728103137899,0.004432368019794615
ATL-AVL,ATL,AVL,164.0,2018,1,84.84,2.13,31.0,1.14,3.3049211619008916,2,"Thin route - reliable, short delay tail",-1.3518772872310045,0.3072477518254147
ATL-GSO,ATL,GSO,306.0,2754,1,83.83,2.45,34.5,1.997,3.439963935920905,2,"Thin route - reliable, short delay tail",-0.9311630327567146,0.49707363031090435
GSO-ATL,GSO,ATL,306.0,2754,1,88.96,-5.33,18.0,2.142,3.439963935920905,2,"Thin route - reliable, short delay tail",-2.25481436257977,0.8562059895265183
MSP-TPA,MSP,TPA,1306.0,1177,1,80.64,4.2,36.9,1.02,3.0707764628434346,2,"Thin route - reliable, short delay tail",-1.0339985892534824,-0.41782138849021183
SJU-JFK,SJU,JFK,1598.0,3596,3,78.32,7.61,50.0,3.17,3.5558196830611912,0,"Trunk route - multi-carrier, unreliable",0.648948231995747,1.2400864577022535
JFK-SJU,JFK,SJU,1598.0,3590,3,70.14,14.17,71.0,3.036,3.5550944485783194,0,"Trunk route - multi-carrier, unreliable",2.2468332430967415,0.8184920009410928
SJU-ATL,SJU,ATL,1547.0,2095,3,81.39,5.09,41.0,1.384,3.3211840273023143,3,"Thin route - long-haul, rarely cancels",-0.4929974321656325,0.9876458259498806
PWM-DTW,PWM,DTW,668.0,613,3,79.7,7.61,50.0,0.979,2.787460474518415,2,"Thin route - reliable, short delay tail",-0.1195781036196219,-0.1644856251797197
ATL-LEX,ATL,LEX,304.0,2055,2,84.83,1.26,30.0,1.898,3.312811826212088,2,"Thin route - reliable, short delay tail",-1.1374674613654114,0.7909185758720187
DTW-SJU,DTW,SJU,1930.0,358,2,75.92,6.69,35.8,0.838,2.5538830266438746,3,"Thin route - long-haul, rarely cancels",-0.7331983006999175,-1.1710991087039253
DTW-CLT,DTW,CLT,500.0,3510,5,83.66,1.8,35.0,1.738,3.545307116465824,0,"Trunk route - multi-carrier, unreliable",-0.4260297964059905,2.6238802577805806
TYS-ATL,TYS,ATL,152.0,1719,2,87.83,-5.85,21.0,1.862,3.2352758766870524,2,"Thin route - reliable, short delay tail",-2.1016788770093746,0.906315579355684
ATL-OKC,ATL,OKC,761.0,1821,3,81.93,2.31,35.0,2.636,3.26030994579492,2,"Thin route - reliable, short delay tail",-0.4907562227640986,0.9940907310391506
MSP-SJC,MSP,SJC,1575.0,510,1,72.96,10.47,54.8,1.176,2.7075701760979363,3,"Thin route - long-haul, rarely cancels",0.30459233269835123,-1.5758035112629902
SJC-MSP,SJC,MSP,1575.0,510,1,91.47,-5.65,11.0,1.176,2.7075701760979363,2,"Thin route - reliable, short delay tail",-3.3698001212272577,-0.6145923846162923
MSP-SLC,MSP,SLC,991.0,1598,1,85.41,0.25,24.1,0.438,3.2035767749779724,2,"Thin route - reliable, short delay tail",-2.0387407723027016,0.15094223498997014
SLC-MIA,SLC,MIA,2088.0,796,2,84.81,1.21,29.0,0.628,2.900913067737669,3,"Thin route - long-haul, rarely cancels",-1.9057486032151116,-0.14761143007251995
JAX-LGA,JAX,LGA,834.0,628,2,83.33,8.51,48.1,4.14,2.797959643737196,2,"Thin route - reliable, short delay tail",0.1753105548194593,-0.672497605873722
BOS-RDU,BOS,RDU,612.0,2828,4,75.55,7.94,66.0,2.687,3.4514794051248616,0,"Trunk route - multi-carrier, unreliable",1.4544914371156759,1.4337023180723123
DSM-ATL,DSM,ATL,743.0,1252,1,89.29,-6.26,17.4,2.396,3.097604328874411,2,"Thin route - reliable, short delay tail",-2.50529240229142,0.14189009140630987
SYR-DTW,SYR,DTW,374.0,691,3,82.26,2.16,39.9,1.158,2.8394780473741985,2,"Thin route - reliable, short delay tail",-0.8432407415926869,0.18605081753893013
SFO-JFK,SFO,JFK,2586.0,6769,4,79.81,4.06,43.0,2.216,3.8305245140972586,0,"Trunk route - multi-carrier, unreliable",-0.016477071082563507,2.3778105981985633
BOI-MSP,BOI,MSP,1142.0,783,1,87.15,-0.88,19.3,0.511,2.8937617620579434,2,"Thin route - reliable, short delay tail",-2.5059001599729744,-0.41031249035858974
DTW-BDL,DTW,BDL,549.0,1267,2,85.0,0.36,30.1,1.973,3.1027766148834415,2,"Thin route - reliable, short delay tail",-1.3135072467702347,0.36007063140414364
MIA-RDU,MIA,RDU,700.0,2356,5,70.71,15.13,75.0,1.655,3.372175286115064,0,"Trunk route - multi-carrier, unreliable",2.4106923662701467,1.4786829063341045
DTW-JAX,DTW,JAX,813.0,637,1,84.57,-1.09,26.9,2.355,2.8041394323353503,2,"Thin route - reliable, short delay tail",-1.6775586684088075,-0.7185248900851359
JAX-DTW,JAX,DTW,813.0,637,1,86.98,-1.56,25.9,2.355,2.8041394323353503,2,"Thin route - reliable, short delay tail",-1.9218500440686674,-0.6584154889720116
ATL-MKE,ATL,MKE,669.0,2264,2,82.28,3.1,31.0,1.943,3.354876422516234,2,"Thin route - reliable, short delay tail",-0.820887642171197,0.7556699180887959
MKE-ATL,MKE,ATL,669.0,2264,2,88.55,-5.09,20.0,2.032,3.354876422516234,2,"Thin route - reliable, short delay tail",-2.128050810497963,1.108630363236554
GSP-ATL,GSP,ATL,153.0,2819,1,90.18,-5.04,14.0,1.632,3.4500950758716025,2,"Thin route - reliable, short delay tail",-2.5244434171779133,0.9481806551578403
ATL-HSV,ATL,HSV,151.0,2236,2,83.97,2.57,33.1,1.878,3.3494717992143856,2,"Thin route - reliable, short delay tail",-0.8665234507273493,0.8154629381453105
ATL-DAB,ATL,DAB,366.0,1455,1,86.84,1.03,27.0,1.787,3.162862993321926,2,"Thin route - reliable, short delay tail",-1.6251866377068418,0.0660220747497378
ATL-MLB,ATL,MLB,443.0,1449,1,83.76,2.06,31.0,1.311,3.1610683854711747,2,"Thin route - reliable, short delay tail",-1.3350091119488647,-0.03291570682935149
MLB-ATL,MLB,ATL,443.0,1449,1,87.38,-2.25,25.0,1.449,3.1610683854711747,2,"Thin route - reliable, short delay tail",-2.032181701715087,0.1572269583179198
ATL-VPS,ATL,VPS,250.0,2393,1,84.06,1.89,31.0,1.713,3.378942698613437,2,"Thin route - reliable, short delay tail",-1.1599292122279745,0.42474550230898767
SRQ-ATL,SRQ,ATL,444.0,2294,1,87.82,-0.5,23.0,1.874,3.360593413565249,2,"Thin route - reliable, short delay tail",-1.8238642919179033,0.5377526971219933
ATL-RIC,ATL,RIC,481.0,2674,2,81.48,5.3,33.7,1.982,3.4271614029259654,2,"Thin route - reliable, short delay tail",-0.4717476886193321,0.8396078415912466
MSP-DTW,MSP,DTW,528.0,1918,2,82.0,3.54,32.0,0.574,3.282848602834645,2,"Thin route - reliable, short delay tail",-1.0653042007622409,0.6413820564159631
SEA-ATL,SEA,ATL,2182.0,3277,2,83.52,2.3,30.0,0.58,3.515476441382376,3,"Thin route - long-haul, rarely cancels",-1.4889717884292584,1.0514262426503234
LAX-ATL,LAX,ATL,1947.0,4938,4,78.55,7.75,40.0,0.932,3.6935510855959133,0,"Trunk route - multi-carrier, unreliable",0.0018650776774674772,2.1103047503285386
MSY-SEA,MSY,SEA,2086.0,626,2,71.77,9.3,48.1,0.799,2.7965743332104296,3,"Thin route - long-haul, rarely cancels",0.15045808641590014,-0.8973617982648195
ATL-RSW,ATL,RSW,515.0,2817,2,77.15,7.77,44.0,1.633,3.4497868469857735,0,"Trunk route - multi-carrier, unreliable",0.22433231102615642,0.6955130017802126
BOS-MSP,BOS,MSP,1124.0,1853,1,82.96,2.6,31.0,1.349,3.2678754193188975,2,"Thin route - reliable, short delay tail",-1.2940653181981703,0.10441040974570771
HPN-ATL,HPN,ATL,781.0,717,1,82.17,6.45,34.1,3.068,2.8555191556678,2,"Thin route - reliable, short delay tail",-0.6029272014784333,-0.8796368277039661
SYR-ATL,SYR,ATL,794.0,1108,2,83.97,0.09,33.2,2.256,3.044539760392411,2,"Thin route - reliable, short delay tail",-1.1670420424326142,0.17847227900788487
MSP-BIL,MSP,BIL,748.0,365,1,80.06,2.5,34.0,0.822,2.5622928644564746,2,"Thin route - reliable, short delay tail",-1.3386667400632721,-1.3636782302388917
JFK-SAT,JFK,SAT,1587.0,362,1,88.44,-3.85,17.5,4.144,2.558708570533166,2,"Thin route - reliable, short delay tail",-2.218175925187689,-1.1482826502554784
SAT-JFK,SAT,JFK,1587.0,362,1,81.98,8.93,49.1,4.42,2.558708570533166,3,"Thin route - long-haul, rarely cancels",0.04159881376850674,-1.7487963807841163
TUL-ATL,TUL,ATL,674.0,1576,1,87.95,-2.86,23.0,2.411,3.1975562131535367,2,"Thin route - reliable, short delay tail",-1.9703928665029327,0.21975542440886692
AUS-JFK,AUS,JFK,1521.0,2191,2,80.78,7.65,49.0,3.058,3.3406423775607053,0,"Trunk route - multi-carrier, unreliable",0.19356408947858575,0.3820351376105106
MDT-ATL,MDT,ATL,620.0,1002,1,85.88,-3.15,26.0,2.395,3.0008677215312267,2,"Thin route - reliable, short delay tail",-1.823827866481413,-0.22971900057177325
PDX-ATL,PDX,ATL,2172.0,1551,3,88.53,-4.5,18.0,0.967,3.190611797813605,3,"Thin route - long-haul, rarely cancels",-2.5465608096731267,1.164465565801141
ATL-PWM,ATL,PWM,1027.0,642,1,75.43,8.49,41.0,1.09,2.807535028068853,2,"Thin route - reliable, short delay tail",-0.27724857922417895,-1.1464571381566606
CMH-SLC,CMH,SLC,1528.0,363,1,90.03,-3.97,14.0,0.551,2.5599066250361124,3,"Thin route - long-haul, rarely cancels",-3.261193549947329,-0.9742836604526651
PDX-MSP,PDX,MSP,1426.0,1543,2,91.91,-7.65,10.0,0.583,3.188365926063148,2,"Thin route - reliable, short delay tail",-3.3452862914569934,0.9332965868452734
PDX-DTW,PDX,DTW,1953.0,379,1,78.4,15.22,32.0,1.055,2.578639209968072,3,"Thin route - long-haul, rarely cancels",-0.5357204027221202,-1.7112748801760205
FLL-BOS,FLL,BOS,1237.0,3347,3,66.94,19.1,81.0,3.466,3.5246557123577773,1,"Thin route - long delay tail, high average delay",3.2355427974315614,0.5452249510129935
MSP-RSW,MSP,RSW,1416.0,1211,1,77.85,6.79,41.9,1.239,3.0831441431430524,3,"Thin route - long-haul, rarely cancels",-0.47366335659476705,-0.5455202927461452
ORD-SLC,ORD,SLC,1250.0,3204,5,69.83,18.95,69.0,1.404,3.5056925074122,0,"Trunk route - multi-carrier, unreliable",2.4856355167535713,1.6618307077602557
LGA-SAV,LGA,SAV,722.0,578,2,72.5,9.32,55.4,5.017,2.761927838420529,1,"Thin route - long delay tail, high average delay",1.4652909707935073,-1.026909592377855
LGA-MIA,LGA,MIA,1096.0,5986,5,70.39,15.85,74.0,4.026,3.7771367125041726,0,"Trunk route - multi-carrier, unreliable",3.1023012738735516,2.187953024306646
RSW-LGA,RSW,LGA,1080.0,897,2,70.72,18.53,89.4,4.682,2.952792443044092,1,"Thin route - long delay tail, high average delay",3.0633151570763295,-1.1044726050507747
SEA-DTW,SEA,DTW,1927.0,2060,2,85.45,-0.44,24.0,0.777,3.3138672203691533,3,"Thin route - long-haul, rarely cancels",-1.9751584228604597,0.784716989225108
ATL-CHA,ATL,CHA,106.0,1335,2,82.43,3.29,38.0,2.322,3.125481265700594,2,"Thin route - reliable, short delay tail",-0.5485729324654195,0.27119709327837443
HPN-FLL,HPN,FLL,1097.0,880,1,71.75,14.09,70.8,2.386,2.9444826721501687,1,"Thin route - long delay tail, high average delay",1.5139761361102388,-1.2943558585605517
SFO-BOS,SFO,BOS,2704.0,4733,5,75.95,7.76,57.0,1.669,3.6751365044679942,0,"Trunk route - multi-carrier, unreliable",0.8374176989702403,2.305278423193918
MCO-BOS,MCO,BOS,1121.0,4625,6,71.06,14.18,72.3,3.049,3.6651117370750512,0,"Trunk route - multi-carrier, unreliable",2.7619452098022483,2.522957230018654
SYR-MCO,SYR,MCO,1053.0,700,2,73.29,11.41,66.0,1.286,2.845098040014257,1,"Thin route - long delay tail, high average delay",0.9439744424867872,-0.8667772226392463
JFK-BDL,JFK,BDL,106.0,365,1,63.17,16.13,71.0,3.288,2.5622928644564746,1,"Thin route - long delay tail, high average delay",2.534484344379959,-2.224180276850862
FLL-EWR,FLL,EWR,1065.0,4716,3,70.94,14.43,76.0,3.393,3.6735737964230517,0,"Trunk route - multi-carrier, unreliable",2.548673349257231,1.0679660426812478
JFK-SAV,JFK,SAV,717.0,632,2,76.74,7.53,50.8,4.43,2.800717078282385,1,"Thin route - long delay tail, high average delay",0.7761002592598801,-0.7842330375009101
MCO-PSE,MCO,PSE,1178.0,617,2,83.47,3.17,33.0,0.81,2.7902851640332416,2,"Thin route - reliable, short delay tail",-1.421274076210571,-0.39831398695413467
FLL-HPN,FLL,HPN,1097.0,880,1,74.08,9.42,57.6,2.159,2.9444826721501687,1,"Thin route - long delay tail, high average delay",0.6178323259858656,-1.0604199899209923
JFK-LAX,JFK,LAX,2475.0,10281,4,77.23,5.31,51.0,2.402,4.01203535914953,0,"Trunk route - multi-carrier, unreliable",0.6107982865809317,2.6260120820636175
BOS-SYR,BOS,SYR,265.0,474,2,68.9,12.91,74.4,2.11,2.6757783416740852,1,"Thin route - long delay tail, high average delay",1.854708110729813,-1.3428794298276259
BOS-DCA,BOS,DCA,399.0,9092,5,73.63,11.11,63.0,3.784,3.9586594270529334,0,"Trunk route - multi-carrier, unreliable",2.3684631240354888,2.8526751216555417
BOS-SJU,BOS,SJU,1674.0,1770,4,67.35,18.37,75.0,2.938,3.247973266361807,1,"Thin route - long delay tail, high average delay",2.8382204905130637,0.5013145319832775
SJU-BOS,SJU,BOS,1674.0,1961,4,71.04,13.32,67.0,3.111,3.292477593667784,0,"Trunk route - multi-carrier, unreliable",2.0585731894131722,0.8113339725405936
EWR-TPA,EWR,TPA,997.0,2575,2,81.32,1.93,40.0,2.019,3.41077723337721,2,"Thin route - reliable, short delay tail",-0.600722464333378,0.7874532743141066
TPA-EWR,TPA,EWR,997.0,2578,2,77.58,8.98,58.0,1.901,3.4112829130173843,0,"Trunk route - multi-carrier, unreliable",0.6122869299955495,0.4586149067030009
EWR-MCO,EWR,MCO,937.0,6533,4,77.48,7.64,56.0,3.015,3.8151126581898125,0,"Trunk route - multi-carrier, unreliable",1.18912039928477,2.2500593891871454
SJU-STT,SJU,STT,68.0,357,2,70.34,17.83,63.7,0.56,2.552668216112193,1,"Thin route - long delay tail, high average delay",1.4180650030568056,-1.5334582170843771
HPN-PBI,HPN,PBI,1056.0,1667,1,73.61,12.47,67.0,2.819,3.2219355998280053,1,"Thin route - long delay tail, high average delay",1.376889942966913,-0.6442870999217396
BOS-PHL,BOS,PHL,280.0,4981,4,76.52,10.3,61.0,3.052,3.697316541732383,0,"Trunk route - multi-carrier, unreliable",1.641336200119604,1.954794690705189
JFK-ROC,JFK,ROC,264.0,606,1,70.14,12.55,82.5,4.785,2.782472624166286,1,"Thin route - long delay tail, high average delay",2.4654806248005032,-1.7104057306146245
BDL-PBI,BDL,PBI,1133.0,516,1,71.09,12.67,65.0,1.938,2.7126497016272113,1,"Thin route - long delay tail, high average delay",1.115087761517967,-1.7014987906618628
HPN-RSW,HPN,RSW,1102.0,597,1,82.38,0.9,40.2,2.345,2.775974331129369,2,"Thin route - reliable, short delay tail",-1.0824141816005266,-0.9690082267316081
ROC-JFK,ROC,JFK,264.0,606,1,83.68,1.41,35.5,4.785,2.782472624166286,2,"Thin route - reliable, short delay tail",-0.5731712001652995,-0.9199616900061541
PBI-PVD,PBI,PVD,1148.0,427,2,76.81,11.0,53.7,2.81,2.630427875025024,1,"Thin route - long delay tail, high average delay",0.5715653754523696,-1.206053280519324
ILM-BOS,ILM,BOS,672.0,433,3,62.59,23.18,81.4,1.617,2.6364878963533656,1,"Thin route - long delay tail, high average delay",3.1691864703972352,-1.3346860516259407
BOS-ILM,BOS,ILM,672.0,433,3,81.67,0.84,31.0,0.462,2.6364878963533656,2,"Thin route - reliable, short delay tail",-1.4101367635665374,-0.15521128810121432
BOS-PHX,BOS,PHX,2300.0,2017,3,77.37,6.17,43.0,1.636,3.3047058982127653,3,"Thin route - long-haul, rarely cancels",-0.1249009811282964,0.7772981561905856
LAX-EWR,LAX,EWR,2454.0,4843,4,79.72,2.18,44.0,1.982,3.6851144690465394,3,"Thin route - long-haul, rarely cancels",-0.200647286301604,2.1282885756085523
EWR-SJU,EWR,SJU,1608.0,2085,4,70.54,16.05,67.0,2.974,3.3191060593097763,0,"Trunk route - multi-carrier, unreliable",2.2709551920288766,0.8103272657151018
FLL-PHL,FLL,PHL,993.0,3508,4,72.54,16.48,70.4,3.25,3.5450595846940027,0,"Trunk route - multi-carrier, unreliable",2.4862226176856814,1.3178647778541417
BOS-IAH,BOS,IAH,1597.0,2021,2,81.0,-0.93,37.7,1.682,3.305566313515304,3,"Thin route - long-haul, rarely cancels",-1.0447454173667372,0.6029917843939451
DCA-PBI,DCA,PBI,857.0,1805,5,73.85,10.5,58.0,1.939,3.256477206241677,0,"Trunk route - multi-carrier, unreliable",1.4016111301614904,1.4868519816759247
HPN-SJU,HPN,SJU,1624.0,360,1,75.87,12.35,42.4,4.167,2.5563025007672873,1,"Thin route - long delay tail, high average delay",0.5024227436564423,-1.8847195666665852
JFK-SRQ,JFK,SRQ,1041.0,534,3,79.41,3.26,42.3,4.12,2.727541257028556,2,"Thin route - reliable, short delay tail",0.04800569245990787,-0.2790587026580778
SRQ-JFK,SRQ,JFK,1041.0,533,3,73.78,14.71,76.0,3.94,2.7267272090265724,1,"Thin route - long delay tail, high average delay",2.1036731437026055,-0.8388315175083133
PQI-BOS,PQI,BOS,332.0,365,1,90.99,-5.51,13.0,2.74,2.5622928644564746,2,"Thin route - reliable, short delay tail",-2.7690853861777933,-0.8862514759550792
PBI-EWR,PBI,EWR,1024.0,3608,3,75.33,12.83,71.0,2.91,3.557266528869904,0,"Trunk route - multi-carrier, unreliable",1.8185407822038295,0.9944344193779051
PWM-JFK,PWM,JFK,273.0,398,2,80.47,6.98,54.2,4.774,2.5998830720736876,1,"Thin route - long delay tail, high average delay",0.6111780116951515,-1.1143082344387196
SEA-BOS,SEA,BOS,2496.0,2502,3,75.09,6.67,46.0,1.319,3.398287305357401,3,"Thin route - long-haul, rarely cancels",0.09681285513037849,0.8911697489199621
ISP-FLL,ISP,FLL,1092.0,405,3,68.94,17.31,71.5,1.728,2.6074550232146687,1,"Thin route - long delay tail, high average delay",1.9683099099049788,-1.1289137582099873
FLL-LAS,FLL,LAS,2173.0,1038,4,76.25,3.5,44.2,1.734,3.016197353512439,3,"Thin route - long-haul, rarely cancels",-0.11541950961308095,0.6983240587292516
FLL-PHX,FLL,PHX,1972.0,570,4,72.52,10.95,58.0,0.702,2.7558748556724915,3,"Thin route - long-haul, rarely cancels",0.730721691765383,-0.09943497465252213
SNA-DTW,SNA,DTW,1960.0,345,2,63.85,20.57,70.0,0.58,2.537819095073274,1,"Thin route - long delay tail, high average delay",1.9683995458603536,-1.932119617610603
MSP-HNL,MSP,HNL,3972.0,365,1,82.6,4.7,31.9,0.822,2.5622928644564746,3,"Thin route - long-haul, rarely cancels",-1.954694795420002,-1.6063308097780509
CLE-MSP,CLE,MSP,622.0,644,2,85.4,-0.06,27.4,0.932,2.808885867359812,2,"Thin route - reliable, short delay tail",-1.812284999114264,-0.18066150477726983
FLL-SEA,FLL,SEA,2717.0,826,2,71.18,8.2,46.0,1.211,2.9169800473203824,3,"Thin route - long-haul, rarely cancels",0.1086952235146822,-0.688300112862229
SEA-LIH,SEA,LIH,2700.0,1094,2,73.1,5.49,44.0,0.731,3.039017321997412,3,"Thin route - long-haul, rarely cancels",-0.3352380436775854,-0.3184003077150571
DTW-SFO,DTW,SFO,2079.0,1796,2,66.97,16.3,61.0,0.724,3.2543063323312857,1,"Thin route - long delay tail, high average delay",1.4993211770219705,-0.2752752725225662
LAX-DCA,LAX,DCA,2311.0,1454,3,80.3,3.33,41.0,1.376,3.162564406523019,3,"Thin route - long-haul, rarely cancels",-0.7138198937548403,0.6185268557064405
ATL-BZN,ATL,BZN,1640.0,429,1,80.91,4.3,29.0,1.399,2.6324572921847245,3,"Thin route - long-haul, rarely cancels",-1.3956789464012864,-1.2972295687387745
BZN-ATL,BZN,ATL,1640.0,429,1,85.75,0.33,28.0,1.399,2.6324572921847245,3,"Thin route - long-haul, rarely cancels",-2.0640257583210357,-1.121261908093007
IAD-SLC,IAD,SLC,1827.0,714,2,82.79,8.59,34.0,1.401,2.8536982117761744,3,"Thin route - long-haul, rarely cancels",-0.9180629725946952,-0.4690478648458892
BOS-SLC,BOS,SLC,2105.0,1256,2,75.47,8.96,42.0,1.752,3.0989896394011773,3,"Thin route - long-haul, rarely cancels",0.01736638736074229,-0.19457753557578092
BHM-DCA,BHM,DCA,653.0,1043,2,75.83,19.25,61.0,4.698,3.018284308426531,1,"Thin route - long delay tail, high average delay",2.065191582693119,-0.667695070862379
DCA-TLH,DCA,TLH,716.0,365,1,63.1,25.97,117.5,7.123,2.5622928644564746,1,"Thin route - long delay tail, high average delay",5.220066351242063,-2.9083828391853976
BUF-DCA,BUF,DCA,296.0,1134,4,65.74,31.39,95.8,4.938,3.0546130545568877,1,"Thin route - long delay tail, high average delay",4.995310330890831,-0.28260042324576556
BTR-DFW,BTR,DFW,383.0,2081,3,79.06,15.73,70.0,3.556,3.318272080211627,0,"Trunk route - multi-carrier, unreliable",1.8564354689756657,0.5515010934173374
PHL-RDU,PHL,RDU,337.0,2602,4,74.8,11.25,66.0,2.69,3.4153072922255676,0,"Trunk route - multi-carrier, unreliable",1.7660803029284884,1.3001114009740609
ORF-PHL,ORF,PHL,212.0,830,2,77.75,16.1,70.6,2.53,2.9190780923760737,1,"Thin route - long delay tail, high average delay",1.4878903415870113,-0.7330610822597461
CVG-PHL,CVG,PHL,507.0,1258,3,80.51,10.38,59.5,3.18,3.09968064110925,0,"Trunk route - multi-carrier, unreliable",0.9129854753742266,0.31266910045780455
DCA-PIT,DCA,PIT,204.0,1431,4,74.51,8.75,52.8,3.983,3.1556396337597765,0,"Trunk route - multi-carrier, unreliable",1.4882206067105086,0.8739341152402367
CLT-BTV,CLT,BTV,761.0,645,2,75.68,13.2,50.8,2.791,2.8095597146352675,1,"Thin route - long delay tail, high average delay",0.8589412964245747,-0.8540637737506533
CLT-IAD,CLT,IAD,322.0,1990,4,80.13,5.23,45.0,2.563,3.298853076409707,0,"Trunk route - multi-carrier, unreliable",0.3205673098707152,1.4284586244806063
TLH-DFW,TLH,DFW,767.0,1079,2,77.22,15.77,83.4,4.171,3.0330214446829107,1,"Thin route - long delay tail, high average delay",2.180047582242387,-0.6844119034611967
DCA-GSO,DCA,GSO,248.0,795,3,74.31,9.58,68.2,4.403,2.9003671286564705,1,"Thin route - long delay tail, high average delay",1.8122215286677295,-0.26726096239025815
DFW-TYS,DFW,TYS,772.0,1739,4,71.68,14.06,69.0,3.393,3.2402995820027125,0,"Trunk route - multi-carrier, unreliable",2.2998748185475875,0.7508881643762298
CLT-XNA,CLT,XNA,754.0,1461,3,81.45,4.5,38.0,1.848,3.1646502159342966,2,"Thin route - reliable, short delay tail",-0.4452868900399536,0.7496627266006117
DCA-BTV,DCA,BTV,437.0,1144,4,68.17,17.7,71.0,4.72,3.058426024457005,1,"Thin route - long delay tail, high average delay",3.1573208348917623,0.21237678295142204
CLT-SDF,CLT,SDF,335.0,1757,3,76.53,11.46,55.0,2.163,3.244771761495295,0,"Trunk route - multi-carrier, unreliable",1.0245432002240484,0.5909055856451578
SAV-DCA,SAV,DCA,519.0,1105,4,78.0,13.97,60.1,4.434,3.0433622780211294,0,"Trunk route - multi-carrier, unreliable",1.7733949642991966,0.5121553857122466
CRW-DCA,CRW,DCA,249.0,341,1,78.14,12.96,64.0,8.798,2.5327543789924976,1,"Thin route - long delay tail, high average delay",2.217064486571891,-2.083925991375302
CLT-ABE,CLT,ABE,481.0,856,1,76.61,6.86,57.2,3.388,2.932473764677153,1,"Thin route - long delay tail, high average delay",0.6159922327659205,-0.9729377312899545
CLT-MKE,CLT,MKE,651.0,959,2,74.92,10.52,47.0,1.46,2.9818186071706636,2,"Thin route - reliable, short delay tail",0.4147244821552949,-0.3845919553912612
TLH-DCA,TLH,DCA,716.0,365,1,82.47,5.38,35.0,4.384,2.5622928644564746,2,"Thin route - reliable, short delay tail",-0.4764357483362797,-1.4941345897870992
PHL-DAY,PHL,DAY,477.0,359,1,72.86,10.52,71.4,5.571,2.5550944485783194,1,"Thin route - long delay tail, high average delay",1.8829442049831329,-2.0515116943448484
PHL-IAH,PHL,IAH,1325.0,1847,6,80.91,2.35,42.0,1.895,3.2664668954402414,0,"Trunk route - multi-carrier, unreliable",-0.05413799993964411,2.3520997758094313
DCA-SAV,DCA,SAV,519.0,1105,4,69.21,17.16,95.2,4.706,3.0433622780211294,1,"Thin route - long delay tail, high average delay",3.657000744575478,0.04251665333007604
CRW-CLT,CRW,CLT,221.0,1142,1,79.04,6.45,45.9,3.415,3.0576661039098294,2,"Thin route - reliable, short delay tail",0.19949410098692494,-0.5682550605659199
CLT-HPN,CLT,HPN,564.0,1338,1,73.66,12.42,69.0,2.915,3.1264561134318045,1,"Thin route - long delay tail, high average delay",1.485105106371579,-0.814840167361721
DCA-BGR,DCA,BGR,590.0,1116,4,68.4,16.07,71.0,6.631,3.04766419460156,1,"Thin route - long delay tail, high average delay",3.4421073302548466,0.1561666476980418
PHL-SAV,PHL,SAV,630.0,984,4,75.6,10.06,70.0,2.846,2.9929950984313414,0,"Trunk route - multi-carrier, unreliable",1.5517982477322971,0.41966422356750244
CLT-PIA,CLT,PIA,607.0,717,1,75.11,11.59,53.0,3.208,2.8555191556678,1,"Thin route - long delay tail, high average delay",0.8483618008040067,-1.2307995409033898
PIA-CLT,PIA,CLT,607.0,718,1,77.94,10.64,65.4,3.9,2.8561244442423,1,"Thin route - long delay tail, high average delay",1.0528988714179672,-1.2637303906704678
RDU-PHL,RDU,PHL,337.0,2604,4,74.05,15.34,66.8,3.379,3.4156409798961542,0,"Trunk route - multi-carrier, unreliable",2.2805353307766074,1.1764822848644731
MKE-PHL,MKE,PHL,690.0,502,3,79.92,8.45,59.6,5.777,2.7007037171450192,1,"Thin route - long delay tail, high average delay",1.2435001763381275,-0.571105842824948
SDF-DCA,SDF,DCA,474.0,1029,4,78.86,9.59,45.7,4.179,3.012415374762433,0,"Trunk route - multi-carrier, unreliable",0.9671619560438767,0.6626853760422879
DCA-TYS,DCA,TYS,437.0,1021,3,67.79,23.98,94.0,3.722,3.0090257420869104,1,"Thin route - long delay tail, high average delay",3.8249091422799095,-0.6259915238799885
LEX-CLT,LEX,CLT,281.0,1380,1,83.49,1.39,44.0,1.957,3.1398790864012365,2,"Thin route - reliable, short delay tail",-0.8497387584332167,-0.16210367433092782
BTV-DCA,BTV,DCA,437.0,1143,4,65.66,30.1,91.4,4.287,3.0580462303952816,1,"Thin route - long delay tail, high average delay",4.626863034848223,-0.21196030268618696
DCA-BUF,DCA,BUF,296.0,1134,4,64.29,23.03,79.0,4.85,3.0546130545568877,1,"Thin route - long delay tail, high average delay",4.079046677069368,-0.021733849356175675
PHL-JAX,PHL,JAX,742.0,1564,4,76.25,8.94,61.0,2.366,3.1942367487238292,0,"Trunk route - multi-carrier, unreliable",1.1393975542806918,0.932782687669968
JAN-CLT,JAN,CLT,562.0,327,1,84.91,4.91,37.3,2.752,2.514547752660286,2,"Thin route - reliable, short delay tail",-1.0071443763484216,-1.4902220345127037
BTR-DCA,BTR,DCA,985.0,308,2,85.32,6.77,31.8,4.545,2.4885507165004443,2,"Thin route - reliable, short delay tail",-0.5790609322210377,-1.1488297329445543
SBN-CLT,SBN,CLT,534.0,1026,1,79.62,8.99,52.0,3.119,3.0111473607757975,2,"Thin route - reliable, short delay tail",0.35066506497873995,-0.7618431708043564
CLT-MSN,CLT,MSN,708.0,1012,2,77.91,7.08,48.5,1.186,3.0051805125037805,2,"Thin route - reliable, short delay tail",-0.07203471425509694,-0.21810968703287242
CLT-OKC,CLT,OKC,940.0,811,3,78.84,4.31,45.7,1.726,2.909020854211156,2,"Thin route - reliable, short delay tail",-0.21218982734728245,0.12021127924363889
ORF-DCA,ORF,DCA,142.0,1040,3,66.1,30.11,98.5,3.269,3.0170333392987803,1,"Thin route - long delay tail, high average delay",4.4336878816931105,-0.7585293086410269
MEM-CLT,MEM,CLT,511.0,1742,2,82.92,3.15,37.0,2.067,3.241048150671644,2,"Thin route - reliable, short delay tail",-0.6998578725982575,0.5017315308721265
DCA-PHL,DCA,PHL,120.0,790,2,64.11,21.0,87.6,2.658,2.8976270912904414,1,"Thin route - long delay tail, high average delay",3.3567890718995033,-1.2360287468772648
MHT-CLT,MHT,CLT,738.0,918,1,79.07,10.07,49.4,3.813,2.9628426812012423,1,"Thin route - long delay tail, high average delay",0.5061229416539273,-0.9132483798520106
GSO-CLT,GSO,CLT,84.0,1191,3,84.5,-0.06,28.0,1.427,3.0759117614827773,2,"Thin route - reliable, short delay tail",-1.2784616796400257,0.8509136865488157
BTR-CLT,BTR,CLT,675.0,766,3,80.4,11.01,51.1,2.089,2.884228769632604,2,"Thin route - reliable, short delay tail",0.3784425908183152,-0.0660179916592311
PNS-DCA,PNS,DCA,816.0,1073,3,71.92,27.95,76.9,4.567,3.030599721965951,1,"Thin route - long delay tail, high average delay",3.465986741277506,-0.52982050361038
CLT-PWM,CLT,PWM,813.0,708,2,75.9,12.27,56.2,1.271,2.850033257689769,1,"Thin route - long delay tail, high average delay",0.5784612904479622,-0.7413237047584763
DSM-DCA,DSM,DCA,897.0,702,3,77.88,10.98,56.1,5.271,2.846337112129805,1,"Thin route - long delay tail, high average delay",1.3874099803878213,-0.3392285094325747
DCA-CAK,DCA,CAK,274.0,324,1,57.88,38.06,143.0,4.012,2.510545010206612,1,"Thin route - long delay tail, high average delay",6.444296483638134,-3.3962024660790804
CLT-MYR,CLT,MYR,157.0,2257,3,77.16,9.06,52.0,1.861,3.353531559077762,0,"Trunk route - multi-carrier, unreliable",0.7362568173249086,0.91792325466716
DFW-BHM,DFW,BHM,597.0,2199,4,74.4,15.6,65.8,2.819,3.3422252293607904,0,"Trunk route - multi-carrier, unreliable",2.0449494874827043,1.0306679736775086
JAN-DCA,JAN,DCA,860.0,301,2,89.86,0.41,15.0,4.651,2.4785664955938436,2,"Thin route - reliable, short delay tail",-1.7622316215341718,-0.8367180154580343
PWM-DCA,PWM,DCA,482.0,1159,3,74.59,19.77,64.0,3.71,3.064083435963596,1,"Thin route - long delay tail, high average delay",2.2354029673081652,-0.10492373268583191
CLT-PNS,CLT,PNS,488.0,1886,3,76.1,9.71,57.0,1.856,3.2755416884013098,0,"Trunk route - multi-carrier, unreliable",0.9093184959210326,0.6658111797028847
DCA-CLT,DCA,CLT,331.0,2673,2,78.58,13.18,59.5,2.694,3.426998958756537,0,"Trunk route - multi-carrier, unreliable",1.15353226115545,0.4412729351851614
DCA-SRQ,DCA,SRQ,851.0,465,3,79.82,5.04,43.0,1.935,2.667452952889954,2,"Thin route - reliable, short delay tail",-0.34302285680870465,-0.3524985008506767
SDF-PHL,SDF,PHL,577.0,608,3,84.87,-1.19,35.0,1.974,2.783903579272735,2,"Thin route - reliable, short delay tail",-1.266282549127056,0.1797009371282805
PHL-MSY,PHL,MSY,1089.0,1133,4,77.5,7.09,56.0,2.295,3.0542299098633974,0,"Trunk route - multi-carrier, unreliable",0.6589451513748419,0.7150243527161665
SGF-CLT,SGF,CLT,708.0,1192,2,86.28,-0.45,25.5,2.013,3.076276255404218,2,"Thin route - reliable, short delay tail",-1.615036529404799,0.36268060938710206
PVD-PHL,PVD,PHL,237.0,702,3,81.83,19.92,46.5,5.128,2.846337112129805,1,"Thin route - long delay tail, high average delay",1.5046201830012291,-0.3289676137044084
PHL-DSM,PHL,DSM,973.0,349,3,75.0,10.41,78.5,3.725,2.5428254269591797,1,"Thin route - long delay tail, high average delay",1.673456231892306,-1.1095327175250314
DFW-GSP,DFW,GSP,862.0,1175,3,72.14,13.64,66.3,2.638,3.070037866607755,1,"Thin route - long delay tail, high average delay",1.7657880858428447,-0.024004165761285723
CLT-ATW,CLT,ATW,742.0,394,2,76.78,7.26,51.2,3.299,2.595496221825574,1,"Thin route - long delay tail, high average delay",0.4190214917668887,-1.1673543896570597
DCA-ICT,DCA,ICT,1110.0,312,3,63.21,20.97,84.2,4.167,2.494154594018443,1,"Thin route - long delay tail, high average delay",3.508713629127624,-1.702697554784893
CLT-LIT,CLT,LIT,640.0,1238,4,81.35,4.99,37.0,2.746,3.0927206446840994,0,"Trunk route - multi-carrier, unreliable",-0.09093126816636712,1.0564351013037743
MEM-DFW,MEM,DFW,431.0,2353,4,74.64,15.64,61.0,3.06,3.3716219271760215,0,"Trunk route - multi-carrier, unreliable",1.9961113368706427,1.1324244394192042
RIC-LGA,RIC,LGA,291.0,2278,2,73.33,13.31,73.0,5.707,3.3575537197430814,1,"Thin route - long delay tail, high average delay",2.5987067716957455,0.0196744753036166
LGA-RIC,LGA,RIC,291.0,2276,2,75.74,6.48,54.0,6.283,3.3571722577230334,1,"Thin route - long delay tail, high average delay",1.5826914152730458,0.31257483878031683
ALB-ORD,ALB,ORD,723.0,2321,4,78.1,8.77,47.0,2.714,3.3656751404559175,0,"Trunk route - multi-carrier, unreliable",0.7667146805389331,1.4055468108970595
CAE-ORD,CAE,ORD,666.0,513,2,76.99,19.71,52.0,4.094,2.7101173651118162,1,"Thin route - long delay tail, high average delay",1.505650796465538,-1.2083059054519378
DFW-MFE,DFW,MFE,469.0,2418,3,70.14,18.76,71.7,2.895,3.383456296524753,1,"Thin route - long delay tail, high average delay",2.6544302827639616,0.46313850448881067
ORD-COU,ORD,COU,315.0,1976,2,71.37,15.05,70.0,3.745,3.295786940251609,1,"Thin route - long delay tail, high average delay",2.3071659605719934,-0.09855751612352456
ORD-ALB,ORD,ALB,723.0,2322,4,75.88,7.8,53.0,2.627,3.365862215402555,0,"Trunk route - multi-carrier, unreliable",1.011041620376319,1.3478507581019252
ORD-BHM,ORD,BHM,584.0,1116,4,78.26,3.95,47.6,1.882,3.04766419460156,0,"Trunk route - multi-carrier, unreliable",0.14888921439771116,0.8895340615815704
FSD-DFW,FSD,DFW,737.0,1085,3,74.78,17.23,66.0,3.318,3.0354297381845483,1,"Thin route - long delay tail, high average delay",1.9595715995324239,-0.1296719342530952
CMH-DTW,CMH,DTW,155.0,1462,3,86.01,2.63,30.0,0.752,3.1649473726218416,2,"Thin route - reliable, short delay tail",-1.2925778929324094,1.007260804813414
DFW-PHX,DFW,PHX,868.0,5230,5,72.39,13.45,62.0,2.505,3.718501688867274,0,"Trunk route - multi-carrier, unreliable",2.130917920824879,2.2998565607245887
PDX-TUS,PDX,TUS,1119.0,365,2,83.79,1.47,23.0,0.0,2.5622928644564746,2,"Thin route - reliable, short delay tail",-2.0925688302413468,-0.726928485819568
GJT-DFW,GJT,DFW,772.0,1017,2,82.65,1.85,37.0,1.278,3.0073209529227447,2,"Thin route - reliable, short delay tail",-1.0829681728429261,0.04893264612412592
LAX-DSM,LAX,DSM,1447.0,300,1,86.87,-4.24,24.0,0.0,2.4771212547196626,3,"Thin route - long-haul, rarely cancels",-2.918487703673574,-1.2391590609886776
AMA-DFW,AMA,DFW,312.0,2364,3,85.24,3.4,30.0,2.242,3.3736474722092176,2,"Thin route - reliable, short delay tail",-0.7794810648321672,1.3455703610008298
DFW-AMA,DFW,AMA,312.0,2365,3,81.25,6.4,42.0,2.156,3.3738311450738303,0,"Trunk route - multi-carrier, unreliable",0.028248237500184008,1.1339433776265082
SFO-ONT,SFO,ONT,363.0,1310,3,76.43,10.44,41.0,0.916,3.1172712956557644,0,"Trunk route - multi-carrier, unreliable",0.25105953103240664,0.47993810778374985
SFO-BZN,SFO,BZN,807.0,378,2,72.99,8.35,53.0,0.0,2.5774917998372255,2,"Thin route - reliable, short delay tail",0.053728095387422625,-1.2098512830840003
PHX-DFW,PHX,DFW,868.0,5225,5,79.99,6.95,41.0,2.507,3.7180862947830917,0,"Trunk route - multi-carrier, unreliable",0.5509579821577734,2.7114723027396077
ORD-AZO,ORD,AZO,122.0,964,2,75.03,10.31,54.4,4.564,2.984077033902831,1,"Thin route - long delay tail, high average delay",1.3890949879446584,-0.4778895868237614
GUM-HNL,GUM,HNL,3801.0,365,1,88.42,-0.29,18.0,2.74,2.5622928644564746,3,"Thin route - long-haul, rarely cancels",-2.6380449479078347,-1.3509395838436888
SFO-CLE,SFO,CLE,2161.0,578,1,84.72,-2.13,27.5,0.0,2.761927838420529,3,"Thin route - long-haul, rarely cancels",-2.5184600787528955,-0.8193005843675971
ORD-LAX,ORD,LAX,1744.0,7023,5,72.99,12.54,60.0,1.438,3.846522668416287,0,"Trunk route - multi-carrier, unreliable",1.6352525034335414,2.5680272317812163
DEN-IAH,DEN,IAH,861.0,4715,2,79.47,4.23,39.5,0.276,3.6734816970733473,0,"Trunk route - multi-carrier, unreliable",-0.592552187377856,1.3128310147493092
PHL-ORD,PHL,ORD,678.0,5002,4,73.3,17.64,72.0,3.399,3.699143687394484,0,"Trunk route - multi-carrier, unreliable",2.693568907687546,1.6329502213563107
DFW-DEN,DFW,DEN,641.0,6032,5,70.04,15.5,66.0,2.089,3.7804613328617176,0,"Trunk route - multi-carrier, unreliable",2.5210347481785655,2.346153951466596
CLE-EWR,CLE,EWR,404.0,2162,2,80.44,8.44,47.0,3.562,3.3348556896172914,0,"Trunk route - multi-carrier, unreliable",0.5121897883548027,0.434897648787777
ORD-CLT,ORD,CLT,599.0,4393,6,74.07,12.45,60.7,2.39,3.6427612032653203,0,"Trunk route - multi-carrier, unreliable",2.0285066320892016,2.7076622545977433
IAH-ORD,IAH,ORD,925.0,6119,8,75.25,12.98,57.0,1.585,3.7866804531966487,0,"Trunk route - multi-carrier, unreliable",1.9805466345633218,3.9925347176343684
IAH-EWR,IAH,EWR,1400.0,3769,2,74.77,10.13,57.0,1.804,3.576226137449605,0,"Trunk route - multi-carrier, unreliable",0.8593570601663378,0.6990780003276181
ORD-FLL,ORD,FLL,1182.0,3464,6,72.14,14.17,64.3,2.136,3.539577883345309,0,"Trunk route - multi-carrier, unreliable",2.196521459348852,2.3633020617343785
SAT-IAH,SAT,IAH,191.0,2405,2,82.0,4.17,30.0,0.582,3.3811150807098507,2,"Thin route - reliable, short delay tail",-0.9811991839944436,0.8697011523052833
IAD-ORD,IAD,ORD,588.0,2085,1,75.38,12.16,46.0,1.007,3.3191060593097763,2,"Thin route - reliable, short delay tail",0.3595145220048875,-0.17176092850832636
IAH-MIA,IAH,MIA,964.0,3712,6,78.17,10.48,49.0,1.131,3.5696079675468244,0,"Trunk route - multi-carrier, unreliable",0.892262084372237,2.7615618429103304
EWR-MSY,EWR,MSY,1167.0,1227,4,79.92,1.55,40.4,2.2,3.088844562727004,0,"Trunk route - multi-carrier, unreliable",-0.334481818037193,1.0450610187487333
IAH-SEA,IAH,SEA,1874.0,2090,2,78.99,3.84,36.1,0.383,3.3201462861110542,3,"Thin route - long-haul, rarely cancels",-0.9478275992419736,0.527650773620553
EWR-ORD,EWR,ORD,719.0,6066,5,71.74,16.42,71.0,3.627,3.7829024059746446,0,"Trunk route - multi-carrier, unreliable",2.927473314223265,2.2753368500890665
IAD-SMF,IAD,SMF,2357.0,365,1,81.39,-0.03,34.0,1.37,2.5622928644564746,3,"Thin route - long-haul, rarely cancels",-1.7417284328347558,-1.4334013087919817
DEN-DCA,DEN,DCA,1476.0,1347,2,81.18,1.8,45.0,0.594,3.1293675957229854,3,"Thin route - long-haul, rarely cancels",-0.9832960738128346,0.18419545491059308
EWR-CLE,EWR,CLE,404.0,2163,2,80.35,6.11,47.0,3.282,3.3350565194390915,0,"Trunk route - multi-carrier, unreliable",0.2972303610449537,0.4901650962580718
BOS-EWR,BOS,EWR,200.0,3866,2,75.49,10.2,62.0,4.087,3.5872618496925344,0,"Trunk route - multi-carrier, unreliable",1.6628479687000561,0.7244591116950756
DEN-SYR,DEN,SYR,1492.0,476,1,77.38,7.22,39.8,0.42,2.677606952720493,3,"Thin route - long-haul, rarely cancels",-0.8253992042842871,-1.3591205043968304
IAD-AUS,IAD,AUS,1297.0,1042,3,84.85,-1.93,26.1,0.96,3.0178677189635055,2,"Thin route - reliable, short delay tail",-1.8057132169365433,0.7071770265417675
EWR-SFO,EWR,SFO,2565.0,4373,2,69.47,18.56,81.0,2.31,3.640779477344857,1,"Thin route - long delay tail, high average delay",2.4284735717902386,0.291715574206254
LIH-DEN,LIH,DEN,3414.0,379,1,96.45,-21.01,-3.0,2.639,2.578639209968072,3,"Thin route - long-haul, rarely cancels",-5.167055239437842,-0.5715531894033442
DEN-LIH,DEN,LIH,3414.0,379,1,84.18,-0.91,24.0,1.319,2.578639209968072,3,"Thin route - long-haul, rarely cancels",-2.45408448911796,-1.3468997263741032
IAD-TPA,IAD,TPA,811.0,1304,2,83.42,-0.04,32.0,0.844,3.1152775913959014,2,"Thin route - reliable, short delay tail",-1.4657372327138427,0.3666144852460302
IAD-BNA,IAD,BNA,542.0,1009,4,81.88,6.39,35.2,0.793,3.0038911662369103,2,"Thin route - reliable, short delay tail",-0.5553178374541509,0.9363914979748176
IAH-FLL,IAH,FLL,966.0,2821,4,79.16,5.39,44.0,1.241,3.450403086155366,0,"Trunk route - multi-carrier, unreliable",0.03217179127012814,1.7141091267674728
IAH-TPA,IAH,TPA,787.0,1579,3,82.14,2.61,35.3,0.507,3.1983821300082944,2,"Thin route - reliable, short delay tail",-0.9990014403941143,0.9272727626024464
SAN-IAH,SAN,IAH,1303.0,1696,1,84.4,2.58,29.0,0.354,3.229425847920695,2,"Thin route - reliable, short delay tail",-1.732862249887437,0.08243123328657515
SEA-IAD,SEA,IAD,2305.0,1853,3,83.42,-1.71,29.0,0.648,3.2678754193188975,3,"Thin route - long-haul, rarely cancels",-1.7373512831777145,1.0978942485290624
EWR-IAD,EWR,IAD,212.0,1534,2,75.2,10.21,55.0,2.673,3.185825359612962,1,"Thin route - long delay tail, high average delay",1.0139456764259425,-0.012239261774267714
FLL-IAD,FLL,IAD,901.0,782,2,83.57,3.9,30.8,1.023,2.893206753059848,2,"Thin route - reliable, short delay tail",-1.3037918502920942,-0.17054349955297243
TPA-IAD,TPA,IAD,811.0,1305,2,85.13,0.08,30.0,1.073,3.1156105116742996,2,"Thin route - reliable, short delay tail",-1.5895036924274217,0.4021985636107911
CLT-ORD,CLT,ORD,599.0,4386,5,73.19,13.19,64.3,2.964,3.642068627341504,0,"Trunk route - multi-carrier, unreliable",2.2308040626527212,2.1550349707416694
CLT-EWR,CLT,EWR,529.0,3711,4,75.37,10.66,64.0,4.096,3.569490954348783,0,"Trunk route - multi-carrier, unreliable",1.9845089643235299,1.5923483455161351
SAN-IAD,SAN,IAD,2253.0,1402,2,88.22,-4.86,20.0,0.713,3.14674801363064,3,"Thin route - long-haul, rarely cancels",-2.7259487878801996,0.5864866544959311
SFO-DFW,SFO,DFW,1464.0,4180,4,72.87,15.32,59.0,2.368,3.621176281775035,0,"Trunk route - multi-carrier, unreliable",1.8330488587556228,1.5699305954695912
ORD-TPA,ORD,TPA,1012.0,3203,7,73.4,13.96,62.0,1.499,3.5055569386638217,0,"Trunk route - multi-carrier, unreliable",2.0337397853967953,2.847736525627225
BDL-IAD,BDL,IAD,325.0,1077,2,85.1,2.72,22.0,2.136,3.0322157032979815,2,"Thin route - reliable, short delay tail",-1.33029442853049,0.23646407477521822
MCO-IAD,MCO,IAD,758.0,2178,2,82.34,4.92,41.0,1.102,3.3380578754197563,2,"Thin route - reliable, short delay tail",-0.6536780474957261,0.6368234067972534
ORD-PSP,ORD,PSP,1651.0,787,3,69.53,16.21,61.0,2.287,2.8959747323590648,1,"Thin route - long delay tail, high average delay",1.7256097068883693,-0.4967232917203405
RDM-DEN,RDM,DEN,898.0,727,1,85.31,2.49,25.0,0.825,2.8615344108590377,2,"Thin route - reliable, short delay tail",-1.8871861378023773,-0.607375800799355
IAD-PBI,IAD,PBI,859.0,334,2,81.4,5.43,37.6,1.198,2.5237464668115646,2,"Thin route - reliable, short delay tail",-0.9524770095939081,-1.0451616503229137
IAH-SAT,IAH,SAT,191.0,2406,2,82.59,2.47,31.0,0.416,3.381295623003826,2,"Thin route - reliable, short delay tail",-1.1534351669906457,0.9140727451219038
ANC-DEN,ANC,DEN,2405.0,795,3,82.19,2.99,34.0,1.006,2.9003671286564705,3,"Thin route - long-haul, rarely cancels",-1.2716563330201285,0.17440418153448356
SMF-IAH,SMF,IAH,1609.0,677,1,90.36,-0.72,12.0,0.148,2.8305886686851442,3,"Thin route - long-haul, rarely cancels",-3.118834267870397,-0.4614970436581024
ONT-IAH,ONT,IAH,1334.0,561,2,85.23,4.79,28.6,1.07,2.7489628612561616,2,"Thin route - reliable, short delay tail",-1.5450989741673677,-0.47509746276509207
CHS-IAD,CHS,IAD,442.0,758,2,84.91,4.57,38.2,1.055,2.8796692056320534,2,"Thin route - reliable, short delay tail",-1.0916818117509395,-0.20175402172608933
IAD-SAT,IAD,SAT,1362.0,641,1,86.03,1.0,26.0,0.624,2.8068580295188172,2,"Thin route - reliable, short delay tail",-2.1588958200989206,-0.7132109674967478
IAD-FLL,IAD,FLL,901.0,781,2,80.85,4.28,42.8,0.768,2.8926510338773004,2,"Thin route - reliable, short delay tail",-0.8104014554310137,-0.30165491395271155
IAH-DSM,IAH,DSM,802.0,346,2,76.61,7.7,43.9,0.867,2.5390760987927767,2,"Thin route - reliable, short delay tail",-0.3241957594364131,-1.1748001060835067
SFO-MIA,SFO,MIA,2585.0,1746,2,76.39,7.55,39.0,0.515,3.2420442393695508,3,"Thin route - long-haul, rarely cancels",-0.5334707574451054,0.1641049636263177
EWR-BNA,EWR,BNA,748.0,1876,3,75.03,7.97,54.0,3.038,3.2732328340430454,0,"Trunk route - multi-carrier, unreliable",1.0259175441868678,0.6399053708736931
IAH-IND,IAH,IND,844.0,640,1,80.22,4.88,38.0,0.313,2.806179973983887,2,"Thin route - reliable, short delay tail",-1.1210287288995389,-0.9292469257640831
IAH-OMA,IAH,OMA,781.0,825,2,75.7,10.62,48.0,0.121,2.916453948549925,2,"Thin route - reliable, short delay tail",0.03191368414308244,-0.481638734383821
PHL-SFO,PHL,SFO,2522.0,2047,2,72.58,11.46,63.0,1.319,3.311117842662506,3,"Thin route - long-haul, rarely cancels",0.8812985648497528,-0.025396902412580455
EWR-BUF,EWR,BUF,282.0,481,2,80.96,1.94,45.0,4.99,2.682145076373832,2,"Thin route - reliable, short delay tail",0.07115274272541539,-0.7792997711529701
ORD-SNA,ORD,SNA,1726.0,2189,2,75.24,5.9,43.0,1.096,3.3402457615679317,3,"Thin route - long-haul, rarely cancels",-0.14081271544460092,0.4016631147469636
MCI-IAH,MCI,IAH,643.0,486,2,86.34,0.16,23.4,0.617,2.6866362692622934,2,"Thin route - reliable, short delay tail",-2.1000546348461677,-0.38320679650230455
SYR-DEN,SYR,DEN,1492.0,476,1,74.04,11.73,45.2,1.05,2.677606952720493,3,"Thin route - long-haul, rarely cancels",0.02513649909276909,-1.568173188642877
STT-IAD,STT,IAD,1606.0,336,1,81.9,-1.27,37.0,1.786,2.526339277389844,3,"Thin route - long-haul, rarely cancels",-1.5843655148567797,-1.4453961928976793
IAD-STT,IAD,STT,1606.0,336,1,87.95,-7.41,19.0,1.19,2.526339277389844,3,"Thin route - long-haul, rarely cancels",-3.079012396761903,-1.0700013546533325
OMA-IAH,OMA,IAH,781.0,824,2,86.92,-2.83,24.0,0.607,2.9159272116971158,2,"Thin route - reliable, short delay tail",-2.2644718775123116,0.1430417649307522
DFW-SFO,DFW,SFO,1464.0,4179,4,60.9,21.59,77.0,2.393,3.621072371143626,1,"Thin route - long delay tail, high average delay",3.661884325552614,1.101994812770308
RSW-IAD,RSW,IAD,891.0,467,1,89.39,-5.87,15.0,1.071,2.6693168805661123,2,"Thin route - reliable, short delay tail",-3.048963650001071,-0.695068139825621
IAH-PBI,IAH,PBI,956.0,492,1,79.42,4.89,45.0,1.016,2.69196510276736,2,"Thin route - reliable, short delay tail",-0.774502653212488,-1.2556541710286198
IAH-SJU,IAH,SJU,2007.0,928,2,82.77,-1.24,26.0,0.539,2.967547976218862,3,"Thin route - long-haul, rarely cancels",-1.974090752568774,0.03137663780629951
IAD-JAX,IAD,JAX,631.0,778,3,83.51,1.03,33.0,0.9,2.890979596989689,2,"Thin route - reliable, short delay tail",-1.2783000724661278,0.37121562305389033
CLE-LAX,CLE,LAX,2052.0,760,2,84.41,-1.88,23.4,0.263,2.8808135922807914,3,"Thin route - long-haul, rarely cancels",-2.317817038696568,-0.08071576234260931
PBI-ORD,PBI,ORD,1144.0,1328,2,68.01,24.84,86.7,1.732,3.1231980750319988,1,"Thin route - long delay tail, high average delay",3.0036172406337402,-0.8293540782368118
EWR-PWM,EWR,PWM,284.0,980,2,83.32,-0.21,39.0,3.878,2.9912260756924947,2,"Thin route - reliable, short delay tail",-0.5494601956854229,0.014936933658187095
SFO-PIT,SFO,PIT,2254.0,555,1,88.81,-6.5,17.0,0.18,2.7442929831226763,3,"Thin route - long-haul, rarely cancels",-3.386837034164157,-0.6339425766212041
HNL-IAH,HNL,IAH,3904.0,365,1,81.77,2.31,24.9,0.274,2.5622928644564746,3,"Thin route - long-haul, rarely cancels",-2.3524366178605645,-1.5027791892202262
ORD-JAC,ORD,JAC,1162.0,819,2,69.63,21.52,66.0,1.221,2.9132839017604186,1,"Thin route - long delay tail, high average delay",1.9040359502383608,-1.0076331278833404
DFW-OMA,DFW,OMA,583.0,1565,4,67.87,18.15,67.0,2.812,3.194514341882467,1,"Thin route - long delay tail, high average delay",2.6953923855712163,0.5508737224260011
OMA-DFW,OMA,DFW,583.0,1564,4,77.29,15.15,55.5,2.941,3.1942367487238292,0,"Trunk route - multi-carrier, unreliable",1.4913127394743793,0.8561648158745702
DFW-MCI,DFW,MCI,460.0,2528,4,69.89,17.49,69.0,2.848,3.402777069610347,0,"Trunk route - multi-carrier, unreliable",2.6578635909422954,1.0224798049228152
RDM-PHX,RDM,PHX,893.0,840,3,91.48,-4.71,10.8,0.595,2.9242792860618816,2,"Thin route - reliable, short delay tail",-2.9664190835192645,0.8396488862930622
EWR-GRR,EWR,GRR,605.0,863,3,83.86,-2.5,28.0,4.287,2.9360107957152097,2,"Thin route - reliable, short delay tail",-0.8717077593838398,0.47227155377953933
JFK-CVG,JFK,CVG,589.0,682,2,82.62,-0.01,29.0,3.812,2.833784374656479,2,"Thin route - reliable, short delay tail",-0.8718799483800073,-0.27906591130317115
ORF-JFK,ORF,JFK,290.0,731,1,81.23,3.41,37.8,6.703,2.8639173769578603,2,"Thin route - reliable, short delay tail",0.28277258813231315,-0.9160974717096213
CVG-JFK,CVG,JFK,589.0,681,1,86.62,-1.47,27.0,4.258,2.833147111912785,2,"Thin route - reliable, short delay tail",-1.3724342351170435,-0.6562259252156103
LGA-TUL,LGA,TUL,1231.0,625,1,74.62,4.31,60.0,5.76,2.7958800173440754,1,"Thin route - long delay tail, high average delay",1.045699196236095,-1.3890102485567715
LGA-ORF,LGA,ORF,296.0,1289,1,75.89,4.42,49.0,6.284,3.110252917353403,1,"Thin route - long delay tail, high average delay",1.0588418726141173,-0.5924654853929283
IND-MIA,IND,MIA,1020.0,931,6,80.13,9.82,38.5,1.182,2.9689496809813427,0,"Trunk route - multi-carrier, unreliable",0.18436022169925503,1.6461700419517957
CLE-MIA,CLE,MIA,1080.0,872,4,79.88,8.85,49.0,1.147,2.940516484932567,0,"Trunk route - multi-carrier, unreliable",0.10057899163085866,0.5730575434810168
JFK-ORF,JFK,ORF,290.0,731,1,84.2,-0.17,34.0,4.788,2.8639173769578603,2,"Thin route - reliable, short delay tail",-0.7308421976441329,-0.7035542284142469
EYW-MIA,EYW,MIA,126.0,1250,3,80.88,6.5,38.0,0.4,3.0969100130080562,2,"Thin route - reliable, short delay tail",-0.5274088222727099,0.6550358120322667
MIA-EYW,MIA,EYW,126.0,1250,3,86.21,-1.7,23.0,0.4,3.0969100130080562,2,"Thin route - reliable, short delay tail",-1.888759877655904,1.0208317798347724
LGA-DCA,LGA,DCA,214.0,4829,3,67.21,12.4,64.0,5.363,3.6838572054003462,0,"Trunk route - multi-carrier, unreliable",2.9773103792054507,1.1503402157064428
EYW-DCA,EYW,DCA,1023.0,590,3,75.75,6.12,44.0,2.542,2.7708520116421442,2,"Thin route - reliable, short delay tail",0.22438235929371156,-0.2763306657181746
CHS-PHL,CHS,PHL,550.0,1089,4,79.68,9.26,49.0,1.928,3.037027879755775,0,"Trunk route - multi-carrier, unreliable",0.44655298793596443,0.7765514879240666
CLE-JFK,CLE,JFK,425.0,676,2,83.18,4.0,43.9,5.03,2.829946695941636,2,"Thin route - reliable, short delay tail",0.05471174989750766,-0.4840736477137646
LGA-MSN,LGA,MSN,812.0,914,2,72.38,10.77,75.6,6.018,2.960946195733831,1,"Thin route - long delay tail, high average delay",2.4011697934244634,-0.8259024790866725
ILM-LGA,ILM,LGA,500.0,1027,1,77.32,9.41,64.0,6.426,3.0115704435972783,1,"Thin route - long delay tail, high average delay",1.6425332425457517,-0.9924185286222305
LGA-ILM,LGA,ILM,500.0,1027,1,74.87,6.9,60.0,6.621,3.0115704435972783,1,"Thin route - long delay tail, high average delay",1.6017345745275926,-0.9645899521916647
LGA-IND,LGA,IND,660.0,2521,2,76.96,4.82,59.0,5.038,3.401572845676446,0,"Trunk route - multi-carrier, unreliable",1.1797241469717665,0.43524306548460207
BOS-MIA,BOS,MIA,1258.0,3384,5,78.47,4.3,47.0,2.128,3.529430354366986,0,"Trunk route - multi-carrier, unreliable",0.4235724680970272,2.292417391351154
LGA-CAE,LGA,CAE,617.0,617,1,74.87,6.12,69.0,5.673,2.7902851640332416,1,"Thin route - long delay tail, high average delay",1.4615470097574186,-1.4417893047046106
JFK-IND,JFK,IND,665.0,1000,1,77.67,6.72,60.0,4.6,3.0,1,"Thin route - long delay tail, high average delay",0.875839282141581,-0.8839731297070035
LGA-XNA,LGA,XNA,1147.0,896,1,76.64,3.5,56.2,5.022,2.9523080096621253,1,"Thin route - long delay tail, high average delay",0.6395371874686923,-0.960363756125672
XNA-LGA,XNA,LGA,1147.0,897,1,77.67,10.11,65.9,5.128,2.952792443044092,1,"Thin route - long delay tail, high average delay",1.2870227311819866,-1.1447659241132837
MIA-MSY,MIA,MSY,674.0,1525,5,73.34,10.29,53.0,1.115,3.1832698436828046,0,"Trunk route - multi-carrier, unreliable",1.1047564928989286,1.4060566463373352
PWM-LGA,PWM,LGA,269.0,1183,3,81.99,8.0,42.4,4.48,3.0729847446279304,0,"Trunk route - multi-carrier, unreliable",0.5140769459643683,0.4273012973948734
IND-JFK,IND,JFK,665.0,1002,1,83.44,3.11,33.5,3.094,3.0008677215312267,2,"Thin route - reliable, short delay tail",-0.8604392451956676,-0.47819188949928454
LGA-LIT,LGA,LIT,1085.0,312,1,67.12,8.7,80.8,6.41,2.494154594018443,1,"Thin route - long delay tail, high average delay",2.524387696273648,-2.3811058246661077
LIT-LGA,LIT,LGA,1085.0,312,1,85.91,3.78,29.5,4.487,2.494154594018443,2,"Thin route - reliable, short delay tail",-1.0572572009860433,-1.5340218584469956
LGA-EYW,LGA,EYW,1207.0,359,2,77.45,0.09,36.6,5.292,2.5550944485783194,2,"Thin route - reliable, short delay tail",-0.13206972739343564,-1.0919035524705831
DCA-HHH,DCA,HHH,501.0,330,2,86.38,-5.06,23.0,1.212,2.5185139398778875,2,"Thin route - reliable, short delay tail",-2.3727535732126372,-0.6239828515728661
MIA-BHM,MIA,BHM,661.0,650,3,83.1,0.73,27.6,0.615,2.8129133566428557,2,"Thin route - reliable, short delay tail",-1.510878156859215,0.25300379091739184
LGA-MKE,LGA,MKE,738.0,841,1,82.65,-3.35,43.7,6.421,2.924795995797912,2,"Thin route - reliable, short delay tail",-0.2399914573244254,-0.6939096370029219
EWR-DTW,EWR,DTW,488.0,3723,4,79.93,5.24,52.0,4.889,3.570893036218392,0,"Trunk route - multi-carrier, unreliable",1.1397189006980044,1.8484257357018148
EWR-MKE,EWR,MKE,725.0,851,1,83.48,-0.7,28.6,4.935,2.929929560084588,2,"Thin route - reliable, short delay tail",-0.8626924295537318,-0.573702139940647
MKE-EWR,MKE,EWR,725.0,850,1,78.26,6.36,52.6,4.941,2.929418925714293,1,"Thin route - long delay tail, high average delay",0.6519024039343831,-0.9759319070003296
ORD-EYW,ORD,EYW,1251.0,775,3,80.66,-0.27,43.1,1.419,2.88930170250631,2,"Thin route - reliable, short delay tail",-0.8588476645353582,0.20898348098465291
EWR-MEM,EWR,MEM,946.0,484,2,78.91,0.74,48.1,4.959,2.6848453616444123,2,"Thin route - reliable, short delay tail",0.1185520903199984,-0.8593736901581276
MEM-EWR,MEM,EWR,946.0,483,2,80.56,2.18,52.0,3.727,2.683947130751512,2,"Thin route - reliable, short delay tail",-0.09353490396918099,-0.8486409506217919
BTV-EWR,BTV,EWR,266.0,592,2,81.61,-1.36,39.0,3.209,2.77232170672292,2,"Thin route - reliable, short delay tail",-0.7332462023376217,-0.4181740088349059
DFW-AVL,DFW,AVL,848.0,720,3,71.24,16.56,66.2,2.361,2.8573324964312685,1,"Thin route - long delay tail, high average delay",1.8839616304795708,-0.52502513672481
DFW-GPT,DFW,GPT,500.0,1070,2,81.46,8.03,50.1,3.551,3.0293837776852097,2,"Thin route - reliable, short delay tail",0.3488497689853921,-0.1914499260035406
DCA-LIT,DCA,LIT,888.0,364,2,70.54,9.24,58.8,2.198,2.561101383649056,1,"Thin route - long delay tail, high average delay",0.9442778721435574,-1.4201036016780377
DFW-FWA,DFW,FWA,859.0,1031,3,79.16,7.01,42.0,2.716,3.0132586652835167,2,"Thin route - reliable, short delay tail",0.13047590714116478,0.28449500201413913
PDX-BUR,PDX,BUR,817.0,995,3,86.18,0.59,21.0,0.905,2.9978230807457256,2,"Thin route - reliable, short delay tail",-1.81714011437311,0.7130578550070205
MIA-PHL,MIA,PHL,1013.0,3249,3,75.46,11.31,59.0,2.77,3.511749711344983,0,"Trunk route - multi-carrier, unreliable",1.3405504387625096,1.0208160995072557
CLT-PHL,CLT,PHL,449.0,3520,4,77.73,8.86,53.0,2.727,3.546542663478131,0,"Trunk route - multi-carrier, unreliable",1.0778957413427597,1.7482099977633876
SAN-DFW,SAN,DFW,1171.0,3668,3,76.98,11.1,53.0,2.644,3.5644293269979834,0,"Trunk route - multi-carrier, unreliable",1.017210709848738,1.1921782094533973
LAS-DFW,LAS,DFW,1055.0,5139,3,80.37,8.48,47.0,2.627,3.710878617685173,0,"Trunk route - multi-carrier, unreliable",0.49254412427970595,1.6572770609480216
TTN-MCO,TTN,MCO,896.0,540,1,82.66,5.95,37.2,3.704,2.7323937598229686,2,"Thin route - reliable, short delay tail",-0.5128930292981555,-1.1623127337099346
RDU-MIA,RDU,MIA,700.0,2359,5,76.98,13.47,65.0,1.738,3.3727279408855955,0,"Trunk route - multi-carrier, unreliable",1.5697195749833512,1.692364776516809
RDU-DFW,RDU,DFW,1061.0,2263,5,78.37,10.79,48.0,2.696,3.3546845539547285,0,"Trunk route - multi-carrier, unreliable",0.9892980025809976,1.791306413218868
PBI-PHL,PBI,PHL,951.0,1553,3,77.42,16.77,63.2,2.189,3.1911714557285586,0,"Trunk route - multi-carrier, unreliable",1.4175835623814252,0.2832744181534479
PHL-PBI,PHL,PBI,951.0,1554,3,74.45,9.04,64.0,2.445,3.1914510144648953,0,"Trunk route - multi-carrier, unreliable",1.2053342143831591,0.3750435293911419
TPA-CLT,TPA,CLT,507.0,3105,3,83.63,2.16,31.0,1.546,3.492061604512599,2,"Thin route - reliable, short delay tail",-0.8573296744905797,1.5834365860225268
PAE-LAS,PAE,LAS,894.0,452,2,90.56,-5.29,12.0,1.327,2.655138434811382,2,"Thin route - reliable, short delay tail",-2.9834124501251282,-0.2248070004283501
SEA-DFW,SEA,DFW,1660.0,5229,4,78.17,7.45,40.0,1.893,3.7184186418296554,0,"Trunk route - multi-carrier, unreliable",0.2883461284135698,2.1534468940562412
MIA-CVG,MIA,CVG,948.0,983,5,78.52,3.28,38.0,0.916,2.9925535178321354,0,"Trunk route - multi-carrier, unreliable",-0.3296533420845695,1.3387737805955042
CVG-MIA,CVG,MIA,948.0,983,5,81.05,4.41,39.0,0.814,2.9925535178321354,0,"Trunk route - multi-carrier, unreliable",-0.4459316559876621,1.357979441205353
FLL-CVG,FLL,CVG,932.0,988,3,70.93,19.26,74.4,0.911,2.9947569445876283,1,"Thin route - long delay tail, high average delay",2.01288475226961,-0.321519052807355
FLL-DFW,FLL,DFW,1119.0,3055,4,71.55,16.5,72.9,3.077,3.485011214578573,0,"Trunk route - multi-carrier, unreliable",2.546277629738769,1.155102259289122
CLT-FLL,CLT,FLL,632.0,3020,4,75.56,7.47,54.0,2.682,3.4800069429571505,0,"Trunk route - multi-carrier, unreliable",1.1122111283311527,1.5812084146437393
FLL-CLT,FLL,CLT,632.0,3022,4,77.74,9.05,55.0,2.581,3.4802944600030066,0,"Trunk route - multi-carrier, unreliable",1.0537010691525277,1.5853932180967243
MIA-BDL,MIA,BDL,1194.0,428,2,71.02,8.04,52.0,1.402,2.6314437690131722,1,"Thin route - long delay tail, high average delay",0.4420501778421203,-1.196754576338545
DCA-LAX,DCA,LAX,2311.0,1454,3,75.88,8.19,45.0,1.719,3.162564406523019,3,"Thin route - long-haul, rarely cancels",0.1405595415644018,0.40106028378474934
DCA-PDX,DCA,PDX,2350.0,363,1,71.59,10.42,57.2,0.551,2.5599066250361124,3,"Thin route - long-haul, rarely cancels",0.14434397196183585,-1.960447442479637
DCA-SAN,DCA,SAN,2276.0,364,1,71.27,8.82,48.4,1.648,2.561101383649056,3,"Thin route - long-haul, rarely cancels",0.09428501180488826,-1.9000524091790008
ANC-BET,ANC,BET,399.0,723,1,82.86,2.23,32.1,3.043,2.859138297294531,2,"Thin route - reliable, short delay tail",-0.9375455243032979,-0.7284126604159649
ANC-BRW,ANC,BRW,725.0,359,1,74.93,10.06,47.4,2.507,2.5550944485783194,1,"Thin route - long delay tail, high average delay",0.3116446965539463,-1.7673498665548508
JNU-PSG,JNU,PSG,123.0,362,1,80.46,5.02,31.6,1.381,2.558708570533166,2,"Thin route - reliable, short delay tail",-1.035645276369582,-1.3667043792322386
PSG-WRG,PSG,WRG,31.0,362,1,85.76,-2.79,29.7,4.144,2.558708570533166,2,"Thin route - reliable, short delay tail",-1.3700086066843493,-1.1763458817561456
KTN-WRG,KTN,WRG,82.0,361,1,80.69,2.73,35.0,1.939,2.5575072019056577,2,"Thin route - reliable, short delay tail",-0.9834317571416782,-1.355032411267042
CDV-YAK,CDV,YAK,213.0,362,1,87.43,-9.8,23.0,1.105,2.558708570533166,2,"Thin route - reliable, short delay tail",-2.879845879548594,-0.8770964802494375
FAI-ANC,FAI,ANC,261.0,1416,1,85.87,-1.44,23.0,1.059,3.15106325335375,2,"Thin route - reliable, short delay tail",-1.9786781438409506,0.13290488730247502
OTZ-ANC,OTZ,ANC,549.0,361,1,84.15,-0.88,30.4,3.878,2.5575072019056577,2,"Thin route - reliable, short delay tail",-1.242498778030129,-1.285024580742478
PDX-ANC,PDX,ANC,1542.0,1209,1,83.1,0.2,26.0,0.0,3.0824263008607717,3,"Thin route - long-haul, rarely cancels",-2.0502690115523543,-0.1810624696288497
SAN-OGG,SAN,OGG,2540.0,876,2,84.01,-4.13,25.0,0.571,2.9425041061680806,3,"Thin route - long-haul, rarely cancels",-2.3787514161310153,0.02499833055328819
KOA-PDX,KOA,PDX,2607.0,365,1,80.82,-0.88,32.0,0.0,2.5622928644564746,3,"Thin route - long-haul, rarely cancels",-2.16397863510361,-1.390164335889256
KOA-SAN,KOA,SAN,2556.0,364,1,74.58,4.75,45.0,0.549,2.561101383649056,3,"Thin route - long-haul, rarely cancels",-0.8242705346772748,-1.7217990762232378
SAN-KOA,SAN,KOA,2556.0,364,1,81.51,-0.46,29.8,0.275,2.561101383649056,3,"Thin route - long-haul, rarely cancels",-2.1758434602915093,-1.378373284584582
PDX-MCO,PDX,MCO,2535.0,391,1,82.64,-2.8,25.0,0.256,2.5921767573958667,3,"Thin route - long-haul, rarely cancels",-2.536585322083404,-1.2117294209248632
BOS-PDX,BOS,PDX,2537.0,671,2,77.66,1.87,41.3,1.937,2.826722520168992,3,"Thin route - long-haul, rarely cancels",-0.7828054158275516,-0.6022014410915475
SEA-AUS,SEA,AUS,1770.0,2068,3,79.24,3.77,36.0,0.87,3.315550534421905,3,"Thin route - long-haul, rarely cancels",-0.704413072384728,0.9959877583628063
PDX-OGG,PDX,OGG,2561.0,728,1,89.53,-9.78,15.0,0.137,2.862131379313037,3,"Thin route - long-haul, rarely cancels",-3.7288827209534934,-0.32225440912843983
PHL-SEA,PHL,SEA,2379.0,1388,3,70.1,7.3,50.0,1.801,3.142389466118836,3,"Thin route - long-haul, rarely cancels",0.6590299674541817,0.23146693175805735
PDX-DFW,PDX,DFW,1616.0,2380,2,81.21,7.65,37.6,2.521,3.376576957056512,3,"Thin route - long-haul, rarely cancels",-0.26541894225272866,0.5492280689066
PIT-SEA,PIT,SEA,2125.0,470,1,73.76,5.26,46.6,1.064,2.6720978579357175,3,"Thin route - long-haul, rarely cancels",-0.4528590216771505,-1.5123642909132422
SEA-SAT,SEA,SAT,1774.0,558,1,75.72,2.97,36.8,0.896,2.7466341989375787,3,"Thin route - long-haul, rarely cancels",-0.9710043014503422,-1.1780694044792077
OGG-PDX,OGG,PDX,2561.0,728,1,84.79,-3.59,23.0,0.412,2.862131379313037,3,"Thin route - long-haul, rarely cancels",-2.670098484082614,-0.5975953493261048
MSO-SEA,MSO,SEA,389.0,646,2,82.34,1.98,24.1,0.929,2.8102325179950842,2,"Thin route - reliable, short delay tail",-1.4883434336565307,-0.2343365236125031
SEA-MSO,SEA,MSO,389.0,626,2,83.55,-1.29,26.0,0.799,2.7965743332104296,2,"Thin route - reliable, short delay tail",-1.7879011199154815,-0.18202188166610017
DFW-HNL,DFW,HNL,3784.0,671,1,68.64,18.53,75.2,0.894,2.826722520168992,3,"Thin route - long-haul, rarely cancels",1.3515626633985693,-1.880766197735131
HNL-DFW,HNL,DFW,3784.0,671,1,79.88,7.97,32.0,1.639,2.826722520168992,3,"Thin route - long-haul, rarely cancels",-1.1979536533767623,-1.1927471706767439
EYW-DFW,EYW,DFW,1089.0,332,1,70.13,25.27,101.3,2.711,2.5211380837040362,1,"Thin route - long delay tail, high average delay",3.1078857258963737,-2.6339691715129465
PHX-MSN,PHX,MSN,1396.0,592,2,80.72,9.66,53.0,0.845,2.77232170672292,3,"Thin route - long-haul, rarely cancels",-0.2764338274154347,-0.7711531711740399
DFW-RNO,DFW,RNO,1345.0,1264,1,70.66,14.37,59.0,3.085,3.1017470739463664,1,"Thin route - long delay tail, high average delay",1.489797146097822,-0.9602766105912174
RNO-DFW,RNO,DFW,1345.0,1264,1,80.28,13.26,44.8,3.165,3.1017470739463664,2,"Thin route - reliable, short delay tail",0.315432422960734,-0.6698352353745608
DFW-DCA,DFW,DCA,1192.0,3299,1,73.08,9.81,52.0,3.031,3.518382315545344,0,"Trunk route - multi-carrier, unreliable",0.9869096100011344,0.09069444192509556
PHX-MIA,PHX,MIA,1972.0,1832,1,78.37,5.11,37.0,0.873,3.2629254693318317,3,"Thin route - long-haul, rarely cancels",-0.8584397858486175,-0.13384104372486544
MIA-TPA,MIA,TPA,204.0,2937,3,71.07,17.08,72.0,1.021,3.4679039465228003,0,"Trunk route - multi-carrier, unreliable",2.1199563910116144,0.7648227922529771
PHX-LIH,PHX,LIH,2979.0,384,1,82.59,-2.73,26.0,0.0,2.584331224367531,3,"Thin route - long-haul, rarely cancels",-2.634458266588556,-1.2643809655053342
BDL-DFW,BDL,DFW,1471.0,681,1,76.34,9.26,53.6,3.524,2.833147111912785,1,"Thin route - long delay tail, high average delay",0.5384837203267788,-1.289455811401972
LAX-PIT,LAX,PIT,2136.0,425,2,83.25,2.18,30.7,0.235,2.6283889300503116,3,"Thin route - long-haul, rarely cancels",-1.8810836625809877,-0.7564975002448526
PIT-LAX,PIT,LAX,2136.0,425,2,79.91,13.46,39.8,0.471,2.6283889300503116,3,"Thin route - long-haul, rarely cancels",-0.566691691881505,-1.1169605871637656
EGE-ORD,EGE,ORD,1007.0,411,2,69.92,21.64,91.6,4.136,2.6138418218760693,1,"Thin route - long delay tail, high average delay",3.144625362747319,-1.8682817470576711
ILM-MIA,ILM,MIA,601.0,456,3,86.74,-1.25,21.6,1.754,2.658964842664435,2,"Thin route - reliable, short delay tail",-1.8725024349580246,0.05433450623666032
SAV-MIA,SAV,MIA,440.0,789,3,85.84,2.66,27.0,1.521,2.89707700320942,2,"Thin route - reliable, short delay tail",-1.3303844796322388,0.4288709949970845
CMH-DFW,CMH,DFW,926.0,1728,4,79.98,10.4,46.3,2.257,3.2375437381428744,0,"Trunk route - multi-carrier, unreliable",0.5245779621403017,1.1467861255930285
CLT-BUF,CLT,BUF,546.0,1165,2,72.69,12.78,57.5,1.631,3.0663259253620376,1,"Thin route - long delay tail, high average delay",1.1063515586744785,-0.3660730017392792
ONT-CLT,ONT,CLT,2078.0,327,1,86.65,-0.97,19.0,1.223,2.514547752660286,3,"Thin route - long-haul, rarely cancels",-2.6158537533687256,-1.2885168587774236
DCA-SAT,DCA,SAT,1380.0,350,1,56.43,28.08,118.5,2.0,2.5440680443502757,1,"Thin route - long delay tail, high average delay",4.608469813693908,-3.0101938769767256
SAN-CLT,SAN,CLT,2077.0,1396,1,82.69,6.44,28.0,1.074,3.144885418287142,3,"Thin route - long-haul, rarely cancels",-1.3568672032850806,-0.27832207347709137
SAT-CLT,SAT,CLT,1095.0,1378,1,87.0,7.49,25.0,1.742,3.139249217571607,2,"Thin route - reliable, short delay tail",-1.3898190772175898,-0.15525329709044688
MSP-CLT,MSP,CLT,930.0,2448,2,81.24,2.71,38.0,1.471,3.3888114134735234,2,"Thin route - reliable, short delay tail",-0.7192148149285228,0.7609557460453156
CLT-MSY,CLT,MSY,650.0,1711,5,78.6,8.53,50.0,1.227,3.2332500095411003,0,"Trunk route - multi-carrier, unreliable",0.5498732293301999,1.6585030035475041
SAV-DFW,SAV,DFW,925.0,1027,3,76.71,15.94,56.0,2.726,3.0115704435972783,1,"Thin route - long delay tail, high average delay",1.2834050584743686,-0.04630420147595029
SBA-DFW,SBA,DFW,1316.0,364,2,75.0,31.27,55.6,1.648,2.561101383649056,1,"Thin route - long delay tail, high average delay",1.8078832143770138,-1.786318805090401
DFW-VPS,DFW,VPS,641.0,1343,3,66.87,20.18,81.0,3.053,3.1280760126687155,1,"Thin route - long delay tail, high average delay",3.1564343277756763,-0.2291613747939452
CLT-GRR,CLT,GRR,583.0,1024,2,75.5,11.11,56.3,1.074,3.010299956639812,1,"Thin route - long delay tail, high average delay",0.5881891655150079,-0.37300266904874163
JAX-CLT,JAX,CLT,328.0,1939,2,80.89,5.64,43.0,1.083,3.2875778090787056,2,"Thin route - reliable, short delay tail",-0.396210217159775,0.5139640923433197
CLT-MDT,CLT,MDT,413.0,744,2,76.35,9.36,58.0,2.823,2.8715729355458786,1,"Thin route - long delay tail, high average delay",0.825204136699847,-0.6579135392161874
CLT-PHX,CLT,PHX,1773.0,2883,1,80.04,3.08,39.0,1.041,3.459844642388208,3,"Thin route - long-haul, rarely cancels",-0.9233665717398093,0.3382496210287221
MSY-CLT,MSY,CLT,650.0,1712,5,82.18,8.88,38.0,1.285,3.2335037603411343,0,"Trunk route - multi-carrier, unreliable",-0.006255791154405822,1.7957797415847614
DFW-FAT,DFW,FAT,1313.0,1362,1,63.67,20.52,72.0,2.717,3.1341771075767664,1,"Thin route - long delay tail, high average delay",2.7211098747689504,-1.2203332375790183
SEA-CLT,SEA,CLT,2279.0,1296,1,87.93,-0.54,20.5,1.235,3.1126050015345745,3,"Thin route - long-haul, rarely cancels",-2.4386703083797827,-0.0768661612696349
CLT-PDX,CLT,PDX,2282.0,441,1,66.21,14.04,67.0,1.361,2.6444385894678386,1,"Thin route - long delay tail, high average delay",1.2943154581722605,-2.045092975696309
DFW-EGE,DFW,EGE,721.0,874,1,63.71,30.86,99.5,2.403,2.941511432634403,1,"Thin route - long delay tail, high average delay",4.087545823946378,-1.9537727607825646
DFW-RSW,DFW,RSW,1017.0,1339,2,66.46,20.01,75.0,2.838,3.126780577012009,1,"Thin route - long delay tail, high average delay",2.765365511875322,-0.6967093230459604
VPS-DFW,VPS,DFW,641.0,1343,3,72.25,23.75,81.0,3.127,3.1280760126687155,1,"Thin route - long delay tail, high average delay",2.9990223529856626,-0.2069994720719062
DFW-MSN,DFW,MSN,821.0,1093,2,61.82,30.25,107.5,2.013,3.038620161949703,1,"Thin route - long delay tail, high average delay",4.4788801878239335,-1.348593854693448
SNA-DFW,SNA,DFW,1205.0,2936,2,80.36,10.34,43.0,3.134,3.467756051244033,0,"Trunk route - multi-carrier, unreliable",0.3674212106001098,0.6426502533770111
EYW-CLT,EYW,CLT,736.0,1259,2,82.12,5.7,37.0,2.621,3.1000257301078626,2,"Thin route - reliable, short delay tail",-0.42955070373729853,0.11111525160326706
MIA-ORF,MIA,ORF,802.0,638,3,73.17,9.99,47.2,1.097,2.8048206787211623,0,"Trunk route - multi-carrier, unreliable",0.48443965811340867,-0.29182800922869495
ORF-MIA,ORF,MIA,802.0,638,3,83.15,4.77,41.2,1.097,2.8048206787211623,2,"Thin route - reliable, short delay tail",-0.7973222380448296,0.03671153338056922
MSN-DFW,MSN,DFW,821.0,1093,2,73.87,22.18,77.0,2.104,3.038620161949703,1,"Thin route - long delay tail, high average delay",2.2191378857792476,-0.7620092280666017
XNA-PHX,XNA,PHX,1023.0,828,3,87.76,-2.86,19.0,0.362,2.9180303367848803,2,"Thin route - reliable, short delay tail",-2.4146686614970516,0.6630944676688858
MIA-STT,MIA,STT,1107.0,941,1,77.31,4.24,41.1,0.744,2.973589623427257,2,"Thin route - reliable, short delay tail",-0.7337382317742319,-0.6817068320825582
CLT-STT,CLT,STT,1520.0,610,1,82.08,5.05,29.4,1.475,2.785329835010767,3,"Thin route - long-haul, rarely cancels",-1.3277220899026376,-0.9740177860877717
DCA-PHX,DCA,PHX,1979.0,1086,1,82.74,6.98,37.0,1.473,3.035829825252828,3,"Thin route - long-haul, rarely cancels",-1.0221577474863646,-0.5768046590513539
DFW-SRQ,DFW,SRQ,945.0,373,3,65.29,21.55,79.6,2.681,2.571708831808688,1,"Thin route - long delay tail, high average delay",2.9796423364665348,-1.427684833709189
PHX-JAX,PHX,JAX,1785.0,323,1,73.44,11.62,50.1,0.619,2.509202522331103,3,"Thin route - long-haul, rarely cancels",-0.019382924691867507,-1.9643807976514112
CLT-SMF,CLT,SMF,2244.0,429,1,80.05,3.64,35.0,1.632,2.6324572921847245,3,"Thin route - long-haul, rarely cancels",-1.2577618498967391,-1.395244214599125
PDX-HNL,PDX,HNL,2603.0,908,2,61.3,19.02,44.0,1.432,2.958085848521085,3,"Thin route - long-haul, rarely cancels",1.6351767368844239,-0.989645048283378
BOI-SNA,BOI,SNA,688.0,359,2,80.95,7.54,39.0,0.557,2.5550944485783194,2,"Thin route - reliable, short delay tail",-0.8466681252393174,-1.0082152327198821
OGG-LGB,OGG,LGB,2498.0,370,3,85.95,-0.65,18.8,0.27,2.568201724066995,3,"Thin route - long-haul, rarely cancels",-2.5252419043445706,-0.24462784726283496
MSP-RDU,MSP,RDU,980.0,1228,2,82.18,0.34,32.0,1.14,3.089198366805149,2,"Thin route - reliable, short delay tail",-1.3131584658928188,0.2602161244779933
MSP-LGA,MSP,LGA,1020.0,1846,2,79.97,4.07,39.9,2.925,3.266231696689893,2,"Thin route - reliable, short delay tail",-0.2062386536669528,0.39390650651043124
MSP-SAT,MSP,SAT,1097.0,893,1,76.16,7.64,48.0,1.008,2.9508514588885464,2,"Thin route - reliable, short delay tail",-0.17964604812149357,-0.8726719680565791
DTW-MSY,DTW,MSY,926.0,811,3,84.98,-0.57,26.2,1.48,2.909020854211156,2,"Thin route - reliable, short delay tail",-1.5852541281367327,0.4717179665589202
MSY-DTW,MSY,DTW,926.0,810,3,83.12,6.57,31.0,1.605,2.90848501887865,2,"Thin route - reliable, short delay tail",-0.8040857986330717,0.25429030895802734
FCA-MSP,FCA,MSP,1025.0,466,2,83.73,1.02,33.0,1.073,2.66838591669,2,"Thin route - reliable, short delay tail",-1.5497108090107516,-0.594916209395048
DTW-LAX,DTW,LAX,1979.0,2449,3,77.36,4.7,41.6,0.898,3.388988785124714,3,"Thin route - long-haul, rarely cancels",-0.3463192254699017,1.0377998112614395
ATL-ONT,ATL,ONT,1900.0,937,1,75.33,7.09,47.1,1.708,2.971739590887778,3,"Thin route - long-haul, rarely cancels",-0.1343052530363557,-0.9136819365488857
FLL-SLC,FLL,SLC,2084.0,376,2,74.87,14.55,48.1,0.532,2.575187844927661,3,"Thin route - long-haul, rarely cancels",0.11659962387244363,-1.3932512719203656
SLC-DCA,SLC,DCA,1851.0,364,1,84.31,-3.07,23.0,0.824,2.561101383649056,3,"Thin route - long-haul, rarely cancels",-2.5089250228252538,-1.1890161990320127
RDU-SLC,RDU,SLC,1824.0,383,1,84.08,1.02,22.4,1.305,2.583198773968623,3,"Thin route - long-haul, rarely cancels",-2.1067051866658035,-1.2406109464763608
MSP-FCA,MSP,FCA,1025.0,466,2,80.48,2.15,37.0,0.429,2.66838591669,2,"Thin route - reliable, short delay tail",-1.2654765598759028,-0.6839259021139388
DTW-BHM,DTW,BHM,625.0,312,3,71.9,15.83,70.5,1.603,2.494154594018443,1,"Thin route - long delay tail, high average delay",1.6139416412415242,-1.2287207060803078
AVL-FLL,AVL,FLL,661.0,659,1,61.85,29.55,79.0,1.062,2.8188854145940097,1,"Thin route - long delay tail, high average delay",3.2530990906945445,-2.0270574198123965
EYW-PIE,EYW,PIE,238.0,313,1,80.84,-0.59,42.3,0.639,2.4955443375464483,2,"Thin route - reliable, short delay tail",-1.3760352073794246,-1.4321350951202174
FNT-PGD,FNT,PGD,1111.0,336,1,78.68,2.49,42.8,0.298,2.526339277389844,2,"Thin route - reliable, short delay tail",-1.193450385366411,-1.5340125360767134
LAS-SCK,LAS,SCK,359.0,398,1,82.99,4.67,33.0,0.251,2.5998830720736876,2,"Thin route - reliable, short delay tail",-1.4999192552483547,-1.2224359104808808
VPS-BLV,VPS,BLV,587.0,394,1,72.7,15.16,56.9,0.254,2.595496221825574,1,"Thin route - long delay tail, high average delay",0.5967872973118075,-1.812404074119107
FSD-AZA,FSD,AZA,1072.0,371,1,74.53,12.66,45.4,0.539,2.569373909615046,2,"Thin route - reliable, short delay tail",-0.038616707873005585,-1.7516565672473632
PGD-GRR,PGD,GRR,1118.0,349,1,72.25,7.59,41.0,0.0,2.5428254269591797,3,"Thin route - long-haul, rarely cancels",-0.46327358068351826,-1.7007017934716768
SCK-LAS,SCK,LAS,359.0,398,1,67.25,36.75,81.4,0.251,2.5998830720736876,1,"Thin route - long delay tail, high average delay",3.1596763334414764,-2.491509326961521
PVU-AZA,PVU,AZA,477.0,707,1,87.5,9.4,22.0,0.424,2.8494194137968996,2,"Thin route - reliable, short delay tail",-1.699302418379127,-0.6677242171473009
TYS-FLL,TYS,FLL,709.0,481,1,53.7,35.86,103.8,0.832,2.682145076373832,1,"Thin route - long delay tail, high average delay",4.848458526615433,-2.7477230534518733
PGD-CVG,PGD,CVG,850.0,349,1,72.7,11.51,56.3,0.287,2.5428254269591797,1,"Thin route - long delay tail, high average delay",0.27940394422571907,-1.8633753044262078
ACY-FLL,ACY,FLL,977.0,550,2,66.15,31.5,77.0,5.818,2.7403626894942437,1,"Thin route - long delay tail, high average delay",4.1595173342473855,-1.831705958962254
CVG-SRQ,CVG,SRQ,812.0,309,1,74.76,11.31,57.2,0.0,2.4899584794248346,2,"Thin route - reliable, short delay tail",0.049391303429897115,-1.9241383434390624
SYR-FLL,SYR,FLL,1197.0,300,2,49.48,43.78,115.0,2.667,2.4771212547196626,1,"Thin route - long delay tail, high average delay",6.412696736677729,-3.0998302034037155
MIA-GNV,MIA,GNV,294.0,384,1,77.81,8.59,41.8,0.0,2.584331224367531,2,"Thin route - reliable, short delay tail",-0.6565818072180766,-1.474847597354118
EVV-ORD,EVV,ORD,272.0,699,3,80.39,4.18,42.3,4.435,2.8444771757456815,2,"Thin route - reliable, short delay tail",0.27578549431752797,0.010822618620357518
ORD-LSE,ORD,LSE,215.0,1051,1,75.8,7.02,49.0,4.567,3.021602716028242,1,"Thin route - long delay tail, high average delay",0.8227452998564031,-0.7688229168132762
ORD-LAN,ORD,LAN,179.0,748,1,74.93,9.69,56.0,2.941,2.8739015978644615,1,"Thin route - long delay tail, high average delay",0.8268657971414684,-1.1351488311685438
HPN-ORD,HPN,ORD,738.0,1530,1,79.15,7.54,55.8,4.118,3.184691430817599,1,"Thin route - long delay tail, high average delay",0.6562146731252728,-0.4585481086377617
PHX-CLD,PHX,CLD,306.0,868,1,83.49,3.16,35.0,1.267,2.938519725176492,2,"Thin route - reliable, short delay tail",-1.2107170516328272,-0.5303503594699298
MIA-PNS,MIA,PNS,530.0,1210,2,82.87,1.14,28.0,0.826,3.0827853703164503,2,"Thin route - reliable, short delay tail",-1.421445240956845,0.31590286643416143
SRQ-MIA,SRQ,MIA,178.0,332,2,93.67,-0.01,1.9,0.0,2.5211380837040362,2,"Thin route - reliable, short delay tail",-3.3791515616527543,-0.3842249652607732
DFW-ATW,DFW,ATW,908.0,425,1,79.9,3.59,40.0,1.412,2.6283889300503116,2,"Thin route - reliable, short delay tail",-0.9574215008743864,-1.3252354461539086
BIS-DFW,BIS,DFW,977.0,727,1,82.02,2.48,34.8,1.1,2.8615344108590377,2,"Thin route - reliable, short delay tail",-1.324147126978755,-0.747726596510559
XNA-DCA,XNA,DCA,963.0,365,1,91.99,-12.59,9.0,0.822,2.5622928644564746,2,"Thin route - reliable, short delay tail",-3.9732479877299007,-0.6867301849007087
VPS-ORD,VPS,ORD,796.0,318,2,75.4,14.61,63.0,0.314,2.5024271199844326,1,"Thin route - long delay tail, high average delay",0.5987806312312194,-1.5242423521526072
DFW-CMI,DFW,CMI,692.0,719,1,84.74,1.95,32.0,1.808,2.8567288903828825,2,"Thin route - reliable, short delay tail",-1.4370312073823244,-0.6777520926167264
ACY-MCO,ACY,MCO,852.0,517,1,81.02,6.06,46.1,5.029,2.7134905430939424,2,"Thin route - reliable, short delay tail",0.1615647379862044,-1.3306799436091281
PBI-ACY,PBI,ACY,936.0,326,1,80.52,3.99,43.0,5.215,2.513217600067939,2,"Thin route - reliable, short delay tail",-0.07108109935499703,-1.6987775352464918
ROW-DEN,ROW,DEN,452.0,330,1,66.15,27.08,86.8,0.909,2.5185139398778875,1,"Thin route - long delay tail, high average delay",2.839096214340626,-2.5440199967298898
PSC-MSP,PSC,MSP,1254.0,365,2,91.76,-2.43,10.0,0.274,2.5622928644564746,2,"Thin route - reliable, short delay tail",-3.272900915380903,-0.43415619147601786
ORD-MHT,ORD,MHT,843.0,602,2,83.53,-4.1,28.2,1.993,2.7795964912578244,2,"Thin route - reliable, short delay tail",-1.7213197859840703,-0.24783140053053992
ACK-LGA,ACK,LGA,202.0,412,2,76.49,13.66,70.8,5.825,2.6148972160331345,1,"Thin route - long delay tail, high average delay",2.0677349211555183,-1.4315560299780807
BOS-ROC,BOS,ROC,343.0,385,2,78.76,2.77,45.9,3.117,2.5854607295085006,2,"Thin route - reliable, short delay tail",-0.15952066792472994,-0.986660971087174
DEN-SGF,DEN,SGF,637.0,1300,1,79.63,5.97,45.5,0.692,3.113943352306837,2,"Thin route - reliable, short delay tail",-0.5616801061099218,-0.3782733257066331
SGF-DEN,SGF,DEN,637.0,1301,1,80.26,7.89,50.0,0.615,3.1142772965615864,2,"Thin route - reliable, short delay tail",-0.37956477506571457,-0.433400353274807
SHV-DEN,SHV,DEN,792.0,436,1,77.73,8.14,43.0,0.917,2.639486489268586,2,"Thin route - reliable, short delay tail",-0.49480606152917944,-1.4306818431122146
SNA-SFO,SNA,SFO,372.0,4777,4,67.8,13.64,66.0,1.591,3.679155241283354,0,"Trunk route - multi-carrier, unreliable",2.3132711569086704,1.6954007567479166
TUL-DEN,TUL,DEN,541.0,2450,4,80.69,5.18,36.0,0.939,3.3891660843645326,0,"Trunk route - multi-carrier, unreliable",-0.3376778809255595,1.71811127066266
IAH-ASE,IAH,ASE,913.0,624,1,74.91,9.62,81.0,2.724,2.795184589682424,1,"Thin route - long delay tail, high average delay",1.2854832647650452,-1.5153267149111844
TYS-ORD,TYS,ORD,475.0,2188,5,69.71,24.05,85.0,4.068,3.340047317661393,1,"Thin route - long delay tail, high average delay",3.934447572249496,1.0874329180010915
OMA-SFO,OMA,SFO,1433.0,369,2,85.79,-1.8,21.5,0.813,2.56702636615906,3,"Thin route - long-haul, rarely cancels",-2.3678426939290835,-0.6542492043032966
ORD-FAR,ORD,FAR,557.0,2052,2,70.3,15.81,68.0,3.216,3.3121773564397787,1,"Thin route - long delay tail, high average delay",2.2341944281231405,-0.08942786571596982
SFO-PSC,SFO,PSC,620.0,594,1,80.88,11.8,43.0,0.168,2.7737864449811935,2,"Thin route - reliable, short delay tail",-0.5833993599814267,-1.1366342994033645
ICT-IAH,ICT,IAH,542.0,561,2,85.12,3.43,36.0,1.248,2.7489628612561616,2,"Thin route - reliable, short delay tail",-1.2660188213527221,-0.44123338318542227
DEN-XWA,DEN,XWA,582.0,1370,1,77.97,12.59,51.0,1.241,3.1367205671564067,2,"Thin route - reliable, short delay tail",0.3032715182339765,-0.5472309953720033
DEN-MSO,DEN,MSO,679.0,1204,3,81.99,3.87,31.0,0.332,3.0806264869218056,2,"Thin route - reliable, short delay tail",-1.0856350567394673,0.7007895826442093
SBP-SFO,SBP,SFO,191.0,1145,2,59.73,23.82,88.1,1.223,3.0588054866759067,1,"Thin route - long delay tail, high average delay",3.6199028006428895,-1.0078595698244823
SFO-FAT,SFO,FAT,158.0,1250,1,74.88,17.13,64.0,1.52,3.0969100130080562,1,"Thin route - long delay tail, high average delay",1.3077795237370902,-0.8401305233793028
FAT-SFO,FAT,SFO,158.0,1250,1,65.04,23.28,76.8,1.28,3.0969100130080562,1,"Thin route - long delay tail, high average delay",2.765590895434783,-1.2234790534824387
PHX-GJT,PHX,GJT,438.0,982,2,81.08,6.64,35.3,0.305,2.9921114877869495,2,"Thin route - reliable, short delay tail",-0.8606293633960196,-0.04041813055193454
ORD-MKE,ORD,MKE,67.0,5268,4,64.84,26.33,99.0,4.86,3.7216457662897464,1,"Thin route - long delay tail, high average delay",5.089950808671434,1.168913794934852
LAX-SFO,LAX,SFO,337.0,11235,7,62.21,16.58,68.0,0.837,4.050573076755148,0,"Trunk route - multi-carrier, unreliable",3.4035944910252094,3.740372120505179
SFO-LAX,SFO,LAX,337.0,11235,8,72.75,10.49,53.0,0.854,4.050573076755148,0,"Trunk route - multi-carrier, unreliable",1.9291311278932495,4.634904660363264
SMF-LAX,SMF,LAX,373.0,5643,5,85.47,0.98,25.0,0.443,3.751510050270041,0,"Trunk route - multi-carrier, unreliable",-1.082352566461408,3.2132909361795248
DFW-COS,DFW,COS,592.0,1933,3,70.91,14.61,60.0,2.69,3.286231854028553,0,"Trunk route - multi-carrier, unreliable",1.900532599085491,0.43853783964356313
DEN-LAX,DEN,LAX,862.0,7708,5,79.13,5.09,39.0,0.454,3.8869417059834155,0,"Trunk route - multi-carrier, unreliable",0.03275245972805962,3.1574218173202935
DFW-SDF,DFW,SDF,733.0,2001,5,71.07,17.9,73.8,3.398,3.3012470886362113,0,"Trunk route - multi-carrier, unreliable",2.907389347574374,1.2344218640925866
LCH-DFW,LCH,DFW,295.0,1044,2,82.71,7.43,40.8,2.874,3.0187004986662433,2,"Thin route - reliable, short delay tail",-0.16160269011290243,-0.07824716318338071
DRO-DFW,DRO,DFW,674.0,1371,2,80.44,5.21,51.2,2.407,3.1370374547895126,2,"Thin route - reliable, short delay tail",0.01701638546219364,0.08246279676555905
PHX-MFR,PHX,MFR,855.0,753,2,82.57,3.29,35.0,0.398,2.8767949762007006,2,"Thin route - reliable, short delay tail",-1.300367459376945,-0.21488497880398164
ABQ-PHX,ABQ,PHX,328.0,3307,4,81.9,4.69,33.3,0.484,3.519434194913703,0,"Trunk route - multi-carrier, unreliable",-0.5551145761252246,2.066059480856646
SLC-PHX,SLC,PHX,507.0,5775,6,83.91,2.34,30.0,0.537,3.761551988564182,0,"Trunk route - multi-carrier, unreliable",-0.590767639804366,3.60830409936489
DFW-HSV,DFW,HSV,603.0,2065,4,75.96,13.36,66.0,2.906,3.31492005599242,0,"Trunk route - multi-carrier, unreliable",1.786790398356721,1.0444946815550213
HSV-DFW,HSV,DFW,603.0,2064,4,77.64,14.7,55.0,3.149,3.314709692955174,0,"Trunk route - multi-carrier, unreliable",1.5132036482580515,1.1135448783485813
ABQ-LAX,ABQ,LAX,677.0,2218,2,88.06,-1.19,22.0,0.451,3.3459615418131414,2,"Thin route - reliable, short delay tail",-2.1438854823050177,1.0367065240890412
BHM-CLT,BHM,CLT,350.0,1758,4,83.8,3.91,39.3,1.65,3.245018870737753,0,"Trunk route - multi-carrier, unreliable",-0.43905732734543795,1.4765455301001489
XNA-LAX,XNA,LAX,1371.0,441,2,85.65,1.57,27.0,0.227,2.6444385894678386,3,"Thin route - long-haul, rarely cancels",-2.0790976680198563,-0.5812691951542558
PSC-PHX,PSC,PHX,962.0,693,1,89.28,-3.38,17.0,0.0,2.8407332346118066,2,"Thin route - reliable, short delay tail",-3.010284619456811,-0.38311556876395053
COS-DFW,COS,DFW,592.0,1933,3,78.05,16.01,59.0,2.535,3.286231854028553,0,"Trunk route - multi-carrier, unreliable",1.381365798852474,0.5509967011911051
ELP-LAX,ELP,LAX,715.0,1279,2,83.57,5.79,35.9,0.391,3.106870544478654,2,"Thin route - reliable, short delay tail",-1.073340641647937,0.2281626013333199
LAX-ELP,LAX,ELP,715.0,1283,2,80.0,7.92,43.0,0.312,3.1082266563749283,2,"Thin route - reliable, short delay tail",-0.4840515884860771,0.07715169441342831
FLG-DFW,FLG,DFW,853.0,435,2,68.51,35.6,99.5,2.989,2.6384892569546374,1,"Thin route - long delay tail, high average delay",4.174177970213931,-2.134736181410134
LIT-ORD,LIT,ORD,552.0,1457,3,69.79,17.15,75.4,3.089,3.16345955176999,1,"Thin route - long delay tail, high average delay",2.6149378746136596,0.0020412664972161727
LAX-ABQ,LAX,ABQ,677.0,2219,2,85.65,-0.05,24.2,0.27,3.346157302232008,2,"Thin route - reliable, short delay tail",-1.8643909399583318,0.9608265008104057
PWM-ORD,PWM,ORD,900.0,1494,4,78.29,9.76,42.0,3.481,3.1743505974793798,0,"Trunk route - multi-carrier, unreliable",0.7601505589173682,0.9928005454528959
FLG-PHX,FLG,PHX,119.0,1202,1,81.16,13.12,60.0,2.745,3.079904467666721,1,"Thin route - long delay tail, high average delay",0.7286332892817512,-0.6868645924292274
YUM-DFW,YUM,DFW,1022.0,365,2,92.39,-4.89,8.6,1.37,2.5622928644564746,2,"Thin route - reliable, short delay tail",-3.2346706830554877,-0.37846840752636685
ORD-COS,ORD,COS,911.0,1001,2,71.63,13.95,65.0,2.298,3.000434077479319,1,"Thin route - long delay tail, high average delay",1.5350455650567847,-0.6445719128493805
PHX-DSM,PHX,DSM,1149.0,1067,5,76.79,5.28,39.0,1.5,3.0281644194244697,0,"Trunk route - multi-carrier, unreliable",0.08237920095339255,1.2982417677830336
STL-LAX,STL,LAX,1592.0,1027,2,73.41,11.77,43.0,0.292,3.0115704435972783,3,"Thin route - long-haul, rarely cancels",0.102575989474312,-0.3886743077675388
PVU-DFW,PVU,DFW,958.0,728,2,82.84,6.26,41.2,1.923,2.862131379313037,2,"Thin route - reliable, short delay tail",-0.6271100915380747,-0.39835393041004075
LAX-SAT,LAX,SAT,1211.0,1846,4,81.62,4.36,33.0,0.433,3.266231696689893,0,"Trunk route - multi-carrier, unreliable",-0.8161433929687719,1.4826313832818858
DFW-CHA,DFW,CHA,695.0,1610,4,72.2,17.3,75.0,2.981,3.2068258760318495,1,"Thin route - long delay tail, high average delay",2.540742148396365,0.6040257730305055
DFW-YUM,DFW,YUM,1022.0,365,2,76.34,4.69,47.0,2.466,2.5622928644564746,2,"Thin route - reliable, short delay tail",-0.08140999331222672,-1.1587651527883025
PHX-SEA,PHX,SEA,1107.0,7226,7,82.4,0.76,30.0,0.65,3.8588979572320032,0,"Trunk route - multi-carrier, unreliable",-0.46875978536047175,4.238937406624716
LBB-PHX,LBB,PHX,588.0,365,3,93.66,-4.28,1.0,0.274,2.5622928644564746,2,"Thin route - reliable, short delay tail",-3.533247565378347,0.23003227564347076
PSC-SEA,PSC,SEA,172.0,1727,2,88.43,-0.55,19.0,0.869,3.237292337567459,2,"Thin route - reliable, short delay tail",-2.0745651257774815,0.8554828517190576
SMF-SEA,SMF,SEA,605.0,4390,3,82.68,-0.57,27.0,0.319,3.6424645202421213,2,"Thin route - reliable, short delay tail",-1.3132552431547824,1.9872358427728145
SMF-PDX,SMF,PDX,479.0,1954,3,83.24,1.84,27.0,0.358,3.2909245593827543,2,"Thin route - reliable, short delay tail",-1.3038125492943378,1.237517070246208
PDX-GEG,PDX,GEG,279.0,1030,2,86.09,0.8,21.0,0.874,3.012837224705172,2,"Thin route - reliable, short delay tail",-1.8545445171623955,0.3038719332033085
LAS-BOI,LAS,BOI,519.0,1362,5,73.09,9.14,46.0,0.147,3.1341771075767664,0,"Trunk route - multi-carrier, unreliable",0.6433931638267862,1.4143031295152697
SEA-PDX,SEA,PDX,129.0,4812,3,83.14,1.91,27.0,0.665,3.6823256186678073,0,"Trunk route - multi-carrier, unreliable",-1.0099212633058396,2.0535900406462444
FAT-SEA,FAT,SEA,748.0,926,2,81.9,1.43,29.0,0.864,2.966610986681934,2,"Thin route - reliable, short delay tail",-1.372420908985052,0.02928459654675902
BOI-PDX,BOI,PDX,344.0,1084,2,91.37,-3.44,12.0,0.554,3.0350292822023683,2,"Thin route - reliable, short delay tail",-2.8617038862883297,0.5973841800049197
EUG-SEA,EUG,SEA,234.0,1933,2,88.24,-2.26,18.0,1.397,3.286231854028553,2,"Thin route - reliable, short delay tail",-2.0703479944553904,0.9725522129951365
SAN-SMF,SAN,SMF,480.0,5174,3,75.99,4.81,38.0,0.85,3.7138264243805246,0,"Trunk route - multi-carrier, unreliable",0.027869863817772223,1.8209578569494471
PDX-FAT,PDX,FAT,626.0,588,2,84.44,4.7,31.0,0.34,2.7693773260761385,2,"Thin route - reliable, short delay tail",-1.4746312924640574,-0.3826131668933796
SAN-SFO,SAN,SFO,447.0,6660,5,62.49,17.08,72.0,1.291,3.823474229170301,0,"Trunk route - multi-carrier, unreliable",3.232924977319456,2.264734826880775
PDX-BOI,PDX,BOI,344.0,908,2,86.35,0.65,22.0,0.771,2.958085848521085,2,"Thin route - reliable, short delay tail",-1.9141515419431634,0.19091361301893953
PDX-SLC,PDX,SLC,630.0,2374,4,89.21,-2.39,17.0,1.095,3.3754807146185724,2,"Thin route - reliable, short delay tail",-1.992026552218773,2.1158330923002304
GEG-BOI,GEG,BOI,287.0,336,1,89.85,-4.53,14.6,0.298,2.526339277389844,2,"Thin route - reliable, short delay tail",-3.143513139740884,-0.9316829583788269
PSC-LAX,PSC,LAX,851.0,359,2,88.17,-3.91,18.2,0.836,2.5550944485783194,2,"Thin route - reliable, short delay tail",-2.688078785665646,-0.5241812288635742
PDX-EUG,PDX,EUG,105.0,582,1,90.61,-1.56,13.0,1.203,2.7649229846498886,2,"Thin route - reliable, short delay tail",-2.7115737535578055,-0.4934512050482604
LAS-SAN,LAS,SAN,258.0,5631,5,65.12,15.38,57.0,0.977,3.7505855273410087,0,"Trunk route - multi-carrier, unreliable",2.447804137188967,2.324019016946295
SAN-LAS,SAN,LAS,258.0,5612,4,75.0,7.47,50.0,1.354,3.7491176623563223,0,"Trunk route - multi-carrier, unreliable",0.9092636356398462,2.219914360018992
SEA-PSC,SEA,PSC,172.0,1726,2,83.53,2.85,26.5,1.043,3.237040791379191,2,"Thin route - reliable, short delay tail",-1.228443249090033,0.6404306555201437
LAX-EUG,LAX,EUG,748.0,400,3,92.75,-9.19,8.1,0.0,2.6020599913279625,2,"Thin route - reliable, short delay tail",-3.6801144275083097,0.3435061975061201
MRY-SAN,MRY,SAN,375.0,540,1,78.2,8.47,38.0,2.963,2.7323937598229686,2,"Thin route - reliable, short delay tail",-0.06528730214643175,-1.2355638727703848
SAN-SBP,SAN,SBP,263.0,467,1,81.18,1.1,40.0,4.711,2.6693168805661123,2,"Thin route - reliable, short delay tail",-0.3439235648374268,-1.218427927116841
RDM-SEA,RDM,SEA,228.0,1908,2,85.26,-0.94,24.0,1.782,3.2805783703680764,2,"Thin route - reliable, short delay tail",-1.5050513120752795,0.8279371124364409
SJC-PDX,SJC,PDX,569.0,1653,3,85.77,-2.06,26.0,0.0,3.2182728535714475,2,"Thin route - reliable, short delay tail",-1.9147217318454688,1.2254157295412007
STS-PDX,STS,PDX,489.0,609,2,90.97,-5.44,11.6,1.642,2.784617292632875,2,"Thin route - reliable, short delay tail",-2.8473688425276467,0.07591608454315096
BOI-SAN,BOI,SAN,749.0,1028,3,80.75,3.87,29.3,0.584,3.011993114659257,2,"Thin route - reliable, short delay tail",-1.0148311772184655,0.5358327789486005
STS-LAX,STS,LAX,399.0,726,2,84.99,3.39,27.5,2.755,2.8609366207000937,2,"Thin route - reliable, short delay tail",-1.0680157157930203,-0.19196582098373366
SFO-JAC,SFO,JAC,737.0,338,2,78.92,5.23,44.0,1.183,2.5289167002776547,2,"Thin route - reliable, short delay tail",-0.5875050482205795,-1.1083457958449234
FAT-PDX,FAT,PDX,626.0,586,2,90.36,-2.83,14.0,0.683,2.767897616018091,2,"Thin route - reliable, short delay tail",-2.8104900038346714,-0.020098838795947406
MSP-OMA,MSP,OMA,282.0,1456,1,74.44,16.31,71.1,0.962,3.1631613749770184,1,"Thin route - long delay tail, high average delay",1.3514358997761262,-0.7360504659469815
SLC-PSC,SLC,PSC,521.0,1178,2,89.43,-1.52,16.0,0.17,3.0711452904510828,2,"Thin route - reliable, short delay tail",-2.579153128940818,0.5676054760692404
MSP-ATW,MSP,ATW,236.0,917,1,78.48,12.98,61.4,1.745,2.962369335670021,1,"Thin route - long delay tail, high average delay",0.667135713340953,-0.9607636078763829
SLC-HLN,SLC,HLN,402.0,725,1,95.71,-11.59,1.0,0.276,2.8603380065709936,2,"Thin route - reliable, short delay tail",-4.323090620465881,0.08587510610335758
MSP-MDW,MSP,MDW,349.0,2396,2,78.34,6.08,38.0,1.669,3.3794868137172736,2,"Thin route - reliable, short delay tail",-0.13316518161790175,0.6604378704871334
SLC-SJC,SLC,SJC,584.0,1803,3,87.03,-1.06,21.0,0.388,3.255995726722402,2,"Thin route - reliable, short delay tail",-1.974363836366933,1.325336556219852
FWA-ATL,FWA,ATL,508.0,523,1,81.78,6.38,45.0,3.059,2.718501688867274,2,"Thin route - reliable, short delay tail",-0.302697616181288,-1.2168986403924977
ATL-FWA,ATL,FWA,508.0,522,1,82.57,9.85,41.6,3.257,2.717670503002262,2,"Thin route - reliable, short delay tail",-0.17374613617927256,-1.2586837501931403
LAX-GEG,LAX,GEG,945.0,877,3,89.92,-5.44,14.8,0.342,2.9429995933660407,2,"Thin route - reliable, short delay tail",-2.8489211428866277,0.8414104280848188
DTW-PVD,DTW,PVD,615.0,821,2,76.38,12.7,64.1,2.436,2.9143431571194407,1,"Thin route - long delay tail, high average delay",1.104862757728495,-0.6834667656590325
MSP-CVG,MSP,CVG,596.0,827,2,79.42,3.74,36.0,0.726,2.9175055095525466,2,"Thin route - reliable, short delay tail",-0.8672171623110795,-0.19422320709607122
DTW-AZO,DTW,AZO,113.0,1027,1,75.35,20.28,98.8,2.142,3.0115704435972783,1,"Thin route - long delay tail, high average delay",2.519684836348683,-1.3207834382712798
SLC-PSP,SLC,PSP,541.0,1078,2,91.99,-5.72,10.7,0.371,3.03261876085072,2,"Thin route - reliable, short delay tail",-3.172423323935672,0.6491449152067054
SLC-XNA,SLC,XNA,1004.0,362,1,84.44,1.58,25.1,0.552,2.558708570533166,2,"Thin route - reliable, short delay tail",-2.0785151586602453,-1.2248108047551385
MSP-MOT,MSP,MOT,449.0,1316,1,79.42,10.26,46.6,1.9,3.1192558892779365,2,"Thin route - reliable, short delay tail",0.08419975524420355,-0.48917109233273043
LAX-SJC,LAX,SJC,308.0,4473,6,86.24,-2.91,25.0,0.872,3.650598898172657,0,"Trunk route - multi-carrier, unreliable",-1.1921329960851255,3.570308182947329
SEA-SFO,SEA,SFO,679.0,6791,5,62.11,17.45,66.0,1.104,3.8319337304667456,0,"Trunk route - multi-carrier, unreliable",3.052161547151955,2.295217947305733
FAR-MSP,FAR,MSP,223.0,1276,2,86.45,-0.27,22.0,0.549,3.1058506743851435,2,"Thin route - reliable, short delay tail",-1.9575400659069107,0.5305446785564666
MSP-FAR,MSP,FAR,223.0,1276,2,82.64,3.48,29.4,0.627,3.1058506743851435,2,"Thin route - reliable, short delay tail",-1.1966846994370808,0.33228121278902695
EUG-SLC,EUG,SLC,618.0,769,1,92.72,-6.31,8.0,0.0,2.885926339801431,2,"Thin route - reliable, short delay tail",-3.638790789257997,-0.08005859920023156
MSP-GRB,MSP,GRB,252.0,869,2,79.91,8.66,59.5,1.496,2.9390197764486663,2,"Thin route - reliable, short delay tail",0.28844889325761297,-0.3968053277987427
MEM-AUS,MEM,AUS,559.0,365,1,90.86,0.91,12.0,1.096,2.5622928644564746,2,"Thin route - reliable, short delay tail",-2.767598567789024,-0.9804178665381752
SLC-BUR,SLC,BUR,574.0,1473,3,87.38,0.39,22.0,0.407,3.168202746842631,2,"Thin route - reliable, short delay tail",-1.9058491215503226,1.1157957242361347
MFR-SLC,MFR,SLC,575.0,729,1,89.82,-2.7,15.0,0.274,2.8627275283179747,2,"Thin route - reliable, short delay tail",-2.925323020222761,-0.30638192161899863
MSN-DTW,MSN,DTW,311.0,902,2,82.21,9.59,49.7,0.776,2.9552065375419416,2,"Thin route - reliable, short delay tail",-0.2542886217159332,-0.2573308967036949
BZN-SLC,BZN,SLC,347.0,1162,2,89.88,-1.41,15.0,0.516,3.065206128054312,2,"Thin route - reliable, short delay tail",-2.52765640494946,0.5712272294627674
IAD-MSP,IAD,MSP,907.0,983,4,85.17,2.74,30.7,1.526,2.9925535178321354,2,"Thin route - reliable, short delay tail",-1.0680228561964784,1.0259948160402255
LAN-DTW,LAN,DTW,74.0,858,1,75.18,24.51,95.1,0.816,2.9334872878487053,1,"Thin route - long delay tail, high average delay",2.3899602112339373,-1.5010265553089561
ICT-MSP,ICT,MSP,545.0,401,1,83.5,8.76,33.3,0.249,2.603144372620182,2,"Thin route - reliable, short delay tail",-1.283968253269569,-1.307180400608884
MSP-ICT,MSP,ICT,545.0,401,1,79.65,7.58,38.3,0.249,2.603144372620182,2,"Thin route - reliable, short delay tail",-0.9342938762295182,-1.3865216532157858
DTW-RIC,DTW,RIC,455.0,649,4,83.49,4.52,41.9,0.77,2.812244696800369,2,"Thin route - reliable, short delay tail",-0.6964236732280729,0.5743773607803728
SLC-STL,SLC,STL,1156.0,990,3,84.51,-0.04,32.0,0.606,2.99563519459755,2,"Thin route - reliable, short delay tail",-1.564196578235371,0.5993652951908849
ATL-SHV,ATL,SHV,552.0,1517,1,75.17,20.87,84.7,2.637,3.1809855807867304,1,"Thin route - long delay tail, high average delay",2.3127595361212125,-0.9451153105714922
SLC-PIH,SLC,PIH,149.0,448,1,92.83,-4.38,11.0,0.223,2.651278013998144,2,"Thin route - reliable, short delay tail",-3.4045127358315557,-0.5874130141283015
LAX-ASE,LAX,ASE,737.0,1234,1,77.46,10.59,75.2,2.431,3.091315159697223,1,"Thin route - long delay tail, high average delay",1.0784567982676556,-0.8207343511864125
GEG-SLC,GEG,SLC,546.0,1671,2,90.53,-5.08,14.0,0.658,3.2229764498933915,2,"Thin route - reliable, short delay tail",-2.788539704490284,0.9674917718884718
TUS-SLC,TUS,SLC,600.0,1112,2,93.04,-10.25,3.0,0.27,3.0461047872460387,2,"Thin route - reliable, short delay tail",-3.7900358571771045,0.8389149832823565
AUS-IND,AUS,IND,919.0,1272,3,77.71,8.6,44.0,0.472,3.104487111312395,0,"Trunk route - multi-carrier, unreliable",-0.08892327117753324,0.4639201504352631
SAN-LAX,SAN,LAX,109.0,2447,2,88.74,-1.57,17.0,0.94,3.388633969351789,2,"Thin route - reliable, short delay tail",-2.133877509640634,1.2079871943703873
LWS-SEA,LWS,SEA,262.0,364,1,90.0,-3.22,14.1,0.275,2.561101383649056,2,"Thin route - reliable, short delay tail",-3.0674117247418713,-0.8786031498265929
SLC-ONT,SLC,ONT,558.0,1239,3,89.24,-2.18,16.0,0.969,3.0930713063760633,2,"Thin route - reliable, short delay tail",-2.2788568102932247,1.072652239853498
MFR-SEA,MFR,SEA,352.0,1275,1,90.21,-5.12,13.4,1.255,3.1055101847699738,2,"Thin route - reliable, short delay tail",-2.803051522219994,0.24513246530105504
SLC-BIL,SLC,BIL,387.0,1074,2,87.83,-1.84,20.0,0.466,3.0310042813635367,2,"Thin route - reliable, short delay tail",-2.2978172816232094,0.43755714324920664
DTW-IAD,DTW,IAD,383.0,1153,4,75.37,14.41,68.0,1.041,3.061829307294699,0,"Trunk route - multi-carrier, unreliable",1.4603119166155847,0.5566172018111524
MDW-MSP,MDW,MSP,349.0,2368,2,76.97,7.61,42.0,1.816,3.374381698050882,0,"Trunk route - multi-carrier, unreliable",0.21347309100197373,0.5622591374861584
SEA-SNA,SEA,SNA,978.0,3958,3,84.64,-0.86,25.0,0.808,3.5974757898703773,2,"Thin route - reliable, short delay tail",-1.5012690143744498,1.9050973209939133
SLC-OAK,SLC,OAK,588.0,1643,2,90.24,-3.33,14.0,0.183,3.215637563435062,2,"Thin route - reliable, short delay tail",-2.7672213142575695,0.9227776479729248
PIT-MSP,PIT,MSP,726.0,640,2,82.08,8.85,41.5,0.469,2.806179973983887,2,"Thin route - reliable, short delay tail",-0.7065230202947337,-0.5178978233623401
TRI-ATL,TRI,ATL,227.0,520,2,82.88,5.88,62.0,1.154,2.716003343634799,2,"Thin route - reliable, short delay tail",-0.2259433795455323,-0.7464215344508225
SLC-TWF,SLC,TWF,175.0,831,1,92.87,-4.82,7.0,0.481,2.919601023784111,2,"Thin route - reliable, short delay tail",-3.381286513265396,-0.01181024814580866
MSP-MCI,MSP,MCI,393.0,1053,2,79.27,9.42,48.0,1.425,3.0224283711854865,2,"Thin route - reliable, short delay tail",0.07985942901406318,-0.1849961235676969
MSP-PIT,MSP,PIT,726.0,639,2,79.37,8.03,45.6,0.313,2.8055008581584002,2,"Thin route - reliable, short delay tail",-0.48063830271267616,-0.574398703315982
OMA-SLC,OMA,SLC,840.0,756,1,91.09,-4.84,13.0,0.132,2.8785217955012063,2,"Thin route - reliable, short delay tail",-3.289422428530962,-0.21044528854810088
STL-LGA,STL,LGA,888.0,2624,3,74.9,8.93,53.1,3.582,3.4189638307036225,0,"Trunk route - multi-carrier, unreliable",1.2380236743814288,0.8939790863691464
HLN-SLC,HLN,SLC,402.0,725,1,95.3,-9.24,3.0,0.276,2.8603380065709936,2,"Thin route - reliable, short delay tail",-4.079940708863466,0.016797814352722297
LGA-STL,LGA,STL,888.0,2623,3,76.7,6.78,53.0,4.156,3.4187982905903533,0,"Trunk route - multi-carrier, unreliable",1.0836210890382179,0.9531756610157619
SLC-IDA,SLC,IDA,189.0,1193,2,89.04,-0.4,17.0,0.419,3.076640443670342,2,"Thin route - reliable, short delay tail",-2.3345127616914034,0.5608686753560561
OAK-SLC,OAK,SLC,588.0,1643,2,88.47,-3.21,19.0,0.122,3.215637563435062,2,"Thin route - reliable, short delay tail",-2.5045122514744014,0.8564413191218176
LGA-PIT,LGA,PIT,335.0,3013,2,79.52,4.4,50.5,4.779,3.478999131673357,0,"Trunk route - multi-carrier, unreliable",0.7518184232343378,0.7400144885558624
STL-MSP,STL,MSP,448.0,1936,3,80.4,6.74,41.0,0.93,3.286905352972375,0,"Trunk route - multi-carrier, unreliable",-0.24862933837310058,0.9677296718283203
ATL-SGF,ATL,SGF,563.0,591,2,79.55,6.46,49.0,1.184,2.7715874808812555,2,"Thin route - reliable, short delay tail",-0.2972061637391431,-0.6453290895931421
BIS-MSP,BIS,MSP,386.0,1032,2,84.2,1.46,37.0,0.678,3.0136796972911926,2,"Thin route - reliable, short delay tail",-1.3036344898157406,0.14763347215540046
MSP-BIS,MSP,BIS,386.0,1032,2,81.98,3.32,37.0,0.872,3.0136796972911926,2,"Thin route - reliable, short delay tail",-0.9617555603418078,0.06316247265897953
MAF-AUS,MAF,AUS,294.0,601,2,85.28,0.44,26.3,0.499,2.7788744720027396,2,"Thin route - reliable, short delay tail",-1.8579457965705486,-0.20737905464348502
AUS-MSY,AUS,MSY,445.0,1970,3,77.08,6.24,43.2,0.355,3.294466226161593,0,"Trunk route - multi-carrier, unreliable",-0.0971678622908192,0.9365398561304444
OKC-SLC,OKC,SLC,866.0,720,1,92.46,-4.72,9.0,0.556,2.8573324964312685,2,"Thin route - reliable, short delay tail",-3.407342064558171,-0.2197676288182055
TVC-DTW,TVC,DTW,207.0,1058,2,75.99,14.51,66.8,2.268,3.024485667699167,1,"Thin route - long delay tail, high average delay",1.398185613870696,-0.4825849022703979
ATL-ASE,ATL,ASE,1304.0,450,1,72.86,15.22,70.1,1.556,2.6532125137753435,1,"Thin route - long delay tail, high average delay",1.1462450231905346,-1.8793625040795274
DTW-LEX,DTW,LEX,296.0,786,2,78.6,13.5,60.0,1.527,2.895422546039408,1,"Thin route - long delay tail, high average delay",0.7125820364415835,-0.6168643228676518
SEA-ONT,SEA,ONT,956.0,2504,4,82.65,0.85,27.0,1.038,3.398634324538392,0,"Trunk route - multi-carrier, unreliable",-1.0584432371654116,1.8861289934582277
AUS-MFE,AUS,MFE,279.0,1032,1,83.74,5.15,37.8,0.388,3.0136796972911926,2,"Thin route - reliable, short delay tail",-1.1906594610691608,-0.4021080024199479
GRB-DTW,GRB,DTW,287.0,875,2,81.31,8.05,66.0,1.943,2.942008053022313,2,"Thin route - reliable, short delay tail",0.40949124578294016,-0.41324463629276176
ASE-ATL,ASE,ATL,1304.0,450,1,74.83,17.13,90.0,3.556,2.6532125137753435,1,"Thin route - long delay tail, high average delay",2.110057095105683,-2.0790028647301
GJT-SLC,GJT,SLC,217.0,583,1,94.85,-10.54,3.0,0.0,2.765668554759014,2,"Thin route - reliable, short delay tail",-4.204717032900018,-0.13504459536044916
MSP-CIU,MSP,CIU,434.0,348,1,79.75,8.6,49.5,4.023,2.5415792439465807,2,"Thin route - reliable, short delay tail",0.2871384119277615,-1.7156879920313088
ESC-DTW,ESC,DTW,306.0,365,1,86.01,10.35,30.5,7.945,2.5622928644564746,2,"Thin route - reliable, short delay tail",0.3543926667834061,-1.5796554806364929
CIU-MSP,CIU,MSP,434.0,348,1,79.2,19.82,113.4,6.034,2.5415792439465807,1,"Thin route - long delay tail, high average delay",3.238148873907041,-2.448383753648145
APN-DTW,APN,DTW,198.0,631,1,83.0,6.75,54.4,4.913,2.8000293592441343,2,"Thin route - reliable, short delay tail",0.3857957121810982,-1.131756007670575
BJI-MSP,BJI,MSP,199.0,728,1,85.12,1.55,34.0,1.099,2.862131379313037,2,"Thin route - reliable, short delay tail",-1.5237305007529058,-0.6035476655607168
MSP-BJI,MSP,BJI,199.0,728,1,84.52,8.77,43.4,1.236,2.862131379313037,2,"Thin route - reliable, short delay tail",-0.7100958456345704,-0.829979691915477
IMT-DTW,IMT,DTW,344.0,365,1,77.14,13.07,78.5,4.11,2.5622928644564746,1,"Thin route - long delay tail, high average delay",1.5986115728846246,-2.0029943472208074
DTW-MQT,DTW,MQT,349.0,364,1,78.18,23.65,69.4,7.418,2.561101383649056,1,"Thin route - long delay tail, high average delay",2.755063101728463,-2.2456800754818946
ATY-MSP,ATY,MSP,193.0,364,1,92.46,-1.04,9.3,1.648,2.561101383649056,2,"Thin route - reliable, short delay tail",-2.908921157804349,-0.883602622365908
SLC-CDC,SLC,CDC,221.0,629,1,94.4,-9.93,6.0,0.477,2.798650645445269,2,"Thin route - reliable, short delay tail",-3.927036842000435,-0.12360065861273319
SLC-BTM,SLC,BTM,357.0,361,1,95.52,-11.05,5.0,0.554,2.5575072019056577,2,"Thin route - reliable, short delay tail",-4.21485238040204,-0.5802939161177766
PLN-DTW,PLN,DTW,243.0,659,1,82.72,4.67,54.6,13.961,2.8188854145940097,1,"Thin route - long delay tail, high average delay",2.3616167847303227,-1.3424859464971042
COS-DEN,COS,DEN,73.0,5008,3,80.55,3.33,40.1,1.118,3.6996643202023733,0,"Trunk route - multi-carrier, unreliable",-0.24785082992039986,1.9151486197843473
ACV-LAX,ACV,LAX,577.0,423,1,88.76,1.99,18.0,1.182,2.6263403673750423,2,"Thin route - reliable, short delay tail",-2.3317588317445743,-0.9541168524947177
GJT-DEN,GJT,DEN,212.0,2256,2,78.39,6.68,46.0,1.197,3.3533390953113047,2,"Thin route - reliable, short delay tail",0.017109525678833972,0.5673631686145779
ORD-SBN,ORD,SBN,84.0,2737,3,63.85,25.82,96.0,4.457,3.4372747974101237,1,"Thin route - long delay tail, high average delay",4.701609785098934,0.13293949205764577
BTR-IAH,BTR,IAH,253.0,438,2,76.73,8.24,50.0,0.913,2.6414741105040997,2,"Thin route - reliable, short delay tail",0.002488017143705014,-0.9727483497257192
CRP-IAH,CRP,IAH,201.0,540,1,78.28,12.06,44.0,1.111,2.7323937598229686,2,"Thin route - reliable, short delay tail",-0.07059735137285862,-1.2764671651889734
LNK-DEN,LNK,DEN,423.0,1588,1,80.06,8.54,58.0,0.882,3.2008504980910772,2,"Thin route - reliable, short delay tail",0.020876306230253844,-0.3182527877194903
MLI-ORD,MLI,ORD,139.0,2264,3,72.61,19.1,78.0,5.08,3.354876422516234,1,"Thin route - long delay tail, high average delay",3.1985612872901825,0.3584260477118931
AVL-ORD,AVL,ORD,536.0,1473,4,74.03,11.61,62.0,2.851,3.168202746842631,0,"Trunk route - multi-carrier, unreliable",1.652031740606594,0.779108935957773
DEN-SLC,DEN,SLC,391.0,7733,5,78.77,5.61,41.0,0.375,3.888348010178049,0,"Trunk route - multi-carrier, unreliable",0.20571846690490556,3.1697675764558624
ACV-SFO,ACV,SFO,250.0,1292,1,59.55,27.45,82.0,2.941,3.1112625136590655,1,"Thin route - long delay tail, high average delay",3.983050324295305,-1.4733533798329668
DEN-FCA,DEN,FCA,752.0,1010,2,82.22,4.8,33.0,0.495,3.0043213737826426,2,"Thin route - reliable, short delay tail",-1.1349061281717638,0.02743035970359538
DEN-LIT,DEN,LIT,771.0,1573,4,81.69,4.99,37.0,0.572,3.196728722623287,0,"Trunk route - multi-carrier, unreliable",-0.5988337981460999,1.3326980635813812
CID-ORD,CID,ORD,196.0,2755,6,72.94,17.77,67.0,3.993,3.4401216031878037,0,"Trunk route - multi-carrier, unreliable",2.9953782735708967,2.103316763252064
IAH-CRP,IAH,CRP,201.0,539,1,81.39,8.39,59.0,1.299,2.7315887651867388,2,"Thin route - reliable, short delay tail",-0.11967005841060752,-1.2532342820495013
DEN-SAF,DEN,SAF,303.0,1653,1,82.45,4.74,40.6,0.968,3.2182728535714475,2,"Thin route - reliable, short delay tail",-0.8337496798278992,-0.03730483866119074
DEN-ASE,DEN,ASE,125.0,2724,1,74.55,16.51,69.5,5.14,3.4352071032407476,1,"Thin route - long delay tail, high average delay",2.4114875771397295,-0.288342712167348
BFL-DEN,BFL,DEN,845.0,728,2,86.72,0.02,28.0,0.275,2.862131379313037,2,"Thin route - reliable, short delay tail",-2.0591157233206276,-0.05078574694969476
DEN-HLN,DEN,HLN,594.0,814,1,79.95,6.83,45.0,0.614,2.910624404889201,2,"Thin route - reliable, short delay tail",-0.6331369830531398,-0.7969023030998286
ORD-DAY,ORD,DAY,240.0,1784,5,66.51,33.41,108.0,4.933,3.2513948500401044,1,"Thin route - long delay tail, high average delay",5.622778531642166,0.49311270296214726
SLC-DEN,SLC,DEN,391.0,7728,5,79.05,4.16,39.0,0.492,3.8880671134074367,0,"Trunk route - multi-carrier, unreliable",0.060289080805613994,3.213814594704621
DEN-BIL,DEN,BIL,455.0,1778,2,80.56,5.12,36.2,0.619,3.249931756634195,2,"Thin route - reliable, short delay tail",-0.727543894915624,0.49166735024127534
DEN-OKC,DEN,OKC,495.0,3135,4,78.02,6.33,41.0,0.574,3.496237545166735,0,"Trunk route - multi-carrier, unreliable",0.043601130702307624,1.8465687705372205
MRY-SFO,MRY,SFO,77.0,733,1,63.51,16.57,62.2,0.546,2.8651039746411278,1,"Thin route - long delay tail, high average delay",1.7970081865807623,-1.4604225475385495
ICT-DEN,ICT,DEN,420.0,2207,3,78.98,6.74,42.0,0.544,3.343802333161655,0,"Trunk route - multi-carrier, unreliable",-0.17470336360596947,1.0659166458626221
DEN-ICT,DEN,ICT,420.0,2211,3,78.19,6.48,43.0,0.633,3.344588742578714,0,"Trunk route - multi-carrier, unreliable",-0.0839841086875207,1.0490133992615274
LAX-MRY,LAX,MRY,266.0,856,2,89.75,-3.23,15.2,0.584,2.932473764677153,2,"Thin route - reliable, short delay tail",-2.6591698907472523,0.3375867176390234
LAX-ACV,LAX,ACV,577.0,422,1,87.59,-5.68,19.0,0.948,2.625312450961674,2,"Thin route - reliable, short delay tail",-2.78737037602839,-0.8196589786927562
DEN-SBP,DEN,SBP,931.0,724,2,78.57,10.41,39.0,0.414,2.859738566197147,2,"Thin route - reliable, short delay tail",-0.4201568512743258,-0.5018480594501731
FAR-ORD,FAR,ORD,557.0,2054,2,73.51,18.27,77.0,3.019,3.3126004392612596,1,"Thin route - long delay tail, high average delay",2.34458325858371,-0.13515782650033933
DEN-TYS,DEN,TYS,1162.0,1001,5,79.84,2.46,38.0,0.4,3.000434077479319,0,"Trunk route - multi-carrier, unreliable",-0.6370589255846351,1.3946359717155965
BOI-DEN,BOI,DEN,649.0,3033,4,81.61,5.72,36.0,0.132,3.4818724103106633,0,"Trunk route - multi-carrier, unreliable",-0.5391054138540576,1.9299501260177405
PDX-SFO,PDX,SFO,550.0,3494,4,69.35,12.4,53.0,0.401,3.543322900646912,0,"Trunk route - multi-carrier, unreliable",1.409868599810462,1.5813439103731977
GUC-DEN,GUC,DEN,152.0,994,1,82.91,1.85,44.8,0.805,2.997386384397313,2,"Thin route - reliable, short delay tail",-1.0545982023563518,-0.4328105262523739
DEN-TUS,DEN,TUS,639.0,2729,4,77.33,6.27,43.0,0.293,3.4360035356698964,0,"Trunk route - multi-carrier, unreliable",0.034010491478266465,1.6958026279769747
DSM-DEN,DSM,DEN,589.0,2330,4,83.4,3.74,35.8,0.601,3.367355921026019,0,"Trunk route - multi-carrier, unreliable",-0.7438380605887226,1.7602321322457435
MRY-LAX,MRY,LAX,266.0,853,2,87.5,-1.73,19.0,0.586,2.930949031167523,2,"Thin route - reliable, short delay tail",-2.2839229812094124,0.23724032497948533
SBN-ORD,SBN,ORD,84.0,2738,3,65.97,26.52,99.4,3.944,3.437433443797971,1,"Thin route - long delay tail, high average delay",4.556476296711831,0.15049760544500856
PIA-ORD,PIA,ORD,130.0,2284,2,70.7,17.33,74.0,4.685,3.3586960995738107,1,"Thin route - long delay tail, high average delay",2.889820584896869,-0.07014831580180167
DEN-MKE,DEN,MKE,896.0,2319,4,76.61,8.48,45.0,0.388,3.3653007486379876,0,"Trunk route - multi-carrier, unreliable",0.24472009865751493,1.4557834669037666
SGU-PHX,SGU,PHX,262.0,891,1,83.22,4.84,36.0,0.112,2.949877704036875,2,"Thin route - reliable, short delay tail",-1.3051996555041698,-0.5136731818565247
PHX-SGU,PHX,SGU,262.0,890,1,83.63,5.25,33.0,0.112,2.949390006644913,2,"Thin route - reliable, short delay tail",-1.3885561705348188,-0.49544461054209793
SGU-DFW,SGU,DFW,976.0,704,1,80.17,8.35,51.5,0.426,2.847572659142112,2,"Thin route - reliable, short delay tail",-0.5050644363419673,-1.0215195487918312
MHK-DFW,MHK,DFW,431.0,1086,2,85.55,-0.66,30.4,2.302,3.035829825252828,2,"Thin route - reliable, short delay tail",-1.3487058646707317,0.25113924952841915
PHX-YUM,PHX,YUM,160.0,1327,2,84.2,4.53,35.0,1.206,3.1228709228644354,2,"Thin route - reliable, short delay tail",-0.9480356089313468,0.3232084804200044
SWO-DFW,SWO,DFW,225.0,729,2,82.6,10.3,54.0,3.567,2.8627275283179747,2,"Thin route - reliable, short delay tail",0.4985221115457546,-0.5630691468261989
DFW-EVV,DFW,EVV,642.0,967,3,80.34,6.42,41.0,2.896,2.9854264740830017,2,"Thin route - reliable, short delay tail",0.038165510566303226,0.2795294321810728
EVV-DFW,EVV,DFW,642.0,967,3,83.24,4.07,37.0,3.102,2.9854264740830017,2,"Thin route - reliable, short delay tail",-0.4025472456852608,0.4008441983618269
MAF-PHX,MAF,PHX,581.0,367,2,86.26,11.58,40.1,0.817,2.5646660642520893,2,"Thin route - reliable, short delay tail",-0.874144706448378,-0.9820159519351083
FSD-PHX,FSD,PHX,1081.0,652,3,81.76,3.58,30.0,0.613,2.81424759573192,2,"Thin route - reliable, short delay tail",-1.2183282170668033,0.12331338997135692
PHX-FSD,PHX,FSD,1081.0,655,2,79.82,2.25,32.2,0.611,2.816241299991783,2,"Thin route - reliable, short delay tail",-1.2428155334963085,-0.3732524023349327
DFW-SJT,DFW,SJT,229.0,1077,1,80.17,8.58,43.2,4.085,3.0322157032979815,2,"Thin route - reliable, short delay tail",0.3281339312693357,-0.6468331474959561
DFW-LIT,DFW,LIT,304.0,2664,4,77.22,8.96,50.8,2.252,3.4255342204982635,0,"Trunk route - multi-carrier, unreliable",0.9314963245885923,1.5304901305010374
PHX-CID,PHX,CID,1252.0,772,3,77.53,5.14,41.0,1.166,2.887617300335736,3,"Thin route - long-haul, rarely cancels",-0.3664071305196765,0.05975326742186229
MRY-PHX,MRY,PHX,598.0,1374,3,82.66,10.33,36.0,1.164,3.137986732723532,2,"Thin route - reliable, short delay tail",-0.3415027391944177,0.6447955282238841
PHX-MRY,PHX,MRY,598.0,1373,3,80.01,6.41,42.0,0.947,3.137670537236755,2,"Thin route - reliable, short delay tail",-0.29338541008163266,0.6427910189208216
HSV-ORD,HSV,ORD,510.0,1100,2,68.77,25.26,89.0,3.0,3.041392685158225,1,"Thin route - long delay tail, high average delay",3.3952497636577155,-0.9958575917460343
SAT-DFW,SAT,DFW,247.0,4375,4,77.91,15.51,63.0,3.177,3.640978057358332,0,"Trunk route - multi-carrier, unreliable",1.9503980548771318,1.743220224241153
CMX-ORD,CMX,ORD,360.0,792,1,67.8,35.15,127.0,7.071,2.8987251815894934,1,"Thin route - long delay tail, high average delay",5.9054248092903485,-2.356688704050496
DEN-DDC,DEN,DDC,292.0,627,1,80.33,8.46,58.0,0.957,2.7972675408307164,2,"Thin route - reliable, short delay tail",-0.12691186519994935,-1.1294045832923352
CYS-DEN,CYS,DEN,90.0,730,1,84.86,3.15,32.1,1.096,2.863322860120456,2,"Thin route - reliable, short delay tail",-1.4286265327026286,-0.6170334865011773
DEN-BTM,DEN,BTM,578.0,365,1,72.73,22.37,62.4,0.274,2.5622928644564746,1,"Thin route - long delay tail, high average delay",1.219428640344768,-2.0645263408744348
DEN-LBF,DEN,LBF,227.0,627,1,74.27,13.98,62.0,0.797,2.7972675408307164,1,"Thin route - long delay tail, high average delay",0.7929231948845799,-1.3692988808843534
IAH-PIB,IAH,PIB,372.0,627,1,73.38,13.32,69.5,0.957,2.7972675408307164,1,"Thin route - long delay tail, high average delay",1.02892346443213,-1.4389769224803088
SGU-DEN,SGU,DEN,517.0,1075,1,79.91,10.64,49.0,0.0,3.031408464251624,2,"Thin route - reliable, short delay tail",-0.34891064407678574,-0.6302111340584587
IAH-MEI,IAH,MEI,422.0,627,1,75.04,18.31,73.0,0.957,2.7972675408307164,1,"Thin route - long delay tail, high average delay",1.3220880324611757,-1.5386946006459352
MCW-ORD,MCW,ORD,288.0,627,1,68.74,24.81,85.8,7.337,2.7972675408307164,1,"Thin route - long delay tail, high average delay",4.079886507081029,-2.0605220198886354
DEN-JMS,DEN,JMS,573.0,627,1,86.07,-2.07,26.1,1.276,2.7972675408307164,2,"Thin route - reliable, short delay tail",-2.094379627616341,-0.6270745598654129
SGU-LAX,SGU,LAX,349.0,310,1,86.69,-2.69,19.3,0.323,2.4913616938342726,2,"Thin route - reliable, short delay tail",-2.669050700875411,-1.135700848089049
MGW-IAD,MGW,IAD,140.0,362,1,81.69,36.62,170.7,4.972,2.558708570533166,1,"Thin route - long delay tail, high average delay",5.5009880376996945,-3.0415629986904618
RKS-DEN,RKS,DEN,260.0,728,1,81.83,20.6,72.0,0.275,2.862131379313037,1,"Thin route - long delay tail, high average delay",0.8198204733299124,-1.2887321532187488
DIK-DEN,DIK,DEN,488.0,685,1,77.84,14.82,59.0,1.752,2.8356905714924254,1,"Thin route - long delay tail, high average delay",0.6888780906209341,-1.2735330102441058
ORD-SLN,ORD,SLN,559.0,362,1,59.03,38.2,143.2,3.591,2.558708570533166,1,"Thin route - long delay tail, high average delay",6.246705722500947,-3.2906604468478666
DEN-LBL,DEN,LBL,280.0,627,1,82.95,1.02,35.0,1.914,2.7972675408307164,2,"Thin route - reliable, short delay tail",-1.2158862002285804,-0.8033993927235241
ORD-CMX,ORD,CMX,360.0,792,1,68.91,33.48,98.0,6.566,2.8987251815894934,1,"Thin route - long delay tail, high average delay",4.824903982551873,-2.0914037683416367
ATY-DEN,ATY,DEN,519.0,363,1,74.72,21.95,59.0,0.275,2.5599066250361124,1,"Thin route - long delay tail, high average delay",0.9562864163550555,-1.9971101578657355
SFO-SMF,SFO,SMF,86.0,1355,2,77.85,11.28,44.0,1.624,3.1319392952104246,2,"Thin route - reliable, short delay tail",0.3477010659735492,0.020451445906553803
FAT-LAX,FAT,LAX,209.0,982,2,85.47,3.24,22.0,0.509,2.9921114877869495,2,"Thin route - reliable, short delay tail",-1.6968262562003826,0.21042801114239942
SUN-DEN,SUN,DEN,557.0,630,1,84.98,3.46,43.5,0.0,2.7993405494535817,2,"Thin route - reliable, short delay tail",-1.4687504907431292,-0.8320451405061184
ORD-BOI,ORD,BOI,1437.0,1108,4,70.05,13.96,71.0,1.534,3.044539760392411,0,"Trunk route - multi-carrier, unreliable",1.859331864170905,0.31407096513918253
DEN-PSC,DEN,PSC,853.0,729,2,75.76,11.07,62.0,0.137,2.8627275283179747,2,"Thin route - reliable, short delay tail",0.3981541780008225,-0.7001861321707464
LAX-FAT,LAX,FAT,209.0,979,2,85.73,1.34,26.7,0.511,2.9907826918031377,2,"Thin route - reliable, short delay tail",-1.7212298975331144,0.21968600211912148
DEN-TUL,DEN,TUL,541.0,2452,4,77.39,6.67,41.3,0.856,3.3895204658463776,0,"Trunk route - multi-carrier, unreliable",0.13870866349066094,1.5953099609223673
ORD-CID,ORD,CID,196.0,2755,6,68.58,21.83,83.0,3.666,3.4401216031878037,0,"Trunk route - multi-carrier, unreliable",3.9531255386758315,1.8434576088737242
SUN-LAX,SUN,LAX,696.0,328,1,90.21,-2.36,14.0,0.305,2.515873843711679,2,"Thin route - reliable, short delay tail",-3.1082194478724663,-1.0199324459456627
ORD-MBS,ORD,MBS,222.0,1006,1,65.46,25.07,101.1,3.38,3.0025979807199086,1,"Thin route - long delay tail, high average delay",3.9327479383128874,-1.6796242224141118
DEN-HSV,DEN,HSV,1048.0,728,1,80.88,4.09,39.0,0.137,2.862131379313037,2,"Thin route - reliable, short delay tail",-1.2499200636018175,-0.8041391163601906
MEM-ORD,MEM,ORD,491.0,2509,5,75.94,10.62,57.0,3.707,3.3995006613146104,0,"Trunk route - multi-carrier, unreliable",1.7449147272601608,1.7958948776365768
ORD-MSY,ORD,MSY,837.0,2403,7,75.17,8.66,63.0,2.289,3.3807537708039,0,"Trunk route - multi-carrier, unreliable",1.726370339240263,2.7157845829295573
BOI-ORD,BOI,ORD,1437.0,1111,4,75.3,12.95,59.2,1.17,3.0457140589408676,0,"Trunk route - multi-carrier, unreliable",0.9905733713040141,0.5232274019292555
LAX-RDD,LAX,RDD,501.0,334,1,92.51,-7.1,7.7,0.0,2.5237464668115646,2,"Thin route - reliable, short delay tail",-3.8085268290122785,-0.7974104088021604
ORD-SCE,ORD,SCE,528.0,550,2,69.85,14.97,70.7,2.0,2.7403626894942437,1,"Thin route - long delay tail, high average delay",1.7810914466173884,-1.2284120034198034
DEN-MRY,DEN,MRY,959.0,726,2,81.02,2.77,41.0,0.275,2.8609366207000937,2,"Thin route - reliable, short delay tail",-1.1086144313901074,-0.3096717781603116
HOB-DEN,HOB,DEN,501.0,364,1,81.01,15.02,62.5,1.374,2.561101383649056,1,"Thin route - long delay tail, high average delay",0.35190201272905197,-1.7947868587831646
ORD-BDL,ORD,BDL,783.0,2366,5,75.46,9.77,54.0,2.494,3.3740147402919116,0,"Trunk route - multi-carrier, unreliable",1.3088017307388222,1.7870945658352775
DEN-MLI,DEN,MLI,751.0,366,1,70.41,16.47,73.2,0.0,2.5634810853944106,1,"Thin route - long delay tail, high average delay",1.1949452066488575,-2.0612323643371746
DEN-MSN,DEN,MSN,826.0,1101,3,80.71,4.4,37.7,0.454,3.041787318971752,2,"Thin route - reliable, short delay tail",-0.7847245405519042,0.5265707919423392
RDD-LAX,RDD,LAX,501.0,334,1,85.33,2.9,20.0,0.0,2.5237464668115646,2,"Thin route - reliable, short delay tail",-2.2539834071518867,-1.2155158790136513
SFO-BOI,SFO,BOI,522.0,1713,2,75.85,8.2,49.5,0.292,3.2337573629655103,2,"Thin route - reliable, short delay tail",0.10273843979509838,0.2252620808509533
ORD-GSP,ORD,GSP,577.0,1815,6,74.08,10.78,58.0,3.967,3.258876629372131,0,"Trunk route - multi-carrier, unreliable",2.05941397755423,1.9273483031627356
MTJ-DEN,MTJ,DEN,197.0,1415,3,80.93,4.85,39.6,0.495,3.150756439860309,2,"Thin route - reliable, short delay tail",-0.5685207211819877,0.7805468121308586
BZN-LAX,BZN,LAX,902.0,543,2,88.21,-5.58,20.8,0.0,2.734799829588847,2,"Thin route - reliable, short delay tail",-2.865350010076855,-0.11702474924327444
DEN-STL,DEN,STL,770.0,3695,4,78.04,5.94,46.0,0.46,3.5676144427308447,0,"Trunk route - multi-carrier, unreliable",0.10585329097251242,1.9488956038447167
SFO-SAT,SFO,SAT,1482.0,434,2,77.39,10.07,48.2,0.23,2.637489729512511,3,"Thin route - long-haul, rarely cancels",-0.32724029213811784,-1.0713115412548933
ORD-TUL,ORD,TUL,585.0,2129,5,74.3,9.43,55.1,2.536,3.3281756614383227,0,"Trunk route - multi-carrier, unreliable",1.4275414118090552,1.6863315692392054
SFO-PDX,SFO,PDX,550.0,3493,4,79.63,4.37,37.0,0.344,3.5431985856376467,0,"Trunk route - multi-carrier, unreliable",-0.3619663558207542,2.041754898284567
JAN-DFW,JAN,DFW,408.0,1910,3,77.69,13.79,60.0,3.194,3.2810333672477277,0,"Trunk route - multi-carrier, unreliable",1.465027089750375,0.566784152454978
PHX-SAF,PHX,SAF,370.0,514,1,80.43,13.22,60.0,0.584,2.710963118995276,2,"Thin route - reliable, short delay tail",0.10690745653495051,-1.4098449367936876
DTW-BUF,DTW,BUF,241.0,1207,3,78.16,14.26,67.0,1.657,3.081707270097349,0,"Trunk route - multi-carrier, unreliable",1.2380415105899647,0.17194542769294963
ORD-PIT,ORD,PIT,413.0,4000,5,74.85,12.34,61.0,2.25,3.6020599913279625,0,"Trunk route - multi-carrier, unreliable",1.8069899815354742,2.1800522893805576
ORD-ECP,ORD,ECP,810.0,619,5,81.67,0.46,36.0,1.292,2.791690649020118,2,"Thin route - reliable, short delay tail",-0.7868985918069735,1.0555240195373128
ECP-ORD,ECP,ORD,810.0,619,5,77.13,8.5,49.2,2.585,2.791690649020118,0,"Trunk route - multi-carrier, unreliable",0.7536544988843931,0.6791725228092805
DEN-GEG,DEN,GEG,836.0,2051,4,76.76,7.35,40.0,0.293,3.3119656603683665,0,"Trunk route - multi-carrier, unreliable",-0.008632557822950573,1.4139416996808025
ORD-MYR,ORD,MYR,753.0,495,6,80.04,3.3,33.0,0.606,2.694605198933569,0,"Trunk route - multi-carrier, unreliable",-0.5932017381621381,1.293132529213187
MYR-ORD,MYR,ORD,753.0,494,6,76.72,7.78,46.0,1.215,2.693726948923647,0,"Trunk route - multi-carrier, unreliable",0.4491566760132976,1.0327680651435094
ORD-ABQ,ORD,ABQ,1118.0,1148,5,72.24,10.0,67.0,1.394,3.059941888061955,0,"Trunk route - multi-carrier, unreliable",1.4846247072172305,1.001262361116301
ORD-ABE,ORD,ABE,654.0,454,2,68.65,17.54,84.8,3.744,2.6570558528571038,1,"Thin route - long delay tail, high average delay",2.769138625986765,-1.6326530780313409
CMH-MSP,CMH,MSP,626.0,850,2,86.21,1.65,29.0,0.941,2.929418925714293,2,"Thin route - reliable, short delay tail",-1.6680152711375136,0.0342579069644027
DFW-GRK,DFW,GRK,134.0,1908,2,78.64,7.92,46.0,4.35,3.2805783703680764,0,"Trunk route - multi-carrier, unreliable",0.7931439640909319,0.30558626773428293
ABQ-BUR,ABQ,BUR,672.0,327,1,79.63,5.4,35.7,0.612,2.514547752660286,2,"Thin route - reliable, short delay tail",-1.1200350567205848,-1.5274526670456956
ABQ-MDW,ABQ,MDW,1121.0,449,1,89.64,-3.68,15.0,1.114,2.6522463410033232,2,"Thin route - reliable, short delay tail",-2.9538076604186876,-0.7900868766614166
ABQ-OAK,ABQ,OAK,889.0,353,1,87.22,-3.49,18.0,0.0,2.5477747053878224,2,"Thin route - reliable, short delay tail",-2.9364984437476944,-1.0186103626386764
ALB-BNA,ALB,BNA,825.0,436,2,81.16,2.53,34.0,0.917,2.639486489268586,2,"Thin route - reliable, short delay tail",-1.2384620608058106,-0.7175327161432202
ALB-DEN,ALB,DEN,1610.0,318,2,74.36,9.09,52.9,0.943,2.5024271199844326,3,"Thin route - long-haul, rarely cancels",0.055496954463390424,-1.4466726077036745
AMA-DAL,AMA,DAL,323.0,1263,1,86.31,-0.57,26.0,0.871,3.101403350555331,2,"Thin route - reliable, short delay tail",-1.9476565288807552,0.002150618591149426
AMA-LAS,AMA,LAS,759.0,364,1,80.06,2.93,47.0,0.824,2.561101383649056,2,"Thin route - reliable, short delay tail",-0.9682753529073315,-1.4633616183507294
ATL-AUS,ATL,AUS,813.0,4524,4,80.55,1.87,38.0,1.304,3.6555225962534177,0,"Trunk route - multi-carrier, unreliable",-0.35120901182854364,2.281875283809319
ATL-DAL,ATL,DAL,721.0,3350,2,80.89,3.33,40.0,1.821,3.525044807036845,2,"Thin route - reliable, short delay tail",-0.42955546381734794,1.0130058839077027
ATL-DCA,ATL,DCA,547.0,6800,6,69.77,15.85,61.0,3.176,3.832508912706236,0,"Trunk route - multi-carrier, unreliable",2.8630052909595096,2.925829739665822
ATL-IND,ATL,IND,432.0,3163,4,82.68,3.41,32.0,1.328,3.500099191915723,0,"Trunk route - multi-carrier, unreliable",-0.5654420980826774,2.041028267678373
ATL-LGA,ATL,LGA,762.0,8413,6,73.07,13.82,64.0,4.053,3.924950888915611,0,"Trunk route - multi-carrier, unreliable",2.7550524479031093,3.1517958573891907
ATL-MCO,ATL,MCO,404.0,8208,4,70.55,17.75,67.0,1.462,3.9142373477677412,0,"Trunk route - multi-carrier, unreliable",2.462926909673073,2.136827618944789
ATL-RDU,ATL,RDU,356.0,4629,3,79.91,6.76,40.0,1.491,3.6654871807828107,0,"Trunk route - multi-carrier, unreliable",0.05814083751548434,1.7297033087049003
ATL-SAT,ATL,SAT,874.0,3000,3,81.3,2.51,36.0,1.633,3.4771212547196626,0,"Trunk route - multi-carrier, unreliable",-0.5659648511879052,1.4376922515645443
AUS-ABQ,AUS,ABQ,619.0,830,1,75.24,7.55,46.0,0.241,2.9190780923760737,2,"Thin route - reliable, short delay tail",-0.2810547643157428,-0.8769628319135347
AUS-ATL,AUS,ATL,813.0,4523,4,81.85,3.65,36.0,1.304,3.6554265877459184,0,"Trunk route - multi-carrier, unreliable",-0.3842502636986154,2.282244731728734
AUS-DAL,AUS,DAL,189.0,2336,1,77.52,6.73,44.0,1.584,3.3684728384403617,2,"Thin route - reliable, short delay tail",-0.009017684704604676,0.10680023238703967
AUS-LAS,AUS,LAS,1090.0,2878,5,73.26,9.62,48.0,0.452,3.4590907896005865,0,"Trunk route - multi-carrier, unreliable",0.823594020322928,2.003782271464307
AUS-LBB,AUS,LBB,341.0,326,1,69.57,12.73,57.0,0.92,2.513217600067939,1,"Thin route - long delay tail, high average delay",0.8374628324293908,-1.9895191650086443
AUS-ORD,AUS,ORD,977.0,3171,6,72.69,18.3,67.0,2.302,3.501196242027089,0,"Trunk route - multi-carrier, unreliable",2.5599510547074105,2.2031295324560687
AUS-SJC,AUS,SJC,1476.0,1119,1,73.81,5.87,43.0,0.268,3.04883008652835,3,"Thin route - long-haul, rarely cancels",-0.44200506592880917,-0.6521508770045635
AUS-TUL,AUS,TUL,426.0,310,1,66.67,13.59,48.2,0.323,2.4913616938342726,1,"Thin route - long delay tail, high average delay",0.7272731388609266,-2.0334820966044482
BDL-BWI,BDL,BWI,283.0,1749,1,82.98,3.08,25.0,1.944,3.2427898094786767,2,"Thin route - reliable, short delay tail",-1.1602943246287927,0.13268730493647693
BHM-DAL,BHM,DAL,587.0,981,1,79.61,3.99,36.0,0.917,2.9916690073799486,2,"Thin route - reliable, short delay tail",-0.9330557530764648,-0.5273284355533646
BHM-HOU,BHM,HOU,570.0,447,1,84.49,-0.35,26.0,0.224,2.6503075231319366,2,"Thin route - reliable, short delay tail",-2.159388585135719,-0.9580380532143112
BHM-MCO,BHM,MCO,479.0,848,1,79.19,7.8,35.0,0.472,2.9283958522567137,2,"Thin route - reliable, short delay tail",-0.7803186351385009,-0.7132990241175995
BHM-TPA,BHM,TPA,459.0,425,1,75.18,7.0,42.6,0.471,2.6283889300503116,2,"Thin route - reliable, short delay tail",-0.43975674454179914,-1.4330901192937235
BNA-BHM,BNA,BHM,177.0,516,1,76.61,6.39,33.8,0.581,2.7126497016272113,2,"Thin route - reliable, short delay tail",-0.7200643754769164,-1.143866494566152
BNA-DAL,BNA,DAL,623.0,2447,1,76.51,6.72,47.0,1.144,3.388633969351789,2,"Thin route - reliable, short delay tail",-0.015162016486049248,0.08874522569238665
BNA-DCA,BNA,DCA,562.0,4356,5,72.29,11.03,53.0,2.87,3.6390878710837375,0,"Trunk route - multi-carrier, unreliable",1.839220803077467,2.258815046619042
BNA-FLL,BNA,FLL,793.0,2128,4,74.52,9.49,52.5,2.256,3.3279716236230104,0,"Trunk route - multi-carrier, unreliable",1.105231906222743,1.2203140429815094
BNA-IND,BNA,IND,249.0,524,1,78.35,6.62,35.0,0.382,2.7193312869837265,2,"Thin route - reliable, short delay tail",-0.8620249319468563,-1.1109585147436392
BNA-JAX,BNA,JAX,483.0,1096,2,74.26,8.66,40.0,0.547,3.0398105541483504,2,"Thin route - reliable, short delay tail",-0.00577561963768488,-0.15078488437512158
BNA-LAX,BNA,LAX,1798.0,2329,4,76.33,5.91,38.0,0.816,3.367169488534681,0,"Trunk route - multi-carrier, unreliable",-0.1359103118154857,1.4688603091440862
BNA-LGB,BNA,LGB,1785.0,365,1,69.42,8.77,49.6,0.274,2.5622928644564746,3,"Thin route - long-haul, rarely cancels",0.02683671534999582,-1.856172204462993
BNA-MDW,BNA,MDW,395.0,1893,1,74.92,6.48,44.0,1.215,3.277150613963797,2,"Thin route - reliable, short delay tail",0.0208277835909666,-0.12710956771107368
BNA-MKE,BNA,MKE,475.0,969,1,72.94,9.62,44.0,0.929,2.986323777050765,2,"Thin route - reliable, short delay tail",0.19197594182356095,-0.8200084388170512
BNA-MYR,BNA,MYR,471.0,635,1,78.45,6.37,38.0,0.63,2.8027737252919755,2,"Thin route - reliable, short delay tail",-0.7524968320776138,-0.9789425670478069
BNA-OMA,BNA,OMA,612.0,401,1,69.35,10.01,43.6,0.748,2.603144372620182,2,"Thin route - reliable, short delay tail",0.26985809739029315,-1.679868716713335
BNA-ORF,BNA,ORF,585.0,423,1,82.45,3.36,24.0,1.182,2.6263403673750423,2,"Thin route - reliable, short delay tail",-1.5947436211445982,-1.1377552270607079
BNA-PHL,BNA,PHL,675.0,2846,6,74.05,12.82,55.0,2.635,3.4542348957482654,0,"Trunk route - multi-carrier, unreliable",1.8744742784539776,2.3385921456611434
BNA-RIC,BNA,RIC,527.0,467,2,74.19,7.29,36.6,0.428,2.6693168805661123,2,"Thin route - reliable, short delay tail",-0.36369375191881964,-0.8590203822972298
BNA-RSW,BNA,RSW,722.0,807,1,72.77,7.96,46.4,0.743,2.90687353472207,2,"Thin route - reliable, short delay tail",0.042671987960575204,-0.981744615487236
BNA-SAV,BNA,SAV,417.0,903,1,75.64,7.8,44.6,0.664,2.9556877503135057,2,"Thin route - reliable, short delay tail",-0.18773002624885773,-0.7875217247949297
BNA-SEA,BNA,SEA,1978.0,1476,3,71.7,8.18,45.0,1.22,3.1690863574870227,3,"Thin route - long-haul, rarely cancels",0.4031171388787915,0.38091362444648647
BNA-SMF,BNA,SMF,1917.0,345,1,66.08,11.77,38.9,0.58,2.537819095073274,3,"Thin route - long-haul, rarely cancels",0.24497683752382832,-1.9764570141425613
BNA-SRQ,BNA,SRQ,648.0,686,2,71.68,9.74,46.0,1.166,2.8363241157067516,2,"Thin route - reliable, short delay tail",0.4609580975277472,-0.7089988042661662
BNA-TUL,BNA,TUL,515.0,514,1,82.94,0.07,27.1,0.778,2.710963118995276,2,"Thin route - reliable, short delay tail",-1.821601677019911,-0.890933475478404
BOI-SMF,BOI,SMF,437.0,860,1,84.95,1.33,25.4,0.116,2.934498451243568,2,"Thin route - reliable, short delay tail",-1.9886345223656927,-0.3845663781424937
BOS-DEN,BOS,DEN,1754.0,3868,4,77.01,4.56,46.0,1.344,3.587486465410964,0,"Trunk route - multi-carrier, unreliable",0.14763080376980764,1.8929285664447766
BUF-BWI,BUF,BWI,281.0,1750,1,86.98,-0.63,20.0,1.429,3.2430380486862944,2,"Thin route - reliable, short delay tail",-1.9702624487838991,0.3317122260929711
BUR-DEN,BUR,DEN,850.0,2166,4,85.2,-0.05,29.6,0.462,3.3356584522893016,2,"Thin route - reliable, short delay tail",-1.3886143396131498,1.8309263024854747
BUR-RNO,BUR,RNO,374.0,423,1,83.18,1.3,39.8,0.0,2.6263403673750423,2,"Thin route - reliable, short delay tail",-1.6125640132466195,-1.1349048139947386
BUR-SJC,BUR,SJC,296.0,2161,1,86.75,-3.56,23.5,1.064,3.3346547668832414,2,"Thin route - reliable, short delay tail",-2.1083888498344914,0.5616927047576895
BWI-ATL,BWI,ATL,577.0,5407,4,80.63,4.05,38.0,1.96,3.7329563695756245,0,"Trunk route - multi-carrier, unreliable",0.009475274335060608,2.3955154825794382
BWI-CLE,BWI,CLE,314.0,970,1,77.36,6.4,38.0,1.649,2.9867717342662448,2,"Thin route - reliable, short delay tail",-0.3332154688991655,-0.642034608086239
BWI-CLT,BWI,CLT,361.0,2960,6,81.55,4.16,37.0,1.689,3.4712917110589387,0,"Trunk route - multi-carrier, unreliable",0.0735481820663594,2.862882218906947
BWI-CVG,BWI,CVG,430.0,721,1,81.27,4.03,34.1,1.526,2.857935264719429,2,"Thin route - reliable, short delay tail",-0.9960530783831683,-0.7653052466135966
BWI-GRR,BWI,GRR,528.0,440,1,73.84,8.87,44.0,1.591,2.6434526764861874,2,"Thin route - reliable, short delay tail",0.08055704338981748,-1.5147613102022637
BWI-ISP,BWI,ISP,220.0,1236,1,78.33,6.45,35.2,1.861,3.092018470752797,2,"Thin route - reliable, short delay tail",-0.37311933709874545,-0.39033805669249066
BWI-MCI,BWI,MCI,966.0,879,1,77.43,6.7,40.7,1.593,2.9439888750737717,2,"Thin route - reliable, short delay tail",-0.3806982857748428,-0.8030176135955417
BWI-MIA,BWI,MIA,946.0,2289,5,75.17,10.14,48.0,2.184,3.359645792674543,0,"Trunk route - multi-carrier, unreliable",1.0946327899979846,1.7818484227912434
BWI-PIT,BWI,PIT,210.0,1075,1,79.11,5.7,38.0,2.047,3.031408464251624,2,"Thin route - reliable, short delay tail",-0.3895612684782578,-0.5086676310224856
BWI-SAT,BWI,SAT,1407.0,732,1,76.63,5.56,42.2,1.639,2.864511081058392,3,"Thin route - long-haul, rarely cancels",-0.44728905669405433,-1.0035897011043042
BWI-SAV,BWI,SAV,548.0,995,1,81.22,3.92,37.0,0.905,2.9978230807457256,2,"Thin route - reliable, short delay tail",-1.0298835690908266,-0.48731476578448224
BWI-SEA,BWI,SEA,2335.0,719,2,70.93,8.34,46.0,0.974,2.8567288903828825,3,"Thin route - long-haul, rarely cancels",0.11967911475099852,-0.7810675069184826
BWI-SLC,BWI,SLC,1865.0,769,2,77.25,7.56,42.0,1.56,2.885926339801431,3,"Thin route - long-haul, rarely cancels",-0.30511874637468234,-0.5443753725427514
BWI-SMF,BWI,SMF,2395.0,364,1,63.71,12.66,53.0,0.824,2.561101383649056,3,"Thin route - long-haul, rarely cancels",0.8497890343563519,-2.130793888457298
BWI-STL,BWI,STL,738.0,1268,1,82.43,1.92,29.0,1.104,3.1031192535457137,2,"Thin route - reliable, short delay tail",-1.4121745541719173,-0.17644332529440482
CHS-MDW,CHS,MDW,745.0,370,1,81.32,2.74,30.7,0.541,2.568201724066995,2,"Thin route - reliable, short delay tail",-1.5689502300390248,-1.302432590954453
CLE-MDW,CLE,MDW,307.0,1110,1,83.29,1.45,30.6,1.081,3.0453229787866576,2,"Thin route - reliable, short delay tail",-1.4277177390369207,-0.24505228841786608
CLT-BNA,CLT,BNA,328.0,3488,6,75.55,10.84,53.0,1.634,3.5425764762605296,0,"Trunk route - multi-carrier, unreliable",1.4311602258849863,2.6595740631399285
CMH-ATL,CMH,ATL,447.0,3155,3,85.33,0.39,28.0,1.585,3.498999363580153,2,"Thin route - reliable, short delay tail",-1.166055464982317,1.6885473980445251
CMH-AUS,CMH,AUS,1073.0,414,5,83.5,1.1,27.8,0.242,2.617000341120899,2,"Thin route - reliable, short delay tail",-1.4548623310931652,0.7850338608208877
CMH-HOU,CMH,HOU,1000.0,354,1,81.02,1.43,34.8,0.282,2.5490032620257876,2,"Thin route - reliable, short delay tail",-1.6339958178710192,-1.3602193284802875
CMH-LAS,CMH,LAS,1771.0,898,2,79.6,3.93,32.0,0.445,2.9532763366673045,3,"Thin route - long-haul, rarely cancels",-1.211541811842404,-0.17993208303857525
CMH-MDW,CMH,MDW,283.0,1239,1,81.27,4.9,33.0,1.614,3.0930713063760633,2,"Thin route - reliable, short delay tail",-0.8295900951317103,-0.2855791770875647
CVG-BWI,CVG,BWI,430.0,720,1,84.87,2.47,25.4,1.111,2.8573324964312685,2,"Thin route - reliable, short delay tail",-1.7051578902592879,-0.597732986784943
CVG-DEN,CVG,DEN,1069.0,1504,4,82.59,4.79,32.9,0.931,3.1772478362556233,0,"Trunk route - multi-carrier, unreliable",-0.76230617617255,1.305849958554975
CVG-MDW,CVG,MDW,249.0,538,1,81.4,7.27,35.0,1.115,2.7307822756663893,2,"Thin route - reliable, short delay tail",-0.8799554179978134,-1.0683305881829095
DAL-AUS,DAL,AUS,189.0,2336,1,77.08,5.85,44.0,1.027,3.3684728384403617,2,"Thin route - reliable, short delay tail",-0.16306000661968598,0.1342095576073719
DAL-BHM,DAL,BHM,587.0,979,1,70.82,11.5,54.8,1.43,2.9907826918031377,1,"Thin route - long delay tail, high average delay",0.867356156703978,-0.9851542201367314
DAL-BUR,DAL,BUR,1243.0,396,1,71.32,10.27,51.8,1.768,2.597695185925512,1,"Thin route - long delay tail, high average delay",0.4846217001658784,-1.7980129147548944
DAL-COS,DAL,COS,602.0,799,1,74.08,10.19,49.0,0.876,2.902546779313991,2,"Thin route - reliable, short delay tail",0.20878282044098373,-1.0245823793853877
DAL-DCA,DAL,DCA,1184.0,1732,1,66.69,16.28,66.0,1.963,3.2385478876813276,1,"Thin route - long delay tail, high average delay",1.9308814557341782,-0.7908392050614773
DAL-LGB,DAL,LGB,1232.0,509,1,72.96,10.35,48.8,1.179,2.7067177823367587,3,"Thin route - long-haul, rarely cancels",0.1930580862359859,-1.5073758793442669
DAL-LIT,DAL,LIT,296.0,1038,1,72.36,10.48,48.0,0.674,3.016197353512439,2,"Thin route - reliable, short delay tail",0.38185043861432677,-0.7916988160041184
DAL-PHL,DAL,PHL,1295.0,324,1,73.83,10.08,37.0,0.926,2.510545010206612,3,"Thin route - long-haul, rarely cancels",-0.349879267813706,-1.805208855338656
DAL-PHX,DAL,PHX,879.0,2873,1,74.23,7.64,47.0,2.019,3.4583356259919475,0,"Trunk route - multi-carrier, unreliable",0.4119568985835355,0.12339319549310439
DAL-PNS,DAL,PNS,592.0,490,1,70.45,11.57,47.7,0.612,2.690196080028514,1,"Thin route - long delay tail, high average delay",0.4046729631871066,-1.5355091105297631
DAL-SAT,DAL,SAT,247.0,2741,1,77.33,6.19,44.0,1.094,3.4379090355394983,2,"Thin route - reliable, short delay tail",-0.12569562006422155,0.2671355793303787
DAL-VPS,DAL,VPS,630.0,445,1,80.0,5.38,33.1,0.674,2.6483600109809315,2,"Thin route - reliable, short delay tail",-1.1446445220227957,-1.2275897008702321
DCA-LAS,DCA,LAS,2089.0,729,2,70.06,9.1,56.6,1.235,2.8627275283179747,3,"Thin route - long-haul, rarely cancels",0.6197494188253733,-0.8599637465592471
DCA-MCI,DCA,MCI,949.0,1929,5,71.47,11.56,61.0,3.214,3.2853322276438846,0,"Trunk route - multi-carrier, unreliable",2.02737532053204,1.4136925425923326
DCA-MKE,DCA,MKE,634.0,1347,3,77.02,8.37,47.7,4.454,3.1293675957229854,0,"Trunk route - multi-carrier, unreliable",1.0210850692576798,0.3808345824197923
DCA-OMA,DCA,OMA,1012.0,645,2,70.84,12.19,72.0,2.016,2.8095597146352675,1,"Thin route - long delay tail, high average delay",1.505266151326413,-1.0598051541080962
DEN-ALB,DEN,ALB,1610.0,319,2,65.19,18.56,67.5,0.627,2.503790683057181,1,"Thin route - long delay tail, high average delay",1.7162505073556782,-1.8928760907818638
DEN-BDL,DEN,BDL,1671.0,890,2,75.94,6.57,39.0,1.348,2.949390006644913,3,"Thin route - long-haul, rarely cancels",-0.3429320427646,-0.3756884241618336
DEN-CLE,DEN,CLE,1201.0,1841,3,76.35,6.91,43.0,0.326,3.2650537885040145,0,"Trunk route - multi-carrier, unreliable",-0.13943296633511046,0.7911695442754809
DEN-CLT,DEN,CLT,1337.0,2787,5,82.9,-0.37,31.3,1.22,3.445136968713304,0,"Trunk route - multi-carrier, unreliable",-0.9039256887828973,2.4237130081346425
DEN-DAL,DEN,DAL,651.0,2983,1,70.6,11.73,55.0,1.207,3.474653253362063,0,"Trunk route - multi-carrier, unreliable",1.0349471210142036,-0.003258781314443561
DEN-IAD,DEN,IAD,1452.0,3463,2,81.22,3.05,35.0,0.491,3.539452491549461,3,"Thin route - long-haul, rarely cancels",-1.0236090548990588,1.0708583096887208
DEN-LAS,DEN,LAS,628.0,7133,3,75.69,8.28,51.0,0.603,3.8532722240206834,0,"Trunk route - multi-carrier, unreliable",0.6030808962162324,1.9380911982365596
DEN-ORF,DEN,ORF,1553.0,636,2,70.32,11.25,48.1,0.943,2.803457115648414,3,"Thin route - long-haul, rarely cancels",0.5149198641915216,-0.9114412340510099
DEN-PIT,DEN,PIT,1290.0,1657,3,73.7,9.4,49.0,0.362,3.219322508419337,0,"Trunk route - multi-carrier, unreliable",0.36782873058033405,0.5498284141719328
DEN-PNS,DEN,PNS,1179.0,629,4,75.12,5.26,37.8,0.318,2.798650645445269,3,"Thin route - long-haul, rarely cancels",-0.33306242096524497,0.3632506352437173
DEN-RNO,DEN,RNO,804.0,2469,4,74.99,9.18,48.0,0.284,3.3925210899319325,0,"Trunk route - multi-carrier, unreliable",0.4977027890484181,1.4581350720317896
DEN-SAN,DEN,SAN,853.0,6035,5,75.38,6.27,47.0,0.663,3.780677274433368,0,"Trunk route - multi-carrier, unreliable",0.6208915265357194,2.7880896203254175
DEN-SJC,DEN,SJC,948.0,2560,3,74.13,8.44,49.0,0.352,3.4082399653118496,0,"Trunk route - multi-carrier, unreliable",0.3966426923547656,0.9915431019318933
ECP-BNA,ECP,BNA,401.0,1078,1,79.0,7.22,36.5,0.186,3.03261876085072,2,"Thin route - reliable, short delay tail",-0.7776034692361052,-0.4865382772351812
ECP-HOU,ECP,HOU,570.0,365,1,77.81,4.21,42.2,0.0,2.5622928644564746,2,"Thin route - reliable, short delay tail",-0.9944349510006052,-1.4549132243320473
ELP-DEN,ELP,DEN,563.0,1864,3,79.9,6.86,50.0,0.322,3.2704459080179626,0,"Trunk route - multi-carrier, unreliable",-0.12955312697112223,0.8716945373866747
ELP-HOU,ELP,HOU,677.0,1037,1,83.71,2.51,27.0,0.482,3.015778756389041,2,"Thin route - reliable, short delay tail",-1.6924577919407955,-0.3063068713917308
FLL-CMH,FLL,CMH,973.0,764,3,63.6,17.29,65.2,3.01,2.8830933585756897,1,"Thin route - long delay tail, high average delay",2.637163637328958,-0.6494398115197924
FLL-DEN,FLL,DEN,1703.0,1607,3,82.77,3.86,35.0,0.249,3.2060158767633444,3,"Thin route - long-haul, rarely cancels",-1.1734639204054804,0.8655185446905794
FLL-PIT,FLL,PIT,994.0,1109,3,65.34,19.13,80.4,2.435,3.04493154614916,1,"Thin route - long delay tail, high average delay",2.956124791110588,-0.4104729469375824
FLL-STL,FLL,STL,1057.0,828,3,77.31,4.68,37.0,0.483,2.9180303367848803,2,"Thin route - reliable, short delay tail",-0.6006865852783587,0.19121595908149489
GEG-SMF,GEG,SMF,649.0,607,1,86.78,-2.18,21.0,0.165,2.7831886910752575,2,"Thin route - reliable, short delay tail",-2.565436928916868,-0.5778777048351109
HNL-LAS,HNL,LAS,2762.0,2198,3,81.66,2.69,29.0,0.273,3.3420276880874717,3,"Thin route - long-haul, rarely cancels",-1.434228469186212,1.1026242124807069
HNL-PHX,HNL,PHX,2917.0,1317,4,84.7,3.43,23.0,0.607,3.119585774961784,3,"Thin route - long-haul, rarely cancels",-1.6700809035156265,1.1829949911717677
HNL-SAN,HNL,SAN,2614.0,1771,3,77.87,6.8,32.0,0.96,3.248218561190075,3,"Thin route - long-haul, rarely cancels",-0.639698121249447,0.7278565458126279
HOU-CMH,HOU,CMH,1000.0,355,1,76.49,9.58,36.0,0.282,2.550228353055094,2,"Thin route - reliable, short delay tail",-0.7015606417319591,-1.6150902257311828
HOU-ECP,HOU,ECP,570.0,357,1,68.35,10.16,49.4,0.0,2.552668216112193,1,"Thin route - long delay tail, high average delay",0.32431962416414334,-1.8167495625873686
HOU-HRL,HOU,HRL,277.0,1180,1,76.08,4.75,39.0,0.085,3.0718820073061255,2,"Thin route - reliable, short delay tail",-0.6409168482266663,-0.4123245909181771
HOU-LAS,HOU,LAS,1235.0,2021,1,80.48,2.89,34.0,0.346,3.305566313515304,2,"Thin route - reliable, short delay tail",-1.2380632278803254,0.13276274750821274
HOU-MSY,HOU,MSY,303.0,2297,1,83.01,1.66,29.0,0.218,3.361160995195026,2,"Thin route - reliable, short delay tail",-1.5077866569931886,0.42982087652033424
HOU-OAK,HOU,OAK,1642.0,375,1,76.2,5.49,36.0,0.267,2.574031267727719,3,"Thin route - long-haul, rarely cancels",-1.0515452284030005,-1.5386679829613943
HOU-OKC,HOU,OKC,419.0,1229,1,77.16,6.29,39.0,0.814,3.089551882886454,2,"Thin route - reliable, short delay tail",-0.46763101400137885,-0.42220396744341093
HOU-PIT,HOU,PIT,1131.0,316,1,71.97,11.5,37.1,0.633,2.499687082618404,3,"Thin route - long-haul, rarely cancels",-0.1535266670670157,-1.8687284630890044
HOU-SAN,HOU,SAN,1313.0,962,1,76.26,4.65,36.9,0.728,2.983175072037813,3,"Thin route - long-haul, rarely cancels",-0.7684744342503806,-0.6772641119114142
HOU-SJC,HOU,SJC,1621.0,364,1,84.57,0.58,22.0,0.0,2.561101383649056,3,"Thin route - long-haul, rarely cancels",-2.4625782382948342,-1.2083270692202128
HOU-SLC,HOU,SLC,1214.0,409,1,79.85,3.06,32.0,0.489,2.611723308007342,2,"Thin route - reliable, short delay tail",-1.468887308448267,-1.2912485232707978
HOU-STL,HOU,STL,687.0,1559,1,79.84,4.86,35.0,0.449,3.192846115188842,2,"Thin route - reliable, short delay tail",-0.9628298526080518,-0.11601439887488656
HRL-AUS,HRL,AUS,273.0,708,1,81.82,3.63,31.0,0.141,2.850033257689769,2,"Thin route - reliable, short delay tail",-1.4452949206166599,-0.6867197853193334
IAD-PHX,IAD,PHX,1956.0,1036,2,81.76,-0.36,31.6,0.772,3.0153597554092144,3,"Thin route - long-haul, rarely cancels",-1.6080159125502174,0.0519689653219115
IND-ATL,IND,ATL,432.0,3160,4,88.08,-4.42,20.0,1.297,3.499687082618404,2,"Thin route - reliable, short delay tail",-1.8353550567751533,2.380442770560983
IND-DEN,IND,DEN,976.0,2494,3,78.6,6.02,41.0,0.521,3.396896449142524,0,"Trunk route - multi-carrier, unreliable",-0.293130825313408,1.1454121715519943
IND-LAS,IND,LAS,1590.0,1348,4,78.86,4.43,35.0,0.519,3.129689892199301,3,"Thin route - long-haul, rarely cancels",-0.6399070099856037,1.1052567606561592
IND-MCO,IND,MCO,829.0,2435,4,79.19,6.87,45.0,1.273,3.386498965550653,0,"Trunk route - multi-carrier, unreliable",0.16009123478828266,1.5567771702477509
IND-PHX,IND,PHX,1489.0,1530,3,79.39,6.17,39.2,0.327,3.184691430817599,3,"Thin route - long-haul, rarely cancels",-0.601912640307835,0.6995922452103929
JAN-HOU,JAN,HOU,359.0,729,1,83.49,-2.07,29.0,0.274,2.8627275283179747,2,"Thin route - reliable, short delay tail",-1.989947129818696,-0.511141244393163
JAX-DEN,JAX,DEN,1446.0,1020,2,82.15,3.88,37.7,0.294,3.0086001717619175,3,"Thin route - long-haul, rarely cancels",-1.222713140025503,-0.027083720335580586
JAX-STL,JAX,STL,753.0,507,1,87.87,-1.9,21.0,0.592,2.705007959333336,2,"Thin route - reliable, short delay tail",-2.579618091576651,-0.7454307623602374
KOA-OGG,KOA,OGG,84.0,1460,3,87.23,2.32,19.0,0.205,3.164352855784437,2,"Thin route - reliable, short delay tail",-1.8133115106800834,1.1312936056478116
LAS-BHM,LAS,BHM,1618.0,359,1,73.67,5.51,34.0,0.279,2.5550944485783194,3,"Thin route - long-haul, rarely cancels",-0.9084562847117671,-1.6087450979766273
LAS-BZN,LAS,BZN,701.0,599,2,76.94,4.66,34.0,0.334,2.7774268223893115,2,"Thin route - reliable, short delay tail",-0.8289514301430428,-0.5274555963612799
LAS-DTW,LAS,DTW,1749.0,2789,4,81.13,3.66,34.0,0.61,3.44544851426605,3,"Thin route - long-haul, rarely cancels",-0.7729909383329471,1.7995461477579655
LAS-ELP,LAS,ELP,584.0,1334,2,74.19,8.38,46.6,0.45,3.12515582958053,2,"Thin route - reliable, short delay tail",0.15022301819760486,-0.021148515620900758
LAS-FAT,LAS,FAT,259.0,1714,2,77.57,5.8,39.0,0.642,3.2340108175871793,2,"Thin route - reliable, short delay tail",-0.3465655273883115,0.38698862137584844
LAS-GRR,LAS,GRR,1642.0,385,2,80.89,5.46,36.0,0.0,2.5854607295085006,3,"Thin route - long-haul, rarely cancels",-1.3300519169350618,-0.9432628384448621
LAS-HNL,LAS,HNL,2762.0,2202,3,77.12,7.73,35.0,0.318,3.342817314635733,3,"Thin route - long-haul, rarely cancels",-0.574129871252137,0.8767309073998675
LAS-HOU,LAS,HOU,1235.0,2021,1,73.17,8.74,44.0,0.396,3.305566313515304,3,"Thin route - long-haul, rarely cancels",-0.0028832717330419307,-0.18870566054255308
LAS-LGB,LAS,LGB,231.0,2117,1,77.06,4.79,36.0,0.331,3.325720858019412,2,"Thin route - reliable, short delay tail",-0.6285392496102381,0.1402631438044671
LAS-MCI,LAS,MCI,1139.0,1992,4,76.36,6.0,38.0,0.653,3.29928933408768,0,"Trunk route - multi-carrier, unreliable",-0.09179136054080944,1.3864324093870724
LAS-MCO,LAS,MCO,2039.0,1959,5,74.37,7.74,44.0,0.306,3.2920344359947364,0,"Trunk route - multi-carrier, unreliable",0.25452079450518517,1.676219336208657
LAS-MSP,LAS,MSP,1299.0,2134,3,85.35,-0.09,24.0,1.031,3.329194415088451,2,"Thin route - reliable, short delay tail",-1.6362479667079795,1.327344004757066
LAS-PDX,LAS,PDX,763.0,2956,4,78.99,4.05,38.0,0.609,3.470704429722788,0,"Trunk route - multi-carrier, unreliable",-0.3091349066023661,1.8563388682365738
LAS-SFO,LAS,SFO,414.0,6115,5,60.59,17.81,69.0,0.703,3.7863964613723042,0,"Trunk route - multi-carrier, unreliable",3.2046232619223805,2.1805619525832225
LAS-SLC,LAS,SLC,368.0,3744,5,82.75,1.51,32.0,0.721,3.5733358400660675,0,"Trunk route - multi-carrier, unreliable",-0.6572209714047672,2.7330945301727696
LAX-BNA,LAX,BNA,1798.0,2320,4,80.72,4.64,31.0,0.948,3.3654879848909,3,"Thin route - long-haul, rarely cancels",-0.7157174300336258,1.61413475342487
LAX-HNL,LAX,HNL,2556.0,5514,6,76.69,8.79,46.0,0.417,3.741466761769755,0,"Trunk route - multi-carrier, unreliable",0.46312725021285256,3.0361509804123967
LAX-HOU,LAX,HOU,1390.0,1194,1,71.09,9.35,41.0,0.168,3.0770043267933502,3,"Thin route - long-haul, rarely cancels",-0.04794353872537606,-0.6917593662165487
LAX-OAK,LAX,OAK,337.0,2080,1,80.12,0.89,35.0,0.385,3.3180633349627615,2,"Thin route - reliable, short delay tail",-1.1620911318274618,0.2566591665107689
LGB-BNA,LGB,BNA,1785.0,365,1,88.74,-0.33,16.0,0.274,2.5622928644564746,3,"Thin route - long-haul, rarely cancels",-2.96685864596769,-1.0928149438413672
LGB-RNO,LGB,RNO,402.0,694,1,84.18,-0.57,33.2,0.432,2.841359470454855,2,"Thin route - reliable, short delay tail",-1.8099166694678388,-0.6097184477524715
LGB-SJC,LGB,SJC,324.0,1239,1,86.89,-4.08,22.0,0.242,3.0930713063760633,2,"Thin route - reliable, short delay tail",-2.483742635250261,0.11402336678289662
LIH-OGG,LIH,OGG,202.0,1460,3,82.89,4.49,24.0,0.137,3.164352855784437,2,"Thin route - reliable, short delay tail",-1.2340406264176103,0.9670660996780975
MAF-DAL,MAF,DAL,319.0,1353,1,88.96,-2.44,18.0,1.33,3.131297796597623,2,"Thin route - reliable, short delay tail",-2.3713380848260637,0.18961495045031393
MCI-ATL,MCI,ATL,692.0,3272,4,87.22,-2.22,22.0,1.375,3.514813294999285,2,"Thin route - reliable, short delay tail",-1.5849481263506122,2.314004594240172
MCI-AUS,MCI,AUS,650.0,982,2,80.9,2.96,38.7,0.407,2.9921114877869495,2,"Thin route - reliable, short delay tail",-1.0156745454875051,-0.011255670477309056
MCI-BNA,MCI,BNA,491.0,1374,2,81.34,5.03,31.0,0.728,3.137986732723532,2,"Thin route - reliable, short delay tail",-0.9559732782683017,0.30732361407791836
MCI-IND,MCI,IND,451.0,350,1,78.0,4.95,33.1,0.0,2.5440680443502757,2,"Thin route - reliable, short delay tail",-1.1875970497966994,-1.4331701416549334
MCI-LAX,MCI,LAX,1363.0,1313,4,82.38,0.51,31.0,0.533,3.118264726089479,3,"Thin route - long-haul, rarely cancels",-1.247265402530578,1.2707652598072672
MCI-MDW,MCI,MDW,404.0,2107,1,80.2,4.82,31.0,1.139,3.3236645356081,2,"Thin route - reliable, short delay tail",-0.8428101872839019,0.1870749962161512
MCI-MSY,MCI,MSY,690.0,364,1,77.13,5.93,36.8,0.275,2.561101383649056,2,"Thin route - reliable, short delay tail",-0.9243534113235593,-1.4867770860279503
MCI-PHX,MCI,PHX,1044.0,2474,5,78.99,7.24,37.0,0.606,3.393399695293102,0,"Trunk route - multi-carrier, unreliable",-0.053180172046205364,2.0950672915702455
MCI-STL,MCI,STL,237.0,1020,1,86.0,-1.07,27.0,0.49,3.0086001717619175,2,"Thin route - reliable, short delay tail",-2.042087079402732,-0.17110608797431798
MCO-BUF,MCO,BUF,1011.0,1790,3,66.89,15.77,69.0,1.285,3.2528530309798933,1,"Thin route - long delay tail, high average delay",2.122658678727339,0.2231951904543989
MCO-BWI,MCO,BWI,787.0,4695,3,75.66,8.03,48.0,2.066,3.6716355966021297,0,"Trunk route - multi-carrier, unreliable",0.7499566702305922,1.5328885686347136
MCO-CVG,MCO,CVG,757.0,1793,4,74.72,12.2,57.7,1.45,3.253580289562183,0,"Trunk route - multi-carrier, unreliable",1.2002289911433306,1.0091630936718474
MCO-DAL,MCO,DAL,973.0,2633,1,73.37,10.28,50.0,1.633,3.4204508591060683,0,"Trunk route - multi-carrier, unreliable",0.6167745362117545,-0.03953740988537315
MCO-DCA,MCO,DCA,759.0,4579,5,69.51,16.84,72.0,2.228,3.660770643527697,0,"Trunk route - multi-carrier, unreliable",2.776782799335096,2.0100012306612323
MCO-DEN,MCO,DEN,1547.0,4539,3,80.24,2.31,37.0,0.595,3.656960182742849,0,"Trunk route - multi-carrier, unreliable",-0.7467806624898635,1.7623475715787653
MCO-ISP,MCO,ISP,971.0,1423,3,75.56,7.4,46.0,1.757,3.153204900084284,0,"Trunk route - multi-carrier, unreliable",0.35659849470490435,0.49152679858197634
MCO-OMA,MCO,OMA,1211.0,378,2,74.46,8.66,44.0,1.587,2.5774917998372255,3,"Thin route - long-haul, rarely cancels",0.02571149698897941,-1.210708372634813
MCO-ORF,MCO,ORF,655.0,801,3,71.61,13.9,58.2,3.246,2.9036325160842376,1,"Thin route - long delay tail, high average delay",1.7179708602470625,-0.32734201624029635
MCO-PHX,MCO,PHX,1849.0,1852,3,78.14,6.76,40.0,0.54,3.2676409823459154,3,"Thin route - long-haul, rarely cancels",-0.41967851947709156,0.793737198653754
MCO-PVD,MCO,PVD,1072.0,1590,2,72.65,12.19,59.0,1.698,3.2013971243204513,1,"Thin route - long delay tail, high average delay",1.09441293224346,-0.13255597046215273
MCO-RDU,MCO,RDU,534.0,2704,4,76.71,9.23,56.0,1.701,3.4320066872695985,0,"Trunk route - multi-carrier, unreliable",0.96511637768037,1.492724925847957
MCO-SAT,MCO,SAT,1041.0,1086,3,75.0,7.69,50.0,1.565,3.035829825252828,0,"Trunk route - multi-carrier, unreliable",0.42310136760907696,0.20870458217964213
MCO-SDF,MCO,SDF,719.0,856,3,74.58,9.06,48.0,2.103,2.932473764677153,0,"Trunk route - multi-carrier, unreliable",0.6298264689557528,-0.01605324311754775
MCO-SJU,MCO,SJU,1188.0,6076,4,73.06,13.12,54.0,1.103,3.7836177651907485,0,"Trunk route - multi-carrier, unreliable",1.3539575017210754,2.046009700916555
MDW-ALB,MDW,ALB,717.0,728,1,70.69,12.68,49.1,0.962,2.862131379313037,1,"Thin route - long delay tail, high average delay",0.6269955818353519,-1.2324084504639068
MDW-BOS,MDW,BOS,861.0,1360,1,66.79,16.36,67.8,1.176,3.1335389083702174,1,"Thin route - long delay tail, high average delay",1.8042006498773562,-0.9673030506543991
MDW-BUF,MDW,BUF,468.0,824,1,73.86,10.0,43.0,1.456,2.9159272116971158,2,"Thin route - reliable, short delay tail",0.21511568478166962,-0.9642794564737518
MDW-BWI,MDW,BWI,611.0,1857,2,79.03,6.28,36.0,2.693,3.2688119037397803,2,"Thin route - reliable, short delay tail",-0.07479389924567405,0.40299738950736386
MDW-CMH,MDW,CMH,283.0,1235,1,81.45,2.3,30.0,1.7,3.0916669575956846,2,"Thin route - reliable, short delay tail",-1.0789486685972587,-0.21437506431425574
MDW-DAL,MDW,DAL,793.0,2185,1,77.35,5.46,41.0,1.968,3.3394514413064407,2,"Thin route - reliable, short delay tail",-0.17975142334897018,0.030293946845440196
MDW-FLL,MDW,FLL,1167.0,1123,1,73.98,9.82,44.8,1.603,3.050379756261458,2,"Thin route - reliable, short delay tail",0.21712332821960065,-0.7558739055206285
MDW-GRR,MDW,GRR,137.0,931,1,75.16,9.08,47.0,0.859,2.9689496809813427,2,"Thin route - reliable, short delay tail",0.09394929055854928,-0.7951765405689235
MDW-MIA,MDW,MIA,1182.0,503,2,72.87,10.49,46.7,1.193,2.7015679850559273,3,"Thin route - long-haul, rarely cancels",0.3061091006699085,-1.0267688435342024
MDW-OKC,MDW,OKC,691.0,559,1,74.82,8.93,50.3,1.789,2.747411807886423,2,"Thin route - reliable, short delay tail",0.23610301901709374,-1.347078173144885
MDW-ONT,MDW,ONT,1706.0,360,1,70.22,11.64,45.0,1.111,2.5563025007672873,3,"Thin route - long-haul, rarely cancels",0.24089183456368546,-1.901550682464318
MDW-PIT,MDW,PIT,402.0,1116,1,81.09,3.1,31.0,1.434,3.04766419460156,2,"Thin route - reliable, short delay tail",-1.0684851500697305,-0.33530690113412626
MDW-PVD,MDW,PVD,842.0,779,1,76.92,8.44,50.0,1.412,2.8915374576725643,2,"Thin route - reliable, short delay tail",-0.021160188346608277,-1.00230674462224
MDW-RIC,MDW,RIC,629.0,413,1,71.81,8.88,47.0,0.969,2.615950051656401,2,"Thin route - reliable, short delay tail",0.14665457297353257,-1.6169749454926503
MDW-SFO,MDW,SFO,1855.0,485,1,48.12,26.76,75.0,1.237,2.6857417386022635,1,"Thin route - long delay tail, high average delay",3.8174361427076944,-2.565527525681072
MDW-SRQ,MDW,SRQ,1035.0,520,1,74.31,7.68,37.0,1.346,2.716003343634799,2,"Thin route - reliable, short delay tail",-0.329389350066857,-1.3191746574615202
MDW-STL,MDW,STL,251.0,1708,1,81.96,2.05,34.0,1.288,3.232487866352986,2,"Thin route - reliable, short delay tail",-1.0639664940240192,0.07663823944587844
MDW-TPA,MDW,TPA,997.0,1581,2,77.91,6.88,37.0,1.392,3.198931869932209,2,"Thin route - reliable, short delay tail",-0.3108201221602052,0.23031998450688707
MEM-BNA,MEM,BNA,200.0,515,1,73.88,7.72,39.4,0.388,2.711807229041191,2,"Thin route - reliable, short delay tail",-0.3201245650801088,-1.2559211545796758
MEM-DEN,MEM,DEN,872.0,1364,4,78.93,7.27,40.0,0.88,3.13481437032046,0,"Trunk route - multi-carrier, unreliable",-0.12194750195675011,1.0713056041664073
MIA-AUS,MIA,AUS,1103.0,2192,5,71.8,12.44,59.0,0.958,3.3408405498123317,0,"Trunk route - multi-carrier, unreliable",1.4851012668431236,1.5866670454828211
MKE-BNA,MKE,BNA,475.0,971,1,81.52,3.66,30.0,1.339,2.9872192299080047,2,"Thin route - reliable, short delay tail",-1.147743580650306,-0.45881437043432877
MKE-BWI,MKE,BWI,641.0,826,1,85.12,2.41,26.0,1.211,2.9169800473203824,2,"Thin route - reliable, short delay tail",-1.6995664378488176,-0.49393681219761665
MKE-MCI,MKE,MCI,436.0,349,1,86.71,-0.09,23.5,0.86,2.5428254269591797,2,"Thin route - reliable, short delay tail",-2.253660810645139,-1.1352853251940274
MSP-BNA,MSP,BNA,695.0,1747,3,81.41,1.32,29.5,1.546,3.2422929049829308,2,"Thin route - reliable, short delay tail",-0.9109017457731723,1.044335122589547
MSP-LAS,MSP,LAS,1299.0,2129,3,81.68,2.68,33.9,1.127,3.3281756614383227,3,"Thin route - long-haul, rarely cancels",-0.8826488462891836,1.1322417676969323
MSY-BNA,MSY,BNA,471.0,1483,2,77.66,7.43,35.0,0.607,3.1711411510283822,2,"Thin route - reliable, short delay tail",-0.41570715550642334,0.23761867545450543
MSY-BWI,MSY,BWI,998.0,1157,3,80.76,5.53,34.0,1.124,3.0633333589517497,2,"Thin route - reliable, short delay tail",-0.6740810142367002,0.5386724952275043
MSY-FLL,MSY,FLL,673.0,1412,3,74.25,12.18,50.0,2.337,3.149834696715785,0,"Trunk route - multi-carrier, unreliable",1.0661460760300059,0.3416974016069185
MSY-HOU,MSY,HOU,303.0,2297,1,76.17,5.94,39.0,0.609,3.361160995195026,2,"Thin route - reliable, short delay tail",-0.3361992665427718,0.13844363035288781
MSY-MCI,MSY,MCI,690.0,364,1,80.17,7.34,37.0,0.275,2.561101383649056,2,"Thin route - reliable, short delay tail",-1.058682508991196,-1.4618487090326922
MSY-SAN,MSY,SAN,1600.0,342,1,69.5,8.88,46.0,0.0,2.534026106056135,3,"Thin route - long-haul, rarely cancels",-0.11194366205289485,-1.867258270421806
MSY-TPA,MSY,TPA,487.0,1063,3,77.14,7.8,45.1,1.035,3.0265332645232967,2,"Thin route - reliable, short delay tail",0.09799549112862893,0.32005829138489555
MYR-BNA,MYR,BNA,471.0,635,1,83.17,3.94,28.1,0.787,2.8027737252919755,2,"Thin route - reliable, short delay tail",-1.5062314172443714,-0.7817195271723019
OAK-AUS,OAK,AUS,1497.0,359,1,76.32,8.85,28.0,0.0,2.5550944485783194,3,"Thin route - long-haul, rarely cancels",-1.0911337644351422,-1.5703674448253901
OAK-BOI,OAK,BOI,512.0,555,1,84.3,2.02,26.0,0.0,2.7442929831226763,2,"Thin route - reliable, short delay tail",-1.9899711134363518,-0.8061375872332674
OAK-LGB,OAK,LGB,353.0,1597,1,86.18,-1.12,23.0,0.25,3.203304916138483,2,"Thin route - reliable, short delay tail",-2.161769932813915,0.2567225313549033
OAK-SAN,OAK,SAN,446.0,3214,3,65.3,15.28,55.0,0.871,3.5070458724273257,0,"Trunk route - multi-carrier, unreliable",1.9377686268865448,0.8768163334080091
OGG-PHX,OGG,PHX,2844.0,856,2,93.33,-6.17,8.7,0.234,2.932473764677153,3,"Thin route - long-haul, rarely cancels",-3.7967885772784675,0.31135347252229517
OGG-SMF,OGG,SMF,2403.0,481,3,75.32,7.67,38.4,0.624,2.682145076373832,3,"Thin route - long-haul, rarely cancels",-0.4830470132928324,-0.5103206525493165
OKC-HOU,OKC,HOU,419.0,1230,1,82.7,1.16,31.0,0.732,3.089905111439398,2,"Thin route - reliable, short delay tail",-1.4719291734961555,-0.1593632312794396
OKC-MCO,OKC,MCO,1069.0,327,2,75.16,10.23,36.9,0.612,2.514547752660286,2,"Thin route - reliable, short delay tail",-0.33716023287104446,-1.269470446485094
ONT-BNA,ONT,BNA,1751.0,336,1,77.41,7.35,29.9,0.595,2.526339277389844,3,"Thin route - long-haul, rarely cancels",-1.140889313489716,-1.630308584082538
ONT-SJC,ONT,SJC,333.0,1319,1,85.51,-0.74,27.0,0.076,3.1202447955463652,2,"Thin route - reliable, short delay tail",-2.0486391232626024,0.04691100424367959
ORD-DEN,ORD,DEN,888.0,6138,5,75.06,11.36,57.0,1.238,3.7880268840958036,0,"Trunk route - multi-carrier, unreliable",1.3833653560678576,2.604960333499437
ORD-MCO,ORD,MCO,1005.0,6272,5,72.96,12.8,64.0,1.626,3.797406049676382,0,"Trunk route - multi-carrier, unreliable",1.9022541382885636,2.4879604341949393
PBI-ISP,PBI,ISP,1052.0,1222,3,73.98,9.65,52.2,1.637,3.0870712059065353,0,"Trunk route - multi-carrier, unreliable",0.7274617822712803,0.23693367248968814
PDX-DEN,PDX,DEN,991.0,4286,5,82.53,2.34,31.0,0.373,3.63205216670581,0,"Trunk route - multi-carrier, unreliable",-0.7668119667931218,2.7999927710259183
PDX-LAS,PDX,LAS,763.0,2956,4,80.55,5.12,32.0,0.507,3.470704429722788,0,"Trunk route - multi-carrier, unreliable",-0.5392913123267712,1.9062769814414604
PHX-ATL,PHX,ATL,1587.0,3734,4,81.45,6.19,34.0,0.83,3.5721743136130595,0,"Trunk route - multi-carrier, unreliable",-0.5001474671520542,2.018899614713269
PHX-AUS,PHX,AUS,872.0,3351,5,74.86,9.61,45.0,0.716,3.5251744278352715,0,"Trunk route - multi-carrier, unreliable",0.7419351840738169,2.1976473862404373
PHX-COS,PHX,COS,551.0,1001,1,73.57,8.5,40.6,0.1,3.000434077479319,2,"Thin route - reliable, short delay tail",-0.21997300710885206,-0.7141041514911649
PHX-HOU,PHX,HOU,1020.0,2119,1,71.67,11.14,42.0,0.472,3.3261309567107946,2,"Thin route - reliable, short delay tail",0.2821589005040171,-0.19476979370787534
PHX-LAS,PHX,LAS,255.0,6014,5,78.18,7.56,44.0,1.048,3.7791634237644987,0,"Trunk route - multi-carrier, unreliable",0.5959782875387002,2.8653790186614416
PHX-OAK,PHX,OAK,646.0,1925,1,76.21,6.69,39.0,0.416,3.2844307338445193,2,"Thin route - reliable, short delay tail",-0.4181383890369301,-0.05462688762859617
PHX-SNA,PHX,SNA,338.0,4638,3,79.02,5.4,35.0,0.474,3.6663307443019684,0,"Trunk route - multi-carrier, unreliable",-0.3285328152620251,1.8099326886883693
PIT-ATL,PIT,ATL,526.0,2754,2,89.89,-6.97,15.0,2.179,3.439963935920905,2,"Thin route - reliable, short delay tail",-2.4001193554119284,1.38610663929534
PIT-FLL,PIT,FLL,994.0,1105,3,79.55,5.47,35.0,2.896,3.0433622780211294,2,"Thin route - reliable, short delay tail",-0.15640595781327923,0.41544971293787575
PIT-MDW,PIT,MDW,402.0,1118,1,79.6,7.18,33.3,1.073,3.0484418035504044,2,"Thin route - reliable, short delay tail",-0.7002109203120542,-0.44863222959945653
PIT-TPA,PIT,TPA,873.0,818,2,79.44,5.55,51.0,0.122,2.912753303671323,2,"Thin route - reliable, short delay tail",-0.5360437134374471,-0.3449664924848053
PNS-DEN,PNS,DEN,1179.0,629,4,66.08,15.5,71.0,0.318,2.798650645445269,1,"Thin route - long delay tail, high average delay",1.932984295912894,-0.23419049503599693
PNS-HOU,PNS,HOU,488.0,348,1,81.5,1.05,29.0,0.575,2.5415792439465807,2,"Thin route - reliable, short delay tail",-1.703639832162293,-1.2880652252970908
PSP-LAS,PSP,LAS,173.0,742,1,80.76,4.17,36.3,0.539,2.870403905279027,2,"Thin route - reliable, short delay tail",-1.0712008007333127,-0.7154205619177896
PSP-OAK,PSP,OAK,418.0,470,1,85.62,0.87,33.0,0.851,2.6720978579357175,2,"Thin route - reliable, short delay tail",-1.8019630401639541,-0.9724411536518737
PVD-MCO,PVD,MCO,1072.0,1592,2,76.57,7.49,46.3,1.822,3.20194306340165,2,"Thin route - reliable, short delay tail",0.16787870512938616,0.11767065448807867
PVD-MDW,PVD,MDW,842.0,777,1,85.26,0.19,27.0,1.544,2.890421018800914,2,"Thin route - reliable, short delay tail",-1.799505387455282,-0.5334091529995211
RDU-AUS,RDU,AUS,1162.0,521,1,78.76,4.99,35.3,0.576,2.7168377232995247,2,"Thin route - reliable, short delay tail",-1.0973093451424802,-1.1562702907986093
RDU-HOU,RDU,HOU,1050.0,354,1,82.91,-0.74,26.0,0.847,2.5490032620257876,2,"Thin route - reliable, short delay tail",-2.036291210862615,-1.2438080405437244
RDU-MDW,RDU,MDW,632.0,961,1,78.89,5.87,35.3,1.977,2.9827233876685453,2,"Thin route - reliable, short delay tail",-0.5349190850133454,-0.6291586617474944
RIC-BNA,RIC,BNA,527.0,467,2,76.77,7.46,36.0,0.428,2.6693168805661123,2,"Thin route - reliable, short delay tail",-0.5673408666965746,-0.8116373741027683
RNO-BUR,RNO,BUR,374.0,423,1,82.19,3.04,48.0,0.236,2.6263403673750423,2,"Thin route - reliable, short delay tail",-1.1476764487404199,-1.2510834419489036
RNO-SAN,RNO,SAN,488.0,1208,3,71.85,9.6,46.0,1.242,3.082066934285113,0,"Trunk route - multi-carrier, unreliable",0.7215335430448722,0.2881867740316697
RSW-BWI,RSW,BWI,919.0,1413,2,79.72,5.95,35.0,2.194,3.1501421618485588,2,"Thin route - reliable, short delay tail",-0.38794405669262094,0.17711003155652075
RSW-MDW,RSW,MDW,1105.0,1161,1,74.16,11.36,49.7,1.55,3.064832219738574,1,"Thin route - long delay tail, high average delay",0.4398875044120895,-0.780971203807281
SAN-BWI,SAN,BWI,2295.0,1160,1,77.99,2.68,34.0,1.552,3.0644579892269186,3,"Thin route - long-haul, rarely cancels",-1.0455107812786004,-0.5238307161659141
SAN-HOU,SAN,HOU,1313.0,962,1,71.2,8.24,41.6,0.416,2.983175072037813,3,"Thin route - long-haul, rarely cancels",-0.08317631922257061,-0.8646138232727562
SAN-MCO,SAN,MCO,2149.0,1093,2,77.04,2.17,35.1,0.64,3.038620161949703,3,"Thin route - long-haul, rarely cancels",-1.0321779985453505,-0.07284750339762758
SAN-OAK,SAN,OAK,446.0,3203,3,74.33,6.19,45.0,0.968,3.5055569386638217,0,"Trunk route - multi-carrier, unreliable",0.38428576191904673,1.288298457878675
SAN-STL,SAN,STL,1557.0,473,1,74.84,6.0,44.0,0.211,2.6748611407378116,3,"Thin route - long-haul, rarely cancels",-0.6604151099201112,-1.4127834638910246
SAN-TUS,SAN,TUS,367.0,654,1,76.19,8.47,53.0,0.306,2.815577748324267,2,"Thin route - reliable, short delay tail",-0.09340698126371867,-1.1193513625986407
SAT-ATL,SAT,ATL,874.0,2999,3,85.87,1.45,26.2,1.701,3.476976465759527,2,"Thin route - reliable, short delay tail",-1.233565137454437,1.605911193934641
SAT-DAL,SAT,DAL,247.0,2742,1,83.31,2.17,31.0,1.131,3.438067450453494,2,"Thin route - reliable, short delay tail",-1.193592612187332,0.5447503786292042
SAT-MCO,SAT,MCO,1041.0,1054,3,77.33,10.7,45.8,1.613,3.022840610876528,0,"Trunk route - multi-carrier, unreliable",0.3414743592166873,0.18948188900798482
SAT-MDW,SAT,MDW,1036.0,661,1,76.84,7.42,35.0,1.059,2.82020145948564,2,"Thin route - reliable, short delay tail",-0.6203572141953417,-1.0323844952022834
SAT-SAN,SAT,SAN,1129.0,610,1,78.02,4.63,40.6,0.328,2.785329835010767,2,"Thin route - reliable, short delay tail",-0.9494825716970994,-1.047472530097382
SAT-STL,SAT,STL,786.0,548,1,85.74,0.36,25.0,0.0,2.738780558484369,2,"Thin route - reliable, short delay tail",-2.2854713884583227,-0.7724282206143224
SAV-BNA,SAV,BNA,417.0,904,1,80.6,4.99,31.0,0.774,2.9561684304753633,2,"Thin route - reliable, short delay tail",-1.093981292086859,-0.550803703550398
SEA-BWI,SEA,BWI,2335.0,719,2,80.22,-2.17,27.0,0.417,2.8567288903828825,3,"Thin route - long-haul, rarely cancels",-1.9377301907297666,-0.251762059204892
SFO-DEN,SFO,DEN,967.0,5461,3,75.29,7.55,49.0,0.403,3.7372721765355434,0,"Trunk route - multi-carrier, unreliable",0.38588184838506334,1.7010165128690546
SFO-LAS,SFO,LAS,414.0,6118,5,72.67,12.07,61.0,0.654,3.7866094726486597,0,"Trunk route - multi-carrier, unreliable",1.6615167744251491,2.573301578461861
SFO-STL,SFO,STL,1735.0,760,3,64.09,16.37,71.2,0.921,2.8808135922807914,1,"Thin route - long delay tail, high average delay",2.091080421113453,-0.6625672295845257
SJC-AUS,SJC,AUS,1476.0,1121,1,75.04,7.86,38.7,0.268,3.049605612594973,3,"Thin route - long-haul, rarely cancels",-0.5158180349537074,-0.640094979371402
SJC-MDW,SJC,MDW,1838.0,519,1,84.21,-0.96,21.8,0.193,2.7151673578484576,3,"Thin route - long-haul, rarely cancels",-2.47304768358685,-0.8900530407020799
SLC-MDW,SLC,MDW,1259.0,619,1,83.74,-3.1,22.2,0.646,2.791690649020118,2,"Thin route - reliable, short delay tail",-2.343702769961685,-0.6686386604562559
SMF-BUR,SMF,BUR,358.0,2606,1,85.4,-0.01,25.0,1.804,3.415974411376566,2,"Thin route - reliable, short delay tail",-1.5316222433724953,0.5927027446611726
SMF-EUG,SMF,EUG,384.0,365,1,82.97,0.87,29.0,0.0,2.5622928644564746,2,"Thin route - reliable, short delay tail",-1.9373618551974803,-1.1890754339951077
SMF-HNL,SMF,HNL,2462.0,730,3,80.91,1.29,28.0,0.137,2.863322860120456,3,"Thin route - long-haul, rarely cancels",-1.6703109463777617,0.17311817758041126
SMF-LGB,SMF,LGB,387.0,1869,1,85.88,0.78,24.0,0.321,3.271609301378832,2,"Thin route - reliable, short delay tail",-1.9458882797369137,0.34043357030571686
SMF-MCO,SMF,MCO,2408.0,323,1,83.85,-1.83,21.9,0.0,2.509202522331103,3,"Thin route - long-haul, rarely cancels",-2.7180994584797635,-1.34044326672804
SNA-DAL,SNA,DAL,1216.0,364,1,75.42,6.54,31.3,0.549,2.561101383649056,3,"Thin route - long-haul, rarely cancels",-0.9166636722311692,-1.5439027126727776
SNA-DEN,SNA,DEN,846.0,3686,3,83.54,2.24,31.0,0.407,3.566555330883055,0,"Trunk route - multi-carrier, unreliable",-1.1324185417159487,1.7409795868463251
SNA-OAK,SNA,OAK,371.0,2352,2,84.77,-1.69,26.4,0.638,3.371437317404101,2,"Thin route - reliable, short delay tail",-1.7054411174441608,1.0283982331173633
SNA-PHX,SNA,PHX,338.0,4636,3,82.21,5.23,32.0,0.69,3.6661434272915585,0,"Trunk route - multi-carrier, unreliable",-0.6158053842608213,1.8843960352237654
SRQ-BWI,SRQ,BWI,880.0,1250,1,84.06,2.2,31.8,1.6,3.0969100130080562,2,"Thin route - reliable, short delay tail",-1.3558035408637217,-0.21095536984235244
SRQ-STL,SRQ,STL,903.0,349,1,83.29,4.3,33.0,0.287,2.5428254269591797,2,"Thin route - reliable, short delay tail",-1.6488976783403466,-1.3707790949315488
STL-BNA,STL,BNA,272.0,1287,1,82.38,2.58,30.4,0.622,3.1095785469043866,2,"Thin route - reliable, short delay tail",-1.3613803061412788,-0.1348057909784552
STL-CMH,STL,CMH,409.0,675,1,81.67,3.34,33.0,0.296,2.829303772831025,2,"Thin route - reliable, short delay tail",-1.3945581888476113,-0.7550789285913909
STL-DSM,STL,DSM,259.0,402,1,81.7,0.74,30.0,0.498,2.60422605308447,2,"Thin route - reliable, short delay tail",-1.670183885582961,-1.1359090032905275
STL-JAX,STL,JAX,753.0,507,1,78.46,6.81,38.0,0.197,2.705007959333336,2,"Thin route - reliable, short delay tail",-0.907083379003418,-1.1968906675084707
STL-MDW,STL,MDW,251.0,1704,1,80.01,3.87,34.0,1.232,3.2314695904306814,2,"Thin route - reliable, short delay tail",-0.8037696193125726,0.003594222429838763
STL-MIA,STL,MIA,1068.0,1170,4,82.2,1.06,31.0,0.684,3.0681858617461617,2,"Thin route - reliable, short delay tail",-1.1342347456517547,1.1726321610555064
STL-PHX,STL,PHX,1262.0,2315,5,74.73,13.07,50.2,0.518,3.364550995353972,0,"Trunk route - multi-carrier, unreliable",0.9515491252271706,1.7356717542962294
STL-PIT,STL,PIT,554.0,500,1,79.36,6.52,43.0,0.0,2.6989700043360187,2,"Thin route - reliable, short delay tail",-0.8804315156314617,-1.198563762216159
STL-SAN,STL,SAN,1557.0,473,1,77.28,4.94,35.0,0.211,2.6748611407378116,3,"Thin route - long-haul, rarely cancels",-1.15801283564985,-1.286195402313524
STL-SFO,STL,SFO,1735.0,761,3,60.26,23.6,89.0,0.788,2.8813846567705728,1,"Thin route - long delay tail, high average delay",3.3144809077060144,-0.994782092583333
STL-TPA,STL,TPA,869.0,1228,2,80.12,6.35,35.0,0.57,3.089198366805149,2,"Thin route - reliable, short delay tail",-0.7829509532134653,0.10606481403591334
TPA-DAL,TPA,DAL,917.0,1294,1,76.44,7.38,43.0,1.314,3.1119342763326814,2,"Thin route - reliable, short delay tail",-0.1877705850969735,-0.494137009636152
TPA-DEN,TPA,DEN,1506.0,3086,3,81.17,2.8,35.0,0.389,3.4893959217271293,3,"Thin route - long-haul, rarely cancels",-0.9456569303243648,1.4494620993319849
TPA-RDU,TPA,RDU,587.0,1290,3,81.82,3.23,34.6,1.86,3.110589710299249,2,"Thin route - reliable, short delay tail",-0.6414154813545891,0.7076536960968043
TPA-STL,TPA,STL,869.0,1229,2,83.47,1.37,29.0,0.57,3.089551882886454,2,"Thin route - reliable, short delay tail",-1.536234503548046,0.31006515406709695
TUL-AUS,TUL,AUS,426.0,310,1,86.73,-1.24,24.2,0.323,2.4913616938342726,2,"Thin route - reliable, short delay tail",-2.457147393437936,-1.2038333856824892
TUL-BNA,TUL,BNA,515.0,514,1,82.03,2.98,29.9,0.389,2.710963118995276,2,"Thin route - reliable, short delay tail",-1.5707139606888547,-0.9738294885282084
TUL-DAL,TUL,DAL,237.0,1049,1,87.09,-2.45,23.0,1.43,3.020775488193558,2,"Thin route - reliable, short delay tail",-2.103194952061016,-0.10048736027686817
TUL-PHX,TUL,PHX,935.0,1254,3,82.84,7.57,33.4,0.478,3.0982975364946976,2,"Thin route - reliable, short delay tail",-0.8381219211354576,0.6353560568650762
TUL-STL,TUL,STL,351.0,403,1,92.44,-8.33,9.0,1.241,2.6053050461411096,2,"Thin route - reliable, short delay tail",-3.509199813026716,-0.642000170451974
TUS-SAN,TUS,SAN,367.0,654,1,76.15,5.8,54.1,0.459,2.815577748324267,2,"Thin route - reliable, short delay tail",-0.206260794376512,-1.0775119998021971
VPS-BNA,VPS,BNA,389.0,818,1,90.28,-0.69,14.0,0.611,2.912753303671323,2,"Thin route - reliable, short delay tail",-2.724318355714734,-0.22577107486033238
DEN-GSP,DEN,GSP,1278.0,366,3,86.19,0.43,19.9,1.093,2.5634810853944106,2,"Thin route - reliable, short delay tail",-2.0595520771418974,-0.2075678701459004
GSP-DEN,GSP,DEN,1278.0,366,3,81.18,1.87,40.5,1.093,2.5634810853944106,3,"Thin route - long-haul, rarely cancels",-1.031611712557222,-0.46666116250049156
ISP-TPA,ISP,TPA,1034.0,445,3,72.43,10.26,52.0,3.82,2.6483600109809315,1,"Thin route - long delay tail, high average delay",1.2164077668655318,-0.7666524755876146
LIH-LAX,LIH,LAX,2615.0,1578,6,83.78,0.35,25.0,0.57,3.1981069988734014,3,"Thin route - long-haul, rarely cancels",-1.3977993571107206,2.357859191382478
MCO-CLE,MCO,CLE,895.0,2112,4,77.51,8.12,53.0,1.042,3.3246939138617746,0,"Trunk route - multi-carrier, unreliable",0.49712898566460967,1.3222709126863292
MCO-SLC,MCO,SLC,1931.0,1506,4,82.49,4.09,37.0,0.598,3.177824971864682,3,"Thin route - long-haul, rarely cancels",-0.907447531280647,1.2334245416550433
PHL-TPA,PHL,TPA,920.0,2652,3,72.93,12.67,66.0,1.923,3.4235735197327357,0,"Trunk route - multi-carrier, unreliable",1.596917648618609,0.7533018732027253
PIT-SRQ,PIT,SRQ,912.0,340,2,79.76,6.32,34.5,1.176,2.531478917042255,2,"Thin route - reliable, short delay tail",-0.8579673278013183,-1.060042077203166
SAN-PDX,SAN,PDX,933.0,1776,3,83.84,-1.11,24.4,1.014,3.249442961442582,2,"Thin route - reliable, short delay tail",-1.5551783569280522,1.1847576202659094
SEA-MCI,SEA,MCI,1490.0,1131,3,80.18,2.53,36.0,0.884,3.053462604925455,3,"Thin route - long-haul, rarely cancels",-0.9166789782943161,0.5241259559213278
SFO-AUS,SFO,AUS,1504.0,2802,5,74.05,10.68,53.0,0.535,3.4474681309497557,0,"Trunk route - multi-carrier, unreliable",0.9148123958347414,1.9032699123989194
IND-MDW,IND,MDW,162.0,733,1,77.22,4.63,33.0,1.228,2.8651039746411278,2,"Thin route - reliable, short delay tail",-0.6950550233493457,-0.7983314494925486
LAX-MCO,LAX,MCO,2218.0,3554,5,76.93,9.0,43.0,0.619,3.550717423469283,0,"Trunk route - multi-carrier, unreliable",0.26161085439661375,2.208849739715085
MIA-MCO,MIA,MCO,192.0,3765,3,72.7,14.12,65.0,0.93,3.5757649805367193,0,"Trunk route - multi-carrier, unreliable",1.6329855417783314,1.1267043724281531
SRQ-IND,SRQ,IND,876.0,351,2,71.92,13.58,69.0,0.57,2.545307116465824,1,"Thin route - long delay tail, high average delay",1.0197425986548,-1.5333029965222518
TPA-PHL,TPA,PHL,920.0,2651,3,74.47,14.63,67.8,2.112,3.4234097277330933,0,"Trunk route - multi-carrier, unreliable",1.7013986842396762,0.7227362680299355
TPA-SAN,TPA,SAN,2087.0,642,2,75.24,3.1,38.3,0.467,2.807535028068853,3,"Thin route - long-haul, rarely cancels",-0.8673916859494541,-0.6086297208038548
ATL-DFW,ATL,DFW,731.0,6689,6,73.96,15.05,62.0,2.571,3.8253611959526332,0,"Trunk route - multi-carrier, unreliable",2.339929568459208,3.0010664089909826
ANC-SEA,ANC,SEA,1448.0,6656,3,86.06,-3.16,23.0,0.871,3.8232133132826673,0,"Trunk route - multi-carrier, unreliable",-1.789974603740355,2.413853120496092
SAT-SLC,SAT,SLC,1087.0,1009,1,86.66,-0.83,22.4,0.892,3.0038911662369103,2,"Thin route - reliable, short delay tail",-2.2425592614928753,-0.2232161275397179
DTW-SLC,DTW,SLC,1481.0,1558,2,79.76,6.6,41.0,0.128,3.1925674533365456,3,"Thin route - long-haul, rarely cancels",-0.7384259460894576,0.2303819930559096
DFW-LAX,DFW,LAX,1235.0,6235,4,73.0,10.92,58.0,2.342,3.7948364578145615,0,"Trunk route - multi-carrier, unreliable",1.5986330279494694,2.0436935752756367
ATL-BTV,ATL,BTV,961.0,391,1,75.59,5.43,45.0,1.79,2.5921767573958667,2,"Thin route - reliable, short delay tail",-0.30376292149796885,-1.5649520141784963
ATL-JAN,ATL,JAN,340.0,1956,1,84.68,0.76,30.0,1.431,3.291368850451583,2,"Thin route - reliable, short delay tail",-1.4246031424906969,0.2882872183763149
ATL-ELP,ATL,ELP,1282.0,724,1,79.52,5.67,36.3,1.934,2.859738566197147,2,"Thin route - reliable, short delay tail",-0.732706566821341,-0.9226442551573621
CVG-RSW,CVG,RSW,879.0,671,2,85.13,-1.08,26.4,0.894,2.826722520168992,2,"Thin route - reliable, short delay tail",-1.9293087057883265,-0.14078952400384542
EWR-SLC,EWR,SLC,1969.0,1337,2,77.81,8.64,48.0,2.094,3.1261314072619846,3,"Thin route - long-haul, rarely cancels",0.08470683169706647,-0.1301660731838316
IAD-SEA,IAD,SEA,2305.0,1851,3,77.68,4.79,39.0,1.026,3.267406418752904,3,"Thin route - long-haul, rarely cancels",-0.5040059026455593,0.7804181940287414
LGA-MCO,LGA,MCO,950.0,5216,5,70.47,14.82,74.4,4.237,3.717337582723864,0,"Trunk route - multi-carrier, unreliable",3.0854101013636703,2.090564107340132
MCO-LGA,MCO,LGA,950.0,5216,5,68.11,18.5,83.0,3.93,3.717337582723864,0,"Trunk route - multi-carrier, unreliable",3.6723140493532984,1.9239753425115065
PVD-ATL,PVD,ATL,903.0,1134,1,85.69,-1.75,29.4,2.734,3.0546130545568877,2,"Thin route - reliable, short delay tail",-1.5703641609896564,-0.2079648509635137
MSP-ATL,MSP,ATL,907.0,3497,3,82.21,2.35,35.0,0.543,3.5436956323092446,0,"Trunk route - multi-carrier, unreliable",-0.9040315608813315,1.631772205293786
JFK-ATL,JFK,ATL,760.0,4249,3,76.48,8.31,55.0,2.589,3.6282867310895144,0,"Trunk route - multi-carrier, unreliable",0.9981757826310954,1.3920835621012069
ATL-JFK,ATL,JFK,760.0,4241,3,75.37,11.53,61.0,2.57,3.62746827245971,0,"Trunk route - multi-carrier, unreliable",1.4550097997411502,1.2644629820633564
SLC-DFW,SLC,DFW,989.0,3866,4,78.84,9.57,45.0,2.431,3.5872618496925344,0,"Trunk route - multi-carrier, unreliable",0.6908034290916166,1.8570082451696641
ATL-ORF,ATL,ORF,516.0,2941,2,78.89,7.12,39.0,1.496,3.468495024507069,0,"Trunk route - multi-carrier, unreliable",-0.11032217626564618,0.816541022850895
EYW-ATL,EYW,ATL,646.0,1460,1,85.53,2.38,35.0,1.712,3.164352855784437,2,"Thin route - reliable, short delay tail",-1.2829626026570395,-0.056273361514341196
MYR-ATL,MYR,ATL,317.0,1513,1,88.27,-4.19,21.0,1.983,3.179838928023187,2,"Thin route - reliable, short delay tail",-2.186740080059226,0.27191653026592105
EWR-MSP,EWR,MSP,1008.0,2220,4,79.59,8.11,52.0,4.279,3.346352974450639,0,"Trunk route - multi-carrier, unreliable",1.047366295506891,1.3013824851946592
MSP-EWR,MSP,EWR,1008.0,2220,4,78.38,5.41,54.0,4.279,3.346352974450639,0,"Trunk route - multi-carrier, unreliable",1.011290967209332,1.3213104039563277
MCI-DTW,MCI,DTW,629.0,1342,4,87.89,-3.65,23.0,1.267,3.1277525158329733,2,"Thin route - reliable, short delay tail",-1.8749390862856814,1.5651320727306388
GNV-ATL,GNV,ATL,300.0,1591,1,87.12,-1.79,27.0,1.823,3.2016701796465816,2,"Thin route - reliable, short delay tail",-1.8030782858969197,0.21247974295225935
MSP-IND,MSP,IND,503.0,1245,2,80.19,2.49,37.0,0.643,3.095169351431755,2,"Thin route - reliable, short delay tail",-0.9187819018610901,0.21221515781880804
ATL-CHS,ATL,CHS,259.0,3221,2,83.21,4.2,31.0,1.739,3.5079907248196913,2,"Thin route - reliable, short delay tail",-0.7397259207694594,1.102449747590925
CHS-ATL,CHS,ATL,259.0,3221,2,89.55,-3.37,17.0,1.801,3.5079907248196913,2,"Thin route - reliable, short delay tail",-2.0958423804355437,1.4650015499563782
DTW-PWM,DTW,PWM,668.0,613,3,82.51,3.88,37.0,0.816,2.787460474518415,2,"Thin route - reliable, short delay tail",-0.9692666580790555,0.05555244422083689
CLT-ATL,CLT,ATL,226.0,4382,4,82.23,3.17,40.8,1.826,3.6416723732246865,0,"Trunk route - multi-carrier, unreliable",-0.11085129649342022,2.2692054372151387
CLT-DTW,CLT,DTW,500.0,3509,5,82.04,4.05,40.0,1.681,3.5451833682154064,0,"Trunk route - multi-carrier, unreliable",-0.03019629529844813,2.5162232570837935
FLL-JFK,FLL,JFK,1069.0,3888,2,70.37,14.46,71.0,4.192,3.589726256254237,1,"Thin route - long delay tail, high average delay",2.470507057369835,0.415911473841316
MSP-FLL,MSP,FLL,1487.0,711,1,81.92,2.18,34.0,1.547,2.851869600729766,3,"Thin route - long-haul, rarely cancels",-1.3395584502667546,-0.8124917390815322
BDL-MSP,BDL,MSP,1050.0,832,1,83.31,1.66,32.0,2.404,2.920123326290724,2,"Thin route - reliable, short delay tail",-1.240422497483209,-0.6152388876546883
JFK-PBI,JFK,PBI,1028.0,2205,2,74.59,8.49,64.0,4.444,3.3434085938038574,1,"Thin route - long delay tail, high average delay",1.5238781457578974,0.1534045607365735
PBI-JFK,PBI,JFK,1028.0,2206,2,74.19,14.52,74.0,4.17,3.343605508104172,1,"Thin route - long delay tail, high average delay",2.1627235526058484,-0.03583051925088375
JFK-MCO,JFK,MCO,944.0,4844,3,74.12,10.12,61.0,3.324,3.6852041344710145,0,"Trunk route - multi-carrier, unreliable",1.6240082184247668,1.3506146029623636
SLC-PHL,SLC,PHL,1927.0,818,2,84.59,0.56,27.3,2.078,2.912753303671323,3,"Thin route - long-haul, rarely cancels",-1.6124286456369359,-0.1349180450678935
SLC-EWR,SLC,EWR,1969.0,1337,2,80.17,5.2,39.0,2.393,3.1261314072619846,3,"Thin route - long-haul, rarely cancels",-0.4983946332754829,0.03444385820945204
ORD-SEA,ORD,SEA,1721.0,5558,4,68.25,14.31,58.0,1.475,3.744918542441353,0,"Trunk route - multi-carrier, unreliable",1.897209958087841,1.7739899112610358
ATL-TUL,ATL,TUL,674.0,1576,1,84.8,1.09,30.0,2.221,3.1975562131535367,2,"Thin route - reliable, short delay tail",-1.3194484231130352,0.04041431546424735
TPA-SLC,TPA,SLC,1888.0,368,2,89.37,-4.47,15.0,0.272,2.5658478186735176,3,"Thin route - long-haul, rarely cancels",-3.1940081132962392,-0.512724057404059
ATL-SFO,ATL,SFO,2139.0,3352,3,69.91,11.67,56.0,0.686,3.525304009958239,0,"Trunk route - multi-carrier, unreliable",1.0594254290299507,0.9355233437707082
BUF-ATL,BUF,ATL,712.0,1520,3,80.09,4.22,40.0,2.171,3.1818435879447726,2,"Thin route - reliable, short delay tail",-0.2182932475990673,0.7457331657896874
SEA-ORD,SEA,ORD,1721.0,5551,4,75.59,10.17,52.0,1.297,3.7443712273318606,0,"Trunk route - multi-carrier, unreliable",0.8509903507029906,2.036896393886494
LGA-JAX,LGA,JAX,834.0,631,2,73.28,8.57,66.6,5.547,2.8000293592441343,1,"Thin route - long delay tail, high average delay",1.7696257238762143,-1.0202557347401038
ATL-PHL,ATL,PHL,666.0,5749,6,75.06,12.61,56.0,3.201,3.759592308645975,0,"Trunk route - multi-carrier, unreliable",2.061607749437666,2.962420253606221
MEM-ATL,MEM,ATL,332.0,3422,3,86.55,-0.57,26.6,2.046,3.5342800052050816,2,"Thin route - reliable, short delay tail",-1.223375763938131,1.8068177753645231
ATL-LIT,ATL,LIT,453.0,2294,1,85.27,0.84,30.0,1.962,3.360593413565249,2,"Thin route - reliable, short delay tail",-1.3327621601613084,0.4134260434716206
ATL-MSP,ATL,MSP,907.0,3518,3,80.21,4.92,35.0,0.483,3.5462958351214424,0,"Trunk route - multi-carrier, unreliable",-0.5888175819438647,1.5499743901577203
SMF-MSP,SMF,MSP,1517.0,591,1,92.5,-7.43,8.4,0.677,2.7715874808812555,2,"Thin route - reliable, short delay tail",-3.7188406306943764,-0.3907272774224167
CHS-MSP,CHS,MSP,1087.0,318,1,80.51,9.9,43.6,1.572,2.5024271199844326,2,"Thin route - reliable, short delay tail",-0.5247960679373495,-1.7447943739889573
MSP-SAN,MSP,SAN,1532.0,1303,1,78.3,2.76,36.0,0.767,3.1149444157125847,3,"Thin route - long-haul, rarely cancels",-1.0511385932357715,-0.344527003454146
ATL-ICT,ATL,ICT,782.0,1150,1,85.97,-1.1,24.0,1.304,3.060697840353612,2,"Thin route - reliable, short delay tail",-1.9991329369269233,-0.11318269528166039
MSP-MIA,MSP,MIA,1501.0,1129,2,82.9,-0.59,30.0,0.886,3.052693941924968,3,"Thin route - long-haul, rarely cancels",-1.6403480206286414,0.19736851031861413
MSP-BOI,MSP,BOI,1142.0,783,1,79.9,4.65,35.0,0.511,2.8937617620579434,2,"Thin route - reliable, short delay tail",-1.1580662999914009,-0.7609340707992498
DTW-PHL,DTW,PHL,453.0,2953,7,78.85,8.46,56.0,3.251,3.4702634469650784,0,"Trunk route - multi-carrier, unreliable",1.5624796470385307,3.017678365684019
ATL-GSP,ATL,GSP,153.0,2818,1,83.86,1.91,31.0,1.632,3.4499409887733377,2,"Thin route - reliable, short delay tail",-1.1183055736702132,0.5762652336768163
ATL-CAE,ATL,CAE,192.0,1814,2,83.47,3.88,35.6,1.488,3.2586372827240764,2,"Thin route - reliable, short delay tail",-0.8059659343716141,0.585711235806807
HSV-ATL,HSV,ATL,151.0,2236,2,89.18,-5.21,19.0,1.968,3.3494717992143856,2,"Thin route - reliable, short delay tail",-2.1457090860465007,1.1616094521513451
ATL-ILM,ATL,ILM,377.0,1149,1,84.27,0.24,34.0,0.957,3.060320028688285,2,"Thin route - reliable, short delay tail",-1.5292235436300239,-0.19638613865956567
JAX-ATL,JAX,ATL,269.0,4046,2,84.67,3.08,32.0,1.656,3.607025878434786,2,"Thin route - reliable, short delay tail",-0.8833105612016257,1.349617896973408
ATL-ECP,ATL,ECP,240.0,2428,1,83.74,2.51,29.0,1.936,3.38524868240322,2,"Thin route - reliable, short delay tail",-1.0905555657630388,0.4264414169212889
ECP-ATL,ECP,ATL,240.0,2428,1,85.78,0.44,29.4,2.018,3.38524868240322,2,"Thin route - reliable, short delay tail",-1.3584291546218075,0.5006583698371357
VPS-ATL,VPS,ATL,250.0,2393,1,84.24,1.61,32.0,2.048,3.378942698613437,2,"Thin route - reliable, short delay tail",-1.0890005376332148,0.4165845935092378
ATL-SDF,ATL,SDF,321.0,2717,1,84.36,2.39,30.0,1.472,3.4340896384178907,2,"Thin route - reliable, short delay tail",-1.220851621409841,0.5413471222530052
ATL-SAV,ATL,SAV,215.0,3037,1,83.23,3.16,30.0,1.548,3.4824447919182653,2,"Thin route - reliable, short delay tail",-1.0280219294266608,0.6101052499148814
JFK-DEN,JFK,DEN,1626.0,1560,3,72.72,8.54,59.0,2.821,3.1931245983544616,0,"Trunk route - multi-carrier, unreliable",1.1533141234042976,0.32527759257080596
SLC-PIT,SLC,PIT,1660.0,363,1,84.96,-0.62,20.2,1.102,2.5599066250361124,3,"Thin route - long-haul, rarely cancels",-2.373485946777129,-1.2044346248681037
MSP-PDX,MSP,PDX,1426.0,1543,2,82.84,1.24,28.0,0.648,3.188365926063148,3,"Thin route - long-haul, rarely cancels",-1.5542577700133162,0.4632549641332713
SLC-ATL,SLC,ATL,1590.0,2972,2,86.65,-1.6,22.0,0.572,3.4730488050885375,3,"Thin route - long-haul, rarely cancels",-2.1296998467835007,1.2027972059746945
TPA-SEA,TPA,SEA,2520.0,975,2,75.0,6.22,38.0,0.923,2.989004615698537,3,"Thin route - long-haul, rarely cancels",-0.5378859746787062,-0.3524271628906194
FLL-ATL,FLL,ATL,581.0,7260,4,71.39,13.27,68.0,2.438,3.8609366207000937,0,"Trunk route - multi-carrier, unreliable",2.297999773184516,2.083555219166914
SRQ-LGA,SRQ,LGA,1047.0,547,2,74.46,28.17,76.0,5.85,2.737987326333431,1,"Thin route - long delay tail, high average delay",3.2616613014539433,-1.6173285718665864
SNA-SLC,SNA,SLC,588.0,1856,4,86.7,2.57,26.9,0.647,3.268577971882843,2,"Thin route - reliable, short delay tail",-1.3409594389363635,1.7005348389577444
ATL-OMA,ATL,OMA,821.0,1788,2,80.42,4.82,38.0,1.566,3.2523675144598987,2,"Thin route - reliable, short delay tail",-0.5280992592804373,0.4293738013292759
BIL-MSP,BIL,MSP,748.0,365,1,91.97,-4.15,7.0,0.822,2.5622928644564746,2,"Thin route - reliable, short delay tail",-3.420337768973356,-0.8294641776113452
ATL-HPN,ATL,HPN,781.0,717,1,77.5,7.72,46.2,2.65,2.8555191556678,2,"Thin route - reliable, short delay tail",0.06641533851774153,-1.0588452164948772
DTW-BOS,DTW,BOS,632.0,2580,4,74.28,10.18,64.0,2.326,3.41161970596323,0,"Trunk route - multi-carrier, unreliable",1.5487656892875836,1.3062759883863944
ATL-AGS,ATL,AGS,143.0,636,2,80.32,13.67,42.0,2.516,2.803457115648414,2,"Thin route - reliable, short delay tail",0.33242332853146644,-0.674758170326277
MSP-BZN,MSP,BZN,874.0,805,1,79.57,2.84,36.0,0.621,2.9057958803678687,2,"Thin route - reliable, short delay tail",-1.1556092429079565,-0.693922051343184
SLC-SAT,SLC,SAT,1087.0,1008,1,84.58,1.92,25.0,0.794,3.0034605321095067,2,"Thin route - reliable, short delay tail",-1.850360729178966,-0.33267154473642535
LGA-CVG,LGA,CVG,585.0,314,3,71.38,14.9,72.1,3.185,2.496929648073215,1,"Thin route - long delay tail, high average delay",2.0062632161690472,-1.2702788891261143
IAH-SLC,IAH,SLC,1195.0,1949,3,83.04,4.32,34.0,0.462,3.2898118391176214,2,"Thin route - reliable, short delay tail",-1.026487692177585,1.0731688035790108
BOS-CHS,BOS,CHS,818.0,1140,3,77.68,6.12,52.0,2.281,3.0569048513364727,0,"Trunk route - multi-carrier, unreliable",0.37198801346549254,0.314721125228881
DTW-MSP,DTW,MSP,528.0,1914,2,78.54,7.87,44.0,0.679,3.281941933440825,2,"Thin route - reliable, short delay tail",-0.16503295240441618,0.403927395062634
ATL-MSN,ATL,MSN,707.0,1029,1,84.41,2.53,29.0,2.138,3.012415374762433,2,"Thin route - reliable, short delay tail",-1.316145522500349,-0.3683514342694867
CVG-SLC,CVG,SLC,1450.0,822,1,85.56,3.3,24.0,0.487,2.9148718175400505,3,"Thin route - long-haul, rarely cancels",-2.0229554416319617,-0.5371775637753906
DTW-RDU,DTW,RDU,501.0,1499,3,84.05,1.02,30.0,1.734,3.1758016328482794,2,"Thin route - reliable, short delay tail",-1.073924781292921,0.9686360804371986
DFW-DTW,DFW,DTW,986.0,3490,5,75.5,12.05,61.0,2.063,3.5428254269591797,0,"Trunk route - multi-carrier, unreliable",1.5794147907982294,2.0365971680604207
RSW-MSP,RSW,MSP,1416.0,1211,1,80.42,6.92,48.6,1.321,3.0831441431430524,3,"Thin route - long-haul, rarely cancels",-0.46763477329345604,-0.5491819135640308
SLC-IND,SLC,IND,1355.0,364,1,83.33,3.16,37.1,1.099,2.561101383649056,2,"Thin route - reliable, short delay tail",-1.4979620831501534,-1.3983209960439325
LGA-MSP,LGA,MSP,1020.0,1848,2,83.04,2.15,39.0,2.922,3.2667019668840878,2,"Thin route - reliable, short delay tail",-0.5972955909555228,0.49610382441677653
MSP-PSC,MSP,PSC,1254.0,365,2,69.15,17.7,60.6,0.274,2.5622928644564746,1,"Thin route - long delay tail, high average delay",1.1684600716730096,-1.5977563572253768
PBI-LGA,PBI,LGA,1035.0,3208,4,68.76,18.83,79.0,4.458,3.506234359612126,1,"Thin route - long delay tail, high average delay",3.4207505818931914,1.0227561874196165
CMH-LAX,CMH,LAX,1995.0,464,5,78.21,10.04,55.2,1.078,2.6665179805548807,3,"Thin route - long-haul, rarely cancels",0.34656584055853745,0.3228970968307035
JFK-SFO,JFK,SFO,2586.0,6770,4,73.39,7.73,59.0,2.23,3.8305886686851442,0,"Trunk route - multi-carrier, unreliable",1.1528158794456063,2.078061042932084
JFK-BOS,JFK,BOS,187.0,5676,3,73.23,11.78,73.0,4.299,3.7540423867854362,0,"Trunk route - multi-carrier, unreliable",2.4943725967396033,1.3906802487732817
JFK-LAS,JFK,LAS,2248.0,3713,4,80.34,-0.39,40.0,2.532,3.569724949226159,3,"Thin route - long-haul, rarely cancels",-0.4135543893764244,1.982366055395078
PSE-MCO,PSE,MCO,1178.0,617,2,90.3,-7.52,13.3,1.297,2.7902851640332416,2,"Thin route - reliable, short delay tail",-3.0782454121625893,0.06221027172867908
PBI-HPN,PBI,HPN,1056.0,1667,1,73.17,11.55,58.0,3.239,3.2219355998280053,1,"Thin route - long delay tail, high average delay",1.208183518922654,-0.5859314056783488
ORD-JFK,ORD,JFK,740.0,2073,5,73.57,14.24,73.0,4.631,3.3165993020938607,0,"Trunk route - multi-carrier, unreliable",2.735652945100042,1.3526501031878462
LAS-JFK,LAS,JFK,2248.0,3709,4,81.73,1.94,41.1,2.669,3.5692568333286103,0,"Trunk route - multi-carrier, unreliable",-0.3031029183630268,1.9472011480352498
BOS-MKE,BOS,MKE,860.0,741,3,82.71,0.38,41.4,3.104,2.869818207979328,2,"Thin route - reliable, short delay tail",-0.5746260122707141,0.18320196737689903
CHS-FLL,CHS,FLL,470.0,508,2,70.53,14.01,76.9,2.953,2.7058637122839193,1,"Thin route - long delay tail, high average delay",2.04299010657644,-1.333764634676653
MKE-BOS,MKE,BOS,860.0,740,3,72.07,7.54,62.0,3.108,2.8692317197309762,1,"Thin route - long delay tail, high average delay",1.2751580568448502,-0.2966687138993015
PBI-BDL,PBI,BDL,1133.0,518,1,76.59,10.62,53.7,2.703,2.714329759745233,1,"Thin route - long delay tail, high average delay",0.43085722113332103,-1.5039930284386107
PHL-BOS,PHL,BOS,280.0,4978,4,75.1,10.15,69.0,3.033,3.6970548922725746,0,"Trunk route - multi-carrier, unreliable",1.947550732383697,1.878312644648668
RIC-BOS,RIC,BOS,473.0,1696,2,77.73,9.0,57.0,3.361,3.229425847920695,0,"Trunk route - multi-carrier, unreliable",0.9241691270208755,0.09193931437544504
JFK-SAN,JFK,SAN,2446.0,2415,3,79.2,-0.56,39.0,2.484,3.382917135087531,3,"Thin route - long-haul, rarely cancels",-0.6227917889302015,1.097343407579689
DCA-JFK,DCA,JFK,213.0,2488,2,77.22,6.59,51.0,5.225,3.3958503760187813,0,"Trunk route - multi-carrier, unreliable",1.1800527766859592,0.4757214243833936
PVD-PBI,PVD,PBI,1148.0,425,2,76.03,9.89,46.0,2.824,2.6283889300503116,1,"Thin route - long delay tail, high average delay",0.3560557794265526,-1.150244354475932
PBI-BOS,PBI,BOS,1197.0,2152,3,65.59,20.94,86.0,3.625,3.3328422669943514,1,"Thin route - long delay tail, high average delay",3.5632217941782076,0.055097418462690964
RDU-JFK,RDU,JFK,427.0,2343,2,75.49,9.8,58.0,4.738,3.369772288596963,1,"Thin route - long delay tail, high average delay",1.5583971753649701,0.27610597639550294
BDL-SJU,BDL,SJU,1666.0,966,2,60.77,33.78,99.3,1.967,2.9849771264154934,1,"Thin route - long delay tail, high average delay",4.4156457464969545,-1.5607326957979109
RSW-JFK,RSW,JFK,1074.0,1279,2,77.65,7.59,55.0,4.457,3.106870544478654,1,"Thin route - long delay tail, high average delay",0.8912826849725916,-0.20013211327600308
EWR-LAX,EWR,LAX,2454.0,4845,4,72.2,12.92,69.0,2.25,3.6852937813867843,0,"Trunk route - multi-carrier, unreliable",1.8272753643550996,1.5953883923156156
BOS-PIT,BOS,PIT,496.0,2156,2,77.99,4.77,55.0,2.968,3.3336487565147013,0,"Trunk route - multi-carrier, unreliable",0.5124920759009328,0.42050665294440076
BOS-ORF,BOS,ORF,468.0,474,3,86.78,-2.39,22.0,1.055,2.6757783416740852,2,"Thin route - reliable, short delay tail",-2.075594256879834,0.1425582858222685
BUF-JFK,BUF,JFK,301.0,1217,1,77.33,10.67,75.4,5.588,3.085290578230065,1,"Thin route - long delay tail, high average delay",1.8950796987362502,-0.9019149861336396
RDU-SJU,RDU,SJU,1432.0,467,3,71.33,23.54,78.0,1.927,2.6693168805661123,1,"Thin route - long delay tail, high average delay",2.392284697101927,-1.1637952061799315
RSW-EWR,RSW,EWR,1068.0,1986,3,79.63,6.8,58.0,1.964,3.2979792441593623,0,"Trunk route - multi-carrier, unreliable",0.40806074918897073,0.7789819391293493
BQN-FLL,BQN,FLL,982.0,378,1,70.65,19.31,76.6,1.852,2.5774917998372255,1,"Thin route - long delay tail, high average delay",1.854320044238447,-2.185486295541038
ORH-FLL,ORH,FLL,1211.0,319,1,65.06,22.52,88.9,1.881,2.503790683057181,1,"Thin route - long delay tail, high average delay",2.768621394774904,-2.6055597389110954
SAV-BOS,SAV,BOS,901.0,1044,4,69.6,16.85,72.0,2.874,3.0187004986662433,1,"Thin route - long delay tail, high average delay",2.50009129457003,0.1881587876800259
EWR-FLL,EWR,FLL,1065.0,4721,3,75.66,8.23,57.1,3.643,3.674034000431255,0,"Trunk route - multi-carrier, unreliable",1.3244691665398283,1.4010877116009657
BOS-PQI,BOS,PQI,332.0,365,1,65.17,16.99,86.0,2.466,2.5622928644564746,1,"Thin route - long delay tail, high average delay",2.60822240634933,-2.2989141336464933
PHL-FLL,PHL,FLL,993.0,3507,4,72.71,10.73,63.0,3.023,3.5449357658815024,0,"Trunk route - multi-carrier, unreliable",1.8370284459315818,1.4954476543206323
JFK-SEA,JFK,SEA,2422.0,2906,3,70.19,9.67,52.0,3.2,3.4632956099620027,0,"Trunk route - multi-carrier, unreliable",1.3080546025083477,0.7806785266256827
JFK-PWM,JFK,PWM,273.0,398,2,74.54,10.04,85.0,4.271,2.5998830720736876,1,"Thin route - long delay tail, high average delay",1.9726560029420124,-1.4762826688178328
SRQ-BOS,SRQ,BOS,1220.0,686,4,68.72,23.14,81.2,2.915,2.8363241157067516,1,"Thin route - long delay tail, high average delay",3.122190570083512,-0.41864724097738537
SLC-JFK,SLC,JFK,1990.0,1931,2,82.6,-2.29,36.3,2.279,3.285782273779395,3,"Thin route - long-haul, rarely cancels",-1.229644326451721,0.578826796800515
SYR-BOS,SYR,BOS,265.0,474,2,83.15,2.51,34.8,2.321,2.6757783416740852,2,"Thin route - reliable, short delay tail",-0.9447877104516761,-0.6110938476292436
ORH-MCO,ORH,MCO,1091.0,362,1,76.49,14.03,58.2,1.381,2.558708570533166,1,"Thin route - long delay tail, high average delay",0.42749807965513253,-1.879887049736768
MCO-ORH,MCO,ORH,1091.0,362,1,90.73,-2.69,13.0,1.105,2.558708570533166,2,"Thin route - reliable, short delay tail",-3.0582531283994028,-0.9658597022198991
PHX-BOS,PHX,BOS,2300.0,2015,3,76.58,9.69,47.4,1.787,3.3042750504771283,3,"Thin route - long-haul, rarely cancels",0.3246483434985437,0.65559978111522
FLL-ISP,FLL,ISP,1092.0,406,3,71.07,12.97,68.7,2.217,2.6085260335771943,1,"Thin route - long delay tail, high average delay",1.5501300558351856,-0.9954822984910201
BQN-JFK,BQN,JFK,1576.0,469,1,80.79,4.46,34.6,2.772,2.6711728427150834,3,"Thin route - long-haul, rarely cancels",-0.8852912631836407,-1.298817597105493
SJU-RDU,SJU,RDU,1432.0,467,3,82.49,4.48,45.0,1.713,2.6693168805661123,3,"Thin route - long-haul, rarely cancels",-0.6772566557280015,-0.3417393637824972
MSP-ANC,MSP,ANC,2519.0,781,2,75.35,12.45,44.0,0.384,2.8926510338773004,3,"Thin route - long-haul, rarely cancels",-0.14827093300808591,-0.6944584049815595
MSP-CLE,MSP,CLE,622.0,645,2,83.44,1.0,32.1,0.775,2.8095597146352675,2,"Thin route - reliable, short delay tail",-1.5012389229248755,-0.26332768385733496
SEA-MCO,SEA,MCO,2554.0,1820,2,81.84,0.25,29.0,0.714,3.2600713879850747,3,"Thin route - long-haul, rarely cancels",-1.6533363059550799,0.513145563316171
LGA-DFW,LGA,DFW,1389.0,6700,4,70.95,13.19,72.0,4.94,3.8260748027008264,0,"Trunk route - multi-carrier, unreliable",2.867486454829674,1.8363859673021532
HNL-SEA,HNL,SEA,2677.0,2937,3,75.39,10.26,43.0,0.885,3.4679039465228003,3,"Thin route - long-haul, rarely cancels",0.1354301122294252,0.9847121674084268
LIH-SEA,LIH,SEA,2700.0,1094,2,83.8,-2.63,27.3,1.92,3.039017321997412,3,"Thin route - long-haul, rarely cancels",-1.8763332790721703,0.11762018605133401
ANC-MSP,ANC,MSP,2519.0,781,2,83.66,9.64,29.0,0.512,2.8926510338773004,3,"Thin route - long-haul, rarely cancels",-1.3462764593931813,-0.38905646006482447
OGG-SEA,OGG,SEA,2639.0,1809,3,80.2,-1.49,34.0,1.382,3.257438566859814,3,"Thin route - long-haul, rarely cancels",-1.2296006225582463,0.9303543151457905
LAX-OGG,LAX,OGG,2485.0,2148,6,82.96,-0.63,28.0,0.466,3.332034277027518,3,"Thin route - long-haul, rarely cancels",-1.2717929947935656,2.630559350943788
LAX-CVG,LAX,CVG,1900.0,354,2,83.05,0.87,27.3,1.695,2.5490032620257876,3,"Thin route - long-haul, rarely cancels",-1.7006006479805407,-0.8994555176702896
OGG-LAX,OGG,LAX,2485.0,2147,6,81.01,5.51,32.0,0.745,3.331832044436249,3,"Thin route - long-haul, rarely cancels",-0.5366275185923798,2.4332663393355682
SEA-MIA,SEA,MIA,2724.0,1210,3,78.36,2.78,37.0,0.909,3.0827853703164503,3,"Thin route - long-haul, rarely cancels",-0.9117829606367893,0.439788647964609
CLE-ATL,CLE,ATL,554.0,3410,2,84.62,-0.97,29.9,2.258,3.5327543789924976,2,"Thin route - reliable, short delay tail",-1.1441054698580697,1.2523449669836824
CAK-CLT,CAK,CLT,394.0,1415,1,80.61,6.21,57.9,2.12,3.150756439860309,2,"Thin route - reliable, short delay tail",0.08904218043057192,-0.39859212227329077
DFW-AGS,DFW,AGS,874.0,664,3,72.08,18.72,82.0,4.367,2.8221680793680175,1,"Thin route - long delay tail, high average delay",2.8270641479775507,-0.7969299204543611
CVG-DCA,CVG,DCA,411.0,1017,3,63.04,31.53,109.0,5.015,3.0073209529227447,1,"Thin route - long delay tail, high average delay",5.399564763321155,-1.0096329094043375
DFW-HRL,DFW,HRL,461.0,1483,2,84.62,1.93,28.4,2.967,3.1711411510283822,2,"Thin route - reliable, short delay tail",-0.952448232269646,0.44838352481845406
PIT-DCA,PIT,DCA,204.0,1431,4,68.09,15.77,63.0,3.284,3.1556396337597765,1,"Thin route - long delay tail, high average delay",2.566005397234168,0.5666272483185315
CAE-DCA,CAE,DCA,408.0,1092,3,72.44,19.22,70.7,4.762,3.0382226383687185,1,"Thin route - long delay tail, high average delay",2.785608879372657,-0.2575438823114959
PHL-GRR,PHL,GRR,573.0,358,3,80.12,3.43,58.8,4.469,2.5538830266438746,1,"Thin route - long delay tail, high average delay",0.5264619553142831,-0.7095004893936513
HPN-CLT,HPN,CLT,564.0,1341,1,75.02,18.9,85.0,4.4,3.127428777851599,1,"Thin route - long delay tail, high average delay",2.583186895677331,-1.0749550485317938
ALB-DCA,ALB,DCA,318.0,1185,3,67.41,23.06,82.4,5.232,3.0737183503461227,1,"Thin route - long delay tail, high average delay",3.8791443988170666,-0.441120362205344
PHL-MSN,PHL,MSN,764.0,452,3,77.03,6.84,48.0,4.646,2.655138434811382,1,"Thin route - long delay tail, high average delay",0.7609150171790877,-0.5764047333227735
GSP-DCA,GSP,DCA,396.0,1017,4,66.05,22.98,77.5,4.72,3.0073209529227447,1,"Thin route - long delay tail, high average delay",3.835490982454251,-0.07938445513926279
MHT-DCA,MHT,DCA,406.0,1082,1,70.33,19.88,68.3,5.545,3.0342272607705505,1,"Thin route - long delay tail, high average delay",2.823500642398119,-1.2815425527397775
PHL-LEX,PHL,LEX,520.0,398,1,73.25,10.6,73.6,3.015,2.5998830720736876,1,"Thin route - long delay tail, high average delay",1.3370176039409916,-1.8930253163838195
ILM-DCA,ILM,DCA,320.0,880,3,68.1,19.12,78.0,6.591,2.9444826721501687,1,"Thin route - long delay tail, high average delay",3.7059733704280453,-0.6251669884691938
CLT-LEX,CLT,LEX,281.0,1382,1,77.51,5.61,51.0,2.026,3.1405080430381798,2,"Thin route - reliable, short delay tail",0.09808944147884892,-0.40513099498308913
DCA-MHT,DCA,MHT,406.0,1082,1,67.55,15.88,67.0,6.192,3.0342272607705505,1,"Thin route - long delay tail, high average delay",2.8831980284659866,-1.2614131264982429
CLT-MHT,CLT,MHT,738.0,918,1,77.59,7.78,54.3,3.159,2.9628426812012423,1,"Thin route - long delay tail, high average delay",0.44413064105962263,-0.9057649252185748
DFW-XNA,DFW,XNA,280.0,3546,4,77.44,9.88,49.0,2.538,3.549738731264899,0,"Trunk route - multi-carrier, unreliable",1.0481187346759386,1.7748975533486802
XNA-DFW,XNA,DFW,280.0,3541,4,79.14,11.61,54.0,2.655,3.5491259267581112,0,"Trunk route - multi-carrier, unreliable",1.1923661926508737,1.7317402701785802
MYR-DCA,MYR,DCA,372.0,754,4,71.27,19.52,68.4,4.907,2.877371345869774,1,"Thin route - long delay tail, high average delay",2.9540208607036362,-0.12227919982668091
CLT-AVP,CLT,AVP,509.0,980,3,80.75,2.74,41.5,2.143,2.9912260756924947,2,"Thin route - reliable, short delay tail",-0.37921676728479453,0.405012206764042
PNS-CLT,PNS,CLT,488.0,1887,3,83.2,12.4,42.6,2.067,3.2757719001649312,0,"Trunk route - multi-carrier, unreliable",0.21127860731873038,0.8303458110815588
CID-CLT,CID,CLT,742.0,462,2,84.38,12.96,39.6,2.814,2.6646419755561257,2,"Thin route - reliable, short delay tail",-0.17390672268407592,-0.9115885108157145
CLT-CID,CLT,CID,742.0,462,2,72.32,14.1,58.3,2.814,2.6646419755561257,1,"Thin route - long delay tail, high average delay",1.3282018242760483,-1.2797110101249836
BDL-DCA,BDL,DCA,313.0,1708,4,68.14,17.31,77.0,5.562,3.232487866352986,1,"Thin route - long delay tail, high average delay",3.574671792563749,0.519300546161119
DSM-DFW,DSM,DFW,624.0,1438,4,73.38,18.02,83.0,3.755,3.1577588860468637,1,"Thin route - long delay tail, high average delay",2.879950345518274,0.43800179299022857
SAV-PHL,SAV,PHL,630.0,986,4,82.43,8.81,53.0,2.941,2.993876914941211,0,"Trunk route - multi-carrier, unreliable",0.513402639882177,0.682514425414166
DFW-LEX,DFW,LEX,785.0,1214,4,74.94,13.55,68.0,2.554,3.0842186867392387,0,"Trunk route - multi-carrier, unreliable",1.7296830861841541,0.5329691201093353
LEX-DFW,LEX,DFW,785.0,1213,4,76.99,11.87,56.0,2.473,3.083860800866573,0,"Trunk route - multi-carrier, unreliable",1.1223191987543386,0.6871695432848067
PHL-CLE,PHL,CLE,363.0,998,4,76.08,9.89,68.0,4.309,2.999130541287371,1,"Thin route - long delay tail, high average delay",1.833152582294187,0.4336395106280977
PIT-PHL,PIT,PHL,268.0,1207,4,79.17,9.29,54.0,1.74,3.081707270097349,0,"Trunk route - multi-carrier, unreliable",0.6390807263396604,0.8528615138651844
DCA-ALB,DCA,ALB,318.0,1185,3,66.64,20.85,79.0,5.148,3.0737183503461227,1,"Thin route - long delay tail, high average delay",3.6802518351982374,-0.38429233979664723
DCA-MSN,DCA,MSN,707.0,1213,4,70.61,17.42,84.0,4.946,3.083860800866573,1,"Thin route - long delay tail, high average delay",3.3123353020473636,0.19833229328517965
MSN-DCA,MSN,DCA,707.0,1213,4,73.52,16.65,77.6,4.699,3.083860800866573,1,"Thin route - long delay tail, high average delay",2.8096094793902404,0.31770499834987326
ILM-CLT,ILM,CLT,185.0,1820,3,88.15,0.33,24.0,2.088,3.2600713879850747,2,"Thin route - reliable, short delay tail",-1.4302264466890102,1.2842539760428304
DCA-BTR,DCA,BTR,985.0,308,2,71.22,17.67,92.5,9.416,2.4885507165004443,1,"Thin route - long delay tail, high average delay",3.9728846300841667,-2.1884939314386807
CLT-CRW,CLT,CRW,221.0,1142,1,74.75,6.4,57.0,3.59,3.0576661039098294,1,"Thin route - long delay tail, high average delay",0.8608686673359156,-0.725253190017496
DCA-HSV,DCA,HSV,613.0,1317,3,72.06,12.83,73.0,4.1,3.119585774961784,1,"Thin route - long delay tail, high average delay",2.2908858155593146,0.021801209294767566
HPN-DCA,HPN,DCA,234.0,1356,1,61.63,32.86,111.2,6.342,3.1322596895310446,1,"Thin route - long delay tail, high average delay",5.754502668208943,-1.8047449749756475
CLT-ECP,CLT,ECP,437.0,1119,3,77.86,8.6,50.9,1.162,3.04883008652835,0,"Trunk route - multi-carrier, unreliable",0.2955846137550631,0.3233592672348866
DCA-GSP,DCA,GSP,396.0,1018,4,65.6,22.28,96.0,4.42,3.00774777800074,1,"Thin route - long delay tail, high average delay",4.24216072151194,-0.18748385485323624
DFW-MSY,DFW,MSY,448.0,2804,5,68.16,20.36,75.4,2.996,3.447778009294621,0,"Trunk route - multi-carrier, unreliable",3.3510297210383375,1.4555563026681606
OKC-DFW,OKC,DFW,175.0,3169,4,78.85,11.13,56.0,2.966,3.5009222391903005,0,"Trunk route - multi-carrier, unreliable",1.304579228499902,1.62292536868045
DFW-LAW,DFW,LAW,140.0,1072,3,73.86,22.75,74.1,5.131,3.030194785356751,1,"Thin route - long delay tail, high average delay",3.128698127827456,-0.33351215600900974
DCA-GRR,DCA,GRR,524.0,730,3,63.52,25.41,97.3,5.068,2.863322860120456,1,"Thin route - long delay tail, high average delay",4.577688845004255,-1.1020618726199343
MSY-DFW,MSY,DFW,448.0,2808,5,73.18,18.93,73.0,3.17,3.4483971034577676,0,"Trunk route - multi-carrier, unreliable",2.843770991815538,1.5879875363454379
CLT-CVG,CLT,CVG,335.0,1785,3,72.85,12.59,61.0,2.073,3.251638220448212,0,"Trunk route - multi-carrier, unreliable",1.5254081238678199,0.47741942102375984
CLT-MLB,CLT,MLB,490.0,1131,1,78.92,5.69,50.0,2.829,3.053462604925455,2,"Thin route - reliable, short delay tail",0.08589075470685198,-0.5942966969172646
MLB-CLT,MLB,CLT,490.0,1131,1,81.24,8.55,46.0,2.918,3.053462604925455,2,"Thin route - reliable, short delay tail",0.014791500649686878,-0.5866702277375084
PWM-CLT,PWM,CLT,813.0,708,2,82.01,6.97,41.0,1.13,2.850033257689769,2,"Thin route - reliable, short delay tail",-0.6851406049096596,-0.4150810533470618
PHL-ORF,PHL,ORF,212.0,829,2,73.66,16.35,86.6,2.774,2.9185545305502734,1,"Thin route - long delay tail, high average delay",2.299126273785936,-0.9287767376039203
CID-DFW,CID,DFW,685.0,1172,3,77.92,21.12,68.4,2.645,3.068927611682072,1,"Thin route - long delay tail, high average delay",1.9091956581999978,-0.07490181639764638
CLT-RIC,CLT,RIC,257.0,2469,4,76.21,9.07,49.0,1.823,3.3925210899319325,0,"Trunk route - multi-carrier, unreliable",0.8647980387029636,1.471588506039799
RIC-CLT,RIC,CLT,257.0,2470,4,83.22,1.85,39.0,1.943,3.392696953259666,0,"Trunk route - multi-carrier, unreliable",-0.40040261226906787,1.8107596732110027
PHL-TYS,PHL,TYS,555.0,344,2,66.67,21.33,105.4,4.36,2.53655844257153,1,"Thin route - long delay tail, high average delay",3.8320210362972276,-2.142769272329832
GRR-DCA,GRR,DCA,524.0,729,3,67.43,32.97,88.0,3.567,2.8627275283179747,1,"Thin route - long delay tail, high average delay",4.19392445857671,-1.077932877574662
CLT-DCA,CLT,DCA,331.0,2679,2,67.61,16.98,63.5,2.352,3.427972713608209,1,"Thin route - long delay tail, high average delay",2.284510183116916,0.14998274783087315
RDU-DCA,RDU,DCA,227.0,2009,4,62.11,24.05,83.0,5.226,3.3029799367482493,1,"Thin route - long delay tail, high average delay",4.617958796160867,0.39288809230309935
CLT-DSM,CLT,DSM,815.0,809,2,72.8,10.5,52.0,3.09,2.9079485216122722,1,"Thin route - long delay tail, high average delay",1.0301237820922418,-0.6713710796952669
DCA-CLE,DCA,CLE,310.0,1610,4,66.49,20.1,83.3,6.77,3.2068258760318495,1,"Thin route - long delay tail, high average delay",4.326045056743695,0.2998460387528361
PNS-DFW,PNS,DFW,604.0,1723,4,71.94,24.18,83.0,3.482,3.2362852774480286,1,"Thin route - long delay tail, high average delay",3.378381586210151,0.4563726336626167
DCA-ECP,DCA,ECP,769.0,388,3,73.85,11.08,56.0,4.124,2.5888317255942073,1,"Thin route - long delay tail, high average delay",1.3564670380583268,-0.894700173243745
ECP-DCA,ECP,DCA,769.0,388,3,71.51,20.88,84.2,5.412,2.5888317255942073,1,"Thin route - long delay tail, high average delay",3.2406790360750315,-1.3679917207800238
CLT-AVL,CLT,AVL,91.0,810,3,74.65,13.04,59.0,3.21,2.90848501887865,1,"Thin route - long delay tail, high average delay",1.529532211482391,-0.20376782328306445
PHL-PVD,PHL,PVD,237.0,703,3,76.64,11.79,61.9,4.41,2.846955325019824,1,"Thin route - long delay tail, high average delay",1.597434720699611,-0.3365082546990652
CLT-MEM,CLT,MEM,511.0,1741,2,74.97,8.8,53.0,2.125,3.240798771117331,0,"Trunk route - multi-carrier, unreliable",0.7313614867721072,0.1316075893895225
XNA-PHL,XNA,PHL,1067.0,477,3,83.84,14.41,37.3,3.564,2.678518379040114,2,"Thin route - reliable, short delay tail",0.17488471871710662,-0.4786444371882044
ROC-CLT,ROC,CLT,573.0,994,3,81.17,8.54,45.0,1.61,2.997386384397313,2,"Thin route - reliable, short delay tail",-0.05842373144055762,0.2942757527009097
DFW-LFT,DFW,LFT,351.0,1666,3,74.1,16.3,64.0,3.001,3.2216749970707688,1,"Thin route - long delay tail, high average delay",1.9584270259209289,0.31235574498122265
MEM-DCA,MEM,DCA,762.0,1125,4,75.81,10.36,52.6,3.911,3.0511525224473814,0,"Trunk route - multi-carrier, unreliable",1.3444958679152128,0.6096910144039781
CLT-ORF,CLT,ORF,290.0,2470,4,75.17,10.74,61.0,1.538,3.392696953259666,0,"Trunk route - multi-carrier, unreliable",1.303642089618933,1.3443189400256845
ORF-CLT,ORF,CLT,290.0,2470,4,82.49,7.51,48.0,1.822,3.392696953259666,0,"Trunk route - multi-carrier, unreliable",0.24255179862366502,1.6220407086408417
MGM-DFW,MGM,DFW,622.0,1058,3,74.4,25.83,93.9,5.577,3.024485667699167,1,"Thin route - long delay tail, high average delay",3.841590692854498,-0.5842223589713338
TYS-CLT,TYS,CLT,176.0,894,4,79.45,14.96,63.0,2.461,2.951337518795918,0,"Trunk route - multi-carrier, unreliable",1.367404789371595,0.3992604728886548
MSP-CID,MSP,CID,220.0,399,1,74.17,14.41,63.0,1.754,2.6009728956867484,1,"Thin route - long delay tail, high average delay",1.0004820412497866,-1.8175858867303931
DEN-COU,DEN,COU,671.0,310,1,83.28,12.31,52.2,1.613,2.4913616938342726,2,"Thin route - reliable, short delay tail",-0.27775894349823965,-1.7924550320026424
MFE-IAH,MFE,IAH,316.0,689,2,80.38,15.37,39.8,0.726,2.8382192219076257,2,"Thin route - reliable, short delay tail",-0.042537861589677754,-0.5806399873289786
ORD-CAE,ORD,CAE,666.0,514,2,69.76,13.5,64.5,3.307,2.710963118995276,1,"Thin route - long delay tail, high average delay",1.79331773703395,-1.27010324513116
MSO-ORD,MSO,ORD,1332.0,500,3,74.95,12.07,60.0,0.8,2.6989700043360187,1,"Thin route - long delay tail, high average delay",0.6304556569983853,-0.6380225058373467
ORD-SYR,ORD,SYR,607.0,2196,5,74.91,12.34,64.9,2.687,3.3416323357780544,0,"Trunk route - multi-carrier, unreliable",1.8722745435704238,1.5928669097405876
BHM-ORD,BHM,ORD,584.0,1117,4,77.92,9.65,49.5,1.701,3.048053173115609,0,"Trunk route - multi-carrier, unreliable",0.5685776708527811,0.7601603138618298
ORD-MSO,ORD,MSO,1332.0,499,3,79.55,2.04,35.0,0.401,2.6981005456233897,3,"Thin route - long-haul, rarely cancels",-1.1544867018617728,-0.17000938374438485
DTW-SYR,DTW,SYR,374.0,691,3,76.87,9.71,54.8,1.013,2.8394780473741985,2,"Thin route - reliable, short delay tail",0.44273313938886827,-0.16231800550963482
ELP-DFW,ELP,DFW,551.0,2571,4,78.0,15.12,58.0,2.839,3.4101020766428607,0,"Trunk route - multi-carrier, unreliable",1.5673810697887198,1.3002931908150528
COU-DFW,COU,DFW,490.0,1244,3,82.89,7.67,32.0,2.733,3.0948203803548,2,"Thin route - reliable, short delay tail",-0.28210272870729974,0.6018382905505333
SMX-PHX,SMX,PHX,494.0,405,1,84.0,4.62,58.2,1.235,2.6074550232146687,2,"Thin route - reliable, short delay tail",-0.707489686405363,-1.3986320248644308
SEA-IDA,SEA,IDA,566.0,367,1,80.49,4.15,37.4,0.272,2.5646660642520893,2,"Thin route - reliable, short delay tail",-1.267813382302952,-1.3760338751654848
DEN-GTF,DEN,GTF,623.0,728,2,77.76,8.08,54.7,0.549,2.862131379313037,2,"Thin route - reliable, short delay tail",-0.019433220962946005,-0.5491267339968742
ORD-AVP,ORD,AVP,632.0,843,2,73.66,10.63,56.0,2.491,2.9258275746247424,1,"Thin route - long delay tail, high average delay",0.9759350365329993,-0.6154637107141981
ABQ-IAH,ABQ,IAH,744.0,474,2,91.68,-1.17,9.2,1.055,2.6757783416740852,2,"Thin route - reliable, short delay tail",-2.8963772691427243,-0.2073914246209183
IAD-BDL,IAD,BDL,325.0,1077,2,86.45,0.69,21.6,1.857,3.0322157032979815,2,"Thin route - reliable, short delay tail",-1.6466333014608794,0.3139690385315628
FLL-IAH,FLL,IAH,966.0,2816,4,81.16,1.86,43.0,1.207,3.4496326504700745,0,"Trunk route - multi-carrier, unreliable",-0.3952427466202183,1.82899015577897
IAD-SFO,IAD,SFO,2418.0,2729,2,78.73,6.0,43.0,0.806,3.4360035356698964,3,"Thin route - long-haul, rarely cancels",-0.5428142186220627,0.6126091670334783
EWR-DFW,EWR,DFW,1372.0,3603,5,78.88,5.78,54.0,3.303,3.5566642621225686,0,"Trunk route - multi-carrier, unreliable",0.9405293121189839,2.2324098512557504
EWR-MIA,EWR,MIA,1085.0,3952,4,77.6,5.33,49.0,2.758,3.5968169359155904,0,"Trunk route - multi-carrier, unreliable",0.6698443832748733,1.8961891651017138
SAN-ORD,SAN,ORD,1723.0,3869,4,78.14,7.13,44.0,1.318,3.587598729721245,0,"Trunk route - multi-carrier, unreliable",0.18008062904115324,1.8777321790324697
IAD-EWR,IAD,EWR,212.0,1532,2,76.19,14.71,49.0,2.611,3.185258765296585,1,"Thin route - long delay tail, high average delay",1.0684540975228274,-0.045368897927479966
SNA-ORD,SNA,ORD,1726.0,2189,2,76.61,8.07,48.2,1.233,3.3402457615679317,3,"Thin route - long-haul, rarely cancels",0.06877706905972113,0.3427806207182579
PDX-ORD,PDX,ORD,1739.0,2808,3,78.97,6.2,36.0,0.997,3.4483971034577676,3,"Thin route - long-haul, rarely cancels",-0.43264204647404114,1.2116297702051384
EWR-SRQ,EWR,SRQ,1034.0,929,2,78.78,3.74,46.0,2.368,2.968015713993642,2,"Thin route - reliable, short delay tail",-0.22443260031928544,-0.25596789336165526
SFO-EWR,SFO,EWR,2565.0,4371,2,76.94,6.21,60.0,2.036,3.6405808064896528,3,"Thin route - long-haul, rarely cancels",0.39987213214531375,0.8299414223656437
EWR-STL,EWR,STL,872.0,1074,2,83.53,-2.61,39.0,4.842,3.0310042813635367,2,"Thin route - reliable, short delay tail",-0.5829911452218532,0.0722917623762138
ORD-MIA,ORD,MIA,1197.0,4452,4,74.05,10.44,57.0,1.954,3.6485551556626707,0,"Trunk route - multi-carrier, unreliable",1.317300085635476,1.795122879431978
MCO-SFO,MCO,SFO,2446.0,1409,3,78.53,2.79,43.9,0.426,3.1489109931093564,3,"Thin route - long-haul, rarely cancels",-0.7832472050975406,0.5688211444778782
IAH-PHX,IAH,PHX,1009.0,2960,5,79.05,8.39,47.0,0.743,3.4712917110589387,0,"Trunk route - multi-carrier, unreliable",0.3517977841424584,2.16319843019566
IAH-SFO,IAH,SFO,1635.0,3598,1,78.14,4.12,44.0,0.472,3.5560611590095323,3,"Thin route - long-haul, rarely cancels",-0.6457523154053432,0.47443941001850737
SFO-RDU,SFO,RDU,2400.0,887,1,90.0,-6.08,14.1,0.451,2.9479236198317262,3,"Thin route - long-haul, rarely cancels",-3.4070233973351876,-0.20487573616657304
LAS-IAH,LAS,IAH,1222.0,3432,3,84.04,3.03,31.0,0.903,3.535547279176668,0,"Trunk route - multi-carrier, unreliable",-1.0752665285452787,1.6248902268028413
ORD-EWR,ORD,EWR,719.0,6071,5,69.92,18.13,82.0,3.525,3.7832602328729488,0,"Trunk route - multi-carrier, unreliable",3.4504509524579676,2.137128077423129
LAS-EWR,LAS,EWR,2227.0,2926,3,81.81,1.69,44.0,1.777,3.466274321789292,3,"Thin route - long-haul, rarely cancels",-0.6359035500326764,1.2750531805986434
LAX-ORD,LAX,ORD,1744.0,7025,5,76.25,11.21,56.0,1.509,3.8466463285771173,0,"Trunk route - multi-carrier, unreliable",1.2044902443612524,2.6794257216017487
MCO-IAH,MCO,IAH,854.0,3627,3,82.5,0.26,41.0,0.965,3.5595475555804343,0,"Trunk route - multi-carrier, unreliable",-0.7970679789038675,1.6630279321558017
RDU-EWR,RDU,EWR,416.0,1985,3,76.07,11.99,69.0,3.073,3.297760511099134,0,"Trunk route - multi-carrier, unreliable",1.6835599363970017,0.551069201660573
IAH-IAD,IAH,IAD,1190.0,1871,1,81.37,5.16,37.0,0.374,3.27207378750001,2,"Thin route - reliable, short delay tail",-1.073967794862353,0.016383910876798875
CHS-ORD,CHS,ORD,760.0,2106,6,77.72,8.58,43.8,2.517,3.3234583668494677,0,"Trunk route - multi-carrier, unreliable",0.9165438794485393,2.296781831189424
IAD-LAX,IAD,LAX,2288.0,2472,3,83.71,-1.91,27.0,0.769,3.3930484664167784,3,"Thin route - long-haul, rarely cancels",-1.745874040525894,1.374441902992504
EWR-AUS,EWR,AUS,1504.0,2084,3,78.83,3.35,50.0,2.975,3.3188977146274867,0,"Trunk route - multi-carrier, unreliable",0.19806825330776864,0.8654659391180516
IAD-IAH,IAD,IAH,1190.0,1873,1,84.16,-0.73,27.0,0.427,3.2725377773752373,2,"Thin route - reliable, short delay tail",-1.9387383913494287,0.25436889966349246
SMF-ORD,SMF,ORD,1781.0,1342,2,78.96,8.78,41.0,1.416,3.1277525158329733,3,"Thin route - long-haul, rarely cancels",-0.3054121661318574,-0.0255776472499194
IAH-SMF,IAH,SMF,1609.0,676,1,79.53,1.19,39.0,0.148,2.829946695941636,3,"Thin route - long-haul, rarely cancels",-1.4409283393440226,-0.8802503165574342
SAV-EWR,SAV,EWR,708.0,1111,3,78.28,13.95,67.3,3.42,3.0457140589408676,1,"Thin route - long delay tail, high average delay",1.5342661924169887,0.01253407982844684
IAD-MSY,IAD,MSY,955.0,631,3,86.1,-0.29,29.5,0.634,2.8000293592441343,2,"Thin route - reliable, short delay tail",-1.8088327768588588,0.2651169958616108
SAT-IAD,SAT,IAD,1362.0,641,1,93.68,-3.6,7.0,0.624,2.8068580295188172,2,"Thin route - reliable, short delay tail",-3.561923765328324,-0.352185538002296
SAT-EWR,SAT,EWR,1569.0,575,1,85.71,0.42,24.4,1.043,2.7596678446896306,3,"Thin route - long-haul, rarely cancels",-2.1704392732931814,-0.8225314611225498
SFO-MCO,SFO,MCO,2446.0,1407,3,86.06,-5.43,23.0,0.355,3.1482940974347455,3,"Thin route - long-haul, rarely cancels",-2.488244919375222,1.015616012747946
RSW-IAH,RSW,IAH,861.0,875,1,88.4,-5.99,21.0,0.343,2.942008053022313,2,"Thin route - reliable, short delay tail",-2.877649499637375,-0.16788093450729635
FLL-ORD,FLL,ORD,1182.0,3464,6,68.91,20.17,76.0,1.732,3.539577883345309,0,"Trunk route - multi-carrier, unreliable",3.0667185470429206,2.1155210331435015
DFW-EWR,DFW,EWR,1372.0,3605,5,71.72,16.12,76.0,3.273,3.5569052690554477,0,"Trunk route - multi-carrier, unreliable",2.7656720902331102,1.7438454894009656
TPA-LAX,TPA,LAX,2158.0,1193,3,83.91,-1.43,27.0,0.922,3.076640443670342,3,"Thin route - long-haul, rarely cancels",-1.7980954237835196,0.7264104577587864
IAH-CVG,IAH,CVG,871.0,691,3,75.0,9.09,51.0,0.868,2.8394780473741985,2,"Thin route - reliable, short delay tail",0.3324623452190528,-0.193198814432084
BOS-IAD,BOS,IAD,412.0,1516,2,83.51,5.31,34.0,2.704,3.1806992012960347,2,"Thin route - reliable, short delay tail",-0.5398014995486216,0.3529285982351491
IAD-DFW,IAD,DFW,1172.0,1951,4,77.47,11.45,55.0,1.948,3.2902572693945182,0,"Trunk route - multi-carrier, unreliable",0.9293622684944968,1.1189745294499907
MIA-EWR,MIA,EWR,1085.0,3951,4,71.98,14.92,74.0,2.708,3.596707029681446,0,"Trunk route - multi-carrier, unreliable",2.39980735467048,1.4306683513725316
DEN-RDM,DEN,RDM,898.0,727,1,71.53,9.86,40.1,0.275,2.8615344108590377,2,"Thin route - reliable, short delay tail",-0.05351636154618812,-1.093069755164876
MIA-ORD,MIA,ORD,1197.0,4450,4,71.15,14.79,68.0,2.0,3.6483600109809315,0,"Trunk route - multi-carrier, unreliable",2.1359307338731046,1.5774471104823824
HNL-SFO,HNL,SFO,2398.0,2465,3,80.82,4.2,29.0,1.055,3.391816923613249,3,"Thin route - long-haul, rarely cancels",-1.0092042189063584,1.1630416437153144
AUS-EWR,AUS,EWR,1504.0,2081,3,76.08,13.93,69.4,3.123,3.318272080211627,0,"Trunk route - multi-carrier, unreliable",1.6709017428716706,0.4622063387267626
BNA-EWR,BNA,EWR,748.0,1877,3,75.04,11.9,66.0,2.93,3.273464272621346,0,"Trunk route - multi-carrier, unreliable",1.5824097829445727,0.48260125559749656
PNS-ORD,PNS,ORD,794.0,727,5,78.38,13.29,68.0,2.613,2.8615344108590377,0,"Trunk route - multi-carrier, unreliable",1.5134038835945591,0.6204682739653139
SRQ-ORD,SRQ,ORD,1050.0,999,4,68.65,20.87,72.0,1.702,2.9995654882259823,1,"Thin route - long delay tail, high average delay",2.5430608364188467,0.07395383926744084
TPA-SFO,TPA,SFO,2393.0,699,1,81.32,2.48,35.0,0.286,2.8444771757456815,3,"Thin route - long-haul, rarely cancels",-1.684786111870532,-0.8845405856858416
PWM-EWR,PWM,EWR,284.0,1082,2,83.38,3.12,35.0,3.697,3.0342272607705505,2,"Thin route - reliable, short delay tail",-0.4595731463249802,0.06831057179580725
MIA-IAD,MIA,IAD,922.0,625,2,83.06,1.09,33.2,0.64,2.7958800173440754,2,"Thin route - reliable, short delay tail",-1.5210907201282884,-0.327246375690303
SFO-KOA,SFO,KOA,2368.0,1151,2,86.72,-4.8,19.6,0.261,3.0610753236297916,3,"Thin route - long-haul, rarely cancels",-2.773145195290177,0.3903029148880992
IAD-RDU,IAD,RDU,225.0,1300,2,83.2,5.33,29.0,1.308,3.113943352306837,2,"Thin route - reliable, short delay tail",-0.9654520700550691,0.3023927182396641
CLE-IAH,CLE,IAH,1091.0,824,1,90.77,-10.23,12.8,0.0,2.9159272116971158,2,"Thin route - reliable, short delay tail",-3.689576308322255,-0.043827508025242885
SFO-MSY,SFO,MSY,1911.0,524,2,83.52,2.25,43.9,0.191,2.7193312869837265,3,"Thin route - long-haul, rarely cancels",-1.487195894757458,-0.6364136490214993
CLE-IAD,CLE,IAD,287.0,1046,2,87.25,5.52,20.6,1.052,3.0195316845312554,2,"Thin route - reliable, short delay tail",-1.5934951791037464,0.23837069741090028
SFO-CMH,SFO,CMH,2120.0,322,1,77.29,4.43,42.2,0.621,2.507855871695831,3,"Thin route - long-haul, rarely cancels",-1.064187155198567,-1.723540231178372
IAH-SNA,IAH,SNA,1346.0,1092,1,87.53,-5.94,19.0,0.0,3.0382226383687185,2,"Thin route - reliable, short delay tail",-2.9781487808526497,-0.002451637999287731
DFW-IAD,DFW,IAD,1172.0,1952,4,77.98,9.75,51.9,1.998,3.290479813330673,0,"Trunk route - multi-carrier, unreliable",0.7049814172778512,1.1828420729409015
LAS-IAD,LAS,IAD,2065.0,1078,2,86.28,-4.96,23.0,0.557,3.03261876085072,3,"Thin route - long-haul, rarely cancels",-2.554931898886328,0.31949026182573176
SFO-LIH,SFO,LIH,2446.0,897,2,88.94,-8.31,17.0,0.0,2.952792443044092,3,"Thin route - long-haul, rarely cancels",-3.3657948021202553,0.3003742973847661
SFO-IND,SFO,IND,1943.0,524,1,80.81,0.93,40.0,0.191,2.7193312869837265,3,"Thin route - long-haul, rarely cancels",-1.6179477116702108,-1.1128092768823146
SLC-IAD,SLC,IAD,1827.0,712,2,86.71,-0.66,24.0,1.545,2.8524799936368566,3,"Thin route - long-haul, rarely cancels",-2.0766718376408306,-0.1479489198413662
CMH-SFO,CMH,SFO,2120.0,322,1,64.06,26.05,100.2,0.621,2.507855871695831,1,"Thin route - long delay tail, high average delay",2.9485487097766225,-2.7972284497630384
DEN-HNL,DEN,HNL,3365.0,639,1,76.98,8.04,41.3,0.313,2.8055008581584002,3,"Thin route - long-haul, rarely cancels",-0.9716469632614594,-1.2780132744784158
HNL-DEN,HNL,DEN,3365.0,639,1,86.61,-1.46,20.0,0.469,2.8055008581584002,3,"Thin route - long-haul, rarely cancels",-2.8831969879755066,-0.7699794239056552
ORD-HNL,ORD,HNL,4243.0,540,2,71.75,10.41,47.0,0.185,2.7323937598229686,3,"Thin route - long-haul, rarely cancels",-0.31242876294382016,-1.1977470675482877
CLE-RSW,CLE,RSW,1025.0,934,3,83.04,1.23,40.0,1.071,2.9703468762300935,2,"Thin route - reliable, short delay tail",-1.0355384818686209,0.4370482515639454
FLL-CLE,FLL,CLE,1062.0,1239,4,77.46,8.64,55.0,2.179,3.0930713063760633,0,"Trunk route - multi-carrier, unreliable",0.7331930258447321,0.7745052674678414
IAD-ORF,IAD,ORF,158.0,689,2,81.78,6.16,33.0,2.032,2.8382192219076257,2,"Thin route - reliable, short delay tail",-0.6254177241862148,-0.3487182931881214
IND-IAD,IND,IAD,476.0,993,2,85.9,0.38,22.2,1.309,2.996949248495381,2,"Thin route - reliable, short delay tail",-1.7737527717169064,0.23914050853338698
IAD-IND,IAD,IND,476.0,989,2,83.76,4.08,32.0,1.011,2.9951962915971793,2,"Thin route - reliable, short delay tail",-1.1694356264374348,0.06419174238925057
DFW-ABQ,DFW,ABQ,569.0,2275,3,67.62,17.82,66.0,2.945,3.3569814009931314,1,"Thin route - long delay tail, high average delay",2.6203252496050125,0.41129988664548756
CVG-DFW,CVG,DFW,812.0,1708,5,74.59,10.19,58.0,3.162,3.232487866352986,0,"Trunk route - multi-carrier, unreliable",1.6035597494686984,1.423041353894156
PHX-RDM,PHX,RDM,893.0,840,3,86.52,-2.76,19.0,0.357,2.9242792860618816,2,"Thin route - reliable, short delay tail",-2.2901303112569096,0.6618743445207824
EUG-PHX,EUG,PHX,952.0,624,3,87.44,3.06,21.0,0.0,2.795184589682424,2,"Thin route - reliable, short delay tail",-2.0582848997424215,0.28804895031429134
LGA-ROA,LGA,ROA,405.0,347,1,70.69,11.9,81.0,4.323,2.5403294747908736,1,"Thin route - long delay tail, high average delay",2.1145967539172617,-2.16936600538497
MIA-TYS,MIA,TYS,724.0,487,3,76.81,4.66,41.8,0.616,2.6875289612146345,2,"Thin route - reliable, short delay tail",-0.4442403434851662,-0.2989334712106271
MIA-CLE,MIA,CLE,1080.0,870,4,71.35,10.6,61.0,1.034,2.9395192526186187,0,"Trunk route - multi-carrier, unreliable",1.1678863199658038,0.30307422863979827
DCA-EYW,DCA,EYW,1023.0,590,3,81.28,-1.3,34.0,1.695,2.7708520116421442,2,"Thin route - reliable, short delay tail",-1.1633401976681257,0.0698478047348947
CAE-LGA,CAE,LGA,617.0,615,1,80.07,8.29,60.8,5.691,2.788875115775417,1,"Thin route - long delay tail, high average delay",0.9935853248855213,-1.3401497258783792
PHL-CHS,PHL,CHS,550.0,1089,4,77.09,9.53,60.0,2.204,3.037027879755775,0,"Trunk route - multi-carrier, unreliable",1.0189013536153426,0.6413762542444496
BOS-CMH,BOS,CMH,640.0,2003,3,80.49,2.81,50.0,2.596,3.3016809492935764,0,"Trunk route - multi-carrier, unreliable",0.0765271986252244,0.9523315041980808
CMH-BOS,CMH,BOS,640.0,2005,3,82.8,-1.06,40.0,2.145,3.302114376956201,2,"Thin route - reliable, short delay tail",-0.7311371914868017,1.1558351192778458
LGA-AVL,LGA,AVL,599.0,445,1,77.43,5.34,44.0,5.169,2.6483600109809315,1,"Thin route - long delay tail, high average delay",0.3816336831939033,-1.484355610365912
CLE-LGA,CLE,LGA,419.0,1796,2,76.46,10.44,63.0,5.401,3.2543063323312857,1,"Thin route - long delay tail, high average delay",1.7673192360365872,-0.009347569283919041
RDU-LGA,RDU,LGA,431.0,2595,4,70.04,16.59,77.1,5.549,3.414137362184477,1,"Thin route - long delay tail, high average delay",3.4320243544598235,0.9305446139956869
PIT-MIA,PIT,MIA,1013.0,712,4,80.48,5.06,38.0,1.264,2.8524799936368566,2,"Thin route - reliable, short delay tail",-0.48918946604536934,0.5572400167966983
PHL-EYW,PHL,EYW,1122.0,493,2,83.37,-1.21,31.0,2.84,2.69284691927723,2,"Thin route - reliable, short delay tail",-1.3230549273566727,-0.5550364190205379
GSP-MIA,GSP,MIA,637.0,726,2,80.2,5.68,32.0,1.24,2.8609366207000937,2,"Thin route - reliable, short delay tail",-0.8122656185830376,-0.32796427710718223
JFK-CLE,JFK,CLE,425.0,678,2,80.0,4.41,47.1,3.982,2.8312296938670634,2,"Thin route - reliable, short delay tail",0.17103236096208238,-0.5364550574713485
BUF-LGA,BUF,LGA,292.0,1758,1,78.22,9.13,55.0,4.835,3.245018870737753,1,"Thin route - long delay tail, high average delay",1.0746874542150042,-0.36587462793442227
LGA-BUF,LGA,BUF,292.0,1758,1,75.96,6.89,58.0,5.461,3.245018870737753,1,"Thin route - long delay tail, high average delay",1.3217113603138373,-0.40067109582717164
MIA-DCA,MIA,DCA,919.0,3956,4,75.25,9.16,55.0,1.795,3.5972562829251418,0,"Trunk route - multi-carrier, unreliable",1.0726058258367002,1.7788172183349074
PIT-RDU,PIT,RDU,328.0,720,2,85.67,-1.58,26.0,1.111,2.8573324964312685,2,"Thin route - reliable, short delay tail",-1.8654596412677746,-0.018114182822065065
ORD-BGR,ORD,BGR,978.0,697,5,77.27,10.37,65.7,1.722,2.8432327780980096,0,"Trunk route - multi-carrier, unreliable",1.0990177444732911,0.6512604567265247
BOS-IND,BOS,IND,818.0,2022,4,81.58,-0.41,37.0,2.423,3.3057811512549824,0,"Trunk route - multi-carrier, unreliable",-0.49194781921926645,1.603117190700836
EYW-LGA,EYW,LGA,1207.0,359,2,71.65,17.93,79.0,6.685,2.5550944485783194,1,"Thin route - long delay tail, high average delay",2.9613698714767605,-1.891656079453944
HHH-DCA,HHH,DCA,501.0,330,2,81.56,3.92,50.1,2.121,2.5185139398778875,2,"Thin route - reliable, short delay tail",-0.4688879080548314,-1.1062670279432132
LGA-SDF,LGA,SDF,659.0,1036,3,80.92,-1.98,43.0,3.668,3.0153597554092144,2,"Thin route - reliable, short delay tail",-0.3337077424638839,0.48463605280665334
CLT-LGA,CLT,LGA,544.0,4253,4,72.43,15.06,68.0,4.115,3.628695382714023,0,"Trunk route - multi-carrier, unreliable",2.639734854790683,1.5412187293002226
MKE-LGA,MKE,LGA,738.0,840,1,81.79,3.64,45.4,6.786,2.9242792860618816,2,"Thin route - reliable, short delay tail",0.4274041559656739,-0.876687504412172
IND-EWR,IND,EWR,645.0,2223,3,85.06,-1.12,29.0,4.049,3.3469394626989906,2,"Thin route - reliable, short delay tail",-0.7435375178913212,1.3041118302676384
DTW-EWR,DTW,EWR,488.0,3705,4,76.55,8.43,61.0,4.804,3.568788212315347,0,"Trunk route - multi-carrier, unreliable",1.8333047650857448,1.6594515778701329
ROC-EWR,ROC,EWR,246.0,600,2,81.45,2.59,45.0,5.5,2.7781512503836434,2,"Thin route - reliable, short delay tail",0.2386650426427874,-0.6002911295672815
EWR-SDF,EWR,SDF,642.0,992,3,81.28,0.84,43.1,5.141,2.9965116721541785,2,"Thin route - reliable, short delay tail",0.16689979989352927,0.34958087582470077
RIC-EWR,RIC,EWR,277.0,562,1,72.14,15.96,74.0,6.762,2.749736315569061,1,"Thin route - long delay tail, high average delay",2.7583650476383452,-1.8164328841932413
ILM-EWR,ILM,EWR,488.0,386,1,85.98,-5.13,22.0,3.368,2.586587304671755,2,"Thin route - reliable, short delay tail",-1.9890992413907818,-1.027877175684224
EWR-RIC,EWR,RIC,277.0,485,1,85.43,-3.57,30.1,5.155,2.6857417386022635,2,"Thin route - reliable, short delay tail",-1.1420816443847532,-0.9602682281267941
EYW-ORD,EYW,ORD,1251.0,775,3,68.51,20.45,80.8,1.548,2.88930170250631,1,"Thin route - long delay tail, high average delay",2.5036871560438354,-0.6940543235676604
EWR-ILM,EWR,ILM,488.0,387,1,79.78,0.86,32.5,5.426,2.5877109650189114,2,"Thin route - reliable, short delay tail",-0.3529426991098168,-1.3957010172165585
CVG-IAD,CVG,IAD,388.0,585,2,87.3,1.15,24.0,1.709,2.7671558660821804,2,"Thin route - reliable, short delay tail",-1.7669577966691261,-0.23898798837010085
PHL-MCI,PHL,MCI,1038.0,908,3,75.03,7.29,57.0,3.634,2.958085848521085,1,"Thin route - long delay tail, high average delay",1.0259485658714724,-0.05297169821658727
CLT-CLE,CLT,CLE,430.0,1790,4,74.2,11.65,58.0,2.123,3.2528530309798933,0,"Trunk route - multi-carrier, unreliable",1.418301355422331,1.0126690651546526
MCI-PHL,MCI,PHL,1038.0,906,3,82.34,8.27,40.9,3.753,2.957128197676813,2,"Thin route - reliable, short delay tail",0.12963249055696618,0.1623068539221734
OMA-CLT,OMA,CLT,913.0,1003,2,84.38,2.66,37.0,1.496,3.0013009330204183,2,"Thin route - reliable, short delay tail",-1.1363855759481647,0.0333436422733836
CID-DCA,CID,DCA,801.0,363,4,74.4,9.27,49.0,6.336,2.5599066250361124,1,"Thin route - long delay tail, high average delay",1.6441098154918545,-0.45321916884569147
CLT-TUL,CLT,TUL,842.0,690,2,76.76,7.65,53.1,1.304,2.838849090737255,2,"Thin route - reliable, short delay tail",0.11680784669464592,-0.6363726172848799
CVG-PHX,CVG,PHX,1569.0,607,3,80.1,9.72,41.6,0.659,2.7831886910752575,3,"Thin route - long-haul, rarely cancels",-0.44862498894346764,-0.2147632450818892
PHX-LIT,PHX,LIT,1136.0,306,2,76.97,7.14,39.0,0.654,2.48572142648158,2,"Thin route - reliable, short delay tail",-0.6425800495728251,-1.2530555077305885
LAX-IND,LAX,IND,1814.0,864,5,79.56,10.02,51.5,0.579,2.936513742478893,0,"Trunk route - multi-carrier, unreliable",0.16369698020421422,0.9552108184562882
DFW-SAN,DFW,SAN,1171.0,3669,3,63.74,19.82,73.0,2.617,3.564547711755948,1,"Thin route - long delay tail, high average delay",3.150461103516743,0.6395802179575392
MCO-CLT,MCO,CLT,468.0,4739,3,78.46,8.73,53.0,1.751,3.675686708699401,0,"Trunk route - multi-carrier, unreliable",0.6925376845611545,1.579324165995666
PHL-RSW,PHL,RSW,993.0,1331,2,72.95,13.76,59.0,2.78,3.124178055474675,1,"Thin route - long delay tail, high average delay",1.4090960511807422,-0.34470267914850655
JFK-MIA,JFK,MIA,1089.0,4529,3,77.13,10.04,60.0,2.848,3.656002320682957,0,"Trunk route - multi-carrier, unreliable",1.2151785380572337,1.3571031763398018
MIA-DTW,MIA,DTW,1145.0,1774,6,72.7,14.08,54.4,1.409,3.2489536154957075,0,"Trunk route - multi-carrier, unreliable",1.6089299751476784,1.872859703567666
AUS-PHL,AUS,PHL,1431.0,1166,3,76.25,32.41,75.0,1.887,3.0666985504229953,1,"Thin route - long delay tail, high average delay",2.6802019750231785,-0.4216713634162547
MCO-TTN,MCO,TTN,896.0,540,1,74.27,9.25,57.0,3.519,2.7323937598229686,1,"Thin route - long delay tail, high average delay",0.8379087947372015,-1.5097392095727389
MIA-SJU,MIA,SJU,1045.0,2638,3,75.5,11.41,56.9,0.91,3.4212747912103465,0,"Trunk route - multi-carrier, unreliable",0.8184455952308481,0.903888173803109
DFW-TPA,DFW,TPA,929.0,2907,4,66.9,16.99,72.0,3.165,3.4634450317704277,0,"Trunk route - multi-carrier, unreliable",2.956815381745745,1.035031432053495
JAX-DFW,JAX,DFW,917.0,1833,2,77.58,10.78,58.0,2.837,3.2631624649622166,0,"Trunk route - multi-carrier, unreliable",0.9040703210285969,0.09585525027086646
DFW-JAX,DFW,JAX,917.0,1834,2,63.0,22.05,78.0,2.672,3.263399331334002,1,"Thin route - long delay tail, high average delay",3.2812114804068258,-0.5287985523324459
CLT-DFW,CLT,DFW,935.0,3868,3,77.75,6.91,46.0,2.43,3.587486465410964,0,"Trunk route - multi-carrier, unreliable",0.4872954831869162,1.4118787932010848
DFW-RDU,DFW,RDU,1061.0,2265,5,70.6,14.91,65.0,2.605,3.3550682063488506,0,"Trunk route - multi-carrier, unreliable",2.2955356999639767,1.4550232282448505
CLT-TPA,CLT,TPA,507.0,3106,3,76.36,8.04,48.0,1.642,3.49220145139254,0,"Trunk route - multi-carrier, unreliable",0.5722161354556017,1.2138229461740948
CLT-MIA,CLT,MIA,650.0,3718,3,76.61,10.54,49.0,1.775,3.5703093854358796,0,"Trunk route - multi-carrier, unreliable",0.7869819397467718,1.3046300575722818
PAE-PHX,PAE,PHX,1133.0,578,2,82.75,1.93,31.3,0.865,2.761927838420529,2,"Thin route - reliable, short delay tail",-1.4856242629551286,-0.4306634583491879
MSP-DFW,MSP,DFW,852.0,3293,4,77.72,8.65,50.0,2.429,3.517591730711908,0,"Trunk route - multi-carrier, unreliable",0.8409266050967912,1.6903442185644912
LAS-CVG,LAS,CVG,1678.0,675,3,83.13,1.84,31.4,1.333,2.829303772831025,3,"Thin route - long-haul, rarely cancels",-1.3274936882580977,0.13506747337731612
DFW-TUS,DFW,TUS,813.0,2190,3,68.53,17.1,70.0,3.196,3.3404441148401185,1,"Thin route - long delay tail, high average delay",2.6195723798139565,0.3544877673578461
TUS-DFW,TUS,DFW,813.0,2189,3,80.31,11.71,50.3,3.518,3.3402457615679317,0,"Trunk route - multi-carrier, unreliable",0.899968546720573,0.8009446637936593
TPA-DTW,TPA,DTW,983.0,2329,4,81.17,5.8,39.0,1.846,3.367169488534681,0,"Trunk route - multi-carrier, unreliable",-0.12332136553127299,1.5853102391542644
IND-DFW,IND,DFW,761.0,2048,5,80.04,9.79,48.0,2.734,3.3113299523037933,0,"Trunk route - multi-carrier, unreliable",0.8321222858157586,1.7762086999088422
LAS-PHL,LAS,PHL,2177.0,1488,3,81.82,0.91,34.0,1.411,3.17260293120986,3,"Thin route - long-haul, rarely cancels",-1.1460315700098953,0.7730016537420185
SJU-DFW,SJU,DFW,2165.0,987,3,78.82,3.6,45.0,2.837,2.9943171526696366,3,"Thin route - long-haul, rarely cancels",-0.18170678751910627,0.18108361363230646
DFW-CHS,DFW,CHS,987.0,1224,4,70.4,13.89,69.0,2.288,3.087781417809542,0,"Trunk route - multi-carrier, unreliable",2.037580369590795,0.4362894501002001
SEA-DCA,SEA,DCA,2329.0,1092,2,82.18,-2.6,39.0,1.465,3.0382226383687185,3,"Thin route - long-haul, rarely cancels",-1.486708073262481,0.05107691003651168
PDX-DCA,PDX,DCA,2350.0,363,1,85.56,-8.27,23.0,0.275,2.5599066250361124,3,"Thin route - long-haul, rarely cancels",-3.1632560365208358,-1.0849640681585515
JFK-PDX,JFK,PDX,2454.0,914,2,73.65,7.83,49.9,2.079,2.960946195733831,3,"Thin route - long-haul, rarely cancels",0.2555021242521594,-0.5781792946691137
BET-ANC,BET,ANC,399.0,723,1,71.04,9.56,48.0,3.043,2.859138297294531,1,"Thin route - long delay tail, high average delay",0.8901267219648675,-1.200231669252385
KTN-SEA,KTN,SEA,680.0,1304,1,84.02,-0.8,30.0,2.607,3.1152775913959014,2,"Thin route - reliable, short delay tail",-1.3312151881809706,-0.11586775456455414
ANC-JNU,ANC,JNU,571.0,1230,1,87.25,-1.61,24.0,0.325,3.089905111439398,2,"Thin route - reliable, short delay tail",-2.313356375632732,0.027647498272190558
WRG-KTN,WRG,KTN,82.0,362,1,84.93,-6.06,25.2,3.315,2.558708570533166,2,"Thin route - reliable, short delay tail",-1.8450057575775152,-1.0723381749070007
JNU-ANC,JNU,ANC,571.0,1230,1,83.81,0.71,37.9,2.927,3.089905111439398,2,"Thin route - reliable, short delay tail",-0.9233300701451984,-0.2569745835900583
SEA-KTN,SEA,KTN,680.0,1303,1,78.33,4.09,36.0,0.153,3.1149444157125847,2,"Thin route - reliable, short delay tail",-0.9698475725728352,-0.2839907050971846
JNU-SEA,JNU,SEA,909.0,1590,2,80.73,4.42,31.0,1.761,3.2013971243204513,2,"Thin route - reliable, short delay tail",-0.7529565605933679,0.3728994229772275
KTN-SIT,KTN,SIT,183.0,365,1,73.18,8.58,48.4,4.658,2.5622928644564746,1,"Thin route - long delay tail, high average delay",0.9589978203446109,-1.7844596755733797
SCC-ANC,SCC,ANC,626.0,513,1,90.2,-8.49,14.0,2.534,2.7101173651118162,2,"Thin route - reliable, short delay tail",-2.9187544019618277,-0.5608339388983773
OME-ANC,OME,ANC,539.0,372,1,82.91,-1.22,32.4,4.032,2.5705429398818973,2,"Thin route - reliable, short delay tail",-1.0745828065631475,-1.291346328367015
ANC-OME,ANC,OME,539.0,371,1,78.43,3.75,36.0,3.774,2.569373909615046,2,"Thin route - reliable, short delay tail",-0.35792400305231353,-1.4931305182942884
LAX-ANC,LAX,ANC,2345.0,389,2,87.37,-6.65,19.0,0.0,2.5899496013257077,3,"Thin route - long-haul, rarely cancels",-3.2071357354146475,-0.510003386547963
ANC-LAX,ANC,LAX,2345.0,389,2,90.49,-7.62,14.0,0.0,2.5899496013257077,3,"Thin route - long-haul, rarely cancels",-3.645608688468816,-0.39983701581681863
OGG-SAN,OGG,SAN,2540.0,877,2,78.06,1.8,35.4,1.482,2.9429995933660407,3,"Thin route - long-haul, rarely cancels",-1.0336739628779072,-0.30193054698947014
PDX-SNA,PDX,SNA,859.0,1550,1,90.8,-5.14,13.0,1.097,3.1903316981702914,2,"Thin route - reliable, short delay tail",-2.9441196505473757,0.39689316053980683
ABQ-SEA,ABQ,SEA,1180.0,548,2,84.01,-3.87,26.7,0.73,2.738780558484369,2,"Thin route - reliable, short delay tail",-2.1438363418857462,-0.30485081287954285
ONT-HNL,ONT,HNL,2603.0,423,2,86.73,-2.55,19.0,0.236,2.6263403673750423,3,"Thin route - long-haul, rarely cancels",-2.852992018806713,-0.559189695197608
SEA-ABQ,SEA,ABQ,1180.0,548,2,79.08,0.48,35.0,0.547,2.738780558484369,2,"Thin route - reliable, short delay tail",-1.2924574015749144,-0.5336681198908104
PDX-BOS,PDX,BOS,2537.0,671,2,78.79,3.64,33.0,1.341,2.826722520168992,3,"Thin route - long-haul, rarely cancels",-1.1072397622395498,-0.5435471780257494
MKE-SEA,MKE,SEA,1694.0,509,1,80.24,0.1,24.5,0.393,2.7067177823367587,3,"Thin route - long-haul, rarely cancels",-1.9577981998630214,-1.0140218596039858
MIA-PDX,MIA,PDX,2700.0,341,2,73.87,11.97,57.0,1.466,2.5327543789924976,3,"Thin route - long-haul, rarely cancels",0.35536926571763655,-1.5835947033512714
BUR-SEA,BUR,SEA,937.0,1617,2,83.9,-1.01,29.0,2.412,3.208710019906401,2,"Thin route - reliable, short delay tail",-1.2685439800363925,0.5476552908960564
SEA-CVG,SEA,CVG,1965.0,793,2,84.65,-4.6,24.0,0.883,2.8992731873176036,3,"Thin route - long-haul, rarely cancels",-2.33990136955659,0.0007739105140441678
GEG-SAN,GEG,SAN,1027.0,419,2,88.19,-5.12,17.6,0.716,2.622214022966295,2,"Thin route - reliable, short delay tail",-2.8163213602420765,-0.3679655194955585
OGG-DFW,OGG,DFW,3710.0,500,1,79.06,15.21,45.4,1.8,2.6989700043360187,3,"Thin route - long-haul, rarely cancels",-0.2936348989627395,-1.706745980612317
SRQ-DFW,SRQ,DFW,945.0,373,3,61.16,30.24,102.8,2.681,2.571708831808688,1,"Thin route - long delay tail, high average delay",4.49781469962803,-1.8369294239792175
RIC-MIA,RIC,MIA,826.0,585,3,80.91,8.27,45.0,2.051,2.7671558660821804,2,"Thin route - reliable, short delay tail",-0.08610328271996556,-0.2099878839967965
KOA-PHX,KOA,PHX,2860.0,384,1,94.2,-4.01,8.0,1.042,2.584331224367531,3,"Thin route - long-haul, rarely cancels",-3.8332664841076256,-0.92922007501912
LAX-MIA,LAX,MIA,2342.0,3255,2,78.06,5.83,38.0,0.768,3.512550992904211,3,"Thin route - long-haul, rarely cancels",-0.600900373939442,0.8014782162942957
DFW-ILM,DFW,ILM,1106.0,708,2,62.87,25.58,103.7,3.107,2.850033257689769,1,"Thin route - long delay tail, high average delay",4.11474412716831,-1.6509973734731287
MIA-ILM,MIA,ILM,601.0,456,3,78.3,4.05,49.4,1.754,2.658964842664435,2,"Thin route - reliable, short delay tail",-0.12891938786368742,-0.3946034282664155
DCA-RSW,DCA,RSW,892.0,831,3,75.66,9.59,48.0,2.527,2.919601023784111,0,"Trunk route - multi-carrier, unreliable",0.6474698997652202,-0.060700313335746936
DFW-MTJ,DFW,MTJ,722.0,579,3,79.4,7.53,45.6,2.418,2.762678563727436,2,"Thin route - reliable, short delay tail",0.09591215405119093,-0.23854527139861756
PHX-DCA,PHX,DCA,1979.0,1086,1,83.0,1.24,31.0,1.473,3.035829825252828,3,"Thin route - long-haul, rarely cancels",-1.5882173971373488,-0.4140347641760131
SFO-CLT,SFO,CLT,2296.0,1499,1,84.51,5.03,31.0,1.201,3.1758016328482794,3,"Thin route - long-haul, rarely cancels",-1.5067769451481208,-0.19477725852538966
DFW-JAC,DFW,JAC,1047.0,749,1,62.17,28.08,93.4,2.136,2.8744818176994666,1,"Thin route - long delay tail, high average delay",3.7177340691928147,-2.038589136340612
ORF-DFW,ORF,DFW,1212.0,979,3,72.52,23.01,61.0,2.86,2.9907826918031377,1,"Thin route - long delay tail, high average delay",2.1935056117446154,-0.3706043196653917
DFW-RIC,DFW,RIC,1158.0,1078,2,69.4,16.98,70.0,2.319,3.03261876085072,1,"Thin route - long delay tail, high average delay",2.0221641447247287,-0.7353606748311983
DFW-GEG,DFW,GEG,1477.0,559,1,61.79,25.84,77.8,1.789,2.747411807886423,1,"Thin route - long delay tail, high average delay",2.98527216171796,-2.1781669464709816
SAN-PHL,SAN,PHL,2370.0,1046,1,87.94,-1.49,21.0,1.434,3.0195316845312554,3,"Thin route - long-haul, rarely cancels",-2.495757889912151,-0.2645023224765994
CLT-SAT,CLT,SAT,1095.0,1379,1,76.63,6.27,53.0,1.668,3.13956426617585,2,"Thin route - reliable, short delay tail",0.05087526441020373,-0.5039570756013022
LAX-PHL,LAX,PHL,2402.0,2398,2,79.09,5.58,38.0,1.46,3.37984917876283,3,"Thin route - long-haul, rarely cancels",-0.5996240335889786,0.5273986467724775
DFW-PSP,DFW,PSP,1126.0,997,1,70.4,12.44,60.0,3.109,2.998695158311656,1,"Thin route - long delay tail, high average delay",1.405553768584218,-1.126266738108721
DFW-SAV,DFW,SAV,925.0,1028,3,65.3,23.22,80.3,2.626,3.011993114659257,1,"Thin route - long delay tail, high average delay",3.274813361058539,-0.5622063324766943
DFW-SBA,DFW,SBA,1316.0,364,2,81.84,3.79,36.3,1.374,2.561101383649056,3,"Thin route - long-haul, rarely cancels",-1.1488189245359683,-0.9603939418986094
SAT-MIA,SAT,MIA,1143.0,483,2,88.66,0.61,18.0,0.828,2.683947130751512,2,"Thin route - reliable, short delay tail",-2.42329897933768,-0.36603666520204564
SAN-MIA,SAN,MIA,2267.0,649,1,84.33,11.88,24.3,1.387,2.812244696800369,3,"Thin route - long-haul, rarely cancels",-1.3034284182881344,-1.0407849624466852
PBI-DFW,PBI,DFW,1102.0,1144,1,71.73,13.91,65.0,2.885,3.058426024457005,1,"Thin route - long delay tail, high average delay",1.5097868195427755,-1.0347875617406663
RSW-DFW,RSW,DFW,1017.0,1341,2,76.72,14.92,61.0,2.759,3.127428777851599,1,"Thin route - long delay tail, high average delay",1.241623266257526,-0.3081255327323063
DFW-EYW,DFW,EYW,1089.0,332,1,61.99,32.31,137.0,2.41,2.5211380837040362,1,"Thin route - long delay tail, high average delay",5.0848060697875725,-3.1569192407375373
CLT-EYW,CLT,EYW,736.0,1259,2,81.73,3.18,34.6,2.303,3.1000257301078626,2,"Thin route - reliable, short delay tail",-0.7063645390464035,0.1817571768107978
CLT-SFO,CLT,SFO,2296.0,1500,1,65.0,12.76,60.0,1.267,3.1760912590556813,3,"Thin route - long-haul, rarely cancels",1.3030239933138765,-0.9040043700190882
DFW-GSO,DFW,GSO,999.0,927,2,66.93,19.8,81.0,2.805,2.967079734144497,1,"Thin route - long delay tail, high average delay",2.805293992891711,-1.048572279523065
SNA-CLT,SNA,CLT,2099.0,364,1,90.48,-5.51,13.0,1.374,2.561101383649056,3,"Thin route - long-haul, rarely cancels",-3.326698751646358,-0.9966713774351234
MIA-SAN,MIA,SAN,2267.0,649,1,75.39,2.66,48.0,1.079,2.812244696800369,3,"Thin route - long-haul, rarely cancels",-0.6810688486376861,-1.1639456099535321
BUF-CLT,BUF,CLT,546.0,1165,2,78.93,11.38,49.0,1.717,3.0663259253620376,2,"Thin route - reliable, short delay tail",0.3253176618357657,-0.16958488413052347
DFW-SYR,DFW,SYR,1336.0,327,1,55.7,27.04,83.5,3.364,2.514547752660286,1,"Thin route - long delay tail, high average delay",3.9811114751777117,-2.865967142789432
PHX-XNA,PHX,XNA,1023.0,825,3,84.41,-0.87,26.0,0.364,2.916453948549925,2,"Thin route - reliable, short delay tail",-1.8369252146222919,0.5110953358230915
DFW-BZN,DFW,BZN,1163.0,712,1,70.06,13.82,58.6,1.966,2.8524799936368566,1,"Thin route - long delay tail, high average delay",1.160409943666445,-1.4178425516940572
STT-CLT,STT,CLT,1520.0,610,1,86.6,-2.18,28.4,1.803,2.785329835010767,3,"Thin route - long-haul, rarely cancels",-2.1157636206743176,-0.7472479564038851
CLT-SNA,CLT,SNA,2099.0,364,1,74.65,6.68,50.2,1.374,2.561101383649056,3,"Thin route - long-haul, rarely cancels",-0.29890654875822875,-1.7842541776802974
DFW-BUR,DFW,BUR,1231.0,728,1,67.23,12.48,63.0,2.747,2.862131379313037,1,"Thin route - long delay tail, high average delay",1.5779770998047713,-1.4813750287212133
JAX-PHX,JAX,PHX,1785.0,324,1,88.2,5.67,18.0,0.617,2.510545010206612,3,"Thin route - long-haul, rarely cancels",-2.408467540848956,-1.3556542238480929
SDF-MIA,SDF,MIA,910.0,429,3,82.42,13.4,38.0,1.632,2.6324572921847245,2,"Thin route - reliable, short delay tail",-0.20447752887314016,-0.509924075297876
DFW-SBP,DFW,SBP,1360.0,360,2,76.84,4.59,58.0,1.389,2.5563025007672873,3,"Thin route - long-haul, rarely cancels",-0.14127304485452524,-1.2273937304310707
MDT-DFW,MDT,DFW,1231.0,365,1,82.67,9.21,40.8,3.288,2.5622928644564746,2,"Thin route - reliable, short delay tail",-0.4151611402070107,-1.6150821211367026
SNA-BOI,SNA,BOI,688.0,359,2,85.88,2.51,20.7,1.114,2.5550944485783194,2,"Thin route - reliable, short delay tail",-1.9215483789706371,-0.7098125600563213
HNL-JFK,HNL,JFK,4983.0,659,3,81.52,-1.7,32.0,1.669,2.8188854145940097,3,"Thin route - long-haul, rarely cancels",-1.8787422693552003,-0.12167666555209543
LGB-OGG,LGB,OGG,2498.0,370,3,92.37,-3.4,7.0,0.541,2.568201724066995,3,"Thin route - long-haul, rarely cancels",-3.455727706522183,-0.000753059330759668
ITO-OGG,ITO,OGG,121.0,318,3,87.11,2.59,19.0,0.0,2.5024271199844326,2,"Thin route - reliable, short delay tail",-2.1009389040291677,-0.22745395642155153
LIH-KOA,LIH,KOA,263.0,365,2,78.63,11.46,33.6,0.0,2.5622928644564746,2,"Thin route - reliable, short delay tail",-0.603406988512578,-1.0282775379997757
OGG-ITO,OGG,ITO,121.0,316,3,70.16,11.45,38.0,0.0,2.499687082618404,2,"Thin route - reliable, short delay tail",0.307052488519763,-0.8502234342013308
MSY-MSP,MSY,MSP,1040.0,440,1,83.45,5.86,30.2,2.5,2.6434526764861874,2,"Thin route - reliable, short delay tail",-1.1008400989888576,-1.2550130731913312
ATL-ATW,ATL,ATW,765.0,366,1,79.21,7.5,35.0,1.913,2.5634810853944106,2,"Thin route - reliable, short delay tail",-0.6593071047973664,-1.5212603597027816
ATL-GRB,ATL,GRB,774.0,366,1,76.84,5.84,36.7,1.913,2.5634810853944106,2,"Thin route - reliable, short delay tail",-0.5448986628761968,-1.5424087602964307
SLC-FLL,SLC,FLL,2084.0,375,2,79.46,5.01,26.4,0.533,2.574031267727719,3,"Thin route - long-haul, rarely cancels",-1.4551414911760092,-0.9707245378192546
PSP-MSP,PSP,MSP,1454.0,314,1,81.05,-0.33,31.5,2.229,2.496929648073215,3,"Thin route - long-haul, rarely cancels",-1.4855630779621043,-1.5049096915827433
GEG-ATL,GEG,ATL,1969.0,537,1,85.47,-6.46,25.1,1.117,2.7299742856995555,3,"Thin route - long-haul, rarely cancels",-2.6563306407501392,-0.785606918973687
SAT-BOS,SAT,BOS,1764.0,356,1,60.47,26.85,102.7,2.247,2.5514499979728753,1,"Thin route - long delay tail, high average delay",3.795178625716935,-2.828611095094329
BOI-ATL,BOI,ATL,1838.0,545,1,84.64,-1.49,28.7,1.468,2.7363965022766426,3,"Thin route - long-haul, rarely cancels",-2.0571570043883707,-0.9141068808919485
SAV-MSP,SAV,MSP,1092.0,329,1,80.62,2.06,34.2,0.912,2.5171958979499744,2,"Thin route - reliable, short delay tail",-1.4581549542349175,-1.4684292856059376
BOS-SAT,BOS,SAT,1764.0,356,1,77.01,7.85,65.9,2.247,2.5514499979728753,3,"Thin route - long-haul, rarely cancels",0.26322837459052245,-1.8912262943629587
AVL-SFB,AVL,SFB,465.0,516,1,74.22,22.5,81.7,0.581,2.7126497016272113,1,"Thin route - long delay tail, high average delay",1.770859944630584,-1.862895867628113
BLV-VPS,BLV,VPS,587.0,394,1,66.24,30.39,90.0,0.761,2.595496221825574,1,"Thin route - long delay tail, high average delay",3.1149329601213704,-2.4804359527825897
SRQ-CVG,SRQ,CVG,812.0,309,1,77.52,9.19,58.2,0.0,2.4899584794248346,2,"Thin route - reliable, short delay tail",-0.28057160202959136,-1.8373103798611599
BLI-LAS,BLI,LAS,954.0,435,1,87.88,7.91,18.4,1.379,2.6384892569546374,2,"Thin route - reliable, short delay tail",-1.8631469854314937,-1.1055666434922717
CVG-PGD,CVG,PGD,850.0,349,1,79.48,7.12,41.0,0.287,2.5428254269591797,2,"Thin route - reliable, short delay tail",-0.9445846812746764,-1.5473470085770666
PGD-FNT,PGD,FNT,1111.0,336,1,69.16,13.58,63.7,0.298,2.526339277389844,1,"Thin route - long delay tail, high average delay",0.8424348230933716,-2.074814004470046
AZA-FAR,AZA,FAR,1220.0,372,1,86.83,-2.81,19.0,0.0,2.5705429398818973,2,"Thin route - reliable, short delay tail",-2.8777158763054276,-1.0262364753766489
SFB-AVL,SFB,AVL,465.0,515,1,69.86,22.03,87.0,0.583,2.711807229041191,1,"Thin route - long delay tail, high average delay",2.215921005264325,-1.9698545907661422
AZA-FSD,AZA,FSD,1072.0,371,1,83.15,-0.15,30.9,0.539,2.569373909615046,2,"Thin route - reliable, short delay tail",-1.9522139177534301,-1.2350019760738167
PVU-SNA,PVU,SNA,565.0,407,1,90.66,-4.61,13.0,0.0,2.60959440922522,2,"Thin route - reliable, short delay tail",-3.333807191165803,-0.7471553694851982
MLU-DFW,MLU,DFW,293.0,1135,2,83.04,9.22,33.4,3.084,3.0549958615291417,2,"Thin route - reliable, short delay tail",-0.1983616364683018,0.008734149565575243
CWA-ORD,CWA,ORD,213.0,1004,2,79.23,4.51,48.0,3.984,3.0017337128090005,2,"Thin route - reliable, short delay tail",0.36267525721089844,-0.19275601917773277
ABI-DFW,ABI,DFW,158.0,1750,1,82.97,4.3,32.0,2.171,3.2430380486862944,2,"Thin route - reliable, short delay tail",-0.8199847744189012,0.06381614018423942
DFW-ABI,DFW,ABI,158.0,1750,1,81.65,5.02,36.0,2.171,3.2430380486862944,2,"Thin route - reliable, short delay tail",-0.5638276501815821,-0.0018231194025409509
PNS-MIA,PNS,MIA,530.0,1210,2,81.27,4.43,33.0,1.157,3.0827853703164503,2,"Thin route - reliable, short delay tail",-0.86729314924014,0.17545211224357507
BRO-DFW,BRO,DFW,482.0,1423,2,86.42,1.54,27.0,2.46,3.153204900084284,2,"Thin route - reliable, short delay tail",-1.2822738527621116,0.4758891686039972
DFW-BMI,DFW,BMI,690.0,727,1,82.66,4.07,31.0,1.513,2.8615344108590377,2,"Thin route - reliable, short delay tail",-1.22548685452521,-0.7330520803901162
DFW-BRO,DFW,BRO,482.0,1423,2,84.42,-0.96,26.5,2.46,3.153204900084284,2,"Thin route - reliable, short delay tail",-1.3098036157340625,0.49420226736202566
CLD-PHX,CLD,PHX,306.0,868,1,87.15,0.33,28.5,1.267,2.938519725176492,2,"Thin route - reliable, short delay tail",-1.8560958689777756,-0.3621570906444792
DFW-FSM,DFW,FSM,227.0,1194,1,83.69,1.96,32.2,2.68,3.0770043267933502,2,"Thin route - reliable, short delay tail",-0.9874925233942697,-0.23761361187878519
ORD-MQT,ORD,MQT,303.0,744,1,74.57,19.38,63.1,4.973,2.8715729355458786,1,"Thin route - long delay tail, high average delay",2.1449349632073456,-1.4661080193800944
DFW-BIS,DFW,BIS,977.0,727,1,80.53,2.38,31.2,1.1,2.8615344108590377,2,"Thin route - reliable, short delay tail",-1.3108217343887072,-0.7484943334107652
CMI-DFW,CMI,DFW,692.0,719,1,86.31,-1.96,36.0,2.086,2.8567288903828825,2,"Thin route - reliable, short delay tail",-1.6525828593755019,-0.6046805185118388
HHH-CLT,HHH,CLT,206.0,1164,1,88.37,-3.64,19.0,1.632,3.06595298031387,2,"Thin route - reliable, short delay tail",-2.318553370738214,0.06268985265817414
BIL-DFW,BIL,DFW,1081.0,691,1,84.24,-2.52,28.2,0.579,2.8394780473741985,2,"Thin route - reliable, short delay tail",-2.153037826749477,-0.5977271901536606
DFW-BIL,DFW,BIL,1081.0,691,1,80.7,2.88,35.7,0.868,2.8394780473741985,2,"Thin route - reliable, short delay tail",-1.2502591600285569,-0.8321627845068427
MSO-DFW,MSO,DFW,1320.0,435,2,82.27,10.15,30.8,1.149,2.6384892569546374,3,"Thin route - long-haul, rarely cancels",-0.9196792673437446,-0.8809104332870105
ATW-DFW,ATW,DFW,908.0,426,1,89.16,-4.99,17.0,1.643,2.629409599102719,2,"Thin route - reliable, short delay tail",-2.8054127397029496,-0.8315853699620798
DFW-TRI,DFW,TRI,868.0,705,2,83.04,2.62,34.7,2.695,2.848189116991399,2,"Thin route - reliable, short delay tail",-0.8728726366822848,-0.3217465054499051
GNV-DFW,GNV,DFW,900.0,703,2,85.22,-3.12,31.1,1.422,2.846955325019824,2,"Thin route - reliable, short delay tail",-1.823397607563287,-0.10569571167746984
ORD-ALO,ORD,ALO,234.0,656,2,73.48,14.2,70.5,4.116,2.8169038393756605,1,"Thin route - long delay tail, high average delay",2.0090398658956463,-1.0311946042608808
ALO-ORD,ALO,ORD,234.0,656,2,72.38,19.39,74.2,3.659,2.8169038393756605,1,"Thin route - long delay tail, high average delay",2.436623585803316,-1.1682179427831494
DFW-MSO,DFW,MSO,1320.0,435,2,72.6,7.56,44.8,1.149,2.6384892569546374,3,"Thin route - long-haul, rarely cancels",0.021883138252584103,-1.0975552632959644
MCO-ACY,MCO,ACY,852.0,520,1,69.82,13.55,62.4,5.962,2.716003343634799,1,"Thin route - long delay tail, high average delay",2.179119910454557,-1.8211468750131363
ACY-TPA,ACY,TPA,914.0,304,1,82.94,0.59,33.0,3.289,2.482873583608754,2,"Thin route - reliable, short delay tail",-1.204740966845624,-1.5181717791804783
ATL-OAJ,ATL,OAJ,399.0,621,1,74.34,26.97,70.4,2.738,2.79309160017658,1,"Thin route - long delay tail, high average delay",2.305555009278637,-1.7736352059948757
DTW-BTV,DTW,BTV,537.0,338,2,66.77,27.7,104.0,2.071,2.5289167002776547,1,"Thin route - long delay tail, high average delay",3.6888429588362475,-2.2049931207921563
EWR-CVG,EWR,CVG,569.0,553,2,83.87,-0.37,35.0,4.702,2.7427251313046983,2,"Thin route - reliable, short delay tail",-0.6617438196908344,-0.5018382145868191
CVG-EWR,CVG,EWR,569.0,514,2,90.24,-4.08,13.9,3.891,2.710963118995276,2,"Thin route - reliable, short delay tail",-2.1610416713792224,-0.2078816488164436
LGA-ACK,LGA,ACK,202.0,412,2,81.77,-2.02,33.6,3.398,2.6148972160331345,2,"Thin route - reliable, short delay tail",-0.9411675620385105,-0.6882994059722806
LGA-MVY,LGA,MVY,175.0,321,1,90.13,-10.54,13.0,1.869,2.506505032404872,2,"Thin route - reliable, short delay tail",-3.24052280512747,-0.873207777750683
GSP-EWR,GSP,EWR,594.0,776,1,85.95,-1.06,29.1,4.639,2.8898617212581885,2,"Thin route - reliable, short delay tail",-1.1279539129134242,-0.5871444092908681
