tree
version=v4
num_class=1
num_tree_per_iteration=1
label_index=0
max_feature_idx=21
objective=quantile
feature_names=carrier origin dest dep_hour arr_hour crs_dep_min_of_day day_of_week is_weekend days_to_holiday distance_mi crs_elapsed_min sched_speed_mpm origin_sched_deps_day origin_sched_deps_hour dest_sched_arrs_hour carrier_sched_day te_route_delay te_route_cancel te_carrier_origin_delay te_carrier_origin_cancel te_flight_delay te_flight_cancel
feature_infos=-1:12:3:0:10:11:13:7:1:9:2:4:8:5 -1:247:91:20:92:260:189:71:187:212:306:308:88:44:198:99:165:113:318:224:235:42:177:296:56:259:121:23:339:86:215:328:256:320:154:163:156:283:236:211:170:322:72:315:266:297:69:317:294:241:82:255:55:225:176:2:242:43:246:244:64:243:28:305:217:343:54:289:139:17:342:248:298:286:107:130:199:326:34:200:276:182:98:277:233:76:355:117:141:268:201:14:348:57:166:239:157:291:351:307:279:140:209:19:336:24:110:299:65:309:125:263:103:196:87:114:257:159:300:173:21:26:168:174:127:282:223:190:272:116:313:58:16:53:261:167:175:330:337:52:301:329:214:310:180:219:79:136:295:36:172:218:280:234:59:62:123:133:344:97:232:158:227:37:104:115:119:135:33:77:202:0:148:85:230:332:237:134:31:226:78:80:96:27:197:229:39:7:153:278:8:210:356:183:63:151:120:143:47:290:138:220:12:41:358:281:185:1:25:111:222:331:73:340:49:106:70:126:131:314:194:205:6:11:204:284:285:319:84:188:231:271:293:333:347:40:45:228:178:252:267:287:22:66:265:316:38:145:207:288:292:15:83:195:325 -1:247:91:20:92:260:189:71:187:212:306:308:88:44:198:99:113:165:318:224:235:42:177:296:259:56:121:23:339:215:86:256:328:154:163:320:283:156:170:236:322:211:315:72:297:266:69:294:317:241:255:82:55:225:176:242:246:244:64:43:2:217:243:305:28:289:343:139:54:286:248:298:17:130:326:342:34:107:276:200:199:277:98:182:268:355:233:141:14:76:117:239:348:166:57:201:140:157:291:209:307:24:351:279:336:196:114:159:19:103:87:263:65:300:110:309:299:125:116:21:26:173:168:257:127:282:174:261:190:313:175:272:53:330:223:16:214:329:301:234:104:219:136:167:58:344:337:36:133:97:59:180:280:115:310:62:172:123:218:232:119:37:158:52:295:227:202:0:33:79:332:77:31:80:134:226:135:39:237:148:85:230:7:8:78:197:278:12:185:25:47:111:290:143:183:229:63:356:73:41:210:1:281:27:138:96:222:126:151:358:70:120:145:204:220:252:49:274:83:231:131:6:40:106:340:11:153:228:316:319:74:137:293:29:285:331:347:147:5:66:155:188:195:284:178:194:60:124:129:205:292:314:353:357:51 [0:23] [0:23] [4:1439] [1:7] [0:1] [0:30] [31:5095] [25:688] [0.81707316637039185:28] [1:1099] [1:106] [1:114] [26:4425] [0.051267147064208984:0.48210859298706055] [0.00086271914187818766:0.12180260568857193] [0.055028028786182404:0.48762613534927368] [0.001141980872489512:0.097593173384666443] [0.044994276016950607:0.53988927602767944] [0.0020200682338327169:0.14772011339664459]
tree_sizes=10613 17685 17120 17906 17598 17847 14859 18243 18430 18866 15402 18474 18651 18506 14494 11437 18182 18686 11444 18459 18792 17622 17513 18073 17620 18455 14260

Tree=0
num_leaves=127
num_cat=12
split_feature=5 16 20 18 20 0 5 6 6 4 16 6 8 0 19 20 15 19 18 20 16 20 6 8 8 6 8 8 8 8 16 18 8 0 15 8 0 0 6 8 8 8 8 8 5 15 0 8 20 8 8 8 8 5 8 0 15 15 8 12 12 8 8 5 6 18 16 0 8 9 8 8 14 19 6 8 15 4 5 8 16 16 6 0 15 8 8 8 15 12 12 15 15 14 13 4 12 4 0 16 0 6 8 6 18 5 18 8 4 14 20 14 20 19 5 4 8 8 8 8 19 6 0 4 21 14
split_gain=316.564 195.452 68.0298 38.8881 31.8529 26.9329 18.333 16.7854 16.461 15.0272 14.7879 13.9181 13.6204 10.6582 10.4925 10.1879 9.2333 9.03234 8.08505 7.19736 6.59582 6.37702 5.92319 5.67539 5.56357 5.41658 5.314 5.04875 6.61089 5.0087 4.96625 4.96348 4.96092 4.93464 5.85033 4.77611 5.6056 4.75389 4.75198 4.62204 4.60212 4.40304 4.40027 4.83146 4.2747 4.23124 4.1777 4.13283 4.1241 3.98891 3.9678 5.57779 3.96216 3.78172 3.56953 3.48222 3.46536 6.56761 3.41964 3.41126 3.3499 3.21594 5.77224 3.16728 3.08919 3.08237 3.03773 3.11121 3.01323 2.99759 2.99025 2.98007 2.90564 2.88612 2.83482 2.83026 2.82799 2.81306 2.77322 2.7582 2.75761 2.67443 2.66128 2.65883 2.64349 2.98871 4.21639 3.3434 2.6274 3.02017 3.19335 2.77831 2.59838 2.59022 2.87783 2.55957 3.6323 2.53489 2.51693 2.50764 2.49533 2.47522 2.44166 5.15209 2.40195 2.38959 2.33527 2.32241 2.2737 2.23214 2.21998 2.20506 2.27711 2.18938 2.18686 2.65729 2.13551 3.90261 2.10098 3.7328 4.22158 2.08235 2.47786 2.20279 2.07528 2.05936
threshold=735.50000000000011 0.21352542191743853 0.29448768496513372 0.27997322380542761 0.19448984414339068 0 530.50000000000011 6.5000000000000009 6.5000000000000009 17.500000000000004 0.21405562758445743 4.5000000000000009 3.5000000000000004 1 0.022683737799525264 0.24519351869821551 3810.5000000000005 0.022412109188735489 0.23664359003305438 0.15335512906312945 0.16212708503007892 0.25005322694778448 6.5000000000000009 17.500000000000004 1.5000000000000002 1.5000000000000002 17.500000000000004 3.5000000000000004 1.5000000000000002 21.500000000000004 0.32271672785282141 0.25550369918346411 9.5000000000000018 2 4204.5000000000009 17.500000000000004 3 4 1.5000000000000002 17.500000000000004 28.500000000000004 5.5000000000000009 17.500000000000004 29.500000000000004 515.50000000000011 4096.0000000000009 5 29.500000000000004 0.22165463119745257 19.500000000000004 16.500000000000004 29.500000000000004 12.500000000000002 1005.5000000000001 5.5000000000000009 6 629.50000000000011 691.50000000000011 29.500000000000004 59.500000000000007 47.500000000000007 3.5000000000000004 1.5000000000000002 885.50000000000011 4.5000000000000009 0.20455423742532733 0.16846362501382831 7 28.500000000000004 1108.5000000000002 6.5000000000000009 16.500000000000004 71.500000000000014 0.031662853434681899 4.5000000000000009 22.500000000000004 650.50000000000011 17.500000000000004 1090.5000000000002 27.500000000000004 0.27324667572975164 0.30338051915168768 4.5000000000000009 8 4204.5000000000009 16.500000000000004 2.5000000000000004 29.500000000000004 2846.5000000000005 346.50000000000006 286.50000000000006 2878.5000000000005 2331.5000000000005 39.500000000000007 40.500000000000007 17.500000000000004 119.50000000000001 19.500000000000004 9 0.28753054141998297 10 6.5000000000000009 27.500000000000004 2.5000000000000004 0.22789479792118075 945.50000000000011 0.23049706220626834 2.5000000000000004 10.500000000000002 34.500000000000007 0.41125039756298071 17.500000000000004 0.25906063616275793 0.022518523968756202 1120.5000000000002 21.500000000000004 27.500000000000004 29.500000000000004 7.5000000000000009 4.5000000000000009 0.024422565475106243 2.5000000000000004 11 17.500000000000004 0.045219318941235549 56.500000000000007
decision_type=2 2 2 2 2 9 2 2 2 2 2 2 2 9 2 2 2 2 2 2 2 2 2 2 2 2 2 2 2 2 2 2 2 9 2 2 9 9 2 2 2 2 2 2 2 2 9 2 2 2 2 2 2 2 2 9 2 2 2 2 2 2 2 2 2 2 2 9 2 2 2 2 2 2 2 2 2 2 2 2 2 2 2 9 2 2 2 2 2 2 2 2 2 2 2 2 2 2 9 2 9 2 2 2 2 2 2 2 2 2 2 2 2 2 2 2 2 2 2 2 2 2 9 2 2 2
left_child=3 4 5 6 20 8 13 17 14 39 66 25 24 -1 95 37 22 71 33 -15 -2 64 23 59 -9 41 72 28 -10 53 63 -30 109 -13 50 38 -37 -5 54 48 77 113 104 68 -17 98 97 79 -7 -25 111 -52 -34 -29 -19 -23 110 80 76 -11 -21 62 -24 -28 75 -64 -8 -68 121 -65 101 124 88 -74 -18 -12 -38 -31 -47 82 -58 -55 -41 -66 85 86 -76 -87 89 90 -16 -90 -33 94 -84 -3 -97 -20 -22 -54 -61 -50 103 -78 125 -36 116 -92 -39 118 -40 -35 -113 -6 -71 -116 -43 -118 119 -14 -121 -44 123 -123 -4 -27
right_child=1 2 7 15 11 9 10 12 27 16 21 18 32 19 26 44 74 35 46 60 45 55 61 49 -26 42 30 29 31 40 -32 92 52 34 105 36 58 108 56 47 -42 106 43 -45 -46 78 -48 -49 70 -51 51 -53 99 81 -56 -57 57 -59 -60 100 -62 -63 65 69 83 -67 67 -69 -70 114 -72 -73 73 -75 84 -77 102 -79 -80 -81 -82 -83 93 -85 -86 87 -88 -89 91 -91 107 -93 -94 -95 -96 96 -98 -99 -100 -101 -102 -103 -104 -105 -106 -107 -108 -109 -110 -111 -112 112 -114 -115 115 -117 117 -119 -120 120 -122 122 -124 -125 -126 -127
leaf_value=42.399999999999999 43.799999999999997 46.799999999999997 47.799999999999997 47.819994544982912 47.869995653629303 45.200000000000003 43.200000000000003 52.389999139308927 51.399999999999999 48.899999999999999 44.299999999999997 48 48.5 42.600000000000001 49.700000000000003 46.399999999999999 48.169995248317719 54.269998419284818 52.34999910593033 44.5 45.600000000000001 49 47.849997603893279 52.739998507499692 59.200000000000003 44.5 47.969998204708098 49.219996762275699 52.799999999999997 52.569999206066129 54.700000000000003 62.419998025894166 61.439994335174561 45.299999999999997 46.969999325275424 56.259998583793639 47.739999198913573 44 48.099996304512025 46.469997513294217 51.600000000000001 45.299999999999997 45.259998154640201 44.600000000000001 49.100000000000001 46 48.600000000000001 45.399999999999999 47.100000000000001 48.299999999999997 49.359994816780087 44.799999999999997 51 51 51.299997329711914 46 48.199997091293334 50.100000000000001 49.600000000000001 47.200000000000003 43.799999999999997 48.5 52.689997351169588 52.289996421337129 44.899999999999999 56.100000000000001 43.700000000000003 44.600000000000001 52.200000000000003 44.439999103546143 45.700000000000003 50.700000000000003 49.739995670318606 54.559997296333314 53.859997987747192 46.5 47.5 57.409995567798617 50 50.5 53.779996895790099 53.71999454498291 47.089998805522917 46.669988572597504 51.200000000000003 53.519996738433839 47.200000000000003 46.829999005794527 60.659993219375608 48.200000000000003 53.719997692108151 48.5 62.98999794721604 55.439992809295653 51.700000000000003 49.399999999999999 47.559989619255063 54.249997460842131 44.600000000000001 53.100000000000001 45.799999999999997 51.519998931884764 56.359998822212219 54.649998199939731 46.200000000000003 50.729998791217803 48.399999999999999 49.600000000000001 45.799999999999997 46 52.50999964475632 45.979992055892943 48.100000000000001 50.700000000000003 52.139999055862425 47.079994392395022 52.699996376037596 44.959999036788943 47.729999029636382 50.049998676776887 54.529999554157257 46.999999690055844 47.399999999999999 56.799997687339783 53.179997444152832 46.5
leaf_weight=15970 17457 4082 4626 2289 1824 7138 13857 362 523 920 9868 5556 188 19985 3739 2330 1994 664 376 6892 8678 1891 336 627 391 11636 754 1359 241 112 312 139 199 5215 284 298 169 3480 1551 1044 404 3809 775 1305 4195 740 2372 939 2426 2448 2175 819 736 1222 1121 3907 306 5589 699 7992 24249 1937 102 1502 3515 146 6172 13571 208 189 2925 1405 228 163 212 1291 316 144 539 426 652 209 502 4794 439 343 939 140 159 5768 243 374 124 117 142 1594 4355 214 11146 537 4652 449 248 756 3203 508 873 878 3077 224 150 3333 912 414 100 113 381 405 408 112 188 131 1415 195 135 1246
leaf_count=15970 17457 4082 4626 2289 1824 7138 13857 362 523 920 9868 5556 188 19985 3739 2330 1994 664 376 6892 8678 1891 336 627 391 11636 754 1359 241 112 312 139 199 5215 284 298 169 3480 1551 1044 404 3809 775 1305 4195 740 2372 939 2426 2448 2175 819 736 1222 1121 3907 306 5589 699 7992 24249 1937 102 1502 3515 146 6172 13571 208 189 2925 1405 228 163 212 1291 316 144 539 426 652 209 502 4794 439 343 939 140 159 5768 243 374 124 117 142 1594 4355 214 11146 537 4652 449 248 756 3203 508 873 878 3077 224 150 3333 912 414 100 113 381 405 408 112 188 131 1415 195 135 1246
internal_value=45.9998 46.0026 46.0058 45.9962 45.9992 46.0043 45.9957 46.0107 46.0066 46.0026 45.997 46.0009 46.0172 45.9945 46.0056 46.001 46.0042 46.0095 46.0028 45.9952 45.9971 45.9988 46.0033 46.0026 46.029 45.9994 46.0073 46.0122 46.0183 46.0103 46.0111 46.0265 46.0138 46.002 46.001 46.0111 46.015 45.9988 46.0101 46.0002 46.0182 46.0017 45.9986 46.0015 46.004 45.9983 46.0077 46.0037 45.9994 46.0065 46.0005 46.0036 46.0176 46.0085 46.0148 46.0017 46.0091 46.0101 46.013 46.0017 45.9962 46.0078 46.0143 46.0097 45.9979 46.0259 45.9956 45.9964 46.0039 46.0118 46.0014 46.0064 46.0063 46.0148 46.0085 45.9968 46.0158 46.0287 46.0038 46.006 46.0178 46.0121 46.0043 45.9994 46.0111 46.0093 46.0065 46.0159 46.006 46.0057 46.0075 46.0129 46.036 46.0088 46.0063 46.0031 46.0044 46.0152 45.9979 46.0155 46.0013 46.0037 46.0173 46.0153 45.9978 46.0093 46.0001 46.0122 45.9974 46.0087 46.005 45.9995 46.0011 46.0054 46.0042 46.0111 45.9992 46.004 46.011 46.0154 46.0223 46.003 46.0049 46.0126 46.0052 45.9972
internal_weight=319872 178539 90395 141333 88144 68365 125962 22030 29030 39335 58866 49584 3345 67096 24553 15371 23227 18685 21764 51126 38560 25266 19160 16639 753 27820 14522 4477 1027 3450 2970 504 2592 18802 13246 12519 2486 8846 10033 16108 660 7706 20114 4029 6525 21103 2962 3170 12938 3075 12454 2994 1472 2790 1785 5798 8248 6547 2188 13564 31141 2521 584 2658 19468 248 33600 19743 2724 1904 5800 6166 11552 391 4067 11159 1489 256 1279 2231 958 1431 1805 8309 2073 1634 1151 483 11161 10628 4860 533 263 761 644 10031 5949 590 19824 1273 12644 2875 1320 1072 16085 792 5468 1121 6557 1120 1701 9460 4245 2238 402 213 4595 786 896 488 300 2516 1741 326 4761 12882
internal_count=319872 178539 90395 141333 88144 68365 125962 22030 29030 39335 58866 49584 3345 67096 24553 15371 23227 18685 21764 51126 38560 25266 19160 16639 753 27820 14522 4477 1027 3450 2970 504 2592 18802 13246 12519 2486 8846 10033 16108 660 7706 20114 4029 6525 21103 2962 3170 12938 3075 12454 2994 1472 2790 1785 5798 8248 6547 2188 13564 31141 2521 584 2658 19468 248 33600 19743 2724 1904 5800 6166 11552 391 4067 11159 1489 256 1279 2231 958 1431 1805 8309 2073 1634 1151 483 11161 10628 4860 533 263 761 644 10031 5949 590 19824 1273 12644 2875 1320 1072 16085 792 5468 1121 6557 1120 1701 9460 4245 2238 402 213 4595 786 896 488 300 2516 1741 326 4761 12882
cat_boundaries=0 1 2 3 4 5 6 7 8 9 10 11 12
cat_threshold=1845 4128 1573 272 1040 1292 1804 4240 4382 11825 10248 10512
is_linear=0
shrinkage=1


Tree=1
num_leaves=127
num_cat=93
split_feature=5 20 20 2 0 2 6 1 2 1 19 15 0 1 2 1 1 5 2 2 2 1 1 1 2 2 2 8 5 6 8 2 0 1 1 1 1 5 2 1 1 8 1 2 2 1 2 1 1 2 0 2 8 1 0 2 8 1 1 2 5 1 1 0 1 1 2 1 2 6 2 0 15 2 8 6 8 8 2 1 2 2 1 1 2 1 1 1 1 2 2 5 2 8 2 1 5 8 1 2 6 8 1 1 0 2 1 1 8 2 2 2 2 2 8 1 20 21 1 2 12 1 2 1 2 2
split_gain=270.56 112.563 53.8027 42.0262 29.9571 23.6015 21.4473 22.9281 19.3663 16.4583 14.608 13.3624 13.3336 12.9747 11.9557 11.8952 11.2385 10.6221 9.94444 9.58111 9.41885 9.34834 8.92686 8.6627 8.78014 8.26279 8.2171 8.04457 7.6862 7.35254 9.85321 7.30911 7.1205 6.82098 6.73681 6.28238 6.20748 6.09975 6.16169 6.08927 5.93352 5.92185 7.70325 7.22966 5.89302 6.30054 5.58865 5.41433 5.21328 5.20983 5.19712 5.15337 5.01029 4.93597 4.80817 4.75896 4.74733 4.72715 4.59433 4.49394 4.44303 4.35094 4.33018 3.97682 3.92682 3.85698 3.81016 3.79216 3.75979 3.70691 5.59957 3.69102 3.79389 3.64725 3.64641 3.7239 4.89555 3.65622 3.57363 3.57303 3.56283 3.55436 3.55359 3.4948 3.35708 3.33456 3.20575 3.18788 3.15351 3.14887 3.10914 3.0555 3.04984 3.04558 3.02264 2.99727 2.97777 2.97451 2.97267 2.94692 2.94676 2.95969 2.92451 2.80307 2.80067 2.79422 2.74383 2.73419 2.72127 2.71874 2.71637 2.71141 2.70251 2.68544 2.67311 2.6643 2.65912 3.35245 2.6396 2.58501 2.58247 2.56083 2.55975 3.01909 2.73313 2.55253
threshold=820.50000000000011 0.23122172802686694 0.22478370368480685 0 1 2 4.5000000000000009 3 4 5 0.021870749071240429 4011.0000000000005 6 7 8 9 10 525.50000000000011 11 12 13 14 15 16 17 18 19 22.500000000000004 645.50000000000011 6.5000000000000009 3.5000000000000004 20 21 22 23 24 25 575.50000000000011 26 27 28 16.500000000000004 29 30 31 32 33 34 35 36 37 38 29.500000000000004 39 40 41 1.5000000000000002 42 43 44 520.50000000000011 45 46 47 48 49 50 51 52 1.5000000000000002 53 54 4096.0000000000009 55 15.500000000000002 6.5000000000000009 3.5000000000000004 1.5000000000000002 56 57 58 59 60 61 62 63 64 65 66 67 68 970.50000000000011 69 16.500000000000004 70 71 640.50000000000011 22.500000000000004 72 73 6.5000000000000009 3.5000000000000004 74 75 76 77 78 79 29.500000000000004 80 81 82 83 84 29.500000000000004 85 0.29124058783054357 0.035292306914925582 86 87 918.50000000000011 88 89 90 91 92
decision_type=2 2 2 9 9 9 2 9 9 9 2 2 9 9 9 9 9 2 9 9 9 9 9 9 9 9 9 2 2 2 2 9 9 9 9 9 9 2 9 9 9 2 9 9 9 9 9 9 9 9 9 9 2 9 9 9 2 9 9 9 2 9 9 9 9 9 9 9 9 2 9 9 2 9 2 2 2 2 9 9 9 9 9 9 9 9 9 9 9 9 9 2 9 2 9 9 2 2 9 9 2 2 9 9 9 9 9 9 2 9 9 9 9 9 2 9 2 2 9 9 2 9 9 9 9 9
left_child=2 5 10 15 20 13 7 18 16 19 17 12 34 -2 60 -3 74 54 104 -7 53 -16 81 24 91 87 48 29 33 50 56 -19 -29 -23 119 -12 -13 55 86 97 109 49 43 -43 -30 68 114 93 -9 -24 121 -36 -45 -4 -1 -37 -31 -18 -40 -35 -6 -56 -57 -21 -52 -51 -42 84 -46 70 85 -41 80 -38 75 -8 77 -77 -67 89 -73 -14 -62 -71 -27 -49 -39 -25 -80 -61 -81 -10 -20 94 -28 -34 -22 -15 -47 120 118 -102 -48 112 -5 -60 -32 -63 -76 -33 -64 -104 -68 -98 -44 -75 -84 -118 -59 -11 -85 -17 -105 124 -124 -100
right_child=1 3 4 6 14 9 8 26 23 11 35 36 22 39 21 27 57 31 92 63 96 28 41 25 -26 67 47 32 44 30 106 40 95 59 51 37 73 38 58 71 66 42 46 52 45 98 102 69 -50 65 64 -53 -54 -55 61 62 -58 100 105 79 82 107 110 -65 -66 78 103 -69 -70 83 -72 72 -74 115 108 76 -78 -79 88 90 -82 -83 116 99 -86 -87 -88 -89 -90 -91 -92 -93 -94 -95 -96 -97 113 -99 125 -101 101 -103 111 122 -106 -107 -108 -109 -110 -111 -112 -113 -114 -115 -116 -117 117 -119 -120 -121 -122 -123 123 -125 -126 -127
leaf_value=-3.3399999999999999 -1.1680022144317626 1.5499986338615419 2.1049996364116672 3.3800000290784737 -0.010000808238982939 -0.58900088906288139 4.4699969434738156 -0.73000054836273165 3.4399999999999999 -0.96000000000000019 3.031999378204346 4.037998688220978 3.1099976372718814 1.3879990053176878 4.9759987998008732 6.2779993772450151 0.34859830369314015 0.5239987063407896 0.33799942731857291 3.1259994673728944 -2.3970019233226778 -2.5190005624294285 0.42000000000000032 3.7339987492561342 1.8809993612766265 -0.94120077805330637 -1.24600109577179 11.166100136898134 -1.3130003559589389 7.0680001115791953 8.5199982404708869 -1.6140004134178163 2.7299967813491821 -2.5 2.4759986543655397 0.97299819588661196 2.6459982848167418 -1.2201999977063112 1.267998490333557 6.3397999178834006 -2.8200000000000003 -0.82200119948876216 3.5129986131191262 5.6315974325230833 0.62000000000000033 -1.1896006044351519 -2.3799999999999999 5.369599252845652 2.2148967696536714 -2.4670006239414217 3.4339984250068669 -0.11900191903114346 -0.75000020265579226 -0.7799999999999998 0.6399999999999999 -2.9600000000000004 15.549999516010287 2.3539982318878172 -0.038001275062560867 3.5909996831417086 1.4200000000000004 -3.1799999999999997 -2.8320009636878964 6.667999267578125 1.6979986476898192 -0.52500156760215766 1.5799991820057437 -0.24440111651553298 4.5312003343114631 -1.8700000000000003 -0.44190067990961168 4.9739993214607239 10.180598799847333 -0.90000000000000002 11.45520017892138 8.2009935152530673 7.2845999344868746 10.699998331069947 -2.3260015487670898 1.1969995343685151 1.5788001353359264 0.33999999999999986 4.2719991638911647 0.40799624204635609 2.2278001393718707 1.2200000000000004 3.6609980438128993 1.4700000000000004 -1.4200000000000004 0.39999964714050296 -0.7799999999999998 5.1883949468774508 3.2749993384096747 3.9513985196145747 1.7799999999999998 7.6399973177909857 -2.1210002887248995 4.3442996999702199 2.739998645782471 -0.81820012008407961 8.4323991719252156 5.8113943468160016 -1.9280002522468564 -2.3840020847320558 6.3879937362670907 -1.8720032930374146 4.8739993572235107 -2.6799999999999997 4.0061998527532703 1.7064992129509819 -1.6600000000000001 -0.17999999999999972 -1.3799999999999999 -0.70000000000000007 -2.2300006842613223 0.97349904036852708 5.3899993920290115 10.074998208284379 4.664792527830774 3.8059987998008733 3.9979992532730102 4.5900002956176982 -0.2234091437441407 -2.1730032885074619 -1.7669988572597504 0.49299944880617508
leaf_weight=11605 1549 1911 1526 1240 566 1244 1283 1151 835 320 1305 918 992 2087 1679 643 824 2714 1202 2235 8068 2360 2910 2624 2680 655 767 318 1494 176 370 868 271 1026 1412 1237 1200 632 1584 814 3724 888 832 1155 593 849 1323 640 8104 2618 3304 8050 426 4107 1157 4859 204 1237 2675 1330 636 4765 2022 1025 1419 6576 731 3967 1717 1380 2108 1424 109 1048 489 107 558 126 6497 1954 1237 4310 1016 2628 2913 929 1627 2041 15688 1481 6023 2550 3336 732 2046 751 1212 340 2841 5665 305 1144 1059 8745 1643 6907 675 21291 174 1076 12767 3440 3648 4496 288 3216 411 168 1439 1679 175 2423 3313 13794 7003 3398
leaf_count=11605 1549 1911 1526 1240 566 1244 1283 1151 835 320 1305 918 992 2087 1679 643 824 2714 1202 2235 8068 2360 2910 2624 2680 655 767 318 1494 176 370 868 271 1026 1412 1237 1200 632 1584 814 3724 888 832 1155 593 849 1323 640 8104 2618 3304 8050 426 4107 1157 4859 204 1237 2675 1330 636 4765 2022 1025 1419 6576 731 3967 1717 1380 2108 1424 109 1048 489 107 558 126 6497 1954 1237 4310 1016 2628 2913 929 1627 2041 15688 1481 6023 2550 3336 732 2046 751 1212 340 2841 5665 305 1144 1059 8745 1643 6907 675 21291 174 1076 12767 3440 3648 4496 288 3216 411 168 1439 1679 175 2423 3313 13794 7003 3398
internal_value=-0.000304966 0.00277015 -0.00305385 0.00562456 -0.00025965 0.000159802 0.00451923 0.00285782 0.00668144 -0.000403455 -0.00419321 -0.000797998 -0.00125747 0.00546895 0.0017454 0.0109058 0.010894 -0.00490964 0.00776342 0.00544085 -0.00331068 0.00109325 -0.00197544 0.00490013 0.00799177 0.0033579 0.00147142 0.0122264 0.00060775 0.0111852 0.0177895 -0.00387496 0.0194776 -0.000927052 0.00181239 -0.00249474 0.00355374 -0.0027535 -0.00109125 0.00757183 -0.00419277 -0.00244567 -0.000224208 0.00456232 0.00260558 0.00353104 -0.00193038 0.000169787 0.0038694 -0.00305608 0.00997689 0.000694677 0.00860465 0.00013645 -0.00612551 -0.00382332 0.0315789 0.00800766 -0.0020544 5.58163e-05 0.00795511 -0.00538993 -0.00420084 0.00828746 0.00783224 -0.00343082 -0.00444933 0.0013055 0.00806034 -0.000742522 0.00196627 0.0102003 0.00838129 0.00225794 0.0160648 0.0140598 0.0194564 0.0316309 -0.00309374 0.000659379 0.00766253 0.00189759 0.00999103 -0.00175467 0.00366685 0.00646612 0.0036624 0.0066631 -0.00370129 0.00371854 -0.000421938 0.0113844 0.0048197 0.00364275 0.00215784 0.0149031 -0.00471928 0.00366434 0.00204564 -0.000988443 0.0093954 0.0130504 -0.00317559 -0.00414134 0.0123643 -0.00287949 0.0127751 -0.00565718 0.0225792 0.00120778 -0.00334415 -0.00194944 -0.00175211 -0.00297477 0.00451327 0.000879736 0.0124922 0.0179793 0.00745142 0.00707317 0.00166015 0.013212 -0.00445915 -0.00392206 -0.00262057 0.00280205
internal_weight=320071 151071 169000 72162 48951 78909 59697 33746 25951 71349 120049 66845 60463 7560 29542 12465 7686 84434 7421 4504 19409 26745 49002 18265 6065 12200 26325 10554 25066 9214 1425 45616 1340 14174 11461 35615 6382 34310 13425 6011 42902 43700 9411 2469 10892 9398 6942 17070 9255 34289 7789 9462 1581 5633 38818 20885 380 4949 11166 11814 2797 27213 19648 3260 4723 31379 40958 7535 2310 13525 3677 3584 2770 5464 2737 2074 791 233 28761 10788 2661 5302 2231 9848 3568 1569 2259 4665 22185 2811 7977 3385 4538 3545 2813 1022 13776 2427 7088 8468 4125 1449 5822 37234 2883 9582 1045 26056 663 1944 14789 4499 4379 5708 1120 4264 1595 579 2676 1999 2803 3066 32855 24110 10316 6239
internal_count=320071 151071 169000 72162 48951 78909 59697 33746 25951 71349 120049 66845 60463 7560 29542 12465 7686 84434 7421 4504 19409 26745 49002 18265 6065 12200 26325 10554 25066 9214 1425 45616 1340 14174 11461 35615 6382 34310 13425 6011 42902 43700 9411 2469 10892 9398 6942 17070 9255 34289 7789 9462 1581 5633 38818 20885 380 4949 11166 11814 2797 27213 19648 3260 4723 31379 40958 7535 2310 13525 3677 3584 2770 5464 2737 2074 791 233 28761 10788 2661 5302 2231 9848 3568 1569 2259 4665 22185 2811 7977 3385 4538 3545 2813 1022 13776 2427 7088 8468 4125 1449 5822 37234 2883 9582 1045 26056 663 1944 14789 4499 4379 5708 1120 4264 1595 579 2676 1999 2803 3066 32855 24110 10316 6239
cat_boundaries=0 11 12 23 34 45 57 58 69 80 91 102 113 125 137 149 160 171 183 194 205 215 216 227 239 250 260 272 283 294 305 316 327 338 349 360 371 383 384 395 406 407 419 431 443 455 467 479 480 491 502 513 524 535 546 547 558 570 582 593 603 614 626 638 648 659 670 682 693 705 717 728 738 749 761 772 784 785 796 806 817 827 838 849 860 871 882 893 904 915 926 937 948 959
cat_threshold=2101505 1109430272 16785408 2315387138 2048 131072 268698688 0 33554434 2684882944 2147483648 14370 100667521 134250752 16785410 2281833472 2147614976 33554432 1049664 2155872512 4194434 524304 65536 136314880 2151682048 16785408 704643073 3221233696 0 263280 2155872256 2101248 2625538 2164260928 268976128 201326592 276824066 536870920 2684362752 8454208 13632000 8388609 1084227712 33555008 589888 2148007936 1210187776 8199 33554560 537919488 266240 268435520 2155872320 67141632 33558529 1122304 64 9009 147457 0 262145 262272 2415923200 671092800 4194816 2147487752 2097169 2884864 16777285 544768 1212158976 10498049 135528708 537925632 200 0 8576 0 128 5120 16384 119570436 4194688 134217728 536870912 570426368 2181562368 526850 4098 1074922240 4196608 8912896 4198400 419438880 2718171140 536870912 66592 9437200 8389120 136314880 2097664 65792 16777216 2218787840 402654498 537919488 8192 33555464 2147483648 2155878402 134217729 1376 285212673 403718400 4608 13107329 0 12288 536875008 37756944 17334280 1207959553 131340 0 8 270548992 67113216 16777217 167903236 1048576 1066304 33554504 25165825 1350565890 1048832 2147483648 8 2150109184 2147483650 262178 672399618 0 4096 268435456 522 65536 33560576 16778752 16 86144 1052816 29360128 1179656 33554432 1179648 131072 8704 37750792 2097216 9048320 268976128 37748736 268701696 33685512 0 1056 1180480 2156920832 234885120 36184064 65856 26214400 17826816 134217856 0 0 671092768 0 2168984064 135267336 1075183624 257 8 131072 4196358 138674209 2097156 67108868 1207959840 2181562640 2147518464 67108896 1048832 276824064 8912896 1048580 134479872 8652812 0 402702336 1573408 25166338 1073745960 1049088 590080 528386 135808 16793604 134349060 538054720 1073742080 134221856 32768 574619650 537395328 5904 285229056 2048 524417 33554436 8192 16640 2151809024 2147516544 1149239313 6555144 589824 25182208 1028 0 536889344 2176 66624 1049136 526337 136315904 3015168 272760832 8 524549 1081344 524288 2150629632 2176 268439616 2147746816 136 1048609 402659328 402653216 8388608 4100 16781312 8 0 1032 34734080 526338 9 1049088 25182212 1212154368 0 2551185408 4352 167776512 2147745808 8391177 1048576 1076887552 4 8 3145728 0 159908226 671121408 67109120 1312 33554448 16810496 1207964672 1611661312 4194560 16777344 4194308 266240 3932168 2147518496 1073762304 272662528 320 65536 534664 1114112 268435460 33554436 134222208 2304 2147485696 138412072 42991616 1052673 1082135552 1024 2151678016 8912896 33560580 272892320 0 67108864 134217728 655872 530432 1048593 1074790912 8913156 131204 118489088 134480000 10485760 67117060 536870912 71565568 17826304 1048577 10 289406977 16384 4194308 0 44171264 537927680 81952 1049088 25988096 1024 5374536 276828160 25231360 1140854784 256 2048 268437508 1073840160 168296960 20971522 134222848 2228544 64 277348352 134219776 8421666 264192 536871936 138608640 1049344 1053184 1049608 2048 13107712 524292 1207959552 4608 2099204 603980032 33570856 134217856 4096 101711873 1207962176 4194309 655360 71303696 0 537919490 9344 9474304 4 632 1610612736 1052928 2147483648 16 1956 9437184 1024 8388608 16388 0 32768 348652048 4196352 8388608 673317448 13238592 268451840 2 138412033 131336 67119104 541065472 0 12587520 1048704 258 65600 12292 8388868 1107296256 2097153 268435712 75497472 9506816 67633680 4608 134217729 272629760 2441086208 2 16777220 50331648 36865 0 268441600 536870912 0 18382848 1073741873 1048704 29360128 8 8390656 4194304 8194 1107296270 0 135331840 4194820 1048610 136314880 536872200 2156462340 8 268435460 83886084 32 2048 268435456 256 2227838992 4200448 2098209 33685504 12585216 8 134234112 0 10502146 33028 301989888 33571840 79692928 106 33587200 2147483776 17891328 24 0 8392708 320 1778384896 256 134217984 1056768 2148565012 1210057728 131136 524864 8 14726 1048576 4199424 419430400 262144 4096 131072 64 2172653569 1074791432 536871948 524288 20971522 16785984 1065472 8388864 75505728 1073741824 4194320 430112 8392704 8320 2420113440 287309824 2048 45057 545275904 1342709760 1089600 4195328 17174786 1024 8 2147483648 8388608 16782336 155189280 0 2048 131072 33554432 21661697 1073742858 672137352 8388608 9437184 0 0 33554432 2147483648 134348832 2149057536 2147483648 1073741824 536871680 524288 17825792 8390656 272633985 0 603979776 65696 42074112 2153250817 134217857 256 8388672 1557 9437184 12589056 32 33554440 0 536870912 2147614720 0 1075838977 1075053058 13107200 2147483648 8388736 402670112 0 402653184 4653056 4194304 1083394 2166792 1077938688 4160 66 1048708 1283457060 8192 16777217 2214597632 1120 1310784 29360128 16777248 134225920 12288 64 1 134217728 8192 131072 0 0 0 2155872256 4194434 524288 65536 16388 5120 288 2048 6144 132096 655360 4608 1073741848 537920512 0 4199424 134217856 262144 0 196640 0 2147489793 16 0 524352 16777220 25165828 4096 2113540 67110912 33864 9043968 131074 1073741824 1107297856 268436480 8 65540 32 16384 8404992 268435456 5120 128 16778752 1048577 134351872 4194309 8 1048576 16777216 268435456 8 67108864 40 0 131073 16 1074791168 411041792 12583936 17047681 5 8192 66560 1572864 512 0 536871240 2148073472 8388608 8392704 155189632 16384 603979776 671219712 524288 4197123 16 1074790400 4718597 8388608 4194304 268439680 2113536 2147483652 541155400 8388608 269485060 3145729 1073875968 68 8 1048576 33554432 402653184 2717908992 0 134349856 1536 2156396544 1207959552 538186304 268435456 3145728 8388610 258 2149580800 2214592512 1107476480 1048640 1049090 134221824 537921544 65536 16 301989888 134217730 4260480 2048 268435712 266592 528 524416 2101248 1075970568 4194564 8 0 4194304 257 0 805306368 40 41943040 4198401 136314881 1208090626 5 1048576 4096 0 0 0 131072 0 0 134217736 536870976 16777220 2099200 4097 1152 67110916 34056 100663296 1052928 3145728 671096832 2148008000 268582912 4195360 2 536871040 4356 536872296 33554432 8 8388624 33819026 272629760 64 16777216 67108864 268435456 547618820 335552516 106688 525056 5014528 1 675282944 268435968 67125249 67112962 16640 562053124 1082130436 0 33555968 8914952 67108992 2147487824 4194308 8 14358 33554720 6148 161480706 33554560 2048 1073807488 1048640 0 8651784 570425888 289406976 0 0 285212704 33554432 0 32 0 2155872257 0 536870912 4194309 16783488 272629760 16384 67141664 8328 768 2148274177 20971531 2 8388673 277872640 16777216 4194304 0 0 671088640 8388672 6144 16 1074003968 16908288 2098182 12648448 2149974016 4352 134348808 131072 0 1084232736 135267136 65537 131076 20974612 262273 574111744 4096 1024 144 263168 1140850696 1107296768 772 8388608 8388608 0 0 67110912 537001992 0 1050625 1048576 135267328 268435972 76546048 0 128 392 4096 65536 13107200 4360704 136314880 1074266632 281018372 268500992 29362176 32 18432 67108868 1073741888 2147483904 266241 134218752 131074 4718660 1048576 1028 128 0 0 134348800 576 0 5128 1073742152 4 0 0 32 33554444 2048 536870920 0 0 0 537919488 2415919360 0 4194304 16777217 131072 2048 196864 0 2164260865 134217728 0 65536 67125252 20972804 0 2099208 32 536870920 0 1048576 1149239297 6693952 4718853 0 33554432 146800768 2048 1056832 671088640 1048704 2152988673 9470992 5243138 2148008000 8388608 2097184 272629920 130 33554432 134238240 2155872960 2424307776 18878464 256 5120 16777216 4 268435712 16924808 2147483648 16672 35127296 12621856 1082130432 1108346112 2155872256
is_linear=0
shrinkage=0.1


Tree=2
num_leaves=127
num_cat=78
split_feature=5 16 16 19 6 19 8 8 4 2 1 2 2 5 2 1 1 2 2 2 8 8 2 5 2 2 1 1 1 1 1 1 2 1 1 1 2 6 1 1 2 1 15 2 15 4 2 1 2 1 1 2 2 2 1 1 2 8 8 2 1 2 1 1 1 5 1 8 8 5 1 2 13 2 1 2 2 8 2 2 8 2 1 2 13 5 1 1 15 1 16 8 6 2 1 2 6 1 2 6 5 1 1 1 1 8 8 8 6 17 2 2 8 8 8 2 1 2 2 8 8 1 6 15 1 5
split_gain=211.219 126.371 32.0999 26.7809 25.8713 17.7174 16.1155 16.1 12.259 13.1914 12.1256 11.3982 9.8732 9.68155 10.159 9.06256 8.782 8.11535 7.96377 7.87578 7.50796 7.4699 8.78199 7.05065 9.19219 6.82714 6.90134 6.79452 6.69021 6.34271 6.28454 6.07763 5.73703 5.6463 5.52222 5.51925 5.45812 5.29104 5.2792 5.1832 4.74311 4.71858 4.55914 4.55575 4.36705 4.26788 4.20941 4.3877 4.16569 4.1609 4.08447 4.01294 3.99275 4.11674 3.96426 3.9609 3.95586 4.48661 7.70143 3.9465 3.9433 3.84306 3.68677 3.65762 3.59597 3.55806 3.42997 3.37833 5.80809 3.34788 3.31369 3.31064 3.30352 3.27709 3.22126 3.18889 3.17138 3.12587 5.20586 4.46581 3.10234 3.09294 3.08558 3.07184 3.05014 2.94802 2.92272 2.91072 2.82386 2.61632 2.61493 2.6027 2.60119 4.16137 3.68468 2.64692 2.52519 2.46177 2.47647 2.45729 2.66197 2.86583 2.40567 2.40549 2.36805 2.52032 5.80894 2.64375 2.36487 2.30052 2.28884 2.28847 2.27808 8.95752 2.66574 2.27112 2.26379 2.26109 2.25305 2.24768 2.22343 4.00167 2.22334 2.22005 2.5237 2.2161
threshold=695.50000000000011 0.2324115335941315 0.17804597318172458 0.021541289985179905 6.5000000000000009 0.023127442225813869 3.5000000000000004 1.5000000000000002 16.500000000000004 0 1 2 3 525.50000000000011 4 5 6 7 8 9 2.5000000000000004 22.500000000000004 10 464.50000000000006 11 12 13 14 15 16 17 18 19 20 21 22 23 4.5000000000000009 24 25 26 27 3057.0000000000005 28 4011.0000000000005 18.500000000000004 29 30 31 32 33 34 35 36 37 38 39 9.5000000000000018 10.500000000000002 40 41 42 43 44 45 970.50000000000011 46 9.5000000000000018 12.500000000000002 890.50000000000011 47 48 99.500000000000014 49 50 51 52 5.5000000000000009 53 54 29.500000000000004 55 56 57 28.500000000000004 1055.5000000000002 58 59 3810.5000000000005 60 0.29887905716896063 22.500000000000004 4.5000000000000009 61 62 63 5.5000000000000009 64 65 1.5000000000000002 1005.5000000000001 66 67 68 69 21.500000000000004 28.500000000000004 12.500000000000002 3.5000000000000004 0.010906294919550421 70 71 21.500000000000004 29.500000000000004 24.500000000000004 72 73 74 75 17.500000000000004 3.5000000000000004 76 3.5000000000000004 4164.5000000000009 77 970.50000000000011
decision_type=2 2 2 2 2 2 2 2 2 9 9 9 9 2 9 9 9 9 9 9 2 2 9 2 9 9 9 9 9 9 9 9 9 9 9 9 9 2 9 9 9 9 2 9 2 2 9 9 9 9 9 9 9 9 9 9 9 2 2 9 9 9 9 9 9 2 9 2 2 2 9 9 2 9 9 9 9 2 9 9 2 9 9 9 2 2 9 9 2 9 2 2 2 9 9 9 2 9 9 2 2 9 9 9 9 2 2 2 2 2 9 9 2 2 2 9 9 9 9 2 2 9 2 2 9 2
left_child=3 2 27 13 5 16 7 36 29 33 19 -7 15 31 63 109 81 45 70 -5 84 25 -23 66 41 26 -13 73 51 -4 -27 -1 50 91 83 115 -6 64 75 -19 -37 -25 86 -14 52 103 -31 71 90 -32 -16 125 -42 60 -22 -45 -41 -58 -59 -49 -54 -36 -39 -15 -17 -50 -12 -47 -69 -28 -18 -48 92 -2 -34 -20 -21 78 -51 119 -30 -3 -46 -26 -9 -83 110 -55 -72 -35 -40 -10 94 -94 95 -57 -78 -76 -99 -80 117 -102 -61 -8 -60 107 -107 -106 -53 -11 -33 -88 120 114 -114 -29 -68 -101 122 -79 121 -64 -81 124 -122 -24
right_child=1 4 8 10 6 11 17 20 9 12 23 21 43 14 32 37 18 39 38 76 54 22 28 24 34 30 69 35 80 46 49 42 74 89 61 40 -38 62 48 56 44 -43 -44 55 82 67 47 59 65 77 -52 108 53 87 -56 72 57 58 104 102 -62 -63 112 -65 -66 -67 116 68 -70 -71 88 -73 -74 -75 97 -77 96 79 99 118 -82 85 -84 -85 -86 -87 111 -89 -90 -91 -92 -93 93 -95 -96 -97 -98 98 -100 100 101 -103 -104 -105 105 106 -108 -109 -110 -111 -112 -113 113 -115 -116 -117 -118 -119 -120 -121 123 -123 -124 -125 -126 -127
leaf_value=1.4302969942795496 2.6924838870001833 7.0737600348371972 3.9037887023679603 4.7907990990238671 6.8605006507511268 -0.30667062241753956 -1.168332463501214 14.849298684978187 3.7585069480705813 2.8452983113291901 -3.1640000000000001 0.33147955734196283 -1.3085156375149927 -1.2018805654490645 0.67825997470550292 1.4127513972197372 -0.0370423543136685 5.2697353811070791 0.60721749042614481 -1.9858505162017519 10.988486047779475 1.4493236674120504 6.4716772160773246 4.5685548072381339 -1.1058601592563249 5.3704784912819488 3.0913166243956245 -0.82628232000453306 6.0088615413676436 -1.9841005106758534 -0.2686810093209045 0.41714976024731798 0.079929458150607771 -0.40457821655477233 0.12930043461609259 -1.9953219873536032 2.0208159713825262 0.27582957751693954 1.2066001250743867 -0.53810007116940806 0.81279999356170007 0.14799787708970699 -2.9060000000000006 1.3207987951187539 1.4783884397617486 3.8704082852811874 -0.97297977209179864 0.86012345028344184 -1.0576756503680087 0.59468957812625634 -1.5951811129963394 10.560719844988149 1.0184953044450531 -0.037999999999999548 7.0307984927405149 0.99495069396267821 0.54885995969601642 12.978195936316528 -0.27240034937858582 -1.8403777524937581 -0.96648067817137662 -1.4516113314010788 7.4899181218913036 1.7075586568051393 -0.2642841834091702 0.67836089984985626 -2.3836004598658427 12.609933694863789 6.1341990518615077 4.2781970110007892 2.5055210298724013 1.6519001919031142 4.4155203577008555 -0.18105096925094188 -2.7965008524772172 -1.2914491214576236 -0.24580102324485742 3.2911995749223948 6.1040485928974846 1.0583991300300359 2.0760001556703487 2.5122060131190267 -0.15500260949134842 3.7407991247177126 8.9766958463612578 5.5521793726586113 -3.1420000000000003 -1.7174960890154924 4.9506743039790591 2.6010992985302419 3.1971067634276973 6.4039401544927346 2.2175104996483106 -0.0025518291657567384 -1.3511918817920929 -0.63970833560571039 3.0443885517223972 -1.4068606411544391 -2.1080100281430001 0.48771623486204291 1.3326793337085407 4.9971997411718085 -0.7329399632376834 4.5185227472343739 9.280363381102898 11.158985388315761 2.4561993640417024 1.6565992777537035 3.7293279259910714 6.9452079580013324 -2.3920008630752565 -2.3136011791229247 4.2693006136156555 -0.75339995179171759 8.4487378019852724 -2.4814617319653607 -1.4140000000000001 5.9628767306546058 -0.10510029283915628 6.3801920599932629 -0.21799999999999997 2.364934113885889 2.9625000035612983 7.7292061238166312 2.1394795615723834 9.7332060789470649
leaf_weight=1141 1180 322 1039 1911 330 2350 210 160 2471 296 2445 1138 1868 1727 2460 3168 954 1395 1141 738 462 1003 203 1329 985 1335 2095 1695 948 1356 1757 1202 1250 850 3725 3802 827 1542 8872 961 1661 1483 14876 3609 1087 523 1165 1996 3310 1354 4853 285 3076 2638 541 2719 1533 135 348 2382 7078 14380 229 2495 5337 4516 4860 109 589 4446 3997 3426 106 1726 3766 2379 1892 1681 602 2277 841 766 2190 1413 105 368 2633 18363 604 3302 1572 398 1309 6603 3949 3765 802 5889 14172 953 523 1446 12988 878 105 178 345 870 360 735 1811 24729 136 311 316 4328 10350 765 2338 216 1078 842 1961 103 1783 283
leaf_count=1141 1180 322 1039 1911 330 2350 210 160 2471 296 2445 1138 1868 1727 2460 3168 954 1395 1141 738 462 1003 203 1329 985 1335 2095 1695 948 1356 1757 1202 1250 850 3725 3802 827 1542 8872 961 1661 1483 14876 3609 1087 523 1165 1996 3310 1354 4853 285 3076 2638 541 2719 1533 135 348 2382 7078 14380 229 2495 5337 4516 4860 109 589 4446 3997 3426 106 1726 3766 2379 1892 1681 602 2277 841 766 2190 1413 105 368 2633 18363 604 3302 1572 398 1309 6603 3949 3765 802 5889 14172 953 523 1446 12988 878 105 178 345 870 360 735 1811 24729 136 311 316 4328 10350 765 2338 216 1078 842 1961 103 1783 283
internal_value=-0.000507157 0.00160962 -0.000365083 -0.00362652 0.00496776 0.00416254 0.00952093 0.0166804 0.000989503 0.00193593 -0.00169996 0.00581515 0.00122972 -0.00470146 -0.00348574 0.00316253 0.00237457 0.00739821 0.00196856 0.00277788 0.0244637 0.00636016 0.010418 -0.00228404 -0.00114304 0.00572307 0.00820783 -0.00233984 0.0131741 -0.000830324 0.0046068 -0.00566089 -0.00408642 0.00592945 -0.00187832 -0.0026363 0.00815039 0.00252777 0.0011055 0.00539115 -0.002209 0.00420978 -0.0058419 -5.34739e-05 -0.00185386 0.0124235 -0.00117181 -0.000836257 0.00178884 0.00404646 -0.00161546 0.0192726 -0.00220198 -0.00245628 0.0205085 0.000348888 0.00371237 0.00526674 0.00842504 -0.00156308 -0.000800868 -0.00247585 0.00471609 0.00112949 0.000899469 4.33871e-05 -0.00379213 0.0165356 0.0210888 0.00946268 0.00534591 0.00191045 -0.000244301 0.00234568 -0.00480608 -0.00243626 -9.29716e-05 0.00461843 0.00644515 0.00340729 0.0092329 0.00991814 0.00162649 0.00262458 0.039434 0.00730769 -0.00514074 -0.00325592 0.00646064 0.00355117 0.00309546 0.00934699 -0.000346146 0.00102123 -0.00138311 8.62311e-05 0.00150148 -0.0050665 -0.0046191 0.00814375 0.00719555 0.00970543 -0.00210663 0.00792279 0.00673889 0.00843501 0.0140918 0.00548718 0.0135114 0.0121902 -0.00216011 -0.00546617 0.00607737 0.0111009 0.0200885 -0.00545831 -0.00322602 0.00431897 0.00216216 0.00767173 0.0051425 0.00904762 0.00353578 0.00373144 0.00321216 0.0264919
internal_weight=319883 190566 120001 129317 70565 59961 10604 2425 71177 46825 46313 31160 39804 83004 36612 15876 28801 8179 27345 5343 1268 28810 3923 40970 23315 24887 7679 48824 2920 24352 17208 46392 32390 7021 20503 45918 1157 14845 21790 5870 39895 2812 45251 23928 36093 2309 23313 21957 18270 15873 7313 1131 32816 31155 1003 22060 4475 3514 1981 17366 10154 18105 6340 4222 8505 7826 17655 1221 698 6541 5555 4591 18451 2906 25077 3520 3432 14116 5643 8473 1789 1456 3277 2398 265 1134 30375 21001 4601 4152 10444 2869 18345 7912 10433 6484 2694 23827 20061 4289 3687 1969 15370 1088 1846 1498 523 975 645 1031 3013 27362 4798 763 452 6023 15210 1718 6576 1897 4035 1071 4238 2964 2861 486
internal_count=319883 190566 120001 129317 70565 59961 10604 2425 71177 46825 46313 31160 39804 83004 36612 15876 28801 8179 27345 5343 1268 28810 3923 40970 23315 24887 7679 48824 2920 24352 17208 46392 32390 7021 20503 45918 1157 14845 21790 5870 39895 2812 45251 23928 36093 2309 23313 21957 18270 15873 7313 1131 32816 31155 1003 22060 4475 3514 1981 17366 10154 18105 6340 4222 8505 7826 17655 1221 698 6541 5555 4591 18451 2906 25077 3520 3432 14116 5643 8473 1789 1456 3277 2398 265 1134 30375 21001 4601 4152 10444 2869 18345 7912 10433 6484 2694 23827 20061 4289 3687 1969 15370 1088 1846 1498 523 975 645 1031 3013 27362 4798 763 452 6023 15210 1718 6576 1897 4035 1071 4238 2964 2861 486
cat_boundaries=0 11 23 34 46 58 69 81 93 104 115 126 137 149 160 172 183 195 206 218 229 240 251 262 273 284 295 306 317 328 340 351 363 374 385 395 407 419 428 439 450 461 472 484 496 507 519 530 541 552 563 575 585 596 607 618 628 639 650 661 672 683 695 706 717 728 740 750 761 771 782 793 805 816 827 838 849 859 871
cat_threshold=528512 167776256 25165952 2164392193 2147491848 8519712 1049152 2155872256 8388608 524304 16973888 2281717761 2147491840 270340 3145984 1073741824 276828224 1024 12582912 545 1054756 544 64 0 2 530049 10518528 268444164 4160 1149247504 524288 4195344 67239936 12713989 9437184 4195328 406847488 17416 1342177280 64 787456 16783361 42 33563200 2148007936 16 524416 67113120 16416 167772416 571478016 0 134217828 276832256 574619650 1048704 2048 80 540672 1115684864 2 570427524 256 1073807616 1180672 2147484224 0 402653696 4194368 16777216 1111494912 262146 536870912 4 1111490560 33555456 1572864 479203328 528898 16855040 8 1048576 0 8388609 134217736 2048 134284384 35127872 2151682049 2102304 1703944 525316 8 16793601 18874368 20975616 671219712 2147485696 134230016 525376 164360 33554464 2148139520 268436544 524288 1241518080 419438592 1048960 67108868 1088 512 9439746 1048576 1049152 2433224708 17301504 18875392 268435744 134219776 6144 134414368 524288 20971521 134217728 1610613000 268960000 2097184 1119879168 2097153 536871172 603979776 1342210176 2147483680 8651264 0 1348470784 4195328 0 37755904 16777216 672530690 2147489794 33685760 2415919200 0 1073741824 1048928 1024 8 285229056 18875392 288 393216 2147491840 1376 33554432 2562 2101248 537003328 4194368 2216689921 1183744 4198528 688128 536903680 8404992 2148532224 268437544 2214658184 1 1048576 64 9437184 16777216 0 33554440 0 0 1048640 8388608 134217728 0 1024 134742017 134217732 2 2200716288 570425384 0 0 2147492160 5120 34083328 16777216 16 285736960 1090520064 258 536871172 536870912 8 306446336 2570 2097200 4128 17302528 136380544 98 10485762 16810240 2147483648 131072 406847504 40 33554432 2147491977 1114144 24 8388610 37748752 285212674 1179652 164992 1069056 9437200 1 1052816 1344 135168 0 71340032 419692576 131072 0 134283264 35135488 2048 1216349352 1107428416 524548 12058884 205520896 0 1073743884 536879104 134283264 67633664 17826304 536870912 33555520 8388608 285212800 134226432 1049088 1084243968 2248146944 1073742016 32768 17204240 54525952 1073743872 268435488 0 0 134217728 33685512 0 131072 1048640 2147483649 134217736 1048576 524288 4210692 32 285212673 2097412 67108864 4136 146800640 16781312 16778369 272448 2048 276824064 4194304 20971552 34603264 0 134299648 64 2147516928 1210056712 537527360 524352 67239968 4 262145 1075070980 45088 8 264 8389120 1115684872 4194432 1179653 524288 1207960064 285212706 537001993 2048 8192 34603008 6282 8 0 268960004 539049986 1073742080 294912 537395328 537398724 1052672 167903392 0 0 268437504 402653188 268435457 67110912 10485760 10518786 2147492908 4198400 37880064 2 33 536870924 4718592 8 16777216 1048592 262272 131080 133124 4194368 262208 1025 152045706 1187848 2152268032 270008324 4231168 402653184 16777480 268435456 1610613856 42991744 9437184 1048584 537919746 4194304 16 16384 0 328320 262144 2147488000 940577792 1048576 2165342336 8393728 537264132 131904 2155872256 4198400 272896416 2359296 2214592512 536870920 1179776 8519680 2097153 5513602 2147483648 8388608 0 17039362 2181169152 0 0 1048640 8391170 8 4096 0 71303168 16785408 2149711872 2147483776 4309248 201330756 2165343256 1048576 2097152 524352 64 8388612 33554434 402654112 10 1073872896 394272 131728 524545 134217744 1048640 2147487744 8 8388608 5120 268435584 33685512 0 0 1048576 8388608 8 131072 4096 17039395 33572864 0 5373952 8388672 2176843778 1207959680 135266816 2155872257 287440896 4194304 4460800 537921536 256 537001992 8388608 133128 18 536871488 12582977 0 544 20971520 268697604 33556480 9470176 128 2148543264 2097152 134221440 8454208 0 2048 134250529 33554432 1073754112 1032 134221840 2152726784 1075838992 134349568 2156400705 268976128 2 266240 2164260992 2148663296 8585248 9437200 2049 134479872 570425346 2416443392 32 0 1024 25169921 2155872256 268444672 536920192 8913040 528384 1041 33554818 276955140 16 1048576 16780544 16777248 0 2048 1032 43515904 530440 25 3223718976 4718848 8388608 4198416 138416128 2228227 268439552 164864 524352 1052672 1084232704 538181634 524288 24 2116 67240064 134218048 1744830592 256 8448 101720320 2148565136 1024 393280 68 0 1026 268435744 16384 0 536870912 16 0 2097306 537919744 260 10502272 25165828 32 33816576 2048 1312 8388624 1577476 1074790416 394816 65601 196608 2097156 406847872 262152 2048 1048616 512 524288 134217744 1048576 256 0 4 8671233 1572868 1073743904 16384 2185233424 1310720 38016 2147616960 0 24 76677124 4096 262402 33554432 8192 131072 2256535808 2 5145 1207959810 427819008 8388640 786945 0 4352 134283296 2152210432 16778240 1073742864 8 8454400 312492032 3290431488 134479872 2048 0 8 4194816 5280267 4104 1550 2147483712 2113540 2365587460 147062784 2147485696 256 268435488 4194304 5247490 4104 2359816 2164260864 0 5120 134217728 131072 0 131072 9437184 0 130 134217728 8404992 4 134217984 0 0 671122432 9044608 1048576 4112 135266560 524544 134758400 0 134480288 33685504 256 131072 1310784 0 1040 1179712 17301504 2147483648 33554432 16640 673712140 8448 1073774656 75498624 272630528 1052672 2048 2164396288 69632 4194324 142606592 262284 8390792 4352 71303232 2147484417 16 1088 132608 257 1050626 4259840 33589504 276824064 131072 0 4097 0 264 272696321 67108928 2068 69632 35915780 0 1073807616 0 163904 2098304 4194688 512 8 1048576 8389632 134217728 655368 268437504 671089696 33554432 790784 1048603 1073753344 524352 268435456 8912928 259 3145730 0 134284296 8388608 533504 1224741888 538312704 769 8388608 16778240 0 33556608 335552512 1073913984 655488 4194818 137363466 541065728 2155872321 0 8388612 134217728 545261568 67110944 1208156192 768 2152235520 16777216 541589504 2152268864 8 0 0 16777248 33554432 2048 131072 524288 0 134217736 64 268500992 16788514 4096 8390656 67108864 49536 109183232 9568256 1 134217856 276955648 0 16778240 138412192 0 0 134217728 8388608 0 1207959568 262400 1048576 16778240 1 0 2048 131072 524288 16783360 16 1048832 16777217 131072 0 285212673 131072 67108864 134217728 1572864 2155872257 16 1049152 4 0 33554432 4456704 2148532224 2415919108 4202496 8388864 1314816 5282 1617035264 2151809344 8 8388612 25165824 4456576 0 32772 131112 33554432 3072 67174416 138414338 4194561 65792 12589568 4194433 33555456 2684485632 34604032 4194368 37 1075838976 520 720896 0 16777216 268435744 33554440 0 66592 34078720 25167872 0 1610878976 524288 59772928 1075838976 268435488 33554437 536870912 134283264 34603520 2172651529 1048576 1610617858 64 8388608 16781312 262144 0 0 0 64 8390656 8 537919488 8388612 4096 134479872 0 0 134217768 64 1048577 1048584 537919552 0 8
is_linear=0
shrinkage=0.1


Tree=3
num_leaves=127
num_cat=88
split_feature=20 5 5 18 16 2 20 15 15 1 2 18 20 2 4 1 1 1 2 2 2 2 1 2 1 1 2 2 1 4 1 1 1 2 2 1 6 1 1 1 6 2 1 2 15 2 1 5 2 2 1 1 6 2 2 1 2 1 2 1 1 1 19 5 2 6 1 1 1 5 2 1 1 2 2 18 1 2 6 1 2 2 1 6 6 2 2 1 1 2 2 2 6 1 1 4 2 2 2 6 12 2 2 1 6 1 1 2 5 2 19 2 2 4 1 20 3 2 15 2 18 1 5 1 2 2
split_gain=184.596 61.9557 53.3197 39.4438 29.0494 13.3786 13.3608 12.2056 11.2505 10.9236 10.9154 9.01065 8.98448 8.09956 7.69095 7.6691 7.7616 7.59376 7.55406 7.33154 7.04012 6.53673 6.41563 6.38214 5.71833 5.58866 5.49166 5.47974 5.49735 5.43371 5.38192 5.33162 5.22813 5.14335 5.12035 5.0057 4.87854 4.85901 4.54459 4.52888 4.45663 4.43001 4.38657 4.22315 4.82909 4.03558 3.86764 3.86073 3.84192 3.751 3.65259 3.63428 3.5651 3.47623 3.39913 3.33814 3.3196 3.27073 3.19648 3.17424 3.08398 3.07294 3.05839 3.03274 2.98099 2.95492 2.88815 2.85267 2.84187 2.81453 3.2085 3.36929 2.76651 3.02341 2.7229 2.605 2.60244 2.55316 2.54394 2.54204 2.52432 2.51262 2.49176 2.48666 2.89212 2.51766 2.48584 2.45472 2.45044 2.43412 2.4296 2.41924 2.38796 2.36114 2.36001 2.99953 2.78403 2.35704 2.34781 2.34592 2.50272 2.50689 2.34113 2.32776 2.30555 2.29815 2.26765 2.256 2.24964 2.23865 2.55923 2.22387 2.22271 2.21529 2.19768 2.1705 2.14719 3.05029 2.39014 2.0275 2.00162 2.00047 1.97917 1.97213 1.94416 1.94331
threshold=0.23122172802686694 670.50000000000011 690.50000000000011 0.23400749266147616 0.20581872016191485 0 0.32582892477512365 3003.5000000000005 3079.5000000000005 1 2 0.27039551734924322 0.16304803639650348 3 16.500000000000004 4 5 6 7 8 9 10 11 12 13 14 15 16 17 16.500000000000004 18 19 20 21 22 23 4.5000000000000009 24 25 26 6.5000000000000009 27 28 29 2806.5000000000005 30 31 464.50000000000006 32 33 34 35 5.5000000000000009 36 37 38 39 40 41 42 43 44 0.025271367281675342 456.50000000000006 45 3.5000000000000004 46 47 48 950.50000000000011 49 50 51 52 53 0.31315205991268164 54 55 4.5000000000000009 56 57 58 59 5.5000000000000009 1.5000000000000002 60 61 62 63 64 65 66 1.5000000000000002 67 68 2.5000000000000004 69 70 71 6.5000000000000009 503.50000000000006 72 73 74 5.5000000000000009 75 76 77 865.50000000000011 78 0.0089498315937817114 79 80 14.500000000000002 81 0.1507566645741463 7.5000000000000009 82 2949.0000000000005 83 0.31928478181362158 84 535.50000000000011 85 86 87
decision_type=2 2 2 2 2 9 2 2 2 9 9 2 2 9 2 9 9 9 9 9 9 9 9 9 9 9 9 9 9 2 9 9 9 9 9 9 2 9 9 9 2 9 9 9 2 9 9 2 9 9 9 9 2 9 9 9 9 9 9 9 9 9 2 2 9 2 9 9 9 2 9 9 9 9 9 2 9 9 2 9 9 9 9 2 2 9 9 9 9 9 9 9 2 9 9 2 9 9 9 2 2 9 9 9 2 9 9 9 2 9 2 9 9 2 9 2 2 9 2 9 2 9 2 9 9 9
left_child=1 7 8 5 14 42 10 12 15 99 40 19 25 31 24 47 34 64 35 30 -8 62 -14 75 104 -1 -21 51 107 50 -6 -12 -31 -15 -17 78 41 -22 -20 -25 57 59 113 44 123 67 115 -2 -26 -40 97 -19 68 -18 -23 -47 -41 -5 -36 -30 -37 -35 -13 106 -16 92 86 -34 -33 90 -71 124 -58 -74 114 -24 -27 -48 -11 119 -50 -68 -49 84 89 -85 -65 98 -82 -81 -63 -78 -44 -51 -52 -96 -97 -28 -43 100 101 -7 -57 -91 -3 -87 -55 -29 -59 -67 -111 -95 -10 -4 -9 -38 -93 -118 -119 -75 -110 125 -76 -39 -72 -86
right_child=2 4 3 6 11 9 20 74 112 18 13 21 22 33 17 16 53 27 38 26 37 54 23 39 48 76 29 28 36 32 -32 52 45 61 58 60 46 43 49 56 -42 87 65 -45 -46 55 77 82 80 93 94 -53 -54 63 -56 102 72 108 -60 -61 -62 69 -64 66 -66 109 81 -69 -70 70 71 -73 73 79 122 -77 91 -79 -80 83 88 -83 -84 85 121 105 -88 -89 -90 103 -92 116 -94 111 95 96 -98 -99 -100 -101 -102 -103 -104 -105 -106 -107 -108 -109 120 110 -112 -113 -114 -115 -116 -117 117 118 -120 -121 -122 -123 -124 -125 -126 -127
leaf_value=1.5497917332983013 0.89939874353408844 0.11764045130337096 0.6738277866364405 4.6194850614128553 0.14504273401511167 5.9306680486171324 0.25377558997799354 0.11936011791229291 0.35928406560288462 1.3800053436343074 4.9543901627091156 6.0746098988174104 3.9790028832935307 -0.49308301540376881 4.8481775034846137 3.738184737131709 -2.057299582563437 3.2878615034254426 -1.511316419039056 -1.4855165538878827 2.8182124400804569 -0.52779409091487839 1.0901700035248785 -2.6169048745124166 0.42216180464686781 -2.7937744031965881 -1.7400179240985161 -0.36475270571740098 -1.1761930820130138 3.0397500932185855 3.6181949730802225 -0.26226950538796329 2.660079316812475 -1.0925414789478523 1.7406358322397832 -1.1273034443458425 -1.7988791717335304 9.4145740820820176 -1.6065207616683865 -2.7108001446338985 7.7785458921713477 1.7597971375465393 1.9567224176828728 4.3811584044483061 10.682251387109799 -0.96274758577322039 -1.5643451563093125 5.0900044847548527 -2.1954504947235831 -0.32415128301101115 -1.2716122641951282 0.52587114000571322 4.3954572034076262 -0.12734171772454622 2.9083427483058695 -0.76508055652205187 -2.0726 0.96171264555761771 -0.28354889253292132 1.8468390636045446 0.9169584838264051 -0.98026149688334585 4.406830835553615 1.6147956104585715 1.0378685587228507 1.8273462645039993 1.7794003031504435 0.58650593909875404 2.6530421996136084 0.95045594089157392 2.2951090119348261 2.4706168115337728 -1.9059166407085613 -0.31993305002760275 -2.7154000000000007 9.9540279272436436 -2.9324991114597254 0.021101200106308792 4.746081289392019 2.4258737901180485 -2.6727935427259975 -0.20143923705631381 11.035681414567245 -1.0759198729315587 -0.18297212022866807 -0.89798193687693928 -1.5912090272166921 -1.6678743089145069 -1.5421813779791806 5.3199641248114959 1.392996065964156 -2.5606398820877079 -0.49908225168986226 1.0826263515015833 2.8808064908033604 0.94085780070419567 -0.79227031843688156 3.3193458509632339 -0.80734756200800928 5.4947311536558292 6.4140442731116911 0.61030156351879195 0.79587417756130518 -0.85419048543720122 3.8398004061430862 1.411760327954265 -2.08261602931417 -2.1992536719267548 3.1866180894679577 9.3210231742495235 3.5165966290410191 -0.01023665022777543 -2.2096998076677323 4.4544514786260168 -2.1164799974138391 2.227201456924031 0.33935939736606613 -2.020043511281103 4.8763420725985469 -1.7788000486650373 6.7492353787360333 -0.81115903338828488 -2.0098092168234931 5.4651529461007362 7.0997639152015388 -2.1806398820877071
leaf_weight=1019 528 1098 407 679 1920 731 849 1022 476 1884 1644 403 1307 1804 575 1071 1951 650 2559 2476 1102 1175 846 2547 1546 3612 383 976 977 1603 2521 1091 2462 539 2902 1065 315 102 1185 1211 704 668 680 4301 268 2677 1591 247 2901 7389 3239 2132 2280 1180 3046 2368 3066 885 4332 1777 9965 971 1103 269 1249 1714 2004 3541 5154 1970 391 5761 3903 1898 12896 102 1784 8075 1444 467 2175 4528 263 1926 900 958 1603 10048 19610 250 3668 14687 1273 5534 431 2280 6725 1266 2250 305 107 780 6646 2034 396 2586 2499 3426 1935 125 682 5573 4848 2689 1863 1846 1471 9365 205 6081 362 5980 6589 3284 469 3704
leaf_count=1019 528 1098 407 679 1920 731 849 1022 476 1884 1644 403 1307 1804 575 1071 1951 650 2559 2476 1102 1175 846 2547 1546 3612 383 976 977 1603 2521 1091 2462 539 2902 1065 315 102 1185 1211 704 668 680 4301 268 2677 1591 247 2901 7389 3239 2132 2280 1180 3046 2368 3066 885 4332 1777 9965 971 1103 269 1249 1714 2004 3541 5154 1970 391 5761 3903 1898 12896 102 1784 8075 1444 467 2175 4528 263 1926 900 958 1603 10048 19610 250 3668 14687 1273 5534 431 2280 6725 1266 2250 305 107 780 6646 2034 396 2586 2499 3426 1935 125 682 5573 4848 2689 1863 1846 1471 9365 205 6081 362 5980 6589 3284 469 3704
internal_value=-0.000552796 -0.00235299 0.00265336 0.00389507 -0.000746841 0.0018982 0.00618382 -0.00423626 -0.00108045 0.00114168 0.00514171 0.00116394 -0.00360164 0.00433675 -0.00212209 -0.000135606 -0.000527543 -0.00116947 0.000754478 0.000639398 0.0093721 0.0048769 -0.00259669 -0.00283059 -0.00337806 -0.00484491 0.000167001 -0.00149996 -0.00187084 0.000502213 0.00446866 0.00653404 0.00159766 0.00289867 0.00189416 0.00254176 -0.00134521 0.0101831 -0.000400002 -0.0030359 0.00965027 -0.0025 0.00573878 0.0110546 0.0136081 0.00109918 0.000188549 0.00822519 -0.00371999 0.000116294 -0.000973194 0.00275071 0.00551259 -0.00196098 0.00283384 1.62355e-05 -0.00273746 0.00833722 0.000933184 0.00114327 0.00151268 0.00355686 0.0105145 -0.00132556 0.0051036 0.00371543 -0.000278441 0.00320472 0.00428342 0.00385951 0.00493423 0.00598552 -0.00255102 -0.00226309 -0.00627627 0.00524008 -0.00508255 -0.000667634 0.00593768 -0.00188251 -0.00402333 0.000715375 0.0145098 -0.00124635 -0.0019835 0.000548444 -0.00373008 -0.0032722 -0.00364992 0.000905123 0.00187756 -0.00474602 0.000803889 0.000466873 -0.00154908 -0.000747409 -0.00113826 0.00344183 -0.000710385 0.0084687 0.00699629 0.0059497 0.000937498 -0.000453359 0.00263298 0.00212718 -0.00372112 -0.00514959 0.00691729 0.00598572 0.0103182 0.00138796 -0.00522915 0.00864134 -0.00336788 0.00400276 -0.00449452 -0.00344263 -0.00409186 -0.0033784 0.00858946 -0.00273432 -0.00670172 0.0126226 0.0118391 -0.00429996
internal_weight=319830 204825 115005 86304 110546 46091 40213 94279 28701 38521 30307 46265 71909 25742 64281 23377 22339 36555 36598 40538 9906 5727 39766 38459 27726 32143 36097 34731 31949 33621 4441 10169 19297 15573 8305 14358 27547 9057 22240 37511 4565 15720 7570 7955 3654 17694 11827 1038 26232 19681 14324 2782 8525 14034 4221 11691 34964 3861 7234 2754 11030 13769 1506 12083 1824 4474 8404 6003 6245 13230 8591 6621 33753 30687 22370 948 31124 9666 3328 26784 24686 6532 510 18805 13335 5470 1872 12966 21785 2751 4639 27512 1953 18496 12675 9436 9005 1649 2918 1923 1618 1511 9014 2284 1494 3544 3679 4402 3182 2521 807 11107 5324 3096 2885 2161 25728 11041 9570 7979 2297 10584 19485 3386 860 4604
internal_count=319830 204825 115005 86304 110546 46091 40213 94279 28701 38521 30307 46265 71909 25742 64281 23377 22339 36555 36598 40538 9906 5727 39766 38459 27726 32143 36097 34731 31949 33621 4441 10169 19297 15573 8305 14358 27547 9057 22240 37511 4565 15720 7570 7955 3654 17694 11827 1038 26232 19681 14324 2782 8525 14034 4221 11691 34964 3861 7234 2754 11030 13769 1506 12083 1824 4474 8404 6003 6245 13230 8591 6621 33753 30687 22370 948 31124 9666 3328 26784 24686 6532 510 18805 13335 5470 1872 12966 21785 2751 4639 27512 1953 18496 12675 9436 9005 1649 2918 1923 1618 1511 9014 2284 1494 3544 3679 4402 3182 2521 807 11107 5324 3096 2885 2161 25728 11041 9570 7979 2297 10584 19485 3386 860 4604
cat_boundaries=0 11 23 34 46 56 67 79 91 102 113 124 136 147 158 169 181 193 204 215 225 236 247 258 269 280 291 302 313 323 334 345 356 368 379 390 400 412 423 434 445 456 467 478 489 500 509 521 532 543 554 564 576 588 599 610 621 632 643 654 663 674 684 695 707 718 729 740 750 761 772 783 794 803 815 826 837 849 860 867 878 889 900 911 923 934 945 956 967
cat_threshold=524288 1113591808 16777216 2300706822 128 8519680 135267904 40960 33554464 2684878976 268435456 2166848 4194304 286976 0 1073750016 256 135267344 2147491848 1108344864 268435456 2415985216 64 18890752 1073778688 8388610 2148663552 1342185472 268567552 2147754048 640 8388610 34078784 2147484672 528384 20973568 285212673 570425356 2147485696 98624 1048576 2155905026 4232 537923840 65536 8 2216689792 3288334882 12845058 1573120 2147491840 36864 1074004496 2 1114144 2 9961476 134217732 285212960 671088648 536875008 64 0 9967616 16777224 167777320 4672 67108864 134353024 8197 33587329 0 4352 2147491904 268435810 67141760 512 2149056512 72 4 134217744 402718754 33570816 135268352 134217728 524288 2156398849 1207959680 34607616 8912896 24 4096 33024 16512 134348800 2684354562 33604776 1392 2147614976 16777376 2621440 196608 0 34816 4195843 2147485697 2147491844 134284288 4456704 1606144 1048625 525320 8388608 92274688 1028 17039618 2147615748 4096 131328 576 8392704 10486784 135744 65604 136386816 3229614080 65540 2147516417 2147483648 4096 1077944320 264 8388608 134221844 512 24 2684879232 1073741952 2105344 256 537919488 1073791104 134217728 285214216 50397184 33554432 285215744 67129473 134348800 270336 2148141056 8390664 151552 4330500 32 67174408 67117057 131072 67125251 0 8396800 2157971717 2147491840 1073741824 75891712 0 536870944 337641600 403701760 268451840 33554464 598016 575488 12292 12582912 272769024 0 1074003968 33817730 2281701380 72 33554496 1048576 16777216 2156003336 2147483656 1073938432 1703936 2172651008 1610678282 608174088 0 80 2097280 0 268435968 2157969408 1140853764 24768 4194560 25427981 0 1615331336 268566528 1048576 4199424 151257505 256 0 536870912 41943040 2147782657 134217744 1611661568 268959748 3817472 16777216 142606498 672137216 4096 537002016 268435456 262656 134218752 1052928 293601280 71335940 0 570425348 256 262272 2148008480 2164392770 142606336 132160 268509184 100794368 75497474 590336 10486784 0 1073750016 1153433872 655360 1 134217766 276955140 2637824 33555488 12288 2684354948 2685403140 134415560 2147483648 0 1053698 8192 4160 16640 8421380 4194306 131074 0 1207960712 34209792 4721152 67109888 2368256 4198400 16793728 69207042 134283298 1048577 2147483652 1107296288 268435456 266243 134222848 1052932 65792 33701888 41945088 32768 17408 67108868 65536 34079104 32769 142606473 603981824 4326405 33554432 133252 4210689 1610629120 67141636 4194688 131072 32769 21037570 67634240 134217793 2149711872 100664320 136331650 130 160 4211776 64 5374208 0 1187840 2148073472 0 5120 427819008 8 12288 134349056 34603008 2164264963 143656074 1312320 16777216 2101248 25165952 704774156 67110912 536871008 41943104 8388608 1207959552 0 285278209 128 12588032 134217762 2097156 268436480 4160 1048576 4723264 4105 672268800 268959745 268435456 34606096 29622656 278532 64 32768 135401984 530432 134217728 2097216 12583424 16512 1107300864 8388864 537001988 2181171328 0 4112 2148532768 2101248 1048576 2147487808 10 67127362 131072 2097152 537919488 1073746944 4288 4194320 1120 77660160 134219776 197120 25165828 1077936132 160 554958850 1052672 72 262672 1745472 0 10 2147483908 8388608 4 138674208 131072 0 134283272 0 2048 2101248 131072 131072 16777216 134218144 553664512 0 4198432 4194320 17170434 1052800 1073741824 272630533 8 270532864 1073745920 268435456 168820736 335544320 0 33554448 2168979464 134221953 263428 524545 3145728 142608384 268697856 2147500032 268435456 229376 41943104 4227072 19922947 136315264 4195585 352321536 3145744 4194304 1048576 3489669120 256 8519696 131332 1082130432 136327178 131584 0 0 161 33554440 0 131072 0 32768 24 537395264 65536 17825792 8394752 8388611 33554432 8192 0 68419584 9708033 1216348176 1611663616 2164785152 0 25168896 16793856 16392 2155880448 66568 512 528384 136318992 134611200 12583232 268437510 1048576 544 2099328 1087524 4096 67108864 17040657 8388736 536870976 2049 268435456 0 128 0 2048 24584 2189950976 17074176 1024 1076101120 269025792 8388609 1024 134218112 0 0 0 9437184 2048 4194320 16908288 2048 134217729 2147483648 268437508 4194560 33554688 4194305 1216348291 1081084416 2148008192 8 1048576 8392704 268697856 8 67108864 4326408 9437248 8392704 1049625 1073741824 525568 16809984 169869312 270337 0 2147485696 69640 524576 16781314 1074790408 536879116 4196608 142606336 135266816 270336 0 67109124 38010880 33554464 266240 136314896 1073742856 65 524288 4194304 134217728 8 0 132096 512 2147483648 0 1576960 335675394 64 524288 33554688 8352 1073815560 268435744 18088976 2097312 131074 2148139008 64 2230276 2080 262144 2115588 8390688 537003016 0 5242880 3150880 672 8454148 2 0 4096 160 2244612 1056772 4194408 2181562512 8423427 1076887552 1310984 8388608 21496128 6293504 18907648 536870912 1140850720 8192 33024 131076 31457281 1208090632 8388672 131072 67108992 12583168 536887300 2048 134235144 4194640 268468480 16777216 131136 2420113925 8388676 219152402 285245888 262144 0 1212416 101188096 524288 134217744 539230464 8388864 196609 1024 1 44843008 67141664 4235392 524288 131330 65536 6422656 268435713 2417491968 37753856 1 33554432 603981828 0 256 2147518977 1041 168034304 65536 67108864 0 12845056 1048576 0 32768 512 2 1048576 9453568 25166848 134217984 393216 264 0 34078976 264194 134217745 1611661568 2147483904 524288 0 262144 1048576 4 134217728 134217792 4194304 16 532608 4 13632004 151027904 1327112 4096 1073872896 101712000 2151678464 8388626 9216 8389632 2415919106 8320 277905408 10485760 33558656 1077936128 1073741952 2151841794 2147483650 536871488 65536 72 1048576 4194304 385 0 67108864 134283264 33554432 0 134217729 1610612736 524288 268435460 33554436 4206848 134217728 4096 16384 34078720 5242880 1074791456 1075970056 4194305 131072 33554448 4202753 2375680 0 32776 131072 1315844 8455168 4325378 2155872576 1048580 16782336 274726913 2099208 2048 131168 8388608 17043458 69207040 1074140234 1064960 34 12591105 18688 2147485696 536871936 34078720 4194304 1216348177 671482880 577 3211264 1540 16777216 536871040 68157696 1610616832 2181038592 2049 79691784 328 8388928 67108864 8388608 17039360 33554564 268437504 134348800 1048576 0 134222848 537002496 1 276824064 4 268435456 2048 0 536870944 8389120 1 0 258 8388608 0 0 402915328 33554432 268435456 32 0 8390656 24 1048576 1090519040 266241 537919489 134219776 135266304 33554560 17080328 14681088 1073743936 20971776 16 16777216 1024 0 1048576 6144 0 0 2 1073741824 3221225984 272629760 17842176 2098176 262144 2048 6400 64 8388624 4325378 1073745921 1074790912 285212676 20480 2097152 65536 2147631104 2048 672137384 306184256 20971592 136314880 537010176 16777472 8 8388608 4112 406860288 32768 1073782912 136 33554500 48 201326592 2098944 1048900 0 33558528 16777216 2 0 0 1049152 8519680 16779268 128 264328 335552512 32 131456 17960962 17 394560 4194624 16384 4198400 16777632 0 0 64 0 2155872256 0 538181704 64 9568256 4096 402653184 33554440 67108864 0 8912896 2048 0 1075052610 524288 32 67239936 16384 34603270 67113088 1077936384 67109392 2155874816 2097160 301991424 528384 0 12587008 25166176 554041480 67112960 277872704 68157440 294912 134217729 71305280 64 32 18350081 1024 8224 136970368 2048 536888416 1049680 2147487746 1032 2181038592 4194304 524288 0 0 262144 0 65536 0 0 0 262144 17301504 4 1024 4194596 0 0 536870920 0 1048576 0 393728 524288 8388608 33554432 33 33554440 0 134217728 34078976 2050 9 1074397184 524545
is_linear=0
shrinkage=0.1


Tree=4
num_leaves=127
num_cat=88
split_feature=5 18 16 20 20 2 2 0 0 20 6 6 2 1 1 18 1 1 1 2 2 1 5 5 2 1 2 18 1 1 1 1 2 2 2 2 1 2 8 8 2 1 2 8 8 1 8 1 2 1 2 1 15 1 8 2 1 2 6 8 1 8 8 1 2 5 1 1 2 2 0 2 6 2 2 2 1 11 2 1 2 1 6 2 15 2 1 2 8 1 2 1 1 21 1 2 1 1 2 8 8 1 1 2 8 0 8 15 1 2 5 6 1 15 1 1 2 2 2 2 1 2 2 1 2 1
split_gain=156.966 75.4166 31.5751 26.2387 18.8093 14.619 14.1541 10.147 9.48753 9.46191 9.18565 8.63386 9.9624 7.17738 6.88231 6.24518 6.12228 6.09273 6.07312 6.2869 6.04451 5.96923 6.18467 5.84616 5.76416 6.11704 5.4832 5.46072 5.39759 5.36113 5.27271 5.18012 5.12566 4.78137 4.61066 4.52154 4.486 4.72124 4.28615 4.51674 4.22013 4.21084 4.05469 4.02576 5.79189 6.39707 5.77827 5.94059 4.97236 3.80935 3.78812 3.77912 3.7748 3.72277 3.61119 5.09402 3.61259 3.72913 3.57288 4.80096 3.52619 3.52166 3.44949 3.40066 3.36907 3.35599 3.33415 3.28042 3.25331 3.23583 3.16446 3.37897 3.35013 3.15919 3.1211 3.09699 3.08095 3.06783 3.06064 3.05042 3.92314 2.99434 2.97683 2.88531 2.8765 2.85827 2.76267 3.23906 2.69614 2.68349 2.67986 2.67948 2.66492 2.60773 2.60561 2.9007 2.70538 2.54713 2.53506 2.49802 4.92836 2.43474 2.42586 2.41428 2.50372 4.95606 3.75828 2.48265 2.3753 2.36981 2.35618 2.35162 2.32783 2.32137 3.06941 2.7844 2.54687 2.30405 2.26274 2.19211 2.1642 2.15588 2.15017 2.28947 2.14863 2.13943
threshold=780.50000000000011 0.23087844997644427 0.21405562758445743 0.20050740242004397 0.21909603476524356 0 1 2 3 0.16151572763919833 4.5000000000000009 6.5000000000000009 4 5 6 0.17372458428144458 7 8 9 10 11 12 500.50000000000006 625.50000000000011 13 14 15 0.28426177799701696 16 17 18 19 20 21 22 23 24 25 3.5000000000000004 9.5000000000000018 26 27 28 16.500000000000004 3.5000000000000004 29 29.500000000000004 30 31 32 33 34 4220.0000000000009 35 16.500000000000004 36 37 38 5.5000000000000009 1.5000000000000002 39 12.500000000000002 17.500000000000004 40 41 530.50000000000011 42 43 44 45 46 47 6.5000000000000009 48 49 50 51 6.4581990242004403 52 53 54 55 6.5000000000000009 56 4054.0000000000005 57 58 59 29.500000000000004 60 61 62 63 0.0069778279867023238 64 65 66 67 68 26.500000000000004 29.500000000000004 69 70 71 23.500000000000004 72 29.500000000000004 2347.5000000000005 73 74 1145.5000000000002 5.5000000000000009 75 4054.0000000000005 76 77 78 79 80 81 82 83 84 85 86 87
decision_type=2 2 2 2 2 9 9 9 9 2 2 2 9 9 9 2 9 9 9 9 9 9 2 2 9 9 9 2 9 9 9 9 9 9 9 9 9 9 2 2 9 9 9 2 2 9 2 9 9 9 9 9 2 9 2 9 9 9 2 2 9 2 2 9 9 2 9 9 9 9 9 9 2 9 9 9 9 2 9 9 9 9 2 9 2 9 9 9 2 9 9 9 9 2 9 9 9 9 9 2 2 9 9 9 2 9 2 2 9 9 2 2 9 2 9 9 9 9 9 9 9 9 9 9 9 9
left_child=2 3 7 14 21 16 28 65 17 51 29 18 38 85 124 32 77 118 -7 -20 -15 -4 67 31 -11 -26 -25 36 -5 98 -28 -10 -16 60 -29 -33 37 -21 -13 -40 -17 -27 -24 44 45 90 47 -45 -47 -35 -19 -9 58 -18 56 76 -42 -58 -50 -60 -31 -41 101 -34 -43 -1 -32 -23 -53 -68 -55 72 -72 -46 -14 -69 93 -3 -51 -44 81 -81 -61 -38 -67 -12 87 -37 -57 119 -22 -70 -48 -56 -66 96 -96 -52 -8 -63 -101 -30 -64 -36 -105 -106 107 -107 110 -88 -76 -77 -49 115 117 -80 -117 -115 -6 -75 -97 -86 -59 -124 -2 -113
right_child=1 5 4 6 8 11 10 9 23 24 13 12 74 20 15 40 53 50 19 27 43 22 42 26 25 41 30 34 62 33 66 35 63 49 103 86 83 -39 39 61 54 64 79 46 73 48 92 112 52 78 97 68 -54 70 55 88 57 122 59 82 -62 99 102 -65 94 84 69 75 91 -71 71 -73 -74 89 108 111 -78 -79 113 80 -82 -83 -84 -85 121 -87 109 -89 -90 -91 -92 -93 -94 -95 95 120 -98 -99 -100 100 -102 -103 -104 104 105 106 -108 -109 -110 -111 -112 125 -114 114 -116 116 -118 -119 -120 -121 -122 -123 123 -125 -126 -127
leaf_value=-2.6438600000000001 4.0443836934115849 5.6194232550868923 3.2200711428247439 3.7720722063452872 -0.74611351133002302 -1.2356426093415549 0.043144376412936614 -0.1519112298454251 -2.2392103107173766 1.6168967673165744 5.7886524519580931 7.7551546864413616 -1.1682467471857851 -0.93981470463233807 0.44277357479119139 -1.8852907978664355 1.068264692447451 4.2324637999559256 -0.48447546312233514 3.3111681400904498 1.4404223147634365 -2.3438600000000003 1.2056707778783522 -1.0573996029536343 1.5900475853048566 -2.3405389927073843 5.5647186845487919 0.93922138118116372 -0.42998677873740532 2.4964017060268402 -0.75921248019239618 -1.8794838243596037 -2.4477764726726599 2.3490384704290181 5.4757388117513068 1.9210872646154518 -0.30034587896707965 0.72135509686602461 1.7964517624430902 11.303123596412471 -1.4029342915346692 -2.2611530287111541 -1.6539710690031066 5.5850202034101528 -0.97626161009319867 0.30150285577041019 2.6226421910130338 -1.5575375243177154 0.91675370264105305 -1.8390306154728819 -1.4881877716404901 0.015330827483668104 8.4792512780430958 2.0766905884799391 10.515108348561554 0.74344118645736146 1.8281659478186265 -1.524805851821486 0.64380412469897519 4.5539269228118959 0.25609719572834316 4.1762466297988068 6.1210277117732188 -1.4066316603686282 -1.9724041203906979 -2.039148131911444 3.012548843224101 -2.1947206088518771 -1.5707222595978136 0.56204018320918714 4.6642955937753587 3.8525655556258687 7.8832147142391351 0.09968224694020604 4.1735024914757108 -1.7112434248207524 0.68388295420476986 7.8692342646613511 -1.1501425279188229 1.5653830602503209 -0.99442532860877719 -0.63595923951930589 7.0877467227893751 1.1837572486920276 0.80529398603766111 1.3818665589902599 0.74040250682463249 -0.1692249704793812 -1.7308487100146497 -0.11121445402792224 -1.1736073631353416 -2.404575893878937 -0.96778208695191137 3.3037004891137118 -1.3095632981973278 0.40831357088905218 0.62695041975736276 1.5714827087345662 -1.7622233795255129 10.407053903017282 2.7083792496489578 1.6747831527450439 2.578274478964977 2.7048795871042541 8.4397692156584903 10.955781731187528 0.69770693366238246 3.6902225376506643 1.6790662326343491 -1.1899829451560315 5.691282708381741 2.7563499177618058 2.6215147667964258 -0.49962672251225232 -0.91314252684606623 0.56968872449874386 -0.60594291135496192 3.0046085788205534 6.2134477539178858 2.303790477394934 -1.390048218016851 -1.3968915424688966 1.5390495970712641 -0.5446695760944934 0.97279957880354329 -1.0568307254091627
leaf_weight=10848 797 2605 1152 2902 118 1184 900 1515 2484 1148 1138 610 464 2180 1914 2281 1622 882 2338 3460 648 3861 1695 1915 1722 2695 423 3134 1403 2114 1468 1678 5586 883 1527 1955 3338 2537 898 154 4124 1954 4577 1133 2393 907 267 233 635 1718 908 1102 104 2720 191 2379 1719 2697 352 611 3672 697 528 10312 3559 8006 1746 2851 2885 5496 749 6097 141 1248 312 8664 863 114 4850 1957 10716 2702 338 10733 875 856 1592 2533 931 5193 935 23228 977 627 2137 1811 4221 3600 2489 164 156 4201 820 5196 103 157 347 185 2633 3930 143 721 1871 230 621 5768 6375 710 886 1687 13905 2037 1632 7467 1234 2693
leaf_count=10848 797 2605 1152 2902 118 1184 900 1515 2484 1148 1138 610 464 2180 1914 2281 1622 882 2338 3460 648 3861 1695 1915 1722 2695 423 3134 1403 2114 1468 1678 5586 883 1527 1955 3338 2537 898 154 4124 1954 4577 1133 2393 907 267 233 635 1718 908 1102 104 2720 191 2379 1719 2697 352 611 3672 697 528 10312 3559 8006 1746 2851 2885 5496 749 6097 141 1248 312 8664 863 114 4850 1957 10716 2702 338 10733 875 856 1592 2533 931 5193 935 23228 977 627 2137 1811 4221 3600 2489 164 156 4201 820 5196 103 157 347 185 2633 3930 143 721 1871 230 621 5768 6375 710 886 1687 13905 2037 1632 7467 1234 2693
internal_value=-0.000651632 0.00151984 -0.00291047 -3.13187e-06 -0.0013938 0.00455482 0.00129754 -0.00423776 0.000444737 -0.00358237 0.000661286 0.00358695 0.00701171 0.00213617 -0.00185995 -0.00213021 0.00733532 0.00388195 0.00296475 0.00321639 0.00160574 -0.00279137 -0.0029933 -0.000428064 -0.00243183 -0.00268133 0.00129616 0.00359716 0.00478102 -0.000491265 0.00231543 -0.00177251 -0.00356052 -1.89256e-05 0.00542868 -0.000887334 0.00262707 0.00491593 0.0116065 0.00947801 -0.00110835 -0.00301136 -0.00184183 0.00216354 0.0013813 0.00437086 0.0047958 0.00702193 0.00711194 -0.000715807 0.00253703 -0.00491124 0.00985366 0.00629773 -0.000693465 0.00168102 -0.00136573 -0.000573015 0.00890496 0.0119062 0.00252588 0.0135696 0.00325768 -0.0041476 -0.00264051 -0.00609662 0.00177752 -0.00432145 -0.0051809 0.00265857 0.00704229 0.00817922 0.014 9.40951e-05 0.00350365 -0.00364081 0.00614429 0.0116196 -0.000996945 -0.00224026 -0.00156321 0.000858854 0.0156059 0.0016469 -0.0048617 0.00786427 -7.98427e-05 0.00176078 -0.000602412 0.00103465 -0.00077213 -0.00540635 -0.000996787 0.0105314 -0.00233319 -0.00192628 -0.00012249 0.00135458 -0.0042336 0.0114356 0.01875 0.00216988 0.00780415 0.00677076 0.00583861 0.0110859 0.00759656 0.0151462 0.00465461 -0.00157629 0.0112903 -0.00293514 0.00381268 -0.000621636 0.00306854 -0.000960986 -0.000150582 0.00663158 0.0110059 0.00344652 -0.00265548 -0.00217033 -0.00120786 -0.000470965 0.00381675 -0.000714707
internal_weight=320013 163162 156851 108644 73203 54518 63890 83648 31614 61882 54036 40470 6231 23706 44754 42723 14048 6394 34239 33055 21712 41589 40437 25220 33152 32004 11048 30717 9854 30330 9133 14172 17812 26941 10649 11688 20068 5997 2679 2069 24911 30282 21647 19532 15051 4530 4481 3237 2947 21155 5390 28730 2040 11329 22630 4991 17639 13515 1936 1301 5786 1171 6952 15898 27587 21766 8710 18790 27215 7242 9707 6987 890 10521 3552 14929 1681 2719 20272 19952 15375 4659 949 14071 10918 1994 10010 4488 3310 8128 1583 26113 1244 818 25633 22074 6358 4508 3389 1017 320 5604 1348 7515 5988 792 689 342 3088 5522 455 12078 2104 18554 1561 16993 12143 940 1004 2935 15716 2912 11796 9099 2031 3414
internal_count=320013 163162 156851 108644 73203 54518 63890 83648 31614 61882 54036 40470 6231 23706 44754 42723 14048 6394 34239 33055 21712 41589 40437 25220 33152 32004 11048 30717 9854 30330 9133 14172 17812 26941 10649 11688 20068 5997 2679 2069 24911 30282 21647 19532 15051 4530 4481 3237 2947 21155 5390 28730 2040 11329 22630 4991 17639 13515 1936 1301 5786 1171 6952 15898 27587 21766 8710 18790 27215 7242 9707 6987 890 10521 3552 14929 1681 2719 20272 19952 15375 4659 949 14071 10918 1994 10010 4488 3310 8128 1583 26113 1244 818 25633 22074 6358 4508 3389 1017 320 5604 1348 7515 5988 792 689 342 3088 5522 455 12078 2104 18554 1561 16993 12143 940 1004 2935 15716 2912 11796 9099 2031 3414
cat_boundaries=0 12 23 24 25 36 48 59 70 82 93 104 114 124 136 148 159 171 182 193 204 215 227 238 249 261 271 283 294 305 316 327 338 349 361 372 384 394 406 418 429 441 452 463 474 485 497 498 510 521 532 543 554 566 577 588 599 610 621 632 643 654 664 676 687 698 710 721 732 744 755 766 777 778 788 799 810 821 833 845 856 864 875 886 897 908 919 929 940
cat_threshold=18878465 1073778688 16777216 2719088652 2147483648 32832 2415919680 2155872290 2 524352 65600 8 4096 167776272 16777216 2228227 130 0 2281702980 8388612 306184320 537526288 268439616 4128 1296 9453568 33554432 268435617 134217728 268443648 196640 1310720 1052673 136316032 1184008 2164785408 2166784 4196356 33024 655360 1073750016 49280 34734080 2148010048 100663424 131072 64 8 0 1074954368 16789510 34635776 9437192 1052672 5242880 258 71307402 520 1048576 11010048 2298478594 8650786 2853437448 0 147456 2148007936 2147485696 2098208 2228224 589824 2097280 2172654592 2 671219713 0 536870912 8389648 2147484168 1048608 536870976 285217281 16 128 1109393408 65539 2147483648 2148534272 28680 38273028 569602 4096 1073741832 268437504 131360 2 524804 2097152 268439556 1077944320 71442816 524416 1048576 2147619842 4197380 2097158 0 2367744 2148810880 1073752100 4235264 100663424 262144 1074790401 1207965704 218169344 1107296256 8401408 2148796674 10240 1350582272 1342177280 640 1048608 6 570556544 4228 2097219 268435712 33554432 1073741888 0 4235304 18939904 4194432 1048896 64 2149601664 168820736 1376256 262146 3221227648 8388672 134218880 131072 0 167776384 512 24 83886080 1024 134480000 33554432 8192 1049632 42467328 4229634 134221825 134742024 272697664 335544321 4198400 8396800 8 8192 134349824 1049600 2149093377 142607408 1075840064 65536 8 131078 26224640 268435456 2113796 67108864 4202560 896 295177 67108992 2105472 1024 25182208 67108868 0 256 335544320 4198400 0 16777216 1052672 655360 4 25165824 0 138936320 526336 268435456 1064960 2182086672 2165309441 1216348288 671614016 524545 25757696 4608 8962 2176 1073741824 1073971232 33554432 256 0 1058114 4325376 35733504 5767200 268435488 2181038336 2215641124 134365184 1048832 16812042 134217730 512 0 16 2148007936 2048 70656 134217729 67117056 536870912 786432 16781321 142606513 537133868 2147483649 4 4 138412448 264192 0 134222848 8397328 135168 168 134874112 2155873536 276955136 4198434 128 570949632 4 407307264 2148532800 512 136314880 539230208 1048832 8 1048580 12583940 406847873 0 67108864 135208 35127296 4196353 24 169083392 212992 16 2113536 18442 1140857088 8192 2214592768 268697636 8388608 2147484736 4325892 32 131136 145424 2113600 33555456 33718276 33816832 1141899264 8193 201326624 538968066 131073 2231369728 8392704 0 2157183232 9437184 1073758208 2147483696 1056776 33554560 1107820546 293604352 268566532 0 150999040 2099200 335544324 541130760 524416 18092033 2098192 1610875008 12582916 9437184 0 407109632 0 268435460 66600 524288 1048576 1 671088640 524544 16384 20973572 134217729 8 335544320 65800 0 18386944 136315912 262400 8388609 65537 37748756 65538 9175170 1073747968 33024 134218768 4194368 16777216 536872963 8389120 524416 134218752 128 672138244 2147485696 134218944 1088 40962 142606336 0 5120 16 16387 0 24578 2147486724 0 1073872896 214175744 20971552 603983872 337646608 269484032 49152 1024 128 5 2147483648 704709632 37748752 138 134221840 1074270244 289407296 8 9437184 1073742848 134221824 2228224 268443648 1073807464 1704000 2173309443 2098176 262144 2097153 25166880 768 256 133120 536936608 33554432 21136904 50331648 1074006144 131072 8 524288 104857600 20971522 1442048 0 13664512 64 164097 65536 672137218 2432761856 8 0 1073745920 151257505 8 0 536936456 35127296 2153252928 1048576 268435458 2416443392 16777216 71303168 269484032 10485760 2248146976 4202816 2147483920 266241 2147484673 1614807040 268435553 64 2432761856 69339138 49184 10485760 3221260320 536879104 2147483664 1048576 67371008 4096 289538560 0 33555456 262560 2147876864 1050624 82952 0 2152988672 1207960579 671096832 2415919169 33554432 71303170 4194560 706740224 268435716 65544 1048576 524297 2097299 671088704 134218245 2 4325392 25186304 2178 1073748160 256 8393296 2151809024 1073741824 805307392 2416050176 268455936 4198400 4194305 393472 537919488 4259912 256 17170432 1073741826 1074922562 1024 8 10368 2097153 0 0 0 0 0 576 32 0 524288 65536 8 268959744 8389632 8437760 34078720 2147487744 4384 131072 20975618 1050 2098368 8519941 4 9437188 69888 2129920 536871168 1073741824 12582928 163840 0 134217730 4 16908288 4197376 138412065 2052 805306368 134217736 38273024 2149056514 1073742865 2098434 4259840 8388608 16777216 138412288 0 0 671219744 8388608 1051136 1040 0 524544 2231369728 16777220 0 545521664 33693952 1074823176 4194336 2147483648 75497472 2149595144 2151677952 8 269500416 16780292 16777219 0 335544320 0 13631504 21266432 134222851 134742592 4260096 2244608 1107298304 268435712 167903236 603985920 536870912 64 2156170242 67108864 671089664 2147483652 11010048 4194306 406847744 131072 2147483648 536870920 64 2156921090 1073741840 1107296264 150995456 411058176 0 12911009 34816 256 264 41943056 21004296 1075838992 167772168 2164260864 1179648 16778240 406847616 8 0 134348808 41943040 1048577 17 1048896 524288 2097152 35651584 277086466 12 2214592512 402784264 512 8393216 2098184 1074791178 2415919104 0 41947136 276824064 256 0 537067520 34078720 26216963 1209009152 537141760 273154048 276824064 4096 150995104 280712 0 4268328 512 393218 1052688 671088704 8389636 9568256 2048 4194304 8 335544320 671088768 8912896 659459 16 1049088 0 134217760 8392800 1076887688 1619011844 0 34636944 557328 0 256 2147484160 8 0 0 16777344 8 0 131072 524288 4096 0 262720 8388609 0 16810500 32801 16385 67117056 4219016 8519968 17597952 1610678784 131072 524288 1048576 41944096 268697600 655368 603979780 8519680 138412032 285212932 1652555776 68288576 1024 48 269484034 1084227584 285216896 1610614784 268435488 99328 524288 4144 16778264 1048592 268501088 25165824 0 134549504 2147483648 2052 131136 1074528256 559233 136314896 134480130 8912896 277348352 1028 138420481 2147483652 268435456 1077937160 135168 2147618832 134217728 1109656704 0 8 16384 16777216 16777986 33587200 2214594560 65800 34078720 512 2101257 537133320 4194369 1048576 16778240 134479872 33554432 0 0 524288 2048 0 262144 524288 67108868 2218786820 8650785 1280 536870912 296 1082130432 4196864 0 0 16777216 288 524288 0 0 131072 0 131072 1048576 2147483650 8 536870912 276971520 31458306 8650752 0 603990016 536871176 0 17301505 8388627 1611923464 4 268582912 4096 33 0 0 131072 0 262144 1073742848 2048 4 8388608 1024 0 0 268435456 134217728 8912896 659456 16 134217792 524544 344981504 1024 262401 0 268443648 65672 8912896 2148145152 1082131456 167903808 135424 8 277872768 2097152 138674179 2184 805310464 4194336 524288 1573121 5128 1048896 8388612 64 8388608 8389632 0 0 0 66560 0 1576961 1025 2 4 0 0 268435456 0 0 0 1048576 1 2164277248 16779296 134217762 2052 335544320 537003016 1572864 1048576 10489856 1048578 2148073472 4 14680128 2 18876556 9437216 0 8704 2312 16809984 8192 2415992896 8388608 25167872 33 8 0 0 655488 786432 134217744 134217728 524288 25165824 1073741824 4096 35651713 2147491904 1073807392 5898256 2152202242 136315912 2490368 64 268435456 4096 161 4 32 132168 131584 2148532224 1075840000 132352 4718656 8519680 16778240 419430528 131072 0 1024 1048576 8388609 16 1073741824 8388608 2097152 128 131076 536870912 537001984 33554432 2151677952 8 33554432 256
is_linear=0
shrinkage=0.1


Tree=5
num_leaves=127
num_cat=92
split_feature=4 16 20 0 18 2 5 8 8 2 2 18 5 1 2 1 2 1 2 16 0 1 2 1 2 5 1 1 1 1 1 1 1 1 2 2 1 2 1 2 2 1 8 2 1 15 2 4 1 2 1 1 1 6 2 2 1 19 2 1 8 2 2 20 1 2 6 8 1 1 2 2 8 6 6 2 1 1 2 15 2 1 2 2 1 0 2 1 2 2 1 8 2 1 1 1 2 1 2 8 2 1 8 1 1 5 2 1 2 15 2 1 2 8 1 1 6 1 1 6 1 1 15 0 15 1
split_gain=133.43 48.4227 40.3827 23.9951 16.9131 12.3383 11.1955 9.10935 11.804 11.8386 8.74066 8.47914 8.37844 11.0661 9.44328 8.32229 8.31666 7.24911 7.01195 6.38297 6.33734 6.21068 6.18769 5.93066 5.91989 5.88356 5.79341 5.71176 5.69153 5.1926 5.17286 4.98274 4.77317 4.69125 4.68998 4.63465 4.77769 4.53918 4.37124 4.31064 4.13064 3.94999 3.94999 3.87026 3.80118 3.76441 4.20364 3.65329 3.82466 4.07523 3.63377 3.56247 3.55783 4.77542 3.54046 3.51413 3.51184 3.32701 3.2706 3.26438 3.19252 3.31665 3.19057 3.18714 3.47002 3.17681 3.16086 5.98289 6.72772 4.28841 3.14203 3.1308 3.12998 4.15681 3.13656 3.10652 3.0885 3.07308 3.0516 3.0397 3.82508 3.15066 3.02497 2.95235 2.8961 2.8047 2.79411 2.80801 2.77026 2.73166 2.67903 2.64721 2.57294 2.56956 2.52525 2.51585 2.50864 2.50526 2.48734 2.44163 4.00807 2.43204 2.42705 2.36085 2.35125 2.32534 2.24847 2.28673 2.22858 2.21195 2.21874 2.18141 2.37906 2.14905 2.13587 2.13128 2.15115 2.22995 2.12645 2.09181 3.72753 2.58375 2.07097 3.78677 2.85049 2.05934
threshold=16.500000000000004 0.20863313972949984 0.21601743996143344 0 0.26914571225643164 1 464.50000000000006 16.500000000000004 29.500000000000004 2 3 0.20527615398168567 640.50000000000011 4 5 6 7 8 9 0.15409968048334124 10 11 12 13 14 615.50000000000011 15 16 17 18 19 20 21 22 23 24 25 26 27 28 29 30 27.500000000000004 31 32 4204.5000000000009 33 1.0000000180025095e-35 34 35 36 37 38 6.5000000000000009 39 40 41 0.033289479091763503 42 43 16.500000000000004 44 45 0.1352738440036774 46 47 5.5000000000000009 3.5000000000000004 48 49 50 51 1.5000000000000002 2.5000000000000004 3.5000000000000004 52 53 54 55 2385.5000000000005 56 57 58 59 60 61 62 63 64 65 66 13.500000000000002 67 68 69 70 71 72 73 17.500000000000004 74 75 7.5000000000000009 76 77 960.50000000000011 78 79 80 2846.5000000000005 81 82 83 26.500000000000004 84 85 6.5000000000000009 86 87 5.5000000000000009 88 89 410.50000000000006 90 431.50000000000006 91
decision_type=2 2 2 9 2 9 2 2 2 9 9 2 2 9 9 9 9 9 9 2 9 9 9 9 9 2 9 9 9 9 9 9 9 9 9 9 9 9 9 9 9 9 2 9 9 2 9 2 9 9 9 9 9 2 9 9 9 2 9 9 2 9 9 2 9 9 2 2 9 9 9 9 2 2 2 9 9 9 9 2 9 9 9 9 9 9 9 9 9 9 9 2 9 9 9 9 9 9 9 2 9 9 2 9 9 2 9 9 9 2 9 9 9 2 9 9 2 9 9 2 9 9 2 9 2 9
left_child=2 7 6 24 5 52 20 19 9 21 15 37 23 43 57 -7 27 92 51 44 -1 105 -21 -5 32 70 -24 -6 108 -22 71 54 -4 -27 -32 -16 -37 -8 125 41 -19 -35 114 -14 -2 46 95 96 49 -49 -18 -13 53 -3 85 93 -17 -15 -33 -57 77 -62 -10 94 -65 -47 69 68 -68 -48 97 -25 73 89 -74 -50 -52 98 122 80 81 -38 -71 -46 -69 -12 87 91 -81 -54 -42 -76 113 -40 -31 -28 -30 -26 -60 115 -101 -63 -55 -29 -84 -9 -61 -108 -20 110 -80 -36 -113 -11 -23 -58 117 -117 -41 121 -121 -66 -78 -124 -125 -39
right_child=1 4 3 12 16 10 11 8 62 17 31 18 13 14 35 56 50 40 28 22 29 42 26 30 25 33 45 103 47 63 34 58 -34 39 111 36 79 38 55 118 90 -43 -44 -45 83 65 66 48 75 -51 76 -53 72 102 -56 59 99 -59 60 106 61 101 -64 64 119 -67 67 84 -70 82 -72 -73 74 -75 86 -77 78 -79 109 88 -82 -83 104 -85 -86 -87 -88 -89 -90 -91 -92 -93 -94 -95 -96 -97 -98 -99 -100 100 -102 -103 -104 -105 -106 -107 107 -109 -110 -111 -112 112 -114 -115 -116 116 -118 -119 -120 120 -122 -123 123 124 -126 -127
leaf_value=-2.4794740000000002 0.55908005946514017 3.4609007148133233 -1.9980004077777016 5.0815695738710183 0.40641953744958742 4.4839798809815816 0.32956187021837174 4.7934455650314725 2.1916465102156 3.9466619446450601 0.81794770012905504 -0.82589123903051243 1.9696617686317588 3.0603866009259209 -2.2397117529538924 2.9070078826840371 6.4727753244456885 -1.5112727541844633 -0.88157920074056517 -1.6225821937085021 1.7586142431684451 -1.1610103050318226 2.2832045575310089 -1.0602546126508121 -1.6116887833664106 -1.5260719838495378 -0.79574153893824384 6.5469158415294828 3.7242439415061108 -1.242085996798955 1.5583182643126414 -1.2802435995542982 0.69690524482840699 -0.94231036003645774 -2.0756433448106484 -1.5008401344510809 8.3972975221821482 7.2775089502098513 0.56039360198964017 0.169864682251511 -1.0331485982039474 1.3348896054581865 7.3598825408729951 5.4485682518146064 0.34319068159526767 2.8939187789996761 -1.7673150520843663 1.0330852095737555 -0.28187558148657005 -0.91966743728988698 -0.22698534197844028 2.7468204505245648 12.397854709861928 8.4548811799126771 0.11679883399517206 -1.0216196614884023 -1.2080245440532129 7.72521128768817 1.1292821152651997 -2.187969519035089 -0.17358827415130165 3.1519829989736694 -1.6940953012503024 -2.3888691005096883 0.12400548244087357 0.45233000579386468 5.5167264463658192 1.6161016658135214 0.62828451326456802 -1.6702357828291021 -2.0006965541159683 1.5743785268197448 0.8599093351652537 2.396587510762187 1.6130561715296725 -1.3616546916338523 -1.5738461186275263 -0.70703117932233683 -0.20353391411895647 1.5185434940673557 0.53062572055651525 2.1010039439099382 0.8423069325570719 -1.8271501386162532 -0.80371987478479001 3.5409139668595011 5.1585580783259637 0.76434906108983014 -0.52666416679110573 3.5585657719068715 1.4188308516708359 5.9463348705287897 2.1396570110518143 -1.2736880366651784 -2.5090939417029983 1.8813943271700091 0.56212997746371329 0.20898476762885135 -0.1376080887548328 -0.55060338431655886 3.7505877420375882 0.47418568434549346 7.2757398219382541 4.368932307927917 -0.62386882977891944 9.1823062966482549 -2.134376947294284 -1.661076411191845 2.9962195384655028 3.2115291986344183 2.2676702454916322 0.15990228694854325 -1.3830623934805093 9.3077932798605083 2.6572105558237591 -0.19700943592758674 2.2463960905820417 0.98776766881408307 -1.3450407103292461 -1.8471187602562382 0.17356332969199528 -1.883864124739975 8.4534315602433967 7.7852384936855632 3.440387593247519 0.44371385548956788
leaf_weight=7650 1741 1320 1347 1113 648 2298 1981 175 438 397 1505 807 1010 1692 855 3907 231 1108 698 1759 1116 232 1832 1115 988 2415 574 1703 100 1129 1301 1433 4406 1501 2142 1184 669 114 2036 1725 915 3107 317 2298 1181 425 1885 2500 3562 5840 887 1819 151 102 2137 5457 710 313 3450 3187 1809 1634 3075 2577 1338 835 480 905 1524 1974 8019 4378 2948 382 997 16117 242 4648 1231 2496 3928 2410 2134 8433 4242 1991 1057 1585 4845 190 2910 425 905 4279 9372 2152 482 1466 7209 718 1669 1007 134 2913 11355 492 5491 27919 1208 835 5178 2696 4873 133 1339 4181 1345 3160 4857 1391 3372 10924 285 148 3238 1167
leaf_count=7650 1741 1320 1347 1113 648 2298 1981 175 438 397 1505 807 1010 1692 855 3907 231 1108 698 1759 1116 232 1832 1115 988 2415 574 1703 100 1129 1301 1433 4406 1501 2142 1184 669 114 2036 1725 915 3107 317 2298 1181 425 1885 2500 3562 5840 887 1819 151 102 2137 5457 710 313 3450 3187 1809 1634 3075 2577 1338 835 480 905 1524 1974 8019 4378 2948 382 997 16117 242 4648 1231 2496 3928 2410 2134 8433 4242 1991 1057 1585 4845 190 2910 425 905 4279 9372 2152 482 1466 7209 718 1669 1007 134 2913 11355 492 5491 27919 1208 835 5178 2696 4873 133 1339 4181 1345 3160 4857 1391 3372 10924 285 148 3238 1167
internal_value=-0.000748074 0.00176161 -0.00240801 -0.00047275 0.0034825 0.00260766 -0.00349041 -0.000445167 0.00194114 0.00387426 0.00191852 -0.00284602 0.00114981 0.00246544 0.00150418 0.00362373 0.00618108 0.00155534 -0.0015975 -0.00112846 -0.00489568 0.00961013 -0.00040716 -0.000469976 -0.00261084 -0.00329957 -7.15558e-05 0.00951081 -0.00202412 -0.00425854 -0.000947626 0.000774044 0.000272425 -0.00192944 -0.00219743 0.000709274 0.00110539 -0.00364723 -0.00383407 -0.0010625 -0.00026907 0.00128194 0.00659641 0.00778179 -0.00316601 -0.000422884 -0.000670342 -0.00237706 -0.00254078 -0.000742517 0.00474155 0.00335356 0.00592302 0.0103065 0.00341485 -0.00398706 0.00279618 0.00796526 7.07523e-05 -0.00431818 0.00040623 0.00276404 -0.00296897 -0.00450736 -0.00375574 0.00492063 -0.00108491 0.000683818 0.00531936 -0.00181462 -0.0050826 0.00155733 0.00502905 0.0113001 0.00438962 -0.00330083 0.00449311 -0.00027896 0.00494582 0.00161025 0.00310118 0.00573324 -0.0012622 -0.00394223 -0.00112104 0.00537364 0.00619094 0.00458402 0.000189345 0.0193255 0.00129074 0.00780726 0.00778546 -0.00177866 -0.00591468 0.00304824 0.00546392 -0.0019237 0.000657041 0.0019308 0.00478843 0.0050132 0.0234746 0.0107523 -0.000725241 0.0179173 -0.00465949 -0.00441353 0.00325678 0.00371657 0.00309096 -0.0029534 -0.00214936 0.0133333 0.0045767 0.00120689 0.00163753 0.000965806 -0.00270328 -0.00323158 -0.00145497 -0.00392432 0.00720622 0.00781531 0.0068139 0.00192874
internal_weight=320290 127508 192782 69149 71641 54102 123633 55867 12436 8923 44811 84764 39318 21700 18392 17988 17539 6368 33133 43431 38869 2555 32076 17618 29831 24078 30317 5264 30507 31219 16505 26823 5753 13605 11012 16387 15532 51631 49650 11190 4933 4608 1888 3308 11355 28485 27225 28601 28019 8340 12275 2626 9291 1556 5633 48369 15690 2005 21190 42054 19757 4450 3513 30103 19602 1260 24499 7151 2004 17348 10473 5493 7735 723 7012 19679 12044 15307 11157 14348 7007 3079 15463 9614 5147 3496 4064 3007 7341 341 3825 1422 1435 6315 10501 2726 582 2454 10659 11783 2387 2641 236 4616 13489 667 36597 33410 1906 7244 6409 9711 7569 530 1571 9396 8686 7341 6582 17025 4763 12262 3913 3671 3386 1281
internal_count=320290 127508 192782 69149 71641 54102 123633 55867 12436 8923 44811 84764 39318 21700 18392 17988 17539 6368 33133 43431 38869 2555 32076 17618 29831 24078 30317 5264 30507 31219 16505 26823 5753 13605 11012 16387 15532 51631 49650 11190 4933 4608 1888 3308 11355 28485 27225 28601 28019 8340 12275 2626 9291 1556 5633 48369 15690 2005 21190 42054 19757 4450 3513 30103 19602 1260 24499 7151 2004 17348 10473 5493 7735 723 7012 19679 12044 15307 11157 14348 7007 3079 15463 9614 5147 3496 4064 3007 7341 341 3825 1422 1435 6315 10501 2726 582 2454 10659 11783 2387 2641 236 4616 13489 667 36597 33410 1906 7244 6409 9711 7569 530 1571 9396 8686 7341 6582 17025 4763 12262 3913 3671 3386 1281
cat_boundaries=0 1 12 23 34 45 56 68 79 90 102 103 114 125 137 149 161 172 183 195 206 217 228 240 252 263 274 286 297 308 319 330 341 353 365 376 387 396 407 418 429 441 452 464 476 488 499 511 522 533 544 555 566 578 589 600 612 623 634 645 657 668 669 680 691 702 709 721 732 744 756 767 775 786 798 808 819 830 841 852 863 873 884 895 906 917 928 940 951 962 974 975 985
cat_threshold=14498 2147487872 201330688 16777344 153239553 1048576 268435464 2147484992 642 33558656 524292 276889600 16842756 1174410244 419430528 2230400 268435584 197728 34603008 6144 1024 64 64 524288 262 406847488 537919758 536870914 4384 1048576 2156402689 142606368 1054720 131072 136462336 16777216 16640 705691906 8448 147456 262160 2155913736 1115168 1024 268435456 287985668 2097152 35 262276 537919488 134217800 277348384 10240 0 256 2424308736 134287360 75497476 524546 537919488 8192 33883136 1311296 2148007944 1207959552 2098178 5124 8 18878465 2102272 150994944 538050820 4096 131336 2147485248 2155872768 134217728 524360 2164260928 67108868 16777216 134221825 131072 0 4260872 0 17831938 136320008 536872000 2160066880 69337088 1275101184 8388608 8388864 8388610 41959432 32 8421896 541065248 302516224 268437504 8 4128 8388612 4 134218112 33554432 268435456 134284328 1048576 1048576 8 576 524288 536870914 1074266630 262144 536870916 1107824960 102400 1107300352 268468240 5120 2114 268566528 2147483776 2147483680 8462370 2147483649 2214592512 268440640 262144 4098 16777216 134227968 285213184 24 2113536 6291712 532481 673202180 2148532256 8406336 33685824 8388609 8454144 1048576 8388608 8 67108864 134223872 311302 17842176 1073744000 98624 1187840 272630272 1073746048 0 2148532224 8 16793600 1243612160 134283649 134217728 536871168 33558560 16 8 16 537400320 4194560 589956 25165824 0 2281832448 9439488 4206600 67371520 10 1052673 3150850 2281701376 53251 8288 73734 2147485696 1024 0 2286157824 0 4640 2483032065 269484064 16 3674112 142639104 0 16908300 2048 196616 1077937152 8391240 1048584 537919552 2151686144 285229056 134221856 288 536870916 335544320 541134976 1048704 2147651585 1211105288 0 524800 32768 71307264 4718626 0 335544320 33636360 9961472 16779265 9 1181188 2148007937 67108864 131072 16777347 2684354560 2147483684 1073877088 0 17963010 8388736 264704 2151677957 8 1589504 1109395458 8388608 1048832 2214594560 1073774600 2147483712 32770 135270400 264 2147483648 64 128 100665344 256 10486018 2415931424 20480 4194560 524320 4129 4104 4325889 1 136316928 0 1028 67110912 4268288 109052160 22020098 18878465 4194432 2151684384 4096 1082262176 25169920 260 538054720 1073741824 134222896 268443656 39845890 0 1024 2 136317184 1140986368 8404992 536870914 34828 64 4194336 32 537985024 2181040153 69632 83886084 4096 134222082 131072 268435460 40 1573376 6160384 1207959568 537264448 524544 131072 8390800 4456480 16384 64 1056776 976 262145 68222976 137366272 272629764 269484036 25167872 4194304 41945344 269484032 0 8388736 2151686145 1209009168 1610613064 524864 10485760 4227072 262272 2315255809 2147483648 134283328 263248 2147484161 56 1073742144 268960068 8404992 1048576 151031873 4 4096 1073743136 3221229696 1049856 68191232 136315392 2147483904 64 33624064 4199424 23068674 2147614722 2147614720 1078083840 528 25166088 0 67109376 2147483648 80 269484032 38797312 268697602 537135116 8192 1073872960 268436480 2160066624 1032 655488 131588 25165824 2048 268436640 2718040064 2048 1610743808 524864 16779266 2098176 2228224 2173173765 276824064 18874368 0 256 0 16384 0 0 2097152 268435456 1207959552 20979713 537001988 8448 65600 4718672 2147488257 1073741864 67371264 2164326400 268435456 4352 276824065 134217728 268447744 256 1048576 2148007936 1073742848 1073742400 4194372 344997888 1024 262144 33554432 268443648 134415360 33554448 0 1073741833 131840 524357 570441858 4096 268435968 570427520 33587328 151680 64 2152726592 8 571473984 0 48 8388608 4198400 12587008 33949696 536871168 128 4719648 8391426 10485762 133120 720896 69271552 1081888 532480 526464 4608 9453568 4194848 270592 1048576 9344 2298478656 64 65536 0 290 2099200 3229618208 16416 2290122768 2308 83918850 5242880 4849664 8 277889024 1103101952 65537 33554432 1342187776 0 128 21102592 2097177 539099720 524288 8 0 41943040 0 8 268435456 0 8388672 524291 201327624 66 524544 4 4196368 20544 128 335577088 135266688 256 294929 2166423552 538051648 524800 64 4 8388608 0 8 268435456 671088640 128 4096 1 262400 4718849 0 16778240 268435712 33685512 0 132096 8388608 2147620865 134218752 512 524288 268435715 83886080 276828160 536870912 1056 24576 75498112 786472 150994944 4327488 268632576 268566528 8392704 285478912 34603008 536879108 4259848 0 17306112 1049632 537134344 2164327424 411058176 2168455168 17043840 131072 67109120 131136 80 1054722 0 320 8389633 8388608 33558530 268435457 147456 2147483648 69664 2148008320 2147484737 1073741826 67109960 8455168 34 2113536 37749760 327841 0 10240 134217728 272629776 2147749889 4096 524608 592896 9437440 4195328 285212800 33685512 536870912 142738432 524352 8652802 146 135266632 1 68157440 3321888768 281018368 33554440 2147493888 33620000 34865152 2050 1073746944 1073742848 268632064 8 1048576 134217728 151257088 133128 2048 196608 2147483712 2155872257 136314888 1108345408 260 524288 71303168 268701728 131200 0 32 1024 1 0 1052744 589824 2097152 85983248 16385 33816576 8192 128 12714112 398849 18874368 538969216 4673 8519684 8388628 2097184 8519680 3221229568 134250496 1179648 1297 537985025 4195584 2148007936 64 268435456 4 268435489 35651584 0 132096 33554688 688131 135266312 3276800 12584193 7304 0 4096 16777344 0 1048576 8 64 514 128 4 8454144 1048576 83886080 138412320 33554432 0 65640 8912960 6657 8 1024 268435712 0 20971526 268439552 0 67109120 196896 1048576 2168750592 16 1073881730 591936 0 4096 0 0 0 0 64 268451840 41945088 17039392 2099208 67117056 139264 128 4980736 1048577 135269122 0 8 1048576 0 262144 0 0 536870920 8389184 1 134217736 1074790400 256 8388612 8390656 134484129 3145736 0 134283296 524288 4724736 8389640 2097728 8912964 8 0 0 12603425 2359300 536871104 34048 67113088 5243170 1143013376 538968066 0 8 8388608 1024 1 0 268435456 32 8912896 17825792 1041 512 320 8388608 16783360 268435712 0 0 0 0 1048576 8519680 16781312 138412032 0 268435460 8519720 1048576 131072 134217880 1075052544 524545 33685504 12582912 8651552 0 1409286148 0 663552 16909376 2098192 1679819586 0 8 0 0 268435456 4 0 0 0 2147483648 32 1048576 8388608 1024 406847616 0 0 135266336 8388672 8390656 0 262144 320 271056896 4098 8650754 33554440 0 65536 0 8388609 1073741824 40 16842752 2147500032 8388624 16777217 526340 335544328 134217728 1040 17826816 11534337 167780362 524352 337641473 140509184 6299648 8404992 268435488 8448 4194432 17170960 67108896 4202496 276889600 2415923200 3147904 290455552 16384 335675392 4268288 256 299011 2147483648 2229248 276824064 8388608 0 134217728 33554432 0 536870944 8388608 2147749888 134217730 263744 2148007936 135266304 65536 2149582849 67108868 0 67108864 4227200 11534352 131330 8388868 285229056 2048 134217857 706740224 1280 16640 131104 2147483776 1149239297 4457352 528384 268435460 12588032 134217731 570556424 536879104 147456 524288 9699329 16 0 268501060 0 4096 16777217 0 0 0 0 2048 1207959553 537001984 8388865 37748864 33556480 8705 2155905024 268437540 268451840 2147483648 1081344 1024 8320 146802689 1048576 16777216 285474976 8 2147487744 537006088 8388608 8193 1052680 537133120 8256 16 286408708 33554432 4198400 36063240 67108864 138412032 1704708 4194304 2097152 131080 268435776 268435456 16778240 134480001 8388608 2147487744 65632 33685504 17301506 1140851729 2359562 5 2166358016 1140884480 512 11010052 2181038144 4194368 8389140 16777986 1174405120 8200 0 8 48 134217984 1073741824 0 0 2048 0 4194304 0 0 1
is_linear=0
shrinkage=0.1


Tree=6
num_leaves=127
num_cat=58
split_feature=4 18 0 20 20 5 6 5 6 8 1 1 8 1 1 0 1 18 20 1 8 1 1 1 8 1 1 8 1 1 8 8 8 1 1 15 1 8 8 15 1 1 1 8 8 1 8 1 1 0 8 8 1 1 1 4 20 0 21 8 8 1 8 1 8 20 8 0 8 8 1 8 1 6 6 1 1 1 1 6 1 1 6 1 0 20 12 12 8 1 8 0 15 1 10 1 1 1 5 6 1 1 14 6 1 5 1 1 1 6 6 8 8 12 15 8 1 6 0 1 8 1 8 6 20 8
split_gain=107.324 40.9628 32.0999 16.7994 14.8419 12.4452 9.51024 8.73203 8.11292 8.09309 8.7637 7.49976 7.4464 6.8122 6.57704 6.52072 6.49881 6.46061 6.01684 5.86382 5.77638 5.55284 5.4905 5.21076 5.05771 5.398 4.83546 4.71318 4.68388 4.66035 4.5569 4.48018 4.31611 4.16228 4.15618 4.04163 4.03818 4.00034 4.21857 4.3553 4.14955 4.04259 3.99509 3.96751 8.54552 3.78691 3.74133 3.68524 3.67145 3.49482 5.34503 3.63178 3.40625 3.39873 3.35732 3.12249 3.11169 3.06838 3.04077 3.0194 3.37453 2.99885 2.99413 2.96699 2.81626 2.80553 2.76622 2.75074 2.67995 4.93547 2.85145 2.79656 3.50092 2.9395 2.67626 2.63554 2.59299 2.56951 2.55685 2.55623 3.02288 2.54108 2.52001 3.18952 2.51352 2.47217 2.45993 3.32642 2.40406 2.35288 2.30162 2.65591 2.28816 2.27712 2.26695 2.25861 2.21741 2.17949 2.12235 2.11638 2.07789 2.07602 2.51631 2.07168 2.21861 2.06816 2.06078 2.0607 2.04366 2.04931 2.10549 2.82673 2.04179 2.7613 1.98817 4.74507 1.97005 1.95967 2.31787 2.02263 1.94266 2.1684 2.08744 1.94034 1.91531 1.9117
threshold=15.500000000000002 0.23087844997644427 0 0.19876263290643695 0.19378129392862323 550.50000000000011 3.5000000000000004 450.50000000000006 6.5000000000000009 17.500000000000004 1 2 29.500000000000004 3 4 5 6 0.20455423742532733 0.32582892477512365 7 3.5000000000000004 8 9 10 16.500000000000004 11 12 26.500000000000004 13 14 28.500000000000004 1.5000000000000002 3.5000000000000004 15 16 4164.5000000000009 17 16.500000000000004 29.500000000000004 4164.5000000000009 18 19 20 9.5000000000000018 12.500000000000002 21 2.5000000000000004 22 23 24 26.500000000000004 29.500000000000004 25 26 27 1.5000000000000002 0.15675061941146853 28 0.034564211964607246 29.500000000000004 26.500000000000004 29 18.500000000000004 30 7.5000000000000009 0.31441611051559454 1.5000000000000002 31 22.500000000000004 29.500000000000004 32 4.5000000000000009 33 2.5000000000000004 6.5000000000000009 34 35 36 37 5.5000000000000009 38 39 1.5000000000000002 40 41 0.29821105301380163 1036.5000000000002 1030.5000000000002 3.5000000000000004 42 27.500000000000004 43 993.50000000000011 44 108.50000000000001 45 46 47 890.50000000000011 5.5000000000000009 48 49 7.5000000000000009 4.5000000000000009 50 990.50000000000011 51 52 53 1.5000000000000002 5.5000000000000009 1.5000000000000002 17.500000000000004 1036.5000000000002 4171.5000000000009 29.500000000000004 54 5.5000000000000009 55 56 28.500000000000004 57 21.500000000000004 5.5000000000000009 0.18527916818857196 22.500000000000004
decision_type=2 2 9 2 2 2 2 2 2 2 9 9 2 9 9 9 9 2 2 9 2 9 9 9 2 9 9 2 9 9 2 2 2 9 9 2 9 2 2 2 9 9 9 2 2 9 2 9 9 9 2 2 9 9 9 2 2 9 2 2 2 9 2 9 2 2 2 9 2 2 9 2 9 2 2 9 9 9 9 2 9 9 2 9 9 2 2 2 2 9 2 9 2 9 2 9 9 9 2 2 9 9 2 2 9 2 9 9 9 2 2 2 2 2 2 2 9 2 9 9 2 9 2 2 2 2
left_child=2 4 3 19 22 15 21 26 14 28 -11 -10 27 -9 98 89 62 33 37 124 31 66 -2 74 32 -26 -5 34 -8 -17 105 57 45 -7 -12 47 -21 41 39 40 -39 58 -23 64 -45 -24 -33 -25 -31 50 -46 -52 85 -18 -20 -35 97 116 -16 60 76 -58 99 -34 -22 -64 -6 -48 71 70 -70 72 -44 -74 -19 -43 -27 -57 -73 82 -81 -40 83 -55 -32 -30 87 90 108 -4 106 -92 -87 -28 -36 -54 -38 -50 -3 -15 -65 -69 -103 104 -79 -29 -42 -105 109 -49 -111 -112 -90 -114 115 -37 -13 118 -96 -119 121 -51 -123 -47 -1 -106
right_child=1 8 5 7 6 17 9 13 11 10 12 20 -14 16 18 29 53 23 54 36 43 42 24 35 25 59 93 30 52 48 84 46 63 55 94 114 96 38 81 -41 86 75 68 44 49 123 67 88 56 120 51 -53 95 79 -56 77 61 -59 -60 -61 -62 -63 65 100 -66 -67 -68 101 69 -71 -72 78 73 -75 -76 -77 -78 103 -80 80 -82 -83 -84 -85 -86 92 -88 -89 112 -91 91 -93 -94 -95 117 -97 -98 -99 -100 -101 -102 102 -104 107 125 -107 -108 -109 -110 110 111 -113 113 -115 -116 -117 -118 119 -120 -121 -122 122 -124 -125 -126 -127
leaf_value=0.28993550776609722 -1.9995074021135175 -0.039346048351473012 -1.4295055642783117 2.6112687569461257 4.8018960685116454 1.8298183944083963 3.5532494698116097 5.1257582047689052 -0.19124207894939593 -0.065561836635726178 1.3513388169397869 1.92846175514476 0.31372246844690754 0.97291084857247068 1.4584592801656555 0.40742413907592501 -1.3845307894638181 0.38151994128755029 3.6277310254171127 -2.2938690368259578 2.4076108133099674 -1.2709796854112121 1.8727732924912179 -1.7221671148880653 -0.75658323448002018 -0.026120333673943865 -2.3677283325033112 6.9921984989554309 0.90164825567362838 -2.1702765554078165 -0.45833489755579776 11.692161030484465 -2.0852059280024289 0.4021088049687313 2.2696001015440657 9.5317960154021488 -1.7943578294133058 1.0991285253555474 2.050265599265289 8.9118339579943839 0.79512998206448271 -1.5742663977502818 -1.0734327236406214 11.291813068763068 3.5566348234823502 -0.96248592055187643 -0.13106146048733527 4.2713314132114979 -0.81408672530800263 -0.47647321764987771 14.165248323033914 2.8827719010318913 -0.88711449675488518 -0.64118126846723911 1.9663763405766528 -2.005245495605338 0.071826218678924497 -0.40006487790489098 3.9176513569069793 -0.59455991832457167 5.7172134055858121 -1.352370634810049 4.4234213068262234 1.3513489761187847 -0.44025709709063521 6.9071073808432502 1.6353707406372135 2.7192187106242822 -0.24153624323772266 -0.51241852552146994 5.8701557229607495 1.2736348747358006 2.1551350460391068 -0.90302110117402856 4.594662102768539 0.50335006323260467 3.5508053850949164 -2.0417739391765464 -0.95847307992129149 2.3149283134895517 0.087775236858401523 -0.81594575687070336 -0.29164052330590079 2.9275735941255028 6.7004819125046229 7.6020048831202702 8.466732700849489 -2.2149420205231678 -1.1413859978712657 -2.1005388787386705 7.2569144326318842 -0.26905315161554394 2.9706408521149728 -1.1567148889789107 3.0092376644201018 0.27307105432868534 -0.98740094287071445 -2.014293876489345 5.2443632193767256 3.3134760499953901 -1.0676720541106275 16.054118660551566 7.9707996814946416 -1.6023351228824805 -1.6247832937350877 9.0839675754711333 3.9287347106517512 -0.637178723156271 -0.5199873385306284 -0.51067685981100597 -0.87978558795333306 3.6493076768969175 -0.31739189917687333 4.6574597135332798 0.27170741692511519 -0.77337688672851124 8.1356370760770371 -0.94117158105988763 8.2501701089491419 3.393012261693261 -0.96635383858681156 2.4116612344984469 7.9393241098652316 0.85372535859597998 4.4906550559673564 -0.094218563195621302
leaf_weight=2059 4204 202 2908 1300 226 677 1041 1646 1158 2351 971 224 1583 3442 4268 1928 1568 2540 4016 3305 1212 3127 1284 2974 2520 1120 919 131 5046 3616 170 170 3228 1424 641 132 5766 1821 941 151 701 989 1838 380 680 3828 111 215 1356 322 137 139 2286 1192 2994 3745 2671 261 969 1072 659 11731 898 678 945 192 1512 125 356 1348 915 1074 2722 1073 498 19844 1048 3566 12559 2828 2928 1195 11606 1854 224 111 199 187 8967 14878 301 103 691 5627 276 19976 16341 11799 1521 1353 12669 102 248 3612 10571 237 1768 8148 1930 925 135 326 2808 152 1620 149 253 100 467 507 343 624 122 1536 526 1510
leaf_count=2059 4204 202 2908 1300 226 677 1041 1646 1158 2351 971 224 1583 3442 4268 1928 1568 2540 4016 3305 1212 3127 1284 2974 2520 1120 919 131 5046 3616 170 170 3228 1424 641 132 5766 1821 941 151 701 989 1838 380 680 3828 111 215 1356 322 137 139 2286 1192 2994 3745 2671 261 969 1072 659 11731 898 678 945 192 1512 125 356 1348 915 1074 2722 1073 498 19844 1048 3566 12559 2828 2928 1195 11606 1854 224 111 199 187 8967 14878 301 103 691 5627 276 19976 16341 11799 1521 1353 12669 102 248 3612 10571 237 1768 8148 1930 925 135 326 2808 152 1620 149 253 100 467 507 343 624 122 1536 526 1510
internal_value=-0.000834461 0.0011506 -0.00252405 -0.000775706 -4.15814e-05 -0.00358637 0.000859199 0.000612264 0.0034859 0.00190198 0.00479498 0.00650344 0.00703968 0.00140068 0.00294522 -0.00472164 0.00102938 -0.00256676 0.00268507 -0.00262778 0.00783708 -0.000575703 -0.00173315 -0.00129263 -0.00125186 0.00123228 -0.00235279 0.00949516 0.00114198 -0.00388723 0.0165092 0.0132932 -0.00193903 -0.00346225 0.00769075 -0.00186944 -0.00308867 0.00212728 0.00418488 0.00571401 0.00521653 0.00154584 -0.000955961 0.00619086 0.00871132 0.000213596 0.0187037 -0.00232314 -0.00418273 0.00647655 0.011118 0.022971 0.000896157 0.000238331 0.0053495 -0.00362303 -0.00378605 0.00775068 0.00402706 0.00355845 0.00528121 -0.00277184 0.00397795 -0.00280242 0.00298099 0.00871559 0.00487414 0.0149147 -0.00047728 0.00252386 0.00699449 -0.0008855 0.000988814 0.0027201 0.00256561 0.000919731 0.00337638 -0.00383346 -0.00165995 0.000583796 0.0023697 0.000440073 -0.000117393 0.00244255 0.00903553 0.00304199 0.00734475 0.00666666 -0.00169899 -0.00626883 0.00750783 0.0145049 0.00820449 -0.00345638 0.0102899 0.000331355 -0.00259846 -0.00489928 0.00898442 0.00290928 -0.00213896 0.0180412 0.0222222 -0.00349309 -0.0042481 0.0245109 0.0063629 -0.0024915 0.000591898 0.0032216 0.00183261 0.00735358 -0.00237864 -0.000101354 0.00251972 0.0102847 0.0123819 0.0126667 0.0161104 0.0084514 0.00323012 0.0053558 0.00825397 -0.000956459 0.00190751 -0.00359028
internal_weight=319992 147131 172861 65350 97405 107511 63559 37353 49726 36809 7658 7556 5307 29507 42170 50887 27861 56624 40447 27997 6398 26750 33846 23371 29642 6419 7846 3724 29151 33101 762 1494 23223 33253 2962 20333 25412 33437 7367 5231 5080 26070 25012 4904 2747 6648 756 18432 31173 2367 956 276 28110 21976 7010 32576 27557 738 5237 3899 2827 14402 5885 16575 2157 1090 1738 586 21885 2619 1271 19266 5633 3795 3038 20833 2168 31152 13633 20408 5756 2136 14652 3046 394 5848 3259 3060 15458 17786 2873 404 802 6546 1991 22262 22107 13155 1723 4795 13347 475 350 27407 15647 368 2469 11760 3531 1601 1386 461 11927 2960 1901 281 477 1350 743 607 1411 1068 746 5364 2585 12081
internal_count=319992 147131 172861 65350 97405 107511 63559 37353 49726 36809 7658 7556 5307 29507 42170 50887 27861 56624 40447 27997 6398 26750 33846 23371 29642 6419 7846 3724 29151 33101 762 1494 23223 33253 2962 20333 25412 33437 7367 5231 5080 26070 25012 4904 2747 6648 756 18432 31173 2367 956 276 28110 21976 7010 32576 27557 738 5237 3899 2827 14402 5885 16575 2157 1090 1738 586 21885 2619 1271 19266 5633 3795 3038 20833 2168 31152 13633 20408 5756 2136 14652 3046 394 5848 3259 3060 15458 17786 2873 404 802 6546 1991 22262 22107 13155 1723 4795 13347 475 350 27407 15647 368 2469 11760 3531 1601 1386 461 11927 2960 1901 281 477 1350 743 607 1411 1068 746 5364 2585 12081
cat_boundaries=0 1 12 23 35 46 47 59 70 81 92 103 114 126 137 148 160 171 182 193 205 216 227 239 250 251 262 273 284 285 297 309 310 321 333 344 356 367 378 389 399 410 411 422 423 433 445 457 469 480 489 500 510 521 531 540 541 551 560
cat_threshold=1813 1048576 5120 0 2099200 67108868 537001984 128 17203200 1211109427 134481920 2147484677 1048576 241172480 134218112 262144 603985920 17416 33554704 2 2097168 266496 268960000 2150252548 2147483680 270336 536871169 10500 66560 12845056 1056768 2147483680 33555457 268435968 16 404750336 222298114 0 671088640 0 37814528 524288 512 1352663040 3280932 17891328 4128 1048576 1213202432 2 176160776 537920512 20480 1088 2155872778 1073743872 72 4198400 8 25165824 135307264 8454146 2148663560 0 268730400 2148401664 0 68157472 268439553 2147549188 2097153 4198404 262146 786432 3254792228 256 205653008 66 142607360 2 268570624 2164391937 1073741824 294912 8388608 3288367108 4251712 234881280 2147746825 0 1077936130 268435520 17842176 4194560 268697857 394252 536870912 8448 37749248 262146 3145864 3150856 4 1064960 12584960 268435489 18436 0 135332864 1573376 4718594 1 674496768 1541 2283798656 0 8454146 2148548608 6144 536871048 1074003984 16777282 4096 2685407520 268500992 24 2113793 0 8437760 1065220 2684485760 4202816 2348811776 0 68222976 2097216 2147549184 404803584 32 11313152 559108 268435584 8388608 4194320 32800 2097152 8456 22020128 136316928 67108864 4098 1612185600 5120 16384 4194820 0 67108864 4104 0 8 0 12584960 268435873 0 268435456 32 8388608 524288 1024 537919552 8388672 2097156 113246416 0 2113536 128 4260096 32 2147647488 2162229248 1610623040 135169 17825792 1024 151257504 264 2214592512 537018400 64 17072128 136 1610613056 256 18350080 1075844096 8226 33554441 12288 671371296 2147483648 16779264 134217728 536871936 256 8 131072 50331648 268501760 147712 67108864 65536 384 294921 67112993 539099144 2147485184 8388608 1050628 16781696 33570820 0 132096 1179648 5380096 1140916232 134220096 4719104 0 16777250 8913056 2818572288 0 1049640 8388608 37376 1207959603 1073874946 17301504 8 33556480 67272704 272629953 1073742082 67109120 37748928 1056768 4456453 67108864 67239936 8519745 305 335544320 33558528 256 33816712 1073750016 1184 34603392 2153253952 8388608 134217992 524544 50331776 2099204 2113536 1156 67108864 272630016 544 21233664 3145729 3223715968 2147491904 9437184 2147483648 16777473 2147614728 67110912 537001984 1310784 2156134400 4104 537133120 524288 2717 16777218 1108344832 32 33685632 2147487744 1073750016 67108864 2148010496 1217466368 1210059270 0 8 16388 144 4352 2097416 268435584 536870912 131072 21135392 150994944 395264 2147684356 8 4490 0 1024 0 8 0 134217736 0 4198400 16 1074790656 1 336592896 8391680 20971648 33554436 268435456 64 524288 2165313536 10 64 4718596 8 49280 33554432 4096 2148532228 0 8192 12845068 819586 1040 1073742336 4197376 4 50332672 128 128 0 537002016 128 137216 1053712 131136 8388864 8 268500994 133120 294913 2 67108996 1077944320 1140850688 17039892 29360144 33686016 272760832 16384 16 8421376 44040324 0 139392 0 2165309440 1075838976 8704 4 0 5120 276824352 2164654080 2147483648 537034816 1048592 6144 142607368 537920000 1 0 0 16777376 33816584 2048 671088640 64 2155872256 134217752 537395200 0 16777216 150999040 2149580800 0 671219744 34078720 6144 1040 1057024 8454149 4616 67174401 12587008 129 167788544 10240 32768 8389504 9994240 1083179016 131082 8388612 3373 276824064 17825792 134250624 134217729 256 256 138543616 2148532224 67109889 138675778 0 1048624 2109442 144867328 67110944 1074790400 4194304 36869 16779264 1073741952 268567553 16 2420637696 2080 2101249 570425344 2181169184 134234240 0 3 1224736785 168821520 0 8 0 2048 4130 11812864 1610623076 1179904 134217728 17825794 1073745928 1024 2147483648 8 0 67108864 8388609 33832960 4096 9438208 512 256 1073741834 512 1049600 0 0 16777216 131080 0 0 64 0 8 67108864 8388608 12583040 33572864 268435456 33792 1712512 5249027 3146752 671088704 1 0 0 0 33554432 0 0 1048576 1 134217744 524288 4 16782336 285212672 35913732 1610621024 134217736 34078736 655360 1073745921 1048834 2147483653 0 0 0 0 2048 671219712 64 8390657 0 524352 0 0 268435456 0 0 536870912 0 8388609 8 442 0 16777216 16777216 0 0 8 1048576 4096 0 512 0 1024 0 131080 0 131072 64 2147483648 134217736
is_linear=0
shrinkage=0.1


Tree=7
num_leaves=127
num_cat=93
split_feature=5 16 18 15 4 16 1 16 2 1 2 2 4 6 1 1 2 2 2 2 1 2 1 2 2 15 18 1 2 1 1 6 2 2 1 1 2 1 1 8 2 1 2 1 8 2 1 2 1 1 1 2 5 2 2 1 2 1 1 1 2 2 1 2 1 2 12 1 2 2 15 2 1 1 1 1 2 2 2 2 1 1 15 1 15 2 8 1 15 1 2 1 2 2 6 2 8 1 2 1 8 1 8 6 1 1 2 1 1 2 8 2 1 15 12 6 8 2 1 1 2 8 2 1 8 1
split_gain=94.1348 54.3343 15.7423 14.0908 11.1365 10.1755 8.63365 8.34356 7.48249 6.36798 6.26655 6.8066 6.24913 6.08149 7.02102 5.84212 5.55933 5.55726 5.53987 5.45317 5.21029 5.38309 4.87573 4.76525 4.12125 4.10872 3.90299 4.57931 3.88315 3.89988 3.84713 3.79325 4.31214 4.0982 3.78687 3.7357 3.71043 3.70184 3.65205 3.53177 3.97981 3.51977 3.44622 3.40342 3.37034 6.19346 4.62912 3.97569 3.36197 3.34256 3.29351 3.26521 3.60636 3.24482 3.23387 3.30966 3.1883 3.12827 3.12731 3.0711 3.00884 2.96409 2.94217 2.87909 2.82006 2.63653 2.69027 2.63429 2.59967 2.59631 2.59304 2.77035 2.56379 2.47906 2.45703 2.42349 2.42225 2.35251 2.34234 2.31651 2.30447 2.29878 2.25942 2.21948 2.15532 2.14108 2.14077 2.17905 2.13222 2.11593 2.0962 2.26157 2.06835 2.06705 2.02197 2.5737 2.0117 2.00286 1.9948 1.99145 1.96758 1.96423 1.93773 1.93247 2.88592 2.2434 1.92109 2.06463 1.91408 1.87079 1.86572 2.00966 1.85102 2.10991 1.82771 1.80702 1.80036 3.76659 2.66259 2.58474 2.34618 2.63826 2.04909 1.87667 1.8692 1.78412
threshold=605.50000000000011 0.20581872016191485 0.26770715415477758 2998.5000000000005 17.500000000000004 0.14585328102111819 0 0.18504394590854648 1 2 3 4 16.500000000000004 4.5000000000000009 5 6 7 8 9 10 11 12 13 14 15 352.50000000000006 0.28286844491958624 16 17 18 19 1.5000000000000002 20 21 22 23 24 25 26 26.500000000000004 27 28 29 30 16.500000000000004 31 32 33 34 35 36 37 430.50000000000006 38 39 40 41 42 43 44 45 46 47 48 49 50 874.50000000000011 51 52 53 3968.5000000000005 54 55 56 57 58 59 60 61 62 63 64 2457.5000000000005 65 643.50000000000011 66 24.500000000000004 67 4227.5000000000009 68 69 70 71 72 3.5000000000000004 73 3.5000000000000004 74 75 76 29.500000000000004 77 23.500000000000004 6.5000000000000009 78 79 80 81 82 83 7.5000000000000009 84 85 4054.0000000000005 306.50000000000006 3.5000000000000004 16.500000000000004 86 87 88 89 7.5000000000000009 90 91 18.500000000000004 92
decision_type=2 2 2 2 2 2 9 2 9 9 9 9 2 2 9 9 9 9 9 9 9 9 9 9 9 2 2 9 9 9 9 2 9 9 9 9 9 9 9 2 9 9 9 9 2 9 9 9 9 9 9 9 2 9 9 9 9 9 9 9 9 9 9 9 9 9 2 9 9 9 2 9 9 9 9 9 9 9 9 9 9 9 2 9 2 9 2 9 2 9 9 9 9 9 2 9 2 9 9 9 2 9 2 2 9 9 9 9 9 9 2 9 9 2 2 2 2 9 9 9 9 2 9 9 2 9
left_child=3 5 4 7 13 41 92 34 -4 -7 39 37 23 20 53 -9 114 83 -17 -14 -3 -22 70 -11 -19 -18 48 36 112 -30 77 32 99 62 -1 79 -28 -12 42 50 -41 -2 -27 -24 47 -46 61 59 -20 -31 -8 -50 64 -15 55 -54 -29 -36 -34 -45 80 100 -33 -5 -53 66 -48 -35 -49 -32 71 -21 -56 -70 -40 -65 -69 -13 97 -26 -43 -80 -63 -16 -44 -59 87 -57 106 -87 91 -37 -6 -76 95 125 -60 -51 -91 -23 -47 -86 -64 105 -105 -66 107 -75 -97 -77 111 -92 113 -25 -10 -52 118 119 122 -118 -120 -122 -96 -119 -121 -71
right_child=1 2 8 63 6 9 10 15 16 12 11 30 19 14 17 18 25 24 26 22 21 31 43 28 35 38 27 56 29 49 69 33 58 67 57 90 -38 -39 74 40 -42 60 84 44 45 46 65 68 51 78 115 52 54 -55 72 86 -58 85 96 -61 -62 82 102 75 103 -67 -68 76 73 94 -72 -73 -74 88 93 109 -78 -79 81 -81 -82 -83 -84 -85 101 89 -88 -89 -90 98 110 -93 -94 -95 116 108 -98 -99 -100 -101 -102 -103 -104 104 -106 -107 -108 -109 -110 -111 -112 -113 -114 -115 -116 -117 117 123 120 124 121 -123 -124 -125 -126 -127
leaf_value=0.42509188875001858 0.24625660532829238 2.1265557303795286 -0.18925536589730158 0.58408568078466772 6.2061544560551019 2.8407473458054149 0.45301908601029767 4.1818463437040849 2.8465332950337188 1.6983184630534269 2.563883067523244 -0.057607908833551186 -1.4459260852217701 7.4457076078290392 4.5457893155089391 1.2917012892602542 -1.9719143049012915 -1.7454734085119359 -1.8346525102703486 -0.6864671238239054 1.1791744362427259 2.990998569220134 -1.0711392825604571 -1.6725952914214002 2.5558480581568759 1.1192677630367909 3.6013664286669753 0.72408546799555396 1.3552374641227884 -1.8756565633871116 -1.169738988979993 -1.5076944987926553 -1.6511989926214092 -1.9346419046038648 -2.0904685778516394 -1.2087650358755149 -0.085784355720908312 0.99355406085909126 -1.2010816146096097 0.091330886391873145 9.8693755154947151 -2.7468635296406809 2.7266336723320475 -0.78469184339366149 -1.3799553880759494 2.7875362450566712 1.7449517757721669 -1.381964599224792 -1.9210743234287886 0.99471343883698538 1.4596370935647978 0.92320368282335075 -1.3858457918275229 1.4033241906048097 0.27476160974628921 2.6899202471267394 -1.2508076420333873 0.94458360490918336 2.4938738226939101 1.9873317222789102 -1.7434826322229 6.0285477475081146 0.14142924575894919 -1.4085411117667559 -0.81331406375126658 -0.19561293046529488 6.141764825001168 -0.53140098722596818 -1.0214638305590082 1.4519436605724267 3.1452349029121631 1.7665466723094203 -1.278114584374483 2.5806286355272103 0.80635869997647147 -1.451472712126133 -1.4381112093049995 2.3198315421116655 -1.2637343454880783 0.3465810735835021 0.37905773150657796 -0.69088290422980125 2.394269614515212 1.3507215598386806 6.3880463876471492 -1.9851811445786749 1.9628714064529404 -0.13796011994494567 2.5826239979392809 -2.1284083640620248 1.8778950851004408 1.1897712946832695 3.1553133754500915 2.3166445003455376 4.1501055411289869 -0.25143011271524013 -0.493552897082221 -0.62156468116198704 -1.560759671502107 0.422366524809201 -1.0880745454414142 3.8442097258587875 4.9438706448955294 2.1779861493866268 -1.485387939390151 -1.882394269779136 -0.4376688113623905 0.16376776748054059 -1.3941333966731149 -1.8688213043787318 -0.97364425485786388 -0.52685788310861614 -1.9573903702940083 1.8165514760584132 5.1805070543979888 3.9288089894444598 6.0766585444589643 3.4016758750699121 -0.72835399343381912 5.2291590840872173 1.3354391733833131 -0.5993802167213228 1.3559487774110301 -0.80056183820782989 0.66215304105159145 -0.3260968328235811
leaf_weight=1072 1952 1623 3544 500 713 1296 1560 1335 515 1138 5076 999 2263 727 462 1782 655 1186 3028 1165 1972 880 2375 1054 2348 1486 1321 1191 1691 2064 1487 1390 1192 2320 2546 1118 2266 10925 494 168 331 374 1965 622 1488 988 597 2486 1894 1811 1254 1113 1982 583 2027 603 4300 457 605 1971 16141 598 3256 2880 2668 2432 103 4716 4465 1496 669 2904 9021 752 4646 4359 4917 2110 7145 2381 1795 13980 676 1137 485 5422 804 5754 115 1567 1139 3465 636 12980 381 3161 2117 2363 13138 1173 357 2091 382 631 1264 8791 8898 5741 1929 15265 3889 1693 2143 323 2028 1699 433 466 2774 241 2568 1978 863 968 664 1657
leaf_count=1072 1952 1623 3544 500 713 1296 1560 1335 515 1138 5076 999 2263 727 462 1782 655 1186 3028 1165 1972 880 2375 1054 2348 1486 1321 1191 1691 2064 1487 1390 1192 2320 2546 1118 2266 10925 494 168 331 374 1965 622 1488 988 597 2486 1894 1811 1254 1113 1982 583 2027 603 4300 457 605 1971 16141 598 3256 2880 2668 2432 103 4716 4465 1496 669 2904 9021 752 4646 4359 4917 2110 7145 2381 1795 13980 676 1137 485 5422 804 5754 115 1567 1139 3465 636 12980 381 3161 2117 2363 13138 1173 357 2091 382 631 1264 8791 8898 5741 1929 15265 3889 1693 2143 323 2028 1699 433 466 2774 241 2568 1978 863 968 664 1657
internal_value=-0.000821625 0.000326104 0.0017118 -0.00338459 0.00106343 -0.00144788 0.00215807 -0.00272806 0.00366829 -0.000921187 0.00192088 0.001504 -0.0010409 -2.80712e-05 0.00128279 -0.00201159 0.00422774 0.000787123 -0.00218434 -0.000222011 -0.00102212 -0.00137987 5.27734e-05 -0.00205328 0.000261766 0.00376753 -0.00238514 -0.000515534 -0.00227535 -0.00189375 0.000444488 -0.00181114 0.000356961 -0.00257406 -0.00426081 0.000683785 0.00226021 0.00310349 0.00398103 0.00525288 0.0132465 -0.00344093 0.00611727 -0.000358773 -8.94788e-05 0.00181102 0.0032963 -0.000638725 -0.00281456 -0.00218208 0.00438068 -0.00254691 -0.00232434 0.00833333 -0.00146154 -6.88323e-05 -0.00232867 -0.00452896 -0.00159022 0.00306185 -0.00387009 0.00639406 -0.000174675 -0.00555295 -0.00353011 0.000693823 0.00605634 -0.00358021 -0.0010669 -4.08071e-05 0.00305813 0.002116 -0.00261169 -0.000686154 0.0032653 -0.00571822 -0.00284455 0.00372234 -0.00186456 0.00304072 -0.000362554 -0.00229241 0.00985981 0.0064077 0.00749066 -0.00411479 0.000932922 0.000319331 -8.76538e-05 -0.00426926 -0.00030405 0.00134335 0.0100147 0.0034611 0.000265963 -0.000925636 0.000285503 0.000301145 -0.00363915 0.0040572 0.00306273 0.00940994 0.00132127 -0.00393146 -0.000976256 -0.0044236 -0.000189074 0.00111794 -0.00231373 -0.00611898 -0.00142772 0.000522596 -0.00541077 -0.0025018 0.0086839 0.00633479 0.00113267 0.00334776 0.000415691 0.0071365 -0.000313781 0.00108428 0.00467304 -0.000235459 0.00398907 0.00131837
internal_weight=320013 221032 124097 98981 93208 96935 46537 75977 30889 76673 45188 40176 75377 46671 20128 51775 27345 18818 50440 41665 26543 24920 39402 33712 17219 24802 48658 9078 32574 29054 24175 22948 5967 16981 24202 16033 3587 16001 24147 5012 499 20262 6027 34664 32289 7239 5751 25050 39580 27363 4513 36552 34658 1310 20191 9143 5491 23130 3914 2593 18310 2619 5028 23004 14467 3132 700 11953 22457 21066 4738 4069 11048 19971 18120 22504 9633 3109 25299 4729 2169 21125 1274 1599 4541 20584 7161 6357 15506 20127 11304 4583 1349 17626 19579 8243 2722 4174 14705 2053 1345 2576 3638 13354 1895 11459 15391 6493 5090 19624 6721 2832 3520 1377 2543 2953 11336 2772 8564 1338 7320 4546 1244 1434 905 3153
internal_count=320013 221032 124097 98981 93208 96935 46537 75977 30889 76673 45188 40176 75377 46671 20128 51775 27345 18818 50440 41665 26543 24920 39402 33712 17219 24802 48658 9078 32574 29054 24175 22948 5967 16981 24202 16033 3587 16001 24147 5012 499 20262 6027 34664 32289 7239 5751 25050 39580 27363 4513 36552 34658 1310 20191 9143 5491 23130 3914 2593 18310 2619 5028 23004 14467 3132 700 11953 22457 21066 4738 4069 11048 19971 18120 22504 9633 3109 25299 4729 2169 21125 1274 1599 4541 20584 7161 6357 15506 20127 11304 4583 1349 17626 19579 8243 2722 4174 14705 2053 1345 2576 3638 13354 1895 11459 15391 6493 5090 19624 6721 2832 3520 1377 2543 2953 11336 2772 8564 1338 7320 4546 1244 1434 905 3153
cat_boundaries=0 11 23 34 45 56 67 79 90 102 113 124 136 148 160 172 183 194 206 217 228 239 250 261 272 283 294 305 316 327 337 348 359 370 382 393 405 416 427 437 448 459 470 481 492 502 514 526 537 548 560 572 583 595 607 618 629 640 651 662 673 684 696 707 718 728 738 750 761 772 783 795 805 816 827 838 849 860 870 880 891 903 914 925 936 947 958 969 980 990 1001 1011 1021 1032
cat_threshold=402718848 1207959814 8912896 536870912 10240 37765376 201327120 524288 1116733440 2229248 8519680 268435456 2147518466 4272256 2100224 268435456 32768 67108864 4591744 144 262158 281018369 8 134217856 135266818 32774 49408 2684355584 4352 2281710656 268436544 0 534657 1052672 128 201327618 0 2837594373 3221225472 268468232 1088 128 33558530 659460 276824064 4096 1077940224 20971522 1081354 8192 131200 1048576 2156665347 134217760 2685403904 65536 131072 1076887552 512 553910276 536879104 65600 2147485184 2147525376 100664320 33555528 590848 2283868292 2148532224 8389124 2165342210 0 36864 1073741856 4194432 33558528 268439552 12800 8 67637249 1109393408 8650754 806617344 2147483904 1107296520 2151679552 8704 0 4096 16843776 2435448832 38 8388608 142868480 68157440 1114144 1040 2147492097 0 536870912 8388612 8 524416 2155872258 10514432 135266560 2224031744 1354760192 544 40960 4096 38273056 4096 555876354 0 1 537935872 1610649920 1074827392 3288338688 32768 2097280 2048 9437188 16777349 1082130432 8650784 673185795 536870912 131208 33816592 16777282 0 33686018 268435456 8 69226500 1074794496 4194304 16777218 537919746 1073791360 268435488 163968 41943040 8322 1024 16 335544384 6276 12845056 33685632 0 1073742976 68157456 13107712 67141760 268435968 2148007936 72 570425346 131200 0 17301508 33554624 1073807424 1207959700 2147483688 4098 128 2148602944 2 67108864 9439232 65538 524424 3221225472 1077936192 339738752 33344 8392705 642 2147483649 268435456 20972544 34 131080 0 131072 64 8394754 8 536870944 268435456 268451841 16778240 2375681 35946496 32800 36864 2256535552 268435714 67108864 4198424 256 64 67129344 33554432 262145 2167930880 33564800 1048576 4194304 532488 19924992 37748810 65540 10502144 4128 4354 2048 3019898880 361600 1048576 2165347072 136314912 4096 268435456 278396928 4194308 268439680 33554564 67108864 134349888 524480 2164262913 1049 1207959552 65 18350080 32 419430400 2899980 2048 536870976 64 5505792 1074004096 33688832 2155872256 16386 35692544 1081346 537397254 2684356608 1074790400 67145732 1032 8388608 2621440 1114144 293601280 0 268705824 134217736 269488160 40 1048576 8389633 1048584 1075839488 2147488001 0 5120 402915363 2147483652 0 134349824 1024 8394752 134217737 1074003968 289931332 18874368 96473088 4456705 1048576 0 134218816 5242944 2156005376 134218784 2050 836 277872640 2164260864 8396800 167903496 2684354816 65536 269484032 2147486208 134217768 393280 285278464 0 0 0 131076 0 0 0 0 0 0 268435456 8404992 1079116800 134222272 1074135040 1350598688 16384 2181038080 16777472 536870912 2098688 656384 16384 20971520 1 33554432 6144 537006080 786432 2165309440 1207963649 1180736 2304 2097168 0 2099203 1140860960 8256 4718852 17039364 36765696 37749762 268566528 276824128 8388756 32 33554432 0 134217728 134217872 2147748644 68222976 137495296 4194560 8388612 0 134217760 0 268435456 671154216 41943040 2148571136 16782336 539099456 4194625 100667392 16 18874370 2147483648 67108864 138805504 134218240 2164261652 1140850688 541069968 4096 16 33685505 83886352 272662529 570425344 1048576 262400 2147622928 41992 1073741826 537001984 402653248 268500994 1075847184 8388672 8389637 0 1077944448 67633668 16809989 32770 0 289 72 0 5120 134217985 33685504 0 536870920 34078720 16779266 134217912 536871168 273154304 159383556 2097152 4195072 2099201 268439812 1024 2148008960 135180 1073741856 2097154 25233920 0 0 419430400 8 0 32 1048576 8388609 0 1048576 0 4194304 285212673 570425344 536870944 256 1179648 8389379 160432139 538181632 2148008965 285212672 4200452 128 2048 268443904 65600 34079232 1835009 134218752 2149581312 196864 277872896 39845888 0 33554432 8196 134283304 2147483648 22022658 1073741824 1208221960 2155937792 2415984640 12716228 576 1107296256 67108864 8192 1073741856 8519701 2152726531 64 131136 8388608 16777216 419430401 4 268435456 134218752 8912896 1475072 135266305 134480192 1 0 16778240 4352 0 268435456 134217760 8388736 1052672 1025 1073741824 0 131092 134480449 136 3221262468 229376 134217728 4227329 1 1056768 4194304 8 4 16780288 150995328 2099214 268435492 40 131072 524288 16 1074003970 524289 16 8388608 5243904 268435456 133384 2148542464 536952832 1049120 2147618816 1075838986 1073742912 524352 0 0 268435488 147456 1048576 72 0 9437184 1074790400 8 8388608 32768 1075871748 598018 2304 301998080 64 4457472 576 67109408 2214601221 4325376 16 0 100667392 151027712 2361472 2415919232 65824 42467328 16912384 4096 2 131136 8 147456 16779296 272633857 0 8192 1024 5767168 4494336 1075840003 2099464 6464 2147483649 2099204 0 1084229636 33556608 81984 46137408 268435456 8389640 268567618 268435456 8 65540 524320 524417 524416 4100 43008000 268567184 72 6291584 67117058 2147483712 80 0 16781314 138674176 8 10240 1032 131072 1 134218752 1073743104 524288 16777216 142610464 266272 5 67110912 1073741888 8912896 2147486208 153092240 1109395456 2147483905 18874369 16777248 8224 0 268435584 536936448 4096 1052968 29363209 1073872960 12582980 32768 167773184 65536 8388608 0 33558560 16 4096 268435456 0 2151681024 268632064 46141444 268697729 537001984 12288 32800 384 9437184 9441280 536873226 8388612 131200 29360128 1 537001984 1140854784 1024 2155872384 8398849 3149848 1074790912 273154049 67108864 16777220 262432 2048 2048 134221824 0 4325376 1040 1208221768 4194629 67108996 1116738048 4386 536872960 131072 4325632 524800 9439232 1024 672137282 0 16 4100 5120 402919424 570425344 536870912 537003008 1573472 12582912 136 34341896 590144 2415919104 2048 0 2113536 0 0 256 294912 68157440 0 4 131076 25168000 273686560 536870912 67108864 16392 41947392 131584 67109905 136708368 0 16777216 128 131072 67108864 537001984 1048640 2048 16 1048832 131104 67239936 0 2176 1073750208 128 67108928 4194560 554696706 64 64 64 0 134217728 4098 0 536872960 142606344 1024 16777728 11534369 8192 20971521 59899972 0 402653184 49152 32768 138477952 256 2147746336 136315008 1610613766 8388608 9437184 2098176 272630144 34736132 268435460 671088648 256 8394754 33554434 1208225792 4195328 0 33560576 12583171 33556480 2214592512 134217856 786464 4984832 1207959584 134217856 4194368 8 0 4096 150994944 8 0 131072 1048640 8388608 0 524288 2174746624 92275716 268435744 8388609 0 536936448 33554688 557057 10486785 1207960064 657472 34095104 25165828 134222112 0 603981056 675348544 2151677984 132096 1049609 134217728 16777221 8519680 8388608 406847520 133120 268435460 134348840 8388608 137728 5120 1074003968 8912896 285212672 18878464 0 1048580 8390656 196864 0 18616326 75498497 2106882 8916992 0 4198400 16777345 131080 0 671088672 1572928 2147485696 134217744 320 524288 268435456 0 8388608 256 0 0 268435456 2147484160 8 64 0 4194304 150995072 131072 0 537003008 524352 4097 2098185 1073741824 276840704 8388610 262400 2637825 2684355584 269549600 167772160 16779266 134218880 2097408 8454400 9502720 1049632 406847648 163850 0 8 1572880 8519714 17891328 1048576 2148008256 64 0 1082130432 16781312 1048580 0 0 131200 0 1073741824 134479872 1 1048576 0 402653216 33554432 0 672268320 96 8388611 1049 1049344 64 276840448 4096 17039745 4 8192 4194336 34603200 32771 2102281 537922880 64 0 16781312 4096 256 0 0 64 1048576 1074791440 1179712 524544 276824064 5120 20971809 0 0 134348808 8912896 1054722 8392705 1208353864 320 2097152 33556480 411045920 33556480 67110912 134217760 8912896 5373952 1074790400 134479872 4194565 16777472 0 16777216 131076 0 1048576 96 131074 4234 8 524352 0 1024 423624832 0 0 131072 8912896 0 8 256 16777216 33554436 142676224 33556480 603980032 4259904 46661664 0 1083180032 1208221696 261 8388608 0 134217728 33554432 0 536936448 0 0 1082130432 1073742912 1048576 16777216 134217856 0 0 134217728 8388608 1 0 1048576 0 33554432 406847616 33554440 0 536870912 64 8650752 0 1048576 256
is_linear=0
shrinkage=0.1


Tree=8
num_leaves=127
num_cat=99
split_feature=5 20 0 0 6 1 2 5 20 2 18 15 1 1 1 2 1 2 2 1 2 2 2 0 2 1 2 1 1 2 8 1 1 1 1 2 1 1 15 2 2 1 15 2 1 1 1 2 2 2 2 2 2 2 18 1 2 1 1 2 2 8 1 2 1 2 5 2 6 2 2 1 1 1 1 1 2 1 1 1 1 2 3 1 1 1 15 1 2 2 2 1 2 1 1 2 2 2 1 0 2 8 0 1 11 2 8 8 15 1 2 2 8 5 8 6 1 1 2 1 2 4 2 2 20 2
split_gain=82.6025 36.3713 20.2503 16.6141 10.5374 10.4429 9.28894 8.25533 8.15374 7.62064 7.27803 6.86146 7.10626 6.84448 6.66772 6.52179 5.83194 5.82199 5.32832 5.31211 5.25662 5.16556 5.08386 4.97716 4.91773 4.78189 4.75478 4.66929 4.63098 4.51111 4.90354 4.31768 4.30521 4.29181 4.22708 4.20146 4.46384 4.13555 4.06254 4.4486 3.97302 3.84412 3.72781 3.97184 3.70439 3.61144 3.60993 3.59779 3.51961 3.44403 3.43931 3.26212 3.22904 3.22304 3.2825 3.20782 3.09418 3.35408 3.07734 3.06395 3.05694 2.99305 2.91914 2.84926 2.8346 2.78893 2.76341 2.75659 2.75598 4.29186 3.52525 2.67833 2.64465 2.62543 2.60712 2.60175 2.53875 2.5163 2.50642 2.49569 2.38129 3.43956 2.3772 2.37076 2.23807 2.21175 2.1651 2.1615 2.2794 2.15076 2.11937 2.10618 2.10378 2.07371 2.05065 2.04046 2.03098 2.01163 1.9583 1.94651 1.94175 2.50484 1.93214 1.92627 1.91632 1.90061 1.87383 1.85377 1.84486 1.83328 2.477 2.38402 1.81404 1.799 1.79769 1.78231 1.73979 1.72252 1.72042 1.70261 1.70025 1.69383 1.68813 1.67246 1.67216 1.65376
threshold=705.50000000000011 0.19810373336076739 0 1 4.5000000000000009 2 3 464.50000000000006 0.21353112906217578 4 0.17372458428144458 3894.5000000000005 5 6 7 8 9 10 11 12 13 14 15 16 17 18 19 20 21 22 3.5000000000000004 23 24 25 26 27 28 29 2846.5000000000005 30 31 32 4011.0000000000005 33 34 35 36 37 38 39 40 41 42 43 0.23087844997644427 44 45 46 47 48 49 19.500000000000004 50 51 52 53 975.50000000000011 54 1.5000000000000002 55 56 57 58 59 60 61 62 63 64 65 66 67 14.500000000000002 68 69 70 4011.0000000000005 71 72 73 74 75 76 77 78 79 80 81 82 83 84 4.5000000000000009 85 86 6.2312712669372567 87 2.5000000000000004 28.500000000000004 481.50000000000006 88 89 90 3.5000000000000004 465.50000000000006 3.5000000000000004 4.5000000000000009 91 92 93 94 95 15.500000000000002 96 97 0.24821679294109347 98
decision_type=2 2 9 9 2 9 9 2 2 9 2 2 9 9 9 9 9 9 9 9 9 9 9 9 9 9 9 9 9 9 2 9 9 9 9 9 9 9 2 9 9 9 2 9 9 9 9 9 9 9 9 9 9 9 2 9 9 9 9 9 9 2 9 9 9 9 2 9 2 9 9 9 9 9 9 9 9 9 9 9 9 9 2 9 9 9 2 9 9 9 9 9 9 9 9 9 9 9 9 9 9 2 9 9 2 9 2 2 2 9 9 9 2 2 2 2 9 9 9 9 9 2 9 9 2 9
left_child=3 10 4 8 13 29 62 18 20 28 27 12 22 66 26 32 40 83 64 -10 -1 78 -11 41 -21 -20 -15 100 -4 -6 -31 -22 86 -26 49 -8 -37 -23 39 -19 107 52 43 -39 118 -33 -45 85 55 -17 -47 -29 -14 -35 125 -36 57 -38 -53 -40 -46 99 108 73 -5 -43 -3 77 69 94 -70 -69 97 -18 95 -27 79 -48 -12 -50 81 -56 -65 -16 -52 -44 -9 88 -84 -82 -73 -67 -60 -30 104 -72 -28 -58 -78 -32 101 -2 -63 -74 -41 -89 -34 121 -7 110 -62 -111 -80 -91 -110 -90 -77 -49 -25 -59 -76 -13 -71 -114 -68 -55
right_child=1 2 9 7 5 6 35 15 19 11 21 16 23 14 17 34 63 38 25 24 31 37 -24 44 33 75 96 51 93 30 61 45 106 53 48 36 56 42 59 68 -42 65 47 46 60 50 67 117 76 -51 84 58 -54 54 80 -57 72 119 92 -61 109 102 -64 82 -66 91 124 71 70 122 74 90 103 -75 120 116 98 -79 112 -81 89 -83 87 -85 -86 -87 -88 105 115 113 -92 -93 -94 -95 -96 -97 -98 -99 -100 -101 -102 -103 -104 -105 -106 -107 -108 -109 114 111 -112 -113 123 -115 -116 -117 -118 -119 -120 -121 -122 -123 -124 -125 -126 -127
leaf_value=-2.1152214115326857 5.4726988176629625 2.5997161806769515 3.0114289627637469 -1.019533307608357 6.554453055735495 4.9547300605132358 -0.7729216644566641 0.83867591991355828 4.0852896607309868 2.4096672661431415 0.070838001050527954 1.2338223958328958 -1.0269306944187586 -0.095294464628945516 5.1027466595705535 0.91512541820016691 1.8781869274351093 -1.9048941753879309 0.49911943625242988 -1.57849025217161 1.3862243361055047 2.371217431467302 -0.19046429755234245 -0.90531353878599252 -1.6796297753662792 -1.9801886660228925 4.6972199745284779 0.19127298432267245 -0.34854284176478317 7.7645282720345747 5.7381280769762615 -1.7957817456627401 0.66093805676523776 2.6765961495929318 0.15072530599652828 -1.3098601066974223 4.618571082749245 -1.6362620975130129 -0.58882535156495963 6.9728485141545535 0.75099345050707045 -1.1805877424418045 0.20984959147023213 -1.6314859282393739 -1.4242344839853445 1.3845268250569309 2.2624008043785353 1.7017347187894107 -0.5727587354543765 -1.2862969487653357 -1.4234340562096406 -1.8003521190758065 1.2293696489786166 0.32788488189773157 -0.88271454397482829 -1.2130415298188089 0.58050115775762179 0.2737492044275614 -2.4001777673144757 4.9515562688059136 -0.54202761068320549 6.2482294754060668 2.8452072165895856 -0.90761921666596435 -2.0280674274993014 0.0096112534116065892 7.0682002193105369 -1.1607669426609815 -1.5135136901763702 -1.454207598430346 -0.77291023630746913 -1.1186902844612401 -0.30809972111541445 -0.18543781200274884 1.5499100546785711 -1.8423233612377143 -1.8945981202169868 -0.18022858491107294 5.176815877037364 -1.3684869011491161 -0.76549107535898386 2.9843158152880491 -0.45320010876290689 1.5168079381403856 -0.78598406084811989 2.5688760116540501 3.4187802224786248 0.39270164725369439 0.32855977829298366 -0.58816968372536216 -0.11442444226455345 -1.1014042874351051 -1.1316415525718477 1.8561446660437302 2.2424945870035993 3.4821609898934001 2.5759130652885491 3.9452446773129761 -1.3599655893697329 0.15039662762382089 -0.030815707096628359 1.4730933794335521 2.0456122249670661 1.4268267352172614 0.33238551910468866 -0.76684241738682246 -1.1879347414045005 -0.96817802551605292 7.7784590803431941 0.040983228232843977 1.2367178766771154 -0.90622168239471312 5.772089019131605 1.2465275210537603 4.6039821805320535 2.4823387959091483 -1.3538716986322554 -0.58867962727702594 -2.0431263096746037 2.6855736886739976 -0.63593683635274534 3.961192883638438 0.74969265020790221 1.4280357037102771 6.9295358564704035 -0.91342849829818062
leaf_weight=2374 132 542 1610 1396 875 161 1277 2776 1111 3411 1620 361 1680 1830 1060 1635 1255 1659 1433 2410 2201 1161 3472 1345 1253 3067 1098 1805 1533 454 153 2192 883 1326 3098 839 1622 2201 451 431 1859 2369 635 1889 2890 932 1359 555 3945 2419 5816 4925 6472 1777 615 4978 346 1318 1198 895 1890 213 1098 1837 7973 11108 192 7175 3774 641 353 2319 1432 1008 1834 3794 3965 3717 339 7826 2065 2757 465 2595 18435 759 221 1285 717 1519 12929 2089 12000 4361 1018 1316 3755 888 11841 965 1033 319 153 8842 167 1406 4479 157 377 3636 1325 5337 295 3421 1270 779 11634 1591 1606 3115 5577 1319 2563 974 388 4792
leaf_count=2374 132 542 1610 1396 875 161 1277 2776 1111 3411 1620 361 1680 1830 1060 1635 1255 1659 1433 2410 2201 1161 3472 1345 1253 3067 1098 1805 1533 454 153 2192 883 1326 3098 839 1622 2201 451 431 1859 2369 635 1889 2890 932 1359 555 3945 2419 5816 4925 6472 1777 615 4978 346 1318 1198 895 1890 213 1098 1837 7973 11108 192 7175 3774 641 353 2319 1432 1008 1834 3794 3965 3717 339 7826 2065 2757 465 2595 18435 759 221 1285 717 1519 12929 2089 12000 4361 1018 1316 3755 888 11841 965 1033 319 153 8842 167 1406 4479 157 377 3636 1325 5337 295 3421 1270 779 11634 1591 1606 3115 5577 1319 2563 974 388 4792
internal_value=-0.000884388 0.000468378 0.00143761 -0.00279611 0.00282082 0.00434365 0.00362248 -0.00374071 -0.00146639 0.000276706 -0.00153783 -9.2983e-05 -0.000629244 0.00161828 0.00133851 -0.00293472 0.00200193 0.000569337 -0.00506434 -3.29799e-05 -0.00250078 -0.000733339 0.00234586 -0.00112005 -0.000375942 -0.00413181 0.00413417 -0.00302261 0.00328187 0.010085 0.00729979 -0.0021348 -0.00039312 0.000151009 -0.00346879 0.00283965 0.00322507 -0.00107438 -8.16883e-05 -0.000451562 0.0053265 -0.000167737 -0.00126896 -0.00161417 -0.00237209 -0.00247764 -0.00130553 0.00180791 -0.00381712 -0.000403546 -0.00213671 -0.00342462 0.00159029 0.00054042 0.00016749 -0.00197378 0.00356626 0.00539983 -0.00382893 0.00523031 -0.00173516 0.00455525 0.00889575 0.000591187 -0.00703593 -0.00108886 0.00925795 -0.00101385 1.47002e-05 0.00205394 -0.000749963 -0.00149022 0.00259767 0.00363836 0.00031903 -0.00456363 -0.00435604 0.00108926 0.0030945 -0.00323487 0.00127493 0.00345358 -0.00047546 0.00424284 -0.00236635 0.00574074 0.00263718 0.000726567 0.00324201 0.000220953 -0.000739287 -0.000520181 -0.00302696 0.00197493 0.00623616 0.00387731 0.00577215 0.00696141 -0.00518842 0.00198569 0.00238286 0.00778742 0.0124044 0.00206729 0.0108882 -0.0011144 -0.00208861 0.00862479 0.0113971 -0.00103952 0.00100775 -0.00177335 0.0058838 0.00135353 0.0104614 0.00513944 -0.00402773 -0.000769947 -0.00560959 0.00395453 -0.00048646 0.00964285 -7.46757e-05 0.00418439 0.0141379 -0.00158167
internal_weight=319408 187049 126119 132359 57537 25398 22585 77363 54996 68582 60930 61078 48630 32139 31017 48066 12448 24334 29297 23046 31950 39518 6883 41747 21935 19928 6683 21412 7504 2813 1938 29576 8359 19525 39707 19679 18402 36290 20679 19333 3696 23718 35129 31589 18029 27375 29388 3540 35653 4054 25183 19928 8152 18272 16946 8076 17563 6055 18123 1346 15078 1484 2906 8752 9369 15566 1122 27499 17674 4820 12854 22423 11508 2263 9080 18495 27577 5076 3228 11771 10377 3372 6489 3655 24251 1394 2997 4652 1961 7005 15248 13197 13198 5894 1616 1669 4853 1234 15806 1118 1484 451 366 10274 598 2691 5362 1837 1808 12188 3215 8973 1608 4940 1647 1496 15428 2146 2951 4433 7411 1680 3204 1269 580 6569
internal_count=319408 187049 126119 132359 57537 25398 22585 77363 54996 68582 60930 61078 48630 32139 31017 48066 12448 24334 29297 23046 31950 39518 6883 41747 21935 19928 6683 21412 7504 2813 1938 29576 8359 19525 39707 19679 18402 36290 20679 19333 3696 23718 35129 31589 18029 27375 29388 3540 35653 4054 25183 19928 8152 18272 16946 8076 17563 6055 18123 1346 15078 1484 2906 8752 9369 15566 1122 27499 17674 4820 12854 22423 11508 2263 9080 18495 27577 5076 3228 11771 10377 3372 6489 3655 24251 1394 2997 4652 1961 7005 15248 13197 13198 5894 1616 1669 4853 1234 15806 1118 1484 451 366 10274 598 2691 5362 1837 1808 12188 3215 8973 1608 4940 1647 1496 15428 2146 2951 4433 7411 1680 3204 1269 580 6569
cat_boundaries=0 1 2 13 25 37 49 61 73 84 95 107 119 131 142 153 164 165 176 187 198 210 221 231 242 254 266 278 290 302 313 324 335 346 358 369 381 393 404 415 427 438 449 460 472 483 494 505 516 526 537 548 559 569 580 591 602 613 624 635 646 657 668 679 690 701 712 723 734 745 756 767 777 788 800 812 822 833 844 855 866 877 887 898 899 909 910 921 932 943 954 965 976 987 998 1010 1022 1034 1045 1057
cat_threshold=1845 1815 271073536 16810240 34 17956864 8192 81920 168952320 2147492416 8389632 136314944 8454144 143130624 201327616 0 2684502024 268446208 131080 2148270656 12800 0 524288 3840 16 16846848 33558560 8396800 131334 1048704 41959808 33562688 640 1073741856 538968064 402653184 8 2097152 71434244 524290 538706176 384 12583168 33563456 8388608 67108896 67108864 2147549760 8 136314880 2149580848 0 679479296 536879392 33554432 2617245696 1835072 272633856 544 17825792 64 1048580 20978692 25198592 33554441 268439552 1073938688 1088 4194816 136314881 134348808 0 24 0 8393360 8388640 2315272194 537923584 256 34615328 8389121 4194336 571737088 1024 268517376 33558532 256 33554560 268435456 671088640 1703936 2148534272 0 135530568 256 1048576 3271590144 16777248 2283012100 2147495968 268566528 608 17858562 0 256 16778304 16 67108864 20972544 138412034 0 0 675356680 5767168 393216 1073741843 136446466 4194561 8 2281705604 2147483682 69634 540928 0 8402112 33554432 1048578 1048576 134217728 272630276 16 16777220 0 0 542720 8448 24832 75629568 263236 69538817 1077936136 512 2101248 1141899776 0 2281832448 131072 1107313024 134217808 1049440 5308424 1050632 69632 3276800 20972544 406847776 1048576 0 537003080 0 2172651521 134217728 1310730 261 10248 167772160 218103808 262528 262144 256 4416 393216 529154 67174433 131074 12714753 404918272 32 8912896 264192 536870976 0 71307792 522 1082134560 2621444 32 0 83886082 134283393 2147614720 2684362752 65536 33816576 17830403 1218445312 1107427400 524544 2147483648 1073873920 4215072 0 41088 1073742976 4227076 17301536 67108872 64 5374208 64 0 2 272629761 393216 12288 196608 0 2164295681 1073742856 1073742412 4194304 1048832 4096 16777216 131072 0 536870912 1048576 8423424 0 1572864 159449088 167813120 262146 0 33556736 1375793184 8650752 8388616 536870912 2416054276 4096 94371840 20972032 407109890 33947652 8192 0 33554432 2155872256 2097153 1074004234 20971584 8 16924672 2048 16384 167772160 288 1065216 1149894912 4456576 1082130432 2228746 4160 64 18876416 102760452 4128 1746157572 3222278144 131136 4198416 8388608 1024 35653632 0 8 2149646592 2181038080 2212096 2176 131108 33554560 8388608 20971520 69206048 134218756 268500993 64 67108996 1048612 2166784 2113537 335544612 1073741824 2147483664 256 4194304 3202 16777732 72 65792 1073776896 4 134252672 537921800 4206600 262160 514 69206016 138242 4194304 260 71303172 4096 538968320 33686016 1408 79691776 4194305 1114112 6291484 4194816 9437188 0 155222048 0 268435456 671089664 8388608 4196352 2097153 1442368 4718849 276955140 25169920 272633856 33702024 268435456 536904704 1048576 21238785 0 263176 4194561 134217985 33554466 13180928 34342912 67108864 8192 2483167520 268435464 262144 33554432 12582916 32 268533760 8390688 268443649 2099200 4 1052704 128 32785 136314880 135274570 12714240 6291456 75499568 2105345 671367168 67108992 65536 33056 294916 2166358016 1075839040 64 64 268582912 159383552 16385 8388609 2147622944 49408 67633408 21758976 4096 1073741968 276824064 8 9437188 8395776 0 33554568 1342177280 0 2148139008 2049 1041 1208090880 12582917 8519682 1077936384 262208 540147712 75497536 131080 64 2151686152 2097168 256 22675520 276840448 2048 423624704 131456 10240 536871936 512 1050624 1052808 656128 2148007941 8 2148007968 1107296432 8404992 262404 100663296 8458240 134218256 20971520 1644167168 301989888 4196352 268961798 135168 16818434 33556480 1073750016 1073905696 67108880 4198672 16777216 1282 4325376 131072 21004288 416 524288 10240 536870952 0 16777218 8389632 1024 589825 19398912 4196384 65536 537919744 2752512000 1107329152 134217984 17858560 1207959552 4194312 16777216 64 0 12587008 4194688 33687560 268435456 671088648 524480 2153250818 25 1048834 4260100 16385 32 402915329 169083137 536870912 81984 37749760 8912901 1024 2147489792 2173173760 1048576 146804736 256 2852388872 0 5152 524288 8388609 128 1179648 524288 285278208 71303168 268435456 11010180 2248147008 4202752 201326608 132096 2290091009 1048576 97 268435456 1024 134480257 0 0 671088672 524288 4096 134217737 1310720 537919488 8390656 266403 16384 3221225476 12288 8388608 655360 69210136 1073874946 12582980 9437184 0 419430400 33554440 2048 537001984 64 8394753 8 256 4 16384 2052 16777216 16392 2048 134222848 524544 2147483648 5145 1075053122 8388608 65536 48238612 17039489 0 2080 4096 167772288 5245952 1158742144 8 268435460 27262980 4460545 545275912 268966144 72 4194304 2147483650 67109896 134217738 131073 67633156 4096 16642 1024 1048576 4521984 8388608 2160101377 69210275 538976256 2416443392 0 135266304 268451840 33685506 4 671088648 1179648 2148009992 134222883 537396288 8454144 268959744 0 270565504 0 536873092 1074020360 1179648 2148008448 6295554 2819097600 8912901 20447360 1048576 12583712 37486592 268435456 536870912 64 1179648 1107296265 537142016 524289 1 8389632 262144 2056 0 128 268435456 526336 1073741856 35389440 2147483649 8388612 1024 134221824 0 67108868 0 8388608 8388610 16 256 4718593 524416 0 4128 134 2147483648 8 9175568 2155872256 1074855936 12545 8913984 33554432 131092 138412096 1075871872 1073741824 1073750144 2147623040 262176 67175443 1050624 8912897 1114112 131076 134221824 4 268446852 134287392 2156396560 32774 1048579 1073741888 8388609 16777216 0 268697760 1310732 335544320 131072 0 9443328 135266313 262144 524544 1048704 25170944 138412321 0 0 132096 41943104 2147486208 135266321 1073743104 1092 1 8388608 134479874 2176 8196 536870912 9437696 2048 152043521 1075053122 2148007940 1048576 1024 270336 2684354568 536870912 1610678304 528 25169920 134218784 536872256 256 276840448 2181038080 0 2147614729 0 8 8912960 10241 0 33558592 65540 268435456 0 134479873 131072 0 0 0 8392704 1178 536875008 268435456 2416050176 2097152 256 34209792 0 142607808 34603024 2147614723 142606336 536870914 4849665 0 0 138412288 33554432 268435456 134218752 0 1052672 1024 1207959552 524544 9437184 16779264 16777216 0 0 1073742848 192 13242369 1074795545 514 276824068 4194304 256 33556480 0 0 0 5799938 136314880 134217728 524292 0 2098178 159383554 33556492 2048 1024 2248671232 4194304 10485768 135531008 2415919172 8 276971520 8388624 294912 538968321 45064 4096 37748736 532480 16778240 2215117696 16777216 24 1048576 1075840000 151257376 2048 4 134348840 134217728 2148042754 134218760 1074791234 0 268959876 4097 540426240 41947168 1065984 134742016 269485058 67108872 6291456 8393216 16777216 104857600 262272 264 75499520 134217736 42991616 4098 134217744 1310976 268435460 524288 0 402653216 131072 0 536870912 1048576 0 1073741840 538181632 524288 8388608 0 8658944 131081 0 134217728 262160 8 1024 266240 268435712 18874368 4199424 8650752 8 4096 167805952 2155872320 2147483648 0 5632 268435456 0 4096 4 2097152 0 671088640 1048576 0 33554433 1073873154 4 16909312 285245440 33556480 67108864 1610678280 33685632 2152206336 148897810 1026 2151677952 1024 0 0 268435456 131072 0 134217728 0 8390656 16 1074790400 273 17825792 134217728 256 2281701380 2048 4352 524288 16781313 3145858 131584 4199680 8388608 1024 134218144 33556480 4 4194304 9437184 5767171 0 134349824 524289 16777220 33554432 155193472 2147500032 2952792064 1073815552 4194308 2148401154 1074791424 536873984 524288 0 1028 4194304 2048 335544320 671088640 1704704 8388610 135266305 134218496 524544 268566528 0 155189248 2099200 2048 135266304 2147484416 2156168195 0 134218056 512 68 50364416 285212672 0 2147483936 37814272 9961732 2147618821 0 134349568 268435776 268435456 4100 16777472 0 268435456 536870912 0 9443328 1033 1207959552 524544 8390720 1179668 155451648 1074003968 0 1208025152 528512 2148139024 16781312 262400 260 0 3072 16777217 2048 2147485696 671088768 8651776 21528576 1074794513 1107824640 2416052288 16 69288064 10485792 142934018 16795786 0 32 2147484688 0 184549376 33689602 268435456 64 18874368 8390688 8388609 0 0 0 33554448 64 18874512 33951744 2415919360 8 0 1048576 0 134217728 0 33554688 134217792 0 0 8 65536 1065088 4096 134217731 16779272 2048 5373960 9437184 131073 16777216 672139264 525316 24
is_linear=0
shrinkage=0.1


Tree=9
num_leaves=127
num_cat=99
split_feature=4 16 18 5 5 6 1 16 1 2 20 2 6 2 2 1 1 1 2 1 2 2 1 1 1 2 1 2 1 1 2 1 2 6 2 2 2 20 2 1 6 2 1 2 2 1 5 1 1 2 2 1 2 1 18 1 2 1 1 20 2 1 2 1 2 2 20 2 1 2 2 2 2 2 1 2 1 6 1 1 2 1 2 1 2 1 2 1 1 1 1 1 13 1 2 2 1 1 6 6 2 14 16 2 20 2 1 1 2 1 1 18 1 1 2 2 1 2 14 1 18 1 1 2 2 5
split_gain=69.8077 23.8003 21.2214 10.2235 9.60401 8.68169 9.17474 7.67671 7.14864 6.95066 6.66671 6.22218 5.92666 5.83536 5.7208 5.67687 5.67557 5.37745 5.33887 5.27876 4.89578 4.76654 4.71198 4.7116 4.64059 4.56168 4.51173 4.47009 4.53625 4.15858 4.14528 4.11766 4.22759 4.05384 4.47559 4.0334 3.91754 3.72122 4.34918 3.64704 3.5472 4.7819 3.46571 3.99486 3.46152 3.43727 3.28145 3.2425 3.109 3.10466 3.07271 3.04778 3.03694 3.14873 2.99057 2.95916 2.92871 3.13146 2.86337 2.80143 2.79523 2.77159 3.06542 2.73955 2.67766 2.67242 2.63805 2.69157 2.61997 2.61404 2.51519 2.48119 2.47113 2.41896 2.46542 2.37623 2.32018 2.25909 3.37466 3.26663 2.55205 2.23986 2.60542 2.21919 2.21771 2.3497 2.21734 2.48041 2.19033 2.18579 2.1853 2.11557 2.10123 2.08907 2.08801 2.06212 2.05952 2.04693 2.03149 2.30888 2.02804 2.1387 2.02692 2.35301 2.14619 2.00923 2.00726 1.97006 1.96736 1.94351 1.93509 1.88708 1.86191 1.85868 1.85745 1.81849 1.81555 1.73818 1.7318 1.72857 2.00798 1.71663 1.65288 1.62988 1.61602 1.61128
threshold=15.500000000000002 0.21719763427972796 0.23087844997644427 464.50000000000006 480.50000000000006 6.5000000000000009 0 0.15326667577028277 1 2 0.16644141823053363 3 4.5000000000000009 4 5 6 7 8 9 10 11 12 13 14 15 16 17 18 19 20 21 22 23 4.5000000000000009 24 25 26 0.33236210048198706 27 28 1.5000000000000002 29 30 31 32 33 1120.5000000000002 34 35 36 37 38 39 40 0.17819065600633624 41 42 43 44 0.18277872353792193 45 46 47 48 49 50 0.29277738928794866 51 52 53 54 55 56 57 58 59 60 1.5000000000000002 61 62 63 64 65 66 67 68 69 70 71 72 73 74 5.5000000000000009 75 76 77 78 79 5.5000000000000009 1.5000000000000002 80 79.500000000000014 0.33108307421207434 81 0.26180523633956915 82 83 84 85 86 87 0.26692117750644689 88 89 90 91 92 93 58.500000000000007 94 0.22746051847934726 95 96 97 98 1050.5000000000002
decision_type=2 2 2 2 2 2 9 2 9 9 2 9 2 9 9 9 9 9 9 9 9 9 9 9 9 9 9 9 9 9 9 9 9 2 9 9 9 2 9 9 2 9 9 9 9 9 2 9 9 9 9 9 9 9 2 9 9 9 9 2 9 9 9 9 9 9 2 9 9 9 9 9 9 9 9 9 9 2 9 9 9 9 9 9 9 9 9 9 9 9 9 9 2 9 9 9 9 9 2 2 9 2 2 9 2 9 9 9 9 9 9 2 9 9 9 9 9 9 2 9 2 9 9 9 9 2
left_child=2 7 3 8 24 16 9 23 -1 59 31 17 22 93 -8 -14 115 -6 119 124 -18 96 -9 -2 -4 -13 -23 -21 -29 -16 -20 -5 -33 40 -35 88 90 49 -39 117 41 45 43 -27 -37 -30 71 108 -32 83 -34 -38 -42 94 116 105 89 -58 -19 -7 113 75 -63 -43 110 -48 67 -44 -52 -68 -55 -31 -11 -25 -75 -56 -53 78 -66 80 -79 -80 -83 -28 85 -78 87 -70 -24 -41 -10 -62 -61 -12 -54 -81 -22 100 99 -60 101 -64 103 -57 -104 -26 -72 -69 -46 -40 -49 -93 -71 118 -76 -3 -51 -36 -50 -17 -121 -73 -88 -59 -15 -102
right_child=1 5 4 10 11 6 14 12 36 72 13 25 15 19 29 18 20 58 30 27 21 26 35 73 55 42 37 28 33 46 48 32 50 34 39 44 51 38 109 56 52 63 66 -45 47 -47 65 64 60 54 68 76 53 70 61 102 57 123 98 92 91 62 97 -65 77 -67 69 107 86 112 106 121 -74 74 114 -77 84 79 81 95 -82 82 -84 -85 -86 -87 122 -89 -90 -91 -92 111 -94 -95 -96 -97 -98 -99 -100 -101 125 -103 104 -105 -106 -107 -108 -109 -110 -111 -112 -113 -114 -115 -116 -117 -118 -119 -120 120 -122 -123 -124 -125 -126 -127
leaf_value=1.8290214860355665 0.85362878217715865 5.0903166880600885 -1.590934301751233 -2.0027775796066614 -1.1137400826287098 -0.31886653783079111 -1.1458509049290695 2.8331416617318763 -1.270162845360276 -0.076095780128321175 -0.43471165366594405 -1.1515853120924835 3.2565992046678831 -1.2523584702269417 -0.95234574150808649 0.75003672728897774 -1.1220062095842767 8.3054508024453728 -1.2534758573505711 -1.7299966456529543 0.43078509220564642 -0.97976496429053439 -0.81664738944414594 -1.592590653070556 3.6888102710850266 -0.085404881356118012 3.2401777385141024 -1.7871382631994148 2.507385570380483 0.047662402195802915 1.8258007274626236 0.73684430798269962 -1.954943476869059 -1.4876317892927478 0.058698528083038264 -1.649770576580015 -1.8038573667274556 0.51855831958844467 3.8970256748053185 -1.0540457681977959 -1.6048338853537194 -1.5753204983467 -1.036474488855172 3.4269969480349638 0.4700442121606857 -0.18488152178786044 0.19638290659120236 -0.0083625435960443268 1.1341911109246114 2.2127203392833064 -1.6394681716267501 -1.5889944359336066 3.1696088303107253 0.32120598713839454 -0.66794122346103391 -1.3159676163152261 1.3958780248784324 1.1198541816940972 4.7990288154023766 10.366225276818657 -1.0363637585059038 0.020464194798125623 0.10741086724653132 -0.22107063961985954 6.4310888949952902 4.8850544896230579 3.0597615710142336 -1.3218852254594475 0.70138986433041328 -0.82962283919263469 -1.7018196184458607 4.9260381898787156 3.6571557616849173 -1.9276666650287666 0.52639948797725855 0.63348114001484079 0.41935429224234622 1.13752016250476 -1.1358933713870474 -1.3422654859448724 -0.5496917975685649 -0.49060072653900744 1.3332064820120146 1.0688083995524715 -1.4046957126086737 -1.331360240902105 -0.27317682124154152 -0.98959362041151344 2.3109715614959581 0.27783106552456344 -1.9245314104276916 -0.14255720333390276 6.9608601405106292 2.8820658788290459 -0.35172318878404057 -0.36063380502552728 -0.67489931829109873 1.7806434054856763 4.0192014788656669 0.80105435517697043 0.92473927987223847 6.1801739426653723 -0.36876444640872164 -0.55810104759707879 4.1321439350333575 -0.84833124203134558 -1.0741690770082222 0.0051737358793682436 -1.633424472086485 1.7472904821192021 -1.4272516883724193 3.8255128676612529 1.5937761978628664 -0.1823545155009472 -1.0420948409151973 1.1891558314944397 -1.202409950358551 -1.6124079910150735 4.2841603866440279 2.6682507302072702 5.1726398475377984 1.5655223466272616 -1.4113165317327545 -0.22746376452009476 2.5134013091066572 2.5714662140065156
leaf_weight=1302 1449 893 3730 2308 1220 102 1040 1104 1445 585 454 2323 1117 274 747 808 2287 241 1283 1785 2746 1503 563 2107 1041 2060 2290 3029 1092 1760 2960 1407 2620 2071 739 1521 2991 2320 3006 2606 2684 1374 3844 1854 452 1183 387 1393 4102 489 5492 6648 423 1271 2793 4572 3777 1573 705 122 1719 5947 6791 3444 315 1451 382 785 2065 1013 3772 727 1742 1653 1408 3584 1966 2588 1212 3883 2931 1201 3162 1654 10220 6454 1396 4405 1516 2574 5233 8933 1070 1007 2233 6487 4159 11644 1400 2741 2395 309 505 6029 217 620 9483 15606 2111 1344 2865 391 2003 2305 10117 450 2090 1745 349 1101 321 1082 8819 5377 1380 2249
leaf_count=1302 1449 893 3730 2308 1220 102 1040 1104 1445 585 454 2323 1117 274 747 808 2287 241 1283 1785 2746 1503 563 2107 1041 2060 2290 3029 1092 1760 2960 1407 2620 2071 739 1521 2991 2320 3006 2606 2684 1374 3844 1854 452 1183 387 1393 4102 489 5492 6648 423 1271 2793 4572 3777 1573 705 122 1719 5947 6791 3444 315 1451 382 785 2065 1013 3772 727 1742 1653 1408 3584 1966 2588 1212 3883 2931 1201 3162 1654 10220 6454 1396 4405 1516 2574 5233 8933 1070 1007 2233 6487 4159 11644 1400 2741 2395 309 505 6029 217 620 9483 15606 2111 1344 2865 391 2003 2305 10117 450 2090 1745 349 1101 321 1082 8819 5377 1380 2249
internal_value=-0.0008878 0.000713046 -0.00224967 -0.00298458 -0.00058063 0.00201678 0.00462783 -0.000527267 -0.0043876 0.00872762 -0.00237796 0.000335294 1.14129e-05 -0.00173803 0.00254858 0.00116231 0.00155342 0.00318664 0.000839302 -0.00190709 0.00140748 0.00158871 -0.000865964 -0.00241664 -0.00256312 -0.00026774 0.00192629 -0.00208346 -0.00190844 0.00370863 0.000366404 -0.00362023 -0.00325933 -0.0016679 -0.000606981 -0.00108662 -0.00465782 0.0020924 0.00428785 -0.000109236 -0.00247376 -0.00055407 9.18073e-05 0.00284403 -0.00138097 0.00321663 0.00467602 -0.00113247 0.000708265 0.00174618 -0.0035623 -0.00413907 -0.00315917 -0.0026652 0.00146967 -0.00166539 0.000447946 0.00139052 0.00461644 0.0146166 0.000208319 0.00170755 0.00211791 -0.00233637 -0.000797407 0.00811752 -0.000365015 -0.000798124 -0.00317619 0.00221306 -0.00324436 0.00291678 0.00540436 -0.00293233 -0.00242493 -0.000183187 -0.00377817 -0.000348343 0.00132428 -0.000968597 0.000996561 0.000743059 0.00179968 0.00441578 -0.00320107 -0.00199288 -0.00254867 -0.00109568 0.00316419 -0.00150289 -0.0068451 -0.000771739 0.0160906 0.00447994 0.000502623 -0.00201349 -0.000874912 0.00263356 0.00406507 0.00276842 0.00169814 0.000632909 -0.00224389 -0.00259504 0.00288088 0.0022681 -0.00365247 -0.000238402 -0.00452002 0.00614679 -0.0030881 -0.000175704 0.00120291 0.00180904 -0.00190291 0.00796009 -0.00181854 -0.0036648 0.00300157 0.00549107 0.00759776 0.00550302 -0.003467 0.000129308 0.00364182 0.00332187
internal_weight=320197 147185 173012 120121 52891 71758 10815 75427 36259 3621 83862 36177 58693 55350 7194 25389 60943 6307 24272 53889 59600 57313 33304 16734 16714 29870 50408 52235 50450 6154 22042 28512 26204 47421 20462 32200 34957 48905 6670 18391 26959 7093 27547 3914 30121 2275 5407 28600 20759 42235 24797 28279 19866 17182 38291 12984 15907 10727 5087 1294 17799 35712 29335 4818 26037 1838 23633 20235 22177 3398 14526 3569 2327 15285 13178 6377 25288 21779 5890 15889 5519 5575 4363 3944 18640 8420 16685 6470 2079 5180 6678 11043 1192 1461 2656 10370 6905 23388 4846 3446 11744 7100 11323 10601 722 1661 13255 16391 2563 4350 4258 9324 3016 6756 11525 1343 2579 2484 4451 2230 1422 1809 10215 6950 1654 4644
internal_count=320197 147185 173012 120121 52891 71758 10815 75427 36259 3621 83862 36177 58693 55350 7194 25389 60943 6307 24272 53889 59600 57313 33304 16734 16714 29870 50408 52235 50450 6154 22042 28512 26204 47421 20462 32200 34957 48905 6670 18391 26959 7093 27547 3914 30121 2275 5407 28600 20759 42235 24797 28279 19866 17182 38291 12984 15907 10727 5087 1294 17799 35712 29335 4818 26037 1838 23633 20235 22177 3398 14526 3569 2327 15285 13178 6377 25288 21779 5890 15889 5519 5575 4363 3944 18640 8420 16685 6470 2079 5180 6678 11043 1192 1461 2656 10370 6905 23388 4846 3446 11744 7100 11323 10601 722 1661 13255 16391 2563 4350 4258 9324 3016 6756 11525 1343 2579 2484 4451 2230 1422 1809 10215 6950 1654 4644
cat_boundaries=0 11 23 34 46 58 69 80 92 103 115 127 139 151 162 173 185 196 207 218 228 239 251 262 274 286 298 310 321 332 343 353 364 375 386 397 409 420 431 442 453 465 476 487 498 508 518 530 541 552 563 574 585 597 608 619 630 642 654 665 676 688 698 710 721 733 744 755 766 778 790 801 812 823 834 845 856 866 878 889 900 911 923 934 945 956 967 978 989 1000 1011 1023 1032 1044 1055 1066 1077 1088 1099 1109
cat_threshold=524288 8392704 32 2718040064 335544576 82944 1049152 2155872768 136 655424 4259904 136318976 3153920 11624452 17039618 536871936 0 134217728 512 4128 2483032073 1048576 16 9437184 0 276824064 704774152 10240 196672 33554512 25165824 1075838984 135232 16777472 268976128 32768 268443650 2952921344 536872960 302022656 268443680 8396833 0 33564928 6144 8 570953856 1073741952 1 150994948 537919490 1082130496 2285895700 8448 33554560 4194304 64 16 131072 8388612 65792 2147485696 2214594560 131168 268435456 22413314 2098192 1074009152 8388672 16389 33587232 8650752 1048704 536880256 4194624 132736 131392 16777344 34078784 65600 404815872 3223322624 8388608 150994944 4 33816832 2147745792 4726784 269485056 135200 2164326400 16 268435456 134217728 327936 2147614724 67108864 1879065600 34078752 32769 1073742864 536872000 2437480704 33619968 35655680 32768 2149711876 8324 1073741832 528 2156658688 4194304 272629976 528448 8 2149646592 1141899264 0 539263104 6176 16448 20 64 2147551232 33558539 512 8 134807552 34603520 528384 557312 134218242 8388608 560 8 4195458 2186 2281703428 64 2491416836 32772 769 2097152 268443648 4260864 67239936 525376 1075838977 393220 4194368 24 213120 134217876 114689 802822 33554432 0 134218768 9437760 56623104 8192 64 16384 5373956 150999040 393216 4096 37888 3293052928 264996 67175424 0 8393216 2097152 4194304 134217857 671088640 2214596608 25856 1049088 2147525249 2097281 1312064 524288 8 134217984 2156920834 4526592 2099200 0 12544 67502224 4330624 128 134217732 131076 33702016 2048 0 2113792 67108864 1032 406847760 263552 16781440 169879680 2048 83951617 2099456 0 3221225601 3221266432 8448 33554440 524356 1149239296 67112968 16974336 335675392 2236624 18890752 1024 0 8396800 2147483776 268435459 685768738 2686583808 2097152 106954752 256 134217988 4096 4096 16 4853760 137367552 1610617600 17301505 3 1073741824 16384 16384 2684392480 5247168 4325632 5276928 612372480 33562624 4 64 285294592 0 32769 2639876 100663328 1077944576 1275068688 131585 8388608 138412032 4160 2 8520208 8404992 34603270 36928 4194688 201326608 4227076 2097152 268439808 131072 32 268451844 4112 262144 526338 6440 4210688 512 17862656 266240 2105984 2415920129 8 100667392 4096 27271170 2156036480 32808 4472832 1572928 1280 4194306 8192 65536 16 8388608 20972544 4194304 536870912 268435460 134225928 655616 2152337408 2097155 1744961536 1792 8 1064960 134220800 134217890 33554440 536870912 33685536 1572864 2147486209 4144 1209012736 524289 5 2052 0 1048578 1073750020 4260104 235405312 16908800 1090519169 4203456 8392704 1179652 20975620 262176 34340864 2048 134217736 10092608 2148567041 1048592 1207959552 8912896 135807104 83886080 262304 1179912 536877312 1073811456 4194816 512 1049601 1578048 11534337 20971520 134217888 33817600 0 134414368 1048576 2148534272 134217744 136768 524352 65539 6291508 33 570687488 33558912 1048832 67240064 268566528 65536 6291600 131072 9437188 16777216 138674304 131072 0 536870944 8912896 133120 1 1209008128 261 66 16777216 8388608 9437184 1056 4219008 67239936 393231 9437185 39846080 272631296 8388608 1073747968 4353 536870912 33556480 1074897920 34603008 2148045312 4096 2105344 2152333568 8 128 0 4 18219011 2148532480 302154112 1073742848 426496 33554432 3424649760 131072 285229056 268435460 2138113 9043968 33554464 8 33555456 132112 134284288 4196368 8388928 16842820 133248 272629824 8388608 67141632 4272128 9576448 393477 2168455170 0 68 2416052228 33554464 4505858 3145728 268435456 4128 0 2152072192 5243904 536872960 4718593 5 8390656 12288 135284742 4 134349064 167773184 20972064 16781312 1077944576 4096 64 268468352 134218752 32 2148532236 0 1375735816 16 6154 1048576 4608 268443904 8388608 33555456 138477696 42205192 335675392 32776 131328 393218 134283280 1107430466 8388608 1048576 37748736 138448930 34211852 67108864 1074790400 1050112 4196352 101712896 0 655621 16384 0 128 536871168 8192 0 268435456 128 0 1048588 279969792 4195344 268439681 128 0 536953120 135790656 6656 153157632 1051392 4231168 41944064 134807553 2147483648 268437504 402735104 41943584 32776 17 786944 138936320 8 16908288 2225078272 65536 2684356608 1073743876 1610891336 306192384 4097 134217776 536870976 524288 8388608 16779264 134484000 33556488 67108868 65544 41943296 5115904 1053704 134218048 4194305 147524 1090519552 311296 2113536 2147484672 65672 4194832 266244 16777232 269485056 2147484164 269484032 4194304 262176 131080 0 671088640 34078720 0 9 512 65536 84017184 1140851716 16777216 134479872 4352 4194336 1024 16777218 2097186 524904 21037377 66 0 299892768 131072 8519680 536936512 1572864 2147749890 1077936177 1048578 4325408 72 8388612 3072 0 262144 67108864 0 8388608 2 2097184 1073741888 16777216 2097152 4116 2097188 8388610 135488 5259264 32 1048584 134287392 136324226 2415920128 0 16777216 159645729 33554432 12288 134284288 9437184 2155876352 134217864 536871680 524545 16384 6324224 4194593 0 536875264 536871936 524800 4618 0 536870920 65536 8 0 319424512 8388640 1074266112 100663392 5267456 2156396544 270270464 67108864 131586 4198400 8 2231566464 1073741952 33345 8405120 2415952000 65600 272 4097 1090519040 541065218 65 3162112 16780288 407109632 2052 67108864 536870976 42991744 13631490 135266312 0 269025537 8388608 83891200 16781312 1073872896 2304 33554432 2214592512 1572864 134284289 135397952 411107328 64 4 4200448 0 2097152 0 0 1048576 4194304 5120 134217728 336592896 0 155193344 33687552 67117060 1081344 64 2164294656 201326600 1051146 2148008192 8 279969792 1051648 138416384 1048584 4 537001984 0 26249216 76546056 1073873410 268959744 335544320 8388608 20975744 2048 335544320 131072 320 2164260864 134217736 1073744898 65793 8 276824064 34605056 0 1048580 2048 1073741888 167772160 1574914 1141903360 1074137858 272630080 0 37748736 419430528 33685512 0 0 9961472 8421376 134217736 320 525380 269615108 2048 285475104 35782656 2048 196608 33554624 8650754 268435456 1572864 8912964 2214608897 48 33026 536872964 1073750148 163840 528 4200448 1107296256 4203648 2147483904 8 1179652 6295552 268697728 536871040 335554688 0 9044032 9177089 0 137625728 2147483648 8 8388612 17830912 134226048 136 10244 32 12587520 16779264 69206024 570429504 276824064 3145728 16778240 32 33554432 0 536870912 8912896 2147483648 1 1073873152 256 9437184 62915584 406847779 33685508 67108864 1744961568 1024 1048576 1024 0 2148008197 268648448 4194308 262272 8519680 33554432 167976 101711872 1050624 1083179008 1179906 8388932 67239936 1024 20971520 178784260 4 8 134742336 1024 1174406153 536872962 8388608 67108864 16782336 138412032 0 0 134217736 0 2048 0 67108864 256 0 1024 16777216 33570824 67108864 131072 192 2048 0 1049088 9437184 67108992 0 1048586 335544324 536870912 134217728 22544907 76546057 1610874880 524289 8 8388608 5120 268435712 12 335544320 134217760 1048640 2048 16 536871426 768 26214400 20971520 272638594 33718284 2147483648 4096 1572928 16777728 134217736 536870976 132160 1048576 1228931074 419430432 33554444 0 134217728 2148270080 2156920960 4104 35127552 16843009 268435456 12583936 150994947 33685504 0 131072 38797312 2157185024 1073742849 1209402120 4 8 0 4096 285212672 8 0 671088640 0 8390656 24 1310720 524288 1050624 4194304 134217729 16908288 8397824 1074790400 1180416 430080 1048584 134219776 273285440 2097152 2097154 0 1 0 0 42467600 2147749888 0 1076101128 285278208 147456 1024 0 8 805306368 32 0 4194304 1209008128 1443072 512 26738688 20975616 419430657 131072 536870912 537001984 1048640 2155907075 0 262144 268435460 2415919108 33560576 20971648 35653632 335544324 134349824 8388608 289409280 0 1610744320 8388609 293601280 0 402653185 0 0 0 0 262145 1207959592 537133056 268961024 1048576 25166848 155197568 42074120 0 134348840 8388928 12847104 1073741825 1074135808 1 65536 1040 272892416 131072 3489697792 134447360 68157440 273 65536 1056768 2155872256 64 68157440 4096 150994944 33685512 0 131072 1048576 8390656 16 75497472 0 134217857 0 0 65536 34078720 4096 201326592 1073741890 4198400 8 1048576 1024 256 0 4 131112 1048704 8781824 1040 262144 524288 0 4199424 288 8 268435456 134218792 8388608 6144 134218769 262144 256 8388608 16777216 268435584 8 0 134217736 8388608 2049 1024 0 4 67108864 4194452 1327104 8 32768 147456 2181202048 1049856 16847880 2228352 260 2147614720 1048580 36864 537018624 0 1053696 524416 2151678977 7340032 135004160 4718592 0 16778240 0 8 0 671088672 0 1 1 262144
is_linear=0
shrinkage=0.1


Tree=10
num_leaves=127
num_cat=68
split_feature=5 20 0 18 18 2 16 2 0 6 2 2 2 2 2 2 2 15 8 6 2 2 20 2 2 2 3 2 5 2 2 2 2 5 2 2 2 8 2 6 2 2 0 8 2 8 8 2 2 8 8 2 8 8 21 2 2 2 18 15 8 2 8 6 2 6 2 8 8 5 6 2 2 8 2 2 8 6 2 8 20 2 2 0 18 6 6 2 2 2 2 5 2 2 21 6 6 2 2 8 2 12 8 2 2 0 2 0 5 2 15 19 16 0 2 2 2 6 20 6 2 15 0 2 8 8
split_gain=58.5568 29.1236 12.2177 9.80666 9.23904 6.41954 5.57276 5.44256 5.40876 5.23375 6.9109 5.08607 4.68802 4.64341 4.45546 4.20848 4.06009 3.88306 4.31172 4.25881 3.78475 3.7749 3.56412 4.89554 4.05134 3.5274 3.98507 3.52403 3.50582 3.71126 3.41086 3.40579 3.0624 2.91833 3.59729 2.88655 2.78757 2.75257 2.62391 2.5384 4.75347 2.34366 2.19131 2.18607 4.63605 2.70315 2.45493 2.28099 2.18513 2.05746 5.05768 3.66247 2.26613 3.76484 2.65307 2.03289 2.0284 1.98321 1.93876 1.93513 1.91503 1.91112 1.87732 1.87426 2.08327 2.06565 3.13502 2.35959 1.9269 1.85581 1.80849 3.93435 2.70214 1.84386 1.78368 1.76361 1.75538 2.21122 2.26263 2.76246 1.73384 1.72819 1.72434 1.7121 1.90243 1.69293 2.18807 1.70008 1.6789 1.66976 1.66594 1.64834 1.61792 1.61287 1.60965 1.71913 1.57851 1.57067 1.57034 1.75661 1.56913 1.56318 1.55998 2.14163 1.55288 1.52352 1.51555 1.50256 1.79248 1.50173 1.47481 2.65423 1.4565 1.43422 1.61481 1.42076 1.40914 1.48204 1.72693 1.40579 1.40403 1.40013 1.39782 1.49757 1.47151 3.25608
threshold=650.50000000000011 0.22352197021245959 0 0.23049706220626834 0.19631607830524447 1 0.25996112823486334 2 3 4.5000000000000009 4 5 6 7 8 9 10 621.50000000000011 22.500000000000004 3.5000000000000004 11 12 0.16151572763919833 13 14 15 6.5000000000000009 16 1085.5000000000002 17 18 19 20 440.50000000000006 21 22 23 20.500000000000004 24 6.5000000000000009 25 26 27 16.500000000000004 28 29.500000000000004 27.500000000000004 29 30 22.500000000000004 29.500000000000004 31 27.500000000000004 24.500000000000004 0.017194103449583057 32 33 34 0.23205900192260745 4026.0000000000005 2.5000000000000004 35 1.5000000000000002 4.5000000000000009 36 1.5000000000000002 37 6.5000000000000009 3.5000000000000004 910.50000000000011 1.5000000000000002 38 39 3.5000000000000004 40 41 3.5000000000000004 5.5000000000000009 42 1.5000000000000002 0.19448984414339068 43 44 45 0.23205900192260745 6.5000000000000009 1.5000000000000002 46 47 48 49 425.50000000000006 50 51 0.022466195747256282 6.5000000000000009 3.5000000000000004 52 53 10.500000000000002 54 1036.5000000000002 18.500000000000004 55 56 57 58 59 1100.5000000000002 60 1036.5000000000002 0.033783622086048133 0.26967902481555944 61 62 63 64 4.5000000000000009 0.28961579501628881 2.5000000000000004 65 4227.5000000000009 66 67 29.500000000000004 22.500000000000004
decision_type=2 2 9 2 2 9 2 9 9 2 9 9 9 9 9 9 9 2 2 2 9 9 2 9 9 9 2 9 2 9 9 9 9 2 9 9 9 2 9 2 9 9 9 2 9 2 2 9 9 2 2 9 2 2 2 9 9 9 2 2 2 9 2 2 9 2 9 2 2 2 2 9 9 2 9 9 2 2 9 2 2 9 9 9 2 2 2 9 9 9 9 2 9 9 2 2 2 9 9 2 9 2 2 9 9 9 9 9 2 9 2 2 2 9 9 9 9 2 2 2 9 2 9 9 2 2
left_child=2 4 7 5 13 75 25 -1 15 14 -11 96 -9 -2 37 -5 -16 18 62 -20 110 -8 23 -15 -24 -4 57 -19 32 -30 -13 -18 76 85 112 -26 -28 113 -22 43 107 -23 60 47 45 46 106 -32 -38 70 52 -52 53 -51 -54 -25 -44 -27 -29 61 80 -37 115 65 68 66 -40 -68 -65 74 71 73 -72 -33 -49 -3 77 -12 -79 -80 -31 -60 -64 84 -78 86 87 -14 -61 -36 -67 -43 -34 -87 95 -81 -7 -42 99 -62 -85 -66 -88 -104 -48 -71 119 -41 -109 -53 -10 -112 -35 114 -6 -17 -46 -118 -119 -45 -110 -107 123 -63 125 -124
right_child=1 3 6 8 9 11 21 12 20 10 28 30 33 22 16 17 31 27 19 -21 38 41 24 55 35 26 36 58 29 42 39 49 92 34 89 59 48 -39 63 40 97 91 56 44 116 -47 104 69 -50 50 51 109 54 -55 -56 -57 -58 -59 81 88 98 122 82 64 101 90 67 -69 -70 105 72 -73 -74 -75 -76 -77 83 78 79 94 -82 -83 -84 100 -86 93 102 -89 -90 -91 -92 -93 -94 -95 -96 -97 -98 -99 -100 -101 -102 -103 103 -105 -106 121 -108 108 120 -111 111 -113 -114 -115 -116 -117 117 118 -120 -121 -122 -123 124 -125 -126 -127
leaf_value=1.989469609762951 -1.474510991091909 1.4082363250401995 -1.6546572256823318 4.179325239242254 -0.024575239418948739 0.10292230083815467 -1.2186937610392041 -1.6504722947004382 0.58336370896474288 2.7277798854103841 -1.1880233509531317 -1.5405945650875821 2.4233699085197866 0.91990494307757464 -1.7286685587577013 6.345086285704717 -1.1029913561263327 -0.75552365124116427 1.4870939789211801 6.6040725488795635 -0.66609155995606506 1.6528162508739837 -1.3125177658183411 -1.9368585465360415 1.0864937345768944 -1.3591330757440063 0.093840571562285174 6.9642569107040631 -0.74712424100468144 9.9781847011288978 -1.1514130873984565 3.8446037787575431 -1.4073397553692384 0.071728483351546482 -1.1524627935552882 -1.0426214952019581 -1.3711062358262338 4.6492734585053839 3.117991137597615 -0.73134311445563582 -0.74443785954208874 -1.0648410298766298 2.3201660273933551 -0.38551261498714773 -1.5009857139420884 -0.53161217348642575 0.67066162037976362 -0.0674254202015864 -1.0338186810690253 5.4029630526695387 9.2590346420184222 -2.5481850310153789 3.0189845691714918 -0.9508993693410881 10.500775974923378 -1.1804480369363777 0.11781320816171113 -1.5696753716092484 1.6739783702680056 1.8306690860951897 1.7657999506564519 -0.59807573948838633 -1.2603560013435748 3.90608484403058 0.44203963781239131 0.85422486786573915 1.5639300609227886 -1.1264175926539124 1.5341854315802399 -1.0917256111126263 0.18269646875076317 -0.23292665606587082 -0.94601655866549617 1.159353423457443 -1.1668564167427939 5.206519873313467 0.85286528801422756 -0.19233113746516328 -0.70158143258426797 4.583855948448373 6.1079205470530384 3.2438113444864323 0.39461832909033262 -0.73282930954465064 4.90124082327333 1.8196698292779772 -1.4788899909696898 -0.73176952661995154 0.22333409202933865 -0.39497100883315683 -0.3895775178755998 0.10455737354192872 -0.25255426546863802 -0.49021017208566464 2.6004227247680349 14.037272234404618 1.3388446175414519 0.51653701518130524 1.6997108268254426 8.0073724932326336 0.9402700773100604 4.5935325130381832 2.5832546919640795 -1.142158610227382 7.2052737704635774 0.084714576904340852 1.1736429868766267 2.2328714520205706 1.7335334048665911 -0.50399924054355449 2.0828655130050313 4.6089777548517317 1.8143801079429069 -0.319043437086663 4.2572733323312129 1.3046001764812787 -0.89202545687673396 0.25297613202000796 6.0592394346614187 4.153314653478283 6.3811860226402395 5.7828253842888335 -0.55752819437100343 0.8230678652117599 -1.9892169789642158 1.4962047910222012
leaf_weight=1914 2701 5051 3767 2702 216 6251 2491 3199 1441 1717 348 1523 602 1307 1033 146 4668 973 218 162 2540 434 3165 2273 1636 6432 2028 107 1018 103 5220 295 1498 5452 5197 4674 4878 217 1698 116 1119 1896 1143 112 977 876 106 2105 30865 310 115 451 266 457 196 14665 1848 8348 2731 380 147 1923 1471 879 5104 2699 512 1075 2884 903 4356 3751 8974 870 3102 500 270 228 130 181 126 7252 2904 1890 214 610 10417 2066 1380 12428 6340 4398 7778 2008 122 101 8617 2674 1117 133 1419 139 377 1898 233 9327 1312 625 142 668 2745 239 1920 600 349 362 1404 620 126 393 307 124 16610 2708 1058 1283
leaf_count=1914 2701 5051 3767 2702 216 6251 2491 3199 1441 1717 348 1523 602 1307 1033 146 4668 973 218 162 2540 434 3165 2273 1636 6432 2028 107 1018 103 5220 295 1498 5452 5197 4674 4878 217 1698 116 1119 1896 1143 112 977 876 106 2105 30865 310 115 451 266 457 196 14665 1848 8348 2731 380 147 1923 1471 879 5104 2699 512 1075 2884 903 4356 3751 8974 870 3102 500 270 228 130 181 126 7252 2904 1890 214 610 10417 2066 1380 12428 6340 4398 7778 2008 122 101 8617 2674 1117 133 1419 139 377 1898 233 9327 1312 625 142 668 2745 239 1920 600 349 362 1404 620 126 393 307 124 16610 2708 1058 1283
internal_value=-0.000933078 7.10681e-05 -0.002756 0.00128197 -0.00109492 0.000359229 -0.00364426 -0.00154435 0.00233227 -9.79283e-05 0.0010724 -1.1177e-05 -0.00176122 -0.00197676 -0.00100461 0.00363588 -0.00129448 0.00302644 0.000792321 0.0110526 0.0014538 -0.00136566 -0.00176967 -0.00290217 -0.00117673 -0.0040179 -0.00380339 0.00409202 0.000542774 0.00265306 -0.000695244 -0.00104266 -0.00029551 -0.0014854 -0.000786897 -0.000834441 -0.00325938 0.00451149 0.000954771 -0.000473807 0.00159944 -0.000130605 0.00385347 -0.000857463 0.000797205 0.00357659 0.00549165 -0.00134787 -0.00346349 -0.000491821 0.00222087 -0.00230146 0.00676159 0.00342894 0.0122944 -0.00335615 0.00222925 -0.00519621 0.00464356 -0.00105775 0.00680929 -0.0012585 -6.14615e-06 0.00131677 0.00241394 0.000516064 0.00266362 -0.000544774 0.0042062 -0.000739197 -0.000858273 0.00078112 -0.00146287 0.00582978 -0.00227963 0.00357669 0.001724 0.00522522 0.00824147 0.0116912 0.0153275 0.00450466 -0.000674288 0.000703926 0.00619433 -0.00245745 -0.00285808 -0.000254875 0.00215909 -0.00156224 -0.000264412 -0.000625002 -0.00136335 -0.000106954 0.0159901 0.0201418 0.00152708 -0.000139366 0.0054617 0.012069 -0.000117508 0.00111745 -0.0034053 -0.00103297 0.0133038 3.47668e-05 0.00403412 0.00708333 0.00826568 -0.00406555 0.00413754 0.00541555 0.00106746 0.00261802 0.00617391 0.00574803 -0.00190309 -0.000462965 0.00313673 0.00864077 0.0131626 0.000411159 -0.000890982 0.000665802 -0.00127156 -0.00105796
internal_weight=319899 206274 113625 101188 105086 53865 65537 48088 47323 49323 21531 48314 46174 55763 27792 19028 26410 16326 5263 380 28295 9219 53062 18245 34817 56318 52551 11063 19814 5635 33446 25377 14179 42975 24997 31652 37771 1382 23870 31923 4983 6728 4617 26940 6159 3032 2156 20781 35743 20709 2463 1234 1229 767 462 16938 2991 14780 10090 30016 1626 28256 4883 21330 9006 12324 3285 1587 3763 15561 18246 4916 13330 1165 5207 5551 4903 1110 762 534 229 9983 4375 3793 484 17978 15360 2668 1760 17625 9039 6294 9276 2618 404 282 14868 3793 1397 280 3309 5243 12692 2275 339 10354 1817 1190 1074 1119 4425 2984 7372 1165 565 508 3127 2150 746 505 449 9451 23582 4631 18951 17893
internal_count=319899 206274 113625 101188 105086 53865 65537 48088 47323 49323 21531 48314 46174 55763 27792 19028 26410 16326 5263 380 28295 9219 53062 18245 34817 56318 52551 11063 19814 5635 33446 25377 14179 42975 24997 31652 37771 1382 23870 31923 4983 6728 4617 26940 6159 3032 2156 20781 35743 20709 2463 1234 1229 767 462 16938 2991 14780 10090 30016 1626 28256 4883 21330 9006 12324 3285 1587 3763 15561 18246 4916 13330 1165 5207 5551 4903 1110 762 534 229 9983 4375 3793 484 17978 15360 2668 1760 17625 9039 6294 9276 2618 404 282 14868 3793 1397 280 3309 5243 12692 2275 339 10354 1817 1190 1074 1119 4425 2984 7372 1165 565 508 3127 2150 746 505 449 9451 23582 4631 18951 17893
cat_boundaries=0 1 13 25 26 38 49 60 71 82 93 103 115 126 137 148 159 170 181 193 204 215 226 238 250 261 272 283 284 295 306 317 325 337 348 359 371 382 393 405 416 427 438 449 460 471 472 480 491 503 513 524 535 546 556 565 575 586 587 598 599 610 611 622 630 641 652 653 665
cat_threshold=10005 36179968 1241513984 8388608 16908289 384 142606336 64 2147524624 37748738 539492496 5120 16 2149056928 32 16386 2685403392 67112960 1342210048 800 139784 536870912 268435456 6144 16 1812 67174405 1241513984 8421408 1064960 4096 1048832 48 9473 160 1210058752 268500992 8 2415919232 4198432 287309826 142606336 1050624 131328 1049600 8915716 1073741952 269484034 276889600 4 50331664 256 285229184 2181038336 16392 1040 1094 67108897 1073744002 2156069376 603979840 335546400 65 2156183552 525600 1056768 131592 268730384 67108864 4096 4194816 85983360 67108866 0 536921092 2147483776 1107297344 402784512 2147483912 603983904 524288 21037056 136331264 1207961600 262146 538050696 8192 302056520 276824064 20971522 1024 33554496 16780544 167772449 2097200 2207746 3672064 12288 1089536 2214592512 524292 2162688 12 270548992 0 16785408 1313028 2147483648 4194624 64 4202496 4128 1611268864 2151743552 8 1048580 4194304 155190017 131340 268435712 197672 8912896 2147483648 134217864 512 4718912 268500994 1083183636 16777472 537921792 2048 98304 8388688 4194304 4096 538976266 131072 2415919106 1090519572 32768 19923200 8394880 0 1073741824 524610 1073741825 35652608 720897 2162694 134219808 45056 2148796416 2147483680 8192 64 2152342544 8392704 136843264 256 8392704 67141634 65796 5 4096 256 4194352 1573504 8392736 3223453696 4259904 270680064 12582912 17039488 526336 2147485696 8585280 8520192 2164293632 1082131456 33816640 2147483652 83888192 10616848 16384 537919488 3221394946 4160 2151677984 64 68227072 4096 2147483648 64 268435456 37748736 12583201 167772160 1140850688 256 34603008 4462080 12846208 1746928128 524288 1048576 16782336 4456704 570556424 1342187520 4104 1180160 2156431872 2098184 536870912 525312 268435456 2161117184 278925313 8 8390696 134283328 2281701376 26214656 134217728 1048584 272629828 20480 4325376 8704 134742144 2182217728 263424 67108884 517 155254784 4325380 64 2 4096 4194944 25165824 671105280 1052676 33706048 52 268435457 2359456 570425344 1024 34 33554437 2149615620 524321 2129920 536879364 1073815552 0 165888 1048578 66 285214724 8601600 16780292 33 2097152 0 4259840 34078720 1 8388609 264 4194561 10485760 50333696 268439552 1048576 1048576 4194304 33554432 1180160 2 32 268435461 3125 131076 16777216 134484096 33554562 536870912 1184 9043968 5246977 134218760 395584 524544 147457 16780288 33153 2 570433536 1073742848 8519680 4096 161481736 2147485704 138543360 268453952 1048576 4456705 128 276824064 0 1073873800 1348096 1140851713 131072 402849792 0 0 262144 0 0 0 524352 8388608 19005568 524288 4456992 1107820544 100663296 134234176 524544 4 34668552 138543616 324 16 9437184 0 4198656 12 1342177284 4195328 2181562432 5638658 136314880 1048586 4718593 269631488 8392704 285212928 33685504 0 1049632 8388992 8654849 0 1442624 4 16777216 2097152 8409088 570427392 268468224 1614807176 14160128 2151817216 1032 10 4 40 67239936 50332672 268435456 570556416 335546368 134348800 72876800 8650881 8388609 3146760 1024 1048576 4096 272892288 0 67108864 671088680 1572864 2155876355 1207959553 1024 8913153 0 4100 268435584 128 4 537001984 524416 34816 2 1179648 0 8 65540 8389632 150994944 393216 2048 12779520 656 8390656 1048579 33692930 2415919168 4 1048580 138412032 786568 0 537919496 134218112 21364736 0 1208222208 64 35651584 33554432 8388608 16908288 256 134217728 64 2147483648 0 538968208 1024 0 16781312 4194560 0 0 8 0 0 1032 0 524288 268959744 2165310464 134227104 167772160 2415919104 671121408 1073741824 34825 1073741824 4136 268435456 0 21004288 16777344 0 0 671219712 2181562368 2147520512 2101248 536871168 269025280 545 0 4096 150994944 33685512 0 0 0 2048 8388608 0 134217728 0 0 536870912 1048576 0 0 262144 4 25165824 471859202 65696 10618883 4 537006208 8519680 262144 1073807360 9792 1 8 67108864 96473090 134217986 8 4096 536887328 5767184 16777728 1075839104 135266316 16384 10485764 1 2097280 1048580 1077936192 37748800 17039362 147066883 1032 20971520 8388608 0 0 33554432 0 1024 0 2155872257 0 262464 524288 1048580 0 4096 264198 67108868 1184 256 22156288 0 1208091136 524292 0 1024 134217729 33554440 0 0 0 526336 1 1280 1048576 4096 0 33554440 0 0 1049088 2155907072 8 8388608 0 0 0 0 32 1048576 8390656 0 64 0 16777216 0 0 0 0 0 0 1032 262400 256 390 131072 16777216 0 0 536870912 128 8388608 1048576 134217736 2048 524544 10368 8388612 0 402653184 131072 0 196648 8388608 1 134217745 1310720 68 10036 85983232 0 0 0 128 64 131072 0 0 524288 4194304 0 4096 0 0 0 134348800 1048576 8388609 8454144 1028 33 16640 0 536936448 784 131072 0 167773192 65 0 0 0 2097152 0 65536 33554432 0 0 256 257 1313 1572864 0 134480002 2 4 147456 1024 1055744 34603008 1073752960 8388608 16
is_linear=0
shrinkage=0.1


Tree=11
num_leaves=127
num_cat=99
split_feature=20 5 18 4 15 1 1 2 2 1 2 2 2 1 2 1 6 2 6 2 1 6 1 2 1 2 1 2 1 1 15 1 15 20 2 1 2 4 1 1 1 2 1 1 1 2 15 1 2 1 2 1 2 1 20 2 2 2 16 2 1 2 1 6 1 1 2 2 1 2 1 2 2 6 1 2 1 2 1 20 1 15 1 2 1 2 5 5 1 2 1 1 2 1 1 1 2 12 5 1 2 2 1 2 1 2 21 2 2 1 6 1 2 2 1 1 1 2 1 1 11 2 2 1 1 6
split_gain=51.6253 22.5628 11.4256 10.0992 9.72618 6.12122 5.8577 5.58334 5.55281 5.24422 5.48226 4.89614 4.88174 4.88029 4.73166 4.6789 4.65005 6.09952 4.46737 7.6681 5.96398 4.96526 4.7756 4.54926 4.10365 4.03504 4.01352 3.96958 3.96354 3.89071 3.70488 3.68299 3.62678 3.99653 3.86287 3.59289 3.4033 3.30179 3.28228 3.21049 3.18801 3.14965 3.09626 3.07325 3.06934 3.04479 2.93379 3.88559 3.18322 2.88596 2.85046 2.73851 2.73828 2.71467 2.69495 3.01869 2.85041 2.62208 2.57955 2.70117 2.89997 2.55458 2.77755 2.54554 3.71588 2.54186 2.58184 2.33758 2.32348 2.30598 2.2646 2.25468 2.22633 2.2224 3.43015 3.69877 2.20845 2.18956 2.17937 2.41617 2.17914 2.17609 2.10045 2.09789 1.96732 2.34843 1.96147 1.95464 1.9512 1.94573 1.94292 1.92189 1.9131 1.91288 1.90757 1.88854 1.87561 2.16421 1.86981 4.10095 2.93602 2.69404 2.48077 2.34675 2.54089 1.84947 2.63069 1.84034 1.82451 2.08774 1.79006 2.83397 2.27368 1.98848 1.7855 1.78462 1.74787 1.96914 1.74004 1.72645 1.7216 1.70879 1.69219 2.1679 2.01291 1.67305
threshold=0.19876263290643695 770.50000000000011 0.23664359003305438 12.500000000000002 3079.5000000000005 0 1 2 3 4 5 6 7 8 9 10 3.5000000000000004 11 5.5000000000000009 12 13 1.5000000000000002 14 15 16 17 18 19 20 21 4054.0000000000005 22 3003.5000000000005 0.13001377880573275 23 24 25 4.5000000000000009 26 27 28 29 30 31 32 33 4011.0000000000005 34 35 36 37 38 39 40 0.32582892477512365 41 42 43 0.15231444686651233 44 45 46 47 1.5000000000000002 48 49 50 51 52 53 54 55 56 3.5000000000000004 57 58 59 60 61 0.30194623768329626 62 4230.5000000000009 63 64 65 66 566.50000000000011 1229.5000000000002 67 68 69 70 71 72 73 74 75 953.50000000000011 1025.5000000000002 76 77 78 79 80 81 82 0.01234650192782283 83 84 85 1.5000000000000002 86 87 88 89 90 91 92 93 94 6.3553836345672616 95 96 97 98 5.5000000000000009
decision_type=2 2 2 2 2 9 9 9 9 9 9 9 9 9 9 9 2 9 2 9 9 2 9 9 9 9 9 9 9 9 2 9 2 2 9 9 9 2 9 9 9 9 9 9 9 9 2 9 9 9 9 9 9 9 2 9 9 9 2 9 9 9 9 2 9 9 9 9 9 9 9 9 9 2 9 9 9 9 9 2 9 2 9 9 9 9 2 2 9 9 9 9 9 9 9 9 9 2 2 9 9 9 9 9 9 9 2 9 9 9 2 9 9 9 9 9 9 9 9 9 2 9 9 9 9 2
left_child=3 4 5 29 9 92 -5 -4 26 77 90 35 91 -9 70 72 17 31 21 20 96 23 52 78 27 -23 -8 -18 -25 -1 44 -14 33 43 -35 -10 -26 -34 -19 -38 -27 -36 -43 -31 -13 -40 71 -48 86 87 -46 125 95 -39 56 -56 -17 -55 107 60 -60 -42 -63 64 105 -24 -67 -45 -44 88 -15 -6 -16 74 -58 -76 -22 -2 79 -12 -75 -61 -73 -30 89 -86 -49 -32 -53 -70 -11 -7 -3 -33 -37 -21 -20 -98 102 101 115 -100 -71 104 -104 106 -47 -41 -82 -110 111 -87 -113 -112 -85 -101 117 -57 -50 -64 -108 -118 124 -124 -65 -52
right_child=1 2 7 6 46 12 8 13 11 10 18 30 16 14 15 54 24 38 19 22 76 25 65 28 36 40 -28 -29 83 32 49 93 37 34 41 94 39 53 45 58 61 42 68 67 50 63 47 48 118 -51 51 69 -54 57 55 116 73 -59 59 81 -62 62 119 122 -66 66 -68 -69 84 98 -72 82 -74 80 75 -77 -78 -79 -80 -81 108 -83 -84 114 85 110 -88 -89 -90 -91 -92 -93 -94 -95 -96 -97 97 -99 99 100 -102 -103 103 -105 -106 -107 120 -109 109 -111 113 112 -114 -115 -116 -117 121 -119 -120 -121 -122 -123 123 -125 -126 -127
leaf_value=-1.6665144227532644 4.8532244887223763 0.43740917932858481 -0.57032041694063429 -1.4663252000436588 -0.4889064965166931 0.19359368270542565 -0.76302993078382075 -1.1840292160222921 2.2235974222455623 3.6021523210441679 2.6313035848820587 -1.6104958515894279 1.6889723576321949 1.3474736189901273 1.1747710637291469 -0.20488104164949117 3.0504138575236355 -1.7907584726527697 8.5262181336667737 9.329223624682971 -1.845191959154417 -1.8467218011267705 -1.6777655118791301 1.8436944696718713 -0.81147868262455281 -1.8822168589037411 2.1592917153386373 0.38665626002804393 -1.8564725313158714 0.47809886493066317 1.5031581150701208 -1.170141266402539 1.3487314217880737 -1.6955176225574395 1.0852067946398698 -1.3813115352957976 -0.88415391072262173 -0.49006993925610393 -1.9340941757153427 -1.4594180599740967 0.5239003856484401 1.2565167030432927 -1.5134817999209549 -0.13343156191266112 -1.3265918320102421 -0.10949352168289234 -1.1833583136192667 0.10421224096099023 1.0864687145688043 -0.25655229720132383 0.1393095430537214 -0.2238090136769102 -0.63029317812004437 -0.31703173523424599 -0.11930292687645982 3.3724409237097817 2.6258668962572074 -1.3823631607346358 2.3232674902794801 0.1702098192909286 0.12837759178270575 0.99382729959036764 -1.2250590723556756 -0.2004493450862723 -0.33146719622710086 -1.542950552872312 -0.13034792717713606 -1.5952382556027158 -0.36162917700348185 -1.2293496616842277 3.6432775062968283 -0.574439353605665 4.2027410565698622 -1.098763038634498 -0.98240634019679407 1.0911912042502263 0.86693265461315505 0.42506904519490085 0.56227814503410656 9.9113940075453026 2.0956895912895064 3.1942287450717277 -1.3823631607346358 -1.4478957984645799 -1.37344722415668 -0.69563925143429373 2.7380797958164429 4.7810235108170902 -1.3673928123708743 -1.2056780933097639 0.01517977781863942 2.9298754235995768 4.6670809083570246 0.38280352443823007 0.16983990573115323 1.9140497923616302 1.7602295358292288 7.4923893038000644 2.6959018892477928 -0.69656956328801367 -0.90047715991348865 -0.031628856469587616 1.7071032727581548 -0.79556200590407355 -0.33805009202476394 0.3835649036693225 5.1542362122965315 -0.0802624694242558 7.0551723052974085 0.95857075073516462 0.26310744426469279 -0.71134998095303026 3.3128492282493074 -0.79445533330459639 0.094149010811516845 1.480399571660032 4.2852880973523453 -0.71287798963671645 -0.79455837630344039 -0.52185756883261269 0.4276935607594296 2.0518428462541589 0.73551135927291089 -1.0395634150250845 -1.8840091031374779 6.4573929575942435
leaf_weight=3333 844 409 2291 2678 1883 1386 1318 1331 1630 924 684 3979 2047 1309 714 4614 2019 1555 582 101 428 2700 1142 1441 1856 2018 2505 2633 918 1138 1286 1164 398 1177 805 1550 1622 2094 1431 956 1941 1285 3207 1042 2089 291 1694 515 515 2442 387 1834 897 1394 1358 723 1299 11115 2242 22417 2081 1554 5650 1209 3901 1612 4439 10508 2630 4754 3495 1427 1588 508 3271 4700 2752 1136 842 113 5187 226 5669 931 3285 1179 458 192 5490 6418 531 2458 904 4524 6101 1427 1210 132 944 1206 6430 819 1371 15341 4187 1226 434 1503 130 7042 3375 423 846 12017 2514 1580 1874 761 2056 14364 144 2322 2061 4442 2452 170
leaf_count=3333 844 409 2291 2678 1883 1386 1318 1331 1630 924 684 3979 2047 1309 714 4614 2019 1555 582 101 428 2700 1142 1441 1856 2018 2505 2633 918 1138 1286 1164 398 1177 805 1550 1622 2094 1431 956 1941 1285 3207 1042 2089 291 1694 515 515 2442 387 1834 897 1394 1358 723 1299 11115 2242 22417 2081 1554 5650 1209 3901 1612 4439 10508 2630 4754 3495 1427 1588 508 3271 4700 2752 1136 842 113 5187 226 5669 931 3285 1179 458 192 5490 6418 531 2458 904 4524 6101 1427 1210 132 944 1206 6430 819 1371 15341 4187 1226 434 1503 130 7042 3375 423 846 12017 2514 1580 1874 761 2056 14364 144 2322 2061 4442 2452 170
internal_value=-0.000894581 0.000210589 0.00107002 -0.00235386 -0.00123068 0.000269709 -0.00151431 0.00232113 -0.00133181 -0.000616236 -0.000809343 -0.0015538 0.00013911 0.00258168 0.00277594 0.00238193 -6.76559e-05 -0.00107176 -0.000984487 0.000480911 0.0036097 -0.00158957 -0.00118197 0.000708045 0.000651043 -0.00219542 0.00236629 0.00342771 -0.000608878 -0.00322585 -0.0019154 0.00129761 -0.00305163 -0.00263809 -0.0021085 0.000569366 0.000257343 -0.00441371 -0.00202861 0.000506486 -0.00180405 -0.00191939 -0.00206345 -0.00416772 -0.00214527 -0.00163684 -0.00355701 -0.00167621 0.000213841 0.00104592 -0.00191625 -0.00174584 0.00264887 -0.00465863 0.0020832 0.00382495 0.00162573 -0.00521528 0.000745709 0.0010287 0.00331641 -0.00147498 -0.00178793 -0.00124305 0.000390258 -0.00247536 -0.00165155 -0.00465398 -0.00224918 -0.0018346 0.00572497 -0.0046542 0.00673875 0.00209644 0.000916934 0.000136572 0.000940436 0.00442211 0.00534263 0.00908302 0.00294785 0.000590206 -0.00546862 -0.00211068 -0.00197562 -0.00144547 0.00505595 0.00451613 -0.00345514 -0.00321042 0.00522184 0.00359626 0.0070068 -1.40424e-05 -0.000340689 0.00521456 0.00799379 0.0058284 -0.00150975 -0.000418073 -0.00126382 0.00398759 -0.00197755 -0.00150605 0.000255026 0.00377672 0.00729238 -0.00235462 0.00321044 0.00216931 -0.000991599 0.00151961 0.00477717 -0.00139163 -0.000969612 0.00144492 0.00483304 0.00184739 -0.00163115 -0.00210448 0.0112803 0.00588207 -0.00220779 -0.00123292 -0.00392536 0.00516755
internal_weight=320106 182154 114110 137952 68044 69593 70283 44517 67605 53827 51847 63782 68280 42226 40895 36091 64436 26881 50392 14722 5104 35670 9618 7443 37555 28227 3823 4652 5804 67669 54501 7735 64336 49335 36647 9281 32903 15001 19146 31047 25527 35470 34665 12688 50581 17591 14217 5238 3544 3920 46602 44513 2425 14603 33789 7038 26751 12509 29425 26966 4323 23509 21568 16160 5996 7193 6051 11550 33380 43956 4804 8979 2302 22137 9270 7971 3180 1980 1639 797 12867 22643 7096 4363 30173 21125 973 1478 7324 9048 1455 3844 1313 5688 7651 1528 1924 1342 36632 10979 9216 1763 25653 20899 5558 2095 869 2459 12359 7172 17840 2448 1269 15392 3445 2786 5680 1484 2571 20014 578 4196 10164 6503 3661 557
internal_count=320106 182154 114110 137952 68044 69593 70283 44517 67605 53827 51847 63782 68280 42226 40895 36091 64436 26881 50392 14722 5104 35670 9618 7443 37555 28227 3823 4652 5804 67669 54501 7735 64336 49335 36647 9281 32903 15001 19146 31047 25527 35470 34665 12688 50581 17591 14217 5238 3544 3920 46602 44513 2425 14603 33789 7038 26751 12509 29425 26966 4323 23509 21568 16160 5996 7193 6051 11550 33380 43956 4804 8979 2302 22137 9270 7971 3180 1980 1639 797 12867 22643 7096 4363 30173 21125 973 1478 7324 9048 1455 3844 1313 5688 7651 1528 1924 1342 36632 10979 9216 1763 25653 20899 5558 2095 869 2459 12359 7172 17840 2448 1269 15392 3445 2786 5680 1484 2571 20014 578 4196 10164 6503 3661 557
cat_boundaries=0 12 24 35 47 59 70 80 92 103 114 125 135 146 157 169 180 192 203 214 225 236 248 260 271 282 293 305 316 328 340 351 361 371 380 391 402 413 425 437 448 459 470 481 492 503 514 526 538 548 559 570 581 592 604 615 626 637 648 660 670 681 691 702 712 723 734 746 757 769 779 790 800 811 822 833 841 852 863 874 885 896 907 918 929 941 948 958 968 979 990 1001 1012 1023 1034 1044 1055 1066 1077 1087
cat_threshold=268435521 1107460116 557056 537133056 1610612736 256 2214601744 1088 0 270536705 69632 64 270532611 67117072 1048576 11010178 100794368 256 335806720 17073156 2415919104 144 32 8 167903232 9439746 589824 2098176 268435716 1077960704 67108992 425984 1048704 1073741826 277020672 4098 1142030880 0 2290222080 1179648 1107296512 1024 2147483649 4194306 68165640 66560 64 2621568 8389120 4194306 553664770 2147487872 8388608 1208222724 64 65568 33556488 16843264 16 2416447744 1077936642 6303808 285212928 9437696 1115718016 134217760 8192 0 4194304 6144 2097156 2101248 285261954 536871171 3208 36992 88 25199104 536871040 536871040 33554560 135266560 0 134349056 1048738 8388608 2147488004 33024 440402048 537526800 4160 16 49280 35651616 65536 0 2147487744 973078536 4194332 17301634 0 1075839232 4204544 83886081 1073741824 8198 135266572 2147483648 135232 2151949664 34 2 2148012032 16778240 270663680 2164260866 4096 546308096 67108868 327840 277086720 2147746304 10485792 537002024 65536 606208 8392704 136323072 2181056520 4 135283808 524352 25429520 0 1075843200 0 109053956 268435456 168165380 67110912 66560 1048576 2173438466 1074790400 538968130 5 1064960 4198400 134221824 2147614720 603981824 671223808 8912896 8654856 1048584 1074003968 2415919360 142606340 2097156 8388864 657408 0 541131776 0 9996288 8 2147497472 2147487749 8 17825796 5120 8388611 2721579008 2684354560 134218760 64 297472 142606336 570429442 65600 0 8390656 8388608 1589504 33685504 50184 1049088 526600 202444800 33693760 8912960 8 109182980 103809024 65700 671088642 268437504 4096 8 2147746560 4194306 526338 12583424 132 25165828 20971521 0 8192 541261824 8388608 4200450 1207960593 1075183938 320 131072 3072 268697632 536870920 0 134348800 8388672 9963523 16 1074790400 524288 143654916 0 385 168951808 2048 4325384 64 2147488258 8388744 1073751040 276824324 2181038080 133248 0 1208009728 33587200 4259968 3221233664 2147528724 2147483650 0 142671936 64 65536 4195360 402915586 8519680 12288 134217728 33554432 2169112578 8389632 384 268435456 8 268435520 3145730 0 2150645761 2147492224 8192 8389632 2147484692 1073741984 536881152 2281832960 4 1111621632 4098 33947656 1024 65536 1183760 1053186 136314891 4616 2151678208 606601218 2052 28672 2685403138 64 21504 71434272 2151940096 16777216 9352 196608 67239938 4194304 277156097 16924672 4096 1081408 0 16777473 73400488 131200 0 8 2248212480 84934688 12290 2298511360 8390656 1073741952 4194304 8209 2097152 128 132608 218234885 1107296272 32896 0 0 1098752 139264 2164785184 128 2149584900 2281701441 64 69206016 131072 16385 256 1074790464 20544 4112 514 608174080 302646400 268435456 32 16385 135266306 9437696 11534598 3221234688 268435520 262144 256 603979808 268439552 1048608 0 512 20800 262148 536871044 1073774592 561232 22021122 1143013384 3072 2214608896 64 35 0 1879048256 32832 134742672 1708064 35655712 675416064 285212673 2099232 8421633 539754500 1073745920 1073741824 4325424 1048652 69275651 277872644 8390660 4194304 2048 67108868 1024 131072 2176845827 1024 1073742656 4718853 277872640 8392704 4512 0 0 134217728 524352 9568258 16 537919488 4718596 8404992 4100 20971553 0 0 536936448 2155872320 9048066 2098185 1209139712 261 436273217 268959746 2686976 540672 2189459488 16384 2420113408 268697608 33816576 168296448 0 16 69888 1207992576 4 2147483649 9437184 1052672 2151711744 2147483648 0 4096 197632 64 1048576 4128 16777600 8 0 675414048 41943104 32769 134217752 1311744 524544 285278208 12587012 268697632 537001992 12416 256 384 8914944 1052672 538182666 131076 276824320 20972544 4194817 2147483648 8192 33621248 1048576 2148008448 1073741864 134217736 256 0 2216722436 8421376 536870912 603981824 0 1342177280 17830024 144704545 135266316 524357 0 37748740 262176 2228356 68157444 4231200 41943056 9961473 1075838976 538312704 8388672 277956608 1142947840 25198592 19136512 603980032 1614807048 1024 8260 32 4352 2420113408 1048576 4096 155451393 131084 268435456 32 256 262144 8388625 135528450 256 16777217 142610432 0 2147500032 260 5242880 4327168 17825792 17830048 134221960 320 16 49152 134217728 8462337 2097156 605028640 268443656 2151677952 5243402 83886080 4194338 268443648 8 0 16781312 4194432 33554432 335544320 196616 9568384 2148831234 1216348178 1052226 67108864 188745730 69760 0 8192 16648 524304 2147877378 154144771 131074 256 4 16777248 384 8390656 268435456 4194304 8912912 4228096 136319128 788096 289407488 0 8391680 8388640 16512 47104 164928 8389120 2160590848 66560 536872000 268566592 67633152 23068672 6295619 524288 268435908 33024 0 524800 31457288 536881472 268435456 2231517184 2048 4194305 1075841024 0 1310720 8388608 532576 75498496 264704 21106948 40 10485760 1024 150995202 2147745792 0 196640 1310720 2147745792 136314888 659520 16842816 8388608 4198404 0 128 2052 4195400 2148663360 27035650 1073742849 262920 8388672 268435456 16777216 16777344 0 603979776 671088648 0 4194305 134217744 536871168 2048 9437184 138416128 0 8 0 131072 524288 34816 1207963664 528384 16777536 8392960 33555456 4460545 33720320 4096 134283264 42992144 2156398593 1073741824 2098432 2147483648 8 4096 33554436 0 2048 268435456 8200 33555216 22544384 2098177 537002048 1048576 4096 128 8 0 536870912 0 8388609 0 0 4 1048576 4096 268435840 131080 0 671088640 1048640 8388608 17 256 16777216 134217728 262144 134217728 1050880 0 33554432 32768 4112 1024 17302528 268435456 8392708 128 2113536 2048 541077504 704 4194305 1082131456 1074793802 0 0 262144 142606338 4 541212672 42467328 2149056515 3145865 134218752 268436228 2228292 8388608 285212672 536870912 67108864 1753227264 1048864 1311746 134218256 106038272 524289 16793600 25171984 128 0 32 1408 71827840 20975616 3 4198730 8388613 8 1048576 5252 16781440 131080 4 8519680 64 2 1049600 832 320 0 29364224 16777248 10 32 1207960608 68681984 4198657 135266313 5243136 8388609 8 1048576 0 268435584 33685504 0 536870944 64 8388608 0 1835072 11534336 1024 21233664 2048 67108864 196648 8912896 268288 8388632 536870984 320 9437184 16782336 128 0 268435456 536870920 64 2048 8 1310720 16388 2048 4641 256 67110944 65640 0 1344001 17825792 671090752 4718657 65536 2 27296225 2147485700 2147491872 134250496 33554436 2148007937 1098907648 2 1025 134217728 0 8388608 2048 0 0 0 524288 0 512 1 0 0 0 131072 0 65536 0 2155872256 25165828 7168 29364224 133120 12288 132096 34603072 768 1073742850 512 2151678208 0 29361152 8651008 32776 0 8388616 1572996 5376256 136318977 4195328 2417492544 9437184 4194308 256 12 0 536871968 1572864 0 24 1073742080 64 16777220 1152 12849408 264192 2147483652 4202496 33554496 4194816 1216349187 1075839488 65 524288 41944084 142618624 301990020 8256 4325376 202375424 1049602 1048584 2228290 524288 8388736 25167872 285212800 16392 0 65536 131072 8396803 16842760 66 4718592 0 0 272629760 0 805306368 536870920 42991616 2152335360 24 1049858 4 8454148 0 268435616 16384 0 671088648 8388608 2048 16 1207959554 260 8388864 1024 407110145 33718272 0 65544 43516432 2148008449 1073741824 2099008 2147483648 8 524288 0 34 0 0 0 256 269484032 4116 134218016 33554432 2048 132136 524288 12582912 1048576 262154 8388608 0 0 33685504 0 131072 1048640 8421377 8 1075052544 524292 33554432 266240 33556486 75503624 1245184 134218304 1058825 4104 512 21495872 268451840 16777216 25169952 4 536870912 536936512 2181562368 32776 2098195 536871232 4718593 0 16777216 268697856 33554440 0 671088640 0 3 9437201 1073742912 524864 16777216 67109888 402653187 0 536872960 256 0 1 134221824 1052736 256 16384 4096 268435456 537004032 6144 671088672 33554432 12589056 1 262656 64 0 4096 16777249 0 0 65536 1048640 1052672 8 1310720 8388608 276824064 23068704 256 2282881024 8192 1241583616 68681744 4097 26 271168 1048576 2147483648 150996352 536870912 603979776 536870912 310902784 26214401 8389632 320 524288 131076 16778244 160 2 536879104 12424 9437184 2151677953 1074790400 134480898 13172997 0 4096 155189280 2180 268443648 1078075400 8388736 4227584 1115137 1207959818 4194305 0 3072 20971552 524296 4 134284288 524288 1738754 1207964672 1745093640
is_linear=0
shrinkage=0.1


Tree=12
num_leaves=127
num_cat=103
split_feature=3 16 0 0 16 2 15 2 15 1 1 2 2 18 1 2 2 6 1 1 2 2 2 1 2 1 1 1 2 1 2 2 1 6 2 1 1 1 0 2 1 2 2 1 2 3 1 1 1 2 2 1 1 2 1 1 6 2 4 2 2 1 1 1 1 1 2 1 6 1 2 2 1 2 1 12 2 1 2 2 2 1 2 4 1 13 9 2 2 2 1 2 3 1 2 2 2 2 2 2 1 2 1 2 1 2 1 1 1 6 2 15 12 1 2 2 1 2 6 1 10 1 6 1 1 2
split_gain=43.4727 22.0974 12.1062 11.2996 7.02277 5.63168 5.56324 5.76278 5.51797 5.74225 4.77735 4.681 4.54629 4.49243 4.37754 4.37137 4.12463 4.09717 4.91689 4.00812 3.9911 3.96802 3.91817 3.86965 3.85835 3.84195 3.78414 3.43443 3.40571 3.3841 3.37412 3.33635 3.30326 3.2843 5.63633 4.15268 3.31431 3.15776 3.14232 3.8674 3.69221 3.24168 3.05428 3.01024 3.00774 3.81184 2.96125 2.92559 2.85455 2.8377 2.82915 2.80864 2.78464 2.71831 2.71711 2.70746 2.68655 2.84281 2.70995 2.80418 2.64944 2.82785 2.61261 2.59125 2.58194 2.57011 2.78097 2.54572 2.53718 2.46422 3.28839 2.71925 2.33818 2.26306 2.24631 2.23882 2.23404 2.16141 2.15923 2.06646 1.95685 1.94793 1.9365 1.88882 1.87828 1.86148 1.77389 1.75752 1.7468 1.73176 1.72654 1.92453 1.6663 1.66335 1.63902 1.61921 1.60449 1.59849 1.5959 1.58839 1.58467 1.58355 1.9814 1.57623 1.79882 2.09754 1.56632 1.54926 1.52215 1.51702 1.5076 1.49943 1.49528 5.54031 1.90002 1.81991 1.56106 1.7108 1.49219 1.90219 1.50203 1.49779 1.45709 1.42801 1.42463 1.41617
threshold=10.500000000000002 0.19096321612596515 0 1 0.18188917636871341 2 4054.0000000000005 3 2846.5000000000005 4 5 6 7 0.13823312520980838 8 9 10 4.5000000000000009 11 12 13 14 15 16 17 18 19 20 21 22 23 24 25 6.5000000000000009 26 27 28 29 30 31 32 33 34 35 36 6.5000000000000009 37 38 39 40 41 42 43 44 45 46 1.5000000000000002 47 15.500000000000002 48 49 50 51 52 53 54 55 56 5.5000000000000009 57 58 59 60 61 62 920.50000000000011 63 64 65 66 67 68 69 17.500000000000004 70 64.500000000000014 994.50000000000011 71 72 73 74 75 14.500000000000002 76 77 78 79 80 81 82 83 84 85 86 87 88 89 90 91 1.5000000000000002 92 4011.0000000000005 400.50000000000006 93 94 95 96 97 4.5000000000000009 98 84.500000000000014 99 4.5000000000000009 100 101 102
decision_type=2 2 9 9 2 9 2 9 2 9 9 9 9 2 9 9 9 2 9 9 9 9 9 9 9 9 9 9 9 9 9 9 9 2 9 9 9 9 9 9 9 9 9 9 9 2 9 9 9 9 9 9 9 9 9 9 2 9 2 9 9 9 9 9 9 9 9 9 2 9 9 9 9 9 9 2 9 9 9 9 9 9 9 2 9 2 2 9 9 9 9 9 2 9 9 9 9 9 9 9 9 9 9 9 9 9 9 9 9 2 9 2 2 9 9 9 9 9 2 9 2 9 2 9 9 9
left_child=2 13 25 5 16 -3 7 64 9 98 11 -11 68 32 -6 122 -4 24 49 53 29 -10 -20 -18 -15 -1 78 -26 63 -8 37 -29 94 36 35 -35 88 -21 42 -40 -41 43 48 -42 -27 93 73 -36 -38 -19 -13 -25 -33 -9 -22 95 57 72 59 -58 -60 110 79 -28 -5 66 -30 83 100 70 -24 106 -54 -32 125 -72 -67 -59 -14 -47 -64 -61 -76 -39 -43 -77 -78 -53 -17 -57 -73 -92 103 -46 -2 -44 -86 -79 -7 -49 -12 108 -103 104 -84 -106 -71 -99 -63 -88 -62 -93 116 115 -115 -114 -94 -118 121 -120 -121 -91 -16 -23 -34 -48
right_child=1 3 4 6 14 8 20 19 21 10 12 50 26 17 15 33 23 18 22 30 54 123 69 51 27 44 28 31 65 -31 46 52 124 34 47 -37 38 67 39 40 41 84 55 -45 45 62 74 99 -50 -51 -52 87 56 -55 -56 89 58 77 60 81 61 101 80 -65 -66 76 -68 -69 -70 71 75 90 -74 -75 82 85 86 97 -80 -81 -82 -83 92 -85 96 -87 109 -89 -90 118 91 111 112 -95 -96 -97 -98 107 -100 -101 -102 102 -104 -105 105 -107 -108 -109 -110 -111 -112 -113 113 114 -116 -117 117 -119 119 120 -122 -123 -124 -125 -126 -127
leaf_value=-1.4910101346046079 5.7006945010610472 -1.0344332424636737 0.61625991589910467 1.702869806807068 3.6125370858198673 5.6180805300888306 3.0488541095788753 -0.14495908390682052 1.2269291701773701 -0.68386799729898451 -0.10700723583792884 4.4249633731727354 -1.3590638916419036 -1.5025884680462287 0.38862401481212799 0.10881494413669773 -1.3670136977298393 -1.5536724934565873 1.7595006580506007 2.0276781476624817 1.3632051144609729 1.6167155347490292 -0.91445089553319048 0.21034427898433281 -1.7864031515912722 -1.3152805391292575 0.097483933446403673 0.56518824153952407 -1.3278300357883974 0.50393594454653146 -0.94070272467227078 1.9444221597104141 -1.1133213805969318 3.355697379912983 -1.2419119328871908 0.016641945843121932 0.58769523783037991 -0.10056618092908665 -1.4224219014757011 -1.0766320283945532 3.0102880111619412 -0.65674520356385813 -0.73358096328024069 0.20921752933553506 0.50916087684455458 0.50077029711938137 -0.60238340270929092 1.2922169595859767 -0.95294301166379725 2.3493194256672534 2.0846336864348323 -1.6614012659526851 6.798209694137217 -1.9281815119497416 -0.42324899048380726 -1.1817194762207806 0.31821661099006615 0.76322170986109494 -1.4593310715664876 -0.51923135671202769 0.21068986472894233 -1.008450350443483 -0.45474745212198897 2.5389649949231354 0.15121846693311788 -0.69169524779539049 0.10802422840177839 -0.6028691700777995 5.0394857851100694 -0.93033352561339244 0.85644917453131519 -1.3934759366062721 1.1839681009228047 0.96171820252061713 -0.90944016438883968 2.1178417604542941 1.3464492442762575 -1.4748577641244669 -0.065385626378181724 -0.55266355570633963 -0.95211979962863769 -1.6679499948686329 -0.72183597548929435 1.2657444128591331 1.4275370482495486 8.1298154489595102 2.9680748566735238 -1.0746281042726875 -1.4402814729192621 1.5351052350083116 -1.351203016180069 -0.56610241777515591 -1.1973529958697282 -1.2486191632944879 -0.27091710944531888 -1.3319481656460772 -0.44212026252919961 -1.1466497473075925 1.3394668363376321 -0.61582533451507637 2.3295553198518451 -1.0525860053104938 0.27089945138176152 -1.0605673971948204 2.8773596673362363 -0.094147970142960571 0.60288945658290261 -0.0058809942535738976 1.1401789845902754 -0.2012483267772503 -1.4848025287169706 0.57887926829018177 4.9749799350983794 1.1604853588763906 -0.25879253787180018 2.5152410185090188 1.5652075879244953 -0.55492789978316404 0.89576278764812445 1.6002257964079374 -0.73592350370648052 -0.74384599831323284 3.1842273705486934 4.3813868578868496 -1.7893206770961836 -1.5639370416647607
leaf_weight=3761 123 2166 1040 4268 1574 1504 2392 1291 1677 1650 906 1257 2120 1250 562 633 4123 240 1403 1773 1612 379 1352 1989 1762 2124 2196 1819 2247 1630 623 664 3678 1652 2005 1890 2917 5133 1250 2140 1429 3232 3551 1344 248 1208 2674 1324 2128 1821 8093 1585 116 2064 2150 4117 986 1403 1842 1283 587 788 2707 4870 4616 1873 6457 7087 806 478 3795 2369 1229 3259 3244 122 10809 898 3240 2380 7321 4310 2468 5901 2139 117 725 19023 4198 435 1682 8084 2275 5493 1721 6386 1734 979 626 1690 1172 3204 2759 3529 477 1967 2933 2789 2103 4298 2488 1106 397 1510 6084 336 1558 3256 1862 276 2608 9441 443 1403 4175 1607
leaf_count=3761 123 2166 1040 4268 1574 1504 2392 1291 1677 1650 906 1257 2120 1250 562 633 4123 240 1403 1773 1612 379 1352 1989 1762 2124 2196 1819 2247 1630 623 664 3678 1652 2005 1890 2917 5133 1250 2140 1429 3232 3551 1344 248 1208 2674 1324 2128 1821 8093 1585 116 2064 2150 4117 986 1403 1842 1283 587 788 2707 4870 4616 1873 6457 7087 806 478 3795 2369 1229 3259 3244 122 10809 898 3240 2380 7321 4310 2468 5901 2139 117 725 19023 4198 435 1682 8084 2275 5493 1721 6386 1734 979 626 1690 1172 3204 2759 3529 477 1967 2933 2789 2103 4298 2488 1106 397 1510 6084 336 1558 3256 1862 276 2608 9441 443 1403 4175 1607
internal_value=-0.000881515 -3.08891e-06 -0.00242769 0.000736056 -0.00188802 0.00175352 -8.25921e-05 -0.000374945 0.00193971 0.00169574 0.00148893 0.00334241 0.000999542 -0.00146776 -0.001304 -0.00143756 -0.00321326 -0.00113868 -0.000185086 -0.000735269 0.00244861 0.00581382 -0.000597418 -0.00345305 -0.00186987 -0.00436481 0.000714375 -0.00165496 0.00110945 0.00463293 -0.000530745 -0.00140364 -0.0034619 -0.00154676 0.00026749 0.00331644 -0.00184678 0.000510448 -0.00158919 -0.000284684 0.000267706 0.00108414 -0.00210222 0.00397772 -0.00384394 -0.00344762 -0.00111811 -0.00188706 0.000168148 0.00448575 0.0042094 -0.00293582 -0.0016696 -0.00408618 0.00010074 -0.00250157 -0.00182329 -0.00019423 -0.00241769 -0.00408725 -0.00162007 -0.00107128 -0.00253819 0.00305822 0.00199685 0.000587075 -0.000819374 0.00011527 0.00482377 -0.000924349 0.000934023 -0.00152563 0.00394834 0.0014851 -0.0014405 0.00236399 0.00127858 -0.00111696 -0.00175047 -0.000216789 -0.00336521 -0.00494914 -0.00110324 0.00106483 -4.91942e-05 0.0117573 0.00166519 -0.00328257 -0.00434001 -0.00179156 -0.00217418 -0.00163757 -0.000790634 -0.00561052 0.000355985 -0.00383734 0.00143446 -0.00215141 0.0067757 8.59765e-05 0.00299326 -0.000162457 -0.00109326 -0.00192039 -0.000755793 0.00116544 0.000990936 -0.00123875 0.00175457 0.000113476 -0.00367909 -0.00106522 -0.00017255 0.000736157 -7.10176e-05 0.00897712 -0.00123995 -0.000215591 -0.00127939 0.000176989 -0.00143055 -0.00198056 0.00507389 0.00908482 -0.0043533 -0.00356794
internal_weight=320075 204113 115962 135655 90720 60474 75181 67397 58308 54849 52719 11000 41719 68458 62960 61386 27760 58761 25502 58513 7784 3459 23441 26720 33259 25242 38835 32009 33475 4022 55158 30247 9697 60381 8561 3542 51820 19894 46989 13268 12018 9878 33721 2773 21481 19357 35264 5019 5045 2061 9350 22597 28428 3355 3762 28676 27764 7414 20350 6579 13771 11929 13616 7066 8884 26409 8704 18121 2884 22038 5386 16652 1345 3882 31382 4034 17705 6069 5360 3588 10028 5593 27101 11034 7105 239 15832 20608 4831 18739 13241 10872 23857 5741 1844 9937 3873 4666 2130 3014 2078 8854 5963 8441 4912 2444 3411 3768 2891 5023 3075 9190 15416 8327 7594 733 7089 4814 14622 4746 2884 9876 1005 1782 7853 4281
internal_count=320075 204113 115962 135655 90720 60474 75181 67397 58308 54849 52719 11000 41719 68458 62960 61386 27760 58761 25502 58513 7784 3459 23441 26720 33259 25242 38835 32009 33475 4022 55158 30247 9697 60381 8561 3542 51820 19894 46989 13268 12018 9878 33721 2773 21481 19357 35264 5019 5045 2061 9350 22597 28428 3355 3762 28676 27764 7414 20350 6579 13771 11929 13616 7066 8884 26409 8704 18121 2884 22038 5386 16652 1345 3882 31382 4034 17705 6069 5360 3588 10028 5593 27101 11034 7105 239 15832 20608 4831 18739 13241 10872 23857 5741 1844 9937 3873 4666 2130 3014 2078 8854 5963 8441 4912 2444 3411 3768 2891 5023 3075 9190 15416 8327 7594 733 7089 4814 14622 4746 2884 9876 1005 1782 7853 4281
cat_boundaries=0 1 2 13 25 35 46 57 69 81 93 105 116 127 138 149 160 171 183 194 205 217 228 239 250 261 273 284 295 306 318 319 330 341 352 363 374 386 397 408 419 430 441 452 463 474 485 496 507 518 530 541 551 563 574 585 596 607 619 630 642 652 662 674 686 697 708 719 730 741 752 763 774 785 796 808 819 829 838 849 860 871 882 893 903 914 925 936 944 954 965 976 987 998 1005 1016 1027 1037 1048 1060 1071 1082 1093 1104
cat_threshold=4128 1845 131136 1049104 82944 2097152 235929612 256 201457664 4195460 1077936128 136314886 131585 50335744 528 0 1736960 1050624 8456 1073741888 16779392 1142947840 2237440 2281702400 8 402718976 2147485956 8396800 671089793 256 384 2415919104 1049088 46137344 2494464 2228224 138448896 0 2147616778 2717909028 65536 75760640 2155872320 1024 34603072 18350080 135790848 2214592512 129 0 8192 134217728 4195344 524296 8388769 1451520 281542916 524288 67109888 2 2156265473 805314562 1346371712 2155873792 8192 16777217 2147492352 1053696 8 2149650564 1082130434 8397316 2147516672 0 1342443520 1073742864 268566528 0 6148 276832256 16 2147483776 39845936 10510336 134218752 9437216 314605696 0 9352 0 4194336 6144 18 32 8519680 8388864 33554432 4100 1216 167776336 5374208 537919488 64 268960064 96 67108864 33554432 303105 537395200 8 1078080512 2152858128 655368 1073741832 524352 2160132096 32768 2080 268435457 2132096 1048608 16704 2222981248 128 3145728 673196032 29493248 16388 4096 150994976 33554440 1409286144 671088640 8912896 2148141057 17 1611792640 13107456 294649856 4195328 285212960 33556484 0 671220768 0 2148536320 137363472 537919552 2147483904 33620096 5378560 16777728 2686451840 4 114688 2281702016 8912896 19922944 4194304 9568256 2153840708 8521728 512 49152 67141632 4276224 1082130464 135685 2147483648 1073741840 8519937 131107 131728 2129985 1613758464 8421440 40960 0 276824128 18939904 4112 131072 64 4 2176 16814081 128 67110912 1078043656 131072 2164658177 10485762 262656 2151678016 2151682048 32 4226 2097152 5128 268484608 24 4356 3 10402 146810881 16777219 71311376 8388608 3221225472 8388640 204864 1073741828 285213720 1108344832 33556544 256 8 67125252 1073778688 16777216 704643082 6144 131080 4194408 524808 276889600 1096 2147485952 1048576 5120 134217728 8 268435456 671088640 9961664 9572354 1040 1049152 256 1179648 41948192 8396930 2097292 0 132192 2147484416 8651776 0 537919746 16842753 35651584 1052672 16785408 163842 2147616768 4523264 67108868 5275700 541065218 66 272629760 5 1083310084 8392896 0 128 33024 42107392 16777216 67174400 514 2424439040 64 1572864 3076 4257 570556420 2048 537003008 80 2157445633 0 1610614080 5 8388608 4198400 16777504 131080 2048 537001984 524352 2155878401 8 262408 65792 131072 16779792 4194433 150994944 1060 33571200 2417099264 2147524864 67108864 131080 2281701380 402784256 25166336 786432 1310724 67111168 1114112 768 16909312 67112992 1026 268501252 8 10381 268435456 75499524 256 2752643 256 131328 132112 262720 3145761 1478492160 8520192 276824320 33587200 37120 4 2415925504 9438208 524288 524416 18874369 2367616 4784384 131072 4098 16777344 536871172 2751471624 1207960584 2148532736 17858561 142606336 1057024 4194564 2244608 8388608 268963840 1048832 67108868 82176 104857600 524546 1211109376 134226944 2147484677 1064960 2101252 285540352 0 67108864 134217728 33554496 12584960 1048624 1644168450 513 270532612 134219812 262144 3147776 1073750016 1073741824 2151809792 2148048900 32 1210057218 2147483648 8 16388 36700160 16781314 537673740 2147484672 12582912 268435984 524288 142606336 1048586 65605 540672 20972548 402653440 33554443 2147483648 671219744 34603520 4194305 1040 1049216 524288 1050624 4132 268435456 2097152 2415929344 536871016 524352 13113857 1049617 540016640 524288 0 3072 0 131072 268435456 0 8388672 20971520 1 0 260 27262976 54525952 256 0 2147483648 33558592 9175040 2147516928 167773184 524352 16842816 16797696 33563136 2097186 539494400 2952790016 0 67108880 8 25165832 35653892 1114148 2149584896 2688 32768 128 4224 0 2348810752 0 2147516418 603987984 1114112 66 4198400 134222114 536870912 0 1208123488 34603024 1048576 16 1074004224 4194561 9437184 4100 16777600 0 268435456 134218752 1572864 2 136315904 134218048 320 34603008 69206016 16777248 34209800 872423424 134283304 0 5248001 17825792 537920320 524289 16777220 33554436 268435712 33554432 160 131104 1184016 3074 1074790400 640 8388609 268517376 33554436 276824352 2056 4100 1048640 1180624 16777216 1052672 2228224 2149061120 16793600 109051908 268435744 2147502084 128 0 1577744 262145 4104 138412032 576 8 8404992 50336768 268714241 2359296 2048 134218016 38404224 266241 8392704 2097152 4160 67174400 46137856 134217762 2283798532 0 536875008 8389440 12584960 268436481 1075447816 92274688 16777216 136314884 262144 8192 570426472 0 524291 16783368 537396992 68 8 9437184 2202009600 285212801 33816576 8192 134348832 64 2156171264 9437184 263428 4718592 16517 69206018 268697633 262144 0 536870984 34078720 4228096 288358536 1073742088 268436544 2433744897 37750788 266496 0 512 33856 302514176 16777217 3145874 536871040 268501060 17825792 0 138412672 33685768 268435456 132128 5242944 2161121283 1207959552 262176 2147483713 268435456 20 134218112 393216 268441732 82080 1082134592 2151684128 2048 167772672 0 8 4 0 288 8650754 276863008 134480896 33554432 4864 1024 136446528 4722949 1179652 100663312 268435520 264192 268445824 134349056 4096 16778752 75497472 135266306 4719104 72 0 4096 0 8 0 8 0 0 0 262400 276824064 0 1 0 2483036164 0 524304 1572866 142607361 1073741824 268566528 25166852 160 33554688 10240 1114112 33554432 2169647618 1025 131648 768 8 2162688 136839424 4 1050884 2147483936 65600 33554432 33026 36705280 397312 272629764 16 276824068 33559556 262400 2097164 4 4195328 34078720 4194307 4096 2097664 8912901 67125249 6295552 268697600 33554440 2048 537003008 38797344 2147483650 2097186 1573192 2147483908 16384 25169920 4194560 16384 269484036 8 524288 1050626 147 1310720 4194624 8388608 33558528 16777248 16392 335544320 102472 64 9437184 147 538706240 281018368 8388612 33555456 270811264 2050 1073743872 16384 4194432 4751616 201331713 263433 4096 134234112 2147485696 790528 8667136 1074278660 1073758208 142737536 32808 16781344 1073743936 4194304 1048576 134221828 419758080 573046784 33554432 671088640 33554432 17827912 1073741840 1174406402 16777217 198656 69210114 6291457 8929280 2147483648 135332104 1145044992 528 8388608 541065472 4326912 8388608 1024 0 131072 2048 134221856 524304 16809984 1024 267328 256 293601284 4 263074 545390592 268437504 1744830528 512 5543936 0 131072 268960064 131200 2112 16777218 10505220 1073741824 134218048 201326592 32770 203423745 539107336 4100 64 0 4 12583200 34750468 1073741824 4203584 68288512 5242919 134284288 128 268435456 0 4194308 128 0 0 0 128 0 1074790400 536870920 0 0 268435584 0 0 0 0 0 17 269484032 4096 1 33816576 536870912 0 9961472 4229121 8388616 1074004480 524352 10485760 2164260864 134221827 8 2048 65568 34078720 8392704 8 398338 285736961 81920 1082130432 8650784 8650756 67117060 8 8912960 918273 75497472 9216 768 9437184 4096 285212800 33554440 0 0 1048576 2155874304 0 524352 4 276824064 0 268435456 8 67108864 134217728 1048576 4096 25 1048576 256 0 0 268435456 0 0 536870944 1048576 2049 134217856 536870912 268435456 1073742848 134217728 42205312 67108900 135397408 41943040 17305858 1140850689 2100480 2147483904 68288512 4 32 33687560 268435460 541066248 9437504 655362 134217752 1441794 1025 4 18874372 423624704 2048 603979776 537985024 34603008 2148532225 142606352 134479880 8388928 1048576 4096 134217984 0 335544320 537002024 1048896 264192 4 0 0 0 67108864 536870912 0 2147483648 134217728 262144 16793600 0 0 3145864 0 536870912 33554436 2 16778240 2 1048833 131072 25165824 128 131074 268435456 16384 8388736 1999104 201326592 394248 4194304 269484032 4 20971552 8 0 1152 256 0 2097153 134217984 13107200 8388608 0 4456448 0 1342177280 131080 3221225472 16912384 134217728 132096 524288 0 4096 0 0 0 0 64 268435456 4194304 544 0 268435456 4194304 524288 143874 134217728 134217728 268960000 0 4194304 419430432 33554432 0 536936448 0 4097 134217728 262144 524288 0 4096 0 0 0 134222848 1048640 263169 24 262400 8388612 4194304 138412289 0 268435456 0 1048576 1183745 0 512 64 276824064 33554432 134217730 536870916 2048 64 33554432 8391170 142607361 262146 16777472 8 134217728 32768 262144 1064964 4096 0 0 2 2097152 2 4194304 8388608 0 134217728 131072 0 131072 0 2147483649 8 536870976 524288 33619968 16779392 2097440 132 1082142788 1024 2147483776 4227074 1073745921 675545088 4194305 536870912 0 155451393 0 335544320 541065216 1048704 4329474 134218769 1208221760 524544
is_linear=0
shrinkage=0.1


Tree=13
num_leaves=127
num_cat=101
split_feature=3 20 0 20 18 1 6 1 2 2 1 2 3 2 1 2 2 1 1 0 2 1 1 2 8 2 2 1 2 2 2 8 8 1 15 2 1 2 6 2 1 2 2 1 2 14 1 2 1 1 2 1 1 6 2 8 8 2 1 8 2 1 1 6 3 1 8 2 1 2 2 2 2 1 2 1 2 1 19 1 20 1 2 1 1 6 1 2 1 2 1 1 1 2 2 1 1 3 1 2 1 1 2 6 1 1 1 2 2 1 1 1 2 2 6 1 2 1 1 2 1 2 1 1 2 2
split_gain=38.0102 14.7602 11.8989 10.6945 7.76863 5.79402 5.24267 5.58459 5.3736 4.91351 4.93994 4.58242 4.57126 4.44707 4.29528 4.10394 4.07295 4.33289 4.00088 3.94817 4.64026 3.82122 3.771 3.7446 3.54934 7.97511 3.75686 3.50086 3.43678 3.42248 3.39301 3.37976 4.20536 3.24507 3.19629 3.49656 3.1868 4.24136 3.1539 4.48334 4.19701 3.26665 3.1146 3.10799 3.07957 3.05363 3.53502 3.4193 2.99368 2.98821 2.96061 2.93376 2.90891 2.89705 2.92262 2.86849 2.86558 4.55833 4.86115 4.22876 5.11044 4.05474 3.02981 2.85855 2.84142 2.81172 2.69355 2.64658 2.63087 2.60176 2.58894 2.5717 2.56893 2.48898 2.93867 3.02424 2.46961 2.46911 2.43163 2.37477 2.3445 4.08098 2.46983 2.34352 2.32841 2.31934 2.28675 2.28636 2.31726 2.2784 2.22759 2.13027 2.12912 2.61766 2.10254 2.76507 2.67345 2.09441 2.07304 2.19554 2.00727 2.00548 1.97755 1.97301 1.96584 1.93052 1.89283 1.87335 1.86311 1.85259 1.82685 1.81217 1.78285 1.78165 1.75764 4.41328 3.25172 2.47147 2.41527 2.51507 2.163 2.08956 2.01132 1.7995 1.79479 1.76257
threshold=12.500000000000002 0.26586136221885687 0 0.16151572763919833 0.17819065600633624 1 4.5000000000000009 2 3 4 5 6 7.5000000000000009 7 8 9 10 11 12 13 14 15 16 17 17.500000000000004 18 19 20 21 22 23 29.500000000000004 27.500000000000004 24 4011.0000000000005 25 26 27 1.5000000000000002 28 29 30 31 32 33 19.500000000000004 34 35 36 37 38 39 40 2.5000000000000004 41 3.5000000000000004 17.500000000000004 42 43 3.5000000000000004 44 45 46 6.5000000000000009 15.500000000000002 47 2.5000000000000004 48 49 50 51 52 53 54 55 56 57 58 0.01832197513431311 59 0.29821105301380163 60 61 62 63 6.5000000000000009 64 65 66 67 68 69 70 71 72 73 74 16.500000000000004 75 76 77 78 79 3.5000000000000004 80 81 82 83 84 85 86 87 88 89 4.5000000000000009 90 91 92 93 94 95 96 97 98 99 100
decision_type=2 2 9 2 2 9 2 9 9 9 9 9 2 9 9 9 9 9 9 9 9 9 9 9 2 9 9 9 9 9 9 2 2 9 2 9 9 9 2 9 9 9 9 9 9 2 9 9 9 9 9 9 9 2 9 2 2 9 9 2 9 9 9 2 2 9 2 9 9 9 9 9 9 9 9 9 9 9 2 9 2 9 9 9 9 2 9 9 9 9 9 9 9 9 9 9 9 2 9 9 9 9 9 2 9 9 9 9 9 9 9 9 9 9 2 9 9 9 9 9 9 9 9 9 9 9
left_child=2 4 12 18 14 113 15 8 -8 -3 -11 79 21 86 76 -7 -5 30 -4 20 -12 -1 -17 -20 38 65 -27 -19 49 104 -18 32 51 -15 36 91 37 -13 39 55 102 106 -29 -22 -35 47 -47 -30 -34 -21 -31 53 108 -28 -55 105 59 58 -58 60 61 -46 -62 -63 -50 78 112 -39 -57 90 -43 -38 100 -23 75 85 103 -61 -26 -9 94 -82 -83 -71 -59 -75 -14 -54 -89 -79 -41 -36 93 -73 95 -44 -96 -93 -52 -100 -45 -48 -40 -2 -16 -24 -42 -94 -25 -33 -37 -49 -10 -6 118 121 117 -117 -98 123 -121 -116 124 -120 -118 -124
right_child=1 9 3 16 5 6 7 11 66 10 19 34 13 33 29 22 17 27 23 28 43 73 24 52 25 26 31 42 45 50 -32 109 48 44 35 110 71 67 40 69 41 70 80 72 56 46 101 111 64 -51 98 -53 87 54 -56 68 57 84 -60 77 62 63 -64 -65 -66 -67 -68 -69 -70 83 -72 92 -74 74 -76 -77 -78 89 -80 -81 81 82 -84 -85 -86 -87 -88 88 -90 -91 -92 97 107 -95 96 -97 114 -99 99 -101 -102 -103 -104 -105 -106 -107 -108 -109 -110 -111 -112 -113 -114 -115 115 116 122 -119 119 120 -122 -123 125 -125 -126 -127
leaf_value=0.2591854246070005 0.27514623404383742 -1.0234167071145817 -1.3153890894688165 2.3192776024338548 5.1205622532999717 -1.2656487594912287 -0.86733821528493216 3.1027669444939256 1.3885417012843666 -1.0419917330152422 5.6817677280878147 -2.1067612214872926 3.2383939121972798 -1.5889760088558651 4.0052471493933837 -1.5785882811488245 0.73710545942609296 2.3547180349082342 -1.5137362379293204 2.9785679111832319 3.6405384935729668 -1.6247505109760736 -0.95487233383811942 1.0807294873757243 1.7244252585777713 -1.3926090851048474 -0.24422769232831448 -1.2464367577988833 -0.98120071748815851 -1.6937624895024923 -1.5150105366581306 0.74384498487458872 -0.31338190264725574 -1.3212965092113211 0.14353835853414659 1.8248993161554923 -1.1706846635759989 2.3939187213182178 -0.32680700904362631 4.1135649165491905 -1.0196326652198933 -1.4168908587445284 0.41309895248535505 0.61722578761913616 -0.62890648752930889 -0.61355432135110577 3.8075580106223761 1.5760018789057924 12.938519842076865 1.2817111018312097 -1.3502507626762918 -0.62755071044715072 0.57098974776096523 7.2412816761802539 2.2860361454253892 -1.7180271499282433 -1.1019853951722076 -1.7390596197382384 1.495323822728778 0.64911823335535557 0.2860384387439463 1.2932507512288478 -1.1286709178823757 3.5184392108779088 5.5493838312324648 2.1648055268331325 2.7898983326643738 0.26882792376091058 1.5739768118633499 1.4703065305301799 -0.29312342769070376 1.7152809022855633 0.57714572804130304 0.073835927152598083 -1.1328606242007893 -1.2443484115127186 -0.033633630716637622 -0.53604568731744617 6.4607126716921632 0.22331963474714855 -0.79472009141057187 -0.154502109058095 2.8297498175668183 -0.27125572460005137 -0.26095474764371368 4.4525797648613148 0.043843088925027911 1.153548726650159 -0.80814390806415259 -1.2042315035417808 -1.6138894355229159 1.4593478945993628 -1.1911550567514473 -0.20897917582930911 -0.94224789515299234 -0.92298662048767377 0.93860050599095113 4.5222837936270954 -0.049233628164991598 -0.84007838995294293 3.3769349609546389 1.1828423784845685 -1.5531428311699627 3.9842771416443092 0.26700693884650201 4.6308242872890135 1.9273871724983853 -0.26157648109743792 -1.3559148136873254 -1.5188882040962695 -0.27310017221409766 -0.075649349791892168 7.2275354647841601 1.6796796828428739 2.4106350869254025 0.15412400621363245 1.6668677469383852 2.6550056406600695 -1.476332439023559 -0.86542362836937492 0.021644386546087913 -0.92624697337950623 -0.69824871637614661 -0.49084319317279113 -0.16358762967943674 0.27677716939990937
leaf_weight=1283 379 1738 2492 1469 612 2358 1065 1210 124 1625 886 709 224 1674 111 1188 812 1720 1990 456 2242 1778 101 293 345 1258 725 1558 3748 1248 3170 431 217 2027 422 1171 2699 2387 1556 220 379 1892 1911 1343 1089 1869 1252 2783 130 3721 3964 1881 1249 252 609 359 856 843 1665 665 1288 1580 2949 276 338 1030 2843 4849 1230 1822 17840 2406 5950 1098 13799 2021 2393 2964 385 824 1395 1132 2503 4076 2801 200 3081 995 17309 14601 1403 389 1824 8083 3206 7303 2256 594 5405 15908 2811 8752 3503 541 2182 558 1663 4244 5649 1440 1844 4255 346 1131 123 870 2297 1362 2312 3469 12276 3180 2795 2583 1418 5393
leaf_count=1283 379 1738 2492 1469 612 2358 1065 1210 124 1625 886 709 224 1674 111 1188 812 1720 1990 456 2242 1778 101 293 345 1258 725 1558 3748 1248 3170 431 217 2027 422 1171 2699 2387 1556 220 379 1892 1911 1343 1089 1869 1252 2783 130 3721 3964 1881 1249 252 609 359 856 843 1665 665 1288 1580 2949 276 338 1030 2843 4849 1230 1822 17840 2406 5950 1098 13799 2021 2393 2964 385 824 1395 1132 2503 4076 2801 200 3081 995 17309 14601 1403 389 1824 8083 3206 7303 2256 594 5405 15908 2811 8752 3503 541 2182 558 1663 4244 5649 1440 1844 4255 346 1131 123 870 2297 1362 2312 3469 12276 3180 2795 2583 1418 5393
internal_value=-0.00092092 0.000138151 -0.00204326 -0.00135959 -0.000429083 5.22654e-05 -6.21355e-05 0.000819549 0.00417502 0.00171974 0.00193679 0.0003817 -0.00316512 -0.0025278 -0.00176185 -0.000743868 -0.000652957 -0.000770747 -0.00292791 0.00215629 0.00357046 -0.00438525 -0.000538206 -0.00257683 -0.000392748 0.00138148 -8.36672e-05 -0.000561962 0.00145794 -0.00215346 -0.00396293 0.000956404 0.00254817 -0.00285593 8.50408e-05 0.00257918 -0.000320211 0.00136392 -0.000831105 0.000707337 -0.0013912 -0.000786818 -0.000691133 0.00306248 -0.00263997 0.000970927 0.00207782 -0.000246618 0.00970803 0.00409123 -0.00247409 0.00113354 -0.00224858 0.00428571 0.00823461 0.0046147 -0.00239561 -0.000462289 0.00280126 -0.00286558 -0.000810362 0.00238578 -0.00303038 0.00521972 0.0140586 0.00740113 0.00616009 0.00208943 0.0023348 -0.000466076 -0.00118124 -0.00101526 0.00230967 -0.00474241 -0.00436595 -0.00167919 0.0016461 -0.00367526 0.0121622 0.00497064 -0.000571688 0.00149105 0.00325103 0.000511169 -0.00272031 0.00207951 0.00098039 -0.00165772 -0.00194059 -0.00390043 -0.00399878 0.00667844 -0.000547476 0.000315266 -0.000768475 -0.00214007 -0.000477614 0.00923464 -0.00223712 -0.00184449 0.0042171 0.00282205 -0.00398304 0.0060215 0.00155015 0.0101821 0.00301169 -0.00203686 -0.00418683 -0.00257082 0.000644626 0.00105278 0.0131915 0.00574444 -0.000256298 0.000500055 0.001269 0.0047636 -0.000832462 -0.00117192 -0.000555382 -0.002786 0.000610255 -0.00314985 0.00253691 -0.000265921
internal_weight=319779 164527 155252 96490 121096 88965 87222 38033 4378 43431 41693 33655 58762 38583 32131 49189 66513 65044 29977 40068 13232 20179 46831 27485 45643 9041 7281 61062 26836 28818 3982 6023 4152 35278 31621 4420 27201 7945 36602 9769 26833 21774 59342 12346 33604 22659 11873 10786 685 4177 26525 3467 25495 1586 861 2248 31577 6165 2521 25412 7182 2945 4237 1856 468 1760 3313 7236 1589 7521 19732 19256 10104 18896 17118 3319 3313 18230 730 2034 57784 5030 3635 5898 3644 1298 3305 19553 18304 17565 1623 1405 16557 10489 52754 9214 43540 983 25277 21313 4154 10004 5059 920 2293 659 2042 6068 5942 1871 3015 7038 470 1743 40334 17438 14135 2232 22896 20640 15745 3303 11903 4895 3715 8188
internal_count=319779 164527 155252 96490 121096 88965 87222 38033 4378 43431 41693 33655 58762 38583 32131 49189 66513 65044 29977 40068 13232 20179 46831 27485 45643 9041 7281 61062 26836 28818 3982 6023 4152 35278 31621 4420 27201 7945 36602 9769 26833 21774 59342 12346 33604 22659 11873 10786 685 4177 26525 3467 25495 1586 861 2248 31577 6165 2521 25412 7182 2945 4237 1856 468 1760 3313 7236 1589 7521 19732 19256 10104 18896 17118 3319 3313 18230 730 2034 57784 5030 3635 5898 3644 1298 3305 19553 18304 17565 1623 1405 16557 10489 52754 9214 43540 983 25277 21313 4154 10004 5059 920 2293 659 2042 6068 5942 1871 3015 7038 470 1743 40334 17438 14135 2232 22896 20640 15745 3303 11903 4895 3715 8188
cat_boundaries=0 1 12 23 34 46 57 69 81 93 104 116 128 140 141 152 163 174 185 197 208 220 231 243 255 266 277 288 299 310 322 333 344 356 367 379 390 400 411 422 433 444 455 466 478 489 500 511 522 533 544 555 567 578 589 600 611 623 634 646 657 668 679 690 701 711 723 733 744 755 766 778 790 802 814 826 838 849 860 870 881 892 903 914 925 936 946 957 968 979 990 1001 1012 1022 1033 1044 1055 1065 1076 1087 1098 1109
cat_threshold=6304 403243008 67141650 8396806 2048 537014276 0 268435456 576 278921248 268440577 1122304 131204 1074790400 268501024 33816832 1024 12664968 1049088 2148007946 128 35653696 2151678016 65536 1095795716 138674209 2048 0 536875072 268435488 18354177 2101280 1048640 268435461 2148009984 2099200 8421377 8388608 3758096388 1074794688 0 426304 69206016 201326592 4325376 8 32772 1142949888 4227585 136314880 268566528 1107296264 306315268 40968 33554464 135168 12582912 128 36700208 0 2685829377 2147614720 34603264 134219264 133120 2 541589504 66048 8 2097218 16 16777472 2315272194 2685403136 33570816 67121220 8192 71303296 571473952 16777216 8 2147483716 1082262144 6295552 0 276824192 33792 33689600 768 2155905032 576 8913152 8 218104065 16 32768 170133504 168821252 5251072 67109888 0 20971648 2420121600 131588 671617408 1082130560 2097154 268435712 41943044 268435584 8388640 8320 33619968 37748736 1054720 64 2112 2068 2138240 134218880 135172 1108607232 335544368 4718752 0 2097152 0 64 2148008192 1082132528 4194304 536887300 67141664 4202496 288 2147614724 2155872257 2228232 132160 64 1844 136314880 1140850688 270592 3145728 0 1032 2147746816 5242882 17825792 2147483712 64 134219778 4194340 794880 2148548608 2147487968 16384 71303168 512 1082196000 2097152 1114112 131202 8224 590336 8388864 8389640 8659136 0 4457480 0 134744704 2424438848 16777216 10485760 6553857 2099200 2181038080 32776 104858624 1028 75564033 541065240 8388928 2228224 2097152 134303745 131204 2147491840 33570912 2155872352 2172682754 67108864 2752512 0 8 0 79691776 12582946 0 4096 256 656 5111816 8388608 705693192 2152202240 2282295680 8192 65542 26738688 32768 276860992 1074003968 8192 67108864 4198404 8704 16 318767104 4194306 8704 2050 335554560 138477568 39321616 16777344 134221824 2097412 2164326464 16779264 2232336 8704 41943044 10368 1073906976 67108864 4198400 4194304 72 8388608 66 33570816 4199428 16777249 393216 536872960 134218760 0 39424 4096 1032 4195392 40 65538 134349058 8421505 2147483656 75497472 1073774592 67239952 17047557 146800640 536879104 65536 1130496 20978688 4194464 128 268435456 1073840128 64 4098 134217737 393216 4718656 8392704 4194560 1 538574850 68157696 1056 33554432 8431617 16778243 1703936 525568 268451841 1073741828 524288 2048 335554828 0 1174405120 20972610 1107300352 33555010 8388672 655360 8388608 268697632 1048714 603979776 537007104 33554432 2155875584 142606336 539623496 16777217 10485760 1091567616 262400 3178496 2048 541131040 9961488 524290 5250 570425408 3072 8 2415919296 109051906 16777472 0 2147614848 41943040 134217872 1443944 33558528 33560576 2164260864 0 84969488 50176 3 269496328 1060864 4587648 96 67108896 0 276955648 268435456 2155872290 262400 2181038464 536870912 134218816 525824 5767680 136314896 192 16777216 16 134219781 135268386 640 2099456 1073743040 65792 3355443720 131092 1073741824 4096 134218752 0 0 4224 536870924 603985920 16384 512 16781826 4096 536870984 269159748 8 1048576 83890176 134218144 573571084 0 537001992 576 9441282 1048592 1075055624 4 8388608 16781312 419430528 0 0 537001984 0 0 0 262144 0 5120 0 0 67108864 8192 8388608 2048 134217728 2 524545 69730306 268959744 2 2151155712 2189951072 16384 4352 269484040 67108864 536883200 269488192 8388608 4198400 419692704 131080 0 537003048 8388672 2147516418 134217736 393216 256 12582916 1152 266242 36438016 2684354944 134283456 524288 36898 2098192 1207959552 8388609 0 16781312 268435840 0 0 536870912 0 1 1032 0 256 268451840 33558528 402653184 1179660 268437504 4194312 9043968 10227712 2098179 786504 64 9437188 12588036 16781570 1107296260 0 65576 35127872 2148536320 1 134217792 4718592 8 75513856 25166848 8224 131072 335546368 138412096 1048832 25167872 135266322 133186 4 8388608 37748736 423624704 33556480 0 1064 128 1576962 1049600 134480448 4718661 1048576 8392708 0 33947652 0 65568 524352 8912898 5129 1966146 2156396549 1048576 16781312 134217856 131080 0 0 64 9437184 8 0 256 9568260 138416128 289406977 0 0 131080 1179968 524288 3146888 1074802696 2147483648 8388608 4096 262528 33554432 0 131104 41943040 1 134218752 256 256 10485760 1074793504 16777218 536870912 2415927296 256 2151809152 16810498 3145730 1107562754 2147483648 2752512 2147484160 2973696 553648256 1073741856 294912 42074624 2147488006 0 1160 65536 8 268435456 76025856 2162688 18432 192 128 4194400 1152 79761545 1076240384 16777217 1048577 138417152 16777376 8 268435712 33783840 524800 25169929 1073741832 5130 256 33554436 2560 4160 1082130560 1073750272 1077944328 8192 2164523025 2097154 1536 272629824 1064960 41943044 256 536871044 1050628 1073742848 384 8650755 1074790536 1835072 8389700 70270976 8388608 138412544 133124 0 671089664 142606912 1054728 4097 786442 2147614976 8 0 1024 268435584 133120 0 0 1048576 0 17 1073741824 524545 69208064 2048 4608 3407872 1050628 16384 4 557184 16777216 2101248 576 8 26214401 16777216 134217856 131080 2048 0 64 8423424 9 262144 524292 268435456 16781312 134221825 2147483648 536879104 134284328 34603008 2147752193 136314905 1049600 17305600 16777216 6291456 151261345 537001992 0 138478592 34603008 2164297728 134218752 536872512 524288 0 20975616 4456448 0 335544320 196608 43515968 25202689 1053699 536871240 1025 68173824 5120 262176 2048 0 8 128 2147487746 2098328 134218240 2152202496 16777216 0 0 167772160 268435456 0 0 0 1024 258 0 2064 4096 537395586 67115200 1052672 525072 294914 1076887552 268436992 2416050176 8 16385 134217728 16384 2156922880 268435460 1073758216 80119296 0 67108896 268436500 268500992 6295808 524289 538312704 40992 536870912 33554688 129 4097 2360576 2429550848 0 0 0 0 0 536870912 1572864 0 16 1048576 524288 1048576 4194304 4194560 8 0 536871936 524288 1179648 1048 256 524288 3145728 167772160 151257728 2149580808 2048 134357248 524352 397312 4120 536879114 512 8 100794368 1073741824 4098 2097160 536871168 536904736 1179776 4236033 1073742848 522 8519680 16 270532644 33554464 266368 52953220 133120 537002240 67634176 0 266240 2097736 16842752 8 16777216 153092096 0 2097160 603981824 537084928 1572864 256 8388608 537003008 2147549508 8 2097156 35651584 16416 536871168 645922824 16384 656640 4096 10584096 536880160 2147483713 8 16777216 100663360 384 1084227586 2147485728 4194368 67109632 32769 18939905 671090688 268435552 64 64 0 151290145 1073905664 268435456 134217728 43123284 257 16777224 3277568 4194304 160972800 155190272 134283296 0 4352 536936704 16 6146 8392712 537920512 320 0 50331648 2 0 0 131072 8388864 4850688 1142948880 265732 8404996 4198400 134217728 131072 268437504 135200 34603136 21135360 4112 168953344 524288 67108864 0 0 0 0 0 0 0 134218752 0 65 1048576 1024 16777344 0 0 0 0 1 0 0 524288 0 0 128 33554432 0 131072 0 2147483649 25 256 524288 16384 4194308 262400 35651584 335544320 134448160 2181038080 36865 1207960576 1049354 12582980 0 0 16777216 16384 0 4194304 64 4591616 0 0 4 1048576 0 288 33554432 268435456 0 8388608 8392704 8 320 1048576 1024 4194560 8 268435456 536870912 64 137217 1032 1209008128 524288 8519680 16781312 268435488 131080 67108864 536871936 524352 2147749888 134217728 671088960 524544 0 0 128 131080 0 134217728 0 8388608 0 262144 256 67108864 0 285212672 8 0 134217760 1048640 0 128 524352 524288 0 1207960576 266241 33701894 0 536879104 176161472 16908610 150999040 2147614722 4352 2147483648 134217732 0 8798208 0 4194344 135267088 787970 0 671223040 2147483712 276824064 4096 0 8 0 132128 1048576 264193 1041 1073741824 0 16811040 262144 131078 268435456 73864 2290090624 16909568 16781312 2348941314 20971524 2155872256 2147484676 16777248 9453568 0 96 528 2148013571 23068680 536872192 2147483905 17973248 2218786818 8392704 2147483649 8224 132096 4194304 2415952384 1073742856 2240 277544960 0 4195328 0 0 0 0 0 4096 8389632 256 285360128 2215645216 8388608 2147483656 288 65536 4194304 8421896 1049608 1073743880 298450944 268435456 67108864 150995201 33554440 2048 671088672 64 9437699 1 1107558656 655616 8388608 4096 419430657 536870920 0 1088 64 2155876353 136315921 0 4718592 16908288 4096 25166081 536870920 603979776 8455168 33554432 2169540864 144703505 4224 4718593
is_linear=0
shrinkage=0.1


Tree=14
num_leaves=127
num_cat=54
split_feature=4 16 8 8 8 6 1 0 1 1 6 1 1 3 1 1 1 3 1 8 1 8 16 1 1 6 8 1 1 1 8 6 1 8 1 1 1 1 6 12 1 1 8 6 1 8 1 6 15 15 8 1 1 1 1 12 15 1 1 0 0 1 6 12 6 14 1 6 6 8 8 1 8 6 1 1 12 17 1 15 19 6 8 0 15 8 13 8 8 6 15 1 14 1 15 14 1 6 1 8 1 0 8 21 1 9 0 8 16 13 8 8 6 8 8 1 1 1 0 14 8 8 21 1 8 0
split_gain=31.4189 13.001 9.70082 12.4936 9.80162 11.5333 12.0938 8.50571 8.36547 7.44928 5.74943 5.78824 5.69148 4.52883 4.62233 4.40404 4.34141 4.19209 5.46386 4.16455 5.40379 4.10248 4.10143 5.00214 4.0433 3.84409 3.79607 3.77259 3.76688 3.62003 3.46896 3.33127 3.56232 3.44829 3.71279 3.30752 3.28126 3.26038 3.20715 4.95094 3.19365 3.1749 3.14223 6.27982 4.15844 3.76476 3.62757 3.2517 3.06028 5.48395 2.98472 3.16855 2.99041 2.96689 2.90284 2.8812 3.50147 2.81561 2.80676 2.61324 2.56171 2.52661 2.49589 2.36609 2.35491 2.3013 2.28212 2.26642 2.2279 2.66225 11.3305 4.91695 3.11808 2.55549 2.94668 2.21058 2.20569 2.17599 2.15528 2.12901 2.09683 2.05156 2.84112 2.4128 2.0407 2.03446 2.17769 2.00442 1.99767 4.80908 1.98968 1.98657 1.95645 1.92516 1.9177 1.90501 1.89799 1.88621 3.42281 2.9886 3.12289 2.31779 1.8398 1.81202 1.80729 2.14339 1.79186 1.78037 1.93668 2.8119 1.75701 3.03007 1.7433 1.7403 2.59196 2.63649 1.73557 1.73385 1.69483 2.03141 1.68385 1.67792 1.6717 1.663 2.48853 1.64568
threshold=16.500000000000004 0.18188917636871341 16.500000000000004 29.500000000000004 3.5000000000000004 5.5000000000000009 0 1 2 3 1.5000000000000002 4 5 6.5000000000000009 6 7 8 7.5000000000000009 9 26.500000000000004 10 1.5000000000000002 0.20698322355747226 11 12 2.5000000000000004 24.500000000000004 13 14 15 1.5000000000000002 5.5000000000000009 16 17.500000000000004 17 18 19 20 2.5000000000000004 405.50000000000006 21 22 3.5000000000000004 5.5000000000000009 23 1.5000000000000002 24 6.5000000000000009 4204.5000000000009 4210.0000000000009 17.500000000000004 25 26 27 28 47.500000000000007 2261.0000000000005 29 30 31 32 33 6.5000000000000009 1036.5000000000002 1.5000000000000002 18.500000000000004 34 4.5000000000000009 6.5000000000000009 12.500000000000002 9.5000000000000018 35 3.5000000000000004 1.5000000000000002 36 37 377.50000000000006 0.04938293248414994 38 2388.5000000000005 0.022412109188735489 6.5000000000000009 2.5000000000000004 39 4123.5000000000009 20.500000000000004 9.5000000000000018 5.5000000000000009 18.500000000000004 4.5000000000000009 2292.0000000000005 40 57.500000000000007 41 2363.5000000000005 22.500000000000004 42 3.5000000000000004 43 4.5000000000000009 44 45 29.500000000000004 0.0062220264226198205 46 994.50000000000011 47 1.0000000180025095e-35 0.17232260853052142 25.500000000000004 27.500000000000004 29.500000000000004 1.5000000000000002 22.500000000000004 29.500000000000004 48 49 50 51 64.500000000000014 4.5000000000000009 27.500000000000004 0.021193919703364376 52 2.5000000000000004 53
decision_type=2 2 2 2 2 2 9 9 9 9 2 9 9 2 9 9 9 2 9 2 9 2 2 9 9 2 2 9 9 9 2 2 9 2 9 9 9 9 2 2 9 9 2 2 9 2 9 2 2 2 2 9 9 9 9 2 2 9 9 9 9 9 2 2 2 2 9 2 2 2 2 9 2 2 9 9 2 2 9 2 2 2 2 9 2 2 2 2 2 2 2 9 2 9 2 2 9 2 9 2 9 9 2 2 9 2 9 2 2 2 2 2 2 2 2 9 9 9 9 2 2 2 2 9 2 9
left_child=1 27 4 9 5 8 21 17 38 26 11 107 77 14 -9 -11 -12 18 94 25 -21 106 48 -24 -19 36 65 -1 -25 -15 -8 32 33 34 -27 -33 -17 -26 39 76 -31 -29 43 46 -45 -46 64 -47 53 -50 52 88 -44 -6 -32 -23 -57 -20 62 66 67 -39 -28 -34 -42 -4 -14 79 73 70 72 -72 -70 74 -63 102 122 -5 -55 -35 -73 123 83 -83 90 86 -38 93 89 -52 -49 -75 -60 -76 -3 -67 -18 99 120 101 -101 -30 121 -62 -22 -106 -7 -10 -109 -110 116 -112 -48 -90 115 -115 -89 -71 119 -97 -99 125 -2 -56 -125 -43
right_child=2 7 3 12 22 6 30 13 10 15 16 -13 59 29 -16 19 96 24 57 20 104 55 23 28 37 31 58 41 97 40 54 35 63 60 -36 -37 85 61 -40 -41 42 75 50 44 45 47 112 84 49 -51 51 -53 -54 78 81 56 -58 -59 92 -61 103 68 -64 -65 -66 95 -68 -69 69 117 71 80 -74 91 87 -77 -78 -79 -80 -81 -82 82 -84 -85 -86 -87 -88 110 113 -91 -92 -93 -94 -95 -96 118 -98 98 -100 100 -102 -103 -104 -105 105 -107 -108 108 109 -111 111 -113 -114 114 -116 -117 -118 -119 -120 -121 -122 -123 -124 124 -126 -127
leaf_value=0.54619532530617299 1.8927986299343809 12.624899235040903 0.9410102730599047 1.4107471836354941 -1.5951724627825548 4.0594745049230374 -0.64688746207186887 0.23497248546792099 1.8254950027928534 -0.68577583005254128 0.46195973303490434 -0.10949317220206389 3.2414716053014541 1.0704610271926689 -1.1028769295769993 -1.955104877812482 -1.7905039260430806 3.6975265282240191 -1.3280547787705934 6.6679956982349005 -0.12969451221602085 9.3139106142220367 2.9475573516831188 -1.7315879357762936 1.0438228328540422 7.5349588401265368 3.133717669945931 -0.51888637888991718 6.4307894054939432 -1.1418762533973028 -0.36827713103470217 -1.0942943803336775 0.9470822883073664 8.5840159948466006 -1.3378414888529588 1.3683639511667363 -0.68020782579306083 -1.2920094310222368 0.8615901944714599 12.600550259034422 3.4054605026380664 -0.27537316629901898 -0.20656781076856703 -0.048965753593363373 -0.81809410399692217 1.9573370790103699 0.14018670310911258 6.7750777240152731 8.1818299622668249 0.10616991850610719 -0.87737932435463117 -0.471550061093443 -0.90895413371958389 2.0872935718683827 -0.40303852726307077 4.2779271143652791 7.7582934816157767 -0.58207824900003968 6.364949673113717 -1.4699738633877397 -0.92504200998078034 -0.68985315042111395 8.8343847038115797 10.912779753956132 0.36627257399068358 5.151068156892582 -0.6499028460962829 4.1626663543396623 2.1722310557264253 0.73058561885262119 0.28436728008874051 9.1763109110153547 -0.37267675235804276 -0.71943044421025526 4.8679306547588084 -1.0255396856960977 -2.4509424629074039 4.5752191082280964 -0.60635903103451239 5.4091607203426069 25.719725719558831 2.6189414984564685 2.8133546775007097 7.9671071646248031 0.95405842119150541 -0.35871374454612526 6.1531114714071125 -1.4409216869233759 -0.65790896243877617 9.1507698120522534 8.062979812105473 -0.088371758395825437 8.4644222082504612 1.8469801764436764 0.030207349597693833 3.5354096475219965 -0.73718870491977162 -0.3425140336674502 -0.045563076030648145 -1.3070631513662221 -0.14473784983377147 1.5002166486947999 -1.8080910187944532 3.1150332078031884 1.6252607390169247 7.2238867080087878 -0.93025441392172792 -0.064008625215287759 5.2908476707954364 2.6797173860894499 7.4630927333305621 -0.19124396806242316 -0.96920990707660926 -0.063361844391487773 -0.44678863841882982 3.6637794607282199 0.94920402926813685 -1.1497741637828482 1.018683394588223 7.7437212321392241 2.3500932133563914 1.4107605326041934 5.4433309279385895 1.6305104808749691 5.177899846346226 -0.93646594517076176
leaf_weight=1651 474 638 1302 1520 1963 329 1518 1271 787 1723 4349 2480 423 1594 7501 1056 1477 1324 2626 861 749 102 1191 1001 7011 222 534 9904 120 2231 913 1211 3958 370 404 1453 134 1752 1338 142 285 4613 6514 1467 426 840 1361 227 139 737 176 6076 21095 606 457 880 849 15926 598 3865 100 1644 109 144 1164 215 2146 294 1442 922 107 113 2014 11376 230 33995 124 129 26355 182 125 111 948 161 144 922 259 688 1026 152 118 17554 103 1056 440 495 8459 659 17813 3887 12048 522 876 738 1075 410 282 133 319 351 225 255 5413 473 1120 709 1907 1315 526 100 3044 389 280 1455 139 9077
leaf_count=1651 474 638 1302 1520 1963 329 1518 1271 787 1723 4349 2480 423 1594 7501 1056 1477 1324 2626 861 749 102 1191 1001 7011 222 534 9904 120 2231 913 1211 3958 370 404 1453 134 1752 1338 142 285 4613 6514 1467 426 840 1361 227 139 737 176 6076 21095 606 457 880 849 15926 598 3865 100 1644 109 144 1164 215 2146 294 1442 922 107 113 2014 11376 230 33995 124 129 26355 182 125 111 948 161 144 922 259 688 1026 152 118 17554 103 1056 440 495 8459 659 17813 3887 12048 522 876 738 1075 410 282 133 319 351 225 255 5413 473 1120 709 1907 1315 526 100 3044 389 280 1455 139 9077
internal_value=-0.00089167 -0.00169739 0.000327485 0.00195905 -0.00013968 0.00141144 0.0045997 -0.00114127 0.000157869 0.00328592 -0.000563574 0.00275184 -0.00136459 -0.00200235 -0.00410625 0.00233179 -0.00150858 -0.000393213 -0.00163525 0.00289857 0.00615509 0.0104731 -0.000778343 -0.000120395 8.42123e-05 0.00202061 0.00715932 -0.00291133 -0.000315571 -0.00165194 0.00206232 0.00295725 0.00419214 0.00732758 0.00102236 -1.50174e-05 -0.00156474 -6.15149e-05 0.00575169 0.01 -0.00179846 -0.00304329 -0.00162841 -0.00017912 0.003563 0.00682719 -0.00164539 0.00948833 -0.00166779 0.00415525 -0.00207306 -0.000567203 -0.00260386 -0.00184415 0.00355162 0.0128837 0.0119202 -0.0020375 0.011503 -0.0027064 0.00971496 -0.000389613 0.00638591 0.00240272 0.00288554 0.00497346 -0.000228773 0.0135981 -0.000230098 0.00154356 0.00315443 0.0204348 0.0014294 -0.000536713 0.00134055 -0.00337419 0.00719818 0.00386377 -0.00156872 0.0175362 0.0279032 0.00493447 0.00819672 0.0172059 0.0159714 0.00177358 0.0078117 0.00269732 0.00175668 0.00920731 0.0201449 -0.000926376 0.015879 0.00601866 0.00525735 0.00788922 -0.00266037 -0.000155633 0.000461979 -0.000957353 -0.00122686 0.00573208 -0.0023555 0.00556604 0.00350267 0.00551839 0.00342062 0.0074375 0.010797 0.0129851 0.00131707 0.006875 -0.00261498 0.00102764 0.0025543 0.00582064 0.000289015 -0.00119357 0.0062355 0.00983471 0.00322381 -0.00208041 0.00923077 0.00301804 0.00452618 -0.00226443
internal_weight=319850 192578 127272 28330 98942 28857 8144 132073 20713 20247 18355 4070 8083 61383 8772 16265 14285 70690 19630 14542 3095 2442 70085 40285 51060 11447 3982 60505 39094 52611 5702 9076 6412 2310 626 2664 2371 49736 2358 1020 51017 58854 48786 11445 3222 1755 8223 1329 29800 876 37341 9732 27609 28924 4184 1831 1729 18552 1344 6434 1684 42725 643 4102 1449 2638 2569 846 40973 6038 3801 345 3456 34935 6005 48950 878 1649 26961 552 238 3271 1220 272 489 1315 393 4361 3656 328 345 28930 701 1286 1078 1336 9936 38093 21516 16577 15935 642 14955 838 2234 1485 611 1590 803 670 3075 480 6774 3328 2302 1182 2595 2237 1121 595 3703 14079 754 2051 1594 13690
internal_count=319850 192578 127272 28330 98942 28857 8144 132073 20713 20247 18355 4070 8083 61383 8772 16265 14285 70690 19630 14542 3095 2442 70085 40285 51060 11447 3982 60505 39094 52611 5702 9076 6412 2310 626 2664 2371 49736 2358 1020 51017 58854 48786 11445 3222 1755 8223 1329 29800 876 37341 9732 27609 28924 4184 1831 1729 18552 1344 6434 1684 42725 643 4102 1449 2638 2569 846 40973 6038 3801 345 3456 34935 6005 48950 878 1649 26961 552 238 3271 1220 272 489 1315 393 4361 3656 328 345 28930 701 1286 1078 1336 9936 38093 21516 16577 15935 642 14955 838 2234 1485 611 1590 803 670 3075 480 6774 3328 2302 1182 2595 2237 1121 595 3703 14079 754 2051 1594 13690
cat_boundaries=0 11 12 23 34 45 56 67 78 90 102 112 123 135 147 159 171 182 193 204 214 225 236 246 257 267 278 289 300 311 322 332 333 334 345 356 365 376 387 399 400 411 421 432 443 454 455 467 468 477 487 498 499 508 509
cat_threshold=17317888 16781312 262144 33947660 10240 131072 1049088 2173732866 138 1050176 2148007936 1821 268566528 135270416 0 2283798536 1073750016 16768 131280 4359680 1048576 134224130 67584 277348352 35651584 276893698 570425344 536870912 4259912 1049088 1085954 134218754 1792 524352 8388612 16777216 272630048 33685504 268435460 196640 1572864 2155876352 134218768 512 12582917 270532608 37748740 16777248 2048 8192 541065216 41943616 30052352 8393856 131136 2160066624 134217732 4194340 533376 8 2147487744 69632 37749444 16777736 1082130464 134225920 196672 0 8388608 0 2157987844 67110912 537964800 131344 4456448 65696 671092808 1536 68681728 12584960 34 0 536875008 671121408 2181038592 8388866 1073742985 1073872896 8388933 8 134221824 1076887552 8388614 2165834752 8192 301989896 1074003968 4194312 32 2415924258 268443649 16 1048580 0 416 131072 0 1056 128 133121 2097168 131072 65792 4194560 8392706 536889348 256 1344 4456448 1703944 2097184 524288 25231872 134414340 201359360 2 150995072 8228 262144 272629760 16818816 1077939200 33556997 0 8 128 2097152 1073154 2819096578 8 167936 473989120 8 536870920 34086925 1114112 8 106954756 167774240 524288 3703040 2048 4096 33554960 17048576 0 33565186 2147485696 8 2115589 76546048 4608 1852420 2147483652 8388608 268435972 268435584 67108864 2097192 0 8 131072 20975616 150994945 131072 268435456 134348800 524352 2147483648 1075838984 1073741824 5 0 4096 16777217 0 268435456 134217728 0 0 0 0 5 1048576 4096 16777632 131080 0 132096 524352 2148139008 16 1075052544 260 1048576 20975616 150995232 0 268435456 134348800 64 133121 9 1048576 2147483904 2164260864 262400 43122692 537001984 128 2147483664 9437248 17825825 1208098816 8390404 32768 2099488 524288 2097152 8388608 20480 2218786840 17833993 268435488 704782336 2290221057 1249281 1073872896 134479873 8519688 2692745504 16384 0 1050640 1140920320 131346 0 4096 155189632 33554432 2048 134348808 34078784 4851714 1207959571 1075052544 324 0 0 386 536870920 2048 135266368 524352 2048 134217858 1074790466 68157440 33558532 134217858 671219712 68157440 1049632 0 2156136450 1207960586 514 65856 16842752 20971540 262145 133504 4096 1049672 8388672 2151710720 8392704 67899904 4195072 67841 73400368 8388609 1073741824 8388608 4194304 1212678160 5156 2 3136 131652 268435460 8388612 16777249 18432 4 134283272 128 4592128 137364481 537002240 12582977 16384 58720304 4352 671088640 67108868 134217728 76546048 2147516800 25165840 2097857 524800 8388608 33554432 268435456 0 0 65536 512 32768 0 1280 10033 10764 285212673 1115687954 8388608 0 335549440 4243712 288 4096 35651584 2418016256 16918592 1048576 16778240 256 33685512 4 0 0 2147485696 0 1073741824 524545 0 0 402653184 0 0 536870912 0 2048 16 16384 0 150994944 2686451712 0 536940608 1048576 4980739 0 384 589825 16793600 0 268435584 264320 132 536871968 35127316 524324 8388608 139724864 268567076 0 131712 0 538443780 6144 8421376 2147484672 770 65536 524288 4194304 64 1539 9961472 3145764 134226048 264192 0 136192 42205696 2147485960 0 536872256 2420703232 0 4096 0 0 0 131072 64 2147483648 0 1310720 0 0 4194305 8667136 2483027972 4203584 256 18087936 10485762 538968768 289932288 268959744 1073741824 16777248 2281963520 67108864 4210728 1573152 2147488258 135266433 1744831552 525312 9043968 0 65569 2147876864 67108864 65576 9437184 2147486210 1052809 1611924608 268435712 1554 0 4195328 4194304 0 8192 134348800 42467392 16777216 0 1074006016 1 8 10389 1048576 4096 134217728 0 67108864 1048576 0 2050 134217728 524288 4096 33 8 0 131104 64 2147483648 0 1310720 8912896 0 285212672 256 0 536871968 1048576 2147485696 134217752 536871168 524288 5255 0 2048 134217984 0 67108864 4195328 8388864 0 16 10033
is_linear=0
shrinkage=0.1


Tree=15
num_leaves=127
num_cat=7
split_feature=20 5 0 0 6 6 20 8 6 8 12 8 8 8 8 8 6 6 6 8 8 19 8 8 15 15 15 15 6 8 8 19 6 18 8 6 4 8 8 8 8 6 8 8 8 14 21 8 12 15 6 12 8 16 16 8 18 12 5 8 20 15 18 15 15 18 15 8 6 15 0 18 0 16 4 16 18 8 15 8 4 6 15 6 8 8 11 15 0 15 15 20 20 18 16 21 19 0 6 15 15 15 15 15 0 15 8 6 8 19 8 15 11 15 9 19 15 11 9 12 11 14 19 19 20 14
split_gain=31.2238 15.0894 9.11142 6.41278 5.44522 5.07312 4.98214 4.52866 4.00752 5.11651 5.83791 3.5863 4.18431 3.4571 4.34611 6.29604 3.67089 3.44081 3.02149 3.05262 8.81369 6.15836 2.98851 5.65962 2.89049 5.63775 4.15241 2.89852 3.6371 2.77333 2.71041 2.63234 2.51642 2.84374 2.58157 2.45822 2.50666 2.45324 5.93405 2.75398 4.31628 4.86834 7.13438 5.97615 3.84101 3.83305 3.78536 3.39329 3.02157 2.86352 4.53688 2.68754 2.36839 2.48088 2.29149 2.21896 2.21537 2.15112 2.10687 2.09022 2.28706 2.0857 3.09554 2.27052 2.0804 2.06802 2.05946 2.01642 1.93748 1.90643 2.74984 2.13979 1.89609 1.88732 1.88348 1.86713 1.86266 1.9926 1.85391 2.77653 2.66869 2.61863 2.07098 1.85244 2.79305 2.46845 1.84186 1.81046 1.77154 2.78844 1.75578 1.75372 1.74789 1.73921 1.67861 1.64244 1.63761 1.62837 1.59228 2.46797 7.24278 2.12709 3.75176 1.58151 1.5508 1.79096 1.53737 2.4441 6.65439 5.53879 2.32546 2.18647 1.72015 1.53475 1.51875 1.51379 1.49231 1.47983 1.47793 1.47653 1.47049 1.46223 1.46023 1.45378 1.44964 1.44622
threshold=0.17564462125301364 625.50000000000011 0 1 4.5000000000000009 1.5000000000000002 0.13001377880573275 5.5000000000000009 3.5000000000000004 4.5000000000000009 1018.5000000000001 22.500000000000004 29.500000000000004 17.500000000000004 29.500000000000004 27.500000000000004 4.5000000000000009 1.5000000000000002 6.5000000000000009 12.500000000000002 9.5000000000000018 0.012057758402079346 3.5000000000000004 1.5000000000000002 1036.5000000000002 2998.5000000000005 3810.5000000000005 4225.5000000000009 1.5000000000000002 3.5000000000000004 17.500000000000004 0.017182637006044391 5.5000000000000009 0.19305729866027835 2.5000000000000004 2.5000000000000004 15.500000000000002 29.500000000000004 16.500000000000004 7.5000000000000009 5.5000000000000009 5.5000000000000009 3.5000000000000004 1.5000000000000002 4.5000000000000009 23.500000000000004 0.017571416683495048 9.5000000000000018 941.50000000000011 4204.5000000000009 6.5000000000000009 1036.5000000000002 28.500000000000004 0.27191606163978582 0.25883948802948004 2.5000000000000004 0.20437658578157428 222.50000000000003 405.50000000000006 2.5000000000000004 0.15675061941146853 4026.0000000000005 0.2656946480274201 3992.5000000000005 509.50000000000006 0.21496707946062091 1052.5000000000002 8.5000000000000018 5.5000000000000009 2261.0000000000005 2 0.19932720065116885 3 0.21818053722381595 19.500000000000004 0.21571388840675357 0.32049898803234106 22.500000000000004 2246.5000000000005 25.500000000000004 16.500000000000004 1.5000000000000002 2189.5000000000005 1.5000000000000002 5.5000000000000009 1.0000000180025095e-35 4.5530664920806894 2846.5000000000005 4 2534.5000000000005 2878.5000000000005 0.29821105301380163 0.1924780607223511 0.2199349328875542 0.25799964368343359 0.04684009030461312 0.006754862144589425 5 4.5000000000000009 2286.5000000000005 2144.5000000000005 2747.0000000000005 2831.5000000000005 4167.5000000000009 6 739.50000000000011 14.500000000000002 6.5000000000000009 12.500000000000002 0.017271788790822033 13.500000000000002 4204.5000000000009 4.5939764976501474 2327.5000000000005 701.50000000000011 0.023550562560558323 800.00000000000011 3.0437171459198002 334.50000000000006 2.5000000000000004 6.3553836345672616 8.5000000000000018 0.033783622086048133 0.022130961529910568 0.28131346404552465 46.500000000000007
decision_type=2 2 9 9 2 2 2 2 2 2 2 2 2 2 2 2 2 2 2 2 2 2 2 2 2 2 2 2 2 2 2 2 2 2 2 2 2 2 2 2 2 2 2 2 2 2 2 2 2 2 2 2 2 2 2 2 2 2 2 2 2 2 2 2 2 2 2 2 2 2 9 2 9 2 2 2 2 2 2 2 2 2 2 2 2 2 2 2 9 2 2 2 2 2 2 2 2 9 2 2 2 2 2 2 9 2 2 2 2 2 2 2 2 2 2 2 2 2 2 2 2 2 2 2 2 2
left_child=6 3 4 73 5 7 58 104 9 10 17 -11 24 18 15 35 31 -4 67 20 22 -22 23 -20 -13 78 -27 28 -28 32 -31 113 34 75 -6 -15 88 38 39 40 41 44 43 -43 -10 48 -46 -41 72 98 -51 61 53 -32 -5 114 -9 -23 -1 60 -25 63 86 68 -54 -61 -33 83 96 123 -71 -72 92 -2 -39 -34 87 -78 82 -80 -81 -82 -26 84 85 -8 -63 119 89 -37 -89 106 -45 -73 -14 -44 -40 -56 -42 100 -100 -101 -103 -88 105 -3 107 110 109 -109 116 -110 -112 -17 -35 -116 120 -36 -87 -7 -49 -98 -76 -47 -106 -55
right_child=1 2 8 54 29 76 13 56 37 11 -12 12 94 14 -16 16 -18 -19 19 -21 21 57 -24 59 25 26 27 -29 -30 30 52 66 33 55 117 36 -38 74 51 47 49 42 95 45 46 69 -48 91 -50 50 -52 -53 64 125 97 -57 -58 -59 -60 65 -62 62 -64 -65 -66 -67 -68 -69 -70 70 71 93 -74 -75 122 -77 77 -79 79 80 81 -83 -84 -85 -86 118 103 90 -90 -91 -92 -93 -94 -95 -96 -97 121 -99 99 101 -102 102 -104 -105 124 -107 -108 108 111 -111 112 -113 -114 -115 115 -117 -118 -119 -120 -121 -122 -123 -124 -125 -126 -127
leaf_value=-1.280827751229108 -0.91746068344818466 4.6045147051721296 0.91965045245904098 -0.52248660247235179 3.0520677369542009 2.5427733663714194 -0.47361072957960326 -0.68461621683310547 -0.64420340342544169 -0.79429165764278864 8.5408872706034273 -0.77015109687143368 -0.98681448202073074 -1.3318132087730716 -1.0815531872679829 -0.54118015110782169 0.35015275841838384 -0.33733680631973628 -1.1566073174672074 -1.0674126235800083 -0.38599234716915631 7.3383004072887008 -0.9421652493195114 0.71824955394593371 7.6016895050491406 -2.5565167702665663 12.774546641019498 -1.7379473933396903 0.71053572031841861 0.38137354722067024 2.1766094719694036 2.7840285823709929 -0.75516675081583884 1.6275930123419819 2.3759740059716332 4.8244207654386324 1.4611768089895347 -1.0586878943722888 3.0321747643483938 -1.2032087027993099 0.033292332371056124 -0.33457302119252641 -0.87268728193278577 3.892019471260646 -0.087592382275630543 0.17887921488047998 4.9712613881333034 0.074230815127863017 8.8660187003790973 12.758918353375732 0.038059580208106764 8.4468360688862258 3.2515684608292257 4.0169745189892767 0.80355956879827828 5.6760640666394933 1.0477976216452323 15.157122572820922 -1.0113432437202723 0.25193587840221215 8.9229652143716134 -0.2723510875860593 5.7435261402379343 -0.86162894117590261 0.14921609708117725 7.0497046985967247 9.5484525964359399 -1.056584059921758 0.088178625861024679 17.055686908613904 2.1385639607287295 7.948278512551413 0.29068154757573333 -0.45956077585546046 -0.1982465679274853 4.05653542403138 0.62642846878772185 4.9939249448070075 1.551039680602176 3.3985254592975025 12.799794612728437 11.257547420344309 -1.3828142019920033 -0.73789578002259859 -0.82788424097386193 4.4672382918324258 4.6967798347196759 3.5843670834674572 -0.54638988002276256 -0.56900516615463037 -0.41195360849554619 1.2580021787291396 2.1578152411991978 3.5100581714341139 1.6917022821474856 3.293791070060518 -0.14022652165889521 -0.21402569932746629 1.1655322632495559 -0.95689638802010435 14.357349252088108 6.9006587880922909 0.47647036903154683 0.91035344474849289 1.7783963219125933 -1.3012238511908589 -1.3411637364349973 2.3713982662062731 -0.77842100483426468 13.10270463432073 -0.55159590296568373 2.8388898672618037 4.3171623191999871 3.9537691629328471 1.3390310383276942 4.741830504652957 -0.62998197166881575 -1.1860481838933052 0.73890016209152476 -0.42657621297449655 4.1090493859661334 2.1777707849040069 3.3963051775038759 4.3482234331797773 3.8877189305821904 6.6853944248621247
leaf_weight=6169 10217 586 4182 29814 946 378 1146 2060 10057 25739 101 517 1974 1913 3915 170 845 6317 1060 1724 210 116 3301 131 105 529 141 158 279 18218 2872 117 609 1489 163 172 1667 2246 529 4513 1547 1582 3729 208 244 353 171 543 126 172 169 146 171 985 3614 1081 5967 204 17764 590 161 379 109 453 2548 277 244 16929 3116 112 442 121 1997 5105 1217 178 2673 420 163 117 159 108 158 23106 2787 307 495 830 3538 316 627 1399 788 240 533 161 1018 10174 530 429 123 122 840 404 2000 106 1436 524 1387 224 125 154 240 348 657 900 7462 1459 1289 24926 178 2862 105 236 709 133
leaf_count=6169 10217 586 4182 29814 946 378 1146 2060 10057 25739 101 517 1974 1913 3915 170 845 6317 1060 1724 210 116 3301 131 105 529 141 158 279 18218 2872 117 609 1489 163 172 1667 2246 529 4513 1547 1582 3729 208 244 353 171 543 126 172 169 146 171 985 3614 1081 5967 204 17764 590 161 379 109 453 2548 277 244 16929 3116 112 442 121 1997 5105 1217 178 2673 420 163 117 159 108 158 23106 2787 307 495 830 3538 316 627 1399 788 240 533 161 1018 10174 530 429 123 122 840 404 2000 106 1436 524 1387 224 125 154 240 348 657 900 7462 1459 1289 24926 178 2862 105 236 709 133
internal_value=-0.000880274 -0.000260302 0.000215889 -0.00164008 0.00105412 0.000292619 -0.00245327 0.00208435 -0.0004207 -0.00116764 0.000726413 -0.00182204 0.000645616 -0.00200847 -0.000562479 0.00061093 0.00606728 0.000496235 -0.00236755 -0.00054541 0.000512394 0.0128302 -0.000670292 0.00216764 0.00359901 0.00538863 0.000749772 0.00660899 0.0109524 0.00202444 0.00151763 0.0105916 0.00371291 0.00503866 0.00117601 -0.000625824 0.000416298 0.000132164 0.000305582 -0.000197735 0.000494304 -8.60626e-05 0.00148093 0.00358582 -0.00159664 0.00540125 0.00783132 -0.00113005 0.00340173 0.00353001 0.0122874 0.0025644 0.00323595 0.00478697 -0.00102082 0.00608917 0.000788586 0.0215625 -0.00369072 0.00699741 0.0143151 0.00235451 0.00593367 0.00173226 0.000959909 0.00453287 0.0171468 -0.00267843 0.00214618 0.00954787 0.0124044 0.0099262 0.00276311 -0.00339943 -0.00240471 -0.000470142 -0.00039325 0.00193016 0.0117284 0.0150457 0.0196875 0.025206 0.00482889 -0.00216693 -0.000522701 0.00174325 0.00455399 -0.000661786 -0.000933932 0.00465863 0.00276596 -0.000345234 0.00630218 0.0157618 -0.00222178 -0.00187661 0.00349512 4.49643e-05 0.00269841 0.00453033 0.00960184 0.00214953 0.00476091 0.00701891 0.0051426 0.00937322 -0.000727616 -0.000320202 0.00258191 0.0103209 -0.00109734 -0.00117456 0.00671233 0.00602316 0.00470781 0.00689146 -0.00144568 -0.00124538 0.00428571 -0.000859155 0.00289875 0.0027835 0.000590013 0.00511035 0.0040125 0.00878354
internal_weight=320174 229658 170734 58924 73691 41282 90516 11428 97043 41280 10600 30680 4941 66583 13245 9330 1724 10499 53338 7774 6050 530 5520 2219 2434 1917 1107 578 420 32409 24927 879 7482 4914 2568 7606 5693 55763 52195 42684 24499 20567 10095 6205 10472 4623 415 18185 3119 3932 341 9511 6709 3990 43602 4127 8027 320 23933 1159 292 9365 1387 7978 2719 867 361 45564 7525 1504 915 803 2993 15322 3568 787 29854 3093 810 547 384 267 263 28635 5529 2742 1278 26761 4026 488 1457 13672 996 361 2507 3890 4409 13788 3591 2044 653 1391 962 899 3401 692 12273 10837 2289 748 8548 1541 365 518 3046 1557 8183 1622 1596 25304 721 3880 1322 589 2709 1118
internal_count=320174 229658 170734 58924 73691 41282 90516 11428 97043 41280 10600 30680 4941 66583 13245 9330 1724 10499 53338 7774 6050 530 5520 2219 2434 1917 1107 578 420 32409 24927 879 7482 4914 2568 7606 5693 55763 52195 42684 24499 20567 10095 6205 10472 4623 415 18185 3119 3932 341 9511 6709 3990 43602 4127 8027 320 23933 1159 292 9365 1387 7978 2719 867 361 45564 7525 1504 915 803 2993 15322 3568 787 29854 3093 810 547 384 267 263 28635 5529 2742 1278 26761 4026 488 1457 13672 996 361 2507 3890 4409 13788 3591 2044 653 1391 962 899 3401 692 12273 10837 2289 748 8548 1541 365 518 3046 1557 8183 1622 1596 25304 721 3880 1322 589 2709 1118
cat_boundaries=0 1 2 3 4 5 6 7
cat_threshold=1845 4128 2048 2056 17 1298 20
is_linear=0
shrinkage=0.1


Tree=16
num_leaves=127
num_cat=96
split_feature=20 5 0 16 1 4 2 0 2 1 1 2 1 2 1 2 1 2 1 2 1 2 1 1 1 2 8 2 2 1 2 2 1 2 1 2 1 1 8 2 1 2 1 2 1 1 16 2 1 8 16 1 1 1 2 1 1 1 8 1 1 2 2 2 2 12 2 5 2 1 1 2 5 1 1 2 1 2 1 2 1 1 2 1 1 2 1 2 2 0 1 2 2 1 2 2 6 0 8 2 17 12 19 8 8 9 8 2 1 2 8 1 2 8 2 1 2 1 5 8 18 2 2 10 10 13
split_gain=24.247 12.1604 8.03836 5.70648 5.46876 4.89346 4.81462 4.80153 5.0896 5.04837 4.5707 4.30342 4.05296 3.95649 3.95565 3.7844 3.74898 3.67775 3.57584 3.5119 3.49551 3.36104 3.79825 3.49491 3.1637 3.15238 3.1516 6.53914 3.29875 3.12254 3.4172 3.41594 3.04277 2.98409 2.8892 2.87614 2.86898 2.74778 2.73922 6.29763 4.81156 5.04577 3.66423 3.26798 3.35698 2.72855 2.70889 2.7827 2.70975 2.67471 2.66913 2.82216 2.45428 2.45394 2.69646 2.35813 2.33735 2.1201 2.32536 3.18744 3.08203 2.75067 2.74908 2.29229 2.09857 2.09657 2.07264 2.0298 2.02339 2.86211 2.07456 1.99554 1.92188 2.65459 1.89508 2.69463 1.84529 1.84373 3.08159 1.83305 1.82485 1.819 2.61469 1.81717 1.77536 2.39087 1.75628 1.88682 1.75258 1.73671 1.72407 2.70951 2.24666 2.03222 1.7121 1.69971 1.64304 2.00005 1.60267 2.54768 1.67675 1.549 1.53465 1.50574 1.48264 1.47826 1.47413 1.44967 1.44378 2.18779 1.43701 1.43144 1.4312 1.66111 1.4154 1.39984 1.65311 1.39367 1.38928 1.37919 1.3765 1.36391 1.35947 1.35818 1.3507 1.3499
threshold=0.18018516153097155 820.50000000000011 0 0.26469817757606512 1 8.5000000000000018 2 3 4 5 6 7 8 9 10 11 12 13 14 15 16 17 18 19 20 21 17.500000000000004 22 23 24 25 26 27 28 29 30 31 32 17.500000000000004 33 34 35 36 37 38 39 0.21818053722381595 40 41 29.500000000000004 0.33108307421207434 42 43 44 45 46 47 48 5.5000000000000009 49 50 51 52 53 54 510.50000000000006 55 800.50000000000011 56 57 58 59 435.50000000000006 60 61 62 63 64 65 66 67 68 69 70 71 72 73 74 75 76 77 78 79 80 81 82 1.5000000000000002 83 29.500000000000004 84 0.039405094459652908 926.00000000000011 0.013355302624404432 27.500000000000004 20.500000000000004 447.50000000000006 13.500000000000002 85 86 87 1.0000000180025095e-35 88 89 29.500000000000004 90 91 92 93 1369.5000000000002 18.500000000000004 0.2286702245473862 94 95 147.50000000000003 219.50000000000003 17.500000000000004
decision_type=2 2 9 2 9 2 9 9 9 9 9 9 9 9 9 9 9 9 9 9 9 9 9 9 9 9 2 9 9 9 9 9 9 9 9 9 9 9 2 9 9 9 9 9 9 9 2 9 9 2 2 9 9 9 9 9 9 9 2 9 9 9 9 9 9 2 9 2 9 9 9 9 2 9 9 9 9 9 9 9 9 9 9 9 9 9 9 9 9 9 9 9 9 9 9 9 2 9 2 9 2 2 2 2 2 2 2 9 9 9 2 9 9 2 9 9 9 9 2 2 2 9 9 2 2 2
left_child=5 2 14 6 79 12 -3 8 9 124 122 -4 -1 -7 -2 -13 -15 117 -17 52 95 22 -20 -23 -12 -18 28 34 -19 30 65 45 -27 111 98 56 -37 71 43 42 41 -41 -40 44 -39 -31 68 -48 94 -43 51 -25 -16 -35 -55 -24 -14 -30 60 106 62 -62 -59 -61 83 -26 -33 103 69 -22 -70 -34 73 -50 75 -45 112 78 89 -5 104 82 -56 -42 85 -53 -74 -88 -29 -76 92 93 120 -92 -49 -21 97 -46 100 -100 -28 118 -103 -44 -68 -67 -60 -86 109 -79 -87 -9 -66 -114 -77 -38 -117 -6 -82 -36 -83 -72 -10 -105 -8 -108
right_child=1 3 11 4 17 13 7 33 10 -11 24 15 35 16 19 18 25 26 21 20 46 23 55 50 29 32 27 88 57 31 -32 66 37 53 119 36 115 38 39 40 64 49 67 74 96 -47 47 48 72 -51 -52 84 -54 54 81 -57 -58 58 59 63 61 -63 -64 -65 76 105 80 -69 70 -71 121 -73 86 -75 77 114 -78 108 -80 -81 101 90 -84 -85 107 110 87 -89 -90 -91 91 -93 -94 -95 -96 -97 -98 -99 99 -101 -102 102 -104 123 -106 -107 125 -109 -110 -111 -112 -113 113 -115 -116 116 -118 -119 -120 -121 -122 -123 -124 -125 -126 -127
leaf_value=0.84291839953048164 -1.340848332892473 -1.1048831256966236 2.0872005048219453 1.2246084904912444 -1.8063533325760066 1.0603897225206314 6.2933997632394494 0.082043548893587545 -1.2841668796527326 1.4955648194725468 -1.5604872080943457 -1.4847052350584278 -0.52008403140336135 -1.1696820292129366 1.1232432068178624 -1.2544305358095411 -1.2096843083367914 -1.2068092673946629 -0.96934213311175599 -0.86134493012199664 -0.98365290990387688 1.9673889764305785 8.16399747948096 -1.3833093561691179 0.44490218828465622 2.2882107400181884 8.0761470939695759 -1.0027749522218667 -0.80302375859412922 0.14250488395882852 -0.84231702300393563 -0.97647884048673983 -0.35373898490612776 -1.1387022013964183 3.4705187911508371 -1.3405426570291157 -1.1121768206329876 1.1088676543732963 -0.16483303813045225 -1.1685957501619189 -1.5663288036845908 2.3868012984803637 0.19440828538584146 -0.16878645429555517 -0.71322020297745148 2.8040994641901316 -1.0583385913144061 1.6201971504857076 -1.0816176511630657 -0.25638322659736501 1.4181843112818471 0.62271360828349609 -0.23517469890282588 -0.7315543420082955 -1.0846109314575894 0.7180226358098204 -1.2582481246699799 -1.1034592529026208 1.1892506034224934 0.75957947909736068 2.737645675769361 0.77132964174168595 1.9039742862159859 -0.74891770197166729 -1.2321515699957928 5.3198447592213149 1.3076469898255823 4.9869804621450582 -0.27283470210424959 0.28702358645618714 -0.68480288290690061 -1.3267732104119858 -0.69017668371094876 -0.1993172708995308 -0.47184503869812577 -1.512780569216243 -1.2863414811642846 -1.1541988223041015 -0.51617013077398033 4.4757428828471957 0.08104745385153686 0.32631562482943949 1.4661006733805351 0.17144233273768711 -0.77170096480309402 4.4597402905332748 0.34272390431861954 -0.40633605553540159 0.84435639733962065 1.3573582627238809 0.8276477868381612 -0.49488976250942884 -0.078862819074152435 -0.29184657811902864 0.47411602858592139 0.60459503988819718 -0.86624955341463128 2.763755734303404 9.1915867715325437 -0.15206002293837903 3.6898191377299647 4.8771963162584386 1.3214450496495358 3.1166722124934894 4.5140610876637108 2.7586463816718831 6.4893329604643686 -0.16193823672994148 -0.800622651886715 0.35748186970613227 -0.66979383718580054 2.1161340114737026 0.75378272100769872 -1.3468541033907078 -0.96546083612211619 2.2312063748374831 -0.52976795520138642 3.709256779922411 -3.1339675694399469 1.7322136295872033 2.1016651292952271 -1.0887260692099292 3.4185072416608961 3.9045577399039333 0.35672249562132319 1.4138399565841646
leaf_weight=977 2234 1694 2136 932 118 1440 749 1526 124 2734 1577 1536 987 1729 1489 1936 2074 1913 1967 525 1690 2361 502 2771 1077 963 718 1149 1507 1781 5449 1991 2109 1945 128 1775 2882 1929 690 847 533 1273 349 3132 237 3041 2469 111 1274 535 1457 5324 2095 3369 554 9715 5598 1611 1498 3190 2326 1954 1815 5192 607 104 2182 335 2196 2083 6606 3892 2928 1338 1082 2066 3231 1159 7007 1092 7816 2327 2331 2988 7401 114 4547 4352 1292 1996 3720 20480 15928 3509 1192 2375 3081 294 108 291 165 234 555 107 446 261 193 11361 21978 2824 3077 1558 1315 536 8356 213 6291 1145 258 1413 1246 7961 1108 130 127 137
leaf_count=977 2234 1694 2136 932 118 1440 749 1526 124 2734 1577 1536 987 1729 1489 1936 2074 1913 1967 525 1690 2361 502 2771 1077 963 718 1149 1507 1781 5449 1991 2109 1945 128 1775 2882 1929 690 847 533 1273 349 3132 237 3041 2469 111 1274 535 1457 5324 2095 3369 554 9715 5598 1611 1498 3190 2326 1954 1815 5192 607 104 2182 335 2196 2083 6606 3892 2928 1338 1082 2066 3231 1159 7007 1092 7816 2327 2331 2988 7401 114 4547 4352 1292 1996 3720 20480 15928 3509 1192 2375 3081 294 108 291 165 234 555 107 446 261 193 11361 21978 2824 3077 1558 1315 536 8356 213 6291 1145 258 1413 1246 7961 1108 130 127 137
internal_value=-0.000843684 -0.000259546 -0.00108179 0.000410227 0.0016104 -0.00213939 1.94963e-05 0.000119065 0.00111181 0.00464088 0.000655384 -0.000218319 -0.00359611 -0.00180194 -0.00202107 -0.000408223 -0.00189612 0.00124385 -0.000251273 -0.00181716 -0.00207576 -7.38191e-05 0.00134984 -0.000586258 0.000380104 -0.00179296 0.000992106 0.00318389 0.000451816 0.000652646 -0.0011607 0.00133559 -0.00168684 -0.000417588 0.00644899 -0.00394008 -0.00295498 -0.00175913 -0.00157912 -0.000301279 -0.00109895 0.0026454 0.00554596 -0.0018917 0.000412536 0.00361755 -0.00232655 -0.00143924 -0.000947184 0.00562156 -0.00086467 -0.00106763 0.00118531 -0.000586263 -0.000458917 0.00212477 -0.00560273 0.000842379 0.00114582 0.000156707 0.00245782 0.00424242 0.000215364 -0.000669688 -0.00218005 0.00315427 0.000517341 0.00965628 -0.00311453 -0.00101243 -0.00358493 -0.00381135 -0.00134196 -0.00379786 -0.00214876 -0.00315836 -0.00336726 -0.00176836 -0.000619121 0.0066175 0.00103382 -0.000274426 0.00215889 -0.00025772 -0.000757506 0.00043988 -0.000800713 -9.99014e-05 -0.000616077 0.00201425 -0.000423552 -0.000930411 0.000296753 0.000733524 0.00340441 0.00127148 -0.00138598 0.00374764 0.00996904 0.00478697 0.0124236 0.000345991 0.00457541 0.0062116 0.00334344 0.00972603 0.00392818 -0.00130088 -0.0022144 -0.000458304 -0.00172134 0.00260504 -0.0012885 0.000102093 -0.00393213 -0.00225202 -0.00143384 0.00649646 -6.68837e-05 0.00347517 0.00255931 -0.00401798 0.00658615 0.0123629 0.011219 0.01
internal_weight=320358 220811 99123 121688 29887 99547 91801 90107 31614 3610 28004 51658 18723 80824 47465 49522 79384 27863 47986 45231 41647 46050 12184 33866 26772 77655 26600 5264 21336 25195 6891 18304 75581 58493 2823 17746 11161 74618 68617 13476 11865 2655 1611 55141 5541 4822 38747 18211 15742 1808 31505 30048 3584 55409 53464 10217 6585 19423 17916 10210 7706 4280 3426 8382 9210 1442 13482 921 20536 3773 16763 6001 14439 2612 49600 13554 5689 36046 10085 2024 11491 50095 2885 3521 27277 8515 11827 8899 2441 3078 47210 27709 19501 7229 1303 2900 3612 531 1282 399 883 8863 789 586 2628 365 1828 18762 25961 3983 3191 3084 2458 1851 10422 9386 6504 1263 8074 1541 3573 14567 1232 237 876 330
internal_count=320358 220811 99123 121688 29887 99547 91801 90107 31614 3610 28004 51658 18723 80824 47465 49522 79384 27863 47986 45231 41647 46050 12184 33866 26772 77655 26600 5264 21336 25195 6891 18304 75581 58493 2823 17746 11161 74618 68617 13476 11865 2655 1611 55141 5541 4822 38747 18211 15742 1808 31505 30048 3584 55409 53464 10217 6585 19423 17916 10210 7706 4280 3426 8382 9210 1442 13482 921 20536 3773 16763 6001 14439 2612 49600 13554 5689 36046 10085 2024 11491 50095 2885 3521 27277 8515 11827 8899 2441 3078 47210 27709 19501 7229 1303 2900 3612 531 1282 399 883 8863 789 586 2628 365 1828 18762 25961 3983 3191 3084 2458 1851 10422 9386 6504 1263 8074 1541 3573 14567 1232 237 876 330
cat_boundaries=0 1 12 24 25 37 48 59 71 82 93 104 115 127 138 150 162 174 185 196 207 218 230 241 252 264 275 286 297 308 318 329 340 352 364 375 386 397 409 420 431 442 453 464 475 486 497 509 519 530 541 552 563 574 584 595 606 617 628 639 650 661 672 683 694 706 717 727 739 751 762 772 783 794 805 816 827 828 839 851 862 873 884 895 896 904 915 926 937 948 959 970 981 992 1002 1013 1024
cat_threshold=14498 268959744 2151678978 262144 278528 268435456 134234432 2181825024 294912 1048608 1316352 268500992 322 2148007954 532544 545259520 1073906626 8396800 4194304 268697616 16777216 2105344 1050624 64 1333 128 35651584 1 2147614728 536872960 33685504 209715792 17825802 306188288 524800 528448 24 92274688 20971520 268435492 33554432 12288 0 1048640 1052672 134217856 538181632 524288 285212736 34832 32768 536873089 536870912 1073807624 100664384 64 8388608 4097 2147553280 528384 3225419776 8194 270008576 268441600 268476488 134217760 16916488 150994944 8 2304 16 2049 3153920 11550722 8388608 536871936 131080 67403792 64 1140854816 67108864 1048576 4098 1179648 81922 8388867 131328 46141696 48 256 4194306 302522368 268436480 0 165888 557056 2149580802 41216 33554752 2214732040 2416443396 2097282 1610612736 406847488 33685505 53510160 20484 2 2147622912 4198400 4456464 525376 104923136 2048 131585 2148008259 0 8421442 9175040 100795456 1082130816 201326592 8192 12582944 8192 131104 64 16781569 67108864 0 1048576 268441600 49216 2420114432 4358144 8388608 2147484674 196673 318783488 34864 2220032 264194 268435712 1074003968 67239968 32768 16777217 270532642 64 64 539099136 35652096 524416 2819113088 537920516 33570816 340 524801 0 64 2151677952 10 134316032 104858112 270336 525440 537925664 12582912 4194308 4195840 1114145 2621448 0 8 1048704 5154 2097440 16516 1140850688 1241514112 128 8395520 1049600 3145856 4164 3145733 1242562560 128 8388612 67117056 9248 167772160 2164260865 136315904 2818581504 4325376 2284323076 1276116992 0 19922944 2147485696 268469448 402915328 128 1081344 1073745920 2151743488 67127553 5251136 0 16777216 1083400 4198400 4 16777472 3225485312 4195712 402653252 134234369 268959746 11042817 128 578814984 1048576 3225420800 285212672 41943040 80 150994944 16 1064960 4195332 285216802 572653576 256 134349832 1572928 9437184 2098176 790528 524544 10485760 33554432 4260099 2097153 2214592772 4136 524816 17301504 2098304 134217732 2151678212 12648448 83886080 17059971 2149580804 0 536887424 8 0 1081353 1074268162 525568 24 524292 4198404 34 2097152 8192 8 1048576 37376 134284299 704643072 281018625 76546048 4096 268435456 168034304 2147483680 66600 34078728 2155872640 69206048 6226 2147483904 33620096 32802 81920 2147516674 536872960 4096 4227072 260 536870914 4232 135266304 855644160 167772160 10551296 164100 32 302006656 12288 2147492352 1082130432 131072 2285895680 8388608 2097152 285212801 167772168 0 32 8388608 8388608 1073741832 536870912 276955136 20972544 155451520 2099200 2214592516 138412040 34603264 399360 8 1207959554 4194560 81986 2176 64 1207977984 2147487776 32768 1074798592 262164 135266305 570688004 589888 2228228 1074790400 262656 33554432 1074790404 65600 1073742080 2147876936 1090519168 134219792 8394304 8 524288 2098180 0 536872964 3288334400 49216 110100544 557571 1140850688 2097160 196608 8 16777216 33554448 134226048 1050756 8320 131104 8388624 17859075 67108864 35783168 273154052 8388608 20975616 4384 33554432 268435456 134348800 131584 4200448 4113 1073742336 4718661 1048576 16782336 272629888 8 0 134217736 0 2 134218760 1611661312 524288 65536 79696016 0 2147483648 4096 262144 4352 4195349 540017832 540016640 2156920832 96 9437184 8390656 272630016 16384 268435456 5242880 33554496 9441280 135266305 537919552 268435460 1048576 33554432 268435744 131074 67112960 134218816 269615104 2152740864 4098 838860800 8388609 201342976 0 2 2052 4352 134414432 4719264 21008384 266282 1075838984 524352 0 25165824 384 672137224 67108864 1048576 8388608 262144 1024 0 64 131072 52428800 4096 570425728 1056768 256 4195088 16781834 167837728 537001984 285217792 75497472 0 257 917508 0 9437216 1048640 8655360 1082131472 262400 320 33558530 69206064 65536 3223619584 10240 65536 268435456 2151711250 2097152 8192 2424308736 2097153 1179648 299008 1074006018 2148011008 4194304 167903232 557056 2162721 536875008 285409344 128 16777216 8392706 0 0 65536 1073741840 4608 0 33554432 285213184 24 276971520 4196452 17039360 35274754 33562880 0 2181038144 1048834 2147549696 536870914 10665984 1140883456 8388993 136315136 67108864 8 0 8 1207963776 134350860 16779777 0 0 20979712 537919492 536872960 8586240 0 16912898 2098192 2621760 533824 0 0 289406976 34603016 536873216 197632 0 4099 2097176 537395520 524608 268566528 5120 268697632 167772164 536879104 537003008 64 2155874305 134217760 1074790464 285212672 1064960 6329344 268701728 33556480 536870912 1024 67108864 2156923393 4105 393288 268435456 1196036 2281735168 151265792 133128 0 131328 1175453696 1051144 4113 1179904 65540 1090519168 402657664 36700168 34816 536936448 655360 9701376 65544 4457472 2155872320 268453888 4194820 16793634 17828868 134217736 4224 0 512 1048577 1782580352 272695296 16384 12718084 16777538 33818624 8388608 65760 41943168 268435456 18944000 2359296 69 83902468 25170944 20971904 8 67108868 537003008 8388608 1445888 134217744 134479938 8912896 16777218 2098228 128 4 1073741956 537931776 576 10248 1073745920 139264 4 276824064 1024 406847488 33570824 268435456 32 8913280 12582912 0 537133312 5 1064960 2101248 402653218 4 0 536870952 1572928 9439235 75497496 256 16777220 16777216 190840832 134217760 1048709 136 676339744 9437200 1081345 67112960 33554944 268500992 2148007940 16779296 4096 34734088 2415960064 131200 512 2148925440 1 201460480 4164 1048576 25166852 272630048 0 268435456 537919496 33685504 524288 134218760 537919810 2147483648 276955200 16777728 402653184 1107314688 67108868 1073873928 134873216 169986 0 266 512 8 268435456 516 4225 2230272 2147483648 132096 33685696 531490 1040 6423618 524289 0 4096 268435456 131072 0 0 320 0 8 673054976 1048576 33554564 0 147458 100794400 1056 5242880 2152729600 33554432 673186304 8389121 64 134217729 1107427328 11042819 1572864 1677721604 36872 8240 132128 8388608 3080 512 8 4 2103296 4194560 8 268435456 131104 128 133120 1024 1074790400 524293 268451840 8393732 16777216 16384 0 0 33554496 4718592 65536 536870914 8388608 8389632 8388609 16384 67108868 536952864 2147483648 13895712 2102280 2282760192 9044224 4 67108868 419430528 35651592 536870912 197664 524800 2147483649 2097193 1074135104 524288 287309824 4 1 33554432 268435456 21504 1573376 2056 1484783624 134480452 2148008193 0 25168896 272900096 34734080 2048 541066504 41943040 8388608 1075838992 538051074 8389888 268566532 38912 12582913 2281703424 8192 536936448 16 528395 4240 537919552 293601280 2062 276955136 134221824 423887488 33554432 4096 5244000 2316304448 1 4121 1310720 1 134365184 1084232224 4194306 1048576 805306372 135267328 1048784 4197408 0 1073744392 524288 8 8388608 4194308 16777472 0 8192 102408 576 16910337 134221832 576 256 1064960 12585988 288 8 0 134217728 655488 2048 1073741824 1610744130 524292 0 0 0 0 0 0 0 133120 1 536870912 1 1 16782336 262144 0 67108864 131112 4718592 131072 9 134217728 1 2085 0 0 268435458 0 256 0 64 8388608 159399936 75497476 8650880 8650752 1048580 537002240 1048576 2151677952 8388656 537268800 285736960 4096 75497616 16777216 536870912 40992 49152 655872 293601280 35651592 1280 2168455168 18874372 2098176 21234176 2490380 2415921152 134283264 8388608 2147483648 0 134218240 4259844 1179648 1024 289406976 8 0 536871968 8388608 8394754 1032 537919744 64 268435456 2048 262176 0 268443648 131072 512 135168 0 134349568 4718596 268566528 33554432 16777216 538986496 4 134284288 169345024 40960 1090588672 4194440 4719360 2432827392 1073745920 134479904 35651712 1073743872 536870976 524292 2147487746 0 3285312 268435717 0 0 257 33554432 0 0 0 17826304 1024 4 4 0 4096 4194304 0 0 0 64 0 2 524288 1048576 0 134479872 8388872 335546400 671096840 655360 25166848 263312 671091714 525824 67108864 0 262144 0 0 0 0 0 136 1310720 268435456
is_linear=0
shrinkage=0.1


Tree=17
num_leaves=127
num_cat=104
split_feature=4 18 0 16 1 2 2 2 2 5 1 1 1 6 2 2 2 2 1 1 5 2 1 1 2 2 1 2 2 1 2 4 1 2 1 2 2 1 2 1 2 1 15 2 1 1 13 2 2 0 2 1 2 1 1 2 1 2 1 2 1 1 2 1 1 2 1 1 1 2 2 2 1 4 1 2 2 2 6 2 1 2 5 2 1 2 2 1 1 1 2 15 15 2 15 1 1 0 1 1 1 2 2 1 2 12 1 16 2 1 1 13 1 2 5 18 2 5 21 2 1 2 2 1 1 1
split_gain=20.8122 9.71946 7.086 6.32679 5.00025 4.79223 4.59671 3.74929 3.69452 4.09156 4.3016 4.21651 3.68925 3.8906 5.05897 4.65936 3.96355 3.9633 3.97012 3.43263 3.39916 4.02755 3.26725 3.20477 4.13286 3.19089 3.05892 3.84509 3.05268 3.05073 2.89211 2.87138 3.05946 2.86994 2.84771 2.82876 2.79619 3.45604 2.78371 2.80659 2.63029 2.60317 2.56573 2.96961 2.56381 2.56082 2.55563 2.54906 2.53758 2.37602 3.00418 2.85691 2.62892 2.48312 2.33539 2.97341 2.28668 2.95864 2.59743 2.2832 2.19992 2.06616 2.04255 2.05516 1.99194 2.25238 2.02397 1.92171 1.89818 1.87482 1.80008 1.76754 1.70434 1.60337 2.63801 3.12139 1.74332 1.57112 1.55704 1.53612 1.53444 1.56418 1.53273 1.50384 1.48615 1.48221 1.46259 2.10124 1.61493 1.45347 1.85852 1.64576 1.442 1.44111 1.41992 1.41846 1.40923 1.40383 1.39696 1.38097 1.35888 1.35887 1.35022 1.3535 1.33234 1.32846 1.32603 1.31525 1.31242 2.08084 1.87549 1.29856 1.27089 1.26916 1.23799 1.23654 2.31701 1.50974 1.49144 1.22778 1.2168 2.16017 1.21114 1.21017 1.20167 1.18933
threshold=16.500000000000004 0.18146943300962451 0 0.25634722411632543 1 2 3 4 5 485.50000000000006 6 7 8 3.5000000000000004 9 10 11 12 13 14 464.50000000000006 15 16 17 18 19 20 21 22 23 24 8.5000000000000018 25 26 27 28 29 30 31 32 33 34 4164.5000000000009 35 36 37 22.500000000000004 38 39 40 41 42 43 44 45 46 47 48 49 50 51 52 53 54 55 56 57 58 59 60 61 62 63 4.5000000000000009 64 65 66 67 6.5000000000000009 68 69 70 1100.5000000000002 71 72 73 74 75 76 77 78 3568.5000000000005 410.50000000000006 79 2846.5000000000005 80 81 82 83 84 85 86 87 88 89 15.500000000000002 90 0.30014455318450933 91 92 93 64.500000000000014 94 95 1184.5000000000002 0.32661078870296484 96 1065.5000000000002 0.013403183314949276 97 98 99 100 101 102 103
decision_type=2 2 9 2 9 9 9 9 9 2 9 9 9 2 9 9 9 9 9 9 2 9 9 9 9 9 9 9 9 9 9 2 9 9 9 9 9 9 9 9 9 9 2 9 9 9 2 9 9 9 9 9 9 9 9 9 9 9 9 9 9 9 9 9 9 9 9 9 9 9 9 9 9 2 9 9 9 9 2 9 9 9 2 9 9 9 9 9 9 9 9 2 2 9 2 9 9 9 9 9 9 9 9 9 9 2 9 2 9 9 9 2 9 9 2 2 9 2 2 9 9 9 9 9 9 9
left_child=1 7 20 5 105 -2 80 -1 -8 10 -10 77 -7 15 106 96 44 -17 28 -9 34 -22 33 24 -13 111 27 -20 -19 119 98 32 -32 -18 -3 -36 37 113 -27 -40 -31 -25 64 46 -16 -24 -44 123 72 52 51 78 -47 79 55 -54 -33 58 -58 -55 70 104 84 -64 -38 66 -66 -34 -50 95 -59 100 -28 74 -49 -76 -75 -11 -51 82 81 -4 -52 112 -56 -26 87 -42 -88 91 124 -67 -71 -69 -77 -41 -14 -90 -21 -37 -70 -62 103 -93 -61 -5 -15 120 109 -63 -110 -6 -78 -23 -98 -94 117 -117 -118 -12 121 -85 -29 -43 -91 -45
right_child=3 2 6 4 25 12 8 19 9 11 29 23 13 14 16 17 22 18 26 30 21 36 45 41 85 38 48 122 -30 40 31 56 67 -35 35 99 42 -39 39 69 86 47 43 125 -46 49 -48 73 68 50 53 -53 54 59 62 -57 57 60 -60 61 101 108 63 -65 65 89 -68 93 71 92 -72 -73 -74 76 75 94 83 -79 -80 -81 -82 -83 -84 107 -86 -87 88 -89 97 90 -92 102 115 -95 -96 -97 114 -99 -100 -101 -102 -103 -104 -105 -106 -107 -108 -109 110 -111 -112 -113 -114 -115 -116 116 118 -119 -120 -121 -122 -123 -124 -125 -126 -127
leaf_value=-1.0582382315141634 -1.0631146231670856 -0.98587207285642986 7.3907651665180332 7.7286348059820176 3.1389107163926155 -1.388622226676006 -0.98663093843771765 -1.2178409533878258 3.1056636199060623 -0.23492599001947836 0.32769546291240703 2.179848100023992 0.57035284052660873 0.40736129061092341 -0.98034345732983896 -1.3132436622229067 -0.041845404198848628 -0.75570786547820312 1.280003130614509 -1.1463277690622511 -1.083705743153357 2.9345617273938234 -1.0383399425644328 -1.5057985749392915 -1.0125315830440482 -0.73376361510980326 2.0670117290468002 0.11968241260543742 2.1105046107626531 -1.0510060458997716 0.41467467910265843 -0.94536647795115192 -1.2344374705440218 3.0166820866364423 -0.87701402149991647 0.13874307795099852 -1.20255422098771 -0.67828192333276727 -0.52832050821903365 -0.54302276170591579 0.72156450301537367 -0.29189566124256799 0.13586488824963924 0.20518821512403407 3.2767417941021542 -0.93047481598663606 2.2725065361769334 3.9683354566875586 -1.4649200663831179 3.2062482653942781 1.6378670583090273 0.93495661232766869 1.9311250074623822 -0.75408256461706569 -1.3937836958895913 -0.030489867206958073 1.2159952230207072 -0.4937577839805255 -1.065476899192958 0.81077695278939954 0.92208085405888651 -0.44589683979459971 1.3318274897048337 -0.34793748131460595 0.53886489750987787 -1.0098632466445663 -0.42308975619243211 -1.2167385937209847 -0.87645198064736263 -1.1758983344677509 1.3282422914569532 -0.98127342863992328 -0.12595579666586607 0.53120818409223325 2.9611607540381382 -0.99963668255725546 -0.37231784077900154 3.7061819817298627 6.4899363769121798 1.1796415862778509 0.48628162463462954 1.9266738930152734 3.5830900286885168 1.8583546990332991 -0.42141706453606509 0.60975032478137081 -1.0690905067746306 -0.38844453734225165 1.3576965125497815 0.6484651948862894 0.062862954547680094 0.32295188646742923 1.0395926867962342 -0.68767050541672159 2.2683584750426822 0.61179073379589466 5.3795760871398919 -0.4995846680118235 -0.6869577303581883 -0.56179321133925675 0.180151424798702 -0.311893875652066 -0.59372018364173551 -0.61144582247698631 -0.68838928921600573 2.6518520350182988 -1.1346690538017046 0.38279508782747307 -0.032553492084423562 0.84115165834622696 1.3332950296905937 -1.0746009988081429 0.51561799065164704 0.54560966471114247 0.19943894301784743 6.7557992623636132 6.2815741146080439 4.0502393319290126 1.2132968970187581 -1.1448973870612291 -0.54180070538549741 -0.55025828644751085 -0.78134896927890118 -1.3677182866487854 -1.1824805450430378 -0.79463816962624834
leaf_weight=2469 2042 2588 312 123 1323 1340 2621 4700 1479 431 257 2857 790 510 344 2339 769 525 3316 2939 3150 249 1831 2496 1398 2314 654 3795 1661 3066 1156 5392 2483 1059 3224 1629 1688 1463 2088 3173 1935 1720 1296 560 1423 2293 802 286 3140 866 319 2454 1766 2285 878 2540 671 962 4210 527 519 3526 1832 2976 2803 5607 6364 2749 2522 593 1687 8131 2534 3862 569 1124 5562 1177 277 2942 1548 625 219 1255 6318 3676 3506 2543 750 229 3598 1542 16642 4375 230 2827 403 8945 2694 4442 4444 15443 2696 882 2494 1480 2493 2474 2931 1941 5526 199 9229 2379 158 117 189 116 961 3196 17879 1446 4149 2160 1512 1174
leaf_count=2469 2042 2588 312 123 1323 1340 2621 4700 1479 431 257 2857 790 510 344 2339 769 525 3316 2939 3150 249 1831 2496 1398 2314 654 3795 1661 3066 1156 5392 2483 1059 3224 1629 1688 1463 2088 3173 1935 1720 1296 560 1423 2293 802 286 3140 866 319 2454 1766 2285 878 2540 671 962 4210 527 519 3526 1832 2976 2803 5607 6364 2749 2522 593 1687 8131 2534 3862 569 1124 5562 1177 277 2942 1548 625 219 1255 6318 3676 3506 2543 750 229 3598 1542 16642 4375 230 2827 403 8945 2694 4442 4444 15443 2696 882 2494 1480 2493 2474 2931 1941 5526 199 9229 2379 158 117 189 116 961 3196 17879 1446 4149 2160 1512 1174
internal_value=-0.000831455 -0.00148647 -0.00105281 0.000160325 0.00137346 -0.000248948 -0.000525691 -0.0026481 -0.00064546 -0.00053182 -0.0015878 -7.87241e-05 -0.000143702 -6.74597e-05 0.000485759 -0.000832709 0.000723789 -0.00104245 -0.000774349 -0.00245849 -0.00200994 -0.00154867 0.000553941 -0.000218607 0.0016484 0.00108601 -0.00105062 0.000283937 0.00334244 -0.00190764 -0.00219033 -0.00188794 -0.00328254 0.00468988 -0.0034865 -0.00265986 -0.00123774 0.00121677 0.000850842 0.00113939 -0.00144785 -0.000513302 -0.00156454 0.000855948 0.00536297 0.000391219 0.00337761 -0.000348494 -0.00175181 0.000540959 0.00115248 0.00383421 -0.00032397 0.00072623 0.000122547 0.0021177 -0.00136893 -0.000941199 -0.00313024 0.000280663 -0.000365719 0.000681213 -0.000594309 0.00100041 -0.00190966 -0.00168483 -0.000432606 -0.00386503 -0.00220694 0.0014382 0.00229785 -0.00173893 0.000850529 -0.000131132 0.00249434 0.0011226 -0.000270221 0.00495673 0.00795316 0.00318051 0.00370741 0.00689546 0.00806569 -0.000476822 -0.00165973 -6.68789e-05 -0.000977446 0.000583777 -0.00150708 -0.00239861 -0.00104506 -0.00307069 0.00193365 -0.00301935 -0.0014956 -9.9836e-05 0.0049155 -0.000839776 -0.00431154 -0.001383 -0.000567663 -0.000808918 -0.00177735 -5.75209e-05 -0.00168591 0.00680099 -0.00349486 -0.000981619 0.00119563 -1.27831e-05 0.0019759 0.00553525 0.000310112 0.00338135 0.00873905 0.00209431 0.00496746 0.0138683 0.00301724 -0.00465781 -0.00124393 0.000734044 -0.000910236 -0.00280206 -0.00371788 -0.00220184
internal_weight=320367 192940 140491 127427 32145 95282 90614 52449 88129 85508 25677 59831 93240 91900 53339 38561 50336 37210 34871 49980 49877 37994 48569 58223 7931 30542 32685 11260 2186 24198 45280 39647 10763 1828 11883 9295 34844 4091 29020 26706 20745 50292 30753 3832 1767 46741 2098 47796 21425 44910 26307 3597 18603 22710 16310 4306 28884 23492 4881 19230 18611 16945 12004 4808 26921 25233 9167 9607 18237 24618 2649 15097 3188 43916 2209 1923 41707 1608 1143 3480 2485 937 538 37845 7196 5074 17679 4478 13201 16066 5339 10727 18618 7124 1354 6000 1351 9695 5633 6071 6966 15962 5120 2424 3021 1603 3003 23054 13924 5467 8457 1522 14791 2628 561 18025 1383 233 1150 3453 20580 2701 7944 3880 1741 1734
internal_count=320367 192940 140491 127427 32145 95282 90614 52449 88129 85508 25677 59831 93240 91900 53339 38561 50336 37210 34871 49980 49877 37994 48569 58223 7931 30542 32685 11260 2186 24198 45280 39647 10763 1828 11883 9295 34844 4091 29020 26706 20745 50292 30753 3832 1767 46741 2098 47796 21425 44910 26307 3597 18603 22710 16310 4306 28884 23492 4881 19230 18611 16945 12004 4808 26921 25233 9167 9607 18237 24618 2649 15097 3188 43916 2209 1923 41707 1608 1143 3480 2485 937 538 37845 7196 5074 17679 4478 13201 16066 5339 10727 18618 7124 1354 6000 1351 9695 5633 6071 6966 15962 5120 2424 3021 1603 3003 23054 13924 5467 8457 1522 14791 2628 561 18025 1383 233 1150 3453 20580 2701 7944 3880 1741 1734
cat_boundaries=0 1 12 23 34 45 57 69 80 91 103 113 124 135 146 158 169 181 192 203 214 225 235 246 257 269 281 292 303 315 327 338 349 360 371 383 394 405 417 428 439 440 450 460 471 483 494 505 516 527 538 549 560 571 582 592 603 614 625 636 648 659 670 681 693 704 714 726 738 749 759 770 782 793 804 815 825 837 848 859 870 881 892 893 904 915 926 936 947 958 969 981 993 1004 1015 1026 1038 1048 1059 1070 1081 1092 1103 1113 1123
cat_threshold=6304 403177472 6291714 8650784 256 268443652 16384 33817088 525824 67108896 3840 65601 2 268435586 524352 134743044 42501440 0 4194560 268697600 77594624 2147487744 152050176 134217856 1073774592 8396800 805324036 100663426 1375731840 3355443232 41120 536870912 8192 6144 16777216 2098208 0 9699456 301998208 1122304 520 17301784 0 6291464 134287616 35651841 202377234 6356992 2 2147483688 8192 4325376 131138 67371008 71303184 196609 64 2164326400 3223330816 36868 2149580804 1024 1342210080 16 4195336 0 2416054272 293609472 16 134348932 33587200 1 138150144 536880384 1310720 1078067456 8264 2048 33557508 2147483648 33560707 1142947840 74240 9176064 2147483660 32768 4198400 9236 2080 4194304 135168 133124 655620 2121730 537937920 1073741856 33570880 2147483680 1049600 33554432 1073741832 4390912 64 4224 67244544 16386 25165825 1073741984 310399040 270336 2147485202 37748768 524288 167776384 0 8486912 1090682880 2147614848 256 132100 16777224 809500800 268959760 64 100663296 1073743920 299009 1109393408 2214593024 1073750016 201457796 32836 65664 16 2155872256 65536 0 32770 2684354688 1610612928 1073758624 2147484704 544 75498498 537400320 269486080 64 33562752 4194369 541700 2181038080 1208033280 3221225476 529 10485760 2097216 2415919136 64 152109057 134219810 8425985 545292288 4096 33024 2147484160 12294 1218449408 0 1048576 2097216 164096 8912896 537952512 537919488 1074794752 1048580 328 65664 0 2155938304 64 8929280 155189248 65538 553779200 8388608 69768 1040 8388608 16782336 135266371 836 2148548612 5124 268435456 44171272 0 536871936 524800 2147489792 35651624 1074927616 4719104 16781313 134217730 132 135266560 268439552 33857792 1077936128 0 69632 3223327756 4390912 20578308 1053700 134221824 8 4352 1032 524880 8552449 167772176 2048 513 19398656 5768192 402653184 1329160 536870912 134251776 1048640 528385 1048577 34611522 4 0 20971552 0 268435456 134217728 33554432 8919040 5137 768 5 256 176160770 262177 671088640 67119396 4194304 2215772160 2147483776 18878464 1024 2148008257 276826116 33554432 128 34816 0 1248 1409810560 425984 100729985 137216 512 8 8523778 1082261572 10764288 8388610 1073746176 32896 16 0 1052672 536881156 524288 8 0 16778240 134480032 8 268437504 134221856 0 8392704 134218752 1048576 256 65 16 134221826 536870912 8448 570425352 34611216 2151817217 1026 1074005250 151519296 276824064 5120 4194435 33554432 0 134284288 4718656 4325376 19 1208746754 524545 8 69206016 41947408 16777216 2281701378 537919488 33570824 8272 1310721 335544354 537397248 8389632 8 25165824 16782336 150995201 394240 268437504 134283296 4194304 2156007425 1152 1076367360 268435457 335544324 94373888 4789504 2147483649 67109124 4280352 335544336 655360 2097152 134217728 8388608 131072 184550400 257 1048576 1050624 268435616 273154064 16781568 8388624 671359012 2304 269090816 54525956 3 8 536870912 541081856 41943040 1054720 144704513 671219722 1028 50331648 11543552 10518560 4 131072 268468288 67108896 5505024 1073741824 3556770304 4333568 24 8388608 16777216 134480160 33554440 335544324 134283264 42598528 2151677952 25 1074921536 4718661 0 5120 262144 131072 268435456 536937472 8388672 4096 9 1074004224 268435716 4260096 134217728 2 2334130304 1073754144 128 2148139040 0 4198402 529416 1049600 16 0 16777216 4096 27262977 4 103424 100664320 4718604 1128337440 7296 20972032 65600 35651588 6365184 16512 536870916 32 16 9441536 4106 1080165384 272826368 10378 3145728 67108880 262177 139 536870912 131080 201589328 8388678 66562 5245440 76546048 12587008 160 8 2048 536870912 134217792 8388608 134218752 537264448 2162752 42992128 4456481 2181038210 268435456 142607360 142606352 38 16843776 10240 8388612 268976132 33560580 0 133124 128 147488 100664656 1609728 1049088 134226432 524288 8 9568256 8388640 23330816 1073872896 335544320 12591104 8192 2168455712 1224736769 2099200 268435780 268435456 1073741824 134217856 262152 603979776 1253376 1572864 2151677953 9 1442112 268435713 276828162 4325440 2359424 2097154 135232 1152 256 299008 4228120 671096848 524289 65664 134221840 4489312 16388 2147483680 1610629120 9437184 4097 152043560 1073750528 1572864 81920 1024 32 0 1073774592 16384 688128 4194560 134217728 0 260 352337921 6144 16777216 8388608 67115020 4240384 0 2151710976 134217728 539099200 268435456 84936704 67113472 134217728 133248 1073743872 0 4330112 22152448 2147549184 4196353 4198400 2214592512 5242896 270811137 16384 268437504 4259840 512 12582912 94372864 1107429442 268435520 269484032 1056 402653568 262152 536875008 537952264 524288 2160073216 25 1180160 268960000 0 5120 134217760 0 0 0 33554496 268288 1049624 134479936 268435456 134217730 257 8 8192 0 0 5286400 1073741858 1073743872 423690304 276824064 6292608 134217728 1329152 2304 4198464 0 8915456 16777344 3413250 2147549440 134217728 33554432 289673760 135659524 0 536870976 38273536 8388738 67108864 1441898 2147483648 2164260868 16780304 134221824 1074790400 0 4194368 33685888 660484 134217729 256 4391236 67108864 2080 25166081 1179648 10272 64 201326848 2164527368 65536 167911616 65540 8 1179648 1073774592 25174017 538968064 8192 536870912 1024 2164297736 1207960593 537135682 268435524 0 16777216 402653184 536870912 0 131072 256 2050 0 134217730 268435457 8521732 1024 419430400 2684747784 268443648 134217728 1082134624 4327424 671088657 34603008 4 8388608 2048 268435457 0 0 65536 9568384 0 0 131136 4194308 8 0 0 0 33554440 67108864 134217728 64 2048 0 536870912 524288 1048576 0 17039520 8 0 671088640 524304 2148532224 134217737 1073742596 528384 2189426688 32771 1575040 545259520 12583272 268435712 1280 2097153 404750336 1088 16 0 0 16777216 33685512 0 40 0 2147745792 8 1048640 0 32 0 2048 16781312 33554432 0 1024 524288 557057 134217728 320 261 0 0 268435584 33685512 0 134217728 0 8390656 0 1073741824 0 0 0 268435712 67108994 0 32 8192 0 0 6144 17907712 4128 16777216 131080 268437568 671236096 512 8394752 1048592 33554432 1048832 8 16384 37750788 32768 4 0 0 256 819201 1049616 671088640 4194304 8388608 2189426688 267553 1048577 12288 81920 1310720 526080 1074791425 537133132 8388608 9437188 8392704 262176 2359296 0 142671904 68681984 0 1074790400 263424 268435456 271056896 33792 402653312 33685504 0 537919496 8388608 8388609 1048 537920008 2621444 83918848 134217728 33556488 2147483648 262152 1342440032 1081345 1048592 1049416 131076 8 0 50332672 155201538 1048576 268436480 134218784 9961984 135170 1040 262472 257 16384 516 4989186 140 1073741824 65568 0 2147484800 4194321 1073872992 272629828 0 16783360 21233664 0 67108868 134217736 64 8390656 0 1209270272 4718596 1064960 67108864 402653184 33685504 2147483648 33752072 2147483712 1 136318984 524288 524288 9437184 1024 268697728 131072 268435456 536870944 0 0 1040 1075052544 256 272 68157444 4 270532608 131072 1149239300 536870944 4325536 21102592 68158480 1744833024 524288 134217728 33554464 794880 2148532236 2048 134222144 12583488 2048 1082130465 1048584 256 268435456 12582928 272629920 258 67109888 5308416 34734208 524352 16781321 2097920 12582912 537395200 8389252 12800 0 557056 32768 131104 4194304 0 33554560 16384 16777220 128 132 268443648 1610612736 8912896 0 1041 584 524293 0 1024 134217728 0 268435456 134217728 9437184 0 1040 256 256 8388608 1049600 4096 0 268435968 1207959552 128 131072 0 256 524288 8388612 16781312 21233664 131080 0 1048616 524416 2048 1 0 8388608 8 0 24118272 4096 35651584 268443648 1073807488 35127424 655873 1052672 167780610 261 16 0 25166848 138412192 8 67108864 671089664 0 131075 16 0 4194305 9437184 1024 16781568 2 0 1032 142606464 16777729 134217737 807403648 260 269484032 3221225504 4 2147483657 2147487744 131328 1835008 2148008067 2097153 2371720 16842753 67108864 256 0 2147483648 0 0 0 262144 2 524288 1024 8 2097152 4096 262144 131072 0 134217728 64 0 2 524288 8388608 16777216 0 33554432 0 536875040 0 0 134217728 0 524288 256 1073741856 0 2147485826 2080 4195616 1048576 16777218 1048584 2101392 8454145 276824064 2097156 134217888 0 0 0 0 2147483649 8 1610612800 524288 277872640 50331648 6291712 131074 268435460 458912 33554448 8519680 24 1073875456 257 1048576 0 134217728 8 0 134348800 64 2147483649 0 262144 524288 0 8388608 268435456 0 0 536870912 64 0 136 524288 1048576 1024 150994944 0 0 134217728 524352 131072 0 1074790464
is_linear=0
shrinkage=0.1


Tree=18
num_leaves=127
num_cat=9
split_feature=5 16 0 15 15 15 4 0 8 8 8 6 6 8 15 15 17 8 8 3 6 8 11 6 15 8 8 18 6 8 16 15 15 18 8 8 6 12 8 8 8 6 0 9 12 8 8 6 0 15 16 19 15 8 6 8 18 19 15 8 8 0 15 0 18 5 4 17 14 12 18 15 0 12 14 15 15 0 8 4 14 15 12 21 15 15 15 15 6 3 15 6 8 18 15 15 8 19 8 14 12 6 6 8 16 8 14 5 16 5 8 15 11 8 8 15 8 3 18 6 18 13 0 5 5 18
split_gain=16.6307 11.9911 7.03785 5.38976 4.21936 3.88633 3.55957 3.45024 3.41804 3.42543 3.77385 4.35876 4.34739 3.8626 3.2974 4.31752 3.17659 3.10636 3.8062 3.07415 3.01911 2.85444 3.29512 2.74127 3.62646 3.11057 5.72431 5.76807 3.037 3.06052 2.36234 2.34941 3.59288 3.15499 2.59417 2.44007 2.24667 2.50798 2.6847 2.20451 5.42467 10.8404 4.19859 2.59875 2.09829 2.08606 2.50141 6.10103 2.05479 1.98785 1.96181 1.92133 1.88324 1.8634 1.81916 1.83266 1.79922 1.79145 1.78994 1.77445 2.14215 1.96062 1.74316 1.90028 1.72959 1.71279 1.67184 2.28059 1.66428 1.65248 1.64279 2.92616 1.92038 1.64094 2.4249 1.62866 1.66946 4.0976 6.50572 1.84671 1.59095 1.58164 1.55826 1.51591 1.50502 7.43488 1.81261 2.99999 2.97987 2.27747 1.88069 1.95912 1.49334 1.48825 1.4973 3.96804 1.485 2.28995 1.46222 1.45755 1.44494 1.42711 2.33119 1.45217 1.39344 1.39086 1.38775 1.35651 1.34311 1.33036 1.31828 1.35989 1.30607 1.29803 2.17906 1.56314 1.29401 1.44192 1.45078 1.27795 1.2758 1.22923 1.21233 1.20551 1.17694 1.17583
threshold=464.50000000000006 0.16627881675958636 0 352.50000000000006 4054.0000000000005 2846.5000000000005 17.500000000000004 1 17.500000000000004 29.500000000000004 27.500000000000004 4.5000000000000009 2.5000000000000004 26.500000000000004 2385.5000000000005 2363.5000000000005 0.015316416509449484 28.500000000000004 13.500000000000002 16.500000000000004 4.5000000000000009 1.0000000180025095e-35 4.7025909423828134 6.5000000000000009 2214.5000000000005 10.500000000000002 5.5000000000000009 0.21304654330015185 1.5000000000000002 5.5000000000000009 0.2409811541438103 4164.5000000000009 4225.5000000000009 0.23205900192260745 27.500000000000004 26.500000000000004 4.5000000000000009 1036.5000000000002 17.500000000000004 5.5000000000000009 9.5000000000000018 1.5000000000000002 2 897.50000000000011 474.50000000000006 22.500000000000004 5.5000000000000009 2.5000000000000004 3 2507.5000000000005 0.28206789493560797 0.039125686511397369 2567.0000000000005 3.5000000000000004 3.5000000000000004 11.500000000000002 0.25710618495941168 0.021870749071240429 919.50000000000011 29.500000000000004 24.500000000000004 4 3572.5000000000005 5 0.10508362948894502 1045.5000000000002 15.500000000000002 0.027779768221080307 12.500000000000002 799.50000000000011 0.20068150013685229 629.50000000000011 6 359.50000000000006 5.5000000000000009 2810.5000000000005 2463.0000000000005 7 7.5000000000000009 16.500000000000004 18.500000000000004 4167.5000000000009 28.500000000000004 0.038972012698650367 2492.5000000000005 2457.5000000000005 2414.5000000000005 2240.5000000000005 4.5000000000000009 12.500000000000002 705.50000000000011 4.5000000000000009 1.5000000000000002 0.21496707946062091 705.50000000000011 2527.5000000000005 2.5000000000000004 0.023026941344141964 25.500000000000004 39.500000000000007 1014.5000000000001 5.5000000000000009 1.5000000000000002 29.500000000000004 0.21509863436222079 14.500000000000002 2.5000000000000004 865.50000000000011 0.13451252132654193 825.50000000000011 3.5000000000000004 3788.0000000000005 3.9263931512832646 29.500000000000004 25.500000000000004 3810.5000000000005 2.5000000000000004 19.500000000000004 0.20591001212596896 4.5000000000000009 0.2727563083171845 91.500000000000014 8 1215.5000000000002 920.50000000000011 0.24472549557685855
decision_type=2 2 9 2 2 2 2 9 2 2 2 2 2 2 2 2 2 2 2 2 2 2 2 2 2 2 2 2 2 2 2 2 2 2 2 2 2 2 2 2 2 2 9 2 2 2 2 2 9 2 2 2 2 2 2 2 2 2 2 2 2 9 2 9 2 2 2 2 2 2 2 2 9 2 2 2 2 9 2 2 2 2 2 2 2 2 2 2 2 2 2 2 2 2 2 2 2 2 2 2 2 2 2 2 2 2 2 2 2 2 2 2 2 2 2 2 2 2 2 2 2 2 9 2 2 2
left_child=7 64 3 -3 6 8 36 99 14 10 12 93 44 16 15 23 -14 18 21 -15 49 22 -6 28 30 26 125 -28 29 48 -25 35 33 34 81 -20 45 59 -39 42 41 -41 56 -43 -10 46 47 53 -5 -16 120 82 69 57 -48 -56 106 -4 -8 60 61 110 63 -55 -2 -13 -57 -68 -50 -51 -30 122 119 -59 -75 76 96 78 -78 -80 121 -33 -32 -74 85 86 87 90 -88 -90 -18 -92 -76 104 -95 -96 97 -22 -62 -1 107 102 -9 -103 -12 -54 -17 -63 -104 -66 111 -38 -84 114 115 -111 117 -82 -119 -73 -23 -60 -72 -79 -99 -26
right_child=1 2 4 5 17 -7 58 101 9 -11 11 65 13 19 20 39 84 -19 31 -21 75 50 -24 24 25 -27 27 -29 70 -31 51 32 -34 -35 -36 -37 37 38 -40 40 -42 43 -44 -45 -46 -47 54 -49 68 52 -52 -53 105 62 55 66 -58 73 80 -61 98 100 -64 -65 109 -67 67 -69 -70 -71 71 72 83 74 92 -77 77 123 79 -81 116 -83 112 -85 -86 -87 88 -89 89 -91 91 -93 -94 94 95 -97 -98 124 -100 -101 -102 103 108 -105 -106 -107 -108 -109 -110 113 -112 -113 -114 -115 -116 -117 -118 118 -120 -121 -122 -123 -124 -125 -126 -127
leaf_value=-0.82275176444217613 -1.171948041962964 -1.7686110494208691 -0.11361482841881121 0.013710601699217374 6.4434386105846038 1.5972302709158566 -0.4836248667305742 -0.096971397273914461 -1.398002368830247 -0.16188255904530485 5.944852565704057 -0.12953040529100887 -0.19042425881752367 3.1370423114207213 -1.2927549984528808 -0.78926824299749399 1.6300235057562422 -0.66456044455601715 -0.90702732267197794 9.8631568518013317 -0.68277417424234299 -0.031046456335055761 1.3113809403297305 -0.26753228286835246 4.5176471313228435 -0.38627040233678811 5.0825600195057499 16.125854720866837 -0.60292336298538829 0.16258501763496377 -0.36130905867786739 4.3027098355150253 -0.051524449175660549 7.4407272437985119 12.368298634421386 8.4109717761958311 -0.32831721940299002 -0.25172242106220982 4.9906880076492071 -1.2472575826084846 0.12554411863025949 16.154265094376488 -1.968512228979223 16.76313389930214 0.99611353403025271 0.073126010067694744 -0.90807635713332491 -0.90481442980333771 5.1873752774072797 0.87515818206088447 1.9761140192716731 -0.29432555949821854 -0.40732949276957175 -1.362072879339109 -0.58546610776638075 -0.044754662419130564 7.1423771725647711 0.18780295797988303 -0.18487323859613827 -1.1227654331973618 3.9682166341384404 0.18358880876419501 2.2021412236028621 1.3215280488872403 -0.65291145936146489 3.0969724982060662 1.0723305515470238 7.9941881496575435 2.2305347753813387 8.1805268675257121 -0.0019798234569255281 -2.1850839962238555 0.30963106763099635 -0.87561289251619323 7.5557256187812802 -2.3587137533199507 17.739235541977898 0.59134674380246355 -0.26865132597174068 8.8952238785494 1.3164450164317347 0.42444406945844104 6.0081864171457031 1.8960061507878647 1.0638671120360914 11.021076579931824 -1.7295460494009465 -0.61948239194416876 11.830354768369698 5.1313758546070636 7.875578749425749 3.7897610939073667 1.7839343418245475 6.118904220557102 15.103375439264747 4.9649529523551053 -0.85124550036806212 4.6399452016044798 0.42567093818471718 -0.45762675145936882 -1.9195011500561969 -0.13072575788328211 -1.2366553393261706 -1.5415271791428635 -0.76182195964203492 -1.9957957063820246 3.9386607169414969 -0.55027532839123194 -0.75120450566597397 -0.50969570415895338 -0.62056436631982625 0.85535891601838066 3.5820271074852807 -1.2118993034023309 1.5171418502374636 0.24665230074687119 0.16473786477237778 1.102615439205638 5.0101911316060042 -0.0044032121615250885 7.2942067427155211 2.2645373761259915 -0.92910848510862931 -1.0264595520585786 9.1326731214576764 -3.0117305117919475
leaf_weight=14020 3888 2228 2869 611 105 5313 7239 4870 1680 5718 209 646 2101 215 5649 116 1537 1788 595 125 314 8609 281 2348 288 304 143 122 5780 3368 221 148 385 212 133 159 1991 170 135 209 407 184 549 101 899 4216 17931 7085 817 1114 565 670 7050 173 3274 1330 141 606 20404 1389 191 10683 104 721 22172 331 348 104 766 193 3280 784 9873 145 246 481 102 6013 198 149 2315 444 168 2983 1666 110 126 489 122 207 136 288 107 253 159 237 2465 119 1109 4521 278 8522 1946 576 107 618 249 2889 16617 19551 8552 529 1206 1489 1034 2505 15262 100 112 1206 138 312 4763 882 108 134
leaf_count=14020 3888 2228 2869 611 105 5313 7239 4870 1680 5718 209 646 2101 215 5649 116 1537 1788 595 125 314 8609 281 2348 288 304 143 122 5780 3368 221 148 385 212 133 159 1991 170 135 209 407 184 549 101 899 4216 17931 7085 817 1114 565 670 7050 173 3274 1330 141 606 20404 1389 191 10683 104 721 22172 331 348 104 766 193 3280 784 9873 145 246 481 102 6013 198 149 2315 444 168 2983 1666 110 126 489 122 207 136 288 107 253 159 237 2465 119 1109 4521 278 8522 1946 576 107 618 249 2889 16617 19551 8552 529 1206 1489 1034 2505 15262 100 112 1206 138 312 4763 882 108 134
internal_value=-0.000830682 -0.000516885 -0.000195722 0.000468975 -0.000679972 0.00058941 -0.000880191 -0.00248512 0.000424667 0.00167559 0.00265996 0.00668383 0.00185445 0.00312833 0.000101714 0.000648223 0.0026069 0.000986578 0.00157635 0.0135294 -0.000795524 0.000744481 0.00917098 0.000422992 0.00247323 0.00796165 0.0116885 0.0232075 8.73453e-05 0.00222582 0.00129417 0.00546243 0.00800302 0.0113447 0.00820689 0.00100796 -0.00134351 -0.00065769 0.00836065 0.00523517 0.00886792 0.0159109 0.0021327 0.0285965 -0.00166344 -0.00183117 -0.00208401 -0.000917388 0.00513218 -0.00173277 0.000395187 0.00359823 -0.000807802 0.00176825 -0.00269587 -0.00102057 0.00860465 0.000797883 -0.00019981 -0.000757309 -0.000572804 -0.000779234 0.00563126 0.00420581 -0.00190348 0.00197543 0.00156004 0.00681416 0.00701192 0.00270084 -0.000327534 5.28614e-05 0.000885085 0.00422101 0.00847389 0.000469945 0.000734297 0.00154684 0.0106972 0.00440922 7.14169e-05 0.00537162 0.00548589 0.00133219 0.00405682 0.00538972 0.00442341 0.00334694 0.0102198 0.015228 0.00509434 0.0109906 0.0129462 0.0114508 0.0141911 0.0180303 -0.00125083 0.00349353 0.00338461 -0.00357447 1.44276e-05 -0.00186258 -0.00227585 -0.000800178 0.00582278 -0.00140584 0.00506849 0.000160622 -0.00278673 -0.00173494 -0.00177044 0.000238093 0.00673944 -0.00122829 -0.00104374 -0.00125408 0.000765077 0.0028611 0.0107547 -0.002 2.62923e-05 -0.000524235 -0.00148328 0.000934103 0.0111454 0.00445497
internal_weight=320340 269268 218629 92148 126481 89920 112919 51072 84607 17361 11643 1942 9701 7122 67246 41791 6782 13562 11774 340 25455 9698 386 39835 5604 991 687 265 34231 5562 4613 2076 1322 937 725 754 67175 27916 305 1956 901 494 1055 285 2579 39259 35043 12056 2194 14624 9312 2265 8975 4971 22987 5056 506 3973 45744 27611 26222 24922 998 894 50639 977 1782 452 1583 1307 28669 22889 14846 1104 498 10831 10350 7344 449 347 38505 592 1595 12856 4681 3015 2905 2450 455 329 1961 424 353 965 649 396 3006 541 1300 18541 13850 32531 23433 9098 316 7668 365 13572 18563 46751 11072 2520 1374 24579 23090 22056 17789 2527 212 1990 8747 20716 8043 6895 227 422
internal_count=320340 269268 218629 92148 126481 89920 112919 51072 84607 17361 11643 1942 9701 7122 67246 41791 6782 13562 11774 340 25455 9698 386 39835 5604 991 687 265 34231 5562 4613 2076 1322 937 725 754 67175 27916 305 1956 901 494 1055 285 2579 39259 35043 12056 2194 14624 9312 2265 8975 4971 22987 5056 506 3973 45744 27611 26222 24922 998 894 50639 977 1782 452 1583 1307 28669 22889 14846 1104 498 10831 10350 7344 449 347 38505 592 1595 12856 4681 3015 2905 2450 455 329 1961 424 353 965 649 396 3006 541 1300 18541 13850 32531 23433 9098 316 7668 365 13572 18563 46751 11072 2520 1374 24579 23090 22056 17789 2527 212 1990 8747 20716 8043 6895 227 422
cat_boundaries=0 1 2 3 4 5 6 7 8 9
cat_threshold=1845 6304 1024 768 12290 4224 1 1024 288
is_linear=0
shrinkage=0.1


Tree=19
num_leaves=127
num_cat=106
split_feature=20 20 4 0 1 1 2 1 1 2 2 1 2 2 2 1 1 1 2 1 2 6 2 1 2 1 2 2 2 1 2 1 15 1 1 8 2 1 2 1 2 2 1 1 2 2 1 1 1 2 2 1 1 4 1 1 2 1 2 8 1 2 2 1 2 2 9 2 1 2 2 2 1 1 2 8 2 1 2 1 1 1 2 1 2 0 2 1 2 2 2 6 1 2 2 1 2 14 21 2 2 1 2 1 1 1 0 8 1 0 5 2 1 1 2 1 2 2 8 2 14 8 2 6 16 2
split_gain=16.0254 7.27062 5.15886 5.59899 4.79388 4.66483 4.59142 4.23108 4.15343 4.41623 4.05041 4.00335 3.81083 3.67869 3.46213 3.30015 3.07641 3.02555 2.99539 3.24872 2.9626 2.87064 5.29756 4.03818 3.43487 3.2875 3.70854 2.80643 2.78565 2.88874 2.6636 3.90342 2.69384 3.15709 3.1498 3.29239 2.56124 2.9016 2.88751 2.5576 2.55097 2.51015 2.78149 2.31364 2.84776 2.29048 2.81213 2.25512 2.24396 2.46717 2.24141 2.23452 2.13764 2.02217 2.42483 2.09395 2.05295 1.97184 2.59619 1.84086 3.73787 3.94942 1.78662 1.785 2.61806 2.25236 1.77819 1.68603 1.8949 2.30922 1.66999 1.65528 2.26244 1.83868 2.11033 1.7292 2.7097 3.81732 1.77161 1.74339 1.67938 1.64883 1.78355 1.648 1.98785 1.76948 1.64454 1.56185 1.52779 1.51004 1.50832 1.64755 3.61325 2.88179 2.21403 1.58394 2.03058 1.6872 1.49926 1.4941 1.48993 1.53894 1.48298 1.92263 1.90475 1.47407 1.46656 1.44606 1.74026 1.42756 1.40315 1.93769 1.39486 1.39187 1.38932 1.71279 1.38699 1.36433 1.35516 1.35117 1.34892 1.3301 1.31406 1.62493 1.48981 1.31261
threshold=0.17564462125301364 0.29986435174942022 17.500000000000004 0 1 2 3 4 5 6 7 8 9 10 11 12 13 14 15 16 17 4.5000000000000009 18 19 20 21 22 23 24 25 26 27 4054.0000000000005 28 29 2.5000000000000004 30 31 32 33 34 35 36 37 38 39 40 41 42 43 44 45 46 9.5000000000000018 47 48 49 50 51 18.500000000000004 52 53 54 55 56 57 852.50000000000011 58 59 60 61 62 63 64 65 17.500000000000004 66 67 68 69 70 71 72 73 74 75 76 77 78 79 80 1.5000000000000002 81 82 83 84 85 84.500000000000014 0.012250103522092106 86 87 88 89 90 91 92 93 13.500000000000002 94 95 1220.5000000000002 96 97 98 99 100 101 102 7.5000000000000009 103 21.500000000000004 4.5000000000000009 104 5.5000000000000009 0.19233649969100955 105
decision_type=2 2 2 9 9 9 9 9 9 9 9 9 9 9 9 9 9 9 9 9 9 2 9 9 9 9 9 9 9 9 9 9 2 9 9 2 9 9 9 9 9 9 9 9 9 9 9 9 9 9 9 9 9 2 9 9 9 9 9 2 9 9 9 9 9 9 2 9 9 9 9 9 9 9 9 2 9 9 9 9 9 9 9 9 9 9 9 9 9 9 9 2 9 9 9 9 9 2 2 9 9 9 9 9 9 9 9 2 9 9 2 9 9 9 9 9 9 9 2 9 2 2 9 2 2 9
left_child=5 2 3 14 -3 122 -5 117 27 112 -9 -8 -13 -12 -2 -14 -7 -16 19 -19 -18 24 23 118 52 26 -24 107 -27 88 31 -20 33 119 35 -34 -22 38 -38 62 -11 42 106 44 -17 46 -36 -33 49 110 51 -45 -15 54 56 -55 -43 58 -41 102 61 66 -26 65 -65 -35 -61 105 69 -69 -40 72 98 74 -73 78 -77 89 80 -80 -75 82 -52 84 -31 -86 113 -25 -30 -78 -70 92 93 -92 -94 96 -93 99 -57 -97 101 -83 104 -104 -56 -59 121 108 -6 -106 125 -112 -10 -85 115 -50 -62 -4 120 -32 -23 -39 123 -1 -125 -42
right_child=1 4 7 6 8 16 11 10 9 40 13 12 15 21 17 43 20 18 30 -21 36 22 25 87 39 28 -28 -29 29 83 32 47 34 63 45 -37 37 41 70 57 48 53 -44 50 -46 -47 -48 -49 114 -51 81 -53 -54 55 59 71 -58 67 -60 60 116 -63 -64 64 -66 -67 -68 68 90 -71 -72 73 -74 75 -76 76 77 -79 79 -81 -82 100 -84 86 85 -87 -88 -89 -90 -91 91 95 94 -95 -96 97 -98 -99 -100 -101 -102 -103 103 -105 109 -107 -108 -109 -110 -111 111 -113 -114 -115 -116 -117 -118 -119 -120 -121 -122 -123 -124 124 -126 -127
leaf_value=0.58097114833818819 -1.2421657371815127 -1.0753176046230268 9.8172720684795038 -1.324218010465982 1.6098259140574862 -1.2777868636904517 2.5820748505799593 2.3509273191181532 2.0784153225072846 2.6001958364382283 -1.1751833856754079 2.0406374398031315 -1.0773126364658965 1.4210313738304539 -1.1043682400482984 0.65753809393006613 0.44424482843256463 1.0236709996674445 -0.88858444193200214 -0.40239012593922646 -1.0403750442547914 3.4088028137917514 -0.36534345063165075 1.6748496250750666 0.65171948890639342 -0.99917334000060165 2.6531409534515107 0.31026147339811155 0.39867677840869536 1.9625685982608081 -0.61375875626179699 -0.36612662935399998 6.5587989130240558 -1.0697771948672012 0.80530058859720044 0.44189671770557415 0.5972819932630028 3.1905991177837341 -1.135051837509568 -0.57525874841879665 3.4490488716554886 0.84409228070051623 -1.003181097032191 2.6558665601662987 -0.96579216764632592 -0.56990488353191848 -0.67313811189475081 0.26228266513498166 3.5756098296093208 -0.91610498465332402 -1.0735305134733775 -0.89052024912481276 -1.5102734118516481 -1.1627306461108131 -0.77266226383900261 -0.7474228352866148 -1.0491475754912263 2.7440948352823442 1.7931271923677412 2.4470591019006589 0.12632615712016609 -0.13152508691769277 -1.2723479869091829 -0.73479449750253689 -0.022210097060565849 -0.47836242775416182 4.9459697689202633 0.16355453882533411 -0.6525114659346849 -0.94061662500601573 -0.29883858332336816 -0.094250899866014343 -0.84884921064503294 1.0279845283214111 -0.82426746805078022 -0.76061081880842363 1.1739606421184641 -0.21760170894189007 -1.0012146994524718 -0.13711384849862615 -0.085313284503573325 -1.1527911061110523 -0.031832739843750978 0.6670873152078548 1.7597007537101168 -0.40551551970247196 0.20398027753803502 -0.44643230945119816 -1.535805299895058 3.2599139945431861 -0.342295522936788 -1.3621480613825891 2.4468390499056181 5.4484773236447488 -0.18226485437027051 0.77963072805529821 0.31017876703197983 8.7524884397654841 0.6900647602115878 -0.25522372937478166 0.23888290405403662 -0.064447659104575741 0.070758903349987065 -0.82988742277327376 0.0022149454484777509 0.41458018259230461 -0.51143792014567457 5.4333136783024578 5.6639028463240821 2.4627453432668625 2.8664999062874514 -1.8712734654669643 -0.92662812793331339 -0.92015952462988704 0.7294443446202149 1.7513249699161921 -1.0683459003231188 1.5054312246522681 2.1254983302924306 -1.0646171075915123 9.0938121376130105 0.40890546956405527 0.13077953077617241 1.2131156392925191 13.131187631070148 0.66797352726292858
leaf_weight=688 1882 1258 132 1812 503 1893 2382 1457 258 1794 1637 2118 2388 426 2723 1668 1775 1599 3062 2424 1978 376 926 1986 480 2680 1630 749 446 2382 2182 7606 178 2956 1754 685 2729 122 1711 971 340 226 7534 214 5089 3100 1080 8650 472 2792 2439 3748 2430 2311 480 1520 4451 248 1282 241 647 574 1762 3401 8282 7146 135 2572 3296 5411 9166 3954 9787 1056 5493 1187 419 851 3397 4866 3711 1202 4577 676 1321 2086 9626 1007 1448 639 315 2457 668 691 2978 2441 1764 109 1817 5237 31534 4536 1590 8254 610 3577 1649 388 416 310 108 496 2480 2662 12527 1790 897 1504 673 3895 145 276 1476 131 156 2744
leaf_count=688 1882 1258 132 1812 503 1893 2382 1457 258 1794 1637 2118 2388 426 2723 1668 1775 1599 3062 2424 1978 376 926 1986 480 2680 1630 749 446 2382 2182 7606 178 2956 1754 685 2729 122 1711 971 340 226 7534 214 5089 3100 1080 8650 472 2792 2439 3748 2430 2311 480 1520 4451 248 1282 241 647 574 1762 3401 8282 7146 135 2572 3296 5411 9166 3954 9787 1056 5493 1187 419 851 3397 4866 3711 1202 4577 676 1321 2086 9626 1007 1448 639 315 2457 668 691 2978 2441 1764 109 1817 5237 31534 4536 1590 8254 610 3577 1649 388 416 310 108 496 2480 2662 12527 1790 897 1504 673 3895 145 276 1476 131 156 2744
internal_value=-0.000779539 -0.000334525 -0.000549229 -0.000937522 0.00114202 -0.00190471 -0.000277322 0.000114318 0.00141493 0.00106892 1.3595e-07 -0.000131656 -0.00029283 -0.000107581 -0.00160904 -0.000446828 -0.00202411 -0.00147745 -0.00132391 0.00130672 -0.00193614 3.61059e-06 0.000738275 0.00403383 -0.000561168 0.000203528 0.00360093 0.00573088 -0.000170119 0.000224135 -0.00152018 -0.000578438 -0.00204477 -0.0024808 -0.000260411 0.00534937 -0.00202109 -0.00193537 -0.000599297 -0.000297502 0.00151996 -0.00219869 -0.00370243 -0.000288459 -0.0020201 -0.00108345 0.000970462 3.93435e-05 0.00121293 -0.000338985 -4.55888e-05 -0.00232125 -0.00389393 -0.00195565 -0.0028265 -0.00156506 -0.00479411 -8.14083e-05 0.00277066 -0.00215159 0.000304729 0.00520833 -0.00356128 -0.00191558 -0.00107158 -0.00288964 0.013057 -0.000284512 -0.000554226 -0.00185538 -0.00132911 -0.00138916 -0.00230242 -0.000919754 -0.00202707 -0.000270206 0.001854 0.00417405 -0.000775137 -0.00165962 0.000759889 0.00015847 -0.0012468 0.000600648 0.00200207 0.000447759 -2.62086e-05 0.00205461 -0.0034874 0.00816479 -3.30586e-05 0.000353927 0.00195185 0.00722441 0.000475928 -0.000264826 -0.00182227 0.00058099 -5.07941e-05 0.000406353 0.000423258 -0.00105776 -0.00269833 -0.0031297 0.000354608 0.00168188 -0.000422948 0.00852695 0.0064309 0.00301075 0.00135749 -0.00304636 -0.00272198 -0.00193549 0.00189269 0.00417253 -0.00272845 0.00512758 0.00893687 -0.00449647 0.0128407 0.00495098 0.00239333 0.00522842 0.0116028 0.00222438
internal_weight=320049 229342 200227 126312 29115 90707 63707 73915 27857 25801 72279 61895 59513 70822 62605 57395 88256 60723 58000 4023 86363 69185 30070 4187 39115 25883 2556 2056 23327 20647 53977 19318 34659 27862 6797 863 84588 82610 13606 36259 23063 69004 9581 55007 6757 5934 2834 16256 21269 6480 48250 3962 2856 59423 18415 41008 4677 34017 2253 13738 2494 950 2242 21785 11683 10102 376 31764 27939 7983 10877 38697 13124 25573 9447 16126 3096 1909 13030 8263 4767 44288 7016 18753 5789 3407 12964 2993 1894 1058 19956 16660 4652 1006 3646 12008 4221 7787 3337 7678 37272 5738 11244 9844 1400 3825 2047 1307 919 920 3688 604 2738 3338 14789 2262 1544 1636 1194 6077 521 398 2451 975 287 3084
internal_count=320049 229342 200227 126312 29115 90707 63707 73915 27857 25801 72279 61895 59513 70822 62605 57395 88256 60723 58000 4023 86363 69185 30070 4187 39115 25883 2556 2056 23327 20647 53977 19318 34659 27862 6797 863 84588 82610 13606 36259 23063 69004 9581 55007 6757 5934 2834 16256 21269 6480 48250 3962 2856 59423 18415 41008 4677 34017 2253 13738 2494 950 2242 21785 11683 10102 376 31764 27939 7983 10877 38697 13124 25573 9447 16126 3096 1909 13030 8263 4767 44288 7016 18753 5789 3407 12964 2993 1894 1058 19956 16660 4652 1006 3646 12008 4221 7787 3337 7678 37272 5738 11244 9844 1400 3825 2047 1307 919 920 3688 604 2738 3338 14789 2262 1544 1636 1194 6077 521 398 2451 975 287 3084
cat_boundaries=0 1 12 23 34 45 56 68 80 91 103 115 126 138 149 160 172 182 193 204 215 226 236 247 258 269 281 292 303 314 325 337 348 360 371 382 394 405 416 428 439 450 460 471 482 494 506 517 528 540 549 560 571 581 591 602 613 624 636 648 658 669 680 691 702 713 724 735 746 758 769 779 791 802 813 824 825 836 847 858 868 879 890 901 911 922 933 944 956 967 978 989 999 1009 1010 1020 1021 1030 1040 1051 1062 1073 1082 1092 1103 1113 1124
cat_threshold=14498 524288 69208068 4198915 0 268443648 4096 2416050176 131080 69206017 135172 2151680320 67108864 137535554 1064960 2306 536879112 131072 4460544 268443648 67109378 335548416 150994944 134283296 2181038128 4259840 1048577 1073906344 4096 131088 2 624951328 2097156 8454145 269025280 1140850944 8921088 536871296 8448 1074811136 2315265024 268435456 276824064 4096 74752 8388736 41943042 8651008 134480128 2214594592 4194368 263168 5242882 1073742848 170131490 8388608 2147631108 33554434 134218753 2097153 536870912 33621184 16 163840 3149825 1107559556 4096 8 167776640 168296448 2 16777473 2147483808 16384 2147491844 544 37814274 2416443392 134221824 16 2282426625 1073741824 4 25296896 1342309376 69632 1073741952 139520 2147486720 4133 512 20480 1073741952 8388640 2415920384 2306 1375740040 1208221728 16786472 33554432 4194304 4096 16 526338 18 2621440 2148319234 167903552 1074798592 268435488 200 0 8320 8519680 64 134285344 201328816 512 9470976 1073745952 12544 67117064 768 1 131072 2415985152 301989952 2181046354 1056768 134220800 32768 1346371840 8388864 528416 33 130 2048 64 2181562688 2147483920 32832 1073758208 1048576 4224 1073750304 88 8388736 33562624 70752 2097152 69208096 524290 2149580802 40960 33554432 2214724352 285213184 297796608 536870912 272629760 100794368 33555200 293601280 536887552 1049600 8404992 1107296272 0 68485120 8290 16908288 2 92276736 0 268468224 1835140 1073743904 1083180064 42991632 9439234 134217744 1310976 594050 5243392 81920 1081344 1184000 4096 48 256 3145890 525448 1180672 285229121 1028 1 136445960 536879616 32768 209716032 131076 10485760 37749320 2147483648 8388608 4096 289 33554432 67110912 134218752 9437184 2172686336 136 1049088 68 2215641152 1048576 32833 136314880 536875520 4489472 201457664 294916 28311552 6291456 2147484160 147456 33556480 2 2359296 1048580 4292648 655360 164170 218103808 539099208 8388608 8392704 262560 0 0 66656 1572864 5246977 1041 1610612992 4 1179648 4096 150994944 8 67108864 32 1048640 8388609 17 1310976 1 2097152 8388608 127232 545262592 0 545259712 1078067216 2164262144 1073741984 2050 285212676 67113216 136318976 16809984 49152 1140852736 128 4194464 17564164 2101248 3584 285343744 8 805322753 10489856 134746368 134219776 8192 570425352 1048640 2156134401 1086324736 1311744 4195392 8404992 2 33 570951808 32 4210952 5242880 2153381889 130 136256 16777221 16388 41943040 16777504 34605056 4 1073807456 34603032 528384 203423760 514 2156396864 16384 4096 32 136 0 536870912 524288 1048576 8 1049098 8388864 16777536 201850912 2621441 8404994 2717908992 8256 1145044992 16818184 33554432 33554432 150995456 16 1048577 1082130464 25174018 1048576 2464 16392 8388752 13632256 536870912 398 1048576 2113540 1115684864 17039394 2099464 67108996 536903688 1572992 9961472 1 538968066 0 8 67125250 34603040 32769 1075838976 8390688 33628160 131072 264216 16842880 1107435520 133184 19398912 2218786816 270336 17041664 67117056 4194592 2420639616 8 0 4104 8388672 69222400 1107296256 4194592 2361344 276832296 135283840 268435460 0 1024 1078067216 4718848 8 0 3076 4456576 10616960 1140883456 0 35160128 524288 4199424 0 4 16793600 10487812 2097280 0 32 295040 306446352 17858690 138416128 539099136 16908321 51380224 20972548 150995201 262148 536875008 131072 2152202752 1085440 136318976 520 4195328 8 0 16777216 262304 33554432 268435456 134218752 8388608 17825794 2101264 1610615048 8912900 268435460 16778240 134221825 33556480 268435456 134217728 9437376 4329472 17 393216 524289 269484032 4198912 150999040 264 335544576 134217760 532544 8659976 134221872 135528962 0 1024 402661504 2147485828 5124 168002816 1073741840 257 4136 1075314816 1025 8388608 10523648 285216768 131076 2048 537001984 101711936 2151680514 48 538051072 589825 16777540 5244932 17408 2176 2685415424 32768 13108224 559168 69632 66 131072 8 0 0 34 0 0 134348808 524288 0 0 256 256 16 131072 0 20971520 131072 268439552 134217736 1048576 1 0 512 64 2052 5120 4456961 545783944 3221226496 0 2147483652 2147876870 2097177 134479872 524293 268451842 67110912 0 11010048 8523776 5243136 201457664 0 1111490592 543162384 268567040 72 0 2048 0 524288 0 0 9043968 4194816 134217728 138412032 136318978 4096 821252 3288334336 128 71303696 524288 4098 2100226 2432696321 0 16778240 268435840 33685512 4 134414344 1048832 4194304 1073742848 1207959872 524289 276824064 71303172 402653312 33554432 0 138412128 101318720 16779265 32 2097728 0 16778240 419430528 0 67108864 32 0 8388609 1 256 270532608 4128 0 537001992 2052 131200 34078720 1024 0 262400 257 67108864 16778496 272633985 131212 1409288192 671122432 524416 1048578 10 262408 5 8388608 1073742854 8192 786440 0 1245184 2151677952 131086 134218784 1747454216 8912897 3145728 16777216 262176 2181300224 268435456 1024 525184 5769218 18879618 1744832512 256 8 536952832 1073774592 8448 9437312 1073744896 8586240 5440 2148007936 67112960 536875520 16842816 8 11534336 29360132 4194434 2182217728 268439552 12584000 8388864 2147487744 1032 939524160 10485760 16777216 159715328 536870916 8192 8 33554576 9441281 1073742848 1174536448 524288 0 2097168 8388736 4 2048 1280 2181038592 2147488288 8388608 134222336 2415919168 269484036 133120 266240 1073872896 67143680 1610809344 2281702656 270008320 24 66 268439621 16781312 50335744 4352 570425476 0 536871008 1048576 16779270 2162688 576 2155872512 19005440 33555460 32 33554432 1140850688 671155264 1048576 2164787200 134287361 262720 2155872261 8519680 8392836 16777216 136 4 4194336 8388736 12713985 671088641 134228736 8388608 8519680 8392720 0 33554440 4 40 131712 267265 209719297 3148288 8388608 8388612 20971520 402915457 131072 2415919104 32 524800 1 1048584 1073872896 524288 8519680 295698448 142606336 256 1074266112 4194568 135168 265217 67112960 538186240 2147483648 64 0 20971520 262528 131072 2415919108 32 512 1 17826816 1207959552 4718848 0 0 268439553 8 268435460 0 33554432 266243 16778240 134348800 128 17825792 4098 36192642 536875008 167772168 524800 2151677961 1107296256 768 4261120 16 276824064 8388608 150995073 33554432 0 132096 1048576 1 1025 1611661312 524544 25165828 4227076 268435457 34734092 536875008 134217728 1048848 2147489792 1074791560 0 8388609 1048576 1140850688 12845056 0 0 69672 33554432 8423427 134217737 1614152960 589888 1079 67108864 1157632000 29622400 4 335546368 4104 0 4098 4105 2490368 65537 1048576 0 423624832 131080 268435456 40 0 2051 2097169 256 256 0 16781312 20971520 0 268435456 66560 1048576 2049 0 0 257 0 1024 134217856 0 0 0 8912896 2155872256 0 256 2097156 133152 25186304 536870916 8196 40 37748752 22021120 1152 1107298306 268435456 16777216 0 256 0 4 40 1048576 1 3145744 512 8388608 8388608 8393728 134479904 0 0 134217728 0 2048 24 0 524292 131072 4 32 2048 67108864 134217728 1049088 0 134217744 131072 16777220 0 268435712 8388610 536870916 536903720 1048576 1212481 1211105281 1049088 8388608 8519680 5124 268697760 2048 268435456 671088704 9961472 8521729 134217744 393216 260 276824064 69211136 0 2048 268435456 33554624 1572992 0 56 134218048 524548 128 18907136 266242 159383554 268435456 537002048 67108928 768 10485761 939525632 4195844 64 9437184 0 0 8 0 0 0 0 9437192 1212153920 8392704 4 8388608 0 1107820544 0 0 41943424 4194320 1073745936 269484096 5 272646146 4194304 2097440 2147745792 33554432 256 201327104 560128 2147553280 541067264 2416050176 131072 16779264 288 33554432 67108868 32 1572928 524288 1208026112 1048576 8519680 0 262144 8 4096 0 0 2147483648 0 536871232 9 8388608 0 256 134217728 2147483680 4194304 0 1048576 1073742848 134479904 6281 0 32768 268435456 4 0 536870912 0 2048 16 0 4096 0 1179648 0 0 0 262144 32 1073741824 0 16777216 4194304 0 0 536879104 512 4194305 0 134217728 260 1048576 134220804 8388610 0 268435460 131080 0 524288 1073741840 134217728 4721924 4 0 0 131072 0 536870944 64 524288 1048576 64 524288 1048576 0 268435584 33685504 0 4325408 8388928 0 16 0 1024 0 33685512 0 0 0 0 0 1048576 0 20971524 262144 393220 67110916 197664 0 557058 1026 1073742080 261 32 0 268435488 131080 268435456 142737408 1048576 8394753 1040 1310720 0 2098176 0 0 2048 0 0 0 0 1049088 65536
is_linear=0
shrinkage=0.1


Tree=20
num_leaves=127
num_cat=103
split_feature=20 8 8 2 2 1 1 2 8 2 6 1 6 2 2 1 1 1 1 2 2 1 20 1 2 2 2 2 2 2 1 1 1 1 1 1 2 4 1 1 2 2 1 2 2 6 8 2 2 1 1 1 1 1 1 1 1 1 1 2 1 2 5 1 2 1 2 1 1 2 2 6 1 2 1 2 2 2 1 0 1 2 2 1 2 2 1 2 1 6 8 1 2 1 8 2 2 2 1 1 0 1 2 2 2 1 1 2 21 2 15 1 2 1 2 11 2 8 21 21 8 11 2 1 2 0
split_gain=15.0281 4.82212 7.7719 8.74393 7.90105 6.99266 6.58375 7.97143 6.35044 9.3142 8.80807 13.95 8.41271 8.12915 7.55145 5.46469 5.36515 5.04882 4.75658 4.71787 4.4959 4.20991 4.18812 4.29522 4.14802 4.10578 3.85362 3.79778 3.78065 3.75099 3.62383 3.56553 3.48043 3.46703 3.42752 3.39689 3.33305 2.95707 3.37213 3.24662 2.95499 2.94675 2.79485 3.68805 3.05244 2.77887 4.15315 5.14476 4.29715 3.61825 3.53869 3.41709 3.18791 2.77845 2.74387 2.71958 2.71812 2.65341 2.62932 2.61985 2.60786 2.60633 2.59042 3.34832 2.81451 2.65814 2.93707 2.56152 2.46105 2.35015 2.27924 2.27518 2.22765 2.40283 2.18949 2.1782 2.12693 2.1222 2.0868 2.07984 2.07356 2.05329 2.04605 2.02793 1.91848 1.91432 2.01192 1.88383 1.97221 1.86969 3.26533 1.84214 1.76115 1.74545 1.73496 2.10112 1.73333 1.69524 2.53776 1.71684 1.69204 2.12255 2.06969 2.02773 1.81091 3.29206 1.93565 2.02069 1.68177 2.2822 1.84531 2.58184 2.12976 2.31582 2.09046 2.52868 1.67617 1.67344 1.73327 1.6627 1.64922 1.64704 1.63722 1.62823 1.6196 1.61321
threshold=0.20050740242004397 17.500000000000004 29.500000000000004 0 1 2 3 4 3.5000000000000004 5 5.5000000000000009 6 1.5000000000000002 7 8 9 10 11 12 13 14 15 0.13001377880573275 16 17 18 19 20 21 22 23 24 25 26 27 28 29 12.500000000000002 30 31 32 33 34 35 36 3.5000000000000004 4.5000000000000009 37 38 39 40 41 42 43 44 45 46 47 48 49 50 51 450.50000000000006 52 53 54 55 56 57 58 59 3.5000000000000004 60 61 62 63 64 65 66 67 68 69 70 71 72 73 74 75 76 4.5000000000000009 27.500000000000004 77 78 79 24.500000000000004 80 81 82 83 84 85 86 87 88 89 90 91 92 0.01352102914825082 93 2846.5000000000005 94 95 96 97 6.5460557937622079 98 4.5000000000000009 0.016404142603278164 0.015729879960417751 27.500000000000004 6.1820201873779306 99 100 101 102
decision_type=2 2 2 9 9 9 9 9 2 9 2 9 2 9 9 9 9 9 9 9 9 9 2 9 9 9 9 9 9 9 9 9 9 9 9 9 9 2 9 9 9 9 9 9 9 2 2 9 9 9 9 9 9 9 9 9 9 9 9 9 9 9 2 9 9 9 9 9 9 9 9 2 9 9 9 9 9 9 9 9 9 9 9 9 9 9 9 9 9 2 2 9 9 9 2 9 9 9 9 9 9 9 9 9 9 9 9 9 2 9 2 9 9 9 9 2 9 2 2 2 2 2 9 9 9 9
left_child=22 8 4 5 -3 125 92 16 9 58 12 36 13 15 68 -11 89 25 96 21 -20 -14 23 -1 35 57 -24 -22 74 -25 -21 -28 -15 76 -30 -19 -12 38 -33 -39 60 91 43 -42 -44 46 47 -36 52 -49 -47 82 -48 -32 -43 -26 81 -9 -2 -7 -41 -55 63 -52 67 66 -66 -64 -13 -35 -45 122 75 -74 -29 -56 -5 -58 -46 121 -53 -31 -50 -18 -82 -16 -87 -67 -89 90 -8 -40 -6 -71 95 -37 -10 99 -99 -63 101 102 -75 -103 105 -102 -106 -108 109 -90 112 114 113 -110 -112 -116 -57 118 -62 -91 -27 -17 -59 -86 -113 -4
right_child=1 2 3 33 6 59 7 17 18 10 11 14 19 32 85 79 83 24 20 30 27 -23 26 29 55 120 31 28 34 56 53 37 -34 69 45 94 -38 39 41 40 42 54 44 70 78 50 48 49 51 -51 62 80 -54 61 72 116 77 71 -60 -61 117 97 64 -65 65 87 -68 -69 -70 93 -72 -73 73 100 -76 -77 -78 -79 -80 -81 84 -83 -84 -85 123 86 -88 88 108 119 -92 -93 -94 -95 -96 -97 -98 98 -100 -101 104 103 -104 -105 106 -107 107 -109 110 -111 111 124 -114 -115 115 -117 -118 -119 -120 -121 -122 -123 -124 -125 -126 -127
leaf_value=-1.0525499675902716 0.59890085226023115 -1.1419499342131334 3.8001530679671056 1.366153426783407 0.099778023615782765 -0.59539447548357771 2.4473401588899604 2.2686472183438378 0.20523385618777656 0.026286350702207098 4.0454024111594622 0.47305176909917795 -0.95392335650428783 1.9191023555471647 -0.90064566071054863 6.7452680410999282 -0.42520597808536542 -0.62302073245156975 1.2322618497253446 0.98477355476215078 -1.3845272010047687 1.3288060858724602 -1.1509700008471977 -1.0921411879274729 -1.058603900319748 0.41728237661404299 -1.1679018432093196 0.38549531379925228 -1.5039650099208168 -0.97521333810556143 -1.4780460856590301 -1.0515774609571997 -0.67465405407935886 -1.5712543452151881 -0.629650359052076 2.6638997877552537 2.2552723783029394 -1.0491260539427152 -0.39365908616245887 2.2335925601000359 0.61874861664533043 0.63562846390825989 -0.78185068190536089 -1.485310454592019 1.502554600152463 -1.0317141714879137 1.858616793045847 8.8437816193400334 1.4108264880966725 3.3951218295076253 1.6630984294284863 -1.3622801114179504 -0.1583744626705374 -1.7364287103953431 1.3367248962796934 -0.63738796053350522 0.030524434706500115 6.0085514084676204 4.1035631900658487 2.5719697841303453 4.0639981837344479 -0.57248092673068163 2.2830520378368306 -0.83879449983473442 3.4690097592610218 -0.61126117787460998 0.081390079988874556 0.012858637271229142 3.4714906881059395 -1.556128797919019 -0.63751626534817807 6.5192769057644515 0.53971372829041731 -0.13354926073338996 -0.83915050459030116 -0.74956222432671327 -0.56934842275151254 -0.75151082063689412 -0.07510855129928927 3.7854306368642598 -1.2196807331941326 0.64198898533714943 -0.45718044385801193 2.7852956530735784 -0.89610322510304519 1.0175072911265863 -0.48517554434009569 -0.43950301196742592 0.21027005411108265 7.6203919045862438 7.1828959901722556 -1.0426758816689035 -1.5181161897295474 -0.38387708761601413 3.9439007957970702 -0.00026005671417541064 2.8983484234919508 -0.97529939407021315 -0.061396066895613402 -1.8410529814887568 -0.54120584885992051 -0.67922992482021893 -0.91556531180741296 -0.005784271804496764 -0.64176300083294813 1.1092502069986419 0.19890062498397665 -0.72186869104018814 -1.1169433323539841 -0.72094623697597193 0.29853823898506354 2.2085896974115045 0.8648805019941076 0.56373469379608987 4.0536847875229158 6.7808245510754546 0.70254779500782161 -0.52677280296322992 -0.19877957884547126 4.244749535731148 2.4377960292350007 1.149467869962572 0.62420814345264253 -0.30366632185183268 -0.34860840928363923 6.496577805873935
leaf_weight=3236 871 1864 252 765 464 1124 796 1172 1265 807 1373 909 1427 835 1558 647 576 1029 1525 808 1864 2505 1918 2190 1440 2817 2710 1158 1622 1082 1516 2978 2488 3098 591 810 1061 2352 1626 1236 2307 1632 3215 981 1291 2865 1716 119 1784 664 599 2948 2972 876 407 2270 2942 100 1829 530 463 2153 2633 3032 1025 4484 1552 2294 1469 893 9750 541 1616 1872 9754 7765 1088 12014 38552 894 7239 2416 1657 2242 5540 1856 2646 7865 3924 319 199 2055 927 3424 972 948 1118 3323 6984 2223 1909 3438 4371 6410 5062 2272 5290 1859 2714 3410 341 889 5496 3378 533 101 3821 1880 325 555 627 191 287 9136 1031 336
leaf_count=3236 871 1864 252 765 464 1124 796 1172 1265 807 1373 909 1427 835 1558 647 576 1029 1525 808 1864 2505 1918 2190 1440 2817 2710 1158 1622 1082 1516 2978 2488 3098 591 810 1061 2352 1626 1236 2307 1632 3215 981 1291 2865 1716 119 1784 664 599 2948 2972 876 407 2270 2942 100 1829 530 463 2153 2633 3032 1025 4484 1552 2294 1469 893 9750 541 1616 1872 9754 7765 1088 12014 38552 894 7239 2416 1657 2242 5540 1856 2646 7865 3924 319 199 2055 927 3424 972 948 1118 3323 6984 2223 1909 3438 4371 6410 5062 2272 5290 1859 2714 3410 341 889 5496 3378 533 101 3821 1880 325 555 627 191 287 9136 1031 336
internal_value=-0.0007866 -0.000176206 0.000852668 -0.00129453 0.00185018 0.0042984 0.0023593 0.00279086 -0.000438959 0.000606315 0.000207731 0.00261957 -0.000739606 0.00262368 0.000688918 0.00686936 0.00643602 0.00177274 -0.000866541 -0.00164337 -0.000973445 0.00149163 -0.00155648 -0.00276382 0.00055752 0.00424199 -0.00131119 -0.00105839 -0.000970384 -0.00222911 -0.0023322 -0.00123701 -0.000639066 -0.00264928 -0.000743075 0.00326612 0.00927168 -0.00115069 -0.00171908 -0.000689956 -0.000546578 -0.00151364 -0.000731831 -0.0020141 -0.000343181 -0.000653246 -0.00134028 0.00404658 -0.00156462 0.00929382 -0.000163188 -0.00202868 0.00123882 -0.00264267 -0.00128504 -0.000796979 -0.00176235 0.00772512 0.00627306 0.000937498 0.00211037 -0.00224099 5.27442e-05 -0.00250895 0.000275976 -2.53064e-05 0.00306532 0.00251772 0.00545226 -0.00361616 -0.00279397 0.0117484 -0.0014406 -0.00108447 -0.00272112 -0.00292349 0.00121846 -0.00234933 -0.000103633 0.0100344 -0.00243759 0.000746862 0.000924367 0.00364922 -0.00210034 -0.00118616 -0.000137414 -0.000259249 2.96352e-05 0.0105961 0.00768844 -0.00422921 -0.0042898 -0.00209614 0.00510949 0.00325369 0.00353949 -0.00192133 -0.00121838 -0.00357045 -0.00127197 -0.0020005 -0.00344315 -0.00108339 -0.000556032 0.00123837 -0.00117094 -0.000110353 0.000519079 -0.000714483 0.0011441 0.00340242 0.000579908 -0.000707967 0.00756345 0.0109627 0.000129485 0.000343538 0.0042132 0.0140275 0.00210191 0.0137028 0.00602067 -0.00144083 0.00124352 0.0135786
internal_weight=319795 178373 36286 11510 24776 2242 22912 21521 142087 41249 38549 10872 27677 5862 8438 2539 4687 16834 100838 21815 98455 3932 141422 23880 11290 5544 117542 96930 95066 20644 17883 115624 3323 9268 84154 3759 2434 112914 50562 62352 60000 47584 56096 13038 43058 82532 34366 1374 32992 783 48166 28304 4688 17075 43903 7531 18454 2100 2700 1654 3904 15559 45301 3631 41670 36743 2577 4927 2378 7415 10731 928 42271 34099 10912 8172 1853 14956 39843 1732 24863 3498 3441 2818 21915 6060 4502 34166 29682 1869 995 3681 1391 4317 2730 1758 2383 14683 10307 4376 32483 16091 6243 9848 16392 4181 12211 7149 21817 7334 14483 2895 11588 6092 975 634 6091 2668 788 874 3444 838 387 14676 1920 588
internal_count=319795 178373 36286 11510 24776 2242 22912 21521 142087 41249 38549 10872 27677 5862 8438 2539 4687 16834 100838 21815 98455 3932 141422 23880 11290 5544 117542 96930 95066 20644 17883 115624 3323 9268 84154 3759 2434 112914 50562 62352 60000 47584 56096 13038 43058 82532 34366 1374 32992 783 48166 28304 4688 17075 43903 7531 18454 2100 2700 1654 3904 15559 45301 3631 41670 36743 2577 4927 2378 7415 10731 928 42271 34099 10912 8172 1853 14956 39843 1732 24863 3498 3441 2818 21915 6060 4502 34166 29682 1869 995 3681 1391 4317 2730 1758 2383 14683 10307 4376 32483 16091 6243 9848 16392 4181 12211 7149 21817 7334 14483 2895 11588 6092 975 634 6091 2668 788 874 3444 838 387 14676 1920 588
cat_boundaries=0 11 23 33 44 55 67 78 89 100 111 122 133 145 156 168 179 190 200 210 222 233 244 256 267 279 290 302 313 324 335 346 358 369 380 391 401 413 424 435 445 456 467 478 489 501 512 522 532 543 554 563 574 584 596 607 618 629 640 651 663 674 685 696 706 717 728 739 740 752 763 774 785 796 808 818 829 840 851 861 872 882 893 905 916 927 928 939 949 961 973 984 995 1006 1017 1028 1039 1050 1061 1073 1080 1091 1102 1103
cat_threshold=2097152 33556480 2 2852128772 67109120 4194368 656192 9207808 8388616 2626562 1280 268435456 1082130464 1 2147483778 0 64 4194448 525728 1052704 36832258 285279744 16 3145728 16777216 138412064 33685512 2048 541065248 64 2147483649 0 536870976 134217732 136314912 0 2156922880 8192 34623488 131216 8192 69206048 1192064 16843265 68681728 100663554 268435458 2490369 2148532224 264 67108864 25176064 20971522 200 12714048 34078720 0 10555392 1048588 2684358656 0 9248 4202884 34603008 1050624 16848896 16 361250820 1024 32 2181169164 805314564 131072 1049088 2147485696 1073741824 5640 2416443393 4 8392704 272630049 2097152 4 536937512 42467520 2173175809 16 537133376 1 268451840 8389632 32768 2315649280 2048 1610744896 1048576 8390657 2 536872000 268436481 8388608 1024 21233824 33685504 268435456 536871936 8388608 1182208 1073742857 135528960 524548 1572864 4194310 402657314 134348800 0 134217992 9437696 2173704704 17 2098688 4718592 277889024 100663296 407175168 2097282 335544320 4194336 35127808 296961 16777216 1075838976 324 136380417 3221356800 0 1636302848 2147619072 9437376 263168 8 65536 572522496 65536 80 131200 2101248 262178 705560576 10240 134219136 787072 131072 8389632 33563008 268435520 33554433 1275068434 8192 1066370 1048578 1310848 1476407552 144 33554432 2151677952 134217728 16 0 1024 272891904 35651592 268437504 197664 9961600 2147489793 1033 1745092674 524352 2147483648 76551312 262145 1646264320 100663296 16384 1074929664 2147876868 536870912 2097218 135232 0 134217732 147062784 571998208 10240 33751072 2148794880 1081856 134217865 1074532864 8519680 16777216 150999168 33556484 335544320 4390944 41943296 1183747 1075840000 266240 2298480960 512 2686976 2150122497 2147487744 0 0 8208 33816704 2097204 150994944 18 67109186 256 557060 8388608 1107329152 33591360 71435280 1060 67108866 268959748 1179648 0 2080 4128 33816576 536875776 1073750304 8388736 131144 1048577 169869506 8454400 16777216 302514192 19136640 536887428 1107296352 1212170504 64 2165309440 69632 64 0 8 2148007936 138414080 2 2148548994 536877060 8448 1168 512 1048577 10248 2147614720 2284322818 2214723856 2097216 0 0 4489216 71304736 268436560 2147483680 570433568 0 64 268435456 4198400 4456705 33554432 268435456 134348832 524288 1 2097296 1074791176 268435456 278921216 2052 384 33570816 268435456 1208025088 33555008 397312 134217728 1573568 12582912 8 37783682 167772192 2097728 17408 1115685920 1073741824 33562656 8224 2 2147492864 134350848 524288 2048 4128 168296712 0 536936456 64 2148012034 1052688 64 13108224 8388608 0 406847904 33685504 0 671224872 1048640 8392705 17 536871168 256 67108864 128 768 2147533952 1048740 1073808512 16 8712 2130050 2147485712 21037120 268435456 8256 8388608 545783811 2155884736 8512 436207872 17039616 25165824 524288 268567040 8 135174 135200 64 671088640 101843200 1107329280 1073742864 0 74452994 1048576 197632 131072 52428816 4128 128 139680 42240 134218784 2151711748 0 3072 2147549953 5 0 268456097 136315008 335544320 134217728 132 2153254913 66561 1075839104 9437249 8470528 5244928 285221154 8421376 10372 64 75497476 169984 16777224 4195586 2113696 1050880 8195 33554688 536879236 1048640 109052416 285212682 0 104857600 0 32 268435456 5120 423624960 131080 67108864 131080 1048640 1 24 768 524288 16859136 6295552 142688256 2148007936 0 8 33554464 2147787264 150995072 5160 16778752 1048576 4096 0 0 0 0 1048576 2048 0 1048576 67109120 71303172 8945664 2097158 1091584 0 273154176 20972672 18878465 546 285212672 2147483648 12582916 142647552 2097412 536879104 268469248 268435456 22578304 1082130432 1052712 16777216 294649856 8388608 289669120 34605056 603979776 671301632 524288 526336 1032 524416 268960064 81920 119537696 4096 536870912 269484032 64 768 1343496 16777344 35652224 289932293 268505089 1073741858 8413184 536871169 2147484672 16384 2147745920 256 0 273289221 131616 8 84541440 12588036 32 131076 536872960 8192 2147483904 16777984 8388739 524802 2420113408 1048576 0 2125856 264192 1610627072 1073807360 41943552 22023936 83952648 10240 9453568 0 268435456 128 0 4194304 1573376 2048 0 1073741824 8388608 16780288 150994944 33554432 67108864 671088648 0 4325376 24 2112 257 0 0 0 2181040128 67108864 4194304 524288 8421376 8 4096 1280 67108992 1024 406847488 131080 268435456 1048584 9437184 8388609 135266314 69271553 100696064 8192 130 1048576 1077997576 67239952 262144 18939906 4104 132097 8536064 0 266272 2147485696 0 5120 528 559104 8389648 1074270208 2283802752 2147483648 515 19007489 9252 268435456 1049088 16777984 2101248 536870912 2151682052 8 268959744 9437186 4096 135528449 0 33619968 3422683136 262976 1152 4849984 4203008 16777216 4096 16777216 0 335546368 536871936 64 8390657 152 512 268435456 9437184 16781312 16777633 131072 805306368 131080 2147483648 2155874304 1048 1311040 525825 2097152 4194304 155189249 0 0 671089672 8912960 524802 25 1611137024 320 9043968 25169920 407109633 393344 6148 536871936 1048576 4194304 1207959568 135397512 269025280 268435457 234881024 0 262148 8388608 86144 2148008000 268435456 1207960608 302516736 2148536320 8 33554500 0 4231169 3147776 1342183424 536870912 4 2152730625 138478600 960 2155872256 570425376 128 16384 1073742090 537920588 1073762304 2147487760 8 540016640 268435584 277873664 268435716 4197376 256 0 2048 1032 42467328 17041408 2097152 394240 1024 335544320 2052 257 0 67108864 81920 256 262400 134217736 2 9437184 25166848 285475072 8 268435456 536870912 8388608 4098 1025 1049344 524288 0 25171968 268480800 8912896 0 131200 33685760 12584448 9 132610 8912964 100729216 1210089474 65542 1310720 537919488 1074806784 2147614720 512 1073744002 4104 5120 12476 268959744 67108866 4130 1441793 128 4198432 2348941568 393216 1049760 0 4195137 8 8388608 2052 8388865 0 2415921152 536871936 33554432 8915456 1207959561 1074923008 268435777 1572864 16778240 285212672 8 0 671219712 0 8912896 16 1049088 524288 268451840 0 16777216 8 805306368 98304 33554432 8 8388736 536871176 2415919364 403177472 2147516416 268697857 16777217 2415928324 536887296 64 29888512 6295552 536871424 2148007937 17956864 153092096 33 2048 67117056 4194304 38273344 32768 134217888 134488328 2147483652 8 0 20975620 268697729 0 67110912 1744830464 192 528387 1176 538443776 17317892 7341060 10568704 524292 0 0 524288 40962 29361280 1073751552 268437568 9453568 2097168 278914 33554432 805306496 8200 592 0 210765840 1073741960 2155873536 269484032 4198400 4194336 131080 536870912 671092768 1572928 2165348354 1 1180480 524545 1048576 6144 16777344 33554432 268435456 671088672 8388608 4196352 0 1074003968 67239936 8388608 268697601 2359296 4 132096 0 2 3145856 671088650 2416444676 0 4 134217728 0 10240 196608 2147484160 32768 9 1073742336 335544320 16777216 268435584 131072 0 134217760 64 8390657 134217858 67108864 526336 2425372672 159383556 4194433 16640 4 196608 2147483904 2148009984 134217864 539231232 2151677952 8 75497476 1024 20971905 0 67108864 4210720 35127296 2147620864 1075840056 537002048 8454144 8388608 4096 23069089 131080 67108864 536870912 1048576 25300993 1075840016 671482880 320 15264 0 10523648 285212802 8912904 67109120 134225952 35258368 17596416 1 134218760 134217988 268435460 1184768 17072130 33554432 1342177280 4325448 33554624 17829888 1040 1778389056 9437184 7170 0 393220 268435456 196616 192 25694209 16777232 1744961538 0 8 9453568 1024 262144 395268 0 65576 1180160 17301506 67174408 1209139714 0 8 16384 28311552 262272 131072 32768 134348800 35258432 17303552 1149243409 1075052552 524288 9437184 171969536 286261280 655364 67108864 1048576 256 25296898 1091571729 1049600 268959748 524288 4194304 402653313 571473920 67108864 538050560 33554688 9439233 1207959569 262400 4194304 8454144 50335744 289407104 0 2214592512 671106056 33554496 4194304 134217752 393472 524289 4 16777216 268435457 131080 0 32 1048576 528385 8 0 68 814811136 41943040 268435584 2281701384 67110912 671089664 32 2160070656 134217752 135424 16778241 4 16783360 268435457 384 0 138461440 9437184 2148044801 8 264192 528453 276824064 16777216 16777472 8 268435456 0 0 8388608 134217736 1310720 524289 16908292 18875392 4224 134219776 67113216 138416128 33554496 4587520 2097152 2304 2147483909 8 0 16777216 128 33554432 0 32 8388608 17973252 16780288 128 33556480 67110912 134291456 1572864 2147484163 67108865 1208221760 2155873280 1179648 8388608 150995328 8 268435456 537003008 64 0 8 1048832 1 10380
is_linear=0
shrinkage=0.1


Tree=21
num_leaves=127
num_cat=90
split_feature=5 20 1 1 15 1 2 2 8 1 15 2 1 2 1 1 2 1 1 2 1 1 1 2 1 2 8 2 2 1 2 2 2 8 2 1 2 2 2 8 1 2 1 2 1 2 1 2 5 1 1 2 2 1 1 1 2 8 15 2 2 2 1 1 1 15 1 2 2 1 2 2 15 20 1 14 1 1 1 2 13 5 1 2 2 6 8 2 19 8 1 19 8 2 2 1 2 1 1 2 1 8 2 1 1 8 2 2 10 13 2 15 5 1 8 14 6 2 2 15 1 20 2 5 8 1
split_gain=11.8027 7.3028 5.41045 4.38536 3.77382 4.00267 4.17594 3.7408 3.72357 5.0916 4.95575 3.43024 3.42608 3.38077 3.44514 3.17408 3.5972 4.4521 3.75742 3.16535 3.16586 3.07932 3.03173 2.78692 2.73276 2.58163 2.4238 4.8268 3.60175 3.27931 3.5142 2.3669 2.27177 2.26524 2.1929 2.12905 2.10593 2.09376 2.07689 2.04699 3.44666 4.01358 3.36944 3.67616 2.72851 2.5744 2.3937 2.05903 1.97462 3.69004 3.30752 2.97002 2.42084 2.61379 2.16884 2.10217 2.07203 1.97325 2.41968 1.96018 1.92767 1.92175 1.92103 1.90057 1.81635 1.79948 1.96435 2.11678 1.78388 2.01957 1.76027 1.7145 1.70797 1.81557 1.68802 1.6814 1.6746 1.65825 1.64205 1.63876 1.5664 2.11741 1.54964 1.51923 1.484 1.48117 9.25671 3.73691 3.36291 2.9997 2.85084 1.83465 2.21664 1.81534 1.6378 1.85969 1.97021 1.78672 1.42252 1.40659 1.39914 1.46322 1.36351 1.356 1.35302 1.34529 1.33592 1.31278 1.3124 1.30341 1.61892 1.29547 1.29241 1.5501 1.84851 1.93158 1.54098 1.29092 1.27296 1.26664 1.85898 1.85635 1.62689 1.77528 1.25758 3.90775
threshold=535.50000000000011 0.26803991198539739 0 1 4011.0000000000005 2 3 4 2.5000000000000004 5 4107.5000000000009 6 7 8 9 10 11 12 13 14 15 16 17 18 19 20 17.500000000000004 21 22 23 24 25 26 29.500000000000004 27 28 29 30 31 11.500000000000002 32 33 34 35 36 37 38 39 405.50000000000006 40 41 42 43 44 45 46 47 29.500000000000004 2927.0000000000005 48 49 50 51 52 53 352.50000000000006 54 55 56 57 58 59 4096.0000000000009 0.19682542979717257 60 7.5000000000000009 61 62 63 64 25.500000000000004 920.50000000000011 65 66 67 6.5000000000000009 9.5000000000000018 68 0.01382176671177149 7.5000000000000009 69 0.028088877908885482 10.500000000000002 70 71 72 73 74 75 76 77 27.500000000000004 78 79 80 12.500000000000002 81 82 209.50000000000003 10.500000000000002 83 529.50000000000011 810.50000000000011 84 13.500000000000002 61.500000000000007 4.5000000000000009 85 86 3564.5000000000005 87 0.18212904781103137 88 990.50000000000011 3.5000000000000004 89
decision_type=2 2 9 9 2 9 9 9 2 9 2 9 9 9 9 9 9 9 9 9 9 9 9 9 9 9 2 9 9 9 9 9 9 2 9 9 9 9 9 2 9 9 9 9 9 9 9 9 2 9 9 9 9 9 9 9 9 2 2 9 9 9 9 9 9 2 9 9 9 9 9 9 2 2 9 2 9 9 9 9 2 2 9 9 9 2 2 9 2 2 9 2 2 9 9 9 9 9 9 9 9 2 9 9 9 2 9 9 2 2 9 2 2 9 2 2 2 9 9 2 9 2 9 2 2 9
left_child=2 4 -1 106 12 -6 -7 82 9 34 72 104 79 14 80 -15 17 -17 25 -9 32 38 -19 -20 36 -18 37 33 -29 30 57 64 -21 100 -8 -31 -23 -25 -13 40 41 75 107 44 -44 77 84 -48 50 118 -26 55 53 -52 56 -51 -53 58 -30 103 -22 -12 71 -54 -10 -62 67 -67 98 117 -43 -47 73 -11 -24 -39 -16 108 -33 -2 81 -14 -5 -59 -45 94 87 -87 -88 90 109 92 -90 -92 97 96 -96 -64 -37 -91 -28 102 -102 -56 -4 -49 -3 -41 -42 -89 -111 -58 -46 -114 116 -116 -115 -70 -50 -97 121 -121 123 -122 125 -68
right_child=1 3 11 7 5 6 8 19 31 10 61 21 13 15 76 16 18 22 23 20 60 24 74 26 48 -27 27 28 29 35 -32 78 -34 -35 -36 68 -38 39 -40 42 45 70 43 46 112 62 47 105 49 51 52 54 63 -55 59 -57 111 83 -60 -61 65 -63 85 -65 -66 66 124 -69 69 -71 -72 -73 -74 -75 -76 -77 -78 -79 -80 -81 -82 -83 -84 -85 -86 86 88 89 91 99 93 -93 -94 -95 95 119 -98 -99 -100 -101 101 -103 -104 -105 -106 -107 -108 -109 -110 110 -112 -113 113 114 115 -117 -118 -119 -120 120 122 -123 -124 -125 -126 -127
leaf_value=-0.8419445325909708 2.1563951827330698 0.47947864084288838 -0.42994378570723796 -2.2065660914600547 -0.76216807746923265 -0.47789328102582451 1.6954882809384384 2.2924552076491174 -0.75802040406341042 7.4660480759455359 -0.34716701333347322 2.3495303309981721 1.8018167176580957 -1.0549980648442587 -1.5445081735061941 -1.1960350891225264 -1.3824236499882827 1.9628544711358065 -0.78277881781585767 4.5604530827374559 -0.36841072284299009 -0.82059159137832249 0.37174448960253575 -0.76884718402520025 -0.9756350731792941 -0.59725804720847575 0.91923804174213974 -1.0606768633433699 4.7415365460492014 -0.940589378568645 -0.42831688708921628 -0.37761763572332313 1.7503333287172944 -0.47398985416013995 -0.61223250820187225 1.3487428152735379 0.22946642132804357 2.9029658945324286 0.13738356093024287 -1.4611374705234752 -0.46500520017927188 -0.98803464484651726 -0.91289400704413826 -1.5162687125585694 0.14571064731100272 0.044428875110373911 0.25219148859289925 0.22288001307283334 -0.31296710856963716 0.14229455735840291 0.36070350082000685 -0.8549562972425746 -0.81290818319297853 -0.54723775973083932 -0.13085567136942411 -0.75761308844876252 1.8575195841764947 5.7321933477863842 -0.79667800694634494 -0.13399125453224334 -1.689640637903266 1.6680474843416135 -1.0501496251633264 -0.36185930725411397 0.22438994041054219 2.0901171812537007 2.3069373423753707 -0.66887603907916882 -0.23034015329767143 0.23726480823873539 0.15006239777931427 -0.93062506973084325 9.1164706347837914 3.2401396145280295 -0.1875965433045976 1.1264852030142929 0.091356793506403675 -1.0593883805348248 1.0412020817522338 0.041319866435110236 1.7641319406121196 5.7830341580841846 -0.56577601160934987 -0.6682231994354817 -0.66861431036882291 -1.0339503124338385 1.3907260880485113 5.2266256205813386 14.71292413531634 0.60331597272330129 -0.79022511127835504 6.1144772706109531 10.661008494147872 1.0478177283727461 1.0141516176957921 0.019739767410194023 -0.65339901562517311 -0.2798493192569258 -0.20201545168566928 -1.5603524062438439 -0.85143272878935594 6.9217060847604603 3.4511602154185383 0.90910643072253794 -0.90708330691032024 -1.1022810373433167 -1.6085847279515875 -0.70549004137599169 1.4304675620720535 4.0506984663929755 1.1589988198542023 -0.15579157570138355 0.62094661925053662 -1.4628293434355673 2.7114109829533142 6.829400290613254 2.8311876241761005 -1.0135609232824891 -1.0192669433105024 1.9679059241735599 0.12837438990132646 1.0175612253382276 -0.73938717585466307 2.9959159345980688 0.33576420627286291 0.16759985674687849
leaf_weight=3659 1649 221 707 554 1776 1980 337 1915 1428 122 257 330 142 2878 320 1834 2712 2830 3388 444 3977 2749 8868 7075 4421 11178 421 2283 953 2120 926 589 2085 587 668 2133 7742 991 1819 1623 2706 1825 1171 3124 1092 1689 3465 551 1662 1204 2914 3034 3673 7738 1523 4056 164 106 178 13879 583 493 4479 4240 3000 396 3244 3870 3105 5441 8347 4112 150 175 14069 1257 1878 4544 4337 1791 1238 115 1199 349 3884 1629 160 227 107 383 419 107 103 1472 700 15694 6186 10573 1366 706 111 174 823 2738 1655 1782 1306 1226 324 128 480 3160 760 189 315 100 170 2467 3501 145 400 372 612 236 27404 5000
leaf_count=3659 1649 221 707 554 1776 1980 337 1915 1428 122 257 330 142 2878 320 1834 2712 2830 3388 444 3977 2749 8868 7075 4421 11178 421 2283 953 2120 926 589 2085 587 668 2133 7742 991 1819 1623 2706 1825 1171 3124 1092 1689 3465 551 1662 1204 2914 3034 3673 7738 1523 4056 164 106 178 13879 583 493 4479 4240 3000 396 3244 3870 3105 5441 8347 4112 150 175 14069 1257 1878 4544 4337 1791 1238 115 1199 349 3884 1629 160 227 107 383 419 107 103 1472 700 15694 6186 10573 1366 706 111 174 823 2738 1655 1782 1306 1226 324 128 480 3160 760 189 315 100 170 2467 3501 145 400 372 612 236 27404 5000
internal_value=-0.000725629 -0.00038521 -0.00180859 0.000663241 -0.000671163 0.000834637 0.00142034 0.000822594 0.00214767 0.00584923 0.0102154 -0.00161947 -0.000802113 -0.000864387 0.0021253 -0.000929863 -0.000872636 0.000169857 -0.00108045 0.000985527 0.000822536 -0.0014934 0.000509366 -0.00090632 -0.00161063 -0.00264029 -0.00082703 8.36743e-05 -0.000367125 8.14427e-05 0.00344171 0.0012786 0.00425758 0.00462841 0.00054187 -0.000427836 -0.000124752 -0.0010467 0.00222788 -0.000916922 -0.000668375 0.000844728 -0.00182604 -0.00127792 0.00145258 -0.000988538 -0.00208802 -0.000581958 -0.00187976 -0.00140632 -0.00259985 -0.00097689 -0.00201077 -0.0010242 -0.000513304 -0.00313093 -0.00210113 0.00629072 0.00856764 4.40748e-05 0.00062629 0.00533333 -0.000733246 -0.00333586 -0.000401084 0.000832693 0.000913462 -0.00111319 5.5065e-06 -0.000619616 -1.96663e-06 -0.00244536 0.0186353 0.0142424 0.000127683 0.00465899 -0.000398553 -0.00270834 0.00278363 0.00231884 0.00581395 0.0129572 -0.00370392 0.000769228 -0.00333144 -0.000513592 0.000960984 -0.000209407 0.0143187 0.00150327 0.00327953 0.0202839 0.0257143 0.00109942 -0.000735338 -0.000227882 -0.00161833 -0.00155491 0.00196922 -0.0029293 0.00667756 0.0085152 0.00702355 0.00191758 -0.00536257 -0.00287239 -0.00459987 -0.00499825 -0.00088816 0.00810651 0.00578947 -0.000371928 0.00323975 0.00512386 0.00823979 0.0128916 0.00309192 -0.00195629 -0.00387203 0.000321138 0.00286119 0.00783681 0.000731317 0.00424148 0.00115598 0.0022392
internal_weight=320151 243583 76568 52198 191385 15312 13536 50671 11556 2202 1197 72909 176073 172633 3693 168940 166062 27601 138461 48918 47003 70547 25767 124571 68398 13890 121183 23543 21427 19144 2512 9354 2529 2116 1005 16632 10491 97640 2149 90565 71113 12420 19452 16603 3797 58693 12806 5798 57907 34921 22986 29758 18565 10652 24498 5260 6358 1586 1131 18140 44474 750 51119 7913 4428 40497 39914 4266 14512 11013 10172 5801 447 297 22937 2248 2198 7574 4926 3440 1495 257 1753 455 7008 45318 5921 5444 477 3815 2726 317 210 1891 39397 24345 6886 15052 3499 1089 1529 1108 934 4261 2362 2333 1527 2849 3030 835 608 3324 2626 1534 774 415 359 5572 5163 17459 1765 517 1248 636 35648 8244
internal_count=320151 243583 76568 52198 191385 15312 13536 50671 11556 2202 1197 72909 176073 172633 3693 168940 166062 27601 138461 48918 47003 70547 25767 124571 68398 13890 121183 23543 21427 19144 2512 9354 2529 2116 1005 16632 10491 97640 2149 90565 71113 12420 19452 16603 3797 58693 12806 5798 57907 34921 22986 29758 18565 10652 24498 5260 6358 1586 1131 18140 44474 750 51119 7913 4428 40497 39914 4266 14512 11013 10172 5801 447 297 22937 2248 2198 7574 4926 3440 1495 257 1753 455 7008 45318 5921 5444 477 3815 2726 317 210 1891 39397 24345 6886 15052 3499 1089 1529 1108 934 4261 2362 2333 1527 2849 3030 835 608 3324 2626 1534 774 415 359 5572 5163 17459 1765 517 1248 636 35648 8244
cat_boundaries=0 11 22 33 43 55 66 77 88 100 111 122 133 145 156 168 179 191 202 214 225 236 248 259 271 282 293 304 315 326 338 350 360 371 382 393 404 415 427 438 449 460 472 483 495 506 517 528 539 549 560 571 583 594 605 616 627 638 649 660 671 681 692 703 713 725 735 744 755 766 777 788 799 811 821 832 843 854 865 873 884 895 906 916 927 935 946 957 968 979 990
cat_threshold=524352 2192 5247040 1610875904 1108345088 33554432 2214593024 2147877124 130 16 134217792 2147485696 1082132480 33282 16512 268570880 1376780288 272629760 0 162 8200 138545412 65540 33554432 32896 2115716 4 4202568 524800 2160328705 1210057728 394240 4194308 268435460 4194308 262401 16388 67119108 4264000 896 18384896 134222856 263176 2147614724 33556512 115712 262145 1073742848 4224 134479872 434496 0 642 134144 8 9437184 2052 155189249 0 268435456 134284288 0 528384 1048584 1610613248 524544 16777216 1176502304 0 142606336 1610614016 8448 4194560 655360 2102306 140513282 2147619328 151519232 4227584 4 134217728 536872960 1048576 272629760 268435464 2416017922 33558573 135340032 2181566592 2147614720 0 402686208 1048704 302252288 268443680 40960 272629762 528528 5120 8 68173824 1024 134217728 0 0 132096 1048584 8388608 1152 537919488 64 37765122 2149589104 3211776 525313 1056768 1107304448 3288335368 2 4194304 67108864 16777248 2048 39850112 276858112 131073 3584 12591232 576 2304 33816704 542113794 2048 2162688 1174407168 64 0 2424311936 32768 134349568 20979968 1090519040 537395712 268436545 16 67239936 256 32768 16809986 2415919168 33024 8912928 1081344 1242562688 3359772288 8388608 169869569 201359364 0 135266304 67108864 41975816 2487223296 1048736 0 2149580808 2281701440 80 16385 2147483682 256 687865856 2214592512 256 2147484208 1704960 67109888 706741408 25169920 36994 2147524672 2097152 2165309696 2147483648 268701696 8650752 8192 1048608 2147495941 16785408 16 75628548 9437184 8392704 17186816 64 16840 16 1082368 1048704 4195456 2160590848 134217795 256 524864 2113536 1115693122 0 1077936140 132 8454176 301989920 134218240 96 0 1077940256 25763840 524296 131136 131456 134217748 8388608 67112960 67633192 2148532768 288358400 134742032 266242 538443776 1107304480 82944 2155872384 262144 1207959560 72 4718848 2097408 134218242 0 2692743296 2415919400 1073791008 67112960 268960322 1090520064 2097152 131136 16 131072 1082132480 2101248 524290 537006084 1052672 34209920 4457512 3145728 134356992 293666816 0 1275068550 268439554 537919744 132 8458272 167903248 16785665 8394752 0 64 8 1048576 17826816 155189408 33554440 0 132096 1048592 2156920833 24 263232 524288 8454144 5120 0 2097160 268435456 536879104 9568256 2151809027 9437200 1049410 69 0 16777216 4194304 33554440 0 0 192 2048 2097297 0 524289 0 25166848 0 33554432 0 0 8388608 4325376 16 134218496 4 268435456 0 1 2158233728 32 147456 512 4719620 2097184 3153922 4353 0 29361156 418 2147614720 67112960 32 8388624 38914 1073741832 1048840 21037377 8 2097152 134742560 2 3766747140 2147483656 1073741824 67113984 286261760 83887104 2112 2147614721 2 0 0 128 33554432 268435456 0 1572864 4096 0 1310784 2157969665 1073741828 540672 1327112 1073774848 20480 270400 8389888 0 1572864 2148012612 16777220 1149239296 4198432 0 0 17472 167772416 4325377 1210056712 1073873920 268435456 10485764 8388612 34 34603268 75497600 545341568 134217728 2152334336 16781312 536870912 2147614785 8470528 1141899280 134561792 2050 32 32832 9044224 12715008 4096 2098440 285278208 0 33555456 25182465 537001984 0 134348832 33554432 266240 1032 3146048 4718852 16843012 68159488 0 2 134217988 49216 2324299776 1026 1076887552 1075838976 268501248 16 0 67113984 411046016 2115720 0 4329544 1048640 25167873 2099216 262402 528384 17825792 16777222 20975744 0 805310464 671089664 1048592 786434 1209008152 1074135552 524288 153239553 1048580 16771 18560 1024 4292608 38797696 1024 1073741824 536870976 720896 33554692 134218242 134217728 134217729 2080 1073751040 1073873152 524288 134217745 41156736 4194308 64 8521728 0 4456448 2182350860 2052 20480 655872 2152731136 17 1536 272629828 1064960 4198400 285212833 131080 0 5120 9437376 2160334848 134217752 768 4 8 2560770049 1048576 32770 35667970 1152 134316032 0 4194304 1075840008 536873216 8454145 268435456 92274688 32772 35782656 4096 8296 33824 73 31555584 1208090624 8388865 335544320 8388608 0 2097152 10240 536870984 0 0 136315912 1078067458 4194561 269484032 16783360 16777505 2228224 268435456 541197312 9437376 8652802 9437184 1048576 1 269484032 4327440 8388865 1073758208 268435488 273678464 41943200 8421408 1073741960 35129344 528384 16777218 12583296 2155872388 4096 1073741824 131728 524288 85983361 167911424 4194308 1048576 8388608 138412032 0 268435456 671088640 0 4096 0 0 1 4224 135266306 8388609 8388864 32 4194336 912 8928 8395809 2097216 272629760 16 2147500032 16778240 268435489 35667968 67117060 675282952 64 4194304 18875392 134352704 276824065 269484032 12585988 16777216 33554440 1342177280 536870912 131072 131074 0 1074790400 524545 32768 174063616 327808 2050 1048608 134254600 33554688 4362 2101248 659712 66624 268435456 0 0 8 10240 1056 524288 0 134217728 1048576 268501504 352403456 16777248 81952 34867204 0 131072 2155872256 8519680 67108872 64 4194564 3145732 33558528 21233664 131084 4096 536871104 1049024 2560 67109912 537395520 525316 8536064 16777218 65536 2176 67108864 65544 786432 262146 4112 2105868 64 75628544 0 4198400 2056 67108864 537068552 1048576 2151677952 134221824 2147484160 8912896 2147483648 135168 134250881 2183170056 12 131104 96 2156134913 8388609 135266384 2097152 150995200 0 2147483648 0 40 16 2048 0 1074266112 2147483652 1048580 6144 20975648 42074112 67108864 131232 33280 2148403200 67108881 0 4194304 0 12587008 257 0 0 1610612736 2181169408 17825794 8 1073741826 67239936 0 150994944 134348812 0 537001992 1048576 2155872256 146 1048576 268435520 32 0 16777216 138412160 8 0 536870944 64 2049 16 536870912 0 1024 16777216 8 0 0 0 1 8 268435460 25165828 8320 34603136 536875264 538116136 128 528393 1207959569 393728 4 67108864 16777220 134217728 33554560 335544352 134217728 16 4849665 4097 134488320 64 4 1024 256 133120 67108864 134349824 1048576 399360 8 0 257 131072 0 160 2048 0 0 0 2147749888 134217744 0 4 268435456 1082164242 17125537 8 0 537067520 256 2160066560 134217728 263176 8912896 4 83886080 266530 536873092 67112960 537003008 131072 2164922372 69206016 536871168 132096 64 0 0 0 33554432 67108864 0 0 528384 536870913 512 4 8389632 4194688 2149582848 8388608 142672960 33554432 2147618817 0 262146 257 3145732 4096 151257216 131084 0 1088 1048640 8391168 8 320 525316 8388608 8388608 1 8 0 537067520 1048576 262144 134217736 1536 8388612 0 16778240 138412032 0 0 8 64 6144 0 1310720 524288 0 0 0 2684354688 0 0 0 2 8388608 35651584 32 134217732 335552516 134217728 655360 2048 1048 1050112 4194308 0 0 268435584 33685504 0 4194344 9437248 4194304 134217729 1310720 256 4 16777216 0 131072 268435456 134217728 8519744 4096 0 0 1 9437184 16778240 134217728 2056 67108864 1064 9961728 12713984 16 1208221696 0 0 129 0 0 8 0 0 134217744 512 524288 1048576 16781312 402915456 0 0 8 1048640 512 8388612 1024 134217857 0 67108864 671154176 135266304 2164260865 134221840 1073742848 2147483649 8388608 16778240 262144 131072 67108864 537071648 524352 17074178 1073741824 1075707968 66561 0 6144 0 0 4 134217728 0 1 0 262146 257 8388608 16777220 4194304 2048 268435456 0 128 528385 16 256 68 524288 4096 33 2148925708 536881152 536870944 1572928 4458497 1209008129 1048642 268435457
is_linear=0
shrinkage=0.1


Tree=22
num_leaves=127
num_cat=92
split_feature=5 0 18 1 20 1 2 2 1 16 1 2 1 2 1 2 1 1 1 2 2 1 1 2 1 2 1 2 2 20 2 2 2 2 5 2 1 1 15 1 1 2 0 2 15 2 1 2 15 1 2 1 2 1 2 2 2 1 1 2 7 1 2 1 2 1 2 1 2 1 2 9 1 1 1 2 2 7 1 1 2 8 1 1 1 15 1 20 1 2 8 2 14 1 15 2 8 8 17 18 1 2 2 2 2 2 19 20 1 8 21 2 1 2 14 0 8 8 1 8 12 2 8 1 10 15
split_gain=10.6427 6.28604 5.40043 5.22133 4.14956 3.28099 3.19588 3.03842 2.94045 2.9277 3.50149 3.38755 3.19636 2.93469 2.82651 2.82203 2.97562 2.81751 2.74872 2.5384 2.86239 2.55511 2.52154 2.44681 2.4106 2.32485 2.27338 2.20239 2.04242 2.22184 1.9938 1.95245 1.94731 1.92802 1.87891 1.86655 2.06027 1.82468 1.84958 2.69763 1.77062 1.72743 1.71547 3.71316 2.3287 3.44502 2.54236 2.22766 2.12416 2.86454 2.80708 2.62956 2.36862 2.08465 3.10339 1.91766 1.82323 1.6093 1.59372 1.59255 1.58757 4.26629 2.64304 2.46808 2.18431 3.2329 2.13303 2.10526 2.36702 1.94288 1.53921 1.51925 1.56261 1.51574 1.50641 1.46996 1.44185 2.31887 4.19266 2.11823 1.87271 1.66589 2.68504 1.61723 1.51381 1.47917 1.43099 1.42483 1.37252 1.34834 1.34335 1.33907 1.32919 1.59985 1.51164 1.32586 1.32162 3.54134 2.63456 1.75916 1.49668 1.31278 1.30638 1.3024 1.28389 1.27048 1.26839 1.26266 1.25316 1.24164 1.35243 1.23841 1.37794 1.48539 1.22032 1.54001 1.39611 1.90992 1.19241 1.19195 1.5362 1.19116 1.17841 1.16253 1.16228 1.16164
threshold=820.50000000000011 0 0.17229230701923373 1 0.11864368990063669 2 3 4 5 0.25271394848823553 6 7 8 9 10 11 12 13 14 15 16 17 18 19 20 21 22 23 24 0.20395302772521975 25 26 27 28 1378.5000000000002 29 30 31 4227.5000000000009 32 33 34 35 36 3415.0000000000005 37 38 39 2846.5000000000005 40 41 42 43 44 45 46 47 48 49 50 1.0000000180025095e-35 51 52 53 54 55 56 57 58 59 60 428.00000000000006 61 62 63 64 65 1.0000000180025095e-35 66 67 68 24.500000000000004 69 70 71 2181.0000000000005 72 0.19876263290643695 73 74 20.500000000000004 75 23.500000000000004 76 410.50000000000006 77 17.500000000000004 19.500000000000004 0.032017331570386894 0.31928478181362158 78 79 80 81 82 83 0.021870749071240429 0.28961579501628881 84 29.500000000000004 0.015458202455192806 85 86 87 32.500000000000007 88 27.500000000000004 15.500000000000002 89 20.500000000000004 790.50000000000011 90 1.0000000180025095e-35 91 151.50000000000003 2803.5000000000005
decision_type=2 9 2 9 2 9 9 9 9 2 9 9 9 9 9 9 9 9 9 9 9 9 9 9 9 9 9 9 9 2 9 9 9 9 2 9 9 9 2 9 9 9 9 9 2 9 9 9 2 9 9 9 9 9 9 9 9 9 9 9 2 9 9 9 9 9 9 9 9 9 9 2 9 9 9 9 9 2 9 9 9 2 9 9 9 2 9 2 9 9 2 9 2 9 2 9 2 2 2 2 9 9 9 9 9 9 2 2 9 2 2 9 9 9 2 9 2 2 9 2 2 9 2 9 2 2
left_child=1 18 6 -4 14 -6 -2 58 -9 10 -5 -11 -13 -12 -3 -14 103 28 105 -20 40 91 30 74 27 -19 75 -25 -8 -30 -10 -24 -26 -23 42 -16 -37 95 76 -40 121 57 44 87 45 86 47 -47 49 50 90 55 88 54 -46 -50 -55 -33 -7 -48 64 66 63 -63 65 -43 118 68 -66 -64 96 -57 -73 -69 -15 -27 77 79 80 -39 -79 -81 -83 -78 85 -82 -34 -44 -51 108 -45 -22 94 -94 -72 107 100 98 -98 -99 -18 -29 124 -17 -41 -1 -92 -35 -28 110 -84 -71 113 -113 115 116 117 -95 -62 -38 -121 -21 -56 -96 -32 -89
right_child=2 4 3 9 5 7 17 8 22 11 13 12 15 23 35 16 70 25 19 20 21 33 31 24 32 26 89 101 29 -31 102 41 34 37 -36 36 119 38 39 104 -42 60 43 48 53 46 59 -49 51 52 -52 -53 -54 56 122 71 -58 -59 -60 -61 61 62 69 -65 67 -67 -68 73 -70 111 92 72 -74 -75 -76 -77 83 78 -80 81 84 82 109 -85 -86 -87 -88 125 -90 -91 106 -93 93 114 123 -97 97 99 -100 -101 -102 -103 -104 -105 -106 -107 -108 -109 -110 -111 -112 112 -114 -115 -116 -117 -118 -119 -120 120 -122 -123 -124 -125 -126 -127
leaf_value=0.070167535656806099 -1.1121510160533834 -1.1362295072637856 2.129557654484787 -1.29964132783233 -1.3378034266378371 3.7171938264849689 -0.057484255531133989 1.5881288622259448 -1.2661980667535246 -1.041519063014374 -0.86346242288315078 -0.85591046439977458 2.2875814706374729 -0.22655245427790871 -0.82760240842885069 0.41426913013567934 5.9603004379858291 0.33779072701927554 -1.2138423691895071 -0.50897258563385228 2.5939276755328096 0.29884117002297444 -1.020549682767206 2.756325472833296 -0.56614984193377837 -0.39290673638429729 -0.3949112701267547 -0.76085569718758517 5.4383745583475553 1.3891449520652572 0.12155394275685197 1.3414168274258806 -1.7429595120316286 -0.8677894379377703 -1.1198074335519335 -0.66104420828224175 -0.029453905683467198 -1.058789426076592 3.3383823271404545 1.0629057407638152 -0.781321213420758 -1.0658526838807301 -0.24642972839950389 0.038285278078738043 -0.14917032807775954 -0.69853222242589241 -0.83023676744346808 -1.7575536582372315 -0.29123043603901028 0.31332484061036897 -1.1927278501499321 -0.22960110824337507 0.56447182257502271 -0.39148608363952475 5.9060507398207935 5.1213835577844407 0.2156238085795622 0.0062004954953736079 0.19888629313843978 -0.18174303497765021 3.8219869499544781 -0.88740629571572027 -0.67749880968129828 -0.1242059063363129 0.762059504997877 -0.23840094707914083 3.4218696309492134 -0.72933229216231021 -0.37682141230882005 1.5100473360909985 -2.0803060309015957 0.72872799239988417 4.076683510900124 -0.17945975428745176 1.8839224113459929 0.59399935768227752 -0.69220074264023745 -0.25848387633986869 -0.61030657486919226 -0.35536494343421554 6.558413525198084 -1.1411352092007581 6.801830037367516 -0.36033980430454954 1.3117452954761284 0.94926689557613408 0.54476644686230802 2.6992006718619832 -1.1458790936265726 -0.51794476328761985 4.6063803333550037 0.16046796563343402 -0.17393206771803982 0.51519458703913512 1.1009266662901629 -0.4882072051830984 4.3256841398821297 0.16030577757695594 11.549744206288034 8.3803608436754704 0.32571463808313172 0.79594887019227889 -0.54190420822808949 2.5420985925049857 -0.67212012701800139 -1.1059298567543687 1.6699347019569826 2.5441399357265322 -1.0299311068896608 0.90019955032504539 1.8540508724959617 -0.62493599188450244 0.7125721168444098 0.21213803953208951 0.49808540927221101 3.3758696428300734 -1.8426035289219447 5.2443334696709698 -0.66119661305824529 0.53545621744737149 3.8793288154944308 0.24124498320358004 1.071506175706072 -0.097101711824102321 1.9697568635641216 6.4774027705095465
leaf_weight=264 1084 1549 2051 1351 1679 693 1312 2225 1107 1396 1919 2036 3125 774 1950 1163 289 2208 1362 1525 353 1161 1710 629 4355 2172 1973 609 350 468 270 2290 310 3896 1406 2764 2471 2009 106 261 8368 2379 301 1319 2565 2841 3137 1562 222 981 4079 668 12702 3719 136 133 4668 4365 1695 15550 337 1742 1641 2907 3442 3627 1231 4761 2705 1382 458 213 265 28136 1596 2011 5906 590 1961 7812 222 344 111 24937 1284 143 5336 1202 2166 10634 100 1921 3174 816 428 3961 129 1031 119 189 5696 3117 8208 2069 312 2199 165 103 4839 389 139 1341 4607 1928 1897 658 100 169 542 322 113 1300 3769 12946 122 124
leaf_count=264 1084 1549 2051 1351 1679 693 1312 2225 1107 1396 1919 2036 3125 774 1950 1163 289 2208 1362 1525 353 1161 1710 629 4355 2172 1973 609 350 468 270 2290 310 3896 1406 2764 2471 2009 106 261 8368 2379 301 1319 2565 2841 3137 1562 222 981 4079 668 12702 3719 136 133 4668 4365 1695 15550 337 1742 1641 2907 3442 3627 1231 4761 2705 1382 458 213 265 28136 1596 2011 5906 590 1961 7812 222 344 111 24937 1284 143 5336 1202 2166 10634 100 1921 3174 816 428 3961 129 1031 119 189 5696 3117 8208 2069 312 2199 165 103 4839 389 139 1341 4607 1928 1897 658 100 169 542 322 113 1300 3769 12946 122 124
internal_value=-0.000742727 -0.00128739 -0.000132405 0.000147018 -0.000756462 -0.000543461 -0.00141252 -0.000457012 -0.000558335 6.25966e-05 -0.000266585 0.000792333 0.000977478 -0.000183673 -0.00278002 0.00120524 0.000918603 -0.00118836 -0.00198756 -0.00187215 -0.00178723 -0.00150369 -0.000657262 -9.15432e-05 -0.000187473 -0.00149998 -0.00181571 0.00209622 0.00228972 0.00618357 -0.00216837 -0.000450602 -0.000322147 -0.00163807 -0.000193688 -0.00197903 -0.00105634 -0.00172417 -0.00148401 0.00369661 -0.00325181 -0.000368013 -0.000119153 0.000547665 -0.000496069 -0.00102172 -0.00156277 -0.00372309 0.000220212 -3.34721e-05 -0.00196193 0.00385743 0.000656407 0.000520291 0.00186728 0.00755634 -0.000520426 0.00116279 0.00305254 -0.00105204 -0.000530632 0.000272962 -0.000300812 -0.00229449 -0.000845729 -0.00261968 0.00448113 -0.000572031 0.00112555 0.000550919 0.000587354 0.0104509 0.00799163 -0.000889479 0.00306722 0.000279034 -0.00156106 -0.000755297 0.00123809 -0.00153092 0.00418408 -0.00085747 0.00302136 -0.00195216 0.0059132 0.0116 0.00119165 0.00514966 -0.00179601 -0.00231783 0.00160602 0.00177758 0.000142329 0.00128559 -0.000420766 -0.00312422 0.0018183 0.00450953 0.0154032 0.00229508 0.00116123 0.00116167 -0.00164925 0.00378778 0.000806173 -0.00526891 0.00811321 -0.00441257 -0.00341835 0.00679507 0.0124 0.00111351 0.000626424 -0.000942363 0.00271233 0.00462995 0.00223744 0.00340101 0.000686162 0.000802467 0.00563218 -0.00107584 0.00363984 -0.000227309 0.00393035 0.00659125
internal_weight=320159 169180 150979 123928 96241 87072 27051 85393 83005 121877 83989 37888 36492 82638 9169 34456 31331 25967 72939 70476 69114 57921 80780 80719 78349 23837 21629 4355 2130 818 9707 71073 73994 55647 69639 7620 5670 54486 46526 679 11193 69363 68233 24640 43593 28736 23090 4403 23013 21512 5663 1501 15849 14857 6470 833 8387 6655 2388 18687 62708 17658 15548 4649 45050 6006 2110 39044 6147 10899 28099 611 478 32897 2370 4183 45847 15004 4200 10804 2239 8795 983 30843 1649 365 5646 1627 3147 17446 1584 2274 20646 6814 13832 7960 7453 1468 248 1220 5985 3726 8600 3232 573 2463 265 3999 6812 639 250 9258 7876 3269 3640 1743 1085 985 879 2906 435 2825 3905 13374 392 1326
internal_count=320159 169180 150979 123928 96241 87072 27051 85393 83005 121877 83989 37888 36492 82638 9169 34456 31331 25967 72939 70476 69114 57921 80780 80719 78349 23837 21629 4355 2130 818 9707 71073 73994 55647 69639 7620 5670 54486 46526 679 11193 69363 68233 24640 43593 28736 23090 4403 23013 21512 5663 1501 15849 14857 6470 833 8387 6655 2388 18687 62708 17658 15548 4649 45050 6006 2110 39044 6147 10899 28099 611 478 32897 2370 4183 45847 15004 4200 10804 2239 8795 983 30843 1649 365 5646 1627 3147 17446 1584 2274 20646 6814 13832 7960 7453 1468 248 1220 5985 3726 8600 3232 573 2463 265 3999 6812 639 250 9258 7876 3269 3640 1743 1085 985 879 2906 435 2825 3905 13374 392 1326
cat_boundaries=0 1 12 24 36 48 60 71 82 94 105 116 128 139 151 162 173 184 196 207 219 231 242 253 264 275 286 298 310 321 332 343 354 365 376 387 388 399 409 420 431 442 453 464 475 486 497 508 519 530 540 551 562 573 584 595 606 617 628 639 650 661 670 681 691 702 713 725 737 748 758 769 779 790 802 813 823 834 845 851 861 872 883 894 905 916 926 937 948 949 959 970 981
cat_threshold=14496 285409344 33554450 565252 536873984 536870948 4194304 1073742080 0 350224384 35 2147483648 37750848 33587280 6291456 263168 1187840 33554432 544 131236 54525952 2149581840 1024 64 69337090 268960304 2 2148843520 2181039200 24576 1207959808 8 33554432 8192 2415923200 64 671219712 1077937280 32770 268435716 33558656 268468224 134218240 139400 33554432 33554560 1050624 114 2101376 1073750018 4 1048832 64 24584 1480885248 8200 0 335548452 1049088 24 4724867 2105344 8454144 135004416 8388608 41975872 2147491844 532480 33554464 0 411173376 234881024 2149582848 590976 2132992 3221233668 8 131200 32768 65536 69206112 2147486724 49152 2147516416 289 1048577 1058816 4096 568 4194304 1207963648 671230212 2048 8 2147485697 134217728 532480 134235264 33723018 270336 2151686144 268445184 128 2147488768 16777216 2147614720 92279812 268713985 33701892 2181038084 24640 134742016 393220 8388608 256 2147487808 1183745 234913796 8196 672137220 4096 37790016 2147483648 4196864 2 1207960064 524288 8 2621440 1140854784 8650752 134480128 67112960 65672 33554432 2149223040 32 3146752 576 2155876352 16908928 12898336 0 33558784 32768 3254779952 285213216 2147483648 1024 8388864 64 67174400 134252928 64 2155872256 33056 37789696 3288477696 295680 2097154 4 138412032 150997024 178 2 142639360 1073775012 33088 4194816 33168 0 4 138412032 67190784 0 4194336 537135116 8392704 131080 131080 131080 134221832 1208095234 17368320 134250497 560 8396800 1328128 2147483776 16640 406848016 525324 136 2 131616 64 2164260869 2097280 134217856 671105024 160 13631488 2248147200 270041088 2155876352 4325440 320 67113088 69206784 2 19169539 1056 13631488 1024 393224 369098754 16 134217728 8 201326592 35072 2 32768 384 86016 4325968 1600 4608 673318476 0 8 25167872 133120 17048064 41943168 10368 98600 67108864 4194560 20971528 6292992 131076 16793604 8389652 2097409 0 276824192 1073742152 134877184 558080 135266304 538968640 135168 0 4194304 4194336 0 0 131080 41943104 16783362 12582912 0 2148007936 1048576 16781312 150994944 0 268435456 671088680 0 2048 8 1073741824 524288 2147500033 134217728 2097184 35651584 2147491872 134235200 1024 2149323014 65537 1610612736 524288 2147483652 1081360 4456448 1048578 268435464 128 79953920 16778272 537198592 8216 2151809024 8 17301504 4194340 0 4 1275068416 53312 67240192 32832 566235136 4718592 2147680772 64 2097218 137363716 0 3223339010 2149056512 20480 8228 1536 71303168 2048 131072 0 0 136577408 2228224 2248146944 4220160 34603328 8392704 201330697 1611661312 276824064 8388612 0 25165952 2097152 0 536871200 34603536 2148008451 134283281 1746010114 4325636 304087104 1075975168 32768 35651584 1140850692 4096 268 2147487873 67109888 133664 8388676 0 0 0 0 268435456 0 0 0 16 256 256 286261248 6296580 4097 537001992 1140850692 131176 256 2049 4199440 917512 64 16384 4128 10551296 562167936 2214592544 8388712 2147484960 1052992 16777216 272633856 268435460 14474 8388608 0 262176 131072 536881152 65536 142606912 38 0 262144 64 268435456 33554432 18878592 546308096 2147483716 1073742112 1048576 2169505792 137363465 539107400 8404996 83887136 384 2183135232 2147493888 134217856 41943040 26345475 1074790416 256 321 1048576 5120 138412320 131072 805314560 704643080 524352 8912896 16 1209008896 13107200 2097408 8388612 262528 51380352 269619200 1610612992 32 16777226 1073744904 524288 590916 301989888 1049600 142671872 8 0 8 0 29360128 1207960616 570425856 273154304 0 5120 384 0 0 32 34603008 8392705 24 0 4 268501060 1074266112 8404992 1048576 0 1342177408 1048576 20973696 135267336 1210190720 12582912 8388608 4199424 17039488 0 2048 671089664 34078720 9568259 1073742864 1310720 65 8388612 16779264 384 2056 8196 536937472 41943168 21499904 1209008136 134217986 64 269484032 1024 0 0 0 134219040 0 0 1075838992 1048576 1 268435456 50332672 150999072 0 8192 1610612736 34603008 18352130 137364497 393794 12582976 524288 16777216 16777249 33554432 0 1744830464 128 2155874304 8 1073742080 524288 8388608 0 16777344 34078720 0 0 1048576 8650752 16 1074790400 2097152 1082134544 32 33554432 805316864 0 134742544 32 65552 134217728 281542656 134742016 0 8392706 2164392066 33554688 69824 655376 4462848 0 33554432 281083905 294649856 33554432 4097 34080776 256 4333568 524304 273154048 75501568 135660800 16781312 269500416 8391680 17039393 2097160 872417280 0 64 16777218 70320145 537141506 2164260864 128 2225078274 5124 278537 10244 1048832 131136 2147779072 6292512 1610614784 65536 403832832 8390656 33 2147483648 67141636 671155328 64 3073 134283272 1208224000 65536 0 0 402653312 0 0 138544128 64 3 134217728 1611661376 524288 82176 5245952 286720 2097152 268435460 268697600 0 1024 605029377 134488456 2164273156 1048576 33554432 150994976 524288 0 675414016 0 2049 25 262402 524800 16640 68159492 81920 35651588 2147487744 134217984 8388736 1538 3145728 1073750658 2147487744 8913152 1094714370 276824064 131328 805306368 282624 1074266208 131200 8392712 2148532224 21168128 0 5120 0 0 0 0 0 8388609 16 524288 83886112 2 25297024 33555720 135232 655376 2151944448 134251008 1 138543105 2097152 0 16777346 4 67108864 136 64 8783872 0 1140850944 269484032 16777216 4194304 8 0 537001984 8388608 8519681 0 1746141184 257 1 37749248 16777984 131200 9216 4194432 2349863232 9699329 8388608 34866432 2155872256 25182208 20971520 134218496 133128 10240 671155232 1048576 8388608 1082134529 1074004040 285736960 8 16777220 75497472 32 536870912 545267712 537002016 1048576 0 32 1074005064 285736960 8 0 33554432 16777216 128 0 4194304 1048832 0 8388608 1280 8388608 0 0 419430656 0 2048 134217728 8912896 2 16 134217984 25182208 37748738 17044387 32776 1050688 1024 1048576 16779280 142610464 8448 268435456 8388608 4194304 0 133120 0 536936448 0 0 0 262152 0 0 0 0 268435456 131072 34078720 131072 134217729 1073741824 257 0 16778240 134221824 131073 67108864 32 9437184 2147483648 0 0 256 16 538509312 41944192 272662752 2099200 67665920 0 524932 4096 201326609 1207959552 524289 8388608 8388608 0 131072 268435456 32 64 1 2 1048576 8388608 2098176 268435586 4 256 96 524352 25165833 0 0 17301760 9437184 4096 268697985 128 268443648 671154208 1048704 2173964290 16 1048832 2147483713 0 0 4194304 131076 0 134217728 8388608 8388608 17039360 0 10240 1056 0 0 1033 393216 524288 0 262144 2048 4 0 524288 512 1048576 2106368 4195328 0 1024 16777216 131072 536870912 134287360 1048640 1048576 1033 524288 65600 8388608 16778240 134217728 0 268435456 134217728 0 0 16 0 4 10485760 0 0 672137220 2048 32 256 0 32 1048832 524288 268566528 1050624 134217728 8404996 1073752160 9216 512 4354 1090588696 1050624 2152726561 128 25165824 32 2375680 10240 256 64 2155872768 1048576 2048 8388608 155194368 1310720 2057 0 1610612768 1048576 16777217 1207959600 672137216 655360 0 2048 134217728 0 4 671092736 34603008 264193 134218753 66 524288 6318 524288 0 8392706 2 33554432 192 524288 4096 0 33554432 0 0 32 262144 0 131072 0 131072 134221832 134353408 525312 0 18874368 0 0 268435456 536870912 2148007936 0 2 262144 524544
is_linear=0
shrinkage=0.1


Tree=23
num_leaves=127
num_cat=94
split_feature=16 4 1 2 1 2 8 2 8 2 1 1 8 2 1 2 1 2 1 2 1 2 1 2 2 1 1 1 2 2 1 1 2 1 2 2 1 1 4 2 1 2 1 1 2 1 8 15 8 6 1 2 1 1 1 1 2 1 2 20 1 1 6 2 1 1 15 5 2 1 2 6 1 1 2 15 2 2 1 1 6 2 19 1 2 1 8 1 2 6 2 1 6 2 1 2 2 1 2 2 8 2 8 8 1 2 1 1 1 15 2 1 20 2 13 15 8 6 1 2 2 2 2 13 2 5
split_gain=9.08693 6.38803 3.40515 3.21839 3.20277 3.15751 3.0939 6.92643 7.31908 6.00743 5.57727 4.77017 4.17607 5.75694 4.80596 4.47188 3.8427 5.27364 3.83955 4.25177 3.75564 3.66575 3.5151 3.33756 3.2818 3.14404 2.99737 2.96451 3.6344 3.09263 2.72382 2.64001 2.54517 2.94176 2.52871 2.46299 2.5306 2.43565 2.43197 3.62962 2.59913 2.4892 2.40695 2.33601 2.33182 2.2748 2.26913 2.21119 2.21114 2.53883 2.20939 2.40753 2.12375 2.02101 2.01969 1.90807 1.8635 1.83356 1.77437 1.76943 2.00336 1.96568 1.75154 2.05275 1.74623 1.68313 1.6757 1.66269 1.65426 1.63822 1.71185 1.63012 2.38671 1.87048 2.01312 1.58684 1.55775 1.54014 1.66954 1.59097 1.52101 2.18268 1.51669 1.5788 1.50481 1.71338 1.57355 2.30947 1.96473 1.50479 4.25298 2.9998 2.58692 3.48832 2.88866 3.1693 2.8986 2.84602 2.56772 2.42586 2.32407 3.68193 2.50799 4.17527 2.33886 2.31856 2.1532 2.09867 2.02947 1.92998 1.80585 1.80942 1.71778 1.65809 1.57927 1.57123 1.74824 1.49418 1.7675 1.47166 1.4539 1.42714 1.4214 1.41733 1.40347 1.39258
threshold=0.16627881675958636 13.500000000000002 0 1 2 3 17.500000000000004 4 29.500000000000004 5 6 7 7.5000000000000009 8 9 10 11 12 13 14 15 16 17 18 19 20 21 22 23 24 25 26 27 28 29 30 31 32 4.5000000000000009 33 34 35 36 37 38 39 24.500000000000004 2902.0000000000005 4.5000000000000009 6.5000000000000009 40 41 42 43 44 45 46 47 48 0.10448477789759637 49 50 2.5000000000000004 51 52 53 3968.5000000000005 1370.5000000000002 54 55 56 3.5000000000000004 57 58 59 2857.0000000000005 60 61 62 63 4.5000000000000009 64 0.0086693968623876589 65 66 67 9.5000000000000018 68 69 1.5000000000000002 70 71 4.5000000000000009 72 73 74 75 76 77 78 5.5000000000000009 79 27.500000000000004 29.500000000000004 80 81 82 83 84 2687.5000000000005 85 86 0.18083917349576953 87 9.5000000000000018 2341.5000000000005 2.5000000000000004 5.5000000000000009 88 89 90 91 92 70.500000000000014 93 1275.5000000000002
decision_type=2 2 9 9 9 9 2 9 2 9 9 9 2 9 9 9 9 9 9 9 9 9 9 9 9 9 9 9 9 9 9 9 9 9 9 9 9 9 2 9 9 9 9 9 9 9 2 2 2 2 9 9 9 9 9 9 9 9 9 2 9 9 2 9 9 9 2 2 9 9 9 2 9 9 9 2 9 9 9 9 2 9 2 9 9 9 2 9 9 2 9 9 2 9 9 9 9 9 9 9 2 9 2 2 9 9 9 9 9 2 9 9 2 9 2 2 2 2 9 9 9 9 9 2 9 2
left_child=4 3 -3 -2 -1 64 12 10 9 11 -8 -9 13 31 24 -16 76 42 19 -11 58 57 -22 -24 66 -23 -5 29 43 -25 -28 -4 33 -7 37 36 125 -20 39 40 -32 -40 -18 -29 65 -13 -12 -44 49 -33 51 -46 56 -37 -41 -48 -43 -17 -15 60 -34 80 121 -64 -6 75 -14 89 -19 70 -36 72 -47 -73 -75 -27 -10 79 -79 -63 -61 -82 -35 -84 -52 -86 87 -87 -89 90 107 105 97 -94 95 -95 108 99 -99 -91 101 109 106 104 -104 -92 112 -54 -96 114 -100 113 -102 -112 -93 116 -116 118 -76 -55 123 -21 -26 -97 -31 -30
right_child=1 2 6 26 5 32 7 8 16 18 46 45 14 20 15 21 17 68 34 62 22 25 23 27 122 44 30 28 35 124 38 48 59 82 69 53 -38 -39 41 54 -42 52 47 -45 50 71 55 -49 -50 -51 84 -53 67 119 -56 -57 -58 -59 -60 61 -62 77 63 -65 -66 -67 -68 -69 -70 -71 -72 73 -74 74 117 -77 -78 78 -80 -81 81 -83 83 -85 85 86 -88 88 -90 92 91 100 93 94 96 120 -98 98 110 -101 102 -103 103 -105 -106 -107 -108 -109 -110 -111 111 -113 -114 -115 115 -117 -118 -119 -120 -121 -122 -123 -124 -125 -126 -127
leaf_value=-1.0983316565104733 0.78010437758817941 1.8609080103298934 -0.50405941785336483 -0.95347751971646311 -0.023017564428064147 -0.54027219421039097 -0.71466888914329818 4.4775464389002719 0.52164170999076964 -0.79921777292535301 2.2578503267555035 -0.60225229774879685 1.8776686327416705 2.8161773046250822 -1.3082796735247437 -0.38090929528100015 4.3951711474782211 -1.6830848248307384 2.4700760155807 -1.7098363983883655 -1.2192008144486619 -1.4686223025316885 -1.3648861425337326 1.8147569997495507 -1.2769588579231756 0.31868304761532795 1.3759696782655411 -0.19379810335947956 1.0160145660633315 -0.89406580530149571 4.0668753866810148 3.2965606372542591 -0.24554332791853237 0.040927741225050697 0.53301683667515554 -0.97713027876351866 -0.13927158634863418 -0.51843010992480176 -0.80379938551557084 -0.63999734763315097 0.54446482093881732 -0.76083404943215183 2.3675745399891532 0.93173981355842117 1.038377430326735 2.9546707907519347 1.9781897948393983 -0.85183644273033898 0.94985762906621096 10.364518737344307 -0.95910351971588814 -0.42714886170063393 2.8306706301815603 -0.7736957724239234 1.2326043002615612 5.0686487271259351 -0.36939207390486528 1.2574537374044401 0.76515296683498468 -0.86950296597205368 -0.8958162819258515 0.076891393035092029 4.443810147563485 2.1197895922495644 -1.0016772330247457 -0.31578115058629297 4.2271606486390798 -1.3134533106787696 -0.29426025062843858 -1.0234198033710589 -0.91319584669946574 -0.64566535221573762 -0.60007621868749839 0.87841707056273099 9.253278621861897 1.9514175525584427 -1.6534456520095415 1.1105644885968884 -0.24955873802525158 -0.73669448052412279 0.78088117252920997 -0.66881540626202396 0.54925484742918262 3.1000503497752026 -1.3718097636216926 -1.3724991425913271 -0.2228397472051219 1.2405315423567387 -0.71928743851562016 1.0781986828142796 0.28521632208539599 3.5566967425411153 -0.95070952974819822 -0.74163975986270891 1.0336232315475165 0.98730037562953155 -0.26220153698294618 0.21113678455594509 -0.85783905365846636 -0.56317628737220071 -0.20740437861944652 -0.061233674381605818 -0.49572568951886259 -0.6137606353880023 7.1653499596905537 -0.90390576687021962 -0.70048225004171649 0.43886553566802811 -0.025375197754832431 0.37163271798484376 -1.0371188600258019 -0.36178988333639489 2.4639081669529599 -0.33961406024234719 4.6172764033871907 12.948159712383692 1.4009917973195058 3.7318173906829468 4.3016309328616735 -0.18045203840071677 0.73870694010499627 1.4770257838125509 0.44368250859750236 5.3119220597146795 0.40296791257914499 -2.1804090283244535
leaf_weight=2654 1841 1848 687 3119 791 1628 876 1249 335 909 1183 744 1412 737 3186 992 105 1328 1773 337 1494 1818 1641 3121 820 2463 1765 2635 3686 1104 656 1318 1646 1030 2001 3235 9608 1029 3105 1775 705 3798 885 4541 2525 475 328 327 886 229 5143 3042 423 4478 1171 1177 11407 1812 1951 4272 2506 1385 1069 1143 3461 3685 103 1202 2974 2724 1461 300 880 595 128 795 2277 1022 31297 6841 657 2568 824 556 1462 2924 14451 631 1821 1605 836 247 1910 1337 1567 534 20845 2105 5422 1754 297 1034 108 402 262 2252 3368 765 1971 325 2901 15518 372 1973 122 102 137 461 337 17298 3647 639 2730 164 9623 115
leaf_count=2654 1841 1848 687 3119 791 1628 876 1249 335 909 1183 744 1412 737 3186 992 105 1328 1773 337 1494 1818 1641 3121 820 2463 1765 2635 3686 1104 656 1318 1646 1030 2001 3235 9608 1029 3105 1775 705 3798 885 4541 2525 475 328 327 886 229 5143 3042 423 4478 1171 1177 11407 1812 1951 4272 2506 1385 1069 1143 3461 3685 103 1202 2974 2724 1461 300 880 595 128 795 2277 1022 31297 6841 657 2568 824 556 1462 2924 14451 631 1821 1605 836 247 1910 1337 1567 534 20845 2105 5422 1754 297 1034 108 402 262 2252 3368 765 1971 325 2901 15518 372 1973 122 102 137 461 337 17298 3647 639 2730 164 9623 115
internal_value=-0.000724058 -0.00045994 -4.59593e-05 -0.00106048 -0.00179892 -0.00164876 -9.85642e-05 0.00080901 0.000250988 0.00136737 0.00494124 0.00424985 -0.000325455 0.000187606 -0.00100261 -0.00131951 -0.00222452 -0.000744362 0.000225274 0.0027587 -1.33302e-05 -0.0010543 -0.000170799 -5.31982e-05 0.00192118 -0.00129507 -0.00113456 6.99677e-05 -0.000319259 0.00135084 -0.00103895 0.00437699 -0.00144945 0.000968377 -0.00093132 -0.000705181 0.000388253 0.00155761 -0.0011091 0.0012143 0.00546316 -0.00121588 0.00477016 0.00174506 -0.00110444 0.00251908 0.00719792 0.00342062 0.00592304 0.00822883 -0.0014649 0.000346062 -0.00112013 -0.00129132 -0.000764549 0.00980066 -0.00219849 0.00243781 0.00363973 -0.00163666 -0.00361754 -0.0014658 0.0044778 0.00604882 -0.00427499 0.000556592 0.00580328 -0.000902713 -0.00243971 -0.0020594 -0.000610601 0.00368487 0.00107011 0.00565074 0.00704768 0.0022093 -0.0053852 -0.00118974 -0.000878161 -0.00241137 -0.00295325 -0.00131783 0.00318182 0.00536232 -0.00184631 -0.00147378 -0.00122851 -0.00268973 -0.0004143 -0.000843149 0.00023344 -0.000449668 -0.00103126 -0.000398751 -0.000134666 0.00189388 -0.000607964 -0.00167786 -0.00200831 0.00107153 0.000727967 0.00362481 -0.000455399 0.00476684 0.0124324 -0.00302776 -0.00145405 0.00585976 0.00203495 0.00813361 -0.00228238 -0.00184884 0.00369661 -0.0035299 0.0115461 0.0157618 0.0116216 0.00997863 0.014086 -0.000943728 0.00320321 0.000963112 0.000252807 0.00737288 0.00054298 0.00256888
internal_weight=320086 256948 152099 104849 63138 60484 150251 30049 26485 18254 3564 5169 120202 68387 51815 46750 8231 5619 13085 4097 65267 43564 62579 61085 5065 40760 103008 59444 45596 13848 99889 3120 56232 4038 8988 38420 13409 2802 98124 4307 1361 93817 1317 7176 38942 3920 2688 1212 2433 1547 31999 5567 90712 25011 2946 1505 15205 2804 2688 52194 4152 48042 3188 2212 4252 6943 1515 75507 4302 6186 3462 3176 1355 1821 1521 3258 2612 40545 32319 8226 7497 3225 2410 1380 26432 21289 19827 5376 2452 74305 11052 9864 63253 31975 30065 5682 24383 31278 27919 3359 6776 1967 4809 772 370 3088 4037 1188 3538 933 25814 20392 669 4874 608 361 259 926 465 21776 4345 976 3550 698 10727 3801
internal_count=320086 256948 152099 104849 63138 60484 150251 30049 26485 18254 3564 5169 120202 68387 51815 46750 8231 5619 13085 4097 65267 43564 62579 61085 5065 40760 103008 59444 45596 13848 99889 3120 56232 4038 8988 38420 13409 2802 98124 4307 1361 93817 1317 7176 38942 3920 2688 1212 2433 1547 31999 5567 90712 25011 2946 1505 15205 2804 2688 52194 4152 48042 3188 2212 4252 6943 1515 75507 4302 6186 3462 3176 1355 1821 1521 3258 2612 40545 32319 8226 7497 3225 2410 1380 26432 21289 19827 5376 2452 74305 11052 9864 63253 31975 30065 5682 24383 31278 27919 3359 6776 1967 4809 772 370 3088 4037 1188 3538 933 25814 20392 669 4874 608 361 259 926 465 21776 4345 976 3550 698 10727 3801
cat_boundaries=0 11 23 35 46 57 69 80 91 102 114 125 136 147 158 169 180 192 204 216 227 238 249 260 272 283 295 306 317 328 339 350 361 372 383 394 405 415 426 437 449 461 472 483 494 505 515 526 536 546 557 568 579 590 601 613 624 635 645 655 665 676 687 698 709 721 732 743 754 765 776 786 797 808 819 830 841 851 862 874 885 895 906 916 924 935 946 957 968 978 989 1000 1011 1022 1033
cat_threshold=402849856 33042 557060 16793985 33554688 128 1032 164 268437504 5 1048576 2148073602 1073775104 8192 49408 546308224 302022656 134217760 160 262144 4194304 268437508 18 2520776832 3288338960 33344 1073741824 33554432 64 3221225504 276824097 37748736 536870912 1088 8 268437632 336068624 4194401 2097152 33554464 1073774728 524292 16777728 33559554 2105344 1054208 2164326400 2182086912 32772 671088645 0 37781504 268436032 8561152 16778242 536704 4194304 540672 220201472 406851584 36044800 6144 65576 13632512 2148536320 4194304 2097160 64 8 524288 4096 4194593 2684354564 268435456 134348800 1048592 2148012033 1216348192 538052352 2416443456 4 50331648 268435458 131072 0 40 33554944 2148564993 1083179017 1073873920 524545 4226 0 8388608 2845310976 1026 1082396736 271360 416 301989920 34607104 16781312 67108864 4 17039360 2684878848 2684362760 1134592 2287075328 2147485184 1053696 671088640 66560 16 258 4194304 32768 264320 1074795520 135283008 402662432 268435588 1091567744 4 2308 16388 25170944 402915331 262144 68157440 134349864 524288 2164523008 1074790401 134349824 268435713 337772544 25165828 259 2181038088 67111168 536936512 524288 1050624 1048585 536872194 65793 8912900 16777216 423624960 524300 0 8388896 8388736 2148569090 142606344 134656 2147484416 268566528 1082130436 8405024 2176 67108896 192 2214723600 4718592 142606337 1108346112 8978436 2148008196 1073741952 8396832 263172 0 320 262432 139264 150994946 37883936 1025 33574977 2148532240 16896 573698 512 38010880 1074790400 295168 33554432 3072 131585 24 0 68157472 65536 557056 1188908 8491008 512 1081600 67174400 2106370 135168 16 134283264 2248147506 614400 32768 904 0 1207959552 17072136 92274688 0 134348800 8 76546048 1090523142 21233792 0 268443648 536936456 34078720 16777729 262144 132360 268959744 2097285 2349860896 32 1048578 135168 33554432 42205188 8192 1090519170 33555456 2155872256 34079040 16 0 536905729 9437184 1115684864 100794632 4 8389250 524352 419569728 16777216 134221824 262400 2157969416 268435456 1073741824 268566608 8652864 1075839008 1209534472 2415984644 0 134217728 33025 133248 1678901248 138412296 71303264 2147483653 4198528 201326594 3072 16 285212676 12583936 268435488 12 2684354560 256 33554688 1574912 1075838994 2624064 268501313 104576 1057348 66052 17039616 2147483648 268697600 262304 296 0 268435462 4608 24 0 16779264 0 0 67108864 4194336 0 2151680001 1048586 270594 261 147492 8389250 134259200 33554432 1073741824 256 4160 9961776 807403552 2048 25690176 4 0 8388992 11010052 335577092 138477568 524624 393984 1025 168820736 272629765 1048576 1073781764 8388768 2184 536871168 1088 256 3 1216348320 1073872898 8388612 9060420 8919040 4194464 33554700 2052 536870944 268435712 8389122 65552 10368 524288 68173824 27264000 134217728 536872960 536870912 17408 41943040 4718600 1052672 832 512 1048576 0 128 33947648 0 537003008 1572864 8390657 1168 1310720 524288 8388608 16777216 150994976 2060 268435460 134218760 8912896 2152726528 2097160 1073742340 8912896 0 16778240 138412160 33685504 268435456 671088640 0 0 16 537919488 524288 536872992 0 102912 2158231552 1073873184 0 3292791808 4194564 34 655368 142606337 0 0 4194304 0 268435456 536870912 64 0 0 320 1064960 16778240 16781313 0 67110912 536870920 524416 2148012032 1033 536871744 526400 201392132 134218240 151000064 136314880 10272 131200 128 4325376 4136 2621824 272629760 8388608 4194304 262400 41945088 268437504 536920128 0 20972034 136318976 1048712 268436484 8 1065216 12582976 8449 8652800 68157444 541065288 256 17826049 75497505 1074266176 0 8 295174144 16782336 268697600 33685504 268435456 1056 33554496 2165833728 136314881 1207960064 1024 67125248 35652608 4194305 17408 1107306504 4198400 0 2149060737 134217744 3276848 589828 69222402 44040192 1 2048 2684358656 1064992 2227175424 4722688 1048576 537133056 12585472 9437184 16811008 402653344 0 268435456 536870920 0 4194305 24 262400 4 8388608 0 16777344 0 0 536870912 0 8388608 0 1074003968 68157440 7168 257 136 67108864 197632 524800 2148700160 67113096 1611662848 524608 8388608 4096 128 131072 268435456 671089704 320 299010 17 1074003968 8388608 4096 0 33554440 0 671219744 8388672 262144 18 536870976 1048580 4 256 8388608 45124 134299648 167772288 1580032 1209013248 1074793984 131072 65540 51380356 268443648 16384 8192 1073885312 8519936 34832 18944016 134227968 4096 8388608 4096 16777344 8 8192 1610744832 34078720 2050 1073741832 134480384 257 65536 0 134222081 33554440 1073741824 1073742848 524416 2147620864 1024 393472 256 18350080 20971520 402657408 12 268437504 536871200 512 294915 17 1076101120 268960257 524292 138416128 134217760 131072 0 131072 16 2168455168 0 135528968 16777280 8 1048576 14684160 4257 2097152 268435456 671089664 1048576 8521728 2098176 537133056 5 8388612 12582912 16777218 0 335544320 671219712 2147483664 21235712 4121 134479936 17301505 1048576 5120 4194336 8 0 134217728 0 2048 16 768 0 5120 32 8 0 0 0 0 0 536871680 16384 16777216 272633856 0 4096 0 0 2148536320 0 2097160 0 4 4256 0 0 1064 8388608 0 134217728 1073742080 8388608 8454144 1074796544 4224 537004036 276832256 5242944 33686016 268567561 75497472 134218240 256 2097152 0 134217730 579108868 1073742080 16384 71335936 768 128 37748756 32 1 4194304 20971552 128 2147483712 40 67109392 528386 8388608 1180160 2155872256 0 2048 268435456 0 64 0 2155872384 4096 134217744 4456448 1 8 1048576 4 403718144 33554432 536870912 0 0 2048 67108880 262656 8388608 16777216 32 8388866 2726297613 256 33792 109314048 17825793 4194307 2315259968 1024 524288 2097152 69632 8 2048 1073742080 160 786432 136314880 2099328 20971520 16777216 1024 8388738 131072 268435456 134348832 524352 8392704 24 1318912 260 276824064 25169924 1 0 268435456 536936480 0 2148007936 0 537919490 8388672 268435460 29361156 259 1048576 2415919104 64 34078720 164352 9438208 570429442 10485760 134217728 16781346 655360 536871168 671088744 2148007936 133120 1053705 33562888 2155872257 2113536 137363472 2097186 536871040 9224 16448 0 16810048 210833409 4738 1024 16908288 209715200 2 2282881024 67109120 16776 1342703104 8397376 1025 4457472 2155872256 8519684 12583936 12845312 1703936 2214592512 135331880 1048896 0 136 671088640 576 256 12582946 0 131072 2048 1073877024 131584 2149327875 18874368 8448 64 2149580802 138446848 8667136 1048582 4128 1179904 2151677956 4195328 16777216 275976 147456 2097168 10485760 2179 2483029004 1614823752 256 8192 1074790528 33554560 16778240 68288512 16777216 150995073 33685512 67108864 134348808 1048640 131072 135266328 1208221696 0 32 0 4096 402653216 0 0 536870944 1048640 2156922881 134217744 262144 64 0 4096 134217728 8 0 0 64 8388608 0 262144 9437184 0 128 33556488 67108864 134348800 64 2147745792 134217736 134217728 524544 16777220 1082132480 256 4 268439552 66560 1048576 16777730 0 4096 1048576 4096 134217856 8 0 0 9437184 2048 8388608 4198400 268435840 2097160 268435456 134217728 8388608 133120 1073741824 2717909248 256 1048580 79693824 4194434 135266304 2048 0 8913040 2149320193 8389632 66 2148012352 152174596 67108866 32898 2181562368 67109124 49152 277873664 262656 67109888 2185232385 256 8388608 16781312 17039392 33685512 0 134284320 34603072 25165824 136314896 1052928 4194304 0 0 134217856 0 0 0 524352 0 0 262144 2097152 1091567616 0 0 4096 114816 33554448 1057856 137364488 271058008 272695300 268435456 33554432 0 0 4 536870912 34079232 2149319177 0 1024 590080 0 4096 384 8 0 1073873920 524288 2051 2097152 131072 256 16384 67108864 8388896 33554436 536870912 134222880 0 4098 1207960720 1074790400 65536 34078720 1075838980 1 33573120 268443648 37814304 528 0 0 536870948 8389120
is_linear=0
shrinkage=0.1


Tree=24
num_leaves=127
num_cat=94
split_feature=5 18 1 2 1 1 15 0 2 2 15 2 0 2 2 1 1 0 1 1 2 1 2 2 2 12 15 2 1 1 2 2 2 1 1 1 2 1 1 2 2 2 1 2 2 1 1 1 2 1 15 2 2 2 2 1 6 2 2 12 1 12 15 15 14 1 2 1 10 2 2 2 2 1 1 2 2 1 1 10 15 2 2 1 2 2 1 12 10 2 12 3 21 1 15 2 2 1 10 6 6 1 1 2 1 2 1 1 1 1 2 1 11 2 1 2 2 15 5 5 21 21 2 1 21 1
split_gain=8.49083 6.58242 4.34327 4.28977 3.84132 3.47109 3.28187 3.56882 4.2355 3.25583 3.24352 4.29129 3.79105 3.31414 3.23607 3.21659 3.11828 3.00754 3.9097 3.01923 2.97929 2.89719 2.69241 2.65813 2.55151 2.52593 2.46203 3.32429 3.19777 2.91236 3.55918 2.94259 2.34635 2.29 2.2482 2.20156 2.17535 3.40602 2.13644 2.1311 2.11114 2.09607 2.0126 2.00838 1.95244 1.94442 1.87406 1.87223 2.01334 1.84991 2.14208 2.6923 2.53054 1.81516 1.77603 1.70938 1.6246 3.5068 1.66906 1.62278 2.25242 1.6722 2.05483 2.05409 1.59421 1.92723 2.07136 1.82122 1.58834 1.68386 1.63428 1.58815 1.56147 1.79322 1.55464 1.91074 1.61121 1.53781 1.53212 1.52966 1.44521 1.40037 1.39085 1.43545 1.36813 1.35356 1.34208 1.33231 1.47955 1.31757 1.4505 1.31525 1.31841 1.3133 1.26545 1.31991 1.26072 1.23498 1.23311 1.21214 1.20297 1.81586 1.30399 1.19846 1.26822 1.19266 1.94441 1.34666 1.18999 1.16005 1.15576 1.1539 1.14685 1.6019 1.71277 1.4913 1.13763 1.55343 1.75404 1.29394 1.12313 1.41272 1.12144 1.37043 1.29367 1.99039
threshold=540.50000000000011 0.18146943300962451 0 1 2 3 352.50000000000006 4 5 6 3568.5000000000005 7 8 9 10 11 12 13 14 15 16 17 18 19 20 796.50000000000011 2846.5000000000005 21 22 23 24 25 26 27 28 29 30 31 32 33 34 35 36 37 38 39 40 41 42 43 1031.5000000000002 44 45 46 47 48 6.5000000000000009 49 50 899.50000000000011 51 926.00000000000011 2246.5000000000005 2181.0000000000005 16.500000000000004 52 53 54 143.50000000000003 55 56 57 58 59 60 61 62 63 64 133.50000000000003 1022.5000000000001 65 66 67 68 69 70 356.50000000000006 179.50000000000003 71 811.50000000000011 6.5000000000000009 0.032959260046482093 72 3975.5000000000005 73 74 75 143.50000000000003 1.5000000000000002 4.5000000000000009 76 77 78 79 80 81 82 83 84 85 86 4.2565236091613778 87 88 89 90 3415.0000000000005 1055.5000000000002 1145.5000000000002 0.024095960892736915 0.032684976235032089 91 92 0.035292306914925582 93
decision_type=2 2 9 9 9 9 2 9 9 9 2 9 9 9 9 9 9 9 9 9 9 9 9 9 9 2 2 9 9 9 9 9 9 9 9 9 9 9 9 9 9 9 9 9 9 9 9 9 9 9 2 9 9 9 9 9 2 9 9 2 9 2 2 2 2 9 9 9 2 9 9 9 9 9 9 9 9 9 9 2 2 9 9 9 9 9 9 2 2 9 2 2 2 9 2 9 9 9 2 2 2 9 9 9 9 9 9 9 9 9 9 9 2 9 9 9 9 2 2 2 2 2 9 9 2 9
left_child=3 2 -2 -1 -5 54 84 8 42 77 12 -12 22 -14 -10 -16 -15 19 81 32 45 -22 109 46 -18 55 28 -28 40 30 -30 -31 -6 -21 85 -25 37 -35 43 78 -17 -32 -8 -23 97 -20 -11 53 -49 56 51 -51 59 93 -3 96 58 -58 -26 60 -52 62 -61 79 65 71 -67 103 69 -43 -70 -37 73 -40 76 86 -38 -4 -33 -63 82 -19 -53 -84 -7 -29 120 -59 -89 -27 -91 -88 -93 -13 95 -55 -24 -36 -99 -34 102 -102 -75 104 -66 106 -69 -107 -47 -9 -54 -97 115 114 -114 -68 -57 -118 -119 -120 -76 -122 123 -41 -124 -126
right_child=1 5 9 4 17 6 7 10 14 23 11 47 13 16 15 26 24 18 20 33 21 38 25 35 49 89 27 34 29 31 41 39 99 36 44 64 74 -39 72 122 -42 68 -44 -45 -46 108 -48 48 -50 50 52 80 110 94 -56 116 57 87 -60 61 -62 63 -64 -65 67 66 112 105 70 -71 -72 -73 -74 100 75 -77 -78 -79 -80 -81 -82 -83 83 -85 -86 -87 91 88 -90 90 -92 92 -94 -95 -96 111 -98 98 -100 -101 101 -103 -104 -105 -106 107 -108 -109 -110 -111 -112 -113 113 -115 -116 -117 117 118 119 -121 121 -123 124 -125 125 -127
leaf_value=-0.9518017911252965 -1.1809666517211903 4.5293366610146952 0.19579871529440376 -0.93141933578524216 -0.65529000272621174 -2.7488839351973993 -0.20229739368145402 -1.3370217194177849 -0.79591352779395308 2.3060457555326912 -0.58302889720433027 1.7148206752771131 0.60198976782082059 -1.1881143038226485 -0.99764626234374265 0.41007904803565531 -0.76572199825925458 3.1150041018193599 4.5779652964405626 -0.71583142429537161 -0.95863008555008822 -0.23150509471360842 0.67667123006938401 0.47066132423334289 -0.94450516136883123 -0.25722227564610389 -0.79348164979168256 6.4529208581942532 1.267006096517844 -0.57024378432628298 -0.74897046296354952 -0.48209820940882359 4.1183413757385381 0.75031689925993506 3.3309030071487613 -1.2317831367535104 -0.69236913235549835 -0.44178213869915361 -0.27760885110050137 1.2352747594935574 -0.72430336264805051 -0.36358462622801441 2.5776199693665669 1.7073149714379192 0.51830201326362235 -1.2057654985096351 0.10654845250189965 -0.23681343026244522 0.2620590644362954 -1.1245842797941579 -0.45637855880944617 0.36371077020848075 -0.45656072826578431 1.9697885855534658 1.0389718096569993 -1.0473081420906063 -1.6356741403555977 2.302126775421705 0.31635724565920459 -0.83207801021531247 0.845183657102762 13.185386541781851 3.7000633674709933 0.2333894751038281 1.1883715708836655 -0.9131007410710672 -1.1423224159843428 -1.038592524457959 0.11318850802449361 0.87107994390466337 -1.1055725100146436 -0.32869518632071726 -0.2539944659654747 -0.64302810912118369 0.024368471495556515 -0.4554120805505435 -0.41405324135229027 -0.80922843736086481 3.2415025457571485 1.466431714262652 -2.5113183120389788 0.131620031081956 -0.80741705208296843 0.14147507413895774 -0.87231528790317803 2.5103526803884897 -0.59475357984104493 4.172925931704766 7.6708084316584051 3.1083254613072273 2.0924966028991929 -0.22645790757004858 1.183807945180525 0.012163746301558209 0.59949805547409285 -0.58865201653719279 -0.19406721240594288 6.2416468260240912 -0.64767474734824715 0.46002908504125695 0.39814941664053444 3.3169791794548189 0.78120875297264447 -0.20504406837713637 -0.04532436684322904 -0.55824242858164863 -0.33589837058450578 0.014852738339879585 -0.74180623931669309 -0.63750928082736413 -0.08612314897883426 0.81838851652735212 -0.033818093333396519 -0.364606099763708 0.87296197051896651 -0.27353807269365588 -0.56793435254861768 -0.1394819495152558 5.4824998211390614 0.36639429792637457 2.8961685777441009 -0.42053077698481212 0.76477063125988731 -0.048638611832229423 4.0219645599855403 1.3623886477026492
leaf_weight=2576 3016 327 393 2165 704 886 696 2105 2770 448 3502 397 3098 1625 2122 2407 3120 1228 112 3188 1406 1169 512 1983 809 124 849 252 2987 2673 4528 364 221 1418 729 2149 5183 1523 1634 850 8690 3262 2110 1859 2148 867 2926 6141 6838 3470 2900 2328 6960 473 2514 3455 446 480 6121 115 3312 118 378 1536 1709 3876 905 2410 3540 5797 3799 2183 10713 395 1740 15043 8366 2194 2207 118 418 895 4041 2525 1182 158 4717 173 117 129 149 6090 770 4425 3290 235 1244 127 240 1334 406 424 677 5007 1610 4054 5067 7877 2276 1295 15531 1144 2166 4529 1124 2934 2251 497 101 102 382 192 14049 7181 1032 2852
leaf_count=2576 3016 327 393 2165 704 886 696 2105 2770 448 3502 397 3098 1625 2122 2407 3120 1228 112 3188 1406 1169 512 1983 809 124 849 252 2987 2673 4528 364 221 1418 729 2149 5183 1523 1634 850 8690 3262 2110 1859 2148 867 2926 6141 6838 3470 2900 2328 6960 473 2514 3455 446 480 6121 115 3312 118 378 1536 1709 3876 905 2410 3540 5797 3799 2183 10713 395 1740 15043 8366 2194 2207 118 418 895 4041 2525 1182 158 4717 173 117 129 149 6090 770 4425 3290 235 1244 127 240 1334 406 424 677 5007 1610 4054 5067 7877 2276 1295 15531 1144 2166 4529 1124 2934 2251 497 101 102 382 192 14049 7181 1032 2852
internal_value=-0.000727508 -0.000430604 -0.00135246 -0.00162201 -0.00148716 -0.000133133 -0.000188365 -0.000141988 0.000360961 -0.00115095 -0.000543819 0.00040272 -0.000892992 -0.000567209 0.000219111 0.00034686 -0.00074156 -0.00136666 -0.000444936 -0.00180244 -0.000841993 -0.000354681 -0.00251712 -0.000981179 -0.000613531 -0.00156753 0.000462171 0.00272485 0.000308373 0.000620157 -0.00021026 0.00125632 0.0017673 -0.00196866 0.00402838 -0.00116609 -0.00178589 0.000843779 1.73303e-06 0.00155368 -0.00123976 -0.000671573 0.00416903 0.00240948 0.00312231 -0.00362941 0.00173168 0.000900533 0.000108551 -0.000446194 -0.000703842 -0.00179315 -0.000254459 0.00193102 0.00332865 -0.0019505 0.000936731 0.00430921 0.000346318 0.00121715 0.000383127 0.00350993 0.00866126 0.00207675 -0.00130225 -0.00198631 -0.00146295 -0.000812723 -0.000145054 0.000740697 -0.00123859 -0.00385076 -0.000511258 0.00130851 -0.00196809 -0.00155266 -0.00285346 -0.00460917 0.00429678 0.0107627 -0.000903242 0.00364275 -0.000634138 -0.00137774 -0.00414894 0.0109524 -0.000705707 0.00833333 0.0137931 0.00616915 0.00979166 -0.00114525 -0.000262393 0.000533938 0.00323758 0.00533477 0.0008154 0.00654611 0.00167109 0.00392971 0.00338912 0.00626506 0.00119403 0.000424662 0.00189546 -0.00134309 -0.00233338 -0.000721048 -0.00410086 -0.00489736 -0.0008093 0.0036789 -0.00079534 -0.000101038 0.00157576 -0.00221152 -0.00270574 -0.00125296 0.00285714 0.0106897 0.00148881 0.00533101 0.00128051 0.000297224 0.00172045 0.00333676
internal_weight=319709 240036 58560 79673 77097 181476 178635 176567 78419 55544 98148 26445 71703 59739 75613 72843 56641 74932 24061 50871 21938 18683 11964 52957 55016 8564 70721 4503 66218 55121 23913 31208 2259 48612 3654 49583 45424 2941 17277 28535 11097 20926 2806 3028 3244 3255 3374 22943 12979 51896 43750 12782 30968 9964 2841 8162 8146 1216 6930 8477 6212 2265 493 1772 47600 19866 15534 27734 16398 9059 7339 4332 14249 3536 42483 28934 13549 2587 2571 236 9312 2123 8894 6566 2068 410 13891 770 290 402 278 11577 6860 4822 5142 1852 1756 1096 367 1555 1902 830 1072 8326 3319 19408 7477 11931 3143 3400 22491 1379 11658 7819 3290 3839 6406 2951 700 203 2314 574 25964 8031 17933 3884
internal_count=319709 240036 58560 79673 77097 181476 178635 176567 78419 55544 98148 26445 71703 59739 75613 72843 56641 74932 24061 50871 21938 18683 11964 52957 55016 8564 70721 4503 66218 55121 23913 31208 2259 48612 3654 49583 45424 2941 17277 28535 11097 20926 2806 3028 3244 3255 3374 22943 12979 51896 43750 12782 30968 9964 2841 8162 8146 1216 6930 8477 6212 2265 493 1772 47600 19866 15534 27734 16398 9059 7339 4332 14249 3536 42483 28934 13549 2587 2571 236 9312 2123 8894 6566 2068 410 13891 770 290 402 278 11577 6860 4822 5142 1852 1756 1096 367 1555 1902 830 1072 8326 3319 19408 7477 11931 3143 3400 22491 1379 11658 7819 3290 3839 6406 2951 700 203 2314 574 25964 8031 17933 3884
cat_boundaries=0 11 22 33 44 45 57 68 78 79 91 102 112 123 124 136 148 160 172 183 192 204 215 226 237 248 259 270 281 292 304 315 326 337 349 361 373 384 395 406 416 426 437 448 459 470 481 492 501 511 521 531 542 553 565 577 588 599 610 620 631 642 653 664 675 685 696 706 717 728 737 748 758 768 779 790 801 811 821 832 844 855 866 877 888 899 910 921 932 943 954 964 975 986 997
cat_threshold=2147485954 33554512 1081345 3074 2147614752 16384 1082130436 131088 1098907648 538978368 524320 150994944 102760480 0 142606336 1610614016 20736 8 131072 8393890 136327168 2285895681 2147486020 640 64 1619279872 1081376 33554432 4325408 268436740 130 4194320 134222400 136511488 512 8421380 142870913 260 4210688 1346371584 0 343932928 167773205 1048576 1845 134218112 2304 0 268451840 1410334978 32776 2290090536 270496 335545344 4096 134221824 16 2097344 302514432 32770 2147747840 2181040160 0 1116209664 262152 0 6152 2416972352 16388 4194304 295072 2097280 1140860932 4263936 2147483776 25176066 1209012232 536870922 4096 4096 34603520 0 1310722 269484164 1057088 8397056 270464 27262976 2105350 8388673 8 67180545 35652242 24576 10486786 164872 37748736 131072 4 1075838976 2099220 131072 6273 2284855296 2101248 1081346 1032 268468480 67108908 4457474 16779264 3221233664 32768 69206048 524800 537395204 276824064 33587328 2248146944 20976128 1073741824 1073742336 2432830977 6313 268505217 2184192000 0 17825792 0 268480776 100663424 2 4104 4896 285220864 16 134352898 8519686 11018240 134742018 4288 0 8388608 128 1090519072 12 2148532256 72 260 20 384 3934208 0 1179656 524304 1049602 1076887553 1073741832 67332 8 17301504 92274768 8192 136314880 2304 8454144 524288 640 557842464 136315978 131076 72 0 50331652 266368 33570944 0 1073775616 2189951232 8953856 2098176 537134144 524609 16779264 6291588 16777984 33554432 1074267776 1073783040 1048644 2436894720 1077940224 134217764 16 4722689 545308672 2147494144 0 134218384 268436520 65536 0 17826564 34 293601280 16778240 256 133120 0 1312 64 4096 142606337 1311234 2147550464 4 8388612 65922 0 32 1073747072 262160 561416 8 268698152 2428502336 42483712 1077941248 402653185 131080 2415919104 0 525312 16777761 7344272 384 16778244 0 25166880 295172 2181300608 2147483648 1073890560 1074005056 33280 32 2148016128 2147551232 2415935488 2311061536 98310 2147745920 0 1073758208 1107296272 524290 4128 131842 4194817 8388608 5120 16777344 0 0 134217728 43515968 1 0 262400 524288 67174401 1075871744 4194307 0 67108864 1077997568 3288343168 2148270088 67178496 8192 272629760 268435460 0 1 131072 0 32 1048576 528384 8 0 64 17846337 68157572 12587264 524288 1342177288 0 4194336 768 603979776 17 1115648 64 65536 4194306 8421376 1610891520 1056768 33792 75497488 16777238 1342177280 34340872 276889604 276824064 16778240 268697632 12 268435456 131072 524352 30410752 2098193 1074397184 524289 142622720 1073779712 8486918 2147483656 8192 0 32784 2168457281 204472832 268437504 4259840 16777216 1140850688 289 1048576 6144 263200 273154304 17830152 2 0 2164261184 8 33554432 134222852 25231394 131204 536879232 0 4194320 1050624 8388737 33816576 273220612 8 285212672 67112960 161 0 8192 327680 268960000 5243209 22020226 1107297280 285212932 8 0 8388608 128 0 0 537002016 0 2049 2 64 4 1048576 20975616 134479872 33554440 67110912 536870944 9437184 6656 0 1280 524288 4 4096 262176 8 6144 131072 34603008 9437186 1052680 1073874176 524292 0 4194304 262144 0 536870912 65536 0 524288 32 131072 67108864 1024 134479872 128 4096 134218752 34078720 32768 0 262656 277872640 4096 0 0 0 671093760 1572928 17958913 0 1048840 524545 276824064 50331652 4194561 0 269484032 134251584 34603008 1576960 2097152 134219264 2160590917 8388608 2160066562 268439939 131072 2215647232 8454208 1048832 263176 1048576 68157472 4194624 16793600 83886112 25165826 2060 4096 671154208 34078784 22544386 134221824 135398400 589824 16777216 2231369760 285212930 657668 0 245760 33554496 22544384 67108872 672138752 65536 65536 3072 150995200 33554444 0 1610613824 9437760 2151813121 1040 1074790400 8388612 75497472 0 0 33554440 0 536870912 1048640 0 16 0 16777216 4194304 0 0 536871936 64 2147483650 1073741833 537919488 0 0 402653216 33554432 67108864 675414048 1048576 2147485696 134217729 536870976 1179648 0 32 33554432 0 4325376 0 4325376 16 134217728 1048576 33554432 134479904 33554432 8192 288 0 32768 8 2048 524288 75497476 16777216 262176 8388608 0 4227072 2248802816 17567744 141557785 263168 2155876352 9502722 68161568 268697633 537034752 4096 671088648 134218000 2050 234947584 1179648 0 8 8388608 16777216 402915456 1107296256 64 1073741824 100794896 21762048 2148564993 1073742336 2424438788 8 16452 1075314688 159387650 17860612 33561120 536870944 71303168 1024 16 402653184 4719104 16384 0 411041794 16908300 6148 536871072 5242880 16778240 69633 671351298 4195392 76546048 16784384 4194304 1196040 268468224 675282976 0 8521729 1048577 1074012160 8388865 8388608 2176843776 17043456 2147483912 2147485696 939524320 131840 16777217 16 268439426 1179648 4196358 16777217 33686534 536870916 134218752 9699392 1572864 17 33685504 524545 16777216 16779280 134218368 33687556 1073742080 134217800 34603268 4129 136314888 671219776 17301504 3162112 0 285212800 2148663296 335544320 537067560 34603008 2148532745 16777225 1074793474 1024 8404996 1024 16781344 133128 0 134414376 524608 4718592 135266329 1074790658 1344 4 4096 288 0 0 4194304 384 16777216 0 394752 64 0 16777472 262144 4 2048 134217832 8389184 0 134217760 524352 0 4096 285474816 33554432 67108864 134217728 1048640 8652800 16 538181632 524288 279052288 6293504 262272 2752640 67108864 12713984 4194304 133120 1074790440 520 268435520 4096 134479872 2181070848 8192 1180968 524288 9961475 134218752 262402 134807552 17957120 0 268697632 167772164 0 134349856 1048576 4194305 1032 1610612736 268435520 0 0 268435584 0 0 536870912 0 1 16 16384 32 4352 2097416 805314560 536870912 524288 0 8388608 2050 8454144 0 0 4194304 0 268435456 0 64 131072 16 1073742336 0 4096 0 0 0 1024 0 16779264 0 1048576 8388608 8392708 0 18432 0 0 0 524288 0 64 524608 1048576 1024 32 0 0 134217728 0 2168459264 16 1073741824 4194304 0 4096 285212800 0 0 536870912 64 1 0 1048576 4 0 0 402653184 0 4096 32 0 8388608 65536 1074012160 0 0 262304 2048 67108864 536870912 0 8388608 66560 1048576 8388608 16777216 134217728 0 335544320 134348800 0 8390657 0 1310976 257 8388608 0 262144 0 0 0 0 4722688 1048576 1073741824 4 8 9437184 16777216 128 0 67108864 0 0 8388609 8 1074790400 524544 0 12582912 0 131204 33554436 4202752 2148008192 1081376 134222848 138806530 4160 272826368 132608 16480 8536192 67149952 536970240 4352 32768 2097176 0 4194625 0 142606336 134283520 0 4 0 134217744 2169634816 78644240 1108344840 13107200 8388608 20976640 134217728 8 268435456 671093760 9437184 2147487746 0 537133064 257 270532608 1086326788 2359296 33554568 67108896 138412032 4718592 32769 1073745936 1074003976 4718592 0 4096 0 0 0 1024 524288 0 0 1048576 524288 131072 25168400 134221824 2113536 67149824 5259264 67239936 1703937 1048601 1210056706 131076 131072 2048 128 131072 8192 134217760 384 4227072 0 1209008128 4 0 2066 4096 2097160 0 1197088 128 524288 17 1075838978 4 9453568 8391680 134218017 2056 1073741824 671154184 131584 17963010 1074790425 512 8912896 32768 1152 537002241 134217728 671285504 64 2151678016 570425489 2181309440 8978432 256 50331650 262176 2097152 603983872 0 131072 1050624 33554465 2048 1 16777472 67108866 270368 2181038080 10240 570490952 2147484160 0 134217728 1179648 589824
is_linear=0
shrinkage=0.1


Tree=25
num_leaves=127
num_cat=101
split_feature=4 20 8 2 1 2 1 7 1 2 1 2 2 8 1 1 1 2 2 1 1 8 8 8 2 12 2 1 2 7 1 1 15 1 1 2 8 2 2 1 2 1 1 2 1 1 1 2 1 1 1 1 1 2 2 2 1 1 1 1 2 2 15 18 2 2 1 1 2 2 2 1 1 2 2 1 1 2 1 2 2 3 2 1 1 2 1 2 2 1 1 15 1 2 2 2 2 4 1 8 1 2 2 15 2 2 1 20 1 15 2 2 15 15 1 1 1 1 2 19 1 1 2 16 1 2
split_gain=7.50429 3.4675 3.78849 7.18853 5.97391 5.12431 4.22578 4.14211 5.34383 4.62552 4.46882 3.73996 3.51106 3.44917 3.62474 3.101 3.04127 2.95677 2.87259 2.86132 2.86046 2.75656 6.081 7.41542 8.28845 6.7496 6.80839 6.00943 5.84599 4.801 4.15987 3.92913 3.78661 3.4598 3.37305 3.3639 3.34514 4.08231 3.36291 3.33331 3.03155 2.94381 2.68399 2.80697 4.25944 2.75453 2.63348 2.59933 2.90648 2.87577 2.58797 2.58479 2.57821 2.47738 2.33433 2.32927 3.15272 2.275 2.27389 2.18852 2.09742 2.06757 2.05567 2.03959 3.87 2.06576 2.49624 2.12713 2.10854 1.97328 1.96167 1.96109 1.86804 1.83319 1.79574 1.79411 1.78336 1.98538 1.92652 1.75871 1.74754 1.73999 1.72792 3.11625 1.71444 1.71316 1.7038 1.70223 1.67028 1.649 1.61726 1.61501 1.61229 1.60465 1.58536 1.51575 1.48357 1.48095 1.47571 1.45974 1.45605 2.20793 1.49316 1.47714 1.75604 1.43308 1.41443 1.39936 1.37942 1.48208 1.32023 1.31278 1.5484 2.37155 1.30618 1.28148 1.28075 1.2732 1.26691 1.26658 1.26649 1.25952 1.25329 1.24034 1.20143 1.17922
threshold=16.500000000000004 0.13001377880573275 3.5000000000000004 0 1 2 3 1.0000000180025095e-35 4 5 6 7 8 1.5000000000000002 9 10 11 12 13 14 15 17.500000000000004 29.500000000000004 27.500000000000004 16 1036.5000000000002 17 18 19 1.0000000180025095e-35 20 21 4164.5000000000009 22 23 24 14.500000000000002 25 26 27 28 29 30 31 32 33 34 35 36 37 38 39 40 41 42 43 44 45 46 47 48 49 3894.5000000000005 0.29241539537906652 50 51 52 53 54 55 56 57 58 59 60 61 62 63 64 65 66 9.5000000000000018 67 68 69 70 71 72 73 74 75 3568.5000000000005 76 77 78 79 80 10.500000000000002 81 22.500000000000004 82 83 84 2628.0000000000005 85 86 87 0.17087458074092868 88 3572.5000000000005 89 90 2240.5000000000005 1989.5000000000002 91 92 93 94 95 0.01910871081054211 96 97 98 0.20968241244554522 99 100
decision_type=2 2 2 9 9 9 9 2 9 9 9 9 9 2 9 9 9 9 9 9 9 2 2 2 9 2 9 9 9 2 9 9 2 9 9 9 2 9 9 9 9 9 9 9 9 9 9 9 9 9 9 9 9 9 9 9 9 9 9 9 9 9 2 2 9 9 9 9 9 9 9 9 9 9 9 9 9 9 9 9 9 2 9 9 9 9 9 9 9 9 9 2 9 9 9 9 9 2 9 2 9 9 9 2 9 9 9 2 9 2 9 9 2 2 9 9 9 9 9 2 9 9 9 2 9 9
left_child=1 16 3 52 125 6 120 10 53 13 69 117 72 92 -15 -2 -1 -17 -18 87 -14 36 23 25 29 26 27 -23 71 31 35 -25 41 40 105 -28 38 39 114 -38 -30 -29 74 44 -44 61 110 49 85 -47 88 54 -3 107 -20 56 -32 73 -46 -39 106 -45 111 65 -65 66 -62 68 -67 -7 -21 -24 -4 -50 -40 80 -35 78 -78 121 -57 96 83 -69 93 -49 97 -13 -11 -84 -85 -60 -10 -8 124 -54 -33 -51 -72 -56 101 -91 108 118 -105 -26 -48 -9 -102 -110 -19 -16 113 -113 -22 -61 -31 -12 -103 -114 -6 -53 -66 -107 -59 -5
right_child=15 2 12 4 5 7 84 8 9 50 11 19 20 14 62 17 18 46 51 70 21 22 28 24 34 -27 30 32 33 116 55 81 -34 76 -36 -37 37 59 42 -41 -42 -43 43 45 58 47 60 48 57 86 -52 79 95 -55 99 75 -58 94 91 115 63 -63 -64 64 122 67 -68 82 -70 -71 98 -73 -74 -75 -76 -77 77 -79 -80 -81 -82 -83 89 90 -86 -87 -88 -89 -90 100 -92 -93 -94 -95 -96 -97 -98 -99 -100 -101 102 103 -104 104 -106 123 -108 -109 109 -111 -112 112 119 -115 -116 -117 -118 -119 -120 -121 -122 -123 -124 -125 -126 -127
leaf_value=-0.92703195491089563 -1.2432259210035916 3.3570466371650873 -0.87762528278708263 6.9343767907837268 -1.8205156615090681 -0.31660137032498897 0.39746069945421292 9.2314990567517903 2.7593584449404966 1.4606016993403395 -0.8437548605682581 0.5647705239235794 -1.0139267141570316 -0.18738818837605731 0.44319416236389408 -0.81490296654876282 -0.7992204042128922 0.15719834485436529 -0.62285630982843732 -1.0446850454620213 -0.3722368836665314 -0.9976027968036606 4.2029180131075448 0.19334328348144347 -0.058891927223814491 9.4293497230361343 1.1790927642257081 3.1952451603396059 2.1702636668949533 2.5005416084674743 -1.3526535187607447 3.8589419524075321 5.6369871419369471 -1.5919491350611827 -0.26050859856739411 -0.48377555717031173 1.6677908405983599 0.085864925978777137 0.32716407974539297 -0.57484444893327213 -0.71246461740232947 0.65079195211602292 2.0804752450663151 -0.84991788559370784 0.41148539248674204 1.122493981514278 -0.72055280817513323 -1.0114635882378102 2.6766325361495373 -0.91848380645610672 -0.91495769194345744 -0.42783023436078516 0.3407943049655674 0.78189306010764659 0.36674829912052526 0.064833509987142407 0.40047497045040048 -1.114587482857158 -0.69826331456537338 -1.5412699150338265 1.9148623209493039 -0.33895965588377841 4.6347775430096751 2.8873528224426313 -0.71823207680045731 -0.34232965009439287 0.047273253514425052 -0.65354356271793501 1.0511290924218644 0.87228941449084418 -1.030978560922351 0.40866672078018795 0.85873703231982335 -0.31545579532046286 -1.1080794774862626 -1.1965233076530744 0.57523982523011907 -0.96042428440068195 -0.85512246132697811 -0.46590716618736849 -1.0245325717481477 4.7180170976315514 -0.71208254632515156 1.9561625812450494 0.47948335613769866 -0.58160435196205695 0.020484757540078419 -0.30821600741070238 -0.64510451176044681 -0.86099079810380763 0.26477986937542425 0.4400174371362181 -1.3095977648896049 2.8055861735944418 -0.275290371948822 3.6937683256801259 10.487777540015056 -0.22489004759790318 -0.39927317417047842 1.5566339731732579 -0.72870198230052918 0.16574528311986095 0.014346778897361887 -0.34121245297580272 0.66199759923311152 3.4645988007332238 -0.1221295597959151 2.8075249764912842 -0.1886039098262641 1.8176213813470694 3.3765280318297508 3.479886803738399 10.647826657122904 -1.8534678918996079 -1.1880555461050319 -1.1025469522225178 -0.11008419836315449 -1.4477638011883183 -0.61875051761334143 4.7995789941374278 -0.2118335133873771 0.66883593061754221 0.46830041501600123 2.5223626375579378 -0.55110074721365743 1.2721334833419993
leaf_weight=2351 1458 718 474 234 325 1334 648 118 110 721 650 1196 2125 789 441 1644 2112 830 1123 3603 1252 756 312 207 229 149 1545 1059 556 106 1141 113 103 2087 1954 1478 742 730 742 1357 732 3175 1103 4690 3533 2471 2359 1071 1354 1710 2516 249 1303 540 2051 1681 2624 559 2671 1584 1907 6813 141 1968 1565 1944 3297 2967 5488 1919 742 644 1763 988 3214 3834 929 3665 1292 12106 1301 423 2435 1667 4661 5760 13337 4252 802 4261 12964 399 619 676 26403 293 319 2915 5399 280 3435 1924 46193 3515 3726 200 3118 380 1416 293 1074 312 168 146 1515 3925 424 1474 7324 258 1397 678 8502 286 3517 957
leaf_count=2351 1458 718 474 234 325 1334 648 118 110 721 650 1196 2125 789 441 1644 2112 830 1123 3603 1252 756 312 207 229 149 1545 1059 556 106 1141 113 103 2087 1954 1478 742 730 742 1357 732 3175 1103 4690 3533 2471 2359 1071 1354 1710 2516 249 1303 540 2051 1681 2624 559 2671 1584 1907 6813 141 1968 1565 1944 3297 2967 5488 1919 742 644 1763 988 3214 3834 929 3665 1292 12106 1301 423 2435 1667 4661 5760 13337 4252 802 4261 12964 399 619 676 26403 293 319 2915 5399 280 3435 1924 46193 3515 3726 200 3118 380 1416 293 1074 312 168 146 1515 3925 424 1474 7324 258 1397 678 8502 286 3517 957
internal_value=-0.000645005 -0.00103836 -0.000890317 -3.56432e-05 -0.000369761 -0.000598951 0.00168848 -0.00121509 0.000705865 -0.000288642 -0.0019685 -0.00260649 -0.00114821 0.00269205 0.00463414 -4.90305e-05 -0.00225299 4.28926e-06 -0.00182116 -0.00205368 -0.0012159 -0.00115507 -0.000373307 0.000524947 0.00429242 -0.000326862 -0.000495804 0.00262003 -0.00240482 0.00997503 -0.001663 0.0139171 0.00405567 -0.00317226 0.00086226 0.00160567 -0.0014313 -0.00334373 -0.00124592 0.000478898 0.00163328 0.00360415 -0.0011314 -0.00100424 0.000808707 -0.00119948 6.02318e-05 -0.0009277 -0.00139983 -1.12532e-05 -0.00249198 -0.00137419 0.00536144 0.00736641 0.00105658 -0.00259749 -0.000596029 -0.0010085 -0.000155756 -0.00462314 2.6146e-06 -0.00261704 0.00754742 9.2377e-05 0.0013253 -4.92597e-05 0.00189106 -0.000150863 0.00147541 0.0014312 -0.00307976 0.00501035 0.00277258 0.00198979 -0.00367121 -0.00370056 -0.00394965 -0.00304614 -0.000676829 -0.00201871 -0.00184492 0.0168208 -0.000282212 0.000608812 0.00294412 -0.00327584 -0.000451816 -0.000216199 0.000763207 -0.000492677 0.00120825 -0.00214286 -0.00327847 0.00611694 -0.00123947 0.00307596 0.0214815 -0.00210356 -0.00198505 0.00285775 -0.000405983 -0.00111272 -0.000120165 -0.000587311 0.000481975 0.00668965 -0.00190815 0.0124409 -0.00173458 0.000587549 0.00374085 0.00637736 0.00856823 0.00462882 -0.00467051 -0.00530712 0.00226415 -0.00653234 -0.00142518 0.0130047 -0.00266744 0.00216649 0.000528925 0.00975806 -0.00307391 0.00656952
internal_weight=320107 192833 171883 39842 37528 36337 7707 28630 8061 7023 20569 17316 132041 2984 2255 127274 20950 125816 18599 15192 129804 127679 33324 23107 4261 18846 18697 5093 10217 1592 13604 1062 4337 9261 2669 3023 94355 8338 86017 2099 1288 4234 83250 79294 7706 71588 124172 60085 39652 20433 4039 16487 2314 1038 3454 10581 3765 32821 6603 6239 122268 11503 1466 116791 12035 104756 5204 99552 7432 3253 9744 956 2237 2342 3956 6816 7973 5886 2221 13033 2982 855 92120 17598 5985 6831 17962 5448 1523 74522 14631 3070 729 1324 30479 1596 432 4625 6141 2331 72087 20750 51337 16489 7241 715 5477 498 5144 1709 1904 1325 884 458 2767 5509 530 2124 9248 426 1722 927 10067 486 4076 1191
internal_count=320107 192833 171883 39842 37528 36337 7707 28630 8061 7023 20569 17316 132041 2984 2255 127274 20950 125816 18599 15192 129804 127679 33324 23107 4261 18846 18697 5093 10217 1592 13604 1062 4337 9261 2669 3023 94355 8338 86017 2099 1288 4234 83250 79294 7706 71588 124172 60085 39652 20433 4039 16487 2314 1038 3454 10581 3765 32821 6603 6239 122268 11503 1466 116791 12035 104756 5204 99552 7432 3253 9744 956 2237 2342 3956 6816 7973 5886 2221 13033 2982 855 92120 17598 5985 6831 17962 5448 1523 74522 14631 3070 729 1324 30479 1596 432 4625 6141 2331 72087 20750 51337 16489 7241 715 5477 498 5144 1709 1904 1325 884 458 2767 5509 530 2124 9248 426 1722 927 10067 486 4076 1191
cat_boundaries=0 12 24 36 48 59 71 82 92 102 113 124 135 146 157 168 180 191 203 214 225 237 248 259 270 281 293 305 316 326 337 347 359 370 381 393 403 415 427 438 449 460 471 482 492 503 513 524 536 547 558 569 581 592 603 614 625 637 647 658 669 680 691 702 713 724 735 746 758 769 779 790 801 812 822 833 845 854 865 877 888 899 911 923 935 946 957 967 978 989 1000 1008 1018 1029 1039 1050 1061 1073 1079 1091 1102 1112
cat_threshold=2215116800 256 2142208 2155872513 536870912 1052672 160 8192 268500994 135399426 6148 2 256 1212153856 0 2147483776 33556704 16640 1074008064 256 75497472 12302 2147684384 16 16777216 6176 327968 33554432 133120 671096928 134217728 131336 7340048 256 25167425 16 4 50333696 268439680 2308 0 1073742952 33554432 1183746 1032 704774720 4194820 64 276824064 2097152 8392736 537526276 268435456 135296 34603008 2151809032 0 0 65 268451840 4195328 268435456 393224 268435456 1032 2190475792 2156136961 4096 1610613256 589824 8 147456 4132 34 34619392 67108864 1074790496 2181563392 270339 16781312 676855936 16777216 70017 141557766 4194432 278530 8388608 1073971200 67109136 262722 0 536870920 538984448 6291472 0 1359478786 34603586 268443776 2550140980 8320 0 301990016 0 16778240 16777473 0 2751463424 536936448 0 18356225 134217744 538313472 4718592 2050 1073741840 2122240 25706498 8388640 128 134225920 8204 16844800 37756928 135267328 2147483904 1154483200 4456449 1109393408 33556704 0 1073774848 2148007940 136318976 536870912 4160 671105024 268435584 541696 1073741824 1242203138 9441280 268439584 268443784 0 270532644 2048 25165824 33555476 2392192 0 33554528 1073766656 128 18350080 134288392 135266368 2415919360 16781312 16778240 8650753 393216 0 671162368 8388672 25200640 1049 1073741824 268959744 100663488 134357442 64 1024 131072 57600 2147483680 1024 272728064 8240 151126016 64 1048580 16777216 285212672 131072 67108864 134415392 9961472 16779267 8 537264192 524292 9043968 128 430178306 262148 2483027968 1078984704 75628544 9699328 16777216 2105856 12582912 8 277479424 16777248 4097 545259778 12548 196608 8520208 0 10485792 1074795648 4259840 268566528 1024 262144 2147483652 0 4194368 131392 1344002 8392832 2621448 66116 25231361 4 155189250 278528 335548416 1082331136 524288 1572864 1073746953 262144 66048 8 0 4096 4194432 0 0 671088640 524288 0 134217728 1074004224 524288 2097152 2100224 262144 34621452 2751471616 1073745920 33554960 1049088 1048704 570950528 4194304 1048576 3072 272629760 33685504 0 132136 9437184 1 1025 1073742400 524288 1048580 5120 4198784 33685504 0 134284296 1573120 131072 1049 1073742144 261 524292 25171968 4194304 2056 2048 138428680 512 5771264 16 1208354048 2151678208 8 2304 544 10494976 8421377 3221225600 0 131592 131072 289669120 2099200 138608705 96 8388608 25167872 150995072 526344 4 134218784 128 6144 134218761 1073742592 257 1048576 16777216 16777344 33685512 0 671219712 0 8394753 0 1074004224 0 12582912 142606368 4 1342177280 134217768 100663552 8790018 135267328 35652160 2148007940 540672 33554948 36 16388 1073775840 1074008064 67109888 1212896 4098 270532610 2432696322 1115685122 129 538987648 8192 33554432 33554688 32832 1075838976 266240 285213696 8 25165824 0 2359555 262144 2684358656 536937480 524544 0 69206176 135008768 2148073536 276824065 1075838976 1048578 2176 67112964 406847488 1179648 1 3290431616 167772928 2155945985 134283328 2148532610 8388612 536903680 536871368 0 262156 2415919104 67141632 67112960 16785408 80 1179780 67108868 419692544 262156 67108868 131072 1048704 285213184 34604161 542769154 2283864068 93357056 0 2181038082 2304 536872000 42205440 2147745792 0 3758099456 4096 16 2149650436 25198592 33024 524288 10496 33554440 168034432 16777228 1024 2147617792 1576960 16 131072 50331648 272630017 0 0 1064 256 8951809 1073741968 1180928 524544 1048576 0 270540832 2048 536879108 1073823744 41951376 30409760 83951624 2562 4 0 0 0 131072 4 134348800 1048576 8388609 1048600 1048576 524289 9437184 16778240 289407104 131072 0 0 0 8390657 0 536870976 256 65536 2048 134218017 140 268435456 536871016 33554496 37382 0 132864 524353 1048576 41947136 0 34734344 8196 8519712 4194688 38920 134217769 135009352 131072 20971520 33 2181693440 8196 1048672 34603072 2168885248 8388608 134222144 69 131328 2151677968 8925184 565444864 2147483656 1048704 1077936272 285213192 40 4198400 269484033 8388608 289472640 131208 2052 12714016 9437248 2155878403 8 33685760 4 131076 2048 262176 3147904 4096 4259904 4718848 164354 0 168036672 276889600 8 2228230 557088 0 2624513 1049344 1077952512 134218128 256 805306368 532480 276824580 4 16778240 262144 393224 2048 134218784 67633152 13635587 1048721 1074921986 260 67113217 33555458 32 705691648 4096 295208 3226468864 2048 1052672 3221225480 2147614784 100733056 131072 8396806 2172813568 2155872264 33554432 33816576 4102 37748736 67109008 134217728 64 77594624 50331680 155189633 262152 0 1179656 1048640 2048 134218752 1074004032 64 268566528 2232324 262144 2308 3221226496 273678592 528 131840 134221984 268435968 2147483648 17825793 16779520 4456704 0 4 134217768 1572864 4194304 1026 1610614272 524289 8388608 16778240 4194432 131072 335544320 4391936 1048896 4198401 1024 537133056 256 277872640 1082131456 293601282 537001984 32 17664 41943552 524288 134217737 2101824 256 8 0 4096 268435584 33554440 268435456 536870944 64 8388609 0 1048576 0 4096 128 131080 0 134348800 9437184 0 8 1074266112 524288 0 0 288 33554432 0 65576 64 2155876353 134217754 256 524288 0 4096 20971520 33685504 67108864 536870912 448 2147745793 0 1074790400 524288 16388 4199424 268698016 33554560 536879108 671088640 128 2048 9437200 537002304 8913217 285229056 4194304 276828289 537133440 32 1032 524288 25726978 8389632 267264 2416508928 524292 2052 285216928 33556608 335544320 16416 640 2155878400 1075838984 537134400 4194560 9437184 4096 34 131072 0 537067520 1048576 4194304 56 1209008136 8388868 268435456 285214720 33 524288 524292 1024 34078976 2151940096 1048576 3584 655424 0 16778244 4198560 0 2048 671089928 33554496 16777216 1074791440 1610744066 257 2048 1178603536 331776 4 8324 268436512 1028 2173304848 134217730 38797824 0 16 41959428 171968512 268435491 33554432 268447744 0 132352 17825794 1074790400 538708032 268439552 524288 4096 4194561 33816584 67108868 0 8388736 786432 1207959552 264448 0 0 4194304 0 0 4276256 8388608 1053696 209715200 8712 2155878912 2 4194320 2105345 537035016 805306368 1114240 576 4722688 2608 4456520 268435524 270663684 41943040 134217730 539099264 67108864 16392 524288 1048576 1073741953 0 4194304 9437184 25165828 138412160 0 67108864 131072 524288 1048578 1 262144 73924992 67109376 69696 2148794368 1083392 8388608 1145045376 263232 37748736 10 268500992 86507520 67108864 256 1310720 0 0 5242880 4723712 33554443 132106 1 8 0 16778240 268435456 0 0 0 64 0 24 0 6144 0 0 2048 134225952 0 131072 0 256 8388608 134283264 1050624 70144 34603008 276824360 8422720 71304192 2148008192 8454178 0 256 2 0 0 0 2155872512 536870912 4096 128 0 2 135397378 4100 0 0 16777216 131072 0 134217728 8388608 0 0 262144 524288 67108864 2147485712 8192 539494657 1048576 4104 0 2147615296 1114114 2097664 8388673 8 16793600 20971552 268435841 2097152 8196 536952896 1572864 2064 2097675 1074791424 133124 8 285736960 25167360 32 134479872 4192 98560 3233808384 32769 2101392 66 4097 8 2147483905 2050 2097152 672137344 536870912 8384 2151677952 263232 1091634336 134479872 5439488 9437184 2052 272630144 8 335546368 128 0 5244416 8454152 536870920 524544 8388608 4096 138412192 33554432 0 536870912 0 4096 134217728 256 9568257 0 406847488 131072 335544320 40 1048592 1 8 1074266368 268435456 1048576 8389632 155189248 131072 67108864 134217768 0 8388611 1040 537395200 512 336592896 0 272629760 131072 536870912 671088640 1048576 2147485696 2097288 0 2147483712 0 4195328 0 262152 268435456 8 9437712 262145 8388608 16778240 155189248 0 0 671088672 9437184 8388609 1 1075576896 16777216 50331652 402657408 33554436 268445696 131072 16 2170028032 1049601 3276810 524352 0 16782336 402653184 8 0 0 1048576 0 0 1048576 9437184 16777216 257 131080 0 537003008 131136 4096 1075838976 1073873920 321 1 136316930 18874432 570425472 872415232 192 68157440 4195904 1090584608 134221832 589824 0 33554432 4096 0 0 1073742912 33554432 1048576 1032 0 512 64 0 16777216 128 0 67108864 536870944 285736960 1237321728 69634 260 2147483648 536870912 67895296 4194304 8388770 536875008 256 8 0 0 17039361 0 0 8 512 4194306 1025 1441792 256 0 4096 0 131080 0 0 0 2049 16 1073741824
is_linear=0
shrinkage=0.1


Tree=26
num_leaves=127
num_cat=50
split_feature=5 1 18 1 0 1 1 1 1 1 8 8 1 1 15 0 15 1 1 1 8 1 8 1 8 1 1 1 7 1 1 8 0 1 1 8 12 12 12 1 8 1 8 1 15 1 12 8 12 19 1 1 15 15 0 8 8 7 1 8 8 1 1 11 13 1 5 1 20 1 15 7 8 21 12 12 12 12 1 15 11 1 1 20 5 0 15 20 8 12 12 12 1 19 1 1 1 10 11 0 12 17 15 15 21 15 12 15 1 21 15 0 8 4 15 11 1 15 15 15 1 5 15 9 12 17
split_gain=5.81475 3.72774 3.67421 3.29684 2.76399 2.85518 2.4689 2.45926 2.29626 2.19129 2.11463 5.13904 7.30763 4.20677 1.93318 2.38308 2.16933 1.88786 1.86282 1.78766 1.77187 5.21642 3.45421 3.11952 3.04382 4.39285 3.51263 3.45301 3.37694 5.43881 2.92235 2.74777 3.52084 2.50361 2.43455 2.3744 2.3627 6.17224 2.44604 2.32553 2.1887 2.02676 2.6162 2.36168 1.91041 1.79741 1.79287 1.95957 3.70202 4.53335 1.78507 1.64378 1.54891 3.71043 2.9076 1.57704 1.91654 1.68786 1.65724 1.54583 4.48341 3.30905 3.00465 2.0941 2.5529 1.51346 1.50915 1.46418 1.72464 1.48604 1.44751 3.27935 1.4474 1.43529 1.43101 2.12425 3.45002 1.73087 1.42634 1.39555 2.24473 2.35004 1.60986 1.38397 1.35648 1.3395 1.87973 1.5324 1.30925 2.5002 1.99072 1.3062 1.30364 1.88879 1.27241 1.26376 1.2633 1.25317 1.25143 1.43131 1.54628 1.43367 2.20558 1.56973 1.23386 1.57607 1.22254 1.21404 1.27595 1.21081 1.60316 1.14986 1.38964 1.22225 1.14876 1.14852 1.1344 1.1299 2.16334 1.1291 1.3725 1.20174 1.11136 1.1033 1.1593 1.26908
threshold=600.50000000000011 0 0.17229230701923373 1 2 3 4 5 6 7 29.500000000000004 26.500000000000004 8 9 2998.5000000000005 10 3212.5000000000005 11 12 13 17.500000000000004 14 18.500000000000004 15 7.5000000000000009 16 17 18 1.0000000180025095e-35 19 20 19.500000000000004 21 22 23 3.5000000000000004 935.50000000000011 275.50000000000006 1030.5000000000002 24 4.5000000000000009 25 1.5000000000000002 26 3415.0000000000005 27 906.50000000000011 5.5000000000000009 935.50000000000011 0.018239078111946586 28 29 3968.5000000000005 3975.5000000000005 30 12.500000000000002 8.5000000000000018 1.0000000180025095e-35 31 29.500000000000004 27.500000000000004 32 33 4.9280288219451913 17.500000000000004 34 865.50000000000011 35 0.13001377880573275 36 2866.0000000000005 1.0000000180025095e-35 6.5000000000000009 0.034176327288150794 1048.5000000000002 1025.5000000000002 1036.5000000000002 555.50000000000011 37 3568.5000000000005 7.2354078292846689 38 39 0.13772479444742206 895.50000000000011 40 2878.5000000000005 0.25480124354362493 2.5000000000000004 289.50000000000006 139.50000000000003 325.50000000000006 41 0.05142596177756787 42 43 44 66.500000000000014 4.5148885250091562 45 405.50000000000006 0.023090551607310775 2819.0000000000005 2327.5000000000005 0.0080313798971474188 4096.0000000000009 315.50000000000006 2181.0000000000005 46 0.0059155807830393323 3034.5000000000005 47 6.5000000000000009 3.5000000000000004 550.50000000000011 6.5460557937622079 48 4175.5000000000009 3810.5000000000005 431.50000000000006 49 980.50000000000011 4230.5000000000009 1746.5000000000002 948.50000000000011 0.013699301518499853
decision_type=2 9 2 9 9 9 9 9 9 9 2 2 9 9 2 9 2 9 9 9 2 9 2 9 2 9 9 9 2 9 9 2 9 9 9 2 2 2 2 9 2 9 2 9 2 9 2 2 2 2 9 9 2 2 9 2 2 2 9 2 2 9 9 2 2 9 2 9 2 9 2 2 2 2 2 2 2 2 9 2 2 9 9 2 2 9 2 2 2 2 2 2 9 2 9 9 9 2 2 9 2 2 2 2 2 2 2 2 9 2 2 9 2 2 2 2 9 2 2 2 9 2 2 2 2 2
left_child=1 -1 8 -4 5 -3 -5 72 109 -6 11 20 14 74 15 98 -16 -10 -11 -14 24 22 36 -23 25 111 -26 52 30 35 -27 33 51 44 -31 50 37 -22 -38 -24 -37 42 43 73 -25 83 -43 85 49 -49 -30 -33 54 -54 -28 56 57 78 114 60 67 -62 -61 64 -63 66 -55 -20 69 -69 -60 123 -7 -32 75 77 -77 116 -56 82 81 122 -9 -34 -41 86 87 -48 106 90 -90 -45 -15 -94 -29 -42 104 -35 -13 100 -100 103 -103 -101 -82 -106 -52 108 -84 110 -2 112 119 -113 -58 -53 -12 118 -18 -8 121 -121 -81 124 125 -72
right_child=2 4 3 6 9 7 10 79 17 18 13 12 19 92 16 -17 117 -19 59 -21 21 23 39 31 26 28 27 94 29 34 41 32 45 97 -36 40 38 -39 -40 84 95 46 -44 91 -46 -47 47 48 -50 -51 88 115 53 65 55 -57 58 -59 70 62 61 63 -64 -65 -66 -67 -68 68 -70 -71 71 -73 -74 -75 -76 76 -78 -79 -80 80 96 -83 107 -85 -86 -87 -88 -89 89 -91 -92 -93 93 -95 -96 -97 -98 -99 99 101 -102 102 -104 -105 105 -107 -108 -109 -110 -111 -112 113 -114 -115 -116 -117 -118 -119 -120 120 -122 -123 -124 -125 -126 -127
leaf_value=-0.7519020277542996 0.25764812408495258 -0.69542915457061538 -1.0393358636910082 1.0760360282846844 0.89992585163825956 1.1806731007509645 -1.0086156382236284 -0.67927174415140779 -0.89361294721687679 -0.46028050042756341 1.7559927465595278 2.7610769888421607 -0.57965234055453496 -1.4812374380887765 -2.4395128021206194 0.96857415936793201 0.86334555690204207 -0.32060802817137768 -0.44068727185171808 0.93189562821913074 4.5779210971079625 -0.83849410927441326 0.8335783359644735 2.4390401307320775 0.56371971591610071 -1.1982434681114387 -0.57984048128614363 -0.86054187868443133 1.089639820107198 0.24631986634524294 1.775361955025188 -0.45344224757248947 2.1906984449514595 3.0415751887298956 -0.4695200920802462 -2.3805563783149575 -1.3348840986098887 10.678283214707484 8.3053810626425335 1.2301643649745841 -1.3737864557493418 -0.33569167567939995 -0.072089215262183343 -0.67781532329171801 4.9513825426130467 -1.2079811310908046 0.78901495314233028 14.277756925218426 0.40033889346536677 1.0744373942121024 1.2243555566473452 3.1909740927895078 5.4166164926986298 -0.69512913027698942 3.2453455585071369 -0.2563164888076514 -1.7690845470970598 -1.9604492976057135 0.054502960249548309 0.73873652023649172 -0.46634444912933104 5.0438601361288606 -1.1018938993391911 2.2615596425441207 11.18610420391285 -0.55470600656421143 3.6310367123650806 0.09766350909359324 -0.0072023036429449631 -0.58777516737686619 -0.070595626253040111 9.3376900412901129 -0.11141105329700376 6.8925667306778484 -3.2194156699396381 9.8581546876117354 0.16829067019624933 -1.8468159585006185 -0.33772182304521298 0.050283024929586174 0.85334333576485288 -0.33680565177503841 0.08966496104996452 -0.17951601036339185 3.9860157080427685 -0.6795598184802214 0.071558977993442241 12.209744285431929 5.2283610046105959 1.7205134571413372 14.266049525535909 2.1662692444102434 -0.65903483971250809 2.8860859558331695 -0.42259313765663165 2.0715478120349955 -0.1215294052240506 0.13258803853272161 12.577261575200147 -2.3117966122964688 6.2624236415003471 9.0115913876563134 1.9717527291462671 7.0580136259649295 2.3723341230346331 -0.72219186929931123 3.9868089157523752 -0.46708631136599144 -0.50172731093871092 0.17068040636151405 2.5741263116064119 2.4640561202713096 -1.2160052358568194 0.36413066423261448 2.5003759221031725 -0.75051328356427505 0.24197545842493826 -0.89331212521838976 10.809072781698912 0.95106423453262046 3.000418798527821 6.4848616245805104 1.9354500255058689 -1.5844842885127679 -0.32563720200542229 2.3132892307429631
leaf_weight=2795 192 4304 2171 3230 1714 690 262 5620 2964 5897 329 270 1522 1112 190 410 134 36292 8344 2130 296 2462 3265 948 4727 2036 4337 3408 1215 6532 1434 618 104 107 5011 651 196 101 132 190 334 32640 8584 832 180 2765 103 102 512 134 871 1119 180 158 256 4496 105 630 3021 739 342 217 1900 460 130 666 317 1423 26542 4094 149 115 1110 209 178 108 224 327 995 4011 167 6316 3822 3181 209 1005 641 100 104 343 103 142 6524 126 34429 1621 262 2321 132 100 178 178 113 213 195 121 540 8240 7659 2422 183 202 460 10222 1666 154 1977 123 118 116 2682 129 132 117 266 305
leaf_count=2795 192 4304 2171 3230 1714 690 262 5620 2964 5897 329 270 1522 1112 190 410 134 36292 8344 2130 296 2462 3265 948 4727 2036 4337 3408 1215 6532 1434 618 104 107 5011 651 196 101 132 190 334 32640 8584 832 180 2765 103 102 512 134 871 1119 180 158 256 4496 105 630 3021 739 342 217 1900 460 130 666 317 1423 26542 4094 149 115 1110 209 178 108 224 327 995 4011 167 6316 3822 3181 209 1005 641 100 104 343 103 142 6524 126 34429 1621 262 2321 132 100 178 178 113 213 195 121 540 8240 7659 2422 183 202 460 10222 1666 154 1977 123 118 116 2682 129 132 117 266 305
internal_value=-0.000698454 -0.00134361 -0.000416779 -0.000220835 -0.0012366 -0.00183291 -0.000173597 -0.00155782 -0.00125865 -0.00074539 -0.000224147 -0.000134695 0.00278609 -0.00157268 0.00738128 0.00919699 0.00238938 -0.00145571 -0.000865905 4.91511e-05 -0.000241736 0.000682361 0.00368493 -0.000264159 -0.00036266 4.23153e-05 -0.000898698 -0.00112106 -0.000300721 0.000897545 -0.000729053 0.000428432 -0.00060572 0.00273903 -0.000357485 0.00339779 0.01 0.0151889 0.00371951 0.00244541 0.00116654 -0.000565796 0.000605653 0.00337409 0.00660808 -0.00178218 -0.000938238 0.00159029 0.00590909 0.0162712 0.00523929 0.00315097 2.8667e-05 0.00332324 -0.000235754 0.000559721 0.00143606 -0.0013344 0.00234331 -0.000642748 -0.000493841 0.00566579 -0.00298977 0.00909424 0.015072 0.00121823 0.00546392 -0.000669012 -0.000361411 -0.00197028 0.00119759 0.00460084 0.0020442 0.00566848 0.00151284 0.00204047 0.00957831 0.00109001 0.000791365 -0.00173574 -0.000806857 -0.00118463 -0.00214712 -0.000197271 0.0095599 -0.000156844 0.00276346 0.0111823 0.00709792 0.0112727 0.0199517 -0.000548783 -0.00282038 -0.00228228 -0.00166116 0.00283887 0.00449664 0.00091058 0.0114405 0.0133042 0.0190625 0.0098697 0.0150859 0.00533546 0.00744422 0.00392405 0.0055209 -0.00171862 -0.00105479 0.00150694 0.0068 0.00164524 0.003173 0.00110791 0.00487928 0.00519875 0.0020555 0.0068 0.0106349 0.00392286 0.00448582 0.0115686 0.000666985 0.00242533 0.00388889 0.00696035
internal_weight=319979 97246 222733 180680 94451 42649 178509 38345 42053 51802 175279 164374 5811 10905 2159 1594 565 39256 50088 3652 158563 18348 4389 13959 140215 79872 60343 55616 65799 17325 48474 11497 7941 3556 11543 5782 725 397 328 3664 2606 46438 11201 2617 1128 6050 35237 2597 748 236 3176 1891 17779 1321 16458 12121 7625 1881 5744 44191 41552 1149 2639 807 347 1141 475 40403 32059 5517 3973 952 1800 1643 3143 2965 332 2633 1251 36545 11204 10459 25341 3285 399 1849 844 203 1961 550 207 974 7762 6650 37837 1955 745 2428 1184 914 310 604 291 313 483 316 1411 19721 11481 2797 375 14073 3649 10424 1771 1273 2306 375 252 3189 2927 245 4143 837 720 454
internal_count=319979 97246 222733 180680 94451 42649 178509 38345 42053 51802 175279 164374 5811 10905 2159 1594 565 39256 50088 3652 158563 18348 4389 13959 140215 79872 60343 55616 65799 17325 48474 11497 7941 3556 11543 5782 725 397 328 3664 2606 46438 11201 2617 1128 6050 35237 2597 748 236 3176 1891 17779 1321 16458 12121 7625 1881 5744 44191 41552 1149 2639 807 347 1141 475 40403 32059 5517 3973 952 1800 1643 3143 2965 332 2633 1251 36545 11204 10459 25341 3285 399 1849 844 203 1961 550 207 974 7762 6650 37837 1955 745 2428 1184 914 310 604 291 313 483 316 1411 19721 11481 2797 375 14073 3649 10424 1771 1273 2306 375 252 3189 2927 245 4143 837 720 454
cat_boundaries=0 12 23 24 35 47 58 69 81 92 103 104 115 126 137 149 160 171 183 194 205 217 218 228 239 250 261 272 283 294 305 306 317 327 338 348 359 370 379 390 401 402 413 424 435 445 446 457 458 469 478
cat_threshold=524608 67108992 64 1074003968 1074921736 37748736 268567072 2147483648 541098114 33554512 134287360 64 37787778 2149589040 2097152 2147483778 131200 294912 201588740 4194308 0 268574720 150994944 14752 2097152 4229120 4258 10487816 67117120 1073783040 67109120 4457472 203423744 1073741824 268435776 67174720 138445056 40964 153143552 260 4194304 268435456 8640 75497472 28 0 8 134252544 1082130482 8429568 2684370946 2684354688 147456 0 1056896 1073745952 536870924 26214400 20481 1140855424 13914400 1073741824 0 33792 37748768 289408544 0 0 1179936 69761 1077977090 34 9439232 1088 1342443520 0 0 67108864 268449829 16785920 16 278396928 4 268435712 33685504 67110912 1056 1048576 2148960257 2097168 538445376 268959808 2097152 33554432 418 8 67110912 536870912 41943872 9310208 134222976 1310912 4194880 3097 100663296 131072 2129921 278530 2424307744 4210752 2222981632 16 1101008896 2105408 2147483712 0 8388688 5283840 570426500 805339140 16448 4227072 268567173 1 1744830464 276824064 0 4096 262144 0 0 671285248 8388608 25694210 1207959561 134479872 2147483653 276824068 2 146800898 786432 0 1280 525056 26247176 1207963656 2100736 524288 16 16793600 8388608 32 41943048 67115008 135331904 16 656384 18874370 135270592 2420114497 151650305 1073741824 4194304 8389632 8400896 134242368 33685584 8519680 36700288 1052672 2424307716 147456 75499520 16842752 786433 2684354568 1083248640 1024 2147485186 34 66 4784640 16 1048576 4098 513 570425344 2048 536870920 2152726560 17831937 35655697 1778385152 268435524 2097152 33555456 276824481 1179660 1050624 197760 1049088 2147485698 2 538968128 66560 2097152 67110914 65538 1572868 2148533256 1073807488 8960 17826816 32 538969122 131584 16 1842 0 16781312 268697601 131072 536870912 0 41943104 6146 0 1073741824 277889028 16783360 2 33816576 2483027968 536870944 8912896 528393 8 1107298176 524544 8388608 0 146800896 524288 0 1024 524288 25165824 134217736 2099200 524288 8388608 9441284 4352 1 2080 546308128 32 786440 1224737809 1208484608 8257 0 4100 256 0 0 537919488 0 262144 1040 134217984 65 1048576 33554432 268439680 4 268435456 537002016 0 2147485697 1049600 537133312 65540 0 33554432 268435841 0 0 1024 0 2 0 538968064 1024 3670016 1024 16777216 536870912 0 536870912 131136 6144 144 1073742080 4 4498 0 0 1 33554432 0 8 2148532224 16781313 4096 1610612992 64 131072 0 16777344 8 0 671088640 64 0 8 1311488 8388608 16779264 134479873 131080 2147491840 671154208 1048640 1048576 3145728 768 4 0 4096 0 0 0 536870912 1048576 16777216 1 1207959552 286261248 16779264 65664 2148139008 8320 98304 1150289040 34144 66048 1024 524288 4325380 0 278941697 16384 67112960 132096 167772480 22020096 1076887552 512 2147483904 0 0 0 33554432 0 536870912 0 0 2097168 8454144 16781312 262145 128 268435456 134221832 2156396736 526339 1048576 1313792 1 43057157 131584 513 33554432 268439584 671092736 8913024 557059 17825793 136314882 131073 25 524292 8388608 266241 537133060 0 0 1048576 16777218 1075838979 1073746944 524293 134742021 1074790400 4130 1024 276824096 24832 8388608 131080 285214720 67635360 2155872512 0 33554432 0 131076 1048576 65536 0 2048 0 0 1024 8388608 0 138412032 0 0 134217728 0 0 17 134217728 1048 268435456 52429828 150995200 134250628 0 66568 139460608 16783872 24 262144 2147483648 1840 2097152 0 0 0 67110912 0 33554432 393216 5248 128 4194304 134217728 0 0 0 8192 0 64 0 2097280
is_linear=0
shrinkage=0.1


end of trees

feature_importances:
origin=1079
dest=987
days_to_holiday=340
day_of_week=176
carrier_sched_day=172
carrier=105
crs_dep_min_of_day=98
te_flight_delay=71
origin_sched_deps_day=56
te_carrier_origin_delay=56
te_route_delay=48
arr_hour=44
te_carrier_origin_cancel=32
dest_sched_arrs_hour=28
te_flight_cancel=25
dep_hour=17
sched_speed_mpm=16
origin_sched_deps_hour=16
crs_elapsed_min=11
distance_mi=10
te_route_cancel=8
is_weekend=7

parameters:
[boosting: gbdt]
[objective: quantile]
[metric: quantile]
[tree_learner: serial]
[device_type: cpu]
[data_sample_strategy: bagging]
[data: ]
[valid: ]
[num_iterations: 500]
[learning_rate: 0.1]
[num_leaves: 127]
[num_threads: 8]
[seed: 42]
[deterministic: 0]
[force_col_wise: 0]
[force_row_wise: 0]
[histogram_pool_size: -1]
[max_depth: -1]
[min_data_in_leaf: 100]
[min_sum_hessian_in_leaf: 0.001]
[bagging_fraction: 0.8]
[pos_bagging_fraction: 1]
[neg_bagging_fraction: 1]
[bagging_freq: 1]
[bagging_seed: 400]
[bagging_by_query: 0]
[feature_fraction: 0.8]
[feature_fraction_bynode: 1]
[feature_fraction_seed: 30056]
[extra_trees: 0]
[extra_seed: 12879]
[early_stopping_round: 0]
[early_stopping_min_delta: 0]
[first_metric_only: 0]
[max_delta_step: 0]
[lambda_l1: 0]
[lambda_l2: 0]
[linear_lambda: 0]
[min_gain_to_split: 0]
[drop_rate: 0.1]
[max_drop: 50]
[skip_drop: 0.5]
[xgboost_dart_mode: 0]
[uniform_drop: 0]
[drop_seed: 17869]
[top_rate: 0.2]
[other_rate: 0.1]
[min_data_per_group: 100]
[max_cat_threshold: 32]
[cat_l2: 10]
[cat_smooth: 10]
[max_cat_to_onehot: 8]
[top_k: 20]
[monotone_constraints: ]
[monotone_constraints_method: basic]
[monotone_penalty: 0]
[feature_contri: ]
[forcedsplits_filename: ]
[refit_decay_rate: 0.9]
[cegb_tradeoff: 1]
[cegb_penalty_split: 0]
[cegb_penalty_feature_lazy: ]
[cegb_penalty_feature_coupled: ]
[path_smooth: 0]
[interaction_constraints: ]
[verbosity: -1]
[saved_feature_importance_type: 0]
[use_quantized_grad: 0]
[num_grad_quant_bins: 4]
[quant_train_renew_leaf: 0]
[stochastic_rounding: 1]
[linear_tree: 0]
[max_bin: 255]
[max_bin_by_feature: ]
[min_data_in_bin: 3]
[bin_construct_sample_cnt: 200000]
[data_random_seed: 175]
[is_enable_sparse: 1]
[enable_bundle: 1]
[use_missing: 1]
[zero_as_missing: 0]
[feature_pre_filter: 1]
[pre_partition: 0]
[two_round: 0]
[header: 0]
[label_column: ]
[weight_column: ]
[group_column: ]
[ignore_column: ]
[categorical_feature: 0,1,2]
[forcedbins_filename: ]
[precise_float_parser: 0]
[parser_config_file: ]
[objective_seed: 16083]
[num_class: 1]
[is_unbalance: 0]
[scale_pos_weight: 1]
[sigmoid: 1]
[boost_from_average: 1]
[reg_sqrt: 0]
[alpha: 0.9]
[fair_c: 1]
[poisson_max_delta_step: 0.7]
[tweedie_variance_power: 1.5]
[lambdarank_truncation_level: 30]
[lambdarank_norm: 1]
[label_gain: ]
[lambdarank_position_bias_regularization: 0]
[eval_at: ]
[multi_error_top_k: 1]
[auc_mu_weights: ]
[num_machines: 1]
[local_listen_port: 12400]
[time_out: 120]
[machine_list_filename: ]
[machines: ]
[gpu_platform_id: -1]
[gpu_device_id: -1]
[gpu_device_id_list: ]
[gpu_use_dp: 0]
[num_gpu: 1]

end of parameters

pandas_categorical:[["AA", "AS", "B6", "DL", "F9", "G4", "HA", "MQ", "NK", "OH", "OO", "UA", "WN", "YX"], ["ABE", "ABI", "ABQ", "ABR", "ABY", "ACK", "ACT", "ACV", "ACY", "ADK", "ADQ", "AEX", "AGS", "AKN", "ALB", "ALO", "AMA", "ANC", "APN", "ASE", "ATL", "ATW", "ATY", "AUS", "AVL", "AVP", "AZA", "AZO", "BDL", "BET", "BFF", "BFL", "BGM", "BGR", "BHM", "BIH", "BIL", "BIS", "BJI", "BLI", "BLV", "BMI", "BNA", "BOI", "BOS", "BPT", "BQK", "BQN", "BRD", "BRO", "BRW", "BTM", "BTR", "BTV", "BUF", "BUR", "BWI", "BZN", "CAE", "CAK", "CDC", "CDV", "CHA", "CHO", "CHS", "CID", "CIU", "CKB", "CLD", "CLE", "CLL", "CLT", "CMH", "CMI", "CMX", "COD", "COS", "COU", "CPR", "CRP", "CRW", "CSG", "CVG", "CWA", "CYS", "DAB", "DAL", "DAY", "DCA", "DDC", "DEC", "DEN", "DFW", "DHN", "DIK", "DLG", "DLH", "DRO", "DSM", "DTW", "DVL", "EAR", "EAU", "ECP", "EGE", "EKO", "ELM", "ELP", "ERI", "ESC", "EUG", "EVV", "EWN", "EWR", "EYW", "FAI", "FAR", "FAT", "FAY", "FCA", "FLG", "FLL", "FMN", "FNT", "FOD", "FSD", "FSM", "FWA", "GCC", "GCK", "GEG", "GFK", "GGG", "GJT", "GNV", "GPT", "GRB", "GRI", "GRK", "GRR", "GSO", "GSP", "GST", "GTF", "GTR", "GUC", "GUF", "GUM", "HDN", "HEZ", "HGR", "HHH", "HIB", "HLN", "HNL", "HOB", "HOU", "HPN", "HRL", "HSV", "HTS", "HYA", "HYS", "IAD", "IAG", "IAH", "ICT", "IDA", "ILM", "IMT", "IND", "INL", "ISP", "ITO", "JAC", "JAN", "JAX", "JFK", "JLN", "JMS", "JNU", "JST", "KOA", "KTN", "LAF", "LAN", "LAR", "LAS", "LAW", "LAX", "LBB", "LBE", "LBF", "LBL", "LCH", "LCK", "LEX", "LFT", "LGA", "LGB", "LIH", "LIT", "LNK", "LNS", "LRD", "LSE", "LWB", "LWS", "LYH", "MAF", "MBS", "MCI", "MCO", "MCW", "MDT", "MDW", "MEI", "MEM", "MFE", "MFR", "MGM", "MGW", "MHK", "MHT", "MIA", "MKE", "MLB", "MLI", "MLU", "MOB", "MOT", "MQT", "MRY", "MSN", "MSO", "MSP", "MSY", "MTJ", "MVY", "MYR", "OAJ", "OAK", "OGG", "OKC", "OMA", "OME", "ONT", "ORD", "ORF", "ORH", "OTH", "OTZ", "PAE", "PAH", "PBG", "PBI", "PDX", "PGD", "PHF", "PHL", "PHX", "PIA", "PIB", "PIE", "PIH", "PIR", "PIT", "PLN", "PNS", "PPG", "PQI", "PRC", "PSC", "PSE", "PSG", "PSM", "PSP", "PVD", "PVU", "PWM", "RAP", "RDD", "RDM", "RDU", "RFD", "RHI", "RIC", "RIW", "RKS", "RNO", "ROA", "ROC", "ROW", "RST", "RSW", "SAF", "SAN", "SAT", "SAV", "SBA", "SBN", "SBP", "SCC", "SCE", "SCK", "SDF", "SEA", "SFB", "SFO", "SGF", "SGU", "SHD", "SHR", "SHV", "SIT", "SJC", "SJT", "SJU", "SLC", "SLN", "SMF", "SMX", "SNA", "SPI", "SPN", "SPS", "SRQ", "STC", "STL", "STS", "STT", "STX", "SUN", "SUX", "SWF", "SWO", "SYR", "TLH", "TOL", "TPA", "TRI", "TTN", "TUL", "TUS", "TVC", "TWF", "TXK", "TYR", "TYS", "USA", "VCT", "VPS", "VRB", "WRG", "WYS", "XNA", "XWA", "YAK", "YUM"], ["ABE", "ABI", "ABQ", "ABR", "ABY", "ACK", "ACT", "ACV", "ACY", "ADK", "ADQ", "AEX", "AGS", "AKN", "ALB", "ALO", "AMA", "ANC", "APN", "ASE", "ATL", "ATW", "ATY", "AUS", "AVL", "AVP", "AZA", "AZO", "BDL", "BET", "BFF", "BFL", "BGM", "BGR", "BHM", "BIH", "BIL", "BIS", "BJI", "BLI", "BLV", "BMI", "BNA", "BOI", "BOS", "BPT", "BQK", "BQN", "BRD", "BRO", "BRW", "BTM", "BTR", "BTV", "BUF", "BUR", "BWI", "BZN", "CAE", "CAK", "CDC", "CDV", "CHA", "CHO", "CHS", "CID", "CIU", "CKB", "CLD", "CLE", "CLL", "CLT", "CMH", "CMI", "CMX", "COD", "COS", "COU", "CPR", "CRP", "CRW", "CSG", "CVG", "CWA", "CYS", "DAB", "DAL", "DAY", "DCA", "DDC", "DEC", "DEN", "DFW", "DHN", "DIK", "DLG", "DLH", "DRO", "DSM", "DTW", "DVL", "EAR", "EAU", "ECP", "EGE", "EKO", "ELM", "ELP", "ERI", "ESC", "EUG", "EVV", "EWN", "EWR", "EYW", "FAI", "FAR", "FAT", "FAY", "FCA", "FLG", "FLL", "FMN", "FNT", "FOD", "FSD", "FSM", "FWA", "GCC", "GCK", "GEG", "GFK", "GGG", "GJT", "GNV", "GPT", "GRB", "GRI", "GRK", "GRR", "GSO", "GSP", "GST", "GTF", "GTR", "GUC", "GUF", "GUM", "HDN", "HEZ", "HGR", "HHH", "HIB", "HLN", "HNL", "HOB", "HOU", "HPN", "HRL", "HSV", "HTS", "HYA", "HYS", "IAD", "IAG", "IAH", "ICT", "IDA", "ILM", "IMT", "IND", "INL", "ISP", "ITO", "JAC", "JAN", "JAX", "JFK", "JLN", "JMS", "JNU", "JST", "KOA", "KTN", "LAF", "LAN", "LAR", "LAS", "LAW", "LAX", "LBB", "LBE", "LBF", "LBL", "LCH", "LCK", "LEX", "LFT", "LGA", "LGB", "LIH", "LIT", "LNK", "LNS", "LRD", "LSE", "LWB", "LWS", "LYH", "MAF", "MBS", "MCI", "MCO", "MCW", "MDT", "MDW", "MEI", "MEM", "MFE", "MFR", "MGM", "MGW", "MHK", "MHT", "MIA", "MKE", "MLB", "MLI", "MLU", "MOB", "MOT", "MQT", "MRY", "MSN", "MSO", "MSP", "MSY", "MTJ", "MVY", "MYR", "OAJ", "OAK", "OGG", "OKC", "OMA", "OME", "ONT", "ORD", "ORF", "ORH", "OTH", "OTZ", "PAE", "PAH", "PBG", "PBI", "PDX", "PGD", "PHF", "PHL", "PHX", "PIA", "PIB", "PIE", "PIH", "PIR", "PIT", "PLN", "PNS", "PPG", "PQI", "PRC", "PSC", "PSE", "PSG", "PSM", "PSP", "PVD", "PVU", "PWM", "RAP", "RDD", "RDM", "RDU", "RFD", "RHI", "RIC", "RIW", "RKS", "RNO", "ROA", "ROC", "ROW", "RST", "RSW", "SAF", "SAN", "SAT", "SAV", "SBA", "SBN", "SBP", "SCC", "SCE", "SCK", "SDF", "SEA", "SFB", "SFO", "SGF", "SGU", "SHD", "SHR", "SHV", "SIT", "SJC", "SJT", "SJU", "SLC", "SLN", "SMF", "SMX", "SNA", "SPI", "SPN", "SPS", "SRQ", "STC", "STL", "STS", "STT", "STX", "SUN", "SUX", "SWF", "SWO", "SYR", "TLH", "TOL", "TPA", "TRI", "TTN", "TUL", "TUS", "TVC", "TWF", "TXK", "TYR", "TYS", "USA", "VCT", "VPS", "VRB", "WRG", "WYS", "XNA", "XWA", "YAK", "YUM"]]
