tree
version=v4
num_class=1
num_tree_per_iteration=1
label_index=0
max_feature_idx=21
objective=quantile
feature_names=carrier origin dest dep_hour arr_hour crs_dep_min_of_day day_of_week is_weekend days_to_holiday distance_mi crs_elapsed_min sched_speed_mpm origin_sched_deps_day origin_sched_deps_hour dest_sched_arrs_hour carrier_sched_day te_route_delay te_route_cancel te_carrier_origin_delay te_carrier_origin_cancel te_flight_delay te_flight_cancel
feature_infos=-1:12:3:0:10:11:13:7:1:9:2:4:8:5 -1:247:91:20:92:260:189:71:187:212:306:308:88:44:198:99:165:113:318:224:235:42:177:296:56:259:121:23:339:86:215:328:256:320:154:163:156:283:236:211:170:322:72:315:266:297:69:317:294:241:82:255:55:225:176:2:242:43:246:244:64:243:28:305:217:343:54:289:139:17:342:248:298:286:107:130:199:326:34:200:276:182:98:277:233:76:355:117:141:268:201:14:348:57:166:239:157:291:351:307:279:140:209:19:336:24:110:299:65:309:125:263:103:196:87:114:257:159:300:173:21:26:168:174:127:282:223:190:272:116:313:58:16:53:261:167:175:330:337:52:301:329:214:310:180:219:79:136:295:36:172:218:280:234:59:62:123:133:344:97:232:158:227:37:104:115:119:135:33:77:202:0:148:85:230:332:237:134:31:226:78:80:96:27:197:229:39:7:153:278:8:210:356:183:63:151:120:143:47:290:138:220:12:41:358:281:185:1:25:111:222:331:73:340:49:106:70:126:131:314:194:205:6:11:204:284:285:319:84:188:231:271:293:333:347:40:45:228:178:252:267:287:22:66:265:316:38:145:207:288:292:15:83:195:325 -1:247:91:20:92:260:189:71:187:212:306:308:88:44:198:99:113:165:318:224:235:42:177:296:259:56:121:23:339:215:86:256:328:154:163:320:283:156:170:236:322:211:315:72:297:266:69:294:317:241:255:82:55:225:176:242:246:244:64:43:2:217:243:305:28:289:343:139:54:286:248:298:17:130:326:342:34:107:276:200:199:277:98:182:268:355:233:141:14:76:117:239:348:166:57:201:140:157:291:209:307:24:351:279:336:196:114:159:19:103:87:263:65:300:110:309:299:125:116:21:26:173:168:257:127:282:174:261:190:313:175:272:53:330:223:16:214:329:301:234:104:219:136:167:58:344:337:36:133:97:59:180:280:115:310:62:172:123:218:232:119:37:158:52:295:227:202:0:33:79:332:77:31:80:134:226:135:39:237:148:85:230:7:8:78:197:278:12:185:25:47:111:290:143:183:229:63:356:73:41:210:1:281:27:138:96:222:126:151:358:70:120:145:204:220:252:49:274:83:231:131:6:40:106:340:11:153:228:316:319:74:137:293:29:285:331:347:147:5:66:155:188:195:284:178:194:60:124:129:205:292:314:353:357:51 [0:23] [0:23] [4:1439] [1:7] [0:1] [0:30] [31:5095] [25:688] [0.81707316637039185:28] [1:1099] [1:106] [1:114] [26:4425] [0.051267147064208984:0.48210859298706055] [0.00086271914187818766:0.12180260568857193] [0.055028028786182404:0.48762613534927368] [0.001141980872489512:0.097593173384666443] [0.044994276016950607:0.53988927602767944] [0.0020200682338327169:0.14772011339664459]
tree_sizes=10828 19073 18572 18922 18752 18446 15870 18448 19373 19302 16447 18749 18632 18850 15842 11599 19018 18400 11568 19014 18664 18714 18856 18868 18652 17454 14369 14662 14909 19087

Tree=0
num_leaves=127
num_cat=15
split_feature=5 16 15 20 15 20 20 16 10 5 16 16 20 16 6 6 5 15 18 5 11 4 4 12 6 10 0 15 18 15 20 15 6 15 20 15 16 4 0 10 5 4 14 16 0 18 10 15 8 8 0 14 11 6 15 12 20 8 6 8 0 12 12 4 11 14 10 0 10 0 16 12 6 16 4 0 12 4 20 6 0 15 0 15 16 14 20 16 10 0 15 16 8 6 6 6 10 13 0 6 4 15 15 0 5 0 6 14 5 18 16 14 4 12 4 0 20 12 16 12 20 14 13 6 18 16
split_gain=1324.38 598.065 410.777 229.594 224.868 215.355 178.659 88.8693 88.0662 85.8221 65.0662 62.6739 48.2752 43.7098 39.579 37.1205 35.6826 35.4264 32.9267 30.2815 28.3173 27.792 27.449 27.0007 26.344 26.2287 25.0563 24.999 22.5716 22.482 20.2285 20.1941 19.0043 20.7301 18.7027 18.4786 18.0117 17.4892 17.15 16.5583 15.761 15.7607 15.5051 15.3722 15.1296 13.8838 13.3639 17.8352 13.2638 21.7826 13.1342 12.7688 12.5714 12.3528 12.3098 12.2752 11.6897 11.1303 10.9128 10.6135 10.4515 9.93595 9.55579 9.4407 9.37823 9.2807 9.09091 9.05692 9.03915 8.99379 8.96758 8.9293 8.91532 8.84919 8.68135 8.63368 8.6196 8.45838 8.36213 8.18074 8.14187 9.38585 9.00672 8.07927 8.05086 8.02134 7.7615 7.63823 8.20849 7.62441 7.61217 7.75143 7.57733 7.45389 7.42788 8.39244 8.55713 7.28391 7.27828 7.57739 7.12475 7.04682 7.02227 7.00989 6.99305 6.86884 6.85102 6.75208 8.14161 6.74445 6.73546 6.60092 6.48866 6.42931 6.40379 6.37546 6.2702 6.21483 6.19255 6.18152 6.64365 7.00376 6.02787 6.06907 6.76944 6.00929
threshold=670.50000000000011 0.21352542191743853 3894.5000000000005 0.19810373336076739 3572.5000000000005 0.28829173743724829 0.19194976240396502 0.2145694047212601 53.500000000000007 495.50000000000006 0.14148534089326861 0.2498399689793587 0.13001377880573275 0.13734471052885058 3.5000000000000004 6.5000000000000009 424.50000000000006 283.00000000000006 0.12076532095670701 825.50000000000011 5.8167102336883554 9.5000000000000018 15.500000000000002 871.50000000000011 6.5000000000000009 57.500000000000007 0 1807.5000000000002 0.25710618495941168 3568.5000000000005 0.38011942803859716 4011.0000000000005 1.5000000000000002 3568.5000000000005 0.26180523633956915 4204.5000000000009 0.14747571200132373 16.500000000000004 1 53.500000000000007 870.50000000000011 15.500000000000002 21.500000000000004 0.2100697457790375 2 0.12503456324338916 57.500000000000007 2157.5000000000005 29.500000000000004 22.500000000000004 3 37.500000000000007 2.1736911535263066 3.5000000000000004 3572.5000000000005 796.50000000000011 0.24140471220016482 5.5000000000000009 3.5000000000000004 22.500000000000004 4 236.50000000000003 817.50000000000011 16.500000000000004 5.2687838077545175 76.500000000000014 70.500000000000014 5 53.500000000000007 6 0.30480408668518072 864.50000000000011 6.5000000000000009 0.16048489511013034 16.500000000000004 7 831.50000000000011 15.500000000000002 0.18212904781103137 6.5000000000000009 8 3761.0000000000005 9 2198.5000000000005 0.14285460859537127 54.500000000000007 0.25818690657615667 0.16627881675958636 68.500000000000014 10 3968.5000000000005 0.28206789493560797 18.500000000000004 6.5000000000000009 3.5000000000000004 1.5000000000000002 175.50000000000003 16.500000000000004 11 3.5000000000000004 14.500000000000002 3003.5000000000005 3894.5000000000005 12 405.50000000000006 13 4.5000000000000009 15.500000000000002 425.50000000000006 0.235235370695591 0.26271480321884161 20.500000000000004 9.5000000000000018 948.50000000000011 11.500000000000002 14 0.23750031739473346 151.50000000000003 0.14148534089326861 950.50000000000011 0.23068948835134509 15.500000000000002 64.500000000000014 1.5000000000000002 0.1480284854769707 0.24662250280380252
decision_type=2 2 2 2 2 2 2 2 2 2 2 2 2 2 2 2 2 2 2 2 2 2 2 2 2 2 9 2 2 2 2 2 2 2 2 2 2 2 9 2 2 2 2 2 9 2 2 2 2 2 9 2 2 2 2 2 2 2 2 2 9 2 2 2 2 2 2 9 2 9 2 2 2 2 2 9 2 2 2 2 9 2 9 2 2 2 2 2 2 9 2 2 2 2 2 2 2 2 9 2 2 2 2 9 2 9 2 2 2 2 2 2 2 2 2 9 2 2 2 2 2 2 2 2 2 2
left_child=3 2 6 9 5 11 10 21 27 12 39 15 68 -10 32 22 89 66 117 70 25 44 78 48 30 52 56 -8 51 61 40 77 57 55 90 41 -27 103 109 -2 -7 84 59 46 -5 -41 47 -14 49 54 -23 72 -11 67 58 92 -18 -15 122 62 -39 105 -42 -17 101 76 -12 -30 -1 -55 98 86 119 -46 -60 -66 102 -6 -3 -47 81 82 -52 -54 -20 87 -59 88 -62 -9 91 -28 115 118 95 96 -40 111 -13 -100 -33 -48 106 -16 -45 -22 -38 -75 -109 -24 -58 -43 -92 -63 -67 -34 -117 -4 -37 120 -21 -122 123 -19 -125 -44
right_child=1 4 18 7 31 24 8 16 13 20 17 19 43 14 37 63 26 23 35 28 29 50 38 -25 -26 36 34 -29 53 -31 -32 100 33 -35 -36 93 65 60 94 45 42 97 125 104 73 79 64 -49 -50 -51 80 -53 83 69 -56 -57 110 71 74 -61 85 113 -64 -65 75 114 -68 -69 -70 -71 -72 -73 -74 107 -76 -77 -78 -79 -80 -81 -82 -83 -84 -85 -86 -87 -88 -89 -90 -91 112 -93 -94 -95 -96 -97 -98 -99 99 -101 -102 -103 -104 -105 -106 -107 -108 108 -110 -111 -112 -113 -114 -115 -116 116 -118 -119 -120 -121 121 -123 -124 124 -126 -127
leaf_value=-5.9000000000000004 -5.5999999999999996 -6.4000000000000004 -6.5 -6 -5.5999999999999996 -5.5999999999999996 -5 -6.5 -6.5 -6.5 -5.5 -6.0999999999999996 -5.5999999999999996 -5.5999999999999996 -6.2000000000000002 -5.7999999999999998 -6.2999999999999998 -6.2999999999999998 -6.2000000000000002 -6 -6.5999999999999996 -6.4000000000000004 -6.2000000000000002 -5.9000000000000004 -4.2000000000000002 -6.5999999999999996 -6 -5.9000000000000004 -5.9000000000000004 -5.7000000000000002 -4.4000000000000004 -4.9000000000000004 -5.9000000000000004 -5.7000000000000002 -5.5 -5.7000000000000002 -6.5 -5.9000000000000004 -5.5 -6.7999999999999998 -5.5 -5.4000000000000004 -5.2000000000000002 -6.5 -6.5999999999999996 -6.5999999999999996 -6.5999999999999996 -6.5 -6.5999999999999996 -5.7999999999999998 -6.4000000000000004 -5.0999999999999996 -5.5999999999999996 -4.8499999999999996 -5.9000000000000004 -5.9000000000000004 -6.2000000000000002 -6.2000000000000002 -6.2999999999999998 -4.5 -5.4000000000000004 -6.2000000000000002 -5.0999999999999996 -5.2000000000000002 -6.7000000000000002 -5.7999999999999998 -6.2000000000000002 -5.4000000000000004 -6.7000000000000002 -5.4000000000000004 -5.5999999999999996 -5.5 -5.2000000000000002 -6.5 -6.2000000000000002 -6.2999999999999998 -6.2000000000000002 -5 -6.0999999999999996 -6.1500000000000004 -5.7999999999999998 -6 -6.2000000000000002 -6.2000000000000002 -5.7000000000000002 -5.2000000000000002 -5.7000000000000002 -5.5999999999999996 -6.0999999999999996 -6.2000000000000002 -6.0999999999999996 -5.7000000000000002 -6.0999999999999996 -3.8999999999999999 -5.7000000000000002 -6 -6 -5 -6 -5.5999999999999996 -4.4000000000000004 -6.5999999999999996 -6.0999999999999996 -5.9000000000000004 -6.2999999999999998 -6.25 -6.2999999999999998 -6.4000000000000004 -6.0999999999999996 -5.9000000000000004 -5.7999999999999998 -5 -5.5999999999999996 -5.7000000000000002 -6.5999999999999996 -6.5 -6.2000000000000002 -5.7999999999999998 -4.9000000000000004 -5.4000000000000004 -5.9000000000000004 -5.4000000000000004 -6 -6.7999999999999998 -6.4000000000000004 -4.7000000000000002
leaf_weight=135 105 2139 341 683 1100 3929 821 1794 2869 144 462 3240 253 1646 3236 1749 4587 2930 321 3947 1015 4690 3492 2524 3771 3296 6428 304 1149 1263 2708 1044 562 1235 4086 299 6772 7922 1270 3262 5638 2385 1694 5679 1755 5415 5751 176 1394 1590 1754 1993 410 4426 917 1123 2098 3114 5893 1172 125 5753 2102 2773 2870 683 126 3419 11452 1728 1987 432 1481 1850 6008 4717 2321 3461 6157 848 1432 2370 2468 118 2248 1083 1050 5871 1496 5112 217 2435 1873 576 6934 4890 910 2109 1665 2133 4543 2332 1278 4750 7392 1104 4623 2335 1052 2353 2653 1622 967 317 260 4766 3469 115 2372 686 2197 2198 464 913 5863 4065
leaf_count=135 105 2139 341 683 1100 3929 821 1794 2869 144 462 3240 253 1646 3236 1749 4587 2930 321 3947 1015 4690 3492 2524 3771 3296 6428 304 1149 1263 2708 1044 562 1235 4086 299 6772 7922 1270 3262 5638 2385 1694 5679 1755 5415 5751 176 1394 1590 1754 1993 410 4426 917 1123 2098 3114 5893 1172 125 5753 2102 2773 2870 683 126 3419 11452 1728 1987 432 1481 1850 6008 4717 2321 3461 6157 848 1432 2370 2468 118 2248 1083 1050 5871 1496 5112 217 2435 1873 576 6934 4890 910 2109 1665 2133 4543 2332 1278 4750 7392 1104 4623 2335 1052 2353 2653 1622 967 317 260 4766 3469 115 2372 686 2197 2198 464 913 5863 4065
internal_value=-6.002 -5.99698 -6.0025 -6.01025 -5.99154 -5.99313 -6.00494 -6.00513 -6.00085 -6.01396 -6.00999 -5.99617 -6.01693 -6.00151 -6.00073 -5.99925 -6.0017 -6.00763 -5.98547 -5.99304 -6.00984 -6.01024 -6.00061 -6.00813 -5.98526 -6.01198 -5.99984 -5.9732 -5.99113 -6.00533 -5.98662 -5.97742 -6.00412 -6.00629 -5.99719 -5.98446 -6.01266 -5.99806 -5.99859 -6.01711 -5.9878 -5.98687 -5.98629 -6.01476 -6.01499 -6.01755 -6.01683 -5.99942 -6.00909 -6.00855 -6.00737 -5.99402 -5.99256 -5.98776 -6.00934 -6.00759 -6.00386 -5.99958 -6.00981 -5.9889 -5.9962 -6.00725 -5.99025 -5.99084 -6.01731 -6.01127 -5.98333 -5.9917 -6.02239 -5.98484 -5.99796 -6.00211 -5.99541 -6.01637 -6.00775 -6.01478 -6.01187 -5.98236 -6.00544 -6.01479 -6.00489 -6.00638 -6.00921 -5.98542 -5.99344 -5.99379 -6.00353 -5.99494 -6.00102 -6.00802 -5.99951 -6.00051 -6.00863 -5.97803 -5.99669 -5.99897 -5.99381 -5.98411 -5.99963 -5.99666 -5.97339 -6.01968 -6.0129 -6.0019 -6.01221 -6.01314 -6.01369 -6.01433 -6.01168 -6.00313 -6.00039 -5.98661 -5.99198 -6.00519 -6.00164 -6.00986 -6.01056 -6.01184 -5.98025 -5.99659 -5.99734 -5.99466 -6.01221 -6.01274 -6.01439 -5.98225
internal_weight=319872 198992 98849 120880 100143 89995 86461 50766 47747 70114 38714 64916 40757 46622 43753 32667 30377 29084 12388 32249 29357 20389 28145 28496 25079 19905 23471 1125 23224 9452 21308 10148 19270 13028 14133 11932 19233 24483 19849 9630 18600 8685 14671 29170 7675 9525 16099 429 25972 24578 12714 12502 672 10722 22988 11793 9338 6242 22071 8912 16497 8189 7740 4522 15670 15937 588 4568 11587 6154 9025 4596 10509 6992 11901 7587 14994 4561 8296 6263 8024 6592 4222 528 2569 8575 4164 7492 1621 6906 10047 8863 10670 3247 14004 7070 2180 6116 7038 3798 5587 8083 12673 7986 13071 2119 11395 5237 3387 5845 4751 4007 1184 6070 943 8797 8235 456 2671 9028 8342 4395 10170 9706 6776 5759
internal_count=319872 198992 98849 120880 100143 89995 86461 50766 47747 70114 38714 64916 40757 46622 43753 32667 30377 29084 12388 32249 29357 20389 28145 28496 25079 19905 23471 1125 23224 9452 21308 10148 19270 13028 14133 11932 19233 24483 19849 9630 18600 8685 14671 29170 7675 9525 16099 429 25972 24578 12714 12502 672 10722 22988 11793 9338 6242 22071 8912 16497 8189 7740 4522 15670 15937 588 4568 11587 6154 9025 4596 10509 6992 11901 7587 14994 4561 8296 6263 8024 6592 4222 528 2569 8575 4164 7492 1621 6906 10047 8863 10670 3247 14004 7070 2180 6116 7038 3798 5587 8083 12673 7986 13071 2119 11395 5237 3387 5845 4751 4007 1184 6070 943 8797 8235 456 2671 9028 8342 4395 10170 9706 6776 5759
cat_boundaries=0 1 2 3 4 5 6 7 8 9 10 11 12 13 14 15
cat_threshold=8849 10000 274 11041 10008 12572 6949 2865 5144 4096 513 11408 15140 10393 34
is_linear=0
shrinkage=1


Tree=1
num_leaves=127
num_cat=103
split_feature=5 20 15 20 5 15 20 20 2 2 11 2 1 1 2 1 2 1 5 2 2 6 1 1 2 2 2 1 2 1 6 1 2 1 2 1 15 2 1 1 15 2 1 2 2 1 1 1 1 2 15 2 2 20 2 1 15 2 20 1 2 1 1 2 1 1 2 2 2 11 1 2 0 1 2 1 1 2 1 2 1 2 2 2 1 2 1 1 2 8 2 1 1 1 2 2 1 2 1 2 2 1 2 1 2 1 1 2 20 2 20 1 2 2 1 1 2 1 1 2 2 2 20 1 1 1
split_gain=1041.74 383.353 315.118 296.279 140.559 107.808 106.499 83.9641 66.025 64.3287 62.7596 68.7465 53.4096 50.8386 49.5896 49.3842 45.4122 43.7444 40.7709 39.8373 37.0182 35.8653 35.0563 34.7194 33.8142 30.6314 30.4402 30.3717 30.3386 30.2735 29.583 30.2117 30.1621 28.636 28.2448 27.4647 27.3442 26.0343 25.4921 24.0281 23.8364 23.6983 22.8767 22.433 22.0457 21.3589 21.2676 21.1182 19.9346 19.8951 19.6895 19.0629 18.9892 18.7325 18.5557 18.2112 17.8407 21.1149 17.9384 22.4948 17.7594 18.1206 15.8816 15.7156 15.3686 15.1266 14.7824 14.3763 14.2594 14.1078 14.0355 15.7177 13.9302 13.8341 13.4353 13.3866 13.312 13.1015 12.8865 12.4934 12.4595 12.2916 11.9947 11.9126 11.7365 11.7308 12.2166 11.6873 11.5596 13.0448 11.5219 11.4467 11.3275 11.3225 11.251 11.1385 11.0164 10.837 10.6512 10.5678 10.4251 10.3927 10.2875 10.1886 9.84782 9.75134 9.73879 9.69665 9.61752 9.05941 8.81842 8.80885 8.65461 8.64915 8.60794 8.4646 8.45003 9.36502 8.51236 8.41374 8.31114 8.1613 8.09596 10.1134 8.64403 8.04838
threshold=780.50000000000011 0.22854159027338031 3572.5000000000005 0.16804674267768863 495.50000000000006 3894.5000000000005 0.29448768496513372 0.17019512504339221 0 1 6.0924003124237069 2 3 4 5 6 7 8 490.50000000000006 9 10 3.5000000000000004 11 12 13 14 15 16 17 18 3.5000000000000004 19 20 21 22 23 3746.5000000000005 24 25 26 4011.0000000000005 27 28 29 30 31 32 33 34 35 3568.5000000000005 36 37 0.25993694365024572 38 39 3968.5000000000005 40 0.25038263201713568 41 42 43 44 45 46 47 48 49 50 5.9931154251098642 51 52 53 54 55 56 57 58 59 60 61 62 63 64 65 66 67 68 69 17.500000000000004 70 71 72 73 74 75 76 77 78 79 80 81 82 83 84 85 86 87 0.10766670480370523 88 0.12257370352745058 89 90 91 92 93 94 95 96 97 98 99 0.22352197021245959 100 101 102
decision_type=2 2 2 2 2 2 2 2 9 9 2 9 9 9 9 9 9 9 2 9 9 2 9 9 9 9 9 9 9 9 2 9 9 9 9 9 2 9 9 9 2 9 9 9 9 9 9 9 9 9 2 9 9 2 9 9 2 9 2 9 9 9 9 9 9 9 9 9 9 2 9 9 9 9 9 9 9 9 9 9 9 9 9 9 9 9 9 9 9 2 9 9 9 9 9 9 9 9 9 9 9 9 9 9 9 9 9 9 2 9 2 9 9 9 9 9 9 9 9 9 9 9 2 9 9 9
left_child=3 2 7 9 8 6 15 14 45 39 11 65 26 37 46 28 73 125 64 48 93 33 68 102 75 80 72 -18 -3 63 31 77 98 51 -24 -25 53 -9 -34 -1 70 78 88 -20 -35 -5 -2 83 -15 -30 55 -17 111 62 -42 90 57 103 59 66 -26 67 94 -29 -14 -6 -59 -62 -16 91 -19 -72 -11 -13 -33 -23 -43 -21 -37 -78 -8 -63 -57 -7 109 -36 -87 -71 -27 -90 -45 -41 -83 -12 -22 105 -76 -46 -32 -49 -38 -60 -10 -31 -39 -86 -52 -28 -66 -40 -93 -44 -88 -98 -50 -58 118 -118 -110 -64 -74 -103 124 -124 -81 -4
right_child=1 5 17 4 10 47 25 13 23 12 20 16 18 19 22 21 27 40 43 30 36 24 34 35 60 42 107 29 49 56 32 74 38 44 85 41 100 104 84 69 54 76 52 50 97 -47 -48 99 114 -51 106 -53 -54 -55 -56 82 115 58 101 -61 61 81 119 -65 108 -67 -68 -69 -70 87 71 -73 120 -75 96 -77 79 -79 -80 122 -82 92 -84 -85 95 86 112 -89 89 -91 -92 110 -94 -95 -96 -97 113 -99 -100 -101 -102 121 -104 -105 -106 -107 -108 -109 116 -111 -112 -113 -114 -115 -116 -117 117 -119 -120 -121 -122 -123 123 -125 -126 -127
leaf_value=-0.83000000000000007 -0.17999999999999999 -0.20000000000000001 -0.35000000000000003 -0.24000000000000005 0.70000000000000007 1.6000000000000001 0.56500000000000006 0.79500000000000004 -0.15000000000000002 -0.34000000000000008 0.22000000000000003 -0.12999999999999998 -0.67000000000000004 -0.079999999999999988 -0.040000000000000036 0.64000000000000012 -0.57999999999999996 0.20000000000000001 0.050000000000000003 0.39000000000000007 -0.20000000000000001 1.0900000000000001 0.33000000000000002 -0.55999999999999994 -0.31 0.35999999999999999 -0.35000000000000003 -0.090000000000000038 1.1000000000000001 -0.15000000000000002 0.12000000000000002 -0.49000000000000005 -0.51000000000000001 -0.38 -0.35999999999999999 -0.65000000000000002 0.05999999999999997 -0.15999999999999998 0.66000000000000003 -0.37000000000000005 0.47000000000000003 -0.050000000000000003 -0.079999999999999988 0.050000000000000003 0.35499999999999998 -0.64000000000000012 -0.67000000000000004 1.29 -0.88000000000000012 0.68500000000000005 0.37000000000000005 0.15000000000000002 0.10000000000000001 0.32000000000000006 1.2000000000000002 -0.24000000000000005 0.40500000000000003 0.47000000000000003 0.60000000000000009 -0.17000000000000004 0.079999999999999988 -0.32000000000000006 0.020000000000000018 -0.40999999999999998 -0.72999999999999998 0.32000000000000006 -0.025000000000000001 0.69000000000000006 -0.58499999999999996 0.040000000000000036 1 0.5 0.35000000000000003 -0.55000000000000004 -0.55000000000000004 0.62000000000000011 -0.40000000000000002 0.0099999999999999655 -0.34000000000000008 -0.050000000000000003 1.3700000000000001 0.39000000000000007 -0.54000000000000004 1.1400000000000001 0.52000000000000002 -0.27999999999999997 0.25 -0.47999999999999998 0.87 1.75 -0.38 -0.72999999999999998 0.05999999999999997 0.66000000000000003 0.20999999999999996 -0.040000000000000036 0.15000000000000002 -0.0099999999999999655 0.72999999999999998 0.57000000000000006 0.66000000000000003 0.37000000000000005 0.35000000000000003 -0.40000000000000002 0.40000000000000002 -0.017500000000000026 -0.17999999999999999 -0.12000000000000002 0.029999999999999985 0.15000000000000002 -0.57000000000000006 0.81999999999999995 -0.079999999999999988 -0.19000000000000006 -0.45000000000000001 0.0099999999999999655 -0.15000000000000002 -0.53000000000000003 -0.45000000000000001 -0.30000000000000004 0.12000000000000002 -0.020000000000000018 0.22000000000000003 -0.25999999999999995 -0.37000000000000005 0.090000000000000038
leaf_weight=2359 1154 735 261 1290 540 2058 928 1582 921 249 1177 1063 4310 2145 824 1607 1589 1784 1684 1244 1269 2220 1416 2592 1035 1171 726 2537 753 2398 1131 1931 1464 2182 4020 1950 524 1213 1108 1334 1061 5172 385 1484 1814 4454 4520 1139 716 4740 633 3189 3113 3402 5141 1655 1456 1529 1233 14140 1206 1079 1857 3806 1318 3057 2262 4345 2677 679 1270 2000 797 3786 1339 3590 4848 3324 4819 1698 6254 6046 7700 2214 1268 2713 1823 2892 6395 1682 1285 3545 4254 2203 3450 11018 964 9709 2137 1628 1468 1702 1410 2370 2680 1058 997 2600 883 2431 6353 3861 2470 7697 2699 1228 948 6351 1818 4057 700 4180 1693 1359 3105 1562
leaf_count=2359 1154 735 261 1290 540 2058 928 1582 921 249 1177 1063 4310 2145 824 1607 1589 1784 1684 1244 1269 2220 1416 2592 1035 1171 726 2537 753 2398 1131 1931 1464 2182 4020 1950 524 1213 1108 1334 1061 5172 385 1484 1814 4454 4520 1139 716 4740 633 3189 3113 3402 5141 1655 1456 1529 1233 14140 1206 1079 1857 3806 1318 3057 2262 4345 2677 679 1270 2000 797 3786 1339 3590 4848 3324 4819 1698 6254 6046 7700 2214 1268 2713 1823 2892 6395 1682 1285 3545 4254 2203 3450 11018 964 9709 2137 1628 1468 1702 1410 2370 2680 1058 997 2600 883 2431 6353 3861 2470 7697 2699 1228 948 6351 1818 4057 700 4180 1693 1359 3105 1562
internal_value=-0.000860903 0.0047332 1.84865e-05 -0.00667903 -0.00356198 0.00971613 0.00856584 -0.00261708 -0.00868426 -0.0127373 -0.000913112 -0.00282347 -0.0103325 -0.000332662 -0.00781098 0.00587787 -0.00388063 0.0142786 -0.011887 -0.00147193 0.00389808 0.00464929 -0.00494264 -0.00677046 0.00721977 0.0140464 -0.000806769 -0.0027819 0.0141872 -0.00222517 -0.000317385 -0.00350627 0.00211659 0.00134858 -0.00244941 -0.00777362 0.00188626 0.00874202 0.00053658 -0.0177848 0.0165986 -0.00673724 0.0116597 -0.00824589 -0.000980678 -0.0184915 -0.0158339 0.02153 -0.00937163 0.0167454 -0.0095757 0.00799001 0.00747048 0.000331315 0.0207675 -0.01097 -0.000990525 -0.00169384 -0.000530811 -0.00221683 0.00506537 0.00584416 -0.00173516 -0.00853927 -0.0154914 0.0104658 0.00461721 0.0105287 -0.013771 -0.0162594 0.0115156 0.0153963 0.00985194 -0.0130171 -0.00615108 0.0138488 -0.00482248 0.0034076 -0.011779 -0.00656415 0.0195217 0.00355167 -0.0130753 0.0259692 0.00163677 -0.00415912 -0.00168187 -0.0107953 0.0149816 0.016341 -0.00379633 -0.018011 0.00461688 0.0133923 0.0025904 0.000277071 -0.00466533 0.000767363 0.0109518 0.0145301 0.0128514 0.0037175 0.00493379 -0.00778568 0.00431719 0.00654966 0.000736196 -0.00641487 -0.0135064 0.00674838 -0.0191865 0.0118186 0.00163839 -0.00335025 -0.0141168 0.00681818 -0.01246 -0.0142359 -0.00758023 -0.00518231 0.0135036 0.0019518 -0.00408773 -6.55308e-05 -0.00665209 -0.000136388
internal_weight=320071 163177 83845 156894 103594 79332 72293 70766 35311 53300 68283 48876 36138 49149 21617 48504 45279 13079 31066 43674 19407 42276 15943 29567 23775 23789 5072 40430 6228 38841 38114 16499 21615 18501 12442 27236 16027 5475 18347 17162 11256 24644 16607 15438 13705 5744 5674 7039 5560 5493 13754 4796 7359 14035 6202 12124 32498 29814 25046 17931 17965 16930 10633 6343 15628 3597 3791 5551 3501 14803 5054 3270 1746 4849 11931 5810 17875 4568 6769 12703 7182 11379 9355 4272 16883 11026 7006 3571 9248 8077 2769 11232 10300 3380 4719 13344 10000 11523 3268 2767 1992 7115 2331 4768 3893 2326 1630 3326 11318 3539 9898 4246 4293 8661 3415 2684 10000 7299 2701 5914 1497 5882 7855 3052 4803 1823
internal_count=320071 163177 83845 156894 103594 79332 72293 70766 35311 53300 68283 48876 36138 49149 21617 48504 45279 13079 31066 43674 19407 42276 15943 29567 23775 23789 5072 40430 6228 38841 38114 16499 21615 18501 12442 27236 16027 5475 18347 17162 11256 24644 16607 15438 13705 5744 5674 7039 5560 5493 13754 4796 7359 14035 6202 12124 32498 29814 25046 17931 17965 16930 10633 6343 15628 3597 3791 5551 3501 14803 5054 3270 1746 4849 11931 5810 17875 4568 6769 12703 7182 11379 9355 4272 16883 11026 7006 3571 9248 8077 2769 11232 10300 3380 4719 13344 10000 11523 3268 2767 1992 7115 2331 4768 3893 2326 1630 3326 11318 3539 9898 4246 4293 8661 3415 2684 10000 7299 2701 5914 1497 5882 7855 3052 4803 1823
cat_boundaries=0 12 23 35 46 57 68 79 90 101 113 124 136 147 158 169 180 192 203 214 225 236 247 258 269 280 291 302 313 324 335 347 358 370 381 392 403 413 424 435 445 457 469 481 493 505 516 527 538 549 560 571 582 593 594 605 617 629 640 651 663 674 685 696 707 718 730 741 752 763 774 785 797 809 820 831 842 853 864 875 886 897 908 918 929 941 951 962 973 984 995 1007 1019 1031 1042 1053 1064 1075 1086 1097 1107 1119 1129 1137
cat_threshold=8405252 16777216 4194434 1048576 1610612740 134217800 131712 4325378 10485890 136314882 2147483905 8 17956864 268435456 4202688 131080 2415927360 1073741864 131072 2147488000 9 1073741904 2147484416 17301504 169869312 32769 2551202048 101712128 4202560 1280 262144 50397184 1048832 16781312 2 1048576 1179712 8194 1076887816 872415232 5251072 800 270354 3221225472 1032 134349312 2487222528 1075841152 40960 33554432 2214592768 270336 2148532224 2156134912 270532768 528384 16850944 1704064 302514304 0 2113536 33587232 538050560 67109504 268567552 612433920 1073741826 4198656 16777217 2097410 268468224 8388608 67109120 1086332928 1180416 262400 243269760 103284736 16777280 67176480 1048608 6571140 17303684 1073741888 1056 131592 512 34 67109376 8519680 81924 8388608 4096 16384 1140852736 1077944384 131840 2148302848 1209008128 134351874 2160066564 1638432 1048576 2097344 278784 1073743104 134479872 268435472 132096 67371008 2048 1049088 66 343933184 8390656 4456449 2176 872423424 0 8389248 21495808 10485888 1611137026 17304576 268435458 33554432 279040 537919488 1073881120 1744830464 201851008 262144 16843776 1210056704 4195365 8 33152 2153775104 1122306 8945664 2483027968 1310728 134480512 4194304 4097 4100 16843264 16777344 167772160 17039360 578830338 32 0 9437504 9469953 10485793 524552 25690432 16384 33588226 17043456 2718040068 603992068 8288 4194560 25690624 2097152 537395200 65536 268435460 37750784 10485792 33554560 67108996 138518528 8388864 17039877 0 536871168 8519681 67112960 9568784 32832 525312 4104 1073741824 33824896 64 101711874 2149712064 131136 64 1181762 68157440 4227104 2129920 1152 1048576 268566532 17340416 1092616224 33554560 8388608 131073 83886080 128 16384 2416968704 164896 134349312 20979720 136315936 134220290 276824068 19922944 4198400 272629763 2180 536872960 40 34079296 4195328 76546051 2 2416443392 2147500032 136315920 3 2147483652 2156003328 0 134349824 2155872513 134221952 537400776 65536 11534336 67109904 262402 536870916 2952802304 32 4194304 2160590848 5121 267274 131072 335544580 48 2106115 4 0 4269184 8388608 9437700 1075838976 10240 64 126369792 67110912 33 536870914 33587232 1342177536 2214723584 2147516672 2 2151809024 524640 16777216 5120 2 33554444 335552512 4207624 34078976 8652811 4194304 4352 65540 4 9445636 4160 8388610 0 49280 335544320 17866752 1054722 1212163202 4160 65540 0 294912 2375680 2147498208 32768 512 32772 1073742849 37881920 12714305 16777217 12582916 289 268568576 2415923200 537068576 33554432 301064 24 131584 8912900 277872768 46137344 285212672 33816832 67108896 536936456 1179648 2156134401 1210057728 537395712 524352 2 12582912 16385 34605056 1075316992 16768 2189428224 5767168 0 536877320 4194308 20054016 32 128 2113536 4096 1107297280 131600 133376 67112960 167784514 4718661 8 16793600 2097152 262529 2048 335546368 536875016 8388608 133121 1217396865 570429440 269025281 268439556 16778240 150994944 128 35008 147624 1048576 13893632 8 1051136 4722688 8 9437184 4198404 138674176 33570824 0 671089664 1572928 131072 2097177 1209139456 524545 9437184 16781312 151261218 411648 536870912 537034784 13107216 33 134221824 135528448 655360 0 0 16777216 8 67110912 4202496 256 2147745792 0 524352 196608 2113536 18875392 151257376 1048576 2147485696 64 524352 29493248 1218445313 1075053576 2432696320 20975616 402653217 0 2048 131080 9961984 2148663296 134217777 1075056898 524292 268451844 0 1 2115716 1073743876 1073775616 2147614720 16777218 1052672 134614528 8388613 67256322 8388612 134529857 536872960 2052 196608 33558592 2155872768 8388616 3145728 10489856 25165824 544 2097162 268440576 570425344 13107200 135200 2098177 35653634 2147483968 8 17827844 2281701376 24579 537919492 2048 268435520 2151677952 2156527618 16777345 12320 16777728 16 168361985 9437216 16388 2147747968 2147487744 192 512 393344 17825792 136445952 131073 72 76546048 1051648 16781313 571213824 0 288 48 8390656 2098192 536871426 592128 16 9437184 46137344 289669120 33554444 335546372 65568 1048576 2155872512 1048576 1075579138 4 8 545259525 20974596 150994976 33816576 8192 135332096 1572928 1 136315905 1107297280 2147483648 268500996 33561744 21024 16384 1073745920 134217856 202379264 1024 536870912 1079377923 1 0 0 0 0 67108864 8192 0 262144 0 532482 1 0 4196352 134287362 570556416 536872960 16640 33554560 8390667 8388608 135168 4259845 1048576 2097152 8454146 0 536879108 536870912 2147614720 20977162 1207959568 2181040128 272695296 8388608 16 266240 8390664 67108868 134235296 134217728 786688 167772160 256 8389120 276824064 20971524 16777472 33556488 0 536871936 128 12713987 2097160 1610613568 65 1048576 4194308 134221952 2048 0 536970240 9961472 135169 1073742849 135397696 524293 4096 1114112 4194304 16814337 133256 536872960 1073808640 9961472 0 136314880 2148532488 273154048 4 160 4096 2752520 0 9502912 131200 2148829248 1073746944 1073751554 2147614720 8 8388608 16778240 155451392 33554432 0 536871976 2155872256 2156922883 2 134218312 268960768 8 1048580 8421412 272629760 2181054473 536875008 164928 64 8393216 160 8458 268574720 268566528 21104128 268435458 32768 268435456 1073840480 67109440 30410786 1032 134217728 4194304 4 8388608 29626752 35799041 0 32800 34603072 17830401 10485760 1073742594 0 8 336068608 1024 419692544 12 0 0 0 2148007937 135267329 1024 4194368 2621440 67110912 142672514 1 2147487744 83040 301989904 525312 8392704 1184512 4 337641472 67108864 2162720 2097164 268435456 1024 131072 4104 2 12290 268435972 268435456 2099200 0 547373060 32772 0 201330880 133121 85005312 268568064 9442304 8388612 16782340 134217760 2048 0 671088640 1048640 1048576 16 538181952 8912897 8388608 67141632 268452096 538181888 268443648 1074855968 524624 133122 0 2097736 268961280 8 16842752 25171968 134496384 34113672 0 134217736 1077936128 17336320 0 537921032 268566532 131072 5632 150995233 2113544 268435456 1056 8388608 4200448 68157457 1179714 9569024 1179648 8389632 4194560 133120 268435456 32 9437312 2147614720 0 256 524288 2156527620 2147483652 67072 3145728 2147485696 8 2222981632 0 8392752 33686272 411041792 276824068 18874368 419430400 4 67108864 138413120 134742080 8390659 136380432 263170 524289 268451840 1080033280 2 2155875328 1073774852 147584 4620320 7168 69206048 2101248 65536 8 268435456 29360128 138674336 131080 0 538051592 0 655361 17825793 135528776 2147483648 8 0 8392704 4226 2147614728 0 134348800 0 133121 134217736 136577536 8912896 1048576 67109888 384 33554440 2048 8 256 2147880961 135266304 134220352 8388929 102760448 33554432 25166080 34078722 12292 9520512 43515904 17039876 2097154 0 17301504 8912896 41951264 0 131330 1048576 1073758272 4194464 17957120 134283264 134356992 8393729 335544320 6324224 1 133122 67119104 136 4719616 1034 51380352 538445056 2147614976 10616832 4096 786433 131080 536872960 134348840 33554432 16777216 134218769 1610875144 4195648 269484032 20976640 16777600 33554432 0 536940544 9961536 524288 134217744 320 64 4 4 0 0 0 671092744 524544 1443841 134217728 132608 4194305 2416967680 4194310 34 168034310 8196 134222080 4194304 1705986 1073745920 262152 2151744000 1048576 8392704 285212672 131072 0 8519712 1048832 266241 17 1073741824 137887744 0 150995200 33556480 2308 671154176 1048640 8390656 8388609 4980744 17301760 145752064 1090519556 8388608 134250496 537399296 537002080 5251072 18387456 33 1024 0 8 3145728 16777216 4194432 8 0 1032 0 4097 134217745 538181888 8388608 0 150994944 33554432 0 671088640 1572864 0 17 393280 261 8388608 67112964 1 2147745796 4096 256 33554944 4194304 2097152 134612480 272629760 8519684 36 285212672 0 335544320 1073872928 8912960 526400 1041 131072 4194561 4 16777216 258 0 536872960 1073742848 0 4198400 0 134354112 4194304 2 4195328 272629760 131072 343937156 1073774592 35258704 2147745795 134218760 2097216 2147483648 8 0 33554436 8404994 4 335556640 4210688 2281701376 17301760 19922952 134742016 297795584 16 4 75497472 257 128 10368 1048640 640 5799938 0 1073742848 8388613 8 0 0 150994945 33554432 4 134217728 9961536 131075 8388625 1075052544 524289 268435456 4196352 256 33554432 0 1024 8913152 30408705 16 537265538 8519680 2147483648 4194308 8421377 6 2147493920 1073758280 2147483648 1054976 74448897 2048 2151677952 8388608 0 268697728 2048 4 131072 8912896 4325632 1041 134217728 524292 20070400 5120 268435456 704643080 2147485700 4259848 1048576 2147614722 135271424 134349888 268435457 0 0 8388608 0 67108864 138420224 256 262656 0 0 8519680 1064960 1145052160 8396802 262145 536870912 81920 134479952 2148048898 1207959552 134611016 0 5120 151257088 131072 2052 8192 1115684864 1181707 135267336 671350848 8388609 8 134217728 1207960576 16777600 1050628 0 0 13108224 17565706 77660184 137889792 65536 0 0 0 0 4202560 131328 294912
is_linear=0
shrinkage=0.1


Tree=2
num_leaves=127
num_cat=97
split_feature=5 16 15 15 16 16 16 2 1 5 5 4 5 15 2 15 4 1 1 1 2 1 1 1 2 1 6 15 2 2 1 2 10 2 2 2 1 6 15 2 2 1 2 2 1 1 2 2 1 1 1 1 2 1 1 2 1 2 1 2 1 2 15 2 1 2 2 2 1 1 1 2 2 2 1 1 2 6 1 2 15 16 2 2 2 1 1 1 15 1 1 2 1 1 2 1 1 2 2 2 2 2 8 1 2 2 1 15 2 1 1 2 2 1 2 1 1 1 2 8 2 2 2 13 1 15
split_gain=874.228 419.789 238.791 182.962 143.859 129.241 125.958 111.9 69.0881 66.3744 55.6784 50.1482 49.9882 44.1245 39.4546 37.8545 37.6354 32.5744 32.3191 31.2606 31.2012 30.1523 28.8347 28.4832 28.2234 27.956 26.4093 26.0429 25.9403 25.3307 25.1395 24.8672 23.0478 22.7333 21.771 21.4939 20.9207 20.8951 20.6442 20.1329 19.7124 19.2604 18.9362 18.708 19.6368 18.5652 18.3626 18.1862 18.1035 17.6475 16.8929 16.6476 16.5434 16.4498 16.0722 15.9337 15.6774 15.6166 15.1175 14.8059 14.6855 14.6607 14.1765 14.0487 13.8092 14.9247 13.7629 13.7168 13.6668 13.4666 12.5475 13.0844 12.3854 12.0558 12.0372 11.9552 11.8943 11.7638 11.7288 11.4148 11.3738 11.2179 11.1652 10.9921 10.8839 10.6656 10.6246 10.5162 11.2059 10.4184 10.3963 10.3145 10.2072 10.1335 10.5727 9.9861 9.77512 9.66206 9.26984 9.20807 9.00768 8.87863 8.84136 8.70607 8.61687 8.21943 8.10381 8.07752 7.92327 8.44347 7.91675 7.90832 7.84337 7.81048 7.63559 7.61345 7.60082 7.59102 7.5907 7.46309 7.40368 7.35028 7.19188 7.15001 7.00393 6.77705
threshold=650.50000000000011 0.20581872016191485 3894.5000000000005 3572.5000000000005 0.21405562758445743 0.25477713346481329 0.12884555757045749 0 1 430.50000000000006 480.50000000000006 16.500000000000004 880.50000000000011 993.50000000000011 2 993.50000000000011 15.500000000000002 3 4 5 6 7 8 9 10 11 6.5000000000000009 3572.5000000000005 12 13 14 15 65.500000000000014 16 17 18 19 6.5000000000000009 4164.5000000000009 20 21 22 23 24 25 26 27 28 29 30 31 32 33 34 35 36 37 38 39 40 41 42 3761.0000000000005 43 44 45 46 47 48 49 50 51 52 53 54 55 56 6.5000000000000009 57 58 3212.5000000000005 0.28023073077201849 59 60 61 62 63 64 2617.5000000000005 65 66 67 68 69 70 71 72 73 74 75 76 77 16.500000000000004 78 79 80 81 394.50000000000006 82 83 84 85 86 87 88 89 90 91 92 18.500000000000004 93 94 95 7.5000000000000009 96 4204.5000000000009
decision_type=2 2 2 2 2 2 2 9 9 2 2 2 2 2 9 2 2 9 9 9 9 9 9 9 9 9 2 2 9 9 9 9 2 9 9 9 9 2 2 9 9 9 9 9 9 9 9 9 9 9 9 9 9 9 9 9 9 9 9 9 9 9 2 9 9 9 9 9 9 9 9 9 9 9 9 9 9 2 9 9 2 2 9 9 9 9 9 9 2 9 9 9 9 9 9 9 9 9 9 9 9 9 2 9 9 9 9 2 9 9 9 9 9 9 9 9 9 9 9 2 9 9 9 2 9 2
left_child=4 2 6 5 8 11 60 13 15 21 17 29 46 32 96 57 23 -10 59 -4 68 -6 -16 -9 69 67 40 33 56 -3 39 74 123 -24 -20 95 99 51 48 -30 -26 61 116 106 -45 -44 -7 -25 82 -31 -48 76 -15 -42 -33 -43 -27 -1 -49 -12 -2 -36 70 -39 -51 117 85 -18 -14 -13 71 -57 -17 -60 -19 -75 -22 80 104 -62 93 86 -5 113 -83 -55 100 -68 -89 -37 -56 -53 -64 -46 115 -21 -11 -29 -88 -35 -38 -90 107 -82 -28 -92 -32 -78 109 -47 -79 -94 -72 -52 -67 -95 -23 -66 -80 -108 -109 -104 -40 -8 -58 -91
right_child=1 3 19 38 9 12 7 16 10 14 18 24 20 52 22 72 25 31 34 35 37 42 27 47 26 28 78 97 30 49 43 54 -34 36 41 89 81 63 122 -41 53 55 45 44 77 108 50 58 -50 64 83 91 -54 66 90 62 124 -59 73 -61 79 -63 92 -65 65 114 87 -69 -70 -71 112 -73 -74 75 -76 -77 102 110 118 -81 103 84 -84 -85 -86 -87 98 88 101 125 105 -93 111 94 -96 -97 -98 -99 -100 -101 -102 -103 121 -105 -106 -107 119 120 -110 -111 -112 -113 -114 -115 -116 -117 -118 -119 -120 -121 -122 -123 -124 -125 -126 -127
leaf_value=0.35500000000000009 -0.27300000000000008 0.30000000000000004 -0.30100000000000005 1.0800000000000001 0.125 0.752 0.57050000000000001 -0.70500000000000007 -0.80399999999999994 0.72000000000000008 -0.30049999999999999 0.21850000000000003 1.3055000000000001 -0.51999999999999991 0.47699999999999998 -0.50600000000000012 -0.11299999999999999 -0.38300000000000001 0.10800000000000001 0.51500000000000001 0.12299999999999996 0.33000000000000002 -0.41600000000000004 0.095000000000000029 -0.44900000000000007 -0.70500000000000007 1.468 -0.090750000000000025 0.32100000000000001 -0.49500000000000005 0.35800000000000004 -0.60150000000000015 0.26799999999999996 -0.53300000000000003 -0.33100000000000002 0.88000000000000012 -0.025999999999999981 1.8100000000000003 0.92600000000000005 -0.032000000000000028 0.64500000000000002 -0.496 -0.66300000000000003 -0.46199999999999997 -0.35800000000000004 -0.55700000000000005 0.56300000000000006 -0.44399999999999995 0.52000000000000002 0.38300000000000001 0.57999999999999996 -0.159 0.217 0.087000000000000022 -0.20000000000000001 0.062000000000000013 -0.054000000000000048 0.0064999999999999954 -0.41500000000000004 -0.73100000000000009 -0.26150000000000001 0.10000000000000001 0.13399999999999998 0.68100000000000005 -0.0029999999999999363 -0.20124999999999998 -0.18599999999999994 0.65050000000000008 0.87300000000000011 0.68225000000000002 -0.18600000000000005 -0.29500000000000004 -0.1545 0.33000000000000007 -0.64700000000000002 -0.19850000000000001 -0.41925000000000012 0.59599999999999997 0.87137500000000012 -0.67200000000000015 -0.20650000000000002 -0.22599999999999998 0.74049999999999994 0.012500000000000001 0.21500000000000005 -0.42199999999999999 -0.23200000000000004 0.11599999999999994 0.10800000000000001 0.47999999999999998 -0.13300000000000001 0.39100000000000001 0.041000000000000016 -0.31400000000000006 -0.23600000000000004 -0.056999999999999988 0.22800000000000004 0.28750000000000003 0.05999999999999997 -0.18300000000000002 -0.36299999999999999 0.56200000000000006 1.6204999999999998 0.26900000000000007 0.68400000000000005 -0.43500000000000005 -0.11899999999999995 0.86799999999999999 -0.31600000000000006 -0.31 -0.016000000000000014 -0.34050000000000002 -0.48200000000000004 0.077999999999999944 0.017499999999999984 0.13799999999999998 -0.17500000000000002 -0.4220000000000001 0.081000000000000058 0.77449999999999997 0.5 0.64000000000000012 1.4199999999999999 0.79000000000000004 -0.34200000000000003 0.89900000000000002
leaf_weight=1170 1472 1864 798 2910 1692 1653 1024 1337 2523 1075 902 1586 4258 450 1440 279 707 1153 1728 1036 1400 504 3267 1591 1009 1374 618 856 3600 1667 1381 3176 703 1550 1084 2611 1683 1915 1018 4981 2131 2588 2895 2756 5329 2354 2307 3692 3240 880 2126 992 1656 1990 2561 1463 2176 658 2527 1910 1091 2258 1192 1415 781 3612 1883 1610 5325 3912 1050 5211 1256 741 6220 11240 214 958 1124 6101 646 1609 2510 8523 4400 1663 3167 11611 1733 4140 1237 7615 518 763 6551 1274 1830 2254 5195 1931 4231 2973 1146 1445 994 13636 1967 2230 7703 1148 1941 962 6849 1533 9870 2849 1332 2288 1308 450 4513 869 2720 519 3197 1570
leaf_count=1170 1472 1864 798 2910 1692 1653 1024 1337 2523 1075 902 1586 4258 450 1440 279 707 1153 1728 1036 1400 504 3267 1591 1009 1374 618 856 3600 1667 1381 3176 703 1550 1084 2611 1683 1915 1018 4981 2131 2588 2895 2756 5329 2354 2307 3692 3240 880 2126 992 1656 1990 2561 1463 2176 658 2527 1910 1091 2258 1192 1415 781 3612 1883 1610 5325 3912 1050 5211 1256 741 6220 11240 214 958 1124 6101 646 1609 2510 8523 4400 1663 3167 11611 1733 4140 1237 7615 518 763 6551 1274 1830 2254 5195 1931 4231 2973 1146 1445 994 13636 1967 2230 7703 1148 1941 962 6849 1533 9870 2849 1332 2288 1308 450 4513 869 2720 519 3197 1570
internal_value=-0.000888919 0.00299321 -0.00212068 0.00697453 -0.00792876 0.00559977 -0.00407929 -0.00267456 -0.011201 -0.00406209 -0.0120048 0.00231274 0.00939751 0.0128381 -0.00151067 0.00274237 -0.00370182 -0.0149544 -0.0087624 0.0113877 0.0116926 -0.00905378 -0.00253695 -0.00718005 0.0046547 -0.00205792 0.00340655 -0.00319869 -0.00264313 -0.00154565 -0.00156482 -0.0139553 0.022618 -0.00419672 -0.00760446 0.0128136 -0.00311659 0.00962633 0.0184546 0.00314864 0.00219461 -0.00841277 -0.0103976 -0.00306145 -0.00412509 -0.0116442 0.00486309 -0.00621433 0.0157737 -0.00263241 0.00371405 0.0083487 0.00246914 0.00277153 -0.0121532 -0.00959784 -0.0083247 0.0124726 -0.00711148 -0.0189227 -0.0154548 -0.00137232 -0.00848739 0.0169369 -0.00168855 -0.00233983 0.00195078 0.00861624 0.0164756 0.01122 -0.00972003 -0.00649312 -0.00882736 -0.00564816 -0.0189693 -0.00431574 0.011048 -0.00305485 0.010905 -0.0173146 -0.00402946 -0.0018847 0.0193186 0.00222277 0.00173906 -0.00364455 -0.00341132 0.00307523 0.00389233 0.0151903 -0.0109436 0.00507717 -0.00179641 -0.00496385 -0.00310135 0.00422414 0.00962264 0.00546624 -0.00111085 -0.0102693 -0.00665091 0.00801105 0.0123914 0.00289335 0.0175092 -0.0119633 0.00344013 0.0107158 -0.00977708 -0.0137528 0.00284581 -0.00731544 -0.0124226 0.00680022 -0.00090424 0.00124241 -0.000812568 -0.00862293 0.00642916 -6.18047e-05 0.0113229 0.0182382 0.0246656 0.0294556 -0.00586104 0.0127273
internal_weight=319883 206183 90254 115929 113700 103531 78825 70161 61584 52116 58221 55497 48034 4352 34488 3363 65809 30506 27715 11429 31892 17628 31583 21128 34535 44681 29037 30143 42364 20962 35617 27983 2246 27033 24903 10631 23766 22309 12398 8581 24993 23175 15936 27036 23238 14100 16142 19791 8660 19098 14489 18979 2106 23984 20610 19833 6747 1828 18200 2812 8664 3342 17245 3330 17431 16551 21853 2317 9583 5498 14573 6674 1535 14508 7373 11981 10372 20482 4044 7192 17583 20285 5420 12182 6009 3653 14276 18200 16317 8321 17434 8607 2672 15492 10163 2310 2905 3110 8362 3481 5914 4706 8972 2091 1612 14873 3798 6957 11205 3502 2899 1480 7899 3659 13482 3612 1836 3069 2432 2417 6743 2015 3738 1543 5373 5710
internal_count=319883 206183 90254 115929 113700 103531 78825 70161 61584 52116 58221 55497 48034 4352 34488 3363 65809 30506 27715 11429 31892 17628 31583 21128 34535 44681 29037 30143 42364 20962 35617 27983 2246 27033 24903 10631 23766 22309 12398 8581 24993 23175 15936 27036 23238 14100 16142 19791 8660 19098 14489 18979 2106 23984 20610 19833 6747 1828 18200 2812 8664 3342 17245 3330 17431 16551 21853 2317 9583 5498 14573 6674 1535 14508 7373 11981 10372 20482 4044 7192 17583 20285 5420 12182 6009 3653 14276 18200 16317 8321 17434 8607 2672 15492 10163 2310 2905 3110 8362 3481 5914 4706 8972 2091 1612 14873 3798 6957 11205 3502 2899 1480 7899 3659 13482 3612 1836 3069 2432 2417 6743 2015 3738 1543 5373 5710
cat_boundaries=0 12 23 34 45 56 67 78 90 102 114 126 138 150 161 173 185 197 209 220 231 242 254 265 276 288 299 310 321 332 343 355 366 377 385 397 408 419 431 442 454 465 477 488 499 510 521 532 542 553 565 577 588 596 608 620 631 642 653 664 674 685 696 707 717 729 740 752 763 774 785 796 807 818 829 840 851 862 873 884 895 905 916 928 939 950 961 972 983 995 1006 1017 1029 1040 1051 1061 1072 1083
cat_threshold=2181054592 131088 8705 2147483650 75498752 4202496 1207959812 17039376 139460610 524416 65536 16 134219778 32832 1081348 3238526976 603979776 4481024 260 268697600 2147516417 369111041 512 524416 35651616 0 2685927680 68157696 4210816 67109888 263680 129 1610874880 16846852 65 67113104 10502656 33832964 33562624 1107329280 67239968 2147516420 2 4718592 4198464 268648448 167777284 8388608 33554432 2147483872 264 2181038624 2147483905 1073745922 541196416 64 65536 8388608 32768 2097152 1073750016 4206656 131328 2147778560 1048576 1024 2147483648 1 62916608 16777216 33554436 268435460 20576 1073742848 8390784 1082130433 738722080 65537 32768 2153775104 4268800 1048576 2684362752 64 1078198784 135168 69206017 1745354792 2147484160 16 16384 134217728 0 2150629633 335546368 72 4194352 4325378 270532608 167786502 276824065 8 33619970 1077936656 27263008 536871938 1082261512 16384 67109696 16809984 1024 2 268435744 64 83902464 18907136 2 17666 2052 98496 8388608 2156404864 2097153 1074528264 268435712 8 2112 1073743872 32771 570425344 2751594496 1082130432 2147614736 4457552 128 101187592 590336 64 19922946 1083181058 64 35651584 6144 135397376 67240072 131072 872415232 67239936 269484032 40 16842752 16777472 3 572539140 2148533252 134267008 2147484032 262144 85983360 8194 1 17826048 1049600 268435488 2621569 268435456 288 34603008 2415919106 153096194 2097664 8519680 8 0 276824064 4194432 131072 268435460 17448 128 2152335360 134221825 134218240 2148008193 8 136315136 0 8913024 133258 2147483648 33554464 34078720 16912512 2097184 514 142737728 8 16777250 6293632 8404993 2147483648 67665920 64 8392708 269484297 562102272 4224 131072 72 268517380 4194304 4456448 18436 1342177280 1073742848 2181169920 5636098 11534336 1536 2160066560 8388608 260 4194433 0 536883200 65792 42467328 2148536449 134221826 1612710528 4849984 268503040 512 402653600 1081352 2147483648 1073742888 4718592 2049 25170945 1075840016 64 2282295296 1049124 0 537397248 536872704 1073742080 2147491840 256 4194304 2281702528 2147484160 80 2164260932 2097312 134242307 536887302 1024 65600 524288 524336 25165824 2148272128 4194304 269484032 4194304 0 0 67110912 8392704 8388608 524290 0 1610875136 64 537001984 132 2 8521728 2147516552 20512 2156921344 2148532544 10485760 134217736 2156400640 64 2149580800 174063616 16777732 262152 1073774632 541098112 71303296 163844 37750784 536870912 1049664 34078720 83890176 134217888 0 288 268435464 2282749952 1048576 1024 33687232 524293 2752512 37781504 4194307 262144 806367232 0 524304 2164396042 0 1073873156 293604352 2 1107297280 8425472 9439232 33687716 1114240 192 2147483648 1075838976 4204800 8388672 1048576 5124 138412160 0 0 671155200 1048640 1185793 16 135529216 524293 268435456 1080035362 66048 256 1048608 163904 262144 20971584 9438208 704 268568644 8 26230784 150994944 0 8388612 268443648 4096 13631488 2148827138 68157568 524800 2148012037 293601408 6295552 268697888 33554432 0 268828680 1049120 2172911616 1275072512 786432 8257 0 0 0 0 67108864 0 256 262144 285278208 33554432 4194304 264196 67109120 16392 2148532224 4718914 1210060929 33554432 134742529 16 18956292 3584 4097 0 37088 0 1107301376 800 1073741832 1073875012 256 215040 1179696 4096 2097152 3221226496 1073873928 67240448 2151677952 1073741962 1275207680 16777216 285229060 47185920 256 264 196 536870912 42991616 2049 0 1075839490 8389701 8 1048576 0 134217728 0 67108864 675291168 256 262144 1048592 1048576 4 16777221 25174080 268435585 0 2048 1078067232 2156920832 524352 1090521088 136446992 8519680 8 822083584 2097156 134218017 33554440 0 264 0 8421379 134217728 1443072 268959812 9650176 1140851328 294912 0 192 4194344 2147516416 917760 205520897 1536 655360 8 1048576 41943040 128 536887310 2415919108 536870920 134873152 4608 67108865 6291520 4194561 9437184 134222848 411303937 131080 67109120 134414336 34603072 17825793 4138 262216 524544 16908288 33554436 0 35670020 603987968 1073742208 2151678464 2147623168 33554434 524290 2164326656 0 15728640 134496260 8 4352 288 16 4233280 1209270306 1073741832 2151678464 1179648 1074268160 4194560 169869320 201326592 9438208 33686560 132096 1186 538974208 12582912 1048576 16777216 4194304 0 524288 671219720 1048576 0 1 134479872 278937600 3240099842 268435712 2181300224 10496 0 1310784 2155874312 136314912 2097160 268959744 33554432 3108 513 32768 872415232 134414336 34603008 32771 16777232 1442048 12582976 8 3145728 2048 266304 2097160 1073747972 1611826176 131072 9570304 67108888 3145984 8388608 8 0 4096 134480160 545276032 164 4194304 2281701520 8948224 134221824 5244928 594432 0 0 0 0 67108864 0 256 393216 293666816 1054848 17039490 128 41032 1073775624 512 8389632 67108864 131082 1 72 286392320 2048 69888 1050624 3221231752 0 33554512 1573952 8388616 538968066 268500992 8 16384 1052800 40960 2150105089 4 1048576 33558528 8739 2281701504 536872960 66048 2181562368 1073741824 8914594 3180544 0 134479872 256 688136 0 2149585420 277348352 9437184 0 285475232 8 0 66592 42991616 2147487745 134217745 131520 524288 128 16779280 266240 8404992 268435460 160 134217728 5768449 68224000 0 2155873028 269484032 4199428 155189281 33556480 0 134217728 1572928 1179648 135266321 538181952 276824064 134218752 16777216 2147485952 67111168 536871232 8388672 559105 11539465 262720 524292 26214404 2235564032 285483809 2097156 0 66560 8388608 2147485704 9441288 131168 268435456 9437184 0 151257248 0 4096 671089664 8388672 8390656 1040 537137216 256 16842752 50336768 403439874 33685508 2147483648 1207980064 1049664 16810496 1073742848 131072 4 1073741856 327680 2147483906 2147491840 134348992 8388624 17178624 34603040 0 272698436 8 276824064 4100 134217856 18568 268435460 0 34078720 4200448 17 1075054848 524288 269484032 4333568 2 1082376 1342178560 8 16 4202499 1118368 400 4 64 161480960 1210056704 138412066 134217728 67108864 0 131584 4718592 65538 2181170244 268566848 0 0 0 0 268443648 671088640 9437184 4194304 134217744 1074790720 8388868 4 83886084 270336 131072 2048 134234112 143131136 1577481 1083277328 1073872896 2147483909 5 1056 402669600 4 32 327880 524352 12584451 16843777 8448 513 1048580 0 134221825 0 67108864 671088640 8913408 1183744 1041 768 524544 9437184 1024 4194304 0 0 536870920 8388608 8388608 0 262400 512 0 25167876 4198560 2048 4 0 524416 2152732675 1024 520 8388673 2441101316 12588032 268435456 33816577 0 142803200 8256 5244930 8388608 525632 524289 8404992 16781312 289 0 268437504 134353920 0 8388609 1073741834 1048576 525312 276824064 1090524160 257 33816576 268437504 268501256 32 2147518467 1048586 4096 268436480 0 12583936 266241 0 1342177280 134348832 524288 17827843 134217728 0 589893 8388608 25169924 4352 0 0 66560 512 0 1024 1207959808 4194304 8388608 0 285212800 33685504 536870912 131072 1572928 16781313 1032 512 524288 67239936 37748740 0 572000256 0 1086324736 2189426944 8388610 0 540016640 67108864 4194304 134217728 8 0 8 8388608 524289 8388625 1310720 64 8388608 0 151257472 131080 0 134284296 0 1179648 1207959561 1179648 524544 8 269484032 1028 285212672 35782660 268437504 671285248 33554496 12585475 167772176 1048576 256 8388612 16781316 262272 0 0 197632 0 1 1074791448 1049664 4194560 1048576 1024 134217728 0 0 134217728 0 0 2097168 262400 320 33554496 4096 18874368 1107312640 8519684 49152 64 8390676 7602177 806093824 2424307712 268435456 4194304 268697600 33685640 0 65568 64 25167872 2 537133056 65536 11026432 4096 128 277350400 268435456 1088 42991616 524546 46142464 1049920 260 16 276824066 8519712 320 1074792448 33562820 131072 1073754432 16777248 67108864 406848576 4096 10485760 16778240 0 131080 268435456 671089696 8388608 2048 24 512 524288 11534336 1052672 0 8 256 32 0 1 16 1075052552 0 16 1703936 7168 268697761 33554432 4096 536870912 1048576 1048577 128 1179968 524289 1065216 2147517440 402731008 134217736 2147497984 1280 524288 2147487744 16 1074922562 4194304 287326208 5120 402915584 131072 67109120 4326400 1048640 5246978 134221832 1074004032 268451844 8388612 4353 136 1342177284 70656 41943040 2160068610 1075838977 1073872896 8388673 67108864 16778240 289406976 2361344 268437504 132128 4194368 16781312 1049 536870976 2147614720
is_linear=0
shrinkage=0.1


Tree=3
num_leaves=127
num_cat=97
split_feature=20 5 5 15 15 16 18 16 2 2 1 20 6 20 2 4 2 4 1 2 16 2 1 6 1 5 1 1 1 1 2 2 1 1 2 1 2 1 1 1 1 1 1 2 2 2 2 2 1 1 12 2 2 1 2 2 1 1 2 15 2 2 2 1 2 1 2 2 1 1 1 1 1 2 2 2 18 5 1 1 1 1 2 20 1 1 2 2 1 2 2 1 1 1 6 2 15 16 2 2 18 2 1 2 1 2 1 1 1 1 2 1 2 2 2 11 1 5 15 2 6 2 2 1 1 1
split_gain=788.047 267.538 182.946 144.355 142.481 142.24 71.5385 59.5326 58.1963 49.8902 47.6471 46.2023 46.091 44.3122 36.1994 35.9068 35.803 33.1524 31.5155 30.8938 28.8706 27.9332 27.4943 27.0378 26.9107 26.2427 26.0062 25.5611 25.2693 24.41 24.2789 23.3755 23.1179 22.885 22.4054 21.899 21.5043 20.4392 20.3551 22.4308 20.3341 20.0986 19.2703 18.864 18.8598 18.4684 18.1934 17.6026 17.0169 16.5258 16.0142 18.2256 15.6522 15.6248 15.5455 15.4892 15.2612 15.1919 14.0752 14.0261 13.8962 13.5281 13.5006 13.8871 13.3226 13.3085 13.3028 13.2842 13.1779 12.9236 12.6368 12.5967 12.4724 12.432 12.36 12.0363 13.819 11.692 11.5269 11.518 11.4322 11.108 11.0734 11.0186 10.9916 10.9803 10.7545 10.7301 10.429 10.3234 10.2895 10.221 10.1243 9.85316 9.81079 9.71614 9.69527 9.57137 9.48294 9.42002 9.33481 9.3147 9.59045 9.21595 9.1474 9.02168 8.91502 8.90001 8.85083 8.75775 8.52802 8.48744 8.45273 8.4508 8.17384 7.98444 7.88277 7.8696 9.66083 8.31498 7.79266 9.05049 7.64718 9.99777 8.05273 7.53506
threshold=0.19928601384162906 735.50000000000011 500.50000000000006 3894.5000000000005 3572.5000000000005 0.24827639758586886 0.1503487825393677 0.21509863436222079 0 1 2 0.13001377880573275 3.5000000000000004 0.32582892477512365 3 15.500000000000002 4 14.500000000000002 5 6 0.18652419000864032 7 8 1.5000000000000002 9 525.50000000000011 10 11 12 13 14 15 16 17 18 19 20 21 22 23 24 25 26 27 28 29 30 31 32 33 903.50000000000011 34 35 36 37 38 39 40 41 993.50000000000011 42 43 44 45 46 47 48 49 50 51 52 53 54 55 56 57 0.097033560276031508 405.50000000000006 58 59 60 61 62 0.25142741203308111 63 64 65 66 67 68 69 70 71 72 6.5000000000000009 73 4167.5000000000009 0.12168725952506067 74 75 0.16423987597227099 76 77 78 79 80 81 82 83 84 85 86 87 88 89 6.6784667968750009 90 850.50000000000011 394.50000000000006 91 6.5000000000000009 92 93 94 95 96
decision_type=2 2 2 2 2 2 2 2 9 9 9 2 2 2 9 2 9 2 9 9 2 9 9 2 9 2 9 9 9 9 9 9 9 9 9 9 9 9 9 9 9 9 9 9 9 9 9 9 9 9 2 9 9 9 9 9 9 9 9 2 9 9 9 9 9 9 9 9 9 9 9 9 9 9 9 9 2 2 9 9 9 9 9 2 9 9 9 9 9 9 9 9 9 9 2 9 2 2 9 9 2 9 9 9 9 9 9 9 9 9 9 9 9 9 9 2 9 2 2 9 2 9 9 9 9 9
left_child=2 7 11 5 6 8 24 10 59 29 75 53 23 38 79 21 84 43 110 72 42 -11 -23 33 -4 26 -18 -16 90 -8 85 80 89 -10 77 -21 -26 -27 -7 52 -19 -29 -14 -6 91 -41 106 -44 -48 66 51 -33 -40 -1 125 92 103 -32 -55 -3 109 -52 -59 100 -50 -46 -24 -15 -45 -39 -56 -36 -12 -51 96 76 -2 -28 -79 -13 -20 -75 -71 112 -9 -25 -54 -58 -49 -5 -22 -37 -34 95 101 -89 -42 -90 -85 -83 -64 -47 -103 -53 -101 -31 -30 -38 -76 -35 -17 -62 -66 -95 -99 -84 -57 119 -119 -88 121 -69 123 -72 -124 -43
right_child=1 3 4 32 17 13 9 16 12 15 19 14 20 67 27 18 25 40 31 35 28 22 49 30 36 37 34 41 46 105 57 50 55 60 71 44 107 69 39 45 74 54 47 68 65 94 48 88 64 73 61 56 86 58 70 116 87 62 -60 -61 111 -63 63 -65 83 -67 -68 120 -70 82 122 -73 -74 81 108 -77 -78 78 -80 -81 -82 99 115 98 -86 -87 117 93 97 -91 -92 -93 -94 113 -96 -97 -98 114 -100 104 -102 102 -104 -105 -106 -107 -108 -109 -110 -111 -112 -113 -114 -115 -116 -117 -118 118 -120 -121 -122 -123 124 -125 -126 -127
leaf_value=-0.73140000000000005 -0.31455000000000005 0.81677500000000003 -0.78980000000000006 1.3420000000000001 0.25950000000000001 1.2182500000000001 0.39472499999999999 0.66349999999999998 0.46730000000000005 -0.48217500000000002 -0.75139999999999996 -0.70069999999999999 -0.49320000000000008 0.36299999999999999 0.062000000000000013 -0.11430000000000007 -0.46339999999999998 -0.080750000000000016 -0.10339999999999999 -0.54359999999999997 0.22360000000000002 -0.56830000000000003 -0.053749999999999964 -0.04490000000000003 -0.032150000000000033 0.47750000000000004 -0.15995000000000004 -0.62230000000000008 0.72177500000000006 -0.33679999999999999 0.32132500000000003 -0.45150000000000007 1.0310000000000001 0.59042500000000009 0.072750000000000051 -0.07189999999999995 -0.26695000000000013 -0.22070000000000001 -0.1258 -0.26940000000000003 -0.048000000000000001 -0.29470000000000002 -0.247775 0.055599999999999962 0.09940000000000003 0.55190000000000006 -0.32919999999999994 0.40134999999999998 -0.24360000000000001 0.11085000000000003 0.73840000000000006 -0.16420000000000001 0.85734999999999995 -0.15339999999999998 -0.14350000000000004 0.51870000000000005 0.12625000000000003 0.1048 -0.53849999999999998 0.26250000000000001 -0.48127500000000006 0.031050000000000067 -0.70685000000000009 -0.1077 -0.23380000000000001 -0.18179999999999996 -0.43150000000000005 1.5024500000000001 -0.2954 -0.3034 -0.25649999999999995 -0.30679999999999996 -0.44565000000000005 0.17400000000000004 0.80200000000000005 0.028150000000000033 0.47294999999999998 0.57350000000000001 0.11565000000000003 -0.44130000000000003 0.42390000000000011 -0.30414999999999992 0.08674999999999998 0.62990000000000013 0.19445000000000001 -0.6144750000000001 -0.17625000000000002 -0.058199999999999988 -0.53780000000000006 0.95195000000000007 0.82572499999999993 -0.37129999999999996 0.39500000000000002 -0.0025999999999998915 0.99622499999999992 -0.45240000000000002 0.84185000000000021 0.3700500000000001 0.17590000000000006 0.0024000000000000024 -0.32284999999999997 0.41519999999999996 0.021324999999999997 0.55020000000000013 -0.2036 0.27752500000000002 0.28620000000000012 -0.49680000000000002 0.52570000000000006 0.079400000000000054 -0.50580000000000003 -0.078400000000000081 0.17845000000000005 -0.22039999999999998 0.027199999999999936 0.48099999999999998 0.025700000000000056 -0.65607500000000007 0.63339999999999996 0.44800000000000006 2.1151750000000002 1.0024500000000001 -0.43349999999999994 -0.45950000000000008 -0.21340000000000003 0.1125
leaf_weight=2971 109 1133 2145 2553 1821 1570 1594 1961 3016 4868 911 1577 1147 1121 1879 865 1948 1072 1046 1397 1354 2626 1532 732 2057 2522 2054 2019 2745 906 1294 1040 2373 786 1424 1588 3477 3153 969 1406 887 728 1584 1894 3176 2289 1318 1629 1193 2027 669 542 3218 1269 2644 1423 2666 3389 7727 751 594 1684 346 8378 1179 6676 5085 1644 1911 831 2267 4537 2540 1115 2420 2374 1073 729 3036 2601 2231 3683 10683 3431 1854 1850 863 1309 259 3671 3162 4515 745 5581 1988 2505 324 835 2783 4138 2873 4620 5146 1115 12008 732 1747 5945 2653 1159 2539 3939 6460 6067 5165 1359 1287 182 8717 1422 1260 5481 2367 7650 5410 1313
leaf_count=2971 109 1133 2145 2553 1821 1570 1594 1961 3016 4868 911 1577 1147 1121 1879 865 1948 1072 1046 1397 1354 2626 1532 732 2057 2522 2054 2019 2745 906 1294 1040 2373 786 1424 1588 3477 3153 969 1406 887 728 1584 1894 3176 2289 1318 1629 1193 2027 669 542 3218 1269 2644 1423 2666 3389 7727 751 594 1684 346 8378 1179 6676 5085 1644 1911 831 2267 4537 2540 1115 2420 2374 1073 729 3036 2601 2231 3683 10683 3431 1854 1850 863 1309 259 3671 3162 4515 745 5581 1988 2505 324 835 2783 4138 2873 4620 5146 1115 12008 732 1747 5945 2653 1159 2539 3939 6460 6067 5165 1359 1287 182 8717 1422 1260 5481 2367 7650 5410 1313
internal_value=-0.000840134 0.00351743 -0.00649457 0.00624693 -0.00409438 0.00508985 -0.00560462 -0.00190902 0.00220516 -0.00431719 -0.00572889 -0.0119702 0.00169601 0.00965009 -0.00990149 -0.00490284 0.000669142 0.00565398 -0.00232258 -0.00755537 0.00407185 -0.00698182 -0.00590864 -0.00131894 -0.0122358 -0.000415041 -0.0037296 -0.00851562 0.00590415 0.00780382 -0.0035097 -0.00115435 0.0166279 0.00303349 -0.00195081 -0.00582882 -0.0102837 0.00203796 0.00788824 0.0073143 0.0100734 -0.00938217 -0.000306055 -0.000124422 -0.00476981 0.00461543 0.00442826 0.00118119 0.00287651 -0.00503412 -0.00227273 -0.00315726 0.0100221 -0.0172349 -0.00851088 0.0120247 -0.00247285 -0.00207489 -0.0150899 0.0194826 -0.000323674 0.00554611 -0.00297413 -0.00459636 0.00383236 -0.00205841 -0.00943866 0.0156533 -0.00412844 0.000717136 -0.00934736 -0.00625523 -0.0161947 -0.0037618 0.0122339 0.00496354 0.0131711 0.00246183 0.00577689 -0.018553 0.00673867 -0.00448602 0.00212295 0.00470677 0.00981699 -0.0125 0.0108521 -0.00331349 0.00311471 0.0208855 0.0126823 -0.00913627 0.0168478 -0.00432394 0.00571052 -0.00873431 0.00307125 0.00125219 0.00783714 -0.00503302 -0.0101734 0.00464123 0.00328355 0.00668866 -0.00398614 -0.000788835 0.0100622 -0.0123092 0.0144108 0.00672634 -0.011365 -0.00335681 0.00216651 -0.00287356 0.00206667 0.00289578 0.00643382 0.00936216 0.0107147 0.00413567 0.0170161 0.0157544 -0.0103141 -0.0121739 -0.00792988 -0.000170648
internal_weight=319830 180629 139201 120179 96779 108127 83797 60450 66231 70173 24359 42422 64347 41896 30455 66941 36091 12982 29859 20803 35991 37082 32214 28356 13624 32276 13728 26277 25372 3232 18862 26455 12052 9494 11780 17352 11479 18548 32390 30820 7356 24398 10619 5626 15955 15449 20856 9472 16364 29588 23178 20825 15371 11967 22379 5828 19785 16280 8996 1884 6478 2353 14986 11597 15046 9852 6617 9506 3805 16026 20338 5961 3451 22971 6284 3556 1182 5819 3765 4178 3277 20944 12873 13853 3815 2582 14402 18128 7888 6224 4516 6103 3118 15462 14043 3814 1211 6259 6214 19829 3219 12055 9766 1657 16146 1638 4492 9422 5073 1945 3404 4533 7639 11648 6000 12042 2710 11184 8899 2285 8385 7125 17694 9917 7777 2041
internal_count=319830 180629 139201 120179 96779 108127 83797 60450 66231 70173 24359 42422 64347 41896 30455 66941 36091 12982 29859 20803 35991 37082 32214 28356 13624 32276 13728 26277 25372 3232 18862 26455 12052 9494 11780 17352 11479 18548 32390 30820 7356 24398 10619 5626 15955 15449 20856 9472 16364 29588 23178 20825 15371 11967 22379 5828 19785 16280 8996 1884 6478 2353 14986 11597 15046 9852 6617 9506 3805 16026 20338 5961 3451 22971 6284 3556 1182 5819 3765 4178 3277 20944 12873 13853 3815 2582 14402 18128 7888 6224 4516 6103 3118 15462 14043 3814 1211 6259 6214 19829 3219 12055 9766 1657 16146 1638 4492 9422 5073 1945 3404 4533 7639 11648 6000 12042 2710 11184 8899 2285 8385 7125 17694 9917 7777 2041
cat_boundaries=0 10 21 32 44 55 66 77 88 99 111 122 133 144 153 164 175 186 197 208 219 231 242 253 264 275 286 297 308 320 332 343 355 366 377 389 400 411 422 433 444 454 465 476 487 498 509 519 531 542 553 564 575 586 597 607 618 629 640 651 662 673 684 696 706 717 728 739 750 761 772 783 794 806 818 830 842 854 865 875 886 897 908 919 930 940 951 962 974 985 996 1007 1017 1028 1039 1051 1063 1074
cat_threshold=16384 1107329282 2 16778496 67141632 4202496 67371264 270368 2097152 524296 2181038210 32 514 2290091264 76546052 37756928 2281702656 270608 0 536872992 132096 2147483906 4227072 134266881 524288 67108868 4268032 8448 263200 16846849 33828864 268505088 16910336 0 4227459 1048576 268439556 1073741832 0 2148143120 1210056706 138412544 2151678209 8 131200 39848960 0 537919745 68157440 4198528 8388896 132096 128 1610874880 16849924 2147483776 8388624 283140 536871168 603979776 536887296 201850880 40 16777216 1210064898 8388673 268517377 1048576 16777344 133124 1073741824 1024 0 398370 1073745923 134361090 4195393 16843008 1179650 270528 536870921 4026531904 40 1078071824 0 0 67239952 2147484160 268435460 1073742128 8388608 2097154 2147618816 536887424 67108864 17859904 1207964704 144 8912960 0 33554432 8388609 4 2155909120 34112 134218128 1999108 4096 131072 272629765 72 134742016 67108864 134217857 536870916 256 69664 2282749952 2164818049 128 1073873984 151527424 2147483648 1077936194 1081346 2150629377 3019898880 4210752 260 262152 4198401 524288 4 277872640 67110912 262144 2099204 268435456 1280 1048576 2148139265 1084227586 538968642 4784640 68157440 0 268435456 8 67108864 4202528 1048832 8652800 8 1048704 67108864 8651136 44564480 1073742976 1073807616 131120 256 67112994 2690 131072 67108864 102760464 27271169 557056 805306368 20480 33554496 2156920835 136319106 0 65536 276824064 4198400 138412160 33570820 0 671089664 35127296 133121 2098193 1612054850 524288 1048576 50331648 1 33554436 67112960 541081600 34603024 4718593 142607378 1311304 8913152 1048576 2231369728 138412289 2183135232 805316608 0 72352320 8421888 134217731 1048904 272629760 83906560 1140850704 8388608 2097153 0 1107427712 2185363984 2164260872 1210056706 524416 64 128 8392704 268701696 578945280 344489984 134242432 135266304 1966080 134283280 256 8388608 64 271597568 2214592516 266240 536871172 335552512 671105024 4194304 1179650 1052673 1074790402 2147483653 285212672 1075838978 262400 8388608 268435712 8388616 301989888 5505032 76546048 524300 16843840 9486336 54525952 272637954 167772160 2214600704 134283296 9437216 25165824 136314880 2359552 1 65536 8388608 4097 33570944 1140850688 1077944320 131328 2156789762 1076891648 536871938 2160066564 33570816 33556624 20481 671088642 45288 1073742080 67108864 2147483648 1058 4325440 2148532288 212992 8388608 18878464 134 139396 32768 8519808 17301504 1083179010 1073743936 272629760 9437184 4199428 16781601 33570824 0 8192 1572992 26740736 8389640 1310976 524548 8388612 75497504 272629760 16777216 268435460 1744965672 131584 2151678464 3145736 525056 65792 8 142627072 209715200 36 0 2147487744 4195584 0 530952 66562 0 273285440 8 2164260864 1024 33 2684485632 2147488768 98312 2155872256 2157445377 134217859 537133440 4718592 335546372 67108864 4235264 2377736 4128 134316032 42074112 135170 8388616 134356992 131073 8 2148139008 138412064 8388608 0 2182092832 128 2214592512 17866752 2088 134353024 8388677 69206016 25166912 17044096 262400 32 134217736 1082131456 393216 1048584 1879179584 131076 524289 1073741824 4210752 536887296 33920 262144 339869696 32808 536870944 2149581826 2152726528 64 2181038336 3229616128 8978944 3180544 872415232 268697664 272630272 4194304 1048576 2149584896 68 4 1053716 262656 16384 96 134217728 1141899392 525316 1744831488 1213334528 8392704 2621440 35651584 4096 570425346 2304 12587264 76022016 16809984 32 393344 8390144 9453568 4198400 151028096 33554440 8192 671158272 9437248 2147483648 1207959569 1312008 524544 335544320 33589376 4202497 33603712 2148532224 8454144 64 2147745794 69206146 2696 285736960 335560704 20971536 256 10485766 603990048 0 131072 2147623170 1073811585 536880136 268435460 25171968 1 524288 2214596608 138485760 8913152 2164523010 1216352272 671088706 4194304 276824068 20976640 276824065 33685512 536879104 134217800 524800 2156003330 16778272 168034304 4194305 268435456 1090520064 384 34734080 8448 671088744 4325376 2572 40 1074003968 2416443392 69206018 6295568 134250496 1050628 2147485696 96 8912896 21632000 1073741824 3277824 256 8388612 8388644 128 2181054592 1024 537034824 41943552 1083905 67108880 134349440 3072 336138304 76546096 2183172 134774784 134218498 0 33554560 16777216 5242880 134349824 1048576 8388612 272629760 33556608 2048 536870976 524416 1742849 9437184 137363456 4194309 8 4 20974592 20971521 33816576 8192 134430720 34078912 21009408 2101248 1075844608 4 276824064 2281735168 268445219 2147485696 0 70664 262144 4751360 2101280 1100 8388608 1048576 0 138416160 33556480 1342177280 671088640 35127360 5773312 1041 135528450 4194305 0 20975618 160 8 6144 4198656 262144 4227592 142607498 36176896 285736960 18350080 144834564 8256 1024 1073741824 4232 2147484176 524608 3357540368 2214592520 8585216 3149824 18874368 4194304 2147483656 2147495936 570441736 33554944 4096 1084228608 538443784 2147549440 268435456 25165828 268435584 131204 268435456 256 2147483776 21004802 1073741824 134219520 344473601 1107296256 8503296 36700160 133120 0 8388736 2147483660 83890184 524290 69632 268517380 8388608 0 2097284 1073741828 1073745984 2148663424 4718592 142606336 134350336 2160066564 0 0 134480001 33554688 335544324 541073440 256 4456448 1048576 139469312 4194308 0 2147484672 262434 2097152 2684356608 1024 9175552 131074 1211105281 14592 268435456 10485760 4096 289407136 33701896 4 32768 34734176 5246977 1024 1075053064 4718593 134234112 4096 16777249 1050624 4352 134348904 0 16783875 5137 536871168 272631040 18689 139460738 8450 2148008064 2048 1073807424 138547232 524306 32768 4096 151060480 2147483648 67108900 128 153092096 268437504 1073741824 2147484160 1048704 4198434 33563136 8388672 8 269484032 1024 289406976 33554432 805308416 536870952 9437184 8388608 16 1075053376 269484032 16777216 16777249 33816576 0 65568 1048576 2155872256 1207959568 135232 524288 293601280 83919876 262144 2684354568 6148 148480 9961472 2147616768 8388609 671090944 65537 18436 16777728 69632 4 3221229568 1416 8912932 16908288 1091567616 38273344 16777217 67108868 133120 262144 34078720 1073741856 1073872928 768 4593968 134217737 39846400 8519680 0 1028 134217760 33556488 0 671088640 1572864 0 1041 538313026 524288 3149824 4199424 134217728 0 805314560 134288392 524288 4194304 1207959568 1645215744 4 65537 9570304 16777504 2056 1073741952 1056 0 5380352 0 3762422856 524293 1048580 58721280 17039616 8 268435460 4096 8388672 4194304 134217736 134217736 12583173 2228224 4195328 402653216 2157182976 8224 5374976 12583168 562176 134221832 536870912 1028 8 65536 3072 268730656 1110573056 32 1207959616 1053184 4199424 0 135405568 524292 24 0 4096 411304320 33554446 268445696 134348864 524288 4331520 40 1107296320 260 8 32 67113472 0 524288 40960 164032 68157504 272633888 8455170 1109393984 151519232 34 285212672 1077936128 8388865 2181038080 268443904 134381576 13107200 17956866 32 1611530240 0 16 2097280 5120 16777248 538968068 2048 805716032 524368 2148141568 5266 2 532480 9437184 16777216 384 0 0 134348808 8912896 0 1 1310720 1048576 35651584 32 1074792449 536880128 12582912 33554432 8397320 2223046785 100665856 2147484160 0 0 0 256 67108864 4194304 256 262144 0 536870912 131072 131072 20972544 406847904 131080 4096 671088648 2189426688 9701376 134218777 1048576 68 5 9442304 262272 526464 268435460 65536 4751360 20971520 139460624 537133824 256 276824064 0 138412192 8 8192 134222848 2157445120 16783360 8389649 1310784 64 8388608 4096 402915456 8 268435456 134217768 524288 8650752 1073741824 134217728 67108864 8389648 20971552 131072 0 147488 33554560 8390659 134283272 134217984 260 67108868 8390656 4456450 0 268435460 1024 524544 262146 8 134225920 2151679045 0 4200448 262144 2097162 536881152 131328 4194304 4326400 25169952 1107298304 268500992 8 276824064 5248004 402653184 2228224 104 1245216 0 526340 1041 1208222216 8912896 33554434 2230276 17039361 2 131136 17536 1577152 1049601 67108864 2098176 8917760 1048580 16778240 16777217 8 335544320 65536 0 22548480 134221824 512 68 3293184 0 402653344 0 0 4259872 0 9994752 134218752 1075053064 131072 16777216 65536 4 67108864 0 524288 25171968 1073742848 262144 65792 9437184 25166848 419692544 131072 2214600704 134348832 128 5242882 5129 1048578 524292 268435458 1056768 4456576 2060 256 32800 524384 4229648 75563008 570425473 524320 72 4 4096 138412320 16388 256 32 655360 1055235 67174528 1073742592 524288 8 1179648 8388608 288 34078720 2052 671088648 2282750016 2048 2097152 1207959552 8388865
is_linear=0
shrinkage=0.1


Tree=4
num_leaves=127
num_cat=96
split_feature=20 5 15 5 16 15 20 5 2 2 2 2 2 16 1 1 2 5 18 20 2 16 1 6 5 1 1 6 1 2 2 1 1 1 1 1 11 1 1 1 1 2 2 6 1 15 20 1 2 1 2 1 2 2 2 2 2 2 1 1 2 1 1 2 1 1 2 18 1 2 2 2 1 2 1 1 1 2 2 1 1 2 18 1 6 2 1 1 1 2 2 1 2 1 1 1 2 2 5 1 1 5 1 2 1 2 1 2 1 15 1 11 2 8 2 15 2 1 2 8 2 1 2 1 2 2
split_gain=658.145 192.155 179.498 163.644 83.042 74.2371 83.3133 51.9368 41.6059 39.6512 39.2502 37.4161 37.0508 36.4329 36.0482 35.4564 32.1517 31.4412 31.1818 26.459 25.6231 25.5114 25.3547 25.006 24.9242 23.6987 23.6807 23.5324 21.9886 24.2794 20.5775 20.4414 20.4376 19.9626 19.7861 19.6289 19.1673 18.7778 18.4983 18.1929 18.1299 18.1105 17.7789 17.7047 16.1662 17.6031 16.9342 15.3443 14.5756 23.023 14.3691 14.2275 17.0887 14.2273 14.2083 14.2049 14.16 14.1573 14.0174 13.5881 13.5828 13.2563 13.2043 13.1577 13.0931 12.909 12.5769 12.1871 11.9702 11.8694 11.7282 11.7117 11.6971 11.6822 11.641 11.5529 11.2457 11.0548 10.8908 10.7882 10.6805 10.5357 10.1587 10.1544 10.1268 9.92805 11.0197 10.457 9.92183 9.75202 9.62996 9.62535 11.6967 9.62125 9.58471 9.50755 9.4903 9.44833 9.43499 9.29403 9.05973 8.92926 10.3864 9.80922 8.89019 10.1086 8.78639 8.6718 8.35862 8.2075 8.12128 8.07676 7.9668 7.88103 9.12588 8.6142 11.7711 7.83198 8.37767 7.82454 7.78898 7.571 7.55836 7.39343 7.27507 7.23909
threshold=0.21716212481260302 500.50000000000006 3572.5000000000005 790.50000000000011 0.14408913254737857 3572.5000000000005 0.28829173743724829 405.50000000000006 0 1 2 3 4 0.20581872016191485 5 6 7 770.50000000000011 0.25798261165618902 0.1498452425003052 8 0.19979950040578845 9 6.5000000000000009 825.50000000000011 10 11 3.5000000000000004 12 13 14 15 16 17 18 19 6.4581990242004403 20 21 22 23 24 25 6.5000000000000009 26 3568.5000000000005 0.26281979680061346 27 28 29 30 31 32 33 34 35 36 37 38 39 40 41 42 43 44 45 46 0.097033560276031508 47 48 49 50 51 52 53 54 55 56 57 58 59 60 0.097033560276031508 61 3.5000000000000004 62 63 64 65 66 67 68 69 70 71 72 73 74 570.50000000000011 75 76 820.50000000000011 77 78 79 80 81 82 83 394.50000000000006 84 4.2779421806335458 85 14.500000000000002 86 2067.5000000000005 87 88 89 17.500000000000004 90 91 92 93 94 95
decision_type=2 2 2 2 2 2 2 2 9 9 9 9 9 2 9 9 9 2 2 2 9 2 9 2 2 9 9 2 9 9 9 9 9 9 9 9 2 9 9 9 9 9 9 2 9 2 2 9 9 9 9 9 9 9 9 9 9 9 9 9 9 9 9 9 9 9 9 2 9 9 9 9 9 9 9 9 9 9 9 9 9 9 2 9 2 9 9 9 9 9 9 9 9 9 9 9 9 9 2 9 9 2 9 9 9 9 9 9 9 2 9 2 9 2 9 2 9 9 9 2 9 9 9 9 9 9
left_child=1 9 4 7 11 6 12 32 80 25 47 -3 22 27 67 125 72 36 23 34 88 63 -5 28 31 -1 71 35 -14 64 -29 73 -2 -13 -16 -12 54 -21 -28 -26 -32 -33 -22 62 77 46 69 -6 -37 60 -19 52 -20 95 -17 -41 -48 -42 70 -27 -50 -25 -44 -7 -30 -57 123 -11 -59 -46 -31 -18 -10 -15 81 122 -35 -40 -63 -68 -9 -51 -49 -55 108 87 -87 -39 -8 -67 -53 92 -70 -86 -56 -43 121 -93 112 -36 -24 102 -99 -103 105 -64 -65 -78 -52 -106 -58 -61 -47 115 -115 116 -91 118 -117 -54 -77 -60 -71 -34 -100 -4
right_child=3 2 15 5 10 21 20 8 16 14 13 33 18 24 19 17 26 50 51 37 42 -23 100 61 39 59 38 30 29 58 40 41 66 76 99 48 -38 85 44 55 57 53 43 -45 45 98 56 82 49 74 84 90 119 83 94 65 110 68 96 111 -62 78 104 106 -66 89 79 -69 91 75 -72 -73 -74 -75 -76 120 107 -79 -80 -81 -82 -83 -84 -85 93 86 -88 -89 -90 113 -92 97 -94 -95 -96 -97 -98 101 124 -101 -102 103 -104 -105 109 -107 -108 -109 -110 -111 -112 -113 -114 114 -116 117 -118 -119 -120 -121 -122 -123 -124 -125 -126 -127
leaf_value=-0.21915999999999994 0.13948999999999998 0.14740374999999992 0.13305000000000008 0.91014249999999997 -0.10552375000000001 0.75250000000000006 1.3527912500000001 -0.85546499999999992 0.16578000000000009 -0.3906 -0.53664000000000001 -0.67902000000000007 -0.43226999999999993 -0.55149749999999997 -0.65844999999999987 0.21557500000000004 0.55160750000000014 0.12838750000000007 -0.037340000000000019 -0.56065000000000009 -0.048690000000000122 1.0288999999999999 -0.082820000000000116 -0.14752000000000001 -0.42533250000000006 -0.65847 -0.46639750000000008 0.22030000000000005 0.45020250000000001 -0.22248000000000001 -0.57202000000000008 0.18051000000000006 0.076380000000000073 -0.14675875000000002 -0.47964999999999985 -0.46115999999999996 0.46854500000000004 -0.052919999999999995 -0.37342500000000006 0.41776750000000001 -0.31998625000000003 0.21657499999999993 -0.099115000000000023 1.2620100000000001 -0.28907500000000008 -0.19256999999999996 -0.25341000000000008 -0.29782000000000003 -0.18955499999999992 -0.29002999999999995 0.010020000000000008 0.70526500000000003 0.57675500000000002 0.12138499999999995 -0.23528500000000002 0.40940000000000004 -0.0479950000000001 0.22036375000000002 0.27723750000000003 -0.61533000000000015 0.22209749999999998 1.1253949999999999 1.1166825 -0.057195000000000024 0.13676750000000001 -0.24082500000000007 -0.27191249999999995 0.14220499999999997 0.15356000000000006 0.098165000000000016 0.31354500000000002 0.13180500000000001 0.58857499999999996 -0.23634000000000005 -0.35949249999999999 -0.10732 -0.14266125000000002 -0.051049999999999957 0.30327750000000003 -0.57772000000000001 -0.29819000000000007 0.027750000000000077 0.35982250000000005 -0.27044000000000001 0.88780000000000003 0.061850000000000009 -0.21975500000000003 -0.36146000000000006 0.75220500000000001 -0.49862500000000004 0.0016700000000000161 0.13598000000000005 -0.11174000000000001 0.60350000000000004 0.045540000000000004 -0.10312000000000006 -0.17421999999999987 -0.53280499999999997 0.15409999999999999 -0.29014999999999985 0.53257750000000004 0.12558500000000003 -0.21651124999999999 -0.22143249999999998 -0.39327000000000001 0.46107999999999993 0.51990000000000003 -0.46372000000000002 0.52543000000000006 0.54365500000000011 0.30116999999999994 -0.42314999999999997 0.15797499999999998 -0.18677999999999992 0.5247750000000001 0.35992250000000009 -0.02021000000000002 0.19427000000000005 -0.21806499999999995 1.3949850000000001 0.11647499999999998 -0.077729999999999952 -0.34003000000000005 -0.33193499999999992 0.51419000000000004 -0.28089249999999999
leaf_weight=1931 1023 1222 423 2088 1154 1857 2330 476 1669 233 3455 2252 1778 1632 2936 1880 1602 1642 1178 1765 1653 6181 999 861 1876 2334 1008 1660 2135 665 1429 2559 915 2082 3533 3188 1246 1286 1596 2397 2408 2031 1245 3023 2192 472 1229 127 1002 1749 899 1431 3882 970 1854 1921 1599 1280 1808 2402 1908 1687 1928 1293 7415 2257 1020 2107 2549 826 2440 1832 2712 2336 6888 3147 1292 3099 2559 2393 2423 2469 2605 8212 2931 1963 11484 5425 2543 1053 3297 1176 4185 2602 1209 5978 11303 1584 632 6283 3694 1826 3914 4158 307 1708 1806 8848 1851 11605 7228 5684 1025 613 2047 496 2178 2997 1619 996 6944 2977 2455 1083 1778 1478
leaf_count=1931 1023 1222 423 2088 1154 1857 2330 476 1669 233 3455 2252 1778 1632 2936 1880 1602 1642 1178 1765 1653 6181 999 861 1876 2334 1008 1660 2135 665 1429 2559 915 2082 3533 3188 1246 1286 1596 2397 2408 2031 1245 3023 2192 472 1229 127 1002 1749 899 1431 3882 970 1854 1921 1599 1280 1808 2402 1908 1687 1928 1293 7415 2257 1020 2107 2549 826 2440 1832 2712 2336 6888 3147 1292 3099 2559 2393 2423 2469 2605 8212 2931 1963 11484 5425 2543 1053 3297 1176 4185 2602 1209 5978 11303 1584 632 6283 3694 1826 3914 4158 307 1708 1806 8848 1851 11605 7228 5684 1025 613 2047 496 2178 2997 1619 996 6944 2977 2455 1083 1778 1478
internal_value=-0.000836372 -0.00491374 -0.0028641 0.00420762 -0.00438484 0.00677828 0.00570755 -0.000242468 0.000935922 -0.0102115 -0.00325927 -0.0111175 0.00342996 -0.00368404 -0.00856583 0.00638634 0.00171757 0.00790747 0.00241911 -0.00937725 0.0103067 0.0144249 0.0103298 0.000993601 -0.00158899 -0.0151242 0.000796401 -0.0056163 -9.01019e-05 0.00057907 -0.00362452 -0.00376507 -0.00865713 -0.0125311 -0.0130019 -0.00813931 0.00231863 -0.00727318 2.27015e-05 0.00106405 -0.00435377 -0.00244433 0.00880628 0.00963886 0.000417738 0.00128483 0.000331772 0.00657084 -0.00674451 -0.00534721 0.0114005 0.00713093 0.0103363 -0.00361316 -0.00047542 0.00206391 0.00353023 -0.00367259 -0.00147112 -0.0170182 0.00256849 0.00747014 0.00837551 0.0090799 0.00469665 0.000931473 -0.0110957 0.00344681 -0.00282371 -0.00173477 0.00467095 0.0087108 0.00982692 -0.0103067 -0.00742173 -0.000612763 -0.010914 -0.00502657 0.00975094 -0.014797 -0.0106394 -0.00326395 0.0106492 -0.00629896 0.0130894 -0.00639627 -0.00481905 -0.00954471 0.0168646 -0.000180859 0.00299705 -0.00344294 -0.000385528 0.0155702 -0.0046697 -0.000529991 -0.00265872 -0.00506789 0.00753775 -0.0108081 0.00621943 -0.00594326 -0.00885777 -0.0032754 0.0091657 0.0135217 0.00503377 -0.0122956 0.00814545 0.00782587 0.00492814 -0.0150198 0.00130261 0.00104876 0.00578947 -0.000461465 -0.00450325 0.00209311 -0.00256471 0.0129501 0.00106425 0.00107404 -0.00575813 -0.00473108 0.0114108 -0.00651491
internal_weight=320013 176963 127597 143050 109582 90672 79535 52378 45944 49366 93886 15696 53193 90000 37015 18015 43045 16114 46412 34675 26342 11137 6781 35628 43172 12351 38664 46828 30521 28743 26169 23718 6434 14474 12752 20659 6189 21923 35230 19454 24509 19750 21469 19816 34222 29527 25620 3886 17204 14016 9925 10784 6056 17191 4943 17578 10056 23080 19193 10420 2910 5107 16793 4956 9550 15181 5411 2340 20672 15564 3105 3434 4381 3968 11106 13372 12222 4695 4246 3413 2899 4218 2732 9182 8283 20158 13447 6711 4873 13260 4728 19392 6734 5533 3063 8009 16088 12658 3907 9816 4693 11482 5498 5984 15548 3636 3099 10140 2750 11912 8827 8086 1497 11003 2660 8343 3231 5112 2115 4878 10091 4785 3281 1998 2410 1901
internal_count=320013 176963 127597 143050 109582 90672 79535 52378 45944 49366 93886 15696 53193 90000 37015 18015 43045 16114 46412 34675 26342 11137 6781 35628 43172 12351 38664 46828 30521 28743 26169 23718 6434 14474 12752 20659 6189 21923 35230 19454 24509 19750 21469 19816 34222 29527 25620 3886 17204 14016 9925 10784 6056 17191 4943 17578 10056 23080 19193 10420 2910 5107 16793 4956 9550 15181 5411 2340 20672 15564 3105 3434 4381 3968 11106 13372 12222 4695 4246 3413 2899 4218 2732 9182 8283 20158 13447 6711 4873 13260 4728 19392 6734 5533 3063 8009 16088 12658 3907 9816 4693 11482 5498 5984 15548 3636 3099 10140 2750 11912 8827 8086 1497 11003 2660 8343 3231 5112 2115 4878 10091 4785 3281 1998 2410 1901
cat_boundaries=0 12 23 35 46 56 67 78 90 101 112 124 135 146 157 168 179 191 202 214 226 238 249 261 273 284 296 307 318 330 341 352 363 374 386 397 408 419 431 443 454 465 477 488 498 509 520 530 541 552 563 574 585 596 607 618 629 640 652 664 673 685 696 708 719 730 741 753 764 775 787 798 809 820 831 842 853 864 875 886 897 907 918 929 940 952 962 973 984 995 1006 1017 1027 1038 1048 1059 1070
cat_threshold=2281766913 1048610 132 32898 1073741824 33554472 138543104 672 4130 0 2156003328 8 1050624 281018372 4194433 1048576 268447748 40 512 659456 134217730 1212154368 2151678273 2214592642 16 514 1350567168 101711880 33566720 256 270360 35651712 537395200 3072 16 276824064 0 10490369 4 76021764 4284416 67109136 268435713 67109888 1049856 8912896 16777216 33554448 16785408 2198864130 2214593792 5283840 1073742088 8651296 41943041 537395216 16777216 3145792 0 32768 2751463424 4206656 516 270336 1140854913 528388 197124 65540 12582912 0 2113540 1141899264 1077977152 131328 2156167168 135270400 536874496 2160066560 0 2099200 0 2148025600 68157728 4202624 256 8192 86048768 1616117772 5632 80 16793600 100664322 8650754 536870915 603987972 8256 2147483904 26739200 0 135008256 65536 278921216 85983234 268697888 136 67117312 4203520 256 2156134408 142606336 5132 16778240 268517376 39847936 1 2056 3758096640 536936576 2147614736 2 203423792 35655680 65540 8 2416967936 2281703458 286722 167772161 67109156 64 138412032 4325632 268439553 4096 66048 131072 1158676512 10485762 134217728 2148532224 33088 67633280 12296 1073807360 132224 3077 335544321 18875392 407142400 688256 2048 536871040 9437184 4195329 2097152 269484288 8585792 0 1075839520 8421408 2148532224 3229745408 1073741952 2155872256 21004288 134287360 6152 8585280 270532608 134220802 29364353 2147614720 2684358656 0 37748736 4460544 150994978 2684485760 4718592 2097152 138444802 4259840 34080768 2147487872 1073938472 0 266240 1074790400 673194048 2164260865 16 318832640 8388624 278921985 0 2181046464 64 134217744 299270 65536 138543104 1 16640 1082136208 16896 18432 0 134217856 68681728 524800 536871936 3547200 256 8 268566532 37761072 32 8519680 0 671106048 135266432 1081353 1024 1296 268440640 64 67125248 33564688 20512 134234112 33587360 1073807616 2214723584 268435457 514 2151809536 4128 64 84021248 1073741824 32768 263170 1074791424 1073774600 2147876864 32904 50331650 2228384 8192 128 159383584 3 2685403392 536875008 537034752 4456448 267264 1048576 136325128 4326464 8 16384 33554452 0 32774 67109024 1064960 12582976 26378244 2048 536870930 1048644 64 276975616 33554432 1 2184462336 2054 4210944 67108880 2165310464 25165848 0 285278208 2155876352 2097188 67456 256 268435712 128 131728 0 0 2229380 415236164 64 142606341 9438208 8393088 538984448 4096 1024 100664448 16785408 10485760 134742528 29491456 2228224 16777216 128 536870912 0 671219712 256 2147616768 16 1074790656 524289 293666816 67110912 16810112 2147745796 2147516480 536871168 2224160912 36864 67108864 1060928 0 32 1065024 2180 32768 2900101 67108992 1082130496 4100 17301504 75501571 37748736 9437184 268517380 33554432 262144 2113668 1140852736 1073741888 2181169792 4718594 9437184 134221312 2155872257 26214400 18875392 419692800 0 0 65568 1048576 2156138496 1344274448 1840192 589888 257 1149272064 12587008 2099200 268435456 537134112 2223243264 17338378 134217760 2147487744 8519680 18874368 5120 289472512 134348800 256 671155264 9437696 8390656 201326593 1074003970 134217733 8 8388608 4195328 150995201 33570952 4 536875008 34603200 29362177 1073741825 1311040 524293 0 2097184 21037056 16388 2147487748 1049864 33554560 2148538368 4096 1241645122 268501252 8388612 117440512 288 2097153 133120 65792 0 5279752 1025 134362624 289409025 131073 1179652 2121728 573440 0 134643712 67633168 268567584 612368384 2228242 2147484160 32 68173824 2048 32 526336 67112960 5244040 1048592 2151677952 136320161 33554432 268501248 24 5 1052692 6291456 35930116 12324 32832 1048704 4 0 1079379968 4329536 0 1083179012 4194560 136 268449920 32864 37748736 8388641 1048576 394496 268632320 131076 0 134217729 262146 6144 134217728 524288 22544386 4096 1744961664 2147483653 8 132 83886080 4456450 1048576 2048 64 41943040 1083904 100663313 1208095044 4195393 9437184 16780292 134217856 2056 268435456 536870912 524416 0 134217729 1074004226 1114180 4194320 4194304 42090496 268566528 32 256 524306 84934785 537133570 2147483712 54591492 1112539140 0 167790592 0 64 1572880 2147484163 1 4802 2147557377 1048576 0 16777216 33554440 67108864 537001984 8388672 8392704 134217730 1744830784 335544320 1048736 40960 2147483648 2181040200 8388608 135424 787200 8421504 2147616776 4850176 278937856 2164260864 12591104 17041408 2147483648 1024 67108992 2165833728 8 167774978 257 9457664 4096 0 537133056 536875008 66560 33554432 32770 1073741824 134353408 4 9961472 16778240 134479872 262144 0 134348800 9961664 2156134400 0 256 4 276955136 25171968 16777344 33685512 0 142737440 64 4329473 16 135266304 524292 8388608 0 411041952 131080 268435456 671089664 8388608 2155876354 134217728 262152 2147483648 67108864 0 402677762 571475968 268437504 65568 4718608 2152071234 0 1319426 512 540672 6291456 32 133380 2415919104 536875264 8912896 1311233 134218776 536874056 4160 8536065 1079115776 134217792 1082263552 32 0 2182250496 0 540016640 1314304 659460 269500416 16777216 4259840 131076 0 671220736 576 1710080 137 134350338 589893 9568256 16780288 268697761 131072 4096 66568 9437248 2148007937 1024 320 524292 8 2165456900 33554432 129 16392 4 536870912 524304 30015488 142606337 4325640 268500996 8 0 16782340 65664 131204 268435456 8 1048576 4608 1073746048 1048580 25298048 4194368 18432 131076 134365312 4100 8388609 65553 6292224 9437185 8 0 33554432 262402 537133056 335544320 17440 524288 2147614722 269485192 135790594 268435713 8404992 18874368 16777504 131072 0 1209073664 34078848 2152726786 1075839001 3145794 524292 8 269484288 1077936164 8397056 2151153664 268435520 33792 1216348416 4195136 1048576 9280 4194305 1048580 8421378 1 4 4 0 128 2148532224 142671896 537133064 276824065 524288 3221229568 285212928 33685516 67110912 4194312 1049856 8652808 2097184 2359296 268435712 152698880 5243392 524288 34824 1280 8519680 272629760 688128 5243904 1057804 134217728 64 76546048 23101440 262145 131072 0 65568 42467392 2165342210 1207959680 1048640 524544 1181696 133120 4355 1073743872 4 65632 234881044 4196392 2097177 1049088 65536 277872640 104857600 134222081 537133056 32 537919520 4194816 773 1033 4196096 1048580 8 277889024 0 138674208 8 0 134222848 43516032 16783360 2097177 1310720 524544 9453568 16782340 4198656 2048 268435456 134218752 8388608 22024194 2097152 320 257 17301504 33558528 0 10223872 2048 134217728 8389152 9996802 3145744 33816616 2298478592 8929282 134221828 8404995 16384 1073741856 134218760 138936384 32768 1276116992 266240 268959744 16777280 134219776 20971521 2 268443712 16448 134217796 2149060608 1074790402 134217920 528384 272629764 50333696 402653312 131072 4164 536904704 134217856 256 8 1077937666 13631489 147456 167772164 1 2148663300 536870912 196608 42205200 37376 1073742881 2097920 4720897 0 20972544 272646304 33570944 0 4195336 1573376 2147483649 1207964672 33555456 256 0 58720256 262528 33554432 4256 4194600 1183744 8388614 0 1073743104 4 293748736 33554432 276824096 4 335556640 536875008 1179648 21495808 1075840000 537396232 276889600 268435456 8388608 423624736 33685516 4096 671286304 1048640 2147485698 1073745921 64 0 25165824 4194336 2176 67108868 1207959552 9437952 1835008 1024 1073742592 257 16544 2052 134217728 8405120 0 64 142606336 6193152 546308096 576 2147483648 269500416 4 4096 33554432 0 671089664 128 4194306 2097176 1208090690 260 0 16777220 4194336 2165309440 805306368 134430720 8388624 2149057025 1074791584 8192 268959748 8 8388608 50332676 16777472 0 4 536871936 0 5900288 134217728 134218240 2097152 1024 266400 2097152 0 536870912 524288 20971520 142606385 256 65 0 1090519040 142868480 655360 8192 134283296 1573376 4194304 1073741834 4864 2152202240 0 1024 155189632 131072 67108864 134217728 512 1050624 8 262400 16777220 0 1028 257 0 0 536870912 524288 4194304 1073741841 256 1 83886080 1077940228 262144 679477252 0 134217728 2157183488 268547 1073742864 528576 524352 0 0 419430400 33554444 268435460 32 8388672 8947713 1048578 768 0 33554432 262145 2097160 0 536936448 8912896 6144 134218768 132288 524292 4 18879492 268435459 134348812 536870912 134217728 42991680 8521729 134217736 1074795016 1048576 12582916 4096 33554432 268437504 536871936 1048704 8519683 1073741832 131584 1 0 1024 134217728 0 0 4202496 524416 0 0 2 524544
is_linear=0
shrinkage=0.1


Tree=5
num_leaves=127
num_cat=94
split_feature=20 5 15 5 16 18 15 2 2 2 2 5 16 20 1 1 1 2 1 1 1 1 14 4 4 15 1 2 1 16 2 2 15 1 1 1 6 6 1 1 1 0 1 2 2 2 8 1 8 2 2 1 1 2 1 1 2 2 2 2 1 8 1 2 2 2 16 2 2 2 13 1 1 1 1 1 2 1 2 1 1 2 2 1 1 1 8 1 1 13 2 2 2 1 1 2 1 2 1 2 6 1 2 15 1 2 1 2 1 1 5 2 1 1 15 20 1 1 1 6 20 2 1 2 1 2
split_gain=540.583 176.045 147.73 141.829 65.9366 59.5578 59.4205 47.2908 45.7647 44.5755 43.5958 41.1688 39.2759 33.2266 31.3834 30.6958 26.3668 25.6235 25.3518 24.4589 23.8093 23.5208 25.4023 22.7803 22.2759 22.1904 22.0265 21.9789 21.6562 21.3544 21.1083 20.444 20.3409 20.0324 19.4857 19.3158 19.3128 20.7841 18.4177 18.1972 17.9568 17.3626 16.7927 16.0682 15.7435 15.3836 15.2928 15.2406 15.1019 15.4443 15.0805 15.5696 14.8408 14.8128 14.7622 14.3531 14.0165 13.5443 13.2351 13.2108 12.9786 13.3995 12.8713 15.5356 12.8296 12.8032 12.3037 12.2523 11.9089 11.8819 10.6686 10.6575 10.6537 10.6391 10.4737 10.1367 10.0804 10.0564 10.0152 9.95783 9.89648 9.76629 9.73281 9.58014 9.56833 9.49144 9.20997 9.07626 8.98968 8.95334 15.4752 9.62866 8.95033 8.82624 8.73153 8.66938 8.58782 8.42646 8.30978 8.09142 8.09073 8.0373 7.81589 7.65818 7.59113 7.51172 7.42421 7.20796 7.20476 7.19542 7.17491 7.28685 7.12256 7.058 7.05057 7.99914 7.78862 6.9852 6.94751 6.92055 6.86022 9.84529 8.59361 9.25081 6.74722 6.70593
threshold=0.21601743996143344 540.50000000000011 3572.5000000000005 840.50000000000011 0.12884555757045749 0.25798261165618902 4011.0000000000005 0 1 2 3 430.50000000000006 0.20968241244554522 0.13280005753040316 4 5 6 7 8 9 10 11 18.500000000000004 16.500000000000004 15.500000000000002 394.50000000000006 12 13 14 0.29524745047092443 15 16 3572.5000000000005 17 18 19 3.5000000000000004 1.5000000000000002 20 21 22 23 24 25 26 27 29.500000000000004 28 26.500000000000004 29 30 31 32 33 34 35 36 37 38 39 40 16.500000000000004 41 42 43 44 0.17491579055786136 45 46 47 4.5000000000000009 48 49 50 51 52 53 54 55 56 57 58 59 60 61 62 29.500000000000004 63 64 23.500000000000004 65 66 67 68 69 70 71 72 73 74 6.5000000000000009 75 76 3894.5000000000005 77 78 79 80 81 82 1240.5000000000002 83 84 85 2831.5000000000005 0.26803991198539739 86 87 88 1.5000000000000002 0.16875043511390689 89 90 91 92 93
decision_type=2 2 2 2 2 2 2 9 9 9 9 2 2 2 9 9 9 9 9 9 9 9 2 2 2 2 9 9 9 2 9 9 2 9 9 9 2 2 9 9 9 9 9 9 9 9 2 9 2 9 9 9 9 9 9 9 9 9 9 9 9 2 9 9 9 9 2 9 9 9 2 9 9 9 9 9 9 9 9 9 9 9 9 9 9 9 2 9 9 2 9 9 9 9 9 9 9 9 9 9 2 9 9 2 9 9 9 9 9 9 2 9 9 9 2 2 9 9 9 2 2 9 9 9 9 9
left_child=1 9 4 8 20 6 10 41 35 54 34 16 19 40 30 93 -10 94 -15 -9 110 -12 27 50 44 -19 76 -23 -20 31 -13 84 33 -33 -5 -2 37 56 68 -38 -11 87 102 -26 -17 -25 48 99 49 -41 74 -52 -24 104 -1 -55 -21 -42 106 -28 -47 81 63 -29 98 117 -54 -35 -34 -31 -61 -8 -69 -58 -14 -43 -27 103 -51 -36 -53 85 -75 -56 -16 -62 92 -6 -80 91 -91 -67 -46 -4 -7 109 -45 -82 -49 -30 -78 -37 -39 -66 -18 -74 -44 -73 -107 -60 111 -3 -94 -57 116 -116 -68 -64 -22 -100 121 -90 123 -122 -59 -48
right_child=3 2 15 5 7 17 71 12 11 13 21 14 23 18 29 24 53 25 28 36 118 22 52 45 43 26 59 62 47 69 -32 32 38 67 79 101 39 42 -40 46 57 75 58 96 86 60 125 64 -50 78 51 80 66 55 83 113 73 124 95 70 61 -63 65 -65 77 89 114 72 -70 -71 -72 107 105 82 -76 -77 100 -79 88 -81 97 -83 -84 -85 -86 -87 -88 -89 120 90 -92 -93 112 -95 -96 -97 -98 -99 119 -101 -102 -103 -104 -105 -106 108 -108 -109 -110 -111 -112 -113 -114 -115 115 -117 -118 -119 -120 -121 122 -123 -124 -125 -126 -127
leaf_value=-0.16443393750000004 -0.0040635000000000419 0.31932787499999993 -0.50777075000000005 0.93830825000000007 -0.35430681249999996 1.2243522499999999 -0.040390000000000016 -0.52804799999999996 0.25095200000000001 -0.63888500000000015 -0.48253787499999989 0.64055625000000005 -0.03139924999999999 -0.50311499999999998 -0.016842999999999986 0.36331562500000009 0.29247225000000004 -0.53333224999999995 0.15177950000000007 0.23424299999999995 -0.79620800000000003 -0.36401800000000001 0.55198000000000003 -0.29908749999999995 0.78303000000000011 0.5004845 -0.070562749999999966 0.54303687499999997 -0.14034337500000002 0.59239449999999994 0.21484725000000005 -0.3427675 -0.048349000000000066 -0.27018449999999999 0.012343249999999896 -0.71280024999999991 -0.37113887500000003 -0.16084199999999993 -0.046989999999999976 0.19309150000000008 0.075077499999999964 0.342743625 -0.35219075000000005 0.59572749999999997 -0.15748162499999996 -0.38074124999999998 0.28457362500000011 -0.49273099999999997 0.69276012500000006 -0.29347674999999995 -0.37403949999999997 0.21729400000000007 -0.085992999999999944 -0.07123337500000014 -0.616838 -0.5247925 -0.34026200000000006 -0.11843499999999985 -0.34142199999999995 -0.021077249999999961 0.058417499999999879 0.56425825000000007 0.020792000000000057 0.075414999999999968 -0.35970400000000019 -0.24572050000000006 0.50761537499999998 0.17476799999999992 0.45841350000000003 0.18417749999999994 0.58651050000000005 0.51485999999999998 -0.17526149999999996 0.11705900000000002 -0.41239600000000015 0.24311237499999994 0.875915 -0.14882800000000004 -0.24335343749999999 0.50981474999999987 0.16422700000000001 0.015085375000000047 -0.21923487500000005 -0.44233499999999992 0.45607750000000008 0.56393062499999991 -0.34084500000000006 0.23494524999999999 -0.30964243749999998 0.53034712499999992 0.033615500000000069 0.099042000000000033 0.32985200000000003 -0.085810750000000005 0.6945872500000001 -0.35892237500000002 0.19570050000000003 -0.089536000000000018 0.028325500000000049 0.11345900000000003 1.8798290000000002 -0.41962950000000004 -0.59792100000000004 0.0032397500000000082 -0.21130799999999994 -0.19804750000000004 0.21972525000000004 1.06301 0.045174749999999979 0.023249625000000052 -0.53471175000000004 -0.19566550000000005 -0.015410000000000057 -0.36221150000000002 0.28389324999999993 1.0429038750000001 0.13078324999999999 -0.37455487500000006 -0.50884799999999986 -0.28460400000000002 -0.085271000000000013 -0.026966000000000004 -0.033961374999999898 0.43479362500000013 -0.4002750000000001 -0.53133531249999999
leaf_weight=1272 1332 250 335 2446 494 3365 347 2007 1215 2376 1188 1618 1084 2848 1301 1680 824 598 1527 823 1022 2089 4581 1550 3169 1913 1752 1956 3088 2322 3330 2357 596 2380 1579 841 2467 716 2395 2487 630 997 425 2382 1020 1130 103 2698 698 1957 2328 1335 2799 1446 2255 1171 1916 1086 1039 1210 1351 2391 1313 3544 5447 2628 1926 4335 2072 4861 8379 821 4744 2042 2317 2059 5917 13493 3088 5701 1597 6224 2208 7905 2669 1558 466 577 2232 2164 5029 3765 2058 1447 1620 7446 2769 12411 697 2125 1097 1986 2783 782 1131 3067 757 3646 9651 1584 514 2782 1469 3047 1731 1022 6759 2020 4303 3765 716 4207 7159 937 6474 1360
leaf_count=1272 1332 250 335 2446 494 3365 347 2007 1215 2376 1188 1618 1084 2848 1301 1680 824 598 1527 823 1022 2089 4581 1550 3169 1913 1752 1956 3088 2322 3330 2357 596 2380 1579 841 2467 716 2395 2487 630 997 425 2382 1020 1130 103 2698 698 1957 2328 1335 2799 1446 2255 1171 1916 1086 1039 1210 1351 2391 1313 3544 5447 2628 1926 4335 2072 4861 8379 821 4744 2042 2317 2059 5917 13493 3088 5701 1597 6224 2208 7905 2669 1558 466 577 2232 2164 5029 3765 2058 1447 1620 7446 2769 12411 697 2125 1097 1986 2783 782 1131 3067 757 3646 9651 1584 514 2782 1469 3047 1731 1022 6759 2020 4303 3765 716 4207 7159 937 6474 1360
internal_value=-0.000807706 -0.00455826 -0.00230671 0.00369241 -0.00377196 0.00633119 0.00457886 -0.00296599 8.23845e-07 -0.009034 0.00363385 0.000746348 -0.00346529 -0.00766696 0.00190784 0.00636797 -0.00552411 0.0103342 -0.006238 -0.00523584 -0.0119998 0.00230662 0.0026883 -0.000898628 0.00783798 0.00878042 0.00934478 0.000567162 -0.00546503 0.00103368 0.00943929 2.95217e-05 -0.000821021 -0.0019296 0.00969597 -0.0101103 -0.00479048 -0.00701734 0.00498716 -0.00302616 -0.0126065 0.00748127 -0.00914576 0.0112981 0.00354848 0.00219656 -0.00221207 -0.00601931 -0.00159491 -0.0020388 -0.002985 -0.00180702 0.00545223 -0.00770088 -0.014639 -0.0102926 -0.0025254 -0.0103415 -0.00724181 0.00640032 0.00334807 0.00435235 0.00148246 0.00568058 -0.00697977 0.000115187 0.00384993 -0.00106876 0.0106796 0.00600724 0.00786019 0.0152264 -0.000323291 -0.00416127 -0.00907359 0.0113177 0.0130637 -0.00565579 -0.00294987 0.00707819 -0.000648082 0.00261141 -0.0013615 -0.0159194 0.00678392 0.00738267 0.000726657 -0.00346901 -0.00222083 0.00147838 0.00389962 -0.00124355 0.00210029 -0.00602679 0.0167868 -0.00841849 0.00779888 -0.00143387 -0.0106137 -0.00106261 0.0148349 -0.0147867 -0.0152038 -0.00898381 -0.000178117 -0.00142514 0.00276846 0.0165178 -0.000157134 -0.00343714 -0.00559618 -0.00375989 0.0044812 -0.013245 0.00530687 0.00971667 0.00390904 -0.00542926 -0.0162231 -0.00791592 -0.00122207 -0.00370399 0.000590104 0.00706554 -0.0115192 -0.0121326
internal_weight=320290 174694 116226 145596 99431 84905 59054 90560 60691 58468 54240 56532 86433 47036 47698 16795 8834 25851 36470 51157 8871 44514 43326 35276 15013 20866 20268 24508 33622 42750 4948 35567 31597 26534 9726 4159 49150 21739 5063 27411 10566 4127 14750 8320 6693 14204 24944 32095 23481 22783 21072 17671 18818 7619 11432 5664 6989 8190 11251 11341 12654 11524 22419 5500 26882 16919 14237 24177 2668 7183 9589 4814 21797 6166 3401 3056 8927 19722 20296 7280 15343 9133 4250 10160 3970 2909 5013 1071 18339 13586 7193 6393 4547 1782 4985 10069 5151 14008 7160 5213 7014 2827 3499 6229 1955 17462 1182 4467 12718 2623 3546 3032 3527 4218 11438 2753 8685 3333 5325 4462 15251 6439 8812 1653 7560 1463
internal_count=320290 174694 116226 145596 99431 84905 59054 90560 60691 58468 54240 56532 86433 47036 47698 16795 8834 25851 36470 51157 8871 44514 43326 35276 15013 20866 20268 24508 33622 42750 4948 35567 31597 26534 9726 4159 49150 21739 5063 27411 10566 4127 14750 8320 6693 14204 24944 32095 23481 22783 21072 17671 18818 7619 11432 5664 6989 8190 11251 11341 12654 11524 22419 5500 26882 16919 14237 24177 2668 7183 9589 4814 21797 6166 3401 3056 8927 19722 20296 7280 15343 9133 4250 10160 3970 2909 5013 1071 18339 13586 7193 6393 4547 1782 4985 10069 5151 14008 7160 5213 7014 2827 3499 6229 1955 17462 1182 4467 12718 2623 3546 3032 3527 4218 11438 2753 8685 3333 5325 4462 15251 6439 8812 1653 7560 1463
cat_boundaries=0 12 24 36 47 59 70 82 94 106 118 129 140 151 161 172 183 195 206 217 228 239 250 262 263 274 285 296 308 320 331 343 354 366 376 387 398 409 420 432 443 454 465 476 487 499 510 521 532 543 554 565 576 584 595 606 618 629 641 652 664 675 686 697 707 719 730 741 752 762 773 784 795 806 817 828 839 850 861 872 882 893 904 914 924 935 946 958 969 981 992 1003 1014 1025 1035
cat_threshold=2214592640 32768 514 142607360 67248128 4223104 134217984 262288 35651712 570949632 68608 16 2149646337 1048608 132 27295746 1073872896 1056 138543104 131264 272633890 2099200 131072 8 17958912 277872640 4194498 1048576 8196 33064 0 131072 1075838978 134742528 2151678721 8 2147483648 33554432 16785408 2156003585 68158464 12591104 1083179264 9176224 12582912 67633424 65536 2150629760 67109378 0 34078720 67108864 4202496 5243136 262912 335548417 34088972 4608 8 65536 12582912 0 2113540 1073743872 4235328 131840 2156167168 135270408 2570 2160066564 0 2160099330 4521984 657408 2147483776 1081416 262656 4194304 1048705 671096928 2415919104 16 16908288 33554436 256 536870912 2214592516 16448 4195648 26345984 0 537658442 65537 8 67125250 33558672 8405024 16384 33595808 256 67502208 1024 1026 4326528 96 64 81920 33554960 10748452 262146 8396928 49280 209715328 32768 32 130 1056 64 9453568 1140851328 1 8388608 8421412 4194312 524288 17564672 206569489 1073745408 4 2147483648 1140850720 2162944 25182336 34637964 32768 67110016 8704 67584 268566656 1568 278020096 18879490 402653184 33554432 536879104 65536 269484064 2148270080 1075838984 1836040 16842752 1640704 68162080 134742144 262272 134217920 1073758464 402653184 260 0 1111499776 2164293632 1209008194 1048582 524544 67108864 278592 4195072 8192 1073774592 2148012037 197124 1048576 20971520 150995200 33816576 67110912 4202496 1048960 264194 2097153 538443840 66564 16908288 2098176 2097155 135807232 67117088 128 2147483680 9472 67174528 1611923464 2048 80 0 7341056 262144 536872194 269484032 1074824192 8781952 20971648 1048576 138412672 268575040 293601280 71303168 256 33554440 67117056 4202504 4195664 18614274 142606336 1612709888 1028 295190528 1048576 138412288 33554440 67108864 671286272 33554432 1 2097153 35389768 268435521 0 4197376 134222113 0 0 671155200 34078720 5380097 16 1746141250 261 2097152 159387648 16384 1605641 1342178336 1074790656 4194368 17833988 1090525184 536871424 257 0 4624 4608 2244608 32 134218880 67633536 4352 672137217 135268354 8392705 8 6145 268435456 4194336 16777600 0 64 541066240 272 2169505793 135267328 671220992 1573189 1048576 20975616 150994976 8 268435456 541099008 1572928 17825793 1209009160 1075052808 256 8388608 4195328 16781345 33554568 0 536944640 64 8390656 1084227584 537919808 524357 403177728 13632000 528385 2621441 536871936 8388672 67109408 32768 4195328 1053704 131072 64 1050624 4194304 0 8422408 4026531904 33558656 8912912 4981256 41947153 8208 134217728 16 805322752 39846416 25166081 2148564994 0 1073741856 1073741832 33024 1053696 134223880 655616 260 142606848 142615552 13 805310464 1073741856 640 4096 135598080 1048576 2155872320 8 270663684 2147483650 25165825 536871168 536883456 132096 33554432 4194304 135267368 1600 4325440 1048704 3088 4198400 35651584 335544352 1073823776 131664 525312 150994969 2097152 134742016 64 1179648 0 16777504 33554440 67110912 0 8388608 36864 134217729 538181952 335560704 4194304 33024 537397256 67111168 65536 2147614720 2147485696 3145760 35655688 65536 136527872 33554436 268435459 8 268435456 536871168 301990016 8912904 201326592 1966080 65600 131078 8388608 16777217 537921538 4096 1073774856 41943040 2164261893 8 138415104 269090880 268435460 0 8388608 524416 67112960 4218880 524544 5505536 134217728 536870914 131136 268582914 20976656 8413184 1073741824 2176 0 8388672 290980870 150994944 134348800 4194368 8 142610432 2048 12583942 134219776 2048 671352072 3221225472 524288 16 2147484416 276826176 2637824 0 32 2685437952 872415232 4325376 4194304 17174784 8388616 1610612744 20972608 355467268 4197376 32 262144 0 541065248 0 2147483650 3150995 536871488 268960000 268435456 1024 272892192 33554436 2415927296 5184 33686144 2164260865 2097176 268298 260 16388 16777216 268439809 133248 1342181376 1208041472 128 2147488272 135266337 1077936130 134742080 67108864 8945664 268436224 557058 301989888 402657312 2181169232 9 2 2147489858 2147483652 8 268451968 92274688 12582944 2048 1054720 33554496 67117312 17338912 1 134218752 29360192 4 33556484 16777472 2052 268435460 0 768 4196354 1048584 512 8388677 268976128 138414080 150994976 570818568 68165632 64 0 524290 136314881 1075053824 4100 268451840 12584960 4096 0 0 1073807360 131072 2149318656 2097152 1073743872 64 1 2080 16777249 2147483781 545259808 536887616 2147483648 2147621920 1073741824 256 12649476 4 8394752 272630145 33687556 0 138543104 131328 133889 134218776 1073741824 8388609 1048576 33554432 0 2181038080 269486080 147488 8912960 2147485699 1048601 1073741824 256 0 0 0 0 67108864 4202528 0 262144 2415935492 8422400 266273 2099456 805314560 1073741824 2248146944 36864 1076891648 0 2155872580 655360 16779296 134221825 134350848 4096 1744896032 3221225472 2417000451 2149580800 33554688 528640 16846849 1183746 6557696 0 1073741824 1507328 67109376 268436488 545259522 2097170 268435457 10 131072 1030 8705 536887297 0 320 2189959168 0 1075838993 1058632 1 17301504 1094713348 0 135544832 268437504 8392712 48 2 2097153 1108082690 2164326913 8 16384 2099232 151060480 4 268439556 537068800 524304 2176858112 4096 1207959810 268435712 9437184 16777344 268697856 2097288 0 536870976 524288 1050880 1209013264 1074012672 2147483652 8 16777221 9441280 281018368 33570820 8196 64 100663296 1605636 1 1208091648 4325696 8519680 16779264 4194688 2097152 0 8520736 192 12584961 65560 134217728 260 8388608 33560576 424411136 0 256 671088680 9961472 3 1024 787712 4 0 0 0 0 67108864 541073408 256 262144 16 1048576 16779267 2098180 0 0 67108864 549454856 34078720 9044290 67108866 134226944 1179716 8 131076 2048 262177 16384 34 537101448 4194304 2151809088 68157481 262144 9044224 276955136 3076 33 2099200 4100 1032 0 4196418 70255625 671219720 4325696 81924 0 262272 4 1410336768 1077969920 2181038592 262147 134221824 134219272 2155872256 65536 0 0 0 0 4235328 256 294912 0 2048 17825792 1073745920 427819264 2181038088 2147483904 0 1048576 8650763 1073741864 787528 17301504 4 1048576 402653473 538984450 268435492 1088 1111491200 131072 1083183105 5243136 8392704 0 1024 150995072 128 0 134217728 1572928 530432 1041 1311040 524544 268500992 1107296288 4194305 2721071232 3076 64 101188624 141376 67108864 134217730 16777217 10485760 83887104 16777216 2181169282 2052 1073742848 34603008 2048 5242880 1211369794 268959745 8388612 16781312 419430400 33554432 67108864 537001984 34078784 2147488000 25 5505346 65540 100663296 16782340 327680 131204 268447744 288 2148008096 4229632 2 1536 4194560 4 8389632 20971520 262272 268441608 320 640 1183744 1048600 1075841600 1 1048580 18878464 150995200 0 4 134348832 8912896 16912384 24 262920 16777217 135266304 2050 17043456 393348 268435456 1212153864 128 2048 3146760 34209984 2147484933 8388608 16782336 134217728 131080 0 134217768 524288 0 0 1048576 16388 2048 4129 2097152 1140850692 66560 128 2148177921 3145728 134349832 12583168 268451840 1090519044 4199296 17039360 2147492864 69768 33562688 40969 134217762 1610612736 1 0 25165824 138416193 1179648 1342177312 131112 1572864 266240 16777232 1073742336 0 0 2097152 0 32772 32 0 393216 75497472 1048576 268435456 5120 138412032 2176 268435460 134218752 9961664 2051 17 1075052544 524608 293601284 83890176 8388768 5 0 4096 1087373392 2164391936 2097152 0 524544 276889604 41943040 262144 2052 8192 1288 41943040 2147614721 1140850688 168035072 2420113408 8 8388608 4096 138674176 134217728 335544320 134415360 524352 4718592 0 1074790400 2049 0 0 8388608 0 2147483648 66720 134218512 36866 0 131136 65 8 10485760 1152 134226048 34209920 2155874368 671089728 1179712 18350080 8 393280 4194304 68157440 4196512 4231171 1644167168 1050624 0 784 262689 2098176 37879816 272630272 8388612 1090520064 134217856 537266176 268439680 32768 4194320 1572870 1073741833 1048576 2155872256 2147483648 29360132 20971520 2048 0 1073807424 176198144 22022146 67178496 0 4325440 0 0 262400 33554432 4 1024 524288 0 134217728 1024
is_linear=0
shrinkage=0.1


Tree=6
num_leaves=127
num_cat=68
split_feature=20 5 20 15 5 15 6 12 1 6 1 18 6 1 1 1 1 1 15 1 0 1 1 4 14 1 6 1 6 8 8 1 1 1 1 12 6 1 1 1 0 1 8 9 0 4 15 1 1 1 1 1 1 1 0 1 1 20 20 1 1 1 14 18 1 1 6 1 1 0 1 1 1 8 1 1 1 15 1 10 14 0 1 3 12 3 1 1 1 1 1 4 1 12 12 15 8 8 8 10 4 12 9 14 1 1 1 1 20 15 1 5 6 0 13 12 15 4 0 6 1 1 1 1 9 1
split_gain=428.743 183.696 110.588 107.543 73.1388 64.3858 46.8388 35.6377 31.2947 30.7801 30.1814 29.7353 28.518 26.0016 25.8784 25.4529 24.8145 24.098 22.6683 22.1406 21.9226 21.918 21.6136 21.2481 20.7566 19.7918 19.5871 18.4449 16.8101 16.6703 23.8232 16.6248 16.4605 16.4569 16.3361 16.263 16.1155 15.8546 15.3272 15.2392 15.2213 15.1234 14.9389 14.7522 17.1904 14.4687 13.7359 13.6843 12.908 12.9035 12.903 12.7403 12.568 12.0718 11.641 11.6329 11.5083 11.6009 11.0775 14.1942 10.6925 10.682 10.5942 10.4386 10.5597 10.3001 10.1719 14.0841 10.1805 10.112 13.3084 11.0266 9.8629 9.56536 9.46259 9.34328 9.32013 8.54414 7.9107 7.87346 7.72966 7.54182 7.53735 7.53723 7.47383 7.42462 10.651 8.96796 7.30903 7.27874 7.26108 7.21804 7.21559 7.08846 6.59713 6.57364 6.506 12.7229 6.46112 6.45263 6.44158 6.28913 6.1995 6.19122 6.15294 6.11031 6.01732 6.01656 5.89759 5.87715 7.80738 5.87601 5.76657 5.6857 5.66938 5.58932 5.57862 5.50698 5.48246 5.35393 5.27804 5.27707 5.20829 5.17502 5.11459 5.06692
threshold=0.18212904781103137 605.50000000000011 0.27037553489208227 3572.5000000000005 430.50000000000006 3568.5000000000005 3.5000000000000004 796.50000000000011 0 3.5000000000000004 1 0.27449987828731542 1.5000000000000002 2 3 4 5 6 2846.5000000000005 7 8 9 10 12.500000000000002 78.500000000000014 11 1.5000000000000002 12 6.5000000000000009 16.500000000000004 29.500000000000004 13 14 15 16 817.50000000000011 4.5000000000000009 17 18 19 20 21 5.5000000000000009 930.50000000000011 22 15.500000000000002 3212.5000000000005 23 24 25 26 27 28 29 30 31 32 0.32582892477512365 0.13001377880573275 33 34 35 65.500000000000014 0.25798261165618902 36 37 1.5000000000000002 38 39 40 41 42 43 2.5000000000000004 44 45 46 4204.5000000000009 47 159.50000000000003 18.500000000000004 48 49 6.5000000000000009 222.50000000000003 6.5000000000000009 50 51 52 53 54 13.500000000000002 55 1002.5000000000001 911.50000000000011 4164.5000000000009 3.5000000000000004 1.5000000000000002 27.500000000000004 82.500000000000014 15.500000000000002 903.50000000000011 852.50000000000011 21.500000000000004 56 57 58 59 0.34537623822689062 2181.0000000000005 60 830.50000000000011 4.5000000000000009 61 11.500000000000002 1014.5000000000001 2639.0000000000005 12.500000000000002 62 3.5000000000000004 63 64 65 66 867.50000000000011 67
decision_type=2 2 2 2 2 2 2 2 9 2 9 2 2 9 9 9 9 9 2 9 9 9 9 2 2 9 2 9 2 2 2 9 9 9 9 2 2 9 9 9 9 9 2 2 9 2 2 9 9 9 9 9 9 9 9 9 9 2 2 9 9 9 2 2 9 9 2 9 9 9 9 9 9 2 9 9 9 2 9 2 2 9 9 2 2 2 9 9 9 9 9 2 9 2 2 2 2 2 2 2 2 2 2 2 9 9 9 9 2 2 9 2 2 9 2 2 2 2 9 2 9 9 9 9 2 9
left_child=4 11 3 6 17 7 12 8 20 26 54 15 27 117 103 102 -10 -1 19 -11 -6 -12 -14 90 25 40 33 -3 29 49 39 101 114 -4 -24 46 38 -28 -18 118 -17 -38 107 66 75 65 48 -46 -36 -23 -44 -30 -26 119 84 -20 -39 93 59 -34 -48 -13 76 64 -33 -15 67 -27 -68 70 -51 -71 -60 -35 -64 -45 -40 -67 96 -62 124 -50 -75 -54 116 86 -70 -87 -83 -32 -16 -9 -43 113 104 122 97 -53 -41 -56 125 -21 -2 -7 -52 -61 -22 -29 123 120 -111 -96 -49 -58 -19 -37 -8 -5 -31 -47 -73 -114 -25 -65 -55 -78
right_child=1 2 9 13 5 14 10 91 16 18 21 61 22 45 23 24 36 32 55 31 106 28 34 95 52 43 37 42 51 30 89 63 58 73 35 115 41 56 62 98 -42 92 50 44 47 53 60 112 81 69 94 78 83 80 99 -57 57 -59 72 105 79 -63 74 108 -66 77 68 -69 85 71 -72 109 -74 82 -76 -77 100 -79 -80 -81 -82 88 -84 -85 -86 87 -88 -89 -90 -91 -92 -93 -94 -95 111 -97 -98 -99 -100 -101 -102 -103 -104 -105 -106 -107 -108 -109 -110 110 -112 -113 121 -115 -116 -117 -118 -119 -120 -121 -122 -123 -124 -125 -126 -127
leaf_value=0.047492800000000029 -0.53094649999999999 -0.40420150000000005 0.95029400000000008 -0.37449008749999996 -0.33896995625000009 -0.3156864875 -0.28793511249999998 -0.082680899999999904 -0.54490179999999999 1.2029263000000001 -0.36138079375000004 0.7758562 -0.57786582499999994 0.59198128124999994 -0.15298691875000003 -0.1363752 -0.43238220937499999 -0.63367250000000008 1.1121827937500002 -0.30182419999999993 0.27714199374999998 -0.33597986250000011 0.245702425 0.57109275000000004 -0.22263820000000001 0.20477651249999995 -0.23206155000000006 0.60445009999999999 0.54442631249999995 1.1358756000000001 0.16036975000000009 0.58138181250000009 -0.63455499999999987 1.2097398375000001 0.018263843750000008 0.060897368749999986 -0.42271660625000007 0.70395796249999998 -0.35232260000000004 0.12554546875000003 0.29388137499999994 0.0013211937500000382 0.34846130000000008 0.15019191249999997 -0.49665397500000003 0.53644975000000006 0.39091177500000002 -0.27665449999999991 -0.46619077499999984 -0.51949223750000006 0.033829924999999997 0.084900137499999945 -0.18623727500000001 0.20702900000000002 0.60429187499999992 0.611123325 -0.18108366250000008 0.45642864999999999 -0.44235220000000003 -0.12118949999999984 -0.12869387500000001 0.026759749999999995 0.41196679999999991 0.070395987500000021 0.1551800000000001 0.042987843749999956 -0.36741602500000003 -0.24234819375000005 -0.088056024999999982 0.40697627500000011 -0.052055575000000021 -0.2274550125 -0.2572528 -0.10081927499999993 -0.16994960312500007 -0.098546099999999998 -0.19928537500000001 0.60435865 0.001381137499999996 0.26572458124999992 0.76253776250000005 -0.35124107500000001 0.38213360625000004 0.61783066249999996 0.6210131687499999 -0.25086029062500004 -0.45518512500000008 -0.047351074999999999 -0.19747603749999998 -0.3855252500000001 0.082418999999999978 0.062112850000000025 -0.17930369999999993 1.9716981999999998 -0.23587840000000004 0.63968325000000004 0.17733512499999998 1.6742330437500001 1.1193137624999998 0.56100327500000002 -0.16326731874999997 0.65950050000000005 -0.25517541250000003 0.030110324999999973 -0.21526547500000009 -0.43930455312499989 0.061518915625000052 0.22960464999999994 1.0717339124999998 0.20633081874999998 -0.043905718750000093 0.4947399375 0.32874365000000005 0.073596049999999913 -0.41320170000000006 2.5991501875000003 0.26748012500000001 -0.055669962499999982 0.48153256249999998 0.94396080000000004 0.021630525000000001 -0.12532997500000001 0.17814700000000003 0.63175098750000003 0.63670274999999998 -0.34748012499999992
leaf_weight=1173 1185 1464 1921 186 988 1254 758 5512 2458 2345 1552 441 1260 1012 1378 1247 4410 1854 2800 1081 1212 1681 1240 886 555 1218 2263 1509 3568 979 849 3255 2234 764 2838 3184 2660 1107 9388 3774 1845 3722 1725 3198 2593 1594 713 2063 2938 1378 3149 559 204 2914 649 2696 2136 3046 2927 1111 1866 8632 585 824 6047 3552 4470 1904 1052 1927 7030 2324 9022 1307 1188 4264 4439 912 4500 718 2414 4409 3330 894 966 6004 2536 3722 9483 1311 1803 5189 16701 112 304 1420 3499 522 440 1635 5858 233 552 557 3509 3144 704 2070 2436 5714 4298 651 456 4198 1656 140 635 1562 1380 3327 4579 1249 2787 5866 1247 5324
leaf_count=1173 1185 1464 1921 186 988 1254 758 5512 2458 2345 1552 441 1260 1012 1378 1247 4410 1854 2800 1081 1212 1681 1240 886 555 1218 2263 1509 3568 979 849 3255 2234 764 2838 3184 2660 1107 9388 3774 1845 3722 1725 3198 2593 1594 713 2063 2938 1378 3149 559 204 2914 649 2696 2136 3046 2927 1111 1866 8632 585 824 6047 3552 4470 1904 1052 1927 7030 2324 9022 1307 1188 4264 4439 912 4500 718 2414 4409 3330 894 966 6004 2536 3722 9483 1311 1803 5189 16701 112 304 1420 3499 522 440 1635 5858 233 552 557 3509 3144 704 2070 2436 5714 4298 651 456 4198 1656 140 635 1562 1380 3327 4579 1249 2787 5866 1247 5324
internal_value=-0.000903148 0.00162857 0.00323115 0.00159252 -0.00619543 -0.0047704 0.000286425 -0.00584179 -0.00679528 0.00729269 0.00218115 -0.00366717 -0.00219365 0.00854701 0.00270203 -0.00480818 -0.0073128 -0.0111522 0.00946416 0.00803414 0.00332876 0.00148822 -0.00401021 0.00507001 -0.00428275 -0.00476323 0.00432521 0.00144288 0.00185009 0.000791206 0.00462041 0.00693094 -0.0118954 0.00845397 -0.00341879 -0.00394882 -0.0068647 0.00197481 -0.00834829 0.00761448 0.00290135 -0.00486289 0.00264949 -0.00544489 -0.00291181 0.00973972 -0.00489658 -0.00672579 -0.00589791 -0.000364661 0.000546155 0.00500474 0.00668482 0.0117606 0.00989684 0.0152111 0.003596 0.00246264 -0.0106841 -0.014016 0.00107674 0.00151549 -0.00743879 0.00770691 0.00535369 0.00551497 -0.00712236 -0.00185778 -0.00804656 0.000161409 -0.00272036 0.00144812 -0.00888359 0.00559046 2.82008e-05 0.000347966 -0.00797113 0.00341976 0.0030033 -0.00192753 0.00890661 -0.00694774 0.0038926 0.0128159 0.00491769 -0.00664215 -0.0105351 -0.00521283 -0.00596317 -0.00449074 -0.00133606 -0.000527988 -0.00393236 6.2054e-05 -0.00122655 0.00908109 0.00592593 0.0127197 0.00397727 0.0149956 -0.00645832 -0.00392749 -0.0166285 -0.00809995 -0.00234305 -0.0105393 0.00955348 0.00814473 0.010114 0.000629247 0.00217739 0.0065445 -0.00285866 -0.000378907 -0.0182102 0.00258724 0.000251256 -0.00307167 0.0140355 0.0155242 -0.00161524 0.00143695 0.00684726 0.00857997 0.00630858 -0.00803544
internal_weight=319992 216448 166164 118397 103544 80423 99677 70338 59637 47767 56507 50284 43170 18720 10085 41211 56733 23121 27583 22087 2904 51864 28789 8274 39474 37821 20184 14381 50312 37664 8733 19742 21948 7322 27529 26289 54275 12862 31192 6573 3092 23083 12917 34729 13823 16972 22965 6361 19668 28931 9338 12648 1653 11496 4643 5496 10599 9492 18438 6489 3297 9073 26782 18428 9302 5476 20906 3122 17784 27250 8408 18842 11949 5401 1773 7462 25009 4464 9080 2584 6575 16830 4637 1098 2359 13314 3588 9726 13892 2160 3181 10701 20423 6446 7613 5093 4580 1081 4214 2284 15621 1314 1737 1811 6658 4255 1916 3579 9126 16915 10012 955 3768 6334 3510 3324 1393 1748 2359 4921 6903 1705 3673 6690 4161 9763
internal_count=319992 216448 166164 118397 103544 80423 99677 70338 59637 47767 56507 50284 43170 18720 10085 41211 56733 23121 27583 22087 2904 51864 28789 8274 39474 37821 20184 14381 50312 37664 8733 19742 21948 7322 27529 26289 54275 12862 31192 6573 3092 23083 12917 34729 13823 16972 22965 6361 19668 28931 9338 12648 1653 11496 4643 5496 10599 9492 18438 6489 3297 9073 26782 18428 9302 5476 20906 3122 17784 27250 8408 18842 11949 5401 1773 7462 25009 4464 9080 2584 6575 16830 4637 1098 2359 13314 3588 9726 13892 2160 3181 10701 20423 6446 7613 5093 4580 1081 4214 2284 15621 1314 1737 1811 6658 4255 1916 3579 9126 16915 10012 955 3768 6334 3510 3324 1393 1748 2359 4921 6903 1705 3673 6690 4161 9763
cat_boundaries=0 11 22 33 44 55 66 78 89 90 102 113 125 136 147 158 169 180 191 202 214 215 226 227 238 250 261 272 283 294 305 306 317 328 340 351 362 373 384 396 407 408 419 431 442 453 464 476 487 488 499 511 523 534 545 556 567 578 588 599 610 621 622 623 634 646 657 667 679
cat_threshold=67125314 137363456 0 3758655489 67110912 4202496 4096 268705808 109051904 100667400 16777728 92278786 133120 794624 168296448 67117312 8192 2147483904 2147746304 69271552 34078724 590336 81920 8388608 32768 2115712 1073743876 1077944392 131968 2148827138 2097152 3080 12582976 65536 41943040 256 16388 1140850688 1077977088 33685888 950272 135270408 671219714 2160066564 33706048 0 0 537133186 0 302252288 2147484064 295306 2 2151810176 96 2147483649 1073741904 10555904 0 8429600 49408 201326720 32772 2163744 4202512 5184 67110912 4366400 0 3223061504 1140851712 4218880 426244 4194304 69206016 33554433 4 64 276840704 0 0 2315255936 67108864 12288 528 2147746312 1073742880 2097160 17371200 6665 167837700 1048832 8454212 8388738 1052804 9469952 75497600 16777280 33560576 2048 16777216 64 16793604 75497520 2097184 536887552 1048576 49344 16 33028 1024 131585 268442624 1048960 32800 32774 11026432 3825205504 24576 262656 1024 1146913 12288 513 16 269090816 146800640 12587008 547488002 8192 1280 2148007936 135680 150994952 2102272 1 18874372 67110912 134283266 1048577 2147483652 8404992 262144 4236288 4097 1241654784 513 2148532224 67113616 2114050 16384 38912 134221888 1149239456 512 536870912 5243968 5243136 286261248 0 0 33554436 335548416 134217760 1048576 2148012033 5129 1835008 256 2214592768 6293506 0 2097152 3288334596 1060864 134218240 9248 2101377 4730880 512 524292 144705536 8388768 262145 536875008 131168 0 2147614721 1048584 1207963712 4194308 270073856 100663298 138412067 260 320 1152 0 1568 4226 671221120 8388609 268435456 33554432 134221824 536870912 2048 134234144 0 8947715 1216348177 1210319872 4194564 8 14849 2228224 4194948 262144 8404992 3221229696 1209008128 34078720 2147619072 1094717440 134217730 268566784 5390 346030080 50335744 285474944 4 0 134348800 4194368 2148538369 1040 671351360 260 131072 33554436 25207041 9963648 536881152 4194312 524544 131072 150994944 2359298 131072 24 256 1249902608 37120 539230208 2147483680 0 134611456 4366340 4194432 131072 12719108 68173825 0 0 4 67110916 49160 34603536 4718592 1076891778 788490 16778240 2097152 1145044992 268468512 2147500032 2147483648 1312 1048576 8401161 1155 136264 4 0 0 25170048 33685508 268439552 134348832 34603520 8392705 134218760 3145984 590084 8388612 33554432 138674305 0 0 134217728 35127296 16914432 134221833 1442368 524288 6425 1048576 16782336 268435584 131080 0 536870912 9437184 1181697 134217736 1075184448 524288 2113536 4194304 256 673185796 67108868 4194560 8519936 17039880 1218446336 537397000 16777216 0 1024 134479872 131076 2147483744 536872096 1572864 528642 1209008129 134481922 1 8 0 0 134221824 33554432 0 65536 64 6144 16 1075052544 256 16384 2281701376 8192 0 2147483648 671088640 0 264194 1 268 65792 1048576 33554432 17039392 536870924 10272 541065512 42468608 526336 209715328 537133120 4194308 268435456 4096 32 33554432 67108864 134283264 64 131073 9437184 1075052544 524288 142606336 1024 4194688 0 8192 134348832 9961472 8392705 1142947848 135528704 589824 8 293601280 1216353284 256 33554436 8384 0 9568256 1052672 220205056 134218240 2152202500 8728 268566528 16777216 0 0 0 134218760 34078720 528386 1082131481 136315200 268435776 2097153 6291462 0 34820 0 1077937216 35127360 524288 1233125376 2110080 2415919104 24 524293 16780288 16777249 33554560 33562884 33024 1048656 2148697091 2147549184 0 524288 8388608 4 16640 8 268435456 1610612840 64 17305602 1 1311234 4718848 268435456 12587008 138412064 33685512 2048 536870920 8388672 13766656 2097176 2560 12582912 4 2048 268452096 33554432 3758096384 671285312 1212496 5249027 1090519040 1073741824 131076 64 1064960 25170944 16781440 18087944 536870912 212992 33685504 134144 1074790424 1048832 2147484672 4882 16384 8388608 16777505 131072 0 197704 33554688 4325376 135266320 1744965952 289407044 65536 7340034 272699392 2056 6144 1073774632 104857616 64 1082130440 3145984 151060480 64 0 20971520 423624833 1181704 4096 1744830504 34078736 12713985 1073741824 3145984 131072 8 3145728 16777216 266244 151257090 0 671088640 4194304 25169929 1149304856 33555904 524545 0 1024 16777376 8 0 536871936 1048640 8388609 1041 537133376 64 8404992 16780288 4194432 33556480 0 536871936 0 4198402 2097153 1073742592 1 589952 67108864 268443651 33948032 256 65600 9437440 17303041 1048715 1024 1114112 10485760 1048612 285474977 33554440 2684354560 541065312 64 26509315 0 192 2147549188 268566528 1073743872 20975873 2176 301998080 33024 16 1311745 65544 538968320 16384 137363456 0 1073741825 67110912 4202496 0 262160 0 0 16777216 17825792 50337792 268435713 33554432 67110912 134283304 1048640 2164523009 0 1074791170 277348416 270008320 4096 289406978 147456 0 134234280 0 8390659 1048 1311040 256 1432 14466 540672 1024 134217858 16640 0 134348808 4194304 2058 1049616 672138560 256 0 0 0 33554432 0 1064 524288 12582912 0 256 0 8 0 4096 134217728 33554432 0 536875008 64 1048578 17 1310720 524352 0 150995968 8609 0 536872960 536936456 64 4096 2097152 536875008 8519680 128 17047552 1048712 268439684 0 4718848 2147614976 5275664 3407938 2147549440 8
is_linear=0
shrinkage=0.1


Tree=7
num_leaves=127
num_cat=93
split_feature=4 16 15 16 16 15 2 2 16 2 15 16 5 2 1 1 1 2 1 2 1 1 16 2 2 15 2 5 2 1 2 1 1 2 1 5 1 1 15 2 1 6 1 15 2 10 1 2 14 2 2 6 6 1 1 2 1 2 1 2 2 2 1 1 2 1 2 2 2 1 2 2 1 1 1 1 1 1 1 1 2 2 1 2 6 2 2 2 1 6 1 1 1 2 2 1 2 1 2 1 1 2 18 12 8 8 1 15 2 1 1 15 14 15 18 2 2 2 1 2 2 2 2 14 2 2
split_gain=335.07 176.222 100.751 83.6885 65.8948 51.8049 49.2861 38.4246 37.3421 37.244 33.3569 32.2251 30.6146 28.5685 23.9302 23.6733 23.1285 22.7347 22.3125 21.9067 21.7841 20.353 19.9167 21.2146 18.9281 18.9252 18.692 18.2983 20.1893 18.777 18.2001 17.4909 17.4511 17.0087 16.059 16.6259 19.4514 16.2803 16.9016 15.7541 15.6973 15.4372 15.7329 15.4123 15.2389 14.5224 14.4246 14.3611 14.0693 13.849 13.4806 13.1348 12.7809 12.7554 12.6836 14.367 12.6356 12.4953 12.0283 12.0258 12.018 11.883 11.8139 11.7752 11.5554 11.3399 11.3361 11.3324 11.2262 11.5986 10.8431 10.5668 10.5447 10.3348 10.2404 10.1388 10.0032 10.0032 9.95086 9.90833 9.50196 9.41764 9.40365 9.28183 8.96231 12.9582 10.0391 8.81976 9.54586 8.81307 8.9384 8.79797 8.52765 8.51268 8.46287 8.40323 8.76241 8.35972 8.3542 8.24881 7.95501 7.89942 7.78672 7.62784 7.62584 11.8961 8.02595 7.45536 7.8555 7.40268 7.19704 7.12438 7.1034 7.0959 8.08752 7.5659 7.05042 6.94992 6.91188 6.90131 6.8651 6.84369 6.76769 6.73515 6.67951 6.63465
threshold=13.500000000000002 0.18918618559837344 3968.5000000000005 0.2091905623674393 0.26071675121784216 3894.5000000000005 0 1 0.1449004411697388 2 2692.0000000000005 0.13734471052885058 420.50000000000006 3 4 5 6 7 8 9 10 11 0.30014455318450933 12 13 2779.0000000000005 14 890.50000000000011 15 16 17 18 19 20 21 400.50000000000006 22 23 3798.5000000000005 24 25 4.5000000000000009 26 2678.5000000000005 27 313.50000000000006 28 29 21.500000000000004 30 31 6.5000000000000009 4.5000000000000009 32 33 34 35 36 37 38 39 40 41 42 43 44 45 46 47 48 49 50 51 52 53 54 55 56 57 58 59 60 61 62 1.5000000000000002 63 64 65 66 3.5000000000000004 67 68 69 70 71 72 73 74 75 76 77 78 0.12503456324338916 531.50000000000011 29.500000000000004 21.500000000000004 79 4204.5000000000009 80 81 82 1989.5000000000002 58.500000000000007 410.50000000000006 0.26064164936542517 83 84 85 86 87 88 89 90 65.500000000000014 91 92
decision_type=2 2 2 2 2 2 9 9 2 9 2 2 2 9 9 9 9 9 9 9 9 9 2 9 9 2 9 2 9 9 9 9 9 9 9 2 9 9 2 9 9 2 9 2 9 2 9 9 2 9 9 2 2 9 9 9 9 9 9 9 9 9 9 9 9 9 9 9 9 9 9 9 9 9 9 9 9 9 9 9 9 9 9 9 2 9 9 9 9 2 9 9 9 9 9 9 9 9 9 9 9 9 2 2 2 2 9 2 9 9 9 2 2 2 2 9 9 9 9 9 9 9 9 2 9 9
left_child=3 5 4 6 10 7 25 45 19 91 18 26 20 40 39 -14 -13 82 -3 32 64 81 23 -17 110 72 -9 29 74 -6 -20 103 -8 -16 -23 36 -36 117 56 -12 -10 42 83 49 -43 102 -28 -44 66 118 -4 62 68 -21 55 -45 124 -53 -22 -31 -58 -46 -26 -54 -11 -24 -30 -40 -51 98 78 -56 -1 -63 -29 -59 -52 101 -64 -50 -67 -15 -7 -33 86 -86 -49 88 -60 95 -91 -5 -87 -65 100 -35 -97 -19 -70 -38 -79 -72 -2 120 105 109 -107 108 -78 -75 -18 -76 -96 -68 115 -115 -61 -37 -25 -41 -32 -62 -106 -71 -39 -94
right_child=1 2 50 9 27 17 8 11 13 12 14 16 15 21 33 22 24 97 30 53 58 34 65 43 51 -27 46 28 48 59 31 41 -34 89 35 37 99 38 67 119 -42 44 47 54 61 -47 -48 84 79 52 76 57 63 -55 71 -57 60 75 87 116 121 73 70 93 -66 80 113 -69 69 123 77 -73 -74 104 111 -77 107 94 -80 -81 -82 -83 -84 -85 85 92 -88 -89 -90 90 -92 -93 125 -95 112 96 -98 -99 -100 -101 -102 -103 -104 -105 122 106 -108 -109 -110 -111 -112 -113 -114 114 -116 -117 -118 -119 -120 -121 -122 -123 -124 -125 -126 -127
leaf_value=0.29259333781250002 -0.070229726250000013 0.4243145840625 0.33963809500000003 -0.021978450937499928 0.52667988374999997 0.17821104812500002 -0.67786727499999999 -0.0073315150000000003 -0.091720119999999836 -0.60700199999999982 0.60650700437500005 -0.4770070924999999 0.36588927500000007 0.11685900000000018 -0.18423140000000002 -0.42406453000000011 0.12466136999999984 0.24511292000000001 -0.33116191062500006 -0.4538300925 0.10583358000000001 0.11812160875000011 0.48620248624999984 0.44827357906250004 0.1757018309375 -0.26825493718749993 -0.12570408999999999 0.31566111312499995 -0.062852072499999953 -0.20904690281249999 0.020317401249999992 0.44180853624999994 -0.39839758125000002 0.311050675 -0.47039814624999998 -0.20438095499999989 0.023574912499999989 -0.41748623750000002 -0.15942672687500004 -0.0078247568750000173 -0.50753361937500008 -0.16346203000000001 0.33813960265625004 -0.16363941000000004 0.61716390937499999 -0.39319465625000005 -0.45761870500000001 0.3831926643750001 0.13006779562500001 -0.024735720312500001 1.04655423375 0.47082771750000002 0.32322993500000002 -0.10820033000000003 0.17687327906250003 0.28846423375000002 -0.2944601624999999 0.36426306875000009 0.1389386 0.46962795750000003 0.068547660000000121 -0.22311299562499995 0.17456864562500002 0.096429002812500067 -0.28882668000000006 0.39153392062499998 -0.25559891937500007 0.089886110000000047 -0.24781943062500009 -0.29440285125000004 -0.15758110499999997 -0.11790969000000003 0.055468034999999909 0.55679661000000003 0.59014845562499996 -0.13042286687500004 0.7075339384374999 0.0070843612500000935 -0.15874582624999994 0.83130032625000005 -0.084869638750000087 -0.55746678437499997 0.62577512437500005 0.034627839999999924 -0.40656971156249999 0.059942328750000051 -0.05629553656249997 -0.29412826374999995 -0.210267175 -0.41810071999999998 0.37527307812500005 0.42718927500000003 0.011223049999999991 -0.17814210781249995 -0.2553945446875 -0.29700085000000004 0.049030682499999936 -0.14396963749999991 -0.53598291078125004 -0.24564599999999981 -0.25827104625000014 0.089303457500000072 0.30855668812500003 0.29444548781249996 -0.86392263749999998 0.040672999999999959 1.3785386012500001 0.93061567499999998 0.31927591999999999 0.12434158625000001 -0.36024241468750001 1.1625131450000001 0.99706302562499993 -0.08872201812500001 0.57325596812500013 0.37565157031249996 0.09518231499999992 0.086613361250000104 -0.021311701562500087 0.31957199750000004 -0.52876459624999994 -0.14791974125000001 0.035247670000000043 0.11113581187499998 -0.25634200312500005 -0.25177899124999997
leaf_weight=1244 307 2070 2087 908 3341 1040 1736 1871 1314 2037 3684 2311 1939 221 2773 2049 325 1355 1987 1817 1783 1419 1697 956 1942 568 1849 1134 2449 2316 555 1615 6902 1136 2634 739 1297 1656 1760 1548 5349 2557 1162 1074 1704 447 6301 1401 1322 2878 2742 1552 1225 3623 1965 3381 4715 1009 1501 1223 1697 1795 2798 1964 3123 1200 468 3345 1711 4731 2299 5933 924 1670 1614 2139 2358 4215 1465 5980 3292 1699 2802 2522 3054 4000 3982 5800 1927 213 4222 2535 2555 6386 8898 973 1953 1762 2194 4657 2985 3601 2288 310 258 321 812 1735 1981 10789 3004 3221 112 1611 6252 2910 5771 3466 1412 5961 1825 11580 539 942 3740 6230
leaf_count=1244 307 2070 2087 908 3341 1040 1736 1871 1314 2037 3684 2311 1939 221 2773 2049 325 1355 1987 1817 1783 1419 1697 956 1942 568 1849 1134 2449 2316 555 1615 6902 1136 2634 739 1297 1656 1760 1548 5349 2557 1162 1074 1704 447 6301 1401 1322 2878 2742 1552 1225 3623 1965 3381 4715 1009 1501 1223 1697 1795 2798 1964 3123 1200 468 3345 1711 4731 2299 5933 924 1670 1614 2139 2358 4215 1465 5980 3292 1699 2802 2522 3054 4000 3982 5800 1927 213 4222 2535 2555 6386 8898 973 1953 1762 2194 4657 2985 3601 2288 310 258 321 812 1735 1981 10789 3004 3221 112 1611 6252 2910 5771 3466 1412 5961 1825 11580 539 942 3740 6230
internal_value=-0.000687316 0.00207048 0.0041688 -0.00448401 0.00330345 -0.00246008 -0.0069484 -0.00355002 -0.00749816 -0.00196189 0.00158318 -0.0042312 -0.00251466 -0.00624708 0.00481904 -0.00122206 -0.002922 0.00564018 0.000229926 -0.0120614 -0.00626739 -0.00533102 -0.00168889 -0.00252957 -0.00230236 0.00619082 -0.0092855 0.00661163 0.0080839 0.00347403 -0.00017908 0.000197318 -0.0151943 0.00156028 -0.00487534 -0.00523537 -0.00915231 -0.00420821 -0.00506438 0.00809158 -0.0123558 0.000647139 -0.000944535 -0.00197487 0.00271215 0.00733945 -0.011348 -0.0019916 0.00661366 -0.00343252 0.0133587 -0.00157608 -0.0042126 -0.00704587 0.000902615 0.00516237 -0.00620404 0.00331915 -0.00374285 0.0011588 -0.00492168 0.00374344 -0.00238919 -0.00146736 -0.0116248 0.00357893 0.00472608 0.000146915 -0.00632627 -0.00796829 -0.00294318 -0.00150481 0.0104705 0.00290231 0.0132213 -0.000316656 0.0150691 -0.00383363 0.0016733 0.0101616 0.000932919 -0.0153886 0.0107736 0.00471425 -0.00258572 -0.00378496 0.000938139 -0.00519593 -0.00116347 0.00377924 0.00686584 0.00815233 -0.00237984 -0.002811 -0.00511714 0.000418513 -0.00241826 -0.000719539 -0.0121711 -0.00595238 -0.00255201 -0.000304569 0.0102312 -0.00762963 0.0037954 0.0043555 0.0141659 0.0127383 0.0105439 0.00346336 -0.00947889 0.0152425 -0.00716186 0.00606613 0.00659519 0.00337315 0.00322673 0.00160142 0.00382675 0.0054462 -0.00957983 -0.00337548 -0.00570891 -0.00505895 -0.0104514 -0.00412166
internal_weight=320013 185368 126691 134645 115788 58677 68102 51718 65366 66543 76176 48676 63100 51288 22463 46929 38655 6959 53713 14078 16171 44625 44990 38801 36344 2736 10021 39612 26961 12651 51643 49656 8638 11270 42705 41286 8588 32698 28493 11193 6663 46966 26521 36752 20445 3042 8150 22384 20992 24399 10903 33015 22031 5440 12353 4455 23388 4700 11011 9310 17992 17888 28315 9575 5160 6189 13690 5105 12456 9578 26373 7898 2168 16184 5969 3148 8816 22110 4263 7302 4492 1920 3842 4137 21222 15839 5383 9228 3428 8497 4435 3443 12785 8350 16210 4062 2926 3117 3905 5954 7200 5900 2595 2690 14389 13592 1133 6074 4339 12459 3329 4835 9010 11241 10773 4521 6994 4205 2368 7509 2380 13277 797 5673 5396 8785
internal_count=320013 185368 126691 134645 115788 58677 68102 51718 65366 66543 76176 48676 63100 51288 22463 46929 38655 6959 53713 14078 16171 44625 44990 38801 36344 2736 10021 39612 26961 12651 51643 49656 8638 11270 42705 41286 8588 32698 28493 11193 6663 46966 26521 36752 20445 3042 8150 22384 20992 24399 10903 33015 22031 5440 12353 4455 23388 4700 11011 9310 17992 17888 28315 9575 5160 6189 13690 5105 12456 9578 26373 7898 2168 16184 5969 3148 8816 22110 4263 7302 4492 1920 3842 4137 21222 15839 5383 9228 3428 8497 4435 3443 12785 8350 16210 4062 2926 3117 3905 5954 7200 5900 2595 2690 14389 13592 1133 6074 4339 12459 3329 4835 9010 11241 10773 4521 6994 4205 2368 7509 2380 13277 797 5673 5396 8785
cat_boundaries=0 12 23 35 47 58 69 80 91 102 113 124 136 148 160 171 182 193 205 216 227 238 249 260 272 283 294 305 316 327 338 349 360 372 383 394 405 416 428 439 450 462 473 485 496 506 517 528 539 551 563 574 585 597 608 619 630 641 652 663 674 685 696 707 719 731 741 752 763 774 786 797 808 818 829 840 851 863 874 885 895 906 917 928 939 950 961 971 982 993 1004 1014 1025 1036
cat_threshold=2751463616 1214251264 8388608 562036736 109576192 12591104 256 16777216 50397184 128 1179648 64 67108928 6291968 2105859 2 75497472 4202496 1207959820 262148 12587010 524440 196608 1 35653632 0 9454976 1050628 4210816 79692160 1024 67108992 1611137024 16781828 16 16783392 68292640 16777408 268566528 41024 82080 16 132096 8388610 24 16777729 8 269500416 1024 402657664 2097164 0 536871936 33554560 8388611 1207960592 1311304 2148007940 1 2157969412 4096 136315136 268437504 262216 560 655360 1 167913510 16843265 2097156 39854084 18878464 393472 6144 4194304 67108992 16777218 23101440 537002002 5152 9437184 16780292 134217888 2097288 8192 671088648 524416 17340416 1207959569 1208221698 524288 16842753 34603008 524288 540676 67108864 37748992 16 4587776 1386217472 134744578 151060992 9437188 268435472 20971648 131080 268435456 134348840 0 8525824 1073741833 1207959554 16777473 270008576 67112962 150995104 572522496 2336 268435840 2416967760 9437184 33554432 33562752 524288 16797761 1174405648 0 131075 34603080 33554560 1073741888 1280 4194306 655424 1048576 64 4 135266308 8913024 671088651 4096 1074790720 8208 448 12648482 2097664 2147614720 8 270532610 101713922 4096 570425344 0 135299136 75628608 276825088 553648136 4333570 1048576 40 276824064 318768144 4096 16388 4 131296 8388624 270010625 33620992 1311234 8912896 1 251658244 0 536870924 268439556 86016 4194304 8394752 8388609 604638496 2147549185 26230784 16777216 20971776 33554436 268435456 196608 1573120 2147780608 68158480 67765760 2148012032 170397760 68682240 16388 2621568 288 16640 268435456 32772 1376256 2149581832 4194304 64 2149580800 134218272 8454660 2150662528 9568288 134217728 8650752 36992 1050656 0 8388676 33554432 16 8421376 2097156 37056 1073774944 256 294918 1052689 4196672 272629761 268435460 8390660 17039360 538968076 1409286148 1744961632 896 4197376 1048576 134217730 4194368 2147485954 5275648 9469958 2148008064 2147487872 90112 0 4194384 75530240 268439552 131584 143654916 2180 134234272 4 2048 134219008 8390144 524328 16778248 1074790410 524544 134217728 134217892 270337 9469952 67108868 8388672 4722688 2148007938 1048609 537921544 4194308 8 0 16783364 134218016 131072 10244 1073808416 1048576 2176880641 2097160 1048584 273219648 16793600 1073774592 295169 0 335548544 65536 655888 4720642 136314881 2182086664 269156352 0 83887104 0 142608384 268439556 8388704 2214592544 2164793346 16782467 537919616 2148139008 256 4200448 17367072 2148532224 2148532738 0 38273568 4226 4194304 1074923520 8389120 8388613 101845504 32 2048 4160 4194560 557312 1024 201326593 538970880 2416050688 67125249 41945090 11075586 537936896 269486082 33554432 4194304 787592 10485760 6144 4 335544320 92307490 258 33554432 67117312 4096 2147483680 139778 1108344832 270342 4259840 268451844 16777216 295168 132 1140852740 1073741888 2189557760 526339 3149824 3592 4194304 69419012 3584 268436224 18432 0 536870920 384 786432 69207042 134349568 2155872260 8 1048576 37748736 134217728 131076 0 536871968 524288 2156920832 134217744 1075052608 524548 1196032 25169920 20975616 526336 0 131072 64 4206592 1024 66 257 268566528 16778240 4198656 16384 268574720 672268288 101712000 397312 1210056704 2185241216 268435456 25231364 0 272662528 3145736 1073750020 131112 1572992 4609 135267328 1073744128 768 150994944 1077936132 4268544 0 2684362752 571490368 512 16913664 1140850688 671089156 2147483648 8 8388608 2170552320 411051264 2147483904 0 4259872 262400 8388610 1082134658 5128 4259904 1114113 0 0 1048580 140 671089736 68157444 268996609 67371040 2102784 4784384 335544320 2098448 8388608 33554688 4100 1086357504 2156134400 1319168 33554560 537399552 3136 16 2214723904 131200 32768 1074268162 2751463584 192 1107951616 8388608 201326592 532992 9437184 268582912 234883072 514 2148665345 536870944 536871936 4195328 2147484160 3145728 1536 268959744 8 268435456 0 423624832 0 268435456 134217768 0 6145 1073741848 1048576 524544 9437184 4096 4456608 0 2214600704 134217728 9437248 16777219 2097152 266248 2351431680 1073778688 1026 136314880 0 671088640 9569024 32776 134283280 1049088 281149508 276824064 50332672 4456736 2097280 4 1073742848 2182087168 268290 1074794496 134349312 8388608 134348928 4195328 266273 524292 2147483648 704840704 33554432 1312768 1 33689608 268435712 0 20975616 402653313 33685512 4352 134287392 1024 2164260864 134218800 1050560 4194304 16 33570816 1073746948 256 1073774592 2415933472 278792 528 2164261120 1207960592 134218752 8388608 64 268435456 12588032 4194560 0 0 69664 2181038144 26247168 3145729 134348866 8979520 1048576 0 268435456 131072 67108864 4202496 384 8650752 4194305 262144 1 33554432 4194306 4097 2 805310464 9469952 2517107264 2148007936 16781312 384 2151809280 24 1081344 2281702400 142606338 537919493 0 131072 4194816 1 8388624 32 285279232 268435456 25171968 402915328 16384 0 1056 1048576 2147487745 1140850704 1536 2155872513 16384 8388608 134217728 0 268435456 671089664 33554432 4194305 1 1611923458 524353 17842176 2064 32 45138048 268574796 4104 4096 256 1082130569 262145 268959744 1048576 7168 402653313 0 0 134349856 1048576 4722689 5145 135268352 524357 17301504 83887104 1 3538944 2147483648 537214976 0 528386 1049600 537271366 524288 8929280 4227072 134287392 2686582792 536879104 131136 34604032 17305601 1048608 263168 1 0 33554432 1 0 0 536871936 0 1 0 1088 525632 16384 4194308 4194592 2113536 335552512 66568 2147483776 2152759298 4096 1026 2156396864 1179648 16778496 134217728 8 0 134348808 33554496 12582912 136314880 1319170 8388608 2172715008 0 262529 50331648 1024 1082130432 1049600 5243393 4198401 536870976 2416444737 16 277872640 4195364 129 33554432 603980800 536870976 1049088 2147483650 1224736776 64 277414145 16 1179648 4195328 20971680 33554432 335544320 546440192 1048576 1 16 262976 8388608 1024 262400 131084 0 134284320 34078720 2048 10485809 1074004040 268435969 0 8388608 1 0 0 65544 67108864 5251072 1 131072 8389632 25165824 20975616 17039488 0 2048 134349824 0 1 8 262208 268436032 655360 12587008 268701984 2 2147491840 1049736 524352 1536 134217728 1109656832 272629760 24 2310537216 0 1 16777216 0 1024 1049088 4460545 134222848 5440 134742273 1048577 16908304 402931744 9439244 128 536871072 2147483648 1081393 68222976 1049088 272629760 0 4198400 4194336 0 335544320 134283264 0 2151809024 1 536870912 8388608 16778240 256 131072 0 66560 1048576 4099 2098176 576 524545 1114112 8390656 134221824 0 4 536879104 34078848 5378048 1041 1208353344 524293 524288 0 285212672 2166360064 805307392 32 1572928 2168455168 134218768 135266560 524288 268566528 0 0 1107299328 1946157056 1073774592 8196 16777216 1075843712 2820679041 268435520 8 0 16782336 408158464 12 1073741824 1744830496 4194560 0 16 135269640 2147549445 17825796 16777344 4456480 2149976068 132 536870912 524288 1609729 68222977 4864 268435456 0 4096 160 33554440 0 537001984 0 1 24 1048576 1048576 4199428 155189376 0 268435456 536871936 524352 25296896 134217729 671220032 5 8929284 1082131456 262432 570425344 3072 1096 1312 17825794 134217858 33559560 1024 67239936 2048 0 4 268435456 131072 524352 4329984 0 0 524288 16384 6292480 142672161 0 67117312 320 67633216 22544898 1024 3221491780 524288 269090816 0 20971522 262144 10240 16456 76021776 8 3146752 131072 2441088001 260 2048 0 16392 268435456 536870920 0 8388864 67108865 320 528384 0 20972544 268435456 8 0 671088672 0 8392704 1040 262400 2232324 12582912 4460544 33835020 603979776 131328 4194432 786464 1083179008 134217728 2155873280 8388608 4096 16777248 131072 67108864 537002016 0 2049 4194304 524544 524288 301989888 33556482 36865 3221227520 6144 1074790400 2281705472 9699336 1075844096 538052608 64 9437184 0 134217984 131072 0 0 0 8388608 16 262208 8404992 41943040 268435745 2097152 268435456 1073742856 2156396672 526336 2098184 1208221954 12582976 4 23073796 16777216 260 4100 536870952 2156658736 290 18 34996224 65536
is_linear=0
shrinkage=0.1


Tree=8
num_leaves=127
num_cat=103
split_feature=20 20 4 4 15 6 2 2 1 2 0 1 6 2 2 2 1 1 2 1 15 1 2 6 1 1 16 20 1 2 2 15 1 1 1 2 1 1 1 2 1 6 2 1 2 2 1 2 1 2 1 1 1 18 2 1 1 1 1 2 1 12 2 2 1 2 2 1 2 1 2 2 1 2 15 1 2 2 2 1 1 1 20 15 2 2 2 2 1 15 2 2 1 1 6 1 2 2 1 1 6 1 1 2 2 1 2 1 2 2 1 2 1 8 2 2 2 1 2 1 1 2 2 1 18 2
split_gain=310.382 112.727 80.8768 56.1276 64.4586 40.7719 38.384 31.432 28.9789 28.7775 27.8523 25.9121 25.0868 24.6551 24.444 24.1895 23.6471 22.7854 22.1325 21.2377 20.6527 20.2313 19.4889 18.5232 20.2421 18.3117 17.9792 17.8469 17.5698 17.3865 16.5032 16.3793 16.1657 15.8113 15.4121 15.1233 15.0415 14.848 14.8383 14.81 14.7802 14.4674 14.1628 13.9908 13.9206 13.8609 13.7723 13.3741 13.2232 13.0618 12.9956 12.6835 12.5953 12.4327 15.1222 12.3943 12.0967 11.908 11.8265 11.6754 11.451 10.6626 15.2826 11.7706 10.6356 10.6072 10.4441 10.4094 10.405 14.1505 10.3761 10.2397 10.1747 10.0907 9.66205 9.6271 10.27 9.56964 9.38052 9.2865 9.28514 8.91129 8.83698 8.83005 8.78488 8.40813 8.36199 8.28317 8.23366 8.36444 8.93374 8.60909 8.22729 8.17048 8.12561 10.551 11.1409 9.60968 16.8982 12.8175 9.05065 13.6587 8.37697 8.13283 8.08601 8.1699 8.05712 8.03824 7.82616 7.82065 7.62216 7.58193 7.57246 7.47844 10.5057 8.22289 7.46299 7.27168 8.2447 7.13211 7.07828 6.97337 6.84956 6.6535 6.56374 6.53992
threshold=0.21852229535579684 0.14704822748899463 16.500000000000004 13.500000000000002 3212.5000000000005 3.5000000000000004 0 1 2 3 4 5 4.5000000000000009 6 7 8 9 10 11 12 4204.5000000000009 13 14 1.5000000000000002 15 16 0.24745737016201022 0.11864368990063669 17 18 19 4204.5000000000009 20 21 22 23 24 25 26 27 28 3.5000000000000004 29 30 31 32 33 34 35 36 37 38 39 0.12076532095670701 40 41 42 43 44 45 46 847.50000000000011 47 48 49 50 51 52 53 54 55 56 57 58 3415.0000000000005 59 60 61 62 63 64 65 0.31001107394695288 3981.5000000000005 66 67 68 69 70 2715.5000000000005 71 72 73 74 4.5000000000000009 75 76 77 78 79 1.5000000000000002 80 81 82 83 84 85 86 87 88 89 90 91 22.500000000000004 92 93 94 95 96 97 98 99 100 101 0.2183688506484032 102
decision_type=2 2 2 2 2 2 9 9 9 9 9 9 2 9 9 9 9 9 9 9 2 9 9 2 9 9 2 2 9 9 9 2 9 9 9 9 9 9 9 9 9 2 9 9 9 9 9 9 9 9 9 9 9 2 9 9 9 9 9 9 9 2 9 9 9 9 9 9 9 9 9 9 9 9 2 9 9 9 9 9 9 9 2 2 9 9 9 9 9 2 9 9 9 9 2 9 9 9 9 9 2 9 9 9 9 9 9 9 9 9 9 9 9 2 9 9 9 9 9 9 9 9 9 9 2 9
left_child=1 8 6 9 12 18 36 57 14 38 15 53 22 -10 -1 51 -14 -6 43 -9 28 -15 -5 34 70 109 31 35 -13 40 79 33 -18 122 78 46 -2 -24 -3 -34 -30 52 -31 -4 56 -26 -23 -36 -28 67 71 -7 108 -11 -55 77 -35 -8 -39 -27 85 63 -63 -60 121 123 -43 -41 -62 -70 -25 -32 125 -54 82 106 81 -29 -20 -12 84 -77 116 -49 -51 -46 107 -82 -89 90 -90 -91 -67 -37 95 103 102 98 -96 -99 101 -98 -97 -66 -50 -106 -65 -57 -19 -17 -78 120 -61 115 -115 -107 -74 -88 -119 -22 -102 -44 -21 -52 -105 -47
right_child=2 3 5 4 17 10 7 19 13 11 30 20 16 21 -16 25 32 41 23 26 119 27 37 24 45 59 48 55 29 42 50 -33 39 44 47 93 -38 58 -40 49 -42 66 64 -45 60 72 -48 83 104 80 65 -53 73 54 -56 86 -58 -59 61 112 68 62 -64 75 94 92 -68 -69 69 -71 -72 -73 74 -75 -76 76 110 -79 -80 -81 87 -83 -84 -85 -86 -87 117 88 89 91 -92 -93 -94 -95 97 96 100 99 -100 -101 111 -103 -104 124 105 113 -108 -109 -110 -111 -112 -113 -114 114 -116 -117 -118 118 -120 -121 -122 -123 -124 -125 -126 -127
leaf_value=-0.29458764999999998 0.054419737718750132 -0.077216008562499827 -0.013926861187499995 0.23758640356249991 -0.15199306249999989 0.087771077000000031 0.47439852846874997 -0.38805099862500003 0.084144089125000043 -0.37859993628125005 1.2623503340312501 -0.48547197368750017 -0.43280748012500009 -0.56257312999999998 0.054464978750000004 0.15757905334375 0.60097301275000004 0.28608516690625008 0.85809654229687515 0.40460735012500004 -0.058133137250000022 -0.22168663287500012 -0.63139779225000003 -0.020599262249999972 -0.28104616499999996 -0.20342993362499995 -0.17391772149999998 -0.15999459484374992 -0.055467366937500012 0.14627042531250001 0.27758456149999999 0.33773430799999998 0.44077924390625001 -0.027618639999999941 -0.29945915567187498 -0.5122167835625 -0.43093288709375011 0.17912569640625003 -0.51132485806250016 -0.15252085968750018 -0.3242722762500001 0.042996492187500082 -0.39281497850000013 0.66654017587499992 0.21465186206250009 0.99568645881250006 -0.5222374328437499 0.14574981925000002 -0.058526722249999975 0.36206594925000007 0.016643304359375045 0.94147232860937502 -0.031374128937500002 0.37929617256249992 0.10042715237499995 -0.29041286653125009 -0.40763154348437497 0.15547123637500004 -0.49095981899999996 0.79181557118750012 -0.20599570171875003 -0.31287748137499999 0.16997013171874992 0.21449724721874996 0.13314022893749994 -0.16837748518750006 0.52596563175 0.35326934887500006 -0.42512803779687491 0.036444852749999999 -0.49006823587499992 0.7916662095 0.15891106175000003 0.44449771362500012 0.51576093162499992 -0.19349796512499992 -0.019782839249999996 -0.45932506112500016 0.16844052696875 0.61785736800000013 -0.26892162334375008 -0.45008688256250001 0.35707389475000006 1.0239192421250001 -0.044289822375000037 -0.030864523625000029 -0.12549365348437488 -0.26302067100000015 -0.24176999720312492 0.52898091168750005 0.01555553237500007 0.031599823203124981 0.29332912618749996 -0.19490928868749996 -0.35427217156249996 0.18560146399999999 0.15693780750000014 -0.20830712225000003 -0.0092174103125000073 0.046519996890624964 -0.0065583151875001191 -0.23805359362500003 -0.21413781281250011 -0.24828241643749999 0.569277013 0.35442418762499994 -0.13995450338281246 0.023103570546874997 -0.16782970431250002 -0.36440078170312495 -0.21221386062499997 -0.35665073796875008 0.20623280484374998 1.2238482507500004 0.31877697450000009 0.067050551499999986 -0.11505355937500004 -0.49406122454687501 -0.24001572887500011 0.24434781268750003 -0.2576910670625 -0.21544428770312496 0.027076880156249941 0.58557975262499995 0.09629429850000007 0.26047367025000012
leaf_weight=1441 1028 1013 1022 1809 1874 934 2520 1393 1525 223 2321 1495 1188 2685 3959 676 1149 959 1912 1479 754 1675 975 1056 1847 1457 2088 1172 2427 1636 1825 1479 942 1265 1078 644 3196 1288 2709 990 5597 1139 1204 3001 2353 368 5644 4869 2867 1577 756 2576 888 769 1936 814 2246 4079 1123 1640 8281 926 2748 1430 1694 1623 6217 3253 872 6754 1913 6507 2023 1985 1029 2194 4445 2696 1541 3247 1632 3081 2425 476 1987 4895 4136 2369 2148 869 5295 1956 5575 4110 1825 1275 1737 2463 2488 9848 1878 2365 1287 1056 1110 3449 2522 2896 1886 1696 9456 6313 7340 505 1575 10236 5934 1422 8305 1214 3429 4532 2662 4691 774 353
leaf_count=1441 1028 1013 1022 1809 1874 934 2520 1393 1525 223 2321 1495 1188 2685 3959 676 1149 959 1912 1479 754 1675 975 1056 1847 1457 2088 1172 2427 1636 1825 1479 942 1265 1078 644 3196 1288 2709 990 5597 1139 1204 3001 2353 368 5644 4869 2867 1577 756 2576 888 769 1936 814 2246 4079 1123 1640 8281 926 2748 1430 1694 1623 6217 3253 872 6754 1913 6507 2023 1985 1029 2194 4445 2696 1541 3247 1632 3081 2425 476 1987 4895 4136 2369 2148 869 5295 1956 5575 4110 1825 1275 1737 2463 2488 9848 1878 2365 1287 1056 1110 3449 2522 2896 1886 1696 9456 6313 7340 505 1575 10236 5934 1422 8305 1214 3429 4532 2662 4691 774 353
internal_value=-0.000780506 -0.00353497 0.00274737 -0.00212454 -0.000215768 0.00502707 0.000214075 0.000841946 -0.00799091 -0.00428285 0.00702221 -0.00375318 -0.00174013 -0.00897069 -0.00112754 0.00376324 0.000609347 0.00563286 0.00225468 6.57433e-05 -0.00422244 -0.00949626 -0.0036019 0.00121488 -0.000790654 0.00174351 0.000380593 -0.00882055 -0.00458128 -0.00428136 0.0090209 -0.00111813 0.00128841 -0.00161165 0.00465776 -0.0118985 -0.00899858 -0.00420558 -0.0128081 0.000707834 -0.00857605 0.00710792 -0.00352731 0.00916191 -0.00250412 0.000804203 -0.0147564 0.0017488 0.00259734 0.00018111 0.00772621 0.011108 0.00334033 0.00541184 0.00730129 -0.00709155 -0.0083641 0.00736117 -0.00379667 0.00354647 -0.00161235 -0.00422946 0.00078933 -0.00499155 -0.00386618 0.0056934 0.0100462 0.00516106 -0.00311302 -0.000445259 -0.00827459 0.0108008 0.00203426 0.00799514 0.00130024 -0.00449909 -0.00542583 -0.0122228 0.0100347 0.0138759 -0.001006 -0.00918638 0.000385282 0.00380019 0.00355344 0.0016809 -0.00595177 -0.00214651 -0.00127698 -4.86476e-05 -0.00180707 0.00458407 0.00316315 -0.00745172 -0.00326466 -0.00453503 -0.00549907 -0.0016001 -0.00565579 -0.000174499 -0.00649631 -0.00246221 0.000622084 0.000481041 0.00339712 0.00423157 0 -0.00172043 -0.00138354 -0.00617128 -0.00399324 -0.00792599 0.00489433 0.00364184 0.00923077 0.00279503 -0.00122534 -0.0070821 -0.00858067 0.0058435 -0.00510626 -0.00788375 0.00413153 0.00902511 -0.00413043 0.0134747
internal_weight=319408 179365 140043 136241 72300 73711 66332 62108 43124 63941 42864 60219 57352 37724 5400 16319 25355 14948 30847 55509 57291 36199 31997 26824 16948 12809 54116 33514 55323 53828 26545 32286 24167 30807 9876 12073 4224 30188 3722 23018 8024 13074 45804 4023 26666 13979 7319 6423 21830 22076 20977 3510 5718 2928 2705 21441 3511 6599 29213 10437 23155 27925 3674 24251 44168 12645 7356 4243 15907 7626 2969 8332 12132 2873 11411 23128 19176 3868 3453 5568 17833 5275 10382 5345 3564 7248 17573 14269 12637 10268 7443 2825 7198 4754 38432 21808 18284 16624 4313 12311 15722 4102 2562 3524 19742 16875 3952 3710 2845 2372 13901 11620 8980 15765 2080 13685 7957 13863 9727 1968 5307 5736 4141 5447 1830 721
internal_count=319408 179365 140043 136241 72300 73711 66332 62108 43124 63941 42864 60219 57352 37724 5400 16319 25355 14948 30847 55509 57291 36199 31997 26824 16948 12809 54116 33514 55323 53828 26545 32286 24167 30807 9876 12073 4224 30188 3722 23018 8024 13074 45804 4023 26666 13979 7319 6423 21830 22076 20977 3510 5718 2928 2705 21441 3511 6599 29213 10437 23155 27925 3674 24251 44168 12645 7356 4243 15907 7626 2969 8332 12132 2873 11411 23128 19176 3868 3453 5568 17833 5275 10382 5345 3564 7248 17573 14269 12637 10268 7443 2825 7198 4754 38432 21808 18284 16624 4313 12311 15722 4102 2562 3524 19742 16875 3952 3710 2845 2372 13901 11620 8980 15765 2080 13685 7957 13863 9727 1968 5307 5736 4141 5447 1830 721
cat_boundaries=0 12 24 35 47 48 59 70 81 92 103 114 126 137 148 159 170 181 193 204 215 226 238 249 260 271 282 294 305 317 328 339 350 361 372 383 394 406 417 428 439 450 461 472 483 493 504 516 528 538 549 560 571 582 593 604 615 626 638 649 660 672 684 695 706 717 729 740 751 762 774 786 797 808 819 831 842 853 864 874 885 897 906 918 929 940 951 963 974 985 996 1007 1018 1029 1040 1051 1063 1074 1085 1097 1107 1118 1129 1139
cat_threshold=100667425 2148532256 524416 8388738 0 33554464 71442432 224 4198434 134223872 2147614720 8 655360 34816 0 135282944 68165632 4202624 1073742144 262400 2162688 1615331592 71680 16 84953152 10616832 4194369 2147483648 344064000 1078010240 4096 0 73400352 268435464 65536 150996992 0 130 1074266113 3221229632 32768 2151809032 131590 12845056 69214208 2285896192 8 9880 134220034 134217856 41472 3222274177 67108864 8404992 0 786448 3222306945 2097168 16908800 268435584 1075839008 49152 537397253 1611139076 98432 2390753280 4719360 4096 131072 8388608 25165824 68157444 138412032 33816576 2415927360 1610744104 528 4722694 1024 134611456 2147483648 4 134218768 16785408 570425347 268435456 0 9437440 2161639456 1082130432 136584202 8388672 16842752 0 2101249 1048704 2424311972 1048768 213909640 524544 75499520 2 4325440 65540 8388608 0 35667968 1073743872 1078043712 896 13926401 134221832 134152 2147483648 335544321 16809984 106496 2147483906 67117312 8192 13108224 2156004352 17825920 524320 131073 8 67125248 1074790416 8388608 0 1048832 1379930240 67240208 262272 35651586 4194433 16916512 4194305 34607636 10502656 536870912 2147485920 0 201327616 33540 1627389952 2 268436544 67125380 37753632 3 2684355584 0 1077964800 1073741872 285212680 2097152 526336 16777216 9043968 92274724 32896 256 2684354564 4194304 34078848 38913 4104 134350920 3076 2113540 16777248 402718720 2178 10240 196608 8913952 33280 6161 1073875968 131072 64 67117840 16416 2 9471008 33024 67108864 33792 33554978 71303296 1048672 64 2293760 8388608 14696448 149508 0 416 128 2147488000 1073745962 134742538 321 16793600 1028 294913 264 268435456 1073762368 105906240 9996802 0 524298 4784128 67108864 67239938 8450 33816832 1074792448 1073750016 272 262688 268435456 33689728 66048 2149056768 67141664 16384 2290354432 1677721636 536870912 524288 13600 1073811457 2048 0 16 16777216 35651584 268435456 35653636 872423424 536870944 9437248 2149191681 2101264 1311232 2148008000 9633796 268960768 134217856 0 32 537003040 524480 8654848 1048577 1079247360 4353 26230784 0 150994945 0 2048 536937472 46137344 3 10485761 35127304 268501057 2097280 176300066 8650757 0 9437184 16512 128 32808 4194304 35782656 69632 68173824 4 21233923 0 6144 66600 2156920832 2151682048 134218752 1074008584 524292 8 100663296 136314896 4608 1209008132 2147615744 8192 138412288 16777476 16777344 537395208 285279232 286982144 2131968 134221824 133120 0 1610613760 33685504 2160066560 8 2181431298 8978433 8 2147483776 1241513986 65600 545259776 33685512 16384 256 286261256 570425344 138400 72704 0 171968512 16777728 2147483660 0 537011264 35127424 2151677953 17 538050560 277348416 270548992 4102 8486912 393216 268441856 1088 528 655872 1073741833 132096 16778244 2148548612 167774208 266369 540033024 0 1077936256 33685760 1315072 33554432 33562754 524352 8519680 16777216 16777600 2184 33566720 32768 8953920 2169503745 134284288 2359552 2152202240 16908288 1058 4352 536870916 268435460 132160 528 4198913 142606338 1073743368 272630084 134774784 67109888 4097 2148794624 0 16384 0 528896 1073741864 3148832 268960256 16384 16778400 0 2181300482 64 1114272 1572928 2157191168 8 37749056 143130624 16 8404996 16778240 289406978 169869312 8192 135168 34603264 8683520 144703490 201588992 4720640 25182208 2147484672 150995331 131076 0 671221024 35127312 16777729 134218752 1074921472 4194304 9437184 16777216 20971808 8 268435456 536870912 33685504 2164396034 10486784 1744831234 12583173 1048576 16780288 0 33554432 67108864 541073408 1048832 262144 1048576 256 5 65538 160 268730496 33571204 536879360 32768 1074790400 1048609 134288384 6291460 2151677984 8388608 2048 134479905 0 2048 134415392 34603008 2148007937 1048 1074791432 8454725 1048576 16777216 155189249 34078720 603979776 675291144 8388864 2147877121 1073741825 536870912 526336 67109120 1048708 4096 134266880 637534336 1082138624 37752864 2147483904 75497474 4194947 436211712 2165309444 1284 2148532224 2048 65576 33555456 38530 1048576 139264 272826368 0 3072 419430400 8 268435456 8405032 33554432 2152368192 134217856 571343176 65536 8 8912896 1073742848 411316256 1048712 2147487744 33686560 1056768 262656 1091568640 256 268566528 16 17367296 1149239296 4210944 1210073090 1073743104 1048576 2181169536 33796 1073741856 2147483650 2449670148 2048 16777216 2129920 1107431620 1073873024 2181169168 4160 16778240 2147484672 524544 8388608 33591296 134217728 8519680 2048 671285280 8389248 2151677953 136315907 1611005952 2155872256 268517380 0 266240 2113668 1140850688 1077936128 8519680 786434 1048576 134720 12582916 268435456 16781312 0 4 536870912 671219720 34078720 16809986 134221833 1610614280 268435456 8388608 54526976 268435712 2097152 4 134349056 35127296 2161117186 9438224 1049090 321 25296900 0 262176 536870916 34816 1024 263680 522 25165824 4096 4100 0 4198400 21233696 131072 536870912 536936448 2181038144 17305600 1075840016 1108742144 256 131076 8423424 4198688 2099328 536881156 138412064 8389248 266240 3149824 1207959552 276824068 285229056 4194304 289 2097152 67108864 65536 131584 4456448 136314881 532480 65600 8 277872644 46137348 262144 33554432 268435456 4194304 34603264 13899778 3146753 1610613248 2155872260 196609 83892240 8448 42469384 1073741824 32 67109120 131074 16777217 525312 4850432 277872640 16910336 295104 33685512 2415925248 142606336 76546048 655936 66560 139264 0 64 8454146 16777220 134225953 1073741832 0 1073745928 1074790464 8388609 134217728 537920000 5244161 8 9437184 5120 423624832 8 805306372 675349504 1048640 528385 134218753 537002240 8913152 277872640 4198400 272629760 33554432 0 536870920 1048640 2155874305 134217856 1074397184 8913920 524420 1210056704 17858560 2684372996 64 288 34607616 8519747 128 794624 8388608 8404992 1073741824 20971648 2147483652 0 134414600 1048640 16781313 1210057744 134486024 276824128 8 278921220 8388608 285475200 8 67108864 537001992 8388608 4196874 1073741840 1208222720 321 9437184 4194304 262434 2183659520 2147483648 1207992320 42991744 2151710720 135266304 2368064 256 16388 3072 20971521 35651584 32 4210752 524928 2157184002 8388624 1073744458 4160 131204 9441792 0 8421376 8388608 426240 131200 268566538 12582912 134217856 2147615300 64 268435457 47186000 262144 131074 1024 0 0 1082368 3356496899 1612710144 1024 8 1048576 1140852736 25182592 2097288 1073750152 134217728 67108864 563712 2097153 140288 5243136 0 1073741824 402653441 8 8192 0 33554432 561665 1207960577 1179648 4194560 67239936 46137344 4480 16640 536877060 16448 67108992 5243393 1052672 1181706 1092 8519684 1024 16777216 0 1073745920 0 1074266112 2164523008 1049600 134218816 256 8 75497472 4325408 262144 134479880 0 39067712 134218240 21102592 75501584 134230090 65537 16384 74451072 0 128 536873252 1623195712 201850896 270336 1115136 1074003968 131076 8404992 24117380 0 262272 268435712 1750073408 210239552 9216 66560 1048576 9043972 8404992 16782336 138674560 33687552 0 4260872 1048768 4196353 134217736 134348874 67633152 10617860 262464 134217732 8192 536870944 143393280 17826048 79757320 1073742336 65536 17842176 5124 386 33554432 256 65568 9961792 2147483649 134217736 1073742336 2147483652 8 1048576 16782336 406847616 0 0 1064 8388608 8390912 134217728 8388612 5120 419430400 33554440 335544320 138413056 0 0 17 4194560 4 32 150994944 83886084 276832289 2149580800 0 69632 2147746304 5277704 1024 2097730 13107265 128 2181038080 4194306 128 2048 64 4195840 22052864 4240 532748 1 2228224 16779264 134217728 131080 67110916 32 9962048 2157053952 1032 768 268435456 8388612 1024 4352 2048 4100 32 8389120 4195328 0 538052864 8388609 8 1048576 5120 150995073 2048 0 134316032 33554944 524288 17 1311488 64 2148007936 1074792448 276861184 2149711872 1568 1073872992 592 64 48 268435584 4849664 269500416 4195328 289439906 537001986 2415929380 4228096 16 786432 1073745928 262144 16777216 343932928 16778256 151257120 8 335552512 135266304 8388608 12582912 16777217 574619904 524288 8916992 1075842052 17043488 536870912 268435456 33792 1049104 4114 70255616 570425856 4194304 1048576 4194304 262144 33554432 536870912 1024 0 131073 134217737 262144 1024 1065220 1086325760 134217986 395272 6400 671088704 525312 16912384 1048576 1049604 16777220 17301504 1073741856 134217730 33554432 2147483648 229472 16 21004800 77594624 1076892680 25231616 2155872512 4195328 4352 2099200 4 96 2152333824 8651778 1048577 1644170496 1179648 8 0 33554432 384 1179648 67108864 132104 0 0 538969088 0 768 8404996 16780288 256 0 0 671088640 0 4194306 134218752 1208222530 4194308 1572864 60817408 276824064 570427396 2415929344 1032 8388608 2147484161 0 1441793 2420113412 8 1048576 16778240 32 0 268435456 134348800 0 32768 0 1073742080 9437184 16782336 262400 33685504 0 671154184 34603008 2164260864 134217728 1311232 524292 269615104 41945088 0 2312 4 4194312 128 528384 1073742849 1024 8389888 0 0 419430400 33685512 0 134217728 1048576 0 16 1048576
is_linear=0
shrinkage=0.1


Tree=9
num_leaves=127
num_cat=103
split_feature=20 5 20 16 16 5 2 1 6 1 2 1 1 1 1 6 6 2 1 2 1 11 2 14 2 2 1 2 1 2 1 2 2 2 1 2 1 2 2 6 1 2 1 2 12 2 1 1 12 2 1 2 14 1 1 2 1 1 2 2 2 2 2 1 1 20 1 12 1 2 16 1 2 2 2 1 1 1 1 1 1 2 18 1 2 1 2 2 1 2 1 1 2 1 2 2 2 1 2 1 14 2 1 1 2 2 1 1 1 2 1 18 2 1 2 1 18 1 2 2 14 1 1 1 2 1
split_gain=260.477 86.4691 64.153 51.1943 32.5347 30.7934 28.6163 27.3108 27.1657 27.147 26.2206 21.7154 20.7375 20.7344 20.5706 20.5393 18.6313 19.7976 18.4924 18.4495 17.7307 17.3585 18.6522 17.3365 23.2616 17.023 16.8283 16.8021 16.4831 16.2608 15.7106 15.6053 15.5204 14.8571 18.5008 14.8202 14.8162 14.7219 13.9799 13.5862 15.4675 12.3061 12.2866 12.2238 12.1611 12.0269 11.7571 11.6954 11.5523 11.4593 11.3238 11.2207 11.2155 11.2273 11.0074 10.6915 11.4402 10.6197 10.6039 10.5893 10.5215 10.4813 10.3211 10.8058 10.2392 9.99495 11.7448 9.89265 12.7446 11.3356 9.88581 10.0431 9.77944 9.76254 9.67447 9.446 9.2416 9.18548 8.79979 8.70815 8.62677 8.57811 8.45884 8.18984 8.15872 10.5817 8.14392 8.11404 8.04635 8.03645 7.99893 7.91846 7.91271 8.70307 7.86663 7.78183 7.75066 8.75328 7.74176 7.60223 10.0332 7.99999 7.35676 7.02918 6.98465 6.88099 6.79093 6.76476 6.66386 6.56468 7.95502 6.56089 9.12607 6.91212 6.44248 6.98045 6.28643 8.85554 9.51632 6.71587 6.211 6.08348 6.05144 5.96906 5.95531 5.83102
threshold=0.19982320815324786 840.50000000000011 0.14524986594915393 0.22181797772645953 0.24745737016201022 615.50000000000011 0 1 6.5000000000000009 2 3 4 5 6 7 3.5000000000000004 3.5000000000000004 8 9 10 11 6.2604577541351327 12 21.500000000000004 13 14 15 16 17 18 19 20 21 22 23 24 25 26 27 1.5000000000000002 28 29 30 31 918.50000000000011 32 33 34 272.50000000000006 35 36 37 74.500000000000014 38 39 40 41 42 43 44 45 46 47 48 49 0.11864368990063669 50 928.50000000000011 51 52 0.15231444686651233 53 54 55 56 57 58 59 60 61 62 63 0.13220751285552981 64 65 66 67 68 69 70 71 72 73 74 75 76 77 78 79 80 17.500000000000004 81 82 83 84 85 86 87 88 89 90 0.26034387946128851 91 92 93 94 0.2627603560686112 95 96 97 65.500000000000014 98 99 100 101 102
decision_type=2 2 2 2 2 2 9 9 2 9 9 9 9 9 9 2 2 9 9 9 9 2 9 2 9 9 9 9 9 9 9 9 9 9 9 9 9 9 9 2 9 9 9 9 2 9 9 9 2 9 9 9 2 9 9 9 9 9 9 9 9 9 9 9 9 2 9 2 9 9 2 9 9 9 9 9 9 9 9 9 9 9 2 9 9 9 9 9 9 9 9 9 9 9 9 9 9 9 9 9 2 9 9 9 9 9 9 9 9 9 9 2 9 9 9 9 2 9 9 9 2 9 9 9 9 9
left_child=2 4 6 11 9 10 -1 -7 23 51 42 94 -11 -6 -8 29 20 90 -12 -14 43 22 54 24 -5 77 -25 107 48 -13 61 103 -15 64 60 -17 87 -22 78 40 59 106 -4 -9 49 75 95 124 86 -38 -28 -2 67 -54 -21 56 -48 -40 122 -39 -35 -19 63 -33 -16 66 -36 68 69 -47 91 -72 -42 -30 -34 -20 104 -10 -23 -76 -67 -52 -53 -64 85 -70 -29 -31 -86 -78 -18 -60 102 -94 -3 -24 97 -85 -50 -51 101 -101 -68 -32 -57 -49 -41 -26 -83 -27 -111 112 113 -73 115 -82 117 119 -119 -81 -58 -74 -37 -116 -43 -98
right_child=1 3 5 8 13 7 14 16 25 12 18 15 19 32 33 35 17 30 45 21 37 38 46 26 27 109 50 28 73 36 31 62 74 34 65 58 44 39 57 41 72 47 -44 -45 -46 52 55 105 98 99 81 82 53 -55 -56 76 120 -59 70 -61 -62 -63 83 -65 -66 80 92 -69 84 -71 71 111 121 -75 79 -77 89 -79 -80 116 114 108 -84 96 88 -87 -88 -89 -90 -91 -92 -93 93 -95 -96 -97 125 -99 -100 100 -102 -103 -104 -105 -106 -107 -108 -109 -110 110 -112 -113 -114 -115 123 -117 -118 118 -120 -121 -122 -123 -124 -125 -126 -127
leaf_value=0.10100924889999985 -0.034851042195312501 0.15654080854999997 -0.47179235948437503 -0.30672857208125004 0.41443115451562501 -0.54274547574999976 -0.49548345264062488 -0.25078953406249999 1.7878519765343748 -0.43116895270312483 -0.42034361589999991 -0.36855117998437503 0.350198719778125 0.36164024219374991 -0.12932424475624985 0.54715054309843758 -0.0037533119999999978 -0.14510897475937484 -0.45230379603749998 -0.087899504999999947 0.15741895669843742 0.043447820921875026 0.20332269851250004 -0.19971274833749997 0.088397079149999946 -0.036024562200000047 0.94772704901249993 -0.621289865053125 0.47337442398437501 -0.011316605841406192 -0.024406555518750084 0.35338018126249998 -0.19012743539999988 0.20636755375000002 -0.41175322921562485 -0.28115537273749996 0.18562498364375002 -0.20742722690625001 0.2599684909046876 -0.15093261152499987 0.12602241146874996 -0.19227751432812493 -0.26067467487500001 0.22053978409374997 0.87112146387343758 -0.056823166350781308 -0.080731937782812499 -0.011113421550000006 -0.19669352386249994 -0.43170504268124993 0.58844786788749992 -0.13237783412812512 -0.25937716354453128 0.30310156855937492 -0.45241992602187503 -0.19903363744687508 -0.36519717263906248 -0.00024955363750009954 -0.44681979507187508 0.30949712839375004 -0.059462479556249996 0.34921721662500016 -0.27675400477968765 -0.052905216806249961 -0.43069912738125016 -0.3359800973812499 -0.062241893206249801 0.17517048126718748 -0.16571487682500005 -0.33945739122968777 0.40975623438125003 0.11070117845156253 -0.026581752750000034 0.18377597608437507 -0.16183509890156256 0.20509679636875 -0.2453386501765624 0.84743873282656246 -0.33071931161875001 0.025473543412499834 0.13648716252500001 0.41165622875000002 0.4056927338101563 -0.11185617651093756 0.10935694020625003 0.067649479310937552 -0.18634949726250005 0.42642947000625003 -0.17149757233437513 -0.063847220887499875 0.44522596013750004 0.032107930695312474 -0.36438073671249982 -0.022321014371874795 -0.50477592341249999 -0.056408676275000152 0.065323265428124971 0.18249137225546871 0.30204752516718747 0.011266578921874881 0.046608790931250033 -0.30631681423281248 -0.41579131300625005 -0.37285404435000014 0.077483315334375025 -0.27702423389375003 -0.53123869270625002 0.63952028643125003 0.030064423256250097 1.0439030734968751 0.32415404586250002 0.63274678658593764 0.18584039995312501 -0.34084094532968739 -0.27227110511249997 -0.11667645031328129 0.18375458314062493 -0.12035869784999989 0.25815988943046875 -0.26348815465000008 -0.061983285921093728 -0.30142492519648439 0.023815820826562507 -0.12950879048749986 0.15813243120351556 -0.10689673716562478
leaf_weight=2070 1288 293 1504 2410 2472 1507 2779 887 1498 2239 2427 1269 1122 2840 975 2278 679 531 366 997 1462 1785 1823 1013 633 900 1589 574 5076 914 756 2181 2947 827 3149 915 2466 632 3139 682 1193 772 2827 2737 338 1768 2744 1400 1267 1307 9149 261 702 1298 1765 982 4116 4295 816 1715 2538 1979 1775 1546 3295 2750 739 1362 2400 4161 2550 1214 1109 13164 2698 1170 5804 1675 2278 2663 956 2991 1754 2169 974 3485 963 1512 13866 5869 1793 1690 1264 2438 1343 3925 4138 5002 2296 1741 4846 3730 3005 1483 3534 7071 1721 2670 2579 2396 1861 1782 12228 1055 6125 1396 8646 1475 3156 2442 660 2516 985 6339 1396 10715
leaf_count=2070 1288 293 1504 2410 2472 1507 2779 887 1498 2239 2427 1269 1122 2840 975 2278 679 531 366 997 1462 1785 1823 1013 633 900 1589 574 5076 914 756 2181 2947 827 3149 915 2466 632 3139 682 1193 772 2827 2737 338 1768 2744 1400 1267 1307 9149 261 702 1298 1765 982 4116 4295 816 1715 2538 1979 1775 1546 3295 2750 739 1362 2400 4161 2550 1214 1109 13164 2698 1170 5804 1675 2278 2663 956 2991 1754 2169 974 3485 963 1512 13866 5869 1793 1690 1264 2438 1343 3925 4138 5002 2296 1741 4846 3730 3005 1483 3534 7071 1721 2670 2579 2396 1861 1782 12228 1055 6125 1396 8646 1475 3156 2442 660 2516 985 6339 1396 10715
internal_value=-0.00074095 0.00178107 -0.00396649 0.0037399 -0.000675498 -0.00260322 -0.00731578 -0.00121777 0.00579848 -0.00221715 -0.00482903 0.00125243 -0.00283199 0.00197178 -0.00792925 0.00167713 -0.000882598 0.000620197 -0.00389096 -0.00236131 -0.00294746 -0.00268719 -0.00387815 0.00485401 0.0033611 0.0110564 0.00735812 0.00421153 0.00326338 -0.000896651 -4.18151e-05 -0.000683459 0.0011627 -0.0072809 -0.00652588 0.00350606 -7.11575e-05 -0.00402924 0.000647995 -0.00473117 -0.00123517 -0.00665542 -0.0121516 0.00352229 -0.00128827 -0.00324124 -0.00313741 -0.00517889 -0.00176125 -0.00173882 0.00813212 0.00653486 -0.00368347 0.00355 -0.0117244 -0.00412117 -0.00723772 0.00322407 0.00274683 0.00540942 0.000488889 0.00753968 -2.90529e-05 0.00485684 -0.0128271 -0.00736396 -0.00979235 -0.00420117 -0.00462595 -0.00871359 0.00338487 0.00417176 -0.0044739 0.00466849 0.0003349 0.00536869 -0.00266992 0.0168238 -0.00406334 0.00108582 -0.00590345 0.0072544 0.0111852 -0.000795918 -0.00345069 -0.000296862 -0.00901106 0.00714286 -0.00470034 -0.00415561 0.00922643 -0.00251397 -0.0075912 -0.00428341 -0.0100243 0.000920458 -0.000267768 0.00243002 0.00136121 -0.0030514 -0.00213518 -0.0050722 -0.0108418 -0.00869275 0.00117101 -0.0068565 -0.0131165 0.0108814 0.00413978 0.00746081 0.00910476 0.00325066 0.0025488 -0.00326898 -0.00493727 -0.000127011 0.00186494 0.000123254 0.00328593 -0.00274682 -0.0101964 -0.0070564 -0.00439791 -0.00584416 0.00137741 -0.00157102
internal_weight=320197 179695 140502 99976 79719 99857 40645 61547 54704 50380 38310 45272 47077 29339 38575 43636 60040 34747 33979 44838 25293 43716 32219 46374 29053 8330 17321 26643 23340 18123 32275 29765 26867 35796 31526 25513 16854 21669 11497 20207 7165 13042 4331 3624 14428 31552 29457 10639 5100 14090 16308 3303 30016 2000 2762 23709 7520 7434 23235 2347 3365 2510 27526 3727 4270 28161 10595 28016 26654 5929 21335 18829 4818 18240 24027 1536 16189 3173 4063 21080 17566 14719 2015 23799 20725 5885 1537 2426 14840 11673 2472 2506 7446 3702 1636 5748 22024 7171 3563 11624 10317 5471 3744 2239 4516 8471 2403 3303 5570 5157 4257 16279 14497 2269 14816 2352 18382 9736 4631 5105 4776 3625 1900 12464 2168 14853
internal_count=320197 179695 140502 99976 79719 99857 40645 61547 54704 50380 38310 45272 47077 29339 38575 43636 60040 34747 33979 44838 25293 43716 32219 46374 29053 8330 17321 26643 23340 18123 32275 29765 26867 35796 31526 25513 16854 21669 11497 20207 7165 13042 4331 3624 14428 31552 29457 10639 5100 14090 16308 3303 30016 2000 2762 23709 7520 7434 23235 2347 3365 2510 27526 3727 4270 28161 10595 28016 26654 5929 21335 18829 4818 18240 24027 1536 16189 3173 4063 21080 17566 14719 2015 23799 20725 5885 1537 2426 14840 11673 2472 2506 7446 3702 1636 5748 22024 7171 3563 11624 10317 5471 3744 2239 4516 8471 2403 3303 5570 5157 4257 16279 14497 2269 14816 2352 18382 9736 4631 5105 4776 3625 1900 12464 2168 14853
cat_boundaries=0 11 23 35 47 58 69 80 91 102 114 126 137 148 159 170 182 193 203 215 226 238 250 261 273 284 294 305 316 327 338 349 361 372 383 394 405 416 427 439 450 461 472 483 495 506 517 528 539 550 561 573 584 595 606 617 627 638 648 660 671 682 693 704 714 725 737 748 759 770 781 793 804 815 826 837 847 858 870 881 892 903 914 925 936 948 959 970 981 992 1004 1015 1026 1037 1048 1058 1069 1081 1092 1103 1114 1125 1136 1147
cat_threshold=335544320 1083179040 16385 18432 524292 4235392 2357198976 1573376 1073741824 537004032 1048576 65536 2155872592 10486276 536871170 2155876384 16512 67108872 32872 65568 128 1052672 8 2148073730 4194336 32768 2684387328 603980036 8192 1073742596 268698880 1114113 268435460 65537 16 69404672 1048576 131 540674 1342177280 40 134222496 512 1073741824 2107392 2147484481 8 0 10493984 2097152 27525250 35204 32896 4194432 33292 2151680000 133120 1088 100667392 1277165568 8454144 33554433 2148544512 33554816 2147745840 32770 1026 4194434 150994944 128 16777216 4456450 10485889 67117056 536870976 33816616 1179650 1074790400 202908426 4096 4194305 1052852 8409728 0 8384 0 1140859904 557316 1610612736 4194308 268436544 2684354560 48 2101824 2282225920 256 12288 524564 16777217 101712000 134742280 69696 34078720 100663824 25182242 0 33601536 1073742080 131072 1090 188743712 2147614720 1048640 64 655360 136315136 32768 1049856 1056800 65664 2147745792 328 83951744 543170560 268438016 64 0 1049732 134258688 2883713 132 8400904 2156400640 4456452 8388738 8194 16908288 471875616 1048608 4259840 9043968 3489665024 5120 132112 131584 4130 3584 16908288 34672640 1140854816 134283780 128 1207960066 1207959808 512 8389632 65538 2149589120 68 17825792 134219780 262146 570427400 8192 66560 9961536 2172649473 1186 537658432 524288 167804928 8390658 8389120 9437445 1048576 82048 167772160 8192 1049600 671097024 4196864 16 16513 50331904 13107200 0 4 33603720 128 5505026 8388609 1812463648 25231361 16777472 1056 419 2686599168 603981824 135176 2189426752 6656 4232 1074790400 196738 68157440 266497 537657344 12416 384 16 4194368 6295554 33562624 2148073984 64 16384 2097280 5251074 1107298304 1058824 12544 2147483648 262913 2097152 34210824 17367552 16384 68158210 532608 539002888 1073741888 262208 201326592 268436520 545521664 4194304 0 98 655364 48236546 256 538181888 1056768 96 1536 655360 1 1611399168 16782340 16 16924672 268960260 303296 262144 33554528 1073889320 528 32 3145728 4195328 2151744000 2165328064 2228224 6291523 1280 1024 73856 2151682112 32 75497472 301998088 0 64 33570816 39845904 0 536870912 67108864 1073758464 67633472 786465 140509184 528410 589888 2148548608 4194320 8388611 2052 1677729792 24576 2147614736 20972544 25170050 537657408 67256320 1053184 69635 2155873280 10624 4222976 134217728 256 146014208 4194304 285736960 1130496 25165830 16777632 33685508 0 131072 448 1837058 11 1835008 4195584 1048576 37754880 288 33572864 0 4259872 5374144 16777218 1076887561 1311744 4718656 1114112 1117782144 2097664 36061184 67113024 8454152 4325376 2147516416 2 276482 4 131072 142611456 268435490 33554444 8192 134381888 67108960 16777217 134218753 537133056 4718849 0 4198404 4224 570425344 269484032 134348896 0 5247234 66569 393216 524544 24 540704 37748868 8192 2189426688 9439488 4219008 67110144 1048580 2 4718720 197632 1 1042 256 16648 1073741824 138448928 67633152 2147485760 1157632000 3221493760 2147484740 268566532 50331648 4460800 33570828 335546368 98304 167772480 1049088 4105 136316928 65792 16385 4194304 151044096 2148534272 67108864 5275648 109707328 2148008448 1 136445952 276955200 16793600 1180696576 4194304 0 2214592768 402915336 8388640 655360 1210056704 1048616 2164260865 8519680 8393728 128 131080 0 671088640 8388608 12716033 25 1207959552 524804 277872640 7168 8192 33685508 2147483904 134414336 67638272 16777729 1074790409 169869696 0 8 4 0 17043745 2048 268437504 1208157224 9961536 1579008 4096 1048896 4194560 4100 12584960 276828288 2188 0 16392 41943040 8912896 1049601 134349192 524357 17842176 2052 139198528 18874370 3200 1088 8256 524321 16 1096 281550848 9437184 41943040 20971552 2097152 268435456 536870944 8388736 5378048 128 135791424 8913152 16779332 67112960 2121728 42729472 2147483680 1056768 2181038080 8389634 1114112 36831232 131072 8 0 1073742848 151257344 131072 4096 32 1049088 266240 1073741825 1611661312 2147483652 0 16779264 16777504 0 8192 134218752 1048576 8388609 134217737 1048832 269091073 8388612 1024 0 33816576 4096 1208090632 8519680 2 4105 1073742336 268435456 268435458 16778244 29409283 8667138 8552448 1073807368 4198400 2147745856 1073741824 536871936 8388609 269484032 20976644 402653344 131200 335544320 4194304 9437184 2168461312 8388633 537133568 256 0 0 262145 131076 4096 536870944 524288 1050624 134222897 2097920 4194564 0 67110400 268435456 4 268439552 541066304 167772928 262658 4113 134352130 131077 8 8601604 1156 134221825 537001984 0 65536 33816576 9476096 67109890 1140858890 4784128 268435456 2099232 21233664 132 2147491848 1049600 41943040 133185 536870952 537265920 524292 83886080 1241516032 0 537411584 0 0 655376 1311059 137363473 35660288 4260608 276824064 2048 285212672 1179652 335544324 8 34734208 2148798979 1073741827 262912 512 335544320 146800644 16781312 2182086664 269498368 0 13107200 2147618816 137363584 263240 10485760 2164260864 146801792 2149582849 0 570441728 4980736 4458624 10 134218304 8388864 67108865 5120 0 0 0 671220744 1048640 131072 8 262144 268435456 17829892 134217735 128 0 1610678272 268566656 4337664 10485760 574095360 269091328 8 276824064 16778240 272892032 33685512 0 32 9437184 2156920833 24 64 524288 2097156 33554432 406847488 134742016 268435456 536870944 0 2048 8 537135680 260 134742016 176161792 8224 262148 536871168 268440960 2147483648 17302537 16777258 536871936 16777216 65536 37748736 270336 537020428 3221229824 1073774656 557184 0 136381440 2099202 2155873024 0 4096 150994944 33685504 0 134217760 9437184 8390657 8 262400 285212672 1280442368 36864 1572868 128 1088 138412608 4718596 12582912 603980290 2151809024 8388608 0 294912 1610615176 2751463424 142673216 9437184 4198400 134217744 33952832 0 32 0 8427520 262528 33556480 1342177540 536880136 2157445200 257 1114120 512 8388612 276824064 1024 33 33554432 0 66560 1572864 2049 134218752 1049608 268435456 9453568 4 128 2147614720 268435456 537003008 35127360 8392704 1073741841 135529216 8388864 16777216 1218478144 8704 1050752 2684354560 24584 2147484160 524544 36992 526465 131072 9437184 1073741824 16777472 318783488 133120 1744961568 576 20975649 6291480 33554496 2147483648 8 8388608 4096 0 131080 268435456 537001992 128 262144 4096 1611661568 5 0 1024 0 0 268443648 1749090376 256 1310720 1048592 262976 4718593 4 0 272629760 131080 67108864 671088640 0 399361 8388617 1075053122 4353 268566532 2048 17072160 131072 2147483648 264 1048592 1048576 150995968 262720 4718848 8388608 1024 16777216 131072 0 134217728 8388608 0 0 262144 0 8393728 4128 16392 67108868 536870984 42991680 2160068610 135266305 1966080 8388609 8388736 44040192 134217728 33554432 2415932420 142606336 1083179040 8393220 134221827 1073743940 0 16 131072 33587232 278688 2228352 335544576 138543136 33686528 1049600 1048584 1212416064 8388672 8388608 134217728 285212928 536870912 536885504 536871936 34603072 528897 2097200 267336 272629760 268435460 1108344832 4460544 0 5120 4325440 33555200 131072 1114112 33563906 276824064 2147483652 35653648 4194304 2097166 4 1073872960 640 1180672 1073742848 269394 4194560 268566528 0 32800 8388616 1073774592 8 1048576 5243904 65544 576 4718592 9437184 4198400 16777248 131072 0 536870952 42991680 4098 2056 1049344 64 129 33558528 262178 136314880 4 64 1048640 7170 1241513984 262144 8388608 8 4 4195344 25206816 536871040 3489660960 1048576 524800 270012418 66560 571604992 2147614720 8388608 16781312 16777344 0 268435456 4195360 1048576 8523777 134217728 1074004992 8388864 268435456 0 134217728 0 0 131112 64 2049 134217728 256 268438528 8388736 1024 402653184 35651584 4096 32 1573440 2160071168 67112984 264450 134742016 0 0 8388736 1048576 2751467776 0 2214594064 563722 134221840 0 276889665 8 0 16778240 289407008 33685504 67108864 134414336 42991680 2155876353 1073741968 524352 524545 70385664 8388608 1 6 1610618884 4423776 4198416 131076 4096 134220800 12587008 8388608 16777216 138674304 131072 335544320 537919520 0 137216 8 1048576 524288 10551300 3200 16777218 33554433 1140850688 0 34078784 2147746818 134221824 134217730 8392768 0 16778240 285212672 0 67108864 138413056 9437184 2147748352 1 537134592 75513856 4194304 419430784 34734336 2148532228 33751072 5242880 8650752 142607360 64 2416508928 16384 4096 285212704 134217736 268435456 134222848 33554688 4609 134217728 0 0 8 269484032 1073742848 285212706 131080 268435456 1024 34603328 1049089 1211105280 4360 2148073472 276824064 0 4194305 12 0 1088 512 2155876352 0 134349632 260 1179648 16777216 134217984 131072 335544320 0 1048640 6145 24 1073742080 4 6 16778240 285212672 35651712 67108864 675300360 9437200 1051137 4104 1612054592 4 0 4 4194720 0 268435456 672137216 2155872256 6657 1073742849 1179648 1 75628544 0 262400 2228352 805306372 143818752 1183760 1048576 17826834 2361408 8388864
is_linear=0
shrinkage=0.1


Tree=10
num_leaves=127
num_cat=67
split_feature=20 5 15 20 16 15 2 16 6 6 8 8 2 5 2 8 2 2 5 20 2 2 2 2 0 2 2 15 8 2 2 2 2 2 2 8 13 2 2 2 2 2 20 6 2 2 15 2 2 2 2 6 16 2 2 15 2 16 2 2 15 2 12 12 8 2 2 2 2 2 2 8 6 2 2 16 2 2 2 8 6 2 5 2 2 2 2 6 2 0 16 2 2 15 8 2 2 8 2 15 0 8 8 18 21 14 2 2 15 2 8 15 5 2 8 2 14 8 2 21 2 10 5 2 9 6
split_gain=208.371 81.4454 75.0717 54.6471 43.9184 36.6058 27.1784 25.6892 25.0735 25.8515 21.9585 48.9053 25.596 19.9726 19.9453 19.6496 20.8001 19.0186 18.6999 17.876 17.6256 17.5212 17.2059 17.0671 16.6258 20.7669 16.4048 16.2383 15.8675 15.7897 15.3584 15.0953 14.5856 14.0587 13.9534 13.9107 13.3112 13.2594 13.2553 12.8931 12.8431 12.0157 11.0767 10.4986 10.5979 10.1343 10.0815 10.0699 9.94735 9.94198 9.53813 9.60573 9.53414 9.41809 9.31499 9.13879 11.1252 9.69461 9.0209 8.87036 8.74693 8.69952 8.21879 8.1641 8.05698 9.75986 8.03588 7.94733 7.8652 7.85893 7.69258 7.68609 8.48011 10.3645 7.57195 7.51735 7.24044 7.22446 7.05858 6.96286 7.10068 6.80284 6.70944 9.28267 7.62098 6.5955 6.47826 6.41589 6.99675 6.40876 6.38421 6.32461 6.15513 6.0099 5.98432 10.3506 8.74833 7.7216 6.64432 5.9544 5.93396 5.8485 9.86484 5.82136 5.72874 5.7224 5.58878 5.35604 5.33982 5.26533 5.2201 5.21883 5.21126 5.18541 5.10205 5.10076 5.08709 5.06786 5.02851 5.02093 5.00961 4.98182 4.96018 5.86942 4.92851 4.92744
threshold=0.22478370368480685 520.50000000000011 4011.0000000000005 0.30584669113159185 0.13616648316383365 3568.5000000000005 0 0.2430413290858269 3.5000000000000004 1.5000000000000002 29.500000000000004 27.500000000000004 1 610.50000000000011 2 16.500000000000004 3 4 570.50000000000011 0.13149703294038775 5 6 7 8 9 10 11 2261.0000000000005 5.5000000000000009 12 13 14 15 16 17 17.500000000000004 28.500000000000004 18 19 20 21 22 0.38011942803859716 2.5000000000000004 23 24 4204.5000000000009 25 26 27 28 4.5000000000000009 0.19776945561170581 29 30 1063.5000000000002 31 0.18918618559837344 32 33 2096.5000000000005 34 1014.5000000000001 920.50000000000011 17.500000000000004 35 36 37 38 39 40 3.5000000000000004 5.5000000000000009 41 42 0.20581872016191485 43 44 45 17.500000000000004 6.5000000000000009 46 770.50000000000011 47 48 49 50 1.5000000000000002 51 52 0.21927284449338916 53 54 2922.5000000000005 18.500000000000004 55 56 4.5000000000000009 57 2932.5000000000005 58 16.500000000000004 29.500000000000004 0.31876531243324285 0.014351958408951761 42.500000000000007 59 60 650.50000000000011 61 29.500000000000004 2788.5000000000005 705.50000000000011 62 29.500000000000004 63 73.500000000000014 8.5000000000000018 64 0.019409214146435264 65 200.50000000000003 955.50000000000011 66 325.50000000000006 6.5000000000000009
decision_type=2 2 2 2 2 2 9 2 2 2 2 2 9 2 9 2 9 9 2 2 9 9 9 9 9 9 9 2 2 9 9 9 9 9 9 2 2 9 9 9 9 9 2 2 9 9 2 9 9 9 9 2 2 9 9 2 9 2 9 9 2 9 2 2 2 9 9 9 9 9 9 2 2 9 9 2 9 9 9 2 2 9 2 9 9 9 9 2 9 9 2 9 9 2 2 9 9 2 9 2 9 2 2 2 2 2 9 9 2 9 2 2 2 9 2 9 2 2 9 2 9 2 2 9 2 2
left_child=1 6 4 5 22 8 105 10 9 28 11 15 -12 17 -11 16 121 -10 54 48 -15 -17 -3 -9 25 -18 -26 45 33 75 79 -30 -20 -2 -5 39 38 -21 -28 -25 -16 -38 49 77 -45 -27 50 -32 -8 -36 -39 87 -34 -33 -7 56 -40 67 -13 -59 68 -37 94 92 71 -66 -31 -57 -41 -14 -19 72 73 -51 -65 -4 -29 -23 -73 80 -22 -44 83 -43 -84 -48 -53 109 -89 -46 110 -74 -49 100 96 -96 -42 98 -98 -82 -50 107 -103 104 120 -1 -62 125 -80 124 112 -86 -68 -47 -67 -54 -88 -61 -85 -56 -55 -6 -94 -124 -52 -24
right_child=3 2 29 34 7 18 19 23 13 14 12 58 69 20 40 21 24 70 32 37 30 43 101 35 26 27 36 76 31 66 47 53 52 -35 42 61 41 46 55 60 62 82 81 44 89 113 85 63 93 64 51 86 115 103 119 57 -58 59 -60 117 106 -63 -64 74 65 114 90 -69 -70 -71 -72 78 91 -75 -76 -77 -78 -79 108 -81 99 -83 84 118 111 -87 116 88 -90 -91 -92 -93 122 -95 95 -97 97 -99 -100 -101 -102 102 -104 -105 -106 -107 -108 -109 -110 -111 -112 -113 -114 -115 -116 -117 -118 -119 -120 -121 -122 -123 123 -125 -126 -127
leaf_value=-0.38712424590625005 1.1094271948256249 0.048362889888124809 0.32056371117671872 -0.077219445370937556 0.24876970483273447 -0.24254393905515623 -0.017959030475312599 -0.28716837529203126 -0.3661261559501563 -0.36038665548968751 0.19091822267625008 1.4523124329478128 -0.19088933243265629 0.54619644941093737 0.20201891702046876 0.34524772203062498 0.18004054679289069 -0.13508113758625004 0.62430931631937503 0.1687000225369531 0.14205215430718746 0.092560304068125016 -0.41985337941343776 0.31477468396249997 -0.27513161521484364 -0.12980308391406245 -0.2475869739024999 0.069797715685312595 0.51482771634781244 -0.11374566505343747 -0.18022064549250014 -0.35093994024382819 0.061675420244687557 0.13099603676187507 0.78094958633261724 0.57240403695218744 0.19156642836906246 -0.23003300324031253 0.18047431558445315 -0.35162172603312508 0.01197687450874998 0.042198503641249996 0.42262237118937507 -0.19588155673999996 -0.0044324610853124563 -0.54782743207320317 -0.15014383861964836 0.19433545007757816 -0.3760189040846873 -0.20627438027625003 0.31661240003765601 -0.13062158666656246 0.15365982436476561 -0.19457939652703127 0.084361727482187468 -0.29008305015617186 -0.073121645191250112 -0.15542294422781247 0.41887835749476565 0.15033002510718751 -0.09323602463499997 0.29905151352753895 2.5259049580790625 -0.14680242982500002 0.94109588028875002 0.60028955259644534 -0.036447621661875033 -0.11649344002554694 -0.02305946128843761 -0.54602558095062503 0.064103151876484479 0.35190142467804691 2.2412373034952346 0.54410375680531242 0.53405597582218733 0.70030989950125011 -0.18647104385625007 -0.29799521943328128 -0.23635687281195317 0.68168023596093752 0.55580182494398434 1.0623452653081251 -0.12062697218562501 -0.33659192037109381 0.031736487070781298 0.18467393935843754 0.00013497390046870449 -0.047827759112500083 -0.27029544876062489 0.23202759969624989 0.50955231894273445 0.78276271732765634 -0.074909908865000138 -0.1461560071135935 0.30768806445890623 -0.12869690603632819 0.10583831324562497 -0.25448326992374987 -0.20407334654593737 1.6466585770532032 -0.20675595853156228 -0.02045518970906253 -0.47553023488226548 0.43822784903140627 -0.12974285625921875 -0.18538277941640624 0.13437362717968751 -0.2253904329684375 0.12180723286218759 -0.19018103806171871 -0.16940600596781255 0.27079186097433594 0.3470633998211719 -0.35302201769281255 -0.10310467421937491 0.53456995720093747 0.51092664138976562 -0.071634904648710904 -0.14227884101296881 -0.21884343104617182 0.30425710306109371 -0.27413827679320302 0.21143210870210938 -0.046545473668671927 -0.009052305622812451 -0.16614524018124996
leaf_weight=4959 1453 1729 1496 1895 2034 764 1438 2122 1382 3559 899 459 1390 3437 1808 2205 1591 2395 3759 786 5467 590 4935 2275 3610 1953 6785 2115 1095 876 1879 1156 3615 2207 1838 612 2787 7374 2446 1718 3799 2097 1008 1619 2756 2124 454 7286 5767 781 283 7323 1018 510 1591 2164 2365 4649 1669 3862 2548 3536 115 500 1709 1420 1124 6975 4583 2668 6614 4378 470 2166 1672 1519 2437 1800 1188 1907 1731 2611 2063 388 3534 799 5016 2350 9912 3270 1698 686 6763 2240 1434 2102 1827 8581 1639 192 2592 1706 580 656 4386 940 5861 2582 4771 2616 519 1676 3300 6897 657 3361 363 2278 3134 278 1178 268 4932 3972 1373 840
leaf_count=4959 1453 1729 1496 1895 2034 764 1438 2122 1382 3559 899 459 1390 3437 1808 2205 1591 2395 3759 786 5467 590 4935 2275 3610 1953 6785 2115 1095 876 1879 1156 3615 2207 1838 612 2787 7374 2446 1718 3799 2097 1008 1619 2756 2124 454 7286 5767 781 283 7323 1018 510 1591 2164 2365 4649 1669 3862 2548 3536 115 500 1709 1420 1124 6975 4583 2668 6614 4378 470 2166 1672 1519 2437 1800 1188 1907 1731 2611 2063 388 3534 799 5016 2350 9912 3270 1698 686 6763 2240 1434 2102 1827 8581 1639 192 2592 1706 580 656 4386 940 5861 2582 4771 2616 519 1676 3300 6897 657 3361 363 2278 3134 278 1178 268 4932 3972 1373 840
internal_value=-0.000655051 -0.002734 -0.00140514 0.0024781 -0.00208733 0.00144187 -0.00592118 -0.00146704 0.000674396 -0.00128116 -0.00223601 -0.00185697 -0.00870486 0.00213749 -0.00315315 -0.00224319 -0.00288757 -0.00176595 0.00611706 -0.00517003 0.00315819 0.00145425 -0.00774329 0.0014943 -0.0032043 -0.00590004 -0.00229522 -0.00701596 0.00240092 0.00670338 0.0025075 0.000139183 0.00782353 0.00795082 0.00661115 0.00235302 -0.00179717 -0.004123 -0.00298186 0.00108625 -0.00199156 0.000583583 0.00727008 -0.000323544 0.00148463 -0.00910334 -0.00438967 0.00129933 -0.00853618 0.00635467 -0.00469271 -0.00387745 0.00538481 -0.00139311 -0.00150019 -0.00190513 0.00200582 -0.00285026 0.0131109 -0.00082028 0 0.00754581 -0.00274004 0.00182813 0.0056372 0.00974643 0.00423143 -0.00524674 -0.00281701 -0.0120698 -8.31578e-05 0.00456371 0.00822569 0.00537835 0.00768877 0.0128099 -0.00199912 -0.00610879 0.00311019 0.0060116 0.00462788 0.0123653 -0.000705317 -0.0033013 0.00129933 0.00442937 -0.00181074 -0.00546752 -0.00663024 0.00341286 0.00542024 0.0154844 0.00127434 -0.00959091 -0.0028996 0.000820136 -0.00372965 -0.00504686 -0.00106751 0.00985439 -0.0108326 -0.00924153 -0.00476815 4.45104e-05 -0.000921962 -0.0123456 0.00211083 -0.0104762 0.000862791 -0.00213015 0.00361117 0.00333333 0.00472423 -0.0105138 0.0050551 0.00852934 0.000825756 0.0016748 -0.00642695 0.00231506 0.00402844 0.00644464 0.00015628 0.0017071 0.00228091 -0.012178
internal_weight=319899 192301 135716 127598 125184 102020 56585 112812 87634 37505 89557 84600 4957 50129 24864 82472 70232 10391 14386 50686 39738 12240 12372 23255 67930 17117 50813 15526 12641 10532 36301 8981 11753 3660 25578 21133 47203 38649 31524 16985 21305 15679 23683 10035 7645 10974 37863 27004 12037 20064 36610 29236 7994 7886 2633 24739 4811 19928 2128 10789 14710 4148 19497 25125 18226 3786 7517 9139 6301 4058 9009 14440 4103 2947 2172 3015 4552 2390 10337 9297 7390 3619 12892 5619 7273 1253 12702 16534 12262 6026 6641 1156 22953 10599 19382 3536 15846 12047 3466 1923 8359 10643 2286 6730 6074 5899 8409 8357 5959 4272 4943 5210 4424 9021 2077 4379 5379 6140 3522 1869 1688 2302 15667 8904 1656 5775
internal_count=319899 192301 135716 127598 125184 102020 56585 112812 87634 37505 89557 84600 4957 50129 24864 82472 70232 10391 14386 50686 39738 12240 12372 23255 67930 17117 50813 15526 12641 10532 36301 8981 11753 3660 25578 21133 47203 38649 31524 16985 21305 15679 23683 10035 7645 10974 37863 27004 12037 20064 36610 29236 7994 7886 2633 24739 4811 19928 2128 10789 14710 4148 19497 25125 18226 3786 7517 9139 6301 4058 9009 14440 4103 2947 2172 3015 4552 2390 10337 9297 7390 3619 12892 5619 7273 1253 12702 16534 12262 6026 6641 1156 22953 10599 19382 3536 15846 12047 3466 1923 8359 10643 2286 6730 6074 5899 8409 8357 5959 4272 4943 5210 4424 9021 2077 4379 5379 6140 3522 1869 1688 2302 15667 8904 1656 5775
cat_boundaries=0 12 23 34 46 58 69 81 92 104 105 116 128 139 150 161 172 182 193 204 215 226 237 248 259 271 283 294 305 316 327 338 349 360 371 382 393 404 414 425 436 447 457 468 479 490 501 511 522 533 544 555 566 567 577 588 599 610 621 622 633 644 655 666 677 689 700 711
cat_threshold=16861184 4325376 8388994 1048576 1073745920 32864 2181169152 131072 1084227586 514 2147484417 8 335544320 20971648 262176 1179648 67117056 4260864 9437504 2172912128 134222856 64 524544 68702208 41943044 16512 2097152 805306368 65536 67371680 4353 71307272 2147487746 8388608 2248165504 136314896 512 8421376 705822978 4202496 134217728 264 34603040 524288 4100 16 270548992 0 12583072 2099204 2684354564 33555456 524288 163840 4107 2102784 25166849 8 524416 1241513988 270338 33816576 1140989952 1077940224 1312 2147483968 1024 268960002 2147486720 65536 18878608 268435458 1572864 2415919264 98312 8388640 2164793344 1073741824 134613056 4194305 8 276824064 0 2101344 8519688 1074266116 4276256 142606480 273944833 75497472 0 8912896 8913152 142606336 8922624 34816 67108870 96 268436608 0 8388656 34603532 2147614720 10 10032 16777217 0 32775 33833216 4096 32776 1536 5243905 2101248 138415368 285868288 150994944 67112960 294978 2181840896 3221786752 1212416 131076 268567552 8650752 0 2147483648 32 269484032 7168 16781473 33554560 4 536875072 704 2156953600 1210056728 1179904 524288 16388 0 0 688013312 3200 16448 72351808 8650753 27262979 262152 29950016 16924676 1024 134479872 2148532224 2214602752 4194440 41943296 294912 1073741825 33558530 132096 0 16782336 16777600 8 8192 1610678272 1180352 2148007937 1207960577 1611923714 524288 67239936 20975616 268697601 33685512 0 671285280 1048640 21496320 128 1611923456 2157969408 0 9858 153092097 2048 17440 503448576 32768 9437184 5254 2151677952 67108864 167772164 0 2147483908 536873216 4202496 67108896 16810504 0 132232 268567552 1114112 33554436 0 1048712 10240 69672 33554944 2148040706 201326592 403968 276825088 0 100696064 34 671088896 12288 21760 33554464 134146 0 1744831744 293667845 2281701376 2147483648 16809984 2148532226 2308 4202560 525584 4195328 1114144 2752512 16973824 131074 54529056 8396832 537919490 1028 0 524672 2147516934 67108880 167774208 131648 271056896 75497472 4096 16396 1073745920 536879104 2147615232 12877824 75497472 36700418 2164261124 2097408 4194564 8650784 16777216 268437636 0 41943112 16781312 272629779 131712 12582912 8 169869376 8388642 2113572 2148007936 4096 303038464 2281832448 41090 1052672 2147614720 1 88 268435460 25166848 16777249 524416 2214592512 4218880 8389376 2168717314 4112 671089664 4325444 540928 75497474 262144 2685403140 603983876 33619968 2155872512 0 1 1611137032 8455168 8388608 9438208 4231201 1342308354 2415919108 134234248 512 1052672 134217864 134221824 589828 75497472 9439264 2 537133058 4096 536871168 0 2149056512 1042 1210057216 2147483973 8388608 58720260 20971520 0 67108868 0 0 4851712 1024 2 524545 276824096 8388608 128 2097152 67108864 671088640 256 12849153 4120 135267584 1 9437184 0 4194561 0 0 65544 1048576 4097 134218753 1310784 524288 276824064 8388608 289411105 2228224 335544320 1610613760 64 26216449 1073745920 134217794 4718592 16793600 1090519044 129 536870916 268445952 167772160 8388608 4325888 1032 537657344 4194304 1048576 4096 268435456 33554432 268435456 134348800 1572928 1054721 136314880 134480128 321 65536 0 0 16388 67119104 1077969920 0 262146 1053696 3592 2147483712 0 0 256 133120 67108864 0 9961856 4456448 2102288 135266560 1179648 20971520 134217985 33554436 256 131080 13631760 2148536832 1073742857 0 524608 1048580 33555456 4194561 35651596 268439556 104 34078736 1572865 67108880 262144 276824128 25165828 16781316 285474816 0 8192 134414344 46137360 1316864 1048576 134883328 524292 1048576 16777216 406847520 0 0 0 0 2147489795 134217760 134480384 269484032 20971520 8388992 2048 536870912 1024 512 16777224 134217744 2048 268435712 1048576 8388740 134238208 2149582854 2147483656 671350912 41943040 524290 83951632 1108475904 8389120 268435460 12584960 134480129 33554432 67108868 4194368 64 1441792 134217728 514 524548 131076 18879488 138412032 133120 2147483648 536871240 262144 2156532226 1073742896 1441792 268435460 268435456 16782336 402653184 2060 4 671219976 1572864 17826304 17 1073741832 277872640 1048576 20971520 133256 2048 1610678528 4194304 9961472 1226834945 536871690 276824064 278921216 1083310084 20971520 2230408 75507712 256 1053200 4722688 1 262146 276824064 8388612 25165824 20971520 2048 335544320 0 524416 262144 0 0 524292 1179652 16779266 419430400 2099208 67117056 131072 8912960 4194304 1049617 1078984960 8388672 131076 6144 0 2361472 67117056 8388864 8912896 4456706 1052673 1074004224 8388672 9017 1048576 16781312 268435456 33685512 0 131072 1572864 2147483648 24 1049088 276955392 6292480 293601280 1082370 537952768 142672128 8389120 8 65544 570425408 256 268435456 0 402653217 33556480 0 148512 9437248 2164424706 1210056705 134480448 4194560 16908288 1078988800 134221824 671088648 67108864 134250528 4194304 1081472 16777344 571476096 2415920641 8388608 16778240 4456736 131076 8192 536870920 8388672 25821184 19 270664 524352 9737 2113540 1090520064 150995072 2148532224 2048 65536 67109200 22020097 137367552 262146 256 1064960 33555600 272892032 2097152 32800 134217736 512 17432576 134217744 1212416000 2147488004 268435460 16777216 0 33554440 67108864 536871936 524288 8388609 1049616 1073742144 8388608 8912896 109051936 2101248 2099330 9216 1744912384 0 2148042756 612368384 3145728 66049 1048580 8388608 266241 128 1409286148 4160 33554432 8390658 3145736 134217800 8388612 4096 4 0 2097156 64 16384 0 17039361 4096 2097152 4194304 8 0 0 285212800 131072 0 197664 64 8392706 0 320 276824064 83951616 84940800 134283393 0 0 132128 16 18356736 138412160 135269888 268566528
is_linear=0
shrinkage=0.1


Tree=11
num_leaves=127
num_cat=98
split_feature=20 20 5 15 12 15 2 20 2 1 1 1 2 4 1 2 2 1 1 1 2 15 5 1 1 6 2 1 2 5 15 2 2 1 2 1 15 1 1 1 1 2 1 2 2 1 2 11 1 2 1 2 2 2 2 2 1 18 14 2 2 1 2 1 1 2 16 2 2 1 11 1 2 2 2 2 1 2 2 2 1 1 1 2 1 1 2 1 4 2 1 1 11 1 2 1 2 2 2 1 15 2 2 2 1 1 2 1 1 2 2 1 1 2 18 13 20 1 2 12 1 2 18 1 2 15
split_gain=191.188 71.0182 47.6225 45.5625 35.1555 29.1459 24.874 24.713 23.6777 23.6101 22.6474 22.2393 21.742 22.1637 21.512 21.0165 20.6689 20.4813 19.2118 19.0683 18.735 18.6373 18.3293 17.288 16.4706 15.7912 17.6901 15.5429 15.2097 15.0969 14.6158 14.2553 14.0573 13.9813 13.8091 13.3944 13.424 13.2138 13.0965 13.0572 12.98 12.8662 12.8487 16.5366 15.7995 12.5113 12.2013 11.8066 11.736 13.5141 11.7283 11.6404 11.3884 11.216 10.9351 10.8115 10.7835 10.6462 14.9074 15.5125 12.5138 10.6461 10.5127 10.4755 10.026 9.98083 9.84377 9.68506 9.43679 9.42483 9.11779 8.84761 8.79584 8.74558 8.41546 8.76773 12.3724 8.36899 8.3439 8.30048 13.6891 9.71504 8.12211 8.02485 8.00875 7.82598 7.79832 7.7457 7.71922 7.54471 7.45784 7.35431 7.3378 11.1074 9.86788 9.22767 7.77604 7.76635 7.22349 7.03822 7.02106 7.60245 6.97915 6.85418 6.74933 6.7347 6.67172 6.64632 6.6256 6.60153 6.53417 7.16942 7.11618 6.37392 6.17119 6.16899 7.35654 6.9149 6.07612 7.21006 6.02243 5.9587 5.95798 6.5427 5.95527 5.94405
threshold=0.22478370368480685 0.14704822748899463 840.50000000000011 3968.5000000000005 926.00000000000011 2846.5000000000005 0 0.33236210048198706 1 2 3 4 5 14.500000000000002 6 7 8 9 10 11 12 3212.5000000000005 405.50000000000006 13 14 6.5000000000000009 15 16 17 545.50000000000011 394.50000000000006 18 19 20 21 22 3798.5000000000005 23 24 25 26 27 28 29 30 31 32 5.7739620208740243 33 34 35 36 37 38 39 40 41 0.25550369918346411 20.500000000000004 42 43 44 45 46 47 48 0.21296540647745135 49 50 51 5.4119262695312509 52 53 54 55 56 57 58 59 60 61 62 63 64 65 66 67 68 12.500000000000002 69 70 71 6.0218544006347665 72 73 74 75 76 77 78 4204.5000000000009 79 80 81 82 83 84 85 86 87 88 89 90 91 0.1503487825393677 13.500000000000002 0.10448477789759637 92 93 412.50000000000006 94 95 0.087353020906448378 96 97 4062.5000000000005
decision_type=2 2 2 2 2 2 9 2 9 9 9 9 9 2 9 9 9 9 9 9 9 2 2 9 9 2 9 9 9 2 2 9 9 9 9 9 2 9 9 9 9 9 9 9 9 9 9 2 9 9 9 9 9 9 9 9 9 2 2 9 9 9 9 9 9 9 2 9 9 9 2 9 9 9 9 9 9 9 9 9 9 9 9 9 9 9 9 9 2 9 9 9 2 9 9 9 9 9 9 9 2 9 9 9 9 9 9 9 9 9 9 9 9 9 2 2 2 9 9 2 9 9 2 9 9 2
left_child=1 6 8 4 11 7 -1 9 33 -4 -8 77 63 15 52 45 125 88 -11 46 -20 24 38 78 124 26 40 -27 -9 47 102 -6 107 -2 -31 41 54 -28 -10 70 -26 -12 43 -25 91 -14 -17 65 49 -39 -21 -41 -7 -29 -37 -38 62 58 59 -34 -59 -36 114 -13 -62 120 72 -33 82 109 -23 -70 85 -40 -58 76 -76 -3 -24 80 -56 106 -50 -30 -60 -46 -45 -74 -5 104 -42 -44 95 97 -95 96 -77 -94 -63 -91 101 -18 -22 -73 -68 -47 -81 -32 -75 -61 112 -112 -86 -49 -52 116 -83 -118 -71 -120 -19 -72 -65 -124 -15 -16
right_child=2 3 5 17 31 14 10 28 22 18 35 12 13 21 16 19 100 29 20 50 30 39 23 42 25 27 37 53 83 34 32 67 57 -35 61 36 55 48 73 51 90 -43 44 86 66 105 -48 113 68 -51 56 -53 -54 -55 79 -57 74 60 84 69 64 98 -64 122 -66 -67 89 -69 71 118 121 103 87 108 75 92 -78 -79 -80 81 -82 115 -84 -85 110 -87 -88 -89 -90 99 -92 -93 93 94 -96 -97 -98 -99 -100 -101 -102 -103 -104 -105 -106 -107 -108 -109 -110 -111 111 -113 -114 -115 -116 -117 117 -119 119 -121 -122 -123 123 -125 -126 -127
leaf_value=0.11344812370868765 0.11540929274007833 -0.032004434922668072 0.66013152798672659 -0.26981438390348433 -0.19716698935695318 1.0192731583929686 -0.44216936148764052 1.0704125861492266 0.098478483623757829 -0.29207362079722271 -0.20158026466370318 -0.37087664787178132 0.018414032035390628 0.65678246330578127 -0.2131932119801877 0.10641693176731248 0.53002990428470698 -0.14944667667417191 -0.29458389131543755 0.16733934329192196 0.26215276252096881 0.11153271920178121 0.48190172088498429 -0.21164263857756249 -0.63041649852131254 -0.32783802695381259 0.21349392811010542 0.49803294194251557 -0.092232543058750061 -0.03333161273770311 -0.17679742683493754 0.51403303718912496 -0.34816354479838285 -0.34678461728600007 0.51959413689862499 -0.028700225221812481 -0.16586733960599995 -0.21895528549735932 -0.45063613664104685 0.34695478658524997 0.20673525724431255 0.040064404876953091 0.42614828432485352 0.057809591874597693 0.1883225772992812 -0.25522028428755472 -0.32945407546006233 -0.05825380875206268 -0.038165388370843802 0.082557451661468759 -0.27950816495568737 -0.088713132529609426 0.49992957829718754 0.048283875378003854 -0.14963582531098824 0.22704261931179684 0.1056587337579062 0.62243264791315633 0.54213266350625788 0.28560838542628142 -0.25223391638385934 0.53645886083206251 -0.097565493741375076 -0.32551683274626558 0.27951352293668752 -0.24795633842156253 0.46895608046849219 0.15485959421349227 -0.28051991094115625 -0.37235048297560547 0.11748665426487098 0.17339852458351557 -0.40574736437757813 -0.35908084081475389 0.095943946876148489 0.15791234316278102 -0.13541782230957039 -0.46299734375334367 0.084330610397039069 0.0021901579348750479 -0.48289838880937491 -0.43521254267806253 -0.35777736926787107 0.55637418273569139 0.21793114870154684 -0.12320515287903132 0.32429562951146879 -0.16246075013712505 -0.041184135152429718 0.35087566923242974 -0.27687347853122662 -0.0032822237965156376 0.074427986411578093 0.11175657960220305 -0.14675369932601567 -0.22337741091795316 -0.16769973025476573 -0.38329627904346869 0.16427083766617973 -0.053822608588019488 0.83849335807884384 0.16068779669390623 -0.68184227783659379 -0.092000779131898511 0.043624071874328332 -0.42816653402354699 -0.24773223269528125 0.75816066347725009 0.032058158368578039 0.019733594069593786 -0.08367998513300004 0.25546928981395317 -0.38800589933765628 0.18200601698979693 0.2385786175456171 -0.22129775468395316 -0.13643365114567194 -0.33785799427496105 -0.13413844063198052 0.48311422162570711 0.13286821632750787 0.61806730964654299 0.26955597567858608 0.1024184593197149 0.082271131337249948 0.29942272987524615
leaf_weight=1807 746 592 1816 858 940 2993 2472 2314 1295 2496 1188 485 853 897 2167 758 3455 464 1763 1565 236 1135 1454 1595 857 1147 2082 1836 1186 1951 367 1303 3047 2689 3522 2803 1119 2329 1806 939 449 3380 2216 3540 972 1930 5553 751 1553 7249 187 2711 3962 3720 1450 1067 1327 3533 1823 2499 1474 853 2772 153 8187 1296 1185 5415 3509 1526 371 1286 950 658 4002 1429 7908 2107 1209 2670 2215 2148 4414 5430 725 1671 5941 4254 1127 865 3378 1239 606 3090 2945 18199 2626 1935 4740 14130 947 4534 737 13396 2089 1977 2930 2132 1219 4699 1584 6421 1112 1135 2277 10370 2586 4856 1710 444 712 1126 1421 2050 1143 662
leaf_count=1807 746 592 1816 858 940 2993 2472 2314 1295 2496 1188 485 853 897 2167 758 3455 464 1763 1565 236 1135 1454 1595 857 1147 2082 1836 1186 1951 367 1303 3047 2689 3522 2803 1119 2329 1806 939 449 3380 2216 3540 972 1930 5553 751 1553 7249 187 2711 3962 3720 1450 1067 1327 3533 1823 2499 1474 853 2772 153 8187 1296 1185 5415 3509 1526 371 1286 950 658 4002 1429 7908 2107 1209 2670 2215 2148 4414 5430 725 1671 5941 4254 1127 865 3378 1239 606 3090 2945 18199 2626 1935 4740 14130 947 4534 737 13396 2089 1977 2930 2132 1219 4699 1584 6421 1112 1135 2277 10370 2586 4856 1710 444 712 1126 1421 2050 1143 662
internal_value=-0.000646661 -0.00263771 0.0023531 -0.00160606 -0.00224055 0.00394638 -0.0062156 0.00282653 1.25669e-05 0.00193354 -0.00671772 -0.00264577 -0.00244561 -0.00269587 0.00737179 -0.00399667 0.00475159 0.00320237 0.0014949 -0.00346308 0.00197938 -0.00124534 0.000583875 0.00124452 -0.00189969 -0.00228 -0.00302454 0.00221543 0.00765957 0.00443177 0.00240146 0.00433534 0.00268755 -0.0079971 0.00639798 -0.0061224 -0.00680224 -0.00226638 -0.00516272 0.00388411 -0.00879847 -0.00102665 0.000731731 0.00363522 -0.000356648 -0.0103774 -0.00864578 -0.000550711 -0.00274403 0.000219024 -0.00281851 0 0.0117803 0.00440172 -0.00732172 0.000777676 -0.00308945 0.00221684 0.00102775 -0.00118133 0.00452478 0.0080274 0.00120091 0.00469774 0.00265226 -0.00509709 -0.00119804 0.0059453 -0.0039184 0.000587803 0.00923543 -0.00278281 -0.00416083 -0.00819117 -0.00359938 -0.00384327 -0.00153523 -0.0116094 0.00903479 -0.00789294 -0.0123673 -0.00724677 -0.00736992 0.00519167 0.00366481 0.000546551 0.00522074 -0.00654008 -0.00634085 7.38957e-05 -0.00626792 0.00598846 -0.00473411 -0.00225047 9.09843e-05 -0.00569336 -0.00136531 -0.00778126 0.00529181 -0.000876375 0.00710932 0.00615221 -0.00971223 -0.00170161 0.00441535 -0.0127776 -0.00354724 0.0099442 -0.00336513 0.00269145 0.00252741 0.0037617 -0.00284245 0.00540827 0.00594179 -0.00828242 -0.0101147 -0.00862671 -0.00352304 -9.24214e-05 0.00160202 0.0143955 0.00654926 0.00741861 0.00687805 -0.00269461
internal_weight=320106 192402 127704 149341 131932 75981 43061 57261 51723 48331 41254 124274 121575 117466 18720 61939 11765 17409 46515 57179 44019 55527 48288 43310 49245 47205 40502 6703 8930 15424 42256 7658 41283 3435 11066 38782 34214 35818 4978 6282 4684 4568 40647 11076 29571 4760 6311 4358 33736 9578 50868 3650 6955 5556 32028 2186 49303 38784 25590 13925 13194 9115 5236 4109 9661 2472 26116 6718 24158 10878 2632 18191 7847 3683 44067 42740 11910 2699 2663 29225 3665 25560 5967 6616 11665 2643 9481 5204 1985 18269 3827 3455 30830 8576 6035 22254 4055 2541 5593 14995 8936 7989 973 14682 3274 3907 5600 2499 1877 7198 9842 8005 1837 1886 2464 19960 9590 7442 3680 2154 1176 1497 3624 3471 2040 2829
internal_count=320106 192402 127704 149341 131932 75981 43061 57261 51723 48331 41254 124274 121575 117466 18720 61939 11765 17409 46515 57179 44019 55527 48288 43310 49245 47205 40502 6703 8930 15424 42256 7658 41283 3435 11066 38782 34214 35818 4978 6282 4684 4568 40647 11076 29571 4760 6311 4358 33736 9578 50868 3650 6955 5556 32028 2186 49303 38784 25590 13925 13194 9115 5236 4109 9661 2472 26116 6718 24158 10878 2632 18191 7847 3683 44067 42740 11910 2699 2663 29225 3665 25560 5967 6616 11665 2643 9481 5204 1985 18269 3827 3455 30830 8576 6035 22254 4055 2541 5593 14995 8936 7989 973 14682 3274 3907 5600 2499 1877 7198 9842 8005 1837 1886 2464 19960 9590 7442 3680 2154 1176 1497 3624 3471 2040 2829
cat_boundaries=0 11 23 35 46 58 70 81 93 104 115 126 137 149 160 171 183 194 205 215 226 238 249 260 271 283 294 305 316 328 339 351 362 373 385 397 408 419 430 441 452 463 475 487 499 510 521 532 543 554 566 578 589 600 612 623 635 646 657 667 677 688 700 711 722 733 743 754 765 776 787 798 807 818 829 841 852 863 874 885 896 906 917 928 939 950 961 972 983 993 1005 1017 1028 1039 1050 1061 1072 1083 1093
cat_threshold=335544322 1075839008 2113536 545259776 1074268164 4300928 2357199104 512 1073807360 131088 1048576 270553089 2148532260 36992 10487810 1073872896 33554432 262144 2208 34 2104832 131072 8 83886081 258 32768 0 67109152 1082155008 131632 263248 28311552 2621448 152043520 64 6291456 1108345012 10502656 16384 2684354624 0 201326592 33540 536870912 138420226 268436576 33554432 75497744 66052 258 8426528 33587584 136 32776 2560 16 1054752 64 2248146947 38404624 33280 1280 67240064 37773312 262176 16777216 37748736 525312 6144 16 4 4198404 402653313 2115588 0 536871008 1048576 25169923 1207964697 1611661312 524288 2181120 67108864 82050 1207977987 3489660928 32768 131584 524802 2 8210 2147484416 8 277938176 41943044 266241 2097288 1409286148 541204576 33554816 1048576 0 134217728 325 1048576 2048 266496 2099204 1140850688 1078042688 2147484416 9732096 1207964680 132104 4194304 2315291010 4 2097664 1 32776 33587264 1074528256 6272 67176448 1073881344 36 2214674501 512 150999041 16384 2182086784 0 3489661184 16777280 20971554 384 268435776 168302592 9437728 4 536872960 704774144 1073741824 0 4108 0 2147492352 402655488 80 2147483776 67108896 0 134250497 75505668 5251136 1077936384 393472 67174401 532744 512 71319808 5275776 4243458 570425345 1108344832 4096 2415919120 2147746304 128 137 268443648 135790944 67108864 6291456 16384 557056 134512640 2483032320 656384 0 2149580934 0 34 131072 0 134479872 1048580 132 65600 41943040 9438208 1207964672 1611137538 4195137 131328 2348810240 262400 671088640 603992064 33554496 41943040 8393218 142607360 538050880 285278208 4 512 9184544 8683650 2684485792 131328 32 21233664 1073807393 37749760 67108868 167772176 12288 2164424960 1410334724 20480 12583168 525376 8388768 524320 2164260864 0 32 134217986 2718040064 0 536937504 12582912 577 10485768 570425672 268960068 8 268517380 0 262144 16388 1140852736 1073775680 2181038080 2148272130 1074795520 134350344 4194305 68175872 2228224 40961 2157969408 276825088 8320 135184 4195328 100663296 268435976 201216 16973827 1073741828 4096 1073774596 2751471808 1048576 37752836 2 1143013378 2621952 524288 1048576 6295552 272629760 542720 2147483648 536870984 0 5773320 142606464 537011016 16777216 8 268451840 3072 134484128 33554432 67108864 134221824 1572928 2164789248 4113 1611662400 524352 16777220 1107296256 2101249 0 2147483716 104 512 14155814 0 2228288 4260101 25165824 1049604 4456449 33816576 8256 536871200 592 4198406 0 134481152 2147483648 2097408 134220290 268697632 33554444 32 671088640 168034816 1048576 1048736 1075052544 276829185 8 150994944 20973568 8651040 1028 536870912 536952896 256 819200 134217736 663744 2151678977 17301504 0 262145 688914688 537919488 65600 80 4194560 0 570826882 2147491328 16 16388 4 17039651 2052 2048 66560 1048592 4198914 0 1073745984 269025344 524416 32 262433 11796480 2052 65536 0 1179649 83891200 262784 4 2282749952 2098176 8388992 16384 0 8455208 1141899264 1048640 2282749968 139330 2164392192 8 18874368 1084229632 1 35651584 2048 1610612800 16 4200960 1073741875 135528704 4194305 8 35074 2281701440 2105344 3222274176 536870912 4194368 134231588 1056 32768 335553536 2164260864 269484036 8392704 4352 2056 268435456 536904704 524288 530435 136314888 1075052864 64 0 4196356 402653600 33556480 2052 671286304 1572928 2156396545 24 538050560 4718592 8388612 16778240 129 3276808 0 8 1572928 2148274689 1073742994 1611661634 524288 2097152 12585488 294913 3688452 67112960 64 34078720 2152464386 83886080 2050 8388676 0 29361152 4194560 0 335544320 1207959552 1572864 4587522 1024 134480384 4194308 16777216 1075839106 557058 8914953 1140850688 278536 0 532992 805306497 2099200 65537 16 17842177 83892230 153092483 16384 2147483648 134316160 64 8421378 1073741824 33554432 4194308 8 285212928 16809986 16777474 34603012 0 196648 64 17826304 1073741824 1744962624 4784128 8 276824064 0 138412032 33570952 4 134217728 524352 16777218 11534353 1075052544 524288 1048576 8395776 134217984 33554440 0 8 34603264 2156169216 9437184 1611792704 17301509 131072 4096 0 134217728 0 134217728 64 133120 24 134217984 268435457 268451840 138412032 134217729 1048832 0 805311488 33554688 524803 1024 536875008 268435456 0 25167876 134217728 2048 0 671088640 8388736 4718592 16 1209270530 8388608 2415935488 100667392 2 131076 256 536871048 1073872896 1060878 0 536871074 25231365 16 2097280 16777216 134218112 2056 1280 1245184 41943572 2147518464 66560 2112 2148008516 8 9568256 8388608 402653344 933888 0 138413088 8388608 8388865 1170 604241984 525568 2621568 16785440 8256 2149056640 0 541212736 134217984 4853760 16781313 167775232 1028 65536 25170944 2 33816584 10240 536871168 655360 2156921347 16 0 13107524 64 8388608 16777216 272629760 8 536870912 131104 524352 2155872257 9 135528448 524545 4 1075838976 0 2157969408 1051904 256 71303184 268444736 553714816 37755008 268436480 2 285212736 1026 16777472 538181632 8396896 672202752 2155872512 13635593 0 537133056 134217728 135790592 1024 4456704 570687492 268445760 1024 524368 4198657 137363456 1441792 131584 75497472 16778240 4194304 8 67108864 32 8388608 8390656 131 1835008 9437184 1024 138412032 0 67108864 675282944 1048960 8650752 0 1310720 131076 33554432 8640 0 33562656 1056 1073741824 5152 546309120 4195328 272696065 268435457 8389632 134484096 4 128 671088672 524800 17825792 134217784 2097472 4194565 8 2424307842 4194304 150994978 1644169224 33554692 1073807368 32832 2147487744 2098176 570428416 1048576 8388740 2112 16777217 2048 0 536870912 0 4719620 16781312 1212416256 1029 8388612 2048 268435618 0 2048 536872200 268960768 1572864 1048592 1073742848 8388608 270549056 16777216 0 33818624 536871936 40 2281701376 20971521 1241514024 570429568 1048576 1024 20971520 0 268435456 196640 524416 4200448 134217744 66 524356 8912896 8388608 16777216 131080 67112960 5374976 8388832 5242881 1049745 134479874 25690116 131072 1107300352 8392704 2097152 1342180352 180224 1180672 16777216 134222848 136448000 256 131328 54529026 32 33554432 268435456 1610617088 2147483776 655360 1076887681 1074790472 268435461 268435456 4096 16777248 2048 536870912 0 256 16781313 136318976 704645120 131072 9437184 16777216 138412160 0 805306368 131368 1048576 8394753 142606360 268435456 16783360 262304 131072 4 134348800 8912960 2148532225 65536 1744830464 4194304 1179904 16777216 402915361 33554444 0 1056 1048768 0 1048592 1073742592 8454149 278921216 37752836 0 18874372 268 131072 71565312 16 3288399872 3355447817 4194308 8 8388608 2048 1 33685504 0 8 1572864 2048 134217745 1179968 524289 0 16777216 4194304 33554432 0 135168 1048576 0 1048577 1073741888 4194304 1048576 4 16777216 128 8192 536875008 64 16809984 136314880 262402 64 0 4 4194560 2048 0 0 2148008960 2 0 134351360 16777220 16384 20973568 419463296 33685504 2147491840 65536 8389184 25722882 1074790409 538313216 8388608 0 0 262144 8 67108864 0 64 1 0 524288 2048 1075838976 8194 134774916 3221225504 1073742272 0 1048616 2101376 671088904 293602304 1589248 5120 150994944 2097152 268435456 4096 9437184 4196352 2098176 2 256 17825792 4096 136314880 131208 2952790016 537002024 2147483712 8390656 1210061843 1179912 2147483648 1048576 16778240 16777248 8 268435456 16384 0 8390657 134217729 672399424 528384 1048576 4096 1 131080 2048 134218752 0 0 1073742848 1048576 268435456 276840452 16777220 16777248 33554440 0 132096 33554496 393729 16 135266306 268435456 2155872256 1073741824 262176 44040192 3072 1180928 3221225472 262145 203423761 1052950 65601 1048576 16777216 128 0 0 0 0 1 16 1073741824 135168 1074790432 8392739 536871040 1073743872 536936576 5243904 8389376 1024 2112 276824640 24 1048576 5243904 419430528 0 0 536936448 1048576 2147483650 1 134219776 8980480 8 4 16781312 256 33554432 335544320 671088640 64 1048576 24 320 524289 0 2048 268435776 393600 32800 131168 1573632 26871810 4112 64 4194564 8519680 4194304 268435456 2097152 2048 131072 1048592 17825792 136315929 1209141250 589825 8404992 4199424 4194336 0 0 536871936 128 133120 2097152 1207959554 8388612 1048576 5120 0 33554432 2048 671088640 8388608 1054720 2097153 537919488 1 1048576 1024 0 34603008 67110912 4333600 1048832 8650752 128 0 524288 27262976 16781312 402653312 131072 0 1024 64 8521728 1152 1074790400
is_linear=0
shrinkage=0.1


Tree=12
num_leaves=127
num_cat=98
split_feature=4 0 16 2 18 6 1 10 15 15 16 16 2 1 1 2 2 0 3 1 2 15 1 2 2 12 1 1 1 2 2 2 18 2 1 2 15 1 2 1 2 6 1 1 1 1 1 1 15 1 2 1 2 14 1 15 1 2 1 3 2 1 1 2 1 2 2 11 2 2 2 1 1 2 1 2 2 2 1 2 2 2 2 10 1 2 2 2 1 2 2 1 12 15 2 21 2 1 1 1 6 2 1 1 2 15 2 2 1 2 1 14 2 1 2 2 2 1 1 1 2 18 1 2 1 1
split_gain=132.4 63.5393 58.2803 40.9449 38.9392 37.2262 27.5727 27.0212 26.9948 25.0704 22.4866 22.1854 21.3462 20.9566 20.3626 19.643 20.4268 19.5166 19.4428 21.7651 18.9286 18.3633 18.6844 18.0305 16.9983 16.5405 17.688 16.2418 16.0108 15.8274 15.7996 15.5531 13.3742 14.506 13.3452 13.1441 13.0278 12.9508 12.8572 13.1895 14.5064 12.2791 12.1332 12.0937 12.0244 11.9976 11.8968 11.8959 11.8828 11.4874 11.4871 11.3577 11.3461 11.1924 11.1295 10.6088 10.1762 10.1087 10.2548 9.94362 9.8089 10.4531 9.80862 9.78347 9.72442 9.71103 9.64556 9.62421 10.1596 9.61087 9.4379 11.8564 10.7532 9.15234 9.08869 9.06867 9.00169 8.95478 8.94481 8.88233 8.55743 8.38965 8.31271 8.28115 9.03555 8.27566 8.17938 7.94564 7.66589 7.66423 7.3814 7.37716 7.28634 7.24636 7.45057 7.39185 7.20129 8.3635 7.14225 7.04599 6.9963 6.93811 6.90881 6.87861 6.83621 6.81925 7.38147 6.75483 6.67624 6.65011 6.87348 6.49334 6.48032 6.40056 6.2156 6.15259 6.14678 6.11579 6.09912 5.73102 5.7175 5.7022 5.61679 6.7537 5.4909 5.41428
threshold=16.500000000000004 0 0.23809667676687243 1 0.19246146827936175 6.5000000000000009 2 59.500000000000007 4204.5000000000009 4011.0000000000005 0.20385995507240298 0.1449004411697388 3 4 5 6 7 8 6.5000000000000009 9 10 3568.5000000000005 11 12 13 412.50000000000006 14 15 16 17 18 19 0.26415820419788366 20 21 22 2927.0000000000005 23 24 25 26 6.5000000000000009 27 28 29 30 31 32 3568.5000000000005 33 34 35 36 16.500000000000004 37 4204.5000000000009 38 39 40 7.5000000000000009 41 42 43 44 45 46 47 7.9218254089355478 48 49 50 51 52 53 54 55 56 57 58 59 60 61 62 324.50000000000006 63 64 65 66 67 68 69 70 903.50000000000011 632.50000000000011 71 0.034881614148616798 72 73 74 75 6.5000000000000009 76 77 78 79 394.50000000000006 80 81 82 83 84 78.500000000000014 85 86 87 88 89 90 91 92 93 0.17229230701923373 94 95 96 97
decision_type=2 9 2 9 2 2 9 2 2 2 2 2 9 9 9 9 9 9 2 9 9 2 9 9 9 2 9 9 9 9 9 9 2 9 9 9 2 9 9 9 9 2 9 9 9 9 9 9 2 9 9 9 9 2 9 2 9 9 9 2 9 9 9 9 9 9 9 2 9 9 9 9 9 9 9 9 9 9 9 9 9 9 9 2 9 9 9 9 9 9 9 9 2 2 9 2 9 9 9 9 2 9 9 9 9 2 9 9 9 9 9 2 9 9 9 9 9 9 9 9 9 2 9 9 9 9
left_child=2 4 3 27 15 10 80 17 11 30 14 13 51 73 79 -2 54 86 19 -13 98 22 81 -14 103 26 -25 -1 -18 49 -4 117 33 -32 -20 -27 60 -35 44 40 -40 43 -21 -28 -36 48 107 -22 67 -24 -43 -6 -34 66 -17 82 85 -10 -59 62 -30 101 -39 -19 -33 -47 -31 68 -41 -58 72 -72 -44 -9 -54 -45 -48 -11 89 -3 -5 -12 124 84 -55 -23 -8 -50 -37 100 113 120 109 95 -95 116 97 -67 -7 -98 -61 -62 -29 -16 -64 -90 -107 -26 -92 -70 -111 114 -93 -80 -112 -63 -76 -15 -60 -78 -77 -73 -68 -124 -49 -84
right_child=1 5 9 6 12 20 7 8 57 77 21 18 23 31 24 16 28 63 34 42 47 56 29 25 46 35 41 102 36 53 32 64 52 37 38 88 -38 59 39 45 -42 50 70 75 -46 65 76 55 87 -51 -52 -53 74 83 -56 -57 69 58 118 78 61 115 104 -65 -66 96 122 -69 92 -71 71 121 -74 -75 93 91 119 -79 90 -81 -82 -83 125 -85 -86 -87 -88 -89 105 -91 108 112 -94 94 -96 -97 99 -99 -100 -101 -102 -103 -104 -105 -106 106 -108 -109 -110 110 111 -113 -114 -115 -116 -117 -118 -119 -120 -121 -122 -123 123 -125 -126 -127
leaf_value=-0.5010278805059375 0.20637878902777801 -0.094233408173595698 0.29771187870674642 0.12760093872260267 1.0127594661447532 1.4389028723252659 -0.24051007995168902 0.11958603414284258 -0.071925746677766522 0.11972673711766105 0.14969012967838405 0.15060540896272984 -0.32987556161544945 -0.32479229881257182 -0.30318408864026369 -0.22520859150721029 -0.64863056357868321 -0.074753180967454827 0.22440030892072668 -0.45328565445744495 -0.12650130072889576 1.0145295531222203 0.19533892032407013 -0.62611330465909065 -0.20729685458930538 -0.13114999258052024 0.51210888769311358 -0.027581350924754847 -0.41267235268983882 0.24755696511981837 -0.33107261782727487 -0.4750165730260813 0.31777451891110786 0.22336130268103066 -0.33866552855929538 1.5618284341344859 0.065943983652720917 0.046686638340143506 0.16970608690783431 -0.19860054563698598 -0.023898211459751642 0.90296919787017027 -0.42881532504853281 0.11860597773496213 -0.12582732818202227 0.063668733264974978 -0.028102468920853243 -0.26391670288022978 -0.027837068257365694 0.84606360832307215 -0.032045578988601123 0.25093287288565469 0.25930890796730666 0.67980154195471232 0.17356696371727712 2.0016801943248197 0.67796082234745947 -0.16901154804745283 0.68932505657991572 -0.37716430363025177 0.32232499064287345 -0.086177676978184264 -0.32707719385186096 0.21959119836455543 -0.27291040866695476 -0.13032416691486956 -0.17139460291019981 0.51382165868091689 0.078933830776279648 0.12068699923301757 0.065889744536042905 -0.28595712335444079 -0.159602722641489 -0.13971819197104526 -0.57805274471761092 -0.035326181522671994 -0.41449647103656989 0.50206289404132798 0.53451051749695699 0.35134354690859954 -0.4079735820527674 -0.37947399451351993 0.86897115860397001 -0.15814466673136482 0.23035788413677799 0.48138592927147389 0.077651503980867273 0.21363512693890008 -0.49334328924573206 -0.0082102829756200094 0.085704183876463308 -0.37475566451854764 0.18910848595575813 -0.15317616855325006 0.078241948338251183 0.10927613102622269 -0.29161975371142751 -0.34294833044249817 0.80342086072740782 -0.10646674271704917 0.21453277667719642 -0.087457001657587879 -0.30939267978735163 0.28324019216199997 -0.13568538803957503 0.44750890973118107 0.16122966736051444 0.11865040600114057 -0.09646525478084067 -0.20750628971431892 0.038854984889754897 0.37309625244921096 0.053467588484251219 0.060078172912021936 -0.16232565183297495 -0.36622454717672065 -0.15803116936199044 0.039592981788831465 0.2495124692205547 -0.17273723058079229 -0.35237431526368401 -0.15569068558889232 -0.15819852762844422 0.19424470990276865 0.1902824142165738 0.35241154293465748
leaf_weight=2615 1487 626 2440 224 1347 1147 653 1824 1138 979 834 1105 1614 672 348 1278 1206 569 1671 2244 906 1152 2228 925 1053 2054 1010 1403 1819 4119 1521 1889 3341 2394 2271 254 2114 1810 3516 3819 10593 1397 2147 4205 5716 2821 3259 417 2187 2274 1210 2292 2706 2786 2847 365 1351 360 212 1813 718 1899 3077 2163 7895 3025 3360 264 2309 2436 2327 1376 2911 2516 821 1294 2358 1513 1017 3005 2819 1494 1498 1012 8082 1929 453 2657 301 1899 4051 831 1394 1817 9668 905 2501 3044 2138 22104 306 1795 6077 2242 3222 3126 6444 4699 9022 3940 3519 536 3507 3108 3229 6527 1140 1650 2477 3296 3569 3558 1667 3463 1036 3462
leaf_count=2615 1487 626 2440 224 1347 1147 653 1824 1138 979 834 1105 1614 672 348 1278 1206 569 1671 2244 906 1152 2228 925 1053 2054 1010 1403 1819 4119 1521 1889 3341 2394 2271 254 2114 1810 3516 3819 10593 1397 2147 4205 5716 2821 3259 417 2187 2274 1210 2292 2706 2786 2847 365 1351 360 212 1813 718 1899 3077 2163 7895 3025 3360 264 2309 2436 2327 1376 2911 2516 821 1294 2358 1513 1017 3005 2819 1494 1498 1012 8082 1929 453 2657 301 1899 4051 831 1394 1817 9668 905 2501 3044 2138 22104 306 1795 6077 2242 3222 3126 6444 4699 9022 3940 3519 536 3507 3108 3229 6527 1140 1650 2477 3296 3569 3558 1667 3463 1036 3462
internal_value=-0.000643755 0.00186214 -0.00229448 -0.00344177 -0.000614926 0.00387997 -0.0029435 -0.00270688 -0.002977 0.000338057 0.00288711 -0.00326857 0.00143019 -0.00666423 0.000248971 -0.00395113 -0.00476673 0.00554977 -0.00269156 -0.00591652 0.00923056 0.00433001 0.00330311 0.000596832 -0.00118448 0.00114975 -0.000780031 -0.00956457 -0.00637742 0.00399469 -9.80777e-05 -0.00879828 -0.000456681 -0.00169374 -0.00206864 0.00399458 -0.00546969 -0.00123389 -0.00225474 -0.00182879 0.000910121 -4.40322e-05 -0.00694092 -0.00118618 -0.00605852 -0.00250266 -0.00250426 0.00648557 -0.000787798 0.00944149 0.00627158 0.00867361 0.00155898 0.00298992 0.00151149 0.00792575 0.00901281 0.00490805 0.00789474 -0.00181183 -0.00667816 -0.00553019 -0.00479097 0.0100656 -0.0105473 -0.00372332 0.000916012 -0.00191478 -0.0021818 0.00549118 -0.00569795 -0.00337643 -0.00901736 -0.000689655 0.000512685 -0.00198271 -0.00479099 0.0101525 -0.00067402 0.00704477 -0.0123321 -0.00530368 0.00699361 0.0051936 0.00599926 0.0132805 -0.00564516 0.00363336 0.00547114 -0.00491559 0.000319619 -0.00374009 -0.00100087 -0.000490913 0.000631258 -0.00498953 -0.00423999 -0.00732851 0.0155842 -0.00347552 -0.0090418 0.000138724 -0.00716956 0.00626923 -0.00664923 0.00501467 0.00548589 0.00104131 -0.000844608 -0.00171063 -0.00271497 -0.000891143 -0.000735971 0.00400242 -0.00173385 -0.00721906 -0.00843957 -0.00141509 0.0100222 -0.00720339 -0.00641289 -0.00614887 -0.00101176 0.00107004 0.000307587 0.0089336
internal_weight=320075 127112 192963 134393 57070 70042 124298 121255 117417 58570 59073 113230 35380 16446 20886 21690 20203 3838 96784 15668 10969 38187 31319 31741 17255 30127 17948 10095 16078 28991 56078 12106 53638 33240 81116 12179 14872 31719 79445 71458 14109 17023 14563 14416 7987 57349 14665 7684 23854 4502 2607 3639 20398 24489 4125 6778 6868 4187 3049 29325 12758 10939 8109 2732 9784 33495 12609 19010 18746 3787 12319 7261 5058 4340 17057 13406 8913 2492 21216 3631 3043 2328 6413 11880 10868 3081 1106 4844 10125 4018 17198 9201 14927 14351 11485 2866 30674 6069 3285 24605 2119 2513 7480 2590 6299 9871 9570 5752 13073 13533 11224 7284 4338 4125 6748 8426 1961 2322 2689 5654 4863 4934 8490 5130 1453 4960
internal_count=320075 127112 192963 134393 57070 70042 124298 121255 117417 58570 59073 113230 35380 16446 20886 21690 20203 3838 96784 15668 10969 38187 31319 31741 17255 30127 17948 10095 16078 28991 56078 12106 53638 33240 81116 12179 14872 31719 79445 71458 14109 17023 14563 14416 7987 57349 14665 7684 23854 4502 2607 3639 20398 24489 4125 6778 6868 4187 3049 29325 12758 10939 8109 2732 9784 33495 12609 19010 18746 3787 12319 7261 5058 4340 17057 13406 8913 2492 21216 3631 3043 2328 6413 11880 10868 3081 1106 4844 10125 4018 17198 9201 14927 14351 11485 2866 30674 6069 3285 24605 2119 2513 7480 2590 6299 9871 9570 5752 13073 13533 11224 7284 4338 4125 6748 8426 1961 2322 2689 5654 4863 4934 8490 5130 1453 4960
cat_boundaries=0 1 13 25 36 47 59 71 83 84 96 107 119 131 141 152 163 174 185 196 208 220 231 242 254 266 278 289 300 312 323 334 345 356 367 378 388 399 410 421 432 443 454 465 476 488 499 510 522 533 543 554 565 576 587 598 610 621 632 642 653 663 674 685 696 707 718 729 736 747 759 770 781 792 803 814 826 837 849 860 871 882 893 905 917 927 937 948 959 971 982 993 1003 1014 1025 1036 1047 1058 1069
cat_threshold=9626 2103586 403701760 134 268468225 1073741896 32 131600 268435460 268697632 12288 150994944 32 21041217 3288335120 8405504 33554432 168000 33554432 1074004480 32768 536870912 128 268439584 64 0 35651600 2105344 2281718784 2147483656 8192 1208090624 276955136 81793024 536873000 16842753 2148532224 0 2097344 1073875080 335544324 65536 2147516496 3328 4259841 1074005508 524352 84934657 0 142868481 2048 1073741824 9216 2181038080 20973568 8388611 1074528776 277348352 8 4 528 545 33589248 276824128 1073742144 1048708 20975633 65536 169877512 131072 16 2147682368 10616832 419430402 18874368 2147487744 32 4096 8945728 134217776 2147484032 2155872256 8 4105 2149582848 64 32768 2148008064 536879240 40960 132 20972560 67113088 2415929344 131076 24 16777220 150999044 272629760 131080 8192 66568 2155872832 2156134400 1152 537657416 4784192 1048576 1291878660 65536 0 536875008 33574976 76021760 143360 1048576 134480128 12586048 8 591936 4194852 12616704 264194 134220928 256 268443664 37920 536936448 2 4194304 64 269484032 1048580 294913 2147483784 1073741824 4227104 67109504 26247718 1207959555 1074003970 270548992 67108896 516 2149580800 8391680 134217728 34603012 0 6145 9218 4196352 33554432 219156480 278986752 33554560 8192 320 2148532256 2155905024 19 1610613824 1088 16793600 62914560 2363392 132 3221225536 66624 528 557088 1073807360 6422528 1088 68157441 234916096 262144 2684354568 12288 49160 512 8430080 1083179009 1074528256 2147549184 0 1073774592 256 673448194 1050624 272629856 1140851472 140296 8388608 1073741956 17830912 196612 50332800 134217824 2637824 4 536870912 76021888 524544 69207040 834 4719104 8 84410368 144703492 598016 2048 536871168 134217728 273154048 790656 1080037376 2097672 2147616768 8 2147485954 128 8192 1076363264 3254780036 1052992 4198400 288 2147516416 34084872 16916480 184565764 3222278144 134812160 536903808 536870912 262144 34603008 1049098 0 35651716 2281701376 135297 1073741828 4194306 3145728 2048 4168 3230138912 1179648 67108864 134218246 2147484228 16 134365185 67108864 25239552 16924680 2147484800 16704 71303168 8388674 75497472 6 2151743488 8 68157568 9439266 1 2155872260 8192 1073741824 134217728 2151677952 77598721 1320000 9437440 8 4 128 288 580913280 4096 138412032 134217792 21105184 167841808 134218240 9568257 258 33556516 134221858 3 2181038084 4480 1048656 2156920832 16777216 1107296258 256 25165824 0 32770 4 256 8663104 262160 557120 1126171144 603979776 134293056 16 67108868 16777216 285212673 131204 75505664 65568 8320 17956864 8388746 2818966080 65 268435456 35651584 402653184 536922120 268435456 671155200 8913040 13328 1090519056 1610612738 2151677956 0 54532096 0 35651588 67108992 196648 655888 659456 136316048 134220864 65537 0 37748740 32 2052 335544324 4194336 384 1048576 3146752 1610612736 1089 16384 35655680 134217858 2684485636 2052 537068552 4194368 1048577 16778264 537919552 268435456 9437184 16781312 268435584 34734088 67117056 1024 1048640 526337 1073741841 1074790656 524288 2621440 1161823232 8192 134217732 10496 96 263248 8653314 8388648 1052744 404373504 169871366 8194 0 8448 134234112 4718656 17302016 128 917760 4261888 2155872256 8388624 49152 559106 0 536871104 67121152 1048577 88145928 1073743872 524293 8404992 5120 138412160 0 0 536937472 64 4198400 1073741849 1310722 524357 0 12582916 4198656 33556480 335544324 1073742848 128 526338 134218752 768 2152202496 0 4198404 0 8 67108864 536936448 2147483648 20971520 136315904 131138 8388608 10485760 390070272 0 524288 33587332 1114120 67633408 132096 67109897 4196864 272630277 260 67109012 268435745 2639872 32768 128 128 4326404 75498497 263168 2147488000 8388608 8388610 8960 33554432 2214604800 33571840 138412096 530944 1211105296 3144 524288 131072 128 134221824 278792 0 9437184 262144 1 16 1141899264 8388608 2 270532608 128 32768 2097156 2147483648 1077968928 256 1835522 16 133376 2151677953 34078720 6291456 2097153 573046784 545261824 4206600 2181562368 256 18874496 524288 268438276 268582916 23068678 8388864 33554432 2684354560 805377088 128 5246978 0 536871232 4718593 8 0 8392704 256 536870914 268468224 196608 42467456 4592160 167837824 1210058816 276824577 1064960 4 134221824 8 0 536870912 41943232 4722691 1075840016 1180416 8388608 16777216 272630016 0 0 537001992 524288 12716032 8 135528450 524613 0 4227072 262400 536870920 268435456 134415400 131072 131586 9437203 141033728 8454145 1064960 4195328 262144 1179648 268435456 134415360 13107200 514 1049 3409152 1 76546048 16779264 295698432 8536068 32772 212992 0 6193152 67108864 135268354 8912900 293617664 6291456 8449 1048832 1050624 536936448 1311232 2690 1073742864 264 17301760 270549376 1024 150999040 9 67109120 541065216 33554784 2152991232 16 768 8388608 24 41943044 8389632 268435712 2244608 2415925380 1744830720 131072 2152202240 2097168 5632 2151678016 0 20975620 138412416 33554432 0 1024 41943168 4198403 1048 262208 257 16384 8389888 268448288 262400 2148532480 1073889536 273678336 4096 1241515058 1049600 8388612 16 4194304 570556416 32768 131144 134217728 8519681 65536 1049088 8388608 0 5120 16777216 131072 0 0 0 1 0 1048576 16384 4194304 138412032 131072 67108864 671219712 8912960 8521728 128 671612992 524288 268566529 11536384 8388865 2099200 2751465472 134218048 16 5767682 8392722 1024 2147483652 268451840 2097152 4194304 133376 2147491840 537068576 34603104 527104 1084232704 10 2148139008 8388608 5120 150994944 2048 0 134217728 1048704 655360 1040 134610946 257 26214400 0 4096 0 67110912 4194304 1048832 262144 134217744 0 8388608 268435460 41943040 4194336 33554436 335544320 1024 42991744 4595712 5144 134350080 8388865 0 0 0 0 0 0 64 9437184 4096 16781312 131072 8192 1024 8388608 2160066561 134217746 538050560 256 3162112 71303168 16777729 0 8192 1107427584 0 2151680002 134217864 671221058 5 18 524288 4199424 17047808 1310720 2215641088 66600 320 2147489795 1024 36962440 1 2097156 83886080 4199552 2147617801 268439552 66816 2156134400 4194304 1073741824 134217792 2147483653 268435456 25165860 256 2147485824 335556612 1610646528 256 1703936 1207963648 34605576 8519680 0 16777216 20971520 256 67108864 4325416 1048640 17825793 135267338 0 1 268435456 4199424 268697888 33554432 0 132096 1048640 2155872256 16 1179968 256 2228224 8256 262144 151257346 1049608 12615808 33554432 293863488 38797346 268435457 0 16 0 4128 8448 1048576 0 138412032 33554944 0 16777216 1074003968 524288 25182208 4194304 294913 0 2214592512 0 655872 5242880 144703648 36831240 276889604 8 0 0 16777248 33554432 0 0 1048704 0 134217864 536870976 256 131072 0 419430561 131072 67108864 537068544 64 2147483649 134217729 1048832 4718848 268566528 83886080 268435617 36306944 4100 549584960 8388608 2151680001 135266313 1056768 64 0 8390656 0 33701888 4 12288 2147483904 4325376 2097160 536872768 4718592 154140672 33554432 8388608 536870925 805306368 939589632 1040 2151677952 3145856 1074012160 17367297 8 2415919104 16778016 4460545 2189426816 67239940 536871040 0 16 1094713345 132624 0 80 268435456 0 134217728 0 268435456 134217728 8913024 4096 0 2 131072 4096 129 2097152 12292 1024 0 385 1207959552 1140850752 16777216 16777216 17039488 0 603987968 1024 0 16810499 8388616 64 65536 9437184 3088 268435456 3147776 32 4227072 4352 8449 1032 39059712 528388 524288 4 20608 545521676 67241984 4194432 132112 1048840 8388608 1049600 320 64 8388864 1024 285212704 131072 536870912 537006080 1048576 8388608 134217730 0 524352 147460 37748736 268435712 0 0 4194304 256 524288 136314880 256 2155872256 1048576 2048 16777217 0 4 0 34078720 0 0 1049600 2097152 4 6291584 409728 268435456 1610612800 8388864 2147516931 0 537919488 2151679040 131072 67108864 1 3145732 0 197632 8389120 524545 1242562560 1107435584 524288 8388608 5120 4194432 2147614976 67108864 537003040 4194320 2147483649 2097289 1052672 524288 2147487744 1074790400 4194338 137379840 268435460 32 80740416 131073 6291456 4608 276824320 9437184 25166848 155189248 0 0 131080 8388608 4460544 0 256 256 343949312 16782336 385 131072 0 65544 1048640 2147614720 1073745920 256 589824
is_linear=0
shrinkage=0.1


Tree=13
num_leaves=127
num_cat=98
split_feature=20 3 15 18 8 8 2 1 6 2 15 1 1 2 1 1 1 2 2 1 1 1 11 1 12 2 8 2 6 2 2 6 2 1 2 1 2 2 2 2 2 1 6 1 6 1 1 1 1 2 2 2 1 2 3 2 2 1 1 2 2 1 2 1 1 1 15 2 2 2 8 8 1 2 1 15 2 2 2 2 2 1 14 1 1 2 2 8 2 2 1 2 1 2 12 2 1 1 15 2 2 2 2 1 1 8 2 2 2 1 2 1 2 1 1 1 1 1 2 11 1 8 2 1 8 1
split_gain=133.933 65.3096 54.2935 53.9555 37.161 48.7422 34.2174 26.5141 25.4495 25.4137 23.2066 22.9214 22.4674 21.8288 21.4397 21.2293 21.161 20.2469 19.7317 17.5152 17.477 17.3515 17.1225 17.0617 18.7142 16.9922 16.601 29.3085 19.3366 18.9989 17.9445 17.1131 23.4338 18.0044 16.989 17.331 15.8764 15.1742 15.0507 14.9133 14.4725 14.1638 13.9072 14.7381 13.4192 20.893 13.4514 13.3912 13.2663 13.1223 12.4453 12.4199 12.3994 12.3358 12.4132 11.808 11.7785 11.6255 11.4429 11.4252 11.1705 11.0138 10.7322 10.6542 10.4518 10.331 10.2978 10.2644 10.1854 10.0191 9.89287 31.4332 10.2095 9.8628 9.79353 10.2042 14.9796 12.3155 9.76585 9.6837 9.67473 9.60111 9.33676 9.25931 9.11014 9.03454 8.83784 8.74214 8.73387 8.66425 10.2873 8.5936 8.55597 8.44651 8.43436 8.26462 8.20686 8.20422 8.07353 9.11906 8.65372 8.0483 7.94457 9.05315 8.09555 8.54244 7.92613 7.67317 7.60724 7.57188 7.47795 7.33312 7.27414 7.26977 7.25997 7.15501 7.13382 7.09865 7.09035 7.01972 7.01237 6.83561 6.78137 6.8764 7.40726 6.76251
threshold=0.16804674267768863 8.5000000000000018 4011.0000000000005 0.25798261165618902 16.500000000000004 29.500000000000004 0 1 6.5000000000000009 2 2922.5000000000005 3 4 5 6 7 8 9 10 11 12 13 5.8837959766387948 14 268.50000000000006 15 5.5000000000000009 16 2.5000000000000004 17 18 3.5000000000000004 19 20 21 22 23 24 25 26 27 28 5.5000000000000009 29 3.5000000000000004 30 31 32 33 34 35 36 37 38 13.500000000000002 39 40 41 42 43 44 45 46 47 48 49 4227.5000000000009 50 51 52 3.5000000000000004 1.5000000000000002 53 54 55 2846.5000000000005 56 57 58 59 60 61 16.500000000000004 62 63 64 65 6.5000000000000009 66 67 68 69 70 71 300.50000000000006 72 73 74 2401.0000000000005 75 76 77 78 79 80 29.500000000000004 81 82 83 84 85 86 87 88 89 90 91 92 93 6.2312712669372567 94 27.500000000000004 95 96 6.5000000000000009 97
decision_type=2 2 2 2 2 2 9 9 2 9 2 9 9 9 9 9 9 9 9 9 9 9 2 9 2 9 2 9 2 9 9 2 9 9 9 9 9 9 9 9 9 9 2 9 2 9 9 9 9 9 9 9 9 9 2 9 9 9 9 9 9 9 9 9 9 9 2 9 9 9 2 2 9 9 9 2 9 9 9 9 9 9 2 9 9 9 9 2 9 9 9 9 9 9 2 9 9 9 2 9 9 9 9 9 9 2 9 9 9 9 9 9 9 9 9 9 9 9 9 2 9 2 9 9 2 9
left_child=10 9 3 4 8 7 115 112 12 61 14 39 -3 58 -1 -10 80 -17 -16 95 -11 36 51 -5 41 -26 27 120 34 -28 -30 33 84 62 -29 -36 -15 -35 116 -12 -19 69 43 -34 45 55 -46 86 85 -44 63 117 -4 -23 109 -40 83 -47 -9 114 -18 -2 -31 -49 -24 78 82 -43 -59 -25 71 -42 107 -39 94 77 -77 -76 -61 -45 -8 -58 91 -48 -33 -32 -22 101 -74 90 -52 -54 -91 -56 -27 -14 -53 -51 99 -67 -100 -75 103 -83 -104 -106 -89 -72 -38 -55 -37 -93 -6 -108 -50 -7 -20 -13 -66 -82 -21 -60 -81 -124 -125 -95
right_child=1 2 52 23 5 6 16 13 15 20 11 22 19 21 18 17 60 40 38 26 47 53 64 24 25 74 29 28 30 31 48 32 42 37 35 110 108 73 44 -41 70 67 49 79 46 57 56 50 59 97 89 96 66 54 93 -57 81 68 121 65 -62 -63 -64 -65 118 98 -68 -69 -70 -71 72 -73 88 87 75 76 -78 -79 -80 122 119 102 -84 -85 -86 -87 -88 106 -90 92 -92 111 -94 125 -96 -97 -98 -99 100 -101 -102 -103 104 -105 105 -107 113 -109 -110 -111 -112 -113 -114 -115 -116 -117 -118 -119 -120 -121 -122 -123 123 124 -126 -127
leaf_value=-0.49672967979577759 -0.056044820816283106 0.20481415144229526 -0.043775796561252321 0.68309335396394444 0.10640504938476952 0.011034320258107756 -0.29438972752532921 0.14694674961259444 -0.37450938989175914 -0.30028566589328726 -0.10991817444332704 -0.15792212556278021 -0.63050054521543142 0.78679913992433004 0.13299874280581658 -0.27149508512954967 -0.737922989482662 0.5509661991222079 0.1031452828287204 0.52826109284039702 0.39340754275062789 -0.24934145857299336 0.21233238541609892 -0.58374426136413504 0.67210231465715431 0.3168304052538885 -0.3289214331070982 0.50236595348772684 -0.33610299157353052 -0.45097147127074938 0.39311859874847166 0.0063409268998995127 -0.28738481673289779 0.13064414401859531 0.47922920309888667 0.10131054182917137 -0.14668646317954526 -0.31139989759892495 -0.21810051431272026 0.17755673831704782 -0.067611201254742612 -0.1780765238565615 -0.37309423169638817 0.49343018414279904 0.17733615999321586 -0.44029184957588452 0.68605311652410761 0.012495641125171365 -0.060865702174395866 -0.26116428899682192 0.073002961579207257 0.04215709086407618 -0.13350601932314882 0.12519617295616806 0.022206178822553237 0.12345780200093462 -0.036009753558707835 -0.075083419226838283 0.65988540595892864 0.068686629925168635 -0.26939714687364796 -0.42293761495321436 -0.22765418294851614 -0.26090259257742954 -0.32462017300179452 0.18053383497605796 0.88080082912814428 0.23851176410407718 -0.28413233997883403 -0.054259353206576315 0.57139377968596483 1.294476526016342 0.24234586716010265 0.27263465133164044 -0.12032088691829318 0.049503062352113859 0.64074123204857492 0.202163133900471 -0.39785004204324159 -0.079589734471536389 0.12543937197941143 0.081066945966684581 0.53981950769619946 -0.0059985095086075198 -0.34643551907877745 -0.016971977858498976 -0.052292761634296886 0.066727844947261514 -0.11879384392113056 -0.24648314060822837 -0.14951968119453124 -0.019149360935860837 0.023517548836189395 0.78730862033366167 2.1951525143041262 -0.21796574953429496 -0.17875236233905875 0.10861903707858539 -0.071188042172226296 -0.15126834906990538 0.22691185330835931 -0.31299255214494726 -0.39116038695133304 -0.18375773468780335 -0.18214510175182666 -0.59215678980711883 0.17845426493204988 0.070653248239330418 0.32646436465451001 -0.21000954857193754 -0.16500499104691776 0.3396136036509475 -0.38339531065212562 -0.14659553755180124 -0.34703278502536999 0.70802132617840652 -0.10425802993796247 -0.35924349003757944 0.050981393070117467 0.90363089701875132 0.062324221581920948 1.6387256443834284 0.40590864367688656 0.85400103670689809 0.069254565408214272 0.31500706260684463
leaf_weight=2035 850 3033 1546 2565 773 393 677 983 1083 3345 1763 823 923 1844 1520 906 1610 2499 1976 2178 1489 971 1710 1234 3727 415 2783 2127 2295 1534 1506 1354 908 2414 1593 2351 667 2534 655 4677 1674 1959 1323 1162 1077 3538 224 1576 1283 1005 2053 1775 809 1608 1882 1712 3661 3234 3183 732 3332 2372 2474 4361 730 1271 1210 5410 12869 1802 927 1513 1687 256 3794 2090 2634 19538 1838 1708 780 1650 4655 2550 2930 1720 1278 3821 4451 1872 10808 1331 15001 1711 394 1415 4414 2417 2462 6064 3314 2614 1924 3344 12464 744 874 879 2430 1631 3425 5400 1281 10628 2321 854 1738 1797 1605 334 1048 617 2029 336 4494 2375
leaf_count=2035 850 3033 1546 2565 773 393 677 983 1083 3345 1763 823 923 1844 1520 906 1610 2499 1976 2178 1489 971 1710 1234 3727 415 2783 2127 2295 1534 1506 1354 908 2414 1593 2351 667 2534 655 4677 1674 1959 1323 1162 1077 3538 224 1576 1283 1005 2053 1775 809 1608 1882 1712 3661 3234 3183 732 3332 2372 2474 4361 730 1271 1210 5410 12869 1802 927 1513 1687 256 3794 2090 2634 19538 1838 1708 780 1650 4655 2550 2930 1720 1278 3821 4451 1872 10808 1331 15001 1711 394 1415 4414 2417 2462 6064 3314 2614 1924 3344 12464 744 874 879 2430 1631 3425 5400 1281 10628 2321 854 1738 1797 1605 334 1048 617 2029 336 4494 2375
internal_value=-0.000639348 0.000505399 0.00128497 0.000813119 -0.000171674 0.00294629 -0.00374687 0.00537894 -0.001035 -0.00293412 -0.00429805 -0.00130092 -0.00166546 0.00649357 -0.00531406 0.00269864 -0.00656236 0.00370549 -0.00493715 -0.00195252 -0.00227191 0.00462357 -0.00373912 0.00379702 0.00332155 0.0045011 -0.00172259 -0.000135899 -0.000993821 -0.0029235 -0.00246311 -0.00244421 -0.000198312 -0.00407197 0.0028433 0.000562407 0.00948293 -0.00299555 -0.00525764 0.00356589 0.00467009 -0.000370014 0.00162422 0.00363354 -0.00571734 -0.00756089 -0.00425139 -0.00166719 -0.00160073 -0.00287671 -0.00218744 -0.00621523 0.00707979 0.00225756 0.00339047 0.0013252 -0.00469497 -0.00862806 0.0123826 -0.00259394 -0.00993538 -0.011479 -0.0102539 -0.00636455 0.001644 -0.00142438 0.00805442 0.00199892 -0.00747533 -0.00610637 0.00311911 0.00782868 0.00123364 -0.00386989 0.00367619 0.00335994 0.00759949 0.002503 -0.0072093 0.00476948 0.00274847 -0.00541455 0.00718737 0.0014727 -0.00673032 0.00432633 0.00502341 -0.00305169 -0.00071568 -0.00135153 -0.00330588 0.00501326 0.000139193 0.0060992 0.0144689 -0.010477 -0.0037506 0.000407925 -0.000285801 -0.00248807 0.00251039 -0.00811847 -0.00627235 -0.00279776 -0.00741646 -0.00652141 -0.00210468 0.00781938 0.0050692 -0.00159 -0.00198756 0.00617861 -0.00542636 -0.00341383 -0.00766464 0.0114161 0.000886144 -0.0119772 -0.00270789 0.00845196 0.00896168 0.0148819 0.00359683 0.00500073 0.00293388 0.00864258
internal_weight=319779 243570 198565 183614 138052 29936 7980 21956 108116 45005 76209 19294 92497 19902 56915 15619 6733 14536 54880 89464 41783 15119 12854 45562 42997 32592 87126 37528 34302 49598 24806 46815 19666 27149 9496 7369 4941 23141 53360 6440 13630 10405 15382 10637 49646 22008 27638 38438 22511 4745 35671 8809 14951 10178 9207 2367 26561 19641 4783 19285 4942 3222 4008 5937 4045 15681 13405 7369 16103 3036 11131 3187 7944 20727 28865 28056 4724 23332 2570 9729 1791 23787 12195 2774 4284 3226 2767 18193 6138 29734 12861 7540 16873 5968 809 2338 6189 3422 13111 7335 5776 2870 20126 4994 15132 13208 15323 1806 3097 3239 5776 6731 2054 11502 3604 1247 3714 2620 2335 1114 3226 3800 8567 6859 4830 4086
internal_count=319779 243570 198565 183614 138052 29936 7980 21956 108116 45005 76209 19294 92497 19902 56915 15619 6733 14536 54880 89464 41783 15119 12854 45562 42997 32592 87126 37528 34302 49598 24806 46815 19666 27149 9496 7369 4941 23141 53360 6440 13630 10405 15382 10637 49646 22008 27638 38438 22511 4745 35671 8809 14951 10178 9207 2367 26561 19641 4783 19285 4942 3222 4008 5937 4045 15681 13405 7369 16103 3036 11131 3187 7944 20727 28865 28056 4724 23332 2570 9729 1791 23787 12195 2774 4284 3226 2767 18193 6138 29734 12861 7540 16873 5968 809 2338 6189 3422 13111 7335 5776 2870 20126 4994 15132 13208 15323 1806 3097 3239 5776 6731 2054 11502 3604 1247 3714 2620 2335 1114 3226 3800 8567 6859 4830 4086
cat_boundaries=0 11 22 34 45 56 66 77 89 100 111 123 134 145 156 167 178 190 202 213 224 236 247 258 269 280 292 303 314 325 336 347 358 370 382 393 404 415 426 437 448 459 470 481 492 503 515 527 538 549 560 571 582 593 604 615 625 636 647 658 669 680 691 702 713 724 735 746 757 768 779 790 802 813 824 835 847 858 869 880 891 902 914 925 937 948 959 970 980 991 1002 1013 1024 1035 1045 1055 1066 1077 1088
cat_threshold=335691776 16777216 4128 33818624 67121152 4194312 8388928 18092034 136314889 537399296 8389632 16777216 18 8650752 137232512 10240 1073872960 2281702464 1 2162720 8392 268439616 2304 68157472 8655042 262146 3221225476 1052672 33562624 4325376 10551296 136316930 8388672 8 269615104 67108868 134217729 2097160 8192 134283336 38797312 1049601 2166800 1611926536 64 2164261184 130 540736 1611137029 67108928 268705792 1073741856 268435456 67108865 335548420 134295552 16777216 150995072 411041794 34078720 1342177408 1073823808 134217888 8396800 136316034 264256 257 33554960 14696962 0 2685444096 32768 67379232 32804 553648128 570425348 2147484672 2147614720 17825796 4194304 2054 268435588 1081536 131200 32768 1073745952 134226946 272760832 8 75497472 50332672 0 2359432 603979776 541065216 8388672 8785920 1048720 132544 2155873280 16384 105906212 2 536871046 384 1078984960 67109040 1576966 4096 139266 8388608 335544578 68158000 16896 2148532226 655360 1077944320 8389632 1188384 33554432 4112 8388608 16 33558528 1082163824 2162692 16777344 2156920968 34635776 0 41000 4196352 132096 3072 655360 67110914 0 536870916 33587488 1375830272 2148532240 2148565121 75497472 32 2281701472 335675392 16777216 138416128 2048 2483027968 138478600 524544 2156038146 9441280 134479872 8388864 8388992 1073743872 8724480 8388608 2147483908 134217728 0 2164523008 2097168 1966120 17825792 17301761 67141638 0 537134338 536871168 102464 576 131584 0 537264172 2147484673 2215116928 15728640 98304 8683780 1048576 570425344 1073741952 8320 1048576 1573892 16842752 80 2818576384 76546048 10518528 1207992324 5512 545259520 2147491872 516 3145730 2147491840 0 64 10551296 1090519074 0 19415040 1610620932 458760 2550268928 4 4194336 131200 4325888 278003712 4096 65536 264 1610612736 1207992320 16 4457482 8389672 137889792 16908289 10487812 1048580 8396800 33816576 3072 384 8388864 26479169 1074791456 33554816 0 16 131072 33558528 262145 2097152 2751467520 134217728 38273088 2168586754 10485809 536871168 2415919109 8388612 33558528 289 33816576 805318660 131072 5243456 2147745792 8393856 539230216 4718656 9568256 33558576 16777344 2244608 0 135267456 1048576 5642240 9437185 134218752 524549 81922 4325792 134287360 537919746 603979780 0 0 17302568 54526976 4720640 1 0 1107296256 2199555 537411841 2751463808 1152 37749008 294920 0 10496 1024 64 16777216 75501568 4352 16384 2147492032 537003072 33554512 2147778561 1024 1208223234 4194561 58851328 18874384 41120 170000384 536870912 24584 4194304 17039425 10485792 1073743936 2148007936 134217728 138413312 2 570426376 536870912 33685504 2148270924 8193 4097 2101508 4202496 16384 167774208 288 33554440 36 256 2147484672 4194306 10485890 536870984 2155872832 7356480 75497472 32768 11798658 1342177440 1074790400 135168 2147483648 75497504 530 65536 2147565568 1084358720 1056768 3222276352 260 0 4362752 4195328 2147483650 335544320 1049088 65921 3221233792 73728 266 2147487744 12352 262656 524352 1114113 2147496964 0 24 16384 67108864 4202530 142737416 4128 4194752 2148007936 16908288 1218445344 1056896 2415919105 16 16384 4194304 16781345 133120 2147483648 4194376 704 2164430848 4113 262154 4194564 8404993 12584960 4194304 134219780 268439552 132520 131712 264192 1048715 128 1029 276824068 4100 4194560 16388 335544320 1077944320 9438016 2147653632 2102281 520 64 1130500 33554432 37249 2099200 1073741828 1077944328 131840 10256384 1048576 3080 2147483652 2483163140 33556992 65792 2097152 603979780 0 104857600 22282240 9437184 538977288 2155937792 25165824 5124 8650752 33554564 0 32864 512 4096 1041 1073743360 2420113472 65664 18874372 262176 8388612 33591296 33024 1075318912 276824064 88145920 402653258 134217728 268500992 1091571712 17039424 16640 67109120 134350208 33587648 1049600 2098176 134217728 8393217 147460 16777220 16777217 33556482 32 545374216 524288 21008448 25165832 671219712 2147483648 286408704 134221840 10747905 536871040 0 12582912 16 16912896 67174528 2365960 524289 8388612 41943040 406847618 655488 0 0 131584 4194304 1073741970 168822272 2147483653 25165824 18874372 134217986 8 2048 197640 8388640 2151677953 8389633 1107562504 2415984640 8 270532608 1568 423625088 8 67110916 134217736 256 1 1024 1074005064 4718848 8 278921220 2097152 8392736 2281719808 268437504 134348832 8519680 4200448 0 570425664 8978437 16384 20976640 4194432 2048 268435456 0 8913088 135168 0 576 260 1 0 32768 1048834 1073742848 1207959552 75629184 267778 17830018 2359562 4194308 75497728 1024 160 131076 0 134283304 1048576 2147518464 1032 537919488 524352 8388608 276825088 276832256 1107296388 2080 134217792 134218240 2160067586 1049616 2098186 69696 353370112 4194304 268435617 33554440 0 134414336 34603008 0 134218762 1311040 2147483712 293601280 37748736 266656 128 536870912 134226976 1024 2164396032 9437192 33554432 525060 17301632 2097168 16512 2183921664 8704 4224 402653696 1183745 4224 64 2420113984 0 0 0 33554432 0 0 0 0 0 256 9437188 25166848 20975648 2097164 269484036 1073741824 8388736 2148540418 1076888576 1207959808 256 2156007456 3221227520 134218756 2099200 2048 33554464 67108864 4224 48 2147494656 8522052 0 3072 0 0 268435456 135266336 8913216 5507072 1024 134217984 4 16793600 37748768 4464641 537411712 2483027968 4194368 655488 2148696064 67112960 136 12582912 2097152 4194304 402653184 2097152 0 671088704 524288 133120 1073742864 135660288 1 10485760 0 320 0 0 4326664 134218816 16777299 1075839016 134353152 4132 0 0 0 0 2048 65536 64 8390656 134217728 0 4 0 1024 4194560 264192 0 536936488 75497472 13766658 134217744 537133634 8913217 0 0 150994944 33685504 67108864 134218784 9961472 8656897 3 1610615298 8388609 0 16778240 285212672 33554440 335546368 537002016 64 2156136448 0 1048832 16777220 4 1073742848 4194304 1574912 2147485700 537068768 655616 4195328 1074791425 1311744 65796 524292 1090520066 285212705 131072 0 1753219136 524288 2147487745 1073742896 1792 268960512 83890176 5275680 4198400 0 67117060 1024 67108868 4325376 1210060800 1074790472 276828677 65540 0 134479872 35651588 1073743872 1610612800 256 2048 1048600 1032 8388612 27262976 34603520 4097 2281734144 1056772 142606336 134218752 262152 1107297792 167903432 4198400 64 1087373312 32768 2056 8192 537002248 8912912 131074 48 1074794754 268435457 64 1179648 16777216 134217856 33554440 268435456 32 0 1 16 201326592 1 16777216 50331648 16777472 128 67115008 32800 2147483664 2172654080 1049608 134217792 4194305 131072 4096 21234081 133120 536870912 131136 1048576 2147485696 1207959568 536871232 256 33554433 2052 16777216 2148532226 67245056 1065088 4194304 1097 150999040 37756928 8388672 8 4 33555456 16777344 33554432 335548416 1024 13632064 2048 1207963672 134217728 2424307968 131072 1024 0 0 0 0 0 0 16 671088640 4 4 12584960 0 35651592 268437540 4104 2147484160 4720901 1053696 1610744832 1052676 1048580 16784384 262145 16392 67110912 16544 0 9963520 1053697 514 13238272 2 205522052 266240 8929280 67246208 1065088 8388608 1048576 1048576 1073750226 131072 0 1124077568 16777472 147464 1342179360 4292616 37749120 294912 65577 522 131072 8 1048576 0 285475072 8 67108864 0 9437248 8388608 134218777 1048576 1 270598144 2052 20480 536872966 0 139264 33685504 16778240 65536 1074921472 0 24 1048580 4200448 257 0 0 536870944 33554560 1314816 1048 1049346 4194309 8388608 0 289411106 33687552 8192 66568 131072 8392704 1207960576 134613000 4718848 0 12589056 0 0 0 1024 41943168 133122 8393736 134217728 257 8388608 5120 32 131072 8192 134284288 9437184 2155872259 1207959689 918592 0 4194304 4096 2115584 536870912 1073808384 37749248 4849664 144703616 2050 576 8388608 54530048 268697600 33816576 4 134348832 384 8652801 1026 134218048 524612 0 16777216 20971648 131072 2048 4194312 0 8390656 8 1048832 524352 8519680 4096 402653312 2228232 67108864 4194344 448 2156136448 0 256 1 0 12587008 17076352 33554560 1342177280 4333568 655936 20971520 134218761 0 4 268435460 16777216 128 0 67108864 134218752 1572992 2048 9 1073742144 1048577 16781312 402653314 131080 2048 671219744 1048896 8394753 34603032 1074790400 67698820 18874368 130 9699328 2048 1130792 176160768 532736 1073741952 1644298240 268435456 68157444 4194304 12849152 2048 13312 679477448 1048576 2172649472 1207963664 2097664 272629764 9437184 0 416 33554432 0 0 42991744 1048576 1207959561 1073873920 2152202240
is_linear=0
shrinkage=0.1


Tree=14
num_leaves=127
num_cat=68
split_feature=16 4 1 15 8 8 3 8 8 1 15 14 1 15 1 16 1 1 1 1 1 1 8 1 1 15 1 8 1 1 8 6 16 0 0 1 1 11 1 16 14 1 1 1 1 1 1 1 0 1 6 1 8 1 6 6 15 1 1 1 1 1 1 14 1 1 14 1 6 6 1 1 1 1 9 1 0 1 8 8 0 1 6 1 8 0 4 4 1 16 1 1 1 11 12 1 1 11 1 1 1 1 0 0 15 1 3 1 12 11 13 18 1 14 15 6 6 4 8 14 8 0 6 1 18 15
split_gain=98.4915 70.9452 35.8718 35.8588 27.9609 26.2513 25.1225 24.2915 42.7819 28.6098 22.1629 20.6156 20.5524 22.0803 20.3254 19.208 18.7495 17.0808 16.5892 14.8187 14.4503 16.2666 17.2795 13.9143 13.2781 13.2092 14.6892 12.9892 13.2503 12.954 12.1978 15.9757 11.9219 11.5298 11.3291 11.2576 10.9164 10.8317 10.5653 10.4582 10.3911 10.0435 9.61512 9.54524 9.13619 9.07104 9.05801 9.05706 8.51396 8.99611 8.50236 14.2987 8.91731 9.35826 8.31094 8.50158 8.35212 8.67994 8.20386 7.81402 7.73832 6.93793 6.92532 6.91636 8.69302 6.80038 6.76788 6.67297 6.62169 10.2716 8.43788 8.16229 7.67976 6.52639 6.48812 7.55395 7.32831 7.03562 6.4298 6.41134 6.89191 7.15889 6.20139 6.18282 6.24348 6.18028 6.16018 5.92428 9.55656 5.90429 5.73269 5.66539 5.612 5.60335 5.60181 5.54135 5.43526 5.40962 5.3194 5.3083 5.28183 5.27787 5.26528 5.22872 7.38822 5.17733 5.14932 5.11986 5.09686 5.0058 4.98038 4.96352 4.90073 4.87849 4.81759 4.73785 7.24246 4.72034 4.61138 4.58493 4.50332 4.55881 4.46018 4.97161 4.43187 4.4294
threshold=0.18918618559837344 16.500000000000004 0 3968.5000000000005 17.500000000000004 29.500000000000004 6.5000000000000009 16.500000000000004 29.500000000000004 1 4164.5000000000009 27.500000000000004 2 4204.5000000000009 3 0.29018759727478033 4 5 6 7 8 9 5.5000000000000009 10 11 2639.0000000000005 12 27.500000000000004 13 14 27.500000000000004 2.5000000000000004 0.16574739664793017 15 16 17 18 4.4151742458343515 19 0.22748266160488131 78.500000000000014 20 21 22 23 24 25 26 27 28 4.5000000000000009 29 3.5000000000000004 30 2.5000000000000004 1.5000000000000002 2831.5000000000005 31 32 33 34 35 36 32.500000000000007 37 38 18.500000000000004 39 3.5000000000000004 1.5000000000000002 40 41 42 43 589.50000000000011 44 45 46 22.500000000000004 5.5000000000000009 47 48 2.5000000000000004 49 6.5000000000000009 50 11.500000000000002 13.500000000000002 51 0.13451252132654193 52 53 54 6.491549253463746 911.50000000000011 55 56 6.6077253818511972 57 58 59 60 61 62 2709.5000000000005 63 7.5000000000000009 64 163.50000000000003 7.9218254089355478 3.5000000000000004 0.26692117750644689 65 8.5000000000000018 2916.5000000000005 1.5000000000000002 5.5000000000000009 10.500000000000002 7.5000000000000009 20.500000000000004 20.500000000000004 66 1.5000000000000002 67 0.16853234171867373 2932.5000000000005
decision_type=2 2 9 2 2 2 2 2 2 9 2 2 9 2 9 2 9 9 9 9 9 9 2 9 9 2 9 2 9 9 2 2 2 9 9 9 9 2 9 2 2 9 9 9 9 9 9 9 9 9 2 9 2 9 2 2 2 9 9 9 9 9 9 2 9 9 2 9 2 2 9 9 9 9 2 9 9 9 2 2 9 9 2 9 2 9 2 2 9 2 9 9 9 2 2 9 9 2 9 9 9 9 9 9 2 9 2 9 2 2 2 2 9 2 2 2 2 2 2 2 2 9 2 9 2 2
left_child=2 6 111 4 11 14 19 12 16 -10 15 20 33 17 -6 23 -9 86 -13 -2 110 34 60 -8 -7 29 109 28 -18 -25 31 120 42 -4 114 -20 93 65 -17 -26 46 -15 -19 -21 -42 -29 -31 -34 61 -50 51 -48 53 -52 55 -24 57 103 -5 -54 -23 -45 -39 94 -65 -28 112 -32 69 70 -44 -70 113 -12 75 -37 77 -76 79 98 -81 -82 100 -57 -85 -62 -14 88 -84 -73 -41 -61 -68 107 -49 -58 -78 -51 -40 -91 -30 -53 119 104 -56 -89 -64 -11 -35 -27 -3 125 -33 -71 -22 -87 -117 -101 -105 -93 -16 -122 123 -103 -36 -1
right_child=1 3 7 58 5 24 10 8 9 36 73 18 13 41 30 38 27 32 35 43 21 22 54 25 39 26 37 45 82 40 67 66 47 108 124 74 -38 62 78 90 44 -43 68 48 -46 -47 50 63 49 97 52 101 59 -55 56 83 95 -59 -60 91 85 -63 106 64 -66 -67 92 -69 71 72 -72 89 -74 -75 76 -77 96 -79 -80 80 81 -83 87 84 -86 115 -88 105 -90 99 -92 102 -94 -95 -96 -97 -98 -99 -100 117 -102 122 -104 118 -106 -107 -108 -109 -110 -111 -112 -113 -114 -115 -116 116 -118 -119 -120 -121 121 -123 -124 -125 -126 -127
leaf_value=-0.5124444535837025 0.18008099485268225 -0.67931209955359639 -0.17159407900768908 0.89938784204163424 0.01853414788993013 0.72404258610963401 0.23616861712817272 -0.18070187886118028 -0.59268054726859709 -0.26797064199191206 0.40277140241071285 -0.30095711366896949 -0.11289976450458035 -0.088750349781637525 0.364634557084972 0.46874845856729985 0.26959601859734555 -0.11417609995737715 0.6923045147926723 -0.33743705088674014 -0.30908537044052126 0.63541359602152603 0.019918805979278999 -0.33194326686338504 -0.40621038379518082 0.088231207123694505 -0.039784764347351592 0.65434687157111238 -0.28026341598988308 -0.21901716393699244 0.44492622570100182 0.052124212305922471 -0.26198194716609297 0.10160634446285154 -0.54366313954471823 0.018557901360763209 -0.2150739783741461 -0.13312766488600564 0.72585291325563861 -0.28881340142184619 0.52487625856692055 0.31278717407283874 0.099125343048301368 -0.32693560226887008 0.035983932708402611 0.24337213965977009 -0.18810925487846789 -0.13646299574105103 0.19002554906793351 -0.13101791291782003 0.3809533720969035 0.14559268731635022 0.2904601963595802 -0.015887623974618494 -0.62376259517077326 -0.021005860727008521 0.62196022429873088 0.35171315616367305 0.45228143450531511 -0.21918504958272378 -0.011535295317993466 -0.12415220181231934 -0.096189975077774034 0.12327384722762824 -0.12076117053266762 -0.32569985210123775 0.56733612311011006 1.9140455400377583 -0.3034141390638132 -0.37471867698632616 -0.25117037818633109 -0.26135049437049845 -0.43538166970561526 0.088576256788841512 0.20084251974657188 0.55820314995126574 -0.086692707979543926 -0.26289433025682069 0.38552809372782293 -0.23608909792325222 0.087509212050370835 -0.22782174069895245 0.091309823968942549 -0.80237642154309441 -0.28703847173859237 0.79823668938309378 -0.001994448095302559 -0.072821498149680863 -0.17693006784303511 0.027464433271947409 0.20206821917599502 -0.033591198288765778 1.625328244793419 0.40126937369028959 0.27042505333890571 0.045192742912676477 0.30372056434503653 0.15738739528039108 0.15154226204742693 -0.30644389527083704 -0.0019917005838831605 0.43020333424390905 0.033634917403723728 0.37477131330703434 0.4197573799421937 0.25435413158653203 0.057719796959111669 0.083975605955794924 0.51439884872815422 0.88394472277856273 -0.20105313634803246 0.11822816107692113 0.718491502572145 -0.10228133284579446 0.15495753482566565 0.06579929082674911 0.63381818879268592 -0.11182006698634286 -0.053841927308335237 -0.22770459559358916 0.30327910790844581 -0.27570864468294937 -0.084296783091862268 0.012921298384294122 0.00696381385673891 -0.16224831946152804
leaf_weight=2897 1327 480 1213 1754 2312 775 1981 1483 1732 416 1883 1153 4943 962 519 1689 2595 9524 1989 2832 4615 2330 2941 3076 1691 9528 1457 932 808 5868 316 752 2775 2674 276 1172 2679 3742 435 589 584 2134 868 3799 1458 1542 12749 15796 946 4440 2094 1679 1185 2367 815 908 1099 1861 5902 1977 3003 3991 1910 2512 2686 1676 918 1314 2737 362 2743 3510 4856 1833 1532 3140 1211 1617 1919 1151 5222 1513 1803 423 1522 941 11190 787 1670 1974 2055 3639 1568 387 526 793 6110 756 4814 1418 1386 403 4925 1065 248 3456 10545 967 326 127 1381 102 2144 1559 493 4244 2203 4095 5886 2920 699 649 7282 1916 9183 596
leaf_count=2897 1327 480 1213 1754 2312 775 1981 1483 1732 416 1883 1153 4943 962 519 1689 2595 9524 1989 2832 4615 2330 2941 3076 1691 9528 1457 932 808 5868 316 752 2775 2674 276 1172 2679 3742 435 589 584 2134 868 3799 1458 1542 12749 15796 946 4440 2094 1679 1185 2367 815 908 1099 1861 5902 1977 3003 3991 1910 2512 2686 1676 918 1314 2737 362 2743 3510 4856 1833 1532 3140 1211 1617 1919 1151 5222 1513 1803 423 1522 941 11190 787 1670 1974 2055 3639 1568 387 526 793 6110 756 4814 1418 1386 403 4925 1065 248 3456 10545 967 326 127 1381 102 2144 1559 493 4244 2203 4095 5886 2920 699 649 7282 1916 9183 596
internal_value=-0.000611849 0.000637755 -0.00307607 0.00279769 0.00217891 0.00588001 -0.000909914 -0.00273559 0.000161198 -0.00693254 -0.000319763 0.00124547 -0.00354189 -0.00391293 0.00859173 -0.000596577 0.00282469 -0.00425925 0.00412854 -0.00435299 0.000139156 0.000498228 0.00181896 -0.00120581 -5.87084e-05 -0.00140344 0.000319131 0.00388618 0.00257897 -0.00232623 0.0107605 0.00901504 -0.00506031 0.00325598 -0.00224669 0.00492521 -0.00265755 -0.00127198 0.00249955 -0.00222094 -0.00194492 0.00436047 -0.00628009 -0.00515679 0.00504407 0.0105093 -0.00223655 -0.00337312 -0.00407402 -0.00128414 -0.00173365 -0.00298598 -0.000159627 0.00375476 -0.000213541 -0.00331377 0.00131299 0.000146835 0.00933908 -0.0013519 0.00462621 -0.00626923 -0.000231524 -0.00267534 0.000500192 -0.00665496 0.01178 0.018589 -0.00734295 -0.00925106 -0.00494323 -0.00590505 -0.0115464 0.00726588 0.00396836 0.00723562 0.00262655 -0.00140867 0.00165295 0.000864104 -0.000938372 0.000289103 0.000907258 -0.00720294 -0.0103581 0.00344678 -0.00137831 0.00224209 -0.000820616 -0.0046743 0.00170197 -0.00203771 0.0156074 0.00342697 -0.00368827 0.00739958 0.0043582 -0.00291971 0.00357211 -0.00309203 -0.00378304 -0.000389725 -0.00118323 -0.00128365 -0.00778192 0.004749 0.000902527 0.000469993 0.00657807 0.00350233 -0.00847141 -0.0128849 0.00849448 -0.00608493 -0.00603751 0.00500135 0.00404064 -0.00468043 -0.000280132 -0.00303699 0.00104446 -0.00200297 -0.00129539 0.00252264 -0.000195374 -0.0135557
internal_weight=319850 212229 107621 88591 80935 16301 123638 104026 22643 6181 105547 64634 81383 77170 11191 101831 16462 74074 17924 18091 46710 44849 30282 85088 5110 83107 28985 14979 12505 54122 8879 7249 57941 4213 14567 16771 4449 19330 16743 4335 51046 3096 33646 16764 2042 2474 49004 24295 13932 6142 43136 24029 19107 4461 17561 5794 11767 9875 7656 14646 12721 7790 16197 21520 5198 3133 5382 1630 24122 10388 3611 13734 6777 3716 14782 4312 10470 3149 15054 13135 7886 6735 9910 2853 1945 10391 16133 7716 3473 10997 2644 13461 2486 1770 16322 1892 7321 5196 5249 7487 2194 11280 11484 8014 1063 4243 12455 1383 3000 9655 1861 3595 2896 1921 5108 7388 6447 5513 6951 6559 1867 1348 9601 2319 9459 3493
internal_count=319850 212229 107621 88591 80935 16301 123638 104026 22643 6181 105547 64634 81383 77170 11191 101831 16462 74074 17924 18091 46710 44849 30282 85088 5110 83107 28985 14979 12505 54122 8879 7249 57941 4213 14567 16771 4449 19330 16743 4335 51046 3096 33646 16764 2042 2474 49004 24295 13932 6142 43136 24029 19107 4461 17561 5794 11767 9875 7656 14646 12721 7790 16197 21520 5198 3133 5382 1630 24122 10388 3611 13734 6777 3716 14782 4312 10470 3149 15054 13135 7886 6735 9910 2853 1945 10391 16133 7716 3473 10997 2644 13461 2486 1770 16322 1892 7321 5196 5249 7487 2194 11280 11484 8014 1063 4243 12455 1383 3000 9655 1861 3595 2896 1921 5108 7388 6447 5513 6951 6559 1867 1348 9601 2319 9459 3493
cat_boundaries=0 11 22 34 45 56 67 78 90 101 112 123 134 145 157 169 170 171 183 194 205 216 227 238 250 261 273 285 286 296 307 318 329 340 351 362 374 385 396 407 416 428 439 450 461 473 474 486 487 498 509 510 521 531 542 553 564 575 586 598 609 620 621 622 633 643 653 654 665
cat_threshold=39845888 2181046288 27263488 0 8429568 33587520 67108904 8421888 553650176 536870928 5120 276971520 0 406847904 33685512 4128 8 1572864 2050 1075840009 135266368 524292 2147486080 32896 40960 1611138048 603979808 4349952 12288 268435472 2214658184 268967936 0 64 16777216 12589058 25165824 2147483652 603985920 538050624 80 262144 2097281 538443840 2415920129 2147500032 1048704 4192 8781828 1610612804 131072 167772224 261 67174402 172099584 268435520 1064960 134222336 269484096 2281963520 33554752 1082130440 2282749972 4457472 10518529 262152 524288 0 2291138592 262656 19923200 1053696 268435584 0 173056 1074790400 8288 4194309 16777216 1080033280 8704 2147502082 2415928320 32800 67109376 16908288 0 134219820 2147614724 16 2228224 16809986 292 8405248 0 64 2181562880 21500928 4096 134219786 2147616064 8388864 104857600 134217728 655360 603981824 672142368 8388608 165889 276824104 1074016512 268435456 135424 67108864 32768 2158510084 33554692 1073742144 1346371752 0 100667393 33556480 134222848 75497472 33555456 0 33554440 0 0 8388672 4096 135266434 525120 1024 269484032 4100 4481 0 2048 671174688 2148007936 1212416 8 1745879112 2151678276 0 4 134225920 2099200 268437504 90240 2147483920 788522 134218776 2097218 8389376 8 0 1075839760 8388608 2 2147495936 138432640 2156134400 32960 402653216 134218944 10304 16 6153 9912 268500992 1147143168 532512 134479876 256 262144 8650768 17303552 136314880 520 134296128 16 65536 16777216 294912 18560 335544320 671162368 8519808 21106944 8454160 132866 2155872256 8405120 20971520 138674304 2359296 536881152 134221856 4194304 16812032 2097297 528386 16777217 1130500 4 4198657 128 268435456 1073808384 2155872512 18612226 137363456 395266 524288 8519680 5376000 4472834 8423424 1073745924 128 64 16908321 4098 1073742336 269615141 402784256 251658272 134217760 538968065 33554464 269484416 1048592 524291 25165826 1107296384 134217728 524288 4194340 402653312 1048576 1048608 66560 0 534530 24 1073873408 524288 8 277872644 16784384 268697856 0 335544320 4195328 9961472 131072 5120 1311744 2160591104 524288 34 12420 537919744 1049632 33652736 33685520 9216 16778376 3221238272 131072 8 4161 70254596 0 34818 2048 1048704 4194560 131105 5246978 131328 272695588 8 10665 2097152 0 128 1179648 4096 33554440 0 1288 1074790409 538182144 75513860 138416132 402719234 17039361 268435456 537003008 1049664 8393217 1048592 131072 524292 9453568 4195328 0 33685504 536872960 537002016 1024 2155878401 0 538181632 269025281 1048576 4096 268697728 33816588 0 131080 1048640 8388610 134218752 538445376 591872 8388608 8392708 134217728 33554432 0 65536 0 4194304 1073742857 1310722 65 69206021 0 2 16779265 67108864 545259520 1024 786944 11534336 10 8388612 16777217 0 262146 2181300228 268439552 196608 320 2147484160 1209008131 656384 2560 1048576 0 128 33685504 6148 671219776 524352 12583936 3146809 540279104 4194560 8 81924 20971520 17039392 570558592 67108864 132096 67108864 2173444096 1049600 132098 268500992 25165828 8390656 4385 3162112 268435588 536937504 131200 1052672 134217744 1213202434 8388609 8388608 16777216 268435456 131080 0 0 41943040 534531 143655952 512 524288 0 0 0 33554432 0 134217728 0 2155872256 8 335544320 4 161 33554440 128 65536 8389120 1052676 1074790400 1048576 2151678016 8 83951616 67108868 4096 3162244 268437632 134283264 12713984 260 1077936128 39845890 2147483648 16777221 92274688 4129 35782796 268435456 66560 1074397568 2147483908 0 39845890 2147483648 9437184 16777220 138412288 33554432 0 536871936 8388672 1183747 0 135266304 256 140525568 4096 257 33718273 0 33718272 101188128 1048577 513 33554560 17301504 8 9880 59768832 16777216 134217856 10 0 134415392 274203136 2147487744 40 1611923712 655360 8 280 269484032 1024 285212672 2719088649 2147483648 131072 9437712 2155872387 134217736 270368 65600 0 4096 285212672 0 0 0 0 2147483650 1040 1048640 1 12930 1245184 25169920 4456704 0 2214592640 675282976 9044608 4096 4097 1311232 4194308 524288 4096 268697632 0 0 671088640 524288 2147483648 1073741824 1074790400 402669568 50332672 262144 167772160 0 1048576 524800 2169634818 1073741826 540540928 2152202240 540672 33554432 134217729 537001992 268435456 16416 524800 530433 1040 1074005248 65792 1048576 4096 272629888 0 268435456 0 0 8388608 16 536870912 524288 26214400 0 4097 8388616 268437504 1024 33554432 4610 8 256 268436736 16777216 0 0 33554432 0 0 0 0 1073741824 1048576 268435456 268435456 0 0 0 2147483648 1024 1073742592 1048578 135266304 135400448 4194304 8 8388608 16780288 4194304 0 67108864 1024 8912896 4325376 1 1074005504 524292 2300575744 42991616 1 134219904 67108864 9699336 67641856 17170442 2 69730306 2155872256 2589 24 131072 12587008 4456449 16512 2147487744 1077937160 131712 0 10485760 1048576 2147483648 0 0 0 0 0 671088640 128 4194304 0 768 9437184 1024 0 131080 268435456 134217728 0 1 16 256 1843 1048576 0 0 0 0 0 0 2151677952 1073741824 536871168 4260352
is_linear=0
shrinkage=0.1


Tree=15
num_leaves=127
num_cat=13
split_feature=20 20 6 8 20 15 6 6 6 8 8 8 13 6 8 5 15 8 15 11 8 4 0 8 11 8 8 8 5 15 16 20 8 8 8 11 14 12 15 18 8 8 8 16 16 18 8 18 16 0 15 8 0 15 8 8 6 8 8 8 13 0 0 15 14 13 15 15 13 15 12 12 5 14 6 8 8 8 8 8 6 6 18 19 5 14 13 0 18 11 0 0 8 5 19 4 13 14 0 8 15 11 8 11 20 11 0 16 15 16 8 5 0 21 9 8 0 18 15 14 0 8 6 8 19 5
split_gain=108.746 49.1717 31.3462 22.3196 20.6017 19.312 20.2467 18.1415 19.3263 17.0603 29.6555 16.7848 16.6704 16.3746 23.4222 14.0564 14.0247 13.8353 11.8253 11.4672 10.9202 10.2133 9.9618 9.71846 9.15397 8.79111 8.57437 11.9235 8.45788 7.72246 7.66418 7.44232 6.99529 6.83371 11.6571 11.2852 6.8334 7.1908 6.75497 6.45316 6.38145 10.9261 6.31028 6.30522 6.19581 6.13337 6.62339 6.08011 6.06024 6.85448 10.1257 6.0314 6.02195 5.93521 5.87352 10.3652 7.08182 9.69955 22.8483 13.8986 5.86947 5.78365 5.71395 5.68178 5.65497 5.59103 5.47728 8.60993 5.43651 5.41943 5.80627 10.7855 6.40193 5.39881 5.30002 6.63257 5.20822 8.90333 14.0658 7.55103 5.77228 5.34429 5.14445 5.09916 5.05277 5.00324 5.65399 5.64541 4.9662 4.89949 4.89185 4.85813 6.57285 4.85193 4.70571 6.04569 4.64158 5.22027 4.6194 4.57296 4.55931 4.54502 4.52035 5.09848 4.48229 4.48015 4.42146 4.41126 4.32775 4.453 4.2716 4.52393 4.26183 4.90264 4.24534 4.20839 4.19304 4.11976 4.11249 4.07498 4.11813 4.07189 4.04316 9.92642 11.5967 5.79503
threshold=0.24900250881910327 0.16151572763919833 4.5000000000000009 3.5000000000000004 0.33236210048198706 3568.5000000000005 1.5000000000000002 3.5000000000000004 1.5000000000000002 16.500000000000004 29.500000000000004 5.5000000000000009 7.5000000000000009 5.5000000000000009 2.5000000000000004 755.50000000000011 3894.5000000000005 17.500000000000004 2922.5000000000005 4.3343882560729989 5.5000000000000009 11.500000000000002 0 22.500000000000004 5.454038381576539 26.500000000000004 17.500000000000004 28.500000000000004 865.50000000000011 629.50000000000011 0.14007583260536197 0.11864368990063669 19.500000000000004 29.500000000000004 22.500000000000004 6.6077253818511972 80.500000000000014 405.50000000000006 2157.5000000000005 0.14894287288188937 27.500000000000004 29.500000000000004 1.0000000180025095e-35 0.25634722411632543 0.15656197816133502 0.12503456324338916 14.500000000000002 0.15565862506628039 0.31584075093269354 1 2846.5000000000005 28.500000000000004 2 564.50000000000011 7.5000000000000009 9.5000000000000018 6.5000000000000009 3.5000000000000004 1.5000000000000002 5.5000000000000009 34.500000000000007 3 4 4026.0000000000005 36.500000000000007 25.500000000000004 4220.0000000000009 4100.5000000000009 10.500000000000002 283.00000000000006 796.50000000000011 678.50000000000011 545.50000000000011 3.5000000000000004 3.5000000000000004 5.5000000000000009 4.5000000000000009 7.5000000000000009 5.5000000000000009 9.5000000000000018 5.5000000000000009 6.5000000000000009 0.30152791738510137 0.007482778513804079 820.50000000000011 57.500000000000007 19.500000000000004 5 0.18259111046791079 6.491549253463746 6 7 28.500000000000004 435.50000000000006 0.0096088554710149782 7.5000000000000009 34.500000000000007 59.500000000000007 8 21.500000000000004 2907.5000000000005 7.1971971988677987 21.500000000000004 7.1187953948974618 0.41125039756298071 6.7787744998931894 9 0.24038106948137286 3572.5000000000005 0.30869799852371221 26.500000000000004 935.50000000000011 10 0.013403183314949276 872.50000000000011 14.500000000000002 11 0.1935708820819855 4225.5000000000009 16.500000000000004 12 2.5000000000000004 6.5000000000000009 12.500000000000002 0.018871331587433818 1145.5000000000002
decision_type=2 2 2 2 2 2 2 2 2 2 2 2 2 2 2 2 2 2 2 2 2 2 9 2 2 2 2 2 2 2 2 2 2 2 2 2 2 2 2 2 2 2 2 2 2 2 2 2 2 9 2 2 9 2 2 2 2 2 2 2 2 9 9 2 2 2 2 2 2 2 2 2 2 2 2 2 2 2 2 2 2 2 2 2 2 2 2 9 2 2 9 9 2 2 2 2 2 2 9 2 2 2 2 2 2 2 9 2 2 2 2 2 9 2 2 2 9 2 2 2 9 2 2 2 2 2
left_child=1 12 5 13 7 6 11 8 20 45 15 42 22 66 16 102 39 30 31 68 -2 73 38 104 64 63 54 110 -18 -12 -8 -14 52 34 44 -35 37 108 -1 -15 60 -42 117 84 -21 -5 65 -16 49 50 115 -27 -19 -29 56 98 -23 58 -58 -59 -13 -53 -48 82 -20 76 67 -4 -7 -51 71 85 -72 -9 75 -33 80 78 81 -79 -47 -78 -17 -77 -31 86 87 -71 -36 -43 -41 92 -25 112 95 -26 97 -34 -56 118 -45 -64 103 -11 -6 114 -86 -55 109 119 -28 -112 -75 -114 -49 -32 -61 -3 -46 120 -10 -44 125 124 -124 -81
right_child=4 2 3 9 23 19 17 21 36 10 29 40 18 14 47 25 28 32 24 33 -22 26 -24 91 94 51 27 53 -30 43 48 74 96 35 88 -37 -38 -39 -40 90 41 89 121 100 99 46 62 105 -50 69 -52 61 -54 107 55 -57 57 59 -60 116 -62 -63 101 -65 -66 -67 -68 -69 -70 70 72 -73 -74 93 -76 83 77 79 -80 122 -82 -83 -84 -85 106 -87 -88 -89 -90 -91 -92 -93 -94 -95 -96 -97 -98 -99 -100 -101 -102 -103 -104 -105 -106 -107 -108 -109 -110 -111 111 -113 113 -115 -116 -117 -118 -119 -120 -121 -122 -123 123 -125 -126 -127
leaf_value=-0.45957104875625832 0.55964430312769908 -0.14793720610615271 0.0075581263295192436 -0.28012945377348936 0.27525632073745182 -0.2233490219883798 -0.30155672602355593 -0.18849143811374774 -0.51378256643525921 -0.084196028068264719 0.63180036066258038 -0.14611249690307898 -0.17757714443872141 -0.31724774891991836 -0.01730257643130868 0.25797449378817722 0.2594144504152574 0.31928202501317948 -0.11310591612534832 -0.086847546238529846 0.045650992589096176 0.15589021784023993 -0.085658365199269934 1.6251133584642095 -0.23423797302509275 2.0505394360602724 0.59692731782047159 2.2471903308507808 1.8528479234837629 -0.34220763980120417 -0.2418418153332664 -0.040997623974431546 -0.13279341798027097 -0.35110535109735208 -0.010600794915680183 0.66171359522514861 0.63515756194728867 0.0060945436089687279 -0.21503053178444376 0.22957876291738463 0.53112583660342383 -0.25238588094877051 0.84748786050393066 -0.040723158107010431 0.099565040200156579 -0.059879360664718821 0.22998893013718918 0.73713685362932135 0.076008317940272907 0.20999651698554045 0.14708170411477026 2.0389740528419922 -0.0069366078425336488 -0.11253997150699363 -0.024857372895274388 0.18598999035303221 0.11414304956975455 -0.37053200215598259 2.1758120820344637 0.29048609040979445 0.036108333512233907 0.2357186228298101 -0.25324649033096019 1.3023930096219747 0.13045248344120344 0.03079289888296213 0.4020150804085697 -0.48342257254572862 -0.0021968885569431328 -0.32840271995573955 -0.29299126027163241 -0.32501356304392703 0.029687585002596786 0.55982752027478933 -0.057783843391581338 0.00266558711402638 -0.012075649298487168 -0.21305931251163931 0.33842917458448851 -0.034772144709372024 -0.39410611882789315 -0.43630628305269659 1.021934173993478 -0.22867670179564767 0.1442218905873745 0.015557199220006136 -0.069193252472392788 -0.13191215068822901 0.98716398858673782 0.46824581539674137 0.0021521380848946504 1.997588361615668 0.23973615618767116 0.10340478323408142 0.023015405169557648 0.24030581878076937 0.080040087018774839 0.162966039229722 -0.39673213219171188 -0.70978764408659467 0.73262335333112683 0.25323024953405537 0.13957968656825645 0.81999033309149594 0.77945737165474593 0.23852669104833479 -0.30087437568190867 0.20426358345942441 0.12180293621426341 0.11496496518199373 0.4765996328541755 3.0309120329113002 0.08383196197975501 -0.23444998687057395 1.3183714623984517 -0.47508435144571071 1.1426227487051228 0.16282968088947306 0.54887253706848227 -0.13180659372562897 -0.14833453326669385 0.27730182629385486 0.11627636543192979 -0.047437478860226007 2.3735476558521209 -0.40854999526414421
leaf_weight=2283 3164 877 4972 779 10468 1585 2794 1247 1477 2567 202 8869 7772 476 242 4347 506 1147 4825 1174 7623 10967 7120 546 227 707 3822 141 424 1862 12376 3601 5682 959 152 205 309 7327 10380 3465 1084 1008 509 682 7981 2239 308 1560 1719 337 867 194 1390 1236 1811 9266 1014 897 1043 398 3380 693 2346 393 860 13460 398 585 1919 3461 618 1796 4184 316 14199 1085 2490 5209 2469 5537 1359 460 231 6707 935 3084 8855 8826 674 172 3338 519 804 4005 3833 1866 2282 819 1009 129 159 130 3100 186 1103 296 871 1165 753 977 191 273 468 1465 808 1060 459 1391 503 5741 2267 2850 542 1759 342 799
leaf_count=2283 3164 877 4972 779 10468 1585 2794 1247 1477 2567 202 8869 7772 476 242 4347 506 1147 4825 1174 7623 10967 7120 546 227 707 3822 141 424 1862 12376 3601 5682 959 152 205 309 7327 10380 3465 1084 1008 509 682 7981 2239 308 1560 1719 337 867 194 1390 1236 1811 9266 1014 897 1043 398 3380 693 2346 393 860 13460 398 585 1919 3461 618 1796 4184 316 14199 1085 2490 5209 2469 5537 1359 460 231 6707 935 3084 8855 8826 674 172 3338 519 804 4005 3833 1866 2282 819 1009 129 159 130 3100 186 1103 296 871 1165 753 977 191 273 468 1465 808 1060 459 1391 503 5741 2267 2850 542 1759 342 799
internal_value=-0.000549389 -0.00165089 -0.000762803 0.000779959 0.00253409 -0.00195 -0.0025621 0.001853 -3.37405e-05 -0.000164758 0.00247825 0.000188679 -0.00399796 0.00395431 0.00622132 0.00504107 0.00349007 -0.00346591 -0.00293385 0.00131209 0.00334199 0.0032105 -0.00641713 0.00612351 -0.000185169 0.00821782 0.00395346 0.00711775 0.0150538 -0.00427722 -0.00418092 -0.00389042 -0.000309187 0.00280632 0.00360407 -0.00446735 -0.00196541 -0.0022112 -0.0080999 0.00201264 -0.0016089 0.00326855 0.00482495 -0.00513418 0.00264126 -0.00129015 -0.00111663 0.0139367 -0.00387958 -0.00409995 -0.0059142 0.0146801 0.00431612 0.00169158 0.0031492 0.00151415 0.0044864 0.00819995 0.0128585 0.0027366 -0.00251041 0.00918828 -0.00581897 0.00614564 -0.00305189 -0.00075958 -0.000277078 -0.00108872 -0.00371005 -0.00326425 -0.00340319 -0.00399278 -0.000208247 -0.00012665 -0.00306736 -0.00467392 -0.00170006 -0.0010583 0.00238974 -0.00237525 -0.00519733 -0.00227119 0.00515509 -0.00631417 -0.00692475 -0.00343845 -0.00398732 -0.0053756 0.0150121 -0.00338983 0.00280024 0.0128143 0.00941176 0.00107131 0.00256497 0.0063784 -0.00164522 -0.00300723 -0.00379433 0.00357018 0.00267539 -0.00740145 0.00147787 -0.00147112 0.00504278 0.0153153 -0.00315615 0.000520616 -0.00380294 -0.00432996 0.010336 0.0193966 -0.00264562 -0.00440041 0.0167652 -0.00659422 0.0118436 0.000749559 0.00385431 -0.00499209 -0.00755876 0.00757666 -0.000618109 0.00266742 0.0113122 -0.00198864
internal_weight=320174 235903 171145 74427 84271 96718 81437 70831 29638 57357 17129 20140 64758 17070 11115 12418 8209 61297 44975 15281 10787 41193 19783 13440 11611 6565 33692 6828 930 4711 49977 33364 11320 11777 10613 1164 18851 18542 12663 7279 14513 2264 5627 4509 9787 40228 39449 2906 47183 45464 14303 1594 2537 2542 26864 12086 14778 3811 2057 1754 12249 887 2784 4971 5685 36665 5955 5557 3504 31161 30824 26022 4802 7501 25592 11393 23205 19607 5419 14188 3598 2950 4578 7792 3668 24226 21142 12287 826 1180 6803 1869 1350 6254 5926 2093 8783 6501 2820 8613 841 2476 5853 2753 11571 2664 1806 2401 11215 10462 4286 464 2249 1933 2368 13436 857 2268 8484 9485 3744 3359 8979 2643 884 6336
internal_count=320174 235903 171145 74427 84271 96718 81437 70831 29638 57357 17129 20140 64758 17070 11115 12418 8209 61297 44975 15281 10787 41193 19783 13440 11611 6565 33692 6828 930 4711 49977 33364 11320 11777 10613 1164 18851 18542 12663 7279 14513 2264 5627 4509 9787 40228 39449 2906 47183 45464 14303 1594 2537 2542 26864 12086 14778 3811 2057 1754 12249 887 2784 4971 5685 36665 5955 5557 3504 31161 30824 26022 4802 7501 25592 11393 23205 19607 5419 14188 3598 2950 4578 7792 3668 24226 21142 12287 826 1180 6803 1869 1350 6254 5926 2093 8783 6501 2820 8613 841 2476 5853 2753 11571 2664 1806 2401 11215 10462 4286 464 2249 1933 2368 13436 857 2268 8484 9485 3744 3359 8979 2643 884 6336
cat_boundaries=0 1 2 3 4 5 6 7 8 9 10 11 12 13
cat_threshold=3865 9009 12961 51 1024 2056 2445 3597 5671 12311 178 1699 8985
is_linear=0
shrinkage=0.1


Tree=16
num_leaves=127
num_cat=103
split_feature=20 5 0 4 2 12 2 2 1 1 1 2 1 2 1 1 1 2 20 6 6 1 2 2 8 8 2 2 1 2 1 1 1 1 6 1 1 2 10 1 2 1 2 2 2 2 1 1 1 2 1 2 1 1 2 2 2 1 2 2 1 5 2 1 2 2 2 2 2 4 2 2 1 1 1 1 12 2 2 1 2 1 18 1 2 2 1 1 2 2 1 1 8 1 2 1 2 1 2 1 2 2 1 1 18 1 2 2 1 9 2 8 8 1 2 1 2 18 2 2 2 1 1 8 2 12
split_gain=77.6581 40.9838 30.2613 26.5097 20.9564 20.2905 20.0032 19.8808 19.4718 16.5295 16.2881 16.0005 15.9566 15.3593 15.3546 14.9677 14.3425 14.3371 14.2134 14.0362 18.1908 15.279 15.2208 15.1862 13.9847 25.976 18.0249 17.9409 14.0229 13.4823 19.1341 13.7486 13.2805 12.1951 11.8966 13.2109 12.7199 11.8952 11.7382 11.9024 11.2883 11.1729 11.0564 11.0188 10.4072 10.3175 10.2611 10.2582 10.2065 10.1873 10.3501 9.78168 9.75812 9.75289 9.68813 9.58212 8.92192 9.91276 9.31845 8.63372 8.59657 8.92008 9.75299 8.43377 12.8166 8.39364 8.32813 8.26413 8.23003 8.02137 13.979 7.66051 10.8034 7.61345 7.58576 7.40227 7.19933 7.17648 7.11245 6.89518 6.87614 6.75764 6.71809 9.88029 9.25128 7.20402 9.92307 7.4673 6.68921 6.61676 6.42222 6.40304 6.35486 6.1421 8.4739 6.13745 6.31556 6.0955 6.07584 5.99686 5.81352 5.81227 5.78975 5.76995 5.70655 5.67709 5.77414 5.59681 5.52226 5.49945 6.48664 5.42539 5.33692 7.85934 8.30539 7.27403 5.31175 5.22067 5.20729 5.20268 5.15851 5.76951 5.15726 5.08924 5.06299 4.98031
threshold=0.25323443114757543 495.50000000000006 0 15.500000000000002 1 852.50000000000011 2 3 4 5 6 7 8 9 10 11 12 13 0.34537623822689062 3.5000000000000004 1.5000000000000002 14 15 16 16.500000000000004 29.500000000000004 17 18 19 20 21 22 23 24 6.5000000000000009 25 26 27 227.50000000000003 28 29 30 31 32 33 34 35 36 37 38 39 40 41 42 43 44 45 46 47 48 49 435.50000000000006 50 51 52 53 54 55 56 20.500000000000004 57 58 59 60 61 62 403.50000000000006 63 64 65 66 67 0.11594388261437417 68 69 70 71 72 73 74 75 76 7.5000000000000009 77 78 79 80 81 82 83 84 85 86 87 0.25141519308090216 88 89 90 91 913.50000000000011 92 17.500000000000004 17.500000000000004 93 94 95 96 0.34247027337551122 97 98 99 100 101 10.500000000000002 102 1002.5000000000001
decision_type=2 2 9 2 9 2 9 9 9 9 9 9 9 9 9 9 9 9 2 2 2 9 9 9 2 2 9 9 9 9 9 9 9 9 2 9 9 9 2 9 9 9 9 9 9 9 9 9 9 9 9 9 9 9 9 9 9 9 9 9 9 2 9 9 9 9 9 9 9 2 9 9 9 9 9 9 2 9 9 9 9 9 2 9 9 9 9 9 9 9 9 9 2 9 9 9 9 9 9 9 9 9 9 9 2 9 9 9 9 2 9 2 2 9 9 9 9 2 9 9 9 9 9 2 9 2
left_child=1 6 5 4 48 17 9 -7 100 -1 43 -6 59 97 -8 65 -16 -3 19 20 21 116 -22 52 32 27 73 103 -29 30 -19 -31 -15 -20 35 67 -36 -25 39 78 -35 92 -37 -10 -38 -9 -28 -44 -4 90 -51 -43 -21 77 122 102 79 58 -58 -5 88 62 -62 64 -57 -13 91 -33 99 98 -71 72 -55 -27 -32 -11 95 -18 -17 -41 -30 -68 89 84 -84 86 -85 -87 -39 -73 -24 111 -40 94 -70 -52 -97 -14 -49 -65 -2 -95 -34 -26 -99 118 -107 -78 -46 110 -72 -63 115 -114 -115 -100 -12 -89 -56 -48 -117 -122 -23 -81 -42 -109
right_child=8 2 3 12 11 7 14 45 10 75 18 15 13 24 16 38 53 29 33 23 22 54 49 37 25 26 46 28 80 31 74 34 55 40 36 42 44 60 41 56 124 51 47 -45 108 -47 119 69 -50 50 76 -53 -54 71 105 63 57 -59 -60 -61 61 66 -64 68 -66 -67 81 -69 93 70 109 82 -74 -75 -76 -77 107 -79 -80 123 -82 -83 83 85 -86 87 -88 117 -90 -91 -92 -93 -94 101 -96 96 -98 104 112 -101 -102 -103 -104 -105 -106 106 -108 125 -110 -111 -112 -113 113 114 -116 120 -118 -119 -120 -121 121 -123 -124 -125 -126 -127
leaf_value=-0.45511961438746423 -0.4508498526304841 0.14162362904552969 -0.084361255352444972 0.74604672394814842 0.1791562550066452 0.37864633249604129 -0.42138881377077908 -0.22540726112269596 0.60615401745072117 0.0069073398309029699 0.82579870812413092 -0.039607106222693526 0.012076091540550227 -0.37309422016159255 0.13848169823262976 -0.28609040502255001 -0.28947050408055602 -0.33271076917902614 -0.32298362596844177 0.10828787944942338 -0.37302409331278447 0.038786404642241624 -0.092609193718324614 -0.35688391067907066 1.1965817013639577 -0.84277285930262558 0.54678542993027524 -0.088440327870814447 -0.058398348028787829 -0.41131811268756135 0.4601596988747132 0.011645696689322804 -0.091115436703346542 0.84280974982598966 -0.29155443100420542 -0.29256753218671983 -0.20381043765363765 -0.046316970044711095 0.37733251558352376 0.19315544764442094 -0.099096822824909017 -0.022187844605894513 0.18908595887404278 0.039644962358462627 0.47769308965155943 0.055000253411674006 0.52140968867352488 0.066724831571425419 -0.39480166342359413 0.26247803807924919 -0.037643126363965607 -0.42509395718059673 0.72570563377808761 -0.18999622544779787 0.14669284981689129 0.14145193531575803 0.23322103346124728 -0.026867066752473613 -0.086387775275979101 0.29529032200876587 0.16289433275960566 0.36112885234309189 -0.35995243609582223 0.13248735417858046 -0.20432305613771007 -0.31193302954152113 -0.3627211537123825 -0.32738596471052439 0.38420624299500955 0.08130079606343027 -0.17076814884175773 0.36173736062492506 0.213083933150058 -0.24698773554087641 0.055909858732174383 -0.23804190251332147 0.21455990724280716 -0.095076836143685214 -0.080992289716219731 -0.032016801477207757 0.52793264843293974 0.064334279620249998 0.18248604818405259 0.093326633938453446 -0.023437821267736948 -0.024733994922489001 -0.1036890378651842 -0.16856359995609194 0.32859750625073408 -0.29200437391162332 0.41110044281368519 0.15270047728068825 -0.12590443505575225 -0.051780442921966242 0.096060758589696676 -0.097813665297638755 -0.35035109418418814 -0.34416791553694265 0.021223655933906294 -0.1620164266307535 -0.10303757514976947 0.09734636799219315 0.37845756246069256 0.55555900155349336 0.27836913126473439 0.39844416253425829 -0.079163553189675898 -0.095078301248335259 0.096355202884637947 -0.18038612933799941 -0.53788221484937571 1.0023239169717233 0.24920200241806159 0.22113732833559574 -0.14502933451563482 -0.25129508573436282 0.25198751292754207 0.21550910977115623 -0.29667909284467264 -0.24899775783817635 -0.2796165959317321 -0.078374578861641994 0.74114065035879906 0.19873814830602776 0.37901290473619059 1.2283460869733607
leaf_weight=2102 723 2155 1346 759 2401 1557 1386 1265 2124 1436 968 1378 797 1222 1658 991 3859 1646 734 1618 2381 604 468 867 1206 488 702 1727 586 1939 1045 1074 433 2576 1054 2026 1204 1228 820 2459 948 1658 1353 1035 767 7066 236 2636 1939 1256 2433 3339 2642 440 846 2146 2374 18663 1034 2356 507 2851 945 1050 4305 2484 658 7169 2713 1421 722 113 1031 964 5230 3143 1525 3941 6041 2551 3366 15337 1009 3399 3184 5024 8470 15116 5564 1428 1150 4021 1010 6487 5834 1505 2621 1462 3023 3000 792 11117 2337 1302 106 1469 1752 3535 4499 1508 2016 761 726 1008 3410 4755 1697 169 1565 903 2340 11383 770 1711 5060 114
leaf_count=2102 723 2155 1346 759 2401 1557 1386 1265 2124 1436 968 1378 797 1222 1658 991 3859 1646 734 1618 2381 604 468 867 1206 488 702 1727 586 1939 1045 1074 433 2576 1054 2026 1204 1228 820 2459 948 1658 1353 1035 767 7066 236 2636 1939 1256 2433 3339 2642 440 846 2146 2374 18663 1034 2356 507 2851 945 1050 4305 2484 658 7169 2713 1421 722 113 1031 964 5230 3143 1525 3941 6041 2551 3366 15337 1009 3399 3184 5024 8470 15116 5564 1428 1150 4021 1010 6487 5834 1505 2621 1462 3023 3000 792 11117 2337 1302 106 1469 1752 3535 4499 1508 2016 761 726 1008 3410 4755 1697 169 1565 903 2340 11383 770 1711 5060 114
internal_value=-0.000577479 -0.00145813 -0.000738967 0.000322822 -0.00130941 -0.00227282 -0.00380614 0.00195186 0.00217514 -0.00894485 0.00239871 -0.000788979 0.00180196 0.00140278 -0.00312021 -0.00120048 -0.00282389 -0.00290505 0.00209355 0.0015599 -0.000189429 0.00327267 -0.00216035 0.00282035 0.00176085 0.00484321 -0.00265715 0.00786002 0.00471963 -0.00317522 0.000687177 -0.00372125 0.00089066 0.00574158 -0.00342304 -0.00401976 0.000265816 0.00208709 -0.000659853 6.42028e-05 0.00679544 -0.00446023 -0.00323578 0.00941938 0.00192901 5.99449e-06 0.0039168 -0.00283248 -0.00902883 -0.000947527 -0.00188091 -0.00690034 0.00843091 -0.00314559 0.000812429 0.00120968 0.000965211 -6.79317e-06 0.00494441 0.008752 0.00240261 0.00154643 -0.00606061 0.000780099 -0.00249961 -0.00715393 0.00201456 -0.00765176 0.00148125 -0.0031638 -0.00660843 -0.00250425 0.00455773 -0.0109439 0.00320605 -0.00554587 -0.00280593 -0.00637644 -0.00362113 0.00415243 0.00800101 0.000715401 -0.00277939 -0.00250612 0.00205805 -0.00310053 -0.00114067 -0.0042448 0.00555719 -0.00924724 0.00651106 0.00472982 0.00222826 0.00213103 0.00432979 -0.00500839 -0.0073501 -0.00646316 -0.00249821 -0.00270936 -0.00901639 0.00106166 0.0068705 0.0148928 -0.010076 -0.001028 0.00171773 -1.93274e-05 0.00384761 -0.00946898 -0.0121622 0.00778575 -0.00295067 -5.83204e-05 -0.0016486 -0.00364402 0.00970093 -0.00534488 -0.00468815 -0.00195822 -0.00438663 -0.00339693 0.00830925 0.0017088 0.00440346 -0.00214539
internal_weight=320358 242708 185800 109803 52199 75997 56908 9888 77650 6681 76135 48914 57604 54489 50227 46513 48841 66109 72976 63658 26659 9671 16988 36999 52124 11480 3293 8187 5679 63954 7921 56033 40644 9318 54094 46570 7524 32739 42651 35824 8584 6827 38327 3159 6470 8331 1841 36301 3285 14607 12989 4997 4260 47183 7006 39422 28792 22071 3408 3115 31872 25080 1452 36652 6451 3862 23628 8243 30201 34948 5667 39383 1471 1452 6275 4579 11733 7800 7032 6721 3952 15995 37912 36371 4193 32178 11869 20309 6792 1541 1618 7633 1830 26151 8547 6559 4126 2365 29281 4050 1515 17604 2770 2508 1568 5632 3221 5174 5266 4246 2738 3612 26645 5144 4418 21501 2665 15285 2411 1139 18478 13723 1374 4262 6008 3649
internal_count=320358 242708 185800 109803 52199 75997 56908 9888 77650 6681 76135 48914 57604 54489 50227 46513 48841 66109 72976 63658 26659 9671 16988 36999 52124 11480 3293 8187 5679 63954 7921 56033 40644 9318 54094 46570 7524 32739 42651 35824 8584 6827 38327 3159 6470 8331 1841 36301 3285 14607 12989 4997 4260 47183 7006 39422 28792 22071 3408 3115 31872 25080 1452 36652 6451 3862 23628 8243 30201 34948 5667 39383 1471 1452 6275 4579 11733 7800 7032 6721 3952 15995 37912 36371 4193 32178 11869 20309 6792 1541 1618 7633 1830 26151 8547 6559 4126 2365 29281 4050 1515 17604 2770 2508 1568 5632 3221 5174 5266 4246 2738 3612 26645 5144 4418 21501 2665 15285 2411 1139 18478 13723 1374 4262 6008 3649
cat_boundaries=0 1 13 25 36 47 58 70 81 93 104 115 126 138 149 160 171 182 193 204 215 226 238 248 259 270 281 292 304 315 326 337 349 359 370 382 393 404 415 426 438 449 460 472 484 494 505 516 527 538 550 560 572 583 594 605 617 629 640 651 662 673 684 696 707 718 729 741 753 764 775 786 797 808 819 829 840 850 861 873 884 895 905 916 927 938 949 960 971 983 994 1004 1015 1025 1037 1048 1060 1071 1082 1093 1104 1116 1127 1138
cat_threshold=10008 2162688 67108864 8194 1073774592 1073741888 1064 131080 384 1074008066 2109440 2550333504 34 16793856 16 8388737 0 1073745924 488 512 163840 413139080 6291968 2147483968 8 2147500032 16777216 65952 2181169152 0 1073807744 4195328 2160067084 136314896 805306384 69952 234885376 135299104 2097152 16809984 33718400 33558912 2151677952 40960 16777216 268566534 12591104 83886081 17829888 153092096 33685632 536879104 1088 9437264 2164293632 1073741825 263240 4194369 129 1107296256 294912 4 67109156 12591104 344195584 262400 8454144 69206024 16912960 64 1 516 512 537919746 8921124 12624064 260 526344 12648480 536870912 1024 83902465 1080066180 2 33554432 2155876416 4096 2181038160 3072 278925312 655872 2147483648 64 153092096 67109508 0 1085538436 1141375040 9437184 131328 0 71368736 13312 16777216 34078786 656 82496 134217728 1081792 33554816 67240960 0 537920000 37752864 1052672 336592897 46270464 8388608 262400 1083179040 0 8320 17309696 138413096 536873024 4194336 2147518465 134250496 8192 3238528256 3288335360 4214784 294916 128 2147483648 335553536 16842752 16 4096 32768 32768 8930560 470941760 5243008 2286026752 4595968 4096 2064 8389632 17301504 16778240 384 0 2684362752 671088680 192 2152206337 69206145 1842176 2415919104 35127296 2097152 8409089 2097152 536870912 256 2147485440 2148536321 4104 33561098 277348352 524544 134218752 8397312 587612164 32 4198464 76021888 320 25165856 524288 2148073536 8388612 8390656 402915713 0 268435456 671088640 0 2151811072 1209008145 135266624 69 1048580 16777216 272891904 655360 268435456 99360 35127296 2051 1207963786 1611005954 4194368 131072 8394752 16781312 147460 67108864 537002024 0 528387 17825810 671089728 12582981 134348928 2097168 8392704 33554432 4106 20736 1568 2155872320 1312882704 772 528384 8388608 1073741824 134545568 16779392 8224 134284296 34603008 32768 134217776 671220744 4718592 64 50348032 1107304464 10551296 256 1342211136 1073741824 201326848 4981120 1077938208 2097280 134283266 67109136 33280 1075052552 1048576 4227136 4325640 8704 17825824 8192 17828864 17301504 69207040 65666 1 2147483648 1073759304 524288 16781312 1048577 1049632 4 2752640 8388640 268435588 2147615744 2155880448 138560512 262656 25165824 8389632 134218240 2151682112 269484036 4 406867968 16390 4096 98688 8913408 1049602 4096 570425858 4194564 2248232964 2147484192 50180 1 1048580 33554432 4326416 270336 2 2147487748 16908288 64 134299652 16777220 16777536 526344 2684354816 1073745952 3254779904 13631496 65666 131584 268435712 524288 75497472 17047809 264192 603992064 65536 8388608 8392707 142607360 263936 268501248 0 16777216 138412288 655368 268435456 32 8388672 8392705 0 0 261 287834144 1342701568 65536 2147483649 128 294912 67633152 0 562036736 2151683138 2416050688 80 0 0 285212672 131080 67108864 671088672 1049024 12976129 17 203161920 524288 62916608 256 2048 10272 134217736 34078784 1081346 9437184 1179776 4260161 18944064 524288 12853248 270532866 576 131072 0 524384 4260896 136315396 4194304 8 8388608 16782336 20971520 131072 335544320 40 9437184 4096 144 320 524288 134218049 2097282 1064960 1050625 33554432 301994112 0 2147484769 16777728 2048 1122304 25165824 150994944 155451393 2147483648 335544320 545260584 524288 8388608 1160 1835840 256 2097152 1157629958 2 2148796416 67108864 1179712 4980736 4227202 1048577 655360 16843072 2155872256 2097152 8392707 671105280 2147483648 1073741832 132224 22020098 1210057728 537396224 2147483649 8 75497472 0 16777504 34209792 67108864 131072 9437312 2 1 1074004736 524288 17842176 16777216 20971937 131072 2048 134283264 64 1050627 128 537134592 524545 20971520 3254912000 402657312 536870914 33554432 268435456 1376784384 33056 134217730 2228352 8388672 8 269484032 37752832 8388896 0 2147491840 134234120 524304 1706496 1074794497 536875016 524353 8 2049 140542002 8449 131082 8388640 33607680 33555088 8992 1073741824 1073741826 1179648 4195616 0 8 67108864 65536 2223505600 294915 83886208 1074398464 526853 16779266 1048704 294912 1074790402 7168 8389888 528384 17 27262976 34865184 16842817 0 58720256 406847616 33947648 0 671105024 1048576 2161115136 134217744 2 8388608 67108864 16777216 262144 131076 2048 0 1048576 4097 4194312 537395200 524544 17301504 18874372 16777250 2359296 12288 537919552 1048864 1048584 135267329 135529088 65537 16 1048576 16777216 138412192 0 268435456 131104 0 1 16 536870912 268435460 0 8663232 2097152 536879108 537002112 1073746048 2148565025 1073742848 3328 68 8 76562432 5120 4194304 2048 268441600 134283552 1048576 2147516417 136320128 3277312 2147483712 8388612 16777216 150995201 262144 0 537001984 524288 2147487745 134217865 1209270592 524288 268435456 1090519040 21233664 1081608 10240 1073938440 33554496 2155876353 2097152 33824834 3076 34078721 1140851718 65536 0 536871040 33856 524288 4097 8388609 37884928 268567045 8 537083904 131072 8945856 2181578752 1280 73792 2148012032 1025 2101248 133120 1048832 64 16384 9437348 285212704 536872960 10496 197696 128 1048576 1049609 135266304 4260097 336068608 35651584 2097152 262148 536881472 0 75497728 512 1074794498 132104 272826368 278937600 16777216 0 131072 0 536871976 2147483712 5242880 2097152 1209270336 257 0 8388608 128 131072 0 671219752 1048576 1 134217753 0 524288 2637828 71309312 25169920 539099136 2304 32 138412032 9961986 1048576 12292 513 303038468 2097156 4231296 0 268435584 131328 34210304 4725248 134217760 35651584 8978432 8 277872640 50336768 138412320 33685512 268443648 134283264 524288 526338 1053713 1048896 4194308 285343744 16777248 257 264196 0 0 2189426752 4096 0 134349824 4194308 8388608 1024 268439585 131200 67108864 1245184 1048832 2147614722 268439553 262400 524293 212992 12582912 0 33556488 2048 131328 64 21757952 0 8 8454148 8 2113536 12582912 65792 128 2048 16384 132224 2 128 33561600 2415919104 8 335548416 1048640 8388736 128 8200 8192 2281702144 4458048 1142952065 134217732 517 8388608 16782336 4194304 0 335544320 536870912 0 0 16 320 1024 3145732 4096 262176 35651592 67108864 5242880 5898320 26478592 0 1611137088 8388612 3277056 81791012 4194306 8423428 268435460 536936488 12582976 1572864 0 1073741834 524288 8388608 18882562 1310721 2097160 536875012 64 524448 2147489792 8388656 537397520 2420244480 285212672 8390662 262400 0 2751471616 8519712 2181038080 2149188097 135266304 1073881600 276824064 0 0 0 0 0 134348800 0 0 1 1048576 0 5120 4194432 33685504 0 536870912 256 2147483649 24 536870976 1 1048576 4194304 4194560 33685512 2048 16424 1104 12589057 1073741848 1073743168 0 137728 272629760 8914944 1073743872 135266312 135791104 285347840 67109018 536870922 268435456 277872640 1024 4194304 34816 2147483648 1610743808 9437184 272764928 2 537919808 2148007936 8 18890752 4096 4194592 9570304 269492224 0 34078752 6144 67112968 1073754944 260 0 4198400 155189248 131072 268435456 4263968 64 16777216 1024 537134080 5 131072 0 134217856 0 0 4202496 9437184 1 130 262144 2147549184 8388608 6307841 130 2181046308 8 0 17302017 3146752 570564616 68 8388608 4096 16777217 0 268435456 66568 524288 524290 134217745 1048640 4784128 1048576 16777216 268435584 8 268435456 32 0 8388608 16 524352 524288 269484036 16778240 138412064 34816 8192 131104 143663104 2164396034 2 8 2152202308 1048576 0 4194304 0 335544320 536870912 8388736 2147483648 129 536871168 1 8388608 41943040 406847488 0 268435456 134283296 524416 8912899 134217744 262400 524549 4 4200448 25169920 135399424 4096 1024 524544 26214912 134218800 1744830784 257 8 0 25166852 402919424 33685504 268437504 196640 9437248 2147487746 134217736 1074528768 4 8536068 2189430784 288 131336 268435712 536870944 8388624 786688 1073741824 1610874944 0 12582912 1 33554432 2147483648 148544 0 32769 1049609 2120 8388608 4 71305216 262273 2097156 32768 8 33554448 524288 0 401408 0 17827840 256 16384 2048 65544 8388608 1179648 67108864 140544 293732608 8 0 33555488 262432 131072 34816 132128 1048640 4096 8 0 4194305 2155872260 67108864 21233664 580911232 67109164 327680 1152 12 2182119424 2151677960 524288 16 1048576 4195328 268435584 131080 67108864 536870944 9961472 17993728 16 1310720 256 8404992 1024 272891905 2147614720 268435456 1024 1311232 2164260866 2098192 1074790656 256 67108864 16777216 0 33554440 0 0 9437248 266240 0 2097152 524288 8388608 4260 262560 538312704 34816 1107493984 400 0 1 2359296 65536 4096 68 2 17039362 2176 256 276987920 1212416 67108889 1106 285213952 8 0 8388608 419430401 131080 0 0 0 0 134217744 1744830720 524288 276840452 33792 4256 4 2415921156 1056 34078720 524288 2097201 136 16777280
is_linear=0
shrinkage=0.1


Tree=17
num_leaves=127
num_cat=95
split_feature=16 5 15 4 13 2 2 1 1 1 14 1 2 1 2 2 1 1 1 15 1 2 2 1 2 2 6 1 18 1 1 1 14 1 2 2 1 1 2 1 1 1 5 2 1 1 2 0 15 2 2 1 1 2 2 2 1 2 2 5 1 1 1 1 1 1 2 2 15 2 2 1 12 2 2 2 2 11 1 2 2 1 1 1 2 2 1 2 2 1 15 1 2 4 1 1 2 12 2 2 2 2 2 14 12 1 2 1 1 1 14 5 14 2 11 6 2 13 2 1 1 15 11 10 1 10
split_gain=67.0654 36.3089 33.7447 29.024 21.9349 22.1367 20.2488 18.5307 18.1997 17.7707 17.787 16.6042 15.3948 15.2128 14.9308 14.6635 15.0419 14.1902 14.0039 13.7558 13.5169 13.3809 12.7406 12.975 12.4886 12.4489 12.1584 12.1534 11.7913 12.7754 12.3693 10.9907 10.9849 12.1134 10.7586 10.6195 14.825 9.85582 9.7024 14.1206 12.4416 9.40805 9.40634 12.4155 12.444 10.7049 10.9644 9.24759 9.22112 10.8583 10.4776 10.3802 9.03533 10.291 9.09731 8.88335 8.31617 8.26257 8.19409 7.83801 9.3356 9.20163 7.76036 7.63771 7.61522 7.40257 6.95952 6.85321 6.72215 8.97434 8.90731 8.25154 8.22815 7.65858 6.84875 6.64237 6.57399 6.53478 8.80671 9.71846 7.98517 6.37198 6.34396 6.21386 6.18391 6.18352 6.18 6.08452 5.99253 5.93689 6.15345 5.47714 5.47082 5.42748 5.27004 5.22726 5.19619 5.16417 5.11417 5.09473 5.01422 5.00321 4.93652 4.8594 4.84796 4.91614 5.06692 4.80129 4.78999 4.75015 5.08138 4.72436 4.69047 4.62348 4.51448 4.48684 4.46555 4.38239 4.37324 4.37011 4.35037 4.47963 4.33994 5.91054 4.36674 4.34653
threshold=0.2324115335941315 590.50000000000011 3968.5000000000005 17.500000000000004 22.500000000000004 0 1 2 3 4 21.500000000000004 5 6 7 8 9 10 11 12 4011.0000000000005 13 14 15 16 17 18 6.5000000000000009 19 0.12850634753704074 20 21 22 66.500000000000014 23 24 25 26 27 28 29 30 31 660.50000000000011 32 33 34 35 36 2687.5000000000005 37 38 39 40 41 42 43 44 45 46 390.50000000000006 47 48 49 50 51 52 53 54 2678.5000000000005 55 56 57 911.50000000000011 58 59 60 61 6.2145688533782968 62 63 64 65 66 67 68 69 70 71 72 73 394.50000000000006 74 75 14.500000000000002 76 77 78 295.50000000000006 79 80 81 82 83 36.500000000000007 874.50000000000011 84 85 86 87 88 40.500000000000007 360.50000000000006 27.500000000000004 89 5.3524198532104501 4.5000000000000009 90 11.500000000000002 91 92 93 680.50000000000011 6.0672607421875009 245.50000000000003 94 69.500000000000014
decision_type=2 2 2 2 2 9 9 9 9 9 2 9 9 9 9 9 9 9 9 2 9 9 9 9 9 9 2 9 2 9 9 9 2 9 9 9 9 9 9 9 9 9 2 9 9 9 9 9 2 9 9 9 9 9 9 9 9 9 9 2 9 9 9 9 9 9 9 9 2 9 9 9 2 9 9 9 9 2 9 9 9 9 9 9 9 9 9 9 9 9 2 9 9 2 9 9 9 2 9 9 9 9 9 2 2 9 9 9 9 9 2 2 2 9 2 2 9 2 9 9 9 2 2 2 9 2
left_child=1 7 4 19 5 47 18 84 86 92 12 93 94 116 -6 27 67 85 -5 24 118 -10 23 -18 108 -16 48 -9 30 -30 -24 88 35 -34 119 36 -33 115 39 -13 96 -23 45 63 97 103 -47 101 50 -50 -22 102 53 -19 56 -21 -54 64 104 60 -59 99 -20 -44 -39 75 81 -17 70 -70 -60 -72 73 -73 -74 -56 95 78 100 -80 -79 -46 -42 -41 -1 -14 -4 -53 -26 -68 -91 -38 -7 -12 -11 -63 -40 117 -88 -61 -48 -3 -52 -37 105 106 -27 -51 -2 -25 -111 -66 -104 -43 -78 -31 -8 -45 -15 -28 -82 -122 125 124 -124 -84
right_child=3 2 8 6 14 9 13 15 21 10 11 38 17 20 25 16 22 52 62 55 26 41 28 109 31 58 34 -29 29 37 -32 32 33 -35 -36 42 91 57 40 83 82 113 43 44 66 46 77 -49 49 107 51 87 54 -55 65 -57 -58 59 68 61 -62 76 -64 -65 111 -67 89 -69 69 -71 71 72 74 -75 -76 -77 114 80 79 -81 120 -83 122 -85 -86 -87 98 -89 -90 90 -92 -93 -94 -95 -96 -97 -98 -99 -100 -101 -102 -103 112 -105 -106 -107 -108 -109 -110 110 -112 -113 -114 -115 -116 -117 -118 -119 -120 -121 121 -123 123 -125 -126 -127
leaf_value=-0.54702494115326761 -0.19289562372895672 -0.25646955446887548 1.0023002098074005 0.075209280795260236 -0.19534214998304986 -0.14458238408778887 0.2706788199168953 -0.39679129660436563 0.31699112627603843 -0.15693084703094673 -0.36373998903927274 0.39964233259758974 0.28342190344314772 0.061548525750281372 0.21123087630187642 -0.30025812858243051 0.073708082511892856 -0.20101977607895893 1.4323310566872633 0.0026420112354697879 -0.23381797796288586 -0.29570401345281344 -0.0069444381188098706 -0.25340035116798382 -0.0016515318015176473 -0.042899277296159014 1.477545390689895 -0.096341854483742398 0.11186385680475959 -0.19742864438731847 -0.31929099357853341 0.21549763702022676 -0.12836894441395083 0.33442313569800525 0.17245347834059893 0.094950053715522259 -0.382098516102654 0.050450610273806262 -0.092477642168178775 -0.16604551556250688 -0.19574229074868033 -0.12174909734089022 0.056577599660051381 0.50493768636183345 0.023592862627671352 0.1100962415611913 -0.2027611373366261 0.20591911558421769 -0.020960224362532556 0.22128146315287456 0.43525383141912033 0.37772525361556819 -0.11234822753396077 0.061658593171287281 0.042601048711868511 0.40215910761724072 -0.41835638123339047 -0.23023702809229452 0.078156870446164248 0.058862141992917616 0.013623806928227823 0.24500608458526463 0.58867222645382733 0.41038384353999241 -0.35735639124728052 -0.26010801389535426 -0.16896752429330866 -0.091112928338858978 -0.10182405554058992 0.10812525402403073 0.098000303786680149 -0.013337153466810837 -0.1608765810521324 -0.18828323806127437 0.20476608488619197 -0.13648040259462021 -0.07472700672655623 -0.14169583671819561 -0.35257980882997003 -0.10923174404752088 0.32529464168607891 -0.30570695146931692 0.12257421624168625 0.065662058250668495 -0.13553382618202756 -0.027214803039027215 0.52033957204809311 0.11081450147780135 -0.34772770189005375 -0.605591989641864 0.092836998588153474 -0.13322943534409024 -0.45418340534192164 -0.16898030643729334 -0.45470249346533759 0.096447000671591135 0.18585286799688686 1.7932488212202138 0.20628921055497004 -0.10467302292187775 -0.027884620494136494 0.081958162132324056 -0.1919174079756025 0.85609479277878942 0.36010282427485962 0.019772912503787234 0.37663501858681347 0.60356100620683106 0.2973789485722157 -0.17809286939154001 0.12973650325169769 -0.13458650655131507 0.25640257593256049 0.078750169338726167 0.089160101227843125 -0.081436236282428187 0.98226000105699951 -0.049343575587432957 -0.42795547536554113 0.66350957886615403 -0.39071289314173679 0.062248562887428444 0.41135148281257961 -0.089178657842980472 0.076874108061819074 -0.10110055960163092
leaf_weight=1157 354 493 353 1858 2901 774 485 1722 3153 883 1354 2094 1213 598 4368 3806 1693 2160 716 1277 2169 590 1381 4935 938 510 1016 1642 2192 3370 1620 1317 1393 3210 2187 3064 2310 1696 1078 1607 5043 2330 1909 1209 1769 3068 1799 2633 2591 1926 623 3349 2058 4081 3118 1992 3388 2722 5710 1648 3411 2016 3841 2718 951 5268 2009 2082 2839 9136 2570 3676 699 9397 1154 5288 2849 1726 2721 3508 1348 2446 654 6809 758 1389 1678 7574 1645 210 9981 4613 2450 3016 2131 2768 2739 158 2855 4390 8236 1008 4477 292 1354 6509 1025 2783 2918 4034 487 4304 1050 5918 3063 2476 1385 580 1226 1606 248 918 569 1421 895 9511
leaf_count=1157 354 493 353 1858 2901 774 485 1722 3153 883 1354 2094 1213 598 4368 3806 1693 2160 716 1277 2169 590 1381 4935 938 510 1016 1642 2192 3370 1620 1317 1393 3210 2187 3064 2310 1696 1078 1607 5043 2330 1909 1209 1769 3068 1799 2633 2591 1926 623 3349 2058 4081 3118 1992 3388 2722 5710 1648 3411 2016 3841 2718 951 5268 2009 2082 2839 9136 2570 3676 699 9397 1154 5288 2849 1726 2721 3508 1348 2446 654 6809 758 1389 1678 7574 1645 210 9981 4613 2450 3016 2131 2768 2739 158 2855 4390 8236 1008 4477 292 1354 6509 1025 2783 2918 4034 487 4304 1050 5918 3063 2476 1385 580 1226 1606 248 918 569 1421 895 9511
internal_value=-0.000485537 -0.00155611 -0.000678485 0.00146986 -0.00123688 -0.00232879 0.00357694 -0.00355452 0.00352255 -0.00274292 -0.00239683 -0.000910574 -0.00416277 0.00262873 0.00034524 -0.00324966 -0.00287545 -0.00342652 0.0087393 0.000254577 0.00213199 0.00142071 -0.00233197 -0.00532754 -4.73657e-05 0.000758829 0.0026195 -0.00966212 -0.00151345 -0.0010355 -0.00754748 -0.00034964 -8.60284e-05 0.00461655 0.00724683 -0.000458242 -0.00378182 -0.00149128 -0.00012951 0.00236692 -0.00132755 -0.000576401 9.11331e-05 0.00157684 0.00040823 -0.00117721 -0.00192944 0.00477799 0.00178208 0.00480822 0.00063403 0.00146637 -0.00414844 -0.000839866 -0.00522739 0.00659223 -0.00868768 -0.000754325 0.000259032 0.00016392 -0.00289418 0.00128481 0.0117254 0.00620013 -0.00377101 -0.00384391 -0.000490107 -0.00766361 -0.000441874 0.00148225 -0.00143497 -0.00255341 -0.00345474 -0.00434101 0.00277928 -0.0019962 0.00304502 -0.00276397 -0.00367683 -0.00662766 0.000731132 -0.00398817 -0.00242225 0.000534061 -0.0132208 0.00359877 0.00866013 0.00331565 -0.00672966 0.000720721 0.00170081 -0.00563248 -0.00998763 -0.0066895 -0.0109458 0.00579892 0.00385419 0.00794584 0.00762712 -0.00183532 -0.00183673 -0.00148908 -0.00181818 0.00409982 0.00288053 0.00195177 0.00702265 0.00766052 0.00597197 -0.0067716 -0.004403 -0.00565052 -0.00277226 0.000302737 0.000810537 -0.00524249 0.011383 0.00645612 -0.00621592 0.0115502 0.00431854 -0.000170068 -0.00125574 0.00216638 0.00662568 -0.00222823
internal_weight=320367 207023 143850 113344 126973 75125 41460 63173 16877 70991 67767 36790 30977 35045 51848 61258 57894 27963 6415 71884 33175 11991 52006 11149 68615 48947 31351 3364 40857 37856 3001 65343 62760 4603 4809 58157 8240 35664 32420 10510 21910 8838 49917 22989 18362 26928 23572 4134 26542 7300 19242 17073 25361 6241 19120 3269 5446 29818 44579 22867 6133 16734 4557 4627 6951 13674 16415 5888 35181 11975 23206 17496 14926 13073 1853 8406 10696 20504 16264 6229 4240 4215 18093 8416 1915 2602 4886 10923 2583 12200 10191 6923 3224 4370 3014 4784 3817 1947 4533 6038 10035 1501 6150 3356 9398 8044 1535 4709 3272 9456 4521 5255 5527 8248 5912 5846 1870 1789 1824 2622 2514 1166 13050 2885 1464 10165
internal_count=320367 207023 143850 113344 126973 75125 41460 63173 16877 70991 67767 36790 30977 35045 51848 61258 57894 27963 6415 71884 33175 11991 52006 11149 68615 48947 31351 3364 40857 37856 3001 65343 62760 4603 4809 58157 8240 35664 32420 10510 21910 8838 49917 22989 18362 26928 23572 4134 26542 7300 19242 17073 25361 6241 19120 3269 5446 29818 44579 22867 6133 16734 4557 4627 6951 13674 16415 5888 35181 11975 23206 17496 14926 13073 1853 8406 10696 20504 16264 6229 4240 4215 18093 8416 1915 2602 4886 10923 2583 12200 10191 6923 3224 4370 3014 4784 3817 1947 4533 6038 10035 1501 6150 3356 9398 8044 1535 4709 3272 9456 4521 5255 5527 8248 5912 5846 1870 1789 1824 2622 2514 1166 13050 2885 1464 10165
cat_boundaries=0 11 22 33 44 55 66 78 89 100 112 123 134 145 157 168 180 191 202 213 224 236 247 258 270 282 294 306 317 327 338 349 360 371 382 393 405 406 417 428 439 450 461 472 483 495 506 517 528 539 550 561 573 584 595 606 618 629 639 651 663 674 686 697 708 719 729 741 752 763 774 784 795 806 817 828 839 850 862 872 883 894 905 916 926 936 945 956 967 979 990 1001 1013 1024 1035 1046
cat_threshold=872415360 138412036 25165826 2156922880 75530240 4194304 2282225792 17039872 1080033312 524296 8388608 268435461 2147483650 4272128 5 268435458 32768 8388736 9830400 8392736 1242040362 1 33558593 167772688 10551808 167772161 1089792 33554432 5152 32772 536870914 524292 1048640 276824064 33554436 134217728 4 8196 536870912 34079232 22024194 8388617 1209401666 8388608 2183135233 1075847936 66048 142606592 2155872320 167788544 264032 0 2080 16 268436512 16777476 138412064 10502272 14 141440 1024 4194308 1081860 37814272 4227 4096 16777504 0 402685956 134234112 1107304480 1207992320 67108864 8553536 872415232 537012224 0 42 281018496 48234758 8388608 262400 268447744 0 33554448 262144 1477443712 524802 268444224 151013377 1577472 16777216 553648129 8192 4194304 335675668 269746184 65568 2722103296 16777216 16777216 335550500 2162688 524290 1073742852 1048584 134348928 131072 67108897 1024 2432696896 8 14680064 67114112 16386 8389632 33554528 32896 3260284928 2155872273 4194304 33554632 4096 256 134217888 4096 1048580 4 8392704 2185232400 576 2167938 537403906 2148077568 268435456 136314880 402719488 1048576 6144 134365280 4718592 1313289 1073742848 1049120 268435712 2625536 134217728 0 538968068 2684356608 268435808 2148007936 16779522 5121 537015296 4194304 8 1048576 4194308 134221856 33554560 8192 1614811136 131584 17862656 1216348184 1312778 2155872320 2048 8519680 16810368 1074921476 2415927296 165024 1048576 2147483648 9437192 2304 143196416 32 17842180 1073776640 36897 2097152 536875140 0 67240448 4325376 33 136458496 196609 0 1073741826 514 671368452 2 310386752 1280 1032 128 1611137188 17829888 2147483648 2149581840 256 2416460800 167772416 1048584 8389760 2164269121 4194304 2072 576 67239936 16777216 402653344 2228232 268435460 536936448 1048768 21104640 135267337 1745092608 8388608 2281701376 4325444 1081344 1090519040 2214727680 24640 134217988 266240 2155942016 268435473 0 16 65540 1073743872 4352 16512 67108992 4195328 131088 4326400 65536 1077936128 2151677956 169869312 67109120 8388608 2147483648 67112960 269484160 167772160 820224 318772258 1076888576 8527872 0 18874368 16855680 168820736 2147491840 131136 8389632 2155876355 1073741832 133224 2415919104 8 3145728 134221824 419692544 33685512 0 69632 34603072 2147489793 2098179 537920000 268960000 8 0 2164261152 143197184 34818 4608 134234112 4718720 8913024 4198402 2097664 2147615232 8 1605632 3221225472 12290 671105281 2048 131136 4457472 1180288 8 36 268505152 24 285360132 1073743872 20983909 524288 0 1073872896 67240000 9472 136315392 1073742336 2147614752 8388608 5120 268435456 33685504 268435456 8 1048640 8390657 8 262144 276840512 8421376 4227074 262144 1342177284 1048584 33554432 524289 1073741824 1077281352 2282356736 0 16784512 135266304 2149597184 638582784 1073741824 1081344 16913441 33280 171969544 1048576 0 0 299009 35651584 0 1077944320 2147614976 262144 0 1032 64 371326980 67141636 21233792 0 1056768 131072 16 2147493888 1084227584 134217794 276827392 16908288 16777222 4194305 33554692 805314560 69888 8389120 2147619330 67108864 34078728 16778560 343949440 14680064 256 0 8192 704660520 512 0 1076887569 272384 2164261381 134217728 35654660 0 3145728 67110912 392 67117568 22020608 134217760 267274 65541 16 12301 8388608 25167872 285474944 2099208 67110916 536876032 1048832 2164262912 1211106304 64 12582980 2183663616 33554432 524706 51200 0 20512 2516583456 2147520512 33554440 2147484160 320 152043520 16777216 150995104 2148532232 0 541265928 268435456 2151682049 8388632 68 2304 93454336 4195328 2097153 570428416 1409286144 5243936 0 5243137 5242880 67109952 131840 8536068 1024 262144 570556548 524288 536936448 9437248 4200450 1314832 134217984 2151809028 1048576 0 262560 786560 4096 9437192 33685776 2049 134217744 1078198274 2420113412 268435456 12587008 155193601 33554432 0 134218752 33554432 4329474 136315920 134349376 64 0 50331728 419430432 278528 8192 536936448 9961472 2147489792 75497472 1310720 64 8 268500994 51380240 268435488 278528 536875008 8405248 67633408 5542147 1073741824 402661376 4 33554464 16777344 33440 32768 131076 134218784 4198464 131088 243270657 134230018 2147680256 1114112 18874400 402653184 1048706 2048 32 8912896 1575424 17825801 1444098 524288 589824 16777216 134218112 2147764224 1342177280 147850272 524800 269484546 1140884480 8448 268435460 16777216 1090519040 8658978 2281963520 2147492096 66560 0 524290 134217776 2098184 16777216 9437184 18878466 138412067 393224 2147483648 5120 8388672 4097 2097160 537133056 268960064 1116162 1056800 262272 34824 1073744896 0 8913024 16777248 1090519040 132354 411107328 64 268500996 16779268 4456576 2752640 2048 536870920 8519680 2164656128 134217753 1075052544 65 16384 174063616 268439552 2156920968 2684354560 4194560 8659456 22024192 1025 1314816 4259841 9437184 0 407109760 393352 0 671088672 1048640 4096 1048 134218304 131072 268435460 1086324740 272896000 393220 268439616 147520 1049088 4194816 2097152 512 9437184 8 9043968 1115684864 268697665 8781832 268439688 1074069824 2147483648 12582912 19922944 268435968 8388608 0 4096 16777216 0 0 8 0 0 9 1310976 1052674 2086 2162688 1073741830 1140852800 131072 262176 525056 0 2229632 256 24 0 67108902 142606336 1107296390 1073741824 0 33554432 528898 4096 1075971456 4194560 24 147461 60818432 4096 131077 2415919104 16608 9437248 5243136 8388618 134217984 4160 540800 2097152 134221825 545261704 160 1610678272 16 16779784 2166800 5505024 135168 64 17825792 4100 20971650 33554436 2147485696 8585216 524352 2160067072 201326728 167772490 268435456 10502144 4096 16777601 131080 2148540416 537001984 16 131075 0 1179904 281542656 16640 0 16777248 33685504 0 4096 64 2147876864 1075838976 1048640 3136 8912896 1024 419692544 131080 1048576 131104 1048576 4194305 1073741824 320 276889600 34603012 262144 0 36 131528 234881040 524288 70258688 1612840960 21102592 24 2048 16779392 16777216 2148663424 67109888 537034752 1083711488 2151689240 16777232 272629760 64 0 2 402653314 8 0 536870952 0 8390656 24 1074532352 256 8388608 2304 4456864 33554440 268435456 536870912 8388680 6145 10 1310784 64 0 0 0 0 0 0 33554432 0 1 1310720 67125248 4194304 268435457 131338 603994112 536937472 0 16779904 1210057856 260 2147549188 1048576 4096 150994944 33554440 67110912 0 0 4196352 33554433 256 256 524288 4198400 134217984 262144 0 1024 0 2048 1210056720 671088640 269025281 16384 4194304 134217888 1048580 8448 671171616 16 8388617 3145728 537137664 2147483648 0 0 262400 0 0 537002016 9437184 8519680 1026 1207959552 261 68288516 25166848 155189248 131080 67108868 8 524288 397312 9 0 2148007936 1048576 32 268435456 2097154 4 0 128 526336 17825793 3276800 4194561 8 0 0 0 8 0 537002016 0 0 0 1073741824 1048576 50333696 134217728 2048 1073741824 536936456 0 5767168 1 1073742402 13107457 524288 4194304 16385 536870912 67108864 65536 2189427200 8912900 16782352 538972800 4195329 293601284 134217728 262272 0 268435712 537067520 2181038080 14336 11535376 33554688 8388608 0 4 16777216 0 67108864 0 0 262144 0 0 8388608 134348800 1277199392 142606336 2147483648 2685407488 264 131072 8 0 136192 0 0 0 33685504 0 0 8388672 0 1 1310976 0 0 32 0 4 1024 0 0 201327616 1048576 16782336 4194305 33554440 0 131072 64 131072 16 262208 261 0 2 262272 0 2048 131072 0 2048 2 0 268504064 335544320 17825796 406847616 133252 0 134348864 192 4096 8393880 1075053568 4194560 8 268517376 0 32769 2113548 1073741824 107584 2155872640 2156003329 4096 134218752 4194564 17825792 8388608 262144 0 0 134218752 64 1 136 536870912 268959744 2097152 0 0 33685504 256 134217728 1048640 2147483648 0 0 260 16 0 0 0 33554440 0 134414336 1048576 2155872257 0 0 524288 1048576 0 289406976 33554432 0 0 8388672 8388608 0 536871168 524288 0 0 0 2048 268435456 536870944 8912896 268435456 134218752 1310784 260
is_linear=0
shrinkage=0.1


Tree=18
num_leaves=127
num_cat=17
split_feature=16 5 8 8 16 15 0 8 11 15 8 8 6 5 8 6 8 15 5 6 6 12 14 15 15 0 8 8 8 15 6 8 12 16 8 8 13 14 9 8 15 14 0 9 12 18 17 5 5 11 16 0 6 0 4 15 0 18 11 9 11 9 11 14 9 0 8 0 6 0 11 0 0 6 8 6 15 0 18 6 11 15 17 8 5 0 15 11 11 12 15 9 5 14 12 4 8 0 8 5 9 11 18 8 11 9 0 15 15 14 4 14 6 8 11 0 5 9 12 16 15 15 8 15 8 0
split_gain=56.1076 31.1893 24.0566 58.5327 23.7488 22.4093 23.7546 17.6669 15.2965 14.456 13.9924 15.7815 14.0537 13.1886 12.9044 13.9736 12.4107 11.3041 11.0177 10.3708 13.7813 10.1347 10.9981 10.086 9.86195 9.79293 9.23609 12.3531 9.2116 8.97456 8.51168 8.50622 8.95966 8.33261 8.96127 8.99379 8.10593 7.95272 7.75571 7.62385 7.29183 7.25034 7.14699 6.78954 6.74267 6.72186 6.69632 6.63853 6.57766 6.44947 6.38059 6.34896 6.31848 6.12306 6.02607 5.93882 6.29738 5.79551 5.76319 18.9889 7.98491 6.38294 9.31791 5.60786 5.41821 5.29326 5.22772 9.41152 7.70774 6.25254 5.02674 5.67097 5.59962 5.2716 5.21164 4.91224 4.89776 4.84098 6.56723 5.00549 4.8352 5.75546 4.75147 4.67043 4.59719 4.55003 7.06315 4.54324 4.53791 4.53659 4.77495 4.53541 4.52163 4.46086 4.42333 4.38414 4.5373 4.31672 4.31411 4.30938 4.89531 4.30243 5.5146 4.30095 4.28263 4.27222 4.25726 4.24 4.2098 4.15722 5.65456 4.15291 4.12867 4.11921 4.11412 4.10289 4.10271 4.37179 4.10051 4.09808 4.0899 6.70175 6.63433 5.3287 4.18224 4.08957
threshold=0.21197035163640979 820.50000000000011 29.500000000000004 16.500000000000004 0.14953874051570895 2846.5000000000005 0 27.500000000000004 6.0924003124237069 4204.5000000000009 17.500000000000004 3.5000000000000004 6.5000000000000009 390.50000000000006 3.5000000000000004 3.5000000000000004 1.5000000000000002 3212.5000000000005 880.50000000000011 5.5000000000000009 1.5000000000000002 906.50000000000011 38.500000000000007 3174.0000000000005 3202.5000000000005 1 27.500000000000004 29.500000000000004 4.5000000000000009 2246.5000000000005 2.5000000000000004 29.500000000000004 1036.5000000000002 0.30338051915168768 29.500000000000004 24.500000000000004 9.5000000000000018 21.500000000000004 290.50000000000006 2.5000000000000004 509.50000000000006 73.500000000000014 2 224.50000000000003 67.500000000000014 0.25460879504680639 0.016778638586401943 730.50000000000011 495.50000000000006 7.7297172546386728 0.28583458065986639 3 4.5000000000000009 4 17.500000000000004 2846.5000000000005 5 0.12850634753704074 6.491549253463746 1178.5000000000002 5.9931154251098642 748.50000000000011 5.3412013053894052 25.500000000000004 342.50000000000006 6 26.500000000000004 7 2.5000000000000004 8 4.2006943225860605 9 10 4.5000000000000009 7.5000000000000009 6.5000000000000009 3730.0000000000005 11 0.25339439511299139 2.5000000000000004 6.1988353729248056 4230.5000000000009 0.014139452483505012 27.500000000000004 1235.5000000000002 12 998.50000000000011 6.947474718093873 4.5148885250091562 348.50000000000006 629.50000000000011 1445.0000000000002 370.50000000000006 57.500000000000007 1018.5000000000001 10.500000000000002 10.500000000000002 13 4.5000000000000009 605.50000000000011 748.50000000000011 5.7239704132080087 0.23840542882680896 15.500000000000002 5.0214490890502939 614.00000000000011 14 283.00000000000006 394.50000000000006 15.500000000000002 21.500000000000004 23.500000000000004 5.5000000000000009 15.500000000000002 2.9095455408096318 15 1265.5000000000002 589.50000000000011 405.50000000000006 0.2324115335941315 2922.5000000000005 2998.5000000000005 3.5000000000000004 3057.0000000000005 24.500000000000004 16
decision_type=2 2 2 2 2 2 9 2 2 2 2 2 2 2 2 2 2 2 2 2 2 2 2 2 2 9 2 2 2 2 2 2 2 2 2 2 2 2 2 2 2 2 9 2 2 2 2 2 2 2 2 9 2 9 2 2 9 2 2 2 2 2 2 2 2 9 2 9 2 9 2 9 9 2 2 2 2 9 2 2 2 2 2 2 2 9 2 2 2 2 2 2 2 2 2 2 2 9 2 2 2 2 2 2 2 2 9 2 2 2 2 2 2 2 2 9 2 2 2 2 2 2 2 2 2 9
left_child=2 8 3 4 25 10 -7 18 14 13 11 12 94 52 19 26 46 23 49 20 -2 22 36 120 48 29 28 -28 -16 -1 93 32 41 34 35 53 51 45 -29 -21 -33 66 -18 -4 -31 89 -14 -11 83 77 -42 -15 -6 98 114 -24 -57 -32 59 60 61 62 -45 80 -27 -41 68 -68 69 -12 72 84 -38 -73 -75 -49 -59 -5 79 -79 81 118 -22 95 -72 86 -30 -25 -48 97 -91 -60 -63 -20 125 96 -10 -13 -17 -46 -101 102 107 119 -94 -64 111 -53 -47 -109 -111 -9 -50 -26 -39 -97 117 -56 -19 -82 -8 -122 123 -123 -124 -3
right_child=1 5 43 7 9 6 17 106 24 47 31 37 16 21 15 33 42 63 30 39 82 -23 55 87 113 64 27 38 85 44 57 40 -34 -35 -36 -37 70 54 -40 65 50 -43 -44 58 99 108 88 75 112 -51 -52 101 -54 -55 116 56 -58 76 91 -61 -62 92 105 -65 -66 -67 67 -69 -70 -71 71 73 -74 74 -76 -77 -78 78 -80 -81 103 -83 -84 -85 -86 -87 -88 -89 -90 90 -92 -93 104 -95 -96 115 -98 -99 -100 100 -102 -103 -104 -105 -106 -107 -108 109 -110 110 -112 -113 -114 -115 -116 -117 -118 -119 -120 -121 121 122 124 -125 -126 -127
leaf_value=-0.31631978361663737 0.28075498179597214 0.28936004983539559 0.048499477117126766 -0.092809356505300936 -0.24767377288458176 1.1357296181299092 -0.13611793580263482 0.35114431255988665 0.060647987719870504 -0.0079919065691258957 -0.79593625276933799 -0.4876554393498852 -0.36997163781061504 -0.26447803346596349 0.44557896259642543 -0.36703970832946081 0.80797516417810356 0.0016962039002352382 -0.090026063768894382 0.12884855008243648 0.083497297248343205 0.10849748029895584 -0.015918777769714867 -0.34435508891318928 0.11225464484635723 0.072264802137694525 0.80421770980637541 0.40348761697401037 -0.45338705277719349 -0.20324152249016889 -0.10578518758949436 1.8441346120451829 2.5874844386389388 0.16756804375365922 -0.25589928643536319 0.21972466821190251 0.042696883053198992 0.2359460808632072 -0.28160143881178989 0.085754130104954918 -0.15466632535113672 1.7781041578797627 3.301290993801361 -0.25289235331251964 -0.17130755110216533 -0.48649672126080568 -0.13693437449090476 0.2883591399869857 0.02846119983775304 0.80404471044182402 0.38470103624464907 0.070088354883262302 -0.097629434562228307 -0.0065291374805211081 0.44728877814211893 0.44753554968126408 0.075927298007600452 0.24569570721468389 0.18839328432974797 -1.2197893077189466 0.13548791237709021 -0.77617435162978543 0.6430397156074944 0.5435675583139008 -0.11136401350716429 1.1328038095582085 1.8093269325006256 0.28170918855816202 0.3963478645074256 0.0048565794074391993 0.02854067957459884 -0.10529491794678406 -0.11667088999513436 0.066184393216165205 -0.10566206287565941 1.0430201420775749 0.74398487217052145 -0.09640633048421253 0.30286970861073881 0.033442506121236275 0.00025638089535817699 1.3287563649377405 -0.11782702852667866 0.27385725740570088 -0.22991668622481365 -0.13824249322136156 -0.15538341090999666 0.55145724805393537 1.220417304840353 -0.46483984112158105 -0.043499020524100845 -0.18567252097851217 -1.5153106236328542 0.67442810732330205 1.1534603494834303 -0.35172227575121906 -0.14761076091754521 -0.21828144661089369 -0.11701471084923823 -0.0098676848713783027 -0.17149936979227928 0.0064898302374794331 0.073616505628965059 0.85732018189713666 -0.41392635972581548 0.0039334386913600031 0.28626234553064239 -0.23179280119873821 0.03538565538956924 -0.097502882938829499 -0.80017416916143169 1.223019744981275 0.23188013222599135 0.32408713194759003 -0.13294319235336768 -0.037039909535094638 -0.36360939810834336 0.086229043119390711 0.32859746989621713 0.40514761127905158 0.84869171661925769 3.4464508810351862 0.023212059377943819 0.37613680974449126 -0.76340619145376787 0.038736854603976405
leaf_weight=4585 1955 2958 766 3897 4391 2315 1347 456 2393 1805 245 757 254 5806 511 843 386 3100 1732 2819 1530 3617 11935 777 3474 2064 694 259 2344 7245 401 240 195 3696 1815 1422 1673 801 1285 306 2673 422 597 4153 3980 454 317 1903 8428 184 1061 604 3458 13102 2903 639 2794 4675 409 720 541 126 153 2132 2839 609 563 1132 4300 1150 11540 13419 9335 5379 4381 426 1335 1924 457 6577 811 132 6212 566 1167 10685 3172 105 456 536 6936 1047 130 105 182 1297 1376 3392 5011 5467 2578 3514 733 754 1250 285 3283 3253 9487 4245 133 403 3588 1159 3252 878 275 6100 1977 1367 705 120 2013 319 104 8892
leaf_count=4585 1955 2958 766 3897 4391 2315 1347 456 2393 1805 245 757 254 5806 511 843 386 3100 1732 2819 1530 3617 11935 777 3474 2064 694 259 2344 7245 401 240 195 3696 1815 1422 1673 801 1285 306 2673 422 597 4153 3980 454 317 1903 8428 184 1061 604 3458 13102 2903 639 2794 4675 409 720 541 126 153 2132 2839 609 563 1132 4300 1150 11540 13419 9335 5379 4381 426 1335 1924 457 6577 811 132 6212 566 1167 10685 3172 105 456 536 6936 1047 130 105 182 1297 1376 3392 5011 5467 2578 3514 733 754 1250 285 3283 3253 9487 4245 133 403 3588 1159 3252 878 275 6100 1977 1367 705 120 2013 319 104 8892
internal_value=-0.000496348 0.000825006 -0.00182188 -0.00151227 -0.00240257 0.00224068 0.00533245 0.00286091 -0.00054833 -0.00164847 0.00132313 0.000573209 0.00340407 -0.00190836 -0.00141239 -0.00222686 0.0111443 0.00393394 0.00169822 0.00130668 -0.000417655 -0.00154277 -0.00177529 0.000273224 0.00162572 -0.00492385 -0.00429024 0.00174263 -0.00509813 -0.00575948 0.00455868 0.00438611 0.00626327 -0.000716521 -0.00144865 -0.000848955 -0.00234267 -0.000566016 -0.00323834 0.00578468 0.000603926 0.00573477 0.019176 -0.00668058 -0.00481578 -0.00175308 0.00345667 0.00413643 0.00059376 -0.000111205 -0.000482057 -0.00412839 -0.00582877 -0.00142435 0.00135399 0.000631182 0.00429653 0.00627827 -0.0074654 -0.00860288 -0.0069298 -0.00796293 -0.00610978 0.00589409 -0.000844698 0.0137158 0.00500677 0.00988201 0.00355575 -0.00290323 -0.00164627 -0.00107284 -0.00351563 -0.0020031 -0.000235656 0.00766423 0.00705491 -0.000377285 0.000903211 0.000276438 0.00469844 0.00287003 -0.00231206 -0.00196621 0.000625147 -0.00551509 -0.00785378 -0.00952381 0.00808538 -0.00338611 -0.00191381 -0.00171703 -0.0136122 -0.00144257 0.00211104 -0.00279273 -0.000729637 -0.0060376 -0.00410982 -0.00336383 -0.00203232 -0.00284982 -0.00401427 0.00794679 -0.0119565 0.00776256 0.00883631 -0.0047541 0.00015592 -0.00539248 -0.00338054 0.0151323 0.00198069 0.00575221 -0.00186282 -0.00636782 0.00275922 0.00312674 0.00233406 0.0056933 0.00214844 0.00406317 0.00168232 0.0128702 -0.000637695 0.00187342
internal_weight=320340 160423 159917 150337 124908 78994 18078 25429 81429 96150 60916 48935 14042 92016 58270 44839 2010 15763 21287 13431 9697 84167 80550 5490 23159 28758 18950 2238 16712 23855 8248 11981 8007 25889 22193 20378 65182 34893 1544 3734 3974 7812 983 9580 19270 21562 1027 4134 18526 13039 3734 18288 7849 18956 13331 15368 3433 6411 8814 7358 6638 6097 4591 10273 4903 915 7390 1695 5695 1395 46894 35886 11008 23179 9760 2329 6010 12855 8958 8501 8141 5209 7742 6510 12707 16201 5516 882 773 11621 7472 1456 1506 1837 12032 5944 3769 4149 5854 12025 8045 12482 8968 2932 1380 438 4142 8235 9941 7631 4378 859 12016 4633 4053 2175 9278 9003 5077 2178 4608 3261 2556 439 2117 11850
internal_count=320340 160423 159917 150337 124908 78994 18078 25429 81429 96150 60916 48935 14042 92016 58270 44839 2010 15763 21287 13431 9697 84167 80550 5490 23159 28758 18950 2238 16712 23855 8248 11981 8007 25889 22193 20378 65182 34893 1544 3734 3974 7812 983 9580 19270 21562 1027 4134 18526 13039 3734 18288 7849 18956 13331 15368 3433 6411 8814 7358 6638 6097 4591 10273 4903 915 7390 1695 5695 1395 46894 35886 11008 23179 9760 2329 6010 12855 8958 8501 8141 5209 7742 6510 12707 16201 5516 882 773 11621 7472 1456 1506 1837 12032 5944 3769 4149 5854 12025 8045 12482 8968 2932 1380 438 4142 8235 9941 7631 4378 859 12016 4633 4053 2175 9278 9003 5077 2178 4608 3261 2556 439 2117 11850
cat_boundaries=0 1 2 3 4 5 6 7 8 9 10 11 12 13 14 15 16 17
cat_threshold=1 7945 8835 11033 817 1 12706 299 8196 4514 2178 9016 10548 12432 24 10275 820
is_linear=0
shrinkage=0.1


Tree=19
num_leaves=127
num_cat=104
split_feature=20 15 6 6 1 8 2 1 1 2 2 2 14 1 1 2 1 8 2 1 2 1 2 2 2 1 11 2 1 5 1 1 1 1 1 2 1 1 1 2 1 1 2 1 5 8 2 8 2 1 2 2 14 2 1 1 2 1 1 1 2 13 1 2 1 1 1 2 1 2 2 2 2 2 1 2 2 2 1 5 2 11 8 2 1 1 1 2 1 1 1 2 2 8 2 1 1 2 14 1 1 8 1 1 1 1 2 6 2 1 2 1 2 1 1 2 1 2 2 2 2 1 14 2 2 1
split_gain=53.3201 32.6566 29.937 27.1316 19.1697 18.8436 19.9312 19.9287 18.084 17.344 16.8276 16.7059 16.6706 17.0335 16.0351 17.2481 15.2866 14.2694 21.5304 20.8831 14.6125 14.1399 13.7303 13.6781 16.1248 17.3533 13.4334 17.8848 13.1418 13.0538 16.1943 12.9656 12.7088 12.6601 12.3669 12.1166 12.0044 11.7934 11.7684 11.5359 11.1137 10.9674 10.6486 10.1357 9.87675 9.3469 15.2429 12.9494 13.5858 9.23538 11.1798 9.1368 10.4755 11.7763 9.00064 8.935 8.90435 8.76013 8.39196 8.3463 8.16736 8.53158 8.46702 8.15187 10.8243 10.4296 8.07358 7.92243 7.87904 7.79654 7.44527 7.26124 7.09045 6.92561 6.84442 8.53586 6.99596 6.78174 6.72171 6.61233 6.60909 6.53997 7.09691 7.81973 6.51795 6.3919 6.36327 6.32598 6.32353 6.26974 6.09734 8.66727 8.31452 6.08358 6.07541 6.07213 5.94142 5.91578 5.91408 8.51631 5.89313 5.82107 6.37871 5.80433 5.74459 5.67818 5.61305 5.61161 13.2927 9.42775 8.78405 10.994 7.49216 7.48647 7.14495 7.55115 5.5496 5.47466 5.41033 5.3174 5.24384 5.6942 5.87682 5.17973 5.17895 5.12063
threshold=0.26918832957744604 3568.5000000000005 4.5000000000000009 1.5000000000000002 0 5.5000000000000009 1 2 3 4 5 6 77.500000000000014 7 8 9 10 17.500000000000004 11 12 13 14 15 16 17 18 5.3524198532104501 19 20 400.50000000000006 21 22 23 24 25 26 27 28 29 30 31 32 33 34 705.50000000000011 29.500000000000004 35 26.500000000000004 36 37 38 39 15.500000000000002 40 41 42 43 44 45 46 47 9.5000000000000018 48 49 50 51 52 53 54 55 56 57 58 59 60 61 62 63 64 424.50000000000006 65 6.4581990242004403 29.500000000000004 66 67 68 69 70 71 72 73 74 75 16.500000000000004 76 77 78 79 40.500000000000007 80 81 22.500000000000004 82 83 84 85 86 3.5000000000000004 87 88 89 90 91 92 93 94 95 96 97 98 99 100 78.500000000000014 101 102 103
decision_type=2 2 2 2 9 2 9 9 9 9 9 9 2 9 9 9 9 2 9 9 9 9 9 9 9 9 2 9 9 2 9 9 9 9 9 9 9 9 9 9 9 9 9 9 2 2 9 2 9 9 9 9 2 9 9 9 9 9 9 9 9 2 9 9 9 9 9 9 9 9 9 9 9 9 9 9 9 9 9 2 9 2 2 9 9 9 9 9 9 9 9 9 9 2 9 9 9 9 2 9 9 2 9 9 9 9 9 2 9 9 9 9 9 9 9 9 9 9 9 9 9 9 2 9 9 9
left_child=1 2 3 5 -5 14 -7 72 86 105 32 34 13 -12 -1 88 73 21 -19 -20 78 -13 84 38 25 -25 27 40 -24 37 69 -15 -11 -14 -6 -28 42 -26 -23 -9 -10 -41 -33 -27 58 47 -47 49 -49 50 -38 -30 53 96 -48 -17 -57 87 70 -54 -51 62 124 64 -22 94 -50 85 -37 -31 -29 104 -8 -2 76 -76 -43 -52 -21 89 -70 82 101 -84 -18 -64 -3 -32 -16 -61 91 -55 -92 -83 -65 -39 -53 -46 116 -100 -35 102 -82 -69 -59 -4 -63 110 113 -110 111 -73 -111 -109 -112 -116 119 -104 -56 -77 -81 -122 -123 -60 -62 -124
right_child=16 8 9 4 11 6 7 39 26 10 12 17 33 31 15 55 22 18 19 20 63 23 28 24 29 43 35 44 51 30 57 36 -34 100 -36 68 45 95 -40 41 -42 74 -44 -45 97 46 54 48 66 60 77 52 59 90 118 56 -58 71 123 79 61 106 67 65 -66 -67 -68 103 80 -71 -72 107 -74 -75 75 98 -78 -79 -80 120 81 93 83 -85 -86 -87 -88 -89 -90 -91 92 -93 -94 -95 -96 -97 -98 -99 99 -101 -102 -103 117 -105 -106 -107 -108 108 109 112 114 -113 -114 -115 115 -117 -118 -119 -120 -121 121 122 125 -125 -126 -127
leaf_value=-0.23817422992518669 -0.14397251157178548 -0.35842743302169766 0.022486253114367694 -0.40074726783421033 -0.25806685011655961 0.28456567985767761 -0.057252189680464305 -0.20501339403735164 -0.1152306380125165 0.43348685194936243 -0.34195659183762867 0.14304317997547941 -0.27297233421457251 0.30087091410573052 0.74314778939482773 0.48494899072534176 0.20145715537784101 -0.35146637055638319 -0.25591078381788712 0.48202823117658244 -0.15347353828540805 0.002353616555956695 -0.26917475602008978 -0.42658358103732524 -0.46060208413574683 0.00095334949264032083 0.41547523778006046 -0.063356616096542195 0.44488664121522326 -0.37294919475809807 -0.080736180001137123 -0.22054497419449196 0.061228705409341534 0.52778427421502982 0.15403403383897826 0.34689564567745984 -0.16768869042276366 0.12084117808607947 -0.36274556402646363 0.26573581849251171 0.21359207141959896 -0.28019259508339428 0.15810347817769399 -0.22621689095774872 0.089102267373890695 0.1921298938752358 0.033939534230555929 0.63386714122011711 0.31346712412715078 -0.28205961545165759 0.20983805866463909 -0.46790788787354531 0.39052326292546924 0.402447679399208 -0.63607724908695362 -0.26858461835422992 0.080406149146321049 -0.11332535432165258 -0.23804343722156915 0.24749509234446931 0.074860596334551138 -0.14226048377328279 0.0037590312796613292 0.19377552497454251 0.17980427629587173 -0.15654316311703254 -0.27753589748046714 -0.16436922950783864 -0.29806872758345943 -0.13455801485264188 -0.3140193176765691 -0.28487834015246305 -0.4688621857190608 0.55971903150910129 0.17383357934704755 0.25753400056797043 -0.032720029308100605 0.014744878109693715 0.21514490692429267 0.32934573650599241 -0.26672764068643512 0.13575288652697665 -0.49956778576932637 0.14190119778497767 -0.27766854423233972 -0.23720516846142292 -0.094630008106700955 0.20281103466476236 0.44088741804044479 -0.30152867284782564 -0.31646585146226663 0.062335971302356075 0.041525005930881778 0.49728945846486 -0.046551898540037766 -0.2162016186257871 -0.10145781669667323 -0.1211220058055727 0.38740036446054166 -0.035548006631535588 0.21582794915136339 0.53019702256981405 -0.074989037471333828 0.053233059212496416 0.106650449995899 0.38131460071858325 -0.013690471126382588 -0.36611053503901481 0.29725131706240288 0.22046775478998573 -0.24387574351024083 0.051675103732315632 -0.064218679851810387 -0.073412609154824615 -0.054200839815534058 -0.21863678996860211 -0.15785754733459614 0.11151538344626943 -0.27587040838254523 -0.09909222232879078 -0.10433600427983084 0.13905538379469626 1.3811487105234517 0.016644617126074301 -0.3323948910886374 0.12161569934700074
leaf_weight=1334 266 365 960 2041 958 1319 837 1976 1494 1901 1644 1560 583 1248 1020 690 599 2143 1837 708 1258 912 1425 2033 1276 2661 2189 758 2717 2171 1098 1352 7362 741 2837 1175 1835 455 3148 988 5218 1710 6288 9604 3293 774 674 1080 598 1805 2645 914 5644 3194 930 657 3767 1691 266 342 407 5255 1385 1368 3932 3493 807 1897 588 3362 1296 1482 2054 2158 2302 954 2647 9407 1082 5982 436 3905 491 412 2078 3478 3598 1808 1338 700 1048 6258 5165 1394 1024 3085 3237 2122 851 1988 2066 873 1443 4763 3169 2038 27350 1309 1648 883 6548 5567 5805 2133 7222 3564 4393 6375 1501 910 2445 11467 374 1553 2927 481
leaf_count=1334 266 365 960 2041 958 1319 837 1976 1494 1901 1644 1560 583 1248 1020 690 599 2143 1837 708 1258 912 1425 2033 1276 2661 2189 758 2717 2171 1098 1352 7362 741 2837 1175 1835 455 3148 988 5218 1710 6288 9604 3293 774 674 1080 598 1805 2645 914 5644 3194 930 657 3767 1691 266 342 407 5255 1385 1368 3932 3493 807 1897 588 3362 1296 1482 2054 2158 2302 954 2647 9407 1082 5982 436 3905 491 412 2078 3478 3598 1808 1338 700 1048 6258 5165 1394 1024 3085 3237 2122 851 1988 2066 873 1443 4763 3169 2038 27350 1309 1648 883 6548 5567 5805 2133 7222 3564 4393 6375 1501 910 2445 11467 374 1553 2927 481
internal_value=-0.000435402 -0.00103299 -0.00149859 -0.00249514 -0.00332645 4.25398e-05 -0.00146757 -0.00219704 0.00162827 -0.00015935 -0.000401778 -0.00311881 -0.000850809 -0.00114179 0.00397456 0.00577386 0.00235246 -0.00338993 -0.000762838 0.000604948 0.00203107 -0.00398685 0.00200259 -0.00418892 -0.00385367 -0.00684233 0.00234762 0.00020625 0.00236659 -0.00306525 -0.00258188 -0.000929657 0.0036396 0.0060177 0.00337714 0.00412582 -0.00109372 -0.00803571 -0.00982801 -0.00100112 0.00413567 -0.000146242 0.00266667 -0.00541344 -0.00263498 -0.00150731 -0.00627739 -0.00122564 0.00585513 -0.00150426 0.000773548 0.00263716 0.00231163 0.000560153 -0.00939005 0.00249805 0.000834461 -0.001938 -0.00649367 0.00357755 -0.00214603 -0.00189375 -0.00388033 0.000672079 0.00355769 -0.00187447 -0.000671378 -0.00258823 0.00322185 -0.00767635 -0.0108527 -0.0023141 -0.00991038 0.0101068 -0.000789724 0.000499649 -0.00415617 0.00188194 0.0103889 0.00268566 0.00263389 0.00303475 0.00153539 -0.00692137 -0.00496837 -0.0056536 -0.0047697 0.00336077 0.0128378 -0.00508637 0.00181499 0.00341365 -0.000618673 0.00587847 0.00320566 -0.00501408 -0.00416967 0.000120037 -0.000878542 0.00290595 0.00878594 0.00237208 0.00155076 -0.000344828 0.00131417 0.00731383 -0.000989112 -0.00280197 -0.00101036 0.00115025 -0.00366854 -0.000687066 -0.000522544 -0.00622827 -0.00487777 -0.00328825 -0.00259709 0.00221002 -0.0122286 0.00197439 0.00307726 0.00206063 0.00293545 -0.00150355 -0.0083134 0.0109357
internal_weight=320049 263555 224311 128610 96875 31735 22929 21610 39244 95701 92703 94834 83440 80050 8806 7472 56494 91039 16845 14702 12865 74194 54070 72634 68574 14298 35281 16000 51393 54276 49460 78406 9263 3390 3795 19281 77158 4816 4060 18719 6712 16743 7640 12265 9288 69518 3879 65639 2485 63154 13887 49968 47251 19816 3105 5114 4424 43927 3873 27435 49267 47462 14857 11075 5190 5885 1405 11523 17092 5533 2054 41021 2891 2424 15755 11398 4357 12052 1790 21791 15917 15329 10030 903 2677 4863 3963 2906 2358 1042 15665 9452 6213 5299 2392 3540 4151 5415 9096 2839 2807 9127 8254 6660 4860 2998 32605 36161 11778 8336 24383 7049 6688 3442 17334 10786 6257 7818 2431 1864 20749 14767 12322 1819 3334 855
internal_count=320049 263555 224311 128610 96875 31735 22929 21610 39244 95701 92703 94834 83440 80050 8806 7472 56494 91039 16845 14702 12865 74194 54070 72634 68574 14298 35281 16000 51393 54276 49460 78406 9263 3390 3795 19281 77158 4816 4060 18719 6712 16743 7640 12265 9288 69518 3879 65639 2485 63154 13887 49968 47251 19816 3105 5114 4424 43927 3873 27435 49267 47462 14857 11075 5190 5885 1405 11523 17092 5533 2054 41021 2891 2424 15755 11398 4357 12052 1790 21791 15917 15329 10030 903 2677 4863 3963 2906 2358 1042 15665 9452 6213 5299 2392 3540 4151 5415 9096 2839 2807 9127 8254 6660 4860 2998 32605 36161 11778 8336 24383 7049 6688 3442 17334 10786 6257 7818 2431 1864 20749 14767 12322 1819 3334 855
cat_boundaries=0 11 22 33 44 56 67 79 90 101 112 124 135 146 157 169 180 190 201 212 223 234 246 258 269 280 292 303 314 326 337 348 359 370 382 394 405 417 427 438 449 461 472 483 495 506 517 528 540 551 562 573 584 595 606 617 628 639 651 662 673 684 696 708 720 731 742 752 763 775 786 797 808 819 830 841 852 863 874 884 895 906 918 928 940 951 962 973 984 996 1007 1019 1030 1041 1052 1064 1075 1086 1097 1108 1118 1130 1140 1151 1162
cat_threshold=33624193 67109120 65536 1074004224 1081568 16384 268468240 40968 1380976640 128 3072 0 21004580 4352 1065984 536870948 4210688 2348941600 1024 220200992 2050 132096 2621440 176291856 29380608 35258626 0 131200 138413120 3584 65536 6292480 512 81920 41945088 256 2113540 67108864 1077977152 2147484416 2156169216 1207959552 1073744904 2420113408 2164260865 1140850704 33280 1280 1075445760 8192 1073745928 8192 67108994 805838912 68608 16 196736 2183168004 16386 58982400 8388676 4227456 1050112 524289 33554432 33555712 402653184 536870912 2097280 17383424 1627406464 1048610 37748736 260 268435716 2097152 101187728 16781824 16 171966529 2147484436 2114048 2 13472 42991872 268435456 131072 822085664 32 32 335691776 8388608 134221824 2228228 2684354816 32768 524288 22544384 67174408 136978432 8455424 276955136 8392704 0 33685504 67108864 537002240 524304 26216962 1052674 1611662080 268959812 82049 2097154 32768 2099204 67108896 4198656 144 22282496 1073742848 69730312 69632 80 84475904 239077408 8425472 1048576 1073741828 536912128 131072 4457473 68157440 1052928 65536 16924676 13634048 8388640 42074112 2147485952 1081344 1048576 5888 1 538970112 272633856 131072 0 4194432 2148270084 268443968 65664 2495610976 2147614720 142676096 2097216 4194564 134217792 2097280 0 2149056512 1073873920 277880832 1208221728 263296 83918848 2483040264 8192 16 2147618820 1048608 18048 2097282 268435712 4210688 139520 32 71307264 167780352 8521728 134219777 1149370370 8384 1048581 1216348160 8683776 335552544 64 536870912 2105440 12075008 268435460 32768 262152 268473408 196640 2282754048 32768 142606368 2415921152 65792 524288 54525952 8388864 0 2147493892 1073780032 80740864 18354688 8388608 134348800 16973824 1064960 54525952 134221953 136 1050624 671121408 9437184 10240 1218446352 1179968 8388612 2149613568 142608416 16896 2164277248 131328 302105600 3225419776 33800 2 33693700 1024 8914950 1208090656 2 134217729 8 537198592 67109120 20975680 1056 538968832 4194368 64 2149586946 67141632 8192 3238559744 32768 4096 2151711748 268436672 32768 4194433 134287360 64 16640 3072 268697601 2359304 603979776 4264960 8388928 6402 1075838976 139264 66048 2097152 25165844 28672 8405124 2147483648 1073872896 134218256 25166849 1048592 262208 8454144 0 16777222 29360161 8 268435456 66560 43516416 2147877379 16 1049864 524545 8 1048576 0 160 16392 8192 8 512 2160232449 1207959553 1746272258 2151677956 0 134217794 5275648 1064960 2312 1073766464 134222336 25165873 2181038080 268964864 1536 2148532224 32 138412160 538968072 4096 134348800 8913920 26216963 1 1074922496 320 8 16793600 1049600 8650754 131072 536875008 40 1572864 2149060613 136315905 1109526272 64 25772160 1049216 262144 673448064 33554496 0 576 5767169 65538 2101248 2147483972 4 4096 4096 33556480 1048576 1024 8388608 528384 2097168 131138 8388672 134348800 16777344 8192 2157969537 100665504 1073783040 67108880 131072 1157628032 2048 16843776 134217728 8391168 8912896 269486080 2415927296 167772160 8272 2164260866 1073745928 1184256 4325376 8 268435460 1073745920 16777216 2180 872419584 167837696 131072 4196352 2097169 570427904 2155872257 8 524292 25169920 262529 0 67115008 1032 33554752 18088448 135266304 0 320 9437184 1024 402653184 2228232 67108864 134284288 64 2147485696 134218752 1075053058 0 8 10043392 1073741824 291 545523716 335544320 40 1073742080 2560 1075838976 3145736 2625536 2048 155193344 2147502081 536877184 1024 67108912 32770 1754267648 2232328 8388608 33554688 1279262722 270336 262400 1140862976 1083183168 4456960 512 65536 526344 2281766913 1130496 5120 16781312 33685504 1049600 704643368 1048640 8652800 144 1073873152 272629760 8 67108864 25167872 262272 33554432 0 0 33554432 2147487744 1048579 1610744642 8913153 0 17826816 288 8 2048 64 576 2147516928 2101376 33555464 2152202304 16793600 33555460 25166080 262144 2147483904 1056 256 557056 8 33554432 0 8 2164260864 2151680530 32769 16777218 2147492100 33024 4096 1703938 8392833 6 16842752 9437184 16778240 128 33556488 268435456 536871936 9044096 131072 1048600 134349056 256 268435456 1077936132 4194304 131338 1048580 1610612744 42074144 2147485696 135270409 262176 16908801 134220096 138936608 2097184 536887424 536871424 64 268435456 268566604 10485792 2097168 1179648 72 0 35787776 150994944 136 33554432 134250624 35127392 8196 142606337 1745101058 4718592 271581184 1073741840 268697859 2097152 2684360704 132104 0 8390656 11 1611005952 268566593 0 33559552 295168 536870912 335548416 131136 33554816 4456449 65576 135528456 524548 1048576 33555492 406847616 2097152 335552512 4260864 0 4849666 0 136184576 8388868 1048576 4096 402653216 0 67108864 32 1572864 2048 1032 1310720 524288 11534336 0 262144 1572876 0 142607368 524352 2147522560 1048 1208356866 325 0 4096 0 0 2048 0 131200 528384 3145728 1310720 68 0 0 0 2228224 4 134218760 64 8521728 9 1208221696 64 0 8392704 262432 4 0 65536 2181562496 22581248 0 1073743362 256 4228 134217728 4096 0 100663308 1209032704 8388624 4456472 1078984704 134218244 142737408 8 269615104 5120 128 8 0 8 1048640 2164260864 128 394240 524544 131072 0 0 8 268435456 139264 1048576 2147614720 0 0 1 268435456 3145728 262178 536870912 320 134218752 2155872512 8650848 134221872 1611804936 131073 67239936 5120 1 133120 67112960 34056 46661632 2164261380 1073747080 1073742464 8454144 8 2097156 33559552 268435586 41945088 0 671220736 1048576 2048 1 1311232 12582912 8 75513860 8388640 288 0 2415919360 96 168296512 2148663648 66577 2560 131073 8 269484032 16777216 150995200 8 0 671154208 524800 1 8 262144 256 16384 0 1 128 67110912 4194368 256 262144 1024 0 8388608 8388612 0 138412032 0 268435456 671088640 0 0 24 768 8388608 16778240 4194305 33685504 0 671088672 8388672 2147487744 134217729 0 524548 268435456 17825952 276824068 2229504 0 537067520 131088 4227072 67109008 2560 25297152 24 0 0 0 4 0 4194304 256 262144 0 0 268435456 131072 16783360 272629760 0 67108868 536870912 8913088 264192 128 1073741824 5 9437184 0 268697761 0 67108864 73768 1048576 2147747843 134217728 1611662144 524292 0 4096 1 0 2147483648 131104 524288 8388608 0 536871488 256 9568256 4194304 419430400 33685512 0 545390592 9437248 6145 134217744 537921280 524288 8388608 2129920 272695298 2684373000 536870912 229376 8913024 2168979456 8388641 67372546 1024 8388609 0 138477570 2048 536870912 131072 0 4198400 32 1538 256 8388608 16778240 134217760 33554440 0 1207959584 35127424 16781312 1073742864 2560 8912896 16384 4194304 2 8404996 67110912 4194496 256 4198400 134217728 536870976 268500992 8388608 1024 384 0 0 32 1048640 2048 134217753 262400 268435456 8395776 20971520 33556480 1073741824 1073812480 640 17993728 1048577 1074003978 257 81920 4 0 0 8192 536936480 1048576 2151714827 2098176 134217730 2152202500 1114112 2048 8388768 3145728 4128 134299840 1048640 2568 16777216 1108344960 285212676 8 0 4194308 160 8 0 4096 0 4194304 1024 131328 335544320 16777248 589824 136315136 9437184 393216 8396816 528384 67114128 2560 8388612 24 67108864 8392704 289407104 133120 2048 134348808 34078848 8388609 8 134217728 261 18874368 4096 262274 2147876868 0 131080 1048656 2049 134217760 1310976 268437568 301989920 26218624 17039360 3221258244 335544608 266240 104857792 262656 5242888 0 16777217 67174400 16782368 283115520 2097152 536872960 1032 512 17315328 16777344 1614807042 2420637696 2113536 25170944 21237792 18432 268437504 138413120 64 0 136380416 134219776 1 8 66 1056 270532608 2097152 536872960 1024 1107822080 17310752 50331664 1079115778 2420113409 131072 41943040 17051968 4 268435456 134217792 33554560 2147483649 65536 1107298304 2156531713 8 2164261120 37750784 545 559360 8320 4224 4194432 0 67112960 4096 1029 0 16778240 406847616 33556488 268435456 1024 8388608 1 0 1075052544 524292 2097152 8389632 268697632 570441736 67108864 1212154016 5374016 2049 134217730 139330624 524288 268566528 22026240 134217760 2189428738 8576 536870920 64 8522240 1032 537137408 524288 64 92274948 4200448 384 18444 4 72 34603520 18382849 9437184 134742080 268435456 268435456 20971524 4096 33554436 4 65536 42074112 17825792 2097152 1096 1 0 2048 419430400 131080 0 671285248 524288 2147489792 0 134218240 8388608 0 0 150995072 33554440 2048 134348832 1048576 32770 1 786688 524288 1048576 16778240 4194304 33685504 0 131072 64 1 134218760 256 16908292 0 65536 1048705 2952795136 96 67109124 135169 18874368 671090818 2156396800 8 4 0 0 2048 0 1073741824 131712 0 1 514 0 25165824 16777216 0 268435456 32 0 0 8 134217728 524293 524288 2197816320 262400 0 8192 0 1572928 8912898 32 1073745920 4194368
is_linear=0
shrinkage=0.1


Tree=20
num_leaves=127
num_cat=98
split_feature=20 16 6 15 1 8 2 1 2 1 2 2 1 1 1 1 2 2 8 1 2 1 6 8 2 1 1 2 8 2 2 1 2 1 2 2 11 1 2 10 2 1 1 2 1 1 2 2 2 1 1 1 6 8 2 6 2 20 2 1 20 2 1 1 1 1 1 2 2 1 15 2 2 1 2 2 1 2 5 2 2 2 1 1 1 2 1 1 5 2 8 2 6 2 8 2 1 0 1 2 0 2 10 2 11 2 2 8 2 2 2 5 2 1 1 1 2 2 2 1 1 2 1 1 10 8
split_gain=42.6692 22.9187 20.8383 19.4638 19.9737 18.5853 21.9293 19.1093 18.0711 16.9726 15.507 15.0961 14.5821 14.4133 14.1529 13.9409 13.7512 13.0429 12.7963 25.2225 15.7677 13.4873 12.2314 15.3 18.943 13.6211 13.4622 12.8552 11.6723 22.4811 14.4722 12.8451 12.073 11.5353 11.6806 11.3311 11.1911 11.0659 11.0017 11.2938 13.1727 12.6219 10.6606 10.6447 12.3946 12.017 10.6382 10.2148 10.1916 15.5369 12.2006 10.1186 9.8504 19.6162 12.1859 10.7815 9.55121 9.5485 11.4061 9.51384 9.32118 9.53406 9.11364 9.09012 8.98457 8.55711 8.47681 8.36914 8.17382 8.1122 7.98228 8.81232 8.01515 7.94382 9.03294 7.75462 8.75667 10.0747 7.54916 8.2128 7.49506 7.20789 7.04543 7.01584 6.93985 6.8489 6.7713 6.74263 6.52092 6.47818 6.4661 6.98501 6.41743 6.36915 6.27848 6.51718 6.26863 6.24878 6.15323 6.14666 6.05978 9.26354 6.04493 9.19518 6.66611 6.2138 5.93366 5.92736 6.19112 6.04453 5.86682 5.8133 5.75422 5.70336 5.66762 5.61597 5.58972 5.5741 5.56586 6.51412 5.50941 5.4913 5.47025 5.46502 5.43781 5.3357
threshold=0.19928601384162906 0.31063956022262579 4.5000000000000009 2922.5000000000005 0 3.5000000000000004 1 2 3 4 5 6 7 8 9 10 11 12 16.500000000000004 13 14 15 1.5000000000000002 5.5000000000000009 16 17 18 19 16.500000000000004 20 21 22 23 24 25 26 5.9364066123962411 27 28 72.500000000000014 29 30 31 32 33 34 35 36 37 38 39 40 5.5000000000000009 1.5000000000000002 41 6.5000000000000009 42 0.13280005753040316 43 44 0.38011942803859716 45 46 47 48 49 50 51 52 53 2051.0000000000005 54 55 56 57 58 59 60 605.50000000000011 61 62 63 64 65 66 67 68 69 525.50000000000011 70 29.500000000000004 71 5.5000000000000009 72 29.500000000000004 73 74 75 76 77 78 79 134.50000000000003 80 5.9645066261291513 81 82 21.500000000000004 83 84 85 585.50000000000011 86 87 88 89 90 91 92 93 94 95 96 97 164.50000000000003 6.5000000000000009
decision_type=2 2 2 2 9 2 9 9 9 9 9 9 9 9 9 9 9 9 2 9 9 9 2 2 9 9 9 9 2 9 9 9 9 9 9 9 2 9 9 2 9 9 9 9 9 9 9 9 9 9 9 9 2 2 9 2 9 2 9 9 2 9 9 9 9 9 9 9 9 9 2 9 9 9 9 9 9 9 2 9 9 9 9 9 9 9 9 9 2 9 2 9 2 9 2 9 9 9 9 9 9 9 2 9 2 9 9 2 9 9 9 2 9 9 9 9 9 9 9 9 9 9 9 9 2 2
left_child=3 2 12 4 -1 6 83 92 -7 -5 14 -6 -2 -10 -11 -3 64 -14 33 35 115 -22 23 24 63 89 -25 -28 30 87 51 -31 84 -18 -35 -20 42 116 -13 40 -40 -42 78 44 -32 99 -44 -38 49 -41 121 -27 54 85 -39 67 -29 58 82 80 61 -17 -34 -19 -15 -60 -26 -55 120 -47 72 -72 -71 74 -59 -75 77 -77 -12 -80 -58 -68 -52 -4 -33 -54 106 -30 -46 -24 91 -23 -8 -92 95 -64 -74 -37 -51 -45 101 -79 103 -61 -104 -106 -49 108 -63 -109 -43 -99 -57 -87 -90 -21 -9 -96 -78 -120 -36 -50 -70 -110 -108 -105
right_child=1 15 5 9 11 8 7 37 13 10 36 38 17 16 -16 60 18 22 19 20 21 90 25 26 66 28 27 56 29 31 43 32 62 34 68 97 47 52 39 48 41 110 46 45 88 69 -48 86 50 98 57 -53 53 55 -56 112 59 73 65 102 -62 107 94 -65 -66 -67 81 -69 122 70 71 -73 96 75 -76 76 118 100 79 -81 -82 -83 -84 -85 -86 113 -88 -89 114 -91 93 -93 -94 -95 117 -97 -98 111 -100 -101 -102 -103 104 125 105 -107 124 109 123 -111 -112 -113 -114 -115 -116 -117 -118 -119 119 -121 -122 -123 -124 -125 -126 -127
leaf_value=-0.31228351329834991 -0.35921214183374189 0.73910672602451766 -0.46765673373361771 -0.17314691874218832 0.095903628455134102 -0.25684913091909112 0.29185682742934693 -0.38944848602163162 -0.32769118728736557 0.28885455295145451 -0.19836545594347221 -0.2374003327687394 -0.26590500279396395 -0.3200120241018759 0.03875888664713889 0.66049310072205802 0.3184737865767156 0.28877397379769609 0.85651244422403217 0.59322328809046698 0.22002681747353223 0.10803057778813963 -0.049435658528907606 -0.3017489487544962 0.76876540583550523 -0.36105955023209563 0.4798167073327399 -0.18861279576106568 0.81234890556205641 -0.383010893218936 0.066169846212111597 0.44208539584916662 0.086038953910230365 0.38445868781098186 0.55509485448900475 -0.14716806996653986 -0.17399170874070538 -0.24956871620902535 0.17645101696401097 -0.33814060850768385 0.078889745847117609 0.0045696732074866908 -0.15658919525113288 -0.017301302529846831 -0.3742966762434799 0.21023828329435315 0.049105935918462684 -0.054357666634039029 -0.079328076450900564 0.0064589677187952615 -0.14640240380768396 -0.13443024775700155 -0.572763643219942 -0.058132804557526722 0.24394262060135682 1.7707982575740591 -0.33124104704595531 -0.23624972921131226 -0.0037638056385468134 -0.055822727857940402 0.88380397661524202 -0.23941504529332069 0.052657505939811423 -0.33560169552550417 -0.042452300018571344 -0.20622302651371494 0.5956195046004964 0.49358991172538025 0.10568167495921427 -0.33397330228953753 0.23494393929165958 -0.0058289907055251392 0.08260648872649777 0.11342761437328051 -0.03291072916405291 -0.22686036871779225 0.18085158957093822 0.064756066779543181 0.062683778483146033 -0.20969033251395156 0.017089001357782331 0.086596039318458037 0.12300856411616774 -0.041699847726912244 0.031887842036948437 -0.26296116923708984 0.2137064128332507 0.22013388391973937 -0.37113562792043475 0.2795854592575967 0.1674387283690412 -0.29596404240683988 1.2355385614904284 -0.56277196334553758 0.073839882347566485 -0.27377936763476385 -0.19463973295047179 -0.025989730831503445 -0.17393563778449278 -0.29794283519462866 0.012571293048350186 -0.22623082607122527 -0.17703405384875268 -0.26216312054161861 -0.15672666240449884 0.23114629355551453 0.33388501509793811 -0.42544384203345748 -0.1667083535052879 0.64429073153422456 -0.22958944233481537 0.60598823107946842 0.86045186699444709 0.30392036360108099 -0.14443979558475056 0.22840964339078063 -0.0078185774340563396 -0.55221705348367978 0.14291326009657343 -0.027847635419138775 0.10567993774202673 -0.27555597075822258 -0.054643816436288753 0.18018215542192445 0.042267611575922008 0.3517873288516874
leaf_weight=3263 1583 1807 666 3345 2510 1660 947 363 1321 3275 2864 1830 2240 1657 5879 1286 1323 700 1438 1346 2381 1744 518 1804 1909 1952 1015 2617 1002 818 2725 1697 2204 1855 626 481 1236 1471 2459 2950 2161 1098 2077 1529 1528 3435 7463 2522 1944 3090 616 4203 436 819 2155 647 1380 4876 2389 1054 1264 1532 1510 1090 4309 8886 1427 2311 2903 2092 2753 13308 2663 3917 5771 4624 2361 1319 2162 2254 1989 1972 1576 1225 2591 386 2747 1420 915 1480 241 1370 1762 946 228 1299 2237 443 6805 2654 7943 2963 1839 121 742 1774 752 229 2068 1312 2009 1782 1215 927 7667 1668 1314 925 2269 17156 3696 4415 21984 5971 1179 2944
leaf_count=3263 1583 1807 666 3345 2510 1660 947 363 1321 3275 2864 1830 2240 1657 5879 1286 1323 700 1438 1346 2381 1744 518 1804 1909 1952 1015 2617 1002 818 2725 1697 2204 1855 626 481 1236 1471 2459 2950 2161 1098 2077 1529 1528 3435 7463 2522 1944 3090 616 4203 436 819 2155 647 1380 4876 2389 1054 1264 1532 1510 1090 4309 8886 1427 2311 2903 2092 2753 13308 2663 3917 5771 4624 2361 1319 2162 2254 1989 1972 1576 1225 2591 386 2747 1420 915 1480 241 1370 1762 946 228 1299 2237 443 6805 2654 7943 2963 1839 121 742 1774 752 229 2068 1312 2009 1782 1215 927 7667 1668 1314 925 2269 17156 3696 4415 21984 5971 1179 2944
internal_value=-0.000462327 0.00055021 0.000205901 -0.00178007 -0.00250296 0.00148709 0.00441601 0.00571361 0.000603545 0.000157595 0.000819291 -0.0022456 -0.000777634 0.00092295 0.00434308 0.00423104 0.0011848 -0.000613177 0.00176806 0.00431358 0.00151453 -0.00119546 -0.00042456 0.00148706 0.00539589 -0.00113767 -0.000118641 0.000836293 -0.0013943 0.0011903 -0.00210729 -0.000691367 0.000258028 0.000680829 0.000289631 0.0108329 -0.000459115 0.00399867 -0.00244716 -0.0022963 0.00136534 -0.00145889 -0.00195006 -0.00146383 -0.00388089 -0.000451419 0.000251309 0.00251304 -0.00262606 -0.00522365 -0.00216814 -0.00664234 0.00521827 0.00748405 0.00102041 0.0106771 6.91085e-05 -0.00176825 -0.00414717 0.00127816 0.00313049 0.00229876 -0.00257448 -0.0035 -0.00332999 -0.00542756 0.00838661 0.00709265 -0.000200212 0.000335874 -0.000340372 0.000887242 -0.00316076 -0.00116638 -0.00360796 -0.000554485 -0.000984603 -0.00269589 -0.00482853 -0.00224185 -0.00321101 0.00535348 0.00245232 -0.00570752 0.00432759 -0.0016295 0.00395284 0.00990954 -0.00549407 0.00697211 -0.00453491 -0.00215157 0.0132953 -0.0108256 -0.00543807 -0.00290139 -0.000936864 0.00695876 -0.00331651 -0.00542571 -0.00118921 -0.00421715 0.00306459 0.00581452 0.000470723 0.00381558 0.00153484 0.00134868 0.000423153 0.00710578 -0.00553417 0.00919463 0.0167025 0.00200302 -0.00442787 0.00750661 -0.00352697 -0.0116652 0.000339512 -0.000218678 0.00380886 -0.00635108 -0.000897699 0.00153435 0.00569294 0.00856911
internal_weight=319795 180840 165371 138955 101200 71818 16644 14753 55174 37755 34410 97937 93553 53514 9154 15469 52193 91970 46227 13840 9696 6682 89730 24377 7098 65353 17279 15475 63355 13694 49661 11272 10454 32387 31064 4144 25256 12044 95427 93597 7727 5268 16820 43506 12835 30671 9540 8436 85870 12845 73025 6155 10367 6741 3626 4992 14460 66666 13467 11843 13662 12398 6166 1790 5966 11275 5308 3130 29209 26488 23053 16061 6992 53199 10647 42552 38635 16849 7280 4416 3369 3399 2192 1891 4288 1749 7200 2422 10110 1998 4301 3114 2709 1187 3962 2809 4900 2706 9895 4183 12225 4282 8474 4119 4355 2516 4453 11112 9571 1541 3107 2225 1862 1313 8582 3014 1677 1153 21786 19425 4322 6359 24887 8039 1931 3065
internal_count=319795 180840 165371 138955 101200 71818 16644 14753 55174 37755 34410 97937 93553 53514 9154 15469 52193 91970 46227 13840 9696 6682 89730 24377 7098 65353 17279 15475 63355 13694 49661 11272 10454 32387 31064 4144 25256 12044 95427 93597 7727 5268 16820 43506 12835 30671 9540 8436 85870 12845 73025 6155 10367 6741 3626 4992 14460 66666 13467 11843 13662 12398 6166 1790 5966 11275 5308 3130 29209 26488 23053 16061 6992 53199 10647 42552 38635 16849 7280 4416 3369 3399 2192 1891 4288 1749 7200 2422 10110 1998 4301 3114 2709 1187 3962 2809 4900 2706 9895 4183 12225 4282 8474 4119 4355 2516 4453 11112 9571 1541 3107 2225 1862 1313 8582 3014 1677 1153 21786 19425 4322 6359 24887 8039 1931 3065
cat_boundaries=0 12 22 33 45 57 68 78 89 100 110 121 131 142 153 164 174 185 197 208 220 230 241 252 264 276 287 298 310 322 333 344 355 365 377 389 400 410 421 432 444 455 466 477 488 499 510 522 532 543 554 565 576 587 598 610 621 632 644 655 666 678 689 700 711 722 733 744 754 765 776 786 797 808 819 830 831 842 853 854 865 876 887 898 909 920 931 942 952 963 974 985 996 1008 1019 1030 1041 1052 1063
cat_threshold=6291584 2231370516 8405508 258 0 268468224 1082130440 32768 538968608 8288 4160 16 2097152 54525984 2 536873094 2415919108 1344 131152 1212420 5248 33817096 361250816 1028 8651008 33947656 0 4210944 1049600 2147485960 75497472 134742016 2147680512 201331010 4194848 540676 8945792 512 34611328 272629760 132096 5242880 134221824 131072 64 65536 41943056 32768 36700164 2214592580 1077968896 131392 2147786756 134217728 133120 272760832 8 1048576 1077936128 402657408 33685632 8192 134271016 0 8389125 1073746953 537919552 131140 2516582402 32 20482 142607616 8519688 1078206592 2147491856 139280 301990016 34 34113538 136314880 2621952 18089216 9437192 33558528 2151677952 8 37748736 2147483776 4201472 2350907392 35651584 2097152 134218112 33565056 306184448 67371016 8192 67108864 2048 2147619392 269500416 1090519044 415236096 131080 536879232 134283368 0 16912417 2101257 1075052544 17842304 155189248 138412032 134217728 268443648 671092736 311164928 2147483649 3145744 67633672 4161 41943044 2048 2364928 134217728 536875298 131328 33686544 21004290 2097200 11266 2689058 32 66564 1024 1208090816 33554432 134218752 268435488 8388610 4202560 72768 276955136 16779264 402653186 33554432 336592896 134217728 1049360 13008960 1073741824 2359296 12583936 270139393 184549378 268435488 33554432 268435456 8 320 2147485697 8392834 537264192 4261124 18350084 8388608 4352 3145736 4 536871008 2189951104 2148538368 17829904 1073742402 16793604 1024 150995074 537133056 335546368 1077937160 34603008 4489218 18874377 167773184 256 65536 34603024 16384 671614978 1677725700 9707520 335552512 132224 16842784 272629760 0 16 268435456 55576576 4098 131072 1610612736 4195584 131328 514 25165856 1208103944 268435521 83902464 37748736 8388896 9453696 67111168 32832 67108864 2164555776 83886208 34080768 8519680 16 16908288 16777216 17039362 33818758 2415921152 1073874176 2147483856 1081346 1210056832 786432 16384 134217728 8388736 51904900 1024 114688 2214854688 526346 171966464 2099200 273154304 134234116 12584960 0 128 10240 1073823808 33554432 17039360 1276117120 536872962 1 1048576 1077941250 4194464 537395208 536871168 4194304 13631488 2156009472 9 131586 4194564 16 33024 72353792 0 2147745792 2147483648 1073759360 3221226496 263680 33619968 2153783424 16843776 24 2147549185 1141932048 0 1312768 2147491844 114688 2147746304 262732 33554432 524296 4719104 1048576 1024 129 33685516 335544320 138481664 1049472 9441280 134218753 35913736 65536 131072 37748736 16777219 2099202 268435712 1073819648 100663824 4227584 16 2097792 281018368 8 687865856 339869698 4726784 268470273 1024 0 335544320 32 536870912 2422218756 16777728 98 8388608 0 402653312 1073741826 536836 671285248 256 25432323 68157456 2048 2151813124 0 64 402653440 570441865 32 12673152 256 262146 33620993 67372544 2148007936 8404996 16778240 272630016 131072 268435456 536872000 8912896 5380099 1052680 263680 8912964 269484036 68190208 268701952 2129928 805314560 1024 1049232 2147488257 4104 268960512 144719876 2048 256 128 268435456 671187040 576 4194304 8393728 538577154 2155872257 8 2424438785 32 256 2097152 256 536952960 176161936 2147483907 68162562 576 0 64 25165824 101711872 25428224 2115592 2415921344 256 33554512 2148540416 1048576 1538 12583168 268582916 6148 262144 0 67108868 1078132800 896 262146 8388608 132096 1575169 524288 128 1074004098 4480 134287360 1073746208 268439552 4194304 4184 2151682048 17825792 34603008 134217728 262272 14468 64 101711888 1573408 8392704 1610613760 2151679236 403177472 32 20975616 1 1140858912 134365568 406848768 131072 38862848 17 1048576 64 75497472 36 384 8 10240 65832 9961984 8952322 1024 1073873408 524288 9568260 5120 289669121 33685512 67110912 131080 41943040 2173175810 1048577 0 4194308 276824064 76546050 4198403 570687494 4096 1610613760 131200 5773888 69648 0 2147483648 65536 8390656 276857121 2113540 268435456 0 176160768 4720130 1216348160 671220224 8912896 75497472 67112960 21037345 2048 10244 65568 64 18089984 134221840 538968320 16777476 16777217 35684352 4202752 264 537923584 33555840 33554432 4616 1073741832 525888 69637 9568256 16777248 134217730 2113536 268435488 4195360 131328 9996546 1025 1074529280 8519680 8 8388608 16782336 384 0 67108864 671285280 9437248 2156662784 136314880 537919488 4 4096 4194592 35667968 4 134217728 9437248 2148145155 1048712 1610613312 256 2156003332 12582912 33 10502148 33554436 4194312 0 22546434 1140855808 537001984 4849668 1048576 16780288 4194592 33556480 67110912 671219744 33554496 2147487745 136316032 1746141248 1 9568256 6144 16777472 8 8192 4259848 33554688 0 1207959576 131330 13107200 16793728 2097152 1 16793604 1049728 8393728 1048608 2148012033 1073742850 536871044 276826112 218103808 1073745920 25460768 8388740 2147485696 1078100288 131072 524800 2097152 570434572 65536 2164260992 2098180 49152 536887298 288 131200 524288 4228096 1140916257 571609088 512 80 75497472 1073741844 134217760 131072 260 1079115816 4849664 32768 1140851760 1107427332 4 133120 135168 66 296064 33591296 536870912 34734096 269484097 1157628928 1610613120 20971520 8388736 16777216 134480129 147456 536870912 16416 1573376 8389635 65561 1048576 268960065 8 132 1090519556 295424 2097152 2786101248 8405024 134217728 2147517440 8388608 134219776 276890624 65536 1024 402653313 3758243840 2147483904 4456448 524864 16783392 16 404094976 2147484160 2228224 135270400 270532864 131080 8256 32768 1179712 525068 1208025120 538051584 1048576 8 0 25170960 21233953 2056 0 65536 34078784 17995776 145752064 263936 1 4 6144 285212800 8 0 134414368 64 0 1 1074791170 524289 335544320 12587008 272634145 2060 0 671219712 0 1573376 1049744 1835016 12582916 0 8388608 8320 33685504 0 536870920 0 8388608 134217728 136577536 524545 67239936 5120 138412033 0 268435456 134348840 8388608 25165824 1 1074004736 524352 270532608 0 272891905 33554444 256 671219744 8388608 2148009987 5144 135266624 65540 0 0 138412192 8 67108864 32 0 12584960 1 1074790400 9568256 4196352 407109888 0 268435456 671286312 1572864 8388609 0 1073742082 8913217 9437184 1024 4194720 33554440 268435456 671088640 524352 8916992 1041 537133056 1 68288512 8388608 4194304 33554432 0 549462048 256 2147614720 1 1073742336 0 8393732 134217729 131072 0 134283264 1572864 9441792 134218752 1073742336 524289 0 5120 257 0 67108864 1024 0 0 9 1048576 64 8404992 8388608 402657536 2228224 8192 671154208 33554944 16777728 1048576 1073741824 8912896 0 71304196 268435585 8 8192 32 1573696 18122752 1216348289 1835008 2147483649 8348 268451841 5120 20975872 2147616768 335544320 134284288 608 2168459269 1 4866 65536 8388864 16777216 4194305 264192 2048 138416136 8388928 1048576 16 1180672 8519680 5400 65536 8388624 150994944 524292 0 8 34080256 13631553 68157456 896 4 131072 1024 262144 8 268443648 32 524368 131074 0 1208091912 273154308 1179648 0 16777216 131072 0 8 9437440 1 1032 1049088 4 0 16778240 16777473 0 268435456 536871936 43515904 17827840 134217728 262400 1 2415923204 1140850688 402980898 3145733 67108868 196608 3221749760 32769 134221872 266240 131072 8388608 134217728 0 2281832448 2048 0 0 524288 0 536871168 268435456 2101248 0 16777217 2883712 2147485760 16640 1048576 33280 1208225833 67110144 524288 9437184 1024 151257120 33554432 0 131072 33554432 2155874304 16 536871232 524288 0 16777216 138412064 0 0 536870920 0 8388608 0 1610875136 16777216 4194304 8392738 0 2147494912 0 8519696 17072640 9 33559552 268501060 1048576 1024 20971521 2056 0 66600 131136 6144 142607504 34607936 524545 1048576 0 150994944 0 0 134217760 0 2048 8 134217728 524288 0 0 256 0 0 65544 0 1 1024 536871168 524288 10616832 167772176 2097152 536870912 8196 0 131200 4719118 65568 1610744064 261 8 50348288 1213210754 557312 2097152 269486084 1048576 4100 532480 2415923200 6656 131072 8404992 4096 4456448 0 0 134287360 41943040 0 1075838976 1610612736 524544 8388608 128 17039648 33685504 2214592512 40 1572864 18087937 135267344 1049600 325 33554436 150994976 65795 49156 1073745920 536911880 171966496 17301760 1024 522 276824064 276824064 2149580800 262144 2684747776 67108864 33554432 1048640 6144 134222848 5440 268435456
is_linear=0
shrinkage=0.1


Tree=21
num_leaves=127
num_cat=99
split_feature=5 15 20 13 11 8 8 2 2 1 2 2 1 1 2 1 2 6 2 1 1 1 1 2 1 1 1 1 2 10 1 2 2 1 1 2 1 2 1 1 2 13 1 1 2 1 2 10 11 1 1 2 2 2 1 6 1 2 11 8 2 1 1 8 2 1 1 2 1 1 1 2 1 1 1 2 2 8 1 14 1 2 5 15 12 2 2 2 1 2 1 1 2 2 2 2 2 2 1 1 12 2 1 2 2 1 2 1 1 15 2 2 11 1 2 2 6 1 8 2 1 2 1 2 8 1
split_gain=38.6919 25.2291 20.5366 18.3354 17.7249 21.0474 27.6849 22.8758 19.8679 18.7426 17.5612 16.3484 16.3071 16.0168 14.6665 13.3981 13.378 13.1858 16.8264 14.5039 13.7508 13.0614 12.9725 14.5173 12.7114 12.6497 12.5583 12.0508 11.151 10.8974 14.4797 11.4157 10.8109 11.6792 10.487 10.3771 15.0761 10.0923 10.5424 10.0772 9.6895 9.48144 9.29893 9.01137 8.8414 8.66384 8.41857 8.40651 12.2202 16.2868 11.8872 11.497 11.3559 10.2984 11.0681 8.73204 12.6475 8.29916 8.2224 9.4942 8.19151 8.15828 8.00647 7.97742 12.3747 10.5071 9.73677 8.49012 9.21255 7.97566 7.587 7.84344 7.53337 7.51898 7.42069 8.42033 8.09156 7.30665 7.48719 7.17417 7.0632 7.0391 7.39459 7.02377 7.95469 13.7482 10.8454 7.59306 7.01629 6.96149 6.78313 6.73949 6.71851 6.46853 6.39201 6.3145 6.27962 6.2307 9.43462 8.39109 6.15368 6.06502 5.99606 5.93634 5.87504 5.86873 5.85017 5.80513 5.77295 5.74341 5.69439 5.55562 5.54173 5.72522 5.46549 5.41598 5.41464 6.24394 6.23407 7.18692 6.55398 8.12458 5.78988 5.36087 5.35697 5.35397
threshold=820.50000000000011 4011.0000000000005 0.29124058783054357 27.500000000000004 6.1226937770843515 29.500000000000004 27.500000000000004 0 1 2 3 4 5 6 7 8 9 3.5000000000000004 10 11 12 13 14 15 16 17 18 19 20 250.50000000000003 21 22 23 24 25 26 27 28 29 30 31 98.500000000000014 32 33 34 35 36 122.50000000000001 4.2006943225860605 37 38 39 40 41 42 5.5000000000000009 43 44 7.1971971988677987 9.5000000000000018 45 46 47 4.5000000000000009 48 49 50 51 52 53 54 55 56 57 58 59 60 18.500000000000004 61 40.500000000000007 62 63 785.50000000000011 2793.5000000000005 859.50000000000011 64 65 66 67 68 69 70 71 72 73 74 75 76 77 78 413.50000000000006 79 80 81 82 83 84 85 86 2611.5000000000005 87 88 5.2687838077545175 89 90 91 6.5000000000000009 92 17.500000000000004 93 94 95 96 97 7.5000000000000009 98
decision_type=2 2 2 2 2 2 2 9 9 9 9 9 9 9 9 9 9 2 9 9 9 9 9 9 9 9 9 9 9 2 9 9 9 9 9 9 9 9 9 9 9 2 9 9 9 9 9 2 2 9 9 9 9 9 9 2 9 9 2 2 9 9 9 2 9 9 9 9 9 9 9 9 9 9 9 9 9 2 9 2 9 9 2 2 2 9 9 9 9 9 9 9 9 9 9 9 9 9 9 9 2 9 9 9 9 9 9 9 9 2 9 9 2 9 9 9 2 9 2 9 9 9 9 9 2 9
left_child=4 2 3 11 5 6 12 13 45 -9 -8 107 -1 -7 -4 96 -5 20 34 -20 93 89 -14 27 -12 -16 -21 -24 105 30 81 -31 43 100 -19 36 -25 38 -28 -37 -32 44 -33 -22 -18 -6 -41 48 49 101 95 -52 69 125 -55 57 -57 -53 91 -60 -11 -30 -27 64 72 -66 123 68 -68 -51 71 -39 -35 -59 75 -46 -76 78 103 102 -79 -23 -83 84 86 -86 109 -85 -38 -10 -54 -42 -63 -13 -56 -49 -3 98 -72 -99 114 -48 -29 -69 -26 -17 -64 -2 -62 -78 -67 -88 113 -96 -34 -80 118 -118 120 -120 121 -108 -121 -65 -95 -50
right_child=1 15 14 16 8 7 10 9 21 60 24 17 22 -15 25 28 41 18 19 26 32 29 23 35 104 62 37 79 61 31 40 42 33 63 -36 39 88 70 -40 46 58 -43 -44 -45 74 -47 47 50 53 52 51 55 90 54 94 56 -58 73 59 -61 108 92 106 66 65 110 67 77 -70 -71 97 -73 -74 -75 76 -77 83 80 115 -81 -82 82 -84 87 85 -87 111 -89 -90 -91 -92 -93 -94 124 112 -97 -98 99 -100 -101 -102 -103 -104 -105 -106 -107 116 -109 -110 -111 -112 -113 -114 -115 -116 -117 117 -119 119 122 -122 -123 -124 -125 -126 -127
leaf_value=0.086378517441270952 -0.60405887168999139 0.54079498035227291 -0.25138048931874662 0.22703988431589456 -0.13951536008100981 -0.022196105088362117 1.1997584400428423 0.19969120860637349 -0.48049893493181473 0.036855431066329734 0.44775003640335048 -0.48786800355861354 -0.25938221753520846 -0.57479543854114601 0.95274483523400511 0.39085759300500844 -0.14920864399756592 0.50535250374136109 0.43769832727859337 -0.32577039547824099 -0.39858873790595883 0.4109300169943062 -0.58235638328449812 -0.31614535257872795 -0.30828530085064676 -0.21914919898317545 0.74605619520724753 -0.012114464250882674 0.022028397659389444 -0.22763947512666605 -0.11689657661460102 -0.35795873718437954 0.60381420266218022 0.31014488146832708 0.089259881565068727 -0.13797958685789924 0.074318467337154553 0.05680687316181663 0.068481360821522411 0.11279603806100212 -0.10160880764842553 1.0448901546172944 0.073424931378640465 -0.10372590787488689 0.46764757073322177 0.34275718812381978 -0.075834156361824168 0.043706055091141317 -0.24468715884085165 -0.020965775079829021 -0.20180358538535703 0.086117873008301205 0.14618261001425123 0.22362251392157298 0.14557151149974557 -0.085250123023138669 0.22801699929103236 -0.18970139584262419 0.035716811111701219 0.47252171772117724 -0.41846278899491751 -0.11797607772383577 -0.036076419536629815 -0.41769823435155234 0.64555472496677657 0.46574246845499662 -0.15932434216033614 -0.0085409208938862068 0.14394136324252288 -0.25598476810098475 -0.12660764693344034 -0.28524072797582278 -0.23393439173375033 -0.041772182276570827 0.1503479207889965 0.027166125403998431 0.15037189597956194 0.46783475503341504 -0.26361751004969686 0.3122489168682786 -0.070027173413640842 0.11997753095693992 1.0555793352777749 0.29244322899488101 0.42901299771449425 -0.020135883967935621 -0.26830691032748955 -0.0099811632920796586 -0.11662258151117594 -0.17077425995077888 -0.0051373372491107187 0.050895171834515557 0.59429862556985735 0.10698492525375398 -0.19145000463931147 -0.31988780292872687 -0.19847994918079889 -0.21991950043707106 0.12249779978473052 -0.012810032081968537 1.9484319537761825 -0.26202371377087685 -0.23186001238738579 -0.35479741885746024 0.077299705093645699 0.74406474581823334 -0.22106084470392334 -0.24187653392417208 -0.18321767998159189 -0.29621202430826421 0.0089945450254782511 -0.089929758570994153 0.097344241757343408 0.0055176538928213507 0.024216047535266672 -0.039270249983503196 1.3593449947050136 0.38967018538093079 -0.056594421596612147 0.324756717301878 0.24986761883964351 0.16874314401869431 1.0342066684860867 -0.16034969437745406 -0.31672403944042316 -0.022715285067692915
leaf_weight=4492 457 399 1383 3657 452 732 516 1124 367 1027 938 979 2345 2110 1069 1901 2238 1623 1587 2059 1723 995 905 2164 392 1125 1385 1570 3271 6032 4626 1048 489 440 2156 7248 1384 950 4386 2092 3025 263 6508 2932 1473 2407 2002 683 729 2762 5620 2786 3212 2665 2522 3238 4112 5560 1204 946 901 464 2648 1179 999 325 1305 656 4040 2463 2983 2791 2021 10372 5370 1362 2405 675 961 190 2029 3222 190 2823 1420 4412 2078 3298 9750 2803 11219 10663 1804 440 990 3353 1361 3207 8643 10141 117 2577 3634 2120 1217 2199 2312 1843 1795 516 2206 6602 2313 6221 963 4197 926 1813 783 954 7228 2837 1455 1951 532 2399
leaf_count=4492 457 399 1383 3657 452 732 516 1124 367 1027 938 979 2345 2110 1069 1901 2238 1623 1587 2059 1723 995 905 2164 392 1125 1385 1570 3271 6032 4626 1048 489 440 2156 7248 1384 950 4386 2092 3025 263 6508 2932 1473 2407 2002 683 729 2762 5620 2786 3212 2665 2522 3238 4112 5560 1204 946 901 464 2648 1179 999 325 1305 656 4040 2463 2983 2791 2021 10372 5370 1362 2405 675 961 190 2029 3222 190 2823 1420 4412 2078 3298 9750 2803 11219 10663 1804 440 990 3353 1361 3207 8643 10141 117 2577 3634 2120 1217 2199 2312 1843 1795 516 2206 6602 2313 6221 963 4197 926 1813 783 954 7228 2837 1455 1951 532 2399
internal_value=-0.000373105 0.000787966 0.000419465 -0.000139073 -0.001414 -0.00202696 -0.00169289 -0.00709455 0.000298957 -0.00289273 0.00768854 -0.00102078 -0.0019459 -0.0142006 0.00304692 0.00531187 0.00166284 -0.000765957 0.000413972 -0.000217608 -0.00225217 -0.00025577 -0.00218902 -0.00202679 0.00420415 0.00364421 -0.000625085 -0.00668093 0.00677272 0.000253451 0.00149773 -0.00202384 -0.00174229 -0.000965034 0.0067696 -0.00173427 -0.00433574 -0.000171034 0.00364124 -0.00133681 0.000376087 0.00104756 0.000568332 -0.00618435 0.00090155 0.00834786 -0.00101252 -0.00118111 -0.000223416 -0.00168558 -0.00230937 -0.00165626 -0.000432218 0.00176299 0.00287005 -0.000770765 0.00214966 -0.00191794 0.00155225 0.00730233 -0.0063086 0.00382952 0.00312571 -0.00148921 0.00169421 0.00548023 -0.00248784 -0.00148502 0.00176471 -0.00442216 -0.000938207 -0.00513196 -0.00374342 -0.00279764 0.00132991 0.00620387 0.000850211 -0.00311796 -0.00465087 -0.00486677 0.00136834 0.00669006 0.00450029 5.09251e-05 -0.000972294 0.00204047 -0.00248685 0.0029652 -0.00284458 -0.00641509 0.00101447 0.000650205 0.00842845 -0.0103774 0.00157598 -0.00741473 -0.00271186 -0.000308197 0.00138364 -0.0017817 0.00737809 -0.00704947 -0.00557264 -0.00882986 -0.00120445 0.0107299 0.00356768 -0.00930736 -0.00920177 0.00278062 0.00202676 -0.00425777 0.000388085 -0.000977673 0.00564738 -0.00238003 0.00420352 0.00830595 0.00348449 0.00742481 0.00246829 -0.000261679 0.0101075 -0.00757962 -0.00448065 -0.00344168
internal_weight=320151 151339 139940 115407 168812 124324 116635 7689 44488 4847 3063 77490 113572 2842 24533 11399 37917 75190 41911 38132 33279 41629 109080 106735 2547 23150 36545 6299 9639 38459 24871 13588 31328 26673 3779 100436 13298 34486 5771 87138 20464 34260 7556 4655 33997 2859 79890 77798 42074 24235 35724 31688 19656 17839 14711 26068 7350 18718 15838 2150 3723 5539 22081 25104 5991 3530 19113 15983 5345 5225 28715 3741 2461 15932 31759 2835 28924 10638 7934 5394 2704 4407 3412 23554 17433 5832 11601 6121 11134 3170 14431 13688 2268 1951 12046 4036 1760 24974 11626 13348 1569 4579 5204 2776 1609 4100 20956 2300 2696 2921 2531 8680 9524 7211 1452 5158 18308 2739 15569 3192 12377 5149 2409 3130 972 3128
internal_count=320151 151339 139940 115407 168812 124324 116635 7689 44488 4847 3063 77490 113572 2842 24533 11399 37917 75190 41911 38132 33279 41629 109080 106735 2547 23150 36545 6299 9639 38459 24871 13588 31328 26673 3779 100436 13298 34486 5771 87138 20464 34260 7556 4655 33997 2859 79890 77798 42074 24235 35724 31688 19656 17839 14711 26068 7350 18718 15838 2150 3723 5539 22081 25104 5991 3530 19113 15983 5345 5225 28715 3741 2461 15932 31759 2835 28924 10638 7934 5394 2704 4407 3412 23554 17433 5832 11601 6121 11134 3170 14431 13688 2268 1951 12046 4036 1760 24974 11626 13348 1569 4579 5204 2776 1609 4100 20956 2300 2696 2921 2531 8680 9524 7211 1452 5158 18308 2739 15569 3192 12377 5149 2409 3130 972 3128
cat_boundaries=0 11 22 33 43 55 66 77 89 100 111 121 133 145 157 168 179 190 201 213 224 235 246 256 267 278 289 300 311 322 333 344 355 366 377 389 400 412 424 436 447 459 469 481 492 503 514 525 536 547 558 569 580 592 603 614 625 636 647 657 668 679 689 700 711 722 734 745 757 768 779 790 801 812 823 834 845 856 867 879 890 901 911 922 933 945 956 967 978 990 1001 1012 1023 1033 1044 1054 1064 1075 1086 1097
cat_threshold=8388612 1028 406847649 2048 268435460 134283296 655360 2148151298 17 1207960066 64 86179844 8390656 12582912 18432 2952804352 16384 2147484160 4194304 1073741952 1074266114 13632512 1048576 18876416 8388609 33570952 67108868 8232 33554496 17043456 8388608 1074004034 2155937856 1048576 16777216 4194304 33685504 0 0 9961472 2147483651 0 64 589856 67111424 557056 278528 134742304 1073742016 2147483648 1280 637535232 8192 2151682560 42 2147516802 8256 1089537 1074266368 67108876 4194304 268468228 262160 2218885121 33558528 512 524288 8388608 268730625 35653632 268435460 536903744 131584 5246976 134217728 134482690 12582916 2156544004 2097156 66050 136315136 256 256 2214593152 0 1073741952 33554952 20971780 64 81920 0 4096 18436 8196 1077944384 2147614976 2161934337 1052672 3584 524549 18432 272631808 532480 134250496 2281701664 1086587016 1082130432 9473 67109888 3080 65792 620757120 35651888 16777218 536873984 67108872 8454400 5243008 1048584 1092616194 671089160 339742980 68157570 6 134266880 34048 0 131088 16777232 2163200 36175881 65536 64 268959744 3388997664 142606912 262400 1082368 0 134217888 1024 16842800 0 72737 16 69730308 388 34 409856 0 4325568 33554944 1048576 1140916352 134352896 4194368 72 71438401 1140982416 2097664 32769 34766848 303038464 0 32768 536871458 1 4195360 67246080 268435746 4718848 16809985 1342185472 4128 138551304 160 262144 2621440 2147485184 9437184 16779264 272629792 131080 268435460 134349864 43515968 655872 16 0 261 285884416 2281701378 8388609 262404 67117088 4194304 262672 1572864 2098336 2097152 16844804 2097152 64 2163456 2159018114 536875040 268730368 1145045000 270336 2056 4194304 16777248 16 0 17829888 256 33685504 0 671122496 0 1 134218880 1074135040 64 1048576 12583940 155189248 33554432 8192 536875008 8912960 1081344 1207959560 1075184386 2160590848 1065216 176160784 17043456 44566528 4 537986048 134217728 4325633 2097184 1050626 4100 8388608 16778240 419430816 33685504 0 134348840 256 2156134401 9 512 26214400 33555606 262144 572524545 1107296268 43130880 144 32768 2 6152 4 67108865 528 98304 142608512 4034928864 8388608 262224 40 8388738 524288 8192 75497472 16781312 4194432 33685512 0 73768 524608 17172482 139 1074921536 591872 404750372 2147483648 10748032 268568584 4 16384 1073741824 269091074 128 272630304 13303808 134217728 150994944 8454274 2176 8192 536875264 2181824544 4720640 1083183104 537396224 257 4 32772 4456449 177340417 1073750016 5242880 134217744 2176876549 4097 528384 16778304 16777216 1090519040 32 33816580 67108864 66624 1048832 2148534280 134221952 136768 524864 17301504 33556480 16384 150994946 2147488064 32 1182933008 20971848 0 2228872 1048576 16384 102760452 268435586 679477252 1073741888 1073741824 8388608 9470465 10489856 1312840 16777476 131072 41943040 262528 0 268435460 0 1048576 4329473 1024 536870912 524292 8388608 4096 288 131084 268435520 33800 4194384 2165475332 1073741824 135528704 320 153616512 144179200 16384 1627392002 34615936 0 268435456 262340 4194304 2181038112 1048576 64 8388608 8388610 4226 134219788 2048 132096 0 133121 134217730 2621440 8388608 2 131712 16898 143656192 9994376 64 263168 16 104923136 33560576 268435456 18 0 8388612 4194304 0 1342177312 5504 1049664 2147618817 150994944 3359899972 8913216 8 270532612 0 8388736 578816004 268437504 49160 134218368 139808 41943040 135268352 131073 24 16793600 4100 16777248 130 2181171200 536871944 80 17831432 1075840048 384 1048577 2165374976 29361152 40960 2097152 0 163968 2223505920 14336 27262984 1073742088 256 8 2147483648 58722320 1 537149444 2684358720 0 276824064 4229700 134222849 9304 4 16777220 8651008 2685419652 0 33152 1048640 131109 9437312 2148794624 655424 8 9437184 25170944 285479168 1048704 8192 134283264 4718592 2147485697 1074790416 1611399488 8392704 2147483777 41945104 4097 2684370948 536870944 384 33554432 4204544 142606336 1208098816 4356 2097152 41947136 17043456 33554560 0 147520 41943616 1050624 137367552 2097408 524544 1048580 12583940 20971520 0 1409286144 134283264 9961472 135168 2098192 134610946 8388672 2097156 1115686912 4259842 2147483649 268435456 1107296256 277348352 0 67112961 135492 4195393 268451844 16777216 134217889 4 67110912 66592 9961472 2155878402 2166784 263746 524544 0 25172992 4194688 0 0 536936456 0 131584 1073742856 1207962882 68 135266436 76677124 24608 2147483648 2052 1744830600 4352 262402 1073741824 33556488 580 16388 16781312 134217729 1703936 0 4128 8520448 2164391938 2097304 136053760 268632065 8404992 4096 4194435 0 0 4210688 524288 21008896 1048576 2237761 4194304 8 270532608 18878464 262274 537919616 10240 134299648 2147483648 8389154 1075844104 9216 2147684352 16924674 1212157952 9437184 524292 4 1082130432 2415919232 1568 32896 1343230976 4164 8388609 1024 4096 2097152 4 671088680 0 524290 65536 1073743936 8388868 8388608 0 32 0 2048 4391936 33554432 788480 134218752 541066248 4718596 41943040 29361152 134218018 2147483648 0 536876288 2147484672 2157445122 1049608 524608 2415919172 0 5120 0 33554432 0 8 8388608 2048 8 1310720 278003712 5136 256 35667976 0 134349824 1048576 13635584 167772161 1611931904 8388612 268435457 33555456 66304 2155872256 75628548 33570848 34078784 35360 2101248 272891920 2415919616 65536 1024 4456448 570441728 0 196864 1180160 5801985 134218760 1074790914 0 1024 257 0 0 0 9961472 25335808 8 578 4194560 1048576 0 16777216 33554432 0 134217728 9437184 9441281 16 512 256 2147483712 67239952 16814241 2097284 805307392 537068544 397328 4198400 8388608 537919488 8388608 42991620 1090519552 279187458 278920 268437504 163840 2147483680 0 151060480 512 8523776 8 1052672 83886080 142868640 35782656 536872960 134217728 5242880 2155876354 8 1074921794 524357 287309824 6293504 0 0 2147488000 0 640 2148536322 0 1073741832 2148073536 8 1048576 0 0 1179652 0 0 4194304 8652800 40 4608 64 411058176 6291456 65794 35913740 10240 65600 134480416 11778 0 1058816 285212672 0 1052672 134217728 537919500 0 134217728 128 268959744 134217731 1073742080 8388608 8404996 4096 262400 2056 0 0 2147483648 2151680002 10485761 536872000 4 1048576 16781312 402653312 0 0 131080 1048576 8388609 1048576 1208221698 8388609 50348032 2098176 8228 2097280 0 229376 67113664 8389632 1074790400 1442176 68 8388608 33558528 0 262144 536870912 131072 2148532736 6144 0 1048640 320 8388608 0 0 0 268435456 536871936 1048640 0 1040 0 524292 276840448 4198400 268435840 0 2684354560 132128 524544 268800 135266448 1074005314 524544 65537 16 8320 33816576 1073750144 536871272 1572864 5246980 1157632032 671350786 2151677952 128 0 17039361 8 2214594560 135349384 832 688384 1024 139456 1024 8 65536 37750784 16777248 2375680 33554432 134348928 524352 25165825 1082131481 1073741888 4160 8978432 0 134221824 2052 1073741824 1073872896 42598944 524290 8 2149057280 268435456 131072 8421376 20971520 8 0 65536 1048576 4194304 134221824 1073873474 8388608 4096 16777216 0 0 134217728 64 0 24 1074790656 1 269484036 5120 20971553 136 0 536871944 8912896 2050 1075839001 134349056 4194304 268435456 2147485696 1025 2148532224 2147483648 1032 33555472 1214464 1052721 1075446786 2415919105 8 0 256 268435456 0 0 536870912 1048640 8519680 16 256 2147483904 16384 4199424 289407008 131072 6144 537067520 524288 4194816 1073741832 512 273154308 67109120 8388608 0 0 8192 4194312 0 5374464 1048704 671612928 1 0 67108864 32800 2097156 536871936 402654208 4198528 5242896 8388608 537919616 524293 16 8388608 5242880 0 2099200 8398848 1073807360 4194816 2048 16 8192 268435457 0 0 150995072 0 268435456 0 34078784 8388608 0 512 268435712 67108864 2097152 20971520 0 536879104 4259840 101187584 5767169 143654912 131586 524288 0 16781312 134483968 33685512 0 32 34603008 2147751939 0 537133056 0 4228096 146800896 0 14336 671154176 0 2164789249 1024 671088704 589824 0 85983232 134488480 570556416 4096 134217768 34603008 25205249 9437192 1207960192 0 21008384 297795744 33685504 0 134217760 8912896 2152202753 134218760 266304 0 4198400 419692832 0 536870912 134414368 64 0 1207959560 536870912 524288 0 8388608 289407104 131072 0 0 64 4849665 17 1208091138 8912897 0 16781344 16777248 33554432 8192 134218752 1572928 131075 16 1024 524288
is_linear=0
shrinkage=0.1


Tree=22
num_leaves=127
num_cat=104
split_feature=20 5 15 1 1 1 2 2 14 1 2 2 1 2 8 2 8 1 1 15 1 0 2 1 2 2 2 1 1 2 2 8 8 2 1 1 14 1 2 1 1 1 15 1 2 2 2 1 1 2 2 1 2 1 1 2 1 1 2 1 2 0 1 2 2 1 1 1 2 2 7 1 2 2 1 12 2 1 2 1 1 12 2 1 2 1 8 1 2 2 2 1 12 12 2 2 1 2 1 1 2 18 1 2 8 2 2 1 2 1 1 1 2 1 2 1 8 1 1 8 2 15 2 2 0 2
split_gain=38.3059 19.7768 20.024 17.1171 15.2902 14.5544 13.4684 12.8527 12.7192 15.7706 12.5553 12.4841 12.2499 10.6534 10.63 20.3506 18.7481 16.2929 14.9126 12.7545 15.7991 15.6526 16.952 15.1481 14.2756 12.1696 10.5359 10.414 10.2638 13.2626 9.82518 9.4105 26.4019 20.4765 11.9465 11.7769 11.4263 15.5975 12.8493 11.8886 11.1753 9.39339 9.35901 9.28014 9.16832 9.08108 8.68838 17.7234 9.01218 10.4773 8.56699 9.61155 8.4623 8.31051 7.98499 7.97635 9.33111 7.88016 9.03539 7.7116 7.69672 7.43649 10.5826 8.85858 8.43024 9.43142 8.36976 8.02499 7.13402 7.10075 7.13207 12.5757 11.9144 9.02827 7.93363 7.06541 7.43675 8.33455 7.57042 7.05531 7.04338 6.98774 8.71465 7.91395 6.98572 6.94924 6.85574 8.15975 6.80046 6.7857 6.61385 6.05318 6.0514 6.02957 7.07171 5.90681 6.99123 5.90466 6.50926 5.78867 5.71373 5.68859 7.31696 5.66684 5.57829 5.5682 5.49059 5.43822 5.40672 5.26757 5.26482 5.19218 5.18767 5.17933 6.20721 5.14744 5.11762 5.03908 4.9631 4.91401 4.87481 4.86406 4.83086 4.80354 4.79216 4.74895
threshold=0.25323443114757543 605.50000000000011 3212.5000000000005 0 1 2 3 4 78.500000000000014 5 6 7 8 9 17.500000000000004 10 29.500000000000004 11 12 2639.0000000000005 13 14 15 16 17 18 19 20 21 22 23 29.500000000000004 27.500000000000004 24 25 26 36.500000000000007 27 28 29 30 31 394.50000000000006 32 33 34 35 36 37 38 39 40 41 42 43 44 45 46 47 48 49 50 51 52 53 54 55 56 57 58 1.0000000180025095e-35 59 60 61 62 1048.5000000000002 63 64 65 66 67 317.50000000000006 68 69 70 71 3.5000000000000004 72 73 74 75 76 928.50000000000011 512.50000000000011 77 78 79 80 81 82 83 0.17450047284364703 84 85 23.500000000000004 86 87 88 89 90 91 92 93 94 95 96 29.500000000000004 97 98 5.5000000000000009 99 4230.5000000000009 100 101 102 103
decision_type=2 2 2 9 9 9 9 9 2 9 9 9 9 9 2 9 2 9 9 2 9 9 9 9 9 9 9 9 9 9 9 2 2 9 9 9 2 9 9 9 9 9 2 9 9 9 9 9 9 9 9 9 9 9 9 9 9 9 9 9 9 9 9 9 9 9 9 9 9 9 2 9 9 9 9 2 9 9 9 9 9 2 9 9 9 9 2 9 9 9 9 9 2 2 9 9 9 9 9 9 9 2 9 9 2 9 9 9 9 9 9 9 9 9 9 9 2 9 9 2 9 2 9 9 9 9
left_child=1 6 4 13 119 -2 -1 109 12 -10 79 -5 108 -4 19 104 18 68 -17 21 30 28 -23 103 -22 27 -25 -20 29 -7 -21 32 36 117 -35 -34 38 -38 54 60 -39 52 -28 -14 -19 -30 47 -45 49 -48 51 -36 121 -44 -12 56 -41 58 -57 -11 -40 64 90 -64 66 -66 -50 122 -18 110 74 73 -73 -72 106 76 115 78 -78 -6 -15 82 111 123 -37 -42 87 -74 -83 91 -63 -88 116 100 -95 -27 -97 -26 -99 -86 -60 102 -67 -24 -16 -85 -71 -49 -9 -8 -59 -76 -47 114 -103 -55 -51 -33 -52 -3 -43 -13 -65 -84 -91 -115
right_child=5 2 3 11 10 14 7 8 9 59 31 41 43 80 15 16 17 44 25 20 24 22 23 26 97 95 42 -29 45 -31 -32 33 35 34 50 84 37 40 39 55 85 120 53 46 -46 112 48 107 61 92 118 -53 -54 75 -56 57 -58 69 93 -61 -62 62 63 67 65 101 -68 -69 -70 70 71 72 86 -75 81 -77 77 -79 -80 -81 -82 88 83 105 99 -87 89 -89 -90 124 -92 -93 -94 94 -96 96 -98 98 -100 -101 -102 113 -104 -105 -106 -107 -108 -109 -110 -111 -112 -113 -114 125 -116 -117 -118 -119 -120 -121 -122 -123 -124 -125 -126 -127
leaf_value=-0.32089460254215646 -0.32233770508453097 -0.46086478172299117 0.62532723676781987 -0.17611850007801222 0.8057387798973128 -0.586062173346801 -0.25604558053479848 0.03359883728124418 0.45734451488510341 -0.21688523296485596 -0.3480220905241625 -0.036176125186523134 0.099458588194959952 0.68622217713148581 0.28676028160255951 -0.19679379333267139 0.10532299278334629 -0.24528341129011136 0.31938106363478203 0.23882780771122217 -0.10119265290790543 -0.34445671036141062 0.65114999036242038 0.38064610120373199 0.46508760090033247 -0.30103947095688155 -0.39279282203180355 1.1687807278556734 0.28407336691379903 -0.080840545066896752 -0.17394188718632711 -0.13497755838105779 -0.072348987100957191 0.17617838316969589 -0.17817684870189671 2.1682544657427467 -0.19351004696311958 0.35289283345586686 -0.025622502901239397 0.084108229458938685 0.18256312298740418 -0.1761550377123153 -0.25645934984033442 0.056615393329651556 0.30160238075647838 -0.012462551416963265 -0.23600103677118123 -0.25515088250432605 -0.22510688536094997 -0.075394107143269162 0.014608984799178427 -0.74601938002501056 0.17757144116242485 0.60570124894558763 -0.094299200816948162 0.11548570549082111 -0.14072469063065221 -0.020006886526073277 -0.10046312596602927 0.082671228825767926 -0.35624370308747771 0.010542348403903203 -0.17372169944463806 0.021055798314018673 0.032814087603080466 -0.28955251303140978 -0.079113911875673404 -0.073740039265299914 -0.60948724496814755 0.33567591001322322 0.13443004931197786 0.32072132888655258 1.1421794498328404 -0.18854169070204715 0.24357414739691119 1.3735119020740414 -0.24394215111779302 0.11185467107237788 -0.0012002912207288664 0.097912503695311404 0.13273998493412101 0.078729381223862138 -0.32801836473645779 -0.17142709116264365 1.3190717192365538 0.0021344187180706519 -0.028729754501303086 0.093919786596997845 -0.042343928913404355 -0.26606459919766418 0.24282314556550891 0.32784991683878445 0.1753427392136363 0.30159042290714233 -0.14779090731445202 -0.042358759281777174 0.4303665318292561 0.6090839485532783 0.1753842090853997 0.37503863993887887 -0.29621658682109214 -0.02566838940970291 -0.079741919461453217 0.12931994353367166 0.98017847015288639 -0.40975790309770788 0.020167321108600957 -0.14171491525187965 -0.34736805149514044 0.2742640071098385 0.14344481480436375 -0.062740852309607756 -0.2789044674829036 -0.070858688011888479 -0.37040449486629312 0.17839755710578248 -0.36452256708282693 0.38945351684019791 -0.30211541949044424 -0.21134655236412395 0.043017752617506136 0.90335067564579075 0.23828518737627427 0.011072069840772959 0.032324015047386377 0.033714847500996785
leaf_weight=1418 1428 847 1429 2497 271 1736 143 276 953 801 2405 4990 1687 574 920 1326 320 969 1349 1103 2227 1211 1896 2040 3863 568 1092 1744 1722 1922 2741 268 723 851 821 349 3219 2098 1234 2132 4472 2617 1434 2695 1598 4014 4109 3711 3345 8202 984 1294 6853 821 2244 1883 10076 2578 2999 2156 1964 1408 3990 1794 8039 1200 5750 3694 1215 834 1129 3239 450 3114 648 183 2436 7316 4930 3170 9461 4315 570 2446 443 11965 1527 1295 18024 1510 1857 978 639 814 1434 1305 2594 903 8009 1341 3494 1193 3731 1079 1616 2150 1934 6022 1441 1208 4946 1622 2966 5857 1135 5081 577 886 1791 1666 1375 140 1923 2634 1022 6489
leaf_count=1418 1428 847 1429 2497 271 1736 143 276 953 801 2405 4990 1687 574 920 1326 320 969 1349 1103 2227 1211 1896 2040 3863 568 1092 1744 1722 1922 2741 268 723 851 821 349 3219 2098 1234 2132 4472 2617 1434 2695 1598 4014 4109 3711 3345 8202 984 1294 6853 821 2244 1883 10076 2578 2999 2156 1964 1408 3990 1794 8039 1200 5750 3694 1215 834 1129 3239 450 3114 648 183 2436 7316 4930 3170 9461 4315 570 2446 443 11965 1527 1295 18024 1510 1857 978 639 814 1434 1305 2594 903 8009 1341 3494 1193 3731 1079 1616 2150 1934 6022 1441 1208 4946 1622 2966 5857 1135 5081 577 886 1791 1666 1375 140 1923 2634 1022 6489
internal_value=-0.000378093 -0.000997187 -0.000318952 0.00200428 -0.000874879 0.00155451 -0.00219972 -0.00203929 -0.00219404 0.00337596 -0.00071615 0.000119035 -0.00246397 0.00503748 0.00174209 0.00407756 0.00246961 -0.00312043 0.00505289 0.00114533 0.00330574 0.000173118 0.00142402 0.00192104 0.00476952 0.00676354 0.00112654 0.0115856 -0.00281326 -0.00725191 -0.00241308 -0.000888309 -0.000668128 -0.00447426 -0.00691184 0.00882353 -0.000915922 0.00113542 -0.00142508 -0.00113788 0.00225128 0.00114795 0.000521392 -0.00228127 0.00176562 -0.00094123 -0.00244151 -0.00486413 -0.00197715 -0.00427347 -0.00881633 -0.0136235 0.00254732 0.000966173 -0.00653574 -0.000897791 -0.0032493 -0.00047264 -0.0029716 -0.000252781 -0.00710723 -0.00137217 0.00053148 -0.00090702 -0.00213203 -0.00126202 -0.0047721 0.00113866 -0.0112298 -6.14305e-06 -0.000441852 0.0014442 0.00337454 -0.00311545 -0.00120675 0.00147519 0.00130198 9.529e-05 -0.00227766 0.00523037 0.00387755 -0.00164564 -0.00383317 -0.00541613 0.0125292 0.00137107 0.000986455 0.00638968 -0.00066028 -0.000883462 0.00554198 0.00280318 -0.00242894 -0.00432522 0.000133452 0.0034063 0.00479662 0.00605788 0.00462901 0.00986622 -0.00587556 -0.00244456 -0.0053843 0.00865997 0.0122545 -0.00807642 0.00392369 -0.00685107 -0.0107991 0.0076047 0.00285373 0.00162281 -0.00254649 -0.00145836 -0.00577417 0.00429635 -0.00311539 0.00764605 -0.0051167 -0.00858105 -0.00304848 -0.000525292 0.00441374 -0.00158681 -0.004524 -0.000639365
internal_weight=320159 242482 155039 29936 125103 77677 87443 86025 84674 3910 122590 18472 80764 11464 76249 15524 12988 4102 8886 60725 18846 41879 29519 28308 15002 7560 25333 3093 12360 3658 3844 119149 112254 6895 5741 2856 109398 21754 87644 82995 18535 15975 23293 79047 2567 8702 77360 12428 64932 13527 4890 2115 11983 22201 4649 79797 12208 67589 10624 2957 3198 51405 14666 11401 36739 27644 9095 7411 1535 56965 49441 14264 10021 4243 35177 20767 20584 14682 7366 3441 10035 32409 10070 7800 2133 16437 6782 1745 22339 5037 3265 2505 9418 8741 2248 4467 3899 12775 8912 1784 6493 19605 4931 2975 2536 4596 2768 9733 1717 1351 7524 2270 6980 14674 2328 5902 8779 1154 2775 2513 3992 5130 3717 3204 2532 12346
internal_count=320159 242482 155039 29936 125103 77677 87443 86025 84674 3910 122590 18472 80764 11464 76249 15524 12988 4102 8886 60725 18846 41879 29519 28308 15002 7560 25333 3093 12360 3658 3844 119149 112254 6895 5741 2856 109398 21754 87644 82995 18535 15975 23293 79047 2567 8702 77360 12428 64932 13527 4890 2115 11983 22201 4649 79797 12208 67589 10624 2957 3198 51405 14666 11401 36739 27644 9095 7411 1535 56965 49441 14264 10021 4243 35177 20767 20584 14682 7366 3441 10035 32409 10070 7800 2133 16437 6782 1745 22339 5037 3265 2505 9418 8741 2248 4467 3899 12775 8912 1784 6493 19605 4931 2975 2536 4596 2768 9733 1717 1351 7524 2270 6980 14674 2328 5902 8779 1154 2775 2513 3992 5130 3717 3204 2532 12346
cat_boundaries=0 11 22 34 45 57 69 80 91 102 113 124 135 147 158 159 171 183 194 205 216 227 238 249 260 272 284 295 306 318 330 341 352 363 374 385 396 408 418 429 440 451 462 473 484 495 505 517 528 539 550 551 562 572 584 596 607 619 630 641 652 663 674 685 695 707 718 729 739 750 762 772 784 795 806 818 830 841 852 863 873 884 895 907 918 929 940 952 963 974 984 995 1006 1017 1029 1040 1051 1063 1074 1083 1094 1106 1117 1118 1129
cat_threshold=268435456 4096 134217857 2056 268443648 671154176 33685568 4724738 4113 1611923778 524352 524416 131888 8454656 258 3229745184 33554432 1149247496 4 2151680032 2097168 1024 2382370816 68190240 2101248 1 132224 268484992 0 41664 50331648 131072 9216 16 18876416 268435488 565314 134479875 1073742860 1073774592 8 131152 536870914 524288 134218240 67108963 138412288 16384 268435840 546832480 8396800 2214592544 1049868 0 32 4096 18 2156412932 4 268697730 1048584 4096 1096 4194816 4196354 83887128 8 12582913 8 2248151041 32800 16898 1026 135405572 1073754240 134217728 8336 33554434 67633160 3072 81920 4196352 0 16516 1140850692 1073750080 2181169152 8912898 9437184 134348808 2160066820 2181562689 100663828 2637824 262147 34635968 33554496 2151677984 32768 553648128 128 1048576 0 2048 32 0 0 99336 33554496 8923137 136318984 538312960 4718656 16777216 54528006 0 33816837 4 1077936384 320 4194306 134217889 786632 4260864 2621440 4198400 423887232 131076 0 132096 524288 264194 1073742857 135266306 4718853 132 142613508 8388608 2686451712 2684362752 1073807360 2147614784 20971520 1073741952 34603010 285736964 8 4 25166848 20971520 35651840 335552512 1073745920 9043968 6160384 3145729 536871498 268435520 12297 6144 52 49156 16387 0 4096 402661888 133128 67112961 2415919232 8391684 8 16385 4096 32768 136593408 67117316 1073741824 1074003968 5505024 202440705 67117064 285217536 64 16793604 0 0 2097164 335552516 82240 0 2148139010 1207959552 134488648 268438529 9437184 142607360 268435584 2228232 2214600704 196640 8390144 8919040 1073746944 1207959552 524545 2148024576 1210089474 8388864 262144 335544320 41943040 1108082688 4751616 32 8256 201472 9453568 37748736 150995107 8 2048 671220736 34078720 3 48 1610618176 4194304 268451840 50331648 134480002 131084 8192 134414368 34078720 8912898 4104 134480196 25167876 9437184 0 134218113 33554432 0 66848 34078784 2155876353 25 264008 8913152 16388 4096 285212832 33554432 67108864 537067520 0 1052674 10486785 1207959872 4194560 270532612 16778368 16777217 2182086668 603985920 4195328 1048912 17039361 5120 2098176 0 8 8388608 8388612 262144 35668100 67108868 0 33554944 4194305 68228098 537528258 1 8 0 4096 16777216 0 67108864 671088648 33554496 528384 134217753 671088960 8912901 402653184 2181038080 262144 33816712 1081344 4342784 134348800 9026 50332672 805306368 272634112 134218080 134742018 404750336 268435456 524960 0 268435456 8421440 553975808 4194320 134218240 98 2162689 16777220 2129920 2281704448 8 1073741888 2185232896 525440 270598144 4204930 16777216 8 35653696 8388610 524288 16793600 570427464 671088672 2415919108 131072 69206528 12292 134226436 9437188 54529028 4194560 33554436 1073741828 5120 2157445248 1179648 3145728 134217736 260 32768 131138 8192 2290123136 1024 1073758208 402923524 17039488 2181136512 335544320 16843264 0 5120 402653216 131072 0 671220736 0 6144 1073742864 1209139712 321 16777220 6291456 4096 537264128 2048 82184 0 2165837825 1207959569 537134080 268435716 16384 8519684 160 131072 0 268502048 134348800 268435458 270602377 402655234 2416116032 17956868 12617728 134254849 0 67112964 131360 131584 4718592 2097192 3145728 2415919105 8 29507584 6144 419430945 1179648 288 1081472 131344 32 4195872 1075970052 8454148 2099200 268435712 11012108 268435456 131136 33555968 2164264961 1082131472 5242880 4718592 10027008 8388612 402653184 2752896 32 671088672 33554432 4718592 68157456 672137216 268959748 0 4096 402653217 131072 0 134217728 256 266240 16 1075054592 12583172 8388612 4 4456449 33554432 268443648 66560 8913792 2165475328 2102288 1073743362 524288 131076 2166360064 66050 1049734 2148534272 9437184 4 10 0 1073742496 2155937796 131072 5120 419430401 9568256 67108864 671252512 1049088 13113344 0 1611662145 524292 17301504 1091567616 9344 2308 33556480 176160768 1141113912 528384 402653216 262148 1048577 0 4196352 20971776 16512 603979780 135266560 524288 168705 75497602 605294664 16384 41943042 4194464 18890752 303075328 671088640 262144 4098 612368386 537006088 268435716 16 147460 37749760 20971553 134234112 536870912 4194304 2161115648 2147483906 71304320 33554690 268435456 2097152 58720272 20971520 33554560 256 671219712 524288 2164261896 1074790433 136315200 2415984640 9437184 16779264 4194304 35782656 0 541196320 9437184 257 134218776 256 524545 6457 268439552 2148532224 32768 8 1140854784 65792 42467840 4196360 137367577 536871938 272760833 655364 2097152 402653952 33572864 2147490048 671240200 1572864 16777728 9438208 1075970304 0 67112962 18874368 36700160 67108864 4194560 38273280 264193 17825824 1316616 4718593 8 68157440 1101004928 4096 2099200 536872960 536875008 67109056 4198406 8388624 134750472 4194372 8 0 20971520 4456448 572522496 335544324 65568 1572928 4194307 2097169 135005440 321 2097156 4194304 260 536889344 2147483652 675415048 1074791424 277349440 0 2181300480 8392704 16 0 0 16777505 0 0 132104 41943040 2048 0 1610614016 524544 198790 12585104 622596 19005440 67108864 16640 0 263436 8388736 134227968 4 335675392 4200448 151257092 8388736 603979776 288 320 16908800 1073741824 1208221696 2151677953 268435456 35652608 8388640 570687488 1342181376 65632 34607360 2048 8 1612710146 720960 9437184 4 4194560 33570816 268468224 1115200 9437888 5242880 1141899272 537003648 8388864 2483159296 71303168 266241 537919616 603988224 20480 134217856 2147484224 1073742849 134217728 2156003840 1048576 1024 16785411 26345480 6276 134218944 0 2164260865 1091568768 1835010 2129920 4194308 411042177 8 0 671088648 2149056576 8392705 4096 538182976 4194305 8 310378497 96473088 402653344 570458112 0 541130752 2151677968 1048608 142606336 132096 273154048 0 16779264 16777218 2182086656 2048 1048576 0 2048 8 524288 524288 0 0 0 0 0 0 0 0 1 1310784 270548992 4096 262144 2684616704 536875264 4325440 8519680 22151683 1141899264 1048578 8388672 25165824 7168 258 8650761 0 4194568 688144 5505024 134217728 524864 4724737 64 1048576 1028 32 33685504 0 65568 1048576 0 129 64 2156924928 16781312 268468225 8388608 4356 1073807680 34603520 8389632 0 168036896 2147483649 64 8388608 0 0 33685504 0 4325376 1048576 2147485697 0 1024 524288 3162112 100794880 16781569 9453696 0 1343488 8192 269615104 1032 4288 2420117760 9437184 67108868 17043712 1207959560 264 164872 655360 131073 2098177 34734080 2155872256 8 4 5120 150994944 536872960 67110912 4194304 1835072 8912896 16 1074790400 25165828 8 9437184 1024 268435456 131080 0 0 524288 2156922880 135267329 1048576 524288 1048576 4 262400 33947656 8388608 32 64 16777217 9 134219776 4194624 268959744 2129920 4352 1048576 0 128 2147483664 1081856 1048576 1048578 285212736 277872640 0 134217984 33685512 0 8 1048576 2147483649 136315920 536871680 268566528 37753856 262401 149760 0 5120 64 8389120 10489873 538052608 8454212 268435456 4194304 0 0 0 536870944 33554560 0 8388608 1051904 4194304 8519680 2048 268697728 0 0 4194304 1048576 1 0 393216 0 8 2097152 0 8454144 131072 2147487744 537067560 655424 269484033 1075843088 1075973632 2148007936 4096 1024 32896 4 67112960 0 42467840 1536 9 262144 268566529 1179648 4194304 285212672 33685512 0 675282952 1048576 12582913 1207959552 1835008 524288 9437184 0 20975616 142606336 32768 537919528 34603008 0 5136 1107297024 273154304 8 8388608 4096 17039360 34078720 0 4194312 0 4327424 9 64 8388608 268435456 135267328 2 33570816 8192 671088640 42991808 4101 1048592 134480898 12582976 0 16777216 4194304 131080 0 0 1048640 1 0 1073741824 0 5120 0 0 0 0 0 0 16 0 524352 26214400 1024 16777473 131080 0 1048576 64 21135360 1207960601 135267392 66049 4 1024 0 0 4 196608 256 17203200 4096 524800 524352 276824064 8388608 419430784 2056 0 131072 524864 8650752 9442304 134217988 2148076544 8 270532612 4194304 256 8 0 66560 0 1572864 69210112 537133120 268435456 269615104 0 134217728 0 0 671219720 1048576 2147516416 16 1073741888 4 8388608 4194306 8388736 131072 0 134217728 2181038144 1 4096 0 1 8 0 4096 150994944 131080 67108864 4325376 0 2147485696 0 536870912 524288 68288512 16778240 16777217 8 0 536936488 1048640 2147483648 134217753 0 25165824 138412288 0 268435456 671092736 1048576 135168 17 320 1 268435456 2147490832 8650752 8 8192 1048576 33562624 8654848 1140850688 537133568 8912901 8 9437184 1024 4194304 0 268435456 0 1048832 0 2098176 131584 268959744 2699 9437440 33556480 4456449 0 268435456 135168 1049216 13107200 1216348176 1610743872 8388612
is_linear=0
shrinkage=0.1


Tree=23
num_leaves=127
num_cat=102
split_feature=16 4 2 1 15 1 2 2 1 14 1 1 2 2 5 1 2 1 1 1 2 1 15 2 1 2 2 1 2 1 2 6 14 1 2 2 1 2 1 1 8 2 1 8 2 1 2 1 2 2 2 1 2 2 1 2 1 4 2 1 1 2 1 1 2 1 2 2 2 1 2 1 14 2 1 1 10 11 2 10 1 2 1 1 2 1 13 8 1 2 2 2 1 1 2 2 1 1 13 1 15 2 11 1 1 1 1 1 2 1 2 2 1 14 2 1 2 2 1 21 15 2 1 2 1 8
split_gain=31.576 28.138 17.551 18.8724 15.7059 17.6874 13.4182 11.4687 11.5171 11.4199 14.2913 10.7784 10.5274 10.2661 9.98334 15.1713 12.4706 11.9672 11.3168 10.3417 9.85905 9.43597 9.41001 11.3189 9.97158 9.09193 9.02677 9.53989 9.98629 8.98665 9.7455 9.59329 8.77763 12.7971 12.5052 8.71896 8.49482 8.48519 8.28642 8.03192 7.53919 19.362 13.0148 9.96482 19.9329 17.2935 11.7885 11.5659 11.3796 9.17372 8.6504 8.37265 8.29773 7.51981 10.3119 7.41492 7.30932 7.29982 8.38859 7.25797 7.20675 7.13902 7.04227 6.50417 7.76151 6.46468 6.38532 6.32225 6.14744 6.14552 6.0388 6.0295 5.8305 5.81366 5.75008 5.72048 5.66081 6.73817 8.65281 8.55807 6.69242 6.56748 7.13796 6.34768 6.12028 5.68253 5.64693 5.561 5.52407 5.48158 5.46582 5.42043 5.37601 5.29557 5.23891 5.22876 5.18579 5.16814 5.13543 6.59267 6.00608 5.85185 5.0752 4.99604 4.95135 4.94684 4.86352 4.73098 4.71956 4.69853 4.66067 4.59341 4.91232 4.52188 4.52015 4.43827 4.36631 4.34909 4.28594 4.27794 4.26488 4.25629 4.25113 4.23393 4.90158 4.21208
threshold=0.16846362501382831 16.500000000000004 0 1 2687.5000000000005 2 3 4 5 75.500000000000014 6 7 8 9 405.50000000000006 10 11 12 13 14 15 16 2659.5000000000005 17 18 19 20 21 22 23 24 3.5000000000000004 77.500000000000014 25 26 27 28 29 30 31 16.500000000000004 32 33 5.5000000000000009 34 35 36 37 38 39 40 41 42 43 44 45 46 22.500000000000004 47 48 49 50 51 52 53 54 55 56 57 58 59 60 23.500000000000004 61 62 63 177.50000000000003 5.7375674247741708 64 135.50000000000003 65 66 67 68 69 70 12.500000000000002 29.500000000000004 71 72 73 74 75 76 77 78 79 80 17.500000000000004 81 2922.5000000000005 82 6.2604577541351327 83 84 85 86 87 88 89 90 91 92 18.500000000000004 93 94 95 96 97 0.045219318941235549 883.50000000000011 98 99 100 101 3.5000000000000004
decision_type=2 2 9 9 2 9 9 9 9 2 9 9 9 9 2 9 9 9 9 9 9 9 2 9 9 9 9 9 9 9 9 2 2 9 9 9 9 9 9 9 2 9 9 2 9 9 9 9 9 9 9 9 9 9 9 9 9 2 9 9 9 9 9 9 9 9 9 9 9 9 9 9 2 9 9 9 2 2 9 2 9 9 9 9 9 9 2 2 9 9 9 9 9 9 9 9 9 9 2 9 2 9 2 9 9 9 9 9 9 9 9 9 9 2 9 9 9 9 9 2 2 9 9 9 9 2
left_child=2 11 56 114 5 -3 21 -7 37 35 -11 -2 -13 -5 15 70 17 -17 116 117 92 -6 23 36 25 -25 65 28 -28 30 -8 61 34 -34 39 -10 -22 -9 73 -26 43 87 -43 44 118 52 97 55 -49 93 74 68 -46 54 -40 -45 -1 62 -59 -55 72 105 95 64 -36 -24 104 71 -48 -69 -14 -29 -60 -15 -50 121 77 79 88 83 -81 -78 -83 89 -82 -80 -84 107 -79 -65 122 -20 -21 -44 -53 -52 -68 -47 99 -61 111 -100 123 -38 -33 -31 119 -42 -27 -35 -85 112 -101 -98 -4 -12 -18 -16 -37 -51 -103 -63 -64 -88 -125 -123
right_child=1 4 3 13 6 7 29 8 9 10 115 12 14 38 19 16 18 -19 91 20 22 -23 26 24 32 108 27 67 -30 31 -32 66 33 109 63 40 103 -39 53 -41 41 42 49 47 45 46 51 48 50 106 57 94 -54 59 -56 -57 -58 58 60 98 -62 75 90 76 -66 -67 96 69 -70 -71 -72 -73 -74 -75 -76 -77 81 78 85 80 84 82 86 110 -86 -87 102 -89 -90 -91 -92 -93 -94 -95 -96 -97 113 -99 101 100 -102 120 -104 -105 -106 -107 -108 -109 -110 -111 -112 -113 -114 -115 -116 -117 -118 -119 -120 -121 -122 125 -124 124 -126 -127
leaf_value=-0.28266697101661736 -0.26064921585052453 0.59611194433262937 -0.42004444162216004 0.095155944964035399 0.15405186501983029 0.29220233859638517 0.41881030985598777 0.018454052256180378 -0.19197366140577402 -0.14014697705101054 1.2717261455626105 -0.20248906783365586 -0.0081088514422847265 0.18590228467645742 -0.055739173231490115 -0.15270571402817579 -0.54473699807000031 0.12378328420970917 -0.37483395738594649 0.35513078512566604 -0.19039474574027287 0.64277454752626684 0.011128387897916526 0.35357361556156469 -0.59369040949521512 -0.21494166576871648 0.23430755645006968 0.019268628124340118 0.041775986848283077 0.21867433810423262 0.076638292672584693 -0.10358367445184524 0.46018960643150247 -0.22989822380062194 0.012613149516639234 0.63574983241639416 0.31420690106777854 -0.30943619119722421 -0.0018791991662011399 -0.16327327431736763 -0.31966008436357418 -0.12770415933557491 0.19949848377714613 0.011980699762415004 0.0067280384162156986 0.012432043796247428 -0.32496145073841198 -0.3068912599315593 -0.12802188269524151 0.69354187354246211 -0.15618998208380541 0.36212164378079503 -0.38532702541429154 0.017796257038092379 -0.19527686134988526 -0.4610399765939141 -0.12164082272672738 0.3294790408325019 -0.34137116936576095 -0.026835983869482407 -0.6506872654780862 0.11508988083969794 -0.10510738156102656 0.29856509884147653 -0.24921487952317467 -0.13187681200343312 -0.17717867237035856 0.095040883921033048 0.0056479231420201621 -0.034074261437089248 0.27196380996309988 -0.1263214608770058 0.88060972516235303 1.3931153245483331e-05 0.39849437983938668 -0.25731384658260209 0.063772040776355496 -0.16424313266217444 -0.01274824014887508 -0.04890642317820966 0.0244281387961129 0.15558192172767865 -0.44453146396346066 0.039062453053986347 -0.41751895997215194 0.28903730578027026 -0.57744056707247093 -0.57379335916062335 0.14651237029217157 0.024920709985276714 -0.088562341264008998 -0.092212963445508403 0.070847073994225518 0.84165638064026127 -0.055256164695862586 0.27284311309901121 0.00022667395591984276 0.39787955263495273 0.062476061116067606 -0.35788030182928732 -0.044055142287911409 0.17238289552373243 -0.077431379564196059 0.0576444954897853 0.38575176099960196 -0.080025419181303903 0.13648280146032635 0.1624211048759662 0.056650899889129594 0.10609829473486308 -0.076005076551811615 -0.26676280502707395 -0.039860722045052692 0.34864013888712519 -0.13646031686245275 0.57864125030894642 -0.25734690801599086 0.27911262283442756 0.19286547346899954 2.6512684187955222 -0.086036361415413695 0.18497444346493486 0.22992563714170125 -0.063012724202464204 -0.55100079425369053 -0.25169441246334706
leaf_weight=2565 2422 1325 2407 2456 3037 2177 3612 1647 2511 660 532 2462 690 1310 545 1970 415 3125 525 488 958 3123 3495 1594 687 1115 4347 5766 7729 1918 4220 815 938 868 2038 1455 1439 2643 3179 5292 828 1933 448 773 980 1285 2487 2623 369 868 668 2044 1961 10069 6357 1704 1906 452 822 7934 745 1759 1386 1254 4835 3750 1345 6984 2688 4467 970 5857 121 3234 1354 2102 2260 1330 839 2731 680 832 1578 3891 2377 1938 992 708 1161 3022 9442 10099 4379 1591 1644 2200 3975 3172 3701 468 4679 930 4736 5552 5095 1523 3468 1119 3796 1183 12009 5095 2330 2261 1243 997 2547 2102 1622 108 7116 436 2061 1423 554 1229
leaf_count=2565 2422 1325 2407 2456 3037 2177 3612 1647 2511 660 532 2462 690 1310 545 1970 415 3125 525 488 958 3123 3495 1594 687 1115 4347 5766 7729 1918 4220 815 938 868 2038 1455 1439 2643 3179 5292 828 1933 448 773 980 1285 2487 2623 369 868 668 2044 1961 10069 6357 1704 1906 452 822 7934 745 1759 1386 1254 4835 3750 1345 6984 2688 4467 970 5857 121 3234 1354 2102 2260 1330 839 2731 680 832 1578 3891 2377 1938 992 708 1161 3022 9442 10099 4379 1591 1644 2200 3975 3172 3701 468 4679 930 4736 5552 5095 1523 3468 1119 3796 1183 12009 5095 2330 2261 1243 997 2547 2102 1622 108 7116 436 2061 1423 554 1229
internal_value=-0.000469249 4.1682e-05 -0.00240001 -0.00196583 0.00130344 0.000401502 0.00297668 0.00017193 -7.09507e-05 0.000288274 0.0073778 -0.000839395 -0.000729758 -0.00153224 -0.000618748 -0.00267194 -0.00348563 0.000734574 -0.00506767 -0.000281477 -0.000416756 0.00722853 -0.000601426 -0.00128278 -0.00171232 0.00200307 0.000586154 0.00124858 0.00352474 0.00210891 0.00502423 0.00109044 -0.00211914 0.00316159 -0.00239909 1.9084e-05 0.00228044 -0.00506977 -0.00180813 -0.00672065 0.000282015 0.00261494 0.00496084 -0.000304145 0.00139621 -3.07295e-06 0.00153038 -0.0016343 -0.00090999 0.00710765 -8.15079e-05 -0.000580412 -0.00692985 -0.00216704 -0.00470354 -0.00810213 -0.00844678 -0.00073435 -0.00621495 -0.00159454 -0.00942285 -0.00144418 9.51958e-06 -0.00188552 -0.00474357 -0.00262578 0.00277592 5.63161e-05 -0.00317261 0.00172324 0.00646707 -0.00158601 -0.00351522 0.00228371 0.00666474 -0.00366691 -0.00143407 -0.000717213 0.00254366 -0.00137883 -0.00476849 -0.00324444 -0.00433086 -0.000406423 -0.00797196 0.00636886 -0.00512752 -0.00482176 -0.0017393 0.0030098 -0.000988449 -0.00353583 0.00398811 0.0126647 0.00305571 0.00448228 0.00084969 0.00571972 -0.00232619 -0.00328197 -0.00470513 -0.000659743 -0.00401687 0.00349236 0.00523649 0.00212982 0.00453525 -0.00208012 -0.000132087 -0.00128578 -0.00132621 -0.00639174 -0.00309829 0.00206532 -0.00893443 0.0126381 -0.0105316 0.0058901 0.00876255 0.0107505 -0.00217229 -0.0011357 0.00241539 -0.00725834 -0.00450428 -0.00474627
internal_weight=320086 253107 66979 62508 104071 67621 36450 66296 64119 59829 2189 149036 146614 58858 144152 20341 18681 5095 13586 123811 121164 6160 116297 73902 65953 6505 42395 35150 12076 30290 7832 22458 59448 2989 56459 57640 7949 4290 56402 5979 55129 11071 8416 44058 19338 16261 13320 24720 22243 6483 19620 8863 2941 51858 9536 2477 4471 17897 2140 42322 1688 8967 15757 50480 6873 7245 13491 23074 5175 11451 1660 11623 943 4544 1723 5526 43607 31232 5268 25964 5788 12375 10115 20176 3057 2777 9283 2655 2491 4276 12889 10624 4867 2039 3688 2868 7581 4457 32253 20506 12572 11747 7705 6991 5910 3441 4444 1947 4911 2051 15900 7893 2798 6236 3650 1529 2962 2647 3077 976 8046 3424 3447 2969 1977 1665
internal_count=320086 253107 66979 62508 104071 67621 36450 66296 64119 59829 2189 149036 146614 58858 144152 20341 18681 5095 13586 123811 121164 6160 116297 73902 65953 6505 42395 35150 12076 30290 7832 22458 59448 2989 56459 57640 7949 4290 56402 5979 55129 11071 8416 44058 19338 16261 13320 24720 22243 6483 19620 8863 2941 51858 9536 2477 4471 17897 2140 42322 1688 8967 15757 50480 6873 7245 13491 23074 5175 11451 1660 11623 943 4544 1723 5526 43607 31232 5268 25964 5788 12375 10115 20176 3057 2777 9283 2655 2491 4276 12889 10624 4867 2039 3688 2868 7581 4457 32253 20506 12572 11747 7705 6991 5910 3441 4444 1947 4911 2051 15900 7893 2798 6236 3650 1529 2962 2647 3077 976 8046 3424 3447 2969 1977 1665
cat_boundaries=0 11 22 34 45 56 67 79 90 102 113 125 135 146 157 168 180 191 202 213 225 236 247 258 269 280 292 303 315 326 337 348 360 371 382 394 406 418 429 440 451 463 474 485 496 508 520 532 543 554 564 575 586 598 609 620 631 642 653 664 675 686 697 707 718 729 740 751 762 773 784 794 805 817 828 839 850 861 872 883 894 905 917 929 940 951 962 974 984 995 1007 1018 1029 1041 1052 1063 1074 1085 1097 1108 1118 1128 1138
cat_threshold=16910496 268439552 64 1074268160 33556512 1208025408 101842944 131072 570425384 139264 16778240 2455764992 2147484160 31507200 131076 2048 320 1073741856 514 536870912 536879108 269489152 65604 3223324928 73728 142622848 268435456 0 393216 4325440 2097152 201327112 139264 16 16908288 69210128 32800 1048576 8448 65544 67240512 2155876352 1074794505 538312706 268435520 2049 2281701634 8192 2155906049 2415919112 8192 4456584 270720 10489888 67633184 65536 2151680000 134217764 4 557058 545259520 269488128 8388612 14469 33622018 64 12582976 286261248 4096 402657409 571473924 2147487744 65536 4195392 8421888 1090519048 2359680 65536 8 100728896 1140851074 9437184 134218752 8388736 37748736 2147491848 64 4194848 2098176 402794528 136318976 1048592 10543108 32769 1082134536 1048576 8 4194436 4128 337645572 134348800 32 67125248 0 303872 2156134400 8912900 16384 76 17826052 1410400256 2099200 9572352 16779264 138420224 74240 2147516416 1342185480 32800 516 1056 1074790402 402661889 2147483652 16 269615104 12582912 16777248 8 67108864 134222848 13631552 0 136315904 536871680 277872896 2136068 419692545 0 0 4096 64 2155874817 5128 1074139138 4784128 135282690 50333712 134218016 1048576 536870912 268439808 1040 9961730 16778256 1111490624 17301504 2147504512 0 573440 16793600 33554436 268435776 339739680 258 67110912 234883078 4096 2147483680 1107296256 256 268437760 538050688 272629768 3221225856 131080 319029248 8192 17831936 16 9437184 1024 1 33554440 67108864 671088672 9437248 135168 16 1611661632 525312 34078722 33024 1 41959424 67142694 1082163392 41943040 9216 134283264 1208222720 276824064 131073 2189461504 16777221 35684352 67119112 1083441152 262400 532484 16777216 4718592 25166336 9437441 90177536 2 393216 0 570621952 1572864 18092547 0 537002304 2147483904 2 8519680 8388608 0 44302476 67109120 1073775680 33686016 1318914 2097152 1207961088 276889856 269484032 4 402653185 1048580 805308416 65568 34209856 2160234496 8392712 1310728 5 1064960 83888128 16777376 536887296 2048 134217760 67108864 25692673 9438217 537919552 4194305 269484036 37754884 262272 2099460 1073741824 536870976 33554432 17306114 1207959569 1048640 4196416 8388612 16780288 285212801 537004036 4 541065216 47710336 16809985 136315904 2048 4194561 1572866 32 402661762 2147485962 1180704 536952832 0 512 8 1074016768 4718592 8 67109124 88080386 134742530 525440 0 33554432 339869696 528384 1089470466 96 2147483716 168366080 512 2131712 134219776 1574148 9437184 335544832 131112 4194304 37748738 64 64 131076 8388608 160 35651584 0 8389632 1572864 294912 1026 1074266112 524801 78643200 0 385 134348804 536883200 537067520 8912960 25694273 0 394496 131072 67108992 4160 1048576 537692160 2684354816 147464 131072 16 2332102786 33556482 131584 8388608 4128 0 537919490 32 0 9044480 2148532224 0 536870912 524548 8 16448 12586000 402657280 536870914 603979808 131456 134348800 21495808 1073741840 2819620992 268435460 18874368 4198402 8650752 2147876864 67112960 196608 34078720 1835008 1207963664 537924608 268501249 67109120 71303184 4096 0 536877600 671092864 143138816 4751872 1073741826 1209008128 2281701380 16 270532608 8388608 134250498 0 0 134218880 512 2148532480 8389688 2228224 16778245 8 4 16809984 285278241 571605128 8320 0 1073742848 1054720 24 807411776 257 8 1589248 16809984 512 2147483912 10508 33587200 33554688 33026 0 13344 2416445697 614465792 0 65569 50331776 671093248 134217728 176693536 34304 16777218 3072 16777220 268435716 2097156 278657 33685512 12288 541065216 34079776 1050625 134217866 5136 4194304 16384 1074266144 8912896 16642 67108896 1077985288 2147614720 285214720 1174405248 134348928 2147615232 8 1196032 20971520 285475073 131072 8192 536887328 34603024 8388608 1048576 1108608256 524288 268435456 8395812 278656 19005444 0 131104 33554432 1048579 17825928 537004416 4718592 8388608 38273154 128 537001996 4160 32768 1074266112 276829192 1041 134217728 268436032 17956864 20973568 1 8 276828196 1056 134218256 2152335360 1 134349056 4718657 64 8388608 20972544 150994976 8 0 196648 42467344 8388610 128 4352 0 8 9568256 50331648 268435456 2048 268443648 675282952 100795136 264192 1048592 1074792962 65 8 1048576 20971520 262146 0 0 131072 0 2147483648 134217728 1075053128 524288 0 131072 402915394 128 1149247488 1073741952 104861824 12582916 1083212800 263936 257 0 4096 134217728 33685504 0 131104 1048576 2155872256 16 256 16384 46137344 402653184 131212 268437504 1073745952 0 22544384 134217744 134218560 524549 128 41943042 36865 17039360 2214592512 1073742944 1050112 2165309440 92275712 573308930 65536 6 153093120 4259968 2 268436480 134303744 1073741824 17043464 134217856 616 324 24 0 1024 16842752 134217736 10240 131104 1572864 3 1041 537002242 525569 4 8392704 402653184 136 67108864 671219744 1572864 2156531712 17 1048640 524548 276824064 8388608 138416256 570427392 0 138413088 34603008 4327936 10486800 1073742336 2151743744 269500416 16784388 285479073 0 0 134217728 64 2172652033 135266312 1048640 2151678017 17842176 2101252 134479874 16388 67108864 4260864 2182086736 1027 150995072 131584 13238272 4 50332672 4198400 2228232 0 671088648 9437312 1048576 136314897 536870912 4718912 0 0 155189248 131072 268435456 134217728 1048576 8388609 8 1048576 524544 8388608 8395776 386 33685760 0 1610633224 0 264193 1073742864 1073873216 12583168 8388608 8389632 150995073 8 0 8 0 8392705 134218752 1048640 268960000 2097152 1024 128 33685504 67108864 134217728 1048576 0 9 256 8388608 1024 134222081 33554432 335544320 134414336 9437248 2157053953 8 768 524292 294780928 8392708 17039392 2147745792 2147491840 537067776 1572864 1083907 1025 131072 1280 1048576 0 266240 131328 2685403136 132136 80 2048 8393729 1074135296 2148073472 269615232 8391680 266240 2359304 0 81920 134217792 2148794368 8 4719106 525312 268959744 0 32 2155872268 536870912 1024 0 2048 2097154 0 524288 295174144 5242884 262146 537135108 0 32 143131200 2148532224 1107296259 4224 2147549185 269484032 2101252 32 16777224 0 536870912 0 34816 67108881 2 4718592 0 0 268697602 2147483912 0 1024 34078720 2156922880 268435458 1073741824 1048576 0 134480128 262148 536870912 1056 0 2155872256 24 0 524288 25165824 1024 268435456 131072 0 197920 608 1 1 256 512 8 131266 102797316 262144 538968064 34944 65856 1048592 2155876354 1049600 12544 276824064 0 0 262401 0 536870912 65568 0 131072 1073741824 2 321 0 1024 0 131072 0 536870944 0 0 129 1048576 1 1572864 16777216 0 33554432 2048 1032 64 0 9 262144 1024 11550720 5120 142606338 4 0 131072 34603008 25165826 134217728 4352 268959744 269615104 20975616 0 524288 0 0 1048576 528384 1048592 2684616960 524288 16384 0 4352 16384 67110912 196616 524288 2157051904 1049600 3338 277349377 16777216 20971520 16777377 0 2147483648 96 2148532288 16809986 4097 1610612736 524544 1064964 1161822336 128 10502144 4100 541138944 524544 1315840 69206016 6291472 8388612 8 0 8391696 18878464 16512 268435456 128 134217856 4227585 4096 1074790914 4194565 8 26214400 20972544 262144 786440 0 135200 64 3072 2097280 0 2147483904 0 8388608 4128 33701888 268435460 32 0 2156920832 2097152 1073872896 4 0 25166848 402657280 33554440 0 134217728 9437376 2151809024 0 262658 256 335544320 16777216 0 33554432 0 134217760 1048576 33280 1032 2752768 525312 8 8388608 4096 419430400 131080 0 671088640 1572928 0 1 1048576 536870912 142606342 268697632 136 0 5120 0 2147483648 75498625 524288 4195392 10485760 0 262176 131072 2147483648 134348832 135266816 2169507840 1074790416 268566720 65536 16 8454144 142608896 0 154271746 2147493888 671088672 1835536 16777987 8 133120 256 0 0 419430400 2097152 0 5374088 256 4194305 134217728 262146 524288 256 33554432 1 1048576 0 134250496 134250496 256 0 1048640 524288 64 1048576 1024 268435584 8 268443648 131104 0 2049 1073741840 0 524292 2113536 20971520 262400 2056 8192 536870944 1048592 524288 1056 1073878016 16777472 8388608 0 256 0 0 40 0 2147483648 9 1048576 524288 0 8389632 20971648 8 0 134217728 0 2048 0 134217728 524288 1048576 8389632 285212800 33685508 0 4326408 320 8650752 8 1074790400 524288 8 269484032 4 17039360 33554432 1073741828 134218752 42991616 2051 1024 1073741824 12582912 268435456 4195328 262400 537001984 0 196608 524288 8388608 1207963792 1048832 8388608 0 16777216 0 0 671089696 524288 256 1 1048576 1048576 4096 134217728 131072 0 131072 1048576 8388609 0 262144
is_linear=0
shrinkage=0.1


Tree=24
num_leaves=127
num_cat=99
split_feature=18 5 15 2 6 2 1 1 2 1 15 5 10 2 2 2 2 18 2 1 2 1 2 14 2 1 1 2 11 2 1 2 2 1 2 1 2 1 1 2 1 1 2 1 2 1 2 1 1 2 10 2 2 1 5 1 1 2 1 11 1 1 2 2 2 1 2 2 1 2 1 1 2 2 1 1 20 1 2 2 6 2 2 1 1 1 14 1 2 14 1 1 1 11 1 2 2 1 18 2 14 20 15 0 1 14 1 1 20 1 1 1 11 10 2 1 1 2 1 1 11 2 1 1 2 1
split_gain=33.3354 20.5781 19.9882 15.5712 13.2804 16.5283 14.5847 13.2527 13.2133 12.844 13.5616 12.0183 11.4895 17.1449 11.4315 11.0209 10.9811 11.126 10.8589 11.4338 10.4972 11.7193 9.70556 12.3815 18.7125 13.3701 11.5317 9.46904 9.43894 11.252 10.4386 9.95278 9.42981 9.1984 8.98715 8.96004 8.74867 9.35013 8.82931 8.6567 8.4835 8.25584 8.22361 8.09019 7.97025 8.06786 7.85563 7.78252 7.4987 7.26627 7.23413 6.91783 6.85037 6.79751 6.67677 12.8885 7.56482 6.68939 6.57081 6.51443 6.50771 6.46508 8.36907 6.61811 6.44253 6.40461 6.39409 5.97815 5.7309 5.68942 5.65198 5.51246 10.03 6.06584 6.15334 5.50609 5.49454 5.49169 5.37513 5.35507 5.27472 7.72412 5.22725 6.19689 5.15076 4.98683 4.93465 4.93294 4.89396 4.82951 12.3924 7.25939 4.73873 4.70696 4.69732 4.68011 4.61565 4.6106 5.21117 4.58768 4.54315 4.50856 4.45006 7.39883 5.59726 4.43206 4.4063 4.35218 4.33541 5.89127 4.87512 4.28845 4.43548 5.89474 6.01159 6.81825 4.81619 4.47278 4.2407 4.21114 4.18535 4.33519 4.16871 4.16824 4.13056 4.12694
threshold=0.26093667745590216 605.50000000000011 4164.5000000000009 0 6.5000000000000009 1 2 3 4 5 394.50000000000006 935.50000000000011 68.500000000000014 6 7 8 9 0.15204853564500811 10 11 12 13 14 18.500000000000004 15 16 17 18 4.3343882560729989 19 20 21 22 23 24 25 26 27 28 29 30 31 32 33 34 35 36 37 38 39 94.500000000000014 40 41 42 343.50000000000006 43 44 45 46 4.2565236091613778 47 48 49 50 51 52 53 54 55 56 57 58 59 60 61 62 0.23809847235679629 63 64 65 6.5000000000000009 66 67 68 69 70 83.500000000000014 71 72 69.500000000000014 73 74 75 2.2961647510528569 76 77 78 79 0.097033560276031508 80 74.500000000000014 0.18951947987079623 621.50000000000011 81 82 96.500000000000014 83 84 0.18152776360511783 85 86 87 5.3967165946960458 128.50000000000003 88 89 90 91 92 93 7.0430233478546151 94 95 96 97 98
decision_type=2 2 2 9 2 9 9 9 9 9 2 2 2 9 9 9 9 2 9 9 9 9 9 2 9 9 9 9 2 9 9 9 9 9 9 9 9 9 9 9 9 9 9 9 9 9 9 9 9 9 2 9 9 9 2 9 9 9 9 2 9 9 9 9 9 9 9 9 9 9 9 9 9 9 9 9 2 9 9 9 2 9 9 9 9 9 2 9 9 2 9 9 9 2 9 9 9 9 2 9 2 2 2 9 9 2 9 9 2 9 9 9 2 2 9 9 9 9 9 9 2 9 9 9 9 9
left_child=1 7 4 77 12 65 64 78 59 -2 52 15 13 119 -13 -12 106 20 84 -20 -18 -22 70 24 43 76 34 35 29 -28 39 75 47 -27 -26 -10 38 -38 -35 -31 -5 46 -16 -24 48 69 -34 -17 -21 -15 96 -42 -11 -44 55 120 99 118 -57 -9 66 62 -52 101 -7 -6 -59 -43 -61 -46 -19 72 85 74 -73 -30 -25 -4 -1 -60 88 -82 -23 -84 -8 -62 95 -39 -55 91 -91 -40 -37 -74 -92 122 -33 -51 -99 -56 -101 -63 103 -90 124 -96 -14 -54 109 -93 -110 -75 113 114 115 -113 -114 -115 -58 -3 121 -29 -47 -69 -104 -81
right_child=9 2 3 40 5 6 18 8 27 10 11 14 16 49 42 32 17 22 19 44 21 82 23 25 26 33 28 54 31 30 -32 50 41 36 -36 92 37 87 89 -41 51 67 53 -45 45 86 -48 -49 -50 97 61 -53 107 80 56 58 57 60 79 68 71 63 -64 -65 -66 -67 -68 123 -70 -71 -72 73 93 111 -76 -77 -78 -79 -80 125 81 -83 83 -85 -86 -87 -88 -89 102 90 94 108 -94 -95 105 -97 -98 98 -100 100 -102 -103 104 -105 -106 -107 -108 -109 110 -111 -112 112 116 117 -116 -117 -118 -119 -120 -121 -122 -123 -124 -125 -126 -127
leaf_value=-0.38931439935661882 0.41746223834825935 -0.013761631747246251 0.72387708156037878 -0.13468866024677767 0.88092624434602418 0.78773380448288421 -0.083405010520686232 -0.41653095952025138 0.046169525741875987 -0.73257040263599726 -0.1633212065645262 0.69672667724909609 -0.031576364035728055 -0.14242582401158252 -0.12440511574659158 0.082045704242848086 0.10649749242209597 0.28371831238429934 -0.23726059658830395 0.5477791762194224 0.042597084270466559 -0.47249959623663484 -0.37909183001432101 -0.40250441480414828 0.43553011740948505 0.23692018655714417 0.052187528897580618 -0.58824847654165935 0.15948758919022163 0.0555394486578372 -0.311974362173703 -0.11803626809283184 0.43359565400350103 0.090563716408728068 0.022064692129643328 -0.21582856816590523 0.29997727617924669 -0.15280638908406177 -0.22645647568559835 -0.18276568666433013 -0.075434086306771023 -0.085106167172424571 -0.33111356369110567 -0.16577664839483541 0.34361840826387574 -0.58333182848189069 0.10348995160852947 -0.12246911250713499 0.074013174205446133 -0.23968472960725451 0.070869761067345036 0.33224581509493833 0.33782833619137675 0.012006735372838639 0.23058526666616785 0.11538764338677421 0.30574233451863991 -0.0068612418286578608 0.0037392114846599434 -0.26535470498288483 -0.094215287824701302 -0.20636189612826678 -0.23216437576238036 0.011200516047338205 0.079794859750432864 0.27508006319501965 -0.21386953287835855 0.16388902897527907 -0.027741091411327815 0.021598468618961243 0.035749562861368038 0.042127574439424102 -0.43602381063503926 0.068256573069625667 -0.10395315820112572 -0.016861023022431511 -0.098572192892625379 0.31776660535862855 -0.14246674017830527 -0.039379323984939069 0.084436906925185129 0.95849054732424599 -0.35781569345179176 -0.1429913170394233 -0.39249020429915565 0.07011352621076572 0.65955849973392333 0.064711796666856433 0.51303408178115217 0.37049494313689801 -0.28414723020536314 -0.22906610134107722 -0.11609359687125149 -0.10130877089892874 -0.022305166524617271 -0.014592082821067677 0.15861419273370353 -0.13547271401967106 0.094381039471722675 -0.068854743981919958 0.44517056675035038 -0.064540347000123524 0.09040736951128113 -0.32874374362909153 0.20588213551566376 1.2547368297434998 -0.31997143587431193 -0.26958437085576709 -0.092865283559258216 0.0031004981867079453 0.040768315019148287 0.21700831907561524 -0.089121917546464868 0.21181626039174051 -0.073581650645503857 -0.017997888695181354 0.082528915347351281 -0.24237382494421222 0.025641372606328084 0.34449513797699982 0.16184449029156803 -0.28139349465325347 -0.13252025686836161 -0.079599379801065601 0.68827649167671945 -0.3052976388907902
leaf_weight=1300 2462 213 1414 1278 771 855 763 833 1838 431 4251 2005 792 1250 2076 4256 1330 1637 1453 1708 2574 612 1394 992 997 2863 2428 670 3017 2425 3637 567 3006 7420 2383 2910 3550 1267 3387 3309 1151 4377 635 7997 1579 246 5944 5405 3020 468 1053 2818 232 4212 1468 963 628 2029 1568 587 2069 2049 4805 13514 751 1852 3162 4657 1092 1821 2523 2698 213 5732 7535 2056 638 1013 1671 573 1025 1816 1731 7667 812 4180 190 10798 839 1338 770 2917 7049 10347 2059 8056 2191 594 4778 1094 226 4992 702 1033 5765 115 1914 1050 6452 2318 9298 1533 1818 217 3700 2009 5504 2172 975 1359 116 576 1616 1489 2367 1014
leaf_count=1300 2462 213 1414 1278 771 855 763 833 1838 431 4251 2005 792 1250 2076 4256 1330 1637 1453 1708 2574 612 1394 992 997 2863 2428 670 3017 2425 3637 567 3006 7420 2383 2910 3550 1267 3387 3309 1151 4377 635 7997 1579 246 5944 5405 3020 468 1053 2818 232 4212 1468 963 628 2029 1568 587 2069 2049 4805 13514 751 1852 3162 4657 1092 1821 2523 2698 213 5732 7535 2056 638 1013 1671 573 1025 1816 1731 7667 812 4180 190 10798 839 1338 770 2917 7049 10347 2059 8056 2191 594 4778 1094 226 4992 702 1033 5765 115 1914 1050 6452 2318 9298 1533 1818 217 3700 2009 5504 2172 975 1359 116 576 1616 1489 2367 1014
internal_value=-0.000323888 -0.000814868 -0.000209735 0.00478238 -0.000435177 0.00166909 0.000804196 -0.00212443 -0.00187718 0.00179978 0.0014961 0.00176513 -0.000806574 0.00272454 0.00355284 0.000561629 -0.00103185 -0.000903216 0.000108113 0.000748769 -0.00357913 -0.00447038 -0.000590822 -0.000762569 -0.00177679 0.000299028 -0.000998321 -0.00164238 -0.0014125 -0.00385202 -0.00542053 -0.000572363 0.00125583 0.000566328 0.00463127 -0.00424748 0.00026016 0.0022368 -0.000595832 -0.0027507 0.00170249 0.00252271 0.0028418 -0.0058664 0.00143045 0.000192336 0.00475446 -0.00129769 0.0049599 0.000619718 -0.00128337 0.00398341 -0.00726795 0.00351554 -0.00116746 -0.0045073 -0.00085906 -0.00111001 -0.00169574 -0.00900079 -0.00129624 -0.00179268 -0.00472052 -0.000955507 0.00996287 0.00917205 -0.00466256 0.000621855 -0.00544967 0.00439883 0.00414868 -0.000943965 -0.00241691 -0.000191327 -0.00221127 0.00351171 -0.00859756 0.011387 -0.00867159 -0.00390205 0.00388035 0.00783175 -0.00601796 -0.00542092 -0.00785489 0.000758907 -0.00122554 0.000906832 0.00313045 -0.00139199 0.00170481 -0.00193665 -0.00543184 -0.00429518 -0.00192959 -0.00153257 0.00358956 0.00210256 0.00293571 0.0042173 -7.5188e-05 -0.00343923 0.00426465 -0.000160256 0.00520715 0.000457875 -0.00732695 -0.00348297 -0.00124077 -0.00373448 -0.000412698 0.000720423 -7.9585e-05 -0.00148998 -6.90417e-05 0.00287162 0.00177547 -0.0057974 0.00523869 0.0121365 -0.0129009 -0.014687 -0.00603632 0.00263158 0.00865541 -0.00798372
internal_weight=319709 259674 177605 7674 169931 25493 22870 82069 79098 60035 57573 55860 144438 8662 22475 33385 135776 133070 21264 19689 13914 12584 119156 114996 58814 56182 49423 76586 46043 11799 9371 34244 29134 54552 3380 11797 51689 15615 36074 5734 5247 19473 20470 9391 18236 13508 8950 9661 4728 7090 29171 3969 1713 18394 64789 5480 59309 56521 4118 2512 54918 26413 5858 20555 1606 2623 5191 10523 1679 3400 4160 49727 16809 32918 10233 5073 1630 2427 2971 3155 17759 2841 10010 9398 1575 6249 10108 12065 14918 28654 4282 24372 9959 10560 2944 9918 2758 5840 5372 2788 1320 7041 10706 1872 8834 2174 2706 1282 20985 5235 15750 22685 16953 9631 7242 3542 7322 2389 1603 1572 1362 1246 1862 6146 3069 1587
internal_count=319709 259674 177605 7674 169931 25493 22870 82069 79098 60035 57573 55860 144438 8662 22475 33385 135776 133070 21264 19689 13914 12584 119156 114996 58814 56182 49423 76586 46043 11799 9371 34244 29134 54552 3380 11797 51689 15615 36074 5734 5247 19473 20470 9391 18236 13508 8950 9661 4728 7090 29171 3969 1713 18394 64789 5480 59309 56521 4118 2512 54918 26413 5858 20555 1606 2623 5191 10523 1679 3400 4160 49727 16809 32918 10233 5073 1630 2427 2971 3155 17759 2841 10010 9398 1575 6249 10108 12065 14918 28654 4282 24372 9959 10560 2944 9918 2758 5840 5372 2788 1320 7041 10706 1872 8834 2174 2706 1282 20985 5235 15750 22685 16953 9631 7242 3542 7322 2389 1603 1572 1362 1246 1862 6146 3069 1587
cat_boundaries=0 11 22 33 44 55 66 78 90 102 114 126 137 148 159 170 182 193 204 216 227 237 249 260 271 282 293 304 315 326 337 348 359 370 381 391 402 413 423 434 446 457 468 479 490 502 514 526 536 547 557 567 578 589 600 611 622 633 643 654 665 676 687 698 709 720 731 742 753 765 776 787 797 808 820 831 842 854 865 875 884 895 896 907 918 929 940 952 964 976 987 998 1009 1019 1030 1041 1051 1062 1072 1083
cat_threshold=9453568 3072 16777248 2056 1073741824 536870912 1049152 12716032 136314889 1075053888 8388676 50855936 1224736786 40992 262144 536903680 49224 2149056512 1 100663328 536881288 524800 285212672 1073742080 294912 33554432 8320 66816 2147483792 2148008708 67108992 2097224 70212 16777280 201326608 2179072 4 34635872 4480 269484032 268435496 541097984 536871048 135270432 18874369 268566528 102498 542722 1073742856 1082131456 532480 131072 0 302524416 285213184 8519680 512 8396800 134217728 2147483652 134299648 512 0 2097168 1451272 1048832 524352 276825088 268435585 1108606984 4 704659456 0 16818432 69632 68420608 2147487748 64 85983489 241172486 256 132096 12548 0 33816576 1048576 128 655392 20971521 8 69206048 0 4203520 537001985 268439556 167772416 131200 262400 16 1060096 2148011013 8 592161 201326978 524288 1207959553 768 65792 272773376 33280 805306368 2147483648 512 64 0 5243428 20480 680034432 64 135266560 33555632 256 1052672 4718592 1052672 64 65541 1048596 4194307 8912902 1073741824 1079025728 4194304 18087938 2097186 10242 268435456 131076 8389648 4096 578830336 67143680 1073741824 1048704 5767168 134283265 2097154 8388608 268435461 1048704 294944 1082146816 1107329216 1073807360 2147487744 135168 67112960 4204288 131329 2147483776 1075839492 69638 0 2424307712 8650752 1207959592 2416967808 50331648 536596 5120 8392704 4096 411041920 9715712 67272704 134217736 68157504 8388610 65536 1049728 2168455168 8 16779264 1075871744 2167296 1049602 1180800 33570816 8448 16777216 2080 268440576 151127040 83886080 35653664 4198402 538968064 0 4194432 33554704 17039360 3150851 536871426 525376 2147489984 1082130436 8320 393216 2048 1212448 512 17043488 1073741960 132608 256 32 287326208 2147485696 24576 536903686 2148 131136 524928 64 1150291968 272629760 131076 277889024 16778256 268435876 524288 268435456 134352928 1048640 9439232 0 1056776 0 41943072 295680 19398664 134217862 1097728 1152 4334852 4129 0 8388608 16 276840452 20972544 134480001 8390664 536870912 17408 1572864 22550530 1207959552 576 8388864 33558528 8210 524288 3229614080 536871172 1623199808 1073741872 16 2214593024 134217748 12800 147460 12582912 4194304 2181038080 2048 536875008 33554448 4200448 6292480 134610952 65 4 4227072 37121 0 268435584 134373376 67240704 4194304 40 1176637952 2424373249 1048576 16777216 402653312 8 0 671088672 64 8388608 17 1048576 524288 276824064 67109892 8388736 2176 8192 134283272 0 2153546816 134217736 131850 2415984704 65536 50331648 4219136 2097156 2214592512 262400 143262208 12716324 1073742864 34603008 12582912 0 16778240 262176 2097280 1073741824 1073741856 8388628 17303552 134217744 134351138 268435713 4 4194308 32768 2113536 67108864 1077948416 2147615488 2148270082 137367568 671091202 4718848 1064960 155189248 65824 34603272 536871168 537002024 273940480 2156136448 1073741832 524320 16842752 2290225156 1073743872 4259846 2282752256 268435456 33816640 3221749760 0 1075838976 2147488000 2147483712 131072 0 262144 0 0 134284288 1048576 4194305 1073741824 1208090880 2415919109 2158100484 0 4456576 35782656 1073885316 1073872896 12714048 293601280 12584064 1052672 9437184 104862720 278921344 554696832 269488128 16384 41943040 37921 17825792 4194816 2147614720 17825792 1308624900 285212672 262404 67117312 4390984 41943808 512 0 537526272 268439616 405815296 2097152 285475203 2181169160 0 131104 64 2147484170 32 64 8388608 8389632 32 8 335546368 134348832 9568832 12582913 24 536871168 257 151130114 1157632512 0 2113536 1073881152 0 269484032 4718600 1610874897 8192 256 34 268500996 4 266624 16384 2052 1073775616 2155872384 2148532224 1053696 134349312 4718592 0 16781312 268435488 134217728 0 1024 1048576 4096 134217730 0 268959744 524416 138413056 65664 256 536870912 301995016 37748740 2048 4096 4 4203520 1048576 4128 4384 34603016 3221225476 134217792 3229745152 2817 16842752 1077150720 4194560 128 5251140 4160 9470210 1073741828 1065024 1073741824 4160 50397184 33563648 74240 80 65538 73401088 16384 2148532608 2157445184 256 2147483696 12 557842432 72 5120 80 6356996 34605056 1 2099200 335552776 1644167168 67113472 4325376 2150629376 272637952 8388608 8 245389572 1073744384 268435460 132097 1408 33554432 256 270336 68157986 4194368 10485765 138416132 268435745 42074240 1610612736 134217728 8 2148665408 134217728 135397376 2147484160 268566528 4194304 8192 2147516548 1073752160 536875200 8388608 790560 1024 1077936640 2113536 20972544 16785408 2181040260 14336 537006144 524288 17305600 1087374336 2097226 0 0 285212800 33685512 0 32 0 8388608 25 1208221952 1 8388608 0 268435872 33685512 0 131080 0 16781314 134217728 1073872960 256 1572864 33559552 150994945 570425344 268435584 268435528 131072 2147485714 134218786 1081082112 2281701376 0 102760448 25166080 256 2148542464 1610678344 41943552 8388608 2098178 537526274 268501056 1048576 1024 272629888 8 4 536870912 256 8652800 137 1048576 64 269500416 1024 268435458 8 0 66592 512 2147489792 150994952 1210188032 268435712 16777221 0 402653184 134350848 268435456 536875040 8912960 0 130 1048576 131073 50331648 138420224 524416 139264 675446792 4194368 4194305 0 3355836944 268959809 277348356 1056 138412033 2097160 67117056 536887424 68157696 4751360 8392720 2359424 12582916 9043972 33559584 23592960 2097152 67108864 671113224 320 2151713024 75497472 2097408 2155872256 268435456 10489856 256 2097152 2214592512 1073751040 33686032 1576192 4105 0 131076 9437184 16777216 134217728 33685504 0 671088672 9437184 2147616768 144 1074790464 768 1048580 20974596 16777472 0 0 134217728 42467328 2 134217745 256 261 0 4096 402915456 33554432 0 134217768 8388608 2048 0 1048832 256 131072 1024 406847488 8 268435456 671088648 1048576 0 16 0 524288 268451840 16778240 402915328 0 536872960 671088672 8388608 559618 4123 1073742856 8454148 67108864 33554432 2 131072 0 134365184 0 0 0 10240 524548 50331648 50332160 10485824 0 0 33792 134250768 1606148 1024 134217730 2151682048 8 4 16777216 268435584 8 0 671088640 0 133121 17 1075052802 1 131072 33554432 0 0 139264 536870920 0 4194305 0 1073742336 268435456 16384 62914560 262144 572784644 0 256 0 512 1075838977 64 16384 33792 268702752 538968068 67108864 134221832 68158480 2147614857 16 134479872 268632320 16388 71305220 0 131208 268443680 40 34603008 524800 143659008 262658 524356 8 6307844 201328676 276824064 16777352 12320 32768 68 41986 146800640 8200 2415984640 276955136 17829892 17039360 33816704 8192 8 2189426864 137223 0 134480896 4195072 2415919104 1048608 268697634 16384 0 128 4199424 1048576 33554440 131264 65536 16 16384 2097152 150994947 4 2304 4195328 256 2147488264 10 131584 268435712 536870912 2151677952 4194304 0 96 64 2156397056 526337 8 134218240 0 16777216 5275648 262152 2147483648 134234112 8388608 2560 134217728 0 1024 272629760 33554440 268435456 671088648 8388672 8390656 0 1310720 4 288 3145728 2101248 134480162 33554432 2048 131072 269746176 262656 134217736 536875072 269025280 76546048 1024 20971520 131072 268435456 8 0 2147483649 1048713 0 256 0 0 0 8 0 536870912 4194304 8388609 1 536870912 268435456 276824192 4198400 134480034 537001984 0 134349856 34603008 524800 19922944 1612710146 524352 131072 8393728 16777217 0 276826112 197640 2249195520 2148798473 4104 1073873409 257 8 2148532224 160 8389121 17055752 536875008 66560 2148008068 17465350 1082135552 2 0 8 0 0 402915584 4 536883488 65536 43122816 8388611 66561 262146 4784129 2 0 0 17072546 0 0 32 33686032 8390144 134217736 1048576 12713988 0 8388608 288 134217728 335544320 8388640 16 2148533760 0 0 2160066564 0 2048 1 33554440 0 65536 0 524290 134217728 0 524288 67108864 16777216 289407008 131072 0 536870912 8388608 8388608 1048 1048576 134217730 0 256 2097152 1024 34603008 33554432 256 128 131072 32 9437184 1024 268435456 0 268435456 0 8388608 8388609 0 1075052544 524288 0 0 16777216 0 32 0 1049088 2048 1024 1048576 16777216 5120 419430401 2148401152 0 5120 0 4099 134217728 536875008 268435456 0 16777216 128 0 2048 66560 0 4194306 1049601 1610612738 8519680 16777216 134217856 537395201 0 0 167772160 1572928 75497472 131584 268435456
is_linear=0
shrinkage=0.1


Tree=25
num_leaves=127
num_cat=86
split_feature=18 3 14 1 15 1 2 2 12 2 2 1 1 14 2 10 1 11 1 1 1 2 2 1 15 1 1 1 2 1 1 13 2 1 1 1 1 12 2 2 1 12 2 1 2 2 2 1 2 2 2 2 1 1 11 2 1 1 16 2 2 2 1 1 2 1 1 1 2 2 15 1 11 1 1 2 14 10 11 2 15 8 2 8 1 15 1 2 10 15 2 2 2 2 20 1 15 1 2 2 1 14 16 2 4 1 11 1 14 1 1 11 2 2 14 11 2 8 16 1 10 1 2 2 15 8
split_gain=25.2534 17.4358 17.119 16.7618 16.0005 14.6011 14.3082 13.062 12.134 17.3706 12.3501 12.0906 11.2523 11.659 17.7496 12.5963 16.789 12.6699 13.7749 13.0891 12.2596 11.0791 10.936 10.8848 10.5068 14.1153 10.3489 10.1641 10.0665 13.2465 10.5073 9.94538 14.305 10.6756 9.91173 9.80772 9.32243 9.28199 14.6177 11.2553 10.5086 9.27714 11.1492 9.13817 8.8176 8.48338 8.25056 8.14951 13.998 8.69267 7.92834 7.70877 10.7063 9.29255 7.39181 6.7606 6.71572 6.6862 6.56526 6.37339 6.3705 6.32798 6.29781 6.28406 6.25048 5.91466 5.90996 5.85586 5.7787 5.67132 5.54282 5.51304 5.42766 7.92044 7.20658 5.38867 5.38686 5.1066 5.07079 4.94858 4.92422 6.01581 7.38045 4.86229 4.8139 4.81192 5.38436 5.98693 4.78613 4.74267 5.30815 4.72508 4.68402 4.65801 4.70627 4.64999 4.6281 4.54863 5.18458 5.12405 4.50281 4.48852 4.45874 4.37019 4.32819 4.30936 4.23636 4.18602 4.14943 5.26882 4.11103 4.0561 4.17733 3.96327 3.89386 3.88626 3.8529 3.83938 3.82361 3.80166 4.26041 4.17925 3.9651 3.79141 3.77558 3.75157
threshold=0.2627603560686112 6.5000000000000009 81.500000000000014 0 3572.5000000000005 1 2 3 899.50000000000011 4 5 6 7 24.500000000000004 8 107.50000000000001 9 5.5325059890747079 10 11 12 13 14 15 394.50000000000006 16 17 18 19 20 21 18.500000000000004 22 23 24 25 26 926.00000000000011 27 28 29 320.50000000000006 30 31 32 33 34 35 36 37 38 39 40 41 7.8490219116210946 42 43 44 0.27324667572975164 45 46 47 48 49 50 51 52 53 54 55 3894.5000000000005 56 4.5939764976501474 57 58 59 9.5000000000000018 65.500000000000014 2.0122241973876958 60 650.50000000000011 6.5000000000000009 61 29.500000000000004 62 4227.5000000000009 63 64 69.500000000000014 717.50000000000011 65 66 67 68 0.20510129630565646 69 4062.5000000000005 70 71 72 73 39.500000000000007 0.15719483047723773 74 11.500000000000002 75 4.4766898155212411 76 39.500000000000007 77 78 6.2449638843536386 79 80 40.500000000000007 5.6525871753692636 81 3.5000000000000004 0.31316205859184271 82 125.50000000000001 83 84 85 2385.5000000000005 10.500000000000002
decision_type=2 2 2 9 2 9 9 9 2 9 9 9 9 2 9 2 9 2 9 9 9 9 9 9 2 9 9 9 9 9 9 2 9 9 9 9 9 2 9 9 9 2 9 9 9 9 9 9 9 9 9 9 9 9 2 9 9 9 2 9 9 9 9 9 9 9 9 9 9 9 2 9 2 9 9 9 2 2 2 9 2 2 9 2 9 2 9 9 2 2 9 9 9 9 2 9 2 9 9 9 9 2 2 9 2 9 2 9 2 9 9 2 9 9 2 2 9 2 2 9 2 9 9 9 2 2
left_child=1 5 4 -4 8 55 23 -2 10 -10 -3 -7 91 14 20 16 -15 19 103 75 -14 62 -11 76 -9 41 -23 44 30 -30 -13 32 33 -29 -5 59 -8 39 -39 83 46 42 -26 115 -16 67 118 48 -33 -49 -42 53 -53 -21 64 -1 -45 113 85 -34 -40 -24 114 -25 -50 -32 -43 -37 110 -51 -68 123 74 101 -55 -17 -6 117 -79 -46 81 92 -83 -27 -54 86 93 -88 124 90 -82 -12 -52 -38 -95 -28 -60 98 -47 107 -84 -74 -77 -19 -72 -35 108 -99 109 -97 -58 119 -113 -31 -18 -20 -87 -71 -41 -67 121 -121 -122 -22 -64 -56
right_child=7 2 3 34 6 11 36 24 9 22 12 28 13 15 27 17 21 18 43 51 71 26 61 63 25 37 95 31 29 57 65 47 35 105 -36 45 58 38 60 40 50 66 -44 56 79 97 -48 49 54 69 80 52 84 72 125 -57 68 -59 96 -61 -62 -63 88 -65 -66 111 70 -69 -70 77 104 -73 73 -75 -76 102 -78 78 -80 -81 89 82 100 -85 -86 116 87 -89 -90 -91 -92 -93 -94 94 -96 106 -98 99 -100 -101 -102 -103 -104 -105 -106 -107 -108 -109 -110 -111 -112 112 -114 -115 -116 -117 -118 -119 -120 120 122 -123 -124 -125 -126 -127
leaf_value=0.085665324110391877 0.34593312646597518 -0.2085679995104581 0.58284232265738856 -0.18901306509244975 -0.06612324207668073 0.11630826122548754 -0.076214114794547427 -0.31566520201413106 -0.23297275064359388 0.414666994303936 -0.31252474206254677 -0.22675651978125463 0.068625145944730723 0.36817239352244918 0.35692169887487224 0.081256523508135906 0.3794163294770222 0.057657520158976343 0.29732962448703698 0.10231171518241294 -0.14172379684516265 0.11248345314490826 0.22552044038447772 -0.30136846487619739 -0.37094186108360588 -0.12253559034714966 -0.14485289760009298 0.098831584740022765 -0.31349949315673442 -0.22223290484452163 0.096925973812874669 0.12493342934453869 -0.3080140799039473 -0.45592652763399077 0.1925357436917019 0.27003839170026395 0.31257867934576994 -0.14991547069900743 0.69775399379494374 -0.43064139206034646 0.19693989313129157 1.2874680310870119 0.22860575967125352 0.5987371423275375 -0.31612012435899617 -0.094379442745474967 0.028786659471344678 0.10541951406697586 -0.029770257726075181 -0.091086563213065838 0.42001216657365942 0.22727664794913258 -0.26327331391241815 -0.12733791298609518 0.087931016473920487 -0.3459614168756116 -0.13419723988558002 -0.1446865860954496 0.16247659120095023 -0.067805180178696633 0.27860677808890277 0.017096292730015006 0.28637484023705623 -0.10991179111896046 -0.21694174051256723 0.027854404159772361 0.24523697621458196 0.018450387069552932 0.14808287133206832 -0.060895785559897588 0.022857481681557081 -0.17180004246522149 -0.47644282450954167 -0.0078694520484238421 -0.52671500104280811 -0.6752705045128542 0.18096551807758804 -0.34258686641737429 -0.0020749284414994132 0.050914645904765979 0.60766748612642019 -0.44514528526201441 0.46900468473488593 -0.5865153882539117 -0.013758176973978888 0.78541043013893552 0.13296728419501758 -0.035785906399047614 0.048380796534675065 0.022684760322045961 0.080774518691863209 0.07164236239729975 -0.17369819833619118 0.008899862819673721 0.20051559694037491 -0.018827709233610258 0.85501689189553742 -0.11613625203344867 0.078324248194534901 -0.14602542140287453 -0.28318900412091791 -0.14934029221734058 -0.31578786924190311 -0.24150516872304115 1.4968686888749847 -0.24820725549092357 0.15870028678287476 0.030260716939402067 0.016341910636544377 -0.24828414170941615 0.12247494804312958 -0.04998367456559856 0.18155328158909462 0.092758964168580524 0.73628760111417746 -0.069090630083792168 0.21549869940805799 0.19607834263594304 -0.094259882906644429 0.11445602481111124 0.0088156251583601641 -0.093358014118107902 -0.30858880716467563 -0.37479736613712922 1.2399602835284078 1.0388343045100308
leaf_weight=395 4227 3283 1233 906 1063 1620 2345 1566 1807 1758 2386 2095 2258 2158 1267 546 1258 774 517 1577 1054 3422 3097 769 702 4382 3023 617 2274 288 2453 2320 2091 1536 3263 805 1911 1378 1020 1592 6990 618 3864 566 322 1874 2328 4983 3128 5834 643 2667 1180 921 225 2240 2461 5615 714 1846 3338 9092 142 4351 7546 2307 1761 2645 10251 346 106 9940 894 3755 1280 384 1756 193 32211 2397 1160 1490 445 306 5120 367 4265 5586 2981 15613 1326 519 700 3478 4186 1319 564 3420 3630 7740 443 1450 2495 2347 250 2156 637 3825 3418 916 1979 776 806 1536 409 6295 645 1167 767 409 441 2006 1352 2404 100 113
leaf_count=395 4227 3283 1233 906 1063 1620 2345 1566 1807 1758 2386 2095 2258 2158 1267 546 1258 774 517 1577 1054 3422 3097 769 702 4382 3023 617 2274 288 2453 2320 2091 1536 3263 805 1911 1378 1020 1592 6990 618 3864 566 322 1874 2328 4983 3128 5834 643 2667 1180 921 225 2240 2461 5615 714 1846 3338 9092 142 4351 7546 2307 1761 2645 10251 346 106 9940 894 3755 1280 384 1756 193 32211 2397 1160 1490 445 306 5120 367 4265 5586 2981 15613 1326 519 700 3478 4186 1319 564 3420 3630 7740 443 1450 2495 2347 250 2156 637 3825 3418 916 1979 776 806 1536 409 6295 645 1167 767 409 441 2006 1352 2404 100 113
internal_value=-0.000370657 -0.000784136 -0.000511039 0.00505368 -0.000641128 -0.00321084 0.00143438 0.00153731 -0.000974748 0.00168846 -0.00120361 -0.00243038 -0.00109247 -0.000990996 -0.00162567 4.61021e-05 0.002166 -0.000837565 0.00069869 -0.00257533 -0.00474276 0.00114261 0.00288386 -0.00224557 0.001108 0.00135489 -0.000411926 -0.0011072 -0.00303559 -0.00545613 -0.00117345 -0.0013256 -0.00273575 -0.00809215 0.00199809 -0.00190418 0.00264842 0.000677198 0.00442817 0.000113919 0.000756558 0.00542333 0.00267192 0.00157842 0.00382883 -0.00114201 -0.00362998 -0.000544208 -0.00271324 0.000102807 0.0014712 -0.00153814 0.000584828 -0.00346414 -0.00420069 -0.0102647 0.00293771 -0.00340314 0.00329559 -0.00652394 0.00725733 0.00181572 0.00518367 -0.00499025 -0.00466554 0.000113636 0.0100366 0.00343931 0.00252024 -0.000391087 0.0074048 -0.005892 -0.00480144 -0.00327103 -0.00906406 -0.00825328 0.00273948 0.000104636 -0.000160474 0.000604617 0.000531379 -0.00278151 -0.0058032 -0.00446999 -0.00166403 0.00286232 0.0025121 0.000867052 0.00258274 0.00121277 0.00526951 -0.00725557 0.00256888 0.00419927 0.00308835 -0.00213987 0.0102504 -0.00191473 0.00054407 -0.00281761 0.00144766 -0.00781648 -0.00998615 -0.00550942 0.0188202 -0.0101297 -0.000587302 -0.000902826 -0.0014594 -0.00480984 -0.000494382 -0.00119033 0.00335019 0.00185387 0.010167 -0.00146585 0.00958498 0.00578321 -0.0077881 -0.0022947 -0.00407776 -0.00134576 -0.00778026 -0.00934256 0.0161157 0.010355
internal_weight=320107 263092 236479 5402 231077 26613 32000 57015 199077 15754 183323 23978 180040 177135 109893 67242 19783 47459 25190 22269 15656 17625 13947 7939 52788 51222 12735 94237 22358 9713 12645 90251 32185 4309 4169 27876 24061 43921 5736 38185 33497 7301 4566 22069 3986 23939 4687 58066 13332 44734 28810 18844 8967 9877 11012 2635 15257 7439 21716 3937 4358 12189 4890 5120 10674 10550 2735 3450 14691 39751 2117 13398 8300 6099 2201 3425 2819 33917 32404 2719 21820 3721 2378 4688 6300 20438 19426 9851 3223 18099 2486 2905 1343 9575 7664 9313 1278 20489 5504 14985 888 2344 2879 3121 356 3692 6290 7245 5653 2235 4440 8097 1582 1824 1667 6812 1012 1513 2359 6515 4208 2415 1793 3458 242 338
internal_count=320107 263092 236479 5402 231077 26613 32000 57015 199077 15754 183323 23978 180040 177135 109893 67242 19783 47459 25190 22269 15656 17625 13947 7939 52788 51222 12735 94237 22358 9713 12645 90251 32185 4309 4169 27876 24061 43921 5736 38185 33497 7301 4566 22069 3986 23939 4687 58066 13332 44734 28810 18844 8967 9877 11012 2635 15257 7439 21716 3937 4358 12189 4890 5120 10674 10550 2735 3450 14691 39751 2117 13398 8300 6099 2201 3425 2819 33917 32404 2719 21820 3721 2378 4688 6300 20438 19426 9851 3223 18099 2486 2905 1343 9575 7664 9313 1278 20489 5504 14985 888 2344 2879 3121 356 3692 6290 7245 5653 2235 4440 8097 1582 1824 1667 6812 1012 1513 2359 6515 4208 2415 1793 3458 242 338
cat_boundaries=0 12 24 35 46 57 69 81 93 104 115 126 137 148 158 170 181 192 203 214 224 235 246 258 269 281 293 304 314 325 336 347 357 368 378 389 397 408 420 432 442 454 465 475 487 498 509 520 531 542 552 563 574 578 589 598 610 621 633 645 655 666 676 687 698 709 720 731 742 753 765 775 786 797 807 817 828 839 850 861 871 882 893 904 914 924 935
cat_threshold=16388 100666404 268697600 2097160 268449824 536871936 1048656 131072 142606336 1207959554 4194304 8 3145793 153100976 2113568 1081344 0 37120 1073741888 8912904 553648128 33816576 16777216 72 0 2052 4489216 16512 1140850692 1212191816 33685760 262144 1052672 134221320 2151677953 17432576 256 0 2147485056 68161796 4160 272629824 393736 32 2752546 20975616 41943040 8389122 134234176 295168 320 33751296 2147483680 790528 16777216 35656196 415236096 150999328 268566532 524290 0 1207961344 1082425344 335675392 268436642 536870912 2415919104 0 96 2147551232 131074 1056768 1611139200 1073741896 4202496 896 17040384 2 270536704 2147549252 16 33619968 1140850944 9458176 1282 43122720 33554432 134225920 8352 32 4202512 1049632 16 606272 68161664 150995072 32769 33587208 671088640 13635584 8519684 2097168 36 268568576 268435456 33554448 134807556 1612840960 34820 213024 8421376 5242880 1098940424 2048 151060480 0 33554592 151257088 1050624 268445696 16448 67633920 4231936 1145111552 134217728 4260096 268451840 33554450 404750592 128 268435460 17536 32 12585475 28311568 1536 131584 67239936 4224 262178 33818624 536870912 1024 0 2148569091 10490889 134218432 2147549184 0 16782336 150995072 131072 0 40 0 1 8 1048832 2147631298 1073742864 32768 2228226 1610646528 268697600 1208090624 1056 2097176 8200 4160 16 0 20974592 16777216 2097160 4 1610612736 34078848 4325376 1053697 1073745472 4194629 26214400 3221225472 8659201 176160768 2684362752 65568 262656 16777216 270532632 1974280 256 10485824 132 16809985 0 0 536870912 544 2148146454 536871936 170919296 4325376 16793600 33556640 262146 1048704 2048 8392960 2147614736 778 7344259 67108864 6656 1048576 16782336 419430432 131080 335544320 135341064 9961920 262144 1042 134218560 134217984 4194304 0 35782660 268435716 33554464 8912896 2147516675 1207959569 541074504 524544 16777218 100663296 134218240 8404992 33560608 1073742024 301989888 512 4616 1074921478 415367168 67239936 0 268435712 524288 2048 1048648 528 37440 336598048 4471816 66048 2 67108864 134217728 32 4 4 1049728 1572864 2169110528 75497472 576 524288 276824064 16 8388739 570458112 536903680 1073823744 8389632 2169503745 0 2368 268435456 16 0 134255620 285212676 144703500 12288 32832 1081344 5242880 1149239296 1182208 276955136 8 0 33556484 299008 2113536 1073741828 5192 2147615488 2156136448 1085277184 1073744896 68 4 3225419776 12657795 301991937 0 16384 9176064 2148540418 1210056720 1600 2222981124 2197815296 4535300 2359300 268435456 8 2147483776 4718592 8388608 135274752 268566596 268959744 136314882 130 537395200 1048576 301994056 2449997860 8912904 5120 536870948 9280 16384 4194304 289 0 805306368 671089664 1572864 2147483648 2098192 0 256 1048580 16783376 272629762 262144 4 142803968 34603008 9700353 17829897 536870976 69337088 150995200 262144 35651592 2048 5373960 24 2151677952 1049640 1140850944 8388672 808452097 35651586 262144 2284063104 8388608 4264064 2148008192 17563648 12648448 524352 268435456 6144 285212802 131072 536870912 134218752 16 2155872259 1073741833 537133632 8913152 0 16777216 134217728 131072 0 671088640 0 1 0 2623522 272629760 8519944 1189892 0 134217728 1085448 67112992 10888 4260864 131074 8389120 12292 1613234176 1048704 1048704 2147483808 2112 1124073472 543166480 1049092 8 269488128 134221830 25165859 570441728 0 49152 33816576 2164293634 4226 1544 2147484672 8 1048576 16781312 402653184 8 0 536870944 0 0 25 1073741824 16777216 20975616 262144 131076 6144 131400 4195856 655360 1275068416 1075838982 268505089 8 4224 512 0 2147745792 128 1610612736 100794384 16811272 100761608 33556736 2160075013 16384 0 0 0 0 537001984 9437248 0 136314897 64 16384 4194306 0 10485888 536875008 1048576 2147483648 268566528 2097152 3072 2147488256 8 16777216 33589252 4198912 8405000 570429440 1610612864 201334800 4198912 4256 514 276955136 276824064 8388608 262144 36044808 268435456 196640 64 2147485696 3 1744830464 257 0 167778304 134221824 131076 8192 8 512 8912896 8388608 1209008128 65605 268437504 0 285213184 1048576 2148532260 1610629216 1048576 2156929037 209715233 176 4 1048576 5243904 16777632 128 2147495936 1073742912 1179664 524288 1052688 131842 269090817 65536 33554432 128 18560 0 4194304 131328 8650752 134217736 134217730 2416967808 33588224 282625 1064962 32 65632 1792 2164271360 1048577 33554690 256 402653440 5242880 8421379 2097152 805314820 131104 4096 2147614976 3146768 541066496 1 0 0 0 33554432 10485761 8388608 288 131072 268435456 675282976 524352 262144 0 0 321 0 16781312 150995072 131072 0 537001984 0 0 8 270532609 155713536 2097152 2147747842 2084 20736 0 8 4198432 1057472 21037120 16 25165824 29361156 134217728 2097152 268445696 288 2182086784 26083328 1074790400 1610613760 4194564 16777216 12582912 16777376 35782656 41024 134283336 1049088 131072 134217729 136577088 269025280 8 4194308 2048 16785440 572522504 8192 32840 1573888 524288 134218752 131136 0 8 0 4096 16777216 131072 0 536870912 0 2048 8 262144 1 2 272629760 671367168 67108864 1024 0 266240 268435456 135168 256 0 4227072 402653184 131080 536872960 671219744 1048576 4096 134217729 537133056 4 134217728 1 2359304 0 536870912 1082654720 16809984 69632 2147618880 2160066564 268435460 4195328 384 2056 335546368 671186944 34078720 1052672 134221841 134348874 2148007936 16384 12582912 4129 12 268445696 536936448 9437888 21497857 1216348176 1310722 524288 0 0 268435584 131072 536870912 537002272 1048576 1 2097152 1610612800 256 1048576 0 402653312 8 0 671088640 64 8388609 16 1074003968 2147483648 0 32768 384 131080 0 671285248 0 0 1073742848 537133120 589824 1048576 1024 16777472 8 8192 0 524352 8421376 2097153 131074 8912896 150996996 22156288 96 16385 2147487744 0 34603152 16809984 2048 1342308354 2147488512 8 268435716 12582978 0 393217 603979780 4219040 33554816 2148270145 536870912 536872010 0 25167872 4194337 33554432 524288 139296 0 1048577 134217856 1610613250 257 0 155192368 4194304 570425352 805830660 131104 0 1048577 151257099 738198016 8388609 0 0 16777216 131072 0 0 1048640 1 0 64 0 16781312 0 8 0 536870920 1048640 2048 0 1073741824 268435460 5120 150994944 655368 0 138412032 8388672 262144 134217752 1611923714 65 10485760 16777216 134250912 33570816 268435456 537919496 524352 38912 0 262144 2152202496 1048576 8390656 0 16777216 1032 1207992456 524288 512 1048593 0 8912896 276955136 8389636 160 4 67108864 541065216 64 2 134217744 1311234 524288 0 16781312 402653184 0 67108864 0 8388672 0 16 320 8388608 0 0 0 0 131072 0 2147618816 1 0 1 9437184 16777216 16777216 2048 268435456 0 128 4329472 16 256 524288 147456 1073746944 262272 131076 2214592512 167838720 131088 32821 75563009 2281711624 32 8388608 4 4194304 0 0 0 2147483648 5244928 0 512 0 0 268435488 8 0 0 524288 0 0 256 589824 1052800 0 32768 33587200 0 0 8519680 0 0 268435456
is_linear=0
shrinkage=0.1


Tree=26
num_leaves=127
num_cat=48
split_feature=20 13 1 15 1 4 0 15 18 1 1 7 1 1 1 5 1 1 8 8 11 8 1 8 1 1 8 1 1 7 1 8 1 5 1 1 10 1 5 1 1 17 11 1 10 1 10 11 10 1 8 12 1 15 15 18 0 1 1 15 11 12 18 1 12 0 5 15 1 8 18 1 11 10 12 1 18 1 1 1 1 15 15 5 1 4 11 1 10 10 12 0 20 12 12 8 21 10 20 12 21 5 10 8 1 1 13 18 1 15 10 15 12 10 11 17 1 11 8 1 11 13 1 1 18 9
split_gain=22.8297 19.4457 19.5912 17.0123 11.5325 10.335 8.96392 9.17301 8.78502 15.1589 11.7236 8.38 7.806 7.53568 7.35572 8.06375 10.968 9.19626 6.83538 8.02084 6.83384 6.20354 13.0176 9.23138 12.2535 9.6275 7.91186 10.34 7.55584 6.60299 8.37827 7.56387 6.14702 6.14612 7.99567 5.96113 5.63926 9.55961 5.3992 5.34919 5.33526 5.32609 5.11597 7.5976 7.39301 7.26887 6.24225 7.09391 5.06544 5.06283 4.95566 4.93573 7.57324 5.02193 4.91312 8.65423 6.64745 5.22321 4.94571 5.66618 4.81596 4.79384 4.72521 5.50759 4.72155 4.7185 4.70831 5.38261 6.69875 4.69429 5.76181 5.75321 5.49285 5.63154 4.68401 7.94302 5.47078 4.67069 4.6342 4.57936 4.56362 4.3876 4.3766 4.37472 4.3202 4.32007 4.24017 4.23642 4.22063 4.13144 4.1031 4.02624 4.40242 3.87006 8.21846 3.85721 3.85406 4.48276 3.84035 3.80541 4.52036 3.79439 3.73484 3.70288 3.85234 3.61252 3.5996 3.55419 4.19616 3.51989 4.6349 4.53052 3.51928 3.51247 3.90997 3.48363 4.43544 3.47234 3.46876 3.46865 3.65421 3.3997 3.39104 3.38892 4.2711 3.91013
threshold=0.29448768496513372 16.500000000000004 0 2678.5000000000005 1 16.500000000000004 2 448.50000000000006 0.14494871348142627 3 4 1.0000000180025095e-35 5 6 7 695.50000000000011 8 9 3.5000000000000004 4.5000000000000009 7.0800485610961923 16.500000000000004 10 3.5000000000000004 11 12 29.500000000000004 13 14 1.0000000180025095e-35 15 1.5000000000000002 16 495.50000000000006 17 18 159.50000000000003 19 850.50000000000011 20 21 0.016637587919831279 5.3967165946960458 22 157.50000000000003 23 170.50000000000003 7.9218254089355478 91.500000000000014 24 11.500000000000002 920.50000000000011 25 859.50000000000011 650.50000000000011 0.32047277688980108 26 27 28 2692.0000000000005 7.7867991924285898 163.50000000000003 0.19246146827936175 29 67.500000000000014 30 1210.5000000000002 2051.0000000000005 31 5.5000000000000009 0.23926705867052081 32 7.0120725631713876 193.50000000000003 420.50000000000006 33 0.2228849679231644 34 35 36 37 2788.5000000000005 717.50000000000011 365.50000000000006 38 14.500000000000002 5.7608728408813485 39 75.500000000000014 182.50000000000003 244.50000000000003 40 0.26803991198539739 520.50000000000011 558.50000000000011 8.5000000000000018 0.0075611553620547065 107.50000000000001 0.27864931523799902 265.50000000000006 0.03065383713692427 1170.5000000000002 173.50000000000003 27.500000000000004 41 42 91.500000000000014 0.20889224857091906 43 675.50000000000011 162.50000000000003 1022.5000000000001 248.50000000000003 161.50000000000003 5.5211992263793954 0.030897805467247966 44 3.6007812023162846 6.5000000000000009 45 2.2441734075546269 49.500000000000007 46 47 0.17450047284364703 337.50000000000006
decision_type=2 2 9 2 9 2 9 2 2 9 9 2 9 9 9 2 9 9 2 2 2 2 9 2 9 9 2 9 9 2 9 2 9 2 9 9 2 9 2 9 9 2 2 9 2 9 2 2 2 9 2 2 9 2 2 2 9 9 9 2 2 2 2 9 2 9 2 2 9 2 2 9 2 2 2 9 2 9 9 9 9 2 2 2 9 2 2 9 2 2 2 9 2 2 2 2 2 2 2 2 2 2 2 2 9 9 2 2 9 2 2 2 2 2 2 2 9 2 2 9 2 2 9 9 2 2
left_child=1 2 -1 6 -2 42 7 -3 9 -4 -10 62 -6 113 61 16 -16 -17 38 -20 36 23 -23 24 -19 99 28 -28 -24 30 -26 41 -22 34 -15 -33 39 50 -13 -18 88 -31 44 46 45 83 107 -48 119 86 -38 52 60 -53 56 58 77 -58 82 84 66 101 -7 90 -39 -66 67 68 -35 71 72 102 73 123 75 -54 121 -14 -52 91 -61 -21 -56 -5 109 -36 -50 -57 -11 -88 -64 92 -27 -78 -95 -72 -55 -98 -65 -25 -101 -12 -51 -30 -105 -67 -69 -44 -109 -60 111 -111 -97 114 -8 116 -29 -90 -34 120 -9 -76 -46 -71 -125 -126
right_child=4 3 8 5 12 11 13 48 10 40 14 18 54 33 15 17 20 21 19 81 32 22 26 25 29 79 27 115 103 31 -32 35 118 51 85 -37 37 64 -40 -41 -42 -43 43 -45 122 -47 47 -49 49 69 78 53 74 96 55 87 57 -59 59 80 -62 -63 63 98 65 105 -68 106 -70 70 95 -73 -74 -75 76 -77 93 -79 -80 -81 -82 -83 -84 -85 -86 -87 89 -89 117 -91 -92 -93 -94 94 -96 112 97 -99 -100 100 -102 -103 -104 104 -106 -107 -108 108 -110 110 -112 -113 -114 -115 -116 -117 -118 -119 -120 -121 -122 -123 -124 124 125 -127
leaf_value=-0.20685953852271607 0.43608733151414242 -0.56648045962610927 -0.21750284464190095 -0.3273606430932578 -0.28272013103102289 -0.065739420299688198 0.17759771370620625 -0.11245525349695913 0.10633606890835585 0.13464170351002078 0.030165609544868667 -0.22448384235152138 -0.6633841767228581 0.11949397590551368 -0.19804143065583624 -0.1422498303270528 0.034596741449852253 -0.17752808828505129 -0.55464780179160977 -0.19082842945865314 -0.043358178818863238 0.44836882209832957 -0.11652239580375455 -0.20452249045188245 0.25131908357473559 -0.057485384487790017 0.2788365488545404 -0.68986893745127442 0.15173169118284227 -0.38870508392764908 -0.04725328998123484 0.36870293345932376 0.095337323147581879 -0.27656842810132559 -0.10940909628828535 0.95887747955258151 0.078249089272788383 -0.35304377148182131 1.0218075861677132 -0.049756273945476354 -0.063488197251384548 0.41495973645355683 -0.08029461581866873 0.1111985413112377 -0.11260026135185229 0.023125925146533357 -0.085063776763234428 0.48858627419784267 -0.081924960817992859 -0.024033376886908098 -0.34879589636359132 -0.17471822440740647 -0.24691992389632511 0.30522827150272125 0.91920886602558349 1.0793243632679628 0.50079978280642778 -0.13823730572886725 0.86454980409356175 0.35083422419483956 0.46014141380655804 0.26851893011311845 -0.23811254040470789 0.21217911807584808 -0.20993984693465029 0.31209982814143489 -0.2014742284686043 -0.0013990126293812466 -0.020757553278217069 -0.29874534096048022 -0.2472163428594481 -0.14191673903813826 0.10102562509138409 -0.60374408839247951 0.06080364939240273 0.031022194736284005 0.18528513322010942 -0.10604754195853149 0.052126103060321331 -0.046552522438350868 -0.003927963647407085 0.36605756574647863 0.2210238901972541 -0.076505310006855079 -0.075308369395973435 -0.67459097761651499 0.33116749153262648 0.33013889648243711 -0.2684821420383271 0.030986253259723019 0.076141555423396137 0.099453304788751432 -0.72171094239271361 1.1031948270783523 0.15528776844203898 -0.55737360422315063 0.23037446177121199 -0.0014365857481816848 0.81650919634416297 -0.082306772732157141 0.80306938258245786 -0.23595973189151198 0.25788430340119822 -0.090329741424444235 0.98191244788189547 -0.12505594304102702 0.25933319887413697 0.24866748642751207 0.082216148615997492 -0.059721718705636299 -0.13968301545152664 0.40468368194959015 0.0023771064762906136 -0.0013984471210047645 0.64536006088415199 0.101379352073051 -0.33282180768799852 0.02124507832802678 0.52851272485201972 -0.040769428917374742 0.14390316650366525 -0.23788778255753959 -0.61886950280364394 -0.54840295623088797 -0.58023609187457348 -0.062761924197799204
leaf_weight=9399 2270 721 5319 157 1211 2532 800 475 5078 707 11684 102 648 1748 4873 6871 4487 2122 286 378 650 2138 1859 5694 2279 884 599 355 3027 323 3435 749 293 2941 7208 996 2521 1350 1093 18272 7826 303 1073 6703 549 9505 6967 203 2522 2309 669 801 1971 1380 531 745 1316 973 334 3620 302 604 567 4434 2854 309 2512 9977 5095 1937 1681 4586 448 1357 4731 14290 2089 1840 573 11745 2194 3778 3253 4390 6939 291 739 2341 329 2158 8555 4185 143 258 463 122 2419 3473 391 1510 159 836 1262 130 477 1052 287 744 3302 1051 1816 1743 4277 553 375 210 926 2800 465 2563 1978 500 608 134 249 2786
leaf_count=9399 2270 721 5319 157 1211 2532 800 475 5078 707 11684 102 648 1748 4873 6871 4487 2122 286 378 650 2138 1859 5694 2279 884 599 355 3027 323 3435 749 293 2941 7208 996 2521 1350 1093 18272 7826 303 1073 6703 549 9505 6967 203 2522 2309 669 801 1971 1380 531 745 1316 973 334 3620 302 604 567 4434 2854 309 2512 9977 5095 1937 1681 4586 448 1357 4731 14290 2089 1840 573 11745 2194 3778 3253 4390 6939 291 739 2341 329 2158 8555 4185 143 258 463 122 2419 3473 391 1510 159 836 1262 130 477 1052 287 744 3302 1051 1816 1743 4277 553 375 210 926 2800 465 2563 1978 500 608 134 249 2786
internal_value=-0.000412996 -0.00069858 -0.00157792 7.15289e-05 0.0020853 0.00145338 -0.00073268 -0.00209197 -0.00124559 -0.00335964 -0.000912349 0.003138 0.00157206 -5.11834e-05 -0.0011445 -0.00146876 -0.00256464 -0.000646531 0.00646621 0.00466006 -0.00191762 -0.000117493 0.00211398 -0.000745793 0.00177819 -0.0018051 0.000164625 -0.00507177 0.00215729 0.00355158 0.00171509 0.00799241 0.00490057 -0.00023109 -0.00261166 0.0113754 -0.00221741 -0.00428816 0.0131799 -0.00136869 -0.00133653 -0.0014377 0.000364024 0.00145851 -0.0010027 -0.000370054 -2.03269e-05 -0.00192469 -0.00183801 -0.0023883 -0.00038431 0.000180411 -0.00022459 0.00245881 0.00189753 0.00246876 -0.00103622 0.00284906 0.00175737 0.00105326 -0.00160954 0.00106594 0.00199951 0.00272102 -0.0069148 -0.00527877 -0.00179224 -0.00123497 -0.00317322 -0.0030863 -0.00426834 -0.00120755 -0.00624367 -0.00698592 0.00097894 3.07484e-06 0.00295361 -0.00460368 -0.00555556 -0.000492132 0.00361197 0.00577478 0.00503426 -0.00365372 -0.000197762 -0.0040285 0.000340763 0.00742061 0.00171607 0.00295133 0.00127026 0.00197242 -0.0036162 0.00651246 0.0128294 -0.00202303 0.00328658 0.00217244 0.00544984 -0.00482165 -0.000629119 0.000646965 0.00180117 0.00480241 0.011944 -0.000401167 0.000282541 0.002647 0.00400395 0.00205894 0.0013449 0.00390122 -0.000466015 0.00644419 0.00957447 -0.00949367 -0.0115144 0.000143816 0.0109375 0.00107656 0.00375558 0.00104187 -0.00868626 -0.00546416 -0.00341302 -0.00265239
internal_weight=319979 287154 134069 153085 32825 56317 96768 32304 124670 16981 107689 22116 30555 64464 102611 89487 38368 51119 5637 4442 33495 44248 9721 34527 10207 24320 7583 2090 5493 8085 5714 2371 1408 62736 9247 1745 32087 9328 1195 22759 11662 626 34201 18992 15209 14052 12289 7170 31583 26567 3763 53489 45416 8073 29344 24567 4777 2289 21481 17697 21114 13124 16479 13947 5565 4215 20812 18300 8036 21148 12991 8157 6911 6463 24302 16261 8041 2488 1242 16957 5814 4156 3784 4547 11883 7499 5419 3086 3836 2897 9122 5212 1027 2810 721 6080 7272 5892 4825 7363 1669 12520 3571 3634 607 1361 10264 5119 4046 4944 4610 2794 4399 1728 1175 1491 1281 3129 758 5016 2453 5231 1157 5106 3169 3035
internal_count=319979 287154 134069 153085 32825 56317 96768 32304 124670 16981 107689 22116 30555 64464 102611 89487 38368 51119 5637 4442 33495 44248 9721 34527 10207 24320 7583 2090 5493 8085 5714 2371 1408 62736 9247 1745 32087 9328 1195 22759 11662 626 34201 18992 15209 14052 12289 7170 31583 26567 3763 53489 45416 8073 29344 24567 4777 2289 21481 17697 21114 13124 16479 13947 5565 4215 20812 18300 8036 21148 12991 8157 6911 6463 24302 16261 8041 2488 1242 16957 5814 4156 3784 4547 11883 7499 5419 3086 3836 2897 9122 5212 1027 2810 721 6080 7272 5892 4825 7363 1669 12520 3571 3634 607 1361 10264 5119 4046 4944 4610 2794 4399 1728 1175 1491 1281 3129 758 5016 2453 5231 1157 5106 3169 3035
cat_boundaries=0 11 23 24 36 48 59 68 79 90 102 113 124 135 147 159 170 181 192 204 215 226 237 247 258 269 280 281 292 303 312 313 324 332 342 352 363 374 385 396 406 407 418 429 439 450 460 468 479
cat_threshold=34603074 3221370128 153092612 266 2147483648 134217728 1310788 8388608 536870912 1048736 4096 147584 12582912 8396800 262404 2215649312 1610612992 8651008 1310722 2097152 2621576 2147483904 8 12313 16777216 16777216 8388737 4 67112960 0 42468112 1839616 1142948865 537010182 2151677952 8 16777472 2 0 3221225472 5120 12582912 1342178208 268435632 343998592 67117060 151068672 16 2097152 1073741858 4526594 2684354689 1024 33576000 1207960192 1536 67108865 131076 1088 0 1024 0 0 67108864 0 524288 0 134217729 67584 134250560 1573120 687865856 67111172 278528 528384 528904 36866 268435480 2151678464 273154049 100665856 268435650 18432 1073741824 301994368 2156011520 32772 33554432 1074004224 1048608 2147483776 3145728 8454144 263172 131080 537010216 67108872 320 4196401 570687489 1056 64 337641477 117440548 2 1048576 276824064 4480 4326400 2151981058 1049600 2097664 131072 131076 33554468 268697601 2099328 805306528 1074828416 0 4456452 17825792 2621952 8388608 8392705 8389156 20480 1048576 8388608 33554432 4195328 174083 3222274056 1073744128 269486337 0 0 128 35782656 537919488 0 41943040 131073 0 1074398528 276824064 8 540672 4196352 128 36323328 1048576 1074856000 2315255824 16778241 35651584 5440 268435521 8 2637824 8390656 32 1048576 1073741824 65792 176160768 17956864 1109393408 1207966978 69 0 8388608 4194304 33554432 268435456 0 0 4458497 134217744 512 1 1048576 0 288 8 0 32 64 2048 16 1073742080 1 335544320 29362176 128 0 0 65536 8388608 2148663296 134218760 134352130 4 8 2147504128 29360164 8650752 3670020 536870912 1032 4194304 4327427 1211105304 0 524292 2149711872 2097152 8716289 8651776 1179648 163872 201326600 2148532480 2165309441 526402 8388608 65537 76548224 4354 8407168 33562656 33024 131072 16908292 4259840 263168 1048609 0 0 402653568 0 0 671219744 1572864 8390657 134217752 1075052800 0 4096 406847488 33554440 0 536870912 8912896 8388608 134217752 256 524289 0 1024 288 33554432 0 536871936 1048576 0 134217753 1048832 524288 0 4096 402653184 0 0 536870912 64 8388609 24 1073741824 524544 8710 8388864 1024 268435457 33685512 0 0 1048576 2155905025 0 537133376 524288 268435456 2382364672 0 8 4 4194304 1049616 2164791304 1207959584 1073755970 8456196 1048576 16781312 150994944 33685504 0 536870912 9437184 8390657 16 6401 0 0 134217728 0 0 536870912 0 8388608 0 1073741824 256 9437184 4096 128 131080 0 131104 0 2048 0 0 0 0 0 134217728 1048576 0 0 262144 269484032 0 268435457 33554432 0 0 64 2147483648 134217728 536870976 16384 16777220 262144 4 536870912 8 0 2048 136314888 0 524288 131072 71305216 268476417 2769024 536871040 1074856960 2155872272 16778244 35651584 2621952 524288 1048576 4096 16777376 131072 2048 134283296 524352 8388609 24 1310720 4718592 8912896 18881536 150995200 3276800 536870912 131080 131136 4194304 9438216 671088640 268439553 1048576 0 0 33554432 0 0 64 2147483648 8 1048608 8220 0 8388608 0 2048 0 0 8388608 0 1073741832 2048 4 131072 0 0 33554432 0 0 0 0 0 64 256 0 0 0 0 0 536870944 0 2048 16 1310720 131072 8388608 0 0 0 1024 0 17825792 1075838984 2050 256 8388608 4096 268435840 131072 0 131104 1048576 8388609 134217752 1073741824 0 4096 268435456 8 0 134348800 64 8388609 9437184 0 285212672 131080 0 0 0 0 0 1073741824 256
is_linear=0
shrinkage=0.1


Tree=27
num_leaves=127
num_cat=58
split_feature=6 8 6 2 2 8 2 8 8 2 2 8 8 8 2 2 2 2 2 2 15 2 14 2 2 2 8 2 2 8 2 2 2 15 8 2 2 2 0 2 2 8 6 2 2 8 2 8 6 8 8 5 2 2 19 2 15 15 15 2 2 10 2 5 2 0 0 2 2 6 8 8 2 8 8 0 10 10 2 15 8 6 8 6 2 8 8 5 15 19 15 8 0 18 0 12 2 20 2 14 12 8 8 0 10 2 2 6 14 8 6 12 2 0 10 5 0 15 15 2 17 0 15 8 0 0
split_gain=18.7287 23.1569 30.8758 27.1943 23.9521 16.9874 20.3415 15.8424 26.4023 29.9549 22.0796 22.3789 15.211 38.3379 33.478 19.6005 18.55 15.2062 13.7594 12.8297 12.806 13.0935 12.6844 22.3546 12.5971 12.1512 11.8962 12.2987 11.1603 13.6665 17.2905 15.1399 10.762 10.75 13.2692 23.7883 13.0766 12.1626 10.6617 10.6187 10.4362 9.86851 9.85471 9.65337 9.62358 9.60732 10.8373 13.747 9.77482 9.39323 8.47278 8.45175 8.29545 8.12825 7.87063 7.39055 7.11459 6.98876 11.8489 6.70915 6.66753 6.57212 10.3157 6.49241 6.64194 6.43762 6.43051 6.29434 6.18403 6.13915 8.14922 12.1318 7.43725 7.1738 11.9261 6.13272 6.04648 5.98104 5.96921 5.95634 5.89134 5.86244 5.85674 10.0293 5.84716 5.69509 10.9204 5.68511 5.63237 5.51815 5.29157 5.19646 5.18168 5.03633 5.0216 4.98954 4.98636 4.918 5.00159 4.86917 6.01012 4.81199 4.78276 4.74907 4.73584 7.16578 5.82645 4.68176 4.62712 4.56876 4.51279 4.50827 4.48219 4.38333 4.3483 4.42717 4.34534 4.31453 4.6902 4.31099 4.30199 4.30074 4.28541 4.26474 4.23644 4.18466
threshold=3.5000000000000004 4.5000000000000009 2.5000000000000004 0 1 1.0000000180025095e-35 2 22.500000000000004 29.500000000000004 3 4 27.500000000000004 29.500000000000004 17.500000000000004 5 6 7 8 9 10 4225.5000000000009 11 15.500000000000002 12 13 14 21.500000000000004 15 16 1.5000000000000002 17 18 19 3406.5000000000005 6.5000000000000009 20 21 22 23 24 25 5.5000000000000009 2.5000000000000004 26 27 7.5000000000000009 28 5.5000000000000009 5.5000000000000009 25.500000000000004 3.5000000000000004 725.50000000000011 29 30 0.015814120881259445 31 4026.0000000000005 1010.5000000000001 1052.5000000000002 32 33 97.500000000000014 34 1155.5000000000002 35 36 37 38 39 6.5000000000000009 3.5000000000000004 1.5000000000000002 40 8.5000000000000018 12.500000000000002 41 84.500000000000014 194.50000000000003 42 2747.0000000000005 9.5000000000000018 2.5000000000000004 4.5000000000000009 6.5000000000000009 43 7.5000000000000009 5.5000000000000009 435.50000000000006 2327.5000000000005 0.019751177169382576 632.50000000000011 2.5000000000000004 44 0.2684017419815064 45 61.500000000000007 46 0.36250071227550512 47 88.500000000000014 99.500000000000014 21.500000000000004 1.5000000000000002 48 199.50000000000003 49 50 6.5000000000000009 55.500000000000007 11.500000000000002 5.5000000000000009 392.50000000000006 51 52 127.50000000000001 685.50000000000011 53 2853.0000000000005 2990.5000000000005 54 0.024673233740031723 55 4220.0000000000009 3.5000000000000004 56 57
decision_type=2 2 2 9 9 2 9 2 2 9 9 2 2 2 9 9 9 9 9 9 2 9 2 9 9 9 2 9 9 2 9 9 9 2 2 9 9 9 9 9 9 2 2 9 9 2 9 2 2 2 2 2 9 9 2 9 2 2 2 9 9 2 9 2 9 9 9 9 9 2 2 2 9 2 2 9 2 2 9 2 2 2 2 2 9 2 2 2 2 2 2 2 9 2 9 2 9 2 9 2 2 2 2 9 2 9 9 2 2 2 2 2 9 9 2 2 9 2 2 9 2 9 2 2 9 9
left_child=1 2 3 -1 -4 6 -2 17 10 78 -9 32 13 19 -14 77 -15 -3 -18 -7 21 88 23 125 45 -11 27 -19 93 30 -30 124 -12 34 35 -29 -36 122 57 103 101 43 52 -40 -25 46 -24 48 76 -34 54 68 -43 109 102 89 60 -37 -59 -46 -53 62 -55 64 -39 -33 69 -28 -42 114 71 72 -71 85 80 -41 -48 -16 -10 121 -75 -45 107 108 -63 86 -72 -61 -13 110 -17 -73 -8 -5 -80 -96 -64 98 -68 100 -78 111 -50 -6 106 -106 -92 -52 -84 -38 -47 112 -20 -91 -26 -116 -56 -57 -119 -23 -69 -32 -35 -102 -31 -21
right_child=5 7 4 28 39 12 92 8 9 25 11 20 14 16 15 90 18 26 40 22 -22 119 24 44 66 -27 67 33 29 31 79 65 49 37 36 38 53 63 41 75 51 42 -44 81 59 55 47 -49 50 -51 82 56 -54 61 116 117 -58 58 -60 87 -62 84 96 -65 -66 -67 97 120 -70 70 73 91 -74 74 -76 -77 99 -79 94 -81 -82 -83 83 -85 -86 -87 -88 -89 -90 113 104 -93 -94 -95 95 -97 -98 -99 -100 -101 123 -103 -104 -105 105 -107 -108 -109 -110 -111 -112 -113 -114 -115 115 -117 -118 118 -120 -121 -122 -123 -124 -125 -126 -127
leaf_value=0.54881125432843725 0.21306569685438009 -0.30083108311506052 -0.3812076415308191 0.15145019204829258 0.53147611755429391 0.21109035075688559 -0.15552933055781076 -0.12083877281755716 1.8904857087197784 -0.45042306727243792 -0.16445003453029461 0.94241228546535616 0.31538391903309759 -0.18049311214700242 -0.31848823887010147 0.40259218555090509 0.51023014550180246 0.11782274884957022 -0.36732280851040006 -0.3641546930409047 -0.36728330049314972 0.081321761221914313 0.13152934320906215 -0.12874266379959282 0.11574369514644554 -0.088702357107868585 -0.71709372080512468 0.10375686315390729 0.092509917760654717 0.11224182048043901 -0.33414835311244184 -0.083428895448678111 0.76656213417739905 0.084088935709572654 0.074380197734518302 -0.90352038370758914 -0.083101834749259876 -0.14013169454397459 -0.31993738511145875 0.19540758184592488 0.11709756876479585 -0.17903596414818235 -0.095256030004506692 0.32756617470134836 -0.065682719542320453 0.0077661742504670176 0.081705264072137851 0.2526575674362343 -0.32044060263059432 0.030214801911026257 -0.63895380387744893 0.33446118052950191 -0.45970005724132845 0.11233522182836526 0.96113390580027813 -0.04725503193240406 1.0416222314498274 0.27859516102228188 -0.42114184511048958 -0.071790207525728358 0.03574548119204355 -0.018798434739682436 0.017802753617780966 -0.33403064687641465 0.0063023894597762364 0.24335379639034543 0.077814544689419007 -0.07210993603467486 -0.073081126034451896 -0.31162490050695457 -0.28103489185739855 4.2686231730427533 0.64792995524177677 0.18794779342383261 0.034165863225205942 -0.11744930246245461 -0.34114140249324887 -0.82665565312645528 0.67198550114787126 -0.015027032504704963 2.4720396104648277 -0.073613286556162102 -0.019839361477309227 -0.47909636019574331 -0.12678280391709135 -0.38718908957514914 0.57283770567841419 0.022014840451358042 2.4476744106617825 0.0026326962521241448 0.068533722699435459 1.0933648944434715 -0.4961042748862271 0.67149414251907735 -0.57513967271492572 0.16109304347403208 -0.11589135738598584 0.87409401644840234 0.23581275513723954 0.23268997666001373 -0.24202181923861882 0.41014656704281161 0.095332164977447398 0.06941226880828158 -0.88361108839674785 -0.10594435908393696 -0.14738745632133932 -0.25254768079083151 0.47758556641552058 -0.31586465060412916 -0.18934378142944777 0.50303035665396612 0.15297921221066899 -0.4464053282712529 -0.1308391231892668 0.033176240043833481 0.22036137605959799 0.59162690801070072 0.023490305033341843 0.937494070019671 -0.60359432049556083 -0.14946274465953044 0.51013118609542552 0.0031229290688348011 0.56091208112242641 -0.18348624991045567
leaf_weight=3107 806 2369 2683 4359 547 2832 472 1897 254 2264 1145 455 1757 2025 2289 324 3097 2032 241 1763 206 476 7187 7432 5268 4392 456 2184 3626 1178 1870 3132 643 3904 4569 537 2532 868 1338 661 2102 1086 2134 934 11845 2557 823 2757 392 1257 242 3581 2714 3032 356 9686 704 324 1170 2958 3731 7648 3628 760 5639 1150 6830 557 3952 450 718 193 404 219 1333 5129 1982 853 294 1557 448 1996 1003 337 24491 885 698 38020 767 434 2133 694 1762 766 114 915 3762 555 4667 289 2047 4047 1174 976 336 770 3065 557 413 2783 2618 848 1823 1668 4823 6301 2281 495 2660 1167 256 1748 339 1585 2043 1970
leaf_count=3107 806 2369 2683 4359 547 2832 472 1897 254 2264 1145 455 1757 2025 2289 324 3097 2032 241 1763 206 476 7187 7432 5268 4392 456 2184 3626 1178 1870 3132 643 3904 4569 537 2532 868 1338 661 2102 1086 2134 934 11845 2557 823 2757 392 1257 242 3581 2714 3032 356 9686 704 324 1170 2958 3731 7648 3628 760 5639 1150 6830 557 3952 450 718 193 404 219 1333 5129 1982 853 294 1557 448 1996 1003 337 24491 885 698 38020 767 434 2133 694 1762 766 114 915 3762 555 4667 289 2047 4047 1174 976 336 770 3065 557 413 2783 2618 848 1823 1668 4823 6301 2281 495 2660 1167 256 1748 339 1585 2043 1970
internal_value=-0.000343179 -0.00124017 0.000993282 0.00290186 -0.00369148 0.000308514 -0.00710526 -0.00200921 0.00084944 -0.00312766 0.00493573 0.00785178 0.000431991 0.000669006 -0.00308406 -0.0053681 0.00419296 -0.00256181 0.00496354 3.27928e-05 0.013888 0.0156195 -0.000100333 -0.00114396 0.000755488 -0.00606061 -0.00233157 -0.00218024 0.00163021 0.000349393 -0.0023236 0.00348527 0.00178982 -0.00237937 -0.0028656 -0.00555247 -0.00212699 0.000443093 -0.00726538 -0.000716919 0.00404249 -0.0059342 -0.00857769 -0.00227273 -0.00067784 -0.000375405 0.00100107 -0.000430822 -0.0017469 0.00638743 0.000940044 0.00247159 -0.0116316 -0.00261454 0.00369974 -0.00197833 0.00460329 -0.0138902 -0.0104418 -0.000203471 0.00367888 -0.00215287 2.87853e-05 -0.00204068 -0.00102198 -0.000419385 0.00218286 -0.0119385 -0.000346878 0.00118072 0.00390599 0.00967835 0.00117096 0.0015694 0.00595 -0.00267241 -0.00444544 -0.0118655 0.00923125 -0.006027 0.0168666 0.000952381 -0.00360502 -0.000370793 -0.00286101 -0.00223816 0.00169492 0.000402557 0.0234578 -0.00452175 -0.00227478 0.0178692 -0.0119875 0.0056962 0.0064141 0.00303176 -0.00198649 0.00404576 0.00360529 -0.00556497 -0.0062166 0.0072105 -0.00191571 0.00668624 -0.00291878 -0.00886076 -0.00165448 -0.0107009 0.00331921 -0.00630047 -0.00277295 0.00412088 0.00159884 -0.00884872 0.000176916 -0.000943905 0.00703451 -0.000533032 0.00267829 0.00958863 -0.0063791 -0.00826423 0.00469081 -0.00379956 0.00865057 -0.0086428
internal_weight=320387 134820 34532 24536 9996 185567 3040 100288 16246 8233 8013 6116 182527 171000 11527 9770 26151 84042 24126 144849 3071 2865 142017 63988 78029 6656 81673 80404 21429 16304 8801 7503 3045 78372 66862 14417 52445 11510 12233 7313 21029 10202 5934 4268 60255 43543 23425 16238 13481 1900 6755 14070 3800 47876 4203 20118 8016 2031 1494 52823 7312 42561 10422 7267 6507 4282 34486 1269 6054 22434 6042 1741 854 4301 2000 5790 6726 3142 1577 5175 667 2930 2552 1753 32139 2301 1416 40978 1222 7277 6628 887 2234 5125 1323 1029 7390 12052 11497 5903 5614 6959 1566 1523 6304 1106 5198 799 1416 5315 5175 2912 2064 2102 16392 11124 2637 12841 3155 1643 813 3618 4243 3632 3221 3733
internal_count=320387 134820 34532 24536 9996 185567 3040 100288 16246 8233 8013 6116 182527 171000 11527 9770 26151 84042 24126 144849 3071 2865 142017 63988 78029 6656 81673 80404 21429 16304 8801 7503 3045 78372 66862 14417 52445 11510 12233 7313 21029 10202 5934 4268 60255 43543 23425 16238 13481 1900 6755 14070 3800 47876 4203 20118 8016 2031 1494 52823 7312 42561 10422 7267 6507 4282 34486 1269 6054 22434 6042 1741 854 4301 2000 5790 6726 3142 1577 5175 667 2930 2552 1753 32139 2301 1416 40978 1222 7277 6628 887 2234 5125 1323 1029 7390 12052 11497 5903 5614 6959 1566 1523 6304 1106 5198 799 1416 5315 5175 2912 2064 2102 16392 11124 2637 12841 3155 1643 813 3618 4243 3632 3221 3733
cat_boundaries=0 12 22 33 44 55 66 77 88 100 111 122 133 145 156 167 179 190 201 212 223 234 245 256 257 268 278 289 301 311 321 333 343 354 365 376 386 387 388 399 411 419 420 431 442 443 444 455 466 467 478 489 497 498 499 509 510 511 512
cat_threshold=67239936 4098 2129920 2149581056 536870912 536916224 4326528 16777728 13632512 1048840 2420113408 16 268435460 4200448 268435584 132 4096 196616 2148532688 2164260865 1275069576 263688 0 8388608 4194560 33554440 0 671088640 34079104 1181696 134217744 672137984 8912900 270663680 2102272 2 33816580 536879104 4333576 41943376 21233664 134221825 393216 8454144 16388 46143488 0 2048 2048 671219712 208 21495808 16 137364736 4259845 268435456 54525952 266272 167772160 8196 4195584 8388800 1343498 134217864 538970120 1600 75628544 2052 402653186 2771328 0 671154176 655872 2151677952 68162560 1209008640 8388608 2183456 134217728 10551552 2048 1610612992 57408 167772160 17073152 32 1048840 8520192 134742304 134217728 525312 167804929 1073776160 268439552 268706816 704 2 8200 1052736 64 524288 69206160 4194304 537002114 2148536324 1073808384 524288 2152210433 1073746050 272384 1024 2164785184 134217744 515 948471040 688192 8396928 134217740 0 302055424 268435456 4096 1048576 16778240 4198432 33554436 335544320 66600 9961472 9443329 134218752 536870976 524544 2101248 2148012322 285278272 1 1107296264 169082880 268435552 268445696 262160 67110912 0 96 1048576 16777216 402653312 8 0 671088648 0 4096 1049 1208221696 1 8912900 0 272634112 2228224 0 671088672 131072 1214466 1073741840 134218498 4194564 536870918 131328 8462336 3072 1048576 33554560 520 9232 50331680 69732368 151063552 8 2147483648 113246224 4194336 393220 1060864 134348800 8912960 4456456 2097304 541589506 524800 11026432 1024 159650049 33556480 256 81984 33554688 2156003329 201326592 1207959616 65541 277872640 16777252 268435584 136 2214594564 4195424 512 1574914 134217729 33818112 8388608 0 16778244 138412064 33685512 0 66568 9437696 2148800513 2102280 536870914 256 276955136 48237056 2 545259526 4100 542121984 0 4194560 10551312 5246976 12582916 33570880 3221225600 4214784 1074790656 2483030016 72 3288858928 17039360 4194312 33554434 1 8388608 3072 134484256 2113544 0 536903688 131136 2149089280 1207960593 135529280 8388608 12288 16384 41943040 16781312 538984448 536881152 4227072 512 5507072 17825792 1581312 276824389 17956865 50331684 134250497 36176132 0 8392704 9437184 9441284 67174400 1107824706 0 16777216 17043712 393224 603979776 264 64 792576 1209008136 1074004544 524288 672137280 285343872 134255616 2097152 2818572416 268435496 76546048 2 536870912 262544 1024 2 0 0 0 0 0 671088640 0 0 16 1073741824 0 16778240 419692800 3276800 67108864 0 33554432 786432 1074790400 262144 84021376 10486272 2097152 555745284 0 549453824 128 131073 65664 138413316 2147483652 16 0 0 0 8 0 671088640 0 4096 17 1207959552 147456 5242880 4194336 2147616768 67109120 1073743168 37879824 8 32 3355574276 21170432 0 4195328 285479072 2147483656 67108864 134348808 2147483792 2824 1048584 136446464 16843073 268435456 4194304 419430689 2148401280 536871040 1073758208 176160832 1048608 137368577 192 4194304 81920 46137344 128 0 67108868 0 2148008192 25427968 8392704 1073742850 15889 10649 0 16781312 150995328 8 0 671088640 1048640 1 8 537919808 524288 4 4200448 268697600 1048584 2048 5243136 512 0 136314905 536871936 272629760 8 0 4096 0 0 0 32 64 8390656 178 2228224 0 0 4 536870912 0 64 0 0 0 8388608 0 117477380 268435459 8 8260 256 134348864 272630026 69206016 1073876992 276955648 9220 3856 3145728 16784416 262272 16386 4352 1188896 4100 8949764 8650752 268566528 268435456 8388608 5120 16777216 131072 0 131072 8388608 8388608 134217728 1048576 256 3616 0 0 0 8 0 40 0 4096 16 256 5 0 8392704 16777473 1048584 3019905280 131112 33554432 16912384 1084227600 320 4718849 131072 0 1 0 0 0 1048576 4096 11776 10516 276955136 0 134217728 0 4 0 0 131072 1073741825 1074003968 3624 7296 13858
is_linear=0
shrinkage=0.1


Tree=28
num_leaves=127
num_cat=60
split_feature=13 2 3 15 14 18 2 2 2 14 10 11 2 2 2 2 2 2 10 2 2 10 20 11 0 10 2 11 6 2 0 0 13 14 2 2 10 15 2 2 2 15 2 14 2 2 14 18 8 2 11 10 10 2 0 15 2 2 8 2 11 11 2 2 10 15 2 10 0 2 0 15 2 14 2 2 2 11 11 20 10 2 11 2 2 20 10 11 10 2 2 16 0 2 11 2 18 8 2 8 2 2 20 15 0 11 2 15 2 12 11 17 13 2 2 2 21 16 15 15 0 8 21 18 2 8
split_gain=20.1317 17.8144 14.3587 17.4598 13.3677 12.8929 12.9011 12.2015 10.7978 10.0373 12.6216 14.2718 11.6006 10.6324 9.98612 9.86278 9.4887 9.26604 8.53582 14.8768 9.7907 7.75699 6.96132 6.87185 7.87546 7.55371 6.85487 6.81579 6.67629 10.8105 6.58639 6.57336 6.41974 6.36212 6.42155 6.11791 5.95113 5.89633 6.22011 5.78333 5.66848 5.65327 5.58728 6.05524 7.09981 5.13875 5.12991 5.57304 4.95252 5.82187 5.46673 4.93056 4.67266 5.11772 4.59956 4.48623 4.44788 4.44751 4.37607 6.16107 4.36464 4.31924 9.45614 9.3815 4.88979 4.46724 4.46529 5.57708 4.37052 4.27483 4.15906 4.36687 4.1369 4.07828 4.01836 4.00344 3.9714 4.03154 3.93664 3.91121 3.88196 5.41404 4.96989 8.60996 4.44776 3.85973 3.82162 3.91712 3.79122 3.73612 3.72003 3.7072 3.69756 3.69638 4.21057 4.72379 3.62656 3.56365 9.89661 6.45082 4.10212 3.52957 3.52544 3.8631 5.00962 3.52312 4.19433 3.51382 3.87718 3.51151 4.06206 3.44525 3.41059 6.64275 3.56985 3.40932 3.4992 3.82559 3.3665 10.0368 3.49626 3.35784 3.34315 3.33532 3.36387 3.32732
threshold=12.500000000000002 0 8.5000000000000018 3212.5000000000005 82.500000000000014 0.28426177799701696 1 2 3 23.500000000000004 110.50000000000001 5.569286823272706 4 5 6 7 8 9 71.500000000000014 10 11 142.50000000000003 0.18458759784698489 4.2006943225860605 12 82.500000000000014 13 7.9218254089355478 6.5000000000000009 14 15 16 92.500000000000014 14.500000000000002 17 18 98.500000000000014 2846.5000000000005 19 20 21 4230.5000000000009 22 17.500000000000004 23 24 47.500000000000007 0.23884000629186633 7.5000000000000009 25 6.5655350685119638 90.500000000000014 87.500000000000014 26 27 2922.5000000000005 28 29 17.500000000000004 30 2.0902305841445927 4.3343882560729989 31 32 126.50000000000001 3068.5000000000005 33 332.50000000000006 34 35 36 666.50000000000011 37 38.500000000000007 38 39 40 2.2441734075546269 4.4766898155212411 0.16804674267768863 104.50000000000001 41 5.4250605106353769 42 43 0.15427189320325854 301.50000000000006 3.0043103694915776 100.50000000000001 44 45 0.25634722411632543 46 47 6.5655350685119638 48 0.29241539537906652 3.5000000000000004 49 1.5000000000000002 50 51 0.13892945647239688 2323.5000000000005 52 5.5325059890747079 53 2806.5000000000005 54 325.50000000000006 2.7687617540359502 0.015316416509449484 49.500000000000007 55 56 57 0.0071102064102888116 0.14007583260536197 643.50000000000011 2038.5000000000002 58 1.0000000180025095e-35 0.018545012921094898 0.22746051847934726 59 18.500000000000004
decision_type=2 9 2 2 2 2 9 9 9 2 2 2 9 9 9 9 9 9 2 9 9 2 2 2 9 2 9 2 2 9 9 9 2 2 9 9 2 2 9 9 9 2 9 2 9 9 2 2 2 9 2 2 2 9 9 2 9 9 2 9 2 2 9 9 2 2 9 2 9 9 9 2 9 2 9 9 9 2 2 2 2 9 2 9 9 2 2 2 2 9 9 2 9 9 2 9 2 2 9 2 9 9 2 2 9 2 9 2 9 2 2 2 2 9 9 9 2 2 2 2 9 2 2 2 9 2
left_child=1 -1 7 5 8 14 -7 -2 -3 12 13 21 109 73 -4 -9 91 -8 19 -16 48 22 26 24 -15 35 92 28 32 -30 55 -14 42 34 -33 -26 -6 45 -39 -17 -31 93 -22 44 -44 -19 76 88 49 50 -20 78 101 -54 -49 69 96 -21 107 -60 -36 62 -46 65 75 -63 68 112 -65 -13 71 -61 -23 -11 -27 -64 -41 -78 -25 -74 81 -79 83 -82 -84 -38 87 -50 -48 122 -29 -5 -12 -18 -95 -96 -32 98 -42 -100 -99 -45 -55 121 -105 106 -70 108 -47 110 -10 -106 114 -114 -68 -62 117 -117 120 -120 -110 -104 -24 -35 -125 -71
right_child=2 4 3 16 36 6 17 15 9 10 11 30 31 23 18 39 41 37 20 57 27 72 89 51 25 74 -28 90 29 40 56 33 -34 123 60 -37 85 38 -40 46 97 -43 43 52 61 58 47 54 86 -51 -52 -53 53 102 -56 -57 -58 -59 59 70 115 63 64 66 -66 -67 67 -69 105 125 -72 -73 79 -75 -76 -77 77 80 -80 -81 82 -83 84 -85 -86 -87 -88 -89 -90 -91 -92 -93 -94 94 95 -97 -98 100 99 -101 -102 -103 103 104 111 -107 -108 -109 118 -111 -112 -113 113 -115 -116 116 -118 -119 119 -121 -122 -123 -124 124 -126 -127
leaf_value=-0.30292992205313657 -0.22518823286927186 0.13516219727636133 -0.15491248383685033 0.18536029603214377 0.55485678611071609 -0.18165585952839824 0.4874454995409907 -0.12961164321388496 -0.34308687737773735 0.2731154838797149 0.039984545497547777 -0.20912493608928637 -0.17828578421520405 0.060072465002420472 0.35246128215025468 0.2567818971495433 -0.023692479248177814 -0.0499151134432744 0.047063259212662724 -0.070595928724844728 0.094000787890456475 0.44974267505602267 0.43419975832739777 0.14658852854371821 -0.15716241620994326 -0.23026608825646236 -0.35486404724531778 0.18182437930820505 0.28753176496692678 -0.16320862872846648 0.024457139374068106 0.024630777634794133 0.46020373586954277 0.051575781824166979 -0.35927608236598818 0.061519777442341272 -0.10656965054276216 -0.15507785676378685 0.82725691409290114 0.020452770380855648 -0.15093064518886457 0.73125273303783933 -0.39421587390596963 0.040717621539369468 -0.24656954621112703 0.28278649452357368 0.27870568374134558 -0.0027177705884067651 -0.53703255360761593 -0.10545310633597504 0.6966129177383702 0.048282422261398852 -0.054852398732196495 -0.20677000296616424 0.37830425274619811 0.15354564719159819 0.22238107082793426 0.066006585234325774 -0.049667195066372676 -0.76336256620624854 -0.20686907176293509 0.11797507772368365 0.077854530020717461 -0.045629214389489109 -0.6794769022659084 -0.28210403634753689 -0.051937979401496609 -0.64557346800386928 -0.31428362433139523 -0.059321396963767994 0.81875063801324299 0.53283078736236866 -0.42631405767294334 1.6293596954222602 -0.11669270640890246 -0.089859881091171628 -0.28216704688895672 0.12518116017274572 0.45306614118651078 -0.2549910931895582 -0.00038601118910381872 -0.024541252038824447 -0.11697002775728826 -0.24421850887512822 0.017657517104006894 0.12697584074810034 -0.5812017052992281 -0.10771807395888806 -0.037646404021426251 -0.048897459746015608 0.69048388153368778 0.59614795807829957 -0.23045955278831187 0.056181378839413168 0.47606566954693208 0.086052179193960007 -0.78013696948756062 -0.10069083600057266 0.09429847729886856 1.3984723722912782 0.11905429794066978 0.38031461607299788 -0.32337994899716238 0.46274091722738275 0.16863606641329426 0.20112831111077281 0.041727405634771134 -0.51186584849071592 0.094192083198571752 -0.34445597886768697 -0.13310185643040029 0.031499875683776678 0.11935206898998532 -0.12572039350823233 -0.15216466142581325 -0.33144678672840638 -0.039241437876211552 -0.075097649705946526 0.6929469449858775 -0.029816528692487812 -0.36806040999989298 0.018510650690560081 -0.043105174632456049 0.1073538372351906 -0.24608606903857747 0.16826309680864018
leaf_weight=1405 2004 4041 3311 5024 878 2239 2769 5848 1145 2528 1474 3465 7195 5327 1454 618 4550 3954 1606 1671 3470 125 480 660 1317 1708 1610 551 3214 1819 4501 4349 418 7894 279 4417 590 241 818 7789 642 444 933 1030 2668 2601 384 503 209 3564 317 4014 13394 623 908 1116 2748 3520 678 119 2103 4164 2790 4660 323 234 7834 442 283 4420 1356 205 1566 148 4602 3842 386 1453 423 4785 2069 2595 6033 2839 6671 2806 746 5304 3148 6230 262 1167 1590 9313 941 1264 106 2322 634 682 4010 1199 247 899 2332 2235 1113 172 784 1167 11322 4389 2192 2058 5674 412 10911 1551 1347 3135 976 6390 355 901 1390 1048
leaf_count=1405 2004 4041 3311 5024 878 2239 2769 5848 1145 2528 1474 3465 7195 5327 1454 618 4550 3954 1606 1671 3470 125 480 660 1317 1708 1610 551 3214 1819 4501 4349 418 7894 279 4417 590 241 818 7789 642 444 933 1030 2668 2601 384 503 209 3564 317 4014 13394 623 908 1116 2748 3520 678 119 2103 4164 2790 4660 323 234 7834 442 283 4420 1356 205 1566 148 4602 3842 386 1453 423 4785 2069 2595 6033 2839 6671 2806 746 5304 3148 6230 262 1167 1590 9313 941 1264 106 2322 634 682 4010 1199 247 899 2332 2235 1113 172 784 1167 11322 4389 2192 2058 5674 412 10911 1551 1347 3135 976 6390 355 901 1390 1048
internal_value=-0.000442489 -0.0014591 0.000176114 0.000623672 -0.00132699 0.000186371 0.00243526 -0.0014359 -0.00153046 -0.00171467 -0.000848378 -0.00205929 -0.00275489 0.000867006 -0.000244462 -0.00106414 0.0031868 0.0032742 -7.88942e-05 0.00339353 -0.000305747 -0.00401592 -0.00248318 0.000155708 -0.000791549 -0.00220674 -0.00547711 4.88987e-05 -3.42085e-05 0.00203032 -1.14916e-05 -0.00183403 -0.000396909 -0.00117785 -0.00223157 0.000418556 0.00416472 0.00236643 0.00958451 -0.000434955 0.000420002 0.00193076 -0.000465406 -0.000654548 -0.00144167 0.00186925 -0.000606531 0.0023771 -0.00301973 -0.000829233 0.00359545 0.00338434 0.000414713 6.71995e-05 0.00768958 -0.00167512 0.00226069 0.000874832 0.00294738 0.00678541 -0.00319665 -0.0012413 -0.00309155 -0.000665285 -0.00114142 0.00360708 -0.00137542 -0.00225151 0.000548127 -0.0024236 0.01 -0.000299401 -0.00679432 0.0068131 -0.00459588 -0.000557901 -0.00110106 -0.00178636 0.00937211 -0.0071451 -0.00160665 0.00118577 -0.00224847 -0.0049511 -0.00120435 0.00226737 -0.00494488 -0.00403592 0.000254813 -0.000502477 0.00916359 0.00652314 -0.00266753 0.00162435 0.00257634 0.00650794 0.000357375 0.00153012 0.00526047 0.010181 0.000379027 0.00482279 0.00134318 0.00166585 0.0032021 0.00314474 -0.000787966 0.00194676 0.0022221 -0.00524773 -0.00476057 0.00225078 -0.00197657 0.000494118 -0.00275392 -0.00296788 -0.00235175 -0.00624045 0.000863724 0.00232039 -0.00284091 -9.79358e-05 0.00573964 0.000849288 -0.00250982 -0.000675429
internal_weight=320121 121102 199019 155771 119697 133068 21394 43248 115423 111382 60763 35619 50619 25144 111674 41244 22703 19155 108363 6645 101718 18215 11739 22468 17371 12044 4674 89972 89159 13323 17404 36985 75836 29790 19605 5734 4274 16386 1059 35396 10109 16512 75418 71948 41445 15327 34778 4943 11746 5487 1923 5097 30503 28274 1411 10049 7355 5191 11373 2358 15256 40512 9623 30889 6955 4398 26491 18200 8291 8933 1680 324 6476 2676 6310 6632 29835 22046 1083 6351 21660 4048 17612 4908 12704 3396 6259 5513 3532 7065 813 6191 3064 16068 11518 2205 4607 8290 1958 1316 6332 2229 14880 14257 7620 3631 1396 9015 8843 13634 12467 6721 17758 4250 13508 14977 12874 1963 6242 4482 1760 6637 835 10185 2291 5468
internal_count=320121 121102 199019 155771 119697 133068 21394 43248 115423 111382 60763 35619 50619 25144 111674 41244 22703 19155 108363 6645 101718 18215 11739 22468 17371 12044 4674 89972 89159 13323 17404 36985 75836 29790 19605 5734 4274 16386 1059 35396 10109 16512 75418 71948 41445 15327 34778 4943 11746 5487 1923 5097 30503 28274 1411 10049 7355 5191 11373 2358 15256 40512 9623 30889 6955 4398 26491 18200 8291 8933 1680 324 6476 2676 6310 6632 29835 22046 1083 6351 21660 4048 17612 4908 12704 3396 6259 5513 3532 7065 813 6191 3064 16068 11518 2205 4607 8290 1958 1316 6332 2229 14880 14257 7620 3631 1396 9015 8843 13634 12467 6721 17758 4250 13508 14977 12874 1963 6242 4482 1760 6637 835 10185 2291 5468
cat_boundaries=0 12 23 34 45 57 67 78 89 100 111 122 134 135 144 156 157 158 169 179 189 200 211 222 230 241 252 262 263 272 283 294 305 316 328 329 339 340 350 357 369 380 391 403 414 424 434 435 446 456 466 477 487 488 497 509 519 531 541 542 553
cat_threshold=65572 18 32768 3162240 1073741824 64 131584 524296 68161536 5130 2160066560 40 2148024352 3221227520 8397828 2155872257 0 38010880 3221488128 17039360 4144 134228224 131328 2304 1410336784 262210 264192 1073741828 268456000 4195584 131088 1073741832 2099200 2147483648 603979776 136348416 8650752 2181071872 530432 1073741824 2151677968 32768 4194336 537397760 1181696 137363456 4 402653312 526340 0 671129608 68157440 8521984 2359312 1310720 268436033 2 0 4096 16777216 131072 0 8 0 1 9 1048832 136843329 134218242 0 134217857 258 4096 2420114560 4 541065216 2147622964 4196352 8388608 4194308 2130048 2 2684354816 8454176 2181693456 5242880 28311584 268436800 150995456 0 4196352 134218017 18568 4 536883200 320 262144 1209008137 538181954 13107201 257 88080386 134217987 263426 67109120 1073758528 8912960 8704 8389632 2147483650 16778240 8388612 2048 16512 572801026 4 675292192 1048832 17039361 1140855808 4194560 4160 25168000 69206144 134762498 262144 134217728 536903680 131092 295520 69632 33554432 2147680512 64 2227 1048576 4096 268435584 8 0 32 0 8390657 24 2182086656 1107297296 6324384 2147483904 3758096384 147592 4096 8388608 67109929 2176 524288 16 10553 8713 276824320 2048 288 537133056 0 4326528 128 2147483717 1073742984 2236480 66560 0 1024 268435584 8 0 0 1048576 0 0 1073741824 8388612 1024 16777248 0 0 32 0 2148009984 1207959552 262656 65536 2149580832 0 2684354944 1048672 8192 67113504 800 0 33554440 4096 16384 9441312 8192 545294338 2112 1077937408 67108864 17830146 1207959552 2098688 8393728 33685504 2152728580 73732 18366720 1048768 34865152 67108896 8592 0 0 9442304 0 4096 0 0 0 0 64 8388608 134217728 9437184 331776 3145728 6148 69632 67109888 8949888 136314881 537920000 8978501 128 2097152 0 262144 134217728 536870912 131072 0 0 0 65536 1048576 16777216 285212672 8 0 131080 64 0 16 1310720 645 1048576 16778240 419430400 131072 0 134217728 0 8388609 24 268435456 1140851716 4194625 16777480 269494336 33554688 0 2148020224 34603008 512 142606340 25165828 134222848 0 134219776 2147483648 671088672 33554448 4194304 1048576 131080 268435456 1048580 8912896 18874497 2097152 268435460 16768 0 4199426 18875408 1209014786 513 0 8912928 10519168 10518536 33685508 1077937600 134217728 132096 18874400 136318978 512 2147500036 50364432 4456448 0 75538464 0 256 2437943297 33555472 542113792 69 16 11413 1048576 4096 16777344 0 0 671088640 1048576 1 8 262144 4 0 4096 0 8 0 0 0 0 0 1073741824 1048576 16778240 0 8 0 134217760 1048576 268500992 1107297280 256 536872974 8200 134414376 1075315200 1050624 143654912 1024 268959744 8 671744 33555456 256 1385168904 268441600 1614807040 1048704 16809984 67113986 1073876994 4195328 2097152 16777216 297795584 131076 0 134348800 64 786434 1 1048704 276824129 4 8388608 134221825 2228228 8192 131208 64 528387 0 139460608 8454404 8 4 25165824 402657312 131076 67117056 135397640 64 9175040 0 1048576 8454404 0 4096 0 131072 0 536870912 9437184 1 0 1310720 0 16781312 16777216 33554432 0 134217736 0 1 8 536870912 3201 1064964 33555456 262272 35651588 1074792448 1077969984 1048576 2156437505 5120 1073744896 64 276824064 0 4194304 0 268435456 134283264 524288 4327424 16 134218240 131076 20971524 262400 12 67108864 134283328 8913408 4194304 1048576 135528450 268435456 2048 16777473 34750464 0 0 33554464 2147486720 18874384 1207959872 69 1048576 0 0 131080 0 134217760 1048640 0 0 1048576 2048 0 16777216 4194304 0 0 0 0 17825792 1024 25165828 33592320 0 402653184 8192 131072 4194304 2151680000 1048576 394348 268435456 8 268435456 131072 16777249 2718042112 1342179328 134234120 8912896 10 1207959561 1074004488 1048576 1073742848 289 0 2147483648 8585248 1116733952 526338 9437184 1073745728 268959744 8 0 0 16777217 0 268435456 32 33554496 16778240 0 1073742080 288 0 0 16777216 8 67108864 131072 64 0 1 1073742080 256
is_linear=0
shrinkage=0.1


Tree=29
num_leaves=127
num_cat=102
split_feature=6 6 2 1 1 3 2 15 1 2 1 1 1 1 2 2 2 2 12 2 15 1 1 1 1 2 14 1 1 2 1 1 2 2 2 2 1 2 2 15 2 14 2 1 1 2 1 2 2 1 2 2 1 2 2 1 1 2 2 1 1 2 1 2 1 2 1 18 2 1 2 2 4 1 1 1 2 12 12 2 2 1 1 2 19 12 2 1 2 2 3 2 2 2 1 1 1 2 14 11 1 2 3 1 1 1 2 2 15 2 2 15 2 1 2 2 2 12 1 1 2 1 16 11 2 1
split_gain=16.339 18.3966 15.0852 14.8198 13.377 12.9182 14.4232 13.6051 18.3519 15.8931 15.1832 13.1677 11.5638 11.4666 11.2341 10.8005 10.7685 10.4274 10.183 11.6652 10.3096 11.1267 10.8579 9.974 9.86355 9.85841 11.0964 10.0533 9.50198 9.10177 8.60328 8.525 10.5736 8.89056 8.46775 8.44314 8.25233 10.7183 8.08152 7.96998 7.74005 7.19059 11.2416 8.27838 6.70135 7.08392 6.55749 8.71573 6.51828 6.49416 9.1472 6.67579 6.57064 6.26157 6.84098 7.23086 6.33014 6.26146 6.20559 6.57022 6.19456 6.33004 8.07707 6.08178 5.94572 5.62092 8.48459 5.79364 9.52669 5.93726 10.4679 6.04589 5.34226 5.27278 5.2593 5.06523 4.97668 4.88783 9.23725 8.22007 5.59353 8.77355 7.47247 5.27027 4.96715 4.87199 5.42395 4.86264 9.09015 7.52242 4.78163 4.74567 4.66804 4.64557 4.59782 4.5478 4.48395 4.39449 4.37455 4.35709 4.32392 4.30863 4.30757 7.1986 4.4936 4.25745 6.10817 5.28172 4.25118 6.24414 5.05768 4.03657 7.07741 4.90462 4.08988 4.03093 3.89402 4.59059 4.76518 3.74835 3.74347 3.74022 3.72199 3.6887 3.6698 3.66375
threshold=3.5000000000000004 1.5000000000000002 0 1 2 12.500000000000002 3 2846.5000000000005 4 5 6 7 8 9 10 11 12 13 796.50000000000011 14 3406.5000000000005 15 16 17 18 19 58.500000000000007 20 21 22 23 24 25 26 27 28 29 30 31 4220.0000000000009 32 21.500000000000004 33 34 35 36 37 38 39 40 41 42 43 44 45 46 47 48 49 50 51 52 53 54 55 56 57 0.30152791738510137 58 59 60 61 6.5000000000000009 62 63 64 65 405.50000000000006 383.50000000000006 66 67 68 69 70 0.041900776326656348 911.50000000000011 71 72 73 74 13.500000000000002 75 76 77 78 79 80 81 38.500000000000007 5.8960287570953378 82 83 6.5000000000000009 84 85 86 87 88 2518.5000000000005 89 90 4204.5000000000009 91 92 93 94 95 336.50000000000006 96 97 98 99 0.17350044101476672 5.2399094104766855 100 101
decision_type=2 2 9 9 9 2 9 2 9 9 9 9 9 9 9 9 9 9 2 9 2 9 9 9 9 9 2 9 9 9 9 9 9 9 9 9 9 9 9 2 9 2 9 9 9 9 9 9 9 9 9 9 9 9 9 9 9 9 9 9 9 9 9 9 9 9 9 2 9 9 9 9 2 9 9 9 9 2 2 9 9 9 9 9 2 2 9 9 9 9 2 9 9 9 9 9 9 9 2 2 9 9 2 9 9 9 9 9 2 9 9 2 9 9 9 9 9 2 9 9 9 9 2 2 9 9
left_child=1 3 -3 38 -4 6 -2 9 14 96 -11 63 -5 93 -9 -10 -14 30 20 -20 22 48 34 -8 -17 100 49 -28 -25 -30 98 32 -13 73 -19 -18 37 -37 -1 58 -21 42 125 120 45 -31 47 -46 -22 50 -27 52 -51 56 55 72 -48 95 59 -23 -43 62 -62 -12 -63 66 -38 69 -69 70 -67 -71 -55 -33 -60 -56 -49 78 80 -79 81 -53 -82 -80 -81 115 -87 88 -45 -89 -32 -91 -77 -6 -40 -26 -7 -52 -15 116 -24 -90 103 -57 -104 106 -73 -107 110 -110 -42 113 122 -59 -115 -72 -84 118 -118 -29 -44 -101 -113 -76 -34 -35
right_child=5 2 4 12 13 7 23 8 15 10 11 31 16 17 -16 24 35 18 19 40 21 39 25 28 57 26 27 119 29 44 90 33 124 41 -36 36 65 -39 94 -41 108 60 43 87 46 -47 53 76 -50 51 97 77 -54 54 75 102 -58 111 74 -61 61 64 -64 -65 -66 67 -68 68 -70 71 85 105 -74 -75 123 92 -78 79 83 84 82 -83 99 -85 -86 86 -88 89 101 91 -92 -93 -94 -95 -96 -97 -98 -99 -100 121 -102 -103 104 -105 -106 107 -108 -109 109 -111 -112 112 -114 114 -116 -117 117 -119 -120 -121 -122 -123 -124 -125 -126 -127
leaf_value=0.49277857340660741 0.19618042577375638 -0.27178927120951235 -0.39152457315969535 -0.33024229665260912 -0.073161993424817592 -0.11444232716193881 -0.25009857690014331 0.79304205822499363 -0.12389774976658388 0.44522081747385622 -0.31635384214822776 0.59404166996048569 0.23835167840517216 -0.047316609035427608 0.22025286024098795 -0.12993490950808281 -0.15762724519199925 -0.31555397254677975 -0.13548124886310572 0.27633876297933219 -0.19911506213332439 0.0063867267987129496 0.28680806767061606 0.20856520161745584 0.02439845945755259 0.018199508371184871 0.27708685035436359 0.12008865562176273 -0.17322754579301894 0.021404366194593207 -0.25673867482702573 0.32677307298216646 -0.31886961503949135 -0.4616324751288044 -0.13802374726972708 0.01012126689897066 -0.21506900973848292 -0.27048200012745921 0.50586452685098093 -0.32852844417855986 -0.21401753868288653 -0.15599687144851587 0.03849173823183865 -0.17881964401082051 0.077872173057828592 -0.16432015404153955 -0.16240979069670855 -0.28418763401036157 0.0044433941905381857 0.018984668619765978 -0.41019050091291898 -0.11709769672053626 -0.24502371312448662 -0.70474000940905968 -0.083678315335028772 0.072296611045167408 0.16977459835756883 0.12487882101907266 0.15559033384795626 0.25818868111110477 0.45198789616424773 -0.16961430667462471 0.097403484840828725 -0.049999233639384459 0.03465112120873675 -0.21367185110196549 0.043477642083524518 0.75938996790306745 0.048559744097315206 -0.042793188272868703 0.17059511283145246 -0.077007087974500982 0.20309483826147778 -0.013336375883828501 -0.087862838994512887 -0.11796802994769227 -0.079288386262785393 0.17685388740435926 0.35342005191749437 -0.13317892262812553 0.077713653833011168 0.16001471910686488 -0.24839880269268999 -0.39773643096676159 0.34633509487220809 -0.020538931933313555 0.47955444944152048 -0.2240899117907027 0.31051815233107 0.093401389223440309 -0.13582095347106762 -0.053177791034500294 0.0017772341481722576 0.22420483682540457 0.08434718021933732 0.41082553399330257 0.37423456120644361 -0.22262137360915801 0.2754200830995216 0.093967507509487194 0.021363144521579593 0.070805543182037051 0.11336724477465197 -0.21629536376319436 -0.004919172841306052 0.11281142788111556 0.23529986016836302 0.0014302337442993363 -0.025786183177944455 0.29025797269980058 0.061864309784036432 0.080496249213149018 0.042563024983542252 0.039819018379358702 -0.20908898862683831 -0.091593225433920997 -0.40093934937067033 0.25299213808143517 -0.025142083982616015 -0.11589396800588406 -0.41163738106392761 -0.14869654913086236 1.1375524219491291 0.075709172878335229 0.094723813856336755 -0.20153989060178717
leaf_weight=1019 2615 2649 1398 1191 361 299 1626 1989 2662 1410 1777 1349 1506 2333 4219 1949 1435 1932 1815 1078 1455 983 902 1267 1138 2152 1552 1333 1973 2300 3405 3978 344 958 5645 2917 1642 2014 234 360 1070 2093 350 1938 2727 3959 521 698 1815 1209 580 2170 3041 102 8607 1415 2448 7088 957 2161 2234 2170 6251 1378 8658 2982 2141 973 1888 5208 1028 976 3062 2462 1479 2405 10066 2270 115 2617 1735 2769 3773 1487 453 609 699 3096 1834 2727 2609 10045 30216 1373 2902 3198 2443 6677 234 1403 1295 4612 4964 1667 7236 2859 4012 7650 961 1694 2815 146 725 2600 1379 2509 605 376 1643 2142 1044 1878 468 1484 2681 1850
leaf_count=1019 2615 2649 1398 1191 361 299 1626 1989 2662 1410 1777 1349 1506 2333 4219 1949 1435 1932 1815 1078 1455 983 902 1267 1138 2152 1552 1333 1973 2300 3405 3978 344 958 5645 2917 1642 2014 234 360 1070 2093 350 1938 2727 3959 521 698 1815 1209 580 2170 3041 102 8607 1415 2448 7088 957 2161 2234 2170 6251 1378 8658 2982 2141 973 1888 5208 1028 976 3062 2462 1479 2405 10066 2270 115 2617 1735 2769 3773 1487 453 609 699 3096 1834 2727 2609 10045 30216 1373 2902 3198 2443 6677 234 1403 1295 4612 4964 1667 7236 2859 4012 7650 961 1694 2815 146 725 2600 1379 2509 605 376 1643 2142 1044 1878 468 1484 2681 1850
internal_value=-0.000290108 -0.00112859 -0.00200422 0.000431872 -0.00176786 0.000318743 -0.00054187 0.0011283 0.00300243 0.000368485 5.4407e-05 -0.000173092 -0.000105087 -0.00160207 0.00778385 0.00160792 0.000164894 -0.00177577 -0.00138195 0.00168027 -0.00184473 0.000981859 -0.0024288 -0.000761439 0.00245709 -0.00182746 -0.00216956 0.00223792 -0.000613594 -0.000743102 -0.00506926 0.000154901 0.00440237 -0.000175812 -0.00592461 -0.000137178 0.00013336 -0.00369358 0.00613445 0.0031208 0.00339539 -0.000627632 -0.00166936 -0.00100951 -0.000581896 -0.00372468 -0.000323072 -0.00232205 -0.00387195 -0.00276973 -0.00503769 -0.00199245 -0.0056338 0.000107736 -0.000115609 0.00148461 0.00458207 0.0032414 0.00386467 0.0071655 0.000756797 0.00131708 0.0033608 -0.0064613 -0.000286031 0.000670721 -0.00296599 0.00110977 0.00540021 0.000679938 -0.00166518 0.0015665 0.00582861 0.00331783 0.00119593 -0.000831757 -0.00360126 -0.00132595 -0.00211652 0.00132959 -0.00140656 0.00140432 -0.0026219 -0.0093633 -0.00204545 0.00120494 0.00642202 -0.000577034 0.00137003 -0.001606 -0.00713811 -0.000531998 -0.000262021 0.00642202 0.00359186 0.00651173 0.0078125 -0.00673593 -0.000213426 -0.00370562 0.00468962 0.00317534 0.000582004 -0.00275795 0.00142623 0.00255691 0.00496198 0.00141173 0.0020916 0.00517891 -1.287e-05 0.00209407 0.00728155 0.00146833 -0.00134119 -0.00072095 -0.00522901 -0.00223994 -0.00395907 -0.000760402 -0.00847578 -0.000746724 0.0150641 -0.000891356 0.00110379 -0.00766501
internal_weight=320053 134637 86243 48394 83594 185416 89874 95542 27561 67981 65239 63829 44239 82196 6208 21353 43048 80462 71881 9433 62448 10694 51754 87259 18691 44177 41980 5027 85633 84366 8581 60674 4374 56300 7577 41542 40107 4931 4155 7424 7618 49860 28454 25646 82393 6259 76134 13491 3270 36953 9409 27544 4250 62643 59674 18446 2969 16742 7064 3144 21406 19313 8485 3155 10828 35176 3783 31393 2861 28532 7827 20705 3164 6440 3920 41228 10764 23294 17954 5340 16352 4939 11413 1602 3070 4845 1308 24252 8384 15868 6014 12772 32621 1734 3136 4336 2742 7257 2567 9678 2197 6446 15282 3082 12200 15497 4988 10509 6540 2655 3885 12406 1339 11067 3979 3537 6397 2624 2248 3475 1394 3281 614 2963 3025 2808
internal_count=320053 134637 86243 48394 83594 185416 89874 95542 27561 67981 65239 63829 44239 82196 6208 21353 43048 80462 71881 9433 62448 10694 51754 87259 18691 44177 41980 5027 85633 84366 8581 60674 4374 56300 7577 41542 40107 4931 4155 7424 7618 49860 28454 25646 82393 6259 76134 13491 3270 36953 9409 27544 4250 62643 59674 18446 2969 16742 7064 3144 21406 19313 8485 3155 10828 35176 3783 31393 2861 28532 7827 20705 3164 6440 3920 41228 10764 23294 17954 5340 16352 4939 11413 1602 3070 4845 1308 24252 8384 15868 6014 12772 32621 1734 3136 4336 2742 7257 2567 9678 2197 6446 15282 3082 12200 15497 4988 10509 6540 2655 3885 12406 1339 11067 3979 3537 6397 2624 2248 3475 1394 3281 614 2963 3025 2808
cat_boundaries=0 11 22 34 46 56 67 78 89 99 110 120 131 143 154 166 177 188 200 211 223 234 245 257 268 280 291 302 313 324 335 345 356 367 379 390 401 412 423 434 445 456 468 479 490 502 513 525 536 547 558 569 580 590 602 614 626 637 648 659 670 681 692 703 714 726 738 750 762 774 786 796 807 818 829 840 851 862 870 880 891 901 912 923 934 944 955 967 977 988 998 1009 1020 1031 1042 1052 1063 1074 1085 1096 1106 1117 1128
cat_threshold=2164785408 0 513 142885120 1024 8388608 274432 2147483976 603979906 2686459916 268435456 134217985 134218404 2105344 134217728 301990048 16416 5243024 20 68157570 2147485704 4718592 34082816 544 0 16777472 33587296 49216 268443664 268468240 553648128 2147485696 1052192 80 2718564640 1107296256 1 537133312 9044992 128 4096 72 16842752 541075488 268440576 16 276824068 100663296 270532737 393216 1056896 1073747040 2181562368 16781313 24 1611661378 16777220 135267344 8704 1082130432 1073905864 1073745920 4096 262560 4258 136 136192 524545 134357120 532480 262400 33588288 33595392 2147614720 268435472 2166358016 36175872 1114112 65538 0 6291969 2097154 131232 1354760192 1149764104 4192 2048 1342185472 2164260864 2214592514 1073873168 8409088 1573120 8422400 1108344960 134226948 8704 32 138420240 2151694465 2261008 32769 524418 1073742856 9699328 1141112832 0 37781632 71303170 131072 0 8392704 402915745 33687560 6144 65536 35127488 2156924931 1073741833 512 16973828 41943040 262144 2113540 1140856896 66656 33554576 1738752 8388608 2098240 65536 33554432 32896 69664 25182336 2693791876 272670848 393216 8 33554432 8196 8455168 16 536870944 135266304 192 35160066 1073778696 69632 3222274048 33 4263936 268435458 25232448 4096 2097152 281030656 1610612736 537001984 134512896 302121024 267904 16778240 4194624 4 16 9502724 8390660 134221824 2097164 67108868 4259840 1048960 2148794369 137363472 131840 2155872256 25165828 9437312 134545440 1073743872 268435584 134217728 2155905028 257 1073741824 167907372 4718592 100663616 100671760 2146304 134480898 33689608 33554432 262144 256 541065856 2097280 1024 64 16793600 12582912 266240 35668100 2147487808 4423680 131840 786436 1076887552 1024 276825152 136318977 1075838976 14684162 2164260864 2249195520 8320 33685888 272761348 0 4718592 131072 16 65536 33554436 20800 134348808 8192 132128 34210400 1581056 134217728 1073750144 8454464 557184 0 1056768 536903681 33792 12582912 3221258244 268435584 268468224 2415927304 150999040 2115584 268435456 8917058 2053 3221225600 1073741824 1111621640 400 4096 2621588 131072 32 1048576 135266304 25493504 0 268447872 536936448 524352 2148007942 48 573838144 2415919104 16781504 2147483650 8486912 50872320 4 0 1284 2147879180 4260480 64 10240 64 279052544 4196352 16777218 34603016 67110912 1064 64 9046082 1075838976 134742016 524292 67108995 34111490 2359296 131072 2147483652 213248 786688 2147614721 67109888 541065264 2147485696 8388612 1024 4194560 2056 268435456 536872000 8912896 4849666 150994952 135659520 524544 150999168 67240720 0 134217728 33718336 1074790400 768 4718592 67108898 2097280 2151682624 0 2166390784 4194304 131074 1074790468 5120 2181563136 256 138477568 2752768 277942272 76562432 4200448 155189376 33554440 67108864 537002016 9961472 2156003328 1207959576 1746403328 0 16777220 272630016 131080 1342177280 135176 42598400 524288 2097152 524800 272630016 65604 2214726176 32 2097153 8484 1073742976 0 565248 1048576 134219776 138412033 134222176 135968 65536 33024 524288 704905216 272629824 8389712 38797312 2147483648 268435456 66 270532612 71336960 262400 0 268435456 0 4194320 5799938 135270408 131586 325 2147487744 134218246 640 33554432 3222282368 32768 528416 16777220 100663328 603982898 268435456 293601280 155193344 153157792 0 536870912 538116352 8388672 16812033 134218752 263232 2112 16777216 19924000 268435712 2097152 75497732 0 41943056 521 1073741826 37748800 2156011809 0 8523776 32 2182086784 67108864 32776 2216165984 131584 143656064 266242 2147483969 9437184 0 0 0 67108864 671096832 524288 14026752 134218768 1208221696 261 65538 1024 268451840 2852126729 4 805306368 35129216 9441292 1024 128 65796 8388610 33556480 262144 536870920 805308416 4194376 8388608 1083394 1048592 1184768 769 8 8388608 92274740 134217728 537002113 545261604 8 524800 1576962 3145760 5120 768 67108864 0 4198656 131076 67110912 66600 64 131072 142606346 537395265 64 67108864 69208116 32768 17825794 4160 12588096 768 2148040708 68157568 131072 1114112 8 276824192 0 896 167772168 1058816 536936448 1024 9451521 1109393411 1049856 4719104 2228224 2160070656 266242 9439240 536873024 65536 1536 1572864 9438209 4100 65600 24 0 0 4456448 0 536872960 134217736 0 131072 8 135266304 524352 0 1140852740 402653312 536870912 2147492224 134225928 576 8392705 1210056712 536871434 2147614720 8404996 16783360 134217984 2056 268445700 1610645504 64 1218560 17 1312064 2151677952 0 4096 4194304 33554432 268443648 0 34209856 655362 0 1073742912 4194308 2147614720 2099232 16640 9439232 1050624 262144 402653216 16786432 143660032 6176 32 0 0 16777344 33554432 0 8 1048640 8390656 24 262144 268451840 92275712 262144 0 2214600704 1049608 5242880 1048579 1073741825 134481536 277349376 8 9437184 528384 419430528 8 33554436 134366216 576 0 9 5505282 4194308 8 402653184 37749760 262210 3221225476 2214600704 66592 0 1572865 67108896 138544256 8392704 16 2215116800 1076888578 8388610 33554432 1073741824 70656 12304 1217024 65536 34079298 16908292 277872640 4194304 16777248 0 0 671088648 8388672 2151815170 1033 1074003968 261 9568260 16781312 134217984 1048580 12288 0 76547136 2048 4104 1610616832 268959745 268959876 8392704 419430401 578814084 0 139520 1141112832 9437216 33591304 536870914 2147614720 276824064 37748736 20979840 8 335550464 131168 9438400 8388608 10486800 4194560 268435713 2244608 6180 136314880 537921542 268443648 33685504 68157504 265221 1073745920 536876032 524288 1048576 33557504 419692672 8 67110912 197640 1048576 8388609 134222872 536871680 68 0 4096 128 0 268435456 8192 34210368 4327424 8 1074791424 4194372 271581184 2176 2 9568256 536873024 65536 202376768 1057792 136381441 4 65600 24 8388612 4 0 0 8196 4160 0 32770 1073741825 134348800 2048 8 1064960 4195456 268435744 2097156 268435456 134219040 0 34816 17 167905856 2152202245 64 335560836 37750784 16777216 2097156 8448 138412032 142606400 263168 8389640 1108344896 1 8 0 100669446 0 8650756 4096 196776 0 4589056 0 1049344 276828225 8 134217728 67108868 18874880 1048576 536875264 1073741952 134348800 4458080 67108864 525888 2424307777 8 131072 0 0 0 0 0 0 262144 134217736 1073741824 1048580 16781316 268697601 1048576 0 536870920 0 2048 150994953 1074135048 524288 67239936 2112 285212704 134348800 68167680 537007112 34603008 16777729 8389634 536871936 525312 1179648 23070720 402653216 3145730 0 268435584 3221356544 1572866 2097168 269877760 134283269 268959744 2214592644 16777216 2147485696 134217728 5275648 43122720 17307656 25165832 136314880 12582976 0 18874368 134239232 153354370 310378496 8389792 3221225984 269492736 2097152 1074401280 65536 134217733 138412032 8196 2418540672 33056 1081600 201326720 16778752 12583936 134222336 2164260864 9568256 0 0 131072 268435456 134348832 8388608 1 134217984 160 2105344 134217728 33554560 0 0 0 0 2147485696 65536 0 0 2056 335546368 134217736 0 13764608 1025 131072 256 26214400 0 0 134217732 2048 134217728 64 0 128 256 268435456 0 0 2097152 8196 1073758208 67108896 17301504 0 134218624 2148007936 1048576 4096 289406976 8 0 541065248 524416 2048 0 1310720 1 2097152 8388612 16777347 2148009988 8224 1081352 41943040 2048 25165824 35656962 12582912 268435461 2112 150994944 2147483652 268435456 134218816 201326656 8521728 134287368 1209401344 402669568 0 12582945 2147483648 0 134366496 5374272 135170 134217736 262400 524292 19005440 4195328 295328 18432 603980032 134316040 96 16814080 1073741824 4288 1344 8 276824064 0 16777216 2097152 67115008 134217760 0 0 134217736 1073872896 276824064 41943040 20971520 2097152 67115264 16480 0 16777472 143655937 1078069248 268435713 1064960 1128268804 136314880 136 268437504 131168 8388624 1179652 2097160 512 8388608 12587008 16384 131076 64 16392 4195328 4196352 1207959569 1073743360 2148008192 268435456 1024 4194336 33554432 268435456 0 0 0 1040 1209270528 8388928 1114112 16781312 138412032 2056 1409288192 134217728 0 2152728578 142606336 134480648 524544 269500416 16782336 4194304 128 268435456 537001984 8912896 2 1040 1209403392 524288 0 16779268 262145 4 0 671088648 0 1 1073741832 537265152 1179648 1024 268435712 2056 268435456 536871968 0 34816 1073741840 131840 524288 268435456 50335744 0 2113540 0 1056 64 2148007936 134217728 1048832 16777216 2099200 1077941248 268435456 34603009 2052 1073807368 5243904 20976648 8388609 1856 2164260868 269484032 0 16777504 0 8192 0 0 6144 1075838976 320 524800 0 50335744 4194304 4 0 65536 0 526336 135266314 1074790656 0 0 32 2147483648 256 0 9961472 0 671089672 131072 268435457 8388608 16781312 402653440 131072 0 671088680 0 0 0 256 4
is_linear=0
shrinkage=0.1


end of trees

feature_importances:
origin=1195
dest=1188
days_to_holiday=210
carrier_sched_day=207
day_of_week=134
carrier=103
crs_dep_min_of_day=92
sched_speed_mpm=87
dest_sched_arrs_hour=83
te_flight_delay=78
te_route_delay=76
origin_sched_deps_day=74
te_carrier_origin_delay=63
crs_elapsed_min=60
arr_hour=46
origin_sched_deps_hour=30
distance_mi=17
dep_hour=13
te_flight_cancel=9
te_route_cancel=6
te_carrier_origin_cancel=6
is_weekend=3

parameters:
[boosting: gbdt]
[objective: quantile]
[metric: quantile]
[tree_learner: serial]
[device_type: cpu]
[data_sample_strategy: bagging]
[data: ]
[valid: ]
[num_iterations: 500]
[learning_rate: 0.1]
[num_leaves: 127]
[num_threads: 8]
[seed: 42]
[deterministic: 0]
[force_col_wise: 0]
[force_row_wise: 0]
[histogram_pool_size: -1]
[max_depth: -1]
[min_data_in_leaf: 100]
[min_sum_hessian_in_leaf: 0.001]
[bagging_fraction: 0.8]
[pos_bagging_fraction: 1]
[neg_bagging_fraction: 1]
[bagging_freq: 1]
[bagging_seed: 400]
[bagging_by_query: 0]
[feature_fraction: 0.8]
[feature_fraction_bynode: 1]
[feature_fraction_seed: 30056]
[extra_trees: 0]
[extra_seed: 12879]
[early_stopping_round: 0]
[early_stopping_min_delta: 0]
[first_metric_only: 0]
[max_delta_step: 0]
[lambda_l1: 0]
[lambda_l2: 0]
[linear_lambda: 0]
[min_gain_to_split: 0]
[drop_rate: 0.1]
[max_drop: 50]
[skip_drop: 0.5]
[xgboost_dart_mode: 0]
[uniform_drop: 0]
[drop_seed: 17869]
[top_rate: 0.2]
[other_rate: 0.1]
[min_data_per_group: 100]
[max_cat_threshold: 32]
[cat_l2: 10]
[cat_smooth: 10]
[max_cat_to_onehot: 8]
[top_k: 20]
[monotone_constraints: ]
[monotone_constraints_method: basic]
[monotone_penalty: 0]
[feature_contri: ]
[forcedsplits_filename: ]
[refit_decay_rate: 0.9]
[cegb_tradeoff: 1]
[cegb_penalty_split: 0]
[cegb_penalty_feature_lazy: ]
[cegb_penalty_feature_coupled: ]
[path_smooth: 0]
[interaction_constraints: ]
[verbosity: -1]
[saved_feature_importance_type: 0]
[use_quantized_grad: 0]
[num_grad_quant_bins: 4]
[quant_train_renew_leaf: 0]
[stochastic_rounding: 1]
[linear_tree: 0]
[max_bin: 255]
[max_bin_by_feature: ]
[min_data_in_bin: 3]
[bin_construct_sample_cnt: 200000]
[data_random_seed: 175]
[is_enable_sparse: 1]
[enable_bundle: 1]
[use_missing: 1]
[zero_as_missing: 0]
[feature_pre_filter: 1]
[pre_partition: 0]
[two_round: 0]
[header: 0]
[label_column: ]
[weight_column: ]
[group_column: ]
[ignore_column: ]
[categorical_feature: 0,1,2]
[forcedbins_filename: ]
[precise_float_parser: 0]
[parser_config_file: ]
[objective_seed: 16083]
[num_class: 1]
[is_unbalance: 0]
[scale_pos_weight: 1]
[sigmoid: 1]
[boost_from_average: 1]
[reg_sqrt: 0]
[alpha: 0.5]
[fair_c: 1]
[poisson_max_delta_step: 0.7]
[tweedie_variance_power: 1.5]
[lambdarank_truncation_level: 30]
[lambdarank_norm: 1]
[label_gain: ]
[lambdarank_position_bias_regularization: 0]
[eval_at: ]
[multi_error_top_k: 1]
[auc_mu_weights: ]
[num_machines: 1]
[local_listen_port: 12400]
[time_out: 120]
[machine_list_filename: ]
[machines: ]
[gpu_platform_id: -1]
[gpu_device_id: -1]
[gpu_device_id_list: ]
[gpu_use_dp: 0]
[num_gpu: 1]

end of parameters

pandas_categorical:[["AA", "AS", "B6", "DL", "F9", "G4", "HA", "MQ", "NK", "OH", "OO", "UA", "WN", "YX"], ["ABE", "ABI", "ABQ", "ABR", "ABY", "ACK", "ACT", "ACV", "ACY", "ADK", "ADQ", "AEX", "AGS", "AKN", "ALB", "ALO", "AMA", "ANC", "APN", "ASE", "ATL", "ATW", "ATY", "AUS", "AVL", "AVP", "AZA", "AZO", "BDL", "BET", "BFF", "BFL", "BGM", "BGR", "BHM", "BIH", "BIL", "BIS", "BJI", "BLI", "BLV", "BMI", "BNA", "BOI", "BOS", "BPT", "BQK", "BQN", "BRD", "BRO", "BRW", "BTM", "BTR", "BTV", "BUF", "BUR", "BWI", "BZN", "CAE", "CAK", "CDC", "CDV", "CHA", "CHO", "CHS", "CID", "CIU", "CKB", "CLD", "CLE", "CLL", "CLT", "CMH", "CMI", "CMX", "COD", "COS", "COU", "CPR", "CRP", "CRW", "CSG", "CVG", "CWA", "CYS", "DAB", "DAL", "DAY", "DCA", "DDC", "DEC", "DEN", "DFW", "DHN", "DIK", "DLG", "DLH", "DRO", "DSM", "DTW", "DVL", "EAR", "EAU", "ECP", "EGE", "EKO", "ELM", "ELP", "ERI", "ESC", "EUG", "EVV", "EWN", "EWR", "EYW", "FAI", "FAR", "FAT", "FAY", "FCA", "FLG", "FLL", "FMN", "FNT", "FOD", "FSD", "FSM", "FWA", "GCC", "GCK", "GEG", "GFK", "GGG", "GJT", "GNV", "GPT", "GRB", "GRI", "GRK", "GRR", "GSO", "GSP", "GST", "GTF", "GTR", "GUC", "GUF", "GUM", "HDN", "HEZ", "HGR", "HHH", "HIB", "HLN", "HNL", "HOB", "HOU", "HPN", "HRL", "HSV", "HTS", "HYA", "HYS", "IAD", "IAG", "IAH", "ICT", "IDA", "ILM", "IMT", "IND", "INL", "ISP", "ITO", "JAC", "JAN", "JAX", "JFK", "JLN", "JMS", "JNU", "JST", "KOA", "KTN", "LAF", "LAN", "LAR", "LAS", "LAW", "LAX", "LBB", "LBE", "LBF", "LBL", "LCH", "LCK", "LEX", "LFT", "LGA", "LGB", "LIH", "LIT", "LNK", "LNS", "LRD", "LSE", "LWB", "LWS", "LYH", "MAF", "MBS", "MCI", "MCO", "MCW", "MDT", "MDW", "MEI", "MEM", "MFE", "MFR", "MGM", "MGW", "MHK", "MHT", "MIA", "MKE", "MLB", "MLI", "MLU", "MOB", "MOT", "MQT", "MRY", "MSN", "MSO", "MSP", "MSY", "MTJ", "MVY", "MYR", "OAJ", "OAK", "OGG", "OKC", "OMA", "OME", "ONT", "ORD", "ORF", "ORH", "OTH", "OTZ", "PAE", "PAH", "PBG", "PBI", "PDX", "PGD", "PHF", "PHL", "PHX", "PIA", "PIB", "PIE", "PIH", "PIR", "PIT", "PLN", "PNS", "PPG", "PQI", "PRC", "PSC", "PSE", "PSG", "PSM", "PSP", "PVD", "PVU", "PWM", "RAP", "RDD", "RDM", "RDU", "RFD", "RHI", "RIC", "RIW", "RKS", "RNO", "ROA", "ROC", "ROW", "RST", "RSW", "SAF", "SAN", "SAT", "SAV", "SBA", "SBN", "SBP", "SCC", "SCE", "SCK", "SDF", "SEA", "SFB", "SFO", "SGF", "SGU", "SHD", "SHR", "SHV", "SIT", "SJC", "SJT", "SJU", "SLC", "SLN", "SMF", "SMX", "SNA", "SPI", "SPN", "SPS", "SRQ", "STC", "STL", "STS", "STT", "STX", "SUN", "SUX", "SWF", "SWO", "SYR", "TLH", "TOL", "TPA", "TRI", "TTN", "TUL", "TUS", "TVC", "TWF", "TXK", "TYR", "TYS", "USA", "VCT", "VPS", "VRB", "WRG", "WYS", "XNA", "XWA", "YAK", "YUM"], ["ABE", "ABI", "ABQ", "ABR", "ABY", "ACK", "ACT", "ACV", "ACY", "ADK", "ADQ", "AEX", "AGS", "AKN", "ALB", "ALO", "AMA", "ANC", "APN", "ASE", "ATL", "ATW", "ATY", "AUS", "AVL", "AVP", "AZA", "AZO", "BDL", "BET", "BFF", "BFL", "BGM", "BGR", "BHM", "BIH", "BIL", "BIS", "BJI", "BLI", "BLV", "BMI", "BNA", "BOI", "BOS", "BPT", "BQK", "BQN", "BRD", "BRO", "BRW", "BTM", "BTR", "BTV", "BUF", "BUR", "BWI", "BZN", "CAE", "CAK", "CDC", "CDV", "CHA", "CHO", "CHS", "CID", "CIU", "CKB", "CLD", "CLE", "CLL", "CLT", "CMH", "CMI", "CMX", "COD", "COS", "COU", "CPR", "CRP", "CRW", "CSG", "CVG", "CWA", "CYS", "DAB", "DAL", "DAY", "DCA", "DDC", "DEC", "DEN", "DFW", "DHN", "DIK", "DLG", "DLH", "DRO", "DSM", "DTW", "DVL", "EAR", "EAU", "ECP", "EGE", "EKO", "ELM", "ELP", "ERI", "ESC", "EUG", "EVV", "EWN", "EWR", "EYW", "FAI", "FAR", "FAT", "FAY", "FCA", "FLG", "FLL", "FMN", "FNT", "FOD", "FSD", "FSM", "FWA", "GCC", "GCK", "GEG", "GFK", "GGG", "GJT", "GNV", "GPT", "GRB", "GRI", "GRK", "GRR", "GSO", "GSP", "GST", "GTF", "GTR", "GUC", "GUF", "GUM", "HDN", "HEZ", "HGR", "HHH", "HIB", "HLN", "HNL", "HOB", "HOU", "HPN", "HRL", "HSV", "HTS", "HYA", "HYS", "IAD", "IAG", "IAH", "ICT", "IDA", "ILM", "IMT", "IND", "INL", "ISP", "ITO", "JAC", "JAN", "JAX", "JFK", "JLN", "JMS", "JNU", "JST", "KOA", "KTN", "LAF", "LAN", "LAR", "LAS", "LAW", "LAX", "LBB", "LBE", "LBF", "LBL", "LCH", "LCK", "LEX", "LFT", "LGA", "LGB", "LIH", "LIT", "LNK", "LNS", "LRD", "LSE", "LWB", "LWS", "LYH", "MAF", "MBS", "MCI", "MCO", "MCW", "MDT", "MDW", "MEI", "MEM", "MFE", "MFR", "MGM", "MGW", "MHK", "MHT", "MIA", "MKE", "MLB", "MLI", "MLU", "MOB", "MOT", "MQT", "MRY", "MSN", "MSO", "MSP", "MSY", "MTJ", "MVY", "MYR", "OAJ", "OAK", "OGG", "OKC", "OMA", "OME", "ONT", "ORD", "ORF", "ORH", "OTH", "OTZ", "PAE", "PAH", "PBG", "PBI", "PDX", "PGD", "PHF", "PHL", "PHX", "PIA", "PIB", "PIE", "PIH", "PIR", "PIT", "PLN", "PNS", "PPG", "PQI", "PRC", "PSC", "PSE", "PSG", "PSM", "PSP", "PVD", "PVU", "PWM", "RAP", "RDD", "RDM", "RDU", "RFD", "RHI", "RIC", "RIW", "RKS", "RNO", "ROA", "ROC", "ROW", "RST", "RSW", "SAF", "SAN", "SAT", "SAV", "SBA", "SBN", "SBP", "SCC", "SCE", "SCK", "SDF", "SEA", "SFB", "SFO", "SGF", "SGU", "SHD", "SHR", "SHV", "SIT", "SJC", "SJT", "SJU", "SLC", "SLN", "SMF", "SMX", "SNA", "SPI", "SPN", "SPS", "SRQ", "STC", "STL", "STS", "STT", "STX", "SUN", "SUX", "SWF", "SWO", "SYR", "TLH", "TOL", "TPA", "TRI", "TTN", "TUL", "TUS", "TVC", "TWF", "TXK", "TYR", "TYS", "USA", "VCT", "VPS", "VRB", "WRG", "WYS", "XNA", "XWA", "YAK", "YUM"]]
