tree
version=v4
num_class=1
num_tree_per_iteration=1
label_index=0
max_feature_idx=21
objective=quantile
feature_names=carrier origin dest dep_hour arr_hour crs_dep_min_of_day day_of_week is_weekend days_to_holiday distance_mi crs_elapsed_min sched_speed_mpm origin_sched_deps_day origin_sched_deps_hour dest_sched_arrs_hour carrier_sched_day te_route_delay te_route_cancel te_carrier_origin_delay te_carrier_origin_cancel te_flight_delay te_flight_cancel
feature_infos=-1:12:3:0:10:11:13:7:1:9:2:4:8:5 -1:247:91:20:92:260:189:71:187:212:306:308:88:44:198:99:165:113:318:224:235:42:177:296:56:259:121:23:339:86:215:328:256:320:154:163:156:283:236:211:170:322:72:315:266:297:69:317:294:241:82:255:55:225:176:2:242:43:246:244:64:243:28:305:217:343:54:289:139:17:342:248:298:286:107:130:199:326:34:200:276:182:98:277:233:76:355:117:141:268:201:14:348:57:166:239:157:291:351:307:279:140:209:19:336:24:110:299:65:309:125:263:103:196:87:114:257:159:300:173:21:26:168:174:127:282:223:190:272:116:313:58:16:53:261:167:175:330:337:52:301:329:214:310:180:219:79:136:295:36:172:218:280:234:59:62:123:133:344:97:232:158:227:37:104:115:119:135:33:77:202:0:148:85:230:332:237:134:31:226:78:80:96:27:197:229:39:7:153:278:8:210:356:183:63:151:120:143:47:290:138:220:12:41:358:281:185:1:25:111:222:331:73:340:49:106:70:126:131:314:194:205:6:11:204:284:285:319:84:188:231:271:293:333:347:40:45:228:178:252:267:287:22:66:265:316:38:145:207:288:292:15:83:195:325 -1:247:91:20:92:260:189:71:187:212:306:308:88:44:198:99:113:165:318:224:235:42:177:296:259:56:121:23:339:215:86:256:328:154:163:320:283:156:170:236:322:211:315:72:297:266:69:294:317:241:255:82:55:225:176:242:246:244:64:43:2:217:243:305:28:289:343:139:54:286:248:298:17:130:326:342:34:107:276:200:199:277:98:182:268:355:233:141:14:76:117:239:348:166:57:201:140:157:291:209:307:24:351:279:336:196:114:159:19:103:87:263:65:300:110:309:299:125:116:21:26:173:168:257:127:282:174:261:190:313:175:272:53:330:223:16:214:329:301:234:104:219:136:167:58:344:337:36:133:97:59:180:280:115:310:62:172:123:218:232:119:37:158:52:295:227:202:0:33:79:332:77:31:80:134:226:135:39:237:148:85:230:7:8:78:197:278:12:185:25:47:111:290:143:183:229:63:356:73:41:210:1:281:27:138:96:222:126:151:358:70:120:145:204:220:252:49:274:83:231:131:6:40:106:340:11:153:228:316:319:74:137:293:29:285:331:347:147:5:66:155:188:195:284:178:194:60:124:129:205:292:314:353:357:51 [0:23] [0:23] [4:1439] [1:7] [0:1] [0:30] [31:5095] [25:688] [0.81707316637039185:28] [1:1099] [1:106] [1:114] [26:4425] [0.051267147064208984:0.48210859298706055] [0.00086271914187818766:0.12180260568857193] [0.055028028786182404:0.48762613534927368] [0.001141980872489512:0.097593173384666443] [0.044994276016950607:0.53988927602767944] [0.0020200682338327169:0.14772011339664459]
tree_sizes=10868 15231 15626 16256 15942 16772 14711 16256 16240 17589 14582 17027 16951 17083 14205 11707 17664 17169 11709 17804 17051 16909 17540 17243 17552 17964 14283 15821 15515 17103 17857 14207 17622 18147 15468 17110

Tree=0
num_leaves=127
num_cat=6
split_feature=10 0 12 15 16 15 11 10 15 5 20 11 10 10 11 10 8 11 12 10 10 13 11 10 10 11 11 10 20 11 10 18 12 16 0 16 18 8 16 10 11 15 4 10 5 0 18 14 0 5 11 8 9 8 19 18 10 11 15 21 10 11 5 16 11 16 10 20 15 16 10 11 12 20 11 0 19 16 10 11 11 10 10 11 9 5 11 6 18 12 10 20 11 10 5 11 20 5 10 8 18 12 0 18 11 11 11 10 11 11 9 15 10 11 8 15 10 11 14 12 10 11 19 14 11 18
split_gain=299.323 151.673 111.255 94.3853 61.6429 47.4714 37.6628 39.5437 33.8904 31.893 31.2631 24.9467 18.5274 18.2373 17.9214 16.7633 16.0933 14.9649 14.0522 14.6691 14.0216 13.807 13.7562 13.1854 12.0819 19.0102 15.1246 16.7808 11.9965 11.609 11.2705 10.4001 10.133 9.36473 8.74457 8.65365 8.60622 8.19534 7.61425 8.96175 7.25799 7.13019 7.09642 6.94537 6.88065 6.80337 6.63686 7.86317 6.28122 6.2081 6.13069 6.0791 5.97684 8.34277 5.93225 5.92216 5.46519 9.09713 7.35604 5.43385 5.32259 10.2661 5.27299 5.20935 5.13265 5.38188 5.38988 6.15671 4.97224 4.96116 4.94463 5.20735 4.90201 4.79348 4.74623 4.73763 4.73028 5.0252 4.6947 8.87292 4.67749 5.97794 4.58508 7.57421 4.72393 4.57885 4.57527 4.62949 4.54617 4.52942 4.5287 4.51765 4.53765 4.48717 4.39335 4.3865 4.30073 4.17969 4.1698 4.16399 4.15578 4.10605 4.06693 4.03152 3.98049 3.96167 3.95461 5.12363 5.5818 3.84874 3.87763 3.84014 3.79848 3.78494 4.22855 4.45043 3.77988 3.82035 3.77503 3.63122 3.87611 5.45615 3.62061 3.61063 3.56176 3.55934
threshold=165.50000000000003 0 315.50000000000006 2927.0000000000005 0.23884898424148562 3226.5000000000005 5.7375674247741708 319.50000000000006 2271.5000000000005 500.50000000000006 0.19876263290643695 5.9780216217041025 214.50000000000003 330.50000000000006 5.9223513603210458 94.500000000000014 29.500000000000004 4.8778200149536142 413.50000000000006 70.500000000000014 324.50000000000006 16.500000000000004 6.3741118907928476 93.500000000000014 113.50000000000001 4.897512912750245 3.6318813562393193 72.500000000000014 0.1764461547136307 5.198855161666871 209.50000000000003 0.18259111046791079 12.500000000000002 0.24521829932928088 1 0.16517195850610736 0.28511002659797674 8.5000000000000018 0.23041540384292605 117.50000000000001 6.1366288661956796 3217.5000000000005 19.500000000000004 209.50000000000003 520.50000000000011 2 0.12850634753704074 42.500000000000007 3 530.50000000000011 2.35339367389679 9.5000000000000018 1205.5000000000002 10.500000000000002 0.020411734469234947 0.19726283103227618 99.500000000000014 4.3343882560729989 2518.5000000000005 0.03065383713692427 108.50000000000001 4.897512912750245 815.50000000000011 0.18918618559837344 3.4023690223693852 0.26379947364330297 127.50000000000001 0.15509945154190066 394.50000000000006 0.12884555757045749 147.50000000000003 5.5841500759124765 12.500000000000002 0.11864368990063669 5.2687838077545175 4 0.022915700450539592 0.13734471052885058 129.50000000000003 5.4390890598297128 5.1516504287719735 109.50000000000001 234.50000000000003 6.7513968944549569 1893.0000000000002 780.50000000000011 5.6673412322998056 3.5000000000000004 0.12850634753704074 142.50000000000003 131.50000000000003 0.22216068208217624 4.6858057975769052 67.500000000000014 1265.5000000000002 3.0437171459198002 0.12573289871215823 440.50000000000006 131.50000000000003 5.5000000000000009 0.12076532095670701 435.50000000000006 5 0.19246146827936175 4.1336309909820566 4.9914894104003915 5.3825795650482187 119.50000000000001 3.6572751998901372 2.7212246656417851 296.50000000000006 739.50000000000011 91.500000000000014 6.1508562564849862 7.5000000000000009 2331.5000000000005 209.50000000000003 6.3741118907928476 68.500000000000014 10.500000000000002 134.50000000000003 5.0677330493927011 0.022683737799525264 69.500000000000014 5.5841500759124765 0.25234696269035345
decision_type=2 9 2 2 2 2 2 2 2 2 2 2 2 2 2 2 2 2 2 2 2 2 2 2 2 2 2 2 2 2 2 2 2 2 9 2 2 2 2 2 2 2 2 2 2 9 2 2 9 2 2 2 2 2 2 2 2 2 2 2 2 2 2 2 2 2 2 2 2 2 2 2 2 2 2 9 2 2 2 2 2 2 2 2 2 2 2 2 2 2 2 2 2 2 2 2 2 2 2 2 2 2 9 2 2 2 2 2 2 2 2 2 2 2 2 2 2 2 2 2 2 2 2 2 2 2
left_child=1 2 10 4 6 9 12 21 23 15 24 34 29 14 43 50 85 38 19 72 49 30 37 -4 26 64 27 -1 59 75 94 90 96 48 62 54 106 122 39 104 52 -16 100 74 -7 111 47 -27 88 -13 93 69 -23 -54 -32 103 -28 58 -58 -24 -50 -62 -6 -15 -26 66 -66 -68 -30 -42 -19 -72 -11 -47 -5 105 77 -21 -20 -80 81 -78 -53 84 -84 89 87 99 112 -14 -10 92 -77 -3 102 -90 -29 -45 -49 -36 -34 -85 -8 -33 -17 -2 107 108 -25 -102 -111 -31 -12 114 -37 -116 -43 -118 -101 -79 -121 -122 -9 -75 -99 -109
right_child=3 5 8 13 11 44 7 22 31 18 33 20 16 63 41 17 -18 70 78 76 -22 40 28 36 25 46 56 32 68 45 35 55 42 -35 86 113 -38 -39 -40 -41 51 116 -44 97 -46 73 -48 98 60 -51 -52 82 53 -55 -56 -57 57 -59 -60 -61 61 -63 -64 -65 65 -67 67 -69 -70 -71 71 -73 -74 123 -76 91 80 119 79 -81 -82 -83 83 101 -86 -87 -88 -89 95 -91 -92 -93 -94 -95 -96 -97 -98 124 -100 118 109 -103 -104 -105 -106 -107 -108 125 -110 110 -112 -113 -114 -115 115 -117 117 -119 -120 120 121 -123 -124 -125 -126 -127
leaf_value=-24 -25.5 -23.600000000000001 -23.800000000000001 -24.800000000000001 -24.379999628663064 -23.699999999999999 -24.399999999999999 -25.600000000000001 -23.800000000000001 -24.069999919086694 -24.19999997317791 -24.100000000000001 -24.519999974966048 -25.249999936670065 -23.899999999999999 -24.399999999999999 -26 -23.899999999999999 -23.5 -24.100000000000001 -24.600000000000001 -24.199999999999999 -25 -24.300000000000001 -25.459999978542328 -24.199999999999999 -23.899999999999999 -25.199999999999999 -23.800000000000001 -24.989999983459711 -24.699999999999999 -23.800000000000001 -24.5 -23.899999999999999 -24.5 -24.679999937117099 -23.800000000000001 -26.300000000000001 -24.100000000000001 -24.800000000000001 -24.699999999999999 -23.300000000000001 -24.800000000000001 -25.409999974817037 -23.399999999999999 -24.879999968409539 -24.199999999999999 -24.5 -24 -23.800000000000001 -23.699999999999999 -23.800000000000001 -24.399999999999999 -25 -25.199999999999999 -23.699999999999999 -24.199999999999999 -24 -24.729999945312738 -25.800000000000001 -24.5 -24 -23.899999999999999 -24.600000000000001 -24.5 -23.899999999999999 -25.019999894499779 -24.600000000000001 -24.699999999999999 -24.300000000000001 -24.399999999999999 -24 -23.199999999999999 -24.399999999999999 -24 -25.800000000000001 -23.899999999999999 -24.389999952167273 -24 -23.5 -23.800000000000001 -24.300000000000001 -24.5 -24.300000000000001 -25.099999968707561 -25.039999894797802 -24.300000000000001 -24.5 -24.699999999999999 -25.600000000000001 -24.199999999999999 -24.600000000000001 -24.800000000000001 -24.5 -24.849999972432851 -24.199999999999999 -24.899999999999999 -25.649999979883432 -25.300000000000001 -24.899999999999999 -24.5 -23.699999999999999 -24.100000000000001 -23.300000000000001 -24 -24.899999999999999 -24 -24.399999999999999 -24 -24 -24.399999999999999 -24.699999999999999 -24.800000000000001 -24.399999999999999 -24.529999966174366 -25.199999999999999 -24.100000000000001 -23.5 -24.199999999999999 -23.699999999999999 -24.199999999999999 -23.800000000000001 -24.899999999999999 -23.800000000000001 -24.339999927580358 -24.100000000000001
leaf_weight=2433 330 298 7245 422 2493 9129 2011 215 4124 544 181 3346 169 426 5822 613 193 3785 16468 1238 2994 1718 2787 1275 145 574 3353 165 380 112 1956 3090 535 10321 779 423 3838 457 1800 922 516 4262 523 170 31639 213 5124 195 5647 11666 3934 3015 1193 761 351 9042 1202 2469 368 141 2931 3300 2227 876 2176 220 709 920 4638 7385 843 1853 4360 3146 2848 170 3238 322 3246 6377 2950 2857 677 1085 211 707 3021 3164 549 715 1168 651 1148 400 186 3648 811 136 177 1388 931 1486 3737 8900 598 633 2253 3663 3477 1515 877 2287 209 3809 228 185 1426 3671 180 11989 1665 5283 307 268 487 834
leaf_count=2433 330 298 7245 422 2493 9129 2011 215 4124 544 181 3346 169 426 5822 613 193 3785 16468 1238 2994 1718 2787 1275 145 574 3353 165 380 112 1956 3090 535 10321 779 423 3838 457 1800 922 516 4262 523 170 31639 213 5124 195 5647 11666 3934 3015 1193 761 351 9042 1202 2469 368 141 2931 3300 2227 876 2176 220 709 920 4638 7385 843 1853 4360 3146 2848 170 3238 322 3246 6377 2950 2857 677 1085 211 707 3021 3164 549 715 1168 651 1148 400 186 3648 811 136 177 1388 931 1486 3737 8900 598 633 2253 3663 3477 1515 877 2287 209 3809 228 185 1426 3671 180 11989 1665 5283 307 268 487 834
internal_value=-24.0007 -23.9986 -24.0014 -24.0051 -24.0066 -23.9961 -24.0088 -24.0074 -23.998 -23.9976 -24.0046 -24.0031 -24.014 -23.9991 -23.9983 -24.0017 -24.0234 -24.0039 -23.9966 -23.9979 -24.0007 -24.0057 -24.0132 -24.0008 -24.0071 -24.0098 -24.0053 -24.0084 -24.0119 -24.0122 -24.0082 -23.9955 -24.0115 -24.0022 -24.0064 -24.0109 -24.0025 -24.0244 -24.0088 -24.0128 -24.0039 -23.9967 -24.0095 -24.0042 -23.9933 -24.0097 -24.0062 -24.0139 -24.0037 -23.9995 -23.9967 -24.0029 -24.0079 -24.0116 -24.0159 -23.9945 -24.0021 -24.0046 -24.0105 -24.0169 -24.0025 -24.0045 -24.003 -24.0105 -24.015 -24.0143 -24.0152 -24.0195 -24.0089 -24.0047 -24.001 -24.0042 -23.9928 -24.0069 -24.0021 -24.0174 -23.9987 -23.9979 -23.9948 -23.9966 -24.0006 -24.0022 -24.0006 -24.0031 -24.0111 -24.02 -24.0083 -24.0101 -24.0068 -24.0248 -23.9995 -24.0143 -24.0177 -24.0053 -24.005 -24.0059 -24.0207 -24.0126 -24.0252 -24.0134 -24.008 -24.0003 -24.0045 -23.9931 -24.0072 -24.0233 -24.0038 -24.0047 -24.0025 -24.0067 -24.0045 -24.0138 -24.0172 -24.0084 -24.0145 -24.0217 -23.995 -23.9968 -24.0164 -23.9975 -23.9973 -23.9992 -24.0159 -24.006 -24.0088 -24.0072
internal_weight=319872 217468 101117 102404 81858 116351 50600 39858 48909 75583 52208 31258 10742 20546 19244 15046 1784 10414 60537 34446 18006 30933 8925 22585 25422 10240 15182 7790 7946 8958 12886 26324 5357 26786 13252 6952 15340 979 3933 2133 18047 15181 4381 4063 40768 6026 6070 946 16465 15012 4632 14375 3672 1954 2307 21032 7392 4039 1570 2928 11878 6231 4720 1302 4170 4025 3805 1629 5018 7901 6481 2696 4904 3627 3270 2932 29542 20497 26091 9623 9045 6095 6474 3459 888 1591 8532 5511 4587 884 5292 1969 1318 698 5934 4197 976 793 372 2347 3858 2571 5748 11990 1211 963 11502 9249 4752 3323 2392 2399 390 4645 836 413 9359 5097 1568 19259 18937 6948 522 3414 623 4497
internal_count=319872 217468 101117 102404 81858 116351 50600 39858 48909 75583 52208 31258 10742 20546 19244 15046 1784 10414 60537 34446 18006 30933 8925 22585 25422 10240 15182 7790 7946 8958 12886 26324 5357 26786 13252 6952 15340 979 3933 2133 18047 15181 4381 4063 40768 6026 6070 946 16465 15012 4632 14375 3672 1954 2307 21032 7392 4039 1570 2928 11878 6231 4720 1302 4170 4025 3805 1629 5018 7901 6481 2696 4904 3627 3270 2932 29542 20497 26091 9623 9045 6095 6474 3459 888 1591 8532 5511 4587 884 5292 1969 1318 698 5934 4197 976 793 372 2347 3858 2571 5748 11990 1211 963 11502 9249 4752 3323 2392 2399 390 4645 836 413 9359 5097 1568 19259 18937 6948 522 3414 623 4497
cat_boundaries=0 1 2 3 4 5 6
cat_threshold=9788 6150 169 520 2572 13208
is_linear=0
shrinkage=1


Tree=1
num_leaves=127
num_cat=62
split_feature=15 2 1 1 9 1 2 20 2 1 9 1 1 1 1 1 1 5 1 9 1 1 1 2 8 1 9 9 12 5 11 1 2 1 1 1 2 8 1 11 2 8 14 1 0 9 2 2 2 20 2 15 2 20 8 2 1 1 20 2 1 19 2 5 1 11 2 2 8 2 9 5 20 8 20 6 1 0 8 11 2 8 11 15 1 11 1 0 5 1 11 5 2 0 8 6 4 8 20 20 15 11 1 11 2 1 4 13 8 2 12 21 2 1 11 20 20 2 6 4 0 6 5 20 15 2
split_gain=219.807 158.837 92.8534 55.3179 50.1453 43.2876 31.3622 28.4643 28.1634 20.0416 19.3257 16.3747 16.3244 15.9222 15.4277 14.5021 14.3301 16.2628 12.5473 12.5448 10.8975 10.3392 10.0964 9.93423 10.569 8.77763 8.29665 8.04485 7.91383 9.12065 7.77694 11.4228 8.78124 7.76016 7.57665 7.66867 7.54025 7.45248 7.19857 7.18271 7.06419 9.43718 6.8445 6.6878 6.67797 6.43725 6.38192 6.21681 6.09593 6.00918 5.99725 5.89958 6.08052 5.85053 5.76124 5.7061 6.90797 6.74683 5.60593 5.53841 5.5286 5.44271 5.33448 5.30882 5.19594 5.18279 5.07412 4.96719 4.91892 4.69755 4.61611 4.58779 4.41243 4.35071 4.33476 4.23421 4.86743 4.16823 4.13569 4.1262 4.10833 4.092 4.06971 3.9706 3.91474 4.80404 3.89612 3.86246 3.83259 4.40548 3.75599 3.75465 7.09781 3.84059 3.66825 3.65369 3.61613 3.60376 3.56557 3.51558 3.43453 3.39682 3.34594 3.33062 3.29999 3.27692 3.30299 3.22958 3.20636 3.1901 5.04502 3.53534 3.15329 3.14636 3.14146 3.56777 3.07005 3.00284 3.14073 2.96396 2.94472 2.93984 2.9304 2.91062 2.90738 3.59372
threshold=3212.5000000000005 0 1 2 802.50000000000011 3 4 0.20765263587236407 5 6 1967.0000000000002 7 8 9 10 11 12 525.50000000000011 13 842.50000000000011 14 15 16 17 9.5000000000000018 18 1967.0000000000002 2520.5000000000005 12.500000000000002 405.50000000000006 5.8960287570953378 19 20 21 22 23 24 29.500000000000004 25 5.3524198532104501 26 29.500000000000004 36.500000000000007 27 28 1197.5000000000002 29 30 31 0.078758534044027342 32 3894.5000000000005 33 0.23600538074970248 29.500000000000004 34 35 36 0.25038263201713568 37 38 0.0084281824529171007 39 835.50000000000011 40 6.2604577541351327 41 42 29.500000000000004 43 2085.0000000000005 610.50000000000011 0.15509945154190066 28.500000000000004 0.22854159027338031 2.5000000000000004 44 45 20.500000000000004 5.3524198532104501 46 29.500000000000004 5.8424928188323983 2096.5000000000005 47 5.8562686443328866 48 49 570.50000000000011 50 7.8490219116210946 1190.5000000000002 51 52 1.0000000180025095e-35 3.5000000000000004 18.500000000000004 29.500000000000004 0.29986435174942022 0.29623168706893926 2932.5000000000005 7.672677993774415 53 7.1971971988677987 54 55 22.500000000000004 76.500000000000014 5.5000000000000009 56 24.500000000000004 0.031511053442955024 57 58 5.6964731216430673 0.20995745807886126 0.15160860866308215 59 4.5000000000000009 10.500000000000002 60 4.5000000000000009 765.50000000000011 0.15509945154190066 2127.5000000000005 61
decision_type=2 9 9 9 2 9 9 2 9 9 2 9 9 9 9 9 9 2 9 2 9 9 9 9 2 9 2 2 2 2 2 9 9 9 9 9 9 2 9 2 9 2 2 9 9 2 9 9 9 2 9 2 9 2 2 9 9 9 2 9 9 2 9 2 9 2 9 9 2 9 2 2 2 2 2 2 9 9 2 2 9 2 2 2 9 2 9 9 2 9 2 2 9 9 2 2 2 2 2 2 2 2 9 2 9 9 2 2 2 9 2 2 9 9 2 2 2 9 2 2 9 2 2 2 2 9
left_child=1 3 19 28 6 40 15 10 9 37 12 46 -7 -9 59 -4 70 25 68 36 117 62 69 24 53 47 44 51 29 116 31 -11 -32 45 -17 83 107 43 90 99 77 42 63 -6 86 120 82 -18 54 -37 121 52 97 64 -21 56 81 -57 79 -8 -54 -59 -16 75 -24 -47 73 -23 78 -13 -2 80 -34 -27 96 76 -42 -5 87 -45 -64 -35 -10 -36 85 -41 -22 113 89 -46 100 93 -93 -73 -89 -81 -44 -19 -51 -25 -12 -28 -63 -72 -95 -69 -107 -3 112 111 122 -30 -33 -14 115 -26 -1 -15 -119 -109 -20 -43 -111 -77 125 -61
right_child=16 2 4 5 8 7 14 13 11 30 38 22 18 20 21 34 17 27 33 48 26 67 23 39 114 66 101 -29 109 -31 32 108 72 55 35 49 -38 -39 -40 84 41 50 74 58 88 65 -48 -49 -50 98 -52 -53 60 -55 -56 57 -58 61 -60 124 -62 102 71 -65 -66 -67 -68 105 -70 -71 103 91 -74 -75 -76 123 -78 -79 -80 95 -82 -83 -84 -85 -86 -87 -88 94 -90 -91 -92 92 -94 104 -96 -97 -98 -99 -100 -101 -102 -103 -104 -105 -106 106 -108 119 -110 110 -112 -113 -114 -115 -116 -117 -118 118 -120 -121 -122 -123 -124 -125 -126 -127
leaf_value=-1.7299999853968622 0.6399999999999999 0.25 -0.48000000000000009 -0.31000000000000016 -1.1503999981045732 0.12600005313754084 0.48000000000000009 0.31999999999999995 -0.2709999819844961 -0.15000000000000002 -0.96999999999999997 -0.13000000000000009 0.16999999999999993 -0.1209999898821115 0.36999999999999994 0.18000000000000008 -0.63000000000000012 0.13999999999999987 -0.11999999999999994 0.050000000000000003 -0.56599998062848778 0.16999999999999993 -1.2600000000000002 -0.61000000000000021 -0.69399999514222133 -0.069999999999999937 -0.63000000000000012 -0.90499998860061304 -0.40099998794496061 -0.75549998870491386 0.080000000000000071 -0.09899999566376208 -0.81199999168515213 -0.050000000000000003 -0.11000000000000015 -0.91000000000000014 0.63000000000000012 -1.4379999953508378 -0.40000000000000002 -0.74520000012515009 -0.46999999999999997 -1.8179999954998494 -0.43999999999999989 -1.2221999830335502 -0.36599998861551292 -0.70000000000000007 0.28000000000000008 -0.13000000000000009 0.3899999999999999 -0.21000000000000016 -0.46999999999999997 0.6399999999999999 -0.060000000000000143 -0.33000000000000007 -1.05 -0.13000000000000009 -0.2963999821305271 -0.13000000000000009 -0.3519999819993973 -0.11999999999999994 0.53999999999999992 -0.70099998064339175 0.10000000000000001 -0.62 -0.66000000000000014 -0.16999999999999993 0.26999999999999996 -0.58000000000000007 -0.77699999563395983 0.14200008004903783 -1.2609999983757725 -0.18799997061491017 -0.36999999999999994 -0.90000000000000002 -0.29179998682138431 -0.84099999435245987 -1.067400013199475 0.16999999999999993 0.019999999999999931 -0.8779999789595605 -0.18000000000000008 -0.50099999390542516 0.080000000000000071 0.15000000000000002 -0.019999999999999931 -0.11999999999999994 -0.11000000000000015 -1.0296000017017137 0.13999999999999987 0.010000000000000142 -0.30999999627470987 0.35000000000000003 -0.20000000000000001 0.10000000000000001 -0.49979999050205559 -0.53000000000000014 -0.94699997849762441 -0.46240000025033634 0.11999999999999994 0.090000027179696851 -0.39249998934567237 -0.019999999999999931 -0.39059999116656341 0.15500000379979617 0.35000000000000003 -0.089999999999999858 -0.51999999999999991 -0.36000000000000015 -0.90000000000000002 -0.55799999594688432 -0.83000000000000007 -1.25 -0.9119999898970127 -0.40799998998641984 -0.080000000000000071 -0.15000000000000002 -1.0679999908804894 -0.55599997758865372 -0.27599998220801358 0.20500001274049284 0.11999999999999994 -1.2299999946355822 -1.3439999675750736 -0.63000000000000012 0.36999999999999994 0.20000000000000001
leaf_weight=197 24116 2842 1548 1406 219 3567 4493 5221 1210 1759 1921 5338 319 680 3181 4179 640 3924 2070 3130 678 3012 332 1478 327 999 2165 137 810 836 4728 292 559 6410 5243 121 17274 313 1464 355 221 152 3141 234 765 584 6792 1227 6332 7041 310 13469 1007 1444 204 2148 9529 881 1209 1138 4341 1300 2105 1845 2273 1063 4374 331 294 5373 105 494 2539 106 1828 380 478 696 476 1413 2210 410 4989 5525 8652 739 7802 139 11646 1615 251 1103 1796 2679 3542 1984 482 297 1024 381 266 784 2339 256 6930 8259 385 202 865 273 2230 205 227 673 2800 329 103 1505 1195 172 3871 121 273 1314 11258 6835
leaf_count=197 24116 2842 1548 1406 219 3567 4493 5221 1210 1759 1921 5338 319 680 3181 4179 640 3924 2070 3130 678 3012 332 1478 327 999 2165 137 810 836 4728 292 559 6410 5243 121 17274 313 1464 355 221 152 3141 234 765 584 6792 1227 6332 7041 310 13469 1007 1444 204 2148 9529 881 1209 1138 4341 1300 2105 1845 2273 1063 4374 331 294 5373 105 494 2539 106 1828 380 478 696 476 1413 2210 410 4989 5525 8652 739 7802 139 11646 1615 251 1103 1796 2679 3542 1984 482 297 1024 381 266 784 2339 256 6930 8259 385 202 865 273 2230 205 227 673 2800 329 103 1505 1195 172 3871 121 273 1314 11258 6835
internal_value=9.03241e-05 -0.00110336 0.000724345 -0.00438177 -0.000359649 -0.00381549 0.0012585 -0.0029384 -0.00257248 -0.00610299 -0.00463336 -0.0012232 -0.00397198 -0.000773432 0.00256301 -0.00171277 0.00584349 0.00439258 -0.00460979 0.00575681 -0.00169353 0.00114633 -0.00251383 -0.00389121 -0.00672655 0.000294038 -0.000983703 0.00569364 -0.0146911 -0.0220423 -0.00364423 -0.00784919 -0.00196013 -0.00382002 -0.00108326 -0.00193314 0.00715959 -0.0111074 -0.011348 -0.00205338 -0.00930717 -0.0103949 -0.00966147 -0.0102016 -0.000330578 -0.00104238 0.0017391 -0.00561002 0.00278916 -0.00423865 -0.0227616 0.00583731 0.00393876 -0.0102025 -0.000675837 -0.00473488 -0.00372333 -0.00720575 -0.00936082 0.00450156 0.00617395 -0.00940397 0.00251024 -0.0126758 -0.0130326 -0.00657559 0.0023119 -0.00118613 -0.00903539 -5.50318e-05 0.00764773 0.00181624 -0.00608752 -0.00372197 -0.00731792 -0.0157835 -0.0223319 -0.0039678 -0.00833366 -0.011344 -0.00100811 -0.00128843 -0.000581414 -0.00017814 -0.000968602 -0.00657609 -0.00254417 -0.00923818 0.00100883 -0.00264706 -0.0146732 0.00275496 -0.000417385 0.00366525 -0.0107261 -0.0104592 -0.009321 0.00108958 -0.00391196 -0.00775148 -0.0160631 -0.00597152 -0.0111322 -0.00357341 0.00410542 -0.00236505 -0.0019829 0.00268444 -0.0146055 -0.012527 -0.0143001 -0.00746341 -0.00849711 -0.00357285 -0.00267361 -0.00890244 -0.037 -0.00702065 -0.00852398 -0.00604278 0.000489817 -0.0334629 -0.022967 -0.0130815 0.00375812 0.00229901
internal_weight=320071 265073 170199 94874 140043 89947 80890 77573 59153 16341 43517 42812 39615 34056 56209 24681 54998 30521 36048 30156 28835 32485 29821 19110 7505 7346 25455 23175 4927 1136 10969 3143 7826 30605 23133 18954 20490 5372 3902 11605 12374 10272 9689 5059 22506 7588 12991 1867 9666 8186 583 23038 9569 4049 3334 23017 16349 6668 4840 23724 5348 4520 20498 4238 2605 1647 5479 11987 5443 10711 24477 17317 3098 1105 5451 2393 699 2102 5149 3631 4315 6820 6199 10768 9746 1094 8480 4673 14026 2380 2438 13002 2899 10103 3681 3397 3623 4221 8065 1859 2187 2949 3639 361 9609 8975 8644 3216 1384 3791 2776 1015 519 992 3456 656 300 3380 2700 374 5941 273 546 1694 19231 7973
internal_count=320071 265073 170199 94874 140043 89947 80890 77573 59153 16341 43517 42812 39615 34056 56209 24681 54998 30521 36048 30156 28835 32485 29821 19110 7505 7346 25455 23175 4927 1136 10969 3143 7826 30605 23133 18954 20490 5372 3902 11605 12374 10272 9689 5059 22506 7588 12991 1867 9666 8186 583 23038 9569 4049 3334 23017 16349 6668 4840 23724 5348 4520 20498 4238 2605 1647 5479 11987 5443 10711 24477 17317 3098 1105 5451 2393 699 2102 5149 3631 4315 6820 6199 10768 9746 1094 8480 4673 14026 2380 2438 13002 2899 10103 3681 3397 3623 4221 8065 1859 2187 2949 3639 361 9609 8975 8644 3216 1384 3791 2776 1015 519 992 3456 656 300 3380 2700 374 5941 273 546 1694 19231 7973
cat_boundaries=0 12 24 35 47 59 70 82 93 105 117 128 139 150 161 172 183 194 206 216 227 238 249 260 272 283 293 301 312 313 324 335 347 357 368 379 390 401 412 423 434 446 457 468 479 489 490 501 513 524 525 536 547 548 558 569 580 588 599 610 620 621 632
cat_threshold=10092576 268435714 402654340 655360 134218240 538050592 0 133120 536870914 336855040 576 32 1048576 1073741824 272629760 0 2248147008 12853248 34056 2147746048 274727040 2148017152 131585 64 37752833 2315256368 8471040 0 2182119424 4341760 2147485072 32768 553648128 5 1024 17432576 77598720 18874400 2684485636 545263616 268435456 8421448 1048710 0 541196416 268435456 16 67178496 1140854820 8448 268435464 2415919232 8421376 512 8388612 33554440 1080165376 2151677952 10 0 134217732 34 537135232 335544324 138412032 4195088 266497 4194448 2097920 2151677957 268566528 16781312 16781472 671219712 2048 132104 71303680 1179651 8 135266816 527680 8 276971521 134217744 134483969 570425608 268435460 32 1048576 135168 1216352256 2097160 529408 2114 131200 4235334 1075841024 268438528 0 67244032 2151677968 32768 2416969736 8192 72 2148597762 139266 268468224 2113536 1342178336 0 655872 655376 33554432 270541314 2147484161 8 16908288 4194304 262272 33556616 268435460 1056 134217728 9572353 8392721 672137796 4197376 33570816 8388624 8388608 2129920 536911876 16384 8192 1152 93325312 1212155906 8388608 65536 4 138412160 16512 1342177280 134291456 131072 21630976 1082134545 672400448 261 132 16818178 0 9437187 192 8389824 402653184 526856 1073743400 0 4264192 268451840 1090519044 256 16777346 141448 1048832 0 16785408 12648456 2348814408 134225956 2147483648 150995972 150994947 19136512 12288 671154184 9437696 20973568 1207959552 1074006024 8388608 67109120 54558722 0 2291664896 536870912 81920 2151677952 13110273 18 536875584 16777216 2097156 16781440 20971520 0 2048 1032 41943104 8389120 65545 131072 1280 8 16384 50337792 32800 4 4 32776 0 1050626 1024 1073742080 0 1024 134217728 33570820 536870916 0 177209408 268963840 1140850688 262208 4194304 0 134217728 0 0 268435460 0 0 4097 144 768 2151677957 2156986368 0 1048576 294912 1073872936 98336 4194308 139264 2162167825 100676096 134742016 8388612 2214593538 66080 0 2304 65632 8913408 18350593 17 68420360 268959744 1 4 151257472 2684354573 32 167773192 208 8521728 66560 2101248 16777476 8 2112 8519680 73792 294912 1879180320 32768 268570688 12591144 1048608 1073741952 142606336 0 0 128 8 4 671088640 1048576 262145 1 1209270528 32 2 0 655360 0 131072 0 133120 268435456 0 4096 0 2048 0 67108864 131072 0 0 1088 9784 285212672 14684160 16781313 2097152 2147483648 69632 1573056 2151677952 2098185 134348864 285802752 8388608 16777216 0 0 335544320 0 0 16908288 16 135266304 524608 4096 8388640 8388608 17825792 603981824 134217864 256 2177138944 9437200 134232320 17825796 64 8388608 0 268435584 0 0 32 0 0 0 1048576 9437188 4 20971521 2097160 1342185472 671089664 128 8523776 134217744 134219522 2152202245 9961472 0 402653184 655360 512 537919488 0 133120 0 1048576 64 268435456 5242944 402653440 33570952 0 1610612744 32 8392705 202375168 0 131652 268451840 4195332 268701953 540928 4 256 34079232 16778240 335609856 1073741826 2155872257 2684354560 4194304 4227072 3072 8388676 167837696 41943168 20971520 8388752 536871850 8520708 16384 46139392 4128 0 10240 0 2147484224 2155874307 2097152 1073742088 2160066560 16793600 4195456 4099 1048576 537929728 1073741888 2148007936 1057152 151065632 2181562496 65536 0 0 0 0 0 131072 0 512 1 256 8388608 8 8388608 4096 16777216 0 268435456 0 0 655360 4112 768 2147483648 268435456 2149580800 12582944 35653760 8912900 264 33685504 1 207880321 532480 8454149 268435460 16781344 4352 2156937220 1073741824 1032 2282749952 2156921344 1209073672 64 8390912 131072 0 0 131076 4096 0 0 1048576 0 4194304 13338 268435456 33554432 4194304 580913153 4128 134217864 33554496 21009409 1140850704 266 268959748 2097152 1024 290 262144 2048 5120 33554944 2 16778272 0 67648 8 0 4196352 0 1310976 0 66560 0 4096 1075838977 3072 8388608 6292 0 1024 134217728 526344 4 134283264 38797312 2147483648 201326592 1074003968 4718848 268435456 11010048 8650784 41961472 12 134217864 1152 20972033 9437201 134217728 131328 16 0 1048576 134217856 33554568 0 536870912 32 1 0 256 268435584 11010048 0 2157971584 131080 128 33685696 2164295176 68157440 8194 268439813 0 0 8454144 4 8388608 1073741952 0 524290 67108864 4194304 64 32 0 402653184 0 0 131072 0 2048 0 0 0 0 0 134217728 0 0 16 256 4 4 0 0 2 192 0 0 524808 1073741824 0 4194304 0 0 134217728 0 0 536870912 0 0 2 262144 9745 33554432 2149580800 0 2150629508 0 256 4981808 524546 69207040 0 16842752
is_linear=0
shrinkage=0.1


Tree=2
num_leaves=127
num_cat=62
split_feature=10 1 15 15 2 2 1 10 1 11 1 1 1 2 8 1 1 10 1 1 8 2 11 10 1 11 10 1 2 2 11 2 1 15 2 1 2 1 12 1 11 8 5 13 1 10 2 1 2 1 2 1 11 5 11 1 8 2 2 16 4 11 10 11 10 1 1 1 8 2 16 1 10 11 1 1 1 1 11 10 5 16 1 2 21 2 10 2 10 11 4 2 1 5 10 2 11 2 11 1 1 2 8 10 4 11 1 16 2 2 16 10 8 5 6 5 10 11 2 2 5 6 1 1 10 5
split_gain=209.664 108.905 82.238 66.7198 60.0925 49.7366 35.9717 30.7821 29.1068 27.0197 26.77 19.0357 17.5935 17.4113 16.2265 17.1414 15.9447 15.0173 14.9535 14.4715 13.9638 13.8299 13.7531 11.7031 11.6871 11.5425 12.9234 12.2946 10.8782 10.6514 9.82207 9.90414 9.75725 9.70415 9.48034 9.25156 8.82951 8.35419 8.27059 8.08587 7.29278 7.04982 7.04905 6.85469 6.83762 6.55516 6.88587 6.3976 6.3463 5.7802 5.52738 5.52336 5.30533 5.29379 5.24014 7.17114 5.36437 5.21269 5.16565 5.03377 5.0232 4.84453 5.65186 4.8292 9.11067 12.8564 7.64765 6.3479 4.79452 4.75214 4.7325 4.45963 4.45267 6.29606 4.56872 4.40288 4.36664 4.30841 4.261 7.47849 4.24857 6.50426 4.22546 4.21945 4.19878 4.19712 4.28845 4.11425 4.08799 4.08331 4.03502 4.02094 3.89724 3.85945 3.83453 4.24157 4.54518 3.80864 3.77613 4.86792 4.34929 3.71911 4.51209 3.70653 3.68584 4.27275 3.84637 3.65285 3.65282 3.64024 3.63921 3.98685 3.63878 3.98543 3.62188 3.60874 3.56358 6.31494 3.73106 3.56345 3.5329 3.5146 3.48715 3.4858 4.06363 3.48123
threshold=165.50000000000003 0 3226.5000000000005 2846.5000000000005 1 2 3 88.500000000000014 4 4.4151742458343515 5 6 7 8 29.500000000000004 9 10 120.50000000000001 11 12 10.500000000000002 13 5.3825795650482187 120.50000000000001 14 5.6403467655181894 294.50000000000006 15 16 17 3.1347234249114995 18 19 2709.5000000000005 20 21 22 23 63.500000000000007 24 6.4743762016296396 1.5000000000000002 370.50000000000006 15.500000000000002 25 234.50000000000003 26 27 28 29 30 31 4.8600699901580819 540.50000000000011 6.6077253818511972 32 9.5000000000000018 33 34 0.21876636892557147 16.500000000000004 5.5211992263793954 215.50000000000003 4.9280288219451913 113.50000000000001 35 36 37 29.500000000000004 38 0.19233649969100955 39 70.500000000000014 3.3068745136260991 40 41 42 43 4.3127717971801767 108.50000000000001 1000.5000000000001 0.11759021878242494 44 45 0.026069035753607753 46 134.50000000000003 47 110.50000000000001 5.6964731216430673 9.5000000000000018 48 49 530.50000000000011 76.500000000000014 50 4.5530664920806894 51 3.0920295715332036 52 53 54 29.500000000000004 106.50000000000001 16.500000000000004 5.2687838077545175 55 0.14148534089326861 56 57 0.27796274423599249 317.50000000000006 23.500000000000004 1170.5000000000002 3.5000000000000004 360.50000000000006 72.500000000000014 1.9030017852783205 58 59 480.50000000000006 4.5000000000000009 60 61 146.50000000000003 440.50000000000006
decision_type=2 9 2 2 9 9 9 2 9 2 9 9 9 9 2 9 9 2 9 9 2 9 2 2 9 2 2 9 9 9 2 9 9 2 9 9 9 9 2 9 2 2 2 2 9 2 9 9 9 9 9 9 2 2 2 9 2 9 9 2 2 2 2 2 2 9 9 9 2 9 2 9 2 2 9 9 9 9 2 2 2 2 9 9 2 9 2 9 2 2 2 9 9 2 2 9 2 9 2 9 9 9 2 2 2 2 9 2 9 9 2 2 2 2 2 2 2 2 9 9 2 2 9 9 2 2
left_child=1 21 4 5 6 8 78 24 20 12 43 52 69 61 25 -16 101 77 -8 34 38 -1 28 30 42 50 27 109 76 112 39 -32 -20 48 110 -4 89 -30 -2 115 -40 49 -6 83 -17 87 -47 -24 -23 -34 -10 -33 -11 71 56 -56 -28 -49 -26 -18 -22 -5 82 64 67 -66 -65 -43 -48 -9 -64 -37 -69 74 -74 -60 93 -13 79 98 -75 -82 -63 -7 90 -39 -87 -38 -80 120 -46 -73 -85 -19 -50 96 -96 -45 100 -100 -3 102 -15 -83 105 -52 -107 -51 -55 -27 111 121 113 -25 -36 -14 -77 -118 122 -35 -21 125 -119 124 -54 -12
right_child=3 2 35 13 7 10 18 9 14 11 19 17 23 16 15 44 59 22 32 36 60 33 47 29 58 26 54 -29 37 -31 31 51 41 119 114 53 45 85 40 -41 -42 63 -44 97 84 46 68 57 94 107 104 -53 123 108 55 -57 -58 -59 75 -61 -62 62 70 66 65 -67 -68 72 -70 -71 -72 91 73 80 -76 116 -78 -79 88 -81 81 103 -84 92 -86 86 -88 -89 -90 -91 -92 -93 -94 -95 95 -97 -98 -99 99 -101 -102 -103 -104 -105 -106 106 -108 -109 -110 -111 -112 -113 -114 -115 -116 -117 117 118 -120 -121 -122 -123 -124 -125 -126 -127
leaf_value=0.76700000000000024 -1.2939959917089643 -1.3117449852355572 0.54300000000000004 -0.80989999934285883 -0.49185199170386823 -0.84797996967703204 0.13099999999999987 -0.22089998190850013 -1.3772799850475792 -0.73579999023675913 -0.85827998870134459 0.029700003452599072 -1.0013999798297881 -0.28625798291530419 0.04594000270277214 -1.9078999973610047 0.16585999693374073 -0.6221999867260456 -0.032269991639536776 -1.1126999944612455 -1.3778699946510791 -0.014299995012581347 -0.15129997005313639 -0.78195998297870006 0.51600000000000001 -0.64246998583778936 -0.76700000000000024 0.015100009433925346 -0.31969999163597818 -0.34899999999999987 0.14299999999999999 -0.31002000094979465 -0.19843999388724967 -0.023999985694885456 -0.30979999980921441 -0.26700000000000018 0.58090001817792658 0.21400000993907456 -0.79036000178694721 -0.68900000000000006 -0.21459999379217948 0.032400008469820045 -0.023799991980195143 -0.54299999810457722 -1.6703799923759697 0.10720002254843697 -0.31599997577071198 0.027820005832923007 0.50780000506341449 -0.68221600331472987 -0.96739998979866515 -0.10000000000000001 -0.45890998473838129 0.22599999999999981 -0.78656797142231538 -0.090000000000000219 -1.3913999909162522 0.27199999999999991 0.39100000000000001 0.48599999999999999 -1.0450599999391998 0.37586800191515679 -0.78028800212646265 0.1496400016701244 -0.80679999861121188 -0.3247599977368234 -0.24118598992201476 -0.0078000009030264276 -1.398399991631508 0.16299999999999992 -0.22431998512476597 0.27699999999999997 -1.0981799982133509 -0.080360001786947424 -0.48036000178694743 0.31700001328445526 -0.23900000000000007 0.31879999706149109 0.19603001564368494 -1.2528799752426154 -0.91899997925758381 -0.024400002008675127 -0.22799996981024742 -0.35215998840719642 -0.545499972127378 0.11999999999999994 -0.17959999395906928 0.049822005028814571 -0.55663999634742611 -0.20700000000000005 -1.0565999954342844 -0.11879998876154436 -0.83049999272078279 -0.40915999908536815 -0.21609999538213029 0.29800000000000004 0.16799999999999998 -0.30800000000000022 0.13099999999999987 -0.50599999999999989 -0.64993499392814846 0.071999999999999884 -1.0484999923780562 -0.62829999529510738 -0.36999998012185115 -0.7733000018328462 -0.14409999909251939 -0.44867999696314148 0.5259999999999998 -0.36419997936487197 -0.15520999093592094 -0.97883997983097926 -1.2122999864310042 -1.2290000000000001 -0.05800000000000019 -0.18799999527633182 -0.43399999257922173 -0.36000000000000015 0.2008000108003615 0.50599999999999989 -0.48800000000000027 -0.23989997367411364 0.048500014878809436 -0.13257994737893025 -0.91379996117949502 -0.43003998766896956
leaf_weight=12005 415 230 14084 442 379 1160 5151 1350 227 547 305 2318 145 2618 380 254 8514 263 6638 124 1368 3348 2234 842 3313 426 804 6332 1872 2554 3584 2340 803 641 3242 607 1110 3336 2476 1189 1016 2843 1795 1591 103 2523 3253 4619 3399 287 1142 5767 256 5727 2399 1569 382 11402 6165 7792 1099 1028 1063 2001 933 3535 3020 1327 217 5769 1303 1844 116 2310 1452 5816 1673 11573 246 515 161 391 1014 1135 216 3115 4055 15148 809 4674 384 1258 978 908 1034 10464 3058 3386 316 680 668 1705 166 120 1335 396 610 786 5872 3463 932 1479 131 110 4630 1586 416 438 7249 16649 499 1741 1998 924 157 1799
leaf_count=12005 415 230 14084 442 379 1160 5151 1350 227 547 305 2318 145 2618 380 254 8514 263 6638 124 1368 3348 2234 842 3313 426 804 6332 1872 2554 3584 2340 803 641 3242 607 1110 3336 2476 1189 1016 2843 1795 1591 103 2523 3253 4619 3399 287 1142 5767 256 5727 2399 1569 382 11402 6165 7792 1099 1028 1063 2001 933 3535 3020 1327 217 5769 1303 1844 116 2310 1452 5816 1673 11573 246 515 161 391 1014 1135 216 3115 4055 15148 809 4674 384 1258 978 908 1034 10464 3058 3386 316 680 668 1705 166 120 1335 396 610 786 5872 3463 932 1479 131 110 4630 1586 416 438 7249 16649 499 1741 1998 924 157 1799
internal_value=0.000261752 0.00201806 0.000785848 -0.00347016 -0.000240245 -0.00494617 -0.00379427 0.000989061 -0.00842125 -6.58006e-05 -0.00307874 0.00129985 -0.00271731 0.000945604 -0.00657204 -0.0172251 0.0022038 0.00169235 -0.00273993 -0.00204721 -0.0143264 0.00608165 0.000545748 -0.00436083 0.00384454 -0.00582918 -0.00462114 -0.00256237 -0.00167389 -0.0094391 -0.00309972 -0.00180395 -0.00369094 0.00515582 -0.00464846 0.00558723 -0.000711953 -0.000389086 -0.0106296 -0.00828767 -0.00904353 -0.00478975 -0.00318681 -0.00828087 -0.0242296 0.000162167 -0.00266478 0.0023966 0.00372858 -0.010629 -0.0108356 -0.0037366 -0.00853221 0.00387649 -0.00870392 -0.00696068 -0.0145363 0.00309463 0.00444598 0.00365653 -0.0202392 -0.00444444 -0.00345281 -0.00419078 -0.00519563 -0.0088675 -0.00155148 -0.00331422 -0.00554598 0.00149951 -0.00677937 0.000590456 -0.005186 -0.00668132 -0.0118112 0.00388919 -0.00723896 0.00445684 -0.01346 -0.0158198 -0.0039839 -0.0109821 0.000401567 -0.0118454 -0.0184712 0.000709396 -0.000654596 0.00120433 -0.00819905 -0.00437724 -0.0238809 0.00212725 -0.00902967 -0.0119306 0.00447259 0.00376889 0.00102877 -0.00595339 -0.0129145 -0.0086747 -0.0176169 -0.00306957 -0.00531854 -0.00545988 -0.00975379 -0.0123464 -0.00759443 -0.0153924 0.0049306 -0.00697871 -0.00755506 -0.00857626 -0.0177219 -0.0157353 -0.0023319 -0.00384262 0.00300559 0.00187209 0.00239029 0.00691729 -0.0119904 -0.00687906 -0.000997547 -0.00518325 -0.012695 -0.00962928
internal_weight=319883 217516 166918 102367 137526 76722 35338 102188 26796 74619 49926 49252 25367 25645 20422 1337 20795 47368 31874 41676 6374 50598 33477 18248 27569 19085 15375 10221 15222 3637 14611 11691 26723 38593 14128 29392 27548 12378 3907 2920 3492 20085 2174 8250 957 22251 5993 18255 21303 1876 3710 8107 1884 15308 5154 3968 1186 16021 25395 16306 2467 4850 4408 18209 13188 4468 5021 8720 3470 7119 2366 3709 5877 4550 1568 22082 2844 13891 3464 2409 2982 672 2042 3273 703 10506 7170 16258 1055 5297 487 3102 2113 1171 17955 14556 4092 4977 1894 996 898 4489 2784 511 3483 2148 1006 1073 11599 3889 6256 5324 1083 952 7872 1731 15917 10101 9685 17290 623 3845 2436 1337 413 2104
internal_count=319883 217516 166918 102367 137526 76722 35338 102188 26796 74619 49926 49252 25367 25645 20422 1337 20795 47368 31874 41676 6374 50598 33477 18248 27569 19085 15375 10221 15222 3637 14611 11691 26723 38593 14128 29392 27548 12378 3907 2920 3492 20085 2174 8250 957 22251 5993 18255 21303 1876 3710 8107 1884 15308 5154 3968 1186 16021 25395 16306 2467 4850 4408 18209 13188 4468 5021 8720 3470 7119 2366 3709 5877 4550 1568 22082 2844 13891 3464 2409 2982 672 2042 3273 703 10506 7170 16258 1055 5297 487 3102 2113 1171 17955 14556 4092 4977 1894 996 898 4489 2784 511 3483 2148 1006 1073 11599 3889 6256 5324 1083 952 7872 1731 15917 10101 9685 17290 623 3845 2436 1337 413 2104
cat_boundaries=0 12 24 36 48 59 70 81 91 102 113 123 135 147 158 169 180 191 202 213 224 236 247 258 269 281 290 301 312 323 334 346 357 367 378 389 400 411 422 433 443 451 463 473 485 496 505 517 529 540 551 562 571 581 591 602 612 623 634 645 656 667 677
cat_threshold=9439232 131072 272662528 0 335545344 4206592 37120 397328 272629777 806879744 513 64 1183904 1342177536 134218880 2228224 402653184 1052704 0 133120 570425346 1140859904 2147484160 42 9961472 0 276824192 264192 67108864 672269344 33554960 791040 160 1049088 2151678276 64 54530048 2284847152 8470528 0 9437184 1065088 134218768 1081602 553648128 131205 0 16 268959744 100670496 17043456 2147614984 1048580 147456 4194368 36864 6358016 138412544 8389632 131072 8388608 25166080 256 1050624 138428480 142606656 5128 66592 1209008384 276827392 2637828 1116766992 512 553648130 9576448 8437888 16 4194312 16842752 4096 135168 2164277249 2148532224 270464 2049 0 294920 34080432 9470368 136314880 2098304 8519680 0 129 0 67108864 4325408 2147483904 2147878912 0 134480384 8388672 0 0 0 0 67108864 671088640 0 4456448 16 1074790656 4 16388 37754880 17043841 0 67108868 4326440 832 17563650 143655936 393216 0 2 1048582 33572864 256 262176 339869704 2155880449 2183233698 33824768 0 8 0 16781316 163 8519680 2147491840 537003016 34079232 1310721 1048587 2 20971589 8 268435458 4195328 2097153 33554432 67108992 406922240 1116209536 2164523010 2097152 1352 524544 134250560 142606976 8462848 16384 536870912 303038464 786560 10 34670624 37752864 134217760 10633220 25165840 134217760 1048580 2048 134217760 67633152 1051648 8388617 1610612800 4259909 312492032 10489860 4194336 4 4 536871168 2148532352 2151682048 1114128 2147614976 21495809 0 0 268435712 0 2147491840 537001984 0 1 1073742872 1179904 268435456 16793600 37752864 8654880 0 10240 33554816 2156529152 8913601 134221824 256 196608 268517380 0 136323201 2097408 33685512 65544 34078720 1024 75497984 3221227810 8921152 268451840 16781312 17039648 131328 0 8 256 1050625 1048594 394496 592897 8 268435456 4 134480257 16520 1073741824 671154176 35127808 21495808 1084231688 134479936 524548 16908288 2098178 0 547880960 1054720 4194560 1048832 1179969 34668554 534592 4097 318767104 67108864 4099 2097156 0 536872192 8388608 1083394 1082130432 134348802 281542916 32768 138416128 8913152 134217740 256 1024 262208 16777216 8388608 131360 21037312 8 0 0 160 0 0 40 1048576 2048 8 0 33556480 257 33554432 524292 65536 128 4196352 1 1610874882 1024 0 134217892 10489891 135266304 2048 537003008 12583424 269484548 1141900288 2048 2147483972 1589248 137216 16777280 264458 537002496 128 131136 8448 4194336 1481641984 134283264 524288 54532096 288 393352 2048 536903936 9437184 16779268 135270400 1096 4194304 1048576 0 0 2048 0 134348800 0 0 128 0 0 64 4 88082432 142606593 132098 0 0 142606336 4196352 9442312 131074 276824064 131072 0 134217760 0 0 675282944 128 131073 17 1075052800 18874368 8392756 16777248 536871044 536870912 65792 16 2148536320 134283272 167776264 17367108 805306368 6291456 294945 134217984 545259520 65536 524448 1053824 151060480 131490 269091072 2097152 33557504 262176 537133056 32768 1610613824 0 516 1073746944 134217736 4352 2147483648 4200448 17039616 1441800 536905728 537001984 192 4194312 1032 0 260 0 58725440 32 2684878859 34848 1073741888 9437184 524804 4096 4160 2152730624 50331649 2147483648 8192 268435464 128 132096 4458000 524420 4104 4104 272630080 0 33556480 4128 4 4 32768 0 1050624 1024 1073872896 0 4 4096 0 4096 0 0 2048 268435458 16779264 262532 2099208 64 536936480 143655424 32897 8388616 134348808 8520000 8 256 16782336 134217760 18440 0 32 33554432 8390656 201326592 393344 335544320 0 8651040 131076 6144 65800 1107821056 557056 135266432 134348802 4718912 8 276824064 8388608 419430656 33685504 0 536875008 1048576 2147614723 134218752 1209008386 1 0 4096 0 8 4 8 1048576 2147485697 25 2147483652 2148009984 2 33572864 2155905152 8388680 134217728 9471040 1224740865 33554498 0 16 2113664 16810000 0 256 8192 16384 4194304 0 1073745920 536876032 16843776 8 16384 4199424 134217984 33554560 0 134283264 2190999744 1054720 134217744 1280 8913153 131072 0 16777472 256 2048 134217728 0 5120 1024 0 8389888 10557440 0 134217856 19922944 1073745920 1073741856 134221824 8916992 1073741824 264192 269484544 0 5248 150994976 131072 0 4194312 524288 2 24 0 0 65536 0 0 16512 1024 1048578 16777216 1 4194304 1048576 0 0 9437184 0 0 0 553648128 1 1048576 16781312 289406976 33554440 268435456 671088640 192 1 16 537919488 524288 1048576 16777216 160 33554432 0 8 0 2148007936 0 262144 4 25165828 4194305 35651584 268443648 671121408 2156920960 2156005376 2101248 1207959554 2152202305 0 0 128 0 0 1024 528 0 0 0 320 10551296 192943104 4800512 536920072 36 16384 0 512 67108864 2287468552 4100 0 2147487744 0 2359296 4 131072 131072 0 8388608 262144 65536 0 0 0 0 256 1207959552 131072 2048 0 1073752064 16777220 2621440 1081616 512 2 131072 32768 0 8 16777216 4096
is_linear=0
shrinkage=0.1


Tree=3
num_leaves=127
num_cat=68
split_feature=10 1 15 15 1 2 2 1 1 20 1 2 1 2 10 11 1 1 2 11 2 1 11 5 20 1 10 2 11 15 2 2 11 1 2 1 14 5 1 10 2 2 1 2 2 4 1 6 1 10 11 1 1 10 2 2 1 2 11 2 1 1 15 1 10 11 1 1 20 20 2 10 1 2 11 11 18 5 2 11 1 1 16 1 2 2 11 2 19 11 15 5 1 11 18 11 20 10 5 1 5 2 1 1 2 2 6 2 2 2 11 1 10 11 5 6 2 2 10 11 2 2 4 10 13 2
split_gain=177.722 88.5147 78.7402 55.9128 51.0742 38.3946 34.2654 25.2707 21.8032 19.2052 19.5672 18.0983 17.1253 14.3288 14.1424 15.0681 13.908 12.0849 10.649 10.4904 10.358 9.8706 9.77505 9.63333 9.35063 8.44353 8.08003 8.38149 8.59735 8.05431 8.00482 7.96583 7.63146 7.07621 6.98883 6.68298 6.48786 6.47006 6.36276 6.36191 8.19421 6.16774 5.95766 5.91362 5.88382 5.81059 5.65734 5.63871 5.54214 5.53535 6.28995 5.4784 5.39715 5.34717 5.29344 5.11459 4.93319 5.18759 4.90847 6.51744 4.88476 4.74678 4.71938 4.4675 4.44993 4.6925 4.43858 4.33494 4.2615 4.21248 4.18478 4.12949 4.27691 4.12835 4.1281 4.08376 4.02194 4.3863 3.98262 3.96096 3.93102 3.92884 3.82285 3.81564 3.80812 3.77812 3.77234 6.59668 3.73715 3.72979 3.696 3.7633 4.49748 3.6806 3.61391 4.86987 3.58504 4.96191 3.5743 3.56349 3.5485 5.42678 3.52882 3.50762 3.43061 3.41259 3.41048 3.40464 3.30568 3.30274 3.23541 5.18042 3.23162 3.18707 3.17005 3.15885 3.13102 3.12446 3.11995 4.60924 5.56235 4.00366 3.04955 3.54416 3.02161 2.99904
threshold=165.50000000000003 0 3226.5000000000005 2853.0000000000005 1 2 3 4 5 0.23254069685935977 6 7 8 9 92.500000000000014 3.6572751998901372 10 11 12 5.2118146419525155 13 14 2.9095455408096318 635.50000000000011 0.17892652750015262 15 126.50000000000001 16 4.80816674232483 2687.5000000000005 17 18 6.491549253463746 19 20 21 79.500000000000014 620.50000000000011 22 127.50000000000001 23 24 25 26 27 12.500000000000002 28 4.5000000000000009 29 317.50000000000006 5.7467899322509775 30 31 100.50000000000001 32 33 34 35 6.5257883071899423 36 37 38 2922.5000000000005 39 257.50000000000006 5.0077221393585214 40 41 0.24446880072355273 0.14228672534227374 42 117.50000000000001 43 44 5.6964731216430673 4.6858057975769052 0.20960610359907153 850.50000000000011 45 4.7530529499053964 46 47 0.21048306673765185 48 49 50 4.4939017295837411 51 0.01382176671177149 5.5075001716613778 602.50000000000011 365.50000000000006 52 4.532315969467164 0.13823312520980838 5.8960287570953378 0.17770560085773471 68.500000000000014 605.50000000000011 53 1065.5000000000002 54 55 56 57 58 6.5000000000000009 59 60 61 5.8287789821624765 62 84.500000000000014 4.0771710872650155 300.50000000000006 4.5000000000000009 63 64 96.500000000000014 4.7378976345062265 65 66 15.500000000000002 135.50000000000003 4.5000000000000009 67
decision_type=2 9 2 2 9 9 9 9 9 2 9 9 9 9 2 2 9 9 9 2 9 9 2 2 2 9 2 9 2 2 9 9 2 9 9 9 2 2 9 2 9 9 9 9 9 2 9 2 9 2 2 9 9 2 9 9 9 9 2 9 9 9 2 9 2 2 9 9 2 2 9 2 9 9 2 2 2 2 9 2 9 9 2 9 9 9 2 9 2 2 2 2 9 2 2 2 2 2 2 9 2 9 9 9 9 9 2 9 9 9 2 9 2 2 2 2 9 9 2 2 9 9 2 2 2 9
left_child=1 18 4 5 13 8 12 36 32 10 31 48 71 122 22 21 45 -11 -1 52 49 -16 35 30 56 -4 34 28 99 39 -15 106 47 -22 67 112 82 43 107 44 93 66 -23 -27 -20 109 -26 64 89 50 98 -29 68 84 -34 -55 124 -58 59 -18 -24 -45 100 -64 65 -2 -19 -17 -10 -51 -50 72 -6 -39 -66 -73 77 88 -31 -42 -30 -36 -8 -59 -25 -48 87 -57 -49 -5 -37 -92 96 -41 95 -77 97 -93 -12 -28 103 -102 -61 -40 -82 -35 114 -14 -47 -13 111 -53 -9 -69 -7 -105 -43 -88 -32 120 -120 -121 123 -3 -21 -60
right_child=3 2 25 11 6 9 7 14 19 17 20 16 38 23 15 26 58 41 29 24 33 42 60 53 46 37 27 51 80 78 118 -33 54 105 81 90 -38 73 62 40 79 116 -44 61 -46 108 85 76 70 69 -52 110 -54 55 -56 86 57 83 125 102 -62 -63 63 -65 74 -67 -68 113 -70 -71 -72 75 -74 -75 -76 94 -78 -79 -80 -81 104 -83 -84 -85 -86 -87 117 -89 -90 -91 91 92 -94 -95 -96 -97 -98 -99 -100 -101 101 -103 -104 115 -106 -107 -108 -109 -110 -111 -112 -113 -114 -115 -116 -117 -118 -119 119 121 -122 -123 -124 -125 -126 -127
leaf_value=0.69030000000000025 -1.127482399671268 -0.11880639290900741 0.52169999999999994 -0.86090999800786383 -0.14209998153781969 -1.2532020030322972 -0.82997719000684533 0.24291999891996419 -1.1310399912431812 0.21701779949711836 -0.85964740543946006 -0.56606741189241727 -0.48938648679851982 -0.18992999704703678 -0.059100000000000111 -0.17409999999999998 0.42348000126896856 -0.16377831312674979 0.081600004029273962 -1.3341853836359054 -0.33066699872228522 -0.35099999999999981 -0.080559998898734123 0.58114800150406232 -0.4180359852301605 0.25529999999999975 -0.30949999814936974 0.16411598743671299 -0.36291399965039184 0.2573999999999998 0.26746205065915957 -0.3372 -0.98837622747460152 0.27957512915401422 -0.014757198916777665 -0.61501999817431507 0.0013829951420825449 0.1533999999999999 -0.11734199234209319 -0.80656999277755781 -0.27518499515488709 0.30525599823834559 -0.7323967749014737 0.22369600207322649 0.37060002673864384 -0.36147418861183894 -0.46885990108906345 -0.50100519144393807 -0.98089207520050614 -1.3078759998103375 -0.23729998454749579 -0.048318383220556343 -0.73371015918173033 0.41653601060950313 -0.45704398838075583 0.22750002063512798 -0.30929498821631052 0.0301120095132585 0.26941400030662593 0.12839999748170358 0.26891999891996399 -0.21129999999999996 -0.24037119805348539 0.18491722054694504 -1.8643867607372773 -0.81282810055219967 -0.46559108737872618 -0.16320718326822314 -0.66211998627454138 -0.64590999523863513 -0.36811039493275272 -1.223240394848597 -0.50145594829417506 0.47339999999999982 -1.5098333786851725 -1.0239445581790159 -0.67108218106879169 -0.65749519625762631 0.52539999999999976 0.24182001304626444 0.10261400123036712 0.21208501336441843 -0.43842579293522504 -0.92434320285776872 0.30996600245141359 -0.024343202857768278 0.026900016437471103 -0.31164997520563603 -1.3058883946216382 0.032513197872823342 -0.34908000108003601 -0.04063999159403428 0.021994008218109096 -0.19975399272179525 -0.3622459865268477 -0.070335999918222508 -0.18290099389564951 -0.83785399454963061 -0.4681381509040321 -0.70372180108280202 -0.093321728274289417 -0.72710000207424175 -0.24694598425905198 -0.36925838457230997 -0.19178200058329226 -0.063987720608736309 -0.36689298552348987 0.016027004689304302 0.16573548763126864 -0.15663859533556249 0.084900003667175691 -0.32223199522939311 -0.15849999437332149 0.12934001607000833 -0.76661637945252403 -0.22456086972984518 -0.10738999116346244 0.24713522453131273 0.18704080273070409 -0.026999990017712073 -0.31271700011181397 0.27168000443788587 -0.020195991086603277 -0.46020600063928302 -0.68651169315550575 0.61800290561541515
leaf_weight=10407 327 1607 13841 135 541 142 1355 3245 411 7872 408 922 386 2832 2229 3507 3143 3137 2705 110 5348 1896 1102 2972 3919 2467 739 4126 812 4428 3002 2922 235 1687 2562 109 600 3342 3006 121 506 1349 1303 1043 8973 800 1458 107 607 208 5186 5250 1025 3489 1650 1732 3066 229 4644 2382 10601 1690 1028 1250 210 1550 3106 888 238 862 1959 172 1558 7771 555 237 1436 254 12913 4609 1899 8222 1173 1320 10543 5222 3678 1494 209 1822 515 116 3044 1039 480 101 596 119 632 1150 680 1116 2068 3582 1670 9057 598 3709 2095 710 2462 2675 945 3269 3782 2589 6590 10783 899 2311 1576 2780 2564 749 780 3866
leaf_count=10407 327 1607 13841 135 541 142 1355 3245 411 7872 408 922 386 2832 2229 3507 3143 3137 2705 110 5348 1896 1102 2972 3919 2467 739 4126 812 4428 3002 2922 235 1687 2562 109 600 3342 3006 121 506 1349 1303 1043 8973 800 1458 107 607 208 5186 5250 1025 3489 1650 1732 3066 229 4644 2382 10601 1690 1028 1250 210 1550 3106 888 238 862 1959 172 1558 7771 555 237 1436 254 12913 4609 1899 8222 1173 1320 10543 5222 3678 1494 209 1822 515 116 3044 1039 480 101 596 119 632 1150 680 1116 2068 3582 1670 9057 598 3709 2095 710 2462 2675 945 3269 3782 2589 6590 10783 899 2311 1576 2780 2564 749 780 3866
internal_value=0.000416159 0.00203329 0.000992439 -0.00302003 4.58996e-06 -0.00435418 -0.00146416 -0.000387305 -0.00764319 -0.00284029 -0.00445252 0.00107462 -0.00505503 0.00245959 3.55055e-05 -0.000960836 0.00233043 -0.000587648 0.00594408 -0.00581965 -0.00302675 -0.00589904 0.00221754 0.00298559 -0.00503974 0.00563242 -0.000277586 -0.0016297 -0.00468153 0.00511104 0.000708956 -0.00891602 -0.012589 -0.00160725 0.00124566 -0.000323397 -0.00915233 0.00408197 -0.00382807 0.00362781 0.00105976 -0.00233089 -0.00944531 0.00117308 0.00500771 -0.00256337 -0.00330314 -0.0147849 -0.00464814 -0.00615111 -0.00501767 -0.000307787 -0.0133572 0.00386584 -0.00724138 0.00287401 -0.00838329 -0.00701622 0.00370694 0.00186092 0.00410408 -0.00203062 -0.0048933 -0.000755048 -0.0178198 -0.0151998 -0.00468095 -0.00106333 -0.0205008 -0.0128037 -0.00770186 -0.0119103 -0.00943783 0.00544677 -0.0242484 -0.0172727 -0.0107876 -0.0178947 0.00664956 0.00278049 -0.00225748 0.00288494 -0.0114003 -0.0117447 0.0054199 -0.00152466 0.00217947 -0.000911345 -0.0257595 -0.000625317 -0.00299623 -0.00255125 -0.00148387 -0.00649573 -0.0143276 -0.0222485 -0.00795482 -0.0185106 -0.0121154 -0.0103282 -0.00575686 -0.00982183 -0.000605381 -0.00496132 -0.000813076 -0.000126464 -0.0115578 -0.000377588 0.000120898 -0.00734069 -0.00153217 -0.00251735 0.00254762 0.00112071 -0.0126555 -0.00632422 -0.000479305 0.00287048 0.00197391 0.000893471 -0.00264646 0.00261442 -0.00267748 -0.00528014 -0.0152222 0.0053584
internal_weight=319830 217480 171779 102350 141625 77197 88614 68179 24311 52886 30832 25153 20435 53011 65051 44659 20630 22054 45701 17778 23388 5428 20392 48091 16104 30154 39231 20783 6270 35294 13400 7444 6533 16092 18448 8689 3128 16313 17346 17953 6275 14182 3199 5200 11678 4527 10599 4648 4523 7296 6226 14513 1674 34691 1885 21176 5505 4615 16103 7593 11703 2733 13251 2278 2642 1877 6243 7664 649 1070 2566 3089 2099 11113 765 990 2006 570 17341 5115 4381 10784 2528 1549 13515 6680 17687 3226 316 1957 4499 4390 3875 1160 818 338 831 235 1040 1889 10973 1796 4450 9177 3569 10744 4522 4095 2895 1632 10387 7925 4190 4157 3924 6171 7939 14461 10568 7566 2475 5091 4920 2356 890 8510
internal_count=319830 217480 171779 102350 141625 77197 88614 68179 24311 52886 30832 25153 20435 53011 65051 44659 20630 22054 45701 17778 23388 5428 20392 48091 16104 30154 39231 20783 6270 35294 13400 7444 6533 16092 18448 8689 3128 16313 17346 17953 6275 14182 3199 5200 11678 4527 10599 4648 4523 7296 6226 14513 1674 34691 1885 21176 5505 4615 16103 7593 11703 2733 13251 2278 2642 1877 6243 7664 649 1070 2566 3089 2099 11113 765 990 2006 570 17341 5115 4381 10784 2528 1549 13515 6680 17687 3226 316 1957 4499 4390 3875 1160 818 338 831 235 1040 1889 10973 1796 4450 9177 3569 10744 4522 4095 2895 1632 10387 7925 4190 4157 3924 6171 7939 14461 10568 7566 2475 5091 4920 2356 890 8510
cat_boundaries=0 12 23 35 47 58 69 81 92 104 116 127 138 149 160 171 182 194 205 215 226 237 248 260 271 282 293 304 315 326 336 348 358 363 374 383 395 406 417 428 439 451 462 472 484 495 507 518 530 541 552 563 574 585 596 604 615 626 637 648 659 669 680 691 702 713 724 735 746
cat_threshold=9439234 131072 272629824 0 1409287168 4206592 135424 393232 272629777 805831168 1 64 2147549184 2 134250624 35653640 0 327720 68190248 2155876353 2097280 2148802560 3584 12058624 38 278921344 264192 67108864 541196320 0 262400 1048578 3277312 2151678272 72 1179936 1358956806 388 0 2148532224 9437216 0 2048 570425344 1140989956 2147484160 42 528384 33555248 82432 537952258 34635904 302006400 268435456 68 2164263424 129 4096 268570628 100668464 25432192 2684485644 4 147456 64 6144 0 675283456 8389632 131072 8392736 25166080 8388608 2048 138543104 33555200 1441792 65545 1076887808 268436800 8 8519680 0 128 524288 67108864 4325376 256 2147878912 0 134480384 64 39845888 2290090004 8388608 1048576 2155872256 1048640 16 1082022 536870912 136445956 12582912 16 589824 1140850720 8324 268435584 402686080 4384 2147615264 4 1048578 2149843968 65536 8 16388 37754880 16777633 131072 67108864 4325408 33555264 17563650 8388608 393472 1024 347078656 2098178 268697600 579076104 67108864 8 2182086656 2151940096 144703488 537133056 17301569 268435458 1024 2097152 33554432 67119232 138420224 42467712 2164523010 1142951937 2097480 131328 16908288 4199424 262402 549060612 2147483648 134222848 8388864 2147488259 33554440 134217984 5 16384 143655936 9183520 5 2147483652 32768 262672 2432 8 4325418 65796 4 4194308 134217857 128 2048 134283264 34603008 2168983552 144707592 135528512 524548 0 75501600 268697632 147460 268443652 671088640 524288 33282 203489290 135528448 272629760 16 134217733 142610448 16798464 278532 2147483652 9454592 1048656 4198408 49 4194304 4096 0 4224 150994944 131072 0 134217736 576 6145 25 1074005248 16641 6292502 35 133120 67108868 536875016 1048640 4097 9437184 134217792 29360133 4096 2101280 150994944 33685512 302026752 536872192 4194304 16909312 6292489 134483968 268435712 268599296 16781440 17039648 2164654080 2308 537001984 0 17302016 1048584 2048 163577924 335560704 33555456 3 2692759552 33554464 32768 403177472 16777216 209715234 1174405440 528384 8 9977856 67108864 4097 8 536870912 128 134217728 264 40 135532672 276824065 4 16782336 16781600 260 2052 134218752 33554704 13107201 4248 320 276831232 268435460 4096 16777216 132096 0 131072 2281701440 0 142606336 256 16777216 16388 4194304 134217984 128 0 134283264 2190999744 1087489 10486792 134219328 8912897 2112 131072 150995136 264194 3221230080 536871176 4329472 4227104 138412032 1346371584 134218241 11534336 25165824 268435745 0 2048 138413064 0 163841 142607386 1074266114 589828 269484032 8389632 4194688 34209800 335544320 536875040 1572864 2147483649 135267336 672399362 67108869 2220888064 262146 2147762176 0 134217728 8388800 17303560 33554464 2103362 2156396544 16 524288 0 268435488 33554432 0 65576 1048576 1 8 266304 1048576 0 0 0 67108864 1 38306048 16777472 16384 2147483648 9437192 12582912 16809984 1142947841 576192526 3328 524288 8390656 402653184 256 67108864 0 0 2148270080 9 9437184 0 268435584 0 0 536870944 0 262144 0 0 0 8 1048576 16779264 402657280 8 0 32 9961600 9438211 1049601 1610612738 8913152 131200 203431936 4 262148 4352 32768 524416 514 1048576 4196386 12582912 81920 8392704 16781312 33556480 8192 536870976 2147484352 32771 1073741824 1282 2155872320 16781312 1091567616 262400 131076 12480 1280 33554496 4194304 1073741824 8 268501060 524288 33558528 130 4 536870916 671301664 0 1049603 1048593 578 6144 8 0 1157632000 25428224 131072 8398848 1216348160 134743040 1081344 134217736 4326656 268435716 0 0 128 0 0 131072 256 262144 0 512 35651584 8388608 0 0 0 64 0 1049094 0 2097152 12582912 16 4 8388608 20971520 2099200 268443648 134250496 2148532352 2148141057 4096 1073742856 2152202240 9437184 2150629376 268435584 2375680 268435460 1610776576 131600 40992 8388608 1208229888 1114112 8 0 8388736 2 16793600 0 536870912 8388608 1057280 67109888 134224128 268435776 67108868 144703488 288 260 6176 536870976 1073741840 4227072 68157450 16 281550852 8 8388608 0 32 0 0 1024 1048960 0 0 0 524288 276824068 4195344 32800 409856 0 1208025088 525312 5244929 134221832 258 269091076 0 6 128 264192 0 131072 0 0 2 0 64 0 5120 411369472 536870921 0 134612096 1108870144 9439232 0 256 2415919104 134217856 4194304 9441280 0 536870912 0 8388608 2304 1107296288 1073741824 65792 0 1073746944 16777218 388 10240 131072 0 1050624 4096 131074 2155872256 0 1073741826 128 0 2147483648 1048608 0 2048 8388608 0 272629760 8 0 0 8912896 2156920833 134217736 512 4194624 4100 83888192 262148 655488 8328 1619001344 37749248 4718656 1048576 6152 196676 0 0 268435456 147456 268435456 0 0 32770 0 262144 268435456 268435588 16777232 4096 134234368 536881156 16384 528 16778240 276828288 1614816258 25232384 256 268435456 0 0 0 32 0 0 0 8192 2147484160 1048576 16781312 285212928 0 0 536870944 0 0 0 1610612736 0 5120 134217728 0 268435456 134217760 8388608 1 16 1074790400 524544 318783744 1090522116 16789504 131200 2684354560 131136 167772672 512 1207963656 33555464 268566528 268566528 33589248 2 536887296 536870912 65544 8912896 17826304 1024 1610612738 4 25165824 8394758 4128 572522752 536870912 537133056 167772160 2152208392 0 134359296 273154048 0 2153775104 268697601 537919489 536870912 134217792 33555456 526336 67112960 1048832 4194564 268435456 50333696 268697633 42074112 0 671154176 4194304 2147485697 16782344 1074790666 8388868 1048576 25170944 285474817 133128 2052 65536 42991744 12587010 136314889 1073872896 8388864
is_linear=0
shrinkage=0.1


Tree=4
num_leaves=127
num_cat=71
split_feature=10 1 0 11 10 2 2 0 1 2 1 1 0 11 8 1 2 10 11 8 1 1 10 11 6 1 2 1 1 1 20 2 2 2 15 2 2 0 1 1 1 1 18 1 2 1 2 15 10 1 8 1 1 2 1 11 1 1 1 2 5 1 10 11 2 2 19 5 15 2 15 1 1 5 2 0 10 20 11 16 20 1 20 1 10 1 10 1 2 15 1 2 11 1 2 5 2 8 2 8 10 1 9 0 1 11 11 10 2 1 11 2 11 10 1 2 10 10 11 8 18 11 1 20 2 11
split_gain=151.805 76.2894 63.6794 54.3784 60.9388 43.1167 31.6049 27.2508 21.9982 20.2144 15.4967 14.8621 14.8308 14.5318 19.7544 13.5079 13.2718 13.2216 16.2554 12.1753 11.694 11.0616 10.7835 16.9859 10.0014 10.5216 9.90581 9.61884 9.59271 9.23114 8.57824 8.45107 7.89385 7.33942 7.22434 7.16718 7.08234 6.99595 6.95932 6.93954 6.56501 6.5444 6.40893 8.13132 5.99262 5.99075 5.83378 5.72003 5.69242 5.66868 5.64007 5.42214 5.41056 5.4087 5.37269 5.2869 5.19117 5.16233 5.06347 5.03131 4.93939 4.92849 4.8887 5.42846 4.7945 4.7251 4.66375 4.60255 4.55233 4.4241 4.42287 4.39711 4.31693 4.29053 4.2015 4.19628 4.11485 4.06193 3.98735 3.95973 3.86804 3.84678 3.81969 3.72078 3.79235 3.69556 3.66813 3.65659 4.73284 3.60397 3.51208 3.45471 3.41389 4.55126 4.50885 3.41109 6.07913 4.41749 3.53716 4.35608 7.54634 3.72983 3.40816 3.38474 3.34422 3.33985 3.31929 3.69891 7.38583 3.29702 3.23346 4.02995 3.20623 4.79336 3.49585 3.17266 3.14415 3.12805 4.14899 3.79221 3.40368 3.11845 3.08507 3.08334 3.65431 3.07141
threshold=155.50000000000003 0 1 5.6403467655181894 260.50000000000006 2 3 4 5 6 7 8 9 6.3741118907928476 8.5000000000000018 10 11 85.500000000000014 3.6318813562393193 29.500000000000004 12 13 108.50000000000001 5.0677330493927011 4.5000000000000009 14 15 16 17 18 0.26918832957744604 19 20 21 2922.5000000000005 22 23 24 25 26 27 28 0.18146943300962451 29 30 31 32 3894.5000000000005 299.50000000000006 33 28.500000000000004 34 35 36 37 6.0812611579895028 38 39 40 41 1010.5000000000001 42 254.50000000000003 4.5148885250091562 43 44 0.017674958333373073 650.50000000000011 2457.5000000000005 45 2803.5000000000005 46 47 420.50000000000006 48 49 184.50000000000003 0.16228757798671725 3.0043103694915776 0.13862065970897677 0.23871611803770068 50 0.17564462125301364 51 116.50000000000001 52 144.50000000000003 53 54 2534.5000000000005 55 56 4.4766898155212411 57 58 495.50000000000006 59 7.5000000000000009 60 8.5000000000000018 353.50000000000006 61 1314.0000000000002 62 63 7.3247458934783944 3.0920295715332036 69.500000000000014 64 65 6.1820201873779306 66 4.648073911666871 125.50000000000001 67 68 198.50000000000003 313.50000000000006 6.5655350685119638 5.5000000000000009 0.16559641808271411 6.0527384281158456 69 0.20510129630565646 70 6.0672607421875009
decision_type=2 9 9 2 2 9 9 9 9 9 9 9 9 2 2 9 9 2 2 2 9 9 2 2 2 9 9 9 9 9 2 9 9 9 2 9 9 9 9 9 9 9 2 9 9 9 9 2 2 9 2 9 9 9 9 2 9 9 9 9 2 9 2 2 9 9 2 2 2 9 2 9 9 2 9 9 2 2 2 2 2 9 2 9 2 9 2 9 9 2 9 9 2 9 9 2 9 2 9 2 2 9 2 9 9 2 2 2 9 9 2 9 2 2 9 9 2 2 2 2 2 2 9 2 9 2
left_child=1 12 16 6 7 8 19 39 73 13 86 35 53 14 -6 30 29 45 28 24 89 46 38 31 25 -2 85 -10 -19 -3 95 51 122 -14 42 55 57 52 -20 110 -21 -18 43 -29 90 -12 -13 58 -16 -45 -50 -24 -22 -1 -33 102 -11 77 115 -56 -51 -36 63 -27 -62 -40 -65 87 -64 -35 -68 -34 -26 78 -47 -46 -54 -28 -4 -75 -39 116 103 -81 -85 -23 -7 88 -43 -8 -30 -41 94 -94 -61 96 97 -15 99 101 -101 -97 -9 -53 -44 -103 107 -76 -109 -48 111 -5 113 -106 -114 -31 -38 -17 119 -119 -120 -111 -25 124 -55 -59
right_child=3 2 5 4 9 10 20 11 27 56 17 21 33 15 48 117 41 18 22 40 37 26 23 32 72 62 36 34 44 47 -32 54 71 69 61 -37 81 80 65 91 -42 67 104 49 75 74 109 -49 50 60 -52 82 76 123 59 -57 -58 125 -60 92 64 -63 68 66 -66 -67 70 -69 -70 -71 -72 -73 -74 79 106 -77 -78 -79 -80 83 -82 -83 -84 84 -86 -87 -88 -89 -90 -91 -92 -93 93 -95 -96 98 -98 -99 -100 100 -102 105 -104 -105 112 -107 -108 108 -110 121 -112 -113 114 -115 -116 -117 -118 118 120 -121 -122 -123 -124 -125 -126 -127
leaf_value=0.37062900021861817 -0.42341598145992076 -0.209805997403264 -1.2256799081073408 -0.53303761445191478 -0.56087779277493721 -0.2687270055377447 -0.47782862392472492 -0.34398340519320941 0.082615899880734561 -0.35970515637067035 -0.013592001220442285 -0.10290933665637894 0.12013999732613599 -1.2629387381356902 -0.87411903539308067 0.16692431934238422 0.11389810849484566 -0.48643326530058595 -0.075773289812688702 -0.73415418022579892 0.17285999999999968 -0.64222848739084282 -0.07939400339394781 -0.25497741093944021 -0.74989603218637335 -1.388916373221073 -0.5495383602799423 -0.070812284296171063 0.19067800064718074 -0.38750379388975187 -0.092072804763611488 0.13002585716047635 0.35629447821423771 0.69727000000000006 -0.15312208245350029 0.28776881207757959 0.2034165715579922 -0.43848342981741795 -0.020861973481464402 0.58245391206998243 -1.3589370638041895 0.36983303679137292 0.039454937310748103 -0.22620777838236741 -0.8568602951602613 0.48382799802660942 -0.48229261721817673 0.36952999999999997 -1.4178766390006561 -0.47129415561172405 -2.1254193623645992 -1.0014996242768928 -0.044869277022135307 -0.37250353364442002 0.18837981521832536 0.10620416028714937 0.071182089688327954 -0.21033240057517527 0.19040890357291046 -0.55142873051715613 -0.078812557689588433 0.26424429873286809 -1.8894152905281212 -0.92723093510651611 -1.04077058881096 0.2849966639125982 -0.72558016437963502 0.46953 -1.0034516231528119 0.39845303609461041 -0.2560250732010792 0.13638840483830328 -0.29255045168270738 -0.56933171044501307 0.28599292770841345 -0.2341396918106522 -0.62458341186469601 -0.22990632727146698 -0.47829361061021142 -0.092156854777964273 -0.17713579857415737 -0.11231396954985583 -0.37435150961906061 -0.25004490057988166 -0.79165625421785746 -0.23446368198703713 -0.71960587020601274 0.36350849616005343 0.014920295016696814 -0.94478910879139555 -0.11178799689762038 0.30294722857401585 -0.30308507096617399 0.041831846475322697 -0.15731860015803251 -0.23572176368534745 -0.60889000374757263 -0.60874542255078345 -0.45884119270860452 -0.1984114597709622 -2.1664502421855771 -1.6553727679795707 -1.3796927402247616 -0.40399699747584733 -0.22197500060104339 -0.83823787165584607 0.33201200002496717 0.18395059769030839 -0.20289199668673172 -1.0203729941790998 0.3027100015715154 0.027825009504999932 -0.23580679462546536 -0.70736715469775069 0.072304241721975332 -0.024000056396546988 -0.020760300518970987 -0.08605269893809947 -0.48234883068444961 -1.376915407284552 0.074913351880231072 -0.68391109298132957 0.0072902806303886299 0.1761399973261355 -0.012960000402927108 -0.028603202112596527
leaf_weight=1516 1609 1645 156 527 2099 2253 1122 1339 4251 2306 3465 775 3078 223 1026 2092 4187 869 2310 356 2979 753 1540 890 710 180 741 2180 2093 300 1792 3908 4204 9448 1199 8363 5685 3981 1861 5087 535 1189 2432 2327 141 2913 978 4403 541 1841 177 109 2271 428 1739 2082 5549 4962 4620 830 125 1531 102 1006 390 10405 2160 19585 134 23188 504 8211 3469 860 3912 3566 961 1828 673 763 3747 4856 1847 710 382 1834 308 4383 3664 309 2756 7665 1249 2751 2694 212 1872 264 5659 809 135 108 100 426 4911 575 4463 3817 1661 176 2561 1777 802 1068 2199 3719 4360 264 618 357 1424 447 2204 3894 2485 8953
leaf_count=1516 1609 1645 156 527 2099 2253 1122 1339 4251 2306 3465 775 3078 223 1026 2092 4187 869 2310 356 2979 753 1540 890 710 180 741 2180 2093 300 1792 3908 4204 9448 1199 8363 5685 3981 1861 5087 535 1189 2432 2327 141 2913 978 4403 541 1841 177 109 2271 428 1739 2082 5549 4962 4620 830 125 1531 102 1006 390 10405 2160 19585 134 23188 504 8211 3469 860 3912 3566 961 1828 673 763 3747 4856 1847 710 382 1834 308 4383 3664 309 2756 7665 1249 2751 2694 212 1872 264 5659 809 135 108 100 426 4911 575 4463 3817 1661 176 2561 1777 802 1068 2199 3719 4360 264 618 357 1424 447 2204 3894 2485 8953
internal_value=0.000441639 0.00212963 0.00109108 -0.00236864 -0.00124629 -0.000250912 -0.00640329 0.000417471 -0.00356473 -0.00514483 0.000951452 -0.000812155 0.00580448 -0.00681394 -0.0123523 -0.0055206 0.00413479 0.00120686 0.000422769 -0.0105568 -0.00348505 -0.00181583 0.00118021 0.000169315 -0.00955641 -0.0122827 -0.00135307 -0.00252672 -0.0033687 0.00163095 -0.0073514 -0.00200491 0.00256561 0.0066913 -0.00340471 0.0022566 -0.000861602 -0.00259588 0.00344127 0.00378227 -0.0217621 0.00524805 -0.00412312 -0.00653796 -0.00233948 0.00340122 -0.00839899 0.00252222 -0.0202179 -0.00887918 -0.0270474 -0.00607324 -9.48397e-05 0.00199568 -0.000788255 -0.00152648 -0.000832803 -0.00228932 0.00102905 -0.00209964 -0.0123584 0.00139194 -0.0149756 -0.0141558 -0.021068 0.00438742 -0.0133243 0.00578579 -0.028983 0.00713288 -0.0111336 0.00369014 -0.00584111 -0.0109342 0.00418217 -0.00536185 -0.00292412 -0.00640171 -0.0172618 -0.00904236 -0.00460326 0.000718262 -0.00906354 -0.00644205 -0.0101452 -0.00728918 -0.00668611 0.0039476 0.00204195 -0.012068 -2.2638e-05 0.00500862 -0.00322007 -0.001225 -0.00549376 -0.00851476 -0.0118313 -0.0217907 -0.00747133 -0.0113088 -0.00663136 -0.0163687 -0.0061918 -0.0165421 -0.00267087 -0.0198701 0.00345019 0.00238552 0.000708288 -0.0118498 0.000564103 -0.00215278 -0.00355951 -0.00490216 -0.000896367 -0.00156615 0.00183491 -0.00101784 -0.00329328 -0.0104509 -0.00111655 -0.0176461 -0.00195232 0.000787737 -0.00167182 -0.00152603
internal_weight=320013 199927 155890 120086 93951 108195 26135 65849 28800 28102 79395 48232 44037 20247 3843 16404 47695 76834 56603 10765 15370 36348 47178 32602 9874 5695 33972 25256 9425 14687 11649 17093 15509 35714 21005 11884 31385 13939 14576 17617 891 33008 18275 6863 8556 20231 2376 13042 1744 4683 718 3922 6211 8323 13171 3521 7855 16484 8639 9263 2356 2730 4086 3850 515 12266 3670 28821 236 32636 2664 12415 4179 3544 16766 3707 3232 2569 829 2715 7728 14901 2382 1855 1092 2587 2561 9236 4853 1431 4849 12752 7524 4000 3524 9857 2359 487 7498 1839 944 895 1439 535 11412 683 13853 9390 5478 1601 4865 2304 8980 5979 3001 4019 10045 4755 2663 621 2042 623 3094 6807 2913 13915
internal_count=320013 199927 155890 120086 93951 108195 26135 65849 28800 28102 79395 48232 44037 20247 3843 16404 47695 76834 56603 10765 15370 36348 47178 32602 9874 5695 33972 25256 9425 14687 11649 17093 15509 35714 21005 11884 31385 13939 14576 17617 891 33008 18275 6863 8556 20231 2376 13042 1744 4683 718 3922 6211 8323 13171 3521 7855 16484 8639 9263 2356 2730 4086 3850 515 12266 3670 28821 236 32636 2664 12415 4179 3544 16766 3707 3232 2569 829 2715 7728 14901 2382 1855 1092 2587 2561 9236 4853 1431 4849 12752 7524 4000 3524 9857 2359 487 7498 1839 944 895 1439 535 11412 683 13853 9390 5478 1601 4865 2304 8980 5979 3001 4019 10045 4755 2663 621 2042 623 3094 6807 2913 13915
cat_boundaries=0 11 12 24 36 37 49 59 70 82 83 94 105 117 128 139 151 161 172 183 194 205 216 228 238 239 250 260 270 281 293 304 315 326 337 348 359 370 382 393 405 416 428 439 446 457 468 479 489 500 501 513 524 534 544 555 566 577 588 599 608 618 628 629 640 650 661 672 682 693 704 715
cat_threshold=9439234 131072 272629824 1073741824 335545344 4464640 4360 397584 268435473 872940032 1 6144 1179680 1409286406 134227332 131072 134217728 8388608 67240448 2052 536870914 1073742848 2147484160 42 9961472 25169924 285213056 2048 4 537002016 0 4353 131 135267072 2148008004 64 4100 54525952 2281701424 8388640 2049 32832 1065024 1040 1081350 2701131776 134348929 12582912 16 9437188 4096 419430816 131328 67108864 671219752 256 8783872 135266328 1049344 134774788 41952032 514 1081474 128 301990016 1086365696 4 16844832 4194304 8192 2148532224 2097152 268697603 35653640 0 536870912 1048576 2168455168 1499463680 146440 268439552 64 12048 0 41947136 419430400 131072 4 675415048 384 4325377 17 1746141440 5 81920 0 155189251 44187648 270016516 16416 2152858112 131073 68157440 135267328 2147483648 16384 12582912 1 2097152 268443648 536887368 524288 1050624 66592 1107430144 268501248 8 271187968 163610624 4096 2147484676 8 131072 239075328 9482 4128 2097152 8455232 25165828 1073741824 268435457 0 10308 65536 1048592 9437186 1209073681 394560 270139396 2113536 4194338 128 2686189568 1073741824 131072 8389120 1573376 4259874 524288 2151680065 8 268455936 33554434 1048580 2181038080 1179648 1073807392 269648000 2147484681 37024 2182349056 65664 19924992 134283268 3072 536870912 96 0 1048576 68158464 1243611136 4 0 33554448 32768 578945024 1048612 114848 128 2164261888 150995968 132096 64 524288 18878496 25165856 4 8196 537198848 1048576 16777219 34668568 6684674 285278208 2097156 4112 262176 2097292 537919492 536887456 2148007936 8 1049601 139908 320 2148532288 2147614720 64 2149859328 1073742852 1179904 135168 8488 67108864 1073741844 2281768960 8388608 6176 289 3145728 4 537007104 34078720 2161115136 8 1059328 4784197 8 1179648 8392836 419430434 33685508 4 671089664 134217744 2151680065 1048712 1311296 7170 131072 88080386 8388609 0 6144 134348864 134217728 4719616 1073741962 262274 2424832260 4 20976640 285474944 262148 805306372 136200 2181038592 2155878402 1073742848 1073742402 0 16781312 134217984 33554440 0 131072 64 8388609 0 262144 65536 46137344 4384 536887300 1073750020 1073741888 4194816 1083906 134217728 133384 2428567552 4 83889216 1 538460288 2088 134217728 167772160 20971520 142671872 1073741824 201028 8 16384 2153776128 268697632 404750340 536870912 536870952 8912960 25166336 134217744 4325644 256 2228288 134217728 32 134349824 536877056 9568512 262144 524298 42992640 1107300608 4260900 67108864 4096 0 33685504 0 131072 0 8390656 25 1611137088 525312 2147483649 5242884 134238208 10747904 33566852 536903944 4194304 0 0 4197378 2415919104 128 2099206 1 2099456 2048 1073872896 2147614784 2 1241515008 1074004994 4096 276824064 5120 138678528 33554440 2147485696 134283264 34603008 2155876352 10485784 1049664 524352 2147483648 3584 268697600 2199912456 1342177284 268436480 1242038304 16777224 1048576 33566736 2155872256 0 2220883968 327680 2048 0 134218752 34080320 25165857 8392704 2149974408 135680 8 131072 0 134218113 131072 0 4325376 256 262144 134218768 1074004736 524288 16388 33554480 25165824 546308096 2052 134235400 0 1048576 65539 4194816 4196608 8 65536 25168896 16781312 256 0 536870976 33554432 1058817 69210112 1208221954 4718852 33554560 46661632 262145 8407168 578816000 33554624 167772176 1179648 134221824 8 131140 16 0 1051648 262529 1310724 12420 536904968 41943040 20971552 1073741824 8 2416115972 0 4 134217984 131072 0 0 512 16846848 42469392 0 2147483652 33591296 17440 8 34048 2098184 136318976 268435456 268435458 71304196 2097184 131072 67117056 138485832 109576448 2148270080 136314880 328 131136 67108864 6144 4256 2181169416 2156922884 536870976 0 524289 67113096 1211368512 512 16793600 50332672 285212960 2181038080 0 16384 16 2048 65552 4096 2147483648 16780288 268730400 263168 2056 65536 1056800 5242880 2162688 131490 285802753 24 8388612 33558576 150994944 546308352 4 40 0 1574913 65681 1746665472 524544 8 20971520 16 8388608 1 0 64 16 32770 0 131073 8388608 0 0 134217856 0 0 0 64 8394752 2 537395200 16384 16780288 134217730 33687560 0 536876040 42467328 8912896 1032 1074003970 0 46139392 266528 2048 2048 4104 524416 2147518978 1084228608 1073742402 68 0 2147484672 262144 131077 2147483648 536870920 393828 8390784 8388616 1048586 4194560 277889024 4227072 138412320 33570820 0 8 524800 16914435 134217753 1611792384 524288 0 1073741824 134221825 2228224 12292 536870944 0 1083400 134217728 135267328 281542656 0 0 268435456 2097152 2147483776 32 64 64 0 1048832 1 0 0 0 131072 0 40 0 8388608 8 0 0 419430656 0 0 131072 0 2048 8 256 0 4096 0 131072 0 131080 256 0 0 537133056 141 0 1094713344 387 262404 8390656 536870912 8912896 4718624 3146752 1075840000 2416967936 0 4096 25690115 168820744 545259552 570557472 8650816 8388609 167773208 270336 655360 25198592 0 0 0 131072 37748736 0 4128 0 8454144 8388612 4096 4194304 262144 268435456 671088640 0 0 0 1073742336 64 2097152 1049856 134217728 0 0 134218752 2147484192 512 8 4096 0 0 0 2097152 0 32 2147484160 0 0 0 2147483648 67108864 0 17039361 0 0 536937728 524288 0 201326592 131264 2147483712 8388612 0 16777344 2 0 1073741824 1179712 256 40 1342177280 655360
is_linear=0
shrinkage=0.1


Tree=5
num_leaves=127
num_cat=80
split_feature=15 2 5 1 1 15 13 1 1 20 1 1 1 1 2 2 1 1 2 2 0 2 1 5 5 1 1 2 1 2 2 20 15 15 1 0 1 2 5 2 2 2 1 1 1 2 1 2 13 16 4 6 1 1 2 14 11 2 1 2 2 0 15 15 11 20 2 1 15 0 1 1 1 16 1 0 19 1 2 1 8 1 8 2 2 17 1 15 18 2 2 1 2 2 15 11 8 14 13 1 1 1 2 2 1 2 16 8 2 8 14 1 2 15 2 14 2 6 15 13 2 3 1 21 2 11
split_gain=113.494 59.5601 44.247 27.7709 24.3959 21.2041 18.3774 17.3983 15.9174 15.47 14.5015 13.1787 13.1145 12.465 12.3967 11.9897 11.7 11.1608 10.2448 9.9972 9.84546 9.13907 8.39295 8.12052 7.84167 7.96916 7.75492 7.50284 6.7712 6.25739 5.89945 5.84556 5.77899 5.52977 5.35895 5.34092 5.30564 5.17148 5.15647 5.06824 4.97438 4.91753 5.69552 5.01973 4.71642 4.69053 4.51507 4.85349 4.5022 4.49592 4.38051 4.28341 4.50859 4.15935 4.92505 4.12083 4.09727 4.07801 4.03576 3.99299 3.98893 3.96931 3.96873 3.93601 3.87778 3.79496 3.77105 3.68844 3.6048 3.5472 3.50636 3.45458 3.39323 3.31014 3.2801 3.16418 3.10805 3.63082 3.6875 6.09453 6.80703 5.5053 3.35433 3.08494 2.98046 2.97452 3.41182 3.00222 3.88175 2.97782 2.9592 2.89793 2.83445 2.82608 2.77016 2.72964 3.97247 2.68632 2.78732 2.58041 2.57361 2.56709 2.55451 2.55131 2.54428 2.54002 2.5359 2.47581 2.41409 2.49183 2.40616 2.38811 2.69284 2.37363 3.23669 2.35913 2.35581 2.36594 2.32512 2.3235 2.44649 2.94008 2.3218 2.32017 2.32149 2.49235
threshold=2927.0000000000005 0 510.50000000000006 1 2 3894.5000000000005 28.500000000000004 3 4 0.24519351869821551 5 6 7 8 9 10 11 12 13 14 15 16 17 765.50000000000011 525.50000000000011 18 19 20 21 22 23 0.28270539641380316 431.50000000000006 394.50000000000006 24 25 26 27 615.50000000000011 28 29 30 31 32 33 34 35 36 2.5000000000000004 0.23311898857355121 6.5000000000000009 3.5000000000000004 37 38 39 6.5000000000000009 7.0800485610961923 40 41 42 43 44 4011.0000000000005 4204.5000000000009 4.2207345962524423 0.17892652750015262 45 46 2192.5000000000005 47 48 49 50 0.21096017211675647 51 52 0.0084281824529171007 53 54 55 28.500000000000004 56 12.500000000000002 57 58 0.011511712800711395 59 2803.5000000000005 0.14692884683609012 60 61 62 63 64 394.50000000000006 7.1187953948974618 8.5000000000000018 11.500000000000002 5.5000000000000009 65 66 67 68 69 70 71 0.2324115335941315 8.5000000000000018 72 3.5000000000000004 63.500000000000007 73 74 2678.5000000000005 75 25.500000000000004 76 3.5000000000000004 800.00000000000011 4.5000000000000009 77 17.500000000000004 78 0.019409214146435264 79 5.7861976623535165
decision_type=2 9 2 9 9 2 2 9 9 2 9 9 9 9 9 9 9 9 9 9 9 9 9 2 2 9 9 9 9 9 9 2 2 2 9 9 9 9 2 9 9 9 9 9 9 9 9 9 2 2 2 2 9 9 9 2 2 9 9 9 9 9 2 2 2 2 9 9 2 9 9 9 9 2 9 9 2 9 9 9 2 9 2 9 9 2 9 2 2 9 9 9 9 9 2 2 2 2 2 9 9 9 9 9 9 9 2 2 9 2 2 9 9 2 9 2 9 2 2 2 9 2 9 2 9 2
left_child=1 4 8 19 48 7 10 27 39 13 30 -10 21 97 17 16 49 55 68 50 33 61 40 37 25 62 -11 -2 85 -22 -5 41 65 -14 -16 105 45 118 53 -3 75 42 -31 56 100 110 119 64 -1 -13 -4 52 -45 54 107 -9 -43 -37 -18 -38 -39 99 -7 73 -48 -30 104 -19 101 94 -33 83 -28 -64 -61 -17 -34 -78 79 80 -79 -80 -83 -53 -27 86 89 88 -87 -15 -72 -68 -73 -23 -21 -90 -97 103 -99 -12 -26 -8 -59 -6 -54 -25 123 -36 -70 -110 -24 -40 -113 114 -66 -95 117 -32 -20 -35 -121 -122 -84 124 125 -50
right_child=5 2 3 6 9 24 18 14 11 26 12 15 20 28 34 22 58 67 23 69 29 93 36 35 44 84 72 -29 32 31 116 70 76 46 38 57 59 60 111 -41 -42 43 -44 51 -46 -47 47 -49 106 -51 -52 71 66 -55 -56 -57 -58 102 -60 74 -62 -63 63 -65 113 -67 91 -69 108 -71 90 92 -74 -75 -76 -77 77 78 81 -81 -82 82 122 -85 -86 87 -88 -89 95 -91 -92 -93 -94 115 -96 96 -98 98 -100 -101 -102 -103 -104 -105 -106 -107 -108 -109 109 -111 -112 112 -114 -115 -116 -117 -118 -119 -120 120 121 -123 -124 -125 -126 -127
leaf_value=-0.74933060906550164 0.087964492398841201 -0.7391918361816231 -0.5492087469504513 0.11715468651379464 -0.8144639286689741 0.25647733592300809 0.093754413136744763 -0.45672984058531285 0.40786408362886867 0.27652440549177482 -0.51032780758715002 -0.67478465891293293 -0.602028505786256 0.20195676557591141 -0.13482133266967408 -0.27097780496301377 0.11959789547917841 0.14384362108594625 -0.37543838818651026 -0.35747398735630509 0.37461616617987525 0.18661930329479556 -0.31165059784826254 0.20795522675957359 -0.33945700000000018 0.40017915038399465 -0.36829877920881487 0.43221320876233915 -0.87608792204031927 0.17928243377714387 -0.7420864737268591 -0.11631265656341845 0.057270370699243206 -0.70214853786963183 -0.4019620295016697 0.12258956438536101 0.28527782860099904 -0.012383273008558392 0.32818460265057264 -0.1792048007900629 -0.078489854433821241 0.26824850683793477 -0.21694323894598339 0.10878393222885202 0.56088669632086263 0.10409040582880132 -0.54874326940767115 0.05305670254767364 -1.0332117523204765 -0.36053635987357108 0.11825190302836452 -0.1997825334812379 -0.053196030546122854 0.20842873497116876 0.14784499046989555 -0.28132751101331505 -0.80434345590344469 0.52702355910268006 -0.25471589912165571 0.15893899291752919 0.18778277050609254 -0.7455283065099283 -0.47162749913585122 0.12797873278512414 -0.1012369100081074 -0.3597274201129495 0.15243485509346263 -0.071567036743731605 0.28631736903794658 0.5615512178073615 -0.1579889996289725 0.36603848921792936 -0.033252660001546142 -0.081408135968038628 -0.04294318304124331 -0.56643533884141994 0.053138792009884743 -0.49057929757014734 -0.011439438699535218 -0.15848736431061408 -1.6429760921450574 -0.28608486215137563 0.098838916727518114 0.089981064694657373 0.16257699999999994 -0.63325532168688559 -0.38589701796834786 -0.07756624055130773 -0.27525356409172252 -0.19060939147329831 0.35802015908093615 -0.12020843182744623 0.085814712165752871 -0.18385044524727723 0.22823713274217636 -0.82381691415075986 -0.37725505879839782 -0.51208722477740409 -0.33781013707149676 -0.11325043788152914 0.25884390087250586 -0.26139915786383855 0.30608087482191748 -0.35975996001430732 -0.30769767105559426 -0.13255583736910093 -0.10755282150282944 -0.060228894551870561 0.32554503226400017 -0.1229803259346573 0.045168215425482848 0.43301469639053852 0.11416809726435453 0.016210147043961062 -0.52700902795841853 0.066810562092032719 -0.39746019758176121 -0.48853844318322343 -0.08359110719812099 0.042483160343064784 -0.21109550083081127 -1.0546747475447746 -0.2407566094590759 -0.68755407397108903 -0.24288551178823037 -0.45603792021746381
leaf_weight=1159 3505 1487 273 888 447 590 692 261 1609 3565 1853 1425 326 1238 1778 1879 1077 5324 533 102 2345 2136 3561 1220 210 2840 1597 11931 127 1263 478 1241 4002 231 909 3848 1149 5130 6648 910 1984 4300 3476 3343 21782 1504 194 4480 203 1302 3065 1817 1893 1896 1435 2585 113 3864 3780 2447 7887 919 629 553 920 332 2190 5377 1641 8086 616 1735 9177 362 9107 970 3031 1331 7221 2661 116 4090 865 1333 2561 635 1862 1066 4336 1071 8798 3316 13821 5479 1138 626 560 1630 4337 1606 2514 2528 15213 387 3070 1815 600 925 592 2319 738 1166 3767 1090 556 2398 2351 733 1767 413 566 108 1004 1288 826 315
leaf_count=1159 3505 1487 273 888 447 590 692 261 1609 3565 1853 1425 326 1238 1778 1879 1077 5324 533 102 2345 2136 3561 1220 210 2840 1597 11931 127 1263 478 1241 4002 231 909 3848 1149 5130 6648 910 1984 4300 3476 3343 21782 1504 194 4480 203 1302 3065 1817 1893 1896 1435 2585 113 3864 3780 2447 7887 919 629 553 920 332 2190 5377 1641 8086 616 1735 9177 362 9107 970 3031 1331 7221 2661 116 4090 865 1333 2561 635 1862 1066 4336 1071 8798 3316 13821 5479 1138 626 560 1630 4337 1606 2514 2528 15213 387 3070 1815 600 925 592 2319 738 1166 3767 1090 556 2398 2351 733 1767 413 566 108 1004 1288 826 315
internal_value=0.000511412 -0.000570652 0.000352813 0.00112679 -0.00324961 0.00378614 0.000695605 0.00244532 -0.00284033 -0.002698 -0.000216639 -0.002258 0.000100699 -0.00364747 0.00111624 -0.00271781 -0.00617066 -0.00118241 0.00222818 0.00559729 0.000718017 -0.00262412 -0.00159364 0.00285489 0.00577416 0.00295289 0.000145757 0.00520264 -0.00290626 0.00121982 -0.00576233 0.000992644 -0.0019766 -0.00236789 0.00279702 0.00393297 -0.000623244 0.00102958 0.00335164 -0.0106897 -0.00530043 0.000458364 -0.00257107 0.000847568 0.00664164 -0.00312575 -0.00188362 -0.000896551 -0.0104272 -0.0114103 0.000890084 0.000417487 -0.000918042 0.000726041 -0.00143641 -0.00673669 0.00400859 0.00445389 -0.00321142 0.000521514 0.00180164 -0.00643118 -0.00222015 -0.00489637 -0.00418773 -0.0130937 -0.00193816 0.000299692 -0.00110254 0.00727935 0.00308306 0.00140383 -0.00119251 -0.00866801 -3.97783e-05 -0.00797831 -0.00176761 -0.0022693 -0.00282807 -0.00544439 -0.0106589 -0.0020091 -0.00425699 -0.00161392 0.00499168 -0.00492459 -0.00280268 -0.00615672 -0.00700503 -0.000219922 0.00373939 -0.000134155 0.00201465 -0.000954804 0.00224 -0.00615357 -0.0104047 -0.00757451 -0.00684263 -0.00484578 0.00268471 -0.0036646 0.00505423 -0.0129017 -0.00393525 -1.642e-05 -0.00853342 -0.004859 0.000707382 -0.00102362 -0.00480622 0.00452552 0.00283836 -0.00317225 -0.00578591 -0.00182959 -0.00758119 -0.0112121 -0.00333333 -0.00724398 -0.00536338 -0.00900585 -0.000754414 -0.00987082 -0.00696429 -0.0121591
internal_weight=320290 240742 179037 144108 61705 79548 131444 47507 34929 57314 82395 32532 77945 42975 32071 30923 7584 13547 49049 12664 63554 14391 23339 41277 32041 7535 14339 15436 36174 54670 4450 52325 24780 8884 18524 25960 18506 15317 16746 2397 4833 41670 4739 36931 24506 5803 8558 7240 4391 2727 3338 32518 13812 5165 3269 2846 4413 22925 4857 12703 13017 4378 2134 1544 2760 459 10469 10701 7772 9326 10655 18706 10774 991 11554 2849 24321 20319 17288 4108 1447 13180 5959 3150 5401 11394 4171 7223 6157 2309 9414 5506 15556 10013 1240 5522 1186 6801 5967 3459 2724 3220 19077 834 4963 3035 3232 1834 4552 2911 4299 11581 4933 2566 1476 7877 3562 1211 2300 1318 1087 674 1869 2632 1344 518
internal_count=320290 240742 179037 144108 61705 79548 131444 47507 34929 57314 82395 32532 77945 42975 32071 30923 7584 13547 49049 12664 63554 14391 23339 41277 32041 7535 14339 15436 36174 54670 4450 52325 24780 8884 18524 25960 18506 15317 16746 2397 4833 41670 4739 36931 24506 5803 8558 7240 4391 2727 3338 32518 13812 5165 3269 2846 4413 22925 4857 12703 13017 4378 2134 1544 2760 459 10469 10701 7772 9326 10655 18706 10774 991 11554 2849 24321 20319 17288 4108 1447 13180 5959 3150 5401 11394 4171 7223 6157 2309 9414 5506 15556 10013 1240 5522 1186 6801 5967 3459 2724 3220 19077 834 4963 3035 3232 1834 4552 2911 4299 11581 4933 2566 1476 7877 3562 1211 2300 1318 1087 674 1869 2632 1344 518
cat_boundaries=0 12 24 36 47 59 70 80 91 102 113 125 135 146 158 169 170 182 193 203 215 226 237 249 260 271 272 283 294 305 316 328 339 350 361 372 383 394 404 415 426 438 450 461 472 473 484 496 497 508 519 530 541 542 554 566 577 588 598 609 619 625 636 647 657 668 675 683 693 704 716 727 738 748 759 770 781 792 802 813 823
cat_threshold=9961472 268435746 1216 269090816 134218240 546439200 0 2048 536870914 336855040 2147484224 32 1048578 2147614720 98368 134217728 1140850944 4202496 1073909800 786480 268468224 268967944 4194816 64 38273024 2317352960 8388608 142606465 2147483968 147520 272 1091720 536870912 132 4195328 16 1048576 0 274726913 524416 1677721600 73728 1572864 2164264993 9506833 672137280 2148007937 557056 33563184 25776640 134217728 1081348 301989888 1073750016 32776 17825792 1073741952 16777280 16 528384 416 9437184 558082 9568392 134234248 8650752 64 16844832 4097 268438528 2050 2147647488 32832 1073742209 335544384 4464640 135940 4460544 6295552 268443648 134217856 31457296 134234113 538050560 2415919104 269615104 71304256 268443652 0 4194688 2147491904 18874501 1086324736 16781312 131076 545263616 1087373312 2155872320 786946 1032 1612709888 256 9633792 50331664 20971520 2621448 269484036 134365216 256 2147887104 0 135529984 2147483904 67584 4325392 293601536 1310978 4093640708 134234368 131072 1048576 40 4194816 1024 8 268582916 92279808 268697600 2181169160 2147491840 134348808 0 2156920835 8388746 134483968 131072 34604032 16809984 147456 2147491840 4359496 33555152 131078 1073741824 131072 281018368 33554432 2215120896 524288 536873088 604110848 4456448 9438096 262404 16 5380 4101 64 69337092 9441280 138412034 134217732 537395200 134217792 96 29491232 9437201 1073742596 8388608 4120 32 67110912 402653440 16392 12292 134217728 34078720 4456962 11534472 131332 272630020 8 16842753 6144 134218016 545423364 6432 1073742080 2151677952 2048 2147484672 4194632 4864 0 16784384 295200 33554444 4 536944640 1048768 2157447170 134218752 1073873160 9437184 1024 268730371 2113536 603979776 9502720 524288 262144 33555505 671613440 525057 8 8388608 1052672 268435456 278536 872423424 1073905696 2147484304 395776 2101264 134480896 2147549184 75628544 4404 2359712 8 67108864 671088640 4194336 1057 1074790432 135397440 1114112 3120562308 5275776 32768 8422400 2147483712 128 12583056 0 12582912 671092768 8585216 64 268435456 4096 262177 33554432 67108864 1024 64 16908288 142607361 671613250 4 268451844 41945088 4384 18432 4 135176 2147483648 2 0 133120 8388608 8248 2516582656 159383552 0 2097160 33562624 134348928 135790784 1048706 520 1312802 8454144 65537 16777216 142631424 16777220 2415919360 98560 659456 1085960 32 2228320 134348800 0 0 419430656 0 2147483648 65536 33554432 2155876353 8 1207959552 1 4 25169920 134217728 2097152 0 1032 64 8392705 135267473 524288 4 19005441 67112960 4100 0 32 4198656 134742272 2416476162 33555456 1075841088 272635904 24 16777217 2048 4128 2375688 33587232 32 134742400 2173699074 1140851721 3072 528384 2147483968 1059840 268705792 2115585 4 1082393600 525056 4195328 8388736 1024 150994944 65540 41943044 4096 2048 1074798592 1077968968 131520 8683520 1073746944 134146 2151678016 131072 16782336 134479872 8 0 4198408 35127360 2156658689 66577 1207959872 65792 276824064 33557504 285212930 0 0 1024 524288 16781314 4105 1024 8388864 268435456 7184 151257120 545259520 67117056 4195328 524352 2147746816 1048584 2 17301765 8454145 134217728 896 2155872260 0 33652736 134217732 25170306 1075843073 170133568 8388608 20976640 134217856 33554440 0 536871936 8388672 1574912 134218760 1074004224 4194304 268435460 8393728 402653568 33554432 67108864 1024 8388672 21495809 136314896 0 524352 2147487744 134220288 270532609 144703493 4096 0 2550398976 2415920129 5308448 2147483648 273743872 8 2155941888 6291456 0 3178496 536876064 288 67108992 48 1207959584 536 2156986373 64 16777217 2214593540 32769 2283800576 2112 4194304 71827488 20971522 1342178304 134218762 268566784 4 1082130436 285212963 41943040 1073783808 134218888 1024 2156396545 33554441 167772160 1572864 11665 16640 2097156 268697856 2182086660 100663556 167773184 131136 8389953 1073807497 0 4 276824068 0 142606464 35915784 268435456 134221856 2151677952 9961472 134217728 1076103688 131076 8 11029 256 2048 12290 16777345 2048 5184 512 8392704 1052680 132096 142606337 2310144 201330688 512 8388868 0 33652736 8340 17826178 1075843072 536870978 36 131072 9437188 65536 131332 1050624 1024 33555008 16777792 65536 67243080 268500996 4 1147142148 1310720 33557506 0 81928 1024 2164916224 1082130432 2757637 272760832 11538 2147553280 128 272662532 2686978048 1074792448 256 131072 2147615040 50331648 2248153088 4096 8 8912896 288 1024 0 0 546308128 0 0 0 0 0 32 1048576 16778240 0 33554432 0 65568 1048576 4096 201330689 0 524288 269500416 83889216 3 33816576 8192 65544 135266304 8392704 203489280 512 268960324 0 0 419430432 4 603979776 8 1048576 8650752 0 655616 4 58720256 138412320 33554432 67108864 134218752 9961472 13637632 0 1074790464 12582917 0 0 128 0 0 671088640 0 0 1048576 1048576 1048576 0 0 0 0 536870944 2097152 134217728 262144 0 67115008 138412032 2181038080 786434 4097 1073742338 4195328 285343748 67108866 4098 16777224 536883200 256 0 2147484169 134218754 1611661824 8458244 16640 134217732 8388610 537921792 526596 33571904 2181038144 5243076 4096 33555466 268435457 2149613568 17043456 136314880 75499520 256 8389384 2164817920 218103808 537395200 1 0 8388608 0 131072 0 131072 1088 0 0 0 0 1048576 1077936136 256 32768 0 0 16777216 8 0 0 1048640 0 16 262144 18435 33555456 4352 1073741824 268435460 302022720 100672576 1048576 1115684864 570433592 8912896 8388608 2 128 0 0 1179680 0 0 0 1310720 512 32 69339140 1174405124 0 262144 3104 96 34611216 2148532736 135266304 1179650 655617 16384 50332672 17039362 33554436 4096 134283272 524288 2155872770 1073741833 1207959624 268501248 33554432 67637248 0 536870912 131072 0 1049104 256 0 4 8388608 5124 134217728 35651592 0 1024 41943296 952320 134218760 1074003970 324 16384 4200448 32928 2048 1073743872 536940544 33685504 21528577 1219493888 536870912 12582916 0 0 151257120 0 0 1024 0 0 8 0 524548 0 8391680 268435456 2097160 0 134283272 0 2147483649 8 0 524288 0 5120 402653184 33554432 0 0 0 0 134217744 1610612736 0 1048578 65536 0 140 1056 0 0 4113 1026 2155872257 9437184 0 0 0 0 131072 0 0 0 1048576
is_linear=0
shrinkage=0.1


Tree=6
num_leaves=127
num_cat=55
split_feature=10 0 1 15 20 1 5 1 10 10 1 1 1 5 1 1 1 15 9 1 8 1 1 1 1 1 1 15 1 8 12 1 5 1 1 1 1 0 1 9 20 1 1 8 15 15 1 6 10 1 20 8 1 1 12 20 10 9 1 9 1 21 10 1 8 1 4 1 9 1 0 1 10 1 10 1 10 0 1 12 1 8 9 1 10 20 14 1 5 1 15 8 1 1 10 10 9 0 10 10 1 10 20 14 19 8 15 9 10 10 20 1 9 15 10 12 8 0 5 4 1 15 10 9 1 5
split_gain=117.03 57.5494 47.4065 37.4907 23.8817 22.4644 18.7196 18.39 17.2301 15.843 14.9312 14.0352 11.8021 11.3668 11.2385 10.7091 10.432 9.38181 9.29414 9.22363 9.14513 8.88736 8.72582 8.07294 7.8854 6.81533 5.87868 5.60377 5.51641 5.51482 5.48956 5.47292 6.31725 8.15366 5.36151 5.0351 4.88648 4.86858 4.86027 4.85458 4.76677 5.58147 4.66719 4.60592 4.48102 4.44734 5.3779 4.42785 3.97617 4.48127 3.95035 4.37708 3.92539 3.91844 3.83279 3.75484 3.93141 6.68025 5.91927 5.35118 3.65041 3.59667 3.48406 4.23284 3.44489 3.39005 3.38886 3.43656 3.34893 3.31973 3.3062 3.91899 3.76057 3.26753 3.19303 3.91708 3.17696 3.08938 3.07155 3.05335 2.92205 2.9193 2.90777 2.88359 2.88113 2.85221 2.83601 3.13384 2.83228 2.74137 2.71359 2.71261 2.7002 2.69521 2.69169 2.59061 2.58425 2.53957 2.5365 2.50826 2.49917 3.72093 2.48883 2.91696 2.52465 2.47179 2.42787 2.41661 2.65138 2.50938 3.25926 2.3854 2.37616 2.33261 2.32958 2.32261 3.08981 2.30768 2.29013 2.28578 2.26687 2.26327 2.2609 5.38567 3.15586 2.36093
threshold=155.50000000000003 0 1 2853.0000000000005 0.2429369315505028 2 650.50000000000011 3 252.50000000000003 104.50000000000001 4 5 6 520.50000000000011 7 8 9 3894.5000000000005 861.50000000000011 10 8.5000000000000018 11 12 13 14 15 16 3894.5000000000005 17 29.500000000000004 2.5000000000000004 18 375.50000000000006 19 20 21 22 23 24 378.50000000000006 0.22352197021245959 25 26 9.5000000000000018 2240.5000000000005 3972.5000000000005 27 3.5000000000000004 186.50000000000003 28 0.2110879644751549 15.500000000000002 29 30 410.50000000000006 0.27627015113830572 142.50000000000003 563.50000000000011 31 842.50000000000011 32 0.029195114970207218 113.50000000000001 33 29.500000000000004 34 8.5000000000000018 35 1005.5000000000001 36 37 38 205.50000000000003 39 126.50000000000001 40 87.500000000000014 41 42 911.50000000000011 43 29.500000000000004 652.00000000000011 44 64.500000000000014 0.31700794398784643 52.500000000000007 45 450.50000000000006 46 675.50000000000011 29.500000000000004 47 48 148.50000000000003 200.50000000000003 1271.5000000000002 49 64.500000000000014 377.50000000000006 50 132.50000000000003 0.1507566645741463 17.500000000000004 0.034269241616129882 7.5000000000000009 739.50000000000011 489.50000000000006 107.50000000000001 128.50000000000003 0.14228672534227374 51 1598.5000000000002 2779.0000000000005 99.500000000000014 417.50000000000006 9.5000000000000018 52 450.50000000000006 22.500000000000004 53 431.50000000000006 75.500000000000014 302.50000000000006 54 1260.5000000000002
decision_type=2 9 9 2 2 9 2 9 2 2 9 9 9 2 9 9 9 2 2 9 2 9 9 9 9 9 9 2 9 2 2 9 2 9 9 9 9 9 9 2 2 9 9 2 2 2 9 2 2 9 2 2 9 9 2 2 2 2 9 2 9 2 2 9 2 9 2 9 2 9 9 9 2 9 2 9 2 9 9 2 9 2 2 9 2 2 2 9 2 9 2 2 9 9 2 2 2 9 2 2 9 2 2 2 2 2 2 2 2 2 2 9 2 2 2 2 2 9 2 2 9 2 2 2 9 2
left_child=1 2 38 4 8 84 17 44 10 23 29 -8 50 16 -15 20 64 24 34 -13 26 54 47 98 -7 -20 112 28 -16 -2 102 -26 33 94 97 -14 -22 66 90 -37 41 -32 -39 73 53 46 76 85 68 -50 51 107 -19 -4 95 56 57 58 -41 111 -42 81 63 -60 -5 -34 89 -68 86 105 71 -24 -72 -43 78 -76 -21 100 -59 -69 -46 -38 -79 -45 -3 -23 87 -44 -71 -27 -1 -82 -64 -36 -33 -6 -51 -12 -9 -49 -77 -102 -25 -104 -105 -17 -28 108 -11 -109 -111 -58 -10 -103 -40 -90 -117 -107 -95 -78 -70 -75 125 124 -124 -123
right_child=3 5 7 13 21 6 11 9 15 12 18 19 35 14 27 69 -18 52 25 45 36 22 70 30 31 37 106 -29 -30 -31 40 32 65 -35 93 39 61 42 114 55 60 43 48 83 80 -47 -48 99 49 96 -52 -53 -54 -55 -56 -57 59 74 62 -61 -62 -63 92 -65 -66 -67 67 79 120 88 72 -73 -74 121 75 77 119 82 -80 -81 91 -83 -84 -85 -86 -87 -88 -89 115 -91 -92 -93 -94 118 -96 -97 -98 -99 -100 -101 101 113 103 104 -106 117 -108 109 -110 110 -112 -113 -114 -115 -116 116 -118 -119 -120 -121 -122 122 123 -125 -126 -127
leaf_value=0.048775266562682169 -0.52878709712505212 0.760804774574809 -1.067440739546399 -0.36319380364680021 -0.42105347613064281 -0.31296197023037908 0.3941925129512055 0.34043033367189418 -0.90144909785744398 -0.40387624149786716 -0.53555776949309708 -0.15869967852584524 0.072452057457652666 -0.34399450960113098 0.30846329331581884 0.014736441115071996 0.044690643430980573 -0.17632688433983554 -0.31500358396208683 0.37925632944974774 -0.31292629169245978 -0.38317278235818925 -0.40432525844955436 -0.53432201085983 0.24749324161787611 -0.76697397251775068 -0.22222929644239567 0.49237920198739593 0.010818419071713221 -1.0559166366843575 0.15939037550626031 -0.35585404100436685 -0.11823138702666161 0.0097475249062344352 -0.43044829730660084 -0.67937173404170781 -0.82464428885579721 0.092486061772369454 0.27419490041413325 -0.041076719146436805 -0.018114282579514484 -0.28544490012332419 -0.4801775571473712 -0.089319082252031001 -0.77808066557465472 0.46522260991274927 0.067033720462324517 -0.0086029018294946791 -0.47409983549880014 -0.43431461986430464 -0.11669072817578569 -0.10321421371377454 0.26528288894319302 -0.51647454622246591 0.67607021834578562 0.045339138631493754 -0.44603473801417926 -0.042981450703031748 -0.42428439519029909 0.010928934664498399 0.22001352978906794 -1.62724122457728 -0.23689876957787714 -0.038202357290815031 -1.0471826314009953 0.064057087985821312 0.29520442892125476 -0.073231527585196757 0.15271413954224811 -0.64025090689890096 0.29077917028935912 0.042343145979164339 0.011698106588657373 -0.48256107160622552 0.11684181738123761 -0.13034016894966113 0.2150839011386029 -0.25450807178681412 0.24232512092955477 0.30640914459630064 -0.1300604107395614 -1.5934090301847936 0.054848676506831145 0.10594979431524534 0.3769260267584521 -0.008964392645977471 0.19598204986533804 -0.2003906157598071 -0.51965529057486903 -0.21653262348249547 0.37244653140038236 -0.6682213978429985 -0.53810160239071181 -0.92045840402822943 -0.73464059847589014 -0.91991361490138324 -0.076104436753220608 -0.01752684078045218 -0.19472508017942264 -0.87726122435203235 -0.1955084575339876 -1.2290543417435376 -0.68520436482708347 0.16556479520237419 -0.25235996511180003 -0.73199243507238743 -0.76684379550323134 -0.26250416853529285 -0.85891340459960552 -0.91333871283767187 -0.35489878078669168 -0.27136336432594627 -0.15015352789634695 -0.49924464821940878 0.076333881967672157 -0.4743486573711384 0.06274525703922304 -0.32647257450401079 -0.75177097768015999 -0.083719315097867106 -0.13380174260454486 0.18276371263100977 -0.039261541468299521 0.055933082839183183 -0.35675883038384659 -0.30119084703519494
leaf_weight=822 2151 3622 166 2692 1592 1772 22708 203 260 160 290 2240 5104 1730 6112 1602 4605 733 6648 3936 545 3536 1164 187 2542 112 244 6203 8640 163 4168 1254 2739 1802 1309 618 1576 2280 3673 3538 2605 1150 625 1169 114 4824 11269 6007 2914 1830 1388 586 5404 1368 227 4423 1063 1866 495 1276 10954 309 809 1716 203 13018 2188 8213 2574 1235 7412 2282 5832 127 1578 406 10066 1365 2443 1216 1829 236 1715 5493 15822 1085 517 2601 4129 999 10075 169 1521 195 127 723 2527 1056 3119 412 215 101 171 444 239 133 743 989 231 216 477 1529 1710 114 4773 1408 1196 1542 636 1159 1528 1380 826 2526 1218 148
leaf_count=822 2151 3622 166 2692 1592 1772 22708 203 260 160 290 2240 5104 1730 6112 1602 4605 733 6648 3936 545 3536 1164 187 2542 112 244 6203 8640 163 4168 1254 2739 1802 1309 618 1576 2280 3673 3538 2605 1150 625 1169 114 4824 11269 6007 2914 1830 1388 586 5404 1368 227 4423 1063 1866 495 1276 10954 309 809 1716 203 13018 2188 8213 2574 1235 7412 2282 5832 127 1578 406 10066 1365 2443 1216 1829 236 1715 5493 15822 1085 517 2601 4129 999 10075 169 1521 195 127 723 2527 1056 3119 412 215 101 171 444 239 133 743 989 231 216 477 1529 1710 114 4773 1408 1196 1542 636 1159 1528 1380 826 2526 1218 148
internal_value=0.000516951 0.0019973 0.000214373 -0.00195359 -0.00297931 0.00361048 0.00291263 -0.000914493 -0.00414367 -0.000563409 -0.00307197 0.00398242 -0.00204997 0.00109492 0.00221071 -0.00684847 -0.00228 0.000867953 -0.00262044 0.00267849 -0.0104154 -0.000693049 -0.000173035 0.000915382 -4.98835e-05 -0.00215327 -0.00660467 0.00284999 0.00179094 -0.0108692 0.00139113 0.000480179 -0.000105541 -0.00416902 -0.00755594 -0.0014026 -0.0146812 -0.00151191 0.00463132 -0.00195105 0.00162574 0.000568525 -0.0025991 -0.000386559 -0.0078337 0.00312308 0.00261445 -0.00235294 -0.00323549 -0.00492229 -0.00713088 -0.00940579 0.00434577 -0.0119687 -0.00634012 -0.00174493 -0.00228506 -0.00165977 -0.00378883 -0.0051758 0.00304521 -0.0168419 -0.00617227 -0.00334238 -0.00697074 0.000715238 -2.51213e-05 0.00047947 -0.00167623 -0.00505109 0.00126946 -0.00148727 0.00198732 -0.00210847 9.48693e-05 -0.00150346 0.00384352 -0.00319409 0.00213275 -0.000350672 -0.00486742 -0.0152207 -0.00171521 0.00151906 0.00667935 -0.00471543 -0.00383917 -0.0049411 -0.00615693 -0.00530153 0.00603007 -0.00389442 -0.00888412 -0.0106512 -0.00991373 -0.00758099 -0.00286925 -0.00253687 -0.00377551 -0.000655865 -0.00855792 -0.0138636 -0.00575408 -0.00346604 -0.000541727 -0.00235169 -0.0128686 -0.011563 -0.0186445 -0.00991677 -0.014531 -0.00778549 -0.00338384 -0.0234884 0.00282167 -0.0053572 -0.00301843 -0.00504478 -0.0152081 0.00298886 0.000297416 -0.00119487 -0.000921613 -0.00203501 -0.00585127 0.00240838
internal_weight=319992 200095 95058 119897 89712 105037 85593 75715 59440 72069 42572 56202 35942 30185 22685 16868 7500 29391 40258 33494 5623 30272 27730 36127 23254 36772 2957 20955 14752 2314 32805 21482 18940 3183 3486 31895 2666 30124 19343 26791 31764 18205 17396 14037 3646 31254 26430 11040 15116 7271 4047 2659 6137 1534 2542 26173 21750 17882 8079 3868 13559 2121 4541 2211 2895 15757 12728 11617 7845 11245 16690 3446 13244 7375 9803 5494 15161 3916 4309 9429 2112 1812 3080 6662 19444 4621 3743 3226 7968 1111 10897 1998 2330 2140 1381 2315 4357 1346 3322 6419 836 430 1041 854 683 3277 987 2073 391 1682 693 2592 1970 215 8446 6733 2604 1675 831 11225 4102 6225 6098 4570 2044 1528
internal_count=319992 200095 95058 119897 89712 105037 85593 75715 59440 72069 42572 56202 35942 30185 22685 16868 7500 29391 40258 33494 5623 30272 27730 36127 23254 36772 2957 20955 14752 2314 32805 21482 18940 3183 3486 31895 2666 30124 19343 26791 31764 18205 17396 14037 3646 31254 26430 11040 15116 7271 4047 2659 6137 1534 2542 26173 21750 17882 8079 3868 13559 2121 4541 2211 2895 15757 12728 11617 7845 11245 16690 3446 13244 7375 9803 5494 15161 3916 4309 9429 2112 1812 3080 6662 19444 4621 3743 3226 7968 1111 10897 1998 2330 2140 1381 2315 4357 1346 3322 6419 836 430 1041 854 683 3277 987 2073 391 1682 693 2592 1970 215 8446 6733 2604 1675 831 11225 4102 6225 6098 4570 2044 1528
cat_boundaries=0 1 13 24 36 47 58 69 80 91 101 112 123 135 146 157 169 180 191 202 214 225 236 246 247 259 270 282 294 305 316 325 335 347 358 368 379 390 391 402 413 424 425 435 444 455 466 475 486 497 498 508 518 519 530 541
cat_threshold=10012 1050624 64 1081344 52448264 1083180032 262176 32800 2147622912 0 805568512 527936 64 2147483648 1073741956 6291456 128 335545408 4202496 4392 393472 4194321 135798784 135397377 50855937 144703536 16384 1048706 2684387520 268451968 4 1048704 2701133824 1 134217728 16 0 1174405632 25165858 2826960896 1048584 16384 138412032 9224 83952672 4096 276956416 277872641 16777218 402685955 2155872256 32768 134222848 43515908 4120 8392704 2359808 768 2149646340 1048580 10551330 545521664 4 64 8913408 14 9438208 134219776 12648705 268582912 33556480 4224 0 67108864 4325384 256 17694720 1048576 134218752 12583936 0 4096 385 131072 4 134348800 1048896 135169 1 1744830528 525312 147460 16781312 134217984 655360 4 132096 1048768 2148009986 1025 1074135808 134219776 109052688 4096 32768 9437344 9617600 4194320 34308 16777216 67108864 16842752 524288 4194304 4353 538968324 1054720 17472 524368 32768 5152 134354946 199684 335695876 16781312 16777378 393224 536870912 131072 8388864 8393730 136 1048896 8388608 8 4194304 1125130372 12288 134348801 268439552 256 33554448 4227105 33312 132240 269484064 268468224 33555200 532480 8962058 1081600 34619648 1077944320 2090 8388640 256 2147483712 8519681 25169936 4097 256 268437504 135176 41943552 1054976 13631496 6293504 68 8 0 4096 128 131072 0 131072 1048640 135169 0 0 524288 1048576 8388612 406847489 8519688 2048 0 1572992 2155876353 1207959561 537919562 524608 67176450 131072 262209 1073741824 2147491840 131072 2348941824 20979729 128 2632 293666848 135266304 7170 134218402 33685504 1073741828 536871936 42991632 9438720 0 1075838978 524544 8 16777216 18874368 268435456 2097284 536870912 537002016 2147484240 18354689 2101264 1792 2147549184 8388736 83886082 4202500 1 4352 256 172097600 4196641 33587232 2181038656 2147614720 0 0 0 0 0 134217728 0 0 1 1073741824 6150 1048576 0 1081344 1024 1073741824 262144 32 139264 0 805306368 2560 64 134234112 0 65792 545259520 33554444 536870984 277872640 4 210767873 135272552 8454144 1589248 1028 262144 3409924 2684358724 320 524304 4194304 1509949568 533768 0 64 16777216 1024 8416 2228224 2147483908 40 1208090624 2156398593 67110026 131168 0 8 268435460 2 134217728 131072 0 65568 1048576 17301505 3 1209270848 589825 0 33556480 295200 2052 0 1073741824 2147483648 2148534274 136320000 1073741832 2147483648 524288 0 0 0 0 16384 0 0 553650176 272629760 5120 285478913 2147483648 2080 32768 3221225472 25722944 134283264 1077949590 134217796 0 65538 2147483648 8460 1032 201327168 64 1073746953 33567016 196612 8 16384 0 0 0 8192 671089664 1024 4096 8 1179648 4 2228225 5136 16777216 260 4128 1082228736 0 32768 202444810 1076101120 16384 35840 262400 0 536870912 66560 64 2 134217745 1745879554 589824 269484032 16777216 268697632 34078728 67108864 81920 128 2155874306 1073741824 0 257 5784 0 0 402653184 0 0 134217760 1048576 1 0 0 524352 4100 0 25165857 0 32 1073741824 262144 266 1073742848 33554432 2164261120 0 3221231616 17039617 131072 0 537067520 1048576 0 4097 131080 16777216 8 0 1024 151261441 131072 0 671089664 128 524288 134217752 136192 0 0 0 0 64 0 0 0 536872960 2418016256 71303168 16777216 4 131328 131072 134218304 17303042 33554432 0 16912384 0 0 384 0 0 671154176 0 8388608 2 0 1048576 0 0 256 33554432 0 0 0 0 134217729 16384 37750784 256 256 0 134217736 1024 0 8 8 268439552 268435712 8392704 134217856 131072 0 65536 1048576 2050 1 131072 4100 521 0 37749760 0 0 0 0 0 0 8 1073742080 0 1024 268697600 0 8192 536937472 268435456 8389120 2097176 1074921472 4356 2097152 128 268435584 33554440 0 536870912 1048640 524289 18 537133632 524288 10485760 71309312 262144 4 0 134348800 0 16777216 24 8448 131072
is_linear=0
shrinkage=0.1


Tree=7
num_leaves=127
num_cat=72
split_feature=10 11 10 1 11 10 15 1 1 11 10 2 2 1 2 1 10 11 2 1 11 10 1 1 1 1 2 2 11 11 2 1 1 2 11 1 8 5 11 11 2 8 8 10 2 8 8 2 1 10 2 1 1 1 2 2 1 2 2 8 10 1 10 11 1 5 1 16 1 18 5 1 11 1 10 1 11 2 1 2 15 2 1 8 2 1 2 2 1 11 1 8 2 2 1 2 2 2 2 2 10 4 2 5 1 1 2 2 10 10 1 11 2 2 5 11 2 15 11 8 2 6 11 2 5 2
split_gain=89.7297 52.1775 66.3342 36.7834 27.6336 40.7566 23.2144 20.5794 20.4816 19.1557 19.3454 16.5891 16.423 15.2954 13.1042 11.9074 11.3118 11.6275 11.2867 11.2568 10.4258 13.4085 13.2521 10.1528 9.80446 9.46458 8.39999 8.12606 7.92746 7.84295 7.83227 7.78433 7.67931 7.45013 7.30253 7.35805 7.26569 7.25297 7.03329 6.93107 8.60229 8.46391 6.91161 6.71904 6.45815 6.65087 6.2668 6.24745 9.72403 5.66342 6.16375 5.60898 5.47173 5.46127 5.37589 5.35357 5.02852 5.43584 5.18684 4.97248 4.96938 4.64346 4.64188 4.62181 4.54068 4.48004 4.43842 4.39999 4.37868 4.28028 4.23236 4.89336 4.22335 4.58178 4.18416 5.0453 4.08465 3.9916 3.93647 3.91307 5.60588 3.88339 3.87814 3.8565 3.83608 3.82766 3.74511 3.72499 3.72067 3.7181 3.65913 3.63068 7.17005 3.62596 3.56686 3.55192 3.51668 3.50933 3.45823 3.42857 3.32638 3.2807 3.27041 3.15928 3.14068 3.10265 3.0633 3.03847 3.02861 3.01847 3.01406 2.95622 2.93227 2.89898 2.89359 2.88936 2.88427 2.85959 2.8586 2.85167 2.84835 2.81799 2.79243 2.72264 2.71026 2.71004
threshold=126.50000000000001 5.4941518306732187 215.50000000000003 0 4.2779421806335458 88.500000000000014 2922.5000000000005 1 2 5.9497346878051767 303.50000000000006 3 4 5 6 7 100.50000000000001 5.0677330493927011 8 9 3.0043103694915776 67.500000000000014 10 11 12 13 14 15 3.6007812023162846 6.0812611579895028 16 17 18 19 6.3741118907928476 20 29.500000000000004 800.50000000000011 4.5148885250091562 6.3890390396118173 21 28.500000000000004 11.500000000000002 104.50000000000001 22 9.5000000000000018 12.500000000000002 23 24 158.50000000000003 25 26 27 28 29 30 31 32 33 4.5000000000000009 205.50000000000003 34 70.500000000000014 5.0077221393585214 35 400.50000000000006 36 0.16785109043121341 37 0.1581341624259949 420.50000000000006 38 6.1988353729248056 39 343.50000000000006 40 3.833959817886353 41 42 43 2051.0000000000005 44 45 11.500000000000002 46 47 48 49 50 5.9645066261291513 51 9.5000000000000018 52 53 54 55 56 57 58 59 150.50000000000003 21.500000000000004 60 650.50000000000011 61 62 63 64 224.50000000000003 211.50000000000003 65 6.834632635116578 66 67 735.50000000000011 5.6254031658172616 68 2534.5000000000005 4.7530529499053964 10.500000000000002 69 3.5000000000000004 2.35339367389679 70 615.50000000000011 71
decision_type=2 2 2 9 2 2 2 9 9 2 2 9 9 9 9 9 2 2 9 9 2 2 9 9 9 9 9 9 2 2 9 9 9 9 2 9 2 2 2 2 9 2 2 2 9 2 2 9 9 2 9 9 9 9 9 9 9 9 9 2 2 9 2 2 9 2 9 2 9 2 2 9 2 9 2 9 2 9 9 9 2 9 9 2 9 9 9 9 9 2 9 2 9 9 9 9 9 9 9 9 2 2 9 2 9 9 9 9 2 2 9 2 9 9 2 2 9 2 2 2 9 2 2 9 2 9
left_child=3 8 6 26 5 13 15 86 118 32 14 37 19 62 46 89 88 23 36 76 21 96 -23 93 125 117 -1 124 47 53 -22 -19 42 -17 94 112 38 60 66 40 -12 59 -4 105 45 -41 78 65 -49 77 90 107 69 98 -45 -25 58 -58 -27 -42 63 116 -5 -10 -32 -26 -13 121 -56 -40 71 -29 73 106 -46 -76 -9 -35 -11 110 -81 -55 -64 -71 -48 -72 -7 -63 -6 113 115 -77 111 -18 -16 -75 -15 -33 -8 -90 -85 -39 -28 -69 -79 -30 -53 -52 -54 -38 -34 -93 -36 -3 -82 -51 -57 -20 -2 -96 -87 -21 -73 -91 -24 -14
right_child=1 2 9 4 16 7 29 12 11 10 39 18 24 20 34 33 17 31 25 67 30 22 27 55 28 56 102 70 43 -31 64 97 79 49 35 -37 109 101 52 44 41 -43 -44 54 74 -47 84 48 -50 50 51 72 108 81 68 61 57 -59 -60 -61 -62 87 82 -65 -66 -67 -68 103 -70 83 85 122 -74 95 75 91 -78 104 -80 80 114 -83 -84 100 -86 120 -88 -89 99 123 -92 92 -94 -95 119 -97 -98 -99 -100 -101 -102 -103 -104 -105 -106 -107 -108 -109 -110 -111 -112 -113 -114 -115 -116 -117 -118 -119 -120 -121 -122 -123 -124 -125 -126 -127
leaf_value=0.11691531984945594 -0.90856999039298891 -0.20064429637097667 -0.63040861049554464 -0.058215351773617786 0.0930789871025402 -0.075374763314554727 0.2555248393304555 -0.33095163533467525 -0.73840098701753443 -0.13971761590907475 -5.8025617802434652e-05 -0.24531806644185872 0.23946688867851568 0.052880752323429904 -0.35855058530409845 0.37901009352997223 0.045491989446565642 -0.024220605503212811 -0.35233949545409132 -0.66094709568351695 -0.024788697584563299 -0.41706830294643238 -0.40965716164053217 -0.24306757288805267 -0.55905621524556537 -0.37460153012453912 0.52224120166628551 0.14566458373478783 0.15770920176273825 0.44404295995367149 0.037581244816187687 0.49165456766056015 0.15085452576827901 0.30810765580138516 0.35551713699879084 0.3348569944696313 -0.45107008937527865 -0.20708535448634208 -1.0441976641310118 -0.75325296187858148 -0.36938622735596588 -1.7393219218912446 -1.6863251930062688 0.075445439725299823 -0.059071921085737916 -0.25270357696049101 0.24103187362512976 -0.80473798333851798 -0.30830156175053697 -0.78531185141346649 -0.46609148523081462 -0.016327393654398375 -0.078865129818758845 0.026913382207264216 -0.52452429852767513 0.18494510687755464 0.14965538350957527 -0.10033254963244605 -0.07098967865396516 -1.3850990823661422 -1.474996236683217 0.3174747449555515 -0.84858980231197989 -0.39109951188883196 0.32254084841124658 -0.057025557242031399 -0.70181254624917366 -0.73974745027675215 -0.16461739474119999 -0.25882246749187859 0.26773171078474006 -0.5491056877289332 0.18071442569470939 0.19259199678509353 -0.6505036037650449 -0.063528313581836582 0.063540681762960197 0.20788237831367687 -0.46413379177678177 -1.2079341304507385 -0.88775095011642735 0.38710068036041112 -0.3385413853269843 -0.075838622847408999 -0.23097142487852629 0.13040091949485505 -0.67014109731939175 0.096154068192618472 0.17197062325362522 0.070429538181679713 -0.037013104516098849 -1.3748104648224511 -0.029763372890460174 -0.33345409275137772 0.17881186786129344 -0.025013971150041999 0.30507584875798338 0.25611227668867098 -0.11394202127898839 0.43923342408260702 -0.75281768882082678 -0.6030291868510349 0.33507697205750059 -0.23350391660222708 0.016212634951264321 -0.014595699874663116 -0.28465180707761506 -0.092076254437401903 -0.95350091898813627 -1.3551924652949123 -0.51627698165198532 -0.25957646409289348 -0.12579879444938297 -0.51358832343202943 -0.34177732081051659 -0.32676051553222935 -0.13220379399270224 -0.80429838671013831 -0.52910059017795408 -0.20987037705985762 -0.093490946774559699 -0.46432560310991244 -0.15504806943849958 -0.30597055753615204 -0.18597756172188709 -0.050497665257691282
leaf_weight=4746 695 553 210 1010 2049 296 1140 822 791 2139 621 920 4359 1571 1848 3116 761 2493 1583 408 2552 1144 213 798 380 2887 8151 470 3524 14447 2127 4014 428 3474 816 6730 876 2135 209 1927 479 179 176 1653 5081 1658 1527 423 2794 210 593 2348 6862 2260 691 728 6711 5775 6963 880 216 3067 237 1830 16043 3771 1367 636 2484 1937 3061 390 10138 4216 1373 2750 1311 4376 4369 425 722 4136 647 258 1807 3692 1099 8770 1802 920 2338 707 1073 1601 2442 6033 5280 9787 2319 10738 476 629 12794 1061 7961 3239 1927 3552 334 101 940 354 3916 811 726 1521 2229 248 1573 1479 2779 580 597 925 486 1183
leaf_count=4746 695 553 210 1010 2049 296 1140 822 791 2139 621 920 4359 1571 1848 3116 761 2493 1583 408 2552 1144 213 798 380 2887 8151 470 3524 14447 2127 4014 428 3474 816 6730 876 2135 209 1927 479 179 176 1653 5081 1658 1527 423 2794 210 593 2348 6862 2260 691 728 6711 5775 6963 880 216 3067 237 1830 16043 3771 1367 636 2484 1937 3061 390 10138 4216 1373 2750 1311 4376 4369 425 722 4136 647 258 1807 3692 1099 8770 1802 920 2338 707 1073 1601 2442 6033 5280 9787 2319 10738 476 629 12794 1061 7961 3239 1927 3552 334 101 940 354 3916 811 726 1521 2229 248 1573 1479 2779 580 597 925 486 1183
internal_value=0.000615382 -0.000933369 0.000105905 0.00242583 0.00170031 0.000468821 0.00187911 -0.00230383 -0.00384432 -0.00283747 -0.00226362 -0.00335405 -0.00173582 0.00248209 -0.000600967 0.00074202 0.00354178 0.00254847 -0.00259429 -0.00706711 0.00289373 0.00124625 -0.000660847 0.000793138 -0.000684998 -0.00130413 0.00586397 0.000348778 -0.00176657 0.00445313 0.00445999 0.00448263 -0.00982355 0.00110841 0.001062 0.00252312 -0.00492884 -0.00842809 -0.00427647 -0.00489872 -0.0101945 -0.0141602 -0.0230808 -0.000137175 -0.00413255 -0.00783032 -0.00350995 -0.00433225 -0.00763248 0.000804362 5.65766e-05 0.000571538 -0.00314013 0.00227803 -0.00298674 0.00171901 -0.000735702 0.000596991 -0.00242393 -0.01156 -0.0119951 0.00215077 -0.00628151 -0.0107936 0.00518702 -0.00175198 -0.0092829 -0.0113729 -0.00538461 -0.00681661 0.00101737 -0.00400137 0.00114381 5.09505e-05 -0.00295382 -0.00468755 -0.00161922 0.00235975 -0.00531961 -0.00814826 -0.0111365 0.00400562 -0.0116063 -0.00576189 1.1998e-05 0.00178556 -0.0141281 0.00303621 0.0058736 -0.00515999 -0.00358176 -0.00315897 -0.00626054 -0.00530354 -0.00183914 0.00119797 0.00481827 0.00540946 -0.000925338 0.00651793 -0.0119346 -0.00479739 0.00672632 -0.00832646 0.00151211 0.00189709 -0.00269545 -0.00282792 -0.00165695 -0.0132344 -0.00400581 -0.0120355 -0.000501898 -0.0091349 -0.00823204 -0.00705916 -0.00139198 -0.00819663 -0.0130904 -0.00012465 0.000402716 -0.0167206 -0.00795386 -0.00224932 -0.0100282 0.00301153
internal_weight=320013 172472 127096 147541 121850 73013 79314 30714 45376 47782 44155 43108 29319 42299 27073 55012 48837 34248 37507 4818 40405 19683 12832 17954 24501 24167 25691 11688 18959 24302 20722 16294 3627 51803 17231 11462 13340 5601 12363 17082 2159 1538 386 11591 14923 3585 9842 7368 3217 48687 32876 28807 10076 9855 4828 15592 22336 12486 9850 1359 2837 14794 1894 2621 18170 4151 2287 2685 3175 2880 10989 1457 24662 14524 11338 6257 2133 15811 6508 3241 1873 6396 884 2671 3334 9532 1395 11837 14589 3209 4069 4884 2134 2362 5769 10249 6851 13801 3459 12540 734 2764 20945 1697 12337 6763 4275 4145 7196 977 1368 1061 4732 1364 1448 1731 2957 1831 2268 3921 6471 988 987 1845 699 5542
internal_count=320013 172472 127096 147541 121850 73013 79314 30714 45376 47782 44155 43108 29319 42299 27073 55012 48837 34248 37507 4818 40405 19683 12832 17954 24501 24167 25691 11688 18959 24302 20722 16294 3627 51803 17231 11462 13340 5601 12363 17082 2159 1538 386 11591 14923 3585 9842 7368 3217 48687 32876 28807 10076 9855 4828 15592 22336 12486 9850 1359 2837 14794 1894 2621 18170 4151 2287 2685 3175 2880 10989 1457 24662 14524 11338 6257 2133 15811 6508 3241 1873 6396 884 2671 3334 9532 1395 11837 14589 3209 4069 4884 2134 2362 5769 10249 6851 13801 3459 12540 734 2764 20945 1697 12337 6763 4275 4145 7196 977 1368 1061 4732 1364 1448 1731 2957 1831 2268 3921 6471 988 987 1845 699 5542
cat_boundaries=0 11 22 34 45 57 68 79 90 102 113 124 136 147 159 170 181 193 204 215 226 237 247 258 268 277 288 299 311 321 332 344 355 365 376 387 398 409 419 430 442 453 464 474 484 495 504 514 526 536 548 559 570 581 592 603 614 626 637 648 659 670 681 692 704 715 725 736 747 759 771 782 793
cat_threshold=9437184 131072 4194816 262144 1409286144 4468768 268570880 393233 4194305 3087008256 10241 35717121 2248146948 540675 16512 6528 1073758336 8320 6 83890176 19 8388608 4 41943584 4640 545259522 34635776 16512 9043968 1056834 16842752 6144 281022464 16 295698432 33554432 4194560 2048 2415927296 1048992 0 4194305 1049728 2150240768 2433220672 11599904 1073743874 134218752 131074 268435456 16384 135397888 16909380 8388608 134218760 2155873024 8 21495808 1075839044 8192 1572869 2148532384 277872640 262144 2148532512 2718959744 67108864 1048576 76677120 16777216 285212832 2752512 536870912 131080 64 8919040 1048584 131584 8388864 2097153 134217776 2097184 4 1048584 32832 209715728 269530880 4195328 0 4197696 35127428 0 268697728 12 131200 537001984 2147484160 2147488512 16 1280 4325381 24 0 34 2424864 131072 0 134218056 1048640 17301504 142607872 1310724 524352 0 30409216 102400 0 12288 33570944 8388608 526338 0 1073742848 134217728 33554437 1112539168 277086208 10485760 545259652 33554432 142606336 1085440 1024 2098176 2424307972 16 2164262912 1073741824 307200 0 2147483648 98560 2156398112 9998656 2097152 7340036 2415919104 34160640 4196352 1 0 4 536870912 2151678464 4194304 1056 524546 2147483653 8 0 2148532224 65664 278528 1476399108 1610645760 67240480 36897 8 1076889604 68096 524288 0 279104 16384 268435460 256 1048576 4751362 1073741825 1375732232 4194304 131076 402653188 8429574 2654208 4096 1048608 131072 133136 8 1212162048 1 32 67239936 134218002 262401 2129920 34816 143720448 524288 1605634 1073741954 3330 4194304 9437184 0 268435456 0 0 32 0 0 0 512 1024 5 136348160 4194305 2097152 10560 16384 4194304 16777728 285212672 1613366282 8389633 131072 0 150995072 34209792 0 671219712 128 0 9 1610875648 524288 0 0 0 0 0 0 0 8388608 0 1074003968 0 0 134217856 131072 0 131080 0 8783872 134217736 0 4 16384 2098180 25428256 2097152 8 328 64 8388608 1224737792 4325636 268435456 157286400 402718880 0 0 134217728 0 0 9437200 2167537664 34 160 672399360 4 1280 528 4198656 1082130600 134218240 20973632 335544324 1152 4194688 546310144 2052 134284416 34078720 8388674 33 6294018 1 17305600 83886080 150995201 2182217736 6148 65600 2147483648 526848 8389648 33948288 0 8 8470528 29360128 4194721 33554436 268435460 132192 524800 5806080 8389632 1073742338 0 16777216 2097185 0 12288 424 0 8390656 1207963648 1074003984 268435456 131073 67110946 32 2052 4 262144 131072 2147483648 0 64 12652544 8 278921472 67112962 134217856 34734080 536883200 256 33554496 134656 1048600 1209008704 65792 0 3288337408 134217760 17842434 32 142607360 524288 25821184 1231032321 139460736 0 67108868 16777248 33685504 4 134284288 1572896 1181696 0 135266368 4096 285229056 8389632 4128 2684354560 2147530752 536872192 67108880 16779264 1114128 37761088 524864 2295936 134230016 2097153 133120 4416 1073774912 33554944 41472 1073741824 4196512 2151809024 16384 2103300 0 33685632 0 8 64 16777217 2097184 0 2147549440 0 1049600 404750496 8 0 8 1077936128 0 1040 1073741824 2129920 67112960 16448 1744961544 536870916 131080 0 4227072 69206016 8448 4 8388608 50364416 268435456 262152 0 536887328 0 4720640 18 1073742144 0 8 0 0 16777345 8 0 4194312 256 4587521 16 135266304 524288 268435456 37749778 128 545391616 536870912 1056 16 12617730 1076887696 135532608 256 0 16814080 0 33685760 2048 536870944 1048640 12582913 8 537922112 0 16779264 138412032 33554432 268435460 0 524288 8915968 0 1075052608 8404996 16781312 4128 8 805308416 537002016 0 4097 16 134611520 524544 16777216 4 0 524293 0 0 0 0 536872960 1179648 16777216 32 131072 0 8 64 4096 8 131072 404750336 4096 524354 2183135242 260 131072 1056768 512 1140916232 34865154 21627136 64 0 0 16777216 8 0 536870912 64 0 0 1048576 33554432 2189426688 419430400 1048576 536875136 1096 177209344 17305601 0 2150893580 0 16 84017152 72351744 8388641 0 41088 72 1073742464 33856 134221832 919552 2151678528 524292 0 134221952 33685512 2048 0 1572864 8390656 10 320 524288 0 0 0 0 0 671088640 0 0 0 1048832 1 4 4096 272642048 33554432 0 671219712 101187584 0 16 128 256 8388608 5120 416 262148 268437504 1056 33554432 6145 0 536871488 64 8388608 1024 402915330 16388 0 537985024 144179200 9439232 68157456 262400 524548 1179744 4736 0 0 268972032 42992936 1310720 2147485954 0 272384 134742080 2 9437184 4197376 4609 0 8196 671154184 41943104 5767168 1073741840 135267842 590148 4 1024 419430400 0 0 32 8912896 2156003329 0 1073741824 320 2147483648 2097152 2097412 536870914 1107341312 1073759264 0 557088 70258696 3221230608 2147483904 75497472 96470020 299264 2147483648 2214594560 4268032 8388992 2160852992 0 320 269484096 336593152 16777216 289406977 578961544 32 8 35127296 2 67109002 666112 4 0 1052672 153092256 133122 8192 536872008 1241514048 2048 1049608 0 4259840 0 8390672 402653440 8404992 0 134217896 0 276825088 4259857 262144 0 8 0 0 16777216 4 0 671088640 64 2048 0 262400 256 285212672 16777216 32 262152 0 0 524288 9437185 1207959560 536870912 16793600 35684352 262144 167772160 0 536870912 0 2147483648 2097152 1073742152 524288 67108864 0 134217728 33554432 0 131104 64 8388608 18 1074266112 524288 128 0 0 2228232 0 134217800 524288 8388928 33554432 8448 260 16 27262976 4096 16777217 2298609672 545264672 167904296 270400 8388608 134217744 263168 256 64 67108864 0 285212672 33685504 0 536870912 1048576 8388608 152 1074266176 524288 0 134218752 285278368 536870913 0 671088672 525376 13633536 0 131076 4
is_linear=0
shrinkage=0.1


Tree=8
num_leaves=127
num_cat=71
split_feature=10 1 15 11 10 12 2 15 1 2 1 0 1 1 1 1 2 5 20 2 6 2 2 1 2 2 2 1 0 1 1 1 1 5 2 0 2 2 8 2 2 2 5 1 2 2 8 15 1 10 11 11 10 1 2 10 1 1 1 2 20 2 2 12 10 11 1 11 11 1 2 16 2 2 2 15 2 1 11 2 1 4 2 2 2 1 2 11 8 20 2 1 10 20 10 1 1 10 8 1 11 15 8 1 1 2 5 2 5 18 15 8 12 8 20 19 11 20 15 5 2 8 1 1 1 11
split_gain=78.4337 46.7724 37.4918 28.5464 35.7167 22.1722 19.8173 13.9106 12.7223 12.4729 11.7695 10.3625 10.2506 10.0039 9.94033 9.64537 9.52034 9.22704 8.05203 7.85072 7.74754 7.35673 7.28366 7.26678 6.913 6.85752 6.63996 6.91098 6.46618 6.31599 6.14377 5.71578 5.4439 5.33822 4.94656 4.93042 4.82768 4.80591 4.79115 5.90217 4.6318 4.56917 4.54022 4.50932 4.49988 4.40182 4.39193 4.32781 4.84548 4.29474 5.62155 4.21843 5.37283 4.14897 4.11362 4.06974 4.06772 4.06419 4.04086 4.03527 3.99743 4.76571 3.90381 3.86363 4.46678 4.87173 3.79651 3.70782 3.63865 4.37437 3.63096 3.53217 3.5046 3.48021 3.40481 3.36305 3.27945 3.26093 3.6502 4.24576 3.25543 3.2527 5.02876 3.3062 3.17167 3.14345 3.13759 3.42091 3.16865 3.1309 3.10921 3.10329 3.0619 3.96726 3.84087 3.0574 3.02921 3.00334 2.98419 2.93242 2.89751 2.89418 2.86799 2.84843 2.84081 2.82506 2.81375 2.80893 2.73828 2.78666 2.72781 2.66249 2.63888 2.62732 2.61905 2.61506 2.6089 2.58959 2.48584 2.46445 2.46158 2.44151 2.4106 2.40988 2.39902 2.36336
threshold=162.50000000000003 0 3572.5000000000005 5.9094657897949228 284.50000000000006 320.50000000000006 1 3217.5000000000005 2 3 4 5 6 7 8 9 10 600.50000000000011 0.23600538074970248 11 3.5000000000000004 12 13 14 15 16 17 18 19 20 21 22 23 510.50000000000006 24 25 26 27 9.5000000000000018 28 29 30 420.50000000000006 31 32 33 28.500000000000004 2261.0000000000005 34 116.50000000000001 3.9501773118972783 5.198855161666871 209.50000000000003 35 36 250.50000000000003 37 38 39 40 0.17366947978734973 41 42 2.5000000000000004 83.500000000000014 2.35339367389679 43 4.897512912750245 6.3553836345672616 44 45 0.18188917636871341 46 47 48 419.50000000000006 49 50 6.5257883071899423 51 52 21.500000000000004 53 54 55 56 57 6.4052336215972909 10.500000000000002 0.20765263587236407 58 59 90.500000000000014 0.21166645735502246 138.50000000000003 60 61 137.50000000000003 1.0000000180025095e-35 62 5.2544119358062753 2394.0000000000005 15.500000000000002 63 64 65 425.50000000000006 66 1075.5000000000002 0.19270860403776172 431.50000000000006 11.500000000000002 309.50000000000006 28.500000000000004 0.22722864896059039 0.024422565475106243 3.0437171459198002 0.28270539641380316 783.50000000000011 360.50000000000006 67 4.5000000000000009 68 69 70 4.1778259277343759
decision_type=2 9 2 2 2 2 9 2 9 9 9 9 9 9 9 9 9 2 2 9 2 9 9 9 9 9 9 9 9 9 9 9 9 2 9 9 9 9 2 9 9 9 2 9 9 9 2 2 9 2 2 2 2 9 9 2 9 9 9 9 2 9 9 2 2 2 9 2 2 9 9 2 9 9 9 2 9 9 2 9 9 2 9 9 9 9 9 2 2 2 9 9 2 2 2 9 9 2 2 9 2 2 2 9 9 9 2 9 2 2 2 2 2 2 2 2 2 2 2 2 9 2 9 9 9 2
left_child=1 9 5 6 7 8 12 13 85 -1 -8 14 51 38 92 -12 29 21 30 58 24 -7 -19 33 32 97 27 49 34 -13 42 89 119 84 -24 37 96 75 39 -5 -23 106 73 108 53 -30 67 48 -29 -18 -51 101 -53 125 -50 100 -33 -20 -15 -32 74 117 -58 -64 104 -66 -49 -14 102 -70 110 -48 -44 -6 -25 -27 -40 78 79 -9 -46 83 -83 -47 -21 -3 87 88 -59 -28 -37 -67 -10 94 95 -94 -16 -11 -43 -26 -34 -2 -61 -81 -65 -84 -22 -80 -38 -110 -35 -102 -69 -108 -92 -103 -31 -62 -75 -17 -42 -101 -74 -100 -76 -4
right_child=3 2 44 4 18 17 10 77 11 25 15 16 46 19 36 20 26 22 57 23 41 40 28 60 99 35 31 47 45 116 59 56 55 70 -36 90 43 -39 76 -41 120 98 72 -45 80 81 71 66 54 50 -52 52 -54 -55 -56 -57 62 86 -60 68 61 -63 63 64 65 91 -68 112 69 -71 -72 -73 122 118 124 -77 -78 -79 107 103 -82 82 105 -85 -86 -87 -88 -89 -90 -91 114 -93 93 -95 -96 -97 -98 -99 123 121 111 115 -104 -105 -106 -107 113 -109 109 -111 -112 -113 -114 -115 -116 -117 -118 -119 -120 -121 -122 -123 -124 -125 -126 -127
leaf_value=0.49710722426401444 -0.55803437180244719 -0.85746940162568253 -0.27204445965039975 0.051543930227636828 -0.51095249912268947 -0.26291813128603825 -0.71904108154096991 0.22245915761140905 -0.065684016670336881 0.055142868006484852 0.064592755553264547 0.0083268143465075762 -1.222545530753278 -0.0087591027515784535 -0.004775323869790472 -1.0788240996264684 -0.074455854306153493 -0.1415481800757272 0.16127477102797907 -0.1389680675745619 -0.62330201099780247 0.22332553061111221 -0.21127299185284767 0.095532768651173994 0.023580496098557717 -0.57059142795984763 -0.26004572957639266 0.17587237828802763 0.39135469329503536 -0.7349757824998483 0.067471646961838591 0.27059595986939983 -0.80623475973090797 -0.52445730883719299 0.059722225068171625 0.37091239339919002 0.1527076685085525 0.17711417014972558 -0.33661705721382529 -0.52571505351711956 0.086491249164382264 -0.74787876172103129 -0.74673508537464728 -0.092674955905772516 0.12990694641537892 0.058228505110334061 -1.5540394023771023 0.2049113112549843 -0.075512849069201318 -1.049576133773247 -0.37899697689603495 -0.098003308822587343 -0.6407124669306804 0.22944670133861964 -0.34071125080191905 -1.0952968956556439 0.2555961954442813 -0.72663205046547541 0.34672824643206718 -0.62793292820750313 -0.22463454790112822 0.1739283803413619 -0.28540152373416905 -0.083101065993639728 -0.3872643599258308 0.11690091399232719 -0.0041038356591405487 -0.66440423402401594 -0.46184365232903479 -0.0038017659091048889 0.069590929414357725 -1.0129623087353437 -0.28916653484186544 -0.74928780291326746 -0.41439694123433796 -0.028661953592981616 0.13648834912854177 0.49775035972156545 0.026315058224316915 -0.77054094809803031 0.40088484170777117 -0.23717441809313106 0.4135259925519541 0.22805981470847786 -0.49490502803654191 -0.35514595368145996 0.028212257890333312 -0.24303808987517395 -1.6967579195171458 0.013869313906024123 0.16771398082189606 -0.015089834347167853 -0.22881787972835663 -0.25495780343472191 -1.096244551714247 -0.46968643273740573 -0.23222356201944216 -0.31886979425590106 0.10577532549011444 0.0092577131892878691 -0.37210631037306796 -1.3915130165502754 -1.3659938286704154 -0.20559710626629624 0.24098327573027981 0.017206762643167919 -0.20544764749125941 0.52711301959983647 -0.39361309183250748 0.087387808182254459 -0.17647570044239369 -0.60658950939208955 -0.51798732657440116 -0.7276509440699811 0.34774660623199849 -0.76606054865035023 -0.29715618399051674 0.22589340053775031 -1.0248577544767565 -0.21852102222473668 -0.060851148365324959 -0.35259705249960333 -0.64624306734691528 -0.11839908754983586 -0.098076340853091248 0.048690002711846606
leaf_weight=9462 654 100 468 821 232 1714 814 1370 719 2646 5276 1268 293 2000 1207 103 1528 2230 2496 1012 544 1623 1165 2291 1717 137 2081 1322 5268 269 1450 3156 512 113 5291 8334 3879 3707 1106 2147 2578 200 1590 7430 2042 4307 122 2499 3436 158 1572 2400 713 7151 1482 125 3342 277 5339 785 2132 13527 835 1010 523 7718 5749 1239 3629 2111 3879 187 2859 121 905 2545 1357 4730 1078 103 12350 998 1240 20132 1308 3298 1846 2236 171 2321 14681 11461 644 898 188 590 3202 623 4252 635 1182 104 243 437 4495 2983 2309 1790 376 496 4207 670 1354 210 7450 175 1690 586 318 1573 8064 1563 737 3625 1981 1406
leaf_count=9462 654 100 468 821 232 1714 814 1370 719 2646 5276 1268 293 2000 1207 103 1528 2230 2496 1012 544 1623 1165 2291 1717 137 2081 1322 5268 269 1450 3156 512 113 5291 8334 3879 3707 1106 2147 2578 200 1590 7430 2042 4307 122 2499 3436 158 1572 2400 713 7151 1482 125 3342 277 5339 785 2132 13527 835 1010 523 7718 5749 1239 3629 2111 3879 187 2859 121 905 2545 1357 4730 1078 103 12350 998 1240 20132 1308 3298 1846 2236 171 2321 14681 11461 644 898 188 590 3202 623 4252 635 1182 104 243 437 4495 2983 2309 1790 376 496 4207 670 1354 210 7450 175 1690 586 318 1573 8064 1563 737 3625 1981 1406
internal_value=0.000592597 0.00171162 0.000888604 -0.00160182 -0.000532395 0.000263111 -0.00407637 0.000826095 -0.000804032 0.00439863 -0.00275276 -0.000541042 -0.00868708 8.74509e-05 -0.0025261 -0.00235616 0.000132068 0.00176289 -0.00402303 0.00064393 -0.00339574 -0.000472852 0.00247948 -3.41144e-05 -0.00575495 0.00362619 0.000443892 -0.00114553 0.00277915 -0.00513747 -0.0054032 0.00120751 -0.00858683 -0.00218539 -0.00012991 0.00401584 -0.00156024 0.00148304 -0.00393126 -0.0066442 0.000386966 -0.00168761 -0.00787967 -0.00053236 0.0045894 0.00331673 -0.0129329 -0.000208304 -0.00219551 -0.00529988 -0.00872832 -0.00531065 -0.00355605 0.00282789 -0.00363636 -0.0115686 0.00166513 -0.00125818 0.00359097 -0.00362421 0.00102277 0.0017944 0.00129754 0.000883618 0.00110565 0.00040199 0.00129486 -0.0117602 -0.00465034 -0.00367596 -0.000989145 -0.0243042 -0.00689163 -0.0156334 -0.00139656 -0.00173848 -0.000678035 0.00429954 0.00243943 -0.000942408 0.0056881 0.00284125 0.000576518 0.00332624 -0.00642241 -0.00678404 -0.00303965 -0.005219 -0.0132143 -0.00217135 0.00454635 0.000661662 -0.00777632 -0.00956896 -0.0128551 -0.0108266 -0.0043924 -0.000765477 -0.000436503 -0.00271338 -0.0106853 -0.0112219 -0.0101362 -0.00836364 0.00362398 0.00208599 -0.00496909 0.00470014 0.00187146 -0.00318807 -0.00297921 -0.00884449 -0.0105553 -0.00357682 0.00392078 -0.0197491 -0.00868969 -0.00202346 -0.020735 -0.00411625 -0.000373638 -0.00512681 -0.0051137 -0.00013076 -0.00367403 -0.00135881
internal_weight=319408 211537 161952 107871 75320 138535 32551 54219 80942 49585 25310 77544 7241 44711 19629 24496 57915 57593 21101 39280 19220 13979 43614 31941 8080 40123 54688 17746 41384 3227 14075 36942 4165 10519 6456 36854 16590 6389 5431 2968 12265 11140 5857 12181 23417 34928 3195 14488 6240 3258 1730 4046 3113 9025 4918 2489 32540 7026 7339 8218 21422 16245 29384 26042 25207 19702 8248 2886 6768 5740 8199 309 5186 671 5177 2682 2463 9508 4778 1910 14392 29660 5221 24439 2320 3398 4530 2684 448 4402 30465 19179 3039 2320 1422 1234 4409 3269 8077 3915 2364 933 1028 540 5505 4223 3063 2868 4751 872 4320 1852 2593 2519 22131 279 1959 2718 439 1676 10642 2198 3596 7877 2886 1874
internal_count=319408 211537 161952 107871 75320 138535 32551 54219 80942 49585 25310 77544 7241 44711 19629 24496 57915 57593 21101 39280 19220 13979 43614 31941 8080 40123 54688 17746 41384 3227 14075 36942 4165 10519 6456 36854 16590 6389 5431 2968 12265 11140 5857 12181 23417 34928 3195 14488 6240 3258 1730 4046 3113 9025 4918 2489 32540 7026 7339 8218 21422 16245 29384 26042 25207 19702 8248 2886 6768 5740 8199 309 5186 671 5177 2682 2463 9508 4778 1910 14392 29660 5221 24439 2320 3398 4530 2684 448 4402 30465 19179 3039 2320 1422 1234 4409 3269 8077 3915 2364 933 1028 540 5505 4223 3063 2868 4751 872 4320 1852 2593 2519 22131 279 1959 2718 439 1676 10642 2198 3596 7877 2886 1874
cat_boundaries=0 11 22 34 45 56 57 68 80 91 102 114 124 135 147 158 169 181 192 203 204 215 226 237 249 260 261 273 284 295 306 318 329 340 351 362 373 384 395 406 417 428 440 451 463 474 485 495 505 517 527 538 548 559 570 580 591 600 611 622 633 643 655 665 675 686 697 708 719 729 739 749
cat_threshold=1050624 0 272662592 33554432 335545344 4202496 4352 393488 274726929 941097472 3073 76546048 8392864 16777600 264196 4 672269344 0 135682 128 135791360 2147483712 38273024 134251360 8389248 163842 1179648 268451968 1074798592 4 2701133824 129 0 16 67108866 4194308 512 1048580 67117440 4268032 109576576 2147746304 2098176 538968384 268959808 4 71303216 2 2685403136 1048576 16384 134742032 16777472 66592 1075314688 268569600 538 268959748 2101248 406847744 570425600 4 197640 1572864 2156920834 144704520 262400 4718592 131204 2080 4096 262400 2060 134366336 0 5192 65569 134217728 12590144 8 2097152 3223322624 2162688 16388 2147483712 1032 8388752 1606154 8389632 2230276 22020608 16781313 2098176 138416128 33554436 805306436 69888 1048576 2147495936 1216348160 263680 2148008000 10485792 277348354 4 1179648 288 384 128 132164 537985024 134219776 2415923776 24 16384 16810112 4198401 33573120 8196 16416 37748736 268436546 268435601 1610617098 4 16 2433664 0 2415919108 8392960 4326528 2151682181 8388640 2097152 25166337 0 2215117348 525316 268468352 402788352 299008 8519712 1032 571473920 2105344 4194304 8 337641472 25166848 155189250 538968068 805306368 0 33554432 9437186 1073742984 1074004288 16777477 524292 1024 272891904 33685512 268435456 65536 0 2153251841 18 263168 524292 530688 2147614720 64 32770 1610744320 128 402788416 139528 71368736 268697600 4096 64 16777477 4352 134222208 16385 268468224 671219744 4194304 768 1140850688 1081086978 12582912 16842752 34604176 16793856 537919624 8423428 32768 4195392 1050688 1048578 131080 4416 8240 83886084 16779266 289 2180 1073752064 1064 34078720 4194307 1048706 258 2416443392 0 0 288 0 0 138543104 256 4329473 17 1746141440 1024 134250500 41955328 36 134218752 536872968 37184 294912 2148542600 67108896 2080 8224 276824064 4096 385 8 10240 131080 41943040 8388609 1048576 320 13631744 8 16777216 1096810498 134217728 540016640 8448 32 34078720 4720640 1024 1209008648 276824065 9744 131072 16783364 262560 8 0 546308096 33554496 16809984 1207960584 1280 268959744 34 1048580 8390656 159420544 131464 0 536870912 1048592 8912897 134217737 1209010704 4194816 75628544 37888 134217728 167903236 268437504 536870944 33554432 4096 17 1610612736 8912896 16384 33554432 524288 2282752000 545261600 537001992 16 1179912 67178496 266754 2152202244 0 16779264 268435456 16640 268435456 0 33554496 273154049 1114128 131072 4194308 64 276971520 4194306 262144 8388736 1073742084 1073807360 2151809120 2147489825 134287360 1344 524292 8470528 16777216 4198400 2113540 1343225860 1610645568 1179648 8527872 4096 134218754 2147483909 8404992 5243904 295681 263425 76 41943176 33554432 22022144 1073741824 536871436 65536 276824064 4 2 8667140 0 65568 235012224 2152235011 1082196096 1024 2151686144 0 1024 32 4 0 1073775616 524416 2148567040 1024 134152 2147483652 0 4096 134222208 0 32768 134348800 0 0 0 4195328 8388608 2214592512 3224371200 65536 128 2155905088 0 268568108 21495840 41943040 9280 1180164 1179648 12583936 262176 0 67108864 671088672 256 2156140544 135266304 536870912 1 0 16777216 20971938 33685508 805306368 0 64 276824579 2098304 512 4 1179648 33558528 268435584 33554440 524292 40 384 4196353 8 1207959552 1 2418016260 32 418 681574404 536872960 4352 2147484160 5767680 8388616 1050624 4196353 8 335560704 138412048 294944 2147485824 1611139076 4160 34209800 2147483649 134221952 570425408 131072 16516 2048 2359296 2097152 0 262152 76055040 2148007939 67142656 2183146496 272629764 8 1179648 4198400 402653313 131072 67108864 536870912 128 262144 0 0 524288 25165824 4201476 402653312 786432 0 134348800 9437776 12584961 1034 134217792 276824128 131072 4096 419430528 0 67108864 134217760 0 8388608 16 262400 0 4096 0 0 0 541065224 256 262144 16 1048832 269484036 33557504 17039616 8 536870912 536936456 1048576 530432 1024 262208 525316 8 75497472 4096 402653184 33685504 0 671219712 0 2048 25 537133056 8388612 25166848 262400 2052 268435456 671092744 41943680 9441282 1073742849 1073742594 4194304 4 8388608 138412032 0 0 671088640 1048576 4194304 16 1610874880 268517376 41945088 4256 2099204 8196 1073741888 2147614784 2155872257 1074794504 131336 2151677952 50331652 33558528 134234114 2149580800 41120 1179648 135274512 4 86048800 2281834496 268435456 134287521 1075839106 270540928 536872960 0 537019392 1342177296 667648 75497473 263168 9437184 4096 268435456 131072 0 536870912 1048576 2148009984 0 0 524356 0 0 128 0 0 0 0 0 536872960 131072 4096 16777344 131072 0 537001984 256 262144 25 1048832 5 268435456 18877472 291 131200 0 134217728 5242880 5767171 135270544 33554442 1537 16777472 131076 798720 2164262913 0 132104 2181562368 4161 1207959682 2181169424 524544 0 2097152 0 4 2147483648 1032 128 1573378 0 2097152 268582913 17828866 289 0 0 256 576 0 1073741856 4104 2416508928 8 0 16777220 17039648 0 2048 1064 8388672 8390657 16 537001984 0 0 0 0 268435456 134217728 0 0 0 1073742336 0 0 16777216 17825797 0 33554432 8388608 2 1048704 1077940224 4194304 136314881 1224736914 8454144 131080 2147485696 536936448 1074266112 513 8393728 34603074 524544 1064960 20972548 134217728 12 0 0 8388608 2 1 131144 256 142606336 98567200 276828161 578813953 0 64 2182610944 34816 1073741824 134348936 320 0 0 0 0 0 4325376 256 131072 1 538181888 278397184 4096 285474976 136 0 671220768 2181038080 9439232 2097168 131072 0 0 0 0 0 536870912 1048576 2048 1048592 537919488
is_linear=0
shrinkage=0.1


Tree=9
num_leaves=127
num_cat=86
split_feature=1 5 1 6 2 1 2 6 1 13 2 2 1 1 18 9 1 2 1 1 2 2 2 1 1 2 2 1 2 2 2 1 2 9 11 2 1 9 11 1 1 2 2 1 2 1 1 9 1 1 12 1 2 2 2 4 2 1 2 1 1 13 11 2 2 2 2 2 2 11 2 12 1 13 1 14 1 2 4 1 2 2 21 9 11 2 1 2 2 2 11 2 1 9 11 1 1 1 12 13 2 9 1 2 1 20 2 18 1 3 2 1 1 3 1 1 2 2 5 1 5 21 5 4 11 5
split_gain=38.4505 34.6577 22.7944 15.9239 13.0502 12.9794 12.567 12.5484 10.4384 10.2668 10.0382 10.0247 9.57116 9.13218 8.75693 8.71498 8.59413 8.1119 8.55458 7.97036 7.71293 7.465 7.28309 7.25586 6.66034 6.53458 6.39697 6.357 6.13503 6.0476 5.73861 6.30514 5.55071 5.3262 5.81011 6.17657 5.24618 5.17368 6.69715 5.12727 4.69912 4.67231 4.60062 4.54622 4.43309 4.42765 4.41979 4.31273 4.31157 4.18933 4.17838 6.62263 4.54695 3.8569 3.79927 3.99617 4.26046 3.75083 3.65234 3.64753 3.55728 3.49039 3.44592 3.44451 3.40359 3.38809 3.37037 3.36305 3.35381 3.3264 3.10874 3.10453 3.00345 3.00235 2.97012 2.90815 2.87651 2.75952 2.7136 2.67617 4.53816 2.61411 3.06173 2.59676 4.02948 3.83721 3.23197 2.83493 2.63368 2.57798 2.53932 2.52174 2.49224 2.47987 3.38929 3.61219 2.77066 2.39655 2.38621 2.38588 2.34482 2.30686 2.30397 2.30157 2.55423 3.43496 2.29175 2.25315 2.24817 2.19731 2.17628 2.16929 2.16469 2.1553 2.8762 2.74266 2.2164 2.14984 2.14263 2.27979 2.08868 2.23449 2.05807 2.04291 1.97932 1.97597
threshold=0 510.50000000000006 1 3.5000000000000004 2 3 4 1.5000000000000002 5 4.5000000000000009 6 7 8 9 0.25710618495941168 1197.5000000000002 10 11 12 13 14 15 16 17 18 19 20 21 22 23 24 25 26 533.50000000000011 5.0501258373260507 27 28 1251.5000000000002 6.0527384281158456 29 30 31 32 33 34 35 36 2404.5000000000005 37 38 920.50000000000011 39 40 41 42 20.500000000000004 43 44 45 46 47 2.5000000000000004 5.8167102336883554 48 49 50 51 52 53 5.9645066261291513 54 11.500000000000002 55 10.500000000000002 56 38.500000000000007 57 58 19.500000000000004 59 60 61 0.039948545396327979 447.50000000000006 6.1988353729248056 62 63 64 65 66 5.8960287570953378 67 68 768.00000000000011 5.3279345035552987 69 70 71 95.500000000000014 33.500000000000007 72 768.00000000000011 73 74 75 0.14797523617744449 76 0.25040978193283087 77 17.500000000000004 78 79 80 11.500000000000002 81 82 83 84 415.50000000000006 85 365.50000000000006 0.012250103522092106 525.50000000000011 9.5000000000000018 4.2779421806335458 1150.5000000000002
decision_type=9 2 9 2 9 9 9 2 9 2 9 9 9 9 2 2 9 9 9 9 9 9 9 9 9 9 9 9 9 9 9 9 9 2 2 9 9 2 2 9 9 9 9 9 9 9 9 2 9 9 2 9 9 9 9 2 9 9 9 9 9 2 2 9 9 9 9 9 9 2 9 2 9 2 9 2 9 9 2 9 9 9 2 2 2 9 9 9 9 9 2 9 9 2 2 9 9 9 2 2 9 2 9 9 9 2 9 2 9 2 9 9 9 2 9 9 9 9 2 9 2 2 2 2 2 2
left_child=11 5 14 7 27 44 16 8 61 17 36 47 70 71 20 24 -7 18 -6 32 75 111 -11 -19 65 -16 40 -5 -13 -21 31 -14 120 53 35 -35 -9 46 -39 -20 -26 -28 -36 64 -2 89 67 -1 -23 -33 51 68 125 -22 -47 74 -57 124 -48 -43 -25 78 93 -63 -40 90 -50 -24 123 98 -12 92 81 109 -56 -3 -71 -45 -4 106 -81 -58 -83 87 85 86 88 -60 -85 -32 107 -76 -8 96 95 -95 -61 -64 -31 -66 -30 -46 -29 -62 105 -105 -68 -15 -96 -38 -27 -10 -82 114 -93 116 -115 -114 119 -98 121 -17 -112 -44 -18 -53
right_child=1 2 3 4 9 6 13 10 21 22 12 28 30 15 25 19 57 23 39 29 33 48 37 60 26 110 41 102 100 69 45 49 -34 34 42 -37 73 38 43 -41 -42 59 50 77 101 54 58 -49 66 -51 -52 52 -54 -55 55 56 72 -59 83 62 103 63 97 -65 99 -67 79 -69 -70 76 -72 -73 -74 -75 91 -77 -78 -79 -80 80 112 82 -84 84 -86 -87 -88 -89 -90 -91 -92 113 -94 94 108 -97 118 -99 -100 -101 -102 -103 -104 104 -106 -107 -108 -109 -110 -111 122 -113 117 115 -116 -117 -118 -119 -120 -121 -122 -123 -124 -125 -126 -127
leaf_value=0.50118900778354347 -0.044785873461674813 -0.24395956910218064 -0.48767074734808036 0.035088401802499551 -0.47438822818268245 -0.0016223908329026913 -1.0941313148134548 0.094194301601695271 0.060243041521885247 0.36876849784224147 -0.14869617990226988 0.016729263059177261 -0.46422822326244939 -0.33806131278204266 -0.0072104277043376188 -0.77987989993182816 -0.70244065045768278 -0.32378009636857957 0.24203049525157541 0.14780437863618553 0.34104730283405948 -0.06170575698262596 0.16166138821803899 0.30762905770794691 -0.28423920764356159 0.57255448098195982 0.22770351396282706 -0.2301703355743861 0.13234594937391234 0.10011384118191523 0.061705121312132509 0.084484422787466193 -0.6228457535620644 -0.57218383316738441 0.36144230740929406 -0.03165426481907839 -0.36373881170974393 -0.39195704467166853 0.18346768655057308 -0.190010864868424 -0.06231346689464197 0.16419374180118546 -0.68572326630778901 0.3723407502552506 0.28658679277395177 0.25240804823498292 -0.014623616248943015 -0.45370344734686274 0.41338973362188036 -0.19289126614658722 0.46778905927671799 0.01736356631095276 0.24962916498144805 0.16642919728363401 0.17205153769063916 0.066254376125293168 -0.065617791242692028 -0.32708279422921333 0.075688153498287516 0.06265627422858773 0.31524773268730988 -0.46545797819441559 0.23407509421165346 -0.02064198710653575 -0.2833533413146046 -0.097265898414010954 -0.039604574467424436 -0.034208620996453588 0.025967315884671806 -0.28754448668334098 -0.57053117358946581 -0.2698463401024116 -0.09565768069853188 -0.27552043820588434 -0.12426704063247813 0.071926525281582651 0.017101987991081011 0.077695773750552755 -0.89013847195779927 -0.11950039153143295 0.21364291150417514 -0.4418831202500868 -0.98864310621752061 -0.053641741456570684 0.41606772053086838 0.14975500158812513 0.11248729451354721 0.29486183540007882 -0.32189939681279262 -0.27154403660328436 0.15940847639430172 0.14818788888010395 -0.63870576427891257 -0.17483754310420549 0.064743665752630394 -0.7394250534972362 -0.014511855053630746 0.0081010543292443764 -0.92637822441892925 0.35321394155234143 0.28904640576551721 0.10259617124979251 -0.44649572988593828 -0.5530923220588112 0.070796362276218314 -0.053407338515442153 0.31436904524247439 -0.62541811065140485 -0.26693283461841127 -0.83326237473344433 -0.095215035392297365 -0.38371810020813729 0.18158105971125146 0.28823890208008979 -0.13229592113915184 -0.049262047190445385 0.048672976225606748 -0.069963819789339174 0.0049136039982196995 -0.24409135551499991 -0.20040220732199621 -0.27759185056716124 0.38502967715013003 -0.21315521573238672 -0.59133210890017318 -0.34769861834736471
leaf_weight=6126 3034 2260 406 3256 904 1747 113 729 510 4636 802 6034 818 1488 2412 195 219 1476 708 1796 3254 3660 4874 2226 2135 3800 2059 2657 8892 141 787 1704 2079 621 2593 1965 1168 1627 1430 3359 4499 2773 130 2238 2440 2242 3835 180 1673 5821 1712 2424 7088 10367 3298 1262 355 4587 2898 5198 1325 748 1825 1519 3119 3415 764 8473 4644 1780 1428 1105 1518 4172 4102 1347 1858 3674 103 3010 4658 830 110 2413 3789 14378 2383 9404 784 2375 246 955 468 598 1409 450 1408 2442 386 547 10893 1988 1905 242 6251 2390 3947 312 1270 329 194 1212 1532 2258 2963 2588 2811 1747 3212 2064 2269 356 8093 2901 359 429
leaf_count=6126 3034 2260 406 3256 904 1747 113 729 510 4636 802 6034 818 1488 2412 195 219 1476 708 1796 3254 3660 4874 2226 2135 3800 2059 2657 8892 141 787 1704 2079 621 2593 1965 1168 1627 1430 3359 4499 2773 130 2238 2440 2242 3835 180 1673 5821 1712 2424 7088 10367 3298 1262 355 4587 2898 5198 1325 748 1825 1519 3119 3415 764 8473 4644 1780 1428 1105 1518 4172 4102 1347 1858 3674 103 3010 4658 830 110 2413 3789 14378 2383 9404 784 2375 246 955 468 598 1409 450 1408 2442 386 547 10893 1988 1905 242 6251 2390 3947 312 1270 329 194 1212 1532 2258 2963 2588 2811 1747 3212 2064 2269 356 8093 2901 359 429
internal_value=0.000610468 0.000244445 0.000829021 0.000245948 0.00107725 -0.00181363 -0.00233317 -0.000893476 0.000882342 0.00141991 -0.00188993 0.0038914 -0.00128673 -0.00177293 0.00257165 -0.00151595 -0.00632476 -0.000650919 -0.00411363 -0.00400552 0.00183659 0.00159002 0.0019747 0.000589081 -0.000781729 0.00468929 -0.000219443 -0.00283853 0.0030156 -0.00153911 -0.0009001 -0.00320484 -0.0069892 0.00225444 0.00137389 -0.00310905 -0.00555868 0.00170411 -0.00011476 -0.00214128 -0.00297411 0.000521078 0.00190274 0.000770349 0.00210385 -0.00022344 0.00213616 0.00746675 0.0021099 -0.00228932 0.00136932 0.000911672 0.00261381 0.00384039 0.000218165 -0.000164787 -0.00300613 -0.00837681 0.00266306 0.000105477 0.00137737 -0.00489591 -0.000369104 -0.00323335 -0.00141794 -0.0040011 0.00276858 0.000559258 -0.00129473 -0.00362874 -0.00763393 -0.00898585 -0.00516118 -0.00658743 0.000445323 -0.00257949 -0.00256185 0.00265451 -0.0123969 0.00230917 0.00144839 -0.00869732 -0.0114737 0.0029754 0.00236535 0.00179778 -0.000429338 0.00415542 -0.0025039 -0.00374527 -0.0072179 -0.000129406 -0.014957 -0.00105772 -0.00330829 -0.00812977 -0.000351792 0.00214905 -0.0110626 -0.00303047 0.00386714 0.00411897 -0.00524497 0.000585242 3.37381e-06 -0.00260409 0.00430205 -0.00855555 -0.00142217 -0.0104409 0.00563528 -0.00472286 0.00270165 0.00062581 -0.00128127 0.00160246 0.00295137 0.000726665 -0.00169704 -0.00342166 -0.0040636 -0.00960073 0.00470893 -0.00387701 -0.0160204 -0.000757946
internal_weight=320197 288072 224349 168115 97201 63723 56261 70914 25489 89383 45425 32125 39027 49349 56234 47663 6912 18881 4971 10860 41735 22713 70502 13910 36803 14499 31342 7818 25819 5961 36797 8343 4899 38128 24507 2586 6398 65866 12635 4067 6634 24708 21921 11008 7462 28454 53231 6306 20991 7525 19328 17616 9941 13621 25292 23050 4075 5165 39884 22649 12434 2776 19876 2267 5096 5461 17331 13347 7675 4165 2230 1686 2813 5669 18975 3607 3638 5912 509 15658 10947 1295 940 36049 23747 19958 5580 12302 3197 3162 2046 15677 581 15609 3727 1048 11882 4267 527 3666 19785 4428 4562 10208 8883 2632 4711 1800 2679 1497 12087 1722 7937 11575 3918 7657 5069 3279 6684 3472 2820 551 8287 3031 578 2853
internal_count=320197 288072 224349 168115 97201 63723 56261 70914 25489 89383 45425 32125 39027 49349 56234 47663 6912 18881 4971 10860 41735 22713 70502 13910 36803 14499 31342 7818 25819 5961 36797 8343 4899 38128 24507 2586 6398 65866 12635 4067 6634 24708 21921 11008 7462 28454 53231 6306 20991 7525 19328 17616 9941 13621 25292 23050 4075 5165 39884 22649 12434 2776 19876 2267 5096 5461 17331 13347 7675 4165 2230 1686 2813 5669 18975 3607 3638 5912 509 15658 10947 1295 940 36049 23747 19958 5580 12302 3197 3162 2046 15677 581 15609 3727 1048 11882 4267 527 3666 19785 4428 4562 10208 8883 2632 4711 1800 2679 1497 12087 1722 7937 11575 3918 7657 5069 3279 6684 3472 2820 551 8287 3031 578 2853
cat_boundaries=0 12 22 34 46 58 69 80 91 103 113 124 134 146 157 169 181 192 203 214 225 236 247 258 269 281 292 303 314 325 336 346 357 369 380 391 403 414 426 437 446 457 468 480 491 501 512 523 535 546 557 568 579 590 601 611 621 632 642 653 664 675 686 696 707 717 727 738 749 758 768 779 790 801 812 823 835 846 857 868 878 889 900 911 922 932 944
cat_threshold=2148534274 0 4227136 1073743872 1409287168 270336 402657288 393232 270532608 2416451584 131073 64 4227137 2164262528 403177472 2097152 260 301989888 3264905248 256 33554577 134217728 0 2148007970 9220 268435456 134217896 1615986688 512 268435456 805568512 72482816 64 42 128 72482816 4 1411 0 4198432 67109636 4239360 4194320 134217744 2156396548 8 25296896 268566528 4482 1310720 3288334340 8405408 131584 266240 8 301990400 66048 8 136331268 1073742080 8470530 538575104 2155872264 9569408 262144 8200 20971560 0 4259840 44564736 1073741826 132 33587456 8192 537067520 2147483648 528448 65538 2149842948 2147488256 65536 33556992 289 536870912 2214602816 4268032 9437440 262144 2098306 2097216 270140480 528384 1077936160 32 8683777 160 168128 4194304 8256 83886114 32 268438528 16 4194304 33563186 8929792 151257092 1081348 302006656 32768 268435464 2734686208 2097184 302006276 18874374 4096 262144 2048 672268288 9044016 512 1073742888 572658176 65536 3276800 8392704 262144 134873096 805306368 8388640 524296 165888 1032 1208222720 16793600 2097152 4384 132097 64 1280 256 561152 1073744898 2228800 277349376 24 131072 38912 134217984 8 0 131072 34603072 2156921857 1048579 1075052864 4194304 17825792 69337120 192 2684387328 67244608 131072 205521152 262664 128 2147487744 2165309440 64 19398784 33554704 8454144 536872960 0 1179680 256 786696 67108992 2630720 2151682048 8 2166358016 134218752 32768 672434176 310378560 41959424 75505664 384 2 2717909000 200704 176160768 272 16384 41943043 9437312 16424 67379264 2 1114152 1614807040 1124 33653057 2281703552 16777248 1179648 537002240 0 2147492864 2178 1568 1077936257 16781312 2164391936 33560576 268697601 2228224 335548416 541081600 2147483664 2151981056 3145728 10248 2147549188 591876 134221840 293863424 10616834 805310464 1073774592 0 2147614744 69633 1080033408 4194304 8388612 12587008 17039360 33570820 0 134218752 320 2169503744 201327624 538183944 1540 2228224 2147487746 65664 278656 537395204 537002240 268567072 8520224 8388609 1075053056 8388608 1048576 50336768 134217728 8 268435456 4195336 1573120 2 268435488 1744830464 524289 17891328 8388612 256 134611968 8388608 4194600 1441792 262145 104861697 1057280 2048 24 16777216 41943040 8388608 4 0 0 16 1609730 1074856968 2050 8388672 1048576 33558528 0 33554432 0 541196288 1048832 8914946 16 1610875200 1029 8388608 4 16777216 2052 268435456 32 1048576 131074 1048576 1208221698 4194304 16908292 4194304 65793 16384 8192 5308416 0 17858562 134288384 131650 276824576 69730304 4194310 65542 2684879108 33587328 1073774720 262144 96 69632 67112960 4352 268439552 1073746948 65538 2183151624 2147485696 1073841160 9437248 513 68157442 33561600 1 2189426692 33 2147500416 10240 64 109576336 33026 0 536871942 131140 2147483648 35840 4198657 18438 2147491840 327680 2148007936 16908290 16777248 2629634 4195072 16 4 33560576 17039360 33554440 0 138543112 128 4097 1049600 1074004224 8388608 0 20977664 16777600 131080 0 537003048 1048576 923905 9 1208222016 1 134349056 137375744 0 130 2718994432 16384 512 0 0 608310016 77892 8 540672 46141440 257 131076 8192 4407360 64 17860608 134217736 0 4194308 16777216 8388626 4129 6 0 1610662216 1024 4196868 134283264 539103240 16778240 8 75513860 2052 1 16520 2684368960 4194560 256 4194308 134221824 1644168968 2147483648 0 16777344 402653184 0 0 0 1179648 0 128 147460 41943040 268435490 131080 2048 536872008 131584 13633536 1144061952 262144 8388612 16386 46137348 268435456 1073741824 2180 268505088 524320 5279746 1084228609 2099584 8388609 67125248 2231369744 66050 16388 32896 0 146801920 20971660 1310720 537002016 268566528 2 268435456 6293504 16781312 2099208 268435456 128 101187600 2147615232 144704552 168296512 4259841 16777217 142606336 65536 131080 536870912 1073741824 0 4 8388608 262144 33554433 1140855296 524802 2097284 36864 256 134349856 2147483652 160 2887712 2415921156 16912384 10485764 2162688 2097152 2147483776 65544 4194448 2147483652 68161537 570426368 272630272 285343748 2140160 2097408 0 36928 34048 512 2147485737 67109890 36 21037312 16 0 16778240 256 33554440 0 536870912 524288 2155876353 8388624 263232 64 0 16809984 262433 33554432 2048 32 35127296 1052673 134217728 1074003968 524549 268435456 16777220 423624704 2097152 0 65536 33554432 2147518465 16 134480960 321 503316485 29360128 4202753 136855552 536879104 128 2181300224 5243906 0 4096 1 268435456 119543808 138674210 1 67108864 65536 1048576 10092608 140509200 1604 257 10616832 4096 150994944 0 0 671121544 34603008 2151679233 1074791433 135267072 277413892 0 20976640 17039360 131072 0 134218784 8388608 2155872256 134218752 1074266112 0 0 262272 131080 0 672137216 64 6145 0 1073741888 268435456 2066 8667136 1572868 8192 5242880 67110272 21496320 4096 35914826 2147484416 8404992 0 16777216 34209792 0 671088640 0 2 66560 536870912 276955136 0 134217728 33554444 0 1064 1572864 131073 16 1074004482 1028 67174400 131104 256 2315518088 536870976 138477600 71303696 4099 2 37750786 8916992 1048576 203423872 128 42205184 6400 0 524288 2155874816 42 671222274 324 4 0 262177 0 603979776 1024 0 0 1073741824 1073742858 524292 9453696 8390788 4198432 0 2052 134283424 2147483776 4856320 68157448 1600 276824064 0 16777344 8 0 1056 0 8912898 1073742848 1049152 256 268435456 36702208 17105025 16392 2147483904 72 4980736 16908288 1075838976 134219778 9453568 0 4198400 0 2048 65568 2147483648 2048 8 64 0 1024 20971552 524288 67108864 134217728 8912896 2147483904 1024 64 524289 131200 3147776 268439552 8390664 335544320 128 16 2147648512 27263016 1242042432 1029 0 528 0 134217728 0 0 0 0 536870912 270532608 16781312 268435456 0 0 134348800 0 512 8454152 256 403193856 16782336 2 33587200 8192 671252480 1179712 25691457 1082130432 1052736 64 0 16778240 402919680 536887304 2048 537919488 8388672 1048576 65544 133890 256 26214400 1048576 272662528 2281701380 268439552 1207992416 33554512 1083392 1074790424 134218756 4194305 655360 2048 385 131072 0 536936456 0 8390657 1048576 66 8388608 8388608 0 0 0 67633152 66560 8388672 262145 0 537395456 260 2162944 8519680 8720928 536871044 2181171200 4194432 256 4100 4198400 2097344 2415921152 8 16384 4 0 131076 0 33554440 0 16781313 2097160 1107296514 8389696 268435456 5120 262528 536870912 2048 132096 42991680 25165824 1073741832 262144 256 1064960 4228100 4194338 16388 8196 264 71303360 9439746 1 538050624 4195584 8388608 0 160 8 0 32 0 2147485697 1024 537920064 276824192 7342080 262272 0 14336 0 256 9469952 9441280 1312320 2147483908 4 41943040 12291 536870912 2048 66568 0 2147487754 1207959552 1074790400 4718592 18874368 33554436 16781440 167903240 2048 536871200 262224 2156926984 9437184 1074792448 17301504 0 33555456 12853281 2685403136 2052 1024 34079296 9437186 1207959552 4196616 16777280 8388608 6146 134479872 8 0 8 8388736 16814081 144708625 1074004224 8388608 1073741888 269496577 545275904 0 1073742912 524288 0 65536 262408 65792 16
is_linear=0
shrinkage=0.1


Tree=10
num_leaves=127
num_cat=51
split_feature=10 15 2 12 0 15 16 2 2 2 2 2 2 9 10 20 9 2 5 5 6 12 2 9 10 2 0 15 2 2 2 2 2 2 20 9 10 0 13 2 12 9 2 2 2 8 10 2 2 9 15 10 9 2 2 12 2 6 2 10 5 0 2 2 2 5 2 15 0 10 8 2 14 2 2 20 20 18 10 10 10 10 17 2 9 14 12 5 10 3 2 2 3 5 16 16 9 2 10 20 21 2 8 2 2 18 2 8 0 13 10 2 16 5 12 5 2 14 15 14 2 9 8 20 9 0
split_gain=63.9674 47.2869 21.3711 19.0224 14.1093 13.6983 13.5762 11.1818 11.0162 10.765 8.67353 8.6214 8.33555 7.33967 12.5215 6.75313 6.72221 7.44303 6.5981 6.33971 6.10088 5.74408 5.64034 5.60941 9.43222 7.62756 5.47017 5.12029 5.03384 4.90203 4.76462 4.73884 4.67597 4.59307 4.48281 4.42551 4.43652 4.12901 4.04661 3.95364 5.29395 3.93745 3.92224 3.78489 3.69612 3.6453 3.64097 3.56452 3.55549 3.5983 3.43522 3.41475 3.78752 3.40357 3.38676 3.32756 3.18445 3.17878 3.01487 3.01349 3.0002 2.99821 2.9777 2.93013 2.9147 2.88213 3.38683 2.84296 2.88505 2.84141 2.8347 4.7571 2.9807 3.91913 2.76964 2.71841 2.60593 2.59427 2.57206 2.51513 2.51313 2.44825 2.7673 2.44256 2.42809 2.50977 2.42731 2.40505 2.38863 2.30814 2.29192 2.27733 2.26588 2.47704 4.54182 2.44629 2.40586 2.25183 2.2518 2.25021 2.24367 2.23687 2.24449 3.16283 2.99425 2.83887 2.22985 2.20585 2.20047 3.17576 2.19914 2.74903 2.17816 2.39397 2.14889 2.16343 3.50386 2.55963 2.11472 2.11212 2.11095 2.10001 2.0848 2.0674 2.05571 2.054
threshold=106.50000000000001 2853.0000000000005 0 470.50000000000006 1 3894.5000000000005 0.21246317774057391 2 3 4 5 6 7 428.00000000000006 89.500000000000014 0.18083917349576953 328.50000000000006 8 440.50000000000006 650.50000000000011 4.5000000000000009 2.5000000000000004 9 308.50000000000006 73.500000000000014 10 11 4175.5000000000009 12 13 14 15 16 17 0.22033832222223285 319.50000000000006 190.50000000000003 18 4.5000000000000009 19 265.50000000000006 161.00000000000003 20 21 22 29.500000000000004 377.50000000000006 23 24 507.50000000000006 643.50000000000011 255.50000000000003 432.50000000000006 25 26 6.5000000000000009 27 3.5000000000000004 28 213.50000000000003 880.50000000000011 29 30 31 32 1160.5000000000002 33 2261.0000000000005 34 205.50000000000003 29.500000000000004 35 29.500000000000004 36 37 0.17564462125301364 0.22991262376308444 0.24075242877006534 99.500000000000014 70.500000000000014 116.50000000000001 98.500000000000014 0.011024846229702236 38 134.50000000000003 21.500000000000004 918.50000000000011 445.50000000000006 86.500000000000014 6.5000000000000009 39 40 5.5000000000000009 865.50000000000011 0.17232260853052142 0.21352542191743853 1065.5000000000002 41 183.50000000000003 0.15427189320325854 0.020166116766631607 42 9.5000000000000018 43 44 0.25141519308090216 45 11.500000000000002 46 52.500000000000007 97.500000000000014 47 0.11969583109021188 935.50000000000011 30.500000000000004 1210.5000000000002 48 5.5000000000000009 602.50000000000011 16.500000000000004 49 451.50000000000006 29.500000000000004 0.35039506852626806 372.50000000000006 50
decision_type=2 2 9 2 9 2 2 9 9 9 9 9 9 2 2 2 2 9 2 2 2 2 9 2 2 9 9 2 9 9 9 9 9 9 2 2 2 9 2 9 2 2 9 9 9 2 2 9 9 2 2 2 2 9 9 2 9 2 9 2 2 9 9 9 9 2 9 2 9 2 2 9 2 9 9 2 2 2 2 2 2 2 2 9 2 2 2 2 2 2 9 9 2 2 2 2 2 9 2 2 2 9 2 9 9 2 9 2 9 2 2 9 2 2 2 2 9 2 2 2 9 2 2 2 2 9
left_child=2 3 -1 4 7 9 10 20 64 21 42 45 -10 14 23 22 17 -16 31 32 39 79 -14 24 56 41 33 48 -20 -28 -21 -8 51 -13 63 -17 43 38 124 69 92 76 -3 -37 -15 60 55 -39 -12 -50 -32 52 -9 -38 -36 100 -11 65 -27 -33 108 -43 -7 107 -6 123 -67 68 121 75 72 -72 73 -52 77 -2 -26 -70 -40 -4 -51 82 -19 -80 -60 88 -35 -44 120 -82 -23 -69 -41 95 96 -94 -95 -25 -76 -66 -24 -56 104 -104 -103 -106 -100 -31 109 -5 111 -49 113 -58 -91 -116 117 -117 -87 -71 -86 -57 -93 -45 -18 -101
right_child=1 6 5 11 8 62 18 19 12 13 27 26 15 44 16 35 37 81 28 30 -22 90 46 97 25 58 29 -29 -30 34 50 59 -34 86 54 36 53 47 78 40 -42 61 87 57 -46 -47 -48 110 49 80 70 -53 -54 -55 101 67 112 -59 84 -61 -62 -63 -64 -65 99 66 -68 91 74 119 71 -73 -74 -75 98 -77 -78 -79 83 -81 89 -83 -84 -85 85 118 -88 -89 -90 114 -92 122 93 94 -96 -97 -98 -99 106 125 -102 102 103 -105 105 -107 -108 -109 -110 -111 -112 -113 -114 -115 115 116 -118 -119 -120 -121 -122 -123 -124 -125 -126 -127
leaf_value=0.41916926186913417 -1.1779539972632924 -0.73524094983843158 -0.31541019079644106 -0.018692835858979167 -0.46924470912992211 0.15410523420396224 0.16132418188978415 -0.65460004580451336 0.21782937238026034 0.36530875369445004 0.20858155601049633 0.053723096597180109 0.14105139391408167 0.022373329606853152 -0.0017466626007965045 -1.1040145472211453 -0.5020439613152442 -0.77642960960366258 0.15940628383838662 0.25395671143091264 -0.21730050248521057 -0.27976060075390857 -0.28807616428486466 0.40728537567053397 -0.82813411832434447 0.20583891699863588 0.273582662895267 0.3886611895327492 0.36932501410023044 -0.22577055048678482 -0.35995529073742322 -0.098784766508463684 -0.051465144952907049 -0.37561725712322636 -0.086969898368963031 -0.10227612814586991 -0.43491237945082784 0.21770376782093737 0.055283771070597482 -0.86064428488881828 -0.30413813244218008 -0.29173079498792609 -0.28435685944007294 -0.0018632720306615193 0.26723122638231683 -0.58618592873908237 -0.76718340941532825 0.19051905071757794 -0.52912069704334053 0.26344143076629239 -0.29492026188162973 -0.78870059700825468 -0.22347292846974615 -0.093030295305195909 0.39277385193084169 -0.81933190228254826 0.042551562620118666 0.14476538598018415 -0.33347833509015268 -0.59936560847148157 0.015250682587227733 -0.03391452762138502 0.35870146655326407 0.022934522226889301 -0.42177706660998926 -0.53200891746459944 0.028535908270828206 0.14709598934102466 -0.31120451458879828 -0.88177500207959714 -0.60411189167281565 0.065565064246590046 0.043098210779160866 -0.037523313298274186 -0.058211613445395265 -0.53014610888240343 -0.2219604316884369 -0.81127019564397873 0.29290311430386068 -0.68036390949658465 -0.14101816086321056 -0.62576920996609187 -0.2130356899903213 -0.49657897626252173 0.14742554946529898 -0.31111267301571294 -0.0027215806442166951 -0.045197589736052396 -0.37291788230375023 -0.30263185130943904 -0.019365192466296859 -0.055944727638535141 -0.30379227603463366 -1.0778384269250603 -0.45801332708948811 -0.61809507230392713 -0.61299100244207438 0.20985333019328431 -0.56190091485178162 -0.36939178353965768 -0.81943875726684989 0.22444022375544012 0.4150898229475295 0.019518757825393505 -0.15751200226477691 0.12876827800879923 -0.20740992161887217 0.013640455232199981 -0.2448693967860226 -0.84485612473445415 -0.044913797730280813 -0.04739517614880321 0.16848172349671542 -0.53088206235685254 0.063914402945865159 -0.71376330456978154 0.24378873071994703 -0.21562067449668618 0.13199830197333182 -0.22795252016323364 -0.084276887481799498 -0.31929080727878578 -0.41346810112633375 0.55465956626596868 -0.32497472850273473 -0.19286850625553126
leaf_weight=9494 115 706 258 121 508 3584 1739 338 4233 3035 4027 1786 1644 1901 3611 166 126 246 7474 1161 5041 276 283 2040 234 3409 4018 2537 17017 2334 1643 1388 3105 1673 1758 5661 1422 3222 1428 170 2902 495 995 7625 9658 284 195 2177 309 2362 2656 965 6961 10284 1727 124 241 12614 281 353 1823 2520 8057 13065 1730 485 464 1317 969 138 505 494 6189 5837 5406 252 147 125 100 190 2009 487 2024 299 1769 165 642 4613 437 267 9972 2979 1033 289 573 379 113 6378 941 1226 171 2591 3677 2084 2112 2001 2344 1272 2178 164 3556 1577 13074 107 10454 221 513 633 5307 232 2322 1634 314 406 290 6117
leaf_count=9494 115 706 258 121 508 3584 1739 338 4233 3035 4027 1786 1644 1901 3611 166 126 246 7474 1161 5041 276 283 2040 234 3409 4018 2537 17017 2334 1643 1388 3105 1673 1758 5661 1422 3222 1428 170 2902 495 995 7625 9658 284 195 2177 309 2362 2656 965 6961 10284 1727 124 241 12614 281 353 1823 2520 8057 13065 1730 485 464 1317 969 138 505 494 6189 5837 5406 252 147 125 100 190 2009 487 2024 299 1769 165 642 4613 437 267 9972 2979 1033 289 573 379 113 6378 941 1226 171 2591 3677 2084 2112 2001 2344 1272 2178 164 3556 1577 13074 107 10454 221 513 633 5307 232 2322 1634 314 406 290 6117
internal_value=0.000596095 -0.000388802 0.00262637 -0.00128413 -0.00198101 0.00217346 0.00206311 -0.00345709 -0.00113072 0.00172495 0.000572084 0.000445818 -0.000641258 0.00216078 0.00172395 -0.000956358 -0.000395444 -0.00304962 0.00364342 -0.00244307 -0.00614653 -0.00123669 -0.00253388 0.00269083 0.00211162 0.000465879 0.000907976 0.00146174 0.00422237 0.00129581 -0.00130105 -0.000431034 -0.00430205 -0.00255169 0.000889032 -0.000212896 -0.000143476 0.000927593 -0.0029605 -0.00825371 -0.00727921 -0.00376982 -0.00271347 0.000555862 0.00447184 -0.00366812 -0.00307994 0.00175678 0.000944939 0.000302778 -0.00171686 -0.00554266 -0.00481025 -0.00177174 0.00208777 -0.00292226 0.00382026 0.00115904 0.00151825 -0.00410622 -0.00294914 -0.00257048 0.00538699 -0.000257333 -0.00428422 -0.000278396 -0.00548999 -0.00268495 -0.00352335 -0.0151673 -0.00126204 -0.00641642 -0.00091132 -0.00212763 -0.00284329 -0.0216076 -0.0133596 -0.00757246 -0.000946907 -0.0123214 0.000503676 -0.00694976 -0.00559471 -0.00804511 0.000661744 0.00092 -0.00548387 -0.00181915 -0.000821554 -2.12774e-06 -0.000753317 -0.000585683 -0.0106101 -0.00981567 -0.0136923 -0.00713881 -0.0218408 0.00499881 -0.00223997 -0.00386106 -0.0113656 0.00259963 0.00212826 0.0035775 0.000886039 -0.000793111 -0.00430746 -0.00277655 -0.00522533 -0.0133898 0.000532787 0.00222163 0.00315069 -0.00465517 0.000519524 0.000719906 -0.00302121 -0.00689815 0.00236111 -0.00918919 -7.08869e-05 -0.00725113 -0.0019891 0.000337443 -0.011875 -0.00310091
internal_weight=319899 215405 104494 157788 112478 95000 57617 41091 71387 83359 29646 45310 61806 72663 61104 57573 19143 6368 27971 29854 11237 10696 18446 41961 33543 17086 40740 23332 24491 36639 18485 3480 11369 4101 32621 39127 38961 12775 2243 6196 5459 3396 6314 27255 11559 4570 16802 10532 20795 16768 17324 8264 7299 11706 15950 16607 16457 21594 13690 1741 4286 3015 11641 16671 9581 8980 949 16153 11543 737 15681 999 14682 8493 9785 367 381 1094 1827 448 16459 2757 2270 399 10281 10000 2315 5608 4528 14097 10248 4610 2557 2387 975 1412 402 8418 8691 9073 454 14192 12465 5761 6704 4113 3285 3606 2463 285 7310 3754 13422 348 12088 11821 1367 854 5472 370 4091 1758 3293 8031 416 7343
internal_count=319899 215405 104494 157788 112478 95000 57617 41091 71387 83359 29646 45310 61806 72663 61104 57573 19143 6368 27971 29854 11237 10696 18446 41961 33543 17086 40740 23332 24491 36639 18485 3480 11369 4101 32621 39127 38961 12775 2243 6196 5459 3396 6314 27255 11559 4570 16802 10532 20795 16768 17324 8264 7299 11706 15950 16607 16457 21594 13690 1741 4286 3015 11641 16671 9581 8980 949 16153 11543 737 15681 999 14682 8493 9785 367 381 1094 1827 448 16459 2757 2270 399 10281 10000 2315 5608 4528 14097 10248 4610 2557 2387 975 1412 402 8418 8691 9073 454 14192 12465 5761 6704 4113 3285 3606 2463 285 7310 3754 13422 348 12088 11821 1367 854 5472 370 4091 1758 3293 8031 416 7343
cat_boundaries=0 11 12 23 34 46 56 67 78 89 100 111 112 123 135 146 157 168 179 180 191 199 210 221 232 243 254 266 277 289 290 301 311 322 332 333 343 354 366 376 388 398 409 420 431 442 451 452 463 474 485 486
cat_threshold=100679682 128 2097153 1074792448 67108928 306262016 301990176 1310720 4096 448 656448 537 277889024 1073741824 8388864 262404 67108864 537002272 2147484160 1835009 9437184 1312256 2147486017 540676 69208098 2101248 1572864 201326592 135266336 2147483648 272630336 4194304 1180162 2151678532 1050624 269091330 512 2621442 0 9437184 12288 141312 536870912 3628081172 2147487744 34 8454144 4 16777249 278536 335544320 4325440 131520 8787968 2097152 263168 2097152 1048608 14688256 8685569 67109636 536936448 131872 262148 34607104 2097408 25165888 17826049 33587840 4456448 2155872264 2424340480 320 146800792 0 8388640 572522496 8392704 270532608 2147484672 285220896 268435460 8 536871240 80 25165824 134217736 131080 256 67108864 16778240 1 2113536 536881152 16384 34078976 1743872 1140850816 134742016 524288 9043968 8389632 138428548 0 4384 32 67109520 524856 1074791424 34603008 4194564 12304 1196036 4096 16781312 524300 335544324 537002016 1048832 2151811072 1075838976 134480906 2147483653 268451840 8389634 65536 33571072 268437568 0 2189426688 285344256 1210056704 2684354590 66560 16 131072 33556482 3 655360 2684354560 33592320 33554576 514 1073741856 537006080 4195332 9437184 16777216 134217728 33554432 0 134349824 9961472 6146 0 1610613312 256 0 5124 285474944 8 2147483648 134218752 524288 2155876352 134217752 0 525312 9437184 20972544 285474816 34603016 2048 131080 8912896 25165824 1082130456 1610612744 256 4400 276824064 0 256 262144 0 256 0 1835008 0 262144 1 0 0 0 262144 0 4325376 131328 262144 8519680 1073745924 268435712 134234116 4100 536888320 0 165890 67175434 1073743880 17367040 16908288 2182088960 262144 33554432 1073778848 1610743808 4325376 525312 202375169 525826 268435972 0 134218772 276828448 131073 10242 132104 2156921360 8421632 1048592 2228224 8388609 0 2064 134221824 4 2308 1073808424 4718592 4751874 9438209 2228290 4 0 1024 285212672 0 0 8 34078720 2149193728 1049730 0 1280 2189430784 0 1 2147483654 2147614720 128 268435456 2148016160 0 6656 272635908 8 268959744 9439232 540928 134217732 260 1073759392 0 528904 68157440 33947648 29360133 2415919264 23068672 17039618 2147483648 545259528 0 8781892 16777600 150994977 131072 268500992 8 4362 268500992 4096 4194464 35668100 1073750016 1073742848 9568768 16910336 8388608 134221322 2147483904 1 83890180 262528 2097284 36992 5637568 67108864 8388608 12583944 5243008 524288 2080 4096 524288 134217728 1048576 0 268435456 4194304 0 2147483648 67108864 1024 150994976 33685504 10240 65544 1048576 0 1073741952 262144 1280 0 0 402653312 8 0 0 0 0 16 256 0 2101248 402653344 0 4 4194304 0 12584960 0 0 268500992 0 8388608 256 131072 0 128 0 2164260864 3146752 0 0 8 0 0 128 8 0 134217728 0 0 0 1048576 0 524288 0 0 0 1048576 0 0 536870912 268435456 4096 32 0 8392704 256 131072 0 1032 1048640 8650753 66568 2112 268435456 2080 134480000 0 268435456 134217768 1574016 8918529 134218753 0 4259840 1 1162346496 266496 536870912 12416 4195656 134218752 4194568 29360128 138543104 256 1179648 6144 150995106 1179656 0 134348800 1048640 8394752 1033 33816768 655360 524292 2149582848 402653186 2097152 1048576 262176 1078460416 1051651 48 1074790400 2148007937 0 4096 268435456 33554432 0 0 1048640 8388609 1 8832 16777216 30412800 150995968 0 0 536887360 524352 528384 2098184 2 4 269484032 16778240 4194432 2048 0 134217728 8388608 1048576 16 768 8388608 2097152 2048 8388640 134365196 2048 1073872896 0 4098 10485760 265256 16777216 12548
is_linear=0
shrinkage=0.1


Tree=11
num_leaves=127
num_cat=79
split_feature=10 11 10 11 10 1 11 11 11 10 13 2 2 1 1 2 1 2 2 1 11 10 2 1 2 1 1 15 1 1 11 1 1 2 1 2 5 10 2 2 1 2 11 1 2 2 1 2 10 20 1 1 1 2 18 2 1 1 2 1 1 10 2 2 1 1 2 20 11 1 1 2 2 1 13 11 10 10 1 1 1 1 11 2 10 1 1 11 1 10 6 10 11 2 1 10 20 2 11 2 10 2 2 15 2 1 2 1 11 20 1 11 20 2 1 11 1 2 1 1 1 6 13 2 2 15
split_gain=53.272 38.258 29.2002 26.2295 36.5135 17.8372 17.8124 17.4265 16.1588 14.221 13.2146 11.7959 11.715 11.1252 11.0125 11.494 10.5345 10.3856 8.99597 11.6759 8.33388 10.7855 10.5724 8.14369 7.79247 7.43796 7.358 7.06345 7.19748 6.40877 6.2411 6.78826 6.14533 5.97476 6.03337 5.97331 5.82292 5.60944 5.52141 5.34073 5.33359 5.16225 5.00579 7.28533 4.81016 4.55098 4.50441 4.81938 4.49858 4.4772 4.99126 4.46076 4.33174 4.23423 4.26483 4.07146 4.06816 4.04587 4.00297 3.82654 3.78162 3.63649 3.63504 3.62425 3.53505 3.50805 3.47687 3.52889 3.46045 4.8385 3.90058 3.72305 3.39844 3.37127 3.36274 3.29111 3.26876 3.24292 4.79584 3.59298 3.21755 3.17078 3.06724 3.05085 3.01378 2.99886 2.99332 2.97478 3.21273 3.12317 2.95076 2.89263 3.21253 5.00524 3.47467 2.86596 2.83972 2.79688 3.3384 2.7887 2.77621 3.44235 2.77311 2.75841 2.68858 2.67051 2.64156 2.67831 2.62917 2.60106 2.59626 2.56817 2.55861 2.52541 2.50827 2.48177 2.481 2.46505 2.45728 2.42329 2.41067 2.39908 2.3746 2.44608 2.35531 2.64372
threshold=135.50000000000003 5.3524198532104501 205.50000000000003 4.897512912750245 96.500000000000014 0 6.1226937770843515 6.1988353729248056 3.6572751998901372 334.50000000000006 4.5000000000000009 1 2 3 4 5 6 7 8 9 4.2006943225860605 73.500000000000014 10 11 12 13 14 3217.5000000000005 15 16 3.4392092227935795 17 18 19 20 21 490.50000000000006 108.50000000000001 22 23 24 25 5.6254031658172616 26 27 28 29 30 127.50000000000001 0.24075476825237277 31 32 33 34 0.091408587992191329 35 36 37 38 39 40 111.50000000000001 41 42 43 44 45 0.15509945154190066 5.7739620208740243 46 47 48 49 50 2.5000000000000004 6.6547718048095712 252.50000000000003 85.500000000000014 51 52 53 54 4.5939764976501474 55 104.50000000000001 56 57 4.9280288219451913 58 164.50000000000003 4.5000000000000009 170.50000000000003 4.7905101776123056 59 60 86.500000000000014 0.32305318117141729 61 6.4581990242004403 62 77.500000000000014 63 64 2157.5000000000005 65 66 67 68 5.3412013053894052 0.17019512504339221 69 3.0043103694915776 0.18458759784698489 70 71 2.0122241973876958 72 73 74 75 76 6.5000000000000009 23.500000000000004 77 78 658.50000000000011
decision_type=2 2 2 2 2 9 2 2 2 2 2 9 9 9 9 9 9 9 9 9 2 2 9 9 9 9 9 2 9 9 2 9 9 9 9 9 2 2 9 9 9 9 2 9 9 9 9 9 2 2 9 9 9 9 2 9 9 9 9 9 9 2 9 9 9 9 9 2 2 9 9 9 9 9 2 2 2 2 9 9 9 9 2 9 2 9 9 2 9 2 2 2 2 9 9 2 2 9 2 9 2 9 9 2 9 9 9 9 2 2 9 2 2 9 9 2 9 9 9 9 9 2 2 9 9 2
left_child=3 14 7 4 5 53 17 13 12 11 25 36 73 -3 66 87 48 59 51 41 21 45 40 112 116 120 62 28 55 -13 31 -24 96 34 61 -28 52 -37 -30 -33 -23 -20 43 102 86 -12 -27 77 72 50 -17 -15 75 54 -1 74 -32 -49 -45 76 -38 -26 -5 -52 104 -51 -2 -68 69 -46 83 -71 -10 -6 -9 -8 -4 79 -79 -48 117 -25 84 -70 -36 -86 -21 89 -89 -16 -43 92 93 -65 -94 110 -11 -31 -99 -22 103 -102 -39 -59 -35 -47 107 -44 -104 -34 -41 -42 -14 -67 -19 -107 -18 -40 -80 -93 -7 -62 -90 -124 -97 -126
right_child=1 2 6 26 8 10 9 27 16 32 20 29 23 18 15 49 24 114 19 44 99 22 30 81 33 46 35 -29 38 97 56 39 109 64 82 37 60 42 80 95 111 90 106 58 68 105 47 57 -50 65 63 -53 -54 -55 -56 -57 -58 100 -60 -61 121 -63 -64 91 -66 113 67 -69 70 71 -72 -73 -74 -75 -76 -77 -78 78 118 -81 -82 -83 -84 -85 85 -87 -88 88 122 -91 -92 119 94 -95 -96 124 -98 98 -100 -101 101 -103 108 -105 -106 115 -108 -109 -110 -111 -112 -113 -114 -115 -116 -117 -118 -119 -120 -121 -122 -123 123 -125 125 -127
leaf_value=-0.061065840553218821 -1.1941996122355127 -0.60702239927103452 -0.64859054998511789 0.15141399735417435 0.032480783063805065 -0.60081106026347508 -0.94420164416476138 -0.59872523948706469 0.0014156839360702487 -0.5158763426130758 0.011308450264366252 -0.13509401144906577 -0.95973037648191117 -0.057983118238075296 -0.56381354634133674 -0.3948215905090886 -0.25398462312914089 0.029037612147270433 -0.040161682605293299 -0.022846423149552299 0.12622877021039694 -0.56823162788685533 -0.31627066213988347 -0.19451391894713921 -0.055240691189973684 0.17406040177163656 0.038414530828851323 0.41825312016168498 0.41453658776726521 0.28542074710781612 0.046676915573463762 -0.18186509028263989 -0.64244596308634216 0.15639615506994645 0.11066338955052707 0.38556060000636028 -0.33545871589017162 0.14558559846689262 0.43970031279126154 0.27407499572244587 -0.45279786056137328 -0.33973738947421439 -0.01923758375115546 -0.0017972864286875654 0.020840990080154779 0.071870886155664157 0.22733035486413572 0.059857871852812931 -0.80891447166599206 0.23324428910295261 0.17459139529713474 0.27746478782797612 -0.15310060123606448 0.19444080345519174 0.49060821524198461 0.02197688605845953 0.23699620763544893 -0.37908250295256635 0.26711824042396692 -0.55524719627047092 -0.05682532443440174 -0.33463868775455768 -0.2336582464401869 -0.096284698844457117 0.093739729570586239 0.033897856214912432 -0.70448546095142983 -0.41998684985193901 -0.18277609032814615 -0.400601807513079 -0.084649140282386848 -0.12428816440220905 -0.31855844104191633 -0.32090290156748663 -0.31904873086969243 -0.42177144548928958 -1.2263268586016329 -0.62039851077134689 0.16305844478134468 0.0017021724615408761 0.067110819387459317 -0.55608315370794104 0.1528990275811814 0.18948250594456476 -0.32784319027579517 -0.034959017505361199 0.21610645762142294 0.01298857773718058 -0.72418960172134417 -1.3991496522365063 -0.17065484278310894 -0.21883489308593848 -0.18953620647566649 -0.44530565752353124 0.099962438001876319 0.099297737361574781 0.55466692107370164 -0.13966758189009848 0.16208405048227048 0.35813527006368467 -0.65390628781458848 -0.28839285978580248 -0.18445486306501124 0.027216422683960004 -0.10437467174750553 0.094531627502723162 0.42304629952369538 0.30818392840587361 0.07675543512527172 -0.010514667693638041 0.043626365095466343 -0.057245918783597471 -1.0000954938828617 -0.22450744375204112 -0.29423662307144854 0.34542502907126305 -0.059096833964203156 0.10865520480700686 -0.13595410770211239 -0.58177449327548769 -0.18831492320510188 0.32917463585841994 -0.26569548099153378 -0.53845384648280958 -0.70012635445580873 -0.13047691239395598
leaf_weight=430 129 665 992 1011 1697 208 215 145 872 5586 2366 4808 221 1598 507 3009 1491 1611 3613 2643 1637 223 942 730 2015 3183 4223 7446 2926 5214 4761 1228 846 1037 1811 10329 2783 1064 2928 2375 540 2486 1012 2078 4946 1841 1747 833 300 1125 626 5896 1355 6449 6188 1914 6296 249 12002 2822 6583 1853 981 2081 14541 2670 434 1651 894 1019 4074 3088 1558 2164 822 1240 420 231 720 4988 9906 1273 2683 6177 1181 2661 7006 418 736 126 2001 1332 1753 1249 2323 1325 206 2502 8909 6263 116 702 2055 610 3081 1445 6553 2343 1449 3382 4722 1597 233 4174 3673 7620 1358 2019 1889 1523 1696 1094 789 279 105 1334
leaf_count=430 129 665 992 1011 1697 208 215 145 872 5586 2366 4808 221 1598 507 3009 1491 1611 3613 2643 1637 223 942 730 2015 3183 4223 7446 2926 5214 4761 1228 846 1037 1811 10329 2783 1064 2928 2375 540 2486 1012 2078 4946 1841 1747 833 300 1125 626 5896 1355 6449 6188 1914 6296 249 12002 2822 6583 1853 981 2081 14541 2670 434 1651 894 1019 4074 3088 1558 2164 822 1240 420 231 720 4988 9906 1273 2683 6177 1181 2661 7006 418 736 126 2001 1332 1753 1249 2323 1325 206 2502 8909 6263 116 702 2055 610 3081 1445 6553 2343 1449 3382 4722 1597 233 4174 3673 7620 1358 2019 1889 1523 1696 1094 789 279 105 1334
internal_value=0.000594366 -0.000733845 -1.5336e-05 0.00184733 0.00107249 0.00237565 -0.00177891 0.00127365 -0.00126988 -0.000942915 0.00168521 1.52728e-05 -0.00593859 7.72137e-05 -0.00416054 -0.00355034 -0.000460457 -0.00570708 0.000266441 -0.00035909 0.00255899 0.00195506 0.000749765 -0.0113214 2.43168e-05 -0.000686 0.00390244 0.00323632 0.00228461 0.00146575 0.00140185 -0.000173718 -0.00426148 0.000486834 -0.00123301 0.00417645 -0.00232681 0.00456485 0.00303502 0.000521669 -0.00561181 -0.0037238 0.00384368 0.00287859 0.000554979 0.00426612 5.10542e-05 -0.000830921 -0.00642336 -0.002768 -0.00385291 0.00343017 -0.00637011 0.00574061 0.00752565 -0.00234867 0.00311748 -0.00472222 0.00400284 -0.00939208 -0.00124283 -0.00449201 -0.00203796 -0.00284757 0.00161176 -0.000879658 -0.0109083 -0.00980907 -0.000322644 -0.0017751 0.000856887 -0.00430653 -0.00502058 -0.0024774 -0.00760491 -0.0101365 -0.013699 0.00019301 -0.00264084 0.00138827 0.00224921 -0.00847988 0.000282771 0.0022751 -0.00103839 -0.00262363 0.00239052 -0.00951134 -0.00782178 -0.0155924 -0.00598844 -0.00329958 -0.00226033 -0.00456456 -0.000377821 0.00129774 -0.00637366 0.00239555 0.00151563 0.00551899 -0.00754594 -0.0117604 -0.000594146 -0.00362049 -0.000973837 0.00512642 0.00566007 0.00334324 -0.00195219 -0.00134969 0.00236297 -0.00401956 -0.0234052 -0.00173038 -0.00273139 0.00583471 -0.00497027 0.00433125 -0.00137839 -0.006007 -0.00656217 -9.49652e-05 -0.00962514 -0.00666667 -0.00143271 -0.0042167
internal_weight=320106 155387 128453 164719 119619 76859 54241 74212 42760 44723 63792 34703 6318 46106 26934 24720 36442 9518 45441 37947 46620 38720 25448 2457 33712 17172 45100 28106 20660 21433 23088 12031 10020 30863 12204 43108 13270 38885 17779 11089 2360 8100 28556 18648 29847 13272 15268 12085 2730 21865 13896 7494 2810 13067 6618 2881 11057 2510 14080 4234 10460 3868 1992 10887 18659 7969 2214 2085 20198 9053 11145 4107 2430 3861 967 1455 1412 9575 2840 6735 14853 2003 8336 7071 5653 3842 9649 2855 2222 633 4487 10261 7406 3330 4076 9861 5792 16625 11411 7900 1677 818 4568 859 4118 10906 9908 3355 3504 4228 7097 2137 454 6844 5284 9065 2849 4947 2609 2855 1904 7677 1804 1068 2764 1439
internal_count=320106 155387 128453 164719 119619 76859 54241 74212 42760 44723 63792 34703 6318 46106 26934 24720 36442 9518 45441 37947 46620 38720 25448 2457 33712 17172 45100 28106 20660 21433 23088 12031 10020 30863 12204 43108 13270 38885 17779 11089 2360 8100 28556 18648 29847 13272 15268 12085 2730 21865 13896 7494 2810 13067 6618 2881 11057 2510 14080 4234 10460 3868 1992 10887 18659 7969 2214 2085 20198 9053 11145 4107 2430 3861 967 1455 1412 9575 2840 6735 14853 2003 8336 7071 5653 3842 9649 2855 2222 633 4487 10261 7406 3330 4076 9861 5792 16625 11411 7900 1677 818 4568 859 4118 10906 9908 3355 3504 4228 7097 2137 454 6844 5284 9065 2849 4947 2609 2855 1904 7677 1804 1068 2764 1439
cat_boundaries=0 12 23 34 46 57 68 80 92 102 113 124 134 146 157 168 180 191 203 214 225 236 248 259 271 279 290 301 312 324 336 347 359 370 381 392 403 414 425 436 447 458 469 479 490 501 511 521 532 544 556 567 578 588 598 608 619 630 641 652 664 675 686 697 707 718 730 741 752 764 775 787 798 809 820 831 842 853 864 875
cat_threshold=2148548608 0 262752 2184 100663296 4202496 2147520768 262160 25198593 3087532032 2049 64 67239940 20971524 285212832 655372 536870912 132104 192 13764609 136 576 8388612 0 4 25428128 12 2147483648 536870952 525376 8390656 134218752 1078198284 512 2147483648 134217744 0 142608384 1048576 49344 134348808 268435712 4194304 2101248 1024 8 2113540 46137856 512 2684354826 2148534272 1610613888 524288 2151678978 83952640 1048704 268435456 276840448 10485796 16777216 132 2416058372 134348864 34078752 2147487745 8 768 2416443460 41947136 100663328 10489856 2359296 536903680 570441984 8388608 34884 65536 167774208 8392965 16 76677124 8392704 4194432 393216 0 671219744 0 4194305 1048592 1051392 64 8 524417 71304448 142610432 545259776 8192 17408 13107216 8519938 85987328 4098 77594624 4194308 162 262144 268441600 671089696 4194304 9443844 66562 4195072 2048 3670048 269484032 138461184 1342177280 8392960 0 512 688648 536875040 171966464 2160070656 65536 2097152 134479904 131072 4096 134234176 0 0 1091567632 1073872896 0 1181730 4194304 18432 1476395524 536871168 655376 16778244 5242896 134219328 12648448 8 21102784 1073743952 8192 524289 2156920896 9437224 0 4130 2717911040 1 1114116 268435457 135266576 262400 537919494 2080 9437440 152 8194 12582944 128 2151678016 268959876 35872 4098 1048836 1073741828 135266368 524288 528394 66562 2 4196420 8 8519680 33556480 16777472 917504 536872964 4194304 34603136 4608 1075840011 671350850 276825088 0 8388608 134217728 0 2048 0 8388608 526850 1024 1073873922 0 8 0 0 16777344 131072 0 541196288 1048832 393217 1040 1745879296 524289 17825792 2216693776 150999168 0 2147483776 262176 1073742528 4882432 1073742856 2151680000 268959745 1048576 3239052304 134480160 536873096 41943168 128 512 524290 1207964680 3223584768 268435456 84082689 2189431058 8192 537919492 4 537264256 272629888 72 0 1075847168 2147483648 8 2097156 2132096 4198400 2098176 2415927296 671088672 37748736 4194304 1048577 1611137344 9438276 268437504 159384576 8388864 2129920 0 1073743104 67239936 2048 9438208 264192 4 8 524288 1024 4194304 0 0 0 128 2048 276824068 44046352 268697985 0 4 32 2147483648 1049600 8388624 1074005248 2151677952 131076 3076 1 2099200 268468224 671154240 42467840 1081856 1040 1282 196868 1048832 0 272629763 16384 68 671186944 1049216 285212672 1078002704 1077157888 9437444 16777248 67109504 65666 2149580801 1073877248 8 9437184 2155872514 536870944 1074802688 402657280 64 268437504 33563168 2097152 2149580800 268435468 4096 503317024 4197888 2097152 2098186 16908544 8 1179648 8389632 423624832 8 524288 671088672 64 12582913 262169 537133312 256 8912896 1073742848 8388643 33849348 8192 81920 2152727040 2561 1073745928 134218304 524289 8 524288 41943040 8392704 0 2052 536870912 2147483712 4194304 76611587 1209401410 16777217 0 4096 402653184 33554432 4 134217760 0 1050624 0 1209270528 4 137363456 8388608 268435457 2147614720 67110912 138485760 9438144 4461056 16 1610617856 17302528 3145729 134218752 0 134348808 0 131072 41943104 1050625 1026 0 64 4 12582916 138412288 2097152 0 536870944 8388672 1183744 136315920 1074003978 4 10485760 0 2 536870912 1073750048 128 8388608 16809984 1048576 71442432 4722752 301989888 516 262434 295040 43008 0 131072 4200450 2101256 131402 4718596 2097152 16777216 288 12 268435456 132136 64 524291 134217728 537133056 1024 131072 4096 4096 264 335544320 134217736 8388992 4195329 1048577 1073742592 8392704 8388608 1024 423886976 0 0 0 9437248 8388609 128 1073872896 524292 2147483652 6144 2101504 256 9437184 0 134217728 16778240 4097 37756928 268451844 0 402653216 2148532224 1073756292 1024 1107296256 16778240 136314904 2229270 4718592 276824064 2098180 146800928 2097152 536879104 134287624 512 17304064 1216348160 1536 2147483968 0 3072 0 0 0 134217728 0 0 16 1048576 286785537 5120 17039360 131332 536870912 135176 1572864 2164260864 4104 34997312 1065216 25170944 151257089 33685504 0 69640 1048640 524289 136315033 537919488 524548 2097152 16777216 16777504 2147483648 268435456 131072 64 0 1048584 134218240 524288 72 128 1024 268435456 2181038080 0 536871936 34078784 64 16 1310976 1 16 16384 2100224 159395840 32781 2147483648 536870920 8651264 8390656 2097160 131106 65792 65536 0 65540 16384 0 1073774592 8192 0 67108864 33554432 8388608 98304 4194304 114692 1073758210 536871296 1073840128 8336 1180032 1140917248 141312 2148532224 16 285475072 142870536 536870912 17536 177209344 2417098753 3145760 537135112 0 9441282 268435712 0 0 536870912 2148532784 16 0 2097536 268435456 4100 0 4 2415919104 4160 167772160 524288 2 133120 4259840 0 0 285212672 0 6144 1207960576 4719616 2156920832 0 132104 524288 65536 25198752 257 17842176 536870916 8 8389136 2152202242 84934673 1074792448 260 0 3072 0 0 0 0 0 1 8 262144 524288 0 1024 134217729 8 0 536871936 0 8390658 0 135398400 12583168 8 268435456 2048 402653312 8404992 0 32 8388608 8392712 16 394496 8454400 16777216 41977856 138412032 706740224 67110916 4259840 0 2164266240 1049616 1610874882 268438528 0 41947136 2097156 10 302000160 49160 12719104 559104 209719296 2147488768 2147483904 8388608 16777216 0 0 0 0 0 0 0 1207959552 0 0 4198528 0 0 0 8388608 2147485953 8 1048578 524288 8388608 34078720 8449 2097152 33562624 1073890432 68158464 1048832 0 1056898 256 16 268566528 4 4194304 4 268437504 0 8388608 16777216 135266304 1073742080 4718848 3162116 16777216 285475458 128 536870912 65608 33686016 524288 136315904 525632 277020928 8388608 25165828 134217728 0 0 671154240 0 524288 0 256 8388864 8 268435456 4198400 0 0 268435456 536870952 0 8388608 1048584 1048584 524544 0 1049600 4194562 1048832 1048576 536937472 8388608 25209344 134221824 35913728 8524032 8 285212672 16777216 33 33816584 0 65544 9437184 2172649474 1073742848 536870912 8388608 0 25171968 402653184 0 0 1073741856 34209792 1 8 1074004224 4194816 8405248 20971520 402653313 33818632 0 131072 2148532288 8388611 1210056850 1024 524288 0 2216689668 16810242 1024 12288 16384 393220 17301760 134217728 2064 2415919104 16781312 67112960 266368 0 4160 131072 16 9961472 135266320 256 5242880 4194304 0 0 0 0 32 0 4096 536872960 0 4 8388608 0 0 4 268435456 131072 34078720 2147483649 8 0 2148007936 0 4194304 268443808 131084 0 131072 0 8388736 1073741832 131072 256
is_linear=0
shrinkage=0.1


Tree=12
num_leaves=127
num_cat=81
split_feature=10 0 1 11 2 2 15 10 13 1 3 1 1 2 1 2 1 1 2 1 4 2 2 2 10 1 11 2 2 1 11 1 10 1 11 2 2 2 4 2 3 15 2 2 1 2 1 3 2 1 1 1 2 11 2 2 2 2 2 15 1 10 11 13 6 2 1 2 0 1 1 6 1 2 1 2 1 1 1 1 1 2 1 10 1 2 2 11 3 10 11 10 1 2 1 2 4 1 1 2 2 11 0 15 1 1 1 13 16 11 1 18 12 1 10 2 15 15 3 1 10 0 6 6 2 4
split_gain=50.3053 28.5855 21.1937 20.8405 16.4224 16.1533 14.2464 14.0857 10.7061 10.3437 9.33587 9.02237 8.95056 8.57219 8.41924 7.4092 6.64098 6.56355 5.70678 6.12911 5.39329 5.3438 5.28929 5.27447 5.37847 6.57276 5.20222 5.02117 4.88637 4.70874 4.68132 4.60648 4.57769 4.48748 4.30698 4.29455 4.17375 4.15668 4.04056 7.07962 4.34717 4.6162 4.19235 4.19223 3.99963 3.77307 4.68943 3.7469 3.87145 3.64958 3.61371 3.57726 3.56779 3.52599 4.2911 3.4652 3.40822 3.32808 3.31056 3.27349 3.18553 3.23845 3.09901 3.45053 3.0085 2.94272 2.94227 2.94051 4.11959 2.93582 2.9029 2.89754 3.10039 2.88326 2.88111 2.82369 2.82044 2.80068 2.79462 2.76683 2.73451 2.72582 2.72285 2.65604 2.86688 2.77434 2.75665 2.64921 2.83948 2.63998 3.12993 4.73142 3.66682 2.72331 2.62324 2.62282 2.61249 2.6078 2.59436 2.54981 2.54452 2.5027 3.15773 3.01457 2.49095 2.48841 2.46153 2.52778 3.18948 2.63382 2.44188 2.40326 2.38516 2.34436 2.34288 2.34212 2.33407 2.6531 2.33187 2.99539 2.31979 2.54428 2.27989 2.26835 2.26614 2.25397
threshold=175.50000000000003 0 1 5.9094657897949228 2 3 3894.5000000000005 284.50000000000006 17.500000000000004 4 11.500000000000002 5 6 7 8 9 10 11 12 13 13.500000000000002 14 15 16 127.50000000000001 17 6.2145688533782968 18 19 20 7.1971971988677987 21 217.50000000000003 22 5.0501258373260507 23 24 25 20.500000000000004 26 9.5000000000000018 283.00000000000006 27 28 29 30 31 19.500000000000004 32 33 34 35 36 6.3210201263427743 37 38 39 40 41 394.50000000000006 42 136.50000000000003 5.5325059890747079 26.500000000000004 6.5000000000000009 43 44 45 46 47 48 3.5000000000000004 49 50 51 52 53 54 55 56 57 58 59 87.500000000000014 60 61 62 3.0043103694915776 8.5000000000000018 63.500000000000007 3.3068745136260991 85.500000000000014 63 64 65 66 21.500000000000004 67 68 69 70 3.6007812023162846 71 2687.5000000000005 72 73 74 19.500000000000004 0.10800492390990259 7.6246385574340829 75 0.11049189418554307 2.5000000000000004 76 76.500000000000014 77 4215.0000000000009 4045.0000000000005 5.5000000000000009 78 185.50000000000003 79 3.5000000000000004 2.5000000000000004 80 13.500000000000002
decision_type=2 9 9 2 9 9 2 2 2 9 2 9 9 9 9 9 9 9 9 9 2 9 9 9 2 9 2 9 9 9 2 9 2 9 2 9 9 9 2 9 2 2 9 9 9 9 9 2 9 9 9 9 9 2 9 9 9 9 9 2 9 2 2 2 2 9 9 9 9 9 9 2 9 9 9 9 9 9 9 9 9 9 9 2 9 9 9 2 2 2 2 2 9 9 9 9 2 9 9 9 9 2 9 2 9 9 9 2 2 2 9 2 2 9 2 9 2 2 2 9 2 9 2 2 9 2
left_child=1 2 37 4 32 49 9 11 14 -7 13 22 120 -11 57 74 75 -15 19 -19 31 114 30 -16 29 99 113 76 -27 -25 65 52 34 73 -2 -23 106 -1 40 -40 42 -42 -37 -43 -17 66 101 80 69 -3 100 -34 -8 55 71 -46 -35 -4 -41 -39 61 -30 63 67 83 -5 -31 68 -14 -49 -56 72 125 -20 -13 -12 -18 -36 -57 -38 -22 -61 124 85 86 -52 -85 -59 -89 -48 91 92 -91 105 95 -44 -88 -95 -64 -26 -29 -47 -103 122 -69 -92 107 108 -28 -109 -58 -51 -99 -9 -10 -45 117 -54 119 -83 -6 -122 -104 -78 -60 -55
right_child=3 5 8 7 12 6 20 26 21 10 16 15 62 17 23 44 27 18 33 -21 47 35 -24 24 25 28 36 50 60 45 -32 -33 51 56 77 38 79 59 39 58 41 43 94 115 53 46 89 48 -50 111 64 -53 116 54 70 78 110 87 82 81 -62 -63 98 -65 -66 -67 -68 104 -70 -71 -72 -73 -74 -75 -76 -77 123 -79 -80 -81 -82 118 -84 84 -86 -87 96 88 -90 90 93 -93 -94 97 -96 -97 -98 112 -100 -101 -102 102 103 -105 -106 -107 -108 109 -110 -111 -112 -113 -114 -115 -116 -117 -118 -119 -120 -121 121 -123 -124 -125 -126 -127
leaf_value=0.33103870466687196 -1.0720069814928532 0.46640653213265737 0.049448811977370659 -0.29113452440895821 0.1782595338442331 -0.17189163667888882 0.249216852280009 -0.35009331856550263 0.22379910265138678 -0.21757811571889341 0.39363692323417387 -0.53486172547949296 -0.34992546885454207 0.22700956581848641 0.29921456755330239 0.30027998894870289 0.063502223402236047 -0.24685106303528417 -0.17479742616370236 -0.0017240070134453248 0.5597477255099691 0.21179189470238349 -0.0081531496967911839 0.11120263863957901 0.14874978955964543 -0.058343789831248431 -1.1683091559532393 0.18313678102321262 -0.75120933581602911 -0.11408125751049839 -0.030699836622936717 0.18897308342656063 -0.599257265203749 0.21073882323012894 -0.10809786608970813 0.23878546927778796 0.083501542841517229 -0.16563473631825684 0.32411955190065062 0.022191679258309602 -0.42834061961720882 0.25446561017721264 -0.33424334212173612 -0.057527766193716912 0.10201798651260381 -0.29351549149598449 0.24236883900896708 -0.35549912864032007 0.34377049366973833 -0.25086173545083351 0.041570232811409813 -1.0318018518788397 -0.0041060341966357734 -0.33485856888842536 0.12545810920068845 -0.49917988395366431 0.14904763538967061 -0.56295613662824562 -0.39376847643655277 -0.00016653711631548428 -0.266756664601008 -0.40276954259781245 -0.53081071796343549 -0.15438956206153448 0.35916836645533323 -0.65359565978140632 0.10131483299776703 0.040910237457832344 -0.74236381382994354 0.0071698667451378807 0.35235986839674416 0.14138057774639742 0.084324006934979642 0.058777833430894877 -0.068146407222297326 0.23391621911225827 -0.29384066997905095 -0.46008561124904768 -0.085110259320256704 -0.1757153726913715 0.34550030501818163 -0.56124977431786305 -0.33407423753618626 0.10336282484435151 0.12613181129204995 0.25463894883011523 -0.053705598187991067 -0.026740144132537214 -0.35962550273030347 0.20028600689066969 0.24522584454635951 -0.45545780232974126 -0.22832826550965654 0.031661153326080257 -0.013815084443168936 -0.080021847013785299 -0.37580925864635406 -0.80414514796030012 -0.063889605055139423 -0.11720600760508824 -0.13368765985006292 0.040044229218683676 -0.79442619629121347 -0.077753888125146442 -0.50760677109732655 0.000187871160671822 -0.064975052789823587 -0.38948467907809414 -0.43683507465396948 0.00077121505705529951 0.012813237450999982 0.24271906864651244 -0.14901083564019349 -1.0834623262137129 -0.17577778022701351 0.10695510766066121 0.19487957231138747 -0.27794065134126494 0.17249009671325541 0.034703333597643896 -0.25625142957911101 0.034015583378157868 -0.26938348485664054 -0.099957234028594119 0.039298819887608825 -0.068465678716697745
leaf_weight=3290 370 6262 453 1749 2084 3743 808 544 410 2024 3818 827 747 4167 1395 3601 1031 2886 2468 6199 5888 2784 4655 3646 1638 3232 113 829 179 2363 1547 7997 535 5638 1197 1412 3686 583 1260 1571 155 4094 471 2500 4021 1655 815 217 1559 104 1881 1095 658 741 3870 459 2404 560 246 2996 5392 578 867 1456 4154 882 5689 543 1013 756 4040 5495 1994 1958 4129 8124 456 2592 4588 6359 5009 103 2042 2706 16442 4606 2798 794 2343 875 1038 899 2001 1167 4896 1877 391 106 3353 1622 1819 1148 122 678 1395 4314 2114 3726 2409 1644 8996 4500 2105 679 3295 12844 397 887 12547 151 1317 3071 248 1069 1041 1296
leaf_count=3290 370 6262 453 1749 2084 3743 808 544 410 2024 3818 827 747 4167 1395 3601 1031 2886 2468 6199 5888 2784 4655 3646 1638 3232 113 829 179 2363 1547 7997 535 5638 1197 1412 3686 583 1260 1571 155 4094 471 2500 4021 1655 815 217 1559 104 1881 1095 658 741 3870 459 2404 560 246 2996 5392 578 867 1456 4154 882 5689 543 1013 756 4040 5495 1994 1958 4129 8124 456 2592 4588 6359 5009 103 2042 2706 16442 4606 2798 794 2343 875 1038 899 2001 1167 4896 1877 391 106 3353 1622 1819 1148 122 678 1395 4314 2114 3726 2409 1644 8996 4500 2105 679 3295 12844 397 887 12547 151 1317 3071 248 1069 1041 1296
internal_value=0.000554402 0.00131915 0.000122918 -0.00150075 -0.00418997 0.00234357 0.00199429 -0.000607967 -0.000540795 0.00141899 0.00164077 0.000415547 -0.00251892 0.000430049 -0.00156944 0.00113513 0.00252853 0.000799401 0.000290913 -0.00180869 0.00415122 0.000642575 -0.00243922 -0.00115228 -0.00135597 -0.0030765 -0.00271975 0.00188312 -0.00441806 -0.000603069 -0.0050191 0.00248162 -0.00874461 0.00118003 -0.00699928 0.00100341 -0.00233355 0.00308943 0.000696999 -0.00162338 0.00120323 0.00202777 -0.000663123 0.00216483 0.00172505 -0.00108865 -0.00192596 0.00548738 0.00202212 0.00602795 0.00219048 -0.0132515 -0.00105072 0.00129894 0.00213122 -0.000299956 0.00191694 -0.00586538 -0.00334012 0.00243441 -0.00607404 -0.0121643 -0.00449275 -0.0061428 0.00247605 -0.00759787 0.000697098 -0.00776636 -0.0107345 -0.00291963 0.00385101 0.000698406 -0.00133714 -0.00165464 -0.00244462 0.00458668 -0.00239283 -0.00599367 -0.00204271 -0.000890104 0.00629256 0.00270748 -0.00512429 0.00211421 0.0015969 0.00389548 -0.000296359 -0.00685999 -0.00574753 -0.00103526 -0.00139544 -0.00380132 -0.00182197 -0.000355097 -0.00163496 -0.00437659 -0.00228509 -0.00257379 -0.00248815 0.000795107 -0.00136193 -0.00499611 -0.00279599 -0.00672968 -0.00498973 0.00104812 -0.00377795 -0.00459124 -0.00720856 -0.00337058 0.000920246 0.00386649 -0.00458802 -0.00905151 -0.00297443 0.00140289 -0.0033709 -0.00514563 0.00334166 -0.00614173 0.000342487 -0.000961713 -0.0140541 -0.00511401 -0.00148805 -0.00406937
internal_weight=320075 233272 107623 86803 21635 125649 114783 65168 87953 90607 86864 43894 15846 36740 47055 35061 50124 34716 30549 9085 24176 40898 8833 42905 41510 12641 21274 38182 9381 28869 4178 10747 5789 21464 4159 37193 20051 19670 34409 6160 28249 19593 8656 19438 30105 25223 17171 13429 2532 10866 35626 1630 2750 26504 17436 9068 17038 4150 4900 16380 6149 757 9374 5154 32978 2631 8052 3698 1760 973 7910 9526 4031 4426 4956 11942 2556 3789 5047 10045 10897 15797 3329 28824 22337 6487 5895 3697 3137 13320 12505 3775 2876 8730 7244 2348 3189 3378 4220 3260 2648 3851 2196 1048 1938 5352 10006 7892 2522 5370 11400 4604 2211 1223 3705 15344 1942 1545 12801 254 6472 4388 370 1525 1287 2037
internal_count=320075 233272 107623 86803 21635 125649 114783 65168 87953 90607 86864 43894 15846 36740 47055 35061 50124 34716 30549 9085 24176 40898 8833 42905 41510 12641 21274 38182 9381 28869 4178 10747 5789 21464 4159 37193 20051 19670 34409 6160 28249 19593 8656 19438 30105 25223 17171 13429 2532 10866 35626 1630 2750 26504 17436 9068 17038 4150 4900 16380 6149 757 9374 5154 32978 2631 8052 3698 1760 973 7910 9526 4031 4426 4956 11942 2556 3789 5047 10045 10897 15797 3329 28824 22337 6487 5895 3697 3137 13320 12505 3775 2876 8730 7244 2348 3189 3378 4220 3260 2648 3851 2196 1048 1938 5352 10006 7892 2522 5370 11400 4604 2211 1223 3705 15344 1942 1545 12801 254 6472 4388 370 1525 1287 2037
cat_boundaries=0 1 13 25 36 48 59 70 82 94 105 117 128 140 151 163 173 184 196 208 219 230 241 252 264 275 287 298 309 320 332 343 354 365 376 387 399 410 421 432 444 455 466 477 487 498 509 510 521 531 542 553 564 575 585 596 607 618 629 639 649 660 671 681 692 703 714 725 736 747 757 767 768 779 791 801 813 824 836 846 847 857
cat_threshold=10040 2148532288 8704 40960 33554440 8389664 262144 32800 2164391936 276824192 2988974592 4194816 64 76546052 4096 384 264192 4 671219744 33554496 4198658 1048592 1049344 68 64 134219776 4229140 0 1074266378 75497472 4202560 100663568 268730880 16778240 1644167424 131072 136314944 1115718176 32768 557064 9474048 33571200 4202624 11274 1048608 0 0 64 2752516 33556480 4098 0 1050636 134234112 100663296 268440576 65571 1074004992 12584004 18874368 1028 402915328 33816576 536879168 136448 1048576 2155872259 1210056720 536876104 524352 2164457472 131072 17048128 0 1073747328 1082131712 1073873408 144 2097152 8224 2164260864 32 37748736 134221888 10485760 394242 268435520 536887304 8388676 8421568 553650176 134217729 32 16 2216689664 4 16777635 9699328 1610614784 0 0 8913409 268505218 1050688 12584960 268435458 6 272891906 41943296 0 0 1117392900 16778000 8392704 1049088 268959776 8 2048 16 2359296 1074004098 2684355648 1048576 67113472 16777488 17 705701920 134348833 2 8392736 268468352 35651716 805339136 65568 4202496 2147614728 8388641 2 12583941 8 17825792 16913408 4202498 2181054720 0 536871944 1107296336 12713984 134217736 2097472 272630080 6144 285216774 2106368 268435714 139776 4096 67109888 4096 541065216 274990080 268436032 8 78659584 20971524 268435586 655368 268435456 134348800 8388672 1050624 138 262912 67125248 16810000 1 2097152 536913932 64 2156003336 17433600 1092616352 536870914 276824068 293601536 2217738624 4456448 16795648 4356 32 37748736 528388 134217776 262144 17432576 8 0 2097666 8388608 546308096 269492224 34652416 2281710080 131072 68419616 134220800 268435520 42 8388609 33558816 17039488 2315255808 0 536937472 5242896 2049 67108866 1110053120 256 16388 4194338 268435456 10518528 33587200 65632 272760832 1537 35717120 262488 528448 0 4195328 295168 33554444 4 1610645504 42467328 2172651521 134218760 1073874248 2151677952 310427648 18875392 16789760 8388612 292 1073741824 142737408 512 83891208 258 2164326400 2147483904 0 0 34619392 1920991362 301989888 1208221732 2148532224 3145728 536871522 142606336 16 1048576 4096 150995072 131072 67108864 537002024 256 395264 134218760 0 524292 0 2097664 262400 2684387336 2147483648 134284296 8912904 2147486208 270532608 1613238528 1114176 8 270532609 7864320 293699584 2052 2147483648 163840 144 16777728 142607377 34607104 65536 8388736 2185233456 65537 545259521 2080 65600 42467328 33024 67174416 6280 4718596 4 1152 134500354 2228228 2147484932 134480328 4194816 8388608 1241513992 2180 256 2148548608 2097152 262145 9437188 0 65536 2149056512 4325376 137368576 657408 2415984896 8 268435456 2101252 17039360 2718957568 2147483648 671154336 1048640 9441794 66563 529664 64 268500993 2149581056 17105024 2048 256 131072 263680 5243136 1073742904 1074922532 269484032 1048576 25165824 138416129 2052 268435456 1073741824 1049088 4327425 16 134349890 4 9568256 25166848 268435456 33554432 335544320 134225952 1048832 393216 0 135266304 65 2181105668 4194320 524800 1610874880 1610615972 8519744 67108864 269484032 0 133162 2147549184 0 1024 0 0 0 131080 41943040 9441280 8 536870912 4194304 8 268435460 0 134218016 33554560 0 0 8912896 1052672 134217736 134218816 524352 9437184 39849986 268697600 131084 4096 197640 2157445312 1050624 1032 266752 268436480 8388608 50331648 138412032 33685516 268435460 16384 9961472 268436482 134217729 1610883074 524292 269484036 33555456 134217729 18432 8224 671105024 8392768 22022144 1275334656 2361408 64 2 16777216 2097152 33 33685504 0 134414368 0 16809985 1 524544 64 8388608 1207959568 262176 2281701385 2048 536871936 33685504 4849700 4128 1207968000 655361 0 8388640 258 671088768 32768 128 1572864 0 1073741824 1048576 2415923264 67108864 0 268435458 524288 268435456 134217728 64 2048 2 262144 67108864 84936704 16777250 2281717760 536872960 167772160 3255828480 4098 4096 1079119872 25231364 524288 0 138412032 33554432 0 1024 524288 2155872257 0 1074004032 524288 2822 0 25165824 0 0 0 536870912 524288 4096 0 1073742336 260 67108864 8389636 150995072 33685512 536870912 132104 64 8390656 1073741832 1049346 8388608 8389632 134217856 655368 268435456 536870912 8388608 8912896 0 1049154 1 277872640 16778240 134218016 0 0 671219712 0 25165826 134221824 1600 524544 268435456 0 0 260 0 32 0 2 1048704 671613184 1 1130498 0 268443648 132 536881152 1073742848 1074790912 14155811 67108872 131136 147325184 8519684 2048 16777344 0 1342177280 134250496 0 135168 17 262144 0 16781312 256 570556420 268435460 40 9437760 2 1032 0 4194560 268435456 16777216 134218112 536870912 0 537006080 0 512 16 536870912 524288 1196032 16778240 402915361 8 67108864 32 9437184 2049 134217728 1209008192 1024 9437184 16781316 150994944 2048 268435456 1207959552 34079296 4853760 25 1209271104 4718593 10485760 2161119232 6357126 262272 256 33685824 0 528416 1082130472 8 8388608 16782336 0 0 0 40 1048576 8388608 16 1074790400 1196032 6144 27262976 147456 268443648 1610683424 2281701376 32768 1207959552 134217728 16778053 131104 16778240 138936706 2146432 6436 4128 524288 4206592 1073741832 67108872 8390656 1048576 5120 17039361 4 0 671089704 8912960 2157451267 134221832 262208 136839296 0 16642 2684370944 1048580 0 0 0 68157440 4196354 159449089 1048576 3072 402653216 131072 0 131080 0 2048 0 135266304 512 0 16778240 16777344 131072 0 671089664 1048576 0 0 0 524544 268959744 0 8651008 131072 2147483648 134235392 0 2048 9 0 256 2097152 8388628 134221860 16384 2147489920 0 33554576 2 72351745 4194434 2147549184 0 4194304 8388769 0 2048 65576 0 16787456 8 0 68864 9437184 1024 128 33554432 0 671224864 0 8390657 16 524352 268435456 1024 150994944 0 0 536936448 0 8388608 8388609 68157440 9744 16384 88084480 385 1048576 2048 32 0 0 0 0 1114112 25165824 25165824 1 128 12296 0 134217744 6144 4096 0 2155872256 8 1179648 0 402653440 131080 0 675414016 1048832 131073 134217744 1746141440 131076 4 4719137 536889344 1073750016 135232 2181038144 5378048 2097152 2097224 268435460 8 8388608 0 16777344 33685512 0 32 0 8388608 134217736 0 524288 524417 3226992640 32768 536870913 134217736 229408 524432 688640 1 4096 2148073476 64 2147483648 0 0 8 32 0 0 0 0 33554944 8476 16777216 2147485696 0 0 32800 0 1048576 8 65536 133124
is_linear=0
shrinkage=0.1


Tree=13
num_leaves=127
num_cat=82
split_feature=10 11 10 11 10 1 1 2 11 2 15 8 10 2 11 2 10 1 2 1 0 2 2 1 11 10 1 11 1 1 10 1 1 8 1 1 1 2 20 2 1 2 1 15 2 1 2 1 2 1 1 2 1 0 2 1 2 2 3 1 11 1 1 10 1 8 11 2 1 1 1 8 12 8 1 1 15 2 1 2 2 1 1 1 20 2 2 1 3 20 8 2 20 2 1 2 2 1 11 2 11 1 2 11 10 1 6 3 1 14 2 10 2 1 17 12 1 1 1 1 2 1 10 2 2 11
split_gain=41.0313 25.8842 34.8834 24.1379 28.8933 16.6128 16.3446 12.9684 12.1066 13.1896 12.097 11.8139 10.7966 10.7692 10.3897 11.0416 10.9036 10.146 9.28738 8.07153 7.87196 7.59147 7.21577 7.10451 6.91539 7.22897 6.80985 6.64894 6.46906 6.38843 6.25376 6.17724 6.12399 5.73013 5.57523 5.24925 5.19123 5.17654 5.13091 5.12541 5.10061 4.92596 5.28085 4.77932 4.59958 4.49988 4.33937 4.52427 4.29073 4.28407 4.266 4.08635 4.06663 4.36504 4.0532 3.98955 4.10872 3.93831 3.85979 4.94317 3.85342 5.24504 3.75142 3.71152 4.07832 3.76705 3.52704 3.74588 3.54049 3.51983 3.48897 3.46754 3.34934 4.25009 3.31009 3.26629 3.14265 3.13409 3.07584 3.04093 3.02165 3.01749 3.00878 2.99471 2.98278 3.2781 2.97988 2.95481 2.91942 2.91787 2.91349 2.87484 2.87478 2.82997 2.79616 2.7929 2.78743 2.78645 2.76576 2.917 2.71941 2.5897 2.57825 2.55436 2.61342 2.54649 2.50046 2.55304 2.69088 2.48673 2.48359 2.4787 2.45059 2.52822 2.44573 3.33315 2.42852 2.39284 2.37122 2.3399 3.44529 2.32177 2.29133 2.28808 2.28644 2.22182
threshold=115.50000000000001 5.5576341152191171 196.50000000000003 4.113457679748536 73.500000000000014 0 1 2 6.3890390396118173 3 2922.5000000000005 6.5000000000000009 91.500000000000014 4 4.6688983440399179 5 140.50000000000003 6 7 8 9 10 11 12 2.35339367389679 87.500000000000014 13 5.2276141643524179 14 15 230.50000000000003 16 17 16.500000000000004 18 19 20 21 0.16644141823053363 22 23 24 25 394.50000000000006 26 27 28 29 30 31 32 33 34 35 36 37 38 39 13.500000000000002 40 2.9095455408096318 41 42 217.50000000000003 43 10.500000000000002 6.0924003124237069 44 45 46 47 10.500000000000002 417.50000000000006 9.5000000000000018 48 49 658.50000000000011 50 51 52 53 54 55 56 0.19876263290643695 57 58 59 5.5000000000000009 0.23750031739473346 28.500000000000004 60 0.21353112906217578 61 62 63 64 65 5.112074851989747 66 7.672677993774415 67 68 2.7212246656417851 93.500000000000014 69 6.5000000000000009 18.500000000000004 70 18.500000000000004 71 148.50000000000003 72 73 0.021655171178281311 49.500000000000007 74 75 76 77 78 79 143.50000000000003 80 81 3.7444849014282231
decision_type=2 2 2 2 2 9 9 9 2 9 2 2 2 9 2 9 2 9 9 9 9 9 9 9 2 2 9 2 9 9 2 9 9 2 9 9 9 9 2 9 9 9 9 2 9 9 9 9 9 9 9 9 9 9 9 9 9 9 2 9 2 9 9 2 9 2 2 9 9 9 9 2 2 2 9 9 2 9 9 9 9 9 9 9 2 9 9 9 2 2 2 9 2 9 9 9 9 9 2 9 2 9 9 2 2 9 2 2 9 2 9 2 9 9 2 2 9 9 9 9 9 9 2 9 9 2
left_child=3 5 10 4 17 84 60 30 9 11 29 78 69 19 15 83 41 91 31 38 50 -19 52 -17 34 40 90 28 -14 93 58 -8 -27 37 -22 -11 -15 -31 100 -30 125 81 -43 70 116 -24 47 -34 -42 -23 -20 121 53 -18 -35 -41 -57 -45 59 -7 61 -6 96 64 76 -65 67 68 -12 -5 -39 -37 -40 -74 -62 -46 -47 -73 -4 -28 -51 -16 -56 -9 85 -2 -64 -33 -44 -58 -13 -1 114 -3 -48 -68 -59 -69 -78 -100 -10 -79 -71 -52 -105 -97 107 117 -109 -60 -36 -77 -86 -114 -38 -116 -25 -88 -108 -50 -121 -29 -115 -113 -75 -26
right_child=1 2 8 12 6 7 18 14 13 35 66 26 27 36 16 23 22 21 20 -21 24 49 45 44 25 32 79 51 39 33 -32 87 46 54 110 71 92 43 72 55 48 42 88 57 75 63 94 -49 119 80 103 -53 -54 -55 82 56 89 62 109 -61 74 -63 86 65 -66 -67 95 97 -70 102 -72 77 73 124 -76 111 98 101 -80 -81 -82 -83 -84 -85 112 -87 106 -89 -90 -91 -92 -93 -94 -95 -96 105 -98 -99 99 -101 -102 -103 -104 104 -106 -107 118 108 -110 -111 -112 123 113 122 115 -117 -118 -119 -120 120 -122 -123 -124 -125 -126 -127
leaf_value=0.085245570795889292 0.022370332602080524 -0.26666469645001933 0.20647913556732875 0.022014798465937031 -1.3352828604075806 -0.21993035028108712 -0.051462550979784187 0.15577742405216669 -0.48450417544853935 -0.44986878769798572 0.24710025616924569 -0.98430179492676695 -0.11293194184290455 0.23523665768736832 -0.25063208377411517 -0.6225396926488127 -0.30543808610734935 -0.10543545160793646 -0.03428469477149889 0.071781629976643654 -0.017391855579683372 -0.031343615236541333 0.10208941783650689 -0.099712796126404199 -0.099810864258434995 0.17066917145113203 -0.98071899592079093 0.27540586266716349 0.26228511656175518 0.27208385960558923 -1.4142357151055229 -0.2133515184984047 -0.4240566593517392 -0.030234289581505164 -0.2920029938583743 0.079003892784462446 -0.014478885703166215 -0.64725895097451547 -0.26084335111685858 0.24770150925387202 0.29917600378486325 -0.076708604193643115 -0.2172770470387918 -0.12890478688026288 0.079642999891152449 -0.33245431418773586 -0.13835531412573238 -0.10670221120488198 0.19510008749254937 0.062365579479747892 -0.76521439680081038 0.33945987537400324 -0.21964256202584825 -0.77316636283562246 0.027923512879749299 -0.10266336309536291 0.029779382857186516 -0.020152424052213957 -0.22175745989687431 -0.51872451630377503 -0.63440339472457385 -0.47293483848103846 0.12465721737101293 -0.21842444018154478 -0.30970446905819976 -0.84829446032026201 0.17551937006361337 -0.14578895519853627 -0.057063769406991809 0.45244898119097315 -0.13487568302810246 0.14575849430860049 -0.18034020284239563 -0.10471652354751569 -0.14621373112573044 -0.18917061527743639 -0.13245434247745128 -0.33095823316909367 -0.3540188722463547 -0.41026863386000134 0.21698040805126079 -0.023798525912619009 0.38093668150532911 -0.10872301219217539 -0.12938209933064643 -0.56994248261563685 -0.086722789260779531 -0.5361307196093994 0.1425278737020611 0.23851977106050926 -1.3903559025521257 0.40041460560122799 0.18212882818226228 -0.033116571494622313 0.036633482912493513 0.47827058974005149 0.27199198961372417 0.28315207070081616 -0.10015832578498499 0.14308935239529183 -0.074770011045518114 -0.030254206731793118 0.26377702644985235 -0.15277657041646647 -0.39606623098101945 0.26902947670816413 0.36781084595706659 -0.029472456173528574 -0.45970689243964102 0.16342285888761104 -0.64587064865815291 -0.35951575392132074 -0.17992600349683541 -0.51482926543416474 -0.73198347365693195 -0.1551048891029928 -0.64344680761391249 0.038883020582721722 -0.045487893913687995 -0.17661430172993994 0.061470900120866229 -0.072531069988024721 -1.3143489808306776 -0.71820261668772223 0.33133975308043134 0.13752381012182455
leaf_weight=910 220 1168 1330 1068 103 1406 2012 2427 3236 1395 1609 591 2167 5648 764 930 934 2010 2258 6289 2011 1988 3670 258 1995 2737 494 1259 4361 2796 209 750 797 1504 878 5636 5869 235 6337 2629 5891 2777 374 1780 1081 951 2464 4227 3501 3846 222 7874 4176 368 1434 2136 10036 1436 2049 1677 225 540 6495 563 2497 350 3181 538 2518 4367 887 999 2894 919 1044 6382 3466 1573 1888 3016 10461 2599 6168 2933 809 1494 4760 514 14865 3993 125 5802 5250 1908 9383 3552 3658 4942 1679 3610 978 945 9488 1341 724 5767 1327 972 866 594 481 704 480 249 100 847 380 7551 1040 642 3849 858 113 770 1836 842
leaf_count=910 220 1168 1330 1068 103 1406 2012 2427 3236 1395 1609 591 2167 5648 764 930 934 2010 2258 6289 2011 1988 3670 258 1995 2737 494 1259 4361 2796 209 750 797 1504 878 5636 5869 235 6337 2629 5891 2777 374 1780 1081 951 2464 4227 3501 3846 222 7874 4176 368 1434 2136 10036 1436 2049 1677 225 540 6495 563 2497 350 3181 538 2518 4367 887 999 2894 919 1044 6382 3466 1573 1888 3016 10461 2599 6168 2933 809 1494 4760 514 14865 3993 125 5802 5250 1908 9383 3552 3658 4942 1679 3610 978 945 9488 1341 724 5767 1327 972 866 594 481 704 480 249 100 847 380 7551 1040 642 3849 858 113 770 1836 842
internal_value=0.000553164 -0.000352392 0.000497835 0.0019701 0.000827155 -0.00191286 -0.000574336 -0.00155944 -0.00129994 -0.00345598 0.00203431 -0.00667561 0.00366391 -0.000335049 -0.00111428 -0.00330602 -0.000317805 0.00359635 -0.000208504 -0.00178719 0.000172418 0.00237237 -0.00186669 -0.00518783 0.000624056 0.00102621 -0.0101609 0.0027109 0.00184899 0.00111014 -0.00601346 -0.0053378 -0.000276417 0.00142571 -0.0037092 -0.00117636 0.00150869 0.000826258 -0.0029673 0.00233758 0.00255383 0.0012952 0.00195052 0.000453623 -0.0043662 -0.000835913 -0.000988685 -0.00344855 0.00334197 0.00308801 -0.00376509 0.00489541 -0.00501458 -0.00989329 0.00365254 0.0016188 0.00102937 0.000694329 -0.00540342 -0.00780733 -0.00961498 -0.015972 0.000983461 -0.00170197 -0.00124314 -0.00785323 0.00395667 0.00251587 0.00023447 0.00591905 -0.00595365 -0.000302302 -0.0019139 -0.000143388 -0.00646966 -0.00376998 -0.000312886 -0.00276656 -0.00211933 -0.00826704 0.00369281 -0.00221465 0.00458749 0.000391062 -0.00875555 -0.0117036 0.000439165 -0.0108006 0.00268149 0.00165183 -0.0190634 0.00692056 0.000336204 -0.00328581 5.65071e-05 0.005064 0.00343652 0.00422587 0.00027984 0.00171866 -0.00597057 -0.00463608 0.00634331 -0.00680453 -0.0057385 0.0059374 -0.000274718 -0.000778146 -0.00425462 -0.00259932 -0.00862673 -0.00448004 -0.00574803 -0.00948357 -0.00101819 -0.0057339 -0.0125309 -0.000259117 0.00273342 0.00182704 0.000313264 0.000973202 -0.0158065 -0.00818182 0.00266788 -0.00131015
internal_weight=319779 195095 126287 124684 74448 68808 49431 65443 58195 17992 68092 7444 50236 40203 59508 15865 43643 25017 47519 22489 44243 18305 22264 10505 39698 36328 4226 35313 25322 45985 5935 3276 19608 42909 3370 10548 17714 33803 16200 23155 16720 21379 18016 31007 9575 16786 16871 5024 13883 16295 4545 9991 5478 1302 9106 18794 16165 29885 5726 3083 1912 643 28105 13116 12203 913 22107 9607 4127 14923 1122 9153 11986 5649 1269 8937 9706 3517 3218 3510 14307 3363 7602 5360 3365 1714 23011 1264 15239 14029 716 6712 12066 3076 11847 12500 5094 5480 8755 5289 4214 2518 13855 2287 2065 9319 16516 14149 1838 2643 1359 7856 1651 842 6816 947 638 12311 2367 7992 4491 2117 362 1474 2755 2837
internal_count=319779 195095 126287 124684 74448 68808 49431 65443 58195 17992 68092 7444 50236 40203 59508 15865 43643 25017 47519 22489 44243 18305 22264 10505 39698 36328 4226 35313 25322 45985 5935 3276 19608 42909 3370 10548 17714 33803 16200 23155 16720 21379 18016 31007 9575 16786 16871 5024 13883 16295 4545 9991 5478 1302 9106 18794 16165 29885 5726 3083 1912 643 28105 13116 12203 913 22107 9607 4127 14923 1122 9153 11986 5649 1269 8937 9706 3517 3218 3510 14307 3363 7602 5360 3365 1714 23011 1264 15239 14029 716 6712 12066 3076 11847 12500 5094 5480 8755 5289 4214 2518 13855 2287 2065 9319 16516 14149 1838 2643 1359 7856 1651 842 6816 947 638 12311 2367 7992 4491 2117 362 1474 2755 2837
cat_boundaries=0 12 23 35 46 58 69 79 90 101 102 114 125 136 146 158 169 180 191 201 212 223 234 246 256 268 279 291 302 313 323 333 344 355 366 378 379 390 402 414 425 436 446 457 468 479 490 501 511 522 533 543 555 565 577 588 599 611 621 631 642 654 665 676 687 698 709 720 731 742 753 764 774 784 794 804 815 825 836 846 857 867 877
cat_threshold=2181038084 167772720 8388640 671088898 268435456 1073758592 2156396544 1056774 83951616 536871424 0 16 151519232 67108868 4096 524416 1048704 33570944 1073741952 663556 553650177 1073748993 276824064 10485760 33554432 10485760 34816 402784768 1048736 2147483680 2151677956 17831041 524800 285737024 64 2223112192 8390656 285212802 262148 0 671219712 8388608 4853761 1048706 135269120 8388609 0 20975620 285212832 131072 336068608 537018376 256 9701888 142606473 1310784 4 8 4 76023808 0 9437184 545265668 131136 33554448 9443649 1073741856 2181038084 8392704 0 12582912 285213184 2147614728 1140850720 134291720 524544 426496 67174408 574761984 8914944 67108866 4228096 269486082 6144 256 139776 8 546308096 1509958144 2151678209 131072 8392704 150999168 131072 67108864 675430408 384 393217 1048593 1209270530 8388608 312 131072 512 512 16777217 1074270208 9568256 269484032 2147748096 570425384 739260416 4194368 32 268451840 18878464 20971520 8798344 4 131072 134742080 1085699 67108880 1315072 131076 2097152 8388608 134221824 0 2147494020 1056 34603008 72 1074790416 262152 2147618816 1048576 0 0 33554444 0 131072 1572864 0 16 536871424 75513857 68157440 8388608 2097152 268445700 34603264 8389264 32768 1049600 138942530 2415919104 8 2097280 134250544 10489888 8389636 1050628 142606400 134217744 270008576 41944064 0 4195584 8388608 41943056 419430400 131072 1073741824 1610743840 67109376 8388610 0 1048576 4096 2147483648 135266304 32768 134218753 2952796160 163840 2156003876 1081616 10518528 1048612 2164260864 276824064 4096 704 2147483904 139520 1032 262208 25165825 134217768 1057026 8519684 4196352 288 264192 268443648 1056 2147483648 16777216 10485904 1074136384 525312 347095040 20972548 285212960 8 268435456 66560 43515968 8519681 134217744 1181696 256 256 136348288 2 2147500032 10240 1024 138412048 4194826 83886208 1610617858 8520960 117440512 37749252 134217984 2147483776 2 134283328 2156921344 2155905025 65536 1310984 131584 16 8454272 143663104 138428416 135268352 1610617120 1073774592 9437216 1054722 34604032 4202496 268435460 1073745926 32 2097156 536872960 0 268435584 1054730 2162688 3221226816 2147549185 8 285278208 9439232 266241 1050628 578813952 134283328 0 4864 8388625 134219136 4325696 0 4 4194305 0 8192 134283264 64 131072 8 1207959552 5 8 18878464 3076 4194304 8388736 8256 196640 34603008 36872 1083179041 1088 2152333568 65536 6293504 402661376 131072 0 1208157248 8388736 1179778 1092616200 1310986 268435972 0 0 419447168 2097162 0 1073741824 32768 4194304 1140850704 138 1130496 6291456 419692704 131072 536870912 536969288 8650816 25166339 2097161 1179680 135234 1140853376 1081408 16793860 2147487744 268451840 262144 0 1073744032 1073742080 273350656 0 16777216 18874369 3145728 4160 134414336 1048576 8427522 134217744 134217986 2148139008 16908292 16781568 256 1310720 2048 1179656 269484032 37120 1218445315 1024 2415919104 524288 2048 0 33685512 0 65568 0 25167873 1207959552 135398656 524544 8 11267 75497472 41976064 290 2684633096 4 1196032 524304 2148532224 8388642 1073747456 260 2415919104 2097152 274432 131200 0 1208025120 1141936192 2148532482 1115684865 144 524352 16 2155872256 16910336 4456452 4 2147520644 294912 4330512 655392 1212153856 134218240 272629760 8 19021824 67108870 0 0 2415923268 70080 33554944 529408 4198400 134225920 2165311553 524288 25166848 4096 131212 0 134348840 33554496 8390656 24 3222274048 256 16777216 0 0 0 0 0 0 0 553648128 1073745920 2434400260 33560576 268435457 2283945984 268435456 16384 71303168 64 136314882 537608 2415919104 277872640 18878464 419692672 33687564 4 134217736 592 2172649473 134218760 33685504 64 268451844 50335744 16777600 33554564 268437508 134348864 1048704 2148534275 16 1073742656 12582912 1048580 2048 285475201 131080 4 1073745952 2182086720 2147487745 136314889 537133064 2151677952 8388608 37748756 10485760 0 128 1073774688 128 32768 0 0 2151678464 67108864 0 268435456 134217728 0 0 0 8388609 3 64 0 67108864 0 524288 0 16512 128 4 2048 0 276824064 4718592 2097152 4464898 32772 0 134479880 131072 2164789280 8388608 66 4194368 0 50331648 0 33685512 268435456 0 1048640 2148535296 9 537133120 11534336 4195328 4194464 33554444 268435456 8 8912896 9961473 134217728 262144 256 8 67108864 8388608 16777216 262144 0 0 0 4325376 0 134217984 32 83886208 69760 2720006152 269623296 1288 8388608 32768 134284416 33686272 1048576 66 0 16778240 134217728 2056 0 32 64 133120 0 135268352 8388608 540928 37748736 0 2113800 536870944 148480 34078720 4198402 201326593 1611663424 2148073472 268435457 2214593540 402981120 1048584 536870912 134611016 1050176 8390656 134217728 1073872900 268435456 8 0 4096 0 131072 268435456 0 0 2048 0 1074790400 268435457 58723344 276824321 136314888 0 671088672 8388616 25165824 1085277232 1573120 65536 3072 0 0 0 134217728 8388608 0 24 4194304 4 66 12582912 16777536 0 1024 570425344 262272 16777216 1073741824 0 134218752 8 1048576 0 134217856 0 0 134217728 64 8914945 2 1074003968 64 269516804 0 136315172 537034754 8448 0 39059456 16777218 8 140509320 66304 1114112 20974592 285475201 131208 10240 104 2181562496 2151811072 2097152 1032 65536 0 4144 8388641 34603144 0 134348808 8388672 0 1083179016 8 268435456 0 12582912 1 8 4 671088640 0 2151677952 8392705 1073742338 4194308 0 8388608 266497 33554436 536870912 134217728 128 8391168 33554440 1207959616 8388608 269484032 16781312 268435456 33685516 0 8 1048640 1 134217736 0 256 9437184 0 419430656 2048 1073745920 66600 1704208 18350080 1216348160 1179904 655681 1048576 12582912 289411072 33554440 4 1024 1048576 4198401 134218769 536871488 13107265 256 1024 150995072 33554432 0 1056 1048640 1 16 1048576 524288 0 4096 0 0 0 0 64 8390657 0 262144 9437184 4096 150995072 131072 268435456 536870944 64 0 8 262400 33554436 0 8388640 536870914 0 256 2147483648 1048578 16777216 512 0 0 16777344 0 0 0 64 0 8 256 8405249 8388612 130 536870912 0 537920544 41943552 12585473 1074790400 134219842 8388676 8388608 0 151257344 33554440 0 537067520 34603008 2160070656 24 536871232 271597568 2048 16777222 2097152 8200 671092744 67108880 29360640 69206024 131082 260 4 16778240 65536 2097160 0 0 32 2048 1073741824 4194306 1048576 1024 272891937 0 2048 537920512 42991616 131072 16 1074266112 2415919360 524288 0 268697728 0 0 536870912 8388608 524290 0 2098176 0 4100 285212672 0 67108864 536870912 256 2048 0 1310720
is_linear=0
shrinkage=0.1


Tree=14
num_leaves=127
num_cat=46
split_feature=15 3 12 1 9 1 1 11 4 11 1 1 12 1 4 1 8 1 1 1 9 8 1 12 1 14 11 1 3 13 1 18 4 1 15 15 1 1 15 0 1 0 11 8 18 11 17 3 1 1 6 3 1 4 15 21 8 6 1 1 15 15 1 1 1 15 1 14 9 1 15 1 0 1 1 16 15 15 13 4 11 12 12 9 3 1 0 0 15 8 3 1 15 1 18 1 9 9 12 4 9 6 1 16 11 9 11 1 21 9 1 11 9 14 6 1 18 18 14 0 16 11 19 8 0 9
split_gain=36.809 21.0667 17.5117 10.8936 11.0161 13.6293 10.169 9.30704 9.26194 8.9519 8.27834 7.41272 7.20917 7.05607 6.46067 5.87111 5.51242 5.13885 5.12394 4.87601 4.72097 4.58784 5.24252 4.58663 4.29978 4.21429 4.14104 4.08679 3.99491 3.76328 3.52436 4.98586 6.71036 6.04186 3.3363 3.18994 3.18867 3.18862 3.13711 3.08314 3.0173 3.01346 2.84193 2.7807 4.26018 4.22644 3.07212 2.78045 2.77824 2.77373 2.75996 2.72647 2.72581 2.72445 2.71353 2.69707 3.13604 2.6087 3.30868 2.54771 2.4759 3.05953 4.24558 2.4535 2.44979 2.5119 2.43304 2.4033 2.39378 2.36831 2.578 2.33396 2.26201 2.37565 2.26057 2.2105 2.55975 2.30223 2.18538 2.11317 2.44565 2.05176 2.36803 2.00436 2.00305 1.96952 1.96553 1.95513 1.88907 1.8819 1.86873 1.86858 1.85492 1.85155 1.84532 1.83293 1.81906 1.81549 1.92869 2.09387 1.80373 1.79369 1.78958 1.7691 1.75486 1.7231 2.49201 1.99585 1.72121 1.84281 1.9003 1.69325 2.01699 1.83515 1.6628 1.64773 1.63926 1.66786 1.61429 1.61353 1.60541 1.97755 1.58246 1.56853 1.91072 1.56137
threshold=3894.5000000000005 8.5000000000000018 847.50000000000011 0 1299.5000000000002 1 2 6.1366288661956796 21.500000000000004 6.3553836345672616 3 4 320.50000000000006 5 13.500000000000002 6 10.500000000000002 7 8 9 2232.0000000000005 9.5000000000000018 10 926.00000000000011 11 82.500000000000014 5.7608728408813485 12 13.500000000000002 8.5000000000000018 13 0.14494871348142627 18.500000000000004 14 394.50000000000006 431.50000000000006 15 16 431.50000000000006 17 18 19 7.8490219116210946 9.5000000000000018 0.20215841382741931 6.6784667968750009 0.016140724532306198 12.500000000000002 20 21 3.5000000000000004 18.500000000000004 22 15.500000000000002 431.50000000000006 0.020922974683344368 8.5000000000000018 3.5000000000000004 23 24 4204.5000000000009 4026.0000000000005 25 26 27 2823.0000000000005 28 37.500000000000007 1120.5000000000002 29 2388.5000000000005 30 31 32 33 0.14846121519804004 2803.5000000000005 2410.5000000000005 4.5000000000000009 10.500000000000002 5.569286823272706 822.50000000000011 805.50000000000011 1936.0000000000002 8.5000000000000018 34 35 36 419.50000000000006 4.5000000000000009 22.500000000000004 37 2727.5000000000005 38 0.21914663910865786 39 1570.5000000000002 595.00000000000011 920.50000000000011 17.500000000000004 438.50000000000006 6.5000000000000009 40 0.16785109043121341 2.9601980447769169 762.50000000000011 5.0077221393585214 41 0.004398924997076393 2520.5000000000005 42 6.0527384281158456 956.50000000000011 84.500000000000014 2.5000000000000004 43 0.3138806968927384 0.2727563083171845 59.500000000000007 44 0.19936664402484897 3.6007812023162846 0.01454284740611911 12.500000000000002 45 1010.5000000000001
decision_type=2 2 2 9 2 9 9 2 2 2 9 9 2 9 2 9 2 9 9 9 2 2 9 2 9 2 2 9 2 2 9 2 2 9 2 2 9 9 2 9 9 9 2 2 2 2 2 2 9 9 2 2 9 2 2 2 2 2 9 9 2 2 9 9 9 2 9 2 2 9 2 9 9 9 9 2 2 2 2 2 2 2 2 2 2 9 9 9 2 2 2 9 2 9 2 9 2 2 2 2 2 2 9 2 2 2 2 9 2 2 9 2 2 2 2 9 2 2 2 9 2 2 2 2 9 2
left_child=1 6 3 54 5 39 100 8 12 16 50 23 13 38 15 120 35 -16 86 43 -21 22 87 55 -23 30 47 53 40 59 -15 32 67 -34 -30 -6 -9 -33 -7 104 125 97 101 44 46 83 90 -18 79 -36 68 93 -37 94 -3 -8 114 58 -39 -12 61 63 84 -17 -26 -66 -27 102 85 -59 91 -53 -38 -74 -69 76 77 -35 -60 119 -81 82 111 -45 115 -10 95 92 -61 -80 -11 -71 -20 -19 -28 -13 -29 -4 99 103 -1 -22 -32 -99 -5 123 -107 -108 -89 110 -110 112 113 -56 -57 -63 117 -101 -54 -24 121 -2 -116 -40 -125 -14
right_child=14 2 41 4 9 7 11 36 10 19 29 18 28 25 17 60 26 51 21 20 42 24 48 -25 64 66 27 96 34 -31 31 37 33 75 49 52 72 57 105 -41 -42 -43 -44 45 -46 -47 -48 -49 -50 -51 -52 71 118 -55 81 56 -58 69 78 88 -62 62 -64 -65 65 -67 -68 74 -70 70 -72 -73 73 -75 -76 -77 -78 -79 89 80 -82 -83 -84 -85 -86 -87 -88 108 -90 -91 -92 -93 -94 -95 -96 -97 -98 98 -100 116 -102 -103 -104 -105 -106 106 107 -109 109 -111 -112 -113 -114 -115 122 -117 -118 -119 -120 -121 -122 -123 -124 124 -126 -127
leaf_value=0.31481617249916583 -0.2488152316474487 -0.7278837495387851 0.30487547974400864 -0.1201862442843375 -1.5510549446541815 -0.56323666307945242 -0.21893977790269137 -0.038192278491540721 -0.17973531799216261 -0.2301274127707941 -0.68112268540711796 -0.63972230851879619 0.13361840460781069 0.1267101023236766 -0.00026438100133000604 0.073266423273124215 -1.1500427791903334 0.59027790956241855 -0.35571582213431124 0.12763190916395409 -0.2767574592758541 -0.14385681971620398 -0.17103861735706546 0.24094487219151783 0.13829690234881123 -0.27771282168409778 -1.1575886605607095 0.026591255146068395 -0.31664883408987887 -0.17908424182403904 -0.046182321169359671 0.079493123189940951 -0.062041081470240879 -0.2816052755242181 0.23400581473845913 0.19250591949843823 0.30920432690959482 0.052138389851473024 -0.10586930756304076 0.67959379590589819 -0.013803247965883293 0.091087116682206593 0.15478852693535058 -0.3104225957367801 -0.009887708209480827 0.11637876605135883 -0.59890636632414374 -0.84557341029268385 0.0083768874512272773 0.077791912633088253 0.076852707860928959 0.32245903940711501 -0.24514418802575386 -0.69841100594177297 -0.2622579480277864 -0.72757831587992738 -0.18829584608995087 0.1009452582504976 -0.19398253433346807 -0.97121502163309659 0.28574048223029475 0.043247335359833397 0.16348395505621 0.37476694737132077 -0.019135482697218563 0.10057607849735538 0.467485439222941 0.19014150481721939 -0.83958969992550492 0.00097971938621359343 0.10066166956201723 0.014817023361760674 0.041315720642372447 0.27740529829630484 -0.074668220978251584 -0.21888388542224524 -0.44308617863491789 -1.039347546715965 0.06451816913989758 -0.52553485192742988 -0.20801610707569673 0.02538249009766759 -0.74167357604433615 -1.2195045118084604 0.031426098905431764 0.026214921666063529 -0.1274625927724066 -0.36392995073769024 -0.28585137480351513 -0.086779348217138508 -0.47774507017902601 -0.15003251276375751 -0.085414140722338314 0.37034077692184802 -1.0536693048694918 -0.24099682038840423 -0.55303127357323001 -0.34930671118059198 0.30881628777071529 0.18136908227877113 0.072726020306209657 0.12806570110586232 -0.23694864549025213 0.022560051346522982 0.22608211712239351 -0.66837980922609153 -0.5112129447338335 0.016081555252894928 0.015310398772408092 -0.7031535414111969 -0.26093686535597338 0.044377515971100928 -0.68915762031130545 0.3771268875557256 -0.16782380017404175 -0.23551052502030864 0.60639192664393526 -0.55329272292339005 0.30371250075131823 -0.025269562605830832 0.038269825660028747 -0.15946595577626399 -0.52855012817982583 0.16580544497723801 -0.12574609764084702 -0.14379208872949051
leaf_weight=1714 120 163 5068 224 151 239 3445 1942 1734 1887 456 633 7592 5381 1809 1828 105 4985 2429 10426 5157 4032 2167 451 3301 202 138 684 370 4146 1420 10645 703 125 12386 658 6556 4325 3790 2649 13917 11638 1534 383 1900 3319 975 241 11006 15186 4829 2897 2862 623 2703 248 711 7894 3116 122 3282 396 2679 1752 11419 3410 1928 1073 152 4876 4685 1633 4222 2921 943 197 246 200 2241 277 1632 907 151 245 1121 2162 8022 431 741 7402 176 3485 723 6818 121 1966 604 124 6175 1457 1747 816 953 2689 280 100 750 484 2309 132 1245 518 294 206 157 942 985 156 452 5181 745 1040 307 1027 465 535
leaf_count=1714 120 163 5068 224 151 239 3445 1942 1734 1887 456 633 7592 5381 1809 1828 105 4985 2429 10426 5157 4032 2167 451 3301 202 138 684 370 4146 1420 10645 703 125 12386 658 6556 4325 3790 2649 13917 11638 1534 383 1900 3319 975 241 11006 15186 4829 2897 2862 623 2703 248 711 7894 3116 122 3282 396 2679 1752 11419 3410 1928 1073 152 4876 4685 1633 4222 2921 943 197 246 200 2241 277 1632 907 151 245 1121 2162 8022 431 741 7402 176 3485 723 6818 121 1966 604 124 6175 1457 1747 816 953 2689 280 100 750 484 2309 132 1245 518 294 206 157 942 985 156 452 5181 745 1040 307 1027 465 535
internal_value=0.000553697 0.000195725 0.00067661 0.000331695 0.000455242 0.000816817 -0.00132643 0.000678695 0.000407813 -0.00118749 -0.00199275 -0.00160502 0.00069742 3.41102e-05 0.00376853 0.00214671 -0.00447507 0.00501158 -0.00128885 -0.000373629 0.000575712 -0.000862304 -0.00172454 -0.00518108 0.000208465 0.000370669 -0.00816375 -0.00654378 0.00161165 -0.00505023 0.000215323 -2.58527e-05 -0.00278157 -0.00862678 0.0024057 -0.00222411 0.00298638 0.000305945 -0.00300801 0.00731268 0.000605154 0.00299802 -0.00133609 -0.0022878 -0.00387201 -0.000311629 -0.00619486 -0.0183237 -0.000896266 0.00253228 -0.000104647 0.00556997 -0.00168177 -0.0117489 -0.00429725 -0.00608463 -0.00974701 -0.000122522 -0.00103957 -0.0097119 0.0029642 0.00208534 0.000521604 0.00432961 0.000865491 0.000316059 0.00474178 -0.00082251 -0.00203063 0.000625597 -0.000202206 0.00348786 0.0035225 0.00228296 0.00171627 -0.0146787 -0.018021 -0.0238462 -0.00184901 -0.00217222 -0.00513882 -0.00387319 -0.00487603 -0.00783439 -0.00247469 -0.00155031 -0.00328191 -0.00402665 -0.00626575 -0.0011065 -0.00400872 -0.00125463 -0.00590765 0.0063738 -0.0205019 -0.0056765 -0.00286595 0.00386102 0.0031728 0.00179449 0.00394987 -0.00232212 -0.00297935 -9.59826e-05 7.78214e-05 -0.0026058 -0.00581709 -0.00458671 -0.00257572 -0.0018828 -0.00145188 -0.00437785 -0.00523572 -0.00443795 -0.0144382 -0.00509716 0.00384142 0.00187849 -0.00284597 -0.00140446 -0.00300261 -0.00534483 -0.0109052 -0.00179477 0.000951743 0.00213469
internal_weight=319850 287803 218708 190416 185474 152017 69095 148864 133223 33457 14342 65634 118881 68895 32047 13905 6639 18142 60315 26818 17933 49694 27532 5319 22162 62040 2516 2170 49986 5465 59910 54529 5860 1471 27942 4123 15641 48669 6855 3153 22044 28292 7507 8885 4938 3947 3038 346 20263 27572 8877 16333 3972 882 4942 4868 1423 38024 17084 1319 12000 8718 5138 3580 18130 14829 2130 4389 4048 20940 13046 4530 13699 7143 2016 768 571 325 12759 9257 1909 4779 3872 628 2459 3896 10621 7269 863 9643 2063 8361 3152 11803 259 2599 1288 16654 11586 5411 3461 5973 2373 2813 504 6616 1334 1234 4117 3686 3554 3721 3203 2909 712 1338 2598 1613 3314 7348 1905 1160 464 5282 1492 8127
internal_count=319850 287803 218708 190416 185474 152017 69095 148864 133223 33457 14342 65634 118881 68895 32047 13905 6639 18142 60315 26818 17933 49694 27532 5319 22162 62040 2516 2170 49986 5465 59910 54529 5860 1471 27942 4123 15641 48669 6855 3153 22044 28292 7507 8885 4938 3947 3038 346 20263 27572 8877 16333 3972 882 4942 4868 1423 38024 17084 1319 12000 8718 5138 3580 18130 14829 2130 4389 4048 20940 13046 4530 13699 7143 2016 768 571 325 12759 9257 1909 4779 3872 628 2459 3896 10621 7269 863 9643 2063 8361 3152 11803 259 2599 1288 16654 11586 5411 3461 5973 2373 2813 504 6616 1334 1234 4117 3686 3554 3721 3203 2909 712 1338 2598 1613 3314 7348 1905 1160 464 5282 1492 8127
cat_boundaries=0 12 23 34 45 57 68 79 90 101 112 123 135 146 158 169 180 191 192 202 203 215 225 233 245 256 267 278 290 300 311 322 323 334 345 355 356 357 369 380 390 401 412 423 433 434 435
cat_threshold=167772288 48 9453572 32771 9568264 1065088 8 8396868 4229152 2049 1024 16 0 130 557056 1073741824 100663296 4202496 1073774880 262160 301989888 2147483680 131072 2147489792 131072 1311236 1073741825 335545472 4304896 131332 4456448 2151710720 268443777 4 92274688 16777216 289407360 33554440 0 671088680 1048576 165889 1073745945 1310720 768 98369 2197815312 134287360 151535616 1081604 1350565888 3221225472 2048 536871424 4194340 0 16 0 1245708544 16777344 545390856 2147483776 276828160 68420800 4194304 16778240 1060880 1114112 0 0 33056 4 4 1614839808 0 2172651520 134218752 1073873160 2152202240 65540 12582916 266273 0 1140860928 1077968896 384 2156167168 4096 134152 2155872320 73924864 134221986 25174018 1179648 33558528 33554432 135266304 14 41943040 1074004032 131584 655364 50333696 134217888 35913728 2052 138413056 256 393216 1048585 1610612994 8912897 131072 3072 16416 2147745796 536871008 134218752 310902784 8389792 17826818 36706560 8388608 25165824 8421892 0 578846848 0 147648 4195392 2147483712 67108873 2621440 285213024 64 268435456 0 16777248 33554432 268435456 131112 1572864 4097 0 262208 524288 33027 137280 576 540672 1073742084 1074003968 2415931392 2147483936 4097 537395208 134217760 64 65540 25165824 1 0 36864 1280 34209792 16781312 1073807360 1077937408 2415919109 335544320 134253568 134221826 2685420544 536872960 64 100663296 273678336 68157440 134349056 20973572 2432761856 2148533760 4194304 0 268439552 64 42598400 16908288 69206656 201327620 29364737 12328 1048576 1024 16777216 33554440 0 32 0 2048 8 1075052544 2089 310378502 1073741824 268468609 8 3221235712 537919816 64 528384 2097168 522 5242880 8 0 1024 285212800 33554440 0 0 1048576 2049 8 262144 0 16781312 0 33554440 0 0 1048576 2148536322 135168 16777216 257 18876548 536871968 33652992 512 1574016 1074790402 35782722 2147483648 8 256 8393728 262144 0 536870912 1024 8388608 4098 2 320 524292 9453572 37755904 155189249 0 1073741824 0 43516096 1048578 9 514 256 9437184 25166852 4198528 33554440 0 134218752 1180096 655361 16 576 1 2 1073741824 4210688 264192 3221225536 1049608 67633152 131360 3150880 33559306 2160066560 8 16384 8388608 1 2048 0 0 0 1053697 1048584 134217728 80218116 8396804 2359296 2315256832 0 132096 20 36872 679477248 268436352 526592 1048576 5120 138412160 33554432 268435456 134284288 9568256 4325379 134217744 1310720 257 5379 4 4194304 285212672 33818624 4 671088672 524288 530435 1171 538705984 65 16777216 17826820 2097409 128 64 98304 34209792 528384 1073741824 1078068224 256 0 16777216 20971520 0 0 671088648 1048576 2048 1073741848 262144 657 8861 151552 2097152 74017 19136512 10272 65832 0 513 10 1109524480 268435520 8 9453568 4096 150995200 33554440 268435456 72 2147483648 661504 142606361 1209270784 4194560 0 134221826 8192 1048576 0 33554432 0 12 8388608 262144 4 8388608 32 4 40960 0 0 163842 65536 1212155648 12582913 0 37748736 16777216 8519680 0 4096 64 4194304 0 4096 65536 0 3072 32 4 0 134217728 33554432 8389632 16777216 1048576 8388608 9437184 4194304 4194304 0 0 0 33554560 0 8 512 440 11905
is_linear=0
shrinkage=0.1


Tree=15
num_leaves=127
num_cat=11
split_feature=15 20 12 9 11 15 13 9 20 11 9 11 9 8 15 11 11 11 9 11 11 9 4 9 11 11 6 15 11 9 11 5 9 11 0 9 11 3 11 11 11 15 9 19 13 0 0 8 0 15 9 11 11 9 11 11 9 5 5 6 14 16 15 18 9 12 16 0 11 18 11 8 11 8 9 11 0 9 5 16 9 5 3 14 18 12 0 14 18 8 11 0 18 19 11 5 0 9 14 9 9 13 11 9 14 15 9 16 8 9 14 19 14 18 15 14 0 5 15 15 11 12 16 0 11 8
split_gain=28.1707 17.8778 9.34829 9.05121 11.4993 8.205 7.84382 7.152 7.11636 6.41089 6.01291 7.32679 5.6695 5.06876 5.05318 5.01165 4.75687 4.75606 5.04525 6.57818 6.53733 5.22094 4.59723 4.57861 4.44759 4.34818 4.09028 3.94258 3.82782 3.81365 3.86948 3.72556 3.60506 3.77057 3.26279 3.20266 3.62569 3.19396 3.14586 3.12179 3.10547 3.09367 3.04395 2.96615 2.87029 2.79641 2.7859 2.77767 2.75428 2.64796 2.55002 3.01665 2.61258 2.52574 2.51261 2.51079 2.46879 2.44878 2.56672 2.43401 2.40933 2.34275 2.31952 2.31057 2.30485 2.30417 2.26443 2.20751 2.19795 2.19418 2.18889 2.13761 2.12198 2.82536 2.42018 2.07662 2.08467 2.07377 2.07089 2.06851 2.06152 2.05075 2.03422 2.02442 2.0212 2.01081 1.98197 1.93447 1.91275 1.88609 1.88034 1.86263 2.16227 1.85182 1.85023 1.84279 2.05915 2.33688 1.85457 1.83087 1.81265 1.80678 1.80454 3.08826 1.89239 1.78784 1.78493 1.77915 1.98632 1.77235 1.7554 1.7455 1.72772 1.71189 1.67568 1.65593 1.6281 2.03225 2.14116 1.73389 1.62345 1.61642 1.61142 1.60051 1.58376 1.5808
threshold=3894.5000000000005 0.20940191298723224 831.50000000000011 701.50000000000011 5.3967165946960458 283.00000000000006 22.500000000000004 1314.0000000000002 0.30804333090782171 6.0527384281158456 695.50000000000011 5.6964731216430673 1466.0000000000002 29.500000000000004 4204.5000000000009 5.8167102336883554 4.945864439010621 4.945864439010621 444.50000000000006 4.3127717971801767 3.5112373828887944 304.50000000000006 13.500000000000002 507.50000000000006 6.6077253818511972 2.9601980447769169 4.5000000000000009 4026.0000000000005 4.113457679748536 1981.0000000000002 7.672677993774415 1140.5000000000002 240.50000000000003 2.9601980447769169 0 187.50000000000003 1.9030017852783205 12.500000000000002 3.1730864048004155 5.198855161666871 7.4743888378143319 650.50000000000011 1070.5000000000002 0.0096897743642330187 61.500000000000007 1 2 14.500000000000002 3 650.50000000000011 480.50000000000006 4.1778259277343759 4.5148885250091562 398.00000000000006 4.3343882560729989 2.35339367389679 1077.0000000000002 360.50000000000006 1145.5000000000002 4.5000000000000009 68.500000000000014 0.16348802298307422 529.50000000000011 0.12076532095670701 285.50000000000006 642.50000000000011 0.2027288302779198 4 7.7867991924285898 0.091408587992191329 6.5865430831909189 14.500000000000002 6.3373167514801034 13.500000000000002 2619.0000000000005 3.6318813562393193 5 1178.5000000000002 456.50000000000006 0.2324115335941315 126.50000000000001 510.50000000000006 14.500000000000002 74.500000000000014 0.15204853564500811 30.500000000000004 6 43.500000000000007 0.15633416920900348 10.500000000000002 3.0043103694915776 7 0.13823312520980838 0.011216162703931333 4.3127717971801767 1119.5000000000002 8 913.50000000000011 1.5000000000000002 2314.5000000000005 447.50000000000006 2.5000000000000004 4.2779421806335458 336.00000000000006 30.500000000000004 666.50000000000011 558.50000000000011 0.19415312260389331 3.5000000000000004 161.00000000000003 2.5000000000000004 0.036417553201317794 20.500000000000004 0.14267171174287799 394.50000000000006 30.500000000000004 9 780.50000000000011 612.50000000000011 394.50000000000006 3.6318813562393193 57.500000000000007 0.14408913254737857 10 3.9897433519363408 18.500000000000004
decision_type=2 2 2 2 2 2 2 2 2 2 2 2 2 2 2 2 2 2 2 2 2 2 2 2 2 2 2 2 2 2 2 2 2 2 9 2 2 2 2 2 2 2 2 2 2 9 9 2 9 2 2 2 2 2 2 2 2 2 2 2 2 2 2 2 2 2 2 9 2 2 2 2 2 2 2 2 9 2 2 2 2 2 2 2 2 2 9 2 2 2 2 9 2 2 2 2 9 2 2 2 2 2 2 2 2 2 2 2 2 2 2 2 2 2 2 2 9 2 2 2 2 2 2 9 2 2
left_child=1 3 8 5 13 43 17 15 10 60 16 26 24 59 22 62 23 18 20 61 21 25 27 28 42 35 41 124 32 40 72 63 33 45 81 36 80 -4 85 49 57 56 -13 -1 -44 122 -39 95 53 94 51 64 107 120 87 -37 -12 70 121 67 71 -20 -6 -24 90 -56 -33 -5 99 -38 -11 -9 73 -31 88 110 -77 91 -43 -29 -7 -14 -73 -63 -26 -34 93 -25 -74 -32 -51 -64 -93 -57 -8 96 -17 -98 -99 114 -30 -69 103 -22 125 -19 -21 108 -52 -71 -66 -23 -87 -28 -36 -82 119 -118 -119 -10 -40 -59 -3 -108 -2 -105
right_child=14 2 37 4 7 6 39 9 116 29 11 12 34 -15 -16 47 -18 105 19 106 102 111 31 54 84 -27 113 79 100 30 89 66 38 -35 68 55 69 46 48 -41 -42 78 44 -45 -46 -47 -48 -49 -50 50 52 -53 -54 -55 65 86 -58 58 -60 -61 -62 83 77 -65 75 -67 -68 101 -70 109 -72 82 74 -75 -76 76 -78 -79 -80 -81 115 -83 -84 -85 -86 112 -88 -89 -90 -91 -92 92 -94 -95 -96 -97 97 98 -100 -101 -102 -103 -104 104 -106 -107 123 -109 -110 -111 -112 -113 -114 -115 -116 -117 117 118 -120 -121 -122 -123 -124 -125 -126 -127
leaf_value=0.61163441631530846 -0.025391083920145014 -0.26738560531884525 0.058729949595485803 -0.19080063749087031 -0.36005358721810565 -0.16822980989901781 -0.26290923965837071 -0.56971410176486692 -0.38773312615834371 -0.79981817188940507 -0.37547017807058686 0.099525313870854726 -0.58983121359499946 -0.55026440516381914 0.34444471725418357 0.10340962257681341 0.17872542806326744 -0.094140177520651847 -0.49212428243874629 -0.011232815709970215 0.10506652432966329 -0.48139423797127717 -0.11155312830744653 -0.47112191489278693 -0.231824935376443 0.043293682453562743 -0.41946372717156521 -0.060045074119294731 0.21020572199694332 -0.4750066764462787 -0.17274621546683333 -0.055769009117817896 -0.55975565867243415 0.31362158128678491 -0.91333227994245769 -0.56282926310256987 -0.27883728151745901 0.32675208872359507 0.041895042940006413 0.23301554756842663 0.24901788351826479 -0.43239303488738151 -0.028395514223665236 -0.38895937461981339 -0.70889158076699321 0.22997825592492688 0.084825544984371198 0.146056671841163 -0.10588844114928614 0.038753664752233977 0.15428829046051859 0.17688579851719893 0.026416304673180947 -0.085287419028582251 0.0021450872174477863 -0.055554675207170313 -0.70002459050373023 -0.34042382089925538 -0.30289003050625229 -0.10834487638731166 -0.059828204815784103 -0.31915760683445321 0.035323557545080889 0.3430124456324346 -0.25584976652645308 -0.30700778090554837 0.27228160245489902 -0.6454210459290215 0.26674580572901657 0.12821013975867068 -0.17449012480092191 -1.0726156373750295 -0.57495589803690528 -1.2299568391646234 -0.7386383050265749 -0.086846421066346324 0.10486483761214899 -0.41276155499879313 -0.13296031217659565 0.16168313338918247 -0.61903682401483895 -0.19021595868328059 -0.43855223137260879 0.10480082432267782 0.30483580459551973 -0.29460532625903441 -0.074067135835030024 -0.11253406383614069 -0.22574148331177324 0.1898613944365424 0.1801969311712775 -0.4351733752719521 -0.072179127596819964 -0.34956538411068477 0.036921514948254255 -0.13859396229886056 0.13716052008804486 -0.32799116943549761 -0.044797459946904053 -0.22279990272555072 0.070383615101194938 -0.38932520853981045 0.14563222208658008 -0.11339069484061402 0.043270445168640571 0.091965215425856964 0.053266026087762514 -0.13754202040734542 -0.55741337698733007 -0.067974852422832341 -0.083116268684441802 -0.1560790380878293 0.024248821720505513 -0.0011736561344148685 0.021349331613807167 -0.34604330837887098 0.055155349549455585 0.033787498662596518 0.37515229016461554 0.085594593046737014 0.18518090084690475 0.010692352489493925 0.00979808985638091 -0.1942272965218737 0.19016175422285672 0.076488468262517345
leaf_weight=1304 644 236 7057 2438 571 1189 673 1135 181 208 1040 11135 547 672 8768 6834 8434 839 606 4541 4025 1144 274 859 243 4505 148 4803 4663 318 1902 1821 426 2134 121 221 134 10516 3587 3633 1331 718 7207 102 229 2670 4288 5226 2644 4688 123 3941 5829 2992 5628 477 131 575 812 3848 396 1771 4632 9573 338 508 1518 164 1355 2100 719 216 755 112 679 1475 2575 877 7096 1189 102 3018 104 329 3746 701 1372 902 5419 1258 2878 413 6186 1227 400 1347 1529 282 6081 3506 3312 2647 2774 2532 2340 7047 705 1089 354 1037 978 373 859 6603 6709 265 3599 1887 9004 4221 3022 9248 5711 2979 3509 534
leaf_count=1304 644 236 7057 2438 571 1189 673 1135 181 208 1040 11135 547 672 8768 6834 8434 839 606 4541 4025 1144 274 859 243 4505 148 4803 4663 318 1902 1821 426 2134 121 221 134 10516 3587 3633 1331 718 7207 102 229 2670 4288 5226 2644 4688 123 3941 5829 2992 5628 477 131 575 812 3848 396 1771 4632 9573 338 508 1518 164 1355 2100 719 216 755 112 679 1475 2575 877 7096 1189 102 3018 104 329 3746 701 1372 902 5419 1258 2878 413 6186 1227 400 1347 1529 282 6081 3506 3312 2647 2774 2532 2340 7047 705 1089 354 1037 978 373 859 6603 6709 265 3599 1887 9004 4221 3022 9248 5711 2979 3509 534
internal_value=0.000569816 0.000256704 0.00104692 -0.000528647 -0.00135724 0.000227405 8.38934e-05 -0.000832417 0.000704992 -0.00210942 0.000377285 -0.000356289 0.000398244 -0.00453578 0.00337986 0.000114192 0.00117432 -0.000739904 -0.00121184 -0.00301802 -0.000462601 -0.00192563 0.00261069 0.000727958 0.00140514 -0.0012598 -0.00216955 0.00101035 0.00124617 -0.0016601 -0.00308053 0.00384195 0.000637259 0.00201935 -0.00109072 -0.00264156 -0.00100062 0.00295092 -0.000406858 0.00136812 -0.000509578 -0.00356706 0.000754402 0.00779516 -0.000812264 0.00108739 0.00378546 0.00105122 0.000191915 0.0009751 0.00119004 0.00186867 -0.00035835 0.000979087 -0.00143472 -0.00504398 -0.00836038 -0.00103615 -0.000606488 -0.00391668 -0.00777418 -0.0072949 -0.00145989 0.00482076 0.00113053 -0.000479139 0.000955376 -0.0053172 -0.000281172 0.000889637 -0.00596548 -0.00965636 -0.00434848 -0.0111628 -0.00392091 -0.000454714 0.000666667 -0.00116617 -0.00284873 -0.000630841 -0.00497429 -0.00373427 -0.016875 -0.00571429 0.0044347 -0.00409869 -0.00430429 -0.00476434 -0.0032977 -0.000158227 0.00225482 -0.000800463 -0.00187774 -0.00656943 -0.0038863 0.00040005 0.00072389 -0.000377119 -0.00122112 -0.000777863 0.00315361 -0.00722793 0.0012331 0.00057364 -0.000987791 0.00149125 -0.00161094 -0.00398467 -0.00907757 0.00142493 -0.00390577 -0.00746869 -0.0024359 -0.000309583 0.000175696 -0.0115259 0.00248888 0.003 0.00368286 0.000797824 0.00207142 -0.000159829 -0.000122545 -0.00324647 0.00337828 -0.00262231
internal_weight=320174 288075 143593 144482 68934 75548 74142 59165 121732 25187 102840 53552 37816 9769 32099 33978 49288 45168 37282 10931 26351 14146 23331 40854 22560 12629 15736 10145 32957 23336 10443 13186 24982 10751 15256 8124 4827 21861 14231 28974 12893 8985 18571 1406 7436 8617 14804 21299 12245 25341 24268 16873 7395 9601 7897 3297 1171 11562 10635 9097 1851 2706 12679 9847 12932 6136 3339 5249 11691 3271 927 1455 7283 430 6853 5366 4050 12108 7814 5992 1556 3565 320 2100 3989 1986 3076 1761 6174 3160 7566 11231 6599 1704 1073 16073 14726 7892 6363 10336 7975 2811 12205 9431 5406 7886 8225 1566 477 3137 1316 1517 1560 6751 6830 367 18892 14490 10891 4402 6609 9823 5947 3684 4153 3066
internal_count=320174 288075 143593 144482 68934 75548 74142 59165 121732 25187 102840 53552 37816 9769 32099 33978 49288 45168 37282 10931 26351 14146 23331 40854 22560 12629 15736 10145 32957 23336 10443 13186 24982 10751 15256 8124 4827 21861 14231 28974 12893 8985 18571 1406 7436 8617 14804 21299 12245 25341 24268 16873 7395 9601 7897 3297 1171 11562 10635 9097 1851 2706 12679 9847 12932 6136 3339 5249 11691 3271 927 1455 7283 430 6853 5366 4050 12108 7814 5992 1556 3565 320 2100 3989 1986 3076 1761 6174 3160 7566 11231 6599 1704 1073 16073 14726 7892 6363 10336 7975 2811 12205 9431 5406 7886 8225 1566 477 3137 1316 1517 1560 6751 6830 367 18892 14490 10891 4402 6609 9823 5947 3684 4153 3066
cat_boundaries=0 1 2 3 4 5 6 7 8 9 10 11
cat_threshold=33 13960 6825 11907 3458 4123 5400 3334 6530 8344 10242
is_linear=0
shrinkage=0.1


Tree=16
num_leaves=127
num_cat=89
split_feature=10 0 1 2 10 1 1 4 1 2 2 6 9 2 1 1 2 10 2 1 2 2 1 1 1 2 1 2 2 2 1 5 4 1 2 2 1 1 2 1 8 1 1 4 2 6 2 1 2 2 18 2 2 2 1 1 1 2 1 2 2 5 1 1 2 12 1 2 4 2 2 1 2 1 2 1 1 1 10 8 10 5 1 20 1 1 10 8 1 1 10 2 1 1 1 1 2 10 12 2 10 1 12 9 2 4 2 1 2 9 13 2 4 2 2 10 9 2 1 20 1 12 1 10 2 1
split_gain=31.2777 14.2214 15.4692 13.9135 11.1628 9.59944 9.42883 8.88626 8.09876 7.62689 7.53742 7.35762 6.47159 6.44497 6.20923 5.94347 5.91175 5.67249 8.3996 6.72165 5.3302 5.3212 5.57829 5.02384 5.01435 5.01072 4.85938 4.74973 4.72988 4.52624 4.4601 4.44074 4.50989 5.93729 4.4797 3.99897 3.88329 3.80121 3.74699 3.73158 3.65057 3.53454 3.40206 3.38343 5.17406 3.86508 3.36143 3.77737 3.25618 3.19397 3.18468 3.09907 3.08703 3.03166 3.0187 2.98299 2.94684 3.86409 2.90781 2.89537 2.88013 2.87926 4.84343 2.85084 2.80842 3.67953 2.78209 3.75082 2.77838 3.79842 3.1225 2.65534 2.63225 2.50396 2.49375 2.47799 2.45757 2.42713 2.4257 2.59419 3.02776 2.3987 2.38472 2.36947 2.3431 2.32206 2.31738 2.30421 2.28233 2.23495 2.23253 2.78097 2.69352 2.43714 2.40398 2.18373 2.17406 2.11914 2.11883 2.10714 2.15847 2.1037 2.5835 2.0956 2.0893 2.05955 2.04542 2.12228 2.02266 2.00694 1.99098 1.97706 1.96015 1.93458 1.91245 1.88122 2.71413 1.86425 1.84957 2.06553 1.80517 1.80059 2.68331 1.79133 2.77833 1.78726
threshold=92.500000000000014 0 1 2 252.50000000000003 3 4 13.500000000000002 5 6 7 6.5000000000000009 398.00000000000006 8 9 10 11 76.500000000000014 12 13 14 15 16 17 18 19 20 21 22 23 24 330.50000000000006 20.500000000000004 25 26 27 28 29 30 31 16.500000000000004 32 33 21.500000000000004 34 3.5000000000000004 35 36 37 38 0.087353020906448378 39 40 41 42 43 44 45 46 47 48 405.50000000000006 49 50 51 2.5000000000000004 52 53 13.500000000000002 54 55 56 57 58 59 60 61 62 182.50000000000003 29.500000000000004 280.50000000000006 330.50000000000006 63 0.17298588901758197 64 65 374.50000000000006 29.500000000000004 66 67 81.500000000000014 68 69 70 71 72 73 67.500000000000014 303.50000000000006 74 82.500000000000014 75 941.50000000000011 1548.5000000000002 76 16.500000000000004 77 78 79 403.50000000000006 5.5000000000000009 80 15.500000000000002 81 82 68.500000000000014 236.50000000000003 83 84 0.22216068208217624 85 470.50000000000006 86 60.500000000000007 87 88
decision_type=2 9 9 9 2 9 9 2 9 9 9 2 2 9 9 9 9 2 9 9 9 9 9 9 9 9 9 9 9 9 9 2 2 9 9 9 9 9 9 9 2 9 9 2 9 2 9 9 9 9 2 9 9 9 9 9 9 9 9 9 9 2 9 9 9 2 9 9 2 9 9 9 9 9 9 9 9 9 2 2 2 2 9 2 9 9 2 2 9 9 2 9 9 9 9 9 9 2 2 9 2 9 2 2 9 2 9 9 9 2 2 9 2 9 9 2 2 9 9 2 9 2 9 2 9 9
left_child=3 2 9 50 7 115 52 8 59 -2 41 16 17 42 60 -13 54 20 58 27 120 22 83 97 -12 26 -26 -20 63 -17 53 85 34 72 -33 -16 -21 114 -35 111 82 -9 -10 66 -45 -46 125 -48 -25 -31 -1 -11 81 105 -8 -50 57 -37 -19 -3 -15 62 -38 -6 -63 -66 108 88 69 -53 -70 -47 -34 -52 -58 -51 98 -54 89 -80 -81 -4 -39 -18 103 -32 110 -49 -68 -24 92 93 -67 -92 -93 -44 -89 -22 -29 100 -64 -76 -103 -30 -60 -23 107 -84 -41 -40 -65 -27 -69 -77 -36 -5 -117 -14 119 -83 -7 122 -56 -57 -125 -42
right_child=1 4 6 5 28 12 11 10 13 51 24 15 117 14 35 29 21 18 19 36 23 30 78 48 25 39 -28 76 84 49 31 32 33 38 37 56 61 40 109 43 46 -43 95 44 45 71 47 87 55 75 73 68 77 -55 121 123 74 -59 104 -61 -62 64 99 86 65 90 67 112 70 -71 -72 -73 -74 -75 101 113 -78 -79 79 80 -82 118 106 -85 -86 -87 -88 96 -90 -91 91 94 -94 -95 -96 -97 -98 -99 -100 -101 -102 102 -104 -105 -106 -107 -108 -109 -110 -111 -112 -113 -114 -115 -116 116 -118 -119 -120 -121 -122 -123 -124 124 -126 -127
leaf_value=-0.058975739308251562 -0.18840045894019586 -0.18226224739491675 -0.95933228545760907 -0.024687297128273195 0.17122963032997734 -0.23963215166639149 0.019098994702921451 0.11976532216765322 -0.45364863289927504 0.39343456075900241 -0.11493581666026859 -0.22496501454943121 0.10513500925422836 -0.39132011903042135 0.16046900348756182 -0.21567539299371441 -0.34149571955933783 -0.029877802858529874 0.052494034368284662 0.23673428176286615 0.09837483587196838 -0.12991640766866316 -0.1023707339662344 0.31848453840037433 -0.33292440082076591 0.3289745222678469 -0.022813486250579794 -0.50028277225708195 -1.1754642631470333 0.34249953744591366 -0.55938555626506659 0.15573304133110821 -0.20428983939986509 0.088225496209808185 -0.05833416249311231 -0.12165540019547035 0.15003419315212596 -0.22494529010752526 -0.68297016624141849 0.062510684052305018 0.24921469978527458 0.34019995587885188 0.15944942359161807 0.18161674769276281 -0.36538486249681035 0.20209859563334498 0.10244157381170554 -0.068080857211218634 0.23495438247724235 0.2566306927077156 0.54560090657958271 0.2115227699381145 -0.068635059992371364 0.097214237132902587 -0.18227846518769425 0.2044058016486083 0.031021163031548407 0.15341910673425441 -0.45462179937187336 0.21812551137398484 -0.065479661169325618 0.17194044356006205 -0.12988476848623223 -0.37546727275763569 -0.4001253882850373 -0.015271376321843937 -0.16320392465204459 -0.0047539052788143103 0.36415411921770369 -0.04884331062282396 0.11160060672833799 -0.18886679309901699 -0.63857574291483132 0.20536504741654868 0.0078589991857686611 0.14775124080125451 -0.17367518112559868 -0.45886556800758571 -0.20842730611527768 -0.22063744411839564 -1.0520590383081756 -0.58860361664257999 -0.026837428188942643 -0.20952802112940994 -0.10834949186954962 -0.16459007632595624 -0.42712774453713725 0.095639559911520164 0.015985755593342459 0.041961723645277421 -0.05034391978671382 0.12209708581753348 0.19743538629719026 0.11090606051765195 -0.16076547222672721 -0.18232198158863258 -0.62733528281106787 -0.082514211580947405 -0.11041945331570889 -0.15534128874453579 -0.42730018567087752 -0.19242621561247222 0.30170214315356081 -0.30189341556490112 -0.19455074276873074 0.071229896936552309 -0.025193048945980304 -0.17506531864930364 0.26213172288335851 -0.17224055356182646 0.042836255088614016 0.12236570415177722 0.22410140782988638 -0.0071136031760109355 0.057966607024274856 -0.43879145533113068 -0.085371486319727463 0.34047104754674917 -0.25121910126196212 -0.27660911842567687 -0.018039999147764687 -0.15162521185927014 -0.40791802570428709 -0.10689413944127142 0.0969762162922468 0.00096464857390715685
leaf_weight=462 1919 387 106 923 3285 117 1220 3326 549 1656 3251 1198 1258 1402 2949 995 1672 669 1018 3012 1229 2358 4162 4156 499 4289 2630 375 180 1165 485 2775 479 1635 4035 1127 824 3167 260 2736 1675 7843 422 2109 1260 901 1202 1420 4938 3651 4011 2144 2130 9581 1463 2371 6828 5182 109 5744 2307 5949 168 597 180 1339 1489 2405 2925 4524 7327 864 664 4891 3492 2453 1026 654 3716 137 117 378 3119 4202 4623 845 807 133 3212 4815 1760 806 3179 4858 1580 4338 402 1832 120 981 223 4463 237 5029 991 1466 7856 6757 9427 4592 3474 2846 7822 6802 10368 591 770 3618 2268 289 2856 1850 1542 871 8205 1007
leaf_count=462 1919 387 106 923 3285 117 1220 3326 549 1656 3251 1198 1258 1402 2949 995 1672 669 1018 3012 1229 2358 4162 4156 499 4289 2630 375 180 1165 485 2775 479 1635 4035 1127 824 3167 260 2736 1675 7843 422 2109 1260 901 1202 1420 4938 3651 4011 2144 2130 9581 1463 2371 6828 5182 109 5744 2307 5949 168 597 180 1339 1489 2405 2925 4524 7327 864 664 4891 3492 2453 1026 654 3716 137 117 378 3119 4202 4623 845 807 133 3212 4815 1760 806 3179 4858 1580 4338 402 1832 120 981 223 4463 237 5029 991 1466 7856 6757 9427 4592 3474 2846 7822 6802 10368 591 770 3618 2268 289 2856 1850 1542 871 8205 1007
internal_value=0.000541832 8.54559e-06 -0.000691405 0.00237262 0.000827438 0.00183622 -0.00114887 0.00125457 0.000100693 0.00183614 0.00205398 -0.000936147 0.00207627 -0.000514622 9.17959e-05 0.00102312 -0.00128574 0.00177102 0.000808105 0.00123978 0.00282785 -0.00107012 -0.00255377 0.00332966 0.00148415 0.00177392 -0.00207391 -0.00365241 -0.00145874 0.00156275 -0.000648504 -0.00106153 -0.000914523 -0.00315858 -0.000524638 0.000674407 0.00174072 -0.000787101 -0.00197476 0.00208026 -0.00149245 0.00438232 -0.00370558 0.00162091 -0.000732372 -0.00337726 0.000717589 -0.00149353 0.00389324 0.00202471 0.00596757 0.00245669 -0.00506427 0.000980246 -0.00429745 0.00325404 0.000196354 0.00200823 -0.0058516 0.00343755 -0.00371336 0.00127511 -0.00215847 0.000321792 0.00165946 0.000869312 0.00206748 0.00115009 0.00204962 0.000461908 0.00308428 -0.000368272 -0.0097745 0.00639407 -0.000565535 0.0015686 -0.00717831 -0.00263422 -0.00139153 -0.00345088 -0.0132283 -0.00727302 -0.00211063 -0.00510877 -0.00293436 -0.00676692 -0.00121113 -0.00419847 -0.00118658 -0.000482343 0.00105902 0.000148823 0.00287295 0.00120398 -0.00277129 -0.00283019 -0.00981308 -0.000452621 -0.0129703 -0.00577424 -0.0119451 -0.00174104 -0.00312102 -0.00438973 -0.00900901 -0.00139802 -0.00165596 -0.0026138 0.00318985 -0.00336898 -0.000243183 0.00414976 0.00222428 0.000696169 0.000522445 -0.00451613 -0.00689934 0.00557014 -0.0067632 -0.011418 -0.00116326 -0.00541624 -0.00693844 0.00236275 0.00172543 0.00331352
internal_weight=320358 248092 133761 72266 114331 62902 113266 96336 39427 20495 56909 107441 60618 33296 27987 16264 91177 55742 29167 27398 26575 85102 18821 23602 45740 42489 3129 2539 17995 15066 66281 52876 51546 7630 43916 24278 24859 41141 6487 39360 26738 11169 5309 32225 5134 3025 5839 3157 20541 14071 9364 18576 5825 13405 6075 16385 21329 6309 1769 6131 3709 21847 2196 8163 19651 13702 27091 14928 16920 6668 10252 1765 1143 8902 15020 12906 1521 2784 12947 3970 254 3041 20899 5874 9832 1330 4878 1955 4701 8977 13522 9004 4518 6618 2386 4760 535 3061 495 1372 391 8192 4700 5209 1100 3824 17732 9876 12163 4852 4071 7135 10227 9255 14403 2284 1361 4876 2935 667 2973 4855 3005 11447 9076 2682
internal_count=320358 248092 133761 72266 114331 62902 113266 96336 39427 20495 56909 107441 60618 33296 27987 16264 91177 55742 29167 27398 26575 85102 18821 23602 45740 42489 3129 2539 17995 15066 66281 52876 51546 7630 43916 24278 24859 41141 6487 39360 26738 11169 5309 32225 5134 3025 5839 3157 20541 14071 9364 18576 5825 13405 6075 16385 21329 6309 1769 6131 3709 21847 2196 8163 19651 13702 27091 14928 16920 6668 10252 1765 1143 8902 15020 12906 1521 2784 12947 3970 254 3041 20899 5874 9832 1330 4878 1955 4701 8977 13522 9004 4518 6618 2386 4760 535 3061 495 1372 391 8192 4700 5209 1100 3824 17732 9876 12163 4852 4071 7135 10227 9255 14403 2284 1361 4876 2935 667 2973 4855 3005 11447 9076 2682
cat_boundaries=0 1 12 23 34 46 57 68 79 90 100 111 123 134 145 157 168 179 191 203 214 224 233 244 256 267 278 290 301 313 324 335 346 357 369 380 391 402 414 425 437 448 459 470 481 492 503 514 525 536 547 558 569 579 591 601 612 623 633 644 655 666 677 687 699 709 720 731 742 753 764 775 784 795 806 817 828 838 849 860 871 883 895 906 917 925 935 946 956 968
cat_threshold=9785 17825920 4227714 268468224 1 8388896 262144 268468232 2147614756 306184320 532512 139776 2166374400 1072 263425 2304 2214592512 272723968 1078460672 786432 4194304 256 525376 155189376 1073750020 4 50593793 2157052032 269500416 268435456 2148565024 537921664 64 2560 33554432 176161072 8470530 536903682 536871048 134234112 4480 20979776 16777216 134217728 3072 16 4 32 4460544 2099328 2415919328 1048576 268435984 20972032 1082130449 671098880 8454209 2426933248 34603008 4194305 134217856 67244544 163840 512 17043456 9437216 10240 2432696320 9437184 33588240 8576 136 34816 5120 524352 16812034 1073742848 1610743818 268567296 16973824 131104 17047808 393216 4026568704 8454176 3258978304 8 67108872 520 256 320995328 18874896 33281 537395200 36868 1082146816 1212153856 2058 83887104 2097920 2228228 1048576 0 134481920 2415927296 264 2294284288 525314 75567136 6292032 256 11075584 17826084 9216 2281963520 0 256 131744 266240 335544320 2149843520 2164391936 8 8914944 526336 6291460 2146304 4132 0 134352896 1592 1611661344 406850048 2147483648 8912896 67111936 513 1048704 10240 33554688 9445504 538624 2147553280 33692673 65536 655424 1049088 66 524288 269616384 9438216 512 2147485952 587268096 536875008 134221824 98 285212672 3221225474 8388992 133120 4 671253504 524288 2147484672 1075905664 1185920 8388864 2621441 2102276 134217728 2156003588 67110912 536936456 2151677952 8389128 1074794496 1073742208 2147483905 135170 8388736 5247040 256 536879136 33555456 262144 258 136314912 272638208 286789664 64 65536 79692320 2097664 163852 1058852 1048896 1078067200 268435458 16777216 131072 1050116 8 35799044 75497984 262146 2148532228 1073745924 256 138543104 268436512 3211264 134218752 2147483716 8388612 1024 0 33554432 0 671219712 0 131072 0 1048832 0 0 16777344 8 268435464 32768 75497472 1050627 4113 1064960 50331648 150994945 33554432 268435456 4195328 1048704 2147487745 134217728 1746141450 524293 335544324 34 34 2052 32772 4210952 8388608 1310978 1 0 272696897 8 0 2097152 128 134745096 1141907456 541069320 2151809024 297984 67145730 2181038592 2148007936 268435460 0 4194560 33685508 0 196672 524816 1572864 136314880 320 65604 67108992 75498496 65538 9977984 41947136 1107640320 2189426696 33024 33554432 4194562 268435456 16 269500672 33589268 4099 2308 8196 536891392 512 527360 16781312 1074006016 4325888 268484608 2147483648 2916352 1024 0 4136 202019348 129 18874368 1210056704 256 8 2155872257 5120 23072769 33554432 268435456 196864 524288 528649 1210056704 1080033600 65796 2147483648 38273024 16777216 571473928 33562624 1073741896 41943056 17957440 13631537 524544 4160 33554432 32772 8354 33816704 2147487744 0 2290614272 16910736 8392720 1049600 285802496 0 16777216 20971681 131208 0 134414336 192 4196353 5129 1074005248 257 0 8388608 268435712 0 0 33856 0 526337 136314880 1024 0 8 268435456 21106688 29360160 536887296 0 135462984 33554432 1703937 134221832 1311232 5767168 2148663296 0 262177 35651588 2214602752 4194464 135266368 9437184 9 1611138048 1 268976132 68157444 134480128 2097412 2147483648 32832 41943552 8389120 1048576 3202 8388609 269549568 20973568 153124864 1196034 32 1073774624 33685600 25 1048584 335806464 8388608 8 16384 146800660 0 33833216 0 0 138413312 4198912 136384514 673841154 2155876356 67108864 136318464 2 536871168 268435460 81920 1073741832 768 274727041 539492372 1246208 8 0 3072 419430528 0 0 671219712 1048576 0 11 1208221696 2147483904 0 0 16777248 388 2214592512 4280352 2147483664 8947714 135270409 536871938 4195844 8388608 2048 262144 36307072 67108868 4260992 169345088 0 134217728 1073741824 277348352 2097152 4195328 268436224 3221356556 260 1610744064 128 526336 1049 168827392 134217732 1048832 8388612 2 33570816 1073750016 98368 34734144 270172161 2097152 1180736 2420637952 8388608 16777216 32 16384 0 8 0 0 134218753 131072 589825 8388608 8391680 16777216 8 0 671088640 67108928 0 17 134217984 1 0 2048 4096 2176 0 8 134348928 0 134217728 134217728 2147483649 8388612 16781316 268435585 8 0 671088640 8388608 8390658 16 134217728 524352 67588 35655696 16384 1073889288 805310472 134381568 0 20971520 134217744 802 4194309 277872640 16781312 268697888 0 0 671088640 8388672 8390659 1075839001 536870912 524545 0 19922948 134217760 132108 536870912 536870920 262848 16777347 203424769 131202 276824320 8536320 133120 155189248 8912896 536870976 671155200 34603536 2148040736 1025 537141504 268435456 6426624 268435488 33556736 805306368 671219712 640 4853760 8392713 3146496 4718592 8 1048580 20971522 32 2149976068 536870912 64 71827456 2157453314 1207959568 1078988800 16385 1157628160 159650048 2147516420 2147483648 8 13631504 2147485737 0 34734144 4194560 0 16778240 138412032 0 536870912 134349832 1048576 8388609 0 0 257 0 1024 268435456 8 2048 0 0 8390657 138412049 1610612736 0 1024 150994945 128 67108864 4202496 524544 393218 4096 672801280 1 8388612 8388608 404750496 579878920 1048576 132352 524288 4325378 134218769 134218816 8912897 76038145 18874368 257 2189426956 0 536936480 1536 4617 136314888 33560576 65540 0 3072 0 0 0 0 9437184 10240 0 7168 65536 0 142606368 65536 536903680 536870912 134217728 0 20979776 0 134217728 151556 3221225476 8448 2159034624 2147614724 1073774592 1140850688 0 1049600 2052 12587009 8 9437184 4096 402653440 131080 268435456 536887304 1048768 1 1041 538050816 276824064 5120 134217728 0 2147483648 0 512 257 25 1074003968 257 0 33554432 268439809 536870912 0 32 64 5246976 1048584 1073742336 2147483713 67125248 0 18874400 33816584 8192 0 1573376 1083392 2098203 37753930 13107264 1114116 4194304 285253760 134217730 268435456 134348864 48 12716288 16 3224371204 5 65536 16777216 138412480 1075838976 536875008 1207959552 64 520 134218768 262656 2147483648 2164740 37748736 25165952 1073741824 805306696 1073841152 33554432 4325376 1024 4194826 1 0 17825792 16777248 16384 0 536870912 0 0 134217752 0 0 33 4 0 536870912 524288 4096 0 512 4 0 4096 16777216 0 0 0 0 2048 0 0 68 1048576 16777216 0 8 0 134348800 0 0 16 1074003968 256 8404992 37787648 0 1081344 536870912 134221832 2156396544 2155876352 8 8 4 2048 524288 0 0 0 0 0 512 536870912 272629760 1196036 4198416 402915361 536870912 2147493920 4194432 1344 9437185 134217728 1032 590849 2097152 83886080 0 262148 6144 192 262240 512 512 537264256 268435520 268435456 18878464 4097 545931264 0 1074872328 2181038080 524289 8 1058816 4260864 0 20975616 402657313 262144 0 1208090656 2148532224 8388609 134221841 576 4718593 8 1 35651584 16777217 9437192 2214604800 196672 1049152 2164294656 9437320 1073744392 524288 16 0 35651584 150999040 2097416 2214635520 8 134217728 512 12587032 134217728 2112 536870912 2147489792 159383584 147464 301989920 1073741824 132608 2052 8388632 1538 8388608 33554432 134217728 65536 536903682 536870912 16384 0 16777280 0 0 0 0 0 0 8388608 0 0 512 67239936 4096 0 8 0 0 0 2049 1048584 0 2147483649 134217728 67108864 4096 8 8192 33554688 0 4194306 1 1073741824 0 2164260864 134217984 1048576 2147487748 1024 1050176 9437186 1048601 267264 12582977 8
is_linear=0
shrinkage=0.1


Tree=17
num_leaves=127
num_cat=85
split_feature=10 11 10 11 11 10 10 1 2 1 2 1 11 2 10 1 11 1 2 15 2 2 1 10 1 1 2 1 1 1 2 2 1 2 2 1 1 10 1 2 2 11 2 1 1 11 1 2 2 2 0 1 2 2 2 2 11 1 2 11 10 1 2 11 1 1 1 11 1 2 5 2 1 2 2 2 18 2 1 0 2 1 2 12 1 1 13 1 2 1 10 1 2 4 1 2 1 2 11 1 11 6 10 11 2 11 1 2 14 2 1 14 2 2 1 16 2 16 5 2 9 11 11 1 0 14
split_gain=25.9323 21.7939 24.0287 14.5835 14.2181 15.3314 13.5926 11.6573 11.0861 8.9849 9.07701 7.86038 7.29371 7.29661 7.25393 7.25128 6.90954 9.38817 6.67205 6.41099 6.30555 6.04444 6.06194 6.58163 7.76144 5.59802 5.48666 6.02384 5.70659 5.44476 5.30893 5.24216 5.65043 5.19762 5.11665 4.84235 4.76871 4.76543 5.03262 4.88867 4.58254 5.3885 4.44309 4.49976 4.14727 4.08657 3.97282 3.89454 3.76884 3.64426 3.59472 3.58307 3.56784 3.50877 3.44346 3.41585 3.41011 3.29638 3.27068 3.2164 3.12852 3.10305 3.09856 3.01819 3.9226 3.00457 2.90301 2.88521 2.86635 2.84378 3.89667 2.76007 2.74038 2.72964 2.7117 2.69563 2.67109 2.64876 3.03819 2.83879 2.60466 2.59497 2.54664 2.50157 2.49388 2.4623 2.42811 4.45724 2.54059 2.42451 2.3478 2.65377 2.33475 2.33359 3.15329 2.3061 2.23842 2.21525 2.21057 2.18161 3.09417 2.17579 2.16806 3.18944 2.16435 2.13905 3.10813 2.22805 2.11245 2.10023 2.08654 2.07032 2.04985 2.04874 2.03419 2.34439 1.98336 1.97249 1.9455 1.93137 1.90081 1.89489 1.88582 1.85708 1.84868 1.87947
threshold=98.500000000000014 4.6688983440399179 145.50000000000003 5.8837959766387948 3.6858804225921635 64.500000000000014 265.50000000000006 0 1 2 3 4 5.8003833293914804 5 217.50000000000003 6 2.5638694763183598 7 8 3217.5000000000005 9 10 11 79.500000000000014 12 13 14 15 16 17 18 19 20 21 22 23 24 120.50000000000001 25 26 27 6.3890390396118173 28 29 30 5.5211992263793954 31 32 33 34 35 36 37 38 39 40 2.0902305841445927 41 42 7.0430233478546151 105.50000000000001 43 44 3.5112373828887944 45 46 47 4.4151742458343515 48 49 365.50000000000006 50 51 52 53 54 0.091408587992191329 55 56 57 58 59 60 926.00000000000011 61 62 22.500000000000004 63 64 65 353.50000000000006 66 67 13.500000000000002 68 69 70 71 5.198855161666871 72 5.3412013053894052 3.5000000000000004 211.50000000000003 5.54622507095337 73 5.3412013053894052 74 75 17.500000000000004 76 77 69.500000000000014 78 79 80 0.20806037634611133 81 0.21775385737419131 390.50000000000006 82 369.50000000000006 2.6709105968475346 5.3680768013000497 83 84 15.500000000000002
decision_type=2 2 2 2 2 2 2 9 9 9 9 9 2 9 2 9 2 9 9 2 9 9 9 2 9 9 9 9 9 9 9 9 9 9 9 9 9 2 9 9 9 2 9 9 9 2 9 9 9 9 9 9 9 9 9 9 2 9 9 2 2 9 9 2 9 9 9 2 9 9 2 9 9 9 9 9 2 9 9 9 9 9 9 2 9 9 2 9 9 9 2 9 9 2 9 9 9 9 2 9 2 2 2 2 9 2 9 9 2 9 9 2 9 9 9 2 9 2 2 9 2 2 2 9 9 2
left_child=4 9 12 8 5 20 19 73 29 52 25 62 13 51 31 82 17 30 -6 26 -1 110 -23 47 33 50 72 -28 54 102 -9 44 71 -25 -30 112 -12 61 39 -39 -8 46 43 97 -13 58 -42 -24 90 -40 -11 -3 -2 85 -29 -14 68 -55 -34 117 108 95 -10 64 120 -21 -57 75 -22 70 -19 -33 -5 -7 -47 -59 -58 -65 79 -79 93 -52 118 -56 -51 -37 87 88 -60 -49 91 -43 -69 94 -67 -17 -16 -38 -98 -31 -101 123 103 -4 -26 106 113 -108 -54 -78 -18 -100 -20 -63 115 -62 -36 -50 -15 -86 -44 -45 -64 -41 125 -35
right_child=1 2 3 6 18 7 40 16 11 10 36 14 55 15 96 37 21 69 35 65 56 22 23 24 104 -27 27 28 34 99 -32 32 45 124 116 53 42 38 49 101 41 48 63 121 -46 74 -48 89 59 84 81 -53 60 57 83 66 76 67 86 -61 114 105 122 77 -66 80 -68 92 -70 -71 -72 -73 -74 -75 -76 -77 109 78 -80 -81 -82 -83 -84 -85 119 -87 -88 -89 -90 -91 -92 -93 -94 -95 -96 -97 98 -99 111 100 -102 -103 -104 -105 -106 -107 107 -109 -110 -111 -112 -113 -114 -115 -116 -117 -118 -119 -120 -121 -122 -123 -124 -125 -126 -127
leaf_value=-0.02987388242394334 -0.024128906693156326 0.033979482912977171 -1.1206059233818382 -0.025626210351603642 0.34846214790345381 -0.14620764117506646 0.059543750698850095 -0.064754393578678404 -0.15508024668653367 -0.28455248218095008 0.10471446816050028 -0.10341280197023944 0.042256394302988137 -0.28744333431541341 -0.13122758906083495 0.43053483217043254 0.28745167384277925 -0.32326687848864988 0.066850299948492592 0.38505736909786181 -0.16567780965639881 0.16698075790934672 0.16728130640564354 -0.10258974400066145 0.046692375355076192 -0.14395326017246643 -0.20491742483494729 -0.20150265219366104 0.15116088872993119 -0.042121479940258721 -0.52994552682804952 -0.1063207603809284 0.032837189433788362 -0.58876446714242869 -0.19946150737969429 0.11141972265272096 -0.64202879333933316 0.082458508562288535 -0.044977568102704486 -0.41671731128602574 -0.89935785431782667 0.16072975699261727 -0.40844257108047055 -0.97736969138645247 0.16668607061149449 0.16208719401932517 -0.25394975152985116 0.069746938943291953 -0.71843489548678219 0.27769738638225561 -0.35477195196061118 -0.14242675065776578 -0.29625739577603066 0.25430593949905317 -0.049209133722809342 0.078622332672815223 -0.0021319629099370314 -0.082859893250927255 -0.43714260376491731 -0.17891969619097922 -0.77797119377029134 0.058250307154137954 -0.81440564005396565 0.14066617694204198 -0.16124783605165016 -0.27568014679439762 0.29663444782496479 -0.012411360178176917 0.14179105471563319 -0.11473866472268646 0.073419014605912394 -0.3030611348979082 0.28491758521558935 -0.38685568194109266 -0.033594210725173913 0.06416840739371675 0.49591088402581929 -0.69389931274427508 0.012323373265579564 -0.13489274383822855 0.28289870251588806 -0.71467029891278921 -0.17231287051015864 0.25692691510623028 0.1877040124338725 0.30358269355873668 -0.067672952848525925 -0.18638966050037342 -0.74649653471847732 -0.067695982572157212 -0.25791936602072724 -0.079070237433669172 0.22553558882677122 0.18331746841215901 0.079642581948363544 0.16438319807634355 -0.93618377585931634 -0.28446651968796127 -0.5541848873268026 -0.51885478242566452 -0.24774308453687649 -0.05916556863366336 -1.1616774228652111 -0.43718917425790826 -0.14151244401752502 0.25730458988860411 -0.019244987240158544 0.1638660630217883 -0.050980597677194532 0.22393757469279443 0.10605601742941165 0.0063788536899181169 -0.079676493642953594 -0.12868946176985543 -0.41948486941088375 -0.54789823618997635 0.021019058444018843 -0.20357150116212239 0.13811745132215733 0.026984805990973221 -0.95034079376190617 -0.067467906275437084 -0.37465086741144488 -0.2137696944748384 -0.18460794793655541 -0.3438487486898793
leaf_weight=1503 590 2943 123 1284 5233 941 5510 525 1726 1429 3566 1734 2777 210 1025 2300 2995 438 1945 3475 441 5157 3735 832 2671 3729 3130 3132 14111 924 668 3994 3719 344 1432 2532 244 1856 2931 253 1386 3360 246 109 5423 4899 2049 2052 839 2999 432 3635 248 3656 7542 1957 547 1398 620 6154 170 1304 212 2029 1392 818 9785 1034 2263 3785 4678 2792 4652 550 3524 7665 3310 105 9220 3177 3788 554 1908 1153 4606 5497 3215 2769 248 2733 2623 3666 5005 2930 1184 2708 101 2695 1738 903 2535 1829 105 303 2582 4619 1400 5250 645 2712 4097 384 1854 1099 1283 159 13988 484 1094 5595 112 5698 840 1051 287 215
leaf_count=1503 590 2943 123 1284 5233 941 5510 525 1726 1429 3566 1734 2777 210 1025 2300 2995 438 1945 3475 441 5157 3735 832 2671 3729 3130 3132 14111 924 668 3994 3719 344 1432 2532 244 1856 2931 253 1386 3360 246 109 5423 4899 2049 2052 839 2999 432 3635 248 3656 7542 1957 547 1398 620 6154 170 1304 212 2029 1392 818 9785 1034 2263 3785 4678 2792 4652 550 3524 7665 3310 105 9220 3177 3788 554 1908 1153 4606 5497 3215 2769 248 2733 2623 3666 5005 2930 1184 2708 101 2695 1738 903 2535 1829 105 303 2582 4619 1400 5250 645 2712 4097 384 1854 1099 1283 159 13988 484 1094 5595 112 5698 840 1051 287 215
internal_value=0.000506825 -3.76563e-05 0.000385193 -0.000383565 0.00199348 0.000905096 0.000354043 -1.14544e-05 -0.00187523 -0.00223567 -0.00177368 -0.00131039 0.00197461 0.00139746 -0.000915872 0.0018716 0.000331711 -0.00190806 0.00351462 0.00115285 0.00424647 0.00114801 0.000280338 -0.00071082 -0.00299957 -0.00525837 0.000655244 0.000273721 0.000594179 -0.00635733 -0.0101995 -0.000471506 -0.0011361 -0.0088981 0.00133746 0.00294679 -0.00102332 0.00224064 0.00121212 -0.00156231 -0.00156457 -0.00225025 -0.00151096 -0.003328 0.00192131 -0.000250473 -0.00586608 0.00115024 -0.00152633 0.00206988 -0.00901031 -0.0017031 -0.0073913 0.00342091 -0.0012613 0.00394586 0.00521706 0.00266837 -0.00155993 -0.00320956 -0.00904573 0.00340471 -0.00642755 -0.000533423 -0.00445714 0.00321033 0.00469027 0.00201297 0.00223373 -0.000784423 0.000753024 -0.00361095 0.00350824 -0.00865423 0.00139262 0.00088602 0.00645304 -6.1248e-05 -0.000605818 -0.00321385 0.00221077 -0.0136948 -0.00269398 -0.000235496 0.0027782 0.00517353 -0.0028534 -0.00462744 -0.0108428 -0.000740354 -0.000218449 0.000734415 0.00370757 0.000692028 -0.00193806 0.00553607 -0.00542488 -0.00651407 -0.0071966 -0.00516468 -0.00632831 -0.00396755 -0.015878 -0.0130047 -0.00109633 0.00261804 0.0017265 0.00283784 -0.00433371 0.00706078 0.00366376 -0.006541 -0.000396429 -0.00135516 -0.0117122 -0.0189086 7.77709e-05 -0.00768707 0.000715373 0.00202821 -0.0136413 -0.00170707 -0.0107156 -0.00710123 -0.0144159 -0.0179438
internal_weight=320367 234487 196655 132546 85880 50061 88690 39285 43856 37832 34737 38963 64109 49590 36185 43012 37794 10094 35819 62619 10776 27700 20608 15451 6931 6144 50424 44488 41358 4893 1193 32937 25780 1678 29531 30586 28593 39800 21120 4989 26071 20561 25027 8746 7157 18994 3435 8520 17126 16131 2415 6578 3095 26787 11827 14519 9273 18758 10571 7477 2505 18680 2778 16281 1750 12195 11742 15102 2704 8901 5116 6786 5936 1491 8423 9063 6569 14531 12502 3282 8720 986 3212 8695 13200 8029 6852 3637 868 4785 9649 7026 6039 4932 2002 5008 3248 2939 2223 4362 3438 3133 531 426 5253 13672 9053 6650 893 6022 7092 2122 3799 2403 1612 329 15420 1323 1304 10201 358 5807 1052 1304 846 559
internal_count=320367 234487 196655 132546 85880 50061 88690 39285 43856 37832 34737 38963 64109 49590 36185 43012 37794 10094 35819 62619 10776 27700 20608 15451 6931 6144 50424 44488 41358 4893 1193 32937 25780 1678 29531 30586 28593 39800 21120 4989 26071 20561 25027 8746 7157 18994 3435 8520 17126 16131 2415 6578 3095 26787 11827 14519 9273 18758 10571 7477 2505 18680 2778 16281 1750 12195 11742 15102 2704 8901 5116 6786 5936 1491 8423 9063 6569 14531 12502 3282 8720 986 3212 8695 13200 8029 6852 3637 868 4785 9649 7026 6039 4932 2002 5008 3248 2939 2223 4362 3438 3133 531 426 5253 13672 9053 6650 893 6022 7092 2122 3799 2403 1612 329 15420 1323 1304 10201 358 5807 1052 1304 846 559
cat_boundaries=0 11 23 35 46 57 69 80 91 103 115 126 137 148 159 170 181 192 203 214 226 236 246 257 268 279 290 301 312 323 334 346 357 369 379 390 391 402 412 423 434 445 455 466 478 488 497 508 519 529 541 552 562 573 583 594 605 616 617 628 639 649 661 672 682 693 704 715 726 736 747 758 767 778 789 801 812 823 834 845 856 868 879 890 901 902
cat_threshold=21037126 1073741824 69632 524289 2156920896 1107304448 301989888 2147483648 2684356608 1207961600 134217760 343932928 16777216 2097408 18564 268437508 131072 96 5242880 1048706 137369344 2147614784 64 44040192 41943584 276824576 134217858 10244 536888576 16 1032 16777264 134217728 25296897 16 43520000 1211107360 4203520 147456 2147491840 65792 8520192 529408 67109904 134218752 256 524288 46139440 32 537919492 269488128 536887296 8388608 269484288 71368704 1108344832 8457472 276955140 4384 8192 278528 268435460 536871168 2147614864 10344 0 1074268736 289406976 8 65540 209715456 2 547356678 570458112 65856 8388608 8714 8389634 4102 2151677952 0 16778240 402669728 33554432 4100 536870912 8396800 534528 67109888 8192 65536 268451840 6291456 8576 1152 67108866 73736 1573124 17039921 0 328 4325440 8 16912416 4736 0 0 270013440 177209352 269484032 2147483904 0 605039104 268566592 96 16384 4199424 268435456 1073741824 2692743200 1610617920 262304 26214529 1052673 4456736 17301504 2415935488 69210112 278530 8 0 70024 201326720 29368321 25165824 33564161 16777220 2097280 16777220 268435461 2099200 264 671088640 8388608 35328 16 1310720 131072 0 1024 262176 131072 0 1207959584 4719168 8390656 1216349192 1077022984 256 0 67141808 4194304 2147503360 8192 16448 67108864 268436552 1048593 1611670786 276824064 270532612 1050880 2101250 2147483652 2056 148544 134218240 12298 65699 2097154 12582912 67239936 50336896 134217729 8914944 268435460 134217728 46137344 9438208 9438208 135005696 324 524288 0 268435456 134217736 0 65568 0 2048 16 512 320 16777216 0 285212673 131081 1180672 805306368 0 557056 1048576 8448 268435456 2164785280 33557504 134479874 10486016 536870912 17416 128 8388608 96473088 1107306498 0 8 10502148 16778240 268697856 19136520 2048 32 2181562384 8391168 8389648 541727232 2415984768 0 0 2097152 268435720 0 8389124 2322 201326608 1050624 68157441 16778240 402657281 34865152 0 671219744 39321664 1052672 1024 787008 525316 8388608 105906228 12582912 279552 128 1081664 640 4227200 512 262164 12648516 65536 2214593536 4206596 16389 32768 262240 8913408 36898 234881537 2148536336 8192 27279360 33554432 134222209 0 268437508 134218752 34209824 4853760 16 134219008 524868 0 3145728 130 2176 33587200 131104 8913472 2155874050 3145745 36700162 513 131072 33554432 1 34078728 524292 4210688 1048704 2151677952 0 1745094658 525313 0 2231374852 419430401 0 128 134349920 64 0 1074860040 1077940230 276824065 269484032 1090521092 134217760 2684518408 2147487744 134217856 1088 17825857 4104 1073872898 268439552 2424324096 2 12587009 2097280 536870916 0 134218240 17305601 4096 131904 2147483648 8 0 16778240 256 8 2048 132136 1048576 2147487744 134218760 320 1024 279969952 8388608 151273603 34619394 0 134217760 67633152 0 1075838984 268437506 196612 8 0 25172992 268435584 0 0 671088640 0 1 135266321 1048832 33570816 1090519552 20975616 538970112 2684356608 8536072 37748736 2 67112970 1152 2148073473 11281 26738816 8394752 160 33572992 0 537919744 167772160 8912896 66579 1075445760 524292 2147483780 0 4096 2228490 1073741858 8 0 0 16 4196498 1116160 16779268 402657313 2048 2080 1207959552 1182794240 8388610 1049728 5505152 268959744 3162112 171966468 16777378 1835008 268435456 131072 34603024 1054720 272630784 2624 260 16977921 117440512 25165954 2228360 320 1610612736 34734208 2148532224 1073741824 8 1179713 0 0 17039520 657536 33568772 66560 101220352 8389634 1073746945 135266826 3145728 4096 272629793 0 0 134316032 142606336 268437504 0 131072 12582913 25165824 54525952 134217888 33816576 2147491840 536870912 68157504 2148532225 1212153865 7078208 0 16 4 33554432 402653184 8388864 0 536887328 0 0 0 1074004032 0 4194308 65664 0 0 131080 134217728 0 1049608 268451840 0 16777249 16392 0 66560 1048640 2168979457 144704537 672399360 8913220 0 33555216 8651008 12 2080 1048640 1048704 4719106 84934656 1208225536 524292 152043520 0 128 0 67108864 4194304 262144 262144 0 32 278921216 0 150995202 2183266304 2304 132136 1048576 2155872257 24 1318912 65536 64 4100 0 285216769 51380224 1048608 160 169345024 524288 2162705 4456448 256 8519680 1024 20971648 537018372 4 131104 0 4608 2097154 512 0 0 419430528 0 0 671105152 0 8388608 16 1048578 4096 1048576 8388608 272629888 0 0 672202784 9961472 2147485699 1073742872 262144 2155872260 35128320 65536 2097152 1073741952 1081376 2147487936 32768 0 4 2155872512 4 46661632 10555424 546308097 805308420 1107296256 2148532240 1050688 25165825 33554432 4160 17317889 0 136314881 33554440 0 0 1078984704 2155874304 10555392 1073741894 2420178948 4144 0 20972548 128 33556492 268435456 134218760 9437376 14155778 134218752 131392 13107456 0 1024 32 131072 0 0 4194304 0 1073742848 256 256 0 4 151257088 131072 0 96 64 8392704 201326608 393472 67108864 4 16777216 1228800 2155876352 545390752 64 2147516417 1090588712 34078720 268501248 24 65540 16777216 136347680 8 1073750084 1610613760 41943040 1048612 1048585 2281832962 256 0 0 150994944 33554432 0 134222848 64 2147483649 134217728 64 0 0 0 262144 0 32 35127296 512 0 262144 524288 10485760 20972544 268435456 537001984 67108864 536870944 8912960 1049088 1241515017 4456448 4194304 0 20975616 17039392 33554440 67108864 131112 1048832 12582913 134217729 1048576 524288 131072 0 10485764 570441736 33562624 16384 131136 4194308 4104 1536 2147549184 0 25165824 134217728 0 0 671088704 524288 2 0 1073742080 118489088 4196356 419430529 2228224 8192 134284416 9437184 167937 1073741840 134217738 8388612 285212672 1024 16777216 262144 8192 131080 33554432 8392706 1207960576 536870912 4718592 0 16777216 0 0 0 134217760 0 0 8 4 3072 256 33685504 1048580 0 33554496 1048576 1024 262144 8912896 0 2149580804 16843168 2228224 268435456 134349056 64 0 1040 1057928 65536 131072 1024 262144 2048 0 0 33554432 16945152 4112 135405568 276824832 8 0 4194308 4460576 42076160 2147486336 1024 38797312 25329664 70657 0 8388608 2621440 1157628928 32768 2181300488 67109120 4194304 256 21790728 1 1073742912 8388608 0 0 419692704 1075970056 268435456 131104 1057296 8915088 67108864 34742272 16842752 65536 16779268 406847488 2048 1073774592 545259520 167772160 6144 16 1048576 1 0 0 272633984 35782664 0 8 1572864 4097 1073741841 8192 524288 0 512 0 0 2048 16384 0 0 16777232 0 0 16 2418016512 33554432 0 10485760 536872964 65792 512 16810496 8454144 133120 4196353 17301504 71303172 402653952 131460 4128 134283328 524288 9077248 1073742849 1310720 8389124 0 0 0 0 268435456 134217728 524288 4096 16 256 524288 5384
is_linear=0
shrinkage=0.1


Tree=18
num_leaves=127
num_cat=9
split_feature=15 12 6 8 15 6 5 12 13 16 0 4 18 15 9 15 9 4 19 9 11 15 15 18 0 14 8 0 15 15 11 15 4 11 15 4 6 8 8 0 8 0 4 11 11 19 5 5 0 4 8 8 14 9 8 11 5 0 4 11 0 5 8 0 16 8 21 8 5 5 11 18 11 4 3 5 8 8 14 11 9 17 16 13 15 15 9 12 11 11 14 15 21 9 11 9 16 9 12 17 15 4 18 18 8 16 14 8 9 15 5 8 19 18 13 8 11 9 14 5 18 11 19 3 14 14
split_gain=20.3218 13.3566 10.456 10.1435 8.78239 9.28327 7.32398 6.25518 5.38386 5.27445 4.90034 4.2777 3.96268 3.59095 3.28974 3.077 3.02195 2.99426 2.9783 2.96226 2.82303 2.66908 2.61922 2.56402 2.67649 2.5581 2.5537 2.48884 2.8022 2.95129 2.38609 2.38291 2.34781 2.30706 2.61927 2.41474 2.40598 4.11512 4.00772 2.25861 2.17598 2.1646 2.38972 2.05602 1.96061 2.50681 1.95777 3.10086 1.91734 1.9361 1.87806 2.95158 2.31222 1.82802 1.82502 1.84795 1.92306 1.80078 1.93226 1.79656 2.51179 3.19972 1.78151 1.91658 1.91631 1.89703 2.05371 1.77993 1.74356 1.7352 1.68254 1.64489 1.63613 1.8927 2.7855 1.5876 1.56372 1.71544 1.5629 1.93064 1.92687 1.54111 1.74409 1.49168 1.47847 1.47578 1.4742 2.278 2.12424 2.06159 1.47151 1.46453 2.09326 1.4309 2.03085 2.89351 1.42436 1.64793 1.41554 1.41517 1.40945 1.38434 1.39504 1.38137 1.37627 1.34975 1.54375 1.53142 1.49576 1.42713 1.34229 1.52836 1.72598 1.49625 1.39406 1.33772 1.53236 2.69169 1.33467 1.51441 1.54643 1.54401 1.31542 1.29334 1.91214 1.48211
threshold=3894.5000000000005 918.50000000000011 3.5000000000000004 1.0000000180025095e-35 3226.5000000000005 1.5000000000000002 620.50000000000011 796.50000000000011 17.500000000000004 0.19936664402484897 0 20.500000000000004 0.13220751285552981 4204.5000000000009 1065.5000000000002 4074.5000000000005 611.50000000000011 15.500000000000002 0.063744790852069869 1223.5000000000002 5.6964731216430673 2831.5000000000005 2305.5000000000005 0.25550369918346411 1 81.500000000000014 9.5000000000000018 2 2286.5000000000005 1904.5000000000002 5.2399094104766855 419.50000000000006 6.5000000000000009 5.54622507095337 410.50000000000006 21.500000000000004 2.5000000000000004 5.5000000000000009 6.5000000000000009 3 6.5000000000000009 4 13.500000000000002 4.9118571281433114 6.1820201873779306 0.010416885372251274 620.50000000000011 1140.5000000000002 5 20.500000000000004 29.500000000000004 21.500000000000004 30.500000000000004 2478.0000000000005 29.500000000000004 3.4392092227935795 1165.5000000000002 6 18.500000000000004 6.3741118907928476 7 1408.5000000000002 17.500000000000004 8 0.21631044149398806 29.500000000000004 0.0045141605660319337 5.5000000000000009 405.50000000000006 330.50000000000006 6.4581990242004403 0.17313747853040698 1.9030017852783205 11.500000000000002 7.5000000000000009 405.50000000000006 10.500000000000002 8.5000000000000018 17.500000000000004 3.8009009361267094 1570.5000000000002 0.011601617094129326 0.14585328102111819 3.5000000000000004 283.00000000000006 779.50000000000011 468.50000000000006 732.50000000000011 4.2779421806335458 4.0988333225250253 74.500000000000014 2715.5000000000005 0.017077386379241947 701.50000000000011 4.5148885250091562 444.50000000000006 0.15134247392416003 983.50000000000011 272.50000000000006 0.0077060516923666009 4003.5000000000005 14.500000000000002 0.21208541840314868 0.18341437727212909 5.5000000000000009 0.18711895495653155 47.500000000000007 6.5000000000000009 1936.0000000000002 2592.0000000000005 930.50000000000011 12.500000000000002 0.01910871081054211 0.26129402220249182 46.500000000000007 7.5000000000000009 6.6547718048095712 1123.5000000000002 26.500000000000004 775.50000000000011 0.27039551734924322 5.7608728408813485 0.033289479091763503 16.500000000000004 28.500000000000004 26.500000000000004
decision_type=2 2 2 2 2 2 2 2 2 2 9 2 2 2 2 2 2 2 2 2 2 2 2 2 9 2 2 9 2 2 2 2 2 2 2 2 2 2 2 9 2 9 2 2 2 2 2 2 9 2 2 2 2 2 2 2 2 9 2 2 9 2 2 9 2 2 2 2 2 2 2 2 2 2 2 2 2 2 2 2 2 2 2 2 2 2 2 2 2 2 2 2 2 2 2 2 2 2 2 2 2 2 2 2 2 2 2 2 2 2 2 2 2 2 2 2 2 2 2 2 2 2 2 2 2 2
left_child=1 2 4 81 5 16 25 10 12 13 33 18 -8 15 27 78 48 59 19 22 -21 53 31 24 30 26 40 28 29 -14 -18 43 -9 34 104 105 37 71 93 -3 41 67 -43 -12 45 -25 76 -48 49 -1 51 -28 -52 62 55 -6 -57 -30 -59 -16 61 -61 63 64 118 -64 -67 69 -33 -5 -19 -36 -71 -74 -75 -11 77 98 79 -2 -81 -4 -83 -29 -85 -13 89 88 -88 -40 -70 92 -60 94 95 -39 123 -98 -17 -37 -82 102 -41 -58 -7 107 -107 108 -35 -110 111 112 -34 -114 -112 -65 117 -117 119 -10 121 -121 -119 125 -125 -38
right_child=9 39 3 6 54 7 8 32 21 75 11 85 14 -15 17 46 23 70 -20 20 -22 -23 -24 44 -26 -27 50 83 57 -31 -32 68 110 35 36 99 96 38 86 101 -42 42 -44 -45 -46 -47 47 -49 -50 -51 52 -53 -54 -55 -56 56 103 58 91 60 -62 -63 65 115 -66 66 -68 -69 90 72 -72 -73 73 74 -76 -77 -78 -79 -80 80 100 82 -84 84 -86 -87 87 -89 -90 -91 -92 -93 -94 -95 -96 -97 97 -99 -100 -101 -102 -103 -104 -105 -106 106 -108 -109 109 -111 114 -113 113 -115 -116 116 -118 122 -120 120 -122 -123 -124 124 -126 -127
leaf_value=0.033627066190317051 -0.080385620725745011 -0.031736399125013089 -0.067904152354594918 -0.2758100717820543 -0.043740363316932686 -0.12600330844090418 -0.13324321157045035 -0.34185714881269286 0.013849711402572346 0.040751706113364428 0.44631979562323726 0.023529975889763424 0.011077382160538643 0.2255207879746266 -0.4439637375302648 -0.0941288113483916 -0.354846124500663 -0.077231572071166335 -0.55580992029952081 -0.59782400589086526 -0.1540653164146506 0.2069720239299366 0.1536869487493947 -0.49612865911202564 -0.010981784060633092 0.15143396834692743 0.0063540563248093308 0.034416600660257958 0.16755359340415515 -0.15021203833534091 -0.10892202168254553 -0.18728003184500192 0.033138945650325428 -0.17447413219094979 -0.24243389790084771 -0.56941877462095214 -0.2601511078043296 -0.22487859672385957 -0.17863091788397631 0.19761542043299085 -0.13391344135764149 0.050496101099532509 -0.29808499084971651 -0.014335518423242839 0.26919632640808611 0.051692119831489858 0.12583784418802499 -0.16870699422956029 0.11107613542452582 -0.18925433899931077 -0.00063790528214821964 0.15904128948324311 -0.26269700703569304 -0.24829467850733311 -0.090614205898459241 0.12817967947661657 -0.26201107892643927 0.075662233404225551 -0.5303000358652844 -0.20218613495312018 0.033230253520571545 -0.67595364340878472 0.30208502939041137 0.12871601052697954 0.041847219545955494 -0.52937099111160002 0.067142084330845217 0.17728859354305493 -0.017807131637062015 -0.33208193475805103 0.15820196263845235 0.021203980416456013 -0.02159787137435365 -0.6716900313868156 -0.18461147441469175 0.29773243616095335 -0.014121770095723364 -0.52674241738150895 0.22100601039223677 0.12079675757770143 0.0017771125188487565 -0.59017186535321065 -0.32682681914020995 0.59568781102394641 0.14274617691867106 -0.25044449856797518 -0.66004825620395047 -0.4826468605672174 -0.2342468668370796 0.060943142448293047 0.23300690573631858 -0.043242388250274731 -0.10725051477286239 -0.83073994525599637 -0.15469086858973236 -0.75196627922934056 -0.037156746112902761 -0.35250944095044479 -0.34556649888002933 -0.29090358193094817 -0.53920339078545321 0.25129856409035256 0.058896024864322209 -0.03288971731084582 -0.3421875724553598 -0.067961631712472936 0.13514701755748884 -0.039286857382918636 -0.81147037399412525 -0.30025235428600094 -0.020403997195597611 0.094047782280917869 -0.24635413902961156 -0.053479707181636596 0.21675956572364585 0.056578539545961495 0.20127335957525469 -0.16744112129081823 0.077806642841557139 -0.53846830699142334 -0.081810817421061013 -0.3316561329687846 -0.9057467902649684 -0.066330955698784597 -0.77724995089388837 -0.01798988888027207
leaf_weight=5732 725 1517 973 619 1063 341 3351 204 136 1588 443 587 5987 4372 1160 597 631 3534 174 142 3917 8685 2232 127 11641 1798 15302 6337 4350 2391 3506 2049 1317 1282 466 160 460 487 1658 2912 5898 7785 834 344 1653 2756 2309 882 8485 813 1893 3604 916 1030 1050 10889 107 1603 194 458 1590 142 4915 17082 1041 125 2356 856 14924 218 3433 1959 6677 198 1175 14475 700 108 2533 3530 133 129 1925 435 11432 3160 143 167 2218 624 1162 751 177 226 322 102 6510 514 183 1552 112 10272 4932 957 702 8871 1055 2222 194 197 907 1853 650 864 2482 10854 1714 1484 208 162 128 140 160 111 140 611
leaf_count=5732 725 1517 973 619 1063 341 3351 204 136 1588 443 587 5987 4372 1160 597 631 3534 174 142 3917 8685 2232 127 11641 1798 15302 6337 4350 2391 3506 2049 1317 1282 466 160 460 487 1658 2912 5898 7785 834 344 1653 2756 2309 882 8485 813 1893 3604 916 1030 1050 10889 107 1603 194 458 1590 142 4915 17082 1041 125 2356 856 14924 218 3433 1959 6677 198 1175 14475 700 108 2533 3530 133 129 1925 435 11432 3160 143 167 2218 624 1162 751 177 226 322 102 6510 514 183 1552 112 10272 4932 957 702 8871 1055 2222 194 197 907 1853 650 864 2482 10854 1714 1484 208 162 128 140 160 111 140 611
internal_value=0.000521009 0.000254536 7.04019e-05 0.000631973 -0.000623152 -0.000934568 0.000751318 -0.00159607 0.00124814 0.00290167 -0.00193855 -0.000990255 0.000482832 0.00162753 0.000735435 0.000721301 0.000388751 -0.00082679 -0.000525072 -0.000435093 -0.00290958 0.00196934 3.97092e-05 -0.000406616 -0.001009 -0.000263119 -0.00040783 0.00121431 0.000280024 -0.000957269 -0.00319026 -0.000342458 0.000987073 -0.00276723 -0.00354653 -0.00187794 -0.00324321 -0.00444099 -0.00585673 0.00277237 -0.00111294 -0.00057619 0.000578283 0.00504447 0.00168871 0.000114464 -0.00123666 0.000191163 0.00146374 0.000175439 0.000379922 0.00073839 -0.00203275 0.00163597 0.00172473 0.00204825 0.00240358 0.00174558 -0.000274223 -0.00328358 -0.00159817 -0.00704918 0.00174176 0.00142831 -0.00172603 0.00314494 0.00089077 -0.00159643 -0.000576233 -0.00201755 0.000354529 -0.000969072 -0.00163522 -0.00140373 -0.00478514 0.0041854 -0.00410579 -0.00689189 0.00205176 0.000933334 0.00184106 -0.00509746 -0.00665044 0.00200615 0.00266875 -0.00414465 -0.00459459 -0.00625791 -0.00545955 -0.00275197 -0.000226283 -0.00345811 -0.00859838 -0.0111961 -0.0094292 -0.0129202 -0.0020417 -0.00147494 -0.00525641 -0.00542056 -0.00673469 0.00308176 0.00208312 -0.00165413 -0.00840844 -0.00143911 -0.000820068 -0.00301669 -0.00530185 -0.0107161 0.0012548 0.000157985 -0.00130343 -0.00360634 0.00277073 0.0016113 0.000895019 0.000510482 -0.00550388 -0.0080212 -0.0109302 -0.0148344 -0.00326034 -0.00505295 -0.0115139 -0.00353875
internal_weight=320340 288093 268460 148345 120115 106049 145318 70705 97545 32247 62428 29134 47325 16184 43974 11812 35344 10317 25387 25213 4059 50220 21154 20314 15778 47773 45975 33657 15453 8378 4137 18922 8277 33294 17761 15533 16718 8372 5947 19633 24260 18362 8619 787 4536 2883 4779 3191 15030 6545 21715 18906 2809 41535 14066 13016 11953 7075 2725 3350 2190 600 40505 33109 1815 7396 2481 9743 18135 8887 6967 2425 8268 8050 1373 16063 1588 888 7033 4500 3775 3027 2054 18204 11867 3747 4810 2528 2361 2282 16086 1122 371 1137 911 589 8346 7024 780 1712 245 18116 7844 1064 1043 13821 9926 3895 1673 391 8073 4684 2831 1514 3389 31294 14212 12498 774 566 430 302 1644 1322 251 1071
internal_count=320340 288093 268460 148345 120115 106049 145318 70705 97545 32247 62428 29134 47325 16184 43974 11812 35344 10317 25387 25213 4059 50220 21154 20314 15778 47773 45975 33657 15453 8378 4137 18922 8277 33294 17761 15533 16718 8372 5947 19633 24260 18362 8619 787 4536 2883 4779 3191 15030 6545 21715 18906 2809 41535 14066 13016 11953 7075 2725 3350 2190 600 40505 33109 1815 7396 2481 9743 18135 8887 6967 2425 8268 8050 1373 16063 1588 888 7033 4500 3775 3027 2054 18204 11867 3747 4810 2528 2361 2282 16086 1122 371 1137 911 589 8346 7024 780 1712 245 18116 7844 1064 1043 13821 9926 3895 1673 391 8073 4684 2831 1514 3389 31294 14212 12498 774 566 430 302 1644 1322 251 1071
cat_boundaries=0 1 2 3 4 5 6 7 8 9
cat_threshold=4893 4145 9500 12806 13489 13364 1024 2050 48
is_linear=0
shrinkage=0.1


Tree=19
num_leaves=127
num_cat=94
split_feature=10 15 11 1 11 20 6 1 1 2 1 1 1 11 2 10 2 10 1 2 1 2 4 2 2 1 1 0 1 2 1 2 1 2 2 1 2 2 15 0 6 2 1 1 2 1 11 2 1 1 1 2 8 2 20 1 1 1 2 2 1 1 5 2 2 2 10 1 2 1 10 1 2 2 2 1 2 2 1 5 11 5 2 2 2 15 1 1 2 8 2 1 11 9 0 10 1 1 2 1 1 2 1 2 2 16 2 14 6 2 2 1 4 2 0 1 1 2 0 2 1 2 1 10 20 2
split_gain=22.1267 16.885 10.7324 10.8726 9.9099 9.56536 8.27777 7.57872 7.33868 7.3208 7.18362 7.05085 6.33321 5.636 6.93193 6.32855 6.47506 5.78179 8.54973 5.45045 5.3795 5.98549 5.12505 5.47281 4.86806 4.85897 4.6944 4.51879 5.76885 4.64122 4.51714 4.30505 4.11613 4.10439 4.06777 4.18633 4.04196 4.00298 3.94339 3.83587 3.80397 4.91799 4.56848 3.99557 4.0627 3.62312 3.52425 3.50678 3.49305 3.45246 3.45012 3.79674 4.05172 8.25928 3.2808 3.26474 3.24145 3.21648 3.17655 3.05969 3.04544 2.94006 3.00578 2.88121 2.84075 2.8374 2.74062 2.72107 3.82824 2.68889 2.62631 3.79454 2.60798 2.57515 2.53225 2.46758 2.95032 2.74772 2.45502 2.42655 3.22398 2.41049 2.36683 2.32691 2.32423 2.31254 3.16923 3.01522 2.62568 2.6325 2.57547 2.30232 2.29856 2.94484 2.27859 2.75751 2.27606 2.24916 2.23233 2.21031 2.20494 2.16396 2.11751 2.06741 2.05898 2.04081 2.02342 2.13571 2.02091 3.92106 2.42007 2.10059 1.98349 2.0357 1.97676 1.97269 1.94253 1.90763 1.90202 2.33669 3.35433 2.2759 2.35365 1.88573 1.87138 1.86773
threshold=92.500000000000014 2846.5000000000005 4.3343882560729989 0 4.0988333225250253 0.29124058783054357 3.5000000000000004 1 2 3 4 5 6 3.0043103694915776 7 79.500000000000014 8 68.500000000000014 9 10 11 12 22.500000000000004 13 14 15 16 17 18 19 20 21 22 23 24 25 26 27 3798.5000000000005 28 1.5000000000000002 29 30 31 32 33 5.54622507095337 34 35 36 37 38 29.500000000000004 39 0.19682542979717257 40 41 42 43 44 45 46 350.50000000000006 47 48 49 87.500000000000014 50 51 52 60.500000000000007 53 54 55 56 57 58 59 60 1215.5000000000002 6.8915958404541025 1245.5000000000002 61 62 63 2308.5000000000005 64 65 66 2.5000000000000004 67 68 4.6113109588623056 432.50000000000006 69 85.500000000000014 70 71 72 73 74 75 76 77 78 0.21197035163640979 79 81.500000000000014 4.5000000000000009 80 81 82 11.500000000000002 83 84 85 86 87 88 89 90 91 92 137.50000000000003 0.24519351869821551 93
decision_type=2 2 2 9 2 2 2 9 9 9 9 9 9 2 9 2 9 2 9 9 9 9 2 9 9 9 9 9 9 9 9 9 9 9 9 9 9 9 2 9 2 9 9 9 9 9 2 9 9 9 9 9 2 9 2 9 9 9 9 9 9 9 2 9 9 9 2 9 9 9 2 9 9 9 9 9 9 9 9 2 2 2 9 9 9 2 9 9 9 2 9 9 2 2 9 2 9 9 9 9 9 9 9 9 9 2 9 2 2 9 9 9 2 9 9 9 9 9 9 9 9 9 9 2 2 9
left_child=2 5 3 39 8 6 12 66 -3 25 65 -7 -2 14 -9 37 115 47 54 -8 24 57 36 -24 -14 64 106 28 33 56 73 96 -18 -28 100 58 -23 -15 49 101 43 -42 -43 -38 -45 -25 78 -16 112 -12 -32 -52 85 55 -19 105 -29 -22 81 -20 -4 -44 -63 -51 -6 -11 99 82 -69 -39 103 -72 116 -31 -37 77 -77 -46 -27 80 -47 -36 -33 -62 -34 86 104 117 -89 -90 -88 -92 93 -50 95 -61 -30 -59 -10 -5 -13 -1 -76 -49 -53 -54 107 124 109 -93 -110 -111 113 -40 -79 -17 -64 -87 121 -120 -121 -74 -123 -80 -21 -26
right_child=1 4 60 7 9 11 19 13 98 10 38 34 20 15 17 16 32 18 59 26 21 22 23 45 125 46 27 29 31 30 50 67 84 -35 35 74 40 69 48 -41 41 42 61 44 75 79 -48 70 92 63 51 52 53 -55 -56 -57 -58 97 -60 94 83 62 72 -65 -66 -67 -68 68 -70 -71 71 -73 118 -75 102 76 -78 114 123 -81 -82 -83 -84 -85 -86 87 90 88 89 -91 91 108 -94 -95 -96 -97 -98 -99 -100 -101 -102 -103 -104 -105 -106 -107 -108 -109 110 111 -112 -113 -114 -115 -116 -117 -118 -119 119 120 -122 122 -124 -125 -126 -127
leaf_value=0.25552207635183577 -0.37907294553824944 -0.010093222661059912 0.0090762075630684332 -0.36026537924826052 -0.384408752229358 -0.3458324770776276 0.23167201124574613 -0.18549472941336687 -0.73412989538271833 0.10493295061884994 -0.10045679384889783 0.13334438497436454 -0.34955387197377574 0.024420493715160575 0.28003043581795795 -0.047961933612453905 -0.051005909220163716 -0.36515059807945938 -0.26796954107303245 -0.65577158363604338 -0.4207226939718674 0.17729892140459136 0.12255277792966623 -0.13648638266924124 0.026073314526490421 -0.32056577772146327 -0.0019287276581101101 0.060115473382006714 -0.10046285186032217 -0.31210923623067982 0.2302147535861131 -0.26135440002777482 0.21032142545266053 -0.27680443663226512 -0.14650377014272395 -0.23856893304493845 0.25704827733843238 0.052890201706071317 -0.068882739271690627 0.4044747558032038 0.10087757532564197 0.15075366798504566 -0.24424680969639032 0.26075440507710929 0.057596471676992889 -1.1171519627083419 -0.02675820455822335 0.33882114711839972 0.16809623999715667 -0.069678484632212434 0.15750990194585957 0.22498164629677248 -0.79669314280023562 0.08837860404364456 -0.15926176904701922 -0.15878273888030137 -0.25317240352550052 0.23061504245906483 0.038427357893806545 -0.11358221196336633 0.082175676778644652 -0.45450101380068997 -0.01230629533053325 0.078741624367956065 0.12618749109892308 0.25664655170903505 -0.45650730249171928 0.058556884127552458 -0.10166520439452123 0.25302042561389398 -0.35419892901088212 0.011040788125874243 0.0068934444800152778 -0.0045409358193585899 0.32316606811112741 -0.33146686473822973 0.026719520666255943 -0.03534412903871386 -0.016347591472212493 -0.41327191140893427 -0.61578763247982771 -0.67504945018058526 -0.08940377519421952 0.28603727725931327 0.051788106328993715 -0.034682530975232106 0.074272076094393999 0.19061698923138806 -0.30151915869304302 -0.0084453416643684234 0.034063403908510891 -0.67272804694932375 0.057273491312859304 -0.53102642150749935 0.056506210391644912 -0.63786297233064904 0.16060989553025101 -0.17282040593013759 -0.35433046550898656 -0.072347058653170399 0.37127782144307603 0.0095627726750242784 0.106124265868838 0.052106643199220495 0.050087352152984446 -0.48737012601244167 -0.12651762733555955 0.28419181167549634 -0.18361820127414033 0.012817319268675742 -0.0092023109176991181 -0.32017324262218566 0.32203010665891463 0.17660282343781156 -0.21329742055180523 -0.1811654875715184 -0.27811789857052632 0.33391016504241738 0.10567717338631587 0.07073478323120326 -0.18449726411663636 -0.30418930481794337 -0.10643398312901052 -0.31831731138343011 -0.0098247525389462201 -0.15268323451477928
leaf_weight=1484 1738 1231 1138 117 107 734 2692 1553 267 5431 3064 1582 3298 2972 2563 1122 2600 751 708 448 437 1592 674 682 2139 773 1920 1173 1076 1737 2069 1226 4438 3858 2137 650 1981 1834 978 4155 2849 1429 5611 1471 1164 140 7065 867 106 2297 5965 1821 161 1277 1190 587 1698 215 3568 559 1395 502 782 15776 4358 11506 168 8398 5213 8482 230 2444 3124 1975 3359 550 8534 738 1188 513 195 158 8304 8261 6093 583 5572 1992 224 3239 5864 319 4495 114 9431 119 3258 3211 627 2764 2952 1885 8813 1919 3413 291 1352 113 1844 994 6305 889 6732 1779 1403 1126 1426 2365 3365 2194 3021 1381 4331 538 107 4284
leaf_count=1484 1738 1231 1138 117 107 734 2692 1553 267 5431 3064 1582 3298 2972 2563 1122 2600 751 708 448 437 1592 674 682 2139 773 1920 1173 1076 1737 2069 1226 4438 3858 2137 650 1981 1834 978 4155 2849 1429 5611 1471 1164 140 7065 867 106 2297 5965 1821 161 1277 1190 587 1698 215 3568 559 1395 502 782 15776 4358 11506 168 8398 5213 8482 230 2444 3124 1975 3359 550 8534 738 1188 513 195 158 8304 8261 6093 583 5572 1992 224 3239 5864 319 4495 114 9431 119 3258 3211 627 2764 2952 1885 8813 1919 3413 291 1352 113 1844 994 6305 889 6732 1779 1403 1126 1426 2365 3365 2194 3021 1381 4331 538 107 4284
internal_value=0.000541136 9.16909e-05 0.00207937 0.00156949 0.00142799 -0.000418468 -0.000705362 0.00107288 -0.00529412 0.00164342 0.0021875 0.00144157 -0.00156616 0.00136265 0.000171936 0.00229079 0.000909682 0.000654611 -0.000667816 -8.61359e-05 -0.00140151 -0.00100794 -0.000712416 -0.0054265 -0.0035649 -0.000385355 -0.000222501 -0.000109787 -0.00102125 0.000469189 0.000696218 -0.00041659 0.00175862 -0.00389081 0.00174739 0.00109388 -0.000493593 0.00388922 0.00137507 0.00512875 -0.000665852 -0.00132767 -0.00174198 0.000587716 -1.44192e-05 -0.0087013 -0.00165657 0.00275832 0.00266404 0.000509533 0.000968461 0.000778909 0.000407947 -0.00364421 -0.00676064 -0.0102097 -0.00343284 -0.00479473 -0.00111868 0.000431329 0.00498796 -0.00204801 -0.00148192 0.00103578 0.0023352 0.00388092 -0.00376267 -0.00095849 -5.06567e-05 0.0048189 0.00131627 -0.00091997 -0.0012872 -0.00265449 0.00210567 -0.000605694 0.000246317 -0.00294118 -0.00488595 -0.0130769 -0.0198507 -0.00401301 -0.00225367 0.00556176 0.00263827 0.00067299 0.00022242 0.00212186 0.000722782 -0.000941549 -0.000308758 -0.00094607 0.000433863 -0.00954545 0.000878546 -0.00468023 0.00247238 -0.0037369 -0.0121239 -0.00305102 0.00443222 0.00260136 0.00243146 0.00346734 0.00242944 -0.0166234 -0.00497537 -0.00946903 -0.00184249 -0.00453224 -0.00111793 -0.00273111 0.00376777 0.00151251 -0.00506276 -0.00403897 -0.00451758 0.00469236 -0.000874555 0.000186263 -0.00113876 -0.00190368 -0.00308983 -0.00273041 -0.0121622 -0.00195399
internal_weight=320049 247681 72368 61574 68432 179249 155296 54050 2125 66307 52278 23953 64974 51001 22334 28667 15379 20781 12758 90322 63236 53515 49652 2204 9721 14029 87630 85610 33253 52357 49486 27475 13131 5778 23219 18685 47448 13288 35341 7524 45856 30015 27166 15841 13860 1530 9564 8023 14204 21137 45774 43705 37740 2316 1941 1039 2871 3863 5863 10817 10794 25737 20126 18073 4465 16937 3049 23141 13611 10316 5460 2674 19624 3712 12822 12389 9084 3305 2499 848 335 2295 9530 9656 10531 35424 27021 8403 5455 3463 21787 16215 4715 220 10109 678 4334 3426 894 2881 4534 3369 12172 2786 5234 452 2020 668 10351 2202 8149 1883 9489 2757 2141 2248 2208 2948 17416 8580 5215 8836 5712 1726 555 6423
internal_count=320049 247681 72368 61574 68432 179249 155296 54050 2125 66307 52278 23953 64974 51001 22334 28667 15379 20781 12758 90322 63236 53515 49652 2204 9721 14029 87630 85610 33253 52357 49486 27475 13131 5778 23219 18685 47448 13288 35341 7524 45856 30015 27166 15841 13860 1530 9564 8023 14204 21137 45774 43705 37740 2316 1941 1039 2871 3863 5863 10817 10794 25737 20126 18073 4465 16937 3049 23141 13611 10316 5460 2674 19624 3712 12822 12389 9084 3305 2499 848 335 2295 9530 9656 10531 35424 27021 8403 5455 3463 21787 16215 4715 220 10109 678 4334 3426 894 2881 4534 3369 12172 2786 5234 452 2020 668 10351 2202 8149 1883 9489 2757 2141 2248 2208 2948 17416 8580 5215 8836 5712 1726 555 6423
cat_boundaries=0 12 23 34 45 56 67 79 91 103 115 127 138 149 161 172 183 195 196 208 219 230 241 252 262 273 284 295 307 308 320 331 342 354 364 375 386 398 410 421 432 442 453 464 475 485 496 507 518 528 539 550 561 572 582 592 604 615 626 638 649 660 671 681 692 703 715 726 737 748 749 760 770 781 790 801 811 823 833 845 856 868 880 891 902 903 914 924 936 937 948 960 971 982 993
cat_threshold=2415935552 512 2359298 8 67108864 73800 201335076 262289 85983240 2097152 0 8 4849664 80 5246980 786432 2156920832 1083195520 0 2148663328 537921696 67108864 1049600 0 25169920 151257472 0 0 134217984 2181038096 8388608 134217736 1048578 2148007937 212996 20971536 0 8650884 335544320 541196288 131456 269312 2101248 134481664 2151677952 1048576 2097156 272629763 2184 1610614784 86016 34603008 2147651585 1073741841 537919552 8912960 0 33556484 12290 134217729 1050624 33603584 3221226000 1536 0 1073877506 4199424 36175872 11567392 2097152 1081602 2052 8421376 2155873280 8264 20971520 128 1051648 16 128 335545344 8404992 134234114 335548420 8405248 268443648 2151950336 538969088 1476526088 0 2 8390656 34605056 4227072 32770 128 1073774624 2214723584 132384 1225785344 138414340 2155872256 8 16777216 15729668 268435457 33554432 268448800 33554432 8388608 17303554 16 1073746441 65792 64 67109121 1212678800 66048 537136384 0 128 2155872520 0 16777216 4730894 131072 16 4 1174405632 16777250 134611076 4192 537002048 131336 4718720 1536 2054 16777220 2166882560 2 8389120 539230210 1275068416 37248 2148664064 5 128 2098192 16779264 8388608 23068704 16777474 0 0 536937536 33554432 1447936 1075840025 1074791168 8912896 8 9437184 18874372 262400 33685508 2147483652 671089920 524288 262656 16 538181954 2155872324 276824064 6144 402653441 34209800 268437504 32 384 2147483649 143655945 1745879554 1 33619968 131344 590336 536872194 1108344960 16640 75497728 384 16843264 2147484672 7168 16 4633 268566532 146801664 134217984 2149599232 2684354564 8 34603520 9965568 8388609 134348802 5 8 2183135360 67239970 1024 268451846 75632768 1310720 67108864 273027328 1048576 33686016 64 2147483648 1073742336 8388736 142606340 335546368 12648448 138412032 4200 1141899296 675287104 2147492352 33685508 67108868 8388611 42483712 1610614784 17416 72876032 262153 1 576 4784128 3213312 25178112 134225921 2100228 200 33024 33554432 33280 3221229568 4325506 2147483648 268435456 16813056 4194304 33554432 0 134415368 64 6145 1048600 1610875136 2147500032 50331648 262402 2097153 67117060 33554560 147324944 12587520 1216348160 1611268098 2048 268451840 1024 25165825 1310720 0 1032 524352 30443520 8392712 320 268501313 33570816 0 1 16640 34635904 4456448 335545472 139264 367005728 33554438 268568064 131072 17825792 12599299 1075838976 1342181472 1048576 524304 38912 16781312 1079386112 268439552 32 13340 67108864 2250375216 0 168820736 2052 0 1107296256 273154816 0 1745494144 12587264 8 2164260865 131072 36864 8929280 3255836672 1074003968 1275592704 32768 1073746080 536640 2147488256 75497472 134348800 0 2147483648 2147516544 17408 38797360 2147487744 68194434 37749760 2152267776 131073 29360128 2109728 2156396544 8192 16384 524368 16811018 134283266 2048 2147549185 16 9437184 0 268435584 33554432 0 40 64 1 24 64 145227776 16777216 402653376 52429057 256 268435616 0 8421897 1074855944 33554496 8912897 276824068 4201472 150995360 33570816 268435460 134218752 8388864 4718592 136314888 134611200 2147483649 81924 41945088 8388864 10502144 268443908 131072 512 787462 3145728 134350848 2415919104 8 268435584 2349858820 8226 18350081 41056 32768 2147484176 532496 276824064 8320 1048576 64 269484032 2183169024 16777218 2097288 2181046272 1088 128 32777 69210240 1612710032 16778240 524288 4096 402653185 131072 2048 541278208 524288 524288 134218777 1048832 12583168 0 4096 134217728 33685504 0 131112 0 8388608 134217728 1310720 68157440 4096 16777344 131072 0 671219712 1048768 4325376 9 1208221696 1 75628544 0 0 0 0 134218752 0 2 134217744 131328 256 25165824 2151678980 285213696 33554436 2147485696 537001984 2181038656 524289 2102296 1804 64 524288 0 4194307 2147483648 0 32 8388608 33282 65569 4096 2172780544 38797332 32 16384 33554560 65600 128 557056 1048576 524800 272630528 67108864 138416132 0 2147483656 545292416 138412032 268435472 2164392448 2097176 134350344 4849729 268435456 0 16781312 33554432 0 0 41943040 1703936 1025 131074 320 0 0 0 0 0 4194304 131072 262144 2097152 1024 278921216 9441280 4460704 0 2052 134217792 0 4358656 1083179016 1075839048 8389953 0 67115008 25428000 8388744 335544320 134218784 16 296961 134221832 1611661824 2424832256 3145728 16781312 289669248 2228232 268443648 134217984 33554432 2156959744 144703504 1073741824 8388868 0 8388608 0 134 536870912 1024 131712 514 134221824 402792968 2151809284 1048576 1090519168 16777216 0 268437504 0 8388608 0 0 1073741824 135169 8389120 8480 2147483656 12864 81928 142606352 2164261962 1049602 4196352 8388608 8391684 285212672 0 536870912 32 1048640 8388609 129 1075052544 524288 8 27918336 4 1 2304 4096 4194304 1024 17072128 4096 1024 8388676 285212673 16 142606465 537395200 0 4194432 134742592 16778244 134283264 540016704 8388609 75497476 35651616 0 2052 2147483652 0 0 4194304 0 537088 4194624 8 276824064 33557520 128 131084 4100 1056 33554432 2148532224 1048577 538706176 4718656 4 1024 17039360 2048 8192 536936448 64 8392704 0 256 8388612 0 16781312 20971520 0 2214600704 4352 33554448 2147517952 143659008 1048576 2304 0 2181038080 27295777 16384 33562784 1614823680 5648 4194308 8388608 3223324290 1064960 32 268699008 0 0 537067848 8388800 9439360 1025 1179816 256 0 36000 285217024 2176 2147483652 1610612864 135168 4589056 136314897 131086 65536 1572868 39849984 262401 16384 0 1064 1073742848 2 33558536 1074792706 21496069 8 17317888 0 129 34734080 2592 671088648 35128896 2147486208 4195328 135266560 272629764 8388608 2052 32 33587200 536872964 134299648 1208614912 1572928 1216413720 263168 2156401152 25313540 0 262144 2181070856 536870912 1049696 35128320 2148532225 4194312 789008 272629760 264 8388608 16814080 16777248 0 2048 136224 64 16777217 1024 0 524288 16793856 16777220 1 0 536879104 0 524288 16777216 4096 1024 0 1024 0 8 268435456 134217728 0 131072 16 0 257 0 0 0 0 0 0 0 2147483648 536872960 9961472 2283802624 262272 537001992 2147491844 134283264 64 4096 136315921 1310720 16777220 145752064 16777216 150994944 2147483656 2048 1064 8650832 2562 1033 1183744 25821188 1075838976 402653184 536871168 2214604800 0 268435456 262402 1207960704 671350784 4 8 1048578 512 0 8 2048 0 8388608 17301506 134217729 266240 4 4 402661664 2181038080 32 138412040 34603088 2048 134217746 2304 277349121 8 8388608 0 134217856 131080 0 134217728 0 1 0 262144 2147483648 16384 0 268435584 135266304 0 0 0 2 0 1048640 0 8 131072 8388608 262400 2155872256 32768 541065216 37749776 16780288 34 2304 272630021 8 67108864 4096 134217729 393216 0 134348800 64 0 130 1074790400 257 9437184 1028 20975616 2048 0 1024 0 4194304 16 0 8388864 10242 0 9438208 134217728 2097152 0 134217760 64 4352 1041 8448 4 9437184 1024 1 33554432 67108864 1048616 1048640 1052672 1 536870912 8388608 2048 0 2181038080 4 134217728 1048576 1024 134217744 134220032 525057 8 8349 9437184 135266304 268701824 2048 536870912 135267392 524352 8394752 1207959576 262216 2147483713 269549568 16780304 134218113 2048 67108864 0 0 1310722 135331841 3145984 8192 8 4 1094717444 423886850 131204 32 32 4194304 1048576 9 0 2148008000 147456 0 134217856 2048 67108864 256 33554432 8388610 1048577 2097408 8388608 67633280 100700162 142606336 2048 8390656 4210720 33554688 1054721 5122 656384 513
is_linear=0
shrinkage=0.1


Tree=20
num_leaves=127
num_cat=81
split_feature=10 11 10 11 10 1 2 11 1 1 2 11 2 2 10 1 1 10 11 1 1 2 2 1 1 11 2 1 1 8 2 2 1 1 1 2 10 1 1 8 2 1 10 1 11 10 1 20 2 8 2 1 10 2 2 2 2 1 20 1 2 8 2 10 1 2 1 1 11 2 2 0 1 1 8 8 11 1 17 1 2 1 2 15 9 15 1 1 2 2 1 2 10 11 2 1 2 2 1 20 2 0 2 1 11 2 4 10 2 0 19 1 15 2 11 0 2 11 20 2 1 11 20 2 11 1
split_gain=18.9656 19.4456 17.3825 14.8725 14.1821 9.19165 9.61762 8.69101 8.45366 8.14291 7.22125 7.14549 9.94358 7.90684 6.38591 6.36807 6.07182 5.88036 5.72351 5.46751 5.44916 5.26659 5.08556 4.96426 4.93138 4.88167 5.94094 5.99187 4.88921 4.78619 4.65707 4.55468 4.45291 4.25334 4.09988 4.78824 4.09957 5.4413 4.08882 4.05482 3.82361 3.8071 3.68979 3.60789 3.46331 3.41289 4.98328 3.40033 3.36578 3.32545 3.31249 3.22896 3.21744 3.97472 3.84697 3.15909 3.09033 3.05913 3.04701 3.3814 3.24211 2.98907 2.98796 2.96274 2.93369 2.88292 2.86276 2.85867 3.36924 2.94995 2.80911 2.75938 2.68424 2.67876 2.67848 2.6699 2.64124 2.6363 2.62658 2.58088 2.75293 2.57647 2.5702 3.10937 2.5556 2.48759 2.47882 2.46749 2.4627 2.46116 2.6606 2.42314 2.4153 2.83707 3.55544 2.4019 2.39862 2.38867 2.35809 2.34736 2.3337 2.33216 2.30991 2.29796 2.23796 2.23636 2.22675 2.18029 2.11831 2.1154 2.11452 2.09366 2.07439 2.49808 2.07408 2.05735 2.23364 2.05246 2.01719 2.01483 1.972 1.96817 1.95381 1.94593 1.92746 1.91356
threshold=110.50000000000001 5.198855161666871 176.50000000000003 4.2006943225860605 72.500000000000014 0 1 6.5865430831909189 2 3 4 6.3553836345672616 5 6 192.50000000000003 7 8 134.50000000000003 4.3746509552001962 9 10 11 12 13 14 3.6007812023162846 15 16 17 6.5000000000000009 18 19 20 21 22 23 93.500000000000014 24 25 29.500000000000004 26 27 350.50000000000006 28 3.0437171459198002 82.500000000000014 29 0.20705492794513705 30 9.5000000000000018 31 32 133.50000000000003 33 34 35 36 37 0.1507566645741463 38 39 4.5000000000000009 40 79.500000000000014 41 42 43 44 6.8915958404541025 45 46 47 48 49 29.500000000000004 16.500000000000004 5.6118035316467294 50 0.0077060516923666009 51 52 53 54 632.50000000000011 1570.5000000000002 3226.5000000000005 55 56 57 58 59 60 60.500000000000007 3.0043103694915776 61 62 63 64 65 0.17892652750015262 66 67 68 69 6.0527384281158456 70 21.500000000000004 90.500000000000014 71 72 0.0049846181645989427 73 2308.5000000000005 74 6.5655350685119638 75 76 4.2565236091613778 0.1672930642962456 77 78 4.648073911666871 0.27283132076263433 79 4.0388979911804208 80
decision_type=2 2 2 2 2 9 9 2 9 9 9 2 9 9 2 9 9 2 2 9 9 9 9 9 9 2 9 9 9 2 9 9 9 9 9 9 2 9 9 2 9 9 2 9 2 2 9 2 9 2 9 9 2 9 9 9 9 9 2 9 9 2 9 2 9 9 9 9 2 9 9 9 9 9 2 2 2 9 2 9 9 9 9 2 2 2 9 9 9 9 9 9 2 2 9 9 9 9 9 2 9 9 9 9 2 9 2 2 9 9 2 9 2 9 2 9 9 2 2 9 9 2 2 9 2 9
left_child=3 5 7 4 9 -2 20 16 44 109 95 12 29 49 18 55 97 22 19 -8 -7 -5 81 91 -20 26 27 -12 102 62 -11 43 104 -23 -19 103 38 -38 -28 84 -30 -32 65 -21 63 64 -47 48 111 67 -49 -50 53 -26 -54 -15 -35 -55 59 -25 -60 -44 -4 -6 -40 -17 -29 -13 69 -69 -43 120 -62 -52 117 86 115 -24 -41 80 -58 -18 -75 -84 -34 -68 -67 -56 -46 -39 -91 -14 110 94 -94 -10 -9 -3 114 -51 -79 -85 -27 -36 106 -89 -31 -97 -78 -1 -72 -37 113 -66 -77 116 -74 -22 -71 -81 -33 -107 -57 -48 -104 -98
right_child=1 2 11 21 8 6 14 96 10 30 25 13 23 15 -16 42 17 34 24 31 74 33 77 58 52 28 36 66 40 32 41 71 39 56 35 47 37 89 45 78 -42 70 61 -45 88 46 123 50 51 99 73 -53 54 57 87 122 79 -59 60 -61 72 -63 -64 -65 112 75 85 68 -70 118 92 -73 76 82 -76 98 108 100 -80 119 -82 -83 83 101 -86 -87 -88 105 -90 90 -92 -93 93 -95 -96 107 125 -99 -100 -101 -102 -103 124 -105 -106 121 -108 -109 -110 -111 -112 -113 -114 -115 -116 -117 -118 -119 -120 -121 -122 -123 -124 -125 -126 -127
leaf_value=0.10899698334940214 -0.40064880454411872 0.05269284032728571 -0.046417688320085436 0.26077188899917741 -0.33469647448418477 -0.070279117041901873 -0.42961774670512648 0.11226315707621393 -0.08356821182949567 -0.074912828010608307 -0.015400953091529616 0.083933661268818294 -0.10060125392667407 0.19356912036692986 -0.57405402953098417 0.26240952016594399 -0.25003518116823192 0.25721198409487361 -0.16605083362159456 0.0020069416692972686 -0.74548794832776455 -0.053349915876004753 0.084559767003829348 -0.053934510162838678 0.18359167120527919 0.084880608367131044 0.15978068856911343 -0.14574468829515469 -0.034173403793429653 -0.46440007839240582 -0.03339614034707996 0.10758675006927365 -0.30404757751506767 -0.0089356786828602829 0.0054793111760522905 0.011012824768206059 0.090509460273312359 -0.02846253958741729 0.16828640197970449 -1.0766086636222596 0.13486985473492374 0.32663260754054191 0.2166635109645817 -0.47223146651132092 -0.010871323551447397 -0.24249526379967412 0.045633616315797654 0.23193293153195194 0.15862574057796061 -0.19743034401721038 0.14756814510679406 -0.053675587556703201 0.10037153496755676 0.15561830245743474 0.019243643935130925 -0.15111818887172421 -0.045897291793169953 -0.017655119558519738 0.078699433516040113 -0.49384472460910511 -0.027518394472962521 -0.46553237209328713 -0.44184811533334678 -0.97088192685566899 0.10772774445624048 -0.014868229378648845 -0.38153775600612699 -0.18226995506204818 -0.21198353518579177 -1.3634054542849501 -0.12813786313730446 -0.2387384239652334 -0.13239689400440718 0.094066829781820807 -0.6339015723044783 -0.57700619543343756 -0.31560705452654841 0.34530610904224646 -0.68046430093912591 0.22947662404242908 0.12476271834968829 0.01988591030781816 -0.34827191743347191 -0.1419670574587156 -0.97787156792151719 -0.58115313451884798 0.12637943380930169 -0.46182412358057195 -0.21171274428847717 -0.15318798210534598 -0.40008200142364131 0.16752771948008419 0.098000186353928764 0.17062374020711848 -0.1074925018449146 -0.29207955502954602 -0.11924914323583305 -0.16389696883846686 0.30822999638985188 0.11546194207229239 0.18308950420358838 0.1032161643758967 -0.15794689843300846 -0.25557819193717152 -0.031882462597393857 -0.35849435531748486 0.15994449235302241 -0.67312876761903018 -0.0084322169348833558 0.4304681188137468 0.22149903926400236 0.22072234148243974 0.083730977566215295 -0.20833328408379043 0.15181801647370297 -0.27375489410792664 -0.86825056456441763 -0.32806590269168256 -0.6727383279389163 0.1287977577082329 -0.10065327985352289 -0.097696468297522973 0.13247504002146346 -0.12222752948960536 0.0085802178364662238 0.40842516226752679
leaf_weight=1586 2334 937 2643 5380 479 1328 1815 2080 689 2314 2173 780 1885 1640 1020 4349 495 3197 4030 622 226 2101 4356 1204 3802 1410 4899 1305 3114 908 2267 2434 1280 2331 1298 1731 1770 1103 2978 100 12162 2353 814 1264 1022 990 2895 3741 1989 1674 8177 13534 3420 3054 2479 8451 1900 8904 3507 1137 8490 1599 578 170 651 7533 653 387 3948 140 134 1443 229 4735 176 219 1460 2224 228 9912 3604 1851 693 2025 576 126 7227 313 832 1267 1126 4010 2916 3190 2102 432 219 2177 3469 3057 7858 1684 2348 1916 1060 1312 218 134 2802 3114 3727 1556 2189 1518 730 1461 367 1924 370 12497 3086 5696 1553 2068 1685 4941
leaf_count=1586 2334 937 2643 5380 479 1328 1815 2080 689 2314 2173 780 1885 1640 1020 4349 495 3197 4030 622 226 2101 4356 1204 3802 1410 4899 1305 3114 908 2267 2434 1280 2331 1298 1731 1770 1103 2978 100 12162 2353 814 1264 1022 990 2895 3741 1989 1674 8177 13534 3420 3054 2479 8451 1900 8904 3507 1137 8490 1599 578 170 651 7533 653 387 3948 140 134 1443 229 4735 176 219 1460 2224 228 9912 3604 1851 693 2025 576 126 7227 313 832 1267 1126 4010 2916 3190 2102 432 219 2177 3469 3057 7858 1684 2348 1916 1060 1312 218 134 2802 3114 3727 1556 2189 1518 730 1461 367 1924 370 12497 3086 5696 1553 2068 1685 4941
internal_value=0.000471709 -9.99613e-05 0.000454479 0.00150912 0.000702455 -0.00180103 -0.00150378 0.00157245 -0.000218824 0.00273088 6.74116e-05 -0.000545423 -0.001651 0.000241969 -0.00109968 0.000916104 0.00121256 0.0014254 -0.00091725 -0.00293136 -0.00643013 0.00313188 0.00302908 -0.000737143 -0.000266586 0.00026218 -0.000605896 -0.00403797 0.00142333 -0.00484015 0.00180561 -0.0018975 -0.00700229 0.0026472 0.000844066 0.000586925 1.87525e-05 -0.00243828 0.000730152 -0.0101914 0.0023394 0.00238877 0.00178805 -0.00624473 -0.00587744 -0.000181216 -0.00196036 0.000886521 -9.03771e-05 -0.00220336 0.00175968 -0.000706238 0.000189721 0.00115482 -0.000960665 -0.00102626 0.00294969 0.000257353 -0.00146756 -0.00486544 -0.00103407 -0.00193535 -0.00192176 -0.012188 0.00126227 0.0021707 -0.00786055 -0.00384889 -0.00474768 -0.0102899 0.00298781 -0.000712749 -0.00168095 0.00117409 -0.00934931 0.00164061 -0.00324064 0.00372924 -0.0204878 0.00324213 0.00129489 -0.00129032 -3.27939e-06 -0.00174071 -0.00842672 -0.0126869 0.000995935 -0.00196738 -0.00370011 -0.00471763 -0.00652101 0.00182049 0.00236692 0.00139864 -8.36983e-05 -0.0073913 0.00486188 -0.00309219 0.0037981 -0.000251532 0.0046195 -0.000595848 -0.00114983 -0.00312035 -0.00375228 -0.00289046 -0.00687389 -0.0122222 -0.00182543 0.00645435 0.00443149 0.00281165 -0.000393773 -0.00258644 -0.000636079 -0.00618862 -0.0111221 -0.0084186 -0.0151923 0.00371961 0.000307414 -0.00251069 -0.00169363 -0.00065755 -0.00236705 0.00601547
internal_weight=319795 206179 155497 113616 75891 50682 48348 73414 52188 23703 49685 82083 34143 47940 44694 37584 66174 63060 43674 10664 3654 37725 16784 26552 33010 48430 27711 4257 20719 7591 19003 8849 4370 32345 46276 43079 23454 5266 18188 2184 15276 16689 25940 1886 2503 13289 5953 39865 18810 10356 21055 15523 28980 15760 13220 11644 30244 11958 20657 2341 18316 2413 3221 649 7336 23527 2084 5625 4845 897 14422 6963 14809 17314 2326 19178 6319 14438 328 27913 5504 2346 9137 4402 1856 779 14760 9800 1854 3496 2393 5895 12069 8208 5018 1255 7240 3114 4418 4731 10082 3709 5443 3214 2186 7321 1126 566 4262 4700 3861 3287 4358 2169 949 2057 596 2150 510 22409 5520 7008 10004 4963 4033 5160
internal_count=319795 206179 155497 113616 75891 50682 48348 73414 52188 23703 49685 82083 34143 47940 44694 37584 66174 63060 43674 10664 3654 37725 16784 26552 33010 48430 27711 4257 20719 7591 19003 8849 4370 32345 46276 43079 23454 5266 18188 2184 15276 16689 25940 1886 2503 13289 5953 39865 18810 10356 21055 15523 28980 15760 13220 11644 30244 11958 20657 2341 18316 2413 3221 649 7336 23527 2084 5625 4845 897 14422 6963 14809 17314 2326 19178 6319 14438 328 27913 5504 2346 9137 4402 1856 779 14760 9800 1854 3496 2393 5895 12069 8208 5018 1255 7240 3114 4418 4731 10082 3709 5443 3214 2186 7321 1126 566 4262 4700 3861 3287 4358 2169 949 2057 596 2150 510 22409 5520 7008 10004 4963 4033 5160
cat_boundaries=0 12 23 34 45 56 68 80 91 102 113 124 135 147 158 169 181 192 203 215 227 238 250 261 273 284 295 306 317 328 338 349 360 371 383 395 406 417 428 439 450 461 473 484 495 506 517 528 529 541 553 564 575 586 597 608 620 632 642 652 664 675 687 695 706 717 727 738 739 750 761 770 782 783 794 804 805 816 827 838 848 858
cat_threshold=36175872 167772208 8388608 537182466 32800 1074807040 8388608 164416 5309440 524288 4096 16 277364736 2097186 14680064 2099204 402784256 262400 224 4194312 1048584 2098688 2164785408 155189248 36 4198401 129 1083179008 128 1073774720 4760580 537921537 3221229568 8388608 524288 4197376 0 2149580800 1140850724 1208049792 35127296 788992 1114120 268448768 16777216 8914976 67108866 4 1879050240 2048 0 2147483648 688136 536870912 301989892 2424832000 335544320 4096 16777600 2623488 805308420 671220736 33554432 4194560 1048712 135275264 8388672 64 10502144 6 16777376 131072 1677721600 131072 256 1444352 413139106 3072 4196608 8 655360 41949184 4226 256 536872964 138543104 384 1315072 1076887553 262400 12582917 128 142639376 10485760 8390660 1048576 8421440 2152333344 268443906 37748768 2050 4259904 273678336 2048 268443680 1048712 536873088 536871104 2152726528 1050625 2097169 1073876992 8388608 16777216 83886082 17039361 131200 10240 537003008 33554496 0 134217729 1073873920 2147483648 33554432 2147484166 65824 2097284 0 134283296 2151678240 8388865 0 35129608 655364 196608 1124077568 16781570 128 536872964 1073758344 268435456 33800 5154 1152 2151677952 8 1048576 33796 138674179 704643084 2147491840 1288 2160066560 33280 1210060800 536870912 268960000 16777220 67109888 262657 2157969408 34605060 671154176 1207959568 3074 67108912 133184 131072 1114116 159383552 4808704 32768 4 256 142738052 16777728 1098907648 1074790912 4194564 8 2415935616 75499520 16777216 131080 0 134418464 2181038160 8388608 33558528 4195850 2147618820 1048580 210763778 8388896 2097160 33554560 134218784 13632000 131200 8393216 262402 268435460 135232 4194944 512 524288 1342706688 42991624 269484032 2304 33554592 1744830464 402653184 34 1048576 4100 268435457 131072 12416 8 9438720 17301504 48 4106 576 8 0 16777216 419692960 33816580 268435456 1024 512 9439233 1024 262208 4195584 2156023808 71303440 0 2113536 1115688964 33571136 512 32832 33619978 1024 2415919616 8 17317888 2103296 266240 671219712 8288 1196040 592 32768 142606344 100671488 285212673 1572864 67141812 0 134217860 2415923200 256 2181038080 4096 32 671225344 17826880 8 268453888 135267328 8388896 32768 2147483652 196608 8651296 2448 142606336 137494568 260 268468224 1024 8683552 671088650 805308416 40 1049092 25170193 25165832 1 524292 16777220 11540480 4228096 131086 4098 1056 544 4194320 10486784 136316930 769 134352896 1073742336 5247040 16793860 2415927296 269484032 262144 256 2208 134217730 273809665 0 16777220 256 2181038080 0 134251520 302514176 16781344 0 0 324 8388608 17825792 65536 2149597184 8 671089664 131072 2048 2214592528 167781888 69206021 4195328 276824064 8650752 2144 135316480 142606336 8519936 67108866 1074006018 2420113408 0 0 34 537149440 8192 671092776 640 4194818 1237320721 1074790666 2147483652 2415919104 4194432 4194336 8 536872960 134221824 33554432 17306113 1075838992 1610612744 8388608 0 2181038080 268697601 1048576 570439808 8405024 143654912 8388608 1140850688 34869382 576 16 2147483648 8388608 4354 262408 546308096 32768 34079232 26877184 50335744 1107296320 4 8 131076 32768 4456705 168296448 268437504 134217728 67109504 4718592 0 131080 524293 285216768 131104 2129924 2155888648 32832 33570816 1073747456 1060 75563008 4692 512 12599424 8392710 4352 33554444 0 393224 5898304 2149060609 4105 262144 4259840 276824064 25165824 160 0 0 65568 1049152 8394753 8389648 262464 8388608 1572864 3072 134217760 134480136 1048576 81984 524288 268962816 4194305 541065216 4198656 0 4096 256 2099200 0 671089664 0 4194304 0 135267072 64 2097152 4198400 16843266 2149728256 268 132096 8192 2048 1140916240 34612744 268435712 8 67239940 41945088 134217728 2623488 10244 16416 8912896 21495810 16 1611268610 16777281 0 5120 402915712 2097152 12288 0 0 0 1024 264192 1048576 75497472 8421376 4194304 256 0 131104 128 12589056 0 536871488 524289 8388608 0 16777216 0 0 0 256 133120 2097152 0 4194304 276824064 1048576 151322914 1073758210 8388612 1073762464 64 32776 68157441 67108864 2168456256 11920 16384 4198400 128 1441792 536872960 671223968 1048576 2176843779 1048706 262664 8454208 8 75497729 1056 289407232 2181301376 0 32 1048704 524289 1053826 1078460672 8912896 8 8388608 16780288 262273 537133058 40992 134218752 41943056 530944 1048704 1074004228 8389377 0 135402532 8388641 4 32 8 67109008 4196352 68158592 35662224 4194561 9437184 4195328 0 33554432 268435460 1024 0 4329472 134222849 1073742848 2424307712 75497472 4 256 0 0 134217728 8388608 131072 0 1048576 2147483904 75514112 60821504 406847488 2097160 2048 196608 142606400 131072 70254720 8256 12583169 67108864 0 134217728 10485768 0 536870912 1048576 4194304 1050 1074790914 524352 8 268439552 1073744384 4194562 133120 2147491840 131200 2147483648 4718600 1073741824 1243612424 2415919108 8 1114112 34080784 150999040 0 4 536870944 0 8390656 16 514 268451840 1028 8389664 2097160 2147483648 134348800 16 2048 24 4456448 0 16777216 286072960 131084 0 8 16 0 1075838984 0 0 8 1572868 8388612 4194336 131080 0 32 524480 131072 17 64 4 137363456 4096 268435584 2149842944 2336 939656192 262176 8921600 66560 1311234 8388608 64 0 25165824 16777344 131080 0 134217760 67239936 8388609 0 20975652 17039776 537001992 0 131328 34079232 18382914 2 131072 272696576 67108864 134218752 285474816 131072 268435456 536871968 0 4096 1041 1074270208 256 1048580 4194304 17039616 34078724 67108864 1032 8388608 2048 134218760 134217730 268959744 10488324 268435585 33554442 2147483648 134348832 1048592 1179649 1083179008 135528960 8519744 5251 0 0 402653312 0 128 196608 41943552 2944 4112 2048 768 271581184 16778240 16777216 0 536870912 536870944 9437184 2048 2098192 512 524288 0 4096 0 33554432 2147489792 671088640 0 0 16 2155872256 33554432 2 537001984 0 0 9437376 2155872256 18 2050 1 8 4240 4 160 138412416 2148532232 4 671088640 0 13107200 3145874 1079246848 9437184 131072 4096 129 2 276824096 1073741824 0 256 67108888 1280 4392 0 0 0 0 0 0 1048576 2147487745 0 1073741824 524288 9437188 79692800 419430528 33818624 4100 1073741952 33554496 5898240 168820864 134348800 257 4 3240100864 17109248 5 2147483648 134611968 1088 524288 1140850696 266 2147483648 16384 2153776128 150995072 10 268435456 1207959560 0 8388608 134218768 2056 0 2560 2 0 0 0 128 1572864 130 524352
is_linear=0
shrinkage=0.1


Tree=21
num_leaves=127
num_cat=76
split_feature=10 11 10 11 10 1 11 1 1 2 8 2 10 2 1 2 2 11 1 2 1 11 2 1 2 2 12 2 2 1 2 14 2 1 1 1 8 10 1 2 10 11 1 15 1 11 1 1 2 1 1 1 2 2 1 8 2 2 2 10 21 2 11 8 1 2 11 1 1 2 11 10 2 1 1 15 2 1 1 5 12 2 10 11 2 8 11 2 21 1 1 1 2 6 2 15 2 10 11 2 1 2 15 6 1 2 2 11 14 21 5 14 2 1 9 5 15 1 1 1 10 10 1 2 1 2
split_gain=17.5115 14.2496 17.5314 11.0898 10.7626 9.95266 8.12173 7.56625 7.52246 7.47988 7.22425 7.14342 7.00505 5.87506 5.75765 5.59243 5.32935 5.27842 5.62826 5.58456 5.10427 4.86049 5.43625 5.33854 4.69559 4.69233 4.45085 4.92137 4.19625 6.14017 3.92373 3.90554 3.79849 4.28101 3.78448 3.77929 3.748 3.7172 4.15573 3.86882 3.62613 3.88213 3.6188 3.48954 3.46515 3.49152 4.77024 3.45519 3.39256 3.38047 3.37166 3.29702 3.27825 3.23457 3.20819 3.16482 3.15356 3.08119 3.0401 3.00389 2.98723 2.97834 2.97553 3.07025 5.92198 3.30548 6.65405 3.94021 3.05187 2.92803 2.8976 3.25311 3.73064 4.31435 3.2115 2.87635 3.36471 2.75344 2.71943 3.03572 2.70338 2.62949 2.60881 3.5862 2.556 2.53824 2.48413 2.44584 2.44068 2.39057 2.38836 2.38119 2.37206 2.34767 2.29812 2.29287 2.26774 2.2676 2.23842 3.09554 2.75304 2.29582 2.19355 2.1728 2.62639 2.13666 2.13376 2.12803 2.24526 2.75901 2.12044 2.19688 2.11333 2.49446 2.10763 2.10657 2.10139 2.07461 2.05921 2.05266 2.39595 2.04443 2.02256 1.98952 1.98112 1.95275
threshold=96.500000000000014 4.7378976345062265 144.50000000000003 6.1226937770843515 303.50000000000006 0 3.0043103694915776 1 2 3 16.500000000000004 4 203.50000000000003 5 6 7 8 5.9497346878051767 9 10 11 5.4941518306732187 12 13 14 15 899.50000000000011 16 17 18 19 16.500000000000004 20 21 22 23 6.5000000000000009 114.50000000000001 24 25 69.500000000000014 2.1736911535263066 26 352.50000000000006 27 3.7155568599700932 28 29 30 31 32 33 34 35 36 9.5000000000000018 37 38 39 73.500000000000014 0.01688890811055899 40 7.7867991924285898 4.5000000000000009 41 42 6.5081794261932382 43 44 45 4.7025909423828134 75.500000000000014 46 47 48 1807.5000000000002 49 50 51 430.50000000000006 856.50000000000011 52 104.50000000000001 4.113457679748536 53 27.500000000000004 5.314561367034913 54 0.012841967400163414 55 56 57 58 4.5000000000000009 59 967.00000000000011 60 396.50000000000006 3.9897433519363408 61 62 63 650.50000000000011 6.5000000000000009 64 65 66 4.3948206901550302 60.500000000000007 0.019718836992979053 495.50000000000006 25.500000000000004 67 68 444.50000000000006 1000.5000000000001 509.50000000000006 69 70 71 135.50000000000003 285.50000000000006 72 73 74 75
decision_type=2 2 2 2 2 9 2 9 9 9 2 9 2 9 9 9 9 2 9 9 9 2 9 9 9 9 2 9 9 9 9 2 9 9 9 9 2 2 9 9 2 2 9 2 9 2 9 9 9 9 9 9 9 9 9 2 9 9 9 2 2 9 2 2 9 9 2 9 9 9 2 2 9 9 9 2 9 9 9 2 2 9 2 2 9 2 2 9 2 9 9 9 9 2 9 2 9 2 2 9 9 9 2 2 9 9 9 2 2 2 2 2 9 9 2 2 2 9 9 9 2 2 9 9 9 9
left_child=5 9 17 8 10 75 7 59 31 54 11 90 13 51 -11 36 -9 18 48 -20 26 22 34 52 47 77 27 -13 29 107 -26 -4 -12 -34 -15 -27 110 53 86 -40 57 61 -43 -37 -30 46 95 -8 -3 -24 -32 -10 -23 124 -2 103 118 -18 -25 -7 -61 -42 63 64 -6 68 85 -68 -65 89 71 81 73 -73 -74 -1 -77 -22 -17 -80 -29 -52 -31 -84 -50 -67 125 -57 -82 -38 -5 -58 -88 -87 -72 -46 -19 -69 99 -76 -101 -100 123 104 -45 -41 -93 108 109 114 111 -14 113 -35 -16 -62 -86 -83 -47 -107 -121 -115 -48 -53 -21 -39
right_child=1 2 3 4 62 6 24 16 12 14 32 20 15 21 28 78 40 96 19 37 25 23 49 58 30 35 -28 80 44 82 50 -33 33 112 -36 43 69 38 39 105 41 42 -44 55 45 56 122 -49 84 -51 70 102 -54 -55 -56 87 91 -59 -60 60 115 -63 -64 65 -66 66 67 97 -70 -71 94 72 74 -75 98 76 -78 -79 79 -81 88 117 83 -85 116 93 92 -89 -90 -91 -92 106 -94 -95 -96 -97 -98 -99 101 100 -102 -103 -104 -105 -106 119 -108 -109 -110 -111 -112 -113 -114 121 -116 -117 -118 -119 -120 120 -122 -123 -124 -125 -126 -127
leaf_value=0.4139415643634034 -0.021973321138464154 0.084847650201457708 -0.62431246829097364 0.40107025655276757 -0.23822634134421605 -0.059740377150123786 0.046701044522308909 -0.13881695467344862 -0.013731732577426971 -0.26845982031059068 0.41840367292239145 0.019667081808383849 -0.8947762941060704 -0.11788135506848943 -0.37140943066205523 0.069878024003788522 0.24817988427906507 0.021881169792069867 -0.070099222382849283 0.21526108533949584 0.037654328261982138 0.026811184580778358 -0.19041383601798451 0.15917072168502888 0.26820506888398804 0.16893051747274462 0.18104766695252883 -0.25756470610499466 0.15330211113679268 0.064366948137667288 -0.020907869610811976 -0.28187310158736323 0.34048837054257619 0.092149730963207069 -0.38104101569617804 -0.5958565974995923 -0.16156971672804671 -0.2148510324787726 -0.036065702048542946 0.27566897730030643 -0.061586053180150438 0.12196488731464944 -0.044977803221477396 0.1027377988265531 -0.71110712679637345 -0.20188689242468191 0.03562723204207266 -0.12049245752499352 -0.052563678655121605 0.031244685470933384 0.26174266336554303 -0.23329873372104615 -0.2142886778854699 0.22590679185335333 -0.34566099404066136 -0.42086767864907959 0.091044959548242821 0.046611468269605064 0.030391242878209043 -0.23727862724758816 -0.34910828351784806 -0.32649590470852735 0.076596070247215042 -0.39233173688890094 0.25294967704540811 -0.79559028927285014 0.14070623889318959 -0.30768797889527816 0.066778475154718894 -0.76720110298559296 0.08400139468808486 -0.28617452692904277 0.20067535713482024 -0.011815152309626976 0.091903797825391903 0.002911202496598337 0.21884966330652988 0.18297135440703516 -0.43596283619877457 -0.11000284200589186 -0.42606339411696692 0.23818482773058883 -0.41509347004863972 -0.044612511504059552 -0.74937656178534884 -1.2898788167450439 0.26638500678245286 0.11498006036828151 -0.61262175475211555 -0.5982846491735655 0.13210859731113017 0.095607095219974125 -0.017905085448014665 -0.85403552427690599 0.33989399815724652 -0.47184872798227107 0.26869910796222779 -1.5640945251580991 0.17903588137787363 -0.3265546592239954 -0.037619081360258905 0.027983067844141118 -0.22397532155818914 0.094067386228315369 -0.16148332624587702 0.23531703824623632 -0.069137391446074142 -0.20466317296144942 -0.19632162752719678 -0.30657467493921486 -0.090841232841892217 -0.27761418490064382 0.11540676154373297 -0.09869546872254982 -0.85438630902809154 -0.69027797821524894 -0.17266429654136164 0.04300963308543574 -0.047081029593958185 0.12716643139374681 -0.014326289325441312 -1.0351024886955935 -0.19481549973129192 -0.71610989198322395 -0.032933705495867591 -0.022451368372532008
leaf_weight=3283 564 1426 302 2245 1955 992 2437 1996 1635 2413 3109 1598 163 4177 215 1339 2518 1393 3473 1223 6174 2784 1942 7132 3705 2616 1158 2789 1855 2139 3529 1657 2645 771 2155 171 720 1481 3424 2240 2018 5052 4570 1378 115 1812 1588 1842 1237 9100 2757 134 3242 9154 1408 319 6705 6554 12854 508 376 905 2725 1028 2195 1095 1102 3406 2795 549 2237 299 6157 3857 3305 1788 2400 7094 875 5390 117 2091 1215 3962 106 158 908 4660 105 804 3782 1966 2185 101 3028 290 7369 207 3085 477 3195 2984 2362 1763 8556 1961 5891 1156 323 548 1254 199 5534 898 144 163 846 4214 6742 12220 3701 151 3135 198 1984 1945
leaf_count=3283 564 1426 302 2245 1955 992 2437 1996 1635 2413 3109 1598 163 4177 215 1339 2518 1393 3473 1223 6174 2784 1942 7132 3705 2616 1158 2789 1855 2139 3529 1657 2645 771 2155 171 720 1481 3424 2240 2018 5052 4570 1378 115 1812 1588 1842 1237 9100 2757 134 3242 9154 1408 319 6705 6554 12854 508 376 905 2725 1028 2195 1095 1102 3406 2795 549 2237 299 6157 3857 3305 1788 2400 7094 875 5390 117 2091 1215 3962 106 158 908 4660 105 804 3782 1966 2185 101 3028 290 7369 207 3085 477 3195 2984 2362 1763 8556 1961 5891 1156 323 548 1254 199 5534 898 144 163 846 4214 6742 12220 3701 151 3135 198 1984 1945
internal_value=0.000452318 1.71976e-05 0.00038695 -0.000237354 0.00058199 0.00170939 0.00136132 -8.10849e-05 -0.00123723 -0.00160322 0.00123072 0.000623246 -0.00103392 -0.000504034 -0.00132058 -0.00327371 0.000424587 0.00183712 0.00143677 0.00173583 0.000121534 -0.000153009 -0.00144814 0.000711979 0.00211366 0.000605052 -0.00261901 -0.00401606 -0.00103213 -0.00283979 0.00241487 -0.00731844 0.00329417 0.0023369 -0.00378114 -0.000383608 -0.00646391 0.00205156 0.00145185 0.00206996 0.000881769 -0.00021921 0.000750364 -0.000933143 -0.000448703 -0.000724145 -0.00308502 -0.00105153 -0.00235862 -0.000106768 0.00213341 -0.00401244 -0.00189529 0.00351185 -0.00760848 -0.000787958 -0.000200726 0.0024052 0.0014983 -0.0059102 -0.00967526 -0.00341088 -0.00164788 -0.00223472 4.81931e-05 -0.00319248 -0.00464057 -0.00287381 -0.000879206 -0.00929571 0.00241034 0.00205762 0.00143371 -0.0012818 0.00202103 0.00518781 0.0034575 0.00205453 -0.00171526 -0.00258964 -0.0063853 0.00366586 -0.00139776 -0.00261348 -0.00482492 -0.0108272 -0.000782662 0.00132356 -0.017027 -0.00688396 0.00382143 0.000694483 0.00127061 -0.0197297 0.00458689 -0.0133735 0.00409952 -0.00446315 0.00113052 -9.02963e-05 -0.00208582 0.00253584 -0.00616124 -0.00168676 -0.00226092 0.00259885 -0.000486843 -0.00723706 -0.0101626 -0.0127122 -0.00287129 -0.00961326 0.0010918 -0.00185792 -0.0195265 -0.0148609 -0.00871102 0.00252573 -0.00172349 0.00223117 0.00185236 -0.00501416 -0.00216987 -0.0137952 0.000767796 -0.00263865
internal_weight=320151 237829 193643 135367 74400 82322 74851 25652 60967 44186 57633 44525 59008 47715 42214 11293 23613 58276 49514 45899 38498 43386 17374 26012 49199 32731 5767 4609 39801 9702 44920 1959 13108 9999 6332 19463 3689 42426 30065 23546 21617 12545 9622 16847 30099 28244 5128 4279 3615 11042 41215 4329 6026 12361 1972 16676 23116 9072 19986 2039 1047 2923 16767 14042 4150 9892 6069 4715 3823 2073 37686 32421 23359 4156 19203 7471 4188 13268 7604 6265 3011 9062 7316 5177 2189 1354 6519 4979 222 1524 6027 14562 3093 259 5265 405 8762 3613 13046 6977 3672 6069 2694 11697 9934 20122 7857 2386 1230 907 1616 362 7354 1820 359 539 952 6305 8554 17882 15921 1049 4723 332 3207 3426
internal_count=320151 237829 193643 135367 74400 82322 74851 25652 60967 44186 57633 44525 59008 47715 42214 11293 23613 58276 49514 45899 38498 43386 17374 26012 49199 32731 5767 4609 39801 9702 44920 1959 13108 9999 6332 19463 3689 42426 30065 23546 21617 12545 9622 16847 30099 28244 5128 4279 3615 11042 41215 4329 6026 12361 1972 16676 23116 9072 19986 2039 1047 2923 16767 14042 4150 9892 6069 4715 3823 2073 37686 32421 23359 4156 19203 7471 4188 13268 7604 6265 3011 9062 7316 5177 2189 1354 6519 4979 222 1524 6027 14562 3093 259 5265 405 8762 3613 13046 6977 3672 6069 2694 11697 9934 20122 7857 2386 1230 907 1616 362 7354 1820 359 539 952 6305 8554 17882 15921 1049 4723 332 3207 3426
cat_boundaries=0 10 22 34 45 56 68 80 91 103 114 126 138 149 160 172 183 194 206 216 227 238 249 260 271 282 293 304 315 325 336 347 358 369 380 391 401 412 423 434 445 455 466 477 488 498 509 521 532 544 554 565 576 588 599 610 621 632 643 653 664 675 686 696 707 718 730 742 753 764 775 786 797 808 818 829 840
cat_threshold=268453888 0 262656 3758099456 67239936 4202496 2483065136 393232 2174746624 136316928 20971520 13632512 81921 16512 1052672 269565952 8396800 2147518464 536870912 1140850697 69920 8 69206016 176162832 0 25167872 1050624 1048576 138412032 256 20971552 1075974658 2147552256 8 2172649472 1179682 4195328 33571074 1476526592 256 4325392 524801 71303184 0 8912896 69206016 34944 4198400 136331264 268445700 536870912 4194432 4195336 269484080 1209010178 4194305 540928 4096 18874368 262276 268445700 0 96 5252352 1026 136704 2156003328 64 27787268 41943552 0 2283831424 536872960 16384 0 1216 1090617376 2147484800 276828161 16 131076 8392704 128 2361344 0 671219872 524416 4202497 1048579 135277312 4194373 135296 71304320 8733440 153108480 4096 8388872 268705792 4196352 10551296 1342177280 0 2 69402628 134349056 262144 2097158 536904064 8454208 48 5812226 8388608 2048 4194368 344064004 274 262176 16516 536871040 262144 128 524394 1056 2147484160 2151874560 8 131076 34848 134221858 2151153920 1050628 0 33554560 1032 1073807491 134742016 25165825 8 8388612 27262976 4194688 33701896 0 1180704 0 2147487747 68157465 262402 524356 8388608 4194304 4194560 537133064 268435460 671106304 34078720 282106368 75498496 526400 8388864 133120 526336 4 405570568 0 1048576 5632 132388 67112960 2218795012 2147483904 32 8388612 75501568 134217857 4 0 134217824 68681728 16781376 1073742977 537789248 268960768 8519681 1024 285212672 536871944 2147483648 40 524288 8519682 1073745931 135488 25231424 102240384 136317956 134217728 0 2147487748 65536 1149239808 16777220 1074855944 133120 4194561 8 65536 2149580800 411304224 538050562 33558528 0 1616 2148534280 8389640 393224 2097280 1142947888 2 1611677696 41154 536871040 1048576 17302147 0 302514240 16777280 131328 58722304 4456449 170131456 268435456 4096 2194670144 2164260865 1207959552 536875008 268436544 276824064 20972544 20971682 8390920 0 1246248 0 2152857600 1048600 655680 256 8912896 2102272 423624832 2097156 0 671219776 2148532288 25690114 1216348184 0 4718656 3145728 173019136 20971776 578947080 1342177280 21568 0 2147877123 270532608 4096 2048 285229056 8389632 257 545261568 32 671089920 42467328 768 68195344 136315906 260 33554432 33554436 0 545556480 8708 131144 2449473536 2147485696 69770 1073742920 268959809 8388608 2109440 134742016 2228232 0 136488 1310784 8388865 66560 303300640 268566532 65537 2147614720 8397060 16385 0 295360 268699136 561186 33554432 262160 512 0 4194304 134217728 131072 8192 134217728 0 17825792 143654912 1073741824 3145728 12582912 268435712 0 268435716 671088680 524288 8391298 17 1073872904 20971781 8388608 5120 151257088 0 0 134348832 8912960 8390656 24 262400 256 2425896960 0 8392704 2148532488 4100 536870920 2155872272 2563 4112 262152 269484032 10616832 8240 12591104 0 200 1081600 68 33056 0 272761476 13766656 1048576 0 4194305 33947652 0 32776 33554496 1050627 1024 787520 524352 4 33556480 402653216 8388608 0 536888352 0 8388608 10485776 1074004224 256 0 69208096 0 9439232 268441600 132096 79822848 20975616 1222709249 1107304516 2147483648 8388608 1 2228482 32 536870912 33685568 4096 4198400 2048 4194304 0 2155872272 268435585 131200 33595394 536872032 1088 36866 4097 1207960578 268440064 403177472 0 16777376 2181300224 2147485696 805307424 8388608 25722888 68158472 33554944 25166849 68157441 1280 402653184 8388608 2684354560 672137256 8388736 276955138 1077940360 1076365312 524292 0 4096 285212800 2147614720 133120 537001984 8388608 8388616 8 1310720 0 0 134217856 33554432 67108864 671088648 256 131073 1 1746141440 1 131072 16777216 150995072 0 67108864 138412064 0 12582913 9 1208221698 524288 0 16777216 16777344 33554432 0 8 1048832 2049 135266312 134217728 524293 0 16777216 268435840 0 67108864 4194312 1048832 8650752 134218777 134217728 4 0 128 262144 0 671088672 524288 1 0 0 69 8388608 59768832 6324225 0 268439556 1073758528 131076 4227072 1074790400 1208225544 4194304 8 1048576 4194304 32 0 268435456 1073741824 0 0 0 0 1 16777216 7340032 16875680 131202 268445700 131072 135266304 25690243 0 1074790688 524544 8 0 8390656 0 16384 67108864 541073408 384 393216 24 514 67108864 20971524 16777344 16392 536870912 671219784 8389120 8392707 8 1611934272 64 8388608 1028 262402 262144 2147487744 65792 0 8393216 1073742848 536871936 8388928 9437184 4194304 402948224 2050 268439552 1082147104 131136 4194304 137364489 1073744648 0 8 0 0 272629888 33685504 0 1048576 1048576 1 0 1073741824 2147483648 147456 0 2 524288 4096 4096 0 2148007936 2097154 0 4 8388608 4096 20971520 131076 268435456 40 0 1 1024 0 256 67108864 16777216 419430432 12 335544320 131080 35127360 5505025 134218896 1208221696 524609 33570816 1145046022 16777248 537001984 12288 671088648 2151678016 26214401 75498497 1052680 65536 1572864 2048 272629760 2048 268435456 537001984 0 16908289 134217745 135266304 17825792 2155876352 297795617 33554560 2080 1120 131136 36864 1087374337 514 8912896 285409284 79692032 8388736 0 256 1073741896 37749248 34819 134221824 263168 1048896 4 4198400 419430816 131072 264 131072 8388720 9439248 1024 2097280 65536 1048576 16779264 256 0 0 0 33554432 2048 0 2 2148597760 4096 402653312 2178 0 134348840 33554432 4096 144703513 1048706 524288 0 0 0 262144 536870912 128 1048576 4096 0 536870976 524288 524288 68159488 0 1048842 301994016 536953088 512 12714496 1090519040 524290 0 16 4 34078720 2363648 2155874304 536871040 1073758344 1048576 3328 16777248 33562768 2147483712 16 0 36864 384 524288 0 671236096 0 4194304 2097282 1050370 4260100 0 0 402653184 33554432 0 0 9961472 4099 0 537133056 524289 0 20972548 402653440 36716544 4096 1610612736 33686016 8391168 17 1048584 524288 301989888 1075843072 2101888 0 3221233664 134217728 2147483648 1048576 67108873 1183754 655360 0 100663810 16777728 180224 2147483652 1073872904 4325888 2147615745 1073807488 34082816 2416115712 16384 152044544 268505088 4 2147483648 0 142606368 2064 2097160 131370 16843008 0 0 0 0 0 0 64 0 2 512 0 25165824 268435585 0 0 671088640 143655040 8388609 1048577 1048576 4 1048576 16779264 155189248 8 0 671088672 1048640 1179648 67108864 2 1
is_linear=0
shrinkage=0.1


Tree=22
num_leaves=127
num_cat=90
split_feature=10 20 2 1 15 1 20 2 0 1 1 2 1 2 2 2 2 1 1 2 1 2 1 1 0 1 2 2 2 1 2 1 2 2 1 1 2 1 2 8 2 8 1 2 1 2 2 8 1 1 2 2 1 1 2 2 1 2 2 2 1 1 14 1 1 2 2 2 2 1 1 8 5 1 5 2 12 1 5 1 1 12 8 1 2 1 8 1 1 2 2 8 2 8 14 2 15 8 9 10 2 1 5 10 2 5 2 2 8 0 5 1 2 1 12 5 10 9 2 5 8 1 14 8 2 1
split_gain=15.7504 9.50116 8.71509 7.04532 6.65377 6.52951 5.96846 5.82929 5.72418 7.59119 5.66087 5.36411 5.34121 5.37574 5.27509 5.18944 5.16639 4.7913 4.12747 3.98883 3.98562 3.89216 3.82581 3.80327 3.73038 3.67216 3.52446 3.51009 3.35259 3.30391 3.28236 3.20556 4.50136 3.15349 4.44586 3.47171 3.14149 3.10302 3.26822 2.92716 2.90881 2.86959 4.98404 4.84527 4.6495 3.81807 3.42815 2.9678 2.7165 2.62602 2.55965 2.54136 2.5243 2.48771 2.62225 2.4306 2.42306 2.41526 2.39668 2.36762 2.83156 2.61406 2.34866 3.01963 2.97726 2.63757 2.43589 2.33445 2.32976 2.24008 2.19336 2.09831 2.07268 2.34961 2.31457 2.14906 2.00068 1.96813 1.89779 1.88358 1.83187 1.92169 1.82767 4.45862 4.02508 2.39389 2.14479 2.3379 1.9725 2.71713 1.80965 1.80644 2.38774 1.7815 1.77281 1.7246 1.68626 1.68411 1.66456 1.66203 1.65882 1.65334 1.64666 1.64208 1.64128 1.63822 1.89369 1.6272 1.72772 1.62575 1.57779 2.21794 1.56642 1.56461 2.26349 2.11418 1.64875 2.19232 1.63237 1.56303 1.54317 2.07408 1.53482 1.53018 1.5242 1.80867
threshold=113.50000000000001 0.1839522793889046 0 1 2846.5000000000005 2 0.20220408588647845 3 4 5 6 7 8 9 10 11 12 13 14 15 16 17 18 19 20 21 22 23 24 25 26 27 28 29 30 31 32 33 34 10.500000000000002 35 9.5000000000000018 36 37 38 39 40 29.500000000000004 41 42 43 44 45 46 47 48 49 50 51 52 53 54 25.500000000000004 55 56 57 58 59 60 61 62 29.500000000000004 425.50000000000006 63 1165.5000000000002 64 2.5000000000000004 65 755.50000000000011 66 67 277.50000000000006 29.500000000000004 68 69 70 23.500000000000004 71 72 73 74 5.5000000000000009 75 4.5000000000000009 9.5000000000000018 76 3968.5000000000005 1.5000000000000002 428.00000000000006 184.50000000000003 77 78 1205.5000000000002 366.50000000000006 79 1075.5000000000002 80 81 8.5000000000000018 82 405.50000000000006 83 84 85 262.50000000000006 605.50000000000011 184.50000000000003 1184.5000000000002 86 420.50000000000006 4.5000000000000009 87 3.5000000000000004 29.500000000000004 88 89
decision_type=2 2 9 9 2 9 2 9 9 9 9 9 9 9 9 9 9 9 9 9 9 9 9 9 9 9 9 9 9 9 9 9 9 9 9 9 9 9 9 2 9 2 9 9 9 9 9 2 9 9 9 9 9 9 9 9 9 9 9 9 9 9 2 9 9 9 9 9 9 9 9 2 2 9 2 9 2 9 2 9 9 2 2 9 9 9 2 9 9 9 9 2 9 2 2 9 2 2 2 2 9 9 2 2 9 2 9 9 2 9 2 9 9 9 2 2 2 2 9 2 2 9 2 2 9 9
left_child=2 3 24 90 5 -3 11 23 9 39 -8 -4 30 -14 -11 123 -10 100 -19 -9 -18 93 -17 -5 25 120 -20 80 -24 36 -6 40 71 34 -31 -35 -21 38 -29 57 72 43 46 52 50 79 47 109 -30 -46 -45 70 -28 54 -23 69 -53 -7 -41 61 104 -39 64 -64 65 -50 -66 -55 -62 -51 -47 101 73 75 96 -15 -68 -57 107 -44 -22 -82 86 -84 85 -85 88 99 89 -37 -2 119 -93 -16 -80 -38 -74 -71 -70 -88 -13 -33 -36 -95 -61 106 -52 108 -42 -43 111 -100 -107 114 116 118 -69 -118 -116 -56 -1 -122 -91 -12 125 -90
right_child=1 4 6 7 12 8 10 19 16 14 15 17 13 31 21 22 20 18 26 29 27 53 28 -25 -26 -27 41 37 48 33 -32 32 -34 35 102 82 95 59 -40 58 78 42 45 44 49 51 -48 -49 62 55 105 56 -54 67 91 77 -58 -59 -60 60 68 -63 63 -65 66 -67 76 113 98 97 -72 -73 74 -75 -76 -77 -78 -79 94 -81 81 -83 83 84 -86 -87 87 -89 124 122 -92 92 -94 103 -96 -97 -98 -99 110 -101 -102 -103 -104 -105 -106 112 -108 -109 -110 -111 -112 -113 -114 -115 115 -117 117 -119 -120 -121 121 -123 -124 -125 -126 -127
leaf_value=0.12746006646680397 -0.550342873142177 -0.32075371053691415 -0.13541520283258288 -0.026808000734808737 -0.1092957653561385 -0.37413818502012203 -0.11672804603453538 0.18764523066479541 0.22620112174443929 0.14450968180581361 -0.040281081071960191 0.026655952161179882 0.22978946933624084 -0.49752412557090664 -0.001842542308683308 0.20497658897555426 0.24420240858103132 -0.20041874622446559 0.13098558271764782 -0.31522169044939474 -0.0038320478270091607 0.015243530132457515 0.20719267028355068 -0.292954549497705 0.3599906948973654 0.19790401199126653 0.18016726078493442 -0.54453580995881112 -0.052762717179742506 -0.18428937942770546 0.21814107458405904 -0.10073221222276588 -0.0078019750661456957 0.1148825449029699 0.0027654040178213641 0.15164966354803727 0.075413363564292735 0.23014692474006396 -0.077802638697506976 -0.1044791796641682 -0.70379668721559352 -0.016439340701641929 0.058775554561516709 -0.21881528158804772 0.10689010779028628 0.24533512212962336 -0.0097033672593981341 -0.53295429787237403 -0.25849880666007918 0.006178909002229482 -0.13600562268129499 0.088300081372988393 0.0024923814770182692 0.086122953352436693 -0.45636082873666428 -0.084915643200739369 -0.027330371819263746 -0.14678003065979725 0.097580740261810045 0.012204862801771686 0.17400123316535826 -0.065691310790930754 0.28470224563362745 0.098945051113157434 0.1495213914950255 -0.011407427855184645 -0.51385772532103957 -0.18634603718516962 -0.61982237753700087 -0.24282925273294198 0.052554522784243912 -0.79629991545682821 0.133025067603182 0.029361913620345494 -0.054584088845038431 -0.24715652207221939 0.052607594255127538 0.02542827741299087 -0.069656068491520617 0.22981732930848833 -0.35062764076999325 -0.20456381687486114 0.16359254145715305 -1.1151893836353968 -0.19453360768925482 -0.39290418176346453 0.1473682861874685 0.29158131665311532 -0.010732881271610081 -0.16452354761199428 -0.23556755331869403 -0.079836235402997321 -0.36919717890354525 -0.20072124593172591 0.28947066966437779 -0.13725219014303805 0.36386940199433226 -0.10466998057646265 0.18971018505772264 -0.34432331846379927 0.21838363477633577 -0.28765446323811189 -0.21079708664998065 -1.6113981276672857 0.21036410050798451 0.17549928730561473 0.07824078413738017 -0.086589494269264267 -0.075494620448573871 -0.29925504363507105 0.018712078987810542 -0.39247517769831075 -0.32028007293549698 0.028844059535549499 -0.39478959130911329 0.021205252474959836 -0.9727402466102506 -0.36772622257832904 -0.17781496375592029 0.02762253897891398 -0.21732525173617009 -0.073292388510476314 0.0099794234047022971 -0.27221315420858094 -0.032484100314985768 -0.24007950563494412
leaf_weight=528 492 1985 1452 2002 798 2826 1223 1905 4016 3853 2915 1093 4036 107 939 4794 1949 1393 3031 1096 986 5789 5195 4176 4069 3333 2194 245 2744 6928 10603 1111 7490 4180 9179 3394 814 1184 2552 2074 127 462 1032 533 1582 1510 2080 137 377 1199 1934 2367 2379 8836 167 2908 6310 2283 1315 2230 3321 8292 3878 8542 7328 4513 119 843 101 404 3521 139 3938 523 1055 142 15364 7194 986 2399 232 1151 585 103 704 253 284 1181 654 835 1008 2049 2163 2147 1051 5205 2148 2068 344 192 2010 805 507 105 7443 103 765 1132 121 334 16396 558 442 4926 218 3730 100 212 651 2121 156 1115 5481 200 12325 803
leaf_count=528 492 1985 1452 2002 798 2826 1223 1905 4016 3853 2915 1093 4036 107 939 4794 1949 1393 3031 1096 986 5789 5195 4176 4069 3333 2194 245 2744 6928 10603 1111 7490 4180 9179 3394 814 1184 2552 2074 127 462 1032 533 1582 1510 2080 137 377 1199 1934 2367 2379 8836 167 2908 6310 2283 1315 2230 3321 8292 3878 8542 7328 4513 119 843 101 404 3521 139 3938 523 1055 142 15364 7194 986 2399 232 1151 585 103 704 253 284 1181 654 835 1008 2049 2163 2147 1051 5205 2148 2068 344 192 2010 805 507 105 7443 103 765 1132 121 334 16396 558 442 4926 218 3730 100 212 651 2121 156 1115 5481 200 12325 803
internal_value=0.000412889 -0.000127407 0.00132342 -0.00112995 0.000344253 -7.55488e-05 0.00107581 -0.000967259 3.93468e-05 -0.00075237 0.00178382 0.000309638 0.00150419 0.000682557 -0.000159808 0.0019309 0.000774358 0.000479434 0.000234205 -0.000648557 0.000479636 -0.000546763 0.0021648 -0.00388171 0.00427858 0.00247375 0.000394047 0.000287491 0.00189515 -0.000805475 0.00329594 3.59113e-05 -0.00131345 -0.000504643 -0.00161574 9.16606e-05 -0.00281403 0.000495829 -0.0027182 -0.00345792 0.00117284 0.000165729 0.00104307 -0.000580046 -0.00127886 0.00170214 -0.00270261 -0.00770944 0.0016035 -0.000504393 -0.00441774 0.000953492 0.00234126 -0.000212164 -0.00132612 -0.000948269 -8.40332e-05 -0.00497358 -0.00118324 0.000721934 0.00115219 -0.000657811 0.00181182 0.00295491 0.00129995 -0.000938775 0.0017795 0.000489604 0.000492041 -0.0031486 0.00273954 -0.00544794 0.00222517 -0.0026943 0.00276012 -0.0104633 0.00106693 -0.00014636 -0.0012635 0.00468178 -0.00345103 -0.00579325 -0.000326817 -0.00355623 -0.00738318 -0.0159563 -0.00011571 0.0033615 -0.000360974 0.000730453 -0.00788079 -0.00270353 -0.00393637 -0.00387066 0.000672558 -0.00190911 0.00350969 -0.00486704 2.81467e-05 -0.00255144 0.00428204 -0.00461378 -0.000231023 -0.00540853 0.00256429 -0.00333743 -0.0023379 -0.00413043 -0.0113178 -0.00545226 0.000102902 -0.00396896 -0.00834862 -0.000505145 -0.00162387 -0.000632746 -0.00558442 -0.0117949 -0.0050748 -0.000445804 -0.00116639 -0.00306058 -0.000496364 -0.002032 -0.00112964 -0.0041786
internal_weight=320159 200930 119229 64286 136644 100332 110028 62786 98347 47347 57192 52836 36312 24911 38849 55969 51000 51384 48281 56608 46984 34996 52854 6178 9201 5132 46888 45035 48060 54703 11401 20875 9545 47588 16614 30974 7115 42666 2797 8498 11330 43857 20152 23705 19132 17139 3013 933 42865 15355 3777 13708 4573 31805 12289 13773 8677 5109 3389 39869 30393 9476 40121 12420 27701 4890 22811 19516 20720 3671 5031 2055 7913 772 7141 249 15483 10102 3417 3431 2369 1383 26794 1645 1060 356 25149 1657 23492 9710 1500 6500 4212 3191 2037 6019 6086 2472 17399 476 3103 1916 9686 2252 9673 3244 2699 1380 248 796 17298 902 545 10680 5754 4599 1155 312 869 2288 1799 1271 6316 3115 13782 1457
internal_count=320159 200930 119229 64286 136644 100332 110028 62786 98347 47347 57192 52836 36312 24911 38849 55969 51000 51384 48281 56608 46984 34996 52854 6178 9201 5132 46888 45035 48060 54703 11401 20875 9545 47588 16614 30974 7115 42666 2797 8498 11330 43857 20152 23705 19132 17139 3013 933 42865 15355 3777 13708 4573 31805 12289 13773 8677 5109 3389 39869 30393 9476 40121 12420 27701 4890 22811 19516 20720 3671 5031 2055 7913 772 7141 249 15483 10102 3417 3431 2369 1383 26794 1645 1060 356 25149 1657 23492 9710 1500 6500 4212 3191 2037 6019 6086 2472 17399 476 3103 1916 9686 2252 9673 3244 2699 1380 248 796 17298 902 545 10680 5754 4599 1155 312 869 2288 1799 1271 6316 3115 13782 1457
cat_boundaries=0 11 21 33 45 46 57 68 80 91 102 112 122 133 144 155 167 179 190 201 212 213 224 235 247 259 270 281 292 303 314 324 336 347 358 368 379 390 402 413 424 436 447 459 470 481 492 503 514 525 536 547 558 570 581 592 604 616 627 638 650 661 672 683 694 705 716 728 739 750 761 768 779 791 802 808 820 831 842 853 864 874 885 886 897 906 918 929 940 951 962
cat_threshold=16385 0 512 34606081 612376584 1078227072 67109152 262145 0 2148008224 1048640 34144256 167772704 8388608 2692743170 1089540 1073758464 2281701376 268435716 16777216 4197376 35651584 1216348176 2101248 51330 268566664 4227072 67109008 0 71369728 2149580800 10240 16 524544 1073741828 25165826 538050560 3288334336 131072 37879808 2151940356 136314912 6295552 196609 8 12825 268435460 2129920 134217987 2684354560 2147483648 134300736 524544 13643776 8388608 1207959882 260 526400 36 589888 1074267392 2148532232 301990016 139264 0 16812066 335552513 3104 67239936 269091346 524288 268960000 1049856 8388864 1024 32808 536936450 268435608 134348800 96 131072 0 272633857 36044812 2048 4214784 1049088 4198401 1049 1310784 8978433 0 4196352 268701728 149504 536870912 4195360 576 4456448 137363465 1611794498 65537 2149711872 73400320 4194306 545800448 813694976 65536 307233056 8 134217761 1610616844 17305632 1050624 5126 150994946 135168 8389632 268706816 324 50331648 235012100 67109120 1098910336 2 2148566024 1052672 1024 134218944 0 1491075104 2 16777476 268978176 0 524864 1619002624 1152 131072 2282393728 258 8388609 268441608 64 2281771138 2149580832 8388608 134250502 1081408 0 1073741856 41024 570458784 20 1049088 335675521 35653792 4609 10486016 8192 16512 134218256 32768 1157628032 524290 5120 16 0 2147484164 65536 2149580800 12288 262400 1074397184 269353762 1367343104 134229000 512 8 301993984 33554436 4353 2147485824 2214592516 4096 512 2148827138 2097152 10498 2424307781 9502722 170000384 2146816 128 1073872896 4096 268435456 2151678512 35655680 2359440 2147622912 75497472 16809984 262529 0 0 138412032 43516032 12713985 16 131136 325 7701 0 0 129 2097152 67108864 541065248 8388864 262400 16 8704 8912896 302518338 2099236 65538 2818867200 2048 0 4194304 525120 37748737 35786756 524288 33554436 2147483682 10485760 264196 134218304 1052672 4325376 268599360 1048577 134351880 4198400 64 2692743172 33686032 134742272 1073758464 32 0 1048724 1048608 1048576 1346371792 134348800 24 67108864 4112 8450 3178756 100663296 0 8390016 821250 1074791425 0 8454208 147460 12584960 32 524288 0 0 384 262144 1075838984 134217986 2147484672 277872640 4096 134480288 16384 268435460 671088672 2181562368 2148171778 142606336 671089408 4 16384 25166848 20971776 8388616 0 131072 128 2147616770 0 262656 12582912 18874368 4610 416 33570824 0 134287392 2147483968 6144 8454144 135659848 1049344 1179649 29360128 151261184 133128 536870912 4390912 1573376 25297920 134217728 672530432 2097152 4 4096 33573000 2415919200 69632 64 131080 138412178 33689608 2147616256 64 0 25165824 268435616 0 0 8 524288 1 9 1024 256 4718592 67141634 8388640 536872201 34605088 64 33554504 1036 34603040 4194436 2164260864 1048576 4096 0 0 0 134217728 0 524288 1026 1048576 277889024 25170944 155189249 8 268435456 671154184 1048704 2147485699 1073741840 262664 524356 14680128 16 285229058 34603008 131360 16576 1048596 2148532752 2097160 3277056 135168 536936452 1049600 8388608 1073741830 1073872896 134217728 1207959684 4197382 4128 135274498 2164260869 8 16777220 1073741824 6291748 2147483656 2424311808 33554688 75497472 544 1049608 1178861696 2550136832 0 8388608 285233185 128 561312 34735200 2290090048 2147487744 1074004992 0 281022464 65536 0 138445088 1073758216 268435456 131072 1209143300 2048 67108864 135266306 4194560 8 136450048 8192 0 153092101 536879104 1074791488 2285895828 16777344 128 525316 402718720 2097216 37748736 0 2048 256 49152 1048580 22020116 16842752 2106368 4722720 64 0 16777216 4194304 0 268435488 132128 0 0 1032 1073741824 4096 26214400 1129317504 140771328 2097152 4 32768 34079232 17833986 68161672 134219776 2147483648 4194304 8390656 402653312 1065096 268437504 65568 8388608 8520192 1052672 1209008128 2148008197 8519680 68158468 20971680 131336 4096 135456 42991616 264196 1075838984 131072 277349376 1048576 1088512 268435488 33947656 2048 134217728 2147483728 2048 8392712 134349312 4852992 18876416 1166020608 19136576 0 268435520 34767880 2147483712 8400912 17039360 1073741824 276889600 0 142613508 416 2149580801 4104 1024 33554432 4853768 202376192 4202496 20971780 9453568 16781312 262273 33685504 0 536870944 1048640 2155878401 1207959576 64 524292 268435456 0 285474976 0 67108868 671219712 0 8390656 8388633 1075052608 524292 655360 5124 268439552 537395202 604143620 536887552 1048832 8704 67108872 1073742400 65601 8 293748996 20972576 256 524288 67108864 536936456 1049088 8392704 2097176 536875522 268502016 277889025 37748736 262272 0 2214592512 134299648 2147483904 17825792 134217866 131136 8458561 2415919104 4198400 268443648 570458120 2048 671154440 0 10094848 9 134217738 517 72 268435584 71309312 142606592 0 2048 536969472 262144 1705984 1140850688 133130 16777476 8 65536 0 128 0 268437504 536870912 0 4096 134217728 8192 260 137560064 29361152 8388608 537001992 0 536936512 33554944 4198400 134217888 10 2148074501 17825792 1090519040 411304064 33685504 0 16648 16 17308160 1049616 1050176 131328 8 17825792 33587200 262273 27279744 2181038080 138477568 524800 5768192 16778370 2105344 8388608 0 4096 151257218 0 1107296260 66560 33554448 656384 69206016 1179650 16777476 4 25167872 136577153 128 2415919104 134217736 8388608 4851745 1073741824 1073743040 524288 1048576 4096 134217728 0 0 0 524288 0 0 512 4 8388608 16777216 134217728 0 268435456 0 1048576 0 0 0 524288 131072 1191940 151326720 33685632 1073741824 1073741824 33817088 2147619841 2214596608 134348864 260 4 4096 8192 0 6144 1611694112 64 8914944 0 33555968 4194593 8 75497472 4096 128 33685512 67108864 671088640 0 0 1048595 786496 4 4 1024 20971680 0 0 671089664 33554432 4194304 0 1745879616 4194309 8388608 0 272629760 0 268435456 536870912 0 524288 16 512 524288 9437184 0 0 0 0 8 1572864 8388608 2048 17039360 0 0 134217768 0 2147483648 0 1311296 4194309 269631876 128 419692544 786432 4096 138412256 5243408 8389632 67141640 0 260 8 2155937796 1024 4194304 128 570429472 536870912 524288 1048585 4120 1610621952 64 1048576 0 134217856 0 0 32 16384 16777218 134217856 0 128 32776 0 8393217 0 262144 65536 8 4 16 256 8 268435456 66816 2147483776 6144 8389632 537002560 8388672 8388608 6144 20971520 147456 268435456 0 9437184 8388608 8 135528450 1 0 29361152 0 0 0 0 8388800 16779264 0 1073872896 2147483648 25165824 35684368 129 8388736 2147491840 134283464 1073742336 5771264 16843904 1048576 524288 9437184 4198400 419430528 131072 4 537919488 131648 8388608 134217744 512 0 33554432 0 0 0 0 256 524288 1024 0 4194560 9345 0 2097152 16777216 33554432 536870912 134348832 4194304 2147483648 0 1573120 8388612 0 0 4352 0 4 0 8388608 8388608 67108864 1064960 54530048 0 33554432 75505664 8 2147483712 515 134217729 1310720 65536 8 0 0 16777216 8 0 536871936 524288 0 0 0 3072 0 0 0 0 0 4194304 256 0 0 0 8388608 8388612 0 262144 0 4100 1048576 524288 1179650 4096 536872448 268435456 8388608 16777216 0 131072 0 132096 0 0 0 1073742080 524288
is_linear=0
shrinkage=0.1


Tree=23
num_leaves=127
num_cat=82
split_feature=10 11 11 10 10 11 1 10 1 10 2 2 2 1 2 11 8 2 8 1 2 11 10 10 1 1 1 1 2 11 1 2 1 2 2 2 5 1 1 10 2 1 1 11 1 2 1 2 1 1 1 1 2 2 1 6 2 2 1 2 2 2 1 2 2 14 8 1 2 1 2 1 2 14 2 1 2 2 1 1 15 1 1 2 2 1 2 1 2 20 2 11 14 1 4 1 10 2 2 1 5 11 14 1 1 5 8 10 11 2 21 1 1 1 11 2 8 2 4 11 14 11 4 1 8 1
split_gain=13.9644 15.1556 12.8876 10.2268 9.893 7.82632 8.89649 7.79525 6.97624 6.31197 6.97061 5.4807 5.4224 5.31591 5.02987 4.94627 10.2727 8.99214 10.847 6.96969 6.52689 4.91781 4.88791 4.80642 4.59095 4.55735 4.25788 4.25487 4.53331 4.15675 4.94038 4.44881 4.41079 4.12621 3.99839 3.91027 3.9034 3.83775 3.78713 3.78333 4.80591 4.32541 3.75495 3.75255 4.2523 3.68071 3.6674 3.71314 3.58748 3.53893 3.51795 3.4649 3.45017 3.38796 3.36028 3.34295 3.33011 3.17587 3.16915 3.08818 3.0562 2.88729 2.85206 2.84882 2.69951 3.16491 2.69426 3.40665 2.66645 2.61797 2.80693 2.6144 3.46802 2.61264 3.56634 2.53665 2.46202 2.38092 2.37064 2.35366 2.35075 2.34975 2.34645 2.60276 2.34146 2.30794 2.30538 2.30405 2.29392 2.2913 2.28143 2.27697 2.25371 2.39288 2.22826 2.32035 2.64513 2.29191 2.20969 2.2049 2.19897 2.11136 2.10611 2.24012 2.10121 2.12568 2.07027 2.04809 2.0368 2.03064 2.02743 2.02673 2.02506 2.00208 1.99708 1.99462 1.97954 1.95777 1.95516 1.9231 1.92068 2.35306 1.90766 1.88414 1.87585 2.45331
threshold=130.50000000000003 5.6403467655181894 5.2118146419525155 59.500000000000007 198.50000000000003 3.4392092227935795 0 98.500000000000014 1 70.500000000000014 2 3 4 5 6 6.6784667968750009 8.5000000000000018 7 9.5000000000000018 8 9 6.7037627696990976 214.50000000000003 285.50000000000006 10 11 12 13 14 5.112074851989747 15 16 17 18 19 20 350.50000000000006 21 22 90.500000000000014 23 24 25 4.2384967803955087 26 27 28 29 30 31 32 33 34 35 36 5.5000000000000009 37 38 39 40 41 42 43 44 45 19.500000000000004 29.500000000000004 46 47 48 49 50 51 24.500000000000004 52 53 54 55 56 57 3174.0000000000005 58 59 60 61 62 63 64 65 0.16372899711132052 66 7.3247458934783944 35.500000000000007 67 13.500000000000002 68 193.50000000000003 69 70 71 1180.5000000000002 5.3524198532104501 25.500000000000004 72 73 381.50000000000006 10.500000000000002 242.50000000000003 5.2687838077545175 74 0.042002286761999137 75 76 77 6.8915958404541025 78 5.5000000000000009 79 15.500000000000002 6.3553836345672616 13.500000000000002 5.7739620208740243 14.500000000000002 80 27.500000000000004 81
decision_type=2 2 2 2 2 2 9 2 9 2 9 9 9 9 9 2 2 9 2 9 9 2 2 2 9 9 9 9 9 2 9 9 9 9 9 9 2 9 9 2 9 9 9 2 9 9 9 9 9 9 9 9 9 9 9 2 9 9 9 9 9 9 9 9 9 2 2 9 9 9 9 9 9 2 9 9 9 9 9 9 2 9 9 9 9 9 9 9 9 2 9 2 2 9 2 9 2 9 9 9 2 2 2 9 9 2 2 2 2 9 2 9 9 9 2 9 2 9 2 2 2 2 2 9 2 9
left_child=2 8 3 52 21 6 35 25 104 10 50 66 -11 61 -15 16 19 38 55 -6 -18 27 29 51 -14 -7 84 76 75 30 -13 42 -33 79 -27 -5 62 -16 118 41 -41 -38 -31 44 -39 87 47 120 115 -36 -8 -22 -1 -50 -24 59 -48 -28 -58 -19 81 -9 -26 -23 -43 86 67 101 112 70 -34 90 -73 74 -55 -29 -3 113 -12 -32 -54 -21 83 -35 100 -75 -66 91 -59 116 -51 -20 110 -94 95 96 97 -70 122 -67 -4 -10 111 107 -2 -106 -56 -104 -108 -80 117 -61 -60 -46 -113 -45 -37 -42 -17 -114 -30 -122 -57 -62 -25 -126
right_child=1 4 26 5 15 7 9 13 11 12 78 22 24 14 37 17 20 18 45 60 23 63 54 124 36 34 57 28 46 31 33 32 69 82 49 89 39 43 -40 40 92 64 -44 48 77 -47 56 -49 53 71 -52 -53 80 73 106 98 58 88 68 102 123 -63 -64 -65 65 99 -68 -69 94 -71 -72 72 -74 85 -76 -77 -78 -79 109 -81 -82 -83 -84 -85 -86 -87 -88 -89 -90 -91 -92 -93 93 -95 -96 -97 -98 -99 -100 -101 -102 -103 103 -105 105 -107 108 -109 -110 -111 -112 114 119 -115 -116 -117 -118 -119 -120 -121 121 -123 -124 -125 125 -127
leaf_value=0.019275444709054946 -1.0043731047058821 -0.42974176785242152 -0.078035712916722053 -0.053403998249861744 -0.72295998259014116 -0.039381818717937903 0.057873801443376671 0.13704476743899371 -0.19589055796247695 -0.21321483105675854 0.22521315464530317 -0.30125670129896115 -0.18550158066500702 -0.12456917986217363 0.15860082676671117 -0.0039376892330729189 0.018418209638264026 -0.020479242939171759 -0.66617129849797341 -0.52162844552549759 -0.052000771490098498 0.028843294507686718 0.040016110005432398 -0.67814274991160894 -0.42466170456462438 -0.03898169945499283 0.0070318700620861643 0.14709906287992036 -0.25651179941199342 -0.34997206224740562 0.10501371764247192 -0.16646829351327705 -0.06647320503598185 0.030224359369503809 0.32463525955944389 -0.52728908691898102 0.22530428885012352 -0.29043133994124609 0.41783075508724271 0.0064893274769160002 -0.73207526865733907 0.11944088478448225 -0.090155243428247892 0.18827122062120338 -0.021963054447422428 0.21210194672000915 0.26181316872724886 0.063514177014556875 0.13276407933956208 0.049304035837312743 -0.17461176330552752 -0.31593887326741393 0.30936545911270869 -0.33099912405848575 -0.38338842148609126 -0.53764181113296294 0.23328045038967288 0.35281117101088783 0.18087173149200308 0.013909005032227424 0.26883442712714595 -0.18949726167423289 -0.17854321325466926 0.28355142435692343 -0.011060868658826439 0.1203612111703783 -0.7047250187157531 -0.4977213427988546 0.018679736807783003 0.12278214180107512 0.10526220420499854 -0.011456546692940975 0.098158042914729071 -0.065635604078436091 -0.038228799835468896 -0.19768712418101886 -0.068866732788317522 0.022321257690443092 0.22342205755159497 -0.32514059195059064 0.0090924397598184572 -0.13206407442178722 0.0012736680163243025 -0.21287349512844811 0.072549838213939663 0.11565623803223797 -0.15443391197357437 0.017913284392882728 0.18506469804231629 -0.2356952379817796 0.18820327994933081 0.093776158310429 0.41258387141364383 -0.16379100066808427 0.067338103508807604 0.052877220578404188 -0.49730298599224687 -0.15963927250047827 0.084439397526239052 -0.053871547066213492 -0.68816140287472549 0.085924914290055832 -0.01990891013914059 0.0008001300247267722 -1.0533858462211061 -0.35331080144972526 -1.0391764160631878 -0.6125901669572239 -0.40545663236802193 0.018980037770224761 -0.12903620215771305 -1.0780748085005845 -0.0026859613662531582 -0.2327376186361878 -0.35572519745233017 0.052324404735666442 -0.30516190407903948 -0.40897472398368634 0.29622687176089246 0.2300182924799804 -0.49395781534965633 -0.020347446160816105 -0.060352187311331122 0.023092561139884494 -1.2808240702485389 -0.80216516962655615
leaf_weight=1735 104 261 947 918 580 2892 726 688 608 1624 2651 2533 3042 3098 4144 2732 2969 2246 496 220 2710 2319 578 1835 107 3202 2187 732 894 854 353 2172 5194 1797 2207 139 2077 1066 2649 3429 105 3964 5172 3999 2044 7137 4771 5754 2191 3228 1401 3836 4664 558 1000 402 2928 2405 6195 478 3766 2429 468 6158 1847 2764 264 1323 1794 8498 2343 5610 15501 2080 6724 1761 2230 5774 1957 2145 823 1461 9694 3392 1994 4566 2131 2656 15360 712 8004 318 223 637 9800 2084 102 2393 2816 2506 104 753 143 1332 104 764 136 130 439 3708 328 274 4258 1470 4223 4930 205 1023 2438 1168 262 2327 492 7412 105 503
leaf_count=1735 104 261 947 918 580 2892 726 688 608 1624 2651 2533 3042 3098 4144 2732 2969 2246 496 220 2710 2319 578 1835 107 3202 2187 732 894 854 353 2172 5194 1797 2207 139 2077 1066 2649 3429 105 3964 5172 3999 2044 7137 4771 5754 2191 3228 1401 3836 4664 558 1000 402 2928 2405 6195 478 3766 2429 468 6158 1847 2764 264 1323 1794 8498 2343 5610 15501 2080 6724 1761 2230 5774 1957 2145 823 1461 9694 3392 1994 4566 2131 2656 15360 712 8004 318 223 637 9800 2084 102 2393 2816 2506 104 753 143 1332 104 764 136 130 439 3708 328 274 4258 1470 4223 4930 205 1023 2438 1168 262 2327 492 7412 105 503
internal_value=0.000377274 -0.000264004 0.00105759 0.000677832 0.000371017 0.000466598 -0.000715393 0.000995892 -0.00171246 -0.000362666 0.00171694 -0.00154533 -0.00118934 0.000100741 0.000392461 -0.000573289 -0.00160767 0.000275176 -0.000715674 0.000289456 -0.00373976 0.00128559 -0.00127834 -0.00507945 -0.000818701 0.00200374 0.0032426 0.000905983 0.0011185 -0.00105171 -0.00212212 -0.000172079 0.000607675 -0.00151745 0.00229649 -0.0072379 -0.000305749 0.000696734 0.00320475 -8.36737e-05 -0.00227154 0.00073844 -0.00252485 0.000359201 -0.00124203 0.0016376 0.00135002 -0.000425002 0.00102124 0.00260995 -0.00338325 -0.00367247 0.00433675 0.000129581 -0.00593126 -0.0027074 0.00181196 0.00377317 0.00142913 -0.00376615 0.000776284 -0.00387912 -0.00843478 0.00351186 6.95814e-05 -0.000866277 -0.00572008 -0.00479136 0.0010984 0.00118105 -0.000176229 0.00234383 0.001686 -0.000446262 -0.00175501 -0.00302437 -0.00311475 -0.000550656 0.00302186 -0.00527113 0.00556122 -0.00318746 -0.000884308 -0.00259858 -0.000245499 0.00098706 -0.00299648 -0.00103448 0.0042166 -0.0113884 0.00357766 -0.00565534 -0.00577816 -0.00174419 0.000267565 -0.00118782 -0.00251454 -0.00213279 -0.000188679 0.000740038 -0.00404335 -0.00123268 -0.00485584 -0.0017134 -0.0100611 -0.00822323 -0.00829653 -0.00978799 -0.0131304 0.00185903 -0.00820055 -0.0058794 0.00225346 -0.00259932 -0.00652984 0.00262781 -0.0181977 -0.0102128 0.00162162 0.000838852 -0.00299742 -0.00162611 -0.00449115 0.00137469 -0.00887024 -0.0136842
internal_weight=320086 164770 155316 132319 114550 125097 38692 86405 50220 36718 10443 49248 26275 45761 42644 56359 25397 30962 23143 13439 11958 58191 46300 8989 24651 40644 22997 49714 47223 44147 19914 24233 18207 17381 37752 1974 21609 39546 7819 21034 5745 15289 6026 35402 10354 10607 44730 9237 25048 34550 2127 6546 7222 16119 2153 12536 35493 19952 30722 8826 12859 3117 575 8477 13212 9248 2948 2684 27794 16035 7537 32343 21111 13928 7282 2493 2491 9288 8316 2498 5487 1681 14883 5189 3045 6646 3978 3470 17765 1056 11232 814 2316 860 16173 6373 4289 4187 3710 5270 1051 1361 6580 1605 972 868 1575 273 575 5665 1456 4975 11621 3514 4497 8929 344 1128 5170 5426 3483 2589 894 11178 2443 608
internal_count=320086 164770 155316 132319 114550 125097 38692 86405 50220 36718 10443 49248 26275 45761 42644 56359 25397 30962 23143 13439 11958 58191 46300 8989 24651 40644 22997 49714 47223 44147 19914 24233 18207 17381 37752 1974 21609 39546 7819 21034 5745 15289 6026 35402 10354 10607 44730 9237 25048 34550 2127 6546 7222 16119 2153 12536 35493 19952 30722 8826 12859 3117 575 8477 13212 9248 2948 2684 27794 16035 7537 32343 21111 13928 7282 2493 2491 9288 8316 2498 5487 1681 14883 5189 3045 6646 3978 3470 17765 1056 11232 814 2316 860 16173 6373 4289 4187 3710 5270 1051 1361 6580 1605 972 868 1575 273 575 5665 1456 4975 11621 3514 4497 8929 344 1128 5170 5426 3483 2589 894 11178 2443 608
cat_boundaries=0 11 23 34 46 58 69 81 92 103 114 125 136 148 159 170 181 192 204 216 227 239 250 261 271 282 293 304 315 327 338 350 362 373 384 396 407 416 428 440 451 462 473 485 496 508 519 530 540 551 563 574 585 595 604 615 626 637 648 656 668 679 690 701 712 723 734 746 757 768 779 790 801 811 822 833 844 855 866 877 888 899 908
cat_threshold=272629766 1073741952 0 32768 68157440 1347444736 76022784 2148564992 1610614800 1075839105 32 65536 1048624 8388608 142606338 0 1073758208 131072 139328 83951616 536875650 8389696 16 17301504 4 4198432 264 268448768 0 1572864 2147485698 1746927616 1207964930 402784257 278921220 16777252 6291456 18432 545259648 1048704 48 4194312 16778240 529920 268435520 64 277350400 17826816 4202752 1610645505 2304 256 67108992 4235784 536870913 33556992 2148007936 8 2181038081 2147483648 262144 16640 36 571490560 142606480 4361218 5242880 134225924 268436224 276828160 201457712 4195328 1048708 402690080 536870912 2214593024 4722690 1024 2097216 4259840 8 16924672 41943040 4194304 134742020 4 671154208 33554432 2168979456 17 672137474 268962821 655360 2050 134217728 0 4 536870912 2147484160 1024 2097168 1074791232 8388608 0 50333696 4194304 33947652 1048580 40 9961536 2148932608 135266313 537133120 524288 151519232 77594628 69765 1 13312 65664 32 4726786 185603104 4096 131072 2228224 67108916 4202496 803840 33554624 9469952 192 557280 1049088 4456452 576 8404992 209717520 256 2 32768 8454272 37748760 2 1074791426 263426 2151678720 8 69206148 142606480 10485762 8406016 1048612 134222208 134217872 268436736 0 134217728 2164262916 18874368 32772 32 672137220 4096 328 2147484160 16809988 6361088 536879104 2432896064 524292 46138370 262144 2183397640 1048576 65800 1048592 2148537856 5120 135266368 4194305 17825792 8388608 17043456 33554568 4 131080 2147483840 2147619331 137363595 33554432 8388608 2147500292 12582912 4194593 3147780 1050628 4352 2155872256 4227072 134217744 134400 285212672 8 16384 0 16777376 35651590 268570624 8388672 34603072 32768 1140850712 134217984 2156396544 8 27394052 524292 2129920 2098176 2181038400 16416 134221824 557316 83886080 2285899788 268435456 8388608 0 16777344 16777224 0 134365320 64 0 8 1077936128 8392704 64 8388608 4198406 4194308 9732099 2147483648 1073971232 524288 2148532224 8491552 1024 69696 131072 20975616 150995072 33685504 603979776 541196328 256 8650752 2098177 538181632 524289 2179072 134217728 16777248 131072 8 536870912 131152 9439360 1207960584 8 2149613696 5243392 819232 147458 8 32 270356 273 67174400 301989928 4198656 8388608 0 268435584 33554444 0 0 524288 1051137 16 8 589824 4194308 33554432 268443648 2147483784 2048 1024 1073741824 5 0 258 8192 0 0 285212800 0 67110912 131072 384 395264 1024 264256 8454144 1 2 266368 256 2048 537936960 34078720 2152732738 33624067 320 12582912 8 8388609 16781312 262272 8 268435460 135168 1572928 13633537 134217864 525312 524288 0 11536416 16785792 2147614724 128 128 1347420224 8388613 1207959561 258 4202496 8 2415935488 2097152 2195460 131200 8196 196608 2148532256 16777472 1098909696 2623240 268959744 8 142606336 64 4194560 2684354569 32 536871048 0 3 0 4096 20971520 524288 16781314 33 8519684 0 196640 8912960 2173699584 1207959561 135397440 256 142606400 4228 134221824 17055744 533504 42991616 262144 35073 262160 536871168 8391744 34 4 35652096 8192 538968064 1107298304 148640 134217728 34080 9437184 39072130 2147483648 16777216 4194304 32 262144 8192 131080 0 9439232 1073742856 0 2048 268435456 2149597184 4 536887424 4194440 13238784 219152513 3407882 9437184 64 212992 2155872768 8706 1327240 536872964 131136 268567168 35850 0 0 2415919168 8 0 33559552 16777216 136315008 0 0 2151678016 16908292 10486800 2238472 268502016 8388608 0 285475200 33554432 268437504 0 524480 131075 0 1074004032 256 0 0 4194304 786432 2048 0 1048704 2152857601 135266313 536873536 8388677 128 1024 4194304 2181038088 0 537002048 42467328 8388672 0 4325634 512 16 8388608 4194304 268435456 8 4 0 0 0 0 33554432 4194304 1064960 4231174 16777347 4 2048 1024 67108864 18354690 268436512 525568 4262144 8 2097312 0 159645728 134217736 537006080 167772192 262144 1048578 161480704 401666 21037312 1048576 16782336 16777472 33554560 268435456 671219712 9437184 0 0 262144 524288 8405253 8388624 138412032 262144 536881216 135401472 144179280 2 1073742864 1074268416 278921216 83886080 402657408 570556424 805306368 536871936 524352 1051659 3146752 3145792 256 524288 1024 134218112 4 0 134218784 9437184 9971968 16 135659842 4849920 8 8388608 3072 268697729 2097156 67115264 1207984136 524304 9440771 2097152 1209008128 4194304 268500992 16782336 16777248 262148 1073741824 32768 101319232 13764608 1075838977 131074 5374209 1048576 4 419430400 0 2147483648 65536 1048576 0 4096 16 9437185 16777216 0 167903232 0 1056 0 2155876352 128 0 0 0 0 268435456 0 524288 2048 130 262144 64 2165309440 27268100 134217728 131072 8192 134217992 1108344832 164864 24 1049604 2415919105 144179200 75497472 285474817 262144 6176 537001992 1048704 524290 135332872 11008 131076 268451840 0 0 0 0 0 512 17301506 1075839008 131072 65536 276824064 16777216 16777344 0 0 8 0 1 318783488 67108868 134218272 131200 0 32 524800 8390667 1207959608 1024 1708032 8 0 67110912 4096 1048840 34816 134217728 8388608 25167107 1048576 131072 4198913 83886084 50335744 16777248 128 0 8 9437184 137216 134217728 263168 2147483648 16793604 33685504 4129 0 1115725824 134217728 32 288 1040 3225557144 2155872257 0 4194304 606208 34750470 268436512 1073873920 0 16777472 1140850720 268435488 4 1048576 0 402653184 524288 0 4194304 384 0 17 1073741824 524288 34078720 2097152 1 2129922 1342185600 671154344 67108880 2151809024 1074790400 135136000 131072 67584 177213456 262149 0 268468226 536936520 1073741828 16781328 1052688 1075840002 2147483648 8 1048576 0 25166080 0 2147483648 0 512 16 0 256 4194304 9453568 0 402653472 33554436 268435456 196640 9437696 513 128 786432 524352 268435456 71303168 262272 8 268435456 32 33554432 1050624 8 134352960 524549 268435456 0 134480288 0 0 4194304 8912960 8388608 134217736 1073741824 256 9437184 12288 16778048 3145736 276826112 132104 1049152 16777216 8 1538 285212672 8388608 41943040 0 0 67108868 134217728 0 4194304 1048576 134217728 0 16 0 134217730 0 1073741824 131072 64 0 0 1024 136314880 8393856 3 2686451712 1179684 134218760 33554432 33289 1114112 262656 17301508 8388608 8388608 268435456 0 0 131104 0 4194304 1048576 536871424 1 1064960 16809988 402653472 33685512 536870912 65536 9437696 513 134217736 537395200 256 1048576 2097168 16777248 0 0 134217792 2148532224 25690112 67108864 1048576 524292 1048577 3240099840 402915489 536870912 2684362880 167838816 1108344832 0 0 1075053572 524288 0 0 268435456 0 0 8 0 0 8388624 0 65536 2113536 4228096 4194593 33947660 0 0 34078784 26214914 1207960584 131072 70720 1048576 0 0 0 0 0 1048576 0 8
is_linear=0
shrinkage=0.1


Tree=24
num_leaves=127
num_cat=88
split_feature=10 11 11 10 11 1 10 1 10 1 2 11 2 2 11 1 2 1 6 1 2 1 2 0 1 2 2 1 2 2 5 2 1 11 2 2 2 5 2 1 2 2 1 1 1 1 2 2 1 1 2 1 11 1 1 0 2 2 10 1 2 2 2 1 1 15 18 1 1 1 14 11 1 2 4 2 1 2 2 1 20 1 1 2 1 1 0 17 1 11 10 2 2 1 2 5 12 1 1 2 2 2 1 1 2 0 12 2 2 11 2 4 10 11 2 1 12 2 5 4 18 1 2 11 11 20
split_gain=12.1291 13.2532 9.95489 10.4371 8.14144 8.32026 7.80117 7.66985 6.95529 7.16461 6.70144 6.05233 7.76199 5.72151 5.32678 4.72792 4.47621 4.38972 4.35518 5.89062 4.72016 4.49598 4.3269 4.25479 5.49777 5.10299 4.50192 4.2508 5.75698 4.33397 4.16513 4.94781 4.09893 4.03736 6.72602 6.008 3.85734 3.80788 6.29094 3.93296 3.78496 3.73024 3.69156 3.65175 3.57832 3.5269 3.48454 3.41227 3.28909 3.25187 3.24558 3.10319 2.92767 4.71315 2.87339 3.19637 2.83066 2.77882 3.16014 2.77737 2.72771 2.68622 2.66238 2.64581 2.63083 2.61363 2.61191 2.68644 2.59486 2.57858 2.56633 2.48446 2.4345 2.41057 2.61987 2.39302 2.38975 2.38144 2.37829 2.37175 2.33874 2.31968 2.26465 2.26202 2.24122 2.22941 2.20893 2.58309 2.20761 2.19309 2.12916 3.20121 2.34923 2.12355 2.11529 2.09924 2.08826 2.02306 1.97435 1.95035 1.91466 1.87964 1.86444 1.85547 1.84992 1.83908 1.83721 1.82794 1.79505 1.97535 1.78091 2.40434 1.7209 2.10687 1.71125 1.70849 1.70693 1.92392 1.70459 1.68966 1.99727 1.67773 1.67165 1.65939 1.65213 1.62641
threshold=115.50000000000001 5.1260883808135995 4.7025909423828134 60.500000000000007 2.7212246656417851 0 193.50000000000003 1 81.500000000000014 2 3 6.1988353729248056 4 5 6.5655350685119638 6 7 8 3.5000000000000004 9 10 11 12 13 14 15 16 17 18 19 420.50000000000006 20 21 7.1187953948974618 22 23 24 635.50000000000011 25 26 27 28 29 30 31 32 33 34 35 36 37 38 3.833959817886353 39 40 41 42 43 128.50000000000003 44 45 46 47 48 49 3044.5000000000005 0.11049189418554307 50 51 52 27.500000000000004 3.2377976179122929 53 54 20.500000000000004 55 56 57 58 59 0.093418017029762282 60 61 62 63 64 65 0.016637587919831279 66 4.0771710872650155 73.500000000000014 67 68 69 70 435.50000000000006 47.500000000000007 71 72 73 74 75 76 77 78 79 340.50000000000006 80 81 5.4792282581329355 82 11.500000000000002 125.50000000000001 4.6688983440399179 83 84 920.50000000000011 85 1220.5000000000002 14.500000000000002 0.25339439511299139 86 87 2.9601980447769169 6.6298286914825448 0.27283132076263433
decision_type=2 2 2 2 2 9 2 9 2 9 9 2 9 9 2 9 9 9 2 9 9 9 9 9 9 9 9 9 9 9 2 9 9 2 9 9 9 2 9 9 9 9 9 9 9 9 9 9 9 9 9 9 2 9 9 9 9 9 2 9 9 9 9 9 9 2 2 9 9 9 2 2 9 9 2 9 9 9 9 9 2 9 9 9 9 9 9 2 9 2 2 9 9 9 9 2 2 9 9 9 9 9 9 9 9 9 2 9 9 2 9 2 2 2 9 9 2 9 2 2 2 9 9 2 2 2
left_child=2 7 3 40 5 65 14 125 9 107 59 12 48 -10 18 123 84 -14 19 73 69 70 -11 26 25 -25 -12 28 105 85 45 88 110 34 54 82 -4 38 43 100 118 -16 108 -23 62 -7 -39 -36 -8 -28 -44 122 53 94 99 -56 63 -26 -59 86 -54 -50 -18 -51 -60 114 -42 -68 -58 -20 83 -64 -49 -3 -75 -31 -24 98 -33 -52 -77 -43 -35 -22 -17 -29 -9 -88 -32 -66 92 -92 -78 -79 -46 -19 -57 -37 -53 -34 -40 -83 -82 -97 -81 -21 -27 -6 -38 -110 -13 -112 -61 -114 -5 -62 117 -95 -1 120 -91 -121 -48 -15 -101 -2
right_child=1 6 36 4 8 30 11 10 13 22 23 32 17 15 41 16 44 95 20 27 21 37 76 24 57 106 49 29 -30 75 31 78 33 35 47 97 42 46 39 -41 66 81 50 -45 52 -47 51 72 61 56 79 77 60 -55 55 96 68 58 64 112 115 -63 71 -65 89 -67 67 -69 -70 -71 -72 -73 -74 74 -76 80 90 93 -80 104 102 101 -84 -85 -86 -87 87 -89 -90 119 91 -93 -94 116 -96 103 -98 -99 -100 124 -102 -103 -104 -105 -106 -107 -108 -109 109 -111 111 -113 113 -115 -116 -117 -118 -119 -120 121 -122 -123 -124 -125 -126 -127
leaf_value=0.015212633036063751 -0.38955272495178017 0.044794319111663046 0.30023031101673259 -0.10448171664678424 0.010956112906809741 -0.37747041087928301 -0.57524936203409094 -0.20902030461651033 -0.16718492285362621 0.29343847145710783 0.1904781143981602 0.21961162548356017 0.12504268536646654 -0.47886703135567815 0.32310992576865755 0.23176932613253878 -0.0026364312278846285 -0.36783290160281412 0.26878212663854134 0.023162972396175416 -0.42397229815459553 0.13558743622508265 0.23003888319008881 -0.49183457773542721 -0.46565771402302475 -0.27008869609910752 0.17303689866660121 0.095355873451342665 -0.0015861852123297512 0.20825026897214385 0.19145792361055142 -0.24663200475018499 0.089080527377299379 -0.34814779085294661 0.10970380862405898 0.082678612200582785 0.12046948900943805 0.34844952594025358 0.12453725428181131 0.11995923653946201 0.00090604728648518539 0.21752817811608854 -0.0016414195482387308 -0.21523702875662815 -0.01806815446371873 -0.087833230498804898 0.11693422492714595 0.027142615716043247 -0.63235013467712253 -0.34567672754842982 0.29208786525271374 0.12064224813824909 0.10128281632874013 0.023853081986871739 0.026953625638784669 -0.70901960596246483 0.045734703500523402 0.049827222305318414 0.086108872496646893 -0.065152755204120436 0.057538398679231384 -0.22879833994456439 -0.42192414654932603 -0.13785362016117761 -0.68030842258239732 -0.49526353574028692 0.12347737869715812 0.3462264346165228 -0.12013732495124776 -0.13811820406264283 -0.024633521642527925 -0.10179417578337993 -0.1410729011087912 -0.24295442743225124 -0.6260109397746505 -0.28812495541152167 -0.00018077722299495707 0.22758153774563283 -0.055482195504374623 0.055158523897132695 0.24115245903671378 0.13461760482727092 -0.030912547469820296 -0.17818151593608569 0.056707383930262603 -0.16413996930180585 -0.83430478470454139 -0.38406857322077387 0.0080390387299017173 -0.35280491154701443 0.16931174703060192 -0.0068674085365503738 0.17922885414113984 0.083538856441791876 -0.19779309270014453 -0.44440329121195732 -0.47040542512756756 0.23041335784481309 -0.084635897076265482 -0.98116488910551913 -0.10933691670108191 -0.045915803409019018 0.026548808082951791 -0.0367688841383631 0.18473803571158287 -0.21597890992171986 -0.093799983477242721 -0.1195350560299131 -0.10644957662049329 0.12624163105141739 -0.13462826884950077 0.10880922035834482 -0.80723833971003356 -0.22111923556650967 -0.34818243044444963 -0.026266408008719183 0.31964573481874153 -0.047236365676159735 -0.12683903494958249 0.056342588243372717 -0.032528022010639569 -0.14080114827268303 0.33622515540099762 -0.078051105081291802 -0.29514895447027245 0.022640236786116437
leaf_weight=1093 1780 400 2757 697 2027 590 1448 259 1780 2331 2556 4347 3610 145 4022 3058 4377 982 451 440 215 443 1838 463 412 2017 1545 899 6402 3230 2493 693 1058 552 4293 4215 815 2392 1126 7932 907 2993 2979 2223 1301 1377 1154 4831 293 779 4184 2432 7216 8839 521 105 5553 4376 1245 935 5464 4581 209 1812 254 149 2338 3973 5428 2108 1098 3187 7329 1406 173 104 1527 7574 4900 5431 1198 2028 9817 415 4844 1905 157 159 4170 1639 3081 6374 5199 5406 1969 524 2015 4729 2734 149 2617 1951 14835 5699 8236 2295 2157 1775 1635 704 760 2406 278 1088 878 4665 1351 3140 223 1073 848 1745 2353 2475 328 211
leaf_count=1093 1780 400 2757 697 2027 590 1448 259 1780 2331 2556 4347 3610 145 4022 3058 4377 982 451 440 215 443 1838 463 412 2017 1545 899 6402 3230 2493 693 1058 552 4293 4215 815 2392 1126 7932 907 2993 2979 2223 1301 1377 1154 4831 293 779 4184 2432 7216 8839 521 105 5553 4376 1245 935 5464 4581 209 1812 254 149 2338 3973 5428 2108 1098 3187 7329 1406 173 104 1527 7574 4900 5431 1198 2028 9817 415 4844 1905 157 159 4170 1639 3081 6374 5199 5406 1969 524 2015 4729 2734 149 2617 1951 14835 5699 8236 2295 2157 1775 1635 704 760 2406 278 1088 878 4665 1351 3140 223 1073 848 1745 2353 2475 328 211
internal_value=0.000437555 -5.56447e-05 0.00120678 0.000740817 0.000422636 -0.00162601 0.000355493 -0.00171039 0.000866031 0.00225737 -0.00138143 -0.000485818 -0.00209663 0.000187567 0.000949752 0.000395528 0.000635593 -0.000466512 0.000667612 -0.000208189 0.00128573 0.00152527 0.00300098 -0.000987261 -0.00215592 -0.00506348 8.65242e-05 0.000127084 -0.00168689 0.000875074 -0.000826951 -0.000141971 9.58807e-05 -0.000307368 -0.00128024 0.000731632 0.00291724 0.0017271 0.000398159 0.00139923 0.00408249 0.00301437 0.00250646 -0.00397608 0.000176438 -0.00509914 0.00239557 -0.000368705 -0.00487682 -0.000570503 0.00298944 0.00205858 0.000680152 -0.000512841 -0.00485905 -0.00686156 -0.00106612 -0.000989484 -0.000688114 -0.00600832 0.0015134 -0.00361589 -0.00173069 -0.00403306 -0.00203704 -0.00816609 0.00497786 0.00570591 -0.000363024 -0.00288439 -0.00346375 -0.00382854 -0.00122432 -0.00548517 -0.00724355 0.00140734 0.00247324 0.00162803 -0.00233268 0.0034998 0.000908528 0.00160699 -0.000906638 -0.00857143 0.00279575 -0.00279318 -0.0122222 -0.0179141 0.00169789 -0.00296463 0.00208202 0.00111581 0.00344335 0.0021858 -0.00375 -0.00189189 -0.00859155 0.00262899 -0.000258887 -0.00139159 -0.00127098 2.25624e-05 0.00100605 -0.00121645 0.00285662 -0.00551913 -0.00393403 -0.00172613 -0.00068268 -0.00209025 0.00223714 0.000428212 -0.00440935 -0.00669107 -0.00701587 0.000452708 0.00121833 0.000697403 -0.000859728 -0.00253534 -0.00443506 -0.000858765 0.00482514 -0.00372624 -0.00663244 -0.00774113
internal_weight=319709 194806 124903 98162 89628 15947 156037 38769 73681 24152 36778 64592 17137 49529 91445 47749 45129 10815 80451 33287 47164 44605 20350 33902 16229 4637 17673 31308 9137 22171 14223 12256 47455 39942 20629 19313 26741 42877 14341 11675 8534 10994 23984 2666 37227 1967 28536 16453 6322 15117 20830 26144 29454 12109 4176 2641 13572 11592 11180 2876 17345 4874 7773 2591 6804 1724 7218 6311 10981 2559 1728 3396 12160 1979 1579 19367 18019 22637 5593 17851 16137 6972 10369 630 7902 2804 575 316 6663 5559 16181 9455 6726 17471 3270 7205 2120 8944 5166 1535 3743 3979 16033 6223 13667 2735 4174 3802 3154 2339 7513 3166 2301 1366 1575 10129 9897 8546 1316 5305 2487 2818 3507 2620 477 1991
internal_count=319709 194806 124903 98162 89628 15947 156037 38769 73681 24152 36778 64592 17137 49529 91445 47749 45129 10815 80451 33287 47164 44605 20350 33902 16229 4637 17673 31308 9137 22171 14223 12256 47455 39942 20629 19313 26741 42877 14341 11675 8534 10994 23984 2666 37227 1967 28536 16453 6322 15117 20830 26144 29454 12109 4176 2641 13572 11592 11180 2876 17345 4874 7773 2591 6804 1724 7218 6311 10981 2559 1728 3396 12160 1979 1579 19367 18019 22637 5593 17851 16137 6972 10369 630 7902 2804 575 316 6663 5559 16181 9455 6726 17471 3270 7205 2120 8944 5166 1535 3743 3979 16033 6223 13667 2735 4174 3802 3154 2339 7513 3166 2301 1366 1575 10129 9897 8546 1316 5305 2487 2818 3507 2620 477 1991
cat_boundaries=0 11 22 33 44 55 66 78 89 100 111 123 134 145 146 157 169 180 192 204 216 228 239 251 262 274 285 296 308 320 332 343 354 366 377 388 399 410 422 433 444 455 456 467 477 487 499 508 519 531 542 553 565 576 587 597 608 620 631 642 653 664 672 681 692 703 704 715 727 739 750 762 773 784 794 805 816 827 838 849 850 861 872 883 893 904 914 925 935
cat_threshold=1081344 1159726208 402685952 1107312642 1052672 268452096 8396800 4194304 1619001344 1280 134283296 33554436 176161312 4194304 2686451714 1081344 1073856512 8388624 1054214 1048576 524416 17826048 131076 2048 4227072 1075576836 805306400 1058048 512 0 33556608 1073872896 2153386245 41959424 34 4194336 536873092 268566564 134250752 0 17301504 67108888 4194314 2173173825 76677124 6144 16777216 133120 268435456 671219872 33554624 2420113408 1048603 2816 68 857741312 1073743872 4195328 2050 301993984 1073742080 67239940 0 2097152 2596 285212672 8456192 2216689680 1 0 302022980 33555712 8388736 4194336 2164293633 2147494400 268435456 8 16384 33555504 270602240 536903809 2684354562 33554568 2148532256 8913409 33554432 4194432 131840 1064960 4194308 4456737 33816584 536879104 132096 9961472 2148532225 1207963648 537134080 8388672 2231369728 8421792 258 152045572 1048608 679477312 8 40968 16842752 2 20971520 52514816 256 0 134217728 4164 1052680 134217856 13320 128 576717312 5374016 72 2147500032 144 10485760 8407298 1048576 1074790784 2282225792 1048832 71307264 4198400 2155938305 2164864 6144 151257090 538085376 8388612 163904 8519680 3 8454144 33554464 25231361 11778 270532608 1073746944 134484002 133128 2048 320 33554432 8390656 2098224 137495816 64 0 1024 150994944 131072 0 0 64 163841 0 262144 65536 8 2165309444 1142424576 0 3145736 2726297600 131144 138413056 1213760 0 33554436 4096 8388608 16777216 138416160 0 268435456 0 2148008592 273680896 1149240344 1108347648 257 8 9437184 16777232 17039618 571475976 4 64 35127296 2148665345 201326624 1280 64 8 2101505 1082130960 4129 262148 536879108 1288 2151677952 2148007936 2098304 72 2148007936 8 278921216 128 419430400 36044801 8390912 536871976 1048576 8421377 1048616 1311744 268500992 64 268435456 16778240 272891904 8390656 536870912 65568 42467328 30412290 1342177280 8768 66816 3145728 4195328 285474976 8 872415232 4194304 42992000 1311233 1048704 134218048 260 8 0 20975620 150995328 131080 524288 134415368 8388864 8783872 134217753 1074008584 65536 637534209 7340560 2097284 32776 0 1610645632 67109920 2048 67108872 134224128 1048640 16 276824065 1028 17043619 2147500168 536872960 81920 2147483664 0 8393736 656384 261 76022016 2052 256 536870912 4100 134283304 42991680 4097 1115266 1610874944 524352 135168 1140855428 4608 16384 1572864 177209352 1310720 2147485952 262144 67110912 2112 98 75497472 16778244 415236096 2048 268447744 671158536 13107200 2151677952 8392728 524864 0 8 8519680 202375430 0 2097156 2052 536870912 128 16812032 67108994 40116738 272630273 8 0 17830912 16777218 4 0 0 33554496 524800 8 2097984 131072 269484036 176160768 142671876 536871050 4096 536903680 33554960 1085568 4198400 4326402 8388864 2097154 0 0 2149711880 10244 33554432 1048576 8913410 1025 33554432 16777216 64 524289 3716 8389120 2684354562 2147493920 33792 4194320 131584 79692832 9474 8388608 8519680 33589248 138412034 570425348 4 65576 0 4853760 2097176 1073742850 8388609 0 16778240 288 8 0 131072 9437184 2147487747 16 393728 8389632 4194432 2164260864 77824 0 4096 134480064 4194432 16777248 77693984 2151679234 66113 285343744 3288334624 8388608 546570240 6784 0 268566528 33028 1207960579 35652096 256 8 69402624 37786662 16777216 2701262848 2147483648 4096 512 1025 136380592 532482 268435456 0 16778240 270532896 2048 8192 134234176 1049600 133120 1277166608 1208221696 1 524288 0 16777344 2228492 268435460 0 1048576 257 8 672139520 2048 130 128 0 268435712 262144 32768 65568 1704608 6149 66561 3223322624 131072 0 16781316 0 0 8192 131072 0 1050624 134221824 134217728 0 6144 128 128 0 536871976 1572864 2049 8 1073741824 4 25165828 159383936 131072 40960 671285344 41944592 0 8 3416066 524292 8 0 4096 16777216 0 0 131072 0 4194304 1048578 4 8388608 134480000 8 256 536887296 4194960 6272 1073741840 1074921474 589889 1048576 0 16777216 131200 2147483648 40 134217728 1 134217736 1179712 8388608 16 16777216 85985284 268436224 32900 2147491904 1024 2147483648 0 134221824 262144 2147483648 143786048 1073741952 5279904 17055744 268435456 268435488 9699328 262400 1140850704 536871424 2048 271581185 1140850690 293863810 149504 2176 537002248 131136 8914944 0 3276800 0 16 0 16777216 0 167903232 0 66600 72 2147483648 1024 1048832 64 9453568 4229126 16777216 34078720 268435460 1032 0 2148007937 8 537264130 524288 524288 2048 16777216 16384 268435456 536870944 1048576 8388609 1 64 540672 2097440 268435584 264 268435456 546394112 524288 4194312 1497366560 542244864 131136 268451840 0 7 33703936 8400900 69832 33562624 524802 1140851720 1280 16777216 8 2148532480 243273760 4194304 41943180 536870912 448 0 2165833984 0 4160 2416443396 32 16777216 34 16777216 12288 167772160 8388608 2 673186816 1073741824 16777217 0 1107298304 285212800 33554560 1342189568 32 101843472 2149056513 1216348168 524608 8388612 9437184 2048 4194304 33556480 2048 32 9437184 8525826 48 539230464 524548 0 0 0 0 0 4194304 384 262144 8388608 1024 134217856 8 0 536870912 8388672 2048 8 268468224 147853312 16810112 1073741961 0 65536 1568 9474193 134217728 1073874192 16777216 0 4096 0 33685504 0 5160 8388672 4098 2097153 917568 64 11392 276824066 512 25166016 2283798536 2336 704643112 0 3 1114128 34867200 524544 268451840 4194304 268435488 1026 136 536937480 67371524 16777216 1226839048 1180930 0 8 2147614720 4194304 32800 2097152 1073750080 73992 1048704 14336 1660944392 1073882114 1179904 8 286785540 2048 272630016 167772164 36 131176 5242944 2147516416 25165832 537264136 525312 0 8388608 384 0 8 131136 64 1048578 134218760 256 0 8 131072 41949184 0 33685512 335544324 541065224 0 0 0 672399362 8388612 8388864 16777216 262144 33554568 536872960 134349896 34603072 2155872256 1034 536872000 4195648 1048576 0 268435584 0 268435456 0 8388864 1310720 0 256 1048832 37748736 272629760 0 268435456 537001984 8388672 2151677952 1073741824 134479936 8388608 269484032 4194304 384 570425344 2048 1120 67109376 8916993 1073743008 536871168 268960768 16641 33558528 0 2359424 2684356608 196608 0 16777216 1052800 1024 2415919616 8388612 33554432 134217856 2048 0 16384 512 16777216 2 256 590080 0 16779268 16781313 2147502080 32 262144 47710720 2152206336 10489856 1073742914 2151743488 11040 8585216 33556480 272629760 4 268435460 1207976096 524288 1052675 17 134217728 4352 4 8390656 155189280 33554432 34816 64 9961472 4194304 2 0 4194565 147460 2048 134217856 2097152 335544324 671088672 8388608 8521984 1048593 1745101120 64 16777216 0 128 0 1180672 805306400 1048640 524288 0 262144 2147483648 16784384 2359424 35784704 2080 134348832 1048640 3074 1074791432 135528448 524356 335544320 18874368 419434625 2377728 268435456 671170560 2155872320 8388608 9 1074661376 1048576 4194304 129 0 536875008 8 0 2147483648 8 1073741824 268435456 343932928 4096 16777216 147460 268435456 537067520 8388608 16779267 1073811482 135528448
is_linear=0
shrinkage=0.1


Tree=25
num_leaves=127
num_cat=89
split_feature=20 3 4 2 2 1 10 1 1 11 1 10 1 2 1 2 2 1 2 4 1 2 15 2 15 2 2 2 2 2 11 10 1 1 2 1 2 1 1 2 8 11 8 2 1 2 1 2 2 1 1 2 1 2 1 2 1 2 1 2 1 1 2 2 1 2 1 1 1 2 2 1 20 1 2 2 3 2 11 16 1 2 14 1 2 8 1 15 2 11 1 1 2 1 1 2 10 1 14 2 10 20 1 1 1 12 10 2 1 1 13 1 2 12 2 14 8 4 10 14 13 1 1 2 1 20
split_gain=11.1553 7.39208 6.34525 7.66955 6.3173 6.34602 6.08999 7.86542 6.78747 7.37131 5.87744 5.55095 7.25676 5.35873 5.31838 5.08862 5.0563 4.65876 4.49739 4.44786 4.13399 4.1167 3.98884 4.60029 4.31603 4.1516 3.95016 3.94744 3.93265 4.14992 3.73319 5.34555 5.41312 3.98505 4.33576 3.66475 3.48052 3.63012 3.45835 3.26654 3.18483 3.17222 4.50476 3.75727 4.20855 3.73454 3.65608 3.1419 3.09183 4.50768 3.27589 2.96757 3.51071 2.90045 3.06103 2.89847 2.75876 2.68959 2.65379 2.79914 3.33244 2.63196 3.22509 3.02569 2.61042 2.60063 2.57742 2.54712 2.52619 2.68824 2.41568 2.35681 2.3399 2.74166 3.82629 2.4187 2.31682 2.31232 2.30251 2.51707 2.30095 2.25863 2.2461 2.98853 2.25901 2.2057 2.20079 2.19728 2.34901 2.18561 2.94121 2.21134 2.13882 2.13566 2.12972 2.12846 2.81215 3.50605 3.64079 2.47841 2.12703 2.09916 2.09256 2.04767 2.03449 2.06046 2.16279 3.01165 2.16602 2.03337 2.03106 1.99716 1.99644 1.98283 1.94717 1.92867 2.41022 1.9008 2.02825 1.86551 2.44587 2.25663 1.84123 1.83903 1.8366 1.81269
threshold=0.20940191298723224 12.500000000000002 21.500000000000004 0 1 2 151.50000000000003 3 4 4.7905101776123056 5 100.50000000000001 6 7 8 9 10 11 12 6.5000000000000009 13 14 3746.5000000000005 15 394.50000000000006 16 17 18 19 20 3.338348507881165 67.500000000000014 21 22 23 24 25 26 27 28 7.5000000000000009 6.947474718093873 9.5000000000000018 29 30 31 32 33 34 35 36 37 38 39 40 41 42 43 44 45 46 47 48 49 50 51 52 53 54 55 56 57 0.28131346404552465 58 59 60 18.500000000000004 61 2.0902305841445927 0.14846121519804004 62 63 12.500000000000002 64 65 29.500000000000004 66 2232.5000000000005 67 4.2207345962524423 68 69 70 71 72 73 79.500000000000014 74 27.500000000000004 75 114.50000000000001 0.13407668471336368 76 77 78 928.50000000000011 120.50000000000001 79 80 81 2.5000000000000004 82 83 142.50000000000003 84 16.500000000000004 12.500000000000002 9.5000000000000018 130.50000000000003 78.500000000000014 17.500000000000004 85 86 87 88 0.15427189320325854
decision_type=2 2 2 9 9 9 2 9 9 2 9 2 9 9 9 9 9 9 9 2 9 9 2 9 2 9 9 9 9 9 2 2 9 9 9 9 9 9 9 9 2 2 2 9 9 9 9 9 9 9 9 9 9 9 9 9 9 9 9 9 9 9 9 9 9 9 9 9 9 9 9 9 2 9 9 9 2 9 2 2 9 9 2 9 9 2 9 2 9 2 9 9 9 9 9 9 2 9 2 9 2 2 9 9 9 2 2 9 9 9 2 9 9 2 9 2 2 2 2 2 2 9 9 9 9 2
left_child=6 4 10 -4 103 123 8 125 78 11 -3 16 27 82 15 113 -10 -7 122 26 92 -14 23 -21 64 56 102 -13 71 38 31 57 -33 -32 124 112 37 40 -30 100 -22 43 45 46 70 80 -31 -44 49 -27 -50 52 -20 -34 -55 -16 -26 -18 -53 60 -60 63 -63 76 -25 -46 -52 -41 69 85 -45 -9 75 74 -74 -70 -38 -75 79 -1 -43 -80 83 -5 -85 -68 -61 101 -89 90 -69 -91 -11 -59 -56 111 -97 -98 99 -99 -23 -29 -12 -2 -64 106 -106 -108 -109 -51 -40 -36 -24 -15 -92 116 -115 -102 -119 120 121 -62 -19 -6 -35 -8
right_child=1 2 3 13 5 17 7 28 9 20 19 12 21 14 55 -17 30 18 51 22 36 39 35 24 25 48 -28 87 29 41 33 32 53 34 95 -37 61 -39 110 67 -42 42 47 44 65 -47 -48 -49 50 109 66 58 -54 54 94 -57 -58 93 59 86 119 62 104 -65 -66 -67 68 89 72 -71 -72 -73 73 77 -76 -77 -78 -79 81 -81 -82 -83 -84 84 -86 -87 -88 88 -90 91 114 -93 -94 -95 -96 96 97 98 -100 -101 117 -103 -104 -105 105 -107 107 108 -110 -111 -112 -113 -114 115 -116 -117 -118 118 -120 -121 -122 -123 -124 -125 -126 -127
leaf_value=-0.34010750370328346 -0.34685185828581871 -0.17357182986126593 0.29115791424424914 -0.09145286817894889 0.00077826501610324872 0.23670773409556412 -0.50632450946801588 -0.36282571821684484 -0.21538843086427673 -0.14882764013717073 -0.086488812443102303 0.011742404031487024 0.10279864160657777 -0.67977559640574858 -0.092089800176917438 -0.022394806224964432 0.20910272396977306 -0.032498879332557552 0.052546156504063683 0.28946371377888003 -0.40428503953698958 -0.1101064165893771 -0.18792299855270453 0.2439007955522676 -0.59267493625583922 -0.075278625924648138 0.045402787202922318 -0.57411474282101682 0.1340671725709485 -0.18041320313217568 0.1574257874240684 -0.26658970593328285 -0.15752967257926162 0.017530013606446095 -0.035064558680030757 0.31739439136083047 -0.033233146280493807 0.023117570121551988 -0.32515009370136988 0.064926052340506843 -0.024306502638980536 0.041903529524036448 -0.051846763269206592 -0.12179902317961684 0.021718627629551152 -0.023782824339711697 -0.014049505228063404 0.25239065404393907 -0.059136682333315219 0.36955450645037868 0.30717394705581119 0.13261028412237322 -0.13377196007467293 0.080441421840920985 -0.0028910682864360915 0.10049638579907967 -0.046611542736501664 -0.10610223104787578 0.085758042174355426 0.11728455512705388 -0.26796181923356749 0.017788979416932933 0.25608197822348377 0.10738127020941496 -0.25817442850318301 -0.27088217426585304 0.031932548357630534 -0.058032718642625582 -0.1427547402480977 0.22347670741792747 -0.30328445771051238 0.15778678225997536 -0.11332471611804772 -0.072369802904177508 0.23489026217057163 0.039515259744769 -0.36626554974825654 0.31439490028757072 0.25111958501266768 0.064424608806289224 -0.37626644160597739 0.069500765292046143 -0.027788844498190846 -0.53737684149405773 -0.35666905375158847 -0.25178436934602438 0.010337259086765235 -0.0025252213627982014 -0.43573504201927254 0.025681230492076192 -0.12084887248388552 -0.13686439269215872 0.041726621980288016 0.03479892748182891 -0.14350554710286501 0.040834287243063407 -0.0075065757724919295 -0.18185088096372121 -0.4675733200153751 -0.027210489339795713 -0.65451112438253833 -0.39120733097944999 -0.48516103826972901 -0.087439765506828138 0.15344721649185342 0.23584440376615295 0.17331145567767459 -0.14975842331094755 0.014861388283822864 0.20013032711558562 -0.0020342553738469148 0.066217921370873886 0.10847381812756381 -0.46914825847392633 -0.36549316662764209 -0.10346926929660233 -0.048207413288985694 -0.5519971565731332 0.077469550517534416 0.30751277623329365 -0.022838625267533635 -0.068511607947779815 0.22936876371949727 -0.24629631366185434 0.16430755871679481 -0.31929617442172792
leaf_weight=102 463 1495 2288 1047 509 1762 306 249 1041 2085 756 494 1202 264 2508 1561 1628 747 2226 2651 591 622 331 217 131 1392 2980 105 3197 5770 3563 1109 1706 1506 2106 7538 3861 1988 567 1753 698 383 2101 1973 3159 4472 13095 3025 2609 2313 2612 3526 6231 2401 3271 10246 2660 700 4378 6306 1380 6428 3261 2495 849 1500 2087 1977 1665 9105 4210 2445 2262 889 2385 17815 299 5113 2747 171 1386 1921 966 121 757 126 13220 366 516 3464 969 2554 981 3500 3166 2979 2878 1261 108 1269 120 644 656 1626 5645 1586 2737 886 3964 8834 12331 4583 965 323 1103 359 150 199 114 442 6953 3887 3072 1475 2561 725
leaf_count=102 463 1495 2288 1047 509 1762 306 249 1041 2085 756 494 1202 264 2508 1561 1628 747 2226 2651 591 622 331 217 131 1392 2980 105 3197 5770 3563 1109 1706 1506 2106 7538 3861 1988 567 1753 698 383 2101 1973 3159 4472 13095 3025 2609 2313 2612 3526 6231 2401 3271 10246 2660 700 4378 6306 1380 6428 3261 2495 849 1500 2087 1977 1665 9105 4210 2445 2262 889 2385 17815 299 5113 2747 171 1386 1921 966 121 757 126 13220 366 516 3464 969 2554 981 3500 3166 2979 2878 1261 108 1269 120 644 656 1626 5645 1586 2737 886 3964 8834 12331 4583 965 323 1103 359 150 199 114 442 6953 3887 3072 1475 2561 725
internal_value=0.000397586 0.000990963 0.00150813 -5.82803e-05 9.32945e-05 0.000294705 -0.000189709 -0.000978093 0.000290447 0.000102364 0.0019091 -0.000608641 -0.00217751 -0.00074159 6.48839e-07 -0.00406074 6.29029e-06 0.000498707 0.000328001 0.0020267 0.00119317 -0.00135089 0.00220915 0.00194096 0.0017684 0.00187716 -0.00106557 -0.00761124 -0.000827919 -0.00100404 0.000184841 -0.000914707 -0.00215138 0.00102744 0.000457401 0.00420421 0.00150628 -0.00159112 0.000357032 -0.00187427 -0.00570439 -0.00153734 -0.000117005 -0.00208133 -0.00356432 -0.00192117 -0.00122649 0.00207959 0.00205465 0.00344968 0.00167916 6.7753e-05 -0.0016334 -0.0014459 -0.000714285 0.000849264 -0.00188861 0.001558 0.000426912 0.000173885 -0.000762463 0.00183241 0.00231146 6.75172e-05 -0.00454034 -0.00128721 0.00188318 -0.00139476 0.00169019 0.00296434 -0.00527531 0.00289941 0.00121072 0.00240304 0.000573331 0.000559549 -0.00158273 0.00381238 0.00390022 -0.00501831 -0.00579539 0.00443016 -0.00468459 -0.00667532 -0.0109459 -0.000166441 0.000990991 -0.00998781 -0.00666667 -0.00200754 -0.00380588 -0.00080093 -0.0023212 0.000213777 -0.00185047 -0.000319863 -0.00136978 -0.00270848 -0.00533233 -0.00458498 -0.0071831 -0.014032 -0.00540084 -0.005293 0.00299574 0.00249393 0.00208736 0.000984579 -0.000514403 0.00412028 -0.000373411 0.00101358 -0.000719755 -0.00925859 -0.00642651 -0.00694711 -0.0111416 -0.0126328 -0.00853035 -0.0015846 -0.00181669 -0.00344219 0.00362758 -0.00524574 0.00335296 -0.00959654
internal_weight=320107 159229 101026 20590 58203 56114 160878 60894 99984 95043 80436 57538 16202 18302 15411 2657 41336 54130 52368 78941 37505 14077 74549 65715 63064 61998 4392 2125 59863 57169 40295 17481 11653 22814 19251 8834 34439 3277 16095 12875 1289 41074 11367 29707 10842 6241 18865 5126 59207 12539 46668 48549 8457 10544 8838 12754 2791 5828 40092 36566 17040 31162 24507 6655 1066 4659 44059 11820 41447 11318 6183 2694 30129 10649 4647 19480 4160 6002 4941 273 1769 4668 2891 1925 878 2213 19526 1631 882 10067 4049 6018 3066 4200 6437 15184 8495 5516 2638 2530 1055 749 1412 2089 18079 14818 13232 7587 4850 11147 12898 6689 1296 1096 2072 832 473 433 313 12662 12220 5267 3819 1984 4067 1031
internal_count=320107 159229 101026 20590 58203 56114 160878 60894 99984 95043 80436 57538 16202 18302 15411 2657 41336 54130 52368 78941 37505 14077 74549 65715 63064 61998 4392 2125 59863 57169 40295 17481 11653 22814 19251 8834 34439 3277 16095 12875 1289 41074 11367 29707 10842 6241 18865 5126 59207 12539 46668 48549 8457 10544 8838 12754 2791 5828 40092 36566 17040 31162 24507 6655 1066 4659 44059 11820 41447 11318 6183 2694 30129 10649 4647 19480 4160 6002 4941 273 1769 4668 2891 1925 878 2213 19526 1631 882 10067 4049 6018 3066 4200 6437 15184 8495 5516 2638 2530 1055 749 1412 2089 18079 14818 13232 7587 4850 11147 12898 6689 1296 1096 2072 832 473 433 313 12662 12220 5267 3819 1984 4067 1031
cat_boundaries=0 11 23 35 46 57 68 79 91 102 113 125 136 148 159 171 182 194 205 217 228 239 250 261 273 283 295 305 316 327 338 349 359 371 381 393 404 416 428 440 451 462 473 483 494 506 517 528 539 551 562 573 584 596 607 618 629 641 652 663 674 684 695 705 715 726 734 745 756 767 779 790 802 813 824 835 846 856 865 876 887 895 906 917 928 939 949 960 971 982
cat_threshold=270532609 205520896 9240576 536887296 4096 1073844352 33562624 16777736 1052672 537919510 16777216 268439552 135266336 10559488 134217728 8452 9437184 4326944 1049120 4096 2564 2151810048 16 301993985 32768 77824 1851392 1048832 33555456 263188 136 16777344 33554464 402661376 80 2164785408 33554962 8388610 2155888640 1048576 16768 2285895680 256 83890176 4331520 16843776 2147502082 128 589824 384 67109896 4333576 2147495968 2147483652 25231362 335548424 73728 2315255808 71344160 2114048 2130177 1049608 268472320 4464768 0 4261888 268566529 134217728 1114112 2158100480 2097184 8421376 1610625056 134234112 142606848 527424 16 1168 8392961 2198882308 0 4194339 2316306434 4 4194304 560 2147614785 67108864 2147491840 268435460 8 131072 1024 17039393 0 536870912 537068552 8912976 4098 1074790400 1207960128 68 8388608 1024 150995200 131076 335544320 134218784 9437248 0 2097161 1074266880 524288 131072 138936834 2630720 268992768 2147484672 1083179008 256 2147483784 536870912 335544336 134217728 32 2147500416 2147484162 2146304 33793 1149239296 323584 8448 262144 268439552 2148008068 4160 2282881152 1153433600 1 2685404160 1048576 4198536 2148270096 264 0 1080033282 4096 64 257 1179920 256 2 1073777056 1082196224 8 33354 1024 263170 2151678528 67108868 1111492624 2166784 1048576 536870912 81952 38797328 17303553 100667392 2072 2415919104 16 69206016 1212432 8396802 257 2214592548 12591104 1296 295072 0 564 135397376 134742144 2147485728 49156 25723904 135266816 537923584 1073741952 139264 65536 1024 2151679488 64 8519680 0 402915329 8 0 671088648 9437184 2147489792 0 1049344 65792 0 6144 0 2097160 0 0 512 2369 8 33816834 256 8 2216706180 35684368 258 8913156 1050624 49152 67108864 1024 352321536 1073743872 2424310784 1 128 146804736 167772168 524320 537919488 168296896 16910336 5168 541074432 256 293605376 25165828 12587008 33554432 10240 16384 0 557074 570429472 1073741824 1052673 268435456 5242880 2392192 35782660 4100 65536 68157444 17827842 4617 1073742592 2148012096 268437504 67108864 262272 1073745026 8196 134348832 2155872288 8393233 9 1051648 2147483908 8 268451840 2048 4227233 2180 67110912 73800 131072 26214401 1083184128 3080 2293760 83890176 290 9470080 8390656 262272 4325440 33832 8388640 2048 1245184 8 67108864 1024 402653184 0 268435456 134217728 8388672 8390656 134217728 1048576 337657856 8390660 138412032 33554432 2147493888 66624 33554432 2441478144 1074791424 167772160 524548 129 4 8388608 0 3221225472 134217736 0 164864 135266304 2098176 13107457 268435456 4194306 268435456 2244608 0 134218792 1048576 2424311809 135331851 2884168 524353 68157444 8389632 402657408 393220 2048 537003040 34603072 2147489792 25 1074790720 8388608 268435456 20975616 262144 131072 0 4259848 8388608 0 134217729 134217728 9568257 5152 17039648 537921536 8196 134217792 67108880 25167872 135267329 537919744 4194304 8 0 4198400 268435584 131072 67108864 134349856 0 5505026 1 393280 2147565632 8388608 151257600 2148532224 3328 1073741992 1572896 1049089 134217890 2148007944 0 8 4 2099200 0 571607040 302030852 33554816 1024 4325952 1073742849 1073743936 268436740 2179205 1082130432 4198400 25165824 335544320 16448 67109120 17866784 1048576 4 8392709 24 18939904 0 16781472 17303553 537001984 1073889568 256 2164269057 4194307 33689600 8390656 8 17825792 71307264 134217984 134217856 2415929344 1073938432 5242912 557058 134218761 132616 65536 8 268959744 1024 12583168 33685504 268437516 40 1048592 4194304 1208026121 1074791456 2147483904 134217728 4096 285213248 538968064 1048608 5408 75497984 12583688 1073741840 33563680 268959744 75497600 1050656 268472320 131072 2147492992 33554496 2148008960 8425472 167772320 2101312 2147483712 0 1024 4194304 0 0 0 0 131072 0 134218368 135790658 0 268435488 2181054465 2048 541212808 8388608 8421377 1048576 1107693568 8388608 151126016 32 2 27263234 9216 5308800 2357198848 1058 1207959553 134348800 516 8 8388608 2101248 268697600 262400 2048 32832 128 8919042 16778392 136054024 268501249 68157440 8388612 786465 4 2212 536871008 4194816 131073 50 537925698 524288 8585344 8391680 17039874 16388 0 1048704 524416 4849664 72384640 134742784 528640 268435456 41943040 17047552 18432 33280 132360 9962112 524294 1053704 1075840002 8388608 16 93339648 4194308 150995072 149512 4 537919528 34603008 1054722 1040 1208221696 268435520 0 1024 128 8 67108864 0 0 8388608 1168 64 268435456 9961728 16782336 128 537919488 268435456 131072 8388608 4980736 0 256 4259844 67108864 2147483648 8486912 2282225664 256 33554432 3221226496 2147878744 67109890 69992480 2147483648 64 0 4198928 3 2148532228 2147483776 1073742304 1073741840 16809984 108036096 262210 576 17829890 33555456 268697600 2050 1073754240 416 33554944 526336 1107296400 34613760 268959744 1054724 33554432 0 262146 8320 0 276955136 20972626 1148191760 33558914 1 131072 8389632 16777249 2048 2684354560 4096 2147483648 1049346 33554432 135397376 0 8 67108864 0 4194304 0 268435456 537001984 33554944 0 134217728 512 64 268435456 2099200 16785667 536887296 536872960 8520704 8388672 8392706 4096 134222146 16778240 9437184 73401344 268435457 134217736 0 132096 33555008 8912896 2097168 537264384 285736960 8388608 67108870 65536 536873088 301998080 131072 262656 2168979456 68157440 538980480 293732352 136318980 384 0 4096 65536 33554432 0 1073745921 134348800 8454144 8519680 0 268435456 0 268435456 32 0 0 16 1073742336 268435456 16777216 407109664 131080 67108864 4202496 320 25427968 8388608 1310720 9437184 0 402653312 131072 0 671088648 64 0 16 1074528256 256 33554432 0 2 33556480 0 0 0 131072 9437184 4195328 138412032 2717908992 268435460 32 1572992 21010944 9438208 1079246848 2151743489 0 0 268435584 0 0 536870912 0 8388608 16 1048576 1 16777221 184551428 16781312 131072 0 536903680 64 9441280 134218760 4 2415919108 0 3106 270720 570556424 0 262144 106430528 8388608 1207963657 1078067456 4 24 1048576 50331648 419692672 131080 0 134217728 1048648 32768 1048 1075052544 321 16777216 0 4227104 2149597184 268435456 570425376 8388608 4194560 16 1073741888 0 64 3670016 0 134218114 1074806796 260 1207959552 1048592 16785409 67108872 1180033 2147483908 1064960 1052672 402718753 131072 192 536870920 1075314836 17828866 135266320 2097154 524289 0 41950208 134217728 1032 33587200 134250528 142639184 8918017 1075840000 1179650 516 8388608 8389632 4194560 0 1073741824 34048 135168 4358176 0 1208090888 4194368 1048576 4096 128 0 0 675414048 8388608 4196353 16 262144 1048576 5120 20971648 0 0 0 8388672 1 8 285212672 134217728 128 537001992 2684358656 0 181404224 16777216 1073741833 1059008 131072 17301504 1024 276824576 131072 268435552 536870944 16 2165444609 2097155 538837568 580 0 0 134217761 33554432 0 0 0 9437184 79773697 2 272629760 0 2214594592 536870976 2147483648 17866753 2097170 570950272 73729 4 8389668 16777216 2048 2240 1073774656 42598400 163904 0 2152728722 516 1048580 0 134217728 0 0 4194304 8388608 4096 0 0 256 0 0 128 131208 0 131200 0 8388608 0 1074790402 4096 2097152 67109888 150994944 33556488 2147487744 1208090632 268959808 16781312 9437184 1074005000 1048576 0 4194720 0 268435456 537067520 0 2048 8388608 674234368 524289 1048576 16777216 0 8 0 134217728 9437184 0 24 537657408 524288 0 4 16785408 0 268435456 536870944 134218240 4096 1048592 134612994 8519937
is_linear=0
shrinkage=0.1


Tree=26
num_leaves=127
num_cat=49
split_feature=15 20 10 13 1 1 1 4 1 1 1 5 12 1 0 13 10 11 11 1 10 11 8 11 0 18 11 10 1 8 1 8 1 1 20 1 1 1 15 1 1 1 1 1 11 1 3 1 0 1 10 13 1 1 15 8 1 1 10 13 13 11 1 18 15 10 10 11 11 1 11 5 1 5 1 15 0 5 10 0 1 1 13 8 4 1 18 1 11 11 9 11 11 11 20 1 20 0 8 11 1 0 10 11 10 8 1 1 8 5 11 18 10 3 1 11 1 8 1 8 17 12 8 7 5 8
split_gain=10.5065 10.8802 10.3104 6.46757 7.27059 5.1824 5.06515 4.52884 4.86635 4.11113 3.65918 3.55524 3.51987 4.83748 4.37513 3.58199 3.44537 3.51772 3.32769 3.21927 2.973 3.78609 3.29924 3.05908 4.11752 2.94576 2.9274 2.87537 2.79953 2.77335 4.81383 4.1235 5.51803 4.34177 2.78902 3.47626 2.79789 2.88676 2.74687 2.82584 2.71123 2.49426 2.4467 2.38924 2.29121 2.28138 2.22745 2.49872 2.16647 2.12996 2.04392 1.96001 2.76299 1.95948 1.90542 1.89348 1.88039 1.87563 1.86711 1.84829 1.81953 1.81834 1.79167 1.78966 2.00346 1.78048 1.69822 2.03906 1.88595 1.87311 1.67081 1.66873 1.66792 2.5854 2.2142 1.88295 1.74327 1.81554 2.27639 1.7161 1.64953 1.64388 1.61293 1.60128 1.56801 3.46331 2.6085 1.79764 1.5377 1.51429 2.49009 1.75401 1.5 1.49479 1.50068 1.50941 1.49046 1.4773 1.47701 3.34777 1.47375 1.46706 1.76855 2.06824 1.46603 1.52578 1.45882 1.45833 1.45411 1.67091 1.45025 1.44123 1.42142 2.30635 1.41734 1.63831 1.41329 1.4057 1.39504 1.39443 1.98711 1.39017 1.3797 1.37471 1.36526 1.36393
threshold=3968.5000000000005 0.29448768496513372 69.500000000000014 22.500000000000004 0 1 2 21.500000000000004 3 4 5 1229.5000000000002 920.50000000000011 6 7 64.500000000000014 334.50000000000006 6.3553836345672616 1.776217579841614 8 181.50000000000003 6.7787744998931894 8.5000000000000018 4.0771710872650155 9 0.12076532095670701 2.0122241973876958 91.500000000000014 10 17.500000000000004 11 29.500000000000004 12 13 0.19876263290643695 14 15 16 4204.5000000000009 17 18 19 20 21 6.0672607421875009 22 6.5000000000000009 23 24 25 104.50000000000001 8.5000000000000018 26 27 394.50000000000006 2.5000000000000004 28 29 235.50000000000003 3.5000000000000004 54.500000000000007 7.7867991924285898 30 0.20215841382741931 2051.0000000000005 313.50000000000006 252.50000000000003 5.8562686443328866 6.1508562564849862 31 2.35339367389679 735.50000000000011 32 785.50000000000011 33 602.50000000000011 34 1075.5000000000002 91.500000000000014 35 36 37 3.5000000000000004 9.5000000000000018 18.500000000000004 38 0.15475684404373172 39 2.9095455408096318 5.3279345035552987 821.50000000000011 4.945864439010621 5.7608728408813485 7.0430233478546151 0.28270539641380316 40 0.18704077601432803 41 29.500000000000004 6.947474718093873 42 43 126.50000000000001 4.5939764976501474 84.500000000000014 2.5000000000000004 44 45 11.500000000000002 570.50000000000011 3.2740473747253422 0.15565862506628039 173.50000000000003 16.500000000000004 46 2.9095455408096318 47 18.500000000000004 48 9.5000000000000018 0.038212880492210395 272.50000000000006 16.500000000000004 1.0000000180025095e-35 1180.5000000000002 29.500000000000004
decision_type=2 2 2 2 9 9 9 2 9 9 9 2 2 9 9 2 2 2 2 9 2 2 2 2 9 2 2 2 9 2 9 2 9 9 2 9 9 9 2 9 9 9 9 9 2 9 2 9 9 9 2 2 9 9 2 2 9 9 2 2 2 2 9 2 2 2 2 2 2 9 2 2 9 2 9 2 9 2 2 9 9 9 2 2 2 9 2 9 2 2 2 2 2 2 2 9 2 9 2 2 9 9 2 2 2 2 9 9 2 2 2 2 2 2 9 2 9 2 9 2 2 2 2 2 2 2
left_child=1 2 5 4 88 25 -3 10 -9 46 89 38 13 14 112 63 18 -18 -12 -8 23 22 42 24 81 -1 -7 -25 59 34 -31 33 44 -32 36 -36 -20 -38 45 -40 -37 -13 111 -28 48 110 47 -2 82 -34 114 52 -39 -52 106 -45 -23 -35 -58 92 97 83 -50 64 -16 -48 68 -68 107 -70 -53 -41 76 74 -74 79 -21 121 -79 -75 -56 104 -33 -60 87 -86 -87 -54 -4 90 -6 -92 -10 94 95 -30 -69 118 122 -100 -99 102 -14 -104 105 -15 -42 125 109 -65 -11 -22 119 -114 115 -26 -72 -85 -29 120 -5 -78 -91 -43 -97 -24
right_child=9 6 3 12 7 26 19 8 28 11 16 41 101 20 15 -17 17 -19 29 72 21 56 66 27 50 -27 43 60 93 30 31 32 49 57 35 40 37 51 39 71 54 123 -44 55 -46 -47 65 -49 62 -51 53 70 84 -55 80 -57 58 -59 61 -61 -62 -63 -64 108 -66 -67 67 96 69 -71 116 -73 73 75 -76 -77 77 78 -80 -81 -82 -83 -84 117 85 86 -88 -89 -90 98 91 -93 -94 -95 -96 124 -98 100 99 -101 -102 -103 103 -105 -106 -107 -108 -109 -110 -111 -112 -113 113 -115 -116 -117 -118 -119 -120 -121 -122 -123 -124 -125 -126 -127
leaf_value=-0.035870671335487193 -0.1892602426995379 -0.18264939586926579 -0.35095361844985251 -0.17778400627907476 -0.081565961060889036 -0.033281995732425816 0.45597627724090323 0.039129433839943405 -0.82837354116551554 -0.3040152918925878 -0.31085901494085416 -0.29278112340822926 0.075472597241853984 -0.31293263927960718 -0.35041440107398308 0.089276237418899312 -1.0710523739099449 -0.17532456028058319 0.072861716486570735 0.43859427797412415 -0.7828793232004575 0.32847071874433975 -0.24882594492320195 0.16680587629426474 -0.13019134587003126 0.29111796828050024 0.17294554137323803 0.18247299780510026 -0.052216685170717314 0.20574564492372893 -0.067910528217795529 -0.48511415043454503 0.11289522581644346 0.17576506194024527 0.14859719869722002 -0.079336411151931324 0.021268298568395558 -0.20023704348940791 0.29681905477267023 -0.097948011478181246 0.039744286815090825 -0.13733111042211618 0.08986854696160218 -0.096367607318685725 0.064513215411848096 0.06434189104642303 0.2354434685662255 0.077657109715322289 -0.38113447453790744 -0.067584775316784293 -0.0066382565759047262 -0.45134805889977603 0.011358949891990452 -0.33854358023098152 0.074087055235197513 0.069616236619965313 0.13178118752924045 0.056312085888732613 -0.21748364477559801 -0.27955247879110379 -0.020416015085341396 0.15206700756890612 0.11963745164845946 -0.32333747549758651 -0.089323771776404728 -0.33205643557606312 -0.89298513498695375 -0.43390679365904189 -0.28356451628039941 0.14391440026586375 -0.067740757911173829 0.23960456953675635 -0.11661091938112277 0.28595117073737653 0.10591195645651896 0.24359431504039911 -0.048516902579890164 0.21509228246852113 -0.14699862228794422 -0.17144668929925938 0.0059461237563471813 -0.098034628005881183 -0.32063571928042311 0.15145586409212899 0.028355305906628582 -0.49396866973646469 -0.16553860011897756 -0.079041105408035439 -0.14730804230536362 -0.048366833133905385 -0.68700832828176006 -0.2985045711937182 -0.33198105082259932 0.16333883455820475 -0.29625498071289197 -0.40545998745817702 -0.19501946504587647 0.17197902911068425 -0.048449784749330656 -0.95776217982694445 0.055004232594262938 0.13715996369580413 -0.81711065106420377 -0.10311099526638752 -0.31841058918806925 -0.070742596791682613 -0.34545604967468679 -0.09975578379487475 0.12588495090425919 -0.012732233067216353 -0.042984899247305801 -0.093904153716763666 -0.36558408412128984 -0.59493645446034782 0.08885466483897779 0.013663478613461379 -0.00024339895779031332 -0.18827761337190907 -0.0010418643289653658 -0.012970441578156114 -0.47469020367308179 0.16714708149179414 0.14664823103950436 0.1719562691829867 -0.1710637707816397 -0.80621753115121109
leaf_weight=351 470 1222 504 1328 5924 3127 1860 2533 108 197 696 130 1822 106 452 3714 335 3201 2184 1211 158 1259 932 3691 909 3133 3953 1859 1758 2359 2610 141 1703 3219 3247 5547 8804 1889 3473 722 370 1207 4481 670 285 9830 9801 705 129 2409 960 139 4505 605 6737 4156 2501 6557 3140 546 5463 1302 248 536 2281 141 236 738 484 1225 4411 759 2213 887 2402 13150 1501 557 2242 944 24700 905 534 1853 718 512 741 8052 5162 4674 190 513 108 401 288 618 1252 4938 249 102 14566 11377 104 898 146 397 537 1814 917 1614 2811 2995 594 112 4134 4730 12018 1231 9807 770 122 3225 862 586 2591 217
leaf_count=351 470 1222 504 1328 5924 3127 1860 2533 108 197 696 130 1822 106 452 3714 335 3201 2184 1211 158 1259 932 3691 909 3133 3953 1859 1758 2359 2610 141 1703 3219 3247 5547 8804 1889 3473 722 370 1207 4481 670 285 9830 9801 705 129 2409 960 139 4505 605 6737 4156 2501 6557 3140 546 5463 1302 248 536 2281 141 236 738 484 1225 4411 759 2213 887 2402 13150 1501 557 2242 944 24700 905 534 1853 718 512 741 8052 5162 4674 190 513 108 401 288 618 1252 4938 249 102 14566 11377 104 898 146 397 537 1814 917 1614 2811 2995 594 112 4134 4730 12018 1231 9807 770 122 3225 862 586 2591 217
internal_value=0.000354055 0.00016694 -4.7219e-05 -0.000206608 -0.000660871 0.00246264 0.00192398 -0.000508961 -0.00268015 0.00210885 -0.000349771 0.00123954 0.000380885 0.000153487 -0.00167871 -0.000636287 -0.000164587 -0.00323529 -6.21689e-05 0.00217933 0.000442033 -0.000438453 -0.00150564 0.000869288 -0.00047161 0.00585003 0.00146526 0.00129799 -0.00414126 -1.6618e-05 0.00103694 0.000473522 -0.00181868 0.00148232 -0.000266593 0.000325247 -0.000820276 -0.00100266 0.00168166 0.00368187 5.56717e-05 -0.00284451 -7.33557e-05 0.00240232 -0.00737194 0.000909799 0.00364609 -0.000468085 -0.00958175 4.85239e-06 0.000192105 -0.00143203 -0.00220686 -0.00316294 0.000406133 0.000901572 0.000935673 0.0024484 0.000475242 -0.00981865 0.00102995 -0.000310922 -0.00317829 -0.00218965 -0.00405049 0.00413599 -0.00309075 -0.00536388 -0.00200771 0.0006378 -0.000665137 6.70728e-06 0.00191306 0.00242579 0.00035753 0.00306455 0.000761491 0.000192436 -0.00182565 6.00768e-05 0.000536629 -0.00528133 -0.0129197 -0.00102185 -0.00173476 -0.00435819 -0.00749802 -0.00132436 -0.0041649 -0.00196902 -0.00300739 -0.00863442 -0.0177778 -0.00336039 -0.00381541 -0.0034085 -0.00432161 0.00132499 -0.000803465 -0.00709402 0.00185713 0.00184565 -0.0001976 -0.00357285 -0.00911988 -0.0066998 -0.00411246 -0.00353358 -0.000531464 -0.00195349 -0.00149768 -0.0022036 -0.0050545 -0.00898017 0.000729561 -0.000302708 -0.000572767 0.000596628 0.000433368 -0.00382883 -0.00565517 0.00138807 -0.000404624 -0.00181364 -0.004694 -0.00630716
internal_weight=319979 289147 257733 242343 136668 15390 31414 131002 8951 30832 122051 19715 105675 91474 12440 9514 109537 3536 106001 30192 79034 25818 14532 53216 12892 3484 11906 40324 6418 105305 20194 17835 5449 12386 85111 41138 43973 41789 17792 4954 37891 1923 7634 8779 1337 12838 11117 1175 1052 4112 11338 32985 16417 1565 32344 4826 11286 9776 10027 762 36633 7526 377 5800 2733 9942 6898 2226 4672 1709 16568 1481 28332 19596 4615 14981 8736 7525 2799 1831 31437 1554 675 6224 14528 1971 1253 12557 5666 12514 6627 703 216 5656 5255 4967 1990 31170 5887 351 19504 14201 2824 1002 649 503 907 2963 3067 2150 3008 3153 2926 706 9773 5639 16429 3084 11666 2220 1450 4726 5536 1793 3209 1149
internal_count=319979 289147 257733 242343 136668 15390 31414 131002 8951 30832 122051 19715 105675 91474 12440 9514 109537 3536 106001 30192 79034 25818 14532 53216 12892 3484 11906 40324 6418 105305 20194 17835 5449 12386 85111 41138 43973 41789 17792 4954 37891 1923 7634 8779 1337 12838 11117 1175 1052 4112 11338 32985 16417 1565 32344 4826 11286 9776 10027 762 36633 7526 377 5800 2733 9942 6898 2226 4672 1709 16568 1481 28332 19596 4615 14981 8736 7525 2799 1831 31437 1554 675 6224 14528 1971 1253 12557 5666 12514 6627 703 216 5656 5255 4967 1990 31170 5887 351 19504 14201 2824 1002 649 503 907 2963 3067 2150 3008 3153 2926 706 9773 5639 16429 3084 11666 2220 1450 4726 5536 1793 3209 1149
cat_boundaries=0 12 23 34 45 56 67 75 76 88 89 100 112 123 134 146 157 168 179 191 202 212 222 233 242 243 254 264 273 284 296 306 317 328 339 340 341 352 362 373 383 394 395 406 407 417 427 437 448 459
cat_threshold=188809216 2147483936 134217728 33792 9568392 176177152 8192 8388736 2684356656 4 1050624 64 419430400 8388608 4195073 537395456 67112960 4220032 256 17303552 135267336 12544 21495808 136314880 102762498 12290 537919617 2304 33555456 1074004496 8192 1 1107439616 16778240 343932928 4227072 289407106 2147483648 67108864 4194344 272 4489217 1343226888 1088 268501760 1048576 4096 134217760 33570944 10244 134295552 2182086656 2147614721 1085280273 672399360 1 270008324 201363456 25174016 2281701376 32 4198528 1048640 268730432 21004288 4456480 5120 0 16777216 134217728 0 0 0 0 8388608 8349 16908416 12582912 65536 8388608 605032480 4272128 0 266240 1152385024 538969224 272629760 8 300 0 8389632 262144 0 0 1024 34078720 2147487746 2 655362 69 0 1179648 2163456 2054 872415232 0 5408 2148532504 1118208 168304640 4194368 16 10502144 54525952 4194464 16512 2147487744 1073741920 2286420112 664064 8388616 10 131328 0 1107298306 4098 35389824 1107300352 8 33685520 37 134217738 2684354752 16842753 2149581056 2 2408452 1074004224 1073778944 294912 1073742344 272 301989888 2097152 2164916224 8 18560 8192 593920 262272 2147516416 1074790400 1073746356 0 128 2452107264 268632064 0 8391168 49152 1075333120 0 262152 33718272 2168594432 144769026 1073742090 25165828 8404992 29361156 21233665 8 1342177280 1024 8913088 790528 134218752 131584 2148008196 34816 2230272 589824 8407178 2952790020 32 268566656 12 1074790400 268435464 12648452 16 4 0 0 0 0 0 524288 4198400 0 512 4 8388608 0 285212672 0 0 671219744 1048576 0 16 1074790400 8388608 4 419463296 2147483785 268437536 805306632 277872640 262145 17 263744 268451840 2052 17076224 8 1073741824 1077936136 8388992 16809984 134217736 10 2152202304 0 0 134217728 0 0 134217728 1048576 0 16 4761 67239936 8391680 268468224 34603016 8448 537001984 67108864 4097 1073741954 537004480 2156462080 2214592512 1026 272629892 270 335544320 0 142606336 6161 0 1048704 0 5120 16777216 131072 0 536870920 64 0 8 1048576 1024 285212800 0 0 8 1048576 2049 8 0 524288 2155872512 0 4456481 538968064 2052 196608 2282226176 16916482 67109888 1048576 2155872772 8 8388608 0 0 0 0 32 0 131072 8388608 2 0 5120 16777344 131080 0 671219712 0 1 8 256 524288 268435460 17825824 147063040 256 2147483648 147744 134218816 13107720 8 134218050 5 1064960 5120 268435584 2281832452 0 134217800 33554432 2147614721 134218784 1310752 65600 2048 288 67239936 16777216 268439554 34078724 2048 537919496 2315781152 0 201330818 2148017283 64 1048576 1024 0 131072 0 536870912 0 0 8 1048576 131072 4194308 99 8388608 6144 33792 4718592 1280 1073742849 3136 2147483969 2097152 1048704 2359616 581042177 33558788 537067520 524288 1049126 67113472 537002496 256 16781312 289 33554440 268435456 196608 0 131072 134217728 1207959552 524288 2072 0 0 268435456 131072 0 131104 1048576 2048 9 0 524288 12934 1 16778240 0 33554436 67108864 1024 0 0 1032 537395264 1048576 0 285212672 0 0 40 1048576 0 0 262144 1048576 1024 285212672 8 0 671088640 8388608 1 16 1074003968 8388608 0 32 131072 2048 65536 8388608 524290 0 537920000 256 8388608 4096 16777216 0 0 131080 64 2048 1 256 524288
is_linear=0
shrinkage=0.1


Tree=27
num_leaves=127
num_cat=66
split_feature=6 6 8 3 2 2 2 5 2 2 2 2 15 2 2 2 0 2 2 2 2 2 15 15 2 5 2 15 2 5 10 8 2 2 2 10 0 2 2 8 2 2 2 4 2 2 2 14 14 2 2 4 2 8 2 12 2 20 15 15 2 8 9 2 12 12 2 5 12 2 12 2 2 0 5 2 9 2 2 9 8 2 2 8 2 8 2 2 20 2 0 2 12 21 2 2 8 8 2 14 2 20 2 14 4 20 2 18 12 2 6 21 2 14 19 3 21 8 2 8 2 2 8 2 9 21
split_gain=10.4032 10.4795 9.8101 7.23266 7.03237 6.40451 6.29021 6.99491 7.38936 5.92971 5.83288 5.17232 4.77206 6.37345 4.6367 4.35668 4.3147 4.78199 4.28824 4.18345 4.01167 3.8056 3.7995 3.31389 4.58938 3.10525 3.34459 3.10403 3.70726 3.46427 3.28375 3.0781 5.01398 4.12716 3.03505 3.00863 2.92219 4.64518 3.79138 2.90549 2.78036 2.75721 2.64455 2.59276 3.90291 3.15332 2.57013 2.86029 2.22133 2.20658 2.12992 2.06522 2.06062 2.04565 2.04412 2.03318 2.61511 1.98331 1.86966 1.85343 1.85263 1.85068 1.74317 1.71509 1.69448 1.68508 1.7433 1.68155 1.68147 1.67049 1.64038 1.62133 1.61487 1.61217 1.60692 2.69663 2.20864 1.93772 1.72745 1.59166 1.5894 1.61008 1.58818 1.55328 4.05187 2.45008 2.65677 2.60553 1.54804 2.75906 1.66601 1.69024 1.52859 1.51655 1.5537 1.51419 1.49324 2.00659 1.96304 1.89014 1.85541 1.4928 1.48074 1.47136 1.45348 1.56102 1.45242 1.44701 1.44085 1.38446 1.38165 1.3746 1.36214 1.48999 1.35684 1.35595 1.35034 1.3449 2.11464 1.40734 2.30977 1.64373 1.49138 1.33614 1.3291 1.28485
threshold=3.5000000000000004 1.5000000000000002 1.0000000180025095e-35 12.500000000000002 0 1 2 1165.5000000000002 3 4 5 6 3226.5000000000005 7 8 9 10 11 12 13 14 15 394.50000000000006 2286.5000000000005 16 343.50000000000006 17 2998.5000000000005 18 330.50000000000006 74.500000000000014 5.5000000000000009 19 20 21 252.50000000000003 22 23 24 29.500000000000004 25 26 27 20.500000000000004 28 29 30 64.500000000000014 14.500000000000002 31 32 18.500000000000004 33 12.500000000000002 34 817.50000000000011 35 0.33665679395198828 643.50000000000011 3212.5000000000005 36 29.500000000000004 221.50000000000003 37 918.50000000000011 327.50000000000006 38 765.50000000000011 928.50000000000011 39 932.50000000000011 40 41 42 605.50000000000011 43 1010.5000000000001 44 45 224.50000000000003 15.500000000000002 46 47 29.500000000000004 48 13.500000000000002 49 50 0.16875043511390689 51 52 53 467.50000000000006 0.015350243076682092 54 55 29.500000000000004 17.500000000000004 56 33.500000000000007 57 0.22602383047342303 58 14.500000000000002 22.500000000000004 0.19309352338314059 59 0.22619250416755679 53.500000000000007 60 6.5000000000000009 0.0055510324891656646 61 16.500000000000004 0.034269241616129882 9.5000000000000018 0.0063786031678318986 17.500000000000004 62 7.5000000000000009 63 64 9.5000000000000018 65 234.50000000000003 0.017438434064388279
decision_type=2 2 2 2 9 9 9 2 9 9 9 9 2 9 9 9 9 9 9 9 9 9 2 2 9 2 9 2 9 2 2 2 9 9 9 2 9 9 9 2 9 9 9 2 9 9 9 2 2 9 9 2 9 2 9 2 9 2 2 2 9 2 2 9 2 2 9 2 2 9 2 9 9 9 2 9 2 9 9 2 2 9 9 2 9 2 9 9 2 9 9 9 2 2 9 9 2 2 9 2 9 2 9 2 2 2 9 2 2 9 2 2 9 2 2 2 2 2 9 2 9 9 2 9 2 2
left_child=1 9 4 10 -2 92 -3 12 48 -1 -4 68 13 107 -15 -11 17 -7 -10 124 -18 -22 -19 24 -23 26 114 29 101 79 54 32 -17 -33 103 36 38 -38 -27 88 116 125 -26 45 73 -35 -32 55 80 51 -42 95 70 106 -31 57 64 104 -51 109 -20 71 -53 -41 -57 112 -67 -66 -12 -39 -40 -21 -59 -45 75 76 -43 -78 -76 -16 -9 -82 -55 85 -85 86 93 -87 89 -37 91 -90 -5 -71 -95 -24 97 99 -98 100 -52 -29 -92 -6 -48 -106 -44 -8 -86 -30 -64 -54 -60 -114 -13 -36 -25 119 -119 121 122 -113 123 -121 -14 -34
right_child=2 6 3 5 34 16 7 8 18 15 11 25 19 14 27 31 20 22 60 61 21 23 49 40 42 35 -28 28 59 30 46 33 41 43 115 39 37 69 52 63 50 74 53 44 -46 -47 47 -49 -50 58 96 62 111 82 -56 56 -58 72 65 -61 -62 -63 110 -65 67 66 -68 -69 -70 83 -72 -73 -74 -75 78 -77 77 -79 -80 -81 81 -83 -84 84 108 87 -88 -89 90 -91 102 -93 -94 94 -96 -97 98 -99 -100 -101 -102 -103 -104 -105 105 -107 -108 -109 -110 -111 -112 117 113 -115 -116 -117 -118 118 -120 120 -122 -123 -124 -125 -126 -127
leaf_value=-0.15016941117452728 0.11904231388833658 0.14855166773172993 0.17016747457978454 -0.14982116478922822 -0.65699394666025568 0.23618306593118824 -0.23029551221159297 -0.41568129464260051 0.10730079273313234 0.32799345860518259 -0.20352316316814731 -0.23676282758454789 -0.31662635856032523 -0.11721237415071123 -0.38367090066264953 0.33984140474722302 0.30952697295296344 -0.61687223954387649 -0.034276889260570084 0.045545301753450583 0.22871250941002966 -0.12106352610211833 0.10724006493058752 -0.21093184672201573 0.20840999403791016 0.079719205582638508 0.0073010315129719873 -0.34023094482645322 -0.23265571914568184 0.19269211745215598 0.093629217569913561 0.15959877829288494 -0.21825842034835496 0.089952066040728598 -0.11382770983824618 0.040433105604264635 0.13782349629810386 -0.077548653412155555 -0.15091734667479087 -0.96242323437970934 0.25314644308745915 -0.068887061691215487 0.089221788353315387 -0.03887133442764773 0.0020792976469560681 -0.014871006969392765 -0.0573036217534766 0.08673722498584277 -0.2334564673368198 -0.1934524663038073 0.13196983456376718 -0.4724826159372022 0.12585704636587916 -0.11600466506878196 0.031204080597220185 -0.045229222826979373 0.10517139360713655 -0.22105216913844694 0.05690857817196731 0.15217242829027489 -0.18874017653374509 -0.14552356432710936 -0.18670196054043978 -0.2657328368558734 -0.63222853722262895 0.026101934718804211 0.17193773261810252 -0.023791691789357125 0.05896189016735448 0.0080521757175720122 0.1577659821317019 0.16566226448756741 0.296661839879589 -0.28270475790826899 0.24660639204011991 0.10947279029784943 0.2243704087407577 -0.55378659289986354 0.070338023101111619 -0.25732929325821197 -0.22758320310361171 0.02033550821270752 0.2110836078679047 -0.261507691841045 -0.30127879350120995 0.018420641230154102 0.049426991975051737 0.18241331756750162 0.082962875947818288 -0.35259970387706824 0.39856456162567716 -0.20829815295786724 -0.038648106146196071 -0.037059648292780092 -0.18743616650454686 -0.094065592392250985 0.20548683184924418 0.24931013353428272 -0.11086553725879084 0.21785361045914595 0.0048647819205924715 -0.065336865719789514 -0.015144279988413388 -0.35611530285341386 -0.66426276864197153 -0.25776524986233035 -0.042283483358476856 -0.12531174987091762 0.07668011551098948 0.10578805226875679 0.048771826471156333 0.063879582478874514 -0.2264379151135256 0.0061884033878729424 0.20746643292242314 -0.37089966799567764 -0.0088592058944028593 -0.076410678541287899 0.10541435434516111 -0.65094903151571837 -0.047286156987553528 -0.063056925709893283 -0.14727678054385021 -0.11286830400587081 -0.055627008231856727 -0.0059217920658463583
leaf_weight=1660 917 2133 2567 1285 189 2811 1366 1282 1454 1458 1536 1828 129 9253 153 2714 2376 135 1984 5243 10183 2218 2074 264 2758 6119 2494 647 908 1252 2056 3763 444 8955 583 1029 8425 1827 2305 118 8419 1061 2983 445 2757 15262 30653 4807 929 730 6582 110 724 591 2662 550 3072 261 2946 594 4024 688 2400 377 109 3861 4320 104 242 3575 244 3422 1073 1145 2319 1589 110 266 4163 873 118 234 3152 717 234 3197 17990 4104 1286 1489 966 1989 1143 1882 1591 981 494 3993 1283 5528 7864 273 1255 261 103 232 7620 1041 1152 343 910 3878 1186 2001 174 1090 1183 1096 2271 147 4859 3303 1014 139 2307 377
leaf_count=1660 917 2133 2567 1285 189 2811 1366 1282 1454 1458 1536 1828 129 9253 153 2714 2376 135 1984 5243 10183 2218 2074 264 2758 6119 2494 647 908 1252 2056 3763 444 8955 583 1029 8425 1827 2305 118 8419 1061 2983 445 2757 15262 30653 4807 929 730 6582 110 724 591 2662 550 3072 261 2946 594 4024 688 2400 377 109 3861 4320 104 242 3575 244 3422 1073 1145 2319 1589 110 266 4163 873 118 234 3152 717 234 3197 17990 4104 1286 1489 966 1989 1143 1882 1591 981 494 3993 1283 5528 7864 273 1255 261 103 232 7620 1041 1152 343 910 3878 1186 2001 174 1090 1183 1096 2271 147 4859 3303 1014 139 2307 377
internal_value=0.000378511 -0.000290016 0.000864217 0.00095805 -0.00476974 0.00156637 -0.000950748 -0.0010867 -0.00356608 0.000886405 0.000306661 0.000165448 -0.000751746 -0.00110042 -0.000897179 0.00109484 0.00170019 0.000561798 -0.00196467 0.00109339 0.00211271 0.00196468 5.72382e-05 0.00163482 0.000580686 0.000278971 -0.00227758 -0.000521336 -0.00377938 -0.000333611 -0.000207951 0.000921111 0.00221805 0.00039812 -0.00790905 0.000423949 0.000637493 0.00112831 -0.000203378 -0.00135268 0.00220725 0.00120805 0.00113591 -1.25985e-05 -0.00226133 0.000391048 -0.000460251 -0.000633572 -0.00818888 0.000162183 0.00238873 -0.00138011 -0.000870435 0.000589301 0.00256515 -0.000938407 0.00123859 -0.00119671 0.000826359 -0.00115903 -0.0031439 0.00205383 -0.00307017 -0.00878788 -0.00397154 0.00107866 0.00201809 -0.0115962 -0.0051566 0.000636457 -0.00352091 0.0024524 0.00257871 -0.0061875 0.00168943 -0.0002115 -0.00333794 -0.00994681 0.00257945 -0.00608187 -0.0104406 -0.00448864 0.00259952 0.000792988 -0.00184023 0.00096447 0.000494449 0.00257636 -0.000893436 -0.00294678 4.73075e-05 -0.00138508 -0.00349467 -0.00115047 -0.00264037 0.000507365 0.00193523 0.00214336 -0.000861001 0.00173425 0.00113249 -0.00892473 0.00215598 -0.0152174 -0.00135924 -0.00791045 -0.000119777 -0.0061357 0.00133238 -0.00334932 -0.00265861 -0.00048105 -0.000174466 -0.00160463 -0.00530815 -0.00586453 -0.00207962 -0.000666187 0.00111969 -0.00111694 -0.00222601 -0.000165715 -0.0059542 -0.0123776 -0.00259199 -0.0043201
internal_weight=320387 134820 185567 182527 3040 94384 86332 84199 10025 48488 88143 85576 74174 62385 59978 46828 91956 24465 7462 11789 67491 65115 21654 54932 19322 83798 4496 50725 2765 47960 46934 45370 13043 32327 2123 79302 70793 44694 26099 8509 35610 10329 17104 28564 4347 24217 43020 40964 2563 21519 34163 6475 19980 14346 3914 36157 3835 32322 15044 1845 6008 9353 3420 495 763 14314 8181 213 1778 36269 2549 8665 1334 1590 9508 3026 1437 376 6482 1026 1634 352 3743 34442 2103 32339 25038 7301 8014 2518 5496 3275 2428 7048 3473 3055 25744 23967 1777 19974 14446 920 2221 450 30988 335 10603 2407 1386 1251 3310 17431 6133 3187 2002 1673 1447 16707 3367 13340 6159 7181 1300 286 2436 821
internal_count=320387 134820 185567 182527 3040 94384 86332 84199 10025 48488 88143 85576 74174 62385 59978 46828 91956 24465 7462 11789 67491 65115 21654 54932 19322 83798 4496 50725 2765 47960 46934 45370 13043 32327 2123 79302 70793 44694 26099 8509 35610 10329 17104 28564 4347 24217 43020 40964 2563 21519 34163 6475 19980 14346 3914 36157 3835 32322 15044 1845 6008 9353 3420 495 763 14314 8181 213 1778 36269 2549 8665 1334 1590 9508 3026 1437 376 6482 1026 1634 352 3743 34442 2103 32339 25038 7301 8014 2518 5496 3275 2428 7048 3473 3055 25744 23967 1777 19974 14446 920 2221 450 30988 335 10603 2407 1386 1251 3310 17431 6133 3187 2002 1673 1447 16707 3367 13340 6159 7181 1300 286 2436 821
cat_boundaries=0 11 23 34 45 56 67 79 90 102 113 114 126 137 148 158 169 180 191 202 213 224 234 235 246 257 269 281 292 303 314 326 337 347 358 369 380 392 401 412 424 435 444 445 456 463 473 483 495 506 517 528 539 540 551 561 572 583 595 606 618 629 639 649 660 672 683
cat_threshold=0 8388608 4194560 33554432 0 671219720 42467520 5638146 134218752 1745879808 8388865 2080 8421376 1028 128 135266688 1310720 436207616 1024 805568512 2214723584 286263808 96 603996162 2261024 66 1073741825 320 1078993024 503324672 268443776 17039360 131200 512 16777220 67108868 407113729 33685504 4096 134284296 2161115200 4130 100663296 262154 4096 524416 3221225746 10535424 19171328 2147483648 8388736 9216 524320 160 271056960 2147483712 2147484033 44042368 0 536871298 524480 57472 2147483912 268435456 872415232 526336 402657280 2103298 131106 8397888 10485760 264 0 1073872928 8624 2101280 640 131584 34 2290155781 20971524 8704 17563904 3229615104 33024 2147483648 32772 4194434 20 134283264 33558688 134219776 388 167772166 0 8389632 9441328 2147619905 1 134217730 8388612 16 2181042177 33280 8193 541952 536879296 4218880 2181300224 1024 270598144 33558532 17891328 8218 16797700 1157628964 25427968 579862532 2214592512 8192 4194560 262148 137363456 10 65536 8 0 1077936128 65568 524292 3221225600 32768 640 6030848 1052681 1081086976 2147483653 1048576 41945088 16777217 33554432 2052 536940608 2148664064 2148536321 2101248 1074005512 8912960 69206145 138412048 8389120 554696960 41951234 1379926016 2147491840 1081632 12582912 268435476 1114112 33555460 0 3221260288 2147485696 33120 4172 2164535812 134217729 320 8912896 64 1140983936 4354 134496256 0 4096 72089600 4194306 68157440 1209012362 138412033 1048576 16781312 268435456 131072 0 0 8388608 8390656 0 1075052800 524544 268435456 8393728 16777217 2048 67108864 131072 320 6029314 136314888 1048832 524608 335740928 8388612 0 2147483648 256 537006080 524432 1049088 160433169 676339968 276824065 16388 157286528 266496 0 68191264 264 138543680 17039622 138412032 2 4325376 9437188 5120 0 0 268435456 0 0 2147487744 8 262144 569 524288 1048576 1 2148532232 2751471616 541066504 41943040 21758017 1073741824 1074005248 2168456192 17825796 1279262980 65536 134612996 1342181376 134217832 68157568 2147483650 4194304 4098 524288 131072 2097152 0 3 1140887556 155648 1073873152 4194368 16842752 6293504 4096 16 16793604 71303168 4096 537919488 2048 64 768 299264 67108872 133120 0 8 276955140 3146016 8320 8388608 1409286208 140288 288 8 18939906 33557024 196608 9437184 8388612 289407008 4 268435456 134218848 0 2151847936 1040 1207959816 260 11665408 1028 406847522 134217734 0 1114176 524288 167936 68162571 262400 8388864 0 2249195536 2396160 2147532800 268468228 16384 4325376 5243424 8454176 33554432 268566784 8 278003712 35651586 138412160 262144 536870976 32864 512 9994754 8392704 2372 2155872260 16384 3221225472 16777250 35668992 131072 69632 5767184 8388739 1140851744 1610887298 302006272 17829888 4198688 2148532224 2147491844 70912 33554944 524288 1207959552 401408 13631744 2097216 1073741952 151011328 16384 67244032 134217768 262464 786440 1209008128 1073743872 2168455168 16777216 1073741824 8388608 133120 0 8 1024 0 1049616 262472 16777216 276824064 1050624 32768 2684354568 335552512 131168 525360 165889 144704512 134217792 276824064 64 0 4096 0 131072 0 134348800 0 0 16 2097152 4112 268435746 657408 12292 541197568 8388688 131104 1073742864 1075839488 4325377 65536 3288334336 311298 1207959556 1073774592 1074790464 263168 1050122 34603008 2101264 65600 24 8388608 16777216 384 136 335544320 134217736 8913024 12746754 142607368 135266624 4194565 1048576 0 134217728 0 67108864 131072 64 0 8 2305 9437184 1024 285213056 131080 268435456 40 1048640 2147616768 0 0 256 9437184 0 128 8 0 0 1048576 8388608 4096 268697728 33685504 4 40 1048576 2147616770 0 262656 0 4 138674176 0 0 0 1048576 4096 0 2 16386 0 0 8 536870912 134217736 131072 2048 1024 262144 68 8 4 1024 402653184 0 268435456 131104 1048576 2147614720 134217728 672137216 8388609 285343748 16777236 4198784 393216 269490176 8388640 201327168 34816 25165832 131074 260 9437184 4199428 20971520 542720 36 134414336 134217856 8523776 66576 138412040 524293 8388608 16777216 150995072 8 0 536870912 128 4194305 134217744 537919488 5 6405 1048576 16778240 128 33685504 0 131112 128 8388608 135266320 1610874880 524292 0 4 4224 393216 6144 32 64 0 25165824 131072 9437184 0 128 0 0 32768 512 8913410 0 4 2147483648 8388608 16783360 4352 8 268435456 1032 0 657408 2097160 0 5 2164785156 16783488 4460545 131084 32 671089800 67109376 0 36700160 8 2151677957 8 0 5120 134217760 33554440 0 675282976 1048576 0 1048585 1074790656 524289 2 16777216 151027712 10 536871456 81928 1073872912 524480 0 539238400 4164 8 1048576 0 138412032 8 268435456 134217728 0 2048 16 0 1 0 4196352 268435456 655360 4 4326408 1572864 4194305 1073742865 1610875392 8388608 0 285474816 0 536870912 131072 8388608 512 17 3145984 67108864 0 134217728 33554440 0 131072 4194368 32768 1049600 1075839232 5 75497472 0 402653186 33554432 536870912 131072 4194320 16783877 1049752 1210056968 4 8 0 0 0 8 0 131072 64 0 0 0 4
is_linear=0
shrinkage=0.1


Tree=28
num_leaves=127
num_cat=64
split_feature=6 8 20 2 6 2 15 2 2 2 2 15 2 10 2 14 2 2 2 2 0 2 2 13 2 2 8 2 8 2 2 10 2 11 2 2 11 2 11 2 2 2 14 14 2 10 15 2 2 2 11 2 21 10 11 2 8 2 8 15 2 20 2 3 8 0 11 0 2 2 2 2 13 2 3 2 10 2 17 11 2 0 2 3 10 2 2 2 14 10 18 20 21 2 0 20 2 14 11 10 9 11 9 2 13 3 2 21 2 2 0 3 0 12 14 8 10 0 10 9 15 16 11 2 2 2
split_gain=8.82928 8.0997 6.63848 5.72726 5.66673 4.99873 5.08039 4.7894 4.57654 4.26612 4.23654 3.85552 3.83023 3.79617 4.50798 3.76788 3.77331 3.70673 3.58743 3.40832 3.93662 4.45681 3.30507 3.19143 3.32317 2.96238 2.80424 5.81124 3.84228 3.80334 2.7967 2.80486 4.31636 3.9961 5.10741 3.35583 2.7585 2.72184 2.70697 3.17795 2.58414 2.5423 2.49133 2.46639 3.05958 2.46605 2.43966 2.25059 2.20176 2.13429 2.0686 2.05805 2.05612 2.20006 3.97246 2.05118 2.03744 2.28972 1.97559 1.97381 2.07478 1.93128 2.6362 1.92356 1.88218 1.83566 2.31735 1.81014 2.27928 2.06329 1.79242 1.78539 1.75822 1.75542 1.7405 1.73935 1.66273 2.03023 1.61619 1.61545 1.94144 1.92226 1.60905 1.59635 1.84774 1.55982 1.54612 1.49803 1.48269 1.48011 1.91035 1.54391 2.09112 1.46966 1.8471 1.43112 1.80312 1.42666 1.42614 1.89525 1.75521 1.84149 2.04037 1.44028 1.41353 1.98064 2.80837 1.70371 1.55034 1.44109 1.40604 1.40453 2.86528 1.40262 1.76204 1.39772 1.37659 1.37334 1.36878 1.43384 1.4857 1.35827 1.34177 1.34063 1.3382 1.31344
threshold=3.5000000000000004 1.0000000180025095e-35 0.20940191298723224 0 1.5000000000000002 1 3217.5000000000005 2 3 4 5 3174.0000000000005 6 182.50000000000003 7 64.500000000000014 8 9 10 11 12 13 14 8.5000000000000018 15 16 29.500000000000004 17 21.500000000000004 18 19 106.50000000000001 20 4.7184658050537118 21 22 6.6784667968750009 23 3.7155568599700932 24 25 26 35.500000000000007 18.500000000000004 27 167.50000000000003 4220.0000000000009 28 29 30 5.7101862430572519 31 0.017194103449583057 136.50000000000003 5.2687838077545175 32 18.500000000000004 33 7.5000000000000009 431.50000000000006 34 0.22033832222223285 35 6.5000000000000009 29.500000000000004 36 5.0677330493927011 37 38 39 40 41 27.500000000000004 42 9.5000000000000018 43 79.500000000000014 44 0.025017735548317436 5.6403467655181894 45 46 47 8.5000000000000018 348.50000000000006 48 49 50 83.500000000000014 224.50000000000003 0.24015521258115771 0.15335512906312945 0.025271463207900528 51 52 0.08774570003151895 53 56.500000000000007 2.8704097270965581 90.500000000000014 308.50000000000006 5.0968563556671151 768.00000000000011 54 23.500000000000004 15.500000000000002 55 0.012151774950325491 56 57 58 17.500000000000004 59 474.50000000000006 11.500000000000002 7.5000000000000009 73.500000000000014 60 70.500000000000014 172.50000000000003 2164.5000000000005 0.21048306673765185 3.8811541795730595 61 62 63
decision_type=2 2 2 9 2 9 2 9 9 9 9 2 9 2 9 2 9 9 9 9 9 9 9 2 9 9 2 9 2 9 9 2 9 2 9 9 2 9 2 9 9 9 2 2 9 2 2 9 9 9 2 9 2 2 2 9 2 9 2 2 9 2 9 2 2 9 2 9 9 9 9 9 2 9 2 9 2 9 2 2 9 9 9 2 2 9 9 9 2 2 2 2 2 9 9 2 9 2 2 2 2 2 2 9 2 2 9 2 9 9 9 2 9 2 2 2 2 9 2 2 2 2 2 9 9 9
left_child=4 3 7 -2 8 -6 11 -3 -1 -9 74 15 -8 14 -12 16 -7 -10 -15 -11 21 -21 110 24 42 -13 28 -28 37 -30 -18 32 97 34 -33 65 49 -22 39 -34 -40 63 -24 44 -39 47 48 -37 111 -20 67 -5 70 -54 -55 -38 79 -58 82 60 -23 71 -63 -25 75 66 -35 68 -43 -69 -29 -50 89 118 -4 -14 -27 -78 113 80 -49 -82 -51 124 93 -52 -61 -47 125 98 91 92 -91 -85 -95 96 -46 -32 99 103 -100 102 -102 116 105 108 -107 -108 -73 -106 -16 -19 -113 121 -115 -101 -45 -31 -41 120 -120 -79 -36 -66 -60 -26
right_child=1 2 10 51 5 6 12 9 17 19 13 25 64 18 22 -17 30 46 36 20 26 59 23 41 88 76 27 52 29 117 31 33 38 35 122 45 55 43 40 73 -42 50 -44 72 95 87 -48 56 61 58 85 -53 53 54 -56 -57 57 -59 83 86 -62 62 -64 -65 123 -67 -68 69 -70 -71 -72 104 -74 -75 -76 -77 77 78 -80 -81 81 -83 -84 84 -86 -87 -88 -89 -90 90 -92 -93 -94 94 -96 -97 -98 -99 100 115 101 -103 -104 -105 109 106 107 -109 -110 -111 -112 112 -114 114 -116 -117 -118 -119 119 -121 -122 -123 -124 -125 -126 -127
leaf_value=-0.14916142167364468 0.040138975689532452 -0.14506149153554868 -0.26463826178698985 -0.46852658112104728 0.15981435257057242 0.088853188336957628 -0.088439099388662748 0.15577395477446088 0.1969793577010451 0.099801700007187244 0.28125434015358253 0.10924372165055934 0.15109544410669307 -0.1666149973319335 0.10230799028393917 0.07463059625610001 -0.15550142208264453 -0.0127623140606778 0.10888728266686099 0.042688069665607203 0.069359455349428625 -0.039311867196979759 -0.11737351468444385 -0.19075204982144095 0.11181243563086657 0.00064080961109156407 0.0899828344043615 0.022207244120054075 -0.034276787816533254 0.37558905412201288 -0.14108713421821759 -0.31379819656070235 0.066495086006011714 -0.4990558180485774 -0.31345471909917055 0.14550093063031944 0.02514717698845513 -0.14258487659629787 0.15288797950286503 0.1235354085663911 0.01228594678369159 -0.046178339902549048 0.48930670726706887 -0.01721143920047305 0.13828167841506542 -0.018048235534630284 0.22756880310889246 -0.1966829314988906 -0.052312599120115801 -0.24286194450150711 0.083354657300598822 -0.22568734673012433 -0.14687991940646364 -0.64041540850315581 -0.31902990908401246 0.25249799544358348 0.22299317796762913 -0.027395390564324024 -0.65200845299114674 -0.21173981613197546 -0.5788049744250271 0.27786883766238707 0.055333997031668206 0.23038581390790816 -0.38227603686922995 -0.11912282647479244 -0.22043146642886691 0.016326066367399847 0.079375226701311655 0.15576026865966053 -0.15074734496832823 0.092072648411222202 0.10581313446228385 -0.14355994346906761 -0.060029871685406203 0.033694967035369311 -0.56922524903447147 -0.21214364317660009 -0.45460303777634814 0.01468882068964158 -0.17738669442655122 0.04356430348384685 0.1303572066552692 0.18198718968635175 -0.89882581680186824 0.23864026309004013 -0.063626365980154864 -0.14791205630128101 0.4541908810109867 -0.14417243595302265 -0.39198537327020766 0.041011357251983668 -0.73625714756767191 -0.021845958788419127 -0.40406385428467551 -0.0083222928837736257 -0.40293929811399498 0.093558534182699507 0.13542444888212643 -0.18477236869193803 -0.010957649243591182 0.066894247720915692 -0.42473006192372464 0.062282358585466407 0.18920217102617543 0.053381954105084534 -0.027827006364809132 -0.29179959145978418 -0.019361727559164685 0.026286722415019188 -0.075419442104547429 -0.26128322385338948 0.04148397895303868 -0.35473220122172133 -0.28324156252226751 -0.54948392050004757 -0.34684759431315126 0.14904681050995319 -0.33022111811353061 -0.033245218996988304 -0.5411005361715201 -0.016770854601496573 -0.047717649127484947 -0.018989724225838563 -0.24500716584837248 0.021129958291248217
leaf_weight=1565 1139 1584 167 462 1933 2697 2075 1666 2090 6715 2181 364 3509 2930 2031 5180 1468 5542 4272 2119 10781 224 2677 315 4229 359 1509 742 1906 1370 2153 2339 2661 175 638 1630 3085 3413 2298 874 3934 3619 242 598 111 4799 1643 1882 4903 602 2153 1454 559 126 435 4729 1134 882 106 1178 462 2503 12828 8279 215 6125 1797 3887 6511 10480 1231 3252 5536 2418 1402 7356 210 1028 112 3196 1131 1896 2912 897 359 5450 1813 10211 882 726 376 1690 125 1788 674 20739 162 289 1994 146 7566 8611 453 1071 2028 1266 550 774 3961 3629 3080 903 900 106 124 108 312 3037 177 2623 145 578 2955 661 605 10654
leaf_count=1565 1139 1584 167 462 1933 2697 2075 1666 2090 6715 2181 364 3509 2930 2031 5180 1468 5542 4272 2119 10781 224 2677 315 4229 359 1509 742 1906 1370 2153 2339 2661 175 638 1630 3085 3413 2298 874 3934 3619 242 598 111 4799 1643 1882 4903 602 2153 1454 559 126 435 4729 1134 882 106 1178 462 2503 12828 8279 215 6125 1797 3887 6511 10480 1231 3252 5536 2418 1402 7356 210 1028 112 3196 1131 1896 2912 897 359 5450 1813 10211 882 726 376 1690 125 1788 674 20739 162 289 1994 146 7566 8611 453 1071 2028 1266 550 774 3961 3629 3080 903 900 106 124 108 312 3037 177 2623 145 578 2955 661 605 10654
internal_value=0.000321785 0.000769331 0.000854862 -0.00433715 -0.000294489 -0.000779851 -0.000895112 0.000251552 0.00057244 0.000348137 0.00145815 -0.00123845 0.000858425 0.00154832 0.0019304 -0.001086 -0.00130072 0.000750716 0.000439479 0.00025286 7.37334e-05 -0.00243541 0.00177817 0.00198828 0.000906658 -0.00482124 0.000266824 -0.00212516 0.000422273 0.00277681 -0.00146557 -0.00135647 -0.000300478 -0.00181172 -0.00421106 -0.00140341 0.000917711 0.000191885 0.000330251 -0.000788941 0.00192876 0.00248538 -0.00218846 -9.9168e-05 -0.000841351 -0.0008625 0.000557595 0.000222109 0.000413346 -2.04663e-05 0.00207412 -0.00765317 -0.00459877 -0.00803571 -0.0124599 0.00238546 -0.000334616 0.00250992 -0.000989563 -0.00453756 -0.00938775 0.000737733 0.00158568 0.00401441 0.00155817 -0.00318613 -0.00584258 0.00162755 0.000601578 0.00234889 -0.00267106 9.9691e-05 0.000519242 -0.00202177 -0.00367954 0.00191901 -0.00602691 -0.00709917 -0.0059857 -0.00104257 -0.00218171 -0.000602568 0.000779739 -0.00239557 -0.00156536 0.00351572 -0.00344032 -0.00171219 0.00148019 0.000145525 -0.00196435 -0.000979929 -0.00445358 -0.000836558 -0.00209547 -0.000389116 -0.00758242 -0.0041925 0.000440578 -0.00194631 0.000727019 0.00039086 -0.000699588 -0.000903584 0.00062702 -9.89489e-05 -0.00247104 -0.00566717 0.000752808 0.00188616 -0.00066198 -0.00116247 -0.00358846 -0.00530501 -0.0126087 -0.0100787 -0.00380435 0.00438533 -0.00068164 -0.00171477 -0.00801242 -0.00425903 -0.00182348 -0.00289954 -0.00673699 0.00124505
internal_weight=320121 185447 182392 3055 134674 86337 84404 91194 48337 89610 91198 70588 13816 89629 66670 67707 62527 46772 22959 87944 81229 5796 64489 59378 18684 2881 75433 4602 70831 6313 59830 58362 17572 40790 5932 34858 20029 64518 15130 8898 6232 40694 2919 53737 24425 26761 44682 11751 43039 12215 32100 1916 3093 1120 561 7814 10121 2016 7943 3677 686 35694 15331 8594 11741 8097 1972 24497 10130 14367 1973 20363 29312 6237 1569 10865 2517 2158 1948 8105 4909 3027 3514 4429 3718 7603 2991 15010 15765 23776 2917 2541 851 3359 2462 21012 273 2442 20859 2235 18624 16630 8019 1981 15460 9803 2590 1324 7213 5657 5111 7345 1803 1836 230 254 910 4407 3819 2945 322 1606 3593 876 711 14883
internal_count=320121 185447 182392 3055 134674 86337 84404 91194 48337 89610 91198 70588 13816 89629 66670 67707 62527 46772 22959 87944 81229 5796 64489 59378 18684 2881 75433 4602 70831 6313 59830 58362 17572 40790 5932 34858 20029 64518 15130 8898 6232 40694 2919 53737 24425 26761 44682 11751 43039 12215 32100 1916 3093 1120 561 7814 10121 2016 7943 3677 686 35694 15331 8594 11741 8097 1972 24497 10130 14367 1973 20363 29312 6237 1569 10865 2517 2158 1948 8105 4909 3027 3514 4429 3718 7603 2991 15010 15765 23776 2917 2541 851 3359 2462 21012 273 2442 20859 2235 18624 16630 8019 1981 15460 9803 2590 1324 7213 5657 5111 7345 1803 1836 230 254 910 4407 3819 2945 322 1606 3593 876 711 14883
cat_boundaries=0 11 21 33 44 55 66 77 88 100 111 122 133 134 146 157 168 179 191 202 214 225 236 247 259 270 282 294 305 316 327 339 350 360 371 380 392 393 394 405 416 426 438 450 461 472 484 485 496 508 519 530 541 542 552 562 573 584 595 596 597 598 608 618 629
cat_threshold=0 8388608 4194304 8 67108864 671220736 35127488 30803970 134218753 672137472 524549 603981826 33718400 557120 16385 1164 1077944448 1543512064 268435456 262144 35782784 268568576 335544322 525376 2415951872 0 262144 134349824 8 543424544 67109028 2147484160 96 17367168 3221225494 8437760 537133056 1073741824 1082163328 1024 288 8388736 268959936 2147483712 201326592 1075839024 8405504 143656194 34078720 33562816 4198440 0 301989888 4718592 5120 6208 1081378 2123270 134742144 134254720 1048576 1409548288 576 268435456 67108864 2147484160 0 8388612 16781313 33554432 67110912 536907776 2148664064 32771 134217728 264200 8388672 67305600 4718608 8912896 537151744 100663328 4235264 134217992 270336 100728832 268435460 135266304 320 2147483680 344066 128 1213216 33570816 33554720 4588040 0 403177504 576 64 2147487749 8421376 257 17408 8320 4202496 2214985728 66 4128 37752868 17891840 346046464 4096 288 2304 268437508 128 33554432 2169372674 1048704 134226432 4261184 2147484000 34605700 2097155 570687488 2147614720 16384 524288 17039873 1157627904 536879114 4194304 816 8388609 34048 268697984 2060 8192 197632 64 4102 145 1073742400 268500993 8 16777219 100667392 4097 8389636 1180416 16640 4198912 1051652 4130 2147627008 2048 8404992 2048 4194592 33554440 536870912 545457152 0 4325376 138412032 1074790466 321 4 4194304 4352 0 0 0 524480 6145 0 1073742400 1 0 29364224 17039744 136 6144 1056 33555136 9439234 135267336 1073742912 524288 8 4 8388608 16777600 2246656 67112960 134349832 33554688 10092544 135266320 1280 268435461 2281705473 135266310 8708 262400 1082654784 256 266240 4 570425472 4 8457216 16 2162820 75497488 404754433 51412992 268435456 65536 0 2164822018 10485760 12824 134217728 26738688 1024 285212800 2097152 4096 1032 524288 1 1073741848 262144 256 42074112 8391168 138416160 578945024 10240 4104 2155872768 2147483648 202375170 262912 2164260868 8913028 0 69664 2048 1073746048 1610612744 1140850688 2148171872 16 35656960 131140 16 8929280 1092617728 16777248 2147483660 603990016 0 8389184 0 135331880 4456450 2168455424 286261248 0 416 537004034 67117056 536871008 524304 1025 68161552 262400 269090820 8 2449473540 3076 4194304 34635776 0 176230568 0 4325632 146800641 320 655361 64 0 135168 419692544 1073741825 537953280 142606592 269484608 276832276 8388608 1310736 16777216 285736960 73400320 256 2129920 2415919104 134283264 655360 1605632 16 536885312 131073 2097154 236980224 4259840 2099200 301992960 134217792 1572992 4725761 1140850688 136315904 4 1703936 8391680 134217728 41943044 536870912 81928 9437312 1053697 134217730 1074003968 8388608 8 9437188 16781312 262144 0 268435456 65536 0 2147487744 8 64 4194304 131072 4194308 150995072 8 67108864 131072 256 8390657 134218762 1074794496 1048576 5120 16777345 12 0 536871008 64 25165826 1075838984 0 4194560 18874368 0 134217728 0 2048 32 1048576 0 2 0 16777216 266242 2283405442 2214592516 33689864 4194560 1081344 2 537274368 8388608 8 184 409 16384 2097152 16810272 131080 536879104 1610612736 64 8949890 2098192 1074006016 8454148 10485760 2164260864 65536 2149580802 2415922180 132096 1572864 2164260867 16777224 136316544 289406976 1048576 1024 272629760 131072 67108868 8 1048576 659456 16 262144 8388608 4352 19140738 34734210 2147483652 5376 4194304 2156920840 2 141576 8388608 8 1179648 4198400 128 1210056704 0 135266312 131072 9447425 1140851729 603982848 4097 2 268451844 4195328 134480160 2099204 1073750016 1088 64 18352128 1074790425 537921024 4194304 0 8388608 16777216 0 0 0 0 5242880 134217728 134217730 4194308 0 1073745920 16777344 4 536870912 32 64 8389635 1075843073 1026 4194304 8 280 4 50331648 16777216 393216 0 0 64 2048 1 64 524289 0 10485760 16777216 2147483656 536873024 64 8388672 36864 1076887552 2056 276890948 8 2097152 4194304 134217728 131072 4 32 41943056 4227072 134222858 393472 8913152 2621440 16778240 128 524292 536870912 134218752 0 25693440 4260872 1078992898 273154305 0 0 4194304 0 0 0 0 8390656 1 538443840 1 7687 0 0 0 2113536 0 131104 0 0 0 1073741824 1048576 0 134217728 8 0 134217760 1048576 0 0 1074790400 268435456 0 402653216 0 0 536936488 8388672 262144 1048593 1310720 524288 1179648 1024 0 12 67108864 537985024 41943296 17170432 135267344 1073741826 1 268435456 17826944 8192 8 288 131080 142610944 16810500 3146761 537919488 269090817 7048 13872 12290 0 1024 4194304 0 0 1024 524288 131072 16 512 0 0 4194304 0 0 32 0 0 0 537919488 268435460 134217984 16777216 2147614720 2048 134217760 35127424 2147520515 136 539492352 525316
is_linear=0
shrinkage=0.1


Tree=29
num_leaves=127
num_cat=83
split_feature=10 11 10 11 1 2 1 11 1 10 1 2 2 2 2 10 1 2 2 1 11 1 6 1 1 2 1 15 2 2 2 1 11 2 2 1 2 2 14 1 1 2 1 1 2 2 11 2 1 2 1 2 11 12 2 10 1 1 2 2 1 10 1 2 11 10 1 1 14 1 1 1 2 1 1 2 2 18 2 10 10 11 1 11 1 2 1 2 2 2 1 2 1 1 1 10 11 13 2 13 3 15 2 3 2 1 2 12 1 13 19 2 2 4 2 11 1 20 1 4 15 4 15 2 11 1
split_gain=9.52375 9.79964 9.37138 10.2712 7.6489 6.23957 5.80414 5.57679 5.53732 5.48024 4.48032 4.41744 4.28163 4.12407 4.11563 4.08698 4.03696 3.72675 3.71751 3.5568 3.5342 3.63163 3.5154 3.6585 3.49666 3.52121 3.42714 3.43983 3.52541 3.24226 3.15823 3.11449 3.10319 3.39155 3.23655 3.00887 2.93317 2.91243 2.86462 3.67462 3.26001 3.18096 2.84164 2.77677 2.72881 2.71111 3.13156 3.73198 2.64533 2.61586 2.89234 2.59565 2.55672 2.49824 2.48753 2.48723 2.43401 2.40729 3.48164 2.8564 2.4052 2.33528 2.74018 2.53151 2.32985 2.31147 2.31004 2.24491 2.24148 2.15217 2.11938 2.11842 2.05715 2.02934 1.99182 1.9883 1.98022 2.13805 1.95129 1.98598 1.94856 2.06293 2.14781 1.93645 2.29782 2.65099 1.91115 2.662 2.36171 1.90509 1.8921 1.89141 1.88539 1.83251 1.82687 1.82492 1.81477 1.80751 1.76169 1.95439 2.41129 2.06459 1.76018 1.88116 2.28372 1.86537 1.75566 1.73978 1.71799 1.71246 1.68985 1.68981 1.65484 1.65193 1.64506 1.64465 1.64337 1.61837 1.61429 1.60745 1.59289 1.68226 1.56252 1.64649 1.56045 1.55857
threshold=85.500000000000014 4.0771710872650155 123.50000000000001 5.8167102336883554 0 1 2 3.0043103694915776 3 215.50000000000003 4 5 6 7 8 215.50000000000003 9 10 11 12 5.2276141643524179 13 6.5000000000000009 14 15 16 17 564.50000000000011 18 19 20 21 6.7787744998931894 22 23 24 25 26 36.500000000000007 27 28 29 30 31 32 33 6.5081794261932382 34 35 36 37 38 3.200775265693665 464.50000000000006 39 107.50000000000001 40 41 42 43 44 67.500000000000014 45 46 4.3343882560729989 335.50000000000006 47 48 3.5000000000000004 49 50 51 52 53 54 55 56 0.20338434725999835 57 129.50000000000003 93.500000000000014 3.7155568599700932 58 5.3524198532104501 59 60 61 62 63 64 65 66 67 68 69 80.500000000000014 5.3680768013000497 13.500000000000002 70 4.5000000000000009 8.5000000000000018 2592.0000000000005 71 19.500000000000004 72 73 74 353.50000000000006 75 20.500000000000004 0.0064424078445881614 76 77 15.500000000000002 78 5.7608728408813485 79 0.32582892477512365 80 18.500000000000004 2367.5000000000005 7.5000000000000009 410.50000000000006 81 5.3524198532104501 82
decision_type=2 2 2 2 9 9 9 2 9 2 9 9 9 9 9 2 9 9 9 9 2 9 2 9 9 9 9 2 9 9 9 9 2 9 9 9 9 9 2 9 9 9 9 9 9 9 2 9 9 9 9 9 2 2 9 2 9 9 9 9 9 2 9 9 2 2 9 9 2 9 9 9 9 9 9 9 9 2 9 2 2 2 9 2 9 9 9 9 9 9 9 9 9 9 9 2 2 2 9 2 2 2 9 2 9 9 9 2 9 2 2 9 9 2 9 2 9 2 9 2 2 2 2 9 2 9
left_child=6 4 14 5 -2 19 110 8 95 18 76 -10 -6 -9 74 22 114 -18 -5 -4 21 37 23 -12 89 125 55 28 -28 42 -25 -20 34 113 69 51 66 -19 40 -40 41 -32 -29 -21 -23 56 65 68 72 -22 -51 -11 92 -53 -42 111 -37 59 -59 -50 106 63 -63 -13 67 91 -24 -27 109 -33 -17 -54 -36 -46 -3 -64 77 124 -73 -80 90 82 -82 86 -85 -86 88 -88 -56 -15 -44 -47 -31 -77 -65 -8 98 -87 -43 -100 101 -101 -69 105 -105 -104 -38 -30 -74 -48 -1 -14 -98 -34 -16 -99 -81 -41 -70 -45 -78 -122 123 -75 -7 -26
right_child=1 2 3 9 12 10 7 13 11 35 15 61 26 24 16 70 17 20 31 43 49 44 36 30 25 64 27 29 107 52 38 32 33 -35 48 45 60 -39 39 117 54 96 80 119 73 46 47 -49 57 50 -52 53 71 -55 83 -57 -58 58 -60 -61 -62 62 75 94 -66 -67 -68 102 118 -71 -72 78 108 122 -76 93 120 -79 79 116 81 -83 -84 84 85 97 87 -89 -90 -91 -92 -93 -94 -95 -96 -97 112 115 99 100 -102 -103 103 104 -106 -107 -108 -109 -110 -111 -112 -113 -114 -115 -116 -117 -118 -119 -120 -121 121 -123 -124 -125 -126 -127
leaf_value=0.020425566681118612 -0.39396499402790813 0.022493651135955851 -0.012781333771333982 0.27029740431813332 -0.33449066666030891 -0.66435176889640724 -0.11703350620476674 0.25725486111497442 -0.083365553287315486 -0.2222809925006268 0.10999645169833903 0.2021478562092289 -0.01514428339445276 0.060438135943591542 -0.2844172887540668 0.074895442303812676 0.21731775610866638 0.051703750454042158 0.24736182322253644 -0.16180739637518476 0.21400798131184146 -0.026501932296287906 0.19417216365723861 0.14157442161046321 -0.10680662489864473 0.16307757718733423 0.0069355741060885545 -0.41072905638968893 -0.93724453937039298 0.034451248822259688 -0.28356842801918886 0.20218050125884438 -0.075702080163689844 0.21677313666789338 -0.014429033846709995 -0.011061517381087552 -0.29318646808592325 -0.081262737329549278 -0.1239084654508586 0.043778869098260717 0.028701449414184527 0.0035734412290013354 -0.23212168417588167 -0.43273324833446791 0.18985973492848285 -0.026325246130691371 -0.64943190863500311 -0.086691839397306639 -0.084888452839033485 0.0049212130374061127 0.17767447557066238 -0.075801376239828466 0.15058783458060432 0.16611807288787012 0.03996236889625801 -0.50100713759877724 0.15111000576036671 0.16163703306729738 0.033703014159465264 0.039106107487928247 0.14579242133725007 0.10095658113468516 0.048346898805674256 0.16987478487563279 0.14799969023586554 -0.5528976103166362 -0.30772099292443644 0.086520192356680056 0.015394676937047791 -0.15350053054252391 -0.33466170451378635 0.12236937000242543 -0.47592588615956233 0.56941107582543693 -0.097333157314047014 -0.16825489759052756 -0.25499205060204549 -0.022885802115438357 -0.00090503474089582709 0.095591998328677277 -0.31392154760076246 -0.066985243823992652 -0.20660679816391694 0.12967176659867011 0.034005096145972503 -0.32823664187878121 -0.084604306280422897 -0.29589656442442153 -0.15246467836500449 0.22676917827983789 0.078942250579591811 -0.28461523421224227 -0.16799296953452053 -0.032867898560546532 0.01017291429435338 -0.46789455891489357 0.10872458167210802 -0.1353428754484293 -0.45330828164738296 -0.28652471863793977 -0.13064337110150379 -0.64591547972335328 0.041349291163086686 0.097892805539520636 -0.17735808667147815 -0.052335790236192573 0.014244012419692543 -0.32830060478118833 -0.14616269153235348 0.16409165106980469 0.24703448815904713 -0.24400183146187004 -0.076227518028317051 0.09747820350541897 -0.0342869939478576 0.18508801179483947 -0.43266114035279712 0.41962013911766038 0.20467223482644564 -0.7859362375552017 -0.50544592147733736 -0.002375465560828658 0.05985652594582748 -0.27338620038870587 -0.31353770595083857 -0.01169383012131997
leaf_weight=836 1086 1929 1559 2537 676 138 1976 2850 1817 5281 3078 1640 1048 1659 103 595 4301 2464 2489 2538 4409 3471 207 1974 521 2001 276 362 150 1181 1843 426 1337 7254 1993 4374 348 3602 3683 9031 6810 647 278 710 2953 4321 173 6701 4614 4424 4653 6107 2401 1926 2534 482 6176 7664 17284 8524 7434 3117 2359 1447 3607 928 488 3937 2933 1948 2627 2045 100 104 1813 1379 1252 139 9207 200 493 2470 1427 2023 3645 628 2121 1774 4157 2873 1834 1189 3305 3442 4803 175 890 2539 193 285 1219 104 4891 338 760 2067 757 136 742 111 3718 843 2516 1471 2692 378 325 774 5268 175 102 1314 20526 206 106 2759
leaf_count=836 1086 1929 1559 2537 676 138 1976 2850 1817 5281 3078 1640 1048 1659 103 595 4301 2464 2489 2538 4409 3471 207 1974 521 2001 276 362 150 1181 1843 426 1337 7254 1993 4374 348 3602 3683 9031 6810 647 278 710 2953 4321 173 6701 4614 4424 4653 6107 2401 1926 2534 482 6176 7664 17284 8524 7434 3117 2359 1447 3607 928 488 3937 2933 1948 2627 2045 100 104 1813 1379 1252 139 9207 200 493 2470 1427 2023 3645 628 2121 1774 4157 2873 1834 1189 3305 3442 4803 175 890 2539 193 285 1219 104 4891 338 760 2067 757 136 742 111 3718 843 2516 1471 2692 378 325 774 5268 175 102 1314 20526 206 106 2759
internal_value=0.000346912 9.84986e-05 0.00031662 -4.36776e-05 -0.00159636 -0.000949751 0.00154479 0.00123503 4.73937e-05 0.000596028 -0.000700232 0.000566604 -0.00128684 0.00216644 0.00142411 -0.000524865 0.00164657 0.00184907 0.00123718 -0.00436298 0.00158942 0.00103703 -0.000344716 -0.000659274 0.00175943 0.00121153 -0.00109823 -0.000766283 -0.00850534 -0.000596208 -0.000866246 0.00106631 0.000904492 0.00248658 0.000537014 -0.000226873 0.00145549 -0.00117511 -0.00102837 0.00020611 -0.00151402 -0.00332555 -0.00245272 -0.00616662 0.00152915 0.000296421 -0.000344827 0.000438562 0.000745401 0.00295566 0.00197755 -0.00149054 8.7823e-05 -0.000356832 -0.000988391 -0.00472933 0.00160985 0.000964931 0.00154179 -0.000130818 0.00196397 0.00103698 4.56447e-05 0.00233207 0.00177219 -0.00219323 -0.00475177 0.00118908 0.00183049 -0.0030453 -0.00399752 0.000746227 -0.00219684 0.00191143 -0.00178038 -0.00102921 -0.00443973 -0.0111196 0.000192585 -0.000398275 -0.00196253 -0.00316629 -0.005625 -0.00155535 -0.000496038 -0.00133333 -0.00247875 -0.00423816 -0.00144605 0.00427565 0.000530303 -0.00141561 -0.00199287 -0.00219209 0.00140575 -0.00476168 -0.00217599 -0.00327707 -0.00425654 -0.0058476 -0.00473881 -0.0115938 0.000669 -0.000178527 -0.0040255 0.000428284 -0.00237668 -0.0160135 -0.00631455 -0.00690141 0.00496056 -0.00311475 -0.000687023 -0.000468417 -0.00204991 -0.0022386 -0.00638095 0.00121752 0.00213511 -0.0110056 -0.00344287 -0.00115819 0.00156193 -0.00548387 -0.0170492 -0.00179331
internal_weight=320053 265081 234856 177206 30225 73335 54972 50418 22155 103871 68353 20004 29139 28263 57650 65302 53908 51113 58383 4982 46812 33326 62080 52846 25413 20881 28463 26090 562 25528 49768 55846 53357 10062 43295 45488 9234 6066 47794 13488 34306 7697 6864 3423 27260 32174 21624 15186 40921 13486 9077 13314 18664 8033 26609 2373 10550 38086 24948 13138 8539 18187 10297 7890 17601 6438 695 13994 8485 2374 3222 14178 2835 23789 3742 7180 3051 383 11777 9732 6502 4390 1920 19799 9213 7190 10586 3895 6691 4532 2112 5510 4486 4821 6250 2151 5854 3545 2448 1801 1608 389 11993 8056 1098 6958 1105 286 842 284 4554 1891 3406 2808 2795 2917 525 9805 8201 885 2668 1416 20836 310 244 3280
internal_count=320053 265081 234856 177206 30225 73335 54972 50418 22155 103871 68353 20004 29139 28263 57650 65302 53908 51113 58383 4982 46812 33326 62080 52846 25413 20881 28463 26090 562 25528 49768 55846 53357 10062 43295 45488 9234 6066 47794 13488 34306 7697 6864 3423 27260 32174 21624 15186 40921 13486 9077 13314 18664 8033 26609 2373 10550 38086 24948 13138 8539 18187 10297 7890 17601 6438 695 13994 8485 2374 3222 14178 2835 23789 3742 7180 3051 383 11777 9732 6502 4390 1920 19799 9213 7190 10586 3895 6691 4532 2112 5510 4486 4821 6250 2151 5854 3545 2448 1801 1608 389 11993 8056 1098 6958 1105 286 842 284 4554 1891 3406 2808 2795 2917 525 9805 8201 885 2668 1416 20836 310 244 3280
cat_boundaries=0 10 22 34 45 56 67 79 90 101 112 123 134 146 157 168 179 190 201 211 222 233 244 256 267 278 289 299 310 322 334 345 356 368 379 390 402 413 425 436 448 459 470 482 494 505 516 527 538 548 559 570 581 591 602 613 624 634 645 655 666 677 688 699 710 722 732 743 754 766 777 789 801 810 821 831 841 851 862 870 879 890 899 910
cat_threshold=32768 32 16385 49280 8396808 1073758208 1107435520 4358149 68194304 2181039105 35667968 2147483808 2101248 2147485696 4 134217992 0 264 17825970 2147484300 2415984704 64 270581760 4096 344580 1610612994 67109192 1073815552 134226192 0 2231435264 3 0 8 16781312 1082131456 5242912 1048576 2147487744 441467264 276824096 2147516416 572522496 1275068416 69632 2147483652 0 544 538968066 269516832 16640 8912928 9536 16777216 4196486 2160072960 0 67110400 53248 18890752 1053732 8388872 268435456 2147492096 1612709920 1342183432 4194304 17367040 68159490 1028 268437504 4098 32768 393728 2 19922944 0 4260096 8 2694840322 0 294914 1610614784 603979788 536891776 1572928 9445382 8388608 268435488 268435456 805376000 1048866 40964 262272 402653312 0 132256 1060 205524993 1552 131072 2491416577 2147483904 2 10518528 570462208 578879680 16 4194560 67108866 33690128 8192 25165824 2147483648 2097920 536870912 536870946 570458272 167772160 12582912 18874368 1839104 9441856 67637248 896 4099 2149598592 8704 16384 67108880 285343744 84934657 672137216 131072 0 16777216 20971648 570556420 268435460 64 512 2148012032 67108881 135529216 4194304 8 16777216 33555472 4194304 536889344 2415921156 256 75498112 32772 1041 137101314 268435713 33558784 2150631940 4206592 8652800 2147483648 134480064 4194304 557056 1073745920 34087936 131585 0 68 285245473 33702016 8396800 4210688 100794368 25166081 2097152 202378240 17371136 196608 269484032 32 3408904 1073742144 9568264 16 0 1140851840 1275333128 16973824 1114245 100663300 268435456 2149580808 805439716 1024 0 525440 1090519040 4194312 25174016 1048576 4194304 419430528 0 0 0 0 0 4104 1048578 1048580 2183135232 134217984 539099139 268435456 134431744 2148532224 1736704 8 137364482 512 16777344 103284736 514 536870914 41943200 8388736 128 1089536 1178604544 1073750018 131584 268959744 7424 16777216 2282881152 0 131072 2151678016 32772 1503657984 4327432 2424308736 268566528 36866 16777600 8 0 1024 1048576 1083904 1476395042 524288 590080 8 2164260864 67108918 0 134479872 0 1048904 34078848 36936 1080102914 1024 285215808 2228224 46139392 150994944 256 268437508 138559488 33554560 1 1085276290 1208222016 8389632 0 100663296 290 2 268445696 131072 0 17859072 1024 64 4718593 2147483652 8392704 272629920 35651592 1073741824 134299720 8912896 559360 1048592 10624 9437184 1182793762 17039616 34603020 33564676 536870912 16 1049098 16 1179912 1114112 294141952 12582912 411041793 34603272 4096 70688 2147484160 2147486208 136381440 537919488 0 16 1572864 4096 4456608 1048580 0 132096 8388608 133121 65536 170917952 524288 8 0 2099200 8388864 536870912 0 0 0 1050624 16 0 65537 9437184 0 402653184 0 0 1208090656 135397440 8388608 65544 0 512 33554432 1073874944 262177 35653636 2181070852 278536 4194320 17301504 1073741824 2153775172 268501248 16 276955136 37783552 138674176 8388616 269484036 82976 1572864 1025 2097176 1610883072 526336 1048576 8393728 268435456 0 0 671088648 0 4194304 134217729 135269122 8388613 2228228 0 2097152 8405248 2048 671137920 134218368 268436736 34668544 136318976 20977664 72 1048576 2052 262272 2228224 40960 134479880 270008384 2164948993 1082130448 134348868 4194560 4 8391680 138412417 8 268437504 32 42467328 135171 145 134481152 2151678272 8 0 29364224 0 524552 0 134348800 9437440 8519682 2098185 672269128 1 524292 5250064 4194336 1311112 537921536 131072 8913456 4196352 0 35913728 4097 8 8388608 4096 384 524296 67108864 32 1048832 2157182978 134217736 537001984 524288 0 8388612 138412066 2100228 536879108 65568 67633152 8916994 1 1073751810 325 9437188 134220800 268435712 1048580 64 671089664 9437192 8391680 268436624 131584 2152726784 8 9437184 167773184 25428000 33554440 268435456 66560 64 2147485699 0 393280 256 8 0 12583940 4456449 4 33568768 536870912 4194320 655360 1073745952 1210058504 1 135266304 67108864 64 2317369352 278005760 136224 64 20980232 134218752 301989888 131072 271056896 0 16777440 33554689 2415919360 675283968 8388608 8421385 1049609 64 525313 1048576 0 16777216 8 0 1024 64 1 8 0 524288 128 8390656 128 0 1073741828 538050632 0 1081858 8 262144 11534337 16777216 0 0 2048 1024 8388608 0 10 4096 256 17825792 4194304 0 262144 8192 131072 0 9437184 1207959552 536870912 268435456 16384 3223322640 69632 7 2147483648 196648 2214593588 17827842 0 1075843200 4194308 0 0 406847616 0 268435456 536870944 1048640 8912896 8 262144 0 6291490 10526720 33554564 0 1208139776 135303168 1049634 1085276168 1032 4194304 0 16777216 289407104 35653632 0 32 42467392 2049 16 1074790402 4194560 2434793472 0 8978946 2685534216 545259776 132096 1318976 0 68157448 271360 285278208 9437184 0 0 33554432 0 0 0 1 1 256 8404992 134218756 10559489 1048580 8192 264 33555584 2048 8388608 262152 2415919104 0 0 17039392 131072 0 671088704 0 8388608 0 131328 0 33555456 17039360 128 536872964 163848 33554432 16777218 67108865 131648 268500992 276824064 0 268435457 131072 268435456 537920544 1048576 2164265474 136380425 134350080 4194308 0 16782338 16777218 132 2052 0 268435520 9437185 9 1074135040 589888 1048576 0 268697729 4 268443648 536888352 2282749952 514 0 132160 256 0 25165824 402915584 35799040 0 98304 64 25825280 1 1048640 4194560 2048 161480704 29426048 134250496 4096 1073741824 4132 131201 136314888 35652096 4194309 8 0 4194304 128 0 0 8 0 16777216 0 1073741826 1048576 16781312 268435456 131328 0 671219720 128 8390656 1048577 1049088 4 2048 1056768 8659330 0 0 134217728 67371008 272 8388624 131104 272630016 0 16777732 134254592 1 9216 8 0 8390659 1048600 262656 134217728 64 9043968 16777220 256 2149580801 9216 8388648 0 526337 1073741825 4608 134217760 2147483652 2048 1 52428808 1212416 0 168296512 0 134217728 4194304 256 16 268435456 121634816 402669696 655490 8352 0 41943296 544 18878464 9600 2147487748 32 16388 8389632 1 0 0 1073807360 67240448 4096 135266304 2156920832 1024 4194560 2099208 805310464 134217984 8389184 4460544 134217744 1073873664 4194564 9437184 0 4194304 33554432 0 536870912 64 8388609 1 256 4 0 2097152 8388608 0 32768 0 0 0 2101248 3145728 0 16777344 0 268435456 72 1048624 8391296 0 2228480 0 1082130448 268435456 8404992 0 0 0 13108224 0 395264 8388609 16777216 0 0 0 0 0 33554432 8425472 0 0 16777216 131072 4096 0 4194304 0 134217728 0 4096 0 33685504 0 0 0 2160070658 1048 537921538 5 1048576 0 0 8 0 0 0 32768 16 0 2048 4194304 262144 36 9437216 0 524288 2184 0 1
is_linear=0
shrinkage=0.1


Tree=30
num_leaves=127
num_cat=95
split_feature=15 20 1 10 2 2 5 2 1 2 2 11 1 11 2 1 1 1 10 1 2 8 2 1 1 2 1 1 2 1 2 2 2 1 1 2 1 2 0 1 1 11 2 2 1 1 1 1 1 2 1 2 2 1 2 2 1 1 2 1 2 1 2 1 1 11 1 2 1 0 2 2 13 11 14 10 12 8 2 8 1 2 1 2 2 1 2 1 8 1 9 8 1 2 2 1 2 2 1 1 2 6 2 2 11 15 18 5 14 0 1 2 2 2 2 1 2 14 2 1 18 15 1 1 8 11
split_gain=8.65497 7.74912 4.41367 4.40691 5.4988 4.33188 4.41129 8.43728 7.07966 5.21649 4.24178 4.57754 4.36711 4.13585 5.05924 4.32803 4.12497 3.74098 3.62854 3.63981 3.73745 3.61669 5.07295 5.58039 5.00932 5.09098 4.55335 4.43429 4.34215 3.72916 3.42988 3.37883 3.37672 3.28222 3.27737 3.2651 3.33506 3.29882 3.25673 3.58418 3.23771 3.22932 3.97717 3.89406 3.44048 3.32646 3.10699 3.08583 3.08219 3.42603 3.01091 2.79215 2.78432 2.7433 2.73263 2.70515 3.9448 2.97059 3.2108 2.63186 2.44182 2.73289 2.38043 2.36799 2.36675 2.27628 2.59146 2.26761 2.23277 2.4197 3.8336 3.49809 2.47991 2.18376 2.06338 2.25076 2.0404 2.02854 2.34576 2.01979 3.99941 2.12264 2.09618 2.5693 2.01593 1.96654 1.94746 1.91652 1.89285 1.88195 1.87922 1.87136 4.32575 3.52514 3.29145 2.03668 1.96564 1.90101 1.83114 1.83017 1.81036 1.79881 1.77704 1.77665 1.77622 1.76678 2.00415 1.76457 1.75143 1.73451 1.71555 2.01179 1.71232 1.66012 1.64199 1.60332 1.57252 1.58542 1.56647 1.56123 1.55125 1.53337 1.51186 1.488 1.48619 1.77823
threshold=4175.5000000000009 0.20884002745151523 0 106.50000000000001 1 2 1145.5000000000002 3 4 5 6 4.2384967803955087 7 5.2276141643524179 8 9 10 11 159.50000000000003 12 13 16.500000000000004 14 15 16 17 18 19 20 21 22 23 24 25 26 27 28 29 30 31 32 6.1988353729248056 33 34 35 36 37 38 39 40 41 42 43 44 45 46 47 48 49 50 51 52 53 54 55 4.0771710872650155 56 57 58 59 60 61 10.500000000000002 7.672677993774415 36.500000000000007 98.500000000000014 134.50000000000003 16.500000000000004 62 29.500000000000004 63 64 65 66 67 68 69 70 3.5000000000000004 71 447.50000000000006 1.5000000000000002 72 73 74 75 76 77 78 79 80 2.5000000000000004 81 82 7.5298902988433847 658.50000000000011 0.28286844491958624 630.50000000000011 18.500000000000004 83 84 85 86 87 88 89 90 79.500000000000014 91 92 0.2727563083171845 629.50000000000011 93 94 28.500000000000004 5.9364066123962411
decision_type=2 2 9 2 9 9 2 9 9 9 9 2 9 2 9 9 9 9 2 9 9 2 9 9 9 9 9 9 9 9 9 9 9 9 9 9 9 9 9 9 9 2 9 9 9 9 9 9 9 9 9 9 9 9 9 9 9 9 9 9 9 9 9 9 9 2 9 9 9 9 9 9 2 2 2 2 2 2 9 2 9 9 9 9 9 9 9 9 2 9 2 2 9 9 9 9 9 9 9 9 9 2 9 9 2 2 2 2 2 9 9 9 9 9 9 9 9 2 9 9 2 2 9 9 2 2
left_child=1 5 102 4 -4 -1 21 17 31 -10 -6 12 62 14 89 105 -2 -8 19 -15 -21 22 23 -7 -23 27 51 90 -24 -30 85 -9 40 -34 -31 53 37 123 48 101 -28 42 59 44 -43 112 -13 -45 118 -50 -22 -27 -52 -36 -14 56 -38 58 -57 -32 -18 -62 -12 -58 -25 -41 -67 -48 -11 70 -70 -71 76 88 75 100 -72 -54 -79 82 81 -81 -35 -84 121 -20 -47 -56 -33 -5 -26 92 93 108 -94 96 -93 122 -69 -86 -64 114 -3 115 -99 -16 -107 -53 -59 120 -82 -112 -44 -63 -40 -95 -89 -118 -17 -88 -100 -51 -97 -37 -92 -126
right_child=16 2 3 13 10 6 7 8 9 68 11 46 54 18 15 38 60 -19 30 20 50 24 28 64 25 26 32 -29 29 34 41 73 33 79 35 36 55 -39 39 65 -42 43 45 47 -46 86 67 -49 49 84 52 107 77 -55 87 57 63 91 -60 -61 61 113 74 -65 -66 66 -68 98 69 71 72 -73 -74 -75 -76 -77 -78 78 -80 80 110 -83 83 -85 99 -87 119 116 -90 -91 124 95 94 103 -96 97 -98 104 109 -101 -102 -103 -104 -105 -106 106 -108 -109 -110 -111 111 -113 -114 -115 -116 -117 117 -119 -120 -121 -122 -123 -124 -125 125 -127
leaf_value=0.13493985896682559 -0.080950994327435966 0.016791692726203327 0.22710897734451471 -0.48358903104301165 -0.082280155663505883 0.027908098574675713 -0.37970690594897838 -0.010189596061475209 0.20689370076051322 0.10788773519953843 0.17219958463262725 -0.02211628771545586 -0.036483966865871437 0.42140607710268707 -0.49670141505356646 -0.17016072272526911 0.31571864482610229 -0.13879640037346305 -0.027560243663624692 -0.069918088521674915 -0.057725197248355745 0.22086436181757652 0.12133859579438698 -0.47190733972628413 -0.067636021818877387 0.071235540350992471 0.16076797219652472 -0.015205430792247921 -0.17234705169566983 0.12260895282197831 -0.30510499407512481 -0.13627771862479807 0.2004723432448986 0.19729936153681346 -0.065785858051555596 -0.20776406851531856 -0.11749532545705124 0.062943370160859505 0.10418803875455594 -0.47825406593290265 -0.044352777222642359 -0.049731163096124943 0.26166607643613432 0.23176965255196122 0.24538995651094719 0.18350448071259326 0.30281505914822326 0.0053147239773507493 0.20701755927727211 -0.29024013450955483 0.33365579892537167 -0.393901756033118 0.068059078117823094 0.078248441087711562 0.18750486790926357 0.026559804083478501 0.097458322335523886 -0.46431901413349391 -0.16467112531688274 -0.087048654529776878 0.33122039671907832 -0.047728173483670366 -0.095840414533184079 0.0005712868625847011 -0.18319722449311651 -0.045363855946352866 -0.25417441770951504 0.27947211622187929 0.050605260905691889 -0.13931727326805582 -0.1575012107217075 0.093708202801190632 -0.14904349217358431 0.0881799499301439 0.018742010178858567 -0.51560110789985547 -0.61796226726041503 0.05169324861544479 0.32573677762695274 0.22219994132560228 -0.27078138511559419 -0.017909206578790676 -0.077290963931300777 0.09123821898692655 -0.50347512561093555 -0.29547234837110742 -0.26867219709129969 0.13884867342044829 -0.45913133549452845 -0.12626165286275703 -0.22226552763148885 -0.039819853888978407 0.1605555647526527 -0.13064000224879005 -0.10330834246827265 -0.22462758309974651 0.062216533627221571 -0.034516969206192016 -0.35299064989113338 0.033944563636072317 -0.16445332395040096 0.10256739442576022 -0.17151898190357878 -0.009942544014655396 0.18090154406697637 -0.19791398053649947 0.24542840515247485 -0.27935027135767365 -0.29642680358370144 0.095141028605759612 -0.28360268842013636 -0.025351689446608601 0.086605823905126222 0.13741654217898366 -0.24527210346127915 -0.30711548352563023 0.032178518375189924 0.55067448495330662 0.26791904524915949 -0.04343049305616032 0.11702567754853975 -0.09560712113736769 -0.079991538841731505 0.1101772666924737 -0.60784064992678744 -0.41276588391637309
leaf_weight=3071 1106 822 2405 309 1995 1062 1028 683 1886 1545 458 1602 3518 942 280 244 2982 1390 888 2166 2169 1792 2825 235 368 517 1046 2031 1747 2408 1538 293 4395 2829 2859 857 3777 7644 394 364 6171 1514 1349 3122 5385 551 2657 19461 2356 210 1754 498 12752 10341 1973 1272 4123 245 4124 5567 1458 1100 935 13241 1560 4342 1657 2294 926 1814 145 2689 2003 226 810 152 207 1282 2471 671 222 1030 1737 3974 219 800 347 3145 1007 2028 466 3773 1068 583 2321 632 5321 26171 136 7460 572 2450 1918 815 1090 1793 257 517 232 4749 327 857 3579 3256 614 541 18142 595 2411 9168 124 2392 4965 262 124 124
leaf_count=3071 1106 822 2405 309 1995 1062 1028 683 1886 1545 458 1602 3518 942 280 244 2982 1390 888 2166 2169 1792 2825 235 368 517 1046 2031 1747 2408 1538 293 4395 2829 2859 857 3777 7644 394 364 6171 1514 1349 3122 5385 551 2657 19461 2356 210 1754 498 12752 10341 1973 1272 4123 245 4124 5567 1458 1100 935 13241 1560 4342 1657 2294 926 1814 145 2689 2003 226 810 152 207 1282 2471 671 222 1030 1737 3974 219 800 347 3145 1007 2028 466 3773 1068 583 2321 632 5321 26171 136 7460 572 2450 1918 815 1090 1793 257 517 232 4749 327 857 3579 3256 614 541 18142 595 2411 9168 124 2392 4965 262 124 124
internal_value=0.000293012 0.000200136 0.000698452 0.000769805 0.00158489 -0.000301028 -0.000376412 -0.00195556 -0.00097216 4.89981e-05 0.00132833 0.00154328 0.00089769 0.0004161 -0.000584284 -0.000202892 0.00320339 -0.00738056 0.000803984 0.00183804 0.00158114 -0.000192208 -0.000465247 -0.00461458 0.000783271 0.00045282 0.000931818 -0.00335255 -0.000349937 -0.000458863 0.000347107 -0.00613339 0.00128024 0.00208821 -0.000377502 -0.0004688 -0.000701 0.00114328 0.000180313 -0.00123995 -0.00051612 0.000492528 -0.000421286 0.00117767 0.00325517 0.000502533 0.00323646 0.000541318 0.00109267 0.000440421 0.0020002 -0.00433204 0.00241885 0.000991673 0.00129022 -0.000918658 3.82964e-05 -0.00129921 -0.00352201 -0.00236824 0.0039246 0.00271978 -0.00276813 0.000675723 -0.00800554 -0.0026471 -0.00218536 0.00389168 -0.00092194 -0.0016115 -0.00367365 -0.000104143 -0.00581395 -0.00875 -0.00399758 -0.00603375 -0.0135795 0.00201332 0.00405809 0.001207 -0.000975217 0.00228521 0.00200234 0.000893201 -0.000348848 -0.00407538 -0.000539896 0.001674 -0.0103846 -0.00504048 -0.00849817 -0.00104738 -0.0027304 -0.00595218 -0.000414828 -0.00081474 0.000509666 -0.00118109 0.00297142 0.000466901 -0.00486397 0.00134948 -0.00327273 -0.00400718 -0.000835686 -0.00431624 -0.00331707 -0.00736585 -0.013614 0.00189082 -0.00490113 -0.00331658 0.00262859 0.00145671 -0.00220238 -0.00657848 0.00140325 0.00105457 0.00418387 -0.00087664 -0.00592593 -0.00274885 -0.00285893 -0.00390611 -0.0115686 -0.0178226
internal_weight=320192 310290 155587 152847 46262 154703 151632 15842 13424 11215 43857 41862 30300 106585 29780 27443 9902 2418 76805 23536 22594 135790 106094 2857 29696 27904 24791 3113 103237 100412 53269 2209 23259 16042 98665 96257 83057 8763 25113 9821 7217 51581 22099 29482 6899 14994 11562 22583 15292 12637 20428 1532 18259 13200 27373 74294 21141 53153 5396 7105 8796 5814 2927 17364 1795 6363 5999 9960 9329 7784 3281 4503 2355 1526 2469 1659 352 16505 3753 11647 3107 1701 8540 5711 10281 1688 10066 23855 1300 2337 1082 47757 5805 2416 3389 41952 9094 32858 7303 7679 1507 3458 2740 1939 27261 2330 2050 1015 477 5009 1406 1184 4928 4356 1008 1124 21882 18737 2655 9515 260 2602 5597 1119 714 248
internal_count=320192 310290 155587 152847 46262 154703 151632 15842 13424 11215 43857 41862 30300 106585 29780 27443 9902 2418 76805 23536 22594 135790 106094 2857 29696 27904 24791 3113 103237 100412 53269 2209 23259 16042 98665 96257 83057 8763 25113 9821 7217 51581 22099 29482 6899 14994 11562 22583 15292 12637 20428 1532 18259 13200 27373 74294 21141 53153 5396 7105 8796 5814 2927 17364 1795 6363 5999 9960 9329 7784 3281 4503 2355 1526 2469 1659 352 16505 3753 11647 3107 1701 8540 5711 10281 1688 10066 23855 1300 2337 1082 47757 5805 2416 3389 41952 9094 32858 7303 7679 1507 3458 2740 1939 27261 2330 2050 1015 477 5009 1406 1184 4928 4356 1008 1124 21882 18737 2655 9515 260 2602 5597 1119 714 248
cat_boundaries=0 12 24 36 48 59 70 81 93 104 115 126 136 148 160 172 183 194 205 216 227 237 249 260 271 282 294 306 317 328 340 341 352 363 374 385 396 407 418 430 442 453 464 474 485 497 508 520 531 542 553 565 576 587 598 609 620 630 642 654 655 667 678 689 700 711 722 733 744 755 767 778 788 800 811 822 833 844 856 867 878 888 899 910 911 920 931 941 952 962 972 984 994 1005 1017 1028
cat_threshold=302008320 2097152 540672 1075347712 1179784 33554624 8336 0 21039104 335544321 8224 64 0 1174536320 1088 1589632 335544324 12416 134218004 262144 1048576 268435616 1179648 64 100683776 3145776 81920 1281 538583040 4219008 2147491872 0 0 4096 1055744 16 2228224 100668032 138412064 2097282 0 134250496 37748992 2147484706 1627390112 2048 16973824 8 8388612 1024 16777472 393216 0 196608 448 5111808 1275073545 671744000 581 1048832 131072 16785473 537919496 3556769868 1074855936 655424 262417 0 35651584 68 6178 1048582 16390 16778240 143488 33570816 8704 256 1107296289 102772736 2147484160 134742016 76555300 0 537003008 268447748 1073741824 33554432 4329632 1082130432 134222848 276889600 8 33685504 2099232 12582912 16779396 2281701376 536903680 512 4194884 1140850689 3355443584 524548 4 201328640 6295808 136 0 134283264 1140850688 36872 78643200 4333578 25300996 0 4196356 0 4 67108864 1614807048 2147484416 8652800 1048576 671090242 12582912 9437184 0 128 0 0 32 8913216 12589056 16 1074004224 67633408 100663840 4096 8519808 2155880448 264 0 1024 402653226 1075970048 268435968 8 18874368 33554434 0 4 536870980 200 8388624 1186816 67112962 35785868 2147483712 8 16973825 285868290 9280 32768 1073742080 8388864 5120 8216 6553728 268435472 150994944 32 335560704 4096 4194433 33685512 268435456 4128 2149056512 16781313 1084227729 604111424 320 589828 1179648 0 2308 344984576 8192 67113984 37120 17891488 2147491840 2156920832 11010178 138412032 288 542848 67110016 0 167903488 401408 8388658 2105616 131072 2097410 33554466 16384 1083179138 33587232 20608 34603024 262144 33558528 3072 285283328 0 5120 272892032 33554440 4 40 9961664 8388611 9 1049088 4 2 1107296896 557058 3221244034 33589280 294912 138412288 544 1879048224 2099200 2181665024 3254911234 0 134217730 2685403136 33554432 262152 1048 268470272 4194324 0 16 69222405 54 256 8915200 2048 1048576 2147483904 1049600 1073807488 524288 12583936 268435456 25167872 285212673 147464 0 132096 67108992 4198401 142606337 1352 524544 196608 33555456 16777216 537001984 1073741888 671219720 1048704 9965568 134283392 135791104 276824324 16777216 1073741828 157561091 8 536870912 1610678272 2147483648 10 16 1075843400 4325632 8 16448 2097664 32772 786560 32768 1073741824 36864 272891904 2147483650 2416455713 402661408 64 2621504 4196352 4129 545783812 8389760 536870976 101318656 2164260866 68157458 536879360 512 272760836 71303168 70146 1611662336 67108872 139264 1107296516 0 1082195968 1140982792 525312 0 8392704 4194304 2228224 0 1052680 8389120 1024 134217728 1077936130 65 8 11922 16777216 4102 268435491 131076 2147483648 1056 4718592 2165311489 1207963656 263232 2148073537 268435456 12584960 268435616 2097152 4356 4227072 8388608 17302016 0 671219712 260 276955136 41947136 16777216 134217728 805306372 134217736 34603072 4200448 1040 134357826 65605 8388608 16812032 406847488 538968068 536870916 134221864 12583424 21495808 134217747 135682 16777280 2228228 8388608 4194304 2097160 2048 8 1048896 4591619 9438344 1745356802 260 17301760 12582944 134217984 33554444 0 264 39321600 1083393 1084227602 5505024 320 92409856 4196404 12582912 536870912 268445696 32776 34734080 64 1048704 140288 2416050177 1572864 62947328 262144 8388612 536870916 32 0 2151678979 2098176 671615490 3072 8 8392705 2197815302 327680 547356673 32 537133064 576 131682 1025 1028 4194560 8 9437185 110101504 69760 572522760 4096 33816576 8389664 16777216 16777248 4206592 577 5 25165828 8388640 536872964 0 8519680 0 5255684 1073745920 33566722 524608 0 1024 285212800 131080 0 131104 9437248 0 1024 537133056 67633152 142608384 262147 671088640 2147485696 8404992 2281701384 4194304 16842785 672137538 4 67108868 25165824 16777218 536872972 335544352 4390920 134873088 131075 69206016 1073872896 4 8 151519232 544 372768 2099200 1074790400 8389632 2147745888 18481664 16781312 134219776 268959744 8388608 1028 138412288 0 4608 1209143296 8388608 272629764 33554433 3221881866 2147483717 8 2097153 150997120 29376544 147460 1073741824 4194304 132672 2147494144 3145728 2944 512 67108865 32788 128 2155874560 268437508 256 2155872256 258 121634944 35913728 2151743488 4 4096 2359296 3407872 67108864 32 208 429056 4096 134479936 12582912 0 4194304 138412320 8 2048 70656 0 1579009 134217729 832 524544 8 277889024 2052 266240 136 0 134283264 1572992 2148143104 1211109376 135268672 5 16384 4096 16777504 33556616 1073752064 1024 192 17432577 1210061833 1074921472 524293 0 18875392 16810016 0 0 134218752 64 0 0 512 256 128 4096 262528 41943304 10240 66568 67633152 688706 16781328 35651648 2160066624 0 16777216 32 0 2048 536870912 8388608 2 134218752 256 524288 1048576 20972544 128 33556480 2048 131080 9437248 0 1024 1073741824 0 25169952 285217153 2099204 2080 671154176 64 525312 2097296 1705984 268435456 8 131072 8394752 4194433 526336 4 4195336 1179648 16809984 0 322 256 8 5414 268435456 8388608 268435456 34095108 3072 8 8388608 26873856 5242890 1077936768 4719361 64 268435456 1086324736 278953984 1073905668 4096 132104 528 5769224 0 1610613504 2416443649 277889028 2102272 4194688 2147483656 0 197632 4718592 16777738 1216348288 1073742336 12648448 9568256 3072 268435584 33570816 1073750016 134348840 64 2155874817 1275068426 134218242 64 268435456 4096 8388737 33554440 268439552 1024 64 2048 0 1074005056 524289 268435456 4112 8421408 537001984 2147483652 1088 147325440 13765633 1073742849 37748738 5 0 8394752 8650753 8 0 1024 524304 34818 1140854784 1074005056 4194305 2164801540 2151682052 262433 3 0 416 1572928 1050656 135266328 131072 200704 1048576 0 285212802 536870916 0 131072 1048576 8388608 268435474 1310720 64 1048576 16778240 32 4 0 16384 524800 2 138412032 1024 256 8 8454208 0 10519044 33570816 2147483648 20480 268436000 264464 33554433 539363328 133121 0 0 4194304 133120 0 537002016 0 2048 8 1048576 0 17825792 161480960 8 12288 134218792 1573440 35328 1049616 671088640 8388865 8 268435460 0 16777344 0 0 32 512 4096 0 64 524544 268435456 8388608 0 262144 0 1032 1048576 9963520 134221824 135266880 4718848 17825792 16777216 27271424 2113536 8388864 8437832 4851408 2147483648 136314880 130 1049088 0 67112960 19136640 33816576 67108928 40 1049168 428032 4096 135266880 4718592 2415919104 67108864 17039872 404094976 268435456 65536 192 1574144 134221824 4194304 277020672 64 4 41943040 285474816 133120 0 1207959552 524288 1605888 134222849 1242562562 4719104 0 0 1 2147483648 0 0 9437184 0 4096 0 2147549184 0 4096 4194432 131080 0 8 33554560 25298944 1024 1310720 0 0 16777216 33554432 0 134217760 1048576 2147485696 152 1745092672 256 1048576 8392704 0 8 268435456 8 64 9439233 1032 262144 4194304 52 0 0 8388608 0 4096 64 142606336 18481152 1024 0 0 268435456 0 268435456 65568 0 1 8 262144 524289 0 4194304 272891904 33570820 0 0 8388608 2147483648 1048577 1074790400 4 12582912 0 0 1073741828 1073746944 2155872320 8388610 0 131592 256 1048576 0 402653184 8 0 0 8388608 0 134217728 1048576 0 0 134217984 8 8192 1064 1048640 32768 1024 134217728 10633216 6291456 8913409 1 2147484672 1077936488 34603136 4104 0 8 142672196 8 0 1024 1 0 4096 0 33554432 2050 0 131076 0 33554432 4096 0 0 16384 8388608 0 129 1073741824 66560 0 0 1 131072 1073745920 536870912 0 1081856 1 512 131136 8 131076 0 0 0 0 131072 0 0 1073741824 1073873920 524288
is_linear=0
shrinkage=0.1


Tree=31
num_leaves=127
num_cat=54
split_feature=15 12 20 1 1 13 1 14 1 1 1 5 1 1 1 1 1 0 1 13 0 15 0 15 19 0 1 1 1 5 12 5 1 14 1 5 12 1 1 13 15 5 1 15 1 15 1 0 1 0 1 1 15 5 5 21 1 5 14 0 5 1 5 1 5 1 13 5 1 1 1 5 15 15 5 6 1 15 0 15 16 8 12 1 0 12 0 1 5 21 13 12 1 12 1 21 14 19 5 0 0 1 12 9 1 16 1 5 8 13 17 17 6 8 12 19 15 8 1 5 12 20 8 1 15 8
split_gain=6.75956 6.32316 5.73317 5.12213 4.38435 4.71198 6.01091 5.11137 4.2035 3.64197 3.51857 3.37727 8.25761 3.5082 3.30925 2.66648 2.62265 2.44579 2.48792 2.42191 2.35 2.67738 2.28469 2.26781 2.25792 2.19506 6.47198 2.78406 2.08863 1.99073 1.85008 1.9658 1.87384 1.84249 1.8283 1.97618 1.86873 1.82198 1.78064 1.76517 1.74187 1.73344 3.21049 2.085 2.09375 1.80157 1.66514 1.61517 1.60245 1.54774 2.16863 2.07729 1.61119 1.53378 1.50645 1.49343 2.81701 1.60149 1.49246 1.48985 1.47458 1.53207 1.45412 2.52964 1.66528 1.68631 1.46796 1.43339 1.42703 1.39942 1.39363 1.54304 1.36772 1.45854 1.36698 1.40695 1.35352 1.35003 1.34075 1.31784 1.31689 1.30685 1.27327 1.26733 1.33959 1.23675 1.51416 2.06859 1.79563 1.22632 1.22541 1.27716 2.11002 1.2234 1.26003 1.20334 1.94612 1.37348 1.20222 1.17797 1.16864 1.16648 1.1614 1.14796 1.20174 1.14753 1.14529 1.1309 1.18202 1.12287 1.11828 1.1163 1.30339 2.16768 1.38361 1.63774 1.10848 1.10379 1.36667 1.09385 1.08499 1.08332 1.05088 1.29671 1.04014 1.00827
threshold=4204.5000000000009 918.50000000000011 0.28270539641380316 0 1 4.5000000000000009 2 19.500000000000004 3 4 5 415.50000000000006 6 7 8 9 10 11 12 62.500000000000007 13 2214.5000000000005 14 564.50000000000011 0.032704759389162071 15 16 17 18 1110.5000000000002 4.5000000000000009 1220.5000000000002 19 71.500000000000014 20 420.50000000000006 107.50000000000001 21 22 8.5000000000000018 2181.0000000000005 625.50000000000011 23 650.50000000000011 24 394.50000000000006 25 26 27 28 29 30 448.50000000000006 905.50000000000011 1100.5000000000002 0.02507248800247908 31 350.50000000000006 45.500000000000007 32 1140.5000000000002 33 500.50000000000006 34 1119.5000000000002 35 9.5000000000000018 1119.5000000000002 36 37 38 950.50000000000011 765.00000000000011 675.50000000000011 1030.5000000000002 4.5000000000000009 39 481.50000000000006 40 2687.5000000000005 0.13309356570243838 23.500000000000004 317.50000000000006 41 42 116.50000000000001 43 44 805.50000000000011 0.019718836992979053 67.500000000000014 110.50000000000001 45 886.50000000000011 46 0.020668124780058864 28.500000000000004 0.026166729629039768 500.50000000000006 47 48 49 291.50000000000006 2449.0000000000005 50 0.17169725149869922 51 580.50000000000011 7.5000000000000009 9.5000000000000018 0.030897805467247966 0.038830325007438667 4.5000000000000009 1.5000000000000002 268.50000000000006 0.016435078345239166 4230.5000000000009 2.5000000000000004 52 1235.5000000000002 244.50000000000003 0.16076802462339404 9.5000000000000018 53 4026.0000000000005 16.500000000000004
decision_type=2 2 2 9 9 2 9 2 9 9 9 2 9 9 9 9 9 9 9 2 9 2 9 2 2 9 9 9 9 2 2 2 9 2 9 2 2 9 9 2 2 2 9 2 9 2 9 9 9 9 9 9 2 2 2 2 9 2 2 9 2 9 2 9 2 9 2 2 9 9 9 2 2 2 2 2 9 2 9 2 2 2 2 9 9 2 9 9 2 2 2 2 9 2 9 2 2 2 2 9 9 9 2 2 9 2 9 2 2 2 2 2 2 2 2 2 2 2 9 2 2 2 2 9 2 2
left_child=1 2 4 53 22 6 33 10 -5 80 19 12 83 85 -8 29 -14 23 62 20 21 93 40 24 101 26 -16 -27 -28 98 54 37 -33 70 35 36 -22 -32 -25 69 -1 42 -17 44 45 -43 -3 -31 -45 50 -15 52 -51 107 -29 76 57 -57 -56 -48 103 -62 63 -19 90 66 -66 -59 -11 -40 71 -6 73 -21 -30 119 124 -72 106 -41 -2 -46 -47 -9 95 86 87 -13 -89 -67 91 92 -64 94 -7 -85 -97 -98 -10 -100 -87 -12 -96 104 -50 -86 120 108 -4 -107 -103 112 114 -114 115 -23 121 118 -70 -76 -44 -82 123 -88 -39 -78
right_child=9 46 3 8 5 7 14 11 15 68 17 13 16 49 25 41 -18 18 -20 72 34 111 -24 38 -26 27 28 30 74 47 31 32 -34 -35 -36 -37 -38 55 39 79 -42 43 78 48 81 82 59 -49 60 51 -52 -53 -54 -55 58 56 -58 67 -60 -61 61 -63 64 -65 65 89 -68 -69 117 -71 77 -73 -74 -75 75 -77 125 -79 -80 -81 116 -83 -84 84 105 100 122 88 -90 -91 -92 -93 -94 -95 102 96 97 -99 99 -101 -102 110 -104 -105 -106 109 -108 -109 -110 -111 -112 -113 113 -115 -116 -117 -118 -119 -120 -121 -122 -123 -124 -125 -126 -127
leaf_value=-0.53973729228290601 -0.29684232255438697 0.1647463190528044 -0.4547633027420046 0.38029689633008568 -0.31813891546363254 0.11896839608643839 0.036595794694391968 -0.13580455457429785 -0.1219878268714004 0.38650515733510638 -0.1604026408511445 -0.03058912761996177 0.17569852730136148 0.044899658924045086 -0.42310025451010741 0.24064969530002106 -0.0018312710967273241 0.076154640373515436 0.045906735082865927 0.067427066428635191 -0.12446128766595428 -0.030418460989692333 0.13019831248872371 0.064200047151899184 0.0024372107807232321 0.035027481223953709 0.038818826973521674 -0.1731786733185697 -0.050736466943518625 0.51691466440304878 -0.09042540852588539 0.0092680251821627337 -0.39709017716900918 0.12715914041077694 -0.02505955336309423 -0.074127536224806098 -0.58176395678400061 0.061884332289924716 -0.36045445456053826 -0.039765547387299129 0.0049082198846932008 -0.49458980547658149 -0.42489168895497537 0.26979068342756152 0.039192646696515433 -0.36578174418753762 0.10302865990812882 -0.24082582583051601 0.19243619969473141 -0.29517521444124883 0.19093995013081863 0.077514036279739074 0.0093661934950632075 -0.048460624494851369 -0.25555420475229396 -0.42071414854372169 0.019947972285912413 -0.086211341508355438 0.44948096530123616 0.0013139417205020629 -0.069690553521295773 0.10527470861149604 -0.42926919009126729 -0.10712584825257483 -0.34723092278418999 -0.04346539502629565 -0.10663823770530401 -0.40105904009687737 -0.071539938444780682 -0.069961232766483472 -0.36907676045696269 -0.39333647327734617 0.058759798138009835 -0.45658708156509342 -0.42959388354024841 -0.12188654727640003 -0.030980411775516015 -0.17667013559957637 0.01478634725443672 0.0069766413141907485 -0.27576468650790054 0.63632466264025167 0.042394129420128504 -0.066324967810506605 -0.41306299424032611 0.068150257706944897 -0.31404052740399513 -0.20022188878520036 -0.48914927650193007 0.076532158010947926 -0.10401808043591397 0.037636422890074676 -0.024059219604621315 0.084293226091107065 -0.50400379197259237 -0.40248214324194032 -0.42143272117701047 0.37630162410837958 0.15964056705064864 -0.053685510424222628 -0.0078388854528771753 -0.35046984538119602 -0.2376702232258445 -0.33886915678618929 0.038740629678515145 -0.10545099321937397 -0.1343335041804064 -0.28650458457231787 0.27035173460025186 -0.60298873606452852 -0.73100113054380145 -0.24248474983311441 -0.39274740233272154 0.042169213328940393 -0.026938139986765443 -0.43588232630831913 0.33401857553103786 0.23530442792775347 0.11376538302201661 -0.052710597800383889 -0.29044043030754402 -0.016338299943101414 0.12081947625893784 -0.0055734154196574737 -0.16197794593994438 0.062281995224409498
leaf_weight=116 105 6596 114 1749 292 118 6269 3010 405 1078 841 870 2358 6302 1022 1120 5471 1047 17713 103 242 342 4731 4586 1058 5005 1578 2672 1498 183 5387 358 544 323 16173 2574 104 4853 539 17892 1683 212 104 5187 2797 501 8522 1318 8005 115 6372 21702 12328 806 151 134 2058 1545 181 5436 1840 2654 103 3238 172 3225 1561 139 509 553 137 176 3956 126 206 265 6106 1979 1101 12553 202 303 712 577 120 5689 214 383 224 1351 707 16774 781 146 268 116 156 112 2357 1548 17361 477 1027 369 2495 283 1333 469 150 215 143 407 119 1685 1945 452 293 4431 917 103 231 1147 828 908 251 1815
leaf_count=116 105 6596 114 1749 292 118 6269 3010 405 1078 841 870 2358 6302 1022 1120 5471 1047 17713 103 242 342 4731 4586 1058 5005 1578 2672 1498 183 5387 358 544 323 16173 2574 104 4853 539 17892 1683 212 104 5187 2797 501 8522 1318 8005 115 6372 21702 12328 806 151 134 2058 1545 181 5436 1840 2654 103 3238 172 3225 1561 139 509 553 137 176 3956 126 206 265 6106 1979 1101 12553 202 303 712 577 120 5689 214 383 224 1351 707 16774 781 146 268 116 156 112 2357 1548 17361 477 1027 369 2495 283 1333 469 150 215 143 407 119 1685 1945 452 293 4431 917 103 231 1147 828 908 251 1815
internal_value=0.000290938 0.00021411 9.4163e-05 0.00123821 -7.83698e-05 -0.000146336 -0.00107066 6.10018e-05 0.00147643 0.00304308 -0.000374366 0.000645636 -0.000879368 0.000904006 -0.00076631 0.00123473 0.0010958 -4.7583e-05 0.00043957 -0.00130986 -0.00167487 -0.00331493 0.00247706 -0.00063593 -0.00353712 -0.00113681 -0.00315677 -0.000833413 -0.00117486 -0.000719807 -0.00124637 -0.000944372 -0.00552106 -0.00546109 -0.00111344 -0.00341297 -0.0105202 -0.000759153 -0.000433795 -0.000701493 -0.000558319 0.00162698 -0.000336847 0.0019322 -1.10494e-05 -0.00317073 0.00190912 -0.00385743 0.0023601 0.00142412 0.00236834 0.00107305 4.25604e-05 -0.00439638 -0.00358189 -0.000247767 -0.0019711 -0.00482494 0.00277108 0.00128723 0.00184284 0.000320428 -0.00013152 -0.00183197 0.000163735 -0.00123791 -0.00388411 -0.00401425 0.00406767 -0.00465201 -0.00636997 -0.0113389 0.000919953 -0.00659389 -0.00325648 -0.0074216 0.000264876 -0.00519285 -0.00216265 -0.000560026 -0.00104155 0.00144695 -0.00170651 -0.00424223 -0.00655129 -1.6234e-05 -0.00178874 -0.00418964 -0.00863857 -0.000226777 0.000645249 0.000808699 -0.00289593 -0.00693393 -0.00783439 -0.00410917 -0.00848958 -0.00380597 0.00037123 0.000909091 0.000247289 -0.00608487 -0.00869732 0.00247401 0.00266667 -0.0102229 -0.00394517 -0.00773533 -0.0025 -0.00827309 -0.00936508 -0.00218182 -0.00173234 0.000354768 -0.00310697 -0.00662468 -0.000353227 0.00343787 0.00102384 -0.0120065 -0.00913043 -0.00156412 5.10208e-05 -0.00194296 0.00153305 -0.000553524
internal_weight=319691 311009 290455 38063 252392 245862 45047 200815 36524 8682 115101 85714 12418 73296 42140 34775 7829 85314 46672 29787 25602 6509 6530 38642 2519 35871 4672 31199 3650 5811 26194 23190 902 2907 19093 2920 346 22288 36123 31537 1799 28964 3889 25075 4525 1425 20554 1501 20550 46819 12674 34145 12443 1539 3004 16901 3876 1818 332 13958 15363 4494 28959 4285 24674 6309 1733 1684 6935 1092 2584 468 4185 229 2072 574 13025 2116 2769 30445 1747 3100 1213 4589 1579 26477 3427 1477 607 4576 18365 17658 884 1559 1413 961 384 268 4310 3905 23050 1461 1295 10869 10500 618 1668 733 264 498 620 4950 4543 1804 2739 794 1642 5857 1426 309 335 1349 1950 1122 5104 7921
internal_count=319691 311009 290455 38063 252392 245862 45047 200815 36524 8682 115101 85714 12418 73296 42140 34775 7829 85314 46672 29787 25602 6509 6530 38642 2519 35871 4672 31199 3650 5811 26194 23190 902 2907 19093 2920 346 22288 36123 31537 1799 28964 3889 25075 4525 1425 20554 1501 20550 46819 12674 34145 12443 1539 3004 16901 3876 1818 332 13958 15363 4494 28959 4285 24674 6309 1733 1684 6935 1092 2584 468 4185 229 2072 574 13025 2116 2769 30445 1747 3100 1213 4589 1579 26477 3427 1477 607 4576 18365 17658 884 1559 1413 961 384 268 4310 3905 23050 1461 1295 10869 10500 618 1668 733 264 498 620 4950 4543 1804 2739 794 1642 5857 1426 309 335 1349 1950 1122 5104 7921
cat_boundaries=0 11 23 35 47 58 69 81 92 103 114 125 126 137 138 139 140 152 162 173 184 195 205 216 227 238 241 242 253 254 266 277 288 289 300 311 322 333 344 353 364 365 376 377 378 389 400 411 412 413 424 435 446 457 468
cat_threshold=134217728 67108864 4198402 2685403137 1048832 33588232 1279263360 8192 1048576 1174419456 16781312 134219905 2147484288 630784 1 67108864 1074044928 36908 16 268435458 2214597632 16908288 64 8421440 1024 150995264 16777480 269647872 40 524288 4096 536905776 1073741824 526405 16 16777216 2281701376 8495104 17039364 67112992 1077948416 8519936 1310978 41943168 2097152 133120 8 0 54528000 295168 2097156 67108864 1614807040 2147484160 12883968 1048584 537136458 8388608 8388612 1028 151257089 2244608 6148 197632 8912896 30572545 1075838976 512 8388609 0 16779264 134217888 33685504 4100 131336 35127296 8914946 9437209 1075052616 256 8 540676 8392708 402653441 33687560 2048 147456 1048896 8655361 8 134217728 2151679236 258 67108868 270532608 33570944 536875276 838860800 2281701696 268435584 2290089984 33564674 1280 0 52430850 512 16384 10240 16448 64 8946688 67108880 134350026 268436480 1196036 6291456 276828161 18436 0 65536 512 22155776 2101248 256 4259908 2333 1048576 29364224 272629792 33554432 268435456 541065224 64 2148012032 1152 1209270530 524548 1049 6153 280 20484 38832144 4226 8388608 64 21504 0 1572897 2098176 3146252 4194304 8 4096 185632786 130 1073872896 3221225536 134222912 34734592 32 2163712 269746177 1048576 8388640 8650785 1835008 1073743872 65920 4194432 2168487940 1074855944 134217792 2147483648 67239936 0 1 524288 0 5242880 0 1 1 134348864 268435456 4 4 134479872 16384 4096 0 0 17825792 1073741824 0 8388608 1572864 8388608 8667169 134479878 3104 8519936 1074003968 2164296198 1048576 671088832 268435456 12589056 32 0 0 4194312 1048576 2147749888 0 671088714 1028 269484164 12582912 134480129 0 2684354560 196608 2148007952 2164261376 9 537395456 13107457 1064960 4194304 419430432 8 536870912 65568 0 1 134217736 512 589824 0 0 402653184 2560 268451840 1073741828 32 167772296 536870916 288 33554448 21106697 1075840040 537133568 4259904 4482 277872640 50333696 20971680 0 268435456 541065216 8388608 2168588290 134218752 1073873664 0 8 268435456 1024 4194304 0 268443652 134217760 33554432 17989632 17 1610875200 1 270548996 6291456 4096 2147485696 128 4210688 4194320 5505280 1107300353 6291456 2160066560 3336 8388608 5120 150995201 131072 268435456 134414336 0 2048 0 256 524288 0 29360128 32 0 0 4194304 64 0 0 134217728 4 1048576 4096 32 33554432 0 536870920 64 4096 1024 134217728 256 0 4096 33 33570952 1073752064 0 33554624 524288 1207964672 1048576 524289 0 0 384 33554432 0 32 33554432 0 134218761 1073741824 64 64 1024 134217792 256 131072 32 0 4096 2048 304087044 2097408 4608 2155905024 128 4210688 272629776 5513216 1111494656 2621440 2151744000 11413 0 16777216 160 33685504 0 8 35127296 0 17 1310792 256 2073 1305 524292 8388608 1 2048 0 0 0 266752 0 0 4195328 0 4194304 0 0 0 0 0 0 0 0 4 0 1024 262144 0 0 132096 0 0 0 0 8388608 14355 13318 1048576 16777216 0 33554432 0 671088672 0 0 134217728 537919488 524288 9961472 4199424 285212928 8519680 2415919104 537067520 1573888 2147485696 1 1048580 524801 0 5120 32 33554432 0 0 0 2056 1073742848 262144 2147483648 4 1024 150994944 2048 0 0 8912896 1048576 0 134217728 4 16384 0 0 0 0 0 0 4608 0 0 4194308
is_linear=0
shrinkage=0.1


Tree=32
num_leaves=127
num_cat=88
split_feature=10 11 11 0 2 2 2 10 1 2 2 10 1 1 11 8 1 1 2 2 2 1 1 10 1 2 2 1 8 1 2 1 2 2 2 2 1 11 2 1 1 1 8 2 2 1 15 2 2 1 11 2 1 2 11 1 1 2 11 1 1 2 2 8 1 8 11 10 9 2 1 1 2 1 15 11 2 11 1 8 20 1 2 1 1 2 1 1 8 1 2 1 1 2 8 1 15 2 10 20 2 2 1 1 2 14 11 1 21 20 11 2 1 2 2 1 14 11 0 1 14 1 1 2 1 2
split_gain=6.81695 9.95077 6.66975 6.03302 6.66452 5.76663 5.18999 5.06543 4.61349 4.60779 4.42609 4.34842 5.48203 4.18501 3.9637 7.54531 6.90933 6.03065 4.9658 4.3635 4.21422 3.91962 3.82753 3.73409 4.06036 4.07106 3.64882 3.60785 3.6805 4.41721 4.09766 3.53314 3.61027 3.50695 3.387 3.37964 3.35034 3.30104 4.72643 3.89784 3.84888 3.10028 2.97986 4.25799 4.24176 2.76495 2.65546 3.95584 3.12725 3.0741 2.83391 2.64938 2.63992 2.61874 2.60996 2.57065 2.56524 2.56316 2.48987 2.48685 2.47747 2.45696 2.43334 2.46159 2.4058 2.40001 2.33638 2.82375 2.68896 3.00237 2.72174 2.31471 2.27898 2.26895 2.26709 2.26419 2.26093 2.23148 2.2195 2.96104 2.20921 2.14475 2.10015 2.08017 2.06472 2.05145 2.04539 2.02894 2.01117 1.99813 2.00403 1.96864 1.92145 2.06482 1.83043 2.14115 1.8963 1.83029 1.82941 1.82044 1.81304 1.78671 1.76668 1.74714 1.73339 1.7154 1.70878 2.70569 1.70091 1.69649 1.63255 3.1695 2.24561 2.06839 1.62652 1.72167 1.58733 1.636 1.58675 1.81054 2.19963 1.58391 1.56962 1.56286 1.56455 1.5398
threshold=113.50000000000001 5.3524198532104501 4.3343882560729989 0 1 2 3 168.50000000000003 4 5 6 80.500000000000014 7 8 6.7787744998931894 9.5000000000000018 9 10 11 12 13 14 15 149.50000000000003 16 17 18 19 16.500000000000004 20 21 22 23 24 25 26 27 4.3343882560729989 28 29 30 31 6.5000000000000009 32 33 34 2280.5000000000005 35 36 37 2.2441734075546269 38 39 40 3.833959817886353 41 42 43 3.5403851270675664 44 45 46 47 29.500000000000004 48 4.5000000000000009 6.1669569015502939 348.50000000000006 1616.5000000000002 49 50 51 52 53 431.50000000000006 2.5638694763183598 54 7.5298902988433847 55 29.500000000000004 0.20330291986465457 56 57 58 59 60 61 62 29.500000000000004 63 64 65 66 67 29.500000000000004 68 2790.5000000000005 69 99.500000000000014 0.32582892477512365 70 71 72 73 74 22.500000000000004 2.5638694763183598 75 0.0082224979996681231 0.20940191298723224 4.7378976345062265 76 77 78 79 80 16.500000000000004 5.9094657897949228 81 82 47.500000000000007 83 84 85 86 87
decision_type=2 2 2 9 9 9 9 2 9 9 9 2 9 9 2 2 9 9 9 9 9 9 9 2 9 9 9 9 2 9 9 9 9 9 9 9 9 2 9 9 9 9 2 9 9 9 2 9 9 9 2 9 9 9 2 9 9 9 2 9 9 9 9 2 9 2 2 2 2 9 9 9 9 9 2 2 9 2 9 2 2 9 9 9 9 9 9 9 2 9 9 9 9 9 2 9 2 9 2 2 9 9 9 9 9 2 2 9 2 2 2 9 9 9 9 9 2 2 9 9 2 9 9 9 9 9
left_child=2 6 3 5 -5 36 56 10 58 -6 -3 21 -13 -11 17 16 104 18 65 77 73 -7 -4 37 76 122 54 -12 30 61 81 32 -22 83 -31 -24 -1 38 -10 -39 -40 100 44 91 -33 -15 48 -48 -47 -49 52 -23 -50 -41 55 -14 -2 -37 -8 -59 -52 -30 -27 103 -65 -9 68 89 69 70 88 97 -43 -19 -56 -57 -25 -18 79 -35 -60 -29 -62 -17 -46 -79 -76 -74 -45 90 -68 -44 -84 -94 95 -34 -96 -55 -38 -71 -32 -86 -42 -64 -16 -85 107 -53 -20 -70 111 -73 -112 -114 -21 -116 117 -102 125 -120 -121 -51 -26 124 -61 -97
right_child=1 7 22 4 9 11 8 14 23 13 27 12 26 45 15 33 19 20 108 114 31 51 35 24 25 62 -28 28 29 34 41 42 94 78 -36 57 98 39 40 53 102 72 43 66 84 46 47 49 50 121 60 106 -54 71 74 75 -58 59 80 123 82 -63 63 64 -66 -67 67 -69 109 99 -72 110 87 -75 86 -77 -78 85 -80 -81 -82 -83 92 105 101 -87 -88 -89 -90 -91 -92 -93 93 -95 96 118 -98 -99 -100 -101 116 -103 -104 -105 -106 -107 -108 -109 -110 -111 112 -113 113 -115 115 -117 -118 -119 119 120 -122 -123 -124 -125 -126 -127
leaf_value=-0.049090137693842573 -0.55368213951104361 0.20557463491654412 0.23751825002090821 0.2242447114334874 -0.097953163976730706 0.17578683739300882 -0.78958403208530159 -0.89147342798403262 -0.41001219742987538 -0.11898408928855647 0.23721842684180811 -0.25228490858954106 0.063097104869055731 0.1522216554341416 0.056504781728510256 -0.3080707873581921 -0.29225702126101999 0.25320876564976946 0.16512308956451013 0.14033433111029037 -0.00987826775283282 0.10568324922781046 0.1712785561886139 -0.40276928960548564 -0.10283204378881257 -0.039216948711520032 -0.13211826173809807 -0.13699695261608319 -0.15869490030472863 -0.027410374675202232 -0.0038442697761760613 -0.14487428074220074 -0.080419629778967383 0.12394534931422525 0.23530940427370553 -0.043213217433998259 -0.17892612387211915 0.15319656841877174 -0.27966999252706376 0.078063317169310503 0.12907811109678499 -0.062548623150668253 0.1295525585661432 -0.2166426621273399 0.23131047875005262 0.10821591275649921 0.20566026571291263 -0.067977132654749736 0.034667545239412664 0.22532429890760519 0.10145631978430954 -0.21074609241878603 -0.20281749440486127 -0.25970338895893902 -0.30391818305184604 -0.48595649420065073 -0.16298473832045712 -0.048263070329949039 -0.24120533957205625 0.14573032668102126 0.05912067933554848 0.039083332588082331 -0.38412125548990783 -0.077238520746542749 -0.52487577912790762 -0.60415236119800575 -0.34889386988267518 -0.51832024665771248 -0.90140598710008646 -0.37928833423341163 0.00024681398210319339 -0.29788830365839641 0.12629156060952734 0.037903482374992942 -0.011228926019227165 -0.1006686038067173 0.062019048674410084 0.19082422312020589 0.27441866598961484 -0.52971163970018365 -0.0470573692153878 0.13283080596575855 0.015910330689080186 0.0089913977499392287 0.22035141492756069 -0.17966754173100405 0.13459992168390286 0.0018050701136735265 -0.78577922026083913 0.098162061021180413 -0.044134042357719616 -0.012958481321369978 -0.041387194214791923 -0.16780156895681886 -0.12183532687158974 0.0074027674858980616 -0.61103632832539656 -0.066819721651554018 -0.64644092890860205 0.30627390851432129 -0.46254577958832821 0.0013185115424845374 -0.062090144532934689 -0.14824537202598095 0.45396442837186779 0.26403725580386145 0.005141408943910737 -0.029096317347329811 -0.23618517399768613 -0.57326535538597645 0.09420243343137083 -0.040709029664880145 0.033654416017709493 -0.066056858255005804 -0.099453980030232925 0.060957397265598505 -0.099111114268367329 -0.13948227854226519 -0.2232039956080013 -0.69318781703993382 -0.12406562769056535 0.043879177664699856 -0.75415408844738341 0.088442778646355358 -0.025168944461321618 -0.46216411161112431
leaf_weight=1827 359 3960 2979 3457 1866 2421 163 108 482 1663 2109 1793 1633 3204 1168 630 3162 1665 494 964 5396 2181 3487 464 238 3630 2968 585 683 1432 1025 2928 3374 1488 6807 2521 832 2917 1494 4906 1406 3385 3545 710 2595 3817 4627 2455 1291 974 3126 453 2154 448 115 200 2721 1695 1336 1199 3885 1676 1125 214 352 260 420 1271 170 1254 2595 635 3291 4898 1423 1904 4120 769 6750 209 1137 6986 3634 3954 3477 2632 2526 20180 128 2641 2185 6445 3241 1762 261 778 199 1895 117 107 207 5997 3709 5257 1494 1988 9630 1957 1683 186 3986 4147 5105 4539 3509 3655 1052 342 670 453 165 10209 416 20781 3035 781
leaf_count=1827 359 3960 2979 3457 1866 2421 163 108 482 1663 2109 1793 1633 3204 1168 630 3162 1665 494 964 5396 2181 3487 464 238 3630 2968 585 683 1432 1025 2928 3374 1488 6807 2521 832 2917 1494 4906 1406 3385 3545 710 2595 3817 4627 2455 1291 974 3126 453 2154 448 115 200 2721 1695 1336 1199 3885 1676 1125 214 352 260 420 1271 170 1254 2595 635 3291 4898 1423 1904 4120 769 6750 209 1137 6986 3634 3954 3477 2632 2526 20180 128 2641 2185 6445 3241 1762 261 778 199 1895 117 107 207 5997 3709 5257 1494 1988 9630 1957 1683 186 3986 4147 5105 4539 3509 3655 1052 342 670 453 165 10209 416 20781 3035 781
internal_value=0.000311831 -4.31554e-05 0.000911611 0.000421741 0.00109294 -0.000656455 -0.0011589 0.000400262 -0.000930889 0.000786344 0.00116902 -0.000241665 -0.00164623 0.000984105 -5.75314e-05 0.000828494 -0.000591828 -0.000553432 -0.00530333 -0.0014414 -0.000333791 0.000818412 0.00205536 -0.000721429 -0.00200051 -0.00302259 -0.000789498 0.000912196 0.000732465 0.00237592 0.000262597 -0.000654274 -0.00213701 0.00246954 0.00346587 0.00174102 -0.00500359 -0.000154475 -0.00208574 0.000324726 -0.00137634 -0.000270581 -0.000165284 -0.000915639 0.000918184 0.00116898 0.000948161 0.0018478 0.00023134 0.000987691 -0.000291577 0.000183403 -0.00288824 -6.97281e-05 0.000346947 -0.00156007 -0.00514563 0.0013888 -0.00500378 0.00167665 0.000279908 -0.00143943 -0.0025425 -0.00363898 -0.00996466 -0.0159259 -0.00221204 -0.000955961 -0.00380582 -0.00318315 -0.00158873 -0.00056104 5.0622e-05 0.00204321 0.00210138 -0.00385998 0.00050936 -0.00335767 0.00381577 0.000568249 -0.00423372 0.0023361 -0.000349505 0.000732301 0.00174601 -0.00158483 0.00250443 0.00040075 -0.00650943 6.86241e-05 -0.00189293 0.0006 -0.00121776 -0.00248753 -0.00369003 -0.00324546 -0.00978261 -0.00351466 -0.0098123 -0.00714077 -0.00354325 0.00105863 -6.82923e-05 -0.00308367 0.00408683 0.00131384 -0.00039834 -0.00278008 -0.00344307 -0.012191 -0.000183476 -0.00177332 0.000374175 -0.000451626 0.000108135 -0.000412601 -0.00564246 -0.0100364 -0.00526076 -0.00787365 -0.0118153 0.00169124 -0.0106325 0.00192807 0.000174364 -0.00306565
internal_weight=320174 201132 119042 83345 51365 31980 57201 143931 54121 47908 53720 29204 12562 46042 90211 32372 17353 57839 2545 14691 55294 16642 35697 51485 15816 11232 10769 49760 47651 10598 37053 48731 12077 15019 8239 32718 2776 35669 7091 28578 6609 29482 36654 21657 14997 44379 41175 18265 22910 13638 19093 14221 3445 25661 7801 3737 3080 29231 2636 26710 15648 2359 10578 6948 566 368 11667 6517 5150 4794 3433 20755 26856 6563 4064 2104 4584 6563 8447 1697 2473 7571 12522 6572 12069 3401 3949 23471 838 5246 2605 9990 8637 5003 6681 6221 460 2343 949 1361 2626 9474 5115 6382 2662 5942 12040 2410 2177 356 18412 4782 13630 9644 8128 7164 1601 549 2847 1288 618 11183 654 25015 4234 1559
internal_count=320174 201132 119042 83345 51365 31980 57201 143931 54121 47908 53720 29204 12562 46042 90211 32372 17353 57839 2545 14691 55294 16642 35697 51485 15816 11232 10769 49760 47651 10598 37053 48731 12077 15019 8239 32718 2776 35669 7091 28578 6609 29482 36654 21657 14997 44379 41175 18265 22910 13638 19093 14221 3445 25661 7801 3737 3080 29231 2636 26710 15648 2359 10578 6948 566 368 11667 6517 5150 4794 3433 20755 26856 6563 4064 2104 4584 6563 8447 1697 2473 7571 12522 6572 12069 3401 3949 23471 838 5246 2605 9990 8637 5003 6681 6221 460 2343 949 1361 2626 9474 5115 6382 2662 5942 12040 2410 2177 356 18412 4782 13630 9644 8128 7164 1601 549 2847 1288 618 11183 654 25015 4234 1559
cat_boundaries=0 1 12 23 34 46 58 69 80 92 103 114 125 135 147 159 170 181 192 204 215 226 237 248 259 270 281 293 304 316 327 338 350 361 372 383 394 405 416 428 439 450 462 470 481 493 504 515 527 535 545 557 568 580 591 602 613 624 636 645 656 663 674 685 696 707 719 730 741 752 760 771 782 793 804 815 826 837 849 861 872 883 884 893 904 913 924 935 945
cat_threshold=4536 1064960 33555616 2097152 571473921 268435720 272654464 2156003584 266880 0 176 2147549184 8388614 8388608 142610976 2260996 256 1384 2147488064 2147484160 128 264192 16777281 302137472 2155872288 12582912 536873088 0 134218112 131072 20971528 1049608 2228744 2168455232 33554432 176161282 262176 536903936 33587200 16640 134742016 4194380 17826816 2688 143424 16 65568 93849616 9216 268961920 2147618816 8421376 4719620 1088 1619001344 67108864 0 40 109576192 136317056 4097 143687936 37152 32 8 16908288 16781312 137363522 1024 402685952 37750800 8993 1073741832 8388928 1610679360 1073741824 5242884 5120 1032 256 4194305 67108896 2105344 135266433 537919488 268435584 1107427332 1024 2701134368 2147492864 138412064 64 9437184 16782336 285212800 36306952 268435456 131112 8388608 2049 134218760 536873024 8913152 67239940 4196480 8392706 11534336 1048584 134234112 0 8192 4259873 1213205506 2160068608 1048576 0 138412032 0 335544320 4194304 9961472 262144 1 0 256 1179648 20975618 134480163 131080 524288 4326408 8388672 22020608 2098200 672137216 67633152 54558868 138678274 2638080 269484032 16384 8912896 1026 1208025090 2056 0 8 285229056 4194304 896 1610612864 8403008 1610678400 33562624 2 1073741824 1207959562 134742112 8 2214592512 1115689010 8192 2147614848 0 1212153888 135795008 2164261890 1207959552 0 9437188 4096 67112960 4481 3145856 536870912 134348896 33554432 1610243 1073807360 5120 2161639424 0 0 385 131072 4 131072 524352 528384 1 1048832 4 1048576 50335748 268443776 536870920 0 671219712 42999828 9607168 24 3145760 0 8 16924672 37748772 16777216 8781952 536879168 1073889288 64 32768 138477608 536879104 269615104 1048576 2048 4129 2113536 2052 536870976 0 539136 69211139 1074402624 2151677952 0 4227104 272629792 2147484672 64 1209009152 528 2560 1074791472 1610613504 13697025 9961472 16777216 155189632 260 6144 536937792 0 562178 1176 131840 268435520 132 6144 285212928 536870912 0 8 256 274340096 4121 1610875394 8389697 270532608 4102 150995073 0 67110912 671220736 1048960 2147883011 1024 1311232 268501248 268451844 1107329060 16777504 2113664 268435520 1180672 2147483776 2147483650 10485794 1073741824 12582917 2692808704 2161115136 45184 538968064 0 134480032 32 1048640 35651584 141688960 1179648 16 4 25166848 272629760 0 1343225856 1207959552 128 8783872 17 2048 260 0 4096 0 2228224 2147483648 0 8388672 0 16 263170 4097 8 12599424 2217742336 0 1196160 2147483648 393224 2415919120 32 1073745952 33685824 2415984641 1048576 16779264 402661376 131072 536870912 33856 1048576 1048609 136314897 1075843336 4784128 2149580800 8423424 8388610 671090688 268435712 8422400 2285895816 4194564 1074790402 1207959554 4194308 8 268451840 8388608 268435456 168034316 4 197768 2148532288 2156922881 1049601 1074003970 8912960 270548992 0 160 264192 2048 66728 2147483712 2148536320 1049609 537395776 8455233 2147631104 33564736 32800 570426368 33554688 37773376 8389376 4718592 67112960 2097172 268443904 19398784 4194304 262400 2147632388 32 536936480 80 8429570 51380224 134218752 150994949 402653184 2097154 25202689 16777216 534532 1024 201326624 4194313 137363456 4327424 8389892 151519236 1024 16797700 133376 10240 1073742080 71565312 14336 167772176 37748744 2148007937 16777280 1077936128 16777472 8 8192 570429440 655360 1179690 1211105281 33554752 9961472 72 162005056 128 268439553 2147483912 15360 8519680 0 512 1048577 33560576 8391681 524292 67635200 262144 1065222 536873088 132104 2415919104 8945664 65536 134484032 268964608 1067008 16781312 285736962 32772 268435584 134349056 2147615268 8388752 2097152 134217988 2151677952 8 4 50333696 268435456 8 0 131104 9437184 1 16908288 290 10485764 9437184 268439680 16640 1342308352 258 75567107 2147484240 8388608 25186308 4325636 8388608 10502148 8396836 33554496 131088 0 136 6299648 268436032 8 268435460 134221824 8454148 18432 268437544 132128 4194336 270656 144769024 33690368 65536 268435461 8388608 17039488 33554440 4 131144 1572864 1572865 129 1074266368 64 2147483648 6144 0 18874624 269484032 536986624 512 8398848 54530048 1077944384 524544 8 0 1024 134217728 33685512 0 536870912 64 8388608 9437188 1024 0 133120 536870912 536870944 0 4096 4194456 1049408 0 0 0 393224 805306368 0 8912896 2048 0 536870976 0 8 16777216 1024 0 10487808 128 671088832 46137856 9730 67108864 4195330 12582912 2228480 1090519318 8192 132 2147483652 82240 0 1082374 128 33555464 2415921408 8 287326209 2098180 257 134217736 0 1056 8388608 25165825 270536728 538968064 268435520 8912896 4096 1 33554432 0 1024 512 3 0 64 524288 8388608 33560576 16781312 2228480 0 40 384 262144 135266313 262144 524288 0 16777360 8388608 256 36 0 134217728 8390145 83886080 4096 769 25165824 2281701380 290 2147614728 570425344 1208090880 64 16777218 1 268698632 268438016 64 0 33554432 160 34209800 0 4325376 128 8388608 134217728 0 1028 262144 33816576 268435460 4096 8912960 286261760 1207959552 524352 65536 1048576 0 262400 8 0 1024 8388672 4 0 285212672 2048 128 0 43520640 135168 1073741832 134217984 8388608 268435840 150994944 4128 2147500040 8392704 1048576 33554432 136195 268439568 36835336 2155872257 2097152 1024 32 131072 268435456 131072 8388608 2424307713 2 537133056 525312 8388608 0 0 0 536870912 0 128 4325376 0 536871488 3076 0 41975824 262144 33818632 0 4232 2156920896 2151677952 1076887554 536870920 589824 8 0 23069696 151011330 2621440 2147483648 1083212032 67109968 8391168 1107296264 269484072 2147483649 0 268435456 134545536 16384 2 104 1048592 8421632 67109888 3145730 16777217 8912896 0 4194432 256 0 0 0 529410 1032 131584 64 0 16777216 16777216 131080 268435456 0 1048576 1048576 1048581 0 384 33554432 0 536936448 9437248 524288 1 524288 256 1179648 8391680 16777472 8519680 536870916 536870912 0 12582912 144 135266304 256 16793601 3223322624 69632 2147483653 2147495936 1208221704 3221225472 25694208 0 66 276824320 268451840 1073741824 16777216 2147483656 2147483648 8 276824064 2147483648 136314880 1209008128 65792 1048576 20975616 285212672 33685504 67108864 131072 1048576 17039361 0 671350784 66560 1052672 16777216 268435457 0 0 4194304 8388608 17302016 1048576 0 8388608 0 1049600 0 2097152 2147520512 0 64 1179648 1207959568 2048 5 524288 1073743876 20975617 33554432 536872964 1056 1179712 2148172032 2162696 1076363272 524288 8 1048576 1091567616 402657280 35913736 33595904 545276000 33554944 1057281 1075838992 1048576 8388608 16 2113536 4 272629760 134217728 2048 0 524288 2147614720 0 256 268500993 67239936 0 134217728 0 67108864 134217728 524544 1441792 1048577 1074003968 1 7184 1048576 0 16777216 4 2048 0 0 0 128 67584 10485764 1310722 2147500034 0 8 134742016 1048578 1024 2049 4096 0 3072 150994944 0 0 536870912 2147483648 0 8388608 16384 1140856836 262400 2147483652 134217794 1610612744 2160071176 25165856 1152 1073756160 512 0 1024 285212832 0 302022656 536870912 33587328 8388608 43057153 262144 2147483648 9437184 0 128 8 0 32 1048576 8388608 0 256
is_linear=0
shrinkage=0.1


Tree=33
num_leaves=127
num_cat=94
split_feature=5 1 1 6 4 1 2 5 2 1 1 2 2 2 14 2 1 4 1 2 2 1 2 1 2 1 1 1 2 2 1 2 2 1 1 2 2 1 2 1 1 1 6 1 2 1 1 2 2 1 2 2 13 2 2 1 1 1 2 1 1 1 1 2 14 8 1 2 1 20 2 2 1 2 1 14 14 2 2 11 2 1 20 1 1 1 2 13 2 8 2 2 0 1 14 13 1 1 3 1 1 2 20 2 1 1 8 2 11 2 1 1 8 1 1 1 20 13 20 1 6 14 8 11 18 1
split_gain=6.0094 9.17764 6.37439 5.95296 6.55782 8.76868 6.34899 5.93986 6.79687 5.84541 5.71507 5.02781 4.90296 4.77474 4.47474 4.66796 4.45208 3.89554 6.34611 6.54489 4.99823 4.46616 4.33542 4.59664 3.735 3.62485 3.59733 3.53814 3.49291 4.94049 4.87183 3.48561 3.44738 3.44317 3.40262 4.22546 3.30534 3.82263 3.24098 3.20767 3.15757 3.11937 3.09103 5.90335 4.35427 3.11514 3.00668 2.94708 2.94172 3.01432 2.80651 2.76372 2.61916 2.58384 2.46041 3.40484 3.38886 2.73297 2.44241 3.02271 2.4004 2.33311 2.27551 2.25856 2.22285 2.16286 2.71277 3.24079 2.52779 2.11579 2.08473 2.06462 2.04047 2.35068 2.00719 1.99914 1.97449 1.96327 1.9631 1.95851 2.36684 4.05929 2.36209 2.23918 2.22761 2.06619 1.92348 1.90652 2.28664 1.90086 3.12419 2.73929 2.12569 1.85715 1.83964 2.00877 2.09602 1.83196 1.82077 1.81697 1.8051 1.73962 1.80472 1.73148 1.69875 1.69498 1.68876 1.68656 1.68532 1.6835 1.91237 1.67829 2.13561 1.67114 1.64857 1.59531 1.59289 1.57468 1.52719 1.49024 1.46278 1.46166 1.45906 1.45406 1.96896 1.49976
threshold=415.50000000000006 0 1 6.5000000000000009 20.500000000000004 2 3 815.50000000000011 4 5 6 7 8 9 78.500000000000014 10 11 16.500000000000004 12 13 14 15 16 17 18 19 20 21 22 23 24 25 26 27 28 29 30 31 32 33 34 35 5.5000000000000009 36 37 38 39 40 41 42 43 44 12.500000000000002 45 46 47 48 49 50 51 52 53 54 55 26.500000000000004 18.500000000000004 56 57 58 0.24075476825237277 59 60 61 62 63 1.5000000000000002 66.500000000000014 64 65 5.7101862430572519 66 67 0.1672930642962456 68 69 70 71 4.5000000000000009 72 17.500000000000004 73 74 75 76 11.500000000000002 3.5000000000000004 77 78 20.500000000000004 79 80 81 0.11001731455326082 82 83 84 29.500000000000004 85 7.4743888378143319 86 87 88 8.5000000000000018 89 90 91 0.17564462125301364 4.5000000000000009 0.16524628549814227 92 5.5000000000000009 27.500000000000004 2.5000000000000004 3.5744850635528569 0.23400749266147616 93
decision_type=2 9 9 2 2 9 9 2 9 9 9 9 9 9 2 9 9 2 9 9 9 9 9 9 9 9 9 9 9 9 9 9 9 9 9 9 9 9 9 9 9 9 2 9 9 9 9 9 9 9 9 9 2 9 9 9 9 9 9 9 9 9 9 9 2 2 9 9 9 2 9 9 9 9 9 2 2 9 9 2 9 9 2 9 9 9 9 2 9 2 9 9 9 9 2 2 9 9 2 9 9 9 2 9 9 9 2 9 2 9 9 9 2 9 9 9 2 2 2 9 2 2 2 2 2 9
left_child=1 -1 31 4 14 13 26 8 -5 -10 70 111 97 -6 15 -2 -17 20 53 27 75 98 33 38 104 -16 -7 -20 74 30 -30 -3 119 -21 35 -14 37 118 69 -32 78 -26 45 44 -44 50 -38 -45 -13 -50 -34 -36 116 120 56 63 -42 -57 59 -43 -35 -27 86 76 89 68 -67 -68 -48 108 -9 -47 73 -51 -23 -18 -56 -37 -31 80 81 82 85 117 103 -70 -60 88 -15 91 -91 92 -53 107 -79 121 -97 -8 -22 -90 -92 -74 -103 -81 -11 -77 109 -59 -24 110 -64 112 -12 -58 -94 -93 -28 -82 -4 -25 -19 -96 -40 125 -125 -33
right_child=3 2 36 7 5 6 12 10 9 24 11 48 34 87 25 16 17 18 19 22 21 28 23 32 41 61 52 -29 29 40 39 123 42 60 51 77 46 -39 122 -41 54 58 43 47 -46 71 65 -49 49 72 -52 64 -54 -55 55 57 113 93 62 -61 -62 -63 106 -65 -66 66 67 -69 79 -71 -72 -73 101 -75 -76 105 -78 94 -80 84 83 -83 -84 -85 -86 -87 -88 -89 99 90 100 115 114 -95 95 96 -98 -99 -100 -101 -102 102 -104 -105 -106 -107 -108 -109 -110 -111 -112 -113 -114 -115 -116 -117 -118 -119 -120 -121 -122 -123 -124 124 -126 -127
leaf_value=0.16542110066036581 0.16647403594580334 -0.054680681449696122 -0.15151248695763431 -0.21566257193130151 -0.056942648541215626 -0.027239814570913679 0.38761304292227194 0.16565281266253643 -0.19317716347698502 -0.018604964285006777 -0.26991409621565604 0.36646370901863401 0.10739338255004988 -0.12262638792094452 -0.092164363282838349 -0.12469980284208489 -0.19238744150625375 -0.21526555450683152 -0.031757941370056386 -0.10216020209076715 0.15521129094056763 -0.0080956029341354204 -0.29297650733859565 0.086826092061619453 0.2360081108312404 0.46629844087024908 -0.596118523717167 0.29855217368024606 -0.082656493485204707 -0.25081751173481898 0.16371980073657855 -0.29207834575532848 0.10868804666293086 0.37569571452150091 0.10833050887067422 -0.025767348084551951 0.086013524889735016 -0.022222047477603285 0.18301437384038052 0.040727082130021408 0.1354234529557512 0.076663543867145412 0.06692637012393908 -0.14046005420474428 -0.33985745636850812 0.18123837435783596 0.035612893460789448 0.18595813143429041 0.39219750288966843 0.12045744364689547 -0.040474981153400973 -0.28502188788420119 -0.20779725165389237 -0.02202521217486085 0.0050677993148025603 0.12417429806915302 -0.058775244780943807 0.14180076807489653 -0.23952812511490418 -0.17397065714126456 0.12656728255849045 0.20256332944733427 -0.10614867107876087 -0.12534937273875787 0.17782308455928611 0.16716245356444914 -0.17439347775489522 0.051153754999682277 -0.22627398964574194 0.028889010840184911 -0.28831944924390834 0.063085939356057746 0.26850720533259748 -0.12503795202177748 0.10373573852586221 0.06287117437823582 -0.40736226910362405 -0.26048610038927716 -0.048201397599805129 -0.30081277627581615 -0.44245530602932032 -0.089721275962306626 -0.17688269248292826 0.017720185842242706 0.042236185110880703 -0.51047346181869502 -0.0076998350384733759 -0.27532843829264853 -0.097672971591914237 0.28696384886200577 -0.31722975825056665 0.11942545007106423 0.10037300967299856 -0.027891436591961052 -0.58053144503058896 -0.21670846745873043 0.092550295898152404 0.091723285465552071 -0.17285287364992574 -0.59060525815402898 0.017532553337618832 -0.26077824707785491 0.15869350499014731 -0.041067295540622273 0.24866132110356906 -0.14096980759549163 -0.094412516352146453 0.0056742636016875736 0.30947439706475421 0.16527055904159438 0.12208464193017553 0.1010827897807821 -0.018709348175369896 0.019563519063888327 -0.12904474456273682 -0.036416633016481618 -0.3964327827863286 -0.093356449105299208 -0.35800343664777029 -0.19719246860880801 -0.47367530584672574 -0.014528287484867876 -0.046774129476408355 -0.16147610433611098 -0.35559321678893624 -0.45728737267577912
leaf_weight=2516 2795 1096 302 703 658 2046 1285 262 1294 528 359 2133 1667 101 969 3148 1095 1043 1226 1186 3003 2759 1131 326 1809 1117 148 6113 2592 1426 5070 266 4269 1196 3632 2239 2669 1029 612 18978 3290 1160 553 1266 1276 5782 3383 1813 2135 1480 6468 1048 1733 1782 3533 2836 3777 1001 609 2080 8724 4360 1453 6511 2671 1445 955 1535 354 417 635 11666 2886 1370 6127 751 111 1922 2965 765 197 3453 966 2398 2852 367 2235 427 112 1478 420 1588 623 35748 210 2110 999 1333 281 260 1554 121 11616 1193 2138 946 429 12695 103 3922 1439 320 296 14494 2013 8761 571 626 409 982 172 122 3477 1486 254 205
leaf_count=2516 2795 1096 302 703 658 2046 1285 262 1294 528 359 2133 1667 101 969 3148 1095 1043 1226 1186 3003 2759 1131 326 1809 1117 148 6113 2592 1426 5070 266 4269 1196 3632 2239 2669 1029 612 18978 3290 1160 553 1266 1276 5782 3383 1813 2135 1480 6468 1048 1733 1782 3533 2836 3777 1001 609 2080 8724 4360 1453 6511 2671 1445 955 1535 354 417 635 11666 2886 1370 6127 751 111 1922 2965 765 197 3453 966 2398 2852 367 2235 427 112 1478 420 1588 623 35748 210 2110 999 1333 281 260 1554 121 11616 1193 2138 946 429 12695 103 3922 1439 320 296 14494 2013 8761 571 626 409 982 172 122 3477 1486 254 205
internal_value=0.000288439 -0.00104131 -0.00155768 0.000429742 0.000238999 -0.000903165 -0.000616429 0.00150926 0.00023183 0.000589344 0.00258036 0.0028892 -0.000169539 -0.0082398 0.000472689 0.000388072 0.000329688 0.00039106 0.00104623 0.00127586 8.06995e-05 0.000172711 0.000875393 0.000391273 0.00106221 0.00306547 -0.00415262 0.00406722 7.6096e-05 -7.15418e-05 0.00112195 -0.00567682 0.000828514 0.00262325 -0.000499894 -0.00212415 -0.00100851 -0.0052 -0.00222609 0.00156622 -0.000431349 0.000452925 0.001028 -0.00128769 -0.00576944 0.00143161 -0.000691471 0.0013888 0.00320491 0.00281782 9.02581e-05 0.000133625 -0.00673436 -0.00343532 -0.000294502 -0.000612539 0.000626304 -0.000286861 -7.72284e-05 -0.00246154 0.00323263 0.00405868 0.000690304 -0.00228726 -0.000324308 -0.00110298 0.00100381 -0.001 -0.00160445 -0.00595424 -0.00521499 0.0022557 0.00238117 -6.99297e-05 0.00198516 -0.00409707 -0.000290093 -0.00312401 -0.00304249 -0.00222972 -0.00315632 -0.00448544 -0.00850324 -0.00101826 -0.0006237 -0.0128849 -0.00170287 -0.012967 -0.0174841 -0.000734915 0.00136732 -0.00125205 -0.0035896 -0.000460225 -0.00416341 -0.00278698 -0.00199743 0.00398782 0.00380692 -0.0208901 -0.00123992 0.00285861 0.00231293 -0.00321138 0.00450673 -0.00196229 0.00163105 0.000529695 -0.00807131 0.00201644 0.000179187 -0.00411167 -0.00699248 9.35401e-05 -0.00205593 -0.000416063 -0.0118359 -0.00548619 -0.0108044 -0.00418816 -0.00697959 -0.0101807 -0.000709929 -0.00796488 -0.00666667 -0.0129299
internal_weight=319825 30721 28205 289104 245692 41731 40173 43412 19799 19096 23613 22716 35675 1558 203961 197515 194720 191572 61583 58586 129989 127197 51247 40141 17802 6446 4498 7339 123913 115027 26640 3307 34401 11106 33057 9269 24898 1740 5740 24048 88387 15136 33093 4908 1829 28185 23158 3079 21741 19608 10737 23788 2452 2997 83996 62435 21561 52280 13327 3240 9920 5477 10087 10155 20156 20489 3935 2490 16554 1651 897 17448 17473 2850 8886 2792 3644 7602 4391 13171 8361 5140 1687 3221 4810 721 2844 900 473 17485 3452 14033 3684 49444 5363 3441 3109 2618 3284 372 1974 14623 11737 1958 2666 1697 7243 13696 1234 6814 2892 975 655 18271 2636 10349 719 823 711 1308 1215 332 4089 2211 1740 471
internal_count=319825 30721 28205 289104 245692 41731 40173 43412 19799 19096 23613 22716 35675 1558 203961 197515 194720 191572 61583 58586 129989 127197 51247 40141 17802 6446 4498 7339 123913 115027 26640 3307 34401 11106 33057 9269 24898 1740 5740 24048 88387 15136 33093 4908 1829 28185 23158 3079 21741 19608 10737 23788 2452 2997 83996 62435 21561 52280 13327 3240 9920 5477 10087 10155 20156 20489 3935 2490 16554 1651 897 17448 17473 2850 8886 2792 3644 7602 4391 13171 8361 5140 1687 3221 4810 721 2844 900 473 17485 3452 14033 3684 49444 5363 3441 3109 2618 3284 372 1974 14623 11737 1958 2666 1697 7243 13696 1234 6814 2892 975 655 18271 2636 10349 719 823 711 1308 1215 332 4089 2211 1740 471
cat_boundaries=0 11 23 34 45 57 68 79 90 102 112 123 135 146 158 170 180 192 203 214 226 237 248 260 272 284 295 306 317 328 340 352 363 374 385 396 407 418 429 440 452 463 474 486 497 508 519 531 542 553 564 575 586 597 609 621 632 643 654 665 676 687 699 710 721 732 743 754 764 775 787 797 808 817 828 839 840 851 861 871 882 893 903 913 924 935 945 957 968 978 989 1000 1010 1020 1029
cat_threshold=2281766912 4325440 4096 1207961600 335544320 5287936 67371392 17039872 2097154 2684354593 65540 67108864 8848 134217760 1048578 36868 33554432 3489661952 26 620757009 1073741828 17956864 64 16777216 8388608 262400 524292 536870912 32832 640 18354176 1073741954 136315392 2156068932 1116224 67111956 140513280 2 0 270336 262180 2415920160 654311552 136 2151677952 67125249 2 8433664 1572866 2048 4352 4194304 1056768 12587008 37762048 268632064 8 2162692 201326596 4210688 152043522 8224 1081408 2152203008 4227072 8388640 541589504 524800 2147549184 1207959552 4098 537135108 3221229600 4194304 4194304 1050114 83887104 6426624 16777728 0 1140850848 98306 32768 8640 1081728 402653184 1030 4096 35651592 2428502016 524289 2260992 8389696 557056 1073742400 1052800 268439680 262656 12582912 540545072 65536 64 8388608 16777216 16777344 33685504 0 131080 1048640 8388608 128 1209270528 2147483744 1073906304 16384 34818 33554466 306454656 270344 268435584 574619648 32 1048576 134217984 67109120 1057280 1082163456 43122848 16384 67108868 8708 4196352 268435456 72704 24 35651586 2147483648 10506244 17039489 10244 1073741824 4460544 262400 100728832 2182 8388613 16640 36700192 134221824 151012608 268435776 96 134217728 8396844 8388736 37748740 4325376 8 136318976 403701794 8390208 134217728 3489666368 1048576 1073741824 8260 0 335544340 134217728 32 2183139328 131648 32836 17825793 67108864 9445376 138682376 0 645959680 67110918 117440512 20971520 268739072 1107296260 2147483648 1065984 1048720 2169637376 1 131080 8388608 64 25247745 1077936132 290 2097152 536871168 536903776 33685888 1083394 8388608 2098184 4194368 18022400 234881060 257 2315256064 2147483648 541098048 33685760 0 203489280 136839176 2147483648 268437504 4196352 0 136448132 32768 1073758216 134218768 64 204472360 134 25231360 16 269500416 4199680 285212832 33685512 0 132128 34603008 8388611 5121 0 256 0 33554432 4489249 6 0 1216 528 2151813122 1216353281 138674216 2151678016 603979776 2147485700 4100 2688024576 536870912 69632 33554464 656640 4096 1073752194 2415924224 16 9453572 35652624 0 8404996 68159492 134217728 2147483648 16810496 262288 33555720 65604 8 147456 34603008 12587008 2 3221225536 33088 1048592 17829888 1048576 38281472 2161115136 64 0 4096 20971520 131080 0 671219744 1048576 1 17 1207959552 1 268959873 2148008192 6 546046080 1679426176 1073745920 3288338432 1024 0 128 16777728 16388 4196368 0 537921540 2147488768 70920 524304 17825801 16777346 34082816 131328 268566784 83886080 16777216 131080 4 671088904 34078720 2151843842 135270416 1610613826 1 404766720 1073741824 130 1051648 335587336 98368 134742016 4200448 1 1077936128 8392769 8 131072 0 257 0 536870912 1056 128 2147614720 1 256 321 8 131072 4096 262144 35799040 0 64 9437760 2157578496 0 33816578 8913152 9437184 8389632 288 1048576 201326592 131072 256 320 70656 2282225664 524293 268435456 8390660 2097153 537004032 805310464 541130752 524352 2147649794 402653313 1096 131584 67633284 128 2686977 536873984 0 1073774592 1073775488 4457600 270532640 1312 268443648 285343745 0 32771 2147500036 2304 134349056 33555456 528384 4260866 264 272695296 269615104 3072 20971521 149504 0 134283264 64 2160721920 134221824 135659520 256 8519680 8388608 4194464 131072 2048 134217736 512 524291 1040 0 524288 524288 41943042 134217856 33685508 268435456 38928384 2156921344 285212673 3149976 1074004224 512 2113542 1073741824 6373376 2684371072 8192 64 4100 4326404 0 473956608 12582912 16 0 4096 20971681 8 8192 134283520 320 3 1048592 1074791488 69 69206017 150994944 16785441 1064964 2147483648 81920 656928 393472 69206018 8192 16908804 8404997 67108864 8397056 34603392 0 8192 100663424 2164265225 3145762 1152 8389696 16 131072 134224912 20971649 131072 2052 679477256 64 0 17830912 673192450 268435521 2147487746 17825824 65666 545275904 41252 37879808 71434496 17825792 5120 1073741890 256 1048576 25165824 4194432 131080 0 0 8388672 4194305 152 1209008128 4 65792 0 4456480 33554440 8200 1610612744 142610640 2048 269484034 543293440 9043969 64 293666816 2102272 4096 2147483776 268439552 128 33554432 17432897 1162 537002496 260 0 6294528 262146 2183135360 0 4384 524304 2148008256 1114242 143872 8913157 2049 1056784 32 262144 1073753156 4456448 2147488800 40 1073741824 2152206337 2168455264 276824068 2101248 150994944 545523840 67108900 1073807488 8388608 16782338 131 2432 5376 0 33561600 268701984 131072 67108864 541140008 8388608 131074 134217736 135266370 8388928 276826176 41976832 258 33554432 603979840 268468288 2147614880 557120 8388608 69214208 2151677952 524482 1024 272662592 262144 1048832 132096 5898368 535056 0 35783680 524288 8 8388608 6144 293863552 33556480 2214592516 4276264 131072 2147614720 1073741952 134221890 2155872257 8 0 25169920 134250881 0 0 320 524288 2151940098 8 262208 4195072 268435456 2101248 268697729 131076 1073742080 536936480 142606848 2147487745 1074795552 395336 524544 0 0 134217856 33554432 0 537001992 64 1 24 1075052544 524288 37879872 136319012 293601284 10485760 32 1610612872 64 0 167837696 532480 2415919104 0 5120 289406976 33554432 0 536870912 0 2048 8 1074790400 256 536870912 201327620 65697 0 8192 536936448 33687040 4097 2101248 2215913792 261 285868032 4197376 262144 2149580800 67110912 536887368 134217744 4982784 1073741825 134742528 268500992 8 1048576 8390656 268435584 33685512 0 134357024 8388928 12582912 134217736 1610875200 257 76546052 33557520 268435712 2097152 268468224 537002120 524288 2147619840 1048578 134742784 8388608 4100 128 327681 2149711884 570429444 1073741832 2147483648 655618 137363472 134349314 16777472 0 25169920 150994944 33554440 0 8 8388736 264192 34 537133568 8388608 8388608 16781312 423624832 33685504 268435456 0 1048640 8394752 8 135528448 524288 26214656 100664320 262336 33685504 570427520 134283520 13639712 2155905024 4096 1311746 269488128 2048 3 0 2147483648 0 524288 2155876385 1082130432 266306 524544 268435456 16777216 0 12 2048 134348832 134742528 2304 1049728 1310720 320 8 8388608 1024 128 0 33556480 134217728 1048576 0 0 1026 0 16777216 4194304 4 268435456 1064 16 2148007936 1073741840 262656 4194305 0 0 402653184 0 0 0 0 0 16 131076 1107296256 17039392 131080 268435456 671154248 8912960 657419 137363464 131072 268959808 16908544 3221225472 268435489 1048708 268435456 32832 135266368 9044233 134217728 141824 134221888 1082 1064960 2155874306 4473090 16388 0 135176 1179664 2148534274 0 1241522320 131585 268435456 16777216 16777216 131080 0 134217728 524288 2050 134217744 1073741824 335675392 16777216 285212800 8 0 671088648 1048640 0 67108888 1074004226 0 0 0 0 0 0 0 0 130 134217728 2147614720 0 5120 0 33554432 0 131104 1048576 0 8 1048576 524288 41959428 14683136 4194432 167772288 805306368 1077940288 0 5275648 8 2819229248 0 0 423624832 8 268435456 134217728 64 2048 0 1074790400 9437184 8390656 1 131072 0 131072 33554496 3 4096 832 320 9437184 16778240 268435840 33554432 1073741824 536870912 9043968 4096 134217744 262144 4194624 268566528 0 3 262273 32768 49216 4325632 1052672 67108864 528384 524288 12586112 262306 147464 4352 134217728 2148008512 8651264 16778256 2 8389121 16 1048576 8389632 288 536870912 536870912 0 1048576 8391171 25 1074003968 320 1048576 1024 406847616 0 0 536870944 64 8388609 0 1073741824 212992 41943040 128 278532 1610625024 4391944 8519744 0 1207959552 1073741888 2164261440 9437184 0 268435456 33554432 0 0 64 0 0 262144 256 8388608 2048 1 0 0 5243904 1048576 262144 1032 1048832 0 1024 20971520 0 0 4202496 0 2147483648 130 524544 0 8704 0 1048576 4 0 0 26 67108865
is_linear=0
shrinkage=0.1


Tree=34
num_leaves=127
num_cat=62
split_feature=6 8 1 5 1 1 1 1 6 1 5 1 1 1 0 1 1 1 13 1 1 13 1 1 13 14 1 6 1 14 1 1 0 1 1 1 5 1 1 1 8 8 1 13 10 11 14 1 11 6 6 1 0 18 1 8 6 8 8 1 1 1 1 11 10 10 10 0 14 1 20 1 0 1 1 1 1 1 5 1 8 1 11 8 1 13 1 20 5 1 8 5 1 1 1 10 11 16 17 3 20 20 1 9 11 1 20 14 1 10 1 10 9 14 10 11 14 1 20 17 8 1 11 10 0 1
split_gain=6.32548 6.22452 5.28826 5.1754 5.74792 5.44582 5.16682 4.98226 4.47195 4.87739 4.03348 5.37275 3.98259 3.85796 3.81788 3.78255 3.57689 3.56369 3.24247 3.60354 3.23835 3.05135 3.0509 2.75807 2.75839 2.61054 2.94158 2.6053 2.80904 2.74735 3.269 2.66084 2.59399 2.55479 2.33706 2.23267 2.22958 5.72474 2.64281 2.21761 2.1966 2.18781 2.06779 2.02004 1.98318 2.57598 1.99027 2.22499 2.10169 1.85246 2.32813 2.09671 1.839 2.02857 1.80183 2.5413 1.79518 4.47866 3.48817 3.09409 3.0507 2.83032 2.73675 1.78393 1.83046 1.74203 1.67681 1.67509 2.15244 1.66771 1.65553 1.62755 1.60645 2.36298 2.089 1.7227 1.59163 1.58561 1.55635 1.53368 1.51456 2.7068 1.89977 1.65817 1.48226 1.47378 1.87343 1.5662 1.45053 2.03644 1.43744 1.42659 2.04351 1.63915 1.41163 1.41007 1.57028 1.40774 1.39437 1.39206 1.38561 1.37476 1.63774 1.45469 1.36665 1.34681 1.34638 1.33663 1.33473 1.32683 1.43896 1.74621 1.34589 1.32012 1.31707 1.83097 2.9431 1.57707 1.3087 1.29783 1.42133 1.2834 1.28118 2.08064 1.38867 1.3691
threshold=3.5000000000000004 1.0000000180025095e-35 0 815.50000000000011 1 2 3 4 1.5000000000000002 5 1165.5000000000002 6 7 8 9 10 11 12 4.5000000000000009 13 14 14.500000000000002 15 16 56.500000000000007 71.500000000000014 17 6.5000000000000009 18 25.500000000000004 19 20 21 22 23 24 415.50000000000006 25 26 27 5.5000000000000009 28.500000000000004 28 7.5000000000000009 252.50000000000003 5.9364066123962411 78.500000000000014 29 7.1187953948974618 5.5000000000000009 6.5000000000000009 30 31 0.25460879504680639 32 17.500000000000004 2.5000000000000004 5.5000000000000009 6.5000000000000009 33 34 35 36 4.2384967803955087 94.500000000000014 121.50000000000001 95.500000000000014 37 20.500000000000004 38 0.37070819735527044 39 40 41 42 43 44 45 1105.5000000000002 46 29.500000000000004 47 5.3003067970275888 21.500000000000004 48 4.5000000000000009 49 0.22923801094293597 415.50000000000006 50 5.5000000000000009 343.50000000000006 51 52 53 70.500000000000014 5.8705458641052255 0.21509863436222079 0.0043484664056450137 16.500000000000004 0.16597853600978854 0.19876263290643695 54 872.50000000000011 5.6254031658172616 55 0.32305318117141729 80.500000000000014 56 139.50000000000003 57 91.500000000000014 733.50000000000011 24.500000000000004 113.50000000000001 2.825121402740479 43.500000000000007 58 0.19928601384162906 0.012505628168582918 15.500000000000002 59 6.7513968944549569 348.50000000000006 60 61
decision_type=2 2 9 2 9 9 9 9 2 9 2 9 9 9 9 9 9 9 2 9 9 2 9 9 2 2 9 2 9 2 9 9 9 9 9 9 2 9 9 9 2 2 9 2 2 2 2 9 2 2 2 9 9 2 9 2 2 2 2 9 9 9 9 2 2 2 2 9 2 9 2 9 9 9 9 9 9 9 2 9 2 9 2 2 9 2 9 2 2 9 2 2 9 9 9 2 2 2 2 2 2 2 9 2 2 9 2 2 9 2 9 2 2 2 2 2 2 9 2 2 2 9 2 2 9 9
left_child=2 6 -1 4 -3 -5 43 -4 9 -9 13 -12 40 95 17 -6 101 -7 19 -14 -15 71 -19 24 -17 36 -27 29 -29 30 85 41 34 70 -20 88 37 98 63 -39 -11 -31 -25 -2 46 97 48 -48 72 51 69 -35 53 -21 55 -32 57 62 60 78 67 -58 -40 64 77 -42 -64 -59 -69 -51 99 -13 74 -74 -44 -75 -30 -38 -60 -33 83 82 -82 91 -68 86 87 -18 89 -34 -66 92 -76 -93 -8 -10 114 -46 -22 -24 -47 102 -16 -103 -83 107 -67 -28 -77 110 -36 -112 -111 -45 115 116 -97 -117 121 -98 -121 -23 123 124 -61 -126
right_child=1 3 7 5 15 14 94 8 10 12 11 21 18 20 16 23 27 22 32 52 25 118 33 42 -26 26 105 28 76 31 54 79 35 49 109 -37 38 39 56 -41 65 -43 44 113 45 100 47 -49 -50 50 -52 -53 -54 -55 -56 -57 61 58 59 122 -62 -63 66 -65 90 106 84 68 -70 -71 -72 -73 73 75 80 108 -78 -79 -80 -81 81 104 -84 -85 -86 -87 -88 -89 -90 -91 -92 93 -94 -95 -96 96 119 -99 -100 -101 -102 103 -104 -105 -106 -107 -108 -109 -110 112 111 -113 -114 -115 -116 117 -118 -119 -120 120 -122 -123 -124 -125 125 -127
leaf_value=0.11495536804172482 -0.61995684694512176 0.15309352439767573 -0.13380618356962456 -0.18473198073803726 -0.16078323441168843 0.23575732952775891 0.26128487848612392 0.19110907128058158 0.057164765061372962 0.20422693264370062 0.034106192138489887 -0.49646352083953671 -0.27361143428837453 0.067206960136007118 -0.37719740482456637 -0.036717236273464619 -0.13908183253054085 -0.11912498436200199 0.036412662219268657 -0.42510602677880843 -0.69796951877735347 -0.049032354476851107 0.014567038715248934 -0.02115647505768729 -0.44583573730906578 0.3806185734407519 -0.41446084758478091 0.020558087723628216 0.50335461485299771 0.069985843052033925 0.003761603747090387 0.3427448957379215 0.035269050072846996 0.011388211760168382 0.054178510687488968 0.078735949613066292 -0.15246349900752454 0.10952082100600483 0.17724003378003508 -0.093117247418691498 0.092423169639264391 -0.34867786938293743 -0.041352794949409521 -0.30450057340748793 0.02460924905447719 -0.18761272218054845 0.014496592328884009 0.34637356064939939 0.20175421264644228 0.078959750920892635 0.10645988170444942 0.14610292737226649 -0.02562676285017201 -0.13229354150781722 0.14241326897981643 0.19861991320559877 0.11529155427245846 -0.21747360889691725 0.061789692081274522 0.072461988469358446 -0.1179755963367965 0.0053928066348755506 0.14830071929150693 -0.036822326360214756 -0.12368489620712504 -0.039712987839651076 -0.36552186741887571 -0.44317426228172474 -0.71167736587867925 -0.090808024850947716 0.80338628548699809 -0.21128848581516513 0.19745634429553344 0.087442646901779483 -0.25141806488938134 0.02207145922905477 0.23548081227702383 -0.0011598302229251403 -0.16063038339666771 0.20613542763653456 -0.32989884005561609 -0.020097179364612135 -0.10407350305911008 0.16978757146590517 -0.022270083528338928 -0.023761465170221728 -0.10057196370988486 -0.70504047972620598 -0.0055575822338019025 -0.35613927653002608 -0.35291421540417589 0.10330666228351604 0.029640882291315552 0.010748936339770206 -0.077961773249957747 -0.54371418478673383 0.11565739744506542 -0.86800852562190978 -0.2690467905462674 -0.08236147488958323 0.024959712077189951 -0.079059688808608239 -0.048464670330639198 0.21842472604624394 0.31101267144431854 0.081598971379693575 0.31827857114460834 0.087373038670042882 -0.0697142934715657 -0.33165195828870192 -0.22976770788106263 -0.040302687743304783 -0.1865592739350844 -0.063530388522817366 -0.34104254554271363 -0.14243934839734154 -0.056073565997442648 -0.011296836369067767 -0.061604638288740292 -0.34754380180922995 0.36096571040736003 -0.24643907363205117 0.10364416366045928 -0.85247555231030592 -0.036807409768686059 -0.12750931258599765
leaf_weight=3433 146 4025 2324 1429 1836 1199 317 4092 372 3607 3089 484 877 4030 322 7883 110 2306 1937 119 112 514 3652 16015 233 758 133 2586 1318 1990 10526 1773 345 4042 1130 9579 878 1404 3124 2292 3834 160 7252 780 131 2024 908 1090 2385 1084 6000 7487 3383 138 8606 2740 3353 399 3501 574 1522 17083 841 11005 327 4790 343 324 182 4014 240 1786 1805 9281 369 7784 9031 1506 192 5947 298 540 289 1898 1875 2560 543 108 7402 401 616 2153 481 16985 1574 111 538 290 1835 5622 5171 1088 555 492 318 1411 413 116 3405 168 170 539 3149 223 1165 222 133 1123 3573 353 110 744 1087 167 4151 2963
leaf_count=3433 146 4025 2324 1429 1836 1199 317 4092 372 3607 3089 484 877 4030 322 7883 110 2306 1937 119 112 514 3652 16015 233 758 133 2586 1318 1990 10526 1773 345 4042 1130 9579 878 1404 3124 2292 3834 160 7252 780 131 2024 908 1090 2385 1084 6000 7487 3383 138 8606 2740 3353 399 3501 574 1522 17083 841 11005 327 4790 343 324 182 4014 240 1786 1805 9281 369 7784 9031 1506 192 5947 298 540 289 1898 1875 2560 543 108 7402 401 616 2153 481 16985 1574 111 538 290 1835 5622 5171 1088 555 492 318 1411 413 116 3405 168 170 539 3149 223 1165 222 133 1123 3573 353 110 744 1087 167 4151 2963
internal_value=0.000293428 0.000671938 -0.000229346 0.000746742 0.000235005 0.00130127 -0.00381579 -0.000331121 -0.00024793 0.000541098 -0.000689023 -0.00255152 0.000219333 -0.000426271 0.00140296 7.08989e-05 0.00196275 0.000610276 -0.000420145 -0.00288466 -0.000246058 -0.00406272 0.000422846 0.000163824 -0.00159242 -0.000419137 0.00280397 0.00215339 0.00336683 0.00170636 0.0011523 0.00312057 2.82034e-05 0.000675252 -0.00158665 0.000674861 -0.000545608 -0.00244019 -0.000354739 -0.000118726 0.00170223 3.70804e-10 0.000340249 -0.00906816 0.000591518 -0.000924369 0.000793313 0.00389389 0.000681173 0.00125326 0.000331592 0.00214156 -0.00147945 -0.00947565 0.00159583 0.000863212 4.82122e-05 -0.000595434 -0.00152569 -0.000858725 -0.00499794 0.000717362 0.00167071 -0.00152559 -0.00355576 0.000870865 -0.000459433 -0.00956284 -0.0134496 -0.0012397 -0.000699286 -0.00709251 0.000550154 0.00119587 7.94303e-05 0.000888672 0.00410175 -0.00208054 0.0015744 0.00398448 0.000540251 -0.00259516 -0.00775544 0.00074751 -0.00190261 -0.00176824 -0.00563732 -0.0132456 -0.000541799 -0.00474531 -0.00728526 0.000479288 -0.00352941 0.000657331 -0.000573382 -0.00339135 -0.00398136 -0.00852732 -0.00681145 -0.000912227 -0.000479499 -0.00175517 -0.00493729 3.72529e-10 0.00101383 0.000419162 -0.000320968 -0.00621622 5.26836e-05 -0.00269841 -0.000549211 -0.00404729 -0.0038981 -0.00754736 -0.00521423 -0.00334172 -0.0113115 -0.00189591 -0.00264748 -0.00058941 -0.00447084 -0.0054213 -0.00186327 -0.00231063 -0.00207076 -0.00245087
internal_weight=319670 185419 134251 182379 94849 87530 3040 130818 128494 46073 82421 10190 41981 72231 86101 90824 50455 35646 29337 4517 68104 7101 34447 88988 8116 64074 2418 47998 12935 35063 25193 9870 24820 32141 7093 17727 61656 5643 56013 3696 12644 2150 80872 1149 64857 7616 57241 1998 55243 22627 11098 11529 3640 257 21872 13266 41681 21245 15062 12635 2427 20436 6183 14332 3327 9037 3059 905 506 5098 9514 2270 52858 22275 30583 20470 10349 2384 3693 7720 23331 1445 587 21886 2218 3321 761 218 8148 746 943 19988 850 19138 1891 4127 3755 421 1947 9274 7195 2457 877 1580 858 1660 5203 249 11189 5156 1839 709 3317 1003 2754 1589 244 1345 4831 1001 463 1258 8942 7855 7688 7114
internal_count=319670 185419 134251 182379 94849 87530 3040 130818 128494 46073 82421 10190 41981 72231 86101 90824 50455 35646 29337 4517 68104 7101 34447 88988 8116 64074 2418 47998 12935 35063 25193 9870 24820 32141 7093 17727 61656 5643 56013 3696 12644 2150 80872 1149 64857 7616 57241 1998 55243 22627 11098 11529 3640 257 21872 13266 41681 21245 15062 12635 2427 20436 6183 14332 3327 9037 3059 905 506 5098 9514 2270 52858 22275 30583 20470 10349 2384 3693 7720 23331 1445 587 21886 2218 3321 761 218 8148 746 943 19988 850 19138 1891 4127 3755 421 1947 9274 7195 2457 877 1580 858 1660 5203 249 11189 5156 1839 709 3317 1003 2754 1589 244 1345 4831 1001 463 1258 8942 7855 7688 7114
cat_boundaries=0 11 22 33 44 56 68 79 88 99 100 112 123 134 145 156 167 178 189 201 212 223 224 235 246 257 267 279 291 302 312 324 325 336 348 359 370 381 382 394 405 406 417 429 440 451 462 474 485 496 507 518 528 539 550 561 572 584 594 605 615 616 627
cat_threshold=2147483648 2147516672 33284 8388608 3288474816 270336 32 384 268435458 2416452609 134218240 33554432 131586 32864 1744831489 1140851712 8192 280 17039508 536903680 10240 1180164 2149581057 131072 1049088 1090521088 1073751048 46153856 12292 1024 2048 339748864 544 8912896 20972544 419430400 0 67108864 536871968 64 8652803 1032 262208 5 100352 11534880 65600 16826624 1081344 64 24 268443736 2684354560 20 3072 64 67633152 134218880 2097152 1210318977 4128 33574912 38797568 17040384 68157440 2080 2148139008 8 8388608 2048 285212705 8 268435456 5243912 8388608 16777217 134217729 1074003968 256 9437440 33685504 268435872 2181038094 0 196640 3221225472 1085473 23139457 71827456 139268 2097184 1073741825 268441632 268455936 2147516416 16777248 4227072 135456 4333568 9498 67112960 134250768 65536 2148007938 1179840 34881792 1073741856 268435456 50332192 4718592 2147491840 80 0 1317013552 262144 545570824 6276 256 4194560 262656 17825793 8 2147614784 589824 1107304448 4259844 2148532224 33028 41280 131072 32808 50331680 536871084 2156003328 1 4194320 25182208 1572864 268435456 9438344 268698624 4194816 0 536871488 22024196 419577859 67108864 16384 524288 570425608 1114240 931328 4194304 33554432 536870984 2147549216 147456 2097152 2101250 262401 2181038208 1114144 134742528 21107200 77598720 131584 268439616 3 3221226500 8929920 10518532 33562892 32768 263172 32768 1024 570425364 525312 3145728 171967488 268443777 33556480 4 132104 1048640 2157051904 2098176 135266306 8388864 1114116 7341056 4096 4 603979776 1096 67108864 30408706 8389632 1076757568 4194305 8 1048576 0 8392739 2149580932 0 65632 33554560 16816128 2098306 672137280 8454149 196610 16777728 17301792 33685504 2147483712 1073741832 16 4231174 1073745952 671088640 272631045 141 0 2164266052 411042048 10485762 1048576 134348808 8388672 524295 1073741832 1075844096 260 16384 4194304 134479872 0 268437504 671089672 8388608 4194816 1073741824 1073741896 12583236 268451844 16779264 155451392 131072 2052 541066248 0 4851712 1207959552 10 8388869 2097152 16779280 277090690 0 4 134348808 12583168 9439234 2101265 36962818 8388864 1207959552 16785408 2684616716 0 541065248 1288699908 4097 24 67109504 276824128 16 0 0 20971520 33554436 0 574653440 201326592 267777 143655968 4196352 277348357 8 136841220 0 270532609 50348032 536875008 8454144 177733632 5376 8388608 1073742528 256 2148614144 58724352 134483968 1048584 2147485696 671088680 512 13633536 202375169 135397384 285212800 68157472 16384 136 0 1024 1049856 2155872512 1048593 33816576 66560 24 32 343932928 20972548 134218112 33685504 872415232 671219712 8388608 9568257 32 1074267394 527360 0 18 8650752 1050624 4 134250504 192 8423942 1091571713 140511234 16781313 8 4 1024 272629888 133120 0 1032 33554496 1050624 134218752 1073741824 524292 4 20972560 8655104 1048704 4 8389888 256 655872 226492577 2097154 256 1048576 20975616 138412160 35784704 4 134348808 33554624 2149318656 1210060800 0 524288 3585 25165828 8390656 262272 12 4096 1024 33554688 262144 1049616 33554688 1 8 0 5120 134217728 33554432 0 0 1573120 2151710720 1073741824 0 524292 4669 1048576 73400320 262144 262144 2147483648 4325376 2214600704 139264 1048577 1032 272629824 131072 69206016 0 264456 2147483648 138413064 2214592512 13772800 1048577 2229256 281018368 8 8536064 41947136 16781312 2312 276826112 1744830504 64 1574912 4112 2282094850 1 276971520 4 8388866 33554688 0 8192 2181038080 2147487744 136315010 0 8912900 0 1073741824 0 2147745792 0 32 67108864 1 16 67109376 8388608 16384 4195328 10489856 2147483904 256 134217792 377619072 2164269072 10485760 1074791680 589824 8 8404992 4200448 155189504 131200 0 536870912 64 524288 134217728 2 1 0 0 262400 0 0 0 0 131586 1048577 134217730 5 0 0 4129 2097152 0 0 33554432 4096 1024 536870976 65540 4 0 21233664 0 4 536870920 0 4196352 0 2 5 277872640 4196352 134221824 0 268435456 32 0 1 1073741840 262146 2164342784 4196512 4098 131200 2048 4160 4194816 512 1077936130 262146 16842752 0 0 32 33556480 0 131072 0 655360 1 1074790400 256 0 33554432 0 536870912 2048 0 0 262144 1048577 0 2147483648 8388608 0 0 2228226 0 0 0 0 159383584 2097152 268435457 2147483904 17836160 134217990 0 32768 1024 168448 8389192 67108864 68157440 8388608 8 4 0 16777216 131072 0 0 64 8914944 16 135528960 0 139268 2097152 0 268435456 0 0 0 0 32 131072 0 16778240 128 131072 0 671088640 1048576 0 0 1048576 8448 0 4197376 406851713 2228224 0 1073872896 0 2149318656 2163712 1107296256 524292
is_linear=0
shrinkage=0.1


Tree=35
num_leaves=127
num_cat=85
split_feature=15 10 11 2 1 16 11 2 2 10 11 2 2 1 1 0 1 1 2 1 1 2 0 1 1 2 2 1 2 2 2 2 1 0 1 2 2 1 10 1 5 1 2 12 1 2 1 11 1 1 2 2 0 1 1 1 2 2 14 2 2 1 10 11 1 5 1 2 10 2 1 1 2 8 13 14 2 1 14 2 1 11 10 0 2 2 1 2 2 1 10 2 12 8 11 15 13 2 2 11 10 19 21 2 1 1 4 2 1 2 2 10 1 1 1 11 4 15 1 1 2 0 11 14 12 21
split_gain=6.2085 5.79039 6.32896 7.17699 5.35967 4.3466 4.01024 5.28124 4.81091 3.96316 5.7207 5.03564 3.75005 3.57964 3.54721 3.54673 3.43028 3.40921 4.03656 3.21866 3.13141 3.3753 3.01558 4.09733 3.98309 3.6389 3.24511 2.99886 2.96114 2.94171 2.88636 2.86888 2.7361 2.61576 2.60102 2.37307 2.36822 2.34761 2.4096 2.31629 2.27072 3.62762 2.24878 2.24739 2.22029 2.12723 2.05707 2.0545 2.41543 2.04385 2.03426 2.02739 2.02364 2.00897 2.00442 1.99254 1.97753 1.94761 1.93757 1.9204 1.90855 1.90009 2.30467 1.87117 2.00329 1.86509 2.74993 1.85813 1.83503 1.82392 1.81257 1.80181 1.90896 1.83112 1.79494 2.13423 3.11113 2.20294 1.78952 1.77898 1.75028 1.87242 1.91016 2.10272 2.5963 2.00653 1.8558 2.01134 1.74183 1.70092 1.684 1.67704 1.67196 1.64883 1.64135 1.5757 1.55329 1.86991 1.55241 1.60753 2.2038 1.58781 1.53333 1.52868 1.56863 1.56293 1.52462 2.03296 1.46713 1.46422 1.442 1.43369 1.41403 1.40564 1.38603 1.36656 1.40756 1.57472 1.34829 1.34586 1.3294 1.31169 1.68982 1.41974 1.30249 1.69689
threshold=4204.5000000000009 88.500000000000014 3.7712564468383794 0 1 0.20385995507240298 2.0902305841445927 2 3 135.50000000000003 5.8424928188323983 4 5 6 7 8 9 10 11 12 13 14 15 16 17 18 19 20 21 22 23 24 25 26 27 28 29 30 77.500000000000014 31 540.50000000000011 32 33 12.500000000000002 34 35 36 5.3003067970275888 37 38 39 40 41 42 43 44 45 46 22.500000000000004 47 48 49 69.500000000000014 6.9773368835449228 50 360.50000000000006 51 52 211.50000000000003 53 54 55 56 9.5000000000000018 8.5000000000000018 7.5000000000000009 57 58 16.500000000000004 59 60 4.3532381057739267 73.500000000000014 61 62 63 64 65 66 67 252.50000000000003 68 911.50000000000011 5.5000000000000009 4.532315969467164 3044.5000000000005 5.5000000000000009 69 70 5.7739620208740243 108.50000000000001 0.0067093032412230977 0.0092387720942497271 71 72 73 19.500000000000004 74 75 76 77 101.50000000000001 78 79 80 3.200775265693665 17.500000000000004 2305.5000000000005 81 82 83 84 2.35339367389679 23.500000000000004 507.50000000000006 0.0075611553620547065
decision_type=2 2 2 9 9 2 2 9 9 2 2 9 9 9 9 9 9 9 9 9 9 9 9 9 9 9 9 9 9 9 9 9 9 9 9 9 9 9 2 9 2 9 9 2 9 9 9 2 9 9 9 9 9 9 9 9 9 9 2 9 9 9 2 2 9 2 9 9 2 9 9 9 9 2 2 2 9 9 2 9 9 2 2 9 9 9 9 9 9 9 2 9 2 2 2 2 2 9 9 2 2 2 2 9 9 9 2 9 9 9 9 2 9 9 9 2 2 2 9 9 9 9 2 2 2 2
left_child=1 6 3 4 -3 12 8 -8 -1 28 11 15 44 -5 69 -11 36 35 -19 -12 21 -2 24 -24 57 49 -25 -28 -7 70 53 -16 -30 54 -27 -13 -14 -10 -39 -33 41 50 114 52 -4 -34 59 48 56 -26 -32 61 -20 -21 -15 111 78 -18 -55 -42 -50 -41 -63 64 124 66 -62 -48 93 -9 -22 -49 73 -73 75 76 102 -77 92 -57 120 82 85 84 -84 -82 -85 -88 90 -67 -45 -83 -47 -37 -17 119 97 -69 -59 100 113 -102 -36 104 -29 109 -79 -108 -90 -105 118 -35 -112 -100 -43 116 117 -56 -76 -38 -53 -87 -123 -124 125 -51
right_child=20 2 5 13 -6 9 7 14 37 10 19 17 16 33 31 94 22 18 43 30 29 -23 23 26 25 34 27 103 32 -31 40 39 45 55 74 68 95 38 -40 51 46 42 -44 88 -46 47 67 71 60 63 -52 80 -54 58 115 79 -58 98 -60 -61 65 62 -64 -65 -66 89 -68 96 -70 -71 -72 72 -74 -75 110 77 -78 106 -80 -81 81 91 83 86 -86 121 87 -89 108 -91 -92 -93 -94 -95 -96 -97 -98 -99 99 -101 101 -103 -104 105 -106 -107 107 -109 -110 -111 112 -113 -114 -115 -116 -117 -118 -119 -120 -121 -122 122 123 -125 -126 -127
leaf_value=-0.19466564907413897 -0.20511446561728006 -0.10372562767665246 -0.0016117968333091955 -0.22052646304924384 -0.42357226421168986 -0.040578615515443235 0.18982614845115597 -0.16553033032167333 0.081074316943007971 -0.61906464640883341 0.26696496537799436 0.11941198167048875 -0.022649362859449587 0.1281416146732661 -0.050803711095457872 -0.55344266911838713 -0.2272534133859582 0.18538789653690221 -0.60541596110912577 0.036723311576657314 0.32405314636943366 0.12689044753372158 0.16458065939935684 0.13718858328648245 0.0073774017107294757 0.12673176042342971 -0.16084808051154253 -0.030136953638471926 0.21468209698001323 0.26157123942443683 0.023744351840542598 0.1495808413909982 0.18436422341116732 0.074810773124936988 -0.43676959594383802 0.15828537693170502 -0.6504774227833634 -0.0066790664182874568 -0.34917076826517501 0.12937422545347474 0.27118593637761834 0.10004903110629822 0.10795260990562852 -0.11625028262656829 -0.18828820694274695 -0.19965739112628589 0.2016990554503178 0.0034180011417370339 -0.022393095575163141 -0.073395971873980462 -0.20319093610192851 0.22278804905952887 -0.11819492634452383 -0.14274168377399396 -0.48424282709388139 -0.026718011553272643 0.010009211372114272 0.064076412003900102 0.0065788638559873061 0.099202811247987799 -0.33309694680092428 0.057430915736411237 -0.061100441016186051 -0.015230804159212722 -0.10710283459439528 0.15414113931522286 0.045919754720758321 0.077232450015323875 -0.72754130703381203 -0.022646258253569394 -0.025408537144291365 -0.019785503804983728 0.22771834476755473 0.21404272869764007 0.0081632680508109245 -0.1019333454348248 -0.011328318199129331 0.039862280331959238 -0.024418442800137375 -0.19440969682417464 0.20584692086937043 0.034615514842227024 0.00735334831405598 -0.04186785375565355 -0.21267426290165489 0.13688277202265672 0.15086371294945614 0.010927156286057975 -0.17215510401411499 0.04625158264433591 -0.71022725559572375 0.22605032412020643 0.096034646970146242 -0.12205349275658491 -0.12008832648952167 -0.36927570932898929 0.040891424496402727 -0.18693056296727878 0.14247454826291875 -0.050120703263821467 -0.39710356621289633 -0.20397001406346127 -0.26537614345418409 0.00070774689736533946 0.10177249353422922 0.012476902521588711 -0.30389402098213919 0.051181324437052401 -0.02034778048718832 -0.13392555114330587 0.086992885510797535 -0.22309894788313872 -0.018283215274934313 -0.081795162522203077 -0.099127783165565669 0.035361980270215573 0.024821559755385542 0.040425635635270851 0.088103714890841484 -0.1499792485250761 0.067611388003311165 -0.075047610118398042 0.0057763540884711098 0.14728793379238078 -0.14640680135754128 -0.58603431702010056
leaf_weight=1244 787 1557 981 1395 1236 3252 3454 237 1884 400 2689 6198 2393 2800 2335 100 914 1211 145 3464 268 1062 3039 2590 2661 2592 1345 3042 2847 5100 1169 2505 2706 1409 113 820 114 3557 444 1437 2234 805 4395 7149 1867 795 2211 2607 5304 146 2116 2313 280 3917 451 1687 3315 1222 2692 12176 362 1414 2911 1918 3343 3633 482 755 137 2363 1546 2024 3183 1762 6235 3519 629 5779 1409 2414 1628 1489 1108 2830 824 1855 2689 5927 1273 11166 193 1680 136 1648 2118 430 15501 1363 400 4345 102 2887 337 1847 4649 5435 488 444 15822 2271 2854 447 15892 847 2847 2199 437 191 6234 1217 7189 565 3721 953 356 397
leaf_count=1244 787 1557 981 1395 1236 3252 3454 237 1884 400 2689 6198 2393 2800 2335 100 914 1211 145 3464 268 1062 3039 2590 2661 2592 1345 3042 2847 5100 1169 2505 2706 1409 113 820 114 3557 444 1437 2234 805 4395 7149 1867 795 2211 2607 5304 146 2116 2313 280 3917 451 1687 3315 1222 2692 12176 362 1414 2911 1918 3343 3633 482 755 137 2363 1546 2024 3183 1762 6235 3519 629 5779 1409 2414 1628 1489 1108 2830 824 1855 2689 5927 1273 11166 193 1680 136 1648 2118 430 15501 1363 400 4345 102 2887 337 1847 4649 5435 488 444 15822 2271 2854 447 15892 847 2847 2199 437 191 6234 1217 7189 565 3721 953 356 397
internal_value=0.000276898 0.000203041 -4.42812e-06 -0.00191518 -0.00651802 0.00012654 0.00109912 0.00140724 -0.00112358 0.000480148 0.000116668 -0.000847068 -0.000392807 -0.000952381 0.00113436 -0.00506849 -0.000283116 -0.000528578 -0.00110302 0.000736106 0.00290197 -0.000758472 -0.000151661 0.000799901 -0.000508165 -0.000158118 0.000306291 -0.00015646 0.00125447 0.00387637 0.000572276 0.00134037 0.0014808 -0.000394354 0.000205204 0.00117213 -0.00308838 7.63362e-05 -0.00129394 0.00152574 0.000910886 -0.000315919 0.000827852 -0.00137826 -0.00396081 0.00126086 0.00131717 0.00105781 0.00060597 -0.00201449 -0.00311077 0.00134253 -0.00858823 -0.00095904 0.00106439 -0.00188202 -0.00122683 -0.00226811 -0.00198066 0.00222608 0.00110083 -0.00039501 -0.00144175 -0.00301459 -0.00419142 0.00165655 -0.00291469 0.000655242 -0.00135755 -0.00245211 0.000405702 0.00231412 0.00315088 0.00162276 1.73982e-05 -0.00106199 -0.00529194 -0.000615835 -0.00344681 -0.00311116 0.00163049 0.00119427 0.000868779 0.000118105 -0.00292482 0.00202018 0.000633729 0.00136332 -0.00125343 0.00191837 -0.0025408 0.00346797 -0.00686359 -0.000737439 -0.00346499 -0.00586674 0.000311419 -0.00222852 -0.00185162 -0.00232685 -0.00371577 -0.00518903 -0.0115217 0.000199374 0.00124789 -0.000645195 0.00044785 -0.00330472 -0.000698626 -0.0021124 0.000408458 0.000836013 -0.000146086 -0.000184442 -0.00100491 -0.000614355 -0.00353105 -0.0065109 0.00124129 -0.00419985 0.00278806 0.0012866 0.000474376 0.0010997 -0.00837184 -0.011547
internal_weight=320227 311464 252908 16223 2793 236685 58556 51427 7129 140811 95828 37494 95874 13430 47973 2618 93026 34876 26073 58334 8763 1849 88872 24218 64654 53937 21179 18589 44983 6914 55645 45373 41731 12035 45116 8803 4154 5885 4001 43038 45572 11332 8047 24862 2848 38884 34240 36178 26602 8821 3285 40533 425 10073 6078 5957 5655 10717 6609 14410 20947 5762 4325 6160 4242 15643 844 19830 2605 2600 1814 9576 6969 3786 42524 11309 1079 10230 2340 4101 34771 25269 22100 13378 1932 8722 11446 8616 24437 14799 7342 3169 931 2468 2218 1761 17619 2118 9803 8581 4236 2989 450 17244 7691 9553 6711 932 17095 4118 31215 1856 18746 1247 3652 3278 1079 642 12469 1331 9502 7094 5239 4674 899 543
internal_count=320227 311464 252908 16223 2793 236685 58556 51427 7129 140811 95828 37494 95874 13430 47973 2618 93026 34876 26073 58334 8763 1849 88872 24218 64654 53937 21179 18589 44983 6914 55645 45373 41731 12035 45116 8803 4154 5885 4001 43038 45572 11332 8047 24862 2848 38884 34240 36178 26602 8821 3285 40533 425 10073 6078 5957 5655 10717 6609 14410 20947 5762 4325 6160 4242 15643 844 19830 2605 2600 1814 9576 6969 3786 42524 11309 1079 10230 2340 4101 34771 25269 22100 13378 1932 8722 11446 8616 24437 14799 7342 3169 931 2468 2218 1761 17619 2118 9803 8581 4236 2989 450 17244 7691 9553 6711 932 17095 4118 31215 1856 18746 1247 3652 3278 1079 642 12469 1331 9502 7094 5239 4674 899 543
cat_boundaries=0 11 22 33 44 56 67 78 90 91 102 113 125 136 147 158 159 170 181 192 203 213 225 236 247 259 270 271 283 293 303 314 326 337 348 359 369 380 392 403 414 424 425 436 447 459 470 481 491 502 513 523 534 545 555 566 577 588 599 610 620 631 632 643 654 665 676 687 698 709 720 731 742 754 766 776 787 799 811 822 833 845 856 863 874 875
cat_threshold=277938180 25169920 134284288 2097155 4096 134283520 393728 131200 27262976 0 65541 81920 16781312 2359296 2 4160 65800 2148533264 0 18874376 1074921862 524288 524288 1076887584 512 17041665 0 4206592 397568 1311758 2097185 524416 134283328 1572928 1140851200 512 19136513 67116032 33685512 0 262152 1207959552 67111168 134217728 20480 67108868 16777216 2147485700 2147485696 536870920 2181038144 4194816 84934787 134877184 268439557 64 18940032 6292256 2 128 1073754112 98304 3225555072 263268 1073745920 536870912 2164260864 1081348 4194308 134225922 2147483648 536879104 1207960608 4202500 131072 202407952 262152 65793 4229250 134217744 12591168 4 160 310411392 8388768 2147483680 536872960 603979776 269484032 64 168 2149646336 3355443456 514 41992456 41975816 128 1207960256 270340 2097152 2 268566528 2097152 2214596612 8392706 2156150788 8192 537067552 5242880 2164265472 144707584 262208 1024 0 33554432 4098 546308488 1056772 49152 32 16777218 1088425984 37758978 0 8 16644 6325248 0 142606336 4 4104 2151678272 17827328 18878497 6664 268500996 268500996 37748736 266240 2097156 67108864 1614815232 2155873024 12849152 1048576 537136962 4194304 0 16778240 138412032 2048 67108864 4195328 8912896 1310720 1040 1073741824 524288 6457 16384 8421376 8388608 2149056512 2214596676 135266408 33554464 32 1216348168 2149720064 2151677953 147456 32784 285213056 536870912 67119108 33088 33554440 1575169 11 2100224 1344 8404996 4096 4194305 2181316608 67108868 4325504 1048896 688384 77594632 396544 524288 1048580 8388608 2101793 10764288 2080 5259648 256 272761347 16777216 5136 135168 16777216 35653124 2097153 0 536870912 1077936128 1573120 8394242 4096 512 385875968 1216348194 4 1048704 134222340 49152 369099264 32832 1056 2097282 65536 24 268451840 12582912 16777601 18432 1409286148 1073745920 2155872768 12615682 9 1536 2160066816 337641472 33560576 0 8912896 536875008 4424 512 12616705 276824226 134217800 67648 2 402653184 2105348 2654212 1074921856 9437184 4202500 2147483648 587202560 3225419780 1048576 96 65536 1073741826 65536 256 0 1611023488 272629880 5769216 1073741858 524358 65536 3590 117440769 6291456 2097152 135790720 1610612864 1073758208 2215116800 131072 1141899264 532480 8454144 8 1048576 1024 407109888 33554432 805306368 134218752 9437184 2157613057 134217728 1600 0 8389632 402653312 0 268435456 537001992 524288 32771 26 1208090624 18874368 512 608 8 9216 578945032 1048576 16779784 135266321 536885248 8388673 285212672 1054724 33060 536870915 1032 0 134479892 2 94371841 4225 131072 8 0 0 150994944 524288 0 1056 42467328 8388609 1073742850 1835008 524288 0 20972544 290 2181169164 268435460 134414336 64 4098 1073742848 1075707904 261 67108864 4096 285474816 131080 67108864 536870912 128 393217 1154 134742018 256 2179076 34078720 8455168 538968070 805306368 579272800 2147483664 2147483652 2 33948672 3145728 50331648 289669121 2717909004 0 66592 1572864 262145 276825106 1573890 2049 25165828 1056 402653187 2147500032 536879104 33554688 8388608 66 145752080 2147487744 4726785 24 9437444 8388608 4129 133248 268435456 66560 8388608 4198402 135267328 134349312 2155872257 0 0 272629760 8 335544320 536936448 1048576 395264 25 1073741824 8913153 196608 2214592532 4210752 3388997640 2147491844 1073741824 243794080 559120 8 520 1056 3276800 4352 155451394 131080 1048576 197632 524288 2155872256 268435456 1076495680 529664 2097152 1082138624 25428388 0 256 64 142869104 16779522 1032 5373986 268435456 2048 2164260866 277610752 12 0 163848 524832 16777360 10485760 131328 4 8 1048576 4199428 20971648 33554440 0 134217728 0 10098690 4104 524544 2151678208 0 0 2097184 262144 0 0 1048576 8392704 1048576 1049088 524608 1572865 0 411303938 570687488 268443648 81920 12583040 0 8 657920 131072 2103296 266272 33687552 10240 256 1082655744 16777472 142610584 134742020 268960000 65536 20972608 17039362 2056 2048 0 524800 8521856 134217728 134218248 524289 0 0 134217728 0 0 536870912 0 131072 4112 1310976 1048576 0 0 8 2147485696 134217728 34603008 8388609 67108864 0 256 8519684 18907136 12583040 134234116 0 1130528 128 17041408 1076891648 1073743872 1028 0 0 16777248 0 0 1056 34603008 131072 0 2 0 4096 16777216 8 0 0 33554624 0 134217736 0 524544 131072 67109120 4456448 536870914 268435456 134283264 43515904 143872 1152 394248 2147483905 9568256 5120 134217729 2048 8192 1024 13631552 16779785 1222639624 72 2416050176 0 25165824 268435456 131084 268435456 32 8912896 2048 1048707 134217728 261 8388608 58720384 134217760 131076 0 66592 131072 4096 66576 672399368 2148007940 0 1024 16785568 8 0 8 524288 16779264 1073742848 12 0 0 271122560 1073758208 2155872516 1254400 369229824 25690113 134218752 1048874 16777216 280 1048576 8388608 262144 0 0 32768 0 8389120 134221824 131074 4 2097152 16779264 419463170 536887298 2080 17536 512 8388641 1073741824 33818944 2147487748 8454144 16777216 262145 0 1073741824 1073742080 1048576 4372480 1074855936 138423808 1 270548992 37750784 419463552 0 536875008 536872192 16 513 0 1179648 25165825 276824064 16781312 4194721 33554434 805306368 134349856 8912896 2148667392 134217752 1050368 256 0 2214592512 262400 1179648 2147485696 104 1572864 4097 67112968 394248 2147483904 4 50338816 142868736 16384 2048 320 1048576 4198400 0 134217728 8388864 256 0 16777472 33554432 268435456 1024 8388608 0 1025 537657600 524288 100663296 1026 289669377 33554432 4 0 524376 5243392 270532648 134479872 1 8388608 132114 384 2181038088 0 671219720 1049088 8914944 101711880 1080427008 524804 42074117 1048592 0 2099332 0 537018624 2147483648 4196416 16778240 135267584 516 8 8519680 4096 402653184 2097156 8320 65536 4096 1048576 51445776 575930368 8912960 8 1048576 1024 134217728 8 0 134217728 0 1 0 1073741824 8388608 4194306 33 537919488 2147485696 1024 512 32768 1024 537919488 131072 2147483648 67108864 402661376 17825792 33685568 96 134217728 16777480 134283264 134219778 276824321 16 269484032 41943056 134217728 9570316 2048 1073758240 0 8391169 135332867 2097216 12583936 8 4 25165824 262144 0 0 197664 0 2147487744 0 536870976 4 0 0 0 0 4 33024 33554432 2048 9 0 64 8388608 16777216 262400 0 872415232 1048576 0 2147745794 8 536870912 256 8 8388608 25170944 4456448 0 0 671088640 9437184 2147483648 134217744 135266880 1 2097152 134217984 0 8388864 8 0 134217728 0 1024 128 0 268437568 537068544 576 12587009 134218768 135266304 276955392 10643
is_linear=0
shrinkage=0.1


end of trees

feature_importances:
origin=1246
dest=1120
sched_speed_mpm=390
crs_elapsed_min=304
days_to_holiday=209
carrier_sched_day=174
crs_dep_min_of_day=153
carrier=140
te_flight_delay=110
distance_mi=108
dest_sched_arrs_hour=97
origin_sched_deps_day=84
arr_hour=68
day_of_week=64
origin_sched_deps_hour=62
te_carrier_origin_delay=54
te_route_delay=47
dep_hour=38
te_flight_cancel=29
te_carrier_origin_cancel=24
te_route_cancel=14
is_weekend=1

parameters:
[boosting: gbdt]
[objective: quantile]
[metric: quantile]
[tree_learner: serial]
[device_type: cpu]
[data_sample_strategy: bagging]
[data: ]
[valid: ]
[num_iterations: 500]
[learning_rate: 0.1]
[num_leaves: 127]
[num_threads: 8]
[seed: 42]
[deterministic: 0]
[force_col_wise: 0]
[force_row_wise: 0]
[histogram_pool_size: -1]
[max_depth: -1]
[min_data_in_leaf: 100]
[min_sum_hessian_in_leaf: 0.001]
[bagging_fraction: 0.8]
[pos_bagging_fraction: 1]
[neg_bagging_fraction: 1]
[bagging_freq: 1]
[bagging_seed: 400]
[bagging_by_query: 0]
[feature_fraction: 0.8]
[feature_fraction_bynode: 1]
[feature_fraction_seed: 30056]
[extra_trees: 0]
[extra_seed: 12879]
[early_stopping_round: 0]
[early_stopping_min_delta: 0]
[first_metric_only: 0]
[max_delta_step: 0]
[lambda_l1: 0]
[lambda_l2: 0]
[linear_lambda: 0]
[min_gain_to_split: 0]
[drop_rate: 0.1]
[max_drop: 50]
[skip_drop: 0.5]
[xgboost_dart_mode: 0]
[uniform_drop: 0]
[drop_seed: 17869]
[top_rate: 0.2]
[other_rate: 0.1]
[min_data_per_group: 100]
[max_cat_threshold: 32]
[cat_l2: 10]
[cat_smooth: 10]
[max_cat_to_onehot: 8]
[top_k: 20]
[monotone_constraints: ]
[monotone_constraints_method: basic]
[monotone_penalty: 0]
[feature_contri: ]
[forcedsplits_filename: ]
[refit_decay_rate: 0.9]
[cegb_tradeoff: 1]
[cegb_penalty_split: 0]
[cegb_penalty_feature_lazy: ]
[cegb_penalty_feature_coupled: ]
[path_smooth: 0]
[interaction_constraints: ]
[verbosity: -1]
[saved_feature_importance_type: 0]
[use_quantized_grad: 0]
[num_grad_quant_bins: 4]
[quant_train_renew_leaf: 0]
[stochastic_rounding: 1]
[linear_tree: 0]
[max_bin: 255]
[max_bin_by_feature: ]
[min_data_in_bin: 3]
[bin_construct_sample_cnt: 200000]
[data_random_seed: 175]
[is_enable_sparse: 1]
[enable_bundle: 1]
[use_missing: 1]
[zero_as_missing: 0]
[feature_pre_filter: 1]
[pre_partition: 0]
[two_round: 0]
[header: 0]
[label_column: ]
[weight_column: ]
[group_column: ]
[ignore_column: ]
[categorical_feature: 0,1,2]
[forcedbins_filename: ]
[precise_float_parser: 0]
[parser_config_file: ]
[objective_seed: 16083]
[num_class: 1]
[is_unbalance: 0]
[scale_pos_weight: 1]
[sigmoid: 1]
[boost_from_average: 1]
[reg_sqrt: 0]
[alpha: 0.1]
[fair_c: 1]
[poisson_max_delta_step: 0.7]
[tweedie_variance_power: 1.5]
[lambdarank_truncation_level: 30]
[lambdarank_norm: 1]
[label_gain: ]
[lambdarank_position_bias_regularization: 0]
[eval_at: ]
[multi_error_top_k: 1]
[auc_mu_weights: ]
[num_machines: 1]
[local_listen_port: 12400]
[time_out: 120]
[machine_list_filename: ]
[machines: ]
[gpu_platform_id: -1]
[gpu_device_id: -1]
[gpu_device_id_list: ]
[gpu_use_dp: 0]
[num_gpu: 1]

end of parameters

pandas_categorical:[["AA", "AS", "B6", "DL", "F9", "G4", "HA", "MQ", "NK", "OH", "OO", "UA", "WN", "YX"], ["ABE", "ABI", "ABQ", "ABR", "ABY", "ACK", "ACT", "ACV", "ACY", "ADK", "ADQ", "AEX", "AGS", "AKN", "ALB", "ALO", "AMA", "ANC", "APN", "ASE", "ATL", "ATW", "ATY", "AUS", "AVL", "AVP", "AZA", "AZO", "BDL", "BET", "BFF", "BFL", "BGM", "BGR", "BHM", "BIH", "BIL", "BIS", "BJI", "BLI", "BLV", "BMI", "BNA", "BOI", "BOS", "BPT", "BQK", "BQN", "BRD", "BRO", "BRW", "BTM", "BTR", "BTV", "BUF", "BUR", "BWI", "BZN", "CAE", "CAK", "CDC", "CDV", "CHA", "CHO", "CHS", "CID", "CIU", "CKB", "CLD", "CLE", "CLL", "CLT", "CMH", "CMI", "CMX", "COD", "COS", "COU", "CPR", "CRP", "CRW", "CSG", "CVG", "CWA", "CYS", "DAB", "DAL", "DAY", "DCA", "DDC", "DEC", "DEN", "DFW", "DHN", "DIK", "DLG", "DLH", "DRO", "DSM", "DTW", "DVL", "EAR", "EAU", "ECP", "EGE", "EKO", "ELM", "ELP", "ERI", "ESC", "EUG", "EVV", "EWN", "EWR", "EYW", "FAI", "FAR", "FAT", "FAY", "FCA", "FLG", "FLL", "FMN", "FNT", "FOD", "FSD", "FSM", "FWA", "GCC", "GCK", "GEG", "GFK", "GGG", "GJT", "GNV", "GPT", "GRB", "GRI", "GRK", "GRR", "GSO", "GSP", "GST", "GTF", "GTR", "GUC", "GUF", "GUM", "HDN", "HEZ", "HGR", "HHH", "HIB", "HLN", "HNL", "HOB", "HOU", "HPN", "HRL", "HSV", "HTS", "HYA", "HYS", "IAD", "IAG", "IAH", "ICT", "IDA", "ILM", "IMT", "IND", "INL", "ISP", "ITO", "JAC", "JAN", "JAX", "JFK", "JLN", "JMS", "JNU", "JST", "KOA", "KTN", "LAF", "LAN", "LAR", "LAS", "LAW", "LAX", "LBB", "LBE", "LBF", "LBL", "LCH", "LCK", "LEX", "LFT", "LGA", "LGB", "LIH", "LIT", "LNK", "LNS", "LRD", "LSE", "LWB", "LWS", "LYH", "MAF", "MBS", "MCI", "MCO", "MCW", "MDT", "MDW", "MEI", "MEM", "MFE", "MFR", "MGM", "MGW", "MHK", "MHT", "MIA", "MKE", "MLB", "MLI", "MLU", "MOB", "MOT", "MQT", "MRY", "MSN", "MSO", "MSP", "MSY", "MTJ", "MVY", "MYR", "OAJ", "OAK", "OGG", "OKC", "OMA", "OME", "ONT", "ORD", "ORF", "ORH", "OTH", "OTZ", "PAE", "PAH", "PBG", "PBI", "PDX", "PGD", "PHF", "PHL", "PHX", "PIA", "PIB", "PIE", "PIH", "PIR", "PIT", "PLN", "PNS", "PPG", "PQI", "PRC", "PSC", "PSE", "PSG", "PSM", "PSP", "PVD", "PVU", "PWM", "RAP", "RDD", "RDM", "RDU", "RFD", "RHI", "RIC", "RIW", "RKS", "RNO", "ROA", "ROC", "ROW", "RST", "RSW", "SAF", "SAN", "SAT", "SAV", "SBA", "SBN", "SBP", "SCC", "SCE", "SCK", "SDF", "SEA", "SFB", "SFO", "SGF", "SGU", "SHD", "SHR", "SHV", "SIT", "SJC", "SJT", "SJU", "SLC", "SLN", "SMF", "SMX", "SNA", "SPI", "SPN", "SPS", "SRQ", "STC", "STL", "STS", "STT", "STX", "SUN", "SUX", "SWF", "SWO", "SYR", "TLH", "TOL", "TPA", "TRI", "TTN", "TUL", "TUS", "TVC", "TWF", "TXK", "TYR", "TYS", "USA", "VCT", "VPS", "VRB", "WRG", "WYS", "XNA", "XWA", "YAK", "YUM"], ["ABE", "ABI", "ABQ", "ABR", "ABY", "ACK", "ACT", "ACV", "ACY", "ADK", "ADQ", "AEX", "AGS", "AKN", "ALB", "ALO", "AMA", "ANC", "APN", "ASE", "ATL", "ATW", "ATY", "AUS", "AVL", "AVP", "AZA", "AZO", "BDL", "BET", "BFF", "BFL", "BGM", "BGR", "BHM", "BIH", "BIL", "BIS", "BJI", "BLI", "BLV", "BMI", "BNA", "BOI", "BOS", "BPT", "BQK", "BQN", "BRD", "BRO", "BRW", "BTM", "BTR", "BTV", "BUF", "BUR", "BWI", "BZN", "CAE", "CAK", "CDC", "CDV", "CHA", "CHO", "CHS", "CID", "CIU", "CKB", "CLD", "CLE", "CLL", "CLT", "CMH", "CMI", "CMX", "COD", "COS", "COU", "CPR", "CRP", "CRW", "CSG", "CVG", "CWA", "CYS", "DAB", "DAL", "DAY", "DCA", "DDC", "DEC", "DEN", "DFW", "DHN", "DIK", "DLG", "DLH", "DRO", "DSM", "DTW", "DVL", "EAR", "EAU", "ECP", "EGE", "EKO", "ELM", "ELP", "ERI", "ESC", "EUG", "EVV", "EWN", "EWR", "EYW", "FAI", "FAR", "FAT", "FAY", "FCA", "FLG", "FLL", "FMN", "FNT", "FOD", "FSD", "FSM", "FWA", "GCC", "GCK", "GEG", "GFK", "GGG", "GJT", "GNV", "GPT", "GRB", "GRI", "GRK", "GRR", "GSO", "GSP", "GST", "GTF", "GTR", "GUC", "GUF", "GUM", "HDN", "HEZ", "HGR", "HHH", "HIB", "HLN", "HNL", "HOB", "HOU", "HPN", "HRL", "HSV", "HTS", "HYA", "HYS", "IAD", "IAG", "IAH", "ICT", "IDA", "ILM", "IMT", "IND", "INL", "ISP", "ITO", "JAC", "JAN", "JAX", "JFK", "JLN", "JMS", "JNU", "JST", "KOA", "KTN", "LAF", "LAN", "LAR", "LAS", "LAW", "LAX", "LBB", "LBE", "LBF", "LBL", "LCH", "LCK", "LEX", "LFT", "LGA", "LGB", "LIH", "LIT", "LNK", "LNS", "LRD", "LSE", "LWB", "LWS", "LYH", "MAF", "MBS", "MCI", "MCO", "MCW", "MDT", "MDW", "MEI", "MEM", "MFE", "MFR", "MGM", "MGW", "MHK", "MHT", "MIA", "MKE", "MLB", "MLI", "MLU", "MOB", "MOT", "MQT", "MRY", "MSN", "MSO", "MSP", "MSY", "MTJ", "MVY", "MYR", "OAJ", "OAK", "OGG", "OKC", "OMA", "OME", "ONT", "ORD", "ORF", "ORH", "OTH", "OTZ", "PAE", "PAH", "PBG", "PBI", "PDX", "PGD", "PHF", "PHL", "PHX", "PIA", "PIB", "PIE", "PIH", "PIR", "PIT", "PLN", "PNS", "PPG", "PQI", "PRC", "PSC", "PSE", "PSG", "PSM", "PSP", "PVD", "PVU", "PWM", "RAP", "RDD", "RDM", "RDU", "RFD", "RHI", "RIC", "RIW", "RKS", "RNO", "ROA", "ROC", "ROW", "RST", "RSW", "SAF", "SAN", "SAT", "SAV", "SBA", "SBN", "SBP", "SCC", "SCE", "SCK", "SDF", "SEA", "SFB", "SFO", "SGF", "SGU", "SHD", "SHR", "SHV", "SIT", "SJC", "SJT", "SJU", "SLC", "SLN", "SMF", "SMX", "SNA", "SPI", "SPN", "SPS", "SRQ", "STC", "STL", "STS", "STT", "STX", "SUN", "SUX", "SWF", "SWO", "SYR", "TLH", "TOL", "TPA", "TRI", "TTN", "TUL", "TUS", "TVC", "TWF", "TXK", "TYR", "TYS", "USA", "VCT", "VPS", "VRB", "WRG", "WYS", "XNA", "XWA", "YAK", "YUM"]]
