tree
version=v4
num_class=1
num_tree_per_iteration=1
label_index=0
max_feature_idx=21
objective=binary sigmoid:1
feature_names=carrier origin dest dep_hour arr_hour crs_dep_min_of_day day_of_week is_weekend days_to_holiday distance_mi crs_elapsed_min sched_speed_mpm origin_sched_deps_day origin_sched_deps_hour dest_sched_arrs_hour carrier_sched_day te_route_delay te_route_cancel te_carrier_origin_delay te_carrier_origin_cancel te_flight_delay te_flight_cancel
feature_infos=-1:12:3:0:10:11:13:7:1:9:2:4:8:5 -1:247:91:20:92:260:71:189:187:306:212:88:308:198:44:165:113:99:318:235:224:42:177:296:259:121:56:23:339:215:86:328:256:154:320:163:283:156:236:170:322:211:266:72:315:297:69:294:317:82:255:241:55:225:242:246:176:2:244:43:217:64:305:243:28:289:139:286:342:54:343:130:17:298:248:326:34:182:276:199:107:98:277:200:348:355:233:201:14:141:76:117:268:239:166:57:336:140:157:24:351:19:279:291:209:307:309:263:196:299:257:65:87:103:159:110:125:21:114:300:168:116:174:190:26:282:313:173:53:272:127:58:214:175:261:330:232:219:62:280:104:133:16:301:97:172:36:167:223:329:136:180:59:310:37:158:52:344:218:115:295:227:79:123:202:337:234:119:31:278:0:33:237:356:77:226:148:332:183:230:85:134:197:8:78:135:80:41:96:290:143:63:12:47:229:27:185:358:1:151:25:204:281:111:210:7:222:39:153:340:138:120:331:49:106:314:73:194:231:40:220:131:11:70:293:145:75:285:333:267:6:205:252:316:5:126:147:341:10:38:66:228:273:346:30:83:178:179:195:319:3:29:188:249:271 -1:247:91:20:92:260:189:71:187:212:306:308:88:44:198:113:99:318:165:235:224:42:177:56:121:296:259:23:339:215:86:328:256:154:283:320:163:156:236:211:170:315:72:322:266:297:69:317:294:82:255:241:55:225:246:176:244:242:243:64:43:2:28:217:289:305:343:248:54:139:286:326:130:298:17:342:107:276:34:182:199:200:98:355:277:233:141:76:117:268:201:14:239:166:348:57:209:140:157:291:336:24:307:114:299:351:19:279:196:110:65:263:309:125:159:87:21:300:103:257:26:116:190:168:173:174:272:282:58:313:127:175:261:329:218:223:36:53:62:16:301:133:180:219:52:136:280:167:214:337:232:59:172:119:310:330:77:295:344:97:104:37:227:234:115:158:79:123:0:33:332:230:135:148:80:237:31:85:202:8:356:197:183:226:134:143:111:78:210:41:185:278:27:39:290:47:151:229:25:1:7:12:96:153:63:138:331:126:222:358:5:220:231:49:347:314:73:204:40:120:281:131:205:252:6:194:319:106:137:145:293:340:68:11:341:10:195:249:316:323:238:271:284:74:147:228:325:335:3:102:267:274:45:75:188 [0:23] [0:23] [4:1439] [1:7] [0:1] [0:30] [31:5095] [25:688] [0.46620047092437744:9.0048542022705078] [1:1099] [1:106] [1:114] [26:4425] [0.051267147064208984:0.5017625093460083] [0.00086271914187818766:0.11669936776161194] [0.055028028786182404:0.48762613534927368] [0.001141980872489512:0.097593173384666443] [0.044994276016950607:0.54367071390151978] [0.0020200682338327169:0.14772011339664459]
tree_sizes=6241 6770 6950 7543 7199 7115 6974 7779 7065 8404 7198 8172 7854 7747 7092 6322 7650 7683 7265 8042 8079 7698 7667 8488 8402 8355 7279 7120 7112 7933 7830 7051 8049 7800 7106 8145 7638 8118 8433

Tree=0
num_leaves=58
num_cat=1
split_feature=19 6 6 8 8 15 15 15 15 15 8 8 8 8 12 12 12 12 12 15 15 15 15 15 6 8 8 15 15 19 12 6 12 15 15 21 5 15 15 11 8 21 19 15 15 15 21 1 21 4 15 15 15 15 15 19 14
split_gain=1970.18 873.503 981.585 939.42 3539.04 1049.44 1595.72 779.864 456.619 689.78 386.829 693.266 1144.94 452.759 442.709 794.215 873.01 1110.59 608.011 368.805 1038.01 896.465 1074.24 368.885 318.903 346.656 855.135 297.213 685.818 810.441 278.201 1033.23 275.482 263.41 754.888 332.277 252.689 352.298 352.675 234.234 223.083 220.012 213.256 189.161 252.103 345.946 177.383 177.039 161.368 173.487 156.027 252.943 323.566 228.082 455.791 153.667 152.453
threshold=0.022109815850853923 5.5000000000000009 1.5000000000000002 7.5000000000000009 5.5000000000000009 2785.0000000000005 2562.5000000000005 2306.5000000000005 2708.0000000000005 2753.5000000000005 27.500000000000004 7.5000000000000009 6.5000000000000009 29.500000000000004 411.50000000000006 352.50000000000006 397.50000000000006 392.50000000000006 365.50000000000006 615.50000000000011 605.50000000000011 935.50000000000011 946.50000000000011 967.00000000000011 5.5000000000000009 7.5000000000000009 5.5000000000000009 3981.5000000000005 3584.5000000000005 0.0087673976086080092 964.50000000000011 6.5000000000000009 410.50000000000006 589.50000000000011 597.50000000000011 0.038412064313888557 685.50000000000011 979.50000000000011 2134.0000000000005 7.5267062187194833 9.5000000000000018 0.010345824528485538 0.052895531058311469 536.00000000000011 708.50000000000011 781.50000000000011 0.019086416810750965 0 0.0099834627471864241 16.500000000000004 2797.0000000000005 2562.5000000000005 2708.0000000000005 2753.5000000000005 2785.0000000000005 0.037221783772110946 29.500000000000004
decision_type=2 2 2 2 2 2 2 2 2 2 2 2 2 2 2 2 2 2 2 2 2 2 2 2 2 2 2 2 2 2 2 2 2 2 2 2 2 2 2 2 2 2 2 2 2 2 2 9 2 2 2 2 2 2 2 2 2
left_child=24 2 10 4 30 6 7 19 -8 -10 11 12 -2 43 15 56 17 18 -17 20 33 -21 -23 -24 -1 26 47 28 39 -30 -3 -32 -18 35 -35 -6 -25 -38 -39 46 -5 -31 -15 -12 -45 -46 -28 -26 -41 -50 51 -48 -53 -54 -55 -4 -14
right_child=1 3 55 40 5 -7 8 -9 9 -11 13 -13 14 42 -16 16 32 -19 -20 21 -22 22 23 36 25 -27 27 -29 29 41 31 -33 -34 34 -36 -37 37 38 -40 48 -42 -43 -44 44 45 -47 50 -49 49 -51 -52 52 53 54 -56 -57 -58
leaf_value=-3.9441589198528151 -3.8567523902884999 -3.7903927465351326 -3.9207856040209177 -3.9530768840449348 -3.7624446545321031 -3.6962823916120433 -0.85726167162069666 -3.9657291901783958 -3.9825733002944608 -1.1844692569770801 -1.934621849916293 -3.9315771864796876 -3.3642941729062308 -3.858387114460835 -3.7259521360416383 -0.65920711750848238 -3.9282824142040442 -0.042947778348639165 -3.2819844396783502 -3.5411088622916065 0.12102038719661623 -0.3440301850455536 -3.9286085349843511 -3.2977097235286208 -3.8181582122368165 -3.9335341115288851 -3.7485449442281338 -3.8905389802822556 -3.5739185908105044 -2.6145188754434594 -1.0801428463207507 -3.6545948630356353 -2.5951908995764632 -0.75123213603268946 -3.9824905797309973 -2.0712304939395914 -0.90349626811807449 -3.982517418601518 -1.8683342934918361 -3.7806641418297597 -3.8172805875048281 -1.0959799991755088 -2.841434789502904 -3.9606662100891166 -2.3961513157977663 -3.3658474363816309 -3.585895949551948 -3.9211583580123319 -3.1323120401094195 -1.7528727021393053 -3.9827646796732115 -1.1667018576890511 -3.9826542217782914 -1.3269328220398391 -3.4238762302188883 -3.8648583410191892 -3.6545760403662801
leaf_weight=3500.9963275734335 126.23219877667725 264.75936321355402 1050.2192626334727 102.05015731230378 2.1754125654697485 10.60513625666499 2.9911922775208941 4.6810216810554257 0.97116632387042057 1.3402095269411802 0.62154644727707165 138.8185143340379 29.096143063157797 22.492212060838941 30.824819119647145 0.71866307966410969 2.9329222980886698 1.4179028328508136 2.6221490744501352 9.5951232798397559 0.95174299739301194 1.3596328534185875 1.4761728122830389 1.6315594241023061 138.23581453971565 794.58886286430061 40.283979114145041 19.928332965821028 3.127155562862753 0.9905896503478292 1.1265529356896848 8.5268403235822916 1.4955961387604473 1.1848229151219127 0.75750973261892784 1.1265529356896875 1.0877062827348711 0.81577971205115352 1.3207862004637716 1.1848229151219123 320.79566010087729 1.6315594241023061 1.3984795063734043 3.6127387247979668 2.7192657068371799 17.500417156144977 8.6628036089241522 373.99615132249892 1.6898294035345318 0.89347301796078671 2.7775356862694016 0.62154644727706809 1.34020952694118 0.9905896503478292 2.0006026271730661 448.77595826052129 19.248516539111733
leaf_count=180247 6499 13631 54070 5254 112 546 154 241 50 69 32 7147 1498 1158 1587 37 151 73 135 494 49 70 76 84 7117 40909 2074 1026 161 51 58 439 77 61 39 58 56 42 68 61 16516 84 72 186 140 901 446 19255 87 46 143 32 69 51 103 23105 991
internal_value=-3.90122 -3.84555 -3.87428 -3.7719 -3.66813 -3.00271 -2.78298 -3.02288 -1.51018 -2.35848 -3.76323 -3.79227 -3.70215 -3.55099 -3.48128 -3.35021 -2.66847 -1.91655 -2.71496 -2.83495 -2.30528 -3.02509 -2.38182 -2.82112 -3.93128 -3.8989 -3.85291 -3.61968 -3.53814 -2.70345 -3.77501 -3.35324 -3.47739 -2.74801 -2.00929 -3.18411 -2.48467 -2.07435 -2.67437 -3.6176 -3.85005 -1.66716 -3.79871 -3.30903 -3.34516 -3.2352 -3.65824 -3.89213 -3.00709 -2.65294 -3.4364 -3.32496 -2.86911 -3.11543 -2.72723 -3.90404 -3.47984
internal_weight=7536.02 2642.08 1900.75 741.33 318.484 44.0715 33.4664 28.1638 5.30257 2.31138 401.752 353.407 214.589 48.3447 88.3567 57.5319 9.18723 4.75871 3.34081 23.4828 6.19604 17.2868 7.69164 6.332 4893.94 1392.94 598.355 86.123 66.1947 5.7493 274.413 9.65339 4.42852 5.2443 1.94233 3.30197 4.85583 3.22427 2.13657 60.4454 422.846 2.62215 23.8907 24.454 23.8324 20.2197 56.6773 512.232 3.76813 2.5833 16.3933 13.6158 4.95295 4.3314 2.99119 1499 48.3447
internal_count=387988 136026 97859 38167 16397 2269 1723 1450 273 119 20684 18195 11048 2489 4549 2962 473 245 172 1209 319 890 396 326 251962 71715 30806 4434 3408 296 14128 497 228 270 100 170 250 166 110 3112 21770 135 1230 1259 1227 1041 2918 26372 194 133 844 701 255 223 154 77175 2489
cat_boundaries=0 12
cat_threshold=1048576 1028 272896000 33554436 32 81920 9437184 5769218 17825793 538979584 4194368 8
is_linear=0
shrinkage=1


Tree=1
num_leaves=58
num_cat=7
split_feature=21 19 19 6 6 21 8 8 6 6 6 6 8 2 8 1 8 15 8 8 15 15 8 8 8 8 8 8 5 2 6 2 8 8 15 15 15 5 2 6 18 1 2 9 15 15 14 8 14 8 8 8 12 15 15 15 15
split_gain=1490.08 400.998 386.47 312.066 275.446 210.742 201.64 233.243 153.844 246.405 153.353 178.891 162.145 140.606 126.821 118.894 101.651 99.5313 97.3187 96.929 95.879 184.699 377.877 205.475 95.4527 245.143 102.828 140.541 87.5888 86.75 86.2129 137.463 122.015 279.155 96.1615 113.463 138.654 94.3647 81.6867 79.9953 156.519 79.9884 80.0904 78.7249 76.494 914.143 182.956 73.6031 82.4773 69.089 136.594 97.8596 78.3541 148.279 430.439 76.1099 73.4834
threshold=0.024610553868114952 0.031662853434681899 0.014408577233552934 5.5000000000000009 1.5000000000000002 0.065564416348934187 7.5000000000000009 5.5000000000000009 5.5000000000000009 1.5000000000000002 5.5000000000000009 1.5000000000000002 7.5000000000000009 0 17.500000000000004 1 9.5000000000000018 2432.5000000000005 1.5000000000000002 22.500000000000004 2157.5000000000005 2345.0000000000005 12.500000000000002 26.500000000000004 27.500000000000004 29.500000000000004 7.5000000000000009 6.5000000000000009 635.50000000000011 2 5.5000000000000009 3 7.5000000000000009 5.5000000000000009 2306.5000000000005 2134.0000000000005 2281.5000000000005 870.50000000000011 4 6.5000000000000009 0.19270860403776172 5 6 480.50000000000006 2517.5000000000005 2506.5000000000005 22.500000000000004 1.5000000000000002 82.500000000000014 7.5000000000000009 27.500000000000004 6.5000000000000009 392.50000000000006 1036.5000000000002 2157.5000000000005 1031.5000000000002 1062.5000000000002
decision_type=2 2 2 2 2 2 2 2 2 2 2 2 2 9 2 9 2 2 2 2 2 2 2 2 2 2 2 2 2 9 2 9 2 2 2 2 2 2 9 2 2 9 9 2 2 2 2 2 2 2 2 2 2 2 2 2 2
left_child=2 10 30 4 13 8 7 41 9 49 11 29 18 24 -11 16 -8 20 -12 -7 -18 22 39 -23 26 -26 27 -4 -10 -2 -1 32 33 -32 35 -35 -37 -38 -13 40 -22 -5 -43 -25 45 -29 -47 -44 -49 51 -51 55 53 -53 -55 -3 -52
right_child=1 5 3 6 -6 19 15 -9 28 14 12 38 -14 -15 -16 -17 17 -19 -20 -21 21 23 -24 43 25 -27 -28 44 -30 -31 31 -33 -34 34 -36 36 37 -39 -40 -41 -42 42 47 -45 -46 46 -48 48 -50 50 56 52 -54 54 -56 -57 -58
leaf_value=-0.054212570115551112 0.10889919366638781 -0.0022019761630063944 0.019400290173162523 -0.029400346357863625 -0.038879917284959174 0.18572389549018398 -0.071823573630486304 0.18503945814780576 0.06188286742141539 0.0065823885453692721 -0.035778585556563408 0.036971651904019569 0.017288065375742515 -0.01159324680350615 0.11859655283451088 -0.027282090300906774 0.10961433285922366 0.04137971861127826 0.13408407054592783 0.43862774620624323 0.79042319787121329 0.018820846662379979 0.16363470628135013 1.9028455489984697 0.43916775474081621 -0.059576611106658239 -0.019270276807990039 0.16303953016016121 0.16642846329748512 0.0043831266637437824 0.027443684102556119 -0.041781639821316538 -0.02289970241338481 0.25360614150852556 0.26749360481253137 1.7116879368533062 -0.081708959062068931 1.2605159315803329 -0.025141614239447132 0.83392843458528709 2.4913934673159694 -0.018877215808252763 -0.029756761293756834 0.51661171763339031 0.093225411182656051 1.2319019549071315 2.7089505245957928 0.12071640594843863 1.022652629574702 -0.014114459877887009 0.13939591583558872 0.28249082594447589 0.15963939016248482 2.2105931302825592 0.34997777265706814 0.2337775549101779 0.43972959488781882
leaf_weight=2045.5988189056516 130.22142639569938 20.128682663664222 55.430641552433372 71.423319891095161 1332.2303065620363 57.766807034611702 24.693350128829479 101.53129664063454 72.833460278809071 332.73232787288725 24.370752040296793 166.948580538854 224.80617504194379 201.39625436253846 80.29627275839448 289.05107427202165 22.158208621665835 52.679073130711913 188.84977549687028 11.656388586387036 0.54723406396806173 7.9617141485214216 2.9325140733271837 0.52068211510777451 15.012260999530554 10.874179992824793 60.364352790638804 29.888119155541062 173.42271878011525 92.448580976575613 73.346784763038158 635.65077968873084 110.45670053362846 2.1339685693383244 16.337101744487882 1.1116079166531563 0.76510408148169518 0.59257245622575283 580.07486156560481 0.69575965963304032 0.96043661795556545 53.506196657195687 23.070261919870973 0.53179013915359974 24.98945402726531 1.3221346866339438 0.913779692724347 130.25378235243261 0.64867600984871288 35.5802445076406 17.094402775168422 20.595728253945712 19.930383520200849 1.0431301351636637 3.3272979874163866 15.466450022533534 7.5021518617868415
leaf_count=109751 6078 993 2845 3556 70378 2584 1322 2295 3052 16749 1174 8852 11450 9849 4042 14713 1078 2705 7304 494 28 403 145 26 566 554 3218 996 6855 4579 3764 32701 5866 83 481 46 32 25 30772 34 49 2502 1089 26 1044 34 40 6009 31 1886 466 611 491 33 119 763 270
internal_value=-0.00249031 0.0517873 -0.0253717 -0.00245162 -0.0213966 0.0945066 0.0394559 0.0812214 0.0829026 0.0595052 0.0254047 0.0076582 0.0646911 0.0368051 0.0283597 2.53023e-06 0.0659732 0.111626 0.114669 0.228207 0.21353 0.376188 0.758932 0.157904 0.0822804 0.229679 0.0649673 0.110148 0.135509 0.0705941 -0.04535 -0.0237775 0.0325681 0.101001 0.358597 0.681477 1.05036 0.505864 -0.0111018 1.54968 1.87728 0.0434258 0.0666981 1.20647 0.198216 0.279869 1.83885 0.0957734 0.125213 0.150951 0.0861012 0.199428 0.277968 0.372393 0.795489 0.100347 0.23105
internal_weight=7678.68 2277.1 5401.58 2515.59 1732.42 869.376 783.165 380.434 799.953 553.697 1407.72 969.693 438.027 400.191 413.029 402.732 113.681 88.9874 213.221 69.4232 36.3083 14.1501 5.13594 9.01419 198.795 25.8864 172.908 112.544 246.256 222.67 2885.99 840.395 204.744 94.2871 20.9404 4.60325 2.46928 1.35768 747.023 2.20343 1.50767 278.902 207.479 1.05247 57.1135 32.124 2.23591 153.973 130.902 140.668 60.1768 80.4917 44.8965 24.9662 4.37043 35.5951 24.5966
internal_count=387901 109617 278284 125535 89524 39408 36011 15482 36330 26423 70209 50281 19928 19146 20791 20529 5816 4494 8478 3078 1789 711 256 455 9297 1120 8177 4959 9907 10657 152749 42998 10297 4431 667 186 103 57 39624 111 77 13187 9631 52 2114 1070 74 7129 6040 5632 2622 3010 1254 763 152 1756 736
cat_boundaries=0 11 22 32 43 55 66 78
cat_threshold=1048576 16782336 293601312 33947648 0 131080 9437248 2155872257 136320008 1573184 524608 1064960 0 134217856 537919616 12544 98400 16 26216450 134221824 1441792 285213248 270008320 20976640 287572128 33685504 2048 131072 1048640 2155909121 136314904 1088 1572865 16778240 289407363 537001988 0 196616 8519744 8914944 1210056832 537526272 268435456 607237 8392832 268439554 1073741824 67113216 4194624 67108928 192 1140852737 33562880 512 64 10616832 16777216 151257121 131072 67110912 675283976 34078992 515 135266304 1056768 524612 0 4100 134217729 0 67110912 134284296 1049104 36867 2097161 1183808 4194560 8
is_linear=0
shrinkage=0.08


Tree=2
num_leaves=58
num_cat=9
split_feature=17 6 6 8 6 2 8 8 8 17 1 8 8 2 6 8 8 8 12 8 8 11 21 15 5 1 12 12 12 12 21 10 2 8 8 4 15 15 8 8 2 5 8 11 13 2 8 1 12 15 1 15 15 8 9 16 15
split_gain=1461.91 322.954 458.139 281.476 237.906 234.219 194.225 183.129 167.315 155.85 131.511 130.964 286.419 159.543 158.368 121.718 274.635 253.353 144.556 179.094 197.4 161.513 108.613 108.021 99.7728 98.0157 94.8833 93.272 148.401 420.632 86.4614 85.8001 81.0308 80.7729 106.544 80.6725 98.674 166.528 80.2589 73.3109 79.84 73.1209 82.8059 75.8185 76.8341 71.7795 71.0477 70.7844 79.2083 67.7979 63.71 63.5961 556.676 143.189 87.2407 68.1819 61.549
threshold=0.022610168904066089 5.5000000000000009 1.5000000000000002 7.5000000000000009 5.5000000000000009 0 5.5000000000000009 9.5000000000000018 17.500000000000004 0.043587755411863334 1 24.500000000000004 29.500000000000004 2 1.5000000000000002 7.5000000000000009 27.500000000000004 6.5000000000000009 1017.5000000000001 1.0000000180025095e-35 5.5000000000000009 3.400787472724915 0.039478346705436713 2575.5000000000005 915.50000000000011 3 900.50000000000011 860.50000000000011 802.50000000000011 808.50000000000011 0.024610553868114952 374.50000000000006 4 7.5000000000000009 5.5000000000000009 19.500000000000004 2785.0000000000005 2797.0000000000005 1.5000000000000002 9.5000000000000018 5 865.50000000000011 22.500000000000004 3.9158385992050175 71.500000000000014 6 21.500000000000004 7 53.500000000000007 451.50000000000006 8 2232.5000000000005 2240.5000000000005 3.5000000000000004 489.50000000000006 0.29591397941112524 2365.5000000000005
decision_type=2 2 2 2 2 9 2 2 2 2 9 2 2 9 2 2 2 2 2 2 2 2 2 2 2 9 2 2 2 2 2 2 9 2 2 2 2 2 2 2 9 2 2 2 2 9 2 9 2 2 9 2 2 2 2 2 2
left_child=4 2 15 6 11 33 23 -5 30 32 -7 45 13 14 -13 17 -17 18 -2 -20 21 -21 25 24 -3 -9 35 28 31 -30 -4 -19 -10 34 -6 -8 -37 -38 -26 -35 -41 -34 43 46 -45 -1 -43 48 -32 -24 -47 -40 -53 54 55 -54 -42
right_child=1 3 8 7 5 10 26 22 9 -11 -12 12 -14 -15 -16 16 -18 27 19 20 -22 -23 49 -25 38 -27 -28 -29 29 -31 47 -33 41 39 -36 36 37 -39 51 40 56 42 -44 44 -46 50 -48 -49 -50 -51 -52 52 53 -55 -56 -57 -58
leaf_value=0.013737241760569004 0.025636356958765844 0.073371116414353135 -0.036624141280502245 -0.060813845852778929 0.048949508681541833 0.032878495968567074 0.17994823710779681 -0.032700442830914375 -0.028552442671401702 0.17687457804598197 -0.036500587092151246 0.33163865101381723 -0.061619608334907067 -0.0045794893493376811 0.092849039045461018 -0.025123022786938835 0.16162899227200911 0.1881076177258113 -0.081625742377212845 2.31086991996913 -0.081572888998155013 0.80329463551852598 0.4069573393952009 0.0078431903031197375 0.011851983505062573 0.067618089323994796 -0.040434374495772855 0.0119839892761547 1.708693799228274 0.16644374053344826 0.19126288942771769 0.87690764509129904 0.015405782337994426 -0.076118705215279678 0.17992102880409824 0.27035697083960974 1.2767850714695059 0.24880490815741635 0.16605116433034578 -0.028097242162787722 0.17972466649220831 0.39064453936286903 0.066154293723475976 0.12515435557351001 0.87920812250003222 0.0099610057070474937 1.1991494152268305 -0.016579941527701175 0.02511186834812771 0.12437715836901909 -0.053085747081219464 2.3785659488405044 0.42566328465649633 -0.029881884747917222 0.24245911420493518 1.0295967966133703 0.041916338872478025
leaf_weight=118.0219480060041 134.08077090978622 156.42676106840372 525.6797816362232 100.0996569134295 135.80235654488206 212.1282415073365 109.43320593237877 84.946872381493449 98.879937220364809 54.418906858190894 860.72293424233794 26.249034188687801 201.07787043973804 85.669940486550331 55.059896010905504 138.8478992972523 79.107679517939687 138.62045989744365 2.3498630262911311 0.66528484225273166 1.0010396894067528 1.4430176690220831 5.8848590087145558 81.424359230324626 16.215452430769801 197.1116353161633 10.091700021177529 17.035209015011787 1.5985623206943262 3.8588048741221428 19.636283405125141 1.1639036610722531 81.628856921568513 44.383323971182108 56.202553262934089 29.732924466952682 1.758245427161454 2.3641180340200663 64.25489865988493 64.655430885031819 33.532602054998279 4.9094079080969122 45.466589005663991 15.475230259820819 0.91268151625990945 110.68223633430898 0.80869118683040131 374.0141587536782 282.5038501881063 70.561148252338171 2637.4367865435779 0.80941654182970779 2.9906801953911808 7.6727561242878428 8.042989442124961 2.0009897723793983 54.376902418211102
leaf_count=6360 6427 6667 28775 5251 6447 9558 1594 4096 5176 2511 43884 1094 11111 4605 3053 7299 2510 3770 114 30 46 69 231 3544 732 9354 323 753 48 165 986 38 4243 2410 1074 336 49 68 2602 3347 1612 252 2339 811 48 5692 41 19282 14352 3055 145870 34 126 327 307 66 2824
internal_value=-0.00232734 0.041541 0.0234687 0.0799724 -0.0301274 -0.00334385 0.121922 0.0348557 0.00109656 0.0542758 -0.0226057 -0.0422331 0.00269047 0.0801331 0.151337 0.0882181 0.0426607 0.121116 0.0420722 0.445469 0.843458 1.28207 0.0615684 0.0881942 0.113512 0.0386433 0.196649 0.189083 0.209854 0.619007 -0.0122887 0.193865 0.0273805 0.0491046 0.0872893 0.213347 0.321273 0.687968 0.175074 0.0143706 0.0406964 0.0621939 0.127915 0.25491 0.167329 -0.0480019 0.505656 0.00663109 0.0347617 0.146148 -0.0505196 0.20593 0.324974 0.244312 0.405678 0.668314 0.0848375
internal_weight=7671.93 2975.93 2024.11 951.823 4696 1461.8 493.218 458.604 1504.33 302.5 1072.85 3234.2 368.057 166.979 81.3089 519.772 217.956 301.817 139.54 5.45921 3.10934 2.1083 358.505 339.838 258.414 282.059 153.38 162.277 145.242 5.45737 1201.83 139.784 248.081 388.953 192.005 143.288 33.8553 4.12236 101.987 196.948 152.565 149.201 67.5726 22.106 16.3879 2866.14 5.7181 676.154 302.14 76.446 2748.12 85.7717 21.5168 20.7074 13.0347 4.99167 87.9095
internal_count=387788 138847 100085 38762 248941 71156 16775 21987 78816 15421 53442 177785 19863 8752 4147 21269 9809 11460 6686 259 145 99 16736 14405 10861 13450 2370 4774 4021 213 63395 3808 12910 17714 7521 2047 453 117 4194 10193 7783 7734 3491 1152 859 157922 293 34620 15338 3286 151562 3462 860 826 499 192 4436
cat_boundaries=0 11 23 35 46 57 68 80 91 103
cat_threshold=2165309440 83891200 289407105 131072 8256 131072 0 2173700128 1211105290 537001984 655360 17825793 0 289439872 537003008 32800 81920 8390144 1607680 152178696 1024 64 64 1048576 16780288 285213057 33685504 4 536936488 9961472 2155874305 134217745 1074004032 524352 8 0 20975616 150994979 33947648 10240 672268288 524816 2147483649 10485776 570429504 4194624 277348352 1024 268697761 131072 0 671285256 34603008 2147483648 142610480 1108345856 268960064 16777216 16782336 289406976 131072 0 131072 0 0 3145736 536870912 655360 268435488 134221954 268451840 2701262854 1073873408 1183744 263232 8512 272629760 8200 0 80 269090880 4096 285507620 33687560 5120 545259552 1572928 524800 1048576 268567808 16777728 2416001024 5246976 2097152 537002240 2147483776 1069056 1072 64 35651592 2185232392 16777728 64
is_linear=0
shrinkage=0.08


Tree=3
num_leaves=58
num_cat=17
split_feature=17 6 6 17 6 2 17 1 2 5 19 1 15 1 2 6 1 4 2 1 15 15 20 1 2 15 2 2 15 2 5 15 15 17 15 15 15 15 15 2 15 15 19 5 6 15 15 15 15 20 6 15 6 14 1 2 11
split_gain=1202.13 339.522 361.012 178.479 151.515 152.359 109.156 104.048 73.8455 73.128 70.2637 69.6183 66.4074 61.6716 60.0247 59.5863 106.552 58.563 58.3248 65.4639 49.8046 104.527 110.506 46.7791 46.1533 45.8417 44.2928 42.2176 42.081 45.7833 39.641 39.2804 197.684 54.9042 41.9244 44.3911 68.5237 71.5573 39.2172 37.9272 37.8779 48.1491 53.693 36.6544 55.647 36.3136 126.19 230.754 79.2649 46.3453 43.2571 35.4265 70.343 56.5407 35.3222 35.0989 34.9801
threshold=0.019763384014368061 5.5000000000000009 1.5000000000000002 0.041096920147538192 5.5000000000000009 0 0.034904055297374732 1 2 995.50000000000011 0.027372210286557678 3 2792.5000000000005 4 5 1.5000000000000002 6 18.500000000000004 7 8 2853.0000000000005 2878.5000000000005 0.27335327863693243 9 10 432.50000000000006 11 12 2753.5000000000005 13 450.50000000000006 2517.5000000000005 2506.5000000000005 0.022610168904066089 2692.0000000000005 2925.5000000000005 2797.0000000000005 2846.5000000000005 2714.5000000000005 14 2907.5000000000005 2753.5000000000005 0.021180674433708194 1290.5000000000002 4.5000000000000009 2351.5000000000005 2214.5000000000005 2246.5000000000005 2232.5000000000005 0.29171566665172582 6.5000000000000009 2330.5000000000005 6.5000000000000009 51.500000000000007 15 16 7.1063809394836435
decision_type=2 2 2 2 2 9 2 9 9 2 2 9 2 9 9 2 9 2 9 9 2 2 2 9 9 2 9 9 2 9 2 2 2 2 2 2 2 2 2 9 2 2 2 2 2 2 2 2 2 2 2 2 2 2 9 9 2
left_child=4 2 7 10 15 13 12 -2 -9 -8 -4 -7 18 40 20 16 27 23 -3 -20 43 22 -22 -5 -10 -21 -18 -1 29 45 -23 32 -26 -34 -33 36 38 -38 -36 -25 41 -6 -43 54 -45 46 -27 48 -48 -50 -47 -49 53 -53 -12 -19 -30
right_child=1 6 3 17 5 11 9 8 24 -11 14 -13 -14 -15 -16 -17 26 55 19 25 21 30 -24 39 31 28 -28 -29 56 -31 -32 34 33 -35 35 -37 37 -39 -40 -41 -42 42 -44 44 -46 50 47 51 49 -51 -52 52 -54 -55 -56 -57 -58
leaf_value=-0.020261710880575292 -0.011050154112916275 -0.02693848426060929 -0.032275325519064861 -0.035529018253763534 0.10247093314730649 0.023032204474747572 0.077467049908627073 0.12898766206581092 -0.016378660178728802 0.15518778805067562 -0.022000362589954355 -0.033589005918554446 0.0047356893676113298 0.0087786480672781848 -0.012329516798066107 -0.049950845386346511 0.024678856767957967 -0.0059671420766089639 -0.023053314266044182 0.18769122837804156 0.28632592858129513 0.47084726361201962 1.3922886726404116 -0.029896296391702493 0.073089599725806989 0.076361719174681666 -0.044991301288651239 0.087670489481586775 0.14753890409252735 0.030678474103268263 -0.0490734203640978 -0.044701248939802242 0.81890710323089078 0.34437064804625644 0.19508055822115328 0.0067311305485828954 0.38625141701936067 0.098616946012214463 -0.019308870858877381 0.060398506825677732 0.03655790069586097 0.37312760763834918 -0.054217162878629897 0.084936254241396225 0.79438336620571393 0.013082553496223805 0.18893076780003581 0.04030211437276332 0.54441673007124436 1.0170537963917778 0.10686360060076869 0.29587543365503532 -0.0022262728822874255 0.9702650663575737 0.05428190505107397 0.11937523324368166 0.54744307194056663
leaf_weight=34.442075708881021 104.54646901041269 45.447668025270104 845.20004686154425 56.200504098087549 54.321374600753188 161.36506316624582 240.84231607243419 144.8011317178607 50.29623543843627 114.23663878254592 56.016289561986923 842.16604151204228 168.7501936852932 158.13642715662718 441.6093605235219 2117.5406596865505 64.011749589815736 25.043242648243904 49.013775305822492 22.369088962674141 1.7369163297116741 1.1555196736007927 0.86511980555951584 33.526629550382495 205.74167284741998 167.56740403547883 449.28391791507602 64.277351466938853 24.462839486077431 203.23997223563492 4.9306141175329685 32.093433223664761 1.9267527442425478 8.2219149451702815 7.1628275755792883 51.227049697190523 9.3052683565765619 13.66431513428688 22.941545207053423 155.52508135512471 42.051577217876911 8.9765445422381145 2.3794148322194806 2.3956520669162265 1.0012774299830201 73.632815483957529 3.762859607115387 19.35212350636721 8.2969513200223428 1.5857218969613303 54.981346093118191 3.1733623109757882 3.9998313505202532 1.0609593354165552 101.34304758906364 73.192842300981283 1.4820334240794171
leaf_count=1782 4333 1746 47188 2794 2240 7299 8908 5506 2028 3846 2902 43973 7768 7309 22877 123632 3399 1181 1904 809 93 61 45 1620 7591 6722 25136 3242 599 8013 264 1432 46 124 270 2399 232 489 974 7386 1906 296 90 117 50 3294 108 796 205 40 1640 144 179 45 5170 3454 36
internal_value=-0.00265792 0.0304787 0.0133779 -0.00509843 -0.032977 -0.0101424 0.0652065 0.0643841 0.0775762 0.102473 -0.0173338 -0.024347 0.0496783 0.0427802 0.00333319 -0.0435963 -0.0216099 0.0467743 0.0607753 0.0664053 0.0423796 0.231408 0.655418 0.0258674 0.0564053 0.0741107 -0.0359972 0.0516146 0.0709334 0.0661566 0.0498543 0.0669621 0.0900959 0.434715 0.0352531 0.0598557 0.111128 0.215183 0.0317183 0.0436878 0.0877047 0.133802 0.283597 0.0347949 0.294658 0.0841238 0.107215 0.232587 0.501635 0.620589 0.0531749 0.0994552 0.238402 0.465517 0.0291787 0.0989668 0.170454
internal_weight=7657.88 3658.93 2451.67 1799.74 3998.95 1269.4 1207.26 651.929 547.382 355.079 1456.25 1003.53 852.179 265.865 611.054 2729.56 612.015 343.488 683.429 637.981 169.444 8.68817 2.60204 245.252 402.581 588.967 513.296 98.7194 566.598 540.653 6.08613 352.285 215.89 10.1487 136.394 104.301 53.074 22.9696 30.1044 189.052 107.729 65.6773 11.356 160.756 3.39693 337.413 208.799 41.2318 13.6455 9.88267 128.614 27.5863 8.23415 4.23432 157.359 98.2361 25.9449
internal_count=387732 167428 120626 95202 220304 63113 46802 25424 21091 12754 78767 51272 34048 11841 31579 157191 33559 16435 26280 24534 8702 463 138 11800 15585 22630 28535 5024 21821 21186 325 13557 7761 170 5796 4364 1965 721 1244 9006 4532 2626 386 8239 167 13173 8239 1517 353 245 4934 1164 368 189 8072 4635 635
cat_boundaries=0 11 23 31 43 54 65 76 87 98 109 120 132 143 154 165 176 188
cat_threshold=17825792 16782336 297795715 4 8192 163840 0 2165344288 1211105290 536871936 655360 17301504 1082130432 268697600 537135104 268435456 1074794560 41943056 4096 1052704 2361088 293601281 8 0 4096 16777216 0 0 131072 64 8388608 17825793 2097152 285212800 539099136 33587232 16392 2189427712 18352128 134221824 134144 4194816 8 1048576 16778240 21234048 537919624 268435456 33888 1048592 17827840 1207959560 538051584 4194560 8519680 0 293634082 168034312 0 8388640 67108960 16779776 1073745921 537002308 2151677957 268451840 20975616 161 34865152 4 1088 9437200 2147483651 14680202 1088 8454208 302006272 1080164352 2 262528 0 0 8392720 4227074 1083179040 2233864 268501057 16842756 6291456 8388864 2048 2155880704 4194304 34078816 262658 67108865 2102336 8389633 16778240 201326592 328064 2147614725 256 132352 9445376 2164263049 8388640 1032 65536 2637824 67108870 4259842 2281701380 256 536870912 37749264 35330 8389664 537268736 4194304 335544324 16777216 285212704 537280644 0 9224 1048576 2151677952 26285064 139328 268435456 8 8404992 4 138674433 0 0 134218760 8388608 16777216 0 538181888 524544 9437184 83887108 293601665 133132 4096 537003272 33554432 2155872257 134217744 537133312 524288 270532608 2147483648 8388736 0 536881152 132104 8921088 34826 1056 0 16843008 270532608 5242884 285212674 1073742088 2147492096 33888 512 562 5120 33554496 352845888 2097152 138417152 8388736 33685504 14336 0 34603008 2164262912 1024 1024 16777472 8
is_linear=0
shrinkage=0.08


Tree=4
num_leaves=58
num_cat=13
split_feature=17 21 6 8 6 8 15 19 2 6 2 1 2 2 8 17 6 15 1 8 8 8 8 8 5 16 17 8 5 8 2 8 8 8 8 1 15 15 15 13 2 8 2 8 0 2 5 19 20 1 8 6 15 11 21 15 15
split_gain=997.684 271.256 149.629 188.42 181.028 150.121 131.61 126.235 107.274 92.2992 94.827 91.8885 91.2925 78.8351 84.1796 76.9975 76.397 73.4776 68.5731 65.213 154.2 97.0416 62.1783 332.972 162.111 156.695 77.7273 65.6689 62.7544 60.3678 60.2412 62.1047 104.743 59.1521 58.1068 56.8387 53.19 65.727 101.334 68.5995 51.7139 51.662 50.8142 58.9303 48.4835 47.7504 61.6695 71.6978 61.4816 47.3897 46.4576 110.701 90.7779 45.5647 48.2278 42.9724 107.245
threshold=0.019763384014368061 0.032728614285588271 5.5000000000000009 7.5000000000000009 1.5000000000000002 5.5000000000000009 451.50000000000006 0.013100949581712486 0 5.5000000000000009 1 2 3 4 9.5000000000000018 0.039038194343447692 1.5000000000000002 355.00000000000006 5 6.5000000000000009 7.5000000000000009 27.500000000000004 28.500000000000004 26.500000000000004 615.50000000000011 0.24549009650945666 0.036426238715648658 12.500000000000002 980.50000000000011 25.500000000000004 6 27.500000000000004 29.500000000000004 12.500000000000002 1.5000000000000002 7 2902.0000000000005 630.50000000000011 653.50000000000011 42.500000000000007 8 29.500000000000004 9 17.500000000000004 10 11 1030.5000000000002 0.030214855447411541 0.19897057861089709 12 28.500000000000004 6.5000000000000009 2419.5000000000005 6.0182373523712167 0.025271463207900528 2351.5000000000005 2240.5000000000005
decision_type=2 2 2 2 2 2 2 2 9 2 9 9 9 9 2 2 2 2 9 2 2 2 2 2 2 2 2 2 2 2 9 2 2 2 2 9 2 2 2 2 9 2 9 2 9 9 2 2 2 9 2 2 2 2 2 2 2
left_child=7 2 4 5 11 8 17 -1 -4 16 -11 19 -8 14 -5 35 30 -3 45 -2 36 -22 23 27 -25 28 -27 55 -26 33 31 -9 -33 -17 -10 -14 37 -21 -39 53 -37 -23 43 -20 -35 46 -6 -48 -49 -12 51 -31 -53 -40 -55 56 -16
right_child=1 6 3 13 18 -7 12 9 34 10 49 -13 15 -15 22 29 -18 -19 42 20 21 41 -24 24 25 26 -28 -29 -30 50 -32 32 -34 44 -36 40 -38 38 39 -41 -42 -43 -44 -45 -46 -47 47 48 -50 -51 -52 52 -54 54 -56 -57 -58
leaf_value=-0.044244310764480703 0.0045279949649457045 -0.062797417823851481 -0.021924200469289268 -0.075919440172923972 0.033342460467398471 0.14697212564671971 -0.03054133021004236 0.028358758791371379 -0.026718203018314925 0.056922010373926496 0.02830830840904244 0.0011242375311647131 -0.031229943373905836 -0.026850929962961165 0.13366156264713527 0.08750539652295751 -0.040248363338795258 0.18850316471102663 -0.0041433550447863435 0.011517963390353199 -0.035300905435665983 0.20027914207158365 -0.040436872659907544 0.088517358039851821 -0.081366072866944333 2.2146482990708911 1.059777692383691 0.024356902482290575 1.0108741661438854 0.18322877152878259 -0.022787067413971292 0.3196615488712154 -0.0815340873261588 0.078745727186869841 0.095009710422174293 -0.013286963765083324 -0.0065611611162609109 0.91362650533403522 0.21689588610031721 0.0031322592018332485 0.056508748724393522 0.00025247730959744623 -0.033616504635524222 0.1482214922832274 -0.030924716067730108 -0.013653224788799935 0.052305581173072324 0.9021662158544268 0.27491643901471224 -0.029132804183857872 0.11142026397789936 0.39648004299610246 1.3854922559815412 0.31351658551877881 0.76343520792784947 0.053402157675085694 0.57881496555579348
leaf_weight=2146.4097108785063 60.488876594230533 8.3883184120058996 106.01935830526054 28.442897906526923 81.450330544263124 129.38161621615291 80.838863473385572 94.04935203678906 28.970955040305853 181.13431261200458 125.61379150208086 218.88447662070394 63.623059868812561 261.45771553181112 13.72208701819182 310.10543533228338 861.75105288438499 66.207041585817933 73.388446044176817 10.156562503427265 56.994883291423321 24.052839297801256 23.022149782627821 1.3981181737035502 0.62214335799217246 0.83261771313846089 0.69481954351067543 59.453302441164851 0.72888573259115219 14.642674038186671 164.42073432169855 12.634820526465775 6.2099593393504611 32.3871327675879 187.63148562796414 81.026014901697636 8.8385120593011361 1.3567444533109654 46.936112880706787 8.4332889597862941 480.30322056636214 12.587817538529633 890.96326839178801 20.86141006834805 57.637571262195706 117.36608820594847 11.357985788956286 1.1350577659904946 8.2945123296231014 282.76630545966327 39.913625599816442 1.6667357571423047 0.92310136556625355 6.657766178250311 1.9789875838905571 12.42471303232014 4.6311922371387473
leaf_count=127357 2633 385 4185 1538 4383 2002 3443 4803 1267 7481 5501 9260 2783 12336 582 11546 52011 2134 3997 232 2955 515 1018 59 29 36 20 2629 34 391 8705 325 342 1301 6972 3499 312 25 894 344 20208 489 50088 997 2397 6283 637 55 407 13950 1344 55 32 164 49 583 102
internal_value=-0.00280127 0.0265607 0.0115054 0.0386067 -0.0025074 0.0741699 0.0572343 -0.0312865 0.0449726 -0.0151965 0.0104998 0.0403425 0.0506272 -0.000847358 0.0445179 0.0564509 -0.0284954 0.160243 -0.0187739 0.07322 0.100677 0.0299989 0.0774535 0.106172 0.795626 1.13855 1.69295 0.073465 0.508997 0.0819186 0.00802683 0.0504534 0.187464 0.0709326 0.075254 0.0387192 0.179124 0.200855 0.230273 0.215739 0.0463777 0.131567 -0.027631 0.0267477 0.0138434 0.0212519 0.0589675 0.187711 0.350728 -0.0112101 0.158833 0.268603 0.750397 0.248 0.416878 0.168313 0.246079
internal_weight=7634.27 3759.28 2521.62 859.434 1662.18 452.003 1237.66 3874.99 322.622 1728.58 589.514 457.367 1163.07 407.431 145.973 1082.23 1139.07 74.5954 1204.82 238.482 177.994 93.6355 117.53 94.5079 4.27658 2.87847 1.52744 90.2313 1.35103 457.276 277.315 112.894 18.8448 400.13 216.602 624.952 84.358 75.5195 65.3629 64.0062 561.329 36.6407 985.213 94.2499 90.0247 219.604 102.238 20.7876 9.42957 408.38 57.1461 17.2325 2.58984 55.5729 8.63675 30.778 18.3533
internal_count=388104 167629 118111 33392 84719 14426 49518 220475 12424 93118 26932 17872 46999 18966 6630 43556 66186 2519 66847 8612 5979 3959 5092 4074 178 119 56 3896 63 17066 14175 5470 667 15244 8239 26490 2020 1708 1476 1451 23707 1004 55082 4994 3698 11765 5482 1099 462 19451 1822 478 87 1107 213 1267 684
cat_boundaries=0 11 21 33 44 54 66 77 89 101 112 113 124 134
cat_threshold=268435456 29364224 16777377 8 536872960 8 5242896 2561 1218450440 1088 524608 9437184 16782336 285216896 133124 8192 0 0 2173868064 1209009152 536872008 270532608 5246976 21234049 33685508 256 671220768 1048640 2172649473 8 1073741824 2147484736 8 18939968 1142948868 0 135268353 4096 135286856 8650784 16809984 1048592 262208 138413056 1589248 1024 8651137 2056 536870912 1073743176 4194368 8393225 1210056704 2097984 2818048 134219778 268476672 1050881 536871944 0 352 4718592 68157440 134480384 285278208 8 1048576 25165824 285212704 262148 2048 66592 2156920832 2155874305 143655960 131648 4784384 16388 1140850688 65536 1073741824 536879104 1114208 1107558400 2147484164 536875009 1076233356 4718592 8 34078720 134217728 4194560 570687488 2147493888 536903936 1074790912 2148007940 2097152 2229768 2416443712 8 2686976 1212153860 73984 2281963777 4352 9437440 64 16777218 1073741824 1100 16777224 1666 1574912 1082134528 419430656 1610745856 268435456 537001984 524352 8390656 1275068425 1441792 4 3145728 0 268435586 2244612 32 1073767520 1536 17336322 16781312 1610614976
is_linear=0
shrinkage=0.08


Tree=5
num_leaves=58
num_cat=11
split_feature=17 21 21 6 6 8 8 2 2 5 6 6 8 8 6 15 5 13 13 15 19 8 14 8 6 1 1 2 8 2 2 6 8 1 1 15 15 8 4 14 21 8 11 6 1 14 12 15 15 8 8 2 8 16 8 8 8
split_gain=812.685 253.929 148.061 126.37 113.469 115.521 202.826 106.611 103.572 93.758 86.5607 153.245 89.1205 390.914 239.479 167.523 170.014 172.513 233.409 161.777 264.572 144.342 127.756 117.626 84.0215 79.7939 79.3808 75.9257 75.7439 74.6359 66.3257 65.7009 64.6329 67.7652 62.3129 59.7982 84.8185 67.6545 74.8214 127.049 58.4442 56.0984 54.619 54.1512 53.1468 52.1684 104.122 58.3123 94.3352 52.1548 51.9482 51.6012 51.0192 50.3114 49.3145 50.3594 47.7817
threshold=0.027368297800421718 0.018636315129697326 0.051905846223235137 5.5000000000000009 5.5000000000000009 24.500000000000004 29.500000000000004 0 1 995.50000000000011 2.5000000000000004 5.5000000000000009 8.5000000000000018 7.5000000000000009 1.5000000000000002 2647.5000000000005 555.50000000000011 7.5000000000000009 41.500000000000007 1022.5000000000001 0.024281154386699203 27.500000000000004 16.500000000000004 6.5000000000000009 1.5000000000000002 2 3 4 27.500000000000004 5 6 4.5000000000000009 7.5000000000000009 7 8 3212.5000000000005 4225.5000000000009 28.500000000000004 13.500000000000002 29.500000000000004 0.015399031341075899 5.5000000000000009 3.1320497989654545 1.5000000000000002 9 27.500000000000004 65.500000000000014 1022.5000000000001 2446.5000000000005 7.5000000000000009 9.5000000000000018 10 17.500000000000004 0.26744776964187628 7.5000000000000009 5.5000000000000009 5.5000000000000009
decision_type=2 2 2 2 2 2 2 9 9 2 2 2 2 2 2 2 2 2 2 2 2 2 2 2 2 9 9 9 2 9 9 2 2 9 9 2 2 2 2 2 2 2 2 2 9 2 2 2 2 2 2 9 2 2 2 2 2
left_child=1 4 9 24 5 -1 7 28 49 10 12 52 13 23 -15 16 17 -16 19 22 -21 -14 -19 -2 34 -5 54 -27 -7 -11 -26 -31 41 -34 -3 -30 37 38 -37 -40 -18 -13 -42 -25 -32 46 -44 -48 -49 56 -35 -36 -12 -22 55 -10 -6
right_child=2 3 -4 25 8 6 -8 -9 26 29 11 32 21 14 15 -17 40 18 -20 20 53 -23 -24 43 30 27 -28 -29 35 31 44 -33 33 50 51 36 -38 -39 39 -41 42 -43 45 -45 -46 -47 47 48 -50 -51 -52 -53 -54 -55 -56 -57 -58
leaf_value=-0.04978909511943666 -0.0045687496714836209 -0.035353022927310747 0.091971762421974454 -0.034041742999215988 0.03619177835738574 0.06079259326942299 -0.064475709338460779 0.0065784916578570697 0.030053583228373062 -0.027698560057742433 -0.03866526520739158 0.04078160084139542 -0.048836589950539418 -0.081595554558622954 0.24688045076703621 -0.052624567564760943 -0.032148434373099936 1.6125678342808316 0.19561785675635307 0.73721333056189187 3.219243725558619 0.10296398053136856 0.21095111733678151 0.12341034497511773 0.036067183262625126 0.07679730634038999 -0.038341706781320768 0.016114530731812311 0.19633920417791942 0.038391366459347875 0.051004635497926359 0.093120681764155097 -0.035247300792855041 -0.059165159938134586 -0.02574385550422878 0.38021240900023856 0.031002351057325486 0.067208773075509431 1.5839754665752812 0.39361264376455896 0.071940182951655593 0.12356063861659547 1.7041800728985914 -0.073394602206254336 -0.036965851570572549 0.23408224210360978 0.28536075436132513 1.4397411094857322 0.29263431102864851 -0.0043190067082584001 0.079451746028505105 0.062503441925108691 0.024109606175841038 2.1588476318954934 -0.018249493440998049 0.17121682547500547 0.14052345150840331
leaf_weight=2025.5067823501304 134.1189856287092 80.932401334866881 272.91647283546627 95.638428993523121 100.0151359718293 21.366002259775996 133.07466808240861 83.431567179039121 60.027459025382996 62.354293602518737 404.34747408516705 178.92536978423595 116.96573466621339 5.4662144146859672 1.7021508738398576 2.7745857406407586 1.6258046366274337 0.8465936314314606 1.1521263252943752 0.68086706101894368 0.62669974192976929 60.989614626392722 0.81779812462627888 102.90997005440295 96.966138822026551 240.48698057048023 666.38135321158916 318.20390281826258 25.137391181662679 290.54365773685277 39.645399017259479 271.63333693519235 116.44768298231065 21.413048287853599 52.026787794195116 1.7272889390587796 2.1208088118582964 1.0746079869568346 1.3406230509281161 1.0065744202584026 1.5601026397198436 74.091398395597935 0.62375449202954758 9.7975552305579168 746.26357178017497 1.7714811097830532 1.9590611383318903 0.99580154009163357 0.85242254100739956 134.87520063854754 90.091638758778572 186.88120402954519 104.21257499046624 0.60356930643320084 87.334874145686626 22.136830888688564 39.066237900406122
leaf_count=126151 6306 4061 9165 4473 4412 1200 8453 4586 2760 2660 21428 6329 5994 279 90 153 95 43 63 39 32 1817 43 2134 5513 8928 36768 13633 908 12760 2362 9725 5109 1138 2569 76 97 61 50 49 77 989 30 521 44438 95 100 53 46 6776 3530 7810 4993 28 4462 484 754
internal_value=-0.00267408 -0.0201043 0.0365968 0.00369309 -0.0330808 -0.0432338 0.00589261 0.0741426 -0.0120785 0.0292707 0.0180324 0.00481493 0.0471718 0.0760647 0.383859 0.52069 0.621242 0.938124 1.18663 1.50546 2.00766 0.00319015 0.925782 0.0460579 -0.0116997 0.0319863 -0.0259287 0.0431267 0.149871 0.0551535 -0.0244265 0.0637028 0.0371877 0.00629086 0.0234308 0.254829 0.456878 0.632147 0.780957 1.07485 0.40395 0.0650233 0.495259 0.106301 -0.0319429 0.601634 0.748275 0.590239 0.912243 0.0300307 0.0484832 0.0430236 -0.0258016 2.70665 0.0222897 0.0680917 0.0655001
internal_weight=7598.49 5262.67 2335.82 1857.04 3405.62 2295.79 270.28 137.205 1109.84 2062.9 1438.37 989.529 448.841 270.886 24.059 18.5928 15.8182 6.42981 4.72765 3.57553 1.91114 177.955 1.66439 246.827 1202.72 654.329 835.881 558.691 53.7733 624.531 882.875 562.177 480.969 227.952 319.84 32.4073 7.2699 5.14909 4.07449 2.3472 9.38843 253.017 7.76262 112.708 785.909 6.20252 4.43104 3.80729 1.84822 273.957 111.505 238.908 508.56 1.23027 169.499 82.1643 139.081
internal_count=387698 291834 95864 93787 198047 141631 15480 7027 56416 86699 61554 43516 18038 10227 1266 987 834 338 248 185 99 7811 86 8961 66753 27034 44474 22561 2441 25145 52313 22485 17095 9777 14440 1241 333 236 175 99 496 7318 401 2655 46800 324 229 199 99 11942 4668 10379 26421 60 7706 3244 5166
cat_boundaries=0 11 22 34 45 56 67 78 89 101 113 124
cat_threshold=1048576 16777216 256 33554440 0 536870944 1048576 2155878401 17 262208 524288 1048576 5120 289669507 2692874240 2147491840 163840 4194816 25166337 1209008256 537395200 131072 16842758 1086328832 8392737 2048 67119168 1212170240 33554432 4194304 16 2622208 4194309 8 3145728 16777216 289406978 539099136 0 20640 2147614720 21496384 1073746954 1032 2151678528 9453568 16778240 297795968 33554432 8192 131112 42991616 2147487744 134218761 1024 524288 256 1145044992 0 1075838977 2684364800 1209008200 13632000 2148040704 8392736 2181042208 272629760 65536 1082261504 268476418 555745280 1342185480 4194624 180355152 262144 1140850689 8200 131584 1048576 20976640 285474850 33556488 4096 131072 34078784 2148012545 3149832 536875072 320 8388608 16777216 411308064 2176 335546368 541065216 272 655872 1048593 136708616 65537 8 2415919104 1115686928 4352 19939330 75497480 16384 256 0 69210240 34078728 16777216 88 8404992 0 138412288 131076 67115008 0 42467344 1054720 1025 1611925000 5
is_linear=0
shrinkage=0.08


Tree=6
num_leaves=58
num_cat=9
split_feature=21 19 19 6 8 6 6 6 8 8 8 5 8 1 1 1 8 8 4 16 1 6 8 8 13 6 15 1 12 1 1 8 1 8 16 21 8 8 6 5 8 8 14 9 8 8 1 8 15 12 12 18 6 8 8 10 19
split_gain=715.081 192.739 140.819 109.96 148.468 122.618 96.8627 95.7516 84.8962 80.4626 78.6553 77.0305 74.2908 70.4291 68.3449 64.2851 59.1125 275.177 136.671 87.0867 58.0173 54.8749 55.1725 79.5109 74.9091 69.1915 65.537 54.5221 53.4571 51.154 49.6595 49.4135 49.3239 47.3743 48.6695 46.517 45.8231 112.435 65.5845 169.883 44.1623 50.6501 48.9879 44.0318 40.2258 40.0471 58.6589 49.2778 61.9049 46.7588 155.939 69.443 41.0345 149.689 111.454 97.9598 86.642
threshold=0.018333846703171734 0.031874846667051322 0.012119441758841278 5.5000000000000009 7.5000000000000009 1.5000000000000002 5.5000000000000009 1.5000000000000002 1.5000000000000002 7.5000000000000009 9.5000000000000018 990.50000000000011 5.5000000000000009 0 1 2 28.500000000000004 26.500000000000004 17.500000000000004 0.25672183930873876 3 4.5000000000000009 18.500000000000004 19.500000000000004 26.500000000000004 1.5000000000000002 967.00000000000011 4 113.50000000000001 5 6 9.5000000000000018 7 14.500000000000002 0.22253649681806567 0.070052523165941252 24.500000000000004 28.500000000000004 6.5000000000000009 1235.5000000000002 1.0000000180025095e-35 2.5000000000000004 24.500000000000004 913.50000000000011 15.500000000000002 5.5000000000000009 8 3.5000000000000004 2378.5000000000005 749.50000000000011 648.50000000000011 0.19270860403776172 6.5000000000000009 2.5000000000000004 2.5000000000000004 136.50000000000003 0.024888294748961929
decision_type=2 2 2 2 2 2 2 2 2 2 2 2 2 9 9 9 2 2 2 2 9 2 2 2 2 2 2 9 2 9 9 2 9 2 2 2 2 2 2 2 2 2 2 2 2 2 9 2 2 2 2 2 2 2 2 2 2
left_child=2 3 36 5 8 14 7 27 -5 12 -6 15 29 16 28 -3 17 33 -19 43 -7 22 25 24 26 -13 -24 -4 -2 -8 44 -11 -33 34 -12 -17 -1 38 -38 -40 -30 42 -42 -20 -9 46 -10 52 49 50 -49 -52 54 -54 -48 56 -56
right_child=1 11 6 4 10 20 9 30 45 31 13 21 -14 -15 -16 35 -18 18 19 -21 -22 -23 23 -25 -26 -27 -28 -29 40 -31 -32 32 -34 -35 -36 -37 37 -39 39 -41 41 -43 -44 -45 -46 -47 47 48 -50 -51 51 -53 53 -55 55 -57 -58
leaf_value=-0.050455366327857014 0.20404167291026037 -0.027438662208273269 0.047244240813793803 -0.043703723050613937 -0.069782369337566041 0.020140572846315003 -0.029525678295213457 -0.0082790074927201422 -0.022096720968202525 -0.074235395110184718 0.18803272959824885 0.097703646278596457 0.09069975323227851 -0.014422551332960856 0.0012506141615734718 0.037006763517318034 -0.0449973470705834 0.27613352258117002 0.44988287683342137 1.707722090305049 -0.024574731155434907 0.10460241063658526 0.37419205257473215 0.096686791752437939 -0.082253615700013313 -0.011641141730596835 1.3702682501112509 -0.014744814107558946 -0.064152206996365799 0.038224833719906558 -0.043349304769567512 -0.045336938587760528 0.020326336274048482 -0.004394560221703531 0.033422498885927188 0.13003582436391711 0.043831997672024489 -0.057806695155781941 0.16928806788981571 1.4511390420753467 0.13425898213628024 0.058747730442943562 0.60438050751333083 1.2228475619777315 0.12711586168748307 0.10813274057212148 0.038740188025726006 0.070161410673559313 -0.030356948772461978 -0.073789127620423639 1.0354716228626466 0.36530363428223461 0.40638334060163522 0.084428791834278205 0.77927491974700103 0.072044439564558152 0.068993255668288497
leaf_weight=1390.8346326975152 16.686174489557743 95.470469703897834 133.45224994979799 43.981860291212797 88.465522381477058 222.55862414371222 107.93849530629814 52.468039224855602 52.404713442549109 78.052038604393601 24.968151802197099 55.472529709339142 107.8517910707742 208.82640131469816 235.71754061803222 699.10526138823479 25.979078124277294 3.9925023969262829 1.3415998183190829 0.80045924242585886 980.25663159415126 207.68329783156514 0.87324964627623491 50.249454101547599 0.79256939515471447 111.42872939072549 0.82265845686197281 239.96077825967222 18.100714582949877 174.67435206286609 977.43435615487397 102.68100636452436 199.2974470499903 45.375828550197184 27.253464266657829 36.177147937938571 63.706341899000108 112.49384191725403 6.9947010688483706 0.72749088052660216 4.3884810637682667 175.3606582628563 2.0946595873683691 0.73016160540282715 19.172735598869622 140.17107531893998 75.374797903001308 41.909439349547029 50.988082306459546 9.2142131328582746 1.2848798409104336 4.3024163860827684 12.271275240927933 37.422254363074899 3.617647033184765 5.1794267632067204 1.5791822411119936
leaf_count=89446 641 3722 5785 2005 4831 12002 4984 3175 1998 4609 1034 1680 2172 9676 10781 25862 1153 145 41 28 58085 6146 33 1488 28 4895 28 11997 841 7390 62094 5366 9484 2009 1095 951 3470 7356 406 44 163 6359 90 23 1118 2051 2742 1515 2080 330 47 78 471 1465 140 197 51
internal_value=-0.00251183 0.0218754 -0.0272417 0.00928561 0.0316666 -0.00298469 -0.0141356 -0.0265097 0.0622226 0.00870927 -0.00260211 0.0475197 0.0342138 0.014916 0.0325218 0.033322 0.0585045 0.0898457 0.579294 0.999846 -0.0163378 0.0751207 0.0472426 0.118569 0.559665 0.0247028 0.85921 0.00827971 0.0635561 0.0126566 -0.0388927 -0.0174956 -0.00282947 0.0553997 0.107352 0.0410266 -0.0454928 -0.00796548 0.0705292 0.290654 0.0550072 0.0668693 0.286398 0.723914 0.0245356 0.0729152 0.0562113 0.0710747 0.0336076 0.0911157 0.12311 0.519973 0.106112 0.163955 0.0725868 0.318358 0.563631
internal_weight=7588.41 3820.67 3767.74 2562.6 907.434 1655.16 2192.98 1422.49 479.701 770.495 427.733 1258.08 390.465 339.268 452.348 830.753 130.441 104.462 6.86472 2.87222 1202.82 427.322 219.639 52.7379 2.48848 166.901 1.69591 373.413 216.631 282.613 1049.08 380.03 301.978 97.5974 52.2216 735.282 1574.76 183.922 71.4285 7.72219 199.945 181.844 6.48314 2.07176 71.6408 435.719 295.548 243.144 107.699 56.7109 47.4967 5.5873 135.445 49.6935 85.7511 10.3763 5.19683
internal_count=387896 169000 218896 124167 35205 88962 118174 84169 15170 34005 20035 44833 14546 15204 18875 30535 5528 4375 237 92 70087 14298 8152 1577 89 6575 61 17782 8094 12374 66387 19459 14850 4138 2129 26813 100722 11276 3920 450 7453 6612 253 64 4293 13165 11114 9116 4050 1970 1640 125 5066 1936 3130 388 191
cat_boundaries=0 11 22 33 45 57 68 79 90 102
cat_threshold=269615104 16777220 8651136 136 4096 1088 9437184 26216449 134217728 1050368 524288 269484032 16781312 16777632 33554444 2048 132104 1048576 2157182977 8389640 1052672 4718656 0 83887108 65792 262144 2952800512 4168 37756960 4100 144703488 4172 525376 196608 8390656 293601280 1077166088 603983872 264 4416 0 69206016 0 25235968 8 8404992 4096 21233664 33685504 536872960 197632 67108880 2172649475 2097177 132096 590080 8 131072 16781312 150995104 570556416 0 671155208 1048576 2164529665 1209009168 64 524548 2621444 0 40992 2684356996 2147483648 57408 320 135240 67108864 1075839232 268436480 131072 20976640 289407232 33685504 67108864 671236096 655872 2148040704 2097176 1311232 524608 131072 20971520 8650912 0 268437504 1064 80 4980736 1207960576 132672 8389888 8
is_linear=0
shrinkage=0.08


Tree=7
num_leaves=58
num_cat=19
split_feature=17 21 6 2 2 8 8 2 1 6 8 19 1 1 2 1 6 2 1 2 1 8 17 8 1 6 6 1 8 2 8 12 5 15 15 8 8 15 14 5 18 8 8 8 21 1 6 20 2 15 15 10 8 2 1 8 8
split_gain=645.945 156.808 98.068 113.092 97.4214 88.2405 122.157 90.9592 64.4486 64.5893 77.8057 63.1632 60.4378 57.0846 54.9144 52.3542 51.5871 51.5246 51.4303 48.5502 47.8202 45.7392 44.7962 42.6282 41.8956 41.4261 81.4237 56.6744 51.8501 57.1413 49.5514 84.4133 67.4417 53.9452 83.6165 41.9594 85.7323 48.5645 59.7232 41.3574 38.851 38.176 53.0333 47.6867 37.363 45.5685 34.8783 40.6368 33.9735 33.8324 81.0605 77.9073 33.8282 36.502 33.4867 35.8454 33.297
threshold=0.019251220859587196 0.028292415663599971 5.5000000000000009 0 1 24.500000000000004 29.500000000000004 2 3 5.5000000000000009 7.5000000000000009 0.046217698603868491 4 5 6 7 2.5000000000000004 8 9 10 11 7.5000000000000009 0.0031054650899022822 1.5000000000000002 12 5.5000000000000009 1.5000000000000002 13 17.500000000000004 14 19.500000000000004 1038.5000000000002 710.50000000000011 2789.5000000000005 2568.5000000000005 28.500000000000004 26.500000000000004 2809.5000000000005 27.500000000000004 885.50000000000011 0.24239908903837207 7.5000000000000009 9.5000000000000018 1.5000000000000002 0.011814501136541368 15 3.5000000000000004 0.27793331444263464 16 2821.5000000000005 2797.0000000000005 175.50000000000003 7.5000000000000009 17 18 9.5000000000000018 8.5000000000000018
decision_type=2 2 2 9 9 2 2 9 9 2 2 2 9 9 9 9 2 9 9 9 9 2 2 2 9 2 2 9 2 9 2 2 2 2 2 2 2 2 2 2 2 2 2 2 2 9 2 2 9 2 2 2 2 9 9 2 2
left_child=2 4 5 13 8 14 7 22 -2 16 23 17 -5 -4 -1 -9 20 -3 -19 -13 -10 -15 -7 -11 56 26 -20 -28 29 -29 31 32 -30 34 40 36 41 38 -38 -25 46 43 -43 -27 -16 -46 -34 -48 -44 50 -24 -52 53 -14 -12 -56 -6
right_child=1 11 3 12 24 6 -8 15 9 10 54 19 52 21 44 -17 -18 18 25 -21 -22 -23 49 39 -26 35 27 28 30 -31 -32 -33 33 -35 -36 -37 37 -39 -40 -41 -42 42 48 -45 45 -47 47 -49 -50 -51 51 -53 -54 -55 55 -57 -58
leaf_value=0.031605218260437849 -0.030284977539886106 -0.029560107602982041 -0.024178598809958533 0.018698530764230996 0.041712011385297856 0.71058353021226039 -0.052358376681437849 0.07833495461893214 -0.023741660859143567 -0.038404545285881726 -0.034908991274898708 -0.0069849839610725351 0.018667754750217567 0.096555184885021766 -0.057846105532933088 -0.032208997468422033 -0.0092531306768982961 -0.029627161298209321 0.064594903361409856 0.077862580816816532 0.060131079413531234 0.019930368213995908 0.15923585294706807 0.079221259899212429 -0.01658879686158576 -0.033795175427936551 -0.025095359580247535 -0.030956666369261972 -0.04692066430205926 0.036983203226405949 0.048917646171322354 0.92620687919807132 0.73490347667660194 -0.02932098146879571 1.1042462347083422 -0.027315874701572419 0.27299781415225466 0.078153703268654173 0.81126023570820627 0.16657060333885093 0.099411699789670627 -0.052444049297450654 -0.017548725042549781 0.086938979559792004 0.033401807489982623 -0.039399687606308145 0.10123225557317884 0.7896810048522086 0.074236240828829334 0.072472233610279019 0.98201405130590902 0.07670303221257832 -0.049496330853013658 -0.033797388353480555 -0.074814955646539463 0.074496107282836135 -0.013063430455134329
leaf_weight=57.151368675753474 112.063163343817 86.556289652362466 73.076366754248738 176.4919773414731 164.08846809808165 0.9045236948877563 135.9233647249639 29.98080690484494 54.171520345844328 12.852145578712223 45.60041696485132 56.558665867894888 126.89166887383908 103.39686368498951 917.04488824680448 77.375763966701925 251.47681679017842 76.27164592128247 246.58875549584627 297.91039382480085 184.90639449376613 96.28718594647944 23.926675125956539 88.195301383733749 1052.6607277840376 23.020309962332249 192.98352125566453 118.69691951666027 6.8595858421176734 200.04236300103366 71.961010025814176 0.94826854206621547 1.6568703874945603 3.0044956319034091 0.87312974408269006 36.142647381871939 5.1099086515605432 4.6734887920320034 1.7782309800386427 57.194301716983318 3.9471773765981197 40.861727259121835 35.950462218374014 231.17519715428352 53.522845018655062 997.70569440163672 2.1795142907649283 0.73044485226273526 89.63813903182745 23.001228040084243 1.5719389729201787 0.99209926463663567 390.87311622872949 224.81664214748889 12.199505738914011 65.665719697251916 125.22734217252582
leaf_count=3610 5539 3643 3422 7923 6582 42 9465 1542 2482 553 2144 1881 6314 3557 64114 4133 14790 3171 7544 8944 7922 4820 961 2325 51333 844 9557 5827 316 9409 2968 32 54 123 35 1275 109 86 39 1310 141 1971 1301 5195 3375 65896 91 26 3158 862 51 30 23981 11840 737 2567 6313
internal_value=-0.00303891 0.0186812 -0.0281708 -0.00952005 0.00440736 -0.0377557 0.00322575 0.0511183 0.0248586 0.0331455 0.0641049 0.0359883 -0.022862 0.034991 -0.0436978 0.00270766 0.016042 0.0287306 0.0323274 0.066324 0.0426487 0.0567652 0.128253 0.101241 -0.00918627 0.0361065 0.0258583 0.0100404 0.026508 0.0118717 0.0800016 0.190711 0.154319 0.265701 0.360102 0.0554867 0.062411 0.277294 0.412298 0.113587 0.283364 0.0565026 0.0267188 0.0760048 -0.0458122 -0.03575 0.442158 0.274789 0.0524761 0.143473 0.205103 0.632309 -0.0328571 -0.0152988 0.0165066 0.045285 0.0174017
internal_weight=7573.36 4062.42 3510.94 1191.83 2226.3 2319.1 293.676 157.753 884.325 772.262 281.707 1836.12 919.073 272.76 2025.42 107.357 490.555 1481.65 1395.09 354.469 239.078 199.684 50.3965 158.242 1341.98 1318.82 850.472 603.883 410.9 318.739 92.1605 20.1995 19.2512 12.3916 9.38714 468.35 432.207 11.5616 6.88814 145.39 8.51401 420.646 166.45 254.196 1968.27 1051.23 4.56683 2.90996 125.589 49.4919 26.4907 2.56404 742.581 351.708 123.466 77.8652 289.316
internal_count=388275 172337 215938 61857 104597 154081 17086 7621 40369 34830 9636 67740 50058 11799 136995 5675 25194 56915 53272 10825 10404 8377 1946 4188 64228 50101 36123 28579 19022 15236 3786 818 786 470 347 13978 12703 234 148 3635 312 12469 6430 6039 133385 69271 171 117 4459 1904 1042 81 42135 18154 5448 3304 12895
cat_boundaries=0 11 22 32 43 54 65 77 88 100 112 124 136 148 159 170 182 193 205 216
cat_threshold=2173698048 16782336 285212802 131076 8192 131080 8388608 2147519010 1219493888 537396224 268435456 8931328 1024 285212673 3221651456 12288 131328 42075232 26214402 4096 536870912 16777228 1048576 16777216 256 33554432 4 66600 1572864 2155876353 1 262720 16777284 1090519040 134217794 2182086658 0 0 32 4206721 16777216 2101454 2223046912 3145728 32 268435840 671236104 1073774624 66592 2155873792 1572864 150999040 131072 4194880 25182208 4198432 289 33816576 268445696 536870912 2148007936 2152206338 134218768 1207960064 131396 268501024 1048594 285229056 8389636 1073745984 1107427328 263232 8544 278925312 0 0 80 1048580 16777216 0 33554432 0 536871968 1048832 3 134217736 1310720 8912896 18874368 1076002948 513 1050624 2147483648 537935936 524324 32768 67108880 2147745888 268501248 8 4 1142947842 8917056 3407872 2415919104 1082368 1107296272 33554452 545259521 1074004096 2147483649 8 16777216 69207044 1 0 14336 131080 2181038080 526850 2101248 536870920 21037312 8 276889602 1024 8320 536871168 268435456 1073807680 42598928 524800 134217776 1049600 4718656 8 134873088 0 327712 131204 813695048 134418688 320 17301504 3145736 8 268502016 8 279969792 4194304 16777346 2147614724 8320 131072 13632000 2164293635 1075843072 1048576 525568 0 134222848 17047936 2147614724 805306368 98336 528 29884426 136314888 1107296256 134742080 268500992 12582944 33 2686582786 2147487744 24576 2147485456 0 2101248 144392 8389120 80 268435456 16781312 288 131072 0 132096 1048576 2147487747 1073742856 536870912 524288 67239936 12582912 4198656 547358720 268435456 134225920 131072 25563136 67110024 1074921730 524544 8 0 4199424 16777248 12 2304 671219744 9961536 2164785160 1048 537919488 4718592
is_linear=0
shrinkage=0.08


Tree=8
num_leaves=58
num_cat=12
split_feature=17 0 8 8 2 6 8 8 1 8 8 6 19 2 8 6 19 11 5 5 2 2 1 15 15 14 18 1 15 1 1 6 15 6 8 8 15 15 15 15 19 15 15 15 15 15 15 14 6 8 15 12 1 1 15 15 15
split_gain=566.421 137.993 119.819 218.129 102.274 101.317 101.153 246.219 88.9024 85.0299 247.641 228.259 118.603 96.6728 76.8016 96.9589 76.2374 144.316 74.567 65.0117 71.8392 65.872 64.2798 62.9635 71.8172 130.594 80.1057 60.0425 61.5972 59.6391 58.0476 53.2987 180.643 159.442 150.151 89.4723 60.688 176.773 86.7688 241.83 233.287 62.5144 102.655 55.654 304.173 55.0349 67.9614 94.4089 60.1574 52.298 52.2098 53.3512 49.1261 46.9094 46.2636 45.4397 113.066
threshold=0.018330066464841369 0 8.5000000000000018 5.5000000000000009 1 4.5000000000000009 26.500000000000004 29.500000000000004 2 24.500000000000004 28.500000000000004 6.5000000000000009 0.013100949581712486 3 7.5000000000000009 5.5000000000000009 0.014111079275608064 5.8753378391265878 1065.5000000000002 995.50000000000011 4 5 6 2902.0000000000005 2866.0000000000005 48.500000000000007 0.29016599059104925 7 633.50000000000011 8 9 2.5000000000000004 2797.0000000000005 6.5000000000000009 6.5000000000000009 7.5000000000000009 644.50000000000011 659.50000000000011 2390.5000000000005 2365.5000000000005 0.026067026890814308 2506.5000000000005 2517.5000000000005 2253.5000000000005 2235.5000000000005 2708.0000000000005 2739.5000000000005 28.500000000000004 1.5000000000000002 17.500000000000004 2647.5000000000005 268.50000000000006 10 11 3584.5000000000005 2714.5000000000005 2821.5000000000005
decision_type=2 9 2 2 9 2 2 2 9 2 2 2 2 9 2 2 2 2 2 2 9 9 9 2 2 2 2 9 2 9 9 2 2 2 2 2 2 2 2 2 2 2 2 2 2 2 2 2 2 2 2 2 9 9 2 2 2
left_child=9 19 3 5 23 -3 -4 55 -6 13 11 30 -13 -1 15 52 17 -14 -18 20 -2 -21 -17 24 31 26 -26 -22 -29 -7 -11 32 34 -33 -5 -35 -36 -38 39 43 -41 -40 -43 44 -39 48 47 -47 -44 -23 51 -50 -15 -9 -25 -8 -57
right_child=1 2 6 4 8 29 7 53 -10 10 -12 12 16 14 -16 22 18 -19 -20 21 27 49 -24 54 25 -27 -28 28 -30 -31 -32 33 -34 35 36 -37 37 38 41 40 -42 42 45 -45 -46 46 -48 -49 50 -51 -52 -53 -54 -55 -56 56 -58
leaf_value=0.02586898585811 -0.035679756817872429 -0.03404814714921843 -0.02681876346724188 -0.081608096215461598 0.058467342189208293 0.047273953992673576 0.052483141511858948 0.060683189749013926 -0.031602915254802466 0.089398488452185468 -0.049106230917603293 0.16087068679546132 0.36783973123568608 0.033481629502664555 -0.051923622805182312 0.054961860667071635 0.28959367903622246 2.0958497440708199 0.83830473463401523 -0.028637467445145743 -0.028414967868832998 0.053296142040375853 -0.011776997273577569 -0.049309618840705678 0.010732850087929824 1.2224037199502997 0.76173990446820972 0.083642850636653304 0.027522599421049652 -0.0076038587168504538 -0.0071198601901108684 -0.055475099743515645 0.82471286581769432 0.1527045228382215 0.024914081301223249 -0.055776106838684704 1.2674006784443279 0.16317661001751355 -0.068069242368660687 1.7669989950913429 0.43258834514893069 0.31562620718262158 -0.078747861601468891 -0.082766451757274359 1.224453430058497 0.83319345259410693 0.075597023802334434 0.051517211139339728 -0.084381800895398304 0.11670309216247512 -0.081373616850714911 0.47736687119520882 -0.044110088438481 -0.057146354333910805 0.11760414145182653 0.29718997633288807 0.084144035968651804
leaf_weight=162.32522386498749 111.41043685283512 416.47017902135849 924.78324495255947 20.32379930652678 140.44714274909347 237.88660934753716 58.470777804031968 18.697962150909007 123.79810121376067 73.147787919268012 228.52765687555075 11.827054456807675 0.70907497592270174 51.350178664550185 1225.2339960625395 109.30619199573994 5.3602038957178593 0.54770140536129475 2.2512030806392431 50.46128748357296 94.465020942501724 359.4017392732203 399.92004540655762 33.652623949572444 3.4709261376410714 0.97768144775181998 1.2280213758349416 153.47172843106091 678.74595724698156 259.63026700168848 81.398923140019178 49.249309071339667 2.3588696829974642 84.710481887683272 19.489336241036654 15.59892578423023 0.94320791587233443 24.337681520730264 10.18331421446055 1.2504480490460985 2.5408276803791523 16.268363328650594 16.861196642741561 3.9706598613411179 1.8571902643889178 2.2233843989670259 7.266197863034904 1.7796063441783188 1.472817206755282 108.35217626579106 3.1128044947981834 4.0646359855309129 885.69661742355675 133.45407858304679 15.528687281534074 22.450695470906794 54.994816311635077
leaf_count=9018 4769 22886 48957 1083 4683 9123 1908 808 5161 3370 15228 538 40 3178 83538 4543 224 29 76 1987 3910 12215 19576 1484 203 46 51 5221 25434 10663 3934 2857 37 836 485 921 31 721 354 49 35 210 513 153 35 49 194 38 54 3102 180 130 62822 6674 535 575 1851
internal_value=-0.003326 0.0157307 0.00481878 0.0197771 0.0568686 -0.00493623 -0.0139243 0.0274705 0.0166562 -0.0285895 0.00575708 0.0773022 0.326784 -0.0334833 -0.0370478 -0.0247016 0.547904 1.12465 0.452197 0.0346587 0.0233288 0.0580234 0.00339692 0.0847512 0.101157 0.382882 0.207424 0.0304793 0.0374225 0.0194334 0.0438875 0.0956351 0.131053 0.0624065 0.119171 0.120283 0.153865 0.179473 0.168869 0.272016 0.873937 0.113465 0.148315 0.196272 0.238574 0.0742888 0.221497 0.486035 0.00924083 0.0665617 0.180712 0.327998 -0.0399714 -0.0424328 0.00339699 0.105723 0.145915
internal_weight=7529.72 4292.11 2735.8 1522.95 608.966 913.987 1212.85 288.068 264.245 3237.6 403.77 175.242 20.6952 2833.83 2671.51 1446.27 8.86818 1.25678 7.61141 1556.31 1038.09 518.215 509.226 344.721 295.54 5.67663 4.69895 926.683 832.218 497.517 154.547 289.863 140.304 149.559 137.945 100.309 117.622 98.1323 97.1891 33.9568 3.79128 63.2323 53.049 30.1655 26.1949 36.7806 11.2692 4.00299 25.5115 467.754 8.65026 5.53745 937.047 152.152 49.1813 135.916 77.4455
internal_count=387325 181211 124573 63800 21128 42672 60773 11816 9844 206114 23439 8211 907 182675 173657 90119 369 69 300 56638 39334 17304 24119 11284 9265 300 254 34565 30655 19786 7304 8965 4351 4614 4314 1757 3231 2746 2715 993 84 1722 1368 909 756 1158 281 87 877 15317 364 184 66000 7482 2019 4334 2426
cat_boundaries=0 1 12 23 35 47 59 70 81 92 103 115 126
cat_threshold=9986 276824064 16781312 285212672 33685504 0 671285280 1572928 2147487745 2097160 1611661632 524544 268435456 4096 293863809 131072 4096 131072 4194368 524291 2097176 8 525568 268500994 4096 285213314 537003008 4224 131072 263184 2416476960 8 536879104 132096 80 82048 2097158 134479872 2686451716 268437504 32832 0 524800 1049601 1310856 21037888 16 0 16785408 2 134217793 128 135266376 34079232 4096 77598768 2718175236 268959744 8 4 1024 272630016 35667968 32 24616 9568256 22581250 142610440 133122 4194368 2298478856 2097152 10518528 2 2415919360 537919488 5242896 524288 136314880 3281344 4785152 269484032 0 407109667 33685504 1879052288 537067520 80740864 2147487744 2097160 537133056 4718596 1179648 16777220 151257344 33554440 4 671088672 1048576 2152470531 9 262208 324 2147565568 12587008 0 2686599426 1073741824 131200 2147483728 1024 117440648 37748744 8454656 64 0 0 134217728 0 536870912 1024 42467392 2147483649 1024 0 256
is_linear=0
shrinkage=0.08


Tree=9
num_leaves=58
num_cat=28
split_feature=17 21 6 6 2 1 2 1 5 1 2 6 19 1 0 1 2 1 14 16 12 5 1 6 1 2 1 2 1 21 17 12 2 2 2 1 1 2 16 2 5 13 6 4 20 2 13 12 12 1 20 14 18 1 18 21 1
split_gain=475.838 149.206 100.03 146.73 81.291 74.3148 67.3195 65.8385 61.4796 56.926 53.7506 52.8331 51.6436 49.5069 46.4148 43.1229 46.4103 42.0533 38.6017 37.9589 38.1317 37.7922 49.9787 37.5239 57.8622 42.1545 36.9624 35.9312 35.3801 34.8736 48.9198 33.0308 31.5139 31.4574 31.1516 30.0485 29.7479 29.2535 32.7741 27.1702 27.1658 32.0448 25.9598 25.8421 25.7699 25.516 25.2628 24.1535 44.0826 23.2031 25.3158 22.3969 22.3376 21.6812 20.9921 20.7858 24.319
threshold=0.015960768796503547 0.015399031341075899 5.5000000000000009 1.5000000000000002 0 1 2 3 1090.5000000000002 4 5 5.5000000000000009 0.010227197781205179 6 7 8 9 10 1.5000000000000002 0.22113849967718127 895.50000000000011 725.50000000000011 11 6.5000000000000009 12 13 14 15 16 0.045219318941235549 0.017554246820509437 59.500000000000007 17 18 19 20 21 22 0.12940628826618197 23 1245.5000000000002 3.5000000000000004 3.5000000000000004 22.500000000000004 0.31278586387634283 24 24.500000000000004 1038.5000000000002 1044.5000000000002 25 0.25454011559486395 46.500000000000007 0.34248133003711706 26 0.18281627446413043 0.030219939537346367 27
decision_type=2 2 2 2 9 9 9 9 2 9 9 2 2 9 9 9 9 9 2 2 2 2 9 2 9 9 9 9 9 2 2 2 9 9 9 9 9 9 2 9 2 2 2 2 2 9 2 2 2 9 2 2 2 9 2 2 9
left_child=6 11 3 9 8 -4 35 31 13 -3 -11 28 36 19 15 -7 -17 -13 43 20 -5 22 -16 25 -25 49 -27 -23 45 -18 -31 40 -19 -30 47 -1 -8 -24 -39 -26 41 -6 -20 54 -43 -2 -45 -9 -49 50 -14 -52 -21 -29 -10 -36 -57
right_child=1 2 5 4 7 14 12 34 18 10 -12 17 23 -15 21 16 29 32 42 52 -22 27 37 24 39 26 -28 53 33 30 -32 -33 -34 -35 55 -37 -38 38 -40 -41 -42 44 -44 46 -46 -47 -48 48 -50 -51 51 -53 -54 -55 -56 56 -58
leaf_value=-0.021369344502202969 0.048345827988561567 -0.013677672809774532 -0.028497249867212995 0.12636912512642501 0.036380869031390026 -0.0080266789279361799 0.04745445386174299 0.024184527266719921 0.44442148712702323 -0.025403363857856798 0.057334276497448045 -0.033996915839843052 0.023227698845758326 -0.011842724889745401 -0.021944655239985782 -0.0029852171088217082 0.076642908876726715 -0.02914176559883945 0.024768228868215787 0.026826329251620908 0.72852599734985235 -0.011755934610120975 0.061850861186646351 -0.042338109555739634 -0.026686363233691838 0.029087061295751289 -0.036974583999357317 -0.0021414354251412852 0.017016126245953375 0.68473101568397454 0.13230980076950744 0.010419616928003882 0.036569309983398884 -0.041905224509940789 -0.034689329366340629 0.057878356551176798 -0.046280239886977624 0.49893287049361995 -0.0074523041466012527 0.044347054474684178 0.50644766167515798 0.1395590138921739 0.12205996211360269 0.91905461380230502 0.4851881298992648 -0.026098381901033325 0.27867636691411707 0.56081497779821055 -0.082927225580452846 -0.022951858101165894 0.17930794573316364 -0.056137172789573107 0.30832175316134419 0.058837948654117629 0.061395574094046168 0.016943888024231597 -0.023435270112060379
leaf_weight=45.067808403633535 56.519255177117884 107.59630981832743 98.286340150982141 25.219286319799725 37.807768703438342 48.115436783991754 16.795125990174711 63.989867008291185 1.3641154915094365 53.997473731637001 552.80544921662658 97.709839291870594 48.73495807684958 189.28132950235158 154.9924444258213 46.603432344272733 200.28634683415294 51.611706568859518 32.101053709164262 88.240628187544644 0.68818989861756463 65.559257436543703 118.11555171664804 103.94904118776321 39.406219637021422 53.034296911209822 994.2629477167502 49.349959983490407 64.543087487109005 1.036499487236141 77.059267391450703 173.383495811373 240.96972085721791 500.61545334942639 562.38045014534146 73.738848013803363 1113.0095114754513 0.82302970625460048 79.011187973432243 151.2301738942042 0.94707007147371669 12.639595647342501 38.729680465534329 0.71521552093327023 1.5475075850263227 45.838145613670349 0.88342322781682014 1.4859671406447881 1.2524836389347909 47.559227844700217 14.064058901742102 3.1663331780582658 1.838342617265879 420.51693475712091 2.7758271927013993 130.85712070483714 301.20591864921153
leaf_count=2732 3160 3995 3475 1181 1708 1461 1121 3125 56 1965 16980 4350 3269 9568 5371 1308 6202 2255 1420 3900 40 2083 3854 5433 1835 3409 67299 1654 3754 33 1761 7571 9429 30363 34170 4197 80160 36 2849 6959 42 622 1696 26 62 2676 35 44 45 3028 888 201 74 12399 114 5795 14712
internal_value=-0.00243613 0.0126807 0.0201774 0.0103005 -0.00268387 0.0374921 -0.0292778 -0.0122973 0.0292862 0.0406408 0.0496791 -0.0138493 -0.0319194 0.0139757 0.0425225 0.0668841 0.0778835 0.00953233 0.0941472 0.0525952 0.142461 0.0316601 0.0116931 -0.0220805 0.00341879 -0.0285515 -0.0333857 0.0454131 -0.0275204 0.0910555 0.139672 0.0261528 0.0243976 -0.0349973 -0.0206656 0.0284918 -0.0448763 0.0372575 -0.00196409 0.0290654 0.0826139 0.0748602 0.07797 0.293651 0.177371 0.0156524 0.566565 0.0296985 0.266658 0.0174486 0.045763 0.136039 0.0325829 0.0525222 0.187873 -0.0243072 -0.011356
internal_weight=7505.32 4801.3 3743.49 2383.73 1669.33 1359.76 2704.02 1287.5 381.837 714.399 606.803 1057.81 2585.21 305.268 1261.47 373.101 324.986 390.291 76.5693 115.986 25.9075 888.368 352.942 1455.41 294.585 1160.82 1047.3 535.426 667.516 278.382 78.0958 226.325 292.581 565.159 1061.17 118.807 1129.8 197.95 79.8342 190.636 52.9419 51.9949 70.8307 5.73858 14.1871 102.357 1.59864 66.7283 2.73845 113.525 65.9654 17.2304 90.079 469.867 4.13994 994.443 432.063
internal_count=387950 207419 151432 108946 86006 42486 180531 67896 18110 22940 18945 55987 173602 14763 39011 10765 9304 16034 3347 5195 1221 28246 12110 92321 14227 78094 70708 16136 39953 7996 1794 10005 11684 34117 57891 6929 81281 6739 2885 8794 2434 2392 3116 231 684 5836 61 3214 89 7386 4358 1089 3974 14053 170 54677 20507
cat_boundaries=0 11 23 35 47 59 70 80 81 92 103 114 125 136 147 159 171 182 194 206 217 228 239 250 261 272 284 295 306
cat_threshold=673024 130 268440576 1210056712 4096 8389920 8388704 672 0 269484552 2097665 16843009 1287651330 134217760 2361344 2147485696 0 262176 2147484160 3145744 1075970560 8388609 8 0 150999040 16777730 545390596 4096 33685504 263232 285213472 270532616 140288 268436480 80 659712 205520898 8388896 2313 2147495944 8454144 2147483968 512 68157448 0 25166336 8 540672 134217728 268697600 671352832 268443648 672170248 2147483664 4104 1073741856 263744 8388613 8 2113536 134217732 12845089 2147483652 2147487744 8 33554960 35330 0 266248 4259840 655424 8392704 402653189 34824 6144 1610743816 655424 9437699 1207959552 2097728 1920 9453570 4 8454402 134250628 4096 264 34210320 1 1073745920 537133448 4194304 134299650 18874370 9504 2148532224 3200 288 3255304272 1 4096 572522504 285212672 18874368 4096 138674432 33554440 1073743872 671089704 34209792 2165342211 16 1835008 524545 8388608 2102272 16777216 33554440 8192 536871936 5767744 9963523 1082131456 1048640 2152202304 147456 37748736 138416129 262144 0 675299328 8913152 1572864 16777233 1611014978 257 2415984672 9437200 16544 33570816 141348 4202496 8388608 9043970 1048576 6210 68096 270614528 5242912 2048 2147893506 2048 33570816 1024 2164260864 25165824 3254779904 8457729 64 131072 1073775616 138674176 2052 536881152 1024 512 4719104 4097 1050184 4718592 8 8929280 1048580 32801 538050560 2684354560 1610617856 67108880 1048576 2097176 1241777666 1028 285229056 0 8650752 33554432 2048 134283272 34078736 33280 1075843080 1075184448 2147483969 8 2097152 1082130432 2097184 537002112 4352 16384 131136 17825792 1075843200 524864 2168455172 16 2168897 1073872896 8388610 2164260929 268436480 33554496 272633872 18 1073741824 133248 2155872292 75513860 16782336 134479872 33554432 268437504 65536 2181038080 2173698048 8389642 512 2415919104 131073 16777216 0 2684878856 32 65536 2147614720 524288 67108864 5184 64 1196032 16778240 272630145 131080 0 131104 64 2155872257 1207959560 537919744 524288 0 2052 272630048 33816584 335544320 4195328 2147483648 8392704 8388608 671613760 524356 1048576 4096 285212672 131072 0 134348808 9437184 8390656 201326592 538181632 512 0 2097152 134217888 33554440 67108864 536870920 9437184 2147483651 25 538181888 4194308 8 268451840 0 4194305 4 67117056 675352608 33554432 266240 142607360 1032 4195332 293617664 16778240 23330818 2181169152 8388608 536871944 34079232 4098 2097152 537003008 65856
is_linear=0
shrinkage=0.08


Tree=10
num_leaves=58
num_cat=12
split_feature=17 17 6 6 8 8 6 2 15 8 2 8 8 6 5 2 2 2 2 8 15 8 15 6 8 2 2 8 8 2 15 12 8 16 14 12 21 6 4 9 18 18 15 15 2 2 5 9 9 19 18 15 21 21 8 2 6
split_gain=438.158 124.793 103.123 90.7148 66.3456 166.996 72.2261 67.9604 55.449 55.2796 67.2459 64.3531 54.3962 68.7264 54.1271 52.7981 52.243 51.6511 49.036 53.3614 47.5903 63.9261 61.8872 82.5969 53.1298 45.7715 43.0768 42.9179 82.7784 41.9361 39.6711 34.1393 34.0529 46.675 41.3304 48.0832 32.1472 31.31 36.0658 38.0274 32.792 52.6697 32.6452 38.0147 30.4522 29.741 28.893 46.1599 43.4371 28.6611 28.5553 60.422 28.4335 45.9883 28.1951 36.6536 38.1417
threshold=0.015960768796503547 0.028245296329259876 5.5000000000000009 1.5000000000000002 24.500000000000004 28.500000000000004 6.5000000000000009 0 2435.5000000000005 7.5000000000000009 1 9.5000000000000018 7.5000000000000009 5.5000000000000009 1305.5000000000002 2 3 4 5 5.5000000000000009 2419.5000000000005 17.500000000000004 2424.5000000000005 6.5000000000000009 2.5000000000000004 6 7 28.500000000000004 26.500000000000004 8 2990.5000000000005 1058.5000000000002 14.500000000000002 0.22647171467542651 45.500000000000007 17.500000000000004 0.05709622614085675 1.5000000000000002 19.500000000000004 811.50000000000011 0.16895615309476855 0.18809355050325396 2324.5000000000005 2797.0000000000005 9 10 925.50000000000011 690.50000000000011 913.50000000000011 0.029544904828071598 0.15645506232976916 2378.5000000000005 0.015780257992446426 0.01199943805113435 17.500000000000004 11 4.5000000000000009
decision_type=2 2 2 2 2 2 2 9 2 2 9 2 2 2 2 9 9 9 9 2 2 2 2 2 2 9 9 2 2 9 2 2 2 2 2 2 2 2 2 2 2 2 2 2 9 9 2 2 2 2 2 2 2 2 2 9 2
left_child=4 2 3 25 7 6 16 -1 14 18 11 -11 13 44 17 -15 37 -3 19 -4 36 24 23 -23 49 -2 -10 28 30 -5 32 -28 33 34 35 -13 45 40 -39 52 -6 42 -42 -44 -9 -19 -8 -48 -49 -22 51 -34 53 -40 -31 56 -56
right_child=1 8 9 29 5 -7 46 12 26 10 -12 27 -14 15 -16 -17 -18 20 -20 -21 21 22 -24 -25 -26 -27 31 -29 -30 54 -32 -33 50 -35 -36 -37 -38 38 39 -41 41 -43 43 -45 -46 -47 47 48 -50 -51 -52 -53 -54 -55 55 -57 -58
leaf_value=0.030385634584522769 0.04339921681514438 -0.025406030652117634 0.044871616716899071 0.03138374963150533 -0.0047758455582292136 -0.048277908142534937 0.10301069563986311 0.022186010357698689 0.026034568212911828 -0.070441897591571392 -0.028058740152151627 0.78585832871213745 -0.050604033264504099 0.035998979961201175 0.11346043777613321 -0.020859133771469206 -0.0079079272408643948 -0.016219305572621287 0.018719731642829928 0.14447782128167119 0.016222975424791918 0.82072154575769307 0.099201967435561769 0.24109042337762226 -0.052326497843120767 -0.0078770957315438123 -0.015736607506228854 -0.027994941538810936 0.30095193277604282 -0.039131344564248716 -0.064468073311581039 0.31652572893156261 0.6863592448759519 0.029036875456240448 0.042438868110334038 0.2209536365439059 0.060376149500215207 0.011789118744430732 0.36685764621200501 0.08594066085730491 0.09583568449407022 0.16171445761252734 1.0128321825144329 0.37950140861432552 -0.043318135087078408 0.029325435156460355 0.12125558788397477 0.86782253206584237 0.32731262962293978 0.37797215819552354 -0.0011521207897592178 0.024484283713066147 0.032900632350458897 1.2526520926864404 -0.0020510881366404736 -0.039304102865031595 0.10380014756989829
leaf_weight=96.722595598548651 195.59953122772276 100.24614417552948 101.13802862167358 66.72175729740411 5.1013475432992008 182.2863440066576 12.394849365577103 46.620391658507288 317.75808350834996 29.01150315720588 246.85798945743591 1.0100798523053587 999.41675242688507 157.09102675132453 50.296330091543496 269.1318242540583 75.681944908574224 96.355685135349631 344.27324313018471 52.182214273139834 2.3651084080338505 2.1125287767499685 10.897722101770341 6.1562305372208357 15.791356034576891 242.08356150891632 367.90976392012089 28.039525266736746 10.111904513090847 758.95693881902844 13.92189302947372 1.9863112699240435 1.2461268892511714 19.82182665169239 8.8864638712257129 20.123856320977211 202.52205424383283 26.495484108105302 1.2456921478733414 5.2347752843052149 0.89272161200642886 15.58179899305105 1.0913718696683647 1.3758026696741579 720.64055290445685 1289.6384145319462 6.192838925868271 1.1737795528024433 5.0202152896672487 3.4387783398851752 33.537974404171109 3.0072433007881045 0.69762674346566189 0.53626789152622212 75.411228918470442 94.588603162206709 30.634328942745924
leaf_count=5602 7413 3816 3532 4189 165 13302 476 3400 12479 1700 12035 37 74516 7056 1516 14297 4096 3715 10189 599 60 47 314 91 585 10421 15348 1210 190 49618 694 44 52 747 325 717 5038 1335 65 245 28 337 31 39 55249 46777 172 39 116 73 1370 137 37 27 4495 5817 1792
internal_value=-0.00267561 0.0115966 -0.00148471 -0.0146443 -0.0289597 0.00396102 0.0639573 -0.0338627 0.0241991 0.0196128 -0.00192538 0.0358493 -0.0366679 -0.025305 0.0316534 0.000452135 0.040741 0.0292741 0.0376008 0.0739517 0.0325944 0.118145 0.224474 0.389463 0.0237527 0.0158499 0.00490543 0.0604889 0.0827073 -0.027649 0.060967 -0.0135822 0.080896 0.124318 0.187219 0.248079 0.0306041 0.0898725 0.0561213 0.208308 0.175255 0.223732 0.510876 0.660703 -0.0396133 0.0262536 0.189408 0.275808 0.430175 0.230657 0.0236217 0.218803 0.466156 0.635374 -0.0317499 -0.0054096 0.0260711
internal_weight=7475.27 4844.64 2377.17 1464 2630.63 341.003 158.717 2289.62 2467.47 913.17 415.576 168.718 2192.9 1193.48 1779.82 426.223 133.935 1729.52 497.593 153.32 1629.28 40.7617 19.1665 8.26876 21.5952 437.683 687.654 139.707 111.667 1026.31 101.555 369.896 87.6336 49.8422 30.0204 21.1339 1588.52 58.2529 34.2098 7.71436 24.043 18.9417 3.3599 2.46717 767.261 1385.99 24.7817 12.3868 6.19399 5.80389 37.7913 4.25337 2.47959 1.78196 959.591 200.634 106.046
internal_count=387812 207182 117279 83745 180630 20510 7208 160120 89903 33534 19214 7179 154518 80002 62032 21353 6405 60516 14320 4131 56700 1170 452 138 718 17834 27871 5479 4269 65911 4079 15392 3385 1826 1079 754 55530 2309 1709 374 600 435 98 70 58649 50492 803 327 155 133 1559 189 129 92 61722 12104 6287
cat_boundaries=0 12 23 34 45 57 67 79 90 101 112 123 134
cat_threshold=16777217 4096 16793730 539099138 135168 33718272 4456528 268436256 1076887560 8 1024 80 1064960 4194304 8654977 33554440 2147483712 352 33554432 2173730817 1209013248 655424 65792 9437184 50332672 272633856 1048576 268435460 134284296 34734080 2156003328 134217728 538053634 4718848 1048576 16782336 256 33554432 4 536936480 1048576 8656897 1048576 1074004800 524288 16793600 68157444 303104 536871040 2048 1052704 1379930112 0 1052672 2147483656 13337152 8 8388608 16782336 285212928 131076 0 131104 8388608 0 2097177 536871168 269484032 4198400 16777216 33947648 2048 196608 1703936 12582913 134221848 320 524544 8 9437184 0 138674176 537001992 268435456 131360 101711936 2156924929 2097168 512 8913924 2147483650 1082132610 32768 260 64 13648128 79822864 0 67108865 3148420 16777216 65572 29360130 32 9437188 1073741856 1077936128 134219264 17301504 8388608 4206592 268566528 4421 3223322626 1568 1073741828 268435456 1375731776 2148794368 557076 0 268435488 150995232 277938176 5120 419430401 33685512 67117056 65536 34603584 8912898 1073742856 262216 256
is_linear=0
shrinkage=0.08


Tree=11
num_leaves=58
num_cat=24
split_feature=21 17 2 8 8 6 2 2 1 1 1 2 5 2 1 1 1 1 15 6 6 15 8 8 8 1 1 5 1 2 2 8 8 2 6 1 8 9 2 6 8 6 12 11 15 8 8 8 1 2 8 13 2 8 18 13 1
split_gain=397.505 113.174 96.5131 63.5775 163.855 68.4123 82.7268 63.3825 58.4596 56.4534 49.1155 50.2702 47.8284 55.6455 47.6977 46.1797 44.2398 43.3386 42.1469 39.8427 73.6982 42.8044 41.1205 92.6986 80.8438 38.5382 38.2538 35.831 35.5535 34.8538 34.3222 34.0721 107.143 33.8899 33.5555 42.6511 32.842 30.6133 30.5957 29.7881 40.9773 31.4584 35.3256 34.1127 29.8289 29.1913 45.0847 35.5355 28.8171 28.6851 28.1418 27.9877 27.9836 41.3076 39.4876 66.7988 29.1355
threshold=0.016808664426207546 0.028245296329259876 0 24.500000000000004 29.500000000000004 5.5000000000000009 1 2 3 4 5 6 995.50000000000011 7 8 9 10 11 2579.5000000000005 2.5000000000000004 5.5000000000000009 2792.5000000000005 6.5000000000000009 8.5000000000000018 27.500000000000004 12 13 685.50000000000011 14 15 16 26.500000000000004 29.500000000000004 17 4.5000000000000009 18 7.5000000000000009 103.00000000000001 19 4.5000000000000009 18.500000000000004 1.5000000000000002 37.500000000000007 4.6261277198791513 4015.5000000000005 7.5000000000000009 10.500000000000002 11.500000000000002 20 21 8.5000000000000018 53.500000000000007 22 1.5000000000000002 0.18871005624532702 30.500000000000004 23
decision_type=2 2 9 2 2 2 9 9 9 9 9 9 2 9 9 9 9 9 2 2 2 2 2 2 2 9 9 2 9 9 9 2 2 9 2 9 2 2 9 2 2 2 2 2 2 2 2 2 9 9 2 2 9 2 2 2 9
left_child=2 7 16 5 8 25 36 9 -5 -2 -3 -12 13 -13 -14 -8 -1 33 -11 22 26 28 37 27 -25 -4 -21 -24 -22 -10 -16 34 -33 -9 52 38 -7 -15 -36 40 41 42 43 -32 45 51 -47 -48 -38 -43 -35 -41 53 54 55 -19 -54
right_child=1 10 3 4 -6 6 15 17 29 18 11 12 14 19 30 -17 -18 31 -20 20 21 -23 23 24 -26 -27 -28 -29 -30 -31 39 32 -34 50 35 -37 48 -39 -40 44 -42 49 -44 -45 -46 46 47 -49 -50 -51 -52 -53 56 -55 -56 -57 -58
leaf_value=-0.030197343133048435 -0.034734166429629169 -0.027658551792102117 0.010511915929113458 -0.03107421086566034 -0.065114033710937477 0.048973557695582148 0.025036590155711195 -0.034056209007825897 0.096826518097779979 0.04974001711827554 -0.026611704641194611 -0.013759882038129325 -0.0018491163986690145 0.38293929571968277 -0.015074566058068672 -0.039289119857888105 0.032462123601923777 0.24235590708455745 0.0045060240712017962 0.038615048526565665 -0.01880206445891993 -0.039467552309622497 0.1568485099063579 -0.029714827619426513 0.097894372658339696 -0.046964945639311438 -0.021912762741091815 0.067830978149221954 0.063128950713668933 0.013985434022658057 0.34110073365074839 0.087418181341184176 -0.046639915798632123 0.05573960879916684 -0.026942784393527895 -0.021774805751421638 0.04392357946939799 0.0028091243799142269 0.040009322985129228 0.12062981247527298 0.10272867944359922 -0.032138815069069945 0.051158900259354663 -0.02328495711017313 0.46263050769392772 -0.03489555715200917 0.2146873238082655 0.062432013244437611 -0.041064331042008878 0.037707615932331538 0.002853142587633189 0.015684296339304109 0.0056332510263855514 0.001767604072004406 0.074283262881303214 1.2944889973773073 -0.046940019630185015
leaf_weight=91.460073309019208 89.69332470279187 97.283636624924839 81.736083379015326 47.921120860613883 139.72329138312489 143.70956595055759 78.185979379341006 56.543993658386171 99.948872027918696 336.16039489675313 94.151969976723194 219.32666382007301 109.27413235697895 1.3720857482403506 40.74599925801158 542.41364392638206 254.61933069117367 1.480890731327235 216.8851825017482 79.482446135021746 39.411794160492718 34.502519582398236 71.133359327912331 76.53091542609036 54.324163251556456 1444.5358673464507 258.07120938505977 48.80085520632565 278.03237942792475 67.111459867097437 5.4554504416882983 77.151187727227807 75.483019508421421 142.56393323186785 53.414020066149533 368.06378016620874 30.709592908620834 94.61856188904494 156.92742284480482 121.9345214292407 61.553362800739706 62.399414477869868 64.12856811657548 2.3523927181959152 1.3167883027344931 28.48531231097877 11.01441561616957 89.608819789253175 61.012420822866261 68.723679856397212 117.43680864106864 18.768093962222338 85.13297963142395 42.078448572196066 3.5914509128779173 0.52003972139209498 424.12885362934321
leaf_count=5043 4459 3459 5262 2399 10590 4718 3533 2672 4062 14358 3595 8188 3459 50 1382 32309 12623 104 11143 3510 1157 1262 1281 3472 1165 111288 12154 1027 7566 3212 142 2556 4603 6192 2528 18409 1571 3808 6933 2541 1611 2736 1670 55 47 1037 376 2346 3505 2773 6092 426 5067 2650 217 35 27609
internal_value=-0.002184 0.0133061 -0.0241903 -0.0291616 0.00233052 -0.0339729 -0.0158707 0.000778329 0.0461652 0.0218083 0.026506 0.0290878 0.0319116 0.0227961 0.049067 -0.0309165 0.0155197 -0.00773363 0.0314326 0.0303728 0.0195411 0.0451553 0.0527848 0.0698279 0.023263 -0.0441257 -0.00716546 0.120631 0.0543532 0.0662179 0.0577486 -0.0142541 0.0211222 0.0184211 -0.0191357 -0.00563994 0.0240804 0.00825652 0.0225562 0.063462 0.0455507 0.0282168 0.0707275 0.231355 0.0832827 0.0814253 0.0539528 0.0791051 -0.0122971 0.00489352 0.0306726 0.106632 -0.0331516 0.0239088 0.233125 0.517597 -0.0382122
internal_weight=7463.15 4380.06 3083.09 2737.01 354.705 2382.3 856.031 2247.26 214.981 642.739 2132.8 2035.52 1941.37 1255.61 685.761 620.6 346.079 1604.52 553.046 1036.28 689.5 351.947 346.78 250.789 130.855 1526.27 337.554 119.934 317.444 167.06 576.487 1287.97 152.634 316.545 1135.34 578.405 235.432 95.9906 210.341 535.741 264.613 203.06 71.9364 7.80784 271.128 269.811 129.109 100.623 91.722 131.123 260.001 140.703 556.933 47.6708 5.59238 2.00093 509.262
internal_count=388037 187922 200115 182449 20263 162186 45636 115627 9673 29960 72295 68836 65241 44640 20601 35842 17666 85667 25501 36452 25649 9985 10803 6945 4637 116550 15664 2308 8723 7274 17142 70711 7159 14956 63552 27870 9794 3858 9461 15760 8987 7376 1867 197 6773 6726 3759 2722 5076 5509 12284 2967 35682 3006 356 139 32676
cat_boundaries=0 11 22 34 45 56 68 79 90 101 112 123 135 145 156 167 178 190 201 213 224 235 246 257 268
cat_threshold=2623520 67277312 2441217 163840 131328 131072 4192 25165856 2097152 36 268567560 1245184 4195364 289411456 9439238 2415919104 0 71434240 2 1207959688 570425344 589824 81920 142611456 285212801 32772 8192 196872 41943104 131072 1076887561 262 524288 8 8388612 41950208 4194337 2099200 67108868 134218760 128 2151809024 1040 671088706 268435457 16384 1112540160 8389121 17825920 67110944 0 34078736 2147484162 16777217 1073873792 4718593 150994948 77594624 65536 2359296 0 1485832224 9236 4199040 1048576 263684 65600 8 136314880 1075838980 4489216 538970432 67119104 134221896 1342177312 0 1048576 266274 406880256 25186304 2148536322 8193 2147483652 805306624 33792 2148007936 524802 134218776 1032 17367296 806371392 2168459264 1 671088644 10368 1024 2147483648 2048 8393760 537001992 273154048 18890752 8388644 4194304 131072 4096 143488 2156003904 21528578 17829896 5128 4194304 16777216 3072 134226178 33816576 67108864 134348832 1573888 36866 1073743010 536876040 65793 2415919104 50331648 270532608 1179650 536870956 102464 12583936 2147489792 67239944 12 293601280 64 81920 15859712 32768 2684485888 2684354560 1073790976 2147483668 2147484160 102760448 2185236490 1574144 2168455170 142606628 2056 2048 65536 34079232 8388608 1207959552 536870976 25166592 9437184 138412032 134217760 8 2684358656 8 34078720 524288 1024 64 1280 1048576 16778240 155189632 33554440 268435456 536871968 9961472 2148538369 16 1074529088 1 64 1048576 0 0 2147484800 537985024 38797824 16779296 4128 33554944 0 8 2097154 1109524996 4198688 1048578 2147483660 536887296 1074266624 2147484162 16777216 134222336 131136 1048576 35840 142868640 33832968 4160 1048864 528 4325376 1049603 1187840 2147483649 16 4 5244932 32 131200 2147489824 64 1573392 557058 134217744 1075974656 8455233 1048576 0 16777345 131200 268443648 536969224 1048576 8388609 134222856 131328 2151678208 1048832 138416128 8454560 33685512 4096 132096 0 8388611 134218760 536870912 524288 2449604608 4194448 2 2113536 32 5271552 134481152 17039618 75497472 1073882112 268435968 131072 15732752 16777248 538968064 67115008 8192 896 1088 8392704 1073745152 524292
is_linear=0
shrinkage=0.08


Tree=12
num_leaves=58
num_cat=21
split_feature=17 15 0 6 6 15 15 1 2 15 1 1 21 2 15 2 15 15 21 2 2 2 1 12 3 12 12 15 1 16 2 2 1 6 1 2 4 1 6 2 6 2 18 15 15 15 4 18 1 15 15 6 17 21 20 6 15
split_gain=333.887 101.876 88.1582 75.742 107.869 82.1226 162.623 68.6745 63.8425 62.0722 63.5073 59.3548 59.299 53.5853 51.1539 51.1233 50.0205 59.7889 41.4236 41.3855 41.2979 41.2653 36.6269 35.3677 42.1741 52.1661 89.0471 59.0325 35.2603 34.6687 34.6192 32.1871 31.9613 31.9452 47.3812 33.6643 37.6846 31.2161 31.9585 45.201 47.3333 31.2048 42.6899 30.2764 33.8904 78.8436 62.9646 67.4838 29.9064 28.114 95.6735 59.083 34.7221 31.0184 32.7595 29.0106 28.1368
threshold=0.015960768796503547 2435.5000000000005 0 6.5000000000000009 1.5000000000000002 2517.5000000000005 2506.5000000000005 1 2 2771.5000000000005 3 4 0.025271463207900528 5 2753.5000000000005 6 2692.0000000000005 2562.5000000000005 0.01726106554269791 7 8 9 10 860.50000000000011 14.500000000000002 875.50000000000011 872.50000000000011 2598.5000000000005 11 0.20188260078430179 12 13 14 5.5000000000000009 15 16 22.500000000000004 17 4.5000000000000009 18 2.5000000000000004 19 0.32906861603260046 2657.5000000000005 3003.5000000000005 2990.5000000000005 17.500000000000004 0.19353781640529635 20 2365.5000000000005 2382.5000000000005 1.5000000000000002 0.024532739073038105 0.078798487782478346 0.24001001566648486 1.5000000000000002 2432.5000000000005
decision_type=2 2 9 2 2 2 2 9 9 2 9 9 2 9 2 9 2 2 2 9 9 9 9 2 2 2 2 2 9 2 9 9 9 2 9 9 2 9 2 9 2 9 2 2 2 2 2 2 9 2 2 2 2 2 2 2 2
left_child=11 2 7 4 5 6 -3 -2 -9 14 -11 31 -8 43 16 23 17 -5 19 -10 -13 28 -23 -6 -25 26 27 -26 -4 -14 -20 -1 -17 -22 41 36 -36 -32 39 -39 49 42 -35 -7 45 -45 47 -47 -21 53 51 -51 -53 -41 55 -55 -52
right_child=1 3 21 9 15 13 12 8 18 10 -12 20 29 -15 -16 32 -18 -19 30 48 33 22 -24 24 25 -27 -28 -29 -30 -31 37 -33 -34 34 35 -37 -38 38 -40 40 -42 -43 -44 44 -46 46 -48 -49 -50 50 56 52 -54 54 -56 -57 -58
leaf_value=-0.015722192769206049 -0.030301528487810678 -0.031550547978375428 -0.013704245765882346 -0.011087463578157456 0.00074782478963789729 -0.048330923609904576 0.16430168810299939 -0.029812880056443551 -0.048995920207857264 0.03736981315950523 -0.03374395301571765 0.02251533717576348 0.75509276131611691 -0.02634246804504612 0.15718610603055083 0.014419257913550157 -0.048448252381005016 0.11806565525545919 -0.0050653646993699996 -0.022882681374334912 -0.038063362249985584 0.019159042135384829 -0.011836523101439372 -0.0099734697845156161 0.81972214611242056 0.11498198623095336 1.291144044261606 -0.029487315029033501 0.031323471818045512 0.34815864230109284 0.0041235353271763652 0.064232447060544123 -0.039283167995330472 0.043502040390713023 0.0037594465965438513 -0.035899118737035454 0.2003166175302821 -0.015328175666030395 0.078468781827830222 0.060107663958812466 0.021465401613741327 -0.023099752538138025 0.72462636390630308 0.0640047887875278 0.0052420341374874299 0.37727844123187609 0.055372808895343927 1.2717081835709994 0.057100008167055141 -0.044603314247088466 0.0073340334313376498 0.75672448428228523 0.35622584464010937 0.21845639648899368 0.093655031483098727 0.65375824673431682 0.25802530811521585
leaf_weight=56.639033477753401 90.550015376880765 23.771724049933255 135.90327144507319 36.756077109836042 124.91208436246961 23.197605167515576 15.691589001566173 73.625447017140687 45.840438252314925 151.41432998143137 150.12991879694164 92.478252355009317 1.6138229016214589 154.68522499036044 30.419067167676985 77.620434459298849 30.079687193036079 61.0221734251827 68.134664601646364 39.810501612722874 1488.0996886203066 344.78435607720166 772.35121441632509 10.043544733896853 0.79269445966929186 8.9050609115511161 0.69601591024547804 1.5310742640867827 563.09220412373543 7.9344444992020726 76.8782654479146 62.265392179600894 811.452656946145 108.46675714664161 80.558454860933125 536.33130420744419 6.7634801352396599 66.555882438085973 406.21705916896462 120.12471329979599 116.45832012686878 67.289182001724839 0.58862837124615808 95.240345911122859 66.985817284323275 1.5660922853276127 1.747511116787791 0.82421498745679844 90.357281276024878 2.0401163604110488 16.320899566635493 1.7075596544891594 7.3902143100276589 2.7805790174752456 7.2625469528138638 1.5145815405994651 3.4720492484048
leaf_count=3644 3988 815 5707 1363 7106 926 176 3080 2351 5524 5670 5487 33 6559 280 4624 950 920 2484 1867 119924 12929 34972 591 27 446 39 81 19633 131 2799 3634 47653 5479 4317 34020 348 2600 11105 3839 5170 3627 19 2959 2972 83 83 41 4064 58 536 62 118 37 118 37 58
internal_value=-0.00231042 0.00974045 0.0187751 -0.00486188 -0.0139481 0.0217231 0.118607 0.0351509 0.0405377 0.0233798 0.00208464 -0.0261385 0.260015 0.00792842 0.0639497 -0.0274893 0.0417639 0.0695167 0.0455964 0.0105368 -0.0288328 0.00738655 -0.00218515 0.0161148 0.110812 0.212514 0.49966 0.261 0.0224991 0.41719 0.0529851 0.0278822 -0.0344864 -0.0309971 -0.0182402 -0.0283348 0.0170398 0.0571296 0.0624243 0.0453727 0.0583091 0.0180432 0.0432371 0.0354153 0.0492223 0.078866 0.420583 0.687108 0.0327508 0.08828 0.156913 0.344436 0.431659 0.072155 0.197313 0.372364 0.051348
internal_weight=7441.69 4942.21 3053.17 1889.03 1429.21 393.258 49.0116 1237.04 1146.49 459.821 301.544 2499.48 25.2399 344.247 158.277 1035.95 127.858 97.7783 1072.87 176.008 2380.58 1816.13 1117.14 146.88 21.9684 11.9248 3.01978 2.32377 698.995 9.54827 896.857 118.904 889.073 2288.1 799.998 623.653 87.3219 828.723 751.845 345.627 279.072 176.345 109.055 189.562 166.364 99.3782 4.13782 2.39031 130.168 162.613 30.9308 11.1379 9.09777 131.682 11.5577 4.29516 19.7929
internal_count=388163 207664 117612 90052 75345 14778 1155 44371 40383 14707 11194 180499 340 13623 3513 60567 3233 2283 37303 8282 173221 73241 47901 8290 1184 593 147 108 25340 164 29021 7278 52277 167734 47810 38685 4665 26537 23738 12633 10033 9125 5498 7064 6138 3166 207 124 5931 4863 832 238 180 4031 192 74 594
cat_boundaries=0 1 12 23 34 44 55 66 77 89 101 112 124 136 147 159 170 181 193 204 216 228
cat_threshold=1801 16777344 20971524 65536 278530 2147485696 571080776 146801680 4 49 1073745024 4195328 65536 3154052 262144 16384 1073741992 131168 3221225472 256 2097168 3221233696 402751553 9453568 16778240 150995200 131072 268443648 131072 9437248 9443328 136318984 1612056128 1 2097152 1141899264 268470400 538329090 12288 16704 2160067600 2164260868 67108864 33556488 269484032 25169920 16777216 33554432 0 132096 9961536 2156920833 136320008 64 273154305 2158034948 1073743872 134217728 539230212 67108992 536887592 75497472 8388608 17 1049098 8520708 256 20971520 4128 33685504 0 1073741824 35127296 17341000 1140854792 571605248 4194816 65537 4098 16777218 2181169152 8192 1073905664 4457552 2432696608 279969792 33693696 2048 64 268569600 4329472 16777216 1073905664 1024 131392 524352 16777376 1141112848 570556428 65536 8 268568576 16908800 25460736 147456 1879053312 0 64 34816 4098 35653408 4260096 25165824 90210306 134480000 8 2048 672137216 34079232 4096 8388609 1179976 524612 8 52428864 3221225472 8194 536871106 268435968 98304 268697648 32 4096 5260 2148139008 24 75497476 16777268 134217728 33554560 335544416 134217728 8388608 26480641 16 4195072 590081 0 2054 140771330 536872964 603981892 1610661928 67633408 4194304 1048576 134217984 25165824 8 16777216 18875392 4456448 2097160 32800 33792 35127808 10226178 142607360 1024 2151677952 2164277248 117440512 262400 545259782 0 1032 33686016 8947202 201326594 2050 268960768 41959424 3222274176 10486016 1048580 8448 1342178304 393216 608 606081024 2097224 8388608 16 524289 134221824 144805921 2147483653 2684358656 1744830464 512 17305610 8389664 33554432 4194304 9437188 16778244 134217856 2048 268435456 134283296 9961472 1050625 1207959576 1612448768 65792 8 256 5120 17039616 167772168 256 0 64 557059 134217736 571609088 16785920 16
is_linear=0
shrinkage=0.08


Tree=13
num_leaves=58
num_cat=20
split_feature=19 21 2 2 6 1 15 15 15 8 2 0 1 1 8 8 8 1 1 8 2 2 8 15 15 8 3 8 12 12 8 8 15 15 15 8 6 11 8 6 1 2 2 1 8 19 1 8 2 1 15 21 1 8 2 8 21
split_gain=288.895 90.4772 72.1618 70.7344 50.5536 66.5601 49.8766 53.9576 442.77 52.9065 49.0837 58.8139 51.7968 47.0838 40.6502 114.304 46.068 43.286 43.143 38.3005 48.2435 38.1494 36.67 34.1299 38.7337 38.713 32.818 31.7486 44.6751 35.1621 30.7714 110.078 30.4643 62.9043 39.8338 52.6366 43.3549 50.2576 31.9321 30.1398 51.4043 41.3988 36.8068 33.1904 29.9408 33.8687 29.3948 28.9768 28.749 28.566 28.4477 33.3053 28.0774 28.0511 57.4279 54.9712 28.0881
threshold=0.015589538495987655 0.028292415663599971 0 1 5.5000000000000009 2 2990.5000000000005 2813.5000000000005 2821.5000000000005 9.5000000000000018 3 4 5 6 26.500000000000004 29.500000000000004 12.500000000000002 7 8 7.5000000000000009 9 10 5.5000000000000009 3003.5000000000005 3212.5000000000005 2.5000000000000004 15.500000000000002 8.5000000000000018 283.50000000000006 280.50000000000006 29.500000000000004 24.500000000000004 997.50000000000011 2372.5000000000005 2365.5000000000005 7.5000000000000009 5.5000000000000009 5.4888262748718271 11.500000000000002 4.5000000000000009 11 12 13 14 7.5000000000000009 0.013072072993963959 15 5.5000000000000009 16 17 2962.0000000000005 0.035292306914925582 18 24.500000000000004 19 29.500000000000004 0.024751422926783565
decision_type=2 2 9 9 2 9 2 2 2 2 9 9 9 9 2 2 2 9 9 2 9 9 2 2 2 2 2 2 2 2 2 2 2 2 2 2 2 2 2 2 9 9 9 9 2 2 9 2 9 9 2 2 9 2 9 2 2
left_child=2 3 46 13 53 6 7 44 -9 -10 -3 12 -12 -2 16 -16 18 -18 22 20 47 -20 -5 30 25 -25 49 28 29 -24 31 39 38 34 -34 -36 37 -37 52 40 -14 -42 -41 -44 45 -6 -1 -7 -21 -15 -45 -52 -13 56 55 -55 -4
right_child=1 10 4 14 5 19 -8 8 9 -11 11 32 23 26 15 -17 17 -19 21 48 -22 -23 27 24 -26 -27 -28 -29 -30 -31 -32 -33 33 -35 35 36 -38 -39 -40 42 41 -43 43 50 -46 -47 -48 -49 -50 -51 51 -53 -54 54 -56 -57 -58
leaf_value=-0.032323501374236077 -0.033460018773809712 -0.027073475995814122 -0.046216711664113952 -0.010192344889583553 0.20085910671311805 0.01149709504211645 -0.01225701974322968 2.0060596422244026 -0.081705347813478504 0.27805024948256618 -0.026591761840355305 0.027397853143812927 -0.017681364929610505 0.046919857086885938 0.076371702485827267 -0.042667692254947182 0.021480648710369758 -0.049811530870329593 0.02381887563911524 0.02818553885724201 -0.02962105370502275 -0.02111290714813813 0.12070055399154499 0.18639710555515837 0.44793415142557946 -0.072661860577502527 0.049452396739879452 -0.0035601068413632047 0.032442529255327521 0.44744928857665317 -0.0040442422500419784 0.14811346330492439 0.041339265167378202 -0.0028820408938405903 -0.082026533787116537 0.2585900255671138 -0.082507764796761071 0.7634948113372988 -0.037535435012154096 -0.010409569259385115 -0.023977883435562921 0.062486471543837643 -0.0026029452658691242 0.079046849501996072 -0.0065263606827185537 0.042706624039325403 0.030144793262679694 0.096969515551134811 -0.050660213561979611 0.0033011404174450678 0.75454237275047198 0.13015254261766734 -0.023568610021155526 0.10559998197851149 -0.039780313877339907 -0.042663589602356188 -0.0073537284613115093
leaf_weight=54.86412453558296 93.281840456649661 121.12199102714658 1133.3221074212343 137.75286045856774 13.734445838257669 100.25620474200696 70.43981724884361 0.83939313422888417 5.1767163900658471 5.2832928830757737 69.191919250413775 183.31255335733294 116.24871539510787 117.41697094030678 116.57001082319766 92.656406040303409 63.826429229229689 310.94833609182388 134.1715820627287 30.211921871639788 194.47383647598326 830.94048859737813 36.804659363813698 4.156841770745813 1.0522943343967188 32.785035017877817 240.76574479416013 55.198130624368787 69.36095610819757 2.2330256216227999 67.853111244738102 69.654669406823814 322.00813121441752 330.35967861488461 3.0701867612078768 4.4589704591780901 1.4591571334749458 1.7598939044401047 136.18373399227858 48.481551709584892 41.94737880397588 189.89861975144595 44.922258627600968 272.21630409918725 29.790762488730252 23.481039525009692 199.18273287825286 33.988840934820473 286.9884712761268 415.15416441950947 0.85757338162511532 1.5028422968462107 99.347642542794347 44.345230774022639 130.61684313695878 25.039339423179626 132.99121750053018
leaf_count=3347 4177 4827 97497 6596 574 5350 3656 36 268 229 2504 5570 4722 4968 3474 5757 3758 18861 6560 1866 11158 45164 1255 148 37 1423 9635 3266 1954 53 2016 1392 9595 13265 137 62 48 39 4840 1383 1753 7004 1360 7222 1714 822 10972 858 20733 18402 42 59 3339 1601 9149 2153 9138
internal_value=-0.00230915 0.0090405 -0.0243355 -0.000679593 -0.0288041 -0.012682 0.0342815 0.0805215 0.24221 0.100038 0.0212457 0.0241252 0.0385551 0.0180611 -0.00950259 0.023655 -0.0137875 -0.0384259 -0.00649635 -0.0236615 -0.00489141 -0.0146861 0.0195703 0.0438498 -0.0298456 -0.0434966 0.0246236 0.0458272 0.0709752 0.13943 0.0476439 0.0521075 0.0110759 0.0218469 0.0463975 0.197876 0.309785 0.401825 -0.00571248 0.0427681 0.0258927 0.0464979 0.0587312 0.0674378 0.0532444 0.101087 0.0159406 0.030842 -0.0438588 0.0138611 0.0785856 0.357788 0.00961988 -0.0377379 -0.00989532 0.0455334 -0.0421353
internal_weight=7395.96 4880.93 2515.03 2717.08 2260.98 794.665 148.745 78.3057 11.2994 10.46 2163.85 2042.73 960.769 866.619 1850.46 209.226 1641.24 374.775 1266.46 645.919 328.719 965.112 301.35 891.577 37.9942 36.9419 773.337 163.597 108.399 39.0377 853.583 785.73 1081.96 663.116 332.756 10.7482 7.67802 6.21886 418.844 716.075 348.095 231.846 367.981 319.499 67.0062 37.2155 254.047 134.245 317.2 532.571 274.577 2.36042 282.66 1466.31 200.001 69.3846 1266.31
internal_count=387788 206667 181121 133880 166802 47264 7299 3643 533 497 72787 67960 31065 37182 96698 9231 87467 22619 64848 39965 17366 51724 13124 28561 1608 1571 33005 6528 3262 1308 26953 24937 36895 23146 9881 286 149 101 13749 23545 13479 8757 10066 8683 3110 1396 14319 6208 22599 23370 7323 101 8909 119538 12903 3754 106635
cat_boundaries=0 12 23 35 47 48 60 71 83 95 106 117 128 138 149 160 171 182 193 204 215
cat_threshold=2148073472 134222002 16785682 8388608 135168 135168 8389696 33032 70254592 131072 16777728 16 8912896 4096 285213185 2818736128 0 147456 42074208 25165858 136314880 772 66824 0 83887104 272892288 537133064 32 98368 33554432 17311748 135267330 2229760 320 8 64 1075970052 4608 3145728 8396800 1343275072 786468 526848 1052688 134217728 276824065 8 1930 151060736 3290431488 69696 134217732 536872960 579895360 528 160 1073741856 2097280 1024 8 151011392 4194304 134251008 2050 1024 671088672 33686528 2151686816 150995968 35651592 2147549184 2768896 1073741824 134222080 128 2684356608 17664 8388864 12845062 68157440 1107559426 1028 8 2415919104 4198404 32 16924804 536870976 8572960 80 1572928 2229256 8 272629760 16 84934656 50332672 272896000 2244608 4 66568 131072 4587520 1168 538184194 260 2147485696 134349824 4194336 1075841030 2147498048 33554432 262656 1052672 1074795648 524296 655364 12059648 1024 2097153 33554560 128 264 2182086688 25170441 134218752 536871944 268435520 8388608 67108866 142934401 0 872421376 134217736 2182087168 16777218 1056 1074790656 16794624 17830912 32 134217728 2415922560 1288 301989888 32896 0 805700680 16843008 2244608 135266304 8397057 0 2415927296 1288 2181562368 2147485696 2103296 328 21496064 67125280 37749764 288 0 268435456 1024 2148007936 2169116674 9438209 134742528 268435713 1048576 4194308 1 570425604 0 0 131072 264192 134217730 537403392 268435456 8388608 1024 276824321 4 14336 131136 67633156 16781314 0 537919744 4 268435456 4199424 289 33947656 536870912 537067520 1048640 512 1207959560 1179648 590144 1048576 16780288 0 33554432 0 4260896 1572864 8394752 129 262208 524352
is_linear=0
shrinkage=0.08


Tree=14
num_leaves=58
num_cat=10
split_feature=19 21 8 8 8 6 8 1 6 6 1 1 4 8 17 1 1 1 8 8 9 3 13 12 1 8 1 8 1 8 8 8 15 8 8 8 21 14 15 19 12 15 15 15 15 6 8 1 15 9 11 21 15 15 6 14 15
split_gain=259.167 78.5569 49.8761 98.4212 128.546 72.7726 54.8618 52.1977 46.8061 93.8148 50.3412 46.2905 46.0466 41.7734 101.339 41.1868 39.4296 38.5293 38.5279 82.7425 50.9113 50.5109 39.1145 63.1972 38.1769 37.2565 57.1583 54.2254 56.3051 41.7078 39.0361 51.1774 53.2257 115.357 36.415 55.2534 35.8677 35.3411 34.4704 34.0531 33.8268 32.1625 45.0603 32.0894 47.4909 56.2012 45.7996 34.9169 32.0257 37.1719 51.7747 36.4531 30.7577 30.089 31.7501 29.3091 27.6545
threshold=0.015589538495987655 0.024751422926783565 7.5000000000000009 24.500000000000004 29.500000000000004 5.5000000000000009 5.5000000000000009 0 5.5000000000000009 1.5000000000000002 1 2 19.500000000000004 22.500000000000004 0.047057246789336211 3 4 5 1.0000000180025095e-35 2.5000000000000004 867.50000000000011 9.5000000000000018 31.500000000000004 138.50000000000003 6 7.5000000000000009 7 5.5000000000000009 8 9.5000000000000018 3.5000000000000004 1.5000000000000002 4058.0000000000005 2.5000000000000004 28.500000000000004 26.500000000000004 0.01778264902532101 73.500000000000014 3981.5000000000005 0.024422565475106243 900.50000000000011 3584.5000000000005 2306.5000000000005 2517.5000000000005 2506.5000000000005 1.5000000000000002 13.500000000000002 9 781.50000000000011 1333.0000000000002 6.793325901031495 0.013179930858314039 2562.5000000000005 2372.5000000000005 6.5000000000000009 38.500000000000007 2821.5000000000005
decision_type=2 2 2 2 2 2 2 9 2 2 9 9 2 2 2 9 9 9 2 2 2 2 2 2 9 2 9 2 9 2 2 2 2 2 2 2 2 2 2 2 2 2 2 2 2 2 2 9 2 2 2 2 2 2 2 2 2
left_child=2 8 5 -4 7 11 16 -5 9 15 13 36 24 -11 -15 -2 56 -14 -17 20 21 22 23 -20 -3 27 29 28 -10 -27 31 -30 -33 -34 35 -31 -1 -19 41 -39 55 42 48 44 -26 46 -46 -45 -8 -50 51 -51 -44 54 -32 -29 -7
right_child=1 12 3 4 -6 6 38 -9 25 10 -12 -13 17 14 -16 18 -18 37 19 -21 -22 -23 -24 -25 43 26 -28 40 30 34 53 32 33 -35 -36 -37 -38 39 -40 -41 -42 -43 52 47 45 -47 -48 -49 49 50 -52 -53 -54 -55 -56 -57 -58
leaf_value=-0.00080810556426894346 -0.044343926195086425 -0.02947505812659312 -0.048009506728014018 -0.011340963148263909 -0.059334550629140427 0.074861877168502469 -0.0094658717465071363 0.072483893503550306 -0.032283162056988259 0.017098690295596613 -0.031540217428449202 -0.034672985489250976 -0.01035541516160754 0.13417147382945932 1.270614212100309 -0.054982731308293398 -0.020837138493298015 0.04031480498204669 0.46173494304527674 0.02911136268293919 -0.0010929453021853283 0.25631532751650438 0.27062735051322095 1.6588579663865719 0.018636209008996096 -0.06548351897582412 -0.031870394086067955 0.098433984333416491 -0.037789944479830695 0.045792590351694973 0.071438212372825105 0.076386423665536607 0.98665260869849447 -0.082222556228453703 -0.041517709356907087 0.22404116865346077 0.11968093634672605 0.32584736600487829 -0.036778777553743008 0.071672470213718698 -0.077892096803057503 0.16915224510617813 -0.084216387184399319 0.019568924265360332 0.3836818095674287 -0.039384011203271431 -0.018734284591427033 -0.023805952316250815 0.10241477628119496 1.0974857337361734 0.2157444266250344 0.2873948165887098 0.057409663300834607 -0.063047146109953892 -0.082959521026067018 0.015692456020610777 -0.0074843057024095716
leaf_weight=59.834026964381337 51.141532775014639 130.42714344616979 943.42118295934051 76.754600710235536 128.96869679260999 59.859960579313338 8.639833805151282 122.13583164382726 128.32981168013066 59.289324861951172 871.03408646583557 647.79784512147307 104.63325214479119 8.897262511774894 0.52881237678229887 32.963595098815858 239.71281099598855 567.97842772677541 0.58569630142301121 345.01839039009064 2.9689598558470607 4.4594309125095606 0.66784136090427626 0.54808493889868259 1360.0011830553412 25.27348471339792 232.92351747117937 102.19245419092476 27.088423303328454 106.99347259663045 34.992886340245605 105.51522283721715 1.2688011657446614 1.3121384456753731 25.183184886351228 12.418969366699455 21.487991665489972 5.4060855852439991 19.273942975327373 8.9696135306730849 9.7449411954730731 20.55021794885397 16.692864223383367 208.55472526885569 7.0341970100998861 5.6046968130394808 2.4363437360152602 251.04185250587761 17.390646553598348 0.81078852340578833 6.7541140830144286 0.63680899515748024 23.805141024291515 36.863968088291585 11.265443767420946 37.437645211815834 46.278497237712145
leaf_count=5096 2361 5182 77533 3949 10936 3038 332 5538 4913 4063 60029 54571 3779 536 19 1746 13483 17575 28 13045 147 190 18 26 44642 1629 11943 1352 1142 4130 1071 3282 46 47 1077 186 1501 195 863 220 236 255 618 8500 54 251 61 10735 422 40 88 16 485 1321 368 504 2327
internal_value=-0.00266714 0.00791864 -0.0238704 -0.0348874 0.00287177 -0.0120962 0.0128047 0.0432092 -0.0029813 -0.0122445 -0.0265002 -0.0278199 0.0172766 0.0366424 0.198377 0.0183172 -0.00308878 0.035105 0.0270405 0.0354367 0.271776 0.401097 0.758268 1.04378 0.0110438 0.0112216 -0.00685281 0.025899 0.00853491 0.0276968 0.0325188 0.0605346 0.0851747 0.443869 0.0459002 0.0643366 0.0276349 0.0427173 0.0607875 0.167313 0.0661927 0.0805245 0.0561457 0.0140087 0.0202017 0.161397 0.28019 -0.00421559 0.123708 0.168662 0.309027 0.742682 -0.000969393 -0.00913287 0.0338338 0.0762503 0.0356039
internal_weight=7389.8 4928.99 2460.81 1271.28 327.859 1189.53 460.406 198.89 2276.91 1378.1 939.749 729.12 2652.09 68.7154 9.42607 438.354 345.851 686.987 387.212 354.248 9.23001 6.26105 1.80162 1.13378 1965.1 898.804 402.793 496.012 346.637 169.869 218.307 135.185 108.096 2.58094 144.596 119.412 81.322 582.354 114.554 14.3757 149.375 95.2804 74.7302 1834.67 1375.08 15.0752 9.47054 459.597 34.2322 25.5924 8.20171 1.4476 40.498 83.1223 46.2583 139.63 106.138
internal_count=387740 206649 181091 97956 20423 83135 21967 9487 115455 82208 64647 61168 91194 4618 555 17561 18848 21769 15200 13454 409 262 72 54 69425 33247 18965 14282 12190 7022 7277 4517 3375 93 5393 4316 6597 17990 3119 415 2092 2256 2001 64243 45008 366 115 19235 898 566 144 56 1103 2760 1439 1856 5365
cat_boundaries=0 11 22 33 44 56 67 78 89 100 111
cat_threshold=8404992 46140420 4194304 2099200 335546368 671154184 128 4329472 1040 135266306 8388613 2097152 12583426 33024 671088648 2684355592 8 1074528256 4330504 1074794512 512 25165824 1130496 29364224 268468224 35913984 1342177280 1024 131072 33281 1136656392 134225928 8454148 131072 12582912 258 1048588 67117056 541081632 33554688 1316864 1209012224 1074003968 16777732 1048576 3072 4194304 33556480 32 65536 35127296 4719106 17826825 3411458 5 8 546308096 16781312 134217987 4 0 135333120 301990400 4096 0 131328 524608 134217728 1275102208 134221824 2147745796 2147483648 301990912 33562624 32 3145728 1275330956 4195328 1589248 1048576 150999168 537919616 12288 1312 16 13633539 1207963656 1310720 289406976 10633216 16781312 150995073 131072 536879104 671154176 35127360 16783875 134218760 1048640 256 1064964 20971524 2359553 133120 536870912 196648 80740416 2148012033 134217729 1024 65796
is_linear=0
shrinkage=0.08


Tree=15
num_leaves=58
num_cat=3
split_feature=21 15 0 8 8 6 6 8 6 8 8 15 15 8 6 8 15 15 15 8 8 8 8 0 14 12 8 8 15 15 6 15 14 15 5 9 15 8 0 18 14 15 15 15 8 15 15 15 6 6 19 8 15 16 15 6 10
split_gain=246.992 68.1607 57.0287 82.4051 56.973 51.7008 113.827 51.3567 50.371 53.0069 64.0047 49.9892 128.796 76.988 49.7368 49.3435 47.2325 44.4232 134.96 60.5101 40.5718 40.2883 39.8363 37.4544 36.8156 34.2928 34.2108 32.5436 54.7829 92.4338 65.9973 62.5326 83.5842 49.0055 47.0468 43.0162 33.4436 32.5198 40.4883 55.2135 32.4507 32.3621 65.9552 63.824 53.0581 99.0723 59.2897 173.786 67.4424 99.0154 53.8765 42.8102 109.631 87.9229 56.0521 42.2129 40.2867
threshold=0.015780257992446426 2435.5000000000005 0 17.500000000000004 8.5000000000000018 1.5000000000000002 4.5000000000000009 29.500000000000004 5.5000000000000009 7.5000000000000009 5.5000000000000009 2517.5000000000005 2506.5000000000005 13.500000000000002 1.5000000000000002 5.5000000000000009 692.50000000000011 2797.0000000000005 2902.0000000000005 29.500000000000004 9.5000000000000018 7.5000000000000009 26.500000000000004 1 28.500000000000004 397.50000000000006 24.500000000000004 2.5000000000000004 1008.0000000000001 1062.5000000000002 6.5000000000000009 1031.5000000000002 48.500000000000007 919.50000000000011 685.50000000000011 175.50000000000003 2181.0000000000005 5.5000000000000009 2 0.28426177799701696 36.500000000000007 633.50000000000011 2198.5000000000005 2246.5000000000005 2.5000000000000004 2396.5000000000005 2372.5000000000005 2365.5000000000005 1.5000000000000002 5.5000000000000009 0.057891147211194045 1.0000000180025095e-35 2232.5000000000005 0.1980923265218735 2232.5000000000005 5.5000000000000009 94.500000000000014
decision_type=2 2 9 2 2 2 2 2 2 2 2 2 2 2 2 2 2 2 2 2 2 2 2 9 2 2 2 2 2 2 2 2 2 2 2 2 2 2 9 2 2 2 2 2 2 2 2 2 2 2 2 2 2 2 2 2 2
left_child=8 2 3 41 15 11 -7 16 14 10 -10 12 -3 -14 -1 27 26 -13 19 40 -11 37 -6 -22 25 -17 -5 28 35 30 31 32 -30 -29 -32 -4 -31 38 39 -8 -19 -2 -43 51 45 50 47 -46 -49 -50 -45 52 53 -44 -53 -56 -55
right_child=1 5 4 7 22 6 21 -9 9 20 -12 17 13 -15 -16 24 -18 18 -20 -21 23 -23 -24 -25 -26 -27 -28 33 29 36 34 -33 -34 -35 -36 -37 -38 -39 -40 -41 -42 42 43 44 46 -47 -48 48 49 -51 -52 54 -54 56 55 -57 -58
leaf_value=-0.0079779498636854736 0.042027300215016238 -0.040745955918274686 0.14813402936015224 -0.0077486148138980341 -0.022223732789302706 -0.04027773793312777 0.029218800515279881 0.0048203413436847791 -0.0077017433877038322 -0.077360402743840137 0.055637828670088395 -0.022897364251529866 0.28470132917230129 -0.053851687332967482 -0.039564376621057822 0.071927950818509598 0.12348077357809897 0.30430567552594595 0.0045282588508158573 -0.03380295803059185 0.031198799432380842 -0.011361292561940245 0.019448901109315294 -0.029298226350055741 -0.0054569504735340543 0.014324800715127433 0.09967559683622744 0.014381972076580447 -0.039005884489943674 -0.056291758522093421 0.05719395186057126 0.24537729323724086 0.79591793625248131 -0.04954638986580151 0.668572373162026 -0.0092971605110812733 0.085327621892153524 0.054828503880823797 -0.02562524806578827 0.39924193023121662 0.11514498418430019 -0.017184661598922971 1.4850190281725262 -0.026192926492127705 -0.0060848134952246596 0.17132576544201672 -0.04308190267557141 -0.031578979375832844 0.36934620146182423 -0.082288101121942486 0.34970412255994809 0.0049695402446016 -0.045779763843648846 0.8300392635418169 0.025525356627420115 0.18851521407002825 -0.081011419646183788
leaf_weight=434.96154301334172 274.45055379159749 23.396739427000284 11.861110611818729 41.154038696549833 543.47270807996392 540.01806695200503 162.33816141821444 59.283710620366037 382.31083049066365 86.905978110618889 139.30510756000876 143.25363152753562 21.298516724258665 5.3844120018184176 1197.2414949713275 207.002351667732 111.2908376250416 17.009554133750502 148.67054667882621 6.4712197780609122 76.409661535173655 402.08402795530856 201.14330710563809 286.39668780099601 87.137209481559694 97.205911379307508 35.198056593537331 173.03104403614998 12.571819551289082 25.011329910717905 1.1383252777159207 16.271850946359336 0.81373306177556592 137.90231867134571 2.7577920220792294 174.14735793694854 18.609286754392087 144.23338496685028 122.87342347763479 2.6190836597234002 8.8192600989714247 328.66585534438491 0.71097045671194692 44.072826339863241 133.15656652208418 35.952232971787453 123.00064866896719 5.4047020003199604 16.805962157435719 3.8097563255578271 2.5797978267073622 36.973121181130409 2.1962670339271426 0.61010030005127169 14.911452743224798 31.984487363137305 0.62798055447638035
leaf_count=28116 8203 895 490 1322 26765 36388 7634 1851 19284 7034 3283 5738 159 164 103720 5385 3328 295 6901 208 4020 21425 6876 18780 2893 3447 758 7260 388 1332 32 511 24 5694 56 7431 984 2411 5199 53 162 12998 33 2053 6089 1083 5583 202 309 148 64 1380 102 24 847 518 38
internal_value=-0.00275075 0.00808259 0.0153742 0.02791 0.00562756 -0.00448218 -0.0116618 0.0697295 -0.0225629 -0.00813834 0.00921427 0.021876 0.0962619 0.216386 -0.031147 0.0184842 0.0902364 0.0103854 0.0367315 0.18494 -0.0282653 0.0068639 -0.0109667 -0.0165045 0.0403898 0.053522 0.0417759 0.00355213 0.0242547 0.080918 0.180737 0.140035 0.0119465 -0.0139712 0.490159 0.000744289 0.00412745 0.0238244 0.00828768 0.0330959 0.239741 0.0183946 0.0100946 0.0298955 0.0151417 0.0715309 -0.00136637 0.0308687 0.219949 0.285885 -0.00538176 0.0910404 0.341901 0.778051 0.0786275 0.136695 0.369015
internal_weight=7364.92 4761.39 3012.92 1302.84 1710.08 1748.47 1374.17 246.927 2603.53 971.328 521.616 374.304 50.0797 26.6829 1632.2 965.461 187.643 324.224 180.971 32.3 449.712 834.148 744.616 362.806 391.345 304.208 76.3521 574.116 263.183 77.1741 33.5535 29.6574 13.3856 310.933 3.89612 186.008 43.6206 432.064 287.831 164.957 25.8288 1055.91 781.463 452.797 364.782 82.6049 282.178 159.177 26.0204 20.6157 46.6526 88.0144 4.14532 1.94905 83.8691 46.8959 1.23808
internal_count=388370 204133 116501 46933 69568 87632 73110 7259 184237 52401 22567 14522 1218 323 131836 35927 5408 13304 7566 665 29834 36722 33641 22800 11725 8832 2080 24202 11248 3327 1011 923 412 12954 88 7921 2316 15297 12886 7687 457 39674 31471 18473 15531 3200 12331 6748 659 457 2117 2942 197 95 2745 1365 62
cat_boundaries=0 1 2 3
cat_threshold=1801 8728 5128
is_linear=0
shrinkage=0.08


Tree=16
num_leaves=58
num_cat=20
split_feature=19 15 8 8 2 1 2 8 1 1 15 6 2 2 1 2 1 2 6 2 13 8 8 1 2 8 2 8 17 10 1 18 8 6 0 8 17 6 2 6 15 4 17 10 0 5 6 15 12 17 20 9 15 15 1 15 15
split_gain=189.472 66.825 73.0546 128.725 60.0317 60.6673 49.1695 51.8978 50.77 46.6632 62.9816 122.461 44.7781 44.198 49.6643 40.4507 40.8725 37.7063 36.3436 39.2033 31.3864 30.169 29.7441 40.8853 32.6439 32.6273 46.7967 34.5526 30.9685 29.9181 29.5944 29.3297 27.7892 88.7247 105.354 67.3304 78.2138 62.9673 61.7285 56.2522 53.1593 57.0998 38.2338 61.2204 34.9315 31.8635 31.5319 31.4421 42.9527 33.4887 43.7916 53.5287 34.1994 30.7353 30.719 28.9245 27.5923
threshold=0.014408577233552934 2579.5000000000005 26.500000000000004 29.500000000000004 0 1 2 8.5000000000000018 3 4 2575.5000000000005 6.5000000000000009 5 6 7 8 9 10 4.5000000000000009 11 72.500000000000014 11.500000000000002 1.5000000000000002 12 13 24.500000000000004 14 29.500000000000004 0.014675754122436048 120.50000000000001 15 0.14844848960638049 6.5000000000000009 2.5000000000000004 16 7.5000000000000009 0.024857041426002983 4.5000000000000009 17 1.5000000000000002 605.50000000000011 11.500000000000002 0.018461674451828006 190.50000000000003 18 995.50000000000011 1.5000000000000002 1036.5000000000002 283.50000000000006 0.014957092236727478 0.2571112215518952 1136.5000000000002 2281.5000000000005 2506.5000000000005 19 432.50000000000006 2821.5000000000005
decision_type=2 2 2 2 9 9 9 2 9 9 2 2 9 9 9 9 9 9 2 9 2 2 2 9 9 2 9 2 2 2 9 2 2 2 9 2 2 2 9 2 2 2 2 2 9 2 2 2 2 2 2 2 2 2 9 2 2
left_child=13 6 4 56 -3 21 8 15 -2 10 12 -12 31 -1 -15 -8 -17 -11 22 -20 -10 -6 23 24 28 -24 27 -27 29 -16 -21 -9 37 34 -34 46 39 38 44 -37 -41 -42 43 -43 -18 54 47 48 -36 50 51 -49 -51 -54 55 -39 -4
right_child=1 2 3 -5 5 -7 7 9 20 17 11 -13 -14 14 18 16 32 -19 19 30 -22 -23 25 -25 -26 26 -28 -29 -30 -31 -32 -33 33 -35 35 36 -38 45 -40 40 41 42 -44 -45 -46 -47 -48 49 -50 52 -52 -53 53 -55 -56 -57 -58
leaf_value=0.013457398629879033 -0.021648972332614862 0.017560361132200414 0.12734992791227856 -0.040909193846509199 0.039726310650980735 -0.032560657591052977 -0.028499184695535595 0.44284641340086545 0.025589998195938525 0.028609728452931988 -0.081359889478220829 1.079729105498761 -0.014283582933230305 0.040019979841778353 0.206050376572292 -0.039723100990454382 0.10605869600033066 -0.03176192533737706 0.01616398425579401 0.01073358795835669 0.11728437809464567 -0.039033055086045473 -0.051626417500808763 -0.038218364614144219 -0.019756643177015892 0.093182805993073464 -0.04753710543253746 -0.033016106844169939 0.4616557760659149 0.011677254317161519 -0.031956613480688144 0.046355826223811132 -0.024219405663994657 -0.031305244703361414 0.17625054339239593 -0.081758152068273193 0.16526642424626647 0.21100985529354557 -0.03206109913676037 -0.08092627625948047 1.2025577570352948 0.41581041527522 0.35548500750218792 1.8293347232837991 -0.0184961027731654 0.061962835408290014 -0.061443724658333067 0.14381378342672643 0.014056753755684978 0.24064504085847319 -0.0083207037269019297 1.067537216886725 -0.085321421017557506 0.13794916182647335 -0.0070244331608301193 0.039628396061002776 0.054146826172269402
leaf_weight=197.85934323538095 147.22799761779606 274.87245133984834 51.127212578430772 92.226024073548615 127.29627180751413 875.48104485031217 117.02489261701703 1.2024269318208087 1399.0924540301785 70.053459266200662 1.32951502688229 1.0289770551025867 180.76045529637486 63.500606592744589 12.245466181077068 61.465105302631855 30.642184371128678 511.7784656425938 177.38284226879478 123.32889812625945 24.302971784956753 41.19822499062866 707.27993743587285 68.509243234992027 22.827527821995318 38.463536073453724 75.32874174695462 21.725830676965415 1.9136088900268067 8.6456796992570144 646.58157709799707 121.62720886338502 49.863904789090157 64.934134022332728 15.134153909049926 0.89150433335453527 21.392080441117287 6.6385109629482022 222.12957220990211 0.61735704448074091 1.116743088699877 0.47941174637526307 2.1754910787567496 0.33163414243608713 24.383046854287386 171.77342192362994 7.8989235339686266 0.68569213431328468 33.744244326837361 13.223238373175262 0.89508090261369933 0.96944805327802896 5.5464822966605452 13.654311378486453 152.14966513030231 123.42388578038663 92.72947367746383
leaf_count=11518 5858 13310 1163 5696 5222 50936 5504 53 47312 2901 80 35 7511 4397 1118 2917 1529 25186 10849 8465 804 2274 66704 6099 2027 1464 5490 2127 167 852 47407 5034 1875 3507 233 40 458 155 11753 39 51 29 77 26 1329 4396 430 29 518 119 30 42 125 133 5051 3643 2568
internal_value=-0.00259614 0.00574364 -0.00811665 0.0328679 -0.0154532 -0.0240831 0.0117276 0.00342403 0.0223011 -0.0110708 0.0140968 0.426061 0.0113558 -0.0224541 -0.0260013 0.0147105 0.0197238 -0.0241324 -0.0284006 -0.0174414 0.0269664 0.0193219 -0.0395459 -0.00122038 0.0514296 -0.0447364 -0.00877645 0.0408453 0.106984 0.125626 -0.0250683 0.0464669 0.0238802 0.0481513 0.0787494 0.114391 0.235053 0.0164535 -0.0135938 0.500792 0.610787 0.714839 0.531268 0.999202 0.0565106 0.0347971 0.0913375 0.105731 0.0642857 0.163642 0.442613 0.685974 0.141654 0.0734498 0.0182617 0.0449272 0.080166
internal_weight=7322.11 5156.52 1554.93 236.083 1318.85 1043.98 3601.59 2030.96 1570.62 887.781 305.949 2.35849 303.59 2165.59 1967.73 1143.18 1026.16 581.832 1904.23 947.293 1423.4 168.494 956.94 114.142 45.6323 842.798 135.518 60.1894 22.8048 20.8911 769.91 122.83 964.694 233.554 168.62 118.756 27.0042 731.14 277.155 5.61214 4.72064 4.10328 2.98654 0.811046 55.0252 453.985 91.7516 83.8527 48.8784 34.9743 2.55022 1.65514 32.424 19.2008 282.212 130.062 143.857
internal_count=388665 219981 81169 9427 71742 58432 138812 84838 53974 40800 12713 115 12598 168684 157166 44038 38534 28087 152769 66721 48116 7496 86048 10263 4164 75785 9081 3591 2137 1970 55872 5087 35617 7761 4254 2379 720 27856 14611 262 222 183 132 55 2858 13245 1659 1229 751 478 101 71 377 258 8849 3798 3731
cat_boundaries=0 12 24 34 45 56 68 79 90 101 113 124 136 147 157 168 180 181 192 193 203
cat_threshold=268435460 8392704 8388610 539361284 128 151840 75497536 8519712 1073745929 1536 1280 8 10489860 74448896 2 133248 805308416 184360 4194880 262144 1025 12 268435456 8 9438464 16777216 297795713 134643712 2048 134283520 64 25166466 1075841024 536871236 151060736 1140851712 327744 134481922 2147483648 33587200 42598416 4194320 17826848 1073741960 67108864 539558912 1024 384 536870912 67108864 96 34603072 30019712 3149840 394048 16777216 131073 1212153856 134218018 33554505 0 541065280 1056768 786441 134217737 2359808 4194568 8 269025280 134217778 16402 2158100482 1073876992 1183744 1088 268566600 270532608 0 285213184 2147565569 16781440 268435458 540803072 0 33571136 33554944 2147516420 239075336 2228224 65600 131073 1107296256 303104 192 603979776 282067016 1086324992 1048576 3 136577056 2147549184 10486144 2130944 2 17826816 67111168 4199424 0 4751360 1073741824 1107427904 285212996 8 16924672 68157442 106496 128 67113728 1083184128 8913408 32800 134479872 335675392 21037056 2147483776 16777344 20976001 536870912 4 98304 46268928 17303555 1225785345 33554432 65536 64 0 41943040 256 33554432 67108868 671088640 1048832 4456450 17 1213202432 8912901 0 8390656 138412032 2048 335544324 671088640 384 4458752 1048593 1075052800 1048580 16782336 20971776 33554432 0 138413096 1572864 8656896 134217736 1073742400 524289 1048576 8388624 16781568 16644 32804 1073750016 524288 22553600 4098 263170 2151809028 8 1434 546820 8389120 32 1610612749 9472 570425344 2147745824 557056 48 33558536 517 1424 268959744 25165824 268435616 131080 0 537002016 64 2147489793 2098176 536870912
is_linear=0
shrinkage=0.08


Tree=17
num_leaves=58
num_cat=18
split_feature=17 5 6 2 1 1 6 6 1 15 15 1 2 2 15 15 2 2 2 1 15 1 1 15 15 15 12 12 12 21 17 15 15 2 19 1 17 19 1 6 1 14 17 5 15 11 14 2 14 14 11 9 19 5 14 13 15
split_gain=201.801 72.8164 66.2356 69.7049 71.9658 65.1355 59.1455 85.1646 57.6301 55.4033 58.7937 54.0901 50.6617 47.903 47.3908 56.2167 47.2982 45.836 42.8811 42.2408 38.4301 38.0293 37.5128 35.4418 34.2432 33.5814 33.0242 32.2108 83.6018 71.2623 31.4259 31.083 260.828 26.77 25.0479 25.0717 32.8473 23.585 23.4679 23.3894 22.7589 22.3391 30.4422 23.4009 22.2532 22.164 22.0064 21.3834 23.5524 20.9075 24.7647 39.9847 20.957 20.8555 22.4901 29.9949 20.6177
threshold=0.01403535855934024 965.50000000000011 4.5000000000000009 0 1 2 1.5000000000000002 5.5000000000000009 3 2424.5000000000005 2322.5000000000005 4 5 6 2372.5000000000005 2419.5000000000005 7 8 9 10 4015.5000000000005 11 12 2365.5000000000005 4168.5000000000009 3043.5000000000005 345.50000000000006 1017.5000000000001 1027.5000000000002 0.020668124780058864 0.032677277922630317 4220.0000000000009 4223.0000000000009 13 0.057333251461386688 14 0.015519459731876852 0.0067093032412230977 15 2.5000000000000004 16 7.5000000000000009 0.021237309090793136 1050.5000000000002 2322.5000000000005 7.6734957695007333 24.500000000000004 17 84.500000000000014 28.500000000000004 4.5656816959381112 425.50000000000006 0.02897477708756924 575.50000000000011 7.5000000000000009 21.500000000000004 2771.5000000000005
decision_type=2 2 2 9 9 9 2 2 9 2 2 9 9 9 2 2 9 9 9 9 2 9 9 2 2 2 2 2 2 2 2 2 2 9 2 9 2 2 9 2 9 2 2 2 2 2 2 9 2 2 2 2 2 2 2 2 2
left_child=18 6 3 40 -5 -4 8 9 -2 10 16 -9 -7 34 23 -16 -8 38 -1 -18 25 -20 47 -12 26 -14 -22 33 29 44 46 -26 -33 -6 35 36 -10 -23 -13 -31 -3 42 -28 -43 -29 -27 -25 48 -11 -48 51 -51 -52 54 55 -38 -40
right_child=1 2 5 4 27 12 7 11 13 22 14 17 20 -15 15 -17 19 -19 21 -21 24 37 -24 30 31 45 41 28 -30 39 -32 32 -34 -35 -36 -37 53 -39 56 -41 -42 43 -44 -45 -46 -47 49 -49 -50 50 52 -53 -54 -55 -56 -57 -58
leaf_value=0.032033313786964529 -0.032023949618197586 0.015710353357725085 -0.034384399883313412 -0.03037053570206338 0.0427477061953166 -0.02394753329133106 0.02824486289765293 -0.0224625942342482 0.26148812649935393 0.092582569881246732 0.042922405668767427 -0.0072030550564758291 0.045376052487114453 -0.0018932606495863683 -0.037378791314171489 0.18568861995529734 0.033571467777943211 -0.0013463603966452071 0.030921305063343937 -0.03021523333481186 0.13340670595822854 -0.04655731203016239 -0.045482449730351267 0.14674310146725655 -0.070643447632315212 -0.036484105754682791 1.0618352864699074 1.0219256136522383 0.021887845877740782 0.30467085386021475 0.021583400975035021 1.9748101117353722 -0.081305731511538581 0.0052144349189841175 0.1455997723974124 0.016749008499726204 0.47878727826468526 -0.023756094050073461 0.047920748129950022 -0.012696439220047403 -0.044915591778405976 0.6201917637308777 0.22826943503731811 0.17769197070444834 0.4891630206641015 0.45550546203029851 0.71486642395893163 -0.016130670436552794 0.70843237993677521 0.14530321522537842 0.14163694952684672 0.98865156844643598 0.54041353802320591 0.037012667251563124 0.077670085020605073 0.11562788201615996 0.00377535325112059
leaf_weight=78.904683971777558 107.04674244020134 48.467675975523889 79.800225719809532 154.99877640698105 271.3917799461633 73.412029967643321 131.47046681400388 266.90746972709894 5.3054869836196294 21.006305901333693 28.905184237286448 83.306341663002968 795.21064808685333 202.66653271205723 47.055344121530652 8.5397359784692508 68.231066345237195 463.14323667995632 66.534266700036824 579.1640335554257 11.486816859804099 364.2532562520355 499.13179774209857 9.5724523626267963 6.9794468227773887 39.944965612143278 0.62619580328464397 0.93577374983579131 19.138418878428638 4.2302147187292576 6.3460524966940275 0.46351438947021995 2.5534450812265277 235.24936176743358 16.071074115112424 166.62153764627874 2.1220683604478827 1430.775133676827 397.7740678479895 2.2896721074357629 193.87259950768203 1.0177085259929297 0.50981436390429735 3.0672475788742304 1.1049827951937912 0.59124534204602142 0.79519427847116997 38.927191679365933 0.40168312843888898 0.69923189375549533 4.8909885948523879 0.74077258445322514 1.0169434901326893 110.56618181895465 76.460395661182702 4.6284196143969893 81.599783346988261
leaf_count=5082 4138 2458 3160 8169 10109 2777 5896 9661 267 1393 1780 2678 24206 7483 2941 353 3353 16409 4409 32021 617 33824 35981 257 353 1970 34 45 625 97 140 34 172 11180 267 5157 50 115333 11265 93 10039 40 20 139 50 26 33 2708 21 32 124 25 27 3265 2192 164 3105
internal_value=-0.00145258 0.0065265 0.0188823 0.00347749 0.0164133 0.0330133 -0.00048611 -0.00576303 0.0204206 -0.0190954 -0.00666571 0.00915934 0.0387141 0.0300601 0.0484879 -0.00310472 -0.0143535 0.0174361 -0.0235684 -0.023084 0.0442613 -0.0259579 -0.0388113 0.102637 0.139242 0.0417554 0.209303 0.0302929 0.114859 0.322612 0.174356 0.0221107 0.236521 0.0262667 0.0466379 0.0435628 0.0620461 -0.0282258 0.0326494 0.19327 -0.0326484 0.376083 0.689611 0.288373 0.734796 -0.0292692 0.229066 0.0205138 0.0710632 0.325734 0.283301 0.580494 0.21056 0.0597827 0.0900354 0.22998 0.0395807
internal_weight=7318.92 5378.46 1947.34 931.679 689.339 1015.66 3431.11 2739.63 691.488 1446.89 887.427 1292.73 935.863 584.442 108.562 55.5951 778.866 1025.82 1940.47 647.395 862.451 1861.56 559.467 52.9668 26.7042 835.747 16.7078 534.34 27.6991 8.56064 24.0616 9.99641 3.01696 506.641 381.775 365.704 199.083 1795.03 562.68 6.51989 242.34 5.22097 1.13601 4.08496 2.04076 40.5362 17.7156 60.3352 21.408 8.14313 7.34794 1.44 5.90793 193.777 83.2109 6.75049 479.374
internal_count=388247 229599 76413 42865 30368 33548 153186 130203 22983 87085 46982 43118 30388 18845 5712 3294 41270 33457 158648 35374 27611 153566 40103 2418 1409 26202 850 22199 910 285 638 559 206 21289 11362 11095 5938 149157 17048 190 12497 233 54 179 95 1996 498 4122 1414 241 208 57 151 5671 2406 214 14370
cat_boundaries=0 12 23 34 45 56 67 79 90 101 113 125 136 148 159 170 182 193 202
cat_threshold=25165824 20971520 4198531 33685508 536875008 671121416 1049104 11 134217744 537133056 273154048 8 277872640 3221226500 134217859 33554432 67108864 143720448 101187584 20973570 1073741856 538182664 64 16793600 1048578 4194304 536870912 67110912 541098248 33685520 2147487744 10485777 33686536 2436890625 524288 213910528 277090304 537133184 536879360 49216 33554704 528384 135266320 266240 25166848 2164260864 138416128 20979745 2361352 2048 536871944 1573888 4719105 16 2112 8389632 16842816 1085308928 4096 128 2147491840 135267392 0 2151710720 8392736 35652168 577 277872640 16782336 419430400 33947648 0 131080 9437248 9437184 1075843096 536870976 524544 8 134874112 12583040 32 134512648 5376 167837760 268435520 4128 1073741824 2490628 2164260864 9977856 0 432017537 131084 2147483648 131368 131648 2156920840 134218752 536870912 64 0 205524992 17056386 2147483650 4096 0 263248 2415919650 276824072 8264 268500992 64 268570688 4194306 33056 536871177 8396800 1130496 0 520 1048576 2048 285803264 72 18874368 1048576 32898 3014662 1073741824 33570880 2147484672 2164293646 117440544 33555456 1088 268435460 4200448 136314880 536873088 2684354560 16448 524288 5242880 1024 134218242 25165889 8 133120 2101248 285475072 0 256 132352 41943104 8425984 2097160 520 517 277872640 16777220 155189635 33685512 0 134218760 9961536 2156920835 8388608 320 268435456 2162689 2181040128 142606336 134217728 2147488128 134234112 576 2147491844 8388609 2097668 4325376 8 277348352 4194304 16777217 4 536870912 65824 524544 16781314 136314904 1312000 524352 1048576 8388608 0 0 0 0 8388672 8390656 134217728
is_linear=0
shrinkage=0.08


Tree=18
num_leaves=58
num_cat=14
split_feature=19 2 21 8 8 15 2 8 8 2 2 21 2 8 2 8 2 2 6 2 5 2 8 14 8 15 15 16 2 5 6 8 8 2 19 5 8 17 15 15 8 18 2 21 6 18 8 8 4 21 2 15 15 18 14 11 17
split_gain=170.885 78.4515 54.8436 46.1636 124.441 52.2823 43.2463 40.208 42.3222 41.6213 38.9364 37.6154 35.1608 30.4914 51.9075 44.8604 42.8107 30.078 28.7108 38.7749 27.601 29.7113 27.2584 78.4455 53.3626 45.6433 66.8269 62.2872 38.7886 28.5516 26.5582 51.4897 28.5834 25.5785 23.7463 23.4691 27.9037 66.1874 26.8408 47.5528 38.5993 42.4901 23.354 23.1133 23.0506 33.8917 22.3938 31.1189 29.3079 38.9227 22.169 28.1644 44.4452 30.1646 27.6307 22.1708 21.783
threshold=0.013100949581712486 0 0.011814501136541368 29.500000000000004 26.500000000000004 2579.5000000000005 1 26.500000000000004 8.5000000000000018 2 3 0.065564416348934187 4 7.5000000000000009 5 16.500000000000004 6 7 4.5000000000000009 8 1270.5000000000002 9 5.5000000000000009 30.500000000000004 2.5000000000000004 4058.0000000000005 4102.5000000000009 0.23138514906167987 10 910.50000000000011 2.5000000000000004 28.500000000000004 27.500000000000004 11 0.016068913973867897 870.50000000000011 2.5000000000000004 0.036043582484126098 2990.5000000000005 2962.0000000000005 9.5000000000000018 0.19305121153593066 12 0.026976053602993492 5.5000000000000009 0.22203082591295245 29.500000000000004 25.500000000000004 18.500000000000004 0.0051141323056072005 13 3212.5000000000005 2998.5000000000005 0.17547535151243213 54.500000000000007 3.5311117172241215 0.045221801847219474
decision_type=2 9 2 2 2 2 9 2 2 9 9 2 9 2 9 2 9 9 2 9 2 9 2 2 2 2 2 2 9 2 2 2 2 9 2 2 2 2 2 2 2 2 9 2 2 2 2 2 2 2 9 2 2 2 2 2 2
left_child=10 7 12 4 5 6 -4 8 22 -9 11 -1 -3 14 -12 -15 46 -5 -7 35 42 -22 24 -24 25 29 27 34 -26 -2 32 -32 -11 -10 -27 -20 37 44 39 -38 -41 -42 -8 -30 45 -37 47 -17 -49 -50 51 52 55 54 -53 -6 -34
right_child=1 2 3 17 50 18 20 9 33 30 13 -13 -14 15 -16 16 -18 -19 19 -21 21 -23 23 -25 28 26 -28 -29 43 -31 31 -33 56 -35 -36 36 38 -39 -40 40 41 -43 -44 -45 -46 -47 -48 48 49 -51 -52 53 -54 -55 -56 -57 -58
leaf_value=0.015977179464075925 0.01126994299628018 0.029853428433131209 -0.019204124129133363 0.03460005550312608 0.020805061024141213 -0.029806564164045941 0.019332090478799146 -0.0057592779286501942 -0.021493271986301833 -0.082509811563891436 0.017652304367496933 0.70611956119183295 -0.029489766856787298 -0.055449493095376619 -0.028240827344296681 0.0017781865311416803 -0.033372924183615572 -0.048010968525979525 0.0021441372303672413 -0.021105725583629869 -0.018257405713148309 0.070643980193502764 0.059820532840075595 -0.03119141854276402 -0.020576481768468675 0.60814306745280577 0.086607078129778622 1.214288779598194 0.01753938846955036 0.066703787753818161 0.14505883716002607 0.0022251329629004992 0.099281157754746163 0.013320941138455141 -0.081458791811279255 0.7320886142624069 0.054949066521891674 0.86617906261705568 -0.035124037617691728 -0.082206862580355491 0.21745255073906219 0.94212653506439947 6.8606803996156205e-05 0.15913300593498192 0.054693526846214369 0.06469708092183224 -0.043507727040958719 0.056371227253864571 0.56422555335437719 0.14778601569465658 0.020958415526856573 0.24829883734822436 -0.077632494522061113 0.12110714682589466 0.79855643763863016 0.11205398822837159 0.2028874442452317
leaf_weight=133.13009333610535 140.66247063316405 65.929173798300326 311.83144573308527 28.99528050981462 20.839195664040744 443.21005441993475 833.58246871270239 64.060634979978204 245.33276232052594 4.3818069007247678 210.63087721820921 0.50384904816746612 548.00580651592463 440.27387079503387 573.74478009343147 41.519004930742085 273.46914219949394 156.67039673030376 98.604665176011622 242.8671299982816 32.872189508751035 84.812223912216723 304.84262227080762 75.650229265913367 253.43820893578231 0.69113313313573532 5.1646093744784594 0.73579607158899296 15.117623077705504 103.01255911402404 23.360697189345956 52.330128950066864 45.854653448797762 277.46177921351045 0.59050616249442101 0.8817033022642099 47.546237121336162 0.8363800775259741 20.170623928308487 0.79932553879916612 1.0633456101641061 1.0109741035848854 781.09982648398727 14.410643990151582 6.9475908000022173 1.0841542463749645 21.389815479516983 25.230029191821814 1.7067769626155485 9.0028226729482395 82.435700659640133 1.4222166696563356 10.354315444827078 4.2319009201601148 0.99331315979361523 93.551077648065984 18.125963620841503
leaf_count=8140 5650 3808 14200 1452 410 28718 30331 2023 12289 177 14457 18 36428 43227 48127 3699 22636 7697 4669 11296 1111 2818 7995 2273 9688 28 270 27 828 3468 348 2001 1034 11645 32 59 1838 15 1112 30 41 34 33239 424 265 60 2093 1058 46 359 2230 42 264 126 26 1934 241
internal_value=-0.00180205 0.0050226 -0.00114815 0.00292362 0.00522766 0.000898247 0.00787464 0.019623 0.0149829 0.0526066 -0.023759 0.017303 -0.023111 -0.0271335 -0.016052 -0.0381641 -0.0177234 -0.0358316 -0.0155882 -0.000648351 0.012786 0.0502631 0.025364 0.0417253 0.0137021 0.0405654 0.239285 0.629307 -0.0101132 0.034705 0.0738358 0.046313 0.115105 -0.00317274 0.291061 0.0267985 0.0603917 0.187229 0.0428647 0.0740646 0.389889 0.571639 0.0101336 0.0647323 0.123205 0.364801 0.0262881 0.0489566 0.103454 0.214317 0.0641302 0.0832818 0.0810649 0.250036 0.475408 0.0954317 0.128643
internal_weight=7298.47 5567.87 3922.65 3308.71 3123.05 2909.22 2044.2 1645.22 1437.11 208.114 1730.6 133.634 613.935 1596.97 784.376 812.591 372.318 185.666 865.022 421.812 1732.37 117.684 914.316 380.493 533.824 250.857 7.18204 2.01744 282.966 243.675 144.053 75.6908 68.3624 522.795 1.28164 178.945 80.3403 9.74983 70.5905 50.4199 2.87365 2.07432 1614.68 29.5283 8.91345 1.96586 98.8484 77.4586 35.9396 10.7096 213.828 131.392 124.745 6.64743 2.41553 114.39 63.9806
internal_count=388554 244694 184253 144017 134868 129836 81699 60441 54617 5824 143860 8158 40236 135702 62584 73118 29891 9149 48137 19419 67499 3929 30683 10268 20415 9475 357 87 10940 9118 3801 2349 1452 23934 60 8123 3454 399 3055 1943 105 75 63570 1252 384 119 7255 5162 1463 405 5032 2802 2608 194 68 2344 1275
cat_boundaries=0 11 22 32 44 55 67 79 91 102 113 124 134 144 155
cat_threshold=656640 25169920 12582912 167936006 2048 196864 8389696 8389248 1210056704 536871172 1024 65536 1174446624 134217760 192 0 9437192 1049104 260 16777352 136843296 131332 655616 4096 4194304 131076 0 131072 0 0 0 536871168 2415984640 134217730 268435472 25165824 4096 135232 131664 524362 421527552 139272 285213184 64 65536 67109920 81953 1327104 1073750336 33566728 4194304 2148139040 10 37748800 197120 0 16782464 4194690 539099140 4 1077936136 0 272630529 1074790400 1078985728 2151677956 8 68681728 1024 289 570425472 2048 1064 43515904 2147748864 67175555 524352 1 8 0 0 33 8 335552512 134217736 34078720 1576960 8388608 393736 64 8 17825796 1077936132 262400 8 268435456 536870944 71827456 2152759296 1049625 1074791432 655424 405798912 2097152 285278336 2097152 128 32 0 16781313 8388624 33554432 524800 0 16781312 0 167903232 0 196864 8388672 8388608 1210056704 536870912 1024 0 16781312 4194304 33685510 2048 196608 0 0 1075838976 536871172 276828164 134218752 285212800 264201 67108864 574619648 0 17039371 8652801 268837890 9437184 1024 419430528 8 536870912 32 1048576 2147485699 1032 576 524288
is_linear=0
shrinkage=0.08


Tree=19
num_leaves=58
num_cat=24
split_feature=21 19 2 1 2 4 2 1 2 2 14 8 8 2 8 1 6 6 2 1 8 6 5 13 11 16 8 8 5 8 1 2 1 1 9 6 6 1 1 2 2 1 8 6 8 8 19 20 8 13 18 1 11 2 16 1 1
split_gain=145.04 58.5728 54.6811 52.8884 43.7143 40.9631 48.4182 50.0262 48.3995 37.0296 33.0903 32.0466 41.9504 36.7651 35.4994 34.6993 34.422 46.7553 32.8941 30.1865 28.9543 52.8753 29.9348 49.6617 28.7306 26.8742 26.3453 56.9456 39.817 31.0892 38.9032 32.1369 30.2291 26.2013 25.0917 25.0734 51.6449 39.4619 35.454 39.8774 34.5211 32.6179 28.4479 39.6587 25.7609 61.7758 42.4712 29.45 24.9988 25.0032 24.8161 24.7396 33.5202 24.4901 23.544 22.4164 21.9244
threshold=0.011814501136541368 0.014757127501070501 0 1 2 19.500000000000004 3 4 5 6 3.5000000000000004 17.500000000000004 7.5000000000000009 7 28.500000000000004 8 3.5000000000000004 1.5000000000000002 9 10 28.500000000000004 3.5000000000000004 690.50000000000011 20.500000000000004 5.3515567779541025 0.35462872684001928 24.500000000000004 28.500000000000004 1194.5000000000002 7.5000000000000009 11 12 13 14 833.50000000000011 1.5000000000000002 5.5000000000000009 15 16 17 18 19 1.0000000180025095e-35 3.5000000000000004 1.0000000180025095e-35 2.5000000000000004 0.020430386066436771 0.19639208912849429 12.500000000000002 85.500000000000014 0.17696783691644671 20 7.9281523227691659 21 0.26438987255096441 22 23
decision_type=2 2 9 9 9 2 9 9 9 9 2 2 2 9 2 9 2 2 9 9 2 2 2 2 2 2 2 2 2 2 9 9 9 9 2 2 2 9 9 9 9 9 2 2 2 2 2 2 2 2 2 9 2 9 2 9 9
left_child=3 2 -2 9 51 6 10 -8 -7 -1 -3 12 16 15 55 -14 17 -10 -18 53 33 22 23 24 -22 48 29 28 32 30 -6 -32 34 50 -28 41 37 -37 -38 -40 42 -9 43 -39 -43 46 47 -46 49 -17 -12 52 -5 -4 -26 -13 -16
right_child=1 5 19 4 26 8 7 35 11 -11 20 14 13 -15 56 25 18 -19 -20 -21 21 -23 -24 -25 54 -27 27 -29 -30 -31 31 -33 -34 -35 -36 36 38 40 39 -41 -42 44 -44 -45 45 -47 -48 -49 -50 -51 -52 -53 -54 -55 -56 -57 -58
leaf_value=0.061630593581401889 0.021536027514596597 0.068591053495141857 0.075517946349738269 0.048253565364353532 0.025182637573033136 -0.020558368605629686 0.027163718301990169 -0.021923619565336772 0.039066976141100718 -0.028376934394524149 0.19580158494573849 0.0074652705513474646 -0.026490696189900492 -0.030957835968171882 0.063646784028142306 0.096157294941768751 -0.0061295845542340575 -0.042950435605062974 0.060326866431105089 -0.02595871342652048 0.26150766017702132 -0.01487468998318861 0.077799066583633267 0.098842021079617204 0.92108353080156646 0.44872312234462342 0.0092782684347745559 -0.052549768277256284 0.15830946657372186 -0.051823142246109608 0.013973549681809612 -0.040012389439778862 -0.018325077031545251 -0.0031150727924350854 0.16288410983840929 0.033225052163686625 -0.025247627391727066 1.0421016051495642 0.029623701531396235 -0.0061922155781651981 -0.029562127598981171 -0.047982923949492592 0.031441814969011717 0.10119250952863883 0.77825407511845246 0.023358034021277851 0.13263193987328872 0.21212064908007905 -0.0030373551232617418 0.56614455581744227 0.035681996603690695 -0.020756651566293884 0.60541593430805019 -0.012749163970963245 0.40882944439661378 0.091441154566071617 -0.019541575657397805
leaf_weight=68.782231797929853 228.86956674419343 93.91053762473166 27.288579323794693 67.131568870972842 81.033582865260541 154.31643085181713 341.30905541032553 138.30106656812131 107.53531137201935 41.705357940867543 6.5903527382761231 39.001562087796628 39.873838701285422 152.47873710282147 19.91500488948077 37.771064938046038 63.937224935740232 75.861747181974351 253.91784308105707 837.2853405950591 2.0531789790838975 16.476157221011817 8.3894248614087683 4.3802251750603318 1.1903613926842811 1.1994727319106449 11.973507896065714 86.880742106121033 14.471582622267304 503.49951491504908 81.635153290815651 503.7045113183558 61.660926699638367 287.57272532302886 15.768036358989773 71.386851945891976 201.2904891865328 0.42369866278022417 387.4473302802071 396.94391668122262 905.59358072280884 30.188586175441742 49.853210251778364 0.87430957891047001 1.2953077722340807 342.13301659934223 7.3776631997898221 1.0810987306758759 21.171232886612415 0.73527135979384084 102.41663984302431 56.001648272853345 0.69477350823581119 43.336772833485156 1.1256127823144195 110.92661604005843 54.568974859081209
leaf_count=3992 13418 3258 1770 4123 5148 6204 12332 4948 2811 2721 205 1170 1708 7092 587 1546 1892 3946 6826 66052 43 630 241 156 37 36 523 7833 526 48381 5086 40564 2752 9590 530 3854 6674 24 11094 12785 53706 1268 2935 55 50 9655 213 45 916 25 3807 3653 36 3316 30 3147 2136
internal_value=-0.00270197 0.00329354 -0.0129435 -0.0240144 -0.0278963 0.00736562 0.00297481 -0.00113929 0.0205379 0.0281205 0.0250896 0.0269512 0.0193321 -0.00720809 0.0537672 0.0289358 0.03274 0.0051405 0.0486642 -0.0216342 0.0161761 0.0874596 0.18582 0.289324 0.480056 0.0638547 -0.032089 -0.00475679 0.0352179 -0.0368199 -0.0254835 -0.0323749 0.0152876 0.0101332 0.0710043 -0.005043 -0.00910797 -0.021652 0.00397631 0.0116492 -0.0258241 0.0105911 0.0343656 0.410313 0.0223496 0.029019 0.227502 0.521397 0.0667925 0.105183 0.0415564 0.0171276 0.0470547 0.026494 0.673115 0.0761935 0.00862386
internal_weight=7264.54 5669.59 1136.78 1594.94 1484.46 4532.81 3399.6 2875.5 1133.21 110.488 524.105 978.894 754.482 253.23 224.412 100.751 501.252 183.397 317.855 907.911 430.195 33.615 17.1388 8.74938 4.36915 60.877 1360.63 190.755 103.874 1169.87 666.373 585.34 89.4025 396.58 27.7415 2534.19 2013.81 1028.13 985.682 784.391 956.745 520.377 51.1512 1.29801 382.076 351.887 9.75407 2.37641 59.6776 38.5063 109.007 123.828 67.8263 70.6254 2.31597 149.928 74.484
internal_count=388101 262233 84556 125868 119155 177677 137635 119638 40042 6713 17997 33838 26798 11323 7040 4231 15475 6757 8718 71138 14739 1137 507 266 110 2523 111343 12164 4331 99179 50798 45650 3805 13602 1053 107306 91127 60574 30553 23879 56720 16179 3014 79 11231 9963 308 95 2487 1571 4012 7812 4159 5086 67 4317 2723
cat_boundaries=0 12 23 34 44 56 67 78 89 99 109 120 132 144 155 166 178 189 200 211 222 233 244 255 265
cat_threshold=2149122048 16 4096 2228226 4 4396096 8389696 131136 337641472 8194 16777728 88 134742016 1151336450 16809984 538443776 32768 21568 2147483728 524352 2097160 2149585024 289407488 2147549184 67113984 16793632 2692744192 320 33558528 4608 2432697120 134217728 524352 138240 656384 134217728 10485760 134350852 2048 33620224 131136 2164527232 1082394624 806486788 271077376 1048576 0 165889 67118112 41024 335545344 2050 77596673 33685512 268435456 64 16842752 1075838976 134221984 5 0 34603080 1343226368 2164264964 0 570560518 2155872320 1048576 16781312 402653312 0 0 536870944 9961472 2155874304 17 262144 257 3145732 4096 21233667 133120 805310464 131328 2148008000 559104 1210057729 72 4194305 1048576 16777216 4194337 33685504 4096 66560 9437248 2147487744 1207960576 536870976 16384 134218752 25427968 131072 536881152 134283520 2147483648 524291 2097152 262720 65536 29366432 272896128 2375680 0 0 46137344 4227072 240123904 2229248 68 16384 33554452 276824064 2149728514 1073741824 1073750016 172098048 2151686144 5248 33555720 4 8 17301504 20971552 2 393218 1342189568 163840 8519760 524290 1074791560 4327432 0 8 1048576 0 0 33554432 0 536870944 9437184 6144 1 1074004480 256 269484032 1024 4194593 131072 536870912 196872 524288 32768 8 536879360 576 16910400 4194306 290 2 131080 1073758208 397568 4195840 536875008 203424256 4608 8 16973824 2160070658 16777504 33816578 2147485696 138412032 42467616 4194816 8 136315520 1028 26230784 1024 268439683 570425344 536879232 1610612776 8389120 8388616 134218784 1074009088 64 2114 24248320 4456448 2129921 1073743104 8388608 369365504 8208 4097 2097152 2147483652 0 4 272896000 2818834440 2147483648 536871176 0 14159872 5152 538187584 524288 1048576 16778240 402653312 0 268435456 671154176 42991616 8421376 1073741841 1073742336 524288 8388608 16778240 268435584 0 0 0 1048576 8390656 1 1074003968 2147483649 8388608 0 129 131072 0 131080 524352 2147487744 1207959552 536871232 524544 524288 1024 16777216 8 0 0 9437248 1 134217728 256
is_linear=0
shrinkage=0.08


Tree=20
num_leaves=58
num_cat=23
split_feature=21 5 1 6 1 2 1 2 2 2 2 1 1 8 8 8 2 1 1 2 1 8 1 11 2 6 8 8 8 8 8 15 8 2 8 8 13 6 21 21 2 0 8 1 8 8 6 1 8 1 5 6 8 8 8 6 15
split_gain=131.464 57.3715 64.2289 59.1321 67.5253 53.4841 51.1727 49.6396 47.0746 44.8703 38.0561 37.9181 36.327 32.8363 72.2277 35.6004 65.9249 47.0451 45.2847 45.0427 38.6892 34.7886 44.7892 40.0474 33.2145 31.3382 37.6976 33.5311 30.7823 109.826 54.3449 47.9008 44.8658 44.6715 39.4957 44.4009 58.5006 40.1426 47.6604 73.6541 30.0349 28.7151 35.8198 27.669 27.2289 56.1903 32.3321 46.1126 33.1354 30.6108 28.9746 26.923 32.4665 33.7513 38.4084 26.7129 26.4735
threshold=0.011490920558571817 995.50000000000011 0 4.5000000000000009 1 2 3 4 5 6 7 8 9 29.500000000000004 26.500000000000004 8.5000000000000018 10 11 12 13 14 5.5000000000000009 15 5.6879208087921151 16 5.5000000000000009 14.500000000000002 9.5000000000000018 27.500000000000004 24.500000000000004 7.5000000000000009 4062.5000000000005 9.5000000000000018 17 19.500000000000004 17.500000000000004 45.500000000000007 5.5000000000000009 0.026069035753607753 0.01936360448598862 18 19 3.5000000000000004 20 24.500000000000004 28.500000000000004 5.5000000000000009 21 7.5000000000000009 22 1000.5000000000001 2.5000000000000004 28.500000000000004 11.500000000000002 6.5000000000000009 5.5000000000000009 715.00000000000011
decision_type=2 2 9 2 9 9 9 9 9 9 9 9 9 2 2 2 9 9 9 9 9 2 9 2 9 2 2 2 2 2 2 2 2 9 2 2 2 2 2 2 9 9 2 9 2 2 2 9 2 9 2 2 2 2 2 2 2
left_child=10 2 9 4 40 -6 -5 -8 43 -2 12 -12 -1 14 15 16 20 -18 24 25 -10 22 23 -22 -17 -20 27 -27 29 30 -9 -31 -32 -34 35 -35 -37 38 39 -38 -3 42 56 -4 46 49 -13 48 50 -46 -48 52 53 54 -43 -53 -11
right_child=1 3 8 6 5 -7 7 28 13 41 11 44 -14 -15 -16 18 17 -19 19 -21 21 -23 -24 -25 -26 26 -28 -29 -30 31 32 -33 33 34 -36 36 37 -39 -40 -41 -42 51 -44 -45 45 -47 47 -49 -50 -51 -52 55 -54 -55 -56 -57 -58
leaf_value=0.064526696228721619 -0.028899248100671696 0.040623468295791457 -0.017202141218895899 -0.026038752645045699 -0.031123781791122695 0.027387432546251478 -0.029356399318325458 0.052231886009903049 -0.044513634693888797 0.041590837483148048 0.029297642930718171 -0.046071621254391015 -0.018820126531188749 -0.0483969914375387 0.039963181537115852 0.062161184798803934 0.01960862643579182 -0.024377257478681351 -0.016291265064941985 -0.037812898771952562 0.12388072361628746 0.053559565271584009 -0.012120797208543713 -0.0016326547827963127 -0.032397276494915292 -0.047678298603266167 -0.024536902777357407 0.19093948029407584 -0.012513737650043389 0.13830296016510338 -0.055390861029787748 0.44799985669029668 -0.024608242316822373 0.047477050852133974 -0.043614914710083497 0.084203405468224038 0.29219140566999513 0.13375508195944491 0.33157687569152566 1.4812983158318869 -0.036559964832360459 -0.0066817515866843639 0.04106442909931899 0.031661995789231623 0.072911878967821475 -0.051951021116668938 0.02887431446602709 -0.032559154783716612 -0.028369258927943067 -0.010193674811158874 0.14382895061584675 -0.026260629307454625 0.18104353218128594 -0.034662452133342632 0.099970096750847004 0.02577473058303419 0.18649230960754676
leaf_weight=51.510133338160813 94.092627620790154 29.438208842650056 95.564346212428063 100.43624284723774 117.78868326731026 480.90519909467548 71.5331572429277 473.30153619870543 47.132321297191083 12.76892569195479 66.89154599327594 681.91371035436168 68.692058136221021 142.61235473491251 179.70502024516463 55.497762855142355 183.75129226129502 859.32150764064863 51.115419287700206 714.78889838606119 37.222480471245944 183.76328378217295 193.57416396215558 28.900170114822686 31.843964010011405 4.7291237106546786 13.77614415809512 18.536188901402056 69.859572066459805 44.143009939230978 56.909714452456683 3.4433792242780319 79.075948708690703 111.33151698391885 24.37669481523335 13.803453939966859 0.62777296639978819 2.5663971109315753 2.4204213507473469 0.71255395840853453 304.80527831800282 34.879687970504165 121.90992515627295 277.21322798496112 51.627544980496168 82.330165763851255 46.727682797238231 325.7204248723574 40.420257678255439 54.603989787399769 20.053777480497956 118.30651476513594 10.461296048481016 33.274888533167541 56.802153009921312 135.39696729741991 21.933831956237555
leaf_count=2871 4095 1662 3645 4917 6876 21835 3248 12713 2180 413 4641 69500 4576 8764 4874 2871 8322 43093 3271 46585 2004 6398 9588 1644 2019 288 560 592 2732 845 2921 101 3269 4720 995 526 27 70 43 30 16226 1657 4305 10827 1925 7718 1862 21599 2923 2352 811 7102 326 1465 1311 4305 859
internal_value=-0.00228505 0.00320642 -0.0026061 0.0141995 -0.000471397 0.0155535 0.0271786 0.0327108 -0.00734608 0.020298 -0.0234565 -0.0271319 0.0191099 -0.0109801 -0.00897273 -0.0126008 -0.00521395 -0.0165159 -0.0253256 -0.0310758 0.0187697 0.0263292 0.00807419 0.0599583 0.0278996 0.0218358 0.0803404 0.142436 0.038014 0.0428251 0.0354905 0.160744 0.00833774 0.023777 0.0468985 0.0672502 0.176577 0.377944 0.544302 0.926576 -0.0287792 0.0291478 0.0577895 0.0190131 -0.030229 -0.00234545 -0.0352163 -0.0181175 0.0263415 0.0360997 0.0633998 0.0164607 0.045686 0.0343491 0.0593965 0.00150967 0.133185
internal_weight=7236.84 5746.35 3758.87 1987.48 932.937 598.694 1054.54 954.105 3119.05 639.827 1490.49 1370.29 120.202 2746.27 2603.66 2423.95 1533.67 1043.07 890.288 802.946 490.592 443.46 259.697 66.1227 87.3417 88.1569 37.0415 23.2653 882.572 812.712 765.126 47.5864 291.824 234.915 155.839 131.462 20.1306 6.32715 3.76075 1.34033 334.243 545.734 156.613 372.778 1303.4 188.562 1114.84 432.922 107.202 106.232 66.7815 389.122 135.418 124.957 91.6818 253.703 34.7028
internal_count=387897 267119 183363 83756 46599 28711 37157 32240 157525 25838 120778 113331 7447 143053 134289 129415 73229 51415 56186 51296 21814 19634 13236 3648 4890 4711 1440 880 28992 26260 25314 946 12601 9680 6411 5416 696 170 100 57 17888 21743 5577 14472 108690 11995 96695 27195 5596 4277 2673 16166 4759 4433 2968 11407 1272
cat_boundaries=0 12 23 34 45 56 67 78 89 100 111 123 134 146 157 168 180 192 204 215 216 228 239 250
cat_threshold=304743424 2147485696 4227074 131085 8401920 65536 268435520 32768 8388608 1048872 16843264 64 286261252 25169924 138412162 8 67108864 671220736 2147483712 34816 1082135552 537133568 256 0 16811008 138412160 2056 603979780 537952264 76546576 22155778 8388608 704643072 4194304 285229124 80742402 0 536870912 2048 541065216 4325392 2151677953 2097312 1208222728 2151677953 197632 9472000 12288 134217792 0 1049664 1073872896 4227328 160 1243873792 285213249 2150187008 138412048 8392704 131073 603982848 1111490816 140352 1048736 1310752 33554432 32 285212672 2252341250 138412321 1024 67119104 1280 33554432 2147483648 1049600 1208484864 4194565 524288 1140854786 16793632 2155906048 256 33558528 8393216 2415919648 67108872 34078784 138752 134758400 1083179024 0 2685927680 2048 1073762368 33685524 2148008002 0 2147618944 268435968 1048576 16777216 268697856 33554432 2048 671088640 9437248 9437184 2097160 1074004032 524288 268435713 8392704 272629760 16396 8196 537022464 134479872 2151809024 8388624 1611792904 525312 16 16781568 20971520 288 18560 72 12715008 8390144 4718656 18875400 1107427330 131328 151015429 2 128 2656512 1073741824 1073758464 2151678112 4194304 4200480 512 2420117504 16 16912640 1110441984 361600 134217984 2147483712 9437248 67108896 33344 153092096 131264 268435456 4096 34603008 0 538970242 132 1073741888 41947136 4198402 1073741856 135362 71435520 1050624 4194308 134483968 2164261120 805306368 536903680 67240064 1181736 69206017 265216 8912897 8 9437184 1024 289407105 33554440 0 134217768 33554432 25169921 16 2359552 524544 8 0 20975616 16777216 33685516 2415921152 65536 43516416 4611 142607384 537003008 524292 8 34209792 16777216 3 0 536879104 65536 8650752 131712 10489856 262656 66048 1922 16777216 85983234 256 33554432 268437504 537003304 33554688 528898 134218752 1610743808 4718660 8 1048576 16777220 4096 2097156 8192 9256 13632000 4194305 1224740864 572525576 4194372 1048576 16777216 134217728 0 268435456 671088672 9437184 8394752 1 1311296 524288
is_linear=0
shrinkage=0.08


Tree=21
num_leaves=58
num_cat=19
split_feature=19 2 1 8 8 15 1 2 2 2 2 1 1 12 1 8 8 12 12 12 8 2 12 12 15 8 2 15 8 1 8 2 2 2 17 12 12 15 21 8 5 12 2 15 1 6 2 15 15 15 6 15 17 11 15 15 5
split_gain=128.114 52.1053 46.6372 48.2108 113.737 62.9911 42.178 47.1242 34.3323 32.6968 32.3836 30.4975 29.3595 28.8905 27.6901 27.2674 51.9964 33.4976 229.393 33.2567 31.8991 29.2829 27.1223 47.1328 33.3168 64.0643 36.7676 36.6557 27.7123 32.2946 26.1561 29.1583 26.1115 25.8694 25.4147 24.7425 29.4333 55.3503 32.5099 34.2587 35.3926 24.583 24.5295 24.0423 23.5776 23.1782 23.1445 22.9309 56.7449 60.5041 32.2333 32.0794 82.4735 41.4627 23.0306 24.1157 43.7215
threshold=0.012119441758841278 0 1 29.500000000000004 26.500000000000004 2579.5000000000005 2 3 4 5 6 7 8 15.500000000000002 9 5.5000000000000009 8.5000000000000018 419.50000000000006 423.50000000000006 415.50000000000006 22.500000000000004 10 860.50000000000011 928.50000000000011 2598.5000000000005 17.500000000000004 11 2753.5000000000005 7.5000000000000009 12 6.5000000000000009 13 14 15 0.0075567683670669803 895.50000000000011 912.50000000000011 2878.5000000000005 0.016147667542099956 10.500000000000002 890.50000000000011 813.50000000000011 16 3054.5000000000005 17 6.5000000000000009 18 2372.5000000000005 2232.5000000000005 2246.5000000000005 1.5000000000000002 2506.5000000000005 0.020789774134755138 5.8065278530120858 2318.5000000000005 2337.0000000000005 1070.5000000000002
decision_type=2 9 9 2 2 2 9 9 9 9 9 9 9 2 9 2 2 2 2 2 2 9 2 2 2 2 9 2 2 9 2 9 9 9 2 2 2 2 2 2 2 2 9 2 9 2 9 2 2 2 2 2 2 2 2 2 2
left_child=10 14 13 4 5 6 7 41 -8 -6 -1 -12 32 -3 -2 -15 19 20 -19 -17 21 45 28 24 25 -24 27 -26 29 -14 31 -13 34 -9 43 -29 37 -37 39 40 -38 47 -5 -7 46 -18 -33 48 -4 -50 51 -49 53 -53 -51 56 -56
right_child=1 2 3 42 9 12 8 33 -10 -11 11 30 22 15 -16 16 17 18 -20 -21 -22 -23 23 -25 26 -27 -28 35 -30 -31 -32 44 -34 -35 -36 36 38 -39 -40 -41 -42 -43 -44 -45 -46 -47 -48 50 49 54 -52 52 -54 -55 55 -57 -58
leaf_value=0.013864342825138896 -0.013435305719039793 0.070672699536118225 0.042378433433312095 0.025726971554406092 -0.011670966917070914 0.17381870996665694 0.017661254877361691 -0.038301375790103086 -0.013649483293447472 0.060884087514226012 0.028840082038313494 0.015053788399610276 0.0097620615543677989 -0.0088463635419287548 0.021354591511793815 0.060299777099313751 0.0012748361460570249 1.4818212947312508 0.011710748195708059 -0.070674612320403937 0.03198778296789085 -0.03891485199188334 -0.041918767890381271 -0.044117696433376923 -0.081989998078527845 0.61667084911543191 -0.015892438944955331 0.071312768021088532 -0.052765692344182026 -0.036006078257992361 -0.040977313904460529 0.058247001256558559 -0.032054648204503065 0.0098400656540078481 0.034618016945654459 0.75689197596948343 0.3359600918205044 0.15095757164588813 0.0619066365817268 0.015796219646532775 1.205828079946117 -0.024548520086903097 -0.055675444661179907 0.87546050164155875 -0.037571647937241916 0.11075149313430295 -0.023291271186478387 -0.095672197736981476 0.31157738293916443 -0.053376974851507789 -0.0030683255838058975 0.35644091505966535 0.092421917054958933 1.1184544796511158 0.12887635670087305 0.098200780000203991 0.81089797788717033
leaf_weight=133.78255272796378 161.95439457939938 58.027581455186009 114.64165191398934 25.857727717608213 51.494636105373502 1.2524465192109335 277.11958341952413 76.712157375179231 1032.2780200298876 209.44936311431229 53.747379596345127 133.64006452541798 145.6570520279929 266.44429392879829 1254.4284201785922 208.38001634087414 65.852491345256567 0.76387428026646276 5.9178896332159638 13.190231531858442 125.13826213497669 141.27015734883025 1.9998274110257617 85.064858990721405 6.1655617700889698 1.7884316490963101 58.657717399299145 19.028712206985801 306.43546559615061 293.21731925103813 652.5857040877454 29.5831413352862 47.05166434077546 396.01246992032975 87.978654829785228 1.6098089516162861 0.76282520592212522 2.4059818405658007 7.7561423731967807 0.82070405222475518 0.49353399313986301 29.093258372507989 149.071091550868 0.41413188632577647 304.51965490262955 15.238241604529319 43.610071567352861 2.9713740078732345 11.08799286559224 5.5985586182214346 68.194430285133421 1.0797566296532757 8.048923743888734 0.79538081772625435 1.8619795031845598 21.774140354245901 0.88636008743196715
leaf_count=8293 6148 1694 4920 1730 1434 108 10636 3756 52931 5018 4263 10497 7683 10134 45559 4739 3009 32 226 478 3723 6973 112 5128 305 34 3155 872 24362 17520 66058 2521 2967 17809 5062 49 45 156 350 56 26 1322 9395 26 27446 495 3796 116 176 325 3307 28 98 30 63 830 18
internal_value=-0.00110629 0.00400716 -0.000262675 -0.00439121 -0.00228269 -0.00653046 0.00168439 0.0168352 -0.00693925 0.0484521 -0.0233131 -0.0272874 -0.0222762 0.0158992 0.0173103 0.0123137 0.0221062 0.00309077 0.180469 0.0525018 -0.00032167 -0.0185047 -0.0271847 -0.00019645 0.0366171 0.269284 0.0275863 0.0772018 -0.0343046 -0.0214142 -0.0301029 -0.0168135 0.0122756 0.00139601 0.0364251 0.13054 0.211879 0.394308 0.137263 0.418076 0.680083 0.0432248 -0.0453544 0.349648 -0.0277524 0.0194524 0.0127057 0.053371 0.0713226 0.151833 0.0188673 0.134838 0.203864 0.681155 0.0929999 0.126421 0.349589
internal_weight=7220.66 5869.2 4452.81 3552.59 3377.66 3116.72 2048.16 738.758 1309.4 260.944 1351.47 1217.69 1068.56 900.223 1416.38 842.195 575.751 354.181 6.68176 221.57 347.499 222.361 931.864 186.554 101.489 3.78826 97.701 39.0433 745.31 438.874 1163.94 511.353 136.697 472.725 89.6452 32.8777 13.849 4.01579 9.83321 2.07706 1.25636 266.034 174.929 1.66658 377.713 81.0907 73.1932 236.941 155.851 41.209 81.0899 12.8954 9.92406 1.87514 30.121 24.5225 2.74834
internal_count=388042 265168 213461 181958 170833 164381 96365 32798 63567 6452 122874 114581 68016 31503 51707 29809 19675 14458 258 5217 14200 10477 59853 10288 5160 146 5014 1859 49565 25203 110318 44260 8163 21565 5196 1554 682 205 477 127 71 11233 11125 134 33763 3504 6317 9911 6332 1412 3579 272 156 58 1236 911 81
cat_boundaries=0 11 22 33 44 55 66 78 89 101 112 123 134 145 156 167 179 190 201 211
cat_threshold=525568 8388608 16386 673579014 1024 196864 75498560 2155876482 135528448 536871168 65536 277353536 68288514 16777472 147456 268436480 37120 2483028032 131072 8388648 301989896 8389120 2148534272 4 268435616 8 1073745928 25600 1074794496 16781345 134217744 1074006528 2148139076 8388613 1024 274727041 33589248 536877056 671088672 33554432 17827889 1073743888 263232 4 279052288 138416144 27276544 64 0 8396808 512 557128 1184 4610 268435464 268435456 0 416 0 67108864 134217728 33554432 32768 17 1075185152 524288 2147680257 134217856 16777472 17432576 4096 1074954304 131152 268993288 2097280 0 512 72 196608 29360272 264192 2686189568 1073741824 1073758272 268566528 43520 134217736 136202 65536 4 1075841024 4194305 536873088 536873092 131080 4195072 4489216 1 1049604 268435456 8 16777216 201360386 590080 32768 256 167841824 1107304448 18088064 8389664 1073745928 524548 269500416 71307270 8388993 0 2952790016 0 2181562368 32768 1075838984 394248 64 293617664 16782336 150999072 0 0 536870912 524288 512 1073746944 1074922048 2416574725 16793600 16781316 144703520 33816576 2147496000 1073741920 8519696 1052674 0 671089216 131332 84410368 58721280 4194432 545275904 4 4277256 167772672 131074 1074794504 1611661314 4 9502724 16781316 406847488 0 0 671088640 0 2048 25 1074003968 1280 270532608 1215300112 65536 1152 132 33587200 1343225856 524 16778272 4096 2147516481 72 2097152 150994944 1 32776 268437504 138412040 524288 17039360 1024 393224 257 0 4 4096 16396 36 134226944 142607104 4980736 1053699 0 13107200 0 4096 402653184 33554436 0 134217728 1048704 4196353 134217744 262144
is_linear=0
shrinkage=0.08


Tree=22
num_leaves=58
num_cat=20
split_feature=21 8 2 1 2 8 7 12 12 14 0 7 0 12 1 8 2 1 15 15 2 8 1 2 8 8 1 12 8 2 12 12 12 8 2 1 1 5 12 16 1 1 15 12 12 1 15 8 15 21 21 17 2 15 15 8 18
split_gain=99.795 49.6236 103.733 75.8489 71.5207 70.9319 76.0838 81.411 287.44 128.261 65.1838 65.0965 59.0208 56.1908 51.98 52.1619 46.2965 51.6789 44.9481 49.6387 46.6766 46.3184 43.4961 41.5747 41.1375 40.9979 49.9001 40.8369 37.786 39.7234 36.9601 36.6338 59.1501 116.572 36.5591 35.601 34.3979 34.763 34.0006 43.6314 32.768 32.7629 32.7412 32.7365 32.4794 32.3885 31.7822 38.6033 76.5714 73.4355 31.0441 37.5595 30.9742 30.1572 75.1007 68.5669 32.4313
threshold=0.011814501136541368 8.5000000000000018 0 1 2 6.5000000000000009 1.0000000180025095e-35 907.50000000000011 928.50000000000011 7.5000000000000009 3 1.0000000180025095e-35 4 841.50000000000011 5 10.500000000000002 6 7 3003.5000000000005 2962.0000000000005 8 12.500000000000002 9 10 1.5000000000000002 16.500000000000004 11 345.50000000000006 29.500000000000004 12 352.50000000000006 702.00000000000011 741.50000000000011 4.5000000000000009 13 14 15 375.50000000000006 783.50000000000011 0.19564676284790042 16 17 2435.5000000000005 285.50000000000006 808.50000000000011 18 2805.5000000000005 1.0000000180025095e-35 3584.5000000000005 0.01633517257869244 0.021956878714263443 0.023326150141656402 19 1008.0000000000001 1022.5000000000001 13.500000000000002 0.13231209665536883
decision_type=2 2 9 9 9 2 2 2 2 2 9 2 9 2 9 2 9 9 2 2 9 2 9 9 2 2 9 2 2 9 2 2 2 2 9 9 9 2 2 2 9 9 2 2 2 9 2 2 2 2 2 2 9 2 2 2 2
left_child=16 3 14 5 22 11 7 27 9 -9 18 12 -2 24 -3 -16 17 -1 19 20 -4 -21 -5 46 -13 41 34 36 29 -28 -29 43 33 -33 -27 -6 37 50 -34 -40 -18 -12 53 -26 -32 -22 -14 48 49 -48 51 -7 -43 -17 55 -55 -56
right_child=1 2 10 4 35 6 -8 8 -10 -11 25 13 23 -15 15 42 40 -19 -20 21 45 -23 -24 -25 31 26 28 30 -30 -31 44 32 38 -35 -36 -37 -38 -39 39 -41 -42 52 -44 -45 -46 -47 47 -49 -50 -51 -52 -53 -54 54 56 -57 -58
leaf_value=0.053351496774124117 0.06105649237775803 -0.034158287003424638 -0.031994325557085743 -0.038378851420231605 0.031900887391749677 1.0244564162237635 -0.066925573566879726 1.618805967844291 -0.082129079249974146 0.49898233317824547 0.021377907563165158 -0.036364131779807081 0.0086177202352731366 -0.046203761442035383 -0.029625234811683603 0.030580263540262959 0.029281772963505856 -0.017795649515882236 -0.057781871747687043 0.25180064818688108 -0.026579511621587427 -0.036533603466641758 0.028872056012314191 -0.03130873164541613 0.080433975243484446 -0.031011488357080973 0.030300924742941281 -0.08631535914800105 -0.064660373784654293 -0.02642618946687262 0.064861517454692194 -0.084332034964926611 -0.022735130137079396 0.55871088602102126 0.052361455188597812 -0.013415071107673114 0.019530132112898679 0.13630187118206011 0.44708529409787739 0.098748279438908834 -0.028722187041673987 0.026820502018304552 0.013280520512292551 0.026361227971603955 -0.075033230682618093 0.039536570920688123 1.6650605389416198 0.089253507195808268 -0.080925030680785048 0.40006778712636298 0.20587324621896236 0.3131619783237668 -0.050283030612338506 0.64606029924802499 0.36320953574208359 0.13459826840404718 0.061523460136507828
leaf_weight=101.18614396266639 59.788490901235491 92.368254684843123 103.99686906905845 61.106628896202892 112.57129633240402 0.79134327312931318 26.864937496837229 1.1716921487823122 3.9396068612113595 1.4883223278447983 49.939285270869732 34.388561403378844 45.076621948741376 46.211797151714563 86.76096500409767 187.09215101506561 60.119776562321931 151.63443665811792 56.397673833649606 10.736855699215086 52.861955132335424 5.3365170154720536 604.55277884937823 305.00637932354584 112.24356353934854 42.014688621275127 98.848385635763407 13.558622378390281 111.84184714639559 289.53838578239083 119.39809800498188 2.8353149201720944 12.755642734467981 4.9539506919682026 106.70399289112538 1266.3272952744737 41.515935304574668 61.449562502093613 2.6378412414342192 17.90959401242435 1196.377060056664 33.50599037995562 226.60033956216648 198.17073895502836 11.655677549540995 259.59025123901665 0.45480938348919442 14.065745993517337 0.99982275068759907 0.82664876990020275 3.7034568320959806 1.1930550271645186 526.57197318924591 2.7359062815085045 2.312279697507619 4.3339405050501227 150.41213078983128
leaf_count=6324 2912 4439 5598 2795 4793 43 1518 46 164 31 2924 1300 2522 1198 4557 6219 4409 10717 3693 469 2857 363 24074 17549 2694 2030 4209 323 7259 14073 3565 62 269 44 5044 57907 1816 1550 44 202 104574 1868 10947 4793 585 11270 39 1152 75 41 74 32 35069 72 72 118 4821
internal_value=-0.00128435 0.00356658 -0.00487121 0.0101814 0.000877343 0.0265547 0.0612361 0.0744862 0.351802 0.993733 -0.015526 0.0152782 -0.00690488 0.0371589 0.0198165 0.0277647 -0.0195723 0.0116263 0.00920159 0.0181489 0.0128238 0.156084 0.0222217 -0.0191382 0.0471421 -0.0251258 -0.0113284 0.0672552 -0.0232235 -0.0118887 0.0394087 0.0553119 0.126293 0.324709 0.0283376 -0.00951242 0.104315 0.133889 0.0798557 0.143536 -0.0257375 -0.0402154 0.0369312 0.0459142 0.0524179 0.0278732 0.0372168 0.138821 0.443834 0.852363 0.343009 0.598125 -0.0452807 0.0523806 0.0779038 0.332748 0.0660993
internal_weight=7199.43 5690.11 2500.5 3189.61 2044.56 1145.06 286.73 259.865 6.59962 2.66001 1747.88 858.326 426.219 432.107 752.616 660.248 1509.32 252.821 488.92 432.522 416.449 16.0734 665.659 366.43 385.895 1258.96 648.947 253.266 500.229 388.387 144.612 351.507 41.0923 7.78927 148.719 1378.9 108.653 67.1374 33.3031 20.5474 1256.5 610.017 573.487 310.414 131.054 312.452 61.4236 16.347 2.28128 1.28146 5.68786 1.9844 560.078 346.886 159.794 7.06985 152.724
internal_count=388207 262183 127971 134212 89569 44643 9747 8229 241 77 96726 34896 24290 10606 31245 26806 126024 17041 24250 20557 19725 832 26869 21378 9408 72476 32615 7988 25541 18282 4473 8108 621 106 7074 62700 3515 1699 515 246 108983 39861 22249 7487 4150 14127 3829 1307 155 80 149 75 36937 11302 5083 190 4893
cat_boundaries=0 12 23 33 34 35 47 58 69 80 91 102 113 124 136 147 156 167 179 190 201
cat_threshold=3821568 134217728 65664 33587200 512 65792 8389696 9699458 136318978 131072 2147549192 8 268959744 16781312 289407008 131080 32 212992 1703936 1573376 3147793 1611669768 512 268583936 16781312 272634912 2147876868 0 131104 640 16910336 1085276184 1074790916 778 1280 150995200 157286400 524288 262144 64 135462912 33554432 5767684 1084227584 131332 4719616 8 2148007968 67112960 21053472 8389634 0 33558536 9441280 8913440 67108864 524352 268570112 1048576 16781316 272891905 131072 268437504 536871936 9437760 2149060608 24 1610613312 285737024 33554432 1090525188 4456481 4 2048 537002048 2148532240 524320 1082130432 1209008384 285869060 18878468 1115684864 514 536905858 67113088 1074824256 33554448 4325376 67108864 2097344 64 0 16777216 138776578 539101188 67113984 268468480 16 4325379 136314880 1288 5 2637828 8388608 150994976 536870924 2048 96 8388800 2178 1075843072 2491136 68 8388612 2147492864 29364224 2818574336 536885248 1120 5242896 2049 0 524290 20971840 8388608 71304192 4198401 131072 268439552 132104 1048576 2164264961 2056 1209009408 4194304 16 134221824 2147516928 274948 2099200 603992448 9437184 33555968 4194304 16777218 131074 16843776 268435456 16781312 4194304 131072 0 131072 524288 524288 2097152 540676 1082130432 8421408 2685927680 33587200 16448 20 64 102764544 2181043200 272696320 0 2050 32896 2099200 1073746944 256 4096 294912 8388608 270532872 268436992 16 0 79692804 134218016 131072 2147493892 953286656 524288 262656 2097153 1073872960 272695296 2147483648 4 304131 1074790401 2147484672 0 2185240576 32776 83886112 268448774 18874880
is_linear=0
shrinkage=0.08


Tree=23
num_leaves=58
num_cat=30
split_feature=21 1 2 1 1 8 8 1 8 2 1 1 2 8 21 2 8 2 8 1 1 1 2 8 2 2 1 1 21 1 9 2 8 6 8 17 1 13 20 6 1 1 13 1 2 17 2 2 16 19 11 2 1 11 11 8 3
split_gain=91.5028 41.8699 41.4067 39.98 39.7677 33.8149 83.8166 61.6627 44.4431 61.8895 52.5885 36.7925 29.7191 29.1675 39.5835 26.3854 25.6355 79.0151 64.8412 51.8278 51.628 46.4383 45.297 39.1036 88.2977 77.84 76.5311 74.7634 51.6246 47.2725 40.6553 34.9618 34.8533 31.6334 28.9362 60.8092 28.1266 25.362 23.9655 23.9165 26.7553 23.8797 23.4796 22.2857 22.2792 22.5328 22.1419 22.1201 21.1386 28.5495 29.6882 20.8965 20.5603 20.3386 27.1284 20.2713 57.1787
threshold=0.014999415259808304 0 1 2 3 24.500000000000004 29.500000000000004 4 7.5000000000000009 5 6 7 8 2.5000000000000004 0.042592348530888564 9 24.500000000000004 10 8.5000000000000018 11 12 13 14 5.5000000000000009 15 16 17 18 0.061830259859561927 19 713.50000000000011 20 29.500000000000004 4.5000000000000009 29.500000000000004 0.039038194343447692 21 1.5000000000000002 0.35024885833263403 2.5000000000000004 22 23 3.5000000000000004 24 25 0.010467605199664833 26 27 0.15046823024749759 0.012119441758841278 7.0323326587677011 28 29 3.2690240144729619 3.0043103694915776 21.500000000000004 17.500000000000004
decision_type=2 9 9 9 9 2 2 9 2 9 9 9 9 2 2 9 2 9 2 9 9 9 9 2 9 9 9 9 2 9 2 9 2 2 2 2 9 2 2 2 9 9 2 9 9 2 9 9 2 2 2 9 9 2 2 2 2
left_child=1 15 4 47 13 8 7 -7 9 10 -3 46 -10 14 -2 -1 18 21 19 31 42 -18 -22 25 -25 29 -27 -26 30 -21 44 -5 36 43 -23 -36 -19 -37 -39 55 -41 -34 -20 -32 -28 -46 -11 -4 49 50 -35 -42 -14 54 -30 -24 -57
right_child=2 5 3 16 -6 6 -8 -9 12 11 -12 -13 52 -15 -16 -17 17 32 20 23 22 34 39 24 27 26 28 -29 53 -31 33 -33 41 48 35 37 -38 38 -40 40 51 -43 -44 -45 45 -47 -48 -49 -50 -51 -52 -53 -54 -55 -56 56 -58
leaf_value=0.055247041713111525 0.13755034362458521 0.067225495478795902 0.008598903566237848 0.020894661164888414 -0.026091780492512106 0.079296809340177174 -0.058897576339674781 -0.0072535301462046198 0.027825536342797781 0.044462772740272521 -0.012196139163155815 -0.028724954881374304 0.012328773609117858 0.022341029269370018 0.86249271571382369 -0.0096411720131134877 -0.0046472445443774086 0.050270641753699066 0.10107133498102089 0.017552761958211326 0.03403270022510968 0.090181899844929261 -0.046946865570491728 0.054533895343988024 0.031730110119120525 -0.020568672357595005 -0.0079255969314308578 -0.042518818327771123 0.14775663460492591 -0.043601162757601113 0.039439970794006241 -0.026364490841668944 0.045945374893333106 0.69554667306728424 -0.01281999422539409 -0.085995963589594993 -0.014386311337373361 0.16383400167358009 -0.087040742843657717 0.020317852787576477 0.013176865026192053 -0.055002754477818189 0.016490787932190699 -0.037943373832808665 0.15363850500545614 0.058206984593520437 -0.02218790595179328 -0.035279388428670767 0.027626936850348876 0.060221821159530599 0.087521621449263329 -0.024473355028288336 -0.045423166872601811 0.101486201261356 0.45807696646198337 -0.056538248667884441 0.30046396230972483
leaf_weight=76.112546497024596 9.4714145609177613 96.301563505083323 110.83223317377269 141.62007295247167 427.2639080346562 90.999121398665011 87.27298022992909 113.76545748859644 38.580154424067587 72.293924812693149 106.77993788709864 696.69770933687687 43.991052683908492 41.958613341674209 0.50459062494337636 75.5887041981332 83.112495645880699 65.877140307798982 37.701549420598894 121.73455648263916 108.92512808693573 155.91809068061411 219.69089122675359 477.13743366999552 197.80303096817806 186.86195395421237 37.86611939035356 139.04717450775206 5.1100477995350984 217.58297210512683 23.794896960724145 294.75785765005276 12.101629143580794 1.1283206567168229 62.163909794762731 3.4563577696681014 94.409849902614951 28.45644469559193 2.6630309708416453 130.59155067754909 109.51367745408788 95.285924213007092 47.430146024562418 87.505680161062628 17.012185817584395 228.4924006620422 46.445613062940538 208.39280478982255 174.76436090655625 4.4751952271908522 0.94354548025876273 569.02099033817649 631.45595619967207 16.62415633443743 2.7870943257585168 9.2381346118636412 4.1620403649285427
leaf_count=4387 586 6143 5159 4723 26055 3697 9395 4845 2851 3940 7068 55132 4047 3088 22 5905 2610 1555 1393 4561 5144 3252 12208 11586 5122 7189 1600 6327 108 9014 1428 11447 267 57 3515 76 2720 612 49 6229 5292 4838 2068 5488 1239 8792 2703 11319 6142 192 53 29222 64350 341 50 508 159
internal_value=-0.00164253 -0.0153414 0.00430193 0.00666632 -0.0178456 -0.0183426 0.00674922 0.0347292 -0.022678 -0.0119498 0.0268536 -0.0216772 -0.037981 0.0432528 0.174509 0.0243187 0.00874685 0.0240311 0.00621848 0.0139471 -0.00864167 0.0490629 -0.0131565 0.0194905 0.0329512 0.0099386 0.023588 0.000738828 0.0374404 -0.021787 0.0332235 -0.0109027 -0.00887047 0.0123074 0.0662351 0.0344839 0.0144266 0.119524 0.142358 -0.0183651 -0.0120367 -0.0444691 0.0482799 -0.0212644 0.0548213 0.062285 0.0186937 -0.0202468 0.0329159 0.174008 0.419265 -0.0182936 -0.0415368 0.151738 0.257431 -0.0411201 0.054395
internal_weight=7191.48 2176.28 5015.19 4535.99 479.199 2024.58 292.038 204.765 1732.55 1018.52 203.082 815.437 714.027 51.9346 9.97601 151.701 4216.77 603.445 3613.32 2377.05 1236.27 335.77 1151.14 1940.67 813.988 1126.68 787.366 336.85 600.504 339.318 575.983 436.378 267.675 292.612 252.658 96.7397 160.287 34.5758 31.1195 1042.22 809.126 107.388 85.1317 111.301 283.371 245.505 118.74 319.225 181.311 6.54706 2.07187 678.535 675.447 24.5213 7.89714 233.091 13.4002
internal_count=387868 174463 213405 183654 29751 164171 17937 8542 146234 74986 13211 61775 71248 3696 608 10292 167176 19494 147682 85459 62223 10114 58762 69289 23035 46254 32679 11449 25490 13575 24991 16170 9380 13360 7504 4252 4275 737 661 53618 40743 5105 3461 6916 11631 10031 6643 16478 6444 302 110 34514 68397 499 158 12875 667
cat_boundaries=0 11 23 34 46 57 68 79 91 102 112 123 134 145 156 167 178 189 201 212 223 234 244 255 262 273 284 295 306 317 328
cat_threshold=524290 70254624 34816 1612185856 12288 4160 2147483664 2147483656 69211144 2097410 4195328 16777216 1140853248 138674177 1048832 2147483652 135266304 128 4718592 16777232 1210061312 2160066565 24 25182208 1233125508 2162688 524288 268435520 536870912 134218384 2147483792 16777248 1076363912 4196352 2415984644 25168896 0 555745282 36 16416 8390016 263170 0 0 8925188 80 0 16777216 134217760 8 268435456 536871968 9437184 268289 134217745 1074135040 324 5 20975616 20987904 545423362 1073745920 167907584 8519696 0 0 542117896 4325380 1048576 25166852 406847488 131080 268435456 134217736 64 29362177 1082130449 1073741888 68 16842757 29360134 268435456 2245632 33554432 1107443712 100794368 4718592 17825794 536871076 0 8 524288 71303172 16417 524292 448 1073758208 4198464 2164261184 1090519168 32 268436992 68157440 16781312 285212800 131072 0 131112 0 8519681 24 262400 3145728 134217728 16777344 33554440 2048 536936488 9961536 9443337 1082131464 262208 17301568 2097156 2098176 8650882 1610647680 67111040 1107337280 2185494528 8388608 134221824 68 276824064 659456 2147483650 262432 34821 0 1073750336 2416181248 16809984 0 1056 276824064 0 4194306 402653472 2147614721 536877056 134349064 2151677952 557568 2101248 136256 2415920384 2148159488 8389632 9216 34817 2112 12583168 0 33314 203690018 268566530 65536 268435456 16781312 285212800 33947648 268435456 197928 33685568 2147487745 1210056712 537002304 524544 270548992 5120 16777344 0 805316608 8393768 268567104 262656 134217736 268566720 524608 268500992 101715968 16777217 4 8192 4384 524384 17465856 1082130434 33685504 196928 8 268436480 4096 289406977 131072 4096 196616 64 17301504 1075840008 1183744 257 268435456 4194306 4194336 33685516 4096 32 9961536 16779776 0 131072 65856 303054849 2164264960 2097410 134348808 10496 0 2151941696 2147483784 8388648 1028 16777216 0 4096 150995072 33554440 0 32 0 8390656 8 262400 136380416 0 8429699 1073741952 536870912 98336 1111490560 655362 1207964672 131328 131584 131072 0 0 8 0 0 64 524288 4194304 4194336 33554440 0 1032 0 4456449 1048576 537919488 4 8454146 23199872 8388864 262144 160 1073807680 34607120 1048658 2097152 1024 268501504 9437184 1024 402653185 8 0 536936456 1048576 8394753 134217872 1073743360 524289 269484288 4096 0 131072 536870912 537089024 524352 2147614978 2097152 536871938 524800 67588 138412032 8491426 2684616704 1024 1342243904 288 4160 0 8196 525632 18890752 1073741840 4096 0 3221227520 4194304 4194372 4 65569 2722103816 2164261376
is_linear=0
shrinkage=0.08


Tree=24
num_leaves=58
num_cat=28
split_feature=21 6 6 2 1 5 2 1 1 2 1 2 1 2 1 1 2 1 2 1 4 12 1 1 2 2 11 10 16 5 1 15 15 10 2 12 2 1 11 5 4 14 2 5 1 2 1 19 11 20 15 16 15 21 5 19 17
split_gain=96.3465 46.2825 105.493 82.4626 63.0401 51.3115 47.4995 68.4336 47.3485 44.794 43.4095 41.6804 39.7556 39.2483 38.5461 37.8628 36.9173 38.4066 33.0111 26.0938 25.0932 25.036 23.6353 22.5952 21.8554 20.4897 19.3807 23.2665 22.2184 36.7761 19.3375 19.2018 103.917 33.3558 33.1009 19.3213 22.4951 18.6835 23.0729 25.0364 18.4777 18.4294 17.9739 17.9375 17.6548 17.0537 16.7392 16.5787 16.5262 16.3783 19.1614 17.6767 26.5523 17.3652 16.0103 15.5559 17.9657
threshold=0.011814501136541368 4.5000000000000009 2.5000000000000004 0 1 915.50000000000011 2 3 4 5 6 7 8 9 10 11 12 13 14 15 20.500000000000004 33.500000000000007 16 17 18 19 5.2511918544769296 102.50000000000001 0.25216683745384222 1240.5000000000002 20 2821.5000000000005 2797.0000000000005 269.50000000000006 21 113.50000000000001 22 23 3.5927563905715947 770.50000000000011 4.5000000000000009 27.500000000000004 24 900.50000000000011 25 26 27 0.013168499339371921 5.2511918544769296 0.16101665049791339 2792.5000000000005 0.1833906024694443 2998.5000000000005 0.026069035753607753 330.50000000000006 0.031874846667051322 0.0064245739486068496
decision_type=2 2 2 9 9 2 9 9 9 9 9 9 9 9 9 9 9 9 9 9 2 2 9 9 9 9 2 2 2 2 9 2 2 2 9 2 9 9 2 2 2 2 9 2 9 9 9 2 2 2 2 2 2 2 2 2 2
left_child=14 2 4 10 13 6 7 21 41 -6 -4 -7 -13 49 18 -5 17 43 -1 -18 -19 -3 -9 -11 44 37 27 -22 29 -29 -26 32 35 -34 -33 -25 -37 38 39 -17 -12 -8 -15 -16 -10 -14 -27 -32 55 50 -2 52 53 -52 -51 56 -42
right_child=1 5 3 15 9 11 8 22 24 23 40 12 45 42 16 25 19 20 -20 -21 26 -23 -24 31 30 46 -28 28 -30 -31 47 34 33 -35 -36 36 -38 -39 -40 -41 48 -43 -44 -45 -46 -47 -48 -49 -50 54 51 -53 -54 -55 -56 -57 -58
leaf_value=0.016438586953709415 0.039084354448272546 0.17148502985451411 -0.04052450592097679 0.034629498599121997 -0.026053262557299523 -0.028431507363758799 0.016482316123230253 0.037296545071149594 0.039547070773590397 -0.017642543399282395 0.47061811889525568 -0.02878246486446186 -0.0059376149510747926 0.00072615435277713239 0.030882464933216537 0.56781492067083039 0.021170156136582085 -0.027520679949273361 -0.043224331115024911 -0.024491250877103857 0.024217866687733486 0.058068833683766571 -0.011977200064776086 0.041816430535169133 0.0072177110384693682 -0.00053813634442450892 0.00054748429264086466 0.96571235684953649 0.10619237166363288 0.19865058292108478 -0.050053717656264339 0.050157998101646617 0.14778745204362995 0.47983597638166986 -0.022942609176346954 -0.0066374846025691195 0.025505382444204035 -0.021714301613581274 0.067131353596962665 0.086526132071768139 -0.080723460970472019 0.084053648801338046 -0.042763559381035446 0.099428827090594196 -0.015559881887627181 0.032611566923495337 -0.042315853162300215 -0.018587172819413335 0.023892349158848778 0.42250855178959307 0.40101422546166759 0.093859263154745909 0.15352182648094728 1.080865228428018 0.018102462468548259 0.044090867782033548 0.14567687391355127
leaf_weight=66.615869088564068 5.2036377801559848 13.678964869119225 30.896775206085294 46.359900121577084 138.23370919749141 91.449446603655815 64.225942129734904 72.227748357225209 74.971765378955752 86.019799745641649 0.71657443745061655 74.022040645126253 82.903430735226721 89.467138457577676 62.633591387886554 1.3502725288271915 86.921482355799526 98.555583649780601 503.61467014253139 584.06655479408801 2.2553018066100758 139.17333575244993 247.08262803871185 266.46777483355254 154.90084790391847 77.115001337137073 5.7518374831415713 0.76031267410144232 1.1827802741900084 0.84473662311211228 130.59061379777268 46.934003566857427 30.558922355528921 2.0646699266508213 120.54668074054644 196.26937989657745 470.97771900286898 28.765267861541361 12.809500275179742 1.4175523994490502 2.425981163512918 43.212310857139528 240.3305410281755 40.061419742647558 61.312054315116256 1039.2823292794637 779.72873321268708 597.23455290496349 39.236799498088658 0.63014356838539143 0.49364025332033667 1.8054334390908477 1.0193565776571629 0.47792321536689997 55.763201547320932 24.957536808215082 29.444317446555942
leaf_count=4787 305 383 1822 2788 7635 3765 3093 2735 2541 4094 42 2994 3166 4536 4802 60 5541 6564 52360 47984 139 5303 9844 9219 6521 3767 367 44 37 47 10117 2778 601 45 6253 6664 15698 1797 647 64 261 1821 14893 2917 2851 35450 56141 23859 2408 37 31 93 77 22 2735 723 1757
internal_value=-0.00166143 0.00301573 -0.00425688 -0.0239856 0.00784217 0.0101428 0.000569526 0.0216024 -0.00836419 0.015975 0.0349595 0.0220278 0.0259065 -0.0200043 -0.0200537 -0.03196 -0.00918443 0.0193451 -0.0360911 -0.0183521 -0.0135935 0.0640332 -3.7138e-05 0.0209109 -0.0137963 -0.0357281 0.100938 0.215356 0.369758 0.563326 -0.0184238 0.0239646 0.0285101 0.168851 -0.000831661 0.023606 0.0163334 0.0167442 0.0684816 0.321744 0.0605961 0.039944 -0.0312917 0.0525118 0.0153866 0.0297364 -0.0386055 -0.0239049 0.0638281 0.0335203 0.138844 0.27542 0.43961 0.738134 0.0226474 0.0913986 0.128436
internal_weight=7168.02 5714.76 2828.49 1075.22 1753.26 2886.27 1598.61 472.163 1126.45 1358.07 127.678 1287.66 1196.21 395.191 1453.26 947.546 883.034 212.046 570.231 670.988 109.351 152.852 319.31 1219.84 1019.01 901.186 10.795 5.04313 2.78783 1.60505 882.726 1133.82 966.338 32.6236 167.481 933.715 667.247 44.3426 15.5773 2.76782 96.7812 107.438 329.798 102.695 136.284 1122.19 856.844 727.825 96.0646 65.3933 8.99999 3.79635 1.99092 0.971563 56.3933 56.8278 31.8703
internal_count=388025 262436 147993 72277 75716 114443 69068 18265 50803 52987 7013 45375 41610 22729 125589 65264 68442 14917 57147 53525 7198 5686 12579 45352 45889 62476 634 267 128 91 40497 41258 32227 646 9031 31581 22362 2568 771 124 5191 4914 19429 7719 5392 38616 59908 33976 5149 3300 528 223 130 53 2772 2741 2018
cat_boundaries=0 12 23 34 45 56 67 79 90 101 112 123 135 146 158 169 180 191 203 214 225 237 247 258 268 279 290 301 313
cat_threshold=723968 8519680 65536 1210056704 268438528 272646144 134218080 0 67108865 1342186752 66049 16 18415616 1082130432 402657280 3145728 268437504 1750106144 33686016 131072 1207959568 539230720 4 3801088 142606336 281022593 32780 4096 65536 4326400 2152764032 1048576 768 524292 279974916 0 272629889 8 1879048192 134381608 269484036 8423424 0 262144 66048 524288 2048 12845057 536887425 8224 82240 2147745792 4198400 16777248 2148794912 268435520 50855937 2052 142672128 5 2048 542113800 37749248 16908418 33 393216 268435461 9437184 83888128 16777344 33554440 2048 671089952 34603008 659456 0 131072 0 8 134283264 1073742336 2101248 134217729 1073741824 269484128 266368 2151710981 1048576 2418540608 294125568 270548992 5244930 40960 536870912 335554564 65536 272760848 2147487744 2097280 134348808 2436890625 67584 2192 29622274 2147500032 3200 65600 134348816 12713984 1207963680 131648 576 8519680 4197376 138674560 33556480 67108864 671088648 524288 1443842 1048592 135266368 8913157 530691 133152 256 539002880 2214596608 1073750016 4480 131168 0 6144 16777732 64 4 71304192 4194338 8388612 0 33685536 33554944 8388608 135270537 542769472 268567808 0 10485760 16777216 131080 268443648 66592 9437200 8421376 2097153 1076101890 285214272 8 2415984640 4128 17055873 546308098 0 163840 131136 285737729 1207959560 538976256 4194816 540672 1074790420 268468258 540279040 0 20544 20 0 1174470664 570425472 272630784 591873 86114304 18907392 384 4100 64 131072 22020108 16 269615112 273154048 257 32772 2130436 537135234 1073741824 16448 1073745936 17307688 0 2178 2151677953 8 151016448 4194304 2162688 134348801 536879104 1077936480 33554944 131144 262304 537001988 272629824 4098 4194320 41984 537133061 1073741856 1048832 104861696 163968 4196352 35784708 2155872256 268451840 16777216 16777218 168165632 0 5255168 524560 2 1283457025 2097412 2147483649 16 268435456 16778240 4194336 0 0 134217728 8388672 2048 2097152 1073741888 2097152 2348811264 285212834 2818572288 536870912 134348800 2148007952 1051144 135267328 2097152 4784128 0 0 285212672 33554432 0 536870912 0 2048 8 262400 2416443392 4100 0 2228358 67117056 1073774592 68158016 2306 1049600 1646267392 8913152 1179648 0 268435872 8 67108864 134348800 64 2172651521 8 0 256 287329282 4229122 0 1073741952 2147484928 65536 268435456 512 1073744000 167784968 69 16842752 8388610 8396800 1048577 805306692 0 64 0 0 512 0 8
is_linear=0
shrinkage=0.08


Tree=25
num_leaves=58
num_cat=29
split_feature=21 1 2 2 0 1 2 2 2 8 8 1 7 1 2 2 1 8 1 15 15 15 2 1 8 1 1 21 1 1 16 8 2 1 12 12 7 8 21 2 2 15 15 8 2 8 8 1 16 15 8 15 20 13 2 0 2
split_gain=70.9124 48.6755 60.9285 45.6155 37.8236 43.2334 51.6015 36.5641 32.3994 31.9256 66.1451 52.5214 34.7471 36.9024 33.2493 31.7427 29.797 29.6459 51.5857 40.3707 45.8286 45.2478 42.4756 33.4688 29.2393 26.826 26.7026 25.6958 25.5028 25.4062 25.2079 23.5387 25.7312 23.7255 23.5359 38.3093 42.2277 40.9209 33.2914 23.2498 23.0152 22.5974 23.8923 23.1733 22.4292 22.0921 29.6531 21.8216 21.3861 20.4212 46.5819 36.8293 20.3853 24.3424 20.2848 20.259 34.7783
threshold=0.017495754174888137 0 1 2 3 4 5 6 7 24.500000000000004 29.500000000000004 8 1.0000000180025095e-35 9 10 11 12 3.5000000000000004 13 3003.5000000000005 2919.5000000000005 3212.5000000000005 14 15 12.500000000000002 16 17 0.034564211964607246 18 19 0.17842466384172442 16.500000000000004 20 21 912.50000000000011 895.50000000000011 1.0000000180025095e-35 4.5000000000000009 0.032197225838899619 22 23 1008.0000000000001 2372.5000000000005 8.5000000000000018 24 7.5000000000000009 4.5000000000000009 25 0.30919376015663153 615.50000000000011 9.5000000000000018 568.50000000000011 0.32036048173904424 21.500000000000004 26 27 28
decision_type=2 9 9 9 9 9 9 9 9 2 2 9 2 9 9 9 9 2 9 2 2 2 9 9 2 9 9 2 9 9 2 2 9 9 2 2 2 2 2 9 9 2 2 2 9 2 2 9 2 2 2 2 2 2 9 9 9
left_child=1 2 -1 26 7 6 -6 16 29 12 11 -11 55 15 45 52 -2 18 -10 20 22 -21 25 44 27 -19 -3 -22 40 49 -23 32 -25 -34 35 54 37 38 -37 -20 -9 43 -43 -18 -24 46 -15 -44 -26 50 -7 -52 -14 -54 -8 56 -5
right_child=4 3 -4 9 5 8 34 28 17 10 -12 -13 13 14 -16 -17 41 19 39 21 24 30 23 31 48 -27 -28 -29 -30 -31 -32 -33 33 -35 -36 36 -38 -39 -40 -41 -42 42 47 -45 -46 -47 -48 -49 -50 -51 51 -53 53 -55 -56 -57 -58
leaf_value=0.057795432525088029 -0.017170147936764999 -0.026494093491293072 -0.015838486457360038 0.040372299484711556 -0.034015727947803366 -0.010407265157318329 -0.0023189791850019331 0.03847182032906455 -0.041604119833820362 0.060733633477661447 -0.053933632651330027 -0.012819866814797312 0.0611465738746578 -0.0037020308344238935 -0.02836581950048769 -0.0081597735491275129 0.01733210159255192 0.064194300534622148 0.069272791006053491 -0.074279182702629495 0.25466373089886146 0.54131089456437675 0.05158180193169791 0.021777479135116965 0.017173374085920727 -0.003288993195353349 0.03257659648499802 -0.0078641470576953608 -0.014524574012361137 -0.04048669426514185 0.056465988656006057 0.010610098647624243 0.022127765444050335 -0.041195587939470819 -0.035356099027752504 0.33782344300774014 0.016026965109182195 0.20789364187913933 1.0917012254255272 0.016265963502882296 -0.010437711439627302 0.052373222829058548 0.038361288837772241 -0.03478237110680113 -0.015886950813274157 -0.028667585267119378 0.10360286261251284 -0.0071697037128431772 0.32709217348636843 0.0041155255351745454 0.078098438226652772 0.61454627763551228 0.62800258749223037 0.049399822085712801 0.044119976751345158 -0.037695399602265131 -0.027588065423783396
leaf_weight=129.02510922634974 186.24045281624421 59.389523656107485 145.22337322868407 57.135352569166571 67.977236952632666 5.1383437812328321 76.49778353376314 113.22344552306458 46.619890910573304 118.77857377845794 92.013712855055928 118.9254735535942 69.199665881693363 32.694012604653835 473.4653483601287 97.290331630967557 154.45335321128368 98.387021302711219 127.75769614847377 59.93995923968032 9.9370994763448817 1.1457596477121108 88.222573601640761 60.611666391603649 19.702702219132338 64.939551931340247 178.25248461961746 3.1395069845020762 1260.2615576977842 152.07990469504148 1.7059406479820607 170.08788375044242 40.536618360318244 294.23147990740836 27.023966632317752 0.75957847852259675 4.0060375723987818 3.2283826163038611 0.74565421510487795 121.96536283940077 119.74805431067944 175.09157177899033 114.80449064122513 84.468143213074654 45.121069471351802 34.431254308205098 33.234570887871087 145.1078900587745 1.5326316095888604 41.933007530402392 1.4852455304935577 1.8257726756855843 0.89796311920508631 0.9632374788634479 475.91100709419698 881.51187324617058 165.4249756122008
leaf_count=6884 7071 3303 9299 5217 2543 220 2857 4387 1883 4124 10455 5287 3285 1698 31050 5349 4021 3402 4917 3379 392 29 3023 2430 942 2086 10125 99 57137 7187 49 6105 1597 12952 1180 49 122 85 22 4566 5432 4711 4979 3452 1900 2726 968 5978 33 2059 80 47 43 34 14784 95255 14763
internal_value=-0.00166288 -0.0119304 0.0196187 -0.0155322 0.00451442 0.0122478 0.0291849 -0.00247449 0.00447888 -0.0191852 0.00365681 0.0259502 -0.0233684 -0.00998236 -0.0194897 0.0222586 0.0105903 0.00930627 0.0314967 0.0025478 0.00689146 -0.0594617 0.00328275 -0.00547587 0.0975561 0.0387213 0.0173402 0.191649 -0.0100208 -0.0244872 0.251695 -0.0140273 -0.0249808 -0.0331083 0.0369359 0.0410758 0.207227 0.368906 0.712951 0.0450077 0.0139375 0.0184009 0.0295305 -0.00109265 0.0292361 0.0211606 0.050393 0.0141419 0.0395918 0.0225141 0.140419 0.374247 0.0597726 0.329213 0.0384458 -0.0323666 -0.00915526
internal_weight=7155.45 2687.86 274.248 2413.61 4467.6 2114.2 656.15 2353.4 1458.05 2175.97 329.718 237.704 1846.25 742.176 573.825 168.351 860.166 1255.58 296.343 959.241 896.45 62.7917 862.138 698.811 34.3119 163.327 237.642 13.0766 1493.23 202.462 2.8517 565.468 395.38 334.768 588.172 561.148 8.73965 4.73362 1.50523 249.723 232.971 673.925 435.004 238.921 133.344 100.36 65.9286 259.912 21.2353 50.3824 8.44936 3.31102 71.0609 1.8612 552.409 1104.07 222.56
internal_count=388052 209865 16183 193682 178187 81019 21642 97168 59377 180254 19866 9411 160388 45153 36442 8711 30212 49784 11366 38418 34961 3457 33495 28007 1466 5488 13428 491 66956 9593 78 23084 16979 14549 19099 17919 278 156 71 9483 9819 23141 15668 7473 4923 5392 2666 10957 975 2406 347 127 3362 77 17641 115235 19980
cat_boundaries=0 10 21 33 34 45 57 69 80 91 103 115 126 137 148 159 171 182 193 205 216 227 238 249 260 272 284 296 297 308
cat_threshold=36192256 4325376 268533760 1611137408 0 64 2151677968 2148008000 84021258 2097452 68681730 16781312 268697600 540147712 268435488 536870944 1703952 8525824 134217745 1573376 524288 2097184 4608 4276225 2156003328 1073881152 33689600 131168 268435712 352321536 536870912 197640 16 14389 271192064 16784384 419430400 35782656 12288 65544 270012416 10 134218760 1048576 285213184 16578 1075847172 134217728 1179648 32 135299136 3254780420 524296 16781328 4096 402751488 64 268435456 27268096 268435714 262144 4096 196864 46137424 165888 8392705 536870916 10551296 8 310378496 83889664 74112 262144 2214594560 134217728 524560 2148532224 134217728 673447980 4194308 131072 16777220 151257120 34603016 0 32 9437184 9705475 136314881 1208221760 2148073792 8388608 1073746944 4198435 2097156 12288 4136 8519680 12616204 32 536871936 4194816 8 25296896 4195332 17043714 536887296 268435460 8256 4718608 2164293633 1073742976 1024 2148008448 8 1048576 16777216 419430528 0 0 134217728 33554944 8519681 134217728 1074791936 256 2172649472 88085504 134217729 2056 268443648 1024 8912896 561154 9441297 0 2424308992 8470528 69206016 8655232 32768 2147484800 1344 2181169200 557056 4096 35653248 256 147456 2290094080 20971520 131072 536870912 66600 33554944 262272 0 132674 66304 2 131584 8429952 32768 1140982784 132192 262144 17039872 2097152 270676002 8519680 16 546324480 68157442 262273 0 2147483648 671219712 2181038080 8423425 4112 394248 256 67108868 16782336 4198689 33687552 0 536871944 524288 16809984 1024 132672 65 304087040 33554432 258 131336 813694976 134234112 8389008 16809984 1082130432 536871936 2155873600 8 257 69206020 2359585 0 545259652 134225920 2147484432 21235716 68157456 33554688 2147483648 16777472 4 262176 2112 0 9568256 270400 21528576 1142162432 33566720 655360 2147483968 82837504 69664 2050 2415919336 268435456 4325412 48 1073741856 4 4194304 1048576 0 134217728 2181038092 12544 536870944 8388672 8653321 1050681 1074790656 16777728 0 0 155451521 33685504 0 40 0 16777218 1040 135397376 524352 1572865 0 402653184 0 0 541073408 2148532224 8425477 40 33554688 524288 8 1048576 8388608 4194562 33554432 2048 671088680 1049152 5244929 1207960576 1075053890 524293 8 67588 0 266241 1073741834 8832 268500992 655376 2 32 304087168 4325668 8 8727 278003712 0 8388896 524288 536877056 135267616 0 13632002 3145744 134218240 5
is_linear=0
shrinkage=0.08


Tree=26
num_leaves=58
num_cat=15
split_feature=17 6 8 8 8 1 8 0 1 1 8 8 8 8 1 8 12 12 12 6 12 0 1 8 6 15 6 1 1 17 19 5 1 0 1 15 8 6 1 1 15 15 15 15 5 12 12 12 15 12 12 8 15 1 19 15 15
split_gain=72.2563 42.9132 95.4273 120.583 116.324 96.558 79.0709 69.2087 64.9851 59.8603 58.5684 93.0163 77.6616 94.1684 74.793 69.2813 47.3611 67.4557 49.1498 46.9415 93.6686 60.6175 45.9638 45.3189 114.945 61.0503 44.4591 43.9311 42.2436 41.9383 49.8828 77.4438 40.8857 39.3053 35.6793 33.4413 32.3016 67.9716 57.7974 49.1474 34.64 40.8226 33.4389 114.289 32.125 30.0107 33.2553 29.9862 66.3144 90.8134 36.006 29.9532 29.8253 29.6508 28.5565 28.2862 85.2006
threshold=0.0095737078227102774 4.5000000000000009 6.5000000000000009 8.5000000000000018 27.500000000000004 0 4.5000000000000009 1 2 3 28.500000000000004 24.500000000000004 7.5000000000000009 9.5000000000000018 4 5.5000000000000009 1038.5000000000002 1044.5000000000002 467.50000000000006 2.5000000000000004 907.50000000000011 5 6 7.5000000000000009 1.5000000000000002 2647.5000000000005 1.5000000000000002 7 8 0.024670550599694255 0.024281154386699203 629.50000000000011 9 10 11 630.50000000000011 3.5000000000000004 6.5000000000000009 12 13 2372.5000000000005 2330.5000000000005 2805.5000000000005 2947.5000000000005 770.50000000000011 283.50000000000006 317.50000000000006 419.50000000000006 2575.5000000000005 423.50000000000006 35.500000000000007 29.500000000000004 979.50000000000011 14 0.0060437552165240058 2382.5000000000005 2365.5000000000005
decision_type=2 2 2 2 2 9 2 9 9 9 2 2 2 2 9 2 2 2 2 2 2 9 9 2 2 2 2 9 9 2 2 2 9 9 9 2 2 2 9 9 2 2 2 2 2 2 2 2 2 2 2 2 2 9 2 2 2
left_child=32 2 6 5 9 -4 7 27 -6 -5 11 12 15 -14 16 22 18 -18 47 21 -21 23 -3 26 -25 29 35 -2 -17 30 -26 52 -1 -13 -12 -7 39 38 -38 -24 41 -40 -42 -44 -22 -37 -47 50 49 -49 -15 -10 -32 -9 -27 56 -11
right_child=1 10 3 4 8 19 -8 53 51 55 34 33 13 14 -16 28 17 -19 -20 20 44 -23 36 24 25 54 -28 -29 -30 -31 31 -33 -34 -35 -36 45 37 -39 40 -41 42 -43 43 -45 -46 46 -48 48 -50 -51 -52 -53 -54 -55 -56 -57 -58
leaf_value=0.027965616853512867 -0.042710091313994197 -0.024970305559972039 -0.028256342619220876 0.033601903734129177 0.055817253745608503 -0.025422541357485992 -0.06499099664588473 0.021049619910734035 0.019242227822211324 -0.023798648679354162 0.029863189367855876 0.006621028552083884 -0.058134517703238818 0.14264996305985933 -0.016021110718883333 0.063927065367272912 0.41718492529682089 -0.05710835013675223 0.0077581922315616081 -0.034916508902271506 0.030799459707007395 -0.0089378130596690381 -0.011880215390286287 -0.082507571239413574 0.18495933110724874 0.75222479686485033 -0.053638605720407816 0.032437167196024033 0.011308514800664349 0.14811297777659141 0.58226885146906815 0.24514886758171264 -0.029026860578806421 0.086706332839226005 -0.049114337864008331 0.10612176355458847 -0.023789938643966141 -0.063460206238377531 0.066428101777481124 0.038058546737590113 -0.048727018505304927 0.32449040262743417 0.43213766756288485 -0.013210482882942036 0.37595058034743473 -0.076072183315959829 0.060560472058318833 0.37304198334827909 0.49825599392034464 -0.055954092521793973 0.016394291259826107 -0.040695972742969058 1.150180736798244 -0.040044005049433916 -0.055800741056402731 -0.048704073485369065 0.24786844093919363
leaf_weight=83.483976176474243 54.292069627903402 223.59403438493609 140.40000371076167 91.931862782686949 202.80470354761928 24.972334986552596 254.62954969517887 55.445445546414703 122.44275319157168 456.70093718264252 41.845467892941087 69.860096769407392 214.05230941716582 21.101286073215306 562.53005178831518 260.02594912564382 4.761334794573485 3.2121039507910609 208.19933503121138 78.385917474050075 2.6230536671355358 84.026998688001186 169.28504432458431 15.391798934433607 10.137482191901656 0.28499228786677022 22.673187161795795 233.09324415726587 178.89065641025081 53.261132194194943 1.4191930489614599 3.7792639397084713 813.07896179938689 127.17874568141997 165.12148826569319 98.389364760834724 132.16246263962239 92.880749106407166 97.606665649916977 478.46136856777593 35.827200670726597 4.0842150482349089 4.5862552025355425 18.768245795741677 5.0459885029122233 12.400037378072737 141.07402787124738 4.9196686409413841 3.2773007028736165 8.8063428332097811 45.891747240908444 94.570170444902033 1.0316981896758077 400.11501229600981 9.4041743730194849 386.39859017264098 7.5063626486808053
leaf_count=7499 4142 9029 7212 6414 6059 329 17098 3484 2252 26732 1911 2011 13823 668 30911 4141 92 171 9287 5094 35 3237 6771 708 498 39 1318 14170 3617 913 35 127 84998 3138 8408 2110 4727 3170 3305 16969 1747 138 158 1314 48 280 2542 36 95 384 2440 5941 28 23957 788 31218 408
internal_value=-0.00249483 0.000555736 -0.00619814 0.00360881 -0.0102879 0.0304745 -0.0265189 -0.0133331 0.0247385 -0.0258892 0.00707088 0.00993832 0.00616429 -0.0106393 0.00114542 0.0168314 0.0327585 0.226175 0.028599 0.044794 -0.00880591 0.0553753 0.00727829 0.0675955 0.117546 0.156368 0.0540561 0.0172814 0.0441955 0.182549 0.294549 0.472664 -0.0237317 0.0630491 -0.0340762 0.062877 0.0143568 -0.00382613 0.0150761 0.0254115 0.0456471 0.0768035 -0.000177308 0.074297 0.257966 0.0716322 0.0495197 0.0802539 0.175123 0.0978626 0.0561674 -0.00657498 0.822637 -0.0323159 -0.0317694 -0.0323339 -0.0194039
internal_weight=7138.12 6241.56 3064.63 2067.06 1362.36 704.701 997.575 742.946 419.818 942.538 3176.93 2969.96 2772.92 1076.75 862.699 1696.17 300.169 7.97344 292.196 564.301 86.055 478.246 1257.26 394.219 94.7097 79.3179 299.509 287.385 438.917 69.6288 16.3676 6.23016 896.563 197.039 206.967 276.836 1033.66 385.916 293.035 647.746 160.873 101.691 59.1817 23.3545 7.66904 251.863 153.474 83.9963 17.0033 13.726 66.993 217.013 2.45089 455.56 9.68917 850.606 464.207
internal_count=388174 295677 167216 104365 79024 25341 62851 45753 14252 64772 128461 118142 112993 57907 44084 55086 13173 263 12910 18129 5177 12952 47328 9715 3136 2428 6579 18312 7758 1601 688 190 92497 5149 10319 5261 38299 14559 11389 23740 6662 3443 3219 1472 83 4932 2822 3623 515 420 3108 8193 63 27441 827 58358 27140
cat_boundaries=0 11 12 23 34 45 46 57 68 79 90 91 102 113 124 135
cat_threshold=18481152 4195328 12582914 264204 67112960 0 41943040 13631488 1207959584 135528448 29360896 5522 279969792 16782336 256 33554444 2048 4128 5242944 2155878403 134217736 1073873472 16777280 131140 2 8683808 539002880 2214594560 1073766664 8651008 0 2097152 134222624 268435520 3231744 3221225476 268435585 260 0 1073742176 268435456 8945664 134221856 268698624 2415919617 14861 2113536 2353008644 17039617 0 8192 66632 2147483664 16777217 1216349185 1179712 257 8454144 16778240 37121 570425344 67117056 65640 34078720 16783872 1073741832 35652162 524544 9437184 16782336 419692704 33685512 8192 134348832 64 2147483649 1207959576 1611792384 524544 2164260896 1024 4194594 672530432 1115684896 65792 41943552 16777216 100664321 2148009984 25165824 10277 524288 0 134217729 33554432 67117056 33888 33554496 16781312 1073745920 537133312 590852 269615104 9437184 0 131076 536875008 131104 9437248 2157185538 2097160 536875520 268435524 65540 16778240 406847648 1048576 2147483648 1077936128 34210304 655872 4096 1109394434 25821252 16793600 4194310 0 264192 536875008 66568 524544 1311232 1153 1442888 4326660
is_linear=0
shrinkage=0.08


Tree=27
num_leaves=58
num_cat=11
split_feature=19 21 2 6 2 6 2 6 2 8 6 2 17 9 14 14 8 8 18 12 0 15 19 11 8 2 17 2 6 2 8 5 11 8 11 20 15 21 17 18 10 12 2 19 10 17 15 15 6 15 15 2 15 8 15 8 19
split_gain=73.6192 44.9992 46.5468 34.0729 43.1292 42.4971 42.2919 37.3331 35.375 33.9093 71.2684 33.1263 31.0044 64.6179 60.6442 50.4187 30.45 91.9659 34.2421 38.6537 29.9506 26.8472 38.4007 50.1711 26.1742 32.1534 31.5895 25.1162 25.0611 39.2964 24.8907 51.7624 43.198 24.4914 35.4302 48.6603 24.9027 31.6716 27.1615 30.7998 24.242 23.9603 23.868 22.8229 39.7216 28.3077 22.7899 22.6073 22.2593 26.6805 27.2987 25.5068 33.9713 45.207 57.4963 34.1741 29.2653
threshold=0.0068720385897904643 0.024610553868114952 0 6.5000000000000009 1 1.5000000000000002 2 4.5000000000000009 3 1.0000000180025095e-35 3.5000000000000004 4 0.0089444974437356013 842.50000000000011 8.5000000000000018 31.500000000000004 1.5000000000000002 2.5000000000000004 0.15454830229282382 331.50000000000006 5 3566.5000000000005 0.012292687781155111 5.8065278530120858 28.500000000000004 6 0.0031054650899022822 7 4.5000000000000009 8 29.500000000000004 510.50000000000006 4.5656816959381112 2.5000000000000004 6.9691040515899667 0.25626347959041601 2265.0000000000005 0.0042670324910432109 0.023326150141656402 0.25331617891788488 81.500000000000014 277.50000000000006 9 0.0076315107289701709 91.500000000000014 0.015960768796503547 2902.0000000000005 4074.5000000000005 1.5000000000000002 1036.5000000000002 2517.5000000000005 10 2853.0000000000005 7.5000000000000009 2866.0000000000005 5.5000000000000009 0.02865808550268412
decision_type=2 2 9 2 9 2 9 2 9 2 2 9 2 2 2 2 2 2 2 2 9 2 2 2 2 9 2 9 2 9 2 2 2 2 2 2 2 2 2 2 2 2 9 2 2 2 2 2 2 2 2 9 2 2 2 2 2
left_child=-1 2 -2 5 16 6 -4 9 33 10 12 -3 13 14 -7 -16 -5 18 -18 -20 27 -14 -23 -24 42 26 -26 43 29 -29 31 32 -28 34 36 -36 -9 -38 -39 41 -35 -40 -11 44 -13 -46 48 -19 49 -22 -51 -50 -53 54 56 -56 -54
right_child=1 11 3 4 -6 7 -8 8 -10 24 -12 20 21 -15 15 -17 17 47 19 -21 46 22 23 -25 25 -27 30 28 -30 -31 -32 -33 -34 40 35 -37 37 38 39 -41 -42 -43 -44 -45 45 -47 -48 -49 51 50 -52 52 53 -55 55 -57 -58
leaf_value=-0.035855668420346931 0.016058481644618882 -0.024007533849616323 0.031913743017644193 -0.048935168636476088 -0.013267378884288444 1.6664785578737136 -0.012220015017725055 -0.0028887245483644832 -0.017191188739843894 0.012586146556056024 -0.033016038807459382 0.7409779087226056 0.097432443552409043 -0.080571420724999177 -0.080431536930781714 1.2604259216940026 0.62918402669623585 0.030140142110443184 0.06988413050575179 0.3739875769224551 -0.0031181625183534806 -0.080110825997307608 0.38113021039491635 1.7415191399090377 0.86649699572778915 -0.030023821879912371 0.13611033294067779 0.042318745311407863 0.021511348161999892 -0.017315111475812467 0.030905796913968483 0.070843148693826657 0.81850563266544551 0.07871401421955368 0.14487437642927589 0.92945527910759485 0.62206606543377629 0.026007441668647026 0.64842079013762599 0.072460148630462295 -0.0057221417198335001 0.17387375038546973 -0.042506930575790011 0.029433583268193248 -0.041226309622819979 0.68138180772483614 -0.055995216035209391 -0.067043148017976922 -0.021705854287337231 0.071025407664631959 0.0047489446200762757 0.002814286786911271 0.33383381651092536 -0.048167502658573121 -0.06079918228351297 0.24468795235227941 0.95459691335570085
leaf_weight=375.90699756564572 532.86480636196211 191.29570085788146 216.62650784384459 31.423291736282408 366.87265555514023 0.40852253558114415 350.86845870316029 19.807298715692014 689.66364280460402 55.422598788980395 21.680970740504563 0.77450975589454119 7.1276338822208327 0.71371651161462057 0.44995198491960764 0.29461939726024866 1.3438213123008598 290.95721123414114 6.1851573288440687 4.7128774169832468 143.07025544717908 0.45734380465000846 0.51608795020729303 0.26000386709347367 0.33437536563724535 41.840226898435503 1.0757183516398092 78.962107960600406 468.48781145038083 338.65609365329146 16.394787210505456 5.6941440682858229 1.326038137078285 25.810041422955692 1.7569239442236715 0.70797170139849175 0.79138572840020316 10.29395621456206 1.5232342835515731 3.2305671628564596 138.63545477390289 1.235370918177068 727.7210074798204 605.44435307290405 2.0049329735338692 0.41596415918320406 42.963505483232439 16.167722788639367 298.80815052101389 97.883461133111268 66.998458452522755 781.80800492549315 1.1526670353487158 7.139514149632304 3.8038899004459363 6.0966886226087809 0.8448013113811611
leaf_count=41887 27869 7691 9681 1473 18637 34 22072 852 47586 4915 2125 56 538 80 48 21 47 10621 189 161 3164 53 48 24 34 4250 25 3079 13270 14140 1572 188 36 1448 88 25 44 567 38 60 9462 36 72846 19293 174 19 1613 983 12522 1663 2335 27859 77 416 205 137 36
internal_value=-0.0014016 0.000522923 -0.00558904 -0.00938015 0.00584043 -0.0140829 0.00497402 -0.0201751 -0.00864997 -0.0318536 0.0491062 0.00752458 0.22314 0.517651 0.887043 0.453565 0.0254762 0.0335958 0.248591 0.201473 0.00962144 0.157193 0.501269 0.842687 -0.0348937 0.0132269 0.0700107 0.0175483 0.00871067 -0.00544073 0.0875957 0.202334 0.513515 0.0201113 0.0777921 0.371227 0.0581477 0.128939 0.104843 0.240248 0.00753168 0.436399 -0.03899 0.0300658 0.243685 0.0837426 0.00138896 0.0250235 0.00315046 0.0221607 0.0440952 -0.00217332 0.00531926 0.110964 0.206438 0.127337 0.597594
internal_weight=7105.71 6729.81 3593.2 3060.33 717.663 2342.67 567.495 1775.17 893.456 881.718 31.9089 3136.61 10.2279 1.86681 1.15309 0.744571 350.79 319.367 12.2419 10.898 2945.32 8.36107 1.23344 0.776092 849.809 66.6653 24.8251 1494.75 886.106 417.618 24.4907 8.0959 2.40176 203.792 39.3467 2.4649 36.8818 17.0745 16.2831 5.98917 164.445 2.75861 783.144 608.64 3.19541 2.4209 1450.57 307.125 1407.61 307.952 164.882 1099.65 800.846 19.0376 11.898 9.90058 1.99747
internal_count=388412 346525 238776 210907 32111 178796 31753 147043 60206 86837 2971 107749 846 183 103 69 13474 12001 397 350 100058 663 125 72 83866 6105 1855 50031 30489 17219 1821 249 61 12620 1710 113 1597 745 701 134 10910 74 77761 19542 249 193 50027 11604 48414 7162 3998 41252 28730 871 455 342 113
cat_boundaries=0 12 23 35 46 57 58 69 80 91 102 114
cat_threshold=528384 4096 274752256 536870916 2147483648 4210688 12846148 131104 68222976 131076 16777228 16 1064960 20971520 16777217 3278856 0 134352968 1703936 2156955649 1032 1048578 524544 269484036 1028 25165824 393216 12288 196616 1048576 2148532225 2101256 1074270792 590144 8 8519684 1073741824 134217761 2147516674 4452 33024 33554432 25690626 134217729 536871936 268568064 33554432 3271591942 270337 134217728 2415919104 8388608 1108082724 1050624 67108864 134217760 16875780 6026 1048576 0 16777216 33554440 0 134415368 1048576 2155872256 134217728 576 257 256 142607360 150994976 33554436 2048 537002280 9437248 2155876481 1075052544 1074004736 524800 84992 4198400 256 1074036864 67118336 268435456 268436480 32772 2056 839910472 268436481 65538 1115684864 16777216 2282749954 536871168 1048576 288 794880 4198400 6408 134217728 293601280 4194304 16777216 33816576 536879104 536876040 1048576 2147484163 137363608 262720 4718592 8
is_linear=0
shrinkage=0.08


Tree=28
num_leaves=58
num_cat=13
split_feature=17 6 6 2 8 8 2 8 8 8 8 2 8 2 8 2 2 15 15 20 12 11 12 8 2 2 15 15 8 17 8 17 6 8 12 2 8 15 15 17 10 18 14 11 8 6 2 10 2 14 2 14 13 13 2 15 12
split_gain=56.0708 46.4182 78.0445 60.9313 60.1288 201.807 58.9381 57.1152 122.889 61.2355 114.176 124.251 85.157 91.3263 69.2444 71.7367 56.333 50.4159 87.289 65.7408 83.9431 88.3822 58.4039 48.2452 57.432 47.79 44.9779 135.949 60.3138 49.4612 57.4014 50.0166 44.9038 44.5353 42.0156 38.251 37.8271 36.4761 88.896 35.6056 53.0783 38.7791 37.2447 43.5856 35.4629 101.551 33.7147 39.8094 33.5795 32.7916 31.9471 31.2561 31.0731 30.2868 29.8548 29.547 27.5012
threshold=0.0058498368598520764 4.5000000000000009 1.5000000000000002 0 1.0000000180025095e-35 2.5000000000000004 1 28.500000000000004 24.500000000000004 19.500000000000004 17.500000000000004 2 7.5000000000000009 3 5.5000000000000009 4 5 2157.5000000000005 2318.5000000000005 0.23779623955488208 320.50000000000006 4.0668902397155771 702.00000000000011 9.5000000000000018 6 7 2372.5000000000005 2365.5000000000005 7.5000000000000009 0.027208253741264347 16.500000000000004 0.014794140588492157 6.5000000000000009 10.500000000000002 1038.5000000000002 8 18.500000000000004 2351.5000000000005 2240.5000000000005 0.011314350645989181 86.500000000000014 0.19726283103227618 35.500000000000007 2.4102988243103032 12.500000000000002 6.5000000000000009 9 62.500000000000007 10 33.500000000000007 11 29.500000000000004 29.500000000000004 49.500000000000007 12 2902.0000000000005 917.50000000000011
decision_type=2 2 2 9 2 2 9 2 2 2 2 9 2 9 2 9 9 2 2 2 2 2 2 2 9 9 2 2 2 2 2 2 2 2 2 9 2 2 2 2 2 2 2 2 2 2 9 2 9 2 9 2 2 2 9 2 2
left_child=46 2 4 36 -2 39 -7 8 9 10 12 -12 14 33 16 -16 -3 34 19 20 21 -19 51 -15 44 32 27 54 -29 30 31 -30 49 -14 -13 -9 50 38 -35 40 41 -6 -41 -44 45 -25 47 -1 -17 -10 -4 -20 -42 -54 -5 -34 -47
right_child=1 7 3 26 5 6 -8 35 25 -11 11 17 13 23 15 48 -18 18 22 -21 -22 -23 -24 24 -26 -27 -28 28 29 -31 -32 -33 55 37 -36 -37 -38 -39 -40 42 52 -43 43 -45 -46 56 -48 -49 -50 -51 -52 -53 53 -55 -56 -57 -58
leaf_value=0.77447711760073346 -0.047815712992344342 -0.020368343769282263 -0.017683999293383844 0.015196287233550437 0.51149169269492645 -0.025344893757174095 0.016811778054105119 0.021027536626399206 0.13472479721123271 -0.0472659964725358 -0.031673884073264783 0.051993688785300717 -0.015921022478813211 -0.061541831459170811 0.091659304388904753 -0.025002953094423734 0.015048243939953805 1.8962491839841378 0.01321207238869941 0.21608390609164457 0.19638225812629961 0.65552582353638411 0.29740847588712699 0.011130165907980653 -0.032719344171644273 0.034480869162128655 -0.036645418309582165 -0.081947478899618093 0.77986404468161019 0.082202543333641021 0.0027092977860266277 0.29686114899429028 0.15642712859317978 0.076781333487378312 0.59950986964451536 -0.051815501723208895 0.09170434468348905 0.013514992075547712 0.36341144264690023 0.11736130380667041 0.082270888405651596 1.7055274124555373 0.68656347291536235 0.22190755466675366 -0.020376526357747071 0.17009157409619377 -0.042949530233443375 0.031976952457387235 0.032735846323096375 -0.027188808041270641 0.056446902385430285 0.18186651118110173 0.89709664907847053 -0.079861413987642058 -0.022566569585702627 0.32546191384234718 0.46984330893245635
leaf_weight=0.46428485214710136 111.72892522625625 393.96832986734807 104.94983492977917 155.00316507462412 0.40176979964598958 267.2700961753726 905.35456656990573 60.98442562436685 21.192863820120692 136.84421228338033 42.776559162884951 27.752793047111485 49.543901646509767 192.70282865362242 119.10853395285085 76.658381512388587 990.91800360335037 0.64345652516931229 13.463425581809135 2.1254273992963135 0.8577441656962036 0.86439471552148461 14.839704101905225 91.119190987199545 384.33280423935503 165.18175653647631 734.90997072961181 7.0157976634800425 1.5630527953617299 17.61675962805748 3.8183891875669351 11.176721052266656 22.892443596385419 47.699786766897887 0.92350785806774993 157.72508156253025 43.868298661429435 34.242744471877813 8.0982813364826125 31.865968104451895 1.9561486444436016 0.30983397038653493 1.5460159266367535 7.8228378100320697 78.67906443728134 21.340058092959229 280.01982792047784 38.235467108432204 283.13935816660523 12.861799226142464 45.379691590555012 14.721316854935138 0.73262662440538384 0.27970998827368021 826.12766784569249 9.3158024521544558 2.1551662590354672
leaf_count=46 6211 14804 4607 11130 34 13648 31945 2951 745 7632 2271 1243 2938 14421 1562 1669 41421 32 1049 71 57 54 483 5139 23926 4481 68700 383 50 241 396 160 279 1676 17 9284 1660 1946 173 950 180 21 23 249 4267 780 33024 3993 6026 487 3461 670 63 31 53613 153 52
internal_value=-0.0013184 0.000227531 -0.00659955 -0.0167833 0.00835067 0.013505 0.00713042 0.00666422 0.00931858 0.00502605 0.00749989 0.0842424 0.00420819 -0.0158535 0.0140024 0.0402243 0.0049346 0.135671 0.20403 0.539529 0.829383 1.18817 0.168969 -0.0265353 -0.0153158 0.0655052 -0.0214279 -0.010698 0.131675 0.175534 0.274794 0.35632 0.119588 0.0419886 0.0696976 -0.0329118 0.0250567 0.0785152 0.118402 0.179916 0.418267 1.03721 0.15861 0.298812 0.0199488 0.0493711 -0.0341089 0.0325454 0.0200905 0.0735766 0.00727302 0.101315 0.268842 0.62782 -0.0166757 0.205348 0.197653
internal_weight=7079.09 6760.37 3280.7 1951.43 1329.27 1217.54 1172.62 3479.67 3260.96 3029.52 2892.67 118.968 2773.71 909.914 1863.79 478.906 1384.89 76.1918 47.5155 4.49102 2.3656 1.50785 43.0244 770.329 577.626 231.445 1757.23 1022.32 41.1907 34.1749 16.5582 12.7398 66.2629 139.585 28.6763 218.71 194.198 90.0408 55.7981 44.9149 3.68009 0.711604 41.2348 9.36885 193.293 114.614 318.72 38.6998 359.798 34.0547 150.33 28.1847 2.96849 1.01234 981.131 32.2082 23.4952
internal_count=387578 350515 197756 144401 53355 47144 45593 152759 140524 134379 126747 5947 120800 55318 65482 9257 56225 3676 2416 214 143 86 2202 48585 34164 6145 134673 65973 1230 847 606 210 1664 6733 1260 12235 9728 3795 1849 1551 329 55 1222 272 10238 5971 37063 4039 7695 1232 8068 1719 274 94 64743 432 832
cat_boundaries=0 11 22 33 44 53 64 75 85 96 107 117 128 140
cat_threshold=134417408 8520208 1024 134217728 1280 273679360 4416 401680 67108864 76 16777729 2637824 8389636 406847746 538970112 67115008 541065280 512 2 134218769 1312000 1 0 20976640 16777602 131072 0 537001984 1572928 16783872 1041 1612054594 524288 151552 213909504 8389025 33816576 68 1048832 0 16809984 136314913 132096 268437248 0 16782336 16777216 131072 0 131112 64 0 8 286392320 37752832 25165952 33554432 536872960 1032 1048896 1048576 2098312 170393664 2155872832 1048576 1073741830 4194306 135299081 536871040 671088704 2248671328 9437184 68161552 33558532 65536 8388608 1024 151257088 0 0 0 9437184 8390658 1040 262144 1573120 4194304 150994944 33554440 268445696 8 33554496 17825792 1216349184 512 524356 4 33555456 4194305 35651844 0 99336 9437184 2151678466 2 270400 2416443904 16384 4 262145 12 0 536870912 8388608 8391168 4096 537134144 66560 0 0 0 0 1024 64 0 0 68 16777216 16384 67109888 16416 1073741824 2048 8454400 403702784 16812162 16 1611007232 2097192 16
is_linear=0
shrinkage=0.08


Tree=29
num_leaves=58
num_cat=22
split_feature=15 2 15 15 1 14 1 1 3 1 12 2 19 14 1 2 13 1 2 1 13 2 2 2 1 1 12 12 12 6 15 21 18 19 19 17 15 20 19 19 21 18 17 2 12 19 20 10 6 2 1 12 2 1 1 12 17
split_gain=51.6692 51.7985 48.1222 103.533 55.7684 50.0634 34.3957 34.2364 33.0482 46.3431 41.0788 39.1085 37.0164 49.1887 28.9628 28.9226 30.1226 28.6919 28.1175 27.7439 25.8233 22.7044 22.4818 21.7328 20.9122 19.6069 17.8467 26.0446 44.4938 17.8123 21.9559 34.6064 26.9671 25.6321 37.6476 27.8652 23.6455 21.6377 18.1462 31.7239 35.3748 23.1987 17.6002 17.4425 17.3329 21.2802 25.7957 22.0692 16.3846 44.5071 28.2957 22.9729 22.3231 21.2398 17.8999 17.6508 19.3246
threshold=2925.5000000000005 0 4058.0000000000005 4175.5000000000009 1 86.500000000000014 2 3 15.500000000000002 4 291.50000000000006 5 0.0057952599599957475 25.500000000000004 6 7 105.50000000000001 8 9 10 1.5000000000000002 11 12 13 14 15 486.50000000000006 419.50000000000006 433.50000000000006 6.5000000000000009 4102.5000000000009 0.024751422926783565 0.22203082591295245 0.016701417043805126 0.015974116511642936 0.0082495920360088366 4137.0000000000009 0.23105816543102267 0.006754862144589425 0.0072740307077765473 0.017909062094986442 0.18964031338691714 0.015106757637113334 16 15.500000000000002 0.018871331587433818 0.24283147603273394 87.500000000000014 3.5000000000000004 17 18 1017.5000000000001 19 20 21 1021.5000000000001 0.036879675462841995
decision_type=2 9 2 2 9 2 9 9 2 9 2 9 2 2 9 9 2 9 9 9 2 9 9 9 9 9 2 2 2 2 2 2 2 2 2 2 2 2 2 2 2 2 2 9 2 2 2 2 2 9 9 2 9 9 9 2 2
left_child=1 17 6 4 5 20 -2 15 9 10 12 -10 13 -9 21 -3 -17 -1 19 -11 -4 26 -8 -22 -5 -20 27 -13 -29 30 31 33 -33 34 35 38 -32 -34 -25 -40 41 -41 -37 -12 45 46 47 -14 49 51 -51 53 -50 -16 -54 56 -53
right_child=2 7 3 24 -6 -7 22 8 11 18 43 14 44 -15 48 16 -18 -19 25 -21 23 -23 -24 29 -26 -27 -28 28 -30 -31 36 32 37 -35 -36 42 -38 -39 39 40 -42 -43 -44 -45 -46 -47 -48 -49 52 50 -52 55 54 -55 -56 -57 -58
leaf_value=0.026649930426999254 0.01506981280544276 0.014798895098086197 0.64514308379604257 0.028102966902472316 -0.0049176422884749929 0.91757175224316656 0.0073809659313888365 1.1325699840328565 -0.024761579671265906 -0.016092381761761893 0.033099356674084181 0.0085770982896700796 0.45695526354145716 -0.080285302878477835 -0.0012103261952209226 -0.026548222064452266 0.62743252567756935 -0.0259753503299841 0.012572440770782702 0.025838307968591417 -0.027732800085938317 -0.032655491249646278 -0.036528825112562877 0.040838429087886423 -0.050531786326717273 -0.009429976542593671 -0.031855149365284843 0.41410038218544332 0.073234092251774185 0.067094191923295798 -0.063498470270459337 1.0813680226585356 0.68894150701319901 0.00077476894462601847 0.55685978002536984 -0.021461637506743698 0.13394191291604476 -0.081217959801528836 1.3013808965188278 1.0002223341136367 1.3205064223646674 0.11232584690790946 0.21175353611401942 -0.035671683725893785 0.035419648658475127 0.073889660975795496 0.65650793316615874 -0.0011008467741178566 -0.015391793640048503 0.026271005125940921 -0.023809361793647406 0.50956123823486499 -0.016806302020841681 0.049586840758766827 0.034628355059997125 0.087772544121386895 0.085664180310321719
leaf_weight=68.978961606044322 114.66565985837951 156.01167388539761 0.5457025496289124 22.807828642893583 67.676058980170637 0.47637687670066853 86.889423372689635 0.45817146357148786 136.6968483668752 132.13490287214518 26.393870539497584 19.967013467103243 1.0330521892756221 0.39810165064409375 87.196757338009775 400.15281000453979 0.44775194441899557 543.07664137007669 295.69513069372624 370.10983491502702 10.895627538207917 111.18588645989075 677.6897888192907 0.6558336191810733 114.23193910717964 1766.2048202585429 17.785259541124105 3.1746114362031213 10.719017420895396 29.861373031511903 4.5923388088122037 0.47825115267187246 0.5157687971368432 3.8224918935447922 1.9851067140698422 3.7589476187713426 25.029480096884072 0.42295839078724384 0.28600778011605132 0.2187681752257048 0.22425626404583443 1.2411051061935721 4.6069254986941814 64.958331844303757 206.88937688805163 37.090679957531393 0.86170780565589655 1.9201593883335588 67.264145804569125 95.792971066199243 223.12181254709139 1.6123999496921881 44.247454882599413 149.78390502138063 839.98102511838078 6.2770401039160788 1.2018977981060741
leaf_count=3937 8198 8357 38 1757 6158 32 6022 51 6386 5349 1849 819 38 40 3448 28895 34 43452 14127 14259 903 4603 58022 78 10067 86355 679 55 427 1591 460 29 32 216 70 320 1804 24 32 26 13 161 287 3936 9100 916 35 76 2531 4428 11465 50 1914 5483 28651 150 12
internal_value=-0.000919549 0.00213517 -0.0162476 0.0117513 0.0560378 0.0923157 -0.0256204 0.00469762 0.00691704 0.00163828 0.028942 0.0153969 0.0466477 0.570664 0.0187019 -0.0139132 -0.0251831 -0.0197113 -0.00208694 0.014708 0.0982252 -0.0130272 -0.0315079 0.094831 -0.0390807 -0.00622916 0.0276717 0.0671096 0.151205 0.102408 0.14585 0.214962 0.594223 0.182855 0.236474 0.178453 0.103328 0.342927 0.405641 0.52679 0.392806 0.247466 0.107001 -0.0160831 0.0448289 0.0924111 0.272252 0.159483 0.0221719 0.0115267 -0.00842515 0.0362535 0.0287258 0.0329377 0.0318953 0.162502 0.328861
internal_weight=7062.4 5888.82 1173.58 294.333 157.293 89.6173 879.245 5276.77 4720.16 2904.15 340.003 1816.01 248.651 0.856273 1679.31 556.612 400.601 612.056 2564.14 502.245 89.1409 162.832 764.579 88.5952 137.04 2061.9 51.6459 33.8606 13.8936 77.6996 47.8382 18.2164 1.41698 16.7994 12.977 10.9918 29.6218 0.938727 2.62597 1.97014 1.68413 1.45987 8.36587 91.3522 247.795 40.9056 3.81492 2.95321 1516.48 564.987 318.915 246.072 951.493 236.981 884.228 9.09134 2.8143
internal_count=388247 291907 96340 24098 12274 6116 72242 244518 207232 136131 16041 71101 10256 91 64715 37286 28929 47389 120090 19608 6084 6583 64044 6046 11824 100482 1980 1301 482 5143 3552 1288 85 1203 987 917 2264 56 310 232 200 187 607 5785 10165 1065 149 114 58132 25036 15893 9143 33096 8931 30565 212 62
cat_boundaries=0 12 23 35 46 57 69 80 92 103 113 125 136 147 158 169 179 189 200 212 223 234 245
cat_threshold=16777281 33556500 134217728 524544 2214592512 536879240 268435712 1048832 8392720 136843264 25231364 8 1048580 25165824 155451552 33554432 0 536875008 9437248 13633539 2097169 768 8912960 18939904 1073741824 16777216 128 1610612740 4239360 832 18088448 2098176 1610875914 2415919108 8 83951876 1084227584 134283264 17408 132 571473920 132096 2147483648 17826864 655360 2416447744 304223232 2151678978 4227072 536873217 0 213248 2415919104 131072 2048 33816872 16777729 35652608 67108864 4096 1073741825 536871940 1048640 1083187204 4456450 32 2717911072 557120 64 536887296 2214594562 32897 1611661312 67108928 65792 2416443952 1048626 8388736 40 2560 2156462336 0 17060098 50331654 0 134348864 525376 268438080 2097154 2048 268960256 64 268959748 16777216 4194336 262144 2147483680 548936 33686592 131072 83886112 33686020 599552 3145728 138416128 10485760 1610907648 0 33636672 139844 17039490 1310752 33685508 0 50331648 8389024 2181038080 536879104 33824 41943552 33281 10489856 1049156 4326400 8 1048576 20972544 2359554 4 14336 138543104 2147483712 16777221 1075838984 1600 268435456 268500992 4 10780675 262148 1073752192 36872 2151678016 524288 2102272 2056 272696576 4 4 4352 0 0 65536 128 0 2098184 1745879040 4194560 16388 4194304 0 0 0 0 1048768 528384 134217736 330 4 1 50462720 4482 1074790536 8 1082167296 768 16781632 547356801 8706 0 12583040 32 147464 4 5439488 134217728 4460544 68222977 1073742080 1050624 2101762 25436416 134250496 256 65792 1088 2155872256 1210057856 1049922 768 271188032 5243904 262144 33947652 536870912 131176 1048832 4198401 2056 33555712 1089 8 134283264 1080197634 271360 134217728 268437888 1342242816 2152071168 2147483648 3145728 70 512 1048576 150999040 288 2147483648 536877056 134348800 34603008 25722880 1207959552 262468 4259840 270532672 5242880 0 0 2147492096 0 8388864 36864 2097152 1107296260 16778244
is_linear=0
shrinkage=0.08


Tree=30
num_leaves=58
num_cat=21
split_feature=19 15 2 1 2 1 2 15 15 2 1 15 15 0 1 15 5 2 2 1 2 1 8 9 6 8 13 8 2 8 1 2 8 15 15 1 20 1 1 12 15 8 12 12 6 13 11 14 21 10 13 6 2 15 15 8 20
split_gain=49.8933 37.4042 41.7276 33.9495 34.3691 32.4847 29.2927 28.235 35.2761 27.5748 44.6283 24.3953 37.2828 33.5687 26.4824 27.0945 25.2393 44.2279 28.646 26.6365 33.416 22.2756 20.7718 27.7956 23.5758 32.9553 22.9821 20.3761 33.2468 30.4664 31.3315 34.189 48.7855 105.333 189.182 28.8384 27.0385 26.8643 19.8954 19.2008 16.3323 23.6348 22.8801 22.0698 27.3416 18.6508 17.8629 16.1554 15.6063 18.2665 15.1979 27.545 14.9161 16.5899 14.8607 44.9533 39.5088
threshold=0.013100949581712486 2925.5000000000005 0 1 2 3 4 4058.0000000000005 4175.5000000000009 5 6 355.00000000000006 432.50000000000006 7 8 568.50000000000011 1270.5000000000002 9 10 11 12 13 3.5000000000000004 753.50000000000011 6.5000000000000009 1.5000000000000002 21.500000000000004 7.5000000000000009 14 16.500000000000004 15 16 17.500000000000004 3981.5000000000005 3992.5000000000005 17 0.22702168673276904 18 19 194.50000000000003 412.50000000000006 1.5000000000000002 223.50000000000003 459.50000000000006 1.5000000000000002 24.500000000000004 5.8464102745056161 41.500000000000007 0.02507248800247908 143.50000000000003 1.5000000000000002 4.5000000000000009 20 2902.0000000000005 2998.5000000000005 9.5000000000000018 0.15277060866355899
decision_type=2 2 9 9 9 9 9 2 2 9 9 2 2 9 9 2 2 9 9 9 9 9 2 2 2 2 2 2 9 2 9 9 2 2 2 9 2 9 9 2 2 2 2 2 2 2 2 2 2 2 2 2 9 2 2 2 2
left_child=3 9 7 4 -1 54 38 -3 39 10 -2 -11 40 -14 -15 -16 18 -18 21 20 -20 -17 23 48 -25 -26 -27 28 37 -29 31 32 33 -31 -35 -30 -36 50 -5 -9 41 42 -13 44 -44 46 -46 -19 49 -22 51 -8 -24 -54 55 -4 -57
right_child=1 2 5 6 -6 -7 27 8 -10 11 -12 12 13 14 15 16 17 47 19 -21 22 -23 52 24 25 26 -28 29 35 30 -32 -33 -34 34 36 -37 -38 -39 -40 -41 -42 -43 43 -45 45 -47 -48 -49 -50 -51 -52 -53 53 -55 -56 56 -58
leaf_value=-0.039246733199155559 0.031791505771149205 0.0031468552871056856 -0.040590083520528009 -0.041788770409155983 0.046355788594416095 -0.036650872789358795 -0.080917852880996843 -0.001857771428432592 -0.010064390471704113 -0.061038026775598844 -0.026432270275945462 -0.082491438004709414 -0.019933017935705361 -0.011287026414333259 -0.042438268465702998 -0.0072362457605471189 -0.031906148952863721 0.05329231892405125 -0.039135850111638913 -0.0042790182565479278 0.049541936722918067 0.01890377543322334 -0.017296904888745843 -0.05022800416889809 -0.082377305419930255 0.60145698280334492 0.031080920865463206 -0.051287738809578536 0.015859690668422705 -0.0050033309723934794 -0.032606303206080253 -0.015380435091440246 0.074242034990811695 3.2141839251069881 -0.079688456803226823 -0.035111445752855366 1.1131418471092562 -0.019166789159969867 0.029939083413479041 0.20246183678992022 0.060875324034185531 -0.0074293365164802986 -0.0070910352961273664 -0.08275090518502129 0.54235570129910526 0.88471587601914192 0.034928468633679544 0.41648932208639738 0.18184504897662265 0.53336973314250014 0.039598999409988067 0.69720041260163301 0.035992120697143838 0.20926702376218079 0.0052295719864658939 0.57632103688720349 0.13442620326305388
leaf_weight=34.261764417868108 99.781751244794577 98.286388586740941 7.5307160681113583 22.45598774170503 99.090595663990825 394.50747109716758 0.55058955959975608 3.6790521619841519 13.120839171577243 34.102161996997893 373.9132660292089 1.8380680950358499 301.91042212955654 428.69404967827722 62.846464246045798 239.47706955997273 46.156230052001774 183.99058714648709 36.606296856887639 1242.3925513657741 13.371760702691972 1578.622350200545 38.560692563652992 12.626693745143713 1.6567536983638993 1.2822061730548737 0.69793738238513481 293.51821530470625 86.915369552094489 1.0566703649237741 191.65894084703177 62.571338328998536 33.993887972086668 0.21509449556469906 0.30621213559061289 334.88968854257837 0.19776268023997545 80.289435965009034 115.10747947962955 14.720469583291559 114.33479636162519 54.561091368552297 1.0091563239693644 0.98477266915142525 1.2766325864940884 0.5758311110548674 0.68054873775690783 0.78372901491820712 17.077243414707482 0.51533143362030465 111.0473641497083 0.61284714844077826 105.79291744111106 3.6553161903284481 54.859339403919876 1.6955674602650104 5.4581450070254505
leaf_count=3037 4749 5771 336 1947 7603 26405 42 171 735 2130 20450 83 13501 18607 2946 9253 1880 6237 2305 52866 914 57887 2053 881 78 46 29 38916 8033 136 18089 5783 2705 31 43 34395 26 5845 8888 563 2482 1783 22 41 51 28 31 22 475 17 7886 32 5727 144 2752 88 228
internal_value=-0.00126871 0.00217686 -0.0168049 -0.014391 0.0231583 -0.0276997 -0.018178 0.0225407 0.0901575 0.00443146 -0.0137638 0.00635215 0.00687795 0.00540937 0.00734647 0.00959917 0.0105547 0.0361207 0.00876139 0.000417547 0.0247213 0.0154399 0.0380183 0.0861583 0.00147236 0.180842 0.400829 -0.0222265 -0.0122427 -0.0331179 -0.0147272 0.0212704 0.0747331 0.503992 1.24834 -0.0244845 0.392858 0.0150702 0.0161911 0.161615 0.0430485 0.00959293 0.155432 0.252025 0.345087 0.48521 0.366293 0.0520252 0.130633 0.0676267 0.0391312 0.329827 0.0252242 0.0382875 0.0213018 0.0958333 0.239396
internal_weight=7062.37 5593.63 593.858 1468.74 133.352 464.051 1335.39 129.807 31.5204 4999.77 473.695 4526.08 4491.98 4316.72 4014.81 3586.11 3523.27 230.931 3292.34 1474.24 231.843 1818.1 195.237 47.2279 16.2636 3.6369 1.98014 1197.82 614.305 583.518 290 98.341 35.7696 1.77574 0.719069 421.805 0.503975 192.5 137.563 18.3995 175.261 60.9261 6.36501 4.52694 3.54217 2.53301 1.95718 184.774 30.9643 13.8871 112.211 1.16344 148.009 109.448 69.5438 14.6844 7.15371
internal_count=388204 244767 37049 143437 10640 29809 132797 7240 1469 207718 25199 182519 180389 175868 162367 143760 140814 8139 132675 65535 12669 67140 10364 2440 1034 153 75 121962 56233 65729 26813 8724 2941 236 100 42428 69 13805 10835 734 4521 2039 256 173 132 110 82 6259 1406 931 7960 74 7924 5871 3404 652 316
cat_boundaries=0 11 22 33 45 57 68 79 80 92 104 115 126 138 149 160 172 183 194 205 216 226
cat_threshold=0 8388612 8650784 33816708 128 1073745928 2156920896 1704448 136320000 576 272695296 2147631109 1090519170 285214720 537395456 0 33571136 5373952 16809988 201326594 35651840 65536 8404993 4 4456608 0 335546368 5128 1048576 2164267008 1034 671089226 8388929 25231360 1073741828 0 2176 6144 70656 576 294912 2102272 672268288 2424307968 8 2147549185 134217728 268435474 545259520 1073745924 1081408 131136 268959752 287309826 1073750018 285213184 72 128 33589252 1152 1073742208 2052 139460608 1350570240 1048576 16777216 1210318976 272728065 270532609 85983232 4456736 131076 0 1197344 524288 17956865 0 1241514240 2160132352 2304 128 37752834 0 33554436 128 1242845184 0 2147491845 33554464 1073752194 68165889 16 142606336 17825792 151060483 570556416 128 65832 524308 17338368 16 570561536 524288 8 9961472 0 421527553 134350852 0 33685800 64 2172686336 1074790424 536871940 8912896 143279104 0 138674176 537018368 603983872 8454176 2148007952 268416 603979776 1310728 524800 2415919104 4194304 2336 8912896 8448 1073758400 167903744 770 167837696 4203072 260 16 2147565568 1140850688 2695232 136347658 2148536384 65568 1057808 16777232 1 262148 1028 285212672 16781312 20971648 131076 67108864 1078072320 134742528 20972291 1074790400 5243136 2152202240 1048576 32 134480128 1065088 1073741828 8224 2147483776 1575170 16 1073873472 2147483716 8 1572864 1024 4194592 2230272 268435456 134415368 9961472 1048576 134218768 64 5 17825792 46137344 256 2147502092 36 134284288 176160768 4719106 4104 671091714 8388608 8388608 46137348 134217984 35651584 335544320 134283272 524544 9441281 145 1074528266 5 83886080 42991616 262400 2099208 68 0 335544352 1179648 1048576 1213203458 2160066564 2228232 8388640 16384 540016641 40 1024 524288 2112 8389633 264
is_linear=0
shrinkage=0.08


Tree=31
num_leaves=58
num_cat=11
split_feature=19 5 6 6 1 8 8 1 8 6 12 1 1 15 15 8 8 21 10 8 1 8 12 8 8 8 0 8 8 1 1 8 1 12 17 17 12 12 6 12 12 12 8 21 9 12 9 12 12 12 12 8 19 12 19 1 1
split_gain=50.6609 35.5239 39.0533 63.3075 58.5838 53.7698 93.4596 48.0903 43.0569 79.9347 42.7127 42.1563 38.0007 34.1562 100.087 38.447 47.0738 36.2439 31.3401 27.6687 33.3915 33.1787 40.5616 25.4917 24.871 32.203 35.9777 29.5126 67.7872 67.0176 43.583 39.3186 27.2755 27.3148 28.9163 27.0543 25.8778 26.907 44.5135 52.7212 25.4196 31.0412 25.1337 25.3688 25.0441 24.8347 24.3585 22.599 37.135 37.4431 26.5621 25.512 29.9147 24.1551 22.3682 21.8389 21.7457
threshold=0.0067093032412230977 1105.5000000000002 1.5000000000000002 4.5000000000000009 0 1.0000000180025095e-35 2.5000000000000004 1 1.0000000180025095e-35 3.5000000000000004 15.500000000000002 2 3 2382.5000000000005 2365.5000000000005 7.5000000000000009 16.500000000000004 0.014621647074818613 113.50000000000001 7.5000000000000009 4 8.5000000000000018 397.50000000000006 2.5000000000000004 28.500000000000004 24.500000000000004 5 7.5000000000000009 5.5000000000000009 6 7 9.5000000000000018 8 280.50000000000006 0.010793935973197223 0.013054020702838899 467.50000000000006 419.50000000000006 6.5000000000000009 454.50000000000006 1038.5000000000002 1044.5000000000002 11.500000000000002 0.037218427285552032 1559.5000000000002 149.50000000000003 753.50000000000011 283.50000000000006 315.50000000000006 343.50000000000006 338.50000000000006 27.500000000000004 0.013100949581712486 280.50000000000006 0.007305118953809143 9 10
decision_type=2 2 2 2 9 2 2 9 2 2 2 9 9 2 2 2 2 2 2 2 9 2 2 2 2 2 9 2 2 9 9 2 9 2 2 2 2 2 2 2 2 2 2 2 2 2 2 2 2 2 2 2 2 2 2 9 9
left_child=-1 2 5 4 8 -2 -7 10 9 18 -8 45 -3 14 56 -16 17 -17 -4 20 -10 22 -21 -22 25 27 35 28 30 31 -13 -29 33 34 -30 44 37 -33 39 -39 42 -42 43 -38 -27 -5 -20 53 -49 50 -50 -51 54 -12 -53 -9 -6
right_child=1 12 3 11 13 6 7 55 19 -11 47 24 -14 -15 15 16 -18 -19 46 21 23 -23 -24 -25 -26 26 -28 29 32 -31 -32 36 -34 -35 -36 -37 40 38 -40 -41 41 -43 -44 -45 -46 -47 -48 48 49 51 -52 52 -54 -55 -56 -57 -58
leaf_value=-0.032028357195312815 -0.050497716538947864 -0.023038408230369553 0.85494952978290129 0.048202703305625406 0.019661818078228567 0.13587063907201716 0.22102384891719806 0.021377318357192216 -0.047537154056810603 -0.0011462993983729275 0.050144247688984359 0.030806962811422908 0.016103451764643121 -0.040788758782882927 -0.059838477250528391 0.5174027682377923 -0.02330970946721728 0.1680901248372221 0.61894678561497829 0.18437543933784398 0.20835462536808586 0.019039716570360871 -0.087209733887374977 0.011268869079664639 -0.03887816814004532 0.30659083756891437 -0.00095613616955543155 -0.064966039556074398 0.31020416373775772 -0.031140354540854318 -0.017237187028094843 0.058421996988294159 0.0078990535349763753 0.040173248153318533 0.093427205790008114 0.072544350208507163 0.025948241236657284 0.30515606566801778 0.46886677658271292 -0.083106802824637338 0.26879901286151769 -0.081727814018360517 -0.031554965945271247 0.24733047087559282 -0.010550022019910956 0.010773363883921557 -0.080816820457175739 -0.072938620046544486 0.031173943252758712 -0.0098843571988042507 0.14732870337280862 0.71126345942632607 0.039076997218202562 0.19355698764951243 0.18617788333913979 -0.012646638441871928 -0.025732275516377294
leaf_weight=320.71760902134702 83.544197876472026 172.74854810768738 1.267134498804807 148.28767707385123 70.53353725373745 40.159299245104194 7.6988749783486119 157.74775225948542 60.614484044257551 3.9562032269313931 101.18188564898446 138.36200295109302 1303.972540336661 541.86328014358878 7.283433381933718 2.0660607041791108 8.2567944419570249 23.506065911613405 0.67798614734783746 17.124139860272411 7.1263117790222195 98.904860944021493 4.4275054465979329 10.222964650951324 124.74640098307282 6.509977753274141 82.543141951784492 24.172427702695131 4.3608282781206062 529.41929118195549 660.62557165883482 47.725012188777328 142.24980889679864 107.26666193781421 40.43122715735808 39.39867000002414 13.938401861581953 4.3525265567004663 2.8440588302910319 4.6014964692294598 4.9842285495251408 2.3904096311889589 48.287613339256495 4.342534619383513 2.1094948705285788 482.92838977556676 0.59612236218526959 26.208290486596525 25.635059346910566 120.10926314210519 24.780198625754565 0.59814187558367748 42.009297212120146 8.1168543500825745 3.8312433455139399 423.05998877482489 658.27273832308128
leaf_count=38688 4898 12603 35 5537 5140 1187 133 6166 3875 247 2913 5194 54520 54043 457 48 746 233 23 503 357 5655 128 587 7290 215 2589 1730 130 34836 29082 2208 2899 1967 538 739 772 29 29 160 72 143 2060 140 75 23483 44 936 1046 5219 361 19 663 117 176 18680 45369
internal_value=-0.000965167 0.000516268 -0.00256796 -0.00604931 -0.0190988 0.0111117 0.0163579 0.0112568 0.0202569 0.223837 0.0337226 0.0013722 0.0114776 -0.025209 -0.0145714 0.106867 0.142762 0.19638 0.573609 0.0146075 -0.0225249 0.0386409 0.128577 0.0585232 -0.00424867 -0.00201019 0.0363391 -0.00482257 0.00334266 -0.0178156 -0.00874737 0.0271852 0.0361643 0.058255 0.114555 0.0832981 0.045913 0.0851736 0.193338 0.105672 0.0143063 0.155195 -0.00130904 0.0785738 0.229002 0.0192615 0.292225 0.030586 0.0170048 0.0278706 0.0882728 0.00958493 0.0599373 0.0608004 0.257593 -0.00320022 -0.0214223
internal_weight=7045.7 6724.98 5248.26 4183.58 1516.7 1064.68 981.136 940.977 204.918 6.49745 360.169 2666.88 1476.72 1311.78 769.919 41.1124 33.8289 25.5721 2.54124 198.42 77.9638 120.457 21.5516 17.3493 2035.66 1910.92 130.561 1780.35 1093.3 687.058 798.988 157.639 294.309 152.059 44.7921 48.0181 133.466 59.5231 11.7981 8.95402 73.9432 7.37464 66.5685 18.2809 8.61947 631.216 1.27411 352.47 243.171 216.963 50.4153 166.548 46.4387 109.299 4.42939 580.808 728.806
internal_count=387732 349044 281921 239407 117490 42514 37616 36429 11454 349 11583 121917 67123 106036 51993 1484 1027 281 102 11105 4819 6286 631 944 92897 85607 3618 81989 39810 42179 34276 7343 5534 2635 668 1029 5613 2426 218 189 3187 215 2972 912 290 29020 67 11450 8420 7484 1407 6077 858 3030 195 24846 50509
cat_boundaries=0 12 23 34 45 56 57 68 79 90 101 113
cat_threshold=2148139360 6162 262144 32770 67109896 8413184 64 131584 603983872 1073750016 285213185 64 269500416 2167406592 134217856 33685512 0 135456 268435552 2147516419 10485896 1107296320 524352 437780484 0 408977408 536870912 545259552 16704 3489660944 1579008 152043520 1310720 1 0 1024 138444800 671088640 67119108 542114048 67108864 4198400 202376320 1745620992 64 320 4096 262144 0 67108864 0 64 512 4096 1073741824 285212672 906 2314240 3231711268 133 1067264 4096 1073815552 4194304 12615680 32 640 276824576 67584 8388608 266242 16908421 0 4325376 76023300 2147483690 0 2107904 4260608 8388608 16782336 17039489 131080 8192 671219752 524352 2147483648 1073741848 1610743808 524288 8388612 4 29425699 1073743876 268441604 1096 68157952 0 1073741826 134218504 2147483904 4100 16909856 68 1073742081 2147483648 66560 1073745920 2152 2097153 234881832 4096 8
is_linear=0
shrinkage=0.08


Tree=32
num_leaves=58
num_cat=24
split_feature=15 2 1 1 8 1 2 15 15 9 13 21 0 8 8 1 15 8 2 2 1 1 1 15 8 14 12 15 10 15 5 14 1 1 20 16 21 2 2 14 2 15 6 8 2 12 8 8 1 2 1 2 11 2 8 1 11
split_gain=50.0773 42.122 40.3036 35.2414 34.7609 52.5991 40.2912 43.0361 82.9651 53.9925 36.6183 35.7473 29.1503 45.5087 60.7321 51.7797 42.5704 38.1588 64.54 52.0041 51.2023 49.952 49.6652 33.7083 32.7288 49.5201 36.3716 33.6075 38.2946 32.1772 49.9519 33.579 32.0679 28.6214 28.2018 42.4256 34.9319 27.918 27.6926 27.1877 26.6669 26.5562 26.4752 90.5548 26.2243 24.284 24.2387 34.5673 26.8793 25.7695 24.1174 24.0828 23.3577 22.8643 22.3194 31.1279 23.9204
threshold=2925.5000000000005 0 1 2 2.5000000000000004 3 4 4115.5000000000009 4058.0000000000005 255.50000000000003 46.500000000000007 0.01352102914825082 5 23.500000000000004 29.500000000000004 6 708.50000000000011 8.5000000000000018 7 8 9 10 11 2846.5000000000005 26.500000000000004 39.500000000000007 520.50000000000011 2813.5000000000005 72.500000000000014 2878.5000000000005 1005.5000000000001 28.500000000000004 12 13 0.23242626339197162 0.21896062046289447 0.034564211964607246 14 15 16.500000000000004 16 2907.5000000000005 6.5000000000000009 1.5000000000000002 17 1010.5000000000001 29.500000000000004 17.500000000000004 18 19 20 21 3.3736156225204472 22 5.5000000000000009 23 5.4214062690734872
decision_type=2 9 9 9 2 9 9 2 2 2 2 2 9 2 2 9 2 2 9 9 9 9 9 2 2 2 2 2 2 2 2 2 9 9 2 2 2 9 9 2 9 2 2 2 9 2 2 2 9 9 9 9 2 9 2 9 2
left_child=1 2 -1 38 5 -2 -7 8 42 39 -11 -12 13 15 16 37 -15 19 21 20 -14 -19 41 54 25 26 34 -26 -29 30 -25 -32 -21 -16 52 36 -36 -5 -3 -10 -34 -20 -8 -44 -17 46 47 51 49 -49 -6 -24 -18 -52 55 -22 -56
right_child=4 3 -4 12 50 6 7 -9 9 10 11 -13 17 14 33 44 24 18 22 32 23 -23 45 29 27 -27 -28 28 -30 -31 31 -33 40 -35 35 -37 -38 -39 -40 -41 -42 -43 43 -45 -46 -47 -48 48 -50 -51 53 -53 -54 -55 56 -57 -58
leaf_value=0.026897135120663784 -0.03966396120130336 0.021305564070873459 -0.025849430060496066 -0.019038338334029729 0.017686936624981064 -0.028464026953462493 0.026050576691246677 -0.041489065918159256 0.38600497119966393 0.18265209341795544 0.31997624147120318 1.2313612416024884 -0.027195157188580101 0.024917438506600609 0.049805303584770456 0.024896743685598001 0.62534029990179552 0.048658539934307285 0.021435947768991243 0.017513037256423503 -0.014544483442348226 -0.0055435882916915705 0.0097613131107008293 0.070891892622103284 0.01438446420642996 -0.046508480169138375 0.065667304229605566 0.46895169095837774 0.11179626107321883 0.014137708517638075 0.27878274115506591 0.73327066167658583 0.031130330877284781 -0.04074458701787341 0.98041584612558863 0.28557227598934581 0.34185601821694933 0.039715394199565393 -0.02722341901131831 1.1123129233751885 -0.015950882301659731 0.46356204342215734 0.0054086576866092407 0.40929597338508095 -0.010621269136555721 0.019930107252757189 -0.071263579749629602 0.052221319623790716 -0.024712198157125127 -0.01603433713202207 0.012875320517449381 -0.048087045131162152 0.1642201045716882 -0.030797795778987287 0.026512569131236296 0.032779006477590161 0.072271428638729193
leaf_weight=104.40353015623987 66.563558867201209 89.236717760562897 543.39495567511767 57.712768676225096 83.52952016191557 33.060387674719095 42.269059343729168 15.737743424251674 0.66442756727338081 14.025693307165055 0.78892150567844399 0.42274137772619724 99.231282647233456 58.814630324020982 25.675441808067262 160.44413843844086 0.78607798041776344 184.79613193497062 153.57096002064645 373.01040662778541 129.52838044194505 248.36955818533897 55.962193394545466 7.2696257540956157 26.746509500779212 4.363049046136438 4.8506227312609544 2.011771159246563 41.417661444284022 9.0080743418075127 4.4401669558137655 1.3592659793794153 77.920611920300871 50.946830214932561 1.3508219681680205 3.8653028714470565 0.93039994128048409 373.17241374822333 348.72252278076485 0.66291911201551557 684.73998573096469 0.87091125175356765 10.053073605988173 5.4911906998604527 598.97746736649424 67.112515325658023 82.381228948477656 69.585748199839145 179.30622216034681 60.58471657242626 84.103607242926955 344.0396318687126 6.474030049983412 776.17803228786215 167.16920857829973 255.90371050406247 129.95346452342346
leaf_count=5743 5544 5013 45857 2537 5180 2258 3393 1483 27 678 52 22 3959 1063 803 6776 23 7245 7416 13793 5357 11098 3441 357 631 151 200 39 550 356 117 35 3266 2848 50 94 18 17201 21565 27 30814 18 587 138 29232 2642 5592 2591 7735 2713 5824 24263 269 71024 4359 10162 3598
internal_value=-0.000937908 0.00202534 -0.0170687 0.00440883 -0.0163361 0.0149085 0.0440438 0.0708307 0.10412 0.261949 0.219207 0.640597 0.00639906 0.0159947 0.0488304 0.00983291 0.0781673 0.0023439 -0.0074828 0.00968512 0.025092 0.0181564 -0.0184391 0.0327331 0.111915 0.195595 0.253449 0.0849336 0.128377 0.130482 0.210649 0.385685 -0.00142879 -0.00921877 0.321355 0.447462 0.720906 0.0315925 -0.0170804 0.750728 -0.0107999 0.0224839 0.0588856 0.148147 -0.0028912 -0.0259711 -0.0301894 -0.0254197 -0.00534392 0.0215762 -0.0226175 -0.0409519 0.214426 -0.0264293 0.0300503 0.0173486 0.0465269
internal_weight=7023.96 5890.41 647.798 5242.61 1133.55 189.74 123.176 90.1158 74.378 16.5647 15.2374 1.21166 4804.65 1418.54 228.233 1190.31 151.611 3386.11 1446.58 1939.53 803.863 433.166 1013.41 704.632 92.7962 22.6203 18.2573 70.1759 43.4294 22.0771 13.0691 5.79943 1135.67 76.6223 13.4066 6.14652 2.28122 430.885 437.959 1.32735 762.661 154.442 57.8133 15.5443 759.422 858.972 791.86 709.479 309.477 130.17 943.811 400.002 7.26011 860.282 682.555 385.432 297.123
internal_count=387827 291590 51600 239990 96237 14209 8665 6407 4924 806 752 74 213412 62485 6739 55746 3088 150927 74754 76173 28300 18343 56411 24341 2025 805 654 1220 589 865 509 152 47873 3651 454 162 68 19738 26578 54 34080 7434 4118 725 36008 48977 46335 40743 13039 5304 82028 27704 292 76848 23476 15519 7957
cat_boundaries=0 11 23 34 45 56 57 68 80 90 101 112 123 134 145 157 169 181 193 204 215 227 238 249 260
cat_threshold=337641472 101746692 134217728 16777472 67108864 537919616 8388864 1048576 1040 1242044416 276828165 2433220612 50331648 272631840 2 2147483680 524352 1152 4333576 67108866 37748804 73728 64 83902464 3221225476 134742529 134217728 68159492 4194304 134217984 33812 151061504 529472 268500992 276824064 16782336 272630049 8 335544320 536871936 33555072 9441280 0 586 4194565 276824068 4198400 285212833 33554432 67108864 1024 524352 17301505 134218761 1442370 524548 4874 8389632 20976640 289407008 163968 0 142770248 524320 16777216 9 1074135304 2151677956 0 134217728 160 134217729 2304 134218048 9296 9175434 2 268435586 2165320 8 8912896 4096 285475584 539363336 1280 132096 512 16777216 1075845129 537921284 2149646404 16777216 17039360 1050752 2147487744 33888 33816576 786432 1075838976 1076101760 2231369728 270532608 16781312 8650754 2147483660 536883200 536872000 1310736 2155874307 1073741848 536870944 68 136314912 0 256 1075841152 2155876352 288 2147483744 17564032 1145049088 2360192 768 168296453 155224576 293928960 131073 536875016 134348800 33554432 524288 538968064 34603008 524288 8388864 1024 268435712 33554440 0 32 64 2155876353 0 536870912 524288 20480 1075838976 0 524420 1073752192 8486976 2181038080 34 136314912 68158986 98368 8 1245184 16 282882 9439238 131072 4195392 656448 576 65538 512 4194304 24 2147500032 18874880 1056 2281718788 2147483652 33624064 134480912 262792 8388640 4194304 2098176 64 16797952 5120 6291488 395268 536870976 131104 4194304 25202720 2359296 131848 655360 8 8912900 4198400 285212704 262152 1024 5192 1048592 2148534272 8388624 1073741826 65 8912896 16782336 285474816 33687552 536870912 196648 68157440 2147485697 2097152 262144 4718592 65536 1073743872 16777216 16384 3758096388 4198464 131904 1048576 2097152 66 0 8 2048 20972544 33283 1077184512 2147492352 0 71303168 37376 201326625 2236416 4195584 268500992 67108864 1 0 1073744004 1077936192 2181038400 786944 10486784 576 268436480 1048576 132096 268468352 0 8192 1073807624 524368 2147483649 8388632 33685760 64
is_linear=0
shrinkage=0.08


Tree=33
num_leaves=58
num_cat=21
split_feature=0 15 15 15 1 2 1 1 2 8 15 15 8 17 9 14 4 17 8 2 2 8 1 15 2 11 15 5 20 6 1 2 2 8 15 20 2 8 8 15 17 18 2 2 19 15 1 2 1 1 18 8 6 13 5 8 1
split_gain=39.0821 53.4288 43.2042 40.4872 40.5029 40.6415 36.2671 35.6226 36.8106 38.9491 121.901 62.9646 56.5551 42.1556 69.8877 55.8871 49.0648 55.1173 38.7923 33.5549 30.7405 30.2285 27.0793 25.6102 23.9418 23.3334 22.5787 28.7112 22.1162 35.4826 22.0401 38.4291 27.4561 23.281 34.3545 20.9328 20.5127 20.4065 34.4873 37.1702 20.2845 28.5746 19.6601 19.6147 19.4749 18.6228 18.2718 21.364 30.2515 18.0207 17.4825 16.2304 15.881 15.7279 16.5132 15.5909 17.8159
threshold=0 3043.5000000000005 3212.5000000000005 2753.5000000000005 1 2 3 4 5 11.500000000000002 2962.0000000000005 2809.5000000000005 17.500000000000004 0.01403535855934024 628.50000000000011 60.500000000000007 17.500000000000004 0.0089444974437356013 5.5000000000000009 6 7 2.5000000000000004 8 2925.5000000000005 9 7.1063809394836435 2998.5000000000005 945.50000000000011 0.12735317647457126 6.5000000000000009 10 11 12 3.5000000000000004 2382.5000000000005 0.10162674263119699 13 29.500000000000004 27.500000000000004 536.00000000000011 0.013054020702838899 0.14052499085664752 14 15 0.018260795623064045 3063.5000000000005 16 17 18 19 0.12855756282806399 7.5000000000000009 5.5000000000000009 88.500000000000014 1150.5000000000002 9.5000000000000018 20
decision_type=9 2 2 2 9 9 9 9 9 2 2 2 2 2 2 2 2 2 2 9 9 2 9 2 9 2 2 2 2 2 9 9 9 2 2 2 9 2 2 2 2 2 9 9 2 2 9 9 9 9 2 2 2 2 2 2 9
left_child=6 3 21 4 5 -2 24 -5 -9 10 11 18 -11 14 16 26 17 -12 -10 22 -6 45 -8 -14 -1 -20 27 -16 29 35 31 -22 -32 34 42 -15 -35 38 49 -40 41 50 -33 52 -29 -3 -34 48 -48 -21 -36 -31 -41 -49 -55 56 -38
right_child=1 2 -4 7 20 -7 19 8 9 12 13 -13 23 28 15 -17 -18 -19 25 37 30 -23 -24 -25 -26 -27 -28 44 -30 51 32 33 46 36 40 -37 55 -39 39 43 -42 -43 -44 -45 -46 -47 47 53 -50 -51 -52 -53 -54 54 -56 -57 -58
leaf_value=0.010472842651577823 0.035747459735400375 0.11234588414205356 0.099952728394367724 -0.02716182026154134 -0.024430727353311359 -0.026930441082453366 -0.026358246284496185 -0.026755119724477944 -0.030514382761213443 -0.055007799660042454 1.2571443435501553 -0.033227817218983935 0.068463227114551647 0.95207112838026575 0.049782154698711667 1.1300062839112426 1.3162159081694607 0.16045454565831463 0.090249332709359448 0.010242824670004109 -0.024735197929016552 -0.069652963839363424 0.022348014277914611 -0.034981880985452775 -0.028778546480704298 0.26644886191850881 -0.020322690794053494 0.958657190866953 0.12778981417082544 0.43319684736237241 0.031391761163576726 -0.021392666252717251 0.024152215812281833 -0.0082857120842747805 0.35859427591218807 0.39668637336968654 -0.020679565708261381 -0.059743128555271412 0.5115329294990939 0.11545108637457918 0.11444968982412564 0.16792317285668104 0.051294224991484352 -0.0088524236306848671 0.29827726618710348 -0.046046618249295554 0.027932617899455333 0.0024828788233170933 -0.02427039110390761 -0.016398167577109043 1.133757056882988 -0.00061198521584477749 -0.046336044367979792 0.057578402975004772 0.38036694928047682 0.04618349272189308 0.034251229920726947
leaf_weight=114.0737905036658 68.8178880806081 10.16229203855619 12.397920784540473 63.328683092724532 208.40592689579353 484.13210531603545 80.757586068939418 49.250121569726616 17.291167211718857 48.250713248737156 0.41513886535540157 51.606592052616179 85.027897990774363 0.61535698408261241 1.2190999221056702 0.39285365864634503 0.68332196725532401 0.98373254248872399 68.725602616090328 192.40270429244265 101.96119201136753 127.20329747954383 412.43252863641828 18.679940566886216 749.04749954491854 5.1698610978201023 2.5969023518264294 0.53474183566868283 26.240445675328374 0.7672217916697267 188.95114575279877 28.773098859935999 178.19752080738544 132.85710982605815 0.36106179608032407 1.4939723000861702 62.326934617012739 51.722593103069812 1.0745327742770303 28.855438987724483 25.255337186623365 1.5986604853533206 92.853480895515531 37.422654397320002 0.61943959118798375 8.9156549279578012 77.385560165625066 1470.6695785825141 429.93235484976321 925.34610675321892 0.39161536376923323 1.9445333192124961 4.4847687827423206 3.9708587368950239 1.3595678517594931 170.15462904702872 71.535996536724269
leaf_count=8393 3152 503 277 4314 12605 34050 4619 2918 1351 3862 43 4104 3696 30 108 28 52 66 1525 11598 3600 9358 20826 1368 67823 150 203 34 919 13 7765 913 7681 4983 34 60 2219 4914 55 410 574 107 3181 1357 24 526 3525 56266 20614 62240 28 88 214 152 34 6051 2368
internal_value=-0.00243918 0.00215591 -0.0434161 0.00386423 0.00118828 -0.0186332 -0.0101994 0.0266712 0.0353695 0.0450627 0.0714532 0.0373858 0.0165409 0.197769 0.368719 0.215733 0.761731 0.488254 0.0773489 -0.0034688 0.00460707 -0.0555693 0.0140071 0.0498301 -0.0235304 0.102589 0.142718 0.320888 0.156757 0.31421 0.00667234 0.0191777 0.00294578 0.0271039 0.0548462 0.560025 0.0182473 -0.0104687 -0.00841413 0.0453147 0.135408 0.360007 0.036557 0.0382101 0.606221 0.0383298 0.000325982 -0.00192523 -0.0159213 -0.0118674 0.765308 0.122525 0.0720711 0.00296016 0.140105 0.0291559 0.00968926
internal_weight=7002.03 4404.41 158.679 4245.73 3799.89 552.95 2597.62 445.837 382.509 333.259 181.3 142.793 151.959 38.5068 7.44523 5.36304 2.08219 1.39887 91.1866 1734.5 3246.94 146.281 493.19 103.708 863.121 73.8955 4.97018 2.37328 31.0615 4.82108 3038.54 688.069 2350.47 586.108 149.233 2.10933 436.875 1241.31 1189.59 71.8374 27.6067 2.35134 121.627 70.7629 1.15418 19.0779 2161.52 1983.32 507.318 1117.75 0.752677 2.71176 33.3402 1476 5.33043 304.018 133.863
internal_count=387971 205522 10664 194858 169902 37202 182449 24956 20642 17724 8798 7130 8926 1668 558 397 161 109 3026 106233 132700 10387 25445 5064 76216 1675 369 166 1110 191 120095 24058 96037 20458 4837 90 15621 80788 75874 2036 743 169 4094 1981 58 1029 88272 80591 24139 73838 62 101 624 56452 186 10638 4587
cat_boundaries=0 1 13 25 36 47 58 69 80 91 103 114 126 138 149 160 171 182 194 205 216 227
cat_threshold=6177 9502976 2048 134217984 16777217 2684354816 705724544 209846528 262208 65552 1140981760 8388608 8 2148024320 8388608 4284464 2147614724 537002048 33792 1056 2415919616 136314880 536880136 768 64 75497472 4195328 134217729 2097160 67110912 134283368 34078720 13762560 135266320 1075577408 524289 285212676 38797316 2097184 264192 536870976 541081640 0 22022656 1075838977 64 2147549441 8388608 2052 406847776 264192 2214596608 134267904 33554944 4722721 1073741840 1032 2420113472 4 12584960 268435459 131080 4096 147712 109576272 1703938 269488145 525056 1024 25231362 33556992 4098 2147483648 8 537919488 3225944352 17826048 67112976 136318976 33280 2415935488 36868 266496 262148 1052676 4326400 144 299008 1025 536881152 2420114688 285278208 33558656 256 547356680 0 4362248 5374016 16777472 1142947840 2050 289407040 8 269093888 21102592 0 539099136 1073741824 8388640 2147488768 8523778 2057 2147484194 16777793 168296448 10485764 641 1835012 2684356608 131072 16 32769 1216348160 2147615776 289406976 8 131328 25165824 0 570425344 256 4194304 0 4097 1074790400 132352 4194304 8 2113536 16782336 134284320 536870920 12544 167772168 1049088 4616 2098208 1073742404 524300 1048576 134217728 142868736 0 0 65568 33554496 2147485706 0 8 256 0 16782336 16777344 33554432 0 65536 1048576 2147483649 8 64 524288 16384 2147483648 4100 1075068930 276825088 1073741824 268697748 21495808 73535488 268437824 2147614720 271581312 138413058 268697856 1 1140858944 134218752 42992128 526346 1 1073741824 321 64 4096 33554468 2195520 2147485696 135168 17472 1074790400 36 537919520 2098184 274792708 302186496 8392836 4194562 671088900 8192 4333824 134348864 32768 1166016512 4098 2164260864 0 4194304 0 536870912 0 0 4096 8392706 0 544 16777729
is_linear=0
shrinkage=0.08


Tree=34
num_leaves=58
num_cat=10
split_feature=19 5 1 1 12 8 8 8 5 8 8 8 1 21 1 12 1 20 19 18 13 9 14 8 10 12 12 5 19 6 8 8 12 6 6 19 8 6 1 13 6 20 13 1 12 6 12 19 17 12 16 8 1 8 1 8 1
split_gain=36.2464 24.662 39.7417 35.7608 25.1213 22.2152 23.2821 32.5945 26.9966 22.6938 25.1434 22.3737 21.1695 20.8555 20.0574 22.6378 19.6133 19.6196 19.2738 33.8208 20.9474 18.4187 18.1884 16.578 20.7608 16.3722 25.0951 15.9889 15.5858 18.6177 26.8338 16.0897 15.3495 14.8045 27.6587 14.6253 17.0196 14.5443 30.5954 31.7715 38.4041 22.1323 15.4799 15.0526 14.5931 14.3628 32.1827 19.14 46.9433 19.0995 18.7313 14.0498 44.3156 38.901 41.8768 30.2977 48.4395
threshold=0.0067093032412230977 995.50000000000011 0 1 35.500000000000007 29.500000000000004 17.500000000000004 19.500000000000004 1160.5000000000002 7.5000000000000009 5.5000000000000009 21.500000000000004 2 0.05709622614085675 3 71.500000000000014 4 0.38083618879318243 0.0085412529297173041 0.17793691158294681 34.500000000000007 213.50000000000003 91.500000000000014 3.5000000000000004 85.500000000000014 917.50000000000011 907.50000000000011 670.50000000000011 0.043801637366414077 6.5000000000000009 10.500000000000002 8.5000000000000018 15.500000000000002 6.5000000000000009 1.5000000000000002 0.007007845677435399 3.5000000000000004 4.5000000000000009 5 34.500000000000007 2.5000000000000004 0.37063246965408331 8.5000000000000018 6 143.50000000000003 3.5000000000000004 423.50000000000006 0.032751508057117469 0.020622740499675277 860.50000000000011 0.29311007261276251 26.500000000000004 7 12.500000000000002 8 5.5000000000000009 9
decision_type=2 2 9 9 2 2 2 2 2 2 2 2 9 2 9 2 9 2 2 2 2 2 2 2 2 2 2 2 2 2 2 2 2 2 2 2 2 2 9 2 2 2 2 9 2 2 2 2 2 2 2 2 9 2 9 2 9
left_child=14 3 4 32 -3 6 9 8 21 10 -6 -9 -4 16 15 -1 17 -5 19 -13 -21 -8 -7 24 -15 26 33 -25 -11 31 -31 -30 -2 34 -12 36 -34 38 39 41 -41 42 -14 -39 -43 46 47 48 -23 -47 -51 53 -53 55 -55 -18 -57
right_child=1 2 12 13 5 22 7 11 -10 28 25 18 37 23 -16 -17 51 -19 -20 20 -22 45 -24 27 -26 -27 -28 -29 29 30 -32 -33 35 -35 -36 -37 -38 43 -40 40 -42 44 -44 -45 -46 49 -48 -49 -50 50 -52 52 -54 54 -56 56 -58
leaf_value=0.064397879604315894 0.070619153190670511 0.11109703350454828 -0.019190823699600641 0.0074085371580589624 0.010165126414945625 -0.0493250970897013 0.60972053007369054 -0.048236764113536792 0.048108880065635205 -0.018467602236222454 0.06501434733147797 0.94388004309946361 0.053870190780177046 0.16689404024787163 -0.033302777244178523 0.55814474871443676 -0.016508403739976828 0.39850059472845434 0.04110569680980173 0.034845888114032525 0.64155843261826051 0.10031621675994748 0.47213836714199536 0.031159299088949068 0.032576616012104494 -0.085858448892898412 0.20886706179361689 -0.020859589058384195 0.18678768534974224 -0.018108004299449615 0.34084672187149401 -0.015420576293573636 0.71505255392826672 0.082512781278233305 -0.031179801068595359 0.014067911542038085 0.090373291473189871 -0.016863493912344877 -0.015451872327386065 -0.080536370901314117 1.0646738733741274 0.11833535431348853 -0.014039132894940588 0.016032963375194508 0.52033193471163297 0.065911336911645982 -0.082498690114709214 0.27653199411735391 1.1765506072947607 0.13872169698790554 0.54573438220179304 0.029033444895648769 -0.021404065496534459 0.028610929610844466 -0.036716652360509125 0.018227961877725189 -0.013384246698070219
leaf_weight=11.990951309911903 36.264223022852093 19.076947594992816 339.01874745637178 440.98500428395346 266.12334358179942 35.690839516930282 0.68930026143789547 18.719563276972622 13.376935030333696 158.07264495640993 49.449133228044957 0.38675189297646229 52.25959268771112 9.6632103091105801 289.19083631690592 0.6218871586024769 1152.5576053080149 0.81895729200914402 89.873535933438689 2.0519428295083348 0.43940085778012861 0.44005698617547728 0.42978492984548111 81.475110711529851 30.938264260534197 5.3381224386394015 6.6178574357181779 70.564861400984228 2.9380507105961504 2.4052709895186117 2.9849326238036156 17.504623404238373 0.39864086499437579 52.114401211962104 31.195930078625679 279.94413741631433 0.9166083037853241 98.497262224555016 437.3868244625628 0.33816645899787445 0.41556654358282685 1.5520785492844873 36.474215937312692 563.62340066116303 0.92004431970417488 6.9559051040559989 0.86918343463912595 1.2766465684399007 0.63072329573333263 1.7466816920787098 1.2361241402104495 210.66964576207101 215.74443128192797 65.956188195385039 546.29353270307183 577.62521151453257 647.34526574611664
leaf_count=1271 1343 621 19124 27231 11697 2186 30 1023 517 10665 1171 23 2430 195 37357 49 66086 29 2526 151 35 58 22 1738 741 148 43 1623 67 56 49 515 34 588 1932 16240 83 4453 24119 29 39 42 2926 18690 31 357 42 15 26 43 23 8072 10024 4405 40198 24832 39559
internal_value=-0.00217967 -0.000955755 0.0057118 -0.00449566 0.0201638 0.0181711 0.0211876 0.0507032 0.129178 0.0143043 0.0247596 0.031536 -0.00185473 -0.00652803 -0.0292986 0.0495874 -0.00782687 0.00795657 0.0476374 0.251301 0.142606 0.207476 -0.043075 0.0191445 0.0645561 0.0515972 0.0568638 0.00701634 -0.00905251 0.0485535 0.180763 0.0136682 0.020976 0.0492813 0.0278038 0.0153202 0.281111 0.00319678 -0.00666175 0.0332142 0.552882 0.0325399 0.0259565 0.0111267 0.268472 0.186243 0.333131 0.48692 0.736029 0.138602 0.307839 -0.00986251 0.00369351 -0.0118289 -0.0298113 -0.00719813 0.00156179
internal_weight=6989.09 6687.28 2319.12 4368.16 788.635 769.558 733.437 138.693 27.2216 594.744 410.839 111.471 1530.49 4050.64 301.804 12.6128 3858 441.804 92.7516 2.8781 2.49134 13.8446 36.1206 192.641 40.6015 144.715 139.377 152.04 183.906 25.8329 5.3902 20.4427 317.524 132.759 80.6451 281.259 1.31525 1191.47 529.346 91.9597 0.753733 91.2059 88.7338 662.121 2.47212 13.1553 3.21661 2.34743 1.07078 9.93871 2.98281 3416.19 426.414 2989.78 612.25 2377.53 1224.97
internal_count=387622 348945 106512 242433 34629 34008 31800 4869 1111 26931 15579 3758 71883 224733 38677 1320 220436 27260 2735 209 186 594 2208 4297 936 3882 3734 3361 11352 687 105 582 17700 3691 3103 16357 117 52759 29616 5497 68 5429 5356 23143 73 564 141 99 84 423 66 193176 18096 175080 44603 130477 64391
cat_boundaries=0 11 23 34 45 56 67 78 89 101 112
cat_threshold=8388608 18874880 293863425 1441792 2147483904 134218760 5242880 2148270081 1073745944 1074791424 4 302007296 2 4227072 1610612740 8388640 8404992 2147483776 4227072 4096 2853184040 2147483653 64 268566532 209719296 138412032 536870920 67110912 1087438880 2449474052 4196352 160 536872962 268435456 0 33554432 0 2282766344 33554432 4195328 268435456 524288 0 4098 268435520 136318976 2148532224 134287488 18874496 67241992 33653952 268701696 1179648 6291584 1073741824 268435456 538968384 5242880 8448 2149580802 4100 0 1082130736 4100 136314880 168165440 20972609 18890752 2152726530 73984 2097156 0 256 8519680 1052672 136314881 34476552 2164260864 1572864 4096 2 8 268448000 32 35127360 2172917771 135266322 131072 25690176 131105 1073741856 2359328 134776832 9216 1073750272 32 16777222 150994977 2097538 4096 8 9437184 18881540 285212673 147456 268443648 135168 33554544 16777280 1082131457 132352 1088
is_linear=0
shrinkage=0.08


Tree=35
num_leaves=58
num_cat=25
split_feature=19 7 8 2 8 8 0 1 1 1 8 1 2 2 2 8 8 8 2 1 1 2 2 1 2 11 1 15 15 0 1 15 15 17 19 8 2 15 15 15 15 15 2 12 8 8 8 15 15 15 15 15 15 2 2 2 1
split_gain=40.5049 30.1771 54.8772 71.8935 67.2936 97.2531 96.0912 93.4705 82.9581 78.1692 66.6549 64.7215 55.3326 53.083 52.7795 49.5348 60.9252 90.8471 64.5906 54.349 54.2453 46.2228 43.5812 43.1027 39.6274 37.5535 37.2862 34.4804 33.9596 39.5934 34.675 33.7506 69.2815 46.6963 36.0199 32.2501 31.4862 31.9896 107.268 33.4414 230.745 273.019 30.8924 30.1788 29.1129 31.3814 33.4627 41.9031 41.1771 31.6149 28.892 45.8514 31.194 28.3199 27.4277 26.6877 26.4179
threshold=0.0067093032412230977 1.0000000180025095e-35 17.500000000000004 0 9.5000000000000018 6.5000000000000009 1 2 3 4 1.5000000000000002 5 6 7 8 1.5000000000000002 7.5000000000000009 9.5000000000000018 9 10 11 12 13 14 15 4.5884215831756601 16 2902.0000000000005 4115.5000000000009 17 18 2708.0000000000005 2517.5000000000005 0.020329008810222152 0.014111079275608064 28.500000000000004 19 4137.0000000000009 4210.0000000000009 727.50000000000011 702.50000000000011 708.50000000000011 20 15.500000000000002 28.500000000000004 26.500000000000004 19.500000000000004 2345.0000000000005 2157.5000000000005 1987.0000000000002 3043.5000000000005 3034.5000000000005 2878.5000000000005 21 22 23 24
decision_type=2 2 2 9 2 2 9 9 9 9 2 9 9 9 9 2 2 2 9 9 9 9 9 9 9 2 9 2 2 9 9 2 2 2 2 2 9 2 2 2 2 2 9 2 2 2 2 2 2 2 2 2 2 9 9 9 9
left_child=55 2 4 26 5 9 27 43 36 14 12 22 -11 -12 25 -3 21 -18 19 -19 35 -17 -5 -14 -9 -2 -4 31 29 -23 -31 32 33 34 -7 -20 -6 39 -39 40 -38 -42 -13 -8 45 46 47 48 49 -21 51 52 -32 -22 -10 -1 -15
right_child=1 15 3 11 8 6 7 24 54 10 13 42 23 56 -16 16 17 18 20 44 53 28 -24 -25 -26 -27 -28 -29 -30 30 50 -33 -34 -35 -36 -37 37 38 -40 -41 41 -43 -44 -45 -46 -47 -48 -49 -50 -51 -52 -53 -54 -55 -56 -57 -58
leaf_value=0.020681721042088857 0.12825922737705883 -0.03984872753384204 -0.018737011534286523 -0.045739119488701296 -0.028455323707235622 0.48769063326458184 0.27115429760409154 0.024385563455279851 0.018821904730790675 0.046853996666600096 0.044403325926948484 0.036405067591384996 0.030199521822338125 0.020998904583111339 -0.014654825037555981 -0.01816368423040916 -0.058053053460633733 -0.031546461871628455 0.043783731123649271 0.092980344537152315 0.023233664781243446 0.054761669539199379 0.042048895695248216 -0.038018081547840941 -0.046922220573651731 0.030612705690219986 0.049251002043185325 -0.077698704311450484 -0.071588701362540766 -0.020781714172967477 0.028413696282445819 0.13418626044191531 -0.04558686043385498 0.045634235310784657 0.12276804319415702 -0.051251851612271672 0.071117337415494433 1.6360726673867658 0.065030645459673686 0.05247865532579063 2.7215572977716489 0.25642219020700557 -0.033344799470182311 0.042909981652813983 -0.0083416861855321271 0.12153973747794056 -0.016221118641174145 0.015477110180658683 0.18472164682620895 -0.033477281353791292 -0.079025661919193774 0.19421654740502611 -0.060112833560321342 -0.035047704268661418 -0.043151341757286681 -0.040475870058312373 -0.044507313024823573
leaf_weight=52.857241483870894 46.223586349748075 137.34555643517524 60.057503297459334 36.576629616785794 22.103808098938316 1.8181065130047489 3.8170592328533521 58.711764091160148 48.288704081904143 120.63646021159366 43.706276995129883 39.402083782479167 79.104445115663111 40.384217744227499 87.07634917832911 169.2406696411781 170.91323884669691 68.442665661219507 137.63435299834237 57.990858174860477 58.076110602356493 268.92896968498826 199.47380723850802 178.23468641750515 244.53288985788822 55.440116064622998 328.94008991820738 14.181746079586445 22.350000293459743 114.58308077044785 772.50156202306971 27.876737693790346 49.362791365012527 314.03965137293562 35.043218230362982 27.399442325811833 8.3967476510442776 0.36935838498175044 1.096098863519728 39.437288714572787 0.4818439264781762 0.70748651772737503 339.02545405877754 125.46043848758563 52.223463019356132 40.788961637765169 45.167708723340183 73.720279197208583 24.660338163375854 16.181434245314449 16.571697572246194 10.439671344123779 26.339891755022109 361.57368295686319 632.85169713478535 239.11882252898067 732.49317444348708
leaf_count=5956 2825 5797 2651 2012 2476 110 113 2947 4289 6512 3161 2345 4932 2217 8120 5097 13447 3207 5119 1684 2816 7336 10481 11616 19345 4915 12317 504 1131 3298 18451 937 2496 6302 1245 1309 789 33 133 3688 52 61 20277 5515 2332 408 1937 3356 616 779 562 172 903 19356 52387 32628 52591
internal_value=-0.000915318 0.000357944 -0.00402646 0.0121763 -0.00942478 -0.00251615 0.0183603 -0.00869584 -0.0301226 -0.0157191 -0.0232018 -0.00506329 0.00438005 -0.0362528 0.0312143 0.00694396 0.0094785 -0.00429977 0.00523204 0.0304803 -0.0114671 0.0206389 0.0271394 -0.016703 -0.0327783 0.0682952 0.0385477 0.0440184 0.0259076 0.0279238 0.0194598 0.0490789 0.0431504 0.0556337 0.140812 0.0264049 0.0476826 0.080209 0.463971 0.0850649 0.219057 1.26023 -0.0253319 0.0460912 0.0447003 0.0571448 0.0450789 0.0611249 0.0951722 0.0653921 0.0252251 0.0276718 0.0254945 -0.0266289 -0.038549 -0.0300822 -0.0408599
internal_weight=6980.4 6688.43 4015.35 1003.48 3011.88 2258.14 874.844 432.522 753.733 1383.3 1194.56 614.478 377.976 816.584 188.74 2673.07 2535.73 1134.77 963.859 379.176 584.684 1400.96 236.05 257.339 303.245 101.664 388.998 442.322 1231.71 1209.36 940.436 428.141 400.264 350.901 36.8613 165.034 72.5926 50.4888 1.46546 49.0234 9.58608 1.18933 378.428 129.277 310.733 258.51 217.721 172.553 98.8326 74.1723 825.853 809.281 798.841 419.65 681.14 291.976 772.877
internal_count=388091 349507 250394 50083 200311 136403 39514 27920 63908 96889 81029 35115 23060 57969 15860 99113 93316 56366 42919 14319 28600 36950 12493 16548 22292 7740 14968 11594 31853 30722 23386 11090 10153 7657 1355 6428 7232 4756 166 4590 902 113 22622 5628 11112 8780 8372 6435 3079 2463 20088 19526 19354 22172 56676 38584 54808
cat_boundaries=0 11 12 22 33 44 55 66 77 89 100 112 123 134 146 157 168 179 180 191 202 214 225 236 248 260
cat_threshold=2097152 150995968 16842785 33554432 67111168 196640 1048640 2157052418 1207959560 262212 65536 8709 268451844 152178688 272670721 1073872896 0 1073942600 524304 2147745793 9 1107820544 536871936 1050626 0 1610663936 67108864 65792 8654848 5378048 1073741857 168035168 8388608 655424 2160066560 134217728 2359298 2214592524 16384 656384 2560 100663440 135274760 8389121 11665408 16777216 134217985 8 2684356612 134234208 4194416 8916994 134217736 393728 8912896 524288 31461380 262176 33947648 8448 131072 9437248 17304064 1048 1096 4718592 4352 512 32 3221227520 67111680 1375748096 262176 4849828 67110912 1107296268 516 2157445124 25165824 406851584 538968068 0 536870912 1048640 8521728 1048600 1074790656 517 80 1589248 67108864 142606465 570556424 536870912 1073743112 41943040 9734656 134217728 524544 268436800 33554432 138416128 290 2181300224 10240 671285256 8389120 2148007940 1075838977 33816640 260 8 528384 0 385 0 4096 1073840416 2155872256 27035648 142606336 1073873920 131844 2113536 1078986752 162 262408 536870912 4194368 256 4197120 2101249 134742592 2147614785 151142404 67108868 266370 537133056 2147483652 0 34341376 16777216 1049632 4096 272629765 8 18878464 134218240 4202752 33685640 536873216 671155200 1048640 1048584 9 1342182400 655364 268959744 2147487744 129 131076 2052 1179656 1344 2147745920 2097160 659712 513 0 155189250 134217729 2281832449 872415488 256 524544 559104 8388608 1074009608 4784132 4228 2149597188 2156921856 134217760 168034304 2147491844 4194560 1048832 786432 69206017 134218304 2156004352 8388608 16784384 150994944 2228232 268435456 671096840 1572864 2048 67108872 2 260 18437 10240 8388608 0 268439552 25664 76153616 4108 1056 524416 2151679488 8 16781568 4194304 360480 2147483652 12288 32800 2152333360 2 2101251 33686530 2155872768 6400 1213203458 4194306 295040 5120 268435456 37748736 256 16781312 1075970054 16843265 0 33554432 285479330 42074120 1073741824 1212285960 131584 524288 67108874 4194304 2151677952 8 536939522 4 8736 1610615040 1073746976 13664256 134222592 16777216 2080 0 16842752 16
is_linear=0
shrinkage=0.08


Tree=36
num_leaves=58
num_cat=18
split_feature=2 21 1 2 15 1 15 2 1 15 1 0 15 8 1 2 8 1 2 2 8 8 8 15 1 8 8 15 15 15 6 8 5 8 8 2 1 6 15 8 4 1 2 8 15 8 8 8 8 6 17 12 15 8 6 6 5
split_gain=36.4182 28.3348 35.4504 38.598 25.3874 24.4354 23.3764 25.0388 27.3348 24.5576 38.3461 34.6864 36.451 42.0572 34.3251 32.7092 31.208 30.8643 33.703 31.4188 26.254 30.1121 30.3321 25.7284 28.9045 37.2253 30.068 24.6327 29.9138 34.2627 62.0289 73.3296 63.4486 62.0223 37.7798 29.0011 30.9355 21.7684 24.2152 32.0548 33.6354 24.1401 23.5447 22.3143 27.493 39.4255 24.8984 21.7612 21.6972 52.6693 39.4864 31.0691 21.314 26.1926 21.1429 62.0685 39.3201
threshold=0 0.0084508149884641188 1 2 355.00000000000006 3 432.50000000000006 4 5 3003.5000000000005 6 7 2753.5000000000005 4.5000000000000009 8 9 11.500000000000002 10 11 12 23.500000000000004 29.500000000000004 27.500000000000004 2517.5000000000005 13 3.5000000000000004 2.5000000000000004 2919.5000000000005 1008.0000000000001 1022.5000000000001 2.5000000000000004 10.500000000000002 730.50000000000011 25.500000000000004 2.5000000000000004 14 15 1.5000000000000002 1036.5000000000002 6.5000000000000009 17.500000000000004 16 17 6.5000000000000009 2134.0000000000005 7.5000000000000009 27.500000000000004 28.500000000000004 11.500000000000002 3.5000000000000004 0.04060525260865689 312.50000000000006 3184.0000000000005 2.5000000000000004 1.5000000000000002 4.5000000000000009 420.50000000000006
decision_type=9 2 9 9 2 9 2 9 9 2 9 9 2 2 9 9 2 9 9 9 2 2 2 2 9 2 2 2 2 2 2 2 2 2 2 9 9 2 2 2 2 9 9 2 2 2 2 2 2 2 2 2 2 2 2 2 2
left_child=5 2 -2 -4 -3 -1 -6 8 -8 11 52 12 17 -14 15 -13 54 19 -19 -9 -18 22 -22 -20 25 26 -25 28 35 30 -30 34 -33 48 -32 -16 -37 38 39 40 -31 42 -39 -40 45 -45 -47 -27 50 51 -34 -50 53 -11 56 -56 -15
right_child=1 4 3 -5 6 -7 7 9 -10 10 -12 14 13 16 27 -17 20 18 23 -21 21 -23 -24 24 -26 47 -28 -29 29 37 31 32 33 -35 -36 36 -38 41 43 -41 -42 -43 -44 44 -46 46 -48 -49 49 -51 -52 -53 -54 -55 55 -57 -58
leaf_value=0.023476359833220523 0.018073033210561276 -0.05793644605092918 0.045188971569863165 -0.033905501330523856 0.030564380499657096 -0.021633717780568159 -0.021968904241232906 0.031772901425655191 0.029668292759638538 0.10160791073598249 -0.033305485130350115 -0.029654263707017098 -0.037099019465640003 0.31969911249445593 0.021232447103071581 0.032159462588537364 -0.023299486030798167 -0.036692030740110473 0.017423889713349298 -0.029297632764193528 0.02669774079800075 -0.016604812898587121 0.14641231997579593 0.040453679653170357 -0.039260965588196091 -0.033297341813214899 0.245705619131102 -0.058885972086770613 -0.084208357047394419 -0.03095667243259053 0.1259546627594702 0.019317758159189458 -0.030574493505795323 -0.085142614807177816 -0.061090037112232674 0.019797416595844015 -0.034718291006233935 -0.021583014811074924 -0.017796764791500375 -0.074388570356475864 0.54224838103613182 -0.017651399274131233 0.02086009348699245 0.1927923444893655 0.020809684458307911 -0.060525592500913813 0.089077670057422842 0.27134586042602593 0.57406636428578195 0.89582304038790272 0.50655935073076896 0.10263834819542871 0.036112102987395187 -0.069037008258726745 -0.049142300551214324 0.090318482496384328 0.089352113551924878
leaf_weight=79.416815123520792 146.69203139236197 43.573412769474089 36.395617407746613 405.65386577532627 195.10404238803312 720.3138547304552 74.440341199748218 60.210192572325468 360.68328879820183 7.180872672237455 292.69169921218418 61.932940105441958 45.323507877532393 5.6076656128279856 86.816980827134103 260.68290526326746 56.075262375175953 82.527260453440249 1216.2613776801154 253.96515993215144 28.864343512337655 30.32659670850262 25.521864884532988 11.076550226192923 104.02634101593867 29.19107832340524 7.7720542927272609 59.112004750408232 14.324535200372337 1.5254024546593457 13.259151010774078 5.4039213685318854 1.4806474940851297 1.7177265174686915 14.427999932318924 73.872441543266177 479.49574953503907 112.2987062484026 62.692813270259649 28.95005904044956 1.1444473713636396 622.22316572442651 261.71000132453628 15.903442389331756 160.82984999520704 10.749217715114357 21.071793207898736 1.5784634854644526 2.0129688438028102 1.7869816962629554 2.1397582842037082 1.6115800924599168 104.71956744790077 28.968156152404845 27.541534151416272 79.011393072083592 30.68350979546085
leaf_count=5788 12670 3438 3439 38710 5543 66951 5496 2476 19056 222 24269 2577 3137 102 3448 9281 4441 3766 50431 10907 656 2033 348 614 5065 1777 298 2633 452 43 210 179 46 43 514 2946 18576 5951 2707 556 22 34309 11769 244 5006 397 209 63 40 41 29 32 7151 1759 2653 1954 717
internal_value=-0.000968426 0.0011244 -0.015566 -0.0265375 0.00288674 -0.0169194 0.0033653 0.00237216 0.0205391 0.000718327 -0.0174594 0.0024812 0.00995834 0.0344567 -0.00412913 0.019758 0.0458914 0.00545288 0.0103498 -0.0169745 0.019161 0.0472673 0.0828821 0.0134292 -0.017319 0.0304569 0.125118 -0.00795385 -0.0064863 0.000237413 0.0603055 0.107527 0.242962 0.355347 0.0284888 -0.0207413 -0.0272184 -0.00245221 0.0163294 -0.0499207 0.215141 -0.00816209 0.007886 0.0240529 0.0366333 0.0899528 0.0385402 -0.01764 0.439121 0.540593 0.28707 0.364759 0.0166475 -0.0351324 0.0722359 0.0542706 0.124973
internal_weight=6970.57 6170.84 588.742 442.049 5582.1 799.731 5538.53 5343.43 435.124 4908.3 433.56 4474.74 2095.56 328.956 2379.18 322.616 283.632 1766.61 1452.43 314.175 140.788 84.7128 54.3862 1369.91 153.644 49.6181 18.8486 2056.56 1997.45 1357.26 58.1653 43.8407 16.1536 10.7497 27.6872 640.185 553.368 1299.1 302.867 31.6199 2.66985 996.232 374.009 271.247 208.554 47.7245 31.821 30.7695 9.03194 5.41153 3.62041 3.62455 140.869 36.149 142.844 106.553 36.2912
internal_count=388190 315451 54819 42149 260632 72739 257194 251651 24552 227099 33401 193698 91438 16041 102260 11858 12904 75397 62014 13383 7478 3037 1004 58248 7817 2752 912 90402 87769 62799 1586 1134 410 231 724 24970 21522 61213 9184 621 65 52029 17720 8563 5856 850 606 1840 188 113 75 72 9132 1981 5426 4607 819
cat_boundaries=0 11 23 34 45 56 67 78 79 91 102 113 125 136 147 159 170 182 193
cat_threshold=18874368 33556482 134479872 1575296 67108864 672137344 1207959936 4198402 32 168296704 8388613 4 1074790416 0 540016896 1342177280 536875040 2156920976 25953282 67108864 262400 285212736 8 2148073472 67108896 16640 537165826 1073750016 102408 2219442176 17565184 0 2105416 4096 285212672 8388736 2080 537018370 32 525312 132096 4203586 83890304 35782656 8987136 268977152 142606336 4203008 136347652 268436224 256 8389632 131232 2097152 1073751048 2622472 8388608 12583936 1 8521856 335577088 1073742856 42467328 527363 1114129 536871936 12583424 268435460 29362180 285213056 2048 4 4168 8913216 1081344 1032 537919560 268435780 5662 11534336 33554948 8388642 2684485892 276832512 0 4608 1574912 8388608 33562880 25165888 64 8388608 6291456 288 33554440 2048 65576 1048576 2147484160 1082130440 537133120 256 1048576 2181038084 65664 2181038082 2147483908 1048840 146801680 2147516482 8388640 512 4194564 4 2097280 32 2147483649 537011208 8388672 105381888 285245696 33555456 2147484196 36896 72 4101 4 2162721 2147614720 536879168 99368 33554976 34603009 0 606077504 268435712 0 20971520 140509185 2048 4096 65536 1573376 1052673 1210056705 1611924808 2148073536 2054 2097152 8389024 3221225472 11424 33554496 139264 557072 1073741826 512 2151677984 8 50333762 2147614720 32768 1074036736 3221227520 1073741888 1077936148 32776 134217776 2621956 4194304 268435456 6291456 268701697 33556488 6148 1610612736 67108928 13056 1073742865 672268288 268435460 8 2155872256 16778240 1 33947656 10244 65544 1048576 2165047809 135271440 393794 4194304
is_linear=0
shrinkage=0.08


Tree=37
num_leaves=58
num_cat=26
split_feature=4 2 2 1 1 1 2 2 2 1 8 1 8 1 1 8 6 8 14 8 18 1 2 19 9 2 13 20 15 1 2 13 6 11 1 2 2 17 13 10 14 0 2 2 1 1 6 2 8 10 20 20 10 14 14 10 19
split_gain=34.3563 38.2016 36.5195 34.5853 32.9554 28.192 32.9402 25.1548 21.6991 39.2301 22.875 44.1601 32.2893 32.3344 27.7863 21.9576 21.7516 21.6845 35.4516 21.3914 27.115 21.1743 26.9986 26.4871 28.9623 23.7078 20.9509 25.4754 21.7237 20.0036 19.9869 19.6912 19.5511 19.2904 18.1915 18.0985 17.8593 16.841 16.7839 16.6845 16.3206 16.428 22.0017 17.5082 24.136 21.4524 16.3579 14.9494 24.1977 15.1537 14.3417 22.6179 19.2975 14.0792 28.0885 29.8529 13.9964
threshold=19.500000000000004 0 1 2 3 4 5 6 7 8 29.500000000000004 9 26.500000000000004 10 11 28.500000000000004 3.5000000000000004 3.5000000000000004 1.5000000000000002 3.5000000000000004 0.35157471895217901 12 13 0.007482778513804079 1724.0000000000002 14 38.500000000000007 0.24742184579372409 793.50000000000011 15 16 88.500000000000014 3.5000000000000004 6.9086124897003183 17 18 19 0.028671694919466976 25.500000000000004 147.50000000000003 89.500000000000014 20 21 22 23 24 4.5000000000000009 25 7.5000000000000009 121.50000000000001 0.192804791033268 0.19107476621866229 131.50000000000003 74.500000000000014 80.500000000000014 155.50000000000003 0.0072740307077765473
decision_type=2 9 9 9 9 9 9 9 9 9 2 9 2 9 9 2 2 2 2 2 2 9 9 2 2 9 2 2 2 9 9 2 2 2 9 9 9 2 2 2 2 9 9 9 9 9 2 9 2 2 2 2 2 2 2 2 2
left_child=1 4 -2 7 19 6 -3 -4 9 -7 12 16 13 36 -14 17 -12 18 26 -1 -21 22 23 24 39 -23 27 28 -11 -19 -15 40 33 -17 -20 -16 56 -35 -30 -5 41 42 50 45 -45 53 47 48 -46 -50 51 -27 -53 -43 55 -55 -10
right_child=2 5 3 21 -6 8 -8 -9 10 15 11 -13 14 30 35 32 -18 29 34 20 -22 25 -24 -25 -26 31 -28 -29 38 -31 -32 -33 -34 37 -36 -37 -38 -39 -40 -41 -42 43 -44 44 46 -47 -48 -49 49 -51 -52 52 -54 54 -56 -57 -58
leaf_value=0.093200792221957263 -0.023629000932608793 0.015135192768356613 0.034718240078762334 0.34246953136443603 -0.023918489572501114 -0.021738129150428335 -0.022474789173086259 -0.035885386742268571 0.19116775982509382 0.14804150839242156 0.12653508439740108 -0.055702962652530136 -0.021076048700464721 0.021801223692281168 0.072759126298706497 0.10628502531585735 -0.014197039820809748 -0.0053251004291995979 -0.010639683997910074 0.0011472324117943074 0.80249338196064901 -0.024740338898093014 0.01427827546771461 0.065437268100472207 0.85077755849357017 0.080019177575073666 0.076893423058127436 -0.016567694443922455 0.34201636880088904 0.030284549938508338 -0.0093042036582932277 0.16533202637564134 0.022917336521256715 0.18267778296702583 0.054989589945340631 0.01363951155388079 -0.002364592811115832 0.66858845574631764 0.75659325666015609 -0.080855956463370099 0.24829358548122027 0.011679178199555896 0.0088140545534694543 -0.016350284444674113 -0.017347949878529653 -0.036303138088026259 0.051283570059145502 -0.022575896331535238 0.24077583604990815 0.07120314231989977 0.036946296873499367 0.049122417231378945 0.63602002580905881 0.67188011921507218 -0.012258750726348425 -0.081234484036617149 0.028732524701054335
leaf_weight=24.056436757091433 193.38563055661507 185.5675959684886 34.24592503067106 1.6863715569488702 855.83195141563192 147.54386514588259 670.3906564428471 136.9265134325251 3.4362198049202552 1.3647071784362181 15.728881043847652 102.42331033479422 50.304679232649505 134.02970110205933 77.75640775822103 21.625118087511513 12.704114401945843 231.74094144860283 41.177522065117955 63.029217704664916 0.26788490545004506 97.206724960356951 176.96933425869793 109.1256281719543 0.51065593399107445 32.312049537198618 5.1178524708375335 1.1959542152471838 1.291686666198075 168.08479343820363 1764.7858921354637 5.5680768592283121 21.869602278340608 1.1900653224438418 76.039069663267583 81.574837115127593 191.59944853000343 0.7410477939993142 1.2270932206884024 0.91862777201458801 1.9037644723430265 67.622274556197226 273.66011060844176 101.04803395620547 20.474785308353603 112.74199678073637 117.45903149829246 49.161015131045133 4.1776637877337661 17.476217331830412 167.21468188613653 0.60259154858067521 0.88414727477356791 1.0527386446483427 2.2121646138839424 0.49356168648228038 261.54616590682417
leaf_count=1751 11543 9605 2327 136 74999 6676 40270 8110 232 42 517 7169 1348 6916 1506 624 654 10399 1893 6003 16 5181 6246 3828 37 1346 146 44 27 6925 98468 116 1043 66 3362 2019 9862 25 28 83 47 4085 10540 5898 1209 7155 4952 3889 270 1024 5629 30 38 42 88 35 10864
internal_value=-0.0013518 -0.00459039 0.00842795 0.0125425 -0.0190696 -0.00134586 -0.0142405 -0.0206229 0.00191724 0.0141528 -0.00139175 -0.0340228 0.00026756 -0.00241023 0.0303538 0.0236144 0.0470982 0.0194283 0.0481679 0.0260127 0.0045831 0.0168291 0.0359354 0.0661193 0.301882 0.0113963 0.191214 0.306266 0.40561 0.0102694 -0.00700585 0.0152096 0.0773932 0.127958 0.0357182 0.0450848 0.016494 0.370019 0.544763 0.19328 0.0145044 0.014044 0.0244669 0.00346178 0.0149111 -0.015578 0.0300993 0.00613836 0.0363707 0.103952 0.0443486 0.0940827 0.398822 0.0175949 0.170691 0.431856 0.0297199
internal_weight=6942.28 5215.24 1727.04 1533.65 943.185 4272.06 855.958 171.172 3416.1 720.209 2695.89 130.856 2565.03 2355.4 209.636 572.665 28.433 527.24 127.414 87.3535 63.2971 1362.48 289.211 112.241 3.11566 1073.27 10.1973 5.07944 3.88349 399.826 1898.82 976.065 45.4258 23.5562 117.217 159.331 456.582 1.93111 2.51878 2.605 970.497 968.593 474.674 493.919 309.797 184.123 208.749 91.2897 42.1287 21.6539 201.013 33.7988 1.48674 71.3807 3.75846 1.5463 264.982
internal_count=387383 303499 83884 72341 82769 220730 49875 10437 170855 31300 139555 8340 131215 126342 4873 24624 1171 22866 5542 7770 6019 61904 10330 4084 256 51574 287 141 97 17324 105384 46393 1758 715 5255 3525 20958 91 55 219 46277 46230 17583 28647 17242 11405 11344 6392 2503 1294 7043 1414 68 4250 165 77 11096
cat_boundaries=0 11 23 34 46 57 69 80 92 103 114 125 136 147 158 170 181 192 203 214 225 226 238 249 259 270 281
cat_threshold=25165824 33556484 257 0 2483027972 671089664 400 2048 1041 135530240 8388933 67108864 16 4256 16395 1140850692 134217728 132608 2168488196 65536 704647168 268959744 16 270532608 6144 138444800 671088640 4224 12648768 131584 294918 1073746048 537005056 257 2148007940 8388768 262436 554713089 10248 546398208 33554432 524352 0 0 2147487808 80 67633152 2098692 4194432 168034304 2147483840 536870944 1310720 21626880 9437209 1073741888 8391680 302514177 135266304 65664 0 0 163944 134218304 18645250 3145728 4198400 530432 8 277413888 16777216 256 2048 0 1610810432 0 526336 136314881 524800 4260096 1180928 142606336 12845056 167804930 9216 1107296512 1088 0 336857096 536879108 268435488 16 562036736 0 10752256 2148139008 67108864 1074855936 0 32803 1075838978 570557188 2148139072 10485760 0 262144 0 603981824 0 524352 36864 1024 537001984 2164261120 268435520 33558544 36864 1610744064 1024 212992 276824084 33280 1073743872 304486656 2147483648 268435456 20971520 134218016 131072 0 134414336 8912960 0 1024 538050816 268435456 524288 16777216 16777216 2097152 2147483648 32 1048640 524288 1048584 0 8388612 9437440 4195330 151257088 4 0 65536 0 8391168 1216348185 1310984 256 2163013 40902656 0 2052 2147483648 1107361856 1351090176 513 142606338 268959744 2151677952 64 1052676 4198402 402653185 8 14336 131072 42598912 9443844 1024 135528448 268435972 526370 6422528 37920 8388613 1073873408 4194304 33947652 16810584 0 33554434 4194816 1024 20975616 285212704 128 10240 33792 33554432 2147483648 134221824 134480896 4194305 0 16778240 150994944 8 0 65536 1048576 2155872257 134217728 64 524288 0 20976640 268435456 131080 0 196616 0 13504513 65536 1073741888 1024 9857 276824064 8392708 268698113 536870912 536871168 537002240 64 8392706 1073741825 1075053056 516 8 277872640 8395776 272629760 536871040 536872960 536907784 4194320 4098 1048577 1074791938 8388676 536870912 1024 268697985 655368 67108864 537920520 33554432 2147620864 2098177 1572864 0 4195328 276824320 393216 67108864 1032 37748992 2151680512 134218768 1074791240 2420113408 131072 0 1 0 0 1179680 33554496 9043968 2101376 393480 16843008
is_linear=0
shrinkage=0.08


Tree=38
num_leaves=58
num_cat=30
split_feature=4 2 1 2 5 2 1 2 2 1 2 1 1 14 15 1 17 15 11 6 1 12 2 12 6 1 2 1 2 2 1 0 1 15 2 15 2 1 1 2 15 5 14 20 2 1 14 12 12 10 2 20 13 4 20 20 15
split_gain=27.3067 32.9739 30.9421 37.3568 35.7379 28.1999 24.5851 20.6389 19.0754 18.1162 21.6173 22.2579 16.8542 17.079 16.2597 16.1874 14.5919 15.7625 16.3186 14.05 38.6266 26.8743 30.4755 22.3979 20.6747 41.7774 33.241 24.6592 34.863 26.6663 21.1139 18.8768 16.5035 16.3652 22.2644 21.4124 18.4355 17.8374 15.1846 23.8461 14.9719 14.5217 19.9535 24.7539 14.2242 14.0973 14.0307 19.4959 13.9212 13.9124 13.7778 13.7301 13.727 33.7773 13.6585 29.4922 17.5732
threshold=19.500000000000004 0 1 2 1349.5000000000002 3 4 5 6 7 8 9 10 76.500000000000014 2809.5000000000005 11 0.013924137689173223 605.50000000000011 3.9158385992050175 1.5000000000000002 12 55.500000000000007 13 1058.5000000000002 4.5000000000000009 14 15 16 17 18 19 20 21 2382.5000000000005 22 2318.5000000000005 23 24 25 26 420.50000000000006 400.50000000000006 3.5000000000000004 0.18798604607582095 27 28 3.5000000000000004 160.50000000000003 345.50000000000006 184.50000000000003 29 0.22316742688417437 1.5000000000000002 12.500000000000002 0.26561309397220617 0.27560164034366613 2931.5000000000005
decision_type=2 9 9 9 2 9 9 9 9 9 9 9 9 2 2 9 2 2 2 2 9 2 9 2 2 9 9 9 9 9 9 9 9 2 9 2 9 9 9 9 2 2 2 2 9 9 2 2 2 2 9 2 2 2 2 2 2
left_child=1 15 3 4 -2 -4 7 -3 12 -8 11 -11 -7 46 -15 -1 54 18 -18 20 21 -12 49 24 25 31 -27 28 -26 30 -29 -21 -22 34 -28 37 -37 -36 39 -31 41 -41 43 -43 -33 52 -14 -48 -24 -23 -40 -25 53 -35 -13 56 -56
right_child=2 6 5 -5 -6 8 9 -9 -10 10 19 16 13 14 -16 -17 17 -19 -20 23 32 22 48 51 27 26 33 29 -30 38 -32 44 -34 45 35 36 -38 -39 50 40 -42 42 -44 -45 -46 -47 47 -49 -50 -51 -52 -53 -54 -55 55 -57 -58
leaf_value=0.015981717538222185 0.025707209032597073 0.012681348542949198 -0.029658229225256905 -0.044529011373623945 0.69465588907922426 -0.017441116579329913 0.019354137158927739 -0.027181784119485214 0.0075107020596710461 -0.015430719629590466 0.1000696019092822 0.074376575136033435 0.091380565982216555 0.095324131162022013 0.3934928720300358 -0.023061769576810501 0.57705098559702772 0.024740127638539802 0.11775637645477728 0.063686571764405522 0.015862684895751794 0.029034412253075872 0.029807015951503521 0.49216021537427168 0.052340150627529357 0.043178867204973069 0.0098463817630104686 -0.010728254131280861 -0.023992790694502997 -0.033261024420358158 0.021228092118626564 0.02811890338145873 -0.020869631131249674 -0.080828553127440514 0.013942897716850098 0.054478752473133579 -0.037336789856360901 -0.042936764843501826 0.026704487527746932 0.32596861502427371 0.019749475647330993 -0.080424057854165495 -0.0094746708666785615 0.71336236136295694 -0.021483380306993927 -0.044892994103058942 0.058323965023904391 0.01704850582220083 -0.032064828797603424 0.082361369642687865 -0.024150637262027257 0.1060056726381869 0.032365584621560368 0.76847939349315553 1.133619617533874 0.10840567826936612 0.33261137023309489
leaf_weight=71.265661380020902 62.76734582381323 103.5078290537931 91.805240710498765 134.95245148870163 0.51180509710684319 46.133512563072145 298.63634936953895 369.49675089074299 963.36306414892897 64.504451239481568 29.176247815135866 27.508733111433688 22.82350553618744 9.4350580237805826 1.3335758647881437 690.89904713374563 0.6004575034603471 118.9813733077608 2.763258287217468 39.621833243407309 102.02035046741366 176.63261795509607 32.409829485695809 0.83038698835298363 33.580694539006799 39.348509584087878 137.14425683883019 163.72570630256087 386.06437018257566 56.1222217194736 626.37430756422691 65.914955280721188 269.3220097576268 0.63768746936693677 40.932428689673543 26.516861772397533 15.410293069668112 261.11291800951585 31.694004900986329 1.9237223346717645 154.70839190576226 0.42951145349070408 4.157550101634115 0.60068645793944597 62.706285467138514 264.1245785872452 96.21819251193665 306.64359193760902 82.541945155244321 38.055414827540517 303.66177416266873 2.0186563530005515 10.551484298892317 0.56089531304314733 0.3256899425759906 2.1024267487227917 0.38399521866813302
leaf_count=7057 4344 5117 4791 12231 48 2571 14776 25448 39877 3983 823 2682 785 186 39 54987 14 5639 111 2308 4026 4899 1439 34 1451 2675 7613 7099 16598 2537 27494 3964 11958 55 3451 1449 1287 20043 2058 32 6668 41 135 45 3766 28156 4426 14669 3520 1221 16170 53 1178 38 18 184 43
internal_value=-0.00109737 -0.00399201 0.00759262 -0.0215291 0.0269045 0.0114125 -0.00133191 -0.0183765 0.014206 0.000736608 -0.000823528 0.0230879 0.0271475 0.0321458 0.132365 -0.0192513 0.0393109 0.0295715 0.200262 -0.0023863 0.00746415 0.0257645 0.0199684 -0.00502916 -0.00526347 -0.0146797 -0.0221903 -0.000111707 -0.0168081 0.00519035 0.0145547 0.0209438 -0.0106266 -0.0261071 -0.0175446 -0.0279396 0.0248199 -0.0361884 -0.0082028 0.00807673 0.0235152 0.138438 0.0687243 0.383269 0.00413124 -0.0419856 0.0303646 0.026907 -0.0134501 0.0367754 -0.0187101 0.219023 0.0332603 0.317704 0.0915651 0.259404 0.703991
internal_weight=6947.6 5211.61 1735.99 198.232 63.2792 1537.76 4449.44 473.005 1445.95 3976.44 3677.8 217.17 482.587 436.454 10.7686 762.165 152.666 122.345 3.36372 3460.63 730.158 358.816 329.64 2730.47 2727.63 964.583 796.34 1763.04 419.645 1343.4 790.1 168.243 371.342 756.991 481.117 343.973 41.9272 302.045 553.298 217.942 161.82 7.11147 5.18775 1.0302 128.621 275.875 425.685 402.862 114.952 214.688 335.356 2.84904 11.7501 1.19858 30.3208 2.81211 0.709685
internal_count=388310 304343 83967 16623 4392 67344 242299 30565 62553 211734 196958 12674 22676 20105 225 62044 8691 5764 125 184284 27886 11902 11079 156398 156311 75983 65945 80328 18049 62279 34593 10038 15984 63270 33843 26230 2736 23494 27686 9458 6921 253 221 86 7730 29427 19880 19095 4959 6120 18228 87 1271 93 2927 245 61
cat_boundaries=0 11 22 32 43 54 66 77 88 99 110 121 132 143 155 166 178 188 199 210 221 222 233 244 254 266 277 288 298 308 318
cat_threshold=8388608 33556484 262402 2097152 335554560 134218752 34078976 524801 1073742865 134223104 66305 2097408 3072 138412033 537919616 67121152 138412032 67764224 397312 1149239456 1610612744 2147483905 277413888 128 16777472 42076160 268435456 1744969800 0 268699713 136315912 1073743936 17301568 0 8392704 536873101 2147483776 1073745984 1342177280 295244 0 1509953536 32 67108864 32768 4640 10749952 2148532480 805437440 138412032 2169504800 1048592 136315968 8390144 2415919360 16777216 2097169 50331648 0 200712 8388672 2148667648 136314880 536872962 525312 64 256 4 406848256 0 805306368 537003008 1048576 9046016 1140850704 1312520 66305 35655681 0 4194304 536903940 536870912 1082232832 76152832 262144 1145044994 2181040168 285212672 66560 0 12603424 536870914 5120 1107296256 8388608 21233800 3407872 33554436 32 268451840 20975616 16777600 8 67108864 5243936 34603264 4096 134217736 131584 4194305 268451840 5242884 256 8 1073741824 33792 8388608 32777 1 3584 65536 2148007936 8389632 32 16793856 12320 8512 0 1048576 1040 1073750018 5632 277889024 2165309444 151060608 1073872904 6148 288 96 8388609 8388744 0 2148008260 269484032 2147487744 16777344 33947648 536870912 196640 1048640 9443332 134221832 1611661312 268959748 8 2147614816 4198914 262210 1073741826 3080 16384 320 512 572526592 1140855296 4097 133184 5243408 2097152 1605632 416 8388608 134484000 139280 67176448 270671872 25165824 16 2147633216 139463170 262144 1107296264 276830208 16392 4192 8389121 2101376 1073741824 0 1210056704 0 134217732 2147483648 96 8704 32768 134221856 512 1092 18481157 16778240 419430529 164104 0 536903688 4 8388642 8 262144 273157120 16777216 2147487744 16859137 2148533378 1073742976 0 33555712 663554 8454153 128 2149195776 1922 4 216006656 8388931 2148532224 1152 1048584 269485568 640 2097152 1074266884 4390912 3670016 1166021632 32768 3389276169 1073741824 272703752 67109952 0 0 2 268435524 0 0 268435584 131072 0 536870944 1048576 8388608 134217736 1073742336 16777478 33685536 0 134758529 276824068 0 33558544 36864 1025 5373952 65792 8 16777216 2155876352 285212677 1048577 67108864 256 2181038208 561218 8520713 1179648 2148010240 20480 1078071298 32768 132 3758096384 73728 268440064 1179648 142606368 1075838976 134348864 1048576 12587008 134217857 8 0 537067552 1048640 2048 142606336 1048640 2048 142608400 256 1048704 67108864 64 144 0 0 536870914 2117632 0 65536 2147483652 536870912 4096 4195840 1048640 16777248 1075838976
is_linear=0
shrinkage=0.08


end of trees

feature_importances:
days_to_holiday=411
origin=331
dest=329
carrier_sched_day=315
day_of_week=171
origin_sched_deps_day=117
te_flight_cancel=66
te_carrier_origin_cancel=63
crs_dep_min_of_day=61
te_route_cancel=60
dest_sched_arrs_hour=49
sched_speed_mpm=35
origin_sched_deps_hour=34
te_flight_delay=30
carrier=28
te_carrier_origin_delay=28
distance_mi=22
crs_elapsed_min=22
te_route_delay=21
arr_hour=20
dep_hour=5
is_weekend=5

parameters:
[boosting: gbdt]
[objective: binary]
[metric: average_precision]
[tree_learner: serial]
[device_type: cpu]
[data_sample_strategy: bagging]
[data: ]
[valid: ]
[num_iterations: 39]
[learning_rate: 0.08]
[num_leaves: 58]
[num_threads: 8]
[seed: 42]
[deterministic: 0]
[force_col_wise: 0]
[force_row_wise: 0]
[histogram_pool_size: -1]
[max_depth: -1]
[min_data_in_leaf: 26]
[min_sum_hessian_in_leaf: 0.001]
[bagging_fraction: 0.776061]
[pos_bagging_fraction: 1]
[neg_bagging_fraction: 1]
[bagging_freq: 1]
[bagging_seed: 400]
[bagging_by_query: 0]
[feature_fraction: 0.842117]
[feature_fraction_bynode: 1]
[feature_fraction_seed: 30056]
[extra_trees: 0]
[extra_seed: 12879]
[early_stopping_round: 0]
[early_stopping_min_delta: 0]
[first_metric_only: 0]
[max_delta_step: 0]
[lambda_l1: 0]
[lambda_l2: 0.00351868]
[linear_lambda: 0]
[min_gain_to_split: 0]
[drop_rate: 0.1]
[max_drop: 50]
[skip_drop: 0.5]
[xgboost_dart_mode: 0]
[uniform_drop: 0]
[drop_seed: 17869]
[top_rate: 0.2]
[other_rate: 0.1]
[min_data_per_group: 100]
[max_cat_threshold: 32]
[cat_l2: 10]
[cat_smooth: 22.0399]
[max_cat_to_onehot: 8]
[top_k: 20]
[monotone_constraints: ]
[monotone_constraints_method: basic]
[monotone_penalty: 0]
[feature_contri: ]
[forcedsplits_filename: ]
[refit_decay_rate: 0.9]
[cegb_tradeoff: 1]
[cegb_penalty_split: 0]
[cegb_penalty_feature_lazy: ]
[cegb_penalty_feature_coupled: ]
[path_smooth: 0]
[interaction_constraints: ]
[verbosity: -1]
[saved_feature_importance_type: 0]
[use_quantized_grad: 0]
[num_grad_quant_bins: 4]
[quant_train_renew_leaf: 0]
[stochastic_rounding: 1]
[linear_tree: 0]
[max_bin: 255]
[max_bin_by_feature: ]
[min_data_in_bin: 3]
[bin_construct_sample_cnt: 200000]
[data_random_seed: 175]
[is_enable_sparse: 1]
[enable_bundle: 1]
[use_missing: 1]
[zero_as_missing: 0]
[feature_pre_filter: 1]
[pre_partition: 0]
[two_round: 0]
[header: 0]
[label_column: ]
[weight_column: ]
[group_column: ]
[ignore_column: ]
[categorical_feature: 0,1,2]
[forcedbins_filename: ]
[precise_float_parser: 0]
[parser_config_file: ]
[objective_seed: 16083]
[num_class: 1]
[is_unbalance: 0]
[scale_pos_weight: 1]
[sigmoid: 1]
[boost_from_average: 1]
[reg_sqrt: 0]
[alpha: 0.9]
[fair_c: 1]
[poisson_max_delta_step: 0.7]
[tweedie_variance_power: 1.5]
[lambdarank_truncation_level: 30]
[lambdarank_norm: 1]
[label_gain: ]
[lambdarank_position_bias_regularization: 0]
[eval_at: ]
[multi_error_top_k: 1]
[auc_mu_weights: ]
[num_machines: 1]
[local_listen_port: 12400]
[time_out: 120]
[machine_list_filename: ]
[machines: ]
[gpu_platform_id: -1]
[gpu_device_id: -1]
[gpu_device_id_list: ]
[gpu_use_dp: 0]
[num_gpu: 1]

end of parameters

pandas_categorical:[["AA", "AS", "B6", "DL", "F9", "G4", "HA", "MQ", "NK", "OH", "OO", "UA", "WN", "YX"], ["ABE", "ABI", "ABQ", "ABR", "ABY", "ACK", "ACT", "ACV", "ACY", "ADK", "ADQ", "AEX", "AGS", "AKN", "ALB", "ALO", "AMA", "ANC", "APN", "ASE", "ATL", "ATW", "ATY", "AUS", "AVL", "AVP", "AZA", "AZO", "BDL", "BET", "BFF", "BFL", "BGM", "BGR", "BHM", "BIH", "BIL", "BIS", "BJI", "BLI", "BLV", "BMI", "BNA", "BOI", "BOS", "BPT", "BQK", "BQN", "BRD", "BRO", "BRW", "BTM", "BTR", "BTV", "BUF", "BUR", "BWI", "BZN", "CAE", "CAK", "CDC", "CDV", "CHA", "CHO", "CHS", "CID", "CIU", "CKB", "CLD", "CLE", "CLL", "CLT", "CMH", "CMI", "CMX", "COD", "COS", "COU", "CPR", "CRP", "CRW", "CSG", "CVG", "CWA", "CYS", "DAB", "DAL", "DAY", "DCA", "DDC", "DEC", "DEN", "DFW", "DHN", "DIK", "DLG", "DLH", "DRO", "DSM", "DTW", "DVL", "EAR", "EAU", "ECP", "EGE", "EKO", "ELM", "ELP", "ERI", "ESC", "EUG", "EVV", "EWN", "EWR", "EYW", "FAI", "FAR", "FAT", "FAY", "FCA", "FLG", "FLL", "FMN", "FNT", "FOD", "FSD", "FSM", "FWA", "GCC", "GCK", "GEG", "GFK", "GGG", "GJT", "GNV", "GPT", "GRB", "GRI", "GRK", "GRR", "GSO", "GSP", "GST", "GTF", "GTR", "GUC", "GUF", "GUM", "HDN", "HEZ", "HGR", "HHH", "HIB", "HLN", "HNL", "HOB", "HOU", "HPN", "HRL", "HSV", "HTS", "HYA", "HYS", "IAD", "IAG", "IAH", "ICT", "IDA", "ILM", "IMT", "IND", "INL", "ISP", "ITO", "JAC", "JAN", "JAX", "JFK", "JLN", "JMS", "JNU", "JST", "KOA", "KTN", "LAF", "LAN", "LAR", "LAS", "LAW", "LAX", "LBB", "LBE", "LBF", "LBL", "LCH", "LCK", "LEX", "LFT", "LGA", "LGB", "LIH", "LIT", "LNK", "LNS", "LRD", "LSE", "LWB", "LWS", "LYH", "MAF", "MBS", "MCI", "MCO", "MCW", "MDT", "MDW", "MEI", "MEM", "MFE", "MFR", "MGM", "MGW", "MHK", "MHT", "MIA", "MKE", "MLB", "MLI", "MLU", "MOB", "MOT", "MQT", "MRY", "MSN", "MSO", "MSP", "MSY", "MTJ", "MVY", "MYR", "OAJ", "OAK", "OGG", "OKC", "OMA", "OME", "ONT", "ORD", "ORF", "ORH", "OTH", "OTZ", "PAE", "PAH", "PBG", "PBI", "PDX", "PGD", "PHF", "PHL", "PHX", "PIA", "PIB", "PIE", "PIH", "PIR", "PIT", "PLN", "PNS", "PPG", "PQI", "PRC", "PSC", "PSE", "PSG", "PSM", "PSP", "PVD", "PVU", "PWM", "RAP", "RDD", "RDM", "RDU", "RFD", "RHI", "RIC", "RIW", "RKS", "RNO", "ROA", "ROC", "ROW", "RST", "RSW", "SAF", "SAN", "SAT", "SAV", "SBA", "SBN", "SBP", "SCC", "SCE", "SCK", "SDF", "SEA", "SFB", "SFO", "SGF", "SGU", "SHD", "SHR", "SHV", "SIT", "SJC", "SJT", "SJU", "SLC", "SLN", "SMF", "SMX", "SNA", "SPI", "SPN", "SPS", "SRQ", "STC", "STL", "STS", "STT", "STX", "SUN", "SUX", "SWF", "SWO", "SYR", "TLH", "TOL", "TPA", "TRI", "TTN", "TUL", "TUS", "TVC", "TWF", "TXK", "TYR", "TYS", "USA", "VCT", "VPS", "VRB", "WRG", "WYS", "XNA", "XWA", "YAK", "YUM"], ["ABE", "ABI", "ABQ", "ABR", "ABY", "ACK", "ACT", "ACV", "ACY", "ADK", "ADQ", "AEX", "AGS", "AKN", "ALB", "ALO", "AMA", "ANC", "APN", "ASE", "ATL", "ATW", "ATY", "AUS", "AVL", "AVP", "AZA", "AZO", "BDL", "BET", "BFF", "BFL", "BGM", "BGR", "BHM", "BIH", "BIL", "BIS", "BJI", "BLI", "BLV", "BMI", "BNA", "BOI", "BOS", "BPT", "BQK", "BQN", "BRD", "BRO", "BRW", "BTM", "BTR", "BTV", "BUF", "BUR", "BWI", "BZN", "CAE", "CAK", "CDC", "CDV", "CHA", "CHO", "CHS", "CID", "CIU", "CKB", "CLD", "CLE", "CLL", "CLT", "CMH", "CMI", "CMX", "COD", "COS", "COU", "CPR", "CRP", "CRW", "CSG", "CVG", "CWA", "CYS", "DAB", "DAL", "DAY", "DCA", "DDC", "DEC", "DEN", "DFW", "DHN", "DIK", "DLG", "DLH", "DRO", "DSM", "DTW", "DVL", "EAR", "EAU", "ECP", "EGE", "EKO", "ELM", "ELP", "ERI", "ESC", "EUG", "EVV", "EWN", "EWR", "EYW", "FAI", "FAR", "FAT", "FAY", "FCA", "FLG", "FLL", "FMN", "FNT", "FOD", "FSD", "FSM", "FWA", "GCC", "GCK", "GEG", "GFK", "GGG", "GJT", "GNV", "GPT", "GRB", "GRI", "GRK", "GRR", "GSO", "GSP", "GST", "GTF", "GTR", "GUC", "GUF", "GUM", "HDN", "HEZ", "HGR", "HHH", "HIB", "HLN", "HNL", "HOB", "HOU", "HPN", "HRL", "HSV", "HTS", "HYA", "HYS", "IAD", "IAG", "IAH", "ICT", "IDA", "ILM", "IMT", "IND", "INL", "ISP", "ITO", "JAC", "JAN", "JAX", "JFK", "JLN", "JMS", "JNU", "JST", "KOA", "KTN", "LAF", "LAN", "LAR", "LAS", "LAW", "LAX", "LBB", "LBE", "LBF", "LBL", "LCH", "LCK", "LEX", "LFT", "LGA", "LGB", "LIH", "LIT", "LNK", "LNS", "LRD", "LSE", "LWB", "LWS", "LYH", "MAF", "MBS", "MCI", "MCO", "MCW", "MDT", "MDW", "MEI", "MEM", "MFE", "MFR", "MGM", "MGW", "MHK", "MHT", "MIA", "MKE", "MLB", "MLI", "MLU", "MOB", "MOT", "MQT", "MRY", "MSN", "MSO", "MSP", "MSY", "MTJ", "MVY", "MYR", "OAJ", "OAK", "OGG", "OKC", "OMA", "OME", "ONT", "ORD", "ORF", "ORH", "OTH", "OTZ", "PAE", "PAH", "PBG", "PBI", "PDX", "PGD", "PHF", "PHL", "PHX", "PIA", "PIB", "PIE", "PIH", "PIR", "PIT", "PLN", "PNS", "PPG", "PQI", "PRC", "PSC", "PSE", "PSG", "PSM", "PSP", "PVD", "PVU", "PWM", "RAP", "RDD", "RDM", "RDU", "RFD", "RHI", "RIC", "RIW", "RKS", "RNO", "ROA", "ROC", "ROW", "RST", "RSW", "SAF", "SAN", "SAT", "SAV", "SBA", "SBN", "SBP", "SCC", "SCE", "SCK", "SDF", "SEA", "SFB", "SFO", "SGF", "SGU", "SHD", "SHR", "SHV", "SIT", "SJC", "SJT", "SJU", "SLC", "SLN", "SMF", "SMX", "SNA", "SPI", "SPN", "SPS", "SRQ", "STC", "STL", "STS", "STT", "STX", "SUN", "SUX", "SWF", "SWO", "SYR", "TLH", "TOL", "TPA", "TRI", "TTN", "TUL", "TUS", "TVC", "TWF", "TXK", "TYR", "TYS", "USA", "VCT", "VPS", "VRB", "WRG", "WYS", "XNA", "XWA", "YAK", "YUM"]]
